M omega,Re(tilde_Psi_4),Im(tilde_Psi_4)
-4.0,-1.5480611126415591e-21,1.4957378118582314e-21
-3.999,-1.5686598911370676e-21,1.5143925728540716e-21
-3.998,-1.5895323986013763e-21,1.5332790760354403e-21
-3.997,-1.6106822675068624e-21,1.5524001874136261e-21
-3.996,-1.6321131784607754e-21,1.5717588082644455e-21
-3.995,-1.653828860842125e-21,1.5913578755596192e-21
-3.994,-1.6758330934469848e-21,1.6112003624033887e-21
-3.993,-1.69812970514232e-21,1.6312892784744367e-21
-3.992,-1.7207225755284507e-21,1.6516276704731764e-21
-3.991,-1.743615635610269e-21,1.6722186225744727e-21
-3.99,-1.7668128684773187e-21,1.693065256885863e-21
-3.989,-1.7903183099928615e-21,1.7141707339113413e-21
-3.988,-1.814136049492042e-21,1.7355382530207746e-21
-3.987,-1.838270230489279e-21,1.757171052925018e-21
-3.986,-1.8627250513949923e-21,1.7790724121567996e-21
-3.985,-1.8875047662418053e-21,1.80124564955744e-21
-3.984,-1.9126136854203316e-21,1.823694124769483e-21
-3.983,-1.938056176424683e-21,1.846421238735301e-21
-3.982,-1.9638366646078226e-21,1.869430434201758e-21
-3.981,-1.9899596339468934e-21,1.892725196230987e-21
-3.98,-2.0164296278186545e-21,1.9163090527173734e-21
-3.979,-2.0432512497851576e-21,1.9401855749108057e-21
-3.978,-2.0704291643897985e-21,1.9643583779462747e-21
-3.977,-2.0979680979638836e-21,1.988831121379898e-21
-3.976,-2.125872839443842e-21,2.013607509731442e-21
-3.975,-2.154148241199236e-21,2.0386912930334275e-21
-3.974,-2.182799219871698e-21,2.0640862673868917e-21
-3.973,-2.2118307572249495e-21,2.0897962755238865e-21
-3.972,-2.2412479010060445e-21,2.115825207376801e-21
-3.971,-2.27105576581798e-21,2.142177000654582e-21
-3.97,-2.301259534003834e-21,2.16885564142594e-21
-3.969,-2.3318644565425705e-21,2.195865164709624e-21
-3.968,-2.3628758539566786e-21,2.2232096550718475e-21
-3.967,-2.3942991172317896e-21,2.2508932472309588e-21
-3.966,-2.426139708748437e-21,2.2789201266694307e-21
-3.965,-2.4584031632261186e-21,2.307294530253272e-21
-3.964,-2.49109508867982e-21,2.336020746858934e-21
-3.963,-2.5242211673891684e-21,2.3651031180078193e-21
-3.962,-2.557787156880377e-21,2.3945460385084684e-21
-3.961,-2.591798890921154e-21,2.424353957106527e-21
-3.96,-2.626262280528746e-21,2.4545313771425826e-21
-3.959,-2.6611833149912852e-21,2.4850828572179636e-21
-3.958,-2.6965680629026196e-21,2.5160130118686046e-21
-3.957,-2.732422673210804e-21,2.547326512247063e-21
-3.956,-2.768753376280429e-21,2.5790280868127927e-21
-3.955,-2.805566484968971e-21,2.611122522030774e-21
-3.954,-2.842868395717353e-21,2.6436146630785935e-21
-3.953,-2.880665589654892e-21,2.6765094145620848e-21
-3.952,-2.9189646337188387e-21,2.709811741239623e-21
-3.951,-2.9577721817886838e-21,2.7435266687551844e-21
-3.95,-2.9970949758354417e-21,2.777659284380272e-21
-3.949,-3.0369398470860984e-21,2.8122147377648155e-21
-3.948,-3.0773137172034273e-21,2.8471982416971517e-21
-3.947,-3.1182235994813732e-21,2.8826150728731956e-21
-3.946,-3.1596766000562155e-21,2.918470572674911e-21
-3.945,-3.2016799191337082e-21,2.9547701479581932e-21
-3.944,-3.2442408522324196e-21,2.9915192718502766e-21
-3.943,-3.287366791443473e-21,3.0287234845567794e-21
-3.942,-3.3310652267069123e-21,3.0663883941785036e-21
-3.941,-3.3753437471049115e-21,3.104519677538105e-21
-3.94,-3.4202100421720435e-21,3.1431230810167535e-21
-3.939,-3.4656719032228396e-21,3.1822044214009003e-21
-3.938,-3.511737224696865e-21,3.221769586739275e-21
-3.937,-3.558414005521541e-21,3.2618245372102373e-21
-3.936,-3.605710350492948e-21,3.3023753059996014e-21
-3.935,-3.653634471674841e-21,3.343428000189064e-21
-3.934,-3.702194689816132e-21,3.3849888016553605e-21
-3.933,-3.75139943578706e-21,3.427063967980276e-21
-3.932,-3.801257252034322e-21,3.469659833371645e-21
-3.931,-3.851776794055389e-21,3.5127828095954705e-21
-3.93,-3.9029668318922695e-21,3.556439386919288e-21
-3.929,-3.9548362516449936e-21,3.600636135066922e-21
-3.928,-4.007394057005039e-21,3.645379704184759e-21
-3.927,-4.0606493708090055e-21,3.6906768258196865e-21
-3.926,-4.114611436612767e-21,3.736534313908822e-21
-3.925,-4.169289620286399e-21,3.782959065781186e-21
-3.924,-4.224693411630131e-21,3.829958063171464e-21
-3.923,-4.2808324260116284e-21,3.8775383732459815e-21
-3.922,-4.3377164060248524e-21,3.925707149641065e-21
-3.921,-4.395355223170811e-21,3.974471633513918e-21
-3.92,-4.45375887956047e-21,4.023839154606167e-21
-3.919,-4.5129375096401274e-21,4.073817132320231e-21
-3.918,-4.572901381939537e-21,4.124413076808664e-21
-3.917,-4.6336609008430935e-21,4.175634590076633e-21
-3.916,-4.695226608384364e-21,4.2274893670976705e-21
-3.915,-4.757609186064299e-21,4.279985196942888e-21
-3.914,-4.8208194566934044e-21,4.3331299639237786e-21
-3.913,-4.88486838625822e-21,4.386931648748803e-21
-3.912,-4.949767085812397e-21,4.4413983296938965e-21
-3.911,-5.015526813392723e-21,4.496538183787079e-21
-3.91,-5.0821589759604015e-21,4.552359488007331e-21
-3.909,-5.149675131367933e-21,4.608870620497906e-21
-3.908,-5.21808699035193e-21,4.666080061794255e-21
-3.907,-5.287406418552206e-21,4.7239963960667276e-21
-3.906,-5.357645438557481e-21,4.78262831237824e-21
-3.905,-5.428816231978066e-21,4.8419846059570754e-21
-3.904,-5.500931141545868e-21,4.902074179485001e-21
-3.903,-5.5740026732420775e-21,4.962906044400897e-21
-3.902,-5.64804349845292e-21,5.0244893222200534e-21
-3.901,-5.723066456153806e-21,5.086833245869357e-21
-3.9,-5.799084555122293e-21,5.1499471610385265e-21
-3.899,-5.876110976180208e-21,5.2138405275476054e-21
-3.898,-5.954159074465327e-21,5.278522920730903e-21
-3.897,-6.0332423817330076e-21,5.344004032837573e-21
-3.896,-6.113374608688149e-21,5.4102936744490366e-21
-3.895,-6.194569647347898e-21,5.477401775913441e-21
-3.894,-6.276841573435493e-21,5.545338388797369e-21
-3.893,-6.360204648805661e-21,5.614113687354985e-21
-3.892,-6.444673323901987e-21,5.683737970014856e-21
-3.891,-6.530262240246661e-21,5.754221660884617e-21
-3.89,-6.616986232963049e-21,5.825575311273731e-21
-3.889,-6.704860333331505e-21,5.897809601234538e-21
-3.888,-6.793899771378863e-21,5.970935341121814e-21
-3.887,-6.884119978502063e-21,6.044963473171064e-21
-3.886,-6.975536590126347e-21,6.119905073095763e-21
-3.885,-7.06816544839848e-21,6.195771351703789e-21
-3.884,-7.162022604915476e-21,6.2725736565332506e-21
-3.883,-7.257124323489266e-21,6.350323473507956e-21
-3.882,-7.353487082947805e-21,6.429032428612761e-21
-3.881,-7.451127579973091e-21,6.508712289589013e-21
-3.88,-7.550062731976567e-21,6.589374967650348e-21
-3.879,-7.650309680012423e-21,6.671032519219075e-21
-3.878,-7.75188579172928e-21,6.753697147683391e-21
-3.877,-7.854808664360756e-21,6.837381205175679e-21
-3.876,-7.959096127755449e-21,6.922097194372124e-21
-3.875,-8.064766247446822e-21,7.007857770313939e-21
-3.874,-8.171837327763545e-21,7.09467574225039e-21
-3.873,-8.280327914980815e-21,7.18256407550396e-21
-3.872,-8.390256800513175e-21,7.271535893357848e-21
-3.871,-8.50164302414942e-21,7.3616044789661e-21
-3.87,-8.614505877330093e-21,7.452783277286633e-21
-3.869,-8.728864906468174e-21,7.545085897037437e-21
-3.868,-8.844739916313497e-21,7.638526112676188e-21
-3.867,-8.962150973361499e-21,7.73311786640362e-21
-3.866,-9.081118409306855e-21,7.82887527019085e-21
-3.865,-9.20166282454262e-21,7.925812607831032e-21
-3.864,-9.323805091705442e-21,8.023944337015542e-21
-3.863,-9.447566359267488e-21,8.123285091435057e-21
-3.862,-9.572968055175661e-21,8.223849682905768e-21
-3.861,-9.700031890538763e-21,8.325653103521064e-21
-3.86,-9.828779863363206e-21,8.428710527828962e-21
-3.859,-9.959234262337938e-21,8.533037315035604e-21
-3.858,-1.0091417670669193e-20,8.638649011235116e-21
-3.857,-1.0225352969965769e-20,8.74556135166616e-21
-3.856,-1.0361063344175443e-20,8.853790262995478e-21
-3.855,-1.0498572283573245e-20,8.963351865628743e-21
-3.854,-1.0637903588802245e-20,9.074262476049072e-21
-3.853,-1.0779081374967538e-20,9.186538609183485e-21
-3.852,-1.092213007578416e-20,9.300196980797676e-21
-3.851,-1.10670744477796e-20,9.415254509919404e-21
-3.85,-1.1213939574551656e-20,9.531728321290869e-21
-3.849,-1.1362750871082358e-20,9.64963574785039e-21
-3.848,-1.151353408810868e-20,9.768994333243745e-21
-3.847,-1.1666315316550803e-20,9.88982183436553e-21
-3.846,-1.1821120991998683e-20,1.001213622393087e-20
-3.845,-1.1977977899257676e-20,1.0135955693077862e-20
-3.844,-1.2136913176954026e-20,1.0261298654001096e-20
-3.843,-1.2297954322200957e-20,1.0388183742616651e-20
-3.842,-1.2461129195326222e-20,1.0516629821258882e-20
-3.841,-1.262646602466186e-20,1.0646655981409441e-20
-3.84,-1.2793993411397025e-20,1.0778281546458851e-20
-3.839,-1.296374033449468e-20,1.091152607450107e-20
-3.838,-1.3135736155673024e-20,1.1046409361161389e-20
-3.837,-1.3310010624452487e-20,1.118295144245809e-20
-3.836,-1.3486593883269141e-20,1.1321172597698242e-20
-3.835,-1.366551647265544e-20,1.1461093352408054e-20
-3.834,-1.384680933648913e-20,1.1602734481298175e-20
-3.833,-1.4030503827311256e-20,1.1746117011264364e-20
-3.832,-1.4216631711714146e-20,1.1891262224423953e-20
-3.831,-1.440522517580033e-20,1.2038191661188505e-20
-3.83,-1.459631683071327e-20,1.2186927123373112e-20
-3.829,-1.478993971824092e-20,1.2337490677342753e-20
-3.828,-1.4986127316492977e-20,1.2489904657196161e-20
-3.827,-1.518491354565289e-20,1.2644191667987627e-20
-3.826,-1.5386332773805535e-20,1.2800374588987192e-20
-3.825,-1.559041982284158e-20,1.2958476576979691e-20
-3.824,-1.5797209974439564e-20,1.3118521069603082e-20
-3.823,-1.6006738976126657e-20,1.3280531788726546e-20
-3.822,-1.6219043047419202e-20,1.3444532743868816e-20
-3.821,-1.6434158886044033e-20,1.3610548235657207e-20
-3.82,-1.6652123674241655e-20,1.3778602859327828e-20
-3.819,-1.687297508515235e-20,1.394872150826745e-20
-3.818,-1.709675128928633e-20,1.4120929377597554e-20
-3.817,-1.7323490961078966e-20,1.429525196780101e-20
-3.816,-1.755323328553231e-20,1.4471715088391903e-20
-3.815,-1.7786017964943972e-20,1.4650344861629054e-20
-3.814,-1.802188522572449e-20,1.4831167726273668e-20
-3.813,-1.8260875825304447e-20,1.501421044139171e-20
-3.812,-1.8503031059132378e-20,1.5199500090201473e-20
-3.811,-1.87483927677648e-20,1.538706408396692e-20
-3.81,-1.8997003344049445e-20,1.557693016593729e-20
-3.809,-1.9248905740403038e-20,1.5769126415333528e-20
-3.808,-1.9504143476184743e-20,1.5963681251382125e-20
-3.807,-1.9762760645166655e-20,1.616062343739686e-20
-3.806,-2.00248019231025e-20,1.635998208490905e-20
-3.805,-2.0290312575395916e-20,1.656178665784686e-20
-3.804,-2.0559338464869576e-20,1.6766066976764283e-20
-3.803,-2.083192605963649e-20,1.6972853223120302e-20
-3.802,-2.1108122441074828e-20,1.7182175943608878e-20
-3.801,-2.138797531190763e-20,1.7394066054540365e-20
-3.8,-2.1671533004388757e-20,1.760855484627492e-20
-3.799,-2.19588444885965e-20,1.7825673987708525e-20
-3.798,-2.224995938083627e-20,1.8045455530812256e-20
-3.797,-2.2544927952153746e-20,1.8267931915225422e-20
-3.796,-2.284380113695999e-20,1.8493135972903168e-20
-3.795,-2.3146630541769995e-20,1.8721100932819233e-20
-3.794,-2.345346845405609e-20,1.895186042572446e-20
-3.793,-2.3764367851217785e-20,1.9185448488961764e-20
-3.792,-2.4079382409669576e-20,1.942189957133815e-20
-3.791,-2.4398566514048168e-20,1.966124853805451e-20
-3.79,-2.472197526654083e-20,1.9903530675693853e-20
-3.789,-2.5049664496336333e-20,2.0148781697268636e-20
-3.788,-2.5381690769200178e-20,2.0397037747327906e-20
-3.787,-2.571811139717568e-20,2.064833540712496e-20
-3.786,-2.6058984448412603e-20,2.090271169984619e-20
-3.785,-2.640436875712499e-20,2.1160204095901886e-20
-3.784,-2.6754323933679906e-20,2.1420850518279674e-20
-3.783,-2.71089103748188e-20,2.1684689347961332e-20
-3.782,-2.7468189274013193e-20,2.1951759429403757e-20
-3.781,-2.783222263195657e-20,2.2222100076084757e-20
-3.78,-2.820107326719408e-20,2.2495751076114535e-20
-3.779,-2.8574804826892023e-20,2.2772752697913508e-20
-3.778,-2.895348179774885e-20,2.305314569595735e-20
-3.777,-2.933716951704961e-20,2.333697131658994e-20
-3.776,-2.972593418386563e-20,2.3624271303905108e-20
-3.775,-3.011984287040145e-20,2.3915087905697893e-20
-3.774,-3.051896353349081e-20,2.4209463879486173e-20
-3.773,-3.0923365026243793e-20,2.4507442498603493e-20
-3.772,-3.1333117109846994e-20,2.480906755836387e-20
-3.771,-3.1748290465518737e-20,2.5114383382299484e-20
-3.77,-3.2168956706621433e-20,2.542343482847204e-20
-3.769,-3.259518839093309e-20,2.5736267295858715e-20
-3.768,-3.302705903308006e-20,2.6052926730813493e-20
-3.767,-3.3464643117133186e-20,2.6373459633604856e-20
-3.766,-3.390801610936939e-20,2.6697913065030617e-20
-3.765,-3.4357254471201026e-20,2.7026334653110875e-20
-3.764,-3.4812435672275066e-20,2.7358772599859967e-20
-3.763,-3.527363820374435e-20,2.769527568813834e-20
-3.762,-3.5740941591713304e-20,2.803589328858524e-20
-3.761,-3.621442641086017e-20,2.838067536663327e-20
-3.76,-3.669417429823836e-20,2.872967248960557e-20
-3.759,-3.7180267967258924e-20,2.9082935833896846e-20
-3.758,-3.767279122185693e-20,2.9440517192238936e-20
-3.757,-3.817182897084373e-20,2.980246898105211e-20
-3.756,-3.867746724244792e-20,3.016884424788304e-20
-3.755,-3.91897931990472e-20,3.053969667893037e-20
-3.754,-3.970889515209382e-20,3.0915080606659006e-20
-3.753,-4.023486257723602e-20,3.129505101750414e-20
-3.752,-4.0767786129638124e-20,3.167966355966594e-20
-3.751,-4.130775765950185e-20,3.206897455099615e-20
-3.75,-4.1854870227791433e-20,3.246304098697747e-20
-3.749,-4.240921812216539e-20,3.286192054879695e-20
-3.748,-4.2970896873117365e-20,3.3265671611514356e-20
-3.747,-4.3540003270329124e-20,3.367435325232675e-20
-3.746,-4.411663537923817e-20,3.408802525893025e-20
-3.745,-4.4700892557823006e-20,3.450674813798024e-20
-3.744,-4.529287547360882e-20,3.493058312365102e-20
-3.743,-4.589268612089647e-20,3.535959218629619e-20
-3.742,-4.6500427838217684e-20,3.5793838041210885e-20
-3.741,-4.711620532601953e-20,3.623338415749697e-20
-3.74,-4.7740124664581036e-20,3.6678294767032505e-20
-3.739,-4.8372293332165087e-20,3.712863487354655e-20
-3.738,-4.901282022340867e-20,3.7584470261800745e-20
-3.737,-4.966181566795453e-20,3.80458675068786e-20
-3.736,-5.031939144932753e-20,3.8512893983584023e-20
-3.735,-5.098566082405873e-20,3.898561787595019e-20
-3.734,-5.1660738541060645e-20,3.9464108186860066e-20
-3.733,-5.234474086125679e-20,3.9948434747779864e-20
-3.732,-5.303778557746897e-20,4.043866822860683e-20
-3.731,-5.37399920345656e-20,4.093488014763249e-20
-3.73,-5.445148114987457e-20,4.14371428816229e-20
-3.729,-5.5172375433864e-20,4.1945529676017135e-20
-3.728,-5.590279901109454e-20,4.2460114655245357e-20
-3.727,-5.664287764144663e-20,4.298097283316795e-20
-3.726,-5.739273874162639e-20,4.3508180123637034e-20
-3.725,-5.815251140695388e-20,4.404181335118177e-20
-3.724,-5.892232643343718e-20,4.458195026181896e-20
-3.723,-5.970231634013628e-20,4.51286695339903e-20
-3.722,-6.049261539182054e-20,4.5682050789627765e-20
-3.721,-6.129335962192336e-20,4.624217460534869e-20
-3.72,-6.210468685579823e-20,4.680912252378189e-20
-3.719,-6.292673673427992e-20,4.7382977065026456e-20
-3.718,-6.375965073755487e-20,4.796382173824472e-20
-3.717,-6.460357220934482e-20,4.8551741053390865e-20
-3.716,-6.545864638140787e-20,4.914682053307689e-20
-3.715,-6.632502039836084e-20,4.974914672457735e-20
-3.714,-6.720284334282761e-20,5.035880721197455e-20
-3.713,-6.809226626091718e-20,5.097589062844584e-20
-3.712,-6.899344218803624e-20,5.1600486668694557e-20
-3.711,-6.990652617504024e-20,5.223268610152635e-20
-3.71,-7.083167531472772e-20,5.2872580782572507e-20
-3.709,-7.176904876868212e-20,5.3520263667161954e-20
-3.708,-7.271880779446583e-20,5.417582882334376e-20
-3.707,-7.368111577317095e-20,5.483937144506171e-20
-3.706,-7.465613823733148e-20,5.551098786548277e-20
-3.705,-7.564404289920173e-20,5.61907755704813e-20
-3.704,-7.664499967940567e-20,5.687883321228053e-20
-3.703,-7.765918073596201e-20,5.757526062325355e-20
-3.702,-7.868676049369014e-20,5.828015882988515e-20
-3.701,-7.972791567400173e-20,5.899363006689667e-20
-3.7,-8.078282532508306e-20,5.971577779153568e-20
-3.699,-8.185167085247333e-20,6.044670669803234e-20
-3.698,-8.293463605004391e-20,6.118652273222427e-20
-3.697,-8.4031907131384e-20,6.193533310635207e-20
-3.696,-8.514367276159788e-20,6.269324631402724e-20
-3.695,-8.627012408951923e-20,6.346037214537459e-20
-3.694,-8.741145478034778e-20,6.423682170235107e-20
-3.693,-8.856786104871414e-20,6.502270741424318e-20
-3.692,-8.973954169217815e-20,6.581814305334473e-20
-3.691,-9.092669812516649e-20,6.662324375081732e-20
-3.69,-9.212953441335537e-20,6.743812601273545e-20
-3.689,-9.334825730850403e-20,6.82629077363184e-20
-3.688,-9.458307628374504e-20,6.909770822635103e-20
-3.687,-9.583420356933721e-20,6.99426482117957e-20
-3.686,-9.710185418888748e-20,7.079784986259736e-20
-3.685,-9.838624599604753e-20,7.166343680668421e-20
-3.684,-9.968759971169161e-20,7.253953414716604e-20
-3.683,-1.0100613896158176e-19,7.342626847973241e-20
-3.682,-1.0234209031452691e-19,7.432376791025328e-20
-3.681,-1.0369568332104211e-19,7.5232162072584e-20
-3.68,-1.0506715055251467e-19,7.615158214657731e-20
-3.679,-1.0645672764088365e-19,7.708216087630444e-20
-3.678,-1.0786465331883961e-19,7.802403258848801e-20
-3.677,-1.092911694605512e-19,7.897733321114888e-20
-3.676,-1.107365211229256e-19,7.994220029246939e-20
-3.675,-1.1220095658740992e-19,8.091877301987575e-20
-3.674,-1.1368472740234037e-19,8.190719223934165e-20
-3.673,-1.151880884258465e-19,8.290760047491601e-20
-3.672,-1.167112978693179e-19,8.39201419484771e-20
-3.671,-1.1825461734144037e-19,8.494496259971581e-20
-3.67,-1.1981831189280946e-19,8.598221010635063e-20
-3.669,-1.214026500611285e-19,8.703203390457691e-20
-3.668,-1.2300790391699906e-19,8.809458520975312e-20
-3.667,-1.2463434911031142e-19,8.917001703732679e-20
-3.666,-1.2628226491724303e-19,9.025848422400289e-20
-3.665,-1.2795193428787277e-19,9.136014344915735e-20
-3.664,-1.2964364389441911e-19,9.247515325649851e-20
-3.663,-1.313576841801105e-19,9.360367407597933e-20
-3.662,-1.3309434940869592e-19,9.474586824596323e-20
-3.661,-1.348539377146042e-19,9.590190003564641e-20
-3.66,-1.366367511537607e-19,9.707193566773951e-20
-3.659,-1.384430957550694e-19,9.825614334141169e-20
-3.658,-1.4027328157256992e-19,9.945469325549995e-20
-3.657,-1.4212762273827754e-19,1.0066775763198677e-19
-3.656,-1.440064375157156e-19,1.0189551073974913e-19
-3.655,-1.4591004835414916e-19,1.0313812891858196e-19
-3.654,-1.4783878194352912e-19,1.043957906034991e-19
-3.653,-1.4979296927015598e-19,1.056686763493149e-19
-3.652,-1.5177294567307305e-19,1.0695696885550976e-19
-3.651,-1.5377905090119796e-19,1.0826085299138271e-19
-3.65,-1.5581162917120277e-19,1.095805158214942e-19
-3.649,-1.5787102922615207e-19,1.1091614663140257e-19
-3.648,-1.5995760439490927e-19,1.122679369536975e-19
-3.647,-1.6207171265232062e-19,1.1363608059433353e-19
-3.646,-1.642137166801879e-19,1.1502077365926743e-19
-3.645,-1.663839839290393e-19,1.1642221458140242e-19
-3.644,-1.6858288668070938e-19,1.1784060414784329e-19
-3.643,-1.7081080211173856e-19,1.1927614552746515e-19
-3.642,-1.7306811235760297e-19,1.2072904429880016e-19
-3.641,-1.7535520457778515e-19,1.221995084782452e-19
-3.64,-1.7767247102169702e-19,1.2368774854859437e-19
-3.639,-1.800203090954661e-19,1.2519397748790003e-19
-3.638,-1.8239912142959598e-19,1.2671841079866598e-19
-3.637,-1.8480931594751304e-19,1.2826126653737646e-19
-3.636,-1.8725130593501041e-19,1.2982276534436488e-19
-3.635,-1.8972551011060126e-19,1.3140313047402614e-19
-3.634,-1.922323526967931e-19,1.3300258782537616e-19
-3.633,-1.9477226349229543e-19,1.3462136597296276e-19
-3.632,-1.9734567794517238e-19,1.3625969619813185e-19
-3.631,-1.9995303722695326e-19,1.3791781252065268e-19
-3.63,-2.0259478830771329e-19,1.3959595173070652e-19
-3.629,-2.052713840321369e-19,1.412943534212425e-19
-3.628,-2.0798328319657714e-19,1.43013260020705e-19
-3.627,-2.1073095062712346e-19,1.447529168261367e-19
-3.626,-2.1351485725869138e-19,1.465135720366615e-19
-3.625,-2.1633548021514755e-19,1.4829547678735135e-19
-3.624,-2.191933028904834e-19,1.5009888518348176e-19
-3.623,-2.2208881503105114e-19,1.5192405433517987e-19
-3.622,-2.2502251281887637e-19,1.537712443924698e-19
-3.621,-2.2799489895606047e-19,1.5564071858071966e-19
-3.62,-2.3100648275028844e-19,1.575327432364945e-19
-3.619,-2.3405778020145476e-19,1.5944758784382009e-19
-3.618,-2.371493140894237e-19,1.6138552507086192e-19
-3.617,-2.4028161406293745e-19,1.63346830807024e-19
-3.616,-2.434552167296883e-19,1.6533178420047252e-19
-3.615,-2.466706657475687e-19,1.6734066769608846e-19
-3.614,-2.4992851191711593e-19,1.693737670738548e-19
-3.613,-2.5322931327516597e-19,1.7143137148768226e-19
-3.612,-2.5657363518973294e-19,1.7351377350467938e-19
-3.611,-2.599620504561299e-19,1.7562126914487116e-19
-3.61,-2.633951393943471e-19,1.777541579213716e-19
-3.609,-2.668734899477044e-19,1.7991274288101524e-19
-3.608,-2.703976977827941e-19,1.8209733064545283e-19
-3.607,-2.739683663907314e-19,1.8430823145271587e-19
-3.606,-2.7758610718972937e-19,1.86545759199256e-19
-3.605,-2.8125153962901574e-19,1.8881023148246394e-19
-3.604,-2.849652912941088e-19,1.9110196964367335e-19
-3.603,-2.887279980134709e-19,1.9342129881165544e-19
-3.602,-2.9254030396655633e-19,1.9576854794660935e-19
-3.601,-2.9640286179327303e-19,1.981440498846539e-19
-3.6,-3.003163327048755e-19,2.005481413828266e-19
-3.599,-3.042813865963086e-19,2.0298116316459502e-19
-3.598,-3.0829870216002013e-19,2.054434599658868e-19
-3.597,-3.123689670012623e-19,2.0793538058164343e-19
-3.596,-3.164928777549008e-19,2.1045727791290432e-19
-3.595,-3.2067114020375175e-19,2.1300950901442633e-19
-3.594,-3.249044693984657e-19,2.155924351428453e-19
-3.593,-3.2919358977897964e-19,2.182064218053853e-19
-3.592,-3.3353923529755736e-19,2.2085183880912137e-19
-3.591,-3.37942149543438e-19,2.2352906031080287e-19
-3.59,-3.424030858691151e-19,2.262384648672423e-19
-3.589,-3.4692280751826653e-19,2.289804354862771e-19
-3.588,-3.515020877553568e-19,2.3175535967830975e-19
-3.587,-3.561417099969343e-19,2.345636295084335e-19
-3.586,-3.6084246794464476e-19,2.374056416491495e-19
-3.585,-3.65605165719984e-19,2.402817974336818e-19
-3.584,-3.7043061800081178e-19,2.4319250290989794e-19
-3.583,-3.7531965015965087e-19,2.4613816889484013e-19
-3.582,-3.802730984037936e-19,2.4911921102987534e-19
-3.581,-3.8529180991724025e-19,2.5213604983646997e-19
-3.58,-3.9037664300449206e-19,2.551891107725966e-19
-3.579,-3.9552846723622484e-19,2.5827882428977987e-19
-3.578,-4.0074816359686576e-19,2.614056258907879e-19
-3.577,-4.0603662463409953e-19,2.645699561879772e-19
-3.576,-4.1139475461032827e-19,2.6777226096229733e-19
-3.575,-4.168234696561112e-19,2.7101299122296366e-19
-3.574,-4.223236979256095e-19,2.7429260326780463e-19
-3.573,-4.2789637975406263e-19,2.7761155874429126e-19
-3.572,-4.3354246781732275e-19,2.809703247112568e-19
-3.571,-4.392629272934737e-19,2.843693737013134e-19
-3.57,-4.450587360265623e-19,2.878091837839739e-19
-3.569,-4.509308846924686e-19,2.912902386294867e-19
-3.568,-4.568803769669443e-19,2.9481302757339064e-19
-3.567,-4.629082296958459e-19,2.983780456817991e-19
-3.566,-4.690154730675931e-19,3.0198579381741994e-19
-3.565,-4.752031507878794e-19,3.0563677870632046e-19
-3.564,-4.814723202566664e-19,3.093315130054448e-19
-3.563,-4.878240527474898e-19,3.1307051537089253e-19
-3.562,-4.9425943358910805e-19,3.168543105269664e-19
-3.561,-5.007795623495239e-19,3.2068342933599785e-19
-3.56,-5.073855530224106e-19,3.2455840886895867e-19
-3.559,-5.140785342159725e-19,3.284797924768678e-19
-3.558,-5.208596493442734e-19,3.32448129863001e-19
-3.557,-5.277300568210636e-19,3.3646397715591356e-19
-3.556,-5.346909302561393e-19,3.405278969832835e-19
-3.555,-5.417434586542656e-19,3.4464045854658523e-19
-3.554,-5.488888466166997e-19,3.488022376966025e-19
-3.553,-5.561283145453436e-19,3.530138170097892e-19
-3.552,-5.634630988495652e-19,3.5727578586548807e-19
-3.551,-5.708944521557193e-19,3.6158874052401615e-19
-3.55,-5.784236435194054e-19,3.6595328420562685e-19
-3.549,-5.860519586404968e-19,3.7037002717035736e-19
-3.548,-5.937807000809787e-19,3.74839586798772e-19
-3.547,-6.016111874856295e-19,3.793625876736108e-19
-3.546,-6.095447578055854e-19,3.839396616623528e-19
-3.545,-6.175827655248222e-19,3.8857144800070467e-19
-3.544,-6.257265828895966e-19,3.932585933770245e-19
-3.543,-6.339776001408808e-19,3.980017520176903e-19
-3.542,-6.423372257498338e-19,4.0280158577342437e-19
-3.541,-6.508068866563462e-19,4.0765876420658354e-19
-3.54,-6.593880285106986e-19,4.125739646794252e-19
-3.539,-6.680821159183763e-19,4.1754787244336076e-19
-3.538,-6.76890632688079e-19,4.225811807292061e-19
-3.537,-6.858150820829677e-19,4.276745908384408e-19
-3.536,-6.948569870751928e-19,4.328288122354863e-19
-3.535,-7.040178906037431e-19,4.380445626410144e-19
-3.534,-7.1329935583566085e-19,4.43322568126297e-19
-3.533,-7.227029664306676e-19,4.486635632086087e-19
-3.532,-7.322303268092419e-19,4.540682909476932e-19
-3.531,-7.418830624241974e-19,4.595375030433051e-19
-3.53,-7.516628200358047e-19,4.650719599338387e-19
-3.529,-7.615712679905042e-19,4.706724308960558e-19
-3.528,-7.71610096503256e-19,4.763396941459239e-19
-3.527,-7.817810179435744e-19,4.820745369405768e-19
-3.526,-7.920857671252949e-19,4.878777556814099e-19
-3.525,-8.025261016001237e-19,4.937501560183227e-19
-3.524,-8.131038019550152e-19,4.996925529551198e-19
-3.523,-8.238206721134326e-19,5.057057709560834e-19
-3.522,-8.34678539640537e-19,5.117906440537314e-19
-3.521,-8.456792560523601e-19,5.179480159577696e-19
-3.52,-8.568246971290096e-19,5.241787401652571e-19
-3.519,-8.681167632319614e-19,5.304836800719906e-19
-3.518,-8.795573796254914e-19,5.3686370908512815e-19
-3.517,-8.911484968023007e-19,5.433197107370585e-19
-3.516,-9.028920908133875e-19,5.498525788005352e-19
-3.515,-9.14790163602224e-19,5.564632174050855e-19
-3.514,-9.268447433432923e-19,5.631525411547089e-19
-3.513,-9.390578847850332e-19,5.699214752468788e-19
-3.512,-9.514316695972733e-19,5.767709555928614e-19
-3.511,-9.6396820672318e-19,5.837019289393662e-19
-3.51,-9.766696327358079e-19,5.907153529915409e-19
-3.509,-9.89538112199296e-19,5.978121965373273e-19
-3.508,-1.0025758380347751e-18,6.049934395731903e-19
-3.507,-1.015785031891048e-18,6.122600734312364e-19
-3.506,-1.0291679445201023e-18,6.196131009077356e-19
-3.505,-1.042726856157522e-18,6.27053536393062e-19
-3.504,-1.0564640769078586e-18,6.345824060030676e-19
-3.503,-1.0703819471350278e-18,6.422007477119053e-19
-3.502,-1.0844828378577962e-18,6.499096114863162e-19
-3.501,-1.0987691511504262e-18,6.57710059421396e-19
-3.5,-1.1132433205485432e-18,6.656031658778576e-19
-3.499,-1.1279078114602953e-18,6.735900176208046e-19
-3.498,-1.1427651215828736e-18,6.816717139600318e-19
-3.497,-1.1578177813244633e-18,6.898493668918697e-19
-3.496,-1.1730683542316944e-18,6.981241012425884e-19
-3.495,-1.1885194374226657e-18,7.064970548133771e-19
-3.494,-1.2041736620256146e-18,7.14969378526918e-19
-3.493,-1.220033693623303e-18,7.235422365755686e-19
-3.492,-1.236102232703199e-18,7.322168065711705e-19
-3.491,-1.252382015113523e-18,7.409942796965032e-19
-3.49,-1.2688758125252405e-18,7.498758608583979e-19
-3.489,-1.2855864329000769e-18,7.588627688425307e-19
-3.488,-1.3025167209646292e-18,7.679562364699107e-19
-3.487,-1.3196695586906605e-18,7.771575107550842e-19
-3.486,-1.3370478657816515e-18,7.864678530660692e-19
-3.485,-1.3546546001656932e-18,7.958885392860411e-19
-3.484,-1.3724927584948039e-18,8.054208599767869e-19
-3.483,-1.3905653766507518e-18,8.15066120543946e-19
-3.482,-1.4088755302574694e-18,8.248256414040581e-19
-3.481,-1.4274263352001454e-18,8.347007581534343e-19
-3.48,-1.4462209481510795e-18,8.446928217388741e-19
-3.479,-1.465262567102389e-18,8.548031986302432e-19
-3.478,-1.484554431905656e-18,8.650332709949364e-19
-3.477,-1.5040998248186073e-18,8.753844368742409e-19
-3.476,-1.5239020710589135e-18,8.858581103616227e-19
-3.475,-1.5439645393652052e-18,8.964557217829553e-19
-3.474,-1.5642906425653972e-18,9.071787178787099e-19
-3.473,-1.5848838381524157e-18,9.1802856198813e-19
-3.472,-1.605747628867426e-18,9.290067342354081e-19
-3.471,-1.6268855632906565e-18,9.401147317178874e-19
-3.47,-1.64830123643992e-18,9.513540686963085e-19
-3.469,-1.6699982903769286e-18,9.627262767871234e-19
-3.468,-1.6919804148215081e-18,9.742329051568974e-19
-3.467,-1.7142513477738102e-18,9.858755207188195e-19
-3.466,-1.73681487614463e-18,9.97655708331346e-19
-3.465,-1.759674836393931e-18,1.0095750709989967e-18
-3.464,-1.782835115177685e-18,1.0216352300753277e-18
-3.463,-1.806299650003139e-18,1.033837825468102e-18
-3.462,-1.8300724298926116e-18,1.0461845158466811e-18
-3.461,-1.854157496055933e-18,1.0586769788516615e-18
-3.46,-1.878558942571643e-18,1.0713169113067776e-18
-3.459,-1.903280917077059e-18,1.0841060294330949e-18
-3.458,-1.9283276214673266e-18,1.0970460690655188e-18
-3.457,-1.953703312603573e-18,1.1101387858716388e-18
-3.456,-1.9794123030302798e-18,1.1233859555729381e-18
-3.455,-2.0054589617019966e-18,1.1367893741683852e-18
-3.454,-2.031847714719513e-18,1.15035085816044e-18
-3.453,-2.0585830460756177e-18,1.1640722447834944e-18
-3.452,-2.0856694984105595e-18,1.1779553922347706e-18
-3.451,-2.1131116737773508e-18,1.1920021799077092e-18
-3.45,-2.140914234417024e-18,1.206214508627865e-18
-3.449,-2.169081903543986e-18,1.2205943008913416e-18
-3.448,-2.19761946614159e-18,1.2351435011057873e-18
-3.447,-2.2265317697680654e-18,1.2498640758339806e-18
-3.446,-2.2558237253729334e-18,1.2647580140400302e-18
-3.445,-2.2855003081240517e-18,1.279827327338217e-18
-3.444,-2.3155665582454182e-18,1.295074050244506e-18
-3.443,-2.3460275818658814e-18,1.3105002404307516e-18
-3.442,-2.3768885518788927e-18,1.3261079789816285e-18
-3.441,-2.408154708813447e-18,1.341899370654312e-18
-3.44,-2.439831361716357e-18,1.3578765441409383e-18
-3.439,-2.4719238890460066e-18,1.3740416523338704e-18
-3.438,-2.5044377395777323e-18,1.3903968725938008e-18
-3.437,-2.5373784333209867e-18,1.4069444070207174e-18
-3.436,-2.570751562448434e-18,1.4236864827277628e-18
-3.435,-2.60456279223713e-18,1.440625352118015e-18
-3.434,-2.638817862021953e-18,1.4577632931642222e-18
-3.433,-2.6735225861614275e-18,1.475102609691516e-18
-3.432,-2.7086828550161254e-18,1.4926456316631392e-18
-3.431,-2.744304635939782e-18,1.5103947154692118e-18
-3.43,-2.7803939742833106e-18,1.5283522442185741e-18
-3.429,-2.816956994411876e-18,1.546520628033729e-18
-3.428,-2.8539999007351956e-18,1.564902304348921e-18
-3.427,-2.8915289787512404e-18,1.58349973821138e-18
-3.426,-2.929550596103513e-18,1.6023154225857636e-18
-3.425,-2.9680712036520716e-18,1.6213518786618279e-18
-3.424,-3.007097336558487e-18,1.6406116561653614e-18
-3.423,-3.0466356153849062e-18,1.6600973336724121e-18
-3.422,-3.0866927472074085e-18,1.6798115189268428e-18
-3.421,-3.1272755267438395e-18,1.6997568491612461e-18
-3.42,-3.1683908374963115e-18,1.7199359914212547e-18
-3.419,-3.2100456529085566e-18,1.740351642893277e-18
-3.418,-3.252247037538332e-18,1.761006531235697e-18
-3.417,-3.2950021482450624e-18,1.7819034149135698e-18
-3.416,-3.3383182353929312e-18,1.8030450835368446e-18
-3.415,-3.3822026440696054e-18,1.8244343582021597e-18
-3.414,-3.4266628153208085e-18,1.8460740918382314e-18
-3.413,-3.471706287400942e-18,1.8679671695548867e-18
-3.412,-3.517340697039962e-18,1.890116508995762e-18
-3.411,-3.563573780726727e-18,1.9125250606947144e-18
-3.41,-3.610413376009025e-18,1.9351958084359786e-18
-3.409,-3.657867422810499e-18,1.958131769618104e-18
-3.408,-3.7059439647646885e-18,1.9813359956217116e-18
-3.407,-3.754651150566412e-18,2.0048115721811088e-18
-3.406,-3.803997235340709e-18,2.0285616197597983e-18
-3.405,-3.853990582029574e-18,2.05258929392992e-18
-3.404,-3.9046396627967165e-18,2.076897785755665e-18
-3.403,-3.955953060450569e-18,2.1014903221806966e-18
-3.402,-4.007939469885792e-18,2.126370166419627e-18
-3.401,-4.060607699543505e-18,2.1515406183535758e-18
-3.4,-4.113966672890498e-18,2.1770050149298624e-18
-3.399,-4.168025429917656e-18,2.2027667305658646e-18
-3.398,-4.222793128657858e-18,2.2288291775570885e-18
-3.397,-4.2782790467235905e-18,2.255195806489487e-18
-3.396,-4.3344925828645465e-18,2.2818701066560707e-18
-3.395,-4.3914432585454494e-18,2.308855606477852e-18
-3.394,-4.4491407195443825e-18,2.336155873929165e-18
-3.393,-4.507594737571877e-18,2.3637745169674e-18
-3.392,-4.566815211911031e-18,2.3917151839672008e-18
-3.391,-4.626812171078939e-18,2.4199815641591652e-18
-3.39,-4.687595774509696e-18,2.4485773880730876e-18
-3.389,-4.74917631425926e-18,2.4775064279857974e-18
-3.388,-4.811564216732464e-18,2.506772498373627e-18
-3.387,-4.8747700444324484e-18,2.53637945636956e-18
-3.386,-4.9388044977328265e-18,2.566331202225103e-18
-3.385,-5.003678416672846e-18,2.5966316797769265e-18
-3.384,-5.069402782775885e-18,2.627284876918317e-18
-3.383,-5.135988720891539e-18,2.6582948260754914e-18
-3.382,-5.203447501061645e-18,2.68966560468882e-18
-3.381,-5.2717905404105315e-18,2.721401335698996e-18
-3.38,-5.3410294050598025e-18,2.75350618803821e-18
-3.379,-5.411175812067996e-18,2.7859843771263736e-18
-3.378,-5.4822416313954154e-18,2.818840165372431e-18
-3.377,-5.554238887894474e-18,2.8520778626808217e-18
-3.376,-5.62717976332588e-18,2.885701826963131e-18
-3.375,-5.701076598400989e-18,2.9197164646549835e-18
-3.374,-5.7759418948506774e-18,2.954126231238226e-18
-3.373,-5.8517883175210646e-18,2.9889356317684505e-18
-3.372,-5.928628696496439e-18,3.0241492214079096e-18
-3.371,-6.006476029249745e-18,3.0597716059638703e-18
-3.37,-6.085343482820973e-18,3.095807442432461e-18
-3.369,-6.165244396023831e-18,3.1322614395480625e-18
-3.368,-6.246192281681046e-18,3.1691383583382935e-18
-3.367,-6.3282008288886874e-18,3.2064430126846414e-18
-3.366,-6.411283905309859e-18,3.244180269888797e-18
-3.365,-6.495455559498173e-18,3.282355051244739e-18
-3.364,-6.5807300232513585e-18,3.320972332616625e-18
-3.363,-6.667121713995423e-18,3.360037145022543e-18
-3.362,-6.754645237199744e-18,3.3995545752241792e-18
-3.361,-6.843315388823493e-18,3.439529766322449e-18
-3.36,-6.933147157793805e-18,3.47996791835916e-18
-3.359,-7.024155728516102e-18,3.5208742889247445e-18
-3.358,-7.11635648341697e-18,3.56225419377214e-18
-3.357,-7.209765005520051e-18,3.6041130074368465e-18
-3.356,-7.304397081055319e-18,3.646456163863245e-18
-3.355,-7.400268702102224e-18,3.689289157037212e-18
-3.354,-7.497396069267123e-18,3.732617541625106e-18
-3.353,-7.595795594395423e-18,3.7764469336191625e-18
-3.352,-7.695483903318917e-18,3.820783010989385e-18
-3.351,-7.796477838638745e-18,3.865631514341956e-18
-3.35,-7.898794462544458e-18,3.9109982475842644e-18
-3.349,-8.002451059669625e-18,3.95688907859657e-18
-3.348,-8.107465139984489e-18,4.003309939910403e-18
-3.347,-8.213854441726132e-18,4.050266829393734e-18
-3.346,-8.321636934366627e-18,4.097765810942978e-18
-3.345,-8.430830821619692e-18,4.145813015181909e-18
-3.344,-8.541454544486313e-18,4.19441464016753e-18
-3.343,-8.653526784339881e-18,4.2435769521029704e-18
-3.342,-8.767066466051294e-18,4.293306286057466e-18
-3.341,-8.882092761154615e-18,4.3436090466934974e-18
-3.34,-8.998625091053742e-18,4.394491709001137e-18
-3.339,-9.11668313027066e-18,4.445960819039673e-18
-3.338,-9.236286809735801e-18,4.498022994686584e-18
-3.337,-9.357456320121058e-18,4.550684926393907e-18
-3.336,-9.480212115216001e-18,4.603953377952096e-18
-3.335,-9.604574915347851e-18,4.657835187261403e-18
-3.334,-9.730565710845796e-18,4.7123372671108775e-18
-3.333,-9.858205765550184e-18,4.767466605965026e-18
-3.332,-9.987516620367226e-18,4.8232302687582196e-18
-3.331,-1.0118520096869742e-17,4.879635397696904e-18
-3.33,-1.025123830094458e-17,4.936689213069683e-18
-3.329,-1.038569362648731e-17,4.994399014065345e-18
-3.328,-1.0521908759144777e-17,5.052772179598909e-18
-3.327,-1.065990668010617e-17,5.111816169145736e-18
-3.326,-1.0799710669943194e-17,5.1715385235838105e-18
-3.325,-1.0941344312500016e-17,5.2319468660442246e-18
-3.324,-1.1084831498833591e-17,5.29304890276997e-18
-3.323,-1.123019643120506e-17,5.354852423983081e-18
-3.322,-1.1377463627122838e-17,5.417365304760221e-18
-3.321,-1.1526657923438092e-17,5.4805955059167655e-18
-3.32,-1.167780448049327e-17,5.544551074899477e-18
-3.319,-1.1830928786324367e-17,5.6092401466878186e-18
-3.318,-1.198605666091762e-17,5.674670944704001e-18
-3.317,-1.2143214260521346e-17,5.740851781731829e-18
-3.316,-1.2302428082013635e-17,5.807791060844412e-18
-3.315,-1.2463724967326587e-17,5.8754972763408316e-18
-3.314,-1.2627132107927873e-17,5.9439790146918275e-18
-3.313,-1.2792677049360324e-17,6.013244955494584e-18
-3.312,-1.2960387695840308e-17,6.083303872436684e-18
-3.311,-1.3130292314915656e-17,6.154164634269324e-18
-3.31,-1.3302419542183907e-17,6.225836205789843e-18
-3.309,-1.3476798386071641e-17,6.298327648833668e-18
-3.308,-1.3653458232675699e-17,6.371648123275733e-18
-3.307,-1.383242885066709e-17,6.445806888041463e-18
-3.306,-1.401374039625837e-17,6.520813302127388e-18
-3.305,-1.4197423418235363e-17,6.596676825631486e-18
-3.304,-1.4383508863053982e-17,6.6734070207933095e-18
-3.303,-1.4572028080003075e-17,6.751013553043999e-18
-3.302,-1.4763012826434058e-17,6.829506192066243e-18
-3.301,-1.495649527305829e-17,6.908894812864282e-18
-3.3,-1.5152508009312964e-17,6.989189396844021e-18
-3.299,-1.5351084048796507e-17,7.070400032903353e-18
-3.298,-1.5552256834774274e-17,7.152536918532747e-18
-3.297,-1.5756060245755542e-17,7.235610360926211e-18
-3.296,-1.596252860114266e-17,7.319630778102693e-18
-3.295,-1.6171696666953303e-17,7.404608700038009e-18
-3.294,-1.6383599661616786e-17,7.490554769807388e-18
-3.293,-1.6598273261845375e-17,7.577479744738694e-18
-3.292,-1.6815753608581582e-17,7.665394497576456e-18
-3.291,-1.703607731302239e-17,7.754310017656723e-18
-3.29,-1.7259281462721464e-17,7.844237412092895e-18
-3.289,-1.7485403627770252e-17,7.935187906972572e-18
-3.288,-1.7714481867059116e-17,8.027172848565525e-18
-3.287,-1.7946554734619425e-17,8.120203704542861e-18
-3.286,-1.81816612860477e-17,8.214292065207492e-18
-3.285,-1.8419841085012863e-17,8.309449644735963e-18
-3.284,-1.8661134209847674e-17,8.405688282431748e-18
-3.283,-1.8905581260225393e-17,8.503019943990102e-18
-3.282,-1.9153223363922835e-17,8.601456722774536e-18
-3.281,-1.940410218367087e-17,8.70101084110502e-18
-3.28,-1.9658259924093543e-17,8.801694651558004e-18
-3.279,-1.991573933873692e-17,8.903520638278328e-18
-3.278,-2.0176583737188844e-17,9.006501418303126e-18
-3.277,-2.044083699229075e-17,9.11064974289781e-18
-3.276,-2.0708543547442742e-17,9.215978498904206e-18
-3.275,-2.097974842400312e-17,9.322500710100958e-18
-3.274,-2.1254497228783604e-17,9.430229538576278e-18
-3.273,-2.153283616164145e-17,9.539178286113115e-18
-3.272,-2.1814812023169707e-17,9.649360395586861e-18
-3.271,-2.210047222248695e-17,9.760789452375672e-18
-3.27,-2.2389864785127652e-17,9.873479185783483e-18
-3.269,-2.2683038361034604e-17,9.987443470475826e-18
-3.268,-2.298004223265463e-17,1.0102696327928538e-17
-3.267,-2.3280926323138948e-17,1.0219251927889434e-17
-3.266,-2.3585741204649543e-17,1.0337124589853061e-17
-3.265,-2.3894538106772874e-17,1.0456328784548602e-17
-3.264,-2.4207368925042345e-17,1.057687913544104e-17
-3.263,-2.4524286229570913e-17,1.0698790420245655e-17
-3.262,-2.4845343273795258e-17,1.0822077572455962e-17
-3.261,-2.5170594003332956e-17,1.0946755682885178e-17
-3.26,-2.5500093064954096e-17,1.1072840001221298e-17
-3.259,-2.583389581566885e-17,1.120034593759589e-17
-3.258,-2.6172058331932428e-17,1.1329289064166687e-17
-3.257,-2.6514637418969017e-17,1.1459685116714077e-17
-3.256,-2.6861690620216136e-17,1.1591549996251585e-17
-3.255,-2.7213276226891045e-17,1.1724899770650418e-17
-3.254,-2.7569453287680723e-17,1.1859750676278202e-17
-3.253,-2.7930281618557026e-17,1.1996119119651963e-17
-3.252,-2.829582181271864e-17,1.2134021679105485e-17
-3.251,-2.8666135250661476e-17,1.2273475106471097e-17
-3.25,-2.904128411037911e-17,1.2414496328776017e-17
-3.249,-2.9421331377694967e-17,1.2557102449953313e-17
-3.248,-2.9806340856728024e-17,1.2701310752567603e-17
-3.247,-3.019637718049359e-17,1.2847138699555566e-17
-3.246,-3.0591505821641036e-17,1.2994603935981355e-17
-3.245,-3.099179310333018e-17,1.3143724290807029e-17
-3.244,-3.139730621024815e-17,1.329451777867805e-17
-3.243,-3.180811319976844e-17,1.3447002601723996e-17
-3.242,-3.222428301325415e-17,1.3601197151374519e-17
-3.241,-3.2645885487507084e-17,1.375712001019068e-17
-3.24,-3.3072991366364716e-17,1.391478995371175e-17
-3.239,-3.3505672312446857e-17,1.4074225952317547e-17
-3.238,-3.3944000919054013e-17,1.4235447173106408e-17
-3.237,-3.438805072221927e-17,1.4398472981788895e-17
-3.236,-3.483789621291584e-17,1.4563322944597318e-17
-3.235,-3.529361284942212e-17,1.4730016830211157e-17
-3.234,-3.575527706984641e-17,1.4898574611698482e-17
-3.233,-3.622296630481322e-17,1.5069016468473468e-17
-3.232,-3.66967589903134e-17,1.5241362788270048e-17
-3.231,-3.7176734580720056e-17,1.5415634169131878e-17
-3.23,-3.766297356197246e-17,1.559185142141859e-17
-3.229,-3.8155557464930084e-17,1.5770035569828524e-17
-3.228,-3.865456887889899e-17,1.5950207855437947e-17
-3.227,-3.9160091465332736e-17,1.6132389737756896e-17
-3.226,-3.9672209971710076e-17,1.6316602896801708e-17
-3.225,-4.019101024559171e-17,1.6502869235184306e-17
-3.224,-4.0716579248858416e-17,1.6691210880218367e-17
-3.223,-4.1249005072132855e-17,1.6881650186042418e-17
-3.222,-4.178837694938742e-17,1.7074209735759946e-17
-3.221,-4.2334785272740594e-17,1.7268912343596634e-17
-3.22,-4.2888321607444086e-17,1.7465781057074758e-17
-3.219,-4.3449078707063356e-17,1.7664839159204866e-17
-3.218,-4.4017150528853916e-17,1.7866110170694797e-17
-3.217,-4.4592632249335985e-17,1.8069617852176115e-17
-3.216,-4.517562028006997e-17,1.827538620644804e-17
-3.215,-4.576621228363545e-17,1.8483439480738984e-17
-3.214,-4.6364507189816205e-17,1.8693802168985694e-17
-3.213,-4.697060521199394e-17,1.890649901413015e-17
-3.212,-4.758460786375348e-17,1.9121555010434254e-17
-3.211,-4.820661797570199e-17,1.9338995405812393e-17
-3.21,-4.8836739712505125e-17,1.9558845704181928e-17
-3.209,-4.947507859014282e-17,1.9781131667831713e-17
-3.208,-5.0121741493387535e-17,2.0005879319808693e-17
-3.207,-5.077683669350785e-17,2.023311494632263e-17
-3.206,-5.1440473866200294e-17,2.046286509916906e-17
-3.205,-5.211276410975232e-17,2.069515659817052e-17
-3.204,-5.27938199634394e-17,2.093001653363612e-17
-3.203,-5.348375542615929e-17,2.116747226883951e-17
-3.202,-5.418268597530644e-17,2.140755144251531e-17
-3.201,-5.489072858588968e-17,2.165028197137407e-17
-3.2,-5.560800174989632e-17,2.1895692052635795e-17
-3.199,-5.633462549590577e-17,2.2143810166582108e-17
-3.198,-5.707072140895595e-17,2.2394665079127097e-17
-3.197,-5.781641265066567e-17,2.2648285844406906e-17
-3.196,-5.857182397961631e-17,2.2904701807388104e-17
-3.195,-5.933708177199617e-17,2.3163942606494893e-17
-3.194,-6.011231404251073e-17,2.34260381762552e-17
-3.193,-6.089765046556239e-17,2.3691018749965686e-17
-3.192,-6.169322239670302e-17,2.395891486237574e-17
-3.191,-6.249916289436291e-17,2.4229757352390445e-17
-3.19,-6.331560674185963e-17,2.4503577365792635e-17
-3.189,-6.414269046969035e-17,2.4780406357983995e-17
-3.188,-6.498055237811143e-17,2.5060276096745274e-17
-3.187,-6.582933256000868e-17,2.5343218665015672e-17
-3.186,-6.668917292406232e-17,2.5629266463691362e-17
-3.185,-6.756021721821018e-17,2.591845221444323e-17
-3.184,-6.844261105341315e-17,2.621080896255383e-17
-3.183,-6.933650192772663e-17,2.6506370079773567e-17
-3.182,-7.024203925068204e-17,2.680516926719615e-17
-3.181,-7.115937436798208e-17,2.7107240558153325e-17
-3.18,-7.208866058651421e-17,2.7412618321128855e-17
-3.179,-7.303005319968609e-17,2.7721337262691827e-17
-3.178,-7.398370951308715e-17,2.8033432430449253e-17
-3.177,-7.49497888704806e-17,2.8348939216017954e-17
-3.176,-7.59284526801301e-17,2.8667893358015746e-17
-3.175,-7.691986444146522e-17,2.899033094507193e-17
-3.174,-7.792418977209022e-17,2.93162884188571e-17
-3.173,-7.894159643514048e-17,2.964580257713213e-17
-3.172,-7.997225436699102e-17,2.9978910576816556e-17
-3.171,-8.10163357053217e-17,3.0315649937076084e-17
-3.17,-8.207401481754349e-17,3.0656058542429405e-17
-3.169,-8.314546832959073e-17,3.100017464587416e-17
-3.168,-8.423087515508379e-17,3.1348036872032086e-17
-3.167,-8.533041652486709e-17,3.1699684220313286e-17
-3.166,-8.644427601692711e-17,3.205515606809962e-17
-3.165,-8.757263958669543e-17,3.241449217394711e-17
-3.164,-8.871569559774159e-17,3.2777732680807395e-17
-3.163,-8.987363485286093e-17,3.3144918119268096e-17
-3.162,-9.104665062556226e-17,3.351608941081212e-17
-3.161,-9.223493869196069e-17,3.389128787109577e-17
-3.16,-9.34386973630807e-17,3.427055521324568e-17
-3.159,-9.465812751757471e-17,3.4653933551174364e-17
-3.158,-9.58934326348625e-17,3.504146540291451e-17
-3.157,-9.714481882869692e-17,3.543319369397171e-17
-3.156,-9.841249488116119e-17,3.582916176069576e-17
-3.155,-9.969667227710356e-17,3.622941335367023e-17
-3.154,-1.0099756523901472e-16,3.6633992641120387e-17
-3.153,-1.0231539076235372e-16,3.704294421233926e-17
-3.152,-1.0365036865132814e-16,3.745631308113178e-17
-3.151,-1.0500272155513443e-16,3.787414468927685e-17
-3.15,-1.0637267500466397e-16,3.82964849100073e-17
-3.149,-1.0776045744968138e-16,3.872338005150749e-17
-3.148,-1.0916630029648052e-16,3.91548768604285e-17
-3.147,-1.1059043794602476e-16,3.959102252542082e-17
-3.146,-1.1203310783257747e-16,4.0031864680684233e-17
-3.145,-1.1349455046282907e-16,4.0477451409534894e-17
-3.144,-1.1497500945552715e-16,4.092783124798938e-17
-3.143,-1.1647473158161569e-16,4.138305318836556e-17
-3.142,-1.1799396680489045e-16,4.184316668290007e-17
-3.141,-1.195329683231767e-16,4.23082216473823e-17
-3.14,-1.210919926100362e-16,4.2778268464804595e-17
-3.139,-1.226712994570101e-16,4.325335798902857e-17
-3.138,-1.242711520164046e-16,4.373354154846728e-17
-3.137,-1.2589181684462664e-16,4.4218870949783064e-17
-3.136,-1.2753356394607596e-16,4.470939848160079e-17
-3.135,-1.2919666681760159e-16,4.520517691823634e-17
-3.134,-1.30881402493529e-16,4.570625952344009e-17
-3.133,-1.3258805159126614e-16,4.621270005415504e-17
-3.132,-1.34316898357495e-16,4.672455276428948e-17
-3.131,-1.3606823071495675e-16,4.7241872408503863e-17
-3.13,-1.3784234030983765e-16,4.7764714246011566e-17
-3.129,-1.3963952255976378e-16,4.829313404439333e-17
-3.128,-1.4146007670241202e-16,4.8827188083425074e-17
-3.127,-1.4330430584474546e-16,4.93669331589187e-17
-3.126,-1.45172517012881e-16,4.9912426586575746e-17
-3.125,-1.4706502120259745e-16,5.046372620585332e-17
-3.124,-1.489821334304921e-16,5.1020890383842246e-17
-3.123,-1.5092417278579413e-16,5.1583978019156865e-17
-3.122,-1.5289146248284347e-16,5.215304854583626e-17
-3.121,-1.548843299142432e-16,5.2728161937256465e-17
-3.12,-1.569031067046945e-16,5.3309378710053346e-17
-3.119,-1.5894812876552265e-16,5.38967599280557e-17
-3.118,-1.6101973634990305e-16,5.449036720622822e-17
-3.117,-1.6311827410879592e-16,5.5090262714623865e-17
-3.116,-1.652440911475994e-16,5.569650918234524e-17
-3.115,-1.6739754108352924e-16,5.630916990151457e-17
-3.114,-1.6957898210373544e-16,5.692830873125173e-17
-3.113,-1.7178877702416435e-16,5.755399010165992e-17
-3.112,-1.740272933491764e-16,5.818627901781859e-17
-3.111,-1.7629490333192877e-16,5.882524106378289e-17
-3.11,-1.7859198403553286e-16,5.947094240658945e-17
-3.109,-1.8091891739499656e-16,6.01234498002676e-17
-3.108,-1.8327609027996117e-16,6.078283058985588e-17
-3.107,-1.8566389455824327e-16,6.144915271542302e-17
-3.106,-1.880827271601918e-16,6.212248471609284e-17
-3.105,-1.9053299014387064e-16,6.280289573407267e-17
-3.104,-1.9301509076107745e-16,6.34904555186845e-17
-3.103,-1.9552944152420935e-16,6.418523443039837e-17
-3.102,-1.9807646027398606e-16,6.48873034448672e-17
-3.101,-2.0065657024804195e-16,6.559673415696266e-17
-3.1,-2.0327020015039738e-16,6.631359878481128e-17
-3.099,-2.0591778422182149e-16,6.703797017382998e-17
-3.098,-2.0859976231109673e-16,6.77699218007606e-17
-3.097,-2.1131657994719777e-16,6.850952777770255e-17
-3.096,-2.1406868841239542e-16,6.925686285614276e-17
-3.095,-2.168565448162983e-16,7.001200243098247e-17
-3.094,-2.1968061217084346e-16,7.077502254455969e-17
-3.093,-2.225413594662487e-16,7.154599989066685e-17
-3.092,-2.254392617479382e-16,7.232501181856273e-17
-3.091,-2.283748001944548e-16,7.311213633697769e-17
-3.09,-2.3134846219637033e-16,7.390745211811169e-17
-3.089,-2.3436074143620814e-16,7.471103850162371e-17
-3.088,-2.374121379693892e-16,7.552297549861229e-17
-3.087,-2.4050315830621613e-16,7.634334379558566e-17
-3.086,-2.43634315494908e-16,7.717222475842095e-17
-3.085,-2.468061292056987e-16,7.800970043631135e-17
-3.084,-2.500191258160135e-16,7.885585356570021e-17
-3.083,-2.5327383849673667e-16,7.97107675742011e-17
-3.082,-2.565708072995847e-16,8.057452658450284e-17
-3.081,-2.5991057924559857e-16,8.144721541825832e-17
-3.08,-2.6329370841477036e-16,8.232891959995613e-17
-3.079,-2.667207560368173e-16,8.321972536077385e-17
-3.078,-2.701922905831193e-16,8.411971964241187e-17
-3.077,-2.737088878598339e-16,8.502899010090651e-17
-3.076,-2.772711311022035e-16,8.594762511042135e-17
-3.075,-2.808796110700714e-16,8.687571376701555e-17
-3.074,-2.845349261446202e-16,8.781334589238765e-17
-3.073,-2.8823768242634973e-16,8.876061203759412e-17
-3.072,-2.9198849383430928e-16,8.971760348674067e-17
-3.071,-2.9578798220660088e-16,9.068441226064558e-17
-3.07,-2.9963677740216913e-16,9.166113112047334e-17
-3.069,-3.0353551740389467e-16,9.264785357133728e-17
-3.068,-3.074848484230073e-16,9.364467386586985e-17
-3.067,-3.1148542500483586e-16,9.465168700775892e-17
-3.066,-3.1553791013591223e-16,9.566898875524878e-17
-3.065,-3.19642975352446e-16,9.66966756246043e-17
-3.064,-3.2380130085018766e-16,9.773484489353646e-17
-3.063,-3.2801357559569843e-16,9.878359460458791e-17
-3.062,-3.322804974390435e-16,9.984302356847701e-17
-3.061,-3.3660277322792843e-16,1.0091323136739818e-16
-3.06,-3.4098111892329535e-16,1.019943183582775e-16
-3.059,-3.4541625971639916e-16,1.0308638567598143e-16
-3.058,-3.499089301473812e-16,1.0418953523647689e-16
-3.057,-3.5445987422536075e-16,1.0530386973994107e-16
-3.056,-3.5906984555006247e-16,1.0642949267381893e-16
-3.055,-3.6373960743500037e-16,1.075665083158267e-16
-3.054,-3.6846993303223756e-16,1.0871502173689913e-16
-3.053,-3.732616054587419e-16,1.0987513880407885e-16
-3.052,-3.7811541792435816e-16,1.1104696618334574e-16
-3.051,-3.8303217386141693e-16,1.1223061134238398e-16
-3.05,-3.880126870560014e-16,1.134261825532851e-16
-3.049,-3.9305778178089277e-16,1.1463378889518458e-16
-3.048,-3.981682929302163e-16,1.158535402568299e-16
-3.047,-4.0334506615580896e-16,1.170855473390778e-16
-3.046,-4.0858895800533083e-16,1.1832992165731862e-16
-3.045,-4.139008360621426e-16,1.1958677554382493e-16
-3.044,-4.1928157908697184e-16,1.208562221500228e-16
-3.043,-4.2473207716138986e-16,1.2213837544868234e-16
-3.042,-4.3025323183312366e-16,1.2343335023602615e-16
-3.041,-4.3584595626322487e-16,1.2474126213375207e-16
-3.04,-4.4151117537512036e-16,1.2606222759096832e-16
-3.039,-4.4724982600556795e-16,1.273963638860382e-16
-3.038,-4.530628570575416e-16,1.2874378912833175e-16
-3.037,-4.589512296550707e-16,1.3010462225988136e-16
-3.036,-4.649159173000583e-16,1.314789830569388e-16
-3.035,-4.709579060311028e-16,1.328669921314309e-16
-3.034,-4.770781945843504e-16,1.3426877093231041e-16
-3.033,-4.832777945564018e-16,1.356844417467999e-16
-3.032,-4.895577305693007e-16,1.3711412770152492e-16
-3.031,-4.959190404376311e-16,1.3855795276353373e-16
-3.03,-5.023627753377479e-16,1.400160417412004e-16
-3.029,-5.088899999791707e-16,1.4148852028500786e-16
-3.028,-5.155017927781667e-16,1.42975514888208e-16
-3.027,-5.22199246033551e-16,1.4447715288735514e-16
-3.026,-5.289834661047315e-16,1.459935624627094e-16
-3.025,-5.358555735920292e-16,1.4752487263850695e-16
-3.024,-5.428167035193007e-16,1.4907121328309315e-16
-3.023,-5.498680055188926e-16,1.5063271510891507e-16
-3.022,-5.570106440189582e-16,1.5220950967236982e-16
-3.021,-5.642457984331668e-16,1.5380172937350495e-16
-3.02,-5.715746633528333e-16,1.5540950745556668e-16
-3.019,-5.789984487415031e-16,1.5703297800439275e-16
-3.018,-5.865183801320196e-16,1.5867227594764525e-16
-3.017,-5.941356988261084e-16,1.603275370538797e-16
-3.016,-6.018516620965089e-16,1.6199889793144624e-16
-3.015,-6.096675433916862e-16,1.6368649602721867e-16
-3.014,-6.175846325431559e-16,1.653904696251468e-16
-3.013,-6.256042359754551e-16,1.6711095784462825e-16
-3.012,-6.337276769187927e-16,1.6884810063869467e-16
-3.011,-6.419562956244141e-16,1.7060203879200818e-16
-3.01,-6.50291449582714e-16,1.7237291391866344e-16
-3.009,-6.587345137441317e-16,1.741608684597901e-16
-3.008,-6.672868807428663e-16,1.7596604568095154e-16
-3.007,-6.759499611234442e-16,1.7778858966933444e-16
-3.006,-6.847251835701791e-16,1.7962864533072443e-16
-3.005,-6.936139951395581e-16,1.8148635838626263e-16
-3.004,-7.026178614955925e-16,1.8336187536897787e-16
-3.003,-7.117382671481702e-16,1.8525534362008943e-16
-3.002,-7.209767156944496e-16,1.8716691128507473e-16
-3.001,-7.303347300633302e-16,1.890967273094966e-16
-3.0,-7.398138527630431e-16,1.9104494143458445e-16
-2.999,-7.49415646131897e-16,1.9301170419256368e-16
-2.998,-7.591416925922233e-16,1.9499716690172762e-16
-2.997,-7.689935949075582e-16,1.970014816612458e-16
-2.996,-7.789729764431038e-16,1.9902480134570276e-16
-2.995,-7.890814814295112e-16,2.0106727959936139e-16
-2.994,-7.99320775230025e-16,2.0312907083014395e-16
-2.993,-8.096925446110342e-16,2.0521033020332527e-16
-2.992,-8.201984980160712e-16,2.073112136349308e-16
-2.991,-8.308403658433042e-16,2.0943187778483346e-16
-2.99,-8.416199007265655e-16,2.1157248004954232e-16
-2.989,-8.52538877819962e-16,2.137331785546764e-16
-2.988,-8.635990950861124e-16,2.1591413214711637e-16
-2.987,-8.748023735880574e-16,2.1811550038682727e-16
-2.986,-8.861505577848902e-16,2.2033744353834496e-16
-2.985,-8.976455158311532e-16,2.2258012256191886e-16
-2.984,-9.092891398800492e-16,2.2484369910430346e-16
-2.983,-9.21083346390516e-16,2.2712833548919124e-16
-2.982,-9.330300764382124e-16,2.2943419470727866e-16
-2.981,-9.451312960304663e-16,2.3176144040595776e-16
-2.98,-9.57388996425234e-16,2.3411023687862534e-16
-2.979,-9.698051944541216e-16,2.364807490536011e-16
-2.978,-9.82381932849522e-16,2.388731424826466e-16
-2.977,-9.951212805759166e-16,2.4128758332907675e-16
-2.976,-1.0080253331653963e-15,2.4372423835545474e-16
-2.975,-1.0210962130574553e-15,2.4618327491086186e-16
-2.974,-1.0343360699431116e-15,2.4866486091773306e-16
-2.973,-1.0477470811134074e-15,2.511691648582495e-16
-2.972,-1.0613314518123487e-15,2.53696355760278e-16
-2.971,-1.075091415594337e-15,2.562466031828488e-16
-2.97,-1.0890292346861485e-15,2.5882007720116146e-16
-2.969,-1.1031472003535267e-15,2.61416948391109e-16
-2.968,-1.1174476332724343e-15,2.640373878133108e-16
-2.967,-1.1319328839050351e-15,2.6668156699664343e-16
-2.966,-1.146605332880459e-15,2.6934965792125975e-16
-2.965,-1.1614673913804121e-15,2.7204183300108503e-16
-2.964,-1.1765215015296938e-15,2.7475826506578e-16
-2.963,-1.191770136791684e-15,2.774991273421595e-16
-2.962,-1.2072158023688606e-15,2.8026459343505567e-16
-2.961,-1.2228610356084144e-15,2.830548373076145e-16
-2.96,-1.2387084064130213e-15,2.8587003326101445e-16
-2.959,-1.254760517656843e-15,2.8871035591359485e-16
-2.958,-1.2710200056068167e-15,2.915759801793825e-16
-2.957,-1.2874895403493055e-15,2.9446708124600453e-16
-2.956,-1.3041718262221725e-15,2.9738383455197474e-16
-2.955,-1.3210696022523518e-15,3.0032641576334125e-16
-2.954,-1.338185642598984e-15,3.032950007496826e-16
-2.953,-1.355522757002185e-15,3.062897655594389e-16
-2.952,-1.3730837912375221e-15,3.093108863945656e-16
-2.951,-1.3908716275762682e-15,3.1235853958449555e-16
-2.95,-1.4088891852515074e-15,3.1543290155939633e-16
-2.949,-1.4271394209301663e-15,3.185341488227085e-16
-2.948,-1.445625329191044e-15,3.216624579229506e-16
-2.947,-1.4643499430089214e-15,3.248180054247773e-16
-2.946,-1.4833163342448208e-15,3.2800096787927405e-16
-2.945,-1.5025276141424966e-15,3.3121152179347624e-16
-2.944,-1.521986933831238e-15,3.344498435990945e-16
-2.943,-1.5416974848350577e-15,3.3771610962043317e-16
-2.942,-1.5616624995883542e-15,3.4101049604148503e-16
-2.941,-1.5818852519581228e-15,3.443331788721865e-16
-2.94,-1.6023690577728033e-15,3.4768433391381685e-16
-2.939,-1.6231172753578462e-15,3.510641367235257e-16
-2.938,-1.6441333060780821e-15,3.5447276257797083e-16
-2.937,-1.66542059488698e-15,3.579103864360501e-16
-2.936,-1.6869826308828824e-15,3.6137718290070922e-16
-2.935,-1.7088229478723071e-15,3.648733261798089e-16
-2.934,-1.730945124940399e-15,3.683989900460317e-16
-2.933,-1.753352787028629e-15,3.719543477958119e-16
-2.932,-1.7760496055198288e-15,3.755395722072686e-16
-2.931,-1.799039298830653e-15,3.791548354971233e-16
-2.93,-1.8223256330115623e-15,3.828003092765834e-16
-2.929,-1.845912422354428e-15,3.8647616450617088e-16
-2.928,-1.8698035300078467e-15,3.9018257144947723e-16
-2.927,-1.894002868600265e-15,3.939196996258235e-16
-2.926,-1.918514400871017e-15,3.976877177618057e-16
-2.925,-1.9433421403093693e-15,4.014867937417034e-16
-2.924,-1.968490151801675e-15,4.053170945567316e-16
-2.923,-1.9939625522867438e-15,4.09178786253113e-16
-2.922,-2.0197635114195265e-15,4.1307203387894903e-16
-2.921,-2.0458972522432195e-15,4.169970014298675e-16
-2.92,-2.072368051869901e-15,4.209538517934234e-16
-2.919,-2.0991802421697993e-15,4.2494274669223006e-16
-2.918,-2.1263382104693053e-15,4.289638466257971e-16
-2.917,-2.153846400257842e-15,4.3301731081105095e-16
-2.916,-2.1817093119036987e-15,4.3710329712151355e-16
-2.915,-2.209931503378944e-15,4.4122196202511455e-16
-2.914,-2.2385175909935344e-15,4.453734605206118e-16
-2.913,-2.2674722501387316e-15,4.495579460725939e-16
-2.912,-2.296800216039947e-15,4.537755705450399e-16
-2.911,-2.326506284519135e-15,4.580264841334086e-16
-2.91,-2.356595312766848e-15,4.623108352952301e-16
-2.909,-2.3870722201240842e-15,4.666287706791736e-16
-2.908,-2.417941988874046e-15,4.709804350525631e-16
-2.907,-2.4492096650439343e-15,4.753659712273111e-16
-2.906,-2.4808803592169078e-15,4.797855199842441e-16
-2.905,-2.512959247354332e-15,4.842392199957878e-16
-2.904,-2.5454515716284504e-15,4.887272077469848e-16
-2.903,-2.57836264126561e-15,4.932496174548129e-16
-2.902,-2.611697833400167e-15,4.978065809857728e-16
-2.901,-2.6454625939392204e-15,5.023982277717162e-16
-2.9,-2.679662438438294e-15,5.070246847238795e-16
-2.899,-2.714302952988119e-15,5.116860761450927e-16
-2.898,-2.7493897951126493e-15,5.163825236401308e-16
-2.897,-2.7849286946784507e-15,5.211141460241716e-16
-2.896,-2.8209254548156108e-15,5.258810592293306e-16
-2.895,-2.8573859528503134e-15,5.306833762092327e-16
-2.894,-2.894316141249225e-15,5.355212068415903e-16
-2.893,-2.9317220485758365e-15,5.403946578287502e-16
-2.892,-2.9696097804589224e-15,5.453038325961723e-16
-2.891,-3.007985520573256e-15,5.502488311888045e-16
-2.89,-3.046855531632747e-15,5.552297501653156e-16
-2.889,-3.0862261563961497e-15,5.602466824901481e-16
-2.888,-3.1261038186855062e-15,5.652997174233525e-16
-2.887,-3.166495024417478e-15,5.703889404081631e-16
-2.886,-3.2074063626477336e-15,5.75514432956276e-16
-2.885,-3.2488445066285573e-15,5.806762725307873e-16
-2.884,-3.2908162148798387e-15,5.858745324267522e-16
-2.883,-3.3333283322736198e-15,5.911092816493206e-16
-2.882,-3.3763877911323617e-15,5.963805847894086e-16
-2.881,-3.4200016123411136e-15,6.016885018968601e-16
-2.88,-3.4641769064737483e-15,6.070330883510574e-16
-2.879,-3.5089208749334474e-15,6.124143947289321e-16
-2.878,-3.5542408111076165e-15,6.178324666703349e-16
-2.877,-3.600144101537408e-15,6.232873447407139e-16
-2.876,-3.646638227102035e-15,6.287790642910578e-16
-2.875,-3.693730764218066e-15,6.343076553150531e-16
-2.874,-3.74142938605389e-15,6.398731423034088e-16
-2.873,-3.7897418637595284e-15,6.454755440952981e-16
-2.872,-3.8386760677120164e-15,6.511148737268678e-16
-2.871,-3.88823996877651e-15,6.567911382767619e-16
-2.87,-3.938441639583352e-15,6.625043387086108e-16
-2.869,-3.989289255821278e-15,6.682544697104312e-16
-2.868,-4.040791097546971e-15,6.740415195308832e-16
-2.867,-4.092955550511164e-15,6.798654698123312e-16
-2.866,-4.1457911075015115e-15,6.85726295420652e-16
-2.865,-4.199306369702429e-15,6.916239642717343e-16
-2.864,-4.253510048072117e-15,6.975584371546133e-16
-2.863,-4.308410964736983e-15,7.035296675511804e-16
-2.862,-4.364018054403691e-15,7.095376014524108e-16
-2.861,-4.420340365789043e-15,7.155821771710481e-16
-2.86,-4.477387063067928e-15,7.216633251506848e-16
-2.859,-4.535167427339567e-15,7.277809677711773e-16
-2.858,-4.59369085811227e-15,7.339350191503319e-16
-2.857,-4.6529668748069556e-15,7.401253849417985e-16
-2.856,-4.713005118279654e-15,7.463519621291065e-16
-2.855,-4.773815352363241e-15,7.526146388157764e-16
-2.854,-4.835407465428638e-15,7.589132940114414e-16
-2.853,-4.8977914719657254e-15,7.652477974139094e-16
-2.852,-4.96097751418422e-15,7.716180091870973e-16
-2.851,-5.024975863634761e-15,7.780237797347656e-16
-2.85,-5.089796922850456e-15,7.844649494699837e-16
-2.849,-5.155451227009161e-15,7.909413485802522e-16
-2.848,-5.221949445616728e-15,7.974527967882079e-16
-2.847,-5.2893023842115025e-15,8.039991031078377e-16
-2.846,-5.357520986090337e-15,8.105800655961242e-16
-2.845,-5.426616334056378e-15,8.171954711000464e-16
-2.844,-5.4965996521889094e-15,8.238450949988552e-16
-2.843,-5.567482307635529e-15,8.305287009415466e-16
-2.842,-5.639275812426932e-15,8.372460405794479e-16
-2.841,-5.71199182531459e-15,8.43996853293838e-16
-2.84,-5.785642153631611e-15,8.507808659185145e-16
-2.839,-5.860238755177073e-15,8.57597792457225e-16
-2.838,-5.9357937401241165e-15,8.644473337958757e-16
-2.837,-6.012319372952111e-15,8.713291774094275e-16
-2.836,-6.0898280744031795e-15,8.782429970633933e-16
-2.835,-6.168332423463393e-15,8.851884525098429e-16
-2.834,-6.24784515936895e-15,8.921651891778256e-16
-2.833,-6.328379183637645e-15,8.991728378581151e-16
-2.832,-6.409947562125946e-15,9.06211014382184e-16
-2.831,-6.492563527112005e-15,9.132793192953078e-16
-2.83,-6.57624047940492e-15,9.203773375237032e-16
-2.829,-6.660991990480587e-15,9.275046380356e-16
-2.828,-6.746831804644459e-15,9.346607734961463e-16
-2.827,-6.83377384122157e-15,9.418452799160403e-16
-2.826,-6.921832196774143e-15,9.490576762937902e-16
-2.825,-7.011021147347151e-15,9.56297464251491e-16
-2.824,-7.1013551507421556e-15,9.635641276640131e-16
-2.823,-7.1928488488198e-15,9.708571322814921e-16
-2.822,-7.285517069831298e-15,9.781759253450081e-16
-2.821,-7.379374830779293e-15,9.855199351953428e-16
-2.82,-7.474437339808453e-15,9.928885708746993e-16
-2.819,-7.57071999862616e-15,1.0002812217212666e-15
-2.818,-7.668238404953697e-15,1.0076972569565114e-15
-2.817,-7.76700835500828e-15,1.015136025265078e-15
-2.816,-7.867045846016364e-15,1.0225968543671711e-15
-2.815,-7.968367078758564e-15,1.0300790505833009e-15
-2.814,-8.070988460146628e-15,1.0375818983912606e-15
-2.813,-8.17492660583284e-15,1.0451046599752133e-15
-2.812,-8.280198342852274e-15,1.0526465747667517e-15
-2.811,-8.386820712298285e-15,1.0602068589778042e-15
-2.81,-8.494810972031685e-15,1.067784705125251e-15
-2.809,-8.604186599424003e-15,1.0753792815471123e-15
-2.808,-8.714965294135254e-15,1.0829897319101738e-15
-2.807,-8.827164980926667e-15,1.0906151747089046e-15
-2.806,-8.940803812508786e-15,1.0982547027555292e-15
-2.805,-9.055900172425406e-15,1.1059073826611039e-15
-2.804,-9.172472677973776e-15,1.1135722543074553e-15
-2.803,-9.290540183161535e-15,1.1212483303098262e-15
-2.802,-9.410121781700825e-15,1.1289345954700804e-15
-2.801,-9.531236810040063e-15,1.136630006220312e-15
-2.8,-9.65390485043383e-15,1.1443334900566997e-15
-2.799,-9.778145734051356e-15,1.15204394496345e-15
-2.798,-9.903979544124086e-15,1.1597602388266663e-15
-2.797,-1.0031426619132806e-14,1.1674812088379785e-15
-2.796,-1.0160507556034842e-14,1.1752056608877703e-15
-2.795,-1.0291243213531801e-14,1.1829323689478292e-15
-2.794,-1.0423654715378401e-14,1.190660074443252e-15
-2.793,-1.0557763453732866e-14,1.1983874856134299e-15
-2.792,-1.0693591092549417e-14,1.2061132768619326e-15
-2.791,-1.0831159571013401e-14,1.2138360880951178e-15
-2.79,-1.0970491107019566e-14,1.2215545240492762e-15
-2.789,-1.1111608200694026e-14,1.2292671536061304e-15
-2.788,-1.1254533637960478e-14,1.2369725090964999e-15
-2.787,-1.1399290494151201e-14,1.244669085591935e-15
-2.786,-1.1545902137663406e-14,1.2523553401841325e-15
-2.785,-1.1694392233661507e-14,1.26002969125193e-15
-2.784,-1.1844784747825868e-14,1.2676905177156809e-15
-2.783,-1.199710395014863e-14,1.275336158278805e-15
-2.782,-1.215137441877719e-14,1.2829649106563088e-15
-2.781,-1.2307621043905929e-14,1.290575030790066e-15
-2.78,-1.2465869031716774e-14,1.298164732050642e-15
-2.779,-1.2626143908369252e-14,1.3057321844254497e-15
-2.778,-1.2788471524040587e-14,1.313275513693013e-15
-2.777,-1.2952878057016516e-14,1.3207928005831175e-15
-2.776,-1.3119390017833431e-14,1.3282820799226192e-15
-2.775,-1.3288034253472485e-14,1.335741339766684e-15
-2.774,-1.3458837951606335e-14,1.343168520515219e-15
-2.773,-1.363182864489913e-14,1.350561514014265e-15
-2.772,-1.380703421536047e-14,1.357918162642102e-15
-2.771,-1.3984482898753942e-14,1.3652362583798278e-15
-2.77,-1.4164203289060973e-14,1.37251354186616e-15
-2.769,-1.434622434300064e-14,1.3797477014362073e-15
-2.768,-1.453057538460616e-14,1.3869363721439546e-15
-2.767,-1.4717286109858782e-14,1.3940771347682034e-15
-2.766,-1.490638659137972e-14,1.4011675148017004e-15
-2.765,-1.5097907283180972e-14,1.4082049814231873e-15
-2.764,-1.529187902547564e-14,1.4151869464521006e-15
-2.763,-1.5488333049548545e-14,1.422110763285642e-15
-2.762,-1.5687300982687915e-14,1.4289737258179404e-15
-2.761,-1.588881485317883e-14,1.4357730673410208e-15
-2.76,-1.6092907095359274e-14,1.4425059594272876e-15
-2.759,-1.6299610554739514e-14,1.449169510793233e-15
-2.758,-1.65089584931856e-14,1.4557607661440673e-15
-2.757,-1.6720984594167847e-14,1.4622767049989701e-15
-2.756,-1.6935722968075006e-14,1.4687142404966558e-15
-2.755,-1.7153208157595017e-14,1.4750702181809387e-15
-2.754,-1.7373475143163145e-14,1.4813414147659825e-15
-2.753,-1.7596559348478336e-14,1.4875245368809098e-15
-2.752,-1.7822496646088657e-14,1.4936162197934475e-15
-2.751,-1.805132336304664e-14,1.499613026112274e-15
-2.75,-1.8283076286635438e-14,1.5055114444677313e-15
-2.749,-1.8517792670166675e-14,1.5113078881705616e-15
-2.748,-1.875551023885084e-14,1.5169986938483183e-15
-2.747,-1.8996267195741162e-14,1.5225801200591016e-15
-2.746,-1.924010222775187e-14,1.5280483458822567e-15
-2.745,-1.9487054511751753e-14,1.5333994694856768e-15
-2.744,-1.9737163720733974e-14,1.5386295066693356e-15
-2.743,-1.9990470030063065e-14,1.543734389384679e-15
-2.742,-2.0247014123800066e-14,1.5487099642294932e-15
-2.741,-2.050683720110678e-14,1.553551990917865e-15
-2.74,-2.0769980982730153e-14,1.5582561407248398e-15
-2.739,-2.1036487717567714e-14,1.5628179949053818e-15
-2.738,-2.1306400189315135e-14,1.56723304308723e-15
-2.737,-2.1579761723196912e-14,1.5714966816372414e-15
-2.736,-2.185661619278118e-14,1.5756042120008047e-15
-2.735,-2.2137008026879744e-14,1.579550839013901e-15
-2.734,-2.2420982216534345e-14,1.5833316691873829e-15
-2.733,-2.2708584322090268e-14,1.5869417089630354e-15
-2.732,-2.2999860480358322e-14,1.5903758629409793e-15
-2.731,-2.3294857411866365e-14,1.593628932077963e-15
-2.73,-2.35936224282014e-14,1.5966956118560918e-15
-2.729,-2.389620343944342e-14,1.5995704904215286e-15
-2.728,-2.4202648961692148e-14,1.6022480466926986e-15
-2.727,-2.4513008124687758e-14,1.6047226484375187e-15
-2.726,-2.482733067952682e-14,1.6069885503191713e-15
-2.725,-2.5145667006474588e-14,1.6090398919099262e-15
-2.724,-2.546806812287488e-14,1.6108706956725157e-15
-2.723,-2.579458569115869e-14,1.6124748649085557e-15
-2.722,-2.6125272026952844e-14,1.6138461816734973e-15
-2.721,-2.6460180107289836e-14,1.6149783046575884e-15
-2.72,-2.67993635789202e-14,1.6158647670323164e-15
-2.719,-2.7142876766728606e-14,1.6164989742617918e-15
-2.718,-2.7490774682255023e-14,1.6168742018785297e-15
-2.717,-2.7843113032322202e-14,1.6169835932230747e-15
-2.716,-2.8199948227770834e-14,1.6168201571469038e-15
-2.715,-2.8561337392303696e-14,1.6163767656780422e-15
-2.714,-2.8927338371440145e-14,1.6156461516488061e-15
-2.713,-2.929800974158229e-14,1.6146209062850905e-15
-2.712,-2.967341081919432e-14,1.613293476756601e-15
-2.711,-3.005360167009622e-14,1.6116561636874226e-15
-2.71,-3.0438643118873506e-14,1.6097011186263178e-15
-2.709,-3.0828596758404185e-14,1.6074203414761182e-15
-2.708,-3.122352495950463e-14,1.6048056778815875e-15
-2.707,-3.162349088069559e-14,1.6018488165751038e-15
-2.706,-3.2028558478090046e-14,1.598541286679513e-15
-2.705,-3.243879251540425e-14,1.5948744549674893e-15
-2.704,-3.2854258574093597e-14,1.5908395230767306e-15
-2.703,-3.327502306361477e-14,1.5864275246803043e-15
-2.702,-3.37011532318158e-14,1.5816293226114532e-15
-2.701,-3.413271717545557e-14,1.5764356059421554e-15
-2.7,-3.456978385085437e-14,1.5708368870147262e-15
-2.699,-3.5012423084677156e-14,1.5648234984257372e-15
-2.698,-3.546070558485111e-14,1.5583855899615149e-15
-2.697,-3.5914702951619224e-14,1.551513125484475e-15
-2.696,-3.6374487688731435e-14,1.5441958797695344e-15
-2.695,-3.684013321477526e-14,1.5364234352898279e-15
-2.694,-3.7311713874647404e-14,1.5281851789509564e-15
-2.693,-3.7789304951168224e-14,1.5194702987729663e-15
-2.692,-3.8272982676840824e-14,1.510267780519262e-15
-2.691,-3.876282424575642e-14,1.5005664042716324e-15
-2.69,-3.9258907825647985e-14,1.490354740950564e-15
-2.689,-3.9761312570093825e-14,1.4796211487799997e-15
-2.688,-4.027011863087308e-14,1.4683537696956898e-15
-2.687,-4.0785407170474876e-14,1.4565405256962704e-15
-2.686,-4.1307260374763163e-14,1.4441691151361885e-15
-2.685,-4.183576146579909e-14,1.4312270089595831e-15
-2.684,-4.2370994714822874e-14,1.4177014468742166e-15
-2.683,-4.2913045455397073e-14,1.4035794334645376e-15
-2.682,-4.3462000096713405e-14,1.3888477342429417e-15
-2.681,-4.401794613706493e-14,1.3734928716382866e-15
-2.68,-4.458097217748583e-14,1.3575011209206974e-15
-2.679,-4.5151167935560654e-14,1.3408585060616898e-15
-2.678,-4.572862425940532e-14,1.3235507955286205e-15
-2.677,-4.631343314182185e-14,1.305563498012462e-15
-2.676,-4.6905687734628977e-14,1.2868818580878814e-15
-2.675,-4.750548236317092e-14,1.26749085180459e-15
-2.674,-4.811291254100637e-14,1.2473751822089131e-15
-2.673,-4.872807498477999e-14,1.2265192747945167e-15
-2.672,-4.9351067629278695e-14,1.2049072728812085e-15
-2.671,-4.9981989642674876e-14,1.1825230329207155e-15
-2.67,-5.0620941441959036e-14,1.1593501197283275e-15
-2.669,-5.1268024708564e-14,1.1353718016392747e-15
-2.668,-5.1923342404183196e-14,1.1105710455886924e-15
-2.667,-5.2586998786785315e-14,1.0849305121140111e-15
-2.666,-5.3259099426827755e-14,1.0584325502785883e-15
-2.665,-5.393975122367142e-14,1.0310591925153867e-15
-2.664,-5.4629062422199134e-14,1.0027921493894801e-15
-2.663,-5.532714262964043e-14,9.736128042781542e-16
-2.662,-5.6034102832605024e-14,9.435022079673483e-16
-2.661,-5.6750055414327684e-14,9.124410731631698e-16
-2.66,-5.747511417212707e-14,8.804097689171871e-16
-2.659,-5.82093943350811e-14,8.47388314964197e-16
-2.658,-5.895301258192162e-14,8.133563759711332e-16
-2.657,-5.970608705915093e-14,7.782932556957724e-16
-2.656,-6.046873739938314e-14,7.421778910538675e-16
-2.655,-6.12410847399127e-14,7.049888460933194e-16
-2.654,-6.202325174151343e-14,6.667043058739802e-16
-2.653,-6.28153626074704e-14,6.273020702516581e-16
-2.652,-6.36175431028478e-14,5.867595475648728e-16
-2.651,-6.442992057399565e-14,5.450537482228879e-16
-2.65,-6.525262396829819e-14,5.021612781935305e-16
-2.649,-6.608578385416701e-14,4.580583323892784e-16
-2.648,-6.692953244128193e-14,4.1272068795007774e-16
-2.647,-6.778400360108263e-14,3.6612369742133124e-16
-2.646,-6.864933288751405e-14,3.1824228182547236e-16
-2.645,-6.952565755802881e-14,2.690509236255173e-16
-2.644,-7.041311659484975e-14,2.1852365957896554e-16
-2.643,-7.131185072649569e-14,1.6663407348039262e-16
-2.642,-7.222200244957381e-14,1.1335528879105618e-16
-2.641,-7.314371605084177e-14,5.865996115381145e-17
-2.64,-7.407713762954294e-14,2.520270791606452e-18
-2.639,-7.502241512001806e-14,-5.509208521219728e-17
-2.638,-7.597969831459687e-14,-1.1420590075345925e-16
-2.637,-7.694913888677283e-14,-1.7485046866865627e-16
-2.636,-7.793089041466475e-14,-2.3705558881987395e-16
-2.635,-7.892510840476862e-14,-3.0085157630525326e-16
-2.634,-7.993195031600315e-14,-3.6626926979677983e-16
-2.633,-8.095157558405302e-14,-4.333400400073317e-16
-2.632,-8.198414564601286e-14,-5.02095798288928e-16
-2.631,-8.302982396533621e-14,-5.725690053641516e-16
-2.63,-8.408877605709288e-14,-6.447926801927454e-16
-2.629,-8.516116951353858e-14,-7.188004089754139e-16
-2.628,-8.624717403000064e-14,-7.946263542968893e-16
-2.627,-8.734696143108368e-14,-8.723052644103519e-16
-2.626,-8.846070569719923e-14,-9.518724826653277e-16
-2.625,-8.958858299142302e-14,-1.0333639570812126e-15
-2.624,-9.07307716866843e-14,-1.1168162500686088e-15
-2.623,-9.188745239329095e-14,-1.2022665483006892e-15
-2.622,-9.305880798679464e-14,-1.2897526727368352e-15
-2.621,-9.424502363620027e-14,-1.3793130888008324e-15
-2.62,-9.54462868325236e-14,-1.4709869167159358e-15
-2.619,-9.666278741770168e-14,-1.5648139419991551e-15
-2.618,-9.789471761386028e-14,-1.6608346261171396e-15
-2.617,-9.914227205294243e-14,-1.7590901173060851e-15
-2.616,-1.0040564780670294e-13,-1.8596222615581088e-15
-2.615,-1.0168504441707305e-13,-1.9624736137765894e-15
-2.614,-1.0298066392689973e-13,-2.067687449102988e-15
-2.613,-1.0429271091106443e-13,-2.175307774417723e-15
-2.612,-1.0562139250798572e-13,-2.285379340017684e-15
-2.611,-1.0696691845151052e-13,-2.39794765147304e-15
-2.61,-1.0832950110319887e-13,-2.5130589816659997e-15
-2.609,-1.0970935548500668e-13,-2.6307603830142546e-15
-2.608,-1.1110669931237177e-13,-2.7510996998818465e-15
-2.607,-1.1252175302770764e-13,-2.874125581180265e-15
-2.606,-1.1395473983431042e-13,-2.9998874931626037e-15
-2.605,-1.1540588573068368e-13,-3.128435732413655e-15
-2.604,-1.1687541954528633e-13,-3.2598214390388617e-15
-2.603,-1.1836357297170884e-13,-3.3940966100550864e-15
-2.602,-1.19870580604283e-13,-3.531314112986207e-15
-2.601,-1.2139667997413017e-13,-3.67152769966658e-15
-2.6,-1.229421115856541e-13,-3.814792020255472e-15
-2.599,-1.2450711895348282e-13,-3.96116263746559e-15
-2.598,-1.2609194863986588e-13,-4.1106960410089005e-15
-2.597,-1.2769685029253201e-13,-4.263449662262966e-15
-2.596,-1.2932207668301302e-13,-4.419481889161071e-15
-2.595,-1.3096788374543938e-13,-4.57885208130947e-15
-2.594,-1.3263453061581377e-13,-4.7416205853351206e-15
-2.593,-1.343222796717677e-13,-4.9078487504673335e-15
-2.592,-1.3603139657280753e-13,-5.0775989443568114e-15
-2.591,-1.37762150301056e-13,-5.2509345691355854e-15
-2.59,-1.3951481320249475e-13,-5.427920077721437e-15
-2.589,-1.4128966102871444e-13,-5.6086209903704284e-15
-2.588,-1.4308697297917837e-13,-5.793103911481213e-15
-2.587,-1.4490703174400602e-13,-5.981436546654862e-15
-2.586,-1.4675012354728263e-13,-6.173687720013994e-15
-2.585,-1.4861653819090157e-13,-6.369927391785044e-15
-2.584,-1.5050656909894543e-13,-6.570226676147573e-15
-2.583,-1.5242051336261303e-13,-6.774657859354563e-15
-2.582,-1.5435867178569855e-13,-6.983294418127723e-15
-2.581,-1.5632134893062943e-13,-7.196211038331852e-15
-2.58,-1.5830885316507045e-13,-7.413483633932408e-15
-2.579,-1.6032149670909997e-13,-7.635189366240457e-15
-2.578,-1.6235959568296612e-13,-7.86140666344926e-15
-2.577,-1.6442347015542934e-13,-8.092215240466779e-15
-2.576,-1.6651344419269895e-13,-8.327696119048529e-15
-2.575,-1.6862984590797055e-13,-8.567931648235153e-15
-2.574,-1.7077300751157159e-13,-8.813005525099247e-15
-2.573,-1.7294326536172292e-13,-9.063002815806007e-15
-2.572,-1.751409600159231e-13,-9.318009976992305e-15
-2.571,-1.7736643628296374e-13,-9.578114877468915e-15
-2.57,-1.7962004327558299e-13,-9.84340682025063e-15
-2.569,-1.819021344637652e-13,-1.0113976564919131e-14
-2.568,-1.842130677286947e-13,-1.0389916350323494e-14
-2.567,-1.8655320541737105e-13,-1.0671319917623306e-14
-2.566,-1.889229143978947e-13,-1.095828253367946e-14
-2.565,-1.9132256611543039e-13,-1.1250901014797713e-14
-2.564,-1.937525366488568e-13,-1.1549273750830254e-14
-2.563,-1.9621320676811103e-13,-1.1853500729640482e-14
-2.562,-1.9870496199223577e-13,-1.21636835619364e-14
-2.561,-2.0122819264813828e-13,-1.2479925506478009e-14
-2.56,-2.0378329393006938e-13,-1.2802331495664229e-14
-2.559,-2.0637066595983123e-13,-1.3131008161504892e-14
-2.558,-2.0899071384772312e-13,-1.3466063861983501e-14
-2.557,-2.1164384775423359e-13,-1.3807608707816486e-14
-2.556,-2.1433048295248839e-13,-1.4155754589614765e-14
-2.555,-2.1705103989146333e-13,-1.451061520545354e-14
-2.554,-2.198059442599711e-13,-1.4872306088856307e-14
-2.553,-2.2259562705143158e-13,-1.5240944637199178e-14
-2.552,-2.2542052462943534e-13,-1.5616650140541652e-14
-2.551,-2.282810787941093e-13,-1.599954381089011e-14
-2.55,-2.31177736849295e-13,-1.6389748811900394e-14
-2.549,-2.3411095167054884e-13,-1.678739028902589e-14
-2.548,-2.370811817739741e-13,-1.7192595400117613e-14
-2.547,-2.4008889138589565e-13,-1.7605493346483e-14
-2.546,-2.4313455051338633e-13,-1.8026215404410054e-14
-2.545,-2.462186350156562e-13,-1.845489495716368e-14
-2.544,-2.493416266763148e-13,-1.889166752746115e-14
-2.543,-2.52504013276517e-13,-1.9336670810433663e-14
-2.542,-2.557062886690028e-13,-1.9790044707081183e-14
-2.541,-2.5894895285304264e-13,-2.0251931358227664e-14
-2.54,-2.622325120502982e-13,-2.0722475178984122e-14
-2.539,-2.655574787816107e-13,-2.1201822893726837e-14
-2.538,-2.689243719447268e-13,-2.1690123571598335e-14
-2.537,-2.723337168929748e-13,-2.2187528662538698e-14
-2.536,-2.7578604551490143e-13,-2.2694192033855028e-14
-2.535,-2.79281896314881e-13,-2.321027000733686e-14
-2.534,-2.828218144947097e-13,-2.373592139692553e-14
-2.533,-2.864063520361952e-13,-2.4271307546945603e-14
-2.532,-2.9003606778475514e-13,-2.4816592370906523e-14
-2.531,-2.937115275340358e-13,-2.5371942390882832e-14
-2.53,-2.9743330411156335e-13,-2.5937526777481383e-14
-2.529,-3.012019774654406e-13,-2.6513517390404147e-14
-2.528,-3.050181347521011e-13,-2.7100088819615234e-14
-2.527,-3.0888237042513384e-13,-2.769741842712099e-14
-2.526,-3.1279528632519183e-13,-2.830568638937209e-14
-2.525,-3.167574917709962e-13,-2.892507574029667e-14
-2.524,-3.20769603651451e-13,-2.955577241497373e-14
-2.523,-3.248322465188801e-13,-3.0197965293956054e-14
-2.522,-3.289460526834012e-13,-3.0851846248252247e-14
-2.521,-3.3311166230844996e-13,-3.151761018497728e-14
-2.52,-3.3732972350746803e-13,-3.21954550936815e-14
-2.519,-3.4160089244176937e-13,-3.288558209336775e-14
-2.518,-3.459258334195985e-13,-3.35881954802068e-14
-2.517,-3.5030521899639594e-13,-3.430350277596109e-14
-2.516,-3.5473973007628383e-13,-3.503171477712723e-14
-2.515,-3.592300560147885e-13,-3.577304560480752e-14
-2.514,-3.6377689472281253e-13,-3.652771275532131e-14
-2.513,-3.683809527718733e-13,-3.7295937151566675e-14
-2.512,-3.7304294550062207e-13,-3.807794319514361e-14
-2.511,-3.777635971226595e-13,-3.887395881924951e-14
-2.51,-3.825436408356628e-13,-3.9684215542358324e-14
-2.509,-3.8738381893184084e-13,-4.050894852269477e-14
-2.508,-3.9228488290973246e-13,-4.134839661351494e-14
-2.507,-3.9724759358736457e-13,-4.2202802419205304e-14
-2.506,-4.022727212167867e-13,-4.307241235221168e-14
-2.505,-4.073610455999971e-13,-4.395747669081039e-14
-2.504,-4.1251335620627923e-13,-4.485824963773378e-14
-2.503,-4.177304522909635e-13,-4.577498937966241e-14
-2.502,-4.230131430156327e-13,-4.670795814759653e-14
-2.501,-4.283622475697879e-13,-4.76574222781196e-14
-2.5,-4.3377859529399233e-13,-4.8623652275566707e-14
-2.499,-4.3926302580451137e-13,-4.9606922875111014e-14
-2.498,-4.448163891194657e-13,-5.060751310678152e-14
-2.497,-4.5043954578651694e-13,-5.162570636042565e-14
-2.496,-4.56133367012103e-13,-5.266179045163024e-14
-2.495,-4.618987347922427e-13,-5.3716057688614885e-14
-2.494,-4.677365420449274e-13,-5.4788804940111706e-14
-2.493,-4.736476927441197e-13,-5.5880333704245666e-14
-2.492,-4.796331020553777e-13,-5.699095017843005e-14
-2.491,-4.856936964731249e-13,-5.812096533029172e-14
-2.49,-4.918304139595842e-13,-5.927069496964103e-14
-2.489,-4.980442040853982e-13,-6.044045982150136e-14
-2.488,-5.043360281719531e-13,-6.163058560021391e-14
-2.487,-5.107068594354292e-13,-6.284140308463279e-14
-2.486,-5.171576831325963e-13,-6.407324819442664e-14
-2.485,-5.236894967083775e-13,-6.532646206750238e-14
-2.484,-5.303033099451998e-13,-6.660139113856738e-14
-2.483,-5.370001451141548e-13,-6.789838721884664e-14
-2.482,-5.437810371279904e-13,-6.921780757697137e-14
-2.481,-5.506470336959549e-13,-7.056001502105602e-14
-2.48,-5.575991954805171e-13,-7.192537798198085e-14
-2.479,-5.646385962559832e-13,-7.331427059789744e-14
-2.478,-5.71766323069034e-13,-7.472707279997465e-14
-2.477,-5.789834764012047e-13,-7.616417039940307e-14
-2.476,-5.862911703333317e-13,-7.762595517567591e-14
-2.475,-5.936905327119887e-13,-7.911282496616483e-14
-2.474,-6.011827053179357e-13,-8.062518375700923e-14
-2.473,-6.087688440366066e-13,-8.216344177533814e-14
-2.472,-6.16450119030657e-13,-8.372801558284345e-14
-2.471,-6.242277149145996e-13,-8.531932817072444e-14
-2.47,-6.321028309315502e-13,-8.693780905602285e-14
-2.469,-6.400766811321098e-13,-8.858389437936891e-14
-2.468,-6.481504945554088e-13,-9.025802700415821e-14
-2.467,-6.563255154123385e-13,-9.196065661718028e-14
-2.466,-6.646030032709966e-13,-9.369223983071955e-14
-2.465,-6.729842332443719e-13,-9.545324028615001e-14
-2.464,-6.814704961802961e-13,-9.724412875904476e-14
-2.463,-6.90063098853689e-13,-9.906538326582249e-14
-2.462,-6.987633641611243e-13,-1.009174891719528e-13
-2.461,-7.075726313177447e-13,-1.028009393017427e-13
-2.46,-7.164922560565518e-13,-1.0471623404972704e-13
-2.459,-7.255236108301024e-13,-1.0666388149368595e-13
-2.458,-7.346680850146364e-13,-1.0864439750931241e-13
-2.457,-7.439270851166688e-13,-1.1065830588655382e-13
-2.456,-7.533020349820704e-13,-1.1270613844765151e-13
-2.455,-7.627943760076723e-13,-1.1478843516690241e-13
-2.454,-7.724055673554193e-13,-1.169057442921678e-13
-2.453,-7.821370861691054e-13,-1.1905862246815374e-13
-2.452,-7.919904277937211e-13,-1.2124763486148927e-13
-2.451,-8.019671059974436e-13,-1.2347335528762728e-13
-2.45,-8.120686531963005e-13,-1.2573636633959474e-13
-2.449,-8.222966206815411e-13,-1.2803725951861851e-13
-2.448,-8.326525788497436e-13,-1.3037663536665384e-13
-2.447,-8.431381174356947e-13,-1.3275510360084212e-13
-2.446,-8.537548457480718e-13,-1.351732832499265e-13
-2.445,-8.645043929079613e-13,-1.3763180279265234e-13
-2.444,-8.753884080902478e-13,-1.4013130029818167e-13
-2.443,-8.86408560767908e-13,-1.4267242356854984e-13
-2.442,-8.975665409592414e-13,-1.4525583028319408e-13
-2.441,-9.088640594780767e-13,-1.4788218814558321e-13
-2.44,-9.203028481869851e-13,-1.5055217503197862e-13
-2.439,-9.318846602535383e-13,-1.5326647914235693e-13
-2.438,-9.436112704096478e-13,-1.5602579915352538e-13
-2.437,-9.554844752140189e-13,-1.5883084437446105e-13
-2.436,-9.675060933177601e-13,-1.6168233490390567e-13
-2.435,-9.796779657331826e-13,-1.645810017902482e-13
-2.434,-9.920019561058284e-13,-1.675275871937281e-13
-2.433,-1.004479950989765e-12,-1.7052284455099196e-13
-2.432,-1.017113860126186e-12,-1.7356753874203742e-13
-2.431,-1.029905616725356e-12,-1.7666244625957805e-13
-2.43,-1.0428571777519387e-12,-1.7980835538086418e-13
-2.429,-1.0559705242137494e-12,-1.8300606634199418e-13
-2.428,-1.0692476614539721e-12,-1.862563915147521e-13
-2.427,-1.0826906194468824e-12,-1.8956015558600736e-13
-2.426,-1.0963014530971136e-12,-1.9291819573971326e-13
-2.425,-1.1100822425425164e-12,-1.9633136184154082e-13
-2.424,-1.1240350934606448e-12,-1.998005166261863e-13
-2.423,-1.138162137378918e-12,-2.0332653588738958e-13
-2.422,-1.1524655319884985e-12,-2.069103086707025e-13
-2.421,-1.1669474614619303e-12,-2.1055273746904632e-13
-2.42,-1.1816101367745833e-12,-2.1425473842109745e-13
-2.419,-1.1964557960299464e-12,-2.1801724151254247e-13
-2.418,-1.2114867047888158e-12,-2.2184119078024257e-13
-2.417,-1.226705156402425e-12,-2.2572754451934904e-13
-2.416,-1.2421134723495619e-12,-2.296772754934118e-13
-2.415,-1.2577140025777197e-12,-2.336913711475235e-13
-2.414,-1.2735091258483303e-12,-2.377708338245421e-13
-2.413,-1.2895012500861262e-12,-2.4191668098443584e-13
-2.412,-1.3056928127326832e-12,-2.461299454267953e-13
-2.411,-1.322086281104188e-12,-2.504116755165567e-13
-2.41,-1.3386841527534842e-12,-2.547629354129826e-13
-2.409,-1.3554889558364462e-12,-2.591848053019463e-13
-2.408,-1.3725032494827297e-12,-2.6367838163156646e-13
-2.407,-1.3897296241709533e-12,-2.6824477735123974e-13
-2.406,-1.4071707021083626e-12,-2.7288512215411976e-13
-2.405,-1.4248291376150248e-12,-2.776005627230906e-13
-2.404,-1.442707617512616e-12,-2.823922629802853e-13
-2.403,-1.4608088615178465e-12,-2.872614043401991e-13
-2.402,-1.4791356226405812e-12,-2.922091859664484e-13
-2.401,-1.4976906875867147e-12,-2.9723682503222706e-13
-2.4,-1.5164768771658487e-12,-3.0234555698451284e-13
-2.399,-1.5354970467038349e-12,-3.0753663581207636e-13
-2.398,-1.554754086460237e-12,-3.1281133431734744e-13
-2.397,-1.57425092205077e-12,-3.181709443921921e-13
-2.396,-1.5939905148747748e-12,-3.2361677729765707e-13
-2.395,-1.6139758625477899e-12,-3.29150163947737e-13
-2.394,-1.6342099993392739e-12,-3.347724551972211e-13
-2.393,-1.6546959966155452e-12,-3.4048502213367837e-13
-2.392,-1.6754369632879974e-12,-3.4628925637363766e-13
-2.391,-1.69643604626665e-12,-3.521865703630244e-13
-2.39,-1.717696430919102e-12,-3.5817839768191224e-13
-2.389,-1.7392213415349445e-12,-3.6426619335365164e-13
-2.388,-1.7610140417957043e-12,-3.704514341584368e-13
-2.387,-1.7830778352503758e-12,-3.767356189513738e-13
-2.386,-1.8054160657966101e-12,-3.831202689851142e-13
-2.385,-1.8280321181676277e-12,-3.8960692823711684e-13
-2.384,-1.85092941842492e-12,-3.961971637416053e-13
-2.383,-1.8741114344568074e-12,-4.028925659262861e-13
-2.382,-1.897581676482923e-12,-4.0969474895389457e-13
-2.381,-1.9213436975646927e-12,-4.1660535106863806e-13
-2.38,-1.945401094121875e-12,-4.2362603494760383e-13
-2.379,-1.9697575064552416e-12,-4.3075848805720263e-13
-2.378,-1.994416619275459e-12,-4.3800442301471905e-13
-2.377,-2.019382162238254e-12,-4.4536557795504026e-13
-2.376,-2.0446579104859274e-12,-4.5284371690263644e-13
-2.375,-2.0702476851952933e-12,-4.604406301488669e-13
-2.374,-2.0961553541321246e-12,-4.681581346346864e-13
-2.373,-2.1223848322121676e-12,-4.759980743388292e-13
-2.372,-2.1489400820688133e-12,-4.839623206715468e-13
-2.371,-2.1758251146274997e-12,-4.92052772873977e-13
-2.37,-2.2030439896869207e-12,-5.002713584232259e-13
-2.369,-2.2306008165071217e-12,-5.08620033443241e-13
-2.368,-2.2584997544045667e-12,-5.171007831215585e-13
-2.367,-2.286745013354249e-12,-5.257156221320058e-13
-2.366,-2.3153408545989366e-12,-5.344665950634454e-13
-2.365,-2.3442915912656283e-12,-5.433557768546427e-13
-2.364,-2.373601588989307e-12,-5.523852732353462e-13
-2.363,-2.403275266544076e-12,-5.615572211736645e-13
-2.362,-2.4333170964817592e-12,-5.708737893298325e-13
-2.361,-2.4637316057780607e-12,-5.803371785164533e-13
-2.36,-2.4945233764863592e-12,-5.899496221653086e-13
-2.359,-2.525697046399236e-12,-5.997133868008288e-13
-2.358,-2.5572573097178225e-12,-6.096307725203188e-13
-2.357,-2.589208917729056e-12,-6.197041134810299e-13
-2.356,-2.621556679490939e-12,-6.299357783941792e-13
-2.355,-2.65430546252589e-12,-6.403281710260107e-13
-2.354,-2.687460193522284e-12,-6.508837307059973e-13
-2.353,-2.721025859044277e-12,-6.616049328422854e-13
-2.352,-2.7550075062500044e-12,-6.724942894444824e-13
-2.351,-2.789410243618258e-12,-6.835543496538908e-13
-2.35,-2.824239241683735e-12,-6.947877002812936e-13
-2.349,-2.85949973378096e-12,-7.061969663523955e-13
-2.348,-2.8951970167969762e-12,-7.177848116610296e-13
-2.347,-2.9313364519329146e-12,-7.295539393302365e-13
-2.346,-2.9679234654745364e-12,-7.41507092381327e-13
-2.345,-3.0049635495718534e-12,-7.536470543110403e-13
-2.344,-3.042462263027938e-12,-7.659766496769117e-13
-2.343,-3.0804252320970155e-12,-7.784987446909628e-13
-2.342,-3.118858151291962e-12,-7.912162478218337e-13
-2.341,-3.1577667842013014e-12,-8.041321104054735e-13
-2.34,-3.1971569643158193e-12,-8.172493272645088e-13
-2.339,-3.2370345958649045e-12,-8.305709373364133e-13
-2.338,-3.277405654662726e-12,-8.441000243106008e-13
-2.337,-3.3182761889643598e-12,-8.578397172745651e-13
-2.336,-3.359652320331985e-12,-8.717931913691966e-13
-2.335,-3.4015402445112566e-12,-8.859636684534011e-13
-2.334,-3.4439462323179788e-12,-9.003544177781525e-13
-2.333,-3.4868766305351952e-12,-9.1496875667011e-13
-2.332,-3.530337862820813e-12,-9.298100512249358e-13
-2.331,-3.5743364306258846e-12,-9.448817170104467e-13
-2.33,-3.618878914123673e-12,-9.601872197797379e-13
-2.329,-3.663971973149612e-12,-9.757300761944185e-13
-2.328,-3.709622348152304e-12,-9.915138545580999e-13
-2.327,-3.7558368611556656e-12,-1.0075421755602808e-12
-2.326,-3.802622416732358e-12,-1.0238187130307731e-12
-2.325,-3.849986002988631e-12,-1.0403471947048157e-12
-2.324,-3.897934692560709e-12,-1.0571314029990283e-12
-2.323,-3.946475643622848e-12,-1.074175175798351e-12
-2.322,-3.995616100907208e-12,-1.0914824072541305e-12
-2.321,-4.045363396735663e-12,-1.1090570485935006e-12
-2.32,-4.095724952063694e-12,-1.1269031089402207e-12
-2.319,-4.146708277536503e-12,-1.1450246561471287e-12
-2.318,-4.198320974557478e-12,-1.1634258176403724e-12
-2.317,-4.250570736369164e-12,-1.1821107812755814e-12
-2.316,-4.303465349146878e-12,-1.2010837962061484e-12
-2.315,-4.357012693105098e-12,-1.2203491737637867e-12
-2.314,-4.411220743616804e-12,-1.2399112883515369e-12
-2.313,-4.46609757234588e-12,-1.2597745783493935e-12
-2.312,-4.521651348392755e-12,-1.279943547032731e-12
-2.311,-4.57789033945343e-12,-1.3004227635037051e-12
-2.31,-4.634822912992022e-12,-1.321216863635809e-12
-2.309,-4.692457537427011e-12,-1.3423305510317716e-12
-2.308,-4.75080278333132e-12,-1.36376859799498e-12
-2.307,-4.8098673246463965e-12,-1.3855358465146155e-12
-2.306,-4.869659939910461e-12,-1.4076372092646943e-12
-2.305,-4.930189513501068e-12,-1.4300776706172077e-12
-2.304,-4.991465036892154e-12,-1.4528622876695535e-12
-2.303,-5.053495609925737e-12,-1.4759961912864633e-12
-2.302,-5.116290442098428e-12,-1.4994845871566235e-12
-2.301,-5.179858853862926e-12,-1.5233327568641942e-12
-2.3,-5.244210277944666e-12,-1.5475460589754355e-12
-2.299,-5.309354260673798e-12,-1.5721299301406489e-12
-2.298,-5.3753004633326585e-12,-1.5970898862116484e-12
-2.297,-5.44205866351892e-12,-1.622431523374976e-12
-2.296,-5.509638756524596e-12,-1.6481605193010798e-12
-2.295,-5.5780507567310765e-12,-1.6742826343096784e-12
-2.294,-5.647304799020378e-12,-1.7008037125515345e-12
-2.293,-5.717411140202792e-12,-1.7277296832068666e-12
-2.292,-5.788380160461118e-12,-1.7550665617006286e-12
-2.291,-5.860222364811667e-12,-1.7828204509348942e-12
-2.29,-5.932948384582229e-12,-1.8109975425385787e-12
-2.289,-6.006568978907188e-12,-1.8396041181347445e-12
-2.288,-6.08109503623999e-12,-1.868646550625729e-12
-2.287,-6.156537575883148e-12,-1.898131305496346e-12
-2.286,-6.232907749535997e-12,-1.9280649421354077e-12
-2.285,-6.310216842860378e-12,-1.9584541151758266e-12
-2.284,-6.3884762770644806e-12,-1.989305575853548e-12
-2.283,-6.467697610505018e-12,-2.020626173385579e-12
-2.282,-6.54789254030797e-12,-2.0524228563673794e-12
-2.281,-6.6290729040080885e-12,-2.0847026741898745e-12
-2.28,-6.711250681207372e-12,-2.1174727784763762e-12
-2.279,-6.794437995252739e-12,-2.1507404245396736e-12
-2.278,-6.8786471149330996e-12,-2.1845129728595785e-12
-2.277,-6.963890456196058e-12,-2.2187978905812132e-12
-2.276,-7.050180583884454e-12,-2.2536027530343202e-12
-2.275,-7.137530213492975e-12,-2.288935245273887e-12
-2.274,-7.225952212945064e-12,-2.324803163642386e-12
-2.273,-7.315459604390345e-12,-2.3612144173539216e-12
-2.272,-7.406065566022799e-12,-2.3981770301005912e-12
-2.271,-7.497783433919937e-12,-2.4356991416813666e-12
-2.27,-7.590626703903174e-12,-2.473789009653808e-12
-2.269,-7.684609033419675e-12,-2.5124550110089233e-12
-2.268,-7.779744243445901e-12,-2.551705643869498e-12
-2.267,-7.876046320413087e-12,-2.5915495292122152e-12
-2.266,-7.973529418154911e-12,-2.631995412613895e-12
-2.265,-8.07220785987761e-12,-2.6730521660221914e-12
-2.264,-8.172096140152763e-12,-2.7147287895510757e-12
-2.263,-8.273208926933035e-12,-2.7570344133014586e-12
-2.262,-8.375561063591102e-12,-2.799978299207291e-12
-2.261,-8.479167570982047e-12,-2.8435698429074974e-12
-2.26,-8.58404364952946e-12,-2.8878185756441004e-12
-2.259,-8.690204681335532e-12,-2.932734166186895e-12
-2.258,-8.7976662323154e-12,-2.9783264227850396e-12
-2.257,-8.906444054356001e-12,-3.024605295145936e-12
-2.256,-9.016554087499741e-12,-3.0715808764417756e-12
-2.255,-9.128012462153212e-12,-3.1192634053441313e-12
-2.254,-9.240835501321282e-12,-3.1676632680869815e-12
-2.253,-9.3550397228668e-12,-3.216791000558561e-12
-2.252,-9.47064184179623e-12,-3.266657290422434e-12
-2.251,-9.587658772571486e-12,-3.317272979268193e-12
-2.25,-9.70610763144826e-12,-3.36864906479219e-12
-2.249,-9.826005738841155e-12,-3.4207967030087146e-12
-2.248,-9.947370621715903e-12,-3.4737272104920417e-12
-2.247,-1.0070220016008953e-11,-3.5274520666497687e-12
-2.246,-1.0194571869074793e-11,-3.5819829160278753e-12
-2.245,-1.0320444342161235e-11,-3.637331570647942e-12
-2.244,-1.044785581291303e-11,-3.693510012376976e-12
-2.243,-1.0576824877904117e-11,-3.750530395330278e-12
-2.242,-1.0707370355198783e-11,-3.808405048307824e-12
-2.241,-1.083951128694213e-11,-3.867146477264609e-12
-2.24,-1.0973266941980086e-11,-3.9267673678154246e-12
-2.239,-1.1108656818509356e-11,-3.987280587774544e-12
-2.238,-1.1245700646757616e-11,-4.0486991897307945e-12
-2.237,-1.1384418391694267e-11,-4.1110364136585046e-12
-2.236,-1.1524830255772125e-11,-4.174305689564814e-12
-2.235,-1.1666956681700364e-11,-4.238520640173856e-12
-2.234,-1.1810818355249049e-11,-4.303695083648309e-12
-2.233,-1.1956436208085635e-11,-4.369843036348834e-12
-2.232,-1.210383142064376e-11,-4.4369787156319215e-12
-2.231,-1.2253025425024698e-11,-4.505116542686672e-12
-2.23,-1.2404039907931828e-11,-4.574271145411044e-12
-2.229,-1.2556896813638491e-11,-4.644457361328115e-12
-2.228,-1.2711618346989582e-11,-4.715690240542901e-12
-2.227,-1.2868226976437275e-11,-4.7879850487402924e-12
-2.226,-1.3026745437111231e-11,-4.861357270224672e-12
-2.225,-1.3187196733923687e-11,-4.935822611001784e-12
-2.224,-1.3349604144709793e-11,-5.011397001903439e-12
-2.223,-1.3513991223403586e-11,-5.08809660175563e-12
-2.222,-1.3680381803250017e-11,-5.165937800590673e-12
-2.221,-1.384880000005338e-11,-5.244937222903961e-12
-2.22,-1.4019270215462583e-11,-5.3251117309559475e-12
-2.219,-1.4191817140293642e-11,-5.406478428119981e-12
-2.218,-1.4366465757889802e-11,-5.489054662276616e-12
-2.217,-1.4543241347519732e-11,-5.572858029255043e-12
-2.216,-1.472216948781415e-11,-5.657906376322272e-12
-2.215,-1.490327606024135e-11,-5.744217805720733e-12
-2.214,-1.5086587252622032e-11,-5.8318106782549565e-12
-2.213,-1.527212956268387e-11,-5.920703616927996e-12
-2.212,-1.5459929801656244e-11,-6.010915510628288e-12
-2.211,-1.565001509790558e-11,-6.102465517867623e-12
-2.21,-1.5842412900611733e-11,-6.1953730705709485e-12
-2.209,-1.6037150983485882e-11,-6.289657877918684e-12
-2.208,-1.623425744853035e-11,-6.385339930242294e-12
-2.207,-1.6433760729840846e-11,-6.4824395029738356e-12
-2.206,-1.6635689597451547e-11,-6.580977160650214e-12
-2.205,-1.6840073161223525e-11,-6.6809737609728995e-12
-2.204,-1.7046940874776976e-11,-6.782450458923868e-12
-2.203,-1.7256322539467695e-11,-6.885428710938526e-12
-2.202,-1.7468248308408345e-11,-6.989930279136396e-12
-2.201,-1.7682748690534906e-11,-7.095977235610366e-12
-2.2,-1.7899854554718923e-11,-7.203591966775291e-12
-2.199,-1.8119597133925903e-11,-7.312797177776755e-12
-2.198,-1.8342008029420482e-11,-7.423615896960822e-12
-2.197,-1.8567119215018806e-11,-7.536071480405613e-12
-2.196,-1.8794963041388628e-11,-7.650187616515536e-12
-2.195,-1.902557224039767e-11,-7.765988330679039e-12
-2.194,-1.9258979929510776e-11,-7.88349798999075e-12
-2.193,-1.9495219616236315e-11,-8.00274130803888e-12
-2.192,-1.9734325202622452e-11,-8.123743349758773e-12
-2.191,-1.9976330989803758e-11,-8.246529536353514e-12
-2.19,-2.0221271682598743e-11,-8.371125650282522e-12
-2.189,-2.0469182394158817e-11,-8.497557840319011e-12
-2.188,-2.072009865066928e-11,-8.625852626677312e-12
-2.187,-2.0974056396102854e-11,-8.756036906210969e-12
-2.186,-2.1231091997026367e-11,-8.88813795768259e-12
-2.185,-2.14912422474611e-11,-9.022183447106429e-12
-2.184,-2.1754544373797437e-11,-9.158201433164683e-12
-2.183,-2.2021036039764332e-11,-9.296220372698521e-12
-2.182,-2.2290755351454264e-11,-9.436269126274843e-12
-2.181,-2.256374086240417e-11,-9.578376963829824e-12
-2.18,-2.284003157873305e-11,-9.722573570390261e-12
-2.179,-2.311966696433678e-11,-9.868889051873807e-12
-2.178,-2.340268694614078e-11,-1.0017353940969154e-11
-2.177,-2.3689131919411164e-11,-1.0167999203097248e-11
-2.176,-2.3979042753124926e-11,-1.0320856242454636e-11
-2.175,-2.4272460795399903e-11,-1.0475956908140097e-11
-2.174,-2.456942787898502e-11,-1.0633333500365622e-11
-2.173,-2.4869986326811595e-11,-1.0793018776752968e-11
-2.172,-2.517417895760623e-11,-1.0955045958716876e-11
-2.171,-2.548204909156601e-11,-1.1119448737936192e-11
-2.17,-2.5793640556096688e-11,-1.128626128291404e-11
-2.169,-2.610899769161443e-11,-1.145551824562829e-11
-2.168,-2.6428165357411918e-11,-1.1627254768273512e-11
-2.167,-2.6751188937589393e-11,-1.1801506490095702e-11
-2.166,-2.7078114347051367e-11,-1.1978309554321003e-11
-2.165,-2.7408988037569706e-11,-1.2157700615179707e-11
-2.164,-2.7743857003913753e-11,-1.233971684502685e-11
-2.163,-2.808276879004824e-11,-1.2524395941560679e-11
-2.162,-2.8425771495399652e-11,-1.271177613514034e-11
-2.161,-2.877291378119184e-11,-1.2901896196204136e-11
-2.16,-2.9124244876851496e-11,-1.3094795442789707e-11
-2.159,-2.947981458648437e-11,-1.3290513748157506e-11
-2.158,-2.9839673295422854e-11,-1.348909154851901e-11
-2.157,-3.0203871976845724e-11,-1.3690569850871029e-11
-2.156,-3.057246219847085e-11,-1.3894990240937613e-11
-2.155,-3.094549612932149e-11,-1.4102394891220954e-11
-2.154,-3.1323026546567186e-11,-1.4312826569162815e-11
-2.153,-3.170510684243973e-11,-1.4526328645417939e-11
-2.152,-3.209179103122528e-11,-1.4742945102240984e-11
-2.151,-3.248313375633326e-11,-1.4962720541988508e-11
-2.15,-3.2879190297442824e-11,-1.5185700195737562e-11
-2.149,-3.328001657772785e-11,-1.541192993202248e-11
-2.148,-3.3685669171161075e-11,-1.5641456265691438e-11
-2.147,-3.4096205309898406e-11,-1.5874326366884456e-11
-2.146,-3.4511682891744063e-11,-1.6110588070134418e-11
-2.145,-3.493216048769751e-11,-1.635028988359282e-11
-2.144,-3.535769734958298e-11,-1.6593480998381942e-11
-2.143,-3.578835341776247e-11,-1.6840211298075095e-11
-2.142,-3.6224189328933004e-11,-1.7090531368306745e-11
-2.141,-3.666526642400919e-11,-1.734449250651423e-11
-2.14,-3.711164675609178e-11,-1.760214673181283e-11
-2.139,-3.756339309852325e-11,-1.7863546795006064e-11
-2.138,-3.802056895303119e-11,-1.8128746188732943e-11
-2.137,-3.848323855796058e-11,-1.839779915775413e-11
-2.136,-3.895146689659564e-11,-1.8670760709378795e-11
-2.135,-3.9425319705572395e-11,-1.8947686624034123e-11
-2.134,-3.9904863483382774e-11,-1.922863346597938e-11
-2.133,-4.039016549897117e-11,-1.9513658594166478e-11
-2.132,-4.0881293800424495e-11,-1.9802820173249042e-11
-2.131,-4.1378317223756635e-11,-2.0096177184741966e-11
-2.13,-4.1881305401788267e-11,-2.039378943833348e-11
-2.129,-4.239032877312306e-11,-2.0695717583351804e-11
-2.128,-4.2905458591221196e-11,-2.1002023120388474e-11
-2.127,-4.3426766933571284e-11,-2.131276841308042e-11
-2.126,-4.395432671096156e-11,-2.1628016700052994e-11
-2.125,-4.4488211676851484e-11,-2.1947832107026054e-11
-2.124,-4.502849643684475e-11,-2.2272279659085342e-11
-2.123,-4.5575256458264665e-11,-2.2601425293121383e-11
-2.122,-4.612856807983305e-11,-2.2935335870438135e-11
-2.121,-4.6688508521453625e-11,-2.327407918953371e-11
-2.12,-4.725515589410101e-11,-2.3617723999055437e-11
-2.119,-4.7828589209816344e-11,-2.3966340010931686e-11
-2.118,-4.840888839181068e-11,-2.4319997913682745e-11
-2.117,-4.89961342846772e-11,-2.4678769385913253e-11
-2.116,-4.9590408664713374e-11,-2.504272710998852e-11
-2.115,-5.019179425035411e-11,-2.5411944785897363e-11
-2.114,-5.0800374712717186e-11,-2.5786497145303774e-11
-2.113,-5.141623468626188e-11,-2.6166459965790133e-11
-2.112,-5.2039459779562086e-11,-2.655191008529447e-11
-2.111,-5.267013658619506e-11,-2.694292541674433e-11
-2.11,-5.330835269574687e-11,-2.7339584962890008e-11
-2.109,-5.395419670493581e-11,-2.7741968831339717e-11
-2.108,-5.460775822885498e-11,-2.8150158249799477e-11
-2.107,-5.5269127912335096e-11,-2.8564235581520435e-11
-2.106,-5.5938397441428903e-11,-2.8984284340956437e-11
-2.105,-5.661565955501829e-11,-2.941038920963462e-11
-2.104,-5.730100805654537e-11,-2.9842636052241975e-11
-2.103,-5.7994537825868795e-11,-3.0281111932930645e-11
-2.102,-5.86963448312465e-11,-3.072590513184508e-11
-2.101,-5.940652614144618e-11,-3.117710516187382e-11
-2.1,-6.012517993798476e-11,-3.1634802785629105e-11
-2.099,-6.08524055274981e-11,-3.209909003265719e-11
-2.098,-6.158830335424236e-11,-3.2570060216882685e-11
-2.097,-6.233297501272805e-11,-3.3047807954289786e-11
-2.096,-6.308652326048855e-11,-3.353242918084382e-11
-2.095,-6.384905203098383e-11,-3.40240211706562e-11
-2.094,-6.462066644664132e-11,-3.452268255439599e-11
-2.093,-6.540147283203477e-11,-3.5028513337951633e-11
-2.092,-6.619157872720278e-11,-3.554161492134584e-11
-2.091,-6.699109290110827e-11,-3.606209011790738e-11
-2.09,-6.78001253652403e-11,-3.659004317370295e-11
-2.089,-6.861878738735954e-11,-3.712557978723277e-11
-2.088,-6.9447191505389e-11,-3.766880712939334e-11
-2.087,-7.028545154145129e-11,-3.821983386371096e-11
-2.086,-7.113368261605374e-11,-3.877877016684972e-11
-2.085,-7.199200116242326e-11,-3.934572774939745e-11
-2.084,-7.286052494099179e-11,-3.992081987693356e-11
-2.083,-7.373937305403436e-11,-4.050416139138237e-11
-2.082,-7.462866596046096e-11,-4.109586873265583e-11
-2.081,-7.552852549076366e-11,-4.169605996058955e-11
-2.08,-7.643907486212075e-11,-4.2304854777175873e-11
-2.079,-7.73604386936592e-11,-4.2922374549098226e-11
-2.078,-7.829274302187705e-11,-4.354874233057052e-11
-2.077,-7.923611531622729e-11,-4.418408288648589e-11
-2.076,-8.019068449486475e-11,-4.4828522715878694e-11
-2.075,-8.115658094055766e-11,-4.548219007570419e-11
-2.074,-8.213393651676531e-11,-4.6145215004939923e-11
-2.073,-8.31228845838836e-11,-4.681772934901328e-11
-2.072,-8.412356001565991e-11,-4.749986678455939e-11
-2.071,-8.513609921577909e-11,-4.8191762844514014e-11
-2.07,-8.616064013462204e-11,-4.889355494354565e-11
-2.069,-8.719732228619864e-11,-4.9605382403831566e-11
-2.068,-8.82462867652567e-11,-5.032738648118223e-11
-2.067,-8.930767626456855e-11,-5.105971039151886e-11
-2.066,-9.038163509239695e-11,-5.180249933770875e-11
-2.065,-9.146830919014213e-11,-5.255590053676316e-11
-2.064,-9.256784615017161e-11,-5.332006324740263e-11
-2.063,-9.368039523383448e-11,-5.4095138797994576e-11
-2.062,-9.480610738966195e-11,-5.488128061486813e-11
-2.061,-9.594513527175604e-11,-5.567864425101127e-11
-2.06,-9.70976332583679e-11,-5.648738741515536e-11
-2.059,-9.826375747066782e-11,-5.730767000125214e-11
-2.058,-9.944366579170862e-11,-5.813965411834857e-11
-2.057,-1.0063751788558425e-10,-5.898350412086465e-11
-2.056,-1.0184547521678536e-10,-5.983938663927972e-11
-2.055,-1.0306770106975382e-10,-6.070747061123254e-11
-2.054,-1.0430436056863804e-10,-6.158792731304082e-11
-2.053,-1.0555562069725066e-10,-6.248093039164559e-11
-2.052,-1.0682165031923108e-10,-6.338665589698624e-11
-2.051,-1.081026201984141e-10,-6.430528231481183e-11
-2.05,-1.0939870301940707e-10,-6.52369905999345e-11
-2.049,-1.1071007340837714e-10,-6.61819642099309e-11
-2.048,-1.1203690795405085e-10,-6.71403891392976e-11
-2.047,-1.1337938522892773e-10,-6.811245395406634e-11
-2.046,-1.1473768581071019e-10,-6.909834982688554e-11
-2.045,-1.1611199230395135e-10,-7.009827057257392e-11
-2.044,-1.175024893619231e-10,-7.111241268415281e-11
-2.043,-1.189093637087063e-10,-7.214097536936326e-11
-2.042,-1.2033280416150505e-10,-7.318416058767451e-11
-2.041,-1.2177300165318736e-10,-7.424217308779033e-11
-2.04,-1.2323014925505385e-10,-7.531522044565984e-11
-2.039,-1.2470444219983708e-10,-7.640351310299943e-11
-2.038,-1.2619607790493302e-10,-7.750726440633263e-11
-2.037,-1.2770525599586753e-10,-7.862669064655486e-11
-2.036,-1.2923217832999888e-10,-7.976201109902979e-11
-2.035,-1.3077704902045975e-10,-8.091344806422466e-11
-2.034,-1.3234007446033972e-10,-8.208122690889145e-11
-2.033,-1.3392146334711105e-10,-8.326557610780127e-11
-2.032,-1.3552142670729996e-10,-8.446672728603929e-11
-2.031,-1.37140177921405e-10,-8.568491526186748e-11
-2.03,-1.3877793274906558e-10,-8.692037809016306e-11
-2.029,-1.4043490935448216e-10,-8.81733571064397e-11
-2.028,-1.4211132833209076e-10,-8.944409697145981e-11
-2.027,-1.438074127324939e-10,-9.073284571644526e-11
-2.026,-1.4552338808865026e-10,-9.203985478889469e-11
-2.025,-1.4725948244232526e-10,-9.336537909901542e-11
-2.024,-1.4901592637080515e-10,-9.470967706677797e-11
-2.023,-1.507929530138765e-10,-9.607301066960157e-11
-2.022,-1.5259079810107387e-10,-9.745564549067893e-11
-2.021,-1.544096999791975e-10,-9.885785076794863e-11
-2.02,-1.5624989964010405e-10,-1.0027989944372398e-10
-2.019,-1.5811164074877206e-10,-1.0172206821498661e-10
-2.018,-1.5999516967164498e-10,-1.0318463758435394e-10
-2.017,-1.6190073550525406e-10,-1.0466789191172927e-10
-2.016,-1.6382859010512353e-10,-1.061721194666434e-10
-2.015,-1.657789881149604e-10,-1.0769761248129727e-10
-2.014,-1.6775218699613145e-10,-1.0924466720431428e-10
-2.013,-1.6974844705743e-10,-1.1081358395521243e-10
-2.012,-1.7176803148513453e-10,-1.1240466717960494e-10
-2.011,-1.7381120637336206e-10,-1.1401822550513976e-10
-2.01,-1.758782407547187e-10,-1.1565457179818703e-10
-2.009,-1.7796940663124974e-10,-1.1731402322128486e-10
-2.008,-1.8008497900569198e-10,-1.1899690129135311e-10
-2.007,-1.8222523591303076e-10,-1.2070353193868553e-10
-2.006,-1.843904584523644e-10,-1.2243424556673023e-10
-2.005,-1.8658093081907843e-10,-1.2418937711266925e-10
-2.004,-1.8879694033733242e-10,-1.2596926610880735e-10
-2.003,-1.9103877749286185e-10,-1.2777425674478103e-10
-2.002,-1.9330673596609775e-10,-1.2960469793059831e-10
-2.001,-1.9560111266560675e-10,-1.3146094336052045e-10
-2.0,-1.9792220776185414e-10,-1.3334335157779644e-10
-1.999,-2.0027032472129273e-10,-1.3525228604026163e-10
-1.998,-2.0264577034077992e-10,-1.3718811518681204e-10
-1.997,-2.050488547823261e-10,-1.3915121250476544e-10
-1.996,-2.0747989160817665e-10,-1.411419565981212e-10
-1.995,-2.0993919781623073e-10,-1.431607312567307e-10
-1.994,-2.1242709387579904e-10,-1.452079255263901e-10
-1.993,-2.1494390376370393e-10,-1.4728393377986782e-10
-1.992,-2.1748995500072399e-10,-1.4938915578887876e-10
-1.991,-2.2006557868838657e-10,-1.51523996797018e-10
-1.99,-2.2267110954611028e-10,-1.5368886759366632e-10
-1.989,-2.2530688594870112e-10,-1.5588418458888034e-10
-1.988,-2.2797324996420414e-10,-1.5811036988928046e-10
-1.987,-2.3067054739211427e-10,-1.6036785137494933e-10
-1.986,-2.3339912780194877e-10,-1.6265706277735452e-10
-1.985,-2.361593445721839e-10,-1.6497844375830828e-10
-1.984,-2.389515549295597e-10,-1.6733243998997875e-10
-1.983,-2.41776119988754e-10,-1.6971950323596554e-10
-1.982,-2.446334047924308e-10,-1.7214009143345447e-10
-1.981,-2.4752377835166357e-10,-1.745946687764651e-10
-1.98,-2.504476136867385e-10,-1.7708370580020538e-10
-1.979,-2.534052878683392e-10,-1.7960767946654832e-10
-1.978,-2.5639718205911596e-10,-1.821670732506449e-10
-1.977,-2.594236815556437e-10,-1.8476237722868852e-10
-1.976,-2.624851758307699e-10,-1.8739408816684573e-10
-1.975,-2.655820585763565e-10,-1.9006270961136895e-10
-1.974,-2.6871472774641846e-10,-1.9276875197990587e-10
-1.973,-2.7188358560066247e-10,-1.9551273265402235e-10
-1.972,-2.7508903874842754e-10,-1.9829517607295346e-10
-1.971,-2.7833149819303214e-10,-2.0111661382859982e-10
-1.97,-2.8161137937652933e-10,-2.0397758476178465e-10
-1.969,-2.8492910222487435e-10,-2.068786350597886e-10
-1.968,-2.882850911935064e-10,-2.0982031835517897e-10
-1.967,-2.9167977531334853e-10,-2.1280319582594984e-10
-1.966,-2.951135882372285e-10,-2.158278362969909e-10
-1.965,-2.985869682867233e-10,-2.1889481634290172e-10
-1.964,-3.0210035849943106e-10,-2.2200472039216948e-10
-1.963,-3.0565420667667245e-10,-2.2515814083272772e-10
-1.962,-3.09248965431626e-10,-2.2835567811891432e-10
-1.961,-3.128850922378989e-10,-2.3159794087984672e-10
-1.96,-3.1656304947853783e-10,-2.348855460292333e-10
-1.959,-3.202833044954816e-10,-2.3821911887663914e-10
-1.958,-3.2404632963945965e-10,-2.415992932402257e-10
-1.957,-3.2785260232033934e-10,-2.45026711560983e-10
-1.956,-3.317026050579245e-10,-2.485020250184744e-10
-1.955,-3.3559682553320913e-10,-2.5202589364811347e-10
-1.954,-3.395357566400893e-10,-2.555989864599927e-10
-1.953,-3.435198965375357e-10,-2.5922198155928435e-10
-1.952,-3.4754974870223047e-10,-2.628955662682345e-10
-1.951,-3.5162582198167194e-10,-2.666204372497699e-10
-1.95,-3.55748630647749e-10,-2.703973006327402e-10
-1.949,-3.5991869445078946e-10,-2.7422687213881517e-10
-1.948,-3.641365386740854e-10,-2.781098772110595e-10
-1.947,-3.6840269418889797e-10,-2.820470511442072e-10
-1.946,-3.7271769750994515e-10,-2.8603913921665657e-10
-1.945,-3.770820908513759e-10,-2.9008689682420963e-10
-1.944,-3.814964221832333e-10,-2.9419108961557716e-10
-1.943,-3.8596124528841006e-10,-2.983524936296737e-10
-1.942,-3.9047711982009966e-10,-3.0257189543472476e-10
-1.941,-3.950446113597458e-10,-3.068500922692105e-10
-1.94,-3.996642914754936e-10,-3.1118789218466914e-10
-1.939,-4.0433673778114583e-10,-3.155861141903848e-10
-1.938,-4.090625339956268e-10,-3.200455883999839e-10
-1.937,-4.13842270002957e-10,-3.245671561799653e-10
-1.936,-4.1867654191274245e-10,-3.291516703001882e-10
-1.935,-4.2356595212118057e-10,-3.337999950863452e-10
-1.934,-4.2851110937258654e-10,-3.3851300657444446e-10
-1.933,-4.33512628821443e-10,-3.432915926673273e-10
-1.932,-4.3857113209497587e-10,-3.48136653293249e-10
-1.931,-4.436872473562597e-10,-3.5304910056654785e-10
-1.93,-4.488616093678553e-10,-3.5802985895043033e-10
-1.929,-4.54094859555983e-10,-3.630798654219003e-10
-1.928,-4.5938764607523394e-10,-3.682000696388588e-10
-1.927,-4.647406238738232e-10,-3.733914341094039e-10
-1.926,-4.70154454759387e-10,-3.7865493436335795e-10
-1.925,-4.756298074653273e-10,-3.8399155912605164e-10
-1.924,-4.81167357717707e-10,-3.8940231049439476e-10
-1.923,-4.867677883026977e-10,-3.9488820411526146e-10
-1.922,-4.924317891345841e-10,-4.004502693662219e-10
-1.921,-4.981600573243275e-10,-4.0608954953864937e-10
-1.92,-5.039532972486904e-10,-4.1180710202323446e-10
-1.919,-5.09812220619927e-10,-4.1760399849793634e-10
-1.918,-5.157375465560398e-10,-4.234813251184041e-10
-1.917,-5.217300016516079e-10,-4.294401827108987e-10
-1.916,-5.277903200491874e-10,-4.3548168696774893e-10
-1.915,-5.339192435112883e-10,-4.4160696864537313e-10
-1.914,-5.401175214929294e-10,-4.478171737649009e-10
-1.913,-5.463859112147751e-10,-4.541134638154275e-10
-1.912,-5.527251777368554e-10,-4.604970159599352e-10
-1.911,-5.591360940328732e-10,-4.669690232439162e-10
-1.91,-5.656194410651001e-10,-4.735306948067321e-10
-1.909,-5.721760078598643e-10,-4.80183256095744e-10
-1.908,-5.788065915836323e-10,-4.869279490832518e-10
-1.907,-5.855119976196884e-10,-4.937660324862747e-10
-1.906,-5.922930396454117e-10,-5.006987819892139e-10
-1.905,-5.991505397101565e-10,-5.077274904694319e-10
-1.904,-6.060853283137352e-10,-5.148534682257864e-10
-1.903,-6.130982444855086e-10,-5.22078043210158e-10
-1.902,-6.201901358640842e-10,-5.294025612620088e-10
-1.901,-6.273618587776255e-10,-5.368283863460121e-10
-1.9,-6.346142783247745e-10,-5.443569007927921e-10
-1.899,-6.419482684561892e-10,-5.519895055428138e-10
-1.898,-6.493647120566988e-10,-5.597276203934635e-10
-1.897,-6.568645010280776e-10,-5.67572684249361e-10
-1.896,-6.644485363724412e-10,-5.75526155375946e-10
-1.895,-6.72117728276265e-10,-5.835895116563788e-10
-1.894,-6.798729961950285e-10,-5.917642508517996e-10
-1.893,-6.87715268938487e-10,-6.000518908649893e-10
-1.892,-6.956454847565711e-10,-6.084539700074749e-10
-1.891,-7.036645914259174e-10,-6.169720472701237e-10
-1.89,-7.117735463370313e-10,-6.256077025972725e-10
-1.889,-7.199733165820831e-10,-6.343625371644356e-10
-1.888,-7.282648790433407e-10,-6.432381736596378e-10
-1.887,-7.36649220482236e-10,-6.522362565684199e-10
-1.886,-7.451273376290736e-10,-6.61358452462563e-10
-1.885,-7.53700237273375e-10,-6.706064502925791e-10
-1.884,-7.623689363548651e-10,-6.799819616840173e-10
-1.883,-7.711344620551008e-10,-6.894867212376333e-10
-1.882,-7.799978518897413e-10,-6.991224868334725e-10
-1.881,-7.889601538014628e-10,-7.08891039938917e-10
-1.88,-7.980224262535172e-10,-7.187941859207465e-10
-1.879,-8.071857383239372e-10,-7.288337543612654e-10
-1.878,-8.164511698003868e-10,-7.390115993785469e-10
-1.877,-8.258198112756583e-10,-7.493295999508484e-10
-1.876,-8.352927642438177e-10,-7.597896602452509e-10
-1.875,-8.448711411969963e-10,-7.703937099505757e-10
-1.874,-8.545560657228319e-10,-7.811437046146339e-10
-1.873,-8.64348672602557e-10,-7.920416259858644e-10
-1.872,-8.742501079097357e-10,-8.03089482359416e-10
-1.871,-8.842615291096496e-10,-8.142893089277293e-10
-1.87,-8.94384105159331e-10,-8.256431681356796e-10
-1.869,-9.046190166082447e-10,-8.371531500403332e-10
-1.868,-9.149674556996178e-10,-8.488213726753829e-10
-1.867,-9.254306264724156e-10,-8.606499824203155e-10
-1.866,-9.360097448639656e-10,-8.726411543743777e-10
-1.865,-9.467060388132263e-10,-8.847970927353979e-10
-1.864,-9.575207483647018e-10,-8.971200311835265e-10
-1.863,-9.684551257730006e-10,-9.096122332699596e-10
-1.862,-9.795104356080365e-10,-9.222759928107055e-10
-1.861,-9.906879548608727e-10,-9.351136342854634e-10
-1.86,-1.001988973050205e-9,-9.481275132416747e-10
-1.859,-1.013414792329485e-9,-9.613200167038156e-10
-1.858,-1.024966727594679e-9,-9.746935635879979e-10
-1.857,-1.0366461065926644e-9,-9.882506051219426e-10
-1.856,-1.0484542700302564e-9,-1.0019936252703996e-9
-1.855,-1.0603925716838698e-9,-1.0159251411660778e-9
-1.854,-1.0724623785098057e-9,-1.0300477035461587e-9
-1.853,-1.0846650707551666e-9,-1.044363897194464e-9
-1.852,-1.0970020420693958e-9,-1.058876341389349e-9
-1.851,-1.1094746996164355e-9,-1.0735876903573938e-9
-1.85,-1.1220844641875044e-9,-1.0885006337329667e-9
-1.849,-1.1348327703144891e-9,-1.1036178970237356e-9
-1.848,-1.1477210663839477e-9,-1.1189422420822003e-9
-1.847,-1.1607508147517184e-9,-1.1344764675833234e-9
-1.846,-1.1739234918581352e-9,-1.150223409508339e-9
-1.845,-1.1872405883438408e-9,-1.166185941634815e-9
-1.844,-1.2007036091661963e-9,-1.1823669760330483e-9
-1.843,-1.2143140737162818e-9,-1.198769463568877e-9
-1.842,-1.228073515936483e-9,-1.2153963944129854e-9
-1.841,-1.2419834844386593e-9,-1.2322507985567882e-9
-1.84,-1.2560455426228898e-9,-1.2493357463349768e-9
-1.839,-1.270261268796789e-9,-1.26665434895481e-9
-1.838,-1.284632256295388e-9,-1.284209759032237e-9
-1.837,-1.2991601136015764e-9,-1.3020051711349362e-9
-1.836,-1.313846464467098e-9,-1.3200438223323623e-9
-1.835,-1.3286929480340932e-9,-1.3383289927528851e-9
-1.834,-1.3437012189571818e-9,-1.3568640061481122e-9
-1.833,-1.358872947526081e-9,-1.3756522304644866e-9
-1.832,-1.3742098197887502e-9,-1.394697078422251e-9
-1.831,-1.3897135376750542e-9,-1.4140020081018717e-9
-1.83,-1.4053858191209382e-9,-1.4335705235380164e-9
-1.829,-1.4212283981931093e-9,-1.4534061753211802e-9
-1.828,-1.4372430252142092e-9,-1.4735125612070602e-9
-1.827,-1.453431466888478e-9,-1.493893326733771e-9
-1.826,-1.4697955064278936e-9,-1.5145521658470043e-9
-1.825,-1.4863369436787814e-9,-1.535492821533233e-9
-1.824,-1.5030575952488824e-9,-1.5567190864610563e-9
-1.823,-1.5199592946348724e-9,-1.5782348036307944e-9
-1.822,-1.5370438923503188e-9,-1.6000438670324352e-9
-1.821,-1.554313256054068e-9,-1.6221502223120343e-9
-1.82,-1.57176927067905e-9,-1.6445578674466814e-9
-1.819,-1.5894138385614903e-9,-1.6672708534281345e-9
-1.818,-1.607248879570516e-9,-1.690293284955237e-9
-1.817,-1.6252763312381477e-9,-1.7136293211352223e-9
-1.816,-1.6434981488896595e-9,-1.7372831761940247e-9
-1.815,-1.6619163057742987e-9,-1.7612591201957012e-9
-1.814,-1.6805327931963512e-9,-1.7855614797710885e-9
-1.813,-1.699349620646537e-9,-1.8101946388558028e-9
-1.812,-1.7183688159337251e-9,-1.8351630394377056e-9
-1.811,-1.73759242531695e-9,-1.8604711823139513e-9
-1.81,-1.757022513637718e-9,-1.8861236278577382e-9
-1.809,-1.7766611644525872e-9,-1.912124996794885e-9
-1.808,-1.7965104801660035e-9,-1.938479970990355e-9
-1.807,-1.8165725821633794e-9,-1.965193294244855e-9
-1.806,-1.8368496109443977e-9,-1.9922697731016314e-9
-1.805,-1.8573437262565228e-9,-2.019714277663595e-9
-1.804,-1.8780571072287024e-9,-2.047531742420906e-9
-1.803,-1.898991952505242e-9,-2.0757271670891397e-9
-1.802,-1.9201504803798317e-9,-2.104305617458182e-9
-1.801,-1.9415349289297113e-9,-2.1332722262519725e-9
-1.8,-1.9631475561499446e-9,-2.1626321939992438e-9
-1.799,-1.9849906400877963e-9,-2.192390789915386e-9
-1.798,-2.007066478977176e-9,-2.2225533527955807e-9
-1.797,-2.0293773913731405e-9,-2.253125291919344e-9
-1.796,-2.0519257162864263e-9,-2.2841120879666208e-9
-1.795,-2.074713813317989e-9,-2.3155192939455752e-9
-1.794,-2.0977440627935326e-9,-2.3473525361322216e-9
-1.793,-2.1210188658979976e-9,-2.379617515022049e-9
-1.792,-2.1445406448099916e-9,-2.4123200062937817e-9
-1.791,-2.16831184283613e-9,-2.445465861785436e-9
-1.79,-2.1923349245452677e-9,-2.4790610104828146e-9
-1.789,-2.216612375902591e-9,-2.5131114595206105e-9
-1.788,-2.2411467044035477e-9,-2.54762329519626e-9
-1.787,-2.2659404392075825e-9,-2.5826026839967172e-9
-1.786,-2.2909961312716545e-9,-2.618055873638303e-9
-1.785,-2.3163163534835067e-9,-2.653989194119798e-9
-1.784,-2.3419037007946553e-9,-2.690409058788937e-9
-1.783,-2.3677607903530726e-9,-2.7273219654224767e-9
-1.782,-2.39389026163553e-9,-2.7647344973200093e-9
-1.781,-2.420294776579569e-9,-2.80265332441168e-9
-1.78,-2.4469770197150745e-9,-2.8410852043799977e-9
-1.779,-2.4739396982954018e-9,-2.8800369837959013e-9
-1.778,-2.5011855424280424e-9,-2.919515599269266e-9
-1.777,-2.52871730520478e-9,-2.9595280786140276e-9
-1.776,-2.5565377628313064e-9,-3.0000815420281034e-9
-1.775,-2.5846497147562587e-9,-3.0411832032882963e-9
-1.774,-2.613055983799644e-9,-3.08284037096037e-9
-1.773,-2.6417594162806106e-9,-3.1250604496244787e-9
-1.772,-2.6707628821445232e-9,-3.1678509411161438e-9
-1.771,-2.700069275089313e-9,-3.2112194457829735e-9
-1.77,-2.729681512691047e-9,-3.2551736637573164e-9
-1.769,-2.7596025365286886e-9,-3.2997213962450466e-9
-1.768,-2.7898353123079964e-9,-3.344870546830685e-9
-1.767,-2.820382829984522e-9,-3.3906291227990515e-9
-1.766,-2.8512481038856642e-9,-3.4370052364736627e-9
-1.765,-2.8824341728317264e-9,-3.484007106572069e-9
-1.764,-2.913944100255938e-9,-3.5316430595783563e-9
-1.763,-2.9457809743233882e-9,-3.5799215311330097e-9
-1.762,-2.9779479080488232e-9,-3.628851067440367e-9
-1.761,-3.0104480394132573e-9,-3.6784403266938666e-9
-1.76,-3.043284531479349e-9,-3.728698080519322e-9
-1.759,-3.076460572505482e-9,-3.7796332154364354e-9
-1.758,-3.1099793760585127e-9,-3.8312547343387825e-9
-1.757,-3.14384418112511e-9,-3.883571757992494e-9
-1.756,-3.178058252221649e-9,-3.936593526553859e-9
-1.755,-3.2126248795025905e-9,-3.9903294011060964e-9
-1.754,-3.2475473788672956e-9,-4.044788865215519e-9
-1.753,-3.2828290920652076e-9,-4.099981526507332e-9
-1.752,-3.3184733867993508e-9,-4.155917118261312e-9
-1.751,-3.3544836568280733e-9,-4.212605501027606e-9
-1.75,-3.390863322064978e-9,-4.270056664262903e-9
-1.749,-3.427615828676977e-9,-4.328280727987221e-9
-1.748,-3.4647446491803964e-9,-4.3872879444615765e-9
-1.747,-3.502253282535071e-9,-4.447088699886777e-9
-1.746,-3.540145254236358e-9,-4.507693516123606e-9
-1.745,-3.578424116405001e-9,-4.569113052434666e-9
-1.744,-3.6170934478747627e-9,-4.631358107248134e-9
-1.743,-3.65615685427777e-9,-4.694439619943709e-9
-1.742,-3.6956179681274823e-9,-4.758368672661022e-9
-1.741,-3.735480448899212e-9,-4.823156492130774e-9
-1.74,-3.775747983108121e-9,-4.888814451528901e-9
-1.739,-3.816424284384606e-9,-4.955354072354024e-9
-1.738,-3.857513093547006e-9,-5.022787026328491e-9
-1.737,-3.899018178671532e-9,-5.091125137323281e-9
-1.736,-3.940943335159344e-9,-5.160380383307081e-9
-1.735,-3.983292385800691e-9,-5.230564898319814e-9
-1.734,-4.026069180836017e-9,-5.3016909744709316e-9
-1.733,-4.069277598013955e-9,-5.373771063962761e-9
-1.732,-4.112921542646099e-9,-5.446817781139227e-9
-1.731,-4.157004947658488e-9,-5.520843904560244e-9
-1.73,-4.201531773639678e-9,-5.595862379102107e-9
-1.729,-4.246506008885324e-9,-5.671886318084177e-9
-1.728,-4.291931669439166e-9,-5.748929005422216e-9
-1.727,-4.337812799130312e-9,-5.8270038978086565e-9
-1.726,-4.384153469606732e-9,-5.9061246269201655e-9
-1.725,-4.430957780364837e-9,-5.986305001652818e-9
-1.724,-4.478229858775049e-9,-6.067559010385226e-9
-1.723,-4.525973860103247e-9,-6.149900823269958e-9
-1.722,-4.574193967527987e-9,-6.233344794553591e-9
-1.721,-4.6228943921533594e-9,-6.317905464925756e-9
-1.72,-4.6720793730174e-9,-6.403597563897511e-9
-1.719,-4.721753177095905e-9,-6.490436012209419e-9
-1.718,-4.7719200993015525e-9,-6.57843592426967e-9
-1.717,-4.822584462478192e-9,-6.667612610622627e-9
-1.716,-4.873750617390191e-9,-6.757981580448169e-9
-1.715,-4.925422942706694e-9,-6.849558544092184e-9
-1.714,-4.97760584498068e-9,-6.942359415628611e-9
-1.713,-5.030303758622669e-9,-7.036400315453405e-9
-1.712,-5.083521145868969e-9,-7.131697572910813e-9
-1.711,-5.137262496744287e-9,-7.228267728952345e-9
-1.71,-5.191532329018599e-9,-7.326127538828857e-9
-1.709,-5.246335188158117e-9,-7.425293974816118e-9
-1.708,-5.301675647270212e-9,-7.525784228974289e-9
-1.707,-5.357558307042143e-9,-7.627615715941716e-9
-1.706,-5.413987795673439e-9,-7.73080607576345e-9
-1.705,-5.47096876880179e-9,-7.835373176754918e-9
-1.704,-5.528505909422271e-9,-7.941335118401156e-9
-1.703,-5.586603927799755e-9,-8.048710234292073e-9
-1.702,-5.645267561374345e-9,-8.157517095094108e-9
-1.701,-5.704501574659661e-9,-8.267774511558816e-9
-1.7,-5.764310759133804e-9,-8.379501537568721e-9
-1.699,-5.8246999331228416e-9,-8.492717473220992e-9
-1.698,-5.88567394167662e-9,-8.607441867949298e-9
-1.697,-5.947237656436733e-9,-8.72369452368439e-9
-1.696,-6.009395975496474e-9,-8.8414954980538e-9
-1.695,-6.072153823252558e-9,-8.96086510762119e-9
-1.694,-6.135516150248463e-9,-9.081823931165786e-9
-1.693,-6.199487933009154e-9,-9.20439281300239e-9
-1.692,-6.264074173867038e-9,-9.328592866342475e-9
-1.691,-6.3292799007789095e-9,-9.454445476696828e-9
-1.69,-6.395110167133713e-9,-9.581972305320259e-9
-1.689,-6.4615700515508955e-9,-9.71119529269888e-9
-1.688,-6.528664657669151e-9,-9.842136662080441e-9
-1.687,-6.596399113925331e-9,-9.974818923048283e-9
-1.686,-6.6647785733233105e-9,-1.0109264875139388e-8
-1.685,-6.73380821319258e-9,-1.0245497611507065e-8
-1.684,-6.803493234936342e-9,-1.0383540522628839e-8
-1.683,-6.8738388637688746e-9,-1.0523417300060019e-8
-1.682,-6.944850348441935e-9,-1.066515194023356e-8
-1.681,-7.01653296095995e-9,-1.0808768748306732e-8
-1.68,-7.088891996283765e-9,-1.0954292342055145e-8
-1.679,-7.161932772022693e-9,-1.1101747655814743e-8
-1.678,-7.2356606281146105e-9,-1.1251159944472288e-8
-1.677,-7.310080926493849e-9,-1.1402554787504947e-8
-1.676,-7.385199050746614e-9,-1.1555958093069551e-8
-1.675,-7.461020405753668e-9,-1.1711396102142119e-8
-1.674,-7.537550417320004e-9,-1.1868895392708247e-8
-1.673,-7.614794531791234e-9,-1.2028482884004976e-8
-1.672,-7.692758215656405e-9,-1.2190185840814737e-8
-1.671,-7.771446955136978e-9,-1.2354031877812e-8
-1.67,-7.850866255761644e-9,-1.2520048963963248e-8
-1.669,-7.931021641926703e-9,-1.2688265426980922e-8
-1.668,-8.011918656441711e-9,-1.2858709957831965e-8
-1.667,-8.093562860060055e-9,-1.3031411615301615e-8
-1.666,-8.175959830994187e-9,-1.3206399830613098e-8
-1.665,-8.259115164415155e-9,-1.3383704412103905e-8
-1.664,-8.343034471936146e-9,-1.3563355549959288e-8
-1.663,-8.427723381079678e-9,-1.3745383821003694e-8
-1.662,-8.513187534728131e-9,-1.3929820193550776e-8
-1.661,-8.599432590557254e-9,-1.4116696032312714e-8
-1.66,-8.686464220452327e-9,-1.4306043103369532e-8
-1.659,-8.774288109906597e-9,-1.4497893579199105e-8
-1.658,-8.862909957401647e-9,-1.46922800437686e-8
-1.657,-8.95233547376932e-9,-1.4889235497688056e-8
-1.656,-9.042570381534835e-9,-1.5088793363426845e-8
-1.655,-9.133620414240722e-9,-1.5290987490593747e-8
-1.654,-9.22549131575116e-9,-1.5495852161281397e-8
-1.653,-9.318188839536361e-9,-1.5703422095475864e-8
-1.652,-9.411718747936595e-9,-1.5913732456532104e-8
-1.651,-9.506086811405425e-9,-1.6126818856716106e-8
-1.65,-9.601298807731763e-9,-1.634271736281448e-8
-1.649,-9.697360521240329e-9,-1.6561464501812276e-8
-1.648,-9.794277741970065e-9,-1.6783097266639847e-8
-1.647,-9.892056264830092e-9,-1.7007653121989613e-8
-1.646,-9.990701888732752e-9,-1.7235170010203425e-8
-1.645,-1.0090220415703293e-8,-1.7465686357231495e-8
-1.644,-1.0190617649965738e-8,-1.769924107866363e-8
-1.643,-1.0291899397004476e-8,-1.7935873585833677e-8
-1.642,-1.039407146260109e-8,-1.8175623791997973e-8
-1.641,-1.0497139651845953e-8,-1.8418532118588756e-8
-1.64,-1.0601109768124112e-8,-1.8664639501543315e-8
-1.639,-1.0705987612074922e-8,-1.8913987397709834e-8
-1.638,-1.0811778980524976e-8,-1.9166617791330793e-8
-1.637,-1.0918489665393777e-8,-1.9422573200604832e-8
-1.636,-1.1026125452571642e-8,-1.9681896684328013e-8
-1.635,-1.1134692120769317e-8,-1.994463184861537e-8
-1.634,-1.1244195440338732e-8,-2.021082285370372e-8
-1.633,-1.1354641172064376e-8,-2.0480514420836654e-8
-1.632,-1.1466035065924721e-8,-2.075375183923267e-8
-1.631,-1.1578382859823104e-8,-2.103058097313742e-8
-1.63,-1.1691690278287535e-8,-2.131104826896106e-8
-1.629,-1.1805963031138785e-8,-2.1595200762501623e-8
-1.628,-1.1921206812126212e-8,-2.188308608625554e-8
-1.627,-1.2037427297530668e-8,-2.2174752476816186e-8
-1.626,-1.2154630144733896e-8,-2.247024878236154e-8
-1.625,-1.2272820990753774e-8,-2.2769624470231992e-8
-1.624,-1.2392005450744785e-8,-2.307292963459933e-8
-1.623,-1.2512189116463034e-8,-2.3380215004227942e-8
-1.622,-1.2633377554695172e-8,-2.369153195032932e-8
-1.621,-1.2755576305650543e-8,-2.4006932494510943e-8
-1.62,-1.2878790881315878e-8,-2.432646931682062e-8
-1.619,-1.3003026763771838e-8,-2.4650195763887404e-8
-1.618,-1.3128289403470692e-8,-2.497816585716016e-8
-1.617,-1.325458421747442e-8,-2.5310434301244964e-8
-1.616,-1.338191658765251e-8,-2.5647056492342426e-8
-1.615,-1.3510291858838697e-8,-2.598808852678609e-8
-1.614,-1.3639715336945903e-8,-2.6333587209683115e-8
-1.613,-1.3770192287038596e-8,-2.6683610063658332e-8
-1.612,-1.3901727931361804e-8,-2.703821533770296e-8
-1.611,-1.4034327447325966e-8,-2.7397462016129108e-8
-1.61,-1.4167995965446843e-8,-2.776140982763129e-8
-1.609,-1.4302738567239654e-8,-2.8130119254456224e-8
-1.608,-1.4438560283066594e-8,-2.8503651541682076e-8
-1.607,-1.4575466089936912e-8,-2.8882068706608466e-8
-1.606,-1.4713460909258668e-8,-2.9265433548258486e-8
-1.605,-1.4852549604541304e-8,-2.965380965699399e-8
-1.604,-1.4992736979048127e-8,-3.004726142424545e-8
-1.603,-1.5134027773397832e-8,-3.044585405235773e-8
-1.602,-1.5276426663114097e-8,-3.084965356455301e-8
-1.601,-1.5419938256122367e-8,-3.125872681501233e-8
-1.6,-1.5564567090192838e-8,-3.167314149907692e-8
-1.599,-1.5710317630328708e-8,-3.209296616357084e-8
-1.598,-1.5857194266098686e-8,-3.251827021724628e-8
-1.597,-1.60052013089128e-8,-3.294912394135279e-8
-1.596,-1.615434298924044e-8,-3.338559850033201e-8
-1.595,-1.6304623453769653e-8,-3.3827765952639207e-8
-1.594,-1.6456046762506636e-8,-3.4275699261693134e-8
-1.593,-1.6608616885814347e-8,-3.472947230695558e-8
-1.592,-1.676233770138916e-8,-3.518915989514216e-8
-1.591,-1.6917212991174476e-8,-3.56548377715658e-8
-1.59,-1.7073246438210185e-8,-3.6126582631614346e-8
-1.589,-1.7230441623416803e-8,-3.660447213236394e-8
-1.588,-1.738880202231319e-8,-3.708858490432959e-8
-1.587,-1.7548331001666636e-8,-3.757900056335454e-8
-1.586,-1.7709031816074138e-8,-3.807579972263993e-8
-1.585,-1.787090760447368e-8,-3.857906400491639e-8
-1.584,-1.8033961386584254e-8,-3.9088876054759205e-8
-1.583,-1.8198196059273425e-8,-3.960531955104851e-8
-1.582,-1.8363614392851093e-8,-4.012847921957625e-8
-1.581,-1.8530219027288256e-8,-4.065844084580162e-8
-1.58,-1.8698012468359424e-8,-4.119529128775643e-8
-1.579,-1.886699708370731e-8,-4.1739118489102306e-8
-1.578,-1.9037175098828568e-8,-4.2290011492341286e-8
-1.577,-1.9208548592979058e-8,-4.284806045218156e-8
-1.576,-1.9381119494997367e-8,-4.3413356649060066e-8
-1.575,-1.955488957904511e-8,-4.398599250282379e-8
-1.574,-1.972986046026257e-8,-4.4566061586571355e-8
-1.573,-1.990603359033826e-8,-4.515365864065688e-8
-1.572,-2.008341025299086e-8,-4.574887958685778e-8
-1.571,-2.026199155936209e-8,-4.6351821542708346e-8
-1.57,-2.044177844331892e-8,-4.696258283600107e-8
-1.569,-2.0622771656663604e-8,-4.758126301945737e-8
-1.568,-2.0804971764249966e-8,-4.820796288556974e-8
-1.567,-2.0988379139004278e-8,-4.884278448161724e-8
-1.566,-2.117299395684915e-8,-4.94858311248561e-8
-1.565,-2.1358816191528758e-8,-5.0137207417887494e-8
-1.564,-2.154584560933373e-8,-5.079701926420446e-8
-1.563,-2.1734081763723952e-8,-5.146537388391982e-8
-1.562,-2.192352398984762e-8,-5.2142379829677186e-8
-1.561,-2.21141713989547e-8,-5.282814700274709e-8
-1.56,-2.2306022872703047e-8,-5.352278666931019e-8
-1.559,-2.249907705735539e-8,-5.422641147692964e-8
-1.558,-2.269333235786523e-8,-5.493913547121475e-8
-1.557,-2.2888786931849915e-8,-5.5661074112678035e-8
-1.556,-2.308543868344886e-8,-5.639234429378759e-8
-1.555,-2.328328525706506e-8,-5.7133064356217264e-8
-1.554,-2.3482324030987855e-8,-5.788335410829646e-8
-1.553,-2.368255211089505e-8,-5.8643334842661964e-8
-1.552,-2.3883966323232242e-8,-5.9413129354113905e-8
-1.551,-2.4086563208467377e-8,-6.019286195767814e-8
-1.55,-2.4290339014218414e-8,-6.098265850687721e-8
-1.549,-2.4495289688251964e-8,-6.178264641221227e-8
-1.548,-2.470141087135077e-8,-6.25929546598582e-8
-1.547,-2.4908697890047796e-8,-6.341371383057418e-8
-1.546,-2.511714574922475e-8,-6.424505611883217e-8
-1.545,-2.5326749124572707e-8,-6.508711535216563e-8
-1.544,-2.5537502354912625e-8,-6.59400270107408e-8
-1.543,-2.5749399434373338e-8,-6.680392824715291e-8
-1.542,-2.5962434004424712e-8,-6.767895790645002e-8
-1.541,-2.6176599345763545e-8,-6.856525654638656e-8
-1.54,-2.6391888370049742e-8,-6.946296645790937e-8
-1.539,-2.6608293611490326e-8,-7.037223168587853e-8
-1.538,-2.6825807218268743e-8,-7.129319805002565e-8
-1.537,-2.70444209438169e-8,-7.222601316615209e-8
-1.536,-2.7264126137927357e-8,-7.317082646756963e-8
-1.535,-2.7484913737703016e-8,-7.412778922678646e-8
-1.534,-2.770677425834165e-8,-7.50970545774407e-8
-1.533,-2.7929697783752514e-8,-7.607877753648446e-8
-1.532,-2.8153673957002345e-8,-7.707311502662096e-8
-1.531,-2.837869197058788e-8,-7.808022589899731e-8
-1.53,-2.8604740556532063e-8,-7.910027095615603e-8
-1.529,-2.8831807976301098e-8,-8.013341297524756e-8
-1.528,-2.9059882010539352e-8,-8.117981673150703e-8
-1.527,-2.9288949948619133e-8,-8.223964902199768e-8
-1.526,-2.9518998578002396e-8,-8.331307868962413e-8
-1.525,-2.975001417341118e-8,-8.440027664741801e-8
-1.524,-2.9981982485803774e-8,-8.550141590309912e-8
-1.523,-3.021488873115339e-8,-8.661667158391489e-8
-1.522,-3.044871757902611e-8,-8.774622096176102e-8
-1.521,-3.068345314095489e-8,-8.88902434785865e-8
-1.52,-3.091907895860631e-8,-9.004892077208569e-8
-1.519,-3.1155577991736633e-8,-9.12224367016807e-8
-1.518,-3.1392932605933847e-8,-9.241097737479718e-8
-1.517,-3.163112456014219e-8,-9.361473117343621e-8
-1.516,-3.18701349939656e-8,-9.483388878104598e-8
-1.515,-3.210994441474661e-8,-9.606864320969573e-8
-1.514,-3.2350532684416934e-8,-9.731918982755582e-8
-1.513,-3.259187900611619e-8,-9.858572638668641e-8
-1.512,-3.283396191057492e-8,-9.986845305113862e-8
-1.511,-3.307675924225821e-8,-1.0116757242537083e-7
-1.51,-3.3320248145265955e-8,-1.0248328958298397e-7
-1.509,-3.356440504898591e-8,-1.0381581209577854e-7
-1.508,-3.380920565349561e-8,-1.0516535006313719e-7
-1.507,-3.405462491470902e-8,-1.0653211614173593e-7
-1.506,-3.4300637029263914e-8,-1.0791632557558743e-7
-1.505,-3.454721541914578e-8,-1.093181962264199e-7
-1.504,-3.4794332716044093e-8,-1.1073794860439496e-7
-1.503,-3.50419607454366e-8,-1.12175805899168e-7
-1.502,-3.529007051039732e-8,-1.1363199401129447e-7
-1.501,-3.553863217512395e-8,-1.1510674158398585e-7
-1.5,-3.578761504817991e-8,-1.1660028003521869e-7
-1.499,-3.6036987565446915e-8,-1.1811284359020035e-7
-1.498,-3.628671727278303e-8,-1.1964466931419523e-7
-1.497,-3.653677080838185e-8,-1.2119599714571496e-7
-1.496,-3.6787113884827945e-8,-1.2276706993007652e-7
-1.495,-3.703771127084366e-8,-1.2435813345333168e-7
-1.494,-3.728852677272258e-8,-1.2596943647657187e-7
-1.493,-3.753952321544448e-8,-1.27601230770612e-7
-1.492,-3.779066242346691e-8,-1.292537711510575e-7
-1.491,-3.804190520118821e-8,-1.3092731551375764e-7
-1.49,-3.82932113130767e-8,-1.326221248706502e-7
-1.489,-3.854453946346095e-8,-1.3433846338600004e-7
-1.488,-3.8795847275975675e-8,-1.3607659841303696e-7
-1.487,-3.904709127265777e-8,-1.3783680053099572e-7
-1.486,-3.929822685268717e-8,-1.396193435825627e-7
-1.485,-3.954920827076674e-8,-1.4142450471173355e-7
-1.484,-3.9799988615135716e-8,-1.4325256440208532e-7
-1.483,-4.0050519785210753e-8,-1.4510380651546773e-7
-1.482,-4.030075246884892e-8,-1.4697851833111744e-7
-1.481,-4.0550636119226604e-8,-1.488769905851996e-7
-1.48,-4.080011893132832e-8,-1.507995175107811e-7
-1.479,-4.104914781803943e-8,-1.5274639687823948e-7
-1.478,-4.129766838583637e-8,-1.547179300361119e-7
-1.477,-4.1545624910068364e-8,-1.5671442195238884e-7
-1.476,-4.179296030982405e-8,-1.587361812562564e-7
-1.475,-4.203961612237658e-8,-1.6078352028029186e-7
-1.474,-4.228553247720077e-8,-1.6285675510311705e-7
-1.473,-4.25306480695554e-8,-1.6495620559251375e-7
-1.472,-4.277490013362416e-8,-1.6708219544900595e-7
-1.471,-4.301822441520818e-8,-1.6923505224991307e-7
-1.47,-4.326055514396328e-8,-1.7141510749387934e-7
-1.469,-4.350182500517489e-8,-1.736226966458833e-7
-1.468,-4.3741965111063424e-8,-1.7585815918273265e-7
-1.467,-4.398090497161284e-8,-1.7812183863904873e-7
-1.466,-4.421857246491508e-8,-1.8041408265374553e-7
-1.465,-4.445489380702282e-8,-1.8273524301700814e-7
-1.464,-4.468979352130297e-8,-1.8508567571777506e-7
-1.463,-4.492319440728323e-8,-1.8746574099172958e-7
-1.462,-4.5155017508983877e-8,-1.898758033698048e-7
-1.461,-4.538518208272682e-8,-1.923162317272076e-7
-1.46,-4.561360556441393e-8,-1.94787399332966e-7
-1.459,-4.584020353626645e-8,-1.9728968390000528e-7
-1.458,-4.606488969301718e-8,-1.9982346763575765e-7
-1.457,-4.628757580754709e-8,-2.0238913729331064e-7
-1.456,-4.6508171695957746e-8,-2.0498708422309937e-7
-1.455,-4.672658518207104e-8,-2.076177044251475e-7
-1.454,-4.694272206134725e-8,-2.102813986018625e-7
-1.453,-4.7156486064212745e-8,-2.1297857221139002e-7
-1.452,-4.736777881878812e-8,-2.1570963552153276e-7
-1.451,-4.7576499813007666e-8,-2.1847500366423917e-7
-1.45,-4.7782546356120986e-8,-2.212750966906672e-7
-1.449,-4.798581353956709e-8,-2.2411033962682844e-7
-1.448,-4.8186194197211605e-8,-2.2698116252981815e-7
-1.447,-4.838357886493736e-8,-2.2988800054463628e-7
-1.446,-4.85778557395784e-8,-2.3283129396160552e-7
-1.445,-4.876891063718752e-8,-2.3581148827439105e-7
-1.444,-4.895662695062723e-8,-2.3882903423862836e-7
-1.443,-4.914088560647376e-8,-2.4188438793116415e-7
-1.442,-4.932156502122377e-8,-2.449780108099159e-7
-1.441,-4.9498541056793144e-8,-2.481103697743563e-7
-1.44,-4.967168697529718e-8,-2.5128193722662726e-7
-1.439,-4.984087339310125e-8,-2.544931911332905e-7
-1.438,-5.00059682341309e-8,-2.577446150877188e-7
-1.437,-5.016683668243024e-8,-2.610366983731354e-7
-1.436,-5.032334113395725e-8,-2.643699360263061e-7
-1.435,-5.047534114760438e-8,-2.6774482890189075e-7
-1.434,-5.062269339543296e-8,-2.711618837374589e-7
-1.433,-5.0765251612109374e-8,-2.746216132191772e-7
-1.432,-5.090286654353111e-8,-2.781245360481729e-7
-1.431,-5.103538589463042e-8,-2.8167117700758e-7
-1.43,-5.116265427634326e-8,-2.8526206703027495e-7
-1.429,-5.1284513151730943e-8,-2.888977432673062e-7
-1.428,-5.140080078124183e-8,-2.9257874915702514e-7
-1.427,-5.151135216710007e-8,-2.9630563449492413e-7
-1.426,-5.161599899680843e-8,-3.0007895550418725e-7
-1.425,-5.171456958575182e-8,-3.0389927490696103e-7
-1.424,-5.180688881888807e-8,-3.0776716199635017e-7
-1.423,-5.189277809151248e-8,-3.1168319270914533e-7
-1.422,-5.1972055249081974e-8,-3.156479496992892e-7
-1.421,-5.204453452608515e-8,-3.1966202241208674e-7
-1.42,-5.2110026483943774e-8,-3.2372600715916614e-7
-1.419,-5.216833794793134e-8,-3.2784050719419733e-7
-1.418,-5.2219271943094044e-8,-3.320061327893736e-7
-1.417,-5.2262627629159384e-8,-3.3622350131266355e-7
-1.416,-5.229820023441717e-8,-3.404932373058394e-7
-1.415,-5.232578098855783e-8,-3.448159725632881e-7
-1.414,-5.234515705445243e-8,-3.491923462116125e-7
-1.413,-5.235611145885874e-8,-3.536230047900278e-7
-1.412,-5.2358423022037346e-8,-3.581086023315614e-7
-1.411,-5.235186628626177e-8,-3.626498004450615e-7
-1.41,-5.2336211443206116e-8,-3.67247268398022e-7
-1.409,-5.231122426019366e-8,-3.719016832002298e-7
-1.408,-5.2276666005289554e-8,-3.7661372968824117e-7
-1.407,-5.2232293371220545e-8,-3.8138410061069465e-7
-1.406,-5.217785839810442e-8,-3.8621349671446635e-7
-1.405,-5.211310839497155e-8,-3.911026268316747e-7
-1.404,-5.2037785860060784e-8,-3.960522079675418e-7
-1.403,-5.1951628399871597e-8,-4.0106296538911786e-7
-1.402,-5.185436864695423e-8,-4.0613563271487537e-7
-1.401,-5.174573417641918e-8,-4.1127095200518047e-7
-1.4,-5.162544742114728e-8,-4.164696738536478e-7
-1.399,-5.149322558568123e-8,-4.217325574793862e-7
-1.398,-5.134878055877931e-8,-4.2706037082014185e-7
-1.397,-5.119181882461151e-8,-4.3245389062634604e-7
-1.396,-5.1022041372578336e-8,-4.3791390255607406e-7
-1.395,-5.083914360573198e-8,-4.434412012709233e-7
-1.394,-5.0642815247779533e-8,-4.4903659053281604e-7
-1.393,-5.0432740248647384e-8,-4.547008833017351e-7
-1.392,-5.020859668858584e-8,-4.6043490183439907e-7
-1.391,-4.997005668079266e-8,-4.6623947778388387e-7
-1.39,-4.9716786272533876e-8,-4.7211545230019783e-7
-1.389,-4.9448445344739935e-8,-4.780636761318181e-7
-1.388,-4.91646875100551e-8,-4.840850097281938e-7
-1.387,-4.886516000931736e-8,-4.901803233432248e-7
-1.386,-4.854950360644629e-8,-4.963504971397223e-7
-1.385,-4.8217352481715466e-8,-5.025964212948581e-7
-1.384,-4.78683341233861e-8,-5.089189961066102e-7
-1.383,-4.7502069217678107e-8,-5.153191321012119e-7
-1.382,-4.711817153705446e-8,-5.217977501416111e-7
-1.381,-4.671624782679438e-8,-5.283557815369472e-7
-1.38,-4.629589768983056e-8,-5.34994168153052e-7
-1.379,-4.585671346982537e-8,-5.417138625239834e-7
-1.378,-4.5398280132460525e-8,-5.485158279645977e-7
-1.377,-4.492017514491437e-8,-5.55401038684167e-7
-1.376,-4.442196835350068e-8,-5.62370479901051e-7
-1.375,-4.390322185944239e-8,-5.694251479584279e-7
-1.374,-4.33634898927534e-8,-5.765660504410938e-7
-1.373,-4.2802318684201184e-8,-5.837942062933351e-7
-1.372,-4.221924633532254e-8,-5.911106459378841e-7
-1.371,-4.161380268646452e-8,-5.985164113959615e-7
-1.37,-4.0985509182822175e-8,-6.060125564084158e-7
-1.369,-4.033387873844418e-8,-6.136001465579648e-7
-1.368,-3.965841559817743e-8,-6.212802593925468e-7
-1.367,-3.8958615197520776e-8,-6.290539845497887e-7
-1.366,-3.823396402035815e-8,-6.369224238825982e-7
-1.365,-3.748393945454054e-8,-6.448866915858855e-7
-1.364,-3.670800964528616e-8,-6.529479143244241e-7
-1.363,-3.590563334636756e-8,-6.611072313618548e-7
-1.362,-3.507625976905395e-8,-6.693657946908422e-7
-1.361,-3.421932842877699e-8,-6.777247691643886e-7
-1.36,-3.333426898948709e-8,-6.861853326283138e-7
-1.359,-3.242050110566785e-8,-6.94748676054906e-7
-1.358,-3.147743426197472e-8,-7.034160036777518e-7
-1.357,-3.050446761046455e-8,-7.121885331277514e-7
-1.356,-2.9500989805381376e-8,-7.210674955703259e-7
-1.355,-2.846637883546396e-8,-7.300541358438233e-7
-1.354,-2.7400001853739758e-8,-7.391497125991291e-7
-1.353,-2.630121500476968e-8,-7.483554984404898e-7
-1.352,-2.516936324930747e-8,-7.57672780067553e-7
-1.351,-2.4003780186337118e-8,-7.671028584186338e-7
-1.35,-2.2803787872451088e-8,-7.76647048815211e-7
-1.349,-2.156869663853183e-8,-7.863066811076608e-7
-1.348,-2.0297804903698397e-8,-7.960830998222349e-7
-1.347,-1.8990398986479516e-8,-8.059776643092866e-7
-1.346,-1.7645752913173993e-8,-8.159917488927547e-7
-1.345,-1.6263128223358782e-8,-8.261267430209071e-7
-1.344,-1.484177377250444e-8,-8.363840514183544e-7
-1.343,-1.3380925531657344e-8,-8.467650942393352e-7
-1.342,-1.1879806384147274e-8,-8.572713072222817e-7
-1.341,-1.0337625919278607e-8,-8.679041418456711e-7
-1.34,-8.753580222962693e-9,-8.786650654851662e-7
-1.339,-7.126851665248496e-9,-8.895555615720537e-7
-1.338,-5.456608684707956e-9,-9.005771297529839e-7
-1.337,-3.74200556963198e-9,-9.117312860510162e-7
-1.336,-1.982182235992413e-9,-9.230195630279794e-7
-1.335,-1.7626400212467428e-10,-9.34443509948147e-7
-1.334,1.676638639914762e-9,-9.460046929432359e-7
-1.333,3.5774302563625465e-9,-9.577046951787328e-7
-1.332,5.527030707181357e-9,-9.69545117021552e-7
-1.331,7.526375384959244e-9,-9.8152757620903e-7
-1.33,9.576415457323725e-9,-9.93653708019262e-7
-1.329,1.1678118112919635e-8,-1.0059251654427834e-6
-1.328,1.3832466811000294e-8,-1.0183436193556012e-6
-1.327,1.6040461534682287e-8,-1.0309107586935796e-6
-1.326,1.8303119047914768e-8,-1.0436282906281844e-6
-1.325,2.0621473156214857e-8,-1.0564979407435873e-6
-1.324,2.2996574971221405e-8,-1.0695214532151376e-6
-1.323,2.5429493179120073e-8,-1.0827005909892013e-6
-1.322,2.792131431299333e-8,-1.0960371359643742e-6
-1.321,3.047314302914977e-8,-1.1095328891740688e-6
-1.32,3.308610238748768e-8,-1.1231896709704805e-6
-1.319,3.576133413594872e-8,-1.1370093212099351e-6
-1.318,3.8499998999118156e-8,-1.1509936994396198e-6
-1.317,4.1303276971028854e-8,-1.1651446850857014e-6
-1.316,4.4172367612226965e-8,-1.179464177642831e-6
-1.315,4.710849035115813e-8,-1.193954096865042e-6
-1.314,5.011288478993348e-8,-1.2086163829580386e-6
-1.313,5.3186811014535874e-8,-1.2234529967728786e-6
-1.312,5.6331549909527226e-8,-1.2384659200010524e-6
-1.311,5.954840347731883e-8,-1.2536571553709569e-6
-1.31,6.283869516206725e-8,-1.2690287268457688e-6
-1.309,6.620377017825914e-8,-1.2845826798227143e-6
-1.308,6.964499584404931e-8,-1.3003210813337384e-6
-1.307,7.316376191941698e-8,-1.3162460202475721e-6
-1.306,7.676148094920622e-8,-1.3323596074731986e-6
-1.305,8.043958861111713e-8,-1.3486639761647183e-6
-1.304,8.419954406871564e-8,-1.3651612819276098e-6
-1.303,8.804283032952997e-8,-1.3818537030263886e-6
-1.302,9.197095460830348e-8,-1.3987434405936618e-6
-1.301,9.598544869547378e-8,-1.4158327188405747e-6
-1.3,1.0008786933094955e-7,-1.4331237852686518e-6
-1.299,1.0427979858325667e-7,-1.4506189108830267e-6
-1.298,1.085628442341269e-7,-1.4683203904070578e-6
-1.297,1.1293864016860291e-7,-1.4862305424983322e-6
-1.296,1.1740884677073431e-7,-1.5043517099660472e-6
-1.295,1.219751513249406e-7,-1.5226862599897735e-6
-1.294,1.2663926842311751e-7,-1.541236584339589e-6
-1.293,1.3140294037756475e-7,-1.560005099597585e-6
-1.292,1.3626793763981332e-7,-1.578994247380737e-6
-1.291,1.4123605922543267e-7,-1.5982064945651354e-6
-1.29,1.4630913314489758e-7,-1.6176443335115714e-6
-1.289,1.514890168405972e-7,-1.6373102822924729e-6
-1.288,1.567775976300684e-7,-1.657206884920181e-6
-1.287,1.621767931555373e-7,-1.6773367115765653e-6
-1.286,1.676885518398539e-7,-1.6977023588439673e-6
-1.285,1.7331485334890548e-7,-1.7183064499374653e-6
-1.284,1.790577090605958e-7,-1.7391516349384535e-6
-1.283,1.8491916254047798e-7,-1.7602405910295262e-6
-1.282,1.9090129002413024e-7,-1.7815760227306579e-6
-1.281,1.970062009063648e-7,-1.8031606621366706e-6
-1.28,2.032360382373611e-7,-1.824997269155979e-6
-1.279,2.0959297922581577e-7,-1.8470886317506e-6
-1.278,2.1607923574920347e-7,-1.86943756617742e-6
-1.277,2.2269705487124248e-7,-1.8920469172307052e-6
-1.276,2.2944871936666205e-7,-1.9149195584858434e-6
-1.275,2.3633654825336763e-7,-1.9380583925443063e-6
-1.274,2.433628973321032e-7,-1.9614663512798167e-6
-1.273,2.5053015973370973e-7,-1.9851463960857087e-6
-1.272,2.578407664740805e-7,-2.0091015181234662e-6
-1.271,2.65297187016916e-7,-2.0333347385724224e-6
-1.27,2.729019298443806e-7,-2.057849108880609e-6
-1.269,2.8065754303576656e-7,-2.082647711016735e-6
-1.268,2.8856661485427073e-7,-2.1077336577232774e-6
-1.267,2.9663177434199083e-7,-2.1331100927706726e-6
-1.266,3.0485569192325017e-7,-2.158780191212582e-6
-1.265,3.132410800163609e-7,-2.1847471596422175e-6
-1.264,3.217906936539354e-7,-2.211014236449705e-6
-1.263,3.3050733111186035e-7,-2.23758469208047e-6
-1.262,3.3939383454704533e-7,-2.2644618292946163e-6
-1.261,3.484530906440628e-7,-2.2916489834272795e-6
-1.26,3.5768803127079455e-7,-2.319149522649938e-6
-1.259,3.671016341432039e-7,-2.346966848232648e-6
-1.258,3.7669692349935227e-7,-2.375104394807182e-6
-1.257,3.8647697078278145e-7,-2.403565630631052e-6
-1.256,3.964448953353834e-7,-2.4323540578523768e-6
-1.255,4.066038650998819e-7,-2.461473212775583e-6
-1.254,4.169570973320513e-7,-2.4909266661278987e-6
-1.253,4.275078593227985e-7,-2.520718023326616e-6
-1.252,4.382594691302373e-7,-2.550850924747097e-6
-1.251,4.492152963218845e-7,-2.5813290459914804e-6
-1.25,4.6037876272710934e-7,-2.612156098158072e-6
-1.249,4.7175334319996884e-7,-2.6433358281113735e-6
-1.248,4.833425663925644e-7,-2.6748720187527242e-6
-1.247,4.951500155390547e-7,-2.7067684892915153e-6
-1.246,5.071793292504637e-7,-2.739029095516945e-6
-1.245,5.194342023204221e-7,-2.7716577300702765e-6
-1.244,5.319183865419848e-7,-2.804658322717557e-6
-1.243,5.446356915356649e-7,-2.838034840622765e-6
-1.242,5.575899855888308e-7,-2.8717912886213384e-6
-1.241,5.707851965066109e-7,-2.9059317094940516e-6
-1.24,5.842253124744548e-7,-2.940460184241184e-6
-1.239,5.979143829324988e-7,-2.9753808323569548e-6
-1.238,6.118565194618903e-7,-3.0106978121041596e-6
-1.237,6.260558966832199e-7,-3.0464153207889776e-6
-1.236,6.405167531672193e-7,-3.082537595035895e-6
-1.235,6.552433923578798e-7,-3.1190689110626914e-6
-1.234,6.702401835081517e-7,-3.1560135849554507e-6
-1.233,6.855115626283819e-7,-3.1933759729435298e-6
-1.232,7.010620334476552e-7,-3.2311604716744444e-6
-1.231,7.168961683882006e-7,-3.2693715184886116e-6
-1.23,7.330186095530307e-7,-3.308013591693889e-6
-1.229,7.494340697269802e-7,-3.3470912108398647e-6
-1.228,7.661473333913137e-7,-3.386608936991824e-6
-1.227,7.831632577520759e-7,-3.4265713730043446e-6
-1.226,8.004867737823558e-7,-3.466983163794451e-6
-1.225,8.181228872786417e-7,-3.5078489966142657e-6
-1.224,8.360766799314444e-7,-3.5491736013230923e-6
-1.223,8.543533104103683e-7,-3.5909617506588624e-6
-1.222,8.729580154638121e-7,-3.6332182605088783e-6
-1.221,8.918961110334823e-7,-3.675947990179778e-6
-1.22,9.111729933839069e-7,-3.719155842666654e-6
-1.219,9.307941402471349e-7,-3.7628467649212487e-6
-1.218,9.507651119828134e-7,-3.8070257481191495e-6
-1.217,9.71091552753835e-7,-3.85169782792591e-6
-1.216,9.91779191717746e-7,-3.8968680847620075e-6
-1.215,1.012833844234119e-6,-3.942541644066571e-6
-1.214,1.0342614130880799e-6,-3.988723676559775e-6
-1.213,1.056067889730197e-6,-4.035419398503833e-6
-1.212,1.0782593555329338e-6,-4.082634071962485e-6
-1.211,1.100841983063867e-6,-4.1303730050589074e-6
-1.21,1.1238220373758837e-6,-4.178641552231932e-6
-1.209,1.1472058773145622e-6,-4.227445114490493e-6
-1.208,1.1709999568429525e-6,-4.276789139666212e-6
-1.207,1.195210826383968e-6,-4.326679122663989e-6
-1.206,1.2198451341806088e-6,-4.377120605710549e-6
-1.205,1.2449096276742323e-6,-4.42811917860079e-6
-1.204,1.2704111549010954e-6,-4.479680478941857e-6
-1.203,1.2963566659073917e-6,-4.5318101923948225e-6
-1.202,1.3227532141830097e-6,-4.584514052913865e-6
-1.201,1.3496079581142417e-6,-4.6377978429828304e-6
-1.2,1.3769281624556747e-6,-4.691667393849058e-6
-1.199,1.4047211998214964e-6,-4.746128585754355e-6
-1.198,1.4329945521964553e-6,-4.801187348162996e-6
-1.197,1.4617558124667098e-6,-4.8568496599866295e-6
-1.196,1.4910126859708126e-6,-4.913121549805942e-6
-1.195,1.5207729920710711e-6,-4.9700090960889866e-6
-1.194,1.5510446657455306e-6,-5.027518427406002e-6
-1.193,1.5818357592008335e-6,-5.085655722640623e-6
-1.192,1.6131544435062001e-6,-5.144427211197308e-6
-1.191,1.6450090102487924e-6,-5.203839173204874e-6
-1.19,1.6774078732107127e-6,-5.263897939715972e-6
-1.189,1.7103595700679001e-6,-5.324609892902359e-6
-1.188,1.7438727641111881e-6,-5.385981466245822e-6
-1.187,1.7779562459897846e-6,-5.4480191447245894e-6
-1.186,1.8126189354774475e-6,-5.510729464995078e-6
-1.185,1.8478698832616244e-6,-5.574119015568812e-6
-1.184,1.8837182727558298e-6,-5.638194436984343e-6
-1.183,1.920173421935538e-6,-5.702962421974011e-6
-1.182,1.9572447851978684e-6,-5.768429715625371e-6
-1.181,1.99494195524535e-6,-5.834603115537102e-6
-1.18,2.0332746649940436e-6,-5.901489471969231e-6
-1.179,2.0722527895063192e-6,-5.969095687987471e-6
-1.178,2.111886347948567e-6,-6.037428719601512e-6
-1.177,2.1521855055741483e-6,-6.1064955758970355e-6
-1.176,2.193160575731875e-6,-6.176303319161298e-6
-1.175,2.2348220219003206e-6,-6.24685906500205e-6
-1.174,2.277180459748266e-6,-6.318169982459607e-6
-1.173,2.3202466592215823e-6,-6.390243294111855e-6
-1.172,2.3640315466568648e-6,-6.463086276171981e-6
-1.171,2.4085462069221245e-6,-6.536706258578714e-6
-1.17,2.4538018855848577e-6,-6.611110625078849e-6
-1.169,2.4998099911078045e-6,-6.686306813301826e-6
-1.168,2.546582097072727e-6,-6.762302314826155e-6
-1.167,2.59412994443252e-6,-6.839104675237416e-6
-1.166,2.6424654437919917e-6,-6.9167214941776275e-6
-1.165,2.691600677717637e-6,-6.995160425385716e-6
-1.164,2.7415479030767447e-6,-7.074429176728851e-6
-1.163,2.7923195534061676e-6,-7.154535510224376e-6
-1.162,2.843928241311101e-6,-7.235487242052094e-6
-1.161,2.89638676089421e-6,-7.3172922425566224e-6
-1.16,2.9497080902154537e-6,-7.3999584362395645e-6
-1.159,3.0039053937829576e-6,-7.483493801741204e-6
-1.158,3.0589920250752797e-6,-7.567906371811455e-6
-1.157,3.114981529095436e-6,-7.65320423326978e-6
-1.156,3.1718876449570415e-6,-7.739395526953759e-6
-1.155,3.2297243085029244e-6,-7.826488447656063e-6
-1.154,3.2885056549565877e-6,-7.914491244049456e-6
-1.153,3.3482460216068842e-6,-8.003412218599583e-6
-1.152,3.4089599505262756e-6,-8.093259727465179e-6
-1.151,3.4706621913230535e-6,-8.184042180385407e-6
-1.15,3.5333677039279074e-6,-8.275768040553976e-6
-1.149,3.597091661415209e-6,-8.368445824479713e-6
-1.148,3.661849452859417e-6,-8.462084101833236e-6
-1.147,3.7276566862269757e-6,-8.556691495279406e-6
-1.146,3.794529191304112e-6,-8.652276680295165e-6
-1.145,3.862483022660919e-6,-8.748848384972427e-6
-1.144,3.931534462652137e-6,-8.846415389805635e-6
-1.143,4.001700024455021e-6,-8.944986527463622e-6
-1.142,4.072996455144715e-6,-9.044570682545377e-6
-1.141,4.1454407388075344e-6,-9.145176791319338e-6
-1.14,4.219050099692576e-6,-9.246813841445804e-6
-1.139,4.2938420054020705e-6,-9.349490871682062e-6
-1.138,4.3698341701208955e-6,-9.453216971569823e-6
-1.137,4.447044557885679e-6,-9.558001281104536e-6
-1.136,4.5254913858939235e-6,-9.663852990386144e-6
-1.135,4.605193127853559e-6,-9.77078133925087e-6
-1.134,4.686168517373401e-6,-9.878795616883556e-6
-1.133,4.768436551394912e-6,-9.987905161410116e-6
-1.132,4.852016493665729e-6,-1.0098119359469647e-5
-1.131,4.936927878255399e-6,-1.0209447645765714e-5
-1.13,5.023190513113766e-6,-1.0321899502596323e-5
-1.129,5.110824483672472e-6,-1.0435484459362108e-5
-1.128,5.199850156490016e-6,-1.0550212092052241e-5
-1.127,5.290288182940835e-6,-1.0666092022707514e-5
-1.126,5.382159502948871e-6,-1.0783133918860127e-5
-1.125,5.475485348766095e-6,-1.090134749294963e-5
-1.124,5.570287248796443e-6,-1.1020742501714477e-5
-1.123,5.666587031465652e-6,-1.114132874555866e-5
-1.122,5.764406829137462e-6,-1.1263116067892866e-5
-1.121,5.863769082076672e-6,-1.1386114354449569e-5
-1.12,5.964696542459528e-6,-1.151033353257151e-5
-1.119,6.067212278431934e-6,-1.1635783570472965e-5
-1.118,6.171339678215971e-6,-1.1762474476473179e-5
-1.117,6.277102454265222e-6,-1.1890416298201414e-5
-1.116,6.3845246474693975e-6,-1.201961912177292e-5
-1.115,6.493630631408765e-6,-1.2150093070935259e-5
-1.114,6.604445116658885e-6,-1.22818483061843e-5
-1.113,6.716993155146156e-6,-1.2414895023849246e-5
-1.112,6.831300144554682e-6,-1.254924345514603e-5
-1.111,6.947391832784986e-6,-1.2684903865198386e-5
-1.11,7.065294322465066e-6,-1.2821886552025924e-5
-1.109,7.185034075514332e-6,-1.296020184549849e-5
-1.108,7.306637917760936e-6,-1.3099860106256116e-5
-1.107,7.43013304361303e-6,-1.3240871724593792e-5
-1.106,7.555547020784473e-6,-1.3383247119310375e-5
-1.105,7.682907795075526e-6,-1.3526996736520832e-5
-1.104,7.812243695209072e-6,-1.3672131048431071e-5
-1.103,7.94358343772289e-6,-1.3818660552074588e-5
-1.102,8.076956131918543e-6,-1.3966595768010105e-5
-1.101,8.212391284867395e-6,-1.411594723897942e-5
-1.1,8.349918806474347e-6,-1.4266725528524634e-5
-1.099,8.489569014599801e-6,-1.4418941219563905e-5
-1.098,8.63137264024043e-6,-1.4572604912924908e-5
-1.097,8.775360832769305e-6,-1.472772722583509e-5
-1.096,8.921565165235937e-6,-1.4884318790367883e-5
-1.095,9.07001763972679e-6,-1.5042390251843938e-5
-1.094,9.22075069278684e-6,-1.52019522671865e-5
-1.093,9.373797200902749e-6,-1.536301550322996e-5
-1.092,9.529190486048196e-6,-1.5525590634980673e-5
-1.091,9.686964321291976e-6,-1.5689688343829048e-5
-1.09,9.847152936469416e-6,-1.5855319315711954e-5
-1.089,1.0009791023917689e-5,-1.602249423922445e-5
-1.088,1.0174913744275606e-5,-1.6191223803679797e-5
-1.087,1.0342556732348475e-5,-1.6361518697116733e-5
-1.086,1.051275610303859e-5,-1.6533389604253013e-5
-1.085,1.0685548457341961e-5,-1.6706847204384042e-5
-1.084,1.0860970888411851e-5,-1.6881902169225643e-5
-1.083,1.103906098768972e-5,-1.705856516069975e-5
-1.082,1.1219856851104159e-5,-1.723684682866196e-5
-1.081,1.1403397085338412e-5,-1.7416757808569823e-5
-1.08,1.158972081416709e-5,-1.7598308719090612e-5
-1.079,1.1778867684862635e-5,-1.778151015964754e-5
-1.078,1.1970877874672186e-5,-1.7966372707903094e-5
-1.077,1.21657920973654e-5,-1.8152906917178327e-5
-1.076,1.2363651609853836e-5,-1.8341123313806868e-5
-1.075,1.2564498218882529e-5,-1.8531032394422386e-5
-1.074,1.276837428779432e-5,-1.8722644623178182e-5
-1.073,1.2975322743367562e-5,-1.8915970428897692e-5
-1.072,1.3185387082727811e-5,-1.9111020202154488e-5
-1.071,1.3398611380334081e-5,-1.930780429228048e-5
-1.07,1.3615040295040302e-5,-1.9506333004300932e-5
-1.069,1.383471907723254e-5,-1.9706616595794897e-5
-1.068,1.4057693576042638e-5,-1.9908665273679668e-5
-1.067,1.428401024663883e-5,-2.011248919091778e-5
-1.066,1.451371615759396e-5,-2.0318098443145143e-5
-1.065,1.4746858998331915e-5,-2.0525503065218735e-5
-1.064,1.4983487086652852e-5,-2.073471302768247e-5
-1.063,1.522364937633785e-5,-2.0945738233149548e-5
-1.062,1.546739546483355e-5,-2.1158588512599882e-5
-1.061,1.571477560101744e-5,-2.1373273621590887e-5
-1.06,1.596584069304433e-5,-2.1589803236380058e-5
-1.059,1.6220642316274642e-5,-2.1808186949957765e-5
-1.058,1.6479232721285117e-5,-2.202843426798846e-5
-1.057,1.6741664841962528e-5,-2.2250554604658716e-5
-1.056,1.7007992303680985e-5,-2.247455727843034e-5
-1.055,1.727826943156342e-5,-2.270045150769678e-5
-1.054,1.7552551258827886e-5,-2.292824640634108e-5
-1.053,1.7830893535219174e-5,-2.3157950979193568e-5
-1.052,1.811335273552643e-5,-2.3389574117387422e-5
-1.051,1.8399986068187255e-5,-2.3623124593610295e-5
-1.05,1.8690851483978963e-5,-2.3858611057250004e-5
-1.049,1.8986007684797474e-5,-2.409604202943249e-5
-1.048,1.9285514132524503e-5,-2.4335425897949964e-5
-1.047,1.9589431057983546e-5,-2.457677091207732e-5
-1.046,1.9897819469985243e-5,-2.4820085177274792e-5
-1.045,2.0210741164462714e-5,-2.506537664977475e-5
-1.044,2.0528258733697357e-5,-2.5312653131050597e-5
-1.043,2.085043557563571e-5,-2.556192226216565e-5
-1.042,2.1177335903297884e-5,-2.5813191517999784e-5
-1.041,2.1509024754278126e-5,-2.606646820135175e-5
-1.04,2.1845568000338053e-5,-2.632175943691484e-5
-1.039,2.2187032357093018e-5,-2.6579072165123734e-5
-1.038,2.253348539379223e-5,-2.6838413135870156e-5
-1.037,2.2884995543193045e-5,-2.7099788902085073e-5
-1.036,2.3241632111529986e-5,-2.7363205813185026e-5
-1.035,2.3603465288578965e-5,-2.7628670008380198e-5
-1.034,2.39705661578172e-5,-2.789618740984181e-5
-1.033,2.434300670667934e-5,-2.8165763715726302e-5
-1.032,2.472085983691019e-5,-2.8437404393053842e-5
-1.031,2.5104199375014578e-5,-2.8711114670438577e-5
-1.03,2.5493100082804797e-5,-2.8986899530668014e-5
-1.029,2.5887637668046026e-5,-2.9264763703128928e-5
-1.028,2.6287888795200206e-5,-2.9544711656077086e-5
-1.027,2.6693931096268778e-5,-2.9826747588748077e-5
-1.026,2.7105843181734685e-5,-3.011087542330651e-5
-1.025,2.752370465160405e-5,-3.0397098796630714e-5
-1.024,2.79475961065479e-5,-3.068542105193017e-5
-1.023,2.8377599159144356e-5,-3.097584523019269e-5
-1.022,2.8813796445221548e-5,-3.1268374061458545e-5
-1.021,2.925627163530173e-5,-3.156300995591837e-5
-1.02,2.970510944614684e-5,-3.185975499483199e-5
-1.019,3.0160395652405847e-5,-3.215861092126499e-5
-1.018,3.0622217098364194e-5,-3.2459579130640025e-5
-1.017,3.109066170979562e-5,-3.276266066109948e-5
-1.016,3.156581850591664e-5,-3.306785618367654e-5
-1.015,3.204777761144393e-5,-3.337516599227122e-5
-1.014,3.253663026875481e-5,-3.3684589993428094e-5
-1.013,3.303246885015115e-5,-3.399612769591233e-5
-1.012,3.3535386870226836e-5,-3.430977820008075e-5
-1.011,3.404547899833887e-5,-3.462554018704422e-5
-1.01,3.456284107118252e-5,-3.494341190761808e-5
-1.009,3.508757010547041e-5,-3.526339117105689e-5
-1.008,3.5619764310715804e-5,-3.558547533356994e-5
-1.007,3.615952310212011e-5,-3.5909661286613845e-5
-1.006,3.6706947113564785e-5,-3.6235945444958455e-5
-1.005,3.726213821070754e-5,-3.6564323734522335e-5
-1.004,3.7825199504182995e-5,-3.689479157997394e-5
-1.003,3.839623536290775e-5,-3.722734389209465e-5
-1.002,3.897535142748977e-5,-3.756197505489959e-5
-1.001,3.956265462374218e-5,-3.78986789125123e-5
-1.0,4.01582531763013e-5,-3.823744875578924e-5
-0.999,4.0762256622348724e-5,-3.8578277308689855e-5
-0.998,4.137477582543758e-5,-3.8921156714388085e-5
-0.997,4.199592298942245e-5,-3.9266078521121076e-5
-0.996,4.2625811672493085e-5,-3.961303366777077e-5
-0.995,4.3264556801311456e-5,-3.9962012469173915e-5
-0.994,4.391227468525195e-5,-4.0313004601156206e-5
-0.993,4.456908303074451e-5,-4.066599908528588e-5
-0.992,4.523510095572019e-5,-4.102098427334234e-5
-0.991,4.5910449004158994e-5,-4.137794783149501e-5
-0.99,4.6595249160739374e-5,-4.173687672418795e-5
-0.989,4.728962486558914e-5,-4.209775719772516e-5
-0.988,4.7993701029137144e-5,-4.2460574763551996e-5
-0.987,4.870760404706534e-5,-4.2825314181227656e-5
-0.986,4.9431461815360606e-5,-4.319195944108378e-5
-0.985,5.01654037454657e-5,-4.35604937465641e-5
-0.984,5.090956077952878e-5,-4.393089949624007e-5
-0.983,5.166406540575075e-5,-4.4303158265497244e-5
-0.982,5.2429051673829646e-5,-4.467725078788711e-5
-0.981,5.320465521050146e-5,-4.5053156936139116e-5
-0.98,5.399101323517632e-5,-4.543085570282739e-5
-0.979,5.478826457566937e-5,-4.581032518068672e-5
-0.978,5.559654968402527e-5,-4.619154254257222e-5
-0.977,5.6416010652435426e-5,-4.657448402105699e-5
-0.976,5.724679122924688e-5,-4.6959124887662104e-5
-0.975,5.8089036835061726e-5,-4.734543943171311e-5
-0.974,5.8942894578925984e-5,-4.7733400938817145e-5
-0.973,5.980851327460669e-5,-4.812298166895467e-5
-0.972,6.06860434569559e-5,-4.85141528341799e-5
-0.971,6.157563739836035e-5,-4.8906884575923614e-5
-0.97,6.247744912527533e-5,-4.930114594189236e-5
-0.969,6.339163443484138e-5,-4.9696904862557516e-5
-0.968,6.431835091158213e-5,-5.009412812722805e-5
-0.967,6.525775794418204e-5,-5.0492781359700354e-5
-0.966,6.621001674234188e-5,-5.089282899347867e-5
-0.965,6.717529035371073e-5,-5.129423424655942e-5
-0.964,6.815374368089239e-5,-5.169695909577282e-5
-0.963,6.914554349852437e-5,-5.2100964250674755e-5
-0.962,7.015085847042766e-5,-5.250620912698223e-5
-0.961,7.1169859166825e-5,-5.29126518195452e-5
-0.96,7.220271808162587e-5,-5.332024907484781e-5
-0.959,7.324960964977558e-5,-5.3728956263031804e-5
-0.958,7.43107102646667e-5,-5.413872734943481e-5
-0.957,7.538619829560995e-5,-5.454951486563611e-5
-0.956,7.647625410536257e-5,-5.496126988000252e-5
-0.955,7.758106006771114e-5,-5.53739419677266e-5
-0.954,7.87008005851068e-5,-5.578747918034975e-5
-0.953,7.98356621063495e-5,-5.620182801476226e-5
-0.952,8.098583314431904e-5,-5.661693338167249e-5
-0.951,8.215150429374955e-5,-5.703273857353726e-5
-0.95,8.333286824904458e-5,-5.7449185231945246e-5
-0.949,8.453011982212971e-5,-5.786621331444531e-5
-0.948,8.574345596033921e-5,-5.8283761060811496e-5
-0.947,8.697307576433365e-5,-5.870176495873617e-5
-0.946,8.821918050604493e-5,-5.912015970894297e-5
-0.945,8.948197364664503e-5,-5.953887818971082e-5
-0.944,9.076166085453493e-5,-5.995785142080045e-5
-0.943,9.205845002334988e-5,-6.037700852677441e-5
-0.942,9.337255128997691e-5,-6.0796276699701893e-5
-0.941,9.470417705258083e-5,-6.121558116123912e-5
-0.94,9.605354198863415e-5,-6.163484512407616e-5
-0.939,9.742086307294696e-5,-6.205398975274117e-5
-0.938,9.880635959569207e-5,-6.247293412375226e-5
-0.937,0.00010021025318042085,-6.289159518510787e-5
-0.936,0.00010163276780206519,-6.330988771510589e-5
-0.935,0.00010307412980492043,-6.372772428048176e-5
-0.934,0.00010453456792060457,-6.414501519385585e-5
-0.933,0.00010601431328598817,-6.456166847048001e-5
-0.932,0.00010751359946109005,-6.497758978427337e-5
-0.931,0.00010903266244693292,-6.539268242313711e-5
-0.93,0.00011057174070335352,-6.580684724353785e-5
-0.929,0.00011213107516676138,-6.621998262434936e-5
-0.928,0.00011371090926784016,-6.663198441994185e-5
-0.927,0.00011531148894918551,-6.704274591250844e-5
-0.926,0.00011693306268287305,-6.74521577636176e-5
-0.925,0.00011857588148794997,-6.786010796498112e-5
-0.924,0.00012024019894784357,-6.826648178842609e-5
-0.923,0.00012192627122767974,-6.867116173506013e-5
-0.922,0.0001236343570915046,-6.907402748361822e-5
-0.921,0.0001253647179194015,-6.947495583797999e-5
-0.92,0.00012711761772449663,-6.987382067384567e-5
-0.919,0.00012889332316984469,-7.027049288455918e-5
-0.918,0.00013069210358518745,-7.066484032606653e-5
-0.917,0.0001325142309835769,-7.105672776099748e-5
-0.916,0.00013435998007785437,-7.144601680185851e-5
-0.915,0.0001362296282969773,-7.183256585332482e-5
-0.914,0.00013812345580218498,-7.221623005361907e-5
-0.913,0.00014004174550299417,-7.259686121496437e-5
-0.912,0.00014198478307301512,-7.29743077630989e-5
-0.911,0.0001439528569655788,-7.33484146758395e-5
-0.91,0.0001459462584291655,-7.371902342068133e-5
-0.909,0.0001479652815226247,-7.40859718914205e-5
-0.908,0.00015001022313017605,-7.444909434378673e-5
-0.907,0.00015208138297618102,-7.480822133007266e-5
-0.906,0.00015417906363967418,-7.516317963274634e-5
-0.905,0.00015630357056864317,-7.551379219703362e-5
-0.904,0.0001584552120940462,-7.585987806245641e-5
-0.903,0.0001606342994435551,-7.620125229331333e-5
-0.902,0.000162841146755012,-7.653772590808865e-5
-0.901,0.00016507607108958791,-7.686910580777537e-5
-0.9,0.00016733939244463,-7.719519470309854e-5
-0.899,0.00016963143376618497,-7.751579104062406e-5
-0.898,0.00017195252096118552,-7.783068892773873e-5
-0.897,0.00017430298290928626,-7.813967805648705e-5
-0.896,0.00017668315147433494,-7.84425436262496e-5
-0.895,0.00017909336151546555,-7.873906626524858e-5
-0.894,0.0001815339508977979,-7.902902195086518e-5
-0.893,0.00018400526050272936,-7.931218192875371e-5
-0.892,0.00018650763423780343,-7.958831263073732e-5
-0.891,0.00018904141904613938,-7.985717559146971e-5
-0.89,0.00019160696491540708,-8.011852736384733e-5
-0.889,0.0001942046248863305,-8.037211943315646e-5
-0.888,0.00019683475506070345,-8.061769812993935e-5
-0.887,0.00019949771460889995,-8.085500454156325e-5
-0.886,0.00020219386577686202,-8.10837744224766e-5
-0.885,0.00020492357389254658,-8.130373810313592e-5
-0.884,0.00020768720737181343,-8.151462039758716e-5
-0.883,0.000210485137723735,-8.171614050968501e-5
-0.882,0.00021331773955530898,-8.190801193793361e-5
-0.881,0.00021618539057555376,-8.208994237893194e-5
-0.88,0.00021908847159896673,-8.22616336294071e-5
-0.879,0.00022202736654832462,-8.242278148681843e-5
-0.878,0.00022500246245680454,-8.257307564851544e-5
-0.877,0.00022801414946940467,-8.27121996094324e-5
-0.876,0.00023106282084364168,-8.283983055830214e-5
-0.875,0.00023414887294950277,-8.295563927237194e-5
-0.874,0.00023727270526862886,-8.305929001060347e-5
-0.873,0.00024043472039270562,-8.315044040533961e-5
-0.872,0.00024363532402103732,-8.32287413524202e-5
-0.871,0.0002468749249572797,-8.329383689972875e-5
-0.87,0.0002501539351053057,-8.334536413415228e-5
-0.869,0.0002534727694641784,-8.338295306693623e-5
-0.868,0.00025683184612220486,-8.340622651741616e-5
-0.867,0.0002602315862500433,-8.34147999951081e-5
-0.866,0.00026367241409283636,-8.340828158013906e-5
-0.865,0.00026715475696134183,-8.33862718019993e-5
-0.864,0.00027067904522203176,-8.334836351659802e-5
-0.863,0.0002742457122861309,-8.329414178160347e-5
-0.862,0.0002778551945975634,-8.32231837300491e-5
-0.861,0.0002815079316197776,-8.31350584421869e-5
-0.86,0.0002852043658214165,-8.302932681556903e-5
-0.859,0.00028894494266080273,-8.290554143333884e-5
-0.858,0.00029273011056920364,-8.276324643071245e-5
-0.857,0.0002965603209328435,-8.260197735963157e-5
-0.856,0.00030043602807362893,-8.242126105156889e-5
-0.855,0.0003043576892285505,-8.222061547846646e-5
-0.854,0.0003083257645277268,-8.199954961178828e-5
-0.853,0.00031234071697105233,-8.175756327966762e-5
-0.852,0.00031640301240341265,-8.149414702212995e-5
-0.851,0.00032051311948842786,-8.120878194437222e-5
-0.85,0.00032467150968068607,-8.090093956807913e-5
-0.849,0.00032887865719642543,-8.05700816807572e-5
-0.848,0.00033313503898262515,-8.021566018306715e-5
-0.847,0.00033744113468446314,-7.983711693413553e-5
-0.846,0.0003417974266110973,-7.943388359482603e-5
-0.845,0.00034620439969972776,-7.90053814689515e-5
-0.844,0.00035066254147789454,-7.8551021342407e-5
-0.843,0.00035517234202396623,-7.807020332020506e-5
-0.842,0.0003597342939257724,-7.756231666139376e-5
-0.841,0.00036434889223733297,-7.702673961183839e-5
-0.84,0.0003690166344336358,-7.64628392348478e-5
-0.839,0.0003737380203634137,-7.58699712396263e-5
-0.838,0.0003785135521998693,-7.524747980753217e-5
-0.837,0.00038334373438929804,-7.45946974161239e-5
-0.836,0.0003882290735975549,-7.391094466097544e-5
-0.835,0.0003931700786543127,-7.319553007524174e-5
-0.834,0.0003981672604950565,-7.244774994695605e-5
-0.833,0.00040322113210075844,-7.166688813404061e-5
-0.832,0.0004083322084351758,-7.085221587701236e-5
-0.831,0.00041350100637971467,-7.000299160936554e-5
-0.83,0.00041872804466579905,-6.911846076561342e-5
-0.829,0.00042401384380468557,-6.819785558697102e-5
-0.828,0.0004293589260146614,-6.724039492466163e-5
-0.827,0.00043476381514556244,-6.624528404082936e-5
-0.826,0.00044022903660054745,-6.521171440704089e-5
-0.825,0.0004457551172550628,-6.413886350035924e-5
-0.824,0.0004513425853729297,-6.302589459697309e-5
-0.823,0.00045699197051948717,-6.187195656336503e-5
-0.822,0.00046270380347171913,-6.0676183645002776e-5
-0.821,0.00046847861612529644,-5.9437695252537474e-5
-0.82,0.0004743169413984593,-5.815559574549361e-5
-0.819,0.00048021931313266757,-5.682897421343526e-5
-0.818,0.00048618626598994263,-5.545690425459406e-5
-0.817,0.0004922183353468241,-5.403844375194424e-5
-0.816,0.000498316057184862,-5.257263464671086e-5
-0.815,0.0005044799679775664,-5.1058502709297534e-5
-0.814,0.0005107106045737292,-4.949505730762047e-5
-0.813,0.0005170085040770391,-4.788129117283615e-5
-0.812,0.0005233742037219003,-4.6216180162450374e-5
-0.811,0.0005298082407453723,-4.44986830207969e-5
-0.81,0.0005363111522551394,-4.272774113687459e-5
-0.809,0.0005428834750934211,-4.090227829953229e-5
-0.808,0.0005495257456967314,-3.902120044999151e-5
-0.807,0.0005562384999513936,-3.708339543169736e-5
-0.806,0.0005630222730447142,-3.508773273748897e-5
-0.805,0.0005698775993117191,-3.303306325408128e-5
-0.804,0.0005768050120773531,-3.091821900385069e-5
-0.803,0.0005838050434940408,-2.8742012883917905e-5
-0.802,0.0005908782243745061,-2.6503238402521947e-5
-0.801,0.0005980250840197456,-2.420066941268027e-5
-0.8,0.0006052461500420473,-2.1833059843130504e-5
-0.799,0.0006125419481829473,-1.93991434265504e-5
-0.798,0.0006199130021260118,-1.6897633425053384e-5
-0.797,0.0006273598333043301,-1.4327222352958037e-5
-0.796,0.0006348829607026065,-1.1686581696830784e-5
-0.795,0.000642482900653728,-8.974361632802116e-6
-0.794,0.0006501601666296928,-6.1891907411577024e-6
-0.793,0.000657915269026773,-3.329675718206809e-6
-0.792,0.0006657487149447903,-3.9440108543161406e-7
-0.791,0.0006736610079603745,2.6180711040778438e-6
-0.79,0.0006816526478940777,5.7092015618971285e-6
-0.789,0.0006897241305712109,8.88047406324204e-6
-0.788,0.0006978759475762686,1.213339574863588e-5
-0.787,0.0007061085860008057,1.546949742825946e-5
-0.786,0.0007144225281846257,1.889033388897249e-5
-0.785,0.0007228182514501385,2.2397484203993628e-5
-0.784,0.0007312962278297433,2.5992552045224798e-5
-0.783,0.0007398569237860896,2.967716599820399e-5
-0.782,0.0007485007999250643,3.3452979879668926e-5
-0.781,0.000757228310701354,3.732167305771246e-5
-0.78,0.0007660399041164251,4.128495077450873e-5
-0.779,0.0007749360214087638,4.534454447158721e-5
-0.778,0.000783917096736214,4.9502212117630137e-5
-0.777,0.0007929835568502486,5.375973853876655e-5
-0.776,0.0008021358207620065,5.8118935751334466e-5
-0.775,0.0008113742993999244,6.258164329708032e-5
-0.774,0.0008206993952587897,6.714972858076297e-5
-0.773,0.0008301115020400385,7.182508721012699e-5
-0.772,0.0008396110042831154,7.660964333820794e-5
-0.771,0.0008491982769877161,8.15053500079298e-5
-0.77,0.0008588736852267215,8.651418949895223e-5
-0.769,0.0008686375837496365,9.163817367672279e-5
-0.768,0.0008784903165763377,9.687934434368675e-5
-0.767,0.0008884322165809343,0.00010223977359260422
-0.766,0.0008984636050655402,0.00010772156416192141
-0.765,0.0009085847913237545,0.00011332684979314025
-0.764,0.0009187960721936414,0.00011905779559012737
-0.763,0.0009290977315999984,0.00012491659838030004
-0.762,0.0009394900400856973,0.0001309054870776243
-0.761,0.0009499732543318791,0.00013702672304735587
-0.76,0.0009605476166667792,0.00014328260047245247
-0.759,0.0009712133545629566,0.0001496754467215814
-0.758,0.0009819706801226958,0.00015620762271864326
-0.757,0.000992819789551346,0.00016288152331372862
-0.756,0.0010037608626183596,0.00016969957765542058
-0.755,0.001014794062105785,0.00017666424956435238
-0.754,0.0010259195332439689,0.0001837780379079243
-0.753,0.0010371374031342116,0.00019104347697608095
-0.752,0.0010484477801581263,0.00019846313685804423
-0.751,0.001059850753373433,0.00020603962381989392
-0.75,0.001071346391895931,0.00021377558068288248
-0.749,0.0010829347442673715,0.0002216736872023653
-0.748,0.001094615837808965,0.00022973666044722382
-0.747,0.0011063896779602365,0.00023796725517965253
-0.746,0.001118256247602951,0.0002463682642351762
-0.745,0.0011302155063698176,0.00025494251890275776
-0.744,0.0011422673899376791,0.00026369288930485176
-0.743,0.0011544118093048908,0.0002726222847772524
-0.742,0.001166648650052584,0.00028173365424857865
-0.741,0.0011789777715895049,0.0002910299866192335
-0.74,0.0011913990063801175,0.0003005143111396669
-0.739,0.0012039121591556525,0.0003101896977877659
-0.738,0.001216517006107774,0.0003200592576451884
-0.737,0.0012292132940645412,0.00033012614327245047
-0.736,0.001242000739648324,0.00034039354908256753
-0.735,0.001254879028415339,0.0003508647117130457
-0.734,0.0012678478139764556,0.00036154291039600865
-0.733,0.0012809067170989222,0.0003724314673262388
-0.732,0.001294055324788658,0.00038353374802690276
-0.731,0.0013072931893527452,0.0003948531617127232
-0.73,0.0013206198274417554,0.0004063931616503492
-0.729,0.0013340347190715339,0.0004181572455156687
-0.728,0.0013475373066240655,0.00043014895574779773
-0.727,0.0013611269938270324,0.0004423718798994704
-0.726,0.001374803144711674,0.00045482965098354394
-0.725,0.0013885650825485507,0.00046752594781532345
-0.724,0.001402412088760807,0.0004804644953503991
-0.723,0.0014163434018145242,0.0004936490650176787
-0.722,0.0014303582160857448,0.0005070834750472865
-0.721,0.0014444556807037489,0.0005207715907929875
-0.72,0.0014586348983701483,0.0005347173250487845
-0.719,0.0014728949241533673,0.0005489246383593241
-0.718,0.0014872347642580668,0.0005633975393237307
-0.717,0.001501653374769061,0.0005781400848924812
-0.716,0.0015161496603692752,0.0005931563806569122
-0.715,0.0015307224730312786,0.0006084505811309426
-0.714,0.001545370610681929,0.0006240268900245781
-0.713,0.0015600928158396488,0.0006398895605087485
-0.712,0.0015748877742238546,0.0006560428954710145
-0.711,0.0015897541133360516,0.000672491247761664
-0.71,0.0016046904010120942,0.0006892390204297023
-0.709,0.0016196951439451154,0.0007062906669482218
-0.708,0.001634766786178613,0.0007236506914286225
-0.707,0.001649903707569179,0.0007413236488231328
-0.706,0.0016651042222183467,0.0007593141451150647
-0.705,0.0016803665768730337,0.0007776268374962162
-0.704,0.0016956889492940332,0.0007962664345308157
-0.703,0.0017110694465920227,0.0008152376963053813
-0.702,0.0017265061035305314,0.0008345454345638464
-0.701,0.0017419968807953182,0.0008541945128272847
-0.7,0.0017575396632295882,0.0008741898464975406
-0.699,0.001773132258034486,0.0008945364029440517
-0.698,0.0017887723929342861,0.0009152392015731244
-0.697,0.0018044577143056953,0.0009363033138788981
-0.696,0.0018201857852706835,0.0009577338634752126
-0.695,0.0018359540837522424,0.0009795360261075602
-0.694,0.0018517600004924698,0.001001715029644284
-0.693,0.001867600837032376,0.0010242761540461512
-0.692,0.0018834738036527918,0.0010472247313134024
-0.691,0.001899376017275763,0.0010705661454093517
-0.69,0.0019153044993258008,0.001094305832159577
-0.689,0.0019312561735503587,0.0011184492791257103
-0.688,0.0019472278637988987,0.0011430020254528065
-0.687,0.0019632162917599034,0.0011679696616892345
-0.686,0.0019792180746551844,0.0011933578295779998
-0.685,0.0019952297228908373,0.0012191722218183691
-0.684,0.0020112476376641865,0.0012454185817966396
-0.683,0.0020272681085260523,0.0012721027032848453
-0.682,0.002043287310897685,0.0012992304301061616
-0.681,0.0020593013035416835,0.001326807655765729
-0.68,0.0020753060259862386,0.001354840323045569
-0.679,0.002091297295902018,0.0013833344235622282
-0.678,0.0021072708064310136,0.0014122959972857382
-0.677,0.002123222123466679,0.0014417311320184356
-0.676,0.0021391466828846635,0.0014716459628321364
-0.675,0.00215503978772347,0.0015020466714621122
-0.674,0.0021708966053143484,0.001532939485656264
-0.673,0.0021867121643597376,0.0015643306784778367
-0.672,0.0022024813519595813,0.0015962265675599668
-0.671,0.0022181989105848265,0.0016286335143102927
-0.67,0.002233859434997433,0.001661557923063812
-0.669,0.002249457369116209,0.0016950062401820964
-0.668,0.002264987002827807,0.0017289849530969274
-0.667,0.0022804424687422075,0.0017635005892963408
-0.666,0.0022958177388920243,0.0017985597152510142
-0.665,0.0023111066213749787,0.0018341689352788565
-0.664,0.0023263027569388924,0.0018703348903455908
-0.663,0.002341399615508557,0.0019070642567990562
-0.662,0.00235639049265385,0.0019443637450348697
-0.661,0.002371268505998474,0.0019822400980910255
-0.66,0.002386026591568721,0.0020207000901689186
-0.659,0.002400657500081656,0.002059750525078212
-0.658,0.002415153793172155,0.002099398234602865
-0.657,0.0024295078395582276,0.002139650076785577
-0.656,0.0024437118111440867,0.0021805129341277863
-0.655,0.0024577576790604473,0.0022219937117023015
-0.654,0.00247163720964155,0.002264099335175513
-0.653,0.002485341960338446,0.00230683674873607
-0.652,0.0024988632755680923,0.002350212912926783
-0.651,0.0025121922824978393,0.0023942348023764165
-0.65,0.002525319886764938,0.002438909403427932
-0.649,0.002538236768130707,0.0024842437116596268
-0.648,0.0025509333760690566,0.002530244729295502
-0.647,0.0025633999252890924,0.0025769194625010765
-0.646,0.0025756263911915866,0.0026242749185607364
-0.645,0.0025876025052591193,0.0026723181029326007
-0.644,0.002599317750379781,0.002721056016176734
-0.643,0.0026107613561043496,0.002770495650752423
-0.642,0.0026219222938369366,0.0028206439876800856
-0.641,0.0026327892719591496,0.0028715079930632503
-0.64,0.002643350730887887,0.0029230946144658855
-0.639,0.002653594838066953,0.0029754107771402276
-0.638,0.0026635094828927675,0.0030284633801000893
-0.637,0.0026730822715745075,0.003082259292034472
-0.636,0.002682300521929134,0.003136805347056158
-0.635,0.002691151258111823,0.0031921083402797735
-0.634,0.0026996212052824453,0.0032481750232236494
-0.633,0.002707696784208829,0.003305012099029641
-0.632,0.0027153641058076656,0.0033626262174948573
-0.631,0.002722608965624038,0.0034210239699091045
-0.63,0.0027294168382506695,0.0034802118836916155
-0.629,0.0027357728716881605,0.0035401964168204725
-0.628,0.0027416618816475816,0.0036009839520479113
-0.627,0.002747068345796996,0.0036625807908944913
-0.626,0.0027519763979536142,0.003724993147414908
-0.625,0.002756369822223481,0.0037882271417280008
-0.624,0.0027602320470907736,0.0038522887933032895
-0.623,0.002763546139458996,0.003917184013996146
-0.622,0.0027662947986465524,0.003982918600823465
-0.621,0.00276846035033943,0.004049498228471471
-0.62,0.002770024740503931,0.004116928441527052
-0.619,0.0027709695292626713,0.004185214646423734
-0.618,0.0027712758847373144,0.004254362103093218
-0.617,0.002770924576861795,0.004324375916313061
-0.616,0.002769895971170095,0.004395261026740877
-0.615,0.002768170022562939,0.004467022201625153
-0.614,0.0027657262690581187,0.004539664025182471
-0.613,0.0027625438255295164,0.004613190888630686
-0.612,0.0027586013774402564,0.004687606979867299
-0.611,0.0027538771745758313,0.004762916272781998
-0.61,0.002748349024783451,0.004839122516192031
-0.609,0.0027419942877243216,0.0049162292223887865
-0.608,0.0027347898686460124,0.00499423965528367
-0.607,0.0027267122121825815,0.005073156818141055
-0.606,0.002717737296190643,0.005152983440885778
-0.605,0.0027078406256301046,0.005233721966972379
-0.604,0.002696997226498899,0.0053153745398029275
-0.603,0.002685181639831639,0.005397942988680041
-0.602,0.002672367915772763,0.0054814288142813385
-0.601,0.0026585296077354364,0.005565833173641316
-0.6,0.002643639766658185,0.005651156864626303
-0.599,0.0026276709353719764,0.005737400309887889
-0.598,0.0026105951430912934,0.0058245635402799124
-0.597,0.002592383900043552,0.0059126461777238085
-0.596,0.002573008192252111,0.006001647417506868
-0.595,0.0025524384764890476,0.006091566009997677
-0.594,0.002530644675414846,0.006182400241762743
-0.593,0.0025075961729231653,0.0062741479160681205
-0.592,0.002483261809709941,0.006366806332749555
-0.591,0.0024576098790871923,0.006460372267434534
-0.59,0.002430608123063099,0.006554841950099384
-0.589,0.0024022237287111606,0.006650211042944427
-0.588,0.0023724233248525453,0.006746474617570072
-0.587,0.002341172979077115,0.006843627131436573
-0.586,0.0023084381951300357,0.006941662403590154
-0.585,0.002274183910692402,0.007040573589638133
-0.584,0.0022383744955858462,0.00714035315595568
-0.583,0.0022009737504327786,0.007240992853106889
-0.582,0.0021619449058056014,0.007342483688462936
-0.581,0.002121250621900042,0.007444815898000243
-0.58,0.0020788529887696325,0.007547978917261757
-0.579,0.0020347135271602985,0.007651961351464736
-0.578,0.0019887931899860937,0.007756750944738767
-0.577,0.0019410523644892025,0.007862334548478154
-0.576,0.0018914508751295854,0.007968698088793308
-0.575,0.001839947987251912,0.008075826533046372
-0.574,0.0017865024115798448,0.008183703855457001
-0.573,0.001731072309590209,0.008292313001764992
-0.572,0.0016736152998221687,0.008401635852937416
-0.571,0.0016140884651792045,0.008511653187908887
-0.57,0.0015524483612844528,0.00862234464534484
-0.569,0.001488651025952838,0.008733688684418947
-0.568,0.0014226519898463774,0.008845662544597345
-0.567,0.001354406288382101,0.008958242204423955
-0.566,0.001283868474965169,0.009071402339303028
-0.565,0.0012109926356230027,0.009185116278277065
-0.564,0.0011357324051195735,0.009299355959800554
-0.563,0.0010580409846323992,0.009414091886512349
-0.562,0.000977871161078285,0.009529293079012313
-0.561,0.0008951753281774117,0.00964492702865076
-0.56,0.0008099055093490019,0.009760959649342498
-0.559,0.0007220133825354921,0.009877355228420804
-0.558,0.000631450307055882,0.009994076376550526
-0.557,0.0005381673525927178,0.010111083976723653
-0.556,0.0004421153304209915,0.010228337132365291
-0.555,0.0003432448269910676,0.010345793114582797
-0.554,0.00024150623998159303,0.01046340730859622
-0.553,0.00013684981694216542,0.010581133159393852
-0.552,2.9225696649330314e-5,0.010698922116662842
-0.551,-8.141604669679141e-5,0.010816723579051528
-0.55,-0.00019512535630428576,0.010934484837827095
-0.549,-0.00031195214251512844,0.011052151019999963
-0.548,-0.0004319462292868446,0.011169665030994286
-0.547,-0.0005551572972889744,0.011286967496952769
-0.546,-0.0006816348234701308,0.01140399670677324
-0.545,-0.0008114280169486366,0.011520688553984287
-0.544,-0.0009445857510772124,0.011636976478577863
-0.543,-0.0010811564915300085,0.011752791408927824
-0.542,-0.0012211882202584762,0.011868061703935286
-0.541,-0.0013647283551612164,0.011982713095554163
-0.54,-0.001511823665312088,0.012096668631863497
-0.539,-0.0016625201815905646,0.012209848620867122
-0.538,-0.0018168631025586655,0.012322170575215893
-0.537,-0.0019748966954298446,0.01243354915806315
-0.536,-0.002136664191977048,0.012543896130280213
-0.535,-0.0023022076792298734,0.012653120299275672
-0.534,-0.002471567984814433,0.012761127469679834
-0.533,-0.0026447845567942633,0.012867820396174134
-0.532,-0.002821895337876522,0.012973098738764389
-0.531,-0.003002936633854889,0.013076859020816555
-0.53,-0.0031879429761691286,0.013178994590194164
-0.529,-0.003376946978471335,0.01327939558385761
-0.528,-0.0035699791871005404,0.013377948896307149
-0.527,-0.0037670679253808113,0.013474538152273603
-0.526,-0.0039682391316732245,0.013569043684083319
-0.525,-0.004173516191129471,0.01366134251414684
-0.524,-0.004382919761114259,0.013751308343043934
-0.523,-0.00459646759028547,0.013838811543700813
-0.522,-0.004814174331345181,0.013923719162178706
-0.521,-0.005036051347501422,0.01400589492561595
-0.52,-0.005262106512709965,0.01408519925788856
-0.519,-0.005492344005797729,0.014161489303576366
-0.518,-0.005726764098604627,0.014234618960843284
-0.517,-0.005965362938318956,0.01430443892386072
-0.516,-0.006208132324222988,0.0143707967354223
-0.515,-0.0064550594791101526,0.014433536850415736
-0.514,-0.006706126815683367,0.0144925007108335
-0.513,-0.0069613116982956535,0.014547526833017485
-0.512,-0.0072205862004491896,0.014598450907844023
-0.511,-0.007483916858527493,0.01464510591456359
-0.51,-0.007751264422297385,0.014687322249014438
-0.509,-0.008022583602782808,0.014724927866930254
-0.508,-0.008297822818181266,0.014757748443058747
-0.507,-0.00857692393856561,0.014785607546800023
-0.506,-0.008859822030188815,0.014808326835060387
-0.505,-0.009146445100287117,0.014825726262998221
-0.504,-0.009436713843357189,0.014837624313313374
-0.503,-0.009730541389965316,0.014843838244699415
-0.502,-0.010027833059230796,0.014844184360038737
-0.501,-0.010328486116211096,0.01483847829487325
-0.5,-0.010632389535502459,0.014826535326627767
-0.499,-0.01093942377245574,0.014808170704998635
-0.498,-0.011249460543492849,0.014783200003846341
-0.497,-0.011562362617093078,0.014751439494847104
-0.496,-0.01187798361710039,0.014712706543064651
-0.495,-0.012196167840081009,0.014666820024499042
-0.494,-0.012516750088534642,0.01461360076555433
-0.493,-0.012839555521831096,0.01455287200424082
-0.492,-0.013164399526805709,0.014484459872790775
-0.491,-0.013491087610000667,0.014408193901218495
-0.49,-0.01381941531358352,0.014323907541197039
-0.489,-0.014149168157007598,0.01423143870945484
-0.488,-0.014480121606500241,0.014130630349716395
-0.487,-0.01481204107447213,0.01402133101202291
-0.486,-0.01514468195093321,0.013903395448071973
-0.485,-0.015477789668976135,0.01377668522101104
-0.484,-0.01581109980634546,0.0136410693279091
-0.483,-0.016144338225048557,0.013496424832915507
-0.482,-0.016477221250880983,0.013342637508896645
-0.481,-0.01680945589463395,0.013179602485121292
-0.48,-0.017140740116623022,0.01300722489834675
-0.479,-0.01747076313602486,0.012825420544441954
-0.478,-0.017799205786331776,0.012634116527473564
-0.477,-0.018125740918031673,0.012433251902979173
-0.476,-0.01845003384939337,0.012222778311960765
-0.475,-0.0187717428659849,0.012002660601954908
-0.474,-0.019090519769274988,0.011772877431376415
-0.473,-0.019406010474367005,0.011533421853192824
-0.472,-0.019717855656591086,0.011284301873871192
-0.471,-0.020025691446335724,0.01102554098344925
-0.47,-0.020329150171136873,0.0107571786525234
-0.469,-0.020627861143663086,0.01047927079191894
-0.468,-0.02092145149384226,0.010191890170816209
-0.467,-0.02120954704297273,0.00989512678915258
-0.466,-0.02149177321725216,0.009589088200206486
-0.465,-0.021767755997746503,0.009273899779397776
-0.464,-0.022037122903412358,0.008949704935510137
-0.463,-0.02229950400338423,0.008616665260756834
-0.462,-0.022554532954348654,0.008274960616370992
-0.461,-0.022801848058454765,0.007924789150705887
-0.46,-0.0230410933368613,0.007566367247178086
-0.459,-0.023271919613698205,0.007199929399775567
-0.458,-0.02349398560493228,0.006825728014281474
-0.457,-0.02370695900637609,0.00644403313382939
-0.456,-0.02391051757487154,0.006055132087903942
-0.455,-0.0241043501965197,0.0056593290644272164
-0.454,-0.024288157935719597,0.005256944605121653
-0.453,-0.024461655058724757,0.004848315024908569
-0.452,-0.024624570025429997,0.004433791756682038
-0.451,-0.024776646443164123,0.004013740623384233
-0.45,-0.024917643976388446,0.003588541039893726
-0.449,-0.02504733920638649,0.0031585851478155816
-0.448,-0.025165526435276794,0.0027242768868244445
-0.447,-0.02527201842898666,0.0022860310067519094
-0.446,-0.025366647094188146,0.00184427202512046
-0.445,-0.025449264084615175,0.0013994331353013828
-0.444,-0.025519741332648442,0.0009519550709069844
-0.443,-0.025577971502568027,0.0005022849324123324
-0.442,-0.025623868362426794,5.087498233335595e-5
-0.441,-0.02565736707208437,-0.0004018185844380167
-0.44,-0.025678424385555364,-0.0008553368883286793
-0.439,-0.025687018766458836,-0.001309219623848152
-0.438,-0.02568315041600194,-0.0017630063223787033
-0.437,-0.025666841213580757,-0.002216237611934677
-0.436,-0.025638134570728607,-0.0026684564668866886
-0.435,-0.02559709519977823,-0.0031192094407653747
-0.434,-0.025543808799222197,-0.003568047875442662
-0.433,-0.025478381658348356,-0.004014529080233276
-0.432,-0.02540094018428758,-0.004458217474761662
-0.431,-0.025311630355133237,-0.004898685689795219
-0.43,-0.025210617103270595,-0.005335515620648588
-0.429,-0.025098083633484636,-0.005768299428209948
-0.428,-0.024974230680793127,-0.0061966404831226875
-0.427,-0.024839275713274826,-0.006620154249167877
-0.426,-0.02469345208542843,-0.007038469102427934
-0.425,-0.024537008147805017,-0.00745122708336287
-0.424,-0.024370206318804717,-0.00785808457949068
-0.423,-0.024193322124617826,-0.008258712936926123
-0.422,-0.0240066432133225,-0.008652798999590755
-0.421,-0.02381046834912769,-0.009040045575455666
-0.42,-0.023605106392673648,-0.009420171829710921
-0.419,-0.023390875273176296,-0.009792913605267349
-0.418,-0.023168100958029975,-0.010158023671481976
-0.417,-0.022937116425269362,-0.010515271902454373
-0.416,-0.022698260644040492,-0.01086444538666363
-0.415,-0.02245187756794744,-0.011205348470102112
-0.414,-0.02219831514583006,-0.011537802735410135
-0.413,-0.021937924354194314,-0.011861646919823892
-0.412,-0.02167105825516517,-0.0121767367750163
-0.411,-0.021398071083467248,-0.012482944872136694
-0.41,-0.021119317365565438,-0.012780160355540676
-0.409,-0.020835151073720772,-0.013068288648846519
-0.408,-0.020545924817340078,-0.013347251117060798
-0.407,-0.020251989073625472,-0.013616984688584653
-0.406,-0.01995369145916458,-0.013877441440945427
-0.405,-0.019651376043748347,-0.014128588154098438
-0.404,-0.01934538270736236,-0.01437040583511297
-0.403,-0.019036046540972917,-0.014602889217997522
-0.402,-0.01872369729142196,-0.014826046242335113
-0.401,-0.018408658850457494,-0.015039897514292308
-0.4,-0.01809124878765921,-0.015244475753438945
-0.399,-0.017771777926773816,-0.015439825228671739
-0.398,-0.01745054996475124,-0.01562600118637698
-0.397,-0.01712786113257224,-0.015803069273798095
-0.396,-0.016803999896779307,-0.015971104960395326
-0.395,-0.016479246700466403,-0.016130192959799894
-0.394,-0.016153873742348168,-0.016280426654775602
-0.393,-0.015828144792415157,-0.0164219075274095
-0.392,-0.015502315042587755,-0.01655474459656141
-0.391,-0.015176630990706326,-0.016679053864411847
-0.39,-0.014851330356138132,-0.0167949577737606
-0.389,-0.014526642025241308,-0.016902584677545247
-0.388,-0.014202786024901359,-0.017002068321871396
-0.387,-0.013879973522345197,-0.017093547343675564
-0.386,-0.01355840684944028,-0.017177164783977916
-0.385,-0.0132382795497006,-0.017253067617526378
-0.384,-0.012919776446246003,-0.017321406299486516
-0.383,-0.012603073728995273,-0.01738233432969324
-0.382,-0.012288339059415346,-0.01743600783485099
-0.381,-0.011975731691197963,-0.017482585168949287
-0.38,-0.01166540260528976,-0.01752222653204949
-0.379,-0.011357494657761338,-0.017555093607497175
-0.378,-0.011052142739064266,-0.017581349217521833
-0.377,-0.010749473943291343,-0.017601156997101908
-0.376,-0.01044960774612401,-0.017614681085897928
-0.375,-0.0101526561902208,-0.017622085837989472
-0.374,-0.009858724076871507,-0.01762353554909258
-0.373,-0.009567909162812674,-0.017619194200882593
-0.372,-0.009280302361170605,-0.017609225222002724
-0.371,-0.008995987945567871,-0.017593791265300838
-0.37,-0.00871504375649781,-0.01757305400080505
-0.369,-0.008437541409138476,-0.017547173923922927
-0.368,-0.008163546501842577,-0.01751631017832828
-0.367,-0.007893118824602901,-0.017480620392984106
-0.366,-0.007626312566853353,-0.017440260532738686
-0.365,-0.007363176524023941,-0.017395384761925033
-0.364,-0.007103754302323552,-0.017346145320390263
-0.363,-0.006848084521277323,-0.017292692411381448
-0.362,-0.006596201013595539,-0.017235174100717357
-0.361,-0.006348133021998393,-0.017173736226680947
-0.36,-0.006103905392665643,-0.017108522320075294
-0.359,-0.005863538765022059,-0.017039673533895454
-0.358,-0.0056270497576088275,-0.016967328582080228
-0.357,-0.005394451149827609,-0.016891623686820876
-0.356,-0.005165752059377983,-0.016812692533918
-0.355,-0.004940958115240492,-0.016730666235693113
-0.354,-0.004720071626086593,-0.01664567330097742
-0.353,-0.004503091744023583,-0.016557839611717126
-0.352,-0.0042900146236071295,-0.0164672884057516
-0.351,-0.004080833576076453,-0.016374140265338368
-0.35,-0.003875539218787636,-0.01627851311101648
-0.349,-0.0036741196198390304,-0.016180522200417484
-0.348,-0.003476560437899457,-0.016080280131651113
-0.347,-0.0032828450572648924,-0.015977896850910122
-0.346,-0.0030929547181827665,-0.015873479663956244
-0.345,-0.00290686864249492,-0.015767133251166236
-0.344,-0.002724564154660818,-0.01565895968583373
-0.343,-0.002546016798231856,-0.015549058455438918
-0.342,-0.002371200447855646,-0.015437526485614092
-0.341,-0.002200087416896111,-0.015324458166548436
-0.34,-0.00203264856076111,-0.015209945381590453
-0.339,-0.0018688533760343074,-0.015094077537820858
-0.338,-0.0017086700955120755,-0.014976941598382676
-0.337,-0.0015520657792495545,-0.014858622116368648
-0.336,-0.0013990064017225577,-0.014739201270078939
-0.335,-0.0012494569352139617,-0.014618758899474327
-0.334,-0.00110338142953454,-0.014497372543661883
-0.333,-0.0009607430881890106,-0.014375117479261304
-0.332,-0.0008215043410983808,-0.014252066759510726
-0.331,-0.0006856269139895479,-0.014128291253980994
-0.33,-0.0005530718945626289,-0.014003859688776973
-0.329,-0.0004237997955456327,-0.013878838687113612
-0.328,-0.0002977706147449537,-0.01375329281016309
-0.327,-0.0001749438921987489,-0.013627284598077535
-0.326,-5.527876453862383e-5,-0.013500874611099525
-0.325,6.126598333678964e-5,-0.01337412147067975
-0.324,0.0001747318691747879,-0.013247081900528156
-0.323,0.0002851606667686617,-0.013119810767531204
-0.322,0.0003925943617477246,-0.012992361122473955
-0.321,0.0004970751096625261,-0.012864784240511302
-0.32,0.0005986451962729176,-0.012737129661338005
-0.319,0.0006973469999491519,-0.012609445229012042
-0.318,0.000793222956098742,-0.012481777131390518
-0.317,0.0008863155235343924,-0.012354169939141539
-0.316,0.0009766671527009082,-0.012226666644299626
-0.315,0.0010643202556815882,-0.012099308698335828
-0.314,0.0011493171779072093,-0.011972136049717242
-0.313,0.0012317001714932775,-0.01184518718093387
-0.312,0.0013115113701337921,-0.011718499144973657
-0.311,0.0013887927654822841,-0.01159210760122936
-0.31,0.001463586184953385,-0.011466046850823463
-0.309,0.0015359332708806339,-0.011340349871339618
-0.308,0.0016058754609686238,-0.011215048350951377
-0.307,0.001673453969979953,-0.011090172721940827
-0.306,0.0017387097725997372,-0.0109657521936017
-0.305,0.0018016835874226853,-0.010841814784523117
-0.304,0.00186241586200993,-0.010718387354251669
-0.303,0.0019209467589649295,-0.010595495634330963
-0.302,0.001977316142979821,-0.010473164258718994
-0.301,0.002031563568805618,-0.010351416793584879
-0.3,0.002083728270101583,-0.010230275766487522
-0.299,0.0021338491491209827,-0.010109762694939727
-0.298,0.0021819647671922704,-0.009989898114362131
-0.297,0.00222811333595648,-0.009870701605432068
-0.296,0.0022723327093233216,-0.00975219182083317
-0.295,0.002314660376110108,-0.009634386511412131
-0.294,0.0023551334533292155,-0.00951730255174955
-0.293,0.002393788680091305,-0.009400955965152296
-0.292,0.0024306624120929844,-0.009285361948075187
-0.291,0.002465790616659015,-0.0091705348939802
-0.29,0.0024992088683104922,-0.009056488416641664
-0.289,0.002530952344831757,-0.008943235372906188
-0.288,0.0025610558238100133,-0.008830787884916303
-0.287,0.0025895536796228438,-0.008719157361806935
-0.286,0.0026164798808499487,-0.008608354520883987
-0.285,0.0026418679880865323,-0.008498389408294426
-0.284,0.0026657511521368253,-0.008389271419197328
-0.283,0.002688162112567221,-0.008281009317445406
-0.282,0.002709133196599482,-0.008173611254786554
-0.281,0.0027286963183253913,-0.008067084789594949
-0.28,0.002746882978225098,-0.00796143690514126
-0.279,0.002763724262972269,-0.007856674027411414
-0.278,0.002779250845509937,-0.007752802042483418
-0.277,0.0027934929853817344,-0.007649826313471555
-0.276,0.002806480529303916,-0.007547751697047297
-0.275,0.0028182429119642857,-0.007446582559546108
-0.274,0.002828809157034811,-0.007346322792669261
-0.273,0.0028382078783853524,-0.00724697582878965
-0.272,0.0028464672814865317,-0.0071485446558704775
-0.271,0.002853615164990365,-0.007051031832005567
-0.27,0.0028596789224778246,-0.006954439499589918
-0.269,0.0028646855443630313,-0.006858769399128982
-0.268,0.0028686616199442797,-0.006764022882695009
-0.267,0.0028716333395925817,-0.006670200927038646
-0.266,0.002873626497068873,-0.006577304146363858
-0.265,0.0028746664919614548,-0.006485332804774057
-0.264,0.0028747783322356736,-0.00639428682839719
-0.263,0.0028739866368882204,-0.006304165817197391
-0.262,0.002872315638698823,-0.006214969056480633
-0.261,0.0028697891870724528,-0.006126695528101686
-0.26,0.002866430750965516,-0.006039343921379501
-0.259,0.002862263421889819,-0.00595291264372802
-0.258,0.0028573099169884146,-0.005867399831009249
-0.257,0.0028515925821777184,-0.005782803357615271
-0.256,0.002845133395350581,-0.005699120846285735
-0.255,0.0028379539696352513,-0.005616349677667214
-0.254,0.0028300755567054353,-0.005534486999620673
-0.253,0.002821519050136886,-0.005453529736283136
-0.252,0.002812304988806193,-0.005373474596889527
-0.251,0.0028024535603276605,-0.005294318084360464
-0.25,0.002791984604524371,-0.005216056503661732
-0.249,0.002780917616929724,-0.00513868596994093
-0.248,0.0027692717523159346,-0.005062202416446732
-0.247,0.0027570658282461526,-0.004986601602236028
-0.246,0.002744318328647031,-0.004911879119674088
-0.245,0.0027310474073987414,-0.004838030401732793
-0.244,0.002717270891939579,-0.004765050729091809
-0.243,0.0027030062868824557,-0.004692935237047506
-0.242,0.002688270777640712,-0.00462167892223427
-0.241,0.002673081234060817,-0.004551276649162765
-0.24,0.002657454214059648,-0.004481723156579574
-0.239,0.0026414059672641636,-0.004413013063652544
-0.238,0.0026249524386513976,-0.0043451408759860545
-0.237,0.00260810927218681,-0.0042781009914703225
-0.236,0.0025908918144591396,-0.004211887705968748
-0.235,0.002573315118309991,-0.004146495218847216
-0.234,0.0025553939464564917,-0.004081917638349167
-0.233,0.002537142775105444,-0.004018148986820145
-0.232,0.0025185757975574744,-0.00395518320578546
-0.231,0.0024997069277997762,-0.003893014160884495
-0.23,0.0024805498040861005,-0.0038316356466650916
-0.229,0.0024611177925027454,-0.003771041391241398
-0.228,0.002441423990519346,-0.003711225060818438
-0.227,0.002421481230523346,-0.003652180264086602
-0.226,0.002401302083337082,-0.003593900556489182
-0.225,0.0023808988617164944,-0.0035363794443659825
-0.224,0.0023602836238305054,-0.003479610388975974
-0.223,0.0023394681767201944,-0.0034235868104018864
-0.222,0.002318464079736921,-0.0033683020913395523
-0.221,0.0022972826479586237,-0.003313749580774759
-0.22,0.0022759349555835423,-0.0032599225975502902
-0.219,0.0022544318393006896,-0.003206814433825772
-0.218,0.0022327839016364117,-0.0031544183584328836
-0.217,0.0022110015142764302,-0.0031027276201284204
-0.216,0.0021890948213628084,-0.003051735450747638
-0.215,0.0021670737427653005,-0.0030014350682602566
-0.214,0.0021449479773265985,-0.002951819679731435
-0.213,0.00212272700608101,-0.002902882484189973
-0.212,0.002100420095446146,-0.0028546166754059546
-0.211,0.002078036300387222,-0.002807015444579971
-0.21,0.0020555844675536035,-0.002760071982946036
-0.209,0.0020330732383872603,-0.002713779484290239
-0.208,0.002010511052202825,-0.002668131147387133
-0.207,0.001987906149238963,-0.0026231201783558197
-0.206,0.0019652665736808028,-0.002578739792937632
-0.205,0.0019426001766531858,-0.002534983218697278
-0.204,0.0019199146191845302,-0.0024918436971492724
-0.203,0.0018972173751411105,-0.0024493144858114156
-0.202,0.0018745157341315895,-0.0024073888601870708
-0.201,0.0018518168043816488,-0.002366060115677921
-0.2,0.0018291275155785912,-0.0023253215694288643
-0.199,0.0018064546216857982,-0.0022851665621066654
-0.198,0.00178380470372695,-0.002245588459613932
-0.197,0.0017611841725399294,-0.0022065806547399676
-0.196,0.0017385992715003473,-0.0021681365687499974
-0.195,0.0017160560792146425,-0.0021302496529142442
-0.194,0.001693560512182722,-0.0020929133899782837
-0.193,0.001671118327430127,-0.0020561212955760894
-0.192,0.0016487351251097146,-0.0020198669195871347
-0.191,0.001626416351072868,-0.001984143847438888
-0.19,0.0016041672994102517,-0.0019489457013560185
-0.189,0.001581993114962145,-0.0019142661415575792
-0.188,0.0015598987957983975,-0.0018800988674034297
-0.187,0.0015378891956680603,-0.0018464376184911058
-0.186,0.0015159690264187552,-0.00181327617570434
-0.185,0.0014941428603858615,-0.0017806083622143906
-0.184,0.0014724151327515972,-0.0017484280444353226
-0.183,0.0014507901438740945,-0.0017167291329343501
-0.182,0.0014292720615865662,-0.0016855055832983301
-0.181,0.0014078649234666749,-0.0016547513969574683
-0.18,0.001386572639076224,-0.0016244606219672755
-0.179,0.001365398992171296,-0.00159462735374979
-0.178,0.0013443476428829683,-0.0015652457357950573
-0.177,0.0013234221298687524,-0.0015363099603238335
-0.176,0.0013026258724348975,-0.0015078142689124623
-0.175,0.001281962172629716,-0.0014797529530808486
-0.174,0.00126143421730809,-0.001452120354844433
-0.173,0.0012410450801673225,-0.0014249108672310501
-0.172,0.0012207977237545064,-0.0013981189347635325
-0.171,0.0012006950014455885,-0.0013717390539089065
-0.17,0.0011807396593963096,-0.0013457657734950003
-0.169,0.0011609343384652061,-0.0013201936950952694
-0.168,0.0011412815761088714,-0.0012950174733826279
-0.167,0.0011217838082496644,-0.0012702318164530516
-0.166,0.0011024433711160748,-0.0012458314861197024
-0.165,0.0010832625030559437,-0.0012218112981783116
-0.164,0.0010642433463227549,-0.0011981661226445302
-0.163,0.0010453879488352036,-0.001174890883963954
-0.162,0.0010266982659102649,-0.0011519805611954989
-0.161,0.00100817616196998,-0.0011294301881687996
-0.16,0.0009898234122221838,-0.0011072348536162778
-0.159,0.0009716417043154031,-0.00108538970128052
-0.158,0.0009536326399681527,-0.0010638899299975824
-0.157,0.0009357977365728665,-0.001042730793756833
-0.156,0.0009181384287746961,-0.0010219076017379206
-0.155,0.0009006560700254194,-0.0010014157183254465
-0.154,0.0008833519341126984,-0.0009812505631019088
-0.153,0.0008662272166649318,-0.000961407610819464
-0.152,0.0008492830366319487,-0.0009418823913510475
-0.151,0.0008325204377417927,-0.000922670489621374
-0.15,0.0008159403899338479,-0.0009037675455183322
-0.149,0.0007995437907685594,-0.0008851692537852714
-0.148,0.0007833314668140055,-0.0008668713638946685
-0.147,0.0007673041750095782,-0.0008488696799036482
-0.146,0.0007514626040070318,-0.0008311600602918229
-0.145,0.0007358073754891604,-0.0008137384177819018
-0.144,0.0007203390454663697,-0.0007966007191435104
-0.143,0.0007050581055514053,-0.0007797429849806524
-0.142,0.0006899649842125064,-0.0007631612895032292
-0.141,0.0006750600480052515,-0.000746851760283029
-0.14,0.0006603436027833677,-0.0007308105779945816
-0.139,0.0006458158948887736,-0.0007150339761412679
-0.138,0.0006314771123211294,-0.0006995182407670616
-0.137,0.0006173273858871676,-0.0006842597101542722
-0.136,0.0006033667903300821,-0.0006692547745076479
-0.135,0.0005895953454392502,-0.000654499875625188
-0.134,0.000576013017140568,-0.0006399915065560063
-0.133,0.0005626197185676779,-0.0006257262112455753
-0.132,0.0005494153111143692,-0.000611700584168677
-0.131,0.0005363996054684353,-0.0005979112699503723
-0.13,0.0005235723626272693,-0.0005843549629752959
-0.129,0.0005109332948954846,-0.0005710284069855762
-0.128,0.0004984820668648457,-0.0005579283946676681
-0.127,0.00048621829637679573,-0.0005450517672283823
-0.126,0.0004741415554678716,-0.0005323954139603864
-0.125,0.0004622513712982934,-0.0005199562717974423
-0.124,0.000450547227064022,-0.0005077313248596445
-0.123,0.00043902856289257527,-0.0004957176039889073
-0.122,0.0004276947767228962,-0.00048391218627495095
-0.121,0.00041654522516956956,-0.0004723121945720241
-0.12,0.0004055792243716808,-0.00046091479700659536
-0.119,0.0003947960508266158,-0.000449717206476241
-0.118,0.0003841949422091001,-0.0004387166801399487
-0.117,0.00037377509817577645,-0.00042791051890005133
-0.116,0.0003635356811556235,-0.00041729606687599877
-0.115,0.000353475817126517,-0.0004068707108701705
-0.114,0.0003435945963782385,-0.0003966318798259259
-0.113,0.0003338910742622362,-0.0003865770442780833
-0.112,0.00032436427192844683,-0.0003767037157960139
-0.111,0.0003150131770494848,-0.00036700944641953253
-0.11,0.0003058367445325106,-0.00035749182808776024
-0.109,0.00029683389721909035,-0.0003481484920611309
-0.108,0.0002880035265733589,-0.0003389771083367083
-0.107,0.00027934449335880314,-0.00032997538505697636
-0.106,0.00027085562830398194,-0.00032114106791226023
-0.105,0.0002625357327575025,-0.00031247193953693207
-0.104,0.0002543835793325737,-0.0003039658188995521
-0.103,0.00024639791254145937,-0.000295620560687091
-0.102,0.00023857744942015803,-0.0002874340546833754
-0.101,0.00023092088014363456,-0.00027940422514189707
-0.1,0.00022342686863193544,-0.0002715290301531203
-0.099,0.00021609405314751862,-0.00026380646100642135
-0.098,0.0002089210468841329,-0.00025623454154678846
-0.097,0.000201906438547584,-0.00024881132752641125
-0.096,0.00019504879292872734,-0.00024153490595128207
-0.095,0.00018834665146902994,-0.00023440339442293293
-0.094,0.00018179853281904732,-0.00022741494047542676
-0.093,0.00017540293339016367,-0.00022056772090772137
-0.092,0.0001691583278999474,-0.00021385994111152175
-0.091,0.00016306316991147697,-0.00020728983439473537
-0.09,0.00015711589236699542,-0.00020085566130064275
-0.089,0.00015131490811625583,-0.00019455570892289517
-0.088,0.00014565861043992358,-0.0001883882902164502
-0.087,0.00014014537356840486,-0.00018235174330455428
-0.086,0.00013477355319647537,-0.00017644443078188143
-0.085,0.00012954148699408725,-0.00017066473901393705
-0.084,0.00012444749511373668,-0.00016501107743283473
-0.083,0.00011948988069477883,-0.0001594818778295548
-0.082,0.00011466693036508282,-0.00015407559364279325
-0.081,0.00010997691474042259,-0.0001487906992445102
-0.08,0.00010541808892200673,-0.00014362568922228814
-0.079,0.00010098869299255435,-0.00013857907765861058
-0.078,9.668695251133058e-5,-0.00013364939740717426
-0.077,9.251107900856127e-5,-0.0001288351993663478
-0.076,8.845927047965215e-5,-0.00012413505174989394
-0.075,8.452971187964507e-5,-0.000119547539355072
-0.074,8.072057561835032e-5,-0.0001150712628282425
-0.073,7.70300220566012e-5,-0.0001107048379280962
-0.072,7.345620000408481e-5,-0.00010644689478663485
-0.071,6.999724721921076e-5,-0.00010229607716803319
-0.07,6.665129091148785e-5,-9.82510417255166e-5
-0.069,6.341644824688712e-5,-9.431045725639236e-5
-0.068,6.029082685667956e-5,-9.047300395537752e-5
-0.067,5.7272525350245196e-5,-8.673737266637151e-5
-0.066,5.4359633832361406e-5,-8.310226413282702e-5
-0.065,5.155023442548813e-5,-7.956638824687885e-5
-0.064,4.8842401797579065e-5,-7.612846329739668e-5
-0.063,4.623420369595955e-5,-7.278721521713535e-5
-0.062,4.372370148782405e-5,-6.954137682916312e-5
-0.061,4.130895070791936e-5,-6.638968709275692e-5
-0.06,3.8988001613993105e-5,-6.333089034896245e-5
-0.059,3.6758899750601555e-5,-6.0363735566026245e-5
-0.058,3.4619686521886365e-5,-5.7486975584916906e-5
-0.057,3.256839977394555e-5,-5.4699366365163825e-5
-0.056,3.060307438744157e-5,-5.1999666231252934e-5
-0.055,2.872174288110719e-5,-4.938663511983193e-5
-0.054,2.6922436026829277e-5,-4.6859033827990315e-5
-0.053,2.5203183477011158e-5,-4.441562326289424e-5
-0.052,2.3562014404935773e-5,-4.2055163693071105e-5
-0.051,2.1996958158875322e-5,-3.977641400165557e-5
-0.05,2.0506044930717692e-5,-3.7578130941925785e-5
-0.049,1.908730643990659e-5,-3.545906839547775e-5
-0.048,1.7738776633520466e-5,-3.3417976633405585e-5
-0.047,1.6458492403345858e-5,-3.145360158087717e-5
-0.046,1.5244494320833327e-5,-2.956468408551783e-5
-0.045,1.4094827390859264e-5,-2.7749959190039192e-5
-0.044,1.3007541825254627e-5,-2.6008155409577564e-5
-0.043,1.1980693837102595e-5,-2.4337994014234284e-5
-0.042,1.1012346456851234e-5,-2.2738188317341743e-5
-0.041,1.0100570371335179e-5,-2.120744297001172e-5
-0.04,9.243444786852468e-6,-1.9744453262558718e-5
-0.039,8.439058317499298e-6,-1.8347904433429444e-5
-0.038,7.685509900027461e-6,-1.701647098631159e-5
-0.037,6.9809097365569895e-6,-1.5748816016140224e-5
-0.036,6.323380266550938e-6,-1.4543590544769225e-5
-0.035,5.7110571695412255e-6,-1.3399432867128675e-5
-0.034,5.14209040018482e-6,-1.2314967908746991e-5
-0.033,4.61464525732982e-6,-1.1288806595580081e-5
-0.032,4.126903488882238e-6,-1.031954523715901e-5
-0.031,3.677064434388475e-6,-9.405764924143439e-6
-0.03,3.2633462073873513e-6,-8.546030941451506e-6
-0.029,2.8839869197416594e-6,-7.738892198228479e-6
-0.028,2.537245950335219e-6,-6.982880676017894e-6
-0.027,2.2214052607208768e-6,-6.276510896611096e-6
-0.026,1.9347707605318625e-6,-5.6182794111759245e-6
-0.025,1.6756737257284964e-6,-5.006664312404454e-6
-0.024,1.4424722730506435e-6,-4.440124771575634e-6
-0.023,1.2335528943912504e-6,-3.917100602603967e-6
-0.022,1.0473320552073768e-6,-3.436011855343493e-6
-0.021,8.822578615545051e-7,-2.995258440641196e-6
-0.02,7.368118008829134e-7,-2.5932197898906713e-6
-0.019,6.095105623913488e-7,-2.2282545521316097e-6
-0.018,4.989079435187088e-7,-1.8987003320811454e-6
-0.017,4.035968501026028e-7,-1.6028734728793388e-6
-0.016,3.2221139888923516e-7,-1.339068887795591e-6
-0.015,2.5342913250233023e-7,-1.1055599456920885e-6
-0.014,1.9597335875246652e-7,-9.005984156960658e-7
-0.013,1.4861562840739613e-7,-7.224144773236258e-7
-0.012,1.1017836841252457e-7,-5.692168032633029e-7
-0.011,7.953769128686995e-8,-4.391927232218955e-7
-0.01,5.562640637857318e-8,-3.305084787352694e-7
-0.009,3.743726539035117e-8,-2.413095807646231e-7
-0.008,2.4026483944290397e-8,-1.697212844011285e-7
-0.007,1.4517594376192952e-8,-1.1384919834721235e-7
-0.006,8.105704908551517e-9,-7.178005144713843e-8
-0.005,4.062271396921001e-9,-4.158264510744187e-8
-0.004,1.7405389706560835e-9,-2.1309030248381707e-8
-0.003,5.81901670796486e-10,-8.995962939406336e-9
-0.002,1.236072732781989e-10,-2.6667194955443444e-9
-0.001,8.649685823538046e-12,-3.3340338642619637e-10
0.0,0.0,0.0
0.001,8.639868734686386e-12,3.330390741567696e-10
0.002,1.2332557050238092e-10,2.660895188354102e-9
0.003,5.799070964893107e-10,8.96651034644188e-9
0.004,1.7325678170016996e-9,2.1216073306499255e-8
0.005,4.038976676614996e-9,4.135606044043203e-8
0.006,8.049845532186749e-9,7.131104259411811e-8
0.007,1.4400723704814564e-8,1.1298199780244719e-7
0.008,2.3805177898884427e-8,1.6824499464435042e-7
0.009,3.704892413435218e-8,2.389501632986588e-7
0.01,5.4984659207971106e-8,3.269208984358822e-7
0.011,7.85274310626098e-8,4.3395325390560584e-7
0.012,1.0865043927729098e-7,5.61815499209017e-7
0.013,1.4638118842509602e-7,7.122478144886935e-7
0.014,1.927979373574819e-7,8.869621055094911e-7
0.015,2.4902640115741575e-7,1.0876419235602713e-6
0.016,3.162366720645569e-7,1.3159424777994068e-6
0.017,3.956403325605483e-7,1.5734907295605442e-6
0.018,4.884877388882344e-7,1.8618855596993917e-6
0.019,5.960654571182988e-7,2.1826980013115e-6
0.02,7.196938368310931e-7,2.537471531163915e-6
0.021,8.607247097924996e-7,2.9277224140159112e-6
0.022,1.0205392028373038e-6,3.3549400946960847e-6
0.023,1.2005456556491532e-6,3.820587633384567e-6
0.024,1.4021776353270587e-6,4.3261021800423125e-6
0.025,1.6268920406161434e-6,4.872895484351214e-6
0.026,1.876167289500686e-6,5.462354437892405e-6
0.027,2.151501584544854e-6,6.095841645605528e-6
0.028,2.454411250947153e-6,6.774696023847368e-6
0.029,2.786429142768769e-6,7.500233422610184e-6
0.03,3.1491031132194394e-6,8.273747269673807e-6
0.031,3.543994545249783e-6,9.096509234655128e-6
0.032,3.972676939015921e-6,9.96976991108759e-6
0.033,4.4367345530587965e-6,1.0894759514814498e-5
0.034,4.937761096283177e-6,1.1872688597115718e-5
0.035,5.477358468035172e-6,1.2904748771109855e-5
0.036,6.057135543766452e-6,1.3992113450084584e-5
0.037,6.678707003941817e-6,1.5135938596508295e-5
0.038,7.3436922039971825e-6,1.6337363480567506e-5
0.039,8.053714083289944e-6,1.759751144715774e-5
0.04,8.810398111105046e-6,1.8917490690331722e-5
0.041,9.615371267889706e-6,2.0298395034278365e-5
0.042,1.0470261059989023e-5,2.1741304719970133e-5
0.043,1.137669456624499e-5,2.324728719667509e-5
0.044,1.233629751490363e-5,2.4817397917584137e-5
0.045,1.3350693389350209e-5,2.6452681138854067e-5
0.046,1.4421502561261398e-5,2.8154170721413113e-5
0.047,1.5550341449826497e-5,2.9922890934918444e-5
0.048,1.673882170574824e-5,3.175985726329472e-5
0.049,1.798854941878736e-5,3.366607721131939e-5
0.05,1.930112434766511e-5,3.5642551111754555e-5
0.051,2.0678139171183733e-5,3.769027293255692e-5
0.052,2.2121178759468037e-5,3.981023108372652e-5
0.053,2.363181946427082e-5,4.2003409223382595e-5
0.054,2.5211628427322173e-5,4.4270787062680087e-5
0.055,2.6862162905737214e-5,4.6613341169204266e-5
0.056,2.8584969613529223e-5,4.903204576850271e-5
0.057,3.0381584078305462e-5,5.1527873543434646e-5
0.058,3.225353001225125e-5,5.410179643103668e-5
0.059,3.420231869653457e-5,5.675478641662176e-5
0.06,3.622944837828849e-5,5.948781632484473e-5
0.061,3.833640367935194e-5,6.230186060748344e-5
0.062,4.0524655015971916e-5,6.519789612769839e-5
0.063,4.279565802869049e-5,6.817690294054749e-5
0.064,4.515085302165997e-5,7.123986506954478e-5
0.065,4.759166441064783e-5,7.438777127906319e-5
0.066,5.0119500179010486e-5,7.762161584239252e-5
0.067,5.273575134093148e-5,8.094239930527293e-5
0.068,5.544179141123504e-5,8.435112924473384e-5
0.069,5.8238975881100634e-5,8.784882102307615e-5
0.07,6.112864169901809e-5,9.143649853684315e-5
0.071,6.411210675633557e-5,9.511519496063298e-5
0.072,6.719066937676544e-5,9.888595348561089e-5
0.073,7.03656078092241e-5,0.0001027498280525863
0.074,7.363817972339341e-5,0.00010670788407952392
0.075,7.700962170740109e-5,0.00011076119918336324
0.076,8.048114876702762e-5,0.00011491086389602444
0.077,8.405395382585599e-5,0.00011915798237448274
0.078,8.772920722578945e-5,0.00012350367310479544
0.079,9.150805622737034e-5,0.00012794906959996927
0.08,9.539162450934072e-5,0.00013249532109155718
0.081,9.938101166689258e-5,0.00013714359321487555
0.082,0.00010347729270806196,0.00014189506868773368
0.083,0.0001076815175477275,0.00014675094798256865
0.084,0.00011199471049867979,0.00015171244999187831
0.085,0.00011641786975923297,0.00015678081268684566
0.086,0.00012095196689685498,0.00016195729376904656
0.087,0.00012559794632729758,0.0001672431713151329
0.088,0.0001303567247887111,0.0001726397444143806
0.089,0.00013522919081023266,0.00017814833379899164
0.09,0.00014021620417454018,0.00018377028246703545
0.091,0.00014531859537386733,0.0001895069562979143
0.092,0.00015053716505897724,0.00019535974466023268
0.093,0.00015587268348059524,0.00020133006101194883
0.094,0.0001613258899228029,0.0002074193434926815
0.095,0.0001668974921278971,0.00021362905550804235
0.096,0.00017258816571221958,0.00021996068630585834
0.097,0.00017839855357246323,0.00022641575154414527
0.098,0.00018432926528196204,0.00023299579385068641
0.099,0.00019038087647647238,0.00023970238337406636
0.1,0.00019655392822895328,0.0002465371183260026
0.101,0.00020284892641285297,0.0002535016255148114
0.102,0.00020926634105340898,0.000260597560869838
0.103,0.00021580660566646812,0.00026782660995667234
0.104,0.00022247011658433176,0.0002751904884829654
0.105,0.00022925723226813023,0.00028269094279465126
0.106,0.00023616827260622948,0.0002903297503623726
0.107,0.0002432035181981703,0.0002981087202578964
0.108,0.00025036320962363895,0.00030602969362029925
0.109,0.0002576475466959662,0.0003140945441116878
0.11,0.0002650566876996475,0.0003223051783622132
0.111,0.0002725907486113769,0.00033066353640412346
0.112,0.0002802498023040814,0.00033917159209458764
0.113,0.0002880338777334414,0.0003478313535270129
0.114,0.0002959429591063783,0.00035664486343056146
0.115,0.0003039769850309865,0.00036561419955756275
0.116,0.00031213584764738393,0.00037474147505849867
0.117,0.0003204193917389506,0.0003840288388442282
0.118,0.00032882741382341945,0.00039347847593509857
0.119,0.00033735966122328144,0.000403092607796577
0.12,0.00034601583111495943,0.00041287349266101606
0.121,0.00035479556955620253,0.0004228234258351522
0.122,0.000363698470491147,0.0004329447399929138
0.123,0.00037272407473248323,0.0004432398054530984
0.124,0.00038187186892016546,0.0004537110304414579
0.125,0.00039114128445609297,0.000464360861336707
0.126,0.0004005316964141872,0.00047519178289995225
0.127,0.00041004242242528334,0.0004862063184870096
0.128,0.0004196727215362485,0.000497407030243061
0.129,0.000429421793042734,0.0005087965192790692
0.13,0.0004392887752949615,0.0005203774258293476
0.131,0.00044927274447593843,0.0005321524293896525
0.132,0.00045937271335149164,0.0005441242488351364
0.133,0.0004695876299915013,0.0005562956425174721
0.134,0.00047991637646171314,0.0005686694083404254
0.135,0.0004903577674854995,0.0005812483838131209
0.136,0.0005009105490749344,0.0005940354460802127
0.137,0.0005115733971305436,0.0006070335119281368
0.138,0.000522344916009082,0.0006202455377665822
0.139,0.00053322363705869,0.000633674519584283
0.14,0.0005442080171207714,0.0006473234928781908
0.141,0.0005552964369979335,0.0006611955325550475
0.142,0.0005664871998873233,0.0006752937528043313
0.143,0.0005777785297786934,0.000689621306941508
0.144,0.0005891685698165242,0.0007041813872204692
0.145,0.0006006553806255278,0.0007189772246139909
0.146,0.0006122369385988566,0.000734012088560994
0.147,0.0006239111341483386,0.0007492892866793363
0.148,0.0006356757699160586,0.0007648121644428091
0.149,0.000647528558946606,0.0007805841048209534
0.15,0.0006594671228193112,0.000796608527880251
0.151,0.0006714889897397924,0.0008128888903451821
0.152,0.0006835915925901398,0.0008294286851175792
0.153,0.000695772266937067,0.0008462314407526328
0.154,0.000708028248997364,0.0008633007208898413
0.155,0.0007203566735599986,0.0008806401236371192
0.156,0.0007327545718642108,0.0008982532809062007
0.157,0.0007452188694329689,0.0009161438576974024
0.158,0.000757746383861156,0.0009343155513317192
0.159,0.0007703338225578761,0.0009527720906281465
0.16,0.0007829777804422867,0.0009715172350240299
0.161,0.0007956747375923772,0.0009905547736361558
0.162,0.0008084210568461418,0.0010098885242601928
0.163,0.000821212981354613,0.0010295223323060017
0.164,0.0008340466320862545,0.001049460069666226
0.165,0.0008469180052822392,0.0010697056335154638
0.166,0.0008598229698621745,0.0010902629450372182
0.167,0.0008727572647798739,0.001111135948075701
0.168,0.0008857164963288159,0.0011323286077094526
0.169,0.0008986961353969797,0.0011538449087436097
0.17,0.0009116915146707942,0.0011756888541175309
0.171,0.000924697825787998,0.001197864463224356
0.172,0.0009377101164392671,0.0012203757701389367
0.173,0.0009507232874185329,0.0012432268217504384
0.174,0.0009637320896219916,0.0012664216757957653
0.175,0.0009767311209958826,0.001289964398789808
0.176,0.0009897148234332008,0.0013138590638483666
0.177,0.0010026774796196068,0.0013381097483994287
0.178,0.0010156132098288965,0.0013627205317783306
0.179,0.0010285159686685096,0.0013876954927021547
0.18,0.001041379541775672,0.0014130387066185377
0.181,0.0010541975424649018,0.0014387542429238958
0.182,0.0010669634083277477,0.00146484616204588
0.183,0.0010796703977857818,0.0014913185123846921
0.184,0.0010923115865980341,0.0015181753271076989
0.185,0.0011048798643242311,0.0015454206207915812
0.186,0.0011173679307453892,0.0015730583859060608
0.187,0.0011297682922435245,0.0016010925891330342
0.188,0.0011420732581424503,0.0016295271675147427
0.189,0.0011542749370118761,0.0016583660244243875
0.19,0.0011663652329372705,0.0016876130253523907
0.191,0.0011783358417582171,0.0017172719935012782
0.192,0.0011901782472782873,0.0017473467051819453
0.193,0.0012018837174497528,0.0017778408850038405
0.194,0.001213443300536798,0.0018087582008513804
0.195,0.0012248478212612353,0.0018401022586386833
0.196,0.0012360878769351056,0.0018718765968344874
0.197,0.0012471538335849395,0.0019040846807488918
0.198,0.0012580358220728824,0.001936729896573342
0.199,0.0012687237342203336,0.0019698155451650587
0.2,0.0012792072189402284,0.002003344835566894
0.201,0.0012894756783846035,0.0020373208782533923
0.202,0.0012995182641146153,0.002071746678093622
0.203,0.001309323873300768,0.00210662512702116
0.204,0.00131888114496169,0.0021419589964014117
0.205,0.0013281784562504638,0.002177750929086278
0.206,0.0013372039187981614,0.002214003431146024
0.207,0.001345945375124981,0.002250718863268049
0.208,0.001354390395130109,0.0022878994318121324
0.209,0.0013625262726722426,0.0023255471795116116
0.21,0.0013703400222535376,0.0023636639758098763
0.211,0.0013778183758206288,0.0024022515068214826
0.212,0.001384947779697296,0.002441311264907172
0.213,0.0013917143916643184,0.0024808445378520665
0.214,0.001398104078203087,0.0025208523976363553
0.215,0.0014041024119205998,0.002561335688787851
0.216,0.0014096946691745972,0.002602295016305923
0.217,0.001414865827918754,0.0026437307331464645
0.218,0.0014196005657890656,0.0026856429272577847
0.219,0.0014238832584538407,0.0027280314081575743
0.22,0.0014276979782510326,0.002770895693041453
0.221,0.00143102849313802,0.0028142349924139966
0.222,0.001433858265980374,0.0028580481952336337
0.223,0.001436170454207626,0.002902333853563373
0.224,0.0014379479098655837,0.002947090166719964
0.225,0.001439173180096321,0.002992314964914851
0.226,0.001439828508078587,0.0030380056923811384
0.227,0.0014398958344630625,0.00308415938998174
0.228,0.0014393567993385937,0.0031307726772949796
0.229,0.0014381927447672963,0.0031778417341751216
0.23,0.0014363847179282,0.003225362281786654
0.231,0.0014339134749109324,0.0032733295631126634
0.232,0.0014307594852027725,0.0033217383229392746
0.233,0.0014269029369142698,0.003370582787319968
0.234,0.0014223237427904956,0.00341985664252558
0.235,0.001417001547056858,0.003469553013487975
0.236,0.0014109157331502838,0.0035196644417477743
0.237,0.001404045432388409,0.003570182862919105
0.238,0.0013963695336312383,0.0036210995836871637
0.239,0.0013878666939914984,0.0036724052583574185
0.24,0.0013785153506516194,0.0037240898649785665
0.241,0.0013682937338469205,0.003776142681064892
0.242,0.0013571798810760973,0.003828552258947476
0.243,0.0013451516526015498,0.0038813064007877643
0.244,0.0013321867483033656,0.00393439213329135
0.245,0.001318262725951902,0.003987795682164461
0.246,0.001303357020964856,0.00404150244636056
0.247,0.0012874469677154323,0.004095496972169695
0.248,0.0012705098224587087,0.004149762927208753
0.249,0.0012525227879435015,0.004204283074376617
0.25,0.0012334630397769374,0.004259039245844342
0.251,0.0012133077546084873,0.004314012317156922
0.252,0.0011920341401993949,0.004369182181529939
0.253,0.001169619467442166,0.004424527724431434
0.254,0.001146041104393081,0.0044800267985466245
0.255,0.0011212765523784503,0.004535656199230681
0.256,0.001095303484232552,0.004591391640562602
0.257,0.0010680997847218046,0.0046472077321212365
0.258,0.0010396435932056892,0.004703077956612788
0.259,0.001009913348580194,0.004758974648487506
0.26,0.0009788878365440733,0.004814868973691804
0.261,0.0009465462392219215,0.0048707309107106555
0.262,0.0009128681871709377,0.004926529233063748
0.263,0.0008778338137902201,0.004982231493427482
0.264,0.0008414238121424654,0.005037804009563414
0.265,0.0008036194941879907,0.0050932118522420645
0.266,0.000764402852420015,0.00514841883535913
0.267,0.0007237566238780928,0.005203387508448875
0.268,0.0006816643565034545,0.00525807915180679
0.269,0.0006381104777857524,0.005312453774440404
0.27,0.0005930803656353192,0.005366470115073242
0.271,0.0005465604213985035,0.005420085646432277
0.272,0.000498538144915968,0.005473256583053679
0.273,0.0004490022115050117,0.0055259378928450556
0.274,0.0003979425507270601,0.005578083312644618
0.275,0.0003453504267804596,0.005629645368018596
0.276,0.0002912185203367053,0.0056805753975376185
0.277,0.00023554101161526496,0.005730823581770573
0.278,0.00017831366446834234,0.005780338977230379
0.279,0.0001195339112223505,0.005829069555500165
0.28,5.9200937997670546e-5,0.005876962247760165
0.281,-2.6842297973968113e-6,0.005923962994925315
0.282,-6.611864212854842e-5,0.005970016803590652
0.283,-0.0001310973395094006,0.006015067807966301
0.284,-0.0001976132690695124,0.006059059337965705
0.285,-0.0002656572019242114,0.0061019339935899026
0.286,-0.0003352176522789059,0.006143633725726867
0.287,-0.00040628079872464,0.006184099923458145
0.288,-0.0004788304082044994,0.006223273507935254
0.289,-0.0005528477631517786,0.006261095032855453
0.29,-0.0006283115923202247,0.006297504791530617
0.291,-0.0007051980058438159,0.006332442930504091
0.292,-0.0007834804350780461,0.0063658495696286245
0.293,-0.0008631295777861782,0.006397664928473938
0.294,-0.0009441133492420227,0.00642782945888536
0.295,-0.0010263968398251074,0.006456283983465439
0.296,-0.0011099422796842495,0.0064829698396988425
0.297,-0.0011947090110411686,0.00650782902938748
0.298,-0.0012806534686965365,0.006530804373008006
0.299,-0.0013677291692864501,0.006551839668548138
0.3,-0.001455886709817427,0.006570879854322005
0.301,-0.0015450737759824726,0.006587871175208588
0.302,-0.001635235160729304,0.006602761351701778
0.303,-0.0017263127935143786,0.006615499751106296
0.304,-0.0018182457806328373,0.006626037560161316
0.305,-0.0019109704569648988,0.006634327958323888
0.306,-0.0020044204494236756,0.006640326290897658
0.307,-0.002098526752328028,0.006643990241149986
0.308,-0.0021932178148571604,0.0066452800005227085
0.309,-0.002288419640671577,0.006644158436009487
0.31,-0.0023840558997081512,0.006640591253746494
0.311,-0.0024800480520760196,0.006634547157843736
0.312,-0.002576315483895337,0.0066259980034723024
0.313,-0.002672775654833428,0.006614918943218753
0.314,-0.0027693442570032446,0.006601288565722198
0.315,-0.002865935384798263,0.006585089025622806
0.316,-0.002962461715146846,0.006566306163872775
0.317,-0.0030588346975787785,0.006544929617492384
0.318,-0.003154964753408082,0.006520952917894787
0.319,-0.003250761483250438,0.006494373576953529
0.32,-0.0033461338820116753,0.006465193160046275
0.321,-0.003440990560406861,0.006433417345376655
0.322,-0.003535239971998589,0.006399055968952841
0.323,-0.00362879064467914,0.006362123054686193
0.324,-0.003721551415465199,0.006322636829164967
0.325,-0.0038134316674266135,0.006280619720756233
0.326,-0.003904341567533047,0.006236098342792511
0.327,-0.003994192304174982,0.006189103460707443
0.328,-0.004082896323098864,0.006139669943095746
0.329,-0.004170367560490674,0.006087836696785688
0.33,-0.004256521671948096,0.0060336465861260385
0.331,-0.00434127625609884,0.005977146336802679
0.332,-0.004424551071651449,0.0059183864246114505
0.333,-0.004506268246704963,0.005857420949722162
0.334,-0.004586352479194594,0.005794307497072666
0.335,-0.004664731227411731,0.005729106983630372
0.336,-0.00474133488960729,0.005661883493350417
0.337,-0.004816096971766984,0.005592704100743849
0.338,-0.00488895424273454,0.005521638684044704
0.339,-0.004959846875953092,0.005448759729031074
0.34,-0.005028718577195091,0.005374142124611268
0.341,-0.00509551669775554,0.005297862951331772
0.342,-0.005160192332691296,0.00522000126399821
0.343,-0.005222700403799098,0.00514063786962395
0.344,-0.005282999727135764,0.005059855101933183
0.345,-0.005341053064994249,0.004977736593646376
0.346,-0.0053968271623579915,0.004894367047766203
0.347,-0.005450292767961775,0.004809832009061762
0.348,-0.005501424640189347,0.004724217636918622
0.349,-0.005550201538135129,0.00463761048068263
0.35,-0.00559660619824864,0.004550097258577168
0.351,-0.0056406252970650685,0.004461764641217553
0.352,-0.005682249400602876,0.004372699040683326
0.353,-0.005721472901079105,0.00428298640604029
0.354,-0.005758293941654542,0.004192712026130294
0.355,-0.00579271432997395,0.004101960340368933
0.356,-0.005824739441310869,0.004010814758210453
0.357,-0.005854378112162154,0.003919357487856396
0.358,-0.005881642525164326,0.0038276693747006027
0.359,-0.005906548086222252,0.003735829749919295
0.36,-0.0059291132947508944,0.0036439162895317116
0.361,-0.005949359607933181,0.003552004884175169
0.362,-0.0059673112998918955,0.0034601695197590916
0.363,-0.0059829953166614085,0.003368482169086201
0.364,-0.005996441127826534,0.0032770126944562643
0.365,-0.006007680575671453,0.003185828761199053
0.366,-0.00601674772265206,0.003094995762018906
0.367,-0.006023678697970963,0.0030045767519738093
0.368,-0.00602851154399624,0.0029146323938575177
0.369,-0.006031286063223682,0.0028252209137040536
0.37,-0.006032043666438201,0.002736398066090076
0.371,-0.006030827222683915,0.0026482171088721344
0.372,-0.006027680911604874,0.0025607287869626513
0.373,-0.006022650078669835,0.002473981324720554
0.374,-0.006015781093745602,0.002388020426509642
0.375,-0.006007121213434598,0.0023028892849598333
0.376,-0.005996718447544014,0.002218628596453177
0.377,-0.005984621430006476,0.0021352765833476633
0.378,-0.005970879294526004,0.0020528690224471675
0.379,-0.0059555415551784605,0.0019714392792249597
0.38,-0.005938657992152877,0.0018910183473108677
0.381,-0.005920278542779368,0.0018116348927579929
0.382,-0.005900453197950723,0.0017333153026135736
0.383,-0.005879231904008662,0.0016560837373298287
0.384,-0.005856664470131929,0.0015799621865640599
0.385,-0.005832800481232176,0.0015049705279326585
0.386,-0.005807689216334859,0.0014311265883006376
0.387,-0.0057813795723962134,0.001358446207206599
0.388,-0.005753919993483666,0.001286943302042405
0.389,-0.005725358405225884,0.0012166299346269664
0.39,-0.005695742154419852,0.0011475163788342811
0.391,-0.0056651179536658935,0.0010796111889569162
0.392,-0.005633531830887316,0.0010129212685073498
0.393,-0.005601029083579261,0.0009474519391807764
0.394,-0.005567654237621214,0.0008832070097239894
0.395,-0.005533451010479426,0.0008201888444756373
0.396,-0.005498462278619053,0.0007583984313633903
0.397,-0.005462730048941008,0.0006978354491632362
0.398,-0.005426295434055225,0.0006384983338451756
0.399,-0.005389198631200112,0.0005803843438479171
0.4,-0.005351478904617327,0.000523489624142737
0.401,-0.005313174571191492,0.00046780926896340875
0.402,-0.005274322989165931,0.0004133373830950023
0.403,-0.005234960549747973,0.00036006714162936757
0.404,-0.005195122671420495,0.00030799084810924593
0.405,-0.005154843796780317,0.0002570999909961901
0.406,-0.005114157391728532,0.00020738529840982133
0.407,-0.005073095946842812,0.00015883679109742174
0.408,-0.005031690980767188,0.00011144383360346685
0.409,-0.0049899730454604965,6.519518361847005e-5
0.41,-0.004947971733150743,2.0079039495460717e-5
0.411,-0.004905715684848811,-2.391691406941963e-5
0.412,-0.004863232600281336,-6.680546218831096e-5
0.413,-0.004820549249108995,-0.00010859981775444159
0.414,-0.00477769148330294,-0.00014931358121977382
0.415,-0.004734684250558613,-0.0001889607021555673
0.416,-0.004691551608632601,-0.00022755544256920735
0.417,-0.004648316740494549,-0.00026511234194649035
0.418,-0.004605001970192431,-0.00030164618398494526
0.419,-0.004561628779335594,-0.0003371719649806604
0.42,-0.004518217824105969,-0.0003717048638284447
0.421,-0.00447478895271366,-0.0004052602135929452
0.422,-0.004431361223218745,-0.00043785347460653857
0.423,-0.004387952921646551,-0.00046950020904837364
0.424,-0.004344581580328908,-0.000500216056957843
0.425,-0.004301263996408878,-0.0005300167136349654
0.426,-0.004258016250451285,-0.0005589179083796463
0.427,-0.004214853725105941,-0.0005869353845215197
0.428,-0.004171791123774834,-0.0006140848806920348
0.429,-0.00412884248923869,-0.0006403821132906212
0.43,-0.004086021222202248,-0.0006658427600971055
0.431,-0.00404334009972134,-0.0006904824449830619
0.432,-0.0040008112934783215,-0.0007143167236754238
0.433,-0.003958446387875762,-0.0007373610705264493
0.434,-0.003916256397921381,-0.0007596308662450047
0.435,-0.003874251786880134,-0.0007811413865450995
0.436,-0.0038324424836721008,-0.0008019077916686367
0.437,-0.0037908378999973492,-0.0008219451167404501
0.438,-0.0037494469471713557,-0.0008412682629148509
0.439,-0.0037082780526567576,-0.0008598919892741006
0.44,-0.0036673391762792646,-0.0008778309054404518
0.441,-0.003626637826117479,-0.0008950994648646444
0.442,-0.0035861810740581085,-0.0009117119587550066
0.443,-0.0035459755710097064,-0.0009276825106125798
0.444,-0.00350602756176954,-0.00094302507133895
0.445,-0.0034663428995395924,-0.0009577534148847421
0.446,-0.0034269270600889266,-0.0009718811344079772
0.447,-0.0033877851555608194,-0.0009854216389127439
0.448,-0.0033489219479240977,-0.0009983881503398506
0.449,-0.0033103418620690724,-0.0010107937010823329
0.45,-0.003272048998549322,-0.0010226511318998648
0.451,-0.0032340471459713508,-0.0010339730902072808
0.452,-0.0031963397930348564,-0.001044772028713532
0.453,-0.003158930140226946,-0.001055060204388506
0.454,-0.0031218211111742225,-0.001064849677736193
0.455,-0.0030850153636571343,-0.0010741523123537241
0.456,-0.003048515300291421,-0.001082979774756797
0.457,-0.003012323078881882,-0.001091343534452985
0.458,-0.0029764406224539997,-0.0010992548642453424
0.459,-0.002940869628969257,-0.0011067248407496404
0.46,-0.0029056115807302063,-0.0011137643451094121
0.461,-0.0028706677534815674,-0.001120384063893841
0.462,-0.0028360392252137824,-0.0011265944901643135
0.463,-0.002801726884675596,-0.0011324059246962317
0.464,-0.0027677314396023244,-0.001137828477343421
0.465,-0.0027340534246665543,-0.0011428720685331699
0.466,-0.00270069320915806,-0.001147546430880613
0.467,-0.002667651004399753,-0.001151861110911826
0.468,-0.0026349268709064816,-0.0011558254708855988
0.469,-0.002602520725293487,-0.001159448690704459
0.47,-0.0025704323469412957,-0.0011627397699060704
0.471,-0.0025386613844237704,-0.001165707529726667
0.472,-0.002507207361706001,-0.0011683606152286907
0.473,-0.0024760696841186276,-0.0011707074974852889
0.474,-0.0024452476441151247,-0.001172756475814784
0.475,-0.002414740426818475,-0.001174515680058666
0.476,-0.0023845471153635623,-0.0011759930728970744
0.477,-0.0023546666960415157,-0.001177196452196126
0.478,-0.0023250980632521195,-0.0011781334533818245
0.479,-0.0022958400242702915,-0.0011788115518356348
0.48,-0.002266891303832507,-0.0011792380653071416
0.481,-0.0022382505485489296,-0.0011794201563395318
0.482,-0.002209916331146875,-0.0011793648347039347
0.483,-0.0021818871545511115,-0.0011790789598389395
0.484,-0.002154161455806371,-0.0011785692432918766
0.485,-0.002126737609847302,-0.0011778422511587018
0.486,-0.002099613933120986,-0.0011769044065195594
0.487,-0.002072788687066981,-0.001175761991867324
0.488,-0.0020462600814597424,-0.0011744211515266358
0.489,-0.0020200262776181393,-0.0011728878940611399
0.49,-0.0019940853914866353,-0.0011711680946668252
0.491,-0.0019684354965926036,-0.001169267497549543
0.492,-0.00194307462688409,-0.0011671917182849436
0.493,-0.00191800077945223,-0.0011649462461592226
0.494,-0.0018932119171423917,-0.0011625364464892287
0.495,-0.0018687059710579984,-0.001159967562920602
0.496,-0.001844480842960863,-0.001157244719702759
0.497,-0.0018205344075717476,-0.0011543729239396445
0.498,-0.0017968645147747445,-0.0011513570678152979
0.499,-0.0017734689917289642,-0.0011482019307933772
0.5,-0.0017503456448909034,-0.0011449121817898842
0.501,-0.0017274922619507553,-0.0011414923813184298
0.502,-0.00170490661368582,-0.0011379469836074612
0.503,-0.0016825864557340707,-0.0011342803386889559
0.504,-0.0016605295302908275,-0.0011304966944581556
0.505,-0.0016387335677313926,-0.001126600198703994
0.506,-0.001617196288162406,-0.0011225949011099228
0.507,-0.0015959154029045873,-0.0011184847552249157
0.508,-0.001574888615909437,-0.0011142736204044711
0.509,-0.001554113625112383,-0.0011099652637214996
0.51,-0.0015335881237247759,-0.001105563361847018
0.511,-0.0015133098014670427,-0.0011010715029006258
0.512,-0.0014932763457452453,-0.0010964931882707757
0.513,-0.001473485442773193,-0.001091831834404887
0.514,-0.001453934778642196,-0.0010870907745693897
0.515,-0.0014346220403404658,-0.0010822732605798155
0.516,-0.0014155449167241015,-0.0010773824645010806
0.517,-0.0013967010994415281,-0.0010724214803181364
0.518,-0.001378088283813188,-0.0010673933255771846
0.519,-0.0013597041696682243,-0.0010623009429976754
0.52,-0.0013415464621398272,-0.0010571472020553332
0.521,-0.001323612872420856,-0.0010519349005364649
0.522,-0.0013059011184812965,-0.0010466667660638286
0.523,-0.0012884089257490434,-0.001041345457594352
0.524,-0.0012711340277554598,-0.0010359735668890062
0.525,-0.0012540741667470979,-0.0010305536199551489
0.526,-0.0012372270942649242,-0.0010250880784616644
0.527,-0.0012205905716923366,-0.001019579341127237
0.528,-0.0012041623707732176,-0.0010140297450821002
0.529,-0.0011879402741012208,-0.0010084415672036145
0.53,-0.0011719220755814417,-0.0010028170254260298
0.531,-0.001156105580865581,-0.000997158280024795
0.532,-0.0011404886077616737,-0.0009914674348757814
0.533,-0.0011250689866194054,-0.0009857465386897903
0.534,-0.0011098445606920126,-0.0009799975862227154
0.535,-0.001094813186475715,-0.0009742225194617368
0.536,-0.0010799727340275987,-0.0009684232287879208
0.537,-0.0010653210872628356,-0.0009626015541156024
0.538,-0.001050856144232083,-0.0009567592860089268
0.539,-0.0010365758173798882,-0.0009508981667759275
0.54,-0.001022478033784878,-0.0009450198915405132
0.541,-0.0010085607353824944,-0.0009391261092927414
0.542,-0.0009948218791710059,-0.0009332184239177477
0.543,-0.0009812594374014906,-0.0009272983952037041
0.544,-0.0009678713977524691,-0.0009213675398291721
0.545,-0.0009546557634898366,-0.0009154273323302171
0.546,-0.0009416105536127147,-0.0009094792060476459
0.547,-0.0009287338029858261,-0.0009035245540547277
0.548,-0.0009160235624589694,-0.0008975647300657532
0.549,-0.0009034778989741482,-0.0008916010493257845
0.55,-0.0008910948956608892,-0.0008856347894819445
0.551,-0.000878872651920264,-0.0008796671914365909
0.552,-0.0008668092834981078,-0.0008736994601827134
0.553,-0.0008549029225479098,-0.0008677327656218927
0.554,-0.0008431517176838339,-0.0008617682433651517
0.555,-0.0008315538340243076,-0.000855806995517027
0.556,-0.0008201074532266016,-0.000849850091443184
0.557,-0.0008088107735128077,-0.0008438985685218935
0.558,-0.0007976620096876042,-0.0008379534328796841
0.559,-0.0007866593931481853,-0.0008320156601114804
0.56,-0.0007758011718867143,-0.0008260861959855293
0.561,-0.0007650856104856492,-0.0008201659571334169
0.562,-0.0007545109901062728,-0.0008142558317254699
0.563,-0.0007440756084707494,-0.000808356680131831
0.564,-0.0007337777798380151,-0.000802469335569496
0.565,-0.0007236158349737976,-0.0007965946047355907
0.566,-0.0007135881211150529,-0.0007907332684271667
0.567,-0.0007036930019290885,-0.0007848860821477859
0.568,-0.0006939288574676394,-0.000779053776701159
0.569,-0.0006842940841161473,-0.0007732370587721041
0.57,-0.0006747870945384873,-0.0007674366114950777
0.571,-0.0006654063176173738,-0.0007616530950105357
0.572,-0.000656150198390671,-0.0007558871470093691
0.573,-0.0006470171979838223,-0.0007501393832656595
0.574,-0.0006380057935386056,-0.0007444103981579939
0.575,-0.0006291144781384134,-0.0007387007651795728
0.576,-0.0006203417607302473,-0.0007330110374373424
0.577,-0.0006116861660436118,-0.0007273417481403766
0.578,-0.0006031462345064812,-0.0007216934110777309
0.579,-0.0005947205221585105,-0.0007160665210859859
0.58,-0.0005864076005616498,-0.0007104615545066922
0.581,-0.0005782060567083215,-0.0007048789696339286
0.582,-0.0005701144929273052,-0.0006993192071521762
0.583,-0.000562131526787478,-0.0006937826905647102
0.584,-0.0005542557909995441,-0.0006882698266127084
0.585,-0.0005464859333158881,-0.0006827810056852664
0.586,-0.0005388206164286783,-0.0006773166022205119
0.587,-0.0005312585178663395,-0.0006718769750980023
0.588,-0.0005237983298885156,-0.0006664624680225879
0.589,-0.0005164387593796294,-0.0006610734098999195
0.59,-0.0005091785277411505,-0.0006557101152037744
0.591,-0.0005020163707826714,-0.000650372884335372
0.592,-0.0004949510386118921,-0.0006450620039748487
0.593,-0.0004879812955236067,-0.0006397777474250533
0.594,-0.0004811059198877821,-0.0006345203749478263
0.595,-0.0004743237040368168,-0.0006292901340929209
0.596,-0.0004676334541520615,-0.0006240872600197184
0.597,-0.00046103399014968177,-0.000618911975811891
0.598,-0.0004545241455659385,-0.00061376449278516
0.599,-0.0004481027674419597,-0.0006086450107882942
0.6,-0.0004417687162080722,-0.0006035537184974906
0.601,-0.0004355208655677615,-0.0005984907937042776
0.602,-0.00042935810238132235,-0.000593456403597076
0.603,-0.0004232793265492619,-0.0005884507050365528
0.604,-0.00041728345089551354,-0.0005834738448248965
0.605,-0.0004113694010505171,-0.0005785259599691442
0.606,-0.00040553611533421924,-0.0005736071779386853
0.607,-0.00039978254463904426,-0.0005687176169170632
0.608,-0.0003941076523128846,-0.0005638573860481975
0.609,-0.00038851041404215696,-0.0005590265856771435
0.61,-0.00038298981773496907,-0.0005542253075855036
0.611,-0.00037754486340443833,-0.0005494536352216044
0.612,-0.0003721745630522035,-0.0005447116439255507
0.613,-0.0003668779405521674,-0.0005399994011492626
0.614,-0.0003616540315345074,-0.0005353169666716037
0.615,-0.0003565018832699883,-0.0005306643928087039
0.616,-0.00035142055455461086,-0.0005260417246195758
0.617,-0.0003464091155946278,-0.0005214490001071293
0.618,-0.00034146664789195624,-0.000516886250414676
0.619,-0.00033659224413001664,-0.0005123535000180235
0.62,-0.00033178500806002327,-0.0005078507669132496
0.621,-0.00032704405438775403,-0.0005033780628002501
0.622,-0.0003223685086608216,-0.0004989353932621482
0.623,-0.0003177575071564711,-0.0004945227579406539
0.624,-0.00031321019676992443,-0.0004901401507074588
0.625,-0.0003087257349032926,-0.0004857875598317503
0.626,-0.00030430328935507545,-0.00048146496814392784
0.627,-0.000299942038210267,-0.0004771723531956007
0.628,-0.000295641169731084,-0.00047290968741594706
0.629,-0.0002913998822483329,-0.00046867693826451145
0.63,-0.0002872173840534326,-0.0004644740683805151
0.631,-0.00028309289329110524,-0.0004603010357287545
0.632,-0.0002790256378527496,-0.00045615779374215924
0.633,-0.0002750148552705096,-0.00045204429146108115
0.634,-0.0002710597926120499,-0.0004479604736693833
0.635,-0.0002671597063760487,-0.00044390628102739725
0.636,-0.00026331386238841886,-0.00043988165020181463
0.637,-0.000259521535699267,-0.0004358865139925786
0.638,-0.00025578201048059775,-0.00043192080145683875
0.639,-0.0002520945799247738,-0.00042798443803003153
0.64,-0.0002484585461437367,-0.00042407734564414804
0.641,-0.00024487322006899677,-0.00042019944284324835
0.642,-0.00024133792135239815,-0.00041635064489628086
0.643,-0.00023785197826766387,-0.00041253086390726477
0.644,-0.0002344147276127272,-0.000408740008922891
0.645,-0.00023102551461285278,-0.00040497798603759705
0.646,-0.0002276836928245524,-0.00040124469849616914
0.647,-0.00022438862404029842,-0.00039754004679392506
0.648,-0.0002211396781940385,-0.0003938639287745284
0.649,-0.00021793623326751369,-0.00039021623972548537
0.65,-0.0002147776751973829,-0.0003865968724713732
0.651,-0.0002116633977831546,-0.0003830057174648492
0.652,-0.0002085928025959282,-0.0003794426628754867
0.653,-0.00020556529888794554,-0.00037590759467648604
0.654,-0.00020258030350295313,-0.00037240039672930387
0.655,-0.0001996372407873762,-0.00036892095086624757
0.656,-0.0001967355425023036,-0.0003654691369710764
0.657,-0.00019387464773628434,-0.0003620448330576533
0.658,-0.00019105400281893404,-0.0003586479153466886
0.659,-0.00018827306123535154,-0.00035527825834061653
0.66,-0.00018553128354134363,-0.0003519357348966449
0.661,-0.00018282813727945699,-0.0003486202162980168
0.662,-0.00018016309689581562,-0.00034533157232352277
0.663,-0.0001775356436577617,-0.0003420696713153014
0.664,-0.00017494526557229782,-0.00033883438024496484
0.665,-0.00017239145730532833,-0.00033562556477808507
0.666,-0.00016987372010169712,-0.00033244308933707704
0.667,-0.0001673915617060193,-0.00032928681716251206
0.668,-0.0001649444962843035,-0.00032615661037289657
0.669,-0.0001625320443463621,-0.0003230523300229486
0.67,-0.0001601537326690057,-0.000319973836160404
0.671,-0.0001578090942200188,-0.0003169209878813861
0.672,-0.00015549766808291266,-0.00031389364338436714
0.673,-0.00015321899938245203,-0.0003108916600227544
0.674,-0.00015097263921095153,-0.0003079148943561296
0.675,-0.00014875814455533794,-0.0003049632022001711
0.676,-0.00014657507822497405,-0.00030203643867528744
0.677,-0.0001444230087802401,-0.00029913445825399036
0.678,-0.0001423015104618681,-0.0002962571148070345
0.679,-0.00014021016312102498,-0.00029340426164835124
0.68,-0.00013814855215013968,-0.000290575751578802
0.681,-0.00013611626841446978,-0.0002877714369287778
0.682,-0.00013411290818440277,-0.0002849911695996694
0.683,-0.00013213807306848742,-0.00028223480110423375
0.684,-0.00013019136994718984,-0.00027950218260587974
0.685,-0.00012827241090737008,-0.0002767931649568979
0.686,-0.00012638081317747346,-0.000274107598735657
0.687,-0.00012451619906343205,-0.0002714453342827897
0.688,-0.00012267819588527115,-0.0002688062217363904
0.689,-0.00012086643591441518,-0.00026619011106624656
0.69,-0.0001190805563116883,-0.0002635968521071249
0.691,-0.00011732019906600425,-0.00026102629459113304
0.692,-0.00011558501093373987,-0.00025847828817917803
0.693,-0.0001138746433787874,-0.0002559526824915405
0.694,-0.00011218875251327984,-0.00025344932713758497
0.695,-0.00011052699903898418,-0.0002509680717446254
0.696,-0.00010888904818935684,-0.00024850876598596415
0.697,-0.0001072745696722561,-0.00024607125960812406
0.698,-0.00010568323761330597,-0.00024365540245728973
0.699,-0.0001041147304999059,-0.0002412610445049781
0.7,-0.00010256873112588096,-0.00023888803587295324
0.701,-0.00010104492653676691,-0.00023653622685740423
0.702,-9.954300797572467e-5,-0.00023420546795240116
0.703,-9.806267083007867e-5,-0.00023189560987264682
0.704,-9.660361457847338e-5,-0.00022960650357553892
0.705,-9.516554273864282e-5,-0.0002273380002825591
0.706,-9.374816281578715e-5,-0.00022508995150000358
0.707,-9.235118625155104e-5,-0.00022286220903907074
0.708,-9.09743283735982e-5,-0.0002206546250353197
0.709,-8.961730834577657e-5,-0.00021846705196751503
0.71,-8.827984911886866e-5,-0.00021629934267587065
0.711,-8.696167738192144e-5,-0.00021415135037970752
0.712,-8.566252351415051e-5,-0.00021202292869453796
0.713,-8.438212153741279e-5,-0.00020991393164858995
0.714,-8.312020906924245e-5,-0.00020782421369878456
0.715,-8.187652727644457e-5,-0.00020575362974617863
0.716,-8.065082082924105e-5,-0.00020370203515088534
0.717,-7.944283785596353e-5,-0.00020166928574648498
0.718,-7.82523298982876e-5,-0.00019965523785393707
0.719,-7.707905186700322e-5,-0.00019765974829500635
0.72,-7.592276199831594e-5,-0.00019568267440521326
0.721,-7.478322181067342e-5,-0.00019372387404632019
0.722,-7.366019606211208e-5,-0.00019178320561836468
0.723,-7.25534527081187e-5,-0.00018986052807125003
0.724,-7.146276286000138e-5,-0.00018795570091590343
0.725,-7.038790074376499e-5,-0.00018606858423501256
0.726,-6.932864365948572e-5,-0.00018419903869334986
0.727,-6.828477194117956e-5,-0.00018234692554769483
0.728,-6.725606891715954e-5,-0.00018051210665636378
0.729,-6.624232087087685e-5,-0.00017869444448835614
0.73,-6.524331700224028e-5,-0.00017689380213212704
0.731,-6.425884938940951e-5,-0.0001751100433039946
0.732,-6.328871295105673e-5,-0.00017334303235619125
0.733,-6.233270540909186e-5,-0.00017159263428456715
0.734,-6.13906272518463e-5,-0.00016985871473595466
0.735,-6.046228169771047e-5,-0.00016814114001520184
0.736,-5.9547474659219947e-5,-0.00016643977709188303
0.737,-5.864601470758556e-5,-0.0001647544936066945
0.738,-5.7757713037662595e-5,-0.00016308515787754314
0.739,-5.6882383433354236e-5,-0.0001614316389053352
0.74,-5.601984223344456e-5,-0.0001597938063794731
0.741,-5.516990829785636e-5,-0.0001581715306830672
0.742,-5.433240297432904e-5,-0.00015656468289786986
0.743,-5.350715006551201e-5,-0.00015497313480893843
0.744,-5.269397579646903e-5,-0.0001533967589090345
0.745,-5.1892708782588675e-5,-0.0001518354284027654
0.746,-5.11031799978967e-5,-0.00015028901721047516
0.747,-5.0325222743765595e-5,-0.00014875739997189074
0.748,-4.95586726180169e-5,-0.0001472404520495302
0.749,-4.8803367484411906e-5,-0.00014573804953187854
0.75,-4.8059147442526296e-5,-0.00014425006923633762
0.751,-4.7325854798004384e-5,-0.00014277638871195567
0.752,-4.6603334033188677e-5,-0.00014131688624194214
0.753,-4.589143177812038e-5,-0.00013987144084597367
0.754,-4.518999678190668e-5,-0.0001384399322822968
0.755,-4.449887988445064e-5,-0.000137022241049632
0.756,-4.3817933988539386e-5,-0.00013561824838888544
0.757,-4.314701403228659e-5,-0.00013422783628467275
0.758,-4.2485976961925134e-5,-0.00013285088746665992
0.759,-4.183468170494579e-5,-0.00013148728541072677
0.76,-4.1192989143578095e-5,-0.00013013691433995712
0.761,-4.05607620886092e-5,-0.00012879965922546084
0.762,-3.9937865253536944e-5,-0.00012747540578703223
0.763,-3.9324165229053135e-5,-0.00012616404049364913
0.764,-3.8719530457853214e-5,-0.0001248654505638174
0.765,-3.812383120976842e-5,-0.00012357952396576484
0.766,-3.7536939557216724e-5,-0.0001223061494174888
0.767,-3.6958729350968686e-5,-0.00012104521638666192
0.768,-3.63890761962246e-5,-0.00011979661509039942
0.769,-3.582785742899918e-5,-0.00011856023649489256
0.77,-3.527495209281008e-5,-0.00011733597231491161
0.771,-3.473024091566684e-5,-0.00011612371501318236
0.772,-3.419360628735635e-5,-0.00011492335779963974
0.773,-3.366493223702164e-5,-0.0001137347946305623
0.774,-3.31441044110302e-5,-0.0001125579202075909
0.775,-3.263101005112854e-5,-0.0001113926299766351
0.776,-3.21255379728794e-5,-0.00011023882012667078
0.777,-3.162757854437841e-5,-0.00010909638758843208
0.778,-3.113702366524657e-5,-0.00010796523003300094
0.779,-3.065376674589547e-5,-0.00010684524587029744
0.78,-3.0177702687061783e-5,-0.00010573633424747406
0.781,-2.9708727859607768e-5,-0.00010463839504721667
0.782,-2.924674008458471e-5,-0.00010355132888595537
0.783,-2.8791638613555896e-5,-0.00010247503711198808
0.784,-2.8343324109176095e-5,-0.00010140942180351949
0.785,-2.7901698626024364e-5,-0.00010035438576661832
0.786,-2.746666559168709e-5,-9.93098325330955e-5
0.787,-2.7038129788088206e-5,-9.827566635830582e-5
0.788,-2.6615997333063545e-5,-9.725179221887573e-5
0.789,-2.6200175662176353e-5,-9.623811581035977e-5
0.79,-2.579057351077094e-5,-9.523454354482792e-5
0.791,-2.5387100896261614e-5,-9.424098254838661e-5
0.792,-2.4989669100653932e-5,-9.325734065863528e-5
0.793,-2.4598190653295425e-5,-9.228352642206113e-5
0.794,-2.421257931385294e-5,-9.131944909137408e-5
0.795,-2.3832750055513824e-5,-9.03650186227843e-5
0.796,-2.3458619048408138e-5,-8.942014567322417e-5
0.797,-2.3090103643249166e-5,-8.848474159751701e-5
0.798,-2.2727122355189512e-5,-8.755871844549452e-5
0.799,-2.2369594847890094e-5,-8.66419889590648e-5
0.8,-2.2017441917799364e-5,-8.573446656923299e-5
0.801,-2.1670585478640156e-5,-8.483606539307646e-5
0.802,-2.1328948546101545e-5,-8.394670023067633e-5
0.803,-2.099245522273314e-5,-8.306628656200697e-5
0.804,-2.066103068303934e-5,-8.219474054378566e-5
0.805,-2.0334601158770898e-5,-8.133197900628352e-5
0.806,-2.0013093924411512e-5,-8.047791945010005e-5
0.807,-1.969643728285681e-5,-7.963248004290229e-5
0.808,-1.93845605512834e-5,-7.879557961613065e-5
0.809,-1.9077394047205554e-5,-7.796713766167275e-5
0.81,-1.8774869074717207e-5,-7.714707432850677e-5
0.811,-1.8476917910916832e-5,-7.633531041931598e-5
0.812,-1.8183473792512973e-5,-7.553176738707559e-5
0.813,-1.7894470902608098e-5,-7.473636733161365e-5
0.814,-1.7609844357658512e-5,-7.394903299614718e-5
0.815,-1.7329530194608113e-5,-7.316968776379479e-5
0.816,-1.705346535819375e-5,-7.239825565406744e-5
0.817,-1.6781587688420048e-5,-7.163466131933818e-5
0.818,-1.651383590820148e-5,-7.087883004129252e-5
0.819,-1.6250149611169616e-5,-7.013068772736013e-5
0.82,-1.5990469249643392e-5,-6.939016090712982e-5
0.821,-1.573473612276033e-5,-6.8657176728748e-5
0.822,-1.5482892364766674e-5,-6.79316629553026e-5
0.823,-1.523488093346436e-5,-6.721354796119298e-5
0.824,-1.4990645598812873e-5,-6.650276072848709e-5
0.825,-1.4750130931683933e-5,-6.579923084326703e-5
0.826,-1.4513282292767105e-5,-6.510288849196375e-5
0.827,-1.4280045821624377e-5,-6.441366445768212e-5
0.828,-1.4050368425891757e-5,-6.373149011651717e-5
0.829,-1.3824197770626051e-5,-6.305629743386256e-5
0.83,-1.3601482267794917e-5,-6.238801896071197e-5
0.831,-1.3382171065908341e-5,-6.172658782995462e-5
0.832,-1.3166214039789735e-5,-6.107193775266546e-5
0.833,-1.2953561780484836e-5,-6.0424003014391094e-5
0.834,-1.2744165585306622e-5,-5.9782718471432025e-5
0.835,-1.2537977448014496e-5,-5.914801954712234e-5
0.836,-1.2334950049125986e-5,-5.851984222810722e-5
0.837,-1.2135036746359253e-5,-5.7898123060619366e-5
0.838,-1.1938191565204703e-5,-5.7282799146754764e-5
0.839,-1.1744369189624032e-5,-5.667380814074882e-5
0.84,-1.155352495287503e-5,-5.6071088245253206e-5
0.841,-1.1365614828460547e-5,-5.547457820761442e-5
0.842,-1.1180595421199951e-5,-5.4884217316154416e-5
0.843,-1.099842395842153e-5,-5.429994539645412e-5
0.844,-1.0819058281274232e-5,-5.372170280764041e-5
0.845,-1.0642456836157202e-5,-5.314943043867712e-5
0.846,-1.0468578666265552e-5,-5.258306970466062e-5
0.847,-1.0297383403250894e-5,-5.202256254312061e-5
0.848,-1.0128831258995072e-5,-5.146785141032665e-5
0.849,-9.962883017495661e-6,-5.0918879277600866e-5
0.85,-9.799500026861746e-6,-5.037558962763749e-5
0.851,-9.63864419141854e-6,-4.9837926450829583e-5
0.852,-9.48027796391942e-6,-4.930583424160355e-5
0.853,-9.32436433786395e-6,-4.877925799476181e-5
0.854,-9.170866839920524e-6,-4.825814320183411e-5
0.855,-9.019749522452245e-6,-4.774243584743797e-5
0.856,-8.870976956144663e-6,-4.72320824056486e-5
0.857,-8.72451422273407e-6,-4.672702983637872e-5
0.858,-8.580326907834977e-6,-4.62272255817687e-5
0.859,-8.438381093865523e-6,-4.5732617562587476e-5
0.86,-8.298643353069472e-6,-4.524315417464437e-5
0.861,-8.16108074063355e-6,-4.47587842852125e-5
0.862,-8.02566078789886e-6,-4.427945722946383e-5
0.863,-7.892351495665136e-6,-4.380512280691641e-5
0.864,-7.761121327586579e-6,-4.3335731277894004e-5
0.865,-7.631939203658112e-6,-4.2871233359998436e-5
0.866,-7.5047744937908105e-6,-4.241158022459503e-5
0.867,-7.3795970114753505e-6,-4.195672349331132e-5
0.868,-7.256377007532305e-6,-4.150661523454937e-5
0.869,-7.13508516394813e-6,-4.1061207960012e-5
0.87,-7.015692587795708e-6,-4.062045462124315e-5
0.871,-6.8981708052383205e-6,-4.018430860618254e-5
0.872,-6.782491755615947e-6,-3.9752723735735026e-5
0.873,-6.66862778561279e-6,-3.932565426035482e-5
0.874,-6.556551643504943e-6,-3.890305485664467e-5
0.875,-6.446236473487147e-6,-3.848488062397045e-5
0.876,-6.3376558100775636e-6,-3.807108708109115e-5
0.877,-6.230783572599539e-6,-3.766163016280456e-5
0.878,-6.125594059739321e-6,-3.72564662166088e-5
0.879,-6.022061944178727e-6,-3.685555199937997e-5
0.88,-5.92016226730175e-6,-3.645884467406587e-5
0.881,-5.819870433974123e-6,-3.606630180639623e-5
0.882,-5.721162207394863e-6,-3.567788136160938e-5
0.883,-5.624013704018828e-6,-3.5293541701195614e-5
0.884,-5.528401388549345e-6,-3.49132415796574e-5
0.885,-5.434302068999962e-6,-3.453694014128647e-5
0.886,-5.341692891824407e-6,-3.416459691695807e-5
0.887,-5.250551337113827e-6,-3.379617182094229e-5
0.888,-5.160855213860414e-6,-3.3431625147732814e-5
0.889,-5.0725826552865265e-6,-3.307091756889302e-5
0.89,-4.985712114238425e-6,-3.271401012991957e-5
0.891,-4.900222358643743e-6,-3.236086424712369e-5
0.892,-4.816092467031866e-6,-3.201144170453002e-5
0.893,-4.733301824116333e-6,-3.166570465079337e-5
0.894,-4.651830116438459e-6,-3.132361559613328e-5
0.895,-4.5716573280713346e-6,-3.0985137409286446e-5
0.896,-4.492763736383401e-6,-3.065023331447723e-5
0.897,-4.415129907860788e-6,-3.0318866888406196e-5
0.898,-4.338736693987627e-6,-2.9991002057256713e-5
0.899,-4.263565227183561e-6,-2.966660309371979e-5
0.9,-4.18959691679767e-6,-2.934563461403705e-5
0.901,-4.11681344515806e-6,-2.9028061575062012e-5
0.902,-4.045196763676354e-6,-2.8713849271339625e-5
0.903,-3.974729089006355e-6,-2.840296333220413e-5
0.904,-3.905392899256126e-6,-2.809536971889528e-5
0.905,-3.837170930252805e-6,-2.7791034721692927e-5
0.906,-3.770046171859382e-6,-2.7489924957069993e-5
0.907,-3.704001864342798e-6,-2.7192007364863863e-5
0.908,-3.6390214947926217e-6,-2.689724920546621e-5
0.909,-3.5750887935896423e-6,-2.660561805703123e-5
0.91,-3.512187730923695e-6,-2.631708181270232e-5
0.911,-3.4503025133600554e-6,-2.60316086778572e-5
0.912,-3.3894175804537335e-6,-2.5749167167371475e-5
0.913,-3.329517601411027e-6,-2.5469726102900614e-5
0.914,-3.270587471797689e-6,-2.519325461018036e-5
0.915,-3.2126123102930738e-6,-2.491972211634555e-5
0.916,-3.155577455489635e-6,-2.4649098347267342e-5
0.917,-3.099468462737165e-6,-2.4381353324908796e-5
0.918,-3.04427110103116e-6,-2.411645736469884e-5
0.919,-2.989971349944713e-6,-2.3854381072924547e-5
0.92,-2.936555396603343e-6,-2.359509534414174e-5
0.921,-2.884009632702168e-6,-2.3338571358603874e-5
0.922,-2.8323206515648567e-6,-2.3084780579709144e-5
0.923,-2.7814752452437776e-6,-2.2833694751465843e-5
0.924,-2.7314604016607868e-6,-2.2585285895975874e-5
0.925,-2.6822633017881048e-6,-2.233952631093641e-5
0.926,-2.633871316868726e-6,-2.2096388567159646e-5
0.927,-2.5862720056758274e-6,-2.185584550611062e-5
0.928,-2.539453111810639e-6,-2.1617870237463034e-5
0.929,-2.4934025610382567e-6,-2.1382436136673044e-5
0.93,-2.4481084586608643e-6,-2.114951684257096e-5
0.931,-2.4035590869278727e-6,-2.0919086254970798e-5
0.932,-2.359742902482453e-6,-2.0691118532297688e-5
0.933,-2.316648533843973e-6,-2.0465588089232966e-5
0.934,-2.2742647789258467e-6,-2.0242469594377026e-5
0.935,-2.232580602588304e-6,-2.0021737967929776e-5
0.936,-2.1915851342256106e-6,-1.980336837938869e-5
0.937,-2.151267665387257e-6,-1.958733624526438e-5
0.938,-2.111617647432659e-6,-1.93736172268136e-5
0.939,-2.072624689218898e-6,-1.9162187227789683e-5
0.94,-2.034278554821059e-6,-1.8953022392210258e-5
0.941,-1.996569161284714e-6,-1.874609910214225e-5
0.942,-1.9594865764101004e-6,-1.8541393975504077e-5
0.943,-1.923021016567576e-6,-1.8338883863884934e-5
0.944,-1.887162844543902e-6,-1.8138545850381152e-5
0.945,-1.8519025674189434e-6,-1.7940357247449536e-5
0.946,-1.8172308344723585e-6,-1.7744295594777572e-5
0.947,-1.7831384351198703e-6,-1.7550338657170506e-5
0.948,-1.7496162968787105e-6,-1.735846442245514e-5
0.949,-1.7166554833618304e-6,-1.716865109940032e-5
0.95,-1.6842471923004896e-6,-1.698087711565402e-5
0.951,-1.6523827535948213e-6,-1.679512111569695e-5
0.952,-1.6210536273919978e-6,-1.6611361958812597e-5
0.953,-1.5902514021916058e-6,-1.642957871707363e-5
0.954,-1.5599677929778648e-6,-1.6249750673344584e-5
0.955,-1.5301946393783094e-6,-1.6071857319300745e-5
0.956,-1.5009239038485749e-6,-1.5895878353463154e-5
0.957,-1.4721476698829237e-6,-1.572179367924963e-5
0.958,-1.4438581402501568e-6,-1.5549583403041757e-5
0.959,-1.4160476352545569e-6,-1.537922783226773e-5
0.96,-1.3887085910215202e-6,-1.5210707473500985e-5
0.961,-1.3618335578075323e-6,-1.5044003030574508e-5
0.962,-1.3354151983341518e-6,-1.4879095402710777e-5
0.963,-1.3094462861456684e-6,-1.471596568266721e-5
0.964,-1.2839197039901086e-6,-1.455459515489705e-5
0.965,-1.2588284422232634e-6,-1.4394965293725594e-5
0.966,-1.2341655972354195e-6,-1.4237057761541707e-5
0.967,-1.209924369900479e-6,-1.4080854407004466e-5
0.968,-1.1860980640471562e-6,-1.3926337263264927e-5
0.969,-1.1626800849519457e-6,-1.377348854620286e-5
0.97,-1.1396639378535583e-6,-1.3622290652678406e-5
0.971,-1.1170432264885266e-6,-1.3472726158798544e-5
0.972,-1.0948116516476868e-6,-1.3324777818198272e-5
0.973,-1.0729630097532447e-6,-1.317842856033646e-5
0.974,-1.0514911914561411e-6,-1.30336614888062e-5
0.975,-1.0303901802534332e-6,-1.2890459879659661e-5
0.976,-1.0096540511254122e-6,-1.2748807179747274e-5
0.977,-9.892769691921863e-7,-1.260868700507121e-5
0.978,-9.692531883894511e-7,-1.2470083139153039e-5
0.979,-9.495770501631871e-7,-1.2332979531415479e-5
0.98,-9.30242982183015e-7,-1.2197360295578158e-5
0.981,-9.112454970739516e-7,-1.206320970806727e-5
0.982,-8.925791911663083e-7,-1.1930512206439075e-5
0.983,-8.742387432634787e-7,-1.1799252387817106e-5
0.984,-8.562189134273665e-7,-1.1669415007343035e-5
0.985,-8.385145417812071e-7,-1.1540984976641072e-5
0.986,-8.211205473295384e-7,-1.1413947362295823e-5
0.987,-8.040319267950834e-7,-1.1288287384343532e-5
0.988,-7.872437534723057e-7,-1.1163990414776567e-5
0.989,-7.707511760974076e-7,-1.1041041976061117e-5
0.99,-7.545494177345369e-7,-1.0919427739667972e-5
0.991,-7.386337746779793e-7,-1.0799133524616302e-5
0.992,-7.229996153701102e-7,-1.0680145296030354e-5
0.993,-7.076423793348862e-7,-1.0562449163708976e-5
0.994,-6.925575761266575e-7,-1.044603138070786e-5
0.995,-6.777407842940878e-7,-1.0330878341934432e-5
0.996,-6.631876503589694e-7,-1.0216976582755305e-5
0.997,-6.488938878097237e-7,-1.0104312777616172e-5
0.998,-6.34855276109382e-7,-9.992873738674089e-6
0.999,-6.210676597178439e-7,-9.88264641444204e-6
1.0,-6.075269471282103e-7,-9.773617888445681e-6
1.001,-5.942291099169972e-7,-9.66577537789221e-6
1.002,-5.811701818080312e-7,-9.559106232351232e-6
1.003,-5.683462577498376e-7,-9.453597932447569e-6
1.004,-5.557534930063298e-7,-9.349238088565906e-6
1.005,-5.433881022606124e-7,-9.246014439567176e-6
1.006,-5.312463587317165e-7,-9.143914851516624e-6
1.007,-5.193245933040803e-7,-9.042927316423442e-6
1.008,-5.076191936696002e-7,-8.943039950991893e-6
1.009,-4.961266034820734e-7,-8.844240995383834e-6
1.01,-4.848433215238563e-7,-8.746518811992567e-6
1.011,-4.737659008845695e-7,-8.649861884227904e-6
1.012,-4.628909481516758e-7,-8.554258815312384e-6
1.013,-4.5221512261276766e-7,-8.459698327088556e-6
1.014,-4.4173513546939614e-7,-8.366169258837219e-6
1.015,-4.3144774906227926e-7,-8.27366056610656e-6
1.016,-4.2134977610772997e-7,-8.182161319552096e-6
1.017,-4.114380789451437e-7,-8.091660703787334e-6
1.018,-4.017095687953911e-7,-8.002148016245062e-6
1.019,-3.921612050299602e-7,-7.9136126660492e-6
1.02,-3.827899944506971e-7,-7.826044172897115e-6
1.021,-3.7359299057999506e-7,-7.739432165952321e-6
1.022,-3.645672929612841e-7,-7.653766382747488e-6
1.023,-3.5571004646967533e-7,-7.569036668097668e-6
1.024,-3.470184406326163e-7,-7.4852329730236636e-6
1.025,-3.3848970896041626e-7,-7.402345353685451e-6
1.026,-3.301211282865002e-7,-7.320363970325592e-6
1.027,-3.2191001811725505e-7,-7.23927908622253e-6
1.028,-3.1385373999133176e-7,-7.159081066653713e-6
1.029,-3.059496968482688e-7,-7.079760377868451e-6
1.03,-2.9819533240630515e-7,-7.001307586070431e-6
1.031,-2.90588130549253e-7,-6.9237133564098175e-6
1.032,-2.831256147223003e-7,-6.846968451984844e-6
1.033,-2.7580534733661755e-7,-6.7710637328528415e-6
1.034,-2.6862492918264324e-7,-6.695990155050601e-6
1.035,-2.615819988519249e-7,-6.62173876962401e-6
1.036,-2.5467423216739376e-7,-6.5483007216668835e-6
1.037,-2.47899341621954e-7,-6.4756672493689055e-6
1.038,-2.412550758252671e-7,-6.403829683072613e-6
1.039,-2.347392189586161e-7,-6.332779444339346e-6
1.04,-2.283495902377335e-7,-6.262508045024082e-6
1.041,-2.2208404338348058e-7,-6.193007086359091e-6
1.042,-2.159404661002655e-7,-6.124268258046327e-6
1.043,-2.0991677956209043e-7,-6.056283337358494e-6
1.044,-2.040109379061188e-7,-5.989044188248689e-6
1.045,-1.9822092773365567e-7,-5.922542760468592e-6
1.046,-1.9254476761843515e-7,-5.856771088695074e-6
1.047,-1.869805076221112e-7,-5.7917212916652125e-6
1.048,-1.8152622881684857e-7,-5.727385571319586e-6
1.049,-1.7618004281491285e-7,-5.6637562119538205e-6
1.05,-1.709400913051594e-7,-5.60082557937829e-6
1.051,-1.6580454559632307e-7,-5.538586120085917e-6
1.052,-1.6077160616701103e-7,-5.47703036042799e-6
1.053,-1.558395022223034e-7,-5.41615090579794e-6
1.054,-1.510064912568669e-7,-5.355940439823002e-6
1.055,-1.4627085862448858e-7,-5.296391723563696e-6
1.056,-1.4163091711393747e-7,-5.23749759472105e-6
1.057,-1.3708500653106415e-7,-5.179250966851515e-6
1.058,-1.3263149328704833e-7,-5.1216448285894864e-6
1.059,-1.2826876999270684e-7,-5.064672242877381e-6
1.06,-1.2399525505877503e-7,-5.00832634620319e-6
1.061,-1.1980939230207596e-7,-4.9526003478454536e-6
1.062,-1.1570965055749329e-7,-4.897487529125582e-6
1.063,-1.1169452329566393e-7,-4.8429812426674725e-6
1.064,-1.0776252824630947e-7,-4.7890749116643345e-6
1.065,-1.0391220702712441e-7,-4.735762029152688e-6
1.066,-1.0014212477814223e-7,-4.683036157293445e-6
1.067,-9.645086980150012e-8,-4.630890926660032e-6
1.068,-9.28370532065252e-8,-4.579320035533477e-6
1.069,-8.929930856006555e-8,-4.528317249204404e-6
1.07,-8.583629154199072e-8,-4.477876399281875e-6
1.071,-8.244667960578741e-8,-4.427991383009018e-6
1.072,-7.912917164417704e-8,-4.378656162585373e-6
1.073,-7.588248765968301e-8,-4.329864764495908e-6
1.074,-7.270536844007617e-8,-4.281611278846633e-6
1.075,-6.959657523862868e-8,-4.2338898587067665e-6
1.076,-6.655488945910665e-8,-4.186694719457372e-6
1.077,-6.357911234543338e-8,-4.140020138146437e-6
1.078,-6.066806467595599e-8,-4.0938604528503135e-6
1.079,-5.782058646224902e-8,-4.048210062041465e-6
1.08,-5.5035536652389476e-8,-4.003063423962472e-6
1.081,-5.231179283863893e-8,-3.958415056006236e-6
1.082,-4.964825096946902e-8,-3.914259534102316e-6
1.083,-4.7043825065867646e-8,-3.870591492109354e-6
1.084,-4.4497446941864064e-8,-3.827405621213529e-6
1.085,-4.2008065929211884e-8,-3.7846966693329822e-6
1.086,-3.9574648606169926e-8,-3.7424594405281615e-6
1.087,-3.7196178530321665e-8,-3.70068879441803e-6
1.088,-3.487165597537485e-8,-3.659379645602086e-6
1.089,-3.260009767188377e-8,-3.6185269630881366e-6
1.09,-3.0380536551837303e-8,-3.578125769725779e-6
1.091,-2.8212021497056915e-8,-3.538171141645529e-6
1.092,-2.6093617091349247e-8,-3.4986582077035504e-6
1.093,-2.4024403376359115e-8,-3.459582148931933e-6
1.094,-2.2003475611069107e-8,-3.4209381979944613e-6
1.095,-2.002994403489301e-8,-3.3827216386478313e-6
1.096,-1.8102933634310924e-8,-3.344927805208261e-6
1.097,-1.6221583912994682e-8,-3.3075520820234445e-6
1.098,-1.4385048665372891e-8,-3.270589902949797e-6
1.099,-1.2592495753585725e-8,-3.234036750834949e-6
1.1,-1.0843106887780158e-8,-3.1978881570054325e-6
1.101,-9.136077409697172e-9,-3.1621397007595143e-6
1.102,-7.470616079503048e-9,-3.12678700886513e-6
1.103,-5.845944865817604e-9,-3.0918257550628673e-6
1.104,-4.261298738892874e-9,-3.0572516595739517e-6
1.105,-2.715925466896384e-9,-3.0230604886131893e-6
1.106,-1.2090854152538443e-9,-2.989248053906821e-6
1.107,2.5994865099328417e-10,-2.955810212215236e-6
1.108,1.6918917618592675e-9,-2.9227428648605063e-6
1.109,3.087446934157905e-9,-2.890041957258692e-6
1.11,4.44730536036134e-9,-2.85770347845687e-6
1.111,5.772146594615942e-9,-2.825723460674852e-6
1.112,7.06263873595672e-9,-2.7940979788515317e-6
1.113,8.319438608761164e-9,-2.7628231501958306e-6
1.114,9.543191940482791e-9,-2.7318951337421924e-6
1.115,1.0734533536704133e-8,-2.701310129910583e-6
1.116,1.1894087453548315e-8,-2.6710643800709548e-6
1.117,1.302246716748783e-8,-2.6411541661121317e-6
1.118,1.4120275742588569e-8,-2.611575810015074e-6
1.119,1.5188105995226573e-8,-2.5823256734304775e-6
1.12,1.6226540656314548e-8,-2.55340015726067e-6
1.121,1.7236152531074526e-8,-2.5247957012457623e-6
1.122,1.8217504656392624e-8,-2.4965087835540107e-6
1.123,1.9171150455791316e-8,-2.468535920376355e-6
1.124,2.009763389205414e-8,-2.4408736655250858e-6
1.125,2.0997489617537185e-8,-2.413518610036609e-6
1.126,2.1871243122201373e-8,-2.3864673817782616e-6
1.127,2.2719410879398888e-8,-2.3597166450591417e-6
1.128,2.354250048944673e-8,-2.333263100244915e-6
1.129,2.4341010821019916e-8,-2.30710348337656e-6
1.13,2.5115432150396277e-8,-2.2812345657930094e-6
1.131,2.586624629858449e-8,-2.255653153757657e-6
1.132,2.6593926766366373e-8,-2.2303560880886863e-6
1.133,2.7298938867284187e-8,-2.2053402437931852e-6
1.134,2.7981739858603105e-8,-2.180602529705015e-6
1.135,2.864277907027869e-8,-2.1561398881263877e-6
1.136,2.928249803195871e-8,-2.1319492944731286e-6
1.137,2.990133059804824e-8,-2.1080277569235724e-6
1.138,3.04997030708666e-8,-2.0843723160710714e-6
1.139,3.1078034321924275e-8,-2.060980044580075e-6
1.14,3.1636735911347403e-8,-2.037848046845741e-6
1.141,3.217621220547734e-8,-2.014973458657055e-6
1.142,3.269686049267207e-8,-1.9923534468634125e-6
1.143,3.319907109733608e-8,-1.9699852090446376e-6
1.144,3.368322749220486e-8,-1.9478659731843992e-6
1.145,3.414970640890973e-8,-1.925992997346998e-6
1.146,3.459887794684856e-8,-1.9043635693574824e-6
1.147,3.503110568038722e-8,-1.8829750064850693e-6
1.148,3.544674676441665e-8,-1.8618246551298303e-6
1.149,3.5846152038289765e-8,-1.8409098905126168e-6
1.15,3.622966612816219e-8,-1.8202281163681877e-6
1.151,3.659762754776047e-8,-1.799776764641511e-6
1.152,3.695036879760107e-8,-1.7795532951872072e-6
1.153,3.728821646268311e-8,-1.7595551954721015e-6
1.154,3.761149130867742e-8,-1.7397799802808586e-6
1.155,3.792050837663429e-8,-1.720225191424665e-6
1.156,3.8215577076231884e-8,-1.70088839745293e-6
1.157,3.849700127758687e-8,-1.6817671933679785e-6
1.158,3.8765079401648815e-8,-1.662859200342701e-6
1.159,3.902010450919917e-8,-1.644162065441136e-6
1.16,3.92623643884758e-8,-1.6256734613419507e-6
1.161,3.949214164144328e-8,-1.6073910860647984e-6
1.162,3.970971376872927e-8,-1.5893126626995155e-6
1.163,3.9915353253246765e-8,-1.5714359391381372e-6
1.164,4.010932764252172e-8,-1.5537586878096991e-6
1.165,4.029189962974545e-8,-1.5362787054177992e-6
1.166,4.046332713357072e-8,-1.5189938126808917e-6
1.167,4.0623863376670284e-8,-1.5019018540752863e-6
1.168,4.07737569630763e-8,-1.485000697580826e-6
1.169,4.091325195431891e-8,-1.4682882344292143e-6
1.17,4.104258794438173e-8,-1.4517623788549687e-6
1.171,4.116200013349211e-8,-1.4354210678489726e-6
1.172,4.127171940076344e-8,-1.4192622609145987e-6
1.173,4.1371972375706704e-8,-1.4032839398263798e-6
1.174,4.1462981508628226e-8,-1.3874841083912005e-6
1.175,4.1544965139930165e-8,-1.3718607922119846e-6
1.176,4.161813756833033e-8,-1.3564120384538537e-6
1.177,4.168270911801734e-8,-1.341135915612731e-6
1.178,4.17388862047572e-8,-1.3260305132863672e-6
1.179,4.178687140096693e-8,-1.3110939419477623e-6
1.18,4.18268634997708e-8,-1.2963243327209618e-6
1.181,4.1859057578054306e-8,-1.2817198371592007e-6
1.182,4.188364505853115e-8,-1.2672786270253724e-6
1.183,4.190081377083776e-8,-1.252998894074801e-6
1.184,4.191074801167022e-8,-1.23887884984029e-6
1.185,4.19136286039778e-8,-1.2249167254194286e-6
1.186,4.190963295522742e-8,-1.2111107712641294e-6
1.187,4.189893511475289e-8,-1.1974592569723766e-6
1.188,4.18817058302028e-8,-1.1839604710821625e-6
1.189,4.185811260310058e-8,-1.1706127208675884e-6
1.19,4.1828319743530115e-8,-1.1574143321371107e-6
1.191,4.179248842396009e-8,-1.1443636490339077e-6
1.192,4.1750776732220056e-8,-1.1314590338383477e-6
1.193,4.1703339723640965e-8,-1.1186988667725354e-6
1.194,4.165032947237292e-8,-1.1060815458069178e-6
1.195,4.159189512189233e-8,-1.0936054864689242e-6
1.196,4.1528182934710993e-8,-1.0812691216536263e-6
1.197,4.1459336341298885e-8,-1.0690709014363912e-6
1.198,4.1385495988232796e-8,-1.0570092928875114e-6
1.199,4.1306799785582354e-8,-1.0450827798887894e-6
1.2,4.122338295354501e-8,-1.0332898629520589e-6
1.201,4.113537806834147e-8,-1.0216290590396195e-6
1.202,4.104291510738258e-8,-1.0100989013865708e-6
1.203,4.094612149371888e-8,-9.986979393250202e-7
1.204,4.084512213978362e-8,-9.8742473811015e-7
1.205,4.074003949044e-8,-9.76277878748123e-7
1.206,4.0630993565343084e-8,-9.652559578258077e-7
1.207,4.051810200062701e-8,-9.543575873423041e-7
1.208,4.040148008992753e-8,-9.435813945422537e-7
1.209,4.028124082475009e-8,-9.329260217509129e-7
1.21,4.015749493419339e-8,-9.223901262109731e-7
1.211,4.003035092403828e-8,-9.119723799211095e-7
1.212,3.989991511521152e-8,-9.016714694762404e-7
1.213,3.976629168163406e-8,-8.914860959094797e-7
1.214,3.962958268746319e-8,-8.814149745357661e-7
1.215,3.948988812373774e-8,-8.714568347971488e-7
1.216,3.9347305944435525e-8,-8.616104201097178e-7
1.217,3.920193210195193e-8,-8.51874487712156e-7
1.218,3.905386058200854e-8,-8.422478085159006e-7
1.219,3.8903183438000475e-8,-8.327291669568962e-7
1.22,3.8749990824791036e-8,-8.23317360848922e-7
1.221,3.859437103196213e-8,-8.140112012384782e-7
1.222,3.843641051652877e-8,-8.048095122612151e-7
1.223,3.8276193935125846e-8,-7.957111309998887e-7
1.224,3.811380417567538e-8,-7.867149073438278e-7
1.225,3.794932238854197e-8,-7.77819703849896e-7
1.226,3.778282801718459e-8,-7.690243956049336e-7
1.227,3.761439882831225e-8,-7.603278700896647e-7
1.228,3.7444110941551147e-8,-7.517290270440533e-7
1.229,3.727203885863098e-8,-7.43226778334094e-7
1.23,3.7098255492097645e-8,-7.348200478200223e-7
1.231,3.692283219355965e-8,-7.265077712259299e-7
1.232,3.6745838781475474e-8,-7.182888960107709e-7
1.233,3.656734356848885e-8,-7.101623812407428e-7
1.234,3.638741338831905e-8,-7.021271974630297e-7
1.235,3.6206113622212906e-8,-6.941823265808945e-7
1.236,3.6023508224965433e-8,-6.863267617301014e-7
1.237,3.583965975051566e-8,-6.785595071566618e-7
1.238,3.565462937712421e-8,-6.70879578095884e-7
1.239,3.546847693213914e-8,-6.632860006527151e-7
1.24,3.5281260916356414e-8,-6.557778116833637e-7
1.241,3.5093038527981193e-8,-6.483540586781867e-7
1.242,3.490386568619623e-8,-6.41013799645829e-7
1.243,3.471379705434339e-8,-6.337561029986032e-7
1.244,3.4522886062724266e-8,-6.265800474390952e-7
1.245,3.433118493102591e-8,-6.194847218479836e-7
1.246,3.413874469037735e-8,-6.124692251730609e-7
1.247,3.3945615205042746e-8,-6.055326663194428e-7
1.248,3.375184519375678e-8,-5.98674164040953e-7
1.249,3.355748225070777e-8,-5.918928468326735e-7
1.25,3.336257286617418e-8,-5.851878528246453e-7
1.251,3.316716244681967e-8,-5.785583296767092e-7
1.252,3.297129533565224e-8,-5.720034344744747e-7
1.253,3.277501483165253e-8,-5.655223336264043e-7
1.254,3.25783632090765e-8,-5.591142027620033e-7
1.255,3.2381381736437605e-8,-5.527782266311002e-7
1.256,3.218411069517341e-8,-5.465135990042114e-7
1.257,3.198658939800159e-8,-5.403195225739732e-7
1.258,3.1788856206970186e-8,-5.341952088576337e-7
1.259,3.1590948551206894e-8,-5.28139878100593e-7
1.26,3.1392902944372085e-8,-5.221527591809794e-7
1.261,3.119475500182022e-8,-5.16233089515251e-7
1.262,3.0996539457474195e-8,-5.103801149648134e-7
1.263,3.079829018041713e-8,-5.045930897436411e-7
1.264,3.06000401912061e-8,-4.988712763268929e-7
1.265,3.0401821677912055e-8,-4.932139453605112e-7
1.266,3.02036660118903e-8,-4.876203755717934e-7
1.267,3.000560376328582e-8,-4.820898536809274e-7
1.268,2.9807664716277513e-8,-4.766216743134782e-7
1.269,2.9609877884065515e-8,-4.712151399138192e-7
1.27,2.9412271523605645e-8,-4.658695606594946e-7
1.271,2.9214873150094973e-8,-4.605842543765054e-7
1.272,2.9017709551212397e-8,-4.5535854645550895e-7
1.273,2.882080680111814e-8,-4.501917697689214e-7
1.274,2.8624190274215968e-8,-4.4508326458891484e-7
1.275,2.8427884658681835e-8,-4.4003237850629875e-7
1.276,2.8231913969762734e-8,-4.350384663502769e-7
1.277,2.8036301562849308e-8,-4.3010089010907033e-7
1.278,2.7841070146325855e-8,-4.252190188513973e-7
1.279,2.7646241794201255e-8,-4.2039222864880104e-7
1.28,2.7451837958524265e-8,-4.1561990249881635e-7
1.281,2.7257879481586633e-8,-4.1090143024896676e-7
1.282,2.7064386607917387e-8,-4.062362085215823e-7
1.283,2.687137899607165e-8,-4.0162364063943035e-7
1.284,2.6678875730217194e-8,-3.970631365521503e-7
1.285,2.6486895331522002e-8,-3.9255411276348394e-7
1.286,2.6295455769346008e-8,-3.880959922592926e-7
1.287,2.6104574472240083e-8,-3.836882044363533e-7
1.288,2.5914268338755447e-8,-3.793301850319254e-7
1.289,2.572455374806641e-8,-3.7502137605407924e-7
1.29,2.5535446570409513e-8,-3.707612257127796e-7
1.291,2.5346962177342e-8,-3.6654918835171505e-7
1.292,2.5159115451822466e-8,-3.623847243808656e-7
1.293,2.4971920798116564e-8,-3.58267300209801e-7
1.294,2.478539215153058e-8,-3.54196388181702e-7
1.295,2.459954298797562e-8,-3.5017146650809625e-7
1.296,2.4414386333365146e-8,-3.461920192043018e-7
1.297,2.4229934772848513e-8,-3.4225753602557103e-7
1.298,2.404620045988318e-8,-3.3836751240392646e-7
1.299,2.386319512514817e-8,-3.3452144938568223e-7
1.3,2.3680930085301336e-8,-3.307188535696431e-7
1.301,2.349941625158295e-8,-3.269592370459745e-7
1.302,2.3318664138268137e-8,-3.2324211733573583e-7
1.303,2.31386838709705e-8,-3.195670173310701e-7
1.304,2.295948519479945e-8,-3.159334652360438e-7
1.305,2.2781077482373536e-8,-3.123409945081283e-7
1.306,2.260346974169214e-8,-3.087891438003178e-7
1.307,2.2426670623867797e-8,-3.052774569038759e-7
1.308,2.2250688430721457e-8,-3.0180548269170436e-7
1.309,2.2075531122242853e-8,-2.9837277506232765e-7
1.31,2.1901206323918205e-8,-2.9497889288448627e-7
1.311,2.1727721333927402e-8,-2.9162339994233316e-7
1.312,2.1555083130212797e-8,-2.8830586488122555e-7
1.313,2.1383298377421688e-8,-2.85025861154107e-7
1.314,2.1212373433724562e-8,-2.8178296696847273e-7
1.315,2.1042314357511122e-8,-2.785767652339124e-7
1.316,2.087312691396609e-8,-2.7540684351022346e-7
1.317,2.070481658152676e-8,-2.7227279395609004e-7
1.318,2.0537388558224218e-8,-2.6917421327832037e-7
1.319,2.0370847767910146e-8,-2.6611070268163716e-7
1.32,2.0205198866371118e-8,-2.630818678190152e-7
1.321,2.004044624733215e-8,-2.6008731874256007e-7
1.322,1.9876594048351406e-8,-2.571266698549218e-7
1.323,1.9713646156607812e-8,-2.541995398612391e-7
1.324,1.955160621458333e-8,-2.513055517216064e-7
1.325,1.939047762564166e-8,-2.4844433260406055e-7
1.326,1.9230263559505048e-8,-2.4561551383807883e-7
1.327,1.9070966957630888e-8,-2.4281873086858575e-7
1.328,1.8912590538489778e-8,-2.4005362321046063e-7
1.329,1.8755136802746662e-8,-2.3731983440354232e-7
1.33,1.859860803834664e-8,-2.3461701196812465e-7
1.331,1.844300632550708e-8,-2.3194480736093815e-7
1.332,1.8288333541617482e-8,-2.2930287593161212e-7
1.333,1.8134591366048764e-8,-2.2669087687961254e-7
1.334,1.7981781284873338e-8,-2.2410847321165003e-7
1.335,1.782990459549756e-8,-2.2155533169955354e-7
1.336,1.767896241120796e-8,-2.1903112283860417e-7
1.337,1.75289556656327e-8,-2.1653552080632442e-7
1.338,1.7379885117119683e-8,-2.1406820342171807e-7
1.339,1.7231751353032716e-8,-2.1162885210495566e-7
1.34,1.7084554793967032e-8,-2.092171518375009e-7
1.341,1.6938295697885623e-8,-2.0683279112267307e-7
1.342,1.679297416417762e-8,-2.044754619466412e-7
1.343,1.6648590137640072e-8,-2.0214485973984467e-7
1.344,1.6505143412384406e-8,-1.9984068333883624e-7
1.345,1.636263363566883e-8,-1.9756263494854278e-7
1.346,1.6221060311657904e-8,-1.9531042010493895e-7
1.347,1.608042280511055e-8,-1.9308374763812987e-7
1.348,1.5940720344997675e-8,-1.908823296358379e-7
1.349,1.580195202805058e-8,-1.8870588140728948e-7
1.35,1.566411682224139e-8,-1.8655412144749746e-7
1.351,1.5527213570196573e-8,-1.8442677140193506e-7
1.352,1.5391240992544746e-8,-1.8232355603159678e-7
1.353,1.5256197691199837e-8,-1.8024420317844232e-7
1.354,1.5122082152580738e-8,-1.781884437312194e-7
1.355,1.4988892750768508e-8,-1.7615601159166135e-7
1.356,1.4856627750602171e-8,-1.7414664364105524e-7
1.357,1.4725285310714209e-8,-1.7216007970717698e-7
1.358,1.4594863486506718e-8,-1.7019606253158897e-7
1.359,1.446536023306928e-8,-1.682543377372966e-7
1.36,1.433677340803953e-8,-1.663346537967598e-7
1.361,1.4209100774407411e-8,-1.6443676200025558e-7
1.362,1.4082340003264064e-8,-1.6256041642458794e-7
1.363,1.395648867649633e-8,-1.607053739021414e-7
1.364,1.3831544289427761e-8,-1.588713939902742e-7
1.365,1.3707504253407117e-8,-1.5705823894104788e-7
1.366,1.358436589834517e-8,-1.552656736712893e-7
1.367,1.3462126475200805e-8,-1.534934657329814e-7
1.368,1.3340783158417214e-8,-1.517413852839798e-7
1.369,1.3220333048309089e-8,-1.5000920505905064e-7
1.37,1.3100773173401635e-8,-1.4829670034122737e-7
1.371,1.2982100492722279e-8,-1.46603648933482e-7
1.372,1.2864311898045846e-8,-1.4492983113070805e-7
1.373,1.2747404216094048e-8,-1.4327502969201164e-7
1.374,1.263137421069007e-8,-1.416390298133073e-7
1.375,1.2516218584869027e-8,-1.4002161910021533e-7
1.376,1.2401933982945077e-8,-1.3842258754125713e-7
1.377,1.2288516992535942e-8,-1.3684172748134592e-7
1.378,1.2175964146545575e-8,-1.352788335955689e-7
1.379,1.2064271925105716e-8,-1.3373370286325808e-7
1.38,1.1953436757477063e-8,-1.3220613454234664e-7
1.381,1.1843455023910749e-8,-1.3069593014400778e-7
1.382,1.1734323057470851e-8,-1.2920289340757254e-7
1.383,1.1626037145818586e-8,-1.277268302757242e-7
1.384,1.1518593532958904e-8,-1.262675488699659e-7
1.385,1.1411988420950114e-8,-1.2482485946635845e-7
1.386,1.1306217971577223e-8,-1.233985744715256e-7
1.387,1.1201278307989605e-8,-1.2198850839892378e-7
1.388,1.1097165516303662e-8,-1.205944778453733e-7
1.389,1.0993875647171075e-8,-1.1921630146784852e-7
1.39,1.0891404717313274e-8,-1.1785379996052365e-7
1.391,1.078974871102273e-8,-1.16506796032072e-7
1.392,1.0688903581631639e-8,-1.1517511438321539e-7
1.393,1.0588865252948628e-8,-1.1385858168452129e-7
1.394,1.0489629620664005e-8,-1.1255702655444497e-7
1.395,1.0391192553724147e-8,-1.1127027953761394e-7
1.396,1.0293549895675586e-8,-1.0999817308335194e-7
1.397,1.0196697465979317e-8,-1.087405415244402e-7
1.398,1.0100631061295885e-8,-1.0749722105611288e-7
1.399,1.0005346456741768e-8,-1.0626804971528473e-7
1.4,9.910839407117582e-9,-1.050528673600079e-7
1.401,9.817105648108614e-9,-1.0385151564915571e-7
1.402,9.724140897458203e-9,-1.0266383802233089e-7
1.403,9.631940856114423e-9,-1.0148967967999574e-7
1.404,9.54050120935061e-9,-1.0032888756382175e-7
1.405,9.449817627860168e-9,-9.918131033725656e-8
1.406,9.359885768826133e-9,-9.804679836630551e-8
1.407,9.270701276965991e-9,-9.692520370052573e-8
1.408,9.182259785552143e-9,-9.581638005423032e-8
1.409,9.094556917408533e-9,-9.472018278790034e-8
1.41,9.007588285883817e-9,-9.36364688898024e-8
1.411,8.921349495801564e-9,-9.256509695780948e-8
1.412,8.835836144387861e-9,-9.150592718142293e-8
1.413,8.751043822176783e-9,-9.045882132399325e-8
1.414,8.666968113894114e-9,-8.942364270513774e-8
1.415,8.58360459931973e-9,-8.840025618335256e-8
1.416,8.50094885412906e-9,-8.738852813881733e-8
1.417,8.41899645071397e-9,-8.638832645639002e-8
1.418,8.337742958983525e-9,-8.539952050879014e-8
1.419,8.257183947144934e-9,-8.442198113996808e-8
1.42,8.177314982465105e-9,-8.345558064865861e-8
1.421,8.098131632013143e-9,-8.250019277211663e-8
1.422,8.019629463384175e-9,-8.155569267003287e-8
1.423,7.941804045404827e-9,-8.062195690862796e-8
1.424,7.864650948820735e-9,-7.969886344492265e-8
1.425,7.788165746966403e-9,-7.878629161118231e-8
1.426,7.712344016417762e-9,-7.788412209953388e-8
1.427,7.637181337627745e-9,-7.699223694675324e-8
1.428,7.56267329554522e-9,-7.611051951922135e-8
1.429,7.488815480217594e-9,-7.523885449804701e-8
1.43,7.415603487377386e-9,-7.43771278643547e-8
1.431,7.343032919013115e-9,-7.352522688473553e-8
1.432,7.271099383924759e-9,-7.268304009685958e-8
1.433,7.199798498264126e-9,-7.185045729524781e-8
1.434,7.1291258860604e-9,-7.102736951720178e-8
1.435,7.0590771797311736e-9,-7.021366902888957e-8
1.436,6.989648020579226e-9,-6.9409249311586e-8
1.437,6.920834059275348e-9,-6.861400504806572e-8
1.438,6.8526309563274735e-9,-6.782783210914707e-8
1.439,6.785034382536393e-9,-6.70506275403856e-8
1.44,6.718040019438309e-9,-6.628228954891508e-8
1.441,6.651643559734494e-9,-6.552271749043483e-8
1.442,6.585840707708314e-9,-6.47718118563414e-8
1.443,6.520627179629858e-9,-6.402947426100325e-8
1.444,6.4559987041484245e-9,-6.329560742917674e-8
1.445,6.3919510226731095e-9,-6.257011518356197e-8
1.446,6.328479889741733e-9,-6.185290243249686e-8
1.447,6.2655810733783394e-9,-6.114387515778791e-8
1.448,6.203250355439491e-9,-6.044294040267631e-8
1.449,6.141483531949603e-9,-5.975000625993775e-8
1.45,6.080276413425522e-9,-5.906498186011444e-8
1.451,6.019624825190574e-9,-5.8387777359878145e-8
1.452,5.959524607678297e-9,-5.771830393052239e-8
1.453,5.8999716167260676e-9,-5.705647374658279e-8
1.454,5.840961723858831e-9,-5.640219997458385e-8
1.455,5.7824908165631356e-9,-5.5755396761911025e-8
1.456,5.724554798551666e-9,-5.511597922580643e-8
1.457,5.667149590018492e-9,-5.44838634424871e-8
1.458,5.610271127885198e-9,-5.385896643638428e-8
1.459,5.553915366038106e-9,-5.324120616950245e-8
1.46,5.498078275556761e-9,-5.263050153089679e-8
1.461,5.44275584493388e-9,-5.2026772326267774e-8
1.462,5.387944080286925e-9,-5.1429939267671585e-8
1.463,5.333639005561491e-9,-5.083992396334507e-8
1.464,5.2798366627266775e-9,-5.025664890764406e-8
1.465,5.226533111962611e-9,-4.968003747109362e-8
1.466,5.17372443184029e-9,-4.9110013890549214e-8
1.467,5.121406719493919e-9,-4.854650325946741e-8
1.468,5.069576090785881e-9,-4.798943151828497e-8
1.469,5.018228680464528e-9,-4.7438725444905135e-8
1.47,4.967360642314922e-9,-4.6894312645289905e-8
1.471,4.916968149302696e-9,-4.6356121544157157e-8
1.472,4.867047393711178e-9,-4.582408137578145e-8
1.473,4.817594587271928e-9,-4.529812217489735e-8
1.474,4.768605961288834e-9,-4.477817476770416e-8
1.475,4.720077766755901e-9,-4.426417076297094e-8
1.476,4.672006274468887e-9,-4.3756042543240714e-8
1.477,4.624387775130912e-9,-4.325372325613273e-8
1.478,4.5772185794521756e-9,-4.275714680574173e-8
1.479,4.530495018243924e-9,-4.226624784413319e-8
1.48,4.484213442506782e-9,-4.1780961762933335e-8
1.481,4.438370223513596e-9,-4.13012246850131e-8
1.482,4.392961752886891e-9,-4.082697345626473e-8
1.483,4.34798444267109e-9,-4.0358145637470306e-8
1.484,4.303434725399588e-9,-3.9894679496260816e-8
1.485,4.259309054156829e-9,-3.943651399916519e-8
1.486,4.215603902635472e-9,-3.8983588803747904e-8
1.487,4.172315765188791e-9,-3.8535844250834426e-8
1.488,4.129441156878394e-9,-3.809322135682349e-8
1.489,4.086976613517385e-9,-3.765566180608516e-8
1.49,4.044918691709075e-9,-3.7223107943443785e-8
1.491,4.003263968881351e-9,-3.679550276674493e-8
1.492,3.9620090433167965e-9,-3.6372789919505344e-8
1.493,3.9211505341786744e-9,-3.5954913683644946e-8
1.494,3.880685081532877e-9,-3.554181897230013e-8
1.495,3.840609346365919e-9,-3.513345132271725e-8
1.496,3.800920010599106e-9,-3.472975688922561e-8
1.497,3.761613777098934e-9,-3.433068243628889e-8
1.498,3.7226873696838443e-9,-3.393617533163431e-8
1.499,3.6841375331274036e-9,-3.3546183539458545e-8
1.5,3.645961033158013e-9,-3.316065561370961e-8
1.501,3.6081546564552232e-9,-3.277954069144385e-8
1.502,3.57071521064275e-9,-3.240278848625719e-8
1.503,3.5336395242782697e-9,-3.2030349281789854e-8
1.504,3.4969244468400742e-9,-3.166217392530372e-8
1.505,3.4605668487106794e-9,-3.129821382133152e-8
1.506,3.424563621157451e-9,-3.0938420925397025e-8
1.507,3.388911676310336e-9,-3.058274773780557e-8
1.508,3.353607947136775e-9,-3.0231147297503956e-8
1.509,3.318649387413865e-9,-2.988357317600911e-8
1.51,3.284032971697857e-9,-2.953997947140469e-8
1.511,3.249755695291047e-9,-2.9200320802404832e-8
1.512,3.2158145742061425e-9,-2.8864552302484366e-8
1.513,3.182206645128171e-9,-2.8532629614074745e-8
1.514,3.1489289653739945e-9,-2.8204508882824922e-8
1.515,3.1159786128495024e-9,-2.7880146751926492e-8
1.516,3.0833526860045434e-9,-2.7559500356502393e-8
1.517,3.051048303785667e-9,-2.72425273180584e-8
1.518,3.0190626055867283e-9,-2.6929185738996812e-8
1.519,2.98739275119743e-9,-2.661943419719153e-8
1.52,2.956035920749847e-9,-2.631323174062395e-8
1.521,2.92498931466301e-9,-2.6010537882078907e-8
1.522,2.89425015358559e-9,-2.5711312593900077e-8
1.523,2.8638156783367523e-9,-2.5415516302804116e-8
1.524,2.8336831498452302e-9,-2.512310988475292e-8
1.525,2.803849849086675e-9,-2.4834054659883363e-8
1.526,2.774313077019335e-9,-2.454831238749384e-8
1.527,2.7450701545181163e-9,-2.4265845261087014e-8
1.528,2.716118422307078e-9,-2.3986615903468137e-8
1.529,2.68745524089041e-9,-2.3710587361898328e-8
1.53,2.659077990481944e-9,-2.3437723103302175e-8
1.531,2.630984070933249e-9,-2.31679870095291e-8
1.532,2.6031709016603493e-9,-2.2901343372667843e-8
1.533,2.575635921569127e-9,-2.263775689041351e-8
1.534,2.5483765889794367e-9,-2.2377192661486573e-8
1.535,2.5213903815479913e-9,-2.2119616181103273e-8
1.536,2.494674796190055e-9,-2.1864993336496827e-8
1.537,2.4682273489999873e-9,-2.1613290402488893e-8
1.538,2.4420455751706818e-9,-2.1364474037110705e-8
1.539,2.4161270289119397e-9,-2.1118511277273385e-8
1.54,2.3904692833678162e-9,-2.0875369534486804e-8
1.541,2.365069930532982e-9,-2.0635016590626533e-8
1.542,2.3399265811681385e-9,-2.0397420593748267e-8
1.543,2.315036864714518e-9,-2.0162550053949274e-8
1.544,2.2903984292075164e-9,-1.993037383927628e-8
1.545,2.2660089411894853e-9,-1.9700861171679322e-8
1.546,2.241866085621721e-9,-1.9473981623011014e-8
1.547,2.2179675657956896e-9,-1.924970511107075e-8
1.548,2.194311103243514e-9,-1.9028001895693353e-8
1.549,2.1708944376477627e-9,-1.8808842574881608e-8
1.55,2.1477153267505692e-9,-1.8592198080982294e-8
1.551,2.1247715462621135e-9,-1.8378039676905142e-8
1.552,2.1020608897684996e-9,-1.8166338952384272e-8
1.553,2.0795811686390542e-9,-1.7957067820281666e-8
1.554,2.057330211933081e-9,-1.775019851293213e-8
1.555,2.0353058663060964e-9,-1.754570357852939e-8
1.556,2.0135059959155773e-9,-1.734355587755276e-8
1.557,1.9919284823262453e-9,-1.7143728579233976e-8
1.558,1.9705712244149163e-9,-1.694619515806379e-8
1.559,1.9494321382749446e-9,-1.6750929390337792e-8
1.56,1.92850915712028e-9,-1.655790535074108e-8
1.561,1.9078002311891718e-9,-1.636709740897134e-8
1.562,1.887303327647536e-9,-1.6178480226399898e-8
1.563,1.867016430492018e-9,-1.5992028752770308e-8
1.564,1.846937540452765e-9,-1.5807718222934093e-8
1.565,1.8270646748959427e-9,-1.5625524153623193e-8
1.566,1.8073958677260044e-9,-1.5445422340258703e-8
1.567,1.7879291692877483e-9,-1.526738885379554e-8
1.568,1.7686626462681759e-9,-1.5091400037602606e-8
1.569,1.7495943815981727e-9,-1.4917432504378017e-8
1.57,1.7307224743540377e-9,-1.4745463133099104e-8
1.571,1.7120450396588727e-9,-1.4575469066006702e-8
1.572,1.69356020858386e-9,-1.4407427705623378e-8
1.573,1.675266128049438e-9,-1.4241316711805235e-8
1.574,1.657160960726403e-9,-1.4077113998826903e-8
1.575,1.6392428849369458e-9,-1.3914797732499335e-8
1.576,1.6215100945556483e-9,-1.3754346327320058e-8
1.577,1.6039607989104527e-9,-1.3595738443655523e-8
1.578,1.5865932226836207e-9,-1.3438952984955155e-8
1.579,1.5694056058127017e-9,-1.3283969094996813e-8
1.58,1.552396203391521e-9,-1.313076615516324e-8
1.581,1.5355632855712086e-9,-1.2979323781749207e-8
1.582,1.518905137461281e-9,-1.282962182329899e-8
1.583,1.5024200590307887e-9,-1.2681640357973837e-8
1.584,1.4861063650095502e-9,-1.253535969094909e-8
1.585,1.469962384789478e-9,-1.2390760351840643e-8
1.586,1.4539864623260166e-9,-1.2247823092160387e-8
1.587,1.438176956039704e-9,-1.210652888280035e-8
1.588,1.422532238717868e-9,-1.1966858911545157e-8
1.589,1.407050697416471e-9,-1.182879458061257e-8
1.59,1.3917307333621145e-9,-1.1692317504221702e-8
1.591,1.376570761854219e-9,-1.1557409506188693e-8
1.592,1.3615692121673845e-9,-1.1424052617549451e-8
1.593,1.3467245274539476e-9,-1.1292229074209218e-8
1.594,1.3320351646467436e-9,-1.116192131461863e-8
1.595,1.3174995943620872e-9,-1.1033111977475987e-8
1.596,1.3031163008029773e-9,-1.090578389945543e-8
1.597,1.2888837816625403e-9,-1.0779920112960741e-8
1.598,1.2748005480277195e-9,-1.0655503843904487e-8
1.599,1.2608651242832198e-9,-1.0532518509512198e-8
1.6,1.2470760480157174e-9,-1.0410947716151333e-8
1.601,1.2334318699183445e-9,-1.0290775257184727e-8
1.602,1.219931153695455e-9,-1.0171985110848266e-8
1.603,1.2065724759676804e-9,-1.0054561438152499e-8
1.604,1.1933544261772873e-9,-9.938488580807942e-9
1.605,1.1802756064938373e-9,-9.823751059173784e-9
1.606,1.1673346317201646e-9,-9.710333570229751e-9
1.607,1.1545301291986739e-9,-9.59822098557086e-9
1.608,1.1418607387179648e-9,-9.487398349424808e-9
1.609,1.1293251124197955e-9,-9.377850876691743e-9
1.61,1.1169219147063844e-9,-9.269563951006165e-9
1.611,1.1046498221480635e-9,-9.16252312282071e-9
1.612,1.0925075233912835e-9,-9.056714107511572e-9
1.613,1.0804937190669817e-9,-8.952122783505318e-9
1.614,1.0686071216993155e-9,-8.848735190426855e-9
1.615,1.0568464556147666e-9,-8.74653752726832e-9
1.616,1.0452104568516244e-9,-8.645516150578648e-9
1.617,1.0336978730698504e-9,-8.545657572673593e-9
1.618,1.0223074634613296e-9,-8.446948459865964e-9
1.619,1.011037998660517e-9,-8.349375630715868e-9
1.62,9.998882606554753e-10,-8.252926054300707e-9
1.621,9.88857042699321e-10,-8.157586848504733e-9
1.622,9.779431492220687e-10,-8.063345278327931e-9
1.623,9.671453957428894e-10,-7.970188754214006e-9
1.624,9.564626087827815e-10,-7.87810483039728e-9
1.625,9.458936257776576e-10,-7.787081203268257e-9
1.626,9.354372949918528e-10,-7.697105709757677e-9
1.627,9.250924754320566e-10,-7.608166325738834e-9
1.628,9.148580367616738e-10,-7.520251164447949e-9
1.629,9.047328592156131e-10,-7.43334847492241e-9
1.63,8.947158335155114e-10,-7.347446640456674e-9
1.631,8.848058607853934e-10,-7.262534177075616e-9
1.632,8.750018524677703e-10,-7.1785997320251584e-9
1.633,8.653027302401794e-10,-7.095632082279958e-9
1.634,8.557074259321689e-10,-7.013620133067979e-9
1.635,8.462148814427271e-10,-6.932552916411753e-9
1.636,8.368240486581612e-10,-6.852419589686135e-9
1.637,8.275338893704257e-10,-6.773209434192389e-9
1.638,8.183433751959028e-10,-6.694911853748389e-9
1.639,8.092514874946376e-10,-6.617516373294783e-9
1.64,8.002572172900279e-10,-6.541012637516925e-9
1.641,7.913595651889714e-10,-6.4653904094824005e-9
1.642,7.82557541302472e-10,-6.390639569293973e-9
1.643,7.738501651667046e-10,-6.316750112757772e-9
1.644,7.652364656645427e-10,-6.243712150066567e-9
1.645,7.567154809475468e-10,-6.1715159044979254e-9
1.646,7.482862583584161e-10,-6.100151711127132e-9
1.647,7.399478543539049e-10,-6.02961001555466e-9
1.648,7.316993344282033e-10,-5.9598813726480574e-9
1.649,7.235397730367835e-10,-5.890956445298082e-9
1.65,7.15468253520712e-10,-5.822826003188915e-9
1.651,7.074838680314294e-10,-5.755480921582301e-9
1.652,6.99585717455996e-10,-5.688912180115467e-9
1.653,6.917729113428058e-10,-5.6231108616126446e-9
1.654,6.840445678277679e-10,-5.558068150910056e-9
1.655,6.763998135609554e-10,-5.49377533369422e-9
1.656,6.688377836337229e-10,-5.430223795353405e-9
1.657,6.613576215062918e-10,-5.367405019842101e-9
1.658,6.539584789358029e-10,-5.305310588558355e-9
1.659,6.466395159048378e-10,-5.243932179233829e-9
1.66,6.393999005504075e-10,-5.183261564836433e-9
1.661,6.322388090934075e-10,-5.123290612485395e-9
1.662,6.251554257685414e-10,-5.064011282378625e-9
1.663,6.181489427547099e-10,-5.00541562673224e-9
1.664,6.112185601058663e-10,-4.947495788732102e-9
1.665,6.043634856823373e-10,-4.8902440014972485e-9
1.666,5.975829350826097e-10,-4.83365258705507e-9
1.667,5.908761315755794e-10,-4.777713955328104e-9
1.668,5.842423060332662e-10,-4.722420603132323e-9
1.669,5.776806968639904e-10,-4.667765113186772e-9
1.67,5.711905499460104e-10,-4.613740153134442e-9
1.671,5.647711185616233e-10,-4.560338474574245e-9
1.672,5.584216633317245e-10,-4.507552912103968e-9
1.673,5.521414521508257e-10,-4.455376382374081e-9
1.674,5.459297601225332e-10,-4.403801883152275e-9
1.675,5.397858694954811e-10,-4.352822492398614e-9
1.676,5.337090695997213e-10,-4.302431367351179e-9
1.677,5.276986567835683e-10,-4.252621743622083e-9
1.678,5.21753934350897e-10,-4.2033869343037406e-9
1.679,5.158742124988934e-10,-4.154720329085282e-9
1.68,5.100588082562553e-10,-4.1066153933789906e-9
1.681,5.043070454218435e-10,-4.059065667456656e-9
1.682,4.986182545037805e-10,-4.012064765595724e-9
1.683,4.929917726589965e-10,-3.96560637523514e-9
1.684,4.874269436332199e-10,-3.919684256140773e-9
1.685,4.819231177014125e-10,-3.8742922395803145e-9
1.686,4.764796516086466e-10,-3.829424227507538e-9
1.687,4.710959085114222e-10,-3.7850741917558285e-9
1.688,4.657712579194249e-10,-3.741236173240856e-9
1.689,4.6050507563771916e-10,-3.6979042811723112e-9
1.69,4.552967437093792e-10,-3.6550726922745888e-9
1.691,4.501456503585531e-10,-3.6127356500163165e-9
1.692,4.450511899339597e-10,-3.5708874638486407e-9
1.693,4.400127628528159e-10,-3.5295225084521542e-9
1.694,4.350297755451933e-10,-3.4886352229923845e-9
1.695,4.3010164039880157e-10,-3.448220110383733e-9
1.696,4.2522777570419726e-10,-3.40827173656178e-9
1.697,4.2040760560041647e-10,-3.3687847297638505e-9
1.698,4.156405600210284e-10,-3.329753779817757e-9
1.699,4.109260746406095e-10,-3.2911736374386232e-9
1.7,4.062635908216349e-10,-3.2530391135336946e-9
1.701,4.0165255556178567e-10,-3.215345078515049e-9
1.702,3.970924214416708e-10,-3.1780864616201193e-9
1.703,3.925826465729603e-10,-3.1412582502399343e-9
1.704,3.881226945469289e-10,-3.1048554892549976e-9
1.705,3.837120343834078e-10,-3.0688732803787103e-9
1.706,3.7935014048014215e-10,-3.0333067815082616e-9
1.707,3.7503649256255286e-10,-2.998151206082892e-9
1.708,3.7077057563390017e-10,-2.963401822449458e-9
1.709,3.6655187992584754e-10,-2.9290539532352047e-9
1.71,3.6237990084942274e-10,-2.8951029747276683e-9
1.711,3.582541389463754e-10,-2.861544316261636e-9
1.712,3.54174099840928e-10,-2.8283734596130684e-9
1.713,3.501392941919183e-10,-2.7955859383999187e-9
1.714,3.4614923764533155e-10,-2.7631773374897646e-9
1.715,3.4220345078721986e-10,-2.7311432924141764e-9
1.716,3.3830145909700694e-10,-2.699479488789746e-9
1.717,3.3444279290117574e-10,-2.668181661745702e-9
1.718,3.3062698732733757e-10,-2.637245595358034e-9
1.719,3.2685358225867915e-10,-2.6066671220900563e-9
1.72,3.2312212228878725e-10,-2.5764421222393336e-9
1.721,3.1943215667684703e-10,-2.546566523390899e-9
1.722,3.1578323930321307e-10,-2.5170362998766966e-9
1.723,3.121749286253506e-10,-2.4878474722411697e-9
1.724,3.0860678763414423e-10,-2.4589961067129345e-9
1.725,3.0507838381057305e-10,-2.430478314682462e-9
1.726,3.015892890827485e-10,-2.402290252185708e-9
1.727,2.981390797833144e-10,-2.3744281193936182e-9
1.728,2.9472733660720546e-10,-2.346888160107441e-9
1.729,2.9135364456976324e-10,-2.319666661259791e-9
1.73,2.880175929652065e-10,-2.292759952421386e-9
1.731,2.8471877532545426e-10,-2.2661644053134043e-9
1.732,2.8145678937929923e-10,-2.2398764333253876e-9
1.733,2.7823123701192917e-10,-2.21389249103864e-9
1.734,2.750417242247943e-10,-2.188209073755047e-9
1.735,2.7188786109581843e-10,-2.1628227170312627e-9
1.736,2.6876926173995147e-10,-2.1377299962182037e-9
1.737,2.656855442700613e-10,-2.112927526005782e-9
1.738,2.626363307581626e-10,-2.0884119599728257e-9
1.739,2.5962124719698064e-10,-2.0641799901421265e-9
1.74,2.566399234618478e-10,-2.0402283465405553e-9
1.741,2.536919932729303e-10,-2.0165537967641844e-9
1.742,2.507770941577832e-10,-1.9931531455483696e-9
1.743,2.4789486741423164e-10,-1.9700232343427254e-9
1.744,2.45044958073576e-10,-1.947160940890945e-9
1.745,2.422270148641182e-10,-1.9245631788154045e-9
1.746,2.394406901750078e-10,-1.902226897206506e-9
1.747,2.3668564002040557e-10,-1.880149080216692e-9
1.748,2.339615240039617e-10,-1.8583267466590948e-9
1.749,2.3126800528360712e-10,-1.8367569496107516e-9
1.75,2.286047505366556e-10,-1.8154367760203479e-9
1.751,2.2597142992521432e-10,-1.7943633463204287e-9
1.752,2.233677170619007e-10,-1.7735338140440302e-9
1.753,2.207932889758638e-10,-1.7529453654456814e-9
1.754,2.1824782607910734e-10,-1.7325952191267264e-9
1.755,2.1573101213311288e-10,-1.7124806256649184e-9
1.756,2.132425342157609e-10,-1.6925988672482357e-9
1.757,2.107820826885471e-10,-1.6729472573128724e-9
1.758,2.0834935116409258e-10,-1.6535231401853594e-9
1.759,2.0594403647394507e-10,-1.6343238907287626e-9
1.76,2.0356583863666966e-10,-1.615346913992918e-9
1.761,2.012144608262265e-10,-1.5965896448686552e-9
1.762,1.988896093406335e-10,-1.5780495477459639e-9
1.763,1.9659099357091203e-10,-1.5597241161760592e-9
1.764,1.9431832597031335e-10,-1.5416108725373016e-9
1.765,1.920713220238239e-10,-1.523707367704928e-9
1.766,1.8984970021794702e-10,-1.5060111807245498e-9
1.767,1.8765318201075953e-10,-1.4885199184893755e-9
1.768,1.8548149180224055e-10,-1.4712312154211158e-9
1.769,1.83334356904871e-10,-1.4541427331545309e-9
1.77,1.8121150751450136e-10,-1.4372521602255745e-9
1.771,1.791126766814858e-10,-1.420557211763098e-9
1.772,1.7703760028208087e-10,-1.4040556291840723e-9
1.773,1.7498601699010615e-10,-1.387745179892288e-9
1.774,1.729576682488654e-10,-1.371623656980493e-9
1.775,1.7095229824332612e-10,-1.355688878935931e-9
1.776,1.689696538725551e-10,-1.339938689349241e-9
1.777,1.670094847224085e-10,-1.3243709566266778e-9
1.778,1.6507154303847418e-10,-1.3089835737056192e-9
1.779,1.6315558369926442e-10,-1.2937744577733208e-9
1.78,1.6126136418965688e-10,-1.2787415499888802e-9
1.781,1.593886445745823e-10,-1.2638828152083771e-9
1.782,1.5753718747295633e-10,-1.2491962417131514e-9
1.783,1.5570675803185418e-10,-1.2346798409411823e-9
1.784,1.5389712390092584e-10,-1.2203316472215365e-9
1.785,1.5210805520704995e-10,-1.2061497175118492e-9
1.786,1.5033932452922451e-10,-1.1921321311388003e-9
1.787,1.4859070687369262e-10,-1.1782769895415583e-9
1.788,1.4686197964930104e-10,-1.1645824160181514e-9
1.789,1.4515292264309018e-10,-1.1510465554747367e-9
1.79,1.4346331799611295e-10,-1.1376675741777344e-9
1.791,1.4179295017948164e-10,-1.1244436595087915e-9
1.792,1.4014160597063977e-10,-1.111373019722546e-9
1.793,1.3850907442985812e-10,-1.0984538837071582e-9
1.794,1.368951468769525e-10,-1.0856845007475782e-9
1.795,1.3529961686822154e-10,-1.0730631402915176e-9
1.796,1.3372228017360303e-10,-1.0605880917180962e-9
1.797,1.3216293475404656e-10,-1.0482576641091315e-9
1.798,1.306213807391008e-10,-1.0360701860230425e-9
1.799,1.29097420404714e-10,-1.0240240052713364e-9
1.8,1.2759085815124544e-10,-1.0121174886976517e-9
1.801,1.2610150048168627e-10,-1.000349021959324e-9
1.802,1.2462915598008823e-10,-9.887170093114511e-10
1.803,1.2317363529019805e-10,-9.77219873393425e-10
1.804,1.2173475109429625e-10,-9.658560550179038e-10
1.805,1.2031231809223832e-10,-9.546240129621973e-10
1.806,1.1890615298069673e-10,-9.435222237620365e-10
1.807,1.1751607443260212e-10,-9.325491815077014e-10
1.808,1.161419030767817e-10,-9.217033976424804e-10
1.809,1.1478346147779359e-10,-9.109834007634323e-10
1.81,1.1344057411595514e-10,-9.003877364244289e-10
1.811,1.1211306736756368e-10,-8.899149669414484e-10
1.812,1.1080076948530814e-10,-8.795636712000957e-10
1.813,1.0950351057886961e-10,-8.693324444653249e-10
1.814,1.0822112259570975e-10,-8.592198981933367e-10
1.815,1.0695343930204484e-10,-8.492246598456283e-10
1.816,1.0570029626400428e-10,-8.393453727051705e-10
1.817,1.0446153082897184e-10,-8.295806956946861e-10
1.818,1.0323698210710801e-10,-8.199293031970089e-10
1.819,1.0202649095305197e-10,-8.103898848774971e-10
1.82,1.0082989994780158e-10,-8.009611455084779e-10
1.821,9.96470533807698e-11,-7.916418047957016e-10
1.822,9.847779723201618e-11,-7.824305972067816e-10
1.823,9.73219791546517e-11,-7.733262718015957e-10
1.824,9.617944845741536e-11,-7.643275920646309e-10
1.825,9.505005608742149e-11,-7.554333357392446e-10
1.826,9.393365461307567e-11,-7.466422946638235e-10
1.827,9.283009820715817e-11,-7.379532746098176e-10
1.828,9.173924263007333e-11,-7.293650951216282e-10
1.829,9.066094521326351e-11,-7.208765893583283e-10
1.83,8.959506484278576e-11,-7.124866039371945e-10
1.831,8.854146194305045e-11,-7.041939987790308e-10
1.832,8.749999846071977e-11,-6.959976469552628e-10
1.833,8.6470537848765e-11,-6.878964345367821e-10
1.834,8.545294505068121e-11,-6.798892604445218e-10
1.835,8.444708648485763e-11,-6.719750363017429e-10
1.836,8.345283002910275e-11,-6.641526862880113e-10
1.837,8.247004500532244e-11,-6.564211469948482e-10
1.838,8.149860216434976e-11,-6.487793672830322e-10
1.839,8.053837367092529e-11,-6.412263081415365e-10
1.84,7.958923308882637e-11,-6.337609425480811e-10
1.841,7.865105536614408e-11,-6.263822553312828e-10
1.842,7.772371682070661e-11,-6.190892430343829e-10
1.843,7.680709512564757e-11,-6.118809137805375e-10
1.844,7.590106929511808e-11,-6.04756287139649e-10
1.845,7.500551967014128e-11,-5.977143939967252e-10
1.846,7.412032790460788e-11,-5.907542764217443e-10
1.847,7.324537695141169e-11,-5.838749875410125e-10
1.848,7.238055104872349e-11,-5.770755914099952e-10
1.849,7.152573570640242e-11,-5.70355162887604e-10
1.85,7.068081769254328e-11,-5.637127875119263e-10
1.851,6.98456850201586e-11,-5.571475613773767e-10
1.852,6.90202269339944e-11,-5.506585910132582e-10
1.853,6.820433389747809e-11,-5.442449932637134e-10
1.854,6.739789757979762e-11,-5.379058951690526e-10
1.855,6.660081084311052e-11,-5.316404338484422e-10
1.856,6.58129677298816e-11,-5.254477563839361e-10
1.857,6.503426345034812e-11,-5.193270197058387e-10
1.858,6.426459437011148e-11,-5.1327739047938e-10
1.859,6.350385799785378e-11,-5.07298044992691e-10
1.86,6.275195297317871e-11,-5.013881690460625e-10
1.861,6.2008779054575e-11,-4.955469578424747e-10
1.862,6.127423710750181e-11,-4.897736158793805e-10
1.863,6.05482290925945e-11,-4.840673568417302e-10
1.864,5.983065805399e-11,-4.784274034962235e-10
1.865,5.912142810777035e-11,-4.728529875867728e-10
1.866,5.842044443052369e-11,-4.673433497311661e-10
1.867,5.7727613248021126e-11,-4.618977393189152e-10
1.868,5.7042841824008824e-11,-4.5651541441027424e-10
1.869,5.6366038449113916e-11,-4.511956416364179e-10
1.87,5.569711242986341e-11,-4.4593769610076345e-10
1.871,5.503597407781484e-11,-4.407408612814251e-10
1.872,5.43825346987977e-11,-4.356044289347872e-10
1.873,5.3736706582264645e-11,-4.305276990001835e-10
1.874,5.309840299075126e-11,-4.2550997950567007e-10
1.875,5.246753814944362e-11,-4.2055058647487914e-10
1.876,5.184402723585239e-11,-4.1564884383494163e-10
1.877,5.1227786369592565e-11,-4.108040833254659e-10
1.878,5.061873260226785e-11,-4.060156444085616e-10
1.879,5.001678390745865e-11,-4.012828741798949e-10
1.88,4.9421859170812663e-11,-3.966051272807652e-10
1.881,4.883387818023719e-11,-3.919817658111906e-10
1.882,4.825276161619209e-11,-3.8741215924399085e-10
1.883,4.767843104208245e-11,-3.828956843398559e-10
1.884,4.711080889475006e-11,-3.7843172506339004e-10
1.885,4.654981847506267e-11,-3.7401967250011917e-10
1.886,4.5995383938600174e-11,-3.696589247744506e-10
1.887,4.544743028643673e-11,-3.6534888696857496e-10
1.888,4.490588335601787e-11,-3.610889710422988e-10
1.889,4.4370669812131796e-11,-3.568785957537976e-10
1.89,4.3841717137973846e-11,-3.5271718658127875e-10
1.891,4.331895362630328e-11,-3.4860417564554344e-10
1.892,4.280230837069148e-11,-3.445390016334383e-10
1.893,4.229171125686067e-11,-3.405211097221856e-10
1.894,4.178709295411236e-11,-3.3654995150458237e-10
1.895,4.12883849068445e-11,-3.326249849150585e-10
1.896,4.0795519326156594e-11,-3.2874567415658415e-10
1.897,4.030842918154191e-11,-3.249114896284163e-10
1.898,3.98270481926659e-11,-3.211219078546754e-10
1.899,3.935131082123001e-11,-3.1737641141374206e-10
1.9,3.888115226292004e-11,-3.13674488868465e-10
1.901,3.8416508439438274e-11,-3.1001563469717034e-10
1.902,3.795731599061849e-11,-3.0639934922546374e-10
1.903,3.7503512266623076e-11,-3.0282513855881556e-10
1.904,3.705503532022148e-11,-2.9929251451592087e-10
1.905,3.661182389914915e-11,-2.958009945628249e-10
1.906,3.6173817438546186e-11,-2.9235010174780514e-10
1.907,3.574095605347493e-11,-2.8893936463700197e-10
1.908,3.531318053151575e-11,-2.855683172507888e-10
1.909,3.489043232544017e-11,-2.8223649900087317e-10
1.91,3.447265354596063e-11,-2.7894345462812075e-10
1.911,3.4059786954556225e-11,-2.7568873414109407e-10
1.912,3.36517759563734e-11,-2.7247189275529714e-10
1.913,3.32485645932012e-11,-2.6929249083311877e-10
1.914,3.2850097536520066e-11,-2.6615009382446583e-10
1.915,3.2456320080623593e-11,-2.6304427220807913e-10
1.916,3.2067178135812515e-11,-2.599746014335233e-10
1.917,3.1682618221660125e-11,-2.569406618638444e-10
1.918,3.130258746034854e-11,-2.539420387188856e-10
1.919,3.092703357007497e-11,-2.5097832201925573e-10
1.92,3.0555904858527413e-11,-2.480491065309407e-10
1.921,3.018915021642908e-11,-2.451539917105527e-10
1.922,2.9826719111150735e-11,-2.4229258165120865e-10
1.923,2.946856158039043e-11,-2.394644850290305e-10
1.924,2.911462822591989e-11,-2.3666931505026143e-10
1.925,2.87648702073969e-11,-2.339066893989894e-10
1.926,2.8419239236243e-11,-2.3117623018547254e-10
1.927,2.8077687569585885e-11,-2.2847756389505842e-10
1.928,2.7740168004265847e-11,-2.2581032133769076e-10
1.929,2.7406633870905597e-11,-2.2317413759799706e-10
1.93,2.7077039028042846e-11,-2.2056865198595012e-10
1.931,2.6751337856325043e-11,-2.1799350798809728e-10
1.932,2.6429485252765576e-11,-2.1544835321935037e-10
1.933,2.6111436625060907e-11,-2.129328393753305e-10
1.934,2.5797147885967956e-11,-2.104466221852608e-10
1.935,2.5486575447741166e-11,-2.0798936136540138e-10
1.936,2.5179676216628632e-11,-2.0556072057301972e-10
1.937,2.487640758742672e-11,-2.0316036736089085e-10
1.938,2.4576727438092545e-11,-2.0078797313232093e-10
1.939,2.4280594124413777e-11,-1.9844321309668832e-10
1.94,2.3987966474735137e-11,-1.9612576622549633e-10
1.941,2.3698803784741084e-11,-1.9383531520893167e-10
1.942,2.3413065812294035e-11,-1.9157154641292256e-10
1.943,2.313071277232764e-11,-1.893341498366915e-10
1.944,2.285170533179448e-11,-1.8712281907079604e-10
1.945,2.257600460466771e-11,-1.849372512556529e-10
1.946,2.230357214699605e-11,-1.8277714704053912e-10
1.947,2.2034369952011553e-11,-1.8064221054306538e-10
1.948,2.1768360445289728e-11,-1.7853214930911566e-10
1.949,2.1505506479961345e-11,-1.7644667427324813e-10
1.95,2.12457713319755e-11,-1.7438549971955177e-10
1.951,2.0989118695413366e-11,-1.723483432429538e-10
1.952,2.0735512677852125e-11,-1.7033492571097237e-10
1.953,2.0484917795778586e-11,-1.683449712259098e-10
1.954,2.0237298970051943e-11,-1.663782070874809e-10
1.955,1.9992621521415207e-11,-1.6443436375587184e-10
1.956,1.975085116605481e-11,-1.6251317481522418e-10
1.957,1.951195401120787e-11,-1.6061437693753943e-10
1.958,1.9275896550816613e-11,-1.587377098469994e-10
1.959,1.9042645661229555e-11,-1.5688291628469733e-10
1.96,1.8812168596948833e-11,-1.5504974197377519e-10
1.961,1.8584432986423344e-11,-1.5323793558496257e-10
1.962,1.8359406827887094e-11,-1.5144724870251244e-10
1.963,1.813705848524243e-11,-1.4967743579052932e-10
1.964,1.7917356683987548e-11,-1.4792825415968516e-10
1.965,1.7700270507187953e-11,-1.4619946393431883e-10
1.966,1.7485769391491313e-11,-1.444908280199145e-10
1.967,1.7273823123185335e-11,-1.4280211207095461e-10
1.968,1.7064401834298186e-11,-1.4113308445914335e-10
1.969,1.6857475998741003e-11,-1.3948351624199614e-10
1.97,1.6653016428492092e-11,-1.3785318113179098e-10
1.971,1.6450994269822387e-11,-1.3624185546487765e-10
1.972,1.625138099956169e-11,-1.3464931817134051e-10
1.973,1.6054148421405327e-11,-1.3307535074501078e-10
1.974,1.585926866226079e-11,-1.3151973721382456e-10
1.975,1.5666714168633915e-11,-1.2998226411052228e-10
1.976,1.547645770305423e-11,-1.284627204436859e-10
1.977,1.5288472340539043e-11,-1.2696089766911e-10
1.978,1.5102731465095865e-11,-1.254765896615026e-10
1.979,1.49192087662628e-11,-1.2400959268651236e-10
1.98,1.4737878235686454e-11,-1.2255970537307815e-10
1.981,1.4558714163737023e-11,-1.2112672868609728e-10
1.982,1.4381691136160155e-11,-1.1971046589940896e-10
1.983,1.4206784030765186e-11,-1.1831072256908893e-10
1.984,1.40339680141494e-11,-1.169273065070523e-10
1.985,1.386321853845791e-11,-1.1556002775496035e-10
1.986,1.3694511338178817e-11,-1.1420869855842854e-10
1.987,1.3527822426973246e-11,-1.1287313334153163e-10
1.988,1.3363128094539925e-11,-1.1155314868160283e-10
1.989,1.320040490351392e-11,-1.1024856328432362e-10
1.99,1.303962968639919e-11,-1.089591979591007e-10
1.991,1.2880779542534591e-11,-1.0768487559472694e-10
1.992,1.2723831835092996e-11,-1.0642542113532305e-10
1.993,1.256876418811316e-11,-1.0518066155655667e-10
1.994,1.2415554483564007e-11,-1.0395042584213566e-10
1.995,1.2264180858440997e-11,-1.0273454496057264e-10
1.996,1.211462170189422e-11,-1.0153285184221743e-10
1.997,1.1966855652387913e-11,-1.0034518135655451e-10
1.998,1.182086159489102e-11,-9.917137028976218e-11
1.999,1.1676618658098531e-11,-9.80112573225308e-11
2.0,1.153410621168323e-11,-9.686468300813679e-11
2.001,1.1393303863577544e-11,-9.573148975076959e-11
2.002,1.1254191457285189e-11,-9.461152178410865e-11
2.003,1.111674906922227e-11,-9.35046251501477e-11
2.004,1.0980957006087565e-11,-9.24106476782632e-11
2.005,1.0846795802261636e-11,-9.132943896452432e-11
2.006,1.0714246217234518e-11,-9.02608503512418e-11
2.007,1.058328923306162e-11,-8.920473490675263e-11
2.008,1.0453906051847604e-11,-8.816094740543807e-11
2.009,1.0326078093257902e-11,-8.712934430797238e-11
2.01,1.019978699205759e-11,-8.610978374179926e-11
2.011,1.0075014595677337e-11,-8.510212548183382e-11
2.012,9.951742961806134e-12,-8.41062309313872e-11
2.013,9.829954356010523e-12,-8.312196310331136e-11
2.014,9.709631249380043e-12,-8.214918660136152e-11
2.015,9.590756316198611e-12,-8.118776760177369e-11
2.016,9.473312431641573e-12,-8.023757383505496e-11
2.017,9.357282669498136e-12,-7.929847456798388e-11
2.018,9.242650299918933e-12,-7.837034058581872e-11
2.019,9.129398787188435e-12,-7.745304417471112e-11
2.02,9.01751178752194e-12,-7.654645910432273e-11
2.021,8.906973146886914e-12,-7.56504606106426e-11
2.022,8.797766898848382e-12,-7.476492537900302e-11
2.023,8.689877262438127e-12,-7.388973152729128e-11
2.024,8.583288640047458e-12,-7.302475858935553e-11
2.025,8.477985615343276e-12,-7.21698874986021e-11
2.026,8.373952951207205e-12,-7.132500057178226e-11
2.027,8.271175587697513e-12,-7.048998149296631e-11
2.028,8.169638640033628e-12,-6.966471529770265e-11
2.029,8.069327396602952e-12,-6.884908835735977e-11
2.03,7.970227316989782e-12,-6.804298836364935e-11
2.031,7.872324030026065e-12,-6.724630431332772e-11
2.032,7.775603331863779e-12,-6.645892649307441e-11
2.033,7.680051184068694e-12,-6.56807464645451e-11
2.034,7.585653711735284e-12,-6.491165704959742e-11
2.035,7.492397201622578e-12,-6.415155231568729e-11
2.036,7.400268100310698e-12,-6.340032756143405e-11
2.037,7.309253012377889e-12,-6.265787930235237e-11
2.038,7.219338698597812e-12,-6.192410525674886e-11
2.039,7.130512074156862e-12,-6.119890433178189e-11
2.04,7.042760206891339e-12,-6.048217660968226e-11
2.041,6.95607031554421e-12,-5.97738233341331e-11
2.042,6.8704297680412895e-12,-5.907374689680735e-11
2.043,6.7858260797866035e-12,-5.83818508240606e-11
2.044,6.7022469119767455e-12,-5.769803976377776e-11
2.045,6.619680069934014e-12,-5.7022219472371843e-11
2.046,6.538113501458131e-12,-5.635429680193289e-11
2.047,6.4575352951963345e-12,-5.5694179687525453e-11
2.048,6.377933679031658e-12,-5.504177713463294e-11
2.049,6.299297018489191e-12,-5.4396999206746996e-11
2.05,6.221613815160128e-12,-5.3759757013100446e-11
2.051,6.144872705143422e-12,-5.3129962696541935e-11
2.052,6.0690624575048326e-12,-5.250752942155083e-11
2.053,5.994171972753209e-12,-5.1892371362390566e-11
2.054,5.920190281333793e-12,-5.1284403691399056e-11
2.055,5.847106542138375e-12,-5.068354256741441e-11
2.056,5.774910041032115e-12,-5.008970512433449e-11
2.057,5.703590189396846e-12,-4.9502809459808735e-11
2.058,5.6331365226906914e-12,-4.8922774624060755e-11
2.059,5.563538699023799e-12,-4.8349520608840145e-11
2.06,5.4947864977500355e-12,-4.7782968336502065e-11
2.061,5.426869818074466e-12,-4.722303964921311e-11
2.062,5.359778677676435e-12,-4.666965729828197e-11
2.063,5.2935032113480874e-12,-4.612274493361355e-11
2.064,5.22803366964817e-12,-4.5582227093284976e-11
2.065,5.163360417570923e-12,-4.50480291932422e-11
2.066,5.09947393322993e-12,-4.452007751711577e-11
2.067,5.0363648065567284e-12,-4.3998299206154395e-11
2.068,4.974023738014052e-12,-4.348262224927497e-11
2.069,4.9124415373235255e-12,-4.297297547322761e-11
2.07,4.851609122207653e-12,-4.24692885328746e-11
2.071,4.791517517145964e-12,-4.1971491901581644e-11
2.072,4.732157852145135e-12,-4.1479516861720386e-11
2.073,4.67352136152296e-12,-4.099329549528075e-11
2.074,4.615599382706001e-12,-4.0512760674591924e-11
2.075,4.558383355040774e-12,-4.003784605315068e-11
2.076,4.501864818618324e-12,-3.9568486056555816e-11
2.077,4.4460354131120475e-12,-3.910461587354751e-11
2.078,4.3908868766286034e-12,-3.864617144715035e-11
2.079,4.336411044571783e-12,-3.8193089465918837e-11
2.08,4.282599848519191e-12,-3.774530735528423e-11
2.081,4.229445315111597e-12,-3.730276326900151e-11
2.082,4.176939564954818e-12,-3.686539608069533e-11
2.083,4.125074811534002e-12,-3.643314537550382e-11
2.084,4.073843360140161e-12,-3.600595144181906e-11
2.085,4.023237606808839e-12,-3.558375526312324e-11
2.086,3.9732500372707654e-12,-3.5166498509919225e-11
2.087,3.923873225914369e-12,-3.475412353175454e-11
2.088,3.875099834760022e-12,-3.4346573349337775e-11
2.089,3.826922612445884e-12,-3.394379164674609e-11
2.09,3.7793343932252235e-12,-3.35457227637231e-11
2.091,3.732328095975074e-12,-3.315231168806577e-11
2.092,3.685896723216131e-12,-3.2763504048099595e-11
2.093,3.640033360143727e-12,-3.237924610524077e-11
2.094,3.5947311736697973e-12,-3.1999484746644556e-11
2.095,3.549983411475696e-12,-3.162416747793878e-11
2.096,3.505783401075746e-12,-3.125324241604137e-11
2.097,3.4621245488914063e-12,-3.0886658282061215e-11
2.098,3.419000339335945e-12,-3.052436439428107e-11
2.099,3.376404333909486e-12,-3.016631066122185e-11
2.1,3.3343301703043373e-12,-2.981244757478716e-11
2.101,3.2927715615204655e-12,-2.94627262034873e-11
2.102,3.2517222949910182e-12,-2.911709818574164e-11
2.103,3.211176231717781e-12,-2.8775515723258644e-11
2.104,3.1711273054164535e-12,-2.843793157449259e-11
2.105,3.1315695216716428e-12,-2.810429904817598e-11
2.106,3.092496957101463e-12,-2.7774571996926983e-11
2.107,3.0539037585316336e-12,-2.7448704810930825e-11
2.108,3.015784142178977e-12,-2.712665241169445e-11
2.109,2.9781323928442016e-12,-2.6808370245873497e-11
2.11,2.9409428631138797e-12,-2.6493814279170777e-11
2.111,2.904209972571506e-12,-2.618294099030548e-11
2.112,2.867928207017546e-12,-2.587570736505222e-11
2.113,2.8320921176983664e-12,-2.557207089034915e-11
2.114,2.7966963205439577e-12,-2.527198954847436e-11
2.115,2.7617354954143406e-12,-2.4975421811289727e-11
2.116,2.727204385354572e-12,-2.4682326634551507e-11
2.117,2.6930977958582415e-12,-2.4392663452286796e-11
2.118,2.659410594139379e-12,-2.410639217123521e-11
2.119,2.626137708412667e-12,-2.3823473165354965e-11
2.12,2.5932741271818693e-12,-2.3543867270392598e-11
2.121,2.5608148985363902e-12,-2.3267535778515667e-11
2.122,2.5287551294558675e-12,-2.2994440433007622e-11
2.123,2.4970899851227086e-12,-2.2724543423024197e-11
2.124,2.4658146882424865e-12,-2.2457807378410538e-11
2.125,2.4349245183721084e-12,-2.2194195364578457e-11
2.126,2.4044148112556613e-12,-2.1933670877443016e-11
2.127,2.3742809581678613e-12,-2.167619783841785e-11
2.128,2.3445184052650107e-12,-2.1421740589468477e-11
2.129,2.31512265294339e-12,-2.117026388822297e-11
2.13,2.2860892552049887e-12,-2.0921732903139305e-11
2.131,2.257413819030508e-12,-2.067611320872874e-11
2.132,2.2290920037595384e-12,-2.0433370780834582e-11
2.133,2.201119520477848e-12,-2.0193471991965673e-11
2.134,2.1734921314116864e-12,-1.9956383606684008e-11
2.135,2.14620564932904e-12,-1.9722072777045827e-11
2.136,2.1192559369477496e-12,-1.949050703809556e-11
2.137,2.09263890635042e-12,-1.926165430341205e-11
2.138,2.0663505184060428e-12,-1.9035482860706384e-11
2.139,2.0403867821982603e-12,-1.8811961367470834e-11
2.14,2.0147437544601923e-12,-1.859105884667819e-11
2.141,1.9894175390157527e-12,-1.8372744682531042e-11
2.142,1.964404286227387e-12,-1.81569886162603e-11
2.143,1.9397001924501554e-12,-1.7943760741972493e-11
2.144,1.9153014994920875e-12,-1.7733031502545207e-11
2.145,1.891204494080749e-12,-1.7524771685570138e-11
2.146,1.8674055073359347e-12,-1.7318952419343225e-11
2.147,1.843900914248435e-12,-1.7115545168901268e-11
2.148,1.820687133164795e-12,-1.6914521732104543e-11
2.149,1.7977606252780086e-12,-1.671585423576487e-11
2.15,1.775117894124072e-12,-1.6519515131818568e-11
2.151,1.7527554850843397e-12,-1.6325477193543862e-11
2.152,1.7306699848936098e-12,-1.6133713511822115e-11
2.153,1.7088580211538793e-12,-1.5944197491442505e-11
2.154,1.687316261853703e-12,-1.575690284744952e-11
2.155,1.6660414148930954e-12,-1.557180360153288e-11
2.156,1.6450302276139085e-12,-1.538887407845932e-11
2.157,1.624279486335631e-12,-1.5208088902545804e-11
2.158,1.6037860158965386e-12,-1.5029422994173636e-11
2.159,1.5835466792001456e-12,-1.4852851566343062e-11
2.16,1.5635583767668878e-12,-1.4678350121267824e-11
2.161,1.5438180462909856e-12,-1.4505894447009263e-11
2.162,1.5243226622024238e-12,-1.433546061414947e-11
2.163,1.5050692352339932e-12,-1.4167024972503057e-11
2.164,1.4860548119933356e-12,-1.40005641478671e-11
2.165,1.4672764745399357e-12,-1.3836055038808797e-11
2.166,1.4487313399670046e-12,-1.367347481349043e-11
2.167,1.4304165599881991e-12,-1.351280090653116e-11
2.168,1.4123293205291216e-12,-1.3354011015905279e-11
2.169,1.3944668413235495e-12,-1.319708309987645e-11
2.17,1.3768263755143343e-12,-1.3041995373967554e-11
2.171,1.3594052092589262e-12,-1.2888726307965704e-11
2.172,1.3422006613394634e-12,-1.2737254622962042e-11
2.173,1.3252100827773807e-12,-1.2587559288425902e-11
2.174,1.3084308564524817e-12,-1.243961951931294e-11
2.175,1.291860396726428e-12,-1.2293414773206853e-11
2.176,1.2754961490705923e-12,-1.2148924747494287e-11
2.177,1.2593355896982263e-12,-1.2006129376572535e-11
2.178,1.243376225200897e-12,-1.1865008829089686e-11
2.179,1.22761559218914e-12,-1.1725543505216806e-11
2.18,1.212051256937282e-12,-1.15877140339518e-11
2.181,1.1966808150323892e-12,-1.1451501270454602e-11
2.182,1.1815018910272886e-12,-1.1316886293413293e-11
2.183,1.1665121380976215e-12,-1.1183850402440828e-11
2.184,1.1517092377028793e-12,-1.1052375115501986e-11
2.185,1.1370908992513794e-12,-1.092244216637023e-11
2.186,1.1226548597691341e-12,-1.0794033502114071e-11
2.187,1.10839888357257e-12,-1.0667131280612677e-11
2.188,1.0943207619450524e-12,-1.0541717868100293e-11
2.189,1.0804183128171727e-12,-1.0417775836739233e-11
2.19,1.0666893804507561e-12,-1.0295287962221036e-11
2.191,1.0531318351265456e-12,-1.0174237221395505e-11
2.192,1.0397435728355224e-12,-1.0054606789927288e-11
2.193,1.0265225149738201e-12,-9.936380039979692e-12
2.194,1.0134666080411913e-12,-9.819540537925402e-12
2.195,1.000573823342989e-12,-9.704072042083803e-12
2.196,9.878421566956173e-13,-9.589958500484595e-12
2.197,9.752696281354181e-13,-9.477184048657388e-12
2.198,9.628542816309501e-13,-9.365733007446998e-12
2.199,9.505941847986229e-13,-9.255589880854116e-12
2.2,9.38487428621648e-13,-9.146739353901076e-12
2.201,9.265321271722693e-13,-9.039166290522433e-12
2.202,9.147264173372335e-13,-8.93285573148005e-12
2.203,9.030684585464668e-13,-8.827792892302418e-12
2.204,8.915564325049181e-13,-8.723963161247926e-12
2.205,8.801885429275338e-13,-8.621352097291808e-12
2.206,8.689630152773292e-13,-8.519945428136488e-12
2.207,8.578780965065189e-13,-8.419729048245053e-12
2.208,8.469320548006736e-13,-8.320689016897578e-12
2.209,8.361231793258674e-13,-8.222811556270062e-12
2.21,8.254497799787811e-13,-8.126083049535681e-12
2.211,8.149101871397279e-13,-8.030490038988126e-12
2.212,8.045027514285695e-13,-7.936019224186746e-12
2.213,7.942258434634866e-13,-7.842657460123278e-12
2.214,7.840778536225736e-13,-7.750391755409864e-12
2.215,7.740571918082236e-13,-7.65920927048816e-12
2.216,7.641622872142733e-13,-7.56909731585926e-12
2.217,7.543915880958735e-13,-7.480043350334193e-12
2.218,7.447435615420571e-13,-7.392034979304783e-12
2.219,7.352166932509716e-13,-7.3050599530346e-12
2.22,7.258094873077448e-13,-7.219106164969788e-12
2.221,7.165204659649569e-13,-7.1341616500695475e-12
2.222,7.073481694256847e-13,-7.050214583156024e-12
2.223,6.982911556290918e-13,-6.96725327728339e-12
2.224,6.893480000385332e-13,-6.885266182125898e-12
2.225,6.805172954321475e-13,-6.804241882384677e-12
2.226,6.717976516959058e-13,-6.7241690962130685e-12
2.227,6.63187695619091e-13,-6.6450366736602665e-12
2.228,6.546860706921785e-13,-6.566833595133075e-12
2.229,6.462914369070906e-13,-6.4895489698755456e-12
2.23,6.380024705597981e-13,-6.413172034466312e-12
2.231,6.298178640552411e-13,-6.337692151333398e-12
2.232,6.217363257145434e-13,-6.26309880728631e-12
2.233,6.137565795844921e-13,-6.1893816120652e-12
2.234,6.058773652492588e-13,-6.116530296906913e-12
2.235,5.980974376443352e-13,-6.044534713127719e-12
2.236,5.904155668726571e-13,-5.973384830722529e-12
2.237,5.828305380228925e-13,-5.903070736980416e-12
2.238,5.753411509898687e-13,-5.833582635116245e-12
2.239,5.679462202971132e-13,-5.76491084291822e-12
2.24,5.606445749214844e-13,-5.697045791411175e-12
2.241,5.534350581198683e-13,-5.629978023535419e-12
2.242,5.463165272579161e-13,-5.563698192840953e-12
2.243,5.392878536408001e-13,-5.498197062196888e-12
2.244,5.323479223459657e-13,-5.433465502515877e-12
2.245,5.254956320578534e-13,-5.369494491493399e-12
2.246,5.187298949045703e-13,-5.306275112361709e-12
2.247,5.120496362964892e-13,-5.2437985526583015e-12
2.248,5.054537947667495e-13,-5.182056103008698e-12
2.249,4.989413218136427e-13,-5.121039155923406e-12
2.25,4.925111817448564e-13,-5.060739204608887e-12
2.251,4.861623515235582e-13,-5.001147841792362e-12
2.252,4.798938206162959e-13,-4.9422567585602895e-12
2.253,4.737045908426956e-13,-4.884057743210385e-12
2.254,4.675936762269344e-13,-4.826542680116984e-12
2.255,4.615601028509679e-13,-4.769703548609627e-12
2.256,4.556029087094939e-13,-4.713532421864699e-12
2.257,4.4972114356662857e-13,-4.6580214658099685e-12
2.258,4.439138688142792e-13,-4.603162938041889e-12
2.259,4.381801573321908e-13,-4.548949186755503e-12
2.26,4.325190933496488e-13,-4.495372649686801e-12
2.261,4.2692977230881796e-13,-4.442425853067407e-12
2.262,4.214113007296987e-13,-4.390101410591431e-12
2.263,4.1596279607668223e-13,-4.338392022394347e-12
2.264,4.10583386626685e-13,-4.287290474043776e-12
2.265,4.0527221133884604e-13,-4.2367896355420085e-12
2.266,4.000284197257664e-13,-4.186882460340153e-12
2.267,3.9485117172627546e-13,-4.137561984363762e-12
2.268,3.8973963757970394e-13,-4.0888213250498064e-12
2.269,3.8469299770164824e-13,-4.040653680394871e-12
2.27,3.7971044256120697e-13,-3.993052328014432e-12
2.271,3.7479117255967364e-13,-3.9460106242130936e-12
2.272,3.699343979106683e-13,-3.8995220030656544e-12
2.273,3.651393385216909e-13,-3.853579975508879e-12
2.274,3.6040522387708086e-13,-3.8081781284438495e-12
2.275,3.557312929223652e-13,-3.763310123848775e-12
2.276,3.5111679394997994e-13,-3.718969697902136e-12
2.277,3.465609844863488e-13,-3.675150660116043e-12
2.278,3.4206313118030236e-13,-3.6318468924796967e-12
2.279,3.376225096928236e-13,-3.5890523486128202e-12
2.28,3.332384045881029e-13,-3.5467610529289637e-12
2.281,3.2891010922588815e-13,-3.5049670998085514e-12
2.282,3.246369256551146e-13,-3.463664652781568e-12
2.283,3.2041816450879904e-13,-3.422847943719767e-12
2.284,3.162531449001848e-13,-3.3825112720382918e-12
2.285,3.1214119432012127e-13,-3.342649003906603e-12
2.286,3.0808164853566497e-13,-3.3032555714685992e-12
2.287,3.0407385148988707e-13,-3.264325472071826e-12
2.288,3.0011715520287357e-13,-3.2258532675056696e-12
2.289,2.9621091967390443e-13,-3.1878335832484284e-12
2.29,2.9235451278479695e-13,-3.1502611077231594e-12
2.291,2.8854731020440106e-13,-3.113130591562199e-12
2.292,2.8478869529423225e-13,-3.076436846880257e-12
2.293,2.810780590152286e-13,-3.0401747465559797e-12
2.294,2.774147998356196e-13,-3.004339223521892e-12
2.295,2.737983236398933e-13,-2.9689252700626155e-12
2.296,2.7022804363884855e-13,-2.9339279371212646e-12
2.297,2.667033802807203e-13,-2.899342333613931e-12
2.298,2.6322376116336495e-13,-2.8651636257521608e-12
2.299,2.5978862094749356e-13,-2.8313870363733263e-12
2.3,2.563974012709405e-13,-2.7980078442788094e-12
2.301,2.5304955066395553e-13,-2.7650213835798972e-12
2.302,2.497445244655069e-13,-2.7324230430513068e-12
2.303,2.4648178474058454e-13,-2.700208265492247e-12
2.304,2.4326080019849045e-13,-2.6683725470949293e-12
2.305,2.4008104611210554e-13,-2.6369114368204428e-12
2.306,2.369420042381212e-13,-2.6058205357819073e-12
2.307,2.338431627382242e-13,-2.5750954966348197e-12
2.308,2.3078401610122374e-13,-2.5447320229745087e-12
2.309,2.2776406506610975e-13,-2.514725868740617e-12
2.31,2.2478281654603147e-13,-2.4850728376285293e-12
2.311,2.2183978355318505e-13,-2.4557687825076627e-12
2.312,2.1893448512460034e-13,-2.426809604846544e-12
2.313,2.1606644624881542e-13,-2.39819125414459e-12
2.314,2.1323519779342904e-13,-2.369909727370517e-12
2.315,2.1044027643352045e-13,-2.3419610684073e-12
2.316,2.076812245809262e-13,-2.314341367503607e-12
2.317,2.049575903143642e-13,-2.2870467607316294e-12
2.318,2.022689273103949e-13,-2.260073429451242e-12
2.319,1.9961479477520968e-13,-2.2334175997804064e-12
2.32,1.9699475737723664e-13,-2.2070755420717608e-12
2.321,1.9440838518055457e-13,-2.18104357039531e-12
2.322,1.9185525357910505e-13,-2.1553180420271516e-12
2.323,1.893349432316936e-13,-2.1298953569441713e-12
2.324,1.8684703999777063e-13,-2.1047719573246266e-12
2.325,1.8439113487398258e-13,-2.0799443270545634e-12
2.326,1.8196682393148474e-13,-2.0554089912399895e-12
2.327,1.7957370825400642e-13,-2.0311625157247396e-12
2.328,1.7721139387665954e-13,-2.007201506613967e-12
2.329,1.7487949172548216e-13,-1.983522609803196e-12
2.33,1.7257761755770798e-13,-1.9601225105128684e-12
2.331,1.7030539190275347e-13,-1.9369979328283225e-12
2.332,1.6806244000391397e-13,-1.914145639245142e-12
2.333,1.6584839176076056e-13,-1.8915624302198084e-12
2.334,1.6366288167222933e-13,-1.869245143725598e-12
2.335,1.6150554878039475e-13,-1.8471906548136644e-12
2.336,1.5937603661491938e-13,-1.825395875179241e-12
2.337,1.572739931381716e-13,-1.803857752732908e-12
2.338,1.551990706910037e-13,-1.7825732711768633e-12
2.339,1.5315092593918216e-13,-1.7615394495861394e-12
2.34,1.511292198204631e-13,-1.7407533419947087e-12
2.341,1.4913361749230443e-13,-1.7202120369864202e-12
2.342,1.4716378828020769e-13,-1.6999126572907116e-12
2.343,1.452194056266821e-13,-1.6798523593830404e-12
2.344,1.4330014704082325e-13,-1.6600283330899805e-12
2.345,1.4140569404849933e-13,-1.640437801198928e-12
2.346,1.395357321431375e-13,-1.6210780190723652e-12
2.347,1.3768995073710362e-13,-1.6019462742666264e-12
2.348,1.3586804311366793e-13,-1.583039886155116e-12
2.349,1.3406970637955006e-13,-1.5643562055559252e-12
2.35,1.3229464141803623e-13,-1.545892614363798e-12
2.351,1.3054255284266214e-13,-1.5276465251863922e-12
2.352,1.288131489514546e-13,-1.5096153809847904e-12
2.353,1.2710614168172525e-13,-1.4917966547182072e-12
2.354,1.254212465654102e-13,-1.4741878489928456e-12
2.355,1.2375818268494862e-13,-1.4567864957148552e-12
2.356,1.221166726296942e-13,-1.4395901557473412e-12
2.357,1.2049644245285295e-13,-1.4225964185713807e-12
2.358,1.1889722162894148e-13,-1.405802901950998e-12
2.359,1.1731874301175885e-13,-1.3892072516020517e-12
2.36,1.1576074279286684e-13,-1.3728071408649902e-12
2.361,1.1422296046057162e-13,-1.356600270381428e-12
2.362,1.1270513875940171e-13,-1.340584367774502e-12
2.363,1.1120702365007577e-13,-1.324757187332959e-12
2.364,1.0972836426995455e-13,-1.3091165096989356e-12
2.365,1.0826891289397139e-13,-1.2936601415593824e-12
2.366,1.0682842489603544e-13,-1.278385915341097e-12
2.367,1.0540665871090184e-13,-1.2632916889093158e-12
2.368,1.0400337579650376e-13,-1.2483753452698286e-12
2.369,1.0261834059674012e-13,-1.233634792274574e-12
2.37,1.0125132050471433e-13,-1.2190679623306734e-12
2.371,9.9902085826418e-14,-1.2046728121128643e-12
2.372,9.857040974485475e-14,-1.1904473222792942e-12
2.373,9.725606828459873e-14,-1.176389497190635e-12
2.374,9.595884027678267e-14,-1.1624973646324797e-12
2.375,9.467850732451036e-14,-1.148768975540981e-12
2.376,9.341485376868844e-14,-1.1352024037316991e-12
2.377,9.216766665427263e-14,-1.1217957456316155e-12
2.378,9.093673569692336e-14,-1.1085471200142784e-12
2.379,8.972185325006589e-14,-1.0954546677380457e-12
2.38,8.852281427235017e-14,-1.0825165514873844e-12
2.381,8.733941629550566e-14,-1.0697309555171944e-12
2.382,8.617145939258633e-14,-1.0570960854001202e-12
2.383,8.501874614660129e-14,-1.0446101677768172e-12
2.384,8.388108161952629e-14,-1.0322714501091348e-12
2.385,8.275827332169173e-14,-1.0200782004361853e-12
2.386,8.165013118154248e-14,-1.0080287071332647e-12
2.387,8.055646751576531e-14,-9.961212786735908e-13
2.388,7.947709699977924e-14,-9.843542433928252e-13
2.389,7.841183663858473e-14,-9.727259492563506e-13
2.39,7.736050573796731e-14,-9.612347636292664e-13
2.391,7.632292587605139e-14,-9.498790730490738e-13
2.392,7.529892087520004e-14,-9.386572830010184e-13
2.393,7.428831677425685e-14,-9.275678176960596e-13
2.394,7.32909418011253e-14,-9.166091198514352e-13
2.395,7.230662634568213e-14,-9.057796504737914e-13
2.396,7.133520293302023e-14,-8.950778886448496e-13
2.397,7.037650619701755e-14,-8.845023313095778e-13
2.398,6.943037285422777e-14,-8.740514930668396e-13
2.399,6.849664167808904e-14,-8.637239059624915e-13
2.4,6.757515347344695e-14,-8.535181192848984e-13
2.401,6.666575105138804e-14,-8.43432699362841e-13
2.402,6.576827920437992e-14,-8.334662293657872e-13
2.403,6.48825846817146e-14,-8.236173091064971e-13
2.404,6.40085161652511e-14,-8.138845548459388e-13
2.405,6.314592424545407e-14,-8.04266599100484e-13
2.406,6.229466139772455e-14,-7.947620904513593e-13
2.407,6.145458195901962e-14,-7.853696933563258e-13
2.408,6.06255421047573e-14,-7.760880879635615e-13
2.409,5.980739982600337e-14,-7.669159699277204e-13
2.41,5.900001490693673e-14,-7.578520502281431e-13
2.411,5.820324890258985e-14,-7.488950549891937e-13
2.412,5.741696511686113e-14,-7.400437253026986e-13
2.413,5.6641028580795866e-14,-7.312968170524619e-13
2.414,5.587530603113253e-14,-7.22653100740834e-13
2.415,5.511966588911125e-14,-7.141113613173085e-13
2.416,5.43739782395413e-14,-7.056703980091251e-13
2.417,5.363811481012455e-14,-6.973290241538536e-13
2.418,5.291194895103165e-14,-6.890860670339364e-13
2.419,5.219535561472809e-14,-6.809403677131674e-13
2.42,5.148821133604701e-14,-6.728907808750842e-13
2.421,5.07903942125058e-14,-6.649361746632499e-13
2.422,5.0101783884863633e-14,-6.570754305234048e-13
2.423,4.94222615179169e-14,-6.493074430474653e-13
2.424,4.8751709781529846e-14,-6.416311198193471e-13
2.425,4.80900128318974e-14,-6.340453812625935e-13
2.426,4.743705629303756e-14,-6.265491604897858e-13
2.427,4.679272723851045e-14,-6.191414031537172e-13
2.428,4.615691417336137e-14,-6.118210673003068e-13
2.429,4.552950701628514e-14,-6.045871232232366e-13
2.43,4.491039708200905e-14,-5.974385533202879e-13
2.431,4.4299477063891805e-14,-5.903743519513611e-13
2.432,4.3696641016735834e-14,-5.833935252981549e-13
2.433,4.3101784339810394e-14,-5.764950912254902e-13
2.434,4.251480376008293e-14,-5.696780791442553e-13
2.435,4.193559731565622e-14,-5.62941529875956e-13
2.436,4.136406433940871e-14,-5.562844955188516e-13
2.437,4.080010544283571e-14,-5.497060393156571e-13
2.438,4.024362250008894e-14,-5.432052355227945e-13
2.439,3.96945186322121e-14,-5.367811692811741e-13
2.44,3.9152698191569976e-14,-5.304329364884897e-13
2.441,3.861806674646894e-14,-5.241596436730069e-13
2.442,3.809053106596629e-14,-5.179604078688315e-13
2.443,3.7569999104866364e-14,-5.118343564926356e-13
2.444,3.705637998890105e-14,-5.057806272218284e-13
2.445,3.654958400009245e-14,-4.997983678741537e-13
2.446,3.6049522562295584e-14,-4.938867362886958e-13
2.447,3.5556108226918896e-14,-4.8804490020828e-13
2.448,3.50692546588204e-14,-4.822720371632489e-13
2.449,3.458887662237736e-14,-4.765673343566009e-13
2.45,3.411488996772743e-14,-4.709299885504725e-13
2.451,3.3647211617179116e-14,-4.653592059539505e-13
2.452,3.318575955178957e-14,-4.598542021121977e-13
2.453,3.273045279810765e-14,-4.544142017968777e-13
2.454,3.228121141508027e-14,-4.490384388978616e-13
2.455,3.183795648112001e-14,-4.4372615631620456e-13
2.456,3.140061008133213e-14,-4.3847660585837423e-13
2.457,3.096909529489893e-14,-4.332890481317193e-13
2.458,3.054333618261967e-14,-4.2816275244116144e-13
2.459,3.012325777460405e-14,-4.230969966870976e-13
2.46,2.970878605811751e-14,-4.1809106726449823e-13
2.461,2.929984796557635e-14,-4.131442589631872e-13
2.462,2.889637136269105e-14,-4.0825587486929013e-13
2.463,2.849828503675579e-14,-4.0342522626783644e-13
2.464,2.8105518685082566e-14,-3.986516325465034e-13
2.465,2.7718002903577983e-14,-3.9393442110048657e-13
2.466,2.7335669175461163e-14,-3.8927292723848583e-13
2.467,2.695844986012093e-14,-3.8466649408979196e-13
2.468,2.658627818211061e-14,-3.80114472512462e-13
2.469,2.6219088220278797e-14,-3.756162210025706e-13
2.47,2.585681489703442e-14,-3.711711056045243e-13
2.471,2.5499393967744472e-14,-3.6677849982242685e-13
2.472,2.5146762010262776e-14,-3.6243778453248294e-13
2.473,2.4798856414588244e-14,-3.581483478964282e-13
2.474,2.4455615372650992e-14,-3.5390958527597373e-13
2.475,2.411697786822478e-14,-3.4972089914825314e-13
2.476,2.3782883666964278e-14,-3.4558169902226025e-13
2.477,2.3453273306565555e-14,-3.4149140135626616e-13
2.478,2.312808808704838e-14,-3.374494294762039e-13
2.479,2.2807270061158785e-14,-3.3345521349500986e-13
2.48,2.2490762024890463e-14,-3.2950819023291e-13
2.481,2.217850750812354e-14,-3.256078031386408e-13
2.482,2.187045076537928e-14,-3.21753502211593e-13
2.483,2.156653676668936e-14,-3.179447439248682e-13
2.484,2.1266711188578215e-14,-3.1418099114923707e-13
2.485,2.0970920405157212e-14,-3.104617130779891e-13
2.486,2.067911147932917e-14,-3.067863851526629e-13
2.487,2.0391232154101934e-14,-3.031544889896471e-13
2.488,2.01072308440097e-14,-2.995655123076418e-13
2.489,1.9827056626640687e-14,-2.960189488559703e-13
2.49,1.955065923426997e-14,-2.925142983437309e-13
2.491,1.9277989045596097e-14,-2.890510663697798e-13
2.492,1.900899707758026e-14,-2.85628764353534e-13
2.493,1.874363497738681e-14,-2.822469094665865e-13
2.494,1.8481855014423767e-14,-2.789050245651221e-13
2.495,1.8223610072482247e-14,-2.7560263812312637e-13
2.496,1.7968853641973455e-14,-2.7233928416637744e-13
2.497,1.7717539812262177e-14,-2.6911450220721153e-13
2.498,1.7469623264095487e-14,-2.6592783718005374e-13
2.499,1.7225059262125588e-14,-2.6277883937770433e-13
2.5,1.6983803647525576e-14,-2.596670643883724e-13
2.501,1.6745812830697024e-14,-2.5659207303344797e-13
2.502,1.651104378406825e-14,-2.5355343130600314e-13
2.503,1.627945403498217e-14,-2.505507103100155e-13
2.504,1.605100165867262e-14,-2.475834862003031e-13
2.505,1.5825645271328082e-14,-2.446513401231646e-13
2.506,1.560334402324174e-14,-2.417538581577153e-13
2.507,1.5384057592046804e-14,-2.388906312579112e-13
2.508,1.5167746176036058e-14,-2.360612551952529e-13
2.509,1.4954370487564618e-14,-2.3326533050216163e-13
2.51,1.474389174653484e-14,-2.3050246241601944e-13
2.511,1.453627167396241e-14,-2.2777226082386555e-13
2.512,1.4331472485622616e-14,-2.2507434020774153e-13
2.513,1.4129456885775799e-14,-2.2240831959067765e-13
2.514,1.3930188060971016e-14,-2.1977382248331252e-13
2.515,1.373362967392699e-14,-2.1717047683113914e-13
2.516,1.3539745857489338e-14,-2.1459791496236979e-13
2.517,1.3348501208663204e-14,-2.120557735364123e-13
2.518,1.3159860782720321e-14,-2.0954369349295097e-13
2.519,1.2973790087379633e-14,-2.0706132000162482e-13
2.52,1.2790255077060521e-14,-2.0460830241229606e-13
2.521,1.2609222147207804e-14,-2.0218429420590216e-13
2.522,1.2430658128687574e-14,-1.9978895294588463e-13
2.523,1.2254530282253042e-14,-1.9742194023018727e-13
2.524,1.2080806293079499e-14,-1.9508292164381822e-13
2.525,1.1909454265367568e-14,-1.9277156671196815e-13
2.526,1.1740442717013892e-14,-1.904875488536787e-13
2.527,1.1573740574348441e-14,-1.8823054533605464e-13
2.528,1.1409317166937608e-14,-1.8600023722901323e-13
2.529,1.1247142222452286e-14,-1.8379630936056465e-13
2.53,1.108718586160014e-14,-1.816184502726171e-13
2.531,1.0929418593121266e-14,-1.7946635217730073e-13
2.532,1.0773811308846469e-14,-1.773397109138039e-13
2.533,1.0620335278817375e-14,-1.752382259057162e-13
2.534,1.046896214646765e-14,-1.7316160011887195e-13
2.535,1.0319663923864522e-14,-1.711095400196886e-13
2.536,1.0172412987009908e-14,-1.6908175553399405e-13
2.537,1.002718207120039e-14,-1.6707796000633714e-13
2.538,9.883944266445316e-15,-1.6509787015977585e-13
2.539,9.742673012942326e-15,-1.6314120605613743e-13
2.54,9.60334209660956e-15,-1.6120769105674504e-13
2.541,9.465925644673896e-15,-1.592970517836053e-13
2.542,9.330398121314484e-15,-1.5740901808105155e-13
2.543,9.196734323360922e-15,-1.5554332297783738e-13
2.544,9.064909376045392e-15,-1.53699702649675e-13
2.545,8.934898728808084e-15,-1.518778963822136e-13
2.546,8.806678151155255e-15,-1.500776465344522e-13
2.547,8.680223728569273e-15,-1.4829869850258205e-13
2.548,8.555511858470017e-15,-1.4654080068425366e-13
2.549,8.43251924622697e-15,-1.4480370444326315e-13
2.55,8.3112229012214e-15,-1.430871640746534e-13
2.551,8.191600132958017e-15,-1.413909367702249e-13
2.552,8.073628547225466e-15,-1.3971478258445157e-13
2.553,7.957286042305083e-15,-1.3805846440079672e-13
2.554,7.842550805227303e-15,-1.3642174789842468e-13
2.555,7.729401308075122e-15,-1.348044015193032e-13
2.556,7.61781630433406e-15,-1.332061964356922e-13
2.557,7.507774825288008e-15,-1.3162690651801434e-13
2.558,7.399256176460436e-15,-1.3006630830310286e-13
2.559,7.29223993410037e-15,-1.285241809628223e-13
2.56,7.18670594171259e-15,-1.2700030627305783e-13
2.561,7.082634306631513e-15,-1.2549446858306869e-13
2.562,6.980005396638208e-15,-1.2400645478520151e-13
2.563,6.878799836620013e-15,-1.225360542849596e-13
2.564,6.778998505272229e-15,-1.2108305897142346e-13
2.565,6.6805825318413636e-15,-1.196472631880189e-13
2.566,6.5835332929094185e-15,-1.1822846370362863e-13
2.567,6.487832409218701e-15,-1.1682645968404283e-13
2.568,6.393461742536669e-15,-1.1544105266374547e-13
2.569,6.300403392560301e-15,-1.1407204651803174e-13
2.57,6.208639693859512e-15,-1.127192474354532e-13
2.571,6.118153212859126e-15,-1.113824638905866e-13
2.572,6.028926744858924e-15,-1.1006150661712251e-13
2.573,5.9409433110913015e-15,-1.0875618858127025e-13
2.574,5.854186155816064e-15,-1.0746632495547515e-13
2.575,5.768638743451898e-15,-1.061917330924446e-13
2.576,5.684284755744077e-15,-1.0493223249947943e-13
2.577,5.601108088967921e-15,-1.0368764481310662e-13
2.578,5.519092851167602e-15,-1.0245779377401024e-13
2.579,5.438223359429836e-15,-1.0124250520225692e-13
2.58,5.358484137192024e-15,-1.0004160697281242e-13
2.581,5.279859911584429e-15,-9.885492899134578e-14
2.582,5.202335610805959e-15,-9.768230317031801e-14
2.583,5.1258963615331305e-15,-9.652356340535154e-14
2.584,5.050527486361814e-15,-9.537854555187752e-14
2.585,4.976214501281346e-15,-9.424708740205742e-14
2.586,4.902943113180598e-15,-9.312902866197597e-14
2.587,4.830699217385626e-15,-9.202421092910209e-14
2.588,4.759468895228482e-15,-9.093247767001463e-14
2.589,4.6892384116468165e-15,-8.985367419839e-14
2.59,4.6199942128138846e-15,-8.878764765324849e-14
2.591,4.551722923798575e-15,-8.773424697745622e-14
2.592,4.48441134625509e-15,-8.669332289647985e-14
2.593,4.4180464561419045e-15,-8.566472789739092e-14
2.594,4.352615401469642e-15,-8.464831620811705e-14
2.595,4.2881055000775105e-15,-8.364394377693701e-14
2.596,4.224504237437929e-15,-8.26514682522168e-14
2.597,4.1617992644890114e-15,-8.167074896238395e-14
2.598,4.0999783954945475e-15,-8.070164689613726e-14
2.599,4.039029605931137e-15,-7.97440246828892e-14
2.6,3.978941030402154e-15,-7.87977465734381e-14
2.601,3.919700960578184e-15,-7.786267842086776e-14
2.602,3.861297843163622e-15,-7.693868766167146e-14
2.603,3.803720277889097e-15,-7.602564329709797e-14
2.604,3.746957015529398e-15,-7.512341587471686e-14
2.605,3.690996955946591e-15,-7.423187747020059e-14
2.606,3.635829146158007e-15,-7.335090166932074e-14
2.607,3.581442778428786e-15,-7.248036355015595e-14
2.608,3.5278271883886827e-15,-7.162013966550912e-14
2.609,3.4749718531728185e-15,-7.07701080255313e-14
2.61,3.422866389586087e-15,-6.993014808054994e-14
2.611,3.3715005522909136e-15,-6.910014070409903e-14
2.612,3.3208642320180834e-15,-6.827996817614883e-14
2.613,3.2709474538003387e-15,-6.746951416653287e-14
2.614,3.2217403752284708e-15,-6.666866371856969e-14
2.615,3.1732332847296214e-15,-6.58773032328774e-14
2.616,3.1254165998675104e-15,-6.50953204513784e-14
2.617,3.0782808656643272e-15,-6.432260444149239e-14
2.618,3.031816752944e-15,-6.35590455805152e-14
2.619,2.9860150566965886e-15,-6.280453554018131e-14
2.62,2.940866694463528e-15,-6.205896727140808e-14
2.621,2.896362704743461e-15,-6.132223498921929e-14
2.622,2.8524942454184114e-15,-6.059423415784611e-14
2.623,2.8092525922000273e-15,-5.987486147600324e-14
2.624,2.7666291370956594e-15,-5.916401486233834e-14
2.625,2.7246153868940134e-15,-5.846159344105254e-14
2.626,2.683202961670136e-15,-5.776749752769018e-14
2.627,2.6423835933094927e-15,-5.708162861509565e-14
2.628,2.6021491240508963e-15,-5.640388935953552e-14
2.629,2.562491505048047e-15,-5.5734183566983815e-14
2.63,2.5234027949494567e-15,-5.50724161795688e-14
2.631,2.484875158496524e-15,-5.4418493262179074e-14
2.632,2.446900865139526e-15,-5.377232198922734e-14
2.633,2.4094722876713115e-15,-5.3133810631569884e-14
2.634,2.372581900878469e-15,-5.250286854357993e-14
2.635,2.3362222802097454e-15,-5.1879406150373153e-14
2.636,2.3003861004615107e-15,-5.126333493518347e-14
2.637,2.2650661344800368e-15,-5.065456742688735e-14
2.638,2.230255251880398e-15,-5.005301718767499e-14
2.639,2.1959464177817685e-15,-4.945859880086652e-14
2.64,2.162132691558922e-15,-4.887122785887164e-14
2.641,2.12880722560972e-15,-4.829082095129086e-14
2.642,2.095963264138399e-15,-4.771729565315685e-14
2.643,2.063594141954443e-15,-4.715057051331413e-14
2.644,2.031693283286859e-15,-4.659056504293558e-14
2.645,2.0002542006136554e-15,-4.6037199704173965e-14
2.646,1.96927049350633e-15,-4.5490395898947216e-14
2.647,1.938735847489182e-15,-4.4950075957855516e-14
2.648,1.9086440329132592e-15,-4.4416163129228995e-14
2.649,1.878988903844759e-15,-4.3888581568304206e-14
2.65,1.849764396967696e-15,-4.33672563265281e-14
2.651,1.8209645305006615e-15,-4.285211334098784e-14
2.652,1.792583403127493e-15,-4.2343079423965083e-14
2.653,1.76461519294168e-15,-4.184008225261317e-14
2.654,1.7370541564043366e-15,-4.1343050358755907e-14
2.655,1.7098946273155606e-15,-4.085191311880636e-14
2.656,1.6831310157990193e-15,-4.0366600743804385e-14
2.657,1.6567578072995906e-15,-3.9887044269571426e-14
2.658,1.6307695615938946e-15,-3.941317554698121e-14
2.659,1.6051609118135542e-15,-3.8944927232344975e-14
2.66,1.5799265634810233e-15,-3.848223277790997e-14
2.661,1.5550612935578237e-15,-3.802502642246971e-14
2.662,1.5305599495050343e-15,-3.7573243182084894e-14
2.663,1.5064174483558778e-15,-3.712681884091351e-14
2.664,1.48262877580025e-15,-3.668568994214894e-14
2.665,1.4591889852810448e-15,-3.6249793779064776e-14
2.666,1.4360931971021227e-15,-3.5819068386165036e-14
2.667,1.4133365975477738e-15,-3.5393452530438685e-14
2.668,1.3909144380135354e-15,-3.497288570271702e-14
2.669,1.3688220341482153e-15,-3.4557308109132954e-14
2.67,1.3470547650069814e-15,-3.414666066268078e-14
2.671,1.3256080722153778e-15,-3.374088497487538e-14
2.672,1.3044774591441265e-15,-3.333992334750967e-14
2.673,1.2836584900945818e-15,-3.29437187645091e-14
2.674,1.2631467894946995e-15,-3.255221488388208e-14
2.675,1.2429380411053882e-15,-3.2165356029765237e-14
2.676,1.2230279872371135e-15,-3.1783087184562356e-14
2.677,1.2034124279766204e-15,-3.140535398117589e-14
2.678,1.1840872204236508e-15,-3.103210269533002e-14
2.679,1.165048277937526e-15,-3.066328023798406e-14
2.68,1.1462915693934697e-15,-3.029883414783533e-14
2.681,1.1278131184485493e-15,-2.993871258391028e-14
2.682,1.1096090028171105e-15,-2.9582864318242854e-14
2.683,1.091675353555589e-15,-2.92312387286392e-14
2.684,1.0740083543565754e-15,-2.888378579152752e-14
2.685,1.0566042408520201e-15,-2.854045607489223e-14
2.686,1.0394592999254592e-15,-2.8201200731291308e-14
2.687,1.0225698690331476e-15,-2.786597149095591e-14
2.688,1.0059323355339874e-15,-2.7534720654971333e-14
2.689,9.895431360281375e-16,-2.7207401088538242e-14
2.69,9.733987557041966e-16,-2.6883966214313373e-14
2.691,9.574957276948471e-16,-2.656437000582863e-14
2.692,9.418306324408574e-16,-2.624856698098776e-14
2.693,9.264000970633306e-16,-2.5936512195639658e-14
2.694,9.11200794744099e-16,-2.562816123722737e-14
2.695,8.962294441141588e-16,-2.5323470218511962e-14
2.696,8.814828086500419e-16,-2.502239577137033e-14
2.697,8.669576960780272e-16,-2.4724895040666108e-14
2.698,8.526509577860862e-16,-2.443092567819278e-14
2.699,8.385594882434698e-16,-2.41404458366882e-14
2.7,8.246802244278353e-16,-2.385341416391963e-14
2.701,8.110101452598187e-16,-2.3569789796838492e-14
2.702,7.975462710449582e-16,-2.328953235580401e-14
2.703,7.842856629228734e-16,-2.3012601938874923e-14
2.704,7.712254223236094e-16,-2.273895911616849e-14
2.705,7.583626904310532e-16,-2.2468564924285977e-14
2.706,7.456946476533332e-16,-2.220138086080382e-14
2.707,7.332185131001116e-16,-2.193736887882978e-14
2.708,7.209315440666825e-16,-2.1676491381623204e-14
2.709,7.088310355247884e-16,-2.141871121727872e-14
2.71,6.969143196200701e-16,-2.1163991673472623e-14
2.711,6.851787651760638e-16,-2.0912296472271157e-14
2.712,6.736217772046636e-16,-2.0663589765000016e-14
2.713,6.622407964229643e-16,-2.0417836127174312e-14
2.714,6.510332987764067e-16,-2.017500055348833e-14
2.715,6.399967949681407e-16,-1.9935048452864343e-14
2.716,6.291288299945292e-16,-1.969794564355978e-14
2.717,6.184269826867142e-16,-1.946365834833211e-14
2.718,6.078888652581664e-16,-1.923215318966071e-14
2.719,5.975121228581421e-16,-1.900339718502507e-14
2.72,5.872944331309733e-16,-1.877735774223867e-14
2.721,5.772335057811139e-16,-1.8554002654837892e-14
2.722,5.673270821438698e-16,-1.8333300097525266e-14
2.723,5.575729347617399e-16,-1.8115218621666483e-14
2.724,5.479688669662965e-16,-1.7899727150840482e-14
2.725,5.3851271246553255e-16,-1.7686794976442014e-14
2.726,5.292023349366078e-16,-1.747639175333606e-14
2.727,5.200356276239231e-16,-1.7268487495563512e-14
2.728,5.110105129424553e-16,-1.7063052572097455e-14
2.729,5.02124942086285e-16,-1.6860057702649546e-14
2.73,4.933768946422506e-16,-1.6659473953525805e-14
2.731,4.84764378208663e-16,-1.6461272733531307e-14
2.732,4.762854280190152e-16,-1.6265425789923157e-14
2.733,4.679381065706247e-16,-1.607190520441121e-14
2.734,4.59720503258143e-16,-1.5880683389205957e-14
2.735,4.516307340118706e-16,-1.569173308311301e-14
2.736,4.43666940940817e-16,-1.5505027347673667e-14
2.737,4.358272919804422e-16,-1.5320539563350995e-14
2.738,4.2810998054502254e-16,-1.5138243425760906e-14
2.739,4.2051322518457833e-16,-1.495811294194767e-14
2.74,4.130352692463074e-16,-1.478012242670339e-14
2.741,4.056743805404648e-16,-1.4604246498930868e-14
2.742,3.984288510106321e-16,-1.4430460078049397e-14
2.743,3.912969964083198e-16,-1.4258738380442933e-14
2.744,3.8427715597184713e-16,-1.4089056915950186e-14
2.745,3.7736769210944407e-16,-1.3921391484396111e-14
2.746,3.7056699008652125e-16,-1.3755718172164313e-14
2.747,3.6387345771705395e-16,-1.3592013348809905e-14
2.748,3.572855250590276e-16,-1.3430253663712311e-14
2.749,3.508016441138918e-16,-1.3270416042767574e-14
2.75,3.4442028852997203e-16,-1.3112477685119686e-14
2.751,3.3813995330978704e-16,-1.2956416059930482e-14
2.752,3.319591545212226e-16,-1.2802208903187648e-14
2.753,3.258764290125111e-16,-1.2649834214550399e-14
2.754,3.198903341309682e-16,-1.249927025423237e-14
2.755,3.1399944744543807e-16,-1.2350495539921287e-14
2.756,3.082023664723995e-16,-1.2203488843735e-14
2.757,3.0249770840568495e-16,-1.205822918921342e-14
2.758,2.968841098497671e-16,-1.1914695848345969e-14
2.759,2.913602265565655e-16,-1.1772868338634095e-14
2.76,2.859247331657286e-16,-1.1632726420188463e-14
2.761,2.8057632294834647e-16,-1.1494250092860411e-14
2.762,2.7531370755404896e-16,-1.1357419593407236e-14
2.763,2.7013561676144657e-16,-1.1222215392690961e-14
2.764,2.6504079823187006e-16,-1.1088618192910152e-14
2.765,2.600280172663664e-16,-1.0956608924864405e-14
2.766,2.5509605656590893e-16,-1.0826168745251131e-14
2.767,2.5024371599478044e-16,-1.069727903399424e-14
2.768,2.454698123470873e-16,-1.056992139160435e-14
2.769,2.4077317911636503e-16,-1.044407763657017e-14
2.77,2.3615266626823444e-16,-1.0319729802780672e-14
2.771,2.3160714001606974e-16,-1.0196860136977679e-14
2.772,2.271354825996388e-16,-1.0075451096238539e-14
2.773,2.227365920666772e-16,-9.955485345488517e-15
2.774,2.1840938205735836e-16,-9.83694575504254e-15
2.775,2.1415278159162224e-16,-9.719815398175977e-15
2.776,2.099657348593248e-16,-9.60407754872409e-15
2.777,2.0584720101317256e-16,-9.489715678709824e-15
2.778,2.0179615396440564e-16,-9.376713455999614e-15
2.779,1.9781158218119344e-16,-9.265054741986858e-15
2.78,1.9389248848970827e-16,-9.154723589302752e-15
2.781,1.9003788987784172e-16,-9.045704239554136e-15
2.782,1.8624681730152967e-16,-8.937981121088071e-15
2.783,1.8251831549365186e-16,-8.831538846782794e-15
2.784,1.7885144277547274e-16,-8.72636221186477e-15
2.785,1.7524527087059067e-16,-8.622436191751515e-15
2.786,1.7169888472136236e-16,-8.51974593991988e-15
2.787,1.6821138230777094e-16,-8.418276785799535e-15
2.788,1.6478187446870565e-16,-8.318014232691307e-15
2.789,1.6140948472562152e-16,-8.218943955710103e-15
2.79,1.5809334910854856e-16,-8.121051799752138e-15
2.791,1.5483261598441947e-16,-8.024323777486154e-15
2.792,1.5162644588768579e-16,-7.928746067368378e-15
2.793,1.4847401135319288e-16,-7.834305011680912e-15
2.794,1.4537449675128397e-16,-7.740987114593293e-15
2.795,1.423270981251044e-16,-7.648779040246962e-15
2.796,1.393310230300775e-16,-7.557667610862328e-15
2.797,1.3638549037552373e-16,-7.467639804868221e-15
2.798,1.3348973026839464e-16,-7.378682755053422e-15
2.799,1.3064298385909512e-16,-7.290783746740031e-15
2.8,1.2784450318936545e-16,-7.20393021597841e-15
2.801,1.2509355104219745e-16,-7.118109747763452e-15
2.802,1.22389400793757e-16,-7.033310074271915e-15
2.803,1.1973133626728802e-16,-6.949519073120588e-15
2.804,1.1711865158897064e-16,-6.86672476564502e-15
2.805,1.1455065104570927e-16,-6.784915315198595e-15
2.806,1.1202664894482466e-16,-6.704079025471697e-15
2.807,1.0954596947562501e-16,-6.6242043388307305e-15
2.808,1.0710794657283204e-16,-6.545279834676769e-15
2.809,1.0471192378183732e-16,-6.467294227823588e-15
2.81,1.0235725412576518e-16,-6.390236366894874e-15
2.811,1.000432999743184e-16,-6.314095232740353e-15
2.812,9.77694329143834e-17,-6.23885993687065e-15
2.813,9.55350336223719e-17,-6.164519719910632e-15
2.814,9.333949173827639e-17,-6.091063950071028e-15
2.815,9.118220574141673e-17,-6.018482121638109e-15
2.816,8.906258282785606e-17,-5.946763853481215e-15
2.817,8.698003878946368e-17,-5.8758988875779194e-15
2.818,8.493399789460394e-17,-5.8058770875566155e-15
2.819,8.292389277042905e-17,-5.736688437256336e-15
2.82,8.094916428675552e-17,-5.66832303930358e-15
2.821,7.900926144150291e-17,-5.600771113705969e-15
2.822,7.710364124767462e-17,-5.534022996462514e-15
2.823,7.52317686218605e-17,-5.4680691381903175e-15
2.824,7.339311627424115e-17,-5.402900102767493e-15
2.825,7.158716460007436e-17,-5.338506565992137e-15
2.826,6.981340157264399e-17,-5.274879314257138e-15
2.827,6.80713226376524e-17,-5.212009243240659e-15
2.828,6.636043060903712e-17,-5.14988735661209e-15
2.829,6.468023556619314e-17,-5.0885047647533055e-15
2.83,6.303025475258252e-17,-5.027852683495021e-15
2.831,6.141001247571279e-17,-4.967922432868106e-15
2.832,5.981904000846632e-17,-4.90870543586964e-15
2.833,5.825687549176267e-17,-4.850193217243569e-15
2.834,5.672306383853669e-17,-4.792377402275761e-15
2.835,5.5217156639014745e-17,-4.7352497156033214e-15
2.836,5.3738712067272036e-17,-4.678801980037973e-15
2.837,5.228729478905425e-17,-4.623026115403354e-15
2.838,5.086247587084674e-17,-4.567914137386048e-15
2.839,4.9463832690174847e-17,-4.513458156400219e-15
2.84,4.8090948847119086e-17,-4.459650376465652e-15
2.841,4.674341407702925e-17,-4.4064830940990625e-15
2.842,4.542082416442147e-17,-4.35394869721852e-15
2.843,4.412278085804279e-17,-4.302039664060819e-15
2.844,4.2848891787087657e-17,-4.250748562111656e-15
2.845,4.159877037855128e-17,-4.2000680470484485e-15
2.846,4.03720357757047e-17,-4.149990861695663e-15
2.847,3.916831275767682e-17,-4.1005098349924885e-15
2.848,3.7987231660128774e-17,-4.051617880972726e-15
2.849,3.6828428297006114e-17,-4.003307997756729e-15
2.85,3.5691543883354655e-17,-3.955573266555276e-15
2.851,3.4576224959185805e-17,-3.908406850685216e-15
2.852,3.348212331437757e-17,-3.861801994596754e-15
2.853,3.24088959145975e-17,-3.81575202291225e-15
2.854,3.135620482823401e-17,-3.77025033947637e-15
2.855,3.0323717154322737e-17,-3.725290426417485e-15
2.856,2.9311104951454807e-17,-3.680865843220162e-15
2.857,2.831804516765386e-17,-3.636970225808625e-15
2.858,2.7344219571209144e-17,-3.5935972856410666e-15
2.859,2.6389314682451918e-17,-3.550740808814652e-15
2.86,2.54530217064626e-17,-3.5083946551811333e-15
2.861,2.4535036466696427e-17,-3.466552757472903e-15
2.862,2.3635059339515366e-17,-3.425209120439398e-15
2.863,2.275279518961422e-17,-3.3843578199937148e-15
2.864,2.188795330632912e-17,-3.343993002369318e-15
2.865,2.104024734081661e-17,-3.3041088832867276e-15
2.866,2.020939524409181e-17,-3.26469974713006e-15
2.867,1.9395119205914218e-17,-3.225759946133315e-15
2.868,1.8597145594509838e-17,-3.1872838995762836e-15
2.869,1.7815204897118585e-17,-3.1492660929899744e-15
2.87,1.7049031661355935e-17,-3.111701077371435e-15
2.871,1.6298364437377977e-17,-3.074583468407865e-15
2.872,1.556294572083921e-17,-3.0379079457099106e-15
2.873,1.4842521896632483e-17,-3.001669252054025e-15
2.874,1.413684318340069e-17,-2.9658621926337983e-15
2.875,1.3445663578809932e-17,-2.9304816343201434e-15
2.876,1.2768740805573958e-17,-2.8955225049302332e-15
2.877,1.2105836258219926e-17,-2.8609797925050927e-15
2.878,1.1456714950585545e-17,-2.826848544595734e-15
2.879,1.0821145464037872e-17,-2.793123867557744e-15
2.88,1.0198899896404107e-17,-2.759800925854212e-15
2.881,9.589753811604903e-18,-2.7268749413669145e-15
2.882,8.993486189980791e-18,-2.694341192715643e-15
2.883,8.409879379302464e-18,-2.6621950145855943e-15
2.884,7.838719046455792e-18,-2.6304317970627136e-15
2.885,7.279794129792536e-18,-2.599046984976909e-15
2.886,6.7328967921378575e-18,-2.5680360772530358e-15
2.887,6.197822374445847e-18,-2.5373946262695623e-15
2.888,5.674369350094397e-18,-2.5071182372248267e-15
2.889,5.16233927981086e-18,-2.477202567510794e-15
2.89,4.6615367672200466e-18,-2.447643326094225e-15
2.891,4.171769415006226e-18,-2.418436272905169e-15
2.892,3.692847781680909e-18,-2.389577218232697e-15
2.893,3.2245853389482872e-18,-2.3610620221277833e-15
2.894,2.7667984296603177e-18,-2.332886593813259e-15
2.895,2.3193062263535516e-18,-2.3050468911007473e-15
2.896,1.8819306903598926e-18,-2.2775389198145007e-15
2.897,1.4544965314835895e-18,-2.2503587332220597e-15
2.898,1.03683116823686e-18,-2.2235024314716523e-15
2.899,6.287646886266453e-19,-2.196966161036248e-15
2.9,2.3012981148508896e-19,-2.1707461141642014e-15
2.901,-1.5923815166356197e-19,-2.1448385283363928e-15
2.902,-5.395013342068477e-19,-2.119239685729798e-15
2.903,-9.108193515258922e-19,-2.093945912687409e-15
2.904,-1.273349337562128e-18,-2.0689535791944306e-15
2.905,-1.6272459808758816e-18,-2.044259098360678e-15
2.906,-1.972661560203656e-18,-2.0198589259091025e-15
2.907,-2.3097459795208628e-18,-1.9957495596703727e-15
2.908,-2.6386468026166633e-18,-1.9719275390834428e-15
2.909,-2.959509287187492e-18,-1.9483894447020305e-15
2.91,-3.272476418455752e-18,-1.9251318977069405e-15
2.911,-3.57768894232008e-18,-1.902151559424164e-15
2.912,-3.875285398043499e-18,-1.879445130848681e-15
2.913,-4.1654021504857055e-18,-1.8570093521739045e-15
2.914,-4.4481734218856186e-18,-1.8348410023266974e-15
2.915,-4.723731323200292e-18,-1.81293689850789e-15
2.916,-4.992205885006153e-18,-1.7912938957382484e-15
2.917,-5.2537250879685074e-18,-1.7699088864098108e-15
2.918,-5.508414892885125e-18,-1.7487787998425418e-15
2.919,-5.7563992703096705e-18,-1.7279006018462369e-15
2.92,-5.9978002297606696e-18,-1.7072712942876146e-15
2.921,-6.232737848521605e-18,-1.686887914662536e-15
2.922,-6.461330300037686e-18,-1.6667475356732916e-15
2.923,-6.6836938819147455e-18,-1.6468472648108923e-15
2.924,-6.899943043525656e-18,-1.6271842439423124e-15
2.925,-7.110190413229582e-18,-1.607755648902616e-15
2.926,-7.31454682520932e-18,-1.5885586890919193e-15
2.927,-7.513121345931886e-18,-1.5695906070771246e-15
2.928,-7.70602130023749e-18,-1.5508486781983714e-15
2.929,-7.893352297061912e-18,-1.5323302101801515e-15
2.93,-8.075218254797273e-18,-1.5140325427470282e-15
2.931,-8.2517214262961e-18,-1.4959530472439097e-15
2.932,-8.422962423523528e-18,-1.4780891262608199e-15
2.933,-8.589040241862436e-18,-1.4604382132621144e-15
2.934,-8.75005228407622e-18,-1.4429977722200899e-15
2.935,-8.906094383933856e-18,-1.4257652972529323e-15
2.936,-9.057260829501862e-18,-1.4087383122669575e-15
2.937,-9.203644386107667e-18,-1.3919143706030867e-15
2.938,-9.345336318978893e-18,-1.3752910546875138e-15
2.939,-9.482426415562928e-18,-1.358865975686509e-15
2.94,-9.61500300753117e-18,-1.3426367731653145e-15
2.941,-9.743152992472232e-18,-1.3266011147510806e-15
2.942,-9.866961855278336e-18,-1.3107566957997951e-15
2.943,-9.986513689229107e-18,-1.2951012390671614e-15
2.944,-1.0101891216776858e-17,-1.2796324943833739e-15
2.945,-1.0213175810037482e-17,-1.264348238331749e-15
2.946,-1.0320447510990939e-17,-1.2492462739311635e-15
2.947,-1.0423785051395308e-17,-1.2343244303222563e-15
2.948,-1.0523265872418331e-17,-1.2195805624573485e-15
2.949,-1.0618966143990313e-17,-1.2050125507940388e-15
2.95,-1.0710960783882152e-17,-1.1906183009924286e-15
2.951,-1.079932347651231e-17,-1.1763957436159372e-15
2.952,-1.0884126691486404e-17,-1.1623428338356614e-15
2.953,-1.0965441701873062e-17,-1.148457551138239e-15
2.954,-1.1043338602219713e-17,-1.1347378990371753e-15
2.955,-1.11178863263118e-17,-1.1211819047875902e-15
2.956,-1.1189152664678992e-17,-1.1077876191043473e-15
2.957,-1.1257204281851842e-17,-1.094553115883522e-15
2.958,-1.1322106733372293e-17,-1.0814764919271736e-15
2.959,-1.1383924482561454e-17,-1.0685558666713769e-15
2.96,-1.1442720917047939e-17,-1.0557893819174795e-15
2.961,-1.1498558365060078e-17,-1.0431752015665444e-15
2.962,-1.155149811148523e-17,-1.0307115113569392e-15
2.963,-1.1601600413699416e-17,-1.0183965186050375e-15
2.964,-1.1648924517170417e-17,-1.0062284519489931e-15
2.965,-1.169352867083745e-17,-9.942055610955521e-16
2.966,-1.1735470142270512e-17,-9.823261165698658e-16
2.967,-1.1774805232612408e-17,-9.705884094682708e-16
2.968,-1.1811589291306463e-17,-9.589907512139992e-16
2.969,-1.1845876730612877e-17,-9.475314733157847e-16
2.97,-1.1877721039916622e-17,-9.362089271293305e-16
2.971,-1.1907174799829771e-17,-9.250214836216069e-16
2.972,-1.1934289696091073e-17,-9.139675331379414e-16
2.973,-1.1959116533265604e-17,-9.030454851718713e-16
2.974,-1.1981705248247212e-17,-8.92253768137725e-16
2.975,-1.2002104923566528e-17,-8.815908291458995e-16
2.976,-1.2020363800507182e-17,-8.710551337808029e-16
2.977,-1.203652929203291e-17,-8.606451658814303e-16
2.978,-1.2050647995528156e-17,-8.503594273245398e-16
2.979,-1.2062765705354731e-17,-8.40196437810402e-16
2.98,-1.2072927425227116e-17,-8.301547346510882e-16
2.981,-1.2081177380408868e-17,-8.202328725612707e-16
2.982,-1.2087559029732664e-17,-8.104294234515024e-16
2.983,-1.2092115077446368e-17,-8.007429762239491e-16
2.984,-1.2094887484887585e-17,-7.911721365705438e-16
2.985,-1.209591748198904e-17,-7.817155267735346e-16
2.986,-1.2095245578617171e-17,-7.723717855083985e-16
2.987,-1.2092911575746197e-17,-7.631395676490924e-16
2.988,-1.208895457647001e-17,-7.540175440756136e-16
2.989,-1.2083412996854081e-17,-7.45004401483843e-16
2.99,-1.2076324576629655e-17,-7.360988421976439e-16
2.991,-1.2067726389732398e-17,-7.272995839831886e-16
2.992,-1.2057654854687671e-17,-7.186053598654891e-16
2.993,-1.2046145744844564e-17,-7.100149179471014e-16
2.994,-1.2033234198460798e-17,-7.015270212289826e-16
2.995,-1.2018954728640562e-17,-6.931404474334721e-16
2.996,-1.2003341233127356e-17,-6.84853988829372e-16
2.997,-1.1986427003953842e-17,-6.766664520591036e-16
2.998,-1.19682447369507e-17,-6.685766579679136e-16
2.999,-1.1948826541116471e-17,-6.605834414351063e-16
3.0,-1.1928203947850318e-17,-6.526856512072784e-16
3.001,-1.1906407920049609e-17,-6.44882149733532e-16
3.002,-1.1883468861074234e-17,-6.371718130026425e-16
3.003,-1.1859416623579507e-17,-6.295535303821578e-16
3.004,-1.1834280518219485e-17,-6.22026204459408e-16
3.005,-1.1808089322222535e-17,-6.145887508843992e-16
3.006,-1.178087128784092e-17,-6.072400982145736e-16
3.007,-1.1752654150676177e-17,-5.999791877614097e-16
3.008,-1.1723465137882031e-17,-5.928049734388432e-16
3.009,-1.169333097624656e-17,-5.857164216134871e-16
3.01,-1.1662277900155293e-17,-5.78712510956628e-16
3.011,-1.163033165943693e-17,-5.717922322979789e-16
3.012,-1.159751752709333e-17,-5.64954588481168e-16
3.013,-1.1563860306915376e-17,-5.581985942209412e-16
3.014,-1.1529384340986334e-17,-5.515232759620603e-16
3.015,-1.1494113517074296e-17,-5.449276717398742e-16
3.016,-1.1458071275915251e-17,-5.384108310425466e-16
3.017,-1.1421280618388329e-17,-5.319718146749166e-16
3.018,-1.1383764112584736e-17,-5.256096946239768e-16
3.019,-1.1345543900771894e-17,-5.193235539259461e-16
3.02,-1.1306641706254234e-17,-5.131124865349218e-16
3.021,-1.1267078840132116e-17,-5.069755971930892e-16
3.022,-1.1226876207960323e-17,-5.009120013024727e-16
3.023,-1.1186054316307524e-17,-4.949208247982077e-16
3.024,-1.1144633279218123e-17,-4.890012040233182e-16
3.025,-1.1102632824577867e-17,-4.831522856049794e-16
3.026,-1.1060072300384574e-17,-4.7737322633225e-16
3.027,-1.1016970680925315e-17,-4.716631930352548e-16
3.028,-1.0973346572861404e-17,-4.660213624658021e-16
3.029,-1.0929218221222448e-17,-4.604469211794178e-16
3.03,-1.0884603515310806e-17,-4.549390654187804e-16
3.031,-1.083951999451769e-17,-4.494970009985387e-16
3.032,-1.0793984854052156e-17,-4.441199431914977e-16
3.033,-1.0748014950584248e-17,-4.388071166161552e-16
3.034,-1.0701626807803508e-17,-4.335577551255734e-16
3.035,-1.0654836621894021e-17,-4.283711016975703e-16
3.036,-1.0607660266927235e-17,-4.2324640832621394e-16
3.037,-1.0560113300173678e-17,-4.1818293591460557e-16
3.038,-1.0512210967334758e-17,-4.131799541689352e-16
3.039,-1.0463968207695756e-17,-4.082367414937953e-16
3.04,-1.0415399659201169e-17,-4.0335258488873725e-16
3.041,-1.0366519663453476e-17,-3.98526779846056e-16
3.042,-1.031734227063643e-17,-3.937586302497884e-16
3.043,-1.0267881244363975e-17,-3.8904744827591086e-16
3.044,-1.021815006645581e-17,-3.8439255429372184e-16
3.045,-1.0168161941640675e-17,-3.7979327676839536e-16
3.046,-1.0117929802188393e-17,-3.752489521646918e-16
3.047,-1.0067466312471664e-17,-3.707589248518119e-16
3.048,-1.0016783873458643e-17,-3.6632254700938067e-16
3.049,-9.965894627137274e-18,-3.619391785345475e-16
3.05,-9.914810460872367e-18,-3.5760818695019007e-16
3.051,-9.86354301169638e-18,-3.533289473142075e-16
3.052,-9.812103670534842e-18,-3.491008421298916e-16
3.053,-9.760503586367394e-18,-3.4492326125736194e-16
3.054,-9.708753670325316e-18,-3.407956018260529e-16
3.055,-9.65686459972651e-18,-3.3671726814824e-16
3.056,-9.604846822048788e-18,-3.326876716335936e-16
3.057,-9.55271055884239e-18,-3.2870623070474675e-16
3.058,-9.50046580958258e-18,-3.247723707138666e-16
3.059,-9.448122355463206e-18,-3.20885523860216e-16
3.06,-9.395689763132047e-18,-3.170451291086949e-16
3.061,-9.343177388368816e-18,-3.1325063210934893e-16
3.062,-9.290594379706618e-18,-3.0950148511783415e-16
3.063,-9.237949681997702e-18,-3.0579714691682647e-16
3.064,-9.185252039924297e-18,-3.0213708273836477e-16
3.065,-9.132510001455329e-18,-2.9852076418711634e-16
3.066,-9.07973192124981e-18,-2.9494766916455387e-16
3.067,-9.026925964007655e-18,-2.9141728179403334e-16
3.068,-8.974100107768692e-18,-2.8792909234676154e-16
3.069,-8.921262147160642e-18,-2.8448259716864353e-16
3.07,-8.868419696596747e-18,-2.8107729860799884e-16
3.071,-8.815580193423862e-18,-2.7771270494413656e-16
3.072,-8.762750901021642e-18,-2.7438833031677884e-16
3.073,-8.709938911853599e-18,-2.711036946563231e-16
3.074,-8.657151150470695e-18,-2.678583236149326e-16
3.075,-8.604394376468176e-18,-2.6465174849844577e-16
3.076,-8.551675187396317e-18,-2.6148350619909463e-16
3.077,-8.499000021625752e-18,-2.583531391290226e-16
3.078,-8.446375161168062e-18,-2.5526019515459193e-16
3.079,-8.393806734452251e-18,-2.5220422753147236e-16
3.08,-8.341300719057777e-18,-2.4918479484050047e-16
3.081,-8.288862944404744e-18,-2.4620146092430134e-16
3.082,-8.236499094401929e-18,-2.432537948246634e-16
3.083,-8.184214710053187e-18,-2.403413707206576e-16
3.084,-8.132015192022919e-18,-2.374637678674914e-16
3.085,-8.079905803161153e-18,-2.3462057053609015e-16
3.086,-8.027891670988839e-18,-2.3181136795339565e-16
3.087,-7.97597779014396e-18,-2.2903575424337486e-16
3.088,-7.924169024789007e-18,-2.262933283687293e-16
3.089,-7.872470110980401e-18,-2.2358369407329734e-16
3.09,-7.820885659000423e-18,-2.20906459825141e-16
3.091,-7.769420155652186e-18,-2.18261238760309e-16
3.092,-7.718077966518214e-18,-2.1564764862726855e-16
3.093,-7.666863338183146e-18,-2.130653117319972e-16
3.094,-7.615780400421105e-18,-2.1051385488372754e-16
3.095,-7.56483316834824e-18,-2.0799290934133666e-16
3.096,-7.514025544540973e-18,-2.0550211076037297e-16
3.097,-7.46336132112044e-18,-2.030410991407124e-16
3.098,-7.412844181803628e-18,-2.0060951877483707e-16
3.099,-7.362477703921715e-18,-1.9820701819672862e-16
3.1,-7.312265360406074e-18,-1.9583325013136913e-16
3.101,-7.262210521742438e-18,-1.9348787144484206e-16
3.102,-7.212316457893697e-18,-1.9117054309502684e-16
3.103,-7.162586340191772e-18,-1.888809300828791e-16
3.104,-7.113023243199058e-18,-1.8661870140429047e-16
3.105,-7.063630146539849e-18,-1.8438353000252032e-16
3.106,-7.014409936702225e-18,-1.8217509272119332e-16
3.107,-6.965365408810822e-18,-1.7999307025785564e-16
3.108,-6.91649926837092e-18,-1.7783714711808327e-16
3.109,-6.8678141329842715e-18,-1.7570701157013612e-16
3.11,-6.8193125340371144e-18,-1.7360235560015107e-16
3.111,-6.7709969183607506e-18,-1.7152287486786784e-16
3.112,-6.722869649865124e-18,-1.6946826866288127e-16
3.113,-6.674933011145793e-18,-1.6743823986141374e-16
3.114,-6.627189205064696e-18,-1.6543249488360165e-16
3.115,-6.579640356305097e-18,-1.634507436512896e-16
3.116,-6.532288512901105e-18,-1.6149269954632663e-16
3.117,-6.485135647742148e-18,-1.5955807936935826e-16
3.118,-6.438183660052769e-18,-1.5764660329910858e-16
3.119,-6.391434376848122e-18,-1.557579948521464e-16
3.12,-6.3448895543655285e-18,-1.5389198084313006e-16
3.121,-6.298550879472458e-18,-1.5204829134552488e-16
3.122,-6.252419971051286e-18,-1.5022665965278774e-16
3.123,-6.206498381361175e-18,-1.4842682224001332e-16
3.124,-6.160787597377423e-18,-1.4664851872603642e-16
3.125,-6.115289042108635e-18,-1.4489149183598506e-16
3.126,-6.070004075892025e-18,-1.431554873642789e-16
3.127,-6.0249339976672025e-18,-1.4144025413806761e-16
3.128,-5.980080046228755e-18,-1.3974554398110439e-16
3.129,-5.935443401457955e-18,-1.3807111167804874e-16
3.13,-5.891025185533901e-18,-1.3641671493919426e-16
3.131,-5.846826464124411e-18,-1.3478211436561562e-16
3.132,-5.802848247556967e-18,-1.331670734147303e-16
3.133,-5.759091491970025e-18,-1.315713583662699e-16
3.134,-5.715557100444976e-18,-1.2999473828865615e-16
3.135,-5.672245924119062e-18,-1.2843698500577702e-16
3.136,-5.629158763279532e-18,-1.2689787306415793e-16
3.137,-5.5862963684393236e-18,-1.2537717970052342e-16
3.138,-5.543659441394559e-18,-1.2387468480974497e-16
3.139,-5.501248636264118e-18,-1.2239017091316978e-16
3.14,-5.459064560511579e-18,-1.2092342312732647e-16
3.141,-5.417107775949784e-18,-1.194742291330032e-16
3.142,-5.375378799728306e-18,-1.180423791446934e-16
3.143,-5.333878105304062e-18,-1.1662766588040512e-16
3.144,-5.292606123395357e-18,-1.1522988453182974e-16
3.145,-5.2515632429195825e-18,-1.1384883273486522e-16
3.146,-5.210749811914847e-18,-1.124843105404904e-16
3.147,-5.170166138445771e-18,-1.1113612038598565e-16
3.148,-5.12981249149369e-18,-1.0980406706649596e-16
3.149,-5.089689101831519e-18,-1.0848795770693245e-16
3.15,-5.0497961628834916e-18,-1.0718760173420817e-16
3.151,-5.010133831570034e-18,-1.059028108498042e-16
3.152,-4.970702229137983e-18,-1.0463339900266228e-16
3.153,-4.9315014419763834e-18,-1.0337918236239997e-16
3.154,-4.892531522418088e-18,-1.0213997929284451e-16
3.155,-4.853792489527378e-18,-1.009156103258816e-16
3.156,-4.815284329873823e-18,-9.97058981356155e-17
3.157,-4.777006998292588e-18,-9.851066751283642e-17
3.158,-4.738960418631411e-18,-9.732974533979198e-17
3.159,-4.7011444844844405e-18,-9.616296056525872e-17
3.16,-4.663559059913156e-18,-9.501014417991043e-17
3.161,-4.626203980154558e-18,-9.387112919197952e-17
3.162,-4.589079052316839e-18,-9.274575060320805e-17
3.163,-4.552184056062718e-18,-9.163384538508511e-17
3.164,-4.515518744280637e-18,-9.053525245536678e-17
3.165,-4.479082843744022e-18,-8.944981265487585e-17
3.166,-4.4428760557587694e-18,-8.837736872457738e-17
3.167,-4.406898056799166e-18,-8.731776528292728e-17
3.168,-4.371148499132413e-18,-8.627084880349058e-17
3.169,-4.335627011431938e-18,-8.52364675928258e-17
3.17,-4.300333199379662e-18,-8.421447176863295e-17
3.171,-4.2652666462574104e-18,-8.320471323816136e-17
3.172,-4.2304269135276284e-18,-8.220704567687463e-17
3.173,-4.195813541403574e-18,-8.122132450736957e-17
3.174,-4.161426049409147e-18,-8.024740687854606e-17
3.175,-4.127263936928536e-18,-7.928515164502487e-17
3.176,-4.093326683745826e-18,-7.833441934681055e-17
3.177,-4.0596137505747316e-18,-7.739507218919632e-17
3.178,-4.0261245795786234e-18,-7.646697402290834e-17
3.179,-3.992858594880983e-18,-7.554999032448623e-17
3.18,-3.959815203066458e-18,-7.464398817689725e-17
3.181,-3.9269937936726466e-18,-7.374883625038123e-17
3.182,-3.894393739672787e-18,-7.286440478352361e-17
3.183,-3.8620143979494625e-18,-7.199056556455376e-17
3.184,-3.829855109759503e-18,-7.112719191286605e-17
3.185,-3.797915201190187e-18,-7.027415866076083e-17
3.186,-3.7661939836069195e-18,-6.943134213540295e-17
3.187,-3.734690754092493e-18,-6.859862014099494e-17
3.188,-3.7034047958780836e-18,-6.777587194116264e-17
3.189,-3.6723353787661124e-18,-6.69629782415504e-17
3.19,-3.641481759545098e-18,-6.615982117262365e-17
3.191,-3.610843182396635e-18,-6.536628427267616e-17
3.192,-3.580418879294627e-18,-6.458225247103975e-17
3.193,-3.55020807039689e-18,-6.380761207149392e-17
3.194,-3.520209964429261e-18,-6.304225073587291e-17
3.195,-3.490423759062328e-18,-6.228605746786821e-17
3.196,-3.4608486412808985e-18,-6.15389225970238e-17
3.197,-3.4314837877463334e-18,-6.080073776292201e-17
3.198,-3.4023283651518518e-18,-6.007139589955783e-17
3.199,-3.3733815305709307e-18,-5.935079121989912e-17
3.2,-3.3446424317989044e-18,-5.863881920063097e-17
3.201,-3.316110207687885e-18,-5.793537656708145e-17
3.202,-3.2877839884750985e-18,-5.724036127832718e-17
3.203,-3.2596628961047624e-18,-5.655367251247614e-17
3.204,-3.231746044543595e-18,-5.587521065212577e-17
3.205,-3.2040325400900703e-18,-5.520487726999439e-17
3.206,-3.1765214816775198e-18,-5.4542575114723647e-17
3.207,-3.1492119611711813e-18,-5.388820809685015e-17
3.208,-3.122103063659295e-18,-5.324168127494419e-17
3.209,-3.0951938677383463e-18,-5.2602900841913535e-17
3.21,-3.0684834457925526e-18,-5.1971774111470455e-17
3.211,-3.041970864267687e-18,-5.1348209504759867e-17
3.212,-3.0156551839393375e-18,-5.073211653714684e-17
3.213,-2.9895354601756886e-18,-5.0123405805161476e-17
3.214,-2.963610743194922e-18,-4.95219889735993e-17
3.215,-2.937880078317325e-18,-4.8927778762775374e-17
3.216,-2.9123425062121906e-18,-4.8340688935930164e-17
3.217,-2.8869970631396022e-18,-4.776063428678559e-17
3.218,-2.8618427811871887e-18,-4.7187530627249194e-17
3.219,-2.8368786885019275e-18,-4.6621294775264894e-17
3.22,-2.812103809517088e-18,-4.606184454280844e-17
3.221,-2.7875171651743913e-18,-4.550909872402595e-17
3.222,-2.763117773141469e-18,-4.4962977083513676e-17
3.223,-2.7389046480247012e-18,-4.4423400344737553e-17
3.224,-2.7148768015775097e-18,-4.389029017859061e-17
3.225,-2.6910332429041863e-18,-4.336356919208679e-17
3.226,-2.6673729786593317e-18,-4.284316091718949e-17
3.227,-2.6438950132429755e-18,-4.232898979977318e-17
3.228,-2.6205983489914585e-18,-4.182098118871659e-17
3.229,-2.597481986364144e-18,-4.1319061325125876e-17
3.23,-2.5745449241260293e-18,-4.0823157331686174e-17
3.231,-2.551786159526333e-18,-4.033319720214006e-17
3.232,-2.5292046884731215e-18,-3.984910979089144e-17
3.233,-2.506799505704046e-18,-3.937082480273325e-17
3.234,-2.4845696049532547e-18,-3.889827278269765e-17
3.235,-2.4625139791145523e-18,-3.8431385106027146e-17
3.236,-2.4406316204008613e-18,-3.797009396826525e-17
3.237,-2.4189215205000596e-18,-3.7514332375465205e-17
3.238,-2.3973826707272517e-18,-3.7064034134515475e-17
3.239,-2.3760140621735376e-18,-3.6619133843580473e-17
3.24,-2.3548146858513366e-18,-3.617956688265525e-17
3.241,-2.3337835328363358e-18,-3.574526940423278e-17
3.242,-2.312919594406108e-18,-3.531617832408246e-17
3.243,-2.292221862175473e-18,-3.489223131213853e-17
3.244,-2.2716893282286476e-18,-3.447336678349713e-17
3.245,-2.251320985248246e-18,-3.4059523889520594e-17
3.246,-2.2311158266411854e-18,-3.36506425090479e-17
3.247,-2.2110728466615545e-18,-3.3246663239709757e-17
3.248,-2.1911910405304905e-18,-3.2847527389347364e-17
3.249,-2.1714694045531293e-18,-3.245317696753334e-17
3.25,-2.1519069362326704e-18,-3.2063554677193796e-17
3.251,-2.1325026343816128e-18,-3.16786039063303e-17
3.252,-2.1132554992302153e-18,-3.1298268719840475e-17
3.253,-2.0941645325322254e-18,-3.0922493851436135e-17
3.254,-2.075228737667928e-18,-3.055122469565778e-17
3.255,-2.056447119744562e-18,-3.01844072999843e-17
3.256,-2.037818685694156e-18,-2.9821988357036696e-17
3.257,-2.019342444368823e-18,-2.9463915196874845e-17
3.258,-2.0010174066335647e-18,-2.911013577938602e-17
3.259,-1.98284258545663e-18,-2.876059868676422e-17
3.26,-1.964816995997471e-18,-2.8415253116079135e-17
3.261,-1.9469396556923423e-18,-2.8074048871933753e-17
3.262,-1.929209584337585e-18,-2.7736936359209456e-17
3.263,-1.911625804170638e-18,-2.7403866575897692e-17
3.264,-1.8941873399488204e-18,-2.707479110601708e-17
3.265,-1.8768932190259222e-18,-2.6749662112614968e-17
3.266,-1.859742471426649e-18,-2.642843233085248e-17
3.267,-1.8427341299189552e-18,-2.6111055061171992e-17
3.268,-1.8258672300843092e-18,-2.5797484162546093e-17
3.269,-1.8091408103859264e-18,-2.548767404580706e-17
3.27,-1.7925539122350097e-18,-2.518157966705588e-17
3.271,-1.7761055800550315e-18,-2.487915652114986e-17
3.272,-1.7597948613441013e-18,-2.4580360635267928e-17
3.273,-1.743620806735445e-18,-2.4285148562552654e-17
3.274,-1.7275824700560392e-18,-2.39934773758281e-17
3.275,-1.7116789083834343e-18,-2.370530466139261e-17
3.276,-1.6959091821007962e-18,-2.3420588512885615e-17
3.277,-1.6802723549502055e-18,-2.3139287525227587e-17
3.278,-1.664767494084247e-18,-2.2861360788632294e-17
3.279,-1.6493936701159176e-18,-2.2586767882690446e-17
3.28,-1.6341499571668921e-18,-2.2315468870523926e-17
3.281,-1.6190354329141718e-18,-2.204742429300975e-17
3.282,-1.604049178635152e-18,-2.1782595163072902e-17
3.283,-1.5891902792511358e-18,-2.1520942960047273e-17
3.284,-1.5744578233693276e-18,-2.1262429624103855e-17
3.285,-1.5598509033233316e-18,-2.1007017550745387e-17
3.286,-1.5453686152121898e-18,-2.0754669585366692e-17
3.287,-1.531010058937983e-18,-2.0505349017879903e-17
3.288,-1.5167743382420282e-18,-2.0259019577403783e-17
3.289,-1.5026605607396958e-18,-2.0015645427016437e-17
3.29,-1.4886678379538756e-18,-1.9775191158570588e-17
3.291,-1.4747952853471202e-18,-1.9537621787570724e-17
3.292,-1.4610420223524898e-18,-1.9302902748111375e-17
3.293,-1.447407172403124e-18,-1.9070999887875736e-17
3.294,-1.4338898629605706e-18,-1.884187946319401e-17
3.295,-1.4204892255418904e-18,-1.861550813416067e-17
3.296,-1.4072043957455674e-18,-1.8391852959810006e-17
3.297,-1.3940345132762465e-18,-1.8170881393349212e-17
3.298,-1.3809787219683238e-18,-1.7952561277448365e-17
3.299,-1.3680361698084123e-18,-1.7736860839586585e-17
3.3,-1.355206008956705e-18,-1.7523748687453754e-17
3.301,-1.3424873957672623e-18,-1.7313193804407073e-17
3.302,-1.32987949080724e-18,-1.710516554498184e-17
3.303,-1.3173814588750848e-18,-1.689963363045581e-17
3.304,-1.304992469017718e-18,-1.669656814446648e-17
3.305,-1.2927116945467258e-18,-1.6495939528680647e-17
3.306,-1.2805383130535804e-18,-1.6297718578515687e-17
3.307,-1.268471506423911e-18,-1.6101876438911855e-17
3.308,-1.2565104608508456e-18,-1.5908384600155062e-17
3.309,-1.2446543668474414e-18,-1.5717214893749494e-17
3.31,-1.2329024192582274e-18,-1.552833948833947e-17
3.311,-1.221253817269873e-18,-1.534173088568001e-17
3.312,-1.209707764421006e-18,-1.5157361916655458e-17
3.313,-1.1982634686111977e-18,-1.497520573734563e-17
3.314,-1.1869201421091294e-18,-1.4795235825138923e-17
3.315,-1.1756770015599648e-18,-1.4617425974891796e-17
3.316,-1.1645332679919397e-18,-1.444175029513412e-17
3.317,-1.1534881668221905e-18,-1.4268183204319778e-17
3.318,-1.142540927861837e-18,-1.4096699427122055e-17
3.319,-1.1316907853203338e-18,-1.392727399077322e-17
3.32,-1.1209369778091135e-18,-1.3759882221447824e-17
3.321,-1.110278748344529e-18,-1.3594499740689137e-17
3.322,-1.0997153443501176e-18,-1.3431102461878276e-17
3.323,-1.0892460176581996e-18,-1.3269666586745451e-17
3.324,-1.0788700245108273e-18,-1.3110168601922886e-17
3.325,-1.0685866255600984e-18,-1.2952585275538857e-17
3.326,-1.0583950858678508e-18,-1.2796893653852415e-17
3.327,-1.0482946749047512e-18,-1.2643071057928266e-17
3.328,-1.0382846665487924e-18,-1.2491095080351365e-17
3.329,-1.028364339083214e-18,-1.2340943581980702e-17
3.33,-1.0185329751938595e-18,-1.219259468874188e-17
3.331,-1.0087898619659836e-18,-1.2046026788457951e-17
3.332,-9.991342908805226e-19,-1.190121852771811e-17
3.333,-9.895655578098424e-19,-1.1758148808783771e-17
3.334,-9.800829630129737e-19,-1.1616796786531562e-17
3.335,-9.706858111303517e-19,-1.1477141865432859e-17
3.336,-9.613734111780677e-19,-1.1339163696569338e-17
3.337,-9.521450765416486e-19,-1.1202842174684194e-17
3.338,-9.430001249693741e-19,-1.1068157435268559e-17
3.339,-9.339378785651443e-19,-1.0935089851682697e-17
3.34,-9.24957663780908e-19,-1.08036200323116e-17
3.341,-9.160588114086653e-19,-1.0673728817754519e-17
3.342,-9.072406565720516e-19,-1.0545397278048074e-17
3.343,-8.985025387175201e-19,-1.041860670992252e-17
3.344,-8.898438016051258e-19,-1.0293338634090772e-17
3.345,-8.812637932989279e-19,-1.0169574792569805e-17
3.346,-8.727618661570183e-19,-1.0047297146034047e-17
3.347,-8.643373768211854e-19,-9.926487871200372e-18
3.348,-8.559896862062253e-19,-9.807129358244322e-18
3.349,-8.477181594889083e-19,-9.68920420824719e-18
3.35,-8.395221660966112e-19,-9.572695230673591e-18
3.351,-8.314010796956252e-19,-9.457585440879147e-18
3.352,-8.233542781791468e-19,-9.343858057647962e-18
3.353,-8.153811436549635e-19,-9.23149650075948e-18
3.354,-8.074810624328402e-19,-9.120484388584423e-18
3.355,-7.996534250116169e-19,-9.010805535709438e-18
3.356,-7.918976260660269e-19,-8.902443950590108e-18
3.357,-7.842130644332405e-19,-8.795383833232002e-18
3.358,-7.765991430991469e-19,-8.689609572899425e-18
3.359,-7.690552691843791e-19,-8.58510574585153e-18
3.36,-7.615808539300908e-19,-8.481857113105484e-18
3.361,-7.54175312683493e-19,-8.37984861822633e-18
3.362,-7.468380648831586e-19,-8.279065385143276e-18
3.363,-7.395685340441012e-19,-8.179492715992054e-18
3.364,-7.323661477426364e-19,-8.081116088983053e-18
3.365,-7.252303376010321e-19,-7.983921156294928e-18
3.366,-7.181605392719557e-19,-7.887893741993364e-18
3.367,-7.111561924227247e-19,-7.793019839974708e-18
3.368,-7.042167407193663e-19,-7.699285611934164e-18
3.369,-6.973416318104957e-19,-7.606677385358264e-18
3.37,-6.905303173110154e-19,-7.51518165154132e-18
3.371,-6.837822527856466e-19,-7.424785063625578e-18
3.372,-6.77096897732294e-19,-7.33547443466478e-18
3.373,-6.704737155652551e-19,-7.247236735710874e-18
3.374,-6.639121735982761e-19,-7.160059093923566e-18
3.375,-6.574117430274618e-19,-7.07392879070248e-18
3.376,-6.509718989140463e-19,-6.98883325984161e-18
3.377,-6.445921201670282e-19,-6.904760085705853e-18
3.378,-6.382718895256771e-19,-6.8216970014293016e-18
3.379,-6.32010693541917e-19,-6.739631887135085e-18
3.38,-6.258080225625907e-19,-6.658552768176472e-18
3.381,-6.196633707116117e-19,-6.5784478133989935e-18
3.382,-6.135762358720083e-19,-6.49930533342333e-18
3.383,-6.075461196678648e-19,-6.421113778948723e-18
3.384,-6.015725274461644e-19,-6.343861739076655e-18
3.385,-5.956549682585392e-19,-6.267537939654562e-18
3.386,-5.897929548429319e-19,-6.192131241639345e-18
3.387,-5.83986003605174e-19,-6.117630639480432e-18
3.388,-5.782336346004835e-19,-6.0440252595221674e-18
3.389,-5.725353715148892e-19,-5.97130435842529e-18
3.39,-5.668907416465834e-19,-5.8994573216072815e-18
3.391,-5.612992758872092e-19,-5.828473661701352e-18
3.392,-5.557605087030847e-19,-5.7583430170338445e-18
3.393,-5.502739781163695e-19,-5.6890551501198324e-18
3.394,-5.448392256861777e-19,-5.620599946176707e-18
3.395,-5.394557964896393e-19,-5.5529674116555205e-18
3.396,-5.34123239102917e-19,-5.486147672789889e-18
3.397,-5.288411055821782e-19,-5.420130974162241e-18
3.398,-5.236089514445299e-19,-5.354907677287199e-18
3.399,-5.184263356489167e-19,-5.2904682592118926e-18
3.4,-5.132928205769878e-19,-5.226803311133014e-18
3.401,-5.082079720139342e-19,-5.163903537030387e-18
3.402,-5.031713591293018e-19,-5.101759752316887e-18
3.403,-4.981825544577824e-19,-5.040362882504485e-18
3.404,-4.93241133879984e-19,-4.979703961886249e-18
3.405,-4.883466766031889e-19,-4.919774132234096e-18
3.406,-4.834987651420951e-19,-4.86056464151211e-18
3.407,-4.786969852995513e-19,-4.802066842605247e-18
3.408,-4.7394092614728295e-19,-4.744272192063236e-18
3.409,-4.692301800066154e-19,-4.687172248859491e-18
3.41,-4.645643424291956e-19,-4.630758673164874e-18
3.411,-4.599430121777148e-19,-4.5750232251361024e-18
3.412,-4.553657912066367e-19,-4.519957763718657e-18
3.413,-4.508322846429306e-19,-4.4655542454639904e-18
3.414,-4.463421007668154e-19,-4.411804723360883e-18
3.415,-4.418948509925139e-19,-4.35870134568077e-18
3.416,-4.374901498490224e-19,-4.306236354836878e-18
3.417,-4.331276149608962e-19,-4.254402086256996e-18
3.418,-4.2880686702905383e-19,-4.203190967269728e-18
3.419,-4.2452752981160215e-19,-4.1525955160040684e-18
3.42,-4.2028923010468496e-19,-4.102608340302125e-18
3.421,-4.160915977233566e-19,-4.05322213664485e-18
3.422,-4.11934265482483e-19,-4.004429689090617e-18
3.423,-4.0781686917767203e-19,-3.956223868226488e-18
3.424,-4.0373904756623503e-19,-3.9085976301320224e-18
3.425,-3.9970044234818183e-19,-3.861544015355479e-18
3.426,-3.957006981472507e-19,-3.8150561479022574e-18
3.427,-3.9173946249197524e-19,-3.769127234235441e-18
3.428,-3.8781638579678996e-19,-3.723750562288287e-18
3.429,-3.8393112134317606e-19,-3.678919500488535e-18
3.43,-3.8008332526084985e-19,-3.634627496794373e-18
3.431,-3.7627265650899404e-19,-3.590868077741943e-18
3.432,-3.724987768575351e-19,-3.547634847504232e-18
3.433,-3.6876135086846704e-19,-3.5049214869612255e-18
3.434,-3.6506004587722357e-19,-3.4627217527811698e-18
3.435,-3.613945319741001e-19,-3.421029476512839e-18
3.436,-3.5776448198572705e-19,-3.379838563688647e-18
3.437,-3.5416957145659565e-19,-3.3391429929384916e-18
3.438,-3.5060947863063757e-19,-3.2989368151141977e-18
3.439,-3.470838844328601e-19,-3.2592141524244345e-18
3.44,-3.4359247245103754e-19,-3.2199691975799777e-18
3.441,-3.401349289174602e-19,-3.181196212949198e-18
3.442,-3.3671094269074295e-19,-3.142889529723652e-18
3.443,-3.33320205237693e-19,-3.105043547093651e-18
3.444,-3.2996241061523937e-19,-3.067652731433697e-18
3.445,-3.266372554524245e-19,-3.030711615497659e-18
3.446,-3.2334443893245924e-19,-2.9942147976235798e-18
3.447,-3.200836627748419e-19,-2.958156940947993e-18
3.448,-3.16854631217543e-19,-2.922532772629642e-18
3.449,-3.136570509992558e-19,-2.8873370830824847e-18
3.45,-3.104906313417144e-19,-2.8525647252178746e-18
3.451,-3.0735508393208005e-19,-2.818210613695807e-18
3.452,-3.0425012290539545e-19,-2.784269724185126e-18
3.453,-3.0117546482711005e-19,-2.750737092632579e-18
3.454,-2.9813082867567496e-19,-2.7176078145406216e-18
3.455,-2.9511593582520963e-19,-2.6848770442538564e-18
3.456,-2.9213051002824033e-19,-2.652539994254016e-18
3.457,-2.8917427739851178e-19,-2.6205919344633787e-18
3.458,-2.8624696639387177e-19,-2.5890281915565168e-18
3.459,-2.833483077992303e-19,-2.5578441482802862e-18
3.46,-2.8047803470959337e-19,-2.527035242781946e-18
3.461,-2.776358825131717e-19,-2.496596967945323e-18
3.462,-2.7482158887456653e-19,-2.4665248707349156e-18
3.463,-2.720348937180305e-19,-2.4368145515478503e-18
3.464,-2.6927553921080686e-19,-2.4074616635735897e-18
3.465,-2.6654326974654533e-19,-2.3784619121613044e-18
3.466,-2.638378319287967e-19,-2.349811054194815e-18
3.467,-2.6115897455458564e-19,-2.3215048974750147e-18
3.468,-2.585064485980624e-19,-2.293539300109682e-18
3.469,-2.558800071942342e-19,-2.2659101699105966e-18
3.47,-2.532794056227762e-19,-2.238613463797868e-18
3.471,-2.5070440129192303e-19,-2.211645187211399e-18
3.472,-2.4815475372244043e-19,-2.1850013935293845e-18
3.473,-2.4563022453167804e-19,-2.158678183493777e-18
3.474,-2.4313057741770353e-19,-2.132671704642625e-18
3.475,-2.406555781435181e-19,-2.1069781507492062e-18
3.476,-2.3820499452135387e-19,-2.0815937612678747e-18
3.477,-2.357785963970535e-19,-2.0565148207865385e-18
3.478,-2.3337615563453195e-19,-2.0317376584856933e-18
3.479,-2.3099744610032097e-19,-2.00725864760393e-18
3.48,-2.2864224364819644e-19,-1.9830742049098394e-18
3.481,-2.263103261038887e-19,-1.95918079018024e-18
3.482,-2.2400147324987593e-19,-1.9355749056846505e-18
3.483,-2.217154668102611e-19,-1.9122530956759314e-18
3.484,-2.194520904357325e-19,-1.889211945887028e-18
3.485,-2.172111296886076e-19,-1.866448083033734e-18
3.486,-2.1499237202796098e-19,-1.8439581743234112e-18
3.487,-2.127956067948362e-19,-1.821738926969585e-18
3.488,-2.1062062519754134e-19,-1.7997870877123575e-18
3.489,-2.0846722029702904e-19,-1.7780994423445566e-18
3.49,-2.063351869923603e-19,-1.7566728152435607e-18
3.491,-2.042243220062528e-19,-1.7355040689087285e-18
3.492,-2.021344238707131e-19,-1.714590103504364e-18
3.493,-2.0006529291275353e-19,-1.6939278564081574e-18
3.494,-1.9801673124019293e-19,-1.6735143017650293e-18
3.495,-1.9598854272754211e-19,-1.6533464500463176e-18
3.496,-1.9398053300197317e-19,-1.6334213476142425e-18
3.497,-1.9199250942937344e-19,-1.6137360762915864e-18
3.498,-1.9002428110048338e-19,-1.594287752936525e-18
3.499,-1.8807565881711885e-19,-1.5750735290225502e-18
3.5,-1.861464550784774e-19,-1.5560905902234234e-18
3.501,-1.842364840675288e-19,-1.537336156003098e-18
3.502,-1.8234556163748928e-19,-1.518807479210551e-18
3.503,-1.8047350529838006e-19,-1.5005018456794689e-18
3.504,-1.7862013420366932e-19,-1.482416573832725e-18
3.505,-1.767852691369983e-19,-1.4645490142915942e-18
3.506,-1.7496873249899063e-19,-1.446896549489647e-18
3.507,-1.7317034829414545e-19,-1.429456593291267e-18
3.508,-1.7138994211781367e-19,-1.4122265906147374e-18
3.509,-1.696273411432577e-19,-1.3952040170598413e-18
3.51,-1.6788237410879397e-19,-1.3783863785399213e-18
3.511,-1.6615487130501864e-19,-1.361771210918345e-18
3.512,-1.6444466456211592e-19,-1.3453560796493268e-18
3.513,-1.6275158723724904e-19,-1.329138579423048e-18
3.514,-1.6107547420203365e-19,-1.3131163338150297e-18
3.515,-1.594161618300934e-19,-1.2972869949397038e-18
3.516,-1.577734879846976e-19,-1.2816482431081342e-18
3.517,-1.5614729200648075e-19,-1.2661977864898362e-18
3.518,-1.5453741470124367e-19,-1.2509333607786484e-18
3.519,-1.52943698327836e-19,-1.235852728862604e-18
3.52,-1.513659865861201e-19,-1.2209536804977594e-18
3.521,-1.4980412460501565e-19,-1.2062340319859273e-18
3.522,-1.4825795893062523e-19,-1.1916916258562708e-18
3.523,-1.4672733751444045e-19,-1.177324330550712e-18
3.524,-1.45212109701628e-19,-1.1631300401131082e-18
3.525,-1.4371212621939624e-19,-1.1491066738821521e-18
3.526,-1.4222723916544111e-19,-1.1352521761879503e-18
3.527,-1.4075730199647186e-19,-1.1215645160522365e-18
3.528,-1.3930216951681583e-19,-1.1080416868921767e-18
3.529,-1.3786169786710238e-19,-1.094681706227722e-18
3.53,-1.3643574451302545e-19,-1.081482615392467e-18
3.531,-1.3502416823418445e-19,-1.0684424792479738e-18
3.532,-1.336268291130036e-19,-1.0555593859015157e-18
3.533,-1.3224358852372881e-19,-1.0428314464272062e-18
3.534,-1.3087430912150236e-19,-1.0302567945904645e-18
3.535,-1.295188548315147e-19,-1.0178335865757865e-18
3.536,-1.2817709083823342e-19,-1.005560000717775e-18
3.537,-1.2684888357470876e-19,-9.93434237235392e-19
3.538,-1.2553410071195556e-19,-9.81454517969398e-19
3.539,-1.242326111484112e-19,-9.696190861229331e-19
3.54,-1.2294428499946945e-19,-9.579262060052098e-19
3.541,-1.2166899358708964e-19,-9.46374162778276e-19
3.542,-1.20406609429481e-19,-9.349612622068106e-19
3.543,-1.1915700623086168e-19,-9.236858304109205e-19
3.544,-1.179200588712926e-19,-9.125462136218957e-19
3.545,-1.1669564339658494e-19,-9.015407779408954e-19
3.546,-1.154836370082819e-19,-8.906679091005224e-19
3.547,-1.1428391805371374e-19,-8.79926012229256e-19
3.548,-1.1309636601612594e-19,-8.69313511618708e-19
3.549,-1.1192086150488025e-19,-8.588288504936679e-19
3.55,-1.1075728624572828e-19,-8.484704907849028e-19
3.551,-1.0960552307115713e-19,-8.382369129046811e-19
3.552,-1.0846545591080678e-19,-8.28126615524986e-19
3.553,-1.0733696978195896e-19,-8.181381153583874e-19
3.554,-1.0621995078009732e-19,-8.08269946941539e-19
3.555,-1.0511428606953793e-19,-7.985206624212714e-19
3.556,-1.040198638741306e-19,-7.888888313432478e-19
3.557,-1.0293657346803e-19,-7.793730404431537e-19
3.558,-1.0186430516653648e-19,-7.699718934403884e-19
3.559,-1.008029503170064e-19,-7.606840108342296e-19
3.56,-9.975240128983125e-20,-7.515080297024417e-19
3.561,-9.871255146948552e-20,-7.424426035022969e-19
3.562,-9.76832952456427e-20,-7.334864018739822e-19
3.563,-9.666452800435932e-20,-7.246381104463624e-19
3.564,-9.56561461193265e-20,-7.158964306450714e-19
3.565,-9.465804694318863e-20,-7.072600795029044e-19
3.566,-9.367012879892887e-20,-6.987277894724822e-19
3.567,-9.269229097132113e-20,-6.90298308241161e-19
3.568,-9.172443369844819e-20,-6.819703985481628e-19
3.569,-9.076645816328541e-20,-6.737428380038948e-19
3.57,-8.981826648534992e-20,-6.656144189114379e-19
3.571,-8.887976171241473e-20,-6.575839480901736e-19
3.572,-8.795084781228753e-20,-6.496502467015249e-19
3.573,-8.70314296646536e-20,-6.418121500767879e-19
3.574,-8.612141305298283e-20,-6.340685075470258e-19
3.575,-8.52207046565001e-20,-6.264181822750034e-19
3.576,-8.432921204221878e-20,-6.188600510891361e-19
3.577,-8.344684365703722e-20,-6.113930043194297e-19
3.578,-8.257350881989738e-20,-6.040159456353872e-19
3.579,-8.170911771400581e-20,-5.967277918858591e-19
3.58,-8.085358137911597e-20,-5.895274729408142e-19
3.581,-8.000681170387217e-20,-5.824139315350067e-19
3.582,-7.916872141821426e-20,-5.753861231135188e-19
3.583,-7.833922408584297e-20,-5.684430156791543e-19
3.584,-7.751823409674545e-20,-5.615835896416631e-19
3.585,-7.670566665978056e-20,-5.548068376687727e-19
3.586,-7.59014377953238e-20,-5.481117645390065e-19
3.587,-7.510546432797119e-20,-5.414973869962667e-19
3.588,-7.431766387930193e-20,-5.349627336061614e-19
3.589,-7.353795486069947e-20,-5.285068446140538e-19
3.59,-7.276625646623054e-20,-5.221287718048148e-19
3.591,-7.20024886655818e-20,-5.158275783642561e-19
3.592,-7.124657219705384e-20,-5.09602338742226e-19
3.593,-7.049842856061196e-20,-5.034521385173464e-19
3.594,-6.975798001099365e-20,-4.973760742633729e-19
3.595,-6.902514955087214e-20,-4.91373253417156e-19
3.596,-6.829986092407577e-20,-4.85442794148188e-19
3.597,-6.758203860886285e-20,-4.795838252297118e-19
3.598,-6.687160781125165e-20,-4.737954859113783e-19
3.599,-6.616849445840506e-20,-4.680769257934288e-19
3.6,-6.547262519206959e-20,-4.624273047023881e-19
3.601,-6.478392736206853e-20,-4.568457925682475e-19
3.602,-6.410232901984863e-20,-4.513315693031212e-19
3.603,-6.342775891208013e-20,-4.458838246813582e-19
3.604,-6.276014647430979e-20,-4.405017582210922e-19
3.605,-6.20994218246664e-20,-4.351845790672121e-19
3.606,-6.144551575761857e-20,-4.2993150587573666e-19
3.607,-6.079835973778449e-20,-4.2474176669957573e-19
3.608,-6.015788589379312e-20,-4.196145988756618e-19
3.609,-5.952402701219654e-20,-4.145492489134356e-19
3.61,-5.889671653143328e-20,-4.095449723846696e-19
3.611,-5.827588853584189e-20,-4.046010338146128e-19
3.612,-5.766147774972497e-20,-3.9971670657444144e-19
3.613,-5.705341953146262e-20,-3.948912727750003e-19
3.614,-5.645164986767565e-20,-3.9012402316181806e-19
3.615,-5.58561053674377e-20,-3.8541425701138274e-19
3.616,-5.526672325653614e-20,-3.8076128202866114e-19
3.617,-5.468344137178153e-20,-3.7616441424584797e-19
3.618,-5.4106198155364895e-20,-3.7162297792232954e-19
3.619,-5.3534932649262974e-20,-3.671363054458477e-19
3.62,-5.296958448969074e-20,-3.6270373723484966e-19
3.621,-5.241009390160101e-20,-3.5832462164200943e-19
3.622,-5.185640169323077e-20,-3.5399831485890635e-19
3.623,-5.130844925069394e-20,-3.4972418082184826e-19
3.624,-5.0766178532620114e-20,-3.455015911188236e-19
3.625,-5.022953206483909e-20,-3.413299248975706e-19
3.626,-4.969845293511079e-20,-3.372085687747494e-19
3.627,-4.917288478790022e-20,-3.3313691674620406e-19
3.628,-4.8652771819197205e-20,-3.2911437009830107e-19
3.629,-4.8138058771380536e-20,-3.2514033732033214e-19
3.63,-4.762869092812617e-20,-3.2121423401796786e-19
3.631,-4.7124614109359265e-20,-3.1733548282775004e-19
3.632,-4.6625774666249615e-20,-3.1350351333261003e-19
3.633,-4.613211947625022e-20,-3.09717761978401e-19
3.634,-4.5643595938178706e-20,-3.0597767199143166e-19
3.635,-4.5160151967341175e-20,-3.022826932969897e-19
3.636,-4.468173599069829e-20,-2.986322824388433e-19
3.637,-4.4208296942073205e-20,-2.9502590249970806e-19
3.638,-4.3739784257401016e-20,-2.9146302302266907e-19
3.639,-4.3276147870019533e-20,-2.879431199335457e-19
3.64,-4.281733820600089e-20,-2.8446567546418826e-19
3.641,-4.236330617952385e-20,-2.8103017807669493e-19
3.642,-4.1914003188286405e-20,-2.7763612238853876e-19
3.643,-4.1469381108958374e-20,-2.7428300909859276e-19
3.644,-4.102939229267375e-20,-2.709703449140434e-19
3.645,-4.0593989560562414e-20,-2.676976424781809e-19
3.646,-4.0163126199321004e-20,-2.6446442029905624e-19
3.647,-3.973675595682254e-20,-2.6127020267899496e-19
3.648,-3.9314833037764634e-20,-2.5811451964495656e-19
3.649,-3.8897312099355845e-20,-2.5499690687972985e-19
3.65,-3.8484148247040016e-20,-2.5191690565395435e-19
3.651,-3.8075297030258234e-20,-2.488740627589579e-19
3.652,-3.767071443824809e-20,-2.4586793044039977e-19
3.653,-3.7270356895880076e-20,-2.428980663327112e-19
3.654,-3.687418125953065e-20,-2.399640333943221e-19
3.655,-3.648214481299189e-20,-2.3706539984366614e-19
3.656,-3.609420526341724e-20,-2.342017390959533e-19
3.657,-3.571032073730326e-20,-2.313726297007022e-19
3.658,-3.533044977650695e-20,-2.285776552800215e-19
3.659,-3.4954551334298464e-20,-2.2581640446763318e-19
3.66,-3.4582584771448883e-20,-2.230884708486271e-19
3.661,-3.4214509852352816e-20,-2.203934528999394e-19
3.662,-3.3850286741185475e-20,-2.1773095393154497e-19
3.663,-3.3489875998094073e-20,-2.1510058202835673e-19
3.664,-3.313323857542315e-20,-2.1250194999282145e-19
3.665,-3.278033581397365e-20,-2.0993467528820578e-19
3.666,-3.243112943929542e-20,-2.0739837998256255e-19
3.667,-3.20855815580129e-20,-2.0489269069337026e-19
3.668,-3.1743654654183727e-20,-2.0241723853283694e-19
3.669,-3.140531158568999e-20,-1.9997165905386113e-19
3.67,-3.1070515580661874e-20,-1.9755559219664135e-19
3.671,-3.0739230233933436e-20,-1.9516868223592697e-19
3.672,-3.0411419503530256e-20,-1.9281057772890228e-19
3.673,-3.0087047707188706e-20,-1.9048093146369645e-19
3.674,-2.9766079518906554e-20,-1.8817940040851172e-19
3.675,-2.944847996552473e-20,-1.859056456613627e-19
3.676,-2.913421442333989e-20,-1.836593324004188e-19
3.677,-2.8823248614747593e-20,-1.8144012983494345e-19
3.678,-2.85155486049159e-20,-1.7924771115682218e-19
3.679,-2.8211080798488975e-20,-1.7708175349267285e-19
3.68,-2.7909811936320653e-20,-1.7494193785653123e-19
3.681,-2.7611709092237555e-20,-1.7282794910310434e-19
3.682,-2.731673966983161e-20,-1.7073947588158574e-19
3.683,-2.7024871399281726e-20,-1.6867621059002513e-19
3.684,-2.6736072334204325e-20,-1.6663784933024605e-19
3.685,-2.6450310848532572e-20,-1.6462409186330506e-19
3.686,-2.6167555633423997e-20,-1.6263464156548597e-19
3.687,-2.5887775694196346e-20,-1.6066920538482236e-19
3.688,-2.5610940347291333e-20,-1.5872749379814257e-19
3.689,-2.533701921726618e-20,-1.5680922076863042e-19
3.69,-2.5065982233812607e-20,-1.549141037038958e-19
3.691,-2.4797799628803094e-20,-1.5304186341454884e-19
3.692,-2.4532441933364216e-20,-1.511922240732717e-19
3.693,-2.4269879974976758e-20,-1.4936491317438184e-19
3.694,-2.401008487460243e-20,-1.4755966149388136e-19
3.695,-2.3753028043836964e-20,-1.4577620304998574e-19
3.696,-2.3498681182089353e-20,-1.440142750641272e-19
3.697,-2.324701627378701e-20,-1.4227361792242622e-19
3.698,-2.2998005585606665e-20,-1.4055397513762588e-19
3.699,-2.2751621663730715e-20,-1.3885509331148374e-19
3.7,-2.2507837331128917e-20,-1.371767220976152e-19
3.701,-2.226662568486508e-20,-1.3551861416478345e-19
3.702,-2.2027960093428677e-20,-1.3388052516063032e-19
3.703,-2.1791814194091068e-20,-1.322622136758429e-19
3.704,-2.1558161890286162e-20,-1.306634412087507e-19
3.705,-2.1326977349015338e-20,-1.29083972130348e-19
3.706,-2.109823499827635e-20,-1.2752357364973659e-19
3.707,-2.0871909524516094e-20,-1.2598201577998361e-19
3.708,-2.0647975870106976e-20,-1.2445907130438968e-19
3.709,-2.042640923084669e-20,-1.2295451574316208e-19
3.71,-2.0207185053481227e-20,-1.2146812732048876e-19
3.711,-1.99902790332509e-20,-1.199996869320075e-19
3.712,-1.97756671114592e-20,-1.185489781126663e-19
3.713,-1.9563325473064244e-20,-1.1711578700496974e-19
3.714,-1.935323054429272e-20,-1.1569990232760698e-19
3.715,-1.9145358990276006e-20,-1.1430111534445677e-19
3.716,-1.8939687712708382e-20,-1.1291921983396465e-19
3.717,-1.873619384752708e-20,-1.1155401205888847e-19
3.718,-1.8534854762614014e-20,-1.1020529073640728e-19
3.719,-1.8335648055519e-20,-1.088728570085893e-19
3.72,-1.813855155120426e-20,-1.0755651441321507e-19
3.721,-1.7943543299810044e-20,-1.0625606885495093e-19
3.722,-1.7750601574441182e-20,-1.0497132857686913e-19
3.723,-1.755970486897441e-20,-1.0370210413231003e-19
3.724,-1.7370831895886224e-20,-1.0244820835708261e-19
3.725,-1.7183961584101153e-20,-1.0120945634199893e-19
3.726,-1.699907307686024e-20,-9.998566540573873e-20
3.727,-1.6816145729609552e-20,-9.877665506804023e-20
3.728,-1.6635159107908557e-20,-9.758224702321292e-20
3.729,-1.64560929853582e-20,-9.640226511396897e-20
3.73,-1.6278927341548478e-20,-9.523653530556889e-20
3.731,-1.6103642360025365e-20,-9.408488566027815e-20
3.732,-1.593021842627692e-20,-9.294714631213065e-20
3.733,-1.5758636125738408e-20,-9.182314944199559e-20
3.734,-1.5588876241816237e-20,-9.071272925294404e-20
3.735,-1.5420919753930587e-20,-8.961572194591158e-20
3.736,-1.5254747835576564e-20,-8.853196569565341e-20
3.737,-1.5090341852403675e-20,-8.746130062698861e-20
3.738,-1.4927683360313488e-20,-8.640356879132985e-20
3.739,-1.4766754103575356e-20,-8.535861414349523e-20
3.74,-1.4607536012959954e-20,-8.432628251879896e-20
3.741,-1.445001120389056e-20,-8.330642161041724e-20
3.742,-1.4294161974611873e-20,-8.229888094702647e-20
3.743,-1.4139970804376226e-20,-8.130351187071005e-20
3.744,-1.3987420351647044e-20,-8.03201675151309e-20
3.745,-1.3836493452319385e-20,-7.934870278396639e-20
3.746,-1.3687173117957414e-20,-7.838897432960239e-20
3.747,-1.3539442534048677e-20,-7.744084053208368e-20
3.748,-1.3393285058274977e-20,-7.650416147831715e-20
3.749,-1.3248684218799773e-20,-7.557879894152532e-20
3.75,-1.3105623712571898e-20,-7.466461636094661e-20
3.751,-1.2964087403645469e-20,-7.376147882177988e-20
3.752,-1.2824059321515847e-20,-7.286925303536997e-20
3.753,-1.2685523659471515e-20,-7.198780731963152e-20
3.754,-1.2548464772961693e-20,-7.111701157970811e-20
3.755,-1.2412867177979585e-20,-7.025673728886408e-20
3.756,-1.2278715549461117e-20,-6.940685746960591e-20
3.757,-1.214599471969899e-20,-6.856724667503078e-20
3.758,-1.2014689676771962e-20,-6.773778097039923e-20
3.759,-1.1884785562989169e-20,-6.691833791492949e-20
3.76,-1.17562676733494e-20,-6.610879654381079e-20
3.761,-1.1629121454015145e-20,-6.530903735043274e-20
3.762,-1.1503332500801321e-20,-6.451894226882864e-20
3.763,-1.1378886557678514e-20,-6.373839465632972e-20
3.764,-1.1255769515290627e-20,-6.296727927642811e-20
3.765,-1.1133967409486783e-20,-6.220548228184575e-20
3.766,-1.1013466419867375e-20,-6.145289119780707e-20
3.767,-1.0894252868344122e-20,-6.070939490551267e-20
3.768,-1.0776313217714e-20,-5.997488362581182e-20
3.769,-1.0659634070246938e-20,-5.924924890307135e-20
3.77,-1.054420216628713e-20,-5.853238358923846e-20
3.771,-1.0430004382867874e-20,-5.782418182809528e-20
3.772,-1.0317027732339767e-20,-5.71245390397027e-20
3.773,-1.0205259361012179e-20,-5.643335190503136e-20
3.774,-1.0094686547807864e-20,-5.57505183507775e-20
3.775,-9.985296702930577e-21,-5.507593753436138e-20
3.776,-9.877077366545613e-21,-5.440950982910616e-20
3.777,-9.770016207473103e-21,-5.375113680959503e-20
3.778,-9.664101021893995e-21,-5.3100721237204464e-20
3.779,-9.559319732068573e-21,-5.245816704581151e-20
3.78,-9.455660385067412e-21,-5.1823379327672935e-20
3.781,-9.353111151514651e-21,-5.119626431947429e-20
3.782,-9.25166032434347e-21,-5.057672938854672e-20
3.783,-9.151296317563674e-21,-4.996468301924963e-20
3.784,-9.052007665041233e-21,-4.9360034799517106e-20
3.785,-8.953783019289718e-21,-4.8762695407566166e-20
3.786,-8.856611150273489e-21,-4.817257659876497e-20
3.787,-8.760480944222538e-21,-4.758959119265892e-20
3.788,-8.665381402458875e-21,-4.7013653060152864e-20
3.789,-8.571301640234357e-21,-4.6444677110847503e-20
3.79,-8.478230885579848e-21,-4.588257928052814e-20
3.791,-8.386158478165613e-21,-4.5327276518803916e-20
3.792,-8.295073868172825e-21,-4.47786867768958e-20
3.793,-8.204966615176106e-21,-4.423672899557145e-20
3.794,-8.115826387036973e-21,-4.3701323093225254e-20
3.795,-8.027642958808118e-21,-4.317238995410177e-20
3.796,-7.94040621164839e-21,-4.264985141666084e-20
3.797,-7.854106131748403e-21,-4.213363026208274e-20
3.798,-7.768732809266656e-21,-4.1623650202911545e-20
3.799,-7.684276437276083e-21,-4.111983587183522e-20
3.8,-7.600727310720914e-21,-4.062211281060063e-20
3.801,-7.518075825383772e-21,-4.0130407459062015e-20
3.802,-7.436312476862894e-21,-3.964464714436113e-20
3.803,-7.355427859559404e-21,-3.916476007023769e-20
3.804,-7.275412665674503e-21,-3.869067530646831e-20
3.805,-7.196257684216537e-21,-3.8222322778432674e-20
3.806,-7.117953800017801e-21,-3.7759633256805104e-20
3.807,-7.040491992761022e-21,-3.7302538347370294e-20
3.808,-6.963863336015412e-21,-3.6850970480961506e-20
3.809,-6.888058996282208e-21,-3.6404862903519914e-20
3.81,-6.813070232049608e-21,-3.596414966627352e-20
3.811,-6.738888392857017e-21,-3.552876561603431e-20
3.812,-6.665504918368514e-21,-3.5098646385612096e-20
3.813,-6.592911337455449e-21,-3.4673728384343804e-20
3.814,-6.5210992672880966e-21,-3.4253948788736683e-20
3.815,-6.450060412436258e-21,-3.3839245533224165e-20
3.816,-6.37978656397876e-21,-3.342955730103291e-20
3.817,-6.310269598621733e-21,-3.3024823515159844e-20
3.818,-6.241501477825609e-21,-3.2624984329457735e-20
3.819,-6.173474246940745e-21,-3.2229980619828074e-20
3.82,-6.106180034351596e-21,-3.183975397551998e-20
3.821,-6.039611050629357e-21,-3.145424669053378e-20
3.822,-5.973759587692982e-21,-3.107340175512809e-20
3.823,-5.908618017978528e-21,-3.069716284742913e-20
3.824,-5.844178793616707e-21,-3.032547432514098e-20
3.825,-5.780434445618604e-21,-2.9958281217355695e-20
3.826,-5.71737758306946e-21,-2.959552921646189e-20
3.827,-5.655000892330459e-21,-2.923716467015085e-20
3.828,-5.593297136248423e-21,-2.888313457351875e-20
3.829,-5.532259153373367e-21,-2.8533386561264e-20
3.83,-5.471879857183814e-21,-2.818786889997853e-20
3.831,-5.412152235319812e-21,-2.78465304805318e-20
3.832,-5.3530693488235695e-21,-2.750932081054657e-20
3.833,-5.29462433138765e-21,-2.717619000696519e-20
3.834,-5.236810388610635e-21,-2.6847088788705412e-20
3.835,-5.179620797260202e-21,-2.6521968469404575e-20
3.836,-5.123048904543535e-21,-2.6200780950251198e-20
3.837,-5.067088127385005e-21,-2.588347871290282e-20
3.838,-5.011731951711043e-21,-2.557001481248912e-20
3.839,-4.956973931742144e-21,-2.526034287069928e-20
3.84,-4.902807689291932e-21,-2.4954417068952558e-20
3.841,-4.8492269130732135e-21,-2.4652192141651103e-20
3.842,-4.796225358010962e-21,-2.435362336951397e-20
3.843,-4.743796844562156e-21,-2.4058666572991432e-20
3.844,-4.691935258042413e-21,-2.3767278105758558e-20
3.845,-4.64063454795935e-21,-2.3479414848287136e-20
3.846,-4.5898887273526085e-21,-2.3195034201495e-20
3.847,-4.539691872140482e-21,-2.2914094080471806e-20
3.848,-4.490038120473068e-21,-2.2636552908280378e-20
3.849,-4.44092167209191e-21,-2.2362369609832665e-20
3.85,-4.392336787696036e-21,-2.2091503605839463e-20
3.851,-4.34427778831435e-21,-2.1823914806832968e-20
3.852,-4.296739054684314e-21,-2.1559563607261332e-20
3.853,-4.249715026636858e-21,-2.12984108796543e-20
3.854,-4.203200202487448e-21,-2.104041796885913e-20
3.855,-4.1571891384332755e-21,-2.0785546686345915e-20
3.856,-4.11167644795648e-21,-2.0533759304581465e-20
3.857,-4.066656801233376e-21,-2.0285018551470974e-20
3.858,-4.0221249245496024e-21,-2.0039287604866602e-20
3.859,-3.978075599721151e-21,-1.9796530087142182e-20
3.86,-3.934503663521212e-21,-1.9556710059833288e-20
3.861,-3.891404007112781e-21,-1.9319792018341835e-20
3.862,-3.848771575486969e-21,-1.908574088670445e-20
3.863,-3.8066013669069716e-21,-1.8854522012423876e-20
3.864,-3.7648884323576215e-21,-1.8626101161362586e-20
3.865,-3.723627875000494e-21,-1.8400444512697928e-20
3.866,-3.68281484963449e-21,-1.8177518653938035e-20
3.867,-3.642444562161862e-21,-1.7957290575997724e-20
3.868,-3.6025122690596145e-21,-1.773972766833375e-20
3.869,-3.5630132768562404e-21,-1.7524797714138622e-20
3.87,-3.5239429416137254e-21,-1.731246888559233e-20
3.871,-3.485296668414789e-21,-1.710270973917124e-20
3.872,-3.447069910855289e-21,-1.689548921101353e-20
3.873,-3.409258170541764e-21,-1.6690776612340408e-20
3.874,-3.371856996594038e-21,-1.6488541624932513e-20
3.875,-3.3348619851528566e-21,-1.6288754296660806e-20
3.876,-3.298268778892498e-21,-1.6091385037071276e-20
3.877,-3.262073066538312e-21,-1.5896404613022848e-20
3.878,-3.226270582389136e-21,-1.5703784144377837e-20
3.879,-3.1908571058445463e-21,-1.551349509974431e-20
3.88,-3.155828460936892e-21,-1.532550929226974e-20
3.881,-3.1211805158680644e-21,-1.5139798875485345e-20
3.882,-3.0869091825509615e-21,-1.495633633920046e-20
3.883,-3.0530104161555958e-21,-1.4775094505446408e-20
3.884,-3.019480214659801e-21,-1.4596046524469214e-20
3.885,-2.9863146184044967e-21,-1.441916587077059e-20
3.886,-2.953509709653458e-21,-1.4244426339196646e-20
3.887,-2.921061612157557e-21,-1.4071802041073686e-20
3.888,-2.8889664907234198e-21,-1.3901267400390596e-20
3.889,-2.85722055078647e-21,-1.37327971500272e-20
3.89,-2.8258200379882986e-21,-1.3566366328028076e-20
3.891,-2.7947612377583336e-21,-1.340195027392126e-20
3.892,-2.764040474899759e-21,-1.32395246250813e-20
3.893,-2.733654113179639e-21,-1.3079065313136143e-20
3.894,-2.703598554923216e-21,-1.2920548560417311e-20
3.895,-2.673870240612328e-21,-1.2763950876452842e-20
3.896,-2.6444656484879187e-21,-1.2609249054502506e-20
3.897,-2.615381294156587e-21,-1.2456420168134754e-20
3.898,-2.586613730201146e-21,-1.2305441567844919e-20
3.899,-2.5581595457951478e-21,-1.2156290877714176e-20
3.9,-2.5300153663213325e-21,-1.2008945992108758e-20
3.901,-2.5021778529939684e-21,-1.1863385072418936e-20
3.902,-2.4746437024850424e-21,-1.1719586543837316e-20
3.903,-2.447409646554257e-21,-1.1577529092175942e-20
3.904,-2.420472451682809e-21,-1.1437191660721775e-20
3.905,-2.393828918710899e-21,-1.129855344713004e-20
3.906,-2.367475882478942e-21,-1.1161593900355046e-20
3.907,-2.3414102114724434e-21,-1.1026292717617964e-20
3.908,-2.3156288074704992e-21,-1.0892629841411164e-20
3.909,-2.2901286051978887e-21,-1.0760585456538656e-20
3.91,-2.2649065719807213e-21,-1.0630139987192188e-20
3.911,-2.239959707405606e-21,-1.05012740940626e-20
3.912,-2.2152850429823e-21,-1.0373968671485974e-20
3.913,-2.1908796418098174e-21,-1.0248204844624204e-20
3.914,-2.166740598245945e-21,-1.012396396667952e-20
3.915,-2.1428650375801446e-21,-1.000122761614261e-20
3.916,-2.1192501157098056e-21,-9.879977594073895e-21
3.917,-2.0958930188198096e-21,-9.760195921417577e-21
3.918,-2.07279096306538e-21,-9.64186483634807e-21
3.919,-2.0499411942581793e-21,-9.524966791648405e-21
3.92,-2.027340987555627e-21,-9.409484452120245e-21
3.921,-2.0049876471533996e-21,-9.295400692025106e-21
3.922,-1.982878505981087e-21,-9.182698592556443e-21
3.923,-1.9610109254009685e-21,-9.07136143934218e-21
3.924,-1.9393822949098827e-21,-8.961372719977384e-21
3.925,-1.9179900318441564e-21,-8.852716121586636e-21
3.926,-1.896831581087563e-21,-8.745375528415834e-21
3.927,-1.8759044147822815e-21,-8.639335019452983e-21
3.928,-1.8552060320428237e-21,-8.53457886607771e-21
3.929,-1.834733958672903e-21,-8.431091529739074e-21
3.93,-1.814485746885212e-21,-8.328857659661405e-21
3.931,-1.7944589750240836e-21,-8.227862090577778e-21
3.932,-1.7746512472910022e-21,-8.12808984049083e-21
3.933,-1.7550601934729425e-21,-8.029526108460553e-21
3.934,-1.7356834686734995e-21,-7.93215627241878e-21
3.935,-1.7165187530467918e-21,-7.835965887010005e-21
3.936,-1.697563751534099e-21,-7.740940681458239e-21
3.937,-1.6788161936032187e-21,-7.647066557459588e-21
3.938,-1.660273832990501e-21,-7.55432958710024e-21
3.939,-1.6419344474455493e-21,-7.462716010799556e-21
3.94,-1.6237958384785474e-21,-7.372212235277954e-21
3.941,-1.6058558311101951e-21,-7.282804831549308e-21
3.942,-1.5881122736242216e-21,-7.194480532937542e-21
3.943,-1.570563037322453e-21,-7.107226233117151e-21
3.944,-1.5532060162824076e-21,-7.021028984177345e-21
3.945,-1.5360391271173927e-21,-6.935875994709527e-21
3.946,-1.5190603087390796e-21,-6.85175462791785e-21
3.947,-1.5022675221225307e-21,-6.768652399752545e-21
3.948,-1.4856587500736537e-21,-6.68655697706577e-21
3.949,-1.4692319969990592e-21,-6.605456175789681e-21
3.95,-1.4529852886782975e-21,-6.5253379591364946e-21
3.951,-1.4369166720384495e-21,-6.446190435820239e-21
3.952,-1.4210242149310512e-21,-6.368001858299961e-21
3.953,-1.4053060059113226e-21,-6.290760621044117e-21
3.954,-1.389760154019684e-21,-6.2144552588158884e-21
3.955,-1.3743847885655318e-21,-6.139074444979189e-21
3.956,-1.359178058913255e-21,-6.064606989825091e-21
3.957,-1.3441381342704651e-21,-5.99104183891844e-21
3.958,-1.3292632034784224e-21,-5.918368071464412e-21
3.959,-1.3145514748046316e-21,-5.846574898694766e-21
3.96,-1.3000011757375881e-21,-5.7756516622735675e-21
3.961,-1.2856105527836527e-21,-5.705587832722133e-21
3.962,-1.2713778712660303e-21,-5.6363730078629794e-21
3.963,-1.2573014151258368e-21,-5.567996911282533e-21
3.964,-1.2433794867252273e-21,-5.500449390812387e-21
3.965,-1.229610406652569e-21,-5.433720417028882e-21
3.966,-1.215992513529635e-21,-5.36780008177077e-21
3.967,-1.2025241638208016e-21,-5.302678596674773e-21
3.968,-1.1892037316442257e-21,-5.238346291728804e-21
3.969,-1.1760296085849845e-21,-5.1747936138426285e-21
3.97,-1.1630002035101568e-21,-5.112011125435785e-21
3.971,-1.1501139423858258e-21,-5.049989503042525e-21
3.972,-1.1373692680959848e-21,-4.98871953593359e-21
3.973,-1.1247646402633255e-21,-4.92819212475461e-21
3.974,-1.1122985350718907e-21,-4.868398280180931e-21
3.975,-1.099969445091572e-21,-4.809329121588667e-21
3.976,-1.087775879104433e-21,-4.75097587574179e-21
3.977,-1.0757163619328422e-21,-4.693329875495048e-21
3.978,-1.0637894342693928e-21,-4.636382558512543e-21
3.979,-1.0519936525085958e-21,-4.5801254660017635e-21
3.98,-1.0403275885803249e-21,-4.524550241462887e-21
3.981,-1.0287898297849971e-21,-4.469648629453177e-21
3.982,-1.0173789786304714e-21,-4.41541247436629e-21
3.983,-1.006093652670647e-21,-4.3618337192262976e-21
3.984,-9.94932484345745e-22,-4.308904404496273e-21
3.985,-9.838941208242547e-22,-4.256616666901244e-21
3.986,-9.729772238465302e-22,-4.204962738265353e-21
3.987,-9.621804695700178e-22,-4.153934944363043e-21
3.988,-9.515025484160985e-22,-4.103525703784109e-21
3.989,-9.409421649185306e-22,-4.05372752681244e-21
3.99,-9.304980375734731e-22,-4.004533014318291e-21
3.991,-9.201688986910766e-22,-3.955934856663929e-21
3.992,-9.099534942486242e-22,-3.907925832622473e-21
3.993,-8.99850583745207e-22,-3.8604988083097845e-21
3.994,-8.898589400579175e-22,-3.813646736129253e-21
3.995,-8.799773492995482e-22,-3.7673626537293034e-21
3.996,-8.702046106777762e-22,-3.721639682973494e-21
3.997,-8.605395363558212e-22,-3.676471028923037e-21
3.998,-8.50980951314562e-22,-3.6318499788316e-21
3.999,-8.415276932160937e-22,-3.5877699011522365e-21
4.0,-8.321786122687155e-22,-3.544224244556302e-21
