M omega,Re(tilde_Psi_4),Im(tilde_Psi_4)
-4.0,-1.42844842754572e-20,-1.6457102963946605e-20
-3.999,-1.4460772764884033e-20,-1.66630017337442e-20
-3.998,-1.4639233730862475e-20,-1.687147838010781e-20
-3.997,-1.4819893903543115e-20,-1.7082565201811212e-20
-3.996,-1.500278034139623e-20,-1.7296294902606384e-20
-3.995,-1.5187920435236777e-20,-1.7512700596305162e-20
-3.994,-1.5375341912298594e-20,-1.7731815811924687e-20
-3.993,-1.5565072840358493e-20,-1.7953674498897457e-20
-3.992,-1.5757141631910758e-20,-1.8178311032346826e-20
-3.991,-1.5951577048392733e-20,-1.8405760218428745e-20
-3.99,-1.6148408204462084e-20,-1.863605729974056e-20
-3.989,-1.6347664572326386e-20,-1.8869237960797784e-20
-3.988,-1.654937598612566e-20,-1.9105338333579594e-20
-3.987,-1.6753572646368522e-20,-1.9344395003144e-20
-3.986,-1.6960285124422586e-20,-1.9586445013313527e-20
-3.985,-1.716954436705977e-20,-1.9831525872432307e-20
-3.984,-1.7381381701057226e-20,-2.0079675559195444e-20
-3.983,-1.75958288378545e-20,-2.0330932528551622e-20
-3.982,-1.7812917878267665e-20,-2.0585335717679825e-20
-3.981,-1.8032681317261103e-20,-2.0842924552041125e-20
-3.98,-1.8255152048777626e-20,-2.1103738951506468e-20
-3.979,-1.848036337062768e-20,-2.1367819336561424e-20
-3.978,-1.8708348989438315e-20,-2.1635206634588874e-20
-3.977,-1.8939143025662683e-20,-2.190594228623059e-20
-3.976,-1.9172780018650766e-20,-2.2180068251828705e-20
-3.975,-1.940929493178213e-20,-2.2457627017948123e-20
-3.974,-1.9648723157661416e-20,-2.2738661603980816e-20
-3.973,-1.9891100523377354e-20,-2.3023215568833075e-20
-3.972,-2.0136463295826073e-20,-2.331133301769676e-20
-3.971,-2.0384848187099494e-20,-2.3603058608905604e-20
-3.97,-2.0636292359939583e-20,-2.3898437560877614e-20
-3.969,-2.0890833433259306e-20,-2.4197515659144695e-20
-3.968,-2.1148509487731034e-20,-2.4500339263470552e-20
-3.967,-2.1409359071443302e-20,-2.4806955315058006e-20
-3.966,-2.1673421205626675e-20,-2.5117411343846833e-20
-3.965,-2.1940735390449634e-20,-2.5431755475903274e-20
-3.964,-2.2211341610885285e-20,-2.5750036440902372e-20
-3.963,-2.2485280342649773e-20,-2.6072303579704274e-20
-3.962,-2.276259255821329e-20,-2.6398606852025733e-20
-3.961,-2.3043319732884525e-20,-2.6728996844207936e-20
-3.96,-2.3327503850969497e-20,-2.7063524777081938e-20
-3.959,-2.361518741200564e-20,-2.7402242513932885e-20
-3.958,-2.3906413437072075e-20,-2.774520256856429e-20
-3.957,-2.4201225475176994e-20,-2.809245811346357e-20
-3.956,-2.449966760972311e-20,-2.8444062988070253e-20
-3.955,-2.4801784465052075e-20,-2.8800071707147936e-20
-3.954,-2.5107621213068918e-20,-2.9160539469261483e-20
-3.953,-2.541722357994738e-20,-2.9525522165360705e-20
-3.952,-2.5730637852917193e-20,-2.9895076387471866e-20
-3.951,-2.604791088713429e-20,-3.0269259437498364e-20
-3.95,-2.636909011263496e-20,-3.064812933613198e-20
-3.949,-2.6694223541374914e-20,-3.103174483187613e-20
-3.948,-2.702335977435444e-20,-3.1420165410182344e-20
-3.947,-2.73565480088305e-20,-3.181345130270167e-20
-3.946,-2.7693838045617e-20,-3.2211663496652216e-20
-3.945,-2.803528029647421e-20,-3.2614863744304425e-20
-3.944,-2.838092579158845e-20,-3.3023114572585463e-20
-3.943,-2.8730826187143167e-20,-3.343647929280434e-20
-3.942,-2.908503377298241e-20,-3.385502201049915e-20
-3.941,-2.944360148036805e-20,-3.427880763540808e-20
-3.94,-2.980658288983158e-20,-3.470790189156565e-20
-3.939,-3.0174032239121954e-20,-3.514237132752582e-20
-3.938,-3.054600443125038e-20,-3.558228332671358e-20
-3.937,-3.0922555042633465e-20,-3.60277061179065e-20
-3.936,-3.1303740331335725e-20,-3.647870878584808e-20
-3.935,-3.16896172454128e-20,-3.693536128199439e-20
-3.934,-3.2080243431356526e-20,-3.739773443539575e-20
-3.933,-3.247567724264316e-20,-3.7865899963715114e-20
-3.932,-3.2875977748385935e-20,-3.8339930484384976e-20
-3.931,-3.328120474209334e-20,-3.881989952590433e-20
-3.93,-3.369141875053427e-20,-3.930588153927771e-20
-3.929,-3.410668104271147e-20,-3.9797951909597856e-20
-3.928,-3.452705363894448e-20,-4.0296186967774006e-20
-3.927,-3.495259932006354e-20,-4.0800664002407484e-20
-3.926,-3.538338163671569e-20,-4.131146127181655e-20
-3.925,-3.581946491878449e-20,-4.1828658016212376e-20
-3.924,-3.626091428492476e-20,-4.235233447002793e-20
-3.923,-3.6707795652213675e-20,-4.2882571874401875e-20
-3.922,-3.716017574591969e-20,-4.341945248981932e-20
-3.921,-3.761812210939071e-20,-4.396305960891135e-20
-3.92,-3.808170311406298e-20,-4.4513477569415514e-20
-3.919,-3.8550987969592083e-20,-4.5070791767299036e-20
-3.918,-3.9026046734107634e-20,-4.5635088670047084e-20
-3.917,-3.9506950324593144e-20,-4.6206455830117905e-20
-3.916,-3.999377052739253e-20,-4.678498189856712e-20
-3.915,-4.0486580008844867e-20,-4.7370756638843206e-20
-3.914,-4.098545232604894e-20,-4.796387094075633e-20
-3.913,-4.1490461937759117e-20,-4.856441683462278e-20
-3.912,-4.2001684215414235e-20,-4.9172487505587065e-20
-3.911,-4.251919545430105e-20,-4.978817730812411e-20
-3.91,-4.3043072884853883e-20,-5.0411581780723604e-20
-3.909,-4.357339468409217e-20,-5.1042797660758966e-20
-3.908,-4.411023998719757e-20,-5.168192289954314e-20
-3.907,-4.465368889923231e-20,-5.232905667757363e-20
-3.906,-4.5203822507000505e-20,-5.2984299419969076e-20
-3.905,-4.576072289105419e-20,-5.3647752812099955e-20
-3.904,-4.632447313784584e-20,-5.431951981541558e-20
-3.903,-4.689515735202913e-20,-5.49997046834701e-20
-3.902,-4.747286066890974e-20,-5.568841297814998e-20
-3.901,-4.805766926704808e-20,-5.638575158610524e-20
-3.9,-4.864967038101571e-20,-5.709182873538744e-20
-3.899,-4.924895231430739e-20,-5.780675401229663e-20
-3.898,-4.98556044524106e-20,-5.853063837844004e-20
-3.897,-5.046971727603451e-20,-5.926359418800534e-20
-3.896,-5.109138237450023e-20,-6.00057352052508e-20
-3.895,-5.172069245929446e-20,-6.075717662221539e-20
-3.894,-5.2357741377788356e-20,-6.151803507665153e-20
-3.893,-5.300262412712377e-20,-6.22884286701831e-20
-3.892,-5.3655436868268785e-20,-6.306847698669185e-20
-3.891,-5.431627694024469e-20,-6.385830111093482e-20
-3.89,-5.49852428745264e-20,-6.465802364739572e-20
-3.889,-5.566243440961855e-20,-6.546776873937344e-20
-3.888,-5.634795250580921e-20,-6.628766208831038e-20
-3.887,-5.704189936010358e-20,-6.711783097336372e-20
-3.886,-5.774437842133976e-20,-6.795840427122277e-20
-3.885,-5.845549440548879e-20,-6.880951247617543e-20
-3.884,-5.917535331114116e-20,-6.967128772042682e-20
-3.883,-5.990406243518232e-20,-7.054386379467343e-20
-3.882,-6.064173038865903e-20,-7.142737616893576e-20
-3.881,-6.138846711283937e-20,-7.232196201365303e-20
-3.88,-6.214438389546836e-20,-7.322776022104287e-20
-3.879,-6.29095933872218e-20,-7.414491142672966e-20
-3.878,-6.368420961836067e-20,-7.507355803164469e-20
-3.877,-6.446834801558853e-20,-7.601384422420174e-20
-3.876,-6.526212541911433e-20,-7.69659160027512e-20
-3.875,-6.606566009992328e-20,-7.79299211983168e-20
-3.874,-6.687907177725818e-20,-7.890600949761784e-20
-3.873,-6.770248163631369e-20,-7.989433246638113e-20
-3.872,-6.853601234614645e-20,-8.08950435729458e-20
-3.871,-6.937978807780324e-20,-8.190829821216503e-20
-3.87,-7.023393452267021e-20,-8.293425372960809e-20
-3.869,-7.109857891104563e-20,-8.397306944606682e-20
-3.868,-7.197385003093896e-20,-8.502490668237014e-20
-3.867,-7.285987824709903e-20,-8.608992878451053e-20
-3.866,-7.375679552027395e-20,-8.716830114908641e-20
-3.865,-7.466473542670583e-20,-8.826019124906443e-20
-3.864,-7.558383317786295e-20,-8.936576865986562e-20
-3.863,-7.651422564041222e-20,-9.048520508577957e-20
-3.862,-7.74560513564352e-20,-9.161867438671067e-20
-3.861,-7.840945056389012e-20,-9.27663526052606e-20
-3.86,-7.937456521732341e-20,-9.392841799415149e-20
-3.859,-8.03515390088333e-20,-9.510505104399363e-20
-3.858,-8.134051738928902e-20,-9.629643451140254e-20
-3.857,-8.234164758980819e-20,-9.750275344746948e-20
-3.856,-8.335507864349607e-20,-9.872419522658991e-20
-3.855,-8.438096140744937e-20,-9.996094957565445e-20
-3.854,-8.54194485850282e-20,-1.0121320860360699e-19
-3.853,-8.647069474839916e-20,-1.0248116683137422e-19
-3.852,-8.75348563613531e-20,-1.0376502122217179e-19
-3.851,-8.861209180240051e-20,-1.0506497121219133e-19
-3.85,-8.970256138814853e-20,-1.0638121874167342e-19
-3.849,-9.080642739696218e-20,-1.0771396828637132e-19
-3.848,-9.19238540929141e-20,-1.0906342688941021e-19
-3.847,-9.305500775002567e-20,-1.1042980419354727e-19
-3.846,-9.420005667680331e-20,-1.1181331247383714e-19
-3.845,-9.535917124107367e-20,-1.132141666707085e-19
-3.844,-9.653252389512095e-20,-1.1463258442345617e-19
-3.843,-9.772028920113045e-20,-1.160687861041548e-19
-3.842,-9.89226438569418e-20,-1.1752299485199866e-19
-3.841,-1.0013976672211565e-19,-1.1899543660807362e-19
-3.84,-1.0137183884431776e-19,-1.20486340150566e-19
-3.839,-1.0261904348602419e-19,-1.2199593713041464e-19
-3.838,-1.0388156615155161e-19,-1.2352446210741095e-19
-3.837,-1.0515959461441653e-19,-1.2507215258675317e-19
-3.836,-1.0645331894502766e-19,-1.2663924905606022e-19
-3.835,-1.0776293153871517e-19,-1.282259950228511e-19
-3.834,-1.090886271441012e-19,-1.298326370524956e-19
-3.833,-1.1043060289181547e-19,-1.3145942480664238e-19
-3.832,-1.1178905832356068e-19,-1.331066110821301e-19
-3.831,-1.1316419542153117e-19,-1.3477445185038831e-19
-3.83,-1.1455621863818997e-19,-1.3646320629733348e-19
-3.829,-1.1596533492640785e-19,-1.3817313686376697e-19
-3.828,-1.173917537699694e-19,-1.3990450928628113e-19
-3.827,-1.1883568721445e-19,-1.4165759263867979e-19
-3.826,-1.2029734989846875e-19,-1.4343265937391975e-19
-3.825,-1.2177695908532142e-19,-1.4522998536657967e-19
-3.824,-1.2327473469499832e-19,-1.470498499558633e-19
-3.823,-1.2479089933659168e-19,-1.4889253598914332e-19
-3.822,-1.2632567834109737e-19,-1.5075832986605324e-19
-3.821,-1.278792997946154e-19,-1.5264752158313338e-19
-3.82,-1.2945199457195461e-19,-1.5456040477903884e-19
-3.819,-1.3104399637064577e-19,-1.564972767803158e-19
-3.818,-1.3265554174536864e-19,-1.584584386477538e-19
-3.817,-1.3428687014279768e-19,-1.604441952233209e-19
-3.816,-1.3593822393687156e-19,-1.6245485517768925e-19
-3.815,-1.376098484644916e-19,-1.644907310583585e-19
-3.814,-1.3930199206165437e-19,-1.6655213933838438e-19
-3.813,-1.410149061000238e-19,-1.6863940046572056e-19
-3.812,-1.4274884502394778e-19,-1.7075283891318068e-19
-3.811,-1.4450406638792519e-19,-1.728927832290292e-19
-3.81,-1.4628083089452822e-19,-1.7505956608820864e-19
-3.809,-1.4807940243278605e-19,-1.7725352434421088e-19
-3.808,-1.4990004811703508e-19,-1.794749990816014e-19
-3.807,-1.5174303832624149e-19,-1.8172433566920384e-19
-3.806,-1.53608646743802e-19,-1.8400188381395391e-19
-3.805,-1.5549715039782842e-19,-1.863079976154305e-19
-3.804,-1.5740882970192183e-19,-1.8864303562107301e-19
-3.803,-1.5934396849644273e-19,-1.9100736088209303e-19
-3.802,-1.613028540902825e-19,-1.9340134101008962e-19
-3.801,-1.6328577730314286e-19,-1.9582534823437674e-19
-3.8,-1.652930325083292e-19,-1.982797594600318e-19
-3.799,-1.6732491767606393e-19,-2.0076495632667445e-19
-3.798,-1.693817344173263e-19,-2.0328132526798507e-19
-3.797,-1.7146378802822522e-19,-2.0582925757197172e-19
-3.796,-1.7357138753491104e-19,-2.0840914944199537e-19
-3.795,-1.757048457390333e-19,-2.1102140205856305e-19
-3.794,-1.77864479263751e-19,-2.136664216418982e-19
-3.793,-1.8005060860030156e-19,-2.1634461951529822e-19
-3.792,-1.8226355815513633e-19,-2.190564121692893e-19
-3.791,-1.84503656297628e-19,-2.218022213265882e-19
-3.79,-1.8677123540835838e-19,-2.245824740078814e-19
-3.789,-1.890666319279925e-19,-2.2739760259843183e-19
-3.788,-1.9139018640674652e-19,-2.302480449155237e-19
-3.787,-1.9374224355445675e-19,-2.331342442767556e-19
-3.786,-1.9612315229125682e-19,-2.3605664956919344e-19
-3.785,-1.9853326579887046e-19,-2.390157153193927e-19
-3.784,-2.0097294157252743e-19,-2.420119017643023e-19
-3.783,-2.0344254147351005e-19,-2.4504567492306024e-19
-3.782,-2.0594243178233788e-19,-2.481175066696927e-19
-3.781,-2.0847298325259847e-19,-2.5122787480672785e-19
-3.78,-2.1103457116543198e-19,-2.5437726313973616e-19
-3.779,-2.1362757538467732e-19,-2.5756616155280793e-19
-3.778,-2.1625238041268816e-19,-2.607950660849812e-19
-3.777,-2.1890937544682677e-19,-2.640644790076312e-19
-3.776,-2.2159895443664365e-19,-2.6737490890283314e-19
-3.775,-2.2432151614175204e-19,-2.707268707427115e-19
-3.774,-2.2707746419040443e-19,-2.741208859697878e-19
-3.773,-2.298672071387811e-19,-2.7755748257833905e-19
-3.772,-2.326911585309976e-19,-2.8103719519678e-19
-3.771,-2.3554973695984193e-19,-2.845605651710826e-19
-3.77,-2.3844336612824794e-19,-2.8812814064924427e-19
-3.769,-2.413724749115157e-19,-2.9174047666681987e-19
-3.768,-2.443374974202873e-19,-2.953981352335296e-19
-3.767,-2.473388730642865e-19,-2.9910168542095685e-19
-3.766,-2.503770466168326e-19,-3.028517034513494e-19
-3.765,-2.534524682801374e-19,-3.066487727875387e-19
-3.764,-2.5656559375139427e-19,-3.104934842239901e-19
-3.763,-2.5971688428966974e-19,-3.14386435978999e-19
-3.762,-2.629068067836069e-19,-3.183282337880477e-19
-3.761,-2.6613583381995028e-19,-3.223194909983364e-19
-3.76,-2.6940444375290234e-19,-3.2636082866450443e-19
-3.759,-2.7271312077432182e-19,-3.304528756455557e-19
-3.758,-2.7606235498477358e-19,-3.345962687030042e-19
-3.757,-2.7945264246544087e-19,-3.3879165260025458e-19
-3.756,-2.828844853509101e-19,-3.430396802032333e-19
-3.755,-2.8635839190283853e-19,-3.473410125822866e-19
-3.754,-2.898748765845157e-19,-3.5169631911536034e-19
-3.753,-2.9343446013633003e-19,-3.5610627759247915e-19
-3.752,-2.970376696521501e-19,-3.6057157432153956e-19
-3.751,-3.00685038656633e-19,-3.650929042354357e-19
-3.75,-3.043771071834707e-19,-3.696709710005321e-19
-3.749,-3.0811442185458484e-19,-3.7430648712650277e-19
-3.748,-3.118975359602827e-19,-3.7900017407755194e-19
-3.747,-3.1572700954038527e-19,-3.8375276238503507e-19
-3.746,-3.1960340946633906e-19,-3.885649917614972e-19
-3.745,-3.2352730952432403e-19,-3.9343761121614644e-19
-3.744,-3.2749929049936913e-19,-3.983713791717813e-19
-3.743,-3.3151994026048837e-19,-4.0336706358318937e-19
-3.742,-3.3558985384684847e-19,-4.0842544205703614e-19
-3.741,-3.397096335549825e-19,-4.1354730197326335e-19
-3.74,-3.438798890270597e-19,-4.1873344060801483e-19
-3.739,-3.481012373402269e-19,-4.239846652581099e-19
-3.738,-3.523743030970321e-19,-4.2930179336708343e-19
-3.737,-3.5669971851694484e-19,-4.346856526528125e-19
-3.736,-3.6107812352898596e-19,-4.401370812367493e-19
-3.735,-3.655101658654804e-19,-4.456569277747808e-19
-3.734,-3.699965011569463e-19,-4.512460515897364e-19
-3.733,-3.745377930281344e-19,-4.569053228055618e-19
-3.732,-3.7913471319523186e-19,-4.626356224831837e-19
-3.731,-3.8378794156424354e-19,-4.684378427580836e-19
-3.73,-3.8849816633056657e-19,-4.743128869796036e-19
-3.729,-3.9326608407977084e-19,-4.802616698520063e-19
-3.728,-3.980923998896017e-19,-4.862851175773096e-19
-3.727,-4.0297782743321806e-19,-4.923841679999199e-19
-3.726,-4.079230890836819e-19,-4.985597707530864e-19
-3.725,-4.129289160197141e-19,-5.048128874071984e-19
-3.724,-4.179960483327312e-19,-5.111444916199499e-19
-3.723,-4.231252351351795e-19,-5.175555692883945e-19
-3.722,-4.283172346701815e-19,-5.2404711870291385e-19
-3.721,-4.33572814422511e-19,-5.30620150703126e-19
-3.72,-4.388927512309122e-19,-5.372756888357547e-19
-3.719,-4.442778314017799e-19,-5.440147695144873e-19
-3.718,-4.497288508242166e-19,-5.508384421818444e-19
-3.717,-4.552466150864833e-19,-5.577477694730884e-19
-3.716,-4.608319395938608e-19,-5.647438273821943e-19
-3.715,-4.664856496879389e-19,-5.71827705429911e-19
-3.714,-4.722085807673497e-19,-5.790005068339377e-19
-3.713,-4.780015784099638e-19,-5.862633486812438e-19
-3.712,-4.838654984965658e-19,-5.936173621025571e-19
-3.711,-4.898012073360281e-19,-6.010636924490496e-19
-3.71,-4.9580958179199985e-19,-6.086034994712476e-19
-3.709,-5.0189150941113035e-19,-6.162379575001947e-19
-3.708,-5.080478885528448e-19,-6.239682556308945e-19
-3.707,-5.14279628520692e-19,-6.317955979080651e-19
-3.706,-5.205876496952806e-19,-6.397212035142295e-19
-3.705,-5.269728836688276e-19,-6.477463069601773e-19
-3.704,-5.334362733813323e-19,-6.558721582778216e-19
-3.703,-5.399787732584018e-19,-6.641000232154868e-19
-3.702,-5.466013493507427e-19,-6.724311834356528e-19
-3.701,-5.533049794753425e-19,-6.808669367151911e-19
-3.7,-5.600906533583593e-19,-6.894085971481206e-19
-3.699,-5.669593727797412e-19,-6.980574953509174e-19
-3.698,-5.739121517195957e-19,-7.068149786704095e-19
-3.697,-5.809500165063308e-19,-7.156824113942885e-19
-3.696,-5.880740059665885e-19,-7.246611749642735e-19
-3.695,-5.952851715769936e-19,-7.337526681919575e-19
-3.694,-6.025845776177369e-19,-7.429583074773727e-19
-3.693,-6.099733013280188e-19,-7.522795270303082e-19
-3.692,-6.174524330633724e-19,-7.617177790944131e-19
-3.691,-6.250230764548903e-19,-7.712745341741238e-19
-3.69,-6.326863485703781e-19,-7.80951281264447e-19
-3.689,-6.404433800774571e-19,-7.907495280836366e-19
-3.688,-6.4829531540864e-19,-8.006708013088018e-19
-3.687,-6.562433129284042e-19,-8.107166468144803e-19
-3.686,-6.642885451022849e-19,-8.208886299142174e-19
-3.685,-6.724321986680145e-19,-8.311883356051861e-19
-3.684,-6.806754748087312e-19,-8.41617368815889e-19
-3.683,-6.890195893282825e-19,-8.521773546569779e-19
-3.682,-6.974657728286495e-19,-8.6286993867523345e-19
-3.681,-7.060152708895158e-19,-8.736967871107426e-19
-3.68,-7.146693442500084e-19,-8.846595871573152e-19
-3.679,-7.234292689926363e-19,-8.957600472261792e-19
-3.678,-7.322963367294526e-19,-9.06999897212998e-19
-3.677,-7.412718547904685e-19,-9.183808887682501e-19
-3.676,-7.503571464143439e-19,-9.299047955710136e-19
-3.675,-7.595535509413847e-19,-9.415734136061984e-19
-3.674,-7.688624240088723e-19,-9.533885614452716e-19
-3.673,-7.782851377487548e-19,-9.653520805305162e-19
-3.672,-7.878230809877277e-19,-9.77465835462871e-19
-3.671,-7.974776594497334e-19,-9.897317142933963e-19
-3.67,-8.072502959609078e-19,-1.002151628818409e-18
-3.669,-8.17142430657004e-19,-1.014727514878336e-18
-3.668,-8.271555211933229e-19,-1.0274613326603306e-18
-3.667,-8.372910429571812e-19,-1.0403550670047014e-18
-3.666,-8.475504892829463e-19,-1.0534107277151999e-18
-3.665,-8.579353716696697e-19,-1.0666303498732165e-18
-3.664,-8.684472200013508e-19,-1.0800159941559336e-18
-3.663,-8.790875827698615e-19,-1.093569747158486e-18
-3.662,-8.898580273005637e-19,-1.10729372172018e-18
-3.661,-9.007601399806537e-19,-1.1211900572548188e-18
-3.66,-9.11795526490265e-19,-1.1352609200851923e-18
-3.659,-9.22965812036361e-19,-1.1495085037817765e-18
-3.658,-9.34272641589456e-19,-1.1639350295057012e-18
-3.657,-9.45717680123194e-19,-1.178542746356037e-18
-3.656,-9.5730261285682e-19,-1.193333931721457e-18
-3.655,-9.690291455005829e-19,-1.2083108916363277e-18
-3.654,-9.808990045040992e-19,-1.2234759611412858e-18
-3.653,-9.929139373077172e-19,-1.2388315046483559e-18
-3.652,-1.005075712596918e-18,-1.2543799163106696e-18
-3.651,-1.0173861205597865e-18,-1.2701236203968388e-18
-3.65,-1.0298469731475912e-18,-1.2860650716700474e-18
-3.649,-1.0424601043385129e-18,-1.3022067557719172e-18
-3.648,-1.0552273704045548e-18,-1.3185511896112087e-18
-3.647,-1.068150650181676e-18,-1.3351009217574207e-18
-3.646,-1.0812318453431863e-18,-1.3518585328393444e-18
-3.645,-1.0944728806764412e-18,-1.3688266359486424e-18
-3.644,-1.1078757043628769e-18,-1.386007877048508e-18
-3.643,-1.1214422882614255e-18,-1.4034049353874752e-18
-3.642,-1.1351746281953506e-18,-1.4210205239184392e-18
-3.641,-1.1490747442425456e-18,-1.4388573897229593e-18
-3.64,-1.1631446810293348e-18,-1.4569183144409023e-18
-3.639,-1.17738650802782e-18,-1.475206114705502e-18
-3.638,-1.191802319856816e-18,-1.4937236425838991e-18
-3.637,-1.2063942365864178e-18,-1.5124737860232286e-18
-3.636,-1.22116440404624e-18,-1.5314594693023309e-18
-3.635,-1.236114994137379e-18,-1.5506836534891497e-18
-3.634,-1.2512482051481366e-18,-1.5701493369038954e-18
-3.633,-1.266566262073553e-18,-1.589859555588043e-18
-3.632,-1.2820714169387953e-18,-1.6098173837792366e-18
-3.631,-1.2977659491264461e-18,-1.6300259343921798e-18
-3.63,-1.3136521657077402e-18,-1.6504883595055832e-18
-3.629,-1.3297324017777967e-18,-1.6712078508552482e-18
-3.628,-1.3460090207948952e-18,-1.6921876403333602e-18
-3.627,-1.362484414923842e-18,-1.713431000494077e-18
-3.626,-1.3791610053834787e-18,-1.7349412450654826e-18
-3.625,-1.396041242798381e-18,-1.756721729467994e-18
-3.624,-1.4131276075547987e-18,-1.7787758513393e-18
-3.623,-1.430422610160887e-18,-1.80110705106591e-18
-3.622,-1.4479287916112817e-18,-1.8237188123214073e-18
-3.621,-1.46564872375607e-18,-1.846614662611476e-18
-3.62,-1.48358500967421e-18,-1.869798173825801e-18
-3.619,-1.5017402840514493e-18,-1.8932729627969194e-18
-3.618,-1.5201172135628044e-18,-1.9170426918661138e-18
-3.617,-1.5387184972596445e-18,-1.941111069456437e-18
-3.616,-1.5575468669614458e-18,-1.9654818506529547e-18
-3.615,-1.5766050876522654e-18,-1.990158837790302e-18
-3.614,-1.5958959578819926e-18,-2.015145881047641e-18
-3.613,-1.6154223101724388e-18,-2.0404468790511173e-18
-3.612,-1.6351870114283176e-18,-2.066065779483906e-18
-3.611,-1.6551929633531807e-18,-2.0920065797039467e-18
-3.61,-1.675443102870362e-18,-2.1182733273694597e-18
-3.609,-1.6959404025489976e-18,-2.144870121072347e-18
-3.608,-1.7166878710351741e-18,-2.171801110979573e-18
-3.607,-1.737688553488276e-18,-2.19907049948263e-18
-3.606,-1.758945532022585e-18,-2.226682541855183e-18
-3.605,-1.780461926154203e-18,-2.254641546919006e-18
-3.604,-1.802240893253354e-18,-2.282951877718309e-18
-3.603,-1.8242856290021397e-18,-2.3116179522025616e-18
-3.602,-1.8465993678578028e-18,-2.340644243917921e-18
-3.601,-1.869185383521573e-18,-2.3700352827073755e-18
-3.6,-1.892046989413158e-18,-2.3997956554197096e-18
-3.599,-1.9151875391509487e-18,-2.4299300066274016e-18
-3.598,-1.938610427038006e-18,-2.460443039353572e-18
-3.597,-1.962319088553903e-18,-2.4913395158080915e-18
-3.596,-1.9863170008524803e-18,-2.5226242581329623e-18
-3.595,-2.0106076832656064e-18,-2.5543021491570994e-18
-3.594,-2.035194697812991e-18,-2.5863781331606186e-18
-3.593,-2.0600816497181436e-18,-2.6188572166487575e-18
-3.592,-2.085272187930539e-18,-2.6517444691355534e-18
-3.591,-2.110770005654068e-18,-2.6850450239373932e-18
-3.59,-2.1365788408818517e-18,-2.718764078976566e-18
-3.589,-2.1627024769374885e-18,-2.7529068975949447e-18
-3.588,-2.189144743022817e-18,-2.7874788093779193e-18
-3.587,-2.215909514772271e-18,-2.8224852109887175e-18
-3.586,-2.243000714813904e-18,-2.8579315670132367e-18
-3.585,-2.2704223133371646e-18,-2.8938234108155276e-18
-3.584,-2.2981783286675056e-18,-2.9301663454040578e-18
-3.583,-2.3262728278479013e-18,-2.9669660443088935e-18
-3.582,-2.3547099272273666e-18,-3.0042282524699376e-18
-3.581,-2.3834937930565517e-18,-3.041958787136361e-18
-3.58,-2.412628642090504e-18,-3.080163538777375e-18
-3.579,-2.4421187421986775e-18,-3.118848472004476e-18
-3.578,-2.4719684129822827e-18,-3.1580196265053195e-18
-3.577,-2.502182026399059e-18,-3.1976831179893645e-18
-3.576,-2.532764007395561e-18,-3.2378451391454342e-18
-3.575,-2.5637188345470494e-18,-3.2785119606113482e-18
-3.574,-2.5950510407050758e-18,-3.319689931955776e-18
-3.573,-2.6267652136528553e-18,-3.361385482672467e-18
-3.572,-2.6588659967685178e-18,-3.4036051231870098e-18
-3.571,-2.691358089696334e-18,-3.446355445876286e-18
-3.57,-2.7242462490260113e-18,-3.4896431261007686e-18
-3.569,-2.7575352889801544e-18,-3.533474923249838e-18
-3.568,-2.7912300821099923e-18,-3.577857681800269e-18
-3.567,-2.8253355599994654e-18,-3.6227983323880646e-18
-3.566,-2.8598567139777765e-18,-3.668303892893799e-18
-3.565,-2.894798595840505e-18,-3.714381469541639e-18
-3.564,-2.9301663185793885e-18,-3.7610382580122234e-18
-3.563,-2.965965057120873e-18,-3.808281544569569e-18
-3.562,-3.0022000490735386e-18,-3.856118707202181e-18
-3.561,-3.0388765954845055e-18,-3.904557216778547e-18
-3.56,-3.0760000616049288e-18,-3.953604638217205e-18
-3.559,-3.11357587766469e-18,-4.003268631671546e-18
-3.558,-3.151609539656394e-18,-4.053556953729571e-18
-3.557,-3.1901066101287872e-18,-4.1044774586287524e-18
-3.556,-3.2290727189897028e-18,-4.156038099486229e-18
-3.555,-3.2685135643186518e-18,-4.208246929544497e-18
-3.554,-3.3084349131891757e-18,-4.261112103432804e-18
-3.553,-3.3488426025010707e-18,-4.314641878444459e-18
-3.552,-3.3897425398226127e-18,-4.3688446158302256e-18
-3.551,-3.43114070424289e-18,-4.423728782108034e-18
-3.55,-3.4730431472343734e-18,-4.479302950389201e-18
-3.549,-3.515455993525846e-18,-4.535575801721367e-18
-3.548,-3.5583854419858036e-18,-4.592556126448366e-18
-3.547,-3.601837766516476e-18,-4.650252825587239e-18
-3.546,-3.645819316958566e-18,-4.708674912222608e-18
-3.545,-3.690336520006857e-18,-4.767831512918627e-18
-3.544,-3.73539588013681e-18,-4.827731869148736e-18
-3.543,-3.781003980542279e-18,-4.888385338743443e-18
-3.542,-3.8271674840844836e-18,-4.9498013973563546e-18
-3.541,-3.8738931342523696e-18,-5.0119896399486906e-18
-3.54,-3.921187756134493e-18,-5.074959782292518e-18
-3.539,-3.969058257402566e-18,-5.138721662492932e-18
-3.538,-4.017511629306807e-18,-5.203285242529438e-18
-3.537,-4.066554947683228e-18,-5.268660609816758e-18
-3.536,-4.116195373973011e-18,-5.3348579787853175e-18
-3.535,-4.1664401562541116e-18,-5.401887692481665e-18
-3.534,-4.2172966302852365e-18,-5.469760224189069e-18
-3.533,-4.268772220562344e-18,-5.538486179068535e-18
-3.532,-4.320874441387819e-18,-5.6080762958205395e-18
-3.531,-4.373610897952463e-18,-5.678541448367686e-18
-3.53,-4.426989287430472e-18,-5.7498926475586035e-18
-3.529,-4.481017400087533e-18,-5.82214104289331e-18
-3.528,-4.535703120402217e-18,-5.895297924270343e-18
-3.527,-4.591054428200812e-18,-5.969374723755912e-18
-3.526,-4.647079399805765e-18,-6.044383017375364e-18
-3.525,-4.703786209197891e-18,-6.120334526927232e-18
-3.524,-4.761183129192515e-18,-6.1972411218201654e-18
-3.523,-4.819278532629714e-18,-6.275114820933015e-18
-3.522,-4.878080893578821e-18,-6.353967794498376e-18
-3.521,-4.937598788557372e-18,-6.433812366009881e-18
-3.52,-4.9978408977646564e-18,-6.514661014153548e-18
-3.519,-5.058816006330057e-18,-6.596526374763472e-18
-3.518,-5.1205330055763375e-18,-6.67942124280219e-18
-3.517,-5.18300089429808e-18,-6.7633585743660046e-18
-3.516,-5.246228780055435e-18,-6.848351488715609e-18
-3.515,-5.3102258804833675e-18,-6.934413270332308e-18
-3.514,-5.375001524616595e-18,-7.02155737100017e-18
-3.513,-5.440565154230394e-18,-7.109797411914443e-18
-3.512,-5.506926325197466e-18,-7.199147185816546e-18
-3.511,-5.574094708861058e-18,-7.289620659155996e-18
-3.51,-5.642080093424527e-18,-7.381231974279593e-18
-3.509,-5.710892385357548e-18,-7.473995451648204e-18
-3.508,-5.78054161081916e-18,-7.567925592081521e-18
-3.507,-5.851037917097849e-18,-7.663037079031109e-18
-3.506,-5.9223915740688864e-18,-7.75934478088213e-18
-3.505,-5.994612975669097e-18,-7.856863753284089e-18
-3.504,-6.067712641389299e-18,-7.955609241510974e-18
-3.503,-6.141701217784603e-18,-8.055596682851169e-18
-3.502,-6.216589480002791e-18,-8.156841709027488e-18
-3.501,-6.292388333330989e-18,-8.25936014864775e-18
-3.5,-6.369108814760854e-18,-8.363168029686242e-18
-3.499,-6.446762094572488e-18,-8.468281581996491e-18
-3.498,-6.525359477937316e-18,-8.574717239855718e-18
-3.497,-6.604912406540128e-18,-8.682491644541383e-18
-3.496,-6.6854324602205504e-18,-8.791621646940227e-18
-3.495,-6.76693135863414e-18,-8.90212431019022e-18
-3.494,-6.8494209629333625e-18,-9.014016912355823e-18
-3.493,-6.932913277468668e-18,-9.127316949137e-18
-3.492,-7.017420451509932e-18,-9.242042136612391e-18
-3.491,-7.102954780988469e-18,-9.358210414017081e-18
-3.49,-7.189528710259896e-18,-9.475839946555408e-18
-3.489,-7.277154833888071e-18,-9.594949128249245e-18
-3.488,-7.365845898450369e-18,-9.715556584822207e-18
-3.487,-7.45561480436454e-18,-9.837681176620234e-18
-3.486,-7.546474607737416e-18,-9.961342001569013e-18
-3.485,-7.638438522235728e-18,-1.0086558398168698e-17
-3.484,-7.731519920979269e-18,-1.0213349948526408e-17
-3.483,-7.825732338456714e-18,-1.0341736481426964e-17
-3.482,-7.921089472464322e-18,-1.0471738075442372e-17
-3.481,-8.017605186067816e-18,-1.0603375062080509e-17
-3.48,-8.115293509587724e-18,-1.073666802897354e-17
-3.479,-8.214168642608425e-18,-1.0871637823106542e-17
-3.478,-8.314244956011224e-18,-1.100830555408686e-17
-3.477,-8.415536994031703e-18,-1.1146692597454686e-17
-3.476,-8.518059476341676e-18,-1.1286820598035417e-17
-3.475,-8.621827300155999e-18,-1.1428711473334285e-17
-3.474,-8.726855542364556e-18,-1.1572387416973807e-17
-3.473,-8.833159461689718e-18,-1.1717870902174598e-17
-3.472,-8.940754500869572e-18,-1.1865184685280096e-17
-3.471,-9.04965628886722e-18,-1.2014351809325731e-17
-3.47,-9.159880643106474e-18,-1.2165395607653139e-17
-3.469,-9.271443571734242e-18,-1.2318339707569946e-17
-3.468,-9.38436127590994e-18,-1.2473208034055729e-17
-3.467,-9.498650152122236e-18,-1.2630024813514726e-17
-3.466,-9.614326794533446e-18,-1.2788814577575875e-17
-3.465,-9.731407997351946e-18,-1.2949602166940801e-17
-3.464,-9.849910757232872e-18,-1.311241273528034e-17
-3.463,-9.969852275707513e-18,-1.3277271753180204e-17
-3.462,-1.009124996164167e-17,-1.3444205012136444e-17
-3.461,-1.0214121433723378e-17,-1.3613238628601294e-17
-3.46,-1.0338484522980307e-17,-1.3784399048080065e-17
-3.459,-1.0464357275327215e-17,-1.395771304927972e-17
-3.458,-1.0591757954143785e-17,-1.4133207748309778e-17
-3.457,-1.0720705042883235e-17,-1.431091060293622e-17
-3.456,-1.0851217247712035e-17,-1.4490849416889063e-17
-3.455,-1.0983313500181139e-17,-1.4673052344224252e-17
-3.454,-1.1117012959929054e-17,-1.485754789374063e-17
-3.453,-1.125233501741718e-17,-1.5044364933452563e-17
-3.452,-1.1389299296697751e-17,-1.5233532695119052e-17
-3.451,-1.1527925658214808e-17,-1.542508077882994e-17
-3.45,-1.1668234201638557e-17,-1.5619039157650013e-17
-3.449,-1.1810245268733543e-17,-1.581543818232165e-17
-3.448,-1.1953979446261008e-17,-1.6014308586026843e-17
-3.447,-1.2099457568915862e-17,-1.6215681489209268e-17
-3.446,-1.2246700722298669e-17,-1.6419588404457206e-17
-3.445,-1.2395730245923053e-17,-1.6626061241448053e-17
-3.444,-1.2546567736258964e-17,-1.6835132311955233e-17
-3.443,-1.2699235049812207e-17,-1.704683433491826e-17
-3.442,-1.2853754306240678e-17,-1.726120044157678e-17
-3.441,-1.3010147891507736e-17,-1.7478264180669383e-17
-3.44,-1.3168438461073158e-17,-1.7698059523698e-17
-3.439,-1.3328648943122099e-17,-1.7920620870258744e-17
-3.438,-1.3490802541832538e-17,-1.8145983053439964e-17
-3.437,-1.3654922740681649e-17,-1.8374181345288452e-17
-3.436,-1.3821033305791553e-17,-1.86052514623446e-17
-3.435,-1.3989158289314926e-17,-1.8839229571247376e-17
-3.434,-1.4159322032860935e-17,-1.907615229441006e-17
-3.433,-1.4331549170961976e-17,-1.9316056715767542e-17
-3.432,-1.450586463458168e-17,-1.9558980386596188e-17
-3.431,-1.468229365466473e-17,-1.9804961331407086e-17
-3.43,-1.486086176572889e-17,-2.00540380539137e-17
-3.429,-1.5041594809499862e-17,-2.0306249543074773e-17
-3.428,-1.5224518938589366e-17,-2.0561635279213524e-17
-3.427,-1.5409660620217028e-17,-2.082023524021401e-17
-3.426,-1.5597046639976564e-17,-2.1082089907795714e-17
-3.425,-1.5786704105646792e-17,-2.1347240273867277e-17
-3.424,-1.597866045104799e-17,-2.1615727846960408e-17
-3.423,-1.6172943439944165e-17,-2.1887594658744986e-17
-3.422,-1.6369581169991733e-17,-2.2162883270626365e-17
-3.421,-1.6568602076735192e-17,-2.2441636780425918e-17
-3.42,-1.677003493765034e-17,-2.2723898829145888e-17
-3.419,-1.697390887623557e-17,-2.30097136078196e-17
-3.418,-1.7180253366151864e-17,-2.3299125864448098e-17
-3.417,-1.7389098235411986e-17,-2.3592180911024343e-17
-3.416,-1.760047367061955e-17,-2.3888924630646013e-17
-3.415,-1.781441022125845e-17,-2.4189403484718066e-17
-3.414,-1.8030938804033346e-17,-2.4493664520246208e-17
-3.413,-1.825009070726171e-17,-2.4801755377222385e-17
-3.412,-1.8471897595318123e-17,-2.5113724296103452e-17
-3.411,-1.8696391513131408e-17,-2.542962012538426e-17
-3.41,-1.8923604890735208e-17,-2.574949232926626e-17
-3.409,-1.9153570547872646e-17,-2.6073390995422913e-17
-3.408,-1.938632169865575e-17,-2.6401366842863084e-17
-3.407,-1.9621891956280207e-17,-2.6733471229893648e-17
-3.406,-1.986031533779618e-17,-2.7069756162182614e-17
-3.405,-2.0101626268935786e-17,-2.7410274300923965e-17
-3.404,-2.0345859588997953e-17,-2.7755078971105573e-17
-3.403,-2.05930505557913e-17,-2.810422416988141e-17
-3.402,-2.0843234850635727e-17,-2.8457764575049443e-17
-3.401,-2.109644858342343e-17,-2.881575555363651e-17
-3.4,-2.135272829774003e-17,-2.9178253170591545e-17
-3.399,-2.1612110976046496e-17,-2.954531419758848e-17
-3.398,-2.187463404492263e-17,-2.9916996121940277e-17
-3.397,-2.214033538037281e-17,-3.029335715562544e-17
-3.396,-2.2409253313194703e-17,-3.067445624442843e-17
-3.395,-2.2681426634411767e-17,-3.106035307719546e-17
-3.394,-2.2956894600770194e-17,-3.145110809520708e-17
-3.393,-2.3235696940301115e-17,-3.184678250166906e-17
-3.392,-2.3517873857948847e-17,-3.224743827132305e-17
-3.391,-2.3803466041265902e-17,-3.2653138160178494e-17
-3.39,-2.4092514666175602e-17,-3.3063945715367474e-17
-3.389,-2.4385061402803053e-17,-3.347992528512378e-17
-3.388,-2.4681148421375327e-17,-3.3901142028888056e-17
-3.387,-2.498081839819162e-17,-3.432766192754037e-17
-3.386,-2.528411452166424e-17,-3.475955179376204e-17
-3.385,-2.5591080498431258e-17,-3.5196879282528146e-17
-3.384,-2.5901760559541647e-17,-3.56397129017325e-17
-3.383,-2.621619946671378e-17,-3.6088122022946725e-17
-3.382,-2.653444251866815e-17,-3.654217689231512e-17
-3.381,-2.6856535557535166e-17,-3.700194864158702e-17
-3.38,-2.7182524975338926e-17,-3.7467509299288434e-17
-3.379,-2.751245772055788e-17,-3.7938931802034595e-17
-3.378,-2.784638130476322e-17,-3.8416290005985445e-17
-3.377,-2.8184343809335994e-17,-3.8899658698445543e-17
-3.376,-2.852639389226381e-17,-3.938911360961049e-17
-3.375,-2.887258079501811e-17,-3.988473142446157e-17
-3.374,-2.922295434951291e-17,-4.038658979481053e-17
-3.373,-2.9577564985146e-17,-4.08947673514964e-17
-3.372,-2.993646373592359e-17,-4.140934371673623e-17
-3.371,-3.029970224766934e-17,-4.193039951663176e-17
-3.37,-3.066733278531877e-17,-4.24580163938339e-17
-3.369,-3.103940824030009e-17,-4.29922770203671e-17
-3.368,-3.141598213800246e-17,-4.35332651106156e-17
-3.367,-3.179710864533262e-17,-4.408106543447353e-17
-3.366,-3.21828425783611e-17,-4.4635763830661084e-17
-3.365,-3.2573239410058865e-17,-4.519744722020872e-17
-3.364,-3.296835527812563e-17,-4.576620362011156e-17
-3.363,-3.336824699291078e-17,-4.634212215715618e-17
-3.362,-3.377297204542811e-17,-4.692529308192189e-17
-3.361,-3.4182588615465366e-17,-4.7515807782958795e-17
-3.36,-3.459715557978978e-17,-4.811375880114476e-17
-3.359,-3.5016732520450753e-17,-4.871923984422365e-17
-3.358,-3.5441379733180655e-17,-4.933234580152709e-17
-3.357,-3.587115823589517e-17,-4.9953172758882e-17
-3.356,-3.630612977729406e-17,-5.058181801370634e-17
-3.355,-3.6746356845563756e-17,-5.121838009029546e-17
-3.354,-3.7191902677182846e-17,-5.186295875530131e-17
-3.353,-3.7642831265831694e-17,-5.251565503340714e-17
-3.352,-3.809920737140744e-17,-5.317657122320001e-17
-3.351,-3.8561096529145585e-17,-5.3845810913243697e-17
-3.35,-3.90285650588494e-17,-5.452347899835445e-17
-3.349,-3.9501680074228496e-17,-5.5209681696082276e-17
-3.348,-3.9980509492347724e-17,-5.590452656340019e-17
-3.347,-4.0465122043187793e-17,-5.660812251360427e-17
-3.346,-4.095558727931888e-17,-5.732057983342685e-17
-3.345,-4.145197558568855e-17,-5.804201020036597e-17
-3.344,-4.195435818952528e-17,-5.877252670023347e-17
-3.343,-4.2462807170359104e-17,-5.951224384492458e-17
-3.342,-4.297739547016055e-17,-6.026127759041191e-17
-3.341,-4.3498196903599353e-17,-6.101974535496659e-17
-3.34,-4.4025286168424376e-17,-6.178776603760937e-17
-3.339,-4.455873885596609e-17,-6.256546003679468e-17
-3.338,-4.509863146176309e-17,-6.335294926933065e-17
-3.337,-4.5645041396314086e-17,-6.415035718953778e-17
-3.336,-4.6198046995956823e-17,-6.495780880864971e-17
-3.335,-4.675772753387546e-17,-6.577543071445874e-17
-3.334,-4.732416323123789e-17,-6.660335109120941e-17
-3.333,-4.789743526846444e-17,-6.74416997397433e-17
-3.332,-4.847762579662967e-17,-6.829060809789803e-17
-3.331,-4.906481794899866e-17,-6.915020926116391e-17
-3.33,-4.9659095852699387e-17,-7.002063800360123e-17
-3.329,-5.026054464053291e-17,-7.090203079902182e-17
-3.328,-5.086925046292279e-17,-7.17945258424378e-17
-3.327,-5.148530050000553e-17,-7.26982630717813e-17
-3.326,-5.210878297386356e-17,-7.361338418989836e-17
-3.325,-5.2739787160902534e-17,-7.454003268682034e-17
-3.324,-5.3378403404374574e-17,-7.547835386231673e-17
-3.323,-5.402472312704915e-17,-7.642849484873261e-17
-3.322,-5.4678838844033355e-17,-7.739060463411434e-17
-3.321,-5.534084417574337e-17,-7.836483408562739e-17
-3.32,-5.601083386102873e-17,-7.935133597326967e-17
-3.319,-5.668890377045132e-17,-8.035026499388435e-17
-3.318,-5.737515091972089e-17,-8.136177779547581e-17
-3.317,-5.806967348328885e-17,-8.238603300183265e-17
-3.316,-5.877257080810223e-17,-8.342319123746145e-17
-3.315,-5.948394342751968e-17,-8.447341515283549e-17
-3.314,-6.020389307539142e-17,-8.553686944996209e-17
-3.313,-6.0932522700305e-17,-8.661372090827297e-17
-3.312,-6.166993647999885e-17,-8.770413841084127e-17
-3.311,-6.241623983594559e-17,-8.880829297092969e-17
-3.31,-6.317153944810696e-17,-8.992635775887388e-17
-3.309,-6.393594326986262e-17,-9.105850812930513e-17
-3.308,-6.470956054311453e-17,-9.220492164871689e-17
-3.307,-6.549250181356924e-17,-9.336577812337926e-17
-3.306,-6.628487894620002e-17,-9.454125962760599e-17
-3.305,-6.708680514089088e-17,-9.573155053237838e-17
-3.304,-6.78983949482648e-17,-9.693683753433055e-17
-3.303,-6.871976428569806e-17,-9.815730968510072e-17
-3.302,-6.955103045352311e-17,-9.93931584210531e-17
-3.301,-7.039231215142188e-17,-1.0064457759337505e-16
-3.3,-7.124372949501202e-17,-1.019117634985542e-16
-3.299,-7.210540403262818e-17,-1.0319491490924058e-16
-3.298,-7.297745876230062e-17,-1.0449423310549815e-16
-3.297,-7.386001814893339e-17,-1.0580992190645117e-16
-3.296,-7.475320814168459e-17,-1.0714218770233009e-16
-3.295,-7.565715619155086e-17,-1.0849123948692198e-16
-3.294,-7.657199126915849e-17,-1.0985728889043087e-16
-3.293,-7.749784388276387e-17,-1.1124055021275289e-16
-3.292,-7.843484609646513e-17,-1.1264124045717158e-16
-3.291,-7.938313154862805e-17,-1.140595793644788e-16
-3.29,-8.034283547052829e-17,-1.1549578944752622e-16
-3.289,-8.131409470521267e-17,-1.169500960262135e-16
-3.288,-8.229704772658202e-17,-1.1842272726291785e-16
-3.287,-8.329183465869808e-17,-1.199139141983711e-16
-3.286,-8.429859729531718e-17,-1.214238907879901e-16
-3.285,-8.531747911965329e-17,-1.2295289393866536e-16
-3.284,-8.634862532437305e-17,-1.2450116354601464e-16
-3.283,-8.739218283182554e-17,-1.260689425321068e-16
-3.282,-8.844830031450957e-17,-1.2765647688366195e-16
-3.281,-8.951712821578111e-17,-1.292640156907341e-16
-3.28,-9.05988187708037e-17,-1.3089181118588224e-16
-3.279,-9.169352602774482e-17,-1.3254011878383593e-16
-3.278,-9.280140586922078e-17,-1.3420919712166203e-16
-3.277,-9.392261603399326e-17,-1.358993080994383e-16
-3.276,-9.505731613892039e-17,-1.37610716921441e-16
-3.275,-9.620566770116517e-17,-1.3934369213785236e-16
-3.274,-9.736783416066442e-17,-1.4109850568699464e-16
-3.273,-9.85439809028611e-17,-1.4287543293809785e-16
-3.272,-9.97342752817032e-17,-1.4467475273460718e-16
-3.271,-1.0093888664291228e-16,-1.4649674743803762e-16
-3.27,-1.0215798634752458e-16,-1.483417029723821e-16
-3.269,-1.0339174779570825e-16,-1.5020990886908062e-16
-3.268,-1.0464034645085951e-16,-1.5210165831255732e-16
-3.267,-1.0590395986398121e-16,-1.540172481863322e-16
-3.266,-1.0718276769834696e-16,-1.559569791197157e-16
-3.265,-1.0847695175445428e-16,-1.5792115553509256e-16
-3.264,-1.0978669599526986e-16,-1.5991008569580286e-16
-3.263,-1.1111218657177064e-16,-1.6192408175462792e-16
-3.262,-1.1245361184878378e-16,-1.6396345980288826e-16
-3.261,-1.1381116243112944e-16,-1.6602853992016175e-16
-3.26,-1.151850311900693e-16,-1.6811964622462952e-16
-3.259,-1.1657541329006493e-16,-1.7023710692405774e-16
-3.258,-1.179825062158492e-16,-1.7238125436742326e-16
-3.257,-1.1940650979981445e-16,-1.745524250971911e-16
-3.256,-1.208476262497215e-16,-1.7675095990225223e-16
-3.255,-1.2230606017673214e-16,-1.7897720387152983e-16
-3.254,-1.2378201862377037e-16,-1.8123150644826265e-16
-3.253,-1.2527571109421466e-16,-1.8351422148497366e-16
-3.252,-1.2678734958092632e-16,-1.8582570729913325e-16
-3.251,-1.2831714859561694e-16,-1.8816632672952508e-16
-3.25,-1.2986532519855938e-16,-1.9053644719332387e-16
-3.249,-1.3143209902864615e-16,-1.929364407438942e-16
-3.248,-1.3301769233379893e-16,-1.9536668412931892e-16
-3.247,-1.346223300017338e-16,-1.978275588516671e-16
-3.246,-1.3624623959108572e-16,-2.0031945122701012e-16
-3.245,-1.3788965136289696e-16,-2.0284275244619602e-16
-3.244,-1.3955279831247317e-16,-2.0539785863639122e-16
-3.243,-1.4123591620161174e-16,-2.079851709233995e-16
-3.242,-1.4293924359120661e-16,-2.1060509549476794e-16
-3.241,-1.446630218742337e-16,-2.132580436636902e-16
-3.24,-1.4640749530912173e-16,-2.159444319337163e-16
-3.239,-1.481729110535125e-16,-2.1866468206428013e-16
-3.238,-1.499595191984153e-16,-2.2141922113705432e-16
-3.237,-1.5176757280276022e-16,-2.2420848162314317e-16
-3.236,-1.5359732792835436e-16,-2.2703290145112416e-16
-3.235,-1.5544904367524627e-16,-2.298929240759491e-16
-3.234,-1.573229822175029e-16,-2.3278899854871476e-16
-3.233,-1.5921940883940393e-16,-2.357215795873157e-16
-3.232,-1.6113859197205824e-16,-2.386911276479885e-16
-3.231,-1.630808032304477e-16,-2.4169810899775997e-16
-3.23,-1.650463174509027e-16,-2.4474299578781055e-16
-3.229,-1.6703541272901457e-16,-2.47826266127764e-16
-3.228,-1.6904837045799046e-16,-2.509484041609153e-16
-3.227,-1.710854753674548e-16,-2.5410990014040903e-16
-3.226,-1.7314701556270337e-16,-2.5731125050637953e-16
-3.225,-1.7523328256441455e-16,-2.6055295796406555e-16
-3.224,-1.773445713488236e-16,-2.638355315629114e-16
-3.223,-1.7948118038836467e-16,-2.6715948677666714e-16
-3.222,-1.8164341169278655e-16,-2.705253455845004e-16
-3.221,-1.8383157085074705e-16,-2.73933636553133e-16
-3.22,-1.8604596707189206e-16,-2.773848949200144e-16
-3.219,-1.8828691322942422e-16,-2.808796626775462e-16
-3.218,-1.9055472590316756e-16,-2.8441848865837e-16
-3.217,-1.9284972542313327e-16,-2.8800192862173264e-16
-3.216,-1.9517223591359253e-16,-2.9163054534094245e-16
-3.215,-1.9752258533766228e-16,-2.953049086919296e-16
-3.214,-1.9990110554240986e-16,-2.990255957429258e-16
-3.213,-2.0230813230448235e-16,-3.0279319084527566e-16
-3.212,-2.0474400537626658e-16,-3.066082857253959e-16
-3.211,-2.0720906853258632e-16,-3.104714795778958e-16
-3.21,-2.097036696179423e-16,-3.143833791598736e-16
-3.209,-2.1222816059430156e-16,-3.1834459888640413e-16
-3.208,-2.1478289758944244e-16,-3.2235576092723243e-16
-3.207,-2.1736824094586162e-16,-3.2641749530468874e-16
-3.206,-2.1998455527024944e-16,-3.3053043999284014e-16
-3.205,-2.226322094835403e-16,-3.3469524101789446e-16
-3.204,-2.2531157687154446e-16,-3.3891255255987277e-16
-3.203,-2.280230351361685e-16,-3.4318303705556546e-16
-3.202,-2.307669664472299e-16,-3.475073653027893e-16
-3.201,-2.3354375749487453e-16,-3.518862165659609e-16
-3.2,-2.363537995426017e-16,-3.563202786830041e-16
-3.199,-2.3919748848090587e-16,-3.608102481736072e-16
-3.198,-2.420752248815403e-16,-3.6535683034884796e-16
-3.197,-2.4498741405241124e-16,-3.699607394222033e-16
-3.196,-2.479344660931086e-16,-3.7462269862196065e-16
-3.195,-2.5091679595108135e-16,-3.7934344030504974e-16
-3.194,-2.539348234784647e-16,-3.8412370607231203e-16
-3.193,-2.5698897348956635e-16,-3.8896424688522594e-16
-3.192,-2.600796758190195e-16,-3.9386582318410653e-16
-3.191,-2.6320736538061037e-16,-3.9882920500779834e-16
-3.19,-2.6637248222678786e-16,-4.038551721148799e-16
-3.189,-2.695754716088629e-16,-4.0894451410639924e-16
-3.188,-2.7281678403790593e-16,-4.1409803055015975e-16
-3.187,-2.7609687534635e-16,-4.1931653110657583e-16
-3.186,-2.7941620675030757e-16,-4.2460083565611833e-16
-3.185,-2.8277524491260994e-16,-4.299517744283698e-16
-3.184,-2.861744620065761e-16,-4.3537018813270957e-16
-3.183,-2.8961433578052096e-16,-4.408569280906503e-16
-3.182,-2.9309534962301015e-16,-4.464128563698453e-16
-3.181,-2.9661799262887073e-16,-4.520388459197889e-16
-3.18,-3.0018275966596604e-16,-4.577357807092308e-16
-3.179,-3.0379015144274335e-16,-4.635045558653268e-16
-3.178,-3.0744067457656353e-16,-4.693460778145456e-16
-3.177,-3.1113484166282117e-16,-4.752612644253578e-16
-3.176,-3.1487317134486486e-16,-4.812510451527249e-16
-3.175,-3.1865618838472563e-16,-4.873163611844151e-16
-3.174,-3.224844237346643e-16,-4.934581655891663e-16
-3.173,-3.263584146095454e-16,-4.996774234667213e-16
-3.172,-3.3027870456004868e-16,-5.059751120997579e-16
-3.171,-3.342458435467265e-16,-5.123522211077378e-16
-3.17,-3.382603880149175e-16,-5.188097526026998e-16
-3.169,-3.423229009705259e-16,-5.253487213470194e-16
-3.168,-3.464339520566765e-16,-5.319701549131629e-16
-3.167,-3.505941176312556e-16,-5.386750938454581e-16
-3.166,-3.5480398084534694e-16,-5.454645918239091e-16
-3.165,-3.5906413172257433e-16,-5.523397158300804e-16
-3.164,-3.6337516723936e-16,-5.593015463150761e-16
-3.163,-3.6773769140610966e-16,-5.663511773696409e-16
-3.162,-3.7215231534933504e-16,-5.734897168964104e-16
-3.161,-3.7661965739472386e-16,-5.807182867843362e-16
-3.16,-3.8114034315116884e-16,-5.880380230853158e-16
-3.159,-3.857150055957658e-16,-5.954500761930517e-16
-3.158,-3.903442851597929e-16,-6.029556110241718e-16
-3.157,-3.950288298156811e-16,-6.105558072016362e-16
-3.156,-3.9976929516498766e-16,-6.182518592404617e-16
-3.155,-4.0456634452738426e-16,-6.260449767357918e-16
-3.154,-4.0942064903067063e-16,-6.339363845533424e-16
-3.153,-4.1433288770182636e-16,-6.419273230222538e-16
-3.152,-4.1930374755911107e-16,-6.500190481303782e-16
-3.151,-4.2433392370522674e-16,-6.58212831722034e-16
-3.15,-4.2942411942155283e-16,-6.665099616982588e-16
-3.149,-4.3457504626346695e-16,-6.749117422195911e-16
-3.148,-4.397874241567631e-16,-6.834194939114141e-16
-3.147,-4.450619814951807e-16,-6.920345540718936e-16
-3.146,-4.503994552390558e-16,-7.007582768825418e-16
-3.145,-4.55800591015108e-16,-7.095920336214417e-16
-3.144,-4.61266143217376e-16,-7.185372128791648e-16
-3.143,-4.667968751093143e-16,-7.275952207774156e-16
-3.142,-4.72393558927065e-16,-7.367674811904392e-16
-3.141,-4.78056975983916e-16,-7.460554359692249e-16
-3.14,-4.837879167759629e-16,-7.55460545168542e-16
-3.139,-4.895871810889834e-16,-7.649842872768439e-16
-3.138,-4.954555781065421e-16,-7.746281594490764e-16
-3.137,-5.013939265193371e-16,-7.843936777424262e-16
-3.136,-5.074030546358031e-16,-7.942823773550481e-16
-3.135,-5.13483800493986e-16,-8.042958128678079e-16
-3.134,-5.196370119747022e-16,-8.144355584890781e-16
-3.133,-5.258635469159978e-16,-8.247032083026272e-16
-3.132,-5.321642732289217e-16,-8.351003765186392e-16
-3.131,-5.385400690146296e-16,-8.456286977279047e-16
-3.13,-5.449918226828299e-16,-8.562898271592229e-16
-3.129,-5.515204330715916e-16,-8.670854409400552e-16
-3.128,-5.581268095685248e-16,-8.780172363604705e-16
-3.127,-5.648118722333527e-16,-8.890869321404271e-16
-3.126,-5.715765519218904e-16,-9.002962687004273e-16
-3.125,-5.784217904114434e-16,-9.11647008435595e-16
-3.124,-5.853485405276463e-16,-9.23140935993212e-16
-3.123,-5.923577662727541e-16,-9.34779858553763e-16
-3.122,-5.99450442955405e-16,-9.465656061155283e-16
-3.121,-6.066275573218697e-16,-9.58500031782774e-16
-3.12,-6.138901076888051e-16,-9.705850120575805e-16
-3.119,-6.212391040775285e-16,-9.828224471353595e-16
-3.118,-6.286755683498297e-16,-9.952142612041016e-16
-3.117,-6.362005343453387e-16,-1.0077624027474067e-15
-3.116,-6.438150480204658e-16,-1.0204688448513405e-15
-3.115,-6.515201675889324e-16,-1.0333355855151683e-15
-3.114,-6.593169636639105e-16,-1.0463646479660125e-15
-3.113,-6.672065194017879e-16,-1.059558080977488e-15
-3.112,-6.751899306475786e-16,-1.072917959192359e-15
-3.111,-6.832683060819968e-16,-1.0864463834492742e-15
-3.11,-6.914427673702118e-16,-1.100145481113629e-15
-3.109,-6.9971444931230535e-16,-1.1140174064126063e-15
-3.108,-7.080844999954472e-16,-1.1280643407744504e-15
-3.107,-7.165540809478113e-16,-1.1422884931720264e-15
-3.106,-7.251243672942497e-16,-1.15669210047072e-15
-3.105,-7.337965479137462e-16,-1.1712774277807312e-15
-3.104,-7.425718255986673e-16,-1.1860467688138189e-15
-3.103,-7.514514172158323e-16,-1.201002446244552e-15
-3.102,-7.604365538694235e-16,-1.216146812076124e-15
-3.101,-7.695284810657536e-16,-1.231482248010787e-15
-3.1,-7.787284588799167e-16,-1.2470111658249688e-15
-3.099,-7.880377621243384e-16,-1.2627360077491239e-15
-3.098,-7.974576805192501e-16,-1.2786592468523867e-15
-3.097,-8.069895188651076e-16,-1.2947833874320821e-15
-3.096,-8.166345972169761e-16,-1.3111109654081562e-15
-3.095,-8.263942510609025e-16,-1.3276445487225898e-15
-3.094,-8.362698314922993e-16,-1.3443867377438583e-15
-3.093,-8.462627053963614e-16,-1.3613401656764994e-15
-3.092,-8.563742556305377e-16,-1.3785074989758557e-15
-3.091,-8.666058812090823e-16,-1.3958914377680552e-15
-3.09,-8.769589974897078e-16,-1.4134947162752981e-15
-3.089,-8.874350363623629e-16,-1.4313201032465162e-15
-3.088,-8.980354464401608e-16,-1.4493704023934705e-15
-3.087,-9.087616932524793e-16,-1.4676484528323599e-15
-3.086,-9.196152594402596e-16,-1.4861571295310072e-15
-3.085,-9.30597644953526e-16,-1.504899343761694e-15
-3.084,-9.41710367251154e-16,-1.5238780435597167e-15
-3.083,-9.529549615029076e-16,-1.5430962141877333e-15
-3.082,-9.643329807937768e-16,-1.5625568786059781e-15
-3.081,-9.758459963306366e-16,-1.5822630979484144e-15
-3.08,-9.874955976512536e-16,-1.602217972004903e-15
-3.079,-9.9928339283567e-16,-1.6224246397094613e-15
-3.078,-1.0112110087199863e-15,-1.6428862796346896e-15
-3.077,-1.0232800911125742e-15,-1.663606110492443e-15
-3.076,-1.0354923050127434e-15,-1.6845873916408296e-15
-3.075,-1.0478493348318914e-15,-1.7058334235976101e-15
-3.074,-1.0603528846171627e-15,-1.727347548560085e-15
-3.073,-1.0730046782776477e-15,-1.7491331509315488e-15
-3.072,-1.0858064598131453e-15,-1.7711936578543924e-15
-3.071,-1.0987599935455225e-15,-1.7935325397499422e-15
-3.07,-1.1118670643526964e-15,-1.816153310865117e-15
-3.069,-1.1251294779052695e-15,-1.839059529825989e-15
-3.068,-1.1385490609058461e-15,-1.8622548001983427e-15
-3.067,-1.1521276613310626e-15,-1.8857427710553054e-15
-3.066,-1.1658671486763583e-15,-1.909527137552158e-15
-3.065,-1.1797694142035196e-15,-1.9336116415084e-15
-3.064,-1.1938363711910263e-15,-1.9580000719971673e-15
-3.063,-1.2080699551872343e-15,-1.9826962659421022e-15
-3.062,-1.2224721242664218e-15,-2.0077041087217526e-15
-3.061,-1.237044859287735e-15,-2.033027534781615e-15
-3.06,-1.2517901641570618e-15,-2.0586705282539024e-15
-3.059,-1.2667100660918693e-15,-2.0846371235851456e-15
-3.058,-1.2818066158890344e-15,-2.110931406171717e-15
-3.057,-1.297081888195704e-15,-2.1375575130033883e-15
-3.056,-1.3125379817832151e-15,-2.1645196333150132e-15
-3.055,-1.328177019824113e-15,-2.191822009246441e-15
-3.054,-1.3440011501722954e-15,-2.2194689365107707e-15
-3.053,-1.3600125456463247e-15,-2.247464765071042e-15
-3.052,-1.3762134043159362e-15,-2.2758138998254755e-15
-3.051,-1.3926059497917828e-15,-2.304520801301369e-15
-3.05,-1.4091924315184493e-15,-2.333589986357758e-15
-3.049,-1.425975125070773e-15,-2.3630260288969508e-15
-3.048,-1.4429563324535082e-15,-2.3928335605850556e-15
-3.047,-1.4601383824043682e-15,-2.4230172715816028e-15
-3.046,-1.4775236307004865e-15,-2.4535819112783885e-15
-3.045,-1.4951144604683319e-15,-2.4845322890476486e-15
-3.044,-1.5129132824971159e-15,-2.5158732749996823e-15
-3.043,-1.5309225355557322e-15,-2.5476098007500474e-15
-3.042,-1.5491446867132654e-15,-2.579746860196446e-15
-3.041,-1.5675822316631098e-15,-2.6122895103054227e-15
-3.04,-1.5862376950507375e-15,-2.6452428719089975e-15
-3.039,-1.6051136308051547e-15,-2.6786121305113676e-15
-3.038,-1.6242126224740898e-15,-2.712402537105791e-15
-3.037,-1.6435372835629494e-15,-2.746619409001793e-15
-3.036,-1.6630902578775904e-15,-2.781268130662823e-15
-3.035,-1.6828742198709432e-15,-2.816354154554484e-15
-3.034,-1.702891874993533e-15,-2.851883002003486e-15
-3.033,-1.7231459600479396e-15,-2.8878602640674413e-15
-3.032,-1.7436392435472409e-15,-2.9242916024156496e-15
-3.031,-1.764374526077481e-15,-2.961182750221008e-15
-3.03,-1.7853546406642103e-15,-2.9985395130631872e-15
-3.029,-1.8065824531431396e-15,-3.0363677698432124e-15
-3.028,-1.828060862534955e-15,-3.0746734737096007e-15
-3.027,-1.849792801424338e-15,-3.1134626529961937e-15
-3.026,-1.871781236343236e-15,-3.152741412171835e-15
-3.025,-1.8940291681584353e-15,-3.1925159328020458e-15
-3.024,-1.9165396324634744e-15,-3.2327924745228446e-15
-3.023,-1.9393156999749538e-15,-3.2735773760268673e-15
-3.022,-1.9623604769332836e-15,-3.3148770560619445e-15
-3.021,-1.9856771055079243e-15,-3.3566980144422882e-15
-3.02,-2.0092687642071623e-15,-3.3990468330724535e-15
-3.019,-2.033138668292476e-15,-3.441930176984232e-15
-3.018,-2.0572900701975382e-15,-3.4853547953866417e-15
-3.017,-2.0817262599519094e-15,-3.5293275227291784e-15
-3.016,-2.106450565609469e-15,-3.573855279778499e-15
-3.015,-2.1314663536816385e-15,-3.6189450747086976e-15
-3.014,-2.1567770295754497e-15,-3.664604004205362e-15
-3.013,-2.182386038036508e-15,-3.7108392545835646e-15
-3.012,-2.2082968635969073e-15,-3.757658102919977e-15
-3.011,-2.2345130310281452e-15,-3.805067918199293e-15
-3.01,-2.261038105799102e-15,-3.853076162475111e-15
-3.009,-2.2878756945391277e-15,-3.9016903920454994e-15
-3.008,-2.315029445506302e-15,-3.950918258643396e-15
-3.007,-2.342503049060916e-15,-4.000767510642049e-15
-3.006,-2.3703002381442373e-15,-4.051245994275679e-15
-3.005,-2.398424788762616e-15,-4.1023616548755576e-15
-3.004,-2.4268805204769855e-15,-4.154122538121701e-15
-3.003,-2.4556712968978188e-15,-4.206536791310373e-15
-3.002,-2.4848010261856026e-15,-4.259612664637586e-15
-3.001,-2.514273661556883e-15,-4.31335851249883e-15
-3.0,-2.544093201795949e-15,-4.367782794805199e-15
-2.999,-2.57426369177221e-15,-4.4228940783161516e-15
-2.998,-2.6047892229633327e-15,-4.478701037989096e-15
-2.997,-2.635673933984198e-15,-4.5352124583460294e-15
-2.996,-2.6669220111217424e-15,-4.592437234857425e-15
-2.995,-2.6985376888757414e-15,-4.650384375343608e-15
-2.994,-2.730525250505611e-15,-4.709063001393822e-15
-2.993,-2.7628890285832796e-15,-4.7684823498032235e-15
-2.992,-2.7956334055522064e-15,-4.828651774028018e-15
-2.991,-2.828762814292603e-15,-4.889580745658982e-15
-2.99,-2.8622817386929345e-15,-4.951278855913584e-15
-2.989,-2.8961947142277598e-15,-5.013755817146962e-15
-2.988,-2.930506328541986e-15,-5.077021464381968e-15
-2.987,-2.965221222041602e-15,-5.141085756858553e-15
-2.986,-3.00034408849096e-15,-5.2059587796027045e-15
-2.985,-3.035879675616683e-15,-5.271650745015203e-15
-2.984,-3.0718327857182566e-15,-5.338171994480449e-15
-2.983,-3.1082082762853932e-15,-5.405532999995598e-15
-2.982,-3.145011060622226e-15,-5.47374436582027e-15
-2.981,-3.1822461084784154e-15,-5.542816830147105e-15
-2.98,-3.219918446687242e-15,-5.612761266793399e-15
-2.979,-3.2580331598107555e-15,-5.6835886869141126e-15
-2.978,-3.29659539079206e-15,-5.755310240736512e-15
-2.977,-3.3356103416148126e-15,-5.827937219316711e-15
-2.976,-3.3750832739700086e-15,-5.9014810563184e-15
-2.975,-3.4150195099301346e-15,-5.975953329814037e-15
-2.974,-3.455424432630769e-15,-6.051365764108779e-15
-2.973,-3.496303486959707e-15,-6.127730231587457e-15
-2.972,-3.5376621802536917e-15,-6.205058754584861e-15
-2.971,-3.579506083002834e-15,-6.283363507279658e-15
-2.97,-3.621840829562803e-15,-6.362656817612213e-15
-2.969,-3.664672118874866e-15,-6.4429511692266395e-15
-2.968,-3.70800571519387e-15,-6.5242592034373645e-15
-2.967,-3.751847448824241e-15,-6.6065937212205335e-15
-2.966,-3.796203216864095e-15,-6.689967685230559e-15
-2.965,-3.841078983957536e-15,-6.774394221842137e-15
-2.964,-3.886480783055242e-15,-6.859886623218043e-15
-2.963,-3.932414716183419e-15,-6.946458349403046e-15
-2.962,-3.978886955221203e-15,-7.0341230304442615e-15
-2.961,-4.0259037426866326e-15,-7.122894468538274e-15
-2.96,-4.073471392531236e-15,-7.212786640205378e-15
-2.959,-4.121596290943369e-15,-7.303813698491274e-15
-2.958,-4.170284897160366e-15,-7.395989975196563e-15
-2.957,-4.219543744289611e-15,-7.489329983134388e-15
-2.956,-4.269379440138625e-15,-7.583848418416597e-15
-2.955,-4.3197986680542595e-15,-7.67956016276876e-15
-2.954,-4.370808187771091e-15,-7.776480285874424e-15
-2.953,-4.422414836269125e-15,-7.874624047748963e-15
-2.952,-4.474625528640893e-15,-7.974006901143417e-15
-2.951,-4.527447258968059e-15,-8.07464449397866e-15
-2.95,-4.58088710120762e-15,-8.176552671810326e-15
-2.949,-4.63495221008781e-15,-8.279747480324839e-15
-2.948,-4.6896498220138144e-15,-8.384245167866977e-15
-2.947,-4.744987255983387e-15,-8.490062187999342e-15
-2.946,-4.800971914512483e-15,-8.597215202094134e-15
-2.945,-4.857611284571013e-15,-8.705721081957679e-15
-2.944,-4.914912938528817e-15,-8.815596912488064e-15
-2.943,-4.972884535111983e-15,-8.926859994366348e-15
-2.942,-5.031533820369596e-15,-9.039527846781744e-15
-2.941,-5.090868628651046e-15,-9.153618210191205e-15
-2.94,-5.150896883594001e-15,-9.269149049113864e-15
-2.939,-5.2116265991231516e-15,-9.386138554960746e-15
-2.938,-5.273065880459845e-15,-9.504605148900211e-15
-2.937,-5.335222925142729e-15,-9.62456748475957e-15
-2.936,-5.3981060240595054e-15,-9.746044451963349e-15
-2.935,-5.461723562489929e-15,-9.869055178508626e-15
-2.934,-5.526084021160149e-15,-9.993619033977964e-15
-2.933,-5.591195977308533e-15,-1.0119755632590348e-14
-2.932,-5.657068105763083e-15,-1.0247484836290672e-14
-2.931,-5.723709180030556e-15,-1.0376826757878214e-14
-2.93,-5.791128073397432e-15,-1.0507801764174607e-14
-2.929,-5.859333760042837e-15,-1.0640430479231813e-14
-2.928,-5.928335316163557e-15,-1.0774733787580597e-14
-2.927,-5.998141921111252e-15,-1.0910732837520006e-14
-2.926,-6.068762858542025e-15,-1.1048449044448375e-14
-2.925,-6.1402075175784456e-15,-1.1187904094236399e-14
-2.924,-6.2124853939841784e-15,-1.1329119946642773e-14
-2.923,-6.2856060913513415e-15,-1.147211883877296e-14
-2.922,-6.359579322300718e-15,-1.1616923288581622e-14
-2.921,-6.434414909694976e-15,-1.1763556098419267e-14
-2.92,-6.510122787865007e-15,-1.1912040358623667e-14
-2.919,-6.586713003849539e-15,-1.2062399451156613e-14
-2.918,-6.6641957186481524e-15,-1.221465705328659e-14
-2.917,-6.742581208487838e-15,-1.2368837141317926e-14
-2.916,-6.821879866103243e-15,-1.2524963994367029e-14
-2.915,-6.902102202030739e-15,-1.2683062198186286e-14
-2.914,-6.983258845916464e-15,-1.2843156649036239e-14
-2.913,-7.065360547838474e-15,-1.3005272557606636e-14
-2.912,-7.148418179643158e-15,-1.3169435452986985e-14
-2.911,-7.23244273629606e-15,-1.3335671186687218e-14
-2.91,-7.317445337247252e-15,-1.3504005936709124e-14
-2.909,-7.40343722781143e-15,-1.367446621166916e-14
-2.908,-7.490429780562836e-15,-1.3847078854973313e-14
-2.907,-7.578434496745234e-15,-1.4021871049044663e-14
-2.906,-7.667463007697015e-15,-1.41988703196043e-14
-2.905,-7.75752707629164e-15,-1.437810454000628e-14
-2.904,-7.848638598393568e-15,-1.455960193562731e-14
-2.903,-7.940809604329816e-15,-1.4743391088311827e-14
-2.902,-8.03405226037731e-15,-1.4929500940873185e-14
-2.901,-8.128378870266214e-15,-1.5117960801651667e-14
-2.9,-8.22380187669938e-15,-1.5308800349130028e-14
-2.899,-8.320333862888074e-15,-1.550204963660728e-14
-2.898,-8.417987554104186e-15,-1.5697739096931488e-14
-2.897,-8.51677581924904e-15,-1.5895899547292278e-14
-2.896,-8.616711672439015e-15,-1.6096562194073877e-14
-2.895,-8.717808274608132e-15,-1.6299758637769354e-14
-2.894,-8.820078935127778e-15,-1.6505520877956912e-14
-2.893,-8.923537113443744e-15,-1.671388131833901e-14
-2.892,-9.028196420730765e-15,-1.6924872771845023e-14
-2.891,-9.134070621564723e-15,-1.713852846579837e-14
-2.89,-9.2411736356127e-15,-1.7354882047148823e-14
-2.889,-9.349519539341067e-15,-1.7573967587770838e-14
-2.888,-9.459122567741783e-15,-1.779581958982879e-14
-2.887,-9.569997116077108e-15,-1.8020472991209898e-14
-2.886,-9.682157741642876e-15,-1.8247963171025728e-14
-2.885,-9.79561916555058e-15,-1.8478325955183107e-14
-2.884,-9.910396274528387e-15,-1.8711597622025365e-14
-2.883,-1.0026504122741337e-14,-1.8947814908044775e-14
-2.882,-1.014395793363088e-14,-1.9187015013667046e-14
-2.881,-1.0262773101773965e-14,-1.9429235609108874e-14
-2.88,-1.0382965194761874e-14,-1.9674514840309348e-14
-2.879,-1.0504549955098994e-14,-1.9922891334936275e-14
-2.878,-1.0627543302121747e-14,-2.0174404208468242e-14
-2.877,-1.0751961333937853e-14,-2.0429093070353484e-14
-2.876,-1.0877820329386149e-14,-2.0686998030246425e-14
-2.875,-1.1005136750017183e-14,-2.0948159704322953e-14
-2.874,-1.113392724209475e-14,-2.121261922167537e-14
-2.873,-1.1264208638618628e-14,-2.1480418230788052e-14
-2.872,-1.1395997961368697e-14,-2.1751598906094813e-14
-2.871,-1.1529312422970662e-14,-2.2026203954619016e-14
-2.87,-1.1664169428983598e-14,-2.2304276622697485e-14
-2.869,-1.1800586580009537e-14,-2.258586070278924e-14
-2.868,-1.1938581673825315e-14,-2.2871000540370172e-14
-2.867,-1.2078172707536902e-14,-2.3159741040914692e-14
-2.866,-1.2219377879756433e-14,-2.34521276769655e-14
-2.865,-1.2362215592802188e-14,-2.3748206495292536e-14
-2.864,-1.2506704454921707e-14,-2.404802412414227e-14
-2.863,-1.2652863282538328e-14,-2.435162778057847e-14
-2.862,-1.2800711102521325e-14,-2.465906527791558e-14
-2.861,-1.2950267154479921e-14,-2.4970385033245893e-14
-2.86,-1.3101550893081381e-14,-2.52856360750617e-14
-2.859,-1.3254581990393465e-14,-2.5604868050973595e-14
-2.858,-1.3409380338251424e-14,-2.5928131235526176e-14
-2.857,-1.3565966050649846e-14,-2.6255476538112354e-14
-2.856,-1.3724359466159546e-14,-2.65869555109875e-14
-2.855,-1.3884581150369771e-14,-2.6922620357384726e-14
-2.854,-1.4046651898355977e-14,-2.726252393973253e-14
-2.853,-1.421059273717341e-14,-2.7606719787976137e-14
-2.852,-1.4376424928376748e-14,-2.7955262108003798e-14
-2.851,-1.454416997056609e-14,-2.8308205790179423e-14
-2.85,-1.4713849601959492e-14,-2.8665606417982837e-14
-2.849,-1.4885485802992385e-14,-2.9027520276759065e-14
-2.848,-1.5059100798944074e-14,-2.939400436257796e-14
-2.847,-1.523471706259161e-14,-2.976511639120563e-14
-2.846,-1.541235731689132e-14,-3.014091480718903e-14
-2.845,-1.5592044537688212e-14,-3.052145879305515e-14
-2.844,-1.5773801956453612e-14,-3.0906808278626257e-14
-2.843,-1.5957653063051212e-14,-3.129702395045265e-14
-2.842,-1.6143621608531874e-14,-3.169216726136443e-14
-2.841,-1.6331731607957447e-14,-3.209230044014369e-14
-2.84,-1.6522007343253878e-14,-3.2497486501318775e-14
-2.839,-1.6714473366093905e-14,-3.29077892550821e-14
-2.838,-1.690915450080961e-14,-3.3323273317333026e-14
-2.837,-1.710607584733513e-14,-3.374400411984741e-14
-2.836,-1.730526278417984e-14,-3.417004792057552e-14
-2.835,-1.7506740971432244e-14,-3.4601471814069706e-14
-2.834,-1.7710536353794917e-14,-3.503834374204374e-14
-2.833,-1.79166751636508e-14,-3.548073250406524e-14
-2.832,-1.8125183924161134e-14,-3.592870776838303e-14
-2.831,-1.8336089452395306e-14,-3.638234008289099e-14
-2.83,-1.8549418862492997e-14,-3.68417008862303e-14
-2.829,-1.8765199568858853e-14,-3.730686251903156e-14
-2.828,-1.8983459289390048e-14,-3.77778982352989e-14
-2.827,-1.920422604873704e-14,-3.825488221393746e-14
-2.826,-1.9427528181597812e-14,-3.8737889570426433e-14
-2.825,-1.9653394336045953e-14,-3.9226996368639206e-14
-2.824,-1.9881853476892908e-14,-3.972227963281264e-14
-2.823,-2.0112934889084646e-14,-4.022381735966728e-14
-2.822,-2.0346668181133196e-14,-4.073168853068046e-14
-2.821,-2.0583083288583273e-14,-4.12459731245141e-14
-2.82,-2.082221047751438e-14,-4.176675212959932e-14
-2.819,-2.1064080348078716e-14,-4.229410755687972e-14
-2.818,-2.1308723838075226e-14,-4.282812245271538e-14
-2.817,-2.155617222656014e-14,-4.336888091194955e-14
-2.816,-2.180645713749431e-14,-4.391646809114019e-14
-2.815,-2.205961054342777e-14,-4.447097022195828e-14
-2.814,-2.231566476922178e-14,-4.503247462475515e-14
-2.813,-2.2574652495808748e-14,-4.560106972230087e-14
-2.812,-2.2836606763990433e-14,-4.6176845053695886e-14
-2.811,-2.3101560978274673e-14,-4.675989128845804e-14
-2.81,-2.3369548910751115e-14,-4.735030024078729e-14
-2.809,-2.364060470500624e-14,-4.794816488401024e-14
-2.808,-2.391476288007808e-14,-4.8553579365206846e-14
-2.807,-2.4192058334450992e-14,-4.9166639020021485e-14
-2.806,-2.447252635009083e-14,-4.9787440387660854e-14
-2.805,-2.475620259652098e-14,-5.041608122608092e-14
-2.804,-2.504312313493951e-14,-5.1052660527365375e-14
-2.803,-2.533332442237793e-14,-5.1697278533297974e-14
-2.802,-2.5626843315901878e-14,-5.235003675113121e-14
-2.801,-2.592371707685415e-14,-5.3011037969553795e-14
-2.8,-2.622398337514045e-14,-5.3680386274859515e-14
-2.799,-2.6527680293558262e-14,-5.435818706731981e-14
-2.798,-2.6834846332169242e-14,-5.5044547077762885e-14
-2.797,-2.714552041271553e-14,-5.5739574384361797e-14
-2.796,-2.7459741883080353e-14,-5.644337842963414e-14
-2.795,-2.7777550521793392e-14,-5.715607003765615e-14
-2.794,-2.8098986542581255e-14,-5.787776143149371e-14
-2.793,-2.84240905989635e-14,-5.860856625085312e-14
-2.792,-2.8752903788894635e-14,-5.934859956995448e-14
-2.791,-2.9085467659452434e-14,-6.009797791563024e-14
-2.79,-2.942182421157316e-14,-6.085681928565199e-14
-2.789,-2.9762015904833904e-14,-6.16252431672882e-14
-2.788,-3.0106085662282615e-14,-6.2403370556096e-14
-2.787,-3.045407687531625e-14,-6.31913239749497e-14
-2.786,-3.080603340860736e-14,-6.398922749330928e-14
-2.785,-3.1161999605079674e-14,-6.479720674673165e-14
-2.784,-3.152202029093307e-14,-6.561538895662798e-14
-2.783,-3.1886140780718376e-14,-6.644390295026988e-14
-2.782,-3.225440688246243e-14,-6.728287918104793e-14
-2.781,-3.2626864902843896e-14,-6.813244974898542e-14
-2.78,-3.3003561652420243e-14,-6.899274842151065e-14
-2.779,-3.338454445090636e-14,-6.986391065449116e-14
-2.778,-3.376986113250527e-14,-7.074607361353285e-14
-2.777,-3.4159560051291414e-14,-7.163937619554781e-14
-2.776,-3.4553690086646904e-14,-7.254395905059368e-14
-2.775,-3.495230064875134e-14,-7.345996460398844e-14
-2.774,-3.535544168412554e-14,-7.43875370787039e-14
-2.773,-3.5763163681229704e-14,-7.532682251804127e-14
-2.772,-3.617551767611652e-14,-7.627796880859262e-14
-2.771,-3.6592555258139635e-14,-7.724112570349168e-14
-2.77,-3.701432857571803e-14,-7.821644484595752e-14
-2.769,-3.7440890342156736e-14,-7.920407979313513e-14
-2.768,-3.787229384152445e-14,-8.020418604023623e-14
-2.767,-3.830859293458842e-14,-8.121692104498437e-14
-2.766,-3.8749842064807305e-14,-8.224244425236805e-14
-2.765,-3.919609626438224e-14,-8.328091711970576e-14
-2.764,-3.964741116036687e-14,-8.433250314202682e-14
-2.763,-4.010384298083669e-14,-8.539736787777201e-14
-2.762,-4.056544856111825e-14,-8.647567897481812e-14
-2.761,-4.103228535007875e-14,-8.75676061968303e-14
-2.76,-4.1504411416476566e-14,-8.86733214499465e-14
-2.759,-4.1981885455373154e-14,-8.979299880979805e-14
-2.758,-4.246476679460688e-14,-9.092681454887083e-14
-2.757,-4.295311540132942e-14,-9.207494716421092e-14
-2.756,-4.3446991888604995e-14,-9.323757740547957e-14
-2.755,-4.3946457522073296e-14,-9.44148883033614e-14
-2.754,-4.4451574226676363e-14,-9.560706519833063e-14
-2.753,-4.496240459345013e-14,-9.681429576977962e-14
-2.752,-4.547901188638109e-14,-9.803677006551446e-14
-2.751,-4.600146004932863e-14,-9.927468053162204e-14
-2.75,-4.652981371301366e-14,-1.0052822204271342e-13
-2.749,-4.7064138202074007e-14,-1.0179759193254814e-13
-2.748,-4.760449954218712e-14,-1.0308299002504433e-13
-2.747,-4.815096446726073e-14,-1.0438461866567947e-13
-2.746,-4.8703600426691947e-14,-1.057026827532866e-13
-2.745,-4.9262475592695387e-14,-1.070373897722511e-13
-2.744,-4.9827658867700894e-14,-1.0838894982511304e-13
-2.743,-5.039921989182143e-14,-1.0975757566558006e-13
-2.742,-5.0977229050391704e-14,-1.111434827319563e-13
-2.741,-5.1561757481578084e-14,-1.1254688918099204e-13
-2.74,-5.2152877084060466e-14,-1.1396801592216e-13
-2.739,-5.2750660524786546e-14,-1.1540708665236307e-13
-2.738,-5.3355181246799176e-14,-1.1686432789107943e-13
-2.737,-5.396651347713741e-14,-1.1833996901595004e-13
-2.736,-5.4584732234811705e-14,-1.1983424229881444e-13
-2.735,-5.520991333885401e-14,-1.2134738294220043e-13
-2.734,-5.58421334164433e-14,-1.2287962911627316e-13
-2.733,-5.6481469911107054e-14,-1.2443122199624964e-13
-2.732,-5.712800109099944e-14,-1.260024058002843e-13
-2.731,-5.77818060572567e-14,-1.275934278278317e-13
-2.73,-5.844296475243039e-14,-1.2920453849849234e-13
-2.729,-5.911155796899905e-14,-1.308359913913475e-13
-2.728,-5.978766735795896e-14,-1.3248804328478967e-13
-2.727,-6.047137543749458e-14,-1.3416095419685407e-13
-2.726,-6.116276560172922e-14,-1.3585498742605844e-13
-2.725,-6.186192212955674e-14,-1.3757040959275676e-13
-2.724,-6.256893019355474e-14,-1.3930749068101377e-13
-2.723,-6.328387586897985e-14,-1.4106650408100677e-13
-2.722,-6.400684614284597e-14,-1.428477266319611e-13
-2.721,-6.473792892308576e-14,-1.4465143866562632e-13
-2.72,-6.547721304779634e-14,-1.4647792405029976e-13
-2.719,-6.62247882945696e-14,-1.4832747023540422e-13
-2.718,-6.698074538990788e-14,-1.5020036829662696e-13
-2.717,-6.774517601872558e-14,-1.5209691298162688e-13
-2.716,-6.851817283393744e-14,-1.5401740275631713e-13
-2.715,-6.929982946613406e-14,-1.5596213985173034e-13
-2.714,-7.009024053334533e-14,-1.5793143031147384e-13
-2.713,-7.088950165089234e-14,-1.5992558403978216e-13
-2.712,-7.169770944132865e-14,-1.6194491485017448e-13
-2.711,-7.251496154447127e-14,-1.6398974051472463e-13
-2.71,-7.334135662752224e-14,-1.6606038281395094e-13
-2.709,-7.417699439528129e-14,-1.6815716758733446e-13
-2.708,-7.502197560045044e-14,-1.7028042478447275e-13
-2.707,-7.587640205403097e-14,-1.7243048851687764e-13
-2.706,-7.674037663581364e-14,-1.7460769711042478e-13
-2.705,-7.76140033049626e-14,-1.7681239315846352e-13
-2.704,-7.849738711069386e-14,-1.790449235755951e-13
-2.703,-7.939063420304887e-14,-1.8130563965212743e-13
-2.702,-8.029385184376388e-14,-1.8359489710921568e-13
-2.701,-8.120714841723576e-14,-1.859130561546963e-13
-2.7,-8.213063344158504e-14,-1.8826048153962388e-13
-2.699,-8.306441757981664e-14,-1.906375426155196e-13
-2.698,-8.400861265107915e-14,-1.930446133923398e-13
-2.697,-8.496333164202324e-14,-1.9548207259717424e-13
-2.696,-8.59286887182599e-14,-1.979503037336828e-13
-2.695,-8.690479923591913e-14,-2.0044969514228025e-13
-2.694,-8.789177975330988e-14,-2.0298064006107805e-13
-2.693,-8.888974804268171e-14,-2.0554353668759317e-13
-2.692,-8.989882310208911e-14,-2.0813878824123324e-13
-2.691,-9.091912516735885e-14,-2.1076680302656782e-13
-2.69,-9.195077572416137e-14,-2.1342799449739578e-13
-2.689,-9.299389752018651e-14,-2.1612278132161876e-13
-2.688,-9.404861457742462e-14,-2.1885158744693054e-13
-2.687,-9.511505220455347e-14,-2.2161484216733325e-13
-2.686,-9.619333700943176e-14,-2.2441298019048996e-13
-2.685,-9.72835969116998e-14,-2.272464417059247e-13
-2.684,-9.838596115548818e-14,-2.3011567245408056e-13
-2.683,-9.950056032223499e-14,-2.3302112379624616e-13
-2.682,-1.0062752634361225e-13,-2.359632527853621e-13
-2.681,-1.0176699251456228e-13,-2.389425222377178e-13
-2.68,-1.0291909350644476e-13,-2.419594008055502e-13
-2.679,-1.0408396538029486e-13,-2.4501436305055567e-13
-2.678,-1.0526174560019344e-13,-2.4810788951832663e-13
-2.677,-1.0645257304674984e-13,-2.51240466813724e-13
-2.676,-1.0765658803069781e-13,-2.5441258767719815e-13
-2.675,-1.0887393230660548e-13,-2.576247510620694e-13
-2.674,-1.1010474908669984e-13,-2.6087746221278036e-13
-2.673,-1.1134918305480649e-13,-2.6417123274413257e-13
-2.672,-1.1260738038040519e-13,-2.6750658072151957e-13
-2.671,-1.138794887328021e-13,-2.7088403074216897e-13
-2.67,-1.1516565729541912e-13,-2.743041140174059e-13
-2.669,-1.1646603678020097e-13,-2.7776736845595126e-13
-2.668,-1.1778077944214098e-13,-2.8127433874826714e-13
-2.667,-1.1911003909392588e-13,-2.8482557645196307e-13
-2.666,-1.2045397112070022e-13,-2.884216400782757e-13
-2.665,-1.2181273249495143e-13,-2.920630951796365e-13
-2.664,-1.2318648179151577e-13,-2.9575051443833966e-13
-2.663,-1.2457537920270594e-13,-2.994844777563257e-13
-2.662,-1.2597958655356086e-13,-3.0326557234609304e-13
-2.661,-1.273992673172186e-13,-3.07094392822753e-13
-2.66,-1.288345866304125e-13,-3.1097154129724204e-13
-2.659,-1.3028571130909175e-13,-3.1489762747070573e-13
-2.658,-1.3175280986416616e-13,-3.1887326873006926e-13
-2.657,-1.3323605251737678e-13,-3.2289909024480943e-13
-2.656,-1.3473561121729213e-13,-3.2697572506494286e-13
-2.655,-1.362516596554309e-13,-3.311038142202463e-13
-2.654,-1.3778437328251187e-13,-3.3528400682072373e-13
-2.653,-1.3933392932483115e-13,-3.395169601583366e-13
-2.652,-1.4090050680076807e-13,-3.438033398100126e-13
-2.651,-1.4248428653741942e-13,-3.481438197419487e-13
-2.65,-1.4408545118736319e-13,-3.5253908241522607e-13
-2.649,-1.457041852455521e-13,-3.5698981889275143e-13
-2.648,-1.473406750663376e-13,-3.6149672894754287e-13
-2.647,-1.4899510888062458e-13,-3.6606052117237636e-13
-2.646,-1.506676768131579e-13,-3.706819130908103e-13
-2.645,-1.5235857089994028e-13,-3.753616312696053e-13
-2.644,-1.540679851057833e-13,-3.8010041143255644e-13
-2.643,-1.557961153419907e-13,-3.848989985757559e-13
-2.642,-1.5754315948417563e-13,-3.8975814708430455e-13
-2.641,-1.5930931739021154e-13,-3.94678620850489e-13
-2.64,-1.6109479091831725e-13,-3.996611933934445e-13
-2.639,-1.628997839452773e-13,-4.0470664798032053e-13
-2.638,-1.64724502384797e-13,-4.0981577774896947e-13
-2.637,-1.6656915420599365e-13,-4.1498938583217607e-13
-2.636,-1.6843394945202342e-13,-4.202282854834478e-13
-2.635,-1.703191002588451e-13,-4.2553330020438585e-13
-2.634,-1.7222482087412037e-13,-4.3090526387365566e-13
-2.633,-1.7415132767625167e-13,-4.3634502087757806e-13
-2.632,-1.760988391935575e-13,-4.4185342624236075e-13
-2.631,-1.7806757612358568e-13,-4.474313457679904e-13
-2.63,-1.8005776135256515e-13,-4.5307965616380734e-13
-2.629,-1.8206961997499606e-13,-4.587992451857825e-13
-2.628,-1.841033793133792e-13,-4.645910117755184e-13
-2.627,-1.8615926893808433e-13,-4.704558662009974e-13
-2.626,-1.882375206873582e-13,-4.763947301990955e-13
-2.625,-1.9033836868747238e-13,-4.824085371198876e-13
-2.624,-1.9246204937301095e-13,-4.884982320727648e-13
-2.623,-1.946088015072986e-13,-4.946647720743859e-13
-2.622,-1.9677886620296895e-13,-5.009091261984882e-13
-2.621,-1.9897248694267382e-13,-5.072322757275775e-13
-2.62,-2.0118990959993302e-13,-5.136352143065255e-13
-2.619,-2.034313824601252e-13,-5.201189480980936e-13
-2.618,-2.0569715624161987e-13,-5.266844959404106e-13
-2.617,-2.0798748411705035e-13,-5.333328895064278e-13
-2.616,-2.1030262173472839e-13,-5.400651734653756e-13
-2.615,-2.126428272401997e-13,-5.468824056462473e-13
-2.614,-2.1500836129794127e-13,-5.537856572033357e-13
-2.613,-2.1739948711319968e-13,-5.607760127838477e-13
-2.612,-2.1981647045397126e-13,-5.678545706976232e-13
-2.611,-2.2225957967312323e-13,-5.750224430889839e-13
-2.61,-2.2472908573065635e-13,-5.822807561107412e-13
-2.609,-2.2722526221610893e-13,-5.896306501003854e-13
-2.608,-2.2974838537110164e-13,-5.970732797584893e-13
-2.607,-2.3229873411202367e-13,-6.046098143293499e-13
-2.606,-2.3487659005285946e-13,-6.122414377838966e-13
-2.605,-2.374822375281565e-13,-6.199693490048965e-13
-2.604,-2.4011596361613295e-13,-6.277947619744838e-13
-2.603,-2.42778058161926e-13,-6.357189059640414e-13
-2.602,-2.454688138009801e-13,-6.437430257264677e-13
-2.601,-2.481885259825744e-13,-6.51868381690854e-13
-2.6,-2.5093749299348997e-13,-6.600962501596067e-13
-2.599,-2.5371601598181557e-13,-6.684279235080416e-13
-2.598,-2.5652439898089225e-13,-6.768647103864832e-13
-2.597,-2.5936294893339564e-13,-6.85407935924901e-13
-2.596,-2.6223197571555613e-13,-6.940589419401114e-13
-2.595,-2.651317921615159e-13,-7.028190871455806e-13
-2.594,-2.6806271408782274e-13,-7.116897473638594e-13
-2.593,-2.7102506031805964e-13,-7.206723157416834e-13
-2.592,-2.740191527076099e-13,-7.297682029677708e-13
-2.591,-2.7704531616855625e-13,-7.389788374933539e-13
-2.59,-2.8010387869471505e-13,-7.483056657554759e-13
-2.589,-2.8319517138680277e-13,-7.577501524030892e-13
-2.588,-2.863195284777352e-13,-7.673137805259895e-13
-2.587,-2.894772873580583e-13,-7.769980518866219e-13
-2.586,-2.926687886015099e-13,-7.868044871547938e-13
-2.585,-2.958943759907108e-13,-7.967346261453326e-13
-2.584,-2.991543965429852e-13,-8.067900280587229e-13
-2.583,-3.024492005363084e-13,-8.169722717247624e-13
-2.582,-3.057791415353821e-13,-8.272829558492733e-13
-2.581,-3.091445764178341e-13,-8.377236992639071e-13
-2.58,-3.125458654005439e-13,-8.482961411790827e-13
-2.579,-3.159833720660905e-13,-8.590019414400953e-13
-2.578,-3.1945746338932264e-13,-8.698427807864376e-13
-2.577,-3.229685097640498e-13,-8.808203611143718e-13
-2.576,-3.2651688502985237e-13,-8.919364057427937e-13
-2.575,-3.301029664990095e-13,-9.03192659682431e-13
-2.574,-3.337271349835439e-13,-9.145908899084153e-13
-2.573,-3.373897748223809e-13,-9.261328856362717e-13
-2.572,-3.4109127390862095e-13,-9.378204586013693e-13
-2.571,-3.448320237169239e-13,-9.496554433418732e-13
-2.57,-3.486124193310026e-13,-9.616396974852435e-13
-2.569,-3.52432859471225e-13,-9.737751020383274e-13
-2.568,-3.5629374652232226e-13,-9.86063561681085e-13
-2.567,-3.601954865612008e-13,-9.98507005063997e-13
-2.566,-3.6413848938485693e-13,-1.0111073851092023e-12
-2.565,-3.6812316853839157e-13,-1.0238666793154058e-12
-2.564,-3.7214994134312283e-13,-1.036786890066611e-12
-2.563,-3.7621922892479434e-13,-1.0498700449447187e-12
-2.562,-3.8033145624187737e-13,-1.0631181970460451e-12
-2.561,-3.8448705211396393e-13,-1.0765334253018048e-12
-2.56,-3.8868644925024827e-13,-1.0901178348026098e-12
-2.559,-3.929300842780952e-13,-1.1038735571270353e-12
-2.558,-3.9721839777169103e-13,-1.1178027506743003e-12
-2.557,-4.015518342807766e-13,-1.131907601001119e-12
-2.556,-4.0593084235945724e-13,-1.1461903211627687e-12
-2.555,-4.1035587459508855e-13,-1.160653152058435e-12
-2.554,-4.148273876372346e-13,-1.1752983627808784e-12
-2.553,-4.1934584222669485e-13,-1.1901282509704855e-12
-2.552,-4.2391170322459785e-13,-1.2051451431737518e-12
-2.551,-4.2852543964155736e-13,-1.2203513952062565e-12
-2.55,-4.331875246668881e-13,-1.235749392520183e-12
-2.549,-4.37898435697878e-13,-1.2513415505764434e-12
-2.548,-4.426586543691129e-13,-1.2671303152214612e-12
-2.547,-4.4746866658184996e-13,-1.2831181630686756e-12
-2.546,-4.523289625334372e-13,-1.2993076018848216e-12
-2.545,-4.572400367467737e-13,-1.3157011709810477e-12
-2.544,-4.622023880998079e-13,-1.332301441608931e-12
-2.543,-4.672165198550692e-13,-1.3491110173614514e-12
-2.542,-4.722829396892289e-13,-1.366132534578987e-12
-2.541,-4.774021597226866e-13,-1.38336866276039e-12
-2.54,-4.825746965491766e-13,-1.4008221049792136e-12
-2.539,-4.878010712653914e-13,-1.4184955983051448e-12
-2.538,-4.93081809500616e-13,-1.4363919142307177e-12
-2.537,-4.984174414463695e-13,-1.454513859103365e-12
-2.536,-5.038085018860483e-13,-1.4728642745628796e-12
-2.535,-5.092555302245669e-13,-1.4914460379843516e-12
-2.534,-5.147590705179898e-13,-1.5102620629266493e-12
-2.533,-5.203196715031501e-13,-1.529315299586513e-12
-2.532,-5.259378866272496e-13,-1.5486087352583327e-12
-2.531,-5.316142740774345e-13,-1.5681453947996796e-12
-2.53,-5.373493968103401e-13,-1.5879283411026631e-12
-2.529,-5.431438225816011e-13,-1.6079606755711871e-12
-2.528,-5.489981239753184e-13,-1.6282455386041776e-12
-2.527,-5.549128784334795e-13,-1.6487861100848566e-12
-2.526,-5.608886682853226e-13,-1.6695856098761385e-12
-2.525,-5.669260807766423e-13,-1.690647298322225e-12
-2.524,-5.730257080990262e-13,-1.7119744767564734e-12
-2.523,-5.791881474190177e-13,-1.7335704880156218e-12
-2.522,-5.854140009071985e-13,-1.755438716960444e-12
-2.521,-5.917038757671825e-13,-1.7775825910029191e-12
-2.52,-5.980583842645139e-13,-1.8000055806399955e-12
-2.519,-6.044781437554635e-13,-1.82271119999403e-12
-2.518,-6.109637767157136e-13,-1.8457030073599867e-12
-2.517,-6.175159107689253e-13,-1.868984605759482e-12
-2.516,-6.241351787151792e-13,-1.8925596435017547e-12
-2.515,-6.30822218559282e-13,-1.9164318147516555e-12
-2.514,-6.375776735389301e-13,-1.940604860104735e-12
-2.513,-6.444021921527222e-13,-1.965082567169527e-12
-2.512,-6.512964281880115e-13,-1.9898687711571103e-12
-2.511,-6.582610407485888e-13,-2.0149673554780427e-12
-2.51,-6.652966942821883e-13,-2.0403822523467578e-12
-2.509,-6.724040586078044e-13,-2.0661174433935187e-12
-2.508,-6.795838089428123e-13,-2.092176960284022e-12
-2.507,-6.868366259298818e-13,-2.118564885346746e-12
-2.506,-6.94163195663673e-13,-2.1452853522081443e-12
-2.505,-7.01564209717306e-13,-2.1723425464357755e-12
-2.504,-7.090403651685916e-13,-2.199740706189472e-12
-2.503,-7.165923646260145e-13,-2.227484122880651e-12
-2.502,-7.242209162544565e-13,-2.25557714183986e-12
-2.501,-7.31926733800649e-13,-2.284024162992669e-12
-2.5,-7.397105366183438e-13,-2.312829641544008e-12
-2.499,-7.475730496931891e-13,-2.341998088671054e-12
-2.498,-7.555150036673006e-13,-2.3715340722247784e-12
-2.497,-7.635371348635142e-13,-2.4014422174402594e-12
-2.496,-7.716401853093081e-13,-2.4317272076558677e-12
-2.495,-7.798249027603808e-13,-2.462393785041439e-12
-2.494,-7.880920407238743e-13,-2.493446751335542e-12
-2.493,-7.964423584812258e-13,-2.524890968591958e-12
-2.492,-8.048766211106375e-13,-2.5567313599354846e-12
-2.491,-8.133955995091477e-13,-2.5889729103271784e-12
-2.49,-8.220000704142914e-13,-2.6216206673391575e-12
-2.489,-8.306908164253344e-13,-2.654679741939082e-12
-2.488,-8.394686260240669e-13,-2.6881553092844293e-12
-2.487,-8.483342935951403e-13,-2.7220526095266884e-12
-2.486,-8.572886194459331e-13,-2.7563769486255993e-12
-2.485,-8.663324098259299e-13,-2.7911336991735587e-12
-2.484,-8.75466476945596e-13,-2.826328301230318e-12
-2.483,-8.846916389947326e-13,-2.8619662631681035e-12
-2.482,-8.940087201602955e-13,-2.8980531625272897e-12
-2.481,-9.034185506436598e-13,-2.934594646882753e-12
-2.48,-9.129219666773132e-13,-2.9715964347210422e-12
-2.479,-9.225198105409597e-13,-3.009064316328496e-12
-2.478,-9.322129305770169e-13,-3.04700415469045e-12
-2.477,-9.420021812054858e-13,-3.085421886401663e-12
-2.476,-9.518884229381764e-13,-3.124323522588111e-12
-2.475,-9.618725223922686e-13,-3.16371514984028e-12
-2.474,-9.719553523031887e-13,-3.203602931158111e-12
-2.473,-9.82137791536781e-13,-3.2439931069077324e-12
-2.472,-9.924207251007548e-13,-3.2848919957901334e-12
-2.471,-1.0028050441553858e-12,-3.3263059958219236e-12
-2.47,-1.0132916460234475e-12,-3.3682415853283273e-12
-2.469,-1.0238814341993568e-12,-3.4107053239485697e-12
-2.468,-1.034575318357504e-12,-3.453703853653802e-12
-2.467,-1.0453742143597504e-12,-3.497243899777728e-12
-2.466,-1.056279044262068e-12,-3.5413322720600825e-12
-2.465,-1.067290736320297e-12,-3.5859758657031318e-12
-2.464,-1.078410224994997e-12,-3.631181662441344e-12
-2.463,-1.089638450955369e-12,-3.676956731624405e-12
-2.462,-1.1009763610822223e-12,-3.723308231313736e-12
-2.461,-1.1124249084699573e-12,-3.770243409392696e-12
-2.46,-1.1239850524275452e-12,-3.817769604690609e-12
-2.459,-1.1356577584784698e-12,-3.865894248120825e-12
-2.458,-1.1474439983596107e-12,-3.914624863832965e-12
-2.457,-1.1593447500190364e-12,-3.9639690703795206e-12
-2.456,-1.1713609976126804e-12,-4.013934581897016e-12
-2.455,-1.1834937314998713e-12,-4.064529209301875e-12
-2.454,-1.1957439482376882e-12,-4.115760861501215e-12
-2.453,-1.2081126505741087e-12,-4.167637546618712e-12
-2.452,-1.2206008474399238e-12,-4.22016737323576e-12
-2.451,-1.2332095539393837e-12,-4.273358551648091e-12
-2.45,-1.2459397913395453e-12,-4.3272193951380604e-12
-2.449,-1.2587925870582888e-12,-4.381758321262779e-12
-2.448,-1.2717689746509703e-12,-4.436983853158306e-12
-2.447,-1.2848699937956764e-12,-4.4929046208600824e-12
-2.446,-1.2980966902770467e-12,-4.549529362639825e-12
-2.445,-1.3114501159686297e-12,-4.606866926359069e-12
-2.444,-1.3249313288137365e-12,-4.664926270839575e-12
-2.443,-1.3385413928047544e-12,-4.723716467250808e-12
-2.442,-1.3522813779608873e-12,-4.7832467005146965e-12
-2.441,-1.3661523603042795e-12,-4.843526270727889e-12
-2.44,-1.3801554218344917e-12,-4.904564594601728e-12
-2.439,-1.3942916505012816e-12,-4.9663712069201484e-12
-2.438,-1.4085621401756587e-12,-5.028955762015742e-12
-2.437,-1.4229679906191636e-12,-5.092328035264192e-12
-2.436,-1.4375103074513376e-12,-5.156497924597319e-12
-2.435,-1.4521902021153363e-12,-5.221475452034971e-12
-2.434,-1.4670087918416454e-12,-5.287270765235974e-12
-2.433,-1.4819671996098563e-12,-5.3538941390684e-12
-2.432,-1.4970665541084539e-12,-5.421355977199376e-12
-2.431,-1.5123079896925748e-12,-5.489666813704685e-12
-2.43,-1.5276926463396875e-12,-5.558837314698398e-12
-2.429,-1.5432216696031464e-12,-5.628878279982796e-12
-2.428,-1.5588962105635762e-12,-5.699800644718807e-12
-2.427,-1.5747174257780311e-12,-5.771615481117255e-12
-2.426,-1.5906864772268867e-12,-5.844334000151134e-12
-2.425,-1.606804532258406e-12,-5.917967553289192e-12
-2.424,-1.6230727635309353e-12,-5.992527634251088e-12
-2.423,-1.6394923489526713e-12,-6.0680258807843835e-12
-2.422,-1.6560644716189502e-12,-6.144474076463632e-12
-2.421,-1.672790319747002e-12,-6.221884152511855e-12
-2.42,-1.6896710866081137e-12,-6.3002681896446785e-12
-2.419,-1.7067079704571493e-12,-6.3796384199373884e-12
-2.418,-1.7239021744593623e-12,-6.460007228715227e-12
-2.417,-1.741254906614448e-12,-6.54138715646718e-12
-2.416,-1.7587673796777729e-12,-6.623790900783569e-12
-2.415,-1.7764408110787198e-12,-6.707231318317736e-12
-2.414,-1.7942764228360905e-12,-6.791721426772115e-12
-2.413,-1.8122754414704973e-12,-6.877274406908998e-12
-2.412,-1.8304390979136844e-12,-6.9639036045862915e-12
-2.411,-1.8487686274147115e-12,-7.0516225328185916e-12
-2.41,-1.867265269442932e-12,-7.140444873863859e-12
-2.409,-1.8859302675877003e-12,-7.230384481336046e-12
-2.408,-1.9047648694547387e-12,-7.32145538234397e-12
-2.407,-1.923770326559092e-12,-7.413671779656768e-12
-2.406,-1.9429478942145994e-12,-7.507048053896257e-12
-2.405,-1.9622988314198137e-12,-7.601598765756549e-12
-2.404,-1.981824400740289e-12,-7.697338658251219e-12
-2.403,-2.001525868187162e-12,-7.794282658988413e-12
-2.402,-2.021404503091956e-12,-7.892445882474206e-12
-2.401,-2.041461577977523e-12,-7.991843632444576e-12
-2.4,-2.0616983684250453e-12,-8.092491404226342e-12
-2.399,-2.0821161529370197e-12,-8.19440488712743e-12
-2.398,-2.1027162127961383e-12,-8.297599966856806e-12
-2.397,-2.123499831919982e-12,-8.402092727974482e-12
-2.396,-2.1444682967114444e-12,-8.507899456371933e-12
-2.395,-2.165622895904794e-12,-8.615036641783309e-12
-2.394,-2.1869649204072943e-12,-8.72352098032783e-12
-2.393,-2.2084956631362833e-12,-8.833369377083737e-12
-2.392,-2.2302164188516248e-12,-8.944598948694204e-12
-2.391,-2.2521284839834403e-12,-9.057227026005584e-12
-2.39,-2.2742331564550234e-12,-9.171271156738411e-12
-2.389,-2.2965317355008413e-12,-9.28674910819154e-12
-2.388,-2.319025521479525e-12,-9.403678869979855e-12
-2.387,-2.3417158156817493e-12,-9.522078656805933e-12
-2.386,-2.3646039201328997e-12,-9.641966911266122e-12
-2.385,-2.3876911373904234e-12,-9.763362306691406e-12
-2.384,-2.4109787703357604e-12,-9.886283750023535e-12
-2.383,-2.434468121960742e-12,-1.0010750384726817e-11
-2.382,-2.4581604951483575e-12,-1.0136781593736046e-11
-2.381,-2.4820571924477687e-12,-1.0264397002440965e-11
-2.38,-2.5061595158434636e-12,-1.0393616481707773e-11
-2.379,-2.5304687665184365e-12,-1.0524460150938082e-11
-2.378,-2.5549862446112726e-12,-1.0656948381165806e-11
-2.377,-2.579713248967024e-12,-1.0791101798192459e-11
-2.376,-2.6046510768817483e-12,-1.092694128576131e-11
-2.375,-2.6298010238406003e-12,-1.1064487988770905e-11
-2.374,-2.6551643832493324e-12,-1.1203763316528403e-11
-2.373,-2.680742446159097e-12,-1.1344788946043257e-11
-2.372,-2.7065365009844046e-12,-1.1487586825361702e-11
-2.371,-2.7325478332141176e-12,-1.1632179176942578e-11
-2.37,-2.7587777251153367e-12,-1.1778588501074976e-11
-2.369,-2.7852274554300526e-12,-1.1926837579338243e-11
-2.368,-2.811898299064416e-12,-1.2076949478104841e-11
-2.367,-2.8387915267704884e-12,-1.2228947552086624e-11
-2.366,-2.865908404820335e-12,-1.2382855447925021e-11
-2.365,-2.893250194672302e-12,-1.2538697107825709e-11
-2.364,-2.920818152629342e-12,-1.2696496773238296e-11
-2.363,-2.948613529489231e-12,-1.2856278988581578e-11
-2.362,-2.9766375701865204e-12,-1.3018068605014928e-11
-2.361,-3.0048915134260745e-12,-1.3181890784256385e-11
-2.36,-3.033376591308029e-12,-1.3347771002448014e-11
-2.359,-3.0620940289440148e-12,-1.3515735054069125e-11
-2.358,-3.091045044064473e-12,-1.3685809055897941e-11
-2.357,-3.120230846616904e-12,-1.3858019451022289e-11
-2.356,-3.1496526383548798e-12,-1.4032393012899949e-11
-2.355,-3.179311612417633e-12,-1.4208956849469246e-11
-2.354,-3.2092089529000706e-12,-1.4387738407310517e-11
-2.353,-3.239345834413007e-12,-1.456876547585907e-11
-2.352,-3.2697234216334584e-12,-1.4752066191670257e-11
-2.351,-3.300342868844795e-12,-1.4937669042737353e-11
-2.35,-3.3312053194665745e-12,-1.5125602872862794e-11
-2.349,-3.3623119055738624e-12,-1.5315896886083544e-11
-2.348,-3.39366374740584e-12,-1.550858065115115e-11
-2.347,-3.4252619528635097e-12,-1.5703684106067242e-11
-2.346,-3.4571076169962903e-12,-1.5901237562675092e-11
-2.345,-3.489201821477304e-12,-1.610127171130797e-11
-2.344,-3.5215456340671386e-12,-1.630381762549496e-11
-2.343,-3.5541401080658823e-12,-1.6508906766724956e-11
-2.342,-3.586986281753209e-12,-1.6716570989269564e-11
-2.341,-3.620085177816299e-12,-1.6926842545065597e-11
-2.34,-3.653437802765375e-12,-1.713975408865794e-11
-2.339,-3.68704514633662e-12,-1.7355338682203477e-11
-2.338,-3.720908180882254e-12,-1.757362980053688e-11
-2.337,-3.75502786074753e-12,-1.7794661336298963e-11
-2.336,-3.789405121634423e-12,-1.801846760512843e-11
-2.335,-3.824040879951753e-12,-1.824508335091773e-11
-2.334,-3.858936032151508e-12,-1.847454375113386e-11
-2.333,-3.894091454051121e-12,-1.870688442220488e-11
-2.332,-3.929508000141431e-12,-1.8942141424972948e-11
-2.331,-3.965186502880089e-12,-1.9180351270214707e-11
-2.33,-4.001127771970128e-12,-1.9421550924229842e-11
-2.329,-4.037332593623448e-12,-1.9665777814498606e-11
-2.328,-4.0738017298089284e-12,-1.991306983540925e-11
-2.327,-4.110535917484906e-12,-2.0163465354056087e-11
-2.326,-4.147535867815724e-12,-2.041700321610919e-11
-2.325,-4.184802265372084e-12,-2.067372275175649e-11
-2.324,-4.2223357673148915e-12,-2.093366378171921e-11
-2.323,-4.2601370025623195e-12,-2.1196866623341556e-11
-2.322,-4.298206570939776e-12,-2.1463372096755514e-11
-2.321,-4.336545042312479e-12,-2.1733221531121724e-11
-2.32,-4.3751529557003234e-12,-2.200645677094733e-11
-2.319,-4.4140308183747385e-12,-2.2283120182481763e-11
-2.318,-4.4531791049371936e-12,-2.2563254660191418e-11
-2.317,-4.492598256379051e-12,-2.2846903633314166e-11
-2.316,-4.5322886791224144e-12,-2.313411107249469e-11
-2.315,-4.572250744041661e-12,-2.3424921496501646e-11
-2.314,-4.6124847854652844e-12,-2.3719379979027625e-11
-2.313,-4.652991100157734e-12,-2.4017532155572955e-11
-2.312,-4.693769946280872e-12,-2.431942423041434e-11
-2.311,-4.734821542334709e-12,-2.4625102983659387e-11
-2.31,-4.7761460660770365e-12,-2.493461577838808e-11
-2.309,-4.817743653421603e-12,-2.5248010567882256e-11
-2.308,-4.859614397314442e-12,-2.556533590294413e-11
-2.307,-4.901758346587976e-12,-2.5886640939305022e-11
-2.306,-4.94417550479251e-12,-2.6211975445125306e-11
-2.305,-4.986865829004719e-12,-2.6541389808586778e-11
-2.304,-5.029829228612714e-12,-2.687493504557849e-11
-2.303,-5.073065564077305e-12,-2.721266280747727e-11
-2.302,-5.116574645669016e-12,-2.7554625389024017e-11
-2.301,-5.160356232180448e-12,-2.7900875736296986e-11
-2.3,-5.20441002961357e-12,-2.8251467454783215e-11
-2.299,-5.248735689841465e-12,-2.8606454817549316e-11
-2.298,-5.29333280924414e-12,-2.896589277351283e-11
-2.297,-5.3382009273178996e-12,-2.932983695581537e-11
-2.296,-5.38333952525787e-12,-2.9698343690298815e-11
-2.295,-5.428748024513169e-12,-3.0071470004085744e-11
-2.294,-5.474425785314284e-12,-3.044927363426551e-11
-2.293,-5.5203721051721486e-12,-3.0831813036687093e-11
-2.292,-5.566586217348459e-12,-3.121914739486015e-11
-2.291,-5.613067289296704e-12,-3.161133662896549e-11
-2.29,-5.6598144210734334e-12,-3.200844140497642e-11
-2.289,-5.7068266437192264e-12,-3.2410523143892164e-11
-2.288,-5.754102917608866e-12,-3.281764403108485e-11
-2.287,-5.801642130770169e-12,-3.322986702576142e-11
-2.286,-5.8494430971709465e-12,-3.3647255870541756e-11
-2.285,-5.897504554973544e-12,-3.4069875101154616e-11
-2.284,-5.9458251647564085e-12,-3.449779005625269e-11
-2.283,-5.99440350770212e-12,-3.493106688734821e-11
-2.282,-6.04323808375131e-12,-3.536977256887071e-11
-2.281,-6.09232730972189e-12,-3.581397490834828e-11
-2.28,-6.141669517392998e-12,-3.62637425567139e-11
-2.279,-6.191262951553055e-12,-3.6719145018738337e-11
-2.278,-6.2411057680113354e-12,-3.71802526635912e-11
-2.277,-6.2911960315724135e-12,-3.764713673553162e-11
-2.276,-6.341531713972869e-12,-3.811986936473022e-11
-2.275,-6.392110691779605e-12,-3.859852357822393e-11
-2.274,-6.442930744249131e-12,-3.908317331100522e-11
-2.273,-6.493989551147144e-12,-3.957389341724753e-11
-2.272,-6.54528469052774e-12,-4.007075968166832e-11
-2.271,-6.596813636471578e-12,-4.0573848831031694e-11
-2.27,-6.648573756782289e-12,-4.1083238545791995e-11
-2.269,-6.700562310640439e-12,-4.159900747188034e-11
-2.268,-6.752776446214325e-12,-4.212123523263569e-11
-2.267,-6.805213198226878e-12,-4.265000244088221e-11
-2.266,-6.857869485477926e-12,-4.3185390711154796e-11
-2.265,-6.910742108321074e-12,-4.3727482672074426e-11
-2.264,-6.963827746094446e-12,-4.427636197887529e-11
-2.263,-7.017122954504492e-12,-4.483211332608542e-11
-2.262,-7.070624162962093e-12,-4.539482246036279e-11
-2.261,-7.124327671870148e-12,-4.5964576193488693e-11
-2.26,-7.178229649861852e-12,-4.6541462415520324e-11
-2.259,-7.232326130988813e-12,-4.7125570108104536e-11
-2.258,-7.286613011858181e-12,-4.771698935795466e-11
-2.257,-7.341086048717953e-12,-4.831581137049244e-11
-2.256,-7.395740854489554e-12,-4.892212848365696e-11
-2.255,-7.450572895746844e-12,-4.9536034181882795e-11
-2.254,-7.50557748964065e-12,-5.015762311024919e-11
-2.253,-7.560749800767896e-12,-5.078699108880252e-11
-2.252,-7.616084837984443e-12,-5.142423512705407e-11
-2.251,-7.671577451160675e-12,-5.206945343865523e-11
-2.25,-7.727222327878893e-12,-5.2722745456252296e-11
-2.249,-7.783013990071538e-12,-5.338421184652303e-11
-2.248,-7.838946790599281e-12,-5.4053954525397174e-11
-2.247,-7.895014909767959e-12,-5.473207667346318e-11
-2.246,-7.951212351783364e-12,-5.5418682751563344e-11
-2.245,-8.007532941142842e-12,-5.611387851657968e-11
-2.244,-8.063970318962662e-12,-5.6817771037412846e-11
-2.243,-8.120517939240095e-12,-5.7530468711156356e-11
-2.242,-8.177169065049114e-12,-5.825208127946862e-11
-2.241,-8.233916764668637e-12,-5.898271984514497e-11
-2.24,-8.290753907642181e-12,-5.972249688889237e-11
-2.239,-8.347673160767806e-12,-6.047152628630894e-11
-2.238,-8.404666984017194e-12,-6.122992332507105e-11
-2.237,-8.461727626382717e-12,-6.199780472233038e-11
-2.236,-8.518847121651268e-12,-6.277528864232333e-11
-2.235,-8.576017284103706e-12,-6.356249471419567e-11
-2.234,-8.633229704138622e-12,-6.435954405004474e-11
-2.233,-8.690475743819274e-12,-6.516655926318199e-11
-2.232,-8.747746532342334e-12,-6.598366448661838e-11
-2.231,-8.805032961427239e-12,-6.681098539177552e-11
-2.23,-8.86232568062481e-12,-6.764864920742506e-11
-2.229,-8.919615092543822e-12,-6.849678473885924e-11
-2.228,-8.976891347994187e-12,-6.935552238729537e-11
-2.227,-9.034144341045384e-12,-7.022499416951688e-11
-2.226,-9.091363703998744e-12,-7.110533373775417e-11
-2.225,-9.148538802272212e-12,-7.199667639980761e-11
-2.224,-9.205658729196102e-12,-7.289915913941621e-11
-2.223,-9.262712300718462e-12,-7.381292063687442e-11
-2.222,-9.319688050018515e-12,-7.47381012899003e-11
-2.221,-9.376574222026717e-12,-7.567484323475809e-11
-2.22,-9.4333587678499e-12,-7.66232903676381e-11
-2.219,-9.490029339099949e-12,-7.75835883662972e-11
-2.218,-9.546573282124455e-12,-7.855588471196283e-11
-2.217,-9.602977632137753e-12,-7.954032871150393e-11
-2.216,-9.65922910725071e-12,-8.053707151987184e-11
-2.215,-9.715314102397642e-12,-8.154626616281451e-11
-2.214,-9.771218683158683e-12,-8.256806755986711e-11
-2.213,-9.826928579475902e-12,-8.36026325476228e-11
-2.212,-9.882429179261466e-12,-8.465011990328642e-11
-2.211,-9.937705521896082e-12,-8.571069036851511e-11
-2.21,-9.992742291615966e-12,-8.678450667354877e-11
-2.209,-1.0047523810786505e-11,-8.78717335616343e-11
-2.208,-1.0102034033060817e-11,-8.89725378137468e-11
-2.207,-1.0156256536421327e-11,-9.008708827361149e-11
-2.206,-1.0210174516102475e-11,-9.121555587302986e-11
-2.205,-1.0263770777392638e-11,-9.235811365751384e-11
-2.204,-1.0317027728313339e-11,-9.351493681223148e-11
-2.203,-1.036992737217373e-11,-9.4686202688268e-11
-2.202,-1.0422451299998374e-11,-9.587209082920606e-11
-2.201,-1.0474580682826267e-11,-9.707278299802894e-11
-2.2,-1.0526296263879038e-11,-9.828846320435047e-11
-2.199,-1.0577578350596224e-11,-9.951931773197596e-11
-2.198,-1.0628406806535494e-11,-1.0076553516679747e-10
-2.197,-1.067876104313561e-11,-1.0202730642502824e-10
-2.196,-1.0728620011340011e-11,-1.0330482478177949e-10
-2.195,-1.0777962193078672e-11,-1.0459828589998443e-10
-2.194,-1.0826765592606075e-11,-1.0590788785967311e-10
-2.193,-1.0875007727692906e-11,-1.0723383118760257e-10
-2.192,-1.0922665620669176e-11,-1.0857631888724654e-10
-2.191,-1.0969715789316396e-11,-1.099355564691488e-10
-2.19,-1.1016134237606355e-11,-1.1131175198164484e-10
-2.189,-1.1061896446284088e-11,-1.127051160419559e-10
-2.188,-1.110697736329252e-11,-1.1411586186766014e-10
-2.187,-1.1151351394036278e-11,-1.1554420530854527e-10
-2.186,-1.119499239148208e-11,-1.169903648788472e-10
-2.185,-1.1237873646093129e-11,-1.184545617898794e-10
-2.184,-1.1279967875594821e-11,-1.199370199830576e-10
-2.183,-1.1321247214569136e-11,-1.2143796616332464e-10
-2.182,-1.1361683203874925e-11,-1.2295762983297985e-10
-2.181,-1.1401246779891377e-11,-1.244962433259185e-10
-2.18,-1.1439908263581803e-11,-1.260540418422856e-10
-2.179,-1.1477637349374936e-11,-1.2763126348354904e-10
-2.178,-1.1514403093860781e-11,-1.2922814928799765e-10
-2.177,-1.1550173904298145e-11,-1.3084494326666837e-10
-2.176,-1.1584917526930791e-11,-1.3248189243970845e-10
-2.175,-1.1618601035109219e-11,-1.3413924687317734e-10
-2.174,-1.165119081721499e-11,-1.3581725971629367e-10
-2.173,-1.168265256438444e-11,-1.3751618723913275e-10
-2.172,-1.1712951258028636e-11,-1.3923628887077983e-10
-2.171,-1.1742051157146328e-11,-1.4097782723794438e-10
-2.17,-1.1769915785426625e-11,-1.4274106820404127e-10
-2.169,-1.1796507918138086e-11,-1.4452628090874407e-10
-2.168,-1.1821789568800819e-11,-1.4633373780801627e-10
-2.167,-1.1845721975638184e-11,-1.4816371471462599e-10
-2.166,-1.1868265587804626e-11,-1.500164908391499e-10
-2.165,-1.1889380051386063e-11,-1.5189234883147253e-10
-2.164,-1.190902419516929e-11,-1.5379157482278623e-10
-2.163,-1.1927156016176733e-11,-1.5571445846809817e-10
-2.162,-1.194373266496284e-11,-1.576612929892506e-10
-2.161,-1.19587104306684e-11,-1.5963237521845954e-10
-2.16,-1.197204472582892e-11,-1.6162800564237936e-10
-2.159,-1.1983690070933228e-11,-1.6364848844669834e-10
-2.158,-1.1993600078728383e-11,-1.6569413156127217e-10
-2.157,-1.2001727438266845e-11,-1.6776524670580157e-10
-2.156,-1.2008023898691924e-11,-1.6986214943606037e-10
-2.155,-1.2012440252757359e-11,-1.71985159190681e-10
-2.154,-1.201492632007684e-11,-1.7413459933850324e-10
-2.153,-1.2015430930099278e-11,-1.7631079722649379e-10
-2.152,-1.2013901904805487e-11,-1.7851408422824277e-10
-2.151,-1.2010286041121912e-11,-1.8074479579304416e-10
-2.15,-1.2004529093046983e-11,-1.830032714955673e-10
-2.149,-1.1996575753485582e-11,-1.8528985508612614e-10
-2.148,-1.1986369635787071e-11,-1.876048945415536e-10
-2.147,-1.1973853254982196e-11,-1.8994874211668777e-10
-2.146,-1.1958968008714222e-11,-1.9232175439647783e-10
-2.145,-1.1941654157859461e-11,-1.9472429234871634e-10
-2.144,-1.1921850806832365e-11,-1.9715672137740587e-10
-2.143,-1.1899495883570256e-11,-1.9961941137676687e-10
-2.142,-1.187452611919268e-11,-2.0211273678589514e-10
-2.141,-1.1846877027330319e-11,-2.0463707664407568e-10
-2.14,-1.181648288311829e-11,-2.0719281464676142e-10
-2.139,-1.1783276701848613e-11,-2.0978033920222422e-10
-2.138,-1.174719021727652e-11,-2.124000434888863e-10
-2.137,-1.1708153859575228e-11,-2.150523255133398e-10
-2.136,-1.1666096732933685e-11,-2.177375881690633e-10
-2.135,-1.162094659279174e-11,-2.2045623929584258e-10
-2.134,-1.157262982270709e-11,-2.2320869173990453e-10
-2.133,-1.1521071410848292e-11,-2.2599536341477257e-10
-2.132,-1.1466194926107987e-11,-2.2881667736285188e-10
-2.131,-1.1407922493830492e-11,-2.3167306181775302e-10
-2.13,-1.1346174771147708e-11,-2.345649502673629e-10
-2.129,-1.1280870921917311e-11,-2.374927815176716e-10
-2.128,-1.1211928591257028e-11,-2.4045699975736413e-10
-2.127,-1.1139263879668727e-11,-2.434580546231859e-10
-2.126,-1.1062791316745983e-11,-2.464964012660913e-10
-2.125,-1.0982423834458642e-11,-2.495725004181845e-10
-2.124,-1.0898072740007828e-11,-2.526868184604612e-10
-2.123,-1.0809647688244765e-11,-2.5583982749136193e-10
-2.122,-1.0717056653646624e-11,-2.590320053961454e-10
-2.121,-1.062020590184257e-11,-2.622638359170916e-10
-2.12,-1.0518999960683025e-11,-2.655358087245452e-10
-2.119,-1.0413341590845123e-11,-2.6884841948880807e-10
-2.118,-1.0303131755967124e-11,-2.7220216995289175e-10
-2.117,-1.0188269592304573e-11,-2.755975680061391e-10
-2.116,-1.0068652377900792e-11,-2.79035127758726e-10
-2.115,-9.944175501264182e-12,-2.825153696170535e-10
-2.114,-9.814732429544771e-12,-2.860388203600399e-10
-2.113,-9.68021467620225e-12,-2.896060132163242e-10
-2.112,-9.540511768157656e-12,-2.932174879423914e-10
-2.111,-9.39551121242077e-12,-2.9687379090163024e-10
-2.11,-9.245098462185117e-12,-3.0057547514433414e-10
-2.109,-9.089156882382395e-12,-3.04323100488657e-10
-2.108,-8.927567714687986e-12,-3.0811723360253435e-10
-2.107,-8.760210041969137e-12,-3.119584480865812e-10
-2.106,-8.586960752167189e-12,-3.158473245579788e-10
-2.105,-8.407694501605193e-12,-3.197844507353604e-10
-2.104,-8.222283677712058e-12,-3.237704215247092e-10
-2.103,-8.030598361154274e-12,-3.2780583910627923e-10
-2.102,-7.832506287366094e-12,-3.318913130225514e-10
-2.101,-7.62787280746897e-12,-3.360274602672371e-10
-2.1,-7.416560848570834e-12,-3.402149053753411e-10
-2.099,-7.198430873435737e-12,-3.4445428051429606e-10
-2.098,-6.973340839514168e-12,-3.48746225576182e-10
-2.097,-6.741146157324264e-12,-3.530913882710419e-10
-2.096,-6.501699648173961e-12,-3.574904242213074e-10
-2.095,-6.254851501213987e-12,-3.619439970573471e-10
-2.094,-6.0004492298114555e-12,-3.664527785141505e-10
-2.093,-5.7383376272336415e-12,-3.710174485291605e-10
-2.092,-5.4683587216314096e-12,-3.756386953412683e-10
-2.091,-5.190351730311565e-12,-3.803172155909839e-10
-2.09,-4.904153013287251e-12,-3.8505371442179603e-10
-2.089,-4.6095960260953715e-12,-3.898489055827352e-10
-2.088,-4.306511271869826e-12,-3.947035115321533e-10
-2.087,-3.994726252659195e-12,-3.996182635427353e-10
-2.086,-3.674065419977345e-12,-4.045939018077556e-10
-2.085,-3.3443501245752267e-12,-4.096311755485946e-10
-2.084,-3.005398565422008e-12,-4.147308431235297e-10
-2.083,-2.6570257378834624e-12,-4.198936721378155e-10
-2.082,-2.2990433810853866e-12,-4.2512043955506826e-10
-2.081,-1.9312599244496126e-12,-4.3041193180996923e-10
-2.08,-1.5534804333900233e-12,-4.3576894492230286e-10
-2.079,-1.1655065541557667e-12,-4.411922846123446e-10
-2.078,-7.671364578086886e-13,-4.4668276641761434e-10
-2.077,-3.5816478332180733e-13,-4.5224121581101106e-10
-2.076,6.16174202145432e-14,-4.5786846832034483e-10
-2.075,4.924227522924736e-13,-4.6356536964928176e-10
-2.074,9.344675206059751e-13,-4.69332775799719e-10
-2.073,1.3879718016040086e-12,-4.751715531956052e-10
-2.072,1.853159501991433e-12,-4.810825788082249e-10
-2.071,2.3302584211921675e-12,-4.870667402829613e-10
-2.07,2.8195003147891965e-12,-4.93124936067556e-10
-2.069,3.3211209589562444e-12,-4.992580755418833e-10
-2.068,3.835360215896163e-12,-5.054670791492551e-10
-2.067,4.362462100301308e-12,-5.117528785292743e-10
-2.066,4.902674846851381e-12,-5.181164166522565e-10
-2.065,5.4562509787644905e-12,-5.245586479552344e-10
-2.064,6.023447377417357e-12,-5.310805384795667e-10
-2.063,6.6045253530508845e-12,-5.37683066010167e-10
-2.062,7.199750716577506e-12,-5.44367220216374e-10
-2.061,7.809393852507004e-12,-5.511340027944789e-10
-2.06,8.433729793007705e-12,-5.579844276119317e-10
-2.059,9.073038293120244e-12,-5.649195208532438e-10
-2.058,9.727603907141307e-12,-5.719403211676071e-10
-2.057,1.0397716066195057e-11,-5.79047879818249e-10
-2.056,1.1083669157010156e-11,-5.862432608335442e-10
-2.055,1.178576260192064e-11,-5.935275411599005e-10
-2.054,1.2504300940109086e-11,-6.009018108164429e-10
-2.053,1.3239593910110856e-11,-6.083671730515134e-10
-2.052,1.3991956533598411e-11,-6.159247445010082e-10
-2.051,1.476170920046505e-11,-6.235756553485746e-10
-2.05,1.5549177755227645e-11,-6.31321049487686e-10
-2.049,1.635469358476823e-11,-6.391620846856189e-10
-2.048,1.7178593707434698e-11,-6.470999327493531e-10
-2.047,1.8021220863520992e-11,-6.551357796934156e-10
-2.046,1.8882923607147627e-11,-6.632708259096925e-10
-2.045,1.9764056399563608e-11,-6.715062863392288e-10
-2.044,2.066497970389113e-11,-6.798433906460417e-10
-2.043,2.1586060081334776e-11,-6.882833833929672e-10
-2.042,2.2527670288877243e-11,-6.968275242195654e-10
-2.041,2.349018937848395e-11,-7.054770880221069e-10
-2.04,2.4474002797839176e-11,-7.14233365135664e-10
-2.039,2.5479502492636812e-11,-7.230976615183303e-10
-2.038,2.6507087010449003e-11,-7.320712989375944e-10
-2.037,2.7557161606196426e-11,-7.411556151588894e-10
-2.036,2.8630138349244228e-11,-7.503519641363454e-10
-2.035,2.972643623214802e-11,-7.596617162057686e-10
-2.034,3.0846481281074725e-11,-7.690862582798723e-10
-2.033,3.1990706667923275e-11,-7.786269940457862e-10
-2.032,3.3159552824170875e-11,-7.882853441648681e-10
-2.031,3.435346755647038e-11,-7.980627464748455e-10
-2.03,3.5572906164025357e-11,-8.07960656194313e-10
-2.029,3.6818331557769207e-11,-8.179805461296116e-10
-2.028,3.809021438137549e-11,-8.281239068841173e-10
-2.027,3.938903313412682e-11,-8.383922470699661e-10
-2.026,4.0715274295670186e-11,-8.487870935222425e-10
-2.025,4.206943245268684e-11,-8.593099915156595e-10
-2.024,4.3452010427505526e-11,-8.699625049837589e-10
-2.023,4.486351940868791e-11,-8.807462167406581e-10
-2.022,4.630447908361586e-11,-8.916627287053745e-10
-2.021,4.7775417773110484e-11,-9.027136621287555e-10
-2.02,4.9276872568113074e-11,-9.139006578230416e-10
-2.019,5.080938946845901e-11,-9.252253763940966e-10
-2.018,5.237352352377571e-11,-9.366894984763292e-10
-2.017,5.396983897653635e-11,-9.482947249703405e-10
-2.016,5.559890940730158e-11,-9.600427772833266e-10
-2.015,5.726131788218174e-11,-9.719353975722657e-10
-2.014,5.895765710255286e-11,-9.839743489899238e-10
-2.013,6.068852955705988e-11,-9.96161415933707e-10
-2.012,6.245454767594122e-11,-1.0084984042973963e-9
-2.011,6.425633398770942e-11,-1.0209871417257923e-9
-2.01,6.609452127822263e-11,-1.0336294778723068e-9
-2.009,6.79697527521829e-11,-1.046427284659532e-9
-2.008,6.98826821970971e-11,-1.0593824565428194e-9
-2.007,7.183397414973731e-11,-1.0724969107769053e-9
-2.006,7.382430406513775e-11,-1.0857725876856122e-9
-2.005,7.585435848816592e-11,-1.0992114509346655e-9
-2.004,7.79248352277065e-11,-1.1128154878076565e-9
-2.003,8.00364435334964e-11,-1.1265867094851867e-9
-2.002,8.218990427565067e-11,-1.1405271513272319e-9
-2.001,8.438595012691925e-11,-1.1546388731587569e-9
-2.0,8.662532574771487e-11,-1.1689239595586228e-9
-1.999,8.890878797395334e-11,-1.1833845201518182e-9
-1.998,9.123710600774821e-11,-1.1980226899050533e-9
-1.997,9.361106161100168e-11,-1.2128406294257545e-9
-1.996,9.603144930193504e-11,-1.2278405252644967e-9
-1.995,9.849907655460229e-11,-1.243024590220911e-9
-1.994,1.0101476400143072e-10,-1.258395063653106e-9
-1.993,1.0357934563883388e-10,-1.2739542117906422e-9
-1.992,1.0619366903594196e-10,-1.2897043280510995e-9
-1.991,1.0885859554649605e-10,-1.305647733360274e-9
-1.99,1.1157500052395295e-10,-1.3217867764760482e-9
-1.989,1.1434377353984821e-10,-1.3381238343159733e-9
-1.988,1.171658186054654e-10,-1.3546613122886026e-9
-1.987,1.2004205439686067e-10,-1.3714016446286207e-9
-1.986,1.2297341448329228e-10,-1.3883472947358088e-9
-1.985,1.2596084755910508e-10,-1.4055007555178855e-9
-1.984,1.290053176791215e-10,-1.4228645497372705e-9
-1.983,1.321078044975905e-10,-1.440441230361811e-9
-1.982,1.3526930351074712e-10,-1.4582333809195142e-9
-1.981,1.3849082630303602e-10,-1.4762436158573313e-9
-1.98,1.4177340079705293e-10,-1.4944745809040357e-9
-1.979,1.4511807150725917e-10,-1.512928953437242e-9
-1.978,1.4852589979752455e-10,-1.5316094428546092e-9
-1.977,1.519979641425554e-10,-1.5505187909492738e-9
-1.976,1.555353603932648e-10,-1.5696597722895618e-9
-1.975,1.591392020461434e-10,-1.5890351946030208e-9
-1.974,1.6281062051668932e-10,-1.6086478991648261e-9
-1.973,1.6655076541695766e-10,-1.6285007611906014e-9
-1.972,1.7036080483728932e-10,-1.6485966902337077e-9
-1.971,1.7424192563228166e-10,-1.6689386305870459e-9
-1.97,1.7819533371106273e-10,-1.6895295616894214e-9
-1.969,1.8222225433193276e-10,-1.7103724985365247e-9
-1.968,1.8632393240143686e-10,-1.7314704920965717e-9
-1.967,1.905016327779347e-10,-1.752826629730659e-9
-1.966,1.9475664057973236e-10,-1.7744440356178835e-9
-1.965,1.9909026149784428e-10,-1.7963258711852764e-9
-1.964,2.0350382211345298e-10,-1.818475335542607e-9
-1.963,2.0799867022013535e-10,-1.8408956659221055e-9
-1.962,2.1257617515092606e-10,-1.863590138123159e-9
-1.961,2.172377281102885e-10,-1.8865620669620345e-9
-1.96,2.2198474251106582e-10,-1.9098148067266844e-9
-1.959,2.2681865431648471e-10,-1.9333517516366843e-9
-1.958,2.3174092238728653e-10,-1.9571763363083656e-9
-1.957,2.3675302883406027e-10,-1.9812920362251905e-9
-1.956,2.418564793748545e-10,-2.0057023682134332e-9
-1.955,2.4705280369814487e-10,-2.0304108909232178e-9
-1.954,2.5234355583123643e-10,-2.055421205314975e-9
-1.953,2.577303145141792e-10,-2.080736955151373e-9
-1.952,2.632146835792795e-10,-2.10636182749478e-9
-1.951,2.687982923362871e-10,-2.132299553210323e-9
-1.95,2.7448279596334256e-10,-2.1585539074745936e-9
-1.949,2.802698759037685e-10,-2.185128710290069e-9
-1.948,2.861612402687907e-10,-2.2120278270053054e-9
-1.947,2.921586242462747e-10,-2.2392551688409667e-9
-1.946,2.9826379051556776e-10,-2.266814693421746e-9
-1.945,3.0447852966853315e-10,-2.2947104053142495e-9
-1.944,3.108046606368693e-10,-2.3229463565709e-9
-1.943,3.172440311258041e-10,-2.3515266472799293e-9
-1.942,3.2379851805425834e-10,-2.3804554261215163e-9
-1.941,3.304700280015726e-10,-2.4097368909301443e-9
-1.94,3.372604976608932e-10,-2.439375289263235e-9
-1.939,3.4417189429931404e-10,-2.4693749189761354e-9
-1.938,3.5120621622487407e-10,-2.499740128803511e-9
-1.937,3.5836549326050914e-10,-2.5304753189472265e-9
-1.936,3.6565178722506013e-10,-2.5615849416707744e-9
-1.935,3.7306719242144037e-10,-2.5930735019003187e-9
-1.934,3.806138361320664e-10,-2.6249455578324325e-9
-1.933,3.882938791216582e-10,-2.657205721548586e-9
-1.932,3.961095161475155e-10,-2.6898586596364693e-9
-1.931,4.0406297647738037e-10,-2.7229090938182127e-9
-1.93,4.1215652441499474e-10,-2.7563618015855774e-9
-1.929,4.203924598334668e-10,-2.7902216168421947e-9
-1.928,4.2877311871655804e-10,-2.82449343055292e-9
-1.927,4.3730087370800747e-10,-2.8591821914003813e-9
-1.926,4.4597813466900906e-10,-2.8942929064487927e-9
-1.925,4.548073492439618e-10,-2.9298306418151134e-9
-1.924,4.637910034346113e-10,-2.9658005233476224e-9
-1.923,4.729316221827061e-10,-3.002207737311991e-9
-1.922,4.822317699612921e-10,-3.0390575310849268e-9
-1.921,4.916940513747694e-10,-3.076355213855471e-9
-1.92,5.013211117678404e-10,-3.114106157334025e-9
-1.919,5.11115637843478e-10,-3.152315796469187e-9
-1.918,5.210803582900424e-10,-3.19098963017248e-9
-1.917,5.312180444176827e-10,-3.230133222051051e-9
-1.916,5.415315108041559e-10,-3.2697522011484254e-9
-1.915,5.520236159501999e-10,-3.3098522626933938e-9
-1.914,5.626972629445988e-10,-3.350439168857125e-9
-1.913,5.735554001390826e-10,-3.3915187495185762e-9
-1.912,5.846010218332016e-10,-3.4330969030382963e-9
-1.911,5.958371689693214e-10,-3.475179597040702e-9
-1.91,6.072669298378832e-10,-3.517772869204915e-9
-1.909,6.18893440793082e-10,-3.560882828064247e-9
-1.908,6.307198869791073e-10,-3.60451565381442e-9
-1.907,6.427495030671054e-10,-3.6486775991306124e-9
-1.906,6.549855740030131e-10,-3.6933749899934195e-9
-1.905,6.674314357664245e-10,-3.738614226523816e-9
-1.904,6.800904761406462e-10,-3.7844017838272145e-9
-1.903,6.929661354941057e-10,-3.830744212846714e-9
-1.902,7.060619075732752e-10,-3.877648141225627e-9
-1.901,7.193813403072787e-10,-3.925120274179375e-9
-1.9,7.329280366243486e-10,-3.97316739537686e-9
-1.899,7.467056552803055e-10,-4.021796367831393e-9
-1.898,7.607179116992331e-10,-4.07101413480128e-9
-1.897,7.749685788265244e-10,-4.12082772070017e-9
-1.896,7.894614879944782e-10,-4.171244232017247e-9
-1.895,8.042005298006254e-10,-4.2222708582473795e-9
-1.894,8.191896549989711e-10,-4.273914872831316e-9
-1.893,8.344328754043355e-10,-4.326183634106034e-9
-1.892,8.499342648099848e-10,-4.379084586265338e-9
-1.891,8.65697959918742e-10,-4.43262526033081e-9
-1.89,8.817281612877735e-10,-4.486813275133215e-9
-1.889,8.980291342872446e-10,-4.541656338304469e-9
-1.888,9.146052100730488e-10,-4.5971622472802626e-9
-1.887,9.314607865738084e-10,-4.653338890313458e-9
-1.886,9.48600329492355e-10,-4.710194247498357e-9
-1.885,9.66028373321896e-10,-4.767736391805954e-9
-1.884,9.837495223770794e-10,-4.825973490130271e-9
-1.883,1.001768451840171e-9,-4.88491380434589e-9
-1.882,1.0200899088225603e-9,-4.944565692376798e-9
-1.881,1.0387187134418147e-9,-5.004937609276645e-9
-1.88,1.057659759914509e-9,-5.066038108320524e-9
-1.879,1.0769180176650504e-9,-5.127875842108397e-9
-1.878,1.0964985324507345e-9,-5.190459563680276e-9
-1.877,1.1164064275032613e-9,-5.253798127643262e-9
-1.876,1.1366469046869495e-9,-5.317900491310573e-9
-1.875,1.1572252456738868e-9,-5.3827757158526614e-9
-1.874,1.17814681313626e-9,-5.448432967460553e-9
-1.873,1.1994170519561112e-9,-5.514881518521509e-9
-1.872,1.2210414904527693e-9,-5.582130748807144e-9
-1.871,1.243025741628209e-9,-5.650190146674103e-9
-1.87,1.2653755044305965e-9,-5.719069310277439e-9
-1.869,1.2880965650362812e-9,-5.7887779487967865e-9
-1.868,1.311194798150493e-9,-5.8593258836754775e-9
-1.867,1.3346761683270225e-9,-5.930723049872703e-9
-1.866,1.358546731307145e-9,-6.002979497128862e-9
-1.865,1.3828126353780705e-9,-6.0761053912441995e-9
-1.864,1.4074801227511962e-9,-6.150111015370888e-9
-1.863,1.4325555309604448e-9,-6.2250067713186505e-9
-1.862,1.4580452942809749e-9,-6.300803180874074e-9
-1.861,1.4839559451685558e-9,-6.3775108871337305e-9
-1.86,1.5102941157199015e-9,-6.455140655851234e-9
-1.859,1.537066539154261e-9,-6.533703376798377e-9
-1.858,1.5642800513165712e-9,-6.613210065140457e-9
-1.857,1.5919415922024784e-9,-6.693671862825942e-9
-1.856,1.6200582075055399e-9,-6.775100039990604e-9
-1.855,1.648637050186923e-9,-6.857505996376245e-9
-1.854,1.677685382067922e-9,-6.9409012627641635e-9
-1.853,1.7072105754456168e-9,-7.025297502423492e-9
-1.852,1.737220114732005e-9,-7.110706512574535e-9
-1.851,1.7677215981169397e-9,-7.197140225867258e-9
-1.85,1.798722739255215e-9,-7.284610711875059e-9
-1.849,1.830231368978137e-9,-7.373130178603957e-9
-1.848,1.8622554370299372e-9,-7.46271097401735e-9
-1.847,1.8948030138293728e-9,-7.55336558757647e-9
-1.846,1.9278822922568786e-9,-7.645106651796698e-9
-1.845,1.961501589467633e-9,-7.737946943819842e-9
-1.844,1.9956693487308983e-9,-7.831899387002578e-9
-1.843,2.0303941412960256e-9,-7.926977052521151e-9
-1.842,2.065684668285481e-9,-8.023193160992502e-9
-1.841,2.1015497626152984e-9,-8.120561084111971e-9
-1.84,2.1379983909433324e-9,-8.219094346307709e-9
-1.839,2.1750396556457135e-9,-8.318806626411969e-9
-1.838,2.212682796821904e-9,-8.419711759349404e-9
-1.837,2.250937194328761e-9,-8.521823737842526e-9
-1.836,2.2898123698440144e-9,-8.625156714134498e-9
-1.835,2.3293179889595837e-9,-8.729725001729383e-9
-1.834,2.3694638633051495e-9,-8.835543077150014e-9
-1.833,2.4102599527024097e-9,-8.942625581713651e-9
-1.832,2.4517163673504616e-9,-9.050987323325556e-9
-1.831,2.4938433700427392e-9,-9.160643278290659e-9
-1.83,2.536651378415964e-9,-9.271608593143471e-9
-1.829,2.580150967231554e-9,-9.383898586496385e-9
-1.828,2.624352870689952e-9,-9.497528750906543e-9
-1.827,2.669267984778344e-9,-9.612514754761418e-9
-1.826,2.714907369652231e-9,-9.728872444183266e-9
-1.825,2.7612822520513394e-9,-9.846617844952622e-9
-1.824,2.808404027750353e-9,-9.965767164450982e-9
-1.823,2.8562842640449582e-9,-1.0086336793622858e-8
-1.822,2.9049347022737004e-9,-1.0208343308957347e-8
-1.821,2.9543672603761606e-9,-1.0331803474489379e-8
-1.82,3.0045940354879585e-9,-1.0456734243820833e-8
-1.819,3.0556273065731098e-9,-1.0583152762161647e-8
-1.818,3.107479537094257e-9,-1.0711076368391128e-8
-1.817,3.160163377721311e-9,-1.084052259713959e-8
-1.816,3.2136916690790474e-9,-1.0971509180890528e-8
-1.815,3.2680774445342016e-9,-1.1104054052103449e-8
-1.814,3.3233339330226216e-9,-1.1238175345357583e-8
-1.813,3.379474561917044e-9,-1.1373891399516587e-8
-1.812,3.4365129599360624e-9,-1.151122075991446e-8
-1.811,3.494462960094867e-9,-1.165018218056281e-8
-1.81,3.553338602698352e-9,-1.1790794626379647e-8
-1.809,3.6131541383771712e-9,-1.19330772754399e-8
-1.808,3.6739240311673616e-9,-1.207704952124779e-8
-1.807,3.735662961634137e-9,-1.2222730975031262e-8
-1.806,3.798385830040475e-9,-1.2370141468058642e-8
-1.805,3.862107759561132e-9,-1.2519301053977689e-8
-1.804,3.926844099542713e-9,-1.2670230011177221e-8
-1.803,3.992610428810455e-9,-1.2822948845171487e-8
-1.802,4.059422559022367e-9,-1.2977478291007461e-8
-1.801,4.127296538071411e-9,-1.313383931569524e-8
-1.8,4.19624865353637e-9,-1.3292053120661717e-8
-1.799,4.266295436182109e-9,-1.3452141144227704e-8
-1.798,4.3374536635099125e-9,-1.361412506410869e-8
-1.797,4.409740363358598e-9,-1.3778026799939402e-8
-1.796,4.483172817557122e-9,-1.3943868515822365e-8
-1.795,4.557768565629395e-9,-1.4111672622900612e-8
-1.794,4.633545408552043e-9,-1.4281461781954746e-8
-1.793,4.710521412565846e-9,-1.445325890602453e-8
-1.792,4.788714913041615e-9,-1.4627087163055171e-8
-1.791,4.868144518401263e-9,-1.4802969978568492e-8
-1.79,4.9488291140948444e-9,-1.4980931038359166e-8
-1.789,5.030787866634343e-9,-1.5160994291216185e-8
-1.788,5.1140402276850005e-9,-1.534318395166977e-8
-1.787,5.198605938214997e-9,-1.5527524502763856e-8
-1.786,5.28450503270429e-9,-1.5714040698854387e-8
-1.785,5.371757843413434e-9,-1.5902757568433566e-8
-1.784,5.460385004713236e-9,-1.609370041698022e-8
-1.783,5.550407457476075e-9,-1.6286894829836552e-8
-1.782,5.641846453529756e-9,-1.648236667511132e-8
-1.781,5.734723560174772e-9,-1.6680142106609777e-8
-1.78,5.829060664765848e-9,-1.68802475667904e-8
-1.779,5.924879979358677e-9,-1.708270978974874e-8
-1.778,6.02220404542274e-9,-1.7287555804228418e-8
-1.777,6.1210557386211375e-9,-1.7494812936659593e-8
-1.776,6.221458273658378e-9,-1.7704508814224966e-8
-1.775,6.323435209197041e-9,-1.7916671367953566e-8
-1.774,6.4270104528442955e-9,-1.8131328835842465e-8
-1.773,6.532208266209238e-9,-1.834850976600662e-8
-1.772,6.639053270032033e-9,-1.8568243019856986e-8
-1.771,6.747570449385853e-9,-1.8790557775307147e-8
-1.77,6.857785158952638e-9,-1.9015483530008536e-8
-1.769,6.969723128373683e-9,-1.9243050104614516e-8
-1.768,7.0834104676761075e-9,-1.9473287646073458e-8
-1.767,7.198873672776255e-9,-1.9706226630950962e-8
-1.766,7.316139631061085e-9,-1.994189786878145e-8
-1.765,7.435235627048644e-9,-2.0180332505449272e-8
-1.764,7.556189348128714e-9,-2.0421562026599497e-8
-1.763,7.679028890384743e-9,-2.0665618261078555e-8
-1.762,7.803782764498183e-9,-2.091253338440493e-8
-1.761,7.930479901736382e-9,-2.1162339922270027e-8
-1.76,8.059149660025201e-9,-2.1415070754069413e-8
-1.759,8.189821830107474e-9,-2.1670759116464607e-8
-1.758,8.322526641788575e-9,-2.1929438606975526e-8
-1.757,8.45729477027024e-9,-2.2191143187603828e-8
-1.756,8.59415734257388e-9,-2.245590718848726e-8
-1.755,8.733145944054632e-9,-2.2723765311585186e-8
-1.754,8.874292625007382e-9,-2.2994752634395456e-8
-1.753,9.017629907366053e-9,-2.326890461370278e-8
-1.752,9.163190791497424e-9,-2.354625708935874e-8
-1.751,9.311008763090795e-9,-2.382684628809363e-8
-1.75,9.461117800144822e-9,-2.411070882736024e-8
-1.749,9.613552380052853e-9,-2.4397881719209746e-8
-1.748,9.768347486788132e-9,-2.468840237419986e-8
-1.747,9.925538618190242e-9,-2.4982308605335395e-8
-1.746,1.0085161793354179e-8,-2.5279638632041353e-8
-1.745,1.0247253560123478e-8,-2.5580431084168708e-8
-1.744,1.0411851002688811e-8,-2.5884725006033014e-8
-1.743,1.0578991749293526e-8,-2.619255986048598e-8
-1.742,1.0748713980047577e-8,-2.6503975533020134e-8
-1.741,1.092105643485135e-8,-2.6819012335906702e-8
-1.74,1.1096058421430884e-8,-2.7137711012366848e-8
-1.739,1.1273759823486038e-8,-2.7460112740776405e-8
-1.738,1.1454201108953122e-8,-2.7786259138904173e-8
-1.737,1.1637423338383599e-8,-2.8116192268183975e-8
-1.736,1.1823468173440413e-8,-2.844995463802051e-8
-1.735,1.20123778855136e-8,-2.878758921012918e-8
-1.734,1.2204195364456776e-8,-2.912913940290996e-8
-1.733,1.2398964127446188e-8,-2.9474649095855415e-8
-1.732,1.2596728327963983e-8,-2.9824162633993006e-8
-1.731,1.2797532764907431e-8,-3.0177724832361746e-8
-1.73,1.3001422891825779e-8,-3.053538098052328e-8
-1.729,1.3208444826286524e-8,-3.089717684710754e-8
-1.728,1.3418645359372859e-8,-3.126315868439304e-8
-1.727,1.363207196531408e-8,-3.1633373232921804e-8
-1.726,1.384877281125077e-8,-3.200786772614918e-8
-1.725,1.4068796767136642e-8,-3.238668989512844e-8
-1.724,1.4292193415778821e-8,-3.27698879732303e-8
-1.723,1.4519013063018563e-8,-3.315751070089747e-8
-1.722,1.4749306748054226e-8,-3.354960733043422e-8
-1.721,1.4983126253908518e-8,-3.394622763083103e-8
-1.72,1.5220524118041918e-8,-3.434742189262438e-8
-1.719,1.546155364311432e-8,-3.475324093279174e-8
-1.718,1.5706268907896895e-8,-3.516373609968176e-8
-1.717,1.5954724778336184e-8,-3.557895927797968e-8
-1.716,1.620697691877257e-8,-3.5998962893708054e-8
-1.715,1.646308180331516e-8,-3.642379991926271e-8
-1.714,1.6723096727375238e-8,-3.685352387848404e-8
-1.713,1.698707981936044e-8,-3.7288188851763543e-8
-1.712,1.7255090052531832e-8,-3.77278494811857e-8
-1.711,1.7527187257026095e-8,-3.817256097570509e-8
-1.71,1.7803432132045094e-8,-3.862237911635883e-8
-1.709,1.8083886258215054e-8,-3.907736026151416e-8
-1.708,1.836861211011767e-8,-3.953756135215134e-8
-1.707,1.8657673068995505e-8,-4.000303991718165e-8
-1.706,1.8951133435633976e-8,-4.047385407880047e-8
-1.705,1.9249058443422394e-8,-4.095006255787555e-8
-1.704,1.9551514271596432e-8,-4.143172467937012e-8
-1.703,1.9858568058664493e-8,-4.191890037780103e-8
-1.702,2.017028791602047e-8,-4.2411650202731675e-8
-1.701,2.048674294174541e-8,-4.291003532429969e-8
-1.7,2.0808003234600652e-8,-4.341411753877929e-8
-1.699,2.1134139908215024e-8,-4.392395927417812e-8
-1.698,2.146522510546867e-8,-4.4439623595868536e-8
-1.697,2.1801332013076264e-8,-4.4961174212253166e-8
-1.696,2.2142534876372202e-8,-4.548867548046461e-8
-1.695,2.248890901430055e-8,-4.602219241209914e-8
-1.694,2.2840530834612498e-8,-4.656179067898419e-8
-1.693,2.3197477849274106e-8,-4.710753661897952e-8
-1.692,2.35598286900872e-8,-4.7659497241811885e-8
-1.691,2.3927663124526257e-8,-4.821774023494286e-8
-1.69,2.4301062071794202e-8,-4.878233396946985e-8
-1.689,2.4680107619100068e-8,-4.935334750605986e-8
-1.688,2.50648830381615e-8,-4.993085060091588e-8
-1.687,2.5455472801935094e-8,-5.051491371177563e-8
-1.686,2.5851962601577685e-8,-5.110560800394238e-8
-1.685,2.625443936364165e-8,-5.170300535634763e-8
-1.684,2.6662991267507364e-8,-5.230717836764526e-8
-1.683,2.7077707763056008e-8,-5.291820036233695e-8
-1.682,2.749867958858595e-8,-5.3536145396928494e-8
-1.681,2.792599878897595e-8,-5.416108826611669e-8
-1.68,2.8359758734098494e-8,-5.479310450900643e-8
-1.679,2.880005413748663e-8,-5.543227041535773e-8
-1.678,2.924698107525768e-8,-5.6078663031862134e-8
-1.677,2.9700637005297254e-8,-5.673236016844832e-8
-1.676,3.0161120786707075e-8,-5.7393440404616294e-8
-1.675,3.06285326995201e-8,-5.806198309579987e-8
-1.674,3.110297446468656e-8,-5.873806837975694e-8
-1.673,3.1584549264334485e-8,-5.942177718298706e-8
-1.672,3.2073361762308395e-8,-6.011319122717593e-8
-1.671,3.256951812498988e-8,-6.081239303566611e-8
-1.67,3.30731260424038e-8,-6.151946593995371e-8
-1.669,3.358429474961393e-8,-6.223449408621022e-8
-1.668,3.41031350484119e-8,-6.295756244182914e-8
-1.667,3.462975932930335e-8,-6.368875680199665e-8
-1.666,3.5164281593795146e-8,-6.442816379628595e-8
-1.665,3.5706817476987885e-8,-6.517587089527438e-8
-1.664,3.625748427047748e-8,-6.593196641718278e-8
-1.663,3.6816400945570135e-8,-6.669653953453655e-8
-1.662,3.738368817681475e-8,-6.746968028084755e-8
-1.661,3.7959468365857015e-8,-6.825147955731602e-8
-1.66,3.854386566561945e-8,-6.90420291395522e-8
-1.659,3.9137006004811746e-8,-6.98414216843164e-8
-1.658,3.9739017112775665e-8,-7.064975073627698e-8
-1.657,4.0350028544669075e-8,-7.146711073478547e-8
-1.656,4.0970171706993527e-8,-7.229359702066781e-8
-1.655,4.159957988346989e-8,-7.312930584303096e-8
-1.654,4.223838826126675e-8,-7.397433436608395e-8
-1.653,4.288673395758607e-8,-7.482878067597244e-8
-1.652,4.3544756046611e-8,-7.569274378762582e-8
-1.651,4.4212595586820495e-8,-7.656632365161595e-8
-1.65,4.4890395648675636e-8,-7.744962116102635e-8
-1.649,4.557830134268249e-8,-7.834273815833103e-8
-1.648,4.6276459847836564e-8,-7.924577744228166e-8
-1.647,4.6985020440453764e-8,-8.015884277480213e-8
-1.646,4.7704134523393065e-8,-8.108203888788924e-8
-1.645,4.8433955655675894e-8,-8.201547149051851e-8
-1.644,4.9174639582507605e-8,-8.295924727555367e-8
-1.643,4.992634426570615e-8,-8.391347392665881e-8
-1.642,5.068922991454347e-8,-8.487826012521179e-8
-1.641,5.146345901700486e-8,-8.585371555721759e-8
-1.64,5.224919637147187e-8,-8.683995092022035e-8
-1.639,5.304660911883429e-8,-8.783707793021257e-8
-1.638,5.3855866775036814e-8,-8.884520932854018e-8
-1.637,5.467714126406605e-8,-8.986445888880189e-8
-1.636,5.5510606951383694e-8,-9.089494142374139e-8
-1.635,5.6356440677811626e-8,-9.19367727921309e-8
-1.634,5.721482179387491e-8,-9.299006990564425e-8
-1.633,5.808593219460856e-8,-9.405495073571824e-8
-1.632,5.8969956354834255e-8,-9.513153432040019e-8
-1.631,5.986708136491302e-8,-9.621994077118026e-8
-1.63,6.077749696698015e-8,-9.732029127980666e-8
-1.629,6.170139559166854e-8,-9.843270812508189e-8
-1.628,6.263897239532694e-8,-9.955731467963826e-8
-1.627,6.359042529773944e-8,-1.0069423541669073e-7
-1.626,6.455595502035273e-8,-1.0184359591676506e-7
-1.625,6.553576512501769e-8,-1.030055228743994e-7
-1.624,6.653006205325217e-8,-1.0418014410481707e-7
-1.623,6.753905516603138e-8,-1.0536758855056864e-7
-1.622,6.856295678411304e-8,-1.0656798628814091e-7
-1.621,6.960198222890405e-8,-1.0778146853453082e-7
-1.62,7.065634986387578e-8,-1.090081676537818e-7
-1.619,7.172628113653486e-8,-1.1024821716348038e-7
-1.618,7.281200062095701e-8,-1.1150175174121053e-7
-1.617,7.39137360608909e-8,-1.1276890723096348e-7
-1.616,7.503171841343933e-8,-1.1404982064950034e-7
-1.615,7.616618189332552e-8,-1.1534463019266494e-7
-1.614,7.731736401775176e-8,-1.1665347524164449e-7
-1.613,7.848550565185804e-8,-1.1797649636917512e-7
-1.612,7.967085105478862e-8,-1.1931383534568957e-7
-1.611,8.087364792637406e-8,-1.2066563514540438e-7
-1.61,8.209414745443684e-8,-1.2203203995234347e-7
-1.609,8.333260436272844e-8,-1.2341319516629537e-7
-1.608,8.458927695950612e-8,-1.2480924740870087e-7
-1.607,8.586442718675734e-8,-1.2622034452846796e-7
-1.606,8.715832067008045e-8,-1.2764663560771128e-7
-1.605,8.84712267692298e-8,-1.290882709674122e-7
-1.604,8.980341862933388e-8,-1.3054540217299688e-7
-1.603,9.115517323279499e-8,-1.3201818203982821e-7
-1.602,9.25267714518793e-8,-1.3350676463860887e-7
-1.601,9.3918498102006e-8,-1.3501130530069128e-7
-1.6,9.533064199574435e-8,-1.365319606232913e-7
-1.599,9.676349599752802e-8,-1.380688884746017e-7
-1.598,9.821735707909527e-8,-1.396222479988016e-7
-1.597,9.969252637566482e-8,-1.411921996209581e-7
-1.596,1.0118930924285629e-7,-1.4277890505181585e-7
-1.595,1.0270801531436488e-7,-1.4438252729247093e-7
-1.594,1.0424895856039989e-7,-1.4600323063892447e-7
-1.593,1.0581245734689656e-7,-1.4764118068651185e-7
-1.592,1.0739883449551123e-7,-1.4929654433420315e-7
-1.591,1.0900841734440973e-7,-1.5096948978877048e-7
-1.59,1.1064153780985876e-7,-1.526601865688176e-7
-1.589,1.1229853244863079e-7,-1.5436880550866687e-7
-1.588,1.1397974252123247e-7,-1.560955187620993e-7
-1.587,1.1568551405596703e-7,-1.5784049980594253e-7
-1.586,1.1741619791384121e-7,-1.5960392344350157e-7
-1.585,1.1917214985432723e-7,-1.6138596580782778e-7
-1.584,1.2095373060199072e-7,-1.6318680436482042e-7
-1.583,1.227613059139955e-7,-1.6500661791615555e-7
-1.582,1.245952466484958e-7,-1.668455866020371e-7
-1.581,1.2645592883392774e-7,-1.6870389190376438e-7
-1.58,1.2834373373921093e-7,-1.7058171664611026e-7
-1.579,1.3025904794487135e-7,-1.7247924499950465e-7
-1.578,1.3220226341509772e-7,-1.743966624820169e-7
-1.577,1.341737775707423e-7,-1.7633415596113146e-7
-1.576,1.3617399336327847e-7,-1.782919136553105e-7
-1.575,1.3820331934972667e-7,-1.8027012513533717e-7
-1.574,1.4026216976856103e-7,-1.82268981325433e-7
-1.573,1.4235096461660854e-7,-1.8428867450414353e-7
-1.572,1.4447012972695352e-7,-1.863293983049841e-7
-1.571,1.4662009684785968e-7,-1.8839134771684078e-7
-1.57,1.488013037227224e-7,-1.9047471908411773e-7
-1.569,1.510141941710638e-7,-1.9257971010662525e-7
-1.568,1.5325921817058426e-7,-1.9470651983920017e-7
-1.567,1.5553683194028235e-7,-1.9685534869105193e-7
-1.566,1.578474980246573e-7,-1.990263984248265e-7
-1.565,1.6019168537900715e-7,-2.0121987215538013e-7
-1.564,1.6256986945583568e-7,-2.0343597434825565e-7
-1.563,1.6498253229238244e-7,-2.0567491081785251e-7
-1.562,1.67430162599289e-7,-2.079368887252832e-7
-1.561,1.6991325585041633e-7,-2.1022211657590669e-7
-1.56,1.7243231437382623e-7,-2.1253080421653123e-7
-1.559,1.7498784744394228e-7,-2.1486316283227725e-7
-1.558,1.7758037137490406e-7,-2.1721940494309142e-7
-1.557,1.8021040961512935e-7,-2.195997443999031e-7
-1.556,1.828784928430994e-7,-2.2200439638041368e-7
-1.555,1.8558515906438173e-7,-2.2443357738450921e-7
-1.554,1.8833095370990613e-7,-2.268875052292871e-7
-1.553,1.9111642973550854e-7,-2.2936639904368653e-7
-1.552,1.9394214772275872e-7,-2.3187047926271266e-7
-1.551,1.9680867598108712e-7,-2.3439996762124482e-7
-1.55,1.9971659065122673e-7,-2.3695508714741742e-7
-1.549,2.0266647580998592e-7,-2.395360621555636e-7
-1.548,2.0565892357636835e-7,-2.4214311823871035e-7
-1.547,2.086945342190563e-7,-2.447764822606141e-7
-1.546,2.1177391626527398e-7,-2.4743638234732565e-7
-1.545,2.148976866110471e-7,-2.5012304787827243e-7
-1.544,2.1806647063287628e-7,-2.5283670947684663e-7
-1.543,2.2128090230084048e-7,-2.555775990004874e-7
-1.542,2.2454162429314824e-7,-2.583459495302443e-7
-1.541,2.2784928811215394e-7,-2.6114199535981e-7
-1.54,2.312045542018567e-7,-2.639659719840092e-7
-1.539,2.3460809206689937e-7,-2.668181160867308e-7
-1.538,2.3806058039308643e-7,-2.696986655282907e-7
-1.537,2.4156270716943764e-7,-2.726078593322104e-7
-1.536,2.45115169811797e-7,-2.75545937671399e-7
-1.535,2.4871867528801516e-7,-2.7851314185372396e-7
-1.534,2.523739402447233e-7,-2.81509714306956e-7
-1.533,2.5608169113571865e-7,-2.8453589856307434e-7
-1.532,2.5984266435197983e-7,-2.875919392419168e-7
-1.531,2.6365760635333176e-7,-2.9067808203415966e-7
-1.53,2.6752727380177944e-7,-2.937945736836122e-7
-1.529,2.7145243369653075e-7,-2.9694166196880987e-7
-1.528,2.7543386351072737e-7,-3.001195956838901e-7
-1.527,2.7947235132990515e-7,-3.0332862461873426e-7
-1.526,2.8356869599220303e-7,-3.065689995383597e-7
-1.525,2.877237072303422e-7,-3.098409721615438e-7
-1.524,2.9193820581539516e-7,-3.131447951386639e-7
-1.523,2.9621302370236696e-7,-3.1648072202873465e-7
-1.522,3.005490041776083e-7,-3.1984900727562515e-7
-1.521,3.0494700200808336e-7,-3.232499061834374e-7
-1.52,3.0940788359251274e-7,-3.266836748910275e-7
-1.519,3.139325271144145e-7,-3.301505703456508e-7
-1.518,3.185218226970645e-7,-3.336508502757107e-7
-1.517,3.2317667256039833e-7,-3.3718477316259285e-7
-1.516,3.278979911798783e-7,-3.4075259821156313e-7
-1.515,3.326867054473469e-7,-3.4435458532171e-7
-1.514,3.3754375483389086e-7,-3.479909950549095e-7
-1.513,3.4247009155473795e-7,-3.516620886037923e-7
-1.512,3.474666807362107e-7,-3.5536812775869103e-7
-1.511,3.525345005847607e-7,-3.5910937487354497e-7
-1.51,3.5767454255810637e-7,-3.628860928307409e-7
-1.509,3.6288781153849954e-7,-3.6669854500486635e-7
-1.508,3.681753260081446e-7,-3.7054699522535174e-7
-1.507,3.735381182267944e-7,-3.7443170773797867e-7
-1.506,3.7897723441154874e-7,-3.7835294716522875e-7
-1.505,3.8449373491887915e-7,-3.8231097846544973e-7
-1.504,3.900886944289066e-7,-3.863060668908123e-7
-1.503,3.957632021319565e-7,-3.903384779440335e-7
-1.502,4.0151836191741773e-7,-3.9440847733383943e-7
-1.501,4.073552925649307e-7,-3.985163309291414e-7
-1.5,4.132751279379316e-7,-4.0266230471189834e-7
-1.499,4.192790171795789e-7,-4.0684666472863795e-7
-1.498,4.253681249110884e-7,-4.110696770406081e-7
-1.497,4.3154363143250514e-7,-4.1533160767253104e-7
-1.496,4.3780673292593754e-7,-4.1963272255992984e-7
-1.495,4.441586416612829e-7,-4.239732874949992e-7
-1.494,4.5060058620447093e-7,-4.283535680709884e-7
-1.493,4.57133811628254e-7,-4.327738296250681e-7
-1.492,4.6375957972557147e-7,-4.372343371796473e-7
-1.491,4.7047916922551756e-7,-4.4173535538211045e-7
-1.49,4.772938760119408e-7,-4.462771484429421e-7
-1.489,4.842050133447042e-7,-4.508599800722043e-7
-1.488,4.912139120836353e-7,-4.5548411341433606e-7
-1.487,4.983219209151961e-7,-4.6014981098123817e-7
-1.486,5.055304065819017e-7,-4.6485733458361e-7
-1.485,5.12840754114519e-7,-4.696069452605023e-7
-1.484,5.20254367067073e-7,-4.743989032070498e-7
-1.483,5.277726677546959e-7,-4.792334677003476e-7
-1.482,5.353970974943443e-7,-4.84110897023433e-7
-1.481,5.431291168484195e-7,-4.890314483873355e-7
-1.48,5.509702058713211e-7,-4.939953778511557e-7
-1.479,5.589218643589638e-7,-4.990029402401341e-7
-1.478,5.669856121012925e-7,-5.040543890616695e-7
-1.477,5.751629891378239e-7,-5.091499764192456e-7
-1.476,5.834555560162506e-7,-5.142899529242254e-7
-1.475,5.918648940541375e-7,-5.1947456760547e-7
-1.474,6.003926056037444e-7,-5.247040678167395e-7
-1.473,6.090403143200087e-7,-5.299786991418313e-7
-1.472,6.178096654317197e-7,-5.352987052974118e-7
-1.471,6.267023260159202e-7,-5.406643280334967e-7
-1.47,6.35719985275567e-7,-5.46075807031532e-7
-1.469,6.44864354820487e-7,-5.515333798000302e-7
-1.468,6.541371689516608e-7,-5.570372815677133e-7
-1.467,6.635401849488707e-7,-5.625877451741135e-7
-1.466,6.730751833617456e-7,-5.681850009575831e-7
-1.465,6.827439683042404e-7,-5.738292766406622e-7
-1.464,6.925483677525837e-7,-5.795207972127529e-7
-1.463,7.024902338467299e-7,-5.852597848100494e-7
-1.462,7.125714431953514e-7,-5.910464585926672e-7
-1.461,7.227938971844084e-7,-5.968810346189224e-7
-1.46,7.331595222893301e-7,-6.027637257167021e-7
-1.459,7.436702703908469e-7,-6.086947413518713e-7
-1.458,7.543281190945083e-7,-6.146742874936595e-7
-1.457,7.651350720539253e-7,-6.207025664769694e-7
-1.456,7.760931592977729e-7,-6.267797768615476e-7
-1.455,7.872044375605921e-7,-6.329061132879589e-7
-1.454,7.98470990617429e-7,-6.390817663303017e-7
-1.453,8.098949296223476e-7,-6.453069223456036e-7
-1.452,8.214783934508569e-7,-6.515817633198333e-7
-1.451,8.332235490462891e-7,-6.579064667104655e-7
-1.45,8.451325917701692e-7,-6.64281205285532e-7
-1.449,8.572077457566136e-7,-6.707061469590946e-7
-1.448,8.694512642707986e-7,-6.771814546230705e-7
-1.447,8.818654300715367e-7,-6.837072859753416e-7
-1.446,8.944525557780021e-7,-6.902837933440795e-7
-1.445,9.072149842406438e-7,-6.969111235082123e-7
-1.444,9.201550889163278e-7,-7.035894175139641e-7
-1.443,9.332752742477481e-7,-7.1031881048739e-7
-1.442,9.465779760471476e-7,-7.17099431442835e-7
-1.441,9.600656618843881e-7,-7.239314030872392e-7
-1.44,9.73740831479414e-7,-7.308148416202112e-7
-1.439,9.876060170991469e-7,-7.377498565297931e-7
-1.438,1.0016637839588543e-6,-7.447365503838344e-7
-1.437,1.0159167306280351e-6,-7.517750186168956e-7
-1.436,1.0303674894408627e-6,-7.588653493125979e-7
-1.435,1.045018726911225e-6,-7.660076229813335e-7
-1.434,1.0598731441524096e-6,-7.732019123332537e-7
-1.433,1.0749334773014712e-6,-7.804482820464451e-7
-1.432,1.0902024979483243e-6,-7.877467885302063e-7
-1.431,1.105683013569608e-6,-7.950974796833353e-7
-1.43,1.121377867967359e-6,-8.025003946473362e-7
-1.429,1.1372899417125435e-6,-8.09955563554451e-7
-1.428,1.1534221525934833e-6,-8.174630072704224e-7
-1.427,1.1697774560692254e-6,-8.250227371318933e-7
-1.426,1.1863588457278955e-6,-8.326347546783405e-7
-1.425,1.203169353750079e-6,-8.40299051378448e-7
-1.424,1.2202120513772748e-6,-8.480156083508164e-7
-1.423,1.2374900493854627e-6,-8.557843960789048e-7
-1.422,1.2550064985638316e-6,-8.636053741201023e-7
-1.421,1.2727645901987095e-6,-8.714784908088222e-7
-1.42,1.2907675565627408e-6,-8.794036829535104e-7
-1.419,1.3090186714093542e-6,-8.873808755274586e-7
-1.418,1.3275212504725673e-6,-8.954099813533098e-7
-1.417,1.3462786519721682e-6,-9.03490900781144e-7
-1.416,1.3652942771243211e-6,-9.116235213600277e-7
-1.415,1.3845715706576413e-6,-9.198077175029091e-7
-1.414,1.4041140213347806e-6,-9.280433501447412e-7
-1.413,1.4239251624795685e-6,-9.363302663937111e-7
-1.412,1.444008572509755e-6,-9.446682991754516e-7
-1.411,1.4643678754753985e-6,-9.530572668701103e-7
-1.41,1.4850067416029413e-6,-9.61496972942149e-7
-1.409,1.5059288878450197e-6,-9.699872055627436e-7
-1.408,1.527138078436051e-6,-9.785277372246532e-7
-1.407,1.5486381254536423e-6,-9.871183243494246e-7
-1.406,1.5704328893858646e-6,-9.957587068867963e-7
-1.405,1.5925262797044372e-6,-1.0044486079061634e-6
-1.404,1.6149222554438647e-6,-1.0131877331799646e-6
-1.403,1.6376248257865727e-6,-1.0219757707588468e-6
-1.402,1.660638050654083e-6,-1.0308123905384616e-6
-1.401,1.6839660413042736e-6,-1.0396972438177517e-6
-1.4,1.7076129609347673e-6,-1.0486299628485693e-6
-1.399,1.7315830252924904e-6,-1.0576101603764806e-6
-1.398,1.7558805032894457e-6,-1.0666374291726003e-6
-1.397,1.7805097176247414e-6,-1.075711341556297e-6
-1.396,1.8054750454129208e-6,-1.0848314489086122e-6
-1.395,1.830780918818633e-6,-1.0939972811762295e-6
-1.394,1.8564318256976854e-6,-1.1032083463658283e-6
-1.393,1.8824323102445247e-6,-1.112464130028658e-6
-1.392,1.908786973646182e-6,-1.121764094735157e-6
-1.391,1.9355004747427274e-6,-1.1311076795394489e-6
-1.39,1.9625775306942723e-6,-1.1404942994335361e-6
-1.389,1.9900229176545634e-6,-1.1499233447910155e-6
-1.388,2.0178414714512006e-6,-1.1593941808001322e-6
-1.387,2.0460380882725312e-6,-1.1689061468859893e-6
-1.386,2.0746177253612446e-6,-1.1784585561217238e-6
-1.385,2.103585401714719e-6,-1.1880506946284612e-6
-1.384,2.132946198792152e-6,-1.1976818209638544e-6
-1.383,2.162705261228512e-6,-1.20735116549901e-6
-1.382,2.1928677975553535e-6,-1.2170579297836034e-6
-1.381,2.2234390809285235e-6,-1.226801285898979e-6
-1.38,2.254424449862807e-6,-1.2365803757990327e-6
-1.379,2.2858293089735367e-6,-1.246394310638662e-6
-1.378,2.3176591297252065e-6,-1.2562421700895793e-6
-1.377,2.349919451187123e-6,-1.2661230016432643e-6
-1.376,2.3826158807961274e-6,-1.2760358199008422e-6
-1.375,2.4157540951264195e-6,-1.2859796058496635e-6
-1.374,2.4493398406665197e-6,-1.2959533061263589e-6
-1.373,2.483378934603395e-6,-1.3059558322661398e-6
-1.372,2.5178772656137826e-6,-1.3159860599381111e-6
-1.371,2.552840794662738e-6,-1.3260428281663617e-6
-1.37,2.5882755558094427e-6,-1.3361249385365884e-6
-1.369,2.6241876570202875e-6,-1.3462311543880119e-6
-1.368,2.660583280989271e-6,-1.3563601999903352e-6
-1.367,2.6974686859657254e-6,-1.3665107597054945e-6
-1.366,2.734850206589409e-6,-1.3766814771339436e-6
-1.365,2.7727342547329767e-6,-1.3868709542452155e-6
-1.364,2.811127320351853e-6,-1.397077750492494e-6
-1.363,2.8500359723415375e-6,-1.4073003819109317e-6
-1.362,2.889466859402349e-6,-1.4175373201994363e-6
-1.361,2.929426710911638e-6,-1.4277869917856549e-6
-1.36,2.96992233780348e-6,-1.4380477768738739e-6
-1.359,3.0109606334558662e-6,-1.4483180084755466e-6
-1.358,3.0525485745854038e-6,-1.4585959714221644e-6
-1.357,3.094693222149545e-6,-1.4688799013601744e-6
-1.356,3.137401722256351e-6,-1.4791679837276462e-6
-1.355,3.1806813070818013e-6,-1.489458352712387e-6
-1.354,3.2245392957946593e-6,-1.499749090191194e-6
-1.353,3.2689830954889e-6,-1.5100382246499378e-6
-1.352,3.314020202123702e-6,-1.5203237300841531e-6
-1.351,3.3596582014710122e-6,-1.530603524879821e-6
-1.35,3.4059047700706786e-6,-1.5408754706740153e-6
-1.349,3.4527676761931547e-6,-1.551137371195078e-6
-1.348,3.5002547808097746e-6,-1.5613869710819928e-6
-1.347,3.5483740385705866e-6,-1.5716219546826126e-6
-1.346,3.597133498789747e-6,-1.581839944830392e-6
-1.345,3.646541306438461e-6,-1.5920385015992802e-6
-1.344,3.6966057031454618e-6,-1.6022151210364097e-6
-1.343,3.74733502820501e-6,-1.6123672338722219e-6
-1.342,3.798737719592406e-6,-1.622492204207663e-6
-1.341,3.850822314986986e-6,-1.6325873281780747e-6
-1.34,3.903597452802597e-6,-1.642649832593401e-6
-1.339,3.957071873225504e-6,-1.6526768735543288e-6
-1.338,4.0112544192597325e-6,-1.6626655350439688e-6
-1.337,4.066154037779793e-6,-1.6726128274946847e-6
-1.336,4.12177978059077e-6,-1.6825156863296647e-6
-1.335,4.178140805495731e-6,-1.6923709704788303e-6
-1.334,4.235246377370436e-6,-1.7021754608686682e-6
-1.333,4.2931058692452826e-6,-1.7119258588855648e-6
-1.332,4.351728763394466e-6,-1.7216187848122162e-6
-1.331,4.411124652432288e-6,-1.7312507762366858e-6
-1.33,4.471303240416585e-6,-1.7408182864336637e-6
-1.329,4.532274343959198e-6,-1.7503176827174896e-6
-1.328,4.59404789334345e-6,-1.7597452447664844e-6
-1.327,4.656633933648555e-6,-1.7690971629181316e-6
-1.326,4.7200426258808995e-6,-1.7783695364346467e-6
-1.325,4.78428424811213e-6,-1.7875583717384598e-6
-1.324,4.8493691966239695e-6,-1.7966595806171342e-6
-1.323,4.91530798705969e-6,-1.8056689783972392e-6
-1.322,4.982111255582161e-6,-1.8145822820866767e-6
-1.321,5.049789760038384e-6,-1.823395108484971e-6
-1.32,5.118354381130436e-6,-1.8321029722610102e-6
-1.319,5.1878161235927095e-6,-1.840701283997725e-6
-1.318,5.258186117375368e-6,-1.849185348203189e-6
-1.317,5.329475618833907e-6,-1.857550361287603e-6
-1.316,5.401696011924711e-6,-1.865791409505638e-6
-1.315,5.474858809406496e-6,-1.873903466863583e-6
-1.314,5.548975654047515e-6,-1.8818813929907518e-6
-1.313,5.624058319838415e-6,-1.8897199309745908e-6
-1.312,5.700118713210602e-6,-1.8974137051589139e-6
-1.311,5.777168874259984e-6,-1.9049572189046973e-6
-1.31,5.855220977975962e-6,-1.9123448523128444e-6
-1.309,5.934287335475505e-6,-1.9195708599083332e-6
-1.308,6.014380395242181e-6,-1.926629368285148e-6
-1.307,6.09551274436995e-6,-1.933514373711377e-6
-1.306,6.177697109811602e-6,-1.9402197396938773e-6
-1.305,6.260946359631622e-6,-1.9467391945018632e-6
-1.304,6.345273504263338e-6,-1.9530663286487974e-6
-1.303,6.430691697770153e-6,-1.959194592331934e-6
-1.302,6.517214239110667e-6,-1.96511729282887e-6
-1.301,6.604854573407505e-6,-1.970827591850436e-6
-1.3,6.693626293219629e-6,-1.976318502849263e-6
-1.299,6.783543139817923e-6,-1.981582888283346e-6
-1.298,6.87461900446385e-6,-1.986613456833912e-6
-1.297,6.966867929690918e-6,-1.991402760576899e-6
-1.296,7.060304110588751e-6,-1.995943192107343e-6
-1.295,7.154941896089495e-6,-2.0002269816159453e-6
-1.294,7.2507957902563175e-6,-2.004246193917105e-6
-1.293,7.34788045357374e-6,-2.007992725427676e-6
-1.292,7.446210704239525e-6,-2.0114583010957045e-6
-1.291,7.545801519457832e-6,-2.0146344712783883e-6
-1.29,7.646668036733376e-6,-2.017512608568497e-6
-1.289,7.748825555166256e-6,-2.020083904568472e-6
-1.288,7.852289536747171e-6,-2.022339366611425e-6
-1.287,7.957075607652697e-6,-2.0242698144282343e-6
-1.286,8.06319955954028e-6,-2.025865876759932e-6
-1.285,8.17067735084263e-6,-2.027117987914569e-6
-1.284,8.279525108061149e-6,-2.0280163842677234e-6
-1.283,8.38975912705803e-6,-2.0285511007058148e-6
-1.282,8.501395874346666e-6,-2.028711967011376e-6
-1.281,8.614451988379967e-6,-2.0284886041894206e-6
-1.28,8.728944280836214e-6,-2.027870420734029e-6
-1.279,8.844889737902e-6,-2.026846608834277e-6
-1.278,8.96230552155189e-6,-2.0254061405186048e-6
-1.277,9.081208970824318e-6,-2.0235377637367243e-6
-1.276,9.201617603093301e-6,-2.021229998378145e-6
-1.275,9.323549115335512e-6,-2.018471132226387e-6
-1.274,9.447021385392204e-6,-2.0152492168479427e-6
-1.273,9.572052473225564e-6,-2.011552063415032e-6
-1.272,9.698660622168912e-6,-2.007367238461183e-6
-1.271,9.826864260170297e-6,-2.0026820595686684e-6
-1.27,9.956682001028931e-6,-1.9974835909867937e-6
-1.269,1.0088132645623905e-5,-1.9917586391800548e-6
-1.268,1.0221235183134644e-5,-1.9854937483051284e-6
-1.267,1.0356008792252524e-5,-1.978675195615688e-6
-1.266,1.0492472842383026e-5,-1.971288986793991e-6
-1.265,1.063064689483787e-5,-1.9633208512081938e-6
-1.264,1.0770550704016436e-5,-1.954756237094324e-6
-1.263,1.0912204218575898e-5,-1.9455803066618372e-6
-1.262,1.105562758258933e-5,-1.935777931121659e-6
-1.261,1.1200841136691185e-5,-1.925333685635619e-6
-1.26,1.1347865419209377e-5,-1.9142318441861475e-6
-1.259,1.1496721167283285e-5,-1.9024563743651143e-6
-1.258,1.1647429317966941e-5,-1.8899909320806596e-6
-1.257,1.1800011009316624e-5,-1.8768188561808601e-6
-1.256,1.1954487581462096e-5,-1.8629231629930618e-6
-1.255,1.2110880577660676e-5,-1.8482865407776915e-6
-1.254,1.2269211745333345e-5,-1.8328913440953507e-6
-1.253,1.242950303708201e-5,-1.816719588085978e-6
-1.252,1.25917766116871e-5,-1.7997529426588547e-6
-1.251,1.2756054835084572e-5,-1.7819727265922133e-6
-1.25,1.2922360281321443e-5,-1.7633599015411927e-6
-1.249,1.3090715733488908e-5,-1.7438950659528754e-6
-1.248,1.3261144184632072e-5,-1.7235584488871185e-6
-1.247,1.343366883863534e-5,-1.7023299037418884e-6
-1.246,1.3608313111082425e-5,-1.6801889018817792e-6
-1.245,1.3785100630089972e-5,-1.6571145261683986e-6
-1.244,1.3964055237113725e-5,-1.6330854643912721e-6
-1.243,1.4145200987726134e-5,-1.6080800025979172e-6
-1.242,1.4328562152364322e-5,-1.5820760183217134e-6
-1.241,1.4514163217047242e-5,-1.5550509737061875e-6
-1.24,1.4702028884060868e-5,-1.5269819085243136e-6
-1.239,1.4892184072610204e-5,-1.4978454330914125e-6
-1.238,1.5084653919436918e-5,-1.467617721070226e-6
-1.237,1.527946377940128e-5,-1.436274502166719e-6
-1.236,1.5476639226027174e-5,-1.4037910547151537e-6
-1.235,1.5676206052008826e-5,-1.3701421981509612e-6
-1.234,1.5878190269677898e-5,-1.3353022853699235e-6
-1.233,1.6082618111429563e-5,-1.2992451949721622e-6
-1.232,1.6289516030106134e-5,-1.2619443233894152e-6
-1.231,1.6498910699336794e-5,-1.2233725768940726e-6
-1.23,1.6710829013831945e-5,-1.1835023634884153e-6
-1.229,1.692529808963059e-5,-1.142305584672503e-6
-1.228,1.714234526429929e-5,-1.0997536270891272e-6
-1.227,1.7361998097080972e-5,-1.0558173540442375e-6
-1.226,1.758428436899203e-5,-1.0104670969012348e-6
-1.225,1.7809232082866022e-5,-9.636726463475055e-7
-1.224,1.8036869463342196e-5,-9.154032435315635e-7
-1.223,1.8267224956797147e-5,-8.656275710691422e-7
-1.222,1.8500327231217772e-5,-8.143137439165704e-7
-1.221,1.8736205176013652e-5,-7.614293001097523e-7
-1.22,1.8974887901767042e-5,-7.069411913670509e-7
-1.219,1.9216404739918444e-5,-6.508157735543644e-7
-1.218,1.946078524238586e-5,-5.930187970106698e-7
-1.217,1.970805918111568e-5,-5.335153967322906e-7
-1.216,1.9958256547563088e-5,-4.7227008241413554e-7
-1.215,2.0211407552099934e-5,-4.0924672834613734e-7
-1.214,2.046754262334787e-5,-3.444085631631067e-7
-1.213,2.072669240743452e-5,-2.777181594462049e-7
-1.212,2.098888776717042e-5,-2.09137423174222e-7
-1.211,2.125415978114445e-5,-1.386275830228347e-7
-1.21,2.1522539742735306e-5,-6.614917951000431e-8
-1.209,2.1794059159036633e-5,8.33794601433853e-9
-1.208,2.2068749749693336e-5,8.48746625361889e-8
-1.207,2.2346643445646512e-5,1.6350256070482225e-7
-1.206,2.26277723877844e-5,2.4426396432150144e-7
-1.205,2.2912168925496695e-5,3.272019419914417e-7
-1.204,2.3199865615129542e-5,4.1236031894095186e-7
-1.203,2.349089521833838e-5,4.997836890016818e-7
-1.202,2.3785290700335816e-5,5.895174267639192e-7
-1.201,2.4083085228031656e-5,6.816076999008901e-7
-1.2,2.4384312168062086e-5,7.761014816660275e-7
-1.199,2.4689005084704952e-5,8.730465635651877e-7
-1.198,2.4997197737678128e-5,9.724915682058008e-7
-1.197,2.5308924079817666e-5,1.0744859623249538e-6
-1.196,2.5624218254632636e-5,1.1790800699984162e-6
-1.195,2.5943114593733207e-5,1.2863250860326258e-6
-1.194,2.6265647614128672e-5,1.3962730895416655e-6
-1.193,2.6591852015391955e-5,1.508977057711264e-6
-1.192,2.6921762676686998e-5,1.6244908797518708e-6
-1.191,2.72554146536555e-5,1.7428693710428605e-6
-1.19,2.7592843175159267e-5,1.8641682874699217e-6
-1.189,2.7934083639874405e-5,1.9884443399577096e-6
-1.188,2.827917161273353e-5,2.1157552091998314e-6
-1.187,2.8628142821212042e-5,2.2461595605882517e-6
-1.186,2.8981033151454434e-5,2.379717059344203e-6
-1.185,2.9337878644236552e-5,2.516488385852698e-6
-1.184,2.9698715490759585e-5,2.6565352512027403e-6
-1.183,3.006358002827154e-5,2.7999204129353344e-6
-1.182,3.0432508735511758e-5,2.9467076910014066e-6
-1.181,3.0805538227974085e-5,3.096961983931736e-6
-1.18,3.1182705252984044e-5,3.2507492852210117e-6
-1.179,3.156404668458546e-5,3.408136699928132e-6
-1.178,3.194959951823162e-5,3.5691924614948436e-6
-1.177,3.233940086527625e-5,3.733985948784848e-6
-1.176,3.273348794725932e-5,3.902587703345476e-6
-1.175,3.313189808998247e-5,4.0750694468940395e-6
-1.174,3.353466871736911e-5,4.251504099030974e-6
-1.173,3.394183734510369e-5,4.431965795181861e-6
-1.172,3.435344157404492e-5,4.616529904770441e-6
-1.171,3.47695190834073e-5,4.805273049624695e-6
-1.17,3.5190107623705426e-5,4.998273122618092e-6
-1.169,3.561524500945528e-5,5.195609306548074e-6
-1.168,3.60449691116267e-5,5.397362093253832e-6
-1.167,3.6479317849840965e-5,5.603613302975468e-6
-1.166,3.6918329184307486e-5,5.814446103956542e-6
-1.165,3.7362041107493324e-5,6.02994503229208e-6
-1.164,3.781049163551918e-5,6.25019601202403e-6
-1.163,3.826371879927536e-5,6.4752863754861985e-6
-1.162,3.872176063525114e-5,6.705304883900638e-6
-1.161,3.918465517607073e-5,6.940341748227461e-6
-1.16,3.965244044072892e-5,7.180488650270032e-6
-1.159,4.0125154424519504e-5,7.425838764037473e-6
-1.158,4.0602835088649106e-5,7.676486777366385e-6
-1.157,4.1085520349529236e-5,7.93252891380366e-6
-1.156,4.15732480677391e-5,8.194062954752275e-6
-1.155,4.2066056036651393e-5,8.461188261881849e-6
-1.154,4.256398197071355e-5,8.734005799805804e-6
-1.153,4.3067063493376226e-5,9.0126181590269e-6
-1.152,4.357533812466119e-5,9.297129579152837e-6
-1.151,4.40888432683602e-5,9.587645972383689e-6
-1.15,4.460761619885648e-5,9.884274947272778e-6
-1.149,4.513169404756029e-5,1.018712583276266e-5
-1.148,4.56611137889497e-5,1.049630970249777e-5
-1.147,4.6195912226207774e-5,1.0811939399415287e-5
-1.146,4.673612597644694e-5,1.1134129560615715e-5
-1.145,4.728179145551131e-5,1.1462996642514612e-5
-1.144,4.7832944862347514e-5,1.1798658946276875e-5
-1.143,4.8389622162934304e-5,1.2141236643534913e-5
-1.142,4.895185907376115e-5,1.2490851802392004e-5
-1.141,4.951969104484575e-5,1.2847628413712052e-5
-1.14,5.0093153242280244e-5,1.3211692417696918e-5
-1.139,5.067228053029564e-5,1.3583171730752411e-5
-1.138,5.1257107452833904e-5,1.3962196272643999e-5
-1.137,5.184766821461676e-5,1.434889799394316e-5
-1.136,5.244399666170019e-5,1.474341090376531e-5
-1.135,5.3046126261503416e-5,1.5145871097800075e-5
-1.134,5.3654090082300755e-5,1.5556416786634663e-5
-1.133,5.42679207721647e-5,1.5975188324370975e-5
-1.132,5.488765053734835e-5,1.6402328237537014e-5
-1.131,5.551331112009485e-5,1.683798125429304e-5
-1.13,5.614493377586169e-5,1.7282294333932893e-5
-1.129,5.6782549249946915e-5,1.7735416696680686e-5
-1.128,5.7426187753504694e-5,1.8197499853783092e-5
-1.127,5.807587893893684e-5,1.866869763789727e-5
-1.126,5.873165187464714e-5,1.9149166233774364e-5
-1.125,5.9393535019144695e-5,1.963906420923841e-5
-1.124,6.0061556194482465e-5,2.01385525464604e-5
-1.123,6.0735742559016914e-5,2.0647794673527043e-5
-1.122,6.141612057947422e-5,2.1166956496303677e-5
-1.121,6.210271600230853e-5,2.1696206430590717e-5
-1.12,6.279555382433715e-5,2.2235715434572712e-5
-1.119,6.349465826263753e-5,2.2785657041559146e-5
-1.118,6.420005272369047e-5,2.33462073930158e-5
-1.117,6.491175977175391e-5,2.3917545271885412e-5
-1.116,6.562980109645076e-5,2.4499852136196214e-5
-1.115,6.635419747955504e-5,2.5093312152956714e-5
-1.114,6.708496876095893e-5,2.5698112232334937e-5
-1.113,6.78221338038043e-5,2.6314442062120195e-5
-1.112,6.856571045876101e-5,2.694249414246517e-5
-1.111,6.931571552743453e-5,2.7582463820906024e-5
-1.11,7.007216472488486e-5,2.823454932765793e-5
-1.109,7.08350726412385e-5,2.8898951811183313e-5
-1.108,7.160445270237487e-5,2.9575875374029764e-5
-1.107,7.238031712966797e-5,3.0265527108934492e-5
-1.106,7.31626768987645e-5,3.096811713519183e-5
-1.105,7.395154169737828e-5,3.168385863528012e-5
-1.104,7.474691988208121e-5,3.241296789174411e-5
-1.103,7.554881843407042e-5,3.315566432432862e-5
-1.102,7.635724291389079e-5,3.391217052735907e-5
-1.101,7.717219741509183e-5,3.4682712307364125e-5
-1.1,7.799368451679749e-5,3.54675187209355e-5
-1.099,7.882170523516682e-5,3.626682211281956e-5
-1.098,7.965625897372363e-5,3.70808581542352e-5
-1.097,8.049734347253214e-5,3.7909865881411994e-5
-1.096,8.134495475619584e-5,3.87540877343425e-5
-1.095,8.219908708065611e-5,3.9613769595742014e-5
-1.094,8.305973287876667e-5,4.048916083020898e-5
-1.093,8.392688270461964e-5,4.1380514323578674e-5
-1.092,8.480052517659865e-5,4.228808652246269e-5
-1.091,8.56806469191338e-5,4.3212137473965926e-5
-1.09,8.656723250313296e-5,4.415293086557301e-5
-1.089,8.746026438506338e-5,4.5110734065195057e-5
-1.088,8.835972284465749e-5,4.608581816136764e-5
-1.087,8.926558592121558e-5,4.707845800359038e-5
-1.086,9.017782934847846e-5,4.808893224279786e-5
-1.085,9.109642648804206e-5,4.9117523371951495e-5
-1.084,9.202134826128588e-5,5.016451776674113e-5
-1.083,9.29525630797864e-5,5.123020572638499e-5
-1.082,9.389003677418653e-5,5.2314881514515836e-5
-1.081,9.483373252149109e-5,5.34188434001408e-5
-1.08,9.578361077075837e-5,5.454239369866181e-5
-1.079,9.673962916715702e-5,5.5685838812942994e-5
-1.078,9.770174247435707e-5,5.6849489274410765e-5
-1.077,9.866990249522336e-5,5.803365978417184e-5
-1.076,9.964405799077934e-5,5.9238669254133765e-5
-1.075,0.00010062415459740828,6.046484084811189e-5
-1.074,0.00010161013474225873,6.171250202290618e-5
-1.073,0.00010260193755682044,6.29819845693304e-5
-1.072,0.00010359949878863651,6.42736246531758e-5
-1.071,0.00010460275071111655,6.558776285609034e-5
-1.07,0.00010561162203141583,6.692474421635434e-5
-1.069,0.00010662603779634405,6.828491826953185e-5
-1.068,0.00010764591929626752,6.966863908897735e-5
-1.067,0.00010867118396696719,7.107626532617545e-5
-1.066,0.00010970174528941532,7.25081602508914e-5
-1.065,0.00011073751268743197,7.396469179110866e-5
-1.064,0.00011177839142318293,7.544623257272954e-5
-1.063,0.0001128242824904792,7.695315995901338e-5
-1.062,0.0001138750825058382,7.848585608972635e-5
-1.061,0.00011493068359726592,8.004470791997578e-5
-1.06,0.00011599097329071883,8.163010725870088e-5
-1.059,0.00011705583439420345,8.324245080679078e-5
-1.058,0.0001181251448794713,8.488214019479999e-5
-1.057,0.00011919877776126593,8.65495820202297e-5
-1.056,0.00012027660097407827,8.824518788434326e-5
-1.055,0.00012135847724636601,8.996937442848171e-5
-1.054,0.0001224442639721918,9.17225633698455e-5
-1.053,0.00012353381308023478,9.350518153670598e-5
-1.052,0.00012462697090012884,9.53176609030103e-5
-1.051,0.00012572357802608108,9.716043862234088e-5
-1.05,0.0001268234691777223,9.903395706119009e-5
-1.049,0.0001279264730581418,0.00010093866383150942
-1.048,0.00012903241220905693,0.00010287501182249029
-1.047,0.00013014110286306858,0.00010484345923153337
-1.046,0.00013125235479295155,0.00010684446959436061
-1.045,0.00013236597115792956,0.00010887851181422362
-1.044,0.0001334817483468828,0.00011094606019015994
-1.043,0.0001345994758184362,0.00011304759444424732
-1.042,0.00013571893593787514,0.00011518359974780456
-1.041,0.00013683990381083543,0.00011735456674648537
-1.04,0.00013796214711371302,0.00011956099158421063
-1.039,0.00013908542592073854,0.00012180337592588195
-1.038,0.00014020949252766137,0.00012408222697881798
-1.037,0.00014133409127198686,0.00012639805751285307
-1.036,0.0001424589583497097,0.00012875138587903532
-1.035,0.00014358382162848633,0.0001311427360268601
-1.034,0.00014470840045718763,0.0001335726375199718
-1.033,0.0001458324054717736,0.00013604162555026563
-1.032,0.00014695553839743042,0.00013855024095031803
-1.031,0.0001480774918469096,0.0001410990302040729
-1.03,0.00014919794911500873,0.00014368854545570778
-1.029,0.00015031658396913268,0.00014631934451660224
-1.028,0.0001514330604358726,0.0001489919908703281
-1.027,0.0001525470325835414,0.00015170705367557852
-1.026,0.00015365814430060108,0.00015446510776695034
-1.025,0.00015476602906991987,0.00015726673365349154
-1.024,0.0001558703097387934,0.00016011251751492297
-1.023,0.00015697059828466645,0.00016300305119544033
-1.022,0.0001580664955764887,0.0001659389321949998
-1.021,0.00015915759113163994,0.00016892076365798754
-1.02,0.00016024346286835738,0.00017194915435917043
-1.019,0.00016132367685359864,0.00017502471868682156
-1.018,0.00016239778704627358,0.00017814807662291197
-1.017,0.00016346533503577658,0.00018131985372025526
-1.016,0.0001645258497757516,0.00018454068107648958
-1.015,0.00016557884731302182,0.0001878111953047769
-1.014,0.0001666238305116144,0.0001911320385010967
-1.013,0.0001676602887718118,0.00019450385820800667
-1.012,0.00016868769774416043,0.0001979273073747396
-1.011,0.0001697055190383661,0.00020140304431350177
-1.01,0.00017071319992700758,0.00020493173265183362
-1.009,0.00017171017304399737,0.00020851404128088933
-1.008,0.00017269585607772016,0.00021215064429948844
-1.007,0.00017366965145877838,0.00021584222095378662
-1.006,0.0001746309460422749,0.00021958945557240984
-1.005,0.0001755791107845623,0.00022339303749689012
-1.004,0.00017651350041438918,0.00022725366100723721
-1.003,0.00017743345309837282,0.0002311720252424746
-1.002,0.00017833829010072903,0.00023514883411596414
-1.001,0.00017922731543718916,0.00023918479622533762
-1.0,0.00018009981552303528,0.00024328062475684824
-0.999,0.000180955058815185,0.00024743703738394987
-0.998,0.00018179229544825712,0.00025165475615990593
-0.997,0.00018261075686455068,0.0002559345074042235
-0.996,0.00018340965543787028,0.0002602770215827027
-0.995,0.00018418818409113148,0.00026468303318088587
-0.994,0.00018494551590768032,0.0002691532805706823
-0.993,0.00018568080373626293,0.0002736885058699408
-0.992,0.00018639317978958155,0.00027828945479473294
-0.991,0.00018708175523637454,0.0002829568765041052
-0.99,0.0001877456197869592,0.00028769152343704866
-0.989,0.00018838384127217852,0.0002924941511414302
-0.988,0.00018899546521569256,0.0002973655180946188
-0.987,0.0001895795143995594,0.0003023063855155363
-0.986,0.0001901349884230501,0.00030731751716784944
-0.985,0.00019066086325464563,0.00031239967915401714
-0.984,0.00019115609077716538,0.0003175536396998934
-0.983,0.0001916195983259789,0.0003227801689295823
-0.982,0.00019205028822025575,0.00032808003863022805
-0.981,0.00019244703728721032,0.000333454022006419
-0.98,0.00019280869637930203,0.00033890289342386996
-0.979,0.00019313408988435378,0.0003444274281420421
-0.978,0.00019342201522855565,0.0003500284020353469
-0.977,0.00019367124237232365,0.00035570659130257137
-0.976,0.00019388051329898798,0.0003614627721641525
-0.975,0.00019404854149628853,0.000367297720546916
-0.974,0.0001941740114306603,0.0003732122117558852
-0.973,0.00019425557801429602,0.0003792070201327545
-0.972,0.00019429186606497787,0.00038528291870060927
-0.971,0.00019428146975867614,0.0003914406787944631
-0.97,0.00019422295207491733,0.00039768106967717163
-0.969,0.00019411484423493134,0.0004040048581402677
-0.968,0.0001939556451325927,0.0004104128080892523
-0.967,0.00019374382075817813,0.00041690568011286123
-0.966,0.0001934778036149699,0.0004234842310358136
-0.965,0.00019315599212874144,0.0004301492134545361
-0.964,0.00019277675005017052,0.00043690137525534113
-0.963,0.0001923384058502329,0.0004437414591145234
-0.962,0.00019183925210863962,0.0004506702019798248
-0.961,0.00019127754489538855,0.0004576883345327012
-0.96,0.00019065150314551374,0.00046479658063081075
-0.959,0.00018995930802712357,0.0004719956567301257
-0.958,0.00018919910230283298,0.0004792862712860549
-0.957,0.00018836898968470415,0.00048666912413294666
-0.956,0.000187467034182825,0.000494144905841324
-0.955,0.00018649125944766596,0.0005017142970521888
-0.954,0.00018543964810637125,0.000509377967787711
-0.953,0.00018431014109315414,0.0005171365767376022
-0.952,0.00018310063697398197,0.000524990770520456
-0.951,0.0001818089912657532,0.0005329411829193122
-0.95,0.0001804330157501851,0.0005409884340906923
-0.949,0.0001789704777826497,0.0005491331297463231
-0.948,0.0001774190995962147,0.0005573758603067544
-0.947,0.00017577655760116508,0.0005657172000260483
-0.946,0.00017404048168030397,0.0005741577060867038
-0.945,0.00017220845448035204,0.000582697917663952
-0.944,0.00017027801069978947,0.0005913383549585401
-0.943,0.00016824663637350778,0.0006000795181970999
-0.942,0.00016611176815466621,0.0006089218865991697
-0.941,0.00016387079259417347,0.0006178659173099215
-0.94,0.00016152104541824447,0.0006269120442976162
-0.939,0.00015905981080451264,0.0006360606772147927
-0.938,0.0001564843206572085,0.0006453122002221635
-0.937,0.00015379175388194975,0.0006546669707741745
-0.936,0.00015097923566072236,0.000664125318365157
-0.935,0.00014804383672766834,0.0006736875432349742
-0.934,0.00014498257264633545,0.0006833539150330425
-0.933,0.00014179240308908293,0.0006931246714395815
-0.932,0.00013847023111938092,0.0007030000167429192
-0.931,0.00013501290247778486,0.0007129801203716551
-0.93,0.00013141720487241235,0.0007230651153804586
-0.929,0.00012767986727480016,0.0007332550968882507
-0.928,0.00012379755922206824,0.0007435501204674956
-0.927,0.00011976689012637252,0.0007539502004832995
-0.926,0.00011558440859268429,0.0007644553083809892
-0.925,0.00011124660174599178,0.0007750653709208167
-0.924,0.00010674989456908246,0.0007857802683584121
-0.923,0.00010209064925212794,0.0007965998325695793
-0.922,9.726516455536156e-5,0.0008075238451180051
-0.921,9.226967518620903e-5,0.0008185520352644289
-0.92,8.710035119230637e-5,0.0008296840779157938
-0.919,8.175329737191702e-5,0.0008409195915128779
-0.918,7.622455270334049e-5,0.0008522581358548819
-0.917,7.051008979498952e-5,0.0008636992098594257
-0.916,6.460581435790141e-5,0.0008752422492563885
-0.915,5.850756470254077e-5,0.0008868866242140022
-0.914,5.22111112618484e-5,0.0008986316368955963
-0.913,4.571215614259059e-5,0.0009104765189453664
-0.912,3.900633270716937e-5,0.0009224204289015324
-0.911,3.2089205188163244e-5,0.0009344624495352288
-0.91,2.495626833798275e-5,0.0009466015851134652
-0.909,1.7602947116144703e-5,0.0009588367585844817
-0.908,1.002459641679341e-5,0.0009711668086838154
-0.907,2.2165008392270434e-6,0.0009835904869593926
-0.906,-5.8261254956774415e-6,0.0009961064547139554
-0.905,-1.4108139080106433e-5,0.001008713279863136
-0.904,-2.2634467101837844e-5,0.0010214094337074955
-0.903,-3.141010747132163e-5,0.0010341932876168495
-0.902,-4.044012878982014e-5,0.0010470631096252188
-0.901,-4.9729670254950606e-5,0.0010600170609347617
-0.9,-5.9283941499800514e-5,0.001073053192327059
-0.899,-6.910822236160824e-5,0.0010861694404801583
-0.898,-7.920786257581629e-5,0.001099363624189811
-0.897,-8.95882813911122e-5,0.001112633440493379
-0.896,-0.00010025496710087325,0.0011259764606949263
-0.895,-0.00011121347648622403,0.0011393901262900744
-0.894,-0.00012246943416570282,0.0011528717447892506
-0.893,-0.00013402853184631017,0.001166418485438032
-0.892,-0.00014589652747048506,0.0011800273748333674
-0.891,-0.00015807924425331602,0.0011936952924345408
-0.89,-0.000170582569604051,0.001207418965967847
-0.889,-0.00018341245392571623,0.0012211949667240481
-0.888,-0.00019657490928639412,0.0012350197047478115
-0.887,-0.00021007600795544266,0.0012488894239184518
-0.886,-0.0002239218807976605,0.0012628001969214597
-0.885,-0.00023811871551812004,0.001276747920110449
-0.884,-0.0002526727547500971,0.0012907283082593396
-0.883,-0.0002675902939782274,0.001304736889204784
-0.882,-0.00028287767928871155,0.0013187689983790573
-0.881,-0.00029854130493807884,0.0013328197732338576
-0.88,-0.0003145876107316945,0.0013468841475557198
-0.879,-0.0003310230792028725,0.0013609568456740087
-0.878,-0.0003478542325831172,0.0013750323765627573
-0.877,-0.00036508762955368045,0.0013891050278379306
-0.876,-0.00038272986176827496,0.0014031688596520357
-0.875,-0.0004007875501364343,0.0014172176984883693
-0.874,-0.00041926734085665835,0.0014312451308575935
-0.873,-0.000438175901188125,0.0014452444968997508
-0.872,-0.00045751991494939265,0.0014592088838952925
-0.871,-0.000477306077732156,0.0014731311196891819
-0.87,-0.0004975410918177622,0.0014870037660326626
-0.869,-0.0005182316607838338,0.0015008191118478398
-0.868,-0.0005393844837879928,0.0015145691664208252
-0.867,-0.0005610062495153289,0.0015282456525298337
-0.866,-0.0005831036297759142,0.0015418399995153083
-0.865,-0.0006056832727383286,0.0015553433362998647
-0.864,-0.0006287517957848413,0.0015687464843666284
-0.863,-0.0006523157779735767,0.0015820399507053507
-0.862,-0.0006763817520927062,0.0015952139207365628
-0.861,-0.0007009561962914235,0.0016082582512249425
-0.86,-0.0007260455252722116,0.0016211624631940463
-0.859,-0.0007516560810286806,0.0016339157348555862
-0.858,-0.0007777941231130518,0.0016465068945675206
-0.857,-0.0008044658184172011,0.0016589244138363638
-0.856,-0.0008316772304510396,0.0016711564003803394
-0.855,-0.0008594343081019286,0.0016831905912712563
-0.854,-0.0008877428738587749,0.0016950143461743246
-0.853,-0.0009166086114844733,0.001706614640706521
-0.852,-0.0009460370531204247,0.0017179780599355797
-0.851,-0.0009760335658069953,0.0017290907920432027
-0.85,-0.0010066033374039828,0.0017399386221776886
-0.849,-0.0010377513618954372,0.0017505069265228337
-0.848,-0.0010694824240635504,0.0017607806666116912
-0.847,-0.001101801083516782,0.001770744383915569
-0.846,-0.0011347116580579513,0.001780382194740507
-0.845,-0.0011682182063786901,0.001789677785465401
-0.844,-0.001202324510067437,0.0017986144081579268
-0.843,-0.0012370340549190623,0.0018071748766064644
-0.842,-0.0012723500115352723,0.0018153415628083265
-0.841,-0.0013082752152061257,0.0018230963939567491
-0.84,-0.0013448121450643604,0.0018304208499713033
-0.839,-0.0013819629025057499,0.0018372959616186346
-0.838,-0.00141972918887041,0.001843702309272708
-0.837,-0.0014581122823818763,0.0018496200223660489
-0.836,-0.0014971130143428698,0.0018550287795857897
-0.835,-0.0015367317445889818,0.0018599078098706593
-0.834,-0.0015769683362040514,0.001864235894267386
-0.833,-0.0016178221295037871,0.0018679913687072891
-0.832,-0.0016592919152972165,0.0018711521277661185
-0.831,-0.0017013759074388359,0.001873695629472426
-0.83,-0.001744071714687903,0.001875598901231929
-0.829,-0.0017873763118951601,0.0018768385469373986
-0.828,-0.0018312860105414198,0.001877390755335598
-0.827,-0.0018757964286568972,0.0018772313097246264
-0.826,-0.0019209024601549197,0.0018763355990567359
-0.825,-0.0019665982436187354,0.001874678630523197
-0.824,-0.002012877130585529,0.0018722350436990928
-0.823,-0.002059731653377501,0.0018689791263269877
-0.822,-0.0021071534925358975,0.0018648848318192088
-0.821,-0.002155133443920307,0.0018599257985589535
-0.82,-0.002203661385542215,0.0018540753710805736
-0.819,-0.002252726244208882,0.0018473066232091349
-0.818,-0.002302315962060939,0.0018395923832386655
-0.817,-0.0023524174630947595,0.001830905261227361
-0.816,-0.002403016619768609,0.0018212176784863456
-0.815,-0.002454098219799755,0.001810501899336366
-0.814,-0.0025056459332682,0.0017987300652039582
-0.813,-0.0025576422801513172,0.0017858742311251427
-0.812,-0.0026100685984225204,0.001771906404720514
-0.811,-0.002662905012856064,0.001756798587700646
-0.81,-0.002716130404689103,0.001740522819955002
-0.809,-0.002769722382301257,0.0017230512262709548
-0.808,-0.0028236572530809575,0.0017043560657220493
-0.807,-0.002877909996656855,0.0016844097837562448
-0.806,-0.0029324542396813496,0.0016631850670055033
-0.805,-0.0029872622323618907,0.0016406549008277148
-0.804,-0.003042304826943903,0.001616792629580544
-0.803,-0.003097551458357015,0.0015915720196143209
-0.802,-0.003152970127243535,0.0015649673249575457
-0.801,-0.0032085273855947507,0.0015369533556539616
-0.8,-0.0032641883252265197,0.0015075055486944225
-0.799,-0.0033199165693306196,0.0014766000414699963
-0.798,-0.003375674267342337,0.0014442137476548928
-0.797,-0.0034314220933676495,0.0014103244354089239
-0.796,-0.003487119248414957,0.001374910807769354
-0.795,-0.0035427234666765353,0.0013379525850812206
-0.794,-0.003598191026103528,0.0012994305892935867
-0.793,-0.0036534767635152876,0.0012593268299268168
-0.792,-0.0037085340944790347,0.001217624591492962
-0.791,-0.0037633150381890107,0.001174308522127802
-0.79,-0.003817770247565449,0.0011293647231692113
-0.789,-0.0038718490447826256,0.0010827808393924045
-0.788,-0.003925499462421891,0.001034546149588502
-0.787,-0.003978668290429829,0.0009846516571489123
-0.786,-0.004031301129043456,0.0009330901802944881
-0.785,-0.004083342447823607,0.0008798564415655112
-0.784,-0.004134735650914298,0.0008249471561665425
-0.783,-0.004185423148619893,0.0007683611187393289
-0.782,-0.004235346435363427,0.0007100992881175333
-0.781,-0.004284446174058285,0.0006501648695993795
-0.78,-0.004332662286891928,0.0005885633942586397
-0.779,-0.0043799340524844224,0.000525302794801071
-0.778,-0.004426200209346329,0.00046039347746271945
-0.777,-0.004471399065520319,0.0003938483894387496
-0.776,-0.0045154686142487655,0.00032568308132693754
-0.775,-0.004558346655465913,0.0002559157640689399
-0.774,-0.00459997092286821,0.00018456735987521075
-0.773,-0.004640279216270453,0.00011166154662619913
-0.772,-0.00467920953890878,3.722479525345547e-5
-0.771,-0.004716700239304748,-3.871360038032546e-5
-0.77,-0.004752690157258162,-0.00011612150156334679
-0.769,-0.004787118773490352,-0.00019496391121525634
-0.768,-0.004819926362414869,-0.0002752029691733115
-0.767,-0.004851054147469417,-0.00035679795665726513
-0.766,-0.004880444458401897,-0.0004397053102474165
-0.765,-0.0049080408898651805,-0.0005238786456670724
-0.764,-0.004933788460640176,-0.00060926879161311
-0.763,-0.0049576337727754004,-0.0006958238338266493
-0.762,-0.004979525169904199,-0.0007834891695403412
-0.761,-0.004999412893978309,-0.0008722075723798148
-0.76,-0.005017249239639211,-0.0009619192677348306
-0.759,-0.005032988705436961,-0.0010525620185511384
-0.758,-0.005046588141100356,-0.0011440712214274792
-0.757,-0.005058006890062644,-0.0012363800128341778
-0.756,-0.005067206926453733,-0.0013294193852009925
-0.755,-0.005074152985783217,-0.0014231183125529658
-0.754,-0.00507881268855859,-0.0015174038853046667
-0.753,-0.005081156656109665,-0.0016122014537561266
-0.752,-0.005081158617923628,-0.0017074347797686824
-0.751,-0.005078795509834865,-0.0018030261960365456
-0.75,-0.005074047562459702,-0.0018988967723109478
-0.749,-0.0050668983793181075,-0.0019949664878788297
-0.748,-0.005057335004141696,-0.0020911544095478887
-0.747,-0.005045347976929766,-0.0021873788743450025
-0.746,-0.0050309313783818265,-0.002283557676096105
-0.745,-0.005014082862405711,-0.0023796082550230466
-0.744,-0.004994803676474028,-0.0024754478894671523
-0.743,-0.004973098669677901,-0.002570993888830522
-0.742,-0.004948976288404669,-0.0026661637868147345
-0.741,-0.004922448559644893,-0.0027608755340327667
-0.74,-0.004893531062012709,-0.002855047689073616
-0.739,-0.004862242884641508,-0.0029485996071103165
-0.738,-0.004828606574193371,-0.003041451625160608
-0.737,-0.00479264807029477,-0.0031335252431352874
-0.736,-0.004754396629782134,-0.003224743299841855
-0.735,-0.004713884740208198,-0.003315030143150153
-0.734,-0.0046711480231230035,-0.003404311793571756
-0.733,-0.004626225127701383,-0.0034925161005554244
-0.732,-0.0045791576153413295,-0.0035795728908563193
-0.731,-0.004529989835904228,-0.003665414108396353
-0.73,-0.004478768796308319,-0.0037499739450962072
-0.729,-0.004425544022220645,-0.0038331889622256103
-0.728,-0.004370367413619851,-0.003914998201886609
-0.727,-0.00431329309502264,-0.003995343288314109
-0.726,-0.004254377261180221,-0.0040741685187481455
-0.725,-0.004193678019057952,-0.004151420943702524
-0.724,-0.004131255226911683,-0.0042270504365238505
-0.723,-0.004067170331268174,-0.004301009752203014
-0.722,-0.0040014862026048715,-0.004373254575467228
-0.721,-0.003934266970506479,-0.004443743558244174
-0.72,-0.0038655778590525355,-0.004512438346650248
-0.719,-0.0037954850231622793,-0.0045793035977117705
-0.718,-0.003724055386590578,-0.004644306986081023
-0.717,-0.003651356482232481,-0.0047074192010577946
-0.716,-0.003577456295354273,-0.004768613934271349
-0.715,-0.0035024231103264825,-0.00482786785841744
-0.714,-0.003426325361389551,-0.0048851605974797666
-0.713,-0.0033492314879364203,-0.00494047468889527
-0.712,-0.003271209794748588,-0.004993795538147767
-0.711,-0.003192328317573802,-0.0050451113662946705
-0.71,-0.0031126546943848954,-0.005094413150947103
-0.709,-0.003032256042610858,-0.005141694561234659
-0.708,-0.0029511988425834413,-0.005186951887292625
-0.707,-0.002869548827395806,-0.005230183964811819
-0.706,-0.0027873708793243307,-0.005271392095189651
-0.705,-0.002704728932920934,-0.00531057996181577
-0.704,-0.002621685884841468,-0.005347753543017038
-0.703,-0.0025383035104360988,-0.005382921022174889
-0.702,-0.00245464238709029,-0.0054160926955137394
-0.701,-0.0023707618242702136,-0.005447280878042173
-0.7,-0.0022867198001942316,-0.0054764998081097156
-0.699,-0.0022025729050225823,-0.005503765551021159
-0.698,-0.0021183762904306387,-0.005529095902128154
-0.697,-0.0020341836254070644,-0.0055525102897942755
-0.696,-0.0019500470580968861,-0.005574029678605379
-0.695,-0.001866017183490854,-0.005593676473171992
-0.694,-0.0017821430167464533,-0.005611474422845074
-0.693,-0.0016984719719124323,-0.005627448527640822
-0.692,-0.0016150498458176537,-0.00564162494564466
-0.691,-0.0015319208068763335,-0.005654030902139247
-0.69,-0.0014491273885551684,-0.005664694600676382
-0.689,-0.0013667104872433576,-0.005673645136288446
-0.688,-0.001284709364263924,-0.005680912411011304
-0.687,-0.0012031616517639262,-0.005686527051867874
-0.686,-0.0011221033622219366,-0.005690520331439653
-0.685,-0.0010415689013134341,-0.0056929240911326165
-0.684,-0.000961591083878343,-0.005693770667224126
-0.683,-0.0008822011527397234,-0.005693092819758727
-0.682,-0.0008034288001284234,-0.005690923664343222
-0.681,-0.0007253021914752145,-0.0056872966068749475
-0.68,-0.0006478479913394215,-0.0056822452812220255
-0.679,-0.0005710913912511918,-0.005675803489860243
-0.678,-0.000495056139253225,-0.0056680051474583765
-0.677,-0.00041976457093687773,-0.005658884227391972
-0.676,-0.0003452376417769894,-0.005648474711154971
-0.675,-0.00027149496057942373,-0.0056368105406289955
-0.674,-0.0001985548238651275,-0.005623925573161526
-0.673,-0.00012643425102437634,-0.00560985353939674
-0.672,-5.514902008474793e-5,-0.005594628003796083
-0.671,1.5286296053833442e-5,-0.005578282327780018
-0.67,8.48582930539525e-5,-0.005560849635417492
-0.669,0.00015355469837291446,-0.005542362781585627
-0.668,0.00022136433441046432,-0.00552285432251881
-0.667,0.0002882770816811099,-0.005502356488663705
-0.666,0.0003542838421113654,-0.005480901159754776
-0.665,0.00041937650255375914,-0.005458519842023432
-0.664,0.000483547898601296,-0.005435243647453095
-0.663,0.0005467917787782555,-0.005411103274992076
-0.662,0.0006091027691757452,-0.005386128993636243
-0.661,0.0006704763385933279,-0.005360350627293886
-0.66,0.0007309087642413035,-0.005333797541346047
-0.659,0.0007903970980518546,-0.00530649863081669
-0.658,0.0008489391336412551,-0.005278482310068496
-0.657,0.0009065333739596968,-0.005249776503941756
-0.656,0.0009631789996599919,-0.005220408640255653
-0.655,0.0010188758382114697,-0.00519040564359332
-0.654,0.0010736243337807782,-0.005159793930294177
-0.653,0.0011274255178970276,-0.0051285994045794665
-0.652,0.0011802809809147528,-0.005096847455739203
-0.651,0.0012321928442845273,-0.00506456295631134
-0.65,0.0012831637336377009,-0.005031770261186424
-0.649,0.0013331967526886593,-0.00499849320757364
-0.648,0.0013822954579552037,-0.004964755115766713
-0.647,0.0014304638342950932,-0.004930578790650742
-0.646,0.0014777062712544855,-0.004895986523893668
-0.645,0.0015240275402219358,-0.0048610000967686095
-0.644,0.0015694327723797428,-0.004825640783555866
-0.643,0.001613927437442776,-0.00478992935547591
-0.642,0.001657517323173444,-0.004753886085107114
-0.641,0.0017002085156601649,-0.004717530751244396
-0.64,0.0017420073803455797,-0.004680882644157296
-0.639,0.0017829205437897644,-0.004643960571208271
-0.638,0.001822954876152872,-0.004606782862794235
-0.637,0.00186211747438093,-0.004569367378576488
-0.636,0.0019004156460779445,-0.004531731513966262
-0.635,0.0019378568940469853,-0.00449389220683509
-0.634,0.001974448901482578,-0.004455865944421163
-0.633,0.0020101995177964427,-0.004417668770404612
-0.632,0.0020451167450584447,-0.004379316292126504
-0.631,0.0020792087250345094,-0.0043408236879279435
-0.63,0.0021124837268032197,-0.00430220571458736
-0.629,0.002144950134932845,-0.0042634767148355375
-0.628,0.002176616438200619,-0.004224650624929465
-0.627,0.0022074912188362462,-0.004185740982267414
-0.626,0.0022375831422717595,-0.004146760933029055
-0.625,0.0022669009473801145,-0.00410772323982558
-0.624,0.002295453437185118,-0.004068640289346083
-0.623,0.0023232494700256103,-0.004029524099987498
-0.622,0.002350297951157114,-0.003990386329456496
-0.621,0.002376607824774496,-0.003951238282332729
-0.62,0.0024021880664395587,-0.003912090917583749
-0.619,0.002427047675897836,-0.00387295485602281
-0.618,0.0024511956702692496,-0.003833840387701628
-0.617,0.0024746410775976896,-0.003794757479230894
-0.616,0.002497392930744972,-0.003755715781022123
-0.615,0.002519460261615041,-0.0037167246344450813
-0.614,0.002540852095694689,-0.00367779307889567
-0.613,0.0025615774468974906,-0.0036389298587697536
-0.612,0.0025816453126980493,-0.0036001434303389772
-0.611,0.002601064669544075,-0.0035614419685251197
-0.61,0.0026198444685342167,-0.0035228333735700316
-0.609,0.002637993631349989,-0.0034843252775986436
-0.608,0.0026555210464305153,-0.0034459250510729443
-0.607,0.0026724355653792316,-0.0034076398091352177
-0.606,0.0026887459995920586,-0.003369476417839174
-0.605,0.0027044611170969567,-0.003331441500267948
-0.604,0.002719589639595134,-0.003293541442538225
-0.603,0.0027341402396945584,-0.003255782399690045
-0.602,0.0027481215383267773,-0.0032181703014620786
-0.601,0.0027615421023384035,-0.0031807108579524047
-0.6,0.002774410442248961,-0.0031434095651650326
-0.599,0.0027867350101671226,-0.0031062717104426026
-0.598,0.00279852419785769,-0.003069302377785871
-0.597,0.0028097863349519857,-0.0030325064530607516
-0.596,0.0028205296872946257,-0.002995888629093821
-0.595,0.0028307624554199332,-0.0029594534106573253
-0.594,0.00284049277315155,-0.0029232051193448473
-0.593,0.0028497287063190702,-0.002887147898338884
-0.592,0.0028584782515857807,-0.002851285717071687
-0.591,0.0028667493353818725,-0.0028156223757807883
-0.59,0.002874549812937704,-0.002780161509960713
-0.589,0.0028818874674119673,-0.0027449065947124326
-0.588,0.0028887700091098163,-0.002709860948992168
-0.587,0.0028952050747862493,-0.0026750277397612023
-0.586,0.002901200227030248,-0.002640409986038385
-0.585,0.002906762953725383,-0.002606010562857051
-0.584,0.0029119006675827883,-0.0025718322051281033
-0.583,0.0029166207057425993,-0.0025378775114110108
-0.582,0.0029209303294401383,-0.0025041489475945053
-0.581,0.0029248367237332856,-0.0024706488504887556
-0.58,0.002928346997287667,-0.002437379431330802
-0.579,0.00293146818221643,-0.0024043427792050476
-0.578,0.002934207233971542,-0.002371540864380568
-0.577,0.002936571031283692,-0.00233897554156704
-0.576,0.0029385663761480134,-0.0023066485530910267
-0.575,0.0029401999938529844,-0.00227456153199439
-0.574,0.0029414785330499913,-0.0022427160050565538
-0.573,0.002942408565861159,-0.002211113395742342
-0.572,0.0029429965880231773,-0.002179755027077086
-0.571,0.002943249019064956,-0.0021486421244506864
-0.57,0.0029431722025170587,-0.0021177758183522685
-0.569,0.002942772406150958,-0.002087157147037084
-0.568,0.002942055822246263,-0.0020567870591272435
-0.567,0.0029410285678841534,-0.002026666416147876
-0.566,0.002939696685265348,-0.0019967959950002584
-0.565,0.0029380661420510285,-0.001967176490373444
-0.564,0.002936142831725201,-0.00193780851709589
-0.563,0.0029339325739770753,-0.0019086926124285487
-0.562,0.002931441115102104,-0.0018798292383008632
-0.561,0.002928674128420395,-0.0018512187834910825
-0.56,0.0029256372147112835,-0.0018228615657522728
-0.559,0.0029223359026629013,-0.001794757833885381
-0.558,0.0029187756493356588,-0.001766907769760671
-0.557,0.0029149618406385932,-0.001739311490288828
-0.556,0.0029108997918176082,-0.0017119690493429965
-0.555,0.0029065947479546728,-0.001684880439632983
-0.554,0.002902051884477097,-0.001658045594532837
-0.553,0.0028972763076760555,-0.0016314643898629833
-0.552,0.0028922730552335633,-0.0016051366456280565
-0.551,0.0028870470967571698,-0.001579062127711563
-0.55,0.002881603334321649,-0.0015532405495284611
-0.549,0.0028759466030170355,-0.00152767157363673
-0.548,0.0028700816715023633,-0.0015023548133089662
-0.547,0.002864013242564516,-0.001477289834065023
-0.546,0.0028577459536816272,-0.0014524761551666817
-0.545,0.002851284377590494,-0.0014279132510753184
-0.544,0.0028446330228575046,-0.001403600552873503
-0.543,0.002837796334452604,-0.0013795374496514458
-0.542,0.002830778694325855,-0.0013557232898591827
-0.541,0.002823584421986159,-0.0013321573826253626
-0.54,0.0028162177750817577,-0.001308838999043485
-0.539,0.00280868294998212,-0.001285767373426405
-0.538,0.002800984082360876,-0.0012629417045299082
-0.537,0.0027931252477794515,-0.001240361156746133
-0.536,0.0027851104622711007,-0.001218024861267594
-0.535,0.0027769436829250295,-0.0011959319172225504
-0.534,0.0027686288084703393,-0.0011740813927824292
-0.533,0.0027601696798595257,-0.0011524723262420046
-0.532,0.0027515700808512845,-0.0011311037270730114
-0.531,0.002742833738592395,-0.0011099745769518523
-0.53,0.002733964324198463,-0.0010890838307620408
-0.529,0.002724965453333318,-0.0010684304175720073
-0.528,0.0027158406867868715,-0.0010480132415888717
-0.527,0.0027065935310512583,-0.0010278311830887769
-0.526,0.002697227438895091,-0.001007883099324359
-0.525,0.0026877458099356694,-0.0009881678254099096
-0.524,0.002678151991208997,-0.0009686841751847796
-0.523,0.0026684492777374635,-0.0009494309420555497
-0.522,0.002658640913095068,-0.0009304068998174853
-0.521,0.0026487300899700576,-0.0009116108034557756
-0.52,0.002638719950724868,-0.0008930413899270451
-0.519,0.0026286135879532674,-0.000874697378921611
-0.518,0.0026184140450345944,-0.0008565774736069491
-0.517,0.0026081243166850084,-0.0008386803613528161
-0.516,0.0025977473495056597,-0.0008210047144384662
-0.515,0.002587286042527706,-0.0008035491907423864
-0.514,0.0025767432477541,-0.0007863124344149648
-0.513,0.0025661217706980763,-0.0007692930765344948
-0.512,0.002555424370918282,-0.0007524897357469075
-0.511,0.002544653762550488,-0.000735901018889612
-0.51,0.00253381261483583,-0.0007195255215998181
-0.509,0.002522903552645527,-0.0007033618289077012
-0.508,0.0025119291570020372,-0.0006874085158147612
-0.507,0.0025008919655966073,-0.0006716641478577201
-0.506,0.0024897944733031766,-0.0006561272816582911
-0.505,0.0024786391326886057,-0.0006407964654591448
-0.504,0.0024674283545191955,-0.0006256702396463881
-0.503,0.0024561645082634706,-0.0006107471372588681
-0.502,0.002444849922591204,-0.0005960256844845975
-0.501,0.002433486885868655,-0.0005815044011445963
-0.5,0.002422077646650008,-0.000567181801164437
-0.499,0.0024106244141649936,-0.0005530563930337685
-0.498,0.0023991293588026706,-0.0005391266802540924
-0.497,0.002387594612591368,-0.0005253911617750551
-0.496,0.0023760222696747654,-0.000511848332419514
-0.495,0.0023644143867841113,-0.0004984966832976283
-0.494,0.0023527729837065662,-0.00048533470221022126
-0.493,0.0023411000437496715,-0.00047236087404165113
-0.492,0.0023293975142019375,-0.0004595736811424256
-0.491,0.0023176673067895476,-0.00044697160370178615
-0.49,0.002305911298129181,-0.00043455312011048494
-0.489,0.002294131330176954,-0.00042231670731397096
-0.488,0.0022823292106734817,-0.00041026084115619636
-0.487,0.0022705067135850646,-0.00039838399671424964
-0.486,0.0022586655795410002,-0.00038668464862401744
-0.485,0.0022468075162670365,-0.00037516127139707094
-0.484,0.0022349341990149578,-0.00036381233972896954
-0.483,0.002223047270988327,-0.0003526363287991688
-0.482,0.002211148343764381,-0.0003416317145627164
-0.481,0.0021992389977120953,-0.00033079697403391457
-0.48,0.002187320782406423,-0.00032013058556212403
-0.479,0.002175395217038726,-0.00030963102909987983
-0.478,0.002163463790823404,-0.0002992967864634868
-0.477,0.0021515279634007362,-0.00028912634158625636
-0.476,0.0021395891652359472,-0.00027911818076454593
-0.475,0.0021276487980145154,-0.0002692707928967544
-0.474,0.002115708235033731,-0.0002595826697154284
-0.473,0.0021037688215905276,-0.0002500523060126268
-0.472,0.0020918318753655883,-0.00024067819985868895
-0.471,0.002079898686803761,-0.00023145885281455054
-0.47,0.0020679705194907834,-0.00022239277013774483
-0.469,0.002056048610526339,-0.0002134784609822264
-0.468,0.0020441341708934677,-0.0002047144385921505
-0.467,0.0020322283858243365,-0.0001960992204897384
-0.466,0.002020332415162397,-0.00018763132865735665
-0.465,0.0020084473937209486,-0.00017930928971393475
-0.464,0.001996574431638114,-0.00017113163508584374
-0.463,0.001984714614728261,-0.00016309690117235554
-0.462,0.0019728690048298816,-0.00015520362950579983
-0.461,0.0019610386401499435,-0.0001474503669065334
-0.46,0.001949224535604743,-0.00013983566563283422
-0.459,0.0019374276831572734,-0.00013235808352583011
-0.458,0.0019256490521511287,-0.00012501618414956995
-0.457,0.0019138895896409626,-0.00011780853692634247
-0.456,0.001902150220719527,-0.00011073371726734637
-0.455,0.001890431848841305,-0.00010379030669881272
-0.454,0.001878735356142761,-9.69768929836787e-5
-0.453,0.0018670616037592318,-9.02920702389101e-5
-0.452,0.0018554114321384736,-8.373443904856738e-5
-0.451,0.0018437856613508904,-7.730260657270886e-5
-0.45,0.0018321850913964645,-7.09951866522221e-5
-0.449,0.001820610502508407,-6.481079990967334e-5
-0.448,0.0018090626554535538,-5.874807384626243e-5
-0.447,0.0017975422918295265,-5.2805642934969634e-5
-0.446,0.0017860501343586784,-4.69821487099782e-5
-0.445,0.0017745868871788507,-4.127623985245581e-5
-0.444,0.001763153236130956,-3.568657227277555e-5
-0.443,0.001751749849043416,-3.0211809189256053e-5
-0.442,0.0017403773760134697,-2.48506212034987e-5
-0.441,0.0017290364496853781,-1.960168637239812e-5
-0.44,0.0017177276855255452,-1.4463690276901008e-5
-0.439,0.0017064516820945786,-9.43532608758658e-6
-0.438,0.0016952090213163088,-4.5152946271407895e-6
-0.437,0.0016840002687437924,2.9769557020520543e-7
-0.436,0.00167282597382232,5.004928202202966e-6
-0.435,0.0016616866701494493,9.607679145013218e-6
-0.434,0.001650582875732088,1.4107216402464188e-5
-0.433,0.001639515093240646,1.8504800058076464e-5
-0.432,0.0016284838102602803,2.2801682229790348e-5
-0.431,0.0016174894995392554,2.699910702733273e-5
-0.43,0.0016065326192344382,3.109831051216194e-5
-0.429,0.0015956136131539517,3.510052065992998e-5
-0.428,0.0015847329109970113,3.9006957325402814e-5
-0.427,0.0015738909285909592,4.281883220978057e-5
-0.426,0.0015630880681255265,4.653734883036042e-5
-0.425,0.0015523247183843402,5.0163702492486254e-5
-0.424,0.0015416012549736965,5.369908026372997e-5
-0.423,0.0015309180405486263,5.714466095025076e-5
-0.422,0.001520275425036271,6.050161507527916e-5
-0.421,0.0015096737458565905,6.377110485967415e-5
-0.42,0.001499113328140428,6.695428420450242e-5
-0.419,0.001488594484944951,7.00522986755896e-5
-0.418,0.0014781175174664886,7.306628548999473e-5
-0.417,0.0014676827152507916,7.599737350435965e-5
-0.416,0.0014572903564007305,7.884668320508627e-5
-0.415,0.00144694070778146,8.161532670029529e-5
-0.414,0.0014366340252230639,8.430440771352117e-5
-0.413,0.001426370553720708,8.691502157909848e-5
-0.412,0.0014161505276323182,8.944825523919628e-5
-0.411,0.001405974170873808,9.190518724245718e-5
-0.41,0.001395841697111874,9.42868877441996e-5
-0.409,0.00138575330995438,9.659441850814134e-5
-0.408,0.0013757092031383567,9.88288329096044e-5
-0.407,0.001365709560715628,0.00010099117594016102
-0.406,0.0013557545572360937,0.00010308248421368233
-0.405,0.0013458443579286853,0.0001051037859737509
-0.404,0.0013359791188800143,0.00010705610110240005
-0.403,0.0013261589872107377,0.00010894044113014313
-0.402,0.001316384101249657,0.0001107578092472563
-0.401,0.0013066545907055738,0.00011250920031627996
-0.4,0.0012969705768369226,0.00011419560088570363
-0.399,0.0012873321726191965,0.00011581798920480052
-0.398,0.0012777394829101944,0.00011737733523957824
-0.397,0.0012681926046131005,0.00011887460068981305
-0.396,0.001258691626837422,0.00012031073900713525
-0.395,0.0012492366310578045,0.00012168669541413456
-0.394,0.0012398276912707405,0.00012300340692445423
-0.393,0.0012304648741491972,0.00012426180236384398
-0.392,0.0012211482391951774,0.0001254628023921416
-0.391,0.0012118778388902354,0.00012660731952615452
-0.39,0.0012026537188439689,0.00012769625816341258
-0.389,0.001193475917940503,0.000128730514606764
-0.388,0.0011843444684829863,0.00012971097708978699
-0.387,0.0011752593963361212,0.00013063852580299056
-0.386,0.0011662207210667418,0.00013151403292077752
-0.385,0.0011572284560824645,0.00013233836262914432
-0.384,0.0011482826087684233,0.000133112371154092
-0.383,0.001139383180622116,0.00013383690679072402
-0.382,0.0011305301673863715,0.0001345128099330056
-0.381,0.001121723559180465,0.00013514091310416198
-0.38,0.0011129633406293921,0.0001357220409876912
-0.379,0.0011042494909913245,0.00013625701045896912
-0.378,0.0010955819842832636,0.00013674663061742393
-0.377,0.0010869607894049105,0.00013719170281925833
-0.376,0.00107838587026077,0.0001375930207106978
-0.375,0.0010698571858805057,0.00013795137026174385
-0.374,0.0010613746905375652,0.00013826752980041187
-0.373,0.0010529383338660912,0.00013854227004743267
-0.372,0.001044548060976138,0.00013877635415139892
-0.371,0.0010362038125672063,0.000138970537724336
-0.37,0.0010279055250401214,0.00013912556887767943
-0.369,0.0010196531306072604,0.00013924218825863902
-0.368,0.001011446557401158,0.00013932112908693285
-0.367,0.0010032857295814964,0.00013936311719187224
-0.366,0.0009951705674405024,0.00013936887104978093
-0.365,0.0009871009875067683,0.000139339101821731
-0.364,0.0009790769026475077,0.0001392745133915793
-0.363,0.000971098222169269,0.00013917580240428755
-0.362,0.0009631648519171181,0.00013904365830451058
-0.361,0.0009552766943723083,0.00013887876337543694
-0.36,0.0009474336487484523,0.00013868179277786645
-0.359,0.0009396356110862137,0.00013845341458951007
-0.358,0.0009318824743465311,0.00013819428984449724
-0.357,0.0009241741285023925,0.00013790507257307663
-0.356,0.0009165104606291744,0.0001375864098414961
-0.355,0.0009088913549935607,0.0001372389417920484
-0.354,0.0009013166931410572,0.00013686330168326952
-0.353,0.0008937863539821158,0.00013646011593027596
-0.352,0.000886300213876884,0.0001360300041452292
-0.351,0.0008788581467185939,0.0001355735791779141
-0.35,0.0008714600240156066,0.00013509144715641947
-0.349,0.0008641057149721232,0.00013458420752790928
-0.348,0.000856795086567582,0.00013405245309947218
-0.347,0.0008495280036347507,0.0001334967700790388
-0.346,0.0008423043289365311,0.00013291773811635558
-0.345,0.0008351239232414897,0.0001323159303440042
-0.344,0.0008279866453981269,0.00013169191341845643
-0.343,0.0008208923524079,0.00013104624756115393
-0.342,0.0008138408994970126,0.0001303794865996035
-0.341,0.000806832140186984,0.00012969217800847752
-0.34,0.0007998659263640131,0.00012898486295071036
-0.339,0.0007929421083471478,0.00012825807631858187
-0.338,0.0007860605349552751,0.00012751234677477842
-0.337,0.0007792210535729438,0.00012674819679342323
-0.336,0.0007724235102150339,0.00012596614270106717
-0.335,0.0007656677495902826,0.00012516669471763201
-0.334,0.0007589536151636828,0.00012435035699729792
-0.333,0.0007522809492177656,0.00012351762766932745
-0.332,0.0007456495929127767,0.00012266899887881827
-0.331,0.0007390593863457635,0.00012180495682737765
-0.33,0.0007325101686085805,0.00012092598181371092
-0.329,0.0007260017778448284,0.00012003254827411749
-0.328,0.0007195340513057366,0.00011912512482288725
-0.327,0.0007131068254050024,0.00011820417429259108
-0.326,0.0007067199357725963,0.00011727015377425886
-0.325,0.0007003732173075486,0.00011632351465743903
-0.324,0.0006940665042297252,0.00011536470267013341
-0.323,0.0006877996301306048,0.00011439415791860188
-0.322,0.0006815724280230707,0.00011341231492703091
-0.321,0.000675384730390225,0.00011241960267706075
-0.32,0.0006692363692332386,0.00011141644464716598
-0.319,0.0006631271761182472,0.00011040325885188431
-0.318,0.0006570569822223031,0.00010938045788088868
-0.317,0.0006510256183783946,0.00010834844893789811
-0.316,0.0006450329151195427,0.00010730763387942243
-0.315,0.0006390787027219859,0.00010625840925333685
-0.314,0.0006331628112474629,0.00010520116633728182
-0.313,0.0006272850705846041,0.00010413629117688431
-0.312,0.0006214453104894407,0.00010306416462379648
-0.311,0.0006156433606250422,0.00010198516237354792
-0.31,0.0006098790506002929,0.00010089965500320818
-0.309,0.0006041522100078141,9.980800800885553e-5
-0.308,0.0005984626684610463,9.871058184284933e-5
-0.307,0.0005928102556304951,9.760773195090221e-5
-0.306,0.0005871948012791557,9.649980880894953e-5
-0.305,0.0005816161352971218,9.538715795981289e-5
-0.304,0.0005760740877353885,9.427012004965513e-5
-0.303,0.0005705684888388603,9.314903086422414e-5
-0.302,0.0005650991690785696,9.202422136488306e-5
-0.301,0.0005596659591831184,9.089601772442442e-5
-0.3,0.0005542686901693491,8.976474136266615e-5
-0.299,0.0005489071933722543,8.863070898182724e-5
-0.298,0.0005435813004741332,8.749423260168117e-5
-0.297,0.0005382908435330054,8.635561959448532e-5
-0.296,0.0005330356550102865,8.521517271968449e-5
-0.295,0.0005278155677977379,8.407319015838714e-5
-0.294,0.0005226304152436954,8.292996554761272e-5
-0.293,0.000517480031178587,8.178578801430878e-5
-0.292,0.0005123642499397476,8.064094220913676e-5
-0.291,0.0005072829063955365,7.949570834002507e-5
-0.29,0.000502235835968768,7.835036220548869e-5
-0.289,0.000497222874659461,7.720517522771423e-5
-0.288,0.0004922438590669165,7.606041448540983e-5
-0.287,0.0004872986264111281,7.491634274641897e-5
-0.286,0.00048238701455353674,7.377321850009783e-5
-0.285,0.00047750886201713304,7.263129598945562e-5
-0.284,0.0004726640080059168,7.149082524305755e-5
-0.283,0.0004678522924237201,7.035205210669009e-5
-0.282,0.00046307355589240095,6.921521827478852e-5
-0.281,0.00045832763976941455,6.808056132162641e-5
-0.28,0.0004536143861647689,6.694831473226737e-5
-0.279,0.0004489336379573721,6.581870793327901e-5
-0.278,0.00044428523881077643,6.469196632320931e-5
-0.277,0.00043966903318832845,6.356831130282579e-5
-0.276,0.00043508486636772883,6.244796030511782e-5
-0.275,0.00043053258445501023,6.133112682506269e-5
-0.274,0.000426012034397939,6.021802044915562e-5
-0.273,0.00042152306399884695,5.910884688470506e-5
-0.272,0.00041706552192689926,5.80038079888933e-5
-0.271,0.00041263925772980507,5.690310179760372e-5
-0.27,0.00040824412184497654,5.58069225540154e-5
-0.269,0.00040387996561014246,5.471546073696619e-5
-0.268,0.0003995466412734219,5.3628903089085185e-5
-0.267,0.0003952440020028648,5.254743264469597e-5
-0.266,0.0003909719018954636,5.147122875749171e-5
-0.265,0.00038673019598564384,5.040046712798349e-5
-0.264,0.0003825187402532369,4.933531983072337e-5
-0.263,0.00037833739163094227,4.827595534130349e-5
-0.262,0.0003741860080112842,4.722253856313293e-5
-0.261,0.0003700644482530681,4.617523085399389e-5
-0.26,0.0003659725721873419,4.513419005237888e-5
-0.259,0.00036191024062286827,4.409957050361081e-5
-0.258,0.00035787731535111267,4.3071523085747644e-5
-0.257,0.0003538736591507517,4.205019523527379e-5
-0.256,0.0003498991357917082,4.103573097258e-5
-0.255,0.00034595361003871694,4.002827092723401e-5
-0.254,0.00034203694765442687,3.902795236304397e-5
-0.253,0.00033814901540204394,3.803490920291682e-5
-0.252,0.00033428968104752034,3.704927205351415e-5
-0.251,0.00033045881336129444,3.607116822970745e-5
-0.25,0.000326656282119586,3.5100721778835606e-5
-0.249,0.000322881958105252,3.413805350476679e-5
-0.248,0.00031913571310820764,3.318328099176743e-5
-0.247,0.0003154174199254166,3.223651862818083e-5
-0.246,0.0003117269523604559,3.12978776299181e-5
-0.245,0.0003080641852226594,3.0367466063764146e-5
-0.244,0.0003044289943258445,2.944538887050141e-5
-0.243,0.00030082125648662697,2.8531747887854384e-5
-0.242,0.0002972408495223275,2.762664187325763e-5
-0.241,0.0002936876522484753,2.6730166526450385e-5
-0.24,0.0002901615444759121,2.584241451190074e-5
-0.239,0.0002866624070075016,2.496347548106246e-5
-0.238,0.00028319012163444867,2.4093436094467664e-5
-0.237,0.0002797445711322312,2.3232380043658457e-5
-0.236,0.0002763256392561514,2.2380388072960884e-5
-0.235,0.0002729332107365075,2.1537538001104418e-5
-0.234,0.0002695671712733928,2.0703904742690446e-5
-0.233,0.00026622740753112425,1.98795603295131e-5
-0.232,0.00026291380713230585,1.906457393173595e-5
-0.231,0.00025962625865153,1.8259011878928118e-5
-0.23,0.0002563646516087214,1.7462937680963305e-5
-0.229,0.0002531288764621273,1.6676412048785494e-5
-0.228,0.0002499188246009581,1.589949291504492e-5
-0.227,0.00024673438833768235,1.513223545460809e-5
-0.226,0.0002435754608999794,1.4374692104945649e-5
-0.225,0.00024044193642235484,1.3626912586401932e-5
-0.224,0.0002373337099374216,1.2888943922350072e-5
-0.223,0.00023425067736685082,1.2160830459236645e-5
-0.222,0.00023119273551199665,1.1442613886519812e-5
-0.221,0.00022815978204419855,1.0734333256505014e-5
-0.22,0.0002251517154947648,1.0036025004082298e-5
-0.219,0.00022216843524464162,9.347722966369417e-6
-0.218,0.00021920984151377096,8.669458402264882e-6
-0.217,0.00021627583535014134,8.001260011915178e-6
-0.216,0.0002133663186185353,7.343153956100454e-6
-0.215,0.00021048119398897733,6.695163875542952e-6
-0.214,0.00020762036492488596,6.057310910142588e-6
-0.213,0.0002047837356709341,5.42961371814406e-6
-0.212,0.00020197121124062106,4.812088495239935e-6
-0.211,0.00019918269740356025,4.204748993614224e-6
-0.21,0.00019641810067248653,3.607606540930954e-6
-0.209,0.00019367732828998657,3.0206700592723373e-6
-0.208,0.0001909602882149566,2.443946084031136e-6
-0.207,0.00018826688910879088,1.8774387827618887e-6
-0.206,0.00018559704032130518,1.3211499739956962e-6
-0.205,0.0001829506518763986,7.750791460232958e-7
-0.204,0.0001803276344574583,2.3922347565120645e-7
-0.203,0.00017772789939251023,-2.8642215306424593e-7
-0.202,0.0001751513586391207,-8.018651301001728e-7
-0.201,0.00017259792476905154,-1.3071151007627492e-6
-0.2,0.00017006751095267403,-1.8021839469902983e-6
-0.199,0.00016756003094314483,-2.2870857686588774e-6
-0.198,0.00016507539906034788,-2.7618368648853725e-6
-0.197,0.00016261353017460686,-3.2264557153230693e-6
-0.196,0.00016017433969017168,-3.6809629614446497e-6
-0.195,0.0001577577435284833,-4.125381387807509e-6
-0.194,0.0001553636581112213,-4.5597359032962846e-6
-0.193,0.00015299200034313786,-4.9840535223374164e-6
-0.192,0.0001506426875946825,-5.398363346080583e-6
-0.191,0.0001483156376844223,-5.802696543541771e-6
-0.19,0.00014601076886126095,-6.197086332702751e-6
-0.189,0.00014372799978646186,-6.5815679615616785e-6
-0.188,0.00014146724951547923,-6.9561786891295246e-6
-0.187,0.00013922843747960138,-7.320957766367009e-6
-0.186,0.00013701148346741124,-7.675946417056695e-6
-0.185,0.0001348163076060682,-8.021187818604846e-6
-0.184,0.00013264283034241582,-8.356727082767687e-6
-0.183,0.00013049097242392034,-8.682611236296607e-6
-0.182,0.00012836065487944445,-8.998889201496898e-6
-0.181,0.00012625179899986106,-9.305611776694536e-6
-0.18,0.0001241643263185119,-9.602831616605556e-6
-0.179,0.00012209815859151601,-9.890603212602501e-6
-0.178,0.00012005321777793257,-1.0168982872872434e-5
-0.177,0.00011802942601978372,-1.0438028702460982e-5
-0.176,0.00011602670562194197,-1.069780058319687e-5
-0.175,0.0001140449790318874,-1.0948360153491383e-5
-0.174,0.00011208416881934016,-1.1189770788007189e-5
-0.173,0.00011014419765577319,-1.1422097577190926e-5
-0.172,0.0001082249882938109,-1.1645407306663982e-5
-0.171,0.00010632646354651898,-1.1859768436465863e-5
-0.17,0.0001044485462665911,-1.2065251080144533e-5
-0.169,0.00010259115932543802,-1.2261926983688128e-5
-0.168,0.0001007542255921849,-1.2449869504292415e-5
-0.167,9.893766791258256e-5,-1.2629153588958408e-5
-0.166,9.714140908783876e-5,-1.279985575291449e-5
-0.165,9.536537185337527e-5,-1.2962054057857441e-5
-0.164,9.360947885751716e-5,-1.3115828090006774e-5
-0.163,9.187365264012012e-5,-1.326125893796674e-5
-0.162,9.015781561114261e-5,-1.339842917039044e-5
-0.161,8.846189002916885e-5,-1.3527422813440402e-5
-0.16,8.678579797988942e-5,-1.3648325328040097e-5
-0.159,8.512946135454611e-5,-1.3761223586910778e-5
-0.158,8.349280182834769e-5,-1.3866205851388116e-5
-0.157,8.187574083886352e-5,-1.396336174801307e-5
-0.156,8.027819956440216e-5,-1.4052782244891499e-5
-0.155,7.870009890238184e-5,-1.4134559627816995e-5
-0.154,7.714135944770028e-5,-1.420878747615146e-5
-0.153,7.56019014711112e-5,-1.4275560638457999e-5
-0.152,7.40816448976149e-5,-1.433497520788068e-5
-0.151,7.258050928487076e-5,-1.438712849726579e-5
-0.15,7.109841380163943e-5,-1.4432119014019206e-5
-0.149,6.963527720626241e-5,-1.447004643469459e-5
-0.148,6.819101782518749e-5,-1.4501011579307092e-5
-0.147,6.676555353154788e-5,-1.4525116385367332e-5
-0.146,6.535880172380382e-5,-1.454246388163047e-5
-0.145,6.397067930445474e-5,-1.4553158161555194e-5
-0.144,6.26011026588311e-5,-1.4557304356467554e-5
-0.143,6.124998763397441e-5,-1.4555008608424556e-5
-0.142,5.991724951761474e-5,-1.4546378042772558e-5
-0.141,5.860280301725456e-5,-1.4531520740395532e-5
-0.14,5.73065622393686e-5,-1.4510545709648316e-5
-0.139,5.602844066872896e-5,-1.4483562857970061e-5
-0.138,5.4768351147865384e-5,-1.4450682963173156e-5
-0.137,5.352620585667039e-5,-1.4412017644402966e-5
-0.136,5.230191629215939e-5,-1.4367679332763814e-5
-0.135,5.10953932483961e-5,-1.4317781241606722e-5
-0.134,4.99065467965935e-5,-1.4262437336474494e-5
-0.133,4.873528626540111e-5,-1.4201762304699853e-5
-0.132,4.7581520221389354e-5,-1.4135871524652382e-5
-0.131,4.644515644974195e-5,-1.406488103463019e-5
-0.13,4.5326101935167636e-5,-1.398890750139226e-5
-0.129,4.42242628430426e-5,-1.3908068188327605e-5
-0.128,4.313954450079529e-5,-1.3822480923257433e-5
-0.127,4.207185137954532e-5,-1.3732264065866646e-5
-0.126,4.10210870760087e-5,-1.363753647476116e-5
-0.125,3.998715429468158e-5,-1.353841747414761e-5
-0.124,3.896995483031496e-5,-1.3435026820132179e-5
-0.123,3.796938955069317e-5,-1.3327484666635426e-5
-0.122,3.6985358379729124e-5,-1.3215911530920118e-5
-0.121,3.6017760280889396e-5,-1.3100428258729243e-5
-0.12,3.506649324096267e-5,-1.2981155989031543e-5
-0.119,3.413145425418523e-5,-1.2858216118372059e-5
-0.118,3.321253930673738e-5,-1.2731730264825358e-5
-0.117,3.230964336162497e-5,-1.2601820231549316e-5
-0.116,3.142266034396054e-5,-1.246860796993747e-5
-0.115,3.0551483126658606e-5,-1.2332215542368221e-5
-0.114,2.9696003516560234e-5,-1.2192765084549264e-5
-0.113,2.885611224100201e-5,-1.2050378767455971e-5
-0.112,2.8031698934844913e-5,-1.190517875886254e-5
-0.111,2.7222652127978867e-5,-1.175728718446505e-5
-0.11,2.6428859233319052e-5,-1.1606826088595706e-5
-0.109,2.5650206535310257e-5,-1.1453917394527928e-5
-0.108,2.4886579178955943e-5,-1.129868286437203e-5
-0.107,2.41378611593889e-5,-1.1141244058561655e-5
-0.106,2.3403935312000744e-5,-1.0981722294931301e-5
-0.105,2.2684683303147732e-5,-1.0820238607385596e-5
-0.104,2.1979985621450782e-5,-1.0656913704161268e-5
-0.103,2.1289721569707782e-5,-1.0491867925683074e-5
-0.102,2.0613769257436658e-5,-1.0325221202015225e-5
-0.101,1.9952005594068003e-5,-1.0157093009910228e-5
-0.1,1.930430628280635e-5,-9.987602329457367e-6
-0.099,1.8670545815179545e-5,-9.816867600333386e-6
-0.098,1.8050597466295962e-5,-9.645006677658347e-6
-0.097,1.7444333290829754e-5,-9.472136787459979e-6
-0.096,1.6851624119754506e-5,-9.298374481750208e-6
-0.095,1.6272339557846223e-5,-9.123835593218008e-6
-0.094,1.5706347981976742e-5,-8.948635189543094e-6
-0.093,1.515351654021919e-5,-8.772887527335431e-6
-0.092,1.4613711151787356e-5,-8.596706005705976e-6
-0.091,1.408679650783132e-5,-8.420203119474512e-6
-0.09,1.3572636073111994e-5,-8.243490412020969e-6
-0.089,1.3071092088577661e-5,-8.06667842778708e-6
-0.088,1.258202557486599e-5,-7.889876664435724e-6
-0.087,1.210529633675539e-5,-7.713193524675911e-6
-0.086,1.1640762968590015e-5,-7.536736267761842e-6
-0.085,1.1188282860703109e-5,-7.360610960675093e-6
-0.084,1.074771220686383e-5,-7.18492242899956e-6
-0.083,1.031890601277314e-5,-7.009774207499413e-6
-0.082,9.901718105634749e-6,-6.835268490410944e-6
-0.081,9.496001144827599e-6,-6.661506081459862e-6
-0.08,9.101606633706796e-6,-6.488586343616263e-6
-0.079,8.71838493256041e-6,-6.316607148600232e-6
-0.078,8.346185272749995e-6,-6.145664826151744e-6
-0.077,7.984855772063185e-6,-5.975854113079318e-6
-0.076,7.63424345130728e-6,-5.807268102102665e-6
-0.075,7.294194252173147e-6,-5.639998190505366e-6
-0.074,6.964553056399353e-6,-5.47413402861453e-6
-0.073,6.645163706266986e-6,-5.309763468125181e-6
-0.072,6.3358690264561246e-6,-5.146972510288124e-6
-0.071,6.036510847295524e-6,-4.985845253980938e-6
-0.07,5.746930029437637e-6,-4.8264638436827565e-6
-0.069,5.4669664899917e-6,-4.6689084173745154e-6
-0.068,5.196459230148214e-6,-4.5132570543874285e-6
-0.067,4.935246364328786e-6,-4.359585723223552e-6
-0.066,4.683165150895947e-6,-4.207968229373454e-6
-0.065,4.44005202445822e-6,-4.05847616315721e-6
-0.064,4.205742629806421e-6,-3.911178847616204e-6
-0.063,3.98007185751788e-6,-3.766143286484497e-6
-0.062,3.7628738812660065e-6,-3.6234341122699142e-6
-0.061,3.5539821968734095e-6,-3.4831135344763704e-6
-0.06,3.3532296631475693e-6,-3.345241288000478e-6
-0.059,3.1604485445388876e-6,-3.2098745817369843e-6
-0.058,2.9754705556618264e-6,-3.077068047429207e-6
-0.057,2.798126907720738e-6,-2.946873688802311e-6
-0.056,2.6282483568829448e-6,-2.8193408310190263e-6
-0.055,2.465665254642621e-6,-2.694516070499241e-6
-0.054,2.3102076002200765e-6,-2.5724432251468155e-6
-0.053,2.161705095042145e-6,-2.4531632850289933e-6
-0.052,2.019987199350538e-6,-2.3367143635558807e-6
-0.051,1.8848831909862622e-6,-2.2231316492096803e-6
-0.05,1.7562222263994967e-6,-2.1124473578757034e-6
-0.049,1.6338334039357218e-6,-2.0046906858296082e-6
-0.048,1.5175458294503585e-6,-1.8998877634379071e-6
-0.047,1.4071886843057663e-6,-1.7980616096314819e-6
-0.046,1.3025912958061351e-6,-1.6992320872147063e-6
-0.045,1.2035832101276247e-6,-1.603415859075801e-6
-0.044,1.1099942678030626e-6,-1.5106263453672321e-6
-0.043,1.0216546818226284e-6,-1.4208736817283447e-6
-0.042,9.383951184142414e-7,-1.3341646786260087e-6
-0.041,8.600467805698613e-7,-1.2505027818928572e-6
-0.04,7.864414943866231e-7,-1.169888034546742e-6
-0.039,7.174117982946962e-7,-1.0923170399793465e-6
-0.038,6.527910352470143e-7,-1.017782926606489e-6
-0.037,5.924134479495994e-7,-9.462753140775771e-7
-0.036,5.361142772151638e-7,-8.777802811469304e-7
-0.035,4.837298635270492e-7,-8.122803353153584e-7
-0.034,4.3509775190543425e-7,-7.497543843564548e-7
-0.033,3.900568001731738e-7,-6.901777098486406e-7
-0.032,3.4844729072471693e-7,-6.335219428410809e-7
-0.031,3.1011104590838735e-7,-5.797550417892936e-7
-0.03,2.748915471400261e-7,-5.288412729046343e-7
-0.029,2.42634057874739e-7,-4.807411930709573e-7
-0.028,2.1318575057343798e-7,-4.3541163549173254e-7
-0.027,1.8639583781223306e-7,-3.928056982418481e-7
-0.026,1.6211570769578816e-7,-3.528727359103914e-7
-0.025,1.4019906375081118e-7,-3.1555835453404904e-7
-0.024,1.2050206949331904e-7,-2.808044100355834e-7
-0.023,1.0288349788368585e-7,-2.4854901039837976e-7
-0.022,8.720488590737277e-8,-2.1872652182659423e-7
-0.021,7.33306945474329e-8,-1.9126757916132145e-7
-0.02,6.11284744483822e-8,-1.660991008468722e-7
-0.019,5.0469037611110987e-8,-1.4314430876824237e-7
-0.018,4.122663550685208e-8,-1.2232275331183026e-7
-0.017,3.327914405701618e-8,-1.0355034403727011e-7
-0.016,2.6508255997883024e-8,-8.673938638997421e-8
-0.015,2.0799681238655115e-8,-7.17986249330168e-8
-0.014,1.6043355933673817e-8,-5.8633293635186596e-8
-0.013,1.2133661132255092e-8,-4.7145173821830887e-8
-0.012,8.969652053436511e-9,-3.7232660479829226e-8
-0.011,6.4552992736822066e-9,-2.8790837712250058e-8
-0.01,4.49974343677687e-9,-2.1711564268424056e-8
-0.009,3.017565532886211e-9,-1.5883570240665427e-8
-0.008,1.9290754055029604e-9,-1.1192566233611032e-8
-0.007,1.1606220257218424e-9,-7.521366597574372e-9
-0.006,6.449303877478742e-10,-4.750028707825092e-9
-0.005,3.2147193066202257e-10,-2.7560108252671427e-9
-0.004,1.368787786353732e-10,-1.414351894488038e-9
-0.003,4.541812041607818e-11,-5.978779242905867e-10
-0.002,9.55496480494935e-12,-1.774417902439865e-10
-0.001,6.591770738670349e-13,-2.220750860307179e-11
0.0,0.0,0.0
0.001,6.594796879480244e-13,2.2217370633056082e-11
0.002,9.56376943646947e-12,1.7759941151502024e-10
0.003,4.548105722927063e-11,5.986746460118325e-10
0.004,1.3713219754534631e-10,1.4168650372050065e-9
0.005,3.2221720625369495e-10,2.762132371011077e-9
0.006,6.467273634010143e-10,4.762689254563479e-9
0.007,1.1644001618505636e-9,7.544753857708153e-9
0.008,1.936261441063344e-9,1.1232337453534187e-8
0.009,3.0302266263575998e-9,1.5947058000242032e-8
0.01,4.520744863099836e-9,2.180797518586995e-8
0.011,6.4884758358747705e-9,2.89314436358723e-8
0.012,9.019992431740235e-9,3.7430981796149564e-8
0.013,1.2207504445445445e-8,4.741715455161416e-8
0.014,1.6148599830175234e-8,5.899746802606283e-8
0.015,2.0946000871657963e-8,7.227627529062392e-8
0.016,2.670733327034692e-8,8.735469191952315e-8
0.017,3.354490655036909e-8,1.0433052049465161e-7
0.018,4.1575504532155816e-8,1.2329818328823785e-7
0.019,5.0920184844048785e-8,1.4434866245509178e-7
0.02,6.170408663007611e-8,1.6756944714880724e-7
0.021,7.405624575215578e-8,1.9304448704451588e-7
0.022,8.810941689594404e-8,2.2085415180756205e-7
0.023,1.0399990207793957e-7,2.510751960952344e-7
0.024,1.2186738512267013e-7,2.8378072971926445e-7
0.025,1.4185477173675496e-7,3.1904019263156496e-7
0.026,1.641080348542556e-7,3.5691933442570183e-7
0.027,1.8877606496717755e-7,3.9748019807270477e-7
0.028,2.1601052518792285e-7,4.407811076326852e-7
0.029,2.45965710818187e-7,4.868766597038704e-7
0.03,2.787984132222338e-7,5.358177183885033e-7
0.031,3.146677878224439e-7,5.876514135709484e-7
0.032,3.537352260521272e-7,6.424211423175565e-7
0.033,3.961642311153116e-7,7.001665732206262e-7
0.034,4.4212029741595777e-7,7.609236535203308e-7
0.035,4.917707935301281e-7,8.24724618848934e-7
0.036,5.452848486043114e-7,8.915980054511267e-7
0.037,6.028332420715946e-7,9.615686647429937e-7
0.038,6.645882965848437e-7,1.034657780080065e-6
0.039,7.307237740726728e-7,1.1108828856122078e-6
0.04,8.014147748298402e-7,1.1902578871098323e-6
0.041,8.768376395589455e-7,1.2727930846520985e-6
0.042,9.571698542849659e-7,1.3584951970735566e-6
0.043,1.042589958068371e-6,1.447367388070995e-6
0.044,1.1332774534463204e-6,1.5394092938772275e-6
0.045,1.2294127195348584e-6,1.6346170524131876e-6
0.046,1.3311769277281096e-6,1.7329833338340166e-6
0.047,1.4387519599332732e-6,1.834497372388884e-6
0.048,1.5523203292827793e-6,1.9391449995180713e-6
0.049,1.6720651032673016e-6,2.046908678114417e-6
0.05,1.798169829235459e-6,2.157767537879578e-6
0.051,1.9308184622080136e-6,2.271697411708719e-6
0.052,2.0701952949561805e-6,2.388670873040232e-6
0.053,2.21648489029535e-6,2.508657274109904e-6
0.054,2.3698720155470657e-6,2.6316227850516134e-6
0.055,2.530541579123564e-6,2.757530433789187e-6
0.056,2.698678569190511e-6,2.886340146666414e-6
0.057,2.874467994364841e-6,3.0180087897645224e-6
0.058,3.0580948264057763e-6,3.152490210858577e-6
0.059,3.2497439448582105e-6,3.2897352819663126e-6
0.06,3.449600083608688e-6,3.4296919424448957e-6
0.061,3.65784777931518e-6,3.5723052425929716e-6
0.062,3.874671321672803e-6,3.7175173877171354e-6
0.063,4.100254705478493e-6,3.865267782623693e-6
0.064,4.334781584458473e-6,4.015493076498182e-6
0.065,4.578435226823195e-6,4.168127208136715e-6
0.066,4.8313984725151125e-6,4.32310145149467e-6
0.067,5.09385369211546e-6,4.48034446151972e-6
0.068,5.365982747376818e-6,4.639782320237528e-6
0.069,5.647966953348978e-6,4.801338583059783e-6
0.07,5.939987042066204e-6,4.964934325285506e-6
0.071,6.24222312776465e-6,5.130488188767755e-6
0.072,6.55485467359924e-6,5.297916428719043e-6
0.073,6.8780604598299086e-6,5.467132960629892e-6
0.074,7.212018553447666e-6,5.638049407276033e-6
0.075,7.556906279211442e-6,5.810575145790792e-6
0.076,7.912900192067226e-6,5.984617354780198e-6
0.077,8.280176050921485e-6,6.160081061459319e-6
0.078,8.658908793741356e-6,6.33686918878926e-6
0.079,9.049272513954563e-6,6.514882602595126e-6
0.08,9.451440438122468e-6,6.694020158646151e-6
0.081,9.865584904860143e-6,6.87417874967999e-6
0.082,1.0291877344977738e-5,7.055253352353989e-6
0.083,1.0730488262817895e-5,7.2371370741070185e-6
0.084,1.1181587218764345e-5,7.419721199916186e-6
0.085,1.164534281289725e-5,7.602895238933499e-6
0.086,1.2121922669771213e-5,7.786546970988194e-6
0.087,1.261149342429235e-5,7.97056249294116e-6
0.088,1.3114220708671085e-5,8.154826264878519e-6
0.089,1.3630269140427826e-5,8.339221156132039e-6
0.09,1.4159802311428929e-5,8.523628491114688e-6
0.091,1.470298277793083e-5,8.707928094960198e-6
0.092,1.525997205161047e-5,8.891998338956075e-6
0.093,1.583093059156059e-5,9.075716185760067e-6
0.094,1.6416017797228707e-5,9.258957234390586e-6
0.095,1.7015392002279025e-5,9.441595764982134e-6
0.096,1.762921046935675e-5,9.62350478329724e-6
0.097,1.8257629385734744e-5,9.804556064986935e-6
0.098,1.8900803859822577e-5,9.984620199592197e-6
0.099,1.955888791851859e-5,1.0163566634279327e-5
0.1,2.0232034505385625e-5,1.0341263717302554e-5
0.101,2.092039547963165e-5,1.0517578741187684e-5
0.102,2.1624121615876574e-5,1.0692377985630917e-5
0.103,2.2343362604686948e-5,1.0865526760107457e-5
0.104,2.307826705386062e-5,1.103688944618479e-5
0.105,2.382898249044348e-5,1.120632953953601e-5
0.106,2.4595655363460922e-5,1.1373709691648818e-5
0.107,2.5378431047346803e-5,1.1538891751226232e-5
0.108,2.6177453846053028e-5,1.170173680527534e-5
0.109,2.699286699782305e-5,1.186210521988077e-5
0.11,2.782481268061301e-5,1.2019856680659877e-5
0.111,2.8673432018144303e-5,1.21748502328969e-5
0.112,2.953886508657178e-5,1.2326944321353684e-5
0.113,3.0421250921751942e-5,1.247599682975484e-5
0.114,3.13207275270958e-5,1.262186511994544e-5
0.115,3.2237431881991293e-5,1.2764406070719683e-5
0.116,3.3171499950780324e-5,1.2903476116319166e-5
0.117,3.412306669227592e-5,1.3038931284599665e-5
0.118,3.5092266069805025e-5,1.3170627234865583e-5
0.119,3.607923106176276e-5,1.3298419295371415e-5
0.12,3.70840936726643e-5,1.3422162500489855e-5
0.121,3.8106984944680595e-5,1.3541711627546342e-5
0.122,3.914803496964448e-5,1.3656921233320086e-5
0.123,4.020737290151391e-5,1.3767645690211793e-5
0.124,4.1285126969279256e-5,1.3873739222078517e-5
0.125,4.238142449030185e-5,1.3975055939736263e-5
0.126,4.3496391884071165e-5,1.4071449876131114e-5
0.127,4.463015468636817e-5,1.4162775021179894e-5
0.128,4.578283756382271e-5,1.4248885356281486e-5
0.129,4.69545643288528e-5,1.4329634888500111e-5
0.13,4.8145457954974155e-5,1.4404877684422083e-5
0.131,4.935564059246822e-5,1.4474467903687591e-5
0.132,5.058523358439734e-5,1.4538259832199368e-5
0.133,5.1834357482955766e-5,1.4596107915010089e-5
0.134,5.310313206614556e-5,1.46478667888906e-5
0.135,5.4391676354766405e-5,1.4693391314581138e-5
0.136,5.570010862970871e-5,1.47325366087279e-5
0.137,5.702854644953946e-5,1.476515807550734e-5
0.138,5.8377106668370534e-5,1.4791111437940814e-5
0.139,5.974590545399928e-5,1.481025276890223e-5
0.14,6.113505830631132e-5,1.4822438521821462e-5
0.141,6.254468007593589e-5,1.4827525561086476e-5
0.142,6.397488498314393e-5,1.4825371192147113e-5
0.143,6.542578663697946e-5,1.481583319132366e-5
0.144,6.689749805461497e-5,1.4798769835323382e-5
0.145,6.839013168092153e-5,1.477403993046831e-5
0.146,6.990379940824468e-5,1.4741502841637625e-5
0.147,7.14386125963772e-5,1.4701018520928149e-5
0.148,7.299468209272006e-5,1.4652447536036409e-5
0.149,7.457211825262283e-5,1.4595651098365945e-5
0.15,7.61710309598954e-5,1.4530491090863514e-5
0.151,7.779152964748238e-5,1.4456830095587953e-5
0.152,7.943372331829233e-5,1.4374531421015555e-5
0.153,8.109772056617354e-5,1.42834591290858e-5
0.154,8.278362959702868e-5,1.4183478061991438e-5
0.155,8.44915582500605e-5,1.407445386871693e-5
0.156,8.62216140191409e-5,1.3956253031329288e-5
0.157,8.797390407429598e-5,1.3828742891025472e-5
0.158,8.974853528329961e-5,1.3691791673940513e-5
0.159,9.154561423336838e-5,1.3545268516720572e-5
0.16,9.336524725295071e-5,1.3389043491865218e-5
0.161,9.520754043360313e-5,1.3222987632843251e-5
0.162,9.707259965194693e-5,1.3046972958986404e-5
0.163,9.896053059169835e-5,1.2860872500165347e-5
0.164,0.00010087143876576548,1.2664560321252407e-5
0.165,0.00010280542953840573,1.2457911546375506e-5
0.166,0.00010476260814743699,1.2240802382967775e-5
0.167,0.00010674307972649639,1.2013110145617428e-5
0.168,0.00010874694932734035,1.1774713279722443e-5
0.169,0.00011077432194217979,1.1525491384954616e-5
0.17,0.0001128253025260445,1.1265325238537679e-5
0.171,0.00011489999601917068,1.0994096818344025e-5
0.172,0.0001169985073694058,1.0711689325814812e-5
0.173,0.00011912094155462514,1.0417987208708051e-5
0.174,0.00012126740360515417,1.0112876183679415e-5
0.175,0.0001234379986261914,9.796243258700507e-6
0.176,0.00012563283182022601,9.467976755319295e-6
0.177,0.00012785200850944515,9.127966330767486e-6
0.178,0.00013009563415812512,8.776102999919593e-6
0.179,0.00013236381439500183,8.412279157108496e-6
0.18,0.00013465665503561484,8.036388597802246e-6
0.181,0.00013697426210462015,7.648326540146944e-6
0.182,0.00013931674185806668,7.247989646380478e-6
0.183,0.00014168420080563172,6.835276044121931e-6
0.184,0.00014407674573280993,6.410085347541483e-6
0.185,0.00014649448372305198,5.9723186784156126e-6
0.186,0.00014893752217984716,5.521878687072425e-6
0.187,0.00015140596884874607,5.058669573231929e-6
0.188,0.0001538999318393183,4.582597106746081e-6
0.189,0.0001564195196470411,4.093568648243429e-6
0.19,0.00015896484117511369,3.591493169683145e-6
0.191,0.00016153600575619404,3.0762812748233123e-6
0.192,0.0001641331231740527,2.547845219608228e-6
0.193,0.00016675630368513978,2.0060989324795626e-6
0.194,0.00016940565804006116,1.4509580346161667e-6
0.195,0.00017208129750495918,8.823398601073172e-7
0.196,0.0001747833338827941,3.0016347606419765e-7
0.197,0.00017751187953452208,-2.9565029732561645e-7
0.198,0.00018026704740016562,-9.051788667958912e-7
0.199,0.00018304895101977262,-1.528497846046932e-6
0.2,0.00018585770455425995,-2.165681035833495e-6
0.201,0.00018869342280613768,-2.816800404090677e-6
0.202,0.00019155622124011025,-3.4819260660930592e-6
0.203,0.00019444621600355052,-4.161126264642394e-6
0.204,0.0001973635239468431,-4.854467350279142e-6
0.205,0.00020030826264359308,-5.562013761513167e-6
0.206,0.00020328055041069678,-6.2838280050689406e-6
0.207,0.00020628050632827026,-7.0199706361405875e-6
0.208,0.00020930825025943244,-7.770500238652147e-6
0.209,0.00021236390286993916,-8.535473405518436e-6
0.21,0.0002154475856476643,-9.314944718901916e-6
0.211,0.00021855942092192474,-1.0108966730460973e-5
0.212,0.00022169953188264533,-1.0917589941585065e-5
0.213,0.0002248680425993608,-1.17408627836122e-5
0.214,0.00022806507804005058,-1.2578831598024189e-5
0.215,0.00023129076408980352,-1.343154061661524e-5
0.216,0.00023454522756930868,-1.4299031941629339e-5
0.217,0.00023782859625316933,-1.5181345525862031e-5
0.218,0.0002411409988880361,-1.6078519152722125e-5
0.219,0.0002444825652105564,-1.699058841624893e-5
0.22,0.00024785342596513635,-1.7917586701080637e-5
0.221,0.0002512537129215124,-1.885954516236947e-5
0.222,0.00025468355889212856,-1.9816492705639313e-5
0.223,0.0002581430977493166,-2.0788455966581425e-5
0.224,0.0002616324644422755,-2.177545929078404e-5
0.225,0.000265151795013847,-2.277752471339154e-5
0.226,0.0002687012266170837,-2.3794671938688978e-5
0.227,0.0002722808975316067,-2.482691831960775e-5
0.228,0.0002758909471797498,-2.587427883714825e-5
0.229,0.0002795315161424856,-2.693676607971531e-5
0.23,0.000283202746175132,-2.801439022236238e-5
0.231,0.00028690478022283473,-2.9107159005940272e-5
0.232,0.00029063776243582265,-3.021507771614646e-5
0.233,0.00029440183818443296,-3.1338149162470885e-5
0.234,0.0002981971540739025,-3.247637365703424e-5
0.235,0.00030202385795892293,-3.362974899331481e-5
0.236,0.0003058820989579544,-3.479827042475988e-5
0.237,0.0003097720274672971,-3.598193064327778e-5
0.238,0.0003136937951749149,-3.71807197576068e-5
0.239,0.0003176475550740094,-3.839462527155698e-5
0.24,0.0003216334614763403,-3.962363206212105e-5
0.241,0.00032565167002528926,-4.086772235745072e-5
0.242,0.0003297023377086628,-4.21268757146946e-5
0.243,0.00033378562287123253,-4.340106899769395e-5
0.244,0.00033790168522700783,-4.469027635453268e-5
0.245,0.0003420506858712386,-4.599446919493792e-5
0.246,0.0003462327872921437,-4.7313616167527475e-5
0.247,0.0003504481533823631,-4.8647683136900764e-5
0.248,0.0003546969494501281,-4.999663316056953e-5
0.249,0.00035897934223014905,-5.136042646572487e-5
0.25,0.00036329549989421383,-5.273902042583727e-5
0.251,0.00036764559206149656,-5.413236953708589e-5
0.252,0.00037202978980857066,-5.554042539461413e-5
0.253,0.0003764482656791245,-5.696313666860771e-5
0.254,0.0003809011936933747,-5.840044908019228e-5
0.255,0.00038538874935717426,-5.985230537714713e-5
0.256,0.00038991110967081177,-6.131864530943173e-5
0.257,0.0003944684531374976,-6.279940560452206e-5
0.258,0.0003990609597715341,-6.42945199425534e-5
0.259,0.0004036888111061652,-6.580391893126663e-5
0.26,0.00040835219020110303,-6.732753008075486e-5
0.261,0.00041305128164972546,-6.886527777800737e-5
0.262,0.0004177862715859439,-7.041708326124798e-5
0.263,0.00042255734769073433,-7.198286459406473e-5
0.264,0.00042736469919833,-7.356253663932815e-5
0.265,0.00043220851690207085,-7.515601103289513e-5
0.266,0.0004370889931599055,-7.676319615709566e-5
0.267,0.00044200632189954293,-7.838399711399964e-5
0.268,0.00044696069862324805,-8.001831569846104e-5
0.269,0.0004519523204122791,-8.166605037093675e-5
0.27,0.00045698138593096136,-8.332709623007747e-5
0.271,0.0004620480954303933,-8.500134498508806e-5
0.272,0.00046715265075178143,-8.668868492785486e-5
0.273,0.0004722952553293991,-8.83890009048375e-5
0.274,0.0004774761141931653,-9.010217428872255e-5
0.275,0.00048269543397083914,-9.182808294983704e-5
0.276,0.0004879534228898252,-9.35666012273191e-5
0.277,0.000493250290778586,-9.53175999000437e-5
0.278,0.0004985862490676567,-9.708094615730107e-5
0.279,0.0005039615107902573,-9.88565035692258e-5
0.28,0.0005093762905824991,-0.00010064413205697436
0.281,0.0005148308046831784,-0.000102443687862649
0.282,0.0005203252709331553,-0.00010425502351896599
0.283,0.0005258599087743119,-0.00010607798781866628
0.284,0.0005314349392480838,-0.00010791242578366662
0.285,0.0005370505849935629,-0.00010975817863394926
0.286,0.0005427070702451641,-0.00011161508375618856
0.287,0.0005484046208298525,-0.00011348297467211253
0.288,0.0005541434641639252,-0.00011536168100659788
0.289,0.0005599238292493434,-0.00011725102845549675
0.29,0.0005657459466696091,-0.00011915083875319366
0.291,0.0005716100485851824,-0.0001210609296398911
0.292,0.0005775163687284319,-0.00012298111482862245
0.293,0.0005834651423981162,-0.0001249112039719906
0.294,0.0005894566064533875,-0.00012685100262863118
0.295,0.000595490999307316,-0.0001288003122293992
0.296,0.0006015685609199254,-0.0001307589300432774
0.297,0.0006076895327907381,-0.00013272664914300593
0.298,0.0006138541579508204,-0.0001347032583704317
0.299,0.0006200626809543269,-0.00013668854230157663
0.3,0.0006263153478695332,-0.00013868228121142394
0.301,0.0006326124062693555,-0.00014068425103842152
0.302,0.0006389541052213487,-0.0001426942233487015
0.303,0.0006453406952771787,-0.0001447119653000156
0.304,0.000651772428461561,-0.00014673723960538528
0.305,0.0006582495582606625,-0.00014876980449646636
0.306,0.0006647723396099572,-0.0001508094136866274
0.307,0.0006713410288815324,-0.0001528558163337417
0.308,0.0006779558838708371,-0.00015490875700269218
0.309,0.0006846171637828684,-0.00015696797562758929
0.31,0.0006913251292177872,-0.0001590332074737015
0.311,0.0006980800421559587,-0.00016110418309909813
0.312,0.0007048821659424108,-0.000163180628316005
0.313,0.0007117317652707028,-0.00016526226415187223
0.314,0.0007186291061661992,-0.00016734880681015495
0.315,0.0007255744559687413,-0.00016943996763080688
0.316,0.000732568083314709,-0.00017153545305048683
0.317,0.0007396102581184684,-0.00017363496456247908
0.318,0.0007467012515531944,-0.00017573819867632741
0.319,0.0007538413360310662,-0.00017784484687718413
0.32,0.0007610307851828241,-0.00017995459558487384
0.321,0.0007682698738366828,-0.0001820671261126736
0.322,0.0007755588779965944,-0.00018418211462580954
0.323,0.0007828980748198521,-0.00018629923209967147
0.324,0.0007902877425940288,-0.00018841814427774598
0.325,0.0007977281607132425,-0.0001905385116292695
0.326,0.0008052196096537401,-0.00019265998930660243
0.327,0.000812762370948795,-0.0001947822271023257
0.328,0.000820356727162906,-0.00019690486940606092
0.329,0.0008280029618652956,-0.00019902755516101598
0.33,0.0008357013596026942,-0.00020114991782025767
0.331,0.0008434522058714066,-0.00020327158530271264
0.332,0.0008512557870886506,-0.00020539217994889917
0.333,0.0008591123905631605,-0.00020751131847639113
0.334,0.0008670223044650463,-0.00020962861193501642
0.335,0.0008749858177949027,-0.00021174366566179223
0.336,0.0008830032203521565,-0.0002138560792355989
0.337,0.0008910748027026468,-0.00021596544643159534
0.338,0.0008992008561454279,-0.0002180713551753779
0.339,0.0009073816726787869,-0.0002201733874968861
0.34,0.0009156175449654671,-0.00022227111948405705
0.341,0.0009239087662970901,-0.00022436412123623208
0.342,0.0009322556305577643,-0.00022645195681731854
0.343,0.0009406584321868755,-0.00022853418420870926
0.344,0.0009491174661410465,-0.00023061035526196377
0.345,0.0009576330278552595,-0.00023268001565125392
0.346,0.0009662054132031315,-0.00023474270482557803
0.347,0.000974834918456332,-0.00023679795596074637
0.348,0.0009835218402431366,-0.00023884529591114276
0.349,0.0009922664755061044,-0.00024088424516126533
0.35,0.001001069121458872,-0.00024291431777705085
0.351,0.0010099300755420525,-0.0002449350213569867
0.352,0.0010188496353782312,-0.0002469458569830153
0.353,0.0010278280987260496,-0.00024894631917123415
0.354,0.0010368657634333654,-0.0002509358958223979
0.355,0.0010459629273894787,-0.00025291406817222554
0.356,0.001055119888476418,-0.00025488031074151897
0.357,0.0010643369445192718,-0.00025683409128609663
0.358,0.0010736143932355588,-0.0002587748707465489
0.359,0.0010829525321836245,-0.00026070210319781956
0.36,0.0010923516587100551,-0.000262615235798619
0.361,0.0011018120698960986,-0.00026451370874067565
0.362,0.0011113340625030815,-0.0002663969551978301
0.363,0.0011209179329168123,-0.00026826440127497944
0.364,0.0011305639770909592,-0.0002701154659568769
0.365,0.001140272490489394,-0.0002719495610567939
0.366,0.0011500437680274892,-0.0002737660911650502
0.367,0.0011598781040123587,-0.0002755644535974199
0.368,0.0011697757920820305,-0.00027734403834341916
0.369,0.0011797371251435422,-0.00027910422801448394
0.37,0.0011897623953099458,-0.0002808443977920433
0.371,0.001199851893836213,-0.0002825639153754977
0.372,0.0012100059110540277,-0.00028426214093010805
0.373,0.001220224736305457,-0.0002859384270348048
0.374,0.0012305086578754875,-0.00028759211862992433
0.375,0.0012408579629234159,-0.00028922255296488086
0.376,0.0012512729374130824,-0.00029082905954578274
0.377,0.001261753866041937,-0.00029241096008300106
0.378,0.0012723010321689244,-0.0002939675684387002
0.379,0.001282914717741178,-0.0002954981905743388
0.38,0.0012935952032195098,-0.00029700212449815033
0.381,0.0013043427675026862,-0.00029847866021261334
0.382,0.001315157687850476,-0.0002999270796619201
0.383,0.0013260402398054595,-0.00030134665667945455
0.384,0.001336990697113587,-0.00030273665693528884
0.385,0.0013480093316434749,-0.00030409633788370947
0.386,0.0013590964133044243,-0.0003054249487107829
0.387,0.0013702522099631562,-0.00030672173028197214
0.388,0.0013814769873592432,-0.0003079859150898147
0.389,0.0013927710090192325,-0.0003092167272016738
0.39,0.001404134536169443,-0.00031041338220757375
0.391,0.0014155678276474271,-0.00031157508716813184
0.392,0.0014270711398120816,-0.0003127010405625983
0.393,0.0014386447264523993,-0.0003137904322370165
0.394,0.0014502888386948446,-0.00031484244335251694
0.395,0.0014620037249093438,-0.0003158562463337559
0.396,0.001473789630613875,-0.0003168310048175139
0.397,0.0014856467983776463,-0.00031776587360146565
0.398,0.0014975754677228482,-0.0003186599985931359
0.399,0.00150957587502497,-0.0003195125167590548
0.4,0.0015216482534116636,-0.0003203225560741268
0.401,0.001533792832660145,-0.00032108923547122747
0.402,0.0015460098390931193,-0.00032181166479104337
0.403,0.0015582994954732143,-0.000322488944732169
0.404,0.0015706620208959152,-0.00032312016680147734
0.405,0.0015830976306809802,-0.000323704413264778
0.406,0.0015956065362623293,-0.0003242407570977804
0.407,0.0016081889450763904,-0.00032472826193737694
0.408,0.0016208450604488914,-0.0003251659820332632
0.409,0.001633575081480084,-0.0003255529621999116
0.41,0.001646379202928384,-0.00032588823776891603
0.411,0.0016592576150924214,-0.0003261708345417243
0.412,0.0016722105036914773,-0.0003263997687427764
0.413,0.0016852380497443043,-0.0003265740469730669
0.414,0.0016983404294463105,-0.0003266926661641489
0.415,0.001711517814045095,-0.0003267546135325997
0.416,0.0017247703697143243,-0.00032675886653496517
0.417,0.0017380982574259332,-0.000326704392823205
0.418,0.0017515016328206385,-0.00032659015020065533
0.419,0.0017649806460767513,-0.00032641508657853155
0.42,0.0017785354417772768,-0.00032617813993298994
0.421,0.001792166158775283,-0.0003258782382627699
0.422,0.0018058729300575328,-0.0003255142995474375
0.423,0.001819655882606359,-0.0003250852317062517
0.424,0.0018335151372597725,-0.00032458993255767585
0.425,0.001847450808569791,-0.00032402728977955556
0.426,0.0018614630046589725,-0.00032339618086998673
0.427,0.0018755518270751415,-0.0003226954731088962
0.428,0.0018897173706442962,-0.0003219240235203582
0.429,0.0019039597233216814,-0.0003210806788356709
0.43,0.0019182789660410144,-0.00032016427545721726
0.431,0.0019326751725618515,-0.00031917363942313414
0.432,0.0019471484093150832,-0.00031810758637281525
0.433,0.0019616987352465403,-0.00031696492151327355
0.434,0.001976326201658706,-0.0003157444395863881
0.435,0.0019910308520505104,-0.00031444492483706255
0.436,0.0020058127219552083,-0.00031306515098232133
0.437,0.0020206718387763114,-0.00031160388118137096
0.438,0.002035608221621578,-0.0003100598680066538
0.439,0.0020506218811350346,-0.00030843185341592264
0.44,0.002065712819327027,-0.00030671856872536404
0.441,0.0020808810294022807,-0.00030491873458380004
0.442,0.0020961264955859614,-0.0003030310609479963
0.443,0.002111449192947727,-0.0003010542470591084
0.444,0.002126849087223749,-0.0002989869814202947
0.445,0.002142326134636706,-0.00029682794177552746
0.446,0.002157880281713718,-0.0002945757950896337
0.447,0.0021735114651022305,-0.00029222919752959665
0.448,0.00218921961138382,-0.00028978679444715064
0.449,0.0022050046368859186,-0.0002872472203627018
0.45,0.0022208664474914416,-0.0002846090989506081
0.451,0.002236804938446312,-0.0002818710430258518
0.452,0.0022528199941648616,-0.00027903165453213943
0.453,0.002268911488033109,-0.00027608952453146273
0.454,0.002285079282209892,-0.0002730432331951574
0.455,0.002301323227425856,-0.00026989134979649366
0.456,0.002317643162780276,-0.00026663243270483615
0.457,0.0023340389155357077,-0.00026326502938140973
0.458,0.002350510300910458,-0.00025978767637670815
0.459,0.0023670571218688654,-0.00025619889932958375
0.46,0.002383679168909373,-0.0002524972129680565
0.461,0.002400376219850396,-0.00024868112111188197
0.462,0.002417148039613963,-0.00024474911667691666
0.463,0.0024339943800071335,-0.00024069968168132197
0.464,0.002450914979501167,-0.00023653128725364676
0.465,0.0024679095630084557,-0.00023224239364283032
0.466,0.0024849778416571886,-0.000227831450230167
0.467,0.0025021195125637602,-0.00022329689554327574
0.468,0.002519334258602901,-0.00021863715727211665
0.469,0.002536621748175529,-0.00021385065228709922
0.47,0.0025539816349743135,-0.00020893578665932572
0.471,0.0025714135577469405,-0.000203890955683015
0.472,0.00258891714005708,-0.00019871454390015206
0.473,0.0026064919900430417,-0.00019340492512740957
0.474,0.0026241377001741143,-0.00018796046248538827
0.475,0.002641853847004585,-0.000182379508430223
0.476,0.0026596399909254312,-0.00017666040478760334
0.477,0.002677495675913681,-0.00017080148278925646
0.478,0.002695420429279434,-0.00016480106311194255
0.479,0.002713413761410539,-0.00015865745591901203
0.48,0.0027314751655149296,-0.0001523689609045755
0.481,0.002749604117360605,-0.0001459338673403377
0.482,0.002767800075013259,-0.0001393504541251477
0.483,0.00278606247857155,-0.00013261698983731734
0.484,0.0028043907499000135,-0.0001257317327897621
0.485,0.0028227842923596097,-0.00011869293108801803
0.486,0.0028412424905359095,-0.00011149882269118918
0.487,0.0028597647099649123,-0.00010414763547588177
0.488,0.0028783502968564995,-9.663758730318058e-5
0.489,0.0028969985778155207,-8.896688608872472e-5
0.49,0.0029157088595605095,-8.113372987594039e-5
0.491,0.002934480428640038,-7.31363069124889e-5
0.492,0.0029533125511467004,-6.497279572998905e-5
0.493,0.0029722044724287354,-5.664136522707369e-5
0.494,0.0029911554167992853,-4.814017475584089e-5
0.495,0.003010164587243295,-3.946737421176123e-5
0.496,0.003029231165122054,-3.0621104127103035e-5
0.497,0.0030483543098753876,-2.1599495767938574e-5
0.498,0.0030675331587214955,-1.2400671234794667e-5
0.499,0.0030867668263544496,-3.02274356701211e-6
0.5,0.003106054404639352,6.536183149120928e-6
0.501,0.003125394962305159,1.6278013668395645e-5
0.502,0.0031447875446351825,2.6204661470802752e-5
0.503,0.0031642311731552705,3.6318048641678535e-5
0.504,0.003183724845319678,4.662010574780851e-5
0.505,0.0032032675341946357,5.711277170941953e-5
0.506,0.0032228581881396275,6.779799366799052e-5
0.507,0.0032424957304863842,7.867772684981094e-5
0.508,0.003262179059215609,8.975393442521551e-5
0.509,0.0032819070466314384,0.0001010285873634229
0.51,0.0033016785390336616,0.00011250366428290473
0.511,0.0033214923563877016,0.00012418115129721153
0.512,0.0033413472919923788,0.00013606304185617994
0.513,0.003361242112145467,0.00014815133658244612
0.514,0.0033811755558070624,0.000160448043103188
0.515,0.0034011463342607786,0.00017295517587701982
0.516,0.003421153130772784,0.0001856747560159596
0.517,0.0034411946002487048,0.00019860881110239114
0.518,0.0034612693688884097,0.00021175937500093997
0.519,0.003481376033838692,0.0002251284876651827
0.52,0.003501513162843881,0.00023871819493910722
0.521,0.003521679293894395,0.00025253054835324204
0.522,0.0035418729348732614,0.0002665676049153699
0.523,0.0035620925632006326,0.00028083142689574255
0.524,0.0035823366254763168,0.0002953240816067096
0.525,0.003602603537120351,0.0003100476411766765
0.526,0.00362289168201165,0.000325004182318304
0.527,0.0036431994121247464,0.00034019578609085995
0.528,0.0036635250471646684,0.00035562453765663603
0.529,0.003683866874199969,0.0003712925260313382
0.53,0.0037042231472939505,0.0003872018438283595
0.531,0.003724592087134112,0.00040335458699684536
0.532,0.0037449718806598547,0.0004197528545534559
0.533,0.0037653606806884806,0.0004363987483077334
0.534,0.0037857566055395234,0.0004532943725809795
0.535,0.0038061577386574457,0.0004704418339185465
0.536,0.0038265621282327442,0.0004878432407954462
0.537,0.0038469677868215053,0.0005055007033151781
0.538,0.0038673726909634488,0.0005234163329016799
0.539,0.0038877747807985067,0.000541592241984299
0.54,0.00390817195968198,0.0005600305436756852
0.541,0.0039285620937983224,0.0005787333514425042
0.542,0.003948943011773595,0.0005977027787688677
0.543,0.003969312504286645,0.0006169409388123774
0.544,0.003989668323679052,0.000636449944052679
0.545,0.004010008183563915,0.0006562319059324199
0.546,0.004030329758433494,0.0006762889344905052
0.547,0.004050630683265812,0.000696623137987544
0.548,0.004070908553130237,0.0007172366225233766
0.549,0.004091160922792111,0.0007381314916465764
0.55,0.004111385306316504,0.0007593098459558121
0.551,0.004131579176671133,0.0007807737826929619
0.552,0.004151739965328525,0.0008025253953278657
0.553,0.00417186506186748,0.000824566773134603
0.554,0.004191951813573912,0.0008469000007591804
0.555,0.0042119975250411315,0.0008695271577785156
0.556,0.004231999457769639,0.0008924503182505992
0.557,0.004251954829766511,0.000915671550255719
0.558,0.004271860815144449,0.0009391929154286254
0.559,0.004291714543720569,0.0009630164684815227
0.56,0.004311513100615009,0.0009871442567177607
0.561,0.00433125352584945,0.0010115783195361091
0.562,0.004350932813945612,0.001036320687925491
0.563,0.004370547913523833,0.0010613733839500501
0.564,0.004390095726901801,0.0010867384202244298
0.565,0.004409573109693551,0.0011124177993791352
0.566,0.004428976870408794,0.0011384135135158568
0.567,0.004448303770052693,0.0011647275436526205
0.568,0.0044675505217261855,0.001191361859158641
0.569,0.0044867137902269245,0.0012183184171787487
0.57,0.004505790191650985,0.0012455991620472539
0.571,0.0045247762929954,0.001273206024691123
0.572,0.004543668611761653,0.0013011409220223303
0.573,0.004562463615560248,0.0013294057563192497
0.574,0.0045811577217164355,0.001358002414596957
0.575,0.004599747296877252,0.0013869327679663015
0.576,0.004618228656619959,0.0014161986709816093
0.577,0.004636598065062018,0.0014458019609768873
0.578,0.004654851734472722,0.0014757444573903794
0.579,0.004672985824886614,0.0015060279610773417
0.58,0.0046909964437188145,0.0015366542536108902
0.581,0.0047088796453823994,0.0015676250965707846
0.582,0.004726631430907955,0.0015989422308199973
0.583,0.004744247747565466,0.0016306073757689308
0.584,0.0047617244884886525,0.0016626222286271323
0.585,0.004779057492301927,0.0016949884636423616
0.586,0.004796242542750111,0.0017277077313268639
0.587,0.004813275368331054,0.0017607816576706997
0.588,0.004830151641931319,0.0017942118433419807
0.589,0.0048468669804651076,0.0018279998628738616
0.59,0.004863416944516551,0.001862147263838137
0.591,0.004879797037985571,0.0018966555660052886
0.592,0.004896002707737461,0.001931526260490829
0.593,0.004912029343256353,0.0019667608088877898
0.594,0.00492787227630278,0.002002360642385194
0.595,0.004943526780575476,0.0020383271608723575
0.596,0.004958988071377622,0.0020746617320288627
0.597,0.004974251305287728,0.0021113656904000423
0.598,0.00498931157983533,0.0021484403364578145
0.599,0.0050041639331817106,0.0021858869356467087
0.6,0.005018803343805849,0.0022237067174149167
0.601,0.005033224730195784,0.002261900874230209
0.602,0.005047422950545632,0.00230047056058055
0.603,0.005061392802458447,0.002339416891959247
0.604,0.0050751290226551645,0.0023787409438344605
0.605,0.005088626286689829,0.0024184437506029237
0.606,0.005101879208671362,0.0024585263045276786
0.607,0.005114882340992079,0.002498989554659683
0.608,0.0051276301740632154,0.002539834405743096
0.609,0.0051401171360576856,0.002581061717104089
0.61,0.005152337592660339,0.00262267230152299
0.611,0.005164285846825961,0.0026646669240896017
0.612,0.005175956138545278,0.0027070463010415106
0.613,0.005187342644619232,0.0027498110985852125
0.614,0.005198439478441801,0.002792961931699872
0.615,0.00520924068979163,0.0028364993629235464
0.616,0.005219740264632762,0.0028804239011216842
0.617,0.0052299321249247655,0.0029247360002377216
0.618,0.005239810128442528,0.002969436058025595
0.619,0.005249368068606043,0.003014524414763984
0.62,0.00525859967432048,0.0030600013519521017
0.621,0.005267498609826857,0.0031058670909868426
0.622,0.005276058474563636,0.003152121791821109
0.623,0.005284272803039558,0.003198765551603118
0.624,0.005292135064718069,0.0032457984032965076
0.625,0.005299638663913662,0.0032932203142810447
0.626,0.005306776939700481,0.003341031184933749
0.627,0.0053135431658335635,0.0033892308471902334
0.628,0.0053199305506830535,0.003437819063086076
0.629,0.0053259322371817805,0.0034867955232780134
0.63,0.005331541302786571,0.0035361598455447758
0.631,0.005336750759453676,0.0035859115732673505
0.632,0.005341553553628716,0.0036360501738884853
0.633,0.00534594256625155,0.003686575037351224
0.634,0.005349910612776465,0.0037374854745162783
0.635,0.005353450443208118,0.003788780715558023
0.636,0.005356554742153664,0.0038404599083389254
0.637,0.005359216128891497,0.003892522116762186
0.638,0.0053614271574570615,0.003944966319102397
0.639,0.005363180316746186,0.003997791406313998
0.64,0.005364468030636422,0.0040509961803173325
0.641,0.0053652826581268446,0.004104579352262085
0.642,0.005365616493496827,0.00415853954076788
0.643,0.005365461766484271,0.00421287527014185
0.644,0.005364810642483822,0.004267584968572935
0.645,0.005363655222765577,0.0043226669663027064
0.646,0.005361987544714829,0.004378119493772499
0.647,0.0053597995820934,0.0044339406797466304
0.648,0.0053570832453231,0.004490128549411482
0.649,0.005353830381791923,0.004546681022450225
0.65,0.005350032776183524,0.004603595911092967
0.651,0.005345682150830606,0.004660870918142091
0.652,0.00534077016609282,0.004718503634972562
0.653,0.005335288420759805,0.004776491539506978
0.654,0.005329228452480015,0.004834831994165127
0.655,0.005322581738215988,0.00489352224378783
0.656,0.005315339694726728,0.0049525594135348275
0.657,0.0053074936790779015,0.0050119405067564895
0.658,0.005299034989180542,0.005071662402839098
0.659,0.005289954864358995,0.005131721855023487
0.66,0.005280244485948839,0.005192115488196782
0.661,0.005269894977925551,0.00525283979665702
0.662,0.005258897407564689,0.005313891141850396
0.663,0.005247242786134387,0.005375265750080907
0.664,0.005234922069620997,0.005436959710192147
0.665,0.005221926159488691,0.005498968971221016
0.666,0.005208245903473917,0.0055612893400230875
0.667,0.005193872096415555,0.005623916478869417
0.668,0.005178795481121714,0.005686845903014515
0.669,0.005163006749274073,0.005750072978235266
0.67,0.005146496542370733,0.005813592918340542
0.671,0.00512925545270856,0.005877400782651253
0.672,0.005111274024406011,0.005941491473450611
0.673,0.005092542754467495,0.006005859733404343
0.674,0.005073052093890305,0.006070500142950618
0.675,0.005052792448815234,0.006135407117659451
0.676,0.005031754181721973,0.006200574905561317
0.677,0.005009927612670454,0.006265997584444765
0.678,0.00498730302058931,0.006331669059122754
0.679,0.0049638706446126675,0.006397583058667515
0.68,0.004939620685466526,0.006463733133613651
0.681,0.004914543306906001,0.0065301126531292835
0.682,0.004888628637204746,0.006596714802154993
0.683,0.004861866770697924,0.0066635325785103115
0.684,0.004834247769380114,0.006730558789967571
0.685,0.004805761664559589,0.006797786051292853
0.686,0.00477639845857046,0.006865206781253845
0.687,0.004746148126544175,0.006932813199594375
0.688,0.004715000618241986,0.007000597323975428
0.689,0.0046829458599499515,0.0070685509668824255
0.69,0.004649973756438167,0.0071366657324986
0.691,0.004616074192985925,0.007204933013544247
0.692,0.004581237037474559,0.0072733439880817005
0.693,0.004545452142549805,0.007341889616285849
0.694,0.004508709347855536,0.007410560637180036
0.695,0.004470998482340811,0.007479347565337205
0.696,0.004432309366642213,0.007548240687546133
0.697,0.004392631815543539,0.007617230059442661
0.698,0.004351955640514947,0.007686305502105788
0.699,0.00431027065233374,0.007755456598618553
0.7,0.004267566663789031,0.007824672690593618
0.701,0.0042238334924726215,0.007893942874663523
0.702,0.004179060963658454,0.007963255998935546
0.703,0.004133238913273137,0.008032600659411184
0.704,0.004086357190960062,0.008101965196370258
0.705,0.004038405663239748,0.00817133769071968
0.706,0.003989374216769126,0.00824070596030695
0.707,0.003939252761702539,0.008310057556198498
0.708,0.0038880312351573664,0.008379379758922976
0.709,0.0038356996047872287,0.008448659574679685
0.71,0.0037822478724658577,0.008517883731512353
0.711,0.0037276660780847944,0.008587038675448487
0.712,0.0036719443034681928,0.008656110566604616
0.713,0.0036150726764081075,0.008725085275257748
0.714,0.003557041374823748,0.00879394837788345
0.715,0.0034978406310483038,0.008862685153160984
0.716,0.0034374607362470558,0.008931280577946026
0.717,0.0033758920449706077,0.00899971932321151
0.718,0.0033131249798471966,0.009067985749957264
0.719,0.0032491500364181733,0.00913606390508915
0.72,0.0031839577881208653,0.009203937517268475
0.721,0.003117538891423179,0.009271589992732568
0.722,0.0030498840911144355,0.009339004411087492
0.723,0.002980984225757072,0.009406163521073924
0.724,0.002910830233304001,0.009473049736307408
0.725,0.0028394131568865544,0.009539645130994206
0.726,0.002766724150778114,0.009605931435624167
0.727,0.0026927544865386777,0.009671890032642115
0.728,0.002617495559345781,0.009737501952099405
0.729,0.0025409388945173616,0.009802747867287425
0.73,0.002463076154232329,0.009867608090354973
0.731,0.00238389914445478,0.009932062567911643
0.732,0.0023033998220679786,0.009996090876619427
0.733,0.0022215703022244143,0.010059672218775026
0.734,0.0021384028659184318,0.0101227854178855
0.735,0.002053889967788131,0.010185408914240064
0.736,0.00196802424415343,0.010247520760481164
0.737,0.0018807985212973843,0.010309098617178039
0.738,0.0017922058239980654,0.010370119748406369
0.739,0.001702239384318514,0.010430561017337775
0.74,0.0016108926506624914,0.010490398881843261
0.741,0.0015181592971039686,0.010549609390114921
0.742,0.0014240332329985201,0.010608168176310648
0.743,0.0013285086128850025,0.010666050456226782
0.744,0.0012315798466861231,0.010723231023004083
0.745,0.0011332416102167373,0.010779684242872734
0.746,0.0010334888560089254,0.01083538405094247
0.747,0.0009323168244631444,0.010890303947044351
0.748,0.0008297210553349633,0.010944416991631135
0.749,0.0007256973995671251,0.010997695801743642
0.75,0.0006202420314769041,0.011050112547051016
0.751,0.0005133514613089472,0.011101638945973281
0.752,0.0004050225481640139,0.011152246261895116
0.753,0.00029525251331424156,0.011201905299480407
0.754,0.00018403895391577908,0.011250586401097624
0.755,7.137985712983494e-5,0.011298259443366822
0.756,-4.272638533661348e-5,0.011344893833839645
0.757,-0.0001582809622590137,0.011390458507824433
0.758,-0.0002752846274807188,0.011434921925369324
0.759,-0.00039373768404397106,0.011478252068416905
0.76,-0.0005136399678544498,0.01152041643814492
0.761,-0.0006349908308673057,0.011561382052508264
0.762,-0.0007577891237824833,0.01160111544399848
0.763,-0.0008820331782370296,0.011639582657637917
0.764,-0.0010077207884820096,0.011676749249226594
0.765,-0.0011348491925315947,0.011712580283861015
0.766,-0.001263415052771858,0.011747040334745095
0.767,-0.0013934144360168259,0.011780093482314633
0.768,-0.001524842792999357,0.011811703313697835
0.769,-0.0016576949372845077,0.011841832922535739
0.77,-0.001791965023593154,0.011870444909187598
0.771,-0.0019276465255238003,0.011897501381347675
0.772,-0.0020647322126607155,0.011922963955101328
0.773,-0.002203214127056808,0.011946793756449662
0.774,-0.0023430835590799617,0.011968951423333637
0.775,-0.0024843310226119585,0.011989397108190043
0.776,-0.002626946229589553,0.012008090481073423
0.777,-0.0027709180638778104,0.012024990733379782
0.778,-0.0029162345544664274,0.012040056582209578
0.779,-0.003062882847980452,0.012053246275409485
0.78,-0.003210849180497628,0.01206451759733417
0.781,-0.0033601188486654773,0.012073827875371389
0.782,-0.0035106761801122505,0.012081133987275682
0.783,-0.0036625045031469985,0.012086392369358052
0.784,-0.0038155861157452824,0.012089559025581125
0.785,-0.0039699022538184185,0.012090589537611555
0.786,-0.004125433058765701,0.012089439075883593
0.787,-0.0042821575443107406,0.01208606241173016
0.788,-0.0044400535626248966,0.012080413930640008
0.789,-0.0045990977697428406,0.01207244764670204
0.79,-0.004759265590277499,0.012062117218300226
0.791,-0.004920531181444039,0.012049375965125097
0.792,-0.005082867396405208,0.01203417688657019
0.793,-0.005246245746953186,0.012016472681584423
0.794,-0.005410636365546213,0.011996215770053878
0.795,-0.005576007966721576,0.011973358315788912
0.796,-0.005742327807910184,0.011947852251195146
0.797,-0.005909561649681798,0.011919649303709267
0.798,-0.006077673715454189,0.011888701024083048
0.799,-0.006246626650703962,0.011854958816601412
0.8,-0.006416381481721573,0.011818373971322613
0.801,-0.006586897573958199,0.011778897698430903
0.802,-0.006758132590017595,0.011736481164794121
0.803,-0.006930042447351883,0.01169107553282061
0.804,-0.007102581275726444,0.011642632001711756
0.805,-0.007275701374525634,0.01159110185120798
0.806,-0.0074493531699780634,0.011536436487927518
0.807,-0.0076234851723875055,0.01147858749439843
0.808,-0.007798043933463363,0.011417506680885215
0.809,-0.00797297400385278,0.011353146140111974
0.81,-0.008148217890985162,0.011285458304984251
0.811,-0.008323716017348964,0.011214396009411527
0.812,-0.008499406679330069,0.01113991255233173
0.813,-0.008675226006751099,0.011061961765037962
0.814,-0.008851107923261315,0.010980498081906043
0.815,-0.00902698410773763,0.010895476614619167
0.816,-0.009202783956868438,0.010806853229983114
0.817,-0.009378434549103618,0.01071458463142182
0.818,-0.009553860610166057,0.010618628444238734
0.819,-0.009728984480332428,0.010518943304724197
0.82,-0.00990372608370363,0.01041548895318293
0.821,-0.010078002899698318,0.010308226330948697
0.822,-0.010251729937016183,0.010197117681445005
0.823,-0.010424819710331091,0.010082126655341583
0.824,-0.010597182219987816,0.009963218419845902
0.825,-0.01076872493498976,0.009840359772157347
0.826,-0.010939352779578774,0.009713519257098726
0.827,-0.01110896812372182,0.009582667288925347
0.828,-0.01127747077783267,0.009447776277296104
0.829,-0.01144475799207005,0.009308820757373599
0.83,-0.011610724460566458,0.009165777524001367
0.831,-0.011775262330954208,0.009018625769885626
0.832,-0.011938261219566915,0.008867347227686609
0.833,-0.012099608232705549,0.008711926315900436
0.834,-0.01225918799436814,0.00855235028838658
0.835,-0.01241688268085101,0.008388609387368202
0.836,-0.012572572062636954,0.008220696999703075
0.837,-0.012726133553991813,0.008048609816191347
0.838,-0.01287744227069519,0.007872347993653125
0.839,-0.013026371096333455,0.007691915319473733
0.84,-0.013172790757583404,0.00750731937827763
0.841,-0.01331656990891278,0.00731857172035342
0.842,-0.013457575227119075,0.0071256880314121175
0.843,-0.013595671516120306,0.006928688303219208
0.844,-0.013730721822400649,0.006727597004597931
0.845,-0.013862587561499513,0.006522443252256968
0.846,-0.013991128655914772,0.006313260980850497
0.847,-0.014116203684768966,0.0061000891116325335
0.848,-0.014237670045561288,0.005882971719021028
0.849,-0.01435538412829775,0.005661958194340504
0.85,-0.014469201502256801,0.005437103405965493
0.851,-0.014578977115607792,0.005208467855041074
0.852,-0.014684565508054675,0.004976117825911766
0.853,-0.014785821036627213,0.004740125530346448
0.854,-0.014882598114686502,0.004500569244605216
0.855,-0.014974751464150718,0.004257533438354851
0.856,-0.015062136380880733,0.004011108894403241
0.857,-0.015144609013093509,0.0037613928181904
0.858,-0.015222026652594041,0.003508488935945245
0.859,-0.015294248038534356,0.003252507580393607
0.86,-0.015361133673320659,0.0029935657628848518
0.861,-0.015422546150197562,0.0027317872307925264
0.862,-0.015478350491941852,0.002467302509039383
0.863,-0.015528414499997577,0.002200248924599621
0.864,-0.015572609113280305,0.0019307706128418763
0.865,-0.015610808775771446,0.0016590185045960543
0.866,-0.015642891811914448,0.0013851502928561286
0.867,-0.01566874080871422,0.001109330378070088
0.868,-0.015688243003330146,0.0008317297910178372
0.869,-0.015701290674842515,0.0005525260923384385
0.87,-0.01570778153876315,0.0002719032478400378
0.871,-0.01570761914275466,-9.948521190645172e-6
0.872,-0.015700713261920133,-0.0002928329133670664
0.873,-0.015686980291927603,-0.0005765477488505515
0.874,-0.015666343638142656,-0.0008608851977288411
0.875,-0.015638734098859006,-0.0011456320354571482
0.876,-0.01560409024064295,-0.0014305699255520866
0.877,-0.015562358763743591,-0.0017154757295770374
0.878,-0.015513494855469103,-0.002000121844295962
0.879,-0.015457462529390398,-0.0022842765657022364
0.88,-0.015394234948209368,-0.0025677044794508714
0.881,-0.015323794728120108,-0.002850166877037693
0.882,-0.01524613422249952,-0.003131422196879159
0.883,-0.015161255782789256,-0.003411226489252998
0.884,-0.015069171994474908,-0.0036893339038645227
0.885,-0.014969905886131408,-0.003965497198608136
0.886,-0.014863491109585965,-0.004239468267900198
0.887,-0.014749972089352015,-0.004510998688770075
0.888,-0.014629404139609324,-0.004779840282713035
0.889,-0.014501853547146445,-0.005045745691133809
0.89,-0.014367397618841657,-0.005308468962045354
0.891,-0.014226124692436363,-0.005567766145535667
0.892,-0.014078134109549835,-0.005823395895378728
0.893,-0.013923536150094758,-0.006075120074045568
0.894,-0.013762451927477593,-0.00632270435827017
0.895,-0.013595013244204668,-0.00656591884224402
0.896,-0.013421362407761988,-0.006804538635454251
0.897,-0.013241652006891763,-0.007038344452144708
0.898,-0.013056044648649184,-0.007267123189368088
0.899,-0.01286471265688651,-0.007490668490611221
0.9,-0.012667837733075225,-0.007708781292015159
0.901,-0.012465610580638206,-0.007921270348277165
0.902,-0.01225823049421986,-0.008127952735412728
0.903,-0.01204590491556981,-0.008328654327671983
0.904,-0.01182884895795282,-0.0085232102460455
0.905,-0.01160728490122094,-0.008711465275958147
0.906,-0.01138144165989142,-0.00889327425193529
0.907,-0.01115155422676298,-0.009068502407230955
0.908,-0.010917863094771737,-0.009237025686631106
0.909,-0.010680613659934451,-0.00939873102088411
0.91,-0.010440055608349232,-0.009553516561462807
0.911,-0.010196442290321198,-0.00970129187462519
0.912,-0.00995003008475176,-0.009841978094011354
0.913,-0.009701077756974767,-0.009975508031289467
0.914,-0.009449845813240147,-0.010101826244640963
0.915,-0.009196595855036393,-0.01022088906515131
0.916,-0.008941589936407233,-0.010332664581445168
0.917,-0.008685089927356305,-0.010437132583170639
0.918,-0.008427356886347269,-0.010534284464193744
0.919,-0.00816865044479723,-0.010624123086609212
0.92,-0.007909228206329985,-0.010706662606904368
0.921,-0.007649345163404529,-0.010781928265827745
0.922,-0.007389253133765222,-0.010849956143710903
0.923,-0.007129200218975566,-0.010910792883169486
0.924,-0.006869430287099724,-0.010964495381266579
0.925,-0.006610182481387373,-0.011011130453356813
0.926,-0.006351690756600466,-0.011050774470943022
0.927,-0.006094183444397749,-0.011083512975968048
0.928,-0.00583788284896651,-0.01110944027403266
0.929,-0.005583004873863811,-0.011128659009076418
0.93,-0.005329758680803291,-0.011141279722082625
0.931,-0.005078346380901005,-0.011147420396371472
0.932,-0.004828962758676435,-0.01114720599202844
0.933,-0.004581795028894821,-0.011140767971978913
0.934,-0.004337022626135888,-0.01112824382216606
0.935,-0.004094817026783313,-0.011109776568218963
0.936,-0.0038553416029502925,-0.011085514290912934
0.937,-0.003618751507690207,-0.011055609642626021
0.938,-0.0033851935906886424,-0.01102021936688601
0.939,-0.003154806343494419,-0.010979503822982989
0.94,-0.0029277198732233305,-0.010933626517495042
0.941,-0.002704055903559175,-0.010882753644440817
0.942,-0.002483927801782476,-0.010827053635634016
0.943,-0.002267440630477892,-0.010766696722673058
0.944,-0.0020546912225064507,-0.01070185451185548
0.945,-0.0018457682777780152,-0.010632699573162796
0.946,-0.0016407524803222539,-0.010559405044318506
0.947,-0.0014397166341322044,-0.010482144250781183
0.948,-0.0012427258162426035,-0.010401090342396967
0.949,-0.0010498375455046515,-0.01031641594730245
0.95,-0.0008611019655289971,-0.010228292843540494
0.951,-0.000676562040288535,-0.010136891648728937
0.952,-0.0004962537609012099,-0.010042381528005791
0.953,-0.0003202063621494775,-0.009944929920364989
0.954,-0.0001484425473364712,-0.009844702283394393
0.955,1.902127987166751e-5,-0.009741861856332827
0.956,0.00018217477791329585,-0.00963656944127554
0.957,0.0003410134253458196,-0.009528983202277831
0.958,0.000495538275582255,-0.009419258482034565
0.959,0.0006457557094598905,-0.009307547635748847
0.96,0.0007916771866843336,-0.009193999881746158
0.961,0.0009333189971242025,-0.009078761168340494
0.962,0.0010707020128630884,-0.008961974056416263
0.963,0.0012038514418467666,-0.008843777617153669
0.964,0.0013327965838954724,-0.008724307344295548
0.965,0.0014575705897838683,-0.008603695080330011
0.966,0.0015782102240254987,-0.008482068955945193
0.967,0.0016947556319344336,-0.008359553342099585
0.968,0.0018072501114747407,-0.008236268814043669
0.969,0.0019157398903486425,-0.008112332126625009
0.97,0.002020273908716955,-0.007987856200209732
0.971,0.0021209036078907824,-0.00786295011655764
0.972,0.002217682725281647,-0.007737719123995896
0.973,0.002310667095848299,-0.00761226465124682
0.974,0.0023999144602324797,-0.0074866843292785935
0.975,0.0024854842797328927,-0.007361072020563083
0.976,0.0025674375582266104,-0.007235517855142439
0.977,0.002645836671110041,-0.007110108272925125
0.978,0.0027207452012973934,-0.0069849260716524164
0.979,0.002792227782283222,-0.006860050459997865
0.98,0.0028603499482470476,-0.006735557115284503
0.981,0.002925177991152103,-0.006611518245327503
0.982,0.0029867788247669182,-0.006488002653933278
0.983,0.003045219855517528,-0.006365075809609582
0.984,0.003100568860059532,-0.006242799917064775
0.985,0.0031528938694428865,-0.006121233991097875
0.986,0.003202263059728033,-0.006000433932504374
0.987,0.0032487446488996988,-0.005880452605645674
0.988,0.0032924067999142363,-0.00576133991735255
0.989,0.0033333175297076425,-0.0056431428968549985
0.99,0.003371544623984246,-0.005525905776452234
0.991,0.0034071555576003906,-0.005409670072657285
0.992,0.003440217420353111,-0.005294474667570684
0.993,0.0034707968479807247,-0.005180355890256994
0.994,0.0034989599581803166,-0.005067347597916392
0.995,0.003524772291446164,-0.00495548125666122
0.996,0.0035482987565331604,-0.004844786021724309
0.997,0.0035696035803501275,-0.004735288816941874
0.998,0.003588750262089483,-0.004627014413369088
0.999,0.003605801531401965,-0.004519985506900784
1.0,0.003620819310427941,-0.004414222794783401
1.001,0.0036338646795001242,-0.004309745050917057
1.002,0.003644997846336309,-0.004206569199858711
1.003,0.003654278118544843,-0.004104710389448622
1.004,0.0036617638792700124,-0.004004182061992895
1.005,0.0036675125658092206,-0.0039049960239446804
1.006,0.0036715806510387605,-0.0038071625140358133
1.007,0.0036740236274900658,-0.0037106902698191024
1.008,0.003674895993923534,-0.0036155865925893687
1.009,0.003674251244252323,-0.0035218574106585694
1.01,0.003672141858673863,-0.003429507340967025
1.011,0.0036686192968722175,-0.0033385397490188883
1.012,0.003663733993159799,-0.0032489568071355983
1.013,0.003657535353432291,-0.003160759551026188
1.014,0.0036500717538159454,-0.003073947934677946
1.015,0.0036413905408916444,-0.002988520883575167
1.016,0.0036315380333852947,-0.0029044763462575066
1.017,0.0036205595252191644,-0.0028218113442328874
1.018,0.003608499289823746,-0.002740522020262947
1.019,0.003595400585614551,-0.0026606036850417413
1.02,0.0035813056625429696,-0.0025820508622908123
1.021,0.0035662557696348957,-0.0025048573322958454
1.022,0.003550291163435283,-0.002429016173911977
1.023,0.0035334511172810724,-0.002354519805066389
1.024,0.0035157739313291174,-0.002281360021788199
1.025,0.0034972969432697327,-0.002209528035796769
1.026,0.003478056539660354,-0.002139014510680512
1.027,0.0034580881678175357,-0.002069809596699033
1.028,0.0034374263482090574,-0.002001902964242016
1.029,0.0034161046872913645,-0.0019352838359787319
1.03,0.0033941558907408316,-0.0018699410177323253
1.031,0.003371611777030486,-0.0018058629281132185
1.032,0.00334850329130684,-0.001743037626946032
1.033,0.003324860519524323,-0.0016814528425243775
1.034,0.003300712702797571,-0.001621095997727744
1.035,0.0032760882519343977,-0.001561954235034477
1.036,0.003251014762114785,-0.0015040144404645588
1.037,0.003225519027683556,-0.0014472632664855396
1.038,0.0031996270570266512,-0.0013916871539145462
1.039,0.0031733640875030397,-0.0013372723528488346
1.04,0.0031467546004063144,-0.0012840049426568292
1.041,0.0031198223359319246,-0.0012318708510610443
1.042,0.0030925903081278016,-0.0011808558723436981
1.043,0.003065080819807843,-0.00113094568470521
1.044,0.0030373154774093205,-0.0010821258668051407
1.045,0.003009315205776811,-0.001034381913514475
1.046,0.002981100262856673,-0.000987699250907474
1.047,0.0029526902542874435,-0.0009420632505206416
1.048,0.0029241041478728085,-0.0008974592429056593
1.049,0.0028953602879249834,-0.0008538725305024404
1.05,0.00286647640946748,-0.0008112883998577599
1.051,0.002837469652287275,-0.0007696921332142124
1.052,0.002808356574827402,-0.0007290690194935473
1.053,0.0027791531679118996,-0.0006894043646977412
1.054,0.0027498748682959415,-0.0006506835017504695
1.055,0.002720536572034754,-0.0006128917998009572
1.056,0.0026911526476657297,-0.0005760146730115138
1.057,0.0026617369491988086,-0.0005400375888493857
1.058,0.002632302828910908,-0.0005049460759029046
1.059,0.00260286314994076,-0.0004707257312412639
1.06,0.0025734302986811213,-0.0004373622273366197
1.061,0.0025440161969658274,-0.00040484131856658806
1.062,0.00251463231404969,-0.00037314884731460646
1.063,0.002485289678379666,-0.00034227074968502515
1.064,0.002455998889156185,-0.0003121930608492151
1.065,0.0024267701276838856,-0.00028290192003840923
1.066,0.0023976131685114095,-0.0002543835751984401
1.067,0.0023685373903602073,-0.00022662438732099543
1.068,0.0023395517868426475,-0.00019961083446548916
1.069,0.0023106649769699863,-0.00017332951548513223
1.07,0.0022818852154510316,-0.00014776715347029172
1.071,0.002253220402782565,-0.0001229105989217428
1.072,0.002224678095132811,-9.874683266595059e-5
1.073,0.0021962655140194422,-7.526296852406363e-5
1.074,0.0021679895557837874,-5.244625574585978e-5
1.075,0.0021398568008630793,-3.0284081219459235e-5
1.076,0.002111873522862727,-8.763971467205014e-6
1.077,0.0020840456974307283,1.2126405562288627e-5
1.078,0.002056379010936465,3.239923889630661e-5
1.079,0.0020288788689562243,5.2066573125183596e-5
1.08,0.0020015504045678904,7.114030716555787e-5
1.081,0.001974398486457331,8.963219319120152e-5
1.082,0.001947427726839083,0.00010755383572323761
1.083,0.0019206424891939945,0.00012491669087188125
1.084,0.0018940468958265518,0.00014173206572215603
1.085,0.0018676448352446464,0.00015801111785634155
1.086,0.0018414399693645965,0.00017376485500619976
1.087,0.0018154357405442533,0.0001890041348283113
1.088,0.001789635378447055,0.00020373966479612495
1.089,0.001764041906739908,0.00021798200220258507
1.09,0.0017386581496277882,0.0002317415542674561
1.091,0.001713486738227962,0.0002450285783437056
1.092,0.0016885301167867321,0.0002578531822175419
1.093,0.0016637905487416065,0.0002702253244969294
1.094,0.0016392701226317892,0.00028215481508362024
1.095,0.0016149707578598778,0.0002936513157239515
1.096,0.001590894210307641,0.0003047243406338578
1.097,0.0015670420778087341,0.00031538325719374327
1.098,0.0015434158054811902,0.00032563728670904196
1.099,0.0015200166909225036,0.00033549550523247695
1.1,0.0014968458892700995,0.00034496684444419793
1.101,0.0014739044181299554,0.00035406009258614525
1.102,0.0014511931623761134,0.0003627838954471455
1.103,0.0014287128788237945,0.0003711467573953978
1.104,0.0014064642007787901,0.0003791570424551566
1.105,0.001384447642465779,0.00038682297542455796
1.106,0.0013626636033381787,0.0003941526430316719
1.107,0.0013411123722721129,0.00040115399512599356
1.108,0.0013197941316470297,0.0004078348459027122
1.109,0.0012987089613154836,0.00041420287515721456
1.11,0.001277856842464541,0.00042026562956739834
1.111,0.0012572376613712453,0.0004260305240014785
1.112,0.0012368512130545301,0.000431504842849078
1.113,0.0012166972048259354,0.0004366957413734959
1.114,0.0011967752597414406,0.0004416102470831434
1.115,0.0011770849199566895,0.00044625526112023237
1.116,0.0011576256499878465,0.0004506375596648926
1.117,0.0011383968398802763,0.0004547637953529781
1.118,0.0011193978082872091,0.000458640498705908
1.119,0.0011006278054605098,0.00046227407957096634
1.12,0.0010820860161556282,0.00046567082857056085
1.121,0.0010637715624527764,0.0004688369185590161
1.122,0.00104568350649633,0.0004717784060855439
1.123,0.0010278208531544221,0.0004745012328621037
1.124,0.0010101825526006528,0.00047701122723492923
1.125,0.000992767502819804,0.00047931410565855916
1.126,0.0009755745520394103,0.00048141547417126997
1.127,0.0009586025010889972,0.0004833208298708653
1.128,0.0009418501056887681,0.0004850355623898314
1.129,0.0009253160786694756,0.0004865649553689193
1.13,0.0009089990921251848,0.0004879141879282662
1.131,0.0008928977795005986,0.0004890883361352143
1.132,0.000877010737614576,0.0004900923744680341
1.133,0.0008613365286214468,0.0004909311772747998
1.134,0.0008458736819116878,0.0004916095202267103
1.135,0.0008306206959534904,0.0004921320817651866
1.136,0.0008155760400767225,0.0004925034445421162
1.137,0.0008007381562007503,0.0004927280968526534
1.138,0.0007861054605075536,0.0004928104340600178
1.139,0.0007716763450615403,0.0004927547600117676
1.14,0.0007574491793774309,0.0004925652884470578
1.141,0.0007434223119375564,0.000492246144394425
1.142,0.0007295940716598811,0.0004918013655596662
1.143,0.0007159627693180331,0.0004912349037034136
1.144,0.0007025266989145969,0.0004905506260080284
1.145,0.0006892841390088932,0.0004897523164334675
1.146,0.0006762333540004453,0.0004888436770617988
1.147,0.000663372595369299,0.00048782832943006563
1.148,0.0006507001028743445,0.00048670981585122376
1.149,0.000638214105710754,0.00048549160072289553
1.15,0.000625912823627628,0.00048417707182370624
1.151,0.000613794468006917,0.00048276954159698934
1.152,0.0006018572429046598,0.00048127224842166294
1.153,0.0005900993460555542,0.00047968835787010126
1.154,0.0005785189698418572,0.00047802096395283916
1.155,0.0005671143022275802,0.00047627309034996686
1.156,0.0005558835276589302,0.0004744476916290849
1.157,0.0005448248279319194,0.0004725476544497072
1.158,0.0005339363830280472,0.00047057579875401084
1.159,0.0005232163719189352,0.0004685348789438493
1.16,0.0005126629733407768,0.0004664275850439534
1.161,0.0005022743665394392,0.0004642565438512614
1.162,0.0004920487319870386,0.0004620243200703283
1.163,0.0004819842520707883,0.00045973341743477645
1.164,0.0004720791117548995,0.00045738627981476066
1.165,0.00046233149921629684,0.0004549852923104301
1.166,0.00045273960645489137,0.00045253278233137986
1.167,0.000443301629879136,0.0004500310206620931
1.168,0.00043401577086757024,0.0004474822225133837
1.169,0.00042488023630704466,0.0004448885485598586
1.17,0.00041589323910829726,0.00044225210596342425
1.171,0.00040705299869953846,0.00043957494938287177
1.172,0.0003983577414986844,0.0004368590819695804
1.173,0.0003898057013648631,0.0004341064563493856
1.174,0.00038139512002980183,0.00043131897559066623
1.175,0.00037312424750968935,0.00042849849415870774
1.176,0.00036499134249809147,0.0004256468188564075
1.177,0.0003569946727404846,0.0004227657097513904
1.178,0.0003491325153909563,0.00041985688108961075
1.179,0.0003414031573516104,0.00041692200219551804
1.18,0.00033380489559519777,0.00041396269835887136
1.181,0.00032633603747148277,0.0004109805517082893
1.182,0.00031899490099784265,0.0004079771020716268
1.183,0.0003117798151345816,0.0004049538478232744
1.184,0.0003046891200454332,0.00040191224671847734
1.185,0.00029772116734370875,0.00039885371671477684
1.186,0.00029087432032454027,0.0003957796367806773
1.187,0.0002841469541836537,0.0003926913476916465
1.188,0.0002775374562230967,0.0003895901528135587
1.189,0.0002710442260443361,0.00038647731887369186
1.19,0.00026466567572912617,0.00038335407671939345
1.191,0.00025840023000854226,0.0003802216220645308
1.192,0.0002522463264205607,0.00037708111622384297
1.193,0.0002462024154565573,0.0003739336868353146
1.194,0.00024026696069708836,0.00037078042857069144
1.195,0.00023443843893730513,0.00036762240383426064
1.196,0.00022871534030234698,0.00036446064345001873
1.197,0.00022309616835304696,0.00036129614733735157
1.198,0.00021757944018227588,0.0003581298851753521
1.199,0.00021216368650224133,0.00035496279705590176
1.2,0.00020684745172305067,0.0003517957941256426
1.201,0.00020162929402283794,0.00034862975921696765
1.202,0.0001965077854097468,0.0003454655474681575
1.203,0.00019148151177605393,0.00034230398693279137
1.204,0.00018654907294470918,0.0003391458791785617
1.205,0.00018170908270856185,0.00033599199987562105
1.206,0.00017696016886253448,0.00033284309937458987
1.207,0.00017230097322899895,0.0003296999032743553
1.208,0.00016773015167660224,0.0003265631129797888
1.209,0.0001632463741327829,0.0003234334062495129
1.21,0.00015884832459021187,0.0003203114377338443
1.211,0.0001545347011073858,0.00031719783950304344
1.212,0.00015030421580359375,0.00031409322156599763
1.213,0.0001461555948484723,0.0003109981723794659
1.214,0.00014208757844635857,0.0003079132593480133
1.215,0.00013809892081564408,0.0003048390293147615
1.216,0.00013418839016332646,0.00030177600904308157
1.217,0.00013035476865495181,0.0002987247056893555
1.218,0.000126596852380133,0.0002956856072669314
1.219,0.00012291345131382607,0.00029265918310139696
1.22,0.00011930338927353931,0.00028964588427729483
1.221,0.00011576550387264726,0.00028664614407640336
1.222,0.00011229864646997417,0.00028366037840770483
1.223,0.00010890168211580871,0.0002806889862291628
1.224,0.00010557348949450607,0.000277732349961429
1.225,0.00010231296086382918,0.0002747908358935999
1.226,9.911900199117624e-5,0.0002718647945811416
1.227,9.599053208683768e-5,0.00026895456123610085
1.228,9.292648373442103e-5,0.0002660604561097201
1.229,8.992580281857844e-5,0.0002631827848675713
1.23,8.698744845016704e-5,0.00026032183895732423
1.231,8.411039288896915e-5,0.0002574778959692635
1.232,8.129362146409467e-5,0.000254651219989667
1.233,7.853613249218481e-5,0.00025184206194715737
1.234,7.583693719353259e-5,0.0002490506599521382
1.235,7.319505960623181e-5,0.00024627723962942393
1.236,7.060953649846284e-5,0.0002435220144441726
1.237,6.807941727902032e-5,0.00024078518602122878
1.238,6.560376390618432e-5,0.0002380669444579838
1.239,6.318165079503356e-5,0.00023536746863085753
1.24,6.081216472329613e-5,0.0002326869264955072
1.241,5.8494404735829865e-5,0.00023002547538086523
1.242,5.622748204782199e-5,0.00022738326227710894
1.243,5.4010519946794414e-5,0.00022476042411766247
1.244,5.184265369349844e-5,0.00022215708805533042
1.245,4.9723030421779914e-5,0.00021957337173266243
1.246,4.765080903749302e-5,0.0002170093835466451
1.247,4.56251601165386e-5,0.00021446522290781832
1.248,4.3645265802100144e-5,0.0002119409804939104
1.249,4.17103197011482e-5,0.00020943673849808622
1.25,3.9819526780281674e-5,0.00020695257087190101
1.251,3.797210326097192e-5,0.0002044885435630513
1.252,3.616727651427364e-5,0.00020204471474801345
1.253,3.440428495506391e-5,0.000199621135059659
1.254,3.2682377935869046e-5,0.00019721784780993496
1.255,3.100081564033648e-5,0.00019483488920769596
1.256,2.9358868976407106e-5,0.00019247228857177394
1.257,2.7755819469241367e-5,0.00019013006853937028
1.258,2.6190959153950645e-5,0.00018780824526985364
1.259,2.466359046818342e-5,0.0001855068286440461
1.26,2.3173026144614007e-5,0.00018322582245907862
1.261,2.1718589103379926e-5,0.00018096522461889613
1.262,2.0299612344512082e-5,0.00017872502732049143
1.263,1.891543884040045e-5,0.00017650521723594527
1.264,1.756542142833625e-5,0.00017430577569035004
1.265,1.6248922703169988e-5,0.0001721266788356925
1.266,1.496531491012327e-5,0.00016996789782077
1.267,1.3713979837790792e-5,0.0001678293989572142
1.268,1.2494308711367448e-5,0.00016571114388169437
1.269,1.1305702086134063e-5,0.00016361308971437187
1.27,1.0147569741233981e-5,0.00016153518921367614
1.271,9.019330573771288e-6,0.00015947739092747154
1.272,7.920412493260291e-6,0.00015743963934068317
1.273,6.850252316454509e-6,0.00015542187501944933
1.274,5.80829566258228e-6,0.00015342403475186625
1.275,4.793996849014906e-6,0.0001514460516853907
1.276,3.806818787392075e-6,0.0001494878554609649
1.277,2.846232880228223e-6,0.0001475493723439262
1.278,1.911718918022405e-6,0.00014563052535176464
1.279,1.0027649768931932e-6,0.00014373123437878916
1.28,1.1886731675911156e-7,0.00014185141631776273
1.281,-7.404697199158733e-7,0.00013999098517856616
1.282,-1.5757338087932434e-6,0.0001381498522039485
1.283,-2.3874047437295653e-6,0.0001363279259824219
1.284,-3.175954536228134e-6,0.00013452511255835728
1.285,-3.941847514256763e-6,0.00013274131553933646
1.286,-4.685540420416698e-6,0.00013097643620081572
1.287,-5.407482509448458e-6,0.00012923037358815402
1.288,-6.10811564506119e-6,0.00012750302461605984
1.289,-6.78787439607292e-6,0.00012579428416550762
1.29,-7.447186131849774e-6,0.00012410404517817591
1.291,-8.086471117033043e-6,0.00012243219874845696
1.292,-8.706142605543579e-6,0.00012077863421308799
1.293,-9.306606933853758e-6,0.00011914323923845181
1.294,-9.888263613517848e-6,0.00011752589990559588
1.295,-1.0451505422952292e-5,0.00011592650079301586
1.296,-1.0996718498458003e-5,0.00011434492505725053
1.297,-1.1524282424477365e-5,0.0001127810545113332
1.298,-1.2034570323079238e-5,0.00011123476970114458
1.299,-1.252794894266576e-5,0.00010970594997971082
1.3,-1.300477874589533e-5,0.00010819447357949
1.301,-1.3465413996816664e-5,0.00010670021768268936
1.302,-1.3910202847209264e-5,0.00010522305848965511
1.303,-1.4339487422126221e-5,0.00010376287128537562
1.304,-1.475360390463564e-5,0.00010231953050413818
1.305,-1.5152882619757485e-5,0.00010089290979237908
1.306,-1.553764811759307e-5,9.94828820697654e-5
1.307,-1.5908219255644813e-5,9.808931958854703e-5
1.308,-1.626490928032432e-5,9.671209399121618e-5
1.309,-1.6608025907647204e-5,9.535107636651094e-5
1.31,-1.6937871403113466e-5,9.400613730379941e-5
1.311,-1.7254742660772612e-5,9.267714694587949e-5
1.312,-1.755893128147299e-5,9.136397504022923e-5
1.313,-1.7850723650295255e-5,9.006649098874192e-5
1.314,-1.8130401013170103e-5,8.87845638959795e-5
1.315,-1.8398239552680778e-5,8.751806261597711e-5
1.316,-1.8654510463051136e-5,8.626685579763116e-5
1.317,-1.889948002432036e-5,8.50308119287025e-5
1.318,-1.9133409675705643e-5,8.38097993784662e-5
1.319,-1.935655608815451e-5,8.260368643903785e-5
1.32,-1.9569171236088614e-5,8.141234136540701e-5
1.321,-1.9771502468341136e-5,8.023563241420676e-5
1.322,-1.996379257829015e-5,7.907342788124836e-5
1.323,-2.0146279873190517e-5,7.792559613784942e-5
1.324,-2.0319198242707135e-5,7.679200566598322e-5
1.325,-2.0482777226652485e-5,7.567252509227641e-5
1.326,-2.0637242081931753e-5,7.456702322088192e-5
1.327,-2.0782813848698823e-5,7.347536906525321e-5
1.328,-2.0919709415726783e-5,7.239743187884565e-5
1.329,-2.1048141584996656e-5,7.133308118477002e-5
1.33,-2.1168319135508223e-5,7.028218680442318e-5
1.331,-2.1280446886317068e-5,6.924461888511982e-5
1.332,-2.1384725758801995e-5,6.822024792674927e-5
1.333,-2.148135283816718e-5,6.720894480748068e-5
1.334,-2.157052143418357e-5,6.621058080853906e-5
1.335,-2.1652421141174104e-5,6.522502763807526e-5
1.336,-2.1727237897247505e-5,6.425215745415102e-5
1.337,-2.1795154042785513e-5,6.329184288686122e-5
1.338,-2.185634837818847e-5,6.234395705961417e-5
1.339,-2.1910996220884353e-5,6.140837360959064e-5
1.34,-2.195926946160642e-5,6.0484966707401756e-5
1.341,-2.200133661994468e-5,5.957361107596586e-5
1.342,-2.203736289917653e-5,5.8674182008623546e-5
1.343,-2.2067510240382027e-5,5.778655538651007e-5
1.344,-2.2091937375849192e-5,5.69106076952036e-5
1.345,-2.2110799881775002e-5,5.6046216040667904e-5
1.346,-2.2124250230267605e-5,5.519325816450697e-5
1.347,-2.2132437840655534e-5,5.435161245854952e-5
1.348,-2.2135509130109597e-5,5.352115797878026e-5
1.349,-2.2133607563583255e-5,5.270177445863486e-5
1.35,-2.2126873703077366e-5,5.189334232167511e-5
1.351,-2.2115445256235122e-5,5.109574269366037e-5
1.352,-2.2099457124273154e-5,5.0308857414031064e-5
1.353,-2.2079041449254758e-5,4.953256904681982e-5
1.354,-2.2054327660711232e-5,4.87667608910052e-5
1.355,-2.2025442521617335e-5,4.8011316990323e-5
1.356,-2.1992510173726936e-5,4.726612214254957e-5
1.357,-2.1955652182274954e-5,4.653106190827134e-5
1.358,-2.1914987580051588e-5,4.5806022619154455e-5
1.359,-2.1870632910855085e-5,4.509089138572813e-5
1.36,-2.1822702272329003e-5,4.438555610469504e-5
1.361,-2.1771307358190245e-5,4.3689905465781734e-5
1.362,-2.171655749985392e-5,4.300382895814186e-5
1.363,-2.1658559707461187e-5,4.2327216876324614e-5
1.364,-2.1597418710316243e-5,4.165996032582067e-5
1.365,-2.1533236996738598e-5,4.100195122819743e-5
1.366,-2.1466114853336752e-5,4.0353082325835397e-5
1.367,-2.1396150403709452e-5,3.971324718627691e-5
1.368,-2.132343964658062e-5,3.9082340206198576e-5
1.369,-2.124807649337412e-5,3.8460256615018156e-5
1.37,-2.1170152805234387e-5,3.784689247814672e-5
1.371,-2.108975842949916e-5,3.724214469989638e-5
1.372,-2.100698123563022e-5,3.664591102605387e-5
1.373,-2.092190715060835e-5,3.6058090046129976e-5
1.374,-2.083462019379849e-5,3.547858119529441e-5
1.375,-2.07452025112911e-5,3.4907284756005894e-5
1.376,-2.0653734409725806e-5,3.434410185934656e-5
1.377,-2.056029438960322e-5,3.3788934486069834e-5
1.378,-2.0464959178090967e-5,3.3241685467370726e-5
1.379,-2.0367803761329788e-5,3.2702258485387215e-5
1.38,-2.0268901416245686e-5,3.217055807344114e-5
1.381,-2.0168323741873916e-5,3.164648961602697e-5
1.382,-2.0066140690200728e-5,3.1129959348556534e-5
1.383,-1.9962420596528637e-5,3.062087435686758e-5
1.384,-1.9857230209371e-5,3.0119142576503962e-5
1.385,-1.97506347198817e-5,2.9624672791774948e-5
1.386,-1.964269779082557e-5,2.913737463460101e-5
1.387,-1.95334815850953e-5,2.8657158583153337e-5
1.388,-1.9423046793780436e-5,2.8183935960294058e-5
1.389,-1.9311452663794108e-5,2.7717618931824035e-5
1.39,-1.9198757025063026e-5,2.7258120504544947e-5
1.391,-1.9085016317286272e-5,2.6805354524142134e-5
1.392,-1.8970285616268415e-5,2.6359235672894658e-5
1.393,-1.8854618659832384e-5,2.591967946721871e-5
1.394,-1.8738067873317476e-5,2.5486602255050528e-5
1.395,-1.862068439466794e-5,2.505992121307465e-5
1.396,-1.8502518099117384e-5,2.463955434380335e-5
1.397,-1.8383617623474384e-5,2.4225420472512855e-5
1.398,-1.8264030390014452e-5,2.3817439244041847e-5
1.399,-1.8143802629983634e-5,2.3415531119457586e-5
1.4,-1.8022979406718854e-5,2.3019617372594922e-5
1.401,-1.790160463839014e-5,2.262962008647324e-5
1.402,-1.7779721120369805e-5,2.2245462149596337e-5
1.403,-1.76573705472336e-5,2.186706725214004e-5
1.404,-1.7534593534398833e-5,2.1494359882032304e-5
1.405,-1.7411429639404382e-5,2.1127265320930393e-5
1.406,-1.728791738283751e-5,2.0765709640099564e-5
1.407,-1.716409426891231e-5,2.0409619696197698e-5
1.408,-1.7039996805704606e-5,2.005892312697007e-5
1.409,-1.691566052504805e-5,1.97135483468584e-5
1.41,-1.6791120002096136e-5,1.9373424542528234e-5
1.411,-1.6666408874554798e-5,1.903848166831858e-5
1.412,-1.6541559861590193e-5,1.8708650441617594e-5
1.413,-1.641660478241628e-5,1.8383862338168056e-5
1.414,-1.6291574574566677e-5,1.806404958730625e-5
1.415,-1.616649931185535e-5,1.774914516713777e-5
1.416,-1.6041408222030453e-5,1.7439082799653656e-5
1.417,-1.591632970412585e-5,1.7133796945790254e-5
1.418,-1.5791291345514535e-5,1.683322280043596e-5
1.419,-1.566631993866837e-5,1.6537296287388075e-5
1.42,-1.5541441497628264e-5,1.6245954054262775e-5
1.421,-1.541668127418911e-5,1.5959133467361248e-5
1.422,-1.5292063773803592e-5,1.5676772606494817e-5
1.423,-1.5167612771208963e-5,1.5398810259771923e-5
1.424,-1.5043351325780911e-5,1.512518591834968e-5
1.425,-1.491930179661848e-5,1.4855839771152652e-5
1.426,-1.4795485857364094e-5,1.4590712699561465e-5
1.427,-1.467192451076254e-5,1.4329746272073739e-5
1.428,-1.4548638102962876e-5,1.4072882738939749e-5
1.429,-1.4425646337567043e-5,1.3820065026775255e-5
1.43,-1.4302968289429036e-5,1.3571236733153697e-5
1.431,-1.4180622418208346e-5,1.3326342121180069e-5
1.432,-1.405862658168142e-5,1.308532611404856e-5
1.433,-1.3936998048814778e-5,1.2848134289586112e-5
1.434,-1.3815753512603434e-5,1.2614712874783884e-5
1.435,-1.3694909102678184e-5,1.238500874031861e-5
1.436,-1.3574480397685317e-5,1.2158969395065762e-5
1.437,-1.3454482437442221e-5,1.1936542980606352e-5
1.438,-1.3334929734872367e-5,1.1717678265729173e-5
1.439,-1.3215836287723045e-5,1.1502324640930211e-5
1.44,-1.309721559006924e-5,1.129043211291091e-5
1.441,-1.2979080643606983e-5,1.10819512990769e-5
1.442,-1.286144396873944e-5,1.087683342203879e-5
1.443,-1.2744317615458979e-5,1.0675030304116501e-5
1.444,-1.2627713174028455e-5,1.047649436184867e-5
1.445,-1.2511641785464822e-5,1.0281178600508476e-5
1.446,-1.2396114151828231e-5,1.008903660862733e-5
1.447,-1.2281140546319676e-5,9.900022552527708e-6
1.448,-1.2166730823190229e-5,9.714091170866418e-6
1.449,-1.2052894427464892e-5,9.531197769189562e-6
1.45,-1.193964040448397e-5,9.351298214500356e-6
1.451,-1.1826977409264954e-5,9.174348929840971e-6
1.452,-1.1714913715687757e-5,9.000306888889516e-6
1.453,-1.1603457225506153e-5,8.829129610573204e-6
1.454,-1.1492615477188256e-5,8.660775153698768e-6
1.455,-1.1382395654588763e-5,8.495202111601082e-6
1.456,-1.1272804595455742e-5,8.332369606810971e-6
1.457,-1.116384879977463e-5,8.17223728574311e-6
1.458,-1.1055534437952116e-5,8.014765313404893e-6
1.459,-1.0947867358842525e-5,7.859914368127152e-6
1.46,-1.0840853097619295e-5,7.707645636317471e-6
1.461,-1.073449688349411e-5,7.557920807236965e-6
1.462,-1.062880364728618e-5,7.410702067801197e-6
1.463,-1.052377802884418e-5,7.265952097405991e-6
1.464,-1.0419424384323274e-5,7.123634062778817e-6
1.465,-1.0315746793319657e-5,6.983711612856405e-6
1.466,-1.0212749065864966e-5,6.8461488736892215e-6
1.467,-1.0110434749282952e-5,6.710910443373397e-6
1.468,-1.0008807134910677e-5,6.577961387010694e-6
1.469,-9.907869264686551e-6,6.447267231697051e-6
1.47,-9.807623937607443e-6,6.318793961540219e-6
1.471,-9.70807371605708e-6,6.192508012707001e-6
1.472,-9.609220932007937e-6,6.068376268500548e-6
1.473,-9.51106769309874e-6,5.94636605446817e-6
1.474,-9.413615888589734e-6,5.8264451335400715e-6
1.475,-9.31686719519778e-6,5.708581701199437e-6
1.476,-9.22082308281338e-6,5.59274438068421e-6
1.477,-9.125484820101601e-6,5.478902218220952e-6
1.478,-9.030853479988967e-6,5.367024678291104e-6
1.479,-8.93692994503823e-6,5.257081638929964e-6
1.48,-8.84371491271302e-6,5.1490433870586885e-6
1.481,-8.75120890053422e-6,5.042880613849579e-6
1.482,-8.659412251130019e-6,4.9385644101249245e-6
1.483,-8.568325137181452e-6,4.836066261789635e-6
1.484,-8.477947566265285e-6,4.735358045297887e-6
1.485,-8.388279385596025e-6,4.636412023153987e-6
1.486,-8.299320286668841e-6,4.5392008394476475e-6
1.487,-8.211069809805158e-6,4.443697515423842e-6
1.488,-8.123527348602608e-6,4.349875445087389e-6
1.489,-8.036692154291077e-6,4.257708390842433e-6
1.49,-7.950563339996479e-6,4.167170479166917e-6
1.491,-7.86513988491394e-6,4.07823619632218e-6
1.492,-7.780420638391965e-6,3.990880384097776e-6
1.493,-7.696404323929225e-6,3.905078235591594e-6
1.494,-7.613089543085514e-6,3.820805291025357e-6
1.495,-7.53047477930841e-6,3.738037433595559e-6
1.496,-7.448558401677186e-6,3.6567508853598813e-6
1.497,-7.367338668565455e-6,3.576922203159141e-6
1.498,-7.286813731224016e-6,3.4985282745747753e-6
1.499,-7.206981637285371e-6,3.4215463139218886e-6
1.5,-7.127840334191327e-6,3.345953858277863e-6
1.501,-7.049387672545086e-6,3.2717287635465203e-6
1.502,-6.971621409389231e-6,3.198849200557823e-6
1.503,-6.894539211410931e-6,3.127293651203081e-6
1.504,-6.818138658075748e-6,3.057040904605636e-6
1.505,-6.742417244691325e-6,2.9880700533269678e-6
1.506,-6.667372385402288e-6,2.9203604896081728e-6
1.507,-6.593001416117611e-6,2.8538919016467538e-6
1.508,-6.519301597371717e-6,2.788644269908644e-6
1.509,-6.446270117120552e-6,2.7245978634753914e-6
1.51,-6.373904093473832e-6,2.6617332364264143e-6
1.511,-6.302200577364685e-6,2.6000312242562324e-6
1.512,-6.231156555157839e-6,2.5394729403265753e-6
1.513,-6.160768951197541e-6,2.48003977235326e-6
1.514,-6.091034630296319e-6,2.421713378927718e-6
1.515,-6.02195040016573e-6,2.364475686073061e-6
1.516,-5.953513013790189e-6,2.3083088838345465e-6
1.517,-5.8857191717449574e-6,2.25319542290432e-6
1.518,-5.818565524459364e-6,2.199118011280289e-6
1.519,-5.752048674426311e-6,2.146059610958993e-6
1.52,-5.686165178359083e-6,2.0940034346623062e-6
1.521,-5.62091154929649e-6,2.042932942597839e-6
1.522,-5.5562842586573305e-6,1.9928318392528594e-6
1.523,-5.49227973824516e-6,1.943684070221588e-6
1.524,-5.428894382204328e-6,1.8954738190656865e-6
1.525,-5.366124548928234e-6,1.8481855042077751e-6
1.526,-5.303966562920733e-6,1.8018037758578024e-6
1.527,-5.24241671661161e-6,1.7563135129720856e-6
1.528,-5.181471272127019e-6,1.7116998202448398e-6
1.529,-5.121126463015781e-6,1.6679480251320092e-6
1.53,-5.0613784959324045e-6,1.6250436749072135e-6
1.531,-5.002223552277688e-6,1.5829725337496093e-6
1.532,-4.943657789797748e-6,1.541720579863479e-6
1.533,-4.885677344142296e-6,1.5012740026293432e-6
1.534,-4.82827833038298e-6,1.4616191997863972e-6
1.535,-4.7714568444925875e-6,1.4227427746460664e-6
1.536,-4.715208964785898e-6,1.384631533336476e-6
1.537,-4.6595307533229585e-6,1.3472724820776263e-6
1.538,-4.604418257275531e-6,1.3106528244870613e-6
1.539,-4.549867510257473e-6,1.2747599589158197e-6
1.54,-4.495874533619762e-6,1.2395814758144546e-6
1.541,-4.44243533771091e-6,1.2051051551289024e-6
1.542,-4.389545923103454e-6,1.171318963725988e-6
1.543,-4.33720228178722e-6,1.138211052848342e-6
1.544,-4.285400398330056e-6,1.105769755598514e-6
1.545,-4.234136251006696e-6,1.0739835844520574e-6
1.546,-4.1834058128964e-6,1.0428412287993616e-6
1.547,-4.13320505295005e-6,1.0123315525160118e-6
1.548,-4.083529937027303e-6,9.824435915614473e-7
1.549,-4.034376428904451e-6,9.531665516056938e-7
1.55,-3.98574049125358e-6,9.244898056839442e-7
1.551,-3.937618086593654e-6,8.964028918787577e-7
1.552,-3.890005178214091e-6,8.688955110296526e-7
1.553,-3.84289773107143e-6,8.419575244698622e-7
1.554,-3.7962917126596523e-6,8.155789517900257e-7
1.555,-3.7501830938547165e-6,7.89749968628584e-7
1.556,-3.7045678497338586e-6,7.644609044886531e-7
1.557,-3.6594419603701994e-6,7.397022405811421e-7
1.558,-3.6148014116031864e-6,7.154646076938898e-7
1.559,-3.570642195785393e-6,6.917387840865874e-7
1.56,-3.526960312506185e-6,6.685156934112577e-7
1.561,-3.483751769292755e-6,6.457864026580626e-7
1.562,-3.4410125822890244e-6,6.235421201262086e-7
1.563,-3.398738776912885e-6,6.017741934197201e-7
1.564,-3.356926388492266e-6,5.804741074678522e-7
1.565,-3.3155714628804858e-6,5.596334825699154e-7
1.566,-3.274670057051349e-6,5.392440724642813e-7
1.567,-3.234218239674436e-6,5.19297762421343e-7
1.568,-3.1942120916710265e-6,4.997865673602039e-7
1.569,-3.154647706751088e-6,4.807026299888647e-7
1.57,-3.1155211919317595e-6,4.6203821896768656e-7
1.571,-3.0768286680377338e-6,4.437857270959001e-7
1.572,-3.0385662701839644e-6,4.259376695209402e-7
1.573,-3.0007301482410825e-6,4.08486681970378e-7
1.574,-2.9633164672839256e-6,3.914255190062296e-7
1.575,-2.9263214080235636e-6,3.7474705230141756e-7
1.576,-2.8897411672231957e-6,3.584442689381632e-7
1.577,-2.853571958098297e-6,3.4251026972808965e-7
1.578,-2.8178100107013713e-6,3.269382675538147e-7
1.579,-2.782451572291674e-6,3.1172158573181505e-7
1.58,-2.7474929076902537e-6,2.968536563963437e-7
1.581,-2.7129302996206526e-6,2.8232801890418297e-7
1.582,-2.67876004903561e-6,2.6813831826001794e-7
1.583,-2.644978475430092e-6,2.5427830356221463e-7
1.584,-2.611581917140979e-6,2.4074182646878957e-7
1.585,-2.5785667316337237e-6,2.2752283968335743e-7
1.586,-2.545929295776295e-6,2.1461539546084614e-7
1.587,-2.5136660061007087e-6,2.0201364413276794e-7
1.588,-2.481773279052454e-6,1.8971183265183804e-7
1.589,-2.4502475512280993e-6,1.7770430315573233e-7
1.59,-2.4190852796013717e-6,1.6598549154977787e-7
1.591,-2.3882829417379943e-6,1.5454992610837044e-7
1.592,-2.35783703599955e-6,1.433922260949147e-7
1.593,-2.3277440817366555e-6,1.3250710040008463e-7
1.594,-2.298000619471699e-6,1.2188934619820221e-7
1.595,-2.268603211071414e-6,1.1153384762153407e-7
1.596,-2.239548439909533e-6,1.0143557445230763e-7
1.597,-2.2108329110197856e-6,9.158958083224838e-8
1.598,-2.182453251239472e-6,8.19910039894431e-8
1.599,-2.1544061093438663e-6,7.263506298233311e-8
1.6,-2.1266881561716704e-6,6.351705746064512e-8
1.601,-2.0992960847417677e-6,5.463236644306692e-8
1.602,-2.0722266103614836e-6,4.597644711147771e-8
1.603,-2.045476470726591e-6,3.754483362154374e-8
1.604,-2.019042426013266e-6,2.933313592949148e-8
1.605,-1.992921258962216e-6,2.1337038634872092e-8
1.606,-1.967109774955181e-6,1.3552299839132233e-8
1.607,-1.9416048020840155e-6,5.974750019807848e-9
1.608,-1.9164031912125543e-6,-1.3997090798410692e-9
1.609,-1.89150181603145e-6,-8.575105545935218e-9
1.61,-1.8668975731061837e-6,-1.5555398373999275e-8
1.611,-1.8425873819184264e-6,-2.234447853408129e-8
1.612,-1.8185681849009452e-6,-2.8946170021144276e-8
1.613,-1.7948369474662258e-6,-3.5364230890904594e-8
1.614,-1.7713906580289923e-6,-4.160235428129027e-8
1.615,-1.7482263280227975e-6,-4.7664169419690935e-8
1.616,-1.725340991910847e-6,-5.355324261616945e-8
1.617,-1.7027317071912303e-6,-5.927307824280399e-8
1.618,-1.680395554396714e-6,-6.482711969932775e-8
1.619,-1.6583296370892596e-6,-7.021875036523199e-8
1.62,-1.6365310818494185e-6,-7.545129453849666e-8
1.621,-1.6149970382607585e-6,-8.052801836111126e-8
1.622,-1.5937246788894674e-6,-8.545213073154735e-8
1.623,-1.57271119925928e-6,-9.02267842043424e-8
1.624,-1.5519538178218725e-6,-9.485507587695324e-8
1.625,-1.5314497759228597e-6,-9.934004826403608e-8
1.626,-1.5111963377635343e-6,-1.0368469015930828e-7
1.627,-1.4911907903584797e-6,-1.0789193748514594e-7
1.628,-1.4714304434891859e-6,-1.1196467413006954e-7
1.629,-1.4519126296537976e-6,-1.1590573277426878e-7
1.63,-1.4326347040131175e-6,-1.1971789570331594e-7
1.631,-1.4135940443329863e-6,-1.2340389561021593e-7
1.632,-1.3947880509231599e-6,-1.2696641638593955e-7
1.633,-1.3762141465727985e-6,-1.3040809389858515e-7
1.634,-1.3578697764826824e-6,-1.3373151676131243e-7
1.635,-1.3397524081942643e-6,-1.3693922708919051e-7
1.636,-1.32185953151567e-6,-1.4003372124510123e-7
1.637,-1.3041886584447485e-6,-1.4301745057483728e-7
1.638,-1.2867373230892807e-6,-1.4589282213153263e-7
1.639,-1.2695030815844446e-6,-1.4866219938956265e-7
1.64,-1.252483512007637e-6,-1.5132790294804814e-7
1.641,-1.2356762142907491e-6,-1.5389221122409803e-7
1.642,-1.2190788101299913e-6,-1.5635736113592257e-7
1.643,-1.2026889428933555e-6,-1.5872554877594803e-7
1.644,-1.1865042775258124e-6,-1.6099893007406288e-7
1.645,-1.170522500452324e-6,-1.631796214511236e-7
1.646,-1.1547413194787633e-6,-1.6526970046284664e-7
1.647,-1.1391584636908232e-6,-1.67271206434213e-7
1.648,-1.1237716833509948e-6,-1.6918614108450842e-7
1.649,-1.1085787497936993e-6,-1.7101646914312332e-7
1.65,-1.093577455318648e-6,-1.7276411895623297e-7
1.651,-1.0787656130825087e-6,-1.74430983084479e-7
1.652,-1.0641410569889529e-6,-1.760189188917704e-7
1.653,-1.049701641577155e-6,-1.7752974912532222e-7
1.654,-1.0354452419088168e-6,-1.7896526248704795e-7
1.655,-1.0213697534537854e-6,-1.8032721419642065e-7
1.656,-1.0074730919743297e-6,-1.8161732654491673e-7
1.657,-9.937531934081475e-7,-1.828372894421547e-7
1.658,-9.802080137501598e-7,-1.8398876095384025e-7
1.659,-9.668355289331607e-7,-1.850733678316274e-7
1.66,-9.536337347073815e-7,-1.8609270603500463e-7
1.661,-9.406006465190288e-7,-1.8704834124531367e-7
1.662,-9.277342993878549e-7,-1.8794180937200657e-7
1.663,-9.150327477838175e-7,-1.8877461705124698e-7
1.664,-9.024940655028824e-7,-1.8954824213695864e-7
1.665,-8.901163455420243e-7,-1.9026413418442424e-7
1.666,-8.778976999734777e-7,-1.9092371492653622e-7
1.667,-8.658362598182887e-7,-1.9152837874279915e-7
1.668,-8.539301749192169e-7,-1.920794931211835e-7
1.669,-8.421776138130362e-7,-1.9257839911292838e-7
1.67,-8.30576763602283e-7,-1.9302641178039015e-7
1.671,-8.191258298264938e-7,-1.934248206380326e-7
1.672,-8.078230363329812e-7,-1.9377489008665306e-7
1.673,-7.966666251471885e-7,-1.9407785984093822e-7
1.674,-7.856548563426667e-7,-1.9433494535044155e-7
1.675,-7.747860079107154e-7,-1.9454733821407382e-7
1.676,-7.640583756297243e-7,-1.9471620658819658e-7
1.677,-7.534702729342597e-7,-1.9484269558840803e-7
1.678,-7.430200307839283e-7,-1.9492792768510869e-7
1.679,-7.327059975320586e-7,-1.949730030929342e-7
1.68,-7.225265387942333e-7,-1.9497900015414093e-7
1.681,-7.124800373167103e-7,-1.949469757160291e-7
1.682,-7.025648928447617e-7,-1.9487796550248743e-7
1.683,-6.927795219909676e-7,-1.9477298447974174e-7
1.684,-6.831223581034948e-7,-1.946330272163894e-7
1.685,-6.735918511343902e-7,-1.9445906823780036e-7
1.686,-6.641864675079208e-7,-1.9425206237496436e-7
1.687,-6.549046899889882e-7,-1.9401294510786315e-7
1.688,-6.457450175516459e-7,-1.9374263290344553e-7
1.689,-6.367059652477471e-7,-1.9344202354828156e-7
1.69,-6.277860640757487e-7,-1.931119964759726e-7
1.691,-6.189838608496984e-7,-1.92753413089391e-7
1.692,-6.10297918068429e-7,-1.923671170778245e-7
1.693,-6.017268137849837e-7,-1.9195393472909719e-7
1.694,-5.932691414762968e-7,-1.9151467523674014e-7
1.695,-5.849235099131508e-7,-1.9105013100228228e-7
1.696,-5.766885430304346e-7,-1.9056107793273171e-7
1.697,-5.685628797977199e-7,-1.900482757333175e-7
1.698,-5.605451740901806e-7,-1.8951246819555946e-7
1.699,-5.526340945598709e-7,-1.889543834807345e-7
1.7,-5.448283245073855e-7,-1.883747343988056e-7
1.701,-5.371265617539163e-7,-1.8777421868287954e-7
1.702,-5.29527518513726e-7,-1.8715351925925859e-7
1.703,-5.220299212670549e-7,-1.8651330451314994e-7
1.704,-5.146325106334787e-7,-1.858542285500968e-7
1.705,-5.073340412457304e-7,-1.8517693145319302e-7
1.706,-5.001332816240056e-7,-1.844820395361437e-7
1.707,-4.930290140507631e-7,-1.8377016559223204e-7
1.708,-4.860200344460371e-7,-1.830419091392532e-7
1.709,-4.791051522432725e-7,-1.8229785666047382e-7
1.71,-4.7228319026569943e-7,-1.8153858184167656e-7
1.711,-4.65552984603258e-7,-1.8076464580434648e-7
1.712,-4.589133844900848e-7,-1.7997659733505735e-7
1.713,-4.5236325218257536e-7,-1.7917497311111335e-7
1.714,-4.459014628380316e-7,-1.7836029792250206e-7
1.715,-4.39526904393906e-7,-1.775330848902133e-7
1.716,-4.332384774476531e-7,-1.766938356809785e-7
1.717,-4.270350951371976e-7,-1.758430407184829e-7
1.718,-4.2091568302202884e-7,-1.7498117939110408e-7
1.719,-4.1487917896493104e-7,-1.7410872025622864e-7
1.72,-4.0892453301435717e-7,-1.7322612124119767e-7
1.721,-4.030507072874556e-7,-1.7233382984093227e-7
1.722,-3.972566758537565e-7,-1.7143228331228852e-7
1.723,-3.915414246195262e-7,-1.7052190886519125e-7
1.724,-3.8590395121279614e-7,-1.696031238505952e-7
1.725,-3.803432648690729e-7,-1.6867633594532119e-7
1.726,-3.7485838631773697e-7,-1.6774194333381473e-7
1.727,-3.694483476691341e-7,-1.6680033488687368e-7
1.728,-3.641121923023671e-7,-1.6585189033739055e-7
1.729,-3.588489747537922e-7,-1.648969804531553e-7
1.73,-3.53657760606225e-7,-1.639359672067626e-7
1.731,-3.485376263788616e-7,-1.6296920394266845e-7
1.732,-3.4348765941791816e-7,-1.6199703554143885e-7
1.733,-3.3850695778799386e-7,-1.610197985812341e-7
1.734,-3.3359463016416105e-7,-1.6003782149657024e-7
1.735,-3.2874979572478526e-7,-1.5905142473440008e-7
1.736,-3.2397158404507977e-7,-1.580609209075545e-7
1.737,-3.1925913499139626e-7,-1.5706661494558445e-7
1.738,-3.1461159861625544e-7,-1.560688042430442e-7
1.739,-3.100281350541196e-7,-1.5506777880525446e-7
1.74,-3.0550791441790937e-7,-1.5406382139158517e-7
1.741,-3.010501166962666e-7,-1.530572076562953e-7
1.742,-2.9665393165156587e-7,-1.520482062869684e-7
1.743,-2.923185587186748e-7,-1.510370791405804e-7
1.744,-2.880432069044662e-7,-1.5002408137723687e-7
1.745,-2.838270946880812e-7,-1.490094615916158e-7
1.746,-2.7966944992194663e-7,-1.479934619421516e-7
1.747,-2.75569509733545e-7,-1.4697631827799547e-7
1.748,-2.715265204279391e-7,-1.4595826026378714e-7
1.749,-2.675397373910515e-7,-1.4493951150227177e-7
1.75,-2.6360842499369783e-7,-1.439202896547961e-7
1.751,-2.5973185649637536e-7,-1.4290080655971675e-7
1.752,-2.5590931395480605e-7,-1.418812683487541e-7
1.753,-2.5214008812623293e-7,-1.4086187556132302e-7
1.754,-2.4842347837647074e-7,-1.3984282325687337e-7
1.755,-2.447587925877089e-7,-1.3882430112527096e-7
1.756,-2.411453470670663e-7,-1.378064935952502e-7
1.757,-2.375824664558975e-7,-1.3678957994096883e-7
1.758,-2.340694836398481e-7,-1.3577373438669486e-7
1.759,-2.3060573965965886e-7,-1.3475912620965537e-7
1.76,-2.2719058362271693e-7,-1.3374591984107617e-7
1.761,-2.2382337261535224e-7,-1.3273427496544134e-7
1.762,-2.2050347161587801e-7,-1.317243466180009e-7
1.763,-2.1723025340837294e-7,-1.3071628528055456e-7
1.764,-2.1400309849720363e-7,-1.2971023697553899e-7
1.765,-2.108213950222849e-7,-1.28706343358446e-7
1.766,-2.07684538675076e-7,-1.27704741808598e-7
1.767,-2.0459193261531044e-7,-1.2670556551830775e-7
1.768,-2.0154298738845683e-7,-1.2570894358044728e-7
1.769,-1.9853712084390868e-7,-1.2471500107445276e-7
1.77,-1.9557375805390038e-7,-1.2372385915078986e-7
1.771,-1.926523312331466e-7,-1.2273563511390435e-7
1.772,-1.8977227965920235e-7,-1.217504425036829e-7
1.773,-1.8693304959354155e-7,-1.207683911754478e-7
1.774,-1.841340942033498e-7,-1.1978958737850948e-7
1.775,-1.8137487348402997e-7,-1.1881413383330039e-7
1.776,-1.786548541824163e-7,-1.1784212980711289e-7
1.777,-1.7597350972069452e-7,-1.1687367118846441e-7
1.778,-1.733303201210244e-7,-1.1590885056011185e-7
1.779,-1.7072477193086198e-7,-1.1494775727073736e-7
1.78,-1.6815635814897726e-7,-1.1399047750532743e-7
1.781,-1.65624578152165e-7,-1.1303709435426633e-7
1.782,-1.6312893762264417e-7,-1.1208768788116534e-7
1.783,-1.6066894847614328e-7,-1.1114233518944821e-7
1.784,-1.582441287906674e-7,-1.1020111048771356e-7
1.785,-1.5585400273594372e-7,-1.092640851538942e-7
1.786,-1.534981005035418e-7,-1.0833132779823326e-7
1.787,-1.5117595823766438e-7,-1.074029043250967e-7
1.788,-1.488871179666058e-7,-1.064788779936414e-7
1.789,-1.4663112753487343e-7,-1.0555930947735776e-7
1.79,-1.444075405359685e-7,-1.0464425692250563e-7
1.791,-1.4221591624582264e-7,-1.037337760054618e-7
1.792,-1.4005581955688597e-7,-1.0282791998899716e-7
1.793,-1.3792682091286273e-7,-1.019267397775015e-7
1.794,-1.3582849624409053e-7,-1.0103028397117333e-7
1.795,-1.3376042690355928e-7,-1.0013859891919227e-7
1.796,-1.317221996035654e-7,-9.925172877189064e-8
1.797,-1.2971340635299765e-7,-9.836971553194153e-8
1.798,-1.2773364439525022e-7,-9.749259910457939e-8
1.799,-1.257825161467586e-7,-9.662041734686964e-8
1.8,-1.2385962913615496e-7,-9.575320611604349e-8
1.801,-1.219645959440379e-7,-9.489099931691315e-8
1.802,-1.200970341433528e-7,-9.403382894838369e-8
1.803,-1.182565662403787e-7,-9.318172514907623e-8
1.804,-1.1644281961631714e-7,-9.233471624207789e-8
1.805,-1.1465542646947877e-7,-9.14928287788331e-8
1.806,-1.1289402375806365e-7,-9.065608758219101e-8
1.807,-1.1115825314353079e-7,-8.982451578862314e-8
1.808,-1.0944776093455266e-7,-8.899813488962577e-8
1.809,-1.077621980315504e-7,-8.817696477232055e-8
1.81,-1.0610121987180544e-7,-8.736102375926743e-8
1.811,-1.0446448637514317e-7,-8.655032864750316e-8
1.812,-1.028516618901843e-7,-8.57448947468186e-8
1.813,-1.0126241514115977e-7,-8.494473591728824e-8
1.814,-9.96964191752846e-8,-8.41498646060643e-8
1.815,-9.815335131068661e-8,-8.336029188344857e-8
1.816,-9.66328930848856e-8,-8.257602747825413e-8
1.817,-9.513473020381844e-8,-8.179707981246926e-8
1.818,-9.36585524914062e-8,-8.102345603523583e-8
1.819,-9.22040538396585e-8,-8.025516205615374e-8
1.82,-9.077093215931113e-8,-7.949220257792343e-8
1.821,-8.935888933099236e-8,-7.873458112833769e-8
1.822,-8.796763115691384e-8,-7.79823000916343e-8
1.823,-8.659686731308161e-8,-7.723536073922053e-8
1.824,-8.524631130202299e-8,-7.649376325978063e-8
1.825,-8.391568040602503e-8,-7.575750678877695e-8
1.826,-8.26046956408803e-8,-7.50265894373553e-8
1.827,-8.131308171013572e-8,-7.430100832066527e-8
1.828,-8.004056695983994e-8,-7.358075958560551e-8
1.829,-7.878688333378551e-8,-7.286583843800417e-8
1.83,-7.755176632924098e-8,-7.215623916924475e-8
1.831,-7.633495495316921e-8,-7.14519551823466e-8
1.832,-7.51361916789274e-8,-7.075297901751033e-8
1.833,-7.395522240344459e-8,-7.005930237713721e-8
1.834,-7.27917964048727e-8,-6.93709161503321e-8
1.835,-7.164566630070669e-8,-6.8687810436899e-8
1.836,-7.051658800636959e-8,-6.80099745708383e-8
1.837,-6.94043206942587e-8,-6.733739714335481e-8
1.838,-6.83086267532482e-8,-6.667006602538481e-8
1.839,-6.722927174864462e-8,-6.600796838965146e-8
1.84,-6.616602438259069e-8,-6.535109073225635e-8
1.841,-6.511865645491359e-8,-6.469941889381607e-8
1.842,-6.408694282441367e-8,-6.405293808015155e-8
1.843,-6.307066137058931e-8,-6.341163288253862e-8
1.844,-6.206959295579423e-8,-6.277548729752747e-8
1.845,-6.108352138782285e-8,-6.214448474633893e-8
1.846,-6.011223338292009e-8,-6.151860809384515e-8
1.847,-5.9155518529211345e-8,-6.089783966714249e-8
1.848,-5.821316925054881e-8,-6.028216127372357e-8
1.849,-5.728498077077024e-8,-5.96715542192563e-8
1.85,-5.6370751078366164e-8,-5.906599932497682e-8
1.851,-5.5470280891551645e-8,-5.8465476944703344e-8
1.852,-5.4583373623738826e-8,-5.786996698147806e-8
1.853,-5.370983534940633e-8,-5.7279448903843775e-8
1.854,-5.284947477036166e-8,-5.6693901761762123e-8
1.855,-5.2002103182392836e-8,-5.611330420217987e-8
1.856,-5.116753444230553e-8,-5.5537634484249854e-8
1.857,-5.034558493534185e-8,-5.496687049421299e-8
1.858,-4.953607354297703e-8,-5.4400989759947536e-8
1.859,-4.873882161109043e-8,-5.3839969465191915e-8
1.86,-4.795365291850703e-8,-5.328378646344707e-8
1.861,-4.718039364590578e-8,-5.273241729156443e-8
1.862,-4.641887234509119e-8,-5.2185838183025274e-8
1.863,-4.566891990862452e-8,-5.1644025080917316e-8
1.864,-4.4930369539810935e-8,-5.1106953650614216e-8
1.865,-4.420305672303915e-8,-5.0574599292163596e-8
1.866,-4.348681919446984e-8,-5.004693715238896e-8
1.867,-4.2781496913069506e-8,-4.952394213671111e-8
1.868,-4.2086932031986105e-8,-4.9005588920694205e-8
1.869,-4.1402968870263064e-8,-4.849185196132168e-8
1.87,-4.0729453884888195e-8,-4.7982705508007364e-8
1.871,-4.006623564317413e-8,-4.747812361334654e-8
1.872,-3.941316479546671e-8,-4.6978080143612164e-8
1.873,-3.877009404817823e-8,-4.648254878900097e-8
1.874,-3.813687813714186e-8,-4.599150307363429e-8
1.875,-3.751337380128418e-8,-4.550491636531838e-8
1.876,-3.6899439756612315e-8,-4.50227618850687e-8
1.877,-3.6294936670512586e-8,-4.454501271640294e-8
1.878,-3.569972713635724e-8,-4.4071641814407025e-8
1.879,-3.5113675648416114e-8,-4.3602622014578676e-8
1.88,-3.453664857707004e-8,-4.3137926041452755e-8
1.881,-3.3968514144322776e-8,-4.267752651701269e-8
1.882,-3.340914239960828e-8,-4.222139596889211e-8
1.883,-3.285840519589028e-8,-4.176950683837081e-8
1.884,-3.231617616605095e-8,-4.13218314881691e-8
1.885,-3.178233069956561e-8,-4.08783422100445e-8
1.886,-3.1256745919460486e-8,-4.043901123219457e-8
1.887,-3.073930065955037e-8,-4.00038107264699e-8
1.888,-3.022987544195324e-8,-3.957271281540082e-8
1.889,-2.9728352454878907e-8,-3.914568957904164e-8
1.89,-2.923461553068858e-8,-3.8722713061636007e-8
1.891,-2.8748550124222573e-8,-3.830375527810698e-8
1.892,-2.8270043291393143e-8,-3.7888788220375256e-8
1.893,-2.7798983668039623e-8,-3.747778386350909e-8
1.894,-2.7335261449042966e-8,-3.707071417170916e-8
1.895,-2.6878768367696878e-8,-3.6667551104131875e-8
1.896,-2.64293976753327e-8,-3.62682666205542e-8
1.897,-2.5987044121195314e-8,-3.587283268688334e-8
1.898,-2.5551603932567223e-8,-3.548122128051437e-8
1.899,-2.5122974795138138e-8,-3.509340439553893e-8
1.9,-2.4701055833617337e-8,-3.470935404780801e-8
1.901,-2.4285747592586068e-8,-3.4329042279851853e-8
1.902,-2.38769520175874e-8,-3.395244116565979e-8
1.903,-2.3474572436450795e-8,-3.357952281532306e-8
1.904,-2.307851354084887e-8,-3.3210259379543285e-8
1.905,-2.2688681368083676e-8,-3.284462305400951e-8
1.906,-2.2304983283099962e-8,-3.248258608364641e-8
1.907,-2.1927327960722887e-8,-3.212412076673645e-8
1.908,-2.1555625368117608e-8,-3.1769199458918585e-8
1.909,-2.118978674746828e-8,-3.141779457706605e-8
1.91,-2.0829724598873986e-8,-3.1069878603045875e-8
1.911,-2.0475352663459146e-8,-3.072542408736251e-8
1.912,-2.012658590669591e-8,-3.038440365268807e-8
1.913,-1.978334050193623e-8,-3.0046789997281584e-8
1.914,-1.944553381415116e-8,-2.9712555898299626e-8
1.915,-1.9113084383874975e-8,-2.9381674215000603e-8
1.916,-1.8785911911351906e-8,-2.905411789184503e-8
1.917,-1.846393724088301e-8,-2.8729859961493983e-8
1.918,-1.814708234537099e-8,-2.8408873547707914e-8
1.919,-1.7835270311060658e-8,-2.809113186814805e-8
1.92,-1.7528425322472732e-8,-2.7776608237082393e-8
1.921,-1.722647264752886e-8,-2.7465276067998462e-8
1.922,-1.6929338622865516e-8,-2.7157108876124804e-8
1.923,-1.6636950639334688e-8,-2.6852080280863245e-8
1.924,-1.634923712768914e-8,-2.6550164008133848e-8
1.925,-1.6066127544450114e-8,-2.6251333892634552e-8
1.926,-1.578755235795535e-8,-2.5955563880017317e-8
1.927,-1.5513443034585322e-8,-2.5662828028982643e-8
1.928,-1.5243732025165595e-8,-2.5373100513294333e-8
1.929,-1.497835275154326e-8,-2.5086355623716226e-8
1.93,-1.4717239593335382e-8,-2.4802567769872664e-8
1.931,-1.4460327874847483e-8,-2.4521711482034466e-8
1.932,-1.4207553852159998e-8,-2.424376141283202e-8
1.933,-1.3958854700380785e-8,-2.3968692338897186e-8
1.934,-1.3714168501061685e-8,-2.369647916243567e-8
1.935,-1.3473434229777224e-8,-2.3427096912731383e-8
1.936,-1.3236591743863507e-8,-2.3160520747584414e-8
1.937,-1.3003581770315437e-8,-2.289672595468415e-8
1.938,-1.2774345893840347e-8,-2.2635687952918985e-8
1.939,-1.2548826545066204e-8,-2.2377382293624198e-8
1.94,-1.2326966988902538e-8,-2.2121784661769334e-8
1.941,-1.2108711313052267e-8,-2.186887087708661e-8
1.942,-1.1894004416672618e-8,-2.1618616895141672e-8
1.943,-1.168279199918337e-8,-2.1370998808348108e-8
1.944,-1.1475020549220631e-8,-2.1125992846927046e-8
1.945,-1.1270637333734418e-8,-2.0883575379813134e-8
1.946,-1.1069590387228296e-8,-2.0643722915508232e-8
1.947,-1.0871828501139396e-8,-2.0406412102884046e-8
1.948,-1.0677301213357071e-8,-2.017161973193497e-8
1.949,-1.048595879787855e-8,-1.9939322734482324e-8
1.95,-1.0297752254599933e-8,-1.9709498184831196e-8
1.951,-1.0112633299240866e-8,-1.94821233003811e-8
1.952,-9.930554353401285e-9,-1.925717544219148e-8
1.953,-9.751468534748638e-9,-1.9034632115503348e-8
1.954,-9.575329647333965e-9,-1.8814470970217994e-8
1.955,-9.402092172035305e-9,-1.8596669801333976e-8
1.956,-9.231711257126847e-9,-1.838120654934337e-8
1.957,-9.064142708972294e-9,-1.8168059300588372e-8
1.958,-8.89934298284094e-9,-1.7957206287579213e-8
1.959,-8.73726917384492e-9,-1.7748625889274446e-8
1.96,-8.577879007996195e-9,-1.7542296631324543e-8
1.961,-8.421130833381747e-9,-1.7338197186279766e-8
1.962,-8.266983611455578e-9,-1.7136306373763257e-8
1.963,-8.115396908446038e-9,-1.6936603160610275e-8
1.964,-7.966330886877087e-9,-1.6739066660974464e-8
1.965,-7.819746297202063e-9,-1.6543676136402055e-8
1.966,-7.67560446954858e-9,-1.6350410995874843e-8
1.967,-7.533867305573168e-9,-1.6159250795822817e-8
1.968,-7.394497270424308e-9,-1.597017524010725e-8
1.969,-7.2574573848125e-9,-1.5783164179975075e-8
1.97,-7.122711217186049e-9,-1.559819761398535e-8
1.971,-6.990222876011243e-9,-1.541525568790856e-8
1.972,-6.85995700215563e-9,-1.5234318694599596e-8
1.973,-6.7318787613731e-9,-1.505536707384504e-8
1.974,-6.605953836889508e-9,-1.4878381412185631e-8
1.975,-6.482148422087573e-9,-1.4703342442714524e-8
1.976,-6.3604292132898194e-9,-1.4530231044852083e-8
1.977,-6.24076340263832e-9,-1.4359028244097904e-8
1.978,-6.123118671070038e-9,-1.4189715211760745e-8
1.979,-6.0074631813865586e-9,-1.4022273264666998e-8
1.98,-5.893765571417018e-9,-1.3856683864848376e-8
1.981,-5.781994947273076e-9,-1.3692928619209443e-8
1.982,-5.672120876694745e-9,-1.3530989279175588e-8
1.983,-5.564113382485953e-9,-1.3370847740322089e-8
1.984,-5.4579429360386785e-9,-1.3212486041984807e-8
1.985,-5.353580450944573e-9,-1.3055886366853152e-8
1.986,-5.250997276692927e-9,-1.2901031040545835e-8
1.987,-5.1501651924539046e-9,-1.2747902531169997e-8
1.988,-5.05105640094596e-9,-1.259648344886425e-8
1.989,-4.953643522386363e-9,-1.2446756545326161e-8
1.99,-4.857899588523783e-9,-1.2298704713324703e-8
1.991,-4.763798036751867e-9,-1.215231098619817e-8
1.992,-4.671312704302812e-9,-1.2007558537338093e-8
1.993,-4.580417822519873e-9,-1.1864430679659587e-8
1.994,-4.491088011207828e-9,-1.1722910865058663e-8
1.995,-4.403298273060377e-9,-1.158298268385694e-8
1.996,-4.317023988163515e-9,-1.1444629864234208e-8
1.997,-4.232240908573886e-9,-1.130783627164932e-8
1.998,-4.148925152971157e-9,-1.1172585908249817e-8
1.999,-4.067053201383475e-9,-1.1038862912270738e-8
2.0,-3.986601889985045e-9,-1.0906651557423002e-8
2.001,-3.907548405964921e-9,-1.0775936252271804e-8
2.002,-3.829870282466084e-9,-1.0646701539605406e-8
2.003,-3.753545393593886e-9,-1.0518932095794704e-8
2.004,-3.6785519494929917e-9,-1.039261273014397e-8
2.005,-3.6048684914919103e-9,-1.0267728384233134e-8
2.006,-3.5324738873142468e-9,-1.0144264131251955e-8
2.007,-3.4613473263558163e-9,-1.0022205175326469e-8
2.008,-3.391468315026756e-9,-9.901536850838024e-9
2.009,-3.322816672157802e-9,-9.782244621735257e-9
2.01,-3.2553725244698844e-9,-9.66431408083937e-9
2.011,-3.1891163021062276e-9,-9.547730949142955e-9
2.012,-3.1240287342261385e-9,-9.432481075102784e-9
2.013,-3.0600908446596746e-9,-9.318550433926783e-9
2.014,-2.997283947622404e-9,-9.205925126855528e-9
2.015,-2.9355896434894637e-9,-9.094591380438582e-9
2.016,-2.8749898146281533e-9,-8.9845355458059e-9
2.017,-2.8154666212882844e-9,-8.875744097934633e-9
2.018,-2.7570024975495385e-9,-8.768203634911583e-9
2.019,-2.6995801473250848e-9,-8.661900877191567e-9
2.02,-2.643182540420711e-9,-8.556822666851974e-9
2.021,-2.587792908648754e-9,-8.452955966843741e-9
2.022,-2.533394741996089e-9,-8.35028786023902e-9
2.023,-2.479971784845488e-9,-8.24880554947575e-9
2.024,-2.4275080322496233e-9,-8.148496355599397e-9
2.025,-2.3759877262570385e-9,-8.049347717502073e-9
2.026,-2.3253953522893907e-9,-7.951347191159258e-9
2.027,-2.275715635569291e-9,-7.854482448864355e-9
2.028,-2.226933537598074e-9,-7.758741278461268e-9
2.029,-2.1790342526828323e-9,-7.664111582575238e-9
2.03,-2.1320032045120687e-9,-7.570581377842114e-9
2.031,-2.085826042779316e-9,-7.478138794136264e-9
2.032,-2.040488639854089e-9,-7.3867720737973215e-9
2.033,-1.9959770874995476e-9,-7.296469570855942e-9
2.034,-1.952277693636233e-9,-7.2072197502587654e-9
2.035,-1.909376979151284e-9,-7.119011187092747e-9
2.036,-1.8672616747525106e-9,-7.0318325658090305e-9
2.037,-1.8259187178667386e-9,-6.945672679446542e-9
2.038,-1.7853352495818276e-9,-6.860520428855448e-9
2.039,-1.7454986116317827e-9,-6.776364821920655e-9
2.04,-1.7063963434243806e-9,-6.693194972785482e-9
2.041,-1.6680161791107448e-9,-6.61100010107568e-9
2.042,-1.6303460446963078e-9,-6.529769531123924e-9
2.043,-1.5933740551926014e-9,-6.449492691194926e-9
2.044,-1.557088511809332e-9,-6.370159112711303e-9
2.045,-1.521477899186201e-9,-6.291758429480344e-9
2.046,-1.4865308826639282e-9,-6.214280376921783e-9
2.047,-1.4522363055939625e-9,-6.137714791296727e-9
2.048,-1.4185831866863494e-9,-6.0620516089378435e-9
2.049,-1.3855607173952467e-9,-5.987280865480942e-9
2.05,-1.3531582593415793e-9,-5.913392695098038e-9
2.051,-1.3213653417723313e-9,-5.840377329732048e-9
2.052,-1.2901716590559814e-9,-5.768225098333176e-9
2.053,-1.2595670682135935e-9,-5.696926426097156e-9
2.054,-1.2295415864850787e-9,-5.62647183370538e-9
2.055,-1.2000853889301542e-9,-5.55685193656708e-9
2.056,-1.1711888060635273e-9,-5.488057444063605e-9
2.057,-1.1428423215238414e-9,-5.420079158794915e-9
2.058,-1.1150365697759264e-9,-5.352907975828369e-9
2.059,-1.0877623338458993e-9,-5.286534881949899e-9
2.06,-1.0610105430886692e-9,-5.2209509549176484e-9
2.061,-1.034772270987407e-9,-5.1561473627181515e-9
2.062,-1.0090387329845435e-9,-5.092115362825147e-9
2.063,-9.838012843438639e-10,-5.028846301461085e-9
2.064,-9.590514180432811e-10,-4.966331612861401e-9
2.065,-9.347807626978614e-10,-4.90456281854164e-9
2.066,-9.109810805126936e-10,-4.843531526567483e-9
2.067,-8.876442652651947e-10,-4.7832294308277484e-9
2.068,-8.64762340316445e-10,-4.723648310310431e-9
2.069,-8.423274566511582e-10,-4.664780028381831e-9
2.07,-8.203318909458952e-10,-4.606616532068847e-9
2.071,-7.987680436651296e-10,-4.5491498513444685e-9
2.072,-7.776284371847883e-10,-4.492372098416539e-9
2.073,-7.569057139428848e-10,-4.436275467019826e-9
2.074,-7.365926346168764e-10,-4.380852231711466e-9
2.075,-7.166820763273762e-10,-4.326094747169805e-9
2.076,-6.971670308678557e-10,-4.2719954474967136e-9
2.077,-6.780406029599827e-10,-4.2185468455233845e-9
2.078,-6.592960085342392e-10,-4.165741532119683e-9
2.079,-6.409265730354694e-10,-4.113572175507074e-9
2.08,-6.229257297530175e-10,-4.062031520575166e-9
2.081,-6.0528701817511e-10,-4.011112388201911e-9
2.082,-5.880040823671516e-10,-3.960807674577495e-9
2.083,-5.710706693736018e-10,-3.911110350531951e-9
2.084,-5.54480627643105e-10,-3.862013460866515e-9
2.085,-5.382279054765532e-10,-3.813510123688778e-9
2.086,-5.223065494977621e-10,-3.765593529751637e-9
2.087,-5.067107031464468e-10,-3.718256941796087e-9
2.088,-4.914346051931879e-10,-3.671493693897872e-9
2.089,-4.764725882760806e-10,-3.6252971908180196e-9
2.09,-4.6181907745876747e-10,-3.5796609073572846e-9
2.091,-4.4746858880955463e-10,-3.534578387714516e-9
2.092,-4.3341572800131946e-10,-3.4900432448489704e-9
2.093,-4.1965518893191834e-10,-3.4460491598465916e-9
2.094,-4.061817523648098e-10,-3.402589881290267e-9
2.095,-3.9299028458960895e-10,-3.3596592246340827e-9
2.096,-3.800757361022967e-10,-3.317251071581585e-9
2.097,-3.6743314030480677e-10,-3.2753593694680675e-9
2.098,-3.550576122237203e-10,-3.233978130646893e-9
2.099,-3.42944347247801e-10,-3.1931014318798565e-9
2.1,-3.3108861988410486e-10,-3.152723413731608e-9
2.101,-3.194857825324059e-10,-3.1128382799681337e-9
2.102,-3.081312642776792e-10,-3.073440296959312e-9
2.103,-2.9702056970038854e-10,-3.034523793085543e-9
2.104,-2.861492777043276e-10,-2.9960831581484624e-9
2.105,-2.755130403617687e-10,-2.9581128427857425e-9
2.106,-2.651075817756739e-10,-2.920607357889981e-9
2.107,-2.549286969587297e-10,-2.8835612740316866e-9
2.108,-2.4497225072896706e-10,-2.846969220886355e-9
2.109,-2.3523417662173253e-10,-2.810825886665645e-9
2.11,-2.2571047581778106e-10,-2.775126017552646e-9
2.111,-2.1639721608726065e-10,-2.739864417141244e-9
2.112,-2.0729053074936582e-10,-2.7050359458795767e-9
2.113,-1.9838661764743714e-10,-2.670635520517584e-9
2.114,-1.8968173813928863e-10,-2.6366581135586418e-9
2.115,-1.8117221610254692e-10,-2.6030987527152827e-9
2.116,-1.728544369547894e-10,-2.569952520368995e-9
2.117,-1.6472484668827155e-10,-2.537214553034096e-9
2.118,-1.5677995091903562e-10,-2.5048800408256713e-9
2.119,-1.490163139501973e-10,-2.4729442269315793e-9
2.12,-1.4143055784920766e-10,-2.4414024070885083e-9
2.121,-1.3401936153889228e-10,-2.4102499290620797e-9
2.122,-1.2677945990207094e-10,-2.3794821921309882e-9
2.123,-1.197076428995645e-10,-2.349094646575176e-9
2.124,-1.1280075470139794e-10,-2.3190827931680224e-9
2.125,-1.0605569283101142e-10,-2.2894421826725417e-9
2.126,-9.94694073222933e-11,-2.2601684153415877e-9
2.127,-9.303889988925213e-11,-2.2312571404220363e-9
2.128,-8.676122310814671e-11,-2.202704055662953e-9
2.129,-8.063347961189604e-11,-2.1745049068277194e-9
2.13,-7.46528212965932e-11,-2.146655487210114e-9
2.131,-6.881644853994967e-11,-2.119151637154331e-9
2.132,-6.312160943149917e-11,-2.091989243578926e-9
2.133,-5.756559901439201e-11,-2.06516423950467e-9
2.134,-5.214575853861376e-11,-2.0386726035863064e-9
2.135,-4.685947472546379e-11,-2.0125103596481865e-9
2.136,-4.170417904313197e-11,-1.986673576223774e-9
2.137,-3.6677346993213716e-11,-1.9611583660990037e-9
2.138,-3.1776497408005906e-11,-1.935960885859476e-9
2.139,-2.6999191758428193e-11,-1.9110773354414735e-9
2.14,-2.2343033472416664e-11,-1.886503957686781e-9
2.141,-1.7805667263638592e-11,-1.8622370379012954e-9
2.142,-1.3384778470379283e-11,-1.8382729034174049e-9
2.143,-9.078092404454014e-12,-1.8146079231601249e-9
2.144,-4.8833737100001105e-12,-1.791238507216968e-9
2.145,-7.984257320061978e-13,-1.7681611064115344e-9
2.146,3.1789101055624066e-12,-1.745372211880803e-9
2.147,7.050754912181166e-12,-1.7228683546561053e-9
2.148,1.0819192933863815e-11,-1.7006461052477625e-9
2.149,1.44862721470751e-11,-1.6787020732333701e-9
2.15,1.805400484359212e-11,-1.6570329068497076e-9
2.151,2.1524368206445803e-11,-1.6356352925882563e-9
2.152,2.4899304877072174e-11,-1.6145059547943064e-9
2.153,2.8180723513801367e-11,-1.5936416552696308e-9
2.154,3.137049934181044e-11,-1.5730391928787113e-9
2.155,3.4470474694664405e-11,-1.5526954031584905e-9
2.156,3.748245954756806e-11,-1.5326071579316375e-9
2.157,4.040823204244967e-11,-1.5127713649232981e-9
2.158,4.324953900499556e-11,-1.4931849673813195e-9
2.159,4.600809645375343e-11,-1.473844943699919e-9
2.16,4.868559010142015e-11,-1.4547483070467841e-9
2.161,5.1283675848428477e-11,-1.4358921049935797e-9
2.162,5.380398026894542e-11,-1.41727341914984e-9
2.163,5.62481010893934e-11,-1.3988893648002308e-9
2.164,5.861760765960374e-11,-1.3807370905451528e-9
2.165,6.091404141671079e-11,-1.3628137779446715e-9
2.166,6.313891634189287e-11,-1.3451166411657493e-9
2.167,6.529371941006554e-11,-1.3276429266327605e-9
2.168,6.737991103263045e-11,-1.3103899126812653e-9
2.169,6.939892549338203e-11,-1.2933549092150247e-9
2.17,7.135217137767282e-11,-1.2765352573662327e-9
2.171,7.324103199493658e-11,-1.2599283291589461e-9
2.172,7.506686579466715e-11,-1.2435315271756873e-9
2.173,7.683100677594963e-11,-1.2273422842272032e-9
2.174,7.85347648906389e-11,-1.211358063025355e-9
2.175,8.017942644027948e-11,-1.1955763558591188e-9
2.176,8.176625446685907e-11,-1.1799946842736749e-9
2.177,8.329648913748712e-11,-1.1646105987525653e-9
2.178,8.477134812308807e-11,-1.149421678402896e-9
2.179,8.619202697119826e-11,-1.1344255306435646e-9
2.18,8.755969947295359e-11,-1.119619790896489e-9
2.181,8.88755180243542e-11,-1.1050021222808185e-9
2.182,9.014061398189115e-11,-1.0905702153101033e-9
2.183,9.135609801261857e-11,-1.0763217875924017e-9
2.184,9.252306043875426e-11,-1.062254583533303e-9
2.185,9.364257157688963e-11,-1.048366374041847e-9
2.186,9.47156820718895e-11,-1.0346549562393128e-9
2.187,9.574342322556065e-11,-1.021118153170862e-9
2.188,9.672680732016727e-11,-1.0077538135200106e-9
2.189,9.766682793686989e-11,-9.945598113259088e-10
2.19,9.856446026916374e-11,-9.815340457034087e-10
2.191,9.942066143139111e-11,-9.686744405658964e-10
2.192,1.0023637076240129e-10,-9.559789443508696e-10
2.193,1.0101251012443072e-10,-9.434455297482354e-10
2.194,1.017499841972748e-10,-9.310721934313136e-10
2.195,1.024496807678218e-10,-9.188569557905163e-10
2.196,1.0311247101501853e-10,-9.067978606696886e-10
2.197,1.0373920979033607e-10,-8.94892975105087e-10
2.198,1.0433073589380318e-10,-8.831403890669747e-10
2.199,1.0488787234567383e-10,-8.715382152038124e-10
2.2,1.0541142665379462e-10,-8.600845885890243e-10
2.201,1.0590219107673656e-10,-8.487776664703183e-10
2.202,1.0636094288275493e-10,-8.376156280215393e-10
2.203,1.0678844460464017e-10,-8.265966740970347e-10
2.204,1.0718544429052165e-10,-8.157190269885128e-10
2.205,1.0755267575068513e-10,-8.049809301843709e-10
2.206,1.0789085880046435e-10,-7.943806481314757e-10
2.207,1.082006994992659e-10,-7.839164659993734e-10
2.208,1.0848289038578558e-10,-7.735866894469092e-10
2.209,1.0873811070947417e-10,-7.633896443912374e-10
2.21,1.0896702665830911e-10,-7.533236767792007e-10
2.211,1.09170291582928e-10,-7.433871523610591e-10
2.212,1.0934854621717927e-10,-7.335784564665478e-10
2.213,1.0950241889514399e-10,-7.238959937832445e-10
2.214,1.0963252576468265e-10,-7.143381881372278e-10
2.215,1.0973947099755945e-10,-7.049034822760031e-10
2.216,1.0982384699619627e-10,-6.955903376536812e-10
2.217,1.0988623459710736e-10,-6.863972342183863e-10
2.218,1.0992720327106544e-10,-6.773226702018753e-10
2.219,1.0994731132004879e-10,-6.683651619113494e-10
2.22,1.0994710607101846e-10,-6.595232435234386e-10
2.221,1.0992712406657399e-10,-6.50795466880339e-10
2.222,1.0988789125253502e-10,-6.421804012880856e-10
2.223,1.0982992316249609e-10,-6.33676633316939e-10
2.224,1.0975372509940039e-10,-6.252827666038709e-10
2.225,1.0965979231417852e-10,-6.169974216571255e-10
2.226,1.0954861018149684e-10,-6.088192356628413e-10
2.227,1.094206543726597e-10,-6.007468622937137e-10
2.228,1.0927639102570937e-10,-5.927789715196795e-10
2.229,1.0911627691276627e-10,-5.849142494206051e-10
2.23,1.0894075960465217e-10,-5.771513980009612e-10
2.231,1.0875027763283792e-10,-5.694891350064651e-10
2.232,1.0854526064875683e-10,-5.619261937426715e-10
2.233,1.0832612958052411e-10,-5.544613228954969e-10
2.234,1.0809329678710261e-10,-5.470932863536568e-10
2.235,1.0784716620995368e-10,-5.398208630329995e-10
2.236,1.0758813352221236e-10,-5.326428467027181e-10
2.237,1.0731658627542483e-10,-5.255580458134255e-10
2.238,1.0703290404388577e-10,-5.185652833270717e-10
2.239,1.0673745856661266e-10,-5.116633965486882e-10
2.24,1.0643061388699373e-10,-5.04851236959943e-10
2.241,1.0611272649014527e-10,-4.981276700544875e-10
2.242,1.0578414543801389e-10,-4.914915751750789e-10
2.243,1.0544521250225866e-10,-4.849418453524627e-10
2.244,1.0509626229494754e-10,-4.784773871459966e-10
2.245,1.0473762239710187e-10,-4.720971204860003e-10
2.246,1.0436961348512257e-10,-4.657999785178156e-10
2.247,1.0399254945513066e-10,-4.5958490744755853e-10
2.248,1.0360673754525477e-10,-4.534508663895489e-10
2.249,1.0321247845589745e-10,-4.4739682721540076e-10
2.25,1.0281006646801172e-10,-4.414217744047572e-10
2.251,1.0239978955941902e-10,-4.355247048976547e-10
2.252,1.0198192951919878e-10,-4.297046279485003e-10
2.253,1.0155676206018017e-10,-4.2396056498164666e-10
2.254,1.0112455692956517e-10,-4.182915494485492e-10
2.255,1.0068557801771244e-10,-4.126966266864896e-10
2.256,1.0024008346511083e-10,-4.071748537788514e-10
2.257,9.978832576757052e-11,-4.0172529941693095e-10
2.258,9.933055187966004e-11,-3.9634704376327063e-10
2.259,9.886700331641646e-11,-3.9103917831649714e-10
2.26,9.839791625335603e-11,-3.858008057776523e-10
2.261,9.792352162481167e-11,-3.8063103991799997e-10
2.262,9.744404522062387e-11,-3.7552900544829504e-10
2.263,9.695970778121073e-11,-3.7049383788950034e-10
2.264,9.647072509104267e-11,-3.655246834449367e-10
2.265,9.597730807054694e-11,-3.606206988738518e-10
2.266,9.547966286646668e-11,-3.557810513663943e-10
2.267,9.4977990940699e-11,-3.510049184199779e-10
2.268,9.447248915763574e-11,-3.462914877170234e-10
2.269,9.396334987003112e-11,-3.4163995700406313e-10
2.27,9.345076100341891e-11,-3.370495339721944e-10
2.271,9.293490613910273e-11,-3.325194361388697e-10
2.272,9.241596459574152e-11,-3.280488907310082e-10
2.273,9.189411150955276e-11,-3.2363713456941655e-10
2.274,9.136951791315525e-11,-3.1928341395450566e-10
2.275,9.084235081307307e-11,-3.149869845532891e-10
2.276,9.031277326592195e-11,-3.107471112876515e-10
2.277,8.978094445329905e-11,-3.0656306822387376e-10
2.278,8.92470197553967e-11,-3.0243413846340085e-10
2.279,8.871115082336047e-11,-2.9835961403484156e-10
2.28,8.817348565041164e-11,-2.9433879578718627e-10
2.281,8.763416864175355e-11,-2.9037099328423006e-10
2.282,8.709334068328158e-11,-2.8645552470019007e-10
2.283,8.655113920911552e-11,-2.825917167165032e-10
2.284,8.60076982679734e-11,-2.7877890441979316e-10
2.285,8.546314858840526e-11,-2.7501643120099415e-10
2.286,8.491761764290502e-11,-2.7130364865561976e-10
2.287,8.437122971091852e-11,-2.6763991648516417e-10
2.288,8.382410594076547e-11,-2.640246023996252e-10
2.289,8.327636441049265e-11,-2.6045708202113654e-10
2.29,8.272812018767551e-11,-2.5693673878869806e-10
2.291,8.217948538818532e-11,-2.534629638639925e-10
2.292,8.163056923393811e-11,-2.5003515603827734e-10
2.293,8.108147810964225e-11,-2.466527216403407e-10
2.294,8.053231561856044e-11,-2.4331507444550953e-10
2.295,7.998318263730221e-11,-2.4002163558569977e-10
2.296,7.943417736966261e-11,-2.3677183346049705e-10
2.297,7.888539539952234e-11,-2.3356510364925714e-10
2.298,7.833692974282466e-11,-2.3040088882421537e-10
2.299,7.778887089864393e-11,-2.2727863866459466e-10
2.3,7.724130689936065e-11,-2.2419780977170092e-10
2.301,7.66943233599572e-11,-2.2115786558499605e-10
2.302,7.614800352644886e-11,-2.1815827629913765e-10
2.303,7.560242832346405e-11,-2.1519851878197553e-10
2.304,7.505767640098752e-11,-2.1227807649349437e-10
2.305,7.451382418028027e-11,-2.0939643940569287e-10
2.306,7.397094589898956e-11,-2.065531039233893e-10
2.307,7.342911365546209e-11,-2.0374757280594323e-10
2.308,7.288839745227362e-11,-2.0097935508988383e-10
2.309,7.234886523898761e-11,-1.9824796601243528e-10
2.31,7.18105829541555e-11,-1.9555292693592905e-10
2.311,7.127361456657117e-11,-1.92893765273094e-10
2.312,7.073802211579165e-11,-1.902700144132146e-10
2.313,7.020386575193631e-11,-1.8768121364914817e-10
2.314,6.967120377477605e-11,-1.8512690810519117e-10
2.315,6.914009267212448e-11,-1.8260664866578646e-10
2.316,6.861058715754236e-11,-1.8011999190506127e-10
2.317,6.808274020736671e-11,-1.7766650001718764e-10
2.318,6.755660309707569e-11,-1.752457407475561e-10
2.319,6.703222543700006e-11,-1.7285728732475375e-10
2.32,6.650965520739225e-11,-1.7050071839333805e-10
2.321,6.598893879286352e-11,-1.6817561794739746e-10
2.322,6.547012101619958e-11,-1.6588157526489075e-10
2.323,6.495324517156512e-11,-1.6361818484275581e-10
2.324,6.443835305710724e-11,-1.6138504633278034e-10
2.325,6.392548500696788e-11,-1.5918176447822521e-10
2.326,6.341467992271489e-11,-1.5700794905119303e-10
2.327,6.290597530420154e-11,-1.5486321479073312e-10
2.328,6.239940727986393e-11,-1.527471813416751e-10
2.329,6.189501063646565e-11,-1.506594731941831e-10
2.33,6.139281884829888e-11,-1.4859971962402232e-10
2.331,6.089286410585105e-11,-1.4656755463353061e-10
2.332,6.0395177343946e-11,-1.445626168932866e-10
2.333,5.989978826936823e-11,-1.4258454968446724e-10
2.334,5.940672538797924e-11,-1.4063300084188701e-10
2.335,5.891601603133412e-11,-1.387076226977108e-10
2.336,5.842768638280695e-11,-1.3680807202583367e-10
2.337,5.794176150323327e-11,-1.3493400998691935e-10
2.338,5.7458265356077583e-11,-1.3308510207409086e-10
2.339,5.6977220832134085e-11,-1.3126101805926532e-10
2.34,5.649864977376831e-11,-1.2946143194012635e-10
2.341,5.6022572998707475e-11,-1.2768602188772646e-10
2.342,5.5549010323387245e-11,-1.259344701947126e-10
2.343,5.507798058586218e-11,-1.2420646322416802e-10
2.344,5.460950166828752e-11,-1.225016913590633e-10
2.345,5.4143590518979325e-11,-1.2081984895230974e-10
2.346,5.3680263174060255e-11,-1.1916063427740859e-10
2.347,5.321953477869798e-11,-1.1752374947968916e-10
2.348,5.276141960794311e-11,-1.1590890052812922e-10
2.349,5.230593108717349e-11,-1.1431579716775123e-10
2.35,5.185308181215156e-11,-1.127441528725879e-10
2.351,5.1402883568701317e-11,-1.111936847992106e-10
2.352,5.095534735201145e-11,-1.0966411374081417e-10
2.353,5.051048338557099e-11,-1.0815516408185209e-10
2.354,5.0068301139743695e-11,-1.0666656375321551e-10
2.355,4.96288093499875e-11,-1.0519804418795016e-10
2.356,4.919201603472499e-11,-1.0374934027750497e-10
2.357,4.875792851287088e-11,-1.0232019032850625e-10
2.358,4.8326553421022514e-11,-1.0091033602005178e-10
2.359,4.789789673031903e-11,-9.951952236151846e-11
2.36,4.747196376297497e-11,-9.814749765087805e-11
2.361,4.704875920849401e-11,-9.679401343351496e-11
2.362,4.662828713956813e-11,-9.545882446154047e-11
2.363,4.6210551027667876e-11,-9.414168865359775e-11
2.364,4.579555375832895e-11,-9.284236705515187e-11
2.365,4.5383297646140373e-11,-9.156062379925959e-11
2.366,4.497378444943946e-11,-9.0296226067813e-11
2.367,4.456701538471862e-11,-8.9048944053252e-11
2.368,4.416299114074906e-11,-8.781855092073995e-11
2.369,4.37617118924263e-11,-8.660482277079728e-11
2.37,4.336317731434229e-11,-8.540753860238779e-11
2.371,4.2967386594089005e-11,-8.422648027645247e-11
2.372,4.257433844529809e-11,-8.306143247988557e-11
2.373,4.2184031120421255e-11,-8.191218268994788e-11
2.374,4.1796462423255977e-11,-8.07785211391123e-11
2.375,4.141162972122084e-11,-7.966024078033644e-11
2.376,4.102952995738512e-11,-7.855713725275762e-11
2.377,4.065015966225668e-11,-7.74690088478051e-11
2.378,4.0273514965332725e-11,-7.639565647572494e-11
2.379,3.9899591606417296e-11,-7.533688363251256e-11
2.38,3.952838494670987e-11,-7.42924963672483e-11
2.381,3.915988997966893e-11,-7.32623032498314e-11
2.382,3.879410134165466e-11,-7.224611533910761e-11
2.383,3.843101332235445e-11,-7.1243746151386e-11
2.384,3.807061987499534e-11,-7.025501162934033e-11
2.385,3.771291462634696e-11,-6.927973011129055e-11
2.386,3.73578908865188e-11,-6.83177223008601e-11
2.387,3.700554165855549e-11,-6.73688112370043e-11
2.388,3.665585964783364e-11,-6.643282226440599e-11
2.389,3.63088372712638e-11,-6.55095830042337e-11
2.39,3.59644666663011e-11,-6.459892332525822e-11
2.391,3.562273969976784e-11,-6.370067531532358e-11
2.392,3.5283647976491604e-11,-6.281467325316804e-11
2.393,3.4947182847762044e-11,-6.194075358059109e-11
2.394,3.461333541960972e-11,-6.107875487496237e-11
2.395,3.428209656091012e-11,-6.02285178220686e-11
2.396,3.3953456911316036e-11,-5.938988518929433e-11
2.397,3.362740688902148e-11,-5.856270179913293e-11
2.398,3.330393669836008e-11,-5.774681450302339e-11
2.399,3.2983036337240974e-11,-5.694207215550983e-11
2.4,3.266469560442526e-11,-5.614832558871919e-11
2.401,3.234890410664577e-11,-5.5365427587153797e-11
2.402,3.20356512655731e-11,-5.4593232862795003e-11
2.403,3.17249263246307e-11,-5.3831598030514087e-11
2.404,3.141671835566172e-11,-5.3080381583786956e-11
2.405,3.111101626545045e-11,-5.2339443870708936e-11
2.406,3.080780880210084e-11,-5.160864707030617e-11
2.407,3.050708456127498e-11,-5.088785516914006e-11
2.408,3.0208831992293775e-11,-5.017693393820129e-11
2.409,2.991303940410274e-11,-4.947575091009005e-11
2.41,2.961969497110509e-11,-4.8784175356478976e-11
2.411,2.932878673886473e-11,-4.810207826585547e-11
2.412,2.9040302629681577e-11,-4.742933232154017e-11
2.413,2.8754230448041464e-11,-4.67658118799781e-11
2.414,2.8470557885943066e-11,-4.611139294929948e-11
2.415,2.818927252810412e-11,-4.546595316814678e-11
2.416,2.7910361857049118e-11,-4.482937178476497e-11
2.417,2.7633813258080797e-11,-4.4201529636351736e-11
2.418,2.7359614024137505e-11,-4.358230912866468e-11
2.419,2.708775136053866e-11,-4.297159421588232e-11
2.42,2.6818212389620337e-11,-4.236927038071584e-11
2.421,2.6550984155263107e-11,-4.1775224614768767e-11
2.422,2.6286053627314144e-11,-4.118934539914138e-11
2.423,2.602340770590556e-11,-4.061152268527705e-11
2.424,2.5763033225670994e-11,-4.004164787604762e-11
2.425,2.5504916959862357e-11,-3.947961380707484e-11
2.426,2.5249045624368594e-11,-3.892531472828524e-11
2.427,2.499540588163842e-11,-3.837864628569533e-11
2.428,2.474398434450875e-11,-3.783950550342466e-11
2.429,2.4494767579940715e-11,-3.7307790765933803e-11
2.43,2.4247742112665003e-11,-3.6783401800484664e-11
2.431,2.4002894428738243e-11,-3.6266239659820334e-11
2.432,2.3760210979012175e-11,-3.575620670506195e-11
2.433,2.3519678182517287e-11,-3.5253206588819876e-11
2.434,2.328128242976254e-11,-3.475714423851662e-11
2.435,2.304501008595284e-11,-3.426792583991902e-11
2.436,2.2810847494125823e-11,-3.3785458820876956e-11
2.437,2.2578780978209554e-11,-3.330965183526641e-11
2.438,2.234879684600264e-11,-3.28404147471341e-11
2.439,2.2120881392078322e-11,-3.237765861504139e-11
2.44,2.189502090061397e-11,-3.19212956766051e-11
2.441,2.1671201648147508e-11,-3.147123933323275e-11
2.442,2.1449409906262157e-11,-3.1027404135049826e-11
2.443,2.122963194420095e-11,-3.0589705766016983e-11
2.444,2.101185403141235e-11,-3.015806102923454e-11
2.445,2.0796062440028388e-11,-2.973238783243229e-11
2.446,2.058224344727664e-11,-2.931260517364216e-11
2.447,2.0370383337827346e-11,-2.8898633127051628e-11
2.448,2.016046840607697e-11,-2.849039282903567e-11
2.449,1.9952484958369505e-11,-2.8087806464364976e-11
2.45,1.974641931515669e-11,-2.769079725258843e-11
2.451,1.954225781309847e-11,-2.7299289434587597e-11
2.452,1.93399868071048e-11,-2.6913208259301216e-11
2.453,1.9139592672320064e-11,-2.653247997061757e-11
2.454,1.894106180605119e-11,-2.6157031794432673e-11
2.455,1.8744380629640683e-11,-2.578679192587232e-11
2.456,1.8549535590285614e-11,-2.5421689516675907e-11
2.457,1.835651316280375e-11,-2.5061654662740086e-11
2.458,1.8165299851347845e-11,-2.470661839182032e-11
2.459,1.7975882191069147e-11,-2.435651265138834e-11
2.46,1.7788246749731262e-11,-2.4011270296643682e-11
2.461,1.760238012927525e-11,-2.36708250786773e-11
2.462,1.7418268967337095e-11,-2.3335111632785493e-11
2.463,1.7235899938718455e-11,-2.3004065466932278e-11
2.464,1.70552597568117e-11,-2.267762295035831e-11
2.465,1.6876335174980173e-11,-2.2355721302334655e-11
2.466,1.6699112987894625e-11,-2.2038298581059573e-11
2.467,1.652358003282673e-11,-2.1725293672696548e-11
2.468,1.634972319090059e-11,-2.141664628055186e-11
2.469,1.6177529388303118e-11,-2.111229691438996e-11
2.47,1.6006985597454167e-11,-2.081218687988494e-11
2.471,1.5838078838137265e-11,-2.0516258268206456e-11
2.472,1.5670796178591768e-11,-2.0224453945738388e-11
2.473,1.5505124736567303e-11,-1.9936717543928654e-11
2.474,1.534105168034128e-11,-1.9652993449268545e-11
2.475,1.5178564229700247e-11,-1.9373226793399947e-11
2.476,1.5017649656885935e-11,-1.9097363443348908e-11
2.477,1.4858295287506667e-11,-1.8825349991883968e-11
2.478,1.4700488501414976e-11,-1.8557133747997722e-11
2.479,1.454421673355209e-11,-1.829266272751006e-11
2.48,1.4389467474760076e-11,-1.8031885643791628e-11
2.481,1.4236228272562286e-11,-1.7774751898605955e-11
2.482,1.4084486731912872e-11,-1.7521211573068844e-11
2.483,1.3934230515915997e-11,-1.7271215418723494e-11
2.484,1.3785447346515457e-11,-1.702471484873001e-11
2.485,1.363812500515534e-11,-1.6781661929167773e-11
2.486,1.3492251333412391e-11,-1.6542009370449388e-11
2.487,1.3347814233600727e-11,-1.630571051884469e-11
2.488,1.3204801669349486e-11,-1.6072719348113544e-11
2.489,1.3063201666154066e-11,-1.5842990451246073e-11
2.49,1.2923002311901535e-11,-1.5616479032308886e-11
2.491,1.2784191757370798e-11,-1.5393140898396115e-11
2.492,1.2646758216708109e-11,-1.517293245168385e-11
2.493,1.2510689967878488e-11,-1.4955810681586738e-11
2.494,1.2375975353093609e-11,-1.4741733157015464e-11
2.495,1.2242602779216694e-11,-1.453065801873383e-11
2.496,1.2110560718144961e-11,-1.4322543971814222e-11
2.497,1.1979837707170139e-11,-1.411735027819021e-11
2.498,1.1850422349317579e-11,-1.3915036749305074e-11
2.499,1.1722303313664461e-11,-1.371556373885508e-11
2.5,1.1595469335637593e-11,-1.3518892135626261e-11
2.501,1.1469909217291291e-11,-1.3324983356423607e-11
2.502,1.1345611827565813e-11,-1.313379933909145e-11
2.503,1.1222566102526831e-11,-1.2945302535623933e-11
2.504,1.1100761045586375e-11,-1.2759455905364401e-11
2.505,1.0980185727705727e-11,-1.2576222908292653e-11
2.506,1.0860829287580693e-11,-1.239556749839889e-11
2.507,1.074268093180968e-11,-1.2217454117143318e-11
2.508,1.062572993504502e-11,-1.20418476870003e-11
2.509,1.0509965640127957e-11,-1.1868713605086021e-11
2.51,1.0395377458207682e-11,-1.1698017736868586e-11
2.511,1.0281954868844846e-11,-1.1529726409959547e-11
2.512,1.0169687420099934e-11,-1.1363806407985802e-11
2.513,1.0058564728606874e-11,-1.1200224964540888e-11
2.514,9.948576479632284e-12,-1.1038949757214628e-11
2.515,9.8397124271207e-12,-1.087994890170019e-11
2.516,9.731962393726165e-12,-1.0723190945977542e-11
2.517,9.62531627083054e-12,-1.0568644864572367e-11
2.518,9.51976401854886e-12,-1.041628005288947e-11
2.519,9.415295665722118e-12,-1.026606632161975e-11
2.52,9.311901309897767e-12,-1.0117973891219788e-11
2.521,9.209571117298304e-12,-9.97197338646316e-12
2.522,9.108295322778243e-12,-9.828035831062545e-12
2.523,9.008064229769798e-12,-9.686132642361749e-12
2.524,8.90886821021757e-12,-9.546235626096747e-12
2.525,8.810697704502574e-12,-9.408316971224888e-12
2.526,8.713543221355866e-12,-9.272349244821373e-12
2.527,8.61739533776209e-12,-9.138305387042188e-12
2.528,8.522244698853205e-12,-9.00615870615261e-12
2.529,8.428082017792698e-12,-8.8758828736205e-12
2.53,8.334898075650545e-12,-8.74745191927352e-12
2.531,8.242683721269168e-12,-8.620840226519482e-12
2.532,8.151429871120692e-12,-8.496022527629037e-12
2.533,8.06112750915573e-12,-8.37297389907989e-12
2.534,7.971767686643945e-12,-8.251669756961777e-12
2.535,7.883341522006657e-12,-8.132085852441424e-12
2.536,7.795840200641728e-12,-8.014198267286724e-12
2.537,7.70925497474095e-12,-7.897983409449392e-12
2.538,7.62357716310018e-12,-7.78341800870532e-12
2.539,7.538798150922453e-12,-7.670479112351953e-12
2.54,7.454909389614282e-12,-7.559144080961905e-12
2.541,7.371902396575368e-12,-7.449390584192121e-12
2.542,7.289768754981946e-12,-7.341196596647894e-12
2.543,7.2085001135639464e-12,-7.234540393801003e-12
2.544,7.128088186376203e-12,-7.129400547961303e-12
2.545,7.048524752563902e-12,-7.0257559243010936e-12
2.546,6.969801656122454e-12,-6.92358567693156e-12
2.547,6.891910805651992e-12,-6.822869245030658e-12
2.548,6.814844174106688e-12,-6.723586349021756e-12
2.549,6.738593798539047e-12,-6.625716986802406e-12
2.55,6.663151779839395e-12,-6.529241430022592e-12
2.551,6.588510282470695e-12,-6.4341402204118234e-12
2.552,6.514661534198903e-12,-6.3403941661544534e-12
2.553,6.4415978258189935e-12,-6.247984338312598e-12
2.554,6.369311510876851e-12,-6.156892067296052e-12
2.555,6.297795005387168e-12,-6.067098939378597e-12
2.556,6.227040787547513e-12,-5.9785867932601066e-12
2.557,6.157041397448725e-12,-5.891337716673862e-12
2.558,6.087789436781775e-12,-5.805334043038498e-12
2.559,6.019277568541258e-12,-5.720558348154009e-12
2.56,5.951498516725639e-12,-5.636993446941242e-12
2.561,5.884445066034407e-12,-5.554622390224326e-12
2.562,5.818110061562272e-12,-5.473428461555487e-12
2.563,5.752486408490533e-12,-5.39339517408169e-12
2.564,5.687567071775761e-12,-5.314506267452594e-12
2.565,5.623345075835901e-12,-5.23674570476926e-12
2.566,5.559813504233949e-12,-5.1600976695731124e-12
2.567,5.496965499359304e-12,-5.084546562874625e-12
2.568,5.434794262106916e-12,-5.010077000221214e-12
2.569,5.373293051554361e-12,-4.936673808803845e-12
2.57,5.312455184636943e-12,-4.864322024601852e-12
2.571,5.252274035820935e-12,-4.7930068895654625e-12
2.572,5.1927430367750764e-12,-4.722713848835568e-12
2.573,5.133855676040429e-12,-4.653428548000231e-12
2.574,5.075605498698685e-12,-4.5851368303874776e-12
2.575,5.017986106039048e-12,-4.517824734393891e-12
2.576,4.960991155223764e-12,-4.451478490848553e-12
2.577,4.90461435895242e-12,-4.3860845204118776e-12
2.578,4.848849485125084e-12,-4.32162943100887e-12
2.579,4.793690356504388e-12,-4.258100015296393e-12
2.58,4.739130850376654e-12,-4.195483248163971e-12
2.581,4.68516489821212e-12,-4.133766284267724e-12
2.582,4.63178648532439e-12,-4.072936455596986e-12
2.583,4.5789896505291535e-12,-4.012981269073182e-12
2.584,4.526768485802286e-12,-3.953888404180571e-12
2.585,4.475117135937386e-12,-3.895645710628406e-12
2.586,4.424029798202845e-12,-3.838241206044131e-12
2.587,4.373500721998508e-12,-3.781663073697206e-12
2.588,4.3235242085120065e-12,-3.725899660253149e-12
2.589,4.274094610374839e-12,-3.670939473557428e-12
2.59,4.225206331318257e-12,-3.61677118044879e-12
2.591,4.1768538258290354e-12,-3.5633836046016613e-12
2.592,4.129031598805179e-12,-3.5107657243972353e-12
2.593,4.081734205211653e-12,-3.4589066708228764e-12
2.594,4.034956249736165e-12,-3.4077957253994717e-12
2.595,3.988692386445096e-12,-3.357422318136363e-12
2.596,3.942937318439609e-12,-3.307776025513509e-12
2.597,3.897685797512015e-12,-3.2588465684905163e-12
2.598,3.852932623802435e-12,-3.21062381054219e-12
2.599,3.808672645455826e-12,-3.1630977557202605e-12
2.6,3.7649007582794085e-12,-3.116258546740948e-12
2.601,3.721611905400572e-12,-3.070096463098018e-12
2.602,3.678801076925272e-12,-3.0246019192010117e-12
2.603,3.6364633095970023e-12,-2.9797654625383033e-12
2.604,3.5945936864563683e-12,-2.935577771864679e-12
2.605,3.5531873365013117e-12,-2.8920296554131046e-12
2.606,3.512239434348037e-12,-2.8491120491303724e-12
2.607,3.4717451998926714e-12,-2.806816014936312e-12
2.608,3.431699897973714e-12,-2.7651327390062615e-12
2.609,3.3920988380353004e-12,-2.7240535300764905e-12
2.61,3.352937373791333e-12,-2.683569817772278e-12
2.611,3.3142109028905095e-12,-2.6436731509583453e-12
2.612,3.2759148665822877e-12,-2.6043551961113586e-12
2.613,3.238044749383822e-12,-2.565607735714204e-12
2.614,3.200596078747909e-12,-2.527422666671753e-12
2.615,3.1635644247319697e-12,-2.4897919987478436e-12
2.616,3.126945399668108e-12,-2.452707853023186e-12
2.617,3.0907346578342708e-12,-2.4161624603739312e-12
2.618,3.0549278951265444e-12,-2.380148159970624e-12
2.619,3.0195208487326132e-12,-2.3446573977972773e-12
2.62,2.9845092968064113e-12,-2.3096827251903e-12
2.621,2.9498890581439925e-12,-2.2752167973970216e-12
2.622,2.915655991860649e-12,-2.2412523721535545e-12
2.623,2.8818059970692974e-12,-2.2077823082817406e-12
2.624,2.848335012560164e-12,-2.17479956430493e-12
2.625,2.8152390164817884e-12,-2.1422971970823472e-12
2.626,2.7825140260233698e-12,-2.1102683604617982e-12
2.627,2.750156097098478e-12,-2.0787063039504793e-12
2.628,2.7181613240301483e-12,-2.047604371403646e-12
2.629,2.686525839237386e-12,-2.016955999730912e-12
2.63,2.6552458129230932e-12,-1.9867547176199427e-12
2.631,2.6243174527634388e-12,-1.9569941442773154e-12
2.632,2.5937370035986966e-12,-1.9276679881863196e-12
2.633,2.5635007471255556e-12,-1.898770045881476e-12
2.634,2.5336050015909313e-12,-1.8702942007395505e-12
2.635,2.5040461214872873e-12,-1.8422344217868497e-12
2.636,2.4748204972494815e-12,-1.814584762522581e-12
2.637,2.44592455495316e-12,-1.7873393597580657e-12
2.638,2.4173547560146967e-12,-1.7604924324715956e-12
2.639,2.389107596892712e-12,-1.7340382806787275e-12
2.64,2.3611796087911625e-12,-1.7079712843178123e-12
2.641,2.3335673573640285e-12,-1.6822859021505548e-12
2.642,2.3062674424216065e-12,-1.6569766706774087e-12
2.643,2.279276497638411e-12,-1.6320382030676104e-12
2.644,2.2525911902627074e-12,-1.6074651881036543e-12
2.645,2.2262082208276734e-12,-1.583252389140025e-12
2.646,2.200124322864207e-12,-1.5593946430759925e-12
2.647,2.1743362626153857e-12,-1.5358868593422865e-12
2.648,2.1488408387525837e-12,-1.5127240189014653e-12
2.649,2.123634882093259e-12,-1.4899011732618005e-12
2.65,2.0987152553204106e-12,-1.4674134435044944e-12
2.651,2.0740788527037187e-12,-1.4452560193240577e-12
2.652,2.049722599822371e-12,-1.4234241580816677e-12
2.653,2.025643453289579e-12,-1.4019131838713433e-12
2.654,2.0018384004787948e-12,-1.3807184865987568e-12
2.655,1.9783044592516233e-12,-1.3598355210725235e-12
2.656,1.9550386776874458e-12,-1.3392598061077984e-12
2.657,1.9320381338147493e-12,-1.3189869236420183e-12
2.658,1.90929993534417e-12,-1.2990125178626282e-12
2.659,1.886821219403253e-12,-1.2793322943466338e-12
2.66,1.8645991522729254e-12,-1.2599420192118187e-12
2.661,1.842630929125697e-12,-1.2408375182794794e-12
2.662,1.8209137737655762e-12,-1.2220146762485143e-12
2.663,1.799444938369714e-12,-1.2034694358807265e-12
2.664,1.7782217032317705e-12,-1.1851977971971841e-12
2.665,1.7572413765070048e-12,-1.167195816685492e-12
2.666,1.7365012939590958e-12,-1.1494596065178333e-12
2.667,1.7159988187086825e-12,-1.1319853337796333e-12
2.668,1.6957313409836346e-12,-1.1147692197087066e-12
2.669,1.6756962778710452e-12,-1.0978075389447466e-12
2.67,1.6558910730709493e-12,-1.0810966187890202e-12
2.671,1.6363131966517637e-12,-1.0646328384741331e-12
2.672,1.6169601448074495e-12,-1.0484126284437264e-12
2.673,1.5978294396163943e-12,-1.03243246964198e-12
2.674,1.578918628802012e-12,-1.0166888928127841e-12
2.675,1.5602252854950582e-12,-1.0011784778084544e-12
2.676,1.541747007997659e-12,-9.858978529078638e-13
2.677,1.5234814195490503e-12,-9.708436941438608e-13
2.678,1.5054261680930243e-12,-9.560127246398564e-13
2.679,1.4875789260470804e-12,-9.414017139554507e-13
2.68,1.4699373900732775e-12,-9.270074774409854e-13
2.681,1.4524992808507825e-12,-9.128268756008947e-13
2.682,1.4352623428501131e-12,-8.988568134657453e-13
2.683,1.4182243441090698e-12,-8.850942399728436e-13
2.684,1.4013830760103526e-12,-8.715361473552964e-13
2.685,1.3847363530608594e-12,-8.581795705394149e-13
2.686,1.3682820126726583e-12,-8.450215865503462e-13
2.687,1.3520179149456341e-12,-8.320593139258255e-13
2.688,1.3359419424517984e-12,-8.192899121379381e-13
2.689,1.3200520000212619e-12,-8.06710581022785e-13
2.69,1.3043460145298634e-12,-7.943185602179454e-13
2.691,1.2888219346884465e-12,-7.821111286076326e-13
2.692,1.273477730833784e-12,-7.70085603775439e-13
2.693,1.2583113947211384e-12,-7.582393414645692e-13
2.694,1.243320939318458e-12,-7.4656973504546e-13
2.695,1.2285043986021964e-12,-7.350742149906893e-13
2.696,1.2138598273547574e-12,-7.237502483570747e-13
2.697,1.1993853009635486e-12,-7.125953382748659e-13
2.698,1.1850789152216482e-12,-7.016070234439363e-13
2.699,1.1709387861300691e-12,-6.907828776368784e-13
2.7,1.1569630497016201e-12,-6.801205092089103e-13
2.701,1.1431498617663534e-12,-6.696175606145039e-13
2.702,1.1294973977785938e-12,-6.592717079306413e-13
2.703,1.116003852625541e-12,-6.490806603866123e-13
2.704,1.10266744043744e-12,-6.39042159900264e-13
2.705,1.0894863943993095e-12,-6.29153980620617e-13
2.706,1.0764589665642227e-12,-6.194139284767604e-13
2.707,1.063583427668135e-12,-6.098198407329427e-13
2.708,1.0508580669462456e-12,-6.003695855497743e-13
2.709,1.0382811919508922e-12,-5.910610615514606e-13
2.71,1.0258511283709657e-12,-5.818921973989813e-13
2.711,1.0135662198528403e-12,-5.728609513691398e-13
2.712,1.0014248278228101e-12,-5.639653109394009e-13
2.713,9.894253313110249e-13,-5.552032923784381e-13
2.714,9.775661267769159e-13,-5.46572940342317e-13
2.715,9.658456279361051e-13,-5.38072327476234e-13
2.716,9.542622655887909e-13,-5.296995540217397e-13
2.717,9.428144874495974e-13,-5.214527474293694e-13
2.718,9.315007579788853e-13,-5.133300619766102e-13
2.719,9.203195582155128e-13,-5.053296783911311e-13
2.72,9.092693856110369e-13,-4.974498034792054e-13
2.721,8.98348753865352e-13,-4.896886697592556e-13
2.722,8.875561927637509e-13,-4.820445351004508e-13
2.723,8.768902480154061e-13,-4.745156823662883e-13
2.724,8.663494810932574e-13,-4.671004190630936e-13
2.725,8.559324690753028e-13,-4.597970769933688e-13
2.726,8.456378044872795e-13,-4.5260401191392785e-13
2.727,8.354640951467292e-13,-4.4551960319875057e-13
2.728,8.254099640084392e-13,-4.385422535064931e-13
2.729,8.154740490112488e-13,-4.316703884525914e-13
2.73,8.056550029262157e-13,-4.249024562858956e-13
2.731,7.959514932061296e-13,-4.1823692756977333e-13
2.732,7.863622018363688e-13,-4.1167229486762194e-13
2.733,7.768858251870879e-13,-4.052070724327298e-13
2.734,7.675210738667299e-13,-3.9883979590242703e-13
2.735,7.58266672576853e-13,-3.925690219964684e-13
2.736,7.491213599682638e-13,-3.863933282195899e-13
2.737,7.400838884984491e-13,-3.803113125681835e-13
2.738,7.311530242902957e-13,-3.743215932410329e-13
2.739,7.223275469920917e-13,-3.6842280835405583e-13
2.74,7.136062496387992e-13,-3.626136156589987e-13
2.741,7.049879385145905e-13,-3.568926922660289e-13
2.742,6.964714330166385e-13,-3.5125873437017276e-13
2.743,6.880555655201533e-13,-3.4571045698154614e-13
2.744,6.797391812446564e-13,-3.4024659365932663e-13
2.745,6.71521138121482e-13,-3.348658962494157e-13
2.746,6.634003066625009e-13,-3.2956713462574154e-13
2.747,6.55375569830053e-13,-3.24349096435152e-13
2.748,6.474458229080843e-13,-3.1921058684584967e-13
2.749,6.396099733744776e-13,-3.141504282993199e-13
2.75,6.318669407745687e-13,-3.0916746026570513e-13
2.751,6.242156565958388e-13,-3.042605390025775e-13
2.752,6.166550641437769e-13,-2.994285373170647e-13
2.753,6.091841184189007e-13,-2.9467034433128193e-13
2.754,6.018017859949288e-13,-2.899848652510259e-13
2.755,5.945070448980968e-13,-2.853710211376858e-13
2.756,5.872988844876064e-13,-2.8082774868332783e-13
2.757,5.801763053372011e-13,-2.7635399998890906e-13
2.758,5.731383191178588e-13,-2.7194874234557914e-13
2.759,5.661839484815936e-13,-2.676109580190265e-13
2.76,5.593122269463576e-13,-2.633396440368283e-13
2.761,5.525221987820358e-13,-2.591338119787625e-13
2.762,5.458129188975232e-13,-2.5499248777004173e-13
2.763,5.391834527288791e-13,-2.509147114774293e-13
2.764,5.326328761285469e-13,-2.468995371081975e-13
2.765,5.261602752556331e-13,-2.429460324118893e-13
2.766,5.197647464672383e-13,-2.390532786848458e-13
2.767,5.134453962108278e-13,-2.3522037057746027e-13
2.768,5.072013409176385e-13,-2.3144641590412296e-13
2.769,5.010317068971114e-13,-2.2773053545581844e-13
2.77,4.949356302323408e-13,-2.2407186281534e-13
2.771,4.88912256676534e-13,-2.2046954417508517e-13
2.772,4.829607415504732e-13,-2.1692273815739638e-13
2.773,4.770802496409697e-13,-2.1343061563741271e-13
2.774,4.712699551003045e-13,-2.0999235956839754e-13
2.775,4.655290413466464e-13,-2.066071648095086e-13
2.776,4.598567009654395e-13,-2.032742379559768e-13
2.777,4.5425213561175253e-13,-1.9999279717166053e-13
2.778,4.4871455591358267e-13,-1.9676207202394327e-13
2.779,4.4324318137610436e-13,-1.9358130332094198e-13
2.78,4.37837240286857e-13,-1.9044974295099448e-13
2.781,4.324959696218635e-13,-1.8736665372439492e-13
2.782,4.272186149526705e-13,-1.843313092173459e-13
2.783,4.2200443035430507e-13,-1.813429936180972e-13
2.784,4.168526783141376e-13,-1.7840100157524102e-13
2.785,4.117626296416455e-13,-1.7550463804813346e-13
2.786,4.067335633790684e-13,-1.7265321815941399e-13
2.787,4.0176476671294877e-13,-1.698460670495932e-13
2.788,3.968555348865493e-13,-1.6708251973368084e-13
2.789,3.9200517111314025e-13,-1.6436192095982562e-13
2.79,3.872129864901494e-13,-1.616836250699396e-13
2.791,3.8247829991416676e-13,-1.5904699586227943e-13
2.792,3.7780043799679695e-13,-1.5645140645595766e-13
2.793,3.731787349813523e-13,-1.5389623915735726e-13
2.794,3.6861253266037877e-13,-1.5138088532842356e-13
2.795,3.6410118029400823e-13,-1.4890474525680732e-13
2.796,3.5964403452912896e-13,-1.4646722802783346e-13
2.797,3.5524045931936864e-13,-1.4406775139827057e-13
2.798,3.5088982584588097e-13,-1.417057416718758e-13
2.799,3.4659151243893086e-13,-1.3938063357669119e-13
2.8,3.4234490450026934e-13,-1.3709187014406686e-13
2.801,3.3814939442629263e-13,-1.3483890258938733e-13
2.802,3.340043815319777e-13,-1.3262119019447756e-13
2.803,3.299092719755878e-13,-1.3043820019166515e-13
2.804,3.2586347868414075e-13,-1.2828940764947637e-13
2.805,3.218664212796338e-13,-1.2617429535994274e-13
2.806,3.179175260060179e-13,-1.240923537274966e-13
2.807,3.1401622565691444e-13,-1.2204308065943292e-13
2.808,3.101619595040689e-13,-1.2002598145791652e-13
2.809,3.0635417322653304e-13,-1.180405687135126e-13
2.81,3.0259231884057113e-13,-1.1608636220021971e-13
2.811,2.988758546302818e-13,-1.1416288877198466e-13
2.812,2.9520424507893025e-13,-1.1226968226067845e-13
2.813,2.9157696080098427e-13,-1.1040628337551297e-13
2.814,2.879934784748467e-13,-1.0857223960387896e-13
2.815,2.844532807762796e-13,-1.0676710511358488e-13
2.816,2.809558563125119e-13,-1.0499044065647788e-13
2.817,2.7750069955702643e-13,-1.032418134734272e-13
2.818,2.740873107850181e-13,-1.0152079720065146e-13
2.819,2.7071519600951845e-13,-9.98269717773709e-14
2.82,2.6738386691817943e-13,-9.815992335476645e-14
2.821,2.6409284081071155e-13,-9.651924420622731e-14
2.822,2.6084164053696894e-13,-9.490453263886914e-14
2.823,2.576297944356763e-13,-9.331539290630531e-14
2.824,2.544568362737916e-13,-9.175143512265375e-14
2.825,2.5132230518649817e-13,-9.021227517776216e-14
2.826,2.482257456178212e-13,-8.869753465363475e-14
2.827,2.451667072618615e-13,-8.720684074204379e-14
2.828,2.421447450046422e-13,-8.573982616330933e-14
2.829,2.3915941886656156e-13,-8.429612908623108e-14
2.83,2.362102939454468e-13,-8.287539304915623e-14
2.831,2.332969403602028e-13,-8.147726688216743e-14
2.832,2.304189331950506e-13,-8.01014046303755e-14
2.833,2.2757585244434966e-13,-7.874746547830111e-14
2.834,2.2476728295799875e-13,-7.741511367533075e-14
2.835,2.2199281438740942e-13,-7.610401846223153e-14
2.836,2.1925204113204742e-13,-7.481385399871048e-14
2.837,2.1654456228653582e-13,-7.354429929200342e-14
2.838,2.1386998158831504e-13,-7.229503812647935e-14
2.839,2.112279073658543e-13,-7.106575899424589e-14
2.84,2.08617952487409e-13,-6.985615502674222e-14
2.841,2.0603973431031918e-13,-6.866592392730514e-14
2.842,2.034928746308437e-13,-6.749476790469533e-14
2.843,2.0097699963452463e-13,-6.634239360756984e-14
2.844,1.9849173984707744e-13,-6.520851205988802e-14
2.845,1.9603673008580134e-13,-6.409283859723748e-14
2.846,1.9361160941150491e-13,-6.299509280406749e-14
2.847,1.9121602108094205e-13,-6.191499845181709e-14
2.848,1.8884961249975342e-13,-6.085228343792525e-14
2.849,1.8651203517590815e-13,-5.980667972571095e-14
2.85,1.8420294467364126e-13,-5.877792328511077e-14
2.851,1.8192200056788167e-13,-5.776575403426232e-14
2.852,1.796688663991664e-13,-5.6769915781921255e-14
2.853,1.774432096290356e-13,-5.579015617070064e-14
2.854,1.7524470159590452e-13,-5.482622662112078e-14
2.855,1.7307301747140676e-13,-5.387788227645839e-14
2.856,1.7092783621720513e-13,-5.29448819483838e-14
2.857,1.6880884054226488e-13,-5.2026988063375204e-14
2.858,1.6671571686058475e-13,-5.112396660989904e-14
2.859,1.64648155249382e-13,-5.023558708634572e-14
2.86,1.6260584940772584e-13,-4.936162244971016e-14
2.861,1.6058849661561586e-13,-4.8501849065006705e-14
2.862,1.5859579769350031e-13,-4.765604665540798e-14
2.863,1.5662745696223046e-13,-4.6823998253097744e-14
2.864,1.5468318220344596e-13,-4.6005490150827456e-14
2.865,1.5276268462038775e-13,-4.520031185416688e-14
2.866,1.5086567879913367e-13,-4.4408256034438924e-14
2.867,1.4899188267025256e-13,-4.3629118482328976e-14
2.868,1.4714101747087325e-13,-4.286269806215947e-14
2.869,1.4531280770716336e-13,-4.2108796666820134e-14
2.87,1.4350698111721468e-13,-4.1367219173344794e-14
2.871,1.4172326863433052e-13,-4.063777339912567e-14
2.872,1.399614043507111e-13,-3.9920270058756087e-14
2.873,1.3822112548153305e-13,-3.921452272149285e-14
2.874,1.3650217232941904e-13,-3.852034776932953e-14
2.875,1.348042882492935e-13,-3.7837564355672034e-14
2.876,1.3312721961362063e-13,-3.716599436460802e-14
2.877,1.314707157780208e-13,-3.650546237076173e-14
2.878,1.298345290472614e-13,-3.58557955997261e-14
2.879,1.2821841464161857e-13,-3.5216823889063827e-14
2.88,1.2662213066360585e-13,-3.458837964986959e-14
2.881,1.2504543806506606e-13,-3.397029782888535e-14
2.882,1.234881006146227e-13,-3.3362415871160936e-14
2.883,1.2194988486548734e-13,-3.276457368325234e-14
2.884,1.2043056012361912e-13,-3.217661359695002e-14
2.885,1.18929898416233e-13,-3.159838033352976e-14
2.886,1.174476744606529e-13,-3.102972096851868e-14
2.887,1.1598366563350685e-13,-3.047048489696922e-14
2.888,1.1453765194025943e-13,-2.992052379923378e-14
2.889,1.1310941598507949e-13,-2.937969160723302e-14
2.89,1.116987429410385e-13,-2.8847844471210867e-14
2.891,1.1030542052063698e-13,-2.8324840726969276e-14
2.892,1.0892923894665493e-13,-2.781054086357598e-14
2.893,1.0756999092332349e-13,-2.730480749153856e-14
2.894,1.0622747160781417e-13,-2.6807505311438243e-14
2.895,1.0490147858204254e-13,-2.6318501083016854e-14
2.896,1.035918118247829e-13,-2.583766359471059e-14
2.897,1.022982736840911e-13,-2.536486363362424e-14
2.898,1.0102066885003179e-13,-2.489997395593958e-14
2.899,9.975880432770752e-14,-2.4442869257751887e-14
2.9,9.851248941058597e-14,-2.3993426146328402e-14
2.901,9.72815356541227e-14,-2.355152311178281e-14
2.902,9.606575684967603e-14,-2.311704049915985e-14
2.903,9.486496899871112e-14,-2.2689860480924178e-14
2.904,9.36789902872902e-14,-2.2269867029847813e-14
2.905,9.250764106084601e-14,-2.1856945892290458e-14
2.906,9.135074379923541e-14,-2.1450984561867163e-14
2.907,9.020812309207027e-14,-2.105187225349777e-14
2.908,8.907960561432278e-14,-2.065949987783278e-14
2.909,8.796502010220213e-14,-2.027376001605025e-14
2.91,8.686419732929998e-14,-1.989454689501846e-14
2.911,8.577697008300156e-14,-1.952175636281916e-14
2.912,8.470317314115995e-14,-1.9155285864626244e-14
2.913,8.364264324903053e-14,-1.8795034418934814e-14
2.914,8.259521909646288e-14,-1.8440902594135665e-14
2.915,8.156074129534747e-14,-1.8092792485430213e-14
2.916,8.053905235731461e-14,-1.7750607692081106e-14
2.917,7.952999667168249e-14,-1.741425329499365e-14
2.918,7.853342048365232e-14,-1.708363583462342e-14
2.919,7.754917187274743e-14,-1.6758663289205332e-14
2.92,7.657710073149399e-14,-1.643924505329965e-14
2.921,7.56170587443408e-14,-1.6125291916650394e-14
2.922,7.466889936681549e-14,-1.581671604335168e-14
2.923,7.373247780491466e-14,-1.5513430951317616e-14
2.924,7.280765099472552e-14,-1.5215351492051413e-14
2.925,7.189427758227651e-14,-1.492239383070945e-14
2.926,7.099221790361448e-14,-1.4634475426456077e-14
2.927,7.010133396510598e-14,-1.435151501310501e-14
2.928,6.922148942396035e-14,-1.4073432580043203e-14
2.929,6.835254956897208e-14,-1.3800149353433199e-14
2.93,6.74943813014803e-14,-1.3531587777689942e-14
2.931,6.664685311654286e-14,-1.326767149722816e-14
2.932,6.580983508432294e-14,-1.3008325338476417e-14
2.933,6.498319883168561e-14,-1.2753475292154048e-14
2.934,6.416681752400239e-14,-1.2503048495807202e-14
2.935,6.336056584716135e-14,-1.2256973216600287e-14
2.936,6.256431998978065e-14,-1.2015178834359164e-14
2.937,6.17779576256233e-14,-1.1777595824862479e-14
2.938,6.100135789621104e-14,-1.1544155743377582e-14
2.939,6.023440139363492e-14,-1.1314791208437543e-14
2.94,5.947697014356096e-14,-1.1089435885855773e-14
2.941,5.872894758842825e-14,-1.0868024472974896e-14
2.942,5.799021857083771e-14,-1.065049268314646e-14
2.943,5.726066931712949e-14,-1.0436777230438217e-14
2.944,5.654018742114666e-14,-1.0226815814565685e-14
2.945,5.582866182818357e-14,-1.0020547106044781e-14
2.946,5.512598281911655e-14,-9.817910731562352e-15
2.947,5.4432041994715155e-14,-9.618847259561466e-15
2.948,5.3746732260131907e-14,-9.423298186038404e-15
2.949,5.3069947809568666e-14,-9.231205920548269e-15
2.95,5.2401584111117636e-14,-9.04251377241626e-15
2.951,5.1741537891775147e-14,-8.857165937151616e-15
2.952,5.1089707122626297e-14,-8.675107483061357e-15
2.953,5.044599100419868e-14,-8.49628433806089e-15
2.954,4.98102899519832e-14,-8.320643276678718e-15
2.955,4.91825055821203e-14,-8.148131907252393e-15
2.956,4.856254069724971e-14,-7.978698659313014e-15
2.957,4.7950299272521974e-14,-7.812292771155512e-15
2.958,4.7345686441769884e-14,-7.648864277592073e-15
2.959,4.674860848383826e-14,-7.488363997886056e-15
2.96,4.6158972809070144e-14,-7.330743523863794e-15
2.961,4.5576687945947796e-14,-7.175955208201725e-15
2.962,4.5001663527886805e-14,-7.023952152886318e-15
2.963,4.443381028018153e-14,-6.8746881978443035e-15
2.964,4.387304000710036e-14,-6.7281179097407595e-15
2.965,4.3319265579129023e-14,-6.584196570942611e-15
2.966,4.2772400920360327e-14,-6.442880168645179e-15
2.967,4.223236099602881e-14,-6.3041253841594e-15
2.968,4.16990618001886e-14,-6.167889582357422e-15
2.969,4.1172420343532954e-14,-6.034130801274257e-15
2.97,4.065235464135392e-14,-5.902807741863272e-15
2.971,4.013878370164051e-14,-5.773879757903252e-15
2.972,3.963162751331396e-14,-5.647306846054883e-15
2.973,3.9130807034598505e-14,-5.523049636064469e-15
2.974,3.863624418152606e-14,-5.401069381112754e-15
2.975,3.81478618165736e-14,-5.2813279483067635e-15
2.976,3.766558373743145e-14,-5.163787809312578e-15
2.977,3.718933466590128e-14,-5.048412031127008e-15
2.978,3.6719040236922196e-14,-4.9351642669861525e-15
2.979,3.6254626987723655e-14,-4.824008747408865e-15
2.98,3.579602234710363e-14,-4.714910271373157e-15
2.981,3.534315462483083e-14,-4.607834197623628e-15
2.982,3.4895953001169336e-14,-4.5027464361080134e-15
2.983,3.44543475165246e-14,-4.399613439540975e-15
2.984,3.401826906120918e-14,-4.2984021950932925e-15
2.985,3.358764936532706e-14,-4.19908021620463e-15
2.986,3.316242098877507e-14,-4.101615534518093e-15
2.987,3.2742517311360353e-14,-4.005976691934794e-15
2.988,3.2327872523032234e-14,-3.912132732786689e-15
2.989,3.191842161422755e-14,-3.820053196125972e-15
2.99,3.151410036632797e-14,-3.729708108129323e-15
2.991,3.111484534222806e-14,-3.641067974615338e-15
2.992,3.0720593877013e-14,-3.554103773673514e-15
2.993,3.0331284068744537e-14,-3.4687869484031344e-15
2.994,2.994685476935409e-14,-3.3850893997604837e-15
2.995,2.9567245575641765e-14,-3.302983479512799e-15
2.996,2.9192396820380074e-14,-3.222441983297405e-15
2.997,2.882224956352121e-14,-3.1434381437845058e-15
2.998,2.845674558350672e-14,-3.0659456239421155e-15
2.999,2.8095827368678358e-14,-2.9899385104016463e-15
3.0,2.77394381087891e-14,-2.9153913069226784e-15
3.001,2.7387521686613076e-14,-2.8422789279554712e-15
3.002,2.7040022669653373e-14,-2.7705766922997863e-15
3.003,2.6696886301946588e-14,-2.7002603168586164e-15
3.004,2.6358058495963036e-14,-2.6313059104854375e-15
3.005,2.6023485824601545e-14,-2.5636899679236144e-15
3.006,2.5693115513277753e-14,-2.497389363836616e-15
3.007,2.5366895432104885e-14,-2.4323813469277114e-15
3.008,2.5044774088165914e-14,-2.3686435341478412e-15
3.009,2.472670061787613e-14,-2.306153904990372e-15
3.01,2.4412624779435044e-14,-2.2448907958714633e-15
3.011,2.4102496945366654e-14,-2.1848328945947984e-15
3.012,2.379626809514704e-14,-2.125959234899437e-15
3.013,2.3493889807918358e-14,-2.0682491910895784e-15
3.014,2.3195314255288143e-14,-2.0116824727450347e-15
3.015,2.2900494194213085e-14,-1.9562391195112294e-15
3.016,2.2609382959966226e-14,-1.901899495967557e-15
3.017,2.2321934459186677e-14,-1.848644286572954e-15
3.018,2.2038103163010878e-14,-1.7964544906875544e-15
3.019,2.175784410028453e-14,-1.745311417669304e-15
3.02,2.148111285085423e-14,-1.6951966820444401e-15
3.021,2.1207865538937933e-14,-1.6460921987507533e-15
3.022,2.0938058826573325e-14,-1.597980178452557e-15
3.023,2.067164990714324e-14,-1.5508431229263178e-15
3.024,2.0408596498977218e-14,-1.5046638205159032e-15
3.025,2.0148856839028368e-14,-1.4594253416564266e-15
3.026,1.9892389676624634e-14,-1.4151110344656807e-15
3.027,1.963915426729367e-14,-1.371704520402163e-15
3.028,1.938911036666042e-14,-1.3291896899887182e-15
3.029,1.9142218224416648e-14,-1.2875506986008267e-15
3.03,1.8898438578361508e-14,-1.2467719623185904e-15
3.031,1.865773264851242e-14,-1.2068381538414785e-15
3.032,1.8420062131285397e-14,-1.1677341984649064e-15
3.033,1.8185389193744074e-14,-1.1294452701177378e-15
3.034,1.7953676467916578e-14,-1.0919567874598126e-15
3.035,1.7724887045179556e-14,-1.0552544100386143e-15
3.036,1.7498984470708523e-14,-1.0193240345042049e-15
3.037,1.7275932737993775e-14,-9.841517908815681e-16
3.038,1.7055696283421167e-14,-9.497240388995127e-16
3.039,1.683823998091694e-14,-9.160273643753017e-16
3.04,1.6623529136655916e-14,-8.830485756541837e-16
3.041,1.6411529483832313e-14,-8.507747001030151e-16
3.042,1.6202207177492438e-14,-8.191929806571749e-16
3.043,1.599552878942861e-14,-7.882908724199823e-16
3.044,1.5791461303133513e-14,-7.580560393138425e-16
3.045,1.5589972108814405e-14,-7.28476350782354e-16
3.046,1.539102899846635e-14,-6.995398785426239e-16
3.047,1.519460016100394e-14,-6.712348933870475e-16
3.048,1.5000654177450718e-14,-6.435498620338203e-16
3.049,1.4809160016185683e-14,-6.16473444025459e-16
3.05,1.4620087028246255e-14,-5.899944886746226e-16
3.051,1.4433404942686955e-14,-5.641020320565287e-16
3.052,1.4249083861993256e-14,-5.387852940472779e-16
3.053,1.4067094257549894e-14,-5.140336754074023e-16
3.054,1.3887406965163058e-14,-4.898367549099688e-16
3.055,1.3709993180635805e-14,-4.661842865125739e-16
3.056,1.3534824455396098e-14,-4.430661965725808e-16
3.057,1.3361872692176865e-14,-4.20472581104954e-16
3.058,1.3191110140747448e-14,-3.983937030820592e-16
3.059,1.3022509393695891e-14,-3.7681998977480553e-16
3.06,1.2856043382261435e-14,-3.5574203013451357e-16
3.061,1.2691685372216657e-14,-3.3515057221490496e-16
3.062,1.2529408959798693e-14,-3.150365206336154e-16
3.063,1.236918806768894e-14,-2.953909340726434e-16
3.064,1.2210996941040701e-14,-2.762050228171541e-16
3.065,1.2054810143554213e-14,-2.5747014633206776e-16
3.066,1.1900602553598492e-14,-2.3917781087586913e-16
3.067,1.1748349360379473e-14,-2.2131966715108295e-16
3.068,1.159802606015389e-14,-2.03887507990869e-16
3.069,1.1449608452488374e-14,-1.868732660811973e-16
3.07,1.1303072636563225e-14,-1.7026901171807331e-16
3.071,1.1158395007520372e-14,-1.5406695059928892e-16
3.072,1.1015552252854969e-14,-1.3825942165018421e-16
3.073,1.0874521348850144e-14,-1.2283889488291176e-16
3.074,1.0735279557054387e-14,-1.0779796928870233e-16
3.075,1.0597804420801075e-14,-9.312937076263922e-17
3.076,1.0462073761769668e-14,-7.882595006045455e-17
3.077,1.032806567658805e-14,-6.488068078686845e-17
3.078,1.0195758533475567e-14,-5.1286657414999216e-17
3.079,1.0065130968926274e-14,-3.803709333637896e-17
3.08,9.936161884431929e-15,-2.5125318941116518e-17
3.081,9.808830443244246e-15,-1.2544779727755697e-17
3.082,9.683116067175982e-15,-2.890344423839025e-19
3.083,9.558998433440381e-15,1.1648246753447602e-17
3.084,9.436457471528532e-15,2.3273284086423964e-17
3.085,9.315473360124191e-15,3.459218994721343e-17
3.086,9.196026524055648e-15,4.5610970638680106e-17
3.087,9.078097631284178e-15,5.63355280969763e-17
3.088,8.96166758992867e-15,6.677166158592187e-17
3.089,8.84671754532599e-15,7.692506936507217e-17
3.09,8.733228877126683e-15,8.680135033187004e-17
3.091,8.621183196425574e-15,9.640600563827167e-17
3.092,8.51056234292687e-15,1.0574444028223064e-16
3.093,8.401348382143377e-15,1.1482196467441822e-16
3.094,8.293523602629374e-15,1.2364379618055318e-16
3.095,8.18707051324683e-15,1.322150606397083e-16
3.096,8.081971840464494e-15,1.4054079385895564e-16
3.097,7.978210525689528e-15,1.4862594308470755e-16
3.098,7.875769722631264e-15,1.5647536845110443e-16
3.099,7.774632794696733e-15,1.64093844405796e-16
3.1,7.674783312417563e-15,1.7148606111345692e-16
3.101,7.576205050907918e-15,1.7865662583737336e-16
3.102,7.478881987353067e-15,1.8561006429943135e-16
3.103,7.382798298528245e-15,1.9235082201883366e-16
3.104,7.287938358347458e-15,1.9888326562986645e-16
3.105,7.194286735441862e-15,2.0521168417903293e-16
3.106,7.1018281907673676e-15,2.113402904018658e-16
3.107,7.010547675241134e-15,2.172732219797263e-16
3.108,6.920430327406608e-15,2.2301454277689286e-16
3.109,6.831461471126773e-15,2.2856824405823784e-16
3.11,6.743626613305263e-15,2.3393824568778665e-16
3.111,6.656911441635033e-15,2.391283973084491e-16
3.112,6.571301822374238e-15,2.4414247950320834e-16
3.113,6.486783798149017e-15,2.4898420493804877e-16
3.114,6.4033435857828496e-15,2.536572194869006e-16
3.115,6.32096757415218e-15,2.581651033388731e-16
3.116,6.239642322067995e-15,2.6251137208804697e-16
3.117,6.1593545561830446e-15,2.6669947780608954e-16
3.118,6.080091168924408e-15,2.7073281009795493e-16
3.119,6.0018392164510985e-15,2.746146971409259e-16
3.12,5.924585916636415e-15,2.7834840670725136e-16
3.121,5.848318647074744e-15,2.81937147170629e-16
3.122,5.773024943112523e-15,2.8538406849677863e-16
3.123,5.698692495903078e-15,2.886922632183497e-16
3.124,5.625309150485053e-15,2.9186476739440086e-16
3.125,5.552862903884148e-15,2.9490456155468706e-16
3.126,5.4813419032378935e-15,2.9781457162898635e-16
3.127,5.4107344439431846e-15,3.0059766986169426e-16
3.128,5.341028967826304e-15,3.0325667571191076e-16
3.129,5.272214061335167e-15,3.057943567392416e-16
3.13,5.204278453753527e-15,3.082134294755326e-16
3.131,5.1372110154368715e-15,3.105165602827507e-16
3.132,5.071000756069764e-15,3.12706366197226e-16
3.133,5.0056368229443646e-15,3.1478541576046065e-16
3.134,4.9411084992598834e-15,3.1675622983671253e-16
3.135,4.877405202442709e-15,3.186212824175555e-16
3.136,4.814516482486985e-15,3.203830014136151e-16
3.137,4.752432020315362e-15,3.220437694336775e-16
3.138,4.691141626159715e-15,3.2360592455136434e-16
3.139,4.63063523796156e-15,3.250717610595649e-16
3.14,4.570902919791957e-15,3.264435302128132e-16
3.141,4.511934860290658e-15,3.2772344095779547e-16
3.142,4.45372137112426e-15,3.289136606521695e-16
3.143,4.396252885463159e-15,3.30016315771877e-16
3.144,4.3395199564770576e-15,3.310334926071245e-16
3.145,4.283513255848819e-15,3.3196723794720806e-16
3.146,4.228223572306443e-15,3.32819559754353e-16
3.147,4.173641810172942e-15,3.335924278267379e-16
3.148,4.1197589879339195e-15,3.342877744508701e-16
3.149,4.066566236822616e-15,3.3490749504347556e-16
3.15,4.014054799422233e-15,3.354534487830664e-16
3.151,3.962216028285319e-15,3.3592745923134383e-16
3.152,3.9110413845700135e-15,3.363313149445945e-16
3.153,3.8605224366929486e-15,3.366667700752342e-16
3.154,3.8106508589986085e-15,3.369355449636515e-16
3.155,3.761418430444951e-15,3.3713932672050077e-16
3.156,3.712817033305093e-15,3.372797697995929e-16
3.157,3.664838651884866e-15,3.373584965615288e-16
3.158,3.6174753712560565e-15,3.373770978282191e-16
3.159,3.570719376005144e-15,3.37337133428431e-16
3.16,3.5245629489973425e-15,3.37240132734502e-16
3.161,3.478998470155761e-15,3.370875951903561e-16
3.162,3.4340184152555215e-15,3.368809908309593e-16
3.163,3.3896153547326236e-15,3.366217607933452e-16
3.164,3.345781952507406e-15,3.36311317819343e-16
3.165,3.3025109648224135e-15,3.3595104675013646e-16
3.166,3.259795239094501e-15,3.3554230501278014e-16
3.167,3.217627712781004e-15,3.3508642309879906e-16
3.168,3.176001412259804e-15,3.345847050349941e-16
3.169,3.1349094517231266e-15,3.340384288465746e-16
3.17,3.0943450320848982e-15,3.3344884701273816e-16
3.171,3.054301439901508e-15,3.3281718691481437e-16
3.172,3.014772046305806e-15,3.3214465127708964e-16
3.173,2.9757503059541815e-15,3.314324186004259e-16
3.174,2.9372297559865635e-15,3.3068164358878694e-16
3.175,2.8992040149991878e-15,3.2989345756878176e-16
3.176,2.8616667820299734e-15,3.290689689023357e-16
3.177,2.8246118355563643e-15,3.282092633925948e-16
3.178,2.788033032505475e-15,3.27315404683171e-16
3.179,2.7519243072764e-15,3.2638843465083094e-16
3.18,2.7162796707745392e-15,3.254293737917324e-16
3.181,2.6810932094577877e-15,3.2443922160130756e-16
3.182,2.6463590843944566e-15,3.23418956947895e-16
3.183,2.6120715303327743e-15,3.223695384402163e-16
3.184,2.5782248547818332e-15,3.212919047887947e-16
3.185,2.5448134371038425e-15,3.2018697516141187e-16
3.186,2.511831727617549e-15,3.190556495326941e-16
3.187,2.4792742467126937e-15,3.1789880902792257e-16
3.188,2.4471355839753653e-15,3.1671731626115695e-16
3.189,2.4154103973241277e-15,3.1551201566776243e-16
3.19,2.3840934121567795e-15,3.14283733831428e-16
3.191,2.3531794205076283e-15,3.130332798057631e-16
3.192,2.3226632802151432e-15,3.1176144543055737e-16
3.193,2.2925399140998655e-15,3.104690056427887e-16
3.194,2.262804309152452e-15,3.091567187824613e-16
3.195,2.2334515157317243e-15,3.0782532689335607e-16
3.196,2.2044766467726108e-15,3.0647555601877364e-16
3.197,2.175874877003853e-15,3.051081164923485e-16
3.198,2.1476414421753625e-15,3.037237032240134e-16
3.199,2.119771638295109e-15,3.023229959811893e-16
3.2,2.092260820875429e-15,3.009066596652775e-16
3.201,2.065104404188632e-15,2.994753445835281e-16
3.202,2.0382978605317987e-15,2.9802968671635765e-16
3.203,2.011836719500657e-15,2.965703079801887e-16
3.204,1.985716567272426e-15,2.950978164858819e-16
3.205,1.959933045897515e-15,2.93612806792831e-16
3.206,1.934481852599981e-15,2.9211586015878933e-16
3.207,1.909358739086619e-15,2.9060754478549556e-16
3.208,1.884559510864606e-15,2.890884160601658e-16
3.209,1.8600800265675676e-15,2.87559016792918e-16
3.21,1.8359161972899855e-15,2.860198774501927e-16
3.211,1.8120639859298333e-15,2.844715163842344e-16
3.212,1.7885194065393443e-15,2.829144400586968e-16
3.213,1.7652785236838118e-15,2.813491432704328e-16
3.214,1.7423374518083223e-15,2.797761093675305e-16
3.215,1.7196923546123294e-15,2.7819581046365603e-16
3.216,1.6973394444319675e-15,2.766087076487605e-16
3.217,1.675274981630014e-15,2.75015251196211e-16
3.218,1.6534952739934072e-15,2.7341588076640195e-16
3.219,1.6319966761382256e-15,2.7181102560690263e-16
3.22,1.6107755889220394e-15,2.7020110474919803e-16
3.221,1.5898284588635432e-15,2.6858652720207615e-16
3.222,1.5691517775693828e-15,2.6696769214171594e-16
3.223,1.5487420811680841e-15,2.6534498909852942e-16
3.224,1.5285959497510047e-15,2.6371879814080926e-16
3.225,1.5087100068202133e-15,2.620894900552339e-16
3.226,1.4890809187432207e-15,2.604574265242805e-16
3.227,1.4697053942144728e-15,2.5882296030059495e-16
3.228,1.450580183723527e-15,2.571864353783692e-16
3.229,1.4317020790298263e-15,2.5554818716177284e-16
3.23,1.4130679126439952e-15,2.539085426304872e-16
3.231,1.3946745573155728e-15,2.5226782050238863e-16
3.232,1.3765189255271083e-15,2.506263313934268e-16
3.233,1.358597968994539e-15,2.489843779747435e-16
3.234,1.3409086781737738e-15,2.473422551270765e-16
3.235,1.3234480817734082e-15,2.4570025009249264e-16
3.236,1.3062132462734923e-15,2.4405864262349293e-16
3.237,1.2892012754502823e-15,2.4241770512953276e-16
3.238,1.2724093099068969e-15,2.4077770282099885e-16
3.239,1.2558345266098124e-15,2.391388938506843e-16
3.24,1.2394741384311176e-15,2.375015294528023e-16
3.241,1.223325393696466e-15,2.3586585407957867e-16
3.242,1.2073855757386482e-15,2.3423210553546234e-16
3.243,1.1916520024567201e-15,2.3260051510899304e-16
3.244,1.1761220258806183e-15,2.309713077023635e-16
3.245,1.1607930317411923e-15,2.2934470195871484e-16
3.246,1.1456624390455916e-15,2.277209103872011e-16
3.247,1.130727699657938e-15,2.2610013948586014e-16
3.248,1.1159862978852208e-15,2.2448258986232595e-16
3.249,1.1014357500683497e-15,2.228684563524186e-16
3.25,1.0870736041783015e-15,2.212579281366456e-16
3.251,1.0728974394173004e-15,2.1965118885464978e-16
3.252,1.0589048658249665e-15,2.1804841671763623e-16
3.253,1.045093523889375e-15,2.1644978461881273e-16
3.254,1.0314610841629624e-15,2.1485546024187531e-16
3.255,1.0180052468832246e-15,2.132656061675713e-16
3.256,1.0047237415981419e-15,2.1168037997837168e-16
3.257,9.91614326796278e-16,2.1009993436128355e-16
3.258,9.786747895414944e-16,2.0852441720883364e-16
3.259,9.659029451122202e-16,2.069539717182526e-16
3.26,9.532966366452258e-16,2.0538873648889003e-16
3.261,9.40853734783841e-16,2.0382884561788952e-16
3.262,9.285721373305679e-16,2.022744287941519e-16
3.263,9.164497689040264e-16,2.007256113906159e-16
3.264,9.044845806001893e-16,1.99182514554883e-16
3.265,8.92674549657844e-16,1.9764525529821475e-16
3.266,8.810176791282363e-16,1.9611394658292908e-16
3.267,8.69511997548841e-16,1.945886974082222e-16
3.268,8.581555586212087e-16,1.9306961289444233e-16
3.269,8.469464408928401e-16,1.9155679436584094e-16
3.27,8.358827474430368e-16,1.9005033943182662e-16
3.271,8.249626055726795e-16,1.8855034206674696e-16
3.272,8.141841664978861e-16,1.8705689268822228e-16
3.273,8.035456050475016e-16,1.8557007823405609e-16
3.274,7.930451193643707e-16,1.8408998223774534e-16
3.275,7.826809306103502e-16,1.8261668490261429e-16
3.276,7.724512826750106e-16,1.811502631745949e-16
3.277,7.623544418879845e-16,1.796907908136762e-16
3.278,7.52388696734916e-16,1.782383384640452e-16
3.279,7.425523575769656e-16,1.7679297372294103e-16
3.28,7.32843756373828e-16,1.753547612082439e-16
3.281,7.232612464102181e-16,1.7392376262482046e-16
3.282,7.138032020257842e-16,1.7250003682964586e-16
3.283,7.044680183484033e-16,1.7108363989572368e-16
3.284,6.952541110308199e-16,1.6967462517482347e-16
3.285,6.861599159905838e-16,1.6827304335905628e-16
3.286,6.771838891532482e-16,1.668789425413073e-16
3.287,6.683245061987876e-16,1.654923682745453e-16
3.288,6.595802623111941e-16,1.641133636300276e-16
3.289,6.509496719312148e-16,1.6274196925441938e-16
3.29,6.424312685121895e-16,1.6137822342584569e-16
3.291,6.340236042789523e-16,1.6002216210889404e-16
3.292,6.257252499897571e-16,1.5867381900858584e-16
3.293,6.175347947011913e-16,1.5733322562333355e-16
3.294,6.094508455360393e-16,1.560004112969014e-16
3.295,6.014720274540601e-16,1.5467540326938622e-16
3.296,5.93596983025643e-16,1.5335822672723525e-16
3.297,5.858243722083045e-16,1.5204890485231725e-16
3.298,5.781528721259929e-16,1.5074745887006307e-16
3.299,5.70581176851164e-16,1.4945390809669183e-16
3.3,5.631079971895953e-16,1.4816826998553773e-16
3.301,5.557320604679037e-16,1.468905601724936e-16
3.302,5.484521103237318e-16,1.45620792520586e-16
3.303,5.412669064985741e-16,1.4435897916369646e-16
3.304,5.341752246332043e-16,1.4310513054944402e-16
3.305,5.271758560656764e-16,1.4185925548124347e-16
3.306,5.202676076318654e-16,1.4062136115955281e-16
3.307,5.134493014685158e-16,1.393914532223249e-16
3.308,5.067197748187681e-16,1.3816953578467602e-16
3.309,5.000778798401312e-16,1.3695561147778564e-16
3.31,4.935224834148713e-16,1.3574968148704032e-16
3.311,4.870524669627859e-16,1.3455174558943477e-16
3.312,4.806667262563355e-16,1.3336180219024305e-16
3.313,4.743641712381014e-16,1.3217984835897268e-16
3.314,4.68143725840542e-16,1.3100587986461385e-16
3.315,4.62004327808018e-16,1.2983989121019613e-16
3.316,4.559449285210598e-16,1.286818756666647e-16
3.317,4.499644928228479e-16,1.2753182530608808e-16
3.318,4.4406199884787885e-16,1.263897310342087e-16
3.319,4.3823643785279023e-16,1.2525558262234806e-16
3.32,4.324868140493172e-16,1.2412936873867775e-16
3.321,4.268121444393543e-16,1.230110769788673e-16
3.322,4.212114586520964e-16,1.219006938961198e-16
3.323,4.1568379878323243e-16,1.2079820503060621e-16
3.324,4.1022821923616693e-16,1.1970359493830848e-16
3.325,4.0484378656524356e-16,1.1861684721928263e-16
3.326,3.9952957932094625e-16,1.1753794454535107e-16
3.327,3.9428468789705274e-16,1.1646686868723516e-16
3.328,3.8910821437971645e-16,1.15403600541137e-16
3.329,3.839992723984527e-16,1.1434812015478094e-16
3.33,3.7895698697900524e-16,1.13300406752924e-16
3.331,3.739804943980701e-16,1.122604387623445e-16
3.332,3.6906894203985324e-16,1.1122819383631848e-16
3.333,3.642214882544387e-16,1.1020364887859278e-16
3.334,3.5943730221794616e-16,1.0918678006686387e-16
3.335,3.547155637944534e-16,1.0817756287577114e-16
3.336,3.500554633996636e-16,1.0717597209941333e-16
3.337,3.454562018662945e-16,1.0618198187339665e-16
3.338,3.409169903111685e-16,1.051955656964229e-16
3.339,3.3643705000398176e-16,1.04216696451426e-16
3.34,3.320156122377326e-16,1.0324534642626483e-16
3.341,3.2765191820078686e-16,1.0228148733398038e-16
3.342,3.2334521885056087e-16,1.0132509033262517e-16
3.343,3.1909477478880177e-16,1.0037612604467261e-16
3.344,3.148998561384446e-16,9.943456457601371e-17
3.345,3.107597424220267e-16,9.850037553454887e-17
3.346,3.066737224416405e-16,9.757352804838179e-17
3.347,3.026410941604044e-16,9.665399078362297e-17
3.348,2.9866116458543377e-16,9.574173196180967e-17
3.349,2.947332496522927e-16,9.483671937694948e-17
3.35,2.908566741109081e-16,9.393892041219417e-17
3.351,2.870307714129279e-16,9.304830205615078e-17
3.352,2.8325488360050516e-16,9.216483091883627e-17
3.353,2.795283611964905e-16,9.128847324728261e-17
3.354,2.75850563096015e-16,9.04191949407984e-17
3.355,2.722208564594459e-16,8.95569615658935e-17
3.356,2.6863861660669856e-16,8.870173837087275e-17
3.357,2.651032269128871e-16,8.785349030010507e-17
3.358,2.6161407870529725e-16,8.701218200797362e-17
3.359,2.581705711616647e-16,8.617777787251308e-17
3.36,2.547721112097426e-16,8.535024200874002e-17
3.361,2.5141811342814213e-16,8.452953828168152e-17
3.362,2.481079999484301e-16,8.371563031910834e-17
3.363,2.4484120035846794e-16,8.290848152397746e-17
3.364,2.4161715160697626e-16,8.210805508658982e-17
3.365,2.3843529790930965e-16,8.131431399646852e-17
3.366,2.3529509065442707e-16,8.052722105396251e-17
3.367,2.321959883130419e-16,7.974673888158111e-17
3.368,2.2913745634693757e-16,7.897282993506431e-17
3.369,2.2611896711943403e-16,7.820545651419383e-17
3.37,2.2313999980699006e-16,7.744458077334986e-17
3.371,2.2020004031192808e-16,7.669016473181818e-17
3.372,2.172985811762665e-16,7.594217028385247e-17
3.373,2.1443512149664622e-16,7.52005592084964e-17
3.374,2.1160916684033723e-16,7.446529317917008e-17
3.375,2.0882022916231212e-16,7.373633377302525e-17
3.376,2.0606782672337259e-16,7.301364248007378e-17
3.377,2.0335148400931615e-16,7.22971807120937e-17
3.378,2.006707316511297e-16,7.158690981131689e-17
3.379,1.980251063461971e-16,7.088279105890299e-17
3.38,1.9541415078050817e-16,7.018478568320312e-17
3.381,1.928374135518562e-16,6.94928548678179e-17
3.382,1.9029444909401186e-16,6.880695975945343e-17
3.383,1.87784817601861e-16,6.812706147557933e-17
3.384,1.853080849574943e-16,6.745312111189255e-17
3.385,1.8286382265723675e-16,6.67850997495907e-17
3.386,1.8045160773960522e-16,6.612295846245878e-17
3.387,1.7807102271418246e-16,6.546665832377261e-17
3.388,1.7572165549139556e-16,6.481616041302302e-17
3.389,1.7340309931318834e-16,6.417142582246367e-17
3.39,1.7111495268457544e-16,6.35324156634867e-17
3.391,1.6885681930606773e-16,6.289909107282884e-17
3.392,1.6662830800695768e-16,6.227141321861193e-17
3.393,1.6442903267945407e-16,6.164934330622078e-17
3.394,1.6225861221365508e-16,6.103284258402163e-17
3.395,1.6011667043334953e-16,6.042187234892451e-17
3.396,1.5800283603263553e-16,5.98163939517924e-17
3.397,1.5591674251334632e-16,5.921636880270044e-17
3.398,1.5385802812327337e-16,5.862175837604805e-17
3.399,1.5182633579517612e-16,5.803252421552698e-17
3.4,1.498213130865692e-16,5.744862793894802e-17
3.401,1.478426121202765e-16,5.687003124292958e-17
3.402,1.4588988952574312e-16,5.629669590745048e-17
3.403,1.4396280638109526e-16,5.572858380026993e-17
3.404,1.4206102815593858e-16,5.516565688121753e-17
3.405,1.40184224654886e-16,5.460787720635557e-17
3.406,1.3833206996180537e-16,5.405520693201653e-17
3.407,1.3650424238477824e-16,5.350760831871825e-17
3.408,1.3470042440176053e-16,5.296504373495921e-17
3.409,1.3292030260693635e-16,5.242747566089647e-17
3.41,1.311635676577562e-16,5.1894866691908634e-17
3.411,1.2942991422265075e-16,5.136717954204627e-17
3.412,1.27719040929412e-16,5.0844377047372035e-17
3.413,1.26030650314233e-16,5.032642216919289e-17
3.414,1.2436444877139812e-16,4.981327799718658e-17
3.415,1.2272014650361545e-16,4.9304907752424654e-17
3.416,1.2109745747298321e-16,4.880127479029414e-17
3.417,1.1949609935258243e-16,4.830234260332005e-17
3.418,1.1791579347868746e-16,4.780807482389076e-17
3.419,1.1635626480358713e-16,4.731843522688843e-17
3.42,1.148172418490083e-16,4.6833387732226274e-17
3.421,1.1329845666013435e-16,4.635289640729493e-17
3.422,1.1179964476021136e-16,4.5876925469319667e-17
3.423,1.1032054510573407e-16,4.54054392876304e-17
3.424,1.0886090004220458e-16,4.493840238584645e-17
3.425,1.0742045526045656e-16,4.4475779443977837e-17
3.426,1.0599895975353757e-16,4.40175353004449e-17
3.427,1.0459616577414271e-16,4.356363495401804e-17
3.428,1.0321182879259242e-16,4.311404356567937e-17
3.429,1.0184570745534763e-16,4.266872646040791e-17
3.43,1.0049756354405535e-16,4.2227649128890055e-17
3.431,9.916716193511819e-17,4.179077722915698e-17
3.432,9.78542705597809e-17,4.1358076588150524e-17
3.433,9.655866036472756e-17,4.092951320321923e-17
3.434,9.5280105273183e-17,4.050505324354608e-17
3.435,9.401838214651173e-17,4.008466305150939e-17
3.436,9.277327074630856e-17,3.966830914397849e-17
3.437,9.154455369697422e-17,3.9255958213545516e-17
3.438,9.033201644877013e-17,3.8847577129694896e-17
3.439,8.913544724134612e-17,3.8443132939911876e-17
3.44,8.795463706773502e-17,3.8042592870731524e-17
3.441,8.678937963880854e-17,3.76459243287295e-17
3.442,8.5639471348188e-17,3.725309490145605e-17
3.443,8.450471123760478e-17,3.686407235831445e-17
3.444,8.338490096270437e-17,3.647882465138524e-17
3.445,8.227984475928838e-17,3.609731991619748e-17
3.446,8.118934940998933e-17,3.571952647244835e-17
3.447,8.011322421137222e-17,3.534541282467219e-17
3.448,7.905128094145783e-17,3.497494766286029e-17
3.449,7.800333382766225e-17,3.460809986303259e-17
3.45,7.696919951514741e-17,3.4244838487762335e-17
3.451,7.59486970355772e-17,3.3885132786655014e-17
3.452,7.494164777627443e-17,3.352895219678247e-17
3.453,7.3947875449773e-17,3.317626634307345e-17
3.454,7.29672060637608e-17,3.282704503866157e-17
3.455,7.199946789140789e-17,3.248125828519178e-17
3.456,7.104449144207551e-17,3.213887627308628e-17
3.457,7.010210943240061e-17,3.179986938177105e-17
3.458,6.917215675775161e-17,3.1464208179863826e-17
3.459,6.825447046405025e-17,3.113186342532456e-17
3.46,6.734888971995513e-17,3.080280606556931e-17
3.461,6.645525578940231e-17,3.047700723754852e-17
3.462,6.557341200449824e-17,3.0154438267790557e-17
3.463,6.470320373876075e-17,2.9835070672411355e-17
3.464,6.384447838070372e-17,2.951887615709122e-17
3.465,6.299708530776068e-17,2.920582661701948e-17
3.466,6.216087586054347e-17,2.889589413680789e-17
3.467,6.133570331743151e-17,2.8589050990373634e-17
3.468,6.052142286948724e-17,2.828526964079271e-17
3.469,5.97178915956941e-17,2.7984522740124545e-17
3.47,5.892496843851249e-17,2.7686783129208508e-17
3.471,5.81425141797497e-17,2.7392023837433237e-17
3.472,5.737039141674021e-17,2.7100218082479393e-17
3.473,5.660846453883184e-17,2.6811339270036668e-17
3.474,5.585659970417427e-17,2.6525360993495707e-17
3.475,5.511466481680592e-17,2.6242257033615692e-17
3.476,5.438252950403542e-17,2.5962001358168257e-17
3.477,5.3660065094113836e-17,2.5684568121558412e-17
3.478,5.2947144594194055e-17,2.5409931664423146e-17
3.479,5.224364266857364e-17,2.513806651320835e-17
3.48,5.154943561721747e-17,2.4868947379724728e-17
3.481,5.0864401354556714e-17,2.460254916068326e-17
3.482,5.0188419388560466e-17,2.433884693721089e-17
3.483,4.952137080007673e-17,2.4077815974347003e-17
3.484,4.886313822243917e-17,2.381943172052129e-17
3.485,4.821360582133636e-17,2.3563669807013576e-17
3.486,4.757265927494005e-17,2.3310506047396156e-17
3.487,4.6940185754289275e-17,2.305991643695921e-17
3.488,4.631607390392698e-17,2.2811877152119852e-17
3.489,4.570021382278587e-17,2.2566364549815284e-17
3.49,4.5092497045320465e-17,2.232335516688064e-17
3.491,4.4492816522882057e-17,2.208282571941197e-17
3.492,4.3901066605333564e-17,2.1844753102114913e-17
3.493,4.3317143022901175e-17,2.160911438763949e-17
3.494,4.2740942868259784e-17,2.137588682590154e-17
3.495,4.217236457884918e-17,2.114504784339123e-17
3.496,4.161130791941813e-17,2.0916575042469116e-17
3.497,4.1057673964793366e-17,2.0690446200650187e-17
3.498,4.051136508287061e-17,2.046663926987634e-17
3.499,3.9972284917824835e-17,2.0245132375777704e-17
3.5,3.9440338373536976e-17,2.0025903816923224e-17
3.501,3.891543159723422e-17,1.980893206406095e-17
3.502,3.839747196334125e-17,1.9594195759348356e-17
3.503,3.788636805753974e-17,1.9381673715573196e-17
3.504,3.7382029661033323e-17,1.917134491536513e-17
3.505,3.6884367735015583e-17,1.896318851039865e-17
3.506,3.63932944053383e-17,1.8757183820587545e-17
3.507,3.5908722947377505e-17,1.8553310333271348e-17
3.508,3.5430567771094786e-17,1.8351547702394055e-17
3.509,3.495874440629128e-17,1.8151875747675517e-17
3.51,3.449316948805198e-17,1.7954274453775766e-17
3.511,3.403376074237788e-17,1.775872396945269e-17
3.512,3.358043697200353e-17,1.75652046067133e-17
3.513,3.3133118042397655e-17,1.7373696839958924e-17
3.514,3.269172486794452e-17,1.7184181305124687e-17
3.515,3.2256179398303645e-17,1.6996638798813474e-17
3.516,3.1826404604945673e-17,1.681105027742476e-17
3.517,3.1402324467862083e-17,1.662739685627854e-17
3.518,3.098386396244654e-17,1.6445659808734655e-17
3.519,3.057094904654569e-17,1.6265820565307796e-17
3.52,3.0163506647677173e-17,1.6087860712778405e-17
3.521,2.976146465041282e-17,1.591176199329981e-17
3.522,2.9364751883924795e-17,1.573750630350176e-17
3.523,2.897329810969271e-17,1.5565075693590706e-17
3.524,2.858703400936951e-17,1.5394452366446935e-17
3.525,2.8205891172804266e-17,1.522561867671895e-17
3.526,2.7829802086219676e-17,1.5058557129915206e-17
3.527,2.7458700120542473e-17,1.489325038149347e-17
3.528,2.7092519519884637e-17,1.4729681235948033e-17
3.529,2.6731195390173534e-17,1.4567832645894978e-17
3.53,2.6374663687929092e-17,1.440768771115569e-17
3.531,2.6022861209186082e-17,1.424922967783886e-17
3.532,2.5675725578559683e-17,1.409244193742115e-17
3.533,2.5333195238452435e-17,1.3937308025826686e-17
3.534,2.499520943840086e-17,1.3783811622505637e-17
3.535,2.4661708224559858e-17,1.3631936549511997e-17
3.536,2.4332632429323166e-17,1.3481666770580803e-17
3.537,2.4007923661078115e-17,1.3332986390204907e-17
3.538,2.3687524294092994e-17,1.3185879652711521e-17
3.539,2.337137745853524e-17,1.3040330941338685e-17
3.54,2.3059427030618875e-17,1.2896324777311803e-17
3.541,2.275161762287944e-17,1.2753845818920432e-17
3.542,2.244789457457485e-17,1.2612878860595446e-17
3.543,2.2148203942210523e-17,1.2473408831986764e-17
3.544,2.1852492490187188e-17,1.2335420797041742e-17
3.545,2.1560707681569805e-17,1.2198899953084406e-17
3.546,2.1272797668976028e-17,1.2063831629895642e-17
3.547,2.0988711285582703e-17,1.1930201288794489e-17
3.548,2.070839803624884e-17,1.1797994521720658e-17
3.549,2.043180808875359e-17,1.1667197050318409e-17
3.55,2.0158892265147745e-17,1.1537794725021891e-17
3.551,1.9889602033217316e-17,1.1409773524142104e-17
3.552,1.9623889498057696e-17,1.1283119552955549e-17
3.553,1.936170739375705e-17,1.1157819042794717e-17
3.554,1.9103009075187486e-17,1.1033858350140509e-17
3.555,1.8847748509902633e-17,1.0911223955716695e-17
3.556,1.859588027014026e-17,1.0789902463586524e-17
3.557,1.834735952492857e-17,1.0669880600251564e-17
3.558,1.8102142032294865e-17,1.0551145213752904e-17
3.559,1.7860184131575215e-17,1.0433683272774768e-17
3.56,1.7621442735823903e-17,1.0317481865750676e-17
3.561,1.7385875324321275e-17,1.0202528199972207e-17
3.562,1.7153439935178802e-17,1.0088809600700468e-17
3.563,1.692409515804007e-17,9.976313510280342e-18
3.564,1.6697800126876435e-17,9.865027487257612e-18
3.565,1.6474514512876222e-17,9.75493920549901e-18
3.566,1.6254198517426115e-17,9.646036453315296e-18
3.567,1.6036812865183692e-17,9.538307132587423e-18
3.568,1.5822318797239834e-17,9.431739257895863e-18
3.569,1.561067806436992e-17,9.326320955653155e-18
3.57,1.5401852920372585e-17,9.222040463239757e-18
3.571,1.5195806115495012e-17,9.118886128143249e-18
3.572,1.4992500889943536e-17,9.01684640710095e-18
3.573,1.4791900967478553e-17,8.915909865246032e-18
3.574,1.459397054909259e-17,8.816065175257136e-18
3.575,1.4398674306770476e-17,8.717301116511608e-18
3.576,1.4205977377330574e-17,8.619606574242355e-18
3.577,1.4015845356346008e-17,8.52297053869841e-18
3.578,1.3828244292144857e-17,8.427382104309216e-18
3.579,1.364314067988832e-17,8.332830468852726e-18
3.58,1.3460501455725801e-17,8.239304932627311e-18
3.581,1.3280293991025963e-17,8.146794897627554e-18
3.582,1.3102486086682757e-17,8.055289866723963e-18
3.583,1.2927045967495458e-17,7.964779442846639e-18
3.584,1.2753942276621745e-17,7.87525332817293e-18
3.585,1.25831440701029e-17,7.786701323319132e-18
3.586,1.2414620811460172e-17,7.699113326536241e-18
3.587,1.224834236636142e-17,7.612479332909814e-18
3.588,1.2084278997357093e-17,7.526789433563942e-18
3.589,1.1922401358684666e-17,7.442033814869408e-18
3.59,1.1762680491140663e-17,7.358202757656007e-18
3.591,1.1605087817019372e-17,7.275286636429104e-18
3.592,1.1449595135117394e-17,7.193275918590405e-18
3.593,1.1296174615803192e-17,7.112161163663025e-18
3.594,1.1144798796150778e-17,7.031933022520812e-18
3.595,1.0995440575136735e-17,6.952582236621995e-18
3.596,1.0848073208899724e-17,6.874099637247163e-18
3.597,1.0702670306061698e-17,6.7964761447415796e-18
3.598,1.055920582311001e-17,6.719702767761869e-18
3.599,1.0417654059839628e-17,6.643770602527083e-18
3.6,1.0277989654854698e-17,6.568670832074165e-18
3.601,1.0140187581128643e-17,6.494394725517817e-18
3.602,1.0004223141622111e-17,6.420933637314799e-18
3.603,9.870071964957947e-18,6.348279006532658e-18
3.604,9.737710001152521e-18,6.276422356122901e-18
3.605,9.607113517402625e-18,6.20535529219863e-18
3.606,9.478259093927267e-18,6.135069503316629e-18
3.607,9.35112361986362e-18,6.0655567597639404e-18
3.608,9.225684289216438e-18,5.996808912848897e-18
3.609,9.101918596860257e-18,5.92881789419666e-18
3.61,8.979804334593669e-18,5.861575715049226e-18
3.611,8.859319587245032e-18,5.795074465569946e-18
3.612,8.74044272882892e-18,5.729306314152521e-18
3.613,8.623152418752668e-18,5.664263506734512e-18
3.614,8.507427598072378e-18,5.599938366115333e-18
3.615,8.393247485797715e-18,5.536323291278763e-18
3.616,8.280591575244882e-18,5.473410756719938e-18
3.617,8.169439630437153e-18,5.4111933117768515e-18
3.618,8.059771682552333e-18,5.349663579966356e-18
3.619,7.951568026416552e-18,5.288814258324644e-18
3.62,7.844809217043783e-18,5.2286381167522375e-18
3.621,7.739476066220492e-18,5.1691279973634496e-18
3.622,7.635549639134846e-18,5.110276813840337e-18
3.623,7.53301125104989e-18,5.052077550791127e-18
3.624,7.431842464020124e-18,4.994523263113118e-18
3.625,7.332025083650931e-18,4.937607075360039e-18
3.626,7.233541155900281e-18,4.881322181113874e-18
3.627,7.136372963922176e-18,4.8256618423611316e-18
3.628,7.040503024951293e-18,4.770619388873559e-18
3.629,6.945914087228296e-18,4.7161882175932885e-18
3.63,6.852589126965267e-18,4.662361792022406e-18
3.631,6.760511345350767e-18,4.609133641616933e-18
3.632,6.669664165593997e-18,4.556497361185219e-18
3.633,6.580031230007546e-18,4.504446610290713e-18
3.634,6.491596397128242e-18,4.452975112659134e-18
3.635,6.40434373887559e-18,4.402076655589991e-18
3.636,6.318257537747344e-18,4.3517450893724795e-18
3.637,6.23332228405168e-18,4.301974326705707e-18
3.638,6.1495226731755554e-18,4.252758342123262e-18
3.639,6.0668436028887315e-18,4.204091171422091e-18
3.64,5.985270170683028e-18,4.155966911095688e-18
3.641,5.904787671146344e-18,4.108379717771566e-18
3.642,5.825381593370998e-18,4.061323807653013e-18
3.643,5.74703761839592e-18,4.014793455965099e-18
3.644,5.6697416166822975e-18,3.968782996404933e-18
3.645,5.593479645622198e-18,3.9232868205961474e-18
3.646,5.518237947079769e-18,3.878299377547599e-18
3.647,5.444002944964575e-18,3.8338151731162606e-18
3.648,5.370761242836669e-18,3.789828769474297e-18
3.649,5.298499621542974e-18,3.746334784580307e-18
3.65,5.227205036884573e-18,3.703327891654704e-18
3.651,5.156864617314505e-18,3.660802818659234e-18
3.652,5.0874656616656764e-18,3.618754347780596e-18
3.653,5.018995636908481e-18,3.577177314918163e-18
3.654,4.951442175937763e-18,3.536066609175773e-18
3.655,4.884793075388729e-18,3.495417172357582e-18
3.656,4.819036293481427e-18,3.4552239984679468e-18
3.657,4.754159947893443e-18,3.415482133215332e-18
3.658,4.690152313660424e-18,3.3761866735202185e-18
3.659,4.627001821104081e-18,3.3373327670269885e-18
3.66,4.564697053787311e-18,3.2989156116197748e-18
3.661,4.503226746496081e-18,3.2609304549422494e-18
3.662,4.442579783247728e-18,3.2233725939213357e-18
3.663,4.382745195325343e-18,3.1862373742948228e-18
3.664,4.323712159337878e-18,3.1495201901428594e-18
3.665,4.265469995305661e-18,3.1132164834233127e-18
3.666,4.2080081647709706e-18,3.0773217435109654e-18
3.667,4.151316268933371e-18,3.041831506740535e-18
3.668,4.09538404680945e-18,3.006741355953493e-18
3.669,4.0402013734166716e-18,2.9720469200486632e-18
3.67,3.985758257981017e-18,2.9377438735365773e-18
3.671,3.932044842168102e-18,2.903827936097571e-18
3.672,3.879051398337475e-18,2.8702948721435925e-18
3.673,3.826768327819784e-18,2.8371404903837104e-18
3.674,3.775186159216518e-18,2.8043606433932912e-18
3.675,3.7242955467220345e-18,2.7719512271868324e-18
3.676,3.6740872684675736e-18,2.7399081807944263e-18
3.677,3.624552224886979e-18,2.7082274858418326e-18
3.678,3.575681437103841e-18,2.6769051661341404e-18
3.679,3.527466045339785e-18,2.6459372872429952e-18
3.68,3.4798973073436185e-18,2.6153199560973724e-18
3.681,3.4329665968410893e-18,2.5850493205778725e-18
3.682,3.386665402004958e-18,2.55512156911452e-18
3.683,3.340985323945138e-18,2.5255329302880385e-18
3.684,3.2959180752186396e-18,2.496279672434588e-18
3.685,3.251455478359052e-18,2.467358103253934e-18
3.686,3.2075894644253182e-18,2.4387645694210335e-18
3.687,3.164312071569544e-18,2.4104954562010126e-18
3.688,3.1216154436235995e-18,2.382547187067514e-18
3.689,3.07949182870426e-18,2.354916223324393e-18
3.69,3.0379335778366533e-18,2.3275990637307397e-18
3.691,2.996933143595768e-18,2.3005922441292088e-18
3.692,2.9564830787657933e-18,2.2738923370776255e-18
3.693,2.9165760350170484e-18,2.2474959514838597e-18
3.694,2.8772047616002847e-18,2.221399732243934e-18
3.695,2.8383621040581223e-18,2.1956003598833494e-18
3.696,2.800041002953407e-18,2.1700945502016078e-18
3.697,2.7622344926142577e-18,2.1448790539199066e-18
3.698,2.7249356998955966e-18,2.119950656331984e-18
3.699,2.6881378429569374e-18,2.0953061769580938e-18
3.7,2.651834230056226e-18,2.0709424692020902e-18
3.701,2.616018258359522e-18,2.0468564200115953e-18
3.702,2.5806834127663144e-18,2.023044949541232e-18
3.703,2.545823264750265e-18,1.999505010818901e-18
3.704,2.5114314712151847e-18,1.976233589415077e-18
3.705,2.4775017733660342e-18,1.9532277031151026e-18
3.706,2.444027995594764e-18,1.930484401594465e-18
3.707,2.411004044380789e-18,1.9080007660970232e-18
3.708,2.3784239072059152e-18,1.8857739091161717e-18
3.709,2.346281651483525e-18,1.863800974078921e-18
3.71,2.3145714235018373e-18,1.8420791350328647e-18
3.711,2.2832874473810547e-18,1.8206055963360198e-18
3.712,2.252424024044223e-18,1.7993775923495176e-18
3.713,2.2219755302016174e-18,1.7783923871331192e-18
3.714,2.1919364173484816e-18,1.7576472741435428e-18
3.715,2.1623012107759463e-18,1.7371395759355725e-18
3.716,2.1330645085949526e-18,1.7168666438659342e-18
3.717,2.1042209807730104e-18,1.6968258577999172e-18
3.718,2.0757653681836273e-18,1.6770146258207154e-18
3.719,2.047692481668238e-18,1.6574303839414743e-18
3.72,2.0199972011104747e-18,1.6380705958200175e-18
3.721,1.9926744745226115e-18,1.6189327524762366e-18
3.722,1.9657193171440336e-18,1.6000143720121193e-18
3.723,1.939126810551562e-18,1.5813129993343998e-18
3.724,1.912892101781488e-18,1.5628262058798075e-18
3.725,1.887010402463159e-18,1.5445515893428956e-18
3.726,1.861476987963969e-18,1.52648677340643e-18
3.727,1.8362871965455984e-18,1.5086294074743161e-18
3.728,1.8114364285313622e-18,1.4909771664070441e-18
3.729,1.7869201454845184e-18,1.473527750259636e-18
3.73,1.7627338693973932e-18,1.4562788840220685e-18
3.731,1.7388731818911808e-18,1.439228317362159e-18
3.732,1.7153337234262813e-18,1.4223738243708877e-18
3.733,1.692111192523033e-18,1.4057132033101426e-18
3.734,1.6692013449927102e-18,1.3892442763628645e-18
3.735,1.646599993178647e-18,1.372964889385572e-18
3.736,1.624303005207355e-18,1.3568729116632503e-18
3.737,1.6023063042495074e-18,1.3409662356665814e-18
3.738,1.5806058677906558e-18,1.3252427768114986e-18
3.739,1.5591977269115558e-18,1.3097004732210456e-18
3.74,1.5380779655779745e-18,1.2943372854895198e-18
3.741,1.5172427199398545e-18,1.279151196448885e-18
3.742,1.4966881776397132e-18,1.2641402109374296e-18
3.743,1.4764105771301568e-18,1.249302355570656e-18
3.744,1.4564062070003877e-18,1.2346356785143797e-18
3.745,1.43667140531159e-18,1.2201382492600217e-18
3.746,1.417202558941074e-18,1.205808158402075e-18
3.747,1.3979961029350674e-18,1.1916435174177258e-18
3.748,1.3790485198700395e-18,1.1776424584486146e-18
3.749,1.3603563392224437e-18,1.1638031340847145e-18
3.75,1.3419161367467723e-18,1.150123717150314e-18
3.751,1.3237245338618119e-18,1.1366024004920813e-18
3.752,1.3057781970449924e-18,1.1232373967691971e-18
3.753,1.2880738372347241e-18,1.1100269382455347e-18
3.754,1.270608209240617e-18,1.096969276583871e-18
3.755,1.2533781111614807e-18,1.0840626826421134e-18
3.756,1.2363803838110008e-18,1.0713054462715206e-18
3.757,1.2196119101509935e-18,1.0586958761169046e-18
3.758,1.2030696147321362e-18,1.0462322994187938e-18
3.759,1.1867504631420783e-18,1.033913061817542e-18
3.76,1.1706514614608355e-18,1.021736527159366e-18
3.761,1.15476965572337e-18,1.0097010773042946e-18
3.762,1.1391021313892629e-18,9.97805111936011e-19
3.763,1.1236460128193894e-18,9.86047048373577e-19
3.764,1.108398462759498e-18,9.744253213850165e-19
3.765,1.0933566818306097e-18,9.629383830027453e-19
3.766,1.0785179080261443e-18,9.51584702340831e-19
3.767,1.0638794162156857e-18,9.403627654140656e-19
3.768,1.0494385176552997e-18,9.292710749588355e-19
3.769,1.0351925595043194e-18,9.183081502557727e-19
3.77,1.0211389243485091e-18,9.074725269541728e-19
3.771,1.00727502972953e-18,8.96762756898161e-19
3.772,9.935983276806168e-19,8.86177407954594e-19
3.773,9.801063042683901e-19,8.7571506384268e-19
3.774,9.667964791407216e-19,8.653743239653024e-19
3.775,9.536664050805708e-19,8.551538032420317e-19
3.776,9.407136675657186e-19,8.450521319438103e-19
3.777,9.279358843343173e-19,8.350679555292955e-19
3.778,9.15330704956182e-19,8.2519993448284545e-19
3.779,9.028958104097467e-19,8.154467441541332e-19
3.78,8.906289126646131e-19,8.058070745993746e-19
3.781,8.785277542696154e-19,7.962796304241544e-19
3.782,8.665901079463317e-19,7.868631306278374e-19
3.783,8.548137761879684e-19,7.775563084495489e-19
3.784,8.431965908635465e-19,7.68357911215711e-19
3.785,8.317364128273237e-19,7.592667001891201e-19
3.786,8.204311315333785e-19,7.502814504195519e-19
3.787,8.092786646552922e-19,7.414009505958798e-19
3.788,7.982769577108602e-19,7.326240028996915e-19
3.789,7.874239836917667e-19,7.239494228603928e-19
3.79,7.767177426981575e-19,7.153760392117823e-19
3.791,7.661562615780467e-19,7.069026937500844e-19
3.792,7.557375935714939e-19,6.985282411934271e-19
3.793,7.454598179594877e-19,6.902515490427516e-19
3.794,7.353210397174765e-19,6.8207149744413955e-19
3.795,7.25319389173482e-19,6.739869790525454e-19
3.796,7.154530216707379e-19,6.659968988969204e-19
3.797,7.057201172347928e-19,6.58100174246716e-19
3.798,6.961188802450191e-19,6.502957344797523e-19
3.799,6.866475391104689e-19,6.425825209514408e-19
3.8,6.773043459500226e-19,6.349594868653464e-19
3.801,6.680875762767689e-19,6.274255971450789e-19
3.802,6.589955286865656e-19,6.19979828307498e-19
3.803,6.500265245507226e-19,6.12621168337223e-19
3.804,6.411789077127543e-19,6.053486165624329e-19
3.805,6.324510441891477e-19,5.981611835319438e-19
3.806,6.23841321874093e-19,5.910578908935549e-19
3.807,6.153481502481251e-19,5.840377712736469e-19
3.808,6.069699600906234e-19,5.770998681580245e-19
3.809,5.987052031961208e-19,5.702432357739889e-19
3.81,5.905523520943699e-19,5.634669389736292e-19
3.811,5.825098997741185e-19,5.567700531183221e-19
3.812,5.745763594105435e-19,5.501516639644264e-19
3.813,5.667502640962979e-19,5.436108675501631e-19
3.814,5.590301665761209e-19,5.371467700836671e-19
3.815,5.514146389849645e-19,5.307584878322029e-19
3.816,5.439022725895917e-19,5.244451470125291e-19
3.817,5.364916775335986e-19,5.182058836824036e-19
3.818,5.2918148258581725e-19,5.120398436332176e-19
3.819,5.219703348920522e-19,5.059461822837465e-19
3.82,5.1485689973011e-19,4.999240645750089e-19
3.821,5.0783986026807555e-19,4.939726648662218e-19
3.822,5.009179173257929e-19,4.880911668318406e-19
3.823,4.940897891395104e-19,4.822787633596758e-19
3.824,4.873542111296453e-19,4.76534656450073e-19
3.825,4.807099356716297e-19,4.708580571161488e-19
3.826,4.741557318697942e-19,4.652481852850696e-19
3.827,4.676903853342521e-19,4.597042697003652e-19
3.828,4.613126979607425e-19,4.542255478252665e-19
3.829,4.550214877133944e-19,4.488112657470565e-19
3.83,4.488155884103725e-19,4.434606780824256e-19
3.831,4.426938495123672e-19,4.381730478838217e-19
3.832,4.366551359138914e-19,4.329476465467839e-19
3.833,4.3069832773734614e-19,4.2778375371825157e-19
3.834,4.2482232012982e-19,4.226806572058384e-19
3.835,4.190260230625846e-19,4.1763765288806256e-19
3.836,4.1330836113325207e-19,4.126540446255229e-19
3.837,4.07668273370558e-19,4.0772914417301214e-19
3.838,4.0210471304173664e-19,4.0286227109255824e-19
3.839,3.966166474624525e-19,3.980527526673839e-19
3.84,3.912030578092564e-19,3.932999238167759e-19
3.841,3.85862938934531e-19,3.8860312701185484e-19
3.842,3.805952991838939e-19,3.839617121922365e-19
3.843,3.753991602160259e-19,3.7937503668357607e-19
3.844,3.702735568248916e-19,3.748424651159862e-19
3.845,3.652175367643214e-19,3.703633693433203e-19
3.846,3.60230160574924e-19,3.659371283633128e-19
3.847,3.553105014132975e-19,3.6156312823856725e-19
3.848,3.5045764488350972e-19,3.5724076201838425e-19
3.849,3.456706888708178e-19,3.529694296614207e-19
3.85,3.4094874337759627e-19,3.487485379591718e-19
3.851,3.3629093036144633e-19,3.4457750046026807e-19
3.852,3.3169638357545554e-19,3.40455737395579e-19
3.853,3.2716424841058115e-19,3.3638267560411465e-19
3.854,3.226936817401277e-19,3.323577484597185e-19
3.855,3.182838517662921e-19,3.283803957985421e-19
3.856,3.139339378687487e-19,3.24450063847295e-19
3.857,3.0964313045524694e-19,3.2056620515226103e-19
3.858,3.054106308141951e-19,3.1672827850907397e-19
3.859,3.0123565096920487e-19,3.1293574889324487e-19
3.86,2.971174135355688e-19,3.091880873914326e-19
3.861,2.930551515786476e-19,3.054847711334515e-19
3.862,2.890481084741395e-19,3.018252832250075e-19
3.863,2.850955377702085e-19,2.9820911268115586e-19
3.864,2.811967030514471e-19,2.946357543604732e-19
3.865,2.773508778046468e-19,2.911047088999363e-19
3.866,2.7355734528635626e-19,2.876154826505008e-19
3.867,2.6981539839219965e-19,2.8416758761337275e-19
3.868,2.66124339527935e-19,2.807605413769652e-19
3.869,2.624834804822272e-19,2.773938670545343e-19
3.87,2.588921423011146e-19,2.7406709322248594e-19
3.871,2.5534965516414594e-19,2.7077975385934863e-19
3.872,2.5185535826216555e-19,2.675313882854031e-19
3.873,2.4840859967672537e-19,2.6432154110296433e-19
3.874,2.450087362611021e-19,2.611497621373073e-19
3.875,2.416551335228979e-19,2.580156063782318e-19
3.876,2.383471655082043e-19,2.549186339222577e-19
3.877,2.3508421468730804e-19,2.5185840991544645e-19
3.878,2.3186567184191876e-19,2.488345044968399e-19
3.879,2.286909359538983e-19,2.4584649274251256e-19
3.88,2.2555941409547165e-19,2.428939546102292e-19
3.881,2.224705213209002e-19,2.399764748847022e-19
3.882,2.1942368055959733e-19,2.370936431234428e-19
3.883,2.1641832251066814e-19,2.3424505360319944e-19
3.884,2.1345388553885337e-19,2.314303052669776e-19
3.885,2.1052981557185996e-19,2.286490016716352e-19
3.886,2.076455659990592e-19,2.2590075093604693e-19
3.887,2.048005975715344e-19,2.2318516568983264e-19
3.888,2.0199437830346067e-19,2.205018630226432e-19
3.889,1.9922638337479846e-19,2.178504644339982e-19
3.89,1.9649609503528413e-19,2.152305957836698e-19
3.891,1.9380300250969986e-19,2.1264188724260753e-19
3.892,1.9114660190440615e-19,2.1008397324439744e-19
3.893,1.885263961151203e-19,2.0755649243725091e-19
3.894,1.8594189473592392e-19,2.050590876365172e-19
3.895,1.8339261396948383e-19,2.0259140577771447e-19
3.896,1.8087807653846952e-19,2.0015309787007376e-19
3.897,1.783978115981519e-19,1.9774381895059042e-19
3.898,1.7595135465016744e-19,1.9536322803857825e-19
3.899,1.735382474574322e-19,1.9301098809072027e-19
3.9,1.7115803796019052e-19,1.9068676595661183e-19
3.901,1.688102801931834e-19,1.8839023233479016e-19
3.902,1.6649453420392176e-19,1.8612106172924571e-19
3.903,1.6421036597204963e-19,1.838789324064101e-19
3.904,1.6195734732978322e-19,1.8166352635261558e-19
3.905,1.5973505588341125e-19,1.794745292320213e-19
3.906,1.575430749358427e-19,1.7731163034500123e-19
3.907,1.5538099341018787e-19,1.7517452258698908e-19
3.908,1.5324840577435924e-19,1.7306290240777537e-19
3.909,1.511449119666784e-19,1.7097646977125158e-19
3.91,1.4907011732247603e-19,1.689149281155974e-19
3.911,1.4702363250167118e-19,1.6687798431390552e-19
3.912,1.4500507341731741e-19,1.648653486352401e-19
3.913,1.4301406116510274e-19,1.6287673470612387e-19
3.914,1.4105022195379053e-19,1.6091185947244958e-19
3.915,1.391131870365894e-19,1.5897044316181117e-19
3.916,1.3720259264343889e-19,1.5705220924625033e-19
3.917,1.3531807991419982e-19,1.5515688440541398e-19
3.918,1.3345929483273653e-19,1.5328419849011845e-19
3.919,1.3162588816187929e-19,1.5143388448631578e-19
3.92,1.298175153792555e-19,1.4960567847945824e-19
3.921,1.280338366139779e-19,1.4779931961925654e-19
3.922,1.262745165841785e-19,1.4601455008482773e-19
3.923,1.2453922453537666e-19,1.4425111505022851e-19
3.924,1.2282763417967095e-19,1.425087626503701e-19
3.925,1.2113942363574307e-19,1.4078724394731017e-19
3.926,1.1947427536966355e-19,1.3908631289691847e-19
3.927,1.1783187613648832e-19,1.374057263159115e-19
3.928,1.162119169226359e-19,1.3574524384925267e-19
3.929,1.1461409288903435e-19,1.3410462793791405e-19
3.93,1.1303810331502835e-19,1.3248364378699574e-19
3.931,1.1148365154303589e-19,1.308820593341991e-19
3.932,1.0995044492394474e-19,1.2929964521864992e-19
3.933,1.0843819476323885e-19,1.2773617475006815e-19
3.934,1.0694661626784491e-19,1.2619142387827998e-19
3.935,1.0547542849368977e-19,1.2466517116306907e-19
3.936,1.0402435429395879e-19,1.2315719774436304e-19
3.937,1.0259312026804627e-19,1.2166728731275161e-19
3.938,1.0118145671118839e-19,1.2019522608033306e-19
3.939,9.978909756476993e-20,1.1874080275188517e-19
3.94,9.84157803672954e-20,1.1730380849635756e-19
3.941,9.706124620601618e-20,1.158840369186814e-19
3.942,9.572523966920448e-20,1.1448128403189378e-19
3.943,9.440750879906604e-20,1.1309534822957283e-19
3.944,9.31078050452825e-20,1.117260302585804e-19
3.945,9.182588321917558e-20,1.1037313319210906e-19
3.946,9.056150144848439e-20,1.0903646240303005e-19
3.947,8.931442113274802e-20,1.0771582553753904e-19
3.948,8.808440689928512e-20,1.0641103248909636e-19
3.949,8.687122655976262e-20,1.0512189537265863e-19
3.95,8.567465106734587e-20,1.0384822849919855e-19
3.951,8.449445447442212e-20,1.0258984835050985e-19
3.952,8.333041389089017e-20,1.0134657355429423e-19
3.953,8.218230944300815e-20,1.0011822485952722e-19
3.954,8.10499242327925e-20,9.89046251121001e-20
3.955,7.993304429796035e-20,9.770559923073465e-20
3.956,7.883145857240842e-20,9.652097418316802e-20
3.957,7.774495884722104e-20,9.535057896260459e-20
3.958,7.667333973220048e-20,9.419424456443209e-20
3.959,7.561639861791234e-20,9.305180396319896e-20
3.96,7.457393563823943e-20,9.192309208985023e-20
3.961,7.354575363343719e-20,9.080794580921912e-20
3.962,7.253165811368405e-20,8.97062038977714e-20
3.963,7.153145722311996e-20,8.861770702160005e-20
3.964,7.054496170436695e-20,8.754229771466724e-20
3.965,6.957198486352488e-20,8.647982035729106e-20
3.966,6.861234253563631e-20,8.543012115487437e-20
3.967,6.766585305061418e-20,8.4393048116873e-20
3.968,6.67323371996261e-20,8.336845103600083e-20
3.969,6.581161820192916e-20,8.235618146766904e-20
3.97,6.490352167214922e-20,8.135609270965712e-20
3.971,6.400787558799902e-20,8.036803978201302e-20
3.972,6.312451025842873e-20,7.939187940717985e-20
3.973,6.225325829220376e-20,7.842746999034687e-20
3.974,6.139395456690371e-20,7.747467160002213e-20
3.975,6.054643619833705e-20,7.653334594882443e-20
3.976,5.971054251036588e-20,7.560335637449222e-20
3.977,5.888611500513546e-20,7.468456782110687e-20
3.978,5.807299733370284e-20,7.377684682052834e-20
3.979,5.727103526705954e-20,7.288006147404043e-20
3.98,5.648007666754291e-20,7.199408143420382e-20
3.981,5.569997146063091e-20,7.111877788691422e-20
3.982,5.493057160711533e-20,7.025402353366358e-20
3.983,5.4171731075648316e-20,6.939969257400209e-20
3.984,5.342330581565721e-20,6.855566068819877e-20
3.985,5.2685153730622884e-20,6.77218050200984e-20
3.986,5.1957134651716604e-20,6.689800416017276e-20
3.987,5.123911031179069e-20,6.608413812876393e-20
3.988,5.053094431971825e-20,6.528008835951754e-20
3.989,4.983250213507736e-20,6.448573768300401e-20
3.99,4.9143651043174973e-20,6.370097031052554e-20
3.991,4.846426013040617e-20,6.292567181810682e-20
3.992,4.779420025994421e-20,6.215972913066766e-20
3.993,4.713334404775689e-20,6.140303050637519e-20
3.994,4.6481565838945004e-20,6.06554655211739e-20
3.995,4.583874168439848e-20,5.991692505349151e-20
3.996,4.5204749317766004e-20,5.918730126911854e-20
3.997,4.457946813273393e-20,5.846648760626008e-20
3.998,4.396277916061033e-20,5.775437876075725e-20
3.999,4.335456504821018e-20,5.705087067147717e-20
4.0,4.275471003603753e-20,5.635586050586891e-20
