M omega,Re(tilde_Psi_4),Im(tilde_Psi_4)
-4.0,-2.1334427625588567e-20,-1.4200685734436778e-20
-3.999,-2.1597632029032298e-20,-1.4380233995555414e-20
-3.998,-2.186408027462748e-20,-1.45620547926379e-20
-3.997,-2.2133812295791236e-20,-1.4746176919111692e-20
-3.996,-2.2406868516930384e-20,-1.4932629533597127e-20
-3.995,-2.268328985946995e-20,-1.5121442164543873e-20
-3.994,-2.2963117747955548e-20,-1.531264471492635e-20
-3.993,-2.3246394116230575e-20,-1.5506267466998804e-20
-3.992,-2.3533161413689148e-20,-1.5702341087110808e-20
-3.991,-2.382346261160568e-20,-1.5900896630583982e-20
-3.99,-2.4117341209542043e-20,-1.610196554665067e-20
-3.989,-2.441484124183328e-20,-1.630557968345539e-20
-3.988,-2.4716007284152815e-20,-1.6511771293119866e-20
-3.987,-2.5020884460158132e-20,-1.672057303687241e-20
-3.986,-2.532951844821791e-20,-1.69320179902425e-20
-3.985,-2.5641955488221626e-20,-1.7146139648321402e-20
-3.984,-2.5958242388472605e-20,-1.7362971931089637e-20
-3.983,-2.627842653266557e-20,-1.7582549188812147e-20
-3.982,-2.6602555886949693e-20,-1.7804906207502067e-20
-3.981,-2.693067900707823e-20,-1.8030078214453927e-20
-3.98,-2.726284504564576e-20,-1.825810088384718e-20
-3.979,-2.7599103759414144e-20,-1.8489010342420953e-20
-3.978,-2.793950551672824e-20,-1.8722843175220955e-20
-3.977,-2.8284101305022514e-20,-1.8959636431419388e-20
-3.976,-2.863294273841962e-20,-1.9199427630208896e-20
-3.975,-2.898608206542215e-20,-1.9442254766771368e-20
-3.974,-2.934357217669855e-20,-1.9688156318322668e-20
-3.973,-2.9705466612964536e-20,-1.9937171250234165e-20
-3.972,-3.0071819572961046e-20,-2.018933902223211e-20
-3.971,-3.044268592152991e-20,-2.0444699594675794e-20
-3.97,-3.0818121197788555e-20,-2.0703293434915527e-20
-3.969,-3.1198181623404804e-20,-2.0965161523731432e-20
-3.968,-3.158292411097308e-20,-2.1230345361854108e-20
-3.967,-3.1972406272493265e-20,-2.1498886976568162e-20
-3.966,-3.236668642795341e-20,-2.1770828928399723e-20
-3.965,-3.2765823614017616e-20,-2.2046214317888934e-20
-3.964,-3.316987759282033e-20,-2.2325086792448575e-20
-3.963,-3.357890886086843e-20,-2.2607490553309866e-20
-3.962,-3.399297865805231e-20,-2.289347036255657e-20
-3.961,-3.4412148976767404e-20,-2.3183071550248533e-20
-3.96,-3.4836482571147433e-20,-2.3476340021635786e-20
-3.959,-3.5266042966410754e-20,-2.377332226446437e-20
-3.958,-3.5700894468321204e-20,-2.407406535637503e-20
-3.957,-3.614110217276487e-20,-2.4378616972395993e-20
-3.956,-3.65867319754441e-20,-2.4687025392531004e-20
-3.955,-3.7037850581690317e-20,-2.499933950944384e-20
-3.954,-3.7494525516397e-20,-2.5315608836240525e-20
-3.953,-3.7956825134074355e-20,-2.5635883514350505e-20
-3.952,-3.842481862902707e-20,-2.5960214321508003e-20
-3.951,-3.889857604565682e-20,-2.6288652679834887e-20
-3.95,-3.93781682888909e-20,-2.6621250664026294e-20
-3.949,-3.986366713473859e-20,-2.6958061009640347e-20
-3.948,-4.035514524097678e-20,-2.7299137121493263e-20
-3.947,-4.085267615796654e-20,-2.7644533082161225e-20
-3.946,-4.1356334339602046e-20,-2.7994303660590346e-20
-3.945,-4.186619515439371e-20,-2.834850432081614e-20
-3.944,-4.23823348966869e-20,-2.870719123079383e-20
-3.943,-4.290483079801818e-20,-2.907042127134099e-20
-3.942,-4.343376103861052e-20,-2.943825204519386e-20
-3.941,-4.396920475900928e-20,-2.981074188617885e-20
-3.94,-4.4511242071860724e-20,-3.018794986850068e-20
-3.939,-4.5059954073834696e-20,-3.056993581614861e-20
-3.938,-4.5615422857693323e-20,-3.09567603124223e-20
-3.937,-4.617773152450748e-20,-3.134848470957881e-20
-3.936,-4.6746964196022836e-20,-3.1745171138602286e-20
-3.935,-4.732320602717726e-20,-3.214688251909789e-20
-3.934,-4.7906543218771556e-20,-3.2553682569311533e-20
-3.933,-4.8497063030295276e-20,-3.296563581627707e-20
-3.932,-4.9094853792909565e-20,-3.3382807606092534e-20
-3.931,-4.970000492258894e-20,-3.380526411432702e-20
-3.93,-5.031260693342399e-20,-3.423307235655999e-20
-3.929,-5.0932751451086857e-20,-3.4666300199054576e-20
-3.928,-5.156053122646165e-20,-3.5105016369566646e-20
-3.927,-5.219604014944161e-20,-3.554929046829132e-20
-3.926,-5.283937326289526e-20,-3.5999192978948763e-20
-3.925,-5.349062677680342e-20,-3.645479528001089e-20
-3.924,-5.4149898082569383e-20,-3.691616965607098e-20
-3.923,-5.48172857675041e-20,-3.738338930935775e-20
-3.922,-5.54928896294888e-20,-3.7856528371396055e-20
-3.921,-5.617681069181702e-20,-3.8335661914815746e-20
-3.92,-5.686915121821824e-20,-3.8820865965310806e-20
-3.919,-5.757001472806549e-20,-3.931221751375062e-20
-3.918,-5.8279506011769e-20,-3.980979452844524e-20
-3.917,-5.899773114635831e-20,-4.031367596756671e-20
-3.916,-5.972479751125501e-20,-4.082394179172836e-20
-3.915,-6.046081380423853e-20,-4.1340672976724124e-20
-3.914,-6.120589005760739e-20,-4.186395152642993e-20
-3.913,-6.196013765453805e-20,-4.239386048586916e-20
-3.912,-6.27236693456441e-20,-4.293048395444431e-20
-3.911,-6.349659926573806e-20,-4.347390709933703e-20
-3.91,-6.427904295079815e-20,-4.4024216169078556e-20
-3.909,-6.507111735514287e-20,-4.4581498507292804e-20
-3.908,-6.587294086881554e-20,-4.514584256661428e-20
-3.907,-6.66846333351817e-20,-4.571733792278306e-20
-3.906,-6.750631606874171e-20,-4.6296075288919075e-20
-3.905,-6.833811187316133e-20,-4.688214652997798e-20
-3.904,-6.918014505952293e-20,-4.7475644677390916e-20
-3.903,-7.003254146479991e-20,-4.807666394389057e-20
-3.902,-7.089542847055723e-20,-4.86852997385258e-20
-3.901,-7.176893502188067e-20,-4.9301648681867277e-20
-3.9,-7.265319164653763e-20,-4.9925808621406636e-20
-3.899,-7.354833047437243e-20,-5.055787864715149e-20
-3.898,-7.445448525693875e-20,-5.1197959107418863e-20
-3.897,-7.537179138737231e-20,-5.1846151624829584e-20
-3.896,-7.630038592050659e-20,-5.2502559112506146e-20
-3.895,-7.724040759323471e-20,-5.316728579047668e-20
-3.894,-7.819199684512015e-20,-5.384043720228761e-20
-3.893,-7.915529583925986e-20,-5.452212023182772e-20
-3.892,-8.013044848340226e-20,-5.521244312036623e-20
-3.891,-8.11176004513238e-20,-5.591151548380769e-20
-3.89,-8.211689920446673e-20,-5.661944833016646e-20
-3.889,-8.312849401384168e-20,-5.733635407726343e-20
-3.888,-8.4152535982198e-20,-5.806234657064799e-20
-3.887,-8.518917806646532e-20,-5.87975411017481e-20
-3.886,-8.623857510046945e-20,-5.954205442625114e-20
-3.885,-8.730088381792619e-20,-6.029600478271881e-20
-3.884,-8.837626287571622e-20,-6.105951191143883e-20
-3.883,-8.946487287744472e-20,-6.18326970735165e-20
-3.882,-9.056687639728894e-20,-6.261568307020929e-20
-3.881,-9.16824380041375e-20,-6.340859426250731e-20
-3.88,-9.281172428602481e-20,-6.421155659096313e-20
-3.879,-9.39549038748642e-20,-6.502469759577383e-20
-3.878,-9.511214747148353e-20,-6.58481464371186e-20
-3.877,-9.628362787096695e-20,-6.668203391575518e-20
-3.876,-9.74695199883063e-20,-6.752649249387844e-20
-3.875,-9.867000088436631e-20,-6.838165631624434e-20
-3.874,-9.988524979216725e-20,-6.924766123156278e-20
-3.873,-1.0111544814348871e-19,-7.012464481416259e-20
-3.872,-1.0236077959579878e-19,-7.101274638593241e-20
-3.871,-1.0362143005951243e-19,-7.191210703854064e-20
-3.87,-1.0489758772558298e-19,-7.282286965593823e-20
-3.869,-1.0618944309343101e-19,-7.374517893714795e-20
-3.868,-1.0749718899921456e-19,-7.467918141934353e-20
-3.867,-1.088210206444449e-19,-7.562502550122264e-20
-3.866,-1.101611356249522e-19,-7.658286146667736e-20
-3.865,-1.11517733960205e-19,-7.755284150876582e-20
-3.864,-1.1289101812298834e-19,-7.853511975398903e-20
-3.863,-1.1428119306944435e-19,-7.952985228687667e-20
-3.862,-1.156884662694802e-19,-8.053719717488573e-20
-3.861,-1.171130477375476e-19,-8.15573144936162e-20
-3.86,-1.1855515006379842e-19,-8.259036635234758e-20
-3.859,-1.2001498844562113e-19,-8.363651691990049e-20
-3.858,-1.214927807195627e-19,-8.469593245082742e-20
-3.857,-1.229887473936404e-19,-8.576878131193695e-20
-3.856,-1.2450311168004864e-19,-8.685523400915537e-20
-3.855,-1.2603609952826546e-19,-8.795546321473046e-20
-3.854,-1.2758793965856342e-19,-8.90696437947814e-20
-3.853,-1.2915886359593014e-19,-9.019795283719943e-20
-3.852,-1.3074910570440323e-19,-9.134056967990357e-20
-3.851,-1.3235890322182467e-19,-9.249767593945615e-20
-3.85,-1.3398849629502e-19,-9.366945554004249e-20
-3.849,-1.3563812801540713e-19,-9.485609474281956e-20
-3.848,-1.373080444550404e-19,-9.605778217563818e-20
-3.847,-1.3899849470309477e-19,-9.727470886314361e-20
-3.846,-1.4070973090279602e-19,-9.85070682572593e-20
-3.845,-1.4244200828880176e-19,-9.975505626805878e-20
-3.844,-1.4419558522503943e-19,-1.0101887129503043e-19
-3.843,-1.459707232430064e-19,-1.0229871425874039e-19
-3.842,-1.477676870805377e-19,-1.0359478863289847e-19
-3.841,-1.4958674472104788e-19,-1.0490730047683236e-19
-3.84,-1.5142816743325145e-19,-1.0623645846837515e-19
-3.839,-1.5329222981136922e-19,-1.0758247393717168e-19
-3.838,-1.5517920981582523e-19,-1.0894556089840885e-19
-3.837,-1.5708938881444096e-19,-1.1032593608697532e-19
-3.836,-1.590230516241327e-19,-1.1172381899205615e-19
-3.835,-1.60980486553118e-19,-1.1313943189216798e-19
-3.834,-1.6296198544363788e-19,-1.1457299989064005e-19
-3.833,-1.649678437152005e-19,-1.1602475095154727e-19
-3.832,-1.669983604083531e-19,-1.174949159361003e-19
-3.831,-1.6905383822898844e-19,-1.1898372863949964e-19
-3.83,-1.7113458359319238e-19,-1.2049142582825827e-19
-3.829,-1.7324090667263888e-19,-1.2201824727799994e-19
-3.828,-1.7537312144053968e-19,-1.235644358117386e-19
-3.827,-1.7753154571815465e-19,-1.2513023733864513e-19
-3.826,-1.7971650122187044e-19,-1.267159008933079e-19
-3.825,-1.8192831361085363e-19,-1.2832167867549293e-19
-3.824,-1.8416731253528597e-19,-1.2994782609041073e-19
-3.823,-1.8643383168518834e-19,-1.3159460178949539e-19
-3.822,-1.8872820883984104e-19,-1.332622677117033e-19
-3.821,-1.9105078591780709e-19,-1.349510891253376e-19
-3.82,-1.9340190902756663e-19,-1.3666133467040522e-19
-3.819,-1.9578192851876915e-19,-1.3839327640151318e-19
-3.818,-1.9819119903411166e-19,-1.4014718983131146e-19
-3.817,-2.006300795618498e-19,-1.4192335397448858e-19
-3.816,-2.0309893348895046e-19,-1.4372205139232788e-19
-3.815,-2.0559812865489261e-19,-1.4554356823783103e-19
-3.814,-2.0812803740612552e-19,-1.4738819430141594e-19
-3.813,-2.1068903665119096e-19,-1.49256223057197e-19
-3.812,-2.1328150791651896e-19,-1.5114795170985453e-19
-3.811,-2.159058374029039e-19,-1.5306368124210086e-19
-3.81,-2.1856241604267044e-19,-1.5500371646275133e-19
-3.809,-2.212516395575367e-19,-1.5696836605540721e-19
-3.808,-2.2397390851718393e-19,-1.5895794262775863e-19
-3.807,-2.267296283985409e-19,-1.609727627615154e-19
-3.806,-2.295192096457916e-19,-1.6301314706297385e-19
-3.805,-2.3234306773111546e-19,-1.6507942021422754e-19
-3.804,-2.3520162321616867e-19,-1.6717191102503022e-19
-3.803,-2.380953018143157e-19,-1.6929095248531939e-19
-3.802,-2.4102453445362025e-19,-1.714368818184086e-19
-3.801,-2.439897573406049e-19,-1.7361004053485751e-19
-3.8,-2.469914120247885e-19,-1.758107744870278e-19
-3.799,-2.500299454640111e-19,-1.7803943392433406e-19
-3.798,-2.5310581009055603e-19,-1.802963735491984e-19
-3.797,-2.562194638780787e-19,-1.8258195257371764e-19
-3.796,-2.593713704093514e-19,-1.8489653477705241e-19
-3.795,-2.6256199894483563e-19,-1.8724048856354711e-19
-3.794,-2.6579182449208987e-19,-1.8961418702159011e-19
-3.793,-2.690613278760248e-19,-1.9201800798322385e-19
-3.792,-2.723709958100153e-19,-1.9445233408451406e-19
-3.791,-2.757213209678799e-19,-1.9691755282668799e-19
-3.79,-2.7911280205673826e-19,-1.9941405663805138e-19
-3.789,-2.8254594389075734e-19,-2.0194224293669424e-19
-3.788,-2.8602125746579707e-19,-2.0450251419399507e-19
-3.787,-2.8953926003496667e-19,-2.070952779989345e-19
-3.786,-2.9310047518510204e-19,-2.0972094712322753e-19
-3.785,-2.9670543291417646e-19,-2.123799395872861e-19
-3.784,-3.0035466970965507e-19,-2.150726787270215e-19
-3.783,-3.040487286278048e-19,-2.1779959326149785e-19
-3.782,-3.0778815937397197e-19,-2.205611173614475e-19
-3.781,-3.1157351838383835e-19,-2.23357690718659e-19
-3.78,-3.1540536890566846e-19,-2.2618975861624945e-19
-3.779,-3.1928428108355976e-19,-2.290577719998316e-19
-3.778,-3.2321083204170766e-19,-2.3196218754958775e-19
-3.777,-3.2718560596969855e-19,-2.3490346775326196e-19
-3.776,-3.3120919420884244e-19,-2.378820809800818e-19
-3.775,-3.3528219533955816e-19,-2.408985015556224e-19
-3.774,-3.394052152698244e-19,-2.439532098376236e-19
-3.773,-3.435788673247089e-19,-2.470466922927736e-19
-3.772,-3.4780377233698893e-19,-2.501794415744703e-19
-3.771,-3.5208055873887697e-19,-2.533519566015738e-19
-3.77,-3.5640986265486453e-19,-2.5656474263816213e-19
-3.769,-3.6079232799569745e-19,-2.5981831137430273e-19
-3.768,-3.6522860655349714e-19,-2.6311318100785346e-19
-3.767,-3.6971935809804133e-19,-2.6644987632730585e-19
-3.766,-3.742652504742181e-19,-2.6982892879568323e-19
-3.765,-3.7886695970066817e-19,-2.7325087663550864e-19
-3.764,-3.8352517006962936e-19,-2.767162649148547e-19
-3.763,-3.882405742479979e-19,-2.802256456344902e-19
-3.762,-3.930138733796217e-19,-2.8377957781613675e-19
-3.761,-3.9784577718884e-19,-2.8737862759185045e-19
-3.76,-4.0273700408528546e-19,-2.9102336829454194e-19
-3.759,-4.076882812699627e-19,-2.9471438054965007e-19
-3.758,-4.127003448426202e-19,-2.9845225236798364e-19
-3.757,-4.1777393991043047e-19,-3.0223757923974616e-19
-3.756,-4.2290982069799434e-19,-3.060709642297586e-19
-3.755,-4.2810875065868617e-19,-3.0995301807389574e-19
-3.754,-4.3337150258735514e-19,-3.1388435927675083e-19
-3.753,-4.386988587344007e-19,-3.178656142105455e-19
-3.752,-4.440916109212368e-19,-3.2189741721529934e-19
-3.751,-4.495505606571642e-19,-3.259804107002765e-19
-3.75,-4.550765192576655e-19,-3.301152452467245e-19
-3.749,-4.606703079641421e-19,-3.3430257971192264e-19
-3.748,-4.6633275806511e-19,-3.3854308133455624e-19
-3.747,-4.720647110188714e-19,-3.428374258414335e-19
-3.746,-4.778670185776812e-19,-3.4718629755556263e-19
-3.745,-4.83740542913426e-19,-3.51590389505606e-19
-3.744,-4.896861567448342e-19,-3.560504035367293e-19
-3.743,-4.957047434662348e-19,-3.605670504228632e-19
-3.742,-5.017971972778855e-19,-3.6514104998039597e-19
-3.741,-5.079644233178881e-19,-3.697731311833145e-19
-3.74,-5.1420733779571e-19,-3.7446403227981337e-19
-3.739,-5.205268681273326e-19,-3.7921450091038946e-19
-3.738,-5.26923953072045e-19,-3.840252942274419e-19
-3.737,-5.333995428709042e-19,-3.8889717901639635e-19
-3.736,-5.399545993868817e-19,-3.938309318183725e-19
-3.735,-5.465900962467154e-19,-3.9882733905441585e-19
-3.734,-5.533070189844913e-19,-4.0388719715131173e-19
-3.733,-5.601063651869711e-19,-4.0901131266900374e-19
-3.732,-5.669891446406907e-19,-4.1420050242963586e-19
-3.731,-5.739563794808503e-19,-4.194555936482389e-19
-3.73,-5.81009104342016e-19,-4.2477742406508334e-19
-3.729,-5.881483665106572e-19,-4.301668420797184e-19
-3.728,-5.953752260795412e-19,-4.356247068867201e-19
-3.727,-6.02690756104007e-19,-4.411518886131691e-19
-3.726,-6.100960427601419e-19,-4.46749268457881e-19
-3.725,-6.175921855048839e-19,-4.524177388324117e-19
-3.724,-6.251802972380731e-19,-4.581582035038592e-19
-3.723,-6.32861504466475e-19,-4.639715777394865e-19
-3.722,-6.40636947469802e-19,-4.698587884531873e-19
-3.721,-6.485077804687542e-19,-4.75820774353819e-19
-3.72,-6.564751717951062e-19,-4.818584860954263e-19
-3.719,-6.645403040638647e-19,-4.879728864293799e-19
-3.718,-6.727043743475204e-19,-4.941649503584543e-19
-3.717,-6.809685943524218e-19,-5.004356652928697e-19
-3.716,-6.8933419059729405e-19,-5.067860312083231e-19
-3.715,-6.978024045939324e-19,-5.132170608060338e-19
-3.714,-7.063744930300928e-19,-5.197297796748292e-19
-3.713,-7.150517279546091e-19,-5.263252264552967e-19
-3.712,-7.2383539696476255e-19,-5.330044530060284e-19
-3.711,-7.327268033959314e-19,-5.397685245719844e-19
-3.71,-7.4172726651354865e-19,-5.466185199550036e-19
-3.709,-7.50838121707394e-19,-5.535555316864871e-19
-3.708,-7.600607206882517e-19,-5.605806662022833e-19
-3.707,-7.693964316869598e-19,-5.676950440198031e-19
-3.706,-7.788466396558813e-19,-5.748997999173925e-19
-3.705,-7.884127464728271e-19,-5.821960831159914e-19
-3.704,-7.980961711474587e-19,-5.895850574631101e-19
-3.703,-8.078983500302026e-19,-5.970679016191493e-19
-3.702,-8.178207370237063e-19,-6.046458092460971e-19
-3.701,-8.278648037968655e-19,-6.123199891986303e-19
-3.7,-8.380320400014556e-19,-6.2009166571765355e-19
-3.699,-8.483239534913982e-19,-6.279620786263049e-19
-3.698,-8.587420705446938e-19,-6.359324835284609e-19
-3.697,-8.692879360880552e-19,-6.440041520097724e-19
-3.696,-8.799631139242706e-19,-6.521783718412636e-19
-3.695,-8.907691869623353e-19,-6.604564471855265e-19
-3.694,-9.017077574503782e-19,-6.688396988055455e-19
-3.693,-9.127804472114248e-19,-6.773294642761829e-19
-3.692,-9.23988897882024e-19,-6.859270981983626e-19
-3.691,-9.353347711537785e-19,-6.946339724159834e-19
-3.69,-9.46819749017812e-19,-7.034514762355987e-19
-3.689,-9.584455340122078e-19,-7.123810166488972e-19
-3.688,-9.702138494724584e-19,-7.214240185580203e-19
-3.687,-9.82126439784957e-19,-7.305819250037525e-19
-3.686,-9.94185070643574e-19,-7.398561973966214e-19
-3.685,-1.0063915293093504e-18,-7.492483157509449e-19
-3.684,-1.0187476248733507e-18,-7.587597789218622e-19
-3.683,-1.0312551885227095e-18,-7.683921048453875e-19
-3.682,-1.0439160738099127e-18,-7.78146830781525e-19
-3.681,-1.056732156925353e-18,-7.880255135604838e-19
-3.68,-1.069705336973197e-18,-7.980297298320319e-19
-3.679,-1.082837536250607e-18,-8.081610763180316e-19
-3.678,-1.0961307005303555e-18,-8.18421170068193e-19
-3.677,-1.1095867993468755e-18,-8.2881164871909075e-19
-3.676,-1.1232078262857868e-18,-8.393341707564829e-19
-3.675,-1.1369957992769413e-18,-8.499904157809748e-19
-3.674,-1.1509527608910308e-18,-8.607820847770718e-19
-3.673,-1.1650807786397966e-18,-8.717109003856622e-19
-3.672,-1.1793819452798906e-18,-8.827786071799748e-19
-3.671,-1.1938583791204265e-18,-8.939869719450579e-19
-3.67,-1.2085122243342688e-18,-9.053377839608184e-19
-3.669,-1.2233456512731052e-18,-9.168328552886753e-19
-3.668,-1.2383608567863458e-18,-9.284740210618652e-19
-3.667,-1.253560064543898e-18,-9.40263139779452e-19
-3.666,-1.268945525362862e-18,-9.522020936040855e-19
-3.665,-1.2845195175381972e-18,-9.642927886635583e-19
-3.664,-1.3002843471774032e-18,-9.765371553562075e-19
-3.663,-1.3162423485392688e-18,-9.889371486602123e-19
-3.662,-1.3323958843767353e-18,-1.0014947484468362e-18
-3.661,-1.3487473462839242e-18,-1.014211959797664e-18
-3.66,-1.365299155047381e-18,-1.0270908133258852e-18
-3.659,-1.3820537610015851e-18,-1.0401333655016749e-18
-3.658,-1.3990136443887783e-18,-1.053341698981724e-18
-3.657,-1.4161813157231614e-18,-1.0667179229429755e-18
-3.656,-1.4335593161595184e-18,-1.0802641734206122e-18
-3.655,-1.4511502178663123e-18,-1.0939826136503605e-18
-3.654,-1.4689566244033167e-18,-1.1078754344151575e-18
-3.653,-1.4869811711038297e-18,-1.1219448543962395e-18
-3.652,-1.5052265254615317e-18,-1.1361931205287108e-18
-3.651,-1.5236953875220388e-18,-1.1506225083616458e-18
-3.65,-1.5423904902792124e-18,-1.1652353224227849e-18
-3.649,-1.56131460007628e-18,-1.180033896587883e-18
-3.648,-1.5804705170118256e-18,-1.195020594454769e-18
-3.647,-1.5998610753507116e-18,-1.2101978097221746e-18
-3.646,-1.619489143939986e-18,-1.2255679665733991e-18
-3.645,-1.639357626629843e-18,-1.2411335200648652e-18
-3.644,-1.6594694626996902e-18,-1.2568969565196324e-18
-3.643,-1.679827627289391e-18,-1.2728607939259298e-18
-3.642,-1.7004351318357394e-18,-1.2890275823407725e-18
-3.641,-1.721295024514235e-18,-1.3053999042987278e-18
-3.64,-1.7424103906862197e-18,-1.321980375225894e-18
-3.639,-1.763784353351439e-18,-1.3387716438591616e-18
-3.638,-1.785420073606102e-18,-1.355776392670823e-18
-3.637,-1.8073207511064933e-18,-1.3729973382985966e-18
-3.636,-1.8294896245382175e-18,-1.39043723198114e-18
-3.635,-1.851929972091136e-18,-1.408098859999117e-18
-3.634,-1.8746451119400654e-18,-1.4259850441218908e-18
-3.633,-1.8976384027313133e-18,-1.444098642059918e-18
-3.632,-1.9209132440751134e-18,-1.4624425479229122e-18
-3.631,-1.9444730770440406e-18,-1.481019692683853e-18
-3.63,-1.9683213846774678e-18,-1.4998330446489155e-18
-3.629,-1.992461692492149e-18,-1.5188856099333928e-18
-3.628,-2.0168975689989938e-18,-1.5381804329436937e-18
-3.627,-2.0416326262261106e-18,-1.557720596865486e-18
-3.626,-2.0666705202481987e-18,-1.577509224158071e-18
-3.625,-2.0920149517223594e-18,-1.5975494770550618e-18
-3.624,-2.1176696664304084e-18,-1.6178445580714528e-18
-3.623,-2.1436384558277648e-18,-1.6383977105171566e-18
-3.622,-2.1699251575990015e-18,-1.6592122190170924e-18
-3.621,-2.196533656220129e-18,-1.6802914100379125e-18
-3.62,-2.223467883527704e-18,-1.7016386524214465e-18
-3.619,-2.2507318192948375e-18,-1.7232573579249527e-18
-3.618,-2.278329491814187e-18,-1.7451509817682633e-18
-3.617,-2.306264978488025e-18,-1.7673230231879093e-18
-3.616,-2.334542406425455e-18,-1.789777025998317e-18
-3.615,-2.3631659530468767e-18,-1.8125165791601625e-18
-3.614,-2.392139846695777e-18,-1.8355453173559823e-18
-3.613,-2.4214683672579396e-18,-1.8588669215731237e-18
-3.612,-2.451155846788164e-18,-1.882485119694137e-18
-3.611,-2.481206670144582e-18,-1.9064036870946982e-18
-3.61,-2.511625275630664e-18,-1.9306264472491645e-18
-3.609,-2.542416155645011e-18,-1.9551572723438533e-18
-3.608,-2.573583857339021e-18,-1.9800000838981474e-18
-3.607,-2.6051329832825304e-18,-2.005158853393528e-18
-3.606,-2.6370681921375246e-18,-2.0306376029106318e-18
-3.605,-2.6693941993400117e-18,-2.056440405774438e-18
-3.604,-2.7021157777901646e-18,-2.0825713872076875e-18
-3.603,-2.735237758550828e-18,-2.1090347249926425e-18
-3.602,-2.7687650315544886e-18,-2.1358346501412887e-18
-3.601,-2.802702546318816e-18,-2.1629754475740884e-18
-3.6,-2.8370553126708747e-18,-2.1904614568073994e-18
-3.599,-2.8718284014801125e-18,-2.218297072649662e-18
-3.598,-2.907026945400231e-18,-2.246486745906472e-18
-3.597,-2.9426561396200468e-18,-2.2750349840946526e-18
-3.596,-2.978721242623449e-18,-2.3039463521654347e-18
-3.595,-3.015227576958568e-18,-2.3332254732368718e-18
-3.594,-3.0521805300162604e-18,-2.362877029335596e-18
-3.593,-3.089585554818029e-18,-2.3929057621480443e-18
-3.592,-3.127448170813485e-18,-2.4233164737812707e-18
-3.591,-3.165773964687474e-18,-2.454114027533466e-18
-3.59,-3.2045685911769793e-18,-2.485303348674313e-18
-3.589,-3.24383777389792e-18,-2.5168894252353e-18
-3.588,-3.283587306181963e-18,-2.548877308810122e-18
-3.587,-3.3238230519234764e-18,-2.5812721153652934e-18
-3.586,-3.364550946436734e-18,-2.6140790260611094e-18
-3.585,-3.405776997323508e-18,-2.647303288083084e-18
-3.584,-3.447507285351165e-18,-2.6809502154839988e-18
-3.583,-3.4897479653414004e-18,-2.7150251900366987e-18
-3.582,-3.532505267069731e-18,-2.749533662097774e-18
-3.581,-3.575785496175885e-18,-2.7844811514822608e-18
-3.58,-3.619595035085211e-18,-2.8198732483495122e-18
-3.579,-3.663940343941249e-18,-2.8557156141003682e-18
-3.578,-3.708827961549589e-18,-2.892013982285784e-18
-3.577,-3.754264506333159e-18,-2.9287741595270496e-18
-3.576,-3.800256677299081e-18,-2.9660020264477587e-18
-3.575,-3.846811255017225e-18,-3.00370353861767e-18
-3.574,-3.893935102610624e-18,-3.0418847275086185e-18
-3.573,-3.941635166757859e-18,-3.0805517014626246e-18
-3.572,-3.9899184787075934e-18,-3.1197106466723638e-18
-3.571,-4.038792155305384e-18,-3.1593678281741473e-18
-3.57,-4.088263400032915e-18,-3.199529590853582e-18
-3.569,-4.138339504059816e-18,-3.2402023604640616e-18
-3.568,-4.189027847308211e-18,-3.2813926446582617e-18
-3.567,-4.240335899530144e-18,-3.3231070340328004e-18
-3.566,-4.2922712213980526e-18,-3.365352203186234e-18
-3.565,-4.34484146560843e-18,-3.408134911790557e-18
-3.564,-4.3980543779988496e-18,-3.451462005676379e-18
-3.563,-4.451917798678496e-18,-3.495340417931957e-18
-3.562,-4.5064396631723886e-18,-3.5397771700162505e-18
-3.561,-4.5616280035794354e-18,-3.584779372886194e-18
-3.56,-4.6174909497445106e-18,-3.630354228138351e-18
-3.559,-4.674036730444702e-18,-3.676509029165142e-18
-3.558,-4.731273674589915e-18,-3.723251162325843e-18
-3.557,-4.789210212437998e-18,-3.7705881081325164e-18
-3.556,-4.8478548768245726e-18,-3.8185274424510945e-18
-3.555,-4.9072163044077294e-18,-3.867076837717787e-18
-3.554,-4.967303236927786e-18,-3.916244064171022e-18
-3.553,-5.0281245224822845e-18,-3.966036991099112e-18
-3.552,-5.089689116816402e-18,-4.016463588103846e-18
-3.551,-5.152006084628971e-18,-4.067531926380215e-18
-3.55,-5.215084600894299e-18,-4.1192501800124794e-18
-3.549,-5.2789339521999596e-18,-4.171626627286767e-18
-3.548,-5.3435635381007776e-18,-4.22466965202045e-18
-3.547,-5.40898287248917e-18,-4.278387744908472e-18
-3.546,-5.475201584982069e-18,-4.3327895048868796e-18
-3.545,-5.542229422324605e-18,-4.387883640513754e-18
-3.544,-5.610076249810768e-18,-4.443678971367772e-18
-3.543,-5.678752052721235e-18,-4.500184429464626e-18
-3.542,-5.748266937778588e-18,-4.557409060691528e-18
-3.541,-5.818631134620121e-18,-4.61536202626002e-18
-3.54,-5.889854997288445e-18,-4.674052604177345e-18
-3.539,-5.96194900574012e-18,-4.733490190736596e-18
-3.538,-6.034923767372514e-18,-4.793684302025886e-18
-3.537,-6.108790018569119e-18,-4.854644575456801e-18
-3.536,-6.183558626263542e-18,-4.916380771312352e-18
-3.535,-6.259240589522402e-18,-4.978902774314702e-18
-3.534,-6.3358470411473484e-18,-5.042220595212899e-18
-3.533,-6.413389249296442e-18,-5.106344372390896e-18
-3.532,-6.4918786191251325e-18,-5.1712843734960845e-18
-3.531,-6.571326694447055e-18,-5.237050997088636e-18
-3.53,-6.6517451594148986e-18,-5.303654774311895e-18
-3.529,-6.733145840221584e-18,-5.371106370584102e-18
-3.528,-6.815540706821989e-18,-5.439416587311717e-18
-3.527,-6.898941874675479e-18,-5.508596363624619e-18
-3.526,-6.983361606509482e-18,-5.578656778133465e-18
-3.525,-7.068812314104371e-18,-5.649609050709481e-18
-3.524,-7.155306560099907e-18,-5.72146454428699e-18
-3.523,-7.242857059823496e-18,-5.794234766688941e-18
-3.522,-7.331476683140533e-18,-5.8679313724757646e-18
-3.521,-7.421178456327088e-18,-5.942566164817825e-18
-3.52,-7.511975563965215e-18,-6.018151097391785e-18
-3.519,-7.603881350861141e-18,-6.094698276301192e-18
-3.518,-7.696909323986625e-18,-6.172219962021577e-18
-3.517,-7.791073154443754e-18,-6.250728571370403e-18
-3.516,-7.886386679453471e-18,-6.3302366795021616e-18
-3.515,-7.982863904368098e-18,-6.4107570219289496e-18
-3.514,-8.080519004708174e-18,-6.492302496566848e-18
-3.513,-8.179366328223866e-18,-6.574886165808429e-18
-3.512,-8.279420396981287e-18,-6.658521258621736e-18
-3.511,-8.380695909473972e-18,-6.743221172676059e-18
-3.51,-8.483207742759866e-18,-6.828999476494864e-18
-3.509,-8.586970954624096e-18,-6.915869911636212e-18
-3.508,-8.692000785767844e-18,-7.003846394901024e-18
-3.507,-8.798312662023645e-18,-7.092943020569544e-18
-3.506,-8.905922196597419e-18,-7.183174062666368e-18
-3.505,-9.014845192337552e-18,-7.274553977254392e-18
-3.504,-9.125097644031375e-18,-7.36709740475806e-18
-3.503,-9.236695740729342e-18,-7.460819172316284e-18
-3.502,-9.349655868097252e-18,-7.555734296165406e-18
-3.501,-9.463994610796863e-18,-7.651857984052595e-18
-3.5,-9.579728754895211e-18,-7.749205637680071e-18
-3.499,-9.696875290303017e-18,-7.847792855180537e-18
-3.498,-9.815451413242496e-18,-7.947635433624234e-18
-3.497,-9.93547452874494e-18,-8.048749371558004e-18
-3.496,-1.0056962253178428e-17,-8.151150871576788e-18
-3.495,-1.0179932416806032e-17,-8.254856342927965e-18
-3.494,-1.0304403066374865e-17,-8.359882404148952e-18
-3.493,-1.0430392467736373e-17,-8.466245885738488e-18
-3.492,-1.0557919108498214e-17,-8.57396383286204e-18
-3.491,-1.0687001700708124e-17,-8.683053508091756e-18
-3.49,-1.0817659183570149e-17,-8.793532394181424e-18
-3.489,-1.0949910726193629e-17,-8.905418196876854e-18
-3.488,-1.1083775730375329e-17,-9.018728847762178e-18
-3.487,-1.1219273833415114e-17,-9.133482507142485e-18
-3.486,-1.1356424910965577e-17,-9.249697566963279e-18
-3.485,-1.1495249079916011e-17,-9.367392653767234e-18
-3.484,-1.1635766701311164e-17,-9.486586631688701e-18
-3.483,-1.1777998383305168e-17,-9.607298605486478e-18
-3.482,-1.1921964984151074e-17,-9.729547923615297e-18
-3.481,-1.2067687615226432e-17,-9.853354181336562e-18
-3.48,-1.2215187644095332e-17,-9.978737223868811e-18
-3.479,-1.2364486697607346e-17,-1.0105717149578413e-17
-3.478,-1.2515606665033825e-17,-1.0234314313211038e-17
-3.477,-1.266856970124199e-17,-1.0364549329164377e-17
-3.476,-1.282339822990727e-17,-1.0496443074802695e-17
-3.475,-1.2980114946764347e-17,-1.0630016693813695e-17
-3.474,-1.313874282289738e-17,-1.076529159960828e-17
-3.473,-1.3299305108069869e-17,-1.0902289478763726e-17
-3.472,-1.3461825334094633e-17,-1.1041032294510859e-17
-3.471,-1.3626327318244388e-17,-1.1181542290265745e-17
-3.47,-1.3792835166703425e-17,-1.1323841993206525e-17
-3.469,-1.3961373278060844e-17,-1.1467954217895912e-17
-3.468,-1.4131966346845885e-17,-1.1613902069949985e-17
-3.467,-1.430463936710583e-17,-1.1761708949753834e-17
-3.466,-1.447941763602701e-17,-1.1911398556224676e-17
-3.465,-1.4656326757599408e-17,-1.2062994890623026e-17
-3.464,-1.48353926463254e-17,-1.2216522260412588e-17
-3.463,-1.5016641530973167e-17,-1.237200528316941e-17
-3.462,-1.520009995837528e-17,-1.2529468890541011e-17
-3.461,-1.538579479727306e-17,-1.2688938332256065e-17
-3.46,-1.5573753242207192e-17,-1.2850439180185317e-17
-3.459,-1.57640028174552e-17,-1.3013997332454368e-17
-3.458,-1.5956571381016308e-17,-1.3179639017609005e-17
-3.457,-1.6151487128644303e-17,-1.3347390798833747e-17
-3.456,-1.6348778597928915e-17,-1.3517279578224267e-17
-3.455,-1.6548474672426334e-17,-1.3689332601114418e-17
-3.454,-1.6750604585839452e-17,-1.3863577460458509e-17
-3.453,-1.6955197926248403e-17,-1.4040042101269597e-17
-3.452,-1.7162284640392043e-17,-1.4218754825114448e-17
-3.451,-1.7371895038000918e-17,-1.4399744294665952e-17
-3.45,-1.758405979618241e-17,-1.4583039538313672e-17
-3.449,-1.7798809963858636e-17,-1.4768669954833313e-17
-3.448,-1.8016176966257734e-17,-1.4956665318115833e-17
-3.447,-1.823619260945921e-17,-1.5147055781956992e-17
-3.446,-1.8458889084993967e-17,-1.533987188490806e-17
-3.445,-1.8684298974499647e-17,-1.553514455518854e-17
-3.444,-1.891245525443202e-17,-1.5732905115661596e-17
-3.443,-1.9143391300833008e-17,-1.593318528887312e-17
-3.442,-1.9377140894156093e-17,-1.6136017202155108e-17
-3.441,-1.9613738224149735e-17,-1.6341433392794296e-17
-3.44,-1.9853217894799555e-17,-1.6549466813266793e-17
-3.439,-2.0095614929329927e-17,-1.6760150836539604e-17
-3.438,-2.0340964775265728e-17,-1.69735192614399e-17
-3.437,-2.058930330955497e-17,-1.7189606318092885e-17
-3.436,-2.0840666843753016e-17,-1.740844667342911e-17
-3.435,-2.1095092129269125e-17,-1.7630075436762206e-17
-3.434,-2.1352616362676083e-17,-1.785452816543783e-17
-3.433,-2.1613277191083687e-17,-1.8081840870554827e-17
-3.432,-2.187711271757679e-17,-1.8312050022759466e-17
-3.431,-2.2144161506718746e-17,-1.8545192558113713e-17
-3.43,-2.2414462590121005e-17,-1.8781305884038498e-17
-3.429,-2.2688055472079653e-17,-1.9020427885332904e-17
-3.428,-2.2964980135279675e-17,-1.9262596930270262e-17
-3.427,-2.324527704656781e-17,-1.9507851876772158e-17
-3.426,-2.3528987162794754e-17,-1.9756232078661314e-17
-3.425,-2.3816151936727593e-17,-2.0007777391994357e-17
-3.424,-2.410681332303325e-17,-2.0262528181475522e-17
-3.423,-2.440101378433386e-17,-2.0520525326952298e-17
-3.422,-2.4698796297334875e-17,-2.0781810229994073e-17
-3.421,-2.5000204359026796e-17,-2.1046424820554846e-17
-3.42,-2.530528199296144e-17,-2.1314411563721063e-17
-3.419,-2.561407375560355e-17,-2.158581346654569e-17
-3.418,-2.592662474275874e-17,-2.1860674084969598e-17
-3.417,-2.6242980596078644e-17,-2.21390375308314e-17
-3.416,-2.6563187509644185e-17,-2.242094847896686e-17
-3.415,-2.6887292236627908e-17,-2.2706452174399015e-17
-3.414,-2.721534209603633e-17,-2.299559443962017e-17
-3.413,-2.754738497953326e-17,-2.3288421681966968e-17
-3.412,-2.7883469358345045e-17,-2.358498090108967e-17
-3.411,-2.8223644290248725e-17,-2.3885319696516914e-17
-3.41,-2.85679594266441e-17,-2.4189486275317106e-17
-3.409,-2.891646501971067e-17,-2.4497529459857748e-17
-3.408,-2.926921192965058e-17,-2.4809498695663893e-17
-3.407,-2.96262516320184e-17,-2.5125444059377052e-17
-3.406,-2.998763622513896e-17,-2.5445416266815762e-17
-3.405,-3.035341843761418e-17,-2.576946668113921e-17
-3.404,-3.072365163592005e-17,-2.6097647321115137e-17
-3.403,-3.109838983209473e-17,-2.6430010869493448e-17
-3.402,-3.1477687691518953e-17,-2.6766610681486763e-17
-3.401,-3.1861600540789736e-17,-2.7107500793359408e-17
-3.4,-3.225018437568864e-17,-2.7452735931126132e-17
-3.399,-3.26434958692456e-17,-2.7802371519362e-17
-3.398,-3.304159237989947e-17,-2.815646369012485e-17
-3.397,-3.344453195975656e-17,-2.851506929199183e-17
-3.396,-3.385237336294813e-17,-2.8878245899211344e-17
-3.395,-3.426517605408825e-17,-2.924605182097203e-17
-3.394,-3.4683000216833013e-17,-2.961854611079012e-17
-3.393,-3.510590676254248e-17,-2.999578857601685e-17
-3.392,-3.553395733904645e-17,-3.03778397874673e-17
-3.391,-3.5967214339515414e-17,-3.076476108917233e-17
-3.39,-3.6405740911437834e-17,-3.115661460825516e-17
-3.389,-3.6849600965705094e-17,-3.15534632649341e-17
-3.388,-3.72988591858054e-17,-3.1955370782653237e-17
-3.387,-3.775358103712786e-17,-3.2362401698342467e-17
-3.386,-3.8213832776378166e-17,-3.2774621372808745e-17
-3.385,-3.867968146110711e-17,-3.319209600126011e-17
-3.384,-3.9151194959353344e-17,-3.361489262396418e-17
-3.383,-3.9628441959401695e-17,-3.404307913704293e-17
-3.382,-4.011149197965848e-17,-3.447672430340539e-17
-3.381,-4.060041537864515e-17,-3.4915897763820066e-17
-3.38,-4.109528336511172e-17,-3.536067004812892e-17
-3.379,-4.159616800827134e-17,-3.581111258660462e-17
-3.378,-4.2103142248157596e-17,-3.626729772145297e-17
-3.377,-4.261627990610581e-17,-3.672929871846238e-17
-3.376,-4.3135655695360017e-17,-3.7197189778802145e-17
-3.375,-4.366134523180691e-17,-3.767104605097164e-17
-3.374,-4.419342504483848e-17,-3.81509436429021e-17
-3.373,-4.4731972588344715e-17,-3.863695963421322e-17
-3.372,-4.527706625183797e-17,-3.912917208862627e-17
-3.371,-4.5828785371710606e-17,-3.9627660066536e-17
-3.37,-4.638721024262744e-17,-4.013250363774309e-17
-3.369,-4.695242212905461e-17,-4.064378389434948e-17
-3.368,-4.752450327692655e-17,-4.116158296381843e-17
-3.367,-4.810353692545263e-17,-4.1685984022201516e-17
-3.366,-4.8689607319065124e-17,-4.221707130753474e-17
-3.365,-4.9282799719510316e-17,-4.2754930133405825e-17
-3.364,-4.9883200418084274e-17,-4.32996469026949e-17
-3.363,-5.0490896748015175e-17,-4.385130912149091e-17
-3.362,-5.110597709699377e-17,-4.4410005413185783e-17
-3.361,-5.172853091985388e-17,-4.497582553274883e-17
-3.36,-5.235864875140466e-17,-4.5548860381183596e-17
-3.359,-5.2996422219416426e-17,-4.6129202020169455e-17
-3.358,-5.3641944057761863e-17,-4.6716943686890406e-17
-3.357,-5.429530811971455e-17,-4.731217980905338e-17
-3.356,-5.4956609391406505e-17,-4.7915006020098516e-17
-3.355,-5.562594400544685e-17,-4.8525519174603916e-17
-3.354,-5.630340925470333e-17,-4.9143817363887214e-17
-3.353,-5.698910360624875e-17,-4.976999993180664e-17
-3.352,-5.768312671547422e-17,-5.040416749076406e-17
-3.351,-5.838557944037117e-17,-5.1046421937912547e-17
-3.35,-5.90965638559843e-17,-5.169686647157113e-17
-3.349,-5.981618326903728e-17,-5.235560560784942e-17
-3.348,-6.054454223273335e-17,-5.302274519748466e-17
-3.347,-6.128174656173304e-17,-5.369839244289406e-17
-3.346,-6.202790334731083e-17,-5.438265591544509e-17
-3.345,-6.278312097269307e-17,-5.5075645572946577e-17
-3.344,-6.354750912857937e-17,-5.57774727773633e-17
-3.343,-6.432117882884943e-17,-5.648825031275715e-17
-3.342,-6.510424242645762e-17,-5.720809240345748e-17
-3.341,-6.58968136295177e-17,-5.793711473246397e-17
-3.34,-6.66990075175796e-17,-5.867543446008445e-17
-3.339,-6.75109405581009e-17,-5.942317024281116e-17
-3.338,-6.833273062311501e-17,-6.018044225243834e-17
-3.337,-6.91644970060986e-17,-6.094737219542405e-17
-3.336,-7.000636043904065e-17,-6.172408333249963e-17
-3.335,-7.085844310971526e-17,-6.25107004985298e-17
-3.334,-7.172086867916102e-17,-6.330735012262662e-17
-3.333,-7.259376229936904e-17,-6.411416024852065e-17
-3.332,-7.34772506311824e-17,-6.49312605551924e-17
-3.331,-7.43714618624093e-17,-6.57587823777677e-17
-3.33,-7.527652572615261e-17,-6.659685872868e-17
-3.329,-7.619257351935831e-17,-6.74456243191034e-17
-3.328,-7.711973812158546e-17,-6.830521558065954e-17
-3.327,-7.805815401400027e-17,-6.917577068740201e-17
-3.326,-7.900795729859702e-17,-7.005742957808188e-17
-3.325,-7.996928571764836e-17,-7.095033397869779e-17
-3.324,-8.094227867338803e-17,-7.185462742533439e-17
-3.323,-8.19270772479283e-17,-7.27704552872927e-17
-3.322,-8.292382422341534e-17,-7.369796479051623e-17
-3.321,-8.393266410242509e-17,-7.463730504131646e-17
-3.32,-8.495374312860264e-17,-7.558862705040187e-17
-3.319,-8.598720930754774e-17,-7.655208375721389e-17
-3.318,-8.70332124279498e-17,-7.75278300545742e-17
-3.317,-8.809190408297492e-17,-7.851602281364696e-17
-3.316,-8.91634376919081e-17,-7.951682090922034e-17
-3.315,-9.024796852205378e-17,-8.053038524531107e-17
-3.314,-9.134565371089751e-17,-8.155687878109653e-17
-3.313,-9.24566522885321e-17,-8.259646655717825e-17
-3.312,-9.35811252003512e-17,-8.36493157221812e-17
-3.311,-9.47192353300136e-17,-8.471559555969315e-17
-3.31,-9.587114752268141e-17,-8.579547751554853e-17
-3.309,-9.703702860853527e-17,-8.688913522546098e-17
-3.308,-9.821704742657019e-17,-8.799674454300924e-17
-3.307,-9.941137484867482e-17,-8.911848356798087e-17
-3.306,-1.0062018380399813e-16,-9.025453267507832e-17
-3.305,-1.0184364930360634e-16,-9.140507454299197e-17
-3.304,-1.0308194846543392e-16,-9.257029418384497e-17
-3.303,-1.0433526053953193e-16,-9.375037897301438e-17
-3.302,-1.056037669336174e-16,-9.494551867933379e-17
-3.301,-1.0688765123892712e-16,-9.615590549568194e-17
-3.3,-1.0818709925637956e-16,-9.738173406996243e-17
-3.299,-1.095022990230486e-16,-9.862320153647956e-17
-3.298,-1.1083344083895261e-16,-9.988050754771541e-17
-3.297,-1.1218071729416287e-16,-1.0115385430651297e-16
-3.296,-1.135443232962347e-16,-1.0244344659867098e-16
-3.295,-1.1492445609796573e-16,-1.0374949182595541e-16
-3.294,-1.1632131532548442e-16,-1.0507220003953302e-16
-3.293,-1.177351030066734e-16,-1.064117839738324e-16
-3.292,-1.1916602359993134e-16,-1.0776845908083793e-16
-3.291,-1.206142840232772e-16,-1.0914244356482225e-16
-3.29,-1.220800936838011e-16,-1.1053395841752278e-16
-3.289,-1.2356366450746605e-16,-1.11943227453768e-16
-3.288,-1.2506521096926415e-16,-1.1337047734755935e-16
-3.287,-1.265849501237322e-16,-1.1481593766861416e-16
-3.286,-1.2812310163583018e-16,-1.1627984091937633e-16
-3.285,-1.296798878121878e-16,-1.1776242257249967e-16
-3.284,-1.3125553363272234e-16,-1.1926392110881088e-16
-3.283,-1.3285026678263334e-16,-1.2078457805575793e-16
-3.282,-1.3446431768477776e-16,-1.2232463802634968e-16
-3.281,-1.3609791953243035e-16,-1.2388434875859386e-16
-3.28,-1.3775130832243404e-16,-1.25463961155439e-16
-3.279,-1.3942472288874463e-16,-1.2706372932522717e-16
-3.278,-1.411184049363745e-16,-1.2868391062266402e-16
-3.277,-1.4283259907574007e-16,-1.3032476569031253e-16
-3.276,-1.4456755285741813e-16,-1.3198655850061743e-16
-3.275,-1.4632351680731508e-16,-1.3366955639846697e-16
-3.274,-1.481007444622549e-16,-1.353740301442988e-16
-3.273,-1.4989949240598987e-16,-1.3710025395775712e-16
-3.272,-1.5172002030564e-16,-1.388485055619081e-16
-3.271,-1.5356259094856518e-16,-1.4061906622802046e-16
-3.27,-1.554274702796762e-16,-1.4241222082091888e-16
-3.269,-1.5731492743918894e-16,-1.4422825784491718e-16
-3.268,-1.592252348008276e-16,-1.4606746949033885e-16
-3.267,-1.6115866801048183e-16,-1.479301516806325e-16
-3.266,-1.6311550602532341e-16,-1.4981660412008974e-16
-3.265,-1.6509603115338785e-16,-1.517271303421731e-16
-3.264,-1.6710052909362606e-16,-1.5366203775846213e-16
-3.263,-1.6912928897643235e-16,-1.5562163770822521e-16
-3.262,-1.711826034046535e-16,-1.576062455086252e-16
-3.261,-1.7326076849508533e-16,-1.5961618050556721e-16
-3.26,-1.753640839204621e-16,-1.6165176612519656e-16
-3.259,-1.7749285295194463e-16,-1.6371332992605506e-16
-3.258,-1.7964738250211304e-16,-1.658012036519043e-16
-3.257,-1.8182798316847026e-16,-1.6791572328522463e-16
-3.256,-1.8403496927746183e-16,-1.7005722910139785e-16
-3.255,-1.862686589290187e-16,-1.7222606572358302e-16
-3.254,-1.8852937404162866e-16,-1.744225821782939e-16
-3.253,-1.9081744039794293e-16,-1.7664713195168706e-16
-3.252,-1.931331876909242e-16,-1.7890007304656972e-16
-3.251,-1.9547694957054238e-16,-1.8118176804013666e-16
-3.25,-1.9784906369102458e-16,-1.8349258414244543e-16
-3.249,-2.002498717586658e-16,-1.858328932556392e-16
-3.248,-2.0267971958020713e-16,-1.8820307203392695e-16
-3.247,-2.051389571117878e-16,-1.9060350194433083e-16
-3.246,-2.076279385084782e-16,-1.9303456932821004e-16
-3.245,-2.101470221744004e-16,-1.9549666546357163e-16
-3.244,-2.126965708134433e-16,-1.9799018662817807e-16
-3.243,-2.1527695148057946e-16,-2.0051553416346184e-16
-3.242,-2.1788853563379027e-16,-2.030731145392572e-16
-3.241,-2.2053169918660727e-16,-2.0566333941935995e-16
-3.24,-2.2320682256127626e-16,-2.0828662572792527e-16
-3.239,-2.25914290742552e-16,-2.109433957167149e-16
-3.238,-2.2865449333213053e-16,-2.1363407703320417e-16
-3.237,-2.3142782460372696e-16,-2.1635910278955982e-16
-3.236,-2.3423468355880606e-16,-2.1911891163250006e-16
-3.235,-2.370754739829734e-16,-2.21913947814048e-16
-3.234,-2.39950604503035e-16,-2.2474466126318973e-16
-3.233,-2.4286048864473324e-16,-2.276115076584489e-16
-3.232,-2.4580554489116634e-16,-2.3051494850138917e-16
-3.231,-2.487861967419009e-16,-2.3345545119105694e-16
-3.23,-2.5180287277278435e-16,-2.364334890993756e-16
-3.229,-2.5485600669646573e-16,-2.3944954164750436e-16
-3.228,-2.5794603742363393e-16,-2.4250409438317334e-16
-3.227,-2.61073409124981e-16,-2.455976390590076e-16
-3.226,-2.6423857129389897e-16,-2.4873067371185274e-16
-3.225,-2.6744197880991985e-16,-2.519037027431152e-16
-3.224,-2.7068409200290644e-16,-2.5511723700012956e-16
-3.223,-2.7396537671800286e-16,-2.583717938585669e-16
-3.222,-2.772863043813547e-16,-2.616678973058963e-16
-3.221,-2.806473520666067e-16,-2.6500607802591425e-16
-3.22,-2.840490025621876e-16,-2.6838687348435496e-16
-3.219,-2.8749174443939165e-16,-2.7181082801559517e-16
-3.218,-2.909760721212653e-16,-2.7527849291046803e-16
-3.217,-2.945024859523095e-16,-2.787904265051998e-16
-3.216,-2.980714922690067e-16,-2.823471942714842e-16
-3.215,-3.0168360347118204e-16,-2.8594936890770814e-16
-3.214,-3.0533933809420895e-16,-2.8959753043134467e-16
-3.213,-3.0903922088206875e-16,-2.9329226627252697e-16
-3.212,-3.127837828612745e-16,-2.9703417136881937e-16
-3.211,-3.16573561415669e-16,-3.0082384826120016e-16
-3.21,-3.204091003621074e-16,-3.0466190719127175e-16
-3.209,-3.2429095002703467e-16,-3.085489661997144e-16
-3.208,-3.2821966732396864e-16,-3.1248565122599853e-16
-3.207,-3.321958158318986e-16,-3.164725962093726e-16
-3.206,-3.362199658746113e-16,-3.2051044319114226e-16
-3.205,-3.4029269460095393e-16,-3.245998424182575e-16
-3.204,-3.4441458606604624e-16,-3.287414524482245e-16
-3.203,-3.485862313134519e-16,-3.329359402553596e-16
-3.202,-3.5280822845832127e-16,-3.3718398133840105e-16
-3.201,-3.570811827715163e-16,-3.414862598294984e-16
-3.2,-3.614057067647292e-16,-3.4584346860459443e-16
-3.199,-3.6578242027660674e-16,-3.502563093952194e-16
-3.198,-3.7021195055989186e-16,-3.547254929017149e-16
-3.197,-3.746949323695943e-16,-3.592517389079054e-16
-3.196,-3.7923200805220287e-16,-3.638357763972369e-16
-3.195,-3.8382382763595026e-16,-3.684783436703998e-16
-3.194,-3.8847104892214487e-16,-3.7318018846445745e-16
-3.193,-3.931743375775799e-16,-3.779420680734968e-16
-3.192,-3.979343672280334e-16,-3.8276474947082285e-16
-3.191,-4.0275181955287266e-16,-3.876490094327156e-16
-3.19,-4.076273843807743e-16,-3.925956346637697e-16
-3.189,-4.125617597865743e-16,-3.9760542192383695e-16
-3.188,-4.1755565218926085e-16,-4.0267917815659237e-16
-3.187,-4.226097764511236e-16,-4.078177206197444e-16
-3.186,-4.2772485597807204e-16,-4.1302187701691047e-16
-3.185,-4.329016228211379e-16,-4.1829248563117864e-16
-3.184,-4.381408177791741e-16,-4.236303954603782e-16
-3.183,-4.434431905027658e-16,-4.290364663540792e-16
-3.182,-4.488094995993657e-16,-4.3451156915234494e-16
-3.181,-4.542405127396704e-16,-4.4005658582625835e-16
-3.18,-4.597370067652493e-16,-4.456724096202458e-16
-3.179,-4.652997677974438e-16,-4.51359945196221e-16
-3.178,-4.709295913475493e-16,-4.571201087795723e-16
-3.177,-4.766272824282965e-16,-4.629538283070174e-16
-3.176,-4.823936556666456e-16,-4.688620435763483e-16
-3.175,-4.882295354179105e-16,-4.748457063980915e-16
-3.174,-4.941357558812276e-16,-4.809057807491086e-16
-3.173,-5.0011316121638415e-16,-4.870432429281598e-16
-3.172,-5.061626056620244e-16,-4.932590817134584e-16
-3.171,-5.122849536552463e-16,-4.995542985222389e-16
-3.17,-5.18481079952608e-16,-5.059299075723673e-16
-3.169,-5.247518697525594e-16,-5.123869360460165e-16
-3.168,-5.310982188193144e-16,-5.189264242554365e-16
-3.167,-5.375210336081823e-16,-5.255494258108434e-16
-3.166,-5.440212313923749e-16,-5.32257007790457e-16
-3.165,-5.505997403913056e-16,-5.390502509127111e-16
-3.164,-5.572574999003991e-16,-5.459302497106675e-16
-3.163,-5.639954604224284e-16,-5.528981127086608e-16
-3.162,-5.708145838003978e-16,-5.59954962601201e-16
-3.161,-5.777158433519893e-16,-5.671019364341656e-16
-3.16,-5.847002240055898e-16,-5.743401857883075e-16
-3.159,-5.917687224379205e-16,-5.81670876965111e-16
-3.158,-5.989223472132827e-16,-5.890951911750243e-16
-3.157,-6.061621189244436e-16,-5.966143247280989e-16
-3.156,-6.134890703351765e-16,-6.042294892270676e-16
-3.155,-6.209042465244796e-16,-6.119419117628916e-16
-3.154,-6.284087050324884e-16,-6.197528351128082e-16
-3.153,-6.360035160081039e-16,-6.276635179409123e-16
-3.152,-6.436897623583569e-16,-6.356752350013013e-16
-3.151,-6.514685398995267e-16,-6.437892773438202e-16
-3.15,-6.593409575100365e-16,-6.520069525224365e-16
-3.149,-6.673081372851446e-16,-6.603295848062802e-16
-3.148,-6.753712146934543e-16,-6.687585153933834e-16
-3.147,-6.835313387352612e-16,-6.772951026271526e-16
-3.146,-6.91789672102761e-16,-6.859407222156107e-16
-3.145,-7.001473913421393e-16,-6.946967674534412e-16
-3.144,-7.086056870175644e-16,-7.035646494468732e-16
-3.143,-7.171657638771061e-16,-7.125457973414429e-16
-3.142,-7.258288410206022e-16,-7.216416585526665e-16
-3.141,-7.345961520694964e-16,-7.308536989996643e-16
-3.14,-7.434689453386688e-16,-7.401834033417725e-16
-3.139,-7.524484840102843e-16,-7.496322752181802e-16
-3.138,-7.615360463096801e-16,-7.592018374906325e-16
-3.137,-7.707329256833181e-16,-7.688936324892362e-16
-3.136,-7.800404309788242e-16,-7.787092222614096e-16
-3.135,-7.894598866271407e-16,-7.886501888240166e-16
-3.134,-7.989926328268147e-16,-7.987181344187243e-16
-3.133,-8.086400257304481e-16,-8.089146817706274e-16
-3.132,-8.18403437633334e-16,-8.192414743501794e-16
-3.131,-8.282842571643056e-16,-8.297001766384739e-16
-3.13,-8.382838894788225e-16,-8.402924743959185e-16
-3.129,-8.484037564543193e-16,-8.510200749343449e-16
-3.128,-8.586452968878464e-16,-8.618847073925988e-16
-3.127,-8.690099666960251e-16,-8.728881230156543e-16
-3.126,-8.794992391173469e-16,-8.8403209543729795e-16
-3.125,-8.901146049168432e-16,-8.953184209664278e-16
-3.124,-9.008575725931523e-16,-9.067489188770145e-16
-3.123,-9.117296685880131e-16,-9.183254317017695e-16
-3.122,-9.22732437498212e-16,-9.300498255295704e-16
-3.121,-9.338674422900115e-16,-9.419239903066888e-16
-3.12,-9.451362645160913e-16,-9.53949840141871e-16
-3.119,-9.565405045350283e-16,-9.661293136153206e-16
-3.118,-9.680817817333457e-16,-9.784643740916315e-16
-3.117,-9.79761734750164e-16,-9.909570100367248e-16
-3.116,-9.915820217044776e-16,-1.003609235338837e-15
-3.115,-1.0035443204250944e-15,-1.0164230896336138e-15
-3.114,-1.0156503286832645e-15,-1.0294006386333632e-15
-3.113,-1.027901764428031e-15,-1.0425439744605162e-15
-3.112,-1.040300366024334e-15,-1.0558552159853544e-15
-3.111,-1.0528478924939003e-15,-1.069336509168056e-15
-3.11,-1.0655461237589487e-15,-1.0829900274051155e-15
-3.109,-1.0783968608887482e-15,-1.096817971880195e-15
-3.108,-1.0914019263490555e-15,-1.1108225719194612e-15
-3.107,-1.1045631642544728e-15,-1.1250060853514666e-15
-3.106,-1.117882440623751e-15,-1.1393707988716341e-15
-3.105,-1.131361643638081e-15,-1.1539190284114024e-15
-3.104,-1.1450026839024014e-15,-1.1686531195120915e-15
-3.103,-1.1588074947097596e-15,-1.1835754477035508e-15
-3.102,-1.1727780323087626e-15,-1.1986884188876478e-15
-3.101,-1.1869162761741517e-15,-1.2139944697266627e-15
-3.1,-1.201224229280537e-15,-1.229496068036649e-15
-3.099,-1.2157039183793301e-15,-1.2451957131858248e-15
-3.098,-1.2303573942789096e-15,-1.2610959364980595e-15
-3.097,-1.2451867321280588e-15,-1.2771993016615188e-15
-3.096,-1.2601940317027114e-15,-1.2935084051425376e-15
-3.095,-1.2753814176960447e-15,-1.3100258766047841e-15
-3.094,-1.2907510400119595e-15,-1.3267543793337864e-15
-3.093,-1.3063050740619827e-15,-1.3436966106668842e-15
-3.092,-1.3220457210656367e-15,-1.3608553024286837e-15
-3.091,-1.3379752083543119e-15,-1.3782332213720773e-15
-3.09,-1.3540957896786828e-15,-1.3958331696249058e-15
-3.089,-1.3704097455197122e-15,-1.4136579851423302e-15
-3.088,-1.3869193834032802e-15,-1.431710542164991e-15
-3.087,-1.4036270382184833e-15,-1.4499937516830247e-15
-3.086,-1.4205350725396427e-15,-1.4685105619060153e-15
-3.085,-1.4376458769520684e-15,-1.4872639587389545e-15
-3.084,-1.454961870381619e-15,-1.5062569662642897e-15
-3.083,-1.4724855004281028e-15,-1.525492647230136e-15
-3.082,-1.4902192437025628e-15,-1.5449741035447305e-15
-3.081,-1.5081656061684927e-15,-1.564704476777212e-15
-3.08,-1.5263271234870275e-15,-1.584686948664802e-15
-3.079,-1.5447063613661531e-15,-1.6049247416264732e-15
-3.078,-1.5633059159139854e-15,-1.6254211192831864e-15
-3.077,-1.5821284139961611e-15,-1.6461793869847803e-15
-3.076,-1.6011765135973905e-15,-1.6672028923435977e-15
-3.075,-1.6204529041872183e-15,-1.688495025774938e-15
-3.074,-1.6399603070900427e-15,-1.7100592210444185e-15
-3.073,-1.65970147585944e-15,-1.7318989558223374e-15
-3.072,-1.6796791966568446e-15,-1.7540177522451242e-15
-3.071,-1.699896288634636e-15,-1.7764191774839703e-15
-3.07,-1.7203556043236804e-15,-1.799106844320731e-15
-3.069,-1.7410600300253817e-15,-1.822084411731193e-15
-3.068,-1.7620124862082905e-15,-1.8453555854757976e-15
-3.067,-1.783215927909325e-15,-1.868924118697922e-15
-3.066,-1.8046733451396568e-15,-1.8927938125298066e-15
-3.065,-1.826387763295316e-15,-1.9169685167062347e-15
-3.064,-1.848362243572565e-15,-1.941452130186056e-15
-3.063,-1.8705998833881056e-15,-1.966248601781662e-15
-3.062,-1.893103816804161e-15,-1.991361930796505e-15
-3.061,-1.915877214958502e-15,-2.016796167670775e-15
-3.06,-1.9389232864994674e-15,-2.042555414635329e-15
-3.059,-1.9622452780260345e-15,-2.0686438263739864e-15
-3.058,-1.985846474533002e-15,-2.0950656106942867e-15
-3.057,-2.009730199861341e-15,-2.1218250292068316e-15
-3.056,-2.0338998171537743e-15,-2.1489263980133105e-15
-3.055,-2.0583587293156435e-15,-2.176374088403321e-15
-3.054,-2.083110379481125e-15,-2.2041725275601077e-15
-3.053,-2.1081582514848577e-15,-2.2323261992753157e-15
-3.052,-2.1335058703390376e-15,-2.260839644672891e-15
-3.051,-2.1591568027160516e-15,-2.289717462942233e-15
-3.05,-2.1851146574367086e-15,-2.318964312080726e-15
-3.049,-2.2113830859641287e-15,-2.348584909645759e-15
-3.048,-2.237965782903365e-15,-2.378584033516368e-15
-3.047,-2.2648664865068114e-15,-2.408966522664614e-15
-3.046,-2.292088979185474e-15,-2.4397372779368232e-15
-3.045,-2.319637088026164e-15,-2.47090126284482e-15
-3.044,-2.347514685314688e-15,-2.502463504367275e-15
-3.043,-2.3757256890650953e-15,-2.5344290937612993e-15
-3.042,-2.4042740635550592e-15,-2.5668031873844173e-15
-3.041,-2.4331638198674583e-15,-2.59959100752705e-15
-3.04,-2.4623990164382304e-15,-2.632797843255641e-15
-3.039,-2.4919837596105694e-15,-2.6664290512665647e-15
-3.038,-2.5219222041955376e-15,-2.700490056750952e-15
-3.037,-2.552218554039168e-15,-2.734986354270575e-15
-3.036,-2.5828770625961302e-15,-2.769923508644929e-15
-3.035,-2.613902033510032e-15,-2.8053071558496584e-15
-3.034,-2.6452978212004394e-15,-2.8411430039264705e-15
-3.033,-2.677068831456682e-15,-2.877436833904682e-15
-3.032,-2.7092195220385297e-15,-2.914194500734549e-15
-3.031,-2.7417544032838158e-15,-2.951421934232532e-15
-3.03,-2.7746780387230826e-15,-2.9891251400386437e-15
-3.029,-2.8079950457013356e-15,-3.0273102005860407e-15
-3.028,-2.8417100960069815e-15,-3.065983276083011e-15
-3.027,-2.8758279165080386e-15,-3.105150605507516e-15
-3.026,-2.910353289795693e-15,-3.1448185076144507e-15
-3.025,-2.9452910548352945e-15,-3.1849933819557794e-15
-3.024,-2.980646107624868e-15,-3.225681709913717e-15
-3.023,-3.0164234018612337e-15,-3.2668900557471192e-15
-3.022,-3.0526279496138167e-15,-3.308625067651251e-15
-3.021,-3.089264822006236e-15,-3.3508934788311054e-15
-3.02,-3.1263391499057623e-15,-3.3937021085884446e-15
-3.019,-3.1638561246207307e-15,-3.4370578634227384e-15
-3.018,-3.2018209986060037e-15,-3.480967738146182e-15
-3.017,-3.240239086176573e-15,-3.525438817012963e-15
-3.016,-3.2791157642293905e-15,-3.570478274862975e-15
-3.015,-3.318456472973526e-15,-3.616093378280144e-15
-3.014,-3.3582667166687475e-15,-3.662291486765572e-15
-3.013,-3.3985520643726102e-15,-3.709080053925677e-15
-3.012,-3.4393181506961658e-15,-3.75646662867552e-15
-3.011,-3.4805706765683745e-15,-3.8044588564575165e-15
-3.01,-3.5223154100093295e-15,-3.85306448047574e-15
-3.009,-3.5645581869123905e-15,-3.902291342945987e-15
-3.008,-3.607304911835326e-15,-3.95214738636184e-15
-3.007,-3.650561558800564e-15,-4.0026406547769075e-15
-3.006,-3.6943341721046685e-15,-4.05377929510346e-15
-3.005,-3.738628867137122e-15,-4.10557155842767e-15
-3.004,-3.783451831208543e-15,-4.158025801341661e-15
-3.003,-3.828809324388436e-15,-4.211150487292591e-15
-3.002,-3.8747076803525725e-15,-4.2649541879489846e-15
-3.001,-3.921153307240136e-15,-4.319445584584522e-15
-3.0,-3.968152688520709e-15,-4.374633469479536e-15
-2.999,-4.01571238387125e-15,-4.430526747340404e-15
-2.998,-4.063839030063141e-15,-4.487134436737109e-15
-2.997,-4.112539341859441e-15,-4.544465671559157e-15
-2.996,-4.161820112922448e-15,-4.602529702490123e-15
-2.995,-4.211688216731699e-15,-4.661335898501039e-15
-2.994,-4.262150607512507e-15,-4.720893748362869e-15
-2.993,-4.313214321175182e-15,-4.7812128621783334e-15
-2.992,-4.3648864762650225e-15,-4.8423029729333005e-15
-2.991,-4.41717427492323e-15,-4.904173938068018e-15
-2.99,-4.4700850038588545e-15,-4.966835741068431e-15
-2.989,-4.523626035331889e-15,-5.030298493077836e-15
-2.988,-4.577804828147664e-15,-5.0945724345291445e-15
-2.987,-4.6326289286626424e-15,-5.1596679367980065e-15
-2.986,-4.688105971801752e-15,-5.225595503877072e-15
-2.985,-4.744243682087403e-15,-5.2923657740716476e-15
-2.984,-4.8010498746802914e-15,-5.359989521717033e-15
-2.983,-4.858532456432147e-15,-5.4284776589178105e-15
-2.982,-4.91669942695055e-15,-5.497841237309367e-15
-2.981,-4.97555887967595e-15,-5.568091449841928e-15
-2.98,-5.035119002971037e-15,-5.639239632587407e-15
-2.979,-5.095388081222581e-15,-5.7112972665693394e-15
-2.978,-5.156374495955907e-15,-5.784275979616218e-15
-2.977,-5.2180867269621315e-15,-5.858187548238508e-15
-2.976,-5.280533353438307e-15,-5.933043899529666e-15
-2.975,-5.3437230551406194e-15,-6.00885711309145e-15
-2.974,-5.40766461355079e-15,-6.08563942298384e-15
-2.973,-5.4723669130558255e-15,-6.163403219699888e-15
-2.972,-5.537838942141269e-15,-6.242161052165807e-15
-2.971,-5.604089794598099e-15,-6.321925629766619e-15
-2.97,-5.6711286707434365e-15,-6.402709824397711e-15
-2.969,-5.738964878655216e-15,-6.4845266725425944e-15
-2.968,-5.8076078354209615e-15,-6.567389377377234e-15
-2.967,-5.877067068400853e-15,-6.651311310901268e-15
-2.966,-5.947352216505219e-15,-6.736306016096477e-15
-2.965,-6.018473031486628e-15,-6.822387209112826e-15
-2.964,-6.090439379246744e-15,-6.90956878148246e-15
-2.963,-6.163261241158114e-15,-6.997864802361994e-15
-2.962,-6.2369487154010355e-15,-7.087289520803458e-15
-2.961,-6.311512018315705e-15,-7.177857368054273e-15
-2.96,-6.3869614857697915e-15,-7.26958295988662e-15
-2.959,-6.463307574541621e-15,-7.362481098956573e-15
-2.958,-6.540560863719143e-15,-7.456566777193407e-15
-2.957,-6.61873205611486e-15,-7.55185517821941e-15
-2.956,-6.6978319796968895e-15,-7.648361679800652e-15
-2.955,-6.777871589036355e-15,-7.746101856329055e-15
-2.954,-6.858861966771263e-15,-7.845091481336196e-15
-2.953,-6.940814325087088e-15,-7.945346530039235e-15
-2.952,-7.023740007214208e-15,-8.04688318191938e-15
-2.951,-7.107650488942418e-15,-8.149717823333301e-15
-2.95,-7.192557380152691e-15,-8.253867050157929e-15
-2.949,-7.27847242636638e-15,-8.359347670469045e-15
-2.948,-7.365407510312067e-15,-8.466176707254101e-15
-2.947,-7.453374653510245e-15,-8.574371401159719e-15
-2.946,-7.54238601787604e-15,-8.683949213274296e-15
-2.945,-7.632453907340164e-15,-8.794927827946168e-15
-2.944,-7.723590769488316e-15,-8.907325155637797e-15
-2.943,-7.815809197219228e-15,-9.021159335816418e-15
-2.942,-7.909121930421564e-15,-9.13644873988164e-15
-2.941,-8.00354185766989e-15,-9.253211974130459e-15
-2.94,-8.099082017939911e-15,-9.371467882760145e-15
-2.939,-8.195755602343212e-15,-9.491235550909529e-15
-2.938,-8.2935759558817e-15,-9.612534307739125e-15
-2.937,-8.392556579221981e-15,-9.73538372955064e-15
-2.936,-8.49271113048989e-15,-9.859803642946325e-15
-2.935,-8.594053427085382e-15,-9.98581412802871e-15
-2.934,-8.69659744751804e-15,-1.0113435521641221e-14
-2.933,-8.800357333263415e-15,-1.0242688420650217e-14
-2.932,-8.905347390640411e-15,-1.0373593685268946e-14
-2.931,-9.011582092709991e-15,-1.0506172442424e-14
-2.93,-9.119076081195395e-15,-1.0640446089164761e-14
-2.929,-9.227844168424142e-15,-1.0776436296116436e-14
-2.928,-9.337901339292051e-15,-1.0914165010977196e-14
-2.927,-9.449262753249508e-15,-1.1053654462060007e-14
-2.926,-9.561943746310243e-15,-1.1194927161879725e-14
-2.925,-9.675959833082874e-15,-1.1338005910786011e-14
-2.924,-9.791326708825446e-15,-1.1482913800642678e-14
-2.923,-9.908060251523233e-15,-1.1629674218554036e-14
-2.922,-1.0026176523990076e-14,-1.1778310850638862e-14
-2.921,-1.0145691775993479e-14,-1.1928847685852581e-14
-2.92,-1.0266622446403775e-14,-1.2081309019858297e-14
-2.919,-1.0388985165367586e-14,-1.2235719458947258e-14
-2.918,-1.0512796756505874e-14,-1.2392103924009436e-14
-2.917,-1.063807423913683e-14,-1.2550487654554824e-14
-2.916,-1.0764834830523911e-14,-1.271089621278612e-14
-2.915,-1.0893095948149265e-14,-1.2873355487723431e-14
-2.914,-1.1022875212012854e-14,-1.3037891699381692e-14
-2.913,-1.1154190446957532e-14,-1.3204531403001444e-14
-2.912,-1.1287059685020405e-14,-1.3373301493333666e-14
-2.911,-1.1421501167810707e-14,-1.3544229208979358e-14
-2.91,-1.1557533348914546e-14,-1.3717342136784552e-14
-2.909,-1.1695174896326759e-14,-1.3892668216291482e-14
-2.908,-1.1834444694910228e-14,-1.4070235744246617e-14
-2.907,-1.1975361848882913e-14,-1.425007337916629e-14
-2.906,-1.2117945684332944e-14,-1.4432210145960634e-14
-2.905,-1.2262215751762055e-14,-1.4616675440616625e-14
-2.904,-1.2408191828657696e-14,-1.4803499034940917e-14
-2.903,-1.2555893922094112e-14,-1.4992711081363283e-14
-2.902,-1.2705342271362736e-14,-1.518434211780142e-14
-2.901,-1.2856557350632196e-14,-1.5378423072587897e-14
-2.9,-1.3009559871638268e-14,-1.5574985269460022e-14
-2.899,-1.3164370786404126e-14,-1.5774060432613494e-14
-2.898,-1.332101128999117e-14,-1.5975680691820576e-14
-2.897,-1.3479502823280845e-14,-1.6179878587613663e-14
-2.896,-1.3639867075787698e-14,-1.6386687076535058e-14
-2.895,-1.3802125988504112e-14,-1.659613953645382e-14
-2.894,-1.3966301756776987e-14,-1.68082697719505e-14
-2.893,-1.4132416833216764e-14,-1.702311201977071e-14
-2.892,-1.4300493930639133e-14,-1.7240700954348286e-14
-2.891,-1.4470556025039775e-14,-1.7461071693399066e-14
-2.89,-1.464262635860252e-14,-1.7684259803586067e-14
-2.889,-1.481672844274126e-14,-1.7910301306257054e-14
-2.888,-1.4992886061176026e-14,-1.813923268325539e-14
-2.887,-1.5171123273043562e-14,-1.8371090882805086e-14
-2.886,-1.5351464416042784e-14,-1.860591332547105e-14
-2.885,-1.5533934109615536e-14,-1.8843737910195435e-14
-2.884,-1.5718557258162995e-14,-1.9084603020411114e-14
-2.883,-1.5905359054298108e-14,-1.93285475302332e-14
-2.882,-1.609436498213452e-14,-1.9575610810729684e-14
-2.881,-1.6285600820612272e-14,-1.982583273627214e-14
-2.88,-1.647909264686083e-14,-2.0079253690967536e-14
-2.879,-1.6674866839599676e-14,-2.0335914575172205e-14
-2.878,-1.6872950082577036e-14,-2.0595856812088994e-14
-2.877,-1.7073369368047037e-14,-2.0859122354448687e-14
-2.876,-1.727615200028578e-14,-2.112575369127674e-14
-2.875,-1.7481325599146727e-14,-2.1395793854746428e-14
-2.874,-1.7688918103655835e-14,-2.1669286427119548e-14
-2.873,-1.7898957775646892e-14,-2.194627554777573e-14
-2.872,-1.811147320343743e-14,-2.2226805920331518e-14
-2.871,-1.8326493305545752e-14,-2.251092281985038e-14
-2.87,-1.854404733444941e-14,-2.2798672100144775e-14
-2.869,-1.876416488038569e-14,-2.3090100201171497e-14
-2.868,-1.8986875875194493e-14,-2.338525415652142e-14
-2.867,-1.921221059620408e-14,-2.3684181601004918e-14
-2.866,-1.9440199670160174e-14,-2.398693077833413e-14
-2.865,-1.9670874077198872e-14,-2.4293550548903328e-14
-2.864,-1.990426515486384e-14,-2.460409039766866e-14
-2.863,-2.0140404602168282e-14,-2.4918600442128456e-14
-2.862,-2.037932448370214e-14,-2.5237131440405503e-14
-2.861,-2.0621057233785073e-14,-2.5559734799432475e-14
-2.86,-2.0865635660665644e-14,-2.5886462583241887e-14
-2.859,-2.1113092950767266e-14,-2.6217367521361932e-14
-2.858,-2.1363462672981373e-14,-2.6552503017319484e-14
-2.857,-2.1616778783008374e-14,-2.689192315725168e-14
-2.856,-2.1873075627746848e-14,-2.723568271862748e-14
-2.855,-2.2132387949731573e-14,-2.7583837179080546e-14
-2.854,-2.239475089162082e-14,-2.793644272535492e-14
-2.853,-2.2660200000733568e-14,-2.8293556262364925e-14
-2.852,-2.2928771233637064e-14,-2.8655235422370726e-14
-2.851,-2.3200500960785323e-14,-2.902153857427104e-14
-2.85,-2.3475425971209144e-14,-2.939252483301448e-14
-2.849,-2.3753583477258126e-14,-2.976825406913108e-14
-2.848,-2.4035011119395313e-14,-3.0148786918385486e-14
-2.847,-2.4319746971045005e-14,-3.0534184791553396e-14
-2.846,-2.4607829543494283e-14,-3.092450988432279e-14
-2.845,-2.4899297790848885e-14,-3.131982518732162e-14
-2.844,-2.519419111504397e-14,-3.172019449627344e-14
-2.843,-2.5492549370910362e-14,-3.212568242228274e-14
-2.842,-2.5794412871296905e-14,-3.253635440225154e-14
-2.841,-2.6099822392249496e-14,-3.295227670942903e-14
-2.84,-2.6408819178247422e-14,-3.337351646409579e-14
-2.839,-2.67214449474976e-14,-3.380014164438444e-14
-2.838,-2.7037741897287373e-14,-3.423222109723846e-14
-2.837,-2.7357752709396454e-14,-3.466982454951081e-14
-2.836,-2.768152055556867e-14,-3.5113022619204314e-14
-2.835,-2.800908910304414e-14,-3.5561886826855454e-14
-2.834,-2.8340502520152547e-14,-3.6016489607063506e-14
-2.833,-2.867580548196814e-14,-3.647690432016684e-14
-2.832,-2.901504317602712e-14,-3.6943205264068255e-14
-2.831,-2.9358261308108135e-14,-3.741546768621122e-14
-2.83,-2.970550610807645e-14,-3.789376779570904e-14
-2.829,-3.00568243357926e-14,-3.8378182775628756e-14
-2.828,-3.0412263287086094e-14,-3.8868790795431927e-14
-2.827,-3.0771870799794955e-14,-3.936567102357409e-14
-2.826,-3.1135695259871746e-14,-3.986890364026512e-14
-2.825,-3.150378560755683e-14,-4.037856985039238e-14
-2.824,-3.18761913436195e-14,-4.089475189660884e-14
-2.823,-3.225296253566785e-14,-4.141753307258827e-14
-2.822,-3.263414982452792e-14,-4.1946997736449484e-14
-2.821,-3.301980443069305e-14,-4.2483231324352036e-14
-2.82,-3.340997816084404e-14,-4.302632036426535e-14
-2.819,-3.3804723414440945e-14,-4.35763524899136e-14
-2.818,-3.4204093190387254e-14,-4.4133416454898503e-14
-2.817,-3.46081410937672e-14,-4.4697602147002404e-14
-2.816,-3.5016921342656985e-14,-4.5269000602673843e-14
-2.815,-3.5430488775010736e-14,-4.584770402169797e-14
-2.814,-3.5848898855621903e-14,-4.6433805782054203e-14
-2.813,-3.627220768316102e-14,-4.7027400454963426e-14
-2.812,-3.670047199729052e-14,-4.762858382012725e-14
-2.811,-3.7133749185857455e-14,-4.823745288116168e-14
-2.81,-3.7572097292165e-14,-4.8854105881227765e-14
-2.809,-3.801557502232351e-14,-4.947864231886166e-14
-2.808,-3.846424175268197e-14,-5.011116296400668e-14
-2.807,-3.8918157537340744e-14,-5.075176987424992e-14
-2.806,-3.937738311574638e-14,-5.140056641126603e-14
-2.805,-3.9841979920369497e-14,-5.2057657257470827e-14
-2.804,-4.031201008446641e-14,-5.272314843288735e-14
-2.803,-4.07875364499256e-14,-5.3397147312227114e-14
-2.802,-4.1268622575199733e-14,-5.407976264218934e-14
-2.801,-4.175533274332429e-14,-5.4771104558980804e-14
-2.8,-4.2247731970023583e-14,-5.547128460605927e-14
-2.799,-4.2745886011905113e-14,-5.6180415752103295e-14
-2.798,-4.324986137474331e-14,-5.689861240921126e-14
-2.797,-4.375972532185338e-14,-5.762599045133252e-14
-2.796,-4.427554588255643e-14,-5.836266723293389e-14
-2.795,-4.479739186073662e-14,-5.91087616079039e-14
-2.794,-4.5325332843491494e-14,-5.986439394869862e-14
-2.793,-4.585943920987632e-14,-6.062968616573144e-14
-2.792,-4.639978213974347e-14,-6.140476172701024e-14
-2.791,-4.694643362267793e-14,-6.218974567802511e-14
-2.79,-4.749946646702972e-14,-6.29847646618898e-14
-2.789,-4.80589543090445e-14,-6.378994693973995e-14
-2.788,-4.8624971622093154e-14,-6.46054224113916e-14
-2.787,-4.9197593726001596e-14,-6.543132263626319e-14
-2.786,-4.977689679648162e-14,-6.626778085456447e-14
-2.785,-5.0362957874664035e-14,-6.711493200875555e-14
-2.784,-5.095585487673508e-14,-6.797291276527975e-14
-2.783,-5.155566660367713e-14,-6.884186153657367e-14
-2.782,-5.216247275111488e-14,-6.972191850335786e-14
-2.781,-5.277635391926806e-14,-7.061322563721186e-14
-2.78,-5.339739162301175e-14,-7.151592672343718e-14
-2.779,-5.402566830204548e-14,-7.243016738421183e-14
-2.778,-5.466126733117219e-14,-7.335609510204011e-14
-2.777,-5.5304273030688225e-14,-7.429385924350153e-14
-2.776,-5.595477067688544e-14,-7.524361108330258e-14
-2.775,-5.661284651266671e-14,-7.620550382863515e-14
-2.774,-5.727858775827588e-14,-7.717969264384569e-14
-2.773,-5.795208262214341e-14,-7.816633467541888e-14
-2.772,-5.86334203118489e-14,-7.916558907727989e-14
-2.771,-5.93226910452017e-14,-8.017761703641936e-14
-2.77,-6.001998606144075e-14,-8.120258179884504e-14
-2.769,-6.072539763255511e-14,-8.224064869586439e-14
-2.768,-6.1439019074726e-14,-8.329198517070236e-14
-2.767,-6.216094475989216e-14,-8.435676080545845e-14
-2.766,-6.289127012743919e-14,-8.543514734840762e-14
-2.765,-6.363009169601473e-14,-8.65273187416492e-14
-2.764,-6.437750707547026e-14,-8.763345114910832e-14
-2.763,-6.513361497893119e-14,-8.875372298489448e-14
-2.762,-6.589851523499635e-14,-8.988831494202152e-14
-2.761,-6.667230880006828e-14,-9.103741002149382e-14
-2.76,-6.745509777081571e-14,-9.220119356176336e-14
-2.759,-6.824698539676935e-14,-9.337985326856228e-14
-2.758,-6.904807609305274e-14,-9.457357924511576e-14
-2.757,-6.985847545324917e-14,-9.578256402274009e-14
-2.756,-7.06782902624062e-14,-9.700700259183076e-14
-2.755,-7.150762851017934e-14,-9.824709243324571e-14
-2.754,-7.234659940411598e-14,-9.950303355008843e-14
-2.753,-7.319531338308125e-14,-1.0077502849989646e-13
-2.752,-7.405388213082727e-14,-1.0206328242723995e-13
-2.751,-7.492241858970697e-14,-1.0336800309673596e-13
-2.75,-7.580103697453426e-14,-1.046894009264835e-13
-2.749,-7.668985278659191e-14,-1.0602768902192468e-13
-2.748,-7.758898282778862e-14,-1.0738308321013756e-13
-2.747,-7.849854521496674e-14,-1.0875580207456609e-13
-2.746,-7.941865939436233e-14,-1.1014606699019259e-13
-2.745,-8.034944615621896e-14,-1.1155410215915864e-13
-2.744,-8.129102764955685e-14,-1.1298013464683994e-13
-2.743,-8.22435273970989e-14,-1.1442439441838086e-13
-2.742,-8.320707031035525e-14,-1.1588711437569474e-13
-2.741,-8.418178270486786e-14,-1.1736853039493556e-13
-2.74,-8.51677923156169e-14,-1.1886888136444732e-13
-2.739,-8.616522831259029e-14,-1.2038840922319698e-13
-2.738,-8.717422131651837e-14,-1.219273589996971e-13
-2.737,-8.819490341477513e-14,-1.2348597885142458e-13
-2.736,-8.922740817744771e-14,-1.250645201047417e-13
-2.735,-9.027187067357593e-14,-1.2666323729532577e-13
-2.734,-9.132842748756346e-14,-1.282823882091141e-13
-2.733,-9.239721673576244e-14,-1.2992223392377062e-13
-2.732,-9.347837808323318e-14,-1.315830388506808e-13
-2.731,-9.457205276068083e-14,-1.3326507077748176e-13
-2.73,-9.567838358157062e-14,-1.3496860091113422e-13
-2.729,-9.679751495942357e-14,-1.3669390392154338e-13
-2.728,-9.792959292529445e-14,-1.3844125798573523e-13
-2.727,-9.907476514543375e-14,-1.4021094483259603e-13
-2.726,-1.0023318093913554e-13,-1.4200324978818164e-13
-2.725,-1.0140499129677305e-13,-1.4381846182160412e-13
-2.724,-1.0259034889802388e-13,-1.4565687359150276e-13
-2.723,-1.037894081302866e-13,-1.475187814931075e-13
-2.722,-1.0500232510729072e-13,-1.4940448570590153e-13
-2.721,-1.0622925768790204e-13,-1.5131429024189114e-13
-2.72,-1.0747036549512506e-13,-1.532485029944906e-13
-2.719,-1.0872580993530466e-13,-1.5520743578802968e-13
-2.718,-1.0999575421752879e-13,-1.5719140442789167e-13
-2.717,-1.112803633732344e-13,-1.5920072875129034e-13
-2.716,-1.1257980427601834e-13,-1.6123573267869333e-13
-2.715,-1.1389424566165542e-13,-1.632967442659007e-13
-2.714,-1.1522385814832573e-13,-1.6538409575678693e-13
-2.713,-1.1656881425705291e-13,-1.6749812363671436e-13
-2.712,-1.1792928843235602e-13,-1.6963916868662723e-13
-2.711,-1.1930545706311652e-13,-1.7180757603783436e-13
-2.71,-1.2069749850366284e-13,-1.740036952274899e-13
-2.709,-1.2210559309507453e-13,-1.7622788025478024e-13
-2.708,-1.2352992318670818e-13,-1.7848048963782678e-13
-2.707,-1.2497067315794722e-13,-1.8076188647131327e-13
-2.706,-1.2642802944017771e-13,-1.830724384848468e-13
-2.705,-1.279021805389927e-13,-1.854125181020624e-13
-2.704,-1.2939331705662675e-13,-1.8778250250047976e-13
-2.703,-1.3090163171462346e-13,-1.9018277367212252e-13
-2.702,-1.324273193767378e-13,-1.9261371848490941e-13
-2.701,-1.3397057707207604e-13,-1.9507572874482682e-13
-2.7,-1.3553160401847474e-13,-1.9756920125889334e-13
-2.699,-1.371106016461222e-13,-2.0009453789892568e-13
-2.698,-1.3870777362142381e-13,-2.0265214566611673e-13
-2.697,-1.4032332587111388e-13,-2.0524243675643565e-13
-2.696,-1.419574666066168e-13,-2.0786582862686063e-13
-2.695,-1.4361040634865927e-13,-2.1052274406245487e-13
-2.694,-1.452823579521364e-13,-2.132136112442965e-13
-2.693,-1.4697353663123392e-13,-2.1593886381827347e-13
-2.692,-1.4868415998480918e-13,-2.1869894096475367e-13
-2.691,-1.5041444802203325e-13,-2.214942874691427e-13
-2.69,-1.5216462318829654e-13,-2.2432535379333912e-13
-2.689,-1.5393491039138075e-13,-2.2719259614809981e-13
-2.688,-1.5572553702789935e-13,-2.3009647656632605e-13
-2.687,-1.5753673301000945e-13,-2.3303746297728264e-13
-2.686,-1.5936873079239732e-13,-2.3601602928176187e-13
-2.685,-1.6122176539954055e-13,-2.3903265542820365e-13
-2.684,-1.630960744532491e-13,-2.4208782748978506e-13
-2.683,-1.649918982004881e-13,-2.4518203774249063e-13
-2.682,-1.6690947954148505e-13,-2.483157847441765e-13
-2.681,-1.6884906405812403e-13,-2.514895734146406e-13
-2.68,-1.7081090004262966e-13,-2.547039151167119e-13
-2.679,-1.7279523852654354e-13,-2.5795932773837163e-13
-2.678,-1.748023333099961e-13,-2.612563357759196e-13
-2.677,-1.7683244099127618e-13,-2.645954704181987e-13
-2.676,-1.7888582099670155e-13,-2.6797726963189103e-13
-2.675,-1.8096273561079328e-13,-2.7140227824790007e-13
-2.674,-1.8306345000675624e-13,-2.748710480488311e-13
-2.673,-1.851882322772691e-13,-2.7838413785758536e-13
-2.672,-1.8733735346558667e-13,-2.8194211362708106e-13
-2.671,-1.895110875969571e-13,-2.855455485311164e-13
-2.67,-1.917097117103575e-13,-2.8919502305638807e-13
-2.669,-1.9393350589055013e-13,-2.9289112509568095e-13
-2.668,-1.9618275330046317e-13,-2.966344500422431e-13
-2.667,-1.9845774021389793e-13,-3.004256008853616e-13
-2.666,-2.0075875604856643e-13,-3.0426518830715387e-13
-2.665,-2.0308609339946198e-13,-3.0815383078059095e-13
-2.664,-2.0544004807256586e-13,-3.120921546687671e-13
-2.663,-2.0782091911889324e-13,-3.160807943254324e-13
-2.662,-2.1022900886888152e-13,-3.2012039219680445e-13
-2.661,-2.1266462296712412e-13,-3.242115989246744e-13
-2.66,-2.1512807040745296e-13,-3.2835507345082507e-13
-2.659,-2.1761966356837272e-13,-3.325514831227769e-13
-2.658,-2.201397182488503e-13,-3.36801503800879e-13
-2.657,-2.2268855370446247e-13,-3.411058199667619e-13
-2.656,-2.252664926839051e-13,-3.4546512483317e-13
-2.655,-2.278738614658673e-13,-3.4988012045519066e-13
-2.654,-2.3051098989627363e-13,-3.543515178428979e-13
-2.653,-2.3317821142589785e-13,-3.588800370754282e-13
-2.652,-2.358758631483515e-13,-3.634664074165078e-13
-2.651,-2.3860428583845084e-13,-3.6811136743144807e-13
-2.65,-2.413638239909651e-13,-3.7281566510562927e-13
-2.649,-2.4415482585974997e-13,-3.775800579644907e-13
-2.648,-2.4697764349727005e-13,-3.824053131950463e-13
-2.647,-2.4983263279451227e-13,-3.872922077689458e-13
-2.646,-2.52720153521296e-13,-3.922415285670999e-13
-2.645,-2.556405693669813e-13,-3.972540725058905e-13
-2.644,-2.5859424798158004e-13,-4.0233064666498507e-13
-2.643,-2.615815610172735e-13,-4.0747206841677623e-13
-2.642,-2.6460288417033924e-13,-4.126791655574668e-13
-2.641,-2.676585972234917e-13,-4.179527764398211e-13
-2.64,-2.707490840886397e-13,-4.2329375010760426e-13
-2.639,-2.7387473285006475e-13,-4.287029464317299e-13
-2.638,-2.770359358080237e-13,-4.3418123624813866e-13
-2.637,-2.8023308952277974e-13,-4.3972950149742965e-13
-2.636,-2.8346659485906503e-13,-4.4534863536626604e-13
-2.635,-2.8673685703097926e-13,-4.5103954243057837e-13
-2.634,-2.9004428564732767e-13,-4.56803138800588e-13
-2.633,-2.9338929475740226e-13,-4.626403522676732e-13
-2.632,-2.967723028972102e-13,-4.685521224531026e-13
-2.631,-3.001937331361536e-13,-4.745394009586578e-13
-2.63,-3.036540131241638e-13,-4.806031515191712e-13
-2.629,-3.0715357513929476e-13,-4.867443501570011e-13
-2.628,-3.106928561357793e-13,-4.929639853384712e-13
-2.627,-3.142722977925523e-13,-4.99263058132296e-13
-2.626,-3.178923465622442e-13,-5.056425823700218e-13
-2.625,-3.215534537206501e-13,-5.121035848085037e-13
-2.624,-3.252560754166771e-13,-5.186471052944488e-13
-2.623,-3.290006727227751e-13,-5.252741969310493e-13
-2.622,-3.3278771168585423e-13,-5.319859262467325e-13
-2.621,-3.3661766337869396e-13,-5.387833733660553e-13
-2.62,-3.4049100395184747e-13,-5.456676321827689e-13
-2.619,-3.444082146860451e-13,-5.526398105350832e-13
-2.618,-3.483697820451022e-13,-5.597010303831562e-13
-2.617,-3.523761977293346e-13,-5.668524279888397e-13
-2.616,-3.564279587294862e-13,-5.740951540977065e-13
-2.615,-3.6052556738117355e-13,-5.814303741233914e-13
-2.614,-3.646695314198507e-13,-5.888592683342719e-13
-2.613,-3.6886036403629923e-13,-5.963830320425216e-13
-2.612,-3.7309858393264824e-13,-6.040028757955635e-13
-2.611,-3.773847153789276e-13,-6.117200255699556e-13
-2.61,-3.817192882701598e-13,-6.195357229677384e-13
-2.609,-3.8610283818399427e-13,-6.274512254152761e-13
-2.608,-3.905359064388889e-13,-6.354678063646229e-13
-2.607,-3.950190401528432e-13,-6.435867554974465e-13
-2.606,-3.9955279230268727e-13,-6.518093789315403e-13
-2.605,-4.0413772178393166e-13,-6.601369994299592e-13
-2.604,-4.08774393471182e-13,-6.685709566128096e-13
-2.603,-4.134633782791237e-13,-6.771126071717293e-13
-2.602,-4.1820525322408055e-13,-6.857633250870901e-13
-2.601,-4.230006014861523e-13,-6.945245018479582e-13
-2.6,-4.278500124719359e-13,-7.033975466748467e-13
-2.599,-4.3275408187783446e-13,-7.123838867452973e-13
-2.598,-4.3771341175395954e-13,-7.214849674223236e-13
-2.597,-4.4272861056863044e-13,-7.307022524857561e-13
-2.596,-4.4780029327347605e-13,-7.40037224366523e-13
-2.595,-4.529290813691435e-13,-7.494913843839053e-13
-2.594,-4.581156029716185e-13,-7.590662529858024e-13
-2.593,-4.633604928791623e-13,-7.687633699920487e-13
-2.592,-4.686643926398698e-13,-7.785842948408171e-13
-2.591,-4.740279506198533e-13,-7.885306068381503e-13
-2.59,-4.794518220720587e-13,-7.986039054106587e-13
-2.589,-4.849366692057155e-13,-8.088058103614261e-13
-2.588,-4.904831612564288e-13,-8.191379621291608e-13
-2.587,-4.960919745569164e-13,-8.296020220506376e-13
-2.586,-5.017637926083966e-13,-8.401996726264689e-13
-2.585,-5.074993061526311e-13,-8.509326177902474e-13
-2.584,-5.132992132446285e-13,-8.618025831811055e-13
-2.583,-5.191642193260129e-13,-8.728113164197312e-13
-2.582,-5.250950372990633e-13,-8.839605873878865e-13
-2.581,-5.310923876014274e-13,-8.952521885114728e-13
-2.58,-5.371569982815167e-13,-9.066879350471862e-13
-2.579,-5.432896050745866e-13,-9.182696653728099e-13
-2.578,-5.494909514795065e-13,-9.29999241281189e-13
-2.577,-5.557617888362259e-13,-9.418785482779344e-13
-2.576,-5.62102876403941e-13,-9.539094958829026e-13
-2.575,-5.685149814399666e-13,-9.660940179355e-13
-2.574,-5.74998879279319e-13,-9.78434072903859e-13
-2.573,-5.815553534150146e-13,-9.90931644197936e-13
-2.572,-5.881851955790902e-13,-1.0035887404865795e-12
-2.571,-5.948892058243478e-13,-1.0164073960186198e-12
-2.57,-6.016681926068327e-13,-1.0293896709480309e-12
-2.569,-6.085229728690468e-13,-1.042537651663215e-12
-2.568,-6.154543721239034e-13,-1.0558534511204628e-12
-2.567,-6.224632245394298e-13,-1.0693392091816425e-12
-2.566,-6.295503730242209e-13,-1.0829970929561704e-12
-2.565,-6.367166693136509e-13,-1.0968292971473167e-12
-2.564,-6.439629740568464e-13,-1.110838044402903e-12
-2.563,-6.512901569044281e-13,-1.1250255856704455e-12
-2.562,-6.58699096597025e-13,-1.1393942005567994e-12
-2.561,-6.661906810545662e-13,-1.1539461976923658e-12
-2.56,-6.737658074663564e-13,-1.168683915099911e-12
-2.559,-6.814253823819408e-13,-1.1836097205680643e-12
-2.558,-6.89170321802762e-13,-1.19872601202955e-12
-2.557,-6.970015512746171e-13,-1.2140352179442104e-12
-2.556,-7.049200059809194e-13,-1.2295397976868873e-12
-2.555,-7.129266308367682e-13,-1.2452422419402176e-12
-2.554,-7.210223805838349e-13,-1.2611450730924057e-12
-2.553,-7.292082198860678e-13,-1.2772508456400402e-12
-2.552,-7.374851234262233e-13,-1.2935621465960119e-12
-2.551,-7.458540760032264e-13,-1.3100815959026026e-12
-2.55,-7.543160726303681e-13,-1.3268118468498086e-12
-2.549,-7.628721186343423e-13,-1.3437555864989632e-12
-2.548,-7.715232297551305e-13,-1.360915536111728e-12
-2.547,-7.802704322467363e-13,-1.3782944515845187e-12
-2.546,-7.891147629787775e-13,-1.3958951238884352e-12
-2.545,-7.980572695389394e-13,-1.4137203795147645e-12
-2.544,-8.070990103362957e-13,-1.431773080926127e-12
-2.543,-8.162410547055003e-13,-1.4500561270133394e-12
-2.542,-8.254844830118577e-13,-1.468572453558063e-12
-2.541,-8.348303867572751e-13,-1.4873250337013122e-12
-2.54,-8.442798686871023e-13,-1.506316878417899e-12
-2.539,-8.538340428978636e-13,-1.525551036996883e-12
-2.538,-8.634940349458888e-13,-1.5450305975281108e-12
-2.537,-8.732609819568458e-13,-1.5647586873949125e-12
-2.536,-8.831360327361815e-13,-1.584738473773041e-12
-2.535,-8.931203478804756e-13,-1.6049731641359282e-12
-2.534,-9.032150998897129e-13,-1.6254660067663383e-12
-2.533,-9.134214732804775e-13,-1.6462202912745009e-12
-2.532,-9.237406647000755e-13,-1.6672393491228035e-12
-2.531,-9.341738830415905e-13,-1.688526554157129e-12
-2.53,-9.447223495598763e-13,-1.7100853231449166e-12
-2.529,-9.553872979884935e-13,-1.7319191163200385e-12
-2.528,-9.661699746575916e-13,-1.7540314379345705e-12
-2.527,-9.770716386127447e-13,-1.7764258368175515e-12
-2.526,-9.880935617347442e-13,-1.799105906940811e-12
-2.525,-9.99237028860352e-13,-1.8220752879919628e-12
-2.524,-1.0105033379040215e-12,-1.845337665954648e-12
-2.523,-1.021893799980589e-12,-1.8688967736961247e-12
-2.522,-1.0334097395289407e-12,-1.89275639156229e-12
-2.521,-1.0450524944366596e-12,-1.9169203479802375e-12
-2.52,-1.0568234161656582e-12,-1.941392520068434e-12
-2.519,-1.0687238698787993e-12,-1.966176834254622e-12
-2.518,-1.0807552345675108e-12,-1.9912772669015395e-12
-2.517,-1.0929189031803981e-12,-2.0166978449405555e-12
-2.516,-1.1052162827528596e-12,-2.042442646513323e-12
-2.515,-1.1176487945377075e-12,-2.068515801621552e-12
-2.514,-1.1302178741368e-12,-2.0949214927849997e-12
-2.513,-1.1429249716336887e-12,-2.121663955707787e-12
-2.512,-1.1557715517272827e-12,-2.148747479953142e-12
-2.511,-1.1687590938665384e-12,-2.17617640962668e-12
-2.51,-1.1818890923861737e-12,-2.203955144068325e-12
-2.509,-1.1951630566434145e-12,-2.2320881385529813e-12
-2.508,-1.2085825111557735e-12,-2.260579905000073e-12
-2.507,-1.222148995739869e-12,-2.289435012692046e-12
-2.506,-1.235864065651284e-12,-2.3186580890019684e-12
-2.505,-1.2497292917254712e-12,-2.3482538201303215e-12
-2.504,-1.2637462605197058e-12,-2.378226951851115e-12
-2.503,-1.277916574456091e-12,-2.408582290267431e-12
-2.502,-1.2922418519656182e-12,-2.4393247025765243e-12
-2.501,-1.3067237276332855e-12,-2.4704591178445947e-12
-2.5,-1.321363852344278e-12,-2.501990527791353e-12
-2.499,-1.336163893431212e-12,-2.5339239875845086e-12
-2.498,-1.351125534822447e-12,-2.566264616644295e-12
-2.497,-1.3662504771914666e-12,-2.5990175994581727e-12
-2.496,-1.3815404381073336e-12,-2.6321881864058207e-12
-2.495,-1.3969971521862185e-12,-2.6657816945945623e-12
-2.494,-1.4126223712440071e-12,-2.699803508705347e-12
-2.493,-1.4284178644499873e-12,-2.734259081849424e-12
-2.492,-1.4443854184816169e-12,-2.7691539364358394e-12
-2.491,-1.460526837680378e-12,-2.804493665049901e-12
-2.49,-1.4768439442087141e-12,-2.840283931342739e-12
-2.489,-1.4933385782080582e-12,-2.876530470932106e-12
-2.488,-1.5100125979579478e-12,-2.9132390923145637e-12
-2.487,-1.5268678800362311e-12,-2.9504156777891874e-12
-2.486,-1.5439063194803673e-12,-2.9880661843929453e-12
-2.485,-1.5611298299498178e-12,-3.0261966448478905e-12
-2.484,-1.5785403438895333e-12,-3.064813168520321e-12
-2.483,-1.596139812694535e-12,-3.1039219423920522e-12
-2.482,-1.6139302068755942e-12,-3.1435292320439603e-12
-2.481,-1.6319135162260046e-12,-3.183641382651945e-12
-2.48,-1.6500917499894554e-12,-3.224264819995472e-12
-2.479,-1.6684669370289987e-12,-3.2654060514788528e-12
-2.478,-1.6870411259971152e-12,-3.3070716671654187e-12
-2.477,-1.7058163855068768e-12,-3.3492683408247577e-12
-2.476,-1.7247948043042055e-12,-3.3920028309931684e-12
-2.475,-1.7439784914412278e-12,-3.4352819820475104e-12
-2.474,-1.7633695764507249e-12,-3.479112725292605e-12
-2.473,-1.7829702095216774e-12,-3.52350208006237e-12
-2.472,-1.8027825616759017e-12,-3.5684571548348524e-12
-2.471,-1.8228088249457794e-12,-3.613985148361333e-12
-2.47,-1.843051212553076e-12,-3.660093350809692e-12
-2.469,-1.8635119590888464e-12,-3.706789144922194e-12
-2.468,-1.8841933206944298e-12,-3.754080007187896e-12
-2.467,-1.905097575243524e-12,-3.801973509029849e-12
-2.466,-1.926227022525345e-12,-3.850477318007271e-12
-2.465,-1.9475839844288593e-12,-3.8995991990329116e-12
-2.464,-1.9691708051280984e-12,-3.9493470156057544e-12
-2.463,-1.9909898512685373e-12,-3.9997287310592895e-12
-2.462,-2.0130435121545484e-12,-4.050752409825526e-12
-2.461,-2.0353341999379138e-12,-4.102426218714957e-12
-2.46,-2.0578643498073998e-12,-4.154758428212669e-12
-2.459,-2.0806364201793884e-12,-4.207757413790799e-12
-2.458,-2.1036528928895553e-12,-4.261431657237554e-12
-2.457,-2.1269162733855986e-12,-4.315789748002983e-12
-2.456,-2.150429090921003e-12,-4.370840384561732e-12
-2.455,-2.174193898749841e-12,-4.426592375792982e-12
-2.454,-2.1982132743226025e-12,-4.4830546423777886e-12
-2.453,-2.222489819483043e-12,-4.540236218214039e-12
-2.452,-2.2470261606660527e-12,-4.598146251849262e-12
-2.451,-2.271824949096528e-12,-4.656794007931489e-12
-2.45,-2.2968888609892468e-12,-4.71618886867842e-12
-2.449,-2.3222205977497352e-12,-4.776340335365105e-12
-2.448,-2.347822886176121e-12,-4.837258029830377e-12
-2.447,-2.3736984786619583e-12,-4.898951696002287e-12
-2.446,-2.3998501534000264e-12,-4.96143120144275e-12
-2.445,-2.4262807145870785e-12,-5.024706538911674e-12
-2.444,-2.4529929926295434e-12,-5.0887878279507965e-12
-2.443,-2.479989844350164e-12,-5.153685316487479e-12
-2.442,-2.5072741531955603e-12,-5.219409382458715e-12
-2.441,-2.534848829444712e-12,-5.285970535455607e-12
-2.44,-2.5627168104183426e-12,-5.353379418388556e-12
-2.439,-2.590881060689196e-12,-5.421646809173433e-12
-2.438,-2.6193445722931947e-12,-5.490783622439e-12
-2.437,-2.6481103649414643e-12,-5.5608009112558376e-12
-2.436,-2.677181486233211e-12,-5.631709868887048e-12
-2.435,-2.706561011869438e-12,-5.7035218305610175e-12
-2.434,-2.73625204586749e-12,-5.7762482752665016e-12
-2.433,-2.7662577207764043e-12,-5.8499008275703244e-12
-2.432,-2.796581197893059e-12,-5.9244912594579664e-12
-2.431,-2.8272256674791004e-12,-6.000031492197332e-12
-2.43,-2.8581943489786295e-12,-6.076533598225986e-12
-2.429,-2.8894904912366357e-12,-6.154009803062153e-12
-2.428,-2.9211173727181585e-12,-6.23247248723978e-12
-2.427,-2.9530783017281572e-12,-6.311934188267959e-12
-2.426,-2.9853766166320673e-12,-6.392407602615015e-12
-2.425,-3.0180156860770345e-12,-6.473905587717575e-12
-2.424,-3.050998909213791e-12,-6.556441164014925e-12
-2.423,-3.0843297159191687e-12,-6.640027517008969e-12
-2.422,-3.1180115670192125e-12,-6.724677999350117e-12
-2.421,-3.152047954512887e-12,-6.810406132949423e-12
-2.42,-3.1864424017963415e-12,-6.897225611117306e-12
-2.419,-3.2211984638877138e-12,-6.985150300729178e-12
-2.418,-3.256319727652454e-12,-7.07419424441832e-12
-2.417,-3.2918098120291333e-12,-7.1643716627963575e-12
-2.416,-3.32767236825572e-12,-7.255696956701659e-12
-2.415,-3.3639110800962947e-12,-7.348184709476029e-12
-2.414,-3.4005296640681705e-12,-7.441849689270033e-12
-2.413,-3.437531869669405e-12,-7.53670685137732e-12
-2.412,-3.4749214796066576e-12,-7.632771340598313e-12
-2.411,-3.512702310023378e-12,-7.730058493633614e-12
-2.41,-3.550878210728281e-12,-7.828583841507516e-12
-2.409,-3.5894530654240927e-12,-7.928363112021988e-12
-2.408,-3.62843079193652e-12,-8.029412232241513e-12
-2.407,-3.667815342443419e-12,-8.131747331009175e-12
-2.406,-3.70761070370413e-12,-8.23538474149437e-12
-2.405,-3.747820897288933e-12,-8.340341003772553e-12
-2.404,-3.788449979808605e-12,-8.446632867437409e-12
-2.403,-3.829502043144029e-12,-8.55427729424585e-12
-2.402,-3.870981214675811e-12,-8.663291460796281e-12
-2.401,-3.912891657513899e-12,-8.773692761240493e-12
-2.4,-3.955237570727113e-12,-8.88549881002966e-12
-2.399,-3.998023189572596e-12,-8.998727444694829e-12
-2.398,-4.041252785725111e-12,-9.113396728662358e-12
-2.397,-4.0849306675061476e-12,-9.229524954104715e-12
-2.396,-4.129061180112809e-12,-9.3471306448271e-12
-2.395,-4.173648705846413e-12,-9.46623255919033e-12
-2.394,-4.2186976643407774e-12,-9.586849693070433e-12
-2.393,-4.264212512790127e-12,-9.709001282855428e-12
-2.392,-4.310197746176592e-12,-9.832706808479724e-12
-2.391,-4.356657897497233e-12,-9.957985996496649e-12
-2.39,-4.40359753799054e-12,-1.0084858823189542e-11
-2.389,-4.451021277362374e-12,-1.0213345517721931e-11
-2.388,-4.498933764011266e-12,-1.0343466565327246e-11
-2.387,-4.547339685253046e-12,-1.0475242710538587e-11
-2.386,-4.596243767544735e-12,-1.0608694960459037e-11
-2.385,-4.645650776707628e-12,-1.074384458807303e-11
-2.384,-4.695565518149546e-12,-1.0880713135599278e-11
-2.383,-4.74599283708615e-12,-1.1019322417885785e-11
-2.382,-4.796937618761294e-12,-1.1159694525847467e-11
-2.381,-4.84840478866633e-12,-1.1301851829946911e-11
-2.38,-4.900399312758313e-12,-1.1445816983718816e-11
-2.379,-4.952926197677029e-12,-1.159161292733865e-11
-2.378,-5.00599049096079e-12,-1.1739262891236079e-11
-2.377,-5.059597281260914e-12,-1.188879039975374e-11
-2.376,-5.11375169855483e-12,-1.2040219274851894e-11
-2.375,-5.168458914357724e-12,-1.2193573639859562e-11
-2.374,-5.2237241419326685e-12,-1.2348877923272702e-11
-2.373,-5.279552636499132e-12,-1.2506156862600018e-11
-2.372,-5.33594969543982e-12,-1.2665435508257006e-11
-2.371,-5.392920658505757e-12,-1.282673922750882e-11
-2.37,-5.45047090801951e-12,-1.2990093708462584e-11
-2.369,-5.508605869076502e-12,-1.3155524964109748e-11
-2.368,-5.567331009744306e-12,-1.3323059336419127e-11
-2.367,-5.626651841259846e-12,-1.3492723500481243e-11
-2.366,-5.686573918224405e-12,-1.3664544468704627e-11
-2.365,-5.747102838796361e-12,-1.3838549595064692e-11
-2.364,-5.808244244881547e-12,-1.4014766579405874e-11
-2.363,-5.870003822321144e-12,-1.4193223471797679e-11
-2.362,-5.9323873010770215e-12,-1.4373948676945308e-11
-2.361,-5.995400455414401e-12,-1.455697095865555e-11
-2.36,-6.059049104081764e-12,-1.4742319444358624e-11
-2.359,-6.123339110487894e-12,-1.4930023629686657e-11
-2.358,-6.188276382875939e-12,-1.5120113383109534e-11
-2.357,-6.2538668744943985e-12,-1.531261895062879e-11
-2.356,-6.320116583764915e-12,-1.550757096053031e-11
-2.355,-6.3870315544467644e-12,-1.570500042819652e-11
-2.354,-6.454617875797925e-12,-1.590493876097887e-11
-2.353,-6.522881682732608e-12,-1.6107417763131286e-11
-2.352,-6.5918291559751344e-12,-1.6312469640805437e-11
-2.351,-6.66146652221003e-12,-1.6520127007108487e-11
-2.35,-6.731800054228212e-12,-1.6730422887224188e-11
-2.349,-6.8028360710691496e-12,-1.6943390723598068e-11
-2.348,-6.874580938158853e-12,-1.7159064381187507e-11
-2.347,-6.947041067443575e-12,-1.7377478152777523e-11
-2.346,-7.020222917519068e-12,-1.7598666764363064e-11
-2.345,-7.094132993755283e-12,-1.7822665380598666e-11
-2.344,-7.16877784841634e-12,-1.8049509610316283e-11
-2.343,-7.244164080775656e-12,-1.8279235512112123e-11
-2.342,-7.320298337226053e-12,-1.8511879600003408e-11
-2.341,-7.39718731138472e-12,-1.8747478849155872e-11
-2.34,-7.474837744192858e-12,-1.8986070701682883e-11
-2.339,-7.553256424009862e-12,-1.922769307251709e-11
-2.338,-7.632450186701877e-12,-1.9472384355355513e-11
-2.337,-7.712425915724558e-12,-1.9720183428678937e-11
-2.336,-7.793190542199869e-12,-1.9971129661846578e-11
-2.335,-7.87475104498678e-12,-2.0225262921266952e-11
-2.334,-7.957114450745627e-12,-2.0482623576645847e-11
-2.333,-8.040287833996017e-12,-2.0743252507312423e-11
-2.332,-8.124278317168075e-12,-2.1007191108624348e-11
-2.331,-8.209093070646842e-12,-2.127448129845299e-11
-2.33,-8.294739312809638e-12,-2.154516552374965e-11
-2.329,-8.38122431005622e-12,-2.1819286767193824e-11
-2.328,-8.468555376831507e-12,-2.2096888553924515e-11
-2.327,-8.556739875640693e-12,-2.237801495835566e-11
-2.326,-8.645785217056555e-12,-2.266271061107666e-11
-2.325,-8.735698859718704e-12,-2.2951020705839116e-11
-2.324,-8.82648831032463e-12,-2.3242991006630812e-11
-2.323,-8.918161123612278e-12,-2.3538667854838013e-11
-2.322,-9.01072490233395e-12,-2.3838098176497233e-11
-2.321,-9.104187297221314e-12,-2.4141329489637497e-11
-2.32,-9.198556006941292e-12,-2.44484099117143e-11
-2.319,-9.293838778042583e-12,-2.475938816713634e-11
-2.318,-9.390043404892593e-12,-2.5074313594886188e-11
-2.317,-9.48717772960453e-12,-2.539323615623609e-11
-2.316,-9.585249641954414e-12,-2.5716206442560033e-11
-2.315,-9.684267079287753e-12,-2.604327568324329e-11
-2.314,-9.78423802641563e-12,-2.6374495753690664e-11
-2.313,-9.885170515499923e-12,-2.6709919183434612e-11
-2.312,-9.987072625927438e-12,-2.704959916434454e-11
-2.311,-1.0089952484172614e-11,-2.739358955893845e-11
-2.31,-1.019381826364859e-11,-2.7741944908798307e-11
-2.309,-1.0298678184546315e-11,-2.809472044309028e-11
-2.308,-1.0404540513661421e-11,-2.8451972087191264e-11
-2.307,-1.0511413564208568e-11,-2.881375647142296e-11
-2.306,-1.0619305695622972e-11,-2.918013093989481e-11
-2.305,-1.0728225313348788e-11,-2.955115355945719e-11
-2.304,-1.0838180868614071e-11,-2.992688312876617e-11
-2.303,-1.0949180858191968e-11,-3.0307379187461276e-11
-2.302,-1.1061233824147846e-11,-3.0692702025457597e-11
-2.301,-1.117434835357201e-11,-3.1082912692353674e-11
-2.3,-1.1288533078297683e-11,-3.147807300695662e-11
-2.299,-1.1403796674603912e-11,-3.187824556692589e-11
-2.298,-1.1520147862903057e-11,-3.228349375853716e-11
-2.297,-1.1637595407412492e-11,-3.269388176656787e-11
-2.296,-1.1756148115810182e-11,-3.310947458430579e-11
-2.295,-1.1875814838873753e-11,-3.353033802368231e-11
-2.294,-1.1996604470102694e-11,-3.3956538725531835e-11
-2.293,-1.21185259453233e-11,-3.4388144169978945e-11
-2.292,-1.2241588242275978e-11,-3.482522268695484e-11
-2.291,-1.2365800380184526e-11,-3.5267843466844705e-11
-2.29,-1.2491171419306957e-11,-3.571607657126754e-11
-2.289,-1.2617710460467506e-11,-3.616999294399023e-11
-2.288,-1.274542664456936e-11,-3.662966442197732e-11
-2.287,-1.2874329152087702e-11,-3.7095163746578336e-11
-2.286,-1.300442720254266e-11,-3.7566564574854265e-11
-2.285,-1.3135730053951673e-11,-3.804394149104491e-11
-2.284,-1.3268247002260887e-11,-3.852737001817889e-11
-2.283,-1.340198738075506e-11,-3.901692662982803e-11
-2.282,-1.3536960559445576e-11,-3.951268876200789e-11
-2.281,-1.3673175944436037e-11,-4.001473482522629e-11
-2.28,-1.3810642977265005e-11,-4.052314421668161e-11
-2.279,-1.3949371134225359e-11,-4.103799733261273e-11
-2.278,-1.4089369925659793e-11,-4.155937558080248e-11
-2.277,-1.4230648895231954e-11,-4.2087361393236456e-11
-2.276,-1.4373217619172669e-11,-4.262203823891917e-11
-2.275,-1.451708570550078e-11,-4.316349063684944e-11
-2.274,-1.4662262793218006e-11,-4.3711804169156966e-11
-2.273,-1.4808758551477323e-11,-4.426706549440214e-11
-2.272,-1.495658267872429e-11,-4.482936236104098e-11
-2.271,-1.5105744901810743e-11,-4.5398783621057325e-11
-2.27,-1.525625497508032e-11,-4.5975419243764386e-11
-2.269,-1.5408122679425178e-11,-4.6559360329777534e-11
-2.268,-1.556135782131338e-11,-4.715069912516067e-11
-2.267,-1.571597023178622e-11,-4.7749529035748144e-11
-2.266,-1.5871969765425048e-11,-4.83559446416445e-11
-2.265,-1.602936629928678e-11,-4.897004171190409e-11
-2.264,-1.6188169731807587e-11,-4.959191721939295e-11
-2.263,-1.6348389981674048e-11,-5.0221669355835014e-11
-2.262,-1.651003698666111e-11,-5.085939754704501e-11
-2.261,-1.6673120702436212e-11,-5.150520246835034e-11
-2.26,-1.683765110132884e-11,-5.215918606020423e-11
-2.259,-1.700363817106485e-11,-5.282145154399248e-11
-2.258,-1.7171091913464818e-11,-5.3492103438036337e-11
-2.257,-1.7340022343105747e-11,-5.417124757379362e-11
-2.256,-1.7510439485945308e-11,-5.4858991112260853e-11
-2.255,-1.7682353377907943e-11,-5.5555442560578613e-11
-2.254,-1.7855774063432042e-11,-5.626071178884275e-11
-2.253,-1.8030711593977393e-11,-5.6974910047123893e-11
-2.252,-1.8207176026492158e-11,-5.769814998269793e-11
-2.251,-1.8385177421838514e-11,-5.843054565748988e-11
-2.25,-1.8564725843176233e-11,-5.917221256573394e-11
-2.249,-1.874583135430324e-11,-5.992326765185219e-11
-2.248,-1.8928504017952442e-11,-6.068382932855484e-11
-2.247,-1.9112753894043843e-11,-6.145401749516455e-11
-2.246,-1.9298591037891158e-11,-6.223395355616764e-11
-2.245,-1.948602549836198e-11,-6.302376043999503e-11
-2.244,-1.9675067315990632e-11,-6.382356261803552e-11
-2.243,-1.9865726521042722e-11,-6.463348612388468e-11
-2.242,-2.0058013131530545e-11,-6.545365857283159e-11
-2.241,-2.0251937151178302e-11,-6.628420918158707e-11
-2.24,-2.0447508567336206e-11,-6.712526878825566e-11
-2.239,-2.0644737348842453e-11,-6.797696987255503e-11
-2.238,-2.0843633443832106e-11,-6.883944657628511e-11
-2.237,-2.10442067774918e-11,-6.971283472405067e-11
-2.236,-2.1246467249759276e-11,-7.059727184423999e-11
-2.235,-2.1450424732966676e-11,-7.149289719026301e-11
-2.234,-2.1656089069426497e-11,-7.239985176205192e-11
-2.233,-2.186347006895914e-11,-7.331827832782768e-11
-2.232,-2.2072577506360918e-11,-7.424832144613544e-11
-2.231,-2.2283421118811406e-11,-7.519012748815224e-11
-2.23,-2.249601060321895e-11,-7.614384466027051e-11
-2.229,-2.27103556135032e-11,-7.710962302696038e-11
-2.228,-2.2926465757813444e-11,-7.80876145339145e-11
-2.227,-2.3144350595681543e-11,-7.907797303147876e-11
-2.226,-2.3364019635108238e-11,-8.008085429837221e-11
-2.225,-2.3585482329581535e-11,-8.109641606570006e-11
-2.224,-2.3808748075025967e-11,-8.212481804126295e-11
-2.223,-2.403382620668134e-11,-8.316622193416643e-11
-2.222,-2.4260725995909725e-11,-8.422079147973413e-11
-2.221,-2.4489456646929304e-11,-8.528869246472836e-11
-2.22,-2.4720027293473696e-11,-8.637009275288194e-11
-2.219,-2.495244699537545e-11,-8.746516231074497e-11
-2.218,-2.518672473507216e-11,-8.857407323385051e-11
-2.217,-2.5422869414033917e-11,-8.969699977320288e-11
-2.216,-2.566088984911051e-11,-9.083411836209269e-11
-2.215,-2.5900794768796947e-11,-9.198560764324244e-11
-2.214,-2.6142592809415804e-11,-9.315164849628686e-11
-2.213,-2.6386292511214815e-11,-9.433242406559192e-11
-2.212,-2.6631902314378178e-11,-9.552811978841668e-11
-2.211,-2.6879430554949956e-11,-9.673892342342226e-11
-2.21,-2.7128885460668e-11,-9.796502507953205e-11
-2.209,-2.738027514670671e-11,-9.920661724514739e-11
-2.208,-2.7633607611326992e-11,-1.0046389481772317e-10
-2.207,-2.7888890731431683e-11,-1.0173705513370771e-10
-2.206,-2.8146132258024753e-11,-1.0302629799885125e-10
-2.205,-2.8405339811572493e-11,-1.0433182571888758e-10
-2.204,-2.8666520877264926e-11,-1.0565384313059346e-10
-2.203,-2.8929682800175616e-11,-1.0699255763323026e-10
-2.202,-2.9194832780318035e-11,-1.0834817922037253e-10
-2.201,-2.94619778675966e-11,-1.0972092051212825e-10
-2.2,-2.9731124956650476e-11,-1.1111099678775539e-10
-2.199,-3.000228078158823e-11,-1.1251862601867983e-10
-2.198,-3.0275451910611305e-11,-1.1394402890191921e-10
-2.197,-3.0550644740524374e-11,-1.1538742889391787e-10
-2.196,-3.0827865491130495e-11,-1.1684905224479778e-10
-2.195,-3.110712019950899e-11,-1.183291280330305e-10
-2.194,-3.1388414714173986e-11,-1.1982788820053534e-10
-2.193,-3.167175468911143e-11,-1.2134556758820892e-10
-2.192,-3.1957145577692385e-11,-1.2288240397189097e-10
-2.191,-3.2244592626460504e-11,-1.244386380987725e-10
-2.19,-3.253410086879124e-11,-1.260145137242507e-10
-2.189,-3.282567511842073e-11,-1.2761027764923688e-10
-2.188,-3.31193199628418e-11,-1.2922617975792212e-10
-2.187,-3.3415039756564945e-11,-1.30862473056007e-10
-2.186,-3.3712838614241694e-11,-1.3251941370940032e-10
-2.185,-3.401272040364803e-11,-1.3419726108339289e-10
-2.184,-3.431468873852534e-11,-1.3589627778231215e-10
-2.183,-3.4618746971276405e-11,-1.3761672968966316e-10
-2.182,-3.49248981855138e-11,-1.3935888600876216e-10
-2.181,-3.523314518845813e-11,-1.4112301930386838e-10
-2.18,-3.554349050318355e-11,-1.4290940554182043e-10
-2.179,-3.585593636070761e-11,-1.4471832413418305e-10
-2.178,-3.6170484691922996e-11,-1.4655005797991075e-10
-2.177,-3.648713711936823e-11,-1.4840489350853415e-10
-2.176,-3.680589494883439e-11,-1.502831207238758e-10
-2.175,-3.7126759160805277e-11,-1.521850332483015e-10
-2.174,-3.744973040172776e-11,-1.5411092836751383e-10
-2.173,-3.7774808975109586e-11,-1.5606110707589437e-10
-2.172,-3.8101994832441524e-11,-1.580358741224011e-10
-2.171,-3.843128756394076e-11,-1.6003553805702805e-10
-2.17,-3.8762686389112504e-11,-1.6206041127783334e-10
-2.169,-3.909619014712654e-11,-1.641108100785433e-10
-2.168,-3.9431797287005574e-11,-1.6618705469673898e-10
-2.167,-3.976950585762209e-11,-1.6828946936263215e-10
-2.166,-4.010931349750031e-11,-1.7041838234843833e-10
-2.165,-4.045121742442007e-11,-1.7257412601835358e-10
-2.164,-4.079521442481887e-11,-1.747570368791424e-10
-2.163,-4.114130084298893e-11,-1.769674556313444e-10
-2.162,-4.148947257006549e-11,-1.7920572722110692e-10
-2.161,-4.183972503280278e-11,-1.8147220089265108e-10
-2.16,-4.2192053182134095e-11,-1.8376723024137918e-10
-2.159,-4.2546451481512114e-11,-1.86091173267631e-10
-2.158,-4.2902913895025776e-11,-1.8844439243109673e-10
-2.157,-4.3261433875289806e-11,-1.908272547058945e-10
-2.156,-4.362200435110304e-11,-1.932401316363207e-10
-2.155,-4.398461771487151e-11,-1.956833993932807e-10
-2.154,-4.4349265809792284e-11,-1.9815743883140874e-10
-2.153,-4.471593991679398e-11,-2.0066263554688497e-10
-2.152,-4.5084630741229766e-11,-2.0319937993595765e-10
-2.151,-4.5455328399318586e-11,-2.057680672541799e-10
-2.15,-4.5828022404330323e-11,-2.0836909767636864e-10
-2.149,-4.620270165251059e-11,-2.1100287635729506e-10
-2.148,-4.657935440874058e-11,-2.1366981349311492e-10
-2.147,-4.6957968291927575e-11,-2.1637032438354783e-10
-2.146,-4.733853026012144e-11,-2.1910482949481465e-10
-2.145,-4.772102659535252e-11,-2.2187375452334157e-10
-2.144,-4.810544288818614e-11,-2.246775304602406e-10
-2.143,-4.849176402198891e-11,-2.2751659365657554e-10
-2.142,-4.8879974156901966e-11,-2.3039138588942268e-10
-2.141,-4.927005671351615e-11,-2.333023544287363e-10
-2.14,-4.966199435624411e-11,-2.362499521050279e-10
-2.139,-5.005576897638418e-11,-2.3923463737786946e-10
-2.138,-5.045136167487079e-11,-2.422568744052302e-10
-2.137,-5.084875274470618e-11,-2.453171331136572e-10
-2.136,-5.124792165306801e-11,-2.4841588926930985e-10
-2.135,-5.1648847023087345e-11,-2.515536245498578e-10
-2.134,-5.2051506615291566e-11,-2.5473082661725386e-10
-2.133,-5.245587730870649e-11,-2.57947989191391e-10
-2.132,-5.286193508161198e-11,-2.612056121246554e-10
-2.131,-5.326965499194526e-11,-2.645042014773847e-10
-2.13,-5.367901115734594e-11,-2.6784426959424395e-10
-2.129,-5.408997673483686e-11,-2.712263351815285e-10
-2.128,-5.450252390013451e-11,-2.746509233854067e-10
-2.127,-5.491662382658295e-11,-2.781185658711117e-10
-2.126,-5.533224666370483e-11,-2.816298009030954e-10
-2.125,-5.574936151536317e-11,-2.8518517342615497e-10
-2.124,-5.616793641752737e-11,-2.887852351475439e-10
-2.123,-5.658793831563685e-11,-2.924305446200792e-10
-2.122,-5.700933304155561e-11,-2.9612166732625675e-10
-2.121,-5.743208529011087e-11,-2.9985917576338693e-10
-2.12,-5.785615859520893e-11,-3.0364364952976196e-10
-2.119,-5.828151530552113e-11,-3.0747567541186835e-10
-2.118,-5.870811655973277e-11,-3.1135584747265616e-10
-2.117,-5.913592226134788e-11,-3.152847671408775e-10
-2.116,-5.956489105304219e-11,-3.192630433015076e-10
-2.115,-5.999498029055707e-11,-3.2329129238726107e-10
-2.114,-6.042614601612673e-11,-3.27370138471216e-10
-2.113,-6.08583429314308e-11,-3.315002133605597e-10
-2.112,-6.129152437006482e-11,-3.356821566914689e-10
-2.111,-6.172564226952018e-11,-3.3991661602513813e-10
-2.11,-6.216064714266583e-11,-3.4420424694496983e-10
-2.109,-6.259648804872328e-11,-3.4854571315494003e-10
-2.108,-6.303311256372656e-11,-3.529416865791535e-10
-2.107,-6.347046675045881e-11,-3.573928474626025e-10
-2.106,-6.390849512785662e-11,-3.618998844731435e-10
-2.105,-6.434714063987358e-11,-3.6646349480470597e-10
-2.104,-6.478634462379413e-11,-3.710843842817484e-10
-2.103,-6.522604677798837e-11,-3.7576326746497555e-10
-2.102,-6.566618512909914e-11,-3.805008677583329e-10
-2.101,-6.61066959986516e-11,-3.8529791751729255e-10
-2.1,-6.654751396907616e-11,-3.9015515815844576e-10
-2.099,-6.698857184913488e-11,-3.950733402704187e-10
-2.098,-6.742980063874181e-11,-4.0005322372612596e-10
-2.097,-6.787112949316718e-11,-4.050955777963778e-10
-2.096,-6.831248568661542e-11,-4.102011812648578e-10
-2.095,-6.875379457516679e-11,-4.153708225444864e-10
-2.094,-6.919497955907218e-11,-4.2060529979518673e-10
-2.093,-6.963596204439054e-11,-4.2590542104307005e-10
-2.092,-7.007666140395833e-11,-4.312720043010564e-10
-2.091,-7.05169949376798e-11,-4.367058776909486e-10
-2.09,-7.095687783212739e-11,-4.422078795669756e-10
-2.089,-7.139622311944085e-11,-4.4777885864082326e-10
-2.088,-7.183494163551355e-11,-4.534196741081702e-10
-2.087,-7.227294197745467e-11,-4.5913119577674534e-10
-2.086,-7.271013046031526e-11,-4.6491430419592673e-10
-2.085,-7.314641107306638e-11,-4.707698907878984e-10
-2.084,-7.358168543381706e-11,-4.766988579803838e-10
-2.083,-7.401585274425982e-11,-4.827021193409761e-10
-2.082,-7.44488097433313e-11,-4.887805997130803e-10
-2.081,-7.488045066007504e-11,-4.949352353534911e-10
-2.08,-7.531066716569394e-11,-5.01166974071621e-10
-2.079,-7.573934832477874e-11,-5.074767753704017e-10
-2.078,-7.616638054569964e-11,-5.138656105888761e-10
-2.077,-7.65916475301474e-11,-5.203344630465016e-10
-2.076,-7.701503022181013e-11,-5.268843281891852e-10
-2.075,-7.743640675417187e-11,-5.3351621373707e-10
-2.074,-7.785565239741881e-11,-5.402311398340932e-10
-2.073,-7.827263950443881e-11,-5.470301391993387e-10
-2.072,-7.868723745589955e-11,-5.539142572802022e-10
-2.071,-7.90993126043905e-11,-5.608845524073915e-10
-2.07,-7.950872821761362e-11,-5.679420959517854e-10
-2.069,-7.99153444206077e-11,-5.750879724831681e-10
-2.068,-8.031901813699043e-11,-5.823232799308664e-10
-2.067,-8.07196030292029e-11,-5.896491297463089e-10
-2.066,-8.111694943774008e-11,-5.970666470675292e-10
-2.065,-8.151090431935135e-11,-6.045769708856387e-10
-2.064,-8.190131118419448e-11,-6.12181254213289e-10
-2.063,-8.228801003192608e-11,-6.198806642551484e-10
-2.062,-8.267083728671192e-11,-6.276763825804164e-10
-2.061,-8.304962573113949e-11,-6.355696052973997e-10
-2.06,-8.342420443901535e-11,-6.435615432301728e-10
-2.059,-8.379439870702953e-11,-6.516534220973488e-10
-2.058,-8.41600299852688e-11,-6.598464826929845e-10
-2.057,-8.45209158065605e-11,-6.681419810696444e-10
-2.056,-8.487686971462813e-11,-6.765411887236488e-10
-2.055,-8.522770119104006e-11,-6.850453927825318e-10
-2.054,-8.55732155809318e-11,-6.936558961947351e-10
-2.053,-8.591321401748242e-11,-7.023740179215617e-10
-2.052,-8.62474933451255e-11,-7.11201093131419e-10
-2.051,-8.657584604147412e-11,-7.201384733963749e-10
-2.05,-8.689806013793967e-11,-7.291875268910556e-10
-2.049,-8.721391913902372e-11,-7.383496385939109e-10
-2.048,-8.752320194026192e-11,-7.476262104908763e-10
-2.047,-8.782568274479823e-11,-7.570186617814574e-10
-2.046,-8.812113097856824e-11,-7.665284290872672e-10
-2.045,-8.840931120406916e-11,-7.761569666630419e-10
-2.044,-8.868998303269417e-11,-7.859057466101669e-10
-2.043,-8.896290103560858e-11,-7.957762590927392e-10
-2.042,-8.922781465314437e-11,-8.057700125561978e-10
-2.041,-8.94844681026901e-11,-8.158885339485511e-10
-2.04,-8.973260028505192e-11,-8.261333689442298e-10
-2.039,-8.997194468926211e-11,-8.365060821705985e-10
-2.038,-9.020222929580997e-11,-8.470082574371541e-10
-2.037,-9.04231764782707e-11,-8.576414979674436e-10
-2.036,-9.063450290330674e-11,-8.684074266337322e-10
-2.035,-9.083591942901592e-11,-8.793076861944527e-10
-2.034,-9.102713100160039e-11,-8.903439395344698e-10
-2.033,-9.120783655032996e-11,-9.015178699081903e-10
-2.032,-9.137772888077289e-11,-9.128311811855527e-10
-2.031,-9.153649456626683e-11,-9.242855981009293e-10
-2.03,-9.168381383760245e-11,-9.358828665049738e-10
-2.029,-9.181936047089141e-11,-9.47624753619449e-10
-2.028,-9.19428016735903e-11,-9.595130482950685e-10
-2.027,-9.20537979686515e-11,-9.715495612723871e-10
-2.026,-9.21520030767717e-11,-9.83736125445774e-10
-2.025,-9.223706379670813e-11,-9.960745961305065e-10
-2.024,-9.230861988363206e-11,-1.0085668513330169e-9
-2.023,-9.236630392548922e-11,-1.0212147920243317e-9
-2.022,-9.240974121733553e-11,-1.0340203424167378e-9
-2.021,-9.243854963361653e-11,-1.0469854502437126e-9
-2.02,-9.245233949835854e-11,-1.0601120870431568e-9
-2.019,-9.245071345323863e-11,-1.073402248443967e-9
-2.018,-9.243326632350037e-11,-1.0868579544559848e-9
-2.017,-9.239958498168167e-11,-1.1004812497633638e-9
-2.016,-9.234924820912055e-11,-1.1142742040213913e-9
-2.015,-9.228182655520418e-11,-1.1282389121568053e-9
-2.014,-9.219688219432583e-11,-1.1423774946716451e-9
-2.013,-9.209396878051428e-11,-1.1566920979506794e-9
-2.012,-9.197263129969912e-11,-1.1711848945724474e-9
-2.011,-9.18324059195752e-11,-1.1858580836239587e-9
-2.01,-9.167281983702892e-11,-1.2007138910190923e-9
-2.009,-9.149339112308839e-11,-1.2157545698207344e-9
-2.008,-9.129362856535881e-11,-1.2309824005667014e-9
-2.007,-9.107303150790404e-11,-1.2463996915994875e-9
-2.006,-9.083108968853487e-11,-1.2620087793998846e-9
-2.005,-9.056728307346321e-11,-1.2778120289245127e-9
-2.004,-9.028108168928188e-11,-1.2938118339473112e-9
-2.003,-8.997194545222809e-11,-1.3100106174050314e-9
-2.002,-8.963932399468853e-11,-1.3264108317467783e-9
-2.001,-8.928265648890347e-11,-1.3430149592876466e-9
-2.0,-8.890137146782626e-11,-1.359825512566497e-9
-1.999,-8.849488664309427e-11,-1.3768450347079196e-9
-1.998,-8.806260872006651e-11,-1.394076099788433e-9
-1.997,-8.760393320988256e-11,-1.411521313206966e-9
-1.996,-8.711824423849657e-11,-1.4291833120596682e-9
-1.995,-8.660491435263982e-11,-1.4470647655191048e-9
-1.994,-8.606330432266416e-11,-1.4651683752178756e-9
-1.993,-8.549276294221816e-11,-1.4834968756367172e-9
-1.992,-8.489262682470713e-11,-1.5020530344971333e-9
-1.991,-8.426222019648735e-11,-1.5208396531586055e-9
-1.99,-8.360085468674404e-11,-1.539859567020437e-9
-1.989,-8.290782911400203e-11,-1.5591156459282805e-9
-1.988,-8.21824292692171e-11,-1.5786107945854025e-9
-1.987,-8.142392769539554e-11,-1.5983479529687392e-9
-1.986,-8.063158346368803e-11,-1.6183300967497943e-9
-1.985,-7.980464194590411e-11,-1.6385602377204373e-9
-1.984,-7.89423345833916e-11,-1.659041424223653e-9
-1.983,-7.804387865222551e-11,-1.679776741589302e-9
-1.982,-7.710847702464949e-11,-1.7007693125749429e-9
-1.981,-7.613531792671214e-11,-1.7220222978117788e-9
-1.98,-7.512357469203993e-11,-1.7435388962557812e-9
-1.979,-7.407240551168729e-11,-1.7653223456440503e-9
-1.978,-7.298095318000368e-11,-1.7873759229564704e-9
-1.977,-7.184834483645654e-11,-1.8097029448827201e-9
-1.976,-7.067369170334806e-11,-1.8323067682946951e-9
-1.975,-6.945608881936289e-11,-1.8551907907244062e-9
-1.974,-6.819461476888293e-11,-1.8783584508474114e-9
-1.973,-6.688833140700419e-11,-1.901813228971846e-9
-1.972,-6.553628358019019e-11,-1.9255586475331097e-9
-1.971,-6.413749884249494e-11,-1.9495982715942764e-9
-1.97,-6.269098716728773e-11,-1.97393570935229e-9
-1.969,-6.119574065441105e-11,-1.998574612650008e-9
-1.968,-5.965073323270182e-11,-2.023518677494162e-9
-1.967,-5.805492035780501e-11,-2.048771644579294e-9
-1.966,-5.640723870520785e-11,-2.0743372998177416e-9
-1.965,-5.470660585842163e-11,-2.100219474875738e-9
-1.964,-5.295191999223706e-11,-2.1264220477156866e-9
-1.963,-5.1142059550978095e-11,-2.1529489431446896e-9
-1.962,-4.92758829216779e-11,-2.1798041333693927e-9
-1.961,-4.7352228102099604e-11,-2.206991638557215e-9
-1.96,-4.536991236352334e-11,-2.234515527404042e-9
-1.959,-4.3327731908219855e-11,-2.262379917708441e-9
-1.958,-4.12244615215298e-11,-2.2905889769524814e-9
-1.957,-3.9058854218466655e-11,-2.3191469228892287e-9
-1.956,-3.682964088476001e-11,-2.348058024136982e-9
-1.955,-3.453552991225464e-11,-2.3773266007803335e-9
-1.954,-3.217520682857969e-11,-2.4069570249781265e-9
-1.953,-2.974733392100078e-11,-2.43695372157838e-9
-1.952,-2.7250549854366957e-11,-2.4673211687402632e-9
-1.951,-2.468346928306255e-11,-2.498063898563193e-9
-1.95,-2.204468245687328e-11,-2.5291864977231367e-9
-1.949,-1.933275482067411e-11,-2.5606936081161933e-9
-1.948,-1.6546226607845314e-11,-2.592589927509535e-9
-1.947,-1.3683612427321638e-11,-2.624880210199793e-9
-1.946,-1.074340084417818e-11,-2.6575692676789608e-9
-1.945,-7.724053953655078e-12,-2.6906619693079048e-9
-1.944,-4.6240069485217285e-12,-2.724163242997559e-9
-1.943,-1.4416676796797658e-12,-2.7580780758978924e-9
-1.942,1.824583790097466e-12,-2.7924115150947276e-9
-1.941,5.176395639392686e-12,-2.8271686683145032e-9
-1.94,8.615444748444993e-12,-2.8623547046370566e-9
-1.939,1.214343716662955e-11,-2.8979748552165256e-9
-1.938,1.576210858722505e-11,-2.9340344140104446e-9
-1.937,1.9473224829578956e-11,-2.970538738517134e-9
-1.936,2.3278582328782136e-11,-3.0074932505214676e-9
-1.935,2.7180008632966135e-11,-3.0449034368491062e-9
-1.934,3.1179362908338026e-11,-3.082774850129296e-9
-1.933,3.527853645206943e-11,-3.1211131095663148e-9
-1.932,3.9479453213158056e-11,-3.159923901719668e-9
-1.931,4.37840703213817e-11,-3.1992129812931226e-9
-1.93,4.819437862446673e-11,-3.2389861719326735e-9
-1.929,5.271240323359443e-11,-3.279249367033545e-9
-1.928,5.73402040773708e-11,-3.320008530556317e-9
-1.927,6.207987646438689e-11,-3.361269697852273e-9
-1.926,6.693355165449898e-11,-3.4030389764980803e-9
-1.925,7.190339743895944e-11,-3.445322547139883e-9
-1.924,7.699161872953128e-11,-3.4881266643469285e-9
-1.923,8.220045815672121e-11,-3.531457657474813e-9
-1.922,8.753219667726816e-11,-3.5753219315384585e-9
-1.921,9.298915419102588e-11,-3.6197259680949194e-9
-1.92,9.85736901673808e-11,-3.6646763261361283e-9
-1.919,1.0428820428134776e-10,-3.710179642991679e-9
-1.918,1.1013513705948886e-10,-3.756242635241762e-9
-1.917,1.1611697053580247e-10,-3.802872099640356e-9
-1.916,1.2223622891773164e-10,-3.850074914048776e-9
-1.915,1.2849547926244353e-10,-3.897858038379709e-9
-1.914,1.3489733216353328e-10,-3.946228515551821e-9
-1.913,1.4144444244830857e-10,-3.995193472455073e-9
-1.912,1.4813950988581258e-10,-4.044760120926833e-9
-1.911,1.5498527990574648e-10,-4.094935758738919e-9
-1.91,1.6198454432845347e-10,-4.1457277705956835e-9
-1.909,1.691401421061305e-10,-4.197143629143243e-9
-1.908,1.764549600754343e-10,-4.249190895989981e-9
-1.907,1.8393193372165266e-10,-4.301877222738447e-9
-1.906,1.915740479546127e-10,-4.355210352028754e-9
-1.905,1.9938433789650184e-10,-4.409198118593609e-9
-1.904,2.0736588968177842e-10,-4.4638484503250985e-9
-1.903,2.1552184126935254e-10,-4.519169369353338e-9
-1.902,2.2385538326721976e-10,-4.575168993137121e-9
-1.901,2.32369759769733e-10,-4.631855535566696e-9
-1.9,2.4106826920770084e-10,-4.6892373080787804e-9
-1.899,2.499542652115032e-10,-4.747322720783955e-9
-1.898,2.590311574874173e-10,-4.80612028360656e-9
-1.897,2.683024127073517e-10,-4.8656386074372265e-9
-1.896,2.7777155541218587e-10,-4.925886405298162e-9
-1.895,2.874421689289195e-10,-4.986872493521344e-9
-1.894,2.9731789630183426e-10,-5.048605792939724e-9
-1.893,3.0740244123787874e-10,-5.1110953300916156e-9
-1.892,3.176995690664848e-10,-5.174350238438359e-9
-1.891,3.2821310771403204e-10,-5.2383797595954305e-9
-1.89,3.3894694869317583e-10,-5.303193244577125e-9
-1.889,3.499050481072598e-10,-5.3688001550549445e-9
-1.888,3.6109142767003684e-10,-5.435210064629842e-9
-1.887,3.725101757409243e-10,-5.502432660118453e-9
-1.886,3.841654483760245e-10,-5.57047774285347e-9
-1.885,3.960614703951435e-10,-5.639355229998293e-9
-1.884,4.0820253646504437e-10,-5.7090751558761025e-9
-1.883,4.2059301219917584e-10,-5.779647673313512e-9
-1.882,4.3323733527411986e-10,-5.851083054998929e-9
-1.881,4.4614001656300475e-10,-5.923391694855799e-9
-1.88,4.593056412861349e-10,-5.996584109430853e-9
-1.879,4.727388701790912e-10,-6.070670939297539e-9
-1.878,4.864444406785609e-10,-6.14566295047477e-9
-1.877,5.004271681261568e-10,-6.221571035861158e-9
-1.876,5.146919469904937e-10,-6.298406216684869e-9
-1.875,5.292437521077887e-10,-6.376179643969282e-9
-1.874,5.440876399412612e-10,-6.454902600014592e-9
-1.873,5.592287498596072e-10,-6.534586499895523e-9
-1.872,5.746723054348303e-10,-6.615242892975308e-9
-1.871,5.904236157597149e-10,-6.696883464436107e-9
-1.87,6.064880767852291e-10,-6.779520036826019e-9
-1.869,6.228711726781523e-10,-6.863164571622849e-9
-1.868,6.395784771992247e-10,-6.947829170814815e-9
-1.867,6.566156551021187e-10,-7.0335260784983406e-9
-1.866,6.739884635535421e-10,-7.1202676824931115e-9
-1.865,6.917027535747795e-10,-7.2080665159745794e-9
-1.864,7.097644715049896e-10,-7.296935259124058e-9
-1.863,7.281796604865768e-10,-7.386886740796607e-9
-1.862,7.46954461972962e-10,-7.477933940206874e-9
-1.861,7.660951172590802e-10,-7.570089988633063e-9
-1.86,7.856079690349385e-10,-7.663368171139209e-9
-1.859,8.054994629625744e-10,-7.757781928315953e-9
-1.858,8.257761492767544e-10,-7.853344858039973e-9
-1.857,8.464446844097641e-10,-7.950070717252269e-9
-1.856,8.675118326406402e-10,-8.047973423755481e-9
-1.855,8.889844677692034e-10,-8.147067058030432e-9
-1.854,9.108695748152548e-10,-8.247365865072064e-9
-1.853,9.331742517433058e-10,-8.348884256244975e-9
-1.852,9.55905711213211e-10,-8.45163681115873e-9
-1.851,9.790712823570887e-10,-8.55563827956315e-9
-1.85,1.0026784125829067e-9,-8.660903583263755e-9
-1.849,1.0267346694051289e-9,-8.76744781805758e-9
-1.848,1.0512477423028145e-9,-8.875286255689516e-9
-1.847,1.0762254446055711e-9,-8.984434345829433e-9
-1.846,1.1016757154077702e-9,-9.09490771807021e-9
-1.845,1.1276066215114344e-9,-9.206722183946946e-9
-1.844,1.1540263593982182e-9,-9.319893738977484e-9
-1.843,1.180943257230903e-9,-9.434438564724515e-9
-1.842,1.2083657768848391e-9,-9.550373030879394e-9
-1.841,1.2363025160097697e-9,-9.667713697367957e-9
-1.84,1.2647622101224804e-9,-9.786477316478454e-9
-1.839,1.2937537347307223e-9,-9.906680835011895e-9
-1.838,1.3232861074888632e-9,-1.002834139645494e-8
-1.837,1.3533684903857312e-9,-1.0151476343175611e-8
-1.836,1.384010191965116e-9,-1.0276103218641978e-8
-1.835,1.4152206695794038e-9,-1.0402239769664089e-8
-1.834,1.4470095316768288e-9,-1.0529903948659311e-8
-1.833,1.479386540122827e-9,-1.065911391594134e-8
-1.832,1.5123616125559898e-9,-1.0789888042033055e-8
-1.831,1.5459448247791186e-9,-1.0922244910003488e-8
-1.83,1.5801464131858908e-9,-1.1056203317829074e-8
-1.829,1.6149767772236531e-9,-1.1191782280779455e-8
-1.828,1.6504464818928658e-9,-1.1329001033828026e-8
-1.827,1.6865662602837304e-9,-1.1467879034087473e-8
-1.826,1.723347016150539e-9,-1.1608435963270506e-8
-1.825,1.7607998265242917e-9,-1.1750691730176038e-8
-1.824,1.7989359443641362e-9,-1.1894666473201035e-8
-1.823,1.8377668012481926e-9,-1.2040380562878248e-8
-1.822,1.877304010104332e-9,-1.2187854604440092e-8
-1.821,1.9175593679814874e-9,-1.2337109440408883e-8
-1.82,1.9585448588620847e-9,-1.2488166153213681e-8
-1.819,2.0002726565161833e-9,-1.2641046067833959e-8
-1.818,2.042755127397938e-9,-1.2795770754470363e-8
-1.817,2.086004833584982e-9,-1.2952362031242787e-8
-1.816,2.130034535761361e-9,-1.3110841966915987e-8
-1.815,2.1748571962446406e-9,-1.3271232883653027e-8
-1.814,2.2204859820578297e-9,-1.343355735979674e-8
-1.813,2.266934268046759e-9,-1.3597838232679504e-8
-1.812,2.314215640043579e-9,-1.3764098601461529e-8
-1.811,2.362343898077034e-9,-1.3932361829997956e-8
-1.81,2.411333059630192e-9,-1.4102651549734974e-8
-1.809,2.4611973629463123e-9,-1.4274991662635224e-8
-1.808,2.5119512703835395e-9,-1.4449406344132747e-8
-1.807,2.563609471819137e-9,-1.4625920046117719e-8
-1.806,2.6161868881039617e-9,-1.4804557499951232e-8
-1.805,2.6696986745679073e-9,-1.498534371951038e-8
-1.804,2.7241602245770517e-9,-1.5168304004263896e-8
-1.803,2.779587173143246e-9,-1.5353463942378623e-8
-1.802,2.835995400586905e-9,-1.554084941385705e-8
-1.801,2.8934010362537524e-9,-1.573048659370618e-8
-1.8,2.9518204622863126e-9,-1.5922401955138023e-8
-1.799,3.011270317450915e-9,-1.611662227280192e-8
-1.798,3.0717675010210242e-9,-1.6313174626049034e-8
-1.797,3.133329176717691e-9,-1.6512086402229202e-8
-1.796,3.195972776707951e-9,-1.671338530002047e-8
-1.795,3.259716005662e-9,-1.6917099332791536e-8
-1.794,3.324576844869982e-9,-1.7123256831997414e-8
-1.793,3.3905735564192554e-9,-1.7331886450608557e-8
-1.792,3.4577246874329876e-9,-1.7543017166573713e-8
-1.791,3.52604907437097e-9,-1.7756678286316785e-8
-1.79,3.5955658473935354e-9,-1.797289944826801e-8
-1.789,3.6662944347894786e-9,-1.8191710626429654e-8
-1.788,3.738254567468904e-9,-1.841314213397656e-8
-1.787,3.811466283521915e-9,-1.8637224626891813e-8
-1.786,3.885949932844099e-9,-1.8863989107637766e-8
-1.785,3.961726181829749e-9,-1.9093466928862753e-8
-1.784,4.038816018133799e-9,-1.932568979714373e-8
-1.783,4.117240755503446e-9,-1.956068977676513e-8
-1.782,4.1970220386804575e-9,-1.9798499293534245e-8
-1.781,4.278181848375167e-9,-2.0039151138633353e-8
-1.78,4.360742506313183e-9,-2.028267847250893e-8
-1.779,4.444726680355848e-9,-2.05291148287982e-8
-1.778,4.5301573896954906e-9,-2.07784941182933e-8
-1.777,4.617058010126548e-9,-2.103085063294339e-8
-1.776,4.705452279393621e-9,-2.12862190498949e-8
-1.775,4.795364302617571e-9,-2.1544634435570286e-8
-1.774,4.886818557800763e-9,-2.1806132249785562e-8
-1.773,4.979839901412576e-9,-2.2070748349906838e-8
-1.772,5.074453574056326e-9,-2.2338518995046215e-8
-1.771,5.170685206218754e-9,-2.260948085029729e-8
-1.77,5.268560824103256e-9,-2.288367099101056e-8
-1.769,5.368106855548033e-9,-2.3161126907109016e-8
-1.768,5.469350136030383e-9,-2.3441886507444203e-8
-1.767,5.572317914758332e-9,-2.3725988124193056e-8
-1.766,5.6770378608508715e-9,-2.4013470517295762e-8
-1.765,5.7835380696080235e-9,-2.4304372878934954e-8
-1.764,5.891847068872041e-9,-2.459873483805656e-8
-1.763,6.0019938254810045e-9,-2.4896596464932485e-8
-1.762,6.114007751816136e-9,-2.519799827576556e-8
-1.761,6.227918712444158e-9,-2.5502981237336902e-8
-1.76,6.343757030856036e-9,-2.5811586771696077e-8
-1.759,6.461553496303462e-9,-2.6123856760894272e-8
-1.758,6.581339370734476e-9,-2.6439833551760832e-8
-1.757,6.703146395829603e-9,-2.675955996072338e-8
-1.756,6.8270068001399525e-9,-2.7083079278671848e-8
-1.755,6.952953306328686e-9,-2.7410435275866668e-8
-1.754,7.081019138517345e-9,-2.774167220689146e-8
-1.753,7.211238029738488e-9,-2.8076834815650404e-8
-1.752,7.3436442294961516e-9,-2.8415968340410687e-8
-1.751,7.47827251143566e-9,-2.8759118518890224e-8
-1.75,7.615158181124297e-9,-2.910633159339094e-8
-1.749,7.754337083944435e-9,-2.945765431597795e-8
-1.748,7.895845613100679e-9,-2.981313395370482e-8
-1.747,8.039720717742622e-9,-3.017281829388528e-8
-1.746,8.185999911204889e-9,-3.0536755649411553e-8
-1.745,8.33472127936604e-9,-3.09049948641197e-8
-1.744,8.485923489128067e-9,-3.127758531820214e-8
-1.743,8.639645797018147e-9,-3.165457693366766e-8
-1.742,8.795928057914376e-9,-3.2036020179849185e-8
-1.741,8.954810733897212e-9,-3.242196607895955e-8
-1.74,9.11633490322842e-9,-3.28124662116956e-8
-1.739,9.280542269459261e-9,-3.320757272289074e-8
-1.738,9.447475170669778e-9,-3.3607338327216345e-8
-1.737,9.617176588840994e-9,-3.401181631493224e-8
-1.736,9.789690159361888e-9,-3.44210605576864e-8
-1.735,9.965060180673027e-9,-3.48351255143643e-8
-1.734,1.0143331624048784e-8,-3.5254066236987994e-8
-1.733,1.0324550143520067e-8,-3.567793837666528e-8
-1.732,1.0508762085939511e-8,-3.610679818958915e-8
-1.731,1.0696014501191166e-8,-3.654070254308776e-8
-1.73,1.0886355152546638e-8,-3.697970892172517e-8
-1.729,1.1079832527169781e-8,-3.7423875433453065e-8
-1.728,1.1276495846771992e-8,-3.7873260815813716e-8
-1.727,1.1476395078420193e-8,-3.832792444219439e-8
-1.726,1.167958094549966e-8,-3.878792632813342e-8
-1.725,1.1886104938833839e-8,-3.925332713767817e-8
-1.724,1.2096019327963333e-8,-3.9724188189795095e-8
-1.723,1.2309377172586286e-8,-4.0200571464832096e-8
-1.722,1.2526232334162404e-8,-4.068253961103345e-8
-1.721,1.2746639487682894e-8,-4.117015595110735e-8
-1.72,1.2970654133608621e-8,-4.166348448884644e-8
-1.719,1.319833260997883e-8,-4.216258991580142e-8
-1.718,1.3429732104692787e-8,-4.26675376180079e-8
-1.717,1.3664910667966772e-8,-4.317839368276679e-8
-1.716,1.3903927224968812e-8,-4.369522490547824e-8
-1.715,1.4146841588633665e-8,-4.421809879652943e-8
-1.714,1.4393714472660516e-8,-4.474708358823635e-8
-1.713,1.4644607504695954e-8,-4.528224824183963e-8
-1.712,1.4899583239704773e-8,-4.5823662454554704e-8
-1.711,1.5158705173531185e-8,-4.637139666667638e-8
-1.71,1.542203775665314e-8,-4.692552206873792e-8
-1.709,1.568964640813235e-8,-4.748611060872486e-8
-1.708,1.5961597529762756e-8,-4.80532349993436e-8
-1.707,1.6237958520420222e-8,-4.8626968725344904e-8
-1.706,1.6518797790616158e-8,-4.920738605090247e-8
-1.705,1.6804184777257942e-8,-4.979456202704657e-8
-1.704,1.7094189958618978e-8,-5.0388572499152973e-8
-1.703,1.7388884869521305e-8,-5.0989494114487103e-8
-1.702,1.7688342116733636e-8,-5.1597404329803625e-8
-1.701,1.799263539458785e-8,-5.221238141900145e-8
-1.7,1.8301839500816938e-8,-5.283450448083424e-8
-1.699,1.8616030352617403e-8,-5.346385344667645e-8
-1.698,1.8935285002939282e-8,-5.4100509088345e-8
-1.697,1.9259681657006865e-8,-5.47445530259765e-8
-1.696,1.9589299689073284e-8,-5.539606773596011e-8
-1.695,1.9924219659412235e-8,-5.60551365589261e-8
-1.694,2.0264523331550024e-8,-5.672184370778995e-8
-1.693,2.06102936897413e-8,-5.739627427585216e-8
-1.692,2.0961614956691764e-8,-5.8078514244953555e-8
-1.691,2.1318572611531295e-8,-5.8768650493686234e-8
-1.69,2.1681253408040876e-8,-5.946677080565994e-8
-1.689,2.2049745393136837e-8,-6.017296387782395e-8
-1.688,2.2424137925615906e-8,-6.088731932884424e-8
-1.687,2.2804521695164692e-8,-6.160992770753598e-8
-1.686,2.3190988741637146e-8,-6.234088050135127e-8
-1.685,2.3583632474603724e-8,-6.308027014492175e-8
-1.684,2.398254769317593e-8,-6.382819002865627e-8
-1.683,2.4387830606110034e-8,-6.458473450739335e-8
-1.682,2.479957885219376e-8,-6.534999890910824e-8
-1.681,2.521789152091976e-8,-6.612407954367434e-8
-1.68,2.5642869173449912e-8,-6.690707371167906e-8
-1.679,2.607461386387425e-8,-6.76990797132935e-8
-1.678,2.651322916076867e-8,-6.85001968571962e-8
-1.677,2.6958820169055404e-8,-6.93105254695503e-8
-1.676,2.7411493552170417e-8,-7.013016690303405e-8
-1.675,2.78713575545419e-8,-7.095922354592454e-8
-1.674,2.833852202438408e-8,-7.179779883123388e-8
-1.673,2.8813098436810635e-8,-7.264599724589817e-8
-1.672,2.9295199917272078e-8,-7.35039243400183e-8
-1.671,2.9784941265321457e-8,-7.437168673615275e-8
-1.67,3.0282438978712875e-8,-7.52493921386615e-8
-1.669,3.078781127783736e-8,-7.613714934310131e-8
-1.668,3.130117813050056e-8,-7.70350682456712e-8
-1.667,3.1822661277047e-8,-7.794325985270833e-8
-1.666,3.235238425583557e-8,-7.886183629023353e-8
-1.665,3.289047242907092e-8,-7.979091081354594e-8
-1.664,3.343705300899573e-8,-8.073059781686648e-8
-1.663,3.399225508444852e-8,-8.16810128430294e-8
-1.662,3.4556209647792136e-8,-8.264227259322154e-8
-1.661,3.512904962221787e-8,-8.361449493676856e-8
-1.66,3.571090988943015e-8,-8.45977989209677e-8
-1.659,3.6301927317717105e-8,-8.559230478096625e-8
-1.658,3.690224079041214e-8,-8.659813394968534e-8
-1.657,3.751199123475176e-8,-8.761540906778799e-8
-1.656,3.813132165113498e-8,-8.864425399369114e-8
-1.655,3.876037714278983e-8,-8.968479381362057e-8
-1.654,3.939930494585226e-8,-9.07371548517081e-8
-1.653,4.004825445986313e-8,-9.180146468013027e-8
-1.652,4.070737727868882e-8,-9.287785212928765e-8
-1.651,4.137682722187119e-8,-9.39664472980239e-8
-1.65,4.2056760366412616e-8,-9.506738156388358e-8
-1.649,4.2747335079002005e-8,-9.618078759340812e-8
-1.648,4.344871204868756e-8,-9.730679935246864e-8
-1.647,4.416105432000245e-8,-9.844555211663467e-8
-1.646,4.488452732654932e-8,-9.9597182481578e-8
-1.645,4.5619298925049826e-8,-1.0076182837351023e-7
-1.644,4.636553942986542e-8,-1.0193962905965326e-7
-1.643,4.712342164799565e-8,-1.0313072515874129e-7
-1.642,4.78931209145604e-8,-1.043352586515533e-7
-1.641,4.8674815128772455e-8,-1.0555337289147485e-7
-1.64,4.946868479040699e-8,-1.067852126150877e-7
-1.639,5.02749130367746e-8,-1.0803092395278624e-7
-1.638,5.109368568020452e-8,-1.0929065443941912e-7
-1.637,5.192519124604495e-8,-1.10564553024955e-7
-1.636,5.276962101118717e-8,-1.1185277008517058e-7
-1.635,5.3627169043120626e-8,-1.1315545743235984e-7
-1.634,5.449803223952584e-8,-1.1447276832606275e-7
-1.633,5.538241036841245e-8,-1.1580485748381183e-7
-1.632,5.6280506108809516e-8,-1.1715188109189522e-7
-1.631,5.7192525092015405e-8,-1.185139968161342e-7
-1.63,5.8118675943414733e-8,-1.1989136381267387e-7
-1.629,5.905917032486986e-8,-1.2128414273878479e-7
-1.628,6.001422297769445e-8,-1.226924957636742e-7
-1.627,6.098405176621694e-8,-1.241165865793046e-7
-1.626,6.196887772194155e-8,-1.2555658041121793e-7
-1.625,6.296892508831496e-8,-1.2701264402936322e-7
-1.624,6.398442136610623e-8,-1.2848494575892616e-7
-1.623,6.50155973594086e-8,-1.2997365549115755e-7
-1.622,6.606268722227093e-8,-1.3147894469419958e-7
-1.621,6.712592850596721e-8,-1.330009864239069e-7
-1.62,6.820556220691258e-8,-1.3453995533466053e-7
-1.619,6.930183281523434e-8,-1.3609602769017226e-7
-1.618,7.041498836400655e-8,-1.3766938137427717e-7
-1.617,7.15452804791568e-8,-1.3926019590171166e-7
-1.616,7.269296443005431e-8,-1.408686524288745e-7
-1.615,7.385829918078789e-8,-1.4249493376456852e-7
-1.614,7.504154744214313e-8,-1.4413922438071975e-7
-1.613,7.624297572428763e-8,-1.45801710423072e-7
-1.612,7.746285439017404e-8,-1.4748257972185324e-7
-1.611,7.870145770966967e-8,-1.491820218024116e-7
-1.61,7.99590639144227e-8,-1.5090022789581766e-7
-1.609,8.123595525347425e-8,-1.5263739094942984e-7
-1.608,8.25324180496263e-8,-1.543937056374202e-7
-1.607,8.384874275657505e-8,-1.561693683712573e-7
-1.606,8.518522401681989e-8,-1.5796457731014238e-7
-1.605,8.654216072035804e-8,-1.597795323713962e-7
-1.604,8.791985606417495e-8,-1.6161443524079264e-7
-1.603,8.9318617612541e-8,-1.6346948938283562e-7
-1.602,9.073875735812473e-8,-1.6534490005097572e-7
-1.601,9.218059178393345e-8,-1.672408742977628e-7
-1.6,9.364444192609172e-8,-1.691576209849306e-7
-1.599,9.513063343746875e-8,-1.7109535079341013e-7
-1.598,9.663949665216552e-8,-1.7305427623326647e-7
-1.597,9.81713666508729e-8,-1.7503461165355662e-7
-1.596,9.972658332711197e-8,-1.7703657325210253e-7
-1.595,1.0130549145436776e-7,-1.7906037908517635e-7
-1.594,1.029084407541283e-7,-1.8110624907709258e-7
-1.593,1.045357859648403e-7,-1.8317440502970307e-7
-1.592,1.061878869117934e-7,-1.8526507063179012e-7
-1.591,1.0786510857794498e-7,-1.8737847146835288e-7
-1.59,1.0956782117569753e-7,-1.8951483502978242e-7
-1.589,1.1129640021964093e-7,-1.916743907209202e-7
-1.588,1.1305122660027181e-7,-1.9385736986999527e-7
-1.587,1.1483268665870285e-7,-1.9606400573743445e-7
-1.586,1.1664117226237433e-7,-1.9829453352454073e-7
-1.585,1.1847708088178103e-7,-2.0054919038203428e-7
-1.584,1.2034081566822739e-7,-2.028282154184501e-7
-1.583,1.2223278553262392e-7,-2.051318497083874e-7
-1.582,1.2415340522533856e-7,-2.0746033630060406e-7
-1.581,1.2610309541711574e-7,-2.0981392022595075e-7
-1.58,1.2808228278107752e-7,-2.121928485051386e-7
-1.579,1.3009140007582008e-7,-2.145973701563338e-7
-1.578,1.3213088622961974e-7,-2.1702773620257304e-7
-1.577,1.3420118642576231e-7,-2.1948419967899338e-7
-1.576,1.363027521890104e-7,-2.2196701563986965e-7
-1.575,1.384360414732229e-7,-2.2447644116545258e-7
-1.574,1.4060151875014127e-7,-2.2701273536860077e-7
-1.573,1.427996550993574e-7,-2.2957615940119955e-7
-1.572,1.450309282994779e-7,-2.3216697646035887e-7
-1.571,1.472958229205003e-7,-2.3478545179438362e-7
-1.57,1.495948304174159e-7,-2.37431852708508e-7
-1.569,1.5192844922505504e-7,-2.4010644857038656e-7
-1.568,1.542971848541906e-7,-2.428095108153338e-7
-1.567,1.5670154998891512e-7,-2.455413129513045e-7
-1.566,1.5914206458530813e-7,-2.483021305636061e-7
-1.565,1.6161925597140905e-7,-2.510922413193348e-7
-1.564,1.641336589485131e-7,-2.5391192497152664e-7
-1.563,1.6668581589380582e-7,-2.567614633630153e-7
-1.562,1.6927627686435367e-7,-2.596411404299862e-7
-1.561,1.71905599702467e-7,-2.6255124220521944e-7
-1.56,1.7457435014245343e-7,-2.654920568210106e-7
-1.559,1.772831019187778e-7,-2.684638745117606e-7
-1.558,1.800324368756476e-7,-2.7146698761622484e-7
-1.557,1.8282294507804012e-7,-2.7450169057941074e-7
-1.556,1.8565522492419074e-7,-2.7756827995411434e-7
-1.555,1.885298832595593e-7,-2.806670544020852e-7
-1.554,1.9144753549229366e-7,-2.837983146948085e-7
-1.553,1.944088057102085e-7,-2.8696236371389384e-7
-1.552,1.9741432679929863e-7,-2.901595064510595e-7
-1.551,2.0046474056380527e-7,-2.933900500077005e-7
-1.55,2.0356069784785467e-7,-2.9665430359402933e-7
-1.549,2.0670285865868883e-7,-2.999525785277769e-7
-1.548,2.0989189229150715e-7,-3.032851882324418e-7
-1.547,2.1312847745593971e-7,-3.0665244823507615e-7
-1.546,2.164133024041716e-7,-3.1005467616359385e-7
-1.545,2.1974706506073868e-7,-3.1349219174359e-7
-1.544,2.2313047315401572e-7,-3.169653167946574e-7
-1.543,2.2656424434941695e-7,-3.20474375226187e-7
-1.542,2.300491063843305e-7,-3.2401969303263825e-7
-1.541,2.3358579720480763e-7,-3.2760159828826577e-7
-1.54,2.3717506510402838e-7,-3.3122042114128813e-7
-1.539,2.4081766886256496e-7,-3.348764938074836e-7
-1.538,2.4451437789046504e-7,-3.3857015056319857e-7
-1.537,2.4826597237117697e-7,-3.423017277377534e-7
-1.536,2.520732434073395e-7,-3.4607156370522966e-7
-1.535,2.5593699316845775e-7,-3.4987999887562396e-7
-1.534,2.598580350404896e-7,-3.5372737568535134e-7
-1.533,2.638371937773646e-7,-3.576140385870825e-7
-1.532,2.678753056544587e-7,-3.615403340388975e-7
-1.531,2.7197321862404924e-7,-3.6550661049273943e-7
-1.53,2.761317924727732e-7,-3.6951321838215014e-7
-1.529,2.8035189898111286e-7,-3.735605101092705e-7
-1.528,2.8463442208493393e-7,-3.776488400310871e-7
-1.527,2.889802580390998e-7,-3.8177856444490665e-7
-1.526,2.9339031558318757e-7,-3.859500415730396e-7
-1.525,2.9786551610933003e-7,-3.9016363154667304e-7
-1.524,3.0240679383221033e-7,-3.9441969638891456e-7
-1.523,3.070150959612336e-7,-3.9871859999698527e-7
-1.522,3.1169138287490223e-7,-4.0306070812354345e-7
-1.521,3.1643662829742095e-7,-4.0744638835711643e-7
-1.52,3.212518194775575e-7,-4.1187601010162086e-7
-1.519,3.2613795736978704e-7,-4.163499445549488e-7
-1.518,3.31096056817745e-7,-4.2086856468659756e-7
-1.517,3.3612714674001844e-7,-4.2543224521432206e-7
-1.516,3.412322703183009e-7,-4.300413625797851e-7
-1.515,3.4641248518794063e-7,-4.346962949231832e-7
-1.514,3.516688636309083e-7,-4.3939742205682447e-7
-1.513,3.5700249277121484e-7,-4.44145125437633e-7
-1.512,3.624144747728061e-7,-4.4893978813855645e-7
-1.511,3.6790592703996414e-7,-4.5378179481885086e-7
-1.51,3.734779824202452e-7,-4.5867153169321686e-7
-1.509,3.7913178940998164e-7,-4.636093864997618e-7
-1.508,3.8486851236238063e-7,-4.685957484667601e-7
-1.507,3.9068933169824697e-7,-4.736310082781858e-7
-1.506,3.9659544411936265e-7,-4.787155580379885e-7
-1.505,4.0258806282455213e-7,-4.838497912330855e-7
-1.504,4.086684177284658e-7,-4.890341026950395e-7
-1.503,4.148377556831119e-7,-4.942688885603953e-7
-1.502,4.210973407021691e-7,-4.995545462296436e-7
-1.501,4.2744845418811155e-7,-5.048914743247812e-7
-1.5,4.338923951621783e-7,-5.102800726454381e-7
-1.499,4.4043048049722044e-7,-5.157207421235389e-7
-1.498,4.4706404515345764e-7,-5.212138847764663e-7
-1.497,4.537944424171786e-7,-5.26759903658694e-7
-1.496,4.6062304414241756e-7,-5.323592028118561e-7
-1.495,4.6755124099564173e-7,-5.380121872132174e-7
-1.494,4.7458044270348317e-7,-5.437192627225119e-7
-1.493,4.817120783035496e-7,-5.494808360271125e-7
-1.492,4.889475963983488e-7,-5.552973145854972e-7
-1.491,4.962884654123623e-7,-5.611691065689733e-7
-1.49,5.037361738523027e-7,-5.670966208016245e-7
-1.489,5.11292230570591e-7,-5.730802666984413e-7
-1.488,5.189581650320899e-7,-5.791204542015957e-7
-1.487,5.267355275841293e-7,-5.852175937148224e-7
-1.486,5.346258897298601e-7,-5.913720960358644e-7
-1.485,5.426308444049749e-7,-5.97584372286943e-7
-1.484,5.50752006257831e-7,-6.038548338432103e-7
-1.483,5.589910119330142e-7,-6.101838922591419e-7
-1.482,5.673495203583819e-7,-6.165719591928261e-7
-1.481,5.758292130356225e-7,-6.230194463281054e-7
-1.48,5.844317943343715e-7,-6.295267652945269e-7
-1.479,5.93158991789921e-7,-6.360943275850533e-7
-1.478,6.020125564045638e-7,-6.427225444714905e-7
-1.477,6.109942629526108e-7,-6.49411826917583e-7
-1.476,6.201059102891223e-7,-6.561625854897289e-7
-1.475,6.293493216623918e-7,-6.629752302652665e-7
-1.474,6.387263450302258e-7,-6.698501707382802e-7
-1.473,6.482388533800574e-7,-6.767878157228781e-7
-1.472,6.57888745052937e-7,-6.837885732538857e-7
-1.471,6.676779440714413e-7,-6.908528504849057e-7
-1.47,6.776084004715416e-7,-6.979810535836896e-7
-1.469,6.876820906384757e-7,-7.051735876247647e-7
-1.468,6.979010176466632e-7,-7.124308564792634e-7
-1.467,7.082672116037095e-7,-7.197532627018962e-7
-1.466,7.18782729998541e-7,-7.27141207415011e-7
-1.465,7.29449658053714e-7,-7.345950901896803e-7
-1.464,7.402701090819434e-7,-7.42115308923757e-7
-1.463,7.51246224846893e-7,-7.497022597168365e-7
-1.462,7.623801759282743e-7,-7.573563367420641e-7
-1.461,7.736741620912966e-7,-7.650779321147247e-7
-1.46,7.851304126605149e-7,-7.728674357575499e-7
-1.459,7.967511868981217e-7,-7.80725235262678e-7
-1.458,8.085387743867259e-7,-7.886517157501994e-7
-1.457,8.204954954166684e-7,-7.966472597232207e-7
-1.456,8.326237013779182e-7,-8.047122469193782e-7
-1.455,8.449257751565983e-7,-8.1284705415873e-7
-1.454,8.574041315361853e-7,-8.210520551879569e-7
-1.453,8.700612176034333e-7,-8.293276205207979e-7
-1.452,8.828995131590686e-7,-8.376741172746468e-7
-1.451,8.959215311333026e-7,-8.460919090032364e-7
-1.45,9.091298180062122e-7,-8.54581355525331e-7
-1.449,9.225269542330365e-7,-8.631428127493505e-7
-1.448,9.361155546744381e-7,-8.717766324938486e-7
-1.447,9.498982690317788e-7,-8.804831623037615e-7
-1.446,9.638777822874587e-7,-8.892627452623472e-7
-1.445,9.780568151503695e-7,-8.981157197987313e-7
-1.444,9.924381245065118e-7,-9.070424194909733e-7
-1.443,1.007024503874826e-6,-9.160431728645701e-7
-1.442,1.0218187838682883e-6,-9.251183031863046e-7
-1.441,1.0368238326603247e-6,-9.342681282533536e-7
-1.44,1.0520425564565883e-6,-9.434929601775613e-7
-1.439,1.0674778999721608e-6,-9.527931051647887e-7
-1.438,1.0831328469142194e-6,-9.621688632892409e-7
-1.437,1.0990104204702309e-6,-9.716205282626815e-7
-1.436,1.1151136838017176e-6,-9.81148387198431e-7
-1.435,1.1314457405436537e-6,-9.907527203700544e-7
-1.434,1.1480097353095396e-6,-1.0004338009646367e-6
-1.433,1.1648088542022124e-6,-1.010191894830541e-6
-1.432,1.1818463253304405e-6,-1.0200272602195463e-6
-1.431,1.1991254193313613e-6,-1.0299401475232617e-6
-1.43,1.2166494498988106e-6,-1.039930799003705e-6
-1.429,1.2344217743176024e-6,-1.0499994485179357e-6
-1.428,1.2524457940038084e-6,-1.0601463212366367e-6
-1.427,1.2707249550510964e-6,-1.0703716333565228e-6
-1.426,1.2892627487831777e-6,-1.080675591806468e-6
-1.425,1.3080627123124218e-6,-1.091058393947228e-6
-1.424,1.327128429104691e-6,-1.101520227264643e-6
-1.423,1.3464635295504506e-6,-1.1120612690561967e-6
-1.422,1.36607169154221e-6,-1.1226816861108102e-6
-1.421,1.3859566410583505e-6,-1.1333816343817411e-6
-1.42,1.4061221527533944e-6,-1.144161258652465e-6
-1.419,1.4265720505547702e-6,-1.1550206921954065e-6
-1.418,1.4473102082661338e-6,-1.1659600564233872e-6
-1.417,1.4683405501772945e-6,-1.176979460533659e-6
-1.416,1.4896670516808086e-6,-1.1880790011443832e-6
-1.415,1.5112937398952934e-6,-1.199258761923418e-6
-1.414,1.533224694295515e-6,-1.2105188132092737e-6
-1.413,1.5554640473493133e-6,-1.22185921162409e-6
-1.412,1.5780159851614123e-6,-1.2332799996784906e-6
-1.411,1.600884748124177e-6,-1.244781205368169e-6
-1.41,1.6240746315753715e-6,-1.2563628417620488e-6
-1.409,1.6475899864629742e-6,-1.2680249065818705e-6
-1.408,1.6714352200171074e-6,-1.2797673817730467e-6
-1.407,1.6956147964291353e-6,-1.2915902330666266e-6
-1.406,1.7201332375379888e-6,-1.3034934095322097e-6
-1.405,1.7449951235237728e-6,-1.3154768431216434e-6
-1.404,1.7702050936087098e-6,-1.3275404482033395e-6
-1.403,1.7957678467654784e-6,-1.3396841210870402e-6
-1.402,1.8216881424330005e-6,-1.3519077395388582e-6
-1.401,1.8479708012397349e-6,-1.364211162286421e-6
-1.4,1.8746207057345297e-6,-1.3765942285139376e-6
-1.399,1.9016428011250918e-6,-1.389056757347008e-6
-1.398,1.9290420960241276e-6,-1.4015985473269922e-6
-1.397,1.9568236632032087e-6,-1.4142193758747513e-6
-1.396,1.9849926403544177e-6,-1.4269189987435712e-6
-1.395,2.013554230859832e-6,-1.4396971494610746e-6
-1.394,2.042513704568892e-6,-1.452553538759928e-6
-1.393,2.0718763985837185e-6,-1.4654878539971408e-6
-1.392,2.101647718052419e-6,-1.4784997585617574e-6
-1.391,2.131833136970452e-6,-1.4915888912707332e-6
-1.39,2.1624381989900868e-6,-1.5047548657527879e-6
-1.389,2.193468518238023e-6,-1.5179972698200218e-6
-1.388,2.224929780141213e-6,-1.5313156648270797e-6
-1.387,2.2568277422609503e-6,-1.5447095850176424e-6
-1.386,2.2891682351352556e-6,-1.5581785368580239e-6
-1.385,2.3219571631296355e-6,-1.571721998357645e-6
-1.384,2.355200505296243e-6,-1.5853394183761567e-6
-1.383,2.388904316241501e-6,-1.5990302159169742e-6
-1.382,2.4230747270022345e-6,-1.6127937794069903e-6
-1.381,2.4577179459303577e-6,-1.6266294659622183e-6
-1.38,2.492840259586167e-6,-1.640536600639128e-6
-1.379,2.5284480336402848e-6,-1.6545144756714169e-6
-1.378,2.5645477137843e-6,-1.668562349691968e-6
-1.377,2.6011458266501524e-6,-1.6826794469397369e-6
-1.376,2.6382489807383038e-6,-1.6968649564513027e-6
-1.375,2.6758638673547374e-6,-1.7111180312368214e-6
-1.374,2.7139972615568364e-6,-1.725437787440108e-6
-1.373,2.752656023108174e-6,-1.739823303482576e-6
-1.372,2.7918470974422606e-6,-1.754273619190754e-6
-1.371,2.8315775166352894e-6,-1.7687877349070957e-6
-1.37,2.871854400387916e-6,-1.783364610583798e-6
-1.369,2.9126849570161098e-6,-1.7980031648593327e-6
-1.368,2.9540764844511196e-6,-1.8127022741173967e-6
-1.367,2.9960363712485806e-6,-1.8274607715279785e-6
-1.366,3.038572097606803e-6,-1.8422774460702356e-6
-1.365,3.0816912363942714e-6,-1.8571510415368712e-6
-1.364,3.1254014541863906e-6,-1.872080255519694e-6
-1.363,3.169710512311505e-6,-1.887063738376042e-6
-1.362,3.2146262679062213e-6,-1.902100092175744e-6
-1.361,3.2601566749800598e-6,-1.917187869628286e-6
-1.36,3.306309785489466e-6,-1.9323255729898488e-6
-1.359,3.353093750421199e-6,-1.9475116529498766e-6
-1.358,3.4005168208851273e-6,-1.9627445074968255e-6
-1.357,3.4485873492164407e-6,-1.9780224807627457e-6
-1.356,3.4973137900873153e-6,-1.9933438618463352e-6
-1.355,3.54670470162803e-6,-2.008706883614106e-6
-1.354,3.5967687465575623e-6,-2.0241097214792926e-6
-1.353,3.647514693323672e-6,-2.039550492158126e-6
-1.352,3.698951417252485e-6,-2.0550272524031034e-6
-1.351,3.751087901707584e-6,-2.0705379977128502e-6
-1.35,3.8039332392586166e-6,-2.0860806610182034e-6
-1.349,3.857496632859426e-6,-2.101653111344102e-6
-1.348,3.911787397035702e-6,-2.11725315244689e-6
-1.347,3.966814959082151e-6,-2.1328785214266194e-6
-1.346,4.022588860269196e-6,-2.1485268873139384e-6
-1.345,4.079118757059183e-6,-2.1641958496311366e-6
-1.344,4.1364144223321e-6,-2.179882936926931e-6
-1.343,4.194485746620792e-6,-2.1955856052845425e-6
-1.342,4.253342739355655e-6,-2.2113012368026316e-6
-1.341,4.312995530118804e-6,-2.2270271380486417e-6
-1.34,4.373454369907687e-6,-2.2427605384840935e-6
-1.339,4.434729632408123e-6,-2.258498588861369e-6
-1.338,4.496831815276747e-6,-2.274238359591517e-6
-1.337,4.559771541432813e-6,-2.289976839082603e-6
-1.336,4.623559560359355e-6,-2.305710932048121e-6
-1.335,4.688206749413641e-6,-2.321437457784976e-6
-1.334,4.7537241151468885e-6,-2.3371531484205393e-6
-1.333,4.820122794633216e-6,-2.352854647128273e-6
-1.332,4.8874140568077545e-6,-2.368538506311409e-6
-1.331,4.955609303813899e-6,-2.384201185754165e-6
-1.33,5.024720072359614e-6,-2.3998390507399645e-6
-1.329,5.094758035082769e-6,-2.415448370136132e-6
-1.328,5.165735001925405e-6,-2.431025314444513e-6
-1.327,5.237662921516899e-6,-2.4465659538174733e-6
-1.326,5.310553882565921e-6,-2.4620662560387116e-6
-1.325,5.3844201152611435e-6,-2.4775220844683246e-6
-1.324,5.459273992680584e-6,-2.492929195951539e-6
-1.323,5.53512803220953e-6,-2.508283238690538e-6
-1.322,5.611994896966927e-6,-2.523579750078776e-6
-1.321,5.689887397240149e-6,-2.538814154497192e-6
-1.32,5.7688184919280525e-6,-2.5539817610716986e-6
-1.319,5.848801289992186e-6,-2.569077761391342e-6
-1.318,5.929849051916076e-6,-2.58409722718649e-6
-1.317,6.011975191172433e-6,-2.5990351079664205e-6
-1.316,6.095193275698185e-6,-2.613886228615662e-6
-1.315,6.1795170293771945e-6,-2.6286452869484265e-6
-1.314,6.2649603335305155e-6,-2.6433068512204743e-6
-1.313,6.351537228414066e-6,-2.657865357597736e-6
-1.312,6.439261914723547e-6,-2.672315107581001e-6
-1.311,6.528148755106465e-6,-2.68665026538599e-6
-1.31,6.6182122756810934e-6,-2.700864855278093e-6
-1.309,6.709467167562196e-6,-2.714952758861076e-6
-1.308,6.8019282883933386e-6,-2.7289077123190166e-6
-1.307,6.895610663885603e-6,-2.7427233036107463e-6
-1.306,6.990529489362522e-6,-2.7563929696160464e-6
-1.305,7.086700131311007e-6,-2.7699099932328516e-6
-1.304,7.1841381289380955e-6,-2.7832675004246874e-6
-1.303,7.28285919573327e-6,-2.7964584572175716e-6
-1.302,7.382879221036145e-6,-2.8094756666455907e-6
-1.301,7.484214271609276e-6,-2.822311765644351e-6
-1.3,7.5868805932158515e-6,-2.8349592218915028e-6
-1.299,7.690894612202016e-6,-2.847410330593511e-6
-1.298,7.796272937083565e-6,-2.8596572112178436e-6
-1.297,7.903032360136733e-6,-2.8716918041697355e-6
-1.296,8.011189858992806e-6,-2.8835058674126764e-6
-1.295,8.120762598236256e-6,-2.8950909730317487e-6
-1.294,8.2317679310061e-6,-2.90643850373895e-6
-1.293,8.344223400600182e-6,-2.9175396493195997e-6
-1.292,8.458146742082025e-6,-2.928385403018937e-6
-1.291,8.573555883889974e-6,-2.938966557867988e-6
-1.29,8.690468949448213e-6,-2.9492737029477866e-6
-1.289,8.808904258779367e-6,-2.9592972195910015e-6
-1.288,8.92888033011828e-6,-2.9690272775200236e-6
-1.287,9.050415881526589e-6,-2.9784538309205494e-6
-1.286,9.173529832507727e-6,-2.9875666144496837e-6
-1.285,9.298241305621922e-6,-2.9963551391775726e-6
-1.284,9.424569628100783e-6,-3.004808688461566e-6
-1.283,9.552534333461039e-6,-3.01291631375189e-6
-1.282,9.682155163116989e-6,-3.020666830327809e-6
-1.281,9.813452067991193e-6,-3.028048812963223e-6
-1.28,9.94644521012293e-6,-3.0350505915206576e-6
-1.279,1.0081154964273952e-5,-3.0416602464725673e-6
-1.278,1.0217601919530993e-5,-3.047865604348875e-6
-1.277,1.0355806880904541e-5,-3.053654233109646e-6
-1.276,1.049579087092334e-5,-3.05901343744179e-6
-1.275,1.0637575131224033e-5,-3.063930253978664e-6
-1.274,1.078118112413542e-5,-3.068391446441431e-6
-1.273,1.0926630534256724e-5,-3.072383500701031e-6
-1.272,1.107394527002925e-5,-3.075892619759585e-6
-1.271,1.1223147465300847e-5,-3.0789047186500574e-6
-1.27,1.1374259480882497e-5,-3.0814054192529695e-6
-1.269,1.1527303906096403e-5,-3.0833800450289596e-6
-1.268,1.1682303560314878e-5,-3.0848136156659547e-6
-1.267,1.1839281494489363e-5,-3.0856908416397145e-6
-1.266,1.1998260992668811e-5,-3.085996118686487e-6
-1.265,1.2159265573506762e-5,-3.0857135221865002e-6
-1.264,1.23223189917563e-5,-3.0848268014570037e-6
-1.263,1.2487445239752133e-5,-3.0833193739535516e-6
-1.262,1.2654668548878998e-5,-3.0811743193782052e-6
-1.261,1.282401339102557e-5,-3.0783743736933203e-6
-1.26,1.2995504480023006e-5,-3.074901923039565e-6
-1.259,1.3169166773067282e-5,-3.070738997556798e-6
-1.258,1.3345025472124422e-5,-3.0658672651064224e-6
-1.257,1.3523106025317687e-5,-3.060268024893812e-6
-1.256,1.3703434128295804e-5,-3.053922200989394e-6
-1.255,1.3886035725581251e-5,-3.04681033574695e-6
-1.254,1.4070937011897608e-5,-3.038912583117687e-6
-1.253,1.4258164433474957e-5,-3.030208701858604e-6
-1.252,1.4447744689332281e-5,-3.02067804863368e-6
-1.251,1.4639704732535788e-5,-3.0102995710063663e-6
-1.25,1.4834071771432053e-5,-2.999051800321878e-6
-1.249,1.5030873270854843e-5,-2.9869128444777377e-6
-1.248,1.5230136953304478e-5,-2.973860380581025e-6
-1.247,1.543189080009851e-5,-2.9598716474907565e-6
-1.246,1.563616305249252e-5,-2.9449234382438066e-6
-1.245,1.5842982212769765e-5,-2.9289920923627727e-6
-1.244,1.605237704529839e-5,-2.9120534880441477e-6
-1.243,1.6264376577554874e-5,-2.8940830342251698e-6
-1.242,1.6479010101112386e-5,-2.8750556625276877e-6
-1.241,1.6696307172592633e-5,-2.8549458190773615e-6
-1.24,1.6916297614579765e-5,-2.833727456196511e-6
-1.239,1.7139011516494934e-5,-2.811374023968895e-6
-1.238,1.7364479235429937e-5,-2.787858461674694e-6
-1.237,1.7592731396938467e-5,-2.7631531890939482e-6
-1.236,1.7823798895783378e-5,-2.737230097676687e-6
-1.235,1.8057712896638315e-5,-2.7100605415779602e-6
-1.234,1.8294504834742147e-5,-2.6816153285559784e-6
-1.233,1.853420641650442e-5,-2.6518647107315354e-6
-1.232,1.877684962006013e-5,-2.6207783752068797e-6
-1.231,1.9022466695772063e-5,-2.588325434542176e-6
-1.23,1.9271090166678847e-5,-2.554474417087687e-6
-1.229,1.9522752828886853e-5,-2.5191932571697792e-6
-1.228,1.9777487751904072e-5,-2.4824492851288465e-6
-1.227,2.0035328278913958e-5,-2.4442092172072238e-6
-1.226,2.0296308026987265e-5,-2.404439145285141e-6
-1.225,2.0560460887229853e-5,-2.3631045264627595e-6
-1.224,2.0827821024864278e-5,-2.3201701724863066e-6
-1.223,2.1098422879243104e-5,-2.275600239016308e-6
-1.222,2.1372301163791687e-5,-2.229358214735902e-6
-1.221,2.1649490865878193e-5,-2.181406910297204e-6
-1.22,2.1930027246608502e-5,-2.1317084471036642e-6
-1.219,2.221394584054372e-5,-2.0802242459263506e-6
-1.218,2.2501282455337775e-5,-2.0269150153520726e-6
-1.217,2.279207317129272e-5,-1.971740740061236e-6
-1.216,2.3086354340829108e-5,-1.9146606689333127e-6
-1.215,2.3384162587868968e-5,-1.8556333029777851e-6
-1.214,2.3685534807128604e-5,-1.794616383088408e-6
-1.213,2.3990508163318576e-5,-1.731566877618617e-6
-1.212,2.42991200902481e-5,-1.6664409697758975e-6
-1.211,2.461140828983093e-5,-1.5991940448329043e-6
-1.21,2.4927410730989954e-5,-1.5297806771531167e-6
-1.209,2.5247165648457384e-5,-1.4581546170287867e-6
-1.208,2.5570711541467613e-5,-1.3842687773289323e-6
-1.207,2.5898087172339566e-5,-1.3080752199551048e-6
-1.206,2.6229331564945363e-5,-1.2295251421026498e-6
-1.205,2.656448400306208e-5,-1.1485688623251595e-6
-1.204,2.690358402860323e-5,-1.0651558063998107e-6
-1.203,2.7246671439726585e-5,-9.79234492991255e-7
-1.202,2.759378628881486e-5,-8.907525191117232e-7
-1.201,2.794496888032568e-5,-7.996565453749919e-7
-1.2,2.830025976850722e-5,-7.058922810418406e-7
-1.199,2.865969975497577e-5,-6.094044688546217e-7
-1.198,2.9023329886151415e-5,-5.101368696585504e-7
-1.197,2.939119145054799e-5,-4.0803224680730983e-7
-1.196,2.9763325975913268e-5,-3.030323503505539e-7
-1.195,3.0139775226215372e-5,-1.9507790100088322e-7
-1.194,3.0520581198471226e-5,-8.41085738778543e-8
-1.193,3.09057861194128e-5,2.9937017973424895e-8
-1.192,3.129543244198687e-5,1.4712134029157002e-7
-1.191,3.1689562841683695e-5,2.675079545385324e-7
-1.19,3.2088220212690356e-5,3.911615350720225e-7
-1.189,3.2491447663863814e-5,5.181478865532261e-7
-1.188,3.2899288514519185e-5,6.485339615923031e-7
-1.187,3.3311786290028306e-5,7.823878786341635e-7
-1.186,3.372898471722368e-5,9.197789400870215e-7
-1.185,3.4150927719602694e-5,1.0607776506962343e-6
-1.184,3.457765941232703e-5,1.2054557361659336e-6
-1.183,3.5009224097012034e-5,1.3538861620309646e-6
-1.182,3.544566625630046e-5,1.506143152781648e-6
-1.181,3.5887030548215376e-5,1.6623022112438794e-6
-1.18,3.633336180028642e-5,1.8224401382170867e-6
-1.179,3.678470500344373e-5,1.986635052372562e-6
-1.178,3.7241105305673745e-5,2.154966410414684e-6
-1.177,3.770260800543078e-5,2.3275150275075406e-6
-1.176,3.816925854479838e-5,2.5043630979694703e-6
-1.175,3.864110250239421e-5,2.68559421623802e-6
-1.174,3.911818558601202e-5,2.8712933981078226e-6
-1.173,3.960055362499428e-5,3.0615471022438877e-6
-1.172,4.008825256232879e-5,3.2564432519727904e-6
-1.171,4.058132844646256e-5,3.4560712573542297e-6
-1.17,4.1079827422825925e-5,3.660522037535429e-6
-1.169,4.158379572505992e-5,3.869888043390825e-6
-1.168,4.2093279665939703e-5,4.084263280449484e-6
-1.167,4.2608325627986634e-5,4.303743332112675e-6
-1.166,4.312898005376145e-5,4.528425383164001e-6
-1.165,4.365528943583099e-5,4.758408243574479e-6
-1.164,4.4187300306400545e-5,4.993792372604944e-6
-1.163,4.472505922660384e-5,5.234679903208115e-6
-1.162,4.526861277544256e-5,5.481174666732648e-6
-1.161,4.5818007538367026e-5,5.7333822179314925e-6
-1.16,4.637329009548959e-5,5.991409860276793e-6
-1.159,4.693450700942205e-5,6.255366671583606e-6
-1.158,4.750170481272821e-5,6.525363529944631e-6
-1.157,4.807492999498262e-5,6.801513139978134e-6
-1.156,4.8654228989426296e-5,7.083930059391211e-6
-1.155,4.9239648159209946e-5,7.3727307258604916e-6
-1.154,4.983123378321516e-5,7.668033484232355e-6
-1.153,5.042903204144388e-5,7.969958614044673e-6
-1.152,5.103308899996598e-5,8.278628357372066e-6
-1.151,5.164345059541494e-5,8.594166946996596e-6
-1.15,5.226016261902121e-5,8.91670063490578e-6
-1.149,5.2883270700172634e-5,9.24635772111976e-6
-1.148,5.35128202894911e-5,9.583268582849369e-6
-1.147,5.414885664141453e-5,9.92756570398686e-6
-1.146,5.4791424796272876e-5,1.0279383704930897e-5
-1.145,5.5440569561846686e-5,1.0638859372747421e-5
-1.144,5.6096335494396546e-5,1.1006131691667919e-5
-1.143,5.675876687915156e-5,1.1381341873926504e-5
-1.142,5.7427907710244586e-5,1.1764633390937231e-5
-1.141,5.810380167008197e-5,1.2156152004812896e-5
-1.14,5.878649210813508e-5,1.2556045800226563e-5
-1.139,5.947602201914074e-5,1.2964465216616925e-5
-1.138,6.017243402069753e-5,1.3381563080738541e-5
-1.137,6.087577033024442e-5,1.3807494639557914e-5
-1.136,6.158607274140826e-5,1.42424175934962e-5
-1.135,6.23033825997061e-5,1.4686492130019368e-5
-1.134,6.302774077758807e-5,1.5139880957576372e-5
-1.133,6.37591876488067e-5,1.5602749339885912e-5
-1.132,6.44977630620976e-5,1.607526513057218e-5
-1.131,6.52435063141565e-5,1.6557598808149866e-5
-1.13,6.599645612189772e-5,1.704992351135859e-5
-1.129,6.675665059397795e-5,1.7552415074846846e-5
-1.128,6.75241272015698e-5,1.8065252065205243e-5
-1.127,6.829892274836886e-5,1.858861581734894e-5
-1.126,6.908107333981764e-5,1.912269047124874e-5
-1.125,6.987061435152963e-5,1.9667663009010435e-5
-1.124,7.066758039689642e-5,2.022372329230158e-5
-1.123,7.147200529386033e-5,2.0791064100124915e-5
-1.122,7.228392203083474e-5,2.136988116693734e-5
-1.121,7.310336273175402e-5,2.1960373221113282e-5
-1.12,7.393035862023468e-5,2.2562742023750975e-5
-1.119,7.476493998282876e-5,2.3177192407820137e-5
-1.118,7.560713613135041e-5,2.380393231764922e-5
-1.117,7.645697536425615e-5,2.444317284875021e-5
-1.116,7.73144849270588e-5,2.5095128287978828e-5
-1.115,7.817969097175503e-5,2.5760016154027644e-5
-1.114,7.905261851524574e-5,2.6438057238249456e-5
-1.113,7.993329139672826e-5,2.7129475645808073e-5
-1.112,8.082173223403915e-5,2.7834498837153304e-5
-1.111,8.171796237892567e-5,2.8553357669816788e-5
-1.11,8.262200187122369e-5,2.928628644052498e-5
-1.109,8.353386939191966e-5,3.0033522927625388e-5
-1.108,8.445358221507353e-5,3.079530843382182e-5
-1.107,8.538115615857904e-5,3.15718878292141e-5
-1.106,8.631660553373798e-5,3.236350959463754e-5
-1.105,8.725994309362362e-5,3.3170425865296894e-5
-1.104,8.821117998020905e-5,3.3992892474689504e-5
-1.103,8.91703256702351e-5,3.48311689988117e-5
-1.102,9.01373879197922e-5,3.568551880064246e-5
-1.101,9.111237270759025e-5,3.655620907489773e-5
-1.1,9.209528417688995e-5,3.7443510893048624e-5
-1.099,9.308612457606859e-5,3.834769924859623e-5
-1.098,9.408489419779285e-5,3.9269053102595386e-5
-1.097,9.509159131677074e-5,4.0207855429419374e-5
-1.096,9.610621212605409e-5,4.116439326275712e-5
-1.095,9.71287506718629e-5,4.21389577418339e-5
-1.094,9.815919878690197e-5,4.313184415784635e-5
-1.093,9.919754602213989e-5,4.4143352000601804e-5
-1.092,0.00010024377957701988,4.517378500535177e-5
-1.091,0.00010129788422807175,4.622345119980873e-5
-1.09,0.00010235984225589311,4.729266295133501e-5
-1.089,0.00010342963337046814,4.838173701429175e-5
-1.088,0.00010450723463479096,4.949099457753581e-5
-1.087,0.00010559262038676082,5.062076131205149e-5
-1.086,0.00010668576215931508,5.1771367418703694e-5
-1.085,0.00010778662859876596,5.2943147676098344e-5
-1.084,0.000108895185381306,5.413644148853533e-5
-1.083,0.00011001139512764692,5.535159293403869e-5
-1.082,0.00011113521731575586,5.6588950812447934e-5
-1.081,0.00011226660819165223,5.7848868693553816e-5
-1.08,0.00011340552067822822,5.9131704965261216e-5
-1.079,0.00011455190428205479,6.0437822881761e-5
-1.078,0.00011570570499813499,6.176759061169191e-5
-1.077,0.00011686686521256533,6.312138128627304e-5
-1.076,0.00011803532360306556,6.449957304738627e-5
-1.075,0.00011921101503733655,6.590254909558765e-5
-1.074,0.00012039387046920511,6.733069773802545e-5
-1.073,0.00012158381683251428,6.878441243624215e-5
-1.072,0.00012278077693271672,7.026409185383646e-5
-1.071,0.000123984669336128,7.177013990396049e-5
-1.07,0.00012519540825679657,7.330296579662664e-5
-1.069,0.00012641290344094557,7.486298408579749e-5
-1.068,0.00012763706004894178,7.645061471623068e-5
-1.067,0.000128867778534746,7.80662830700507e-5
-1.066,0.00013010495452279796,7.971042001301721e-5
-1.065,0.00013134847868228946,8.138346194045938e-5
-1.064,0.00013259823659877705,8.308585082284413e-5
-1.063,0.00013385410864308607,8.481803425094511e-5
-1.062,0.0001351159698374569,8.658046548057805e-5
-1.061,0.00013638368971888312,8.83736034768668e-5
-1.06,0.00013765713219959072,9.019791295800338e-5
-1.059,0.00013893615542460744,9.205386443846349e-5
-1.058,0.0001402206116263692,9.394193427163824e-5
-1.057,0.00014151034697631115,9.586260469184109e-5
-1.056,0.00014280520143338947,9.781636385564734e-5
-1.055,0.00014410500858947942,9.98037058825227e-5
-1.054,0.00014540959551159394,0.00010182513089469535
-1.053,0.00014671878258086754,0.00010388114505622439
-1.052,0.000148032383328248,0.00010597226061121652
-1.051,0.00014935020426683833,0.00010809899592114023
-1.05,0.00015067204472083117,0.00011026187550118593
-1.049,0.0001519976966509756,0.00011246143005561812
-1.048,0.00015332694447651744,0.00011469819651206417
-1.047,0.00015465956489355123,0.00011697271805468223
-1.046,0.0001559953266897234,0.00011928554415614905
-1.045,0.0001573339905552237,0.00012163723060840638
-1.044,0.00015867530889000209,0.00012402833955210257
-1.043,0.0001600190256071471,0.00012645943950466407
-1.042,0.00016136487593236136,0.00012893110538692904
-1.041,0.00016271258619946844,0.00013144391854827357
-1.04,0.00016406187364188536,0.0001339984667901579
-1.039,0.00016541244617999324,0.0001365953443880189
-1.038,0.00016676400220433908,0.0001392351521114313
-1.037,0.00016811623035459952,0.00014191849724245844
-1.036,0.00016946880929423805,0.00014464599359211095
-1.035,0.0001708214074807851,0.0001474182615148283
-1.034,0.0001721736829316707,0.0001502359279208963
-1.033,0.0001735252829855385,0.00015309962628670993
-1.032,0.0001748758440589682,0.0001560099966627894
-1.031,0.0001762249913985347,0.00015896768567945244
-1.03,0.00017757233882812945,0.00016197334655004448
-1.029,0.0001789174884914705,0.00016502763907162455
-1.028,0.00018026003058972602,0.0001681312296230011
-1.027,0.00018159954311417593,0.00017128479116000967
-1.026,0.00018293559157383564,0.00017448900320791956
-1.025,0.0001842677287179649,0.00017774455185085462
-1.024,0.0001855954942533849,0.00018105212971810815
-1.023,0.0001869184145565253,0.00018441243596722953
-1.022,0.00018823600238012327,0.0001878261762637554
-1.021,0.00018954775655449516,0.00019129406275745464
-1.02,0.00019085316168330213,0.00019481681405495257
-1.019,0.00019215168783372923,0.0001983951551885949
-1.018,0.00019344279022099841,0.0002020298175814087
-1.017,0.00019472590888713434,0.00020572153900801196
-1.016,0.00019600046837390264,0.00020947106355132016
-1.015,0.00019726587738983902,0.0002132791415548924
-1.014,0.0001985215284712882,0.00021714652957075537
-1.013,0.00019976679763737088,0.00022107399030253877
-1.012,0.00020100104403879702,0.00022506229254374983
-1.011,0.0002022236096004438,0.00022911221111101033
-1.01,0.00020343381865761627,0.00023322452677207323
-1.009,0.000204630977585909,0.00023740002616843135
-1.008,0.00020581437442458708,0.00024163950173232394
-1.007,0.00020698327849340487,0.00024594375159794196
-1.006,0.00020813694000278138,0.000250313579506626
-1.005,0.00020927458965725132,0.00025474979470584564
-1.004,0.00021039543825211127,0.00025925321184174107
-1.003,0.00021149867626318105,0.0002638246508450036
-1.002,0.00021258347342960088,0.0002684649368098619
-1.001,0.00021364897832958565,0.0002731748998659367
-1.0,0.0002146943179490583,0.0002779553750427182
-0.999,0.00021571859724308542,0.00028280720212641233
-0.998,0.00021672089869003921,0.0002877312255088964
-0.997,0.0002177002818384108,0.00029272829402851553
-0.996,0.00021865578284620155,0.00029779926080244335
-0.995,0.00021958641401282036,0.00030294498305032255
-0.994,0.00022049116330341616,0.00030816632190889306
-0.993,0.0002213689938655773,0.000313464142237305
-0.992,0.00022221884353833035,0.00031883931241280755
-0.991,0.00022303962435337428,0.00032429270411649233
-0.99,0.00022383022202848645,0.000329825192108764
-0.989,0.0002245894954530414,0.00033543765399419767
-0.988,0.00022531627616558393,0.00034113096997543584
-0.987,0.00022600936782340273,0.000346906022595765
-0.986,0.000226667545664052,0.00035276369647000317
-0.985,0.00022728955595877412,0.00035870487800331724
-0.984,0.00022787411545777708,0.0003647304550975803
-0.983,0.00022841991082732756,0.00037084131684486475
-0.982,0.00022892559807862124,0.000377038353207658
-0.981,0.0002293898019883992,0.00038332245468537357
-0.98,0.0002298111155112821,0.00038969451196671945
-0.979,0.00023018809918379953,0.0003961554155674721
-0.978,0.00023051928052009751,0.0004027060554531921
-0.977,0.0002308031533993121,0.0004093473206464025
-0.976,0.00023103817744460386,0.00041608009881774076
-0.975,0.0002312227773938541,0.00042290527586057625
-0.974,0.0002313553424620306,0.00042982373544857527
-0.973,0.000231434225695238,0.00043683635857567806
-0.972,0.00023145774331647566,0.0004439440230779381
-0.971,0.00023142417406313452,0.0004511476031366585
-0.97,0.00023133175851627218,0.00045844796876224356
-0.969,0.0002311786984217162,0.0004658459852581682
-0.968,0.00023096315600305397,0.00047334251266445074
-0.967,0.0002306832532665789,0.0004809384051799969
-0.966,0.00023033707129827347,0.0004886345105631659
-0.965,0.00022992264955292094,0.0004964316695098913
-0.964,0.00022943798513545057,0.0005043307150086708
-0.963,0.00022888103207463373,0.00051233247167172
-0.962,0.00022824970058926204,0.0005204377550415661
-0.961,0.00022754185634695374,0.0005286473708723372
-0.96,0.00022675531971574946,0.0005369621143849844
-0.959,0.00022588786500867458,0.0005453827694956492
-0.958,0.00022493721972146344,0.0005539101080163731
-0.957,0.00022390106376365775,0.0005625448888273187
-0.956,0.00022277702868331076,0.0005712878570196554
-0.955,0.00022156269688554988,0.0005801397430082345
-0.954,0.00022025560084527006,0.00058910126161316
-0.953,0.0002188532223142536,0.0005981731111093356
-0.952,0.00021735299152303572,0.0006073559722430449
-0.951,0.00021575228637785894,0.0006166505072145977
-0.95,0.00021404843165308645,0.0006260573586260498
-0.949,0.0002122386981794716,0.0006355771483929791
-0.948,0.00021032030202870956,0.0006452104766192749
-0.947,0.00020829040369472744,0.0006549579204338699
-0.946,0.00020614610727220172,0.0006648200327883212
-0.945,0.00020388445963282433,0.0006747973412141138
-0.944,0.00020150244959987523,0.0006848903465385394
-0.943,0.00019899700712169542,0.0006950995215579703
-0.942,0.00019636500244469407,0.0007054253096673237
-0.941,0.0001936032452865639,0.0007158681234444791
-0.94,0.00019070848401042225,0.000726428343188389
-0.939,0.00018767740480064016,0.0007371063154095874
-0.938,0.00018450663084116948,0.0007479023512717753
-0.937,0.00018119272149722765,0.0007588167249831337
-0.936,0.0001777321715012518,0.0007698496721359805
-0.935,0.00017412141014408903,0.0007810013879933647
-0.934,0.00017035680047244653,0.0007922720257211535
-0.933,0.0001664346384936862,0.0008036616945641471
-0.932,0.00016235115238911077,0.0008151704579647176
-0.931,0.0001581025017369551,0.0008267983316224465
-0.93,0.00015368477674636535,0.0008385452814931997
-0.929,0.00014909399750372184,0.0008504112217260541
-0.928,0.00014432611323273646,0.0008623960125364599
-0.927,0.0001393770015698364,0.0008744994580139927
-0.926,0.00013424246785642818,0.0008867213038630258
-0.925,0.00012891824444972386,0.0008990612350746214
-0.924,0.0001233999900539024,0.0009115188735279178
-0.923,0.00011768328907347424,0.0009240937755192602
-0.922,0.00011176365099081779,0.0009367854292173032
-0.921,0.00010563650976995951,0.000949593252042285
-0.92,9.929722328877985e-5,0.0009625165879676572
-0.919,9.274107280193986e-5,0.0009755547047422294
-0.918,8.5963262436943e-5,0.0009887067910309736
-0.917,7.895891872587046e-5,0.0010019719534726146
-0.916,7.172309017545817e-5,0.0010153492136521201
-0.915,6.425074687831872e-5,0.0010288375049861919
-0.914,5.6536780168252445e-5,0.001042435669519853
-0.913,4.857600232273909e-5,0.0010561424546322166
-0.912,4.036314631585434e-5,0.001069956509649522
-0.911,3.189286562501577e-5,0.0010838763823635262
-0.91,2.3159734095128242e-5,0.0010979005154533403
-0.909,1.4158245863872373e-5,0.0011120272428088132
-0.908,4.882815352059394e-6,0.0011262547857535784
-0.907,-4.672222676836922e-6,0.0011405812491658985
-0.906,-1.4512612983666087e-5,0.001155004617495467
-0.905,-2.4644179642597103e-5,0.0011695227506743607
-0.904,-3.507282574740779e-5,0.001184133379920368
-0.903,-4.5804533030132074e-5,0.0011988341034309714
-0.902,-5.6845361386904304e-5,0.0012136223819663053
-0.901,-6.820144830560525e-5,0.0012284955343194804
-0.9,-7.987900818967202e-5,0.0012434507326727303
-0.899,-9.188433157218296e-5,0.0012584849978379141
-0.898,-0.00010422378421406885,0.0012735951943800047
-0.897,-0.00011690380608003302,0.001288778025622287
-0.896,-0.00012993091018548606,0.0013040300285321058
-0.895,-0.00014331168130751415,0.0013193475684861317
-0.894,-0.00015705277455260527,0.0013347268339142435
-0.893,-0.00017116091377355322,0.0013501638308212939
-0.892,-0.00018564288982764705,0.0013656543771861786
-0.891,-0.00020050555866793143,0.0013811940972378305
-0.89,-0.00021575583925899318,0.0013967784156079547
-0.889,-0.00023140071130839127,0.001412402551360546
-0.888,-0.00024744721280449975,0.00142806151189848
-0.887,-0.0002639024373511783,0.0014437500867477229
-0.886,-0.0002807735312893239,0.001459462841220005
-0.885,-0.00029806769059498474,0.0014751941099551075
-0.884,-0.00031579215754334443,0.0014909379903442531
-0.883,-0.00033395421712750003,0.0015066883358364586
-0.882,-0.00035256119322056947,0.001522438749130096
-0.881,-0.000371620444469273,0.0015381825752523437
-0.88,-0.00039113935990673634,0.0015539128945296576
-0.879,-0.0004111253542718633,0.001569622515452886
-0.878,-0.00043158586302222753,0.0015853039674411863
-0.877,-0.00045252833702702993,0.0016009494935094566
-0.876,-0.0004739602369262705,0.0016165510428446073
-0.875,-0.0004958890271418858,0.0016321002632966447
-0.874,-0.0005183221695262108,0.0016475884937912247
-0.873,-0.0005412671166327397,0.0016630067566710774
-0.872,-0.0005647313045937809,0.0016783457499744841
-0.871,-0.0005887221455892374,0.0016935958396598224
-0.87,-0.0006132470198903917,0.001708747051786087
-0.869,-0.0006383132674622382,0.001723789064660231
-0.868,-0.000663928179107589,0.0017387112009631697
-0.867,-0.0006900989871358901,0.0017535024198673498
-0.866,-0.000716832855539415,0.001768151309159903
-0.865,-0.0007441368696592716,0.0017826460773865782
-0.864,-0.0007720180253234561,0.0017969745460329001
-0.863,-0.0008004832174390285,0.0018111241417603037
-0.862,-0.0008295392280203716,0.0018250818887163834
-0.861,-0.0008591927136354289,0.0018388344009398344
-0.86,-0.0008894501922518102,0.0018523678748821948
-0.859,-0.000920318029464708,0.001865668082070082
-0.858,-0.0009518024240886915,0.001878720361933284
-0.857,-0.0009839093930956477,0.0018915096148258129
-0.856,-0.001016644755881416,0.0019040202952688291
-0.855,-0.0010500141178440502,0.001916236405446247
-0.854,-0.0010840228532571052,0.0019281414889857837
-0.853,-0.0011186760874219394,0.0019397186250602481
-0.852,-0.0011539786780837271,0.0019509504228459806
-0.851,-0.001189935196096703,0.0019618190163775136
-0.85,-0.0012265499053251343,0.0019723060598397743
-0.849,-0.0012638267417676436,0.0019823927233414487
-0.848,-0.0013017692918937706,0.00199205968921548
-0.847,-0.0013403807701831338,0.0020012871488950977
-0.846,-0.0013796639958591754,0.002010054800416222
-0.845,-0.001419621368811317,0.0020183418465995915
-0.844,-0.0014602548447013913,0.0020261269939684844
-0.843,-0.0015015659092524822,0.0020333884524604585
-0.842,-0.001543555551720806,0.0020401039359940827
-0.841,-0.0015862242375540144,0.0020462506639541997
-0.84,-0.0016295718802423048,0.0020518053636617815
-0.839,-0.0016735978123720082,0.0020567442738969577
-0.838,-0.0017183007558948947,0.0020610431495462363
-0.837,-0.0017636787916302978,0.002064677267447329
-0.836,-0.0018097293280213396,0.0020676214335072825
-0.835,-0.0018564490691710329,0.002069849991171791
-0.834,-0.001903833982188868,0.0020713368313256047
-0.833,-0.0019518792638836587,0.002072055403705829
-0.832,-0.002000579306843938,0.002071978729911556
-0.831,-0.00204992766495306,0.0020710794180947524
-0.83,-0.0020999170183924067,0.002069329679418474
-0.829,-0.0021505391381926612,0.002066701346369382
-0.828,-0.0022017848504000855,0.002063165893012071
-0.827,-0.0022536439999320144,0.0020586944572728873
-0.826,-0.002306105414203459,0.0020532578653406587
-0.825,-0.0023591568666146857,0.0020468266582710348
-0.824,-0.0024127850399979682,0.002039371120879902
-0.823,-0.0024669754901303384,0.002030861313009537
-0.822,-0.0025217126094280763,0.0020212671032487565
-0.821,-0.002576979590947853,0.002010558205185247
-0.82,-0.0026327583928288495,0.0019987042162644773
-0.819,-0.0026890297033197535,0.0019856746593250383
-0.818,-0.002745772906544271,0.001971439026874899
-0.817,-0.00280296604916862,0.0019559668281668124
-0.816,-0.002860585808144312,0.001939227639123973
-0.815,-0.0029186074597093697,0.0019211911551588864
-0.814,-0.0029770048498408267,0.0019018272469192928
-0.813,-0.003035750366360907,0.001881106018984795
-0.812,-0.003094814912908518,0.0018589978715265745
-0.811,-0.0031541678849965915,0.0018354735649301769
-0.81,-0.0032137771483842247,0.0018105042873678145
-0.809,-0.00327360902000038,0.0017840617252919244
-0.808,-0.00333362825166305,0.0017561181368058445
-0.807,-0.0033937980168440803,0.001726646427850421
-0.806,-0.003454079900735173,0.001695620231127149
-0.805,-0.003514433893874844,0.0016630139876591076
-0.804,-0.003574818389599088,0.0016288030308704944
-0.803,-0.0036351901855801393,0.001592963673044091
-0.802,-0.003695504489717774,0.001555473293993504
-0.801,-0.0037557149306460093,0.0015163104317636761
-0.8,-0.0038157735731146176,0.0014754548751489997
-0.799,-0.003875630938499474,0.0014328877577935472
-0.798,-0.003935236030688207,0.0013885916536125742
-0.797,-0.003994536367577878,0.0013425506732487348
-0.796,-0.004053478018409224,0.0012947505612505312
-0.795,-0.004112005647147411,0.0012451787936346313
-0.794,-0.004170062562101949,0.0011938246754680134
-0.793,-0.004227590771958587,0.0011406794380807118
-0.792,-0.004284531048373348,0.0010857363354954696
-0.791,-0.004340822995253472,0.001028990739637152
-0.79,-0.0043964051248218845,0.0009704402338626067
-0.789,-0.0044512149405308505,0.0009100847043310957
-0.788,-0.004505189026856858,0.000847926428716767
-0.787,-0.0045582631459724614,0.0007839701617482094
-0.786,-0.004610372341252075,0.0007182232170462649
-0.785,-0.004661451047527516,0.000650695544720279
-0.784,-0.004711433207965831,0.0005813998041751725
-0.783,-0.004760252397396687,0.0005103514315774279
-0.782,-0.0048078419518697586,0.0004375687014275923
-0.781,-0.004854135104174334,0.0003630727816904831
-0.78,-0.00489906512500419,0.0002868877819421935
-0.779,-0.004942565469401066,0.00020904079400544908
-0.778,-0.004984569928060172,0.0001295619245620511
-0.777,-0.005025012783031604,4.848431925319288e-5
-0.776,-0.0050638289673028405,-3.41558221945487e-5
-0.775,-0.005100954227700046,-0.00011831924024772292
-0.774,-0.005136325290500413,-0.00020396361964218
-0.773,-0.0051698800291046796,-0.0002910436036081429
-0.772,-0.005201557633078777,-0.00037951081854869655
-0.771,-0.005231298777837043,-0.00046931390942492237
-0.77,-0.005259045794206813,-0.0005603985860453068
-0.769,-0.005284742837086319,-0.0006527076803974763
-0.768,-0.0053083360523849404,-0.0007461812150971636
-0.767,-0.005329773741417511,-0.0008407564829630605
-0.766,-0.005349006521913039,-0.0009363681376573745
-0.765,-0.005365987484793128,-0.0010329482952610768
-0.764,-0.005380672345876919,-0.0011304266465806375
-0.763,-0.005393019591677769,-0.0012287305799101476
-0.762,-0.005402990618472252,-0.0013277853138998757
-0.761,-0.005410549863844481,-0.0014275140401101862
-0.76,-0.005415664929938262,-0.0015278380747591623
-0.759,-0.005418306697685973,-0.0016286770191039433
-0.758,-0.005418449431326286,-0.0017299489278304841
-0.757,-0.005416070872572512,-0.001831570484764904
-0.756,-0.005411152323849092,-0.0019334571851625083
-0.755,-0.005403678720075252,-0.002035523523778627
-0.754,-0.0053936386885413716,-0.002137683187879221
-0.753,-0.00538102459649476,-0.0022398492543093257
-0.752,-0.0053658325861264495,-0.002341934389704308
-0.751,-0.005348062596728778,-0.0024438510529030243
-0.75,-0.005327718373873926,-0.00254551169860361
-0.749,-0.005304807465545653,-0.002646828981292005
-0.748,-0.005279341205239176,-0.002747715958470605
-0.747,-0.005251334682126785,-0.0028480862922196236
-0.746,-0.005220806698468435,-0.002947854448136822
-0.745,-0.005187779714526471,-0.003046935890722011
-0.744,-0.005152279781320902,-0.0031452472743009707
-0.743,-0.005114336461635633,-0.003242706628618746
-0.742,-0.005073982739755924,-0.003339233538274276
-0.741,-0.005031254920482568,-0.0034347493152164935
-0.74,-0.0049861925180281,-0.0035291771635758123
-0.739,-0.004938838135454484,-0.0036224423361636417
-0.738,-0.00488923733535948,-0.0037144722820356114
-0.737,-0.004837438502560183,-0.003805196784580771
-0.736,-0.004783492699556556,-0.003894548089668445
-0.735,-0.004727453515585197,-0.003982461023455905
-0.734,-0.004669376910093818,-0.004068873099532807
-0.733,-0.004609321051480138,-0.004153724615151655
-0.732,-0.004547346151945079,-0.00423695873636673
-0.731,-0.0044835142993095425,-0.004318521571976148
-0.73,-0.004417889286636891,-0.004398362236232418
-0.729,-0.004350536440489792,-0.004476432900355382
-0.728,-0.00428152244863081,-0.004552688832947177
-0.727,-0.00421091518795136,-0.004627088429471326
-0.726,-0.004138783553383923,-0.004699593231016842
-0.725,-0.004065197288518178,-0.004770167932622884
-0.724,-0.00399022681860363,-0.004838780381489703
-0.723,-0.003913943086579713,-0.004905401565447176
-0.722,-0.0038364173927300086,-0.004970005592092892
-0.721,-0.0037577212385105797,-0.00503256965904739
-0.72,-0.0036779261750540145,-0.0050930740158048665
-0.719,-0.0035971036568012535,-0.005151501917683131
-0.718,-0.0035153249006630053,-0.005207839572397304
-0.717,-0.0034326607510621544,-0.00526207607979736
-0.716,-0.0033491815511584276,-0.005314203365320683
-0.715,-0.0032649570205071496,-0.005364216107717223
-0.714,-0.003180056139355602,-0.005412111661606986
-0.713,-0.0030945470397335845,-0.005457889975427776
-0.712,-0.0030084969034496903,-0.005501553505325404
-0.711,-0.0029219718670616683,-0.00554310712552954
-0.71,-0.0028350369338484335,-0.005582558035746169
-0.709,-0.002747755892772853,-0.005619915666082569
-0.708,-0.002660191244388646,-0.005655191580003246
-0.707,-0.002572404133611599,-0.005688399375795588
-0.706,-0.0024844542892449558,-0.005719554587002515
-0.705,-0.0023963999701213123,-0.005748674582256421
-0.704,-0.0023082979176986098,-0.0057757784649244285
-0.703,-0.0022202033149259113,-0.0058008869729499
-0.702,-0.002132169751175477,-0.005824022379249323
-0.701,-0.0020442491930211452,-0.005845208392997488
-0.7,-0.0019564919606291677,-0.005864470062107577
-0.699,-0.0018689467095162106,-0.005881833677186464
-0.698,-0.0017816604174202243,-0.005897326677219513
-0.697,-0.0016946783760230838,-0.005910977557213584
-0.696,-0.0016080441872592139,-0.005922815778001955
-0.695,-0.001521799763941683,-0.005932871678390593
-0.694,-0.0014359853344363216,-0.0059411763898017935
-0.693,-0.001350639451115155,-0.005947761753548731
-0.692,-0.0012657990023226748,-0.005952660240853004
-0.691,-0.001181499227592066,-0.005955904875696886
-0.69,-0.0010977737358533056,-0.00595752916058279
-0.689,-0.0010146545263809074,-0.005957567005254339
-0.688,-0.0009321720122358857,-0.005956052658416625
-0.687,-0.0008503550459640863,-0.005953020642477511
-0.686,-0.0007692309473212938,-0.005948505691317372
-0.685,-0.0006888255328043219,-0.005942542691081373
-0.684,-0.0006091631467765442,-0.005935166623976216
-0.683,-0.0005302666939858963,-0.005926412515042311
-0.682,-0.00045215767328321245,-0.005916315381862391
-0.681,-0.0003748562123587304,-0.0059049101871587436
-0.68,-0.0002983811033246546,-0.005892231794223404
-0.679,-0.00022274983898172869,-0.005878314925118754
-0.678,-0.0001479786496177603,-0.00586319412158006
-0.677,-7.408254019592812e-5,-0.005846903708546339
-0.676,-1.0753278004112677e-6,-0.005829477760241718
-0.675,7.103032078361208e-5,-0.005810950068725894
-0.674,0.0001422228514692937,-0.005791354114829523
-0.673,0.00021249178535149023,-0.005770723041388185
-0.672,0.0002818276813702274,-0.0057490896286870475
-0.671,0.0003502220992419495,-0.005726486272027323
-0.67,0.0004176675627382418,-0.005702944961325136
-0.669,0.0004841575233840623,-0.005678497262653372
-0.668,0.0005496863246402273,-0.005653174301637446
-0.667,0.000614249166627974,-0.005627006748616677
-0.666,0.0006778420714468674,-0.005600024805484009
-0.665,0.0007404618491311371,-0.0055722581941181825
-0.664,0.0008021060642837071,-0.0055437361463240645
-0.663,0.0008627730034217223,-0.00551448739519866
-0.662,0.0009224616430622729,-0.0054845401678423646
-0.661,0.000981171618572251,-0.005453922179337153
-0.66,0.0010389031938018518,-0.005422660627915711
-0.659,0.001095657231517126,-0.005390782191247945
-0.658,0.0011514351646432024,-0.005358313023773724
-0.657,0.0012062389683263073,-0.0053252787550133384
-0.656,0.0012600711328195058,-0.005291704488789659
-0.655,0.0013129346371941624,-0.005257614803298677
-0.654,0.001364832923876447,-0.0052230337519676515
-0.653,0.0014157698740057967,-0.005187984865042765
-0.652,0.0014657497836100524,-0.005152491151850755
-0.651,0.0015147773405900294,-0.00511657510368158
-0.65,0.0015628576025045154,-0.0050802586972417026
-0.649,0.0016099959751451353,-0.00504356339863009
-0.648,0.0016561981918891335,-0.005006510167791431
-0.647,0.0017014702938169194,-0.004969119463403501
-0.646,0.001745818610580168,-0.004931411248157881
-0.645,0.0017892497420053612,-0.0048934049943955326
-0.644,0.0018317705404168922,-0.004855119690060881
-0.643,0.0018733880936632054,-0.004816573844940186
-0.642,0.0019141097088289263,-0.004777785497152024
-0.641,0.001953942896615511,-0.004738772219859647
-0.64,0.0019928953563726256,-0.004699551128176882
-0.639,0.0020309749617622268,-0.004660138886241058
-0.638,0.0020681897470371815,-0.004620551714428132
-0.637,0.0021045478939161573,-0.004580805396686908
-0.636,0.002140057719036536,-0.004540915287970763
-0.635,0.0021747276619671213,-0.0045008963217468495
-0.634,0.002208566273762544,-0.004460763017564133
-0.633,0.002241582206041389,-0.004420529488663043
-0.632,0.0022737842005702957,-0.004380209449610741
-0.631,0.002305181079336475,-0.004339816223947318
-0.63,0.0023357817350913882,-0.0042993627518293
-0.629,0.0023655951223486055,-0.004258861597658039
-0.628,0.002394630248819175,-0.004218324957681514
-0.627,0.002422896167268195,-0.004177764667559119
-0.626,0.0024504019677766115,-0.004137192209879865
-0.625,0.0024771567703926584,-0.004096618721625364
-0.624,0.0025031697181577216,-0.004056055001569709
-0.623,0.002528449970491817,-0.004015511517609169
-0.622,0.0025530066969242636,-0.003974998414015334
-0.621,0.002576849071155538,-0.003934525518605976
-0.62,0.002599986265436709,-0.0038941023498285854
-0.619,0.002622427445253254,-0.003853738123752045
-0.618,0.002644181764300481,-0.003813441760962529
-0.617,0.0026652583597381665,-0.0037732218933601686
-0.616,0.0026856663477124454,-0.0037330868708535135
-0.615,0.00270541481913338,-0.0036930447679492705
-0.614,0.0027245128356970317,-0.0036531033902351883
-0.613,0.0027429694261412534,-0.0036132702807543434
-0.612,0.002760793582724798,-0.0035735527262694303
-0.611,0.002777994257919728,-0.0035339577634159788
-0.61,0.002794580361307466,-0.003494492184743718
-0.609,0.0028105607566692036,-0.0034551625446455746
-0.608,0.0028259442592617244,-0.003415975165174056
-0.607,0.0028407396332700533,-0.003376936141744975
-0.606,0.0028549555894286788,-0.003338051348728708
-0.605,0.0028686007828034126,-0.00329932644492935
-0.604,0.0028816838107262877,-0.0032607668789523055
-0.603,0.00289421321087618,-0.003222377894461029
-0.602,0.002906197459498162,-0.00318416453532374
-0.601,0.0029176449697548732,-0.0031461316506510933
-0.6,0.002928564090203476,-0.0031082838997258896
-0.599,0.0029389631033920347,-0.003070625756826003
-0.598,0.0029488502245694314,-0.0030331615159418157
-0.597,0.0029582336005031613,-0.0029958952953895086
-0.596,0.002967121308399624,-0.002958831042321639
-0.595,0.002975521354921735,-0.002921972537136498
-0.594,0.0029834416752989334,-0.0028853233977877853
-0.593,0.0029908901325248647,-0.002848887083996192
-0.592,0.0029978745166382294,-0.0028126669013645153
-0.591,0.003004402544082508,-0.0027766660053979643
-0.59,0.0030104818571404374,-0.002740887405431334
-0.589,0.003016120023439333,-0.0027053339684647536
-0.588,0.003021324535523508,-0.002670008422909719
-0.587,0.003026102810490222,-0.00263491336224714
-0.586,0.0030304621896857582,-0.0026000512485991247
-0.585,0.0030344099384583883,-0.0025654244162162418
-0.584,0.003037953245965122,-0.0025310350748819787
-0.583,0.003041099225029309,-0.002496885313236126
-0.582,0.003043854912046278,-0.0024629771020188013
-0.581,0.0030462272669343417,-0.0024293122972368123
-0.58,0.0030482231731286257,-0.0023958926432540517
-0.579,0.0030498494376152902,-0.0023627197758075967
-0.578,0.003051112791003852,-0.002329795224951168
-0.577,0.0030520198876354014,-0.0022971204179275864
-0.576,0.00305257730572463,-0.0022646966819718393
-0.575,0.0030527915475336872,-0.0022325252470463547
-0.574,0.0030526690395759775,-0.002200607248510048
-0.573,0.0030522161328480975,-0.002168943729722689
-0.572,0.003051439103088218,-0.0021375356445861096
-0.571,0.00305034415105928,-0.002106383860023744
-0.57,0.003048937402855471,-0.002075489158399971
-0.569,0.003047224910230516,-0.0020448522398806967
-0.568,0.003045212650946396,-0.0020144737247365925
-0.567,0.003042906529141172,-0.001984354155590371
-0.566,0.0030403123757146637,-0.001954493999609459
-0.565,0.003037435948730792,-0.0019248936506453952
-0.564,0.0030342829338354652,-0.001895553431321257
-0.563,0.0030308589446889217,-0.0018664735950683813
-0.562,0.0030271695234115343,-0.0018376543281136343
-0.561,0.0030232201410420956,-0.001809095751418441
-0.56,0.003019016198007682,-0.0017807979225707635
-0.559,0.003014563024604224,-0.0017527608376311943
-0.558,0.0030098658814869655,-0.0017249844329342962
-0.557,0.0030049299601700302,-0.001697468586846295
-0.556,0.0029997603835343663,-0.0016702131214802107
-0.555,0.0029943622063433564,-0.0016432178043694794
-0.554,0.002988740415765447,-0.0016164823501010942
-0.553,0.002982899931903157,-0.001590006421909272
-0.552,0.0029768456083278834,-0.0015637896332306213
-0.551,0.0029705822326199336,-0.0015378315492217676
-0.55,0.002964114526913257,-0.0015121316882403665
-0.549,0.0029574471484443733,-0.0014866895232904073
-0.548,0.0029505846901050157,-0.0014615044834326966
-0.547,0.0029435316809980497,-0.0014365759551613737
-0.546,0.0029362925869962277,-0.0014119032837473042
-0.545,0.0029288718113033886,-0.0013874857745491632
-0.544,0.0029212736950177155,-0.001363322694293002
-0.543,0.0029135025176966925,-0.0013394132723210776
-0.542,0.002905562497923423,-0.0013157567018106929
-0.541,0.0028974577938739856,-0.0012923521409637848
-0.54,0.002889192503885527,-0.0012691987141679741
-0.539,0.0028807706670248017,-0.0012462955131297719
-0.538,0.0028721962636568937,-0.0012236415979806187
-0.537,0.0028634732160138605,-0.0012012359983564179
-0.536,0.002854605388763062,-0.001179077714451203
-0.535,0.0028455965895749446,-0.0011571657180455628
-0.534,0.0028364505696900685,-0.001135498953510433
-0.533,0.0028271710244851794,-0.0011140763387868457
-0.532,0.0028177615940381266,-0.0010928967663422122
-0.531,0.002808225863691459,-0.0010719591041036991
-0.53,0.0027985673646145222,-0.0010512621963692436
-0.529,0.002788789574363902,-0.0010308048646967395
-0.528,0.0027788959174420693,-0.0010105859087719078
-0.527,0.002768889765854075,-0.0009906041072553602
-0.526,0.0027587744396621794,-0.0009708582186093378
-0.525,0.0027485532075382756,-0.00095134698190461
-0.524,0.0027382292873140055,-0.0009320691176079896
-0.523,0.002727805846528451,-0.000913023328350923
-0.522,0.0027172860029732993,-0.0008942082996795886
-0.521,0.002706672825235393,-0.000875622700786939
-0.52,0.0026959693332365663,-0.0008572651852270964
-0.519,0.0026851784987706943,-0.0008391343916125145
-0.518,0.0026743032460378653,-0.0008212289442942973
-0.517,0.0026633464521756147,-0.0008035474540260623
-0.516,0.0026523109477871467,-0.0007860885186117238
-0.515,0.0026411995174664814,-0.0007688507235375601
-0.514,0.002630014900320466,-0.0007518326425889238
-0.513,0.0026187597904876033,-0.0007350328384519379
-0.512,0.0026074368376536373,-0.0007184498633005202
-0.511,0.002596048647563855,-0.0007020822593690633
-0.51,0.0025845977825320597,-0.0006859285595110916
-0.509,0.002573086761946175,-0.0006699872877442091
-0.508,0.0025615180627704434,-0.0006542569597816424
-0.507,0.002549894120044186,-0.0006387360835506768
-0.506,0.0025382173273770913,-0.0006234231596982764
-0.505,0.0025264900374410053,-0.0006083166820841703
-0.504,0.0025147145624581993,-0.0005934151382616803
-0.503,0.0025028931746860885,-0.0005787170099465616
-0.502,0.0024910281068983857,-0.0005642207734741159
-0.501,0.0024791215528626627,-0.0005499249002448362
-0.5,0.002467175667814315,-0.000535827857158831
-0.499,0.002455192568926904,-0.0005219281070392731
-0.498,0.0024431743357788706,-0.0005082241090451108
-0.497,0.0024311230108166066,-0.0004947143190732728
-0.496,0.0024190405998138743,-0.0004813971901505971
-0.495,0.0024069290723275683,-0.0004682711728157001
-0.494,0.002394790362149814,-0.00045533471549100753
-0.493,0.002382626367756391,-0.00044258626484515516
-0.492,0.00237043895275149,-0.00043002426614596626
-0.491,0.002358229946308789,-0.00041764716360420884
-0.49,0.002346001143608857,-0.0004054534007083272
-0.489,0.0023337543062728772,-0.00039344142055034256
-0.488,0.0023214911627927005,-0.00038160966614310903
-0.487,0.0023092134089572236,-0.0003699565807291097
-0.486,0.0022969227082750973,-0.00035848060808097234
-0.485,0.0022846206923937715,-0.00034718019279387976
-0.484,0.0022723089615148805,-0.000336053780570047
-0.483,0.0022599890848059743,-0.0003250998184954338
-0.482,0.0022476626008086035,-0.00031431675530885455
-0.481,0.002235331017842762,-0.0003037030416636491
-0.48,0.0022229958144077046,-0.000293257130382069
-0.479,0.002210658439579137,-0.0002829774767025341
-0.478,0.0021983203134027956,-0.00027286253851990984
-0.477,0.002185982827284427,-0.0002629107766189516
-0.476,0.0021736473443761733,-0.00025312065490106097
-0.475,0.0021613151999593794,-0.0002434906406044942
-0.474,0.0021489877018238323,-0.00023401920451816079
-0.473,0.0021366661306434437,-0.0002247048211891478
-0.472,0.0021243517403483933,-0.0002155459691241011
-0.471,0.002112045758493739,-0.00020654113098459394
-0.47,0.0020997493866245142,-0.0001976887937766087
-0.469,0.002087463800637326,-0.00018898744903425672
-0.468,0.002075190151138461,-0.00018043559299785715
-0.467,0.0020629295637985268,-0.00017203172678649422
-0.466,0.0020506831397036343,-0.00016377435656516937
-0.465,0.002038451955703138,-0.00015566199370666266
-0.464,0.002026237064753954,-0.0001476931549482154
-0.463,0.002014039496261473,-0.00013986636254314342
-0.462,0.002001860256417073,-0.00013218014440748906
-0.461,0.001989700328532271,-0.0001246330342618166
-0.46,0.001977560673369502,-0.00011722357176825487
-0.459,0.001965442229469571,-0.00010995030266288786
-0.458,0.0019533459134757764,-0.00010281177888359303
-0.457,0.0019412726204547292,-9.580655869342404e-5
-0.456,0.0019292232242138867,-8.893320679963372e-5
-0.455,0.001917198577615818,-8.219029446843049e-5
-0.454,0.0019051995128892198,-7.557639963556003e-5
-0.453,0.001893226841936701,-6.909010701280215e-5
-0.452,0.0018812813566393535,-6.273000819047078e-5
-0.451,0.0018693638291581325,-5.64947017360039e-5
-0.45,0.0018574750122320588,-5.038279328872793e-5
-0.449,0.0018456156394732694,-4.4392895650879855e-5
-0.448,0.0018337864256589293,-3.8523628874968665e-5
-0.447,0.0018219880670200294,-3.277362034755618e-5
-0.446,0.0018102212415270849,-2.7141504869535687e-5
-0.445,0.0017984866091727597,-2.162592473298549e-5
-0.444,0.0017867848122514315,-1.622552979467286e-5
-0.443,0.0017751164756357194,-1.093897754628259e-5
-0.442,0.0017634822070499946,-5.7649331814428615e-6
-0.441,0.0017518825973408948,-7.020696596197791e-7
-0.44,0.0017403182207448586,4.2509322330493725e-6
-0.439,0.0017287896351527055,9.09538382591543e-6
-0.438,0.001717297382371277,1.3832588508901793e-5
-0.437,0.001705841988382163,1.846384168044783e-5
-0.436,0.0016944239635975303,2.2990430698246282e-5
-0.435,0.0016830438031130766,2.7413634832710976e-5
-0.434,0.0016717019869581281,3.1734725223112274e-5
-0.433,0.001660398980342903,3.5954964836318894e-5
-0.432,0.0016491352339029603,4.00756084280858e-5
-0.431,0.0016379111839408544,4.409790250682917e-5
-0.43,0.001626727252665018,4.802308529983025e-5
-0.429,0.0016155838484258889,5.185238672181125e-5
-0.428,0.0016044813659493089,5.558702834582733e-5
-0.427,0.001593420186567207,5.922822337641984e-5
-0.426,0.0015824006784455951,6.277717662497693e-5
-0.425,0.0015714231968098904,6.62350844872487e-5
-0.424,0.0015604880841675898,6.960313492296498e-5
-0.423,0.0015495956705283147,7.288250743750481e-5
-0.422,0.0015387462736212456,7.607437306556781e-5
-0.421,0.0015279401991099707,7.917989435679797e-5
-0.42,0.0015171777408047652,8.220022536331225e-5
-0.419,0.0015064591808723242,8.51365116290863e-5
-0.418,0.0014957847900429683,8.79898901811511e-5
-0.417,0.0014851548278153434,9.076148952255499e-5
-0.416,0.0014745695426586348,9.345242962704638e-5
-0.415,0.0014640291722123142,9.606382193543325e-5
-0.414,0.001453533943483444,9.859676935357651e-5
-0.413,0.0014430840730415555,0.00010105236625197476
-0.412,0.0014326797672111204,0.00010343169846689933
-0.411,0.001422321222261643,0.00010573584330303854
-0.41,0.0014120086245953812,0.00010796586953761152
-0.409,0.0014017421509327308,0.00011012283742591229
-0.408,0.0013915219684952783,0.00011220779870824565
-0.407,0.0013813482351865553,0.00011422179661821721
-0.406,0.0013712210997705058,0.0001161658658923404
-0.405,0.0013611407020476887,0.00011804103278092433
-0.404,0.0013511071730292375,0.00011984831506020664
-0.403,0.0013411206351085939,0.0001215887220456965
-0.402,0.0013311812022310362,0.00012326325460669334
-0.401,0.0013212889800610222,0.00012487290518194778
-0.4,0.0013114440661473662,0.00012641865779643147
-0.399,0.0013016465500862685,0.00012790148807918387
-0.398,0.0012918965136822183,0.00012932236328220363
-0.397,0.0012821940311067888,0.00013068224230035374
-0.396,0.0012725391690553416,0.00013198207569224994
-0.395,0.0012629319869016636,0.00013322280570210194
-0.394,0.0012533725368505514,0.0001344053662824786
-0.393,0.0012438608640883654,0.0001355306831179677
-0.392,0.0012343970069315687,0.0001365996736497023
-0.391,0.0012249809969732746,0.00013761324710072576
-0.39,0.001215612859227816,0.0001385723045021685
-0.389,0.00120629261227336,0.0001394777387202092
-0.388,0.0011970202683925816,0.00014033043448379522
-0.387,0.0011877958337114204,0.0001411312684130953
-0.386,0.0011786193083359324,0.00014188110904866098
-0.385,0.0011694906864872605,0.00014258081688127034
-0.384,0.0011604099566347378,0.00014323124438243162
-0.383,0.0011513771016271447,0.0001438332360355214
-0.382,0.001142392098822136,0.00014438762836753557
-0.381,0.0011334549202138549,0.00014489524998142928
-0.38,0.0011245655325587555,0.00014535692158902408
-0.379,0.0011157238974996457,0.00014577345604446042
-0.378,0.0011069299716879731,0.0001461456583781737
-0.377,0.0010981837069043686,0.00014647432583137366
-0.376,0.0010894850501774645,0.00014676024789100559
-0.375,0.001080833943901007,0.00014700420632517396
-0.374,0.0010722303259492769,0.00014720697521900883
-0.373,0.0010636741297908377,0.0001473693210109549
-0.372,0.0010551652846006263,0.0001474920025294654
-0.371,0.0010467037153704054,0.0001475757710300813
-0.37,0.0010382893430175904,0.00014762137023287882
-0.369,0.0010299220844924718,0.0001476295363602662
-0.368,0.0010216018528838445,0.0001476009981751136
-0.367,0.0010133285575230659,0.00014753647701919826
-0.366,0.0010051021040865529,0.00014743668685194896
-0.365,0.0009969223946967392,0.00014730233428947287
-0.364,0.0009887893280215046,0.00014713411864384932
-0.363,0.0009807027993720956,0.00014693273196267494
-0.362,0.0009726627007995494,0.00014669885906884455
-0.361,0.0009646689211896402,0.00014643317760055336
-0.36,0.0009567213463563607,0.00014613635805150546
-0.359,0.0009488198591339559,0.00014580906381131485
-0.358,0.0009409643394675224,0.0001454519512060847
-0.357,0.0009331546645021913,0.00014506566953915146
-0.356,0.0009253907086709055,0.00014465086113198028
-0.355,0.0009176723437808107,0.000144208161365199
-0.354,0.0009099994390982712,0.00014373819871975801
-0.353,0.0009023718614325269,0.0001432415948182033
-0.352,0.000894789475218006,0.0001427189644660508
-0.351,0.0008872521425953064,0.00014217091569325026
-0.35,0.000879759723490862,0.00014159804979572697
-0.349,0.0008723120756953061,0.00014100096137698996
-0.348,0.0008649090549405476,0.00014038023838979598
-0.347,0.0008575505149755717,0.0001397364621778583
-0.346,0.0008502363076409814,0.00013907020751758987
-0.345,0.0008429662829422913,0.00013838204265987074
-0.344,0.0008357402891219892,0.00013767252937182972
-0.343,0.0008285581727303758,0.00013694222297863046
-0.342,0.0008214197786951996,0.0001361916724052528
-0.341,0.0008143249503900969,0.00013542142021825973
-0.34,0.0008072735297018525,0.0001346320026675414
-0.339,0.0008002653570964915,0.0001338239497280272
-0.338,0.0007933002716842164,0.00013299778514135735
-0.337,0.0007863781112832035,0.00013215402645750608
-0.336,0.000779498712482267,0.00013129318507634768
-0.335,0.0007726619107024085,0.0001304157662891582
-0.334,0.0007658675402572593,0.00012952226932004502
-0.333,0.000759115434412432,0.00012861318736729648
-0.332,0.0007524054254437894,0.00012768900764464488
-0.331,0.0007457373446946458,0.00012675021142243565
-0.33,0.0007391110226319115,0.0001257972740686957
-0.329,0.0007325262889011912,0.00012483066509009474
-0.328,0.0007259829723808495,0.00012385084817279283
-0.327,0.0007194809012350538,0.0001228582812231681
-0.326,0.0007130199029658068,0.00012185341640841852
-0.325,0.0007065998044639793,0.00012083670019703221
-0.324,0.0007002204320593541,0.00011980857339912011
-0.323,0.0006938816115696932,0.000118769471206606
-0.322,0.0006875831683488387,0.00011771982323326838
-0.321,0.0006813249273338564,0.00011666005355462914
-0.32,0.0006751067130912364,0.00011559058074768402
-0.319,0.0006689283498621583,0.0001145118179304702
-0.318,0.0006627896616068316,0.00011342417280146634
-0.317,0.0006566904720479242,0.00011232804767882068
-0.316,0.0006506306047130856,0.00011122383953940279
-0.315,0.0006446098829765783,0.00011011194005767514
-0.314,0.0006386281301000247,0.00010899273564438013
-0.313,0.0006326851692722813,0.0001078666074850392
-0.312,0.0006267808236484488,0.00010673393157825998
-0.311,0.0006209149163880288,0.00010559507877384833
-0.31,0.0006150872706922354,0.00010445041481072161
-0.309,0.0006092977098404724,0.00010330030035462011
-0.308,0.0006035460572259851,0.00010214509103561369
-0.307,0.0005978321363906949,0.00010098513748540035
-0.306,0.0005921557710592278,9.982078537439444e-5
-0.305,0.0005865167851721442,9.865237544860133e-5
-0.304,0.0005809150029183798,9.748024356627641e-5
-0.303,0.0005753502487669059,9.63047207343659e-5
-0.302,0.0005698223474976188,9.512613314472712e-5
-0.301,0.000564331124231465,9.394480221012628e-5
-0.3,0.0005588764044598138,9.276104460001169e-5
-0.299,0.0005534580140730819,9.157517227606034e-5
-0.298,0.0005480757793886226,9.038749252749656e-5
-0.297,0.0005427295271778836,8.919830800618053e-5
-0.296,0.0005374190846928447,8.800791676146568e-5
-0.295,0.0005321442796917424,8.681661227482312e-5
-0.294,0.000526904940464089,8.562468349423215e-5
-0.293,0.000521700895854994,8.443241486833552e-5
-0.292,0.0005165319752887964,8.324008638035839e-5
-0.291,0.0005113980087920153,8.204797358179004e-5
-0.29,0.0005062988270156258,8.085634762582762e-5
-0.289,0.0005012342612566675,7.966547530058095e-5
-0.288,0.0004962041434791952,7.847561906203801e-5
-0.287,0.0004912083063345757,7.728703706679044e-5
-0.286,0.0004862465831811408,7.609998320451858e-5
-0.285,0.00048131880810320236,7.491470713023598e-5
-0.284,0.0004764248159294362,7.373145429629286e-5
-0.283,0.0004715644422506428,7.255046598413855e-5
-0.282,0.000466737523436891,7.137197933584291e-5
-0.281,0.00046194389665405133,7.019622738537669e-5
-0.28,0.0004571833998797263,6.90234390896511e-5
-0.279,0.0004524558719185839,6.785383935931682e-5
-0.278,0.0004477611524171008,6.668764908932262e-5
-0.277,0.000443099081877722,6.55250851892344e-5
-0.276,0.00043846950167244315,6.436636061331478e-5
-0.275,0.00043387225405582165,6.32116843903641e-5
-0.274,0.00042930718217742313,6.206126165332353e-5
-0.273,0.00042477413009370967,6.09152936686408e-5
-0.272,0.0004202729427793746,5.977397786539984e-5
-0.271,0.0004158034661381319,5.863750786421492e-5
-0.27,0.0004113655470129641,5.7506073505890544e-5
-0.269,0.00040695903319583587,5.63798608798481e-5
-0.268,0.0004025837734368789,5.5259052352320484e-5
-0.267,0.0003982396174530532,5.414382659431606e-5
-0.266,0.00039392641593629095,5.303435860935311e-5
-0.265,0.0003896440205611286,5.193081976096647e-5
-0.264,0.00038539228399183257,5.083337779998757e-5
-0.263,0.0003811710598890234,4.97421968915997e-5
-0.262,0.0003769802029158055,4.8657437642170034e-5
-0.261,0.00037281956874340516,4.7579257125860086e-5
-0.26,0.0003686890140563251,4.650780891101658e-5
-0.259,0.0003645883965570181,4.54432430863444e-5
-0.258,0.0003605175749700866,4.438570628686371e-5
-0.257,0.0003564764090460126,4.3335341719653155e-5
-0.256,0.00035246475956442316,4.2292289189381305e-5
-0.255,0.00034848248833689626,4.12566851236284e-5
-0.254,0.0003445294582093121,4.02286625980007e-5
-0.253,0.00034060553306375477,3.9208351361039616e-5
-0.252,0.0003367105778199687,3.819587785892813e-5
-0.251,0.00033284445843637534,3.7191365259996684e-5
-0.25,0.00032900704191065407,3.619493347903125e-5
-0.249,0.0003251981962798925,3.520669920138595e-5
-0.248,0.0003214177906203106,3.422677590690292e-5
-0.247,0.0003176656950465627,3.325527389364199e-5
-0.246,0.00031394178071062336,3.229230030142308e-5
-0.245,0.00031024591980025995,3.133795913518384e-5
-0.244,0.0003065779855370968,3.039235128815561e-5
-0.243,0.0003029378521742765,2.9455574564860504e-5
-0.242,0.0002993253949937207,2.8527723703932556e-5
-0.241,0.00029574049030299646,2.7608890400766e-5
-0.24,0.0002921830154317916,2.6699163329993762e-5
-0.239,0.0002886528487280031,2.5798628167799254e-5
-0.238,0.0002851498695534436,2.490736761406472e-5
-0.237,0.0002816739582791691,2.4025461414359315e-5
-0.236,0.0002782249962804329,2.3152986381770297e-5
-0.235,0.0002748028659312696,2.229001641858062e-5
-0.234,0.00027140745059871257,2.1436622537796357e-5
-0.233,0.00026803863463665,2.0592872884527468e-5
-0.232,0.0002646963033793232,1.9758832757225336e-5
-0.231,0.00026138034313447046,1.8934564628780724e-5
-0.23,0.0002580906411761213,1.812012816748572e-5
-0.229,0.0002548270857370448,1.731558025786338e-5
-0.228,0.00025158956600085554,1.652097502136875e-5
-0.227,0.0002483779720937817,1.5736363836965072e-5
-0.226,0.00024519219507609865,1.4961795361578988e-5
-0.225,0.0002420321269332322,1.4197315550438594e-5
-0.224,0.00023889766056653527,1.3442967677298285e-5
-0.223,0.0002357886897837417,1.2698792354554344e-5
-0.222,0.00023270510928910136,1.1964827553255295e-5
-0.221,0.00022964681467319982,1.1241108623011085e-5
-0.22,0.0002266137024024671,1.0527668311805166e-5
-0.219,0.00022360566980837848,9.824536785713699e-6
-0.218,0.00022062261507635185,9.131741648536002e-6
-0.217,0.00021766443723434498,8.449307961340538e-6
-0.216,0.00021473103614115668,7.777258261930695e-6
-0.215,0.00021182231247443532,7.115612584234711e-6
-0.214,0.000208938167718399,6.464388477624106e-6
-0.213,0.00020607850415127064,5.823601026165031e-6
-0.212,0.00020324322483243203,5.193262867807008e-6
-0.211,0.00020043223358930055,4.573384213513534e-6
-0.21,0.00019764543500393235,3.963972866339118e-6
-0.209,0.0001948827343993557,3.3650342404573e-6
-0.208,0.00019214403782563872,2.7765713801442977e-6
-0.207,0.00018942925204569437,2.1985849787229176e-6
-0.206,0.0001867382845208278,1.631073397471442e-6
-0.205,0.00018407104339602883,1.0740326845022143e-6
-0.204,0.00018142743748501375,5.274565936147048e-7
-0.203,0.00017880737625502078,-8.663396872144721e-9
-0.202,0.00017621076981136222,-5.343380653034474e-7
-0.201,0.00017363752888173805,-1.0495804278828916e-6
-0.2,0.00017108756480031415,-1.5544057198733411e-6
-0.199,0.00016856078949156986,-2.048831376798568e-6
-0.198,0.00016605711545391815,-2.5328770156411354e-6
-0.197,0.00016357645574310303,-3.0065644160314175e-6
-0.196,0.00016111872395537774,-3.469917501422711e-6
-0.195,0.0001586838342104682,-3.92296232024736e-6
-0.194,0.00015627170113432557,-4.365727027048789e-6
-0.193,0.0001538822398416721,-4.79824186358431e-6
-0.192,0.00015151536591834469,-5.22053913989352e-6
-0.191,0.00014917099540344016,-5.63265321532713e-6
-0.19,0.00014684904477126631,-6.034620479530964e-6
-0.189,0.00014454943091310373,-6.426479333379914e-6
-0.188,0.000142272071118782,-6.808270169856553e-6
-0.187,0.00014001688305807506,-7.180035354869129e-6
-0.186,0.00013778378476192032,-7.541819208003599e-6
-0.185,0.00013557269460346555,-7.893667983204378e-6
-0.184,0.00013338353127894867,-8.235629849378423e-6
-0.183,0.00013121621378841462,-8.567754870917264e-6
-0.182,0.0001290706614162743,-8.890094988131594e-6
-0.181,0.00012694679371170995,-9.202703997592971e-6
-0.18,0.00012484453046893236,-9.505637532377193e-6
-0.179,0.00012276379170729395,-9.7989530422039e-6
-0.178,0.00012070449765126352,-1.0082709773466915e-5
-0.177,0.00011866656871026701,-1.0356968749149832e-5
-0.176,0.0001166499254583997,-1.0621792748621363e-5
-0.175,0.00011465448861401485,-1.0877246287304915e-5
-0.174,0.00011268017901919407,-1.112339559621687e-5
-0.173,0.00011072691761910457,-1.1360308601368063e-5
-0.172,0.000108794625441249,-1.1588054903022866e-5
-0.171,0.0001068832235746129,-1.1806705754810379e-5
-0.17,0.00010499263314871568,-1.2016334042682133e-5
-0.169,0.00010312277531257061,-1.221701426371079e-5
-0.168,0.00010127357121355943,-1.2408822504724227e-5
-0.167,9.944494197622772e-5,-1.2591836420769504e-5
-0.166,9.76368086810066e-5,-1.2766135213401102e-5
-0.165,9.584909234286691e-5,-1.293179960878791e-5
-0.164,9.408171388991212e-5,-1.30889118356334e-5
-0.163,9.233459414191591e-5,-1.3237555602903441e-5
-0.162,9.060765378881093e-5,-1.3377816077356209e-5
-0.161,8.890081336913507e-5,-1.3509779860868685e-5
-0.16,8.721399324844197e-5,-1.3633534967554198e-5
-0.159,8.554711359768195e-5,-1.3749170800665542e-5
-0.158,8.390009437156077e-5,-1.3856778129278147e-5
-0.157,8.227285528688256e-5,-1.3956449064747862e-5
-0.156,8.066531580088418e-5,-1.4048277036937898e-5
-0.155,7.90773950895681e-5,-1.4132356770209485e-5
-0.154,7.750901202604099e-5,-1.420878425917087e-5
-0.153,7.596008515886546e-5,-1.4277656744179265e-5
-0.152,7.44305326904325e-5,-1.4339072686590397e-5
-0.151,7.292027245536212e-5,-1.439313174375037e-5
-0.15,7.14292218989401e-5,-1.4439934743724533e-5
-0.149,6.995729805559878e-5,-1.4479583659758126e-5
-0.148,6.850441752744986e-5,-1.4512181584463512e-5
-0.147,6.707049646287753e-5,-1.4537832703728817e-5
-0.146,6.565545053520014e-5,-1.4556642270342893e-5
-0.145,6.425919492140924e-5,-1.4568716577331506e-5
-0.144,6.288164428099418e-5,-1.4574162930999768e-5
-0.143,6.152271273486159e-5,-1.4573089623675845e-5
-0.142,6.0182313844358414e-5,-1.456560590615104e-5
-0.141,5.8860360590407694e-5,-1.455182195981141e-5
-0.14,5.755676535276658e-5,-1.4531848868456166e-5
-0.139,5.627143988941591e-5,-1.4505798589798139e-5
-0.138,5.500429531609107e-5,-1.447378392664167e-5
-0.137,5.375524208596394e-5,-1.4435918497733402e-5
-0.136,5.252418996948606e-5,-1.4392316708281466e-5
-0.135,5.13110480344031e-5,-1.4343093720138703e-5
-0.134,5.011572462595108e-5,-1.4288365421645596e-5
-0.133,4.893812734724495e-5,-1.4228248397128717e-5
-0.132,4.7778163039870235e-5,-1.4162859896050579e-5
-0.131,4.66357377646888e-5,-1.4092317801806875e-5
-0.13,4.551075678286986e-5,-1.4016740600167204e-5
-0.129,4.4403124537157606e-5,-1.3936247347355507e-5
-0.128,4.331274463338709e-5,-1.38509576377665e-5
-0.127,4.2239519822260106e-5,-1.3760991571314598e-5
-0.126,4.11833519813931e-5,-1.3666469720411868e-5
-0.125,4.0144142097649376e-5,-1.3567513096571708e-5
-0.124,3.9121790249767934e-5,-1.3464243116635142e-5
-0.123,3.811619559130181e-5,-1.3356781568616653e-5
-0.122,3.712725633387861e-5,-1.3245250577166736e-5
-0.121,3.615486973079655e-5,-1.3129772568648428e-5
-0.12,3.5198932060969276e-5,-1.3010470235825297e-5
-0.119,3.4259338613233093e-5,-1.2887466502158479e-5
-0.118,3.333598367103053e-5,-1.2760884485710569e-5
-0.117,3.242876049748426e-5,-1.2630847462654354e-5
-0.116,3.1537561320875814e-5,-1.249747883038453e-5
-0.115,3.066227732054368e-5,-1.2360902070230772e-5
-0.114,2.9802798613215577e-5,-1.2221240709770743e-5
-0.113,2.8959014239790247e-5,-1.2078618284741776e-5
-0.112,2.813081215258398e-5,-1.1933158300550257e-5
-0.111,2.7318079203057685e-5,-1.1784984193377924e-5
-0.11,2.652070113004036e-5,-1.1634219290884543e-5
-0.109,2.573856254846535e-5,-1.1480986772506652e-5
-0.108,2.497154693863576e-5,-1.1325409629352362e-5
-0.107,2.421953663603599e-5,-1.11676106236924e-5
-0.106,2.3482412821706384e-5,-1.1007712248047926e-5
-0.105,2.2760055513198516e-5,-1.084583668387589e-5
-0.104,2.205234355612873e-5,-1.0682105759852978e-5
-0.103,2.1359154616348076e-5,-1.0516640909759592e-5
-0.102,2.0680365172746844e-5,-1.0349563129965468e-5
-0.101,2.001585051071251e-5,-1.0180992936519025e-5
-0.1,1.9365484716259943e-5,-1.001105032184278e-5
-0.099,1.872914067085329e-5,-9.839854711037521e-6
-0.098,1.8106690046939103e-5,-9.66752491779834e-6
-0.097,1.7498003304210757e-5,-9.494179099945945e-6
-0.096,1.6902949686624468e-5,-9.319934714577125e-6
-0.095,1.6321397220187547e-5,-9.144908472838575e-6
-0.094,1.5753212711540035e-5,-8.969216294328763e-6
-0.093,1.5198261747350991e-5,-8.792973261132915e-6
-0.092,1.4656408694551278e-5,-8.616293571496685e-6
-0.091,1.4127516701424979e-5,-8.43929049314448e-6
-0.09,1.3611447699581923e-5,-8.262076316248937e-6
-0.089,1.3108062406834273e-5,-8.084762306058568e-6
-0.088,1.2617220331000438e-5,-7.907458655191001e-6
-0.087,1.2138779774660018e-5,-7.730274435599914e-6
-0.086,1.1672597840883904e-5,-7.5533175502242025e-6
-0.085,1.1218530439964015e-5,-7.376694684328564e-6
-0.084,1.0776432297167652e-5,-7.200511256545218e-6
-0.083,1.0346156961541794e-5,-7.024871369627162e-6
-0.082,9.92755681579319e-6,-6.849877760923915e-6
-0.081,9.520483087270469e-6,-6.6756317525914535e-6
-0.08,9.124785860074961e-6,-6.502233201548647e-6
-0.079,8.74031408832746e-6,-6.329780449193255e-6
-0.078,8.366915610618507e-6,-6.158370270891269e-6
-0.077,8.004437165670356e-6,-5.988097825254137e-6
-0.076,7.652724409239255e-6,-5.81905660321921e-6
-0.075,7.311621932287142e-6,-5.651338376949553e-6
-0.074,6.980973280452433e-6,-5.485033148570132e-6
-0.073,6.66062097485005e-6,-5.320229098758248e-6
-0.072,6.350406534231439e-6,-5.157012535207007e-6
-0.071,6.0501704985358225e-6,-4.9954678409816e-6
-0.07,5.759752453864568e-6,-4.835677422789075e-6
-0.069,5.478991058911079e-6,-4.677721659183408e-6
-0.068,5.207724072879268e-6,-4.521678848728647e-6
-0.067,4.945788384924271e-6,-4.367625158144082e-6
-0.066,4.693020045149697e-6,-4.215634570456497e-6
-0.065,4.4492542971963994e-6,-4.0657788331857915e-6
-0.064,4.214325612458398e-6,-3.918127406591468e-6
-0.063,3.988067725962327e-6,-3.7727474120088264e-6
-0.062,3.7703136739474996e-6,-3.6297035803049937e-6
-0.061,3.560895833184434e-6,-3.489058200486396e-6
-0.06,3.359645962070501e-6,-3.3508710684906867e-6
-0.059,3.1663952435421567e-6,-3.215199436197716e-6
-0.058,2.9809743298440936e-6,-3.0820979606957058e-6
-0.057,2.803213389196542e-6,-2.9516186538404753e-6
-0.056,2.6329421544028875e-6,-2.8238108321472968e-6
-0.055,2.4699899734407722e-6,-2.698721067056802e-6
-0.054,2.314185862080865e-6,-2.5763931356182593e-6
-0.053,2.1653585585785975e-6,-2.4568679716355484e-6
-0.052,2.0233365804853057e-6,-2.3401836173232636e-6
-0.051,1.8879482836264413e-6,-2.226375175522572e-6
-0.05,1.7590219232958148e-6,-2.115474762528778e-6
-0.049,1.636385717716207e-6,-2.0075114615849633e-6
-0.048,1.5198679138181525e-6,-1.9025112770986515e-6
-0.047,1.4092968553902754e-6,-1.8004970896411335e-6
-0.046,1.3045010536562306e-6,-1.70148861179193e-6
-0.045,1.2053092603351161e-6,-1.6055023448938908e-6
-0.044,1.1115505432441716e-6,-1.5125515367875883e-6
-0.043,1.0230543645046737e-6,-1.4226461405970445e-6
-0.042,9.396506614142294e-7,-1.335792774642386e-6
-0.041,8.611699300511409e-7,-1.2519946835588125e-6
-0.04,7.874433116792199e-7,-1.1712517007053023e-6
-0.039,7.183026820243849e-7,-1.0935602119507557e-6
-0.038,6.535807434976172e-7,-1.0189131209298688e-6
-0.037,5.931111204424205e-7,-9.47299815865929e-7
-0.036,5.367284574888683e-7,-8.787061380629604e-7
-0.035,4.84268521100693e-7,-8.131143521752958e-7
-0.034,4.355683044067234e-7,-7.505031183687038e-7
-0.033,3.904661354133956e-7,-6.908474664937435e-7
-0.032,3.4880178870112986e-7,-6.341187723990868e-7
-0.031,3.1041660071418753e-7,-5.802847365202191e-7
-0.03,2.7515358876131964e-7,-5.293093648872561e-7
-0.029,2.428575738532436e-7,-4.811529527047105e-7
-0.028,2.133753075129104e-7,-4.357720706659817e-7
-0.027,1.8655560270587404e-7,-3.931195541762611e-7
-0.026,1.6224946905110498e-7,-3.531444956695714e-7
-0.025,1.4031025248762586e-7,-3.15792240218965e-7
-0.024,1.205937795897897e-7,-2.810043846536833e-7
-0.023,1.0295850674435955e-7,-2.4871878041357065e-7
-0.022,8.726567442640786e-8,-2.1886954038952374e-7
-0.021,7.337946683921242e-8,-1.913870500195932e-7
-0.02,6.116717721678465e-8,-1.6619798293397241e-7
-0.019,5.049937912770515e-8,-1.4322532146903471e-7
-0.018,4.125010416723213e-8,-1.223883824014931e-7
-0.017,3.329702648338567e-8,-1.0360284828949246e-7
-0.016,2.652165465482176e-8,-8.678080484909049e-8
-0.015,2.0809531527750626e-8,-7.183078484353542e-8
-0.014,1.6050442731354558e-8,-5.86578190208447e-8
-0.013,1.2138634733708415e-8,-4.716349470487506e-8
-0.012,8.973043483907296e-9,-3.724602272966492e-8
-0.011,6.457534926698048e-9,-2.8800313510904992e-8
-0.01,4.501158996892745e-9,-2.1718063178409894e-8
-0.009,3.0184191383314496e-9,-1.5887850858771717e-8
-0.008,1.9295600035709008e-9,-1.1195248411890826e-8
-0.007,1.1608768707605011e-9,-7.522944210236553e-9
-0.006,6.450516280303655e-10,-4.750882939873411e-9
-0.005,3.215222259961241e-10,-2.7564239554348077e-9
-0.004,1.3689588492189294e-10,-1.4145215411863023e-9
-0.003,4.542236981246705e-11,-5.979317187314584e-10
-0.002,9.555559424614153e-12,-1.7745243530290062e-10
-0.001,6.591975158278973e-13,-2.2208174799163733e-11
0.0,0.0,0.0
0.001,6.594592361133312e-13,2.2216704122367354e-11
0.002,9.563174240967395e-12,1.7758875640050858e-10
0.003,4.547680164934672e-11,5.986207753363117e-10
0.004,1.3711505802205542e-10,1.4166950699164819e-9
0.005,3.2216678861861996e-10,2.761718264863614e-9
0.006,6.466057689571537e-10,4.761832600715194e-9
0.007,1.1641444474411487e-9,7.543171026789885e-9
0.008,1.935774951972144e-9,1.1229645135925694e-8
0.009,3.0293692703852988e-9,1.5942759177828392e-8
0.01,4.519322386810304e-9,2.1801445568105746e-8
0.011,6.486228158539997e-9,2.892191858924971e-8
0.012,9.016581088264429e-9,3.741754379296227e-8
0.013,1.2202499186129468e-8,4.7398721161110306e-8
0.014,1.6141464422351768e-8,5.897278046860302e-8
0.015,2.0936078145829138e-8,7.224388757324456e-8
0.016,2.6693829451383096e-8,8.73129605693063e-8
0.017,3.352687491250603e-8,1.0427759490448645e-7
0.018,4.155182841490339e-8,1.232319966878994e-7
0.019,5.08895600646589e-8,1.4426692351903857e-7
0.02,6.16650033268801e-8,1.674696322506943e-7
0.021,7.400696969185008e-8,1.929238331671199e-7
0.022,8.804797027675997e-8,2.2070965011560792e-7
0.023,1.0392404385956339e-7,2.5090358617749087e-7
0.024,1.2177459091277447e-7,2.835784945052292e-7
0.025,1.41742213263051e-7,3.1880355398708184e-7
0.026,1.6397255905007105e-7,3.5664424943093797e-7
0.027,1.886141726977033e-7,3.9716235598505835e-7
0.028,2.1581834964344408e-7,4.404159275363909e-7
0.029,2.457389955998209e-7,4.86459288847314e-7
0.03,2.785324901449316e-7,5.353430312095493e-7
0.031,3.143575544592753e-7,5.87114011409916e-7
0.032,3.533751230431515e-7,6.418153538168546e-7
0.033,3.957482192636463e-7,6.994864554094663e-7
0.034,4.416418345929818e-7,7.601629935823824e-7
0.035,4.912228114111034e-7,8.238769365702649e-7
0.036,5.446597292550692e-7,8.906565563452789e-7
0.037,6.021227944063093e-7,9.605264438495828e-7
0.038,6.637837327143157e-7,1.0335075264328568e-6
0.039,7.29815685561944e-7,1.1096170873722157e-6
0.04,8.003931088833941e-7,1.1888687873585943e-6
0.041,8.756916751511709e-7,1.271272687839933e-6
0.042,9.558881782530176e-7,1.3568352761172572e-6
0.043,1.0411604411840135e-6,1.4455594920951027e-6
0.044,1.131687226482813e-6,1.5374447565927272e-6
0.045,1.227648149344422e-6,1.6324870011271922e-6
0.046,1.3292235933450019e-6,1.7306786990837427e-6
0.047,1.436594628717005e-6,1.8320088981929809e-6
0.048,1.5499429331155158e-6,1.9364632542381377e-6
0.049,1.6694507148190057e-6,2.0440240659193287e-6
0.05,1.7953006383098751e-6,2.1546703108050544e-6
0.051,1.927675752182119e-6,2.2683776823043782e-6
0.052,2.0667594193252853e-6,2.3851186275962097e-6
0.053,2.2127352493355786e-6,2.504862386454963e-6
0.054,2.365787033106524e-6,2.627575030914533e-6
0.055,2.526098679553061e-6,2.753219505715077e-6
0.056,2.6938541544242924e-6,2.8817556694795e-6
0.057,2.869237421161375e-6,3.0131403365688277e-6
0.058,3.052432383758235e-6,3.147327319567837e-6
0.059,3.24362283158389e-6,3.284267472354371e-6
0.06,3.442992386126222e-6,3.4239087337077563e-6
0.061,3.6507244496180292e-6,3.566196171413609e-6
0.062,3.867002155507117e-6,3.7110720268241206e-6
0.063,4.092008320733081e-6,3.8584757598346225e-6
0.064,4.325925399774274e-6,4.0083440942388865e-6
0.065,4.568935440429249e-6,4.160611063427156e-6
0.066,4.821220041297743e-6,4.315208056392444e-6
0.067,5.082960310926982e-6,4.472063864012039e-6
0.068,5.354336828589803e-6,4.631104725572559e-6
0.069,5.6355296066617425e-6,4.7922543755082156e-6
0.07,5.926718054564908e-6,4.955434090323209e-6
0.071,6.228080944247037e-6,5.1205627356704145e-6
0.072,6.539796377164782e-6,5.287556813559668e-6
0.073,6.862041752740797e-6,5.4563305096701e-6
0.074,7.194993738264795e-6,5.626795740742065e-6
0.075,7.538828240209263e-6,5.798862202025204e-6
0.076,7.893720376931044e-6,5.9724374147602605e-6
0.077,8.25984445273051e-6,6.147426773673146e-6
0.078,8.637373933240538e-6,6.3237335944607645e-6
0.079,9.02648142211799e-6,6.501259161248947e-6
0.08,9.42733863901084e-6,6.679902774003721e-6
0.081,9.840116398774563e-6,6.859561795878017e-6
0.082,1.0264984591911848e-5,7.040131700476633e-6
0.083,1.0702112166210124e-5,7.221506119023149e-6
0.084,1.1151667109551775e-5,7.403576887413156e-6
0.085,1.1613816433872423e-5,7.586234093138945e-6
0.086,1.2088726160242932e-5,7.769366122071435e-6
0.087,1.2576561305051327e-5,7.952859705085866e-6
0.088,1.3077485867261058e-5,8.13659996451838e-6
0.089,1.3591662816722564e-5,8.320470460441261e-6
0.09,1.4119254083515343e-5,8.504353236745198e-6
0.091,1.466042054829817e-5,8.688128867017582e-6
0.092,1.5215322033645451e-5,8.871676500206299e-6
0.093,1.5784117296348022e-5,9.054873906059168e-6
0.094,1.6366964020657083e-5,9.237597520329588e-6
0.095,1.6964018812450274e-5,9.419722489739545e-6
0.096,1.7575437194299264e-5,9.60112271669159e-6
0.097,1.820137360141849e-5,9.781670903721906e-6
0.098,1.8841981378475085e-5,9.961238597686986e-6
0.099,1.9497412777240265e-5,1.0139696233677008e-5
0.1,2.016781895506287e-5,1.0316913178649286e-5
0.101,2.085334997414592e-5,1.0492757774775719e-5
0.102,2.155415480160747e-5,1.0667097382498485e-5
0.103,2.227038131030729e-5,1.0839798423288671e-5
0.104,2.3002176280421176e-5,1.1010726422102873e-5
0.105,2.3749685401745077e-5,1.1179746049533208e-5
0.106,2.4513053276711317e-5,1.1346721163646493e-5
0.107,2.5292423424099732e-5,1.1511514851508733e-5
0.108,2.608793828342658e-5,1.167398947039136e-5
0.109,2.6899739219994507e-5,1.183400668865602e-5
0.11,2.772796653058702e-5,1.1991427526314978e-5
0.111,2.8572759449791307e-5,1.2146112395264555e-5
0.112,2.943425615693332e-5,1.2297921139189282e-5
0.113,3.0312593783609498e-5,1.2446713073134737e-5
0.114,3.120790842179959e-5,1.2592347022747304e-5
0.115,3.212033513254543e-5,1.2734681363179384e-5
0.116,3.30500079551806e-5,1.2873574057658824e-5
0.117,3.399705991709631e-5,1.3008882695721534e-5
0.118,3.496162304402904e-5,1.3140464531106626e-5
0.119,3.594382837085556e-5,1.3268176519313483e-5
0.12,3.694380595288143e-5,1.339187535482053e-5
0.121,3.796168487760913e-5,1.3511417507965598e-5
0.122,3.8997593276972233e-5,1.3626659261488021e-5
0.123,4.0051658340022254e-5,1.3737456746732847e-5
0.124,4.112400632605517e-5,1.384366597951763e-5
0.125,4.221476257816451e-5,1.3945142895662602e-5
0.126,4.3324051537208434e-5,1.404174338618508e-5
0.127,4.44519967561783e-5,1.4133323332159203e-5
0.128,4.5598720914956346e-5,1.4219738639242299e-5
0.129,4.6764345835450536e-5,1.4300845271869224e-5
0.13,4.7948992497094535e-5,1.4376499287116333e-5
0.131,4.9152781052701275e-5,1.4446556868236746e-5
0.132,5.037583084465846e-5,1.4510874357868846e-5
0.133,5.161826042145487e-5,1.456930829092e-5
0.134,5.2880187554526226e-5,1.4621715427127667e-5
0.135,5.416172925540975e-5,1.4667952783300207e-5
0.136,5.546300179319664e-5,1.4707877665239789e-5
0.137,5.678412071227194e-5,1.4741347699349957e-5
0.138,5.812520085033137e-5,1.4768220863930518e-5
0.139,5.948635635666492e-5,1.4788355520162524e-5
0.14,6.086770071069715e-5,1.4801610442786253e-5
0.141,6.22693467407744e-5,1.4807844850475158e-5
0.142,6.369140664318904e-5,1.4806918435908904e-5
0.143,6.513399200143143e-5,1.4798691395548682e-5
0.144,6.659721380565996e-5,1.4783024459118078e-5
0.145,6.808118247238026e-5,1.4759778918792888e-5
0.146,6.958600786432412e-5,1.4728816658103357e-5
0.147,7.111179931051958e-5,1.4690000180552349e-5
0.148,7.265866562654315e-5,1.464319263795313e-5
0.149,7.422671513494573e-5,1.4588257858490445e-5
0.15,7.581605568584367e-5,1.4525060374508645e-5
0.151,7.742679467766654e-5,1.4453465450030772e-5
0.152,7.905903907805372e-5,1.4373339108012466e-5
0.153,8.071289544489137e-5,1.4284548157334693e-5
0.154,8.23884699474823e-5,1.4186960219539351e-5
0.155,8.408586838784048e-5,1.4080443755311838e-5
0.156,8.5805196222103e-5,1.3964868090714731e-5
0.157,8.754655858205159e-5,1.3840103443176823e-5
0.158,8.931006029673661e-5,1.3706020947241724e-5
0.159,9.109580591419593e-5,1.3562492680080396e-5
0.16,9.290389972326186e-5,1.3409391686771921e-5
0.161,9.473444577544892e-5,1.3246592005356936e-5
0.162,9.658754790691541e-5,1.3073968691668158e-5
0.163,9.846330976049245e-5,1.2891397843942478e-5
0.164,0.00010036183480777321,1.2698756627219142e-5
0.165,0.00010228322637125621,1.249592329752856e-5
0.166,0.00010422758764653595,1.2282777225876342e-5
0.167,0.00010619502172453479,1.2059198922027134e-5
0.168,0.00010818563161376938,1.1825070058092939e-5
0.169,0.00011019952026264603,1.1580273491930557e-5
0.17,0.00011223679058177852,1.1324693290352844e-5
0.171,0.00011429754546632262,1.105821475215852e-5
0.172,0.00011638188781832138,1.0780724430985213e-5
0.173,0.00011848992056905548,1.0492110157990559e-5
0.174,0.00012062174670139289,1.0192261064366077e-5
0.175,0.0001227774692721323,9.881067603688627e-6
0.176,0.00012495719143433483,9.558421574114265e-6
0.177,0.00012716101645963854,9.224216140419282e-6
0.178,0.00012938904776055047,8.878345855893277e-6
0.179,0.00013164138891271098,8.520706684089113e-6
0.18,0.00013391814367712512,8.151196020434556e-6
0.181,0.00013621941602235603,7.769712713710511e-6
0.182,0.00013854531014667536,7.3761570874006615e-6
0.183,0.00014089593050016562,6.970430960917422e-6
0.184,0.00014327138180676987,6.552437670709041e-6
0.185,0.00014567176908628353,6.122082091252741e-6
0.186,0.00014809719767628414,5.679270655938768e-6
0.187,0.00015054777325399372,5.2239113778502205e-6
0.188,0.0001530236018580699,4.755913870443527e-6
0.189,0.0001555247899103205,4.275189368134449e-6
0.19,0.00015805144423733768,3.7816507467944754e-6
0.191,0.00016060367209204702,3.275212544162463e-6
0.192,0.00016318158117516697,2.7557909801763906e-6
0.193,0.00016578527965657491,2.2233039772300773e-6
0.194,0.0001684148761965748,1.6776711803597013e-6
0.195,0.000171070479967063,1.118813977364965e-6
0.196,0.00017375220067258757,5.466555188697309e-7
0.197,0.00017646014857129717,-3.887926167305502e-8
0.198,0.00017919443449577552,-6.378636280273415e-7
0.199,0.00018195516987375726,-1.2503690212660589e-6
0.2,0.00018474246674872154,-1.8764650399045283e-6
0.201,0.00018755643780035897,-2.5162194200704243e-6
0.202,0.0001903971963649086,-3.1696980157055293e-6
0.203,0.00019326485645536058,-3.836964778794545e-6
0.204,0.00019615953278152116,-4.518081739616222e-6
0.205,0.00019908134076993575,-5.213108987012111e-6
0.206,0.00020203039658366683,-5.92210464866822e-6
0.207,0.0002050068171419226,-6.6451248714049235e-6
0.208,0.0002080107201395331,-7.382223801470444e-6
0.209,0.0002110422240662697,-8.133453564833276e-6
0.21,0.00021410144822600467,-8.898864247468926e-6
0.211,0.0002171885127557073,-9.67850387563637e-6
0.212,0.0002203035386442727,-1.0472418396139645e-5
0.213,0.00022344664775118012,-1.1280651656570004e-5
0.214,0.0002266179628249769,-1.2103245385524126e-5
0.215,0.00022981760752158504,-1.2940239172793822e-5
0.216,0.00023304570642242636,-1.3791670449522774e-5
0.217,0.0002363023850523632,-1.4657574468325833e-5
0.218,0.00023958776989745127,-1.5537984283366415e-5
0.219,0.00024290198842250084,-1.6432930730387578e-5
0.22,0.0002462451690884433,-1.734244240669241e-5
0.221,0.0002496174413694994,-1.826654565106929e-5
0.222,0.0002530189357701461,-1.9205264523657762e-5
0.223,0.00025644978384187797,-2.0158620785750624e-5
0.224,0.00025991011819976115,-2.112663387952799e-5
0.225,0.0002634000725387748,-2.2109320907719043e-5
0.226,0.000266919781649938,-2.3106696613187224e-5
0.227,0.0002704693814362183,-2.4118773358434697e-5
0.228,0.00027404900892821863,-2.5145561105021835e-5
0.229,0.0002776588022996388,-2.618706739289765e-5
0.23,0.00028129890088250935,-2.7243297319637006e-5
0.231,0.0002849694451821932,-2.831425351958051e-5
0.232,0.0002886705768921526,-2.9399936142873067e-5
0.233,0.00029240243890847747,-3.050034283439704e-5
0.234,0.0002961651753441726,-3.1615468712595986e-5
0.235,0.0002999589315431992,-3.274530634818507e-5
0.236,0.00030378385409426874,-3.388984574274419e-5
0.237,0.0003076400908443844,-3.504907430718984e-5
0.238,0.00031152779091212814,-3.622297684012203e-5
0.239,0.00031544710470068877,-3.741153550604218e-5
0.24,0.0003193981839106286,-3.861472981343841e-5
0.241,0.00032338118155238475,-3.9832536592734324e-5
0.242,0.00032739625195850146,-4.106492997409761e-5
0.243,0.00033144355079559094,-4.231188136510473e-5
0.244,0.00033552323507601834,-4.357335942825806e-5
0.245,0.000339635463169308,-4.484933005835191e-5
0.246,0.0003437803948132669,-4.613975635968369e-5
0.247,0.00034795819112482267,-4.744459862310682e-5
0.248,0.00035216901461057186,-4.876381430292181e-5
0.249,0.00035641302917703544,-5.0097357993602005e-5
0.25,0.0003606904001406175,-5.1445181406350614e-5
0.251,0.00036500129423726427,-5.280723334548563e-5
0.252,0.0003693458796318192,-5.41834596846492e-5
0.253,0.0003737243259270706,-5.557380334283818e-5
0.254,0.00037813680417248885,-5.697820426025268e-5
0.255,0.0003825834868726483,-5.839659937395919e-5
0.256,0.00038706454799533114,-5.982892259336521e-5
0.257,0.0003915801629793095,-6.127510477550218e-5
0.258,0.00039613050874180093,-6.273507370011371e-5
0.259,0.0004007157636855951,-6.420875404454574e-5
0.26,0.0004053361077058465,-6.569606735843605e-5
0.261,0.0004099917221965297,-6.719693203819972e-5
0.262,0.00041468279005655385,-6.871126330130783e-5
0.263,0.0004194094956955318,-7.023897316035644e-5
0.264,0.00042417202503919994,-7.177997039692305e-5
0.265,0.000428970565534485,-7.33341605352076e-5
0.266,0.000433805306154214,-7.490144581545543e-5
0.267,0.00043867643740146237,-7.648172516715937e-5
0.268,0.00044358415131353707,-7.80748941820383e-5
0.269,0.0004485286414655903,-7.968084508678966e-5
0.27,0.0004535101029738591,-8.129946671561319e-5
0.271,0.0004585287324985273,-8.293064448250352e-5
0.272,0.0004635847282462051,-8.457426035330903e-5
0.273,0.0004686782899720219,-8.623019281755472e-5
0.274,0.0004738096189813286,-8.789831686002643e-5
0.275,0.00047897891813100386,-8.957850393211448e-5
0.276,0.0004841863918303613,-9.127062192291407e-5
0.277,0.0004894322460416516,-9.29745351300806e-5
0.278,0.0004947166882801563,-9.469010423043734e-5
0.279,0.0005000399276138672,-9.641718625033384e-5
0.28,0.0005054021746627488,-9.815563453575249e-5
0.281,0.0005108036415975769,-9.990529872216167e-5
0.282,0.0005162445421383493,-0.00010166602470411335
0.283,0.0005217250915522648,-0.0001034376546045832
0.284,0.0005272455066512646,-0.00010522002674405158
0.285,0.0005328060057891311,-0.00010701297560932344
0.286,0.0005384068088581396,-0.00010881633182208557
0.287,0.0005440481372852575,-0.00011062992210719941
0.288,0.0005497302140278867,-0.00011245356926072802
0.289,0.0005554532635691424,-0.00011428709211769547
0.29,0.0005612175119126657,-0.00011613030551957732
0.291,0.0005670231865769615,-0.00011798302028152072
0.292,0.0005728705165892586,-0.00011984504315929286
0.293,0.0005787597324788873,-0.00012171617681595643
0.294,0.0005846910662701659,-0.00012359621978827085
0.295,0.0005906647514747937,-0.00012548496645281823
0.296,0.0005966810230837435,-0.00012738220699185293
0.297,0.0006027401175586483,-0.00012928772735887364
0.298,0.0006088422728226761,-0.00013120130924391716
0.299,0.0006149877282508879,-0.0001331227300385729
0.3,0.0006211767246600716,-0.00013505176280071739
0.301,0.0006274095042980487,-0.00013698817621896804
0.302,0.0006336863108324435,-0.00013893173457685541
0.303,0.0006400073893389133,-0.00014088219771671352
0.304,0.0006463729862888308,-0.0001428393210032877
0.305,0.0006527833495364129,-0.00014480285528705936
0.306,0.0006592387283052907,-0.00014677254686728766
0.307,0.0006657393731745129,-0.00014874813745476736
0.308,0.0006722855360639783,-0.00015072936413430314
0.309,0.0006788774702192878,-0.0001527159593268998
0.31,0.0006855154301960137,-0.00015470765075166877
0.311,0.0006921996718433751,-0.00015670416138745033
0.312,0.0006989304522873165,-0.00015870520943415262
0.313,0.0007057080299129808,-0.00016071050827380653
0.314,0.0007125326643465707,-0.00016271976643133783
0.315,0.0007194046164365906,-0.00016473268753505602
0.316,0.0007263241482344644,-0.00016674897027686106
0.317,0.0007332915229745193,-0.00016876830837216818
0.318,0.0007403070050533304,-0.00017079039051955144
0.319,0.0007473708600084186,-0.00017281490036010695
0.32,0.0007544833544962937,-0.00017484151643653645
0.321,0.0007616447562698368,-0.00017686991215195232
0.322,0.0007688553341550136,-0.00017889975572840474
0.323,0.0007761153580269108,-0.00018093071016513253
0.324,0.0007834250987850896,-0.00018296243319653884
0.325,0.0007907848283282471,-0.00018499457724989248
0.326,0.0007981948195281784,-0.00018702678940275716
0.327,0.0008056553462030319,-0.00018905871134014947
0.328,0.0008131666830898502,-0.0001910899793114276
0.329,0.0008207291058163874,-0.00019312022408691262
0.33,0.0008283428908721958,-0.00019514907091424365
0.331,0.0008360083155789743,-0.00019717613947446957
0.332,0.0008437256580601687,-0.00019920104383787892
0.333,0.0008514951972098175,-0.00020122339241957014
0.334,0.0008593172126606334,-0.0002032427879347648
0.335,0.0008671919847513133,-0.00020525882735386583
0.336,0.0008751197944930667,-0.00020727110185726365
0.337,0.0008831009235353557,-0.00020927919678989245
0.338,0.0008911356541308368,-0.00021128269161553993
0.339,0.000899224269099496,-0.0002132811598709128
0.34,0.0009073670517919687,-0.00021527416911946146
0.341,0.0009155642860520345,-0.0002172612809049671
0.342,0.0009238162561782796,-0.00021924205070489392
0.343,0.0009321232468849155,-0.00022121602788351068
0.344,0.0009404855432617473,-0.00022318275564478437
0.345,0.0009489034307332805,-0.0002251417709850502
0.346,0.000957377195016957,-0.0002270926046454616
0.347,0.0009659071220805129,-0.00022903478106422383
0.348,0.0009744934980984455,-0.00023096781832861592
0.349,0.000983136609407583,-0.0002328912281268047
0.35,0.0009918367424617445,-0.00023480451569945536
0.351,0.0010005941837854838,-0.0002367071797911431
0.352,0.001009409219926903,-0.00023859871260157095
0.353,0.0010182821374095298,-0.00024047859973659778
0.354,0.0010272132226832463,-0.00024234632015908205
0.355,0.0010362027620742598,-0.0002442013461395466
0.356,0.0010452510417341065,-0.0002460431432066688
0.357,0.0010543583475876757,-0.0002478711700976031
0.358,0.0010635249652802452,-0.00024968487870813974
0.359,0.00107275118012352,-0.0002514837140427071
0.36,0.0010820372770406583,-0.00025326711416422235
0.361,0.0010913835405102787,-0.0002550345101437971
0.362,0.0011007902545094386,-0.00025678532601030495
0.363,0.0011102577024555671,-0.0002585189786998153
0.364,0.0011197861671473504,-0.00026023487800490313
0.365,0.0011293759307045496,-0.0002619324265238387
0.366,0.0011390272745067473,-0.00026361101960966575
0.367,0.0011487404791310084,-0.00026527004531917535
0.368,0.0011585158242884434,-0.00026690888436178183
0.369,0.0011683535887596667,-0.0002685269100483094
0.37,0.001178254050329133,-0.0002701234882396966
0.371,0.001188217485718346,-0.00027169797729562664
0.372,0.001198244170517926,-0.0002732497280230921
0.373,0.001208334379118521,-0.0002747780836249014
0.374,0.0012184883846405568,-0.00027628237964813713
0.375,0.0012287064588628095,-0.00027776194393257345
0.376,0.0012389888721497898,-0.0002792160965590625
0.377,0.0012493358933779273,-0.00028064414979789846
0.378,0.0012597477898605438,-0.00028204540805716914
0.379,0.0012702248272716027,-0.0002834191678311043
0.38,0.0012807672695682227,-0.0002847647176484306
0.381,0.001291375378911943,-0.0002860813380207436
0.382,0.0013020494155887312,-0.0002873683013909064
0.383,0.0013127896379277152,-0.00028862487208148626
0.384,0.001323596302218634,-0.0002898503062432392
0.385,0.0013344696626279907,-0.00029104385180365414
0.386,0.0013454099711138951,-0.00029220474841556743
0.387,0.0013564174773395869,-0.00029333222740585943
0.388,0.0013674924285856233,-0.0002944255117242447
0.389,0.0013786350696607197,-0.0002954838158921681
0.39,0.0013898456428112318,-0.0002965063459518184
0.391,0.0014011243876292645,-0.00029749229941527274
0.392,0.0014124715409593975,-0.0002984408652137838
0.393,0.001423887336804011,-0.0002993512236472232
0.394,0.0014353720062272024,-0.00030022254633369454
0.395,0.0014469257772572789,-0.0003010539961593289
0.396,0.0014585488747878132,-0.00030184472722827733
0.397,0.0014702415204772494,-0.00030259388481291443
0.398,0.0014820039326470474,-0.0003033006053042665
0.399,0.0014938363261783507,-0.0003039640161626803
0.4,0.0015057389124071645,-0.00030458323586874585
0.401,0.0015177118990180325,-0.00030515737387449014
0.402,0.0015297554899361978,-0.0003056855305548556
0.403,0.0015418698852182355,-0.0003061667971594809
0.404,0.0015540552809411425,-0.0003066002557647984
0.405,0.0015663118690898725,-0.0003069849792264667
0.406,0.0015786398374433013,-0.0003073200311321529
0.407,0.0015910393694586104,-0.0003076044657546839
0.408,0.0016035106441540747,-0.0003078373280055822
0.409,0.0016160538359902411,-0.0003080176533890051
0.41,0.0016286691147494835,-0.00030814446795610523
0.411,0.0016413566454139233,-0.00030821678825983
0.412,0.0016541165880416975,-0.00030823362131018005
0.413,0.0016669490976415665,-0.00030819396452994453
0.414,0.0016798543240458415,-0.00030809680571093346
0.415,0.0016928324117816249,-0.0003079411229707265
0.416,0.0017058834999403433,-0.00030772588470995814
0.417,0.0017190077220455655,-0.0003074500495701609
0.418,0.0017322052059190872,-0.00030711256639218555
0.419,0.0017454760735452718,-0.0003067123741752213
0.42,0.0017588204409336328,-0.0003062484020364365
0.421,0.0017722384179796428,-0.00030571956917126235
0.422,0.0017857301083237592,-0.00030512478481434176
0.423,0.0017992956092086477,-0.00030446294820116605
0.424,0.001812935011334596,-0.00030373294853042285
0.425,0.0018266483987130987,-0.00030293366492707875
0.426,0.0018404358485186044,-0.0003020639664062201
0.427,0.0018542974309384082,-0.0003011227118376771
0.428,0.0018682332090206781,-0.0003001087499114553
0.429,0.001882243238520602,-0.00029902091910400015
0.43,0.0018963275677446384,-0.0002978580476453198
0.431,0.0019104862373928654,-0.0002966189534869922
0.432,0.0019247192803994043,-0.0002953024442710836
0.433,0.0019390267217709136,-0.0002939073173000042
0.434,0.0019534085784231347,-0.00029243235950732915
0.435,0.0019678648590154804,-0.0002908763474296128
0.436,0.001982395563783646,-0.00028923804717922324
0.437,0.001997000684370242,-0.0002875162144182275
0.438,0.002011680203653422,-0.00028570959433335487
0.439,0.002026434095573502,-0.0002838169216120694
0.44,0.0020412623249575585,-0.0002818369204197808
0.441,0.002056164847341983,-0.00027976830437822397
0.442,0.002071141608792995,-0.0002776097765450399
0.443,0.00208619254572509,-0.0002753600293945873
0.444,0.00210131758471741,-0.00027301774480001844
0.445,0.0021165166423280377,-0.00027058159401665134
0.446,0.00213178962490618,-0.00026805023766667127
0.447,0.002147136428402253,-0.000265422325725195
0.448,0.0021625569381758356,-0.0002626964975077321
0.449,0.002178051028801496,-0.00025987138165907805
0.45,0.0021936185638724687,-0.00025694559614367334
0.451,0.0022092593958021756,-0.0002539177482374658
0.452,0.0022249733656235795,-0.00025078643452131034
0.453,0.00224076030278636,-0.000247550240875945
0.454,0.0022566200249518934,-0.00024420774247857854
0.455,0.00227255233778604,-0.00024075750380112893
0.456,0.002288557034749712,-0.0002371980786101506
0.457,0.002304633896887222,-0.00023352800996848892
0.458,0.002320782692612402,-0.00022974583023870244
0.459,0.002337003177492476,-0.00022585006108829218
0.46,0.0023532950940296808,-0.00022183921349677924
0.461,0.0023696581714406297,-0.00021771178776467152
0.462,0.002386092125433397,-0.00021346627352436203
0.463,0.0024025966579823282,-0.0002091011497530008
0.464,0.00241917145710056,-0.00020461488478738373
0.465,0.002435816196610239,-0.00020000593634090223
0.466,0.0024525305359104376,-0.00019527275152259768
0.467,0.002469314119742754,-0.000190413766858366
0.468,0.0024861665779545893,-0.0001854274083143579
0.469,0.002503087525260093,-0.0001803120913226209
0.47,0.002520076560998775,-0.0001750662208090302
0.471,0.0025371332688917704,-0.0001696881912235559
0.472,0.002554257216795751,-0.00016417638657291502
0.473,0.0025714479564544856,-0.00015852918045565666
0.474,0.0025887050232480304,-0.00015274493609973057
0.475,0.0026060279359395523,-0.00014682200640258884
0.476,0.0026234161964197784,-0.00014075873397387194
0.477,0.0026408692894490642,-0.00013455345118073067
0.478,0.0026583866823970785,-0.00012820448019583623
0.479,0.002675967824980098,-0.00012171013304813159
0.48,0.0026936121489959113,-0.00011506871167637803
0.481,0.0027113190680563256,-0.0001082785079855508
0.482,0.002729087977317273,-0.00010133780390613979
0.483,0.0027469182532065184,-9.424487145641059e-5
0.484,0.00276480925314896,-8.699797280768286e-5
0.485,0.0027827603152895263,-7.959536035268331e-5
0.486,0.002800770758213662,-7.20352767770316e-5
0.487,0.002818839880665413,-6.431595513391786e-5
0.488,0.002836966961263096,-5.643561892203167e-5
0.489,0.002855151258212563,-4.839248216680294e-5
0.49,0.00287339200901806,-4.018474950501583e-5
0.491,0.0028916884301906746,-3.1810616272857854e-5
0.492,0.002910039716954383,-2.3268268597466837e-5
0.493,0.002928445042949694,-1.4555883492039495e-5
0.494,0.0029469035599348917,-5.671628954565884e-6
0.495,0.002965414397484882,3.3863359297449476e-6
0.496,0.0029839766626876506,1.2619860882282093e-5
0.497,0.0030025894398383276,2.203080432102586e-5
0.498,0.0030212517901308748,3.162103324664906e-5
0.499,0.003039962751347393,4.1392423124657984e-5
0.5,0.0030587213375450613,5.134685776350369e-5
0.501,0.0030775265387407136,6.148622918859337e-5
0.502,0.0030963773205930577,7.18124375121307e-5
0.503,0.00311527262408255,8.232739079871316e-5
0.504,0.003134211365188933,9.303300492661368e-5
0.505,0.0031531924345664457,0.00010393120344467263
0.506,0.003172214697216715,0.00011502391742472579
0.507,0.003191276992159346,0.0001263130853094927
0.508,0.003210378132100217,0.0001378006527558491
0.509,0.003229516903097497,0.00014948857247340595
0.51,0.0032486920642253933,0.00016137880405831716
0.511,0.0032679023472356556,0.0001734733138222367
0.512,0.0032871464562168368,0.0001857740746163449
0.513,0.003306423067251341,0.00019828306565036348
0.514,0.0033257308280702684,0.00021100227230647664
0.515,0.0033450683577060745,0.0002239336859480761
0.516,0.00336443424614307,0.00023707930372324578
0.517,0.0033838270539657744,0.0002504411283629015
0.518,0.0034032453120051475,0.00026402116797349994
0.519,0.0034226875209827203,0.00027782143582423026
0.52,0.003442152151152651,0.0002918439501286005
0.521,0.003461637641941726,0.00030609073382033004
0.522,0.0034811424015873315,0.0003205638143234591
0.523,0.0035006648067734307,0.0003352652233165832
0.524,0.0035202032022645605,0.00035019699649112285
0.525,0.0035397559005378868,0.00036536117330353377
0.526,0.0035593211814133417,0.0003807597967213655
0.527,0.003578897291681881,0.0003963949129630729
0.528,0.0035984824447318846,0.00041226857123148483
0.529,0.0036180748201737416,0.0004283828234408332
0.53,0.0036376725634626496,0.0004447397239372451
0.531,0.0036572737855196653,0.0004613413292125983
0.532,0.003676876562351047,0.0004781896976116404
0.533,0.003696478934665922,0.0004952868890322711
0.534,0.0037160789074923203,0.000512634964618885
0.535,0.0037356744497916224,0.0005302359864486712
0.536,0.003755263494071453,0.0005480920172107677
0.537,0.0037748439359970736,0.0005662051198781614
0.538,0.003794413634001314,0.000584577357372232
0.539,0.0038139704088930963,0.0006032107922198276
0.54,0.0038335120434645907,0.0006221074862027664
0.541,0.0038530362820970625,0.0006412694999996541
0.542,0.003872540830365457,0.0006606988928199053
0.543,0.0038920233546417757,0.000680397722029857
0.544,0.003911481481697303,0.0007003680427708625
0.545,0.003930912798303734,0.0007206119075692489
0.546,0.003950314850833267,0.0007411313659380247
0.547,0.0039696851448577175,0.0007619284639702202
0.548,0.003989021144746723,0.000783005243923743
0.549,0.004008320273265085,0.0008043637437976285
0.55,0.0040275799111693395,0.0008260059968995681
0.551,0.004046797396803597,0.0008479340314045899
0.552,0.004065970025694748,0.0008701498699047731
0.553,0.004085095050147075,0.0008926555289498687
0.554,0.0041041696788363755,0.000915453018578706
0.555,0.0041231910764036525,0.0009385443418412531
0.556,0.00414215636304845,0.0009619314943112103
0.557,0.004161062614121924,0.0009856164635890022
0.558,0.004179906859719727,0.0010096012287950419
0.559,0.004198686084274776,0.0010338877600531355
0.56,0.004217397226150015,0.0010584780179638945
0.561,0.004236037177231245,0.001083373953068021
0.562,0.004254602782520109,0.001108577505299335
0.563,0.004273090839727338,0.0011340906034274009
0.564,0.004291498098866347,0.0011599151644896232
0.565,0.004309821261847274,0.0011860530932126675
0.566,0.004328056982071578,0.0012125062814230681
0.567,0.004346201864027277,0.0012392766074468824
0.568,0.0043642524628849585,0.0012663659354982461
0.569,0.004382205284094645,0.0012937761150566896
0.57,0.00440005678298364,0.0013215089802330665
0.571,0.004417803364355479,0.001349566349123948
0.572,0.004435441382090065,0.0013779500231543397
0.573,0.00445296713874516,0.0014066617864085624
0.574,0.004470376885159305,0.0014357034049491569
0.575,0.004487666820056334,0.0014650766261236502
0.576,0.0045048330896515784,0.001494783177859039
0.577,0.004521871787259925,0.001524824767943828
0.578,0.004538778952905832,0.0015552030832974698
0.579,0.0045555505729354615,0.001585919789227051
0.58,0.004572182579631066,0.0016169765286710585
0.581,0.004588670850827768,0.0016483749214300735
0.582,0.004605011209532882,0.0016801165633842231
0.583,0.004621199423547939,0.0017122030256972334
0.584,0.004637231205093557,0.001744635854006911
0.585,0.004653102210437323,0.0017774165676018936
0.586,0.004668808039524853,0.001810546658584497
0.587,0.004684344235614181,0.0018440275910194884
0.588,0.004699706284913666,0.00187786080006862
0.589,0.004714889616223577,0.0019120476911107412
0.59,0.004729889600581544,0.0019465896388473252
0.591,0.004744701550912045,0.0019814879863932246
0.592,0.004759320721680131,0.0020167440443524852
0.593,0.0047737423085495645,0.0020523590898790336
0.594,0.004787961448045576,0.0020883343657220627
0.595,0.004801973217222437,0.002124671079255927
0.596,0.004815772633336046,0.0021613704014943696
0.597,0.004829354653521745,0.002198433466088886
0.598,0.0048427141744775744,0.0022358613683110488
0.599,0.0048558460321531886,0.002273655164018593
0.6,0.004868745001444648,0.002311815868605074
0.601,0.004881405795895325,0.002350344455932913
0.602,0.004893823067403143,0.002389241857249617
0.603,0.004905991405934414,0.002428508960087
0.604,0.0049179053392444765,0.002468146607143183
0.605,0.00492955933260543,0.0025081555951471913
0.606,0.0049409477885411805,0.0025485366737059366
0.607,0.004952065046570086,0.0025892905441333813
0.608,0.004962905382955455,0.0026304178582616795
0.609,0.004973463010464172,0.002671919217234087
0.61,0.004983732078133734,0.0027137951702794266
0.611,0.004993706671047974,0.002756046213467902
0.612,0.005003380810121776,0.002798672788448039
0.613,0.005012748451895066,0.002841675281164541
0.614,0.005021803488336395,0.002885054020556842
0.615,0.005030539746656421,0.0029288092772381293
0.616,0.005038950989131605,0.0029729412621546203
0.617,0.005047030912938461,0.0030174501252248614
0.618,0.005054773149998676,0.0030623359539588262
0.619,0.005062171266835457,0.0031075987720565784
0.62,0.005069218764441445,0.0031532385379862706
0.621,0.005075909078158563,0.0031992551435412408
0.622,0.005082235577570146,0.00324564841237597
0.623,0.005088191566405754,0.003292418098520665
0.624,0.005093770282459025,0.0033395638848742154
0.625,0.0050989648975189785,0.003387085381675288
0.626,0.005103768517315165,0.003434982124951306
0.627,0.0051081741814770635,0.0034832535749450637
0.628,0.005112174863508169,0.003531899114518727
0.629,0.005115763470775177,0.0035809180475349566
0.63,0.005118932844512722,0.0036303095972149
0.631,0.00512167575984412,0.003680072904472795
0.632,0.005123984925818563,0.0037302070262269114
0.633,0.005125852985465268,0.0037807109336865665
0.634,0.005127272515865029,0.003831583510614952
0.635,0.005128236028239711,0.003882823551567486
0.636,0.0051287359680601535,0.003934429760105423
0.637,0.005128764715173038,0.0039864007469844415
0.638,0.005128314583947241,0.004038735028317924
0.639,0.005127377823440223,0.004091431023714645
0.64,0.005125946617585012,0.004144487054390574
0.641,0.005124013085398373,0.004197901341254517
0.642,0.00512156928121073,0.0042516720029672755
0.643,0.00511860719491848,0.004305797053974046
0.644,0.0051151187522592845,0.004360274402509753
0.645,0.005111095815111016,0.004415101848577001
0.646,0.005106530181814978,0.004470277081896345
0.647,0.005101413587524097,0.004525797679828571
0.648,0.00509573770457677,0.0045816611052686565
0.649,0.0050894941428970665,0.00463786470451111
0.65,0.005082674450422032,0.0046944057050863535
0.651,0.005075270113556817,0.004751281213567824
0.652,0.005067272557658425,0.004808488213349474
0.653,0.005058673147548843,0.004866023562393331
0.654,0.0050494631880583845,0.004923883990946774
0.655,0.0050396339246000735,0.004982066099229202
0.656,0.005029176543775914,0.005040566355087744
0.657,0.005018082174015941,0.005099381091621658
0.658,0.005006341886250954,0.005158506504775086
0.659,0.0049939466946198555,0.005217938650897797
0.66,0.004980887557212565,0.00527767344427357
0.661,0.004967155376849483,0.005337706654615867
0.662,0.004952741001898525,0.005398033904530411
0.663,0.004937635227130768,0.005458650666944332
0.664,0.004921828794615788,0.005519552262501506
0.665,0.004905312394657778,0.005580733856923701
0.666,0.004888076666773609,0.0056421904583371955
0.667,0.0048701122007139925,0.005703916914564454
0.668,0.0048514095375289485,0.005765907910380532
0.669,0.004831959170678845,0.005828157964733785
0.67,0.004811751547192262,0.005890661427930551
0.671,0.004790777068872036,0.005953412478783401
0.672,0.004769026093550815,0.0060164051217225815
0.673,0.004746488936397554,0.0060796331838702915
0.674,0.0047231558712763945,0.006143090312077388
0.675,0.004699017132159406,0.006206769969922167
0.676,0.004674062914594758,0.006270665434670837
0.677,0.004648283377231898,0.006334769794199305
0.678,0.0046216686434053696,0.006399075943875922
0.679,0.004594208802778985,0.006463576583404803
0.68,0.004565893913052078,0.006528264213629372
0.681,0.004536714001729661,0.006593131133295768
0.682,0.004506659067958338,0.0066581694357757655
0.683,0.004475719084429891,0.006723371005748858
0.684,0.004443883999354552,0.006788727515843173
0.685,0.004411143738505978,0.00685423042323489
0.686,0.004377488207340079,0.0069198709662058365
0.687,0.004342907293189864,0.006985640160658968
0.688,0.004307390867538585,0.007051528796591425
0.689,0.004270928788373506,0.007117527434524896
0.69,0.004233510902622712,0.007183626401893023
0.691,0.004195127048677461,0.00724981578938559
0.692,0.004155767059002647,0.007316085447249297
0.693,0.00411542076283805,0.007382424981544875
0.694,0.004074077988993123,0.007448823750360402
0.695,0.004031728568738168,0.007515270859980623
0.696,0.003988362338794835,0.0075817551610121905
0.697,0.00394396914442901,0.007648265244464687
0.698,0.003898538842649213,0.007714789437787396
0.699,0.003852061305513778,0.00778131580086179
0.7,0.003804526423550171,0.007847832121949734
0.701,0.003755924109289927,0.007914325913597491
0.702,0.0037062443009227993,0.007980784408495594
0.703,0.0036554769660738402,0.008047194555294795
0.704,0.003603612105707256,0.008113543014378244
0.705,0.0035506397581610105,0.008179816153590206
0.706,0.003496550003316286,0.008246000043921639
0.707,0.00344133296690604,0.008312080455153036
0.708,0.0033849788249670646,0.008378042851455018
0.709,0.003327477808440065,0.008443872386947215
0.71,0.00326882020792246,0.008509553901216112
0.711,0.0032089963785787486,0.008575071914792565
0.712,0.0031479967452134436,0.00864041062458986
0.713,0.0030858118075117544,0.008705553899303217
0.714,0.0030224321454533584,0.008770485274771839
0.715,0.002957848424904783,0.008835187949304666
0.716,0.0028920514033961044,0.008899644778971143
0.717,0.00282503193608784,0.008963838272858468
0.718,0.0027567809819341285,0.009027750588296924
0.719,0.0026872896100484578,0.00909136352605505
0.72,0.002616549006278422,0.009154658525506584
0.721,0.0025445504799961882,0.009217616659771314
0.722,0.0024712854711115635,0.009280218630832133
0.723,0.002396745557314762,0.009342444764630833
0.724,0.002320922461556206,0.009404275006145367
0.725,0.002243808059770905,0.009465688914451566
0.726,0.002165394388855192,0.009526665657772547
0.727,0.002085673654903824,0.009587184008519293
0.728,0.002004638241715701,0.009647222338326204
0.729,0.001922280719576681,0.009706758613085679
0.73,0.0018385938543282292,0.009765770387986166
0.731,0.0017535706167308722,0.009824234802558379
0.732,0.0016672041921316856,0.00988212857573482
0.733,0.0015794879904452905,0.009939428000928082
0.734,0.0014904156564580894,0.009996108941133824
0.735,0.0013999810804657218,0.010052146824064714
0.736,0.0013081784092539778,0.010107516637322182
0.737,0.001215002057433663,0.010162192923613157
0.738,0.0011204467191401515,0.010216149776019614
0.739,0.0010245073801086273,0.010269360833329213
0.74,0.0009271793301362522,0.0103217992754359
0.741,0.0008284581759427469,0.010373437818819945
0.742,0.0007283398544411068,0.010424248712117534
0.743,0.0006268206464304113,0.010474203731790678
0.744,0.0005238971907229037,0.010523274177908909
0.745,0.0004195664987177369,0.010571430870055023
0.746,0.0003138259694339838,0.01061864414336783
0.747,0.00020667340501570033,0.010664883844735766
0.748,9.810702672200555e-5,0.010710119329156055
0.749,-1.1874508584696259e-5,0.010754319456275023
0.75,-0.0001232720914390895,0.010797452587126123
0.751,-0.0002360861422485354,0.010839486581083229
0.752,-0.0003503165932304005,0.010880388793047849
0.753,-0.00046596286979758476,0.010920126070889918
0.754,-0.000583023871378674,0.010958664753163119
0.755,-0.0007014979516591401,0.01099597066711676
0.756,-0.0008213828982300477,0.01103200912702762
0.757,-0.0009426759116308044,0.011066744932876392
0.758,-0.0010653735837726154,0.011100142369394833
0.759,-0.0011894718757294754,0.011132165205511099
0.76,-0.0013149660948837591,0.011162776694222299
0.761,-0.001441850871413763,0.011191939572924836
0.762,-0.0015701201341108983,0.011219616064234753
0.763,-0.0016997670855146663,0.011245767877331992
0.764,-0.0018307841763540436,0.011270356209864232
0.765,-0.001963163079284497,0.011293341750447817
0.766,-0.002096894661910515,0.011314684681805126
0.767,-0.0022319689590843284,0.01133434468457978
0.768,-0.002368375144472362,0.011352280941873006
0.769,-0.002506101501381959,0.011368452144546648
0.77,-0.002645135392842038,0.011382816497340405
0.771,-0.002785463230932582,0.011395331725853138
0.772,-0.0029270704453592564,0.011405955084440292
0.773,-0.0030699414512709846,0.011414643365081915
0.774,-0.0032140596163200167,0.011421352907277974
0.775,-0.003359407226965892,0.01142603960903029
0.776,-0.0035059654540267556,0.011428658938972712
0.777,-0.0036537143174837417,0.01142916594971377
0.778,-0.003802632650546582,0.011427515292458577
0.779,-0.003952698062991286,0.01142366123297926
0.78,-0.004103886903783637,0.011417557669005856
0.781,-0.0042561742230054125,0.011409158149112156
0.782,-0.004409533733103632,0.0113984158931736
0.783,-0.00456393776948683,0.011385283814476855
0.784,-0.004719357250496325,0.011369714543563291
0.785,-0.004875761636784708,0.011351660453891023
0.786,-0.005033118890138373,0.011331073689402671
0.787,-0.005191395431785809,0.011307906194088295
0.788,-0.005350556100238637,0.01128210974363523
0.789,-0.005510564108717963,0.01125363597925869
0.79,-0.005671381002224622,0.011222436443808962
0.791,-0.005832966614318198,0.011188462620252844
0.792,-0.005995279023676496,0.011151665972628568
0.793,-0.0061582745105142455,0.011111997989574823
0.794,-0.006321907512947422,0.011069410230535603
0.795,-0.006486130583397498,0.011023854374743383
0.796,-0.006650894345138378,0.010975282273083623
0.797,-0.006816147449097606,0.010923646002943621
0.798,-0.006981836531032674,0.010868897926148428
0.799,-0.007147906169213003,0.010810990750085668
0.8,-0.00731429884274826,0.010749877592119804
0.801,-0.007480954890714273,0.010685512047394395
0.802,-0.007647812472238727,0.010617848260118374
0.803,-0.007814807527720256,0.010546840998429135
0.804,-0.007981873741366234,0.010472445732921144
0.805,-0.008148942505246726,0.010394618718924067
0.806,-0.008315942885074475,0.010313317082608646
0.807,-0.008482801587933554,0.01022849891099195
0.808,-0.008649442932192261,0.010140123345905975
0.809,-0.008815788819849093,0.010048150681984823
0.81,-0.008981758711573877,0.009952542468715837
0.811,-0.009147269604719687,0.009853261616588923
0.812,-0.009312236014594468,0.00975027250736592
0.813,-0.009476569959294774,0.009643541108478119
0.814,-0.009640180948417173,0.009533035091544817
0.815,-0.009802975975975795,0.00941872395498912
0.816,-0.009964859517867125,0.00930057915070898
0.817,-0.010125733534235137,0.009178574214741574
0.818,-0.01028549747710133,0.009052684901837632
0.819,-0.010444048303634906,0.008922889323839093
0.82,-0.010601280495447956,0.008789168091728495
0.821,-0.010757086084309224,0.008651504461191803
0.822,-0.01091135468467727,0.008509884481507848
0.823,-0.011063973533459733,0.008364297147547262
0.824,-0.011214827537409515,0.00821473455463176
0.825,-0.011363799328570996,0.00806119205597084
0.826,-0.011510769328189568,0.007903668422357487
0.827,-0.011655615819495474,0.007742166003767442
0.828,-0.011798215029768308,0.0075766908924679785
0.829,-0.011938441222080782,0.0074072530872021786
0.83,-0.012076166797109792,0.007233866657973481
0.831,-0.012211262405388815,0.007056549910912963
0.832,-0.01234359707035806,0.006875325552668689
0.833,-0.012473038322547566,0.006690220853712652
0.834,-0.01259945234520299,0.00650126780991666
0.835,-0.012722704131634267,0.006308503301704377
0.836,-0.012842657654533234,0.0061119692500427305
0.837,-0.012959176047467677,0.00591171276849267
0.838,-0.013072121798715733,0.005707786310497053
0.839,-0.01318135695755619,0.005500247811042734
0.84,-0.013286743353076853,0.005289160821795237
0.841,-0.013388142825504636,0.005074594638768194
0.842,-0.013485417469997471,0.004856624421556558
0.843,-0.013578429892769589,0.004635331303133078
0.844,-0.013667043479348084,0.004410802489182132
0.845,-0.013751122674680483,0.004183131345924519
0.846,-0.013830533274730024,0.003952417475371645
0.847,-0.013905142729108316,0.003718766776938534
0.848,-0.013974820454203897,0.003482291494342657
0.849,-0.014039438156170808,0.003243110246720568
0.85,-0.014098870163043804,0.00300134804290709
0.851,-0.01415299376514714,0.0027571362778431234
0.852,-0.014201689562862501,0.0025106127101084375
0.853,-0.014244841820719485,0.002261921419615568
0.854,-0.014282338826669823,0.002011212744550641
0.855,-0.014314073255305398,0.001758643196706875
0.856,-0.014339942533680781,0.001504375354426992
0.857,-0.014359849208304836,0.0012485777324518978
0.858,-0.014373701311773875,0.0009914246280649326
0.859,-0.01438141272743214,0.0007330959430235781
0.86,-0.014382903550365186,0.0004737769808836403
0.861,-0.014378100442959417,0.00021365821944424045
0.862,-0.014366936983197623,-4.706494182501477e-5
0.863,-0.014349354003807258,-0.00030819245937115797
0.864,-0.014325299920336574,-0.0005695199480052613
0.865,-0.014294731046204578,-0.0008308390078981813
0.866,-0.014257611892755418,-0.001091937575648467
0.867,-0.014213915452347046,-0.0013526002987768833
0.868,-0.01416362346251872,-0.0016126089328289044
0.869,-0.014106726649313006,-0.001871742760091186
0.87,-0.014043224947875802,-0.002129779028752078
0.871,-0.01397312769852306,-0.0023864934111614087
0.872,-0.01389645381654561,-0.0026416604796728692
0.873,-0.013813231934123652,-0.0028950541983852568
0.874,-0.01372350051284007,-0.0031464484289384738
0.875,-0.013627307925416204,-0.0033956174483685125
0.876,-0.013524712505444474,-0.003642336476884575
0.877,-0.01341578256405847,-0.003886382213302838
0.878,-0.013300596372661563,-0.004127533375757039
0.879,-0.01317924211102855,-0.004365571245207662
0.88,-0.013051817780299686,-0.00460028020919064
0.881,-0.012918431080600977,-0.004831448303184555
0.882,-0.012779199253246788,-0.0050588677469335114
0.883,-0.012634248887708721,-0.005282335473042143
0.884,-0.012483715693765933,-0.005501653645160422
0.885,-0.012327744239484397,-0.005716630163099433
0.886,-0.012166487655903611,-0.005927079152265375
0.887,-0.012000107309536495,-0.006132821434867683
0.888,-0.011828772444009265,-0.006333684980447882
0.889,-0.011652659792380537,-0.006529505333388081
0.89,-0.01147195316188052,-0.006720126015190839
0.891,-0.011286842992999547,-0.006905398899474391
0.892,-0.011097525895028632,-0.007085184557797372
0.893,-0.0109042041603109,-0.007259352574613585
0.894,-0.010707085259600445,-0.007427781829858073
0.895,-0.010506381321042532,-0.007590360747878749
0.896,-0.010302308595385324,-0.007746987511650756
0.897,-0.010095086910107267,-0.007897570241441366
0.898,-0.009884939115195378,-0.008042027137328985
0.899,-0.009672090523337876,-0.008180286585218292
0.9,-0.009456768347299383,-0.008312287226232309
0.901,-0.009239201137229076,-0.00843797798959857
0.902,-0.00901961822061183,-0.00855731808937841
0.903,-0.008798249147510704,-0.00867027698561326
0.904,-0.008575323143666868,-0.00877683431067767
0.905,-0.008351068573921821,-0.008876979761833444
0.906,-0.008125712418307802,-0.00897071296117123
0.907,-0.0078994797630174,-0.00905804328430325
0.908,-0.0076725933083144505,-0.009138989659332466
0.909,-0.007445272895287036,-0.009213580337768125
0.91,-0.0072177350531721605,-0.009281852639184478
0.911,-0.00699019256880213,-0.009343852671527783
0.912,-0.006762854079537217,-0.009399635029066315
0.913,-0.006535923690859732,-0.009449262470048656
0.914,-0.006309600619613186,-0.009492805576187249
0.915,-0.0060840788636788,-0.00953034239611736
0.916,-0.0058595468986920975,-0.00956195807499671
0.917,-0.005636187402216233,-0.009587744472408823
0.918,-0.005414177005607987,-0.009607799770714433
0.919,-0.005193686073638154,-0.009622228075961227
0.92,-0.004974878511761819,-0.00963113901341367
0.921,-0.004757911600776907,-0.009634647319703234
0.922,-0.004542935858462203,-0.009632872433525992
0.923,-0.004330094927649773,-0.009625938086730838
0.924,-0.004119525490061784,-0.009613971897548899
0.925,-0.003911357205128714,-0.009597104967614291
0.926,-0.0037057126729050528,-0.009575471484319791
0.927,-0.003502707420109999,-0.009549208329939513
0.928,-0.003302449908244322,-0.009518454698835624
0.929,-0.0031050415626703433,-0.00948335172394877
0.93,-0.002910576821489634,-0.00944404211365345
0.931,-0.0027191432030121416,-0.009400669799941044
0.932,-0.002530821390580604,-0.00935337959877585
0.933,-0.0023456853334947216,-0.009302316883353886
0.934,-0.002163802362770041,-0.009247627270881641
0.935,-0.0019852333204661843,-0.009189456323382725
0.936,-0.0018100327013272524,-0.009127949262935456
0.937,-0.0016382488054931935,-0.009063250701644154
0.938,-0.0014699239010639259,-0.008995504386551908
0.939,-0.0013050943953272917,-0.008924852959613042
0.94,-0.0011437910134967297,-0.00885143773275983
0.941,-0.0009860389838441932,-0.008775398478020361
0.942,-0.0008318582281575457,-0.008696873232572892
0.943,-0.0006812635564987994,-0.008615998118556699
0.944,-0.0005342648652894248,-0.008532907177400205
0.945,-0.0003908673378009627,-0.008447732218374089
0.946,-0.0002510716461827109,-0.008360602681029956
0.947,-0.00011487415421280283,-0.008271645511143767
0.948,1.7732879985947533e-5,-0.008180985049747581
0.949,0.0001467611019689576,-0.00808874293480271
0.95,0.00027222586038032007,-0.007995038015042215
0.951,0.0003941460083455305,-0.007899986275490177
0.952,0.0005125437073882747,-0.0078037007741493265
0.953,0.0006274442343614065,-0.007706291589336941
0.954,0.0007388757918321705,-0.0076078657771411545
0.955,0.0008468693223134238,-0.007508527338465729
0.956,0.0009514583266862531,-0.007408377195130448
0.957,0.0010526786871151046,-0.007307513174496506
0.958,0.0011505684947144346,-0.007206030002091047
0.959,0.001245167882186053,-0.007104019301712327
0.96,0.0013365188616087746,-0.007001569602506276
0.961,0.0014246651675267825,-0.006898766352516535
0.962,0.0015096521054502163,-0.006795691938222817
0.963,0.0015915264058509264,-0.0066924257095966905
0.964,0.001670336083708045,-0.00658904401021919
0.965,0.0017461303036319725,-0.006485620212020949
0.966,0.0018189592505715101,-0.0063822247542225635
0.967,0.0018888740060871037,-0.006278925186070454
0.968,0.0019559264301534413,-0.006175786212981479
0.969,0.0020201690484368756,-0.006072869745727777
0.97,0.002081654944977226,-0.0059702349523116215
0.971,0.0021404376601893843,-0.005867938312198454
0.972,0.0021965710940876795,-0.00576603367259444
0.973,0.0022501094146250714,-0.005664572306472923
0.974,0.002301106971029853,-0.005563602972071905
0.975,0.002349618212014521,-0.005463171973601998
0.976,0.0023956976087247486,-0.005363323222921311
0.977,0.0024393995822908914,-0.005264098301950142
0.978,0.0024807784358400115,-0.005165536525614368
0.979,0.0025198882908230333,-0.0050676750051218125
0.98,0.002556783027509173,-0.004970548711390712
0.981,0.0025915162294981625,-0.004874190538463648
0.982,0.0026241411320999694,-0.004778631366753965
0.983,0.002654710574431556,-0.004683900125984667
0.984,0.002683276955080722,-0.004590023857692224
0.985,0.0027098921911881324,-0.004497027777179472
0.986,0.002734607680800161,-0.004404935334812923
0.987,0.0027574742683472066,-0.0043137682765703855
0.988,0.002778542213104483,-0.004223546703754699
0.989,0.002797861160495027,-0.004134289131798768
0.99,0.002815480116097655,-0.00404601254809585
0.991,0.0028314474222258476,-0.003958732468797282
0.992,0.002845810736947002,-0.0038724629945275256
0.993,0.0028586170154150975,-0.003787216864973564
0.994,0.002869912493393587,-0.0037030055123123784
0.995,0.002879742672849166,-0.003619839113446395
0.996,0.0028881523095010218,-0.003537726641022555
0.997,0.0028951854022141255,-0.0034566759132159306
0.998,0.0029008851841291557,-0.0033766936422637076
0.999,0.002905294115425647,-0.00329778548173983
1.0,0.0029084538776189676,-0.003219956072564711
1.001,0.002910405369295704,-0.003143209087748174
1.002,0.002911188703195967,-0.003067547275867202
1.003,0.0029108432045550285,-0.002992972503283181
1.004,0.0029094074106204965,-0.0029194857951061353
1.005,0.002906919071265002,-0.002847087374915966
1.006,0.0029034151506180323,-0.0027757767032530038
1.007,0.0028989318296441073,-0.00270555251489218
1.008,0.0028935045095980104,-0.002636412854916947
1.009,0.002887167816291141,-0.0025683551136106487
1.01,0.0028799556051063648,-0.0025013760601844443
1.011,0.002871900966701913,-0.0024354718753620917
1.012,0.00286303623334796,-0.002370638182842941
1.013,0.0028533929858424794,-0.0023068700796653684
1.014,0.0028430020609558483,-0.002244162165493631
1.015,0.002831893559356426,-0.002182508570851716
1.016,0.0028200968539719828,-0.00212190298432826
1.017,0.0028076405987443997,-0.0020623386787769833
1.018,0.0027945527377375126,-0.0020038085365373494
1.019,0.0027808605145603015,-0.0019463050737003587
1.02,0.002766590482069872,-0.0018898204634444668
1.021,0.0027517685123208124,-0.0018343465584666422
1.022,0.002736419806729561,-0.0017798749125335351
1.023,0.002720568906424359,-0.001726396801177608
1.024,0.0027042397027532334,-0.0016739032415629192
1.025,0.002687455447924211,-0.0016223850115450315
1.026,0.0026702387657536676,-0.0015718326679492554
1.027,0.0026526116625003003,-0.0015222365640911388
1.028,0.0026345955377637415,-0.0014735868665627745
1.029,0.0026162111954282728,-0.0014258735713081393
1.03,0.0025974788546334684,-0.001379086519010282
1.031,0.0025784181607548945,-0.0013332154098127619
1.032,0.002559048196379211,-0.0012882498173973128
1.033,0.0025393874922592058,-0.0012441792024392546
1.034,0.002519454038235355,-0.0012009929254617104
1.035,0.0024992652941115824,-0.0011586802591092204
1.036,0.0024788382004738304,-0.001117230399860859
1.037,0.002458189189441012,-0.0010766324792024758
1.038,0.00243733419533876,-0.0010368755742771925
1.039,0.0024162886652872298,-0.0009979487180327917
1.04,0.0023950675696949603,-0.0009598409088841438
1.041,0.002373685412651558,-0.000922541119908325
1.042,0.0023521562422126083,-0.0008860383075895845
1.043,0.0023304936605709056,-0.0008503214201308395
1.044,0.002308710834108652,-0.0008153794053478892
1.045,0.0022868205033258725,-0.0007812012181620598
1.046,0.0022648349926407962,-0.0007477758277065255
1.047,0.002242766220058474,-0.0007150922240610822
1.048,0.0022206257067043335,-0.0006831394246296949
1.049,0.0021984245862198388,-0.0006519064801746882
1.05,0.002176173614017795,-0.0006213824805210088
1.051,0.002153883176395235,-0.000591556559943557
1.052,0.0021315632995021674,-0.0005624179022501585
1.053,0.002109223658164791,-0.0005339557455723327
1.054,0.0020868735845620853,-0.0005061593868756122
1.055,0.0020645220767549705,-0.00047901818620076797
1.056,0.0020421778070674893,-0.0004525215706469098
1.057,0.002019849130319701,-0.00042665903810705855
1.058,0.0019975440919122165,-0.00040142016076641466
1.059,0.0019752704357624885,-0.00037679458837319604
1.06,0.0019530356120931814,-0.00035277205129156697
1.061,0.0019308467850731093,-0.00032934236334584586
1.062,0.0019087108403113993,-0.00030649542446484955
1.063,0.0018866343922056769,-0.00028422122313491487
1.064,0.0018646237911452157,-0.00026250983866982935
1.065,0.0018426851305701126,-0.0002413514433056032
1.066,0.001820824253887659,-0.00022073630412772438
1.067,0.0017990467612471902,-0.00020065478483825768
1.068,0.0017773580161747802,-0.0001810973473698756
1.069,0.001755763152069235,-0.000162054553353646
1.07,0.001734267078560916,-0.00014351706544714473
1.071,0.0017128744877349881,-0.00012547564852921628
1.072,0.0016915898602207497,-0.00010792117076746436
1.073,0.0016704174711487552,-9.0844604564326e-5
1.074,0.001649361395977485,-7.423702738735667e-5
1.075,0.001628425516191361,-5.808962248914078e-5
1.076,0.001607613524871941,-4.2393679522031816e-5
1.077,0.0015869289321441494,-2.7140595052725953e-5
1.078,0.00156637507049944,-1.2321872981478672e-5
1.079,0.0015459550999977882,2.070875129413829e-6
1.08,0.0015256720133504458,1.6045929813427333e-5
1.081,0.0015055286408853883,2.9611463539649974e-5
1.082,0.0014855276553974043,4.27755406305522e-5
1.083,0.0014656715768847771,5.5546117253750586e-5
1.084,0.0014459627771745097,6.79310414839864e-5
1.085,0.0014264034844380514,7.993805343169057e-5
1.086,0.001406995787599471,9.157478543465238e-5
1.087,0.0013877416406380262,0.00010284876230944918
1.088,0.0013686428667870655,0.0001137674016594298
1.089,0.0013497011626311885,0.0001243380142361739
1.09,0.0013309181021035864,0.00013456780435147563
1.091,0.0013122951403854617,0.00014446387033701982
1.092,0.0012938336177094202,0.0001540332050490358
1.093,0.0012755347630687068,0.00016328269641532593
1.094,0.0012573996978341414,0.00017221912802217268
1.095,0.001239429439280595,0.0001808491797387334
1.096,0.001221624904024821,0.00018917942837663038
1.097,0.0012039869113764446,0.00019721634838254057
1.098,0.0011865161866038828,0.00020496631256168162
1.099,0.0011692133641169559,0.00021243559283018015
1.1,0.0011520789905679178,0.00021963036099439294
1.101,0.00113511352787262,0.0002265566895553353
1.102,0.0011183173561534953,0.00023322055253644883
1.103,0.00110169077660602,0.000239627826333018
1.104,0.0010852340142902988,0.00024578429058161766
1.105,0.001068947220849383,0.000251695629048044
1.106,0.0010528304771559131,0.0002573674305322496
1.107,0.0010368837958886486,0.0002628051897888688
1.108,0.0010211071240404258,0.00026801430846198015
1.109,0.001005500345359058,0.00027300009603281605
1.11,0.0009900632827226676,0.0002777677707791849
1.111,0.0009747957004509106,0.00028232246074542835
1.112,0.0009596973065535389,0.00028666920472178843
1.113,0.0009447677549177072,0.00029081295323211243
1.114,0.0009300066474354181,0.0002947585695288707
1.115,0.0009154135360724668,0.00029851083059451156
1.116,0.0009009879248802253,0.0003020744281482232
1.117,0.0008867292719515801,0.0003054539696572142
1.118,0.000872636991322314,0.0003086539793516694
1.119,0.0008587104548191973,0.0003116788992425759
1.12,0.0008449489938560299,0.0003145330901416532
1.121,0.0008313519011788527,0.00031722083268266056
1.122,0.000817918432561523,0.0003197463283433879
1.123,0.000804647808452824,0.000322113700467672
1.124,0.0007915392155762573,0.00032432699528681466
1.125,0.0007785918084836432,0.0003263901829398071
1.126,0.0007658047110636322,0.0003283071584917993
1.127,0.0007531770180062068,0.00033008174295028026
1.128,0.0007407077962242354,0.0003317176842784629
1.129,0.0007283960862331112,0.00033321865840539534
1.13,0.0007162409034894961,0.00033458827023234564
1.131,0.0007042412396901607,0.00033583005463503154
1.132,0.000692396064031898,0.0003369474774612908
1.133,0.0006807043244334623,0.00033794393652381103
1.134,0.0006691649487204671,0.00033882276258755817
1.135,0.0006577768457741582,0.00033958722035156656
1.136,0.0006465389066449541,0.00034024050942476995
1.137,0.0006354500056316308,0.0003407857652955759
1.138,0.0006245090013270066,0.00034122606029490137
1.139,0.0006137147376309678,0.00034156440455240713
1.14,0.0006030660447316518,0.00034180374694568456
1.141,0.0005925617400555932,0.00034194697604216466
1.142,0.0005822006291876158,0.00034199692103353553
1.143,0.00057198150676124,0.0003419563526624685
1.144,0.0005619031573203545,0.0003418279841414681
1.145,0.0005519643561528881,0.0003416144720636738
1.146,0.0005421638700971985,0.00034131841730545675
1.147,0.0005325004583218818,0.0003409423659206639
1.148,0.0005229728730796866,0.0003404888100263771
1.149,0.0005135798604362058,0.0003399601886800648
1.15,0.0005043201609740014,0.00033935888874801415
1.151,0.0004951925104728033,0.0003386872457649442
1.152,0.0004861956405664085,0.0003379475447847081
1.153,0.0004773282793768933,0.00033714202122200426
1.154,0.0004685891521267383,0.0003362728616850239
1.155,0.0004599769817294482,0.0003353422047989719
1.156,0.0004514904893592407,0.0003343521420204069
1.157,0.0004431283950003609,0.0003333047184423518
1.158,0.0004348894179765677,0.0003322019335901385
1.159,0.0004267722774613243,0.0003310457422079518
1.16,0.00041877569296921367,0.0003298380550360499
1.161,0.00041089838482908774,0.00032858073957864125
1.162,0.00040313907463944567,0.000327275620862407
1.163,0.0003954964857065274,0.00032592448218566217
1.164,0.00038796934346559554,0.00032452906585815513
1.165,0.0003805563758858673,0.0003230910739315106
1.166,0.0003732563138595497,0.00032161216892032633
1.167,0.00036606789157541704,0.0003200939745139381
1.168,0.0003589898468773622,0.00031853807627887356
1.169,0.0003520209216083418,0.0003169460223520179
1.17,0.0003451598619401247,0.00031531932412452046
1.171,0.0003384054186892452,0.0003136594569164747
1.172,0.000331756347619551,0.0003119678606424067
1.173,0.0003252114097317277,0.00031024594046761243
1.174,0.00031876937154017135,0.0003084950674553869
1.175,0.0003124290053375734,0.00030671657920519065
1.176,0.0003061890894475713,0.0003049117804818034
1.177,0.0003000484084658117,0.00030308194383551633
1.178,0.000294005753489762,0.00030122831021341817
1.179,0.00028805992233760144,0.00029935208956183144
1.18,0.0002822097197565114,0.00029745446141995926
1.181,0.00027645395762067814,0.0002955365755048038
1.182,0.00027079145511931435,0.00029359955228742024
1.183,0.0002652210389349968,0.00029164448356057215
1.184,0.00025974154341261066,0.00028967243299785566
1.185,0.00025435181071918427,0.0002876844367043616
1.186,0.0002490506909948904,0.0002856815037589467
1.187,0.00024383704249548318,0.00028366461674818517
1.188,0.00023870973172643436,0.00028163473229207546
1.189,0.00023366763356902343,0.0002795927815615759
1.19,0.00022870963139863285,0.0002775396707880458
1.191,0.00022383461719549058,0.00027547628176466876
1.192,0.0002190414916480977,0.0002734034723399359
1.193,0.0002143291642495721,0.00027132207690326837
1.194,0.00020969655338713336,0.00026923290686285787
1.195,0.0002051425864249488,0.0002671367511158061
1.196,0.00020066619978055398,0.00026503437651064404
1.197,0.00019626633899505656,0.00026292652830231164
1.198,0.0001919419587973263,0.00026081393059968085
1.199,0.00018769202316236923,0.0002586972868057037
1.2,0.0001835155053640782,0.0002565772800502681
1.201,0.00017941138802254786,0.0002544545736158445
1.202,0.00017537866314613687,0.0002523298113560065
1.203,0.00017141633216845485,0.00025020361810690827
1.204,0.00016752340598044784,0.0002480766000918033
1.205,0.00016369890495775063,0.00024594934531868643
1.206,0.00015994185898347065,0.00024382242397114412
1.207,0.00015625130746656286,0.0002416963887924957
1.208,0.0001526262993559516,0.00023957177546330867
1.209,0.0001490658931505508,0.0002374491029723724
1.21,0.00014556915690532997,0.0002353288739812121
1.211,0.00014213516823356965,0.00023321157518222698
1.212,0.0001387630143054454,0.00023109767765053463
1.213,0.0001354517918430768,0.0002289876371896043
1.214,0.00013220060711217313,0.0002268818946707613
1.215,0.00012900857591040442,0.00022478087636664386
1.216,0.00012587482355262287,0.00022268499427869465
1.217,0.00012279848485305614,0.00022059464645876698
1.218,0.0001197787041045908,0.0002185102173249271
1.219,0.00011681463505526079,0.00021643207797153257
1.22,0.00011390544088205271,0.00021436058647366615
1.221,0.00011105029416213648,0.00021229608818600472
1.222,0.000108248376841627,0.00021023891603620188
1.223,0.00010549888020197935,0.00020818939081286233
1.224,0.00010280100482411717,0.00020614782144818587
1.225,0.0001001539605503914,0.00020411450529535783
1.226,9.755696644446294e-5,0.0002020897284007628
1.227,9.500925074920112e-5,0.0002000737657710972
1.228,9.251005084268654e-5,0.00019806688163545623
1.229,9.00586131924044e-5,0.00019606932970247007
1.23,8.765419330771226e-5,0.00019408135341256272
1.231,8.52960556906632e-5,0.0001921031861854078
1.232,8.298347378526363e-5,0.00019013505166265334
1.233,8.071572992524178e-5,0.000188177163945988
1.234,7.849211528040167e-5,0.00018622972783062015
1.235,7.631192980163439e-5,0.00018429293903424033
1.236,7.417448216465643e-5,0.00018236698442153758
1.237,7.207908971254333e-5,0.00018045204222433842
1.238,7.002507839712392e-5,0.00017854828225743764
1.239,6.80117827192993e-5,0.00017665586613018874
1.24,6.603854566834805e-5,0.00017477494745392092
1.241,6.410471866027794e-5,0.00017290567204524985
1.242,6.220966147528174e-5,0.00017104817812534727
1.243,6.0352742194353896e-5,0.00016920259651523505
1.244,5.8533337135122144e-5,0.00016736905082716784
1.245,5.675083078694709e-5,0.0001655476576521682
1.246,5.500461574534072e-5,0.0001637385267437766
1.247,5.3294092645753416e-5,0.00016194176119807931
1.248,5.161867009677733e-5,0.0001601574576300747
1.249,4.997776461281242e-5,0.00015838570634643944
1.25,4.837080054624006e-5,0.00015662659151475437
1.251,4.6797210019147506e-5,0.0001548801913292491
1.252,4.5256432854645216e-5,0.00015314657817312415
1.253,4.37479165078176e-5,0.00015142581877750829
1.254,4.2271115996346245e-5,0.00014971797437710852
1.255,4.082549383084365e-5,0.00014802310086260842
1.256,3.9410519944933954e-5,0.00014634124892987137
1.257,3.8025671625116005e-5,0.00014467246422600279
1.258,3.667043344044287e-5,0.000143016787492326
1.259,3.5344297172050753e-5,0.00014137425470432547
1.26,3.404676174256901e-5,0.0001397448972086097
1.261,3.277733314544196e-5,0.00013812874185694618
1.262,3.1535524374192006e-5,0.0001365258111374198
1.263,3.0320855351652586e-5,0.00013493612330276535
1.264,2.9132852859198325e-5,0.0001333596924959242
1.265,2.7971050465998897e-5,0.00013179652887287423
1.266,2.6834988458322006e-5,0.00013024663872278203
1.267,2.5724213768909993e-5,0.00012871002458552506
1.268,2.463827990645363e-5,0.000127186685366631
1.269,2.3576746885185808e-5,0.00012567661644968104
1.27,2.253918115461683e-5,0.00012417980980622314
1.271,2.1525155529432325e-5,0.0001226962541032402
1.272,2.053424911957384e-5,0.00012122593480821804
1.273,1.9566047260521396e-5,0.00011976883429185708
1.274,1.8620141443796557e-5,0.00011832493192847108
1.275,1.769612924770375e-5,0.0001168942041941155
1.276,1.6793614268326807e-5,0.00011547662476248768
1.277,1.5912206050797084e-5,0.00011407216459864023
1.278,1.5051520020848665e-5,0.00011268079205054832
1.279,1.4211177416675652e-5,0.0001113024729385712
1.28,1.3390805221105695e-5,0.00010993717064284748
1.281,1.2590036094103443e-5,0.0001085848461886631
1.282,1.1808508305616857e-5,0.0001072454583298303
1.283,1.1045865668778798e-5,0.00010591896363011567
1.284,1.030175747347565e-5,0.00010460531654275401
1.285,9.575838420294228e-6,0.00010330446948808499
1.286,8.86776855485764e-6,0.00010201637292934854
1.287,8.177213202560227e-6,0.0001007409754466743
1.288,7.5038429037112006e-6,9.947822380930022e-5
1.289,6.8473333490960995e-6,9.82280630460546e-5
1.29,6.207365315964669e-6,9.699043651413534e-5
1.291,5.583624604453324e-6,9.576528596621963e-5
1.292,4.975801974449874e-6,9.4552551615937e-5
1.293,4.383593082907754e-6,9.335217220173757e-5
1.294,3.8066984216165646e-6,9.216408504918759e-5
1.295,3.2448232554353152e-6,9.098822613172298e-5
1.296,2.697677560994352e-6,8.982453012989193e-5
1.297,2.1649759658715566e-6,8.867293048911635e-5
1.298,1.6464376882480315e-6,8.753335947600199e-5
1.299,1.141786477048102e-6,8.640574823322628e-5
1.3,6.507505525681295e-7,8.529002683303271e-5
1.301,1.7306254759826648e-7,8.418612432935956e-5
1.302,-2.915405509590422e-7,8.309396880863114e-5
1.303,-7.433174599703291e-7,8.201348743923836e-5
1.304,-1.18252265744898e-6,8.094460651973567e-5
1.305,-1.6094064394268501e-6,7.988725152578053e-5
1.306,-2.0242149763170467e-6,7.884134715584128e-5
1.307,-2.427190368765592e-6,7.780681737569895e-5
1.308,-2.818570702989944e-6,7.67835854617678e-5
1.309,-3.1985901056026264e-6,7.577157404325922e-5
1.31,-3.5674787979184677e-6,7.477070514321317e-5
1.311,-3.925463149744194e-6,7.378090021842075e-5
1.312,-4.272765732649365e-6,7.28020801982612e-5
1.313,-4.609605372717864e-6,7.183416552247622e-5
1.314,-4.936197202779375e-6,7.087707617790413e-5
1.315,-5.252752714120496e-6,6.993073173419582e-5
1.316,-5.5594798076753385e-6,6.899505137853425e-5
1.317,-5.856582844695669e-6,6.806995394937873e-5
1.318,-6.144262696900825e-6,6.715535796925506e-5
1.319,-6.422716796107834e-6,6.625118167661172e-5
1.32,-6.692139183342337e-6,6.535734305676268e-5
1.321,-6.952720557431084e-6,6.44737598719363e-5
1.322,-7.20464832307693e-6,6.360034969044998e-5
1.323,-7.448106638417432e-6,6.273702991502947e-5
1.324,-7.683276462068283e-6,6.188371781029175e-5
1.325,-7.910335599652964e-6,6.104033052940971e-5
1.326,-8.129458749820142e-6,6.020678513997683e-5
1.327,-8.340817549750471e-6,5.938299864908945e-5
1.328,-8.544580620154586e-6,5.856888802766415e-5
1.329,-8.74091360976419e-6,5.776437023400717e-5
1.33,-8.929979239318261e-6,5.6969362236652786e-5
1.331,-9.111937345046509e-6,5.618378103648692e-5
1.332,-9.286944921652355e-6,5.540754368817224e-5
1.333,-9.455156164797734e-6,5.4640567320890514e-5
1.334,-9.616722513092204e-6,5.388276915841776e-5
1.335,-9.771792689588882e-6,5.3134066538547394e-5
1.336,-9.920512742789824e-6,5.239437693187644e-5
1.337,-1.00630260871636e-5,5.166361795996926e-5
1.338,-1.0199473543177783e-5,5.094170741291341e-5
1.339,-1.0329993376849314e-5,5.022856326628155e-5
1.34,-1.0454721338815594e-5,4.952410369751333e-5
1.341,-1.057379070292938e-5,4.8828247101730795e-5
1.342,-1.0687332304380516e-5,4.8140912107000574e-5
1.343,-1.0795474577347668e-5,4.7462017589056046e-5
1.344,-1.0898343592183232e-5,4.679148268549201e-5
1.345,-1.0996063092134696e-5,4.6129226809444705e-5
1.346,-1.1088754529605718e-5,4.547516966276919e-5
1.347,-1.1176537101960305e-5,4.482923124872638e-5
1.348,-1.1259527786873496e-5,4.419133188419136e-5
1.349,-1.133784137723193e-5,4.356139221139471e-5
1.35,-1.1411590515587863e-5,4.293933320920807e-5
1.351,-1.1480885728170082e-5,4.232507620398517e-5
1.352,-1.1545835458455303e-5,4.171854287996914e-5
1.353,-1.1606546100303625e-5,4.111965528927686e-5
1.354,-1.1663122030661648e-5,4.0528335861470765e-5
1.355,-1.1715665641836913e-5,3.9944507412728434e-5
1.356,-1.1764277373347312e-5,3.93680931546199e-5
1.357,-1.1809055743349156e-5,3.879901670250265e-5
1.358,-1.185009737964761e-5,3.823720208354386e-5
1.359,-1.1887497050293238e-5,3.768257374437945e-5
1.36,-1.1921347693768367e-5,3.713505655841899e-5
1.361,-1.1951740448767058e-5,3.659457583280582e-5
1.362,-1.1978764683572423e-5,3.606105731504099e-5
1.363,-1.2002508025035093e-5,3.55344271992799e-5
1.364,-1.202305638715661e-5,3.501461213231002e-5
1.365,-1.204049399928154e-5,3.450153921921819e-5
1.366,-1.2054903433902097e-5,3.399513602875552e-5
1.367,-1.2066365634079114e-5,3.349533059840789e-5
1.368,-1.2074959940483112e-5,3.3002051439180044e-5
1.369,-1.2080764118059338e-5,3.2515227540100676e-5
1.37,-1.2083854382320515e-5,3.2034788372456285e-5
1.371,-1.2084305425271157e-5,3.15606638937609e-5
1.372,-1.2082190440967221e-5,3.1092784551469004e-5
1.373,-1.2077581150714899e-5,3.0631081286438645e-5
1.374,-1.2070547827912338e-5,3.0175485536151623e-5
1.375,-1.2061159322538085e-5,2.9725929237697454e-5
1.376,-1.2049483085289993e-5,2.9282344830527747e-5
1.377,-1.2035585191378412e-5,2.8844665258987397e-5
1.378,-1.2019530363977358e-5,2.841282397462893e-5
1.379,-1.2001381997337444e-5,2.7986754938316145e-5
1.38,-1.1981202179564293e-5,2.7566392622123103e-5
1.381,-1.1959051715066145e-5,2.7151672011034352e-5
1.382,-1.1934990146674368e-5,2.6742528604452178e-5
1.383,-1.190907577744056e-5,2.633889841751649e-5
1.384,-1.1881365692113922e-5,2.594071798224291e-5
1.385,-1.1851915778302534e-5,2.5547924348484407e-5
1.386,-1.182078074732222e-5,2.516045508472181e-5
1.387,-1.1788014154736568e-5,2.4778248278688297e-5
1.388,-1.1753668420591748e-5,2.4401242537832983e-5
1.389,-1.1717794849349703e-5,2.4029376989628415e-5
1.39,-1.1680443649523253e-5,2.366259128172694e-5
1.391,-1.1641663953016711e-5,2.330082558197054e-5
1.392,-1.1601503834175448e-5,2.2944020578258775e-5
1.393,-1.156001032854801e-5,2.2592117478279325e-5
1.394,-1.1517229451364166e-5,2.2245058009105567e-5
1.395,-1.1473206215732426e-5,2.190278441666539e-5
1.396,-1.1427984650560403e-5,2.1565239465085515e-5
1.397,-1.1381607818201474e-5,2.1232366435915407e-5
1.398,-1.1334117831831083e-5,2.0904109127234726e-5
1.399,-1.1285555872556092e-5,2.0580411852648305e-5
1.4,-1.123596220626048e-5,2.0261219440172388e-5
1.401,-1.1185376200190735e-5,1.9946477231015924e-5
1.402,-1.11338363392842e-5,1.9636131078260503e-5
1.403,-1.1081380242243655e-5,1.933012734544251e-5
1.404,-1.1028044677361359e-5,1.9028412905040974e-5
1.405,-1.0973865578095778e-5,1.8730935136874446e-5
1.406,-1.0918878058404161e-5,1.8437641926410268e-5
1.407,-1.0863116427834158e-5,1.814848166298943e-5
1.408,-1.080661420637756e-5,1.786340323797015e-5
1.409,-1.0749404139089337e-5,1.7582356042793242e-5
1.41,-1.0691518210474972e-5,1.7305289966972306e-5
1.411,-1.063298765864921e-5,1.703215539601161e-5
1.412,-1.0573842989269222e-5,1.6762903209254533e-5
1.413,-1.051411398924516e-5,1.6497484777665362e-5
1.414,-1.0453829740231108e-5,1.6235851961547103e-5
1.415,-1.0393018631899351e-5,1.5977957108198018e-5
1.416,-1.033170837500089e-5,1.572375304950939e-5
1.417,-1.026992601421506e-5,1.5473193099507073e-5
1.418,-1.0207697940791167e-5,1.5226231051839263e-5
1.419,-1.0145049904984915e-5,1.4982821177212854e-5
1.42,-1.0082007028292461e-5,1.4742918220780727e-5
1.421,-1.0018593815484885e-5,1.4506477399482217e-5
1.422,-9.954834166445785e-6,1.4273454399338986e-5
1.423,-9.890751387814763e-6,1.4043805372708415e-5
1.424,-9.82636820443945e-6,1.3817486935496634e-5
1.425,-9.761706770638791e-6,1.3594456164333223e-5
1.426,-9.696788681280172e-6,1.3374670593709552e-5
1.427,-9.631634982673038e-6,1.3158088213082707e-5
1.428,-9.566266183281572e-6,1.2944667463946877e-5
1.429,-9.500702264258995e-6,1.2734367236874018e-5
1.43,-9.434962689806007e-6,1.25271468685256e-5
1.431,-9.36906641735588e-6,1.2322966138637136e-5
1.432,-9.303031907588676e-6,1.212178526697721e-5
1.433,-9.236877134277038e-6,1.1923564910282609e-5
1.434,-9.17061959396595e-6,1.1728266159171183e-5
1.435,-9.104276315488913e-6,1.1535850535033962e-5
1.436,-9.037863869322839e-6,1.1346279986908044e-5
1.437,-8.971398376784046e-6,1.1159516888331703e-5
1.438,-8.904895519067668e-6,1.0975524034183172e-5
1.439,-8.83837054613272e-6,1.0794264637504444e-5
1.44,-8.771838285435141e-6,1.0615702326311455e-5
1.441,-8.705313150511009e-6,1.0439801140391956e-5
1.442,-8.638809149412127e-6,1.0266525528092317e-5
1.443,-8.572339892996219e-6,1.0095840343094522e-5
1.444,-8.505918603073808e-6,9.92771084118452e-6
1.445,-8.439558120413997e-6,9.762102677013114e-6
1.446,-8.373270912611168e-6,9.598981900850475e-6
1.447,-8.307069081814764e-6,9.438314955335424e-6
1.448,-8.24096437232414e-6,9.280068672220489e-6
1.449,-8.174968178050557e-6,9.124210269113769e-6
1.45,-8.109091549848299e-6,8.970707346218638e-6
1.451,-8.043345202716907e-6,8.819527883072188e-6
1.452,-7.977739522876476e-6,8.670640235283393e-6
1.453,-7.912284574717958e-6,8.524013131271867e-6
1.454,-7.84699010763037e-6,8.379615669008114e-6
1.455,-7.781865562706782e-6,8.237417312756075e-6
1.456,-7.716920079330973e-6,8.09738788981885e-6
1.457,-7.652162501646554e-6,7.959497587288316e-6
1.458,-7.587601384910411e-6,7.823716948799466e-6
1.459,-7.523245001732213e-6,7.690016871290183e-6
1.46,-7.459101348201797e-6,7.558368601767147e-6
1.461,-7.395178149906137e-6,7.428743734078603e-6
1.462,-7.3314828678376485e-6,7.301114205694626e-6
1.463,-7.268022704195491e-6,7.175452294495541e-6
1.464,-7.204804608081591e-6,7.05173061556911e-6
1.465,-7.141835281093002e-6,6.929922118017097e-6
1.466,-7.079121182812249e-6,6.810000081771774e-6
1.467,-7.016668536197275e-6,6.691938114422931e-6
1.468,-6.954483332872567e-6,6.575710148055934e-6
1.469,-6.892571338323036e-6,6.461290436101321e-6
1.47,-6.830938096992206e-6,6.348653550196467e-6
1.471,-6.769588937286222e-6,6.237774377059764e-6
1.472,-6.7085289764851986e-6,6.128628115377792e-6
1.473,-6.647763125563386e-6,6.021190272705919e-6
1.474,-6.587296093919629e-6,5.9154366623827475e-6
1.475,-6.52713239401955e-6,5.811343400458814e-6
1.476,-6.46727634595089e-6,5.708886902639933e-6
1.477,-6.407732081893425e-6,5.608043881245566e-6
1.478,-6.348503550504818e-6,5.508791342182544e-6
1.479,-6.289594521223799e-6,5.411106581934523e-6
1.48,-6.231008588492009e-6,5.314967184567466e-6
1.481,-6.1727491758958445e-6,5.220351018751478e-6
1.482,-6.114819540229602e-6,5.127236234799291e-6
1.483,-6.0572227754812345e-6,5.035601261721672e-6
1.484,-5.999961816741969e-6,4.945424804300034e-6
1.485,-5.943039444041073e-6,4.856685840176502e-6
1.486,-5.886458286106976e-6,4.76936361696167e-6
1.487,-5.830220824055991e-6,4.6834376493602935e-6
1.488,-5.774329395009834e-6,4.598887716315117e-6
1.489,-5.7187861956431125e-6,4.51569385816906e-6
1.49,-5.663593285661981e-6,4.433836373845954e-6
1.491,-5.60875259121509e-6,4.353295818049991e-6
1.492,-5.554265908237973e-6,4.274052998484092e-6
1.493,-5.500134905732004e-6,4.1960889730873275e-6
1.494,-5.446361128979004e-6,4.119385047291557e-6
1.495,-5.392946002692603e-6,4.043922771297422e-6
1.496,-5.339890834107422e-6,3.969683937369827e-6
1.497,-5.287196816007129e-6,3.89665057715303e-6
1.498,-5.234865029692413e-6,3.824804959005447e-6
1.499,-5.182896447889891e-6,3.7541295853542963e-6
1.5,-5.131291937602976e-6,3.6846071900701452e-6
1.501,-5.080052262905678e-6,3.616220735861476e-6
1.502,-5.029178087680333e-6,3.5489534116893284e-6
1.503,-4.9786699783002245e-6,3.4827886302021003e-6
1.504,-4.92852840625803e-6,3.4177100251905635e-6
1.505,-4.878753750741061e-6,3.3537014490631487e-6
1.506,-4.829346301154184e-6,3.290746970341555e-6
1.507,-4.7803062595913626e-6,3.228830871176712e-6
1.508,-4.731633743256683e-6,3.1679376448851405e-6
1.509,-4.683328786835773e-6,3.108051993505728e-6
1.51,-4.6353913448184656e-6,3.049158825376948e-6
1.511,-4.587821293773565e-6,2.9912432527345296e-6
1.512,-4.540618434576558e-6,2.934290589329594e-6
1.513,-4.493782494591095e-6,2.878286348067252e-6
1.514,-4.447313129805064e-6,2.8232162386656605e-6
1.515,-4.401209926922056e-6,2.7690661653355363e-6
1.516,-4.355472405409001e-6,2.715822224480103e-6
1.517,-4.310100019500784e-6,2.6634707024154563e-6
1.518,-4.265092160162572e-6,2.611998073111324e-6
1.519,-4.220448157010628e-6,2.5613909959521893e-6
1.52,-4.1761672801923475e-6,2.5116363135187434e-6
1.521,-4.132248742226252e-6,2.4627210493896307e-6
1.522,-4.088691699802658e-6,2.4146324059634414e-6
1.523,-4.045495255545722e-6,2.3673577623009075e-6
1.524,-4.002658459737574e-6,2.3208846719872458e-6
1.525,-3.960180312005212e-6,2.275200861014601e-6
1.526,-3.918059762970837e-6,2.2302942256845227e-6
1.527,-3.876295715866298e-6,2.186152830530414e-6
1.528,-3.8348870281122965e-6,2.142764906259895e-6
1.529,-3.793832512862987e-6,2.100118847716999e-6
1.53,-3.7531309405166246e-6,2.058203211864138e-6
1.531,-3.7127810401928657e-6,2.0170067157837586e-6
1.532,-3.6727815011773432e-6,1.9765182346996114e-6
1.533,-3.6331309743341176e-6,1.936726800017546e-6
1.534,-3.5938280734866e-6,1.8976215973857589e-6
1.535,-3.554871376767525e-6,1.859191964774395e-6
1.536,-3.516259427938555e-6,1.8214273905744225e-6
1.537,-3.477990737680076e-6,1.7843175117156832e-6
1.538,-3.4400637848517444e-6,1.7478521118040279e-6
1.539,-3.402477017724327e-6,1.7120211192774363e-6
1.54,-3.3652288551833777e-6,1.6768146055810285e-6
1.541,-3.3283176879052778e-6,1.642222783360861e-6
1.542,-3.291741879506157e-6,1.6082360046764071e-6
1.543,-3.2554997676642137e-6,1.5748447592316218e-6
1.544,-3.219589665215931e-6,1.5420396726244745e-6
1.545,-3.18400986122669e-6,1.5098115046148523e-6
1.546,-3.1487586220362626e-6,1.4781511474107163e-6
1.547,-3.113834192279663e-6,1.4470496239724059e-6
1.548,-3.0792347958838334e-6,1.4164980863349723e-6
1.549,-3.044958637040621e-6,1.3864878139484333e-6
1.55,-3.0110039011565047e-6,1.3570102120358298e-6
1.551,-2.9773687557795193e-6,1.3280568099689694e-6
1.552,-2.944051351503816e-6,1.2996192596617393e-6
1.553,-2.9110498228522946e-6,1.2716893339808696e-6
1.554,-2.878362289137726e-6,1.2442589251740274e-6
1.555,-2.845986855302796e-6,1.2173200433151206e-6
1.556,-2.813921612739466e-6,1.1908648147666914e-6
1.557,-2.782164640088068e-6,1.1648854806592747e-6
1.558,-2.7507140040165237e-6,1.1393743953876e-6
1.559,-2.71956775998008e-6,1.1143240251235132e-6
1.56,-2.688723952961948e-6,1.0897269463454927e-6
1.561,-2.6581806181952165e-6,1.0655758443846352e-6
1.562,-2.6279357818664173e-6,1.0418635119869857e-6
1.563,-2.5979874618011023e-6,1.0185828478920856e-6
1.564,-2.5683336681317947e-6,9.95726855427613e-7
1.565,-2.538972403948661e-6,9.732886411199865e-7
1.566,-2.509901665933255e-6,9.512614133208068e-7
1.567,-2.4811194449756706e-6,9.296384808490096e-7
1.568,-2.4526237267754387e-6,9.084132516485975e-7
1.569,-2.4244124924264964e-6,8.875792314618297e-7
1.57,-2.3964837189865497e-6,8.671300225177346e-7
1.571,-2.36883538003115e-6,8.470593222358214e-7
1.572,-2.34146544619279e-6,8.273609219448615e-7
1.573,-2.314371885685332e-6,8.080287056166092e-7
1.574,-2.2875526648140628e-6,7.890566486143363e-7
1.575,-2.2610057484716734e-6,7.704388164560503e-7
1.576,-2.2347291006204547e-6,7.521693635922678e-7
1.577,-2.2087206847609903e-6,7.342425321982159e-7
1.578,-2.1829784643876297e-6,7.166526509803333e-7
1.579,-2.157500403431016e-6,6.993941339969419e-7
1.58,-2.132284466687935e-6,6.824614794929632e-7
1.581,-2.1073286202387542e-6,6.65849268748549e-7
1.582,-2.0826308318527143e-6,6.495521649415033e-7
1.583,-2.058189071381321e-6,6.335649120233639e-7
1.584,-2.0340013111400956e-6,6.1788233360902e-7
1.585,-2.0100655262789264e-6,6.024993318797386e-7
1.586,-1.986379695141269e-6,5.874108864994725e-7
1.587,-1.962941799612424e-6,5.726120535443264e-7
1.588,-1.939749825457134e-6,5.580979644450532e-7
1.589,-1.9168017626467256e-6,5.438638249424587e-7
1.59,-1.8940956056760217e-6,5.29904914055587e-7
1.591,-1.8716293538702428e-6,5.162165830625653e-7
1.592,-1.849401011682121e-6,5.027942544939826e-7
1.593,-1.8274085889794298e-6,4.896334211386809e-7
1.594,-1.8056501013231497e-6,4.767296450618358e-7
1.595,-1.7841235702364632e-6,4.640785566352034e-7
1.596,-1.7628270234647917e-6,4.516758535794148e-7
1.597,-1.7417584952270634e-6,4.39517300018194e-7
1.598,-1.7209160264584104e-6,4.27598725544382e-7
1.599,-1.7002976650444865e-6,4.159160242976453e-7
1.6,-1.679901466047587e-6,4.044651540537509e-7
1.601,-1.6597254919247607e-6,3.9324213532528867e-7
1.602,-1.6397678127380893e-6,3.8224305047372415e-7
1.603,-1.6200265063573132e-6,3.7146404283266363e-7
1.604,-1.6004996586549752e-6,3.609013158422153e-7
1.605,-1.5811853636942538e-6,3.505511321943316e-7
1.606,-1.5620817239096515e-6,3.40409812989016e-7
1.607,-1.5431868502807034e-6,3.3047373690128114e-7
1.608,-1.5244988624988644e-6,3.2073933935874364e-7
1.609,-1.5060158891277343e-6,3.112031117297434e-7
1.61,-1.4877360677567753e-6,3.018616005218739e-7
1.611,-1.4696575451486718e-6,2.927114065908133e-7
1.612,-1.4517784773804834e-6,2.8374918435934435e-7
1.613,-1.4340970299787342e-6,2.74971641046453e-7
1.614,-1.4166113780485853e-6,2.6637553590639766e-7
1.615,-1.3993197063972256e-6,2.579576794776385e-7
1.616,-1.3822202096516244e-6,2.497149328415205e-7
1.617,-1.3653110923707744e-6,2.4164420689060215e-7
1.618,-1.3485905691525628e-6,2.3374246160652454e-7
1.619,-1.3320568647353975e-6,2.2600670534731353e-7
1.62,-1.3157082140947153e-6,2.184339941440122e-7
1.621,-1.299542862534498e-6,2.110214310065382e-7
1.622,-1.2835590657739174e-6,2.037661652386631e-7
1.623,-1.2677550900292325e-6,1.9666539176201176e-7
1.624,-1.2521292120910488e-6,1.8971635044897945e-7
1.625,-1.2366797193970647e-6,1.8291632546446618e-7
1.626,-1.2214049101004101e-6,1.7626264461632823e-7
1.627,-1.2063030931336913e-6,1.6975267871444743e-7
1.628,-1.1913725882688502e-6,1.6338384093832e-7
1.629,-1.1766117261729439e-6,1.57153586213067e-7
1.63,-1.1620188484599487e-6,1.5105941059376984e-7
1.631,-1.147592307738691e-6,1.450988506580345e-7
1.632,-1.133330467657005e-6,1.3926948290668948e-7
1.633,-1.1192317029422147e-6,1.3356892317252302e-7
1.634,-1.105294399438037e-6,1.279948260369657e-7
1.635,-1.0915169541379996e-6,1.2254488425462596e-7
1.636,-1.0778977752154654e-6,1.1721682818558633e-7
1.637,-1.0644352820503555e-6,1.1200842523536913e-7
1.638,-1.0511279052526563e-6,1.0691747930248142e-7
1.639,-1.0379740866828e-6,1.0194183023344925e-7
1.64,-1.0249722794690033e-6,9.707935328525296e-8
1.641,-1.0121209480216438e-6,9.232795859507491e-8
1.642,-9.994185680447614e-7,8.768559065727298e-8
1.643,-9.868636265447589e-7,8.315022780749299e-8
1.644,-9.744546218363834e-7,7.871988171383487e-8
1.645,-9.621900635460634e-7,7.439259687498744e-8
1.646,-9.500684726126769e-7,7.01664501252479e-8
1.647,-9.380883812858233e-7,6.603955014634287e-8
1.648,-9.262483331216716e-7,6.201003698596846e-8
1.649,-9.145468829764553e-7,5.8076081582967745e-8
1.65,-9.029825969976801e-7,5.423588529906479e-8
1.651,-8.915540526131169e-7,5.0487679457075134e-8
1.652,-8.802598385176397e-7,4.682972488551343e-8
1.653,-8.690985546579782e-7,4.3260311469519655e-8
1.654,-8.580688122154446e-7,3.977775770802621e-8
1.655,-8.471692335866984e-7,3.6380410277088866e-8
1.656,-8.363984523626086e-7,3.30666435993053e-8
1.657,-8.257551133052722e-7,2.983485941924581e-8
1.658,-8.152378723232482e-7,2.6683486384821465e-8
1.659,-8.048453964450615e-7,2.361097963451569e-8
1.66,-7.945763637910344e-7,2.061582039040617e-8
1.661,-7.844294635434972e-7,1.7696515556904513e-8
1.662,-7.744033959154333e-7,1.4851597325142013e-8
1.663,-7.64496872117609e-7,1.2079622782930503e-8
1.664,-7.547086143242391e-7,9.379173530228051e-9
1.665,-7.450373556372375e-7,6.748855300039986e-9
1.666,-7.354818400491022e-7,4.18729758468645e-9
1.667,-7.260408224044792e-7,1.6931532673684158e-9
1.668,-7.167130683604565e-7,-7.349017410351934e-10
1.669,-7.074973543456276e-7,-3.098168860005926e-9
1.67,-6.983924675179731e-7,-5.397927192325696e-9
1.671,-6.893972057216015e-7,-7.635433871983382e-9
1.672,-6.805103774423917e-7,-9.811924407112661e-9
1.673,-6.717308017625786e-7,-1.1928613018024924e-8
1.674,-6.630573083143224e-7,-1.3986692970400402e-8
1.675,-6.544887372322998e-7,-1.598733690369999e-8
1.676,-6.460239391053572e-7,-1.7931697154859527e-8
1.677,-6.376617749272619e-7,-1.9820906077327655e-8
1.678,-6.294011160465888e-7,-2.1656076355507682e-8
1.679,-6.212408441157784e-7,-2.343830131466323e-8
1.68,-6.131798510394005e-7,-2.516865522634676e-8
1.681,-6.052170389216585e-7,-2.684819360940946e-8
1.682,-5.973513200131673e-7,-2.8477953526650236e-8
1.683,-5.89581616657037e-7,-3.0058953877161035e-8
1.684,-5.819068612342943e-7,-3.1592195684424944e-8
1.685,-5.743259961086736e-7,-3.307866238022301e-8
1.686,-5.668379735708061e-7,-3.451932008440496e-8
1.687,-5.594417557818382e-7,-3.591511788057847e-8
1.688,-5.521363147165075e-7,-3.7266988087771005e-8
1.689,-5.449206321057029e-7,-3.857584652811758e-8
1.69,-5.377936993785396e-7,-3.9842592790627194e-8
1.691,-5.307545176039726e-7,-4.1068110491080146e-8
1.692,-5.238020974319749e-7,-4.225326752810777e-8
1.693,-5.16935459034309e-7,-4.339891633550556e-8
1.694,-5.101536320449121e-7,-4.4505894130830056e-8
1.695,-5.034556554999224e-7,-4.557502316032929e-8
1.696,-4.96840577777369e-7,-4.660711094025595e-8
1.697,-4.90307456536547e-7,-4.760295049461199e-8
1.698,-4.838553586571026e-7,-4.856332058937268e-8
1.699,-4.774833601778484e-7,-4.9488985963237555e-8
1.7,-4.711905462353296e-7,-5.038069755495531e-8
1.701,-4.6497601100216386e-7,-5.1239192727268896e-8
1.702,-4.5883885762517224e-7,-5.206519548752673e-8
1.703,-4.5277819816332324e-7,-5.285941670500528e-8
1.704,-4.4679315352550723e-7,-5.362255432498771e-8
1.705,-4.4088285340816076e-7,-5.435529357964291e-8
1.706,-4.3504643623275836e-7,-5.5058307195748425e-8
1.707,-4.292830490831896e-7,-5.573225559930059e-8
1.708,-4.235918476430384e-7,-5.6377787117054387e-8
1.709,-4.179719961327812e-7,-5.699553817503519e-8
1.71,-4.124226672469203e-7,-5.7586133494063965e-8
1.711,-4.0694304209106725e-7,-5.815018628233705e-8
1.712,-4.0153231011899324e-7,-5.8688298425101125e-8
1.713,-3.9618966906965943e-7,-5.9201060671463334e-8
1.714,-3.9091432490424284e-7,-5.968905281837641e-8
1.715,-3.8570549174317134e-7,-6.01528438918377e-8
1.716,-3.805623918031813e-7,-6.059299232534077e-8
1.717,-3.754842553344116e-7,-6.101004613561789e-8
1.718,-3.704703205575458e-7,-6.140454309571087e-8
1.719,-3.6551983360101597e-7,-6.17770109054077e-8
1.72,-3.6063204843827966e-7,-6.212796735908154e-8
1.721,-3.5580622682518164e-7,-6.245792051096841e-8
1.722,-3.5104163823741207e-7,-6.276736883791962e-8
1.723,-3.4633755980807213e-7,-6.305680139966408e-8
1.724,-3.4169327626535696e-7,-6.332669799661544e-8
1.725,-3.371080798703675e-7,-6.357752932525896e-8
1.726,-3.3258127035506015e-7,-6.380975713115156e-8
1.727,-3.2811215486034457e-7,-6.402383435956934e-8
1.728,-3.237000478743387e-7,-6.422020530383526e-8
1.729,-3.193442711707896e-7,-6.439930575136019e-8
1.73,-3.1504415374767066e-7,-6.456156312742939e-8
1.731,-3.1079903176596065e-7,-6.470739663676666e-8
1.732,-3.0660824848861605e-7,-6.483721740290745e-8
1.733,-3.0247115421974225e-7,-6.495142860541239e-8
1.734,-2.983871062439721e-7,-6.505042561495171e-8
1.735,-2.943554687660595e-7,-6.513459612629117e-8
1.736,-2.9037561285069414e-7,-6.520432028920916e-8
1.737,-2.864469163625457e-7,-6.525997083737499e-8
1.738,-2.825687639065426e-7,-6.53019132152171e-8
1.739,-2.7874054676839297e-7,-6.533050570281039e-8
1.74,-2.749616628553525e-7,-6.534609953881092e-8
1.741,-2.712315166372473e-7,-6.534903904146607e-8
1.742,-2.675495190877546e-7,-6.533966172772802e-8
1.743,-2.6391508762594937e-7,-6.531829843049769e-8
1.744,-2.603276460581205e-7,-6.52852734140264e-8
1.745,-2.567866245198618e-7,-6.524090448750156e-8
1.746,-2.5329145941844366e-7,-6.5185503116843e-8
1.747,-2.498415933754684e-7,-6.511937453473572e-8
1.748,-2.464364751698148e-7,-6.504281784892464e-8
1.749,-2.4307555968087607e-7,-6.495612614879683e-8
1.75,-2.397583078320947e-7,-6.485958661027577e-8
1.751,-2.3648418653479847e-7,-6.475348059905267e-8
1.752,-2.3325266863234143e-7,-6.463808377217886e-8
1.753,-2.3006323284455266e-7,-6.451366617804325e-8
1.754,-2.2691536371249729e-7,-6.438049235475854e-8
1.755,-2.238085515435518e-7,-6.423882142697951e-8
1.756,-2.2074229235679728e-7,-6.40889072011763e-8
1.757,-2.177160878287337e-7,-6.393099825938551e-8
1.758,-2.147294452393169e-7,-6.376533805146142e-8
1.759,-2.117818774183222e-7,-6.359216498584946e-8
1.76,-2.0887290269203599e-7,-6.341171251890379e-8
1.761,-2.060020448302779e-7,-6.32242092427703e-8
1.762,-2.03168832993756e-7,-6.30298789718565e-8
1.763,-2.0037280168175658e-7,-6.282894082790908e-8
1.764,-1.9761349068017046e-7,-6.262160932371973e-8
1.765,-1.9489044500985792e-7,-6.240809444547974e-8
1.766,-1.922032148753533e-7,-6.218860173380342e-8
1.767,-1.895513556139113e-7,-6.196333236343996e-8
1.768,-1.8693442764489585e-7,-6.173248322169362e-8
1.769,-1.8435199641951347e-7,-6.149624698557128e-8
1.77,-1.8180363237089134e-7,-6.125481219767632e-8
1.771,-1.7928891086450208e-7,-6.10083633408679e-8
1.772,-1.768074121489354e-7,-6.075708091170375e-8
1.773,-1.7435872130701805e-7,-6.050114149268488e-8
1.774,-1.7194242820728215e-7,-6.024071782332044e-8
1.775,-1.6955812745578335e-7,-5.997597887002991e-8
1.776,-1.6720541834826842e-7,-5.97070898949007e-8
1.777,-1.6488390482269351e-7,-5.943421252331806e-8
1.778,-1.6259319541209294e-7,-5.9157504810484435e-8
1.779,-1.6033290319779887e-7,-5.8877121306845044e-8
1.78,-1.5810264576301234e-7,-5.85932131224362e-8
1.781,-1.5590204514672518e-7,-5.830592799017278e-8
1.782,-1.5373072779799353e-7,-5.8015410328090726e-8
1.783,-1.5158832453056201e-7,-5.772180130056076e-8
1.784,-1.4947447047783955e-7,-5.742523887848862e-8
1.785,-1.473888050482253e-7,-5.7125857898517524e-8
1.786,-1.4533097188078572e-7,-5.682379012124789e-8
1.787,-1.4330061880128143e-7,-5.6519164288489394e-8
1.788,-1.4129739777854378e-7,-5.6212106179560114e-8
1.789,-1.393209648812009e-7,-5.5902738666647365e-8
1.79,-1.3737098023475235e-7,-5.559118176924462e-8
1.791,-1.3544710797899168e-7,-5.5277552707678554e-8
1.792,-1.3354901622577672e-7,-5.496196595574042e-8
1.793,-1.3167637701714618e-7,-5.464453329243528e-8
1.794,-1.298288662837826e-7,-5.432536385286279e-8
1.795,-1.2800616380381984e-7,-5.4004564178242995e-8
1.796,-1.2620795316199516e-7,-5.368223826510015e-8
1.797,-1.2443392170914437e-7,-5.335848761361769e-8
1.798,-1.2268376052203913e-7,-5.303341127517719e-8
1.799,-1.209571643635656e-7,-5.270710589909388e-8
1.8,-1.1925383164324319e-7,-5.23796657785612e-8
1.801,-1.1757346437808212e-7,-5.2051182895816664e-8
1.802,-1.1591576815377909e-7,-5.1721746966541226e-8
1.803,-1.1428045208624934e-7,-5.139144548350393e-8
1.804,-1.1266722878349415e-7,-5.1060363759463685e-8
1.805,-1.1107581430780245e-7,-5.07285849693398e-8
1.806,-1.0950592813828516e-7,-5.039619019166256e-8
1.807,-1.0795729313374089e-7,-5.006325844931533e-8
1.808,-1.0642963549585164e-7,-4.972986674957895e-8
1.809,-1.049226847327072e-7,-4.939609012348973e-8
1.81,-1.034361736226565e-7,-4.9062001664521564e-8
1.811,-1.019698381784847e-7,-4.8727672566602824e-8
1.812,-1.005234176119143e-7,-4.83931721614786e-8
1.813,-9.909665429842901e-8,-4.805856795542855e-8
1.814,-9.768929374241829e-8,-4.7723925665350406e-8
1.815,-9.63010845426417e-8,-4.7389309254219394e-8
1.816,-9.493177835801069e-8,-4.705478096593323e-8
1.817,-9.358112987368667e-8,-4.672040135955247e-8
1.818,-9.224889676749358e-8,-4.638622934294592e-8
1.819,-9.093483967664316e-8,-4.605232220585029e-8
1.82,-8.963872216477136e-8,-4.571873565235375e-8
1.821,-8.836031068928401e-8,-4.538552383281218e-8
1.822,-8.709937456901024e-8,-4.5052739375207444e-8
1.823,-8.585568595216151e-8,-4.472043341595644e-8
1.824,-8.46290197845949e-8,-4.4388655630179735e-8
1.825,-8.341915377837858e-8,-4.4057454261438414e-8
1.826,-8.222586838065767e-8,-4.372687615094766e-8
1.827,-8.10489467428188e-8,-4.3396966766275467e-8
1.828,-7.98881746899514e-8,-4.3067770229534724e-8
1.829,-7.874334069060401e-8,-4.2739329345076834e-8
1.83,-7.761423582683349e-8,-4.241168562669484e-8
1.831,-7.650065376454559e-8,-4.208487932434406e-8
1.832,-7.540239072412475e-8,-4.1758949450387857e-8
1.833,-7.431924545135133e-8,-4.1433933805376364e-8
1.834,-7.325101918860435e-8,-4.110986900336564e-8
1.835,-7.219751564634784e-8,-4.078679049678469e-8
1.836,-7.115854097489889e-8,-4.046473260085769e-8
1.837,-7.013390373647542e-8,-4.014372851758866e-8
1.838,-6.912341487752185e-8,-3.9823810359315656e-8
1.839,-6.81268877013106e-8,-3.950500917184153e-8
1.84,-6.714413784081757e-8,-3.9187354957148096e-8
1.841,-6.617498323186963e-8,-3.887087669570051e-8
1.842,-6.521924408656217e-8,-3.855560236834865e-8
1.843,-6.427674286694474e-8,-3.8241558977831944e-8
1.844,-6.334730425897287e-8,-3.792877256989423e-8
1.845,-6.243075514672408e-8,-3.761726825401499e-8
1.846,-6.152692458687602e-8,-3.7307070223763334e-8
1.847,-6.06356437834451e-8,-3.699820177678082e-8
1.848,-5.97567460627832e-8,-3.669068533439933e-8
1.849,-5.889006684883084e-8,-3.638454246089992e-8
1.85,-5.803544363862477e-8,-3.607979388241864e-8
1.851,-5.7192715978057866e-8,-3.577645950550513e-8
1.852,-5.6361725437889644e-8,-3.54745584353397e-8
1.853,-5.554231559000512e-8,-3.5174108993614615e-8
1.854,-5.473433198392032e-8,-3.4875128736085145e-8
1.855,-5.393762212353238e-8,-3.457763446979574e-8
1.856,-5.315203544411222e-8,-3.4281642269987e-8
1.857,-5.2377423289537956e-8,-3.3987167496688396e-8
1.858,-5.1613638889767075e-8,-3.3694224811002345e-8
1.859,-5.086053733854535e-8,-3.3402828191084495e-8
1.86,-5.0117975571350644e-8,-3.3112990947825504e-8
1.861,-4.9385812343569675e-8,-3.2824725740239205e-8
1.862,-4.866390820890571e-8,-3.253804459056206e-8
1.863,-4.7952125498015385e-8,-3.225295889906885e-8
1.864,-4.7250328297372636e-8,-3.196947945860929e-8
1.865,-4.655838242835788e-8,-3.168761646887027e-8
1.866,-4.5876155426570523e-8,-3.1407379550368376e-8
1.867,-4.520351652136289e-8,-3.112877775817723e-8
1.868,-4.454033661559367e-8,-3.085181959539411e-8
1.869,-4.388648826559899e-8,-3.057651302635031e-8
1.87,-4.324184566137925e-8,-3.030286548956949e-8
1.871,-4.260628460699982e-8,-3.003088391047844e-8
1.872,-4.197968250120375e-8,-2.9760574713874296e-8
1.873,-4.136191831823457e-8,-2.9491943836152483e-8
1.874,-4.075287258886747e-8,-2.9224996737299373e-8
1.875,-4.015242738164678e-8,-2.8959738412653744e-8
1.876,-3.956046628432817e-8,-2.869617340444094e-8
1.877,-3.897687438552352e-8,-2.8434305813083638e-8
1.878,-3.840153825654678e-8,-2.817413930829304e-8
1.879,-3.7834345933458916e-8,-2.7915677139944282e-8
1.88,-3.727518689931023e-8,-2.765892214873974e-8
1.881,-3.672395206657809e-8,-2.740387677666391e-8
1.882,-3.618053375979854e-8,-2.7150543077233406e-8
1.883,-3.564482569838968e-8,-2.689892272554567e-8
1.884,-3.5116722979665396e-8,-2.664901702812986e-8
1.885,-3.459612206203737e-8,-2.6400826932603256e-8
1.886,-3.4082920748403825e-8,-2.6154353037136717e-8
1.887,-3.357701816972317e-8,-2.5909595599732353e-8
1.888,-3.3078314768770836e-8,-2.566655454731673e-8
1.889,-3.2586712284077546e-8,-2.5425229484652858e-8
1.89,-3.210211373404738e-8,-2.518561970307407e-8
1.891,-3.1624423401253845e-8,-2.4947724189042895e-8
1.892,-3.115354681691233e-8,-2.471154163253807e-8
1.893,-3.06893907455272e-8,-2.4477070435272564e-8
1.894,-3.023186316971186e-8,-2.4244308718745722e-8
1.895,-2.9780873275180235e-8,-2.4013254332132345e-8
1.896,-2.933633143590784e-8,-2.3783904860011585e-8
1.897,-2.8898149199460923e-8,-2.3556257629938554e-8
1.898,-2.8466239272491996e-8,-2.333030971986132e-8
1.899,-2.8040515506400173e-8,-2.310605796538609e-8
1.9,-2.7620892883154633e-8,-2.288349896689324e-8
1.901,-2.7207287501279692e-8,-2.2662629096506874e-8
1.902,-2.679961656199983e-8,-2.244344450492044e-8
1.903,-2.639779835554313e-8,-2.222594112808104e-8
1.904,-2.6001752247601532e-8,-2.201011469373492e-8
1.905,-2.561139866594638e-8,-2.1795960727836604e-8
1.906,-2.522665908719769e-8,-2.1583474560824142e-8
1.907,-2.4847456023745587e-8,-2.137265133376282e-8
1.908,-2.4473713010822453e-8,-2.1163486004359773e-8
1.909,-2.4105354593724168e-8,-2.0955973352851708e-8
1.91,-2.3742306315179057e-8,-2.0750107987768138e-8
1.911,-2.338449470286295e-8,-2.0545884351572275e-8
1.912,-2.3031847257058937e-8,-2.0343296726181854e-8
1.913,-2.2684292438460325e-8,-2.0142339238372017e-8
1.914,-2.234175965611533e-8,-1.994300586506244e-8
1.915,-2.2004179255512078e-8,-1.9745290438490738e-8
1.916,-2.1671482506802465e-8,-1.9549186651274294e-8
1.917,-2.134360159316342e-8,-1.9354688061362475e-8
1.918,-2.1020469599294233e-8,-1.9161788096881274e-8
1.919,-2.070202050004845e-8,-1.8970480060872332e-8
1.92,-2.0388189149199025e-8,-1.8780757135928284e-8
1.921,-2.0078911268335262e-8,-1.85926123887263e-8
1.922,-1.9774123435890267e-8,-1.8406038774461737e-8
1.923,-1.9473763076297482e-8,-1.822102914118369e-8
1.924,-1.917776844927496e-8,-1.8037576234034313e-8
1.925,-1.888607863923608e-8,-1.7855672699393615e-8
1.926,-1.8598633544825335e-8,-1.767531108893154e-8
1.927,-1.831537386857788e-8,-1.7496483863569017e-8
1.928,-1.8036241106701562e-8,-1.7319183397349703e-8
1.929,-1.7761177538980104e-8,-1.714340198122402e-8
1.93,-1.7490126218796174e-8,-1.6969131826747213e-8
1.931,-1.7223030963273066e-8,-1.6796365069692932e-8
1.932,-1.6959836343533715e-8,-1.6625093773584015e-8
1.933,-1.6700487675075823e-8,-1.6455309933141953e-8
1.934,-1.644493100826181e-8,-1.6287005477656616e-8
1.935,-1.6193113118922408e-8,-1.6120172274277702e-8
1.936,-1.594498149907264e-8,-1.5954802131229404e-8
1.937,-1.570048434773898e-8,-1.579088680094976e-8
1.938,-1.5459570561896543e-8,-1.56284179831561e-8
1.939,-1.5222189727514997e-8,-1.5467387327837964e-8
1.94,-1.4988292110712168e-8,-1.5307786438178923e-8
1.941,-1.4757828649014075e-8,-1.514960687340865e-8
1.942,-1.4530750942720234e-8,-1.4992840151586508e-8
1.943,-1.4307011246373135e-8,-1.4837477752318056e-8
1.944,-1.4086562460330732e-8,-1.4683511119405714e-8
1.945,-1.3869358122440788e-8,-1.453093166343484e-8
1.946,-1.3655352399816012e-8,-1.4379730764296495e-8
1.947,-1.3444500080708833e-8,-1.4229899773648105e-8
1.948,-1.323675656648475e-8,-1.4081430017313221e-8
1.949,-1.3032077863693156e-8,-1.3934312797621544e-8
1.95,-1.283042057623454e-8,-1.3788539395690416e-8
1.951,-1.2631741897623043e-8,-1.3644101073648868e-8
1.952,-1.243599960334328e-8,-1.3500989076805392e-8
1.953,-1.224315204330038e-8,-1.3359194635760495e-8
1.954,-1.205315813436223e-8,-1.3218708968465164e-8
1.955,-1.1865977352992864e-8,-1.3079523282226258e-8
1.956,-1.1681569727976008e-8,-1.2941628775659913e-8
1.957,-1.1499895833227756e-8,-1.2805016640593968e-8
1.958,-1.1320916780697377e-8,-1.2669678063920413e-8
1.959,-1.1144594213355279e-8,-1.2535604229398889e-8
1.96,-1.0970890298267132e-8,-1.240278631941215e-8
1.961,-1.0799767719753187e-8,-1.227121551667452e-8
1.962,-1.0631189672631831e-8,-1.214088300589422e-8
1.963,-1.0465119855546437e-8,-1.2011779975390538e-8
1.964,-1.0301522464374527e-8,-1.1883897618666716e-8
1.965,-1.0140362185718376e-8,-1.1757227135939473e-8
1.966,-9.981604190476065e-9,-1.1631759735626013e-8
1.967,-9.825214127492131e-9,-1.1507486635789408e-8
1.968,-9.671158117286852e-9,-1.138439906554318e-8
1.969,-9.519402745863312e-9,-1.1262488266415923e-8
1.97,-9.369915058591332e-9,-1.1141745493676775e-8
1.971,-9.222662554167399e-9,-1.1022162017622555e-8
1.972,-9.077613178649713e-9,-1.0903729124827337e-8
1.973,-8.934735319567507e-9,-1.0786438119355238e-8
1.974,-8.79399780010375e-9,-1.0670280323937186e-8
1.975,-8.65536987335044e-9,-1.0555247081112416e-8
1.976,-8.518821216635599e-9,-1.0441329754335415e-8
1.977,-8.384321925921178e-9,-1.0328519729049035e-8
1.978,-8.251842510271028e-9,-1.0216808413724511e-8
1.979,-8.121353886388148e-9,-1.0106187240869033e-8
1.98,-7.992827373220374e-9,-9.996647668001582e-9
1.981,-7.866234686633758e-9,-9.888181178597705e-9
1.982,-7.741547934152807e-9,-9.780779283003853e-9
1.983,-7.618739609766828e-9,-9.674433519321975e-9
1.984,-7.497782588801598e-9,-9.569135454264954e-9
1.985,-7.37865012285561e-9,-9.464876683983538e-9
1.986,-7.261315834800112e-9,-9.36164883486537e-9
1.987,-7.1457537138422215e-9,-9.259443564306716e-9
1.988,-7.0319381106503555e-9,-9.158252561457468e-9
1.989,-6.9198437325412554e-9,-9.05806754794002e-9
1.99,-6.8094456387278755e-9,-8.95888027854259e-9
1.991,-6.700719235627421e-9,-8.860682541887489e-9
1.992,-6.593640272228825e-9,-8.763466161074972e-9
1.993,-6.488184835518973e-9,-8.667222994303137e-9
1.994,-6.38432934596695e-9,-8.571944935464427e-9
1.995,-6.282050553065671e-9,-8.477623914719253e-9
1.996,-6.181325530930168e-9,-8.384251899047235e-9
1.997,-6.082131673951887e-9,-8.29182089277658e-9
1.998,-5.9844466925083296e-9,-8.200322938092057e-9
1.999,-5.888248608727365e-9,-8.109750115522068e-9
2.0,-5.793515752305579e-9,-8.020094544405294e-9
2.001,-5.700226756379999e-9,-7.931348383337352e-9
2.002,-5.608360553452576e-9,-7.843503830597938e-9
2.003,-5.517896371366774e-9,-7.756553124558897e-9
2.004,-5.4288137293356555e-9,-7.670488544073648e-9
2.005,-5.3410924340208394e-9,-7.585302408848401e-9
2.006,-5.25471257566173e-9,-7.500987079795594e-9
2.007,-5.169654524254397e-9,-7.417534959369936e-9
2.008,-5.085898925779527e-9,-7.334938491887492e-9
2.009,-5.0034266984788435e-9,-7.253190163828187e-9
2.01,-4.922219029179416e-9,-7.172282504122126e-9
2.011,-4.842257369665279e-9,-7.092208084420111e-9
2.012,-4.763523433095791e-9,-7.01295951934873e-9
2.013,-4.685999190470162e-9,-6.9345294667503845e-9
2.014,-4.609666867137601e-9,-6.856910627908618e-9
2.015,-4.5345089393525224e-9,-6.7800957477591e-9
2.016,-4.4605081308742605e-9,-6.704077615086607e-9
2.017,-4.3876474096107645e-9,-6.6288490627083505e-9
2.018,-4.31590998430573e-9,-6.554402967643975e-9
2.019,-4.245279301268635e-9,-6.480732251272563e-9
2.02,-4.175739041147164e-9,-6.40782987947696e-9
2.021,-4.107273115741506e-9,-6.3356888627757364e-9
2.022,-4.0398656648600006e-9,-6.2643022564431044e-9
2.023,-3.973501053215639e-9,-6.1936631606170725e-9
2.024,-3.9081638673629225e-9,-6.123764720396156e-9
2.025,-3.843838912674563e-9,-6.0546001259249176e-9
2.026,-3.780511210357564e-9,-5.9861626124686355e-9
2.027,-3.718165994508183e-9,-5.918445460477365e-9
2.028,-3.656788709205291e-9,-5.8514419956396895e-9
2.029,-3.5963650056416775e-9,-5.785145588926395e-9
2.03,-3.5368807392928113e-9,-5.719549656624377e-9
2.031,-3.4783219671226116e-9,-5.65464766036099e-9
2.032,-3.4206749448257634e-9,-5.590433107119126e-9
2.033,-3.363926124106126e-9,-5.526899549243264e-9
2.034,-3.3080621499907944e-9,-5.4640405844367166e-9
2.035,-3.253069858179367e-9,-5.401849855750332e-9
2.036,-3.19893627242798e-9,-5.3403210515628725e-9
2.037,-3.14564860196769e-9,-5.279447905553307e-9
2.038,-3.0931942389567594e-9,-5.219224196665226e-9
2.039,-3.041560755966443e-9,-5.1596437490636185e-9
2.04,-2.990735903499841e-9,-5.1007004320842135e-9
2.041,-2.9407076075434247e-9,-5.0423881601755915e-9
2.042,-2.891463967150806e-9,-4.984700892834293e-9
2.043,-2.842993252058371e-9,-4.927632634533098e-9
2.044,-2.7952839003323623e-9,-4.8711774346427e-9
2.045,-2.7483245160470264e-9,-4.815329387346954e-9
2.046,-2.7021038669934335e-9,-4.760082631551885e-9
2.047,-2.656610882418588e-9,-4.705431350788659e-9
2.048,-2.6118346507944452e-9,-4.651369773110682e-9
2.049,-2.567764417616466e-9,-4.597892170985018e-9
2.05,-2.524389583231333e-9,-4.5449928611782836e-9
2.051,-2.481699700693464e-9,-4.492666204637212e-9
2.052,-2.439684473649959e-9,-4.440906606364036e-9
2.053,-2.3983337542536236e-9,-4.3897085152868615e-9
2.054,-2.357637541103716e-9,-4.339066424125189e-9
2.055,-2.3175859772140656e-9,-4.288974869250743e-9
2.056,-2.2781693480082177e-9,-4.239428430543757e-9
2.057,-2.2393780793412668e-9,-4.190421731244874e-9
2.058,-2.2012027355480325e-9,-4.141949437802797e-9
2.059,-2.1636340175172563e-9,-4.094006259717844e-9
2.06,-2.1266627607914754e-9,-4.046586949381541e-9
2.061,-2.090279933692264e-9,-3.999686301912396e-9
2.062,-2.0544766354705034e-9,-3.9532991549879844e-9
2.063,-2.0192440944813763e-9,-3.907420388673485e-9
2.064,-1.9845736663837636e-9,-3.862044925246776e-9
2.065,-1.9504568323637365e-9,-3.817167729020249e-9
2.066,-1.916885197381834e-9,-3.772783806159431e-9
2.067,-1.8838504884438265e-9,-3.728888204498559e-9
2.068,-1.851344552894662e-9,-3.685476013353211e-9
2.069,-1.8193593567353012e-9,-3.64254236333012e-9
2.07,-1.7878869829621488e-9,-3.600082426134267e-9
2.071,-1.7569196299287923e-9,-3.5580914143733853e-9
2.072,-1.7264496097297598e-9,-3.5165645813599613e-9
2.073,-1.6964693466060197e-9,-3.475497220910857e-9
2.074,-1.6669713753719394e-9,-3.4348846671446387e-9
2.075,-1.6379483398634293e-9,-3.39472229427673e-9
2.076,-1.6093929914070008e-9,-3.355005516412471e-9
2.077,-1.5812981873094674e-9,-3.3157297873381913e-9
2.078,-1.5536568893680264e-9,-3.2768906003103876e-9
2.079,-1.5264621624004544e-9,-3.2384834878430908e-9
2.08,-1.4997071727951632e-9,-3.2005040214935246e-9
2.081,-1.4733851870808555e-9,-3.162947811646128e-9
2.082,-1.4474895705155286e-9,-3.1258105072950433e-9
2.083,-1.4220137856945781e-9,-3.089087795825136e-9
2.084,-1.3969513911777526e-9,-3.0527754027916424e-9
2.085,-1.3722960401347161e-9,-3.0168690916985137e-9
2.086,-1.348041479008979e-9,-2.981364663775543e-9
2.087,-1.3241815461999566e-9,-2.9462579577543396e-9
2.088,-1.3007101707629239e-9,-2.911544849643238e-9
2.089,-1.2776213711266306e-9,-2.8772212525012028e-9
2.09,-1.2549092538283502e-9,-2.843283116210802e-9
2.091,-1.2325680122661356e-9,-2.809726427250321e-9
2.092,-1.2105919254680569e-9,-2.776547208465083e-9
2.093,-1.188975356878201e-9,-2.743741518838036e-9
2.094,-1.167712753159215e-9,-2.7113054532596748e-9
2.095,-1.1467986430111785e-9,-2.6792351422973616e-9
2.096,-1.1262276360065877e-9,-2.647526751964098e-9
2.097,-1.1059944214412483e-9,-2.6161764834868144e-9
2.098,-1.0860937672008627e-9,-2.5851805730742343e-9
2.099,-1.0665205186431105e-9,-2.55453529168436e-9
2.1,-1.0472695974950174e-9,-2.524236944791647e-9
2.101,-1.028336000765414e-9,-2.4942818721539126e-9
2.102,-1.0097147996722854e-9,-2.464666447579028e-9
2.103,-9.914011385848185e-10,-2.435387078691454e-9
2.104,-9.733902339799513e-10,-2.4064402066986578e-9
2.105,-9.556773734132372e-10,-2.3778223061574666e-9
2.106,-9.382579145038328e-10,-2.3495298847404022e-9
2.107,-9.211272839334278e-10,-2.3215594830020384e-9
2.108,-9.04280976458928e-10,-2.29390767414543e-9
2.109,-8.877145539387167e-10,-2.266571063788654e-9
2.11,-8.7142364437231e-10,-2.2395462897315046e-9
2.111,-8.554039409532342e-10,-2.2128300217223792e-9
2.112,-8.396512011349466e-10,-2.1864189612254022e-9
2.113,-8.241612457096313e-10,-2.1603098411878174e-9
2.114,-8.089299578996973e-10,-2.1344994258076875e-9
2.115,-7.939532824618124e-10,-2.1089845103019436e-9
2.116,-7.792272248033064e-10,-2.0837619206748062e-9
2.117,-7.647478501107809e-10,-2.058828513486626e-9
2.118,-7.505112824907624e-10,-2.0341811756231673e-9
2.119,-7.365137041222404e-10,-2.00981682406537e-9
2.12,-7.227513544209333e-10,-1.985732405659622e-9
2.121,-7.092205292151241e-10,-1.9619248968885693e-9
2.122,-6.959175799329151e-10,-1.9383913036424948e-9
2.123,-6.828389128007482e-10,-1.9151286609912933e-9
2.124,-6.699809880530415e-10,-1.8921340329570707e-9
2.125,-6.573403191527934e-10,-1.8694045122873937e-9
2.126,-6.449134720230102e-10,-1.8469372202292147e-9
2.127,-6.326970642888113e-10,-1.824729306303498e-9
2.128,-6.206877645300688e-10,-1.8027779480805706e-9
2.129,-6.088822915444446e-10,-1.7810803509562215e-9
2.13,-5.972774136206816e-10,-1.7596337479285706e-9
2.131,-5.858699478220158e-10,-1.7384353993757303e-9
2.132,-5.746567592795714e-10,-1.7174825928342807e-9
2.133,-5.636347604956068e-10,-1.6967726427785771e-9
2.134,-5.528009106564797e-10,-1.6763028904009114e-9
2.135,-5.421522149552002e-10,-1.6560707033925453e-9
2.136,-5.316857239234437e-10,-1.6360734757256318e-9
2.137,-5.213985327728976e-10,-1.6163086274360462e-9
2.138,-5.112877807458155e-10,-1.5967736044071403e-9
2.139,-5.013506504746557e-10,-1.5774658781544374e-9
2.14,-4.915843673506815e-10,-1.5583829456112827e-9
2.141,-4.819861989014045e-10,-1.5395223289154654e-9
2.142,-4.725534541767491e-10,-1.5208815751968265e-9
2.143,-4.632834831438232e-10,-1.5024582563658654e-9
2.144,-4.541736760901783e-10,-1.4842499689033585e-9
2.145,-4.4522146303544455e-10,-1.4662543336510047e-9
2.146,-4.3642431315122736e-10,-1.4484689956031065e-9
2.147,-4.277797341891556e-10,-1.4308916236993012e-9
2.148,-4.192852719169693e-10,-1.413519910618352e-9
2.149,-4.1093850956253975e-10,-1.3963515725730096e-9
2.15,-4.0273706726571413e-10,-1.3793843491059553e-9
2.151,-3.946786015378788e-10,-1.3626160028868332e-9
2.152,-3.8676080472913695e-10,-1.3460443195103846e-9
2.153,-3.789814045029976e-10,-1.329667107295688e-9
2.154,-3.7133816331847326e-10,-1.3134821970865177e-9
2.155,-3.638288779194876e-10,-1.2974874420528257e-9
2.156,-3.5645137883149136e-10,-1.2816807174933565e-9
2.157,-3.4920352986519164e-10,-1.2660599206393998e-9
2.158,-3.4208322762729485e-10,-1.2506229704596897e-9
2.159,-3.3508840103817074e-10,-1.2353678074664535e-9
2.16,-3.28217010856341e-10,-1.2202923935226208e-9
2.161,-3.2146704920970174e-10,-1.2053947116501933e-9
2.162,-3.1483653913338594e-10,-1.1906727658397817e-9
2.163,-3.0832353411417746e-10,-1.1761245808613181e-9
2.164,-3.0192611764138573e-10,-1.1617482020759432e-9
2.165,-2.9564240276409367e-10,-1.1475416952490733e-9
2.166,-2.894705316546919e-10,-1.1335031463646542e-9
2.167,-2.8340867517861306e-10,-1.1196306614406019e-9
2.168,-2.7745503247018163e-10,-1.105922366345433e-9
2.169,-2.7160783051449565e-10,-1.0923764066160904e-9
2.17,-2.65865323735258e-10,-1.0789909472769637e-9
2.171,-2.602257935884751e-10,-1.0657641726601082e-9
2.172,-2.546875481619435e-10,-1.0526942862266633e-9
2.173,-2.4924892178044474e-10,-1.039779510389472e-9
2.174,-2.439082746165695e-10,-1.0270180863369043e-9
2.175,-2.38663992307095e-10,-1.0144082738578829e-9
2.176,-2.335144855748386e-10,-1.0019483511681132e-9
2.177,-2.2845818985591207e-10,-9.896366147375197e-10
2.178,-2.2349356493230362e-10,-9.774713791188858e-10
2.179,-2.1861909456971266e-10,-9.654509767776998e-10
2.18,-2.1383328616056643e-10,-9.53573757923204e-10
2.181,-2.0913467037214639e-10,-9.418380903406525e-10
2.182,-2.0452180079975413e-10,-9.302423592247667e-10
2.183,-1.999932536248474e-10,-9.187849670143988e-10
2.184,-1.9554762727807762e-10,-9.074643332283953e-10
2.185,-1.9118354210716114e-10,-8.962788943026598e-10
2.186,-1.8689964004951784e-10,-8.852271034284176e-10
2.187,-1.8269458430961076e-10,-8.743074303916749e-10
2.188,-1.7856705904092186e-10,-8.635183614138755e-10
2.189,-1.7451576903250015e-10,-8.528583989937504e-10
2.19,-1.705394394000184e-10,-8.423260617503584e-10
2.191,-1.6663681528127616e-10,-8.319198842673164e-10
2.192,-1.628066615360878e-10,-8.216384169382149e-10
2.193,-1.5904776245049414e-10,-8.114802258132191e-10
2.194,-1.5535892144523825e-10,-8.014438924468488e-10
2.195,-1.5173896078844602e-10,-7.915280137469375e-10
2.196,-1.4818672131245302e-10,-7.817312018247664e-10
2.197,-1.4470106213472007e-10,-7.720520838463686e-10
2.198,-1.412808603827809e-10,-7.624893018850031e-10
2.199,-1.3792501092316547e-10,-7.53041512774791e-10
2.2,-1.346324260942437e-10,-7.437073879655156e-10
2.201,-1.3140203544293534e-10,-7.344856133785768e-10
2.202,-1.282327854652315e-10,-7.253748892640996e-10
2.203,-1.251236393504753e-10,-7.163739300591927e-10
2.204,-1.220735767293487e-10,-7.074814642473506e-10
2.205,-1.1908159342551427e-10,-6.986962342189968e-10
2.206,-1.1614670121086034e-10,-6.900169961331642e-10
2.207,-1.132679275642996e-10,-6.81442519780307e-10
2.208,-1.1044431543407123e-10,-6.729715884462388e-10
2.209,-1.0767492300349758e-10,-6.646029987771957e-10
2.21,-1.0495882346014721e-10,-6.563355606460159e-10
2.211,-1.0229510476835636e-10,-6.481680970194323e-10
2.212,-9.968286944506191e-11,-6.400994438264749e-10
2.213,-9.712123433889944e-11,-6.321284498279754e-10
2.214,-9.460933041252045e-11,-6.242539764871702e-10
2.215,-9.214630252808381e-11,-6.164748978413971e-10
2.216,-8.973130923587645e-11,-6.087901003748797e-10
2.217,-8.736352256601987e-11,-6.011984828925944e-10
2.218,-8.504212782321854e-11,-5.936989563952151e-10
2.219,-8.276632338450787e-11,-5.862904439551303e-10
2.22,-8.053532049995916e-11,-5.789718805935257e-10
2.221,-7.834834309630015e-11,-5.717422131585289e-10
2.222,-7.620462758341003e-11,-5.646004002044095e-10
2.223,-7.410342266364829e-11,-5.575454118718286e-10
2.224,-7.204398914397756e-11,-5.505762297691331e-10
2.225,-7.002559975084097e-11,-5.436918468546887e-10
2.226,-6.804753894775514e-11,-5.368912673202454e-10
2.227,-6.610910275558047e-11,-5.301735064753299e-10
2.228,-6.420959857543076e-11,-5.235375906326599e-10
2.229,-6.234834501418503e-11,-5.169825569945734e-10
2.23,-6.052467171256465e-11,-5.105074535404671e-10
2.231,-5.873791917573925e-11,-5.041113389152393e-10
2.232,-5.698743860642604e-11,-4.977932823187295e-10
2.233,-5.5272591740446676e-11,-4.915523633961501e-10
2.234,-5.359275068470732e-11,-4.853876721295033e-10
2.235,-5.19472977575671e-11,-4.792983087299783e-10
2.236,-5.0335625331561376e-11,-4.732833835313213e-10
2.237,-4.8757135678446154e-11,-4.673420168841725e-10
2.238,-4.721124081653081e-11,-4.614733390513658e-10
2.239,-4.5697362360266486e-11,-4.5567649010418247e-10
2.24,-4.4214931372058154e-11,-4.499506198195542e-10
2.241,-4.276338821626861e-11,-4.4429488757820913e-10
2.242,-4.1342182415383274e-11,-4.3870846226375433e-10
2.243,-3.995077250830495e-11,-4.331905221626891e-10
2.244,-3.8588625910748176e-11,-4.277402548653425e-10
2.245,-3.725521877770328e-11,-4.2235685716772893e-10
2.246,-3.595003586794049e-11,-4.1703953497431546e-10
2.247,-3.4672570410525155e-11,-4.117875032016954e-10
2.248,-3.3422323973315105e-11,-4.065999856831611e-10
2.249,-3.219880633341202e-11,-4.014762150741694e-10
2.25,-3.100153534953876e-11,-3.964154327586955e-10
2.251,-2.983003683631515e-11,-3.914168887564664e-10
2.252,-2.8683844440404956e-11,-3.864798416310694e-10
2.253,-2.756249951850735e-11,-3.816035583989294e-10
2.254,-2.6465551017166393e-11,-3.767873144391476e-10
2.255,-2.5392555354372405e-11,-3.7203039340419655e-10
2.256,-2.434307630292961e-11,-3.6733208713146535e-10
2.257,-2.3316684875564644e-11,-3.626916955556475e-10
2.258,-2.231295921175092e-11,-3.5810852662196693e-10
2.259,-2.133148446622422e-11,-3.5358189620023467e-10
2.26,-2.037185269916518e-11,-3.4911112799973083e-10
2.261,-1.9433662768024706e-11,-3.4469555348490513e-10
2.262,-1.851652022096863e-11,-3.403345117918904e-10
2.263,-1.7620037191918357e-11,-3.360273496458221e-10
2.264,-1.674383229716443e-11,-3.3177342127895907e-10
2.265,-1.5887530533530418e-11,-3.2757208834959745e-10
2.266,-1.5050763178064686e-11,-3.2342271986177375e-10
2.267,-1.4233167689238054e-11,-3.1932469208574935e-10
2.268,-1.343438760962558e-11,-3.1527738847927133e-10
2.269,-1.2654072470051023e-11,-3.112801996096031e-10
2.27,-1.1891877695172854e-11,-3.0733252307631905e-10
2.271,-1.1147464510490952e-11,-3.0343376343485675e-10
2.272,-1.0420499850753452e-11,-2.995833321208215e-10
2.273,-9.710656269743441e-12,-2.9578064737503656e-10
2.274,-9.017611851425547e-12,-2.9202513416933315e-10
2.275,-8.341050122432688e-12,-2.883162241330746e-10
2.276,-7.680659965873561e-12,-2.846533554804086e-10
2.277,-7.036135536441697e-12,-2.810359729382416e-10
2.278,-6.407176176807211e-12,-2.774635276749294e-10
2.279,-5.7934863352725804e-12,-2.7393547722967815e-10
2.28,-5.194775484674124e-12,-2.704512854426501e-10
2.281,-4.610758042511031e-12,-2.670104223857681e-10
2.282,-4.041153292284121e-12,-2.636123642942128e-10
2.283,-3.4856853060266877e-12,-2.6025659349860796e-10
2.284,-2.9440828680100966e-12,-2.5694259835788595e-10
2.285,-2.416079399607008e-12,-2.5366987319283016e-10
2.286,-1.9014128852953457e-12,-2.5043791822028716e-10
2.287,-1.399825799786376e-12,-2.4724623948804324e-10
2.288,-9.110650362604951e-13,-2.4409434881035967e-10
2.289,-4.3488183569454055e-13,-2.4098176370416174e-10
2.29,2.896828273531082e-14,-2.3790800732587473e-10
2.291,4.807255901907855e-13,-2.3487260840890246e-10
2.292,9.20626215664398e-13,-2.3187510120174244e-10
2.293,1.3489022124432583e-12,-2.289150254067317e-10
2.294,1.76578162355887e-12,-2.2599192611941875e-10
2.295,2.1714885462377734e-12,-2.2310535376855537e-10
2.296,2.5662431953676787e-12,-2.2025486405670347e-10
2.297,2.9502619659935257e-12,-2.174400179014511e-10
2.298,3.3237574948577054e-12,-2.146603813772327e-10
2.299,3.686938720998477e-12,-2.1191552565774812e-10
2.3,4.040010945420408e-12,-2.0920502695897492e-10
2.301,4.383175889850487e-12,-2.0652846648276912e-10
2.302,4.716631754593342e-12,-2.0388543036104877e-10
2.303,5.0405732754988255e-12,-2.0127550960055545e-10
2.304,5.355191780055034e-12,-1.9869830002818812e-10
2.305,5.660675242619636e-12,-1.9615340223690484e-10
2.306,5.95720833880222e-12,-1.9364042153218657e-10
2.307,6.244972499010158e-12,-1.9115896787905848e-10
2.308,6.524145961170357e-12,-1.887086558496634e-10
2.309,6.794903822639031e-12,-1.862891045713827e-10
2.31,7.0574180913115034e-12,-1.8389993767549917e-10
2.311,7.311857735943862e-12,-1.8154078324639769e-10
2.312,7.558388735698107e-12,-1.7921127377129792e-10
2.313,7.797174128922293e-12,-1.769110460905148e-10
2.314,8.028374061176976e-12,-1.746397413482415e-10
2.315,8.252145832519137e-12,-1.723970049438506e-10
2.316,8.46864394405458e-12,-1.7018248648370816e-10
2.317,8.678020143769639e-12,-1.6799583973349594e-10
2.318,8.880423471652921e-12,-1.6583672257103773e-10
2.319,9.076000304117564e-12,-1.637047969396241e-10
2.32,9.264894397734459e-12,-1.615997288018318e-10
2.321,9.44724693228663e-12,-1.595211880938326e-10
2.322,9.62319655315488e-12,-1.5746884868018726e-10
2.323,9.792879413044655e-12,-1.5544238830912e-10
2.324,9.956429213063932e-12,-1.5344148856826876e-10
2.325,1.0113977243161769e-11,-1.514658348409073e-10
2.326,1.0265652421937082e-11,-1.495151162626339e-10
2.327,1.0411581335827014e-11,-1.475890256785229e-10
2.328,1.055188827768415e-11,-1.4568725960073422e-10
2.329,1.0686695284751712e-11,-1.438095181665769e-10
2.33,1.0816122176045706e-11,-1.4195550509702178e-10
2.331,1.094028658915291e-11,-1.4012492765565968e-10
2.332,1.1059304016453405e-11,-1.3831749660810027e-10
2.333,1.117328784077627e-11,-1.3653292618180757e-10
2.334,1.1282349370496942e-11,-1.3477093402636804e-10
2.335,1.1386597874084565e-11,-1.3303124117418668e-10
2.336,1.1486140614107605e-11,-1.3131357200160755e-10
2.337,1.1581082880705838e-11,-1.29617654190454e-10
2.338,1.1671528024536704e-11,-1.2794321868998507e-10
2.339,1.1757577489203945e-11,-1.2628999967926344e-10
2.34,1.1839330843176278e-11,-1.2465773452993164e-10
2.341,1.1916885811203769e-11,-1.230461637693917e-10
2.342,1.199033830523947e-11,-1.2145503104438503e-10
2.343,1.2059782454873766e-11,-1.1988408308496806e-10
2.344,1.2125310637288742e-11,-1.1833306966888014e-10
2.345,1.218701350673982e-11,-1.168017435862994e-10
2.346,1.2244980023571795e-11,-1.1528986060498335e-10
2.347,1.2299297482776263e-11,-1.1379717943578976e-10
2.348,1.2350051542097396e-11,-1.123234616985745e-10
2.349,1.2397326249692853e-11,-1.108684718884624e-10
2.35,1.2441204071356551e-11,-1.094319773424875e-10
2.351,1.2481765917309948e-11,-1.0801374820659901e-10
2.352,1.2519091168568316e-11,-1.0661355740302924e-10
2.353,1.2553257702888467e-11,-1.0523118059801995e-10
2.354,1.2584341920304269e-11,-1.0386639616990356e-10
2.355,1.261241876825617e-11,-1.0251898517753562e-10
2.356,1.2637561766320925e-11,-1.0118873132907501e-10
2.357,1.2659843030547547e-11,-9.987542095110833e-11
2.358,1.2679333297405488e-11,-9.857884295811511e-11
2.359,1.2696101947350934e-11,-9.729878882227029e-11
2.36,1.2710217028016993e-11,-9.603505254358065e-11
2.361,1.272174527703353e-11,-9.478743062035177e-11
2.362,1.2730752144482258e-11,-9.355572201998207e-11
2.363,1.273730181499264e-11,-9.233972815008082e-11
2.364,1.274145722948408e-11,-9.113925282990656e-11
2.365,1.2743280106559794e-11,-8.995410226212294e-11
2.366,1.2742830963557655e-11,-8.878408500486846e-11
2.367,1.2740169137263283e-11,-8.762901194413712e-11
2.368,1.2735352804290481e-11,-8.648869626646666e-11
2.369,1.272843900113416e-11,-8.53629534319313e-11
2.37,1.2719483643900711e-11,-8.425160114743585e-11
2.371,1.2708541547720787e-11,-8.315445934030801e-11
2.372,1.2695666445849342e-11,-8.207135013218592e-11
2.373,1.2680911008457713e-11,-8.100209781319778e-11
2.374,1.2664326861122482e-11,-7.994652881643057e-11
2.375,1.2645964603015752e-11,-7.890447169268496e-11
2.376,1.2625873824801413e-11,-7.787575708551332e-11
2.377,1.2604103126241936e-11,-7.686021770653789e-11
2.378,1.2580700133520104e-11,-7.585768831104635e-11
2.379,1.2555711516280117e-11,-7.486800567386167e-11
2.38,1.252918300439232e-11,-7.389100856548366e-11
2.381,1.250115940444586e-11,-7.292653772849913e-11
2.382,1.2471684615973442e-11,-7.197443585425792e-11
2.383,1.2440801647412311e-11,-7.103454755981218e-11
2.384,1.240855263180553e-11,-7.010671936511586e-11
2.385,1.2374978842247562e-11,-6.919079967048197e-11
2.386,1.2340120707078107e-11,-6.828663873429466e-11
2.387,1.2304017824828073e-11,-6.739408865097356e-11
2.388,1.2266708978921522e-11,-6.651300332918774e-11
2.389,1.2228232152137359e-11,-6.564323847031656e-11
2.39,1.2188624540834494e-11,-6.478465154715489e-11
2.391,1.214792256894413e-11,-6.393710178286007e-11
2.392,1.2106161901732784e-11,-6.310045013013811e-11
2.393,1.2063377459339607e-11,-6.227455925066644e-11
2.394,1.2019603430091506e-11,-6.145929349475091e-11
2.395,1.1974873283599497e-11,-6.065451888121438e-11
2.396,1.192921978363973e-11,-5.986010307751452e-11
2.397,1.1882675000822481e-11,-5.907591538008835e-11
2.398,1.183527032505246e-11,-5.830182669492114e-11
2.399,1.1787036477783655e-11,-5.753770951833716e-11
2.4,1.1738003524071911e-11,-5.6783437918010075e-11
2.401,1.1688200884428432e-11,-5.603888751419048e-11
2.402,1.1637657346477262e-11,-5.5303935461148366e-11
2.403,1.158640107641984e-11,-5.4578460428828114e-11
2.404,1.1534459630309646e-11,-5.386234258471378e-11
2.405,1.1481859965139865e-11,-5.3155463575902444e-11
2.406,1.142862844974706e-11,-5.245770651138331e-11
2.407,1.1374790875533661e-11,-5.1768955944520374e-11
2.408,1.132037246701218e-11,-5.1089097855736474e-11
2.409,1.126539789217388e-11,-5.0418019635396525e-11
2.41,1.1209891272684706e-11,-4.97556100668878e-11
2.411,1.1153876193911156e-11,-4.910175930989512e-11
2.412,1.1097375714778772e-11,-4.8456358883868803e-11
2.413,1.1040412377465898e-11,-4.781930165168338e-11
2.414,1.0983008216935263e-11,-4.719048180348489e-11
2.415,1.0925184770305976e-11,-4.656979484072472e-11
2.416,1.0866963086068424e-11,-4.5957137560378104e-11
2.417,1.0808363733144563e-11,-4.535240803934506e-11
2.418,1.0749406809796035e-11,-4.4755505619031874e-11
2.419,1.0690111952382502e-11,-4.4166330890111236e-11
2.42,1.0630498343972592e-11,-4.358478567745891e-11
2.421,1.0570584722809756e-11,-4.301077302526512e-11
2.422,1.0510389390635354e-11,-4.244419718231876e-11
2.423,1.0449930220871213e-11,-4.1884963587462395e-11
2.424,1.0389224666663897e-11,-4.1332978855216356e-11
2.425,1.0328289768792871e-11,-4.078815076156991e-11
2.426,1.026714216344473e-11,-4.025038822993779e-11
2.427,1.0205798089855604e-11,-3.971960131728018e-11
2.428,1.0144273397823848e-11,-3.919570120038447e-11
2.429,1.0082583555095072e-11,-3.867860016230675e-11
2.43,1.0020743654621545e-11,-3.8168211578971645e-11
2.431,9.958768421697974e-12,-3.76644499059284e-11
2.432,9.896672220975616e-12,-3.71672306652617e-11
2.433,9.834469063356693e-12,-3.667647043265539e-11
2.434,9.77217261277099e-12,-3.6192086824607547e-11
2.435,9.709796192836519e-12,-3.571399848579497e-11
2.436,9.647352793406138e-12,-3.5242125076585775e-11
2.437,9.584855077001908e-12,-3.477638726069812e-11
2.438,9.52231538513899e-12,-3.4316706693003674e-11
2.439,9.459745744540896e-12,-3.386300600747403e-11
2.44,9.397157873247766e-12,-3.34152088052687e-11
2.441,9.334563186619446e-12,-3.297323964296281e-11
2.442,9.271972803235034e-12,-3.253702402091325e-11
2.443,9.209397550690548e-12,-3.21064883717615e-11
2.444,9.146847971296376e-12,-3.168156004907171e-11
2.445,9.084334327676099e-12,-3.126216731610251e-11
2.446,9.021866608268302e-12,-3.0848239334711035e-11
2.447,8.959454532732911e-12,-3.043970615438768e-11
2.448,8.897107557263609e-12,-3.0036498701420164e-11
2.449,8.834834879807847e-12,-2.963854876818534e-11
2.45,8.772645445195953e-12,-2.92457890025675e-11
2.451,8.710547950180777e-12,-2.8858152897501534e-11
2.452,8.64855084838937e-12,-2.8475574780639734e-11
2.453,8.58666235518807e-12,-2.8097989804140696e-11
2.454,8.524890452462435e-12,-2.7725333934579056e-11
2.455,8.463242893313397e-12,-2.7357543942974638e-11
2.456,8.401727206670987e-12,-2.6994557394939657e-11
2.457,8.340350701826976e-12,-2.6636312640942712e-11
2.458,8.279120472887765e-12,-2.6282748806688142e-11
2.459,8.218043403148797e-12,-2.593380578360954e-11
2.46,8.157126169391792e-12,-2.5589424219476083e-11
2.461,8.096375246106052e-12,-2.5249545509110376e-11
2.462,8.03579690963508e-12,-2.491411178521662e-11
2.463,7.975397242249733e-12,-2.4583065909317763e-11
2.464,7.915182136149102e-12,-2.4256351462800463e-11
2.465,7.855157297390325e-12,-2.3933912738066598e-11
2.466,7.795328249748459e-12,-2.3615694729790132e-11
2.467,7.735700338507605e-12,-2.3301643126278124e-11
2.468,7.676278734184365e-12,-2.2991704300934706e-11
2.469,7.617068436184788e-12,-2.268582530382683e-11
2.47,7.558074276395859e-12,-2.238395385335065e-11
2.471,7.499300922712637e-12,-2.2086038327997397e-11
2.472,7.440752882502089e-12,-2.1792027758217544e-11
2.473,7.382434506004657e-12,-2.1501871818382233e-11
2.474,7.324349989674614e-12,-2.121552081884077e-11
2.475,7.266503379460164e-12,-2.093292569807314e-11
2.476,7.208898574024358e-12,-2.0654038014936403e-11
2.477,7.151539327907734e-12,-2.0378809941003963e-11
2.478,7.09442925463369e-12,-2.010719425299655e-11
2.479,7.03757182975752e-12,-1.9839144325303965e-11
2.48,6.9809703938600606e-12,-1.957461412259646e-11
2.481,6.924628155486851e-12,-1.9313558192524764e-11
2.482,6.86854819403373e-12,-1.905593165850773e-11
2.483,6.812733462579745e-12,-1.880169021260658e-11
2.484,6.757186790668266e-12,-1.855079010848478e-11
2.485,6.701910887037159e-12,-1.8303188154452485e-11
2.486,6.64690834229886e-12,-1.8058841706594688e-11
2.487,6.5921816315712165e-12,-1.7817708661982015e-11
2.488,6.5377331170598756e-12,-1.757974745196323e-11
2.489,6.483565050593076e-12,-1.7344917035538535e-11
2.49,6.429679576109602e-12,-1.7113176892812723e-11
2.491,6.376078732100714e-12,-1.6884487018527204e-11
2.492,6.322764454006808e-12,-1.6658807915670065e-11
2.493,6.269738576569576e-12,-1.643610058916323e-11
2.494,6.21700283614041e-12,-1.6216326539625795e-11
2.495,6.164558872945796e-12,-1.5999447757212697e-11
2.496,6.1124082333104045e-12,-1.5785426715527816e-11
2.497,6.060552371838614e-12,-1.557422636561067e-11
2.498,6.008992653555147e-12,-1.53658101299958e-11
2.499,5.957730356005532e-12,-1.5160141896844054e-11
2.5,5.906766671317052e-12,-1.4957186014144876e-11
2.501,5.856102708220859e-12,-1.4756907283988847e-11
2.502,5.805739494035916e-12,-1.4559270956909563e-11
2.503,5.755677976615406e-12,-1.4364242726294116e-11
2.504,5.705919026256248e-12,-1.4171788722861369e-11
2.505,5.656463437572356e-12,-1.3981875509207168e-11
2.506,5.607311931332254e-12,-1.3794470074415802e-11
2.507,5.5584651562616376e-12,-1.3609539828736858e-11
2.508,5.509923690811521e-12,-1.3427052598326758e-11
2.509,5.461688044892513e-12,-1.3246976620054179e-11
2.51,5.413758661575831e-12,-1.3069280536368638e-11
2.511,5.366135918761614e-12,-1.2893933390231494e-11
2.512,5.318820130815091e-12,-1.2720904620108612e-11
2.513,5.271811550171163e-12,-1.2550164055024002e-11
2.514,5.22511036890794e-12,-1.2381681909673692e-11
2.515,5.178716720289767e-12,-1.2215428779599117e-11
2.516,5.1326306802802615e-12,-1.2051375636419367e-11
2.517,5.086852269025884e-12,-1.1889493823121545e-11
2.518,5.041381452310553e-12,-1.1729755049408597e-11
2.519,4.9962181429817926e-12,-1.1572131387103913e-11
2.52,4.951362202348927e-12,-1.141659526561203e-11
2.521,4.906813441553778e-12,-1.1263119467434784e-11
2.522,4.862571622914372e-12,-1.111167712374226e-11
2.523,4.818636461242106e-12,-1.0962241709997866e-11
2.524,4.7750076251328365e-12,-1.0814787041636933e-11
2.525,4.731684738232359e-12,-1.0669287269798165e-11
2.526,4.688667380476707e-12,-1.0525716877107349e-11
2.527,4.645955089307718e-12,-1.0384050673512683e-11
2.528,4.6035473608643055e-12,-1.0244263792171122e-11
2.529,4.5614436511498486e-12,-1.0106331685385142e-11
2.53,4.519643377176133e-12,-9.970230120589294e-12
2.531,4.47814591808424e-12,-9.83593517638601e-12
2.532,4.4369506162427975e-12,-9.703423238630023e-12
2.533,4.396056778323995e-12,-9.57267099656086e-12
2.534,4.355463676357746e-12,-9.443655438982816e-12
2.535,4.315170548764379e-12,-9.316353850491856e-12
2.536,4.27517660136626e-12,-9.190743807748883e-12
2.537,4.2354810083786895e-12,-9.066803175798822e-12
2.538,4.196082913380462e-12,-8.94451010443496e-12
2.539,4.1569814302644415e-12,-8.82384302460804e-12
2.54,4.118175644168505e-12,-8.704780644879527e-12
2.541,4.0796646123872105e-12,-8.587301947918551e-12
2.542,4.04144736526453e-12,-8.471386187042005e-12
2.543,4.003522907067979e-12,-8.357012882797267e-12
2.544,3.965890216844489e-12,-8.244161819587043e-12
2.545,3.928548249258332e-12,-8.132813042335847e-12
2.546,3.8914959354114346e-12,-8.02294685319758e-12
2.547,3.854732183646391e-12,-7.914543808303758e-12
2.548,3.818255880332479e-12,-7.807584714551876e-12
2.549,3.782065890635e-12,-7.702050626433433e-12
2.55,3.746161059268233e-12,-7.597922842901157e-12
2.551,3.7105402112322954e-12,-7.495182904274926e-12
2.552,3.675202152534215e-12,-7.393812589185976e-12
2.553,3.640145670893486e-12,-7.293793911558872e-12
2.554,3.605369536432399e-12,-7.195109117630838e-12
2.555,3.5708725023514155e-12,-7.097740683007975e-12
2.556,3.5366533055898618e-12,-7.0016713097579326e-12
2.557,3.502710667472212e-12,-6.906883923538587e-12
2.558,3.4690432943402176e-12,-6.813361670762299e-12
2.559,3.435649878171151e-12,-6.721087915795324e-12
2.56,3.4025290971824043e-12,-6.630046238191943e-12
2.561,3.3696796164227094e-12,-6.5402204299629145e-12
2.562,3.3371000883502112e-12,-6.4515944928778075e-12
2.563,3.3047891533976444e-12,-6.364152635800832e-12
2.564,3.272745440524849e-12,-6.277879272059745e-12
2.565,3.2409675677588564e-12,-6.1927590168474426e-12
2.566,3.209454142721782e-12,-6.1087766846558476e-12
2.567,3.178203763146742e-12,-6.02591728674168e-12
2.568,3.1472150173820207e-12,-5.94416602862376e-12
2.569,3.116486484883714e-12,-5.863508307611428e-12
2.57,3.086016736697047e-12,-5.7839297103637316e-12
2.571,3.0558043359265935e-12,-5.705416010478987e-12
2.572,3.025847838195596e-12,-5.627953166114367e-12
2.573,2.996145792094593e-12,-5.551527317635128e-12
2.574,2.9666967396195538e-12,-5.476124785293144e-12
2.575,2.9374992165997174e-12,-5.40173206693437e-12
2.576,2.9085517531153326e-12,-5.328335835734893e-12
2.577,2.8798528739054827e-12,-5.255922937965227e-12
2.578,2.851401098766194e-12,-5.1844803907825034e-12
2.579,2.8231949429389967e-12,-5.1139953800502195e-12
2.58,2.7952329174901367e-12,-5.04445525818521e-12
2.581,2.7675135296805993e-12,-4.975847542031516e-12
2.582,2.740035283327134e-12,-4.908159910760814e-12
2.583,2.7127966791544444e-12,-4.841380203799091e-12
2.584,2.6857962151387097e-12,-4.775496418779245e-12
2.585,2.6590323868426168e-12,-4.710496709519287e-12
2.586,2.6325036877420497e-12,-4.646369384025847e-12
2.587,2.6062086095446093e-12,-4.583102902522658e-12
2.588,2.5801456425001153e-12,-4.5206858755037355e-12
2.589,2.554313275703247e-12,-4.459107061810924e-12
2.59,2.5287099973884737e-12,-4.398355366735544e-12
2.591,2.5033342952174275e-12,-4.3384198401438146e-12
2.592,2.478184656558864e-12,-4.279289674625785e-12
2.593,2.4532595687613523e-12,-4.220954203667481e-12
2.594,2.4285575194188433e-12,-4.163402899845969e-12
2.595,2.404076996629249e-12,-4.106625373047085e-12
2.596,2.379816489246176e-12,-4.050611368705521e-12
2.597,2.3557744871239413e-12,-3.995350766067018e-12
2.598,2.33194948135601e-12,-3.940833576472381e-12
2.599,2.308339964506979e-12,-3.8870499416630636e-12
2.6,2.284944430838242e-12,-3.833990132108038e-12
2.601,2.2617613765274494e-12,-3.781644545351707e-12
2.602,2.238789299881901e-12,-3.7300037043825864e-12
2.603,2.216026701545982e-12,-3.679058256022524e-12
2.604,2.1934720847027667e-12,-3.628798969336168e-12
2.605,2.171123955269905e-12,-3.5792167340604795e-12
2.606,2.1489808220899076e-12,-3.5303025590540018e-12
2.607,2.1270411971149423e-12,-3.482047570765676e-12
2.608,2.1053035955862543e-12,-3.434443011722942e-12
2.609,2.0837665362083164e-12,-3.387480239038898e-12
2.61,2.0624285413178195e-12,-3.3411507229382824e-12
2.611,2.041288137047605e-12,-3.29544604530204e-12
2.612,2.020343853485647e-12,-3.2503578982302563e-12
2.613,1.9995942248291827e-12,-3.2058780826232208e-12
2.614,1.979037789534091e-12,-3.161998506780405e-12
2.615,1.9586730904596186e-12,-3.118711185017129e-12
2.616,1.938498675008549e-12,-3.076008236298702e-12
2.617,1.918513095262909e-12,-3.0338818828918187e-12
2.618,1.898714908115305e-12,-2.9923244490330005e-12
2.619,1.8791026753959823e-12,-2.9513283596138707e-12
2.62,1.8596749639956956e-12,-2.910886138883055e-12
2.621,1.8404303459844754e-12,-2.870990409164502e-12
2.622,1.821367398726385e-12,-2.8316338895920237e-12
2.623,1.8024847049903442e-12,-2.792809394859851e-12
2.624,1.7837808530571075e-12,-2.7545098339890077e-12
2.625,1.7652544368224776e-12,-2.716728209109311e-12
2.626,1.7469040558968364e-12,-2.679457614256801e-12
2.627,1.7287283157010675e-12,-2.6426912341864056e-12
2.628,1.7107258275589536e-12,-2.6064223431996616e-12
2.629,1.69289520878612e-12,-2.570644303987298e-12
2.63,1.6752350827756022e-12,-2.535350566486494e-12
2.631,1.6577440790801087e-12,-2.5005346667526445e-12
2.632,1.6404208334910519e-12,-2.4661902258454337e-12
2.633,1.6232639881144187e-12,-2.432310948729056e-12
2.634,1.6062721914435466e-12,-2.398890623186398e-12
2.635,1.5894440984288792e-12,-2.3659231187470145e-12
2.636,1.5727783705447614e-12,-2.3334023856287227e-12
2.637,1.5562736758533457e-12,-2.301322453692648e-12
2.638,1.5399286890656699e-12,-2.269677431411556e-12
2.639,1.5237420915999705e-12,-2.238461504851299e-12
2.64,1.5077125716372969e-12,-2.2076689366652207e-12
2.641,1.4918388241744812e-12,-2.177294065101357e-12
2.642,1.4761195510745295e-12,-2.147331303022266e-12
2.643,1.4605534611144895e-12,-2.117775136937345e-12
2.644,1.4451392700308533e-12,-2.0886201260474588e-12
2.645,1.4298757005625516e-12,-2.059860901301748e-12
2.646,1.4147614824915963e-12,-2.031492164466446e-12
2.647,1.3997953526814222e-12,-2.0035086872055692e-12
2.648,1.3849760551129859e-12,-1.9759053101733234e-12
2.649,1.3703023409186695e-12,-1.948676942118085e-12
2.65,1.3557729684140456e-12,-1.92181855899781e-12
2.651,1.3413867031275486e-12,-1.8953252031067303e-12
2.652,1.3271423178281069e-12,-1.8691919822131954e-12
2.653,1.3130385925507806e-12,-1.8434140687085176e-12
2.654,1.2990743146204546e-12,-1.8179866987666902e-12
2.655,1.285248278673633e-12,-1.7929051715148333e-12
2.656,1.2715592866783805e-12,-1.7681648482142425e-12
2.657,1.2580061479524572e-12,-1.7437611514518996e-12
2.658,1.2445876791796872e-12,-1.7196895643423213e-12
2.659,1.23130270442461e-12,-1.6959456297396116e-12
2.66,1.2181500551454516e-12,-1.672524949459593e-12
2.661,1.20512857020546e-12,-1.6494231835118879e-12
2.662,1.1922370958826454e-12,-1.6266360493418287e-12
2.663,1.1794744858779648e-12,-1.6041593210820698e-12
2.664,1.1668396013219898e-12,-1.5819888288137834e-12
2.665,1.1543313107800976e-12,-1.5601204578373148e-12
2.666,1.1419484902562209e-12,-1.5385501479521836e-12
2.667,1.1296900231951961e-12,-1.5172738927463085e-12
2.668,1.1175548004837437e-12,-1.496287738894344e-12
2.669,1.1055417204501184e-12,-1.475587785465011e-12
2.67,1.0936496888624617e-12,-1.455170183237312e-12
2.671,1.0818776189258943e-12,-1.4350311340255157e-12
2.672,1.0702244312783792e-12,-1.4151668900128036e-12
2.673,1.058689053985388e-12,-1.395573753093468e-12
2.674,1.0472704225334059e-12,-1.3762480742235539e-12
2.675,1.0359674798223035e-12,-1.3571862527798409e-12
2.676,1.0247791761566078e-12,-1.3383847359270554e-12
2.677,1.0137044692357036e-12,-1.3198400179932157e-12
2.678,1.002742324142993e-12,-1.3015486398530011e-12
2.679,9.918917133340433e-13,-1.283507188319049e-12
2.68,9.811516166237537e-13,-1.2657122955410782e-12
2.681,9.70521021172563e-13,-1.2481606384127388e-12
2.682,9.599989214717341e-13,-1.2308489379860921e-12
2.683,9.495843193277347e-13,-1.213773958893626e-12
2.684,9.392762238457434e-13,-1.1969325087777081e-12
2.685,9.290736514123092e-13,-1.1803214377273824e-12
2.686,9.189756256771856e-13,-1.163937637722421e-12
2.687,9.089811775343657e-13,-1.1477780420845351e-12
2.688,8.990893451023451e-13,-1.1318396249356551e-12
2.689,8.892991737036312e-13,-1.1161194006631942e-12
2.69,8.796097158435267e-13,-1.1006144233922012e-12
2.691,8.700200311882078e-13,-1.0853217864643225e-12
2.692,8.605291865421197e-13,-1.0702386219234803e-12
2.693,8.511362558247117e-13,-1.0553621000081877e-12
2.694,8.418403200465331e-13,-1.040689428650412e-12
2.695,8.326404672847104e-13,-1.0262178529809081e-12
2.696,8.235357926578267e-13,-1.0119446548409355e-12
2.697,8.145253983002236e-13,-9.978671523002803e-13
2.698,8.056083933357448e-13,-9.839826991815035e-13
2.699,7.9678389385094e-13,-9.702886845903342e-13
2.7,7.8805102286775e-13,-9.567825324521309e-13
2.701,7.794089103156889e-13,-9.43461701054334e-13
2.702,7.708566930035432e-13,-9.303236825948346e-13
2.703,7.623935145906044e-13,-9.17366002736182e-13
2.704,7.540185255574531e-13,-9.045862201655573e-13
2.705,7.45730883176311e-13,-8.919819261604409e-13
2.706,7.375297514809773e-13,-8.795507441599001e-13
2.707,7.29414301236366e-13,-8.672903293414246e-13
2.708,7.213837099076597e-13,-8.551983682032431e-13
2.709,7.134371616290952e-13,-8.432725781520461e-13
2.71,7.05573847172396e-13,-8.31510707096051e-13
2.711,6.977929639148673e-13,-8.199105330433392e-13
2.712,6.900937158071667e-13,-8.084698637053968e-13
2.713,6.824753133407654e-13,-7.971865361057973e-13
2.714,6.749369735151141e-13,-7.860584161939548e-13
2.715,6.674779198045257e-13,-7.750833984638887e-13
2.716,6.600973821247904e-13,-7.64259405577932e-13
2.717,6.527945967995334e-13,-7.53584387995323e-13
2.718,6.455688065263293e-13,-7.430563236056161e-13
2.719,6.38419260342586e-13,-7.32673217366852e-13
2.72,6.313452135912089e-13,-7.224331009484256e-13
2.721,6.243459278860577e-13,-7.123340323785914e-13
2.722,6.174206710772071e-13,-7.023740956965487e-13
2.723,6.105687172160239e-13,-6.925514006090471e-13
2.724,6.037893465200689e-13,-6.828640821514534e-13
2.725,5.970818453378369e-13,-6.733103003532268e-13
2.726,5.904455061133439e-13,-6.638882399077413e-13
2.727,5.838796273505718e-13,-6.545961098464034e-13
2.728,5.773835135777808e-13,-6.454321432170085e-13
2.729,5.709564753116997e-13,-6.363945967662823e-13
2.73,5.645978290216017e-13,-6.274817506265537e-13
2.731,5.583068970932783e-13,-6.186919080065065e-13
2.732,5.520830077929171e-13,-6.100233948859565e-13
2.733,5.459254952308936e-13,-6.014745597146057e-13
2.734,5.398336993254862e-13,-5.930437731147183e-13
2.735,5.33806965766522e-13,-5.84729427587672e-13
2.736,5.27844645978962e-13,-5.765299372243327e-13
2.737,5.219460970864329e-13,-5.684437374192052e-13
2.738,5.161106818747146e-13,-5.604692845883104e-13
2.739,5.1033776875519e-13,-5.526050558907417e-13
2.74,5.046267317282648e-13,-5.448495489538531e-13
2.741,4.989769503467642e-13,-5.372012816020336e-13
2.742,4.933878096793144e-13,-5.296587915890202e-13
2.743,4.878587002737152e-13,-5.222206363337053e-13
2.744,4.823890181203089e-13,-5.148853926593932e-13
2.745,4.769781646153557e-13,-5.076516565364618e-13
2.746,4.716255465244179e-13,-5.005180428283851e-13
2.747,4.663305759457613e-13,-4.934831850410746e-13
2.748,4.610926702737795e-13,-4.865457350754951e-13
2.749,4.559112521624466e-13,-4.797043629835145e-13
2.75,4.507857494888037e-13,-4.729577567269456e-13
2.751,4.457155953164863e-13,-4.663046219397384e-13
2.752,4.4070022785929485e-13,-4.597436816932824e-13
2.753,4.3573909044481735e-13,-4.532736762647802e-13
2.754,4.308316314781065e-13,-4.468933629086507e-13
2.755,4.2597730440541715e-13,-4.4060151563092484e-13
2.756,4.2117556767800906e-13,-4.343969249665947e-13
2.757,4.164258847160192e-13,-4.2827839775987727e-13
2.758,4.1172772387240843e-13,-4.2224475694735677e-13
2.759,4.070805583969867e-13,-4.1629484134396677e-13
2.76,4.024838664005214e-13,-4.104275054317773e-13
2.761,3.9793713081893215e-13,-4.0464161915154914e-13
2.762,3.934398393775776e-13,-3.989360676970209e-13
2.763,3.8899148455563606e-13,-3.9330975131189277e-13
2.764,3.845915635505857e-13,-3.8776158508947287e-13
2.765,3.802395782427865e-13,-3.822904987749513e-13
2.766,3.7593503516016866e-13,-3.7689543657026816e-13
2.767,3.7167744544302957e-13,-3.7157535694154254e-13
2.768,3.674663248089443e-13,-3.663292324290282e-13
2.769,3.6330119351779117e-13,-3.61156049459565e-13
2.77,3.591815763368969e-13,-3.560548081614923e-13
2.771,3.5510700250630306e-13,-3.5102452218199345e-13
2.772,3.510770057041581e-13,-3.460642185068397e-13
2.773,3.4709112401223647e-13,-3.411729372825024e-13
2.774,3.4314889988158865e-13,-3.363497316406032e-13
2.775,3.3924988009832354e-13,-3.3159366752467127e-13
2.776,3.353936157495271e-13,-3.269038235191789e-13
2.777,3.3157966218931845e-13,-3.222792906808251e-13
2.778,3.278075790050464e-13,-3.1771917237203797e-13
2.779,3.2407692998362875e-13,-3.1322258409666784e-13
2.78,3.2038728307803614e-13,-3.0878865333784267e-13
2.781,3.1673821037392277e-13,-3.044165193979571e-13
2.782,3.131292880564061e-13,-3.001053332407681e-13
2.783,3.095600963769972e-13,-2.9585425733556977e-13
2.784,3.0603021962068397e-13,-2.916624655034203e-13
2.785,3.0253924607316857e-13,-2.8752914276539456e-13
2.786,2.990867679882611e-13,-2.834534851928359e-13
2.787,2.956723815554311e-13,-2.794346997595817e-13
2.788,2.922956868675183e-13,-2.7547200419613607e-13
2.789,2.889562878886044e-13,-2.715646268457659e-13
2.79,2.8565379242204697e-13,-2.6771180652249367e-13
2.791,2.8238781207867696e-13,-2.6391279237096403e-13
2.792,2.791579622451613e-13,-2.6016684372815826e-13
2.793,2.759638620525316e-13,-2.56473229986934e-13
2.794,2.7280513434488025e-13,-2.5283123046136533e-13
2.795,2.6968140564822476e-13,-2.4924013425386094e-13
2.796,2.6659230613954205e-13,-2.4569924012403624e-13
2.797,2.6353746961597284e-13,-2.4220785635931745e-13
2.798,2.6051653346419766e-13,-2.3876530064725466e-13
2.799,2.575291386299854e-13,-2.353708999495217e-13
2.8,2.545749295879145e-13,-2.320239903775812e-13
2.801,2.5165355431126906e-13,-2.287239170699925e-13
2.802,2.4876466424210836e-13,-2.254700340713421e-13
2.803,2.459079142615128e-13,-2.2226170421277421e-13
2.804,2.430829626600056e-13,-2.1909829899410177e-13
2.805,2.402894711081505e-13,-2.1597919846747646e-13
2.806,2.3752710462732765e-13,-2.1290379112259819e-13
2.807,2.3479553156068605e-13,-2.0987147377344308e-13
2.808,2.3209442354427476e-13,-2.0688165144649117e-13
2.809,2.294234554783522e-13,-2.039337372704334e-13
2.81,2.267823054988746e-13,-2.0102715236733926e-13
2.811,2.2417065494916336e-13,-1.981613257452656e-13
2.812,2.2158818835175193e-13,-1.9533569419228792e-13
2.813,2.1903459338041238e-13,-1.9254970217193605e-13
2.814,2.1650956083236196e-13,-1.8980280172001488e-13
2.815,2.140127846006494e-13,-1.8709445234279323e-13
2.816,2.1154396164672184e-13,-1.8442412091654202e-13
2.817,2.0910279197317173e-13,-1.817912815884048e-13
2.818,2.0668897859666414e-13,-1.7919541567858293e-13
2.819,2.0430222752104463e-13,-1.7663601158381812e-13
2.82,2.0194224771062716e-13,-1.7411256468215586e-13
2.821,1.9960875106366274e-13,-1.7162457723897228e-13
2.822,1.9730145238598797e-13,-1.691715583142487e-13
2.823,1.9502006936485417e-13,-1.6675302367107697e-13
2.824,1.9276432254293613e-13,-1.6436849568537978e-13
2.825,1.9053393529252116e-13,-1.6201750325682991e-13
2.826,1.883286337898776e-13,-1.5969958172095302e-13
2.827,1.8614814698980298e-13,-1.57414272762398e-13
2.828,1.8399220660035145e-13,-1.5516112432935997e-13
2.829,1.8186054705774018e-13,-1.52939690549141e-13
2.83,1.7975290550143452e-13,-1.5074953164483293e-13
2.831,1.7766902174941166e-13,-1.4859021385310847e-13
2.832,1.7560863827360236e-13,-1.4646130934310544e-13
2.833,1.735715001755104e-13,-1.4436239613639006e-13
2.834,1.7155735516200934e-13,-1.422930580279851e-13
2.835,1.6956595352131656e-13,-1.402528845084492e-13
2.836,1.675970480991434e-13,-1.3824147068699284e-13
2.837,1.6565039427502183e-13,-1.3625841721561835e-13
2.838,1.6372574993880658e-13,-1.3430333021426978e-13
2.839,1.618228754673525e-13,-1.3237582119697965e-13
2.84,1.5994153370136668e-13,-1.3047550699899942e-13
2.841,1.5808148992243462e-13,-1.2860200970490108e-13
2.842,1.5624251183022015e-13,-1.267549565776365e-13
2.843,1.5442436951983854e-13,-1.2493397998854263e-13
2.844,1.526268354594019e-13,-1.2313871734827958e-13
2.845,1.5084968446773685e-13,-1.213688110386897e-13
2.846,1.490926936922734e-13,-1.1962390834556543e-13
2.847,1.473556425871045e-13,-1.1790366139231375e-13
2.848,1.4563831289121605e-13,-1.1620772707450596e-13
2.849,1.4394048860688617e-13,-1.145357669953006e-13
2.85,1.4226195597825328e-13,-1.1288744740172839e-13
2.851,1.4060250347005272e-13,-1.1126243912182768e-13
2.852,1.3896192174652048e-13,-1.0966041750261935e-13
2.853,1.3734000365046414e-13,-1.0808106234890986e-13
2.854,1.3573654418249968e-13,-1.0652405786291195e-13
2.855,1.341513404804539e-13,-1.0498909258467182e-13
2.856,1.325841917989316e-13,-1.0347585933329243e-13
2.857,1.3103489948904644e-13,-1.019840551489423e-13
2.858,1.2950326697831554e-13,-1.0051338123563959e-13
2.859,1.279890997507162e-13,-9.906354290480111e-14
2.86,1.2649220532690446e-13,-9.76342495195462e-14
2.861,1.2501239324459493e-13,-9.622521443974569e-14
2.862,1.2354947503910028e-13,-9.48361549678059e-14
2.863,1.2210326422403076e-13,-9.346679229517803e-14
2.864,1.2067357627215203e-13,-9.21168514495836e-14
2.865,1.192602285964008e-13,-9.078606124294608e-14
2.866,1.1786304053105778e-13,-8.947415422001984e-14
2.867,1.1648183331307662e-13,-8.818086660770689e-14
2.868,1.1511643006356845e-13,-8.690593826505241e-14
2.869,1.137666557694408e-13,-8.564911263391026e-14
2.87,1.1243233726519065e-13,-8.441013669026936e-14
2.871,1.1111330321485003e-13,-8.318876089623252e-14
2.872,1.0980938409408402e-13,-8.19847391526387e-14
2.873,1.0852041217243982e-13,-8.079782875232069e-14
2.874,1.0724622149574641e-13,-7.962779033398932e-14
2.875,1.059866478686636e-13,-7.847438783673635e-14
2.876,1.0474152883737992e-13,-7.733738845514744e-14
2.877,1.0351070367245828e-13,-7.621656259501758e-14
2.878,1.0229401335182871e-13,-7.511168382966055e-14
2.879,1.0109130054392711e-13,-7.402252885680496e-14
2.88,9.990240959097935e-14,-7.294887745606885e-14
2.881,9.872718649242968e-14,-7.189051244700522e-14
2.882,9.756547888851276e-14,-7.08472196477111e-14
2.883,9.641713604396815e-14,-6.981878783399245e-14
2.884,9.528200883189674e-14,-6.880500869907774e-14
2.885,9.415994971775795e-14,-6.780567681387286e-14
2.886,9.305081274350689e-14,-6.682058958775004e-14
2.887,9.195445351187082e-14,-6.584954722986414e-14
2.888,9.087072917076353e-14,-6.489235271098868e-14
2.889,8.979949839783738e-14,-6.394881172586534e-14
2.89,8.874062138517156e-14,-6.301873265605967e-14
2.891,8.769395982409606e-14,-6.210192653331666e-14
2.892,8.665937689015017e-14,-6.119820700340907e-14
2.893,8.563673722817496e-14,-6.030739029047262e-14
2.894,8.462590693753851e-14,-5.942929516182087e-14
2.895,8.362675355749322e-14,-5.856374289323404e-14
2.896,8.263914605266416e-14,-5.771055723471514e-14
2.897,8.166295479866784e-14,-5.686956437670719e-14
2.898,8.069805156786009e-14,-5.604059291676555e-14
2.899,7.97443095152126e-14,-5.5223473826679354e-14
2.9,7.880160316431691e-14,-5.441804042003583e-14
2.901,7.786980839351513e-14,-5.362412832022188e-14
2.902,7.694880242215647e-14,-5.284157542885697e-14
2.903,7.603846379697867e-14,-5.207022189465162e-14
2.904,7.513867237861346e-14,-5.1309910082685846e-14
2.905,7.424930932821523e-14,-5.056048454410202e-14
2.906,7.337025709421188e-14,-4.9821791986206485e-14
2.907,7.250139939917715e-14,-4.9093681242974677e-14
2.908,7.164262122682341e-14,-4.837600324595424e-14
2.909,7.079380880911416e-14,-4.766861099556088e-14
2.91,6.995484961349521e-14,-4.6971359532761784e-14
2.911,6.912563233024384e-14,-4.628410591114134e-14
2.912,6.830604685993497e-14,-4.560670916934418e-14
2.913,6.749598430102348e-14,-4.493903030389038e-14
2.914,6.669533693754185e-14,-4.428093224235805e-14
2.915,6.590399822691218e-14,-4.3632279816928216e-14
2.916,6.512186278787191e-14,-4.299293973828729e-14
2.917,6.434882638851212e-14,-4.236278056988234e-14
2.918,6.358478593442781e-14,-4.174167270252444e-14
2.919,6.282963945697917e-14,-4.1129488329335463e-14
2.92,6.208328610166293e-14,-4.0526101421033676e-14
2.921,6.134562611659317e-14,-3.99313877015538e-14
2.922,6.06165608410905e-14,-3.934522462399685e-14
2.923,5.989599269437899e-14,-3.8767491346905444e-14
2.924,5.918382516438972e-14,-3.819806871086032e-14
2.925,5.847996279667052e-14,-3.763683921539364e-14
2.926,5.778431118340068e-14,-3.7083686996214904e-14
2.927,5.709677695251008e-14,-3.6538497802745325e-14
2.928,5.6417267756901696e-14,-3.6001158975956514e-14
2.929,5.574569226377691e-14,-3.54715594265094e-14
2.93,5.508196014406255e-14,-3.4949589613189385e-14
2.931,5.4425982061939035e-14,-3.44351415216338e-14
2.932,5.377766966446872e-14,-3.392810864334772e-14
2.933,5.313693557132369e-14,-3.3428385955004254e-14
2.934,5.2503693364612124e-14,-3.2935869898025606e-14
2.935,5.1877857578802547e-14,-3.245045835844104e-14
2.936,5.125934369074503e-14,-3.197205064701813e-14
2.937,5.0648068109788686e-14,-3.1500547479663504e-14
2.938,5.0043948167994584e-14,-3.1035850958089734e-14
2.939,4.9446902110443344e-14,-3.05778645507445e-14
2.94,4.885684908563656e-14,-3.012649307399868e-14
2.941,4.8273709135991435e-14,-2.968164267359e-14
2.942,4.7697403188427614e-14,-2.9243220806318515e-14
2.943,4.7127853045045736e-14,-2.881113622199087e-14
2.944,4.6564981373896654e-14,-2.838529894560982e-14
2.945,4.600871169984078e-14,-2.7965620259805772e-14
2.946,4.5458968395496727e-14,-2.7552012687507082e-14
2.947,4.491567667227839e-14,-2.714438997484597e-14
2.948,4.437876257151997e-14,-2.674266707429682e-14
2.949,4.3848152955687886e-14,-2.634676012804377e-14
2.95,4.3323775499679127e-14,-2.5956586451574552e-14
2.951,4.280555868220509e-14,-2.557206451749748e-14
2.952,4.22934317772603e-14,-2.5193113939578668e-14
2.953,4.178732484567524e-14,-2.4819655456996454e-14
2.954,4.128716872675258e-14,-2.445161091881014e-14
2.955,4.079289502998605e-14,-2.4088903268640188e-14
2.956,4.030443612686135e-14,-2.3731456529557018e-14
2.957,3.982172514273821e-14,-2.3379195789175563e-14
2.958,3.9344695948813106e-14,-2.3032047184952915e-14
2.959,3.8873283154161746e-14,-2.268993788968623e-14
2.96,3.840742209786075e-14,-2.2352796097208268e-14
2.961,3.794704884118777e-14,-2.2020551008277854e-14
2.962,3.7492100159899405e-14,-2.169313281666273e-14
2.963,3.704251353658617e-14,-2.13704726954121e-14
2.964,3.6598227153103924e-14,-2.1052502783316377e-14
2.965,3.6159179883081e-14,-2.0739156171551646e-14
2.966,3.572531128450039e-14,-2.043036689050626e-14
2.967,3.5296561592356404e-14,-2.0126069896787212e-14
2.968,3.487287171138497e-14,-1.9826201060403816e-14
2.969,3.445418320886708e-14,-1.9530697152126323e-14
2.97,3.4040438307504654e-14,-1.9239495831017084e-14
2.971,3.363157987836819e-14,-1.895253563213202e-14
2.972,3.322755143391554e-14,-1.8669755954389988e-14
2.973,3.282829712108118e-14,-1.839109704860789e-14
2.974,3.243376171443538e-14,-1.8116500005699203e-14
2.975,3.204389060941256e-14,-1.7845906745033803e-14
2.976,3.1658629815608283e-14,-1.7579260002956853e-14
2.977,3.127792595014424e-14,-1.7316503321464625e-14
2.978,3.090172623110058e-14,-1.705758103703516e-14
2.979,3.0529978471014995e-14,-1.680243826961165e-14
2.98,3.0162631070447974e-14,-1.655102091173649e-14
2.981,2.97996330116136e-14,-1.6303275617834e-14
2.982,2.944093385207521e-14,-1.605914979363972e-14
2.983,2.908648371850554e-14,-1.581859158577443e-14
2.984,2.8736233300510506e-14,-1.5581549871460818e-14
2.985,2.8390133844516195e-14,-1.5347974248380944e-14
2.986,2.8048137147718438e-14,-1.5117815024672576e-14
2.987,2.7710195552094398e-14,-1.4891023209062518e-14
2.988,2.737626193847556e-14,-1.466755050113509e-14
2.989,2.7046289720681618e-14,-1.444734928173391e-14
2.99,2.6720232839714616e-14,-1.423037260349521e-14
2.991,2.639804575801286e-14,-1.4016574181510902e-14
2.992,2.6079683453763996e-14,-1.3805908384119578e-14
2.993,2.5765101415276675e-14,-1.3598330223823832e-14
2.994,2.545425563541035e-14,-1.339379534833207e-14
2.995,2.514710260606256e-14,-1.3192260031723216e-14
2.996,2.4843599312713216e-14,-1.2993681165732602e-14
2.997,2.4543703229025337e-14,-1.2798016251157414e-14
2.998,2.4247372311501706e-14,-1.2605223389380084e-14
2.999,2.3954564994196925e-14,-1.2415261274008027e-14
3.0,2.3665240183484314e-14,-1.2228089182628133e-14
3.001,2.3379357252877194e-14,-1.2043666968674481e-14
3.002,2.3096876037903966e-14,-1.186195505340773e-14
3.003,2.281775683103653e-14,-1.1682914418004678e-14
3.004,2.2541960376671516e-14,-1.1506506595756488e-14
3.005,2.2269447866163813e-14,-1.1332693664374114e-14
3.006,2.2000180932911905e-14,-1.1161438238399486e-14
3.007,2.1734121647494553e-14,-1.099270346172099e-14
3.008,2.1471232512858245e-14,-1.0826453000191852e-14
3.009,2.121147645955502e-14,-1.0662651034350037e-14
3.01,2.0954816841030138e-14,-1.0501262252238252e-14
3.011,2.0701217428959095e-14,-1.0342251842322728e-14
3.012,2.0450642408633557e-14,-1.0185585486509431e-14
3.013,2.0203056374395718e-14,-1.0031229353256363e-14
3.014,1.995842432512058e-14,-9.879150090780677e-15
3.015,1.971671165974576e-14,-9.729314820359292e-15
3.016,1.947788417284831e-14,-9.581691129721758e-15
3.017,1.9241908050268103e-14,-9.436247066534098e-15
3.018,1.9008749864777355e-14,-9.292951131972417e-15
3.019,1.8778376571795792e-14,-9.151772274385029e-15
3.02,1.8550755505151073e-14,-9.012679883041926e-15
3.021,1.8325854372883974e-14,-8.875643781970377e-15
3.022,1.8103641253097922e-14,-8.740634223875503e-15
3.023,1.7884084589852448e-14,-8.607621884144672e-15
3.024,1.7667153189100117e-14,-8.476577854934558e-15
3.025,1.7452816214666494e-14,-8.347473639339762e-15
3.026,1.7241043184272782e-14,-8.220281145641864e-15
3.027,1.703180396560062e-14,-8.094972681637823e-15
3.028,1.682506877239872e-14,-7.971520949046653e-15
3.029,1.662080816063085e-14,-7.84989903799328e-15
3.03,1.6418993024664824e-14,-7.73008042156857e-15
3.031,1.621959459350203e-14,-7.612038950464449e-15
3.032,1.6022584427047143e-14,-7.495748847683125e-15
3.033,1.5827934412417605e-14,-7.381184703319384e-15
3.034,1.5635616760292453e-14,-7.268321469414969e-15
3.035,1.5445604001300175e-14,-7.157134454884071e-15
3.036,1.52578689824451e-14,-7.047599320508926e-15
3.037,1.5072384863572053e-14,-6.9396920740046194e-15
3.038,1.4889125113868793e-14,-6.833389065152098e-15
3.039,1.4708063508405925e-14,-6.728666980998499e-15
3.04,1.452917412471388e-14,-6.625502841123852e-15
3.041,1.4352431339396585e-14,-6.523873992973267e-15
3.042,1.4177809824781498e-14,-6.423758107253701e-15
3.043,1.4005284545605573e-14,-6.325133173394429e-15
3.044,1.3834830755736867e-14,-6.227977495070349e-15
3.045,1.3666423994931383e-14,-6.132269685787263e-15
3.046,1.35000400856248e-14,-6.03798866452828e-15
3.047,1.333565512975877e-14,-5.94511365146052e-15
3.048,1.3173245505641381e-14,-5.85362416370129e-15
3.049,1.301278786484149e-14,-5.763500011142906e-15
3.05,1.2854259129116548e-14,-5.67472129233538e-15
3.051,1.2697636487373608e-14,-5.5872683904261695e-15
3.052,1.2542897392663141e-14,-5.501121969156212e-15
3.053,1.239001955920537e-14,-5.4162629689114726e-15
3.054,1.223898095944876e-14,-5.33267260282925e-15
3.055,1.2089759821160349e-14,-5.250332352958484e-15
3.056,1.1942334624547599e-14,-5.16922396647334e-15
3.057,1.1796684099411429e-14,-5.089329451939321e-15
3.058,1.1652787222330146e-14,-5.0106310756312076e-15
3.059,1.1510623213873906e-14,-4.933111357902107e-15
3.06,1.1370171535849456e-14,-4.856753069602908e-15
3.061,1.1231411888574787e-14,-4.78153922855146e-15
3.062,1.109432420818343e-14,-4.70745309605079e-15
3.063,1.095888866395808e-14,-4.63447817345569e-15
3.064,1.0825085655693256e-14,-4.5625981987870025e-15
3.065,1.0692895811086655e-14,-4.491797143392962e-15
3.066,1.0562299983158984e-14,-4.42205920865694e-15
3.067,1.0433279247701899e-14,-4.353368822750962e-15
3.068,1.0305814900753804e-14,-4.2857106374343615e-15
3.069,1.017988845610322e-14,-4.2190695248969655e-15
3.07,1.0055481642819418e-14,-4.153430574646182e-15
3.071,9.932576402810058e-15,-4.088779090437404e-15
3.072,9.811154888405542e-15,-4.025100587247129e-15
3.073,9.691199459969802e-15,-3.962380788288203e-15
3.074,9.572692683537262e-15,-3.900605622066619e-15
3.075,9.455617328475695e-15,-3.8397612194792955e-15
3.076,9.339956365174689e-15,-3.779833910952272e-15
3.077,9.225692962759495e-15,-3.720810223618766e-15
3.078,9.112810486829955e-15,-3.662676878536546e-15
3.079,9.001292497224272e-15,-3.60542078794408e-15
3.08,8.891122745807345e-15,-3.5490290525549246e-15
3.081,8.78228517428344e-15,-3.4934889588898275e-15
3.082,8.674763912032904e-15,-3.4387879766460344e-15
3.083,8.568543273972715e-15,-3.384913756103276e-15
3.084,8.463607758440583e-15,-3.3318541255659386e-15
3.085,8.359942045102368e-15,-3.2795970888409196e-15
3.086,8.257530992882579e-15,-3.2281308227506745e-15
3.087,8.1563596379177e-15,-3.177443674680974e-15
3.088,8.056413191532111e-15,-3.1275241601628907e-15
3.089,7.95767703823636e-15,-3.0783609604885463e-15
3.09,7.860136733747556e-15,-3.0299429203601556e-15
3.091,7.763778003031658e-15,-2.9822590455719023e-15
3.092,7.668586738367401e-15,-2.9352985007242047e-15
3.093,7.57454899743167e-15,-2.889050606969916e-15
3.094,7.481651001406068e-15,-2.8435048397920232e-15
3.095,7.389879133104463e-15,-2.7986508268124108e-15
3.096,7.299219935121292e-15,-2.7544783456312607e-15
3.097,7.209660108000406e-15,-2.7109773216966645e-15
3.098,7.121186508424233e-15,-2.6681378262040317e-15
3.099,7.033786147423041e-15,-2.6259500740248882e-15
3.1,6.947446188604108e-15,-2.584404421664651e-15
3.101,6.86215394640056e-15,-2.5434913652489854e-15
3.102,6.777896884339684e-15,-2.5032015385383483e-15
3.103,6.694662613330509e-15,-2.4635257109703305e-15
3.104,6.612438889970453e-15,-2.42445478572941e-15
3.105,6.531213614870817e-15,-2.3859797978437444e-15
3.106,6.450974831000942e-15,-2.3480919123086195e-15
3.107,6.3717107220508295e-15,-2.310782422236198e-15
3.108,6.293409610812017e-15,-2.274042747031193e-15
3.109,6.216059957576523e-15,-2.237864430592119e-15
3.11,6.139650358553667e-15,-2.2022391395377565e-15
3.111,6.064169544304571e-15,-2.1671586614584908e-15
3.112,5.989606378194159e-15,-2.1326149031921742e-15
3.113,5.9159498548604594e-15,-2.0985998891241785e-15
3.114,5.843189098701031e-15,-2.0651057595112976e-15
3.115,5.771313362376329e-15,-2.032124768829174e-15
3.116,5.7003120253298205e-15,-1.9996492841429225e-15
3.117,5.63017459232469e-15,-1.9676717835006306e-15
3.118,5.5608906919969306e-15,-1.9361848543494195e-15
3.119,5.492450075424667e-15,-1.9051811919737494e-15
3.12,5.424842614713519e-15,-1.8746535979556685e-15
3.121,5.35805830159785e-15,-1.844594978656694e-15
3.122,5.292087246057712e-15,-1.814998343721031e-15
3.123,5.226919674951329e-15,-1.785856804599833e-15
3.124,5.1625459306629526e-15,-1.7571635730962074e-15
3.125,5.098956469765911e-15,-1.7289119599306865e-15
3.126,5.036141861700703e-15,-1.7010953733268732e-15
3.127,4.9740927874679685e-15,-1.6737073176169863e-15
3.128,4.912800038336165e-15,-1.6467413918670282e-15
3.129,4.8522545145638134e-15,-1.6201912885213003e-15
3.13,4.792447224136127e-15,-1.5940507920660026e-15
3.131,4.733369281515895e-15,-1.5683137777116486e-15
3.132,4.675011906408447e-15,-1.5429742100940357e-15
3.133,4.617366422540555e-15,-1.5180261419935152e-15
3.134,4.560424256453118e-15,-1.4934637130723045e-15
3.135,4.5041769363074805e-15,-1.4692811486295943e-15
3.136,4.44861609070524e-15,-1.4454727583742017e-15
3.137,4.393733447521392e-15,-1.422032935214526e-15
3.138,4.339520832750664e-15,-1.3989561540655675e-15
3.139,4.2859701693669104e-15,-1.3762369706727702e-15
3.14,4.23307347619541e-15,-1.3538700204524581e-15
3.141,4.180822866797929e-15,-1.33185001734863e-15
3.142,4.129210548370414e-15,-1.3101717527058894e-15
3.143,4.078228820653185e-15,-1.2888300941582825e-15
3.144,4.027870074853464e-15,-1.2678199845338246e-15
3.145,3.978126792580143e-15,-1.2471364407744954e-15
3.146,3.928991544790619e-15,-1.2267745528714882e-15
3.147,3.880456990749601e-15,-1.2067294828155026e-15
3.148,3.832515876999726e-15,-1.186996463561869e-15
3.149,3.785161036343871e-15,-1.1675707980102974e-15
3.15,3.738385386839035e-15,-1.1484478579990527e-15
3.151,3.692181930801654e-15,-1.1296230833133478e-15
3.152,3.646543753824235e-15,-1.1110919807077614e-15
3.153,3.601464023803167e-15,-1.092850122942485e-15
3.154,3.556935989977613e-15,-1.0748931478332044e-15
3.155,3.5129529819793335e-15,-1.0572167573144254e-15
3.156,3.46950840889334e-15,-1.0398167165160597e-15
3.157,3.4265957583292522e-15,-1.0226888528530826e-15
3.158,3.384208595503241e-15,-1.0058290551280806e-15
3.159,3.3423405623304415e-15,-9.892332726465127e-16
3.16,3.3009853765277243e-15,-9.728975143445013e-16
3.161,3.2601368307267018e-15,-9.568178479289857e-16
3.162,3.219788791596867e-15,-9.40990399030059e-16
3.163,3.179935198978746e-15,-9.25411350365323e-16
3.164,3.1405700650269566e-15,-9.1007694091609e-16
3.165,3.1016874733630613e-15,-8.949834651152673e-16
3.166,3.0632815782381092e-15,-8.801272720467646e-16
3.167,3.0253466037047586e-15,-8.655047646562544e-16
3.168,2.987876842798872e-15,-8.511123989731385e-16
3.169,2.9508666567304815e-15,-8.369466833435529e-16
3.17,2.9143104740840214e-15,-8.230041776742656e-16
3.171,2.87820279002772e-15,-8.09281492687309e-16
3.172,2.842538165532057e-15,-7.957752891851998e-16
3.173,2.807311226597176e-15,-7.824822773265977e-16
3.174,2.772516663489165e-15,-7.693992159122559e-16
3.175,2.738149229985093e-15,-7.565229116811217e-16
3.176,2.704203742626718e-15,-7.438502186164421e-16
3.177,2.6706750799827566e-15,-7.313780372617363e-16
3.178,2.6375581819196367e-15,-7.191033140464976e-16
3.179,2.6048480488806206e-15,-7.070230406214858e-16
3.18,2.5725397411732186e-15,-6.951342532034782e-16
3.181,2.540628378264797e-15,-6.834340319293466e-16
3.182,2.509109138086286e-15,-6.719195002193272e-16
3.183,2.4779772563438993e-15,-6.605878241493574e-16
3.184,2.44722802583878e-15,-6.494362118323517e-16
3.185,2.4168567957944758e-15,-6.384619128082891e-16
3.186,2.3868589711921638e-15,-6.276622174429927e-16
3.187,2.3572300121135357e-15,-6.170344563354748e-16
3.188,2.327965433091254e-15,-6.065759997337317e-16
3.189,2.299060802466902e-15,-5.962842569588661e-16
3.19,2.270511741756337e-15,-5.861566758374227e-16
3.191,2.2423139250223666e-15,-5.761907421418205e-16
3.192,2.2144630782546673e-15,-5.663839790387681e-16
3.193,2.1869549787568614e-15,-5.567339465455506e-16
3.194,2.1597854545406743e-15,-5.472382409940771e-16
3.195,2.132950383727091e-15,-5.378944945025795e-16
3.196,2.106445693954434e-15,-5.287003744548558e-16
3.197,2.0802673617932866e-15,-5.196535829869508e-16
3.198,2.054411412168181e-15,-5.107518564811714e-16
3.199,2.028873917785979e-15,-5.01992965067331e-16
3.2,2.003650998570866e-15,-4.933747121311237e-16
3.201,1.9787388211058896e-15,-4.848949338295268e-16
3.202,1.954133598080961e-15,-4.765514986131317e-16
3.203,1.929831587747258e-15,-4.683423067553087e-16
3.204,1.9058290933779424e-15,-4.602652898881064e-16
3.205,1.8821224627351352e-15,-4.523184105447926e-16
3.206,1.858708087543072e-15,-4.44499661708943e-16
3.207,1.8355824029673655e-15,-4.3680706636998454e-16
3.208,1.812741887100316e-15,-4.292386770851045e-16
3.209,1.7901830604521913e-15,-4.217925755474329e-16
3.21,1.7679024854484163e-15,-4.1446687216041237e-16
3.211,1.745896765932601e-15,-4.0725970561826647e-16
3.212,1.7241625466753439e-15,-4.0016924249248185e-16
3.213,1.7026965128887407e-15,-3.9319367682421833e-16
3.214,1.6814953897465416e-15,-3.863312297225638e-16
3.215,1.6605559419098854e-15,-3.7958014896855186e-16
3.216,1.6398749730585516e-15,-3.7293870862485997e-16
3.217,1.6194493254276672e-15,-3.6640520865110894e-16
3.218,1.5992758793498056e-15,-3.59977974524684e-16
3.219,1.5793515528024183e-15,-3.536553568669998e-16
3.22,1.5596733009605357e-15,-3.474357310751323e-16
3.221,1.5402381157546806e-15,-3.4131749695874207e-16
3.222,1.521043025433934e-15,-3.3529907838221403e-16
3.223,1.502085094134093e-15,-3.293789229119395e-16
3.224,1.483361421450866e-15,-3.23555501468669e-16
3.225,1.4648691420180455e-15,-3.178273079848627e-16
3.226,1.4466054250906031e-15,-3.1219285906696937e-16
3.227,1.428567474132651e-15,-3.066506936625629e-16
3.228,1.4107525264102124e-15,-3.0119937273226782e-16
3.229,1.3931578525887495e-15,-2.9583747892640754e-16
3.23,1.3757807563353925e-15,-2.9056361626630588e-16
3.231,1.3586185739258164e-15,-2.8537640983017863e-16
3.232,1.3416686738557125e-15,-2.8027450544354858e-16
3.233,1.3249284564568043e-15,-2.752565693741203e-16
3.234,1.3083953535173525e-15,-2.7032128803105183e-16
3.235,1.292066827907101e-15,-2.6546736766856072e-16
3.236,1.2759403732066104e-15,-2.606935340938031e-16
3.237,1.2600135133409325e-15,-2.559985323789649e-16
3.238,1.2442838022175713e-15,-2.5138112657750665e-16
3.239,1.2287488233686878e-15,-2.4684009944450093e-16
3.24,1.2134061895974926e-15,-2.423742521610067e-16
3.241,1.1982535426287867e-15,-2.3798240406242164e-16
3.242,1.1832885527635945e-15,-2.3366339237075674e-16
3.243,1.1685089185378498e-15,-2.2941607193077735e-16
3.244,1.1539123663850834e-15,-2.25239314949956e-16
3.245,1.139496650303068e-15,-2.211320107421823e-16
3.246,1.125259551524376e-15,-2.1709306547517743e-16
3.247,1.1111988781908031e-15,-2.1312140192155987e-16
3.248,1.0973124650316174e-15,-2.0921595921351094e-16
3.249,1.0835981730455833e-15,-2.053756926009887e-16
3.25,1.0700538891867258e-15,-2.0159957321344005e-16
3.251,1.0566775260537842e-15,-1.9788658782496111e-16
3.252,1.0434670215833167e-15,-1.9423573862285707e-16
3.253,1.0304203387464154e-15,-1.9064604297955288e-16
3.254,1.0175354652489854e-15,-1.8711653322780727e-16
3.255,1.0048104132355522e-15,-1.8364625643918316e-16
3.256,9.922432189965533e-16,-1.802342742057282e-16
3.257,9.79831942679075e-16,-1.7687966242481918e-16
3.258,9.675746680009963e-16,-1.7358151108712623e-16
3.259,9.554695019684973e-16,-1.703389240676515e-16
3.26,9.435145745968966e-16,-1.671510189197989e-16
3.261,9.31708038634778e-16,-1.6401692667243195e-16
3.262,9.200480692913684e-16,-1.6093579162987654e-16
3.263,9.085328639671291e-16,-1.5790677117482747e-16
3.264,8.97160641987525e-16,-1.549290355741164e-16
3.265,8.859296443399344e-16,-1.5200176778730135e-16
3.266,8.748381334136607e-16,-1.4912416327803673e-16
3.267,8.63884392743015e-16,-1.4629542982818488e-16
3.268,8.530667267534295e-16,-1.4351478735462954e-16
3.269,8.423834605105699e-16,-1.4078146772875282e-16
3.27,8.318329394724098e-16,-1.3809471459853784e-16
3.271,8.214135292442353e-16,-1.354537832132592e-16
3.272,8.111236153365429e-16,-1.3285794025072473e-16
3.273,8.009616029258007e-16,-1.3030646364703162e-16
3.274,7.909259166180367e-16,-1.2779864242880156e-16
3.275,7.810150002152232e-16,-1.2533377654785869e-16
3.276,7.712273164844247e-16,-1.2291117671831647e-16
3.277,7.615613469296767e-16,-1.20530164256038e-16
3.278,7.520155915665645e-16,-1.1819007092043646e-16
3.279,7.4258856869947e-16,-1.1589023875858212e-16
3.28,7.3327881470145645e-16,-1.1363001995158276e-16
3.281,7.240848837967593e-16,-1.1140877666320504e-16
3.282,7.150053478458542e-16,-1.0922588089070473e-16
3.283,7.060387961330717e-16,-1.0708071431783433e-16
3.284,6.971838351567291e-16,-1.0497266816999658e-16
3.285,6.884390884217493e-16,-1.0290114307151347e-16
3.286,6.798031962347402e-16,-1.0086554890498003e-16
3.287,6.712748155015035e-16,-9.886530467267365e-17
3.288,6.628526195269456e-16,-9.689983835998867e-17
3.289,6.545352978173636e-16,-9.496858680086793e-17
3.29,6.463215558850772e-16,-9.307099554520209e-17
3.291,6.382101150553802e-16,-9.120651872816897e-17
3.292,6.301997122757844e-16,-8.937461894148458e-17
3.293,6.222890999275292e-16,-8.757476710653888e-17
3.294,6.144770456393302e-16,-8.580644234938885e-17
3.295,6.067623321033414e-16,-8.406913187758242e-17
3.296,5.991437568933047e-16,-8.236233085878685e-17
3.297,5.916201322848612e-16,-8.068554230119576e-17
3.298,5.841902850779993e-16,-7.903827693568907e-17
3.299,5.768530564216146e-16,-7.742005309972083e-17
3.3,5.69607301640157e-16,-7.583039662291007e-17
3.301,5.624518900623408e-16,-7.426884071431007e-17
3.302,5.553857048518929e-16,-7.273492585133202e-17
3.303,5.484076428403167e-16,-7.122819967029927e-17
3.304,5.41516614361647e-16,-6.974821685860867e-17
3.305,5.347115430891731e-16,-6.829453904847578e-17
3.306,5.27991365874107e-16,-6.686673471224147e-17
3.307,5.213550325861737e-16,-6.546437905921695e-17
3.308,5.148015059561029e-16,-6.408705393404546e-17
3.309,5.083297614199954e-16,-6.273434771655863e-17
3.31,5.019387869655491e-16,-6.140585522310598e-17
3.311,4.956275829801151e-16,-6.010117760933624e-17
3.312,4.893951621005699e-16,-5.881992227440974e-17
3.313,4.832405490649756e-16,-5.756170276662111e-17
3.314,4.771627805660139e-16,-5.632613869041194e-17
3.315,4.71160905106166e-16,-5.511285561475335e-17
3.316,4.652339828546248e-16,-5.392148498287886e-17
3.317,4.593810855059138e-16,-5.2751664023347776e-17
3.318,4.536012961401962e-16,-5.1603035662420133e-17
3.319,4.478937090852515e-16,-5.047524843772411e-17
3.32,4.4225742978010293e-16,-4.936795641319738e-17
3.321,4.366915746402741e-16,-4.828081909528376e-17
3.322,4.3119527092465655e-16,-4.72135013503673e-17
3.323,4.257676566039696e-16,-4.616567332342572e-17
3.324,4.204078802307933e-16,-4.513701035788558e-17
3.325,4.151151008111561e-16,-4.412719291666194e-17
3.326,4.0988848767765933e-16,-4.313590650436522e-17
3.327,4.047272203641197e-16,-4.21628415906584e-17
3.328,3.996304884817127e-16,-4.1207693534748e-17
3.329,3.9459749159659915e-16,-4.0270162510992297e-17
3.33,3.8962743910901656e-16,-3.934995343561071e-17
3.331,3.8471955013381955e-16,-3.8446775894478314e-17
3.332,3.7987305338245096e-16,-3.7560344071989793e-17
3.333,3.7508718704632744e-16,-3.6690376680977366e-17
3.334,3.7036119868162287e-16,-3.583659689366732e-17
3.335,3.6569434509543293e-16,-3.4998732273660204e-17
3.336,3.610858922333045e-16,-3.417651470891973e-17
3.337,3.5653511506811416e-16,-3.336968034575578e-17
3.338,3.520412974902795e-16,-3.2577969523787117e-17
3.339,3.476037321992878e-16,-3.18011267118696e-17
3.34,3.432217205965261e-16,-3.1038900444975743e-17
3.341,3.388945726793982e-16,-3.029104326201199e-17
3.342,3.346216069367123e-16,-2.9557311644559965e-17
3.343,3.304021502453249e-16,-2.883746595652826e-17
3.344,3.2623553776802636e-16,-2.8131270384701634e-17
3.345,3.2212111285265267e-16,-2.7438492880174444e-17
3.346,3.180582269324096e-16,-2.6758905100655517e-17
3.347,3.1404623942739494e-16,-2.60922823536318e-17
3.348,3.100845176473039e-16,-2.5438403540378242e-17
3.349,3.0617243669530464e-16,-2.479705110080163e-17
3.35,3.0230937937306955e-16,-2.4168010959106198e-17
3.351,2.9849473608694854e-16,-2.3551072470269114e-17
3.352,2.947279047552714e-16,-2.294602836731393e-17
3.353,2.9100829071676487e-16,-2.2352674709370495e-17
3.354,2.873353066400724e-16,-2.177081083050978e-17
3.355,2.8370837243436285e-16,-2.120023928934235e-17
3.356,2.8012691516101493e-16,-2.064076581936934e-17
3.357,2.765903689463657e-16,-2.0092199280074967e-17
3.358,2.730981748955092e-16,-1.9554351608749745e-17
3.359,2.696497810071342e-16,-1.902703777303376e-17
3.36,2.662446420893873e-16,-1.8510075724169427e-17
3.361,2.6288221967675033e-16,-1.80032863509535e-17
3.362,2.595619819479193e-16,-1.7506493434377956e-17
3.363,2.562834036446738e-16,-1.7019523602949813e-17
3.364,2.5304596599172396e-16,-1.654220628867991e-17
3.365,2.498491566175247e-16,-1.6074373683730867e-17
3.366,2.466924694760445e-16,-1.5615860697714602e-17
3.367,2.4357540476947857e-16,-1.5166504915629865e-17
3.368,2.404974688718938e-16,-1.4726146556430496e-17
3.369,2.3745817425379606e-16,-1.4294628432215093e-17
3.37,2.344570394076077e-16,-1.3871795908029054e-17
3.371,2.314935887740445e-16,-1.3457496862269979e-17
3.372,2.2856735266938206e-16,-1.3051581647687643e-17
3.373,2.256778672136003e-16,-1.2653903052969779e-17
3.374,2.2282467425939646e-16,-1.2264316264905111e-17
3.375,2.200073213220551e-16,-1.1882678831115173e-17
3.376,2.1722536151016628e-16,-1.1508850623346558e-17
3.377,2.1447835345718046e-16,-1.11426938013154e-17
3.378,2.1176586125379143e-16,-1.0784072777095945e-17
3.379,2.0908745438113623e-16,-1.0432854180045273e-17
3.38,2.0644270764480344e-16,-1.0088906822256266e-17
3.381,2.038312011096392e-16,-9.75210166453106e-18
3.382,2.0125252003534213e-16,-9.422311782867373e-18
3.383,1.987062548128377e-16,-9.099412335450114e-18
3.384,1.9619200090142218e-16,-8.783280530140902e-18
3.385,1.937093587666678e-16,-8.473795592458124e-18
3.386,1.9125793381907947e-16,-8.170838734040363e-18
3.387,1.888373363534942e-16,-7.87429312158604e-18
3.388,1.864471814892146e-16,-7.584043846262302e-18
3.389,1.840870891108674e-16,-7.299977893576197e-18
3.39,1.8175668380997862e-16,-7.021984113701394e-18
3.391,1.7945559482725634e-16,-6.749953192253671e-18
3.392,1.771834559955734e-16,-6.483777621508609e-18
3.393,1.7493990568364087e-16,-6.223351672054938e-18
3.394,1.7272458674036448e-16,-5.9685713648771326e-18
3.395,1.7053714643987596e-16,-5.7193344438609234e-18
3.396,1.6837723642723066e-16,-5.4755403487154705e-18
3.397,1.6624451266476412e-16,-5.237090188306068e-18
3.398,1.6413863537909935e-16,-5.003886714391307e-18
3.399,1.620592690087971e-16,-4.775834295758729e-18
3.4,1.6000608215264142e-16,-4.552838892753084e-18
3.401,1.5797874751855303e-16,-4.3348080321913815e-18
3.402,1.5597694187312281e-16,-4.121650782659037e-18
3.403,1.5400034599175805e-16,-3.913277730181459e-18
3.404,1.5204864460943422e-16,-3.709600954265534e-18
3.405,1.5012152637204493e-16,-3.5105340043055345e-18
3.406,1.482186837883427e-16,-3.315991876348056e-18
3.407,1.46339813182464e-16,-3.1258909902106713e-18
3.408,1.4448461464703103e-16,-2.940149166949054e-18
3.409,1.4265279199682345e-16,-2.7586856066674208e-18
3.41,1.4084405272301361e-16,-2.581420866667198e-18
3.411,1.3905810794795783e-16,-2.408276839928897e-18
3.412,1.3729467238053777e-16,-2.2391767339222657e-18
3.413,1.355534642720448e-16,-2.074045049739837e-18
3.414,1.3383420537260097e-16,-1.9128075615490808e-18
3.415,1.321366208881105e-16,-1.7553912963584318e-18
3.416,1.3046043943773466e-16,-1.6017245140925272e-18
3.417,1.2880539301188455e-16,-1.4517366879720678e-18
3.418,1.2717121693072521e-16,-1.3053584851937723e-18
3.419,1.2555764980318467e-16,-1.1625217479059656e-18
3.42,1.2396443348646237e-16,-1.0231594744754068e-18
3.421,1.223913130460307e-16,-8.872058010410253e-19
3.422,1.2083803671612363e-16,-7.545959833502937e-19
3.423,1.1930435586070677e-16,-6.252663788740364e-19
3.424,1.1779002493492293e-16,-4.991544291955237e-19
3.425,1.1629480144700767e-16,-3.7619864266976944e-19
3.426,1.1481844592066883e-16,-2.563385773490057e-19
3.427,1.133607218579249e-16,-1.3951482417036882e-19
3.428,1.1192139570239623e-16,-2.566899040188652e-20
3.429,1.1050023680304408e-16,8.525631665708482e-20
3.43,1.0909701737835187e-16,1.9331750572476895e-19
3.431,1.0771151248094329e-16,2.9857001733896524e-19
3.432,1.0634349996263213e-16,4.0106833941581636e-19
3.433,1.0499276043989855e-16,5.008660225689809e-19
3.434,1.0365907725978669e-16,5.980156951927897e-19
3.435,1.0234223646621853e-16,6.925690783129128e-19
3.436,1.01042026766719e-16,7.845770002080128e-19
3.437,9.975823949954727e-17,8.740894108058091e-19
3.438,9.849066860122961e-17,9.611553958569276e-19
3.439,9.723911057448855e-17,1.0458231908898616e-18
3.44,9.600336445656401e-17,1.1281401949503199e-18
3.441,9.478323178792134e-17,1.2081529841281918e-18
3.442,9.357851658134171e-17,1.2859073248753107e-18
3.443,9.23890252913904e-17,1.36144818711715e-18
3.444,9.121456678425801e-17,1.434819757161542e-18
3.445,9.005495230797062e-17,1.5060654504074639e-18
3.446,8.890999546296406e-17,1.5752279238568887e-18
3.447,8.777951217301798e-17,1.642349088432658e-18
3.448,8.666332065654544e-17,1.7074701211052892e-18
3.449,8.55612413982338e-17,1.7706314768315844e-18
3.45,8.447309712103229e-17,1.831872900307872e-18
3.451,8.339871275848267e-17,1.891233437540663e-18
3.452,8.233791542738824e-17,1.9487514472374715e-18
3.453,8.129053440081746e-17,2.004464612020499e-18
3.454,8.025640108143812e-17,2.0584099494658557e-18
3.455,7.923534897517781e-17,2.110623822970934e-18
3.456,7.822721366520714e-17,2.161141952452532e-18
3.457,7.723183278624135e-17,2.2099994248782713e-18
3.458,7.624904599915689e-17,2.2572307046338217e-18
3.459,7.527869496591886e-17,2.3028696437284075e-18
3.46,7.43206233248156e-17,2.346949491841038e-18
3.461,7.337467666599693e-17,2.3895029062098594e-18
3.462,7.2440702507312e-17,2.4305619613669986e-18
3.463,7.151855027044339e-17,2.4701581587212345e-18
3.464,7.060807125733387e-17,2.5083224359907882e-18
3.465,6.970911862690204e-17,2.545085176488505e-18
3.466,6.882154737204364e-17,2.5804762182616505e-18
3.467,6.794521429691487e-17,2.614524863088528e-18
3.468,6.707997799449438e-17,2.6472598853340762e-18
3.469,6.622569882442054e-17,2.678709540666587e-18
3.47,6.538223889110065e-17,2.7089015746376377e-18
3.471,6.454946202208878e-17,2.737863231127322e-18
3.472,6.3727233746729e-17,2.7656212606568065e-18
3.473,6.291542127506079e-17,2.792201928570234e-18
3.474,6.211389347698339e-17,2.817631023087951e-18
3.475,6.132252086167604e-17,2.8419338632330096e-18
3.476,6.054117555727086e-17,2.8651353066328717e-18
3.477,5.976973129077555e-17,2.8872597571982044e-18
3.478,5.900806336824255e-17,2.9083311726806395e-18
3.479,5.825604865518196e-17,2.9283730721113294e-18
3.48,5.751356555721505e-17,2.947408543122118e-18
3.481,5.678049400096565e-17,2.9654602491511062e-18
3.482,5.605671541518621e-17,2.982550436534376e-18
3.483,5.534211271211607e-17,2.9987009414855987e-18
3.484,5.4636570269068745e-17,3.0139331969652424e-18
3.485,5.393997391024579e-17,3.0282682394410533e-18
3.486,5.3252210888774156e-17,3.0417267155414742e-18
3.487,5.2573169868964564e-17,3.0543288886036243e-18
3.488,5.1902740908788097e-17,3.0660946451174583e-18
3.489,5.124081544256838e-17,3.0770435010676795e-18
3.49,5.058728626388675e-17,3.087194608174974e-18
3.491,4.994204750869774e-17,3.0965667600381e-18
3.492,4.930499463865243e-17,3.1051783981783487e-18
3.493,4.8676024424627077e-17,3.113047617987869e-18
3.494,4.80550349304545e-17,3.120192174583325e-18
3.495,4.744192549685579e-17,3.126629488566333e-18
3.496,4.6836596725569884e-17,3.1323766516921106e-18
3.497,4.6238950463678664e-17,3.1374504324477356e-18
3.498,4.5648889788125035e-17,3.141867281541404e-18
3.499,4.506631899042182e-17,3.1456433373040508e-18
3.5,4.4491143561549e-17,3.148794431004677e-18
3.501,4.3923270177037135e-17,3.151336092080701e-18
3.502,4.336260668223453e-17,3.1532835532846494e-18
3.503,4.280906207775607e-17,3.154651755748463e-18
3.504,4.226254650511142e-17,3.1554553539666806e-18
3.505,4.172297123251041e-17,3.155708720699762e-18
3.506,4.1190248640843445e-17,3.1554259517987592e-18
3.507,4.066429220983487e-17,3.1546208709525586e-18
3.508,4.0145016504367047e-17,3.15330703435888e-18
3.509,3.963233716097316e-17,3.151497735320209e-18
3.51,3.912617087449672e-17,3.149206008765815e-18
3.511,3.8626435384915575e-17,3.146444635700999e-18
3.512,3.813304946432865e-17,3.143226147584687e-18
3.513,3.7645932904103173e-17,3.1395628306364792e-18
3.514,3.7165006502180633e-17,3.135466730074243e-18
3.515,3.6690192050539425e-17,3.130949654283317e-18
3.516,3.622141232281231e-17,3.1260231789183885e-18
3.517,3.575859106205677e-17,3.1206986509390828e-18
3.518,3.5301652968676395e-17,3.1149871925802866e-18
3.519,3.485052368849149e-17,3.1088997052582186e-18
3.52,3.440512980095702e-17,3.10244687341324e-18
3.521,3.396539880752613e-17,3.095639168290384e-18
3.522,3.353125912015749e-17,3.0884868516585686e-18
3.523,3.310264004996458e-17,3.080999979469447e-18
3.524,3.267947179600538e-17,3.0731884054568237e-18
3.525,3.2261685434210537e-17,3.0650617846775683e-18
3.526,3.184921290644846e-17,3.0566295769949246e-18
3.527,3.144198700972562e-17,3.0479010505051193e-18
3.528,3.1039941385520343e-17,3.0388852849081427e-18
3.529,3.064301050924861e-17,3.029591174823576e-18
3.53,3.025112967986008e-17,3.0200274330523168e-18
3.531,2.9864235009562814e-17,3.0102025937850406e-18
3.532,2.9482263413675205e-17,3.0001250157582393e-18
3.533,2.9105152600603373e-17,2.9898028853586393e-18
3.534,2.873284106194267e-17,2.979244219676812e-18
3.535,2.836526806270165e-17,2.9684568695107697e-18
3.536,2.800237363164707e-17,2.9574485223203197e-18
3.537,2.7644098551768418e-17,2.9462267051329542e-18
3.538,2.7290384350860475e-17,2.9347987874020266e-18
3.539,2.6941173292222533e-17,2.923171983817962e-18
3.54,2.659640836547277e-17,2.9113533570732372e-18
3.541,2.6256033277476397e-17,2.8993498205818504e-18
3.542,2.5919992443386188e-17,2.8871681411539954e-18
3.543,2.5588230977793996e-17,2.8748149416266418e-18
3.544,2.5260694685991927e-17,2.8622967034507095e-18
3.545,2.493733005534178e-17,2.8496197692355217e-18
3.546,2.4618084246751453e-17,2.8367903452512018e-18
3.547,2.4302905086257012e-17,2.8238145038896803e-18
3.548,2.3991741056709092e-17,2.8106981860849538e-18
3.549,2.3684541289562378e-17,2.797447203693245e-18
3.55,2.3381255556766896e-17,2.7840672418336864e-18
3.551,2.3081834262759832e-17,2.770563861190153e-18
3.552,2.2786228436556708e-17,2.7569425002748564e-18
3.553,2.2494389723940624e-17,2.7432084776542952e-18
3.554,2.2206270379748406e-17,2.7293669941381647e-18
3.555,2.192182326025247e-17,2.7154231349318038e-18
3.556,2.1641001815637176e-17,2.7013818717527526e-18
3.557,2.1363760082568596e-17,2.6872480649119953e-18
3.558,2.1090052676856453e-17,2.6730264653604352e-18
3.559,2.0819834786207167e-17,2.6587217167011598e-18
3.56,2.055306216306687e-17,2.6443383571680344e-18
3.561,2.0289691117553242e-17,2.629880821571154e-18
3.562,2.0029678510475173e-17,2.6153534432096804e-18
3.563,1.9772981746439034e-17,2.600760455752585e-18
3.564,1.951955876704063e-17,2.586105995087797e-18
3.565,1.9269368044141677e-17,2.571394101140264e-18
3.566,1.902236857322981e-17,2.5566287196594214e-18
3.567,1.8778519866861106e-17,2.5418137039765456e-18
3.568,1.8537781948184065e-17,2.5269528167324827e-18
3.569,1.8300115344544067e-17,2.5120497315762104e-18
3.57,1.806548108116733e-17,2.497108034834709e-18
3.571,1.783384067492336e-17,2.48213122715459e-18
3.572,1.7605156128164952e-17,2.467122725115934e-18
3.573,1.737938992264476e-17,2.452085862818786e-18
3.574,1.7156505013507528e-17,2.437023893442732e-18
3.575,1.693646482335701e-17,2.421939990780002e-18
3.576,1.67192332363967e-17,2.4068372507425104e-18
3.577,1.6504774592643402e-17,2.391718692843253e-18
3.578,1.6293053682212838e-17,2.376587261652474e-18
3.579,1.6084035739676292e-17,2.361445828229004e-18
3.58,1.5877686438487506e-17,2.346297191527164e-18
3.581,1.567397188547891e-17,2.3311440797796322e-18
3.582,1.5472858615426365e-17,2.315989151856656e-18
3.583,1.5274313585681518e-17,2.300834998601986e-18
3.584,1.5078304170871027e-17,2.2856841441459133e-18
3.585,1.488479815766173e-17,2.270539047195768e-18
3.586,1.4693763739591003e-17,2.255402102304247e-18
3.587,1.450516951196152e-17,2.2402756411159323e-18
3.588,1.431898446679955e-17,2.2251619335923354e-18
3.589,1.413517798787606e-17,2.210063189215834e-18
3.59,1.3953719845789858e-17,2.1949815581728215e-18
3.591,1.3774580193111955e-17,2.1799191325164207e-18
3.592,1.3597729559590439e-17,2.164877947309081e-18
3.593,1.3423138847415106e-17,2.1498599817453876e-18
3.594,1.3250779326541081e-17,2.134867160255404e-18
3.595,1.3080622630070737e-17,2.1199013535888595e-18
3.596,1.2912640749693164e-17,2.104964379880494e-18
3.597,1.2746806031180495e-17,2.0900580056968656e-18
3.598,1.2583091169940384e-17,2.0751839470649177e-18
3.599,1.2421469206623916e-17,2.0603438704826066e-18
3.6,1.226191352278831e-17,2.0455393939118777e-18
3.601,1.2104397836613702e-17,2.030772087754277e-18
3.602,1.1948896198673343e-17,2.0160434758094816e-18
3.603,1.1795382987756574e-17,2.0013550362170263e-18
3.604,1.164383290674389e-17,1.9867082023814983e-18
3.605,1.1494220978533487e-17,1.972104363881474e-18
3.606,1.1346522542018626e-17,1.9575448673624567e-18
3.607,1.1200713248115195e-17,1.9430310174140824e-18
3.608,1.1056769055838853e-17,1.9285640774318437e-18
3.609,1.0914666228431134e-17,1.914145270463593e-18
3.61,1.0774381329533914e-17,1.8997757800410678e-18
3.611,1.0635891219411626e-17,1.8854567509966838e-18
3.612,1.0499173051220661e-17,1.8711892902658406e-18
3.613,1.0364204267325327e-17,1.856974467674974e-18
3.614,1.0230962595659847e-17,1.8428133167155915e-18
3.615,1.0099426046135763e-17,1.8287068353045174e-18
3.616,9.969572907094234e-18,1.814655986530579e-18
3.617,9.841381741802647e-18,1.8006616993879514e-18
3.618,9.714831384994997e-18,1.7867248694963874e-18
3.619,9.589900939455489e-18,1.7728463598085402e-18
3.62,9.466569772644845e-18,1.7590270013046e-18
3.621,9.344817513368755e-18,1.7452675936744456e-18
3.622,9.224624048487981e-18,1.7315689059875269e-18
3.623,9.105969519669587e-18,1.7179316773506692e-18
3.624,8.988834320178758e-18,1.7043566175540116e-18
3.625,8.873199091710766e-18,1.6908444077052656e-18
3.626,8.759044721262517e-18,1.6773957008524942e-18
3.627,8.646352338043232e-18,1.664011122595598e-18
3.628,8.535103310423768e-18,1.6506912716866973e-18
3.629,8.425279242924085e-18,1.6374367206195953e-18
3.63,8.316861973238406e-18,1.624248016208503e-18
3.631,8.209833569297585e-18,1.6111256801562039e-18
3.632,8.104176326368231e-18,1.5980702096118351e-18
3.633,7.999872764188134e-18,1.5850820777184601e-18
3.634,7.896905624137529e-18,1.572161734150599e-18
3.635,7.795257866445771e-18,1.5593096056418878e-18
3.636,7.694912667432968e-18,1.5465260965030301e-18
3.637,7.595853416786139e-18,1.5338115891302042e-18
3.638,7.498063714869478e-18,1.5211664445040843e-18
3.639,7.401527370068292e-18,1.5085910026796359e-18
3.64,7.306228396166188e-18,1.4960855832668366e-18
3.641,7.212151009755123e-18,1.4836504859024774e-18
3.642,7.11927962767787e-18,1.4712859907131937e-18
3.643,7.027598864502525e-18,1.4589923587698723e-18
3.644,6.937093530028663e-18,1.4467698325335827e-18
3.645,6.847748626824706e-18,1.4346186362931725e-18
3.646,6.759549347796175e-18,1.4225389765946683e-18
3.647,6.6724810737843935e-18,1.4105310426626233e-18
3.648,6.5865293711952866e-18,1.3985950068135428e-18
3.649,6.501679989657903e-18,1.386731024861526e-18
3.65,6.417918859712273e-18,1.374939236516255e-18
3.651,6.3352320905262614e-18,1.3632197657734587e-18
3.652,6.253605967641033e-18,1.3515727212979818e-18
3.653,6.173026950744789e-18,1.3399981967995846e-18
3.654,6.093481671474415e-18,1.328496271401594e-18
3.655,6.014956931244698e-18,1.3170670100025321e-18
3.656,5.937439699104765e-18,1.30571046363084e-18
3.657,5.860917109621409e-18,1.294426669792812e-18
3.658,5.785376460788963e-18,1.2832156528138615e-18
3.659,5.7108052119653956e-18,1.2720774241732293e-18
3.66,5.637190981834298e-18,1.2610119828322456e-18
3.661,5.564521546392447e-18,1.2500193155562605e-18
3.662,5.492784836962611e-18,1.2390993972303464e-18
3.663,5.421968938231305e-18,1.2282521911688834e-18
3.664,5.352062086311166e-18,1.217477649419131e-18
3.665,5.283052666827651e-18,1.2067757130588902e-18
3.666,5.2149292130297516e-18,1.1961463124883571e-18
3.667,5.147680403924431e-18,1.1855893677162697e-18
3.668,5.08129506243448e-18,1.175104788640445e-18
3.669,5.015762153579502e-18,1.1646924753228035e-18
3.67,4.9510707826797484e-18,1.1543523182589795e-18
3.671,4.887210193582503e-18,1.1440841986426055e-18
3.672,4.824169766910752e-18,1.1338879886243687e-18
3.673,4.761939018333842e-18,1.1237635515659269e-18
3.674,4.700507596859875e-18,1.1137107422887757e-18
3.675,4.639865283149549e-18,1.1037294073181516e-18
3.676,4.580001987851185e-18,1.0938193851220621e-18
3.677,4.520907749956681e-18,1.0839805063455238e-18
3.678,4.462572735178123e-18,1.0742125940400945e-18
3.679,4.404987234344798e-18,1.0645154638887815e-18
3.68,4.348141661820359e-18,1.0548889244264066e-18
3.681,4.292026553939891e-18,1.0453327772555069e-18
3.682,4.2366325674666084e-18,1.0358468172578525e-18
3.683,4.181950478067984e-18,1.026430832801655e-18
3.684,4.12797117881101e-18,1.0170846059445446e-18
3.685,4.0746856786764054e-18,1.0078079126323907e-18
3.686,4.022085101091493e-18,9.986005228940369e-19
3.687,3.970160682481536e-18,9.894622010320268e-19
3.688,3.918903770839302e-18,9.803927058093886e-19
3.689,3.8683058243126066e-18,9.713917906325476e-19
3.69,3.818358409809643e-18,9.624592037304394e-19
3.691,3.76905320162185e-18,9.535946883298871e-19
3.692,3.720381980064113e-18,9.44797982827312e-19
3.693,3.672336630132073e-18,9.360688209568413e-19
3.694,3.624909140176338e-18,9.274069319548779e-19
3.695,3.578091600593384e-18,9.188120407211966e-19
3.696,3.531876202532922e-18,9.102838679766262e-19
3.697,3.4862552366215565e-18,9.018221304173824e-19
3.698,3.441221091702498e-18,8.93426540866108e-19
3.699,3.3967662535911485e-18,8.850968084196828e-19
3.7,3.3528833038463625e-18,8.768326385938586e-19
3.701,3.3095649185571722e-18,8.686337334647792e-19
3.702,3.2668038671448028e-18,8.604997918074395e-19
3.703,3.224593011179769e-18,8.52430509231141e-19
3.704,3.1829253032138783e-18,8.444255783119963e-19
3.705,3.141793785626946e-18,8.364846887225375e-19
3.706,3.101191589488041e-18,8.286075273584808e-19
3.707,3.0611119334310767e-18,8.207937784626993e-19
3.708,3.0215481225445782e-18,8.130431237464541e-19
3.709,2.982493547275433e-18,8.053552425079345e-19
3.71,2.9439416823464635e-18,7.977298117481572e-19
3.711,2.9058860856876404e-18,7.901665062842711e-19
3.712,2.8683203973807695e-18,7.826649988603171e-19
3.713,2.831238338617482e-18,7.752249602554885e-19
3.714,2.794633710670364e-18,7.678460593899391e-19
3.715,2.758500393877057e-18,7.605279634281835e-19
3.716,2.7228323466371687e-18,7.532703378801339e-19
3.717,2.6876236044218365e-18,7.460728466998185e-19
3.718,2.652868278795779e-18,7.389351523818224e-19
3.719,2.6185605564516846e-18,7.318569160554961e-19
3.72,2.584694698256781e-18,7.248377975769699e-19
3.721,2.551265038311432e-18,7.178774556190183e-19
3.722,2.518265983019611e-18,7.109755477588123e-19
3.723,2.4856920101711032e-18,7.041317305636e-19
3.724,2.45353766803529e-18,6.973456596743545e-19
3.725,2.421797574466369e-18,6.906169898874275e-19
3.726,2.3904664160198663e-18,6.839453752342446e-19
3.727,2.3595389470803007e-18,6.773304690590816e-19
3.728,2.3290099889998595e-18,6.707719240949562e-19
3.729,2.298874429247948e-18,6.642693925376718e-19
3.73,2.2691272205714745e-18,6.578225261180477e-19
3.731,2.2397633801657395e-18,6.514309761723708e-19
3.732,2.2107779888557926e-18,6.450943937111026e-19
3.733,2.1821661902881303e-18,6.388124294858747e-19
3.734,2.1539231901325975e-18,6.325847340548051e-19
3.735,2.1260442552943738e-18,6.264109578461683e-19
3.736,2.0985247131359123e-18,6.202907512204503e-19
3.737,2.071359950708705e-18,6.142237645308197e-19
3.738,2.0445454139947567e-18,6.082096481820455e-19
3.739,2.018076607157642e-18,6.022480526878914e-19
3.74,1.9919490918030243e-18,5.963386287270169e-19
3.741,1.9661584862485203e-18,5.904810271974129e-19
3.742,1.9407004648027934e-18,5.846748992694011e-19
3.743,1.915570757053755e-18,5.789198964372259e-19
3.744,1.890765147165766e-18,5.732156705692647e-19
3.745,1.8662794731857217e-18,5.675618739568849e-19
3.746,1.8421096263579075e-18,5.61958159361974e-19
3.747,1.818251550447519e-18,5.56404180063168e-19
3.748,1.7947012410727338e-18,5.50899589900806e-19
3.749,1.771454745045232e-18,5.454440433206328e-19
3.75,1.7485081597190523e-18,5.400371954162778e-19
3.751,1.7258576323476882e-18,5.3467870197053245e-19
3.752,1.7034993594493107e-18,5.2936821949545065e-19
3.753,1.6814295861800252e-18,5.241054052712958e-19
3.754,1.6596446057150539e-18,5.188899173843575e-19
3.755,1.6381407586377474e-18,5.137214147636606e-19
3.756,1.616914432336328e-18,5.085995572165892e-19
3.757,1.5959620604082648e-18,5.035240054634468e-19
3.758,1.5752801220721871e-18,4.984944211709746e-19
3.759,1.5548651415872398e-18,4.935104669848496e-19
3.76,1.5347136876797869e-18,4.885718065611824e-19
3.761,1.5148223729773736e-18,4.836781045970349e-19
3.762,1.4951878534498515e-18,4.788290268599798e-19
3.763,1.4758068278575793e-18,4.740242402167188e-19
3.764,1.4566760372066106e-18,4.69263412660782e-19
3.765,1.4377922642107789e-18,4.645462133393247e-19
3.766,1.4191523327605937e-18,4.598723125790413e-19
3.767,1.4007531073988633e-18,4.552413819112161e-19
3.768,1.3825914928029573e-18,4.506530940959261e-19
3.769,1.3646644332736283e-18,4.461071231454163e-19
3.77,1.3469689122303057e-18,4.416031443466634e-19
3.771,1.3295019517127864e-18,4.371408342831445e-19
3.772,1.3122606118892355e-18,4.327198708558293e-19
3.773,1.2952419905704208e-18,4.283399333034107e-19
3.774,1.2784432227301048e-18,4.240007022217906e-19
3.775,1.2618614800315101e-18,4.197018595828368e-19
3.776,1.2454939703597882e-18,4.1544308875242637e-19
3.777,1.2293379373604143e-18,4.1122407450779103e-19
3.778,1.2133906599834297e-18,4.0704450305417945e-19
3.779,1.1976494520334642e-18,4.029040620408512e-19
3.78,1.1821116617254606e-18,3.9880244057641676e-19
3.781,1.1667746712460331e-18,3.947393292435382e-19
3.782,1.1516358963203855e-18,3.907144201130042e-19
3.783,1.1366927857847215e-18,3.8672740675719287e-19
3.784,1.1219428211640772e-18,3.827779842629366e-19
3.785,1.1073835162555068e-18,3.788658492438015e-19
3.786,1.0930124167165545e-18,3.7499069985179454e-19
3.787,1.0788270996589462e-18,3.7115223578851114e-19
3.788,1.0648251732474355e-18,3.6735015831573636e-19
3.789,1.0510042763037369e-18,3.6358417026551063e-19
3.79,1.0373620779154854e-18,3.598539760496735e-19
3.791,1.0238962770501567e-18,3.5615928166889604e-19
3.792,1.0106046021738847e-18,3.5249979472121476e-19
3.793,9.974848108751194e-19,3.488752244100769e-19
3.794,9.84534689493056e-19,3.452852815519098e-19
3.795,9.717520527507844e-19,3.4172967858322446e-19
3.796,9.591347433930905e-19,3.382081295672642e-19
3.797,9.466806318288587e-19,3.3472035020020894e-19
3.798,9.343876157780108e-19,3.312660578169461e-19
3.799,9.22253619922929e-19,3.278449713964172e-19
3.8,9.102765955643037e-19,3.244568115665512e-19
3.801,8.984545202813505e-19,3.211013006087936e-19
3.802,8.867853975963428e-19,3.177781624622418e-19
3.803,8.752672566434036e-19,3.1448712272739503e-19
3.804,8.638981518415038e-19,3.1122790866952906e-19
3.805,8.526761625716142e-19,3.0800024922170445e-19
3.806,8.415993928579577e-19,3.0480387498741717e-19
3.807,8.306659710533101e-19,3.0163851824290034e-19
3.808,8.198740495282998e-19,2.985039129390858e-19
3.809,8.092218043646536e-19,2.953997947032342e-19
3.81,7.987074350523415e-19,2.923259008402408e-19
3.811,7.88329164190568e-19,2.892819703336265e-19
3.812,7.780852371925641e-19,2.8626774384622114e-19
3.813,7.679739219941312e-19,2.8328296372054705e-19
3.814,7.579935087658874e-19,2.8032737397891054e-19
3.815,7.481423096291743e-19,2.774007203232087e-19
3.816,7.384186583755716e-19,2.7450275013445915e-19
3.817,7.288209101899798e-19,2.7163321247206e-19
3.818,7.193474413772221e-19,2.687918580727861e-19
3.819,7.099966490921227e-19,2.6597843934952994e-19
3.82,7.007669510730167e-19,2.6319271038979317e-19
3.821,6.916567853786497e-19,2.604344269539354e-19
3.822,6.826646101284221e-19,2.5770334647318703e-19
3.823,6.737889032459372e-19,2.5499922804743257e-19
3.824,6.650281622058114e-19,2.523218324427704e-19
3.825,6.563809037837046e-19,2.4967092208885543e-19
3.826,6.4784566380953035e-19,2.470462610760306e-19
3.827,6.394209969238055e-19,2.444476151522531e-19
3.828,6.311054763370997e-19,2.4187475171982105e-19
3.829,6.228976935925458e-19,2.393274398319067e-19
3.83,6.147962583313711e-19,2.368054501889008e-19
3.831,6.067997980614142e-19,2.343085551345748e-19
3.832,5.989069579285851e-19,2.318365286520654e-19
3.833,5.911164004912364e-19,2.2938914635968674e-19
3.834,5.834268054974049e-19,2.2696618550657595e-19
3.835,5.758368696648888e-19,2.2456742496817608e-19
3.836,5.683453064641244e-19,2.2219264524156267e-19
3.837,5.60950845903828e-19,2.1984162844061725e-19
3.838,5.536522343193653e-19,2.1751415829105387e-19
3.839,5.464482341638162e-19,2.1521002012530253e-19
3.84,5.393376238017001e-19,2.1292900087725414e-19
3.841,5.323191973053282e-19,2.1067088907687154e-19
3.842,5.253917642537484e-19,2.0843547484467108e-19
3.843,5.185541495342515e-19,2.062225498860787e-19
3.844,5.118051931464059e-19,2.0403190748566496e-19
3.845,5.051437500085875e-19,2.018633425012628e-19
3.846,4.985686897669751e-19,1.997166513579725e-19
3.847,4.920788966069792e-19,1.9759163204205728e-19
3.848,4.856732690670721e-19,1.954880840947336e-19
3.849,4.793507198549915e-19,1.9340580860585983e-19
3.85,4.731101756662853e-19,1.9134460820752713e-19
3.851,4.669505770051691e-19,1.8930428706755598e-19
3.852,4.608708780076665e-19,1.872846508829018e-19
3.853,4.548700462670035e-19,1.8528550687297342e-19
3.854,4.489470626612288e-19,1.833066637728673e-19
3.855,4.431009211830304e-19,1.8134793182652132e-19
3.856,4.373306287717234e-19,1.79409122779791e-19
3.857,4.316352051473779e-19,1.7749004987345134e-19
3.858,4.260136826470625e-19,1.7559052783612752e-19
3.859,4.2046510606317617e-19,1.7371037287715752e-19
3.86,4.1498853248384083e-19,1.718494026793891e-19
3.861,4.0958303113532977e-19,1.70007436391915e-19
3.862,4.042476832265053e-19,1.6818429462274803e-19
3.863,3.989815817952407e-19,1.6637979943143974e-19
3.864,3.93783831556801e-19,1.6459377432164493e-19
3.865,3.886535487541572e-19,1.6282604423363476e-19
3.866,3.8358986101021115e-19,1.610764355367608e-19
3.867,3.785919071819043e-19,1.5934477602187311e-19
3.868,3.73658837216189e-19,1.5763089489369415e-19
3.869,3.687898120078365e-19,1.559346227631514e-19
3.87,3.6398400325906e-19,1.5425579163967075e-19
3.871,3.5924059334092887e-19,1.5259423492343326e-19
3.872,3.545587751565512e-19,1.5094978739759724e-19
3.873,3.4993775200600296e-19,1.4932228522048798e-19
3.874,3.453767374529808e-19,1.4771156591775735e-19
3.875,3.408749551931572e-19,1.4611746837451524e-19
3.876,3.3643163892421587e-19,1.4453983282743483e-19
3.877,3.320460322175464e-19,1.4297850085683398e-19
3.878,3.277173883915772e-19,1.4143331537873432e-19
3.879,3.234449703867253e-19,1.3990412063690026e-19
3.88,3.192280506419434e-19,1.383907621948595e-19
3.881,3.1506591097284264e-19,1.3689308692790708e-19
3.882,3.1095784245137273e-19,1.3541094301509467e-19
3.883,3.0690314528703787e-19,1.3394417993120668e-19
3.884,3.0290112870963037e-19,1.3249264843872516e-19
3.885,2.9895111085346195e-19,1.3105620057978487e-19
3.886,2.9505241864307377e-19,1.2963468966812022e-19
3.887,2.912043876804064e-19,1.282279702810057e-19
3.888,2.8740636213341178e-19,1.268358982511913e-19
3.889,2.8365769462608772e-19,1.2545833065883423e-19
3.89,2.7995774612991775e-19,1.2409512582342865e-19
3.891,2.7630588585669825e-19,1.2274614329573476e-19
3.892,2.7270149115273485e-19,1.2141124384970836e-19
3.893,2.691439473943914e-19,1.2009028947443268e-19
3.894,2.6563264788497347e-19,1.1878314336605326e-19
3.895,2.6216699375293015e-19,1.1748966991971771e-19
3.896,2.587463938513571e-19,1.1620973472152109e-19
3.897,2.5537026465878387e-19,1.1494320454045827e-19
3.898,2.520380301812301e-19,1.1368994732038482e-19
3.899,2.487491218555135e-19,1.1244983217198687e-19
3.9,2.455029784537945e-19,1.1122272936476158e-19
3.901,2.422990459893411e-19,1.1000851031900922e-19
3.902,2.3913677762349885e-19,1.088070475978377e-19
3.903,2.3601563357385075e-19,1.0761821489918073e-19
3.904,2.3293508102355145e-19,1.0644188704783062e-19
3.905,2.2989459403182106e-19,1.0527793998748658e-19
3.906,2.2689365344558406e-19,1.0412625077281959e-19
3.907,2.2393174681223824e-19,1.0298669756155455e-19
3.908,2.2100836829353963e-19,1.018591596065708e-19
3.909,2.181230185805892e-19,1.0074351724802182e-19
3.91,2.1527520480990722e-19,9.963965190547477e-20
3.911,2.1246444048058122e-19,9.854744607007093e-20
3.912,2.0969024537247454e-19,9.746678329670767e-20
3.913,2.0695214546548106e-19,9.639754819624273e-20
3.914,2.0424967285981357e-19,9.533962642772154e-20
3.915,2.0158236569731236e-19,9.429290469062839e-20
3.916,1.9894976808376064e-19,9.325727071716197e-20
3.917,1.9635143001219475e-19,9.223261326453611e-20
3.918,1.937869072871957e-19,9.121882210730627e-20
3.919,1.9125576145015017e-19,9.021578802972247e-20
3.92,1.8875755970546811e-19,8.922340281810913e-20
3.921,1.8629187484774529e-19,8.824155925327269e-20
3.922,1.8385828518985803e-19,8.727015110293722e-20
3.923,1.814563744919792e-19,8.630907311420883e-20
3.924,1.7908573189150277e-19,8.535822100606932e-20
3.925,1.7674595183386597e-19,8.441749146189954e-20
3.926,1.744366340042575e-19,8.348678212203305e-20
3.927,1.721573832602003e-19,8.256599157634041e-20
3.928,1.6990780956499786e-19,8.165501935684472e-20
3.929,1.6768752792203321e-19,8.075376593036876e-20
3.93,1.6549615830990946e-19,7.98621326912141e-20
3.931,1.6333332561842123e-19,7.89800219538727e-20
3.932,1.6119865958534663e-19,7.810733694577141e-20
3.933,1.5909179473404885e-19,7.724398180004949e-20
3.934,1.5701237031187763e-19,7.63898615483699e-20
3.935,1.549600302293597e-19,7.55448821137643e-20
3.936,1.5293442300016895e-19,7.470895030351251e-20
3.937,1.509352016818656e-19,7.388197380205636e-20
3.938,1.4896202381739512e-19,7.306386116394846e-20
3.939,1.4701455137733697e-19,7.225452180683607e-20
3.94,1.4509245070289352e-19,7.145386600448049e-20
3.941,1.4319539244960997e-19,7.066180487981205e-20
3.942,1.4132305153181575e-19,6.987825039802108e-20
3.943,1.3947510706777823e-19,6.910311535968499e-20
3.944,1.376512423255595e-19,6.833631339393183e-20
3.945,1.3585114466956782e-19,6.757775895164038e-20
3.946,1.3407450550779396e-19,6.682736729867713e-20
3.947,1.3232102023972457e-19,6.608505450917018e-20
3.948,1.3059038820492342e-19,6.535073745882037e-20
3.949,1.2888231263227204e-19,6.462433381824976e-20
3.95,1.2719650058986165e-19,6.390576204638754e-20
3.951,1.255326629355276e-19,6.319494138389372e-20
3.952,1.2389051426801863e-19,6.249179184662047e-20
3.953,1.2226977287879228e-19,6.179623421911149e-20
3.954,1.2067016070442895e-19,6.110819004813935e-20
3.955,1.190914032796566e-19,6.042758163628095e-20
3.956,1.1753322969097783e-19,5.975433203553129e-20
3.957,1.1599537253089252e-19,5.908836504095554e-20
3.958,1.1447756785270746e-19,5.842960518437944e-20
3.959,1.1297955512592632e-19,5.777797772811835e-20
3.96,1.1150107719221194e-19,5.713340865874468e-20
3.961,1.1004188022191386e-19,5.649582468089402e-20
3.962,1.0860171367115402e-19,5.58651532111099e-20
3.963,1.0718033023946318e-19,5.524132237172722e-20
3.964,1.0577748582796126e-19,5.462426098479442e-20
3.965,1.0439293949807461e-19,5.40138985660344e-20
3.966,1.0302645343078323e-19,5.341016531884422e-20
3.967,1.0167779288639132e-19,5.2812992128333557e-20
3.968,1.0034672616481436e-19,5.222231055540193e-20
3.969,9.903302456637624e-20,5.163805283085479e-20
3.97,9.773646235310971e-20,5.106015184955824e-20
3.971,9.645681671055403e-20,5.0488541164632704e-20
3.972,9.519386771004311e-20,4.992315498168512e-20
3.973,9.394739827147814e-20,4.936392815308002e-20
3.974,9.27171941265784e-20,4.881079617224919e-20
3.975,9.150304378260418e-20,4.826369516804e-20
3.976,9.030473848654567e-20,4.772256189910232e-20
3.977,8.912207218977204e-20,4.7187333748314015e-20
3.978,8.795484151313466e-20,4.665794871724485e-20
3.979,8.68028457125187e-20,4.6134345420658935e-20
3.98,8.566588664483748e-20,4.561646308105543e-20
3.981,8.454376873446374e-20,4.510424152324765e-20
3.982,8.343629894009232e-20,4.459762116898031e-20
3.983,8.234328672202878e-20,4.4096543031584937e-20
3.984,8.126454400989841e-20,4.3600948710673404e-20
3.985,8.019988517077033e-20,4.311078038686934e-20
3.986,7.914912697769137e-20,4.26259808165775e-20
3.987,7.811208857862436e-20,4.2146493326790894e-20
3.988,7.708859146578584e-20,4.167226180993561e-20
3.989,7.6078459445378e-20,4.120323071875321e-20
3.99,7.508151860770974e-20,4.0739345061220653e-20
3.991,7.409759729770189e-20,4.028055039550751e-20
3.992,7.312652608577184e-20,3.98267928249705e-20
3.993,7.216813773909246e-20,3.9378018993185144e-20
3.994,7.122226719322074e-20,3.8934176079014444e-20
3.995,7.028875152409126e-20,3.849521179171441e-20
3.996,6.93674299203699e-20,3.806107436607645e-20
3.997,6.84581436561632e-20,3.763171255760631e-20
3.998,6.75607360640787e-20,3.720707563773956e-20
3.999,6.6675052508632e-20,3.6787113389093454e-20
4.0,6.580094035999568e-20,3.637177610075502e-20
