M omega,Re(tilde_Psi_4),Im(tilde_Psi_4)
-4.0,-1.9887959635099356e-20,-1.485449597965326e-20
-3.999,-2.0133283214269804e-20,-1.5041756962403743e-20
-3.998,-2.0381629616900856e-20,-1.5231380968013394e-20
-3.997,-2.0633036044835148e-20,-1.5423397844747922e-20
-3.996,-2.088754015715174e-20,-1.5617837818269766e-20
-3.995,-2.1145180075777616e-20,-1.5814731496414487e-20
-3.994,-2.1405994391167962e-20,-1.6014109874027676e-20
-3.993,-2.1670022168056016e-20,-1.621600433786313e-20
-3.992,-2.193730295127339e-20,-1.642044667154309e-20
-3.991,-2.220787677164168e-20,-1.6627469060581304e-20
-3.99,-2.248178415193628e-20,-1.6837104097469736e-20
-3.989,-2.2759066112923235e-20,-1.7049384786829726e-20
-3.988,-2.303976417947007e-20,-1.72643445506284e-20
-3.987,-2.3323920386731464e-20,-1.748201723346117e-20
-3.986,-2.3611577286410744e-20,-1.770243710790116e-20
-3.985,-2.3902777953098015e-20,-1.792563887991641e-20
-3.984,-2.4197565990685983e-20,-1.815165769435572e-20
-3.983,-2.449598553886436e-20,-1.838052914050399e-20
-3.982,-2.4798081279693812e-20,-1.8612289257707943e-20
-3.981,-2.5103898444260428e-20,-1.8846974541073143e-20
-3.98,-2.5413482819411716e-20,-1.908462194723318e-20
-3.979,-2.5726880754575088e-20,-1.932526890019197e-20
-3.978,-2.604413916865987e-20,-1.9568953297240058e-20
-3.977,-2.6365305557043843e-20,-1.9815713514945908e-20
-3.976,-2.669042799864535e-20,-2.0065588415223097e-20
-3.975,-2.7019555163082022e-20,-2.031861735147439e-20
-3.974,-2.735273631791719e-20,-2.0574840174813665e-20
-3.973,-2.7690021335995e-20,-2.083429724036668e-20
-3.972,-2.803146070286543e-20,-2.1097029413651673e-20
-3.971,-2.837710552430016e-20,-2.1363078077040853e-20
-3.97,-2.8727007533900527e-20,-2.1632485136303696e-20
-3.969,-2.9081219100798624e-20,-2.190529302723324e-20
-3.968,-2.9439793237452745e-20,-2.2181544722356283e-20
-3.967,-2.98027836075382e-20,-2.2461283737728658e-20
-3.966,-3.017024453393485e-20,-2.2744554139816604e-20
-3.965,-3.054223100681238e-20,-2.303140055246533e-20
-3.964,-3.0918798691814606e-20,-2.3321868163955914e-20
-3.963,-3.130000393834395e-20,-2.361600273415162e-20
-3.962,-3.168590378794741e-20,-2.391385060173477e-20
-3.961,-3.2076555982805133e-20,-2.4215458691535357e-20
-3.96,-3.247201897432299e-20,-2.452087452195251e-20
-3.959,-3.2872351931830266e-20,-2.4830146212470023e-20
-3.958,-3.3277614751383914e-20,-2.5143322491267147e-20
-3.957,-3.3687868064680526e-20,-2.546045270292581e-20
-3.956,-3.410317324807745e-20,-2.5781586816235548e-20
-3.955,-3.452359243172433e-20,-2.6106775432097334e-20
-3.954,-3.4949188508806406e-20,-2.643606979152759e-20
-3.953,-3.538002514490099e-20,-2.676952178376364e-20
-3.952,-3.581616678744847e-20,-2.7107183954471917e-20
-3.951,-3.625767867533924e-20,-2.744910951406017e-20
-3.95,-3.670462684861797e-20,-2.779535234609505e-20
-3.949,-3.715707815830667e-20,-2.8145967015826374e-20
-3.948,-3.761510027634796e-20,-2.850100877881947e-20
-3.947,-3.807876170567009e-20,-2.8860533589696883e-20
-3.946,-3.854813179037509e-20,-2.922459811099092e-20
-3.945,-3.902328072605166e-20,-2.959325972210841e-20
-3.944,-3.950427957021423e-20,-2.996657652840909e-20
-3.943,-3.9991200252869805e-20,-3.034460737039905e-20
-3.942,-4.048411558721414e-20,-3.072741183304071e-20
-3.941,-4.098309928045875e-20,-3.1115050255180886e-20
-3.94,-4.1488225944790524e-20,-3.1507583739098265e-20
-3.939,-4.1999571108465297e-20,-3.190507416017195e-20
-3.938,-4.251721122703734e-20,-3.230758417667261e-20
-3.937,-4.304122369472614e-20,-3.271517723967766e-20
-3.936,-4.3571686855922305e-20,-3.3127917603112236e-20
-3.935,-4.410868001683427e-20,-3.3545870333917367e-20
-3.934,-4.465228345727749e-20,-3.396910132234711e-20
-3.933,-4.5202578442607877e-20,-3.4397677292396194e-20
-3.932,-4.575964723580125e-20,-3.4831665812359873e-20
-3.931,-4.632357310968058e-20,-3.527113530552767e-20
-3.93,-4.68944403592928e-20,-3.571615506101262e-20
-3.929,-4.7472334314437074e-20,-3.616679524471791e-20
-3.928,-4.805734135234629e-20,-3.662312691044248e-20
-3.927,-4.864954891052376e-20,-3.70852220111274e-20
-3.926,-4.924904549973686e-20,-3.7553153410244946e-20
-3.925,-4.9855920717169735e-20,-3.802699489333195e-20
-3.924,-5.047026525973676e-20,-3.850682117966942e-20
-3.923,-5.109217093755899e-20,-3.899270793411028e-20
-3.922,-5.172173068760538e-20,-3.948473177905699e-20
-3.921,-5.2359038587500866e-20,-3.998297030659113e-20
-3.92,-5.300418986950333e-20,-4.0487502090756676e-20
-3.919,-5.36572809346516e-20,-4.0998406699999113e-20
-3.918,-5.431840936708635e-20,-4.151576470976217e-20
-3.917,-5.498767394854628e-20,-4.203965771524439e-20
-3.916,-5.566517467304156e-20,-4.2570168344317316e-20
-3.915,-5.635101276170662e-20,-4.310738027060761e-20
-3.914,-5.704529067783478e-20,-4.365137822674497e-20
-3.913,-5.774811214209655e-20,-4.420224801777803e-20
-3.912,-5.845958214794419e-20,-4.476007653476046e-20
-3.911,-5.91798069772045e-20,-4.5324951768509213e-20
-3.91,-5.990889421586242e-20,-4.5896962823537373e-20
-3.909,-6.064695277003758e-20,-4.647619993216357e-20
-3.908,-6.139409288215614e-20,-4.706275446880036e-20
-3.907,-6.21504261473205e-20,-4.765671896442383e-20
-3.906,-6.291606552987909e-20,-4.8258187121226624e-20
-3.905,-6.369112538019872e-20,-4.8867253827456823e-20
-3.904,-6.447572145164209e-20,-4.948401517244503e-20
-3.903,-6.526997091775278e-20,-5.0108568461821953e-20
-3.902,-6.607399238965045e-20,-5.0741012232929065e-20
-3.901,-6.688790593363859e-20,-5.1381446270424606e-20
-3.9,-6.771183308902758e-20,-5.202997162208754e-20
-3.899,-6.85458968861757e-20,-5.268669061482199e-20
-3.898,-6.939022186475054e-20,-5.335170687086454e-20
-3.897,-7.02449340922138e-20,-5.402512532419719e-20
-3.896,-7.111016118253194e-20,-5.470705223716839e-20
-3.895,-7.198603231511559e-20,-5.53975952173249e-20
-3.894,-7.287267825399048e-20,-5.60968632344572e-20
-3.893,-7.377023136720262e-20,-5.680496663786091e-20
-3.892,-7.46788256464608e-20,-5.752201717381732e-20
-3.891,-7.5598596727019e-20,-5.824812800329555e-20
-3.89,-7.652968190780196e-20,-5.898341371987923e-20
-3.889,-7.747222017177666e-20,-5.972799036792056e-20
-3.888,-7.84263522065727e-20,-6.048197546092463e-20
-3.887,-7.939222042535484e-20,-6.124548800016697e-20
-3.886,-8.036996898795046e-20,-6.201864849354712e-20
-3.885,-8.135974382223536e-20,-6.280157897468153e-20
-3.884,-8.236169264578074e-20,-6.359440302223847e-20
-3.883,-8.337596498776487e-20,-6.439724577951825e-20
-3.882,-8.440271221115234e-20,-6.521023397428184e-20
-3.881,-8.544208753514453e-20,-6.603349593883096e-20
-3.88,-8.649424605790415e-20,-6.686716163034294e-20
-3.879,-8.755934477955773e-20,-6.771136265146345e-20
-3.878,-8.863754262547885e-20,-6.856623227116052e-20
-3.877,-8.972900046985614e-20,-6.943190544584304e-20
-3.876,-9.083388115954906e-20,-7.030851884074724e-20
-3.875,-9.195234953823506e-20,-7.119621085159436e-20
-3.874,-9.308457247085203e-20,-7.209512162652317e-20
-3.873,-9.423071886833903e-20,-7.300539308830061e-20
-3.872,-9.539095971267949e-20,-7.392716895681431e-20
-3.871,-9.656546808225022e-20,-7.486059477185039e-20
-3.87,-9.775441917748016e-20,-7.580581791616017e-20
-3.869,-9.895799034682245e-20,-7.676298763881968e-20
-3.868,-1.001763611130439e-19,-7.77322550788853e-20
-3.867,-1.0140971319983541e-19,-7.871377328934973e-20
-3.866,-1.026582305587476e-19,-7.97076972614017e-20
-3.865,-1.0392209939645526e-19,-8.071418394899357e-20
-3.864,-1.0520150820235495e-19,-8.173339229372062e-20
-3.863,-1.0649664777649951e-19,-8.276548325001593e-20
-3.862,-1.0780771125787394e-19,-8.381061981066498e-20
-3.861,-1.0913489415301638e-19,-8.486896703264387e-20
-3.86,-1.1047839436498877e-19,-8.594069206328553e-20
-3.859,-1.1183841222270127e-19,-8.702596416677773e-20
-3.858,-1.1321515051059479e-19,-8.812495475099746e-20
-3.857,-1.1460881449868588e-19,-8.923783739468566e-20
-3.856,-1.1601961197297875e-19,-9.036478787496683e-20
-3.855,-1.1744775326624833e-19,-9.15059841952178e-20
-3.854,-1.1889345128919945e-19,-9.266160661329009e-20
-3.853,-1.2035692156200635e-19,-9.383183767009037e-20
-3.852,-1.2183838224623733e-19,-9.50168622185236e-20
-3.851,-1.2333805417716922e-19,-9.621686745280345e-20
-3.85,-1.2485616089649618e-19,-9.743204293813453e-20
-3.849,-1.2639292868543815e-19,-9.866258064077142e-20
-3.848,-1.279485865982532e-19,-9.990867495845898e-20
-3.847,-1.2952336649615929e-19,-1.0117052275125903e-19
-3.846,-1.3111750308166976e-19,-1.0244832337276816e-19
-3.845,-1.3273123393334843e-19,-1.0374227870173172e-19
-3.844,-1.3436479954098854e-19,-1.0505259317405896e-19
-3.843,-1.3601844334122134e-19,-1.0637947381524446e-19
-3.842,-1.376924117535593e-19,-1.0772313027320093e-19
-3.841,-1.393869542168792e-19,-1.0908377485150883e-19
-3.84,-1.4110232322635066e-19,-1.1046162254308772e-19
-3.839,-1.4283877437081512e-19,-1.118568910642951e-19
-3.838,-1.4459656637062139e-19,-1.1326980088945791e-19
-3.837,-1.4637596111592267e-19,-1.1470057528584226e-19
-3.836,-1.4817722370544113e-19,-1.16149440349067e-19
-3.835,-1.5000062248570547e-19,-1.1761662503896664e-19
-3.834,-1.518464290907675e-19,-1.1910236121590956e-19
-3.833,-1.53714918482403e-19,-1.2060688367757704e-19
-3.832,-1.5560636899080377e-19,-1.2213043019620906e-19
-3.831,-1.5752106235576552e-19,-1.236732415563229e-19
-3.83,-1.594592837683789e-19,-1.2523556159291038e-19
-3.829,-1.6142132191322896e-19,-1.2681763723011998e-19
-3.828,-1.6340746901110959e-19,-1.284197185204297e-19
-3.827,-1.6541802086225912e-19,-1.3004205868431753e-19
-3.826,-1.6745327689012342e-19,-1.3168491415043493e-19
-3.825,-1.6951354018565296e-19,-1.333485445962906e-19
-3.824,-1.7159911755214022e-19,-1.3503321298945045e-19
-3.823,-1.737103195506042e-19,-1.3673918562926056e-19
-3.822,-1.758474605457286e-19,-1.384667321890997e-19
-3.821,-1.7801085875236024e-19,-1.4021612575916818e-19
-3.82,-1.8020083628257503e-19,-1.4198764288981986e-19
-3.819,-1.8241771919331761e-19,-1.4378156363544414e-19
-3.818,-1.8466183753462252e-19,-1.4559817159890494e-19
-3.817,-1.869335253984234e-19,-1.4743775397654384e-19
-3.816,-1.8923312096795736e-19,-1.4930060160375453e-19
-3.815,-1.9156096656777225e-19,-1.5118700900113549e-19
-3.814,-1.939174087143436e-19,-1.5309727442122893e-19
-3.813,-1.9630279816730903e-19,-1.550316998958528e-19
-3.812,-1.9871748998132743e-19,-1.5699059128403355e-19
-3.811,-2.011618435585706e-19,-1.5897425832054772e-19
-3.81,-2.0363622270185517e-19,-1.609830146650794e-19
-3.809,-2.0614099566842213e-19,-1.6301717795200191e-19
-3.808,-2.0867653522437264e-19,-1.6507706984079135e-19
-3.807,-2.1124321869976712e-19,-1.6716301606708026e-19
-3.806,-2.1384142804439665e-19,-1.6927534649435928e-19
-3.805,-2.1647154988423413e-19,-1.714143951663353e-19
-3.804,-2.191339755785738e-19,-1.735805003599543e-19
-3.803,-2.2182910127786754e-19,-1.7577400463909713e-19
-3.802,-2.245573279822663e-19,-1.7799525490895735e-19
-3.801,-2.273190616008751e-19,-1.8024460247110913e-19
-3.8,-2.3011471301173056e-19,-1.8252240307927447e-19
-3.799,-2.3294469812250987e-19,-1.8482901699579832e-19
-3.798,-2.358094379319793e-19,-1.8716480904884083e-19
-3.797,-2.387093585921922e-19,-1.8953014869029565e-19
-3.796,-2.416448914714453e-19,-1.9192541005444365e-19
-3.795,-2.446164732180019e-19,-1.943509720173512e-19
-3.794,-2.476245458245923e-19,-1.968072182570229e-19
-3.793,-2.5066955669370036e-19,-1.9929453731431762e-19
-3.792,-2.537519587036455e-19,-2.0181332265463852e-19
-3.791,-2.5687221027547038e-19,-2.043639727304059e-19
-3.79,-2.6003077544064394e-19,-2.0694689104432354e-19
-3.789,-2.6322812390958904e-19,-2.0956248621344826e-19
-3.788,-2.6646473114104584e-19,-2.12211172034073e-19
-3.787,-2.697410784122802e-19,-2.1489336754743385e-19
-3.786,-2.7305765289014755e-19,-2.176094971062513e-19
-3.785,-2.7641494770302315e-19,-2.203599904421165e-19
-3.784,-2.7981346201360836e-19,-2.2314528273373324e-19
-3.783,-2.832537010926245e-19,-2.2596581467602617e-19
-3.782,-2.867361763934044e-19,-2.2882203255012715e-19
-3.781,-2.9026140562739285e-19,-2.317143882942498e-19
-3.78,-2.9382991284056715e-19,-2.346433395754642e-19
-3.779,-2.974422284907884e-19,-2.3760934986238324e-19
-3.778,-3.010988895260955e-19,-2.406128884987717e-19
-3.777,-3.0480043946395294e-19,-2.436544307780903e-19
-3.776,-3.085474284714638e-19,-2.4673445801898637e-19
-3.775,-3.1234041344656025e-19,-2.4985345764174304e-19
-3.774,-3.161799581001828e-19,-2.5301192324569956e-19
-3.773,-3.2006663303946084e-19,-2.562103546876544e-19
-3.772,-3.240010158519065e-19,-2.5944925816126466e-19
-3.771,-3.2798369119063353e-19,-2.627291462774532e-19
-3.77,-3.320152508606147e-19,-2.660505381458373e-19
-3.769,-3.360962939059897e-19,-2.694139594571914e-19
-3.768,-3.4022742669843613e-19,-2.7281994256695706e-19
-3.767,-3.444092630266171e-19,-2.7626902657981366e-19
-3.766,-3.486424241867181e-19,-2.797617574353231e-19
-3.765,-3.5292753907408636e-19,-2.8329868799466204e-19
-3.764,-3.572652442759861e-19,-2.8688037812845613e-19
-3.763,-3.6165618416548383e-19,-2.905073948057295e-19
-3.762,-3.661010109964762e-19,-2.941803121839841e-19
-3.761,-3.706003849998756e-19,-2.978997117004229e-19
-3.76,-3.7515497448096645e-19,-3.0166618216433237e-19
-3.759,-3.7976545591794743e-19,-3.0548031985063746e-19
-3.758,-3.844325140616729e-19,-3.0934272859464577e-19
-3.757,-3.8915684203660947e-19,-3.1325401988799435e-19
-3.756,-3.939391414430207e-19,-3.172148129758157e-19
-3.755,-3.9878012246039696e-19,-3.212257349551378e-19
-3.754,-4.036805039521437e-19,-3.25287420874534e-19
-3.753,-4.086410135715441e-19,-3.294005138350386e-19
-3.752,-4.136623878690124e-19,-3.3356566509234455e-19
-3.751,-4.187453724006519e-19,-3.3778353416029893e-19
-3.75,-4.23890721838135e-19,-3.4205478891571354e-19
-3.749,-4.2909920007992027e-19,-3.4638010570450643e-19
-3.748,-4.343715803638239e-19,-3.507601694491919e-19
-3.747,-4.397086453809604e-19,-3.5519567375773626e-19
-3.746,-4.451111873910703e-19,-3.596873210337955e-19
-3.745,-4.505800083392528e-19,-3.642358225883546e-19
-3.744,-4.561159199741161e-19,-3.6884189875278384e-19
-3.743,-4.617197439673692e-19,-3.7350627899333202e-19
-3.742,-4.67392312034866e-19,-3.782297020270739e-19
-3.741,-4.731344660591241e-19,-3.8301291593933074e-19
-3.74,-4.789470582133338e-19,-3.878566783025824e-19
-3.739,-4.848309510868766e-19,-3.9276175629689e-19
-3.738,-4.9078701781237005e-19,-3.977289268318489e-19
-3.737,-4.968161421942592e-19,-4.0275897667009044e-19
-3.736,-5.029192188389726e-19,-4.07852702552353e-19
-3.735,-5.09097153286661e-19,-4.1301091132414204e-19
-3.734,-5.153508621445396e-19,-4.18234420063999e-19
-3.733,-5.216812732218527e-19,-4.2352405621340032e-19
-3.732,-5.28089325666479e-19,-4.2888065770830644e-19
-3.731,-5.345759701032001e-19,-4.343050731123823e-19
-3.73,-5.411421687736498e-19,-4.3979816175190985e-19
-3.729,-5.477888956779666e-19,-4.453607938524163e-19
-3.728,-5.545171367181689e-19,-4.509938506770358e-19
-3.727,-5.613278898432736e-19,-4.566982246666314e-19
-3.726,-5.682221651961807e-19,-4.624748195816959e-19
-3.725,-5.752009852623435e-19,-4.683245506460566e-19
-3.724,-5.822653850202476e-19,-4.742483446924048e-19
-3.723,-5.894164120937191e-19,-4.802471403096755e-19
-3.722,-5.966551269060861e-19,-4.863218879922994e-19
-3.721,-6.03982602836214e-19,-4.9247355029135105e-19
-3.72,-6.113999263764389e-19,-4.9870310196761795e-19
-3.719,-6.189081972924206e-19,-5.050115301466141e-19
-3.718,-6.265085287849406e-19,-5.11399834475564e-19
-3.717,-6.342020476536659e-19,-5.178690272823807e-19
-3.716,-6.419898944629053e-19,-5.244201337366645e-19
-3.715,-6.498732237093798e-19,-5.310541920127468e-19
-3.714,-6.578532039920341e-19,-5.37772253454807e-19
-3.713,-6.6593101818391095e-19,-5.445753827440858e-19
-3.712,-6.74107863606116e-19,-5.514646580682254e-19
-3.711,-6.823849522038974e-19,-5.584411712927597e-19
-3.71,-6.907635107248653e-19,-5.655060281347852e-19
-3.709,-6.992447808993785e-19,-5.726603483388379e-19
-3.708,-7.078300196231229e-19,-5.799052658550057e-19
-3.707,-7.165204991419094e-19,-5.872419290193042e-19
-3.706,-7.253175072387186e-19,-5.94671500736345e-19
-3.705,-7.342223474230176e-19,-6.021951586643246e-19
-3.704,-7.432363391223789e-19,-6.098140954023648e-19
-3.703,-7.523608178764269e-19,-6.1752951868023455e-19
-3.702,-7.615971355331424e-19,-6.253426515504813e-19
-3.701,-7.709466604475516e-19,-6.332547325830059e-19
-3.7,-7.804107776828308e-19,-6.412670160621088e-19
-3.699,-7.899908892138532e-19,-6.493807721860415e-19
-3.698,-7.996884141332106e-19,-6.575972872690939e-19
-3.697,-8.09504788859737e-19,-6.659178639462502e-19
-3.696,-8.194414673495668e-19,-6.743438213804447e-19
-3.695,-8.29499921309756e-19,-6.828764954724539e-19
-3.694,-8.39681640414501e-19,-6.915172390734546e-19
-3.693,-8.49988132523981e-19,-7.002674222002833e-19
-3.692,-8.60420923905862e-19,-7.091284322534334e-19
-3.691,-8.709815594594892e-19,-7.181016742378213e-19
-3.69,-8.81671602942805e-19,-7.271885709863592e-19
-3.689,-8.924926372020206e-19,-7.363905633863699e-19
-3.688,-9.034462644040806e-19,-7.457091106088789e-19
-3.687,-9.145341062719478e-19,-7.551456903408208e-19
-3.686,-9.257578043227486e-19,-7.647017990201982e-19
-3.685,-9.371190201088082e-19,-7.743789520742285e-19
-3.684,-9.486194354616155e-19,-7.841786841605183e-19
-3.683,-9.602607527387487e-19,-7.941025494113034e-19
-3.682,-9.720446950738007e-19,-8.041521216807934e-19
-3.681,-9.83973006629339e-19,-8.143289947956601e-19
-3.68,-9.960474528529375e-19,-8.246347828087101e-19
-3.679,-1.0082698207363173e-18,-8.350711202557823e-19
-3.678,-1.0206419190776337e-18,-8.456396624159102e-19
-3.677,-1.0331655787469474e-18,-8.563420855747925e-19
-3.676,-1.0458426529549202e-18,-8.671800872916117e-19
-3.675,-1.0586750175247706e-18,-8.78155386669245e-19
-3.674,-1.0716645711675338e-18,-8.89269724627911e-19
-3.673,-1.0848132357606613e-18,-9.005248641822933e-19
-3.672,-1.098122956630002e-18,-9.119225907221882e-19
-3.671,-1.1115957028352093e-18,-9.234647122967206e-19
-3.67,-1.1252334674586087e-18,-9.351530599021718e-19
-3.669,-1.1390382678975748e-18,-9.469894877734668e-19
-3.668,-1.153012146160455e-18,-9.589758736793678e-19
-3.667,-1.1671571691660862e-18,-9.711141192214198e-19
-3.666,-1.1814754290469457e-18,-9.834061501366976e-19
-3.665,-1.195969043455981e-18,-9.958539166044e-19
-3.664,-1.210640155877165e-18,-1.0084593935563441e-18
-3.663,-1.225490935939817e-18,-1.0212245809914056e-18
-3.662,-1.2405235797367404e-18,-1.0341515042939566e-18
-3.661,-1.2557403101462201e-18,-1.0472422145563529e-18
-3.66,-1.2711433771579253e-18,-1.0604987889055208e-18
-3.659,-1.2867350582027692e-18,-1.0739233308336967e-18
-3.658,-1.302517658486769e-18,-1.0875179705333701e-18
-3.657,-1.3184935113289575e-18,-1.1012848652364875e-18
-3.656,-1.334664978503393e-18,-1.1152261995579672e-18
-3.655,-1.3510344505853202e-18,-1.1293441858435827e-18
-3.654,-1.367604347301528e-18,-1.1436410645222681e-18
-3.653,-1.384377117884959e-18,-1.1581191044629053e-18
-3.652,-1.4013552414336202e-18,-1.172780603335645e-18
-3.651,-1.4185412272738472e-18,-1.187627887977823e-18
-3.65,-1.4359376153279734e-18,-1.2026633147645304e-18
-3.649,-1.4535469764864598e-18,-1.2178892699838934e-18
-3.648,-1.4713719129845377e-18,-1.2333081702171257e-18
-3.647,-1.4894150587834192e-18,-1.248922462723415e-18
-3.646,-1.5076790799561298e-18,-1.264734625829701e-18
-3.645,-1.5261666750780219e-18,-1.2807471693254111e-18
-3.644,-1.5448805756220218e-18,-1.2969626348622164e-18
-3.643,-1.5638235463586705e-18,-1.3133835963588677e-18
-3.642,-1.582998385761015e-18,-1.3300126604111838e-18
-3.641,-1.6024079264144078e-18,-1.3468524667072491e-18
-3.64,-1.6220550354312774e-18,-1.363905688447894e-18
-3.639,-1.6419426148709238e-18,-1.3811750327725207e-18
-3.638,-1.6620736021644073e-18,-1.3986632411903442e-18
-3.637,-1.6824509705445845e-18,-1.416373090017118e-18
-3.636,-1.7030777294813609e-18,-1.434307390817412e-18
-3.635,-1.7239569251222163e-18,-1.4524689908525171e-18
-3.634,-1.7450916407380725e-18,-1.4708607735340428e-18
-3.633,-1.766484997174564e-18,-1.4894856588832857e-18
-3.632,-1.788140153308779e-18,-1.5083466039964394e-18
-3.631,-1.810060306511535e-18,-1.527446603515719e-18
-3.63,-1.832248693115259e-18,-1.5467886901064794e-18
-3.629,-1.854708588887535e-18,-1.5663759349403997e-18
-3.628,-1.877443309510395e-18,-1.586211448184813e-18
-3.627,-1.90045621106541e-18,-1.6062983794982599e-18
-3.626,-1.9237506905246686e-18,-1.6266399185323439e-18
-3.625,-1.9473301862476986e-18,-1.6472392954399692e-18
-3.624,-1.9711981784844095e-18,-1.668099781390043e-18
-3.623,-1.9953581898841334e-18,-1.6892246890887231e-18
-3.622,-2.019813786010828e-18,-1.7106173733072957e-18
-3.621,-2.0445685758645247e-18,-1.732281231416766e-18
-3.62,-2.069626212409091e-18,-1.75421970392925e-18
-3.619,-2.0949903931063903e-18,-1.776436275046249e-18
-3.618,-2.1206648604569072e-18,-1.7989344732139e-18
-3.617,-2.1466534025469255e-18,-1.821717871685288e-18
-3.616,-2.1729598536023317e-18,-1.84479008908991e-18
-3.615,-2.1995880945491286e-18,-1.8681547900103795e-18
-3.614,-2.2265420535807323e-18,-1.8918156855664728e-18
-3.613,-2.2538257067321477e-18,-1.9157765340065962e-18
-3.612,-2.2814430784610893e-18,-1.9400411413067832e-18
-3.611,-2.3093982422361464e-18,-1.9646133617773047e-18
-3.61,-2.337695321132065e-18,-1.9894970986770006e-18
-3.609,-2.3663384884322423e-18,-2.014696304835421e-18
-3.608,-2.3953319682385137e-18,-2.040214983282885e-18
-3.607,-2.424680036088324e-18,-2.06605718788855e-18
-3.606,-2.454387019579373e-18,-2.0922270240066007e-18
-3.605,-2.484457299001818e-18,-2.1187286491306548e-18
-3.604,-2.5148953079781373e-18,-2.1455662735564978e-18
-3.603,-2.5457055341107345e-18,-2.1727441610532405e-18
-3.602,-2.5768925196373837e-18,-2.200266629543022e-18
-3.601,-2.6084608620946112e-18,-2.228138051789354e-18
-3.6,-2.640415214989102e-18,-2.256362856094223e-18
-3.599,-2.6727602884772387e-18,-2.2849455270040614e-18
-3.598,-2.70550085005286e-18,-2.3138906060246953e-18
-3.597,-2.7386417252433456e-18,-2.343202692345394e-18
-3.596,-2.7721877983141274e-18,-2.372886443572124e-18
-3.595,-2.806144012981721e-18,-2.402946576470133e-18
-3.594,-2.8405153731353894e-18,-2.4333878677159835e-18
-3.593,-2.8753069435675402e-18,-2.4642151546591502e-18
-3.592,-2.910523850712959e-18,-2.495433336093307e-18
-3.591,-2.9461712833969853e-18,-2.527047373037426e-18
-3.59,-2.9822544935927467e-18,-2.559062289526816e-18
-3.589,-3.018778797187547e-18,-2.5914831734142207e-18
-3.588,-3.0557495747585333e-18,-2.6243151771811125e-18
-3.587,-3.093172272357741e-18,-2.6575635187593047e-18
-3.586,-3.1310524023066392e-18,-2.6912334823630186e-18
-3.585,-3.169395544000285e-18,-2.7253304193315362e-18
-3.584,-3.208207344721207e-18,-2.759859748982573e-18
-3.583,-3.247493520463131e-18,-2.794826959476508e-18
-3.582,-3.2872598567646705e-18,-2.8302376086916105e-18
-3.581,-3.3275122095530957e-18,-2.866097325110402e-18
-3.58,-3.368256505998316e-18,-2.902411808717293e-18
-3.579,-3.4094987453771777e-18,-2.9391868319076455e-18
-3.578,-3.4512449999482258e-18,-2.9764282404083942e-18
-3.577,-3.493501415837032e-18,-3.0141419542103915e-18
-3.576,-3.536274213932238e-18,-3.052333968512604e-18
-3.575,-3.5795696907924264e-18,-3.0910103546783323e-18
-3.574,-3.623394219563956e-18,-3.1301772612035902e-18
-3.573,-3.667754250909902e-18,-3.16984091469781e-18
-3.572,-3.712656313950212e-18,-3.210007620877025e-18
-3.571,-3.758107017213242e-18,-3.2506837655696874e-18
-3.57,-3.804113049598788e-18,-3.291875815735288e-18
-3.569,-3.850681181352755e-18,-3.3335903204959334e-18
-3.568,-3.897818265053618e-18,-3.375833912181052e-18
-3.567,-3.945531236610793e-18,-3.4186133073853936e-18
-3.566,-3.993827116275088e-18,-3.461935308040487e-18
-3.565,-4.042713009661349e-18,-3.505806802499739e-18
-3.564,-4.092196108783484e-18,-3.550234766637336e-18
-3.563,-4.142283693101981e-18,-3.595226264961128e-18
-3.562,-4.192983130584089e-18,-3.64078845173968e-18
-3.561,-4.2443018787768074e-18,-3.6869285721436586e-18
-3.56,-4.2962474858928446e-18,-3.733653963401748e-18
-3.559,-4.348827591909692e-18,-3.780972055971271e-18
-3.558,-4.402049929681981e-18,-3.828890374723715e-18
-3.557,-4.4559223260672754e-18,-3.87741654014533e-18
-3.556,-4.510452703065468e-18,-3.926558269553021e-18
-3.555,-4.565649078971934e-18,-3.976323378325703e-18
-3.554,-4.6215195695446225e-18,-4.02671978115133e-18
-3.553,-4.678072389185239e-18,-4.077755493289794e-18
-3.552,-4.735315852134695e-18,-4.129438631851893e-18
-3.551,-4.7932583736830035e-18,-4.1817774170945774e-18
-3.55,-4.8519084713937736e-18,-4.234780173732684e-18
-3.549,-4.911274766343503e-18,-4.288455332267353e-18
-3.548,-4.971365984375834e-18,-4.342811430331364e-18
-3.547,-5.032190957370952e-18,-4.3978571140515835e-18
-3.546,-5.093758624530317e-18,-4.453601139428756e-18
-3.545,-5.1560780336769e-18,-4.5100523737348585e-18
-3.544,-5.219158342571129e-18,-4.567219796928232e-18
-3.543,-5.283008820242711e-18,-4.625112503086729e-18
-3.542,-5.3476388483385375e-18,-4.6837397018591e-18
-3.541,-5.413057922486866e-18,-4.743110719934849e-18
-3.54,-5.479275653677962e-18,-4.8032350025328e-18
-3.539,-5.546301769661413e-18,-4.8641221149086105e-18
-3.538,-5.614146116360298e-18,-4.925781743881462e-18
-3.537,-5.682818659302444e-18,-4.9882236993801975e-18
-3.536,-5.752329485068932e-18,-5.051457916009125e-18
-3.535,-5.822688802760109e-18,-5.115494454633755e-18
-3.534,-5.893906945479274e-18,-5.180343503986721e-18
-3.533,-5.965994371834274e-18,-5.246015382294142e-18
-3.532,-6.0389616674572216e-18,-5.312520538922681e-18
-3.531,-6.112819546542547e-18,-5.379869556047576e-18
-3.53,-6.187578853403608e-18,-5.4480731503418906e-18
-3.529,-6.26325056404808e-18,-5.517142174687276e-18
-3.528,-6.339845787772353e-18,-5.587087619906506e-18
-3.527,-6.417375768775163e-18,-5.657920616518063e-18
-3.526,-6.495851887790689e-18,-5.7296524365130565e-18
-3.525,-6.5752856637413445e-18,-5.8022944951547685e-18
-3.524,-6.655688755410516e-18,-5.875858352801092e-18
-3.523,-6.7370729631354655e-18,-5.95035571675018e-18
-3.522,-6.8194502305206544e-18,-6.02579844310958e-18
-3.521,-6.902832646171737e-18,-6.102198538689165e-18
-3.52,-6.987232445450453e-18,-6.179568162918157e-18
-3.519,-7.072662012250693e-18,-6.25791962978656e-18
-3.518,-7.159133880795975e-18,-6.3372654098112985e-18
-3.517,-7.246660737458594e-18,-6.41761813202739e-18
-3.516,-7.335255422600708e-18,-6.498990586004461e-18
-3.515,-7.424930932437621e-18,-6.581395723888938e-18
-3.514,-7.515700420923527e-18,-6.664846662472231e-18
-3.513,-7.607577201659988e-18,-6.749356685285246e-18
-3.512,-7.700574749827417e-18,-6.834939244719562e-18
-3.511,-7.794706704139852e-18,-6.9216079641756124e-18
-3.51,-7.889986868823277e-18,-7.00937664023821e-18
-3.509,-7.986429215617799e-18,-7.098259244879775e-18
-3.508,-8.084047885803949e-18,-7.188269927691598e-18
-3.507,-8.182857192253409e-18,-7.27942301814352e-18
-3.506,-8.282871621504446e-18,-7.371733027872385e-18
-3.505,-8.38410583586236e-18,-7.465214652999601e-18
-3.504,-8.486574675525243e-18,-7.559882776478242e-18
-3.503,-8.590293160735343e-18,-7.655752470469998e-18
-3.502,-8.69527649395636e-18,-7.752838998752409e-18
-3.501,-8.801540062076966e-18,-7.851157819156734e-18
-3.5,-8.909099438640876e-18,-7.950724586036859e-18
-3.499,-9.017970386103776e-18,-8.051555152769649e-18
-3.498,-9.128168858117451e-18,-8.153665574287117e-18
-3.497,-9.23971100184141e-18,-8.25707210964084e-18
-3.496,-9.352613160282369e-18,-8.361791224599027e-18
-3.495,-9.466891874661898e-18,-8.467839594276646e-18
-3.494,-9.582563886812593e-18,-8.575234105799042e-18
-3.493,-9.699646141603099e-18,-8.683991860999476e-18
-3.492,-9.818155789392334e-18,-8.794130179150981e-18
-3.491,-9.93811018851327e-18,-8.905666599733044e-18
-3.49,-1.0059526907786622e-17,-9.01861888523347e-18
-3.489,-1.0182423729064791e-17,-9.133005023985958e-18
-3.488,-1.030681864980645e-17,-9.248843233043782e-18
-3.487,-1.0432729885682118e-17,-9.366151961090068e-18
-3.486,-1.0560175873211095e-17,-9.484949891385134e-18
-3.485,-1.0689175272430154e-17,-9.605255944751349e-18
-3.484,-1.081974696959434e-17,-9.727089282595998e-18
-3.483,-1.0951910079910292e-17,-9.850469309972651e-18
-3.482,-1.1085683950302442e-17,-9.975415678681487e-18
-3.481,-1.1221088162212535e-17,-1.0101948290409126e-17
-3.48,-1.1358142534432804e-17,-1.0230087299908411e-17
-3.479,-1.1496867125973273e-17,-1.0359853118218707e-17
-3.478,-1.1637282238963534e-17,-1.049126641592718e-17
-3.477,-1.177940842158946e-17,-1.062434812647163e-17
-3.476,-1.1923266471065237e-17,-1.0759119449485353e-17
-3.475,-1.2068877436641162e-17,-1.0895601854184622e-17
-3.474,-1.2216262622647625e-17,-1.1033817082799286e-17
-3.473,-1.2365443591575704e-17,-1.1173787154047058e-17
-3.472,-1.2516442167194821e-17,-1.1315534366652053e-17
-3.471,-1.2669280437707901e-17,-1.145908130290812e-17
-3.47,-1.282398075894447e-17,-1.1604450832287556e-17
-3.469,-1.2980565757592172e-17,-1.1751666115095777e-17
-3.468,-1.3139058334467135e-17,-1.190075060617252e-17
-3.467,-1.3299481667823675e-17,-1.205172805864019e-17
-3.466,-1.3461859216703794e-17,-1.2204622527699932e-17
-3.465,-1.3626214724326956e-17,-1.2359458374476042e-17
-3.464,-1.3792572221520622e-17,-1.251626026990935e-17
-3.463,-1.3960956030192035e-17,-1.2675053198700172e-17
-3.462,-1.4131390766841718e-17,-1.2835862463301473e-17
-3.461,-1.4303901346119256e-17,-1.2998713687962899e-17
-3.46,-1.4478512984421775e-17,-1.3163632822826293e-17
-3.459,-1.465525120353571e-17,-1.3330646148073375e-17
-3.458,-1.4834141834322325e-17,-1.3499780278126252e-17
-3.457,-1.5015211020447542e-17,-1.3671062165901405e-17
-3.456,-1.5198485222156584e-17,-1.3844519107117873e-17
-3.455,-1.5383991220093996e-17,-1.402017874466029e-17
-3.454,-1.5571756119169546e-17,-1.419806907299749e-17
-3.453,-1.5761807352470614e-17,-1.437821844265739e-17
-3.452,-1.5954172685221557e-17,-1.4560655564758873e-17
-3.451,-1.6148880218790658e-17,-1.4745409515601363e-17
-3.45,-1.634595839474523e-17,-1.493250974131288e-17
-3.449,-1.6545435998955403e-17,-1.512198606255728e-17
-3.448,-1.674734216574723e-17,-1.5313868679301447e-17
-3.447,-1.69517063821057e-17,-1.55081881756432e-17
-3.446,-1.7158558491928166e-17,-1.5704975524700708e-17
-3.445,-1.7367928700328956e-17,-1.5904262093564144e-17
-3.444,-1.7579847577995587e-17,-1.6106079648310455e-17
-3.443,-1.7794346065597365e-17,-1.6310460359081935e-17
-3.442,-1.801145547824688e-17,-1.6517436805229565e-17
-3.441,-1.8231207510015104e-17,-1.6727041980521784e-17
-3.44,-1.8453634238500675e-17,-1.6939309298419662e-17
-3.439,-1.8678768129454074e-17,-1.7154272597419237e-17
-3.438,-1.8906642041457274e-17,-1.737196614646189e-17
-3.437,-1.9137289230659614e-17,-1.7592424650413647e-17
-3.436,-1.9370743355570496e-17,-1.7815683255614282e-17
-3.435,-1.9607038481909612e-17,-1.8041777555497073e-17
-3.434,-1.9846209087515395e-17,-1.8270743596280155e-17
-3.433,-2.008829006731239e-17,-1.8502617882730375e-17
-3.432,-2.03333167383382e-17,-1.8737437384000536e-17
-3.431,-2.0581324844830818e-17,-1.897523953954104e-17
-3.43,-2.0832350563376962e-17,-1.921606226508677e-17
-3.429,-2.1086430508122186e-17,-1.9459943958720304e-17
-3.428,-2.1343601736043542e-17,-1.970692350701229e-17
-3.427,-2.160390175228545e-17,-1.9957040291240092e-17
-3.426,-2.1867368515559627e-17,-2.0210334193685625e-17
-3.425,-2.2134040443609762e-17,-2.0466845604013404e-17
-3.424,-2.240395641874177e-17,-2.0726615425729873e-17
-3.423,-2.2677155793420352e-17,-2.098968508272497e-17
-3.422,-2.2953678395932693e-17,-2.125609652589706e-17
-3.421,-2.3233564536120106e-17,-2.152589223986223e-17
-3.42,-2.3516855011178372e-17,-2.1799115249749086e-17
-3.419,-2.3803591111527668e-17,-2.2075809128080055e-17
-3.418,-2.4093814626752864e-17,-2.2356018001740397e-17
-3.417,-2.4387567851615062e-17,-2.2639786559035974e-17
-3.416,-2.4684893592135197e-17,-2.2927160056840907e-17
-3.415,-2.4985835171750576e-17,-2.321818432783633e-17
-3.414,-2.5290436437545223e-17,-2.351290578784132e-17
-3.413,-2.5598741766554907e-17,-2.3811371443237233e-17
-3.412,-2.5910796072147747e-17,-2.4113628898486628e-17
-3.411,-2.6226644810481304e-17,-2.4419726363747957e-17
-3.41,-2.6546333987037028e-17,-2.4729712662587274e-17
-3.409,-2.6869910163233062e-17,-2.5043637239788198e-17
-3.408,-2.7197420463116244e-17,-2.5361550169261344e-17
-3.407,-2.7528912580134333e-17,-2.5683502162054543e-17
-3.406,-2.786443478398936e-17,-2.6009544574465084e-17
-3.405,-2.820403592757311e-17,-2.6339729416255336e-17
-3.404,-2.854776545398564e-17,-2.667410935897301e-17
-3.403,-2.8895673403637974e-17,-2.7012737744377436e-17
-3.402,-2.924781042143976e-17,-2.7355668592973175e-17
-3.401,-2.960422776407315e-17,-2.7702956612652368e-17
-3.4,-2.996497730735366e-17,-2.805465720744718e-17
-3.399,-3.0330111553679336e-17,-2.8410826486393746e-17
-3.398,-3.069968363956901e-17,-2.877152127250907e-17
-3.397,-3.107374734329087e-17,-2.9136799111882256e-17
-3.396,-3.145235709258243e-17,-2.950671828288163e-17
-3.395,-3.183556797246281e-17,-2.9881337805479074e-17
-3.394,-3.2223435733138686e-17,-3.026071745069322e-17
-3.393,-3.261601679800479e-17,-3.064491775015298e-17
-3.392,-3.3013368271740223e-17,-3.1034000005782846e-17
-3.391,-3.341554794850171e-17,-3.1428026299611645e-17
-3.39,-3.3822614320214847e-17,-3.1827059503706265e-17
-3.389,-3.4234626584964666e-17,-3.2231163290231917e-17
-3.388,-3.4651644655486563e-17,-3.26404021416406e-17
-3.387,-3.5073729167758884e-17,-3.3054841360989376e-17
-3.386,-3.5500941489698265e-17,-3.347454708239011e-17
-3.385,-3.593334372995909e-17,-3.389958628159234e-17
-3.384,-3.637099874683816e-17,-3.4330026786701e-17
-3.383,-3.681397015728599e-17,-3.4765937289030744e-17
-3.382,-3.726232234602581e-17,-3.520738735409847e-17
-3.381,-3.7716120474781694e-17,-3.565444743275599e-17
-3.38,-3.817543049161709e-17,-3.6107188872464545e-17
-3.379,-3.8640319140385016e-17,-3.656568392871293e-17
-3.378,-3.911085397029129e-17,-3.7030005776581145e-17
-3.377,-3.9587103345572113e-17,-3.750022852245139e-17
-3.376,-4.0069136455287417e-17,-3.7976427215868244e-17
-3.375,-4.0557023323231254e-17,-3.845867786155001e-17
-3.374,-4.1050834817960744e-17,-3.8947057431553094e-17
-3.373,-4.1550642662944884e-17,-3.944164387759138e-17
-3.372,-4.2056519446834695e-17,-3.994251614351258e-17
-3.371,-4.256853863385616e-17,-4.044975417793357e-17
-3.37,-4.3086774574327355e-17,-4.0963438947036754e-17
-3.369,-4.3611302515301314e-17,-4.1483652447529416e-17
-3.368,-4.414219861133608e-17,-4.2010477719768277e-17
-3.367,-4.4679539935393484e-17,-4.2543998861051276e-17
-3.366,-4.5223404489868133e-17,-4.3084301039078683e-17
-3.365,-4.5773871217748206e-17,-4.363147050558583e-17
-3.364,-4.633102001390961e-17,-4.4185594610149447e-17
-3.363,-4.689493173654505e-17,-4.4746761814170046e-17
-3.362,-4.7465688218729665e-17,-4.5315061705032385e-17
-3.361,-4.804337228012476e-17,-4.589058501044646e-17
-3.36,-4.862806773882144e-17,-4.647342361297118e-17
-3.359,-4.921985942332564e-17,-4.7063670564723187e-17
-3.358,-4.9818833184686266e-17,-4.766142010227302e-17
-3.357,-5.042507590876825e-17,-4.826676766173123e-17
-3.356,-5.1038675528672125e-17,-4.8879809894026616e-17
-3.355,-5.165972103730188e-17,-4.950064468037926e-17
-3.354,-5.228830250008291e-17,-5.012937114797066e-17
-3.353,-5.2924511067831766e-17,-5.0766089685813654e-17
-3.352,-5.356843898977959e-17,-5.1410901960824484e-17
-3.351,-5.4220179626750975e-17,-5.206391093409974e-17
-3.35,-5.4879827464500135e-17,-5.272522087740072e-17
-3.349,-5.554747812720629e-17,-5.3394937389847847e-17
-3.348,-5.622322839113006e-17,-5.407316741482788e-17
-3.347,-5.690717619843284e-17,-5.476001925711654e-17
-3.346,-5.759942067116112e-17,-5.545560260021938e-17
-3.345,-5.830006212539762e-17,-5.616002852393366e-17
-3.344,-5.900920208558132e-17,-5.687340952213398e-17
-3.343,-5.97269432989982e-17,-5.759585952078463e-17
-3.342,-6.045338975044506e-17,-5.83274938961815e-17
-3.341,-6.118864667706801e-17,-5.906842949342642e-17
-3.34,-6.193282058337821e-17,-5.981878464513696e-17
-3.339,-6.26860192564464e-17,-6.057867919039477e-17
-3.338,-6.344835178127895e-17,-6.134823449393525e-17
-3.337,-6.421992855637699e-17,-6.21275734655819e-17
-3.336,-6.500086130948128e-17,-6.291682057992833e-17
-3.335,-6.579126311350467e-17,-6.371610189627111e-17
-3.334,-6.659124840265456e-17,-6.452554507879662e-17
-3.333,-6.74009329887476e-17,-6.534527941702524e-17
-3.332,-6.822043407771876e-17,-6.61754358465161e-17
-3.331,-6.904987028632735e-17,-6.701614696983567e-17
-3.33,-6.988936165906194e-17,-6.786754707779357e-17
-3.329,-7.073902968524692e-17,-6.872977217094918e-17
-3.328,-7.159899731635285e-17,-6.960295998139214e-17
-3.327,-7.246938898351307e-17,-7.048724999480063e-17
-3.326,-7.335033061524904e-17,-7.138278347278076e-17
-3.325,-7.424194965540684e-17,-7.228970347549055e-17
-3.324,-7.514437508130736e-17,-7.320815488455243e-17
-3.323,-7.605773742211277e-17,-7.413828442625771e-17
-3.322,-7.698216877741154e-17,-7.508024069506672e-17
-3.321,-7.79178028360251e-17,-7.603417417740866e-17
-3.32,-7.886477489503829e-17,-7.700023727578458e-17
-3.319,-7.98232218790565e-17,-7.797858433317778e-17
-3.318,-8.079328235969206e-17,-7.896937165777514e-17
-3.317,-8.17750965752827e-17,-7.997275754800372e-17
-3.316,-8.276880645084483e-17,-8.098890231788636e-17
-3.315,-8.377455561826416e-17,-8.201796832272048e-17
-3.314,-8.479248943672691e-17,-8.306011998508426e-17
-3.313,-8.582275501339406e-17,-8.411552382117419e-17
-3.312,-8.686550122432163e-17,-8.518434846747843e-17
-3.311,-8.792087873563013e-17,-8.626676470778999e-17
-3.31,-8.898904002492566e-17,-8.736294550056448e-17
-3.309,-9.007013940297613e-17,-8.847306600662629e-17
-3.308,-9.116433303564529e-17,-8.959730361722816e-17
-3.307,-9.227177896608767e-17,-9.073583798246822e-17
-3.306,-9.339263713720766e-17,-9.188885104006946e-17
-3.305,-9.452706941438563e-17,-9.305652704452576e-17
-3.304,-9.56752396084745e-17,-9.423905259661973e-17
-3.303,-9.68373134990697e-17,-9.543661667331659e-17
-3.302,-9.801345885805586e-17,-9.664941065803916e-17
-3.301,-9.920384547343362e-17,-9.787762837132883e-17
-3.3,-1.0040864517342966e-16,-9.912146610189725e-17
-3.299,-1.0162803185089339e-16,-1.0038112263807393e-16
-3.298,-1.0286218148798369e-16,-1.0165679929965458e-16
-3.297,-1.0411127218114912e-16,-1.0294869997015558e-16
-3.296,-1.0537548416640508e-16,-1.0425703112947945e-16
-3.295,-1.0665499984491136e-16,-1.0558200188699683e-16
-3.294,-1.0795000380885365e-16,-1.0692382401505003e-16
-3.293,-1.0926068286763276e-16,-1.0828271198288379e-16
-3.292,-1.1058722607436476e-16,-1.0965888299100851e-16
-3.291,-1.1192982475269633e-16,-1.1105255700600145e-16
-3.29,-1.1328867252393836e-16,-1.124639567957517e-16
-3.289,-1.1466396533452214e-16,-1.1389330796515433e-16
-3.288,-1.1605590148378152e-16,-1.1534083899225947e-16
-3.287,-1.1746468165206523e-16,-1.1680678126488243e-16
-3.286,-1.1889050892918283e-16,-1.1829136911768032e-16
-3.285,-1.203335888431887e-16,-1.1979483986970141e-16
-3.284,-1.2179412938950777e-16,-1.2131743386241303e-16
-3.283,-1.2327234106040697e-16,-1.2285939449821443e-16
-3.282,-1.247684368748167e-16,-1.2442096827944036e-16
-3.281,-1.2628263240850633e-16,-1.2600240484786212e-16
-3.28,-1.2781514582461776e-16,-1.2760395702469195e-16
-3.279,-1.293661979045616e-16,-1.292258808510975e-16
-3.278,-1.3093601207927986e-16,-1.3086843562923276e-16
-3.277,-1.3252481446087974e-16,-1.32531883963792e-16
-3.276,-1.3413283387464276e-16,-1.342164918040935e-16
-3.275,-1.3576030189141383e-16,-1.3592252848669979e-16
-3.274,-1.374074528603743e-16,-1.3765026677858116e-16
-3.273,-1.3907452394220412e-16,-1.393999829208294e-16
-3.272,-1.407617551426372e-16,-1.4117195667292897e-16
-3.271,-1.4246938934641477e-16,-1.429664713575923e-16
-3.27,-1.4419767235164162e-16,-1.4478381390616696e-16
-3.269,-1.4594685290454953e-16,-1.4662427490462141e-16
-3.268,-1.4771718273467298e-16,-1.4848814864011726e-16
-3.267,-1.4950891659044223e-16,-1.5037573314817498e-16
-3.266,-1.513223122751979e-16,-1.5228733026044121e-16
-3.265,-1.5315763068363294e-16,-1.5422324565306474e-16
-3.264,-1.5501513583866634e-16,-1.5618378889568946e-16
-3.263,-1.5689509492875392e-16,-1.581692735010717e-16
-3.262,-1.5879777834564143e-16,-1.6018001697533033e-16
-3.261,-1.6072345972256486e-16,-1.6221634086883722e-16
-3.26,-1.6267241597290373e-16,-1.6427857082775682e-16
-3.259,-1.646449273292919e-16,-1.6636703664624254e-16
-3.258,-1.6664127738319223e-16,-1.6848207231929864e-16
-3.257,-1.6866175312493965e-16,-1.7062401609631625e-16
-3.256,-1.7070664498425888e-16,-1.7279321053529153e-16
-3.255,-1.7277624687126181e-16,-1.7499000255773546e-16
-3.254,-1.7487085621793057e-16,-1.7721474350428337e-16
-3.253,-1.7699077402009173e-16,-1.7946778919101362e-16
-3.252,-1.791363048798876e-16,-1.8174949996648427e-16
-3.251,-1.813077570487504e-16,-1.8406024076949684e-16
-3.25,-1.8350544247088507e-16,-1.864003811875966e-16
-3.249,-1.8572967682726694e-16,-1.8877029551631861e-16
-3.248,-1.8798077958016012e-16,-1.9117036281918914e-16
-3.247,-1.9025907401816282e-16,-1.9360096698849216e-16
-3.246,-1.9256488730178573e-16,-1.9606249680681041e-16
-3.245,-1.9489855050956972e-16,-1.9855534600935114e-16
-3.244,-1.9726039868474922e-16,-2.0107991334706656e-16
-3.243,-1.9965077088246782e-16,-2.0363660265057887e-16
-3.242,-2.020700102175521e-16,-2.0622582289492042e-16
-3.241,-2.0451846391285094e-16,-2.0884798826509933e-16
-3.24,-2.0699648334814627e-16,-2.1150351822250083e-16
-3.239,-2.095044241096425e-16,-2.1419283757213546e-16
-3.238,-2.1204264604004095e-16,-2.1691637653074442e-16
-3.237,-2.1461151328920665e-16,-2.1967457079577347e-16
-3.236,-2.1721139436543383e-16,-2.2246786161522597e-16
-3.235,-2.1984266218731792e-16,-2.2529669585840687e-16
-3.234,-2.2250569413624023e-16,-2.2816152608756823e-16
-3.233,-2.252008721094733e-16,-2.3106281063046857e-16
-3.232,-2.27928582573914e-16,-2.340010136538574e-16
-3.231,-2.3068921662045105e-16,-2.369766052378962e-16
-3.23,-2.3348317001897563e-16,-2.399900614515287e-16
-3.229,-2.3631084327404164e-16,-2.43041864428812e-16
-3.228,-2.391726416811833e-16,-2.461325024462209e-16
-3.227,-2.4206897538389846e-16,-2.4926247000093784e-16
-3.226,-2.4500025943130484e-16,-2.5243226789014105e-16
-3.225,-2.4796691383647683e-16,-2.556424032913037e-16
-3.224,-2.509693636354719e-16,-2.588933898435169e-16
-3.223,-2.540080389470534e-16,-2.621857477298492e-16
-3.222,-2.5708337503311876e-16,-2.65520003760757e-16
-3.221,-2.601958123598411e-16,-2.688966914585574e-16
-3.22,-2.6334579665953255e-16,-2.723163511429792e-16
-3.219,-2.6653377899323784e-16,-2.757795300178037e-16
-3.218,-2.6976021581406637e-16,-2.7928678225861106e-16
-3.217,-2.730255690312721e-16,-2.8283866910164483e-16
-3.216,-2.763303060750891e-16,-2.8643575893380967e-16
-3.215,-2.7967489996233255e-16,-2.9007862738381703e-16
-3.214,-2.8305982936277324e-16,-2.937678574144924e-16
-3.213,-2.864855786662952e-16,-2.975040394162597e-16
-3.212,-2.8995263805084557e-16,-3.012877713018178e-16
-3.211,-2.9346150355118577e-16,-3.051196586020241e-16
-3.21,-2.970126771284533e-16,-3.0900031456300077e-16
-3.209,-3.006066667405439e-16,-3.1293036024447877e-16
-3.208,-3.042439864133238e-16,-3.169104246193965e-16
-3.207,-3.079251563126807e-16,-3.2094114467476777e-16
-3.206,-3.1165070281742497e-16,-3.2502316551383626e-16
-3.205,-3.1542115859304956e-16,-3.291571404595323e-16
-3.204,-3.192370626663593e-16,-3.3334373115924917e-16
-3.203,-3.230989605009797e-16,-3.375836076909547e-16
-3.202,-3.270074040737554e-16,-3.418774486706568e-16
-3.201,-3.309629519520488e-16,-3.462259413612382e-16
-3.2,-3.3496616937194913e-16,-3.5062978178268e-16
-3.199,-3.3901762831740285e-16,-3.5508967482368976e-16
-3.198,-3.431179076002761e-16,-3.5960633435475365e-16
-3.197,-3.472675929413597e-16,-3.641804833426294e-16
-3.196,-3.5146727705232875e-16,-3.6881285396630004e-16
-3.195,-3.557175597186661e-16,-3.735041877344052e-16
-3.194,-3.600190478835631e-16,-3.7825523560417035e-16
-3.193,-3.643723557328074e-16,-3.8306675810185267e-16
-3.192,-3.687781047806702e-16,-3.879395254447221e-16
-3.191,-3.7323692395680387e-16,-3.9287431766459827e-16
-3.19,-3.777494496941628e-16,-3.978719247329624e-16
-3.189,-3.823163260179583e-16,-4.0293314668766486e-16
-3.188,-3.8693820463565997e-16,-4.0805879376124786e-16
-3.187,-3.9161574502805645e-16,-4.132496865109048e-16
-3.186,-3.9634961454138653e-16,-4.185066559500968e-16
-3.185,-4.011404884805543e-16,-4.2383054368184703e-16
-3.184,-4.059890502034404e-16,-4.2922220203373513e-16
-3.183,-4.1089599121632226e-16,-4.3468249419461304e-16
-3.182,-4.15862011270416e-16,-4.402122943530636e-16
-3.181,-4.2088781845955386e-16,-4.458124878376252e-16
-3.18,-4.259741293190089e-16,-4.5148397125880405e-16
-3.179,-4.3112166892548234e-16,-4.572276526528979e-16
-3.178,-4.363311709982648e-16,-4.63044451627653e-16
-3.177,-4.4160337800158725e-16,-4.689352995097784e-16
-3.176,-4.46939041248174e-16,-4.749011394943424e-16
-3.175,-4.52338921004012e-16,-4.809429267960722e-16
-3.174,-4.578037865943522e-16,-4.870616288025843e-16
-3.173,-4.633344165109534e-16,-4.932582252295679e-16
-3.172,-4.689315985205885e-16,-4.995337082779479e-16
-3.171,-4.745961297748232e-16,-5.058890827930513e-16
-3.17,-4.803288169210834e-16,-5.123253664258031e-16
-3.169,-4.861304762150276e-16,-5.188435897959786e-16
-3.168,-4.920019336342384e-16,-5.254447966575362e-16
-3.167,-4.97944024993247e-16,-5.321300440660594e-16
-3.166,-5.039575960599093e-16,-5.389004025483334e-16
-3.165,-5.100435026731471e-16,-5.457569562740842e-16
-3.164,-5.162026108620699e-16,-5.527008032299078e-16
-3.163,-5.224357969664955e-16,-5.597330553954168e-16
-3.162,-5.28743947758884e-16,-5.668548389216336e-16
-3.161,-5.351279605677011e-16,-5.740672943116586e-16
-3.16,-5.4158874340223e-16,-5.8137157660364095e-16
-3.159,-5.481272150788444e-16,-5.88768855556084e-16
-3.158,-5.547443053487647e-16,-5.962603158355131e-16
-3.157,-5.614409550273101e-16,-6.038471572065359e-16
-3.156,-5.682181161246662e-16,-6.115305947243269e-16
-3.155,-5.750767519781861e-16,-6.193118589295664e-16
-3.154,-5.820178373862412e-16,-6.271921960458649e-16
-3.153,-5.890423587436402e-16,-6.351728681797054e-16
-3.152,-5.961513141786359e-16,-6.432551535229351e-16
-3.151,-6.033457136915361e-16,-6.514403465578389e-16
-3.15,-6.106265792949381e-16,-6.597297582648285e-16
-3.149,-6.179949451556065e-16,-6.681247163327793e-16
-3.148,-6.254518577380117e-16,-6.7662656537205e-16
-3.147,-6.329983759495494e-16,-6.852366671302184e-16
-3.146,-6.406355712874609e-16,-6.939564007105673e-16
-3.145,-6.48364527987472e-16,-7.027871627933583e-16
-3.144,-6.561863431741731e-16,-7.11730367859925e-16
-3.143,-6.641021270131586e-16,-7.207874484196262e-16
-3.142,-6.721130028649471e-16,-7.299598552396904e-16
-3.141,-6.802201074407016e-16,-7.392490575779939e-16
-3.14,-6.884245909597731e-16,-7.486565434188051e-16
-3.139,-6.967276173090854e-16,-7.581838197115361e-16
-3.138,-7.051303642043858e-16,-7.678324126125388e-16
-3.137,-7.1363402335338e-16,-7.776038677299831e-16
-3.136,-7.222398006207759e-16,-7.874997503718598e-16
-3.135,-7.309489161952561e-16,-7.975216457971436e-16
-3.134,-7.397626047584034e-16,-8.076711594701609e-16
-3.133,-7.486821156556e-16,-8.179499173181999e-16
-3.132,-7.577087130689241e-16,-8.28359565992406e-16
-3.131,-7.668436761920678e-16,-8.389017731320047e-16
-3.13,-7.760882994072978e-16,-8.495782276318924e-16
-3.129,-7.854438924644845e-16,-8.603906399136415e-16
-3.128,-7.949117806622211e-16,-8.713407421999587e-16
-3.127,-8.044933050310599e-16,-8.824302887926457e-16
-3.126,-8.141898225188869e-16,-8.936610563541024e-16
-3.125,-8.240027061784618e-16,-9.050348441924208e-16
-3.124,-8.339333453571481e-16,-9.165534745501138e-16
-3.123,-8.439831458888564e-16,-9.282187928965268e-16
-3.122,-8.541535302882299e-16,-9.400326682239756e-16
-3.121,-8.644459379470953e-16,-9.519969933476642e-16
-3.12,-8.748618253332062e-16,-9.641136852094236e-16
-3.119,-8.854026661913056e-16,-9.763846851853258e-16
-3.118,-8.960699517465335e-16,-9.888119593972202e-16
-3.117,-9.068651909102084e-16,-1.0013974990282412e-15
-3.116,-9.177899104880068e-16,-1.0141433206423414e-15
-3.115,-9.288456553905724e-16,-1.027051466507897e-15
-3.114,-9.4003398884658e-16,-1.0401240049254415e-15
-3.113,-9.513564926182826e-16,-1.0533630305595772e-15
-3.112,-9.62814767219573e-16,-1.0667706647751203e-15
-3.111,-9.744104321365859e-16,-1.080349055977531e-15
-3.11,-9.861451260508696e-16,-1.0941003799576872e-15
-3.109,-9.980205070651599e-16,-1.1080268402410508e-15
-3.108,-1.0100382529317845e-15,-1.1221306684412894e-15
-3.107,-1.0222000612837253e-15,-1.136414124618407e-15
-3.106,-1.0345076498683757e-15,-1.1508794976414396e-15
-3.105,-1.0469627567840169e-15,-1.165529105555778e-15
-3.104,-1.0595671407190494e-15,-1.1803652959551725e-15
-3.103,-1.07232258119401e-15,-1.1953904463584832e-15
-3.102,-1.0852308788064043e-15,-1.2106069645912325e-15
-3.101,-1.0982938554783901e-15,-1.2260172891720245e-15
-3.1,-1.1115133547073436e-15,-1.2416238897038913e-15
-3.099,-1.1248912418193396e-15,-1.257429267270629e-15
-3.098,-1.1384294042255825e-15,-1.2734359548381888e-15
-3.097,-1.152129751681818e-15,-1.2896465176611852e-15
-3.096,-1.1659942165507645e-15,-1.3060635536945886e-15
-3.095,-1.1800247540675945e-15,-1.3226896940106665e-15
-3.094,-1.1942233426085034e-15,-1.3395276032212436e-15
-3.093,-1.2085919839624008e-15,-1.3565799799053434e-15
-3.092,-1.2231327036057605e-15,-1.3738495570422849e-15
-3.091,-1.2378475509806624e-15,-1.3913391024503006e-15
-3.09,-1.25273859977607e-15,-1.4090514192307492e-15
-3.089,-1.2678079482123711e-15,-1.4269893462179905e-15
-3.088,-1.2830577193292278e-15,-1.4451557584349976e-15
-3.087,-1.298490061276768e-15,-1.4635535675547803e-15
-3.086,-1.31410714761016e-15,-1.4821857223676898e-15
-3.085,-1.3299111775876067e-15,-1.5010552092546835e-15
-3.084,-1.345904376471801e-15,-1.5201650526666243e-15
-3.083,-1.3620889958348791e-15,-1.5395183156096916e-15
-3.082,-1.378467313866915e-15,-1.559118100136982e-15
-3.081,-1.3950416356879946e-15,-1.5789675478463781e-15
-3.08,-1.4118142936639094e-15,-1.5990698403847655e-15
-3.079,-1.428787647725517e-15,-1.619428199958681e-15
-3.078,-1.4459640856918004e-15,-1.6400458898514688e-15
-3.077,-1.4633460235966807e-15,-1.660926214947035e-15
-3.076,-1.4809359060196137e-15,-1.6820725222602767e-15
-3.075,-1.4987362064200238e-15,-1.7034882014742778e-15
-3.074,-1.5167494274756143e-15,-1.7251766854843529e-15
-3.073,-1.534978101424597e-15,-1.747141450949028e-15
-3.072,-1.5534247904118911e-15,-1.7693860188480486e-15
-3.071,-1.5720920868393316e-15,-1.791913955047501e-15
-3.07,-1.5909826137199365e-15,-1.81472887087214e-15
-3.069,-1.610099025036277e-15,-1.8378344236850163e-15
-3.068,-1.629444006102999e-15,-1.8612343174744907e-15
-3.067,-1.6490202739335426e-15,-1.884932303448736e-15
-3.066,-1.6688305776111085e-15,-1.90893218063782e-15
-3.065,-1.6888776986639179e-15,-1.933237796503464e-15
-3.064,-1.7091644514448164e-15,-1.957853047556575e-15
-3.063,-1.7296936835152725e-15,-1.982781879982655e-15
-3.062,-1.7504682760338171e-15,-2.0080282902751826e-15
-3.061,-1.7714911441489797e-15,-2.0335963258770725e-15
-3.06,-1.7927652373967683e-15,-2.05949008583031e-15
-3.059,-1.814293540102747e-15,-2.085713721433874e-15
-3.058,-1.836079071788764e-15,-2.1122714369100465e-15
-3.057,-1.8581248875843803e-15,-2.1391674900792163e-15
-3.056,-1.8804340786430576e-15,-2.1664061930432892e-15
-3.055,-1.903009772563155e-15,-2.1939919128778123e-15
-3.054,-1.92585513381379e-15,-2.221929072332921e-15
-3.053,-1.948973364165622e-15,-2.2502221505432243e-15
-3.052,-1.9723677031266137e-15,-2.2788756837467442e-15
-3.051,-1.996041428382821e-15,-2.307894266013016e-15
-3.05,-2.01999785624428e-15,-2.3372825499804784e-15
-3.049,-2.044240342096038e-15,-2.367045247603261e-15
-3.048,-2.0687722808543942e-15,-2.397187130907496e-15
-3.047,-2.093597107428407e-15,-2.427713032757273e-15
-3.046,-2.118718297186725e-15,-2.4586278476303587e-15
-3.045,-2.1441393664298083e-15,-2.489936532403806e-15
-3.044,-2.169863872867597e-15,-2.5216441071495854e-15
-3.043,-2.19589541610269e-15,-2.5537556559403525e-15
-3.042,-2.2222376381190945e-15,-2.586276327665497e-15
-3.041,-2.248894223776617e-15,-2.6192113368575907e-15
-3.04,-2.2758689013109466e-15,-2.6525659645293754e-15
-3.039,-2.303165442839512e-15,-2.6863455590214227e-15
-3.038,-2.3307876648731616e-15,-2.7205555368605984e-15
-3.037,-2.358739428833745e-15,-2.755201383629477e-15
-3.036,-2.3870246415776554e-15,-2.790288654846835e-15
-3.035,-2.415647255925403e-15,-2.825822976859377e-15
-3.034,-2.4446112711972907e-15,-2.8618100477448268e-15
-3.033,-2.473920733755256e-15,-2.8982556382265317e-15
-3.032,-2.5035797375509525e-15,-2.9351655925997325e-15
-3.031,-2.5335924246801403e-15,-2.972545829669638e-15
-3.03,-2.5639629859434593e-15,-3.0104023437014637e-15
-3.029,-2.5946956614136523e-15,-3.048741205382579e-15
-3.028,-2.6257947410093187e-15,-3.0875685627969257e-15
-3.027,-2.657264565075265e-15,-3.126890642411855e-15
-3.026,-2.689109524969532e-15,-3.166713750077552e-15
-3.025,-2.721334063657173e-15,-3.2070442720391953e-15
-3.024,-2.7539426763108575e-15,-3.2478886759620268e-15
-3.023,-2.7869399109183807e-15,-3.2892535119694876e-15
-3.022,-2.8203303688971545e-15,-3.3311454136945884e-15
-3.021,-2.85411870571576e-15,-3.373571099344688e-15
-3.02,-2.888309631522642e-15,-3.416537372779842e-15
-3.019,-2.9229079117820238e-15,-3.4600511246049023e-15
-3.018,-2.957918367917128e-15,-3.5041193332755394e-15
-3.017,-2.9933458779607807e-15,-3.5487490662183646e-15
-3.016,-3.029195377213487e-15,-3.5939474809653334e-15
-3.015,-3.06547185890906e-15,-3.639721826302611e-15
-3.014,-3.1021803748878892e-15,-3.686079443434084e-15
-3.013,-3.139326036277934e-15,-3.733027767159704e-15
-3.012,-3.17691401418353e-15,-3.780574327068862e-15
-3.011,-3.2149495403820954e-15,-3.82872674874896e-15
-3.01,-3.2534379080288285e-15,-3.877492755009409e-15
-3.009,-3.2923844723694846e-15,-3.926880167121218e-15
-3.008,-3.3317946514613246e-15,-3.976896906072392e-15
-3.007,-3.371673926902324e-15,-4.027550993839332e-15
-3.006,-3.4120278445687447e-15,-4.0788505546744445e-15
-3.005,-3.4528620153611487e-15,-4.1308038164101655e-15
-3.004,-3.4941821159589637e-15,-4.183419111779608e-15
-3.003,-3.53599388958369e-15,-4.236704879754046e-15
-3.002,-3.578303146770843e-15,-4.290669666897451e-15
-3.001,-3.6211157661507366e-15,-4.34532212873829e-15
-3.0,-3.664437695238204e-15,-4.400671031158819e-15
-2.999,-3.708274951231351e-15,-4.456725251802081e-15
-2.998,-3.752633621819455e-15,-4.5134937814968454e-15
-2.997,-3.797519866000103e-15,-4.570985725700708e-15
-2.996,-3.842939914905671e-15,-4.629210305961588e-15
-2.995,-3.888900072639266e-15,-4.688176861397863e-15
-2.994,-3.9354067171202084e-15,-4.747894850197358e-15
-2.993,-3.982466300939195e-15,-4.808373851135454e-15
-2.992,-4.030085352223224e-15,-4.869623565112551e-15
-2.991,-4.078270475510406e-15,-4.931653816711119e-15
-2.99,-4.127028352634771e-15,-4.9944745557726025e-15
-2.989,-4.176365743621174e-15,-5.0580958589944325e-15
-2.988,-4.2262894875904295e-15,-5.1225279315473866e-15
-2.987,-4.276806503674768e-15,-5.18778110871357e-15
-2.986,-4.327923791943753e-15,-5.2538658575452765e-15
-2.985,-4.379648434340753e-15,-5.320792778544997e-15
-2.984,-4.431987595630112e-15,-5.388572607366837e-15
-2.983,-4.484948524355112e-15,-5.45721621653963e-15
-2.982,-4.538538553806862e-15,-5.526734617212006e-15
-2.981,-4.5927651030042505e-15,-5.5971389609197135e-15
-2.98,-4.647635677685046e-15,-5.668440541375465e-15
-2.979,-4.70315787130831e-15,-5.740650796281593e-15
-2.978,-4.7593393660682295e-15,-5.813781309165818e-15
-2.977,-4.816187933919497e-15,-5.887843811240414e-15
-2.976,-4.873711437614371e-15,-5.962850183285069e-15
-2.975,-4.93191783175155e-15,-6.0388124575537474e-15
-2.974,-4.990815163836986e-15,-6.115742819705861e-15
-2.973,-5.050411575356768e-15,-6.1936536107620484e-15
-2.972,-5.1107153028622315e-15,-6.2725573290848874e-15
-2.971,-5.171734679067395e-15,-6.3524666323848546e-15
-2.97,-5.2334781339588964e-15,-6.4333943397518506e-15
-2.969,-5.295954195918544e-15,-6.515353433712621e-15
-2.968,-5.359171492858636e-15,-6.598357062314396e-15
-2.967,-5.4231387533701876e-15,-6.6824185412350995e-15
-2.966,-5.487864807884205e-15,-6.767551355920435e-15
-2.965,-5.553358589846159e-15,-6.853769163748233e-15
-2.964,-5.6196291369038e-15,-6.941085796220364e-15
-2.963,-5.6866855921084636e-15,-7.029515261182603e-15
-2.962,-5.754537205130023e-15,-7.119071745072777e-15
-2.961,-5.823193333485627e-15,-7.209769615197573e-15
-2.96,-5.8926634437823955e-15,-7.301623422038362e-15
-2.959,-5.962957112974207e-15,-7.394647901586407e-15
-2.958,-6.0340840296327526e-15,-7.488857977707839e-15
-2.957,-6.106053995233006e-15,-7.584268764538777e-15
-2.956,-6.178876925453266e-15,-7.680895568910962e-15
-2.955,-6.252562851489951e-15,-7.778753892808318e-15
-2.954,-6.327121921387283e-15,-7.877859435854813e-15
-2.953,-6.402564401382049e-15,-7.978228097834034e-15
-2.952,-6.4789006772636e-15,-8.079875981240865e-15
-2.951,-6.556141255749249e-15,-8.182819393865687e-15
-2.95,-6.634296765875246e-15,-8.287074851411518e-15
-2.949,-6.713377960403513e-15,-8.392659080144504e-15
-2.948,-6.793395717244285e-15,-8.49958901957818e-15
-2.947,-6.874361040894864e-15,-8.607881825191953e-15
-2.946,-6.956285063894648e-15,-8.717554871184217e-15
-2.945,-7.039179048296617e-15,-8.828625753260567e-15
-2.944,-7.123054387155459e-15,-8.94111229145753e-15
-2.943,-7.207922606032524e-15,-9.0550325330023e-15
-2.942,-7.293795364517789e-15,-9.170404755208893e-15
-2.941,-7.38068445776902e-15,-9.287247468411232e-15
-2.94,-7.468601818068324e-15,-9.405579418933596e-15
-2.939,-7.557559516396285e-15,-9.525419592098926e-15
-2.938,-7.64756976402387e-15,-9.646787215275474e-15
-2.937,-7.738644914122319e-15,-9.769701760962258e-15
-2.936,-7.830797463391188e-15,-9.894182949913862e-15
-2.935,-7.924040053704779e-15,-1.0020250754305024e-14
-2.934,-8.018385473777139e-15,-1.0147925400935584e-14
-2.933,-8.113846660845835e-15,-1.0277227374476235e-14
-2.932,-8.210436702374717e-15,-1.0408177420755675e-14
-2.931,-8.308168837775874e-15,-1.0540796550089609e-14
-2.93,-8.407056460151003e-15,-1.067510604065219e-14
-2.929,-8.507113118052393e-15,-1.081112744189042e-14
-2.928,-8.60835251726374e-15,-1.0948882577982057e-14
-2.927,-8.710788522601035e-15,-1.1088393551337572e-14
-2.926,-8.814435159733706e-15,-1.1229682746146754e-14
-2.925,-8.919306617026275e-15,-1.1372772831970471e-14
-2.924,-9.025417247400724e-15,-1.1517686767378236e-14
-2.923,-9.132781570219834e-15,-1.1664447803632086e-14
-2.922,-9.24141427319168e-15,-1.181307948841743e-14
-2.921,-9.351330214295563e-15,-1.1963605669621413e-14
-2.92,-9.462544423729577e-15,-1.2116050499159429e-14
-2.919,-9.57507210588007e-15,-1.2270438436850392e-14
-2.918,-9.688928641313235e-15,-1.2426794254341389e-14
-2.917,-9.804129588789059e-15,-1.2585143039082312e-14
-2.916,-9.920690687297906e-15,-1.2745510198351167e-14
-2.915,-1.0038627858119946e-14,-1.2907921463330641e-14
-2.914,-1.015795720690771e-14,-1.3072402893236618e-14
-2.913,-1.0278695025792003e-14,-1.3238980879499308e-14
-2.912,-1.0400857795511445e-14,-1.3407682149997613e-14
-2.911,-1.0524462187565894e-14,-1.3578533773347485e-14
-2.91,-1.0649525066394012e-14,-1.3751563163244882e-14
-2.909,-1.0776063491575225e-14,-1.3926798082864072e-14
-2.908,-1.0904094720056379e-14,-1.4104266649311979e-14
-2.907,-1.1033636208403319e-14,-1.4283997338139254e-14
-2.906,-1.1164705615077692e-14,-1.446601898790884e-14
-2.905,-1.1297320802739246e-14,-1.4650360804822737e-14
-2.904,-1.143149984057388e-14,-1.4837052367407695e-14
-2.903,-1.1567261006647768e-14,-1.5026123631260615e-14
-2.902,-1.1704622790287793e-14,-1.5217604933854397e-14
-2.901,-1.1843603894488626e-14,-1.5411526999405032e-14
-2.9,-1.1984223238346693e-14,-1.560792094380065e-14
-2.899,-1.2126499959521368e-14,-1.5806818279593424e-14
-2.898,-1.227045341672365e-14,-1.6008250921055002e-14
-2.897,-1.241610319223265e-14,-1.6212251189296397e-14
-2.896,-1.2563469094440172e-14,-1.6418851817453045e-14
-2.895,-1.2712571160423713e-14,-1.6628085955935967e-14
-2.894,-1.286342965854817e-14,-1.683998717774977e-14
-2.893,-1.3016065091096584e-14,-1.7054589483878442e-14
-2.892,-1.317049819693022e-14,-1.7271927308739707e-14
-2.891,-1.3326749954178315e-14,-1.7492035525708894e-14
-2.89,-1.3484841582957812e-14,-1.771494945271315e-14
-2.889,-1.3644794548123398e-14,-1.794070485789692e-14
-2.888,-1.3806630562048188e-14,-1.816933796535958e-14
-2.887,-1.3970371587435376e-14,-1.840088546096618e-14
-2.886,-1.4136039840161188e-14,-1.8635384498232164e-14
-2.885,-1.4303657792149494e-14,-1.8872872704283095e-14
-2.884,-1.447324817427839e-14,-1.911338818589024e-14
-2.883,-1.4644833979319133e-14,-1.9356969535583062e-14
-2.882,-1.4818438464907738e-14,-1.9603655837839563e-14
-2.881,-1.4994085156549634e-14,-1.9853486675355467e-14
-2.88,-1.5171797850657705e-14,-2.0106502135393252e-14
-2.879,-1.5351600617624078e-14,-2.0362742816212057e-14
-2.878,-1.5533517804926044e-14,-2.0622249833579464e-14
-2.877,-1.571757404026646e-14,-2.088506482736625e-14
-2.876,-1.5903794234749013e-14,-2.1151229968225077e-14
-2.875,-1.6092203586088708e-14,-2.142078796435431e-14
-2.874,-1.6282827581857995e-14,-2.1693782068347923e-14
-2.873,-1.647569200276887e-14,-2.1970256084132673e-14
-2.872,-1.6670822925991383e-14,-2.2250254373993614e-14
-2.871,-1.6868246728508908e-14,-2.2533821865689084e-14
-2.87,-1.70679900905106e-14,-2.2821004059656315e-14
-2.869,-1.727007999882141e-14,-2.3111847036308794e-14
-2.868,-1.7474543750370103e-14,-2.340639746342656e-14
-2.867,-1.7681408955695624e-14,-2.3704702603640626e-14
-2.866,-1.7890703542492305e-14,-2.4006810322012712e-14
-2.865,-1.8102455759194254e-14,-2.4312769093711484e-14
-2.864,-1.8316694178599387e-14,-2.4622628011786573e-14
-2.863,-1.853344770153353e-14,-2.4936436795041574e-14
-2.862,-1.875274556055499e-14,-2.5254245796007312e-14
-2.861,-1.897461732370008e-14,-2.5576106009016636e-14
-2.86,-1.9199092898269973e-14,-2.5902069078382032e-14
-2.859,-1.942620253465937e-14,-2.6232187306677382e-14
-2.858,-1.9655976830227433e-14,-2.6566513663125168e-14
-2.857,-1.98884467332114e-14,-2.690510179209047e-14
-2.856,-2.0123643546683382e-14,-2.7248006021683148e-14
-2.855,-2.036159893255075e-14,-2.7595281372469522e-14
-2.854,-2.0602344915600633e-14,-2.794698356629501e-14
-2.853,-2.0845913887588963e-14,-2.830316903521907e-14
-2.852,-2.1092338611374554e-14,-2.866389493056396e-14
-2.851,-2.134165222509869e-14,-2.9029219132078646e-14
-2.85,-2.1593888246410694e-14,-2.9399200257219444e-14
-2.849,-2.1849080576740024e-14,-2.97738976705488e-14
-2.848,-2.2107263505615305e-14,-3.015337149325374e-14
-2.847,-2.2368471715030865e-14,-3.053768261278553e-14
-2.846,-2.263274028386126e-14,-3.092689269262202e-14
-2.845,-2.2900104692324266e-14,-3.1321064182154304e-14
-2.844,-2.3170600826492928e-14,-3.172026032669929e-14
-2.843,-2.344426498285709e-14,-3.212454517763969e-14
-2.842,-2.3721133872935018e-14,-3.25339836026931e-14
-2.841,-2.4001244627935595e-14,-3.2948641296311876e-14
-2.84,-2.428463480347163e-14,-3.336858479021534e-14
-2.839,-2.4571342384324852e-14,-3.379388146405613e-14
-2.838,-2.4861405789263098e-14,-3.422459955622228e-14
-2.837,-2.515486387591029e-14,-3.4660808174776873e-14
-2.836,-2.5451755945669686e-14,-3.510257730853689e-14
-2.835,-2.5752121748701073e-14,-3.554997783829318e-14
-2.834,-2.605600148895238e-14,-3.600308154817315e-14
-2.833,-2.6363435829246328e-14,-3.646196113714824e-14
-2.832,-2.667446589642269e-14,-3.692669023068772e-14
-2.831,-2.6989133286536765e-14,-3.739734339256096e-14
-2.83,-2.73074800701146e-14,-3.7873996136789895e-14
-2.829,-2.7629548797465646e-14,-3.8356724939753585e-14
-2.828,-2.7955382504053382e-14,-3.8845607252446946e-14
-2.827,-2.8285024715924538e-14,-3.9340721512895426e-14
-2.826,-2.861851945519755e-14,-3.9842147158727746e-14
-2.825,-2.895591124561082e-14,-4.0349964639908706e-14
-2.824,-2.9297245118131526e-14,-4.0864255431633966e-14
-2.823,-2.964256661662542e-14,-4.1385102047389026e-14
-2.822,-2.999192180358848e-14,-4.19125880521744e-14
-2.821,-3.0345357265940865e-14,-4.24467980758991e-14
-2.82,-3.070292012088399e-14,-4.2987817826944595e-14
-2.819,-3.106465802182125e-14,-4.353573410590142e-14
-2.818,-3.143061916434317e-14,-4.409063481948057e-14
-2.817,-3.180085229227752e-14,-4.465260899460197e-14
-2.816,-3.2175406703805255e-14,-4.5221746792662265e-14
-2.815,-3.2554332257642786e-14,-4.5798139523984144e-14
-2.814,-3.29376793792914e-14,-4.638187966244958e-14
-2.813,-3.3325499067354494e-14,-4.69730608603193e-14
-2.812,-3.371784289992326e-14,-4.757177796324083e-14
-2.811,-3.411476304103167e-14,-4.8178127025447535e-14
-2.81,-3.451631224718138e-14,-4.879220532515108e-14
-2.809,-3.492254387393727e-14,-4.941411138012976e-14
-2.808,-3.533351188259448e-14,-5.004394496351522e-14
-2.807,-3.57492708469175e-14,-5.0681807119780004e-14
-2.806,-3.6169875959952254e-14,-5.132780018092863e-14
-2.805,-3.6595383040911767e-14,-5.19820277828946e-14
-2.804,-3.7025848542136305e-14,-5.264459488214613e-14
-2.803,-3.746132955612868e-14,-5.33156077725031e-14
-2.802,-3.790188382266554e-14,-5.3995174102168066e-14
-2.801,-3.834756973598543e-14,-5.4683402890973926e-14
-2.8,-3.8798446352054364e-14,-5.5380404547851034e-14
-2.799,-3.9254573395909813e-14,-5.6086290888516564e-14
-2.798,-3.9716011269083805e-14,-5.680117515338898e-14
-2.797,-4.018282105710603e-14,-5.752517202573036e-14
-2.796,-4.065506453708774e-14,-5.825839765001964e-14
-2.795,-4.1132804185387334e-14,-5.900096965055949e-14
-2.794,-4.1616103185358336e-14,-5.975300715032004e-14
-2.793,-4.2105025435180794e-14,-6.051463079002227e-14
-2.792,-4.259963555577679e-14,-6.12859627474642e-14
-2.791,-4.309999889881108e-14,-6.206712675709293e-14
-2.79,-4.360618155477758e-14,-6.28582481298257e-14
-2.789,-4.4118250361172725e-14,-6.36594537731231e-14
-2.788,-4.463627291075648e-14,-6.44708722113176e-14
-2.787,-4.5160317559902e-14,-6.52926336062007e-14
-2.786,-4.5690453437034715e-14,-6.6124869777872e-14
-2.785,-4.622675045116192e-14,-6.696771422585344e-14
-2.784,-4.6769279300493675e-14,-6.782130215047215e-14
-2.783,-4.731811148115597e-14,-6.868577047451523e-14
-2.782,-4.787331929599712e-14,-6.956125786516013e-14
-2.781,-4.843497586348835e-14,-7.044790475618377e-14
-2.78,-4.9003155126719504e-14,-7.134585337045435e-14
-2.779,-4.9577931862490836e-14,-7.225524774270913e-14
-2.778,-5.015938169050191e-14,-7.31762337426219e-14
-2.777,-5.0747581082638555e-14,-7.410895909816402e-14
-2.776,-5.1342607372358866e-14,-7.50535734192623e-14
-2.775,-5.1944538764179304e-14,-7.601022822175803e-14
-2.774,-5.255345434326189e-14,-7.69790769516706e-14
-2.773,-5.3169434085103453e-14,-7.796027500976972e-14
-2.772,-5.3792558865328087e-14,-7.89539797764602e-14
-2.771,-5.4422910469583776e-14,-7.996035063698314e-14
-2.77,-5.5060571603544225e-14,-8.097954900693761e-14
-2.769,-5.570562590301706e-14,-8.201173835812697e-14
-2.768,-5.635815794415937e-14,-8.30570842447338e-14
-2.767,-5.701825325380172e-14,-8.411575432982775e-14
-2.766,-5.768599831988171e-14,-8.51879184122104e-14
-2.765,-5.836148060198824e-14,-8.627374845360157e-14
-2.764,-5.904478854201747e-14,-8.737341860617128e-14
-2.763,-5.973601157494174e-14,-8.848710524042181e-14
-2.762,-6.043524013969253e-14,-8.961498697342431e-14
-2.761,-6.114256569015854e-14,-9.075724469741445e-14
-2.76,-6.185808070630017e-14,-9.191406160875162e-14
-2.759,-6.258187870538138e-14,-9.308562323724644e-14
-2.758,-6.331405425332041e-14,-9.427211747586106e-14
-2.757,-6.405470297616021e-14,-9.54737346107871e-14
-2.756,-6.480392157165993e-14,-9.669066735190611e-14
-2.755,-6.556180782100876e-14,-9.792311086363712e-14
-2.754,-6.632846060066325e-14,-9.917126279617652e-14
-2.753,-6.710397989430926e-14,-1.004353233171351e-13
-2.752,-6.788846680494992e-14,-1.017154951435772e-13
-2.751,-6.868202356712084e-14,-1.0301198357446726e-13
-2.75,-6.948475355923373e-14,-1.0432499652352887e-13
-2.749,-7.029676131604981e-14,-1.0565474455252137e-13
-2.748,-7.111815254128423e-14,-1.0700144090493978e-13
-2.747,-7.194903412034286e-14,-1.083653015401428e-13
-2.746,-7.278951413319272e-14,-1.0974654516791482e-13
-2.745,-7.363970186736734e-14,-1.1114539328346726e-13
-2.744,-7.449970783110845e-14,-1.1256207020288472e-13
-2.743,-7.536964376664531e-14,-1.1399680309902183e-13
-2.742,-7.624962266361309e-14,-1.1544982203785618e-13
-2.741,-7.713975877261152e-14,-1.1692136001530358e-13
-2.74,-7.80401676189054e-14,-1.1841165299450097e-13
-2.739,-7.895096601626816e-14,-1.1992093994356337e-13
-2.738,-7.98722720809701e-14,-1.214494628738207e-13
-2.737,-8.080420524591244e-14,-1.2299746687854048e-13
-2.736,-8.174688627490894e-14,-1.2456520017214278e-13
-2.735,-8.270043727711618e-14,-1.2615291412991342e-13
-2.734,-8.366498172161432e-14,-1.2776086332822203e-13
-2.733,-8.464064445213954e-14,-1.2938930558525102e-13
-2.732,-8.562755170196971e-14,-1.3103850200224243e-13
-2.731,-8.662583110896482e-14,-1.3270871700526855e-13
-2.73,-8.763561173076367e-14,-1.3440021838753372e-13
-2.729,-8.865702406013837e-14,-1.361132773522135e-13
-2.728,-8.969020004050803e-14,-1.3784816855583812e-13
-2.727,-9.073527308161342e-14,-1.396051701522274e-13
-2.726,-9.17923780753539e-14,-1.4138456383698384e-13
-2.725,-9.286165141178852e-14,-1.4318663489255088e-13
-2.724,-9.394323099530243e-14,-1.4501167223384405e-13
-2.723,-9.503725626094074e-14,-1.4685996845446155e-13
-2.722,-9.614386819091084e-14,-1.487318198734821e-13
-2.721,-9.726320933125547e-14,-1.506275265828574e-13
-2.72,-9.839542380869749e-14,-1.5254739249540665e-13
-2.719,-9.954065734765861e-14,-1.544917253934208e-13
-2.718,-1.0069905728745333e-13,-1.5646083697788442e-13
-2.717,-1.0187077259966e-13,-1.5845504291832268e-13
-2.716,-1.030559539056706e-13,-1.6047466290328184e-13
-2.715,-1.0425475349442094e-13,-1.6252002069145066e-13
-2.714,-1.0546732534030308e-13,-1.6459144416343174e-13
-2.713,-1.0669382512126166e-13,-1.6668926537416987e-13
-2.712,-1.0793441023707586e-13,-1.6881382060604703e-13
-2.711,-1.0918923982782887e-13,-1.709654504226512e-13
-2.71,-1.1045847479256643e-13,-1.7314449972322862e-13
-2.709,-1.1174227780814657e-13,-1.7535131779782748e-13
-2.708,-1.1304081334828204e-13,-1.7758625838314205e-13
-2.707,-1.143542477027774e-13,-1.7984967971906608e-13
-2.706,-1.1568274899696272e-13,-1.8214194460596452e-13
-2.705,-1.1702648721132543e-13,-1.844634204626727e-13
-2.704,-1.183856342013425e-13,-1.8681447938523193e-13
-2.703,-1.197603637175148e-13,-1.891954982063712e-13
-2.702,-1.211508514256053e-13,-1.9160685855574428e-13
-2.701,-1.2255727492708325e-13,-1.9404894692093176e-13
-2.7,-1.239798137797763e-13,-1.9652215470921774e-13
-2.699,-1.254186495187322e-13,-1.9902687831015106e-13
-2.698,-1.2687396567729255e-13,-2.0156351915890095e-13
-2.697,-1.2834594780838003e-13,-2.0413248380041732e-13
-2.696,-1.2983478350600145e-13,-2.0673418395440543e-13
-2.695,-1.3134066242696862e-13,-2.0936903658112598e-13
-2.694,-1.328637763128388e-13,-2.120374639480304e-13
-2.693,-1.3440431901207722e-13,-2.1473989369724236e-13
-2.692,-1.3596248650244308e-13,-2.1747675891389605e-13
-2.691,-1.375384769136019e-13,-2.2024849819534205e-13
-2.69,-1.3913249054996558e-13,-2.2305555572123198e-13
-2.689,-1.4074472991376262e-13,-2.2589838132449278e-13
-2.688,-1.423753997283408e-13,-2.287774305632022e-13
-2.687,-1.44024706961704e-13,-2.3169316479337653e-13
-2.686,-1.456928608502856e-13,-2.346460512426827e-13
-2.685,-1.473800729229607e-13,-2.37636563085086e-13
-2.684,-1.4908655702529904e-13,-2.4066517951644503e-13
-2.683,-1.5081252934406117e-13,-2.4373238583106686e-13
-2.682,-1.5255820843193987e-13,-2.4683867349923343e-13
-2.681,-1.5432381523254897e-13,-2.4998454024571255e-13
-2.68,-1.5610957310566225e-13,-2.5317049012926486e-13
-2.679,-1.5791570785270406e-13,-2.5639703362316023e-13
-2.678,-1.597424477424946e-13,-2.596646876967162e-13
-2.677,-1.6159002353725153e-13,-2.629739758978713e-13
-2.676,-1.6345866851885086e-13,-2.6632542843680597e-13
-2.675,-1.6534861851534883e-13,-2.6971958227062516e-13
-2.674,-1.6726011192776757e-13,-2.7315698118911573e-13
-2.673,-1.6919338975714693e-13,-2.7663817590159155e-13
-2.672,-1.711486956318644e-13,-2.801637241248415e-13
-2.671,-1.73126275835226e-13,-2.837341906721929e-13
-2.67,-1.7512637933333042e-13,-2.8735014754370536e-13
-2.669,-1.7714925780320872e-13,-2.9101217401750934e-13
-2.668,-1.791951656612422e-13,-2.947208567423032e-13
-2.667,-1.8126436009186085e-13,-2.9847678983102447e-13
-2.666,-1.833571010765247e-13,-3.022805749557094e-13
-2.665,-1.8547365142299115e-13,-3.061328214435559e-13
-2.664,-1.8761427679486984e-13,-3.100341463742056e-13
-2.663,-1.897792457414686e-13,-3.139851746782601e-13
-2.662,-1.9196882972793239e-13,-3.17986539237047e-13
-2.661,-1.9418330316567793e-13,-3.2203888098365155e-13
-2.66,-1.9642294344312697e-13,-3.261428490052303e-13
-2.659,-1.986880309567401e-13,-3.3029910064662244e-13
-2.658,-2.0097884914235447e-13,-3.3450830161527566e-13
-2.657,-2.0329568450682773e-13,-3.387711260875027e-13
-2.656,-2.0563882665999048e-13,-3.430882568160864e-13
-2.655,-2.0800856834691088e-13,-3.4746038523924893e-13
-2.654,-2.104052054804729e-13,-3.518882115910038e-13
-2.653,-2.12829037174272e-13,-3.56372445012907e-13
-2.652,-2.1528036577583028e-13,-3.609138036672262e-13
-2.651,-2.177594969001341e-13,-3.6551301485154447e-13
-2.65,-2.202667394634969e-13,-3.701708151148184e-13
-2.649,-2.2280240571775006e-13,-3.7488795037490725e-13
-2.648,-2.2536681128476455e-13,-3.796651760375933e-13
-2.647,-2.27960275191306e-13,-3.8450325711711095e-13
-2.646,-2.3058311990422644e-13,-3.894029683582049e-13
-2.645,-2.332356713659951e-13,-3.9436509435973567e-13
-2.644,-2.3591825903057164e-13,-3.9939042969985265e-13
-2.643,-2.386312158996239e-13,-4.0447977906275446e-13
-2.642,-2.4137487855909423e-13,-4.0963395736705653e-13
-2.641,-2.441495872161162e-13,-4.148537898957863e-13
-2.64,-2.469556857362849e-13,-4.2014011242802653e-13
-2.639,-2.497935216812849e-13,-4.2549377137222786e-13
-2.638,-2.5266344634687666e-13,-4.309156239012115e-13
-2.637,-2.555658148012466e-13,-4.3640653808888345e-13
-2.636,-2.585009859237223e-13,-4.4196739304868165e-13
-2.635,-2.6146932244385667e-13,-4.475990790737788e-13
-2.634,-2.6447119098088357e-13,-4.5330249777906204e-13
-2.633,-2.675069620835487e-13,-4.590785622449126e-13
-2.632,-2.705770102703176e-13,-4.649281971628078e-13
-2.631,-2.7368171406996536e-13,-4.708523389827693e-13
-2.63,-2.7682145606254964e-13,-4.768519360626791e-13
-2.629,-2.7999662292077156e-13,-4.829279488194891e-13
-2.628,-2.83207605451726e-13,-4.890813498823471e-13
-2.627,-2.864547986390462e-13,-4.95313124247663e-13
-2.626,-2.8973860168544425e-13,-5.016242694361402e-13
-2.625,-2.930594180556516e-13,-5.080157956517981e-13
-2.624,-2.9641765551976267e-13,-5.144887259430085e-13
-2.623,-2.998137261969843e-13,-5.210440963655741e-13
-2.622,-3.0324804659979486e-13,-5.276829561478719e-13
-2.621,-3.067210376785156e-13,-5.34406367858091e-13
-2.62,-3.1023312486629837e-13,-5.412154075735883e-13
-2.619,-3.1378473812453203e-13,-5.481111650523905e-13
-2.618,-3.173763119886715e-13,-5.55094743906869e-13
-2.617,-3.2100828561449257e-13,-5.621672617796155e-13
-2.616,-3.2468110282477536e-13,-5.693298505215453e-13
-2.615,-3.283952121564206e-13,-5.765836563722579e-13
-2.614,-3.321510669080014e-13,-5.839298401426817e-13
-2.613,-3.3594912518775384e-13,-5.913695774000329e-13
-2.612,-3.3978984996201035e-13,-5.989040586551175e-13
-2.611,-3.436737091040784e-13,-6.06534489552006e-13
-2.61,-3.4760117544356896e-13,-6.1426209106011e-13
-2.609,-3.5157272681617676e-13,-6.220880996686929e-13
-2.608,-3.5558884611391724e-13,-6.30013767583844e-13
-2.607,-3.5965002133582243e-13,-6.380403629279463e-13
-2.606,-3.6375674563909997e-13,-6.461691699416725e-13
-2.605,-3.6790951739075815e-13,-6.544014891885377e-13
-2.604,-3.721088402197009e-13,-6.627386377620436e-13
-2.603,-3.7635522306929597e-13,-6.711819494954456e-13
-2.602,-3.8064918025041976e-13,-6.797327751741764e-13
-2.601,-3.849912314949824e-13,-6.883924827509598e-13
-2.6,-3.893819020099365e-13,-6.971624575636479e-13
-2.599,-3.938217225317731e-13,-7.060441025558172e-13
-2.598,-3.983112293815085e-13,-7.150388385001574e-13
-2.597,-4.0285096452016503e-13,-7.241481042246893e-13
-2.596,-4.0744147560475003e-13,-7.333733568418461e-13
-2.595,-4.120833160447358e-13,-7.427160719804555e-13
-2.594,-4.167770450590447e-13,-7.521777440206583e-13
-2.593,-4.215232277335428e-13,-7.617598863318019e-13
-2.592,-4.2632243507904514e-13,-7.71464031513344e-13
-2.591,-4.3117524408983695e-13,-7.81291731638807e-13
-2.59,-4.360822378027142e-13,-7.9124455850282e-13
-2.589,-4.410440053565464e-13,-8.013241038712882e-13
-2.588,-4.4606114205236616e-13,-8.115319797347278e-13
-2.587,-4.511342494139888e-13,-8.218698185648086e-13
-2.586,-4.562639352491652e-13,-8.323392735741429e-13
-2.585,-4.61450813711272e-13,-8.429420189793626e-13
-2.584,-4.666955053615426e-13,-8.536797502675248e-13
-2.583,-4.719986372318425e-13,-8.645541844658904e-13
-2.582,-4.773608428879924e-13,-8.755670604151156e-13
-2.581,-4.827827624936436e-13,-8.867201390459e-13
-2.58,-4.882650428747081e-13,-8.980152036591368e-13
-2.579,-4.938083375843472e-13,-9.094540602096064e-13
-2.578,-4.994133069685236e-13,-9.210385375932604e-13
-2.577,-5.050806182321182e-13,-9.327704879381397e-13
-2.576,-5.108109455056181e-13,-9.446517868989746e-13
-2.575,-5.16604969912377e-13,-9.566843339555097e-13
-2.574,-5.22463379636452e-13,-9.688700527146055e-13
-2.573,-5.283868699910224e-13,-9.812108912161601e-13
-2.572,-5.343761434873909e-13,-9.937088222429003e-13
-2.571,-5.404319099045743e-13,-1.006365843634094e-12
-2.57,-5.465548863594833e-13,-1.019183978603227e-12
-2.569,-5.527457973776997e-13,-1.0321652760597017e-12
-2.568,-5.590053749648496e-13,-1.0453118109346016e-12
-2.567,-5.653343586785802e-13,-1.0586256845105778e-12
-2.566,-5.717334957011422e-13,-1.0721090247559068e-12
-2.565,-5.782035409125794e-13,-1.0857639866627732e-12
-2.564,-5.847452569645337e-13,-1.0995927525898301e-12
-2.563,-5.913594143546643e-13,-1.1135975326090917e-12
-2.562,-5.980467915016873e-13,-1.1277805648572117e-12
-2.561,-6.048081748210381e-13,-1.142144115891205e-12
-2.56,-6.116443588011611e-13,-1.1566904810486652e-12
-2.559,-6.18556146080429e-13,-1.1714219848125368e-12
-2.558,-6.255443475246958e-13,-1.1863409811805018e-12
-2.557,-6.326097823054871e-13,-1.201449854039032e-12
-2.556,-6.397532779788302e-13,-1.2167510175421744e-12
-2.555,-6.469756705647287e-13,-1.232246916495121e-12
-2.554,-6.542778046272844e-13,-1.2479400267426305e-12
-2.553,-6.616605333554684e-13,-1.2638328555623588e-12
-2.552,-6.691247186445486e-13,-1.2799279420631598e-12
-2.551,-6.766712311781717e-13,-1.296227857588422e-12
-2.55,-6.843009505111074e-13,-1.3127352061245032e-12
-2.549,-6.920147651526562e-13,-1.3294526247143253e-12
-2.548,-6.998135726507231e-13,-1.3463827838761978e-12
-2.547,-7.076982796765632e-13,-1.3635283880279331e-12
-2.546,-7.156698021101989e-13,-1.3808921759163215e-12
-2.545,-7.23729065126515e-13,-1.3984769210520335e-12
-2.544,-7.318770032820321e-13,-1.4162854321500171e-12
-2.543,-7.401145606023642e-13,-1.4343205535754591e-12
-2.542,-7.484426906703606e-13,-1.452585165795382e-12
-2.541,-7.568623567149369e-13,-1.4710821858359453e-12
-2.54,-7.653745317005987e-13,-1.4898145677455256e-12
-2.539,-7.739801984176575e-13,-1.5087853030636447e-12
-2.538,-7.826803495731475e-13,-1.527997421295824e-12
-2.537,-7.914759878824387e-13,-1.5474539903944341e-12
-2.536,-8.003681261615569e-13,-1.5671581172456219e-12
-2.535,-8.093577874202063e-13,-1.5871129481623841e-12
-2.534,-8.184460049555029e-13,-1.607321669383872e-12
-2.533,-8.27633822446418e-13,-1.627787507580999e-12
-2.532,-8.369222940489357e-13,-1.6485137303684366e-12
-2.531,-8.463124844919262e-13,-1.6695036468230729e-12
-2.53,-8.558054691737391e-13,-1.690760608009022e-12
-2.529,-8.654023342595162e-13,-1.7122880075092597e-12
-2.528,-8.751041767792294e-13,-1.7340892819639735e-12
-2.527,-8.849121047264437e-13,-1.75616791161571e-12
-2.526,-8.948272371578079e-13,-1.778527420861405e-12
-2.525,-9.048507042932767e-13,-1.8011713788113832e-12
-2.524,-9.149836476170644e-13,-1.8241033998554145e-12
-2.523,-9.252272199793329e-13,-1.8473271442359174e-12
-2.522,-9.355825856986165e-13,-1.8708463186283967e-12
-2.521,-9.46050920664985e-13,-1.89466467672921e-12
-2.52,-9.566334124439469e-13,-1.91878601985075e-12
-2.519,-9.673312603810933e-13,-1.943214197524143e-12
-2.518,-9.781456757074874e-13,-1.967953108109551e-12
-2.517,-9.89077881645797e-13,-1.9930066994141775e-12
-2.516,-1.0001291135171757e-12,-2.0183789693180717e-12
-2.515,-1.0113006188488888e-12,-2.044073966407831e-12
-2.514,-1.0225936574826919e-12,-2.070095790618301e-12
-2.513,-1.0340095016839582e-12,-2.096448593882368e-12
-2.512,-1.0455494362515577e-12,-2.1231365807889555e-12
-2.511,-1.057214758628488e-12,-2.1501640092493204e-12
-2.51,-1.069006779013261e-12,-2.177535191171755e-12
-2.509,-1.0809268204720413e-12,-2.205254493144801e-12
-2.508,-1.0929762190515414e-12,-2.2333263371290855e-12
-2.507,-1.1051563238926711e-12,-2.2617552011578775e-12
-2.506,-1.1174684973449451e-12,-2.290545620046487e-12
-2.505,-1.1299141150816446e-12,-2.3197021861106124e-12
-2.504,-1.1424945662157368e-12,-2.3492295498937414e-12
-2.503,-1.1552112534165514e-12,-2.3791324209037337e-12
-2.502,-1.1680655930272135e-12,-2.409415568358689e-12
-2.501,-1.181059015182834e-12,-2.4400838219422227e-12
-2.5,-1.1941929639294542e-12,-2.471142072568262e-12
-2.499,-1.2074688973437493e-12,-2.5025952731554926e-12
-2.498,-1.2208882876534847e-12,-2.5344484394115634e-12
-2.497,-1.2344526213587299e-12,-2.566706650627184e-12
-2.496,-1.248163399353823e-12,-2.5993750504802306e-12
-2.495,-1.2620221370500912e-12,-2.6324588478499896e-12
-2.494,-1.2760303644993208e-12,-2.6659633176416686e-12
-2.493,-1.2901896265179788e-12,-2.6998938016212977e-12
-2.492,-1.304501482812184e-12,-2.734255709261157e-12
-2.491,-1.3189675081034245e-12,-2.769054518595859e-12
-2.49,-1.3335892922550209e-12,-2.8042957770892216e-12
-2.489,-1.348368440399333e-12,-2.8399851025120662e-12
-2.488,-1.36330657306571e-12,-2.8761281838310795e-12
-2.487,-1.3784053263091766e-12,-2.912730782108873e-12
-2.486,-1.3936663518398573e-12,-2.9497987314153898e-12
-2.485,-1.4090913171531359e-12,-2.9873379397507904e-12
-2.484,-1.4246819056605434e-12,-3.0253543899799702e-12
-2.483,-1.4404398168213753e-12,-3.0638541407788503e-12
-2.482,-1.4563667662750331e-12,-3.102843327592589e-12
-2.481,-1.4724644859740876e-12,-3.142328163605866e-12
-2.48,-1.4887347243180572e-12,-3.1823149407253897e-12
-2.479,-1.505179246287902e-12,-3.2228100305747806e-12
-2.478,-1.521799833581226e-12,-3.2638198855019845e-12
-2.477,-1.538598284748182e-12,-3.305351039599376e-12
-2.476,-1.555576415328082e-12,-3.34741010973671e-12
-2.475,-1.5727360579866941e-12,-3.390003796607081e-12
-2.474,-1.5900790626542386e-12,-3.433138885786053e-12
-2.473,-1.6076072966640613e-12,-3.47682224880413e-12
-2.472,-1.6253226448919896e-12,-3.5210608442327288e-12
-2.471,-1.6432270098963603e-12,-3.5658617187838242e-12
-2.47,-1.6613223120587132e-12,-3.6112320084234404e-12
-2.469,-1.679610489725147e-12,-3.657178939499163e-12
-2.468,-1.6980934993483266e-12,-3.703709829881838e-12
-2.467,-1.7167733156301371e-12,-3.750832090121658e-12
-2.466,-1.7356519316649788e-12,-3.798553224618776e-12
-2.465,-1.7547313590836895e-12,-3.846880832808682e-12
-2.464,-1.7740136281980948e-12,-3.8958226103624766e-12
-2.463,-1.7935007881461699e-12,-3.945386350402263e-12
-2.462,-1.8131949070378094e-12,-3.9955799447318315e-12
-2.461,-1.833098072101195e-12,-4.046411385082822e-12
-2.46,-1.85321238982975e-12,-4.0978887643765866e-12
-2.459,-1.873539986129673e-12,-4.150020278001909e-12
-2.458,-1.8940830064680423e-12,-4.202814225108816e-12
-2.457,-1.9148436160214747e-12,-4.256279009918655e-12
-2.456,-1.935823999825335e-12,-4.310423143050659e-12
-2.455,-1.9570263629234806e-12,-4.365255242865199e-12
-2.454,-1.9784529305185326e-12,-4.4207840368239325e-12
-2.453,-2.0001059481226568e-12,-4.477018362867055e-12
-2.452,-2.02198768170885e-12,-4.533967170807886e-12
-2.451,-2.044100417862713e-12,-4.59163952374498e-12
-2.45,-2.0664464639346946e-12,-4.650044599492005e-12
-2.449,-2.0890281481928052e-12,-4.709191692025601e-12
-2.448,-2.1118478199757725e-12,-4.7690902129514414e-12
-2.447,-2.134907849846631e-12,-4.829749692988733e-12
-2.446,-2.158210629746732e-12,-4.891179783473371e-12
-2.445,-2.1817585731501557e-12,-4.953390257880008e-12
-2.444,-2.205554115218512e-12,-5.01639101336324e-12
-2.443,-2.22959971295611e-12,-5.080192072318176e-12
-2.442,-2.2538978453654846e-12,-5.144803583960625e-12
-2.441,-2.278451013603259e-12,-5.2102358259271364e-12
-2.44,-2.3032617411363258e-12,-5.276499205895158e-12
-2.439,-2.3283325738983327e-12,-5.343604263223555e-12
-2.438,-2.353666080446447e-12,-5.411561670613734e-12
-2.437,-2.3792648521183838e-12,-5.480382235791658e-12
-2.436,-2.405131503189679e-12,-5.550076903210984e-12
-2.435,-2.4312686710311846e-12,-5.6206567557776e-12
-2.434,-2.4576790162667635e-12,-5.692133016595836e-12
-2.433,-2.4843652229311655e-12,-5.764517050736604e-12
-2.432,-2.511329998628063e-12,-5.837820367027755e-12
-2.431,-2.538576074688219e-12,-5.9120546198669225e-12
-2.43,-2.5661062063277658e-12,-5.9872316110571355e-12
-2.429,-2.593923172806574e-12,-6.063363291665487e-12
-2.428,-2.6220297775866824e-12,-6.1404617639051485e-12
-2.427,-2.6504288484907643e-12,-6.218539283041012e-12
-2.426,-2.6791232378606058e-12,-6.297608259319265e-12
-2.425,-2.708115822715567e-12,-6.377681259921197e-12
-2.424,-2.737409504911002e-12,-6.4587710109415325e-12
-2.423,-2.7670072112966056e-12,-6.540890399391602e-12
-2.422,-2.7969118938746592e-12,-6.624052475227661e-12
-2.421,-2.8271265299581484e-12,-6.708270453404676e-12
-2.42,-2.857654122328718e-12,-6.793557715955878e-12
-2.419,-2.888497699394437e-12,-6.879927814098432e-12
-2.418,-2.9196603153473365e-12,-6.967394470365518e-12
-2.417,-2.951145050320696e-12,-7.055971580765188e-12
-2.416,-2.9829550105460338e-12,-7.145673216966293e-12
-2.415,-3.0150933285097767e-12,-7.236513628511854e-12
-2.414,-3.0475631631095677e-12,-7.328507245060203e-12
-2.413,-3.080367699810177e-12,-7.421668678654235e-12
-2.412,-3.113510150798981e-12,-7.516012726019137e-12
-2.411,-3.1469937551409698e-12,-7.61155437088893e-12
-2.41,-3.1808217789332418e-12,-7.708308786362211e-12
-2.409,-3.2149975154589508e-12,-7.80629133728743e-12
-2.408,-3.249524285340663e-12,-7.905517582678076e-12
-2.407,-3.284405436693077e-12,-8.006003278158184e-12
-2.406,-3.319644345275073e-12,-8.107764378438473e-12
-2.405,-3.3552444146410398e-12,-8.210817039823547e-12
-2.404,-3.3912090762914385e-12,-8.315177622750544e-12
-2.403,-3.4275417898225563e-12,-8.420862694359596e-12
-2.402,-3.4642460430754046e-12,-8.527889031096527e-12
-2.401,-3.50132535228371e-12,-8.636273621348164e-12
-2.4,-3.5387832622209532e-12,-8.7460336681107e-12
-2.399,-3.5766233463464023e-12,-8.857186591691485e-12
-2.398,-3.614849206950092e-12,-8.969750032444694e-12
-2.397,-3.6534644752966935e-12,-9.083741853541264e-12
-2.396,-3.692472811768222e-12,-9.199180143773554e-12
-2.395,-3.731877906005529e-12,-9.316083220395144e-12
-2.394,-3.77168347704852e-12,-9.43446963199621e-12
-2.393,-3.811893273475043e-12,-9.554358161414938e-12
-2.392,-3.852511073538384e-12,-9.675767828685398e-12
-2.391,-3.893540685303317e-12,-9.798717894022343e-12
-2.39,-3.934985946780641e-12,-9.923227860843416e-12
-2.389,-3.976850726060147e-12,-1.0049317478829179e-11
-2.388,-4.019138921441936e-12,-1.0177006747021494e-11
-2.387,-4.061854461566052e-12,-1.0306315916960688e-11
-2.386,-4.105001305540327e-12,-1.043726549586201e-11
-2.385,-4.148583443066395e-12,-1.0569876249831851e-11
-2.384,-4.192604894563797e-12,-1.070416920712425e-11
-2.383,-4.237069711292104e-12,-1.0840165661438147e-11
-2.382,-4.281981975470992e-12,-1.0977887175255928e-11
-2.381,-4.327345800398177e-12,-1.1117355583223753e-11
-2.38,-4.373165330565161e-12,-1.1258592995574195e-11
-2.379,-4.419444741770682e-12,-1.1401621801591717e-11
-2.378,-4.466188241231812e-12,-1.1546464673121509e-11
-2.377,-4.513400067692612e-12,-1.1693144568122243e-11
-2.376,-4.561084491530253e-12,-1.1841684734263278e-11
-2.375,-4.6092458148585395e-12,-1.199210871256687e-11
-2.374,-4.657888371628723e-12,-1.214444034109595e-11
-2.373,-4.707016527727544e-12,-1.2298703758688033e-11
-2.372,-4.756634681072389e-12,-1.245492340873583e-11
-2.371,-4.806747261703485e-12,-1.2613124043015159e-11
-2.37,-4.857358731873032e-12,-1.2773330725560708e-11
-2.369,-4.908473586131184e-12,-1.2935568836590293e-11
-2.368,-4.960096351408766e-12,-1.3099864076478162e-11
-2.367,-5.012231587096647e-12,-1.3266242469778002e-11
-2.366,-5.06488388512165e-12,-1.3434730369296222e-11
-2.365,-5.1180578700189034e-12,-1.3605354460216174e-11
-2.364,-5.1717581990005335e-12,-1.3778141764273932e-11
-2.363,-5.225989562020569e-12,-1.3953119643986242e-11
-2.362,-5.280756681835973e-12,-1.413031580693135e-11
-2.361,-5.336064314063675e-12,-1.4309758310083294e-11
-2.36,-5.391917247233483e-12,-1.4491475564200388e-11
-2.359,-5.448320302836775e-12,-1.467549633826852e-11
-2.358,-5.505278335370837e-12,-1.4861849763999987e-11
-2.357,-5.5627962323787305e-12,-1.5050565340388517e-11
-2.356,-5.62087891448456e-12,-1.5241672938321197e-11
-2.355,-5.679531335424024e-12,-1.5435202805248022e-11
-2.354,-5.7387584820701114e-12,-1.563118556990975e-11
-2.353,-5.798565374453804e-12,-1.5829652247124817e-11
-2.352,-5.858957065779677e-12,-1.6030634242636026e-11
-2.351,-5.919938642436225e-12,-1.6234163358017755e-11
-2.35,-5.981515224000801e-12,-1.6440271795644437e-11
-2.349,-6.043691963239013e-12,-1.6648992163721072e-11
-2.348,-6.106474046098433e-12,-1.686035748137653e-11
-2.347,-6.169866691696471e-12,-1.7074401183820447e-11
-2.346,-6.233875152302269e-12,-1.7291157127564487e-11
-2.345,-6.298504713312446e-12,-1.7510659595708735e-11
-2.344,-6.363760693220549e-12,-1.7732943303294114e-11
-2.343,-6.429648443580044e-12,-1.7958043402721537e-11
-2.342,-6.4961733489606925e-12,-1.8185995489238722e-11
-2.341,-6.563340826898121e-12,-1.8416835606495428e-11
-2.34,-6.631156327836451e-12,-1.8650600252168002e-11
-2.339,-6.6996253350637826e-12,-1.8887326383654094e-11
-2.338,-6.768753364640373e-12,-1.912705142383839e-11
-2.337,-6.8385459653193275e-12,-1.9369813266930252e-11
-2.336,-6.909008718459613e-12,-1.9615650284374173e-11
-2.335,-6.9801472379312135e-12,-1.9864601330833904e-11
-2.334,-7.051967170012233e-12,-2.0116705750251218e-11
-2.333,-7.124474193277755e-12,-2.03720033819802e-11
-2.332,-7.197674018480254e-12,-2.063053456699799e-11
-2.331,-7.27157238842137e-12,-2.0892340154192976e-11
-2.33,-7.346175077814817e-12,-2.1157461506731317e-11
-2.329,-7.42148789314025e-12,-2.1425940508502867e-11
-2.328,-7.497516672487841e-12,-2.1697819570647352e-11
-2.327,-7.574267285393369e-12,-2.1973141638161923e-11
-2.326,-7.651745632663602e-12,-2.2251950196591003e-11
-2.325,-7.72995764619173e-12,-2.2534289278799487e-11
-2.324,-7.808909288762632e-12,-2.2820203471830302e-11
-2.323,-7.888606553847748e-12,-2.3109737923847386e-11
-2.322,-7.96905546538929e-12,-2.3402938351165148e-11
-2.321,-8.050262077573576e-12,-2.3699851045365445e-11
-2.32,-8.132232474593246e-12,-2.4000522880503187e-11
-2.319,-8.214972770398059e-12,-2.430500132040167e-11
-2.318,-8.29848910843407e-12,-2.4613334426038714e-11
-2.317,-8.382787661370898e-12,-2.4925570863024746e-11
-2.316,-8.467874630816817e-12,-2.5241759909173982e-11
-2.315,-8.553756247021406e-12,-2.5561951462169815e-11
-2.314,-8.640438768565471e-12,-2.58861960473256e-11
-2.313,-8.727928482037981e-12,-2.6214544825442036e-11
-2.312,-8.816231701699695e-12,-2.6547049600762264e-11
-2.311,-8.905354769133218e-12,-2.6883762829025987e-11
-2.31,-8.995304052879178e-12,-2.7224737625623718e-11
-2.309,-9.086085948058213e-12,-2.757002777385252e-11
-2.308,-9.177706875978475e-12,-2.791968773327437e-11
-2.307,-9.270173283728313e-12,-2.8273772648178504e-11
-2.306,-9.363491643753856e-12,-2.863233835614896e-11
-2.305,-9.457668453421113e-12,-2.8995441396738665e-11
-2.304,-9.552710234562311e-12,-2.936313902025135e-11
-2.303,-9.648623533006103e-12,-2.973548919663263e-11
-2.302,-9.74541491809131e-12,-3.0112550624471614e-11
-2.301,-9.843090982163848e-12,-3.049438274011434e-11
-2.3,-9.941658340056476e-12,-3.088104572689053e-11
-2.299,-1.0041123628551023e-11,-3.127260052445496e-11
-2.298,-1.014149350582269e-11,-3.1669108838244865e-11
-2.297,-1.0242774650866083e-11,-3.207063314905488e-11
-2.296,-1.0344973762902573e-11,-3.24772367227309e-11
-2.295,-1.0448097560768613e-11,-3.2888983619984345e-11
-2.294,-1.0552152782284577e-11,-3.3305938706328284e-11
-2.293,-1.065714618360378e-11,-3.3728167662136985e-11
-2.292,-1.0763084538541192e-11,-3.415573699283036e-11
-2.291,-1.0869974637881491e-11,-3.458871403918483e-11
-2.29,-1.0977823288665991e-11,-3.502716698777219e-11
-2.289,-1.1086637313458033e-11,-3.547116488152806e-11
-2.288,-1.1196423549586372e-11,-3.5920777630451536e-11
-2.287,-1.1307188848366142e-11,-3.637607602243754e-11
-2.286,-1.1418940074296923e-11,-3.683713173424362e-11
-2.285,-1.153168410423743e-11,-3.730401734259288e-11
-2.284,-1.1645427826556401e-11,-3.777680633541453e-11
-2.283,-1.176017814025913e-11,-3.8255573123223974e-11
-2.282,-1.1875941954089221e-11,-3.874039305064397e-11
-2.281,-1.1992726185605022e-11,-3.923134240806872e-11
-2.28,-1.211053776023025e-11,-3.9728498443472575e-11
-2.279,-1.2229383610278275e-11,-4.023193937436515e-11
-2.278,-1.2349270673949554e-11,-4.0741744399894656e-11
-2.277,-1.247020589430167e-11,-4.125799371310128e-11
-2.276,-1.2592196218191424e-11,-4.178076851332241e-11
-2.275,-1.2715248595188439e-11,-4.2310151018751626e-11
-2.274,-1.2839369976459714e-11,-4.284622447915333e-11
-2.273,-1.2964567313624525e-11,-4.338907318873484e-11
-2.272,-1.3090847557579136e-11,-4.3938782499178064e-11
-2.271,-1.3218217657290672e-11,-4.449543883283252e-11
-2.27,-1.33466845585596e-11,-4.505912969607179e-11
-2.269,-1.3476255202750165e-11,-4.5629943692815424e-11
-2.268,-1.3606936525488177e-11,-4.620797053821819e-11
-2.267,-1.3738735455325497e-11,-4.6793301072528954e-11
-2.266,-1.3871658912370585e-11,-4.7386027275121026e-11
-2.265,-1.4005713806884457e-11,-4.798624227869622e-11
-2.264,-1.4140907037841347e-11,-4.859404038366475e-11
-2.263,-1.4277245491453442e-11,-4.920951707270302e-11
-2.262,-1.4414736039658946e-11,-4.9832769025491645e-11
-2.261,-1.455338553857281e-11,-5.0463894133635744e-11
-2.26,-1.469320082689937e-11,-5.110299151576985e-11
-2.259,-1.4834188724306208e-11,-5.1750161532849683e-11
-2.258,-1.497635602975843e-11,-5.2405505803633e-11
-2.257,-1.5119709519812687e-11,-5.306912722035197e-11
-2.256,-1.526425594687008e-11,-5.374112996457925e-11
-2.255,-1.5410002037387248e-11,-5.44216195232903e-11
-2.254,-1.555695449004478e-11,-5.5110702705124273e-11
-2.253,-1.5705119973872186e-11,-5.5808487656845776e-11
-2.252,-1.5854505126328585e-11,-5.6515083880010255e-11
-2.251,-1.600511655133826e-11,-5.7230602247835193e-11
-2.25,-1.615696081728025e-11,-5.7955155022279826e-11
-2.249,-1.631004445493113e-11,-5.868885587133587e-11
-2.248,-1.646437395536001e-11,-5.943181988653181e-11
-2.247,-1.6619955767775005e-11,-6.01841636006534e-11
-2.246,-1.6776796297320098e-11,-6.094600500568304e-11
-2.245,-1.6934901902821616e-11,-6.17174635709606e-11
-2.244,-1.709427889448327e-11,-6.249866026156855e-11
-2.243,-1.725493353152887e-11,-6.328971755694401e-11
-2.242,-1.7416872019791686e-11,-6.409075946972046e-11
-2.241,-1.7580100509249516e-11,-6.490191156480218e-11
-2.24,-1.774462509150441e-11,-6.57233009786739e-11
-2.239,-1.7910451797206047e-11,-6.655505643894872e-11
-2.238,-1.8077586593417736e-11,-6.739730828415728e-11
-2.237,-1.824603538092392e-11,-6.825018848378098e-11
-2.236,-1.841580399147819e-11,-6.911383065853226e-11
-2.235,-1.8586898184990646e-11,-6.998837010088497e-11
-2.234,-1.8759323646653535e-11,-7.087394379585799e-11
-2.233,-1.893308598400398e-11,-7.177069044205492e-11
-2.232,-1.910819072392271e-11,-7.267875047296325e-11
-2.231,-1.928464330956759e-11,-7.359826607851601e-11
-2.23,-1.9462449097240724e-11,-7.45293812269191e-11
-2.229,-1.9641613353187998e-11,-7.547224168674765e-11
-2.228,-1.9822141250329747e-11,-7.642699504931451e-11
-2.227,-2.0004037864921374e-11,-7.73937907513144e-11
-2.226,-2.0187308173142567e-11,-7.837278009774691e-11
-2.225,-2.037195704761389e-11,-7.936411628512171e-11
-2.224,-2.0557989253839387e-11,-8.036795442494965e-11
-2.223,-2.074540944657387e-11,-8.138445156752303e-11
-2.222,-2.093422216611355e-11,-8.24137667259885e-11
-2.221,-2.1124431834508608e-11,-8.345606090071634e-11
-2.22,-2.131604275169628e-11,-8.451149710396967e-11
-2.219,-2.1509059091553098e-11,-8.558024038487712e-11
-2.218,-2.170348489786474e-11,-8.666245785471282e-11
-2.217,-2.189932408021207e-11,-8.775831871248723e-11
-2.216,-2.2096580409771882e-11,-8.886799427085292e-11
-2.215,-2.2295257515030743e-11,-8.999165798232871e-11
-2.214,-2.2495358877410466e-11,-9.112948546584648e-11
-2.213,-2.2696887826803582e-11,-9.228165453362408e-11
-2.212,-2.289984753701723e-11,-9.344834521836884e-11
-2.211,-2.3104241021123826e-11,-9.462973980081521e-11
-2.21,-2.3310071126716865e-11,-9.582602283760097e-11
-2.209,-2.3517340531070134e-11,-9.703738118948574e-11
-2.208,-2.3726051736198684e-11,-9.826400404991636e-11
-2.207,-2.3936207063819755e-11,-9.9506082973943e-11
-2.206,-2.414780865021193e-11,-1.0076381190749047e-10
-2.205,-2.43608584409707e-11,-1.0203738721698891e-10
-2.204,-2.4575358185658614e-11,-1.033270077193683e-10
-2.203,-2.479130943234814e-11,-1.0463287471242116e-10
-2.202,-2.500871352205539e-11,-1.0595519200553793e-10
-2.201,-2.522757158306274e-11,-1.0729416595081951e-10
-2.2,-2.5447884525128413e-11,-1.0865000547457151e-10
-2.199,-2.5669653033581045e-11,-1.1002292210918503e-10
-2.198,-2.5892877563297225e-11,-1.1141313002540821e-10
-2.197,-2.6117558332559928e-11,-1.1282084606501394e-10
-2.196,-2.634369531679579e-11,-1.1424628977386775e-10
-2.195,-2.657128824218909e-11,-1.1568968343540148e-10
-2.194,-2.6800336579170304e-11,-1.17151252104497e-10
-2.193,-2.7030839535777002e-11,-1.1863122364178547e-10
-2.192,-2.7262796050884946e-11,-1.201298287483667e-10
-2.191,-2.7496204787307016e-11,-1.2164730100095408e-10
-2.19,-2.7731064124757798e-11,-1.2318387688744997e-10
-2.189,-2.796737215268138e-11,-1.2473979584295683e-10
-2.188,-2.820512666294006e-11,-1.2631530028622947e-10
-2.187,-2.844432514236156e-11,-1.2791063565657346e-10
-2.186,-2.8684964765142226e-11,-1.295260504511955e-10
-2.185,-2.89270423851038e-11,-1.3116179626301083e-10
-2.184,-2.9170554527801206e-11,-1.3281812781891328e-10
-2.183,-2.941549738247877e-11,-1.3449530301851384e-10
-2.182,-2.966186679387228e-11,-1.361935829733531e-10
-2.181,-2.990965825385422e-11,-1.3791323204659317e-10
-2.18,-3.01588668929195e-11,-1.3965451789319528e-10
-2.179,-3.040948747150888e-11,-1.4141771150058863e-10
-2.178,-3.0661514371167427e-11,-1.4320308722983633e-10
-2.177,-3.0914941585535e-11,-1.4501092285730488e-10
-2.176,-3.116976271116608e-11,-1.468414996168425e-10
-2.175,-3.142597093817585e-11,-1.486951022424733e-10
-2.174,-3.168355904070969e-11,-1.5057201901161285e-10
-2.173,-3.1942519367232935e-11,-1.5247254178881174e-10
-2.172,-3.220284383063802e-11,-1.5439696607003332e-10
-2.171,-3.246452389816567e-11,-1.5634559102747235e-10
-2.17,-3.272755058113714e-11,-1.5831871955492062e-10
-2.169,-3.2991914424494234e-11,-1.6031665831368658e-10
-2.168,-3.3257605496143795e-11,-1.6233971777907522e-10
-2.167,-3.352461337610343e-11,-1.643882122874353e-10
-2.166,-3.379292714544499e-11,-1.664624600837806e-10
-2.165,-3.4062535375032516e-11,-1.6856278336999196e-10
-2.164,-3.4333426114050964e-11,-1.7068950835360729e-10
-2.163,-3.460558687832243e-11,-1.7284296529720656e-10
-2.162,-3.487900463840606e-11,-1.7502348856839892e-10
-2.161,-3.515366580747805e-11,-1.7723141669041905e-10
-2.16,-3.542955622898814e-11,-1.7946709239334018e-10
-2.159,-3.5706661164088655e-11,-1.8173086266591136e-10
-2.158,-3.598496527883237e-11,-1.8402307880802596e-10
-2.157,-3.6264452631135315e-11,-1.8634409648382948e-10
-2.156,-3.654510665750047e-11,-1.8869427577547414e-10
-2.155,-3.6826910159498436e-11,-1.9107398123752797e-10
-2.154,-3.7109845290000956e-11,-1.934835819520462e-10
-2.153,-3.739389353916314e-11,-1.959234515843131e-10
-2.152,-3.767903572015013e-11,-1.9839396843926218e-10
-2.151,-3.796525195460407e-11,-2.0089551551858264e-10
-2.15,-3.825252165784687e-11,-2.034284805785208e-10
-2.149,-3.8540823523814437e-11,-2.0599325618838444e-10
-2.148,-3.8830135509717854e-11,-2.085902397897584e-10
-2.147,-3.9120434820426975e-11,-2.1121983375644046e-10
-2.146,-3.9411697892571786e-11,-2.138824454551053e-10
-2.145,-3.970390037835681e-11,-2.165784873067063e-10
-2.144,-3.999701712908383e-11,-2.1930837684862277e-10
-2.143,-4.029102217837799e-11,-2.220725367975628e-10
-2.142,-4.058588872511245e-11,-2.2487139511322963e-10
-2.141,-4.088158911602648e-11,-2.2770538506276142e-10
-2.14,-4.117809482803199e-11,-2.3057494528595336e-10
-2.139,-4.147537645020326e-11,-2.3348051986127126e-10
-2.138,-4.177340366544464e-11,-2.364225583726669e-10
-2.137,-4.207214523183091e-11,-2.394015159772031e-10
-2.136,-4.237156896361488e-11,-2.424178534735004e-10
-2.135,-4.2671641711896654e-11,-2.454720373710129e-10
-2.134,-4.297232934494903e-11,-2.485645399601446e-10
-2.133,-4.327359672819342e-11,-2.51695839383216e-10
-2.132,-4.357540770382032e-11,-2.548664197062904e-10
-2.131,-4.3877725070048724e-11,-2.580767709918711e-10
-2.13,-4.4180510560018316e-11,-2.613273893724795e-10
-2.129,-4.44837248203085e-11,-2.646187771251239e-10
-2.128,-4.478732738907814e-11,-2.6795144274667074e-10
-2.127,-4.5091276673819714e-11,-2.7132590103012857e-10
-2.126,-4.5395529928721534e-11,-2.747426731418551e-10
-2.125,-4.570004323163172e-11,-2.782022866996989e-10
-2.124,-4.6004771460617253e-11,-2.81705275852087e-10
-2.123,-4.630966827011151e-11,-2.852521813580689e-10
-2.122,-4.6614686066643575e-11,-2.888435506683289e-10
-2.121,-4.6919775984142474e-11,-2.9247993800717813e-10
-2.12,-4.722488785880929e-11,-2.9616190445553824e-10
-2.119,-4.7529970203550225e-11,-2.998900180349276e-10
-2.118,-4.783497018196334e-11,-3.0366485379246275e-10
-2.117,-4.813983358187171e-11,-3.0748699388688724e-10
-2.116,-4.8444504788395605e-11,-3.113570276756391e-10
-2.115,-4.8748926756556165e-11,-3.1527555180297006e-10
-2.114,-4.905304098340295e-11,-3.192431702891292e-10
-2.113,-4.9356787479657575e-11,-3.2326049462062226e-10
-2.112,-4.966010474086562e-11,-3.2732814384156137e-10
-2.111,-4.9962929718048754e-11,-3.314467446461162e-10
-2.11,-5.0265197787848935e-11,-3.356169314720808e-10
-2.109,-5.056684272215658e-11,-3.3983934659556886e-10
-2.108,-5.0867796657214095e-11,-3.441146402268509e-10
-2.107,-5.1167990062186513e-11,-3.4844347060734644e-10
-2.106,-5.146735170719034e-11,-3.528265041077856e-10
-2.105,-5.176580863077207e-11,-3.5726441532755343e-10
-2.104,-5.2063286106827296e-11,-3.617578871952306e-10
-2.103,-5.2359707610951445e-11,-3.663076110703455e-10
-2.102,-5.26549947862129e-11,-3.709142868463516e-10
-2.101,-5.294906740833923e-11,-3.7557862305484373e-10
-2.1,-5.3241843350307e-11,-3.8030133697102956e-10
-2.099,-5.3533238546325565e-11,-3.8508315472046964e-10
-2.098,-5.382316695520503e-11,-3.8992481138710155e-10
-2.097,-5.411154052309852e-11,-3.9482705112256336e-10
-2.096,-5.439826914560864e-11,-3.9979062725683147e-10
-2.095,-5.468326062924784e-11,-4.048163024101883e-10
-2.094,-5.496642065224244e-11,-4.099048486065359e-10
-2.093,-5.5247652724669526e-11,-4.150570473880706e-10
-2.092,-5.552685814791625e-11,-4.2027368993133567e-10
-2.091,-5.580393597345049e-11,-4.25555577164667e-10
-2.09,-5.6078782960891796e-11,-4.3090351988704936e-10
-2.089,-5.6351293535371585e-11,-4.363183388883989e-10
-2.088,-5.662135974417095e-11,-4.418008650712895e-10
-2.087,-5.688887121262468e-11,-4.473519395741388e-10
-2.086,-5.715371509927969e-11,-4.5297241389587233e-10
-2.085,-5.7415776050295856e-11,-4.5866315002208197e-10
-2.084,-5.76749361530773e-11,-4.644250205526971e-10
-2.083,-5.793107488912164e-11,-4.702589088311856e-10
-2.082,-5.8184069086074853e-11,-4.76165709075303e-10
-2.081,-5.843379286897896e-11,-4.821463265094078e-10
-2.08,-5.868011761069975e-11,-4.882016774983606e-10
-2.079,-5.892291188152141e-11,-4.943326896830283e-10
-2.078,-5.916204139789475e-11,-5.005403021174068e-10
-2.077,-5.93973689703256e-11,-5.06825465407388e-10
-2.076,-5.962875445038968e-11,-5.131891418511843e-10
-2.075,-5.985605467686002e-11,-5.196323055814333e-10
-2.074,-6.007912342093278e-11,-5.261559427090021e-10
-2.073,-6.029781133053727e-11,-5.327610514685095e-10
-2.072,-6.051196587371543e-11,-5.394486423655872e-10
-2.071,-6.072143128105614e-11,-5.462197383259012e-10
-2.07,-6.092604848716934e-11,-5.530753748459517e-10
-2.069,-6.11256550711847e-11,-5.600166001456743e-10
-2.068,-6.13200851962593e-11,-5.670444753228625e-10
-2.067,-6.150916954807877e-11,-5.741600745094326e-10
-2.066,-6.169273527233595e-11,-5.813644850295536e-10
-2.065,-6.18706059111706e-11,-5.886588075596618e-10
-2.064,-6.204260133855422e-11,-5.960441562903843e-10
-2.063,-6.220853769460274e-11,-6.035216590903922e-10
-2.062,-6.236822731880067e-11,-6.110924576722059e-10
-2.061,-6.252147868211912e-11,-6.187577077599763e-10
-2.06,-6.266809631801035e-11,-6.26518579259263e-10
-2.059,-6.28078807522613e-11,-6.343762564288358e-10
-2.058,-6.294062843168782e-11,-6.423319380545189e-10
-2.057,-6.306613165165148e-11,-6.503868376251046e-10
-2.056,-6.318417848238054e-11,-6.585421835103599e-10
-2.055,-6.329455269407581e-11,-6.667992191411493e-10
-2.054,-6.339703368078295e-11,-6.75159203191699e-10
-2.053,-6.34913963830111e-11,-6.836234097640277e-10
-2.052,-6.357741120907865e-11,-6.92193128574568e-10
-2.051,-6.365484395516589e-11,-7.00869665143005e-10
-2.05,-6.372345572405432e-11,-7.096543409833569e-10
-2.049,-6.3783002842532e-11,-7.185484937973233e-10
-2.048,-6.383323677744393e-11,-7.275534776699291e-10
-2.047,-6.387390405036633e-11,-7.366706632674876e-10
-2.046,-6.390474615088323e-11,-7.459014380379134e-10
-2.045,-6.392549944844329e-11,-7.552472064134078e-10
-2.044,-6.393589510277495e-11,-7.647093900155485e-10
-2.043,-6.393565897283703e-11,-7.74289427862808e-10
-2.042,-6.3924511524282e-11,-7.839887765805303e-10
-2.041,-6.39021677354088e-11,-7.938089106133937e-10
-2.04,-6.386833700158123e-11,-8.037513224403887e-10
-2.039,-6.382272303808843e-11,-8.1381752279234e-10
-2.038,-6.376502378142265e-11,-8.240090408720004e-10
-2.037,-6.369493128894995e-11,-8.343274245767494e-10
-2.036,-6.361213163694866e-11,-8.447742407239228e-10
-2.035,-6.351630481698997e-11,-8.553510752788052e-10
-2.034,-6.34071246306352e-11,-8.660595335853176e-10
-2.033,-6.328425858242307e-11,-8.769012405994272e-10
-2.032,-6.31473677711208e-11,-8.878778411253145e-10
-2.031,-6.299610677921157e-11,-8.98991000054327e-10
-2.03,-6.283012356059132e-11,-9.102424026067515e-10
-2.029,-6.264905932644676e-11,-9.216337545764395e-10
-2.028,-6.245254842928642e-11,-9.331667825783147e-10
-2.027,-6.224021824509614e-11,-9.448432342987993e-10
-2.026,-6.20116890535897e-11,-9.566648787491901e-10
-2.025,-6.176657391652513e-11,-9.686335065220187e-10
-2.024,-6.150447855405675e-11,-9.807509300504305e-10
-2.023,-6.122500121909235e-11,-9.930189838706156e-10
-2.022,-6.092773256962467e-11,-1.0054395248873294e-9
-2.021,-6.06122555390058e-11,-1.018014432642533e-9
-2.02,-6.027814520413261e-11,-1.0307456095871954e-9
-2.019,-5.992496865151094e-11,-1.043634981356287e-9
-2.018,-5.955228484116567e-11,-1.0566844970470073e-9
-2.017,-5.915964446836329e-11,-1.0698961295002774e-9
-2.016,-5.874658982311347e-11,-1.0832718755855387e-9
-2.015,-5.831265464741484e-11,-1.0968137564888942e-9
-2.014,-5.7857363990210516e-11,-1.1105238180046295e-9
-2.013,-5.7380234060017976e-11,-1.1244041308301532e-9
-2.012,-5.6880772075197117e-11,-1.1384567908643946e-9
-2.011,-5.635847611182045e-11,-1.152683919509699e-9
-2.01,-5.5812834949108185e-11,-1.1670876639772573e-9
-2.009,-5.524332791239082e-11,-1.1816701975961161e-9
-2.008,-5.464942471356111e-11,-1.1964337201258013e-9
-2.007,-5.40305852889767e-11,-1.2113804580726011e-9
-2.006,-5.3386259634774345e-11,-1.2265126650095495e-9
-2.005,-5.2715887639555736e-11,-1.2418326219001492e-9
-2.004,-5.2018898914404555e-11,-1.2573426374258796e-9
-2.003,-5.129471262019382e-11,-1.2730450483175305e-9
-2.002,-5.054273729214183e-11,-1.2889422196904058e-9
-2.001,-4.976237066157434e-11,-1.305036545383439e-9
-2.0,-4.8952999474850374e-11,-1.3213304483022682e-9
-1.999,-4.811399930940781e-11,-1.3378263807663112e-9
-1.998,-4.7244734386884815e-11,-1.3545268248598881e-9
-1.997,-4.634455738327214e-11,-1.371434292787437e-9
-1.996,-4.54128092360509e-11,-1.3885513272328669e-9
-1.995,-4.444881894826952e-11,-1.4058805017230977e-9
-1.994,-4.345190338951313e-11,-1.42342442099583e-9
-1.993,-4.242136709371765e-11,-1.4411857213715958e-9
-1.992,-4.135650205378053e-11,-1.4591670711301372e-9
-1.991,-4.025658751291892e-11,-1.47737117089116e-9
-1.99,-3.912088975272571e-11,-1.4958007539995127e-9
-1.989,-3.794866187787287e-11,-1.5144585869148418e-9
-1.988,-3.6739143597410974e-11,-1.5333474696057694e-9
-1.987,-3.5491561002612845e-11,-1.5524702359486482e-9
-1.986,-3.420512634130863e-11,-1.5718297541309425e-9
-1.985,-3.287903778865874e-11,-1.5914289270592862e-9
-1.984,-3.15124792143104e-11,-1.611270692772273e-9
-1.983,-3.010461994588255e-11,-1.6313580248580294e-9
-1.982,-2.8654614528723288e-11,-1.6516939328766224e-9
-1.981,-2.7161602481882997e-11,-1.6722814627873609e-9
-1.98,-2.5624708050245534e-11,-1.693123697381038e-9
-1.979,-2.4043039952759032e-11,-1.7142237567171769e-9
-1.978,-2.241569112670698e-11,-1.7355847985663291e-9
-1.977,-2.074173846795932e-11,-1.757210018857486e-9
-1.976,-1.90202425671425e-11,-1.7791026521306587e-9
-1.975,-1.7250247441666415e-11,-1.8012659719946817e-9
-1.974,-1.5430780263545333e-11,-1.8237032915903027e-9
-1.973,-1.3560851082948957e-11,-1.8464179640586129e-9
-1.972,-1.1639452547418741e-11,-1.869413383014878e-9
-1.971,-9.665559616683792e-12,-1.8926929830278314e-9
-1.97,-7.63812927300952e-12,-1.9162602401044894e-9
-1.969,-5.556100227011392e-12,-1.9401186721805447e-9
-1.968,-3.418392618864994e-12,-1.9642718396164097e-9
-1.967,-1.2239077148427175e-12,-1.9887233456989602e-9
-1.966,1.028472400893742e-12,-2.0134768371490533e-9
-1.965,3.3398851393168645e-12,-2.0385360046348723e-9
-1.964,5.711487724445648e-12,-2.063904583291174e-9
-1.963,8.144457516220761e-12,-2.0895863532444924e-9
-1.962,1.0639992338417536e-11,-2.115585140144374e-9
-1.961,1.3199310811672956e-11,-2.141904815700703e-9
-1.96,1.5823652691703904e-11,-2.168549298227187e-9
-1.959,1.8514279212795054e-11,-2.195522553191073e-9
-1.958,2.1272473436635998e-11,-2.222828593769154e-9
-1.957,2.4099540606588302e-11,-2.250471481410146e-9
-1.956,2.699680850746442e-11,-2.278455326403496e-9
-1.955,2.9965627830901604e-11,-2.306784288454694e-9
-1.954,3.3007372546415117e-11,-2.335462577267161e-9
-1.953,3.6123440278216333e-11,-2.364494453130788e-9
-1.952,3.931525268788263e-11,-2.3938842275171885e-9
-1.951,4.2584255862967054e-11,-2.423636263681747e-9
-1.95,4.593192071163734e-11,-2.453754977272536e-9
-1.949,4.935974336343482e-11,-2.4842448369461713e-9
-1.948,5.286924557624541e-11,-2.515110364990685e-9
-1.947,5.646197514957602e-11,-2.546356137955492e-9
-1.946,6.013950634423113e-11,-2.5779867872885273e-9
-1.945,6.390344030848579e-11,-2.610006999980628e-9
-1.944,6.775540551085246e-11,-2.642421519217243e-9
-1.943,7.169705817954083e-11,-2.675235145037549e-9
-1.942,7.573008274871097e-11,-2.70845273500105e-9
-1.941,7.985619231162176e-11,-2.7420792048617415e-9
-1.94,8.407712908077804e-11,-2.776119529249927e-9
-1.939,8.839466485518134e-11,-2.8105787423617576e-9
-1.938,9.281060149479068e-11,-2.845461938656593e-9
-1.937,9.732677140230139e-11,-2.8807742735622516e-9
-1.936,1.0194503801235169e-10,-2.9165209641882478e-9
-1.935,1.0666729628826799e-10,-2.9527072900470967e-9
-1.934,1.11495473226462e-10,-2.989338593783769e-9
-1.933,1.1643152836859378e-10,-3.0264202819133936e-9
-1.932,1.2147745432161717e-10,-3.0639578255672854e-9
-1.931,1.2663527728582528e-10,-3.101956761247392e-9
-1.93,1.3190705759101552e-10,-3.140422691589254e-9
-1.929,1.3729489024089561e-10,-3.179361286133558e-9
-1.928,1.4280090546585343e-10,-3.2187782821063874e-9
-1.927,1.4842726928421584e-10,-3.2586794852082533e-9
-1.926,1.541761840721228e-10,-3.2990707704120015e-9
-1.925,1.6004988914214555e-10,-3.3399580827696967e-9
-1.924,1.6605066133077903e-10,-3.3813474382285678e-9
-1.923,1.721808155949411e-10,-3.423244924456119e-9
-1.922,1.7844270561761245e-10,-3.465656701674502e-9
-1.921,1.848387244227534e-10,-3.508589003504244e-9
-1.92,1.9137130499963607e-10,-3.5520481378174343e-9
-1.919,1.980429209367315e-10,-3.5960404876004684e-9
-1.918,2.0485608706529443e-10,-3.640572511826448e-9
-1.917,2.1181336011278948e-10,-3.6856507463373437e-9
-1.916,2.1891733936630546e-10,-3.731281804736016e-9
-1.915,2.2617066734610616e-10,-3.777472379288205e-9
-1.914,2.3357603048946803e-10,-3.8242292418345944e-9
-1.913,2.411361598449577e-10,-3.871559244713042e-9
-1.912,2.488538317773048e-10,-3.919469321691103e-9
-1.911,2.5673186868302575e-10,-3.9679664889089394e-9
-1.91,2.6477313971696054e-10,-4.01705784583273e-9
-1.909,2.7298056152988226e-10,-4.066750576218689e-9
-1.908,2.813570990173439e-10,-4.117051949087804e-9
-1.907,2.899057660799304e-10,-4.1679693197114044e-9
-1.906,2.98629626395083e-10,-4.219510130607679e-9
-1.905,3.075317942006685e-10,-4.271681912549242e-9
-1.904,3.166154350904671e-10,-4.324492285581881e-9
-1.903,3.258837668217551e-10,-4.377948960054591e-9
-1.902,3.353400601351613e-10,-4.432059737661004e-9
-1.901,3.4498763958697905e-10,-4.486832512492362e-9
-1.9,3.5482988439411746e-10,-4.542275272102109e-9
-1.899,3.6487022929187967e-10,-4.598396098582266e-9
-1.898,3.751121654047563e-10,-4.655203169651672e-9
-1.897,3.8555924113042765e-10,-4.712704759756247e-9
-1.896,3.962150630371684e-10,-4.770909241181371e-9
-1.895,4.0708329677485404e-10,-4.8298250851765245e-9
-1.894,4.1816766799976863e-10,-4.889460863092306e-9
-1.893,4.2947196331341785e-10,-4.9498252475299545e-9
-1.892,4.4100003121555376e-10,-5.010927013503505e-9
-1.891,4.5275578307162097e-10,-5.072775039614715e-9
-1.89,4.647431940948366e-10,-5.135378309240867e-9
-1.889,4.769663043431194e-10,-5.198745911735617e-9
-1.888,4.894292197310868e-10,-5.2628870436429765e-9
-1.887,5.02136113057342e-10,-5.327811009924604e-9
-1.886,5.150912250472757e-10,-5.393527225200511e-9
-1.885,5.282988654116103e-10,-5.460045215003326e-9
-1.884,5.417634139209192e-10,-5.5273746170462675e-9
-1.883,5.554893214963556e-10,-5.595525182504941e-9
-1.882,5.694811113168275e-10,-5.664506777313116e-9
-1.881,5.83743379942863e-10,-5.734329383472624e-9
-1.88,5.982807984574093e-10,-5.8050031003774995e-9
-1.879,6.130981136238145e-10,-5.876538146152542e-9
-1.878,6.282001490612442e-10,-5.948944859006403e-9
-1.877,6.435918064377885e-10,-6.022233698599375e-9
-1.876,6.592780666815195e-10,-6.096415247426018e-9
-1.875,6.752639912097619e-10,-6.171500212212759e-9
-1.874,6.915547231768433e-10,-6.247499425330643e-9
-1.873,7.081554887405958e-10,-6.324423846223348e-9
-1.872,7.250715983478832e-10,-6.402284562850657e-9
-1.871,7.423084480394309e-10,-6.481092793147499e-9
-1.87,7.59871520774244e-10,-6.56085988649875e-9
-1.869,7.777663877738971e-10,-6.641597325229915e-9
-1.868,7.959987098869883e-10,-6.723316726113882e-9
-1.867,8.145742389740516e-10,-6.806029841893873e-9
-1.866,8.334988193132259e-10,-6.889748562822778e-9
-1.865,8.527783890269863e-10,-6.9744849182190145e-9
-1.864,8.72418981530242e-10,-7.0602510780390874e-9
-1.863,8.924267270001152e-10,-7.1470593544669955e-9
-1.862,9.128078538677165e-10,-7.234922203520671e-9
-1.861,9.335686903322382e-10,-7.323852226675597e-9
-1.86,9.547156658976897e-10,-7.413862172505782e-9
-1.859,9.762553129326072e-10,-7.50496493834226e-9
-1.858,9.981942682530709e-10,-7.597173571949272e-9
-1.857,1.0205392747293693e-9,-7.690501273218321e-9
-1.856,1.0432971829166566e-9,-7.784961395880256e-9
-1.855,1.0664749527099507e-9,-7.88056744923556e-9
-1.854,1.0900796550238274e-9,-7.977333099903027e-9
-1.853,1.1141184734971683e-9,-8.075272173587e-9
-1.852,1.1385987062233305e-9,-8.174398656863334e-9
-1.851,1.1635277675061028e-9,-8.274726698984282e-9
-1.85,1.1889131896418264e-9,-8.376270613702474e-9
-1.849,1.2147626247280617e-9,-8.479044881114177e-9
-1.848,1.2410838464991814e-9,-8.583064149522002e-9
-1.847,1.2678847521892866e-9,-8.688343237317269e-9
-1.846,1.295173364422839e-9,-8.794897134882189e-9
-1.845,1.322957833133413e-9,-8.902741006512068e-9
-1.844,1.3512464375109746e-9,-9.011890192357711e-9
-1.843,1.3800475879781014e-9,-9.12236021038822e-9
-1.842,1.409369828195563e-9,-9.234166758374376e-9
-1.841,1.4392218370976876e-9,-9.3473257158928e-9
-1.84,1.4696124309579456e-9,-9.461853146351074e-9
-1.839,1.5005505654851876e-9,-9.577765299034036e-9
-1.838,1.5320453379509824e-9,-9.695078611171427e-9
-1.837,1.5641059893485024e-9,-9.813809710027108e-9
-1.836,1.5967419065834149e-9,-9.933975415010016e-9
-1.835,1.6299626246972404e-9,-1.0055592739807093e-8
-1.834,1.6637778291236492e-9,-1.0178678894538363e-8
-1.833,1.6981973579781706e-9,-1.0303251287934372e-8
-1.832,1.7332312043817982e-9,-1.0429327529536201e-8
-1.831,1.7688895188189799e-9,-1.0556925431918236e-8
-1.83,1.8051826115304903e-9,-1.0686063012933926e-8
-1.829,1.8421209549416892e-9,-1.0816758497984726e-8
-1.828,1.879715186126673e-9,-1.0949030322312427e-8
-1.827,1.9179761093088433e-9,-1.1082897133315102e-8
-1.826,1.9569146983984082e-9,-1.1218377792886865e-8
-1.825,1.9965420995673606e-9,-1.135549137978166e-8
-1.824,2.036869633862462e-9,-1.14942571920013e-8
-1.823,2.0779087998567856e-9,-1.1634694749207964e-8
-1.822,2.119671276340372e-9,-1.1776823795161376e-8
-1.821,2.162168925050563e-9,-1.1920664300180885e-8
-1.82,2.205413793442576e-9,-1.2066236463632655e-8
-1.819,2.2494181175009097e-9,-1.2213560716442198e-8
-1.818,2.2941943245921595e-9,-1.2362657723632469e-8
-1.817,2.339755036359839e-9,-1.2513548386887748e-8
-1.816,2.3861130716618153e-9,-1.2666253847143522e-8
-1.815,2.4332814495509635e-9,-1.2820795487202613e-8
-1.814,2.481273392299667e-9,-1.297719493437777e-8
-1.813,2.5301023284687886e-9,-1.3135474063160941e-8
-1.812,2.5797818960217544e-9,-1.3295654997919472e-8
-1.811,2.6303259454843916e-9,-1.3457760115619466e-8
-1.81,2.6817485431511833e-9,-1.362181204857652e-8
-1.809,2.734063974338597e-9,-1.3787833687234071e-8
-1.808,2.7872867466861726e-9,-1.3955848182969612e-8
-1.807,2.8414315935060406e-9,-1.412587895092898e-8
-1.806,2.8965134771815745e-9,-1.4297949672888977e-8
-1.805,2.9525475926158755e-9,-1.447208430014855e-8
-1.804,3.009549370730802e-9,-1.4648307056448766e-8
-1.803,3.067534482017271e-9,-1.4826642440921845e-8
-1.802,3.126518840137558e-9,-1.500711523106946e-8
-1.801,3.186518605580344e-9,-1.518975048577056e-8
-1.8,3.247550189369261e-9,-1.5374573548318963e-8
-1.799,3.3096302568257004e-9,-1.5561610049490976e-8
-1.798,3.372775731386655e-9,-1.5750885910643245e-8
-1.797,3.437003798478389e-9,-1.5942427346841127e-8
-1.796,3.502331909446721e-9,-1.6136260870017795e-8
-1.795,3.5687777855447395e-9,-1.633241329216435e-8
-1.794,3.6363594219787558e-9,-1.65309117285512e-8
-1.793,3.7050950920133384e-9,-1.6731783600980875e-8
-1.792,3.7750033511362584e-9,-1.693505664107266e-8
-1.791,3.846103041284209e-9,-1.7140758893579175e-8
-1.79,3.918413295130153e-9,-1.734891871973522e-8
-1.789,3.9919535404331876e-9,-1.755956480063914e-8
-1.788,4.0667435044518085e-9,-1.777272614066691e-8
-1.787,4.142803218421472e-9,-1.7988432070919267e-8
-1.786,4.220153022097377e-9,-1.8206712252702085e-8
-1.785,4.298813568363388e-9,-1.8427596681040283e-8
-1.784,4.3788058279080416e-9,-1.8651115688225506e-8
-1.783,4.460151093968582e-9,-1.887729994739784e-8
-1.782,4.542870987144004e-9,-1.910618047616182e-8
-1.781,4.62698746027807e-9,-1.9337788640237003e-8
-1.78,4.712522803413299e-9,-1.957215615714332e-8
-1.779,4.799499648816932e-9,-1.980931509992152e-8
-1.778,4.887940976079897e-9,-2.0049297900888932e-8
-1.777,4.9778701172898085e-9,-2.0292137355430822e-8
-1.776,5.069310762279036e-9,-2.053786662582759e-8
-1.775,5.162286963948927e-9,-2.0786519245118062e-8
-1.774,5.256823143671245e-9,-2.103812912099918e-8
-1.773,5.352944096767919e-9,-2.12927305397623e-8
-1.772,5.450674998070217e-9,-2.1550358170266367e-8
-1.771,5.550041407558457e-9,-2.1811047067948283e-8
-1.77,5.651069276083402e-9,-2.2074832678870643e-8
-1.769,5.753784951170488e-9,-2.234175084380716e-8
-1.768,5.858215182908052e-9,-2.2611837802366033e-8
-1.767,5.964387129920761e-9,-2.2885130197151496e-8
-1.766,6.072328365429415e-9,-2.316166507796383e-8
-1.765,6.18206688339837e-9,-2.3441479906038078e-8
-1.764,6.2936311047718096e-9,-2.3724612558321765e-8
-1.763,6.407049883800097e-9,-2.401110133179181e-8
-1.762,6.52235251445751e-9,-2.4300984947810977e-8
-1.761,6.639568736952618e-9,-2.4594302556524058e-8
-1.76,6.758728744332617e-9,-2.489109374129406e-8
-1.759,6.879863189182942e-9,-2.51913985231787e-8
-1.758,7.003003190423504e-9,-2.5495257365447376e-8
-1.757,7.128180340202893e-9,-2.5802711178138963e-8
-1.756,7.255426710891942e-9,-2.611380132266065e-8
-1.755,7.384774862178037e-9,-2.6428569616428032e-8
-1.754,7.516257848261597e-9,-2.67470583375468e-8
-1.753,7.649909225156144e-9,-2.7069310229536216e-8
-1.752,7.785763058093424e-9,-2.7395368506094622e-8
-1.751,7.923853929035069e-9,-2.772527685590728e-8
-1.75,8.064216944292253e-9,-2.8059079447496756e-8
-1.749,8.206887742254908e-9,-2.8396820934116115e-8
-1.748,8.351902501231983e-9,-2.8738546458685154e-8
-1.747,8.499297947404339e-9,-2.9084301658769933e-8
-1.746,8.649111362891845e-9,-2.9434132671605836e-8
-1.745,8.801380593936261e-9,-2.9788086139164442e-8
-1.744,8.956144059201545e-9,-3.0146209213264375e-8
-1.743,9.113440758193218e-9,-3.050854956072643e-8
-1.742,9.273310279798452e-9,-3.087515536857322e-8
-1.741,9.435792810948559e-9,-3.1246075349273475e-8
-1.74,9.60092914540561e-9,-3.16213587460314e-8
-1.739,9.768760692674897e-9,-3.2001055338121144e-8
-1.738,9.939329487045006e-9,-3.23852154462667e-8
-1.737,1.0112678196757273e-8,-3.2773889938067496e-8
-1.736,1.028885013330643e-8,-3.316713023346978e-8
-1.735,1.046788926087428e-8,-3.3564988310284116e-8
-1.734,1.0649840205898226e-8,-3.3967516709749184e-8
-1.733,1.0834748266776562e-8,-3.437476854214208e-8
-1.732,1.1022659423712419e-8,-3.4786797492435346e-8
-1.731,1.1213620348698285e-8,-3.52036578260009e-8
-1.73,1.140767841564306e-8,-3.562540439436114e-8
-1.729,1.1604881710643641e-8,-3.605209264098732e-8
-1.728,1.1805279042403032e-8,-3.6483778607145514e-8
-1.727,1.2008919952796996e-8,-3.692051893779024e-8
-1.726,1.2215854727591359e-8,-3.736237088750605e-8
-1.725,1.2426134407312008e-8,-3.780939232649713e-8
-1.724,1.2639810798269737e-8,-3.826164174662525e-8
-1.723,1.2856936483742056e-8,-3.87191782674961e-8
-1.722,1.307756483531417e-8,-3.918206164259428e-8
-1.721,1.3301750024381311e-8,-3.965035226546703e-8
-1.72,1.3529547033814666e-8,-4.0124111175956935e-8
-1.719,1.3761011669793164e-8,-4.0603400066483713e-8
-1.718,1.3996200573803413e-8,-4.108828128837527e-8
-1.717,1.4235171234810126e-8,-4.157881785824808e-8
-1.716,1.447798200159937e-8,-4.2075073464437196e-8
-1.715,1.4724692095297052e-8,-4.257711247347585e-8
-1.714,1.4975361622065032e-8,-4.3084999936624854e-8
-1.713,1.5230051585977358e-8,-4.3598801596451966e-8
-1.712,1.548882390207904e-8,-4.411858389346122e-8
-1.711,1.5751741409629985e-8,-4.464441397277242e-8
-1.71,1.601886788553651e-8,-4.517635969085088e-8
-1.709,1.6290268057973157e-8,-4.5714489622287454e-8
-1.708,1.6566007620197332e-8,-4.625887306662906e-8
-1.707,1.6846153244559455e-8,-4.6809580055259614e-8
-1.706,1.7130772596711332e-8,-4.7366681358331595e-8
-1.705,1.741993435001544e-8,-4.7930248491748206e-8
-1.704,1.77137082001579e-8,-4.8500353724196243e-8
-1.703,1.8012164879967976e-8,-4.907707008422969e-8
-1.702,1.8315376174446852e-8,-4.96604713674041e-8
-1.701,1.8623414936008634e-8,-5.025063214346173e-8
-1.7,1.893635509993649e-8,-5.0847627763567594e-8
-1.699,1.9254271700056798e-8,-5.145153436759623e-8
-1.698,1.9577240884634402e-8,-5.2062428891469405e-8
-1.697,1.9905339932491922e-8,-5.268038907454456e-8
-1.696,2.0238647269356213e-8,-5.330549346705413e-8
-1.695,2.057724248443511e-8,-5.3937821437595586e-8
-1.694,2.092120634722756e-8,-5.457745318067227e-8
-1.693,2.1270620824570378e-8,-5.522446972428481e-8
-1.692,2.162556909792484e-8,-5.587895293757328e-8
-1.691,2.1986135580906375e-8,-5.654098553850982e-8
-1.69,2.2352405937060718e-8,-5.721065110164171e-8
-1.689,2.2724467097889866e-8,-5.7888034065884836e-8
-1.688,2.310240728113121e-8,-5.8573219742367394e-8
-1.687,2.3486316009293385e-8,-5.926629432232369e-8
-1.686,2.3876284128452225e-8,-5.996734488503791e-8
-1.685,2.4272403827310467e-8,-6.067645940583778e-8
-1.684,2.467476865652473e-8,-6.139372676413774e-8
-1.683,2.5083473548303428e-8,-6.21192367515318e-8
-1.682,2.5498614836279333e-8,-6.285308007993548e-8
-1.681,2.5920290275660443e-8,-6.35953483897769e-8
-1.68,2.6348599063663044e-8,-6.434613425823674e-8
-1.679,2.6783641860230678e-8,-6.510553120753672e-8
-1.678,2.7225520809043027e-8,-6.587363371327648e-8
-1.677,2.7674339558818544e-8,-6.665053721281846e-8
-1.676,2.813020328491485e-8,-6.743633811372057e-8
-1.675,2.859321871123096e-8,-6.823113380221632e-8
-1.674,2.9063494132415382e-8,-6.903502265174205e-8
-1.673,2.9541139436384258e-8,-6.984810403151091e-8
-1.672,3.002626612715375e-8,-7.06704783151333e-8
-1.671,3.0518987347990876e-8,-7.150224688928327e-8
-1.67,3.1019417904887176e-8,-7.234351216241055e-8
-1.669,3.1527674290359465e-8,-7.319437757349769e-8
-1.668,3.204387470758223e-8,-7.405494760086208e-8
-1.667,3.256813909485602e-8,-7.492532777100204e-8
-1.666,3.310058915041639e-8,-7.58056246674868e-8
-1.665,3.364134835758809e-8,-7.66959459398897e-8
-1.664,3.4190542010288953e-8,-7.759640031276403e-8
-1.663,3.4748297238888464e-8,-7.85070975946611e-8
-1.662,3.531474303642548e-8,-7.942814868718986e-8
-1.661,3.589001028519017e-8,-8.035966559411733e-8
-1.66,3.6474231783674986e-8,-8.130176143050959e-8
-1.659,3.706754227389957e-8,-8.225455043191217e-8
-1.658,3.7670078469114716e-8,-8.321814796356954e-8
-1.657,3.8281979081890426e-8,-8.419267052968275e-8
-1.656,3.890338485259319e-8,-8.517823578270467e-8
-1.655,3.953443857825777e-8,-8.617496253267186e-8
-1.654,4.017528514185871e-8,-8.718297075657239e-8
-1.653,4.0826071541986986e-8,-8.820238160774875e-8
-1.652,4.1486946922937134e-8,-8.923331742533496e-8
-1.651,4.215806260521046e-8,-9.02759017437271e-8
-1.65,4.2839572116439794e-8,-9.133025930208607e-8
-1.649,4.353163122274146e-8,-9.239651605387203e-8
-1.648,4.4234397960500186e-8,-9.347479917640907e-8
-1.647,4.4948032668592675e-8,-9.456523708047949e-8
-1.646,4.567269802105577e-8,-9.56679594199463e-8
-1.645,4.6408559060205035e-8,-9.678309710140317e-8
-1.644,4.715578323020983e-8,-9.791078229385035e-8
-1.643,4.791454041113099e-8,-9.905114843839568e-8
-1.642,4.8685002953427045e-8,-1.0020433025797932e-7
-1.641,4.94673457129356e-8,-1.0137046376712104e-7
-1.64,5.026174608633572e-8,-1.0254968628168868e-7
-1.639,5.106838404709815e-8,-1.0374213642868661e-7
-1.638,5.188744218192947e-8,-1.049479541560627e-7
-1.637,5.2719105727717055e-8,-1.0616728074253233e-7
-1.636,5.356356260898119e-8,-1.0740025880741832e-7
-1.635,5.442100347584129e-8,-1.0864703232050474e-7
-1.634,5.529162174250291e-8,-1.0990774661190364e-7
-1.633,5.617561362627243e-8,-1.1118254838193267e-7
-1.632,5.707317818710642e-8,-1.1247158571100219e-7
-1.631,5.7984517367702813e-8,-1.1377500806951005e-7
-1.63,5.890983603414087e-8,-1.1509296632774253e-7
-1.629,5.984934201707737e-8,-1.1642561276577931e-7
-1.628,6.080324615350618e-8,-1.1777310108340098e-7
-1.627,6.17717623290888e-8,-1.1913558640999699e-7
-1.626,6.27551075210633e-8,-1.205132253144722e-7
-1.625,6.375350184173918e-8,-1.2190617581514994e-7
-1.624,6.476716858258607e-8,-1.2331459738966976e-7
-1.623,6.579633425892393e-8,-1.247386509848774e-7
-1.622,6.684122865522256e-8,-1.261784990267051e-7
-1.621,6.790208487101876e-8,-1.2763430543004007e-7
-1.62,6.897913936745873e-8,-1.2910623560857843e-7
-1.619,7.007263201447439e-8,-1.3059445648466293e-7
-1.618,7.11828061386016e-8,-1.3209913649910134e-7
-1.617,7.23099085714488e-8,-1.3362044562096353e-7
-1.616,7.345418969882462e-8,-1.351585553573546e-7
-1.615,7.461590351053297e-8,-1.3671363876316123e-7
-1.614,7.579530765084429e-8,-1.3828587045076894e-7
-1.613,7.699266346965202e-8,-1.3987542659974711e-7
-1.612,7.820823607432294e-8,-1.4148248496649946e-7
-1.611,7.944229438225052e-8,-1.431072248938765e-7
-1.61,8.069511117412057e-8,-1.4474982732074748e-7
-1.609,8.196696314789822e-8,-1.464104747915287e-7
-1.608,8.325813097354579e-8,-1.4808935146566478e-7
-1.607,8.456889934848091e-8,-1.4978664312706002e-7
-1.606,8.589955705378462e-8,-1.515025371934566e-7
-1.605,8.725039701116915e-8,-1.5323722272575598e-7
-1.604,8.862171634071502e-8,-1.549908904372803e-7
-1.603,9.001381641938777e-8,-1.5676373270297019e-7
-1.602,9.142700294034416e-8,-1.5855594356851534e-7
-1.601,9.286158597303814e-8,-1.6036771875941438e-7
-1.6,9.431788002413681e-8,-1.6219925568995977e-7
-1.599,9.579620409925698e-8,-1.640507534721444e-7
-1.598,9.729688176553287e-8,-1.6592241292448554e-7
-1.597,9.882024121502554e-8,-1.6781443658076236e-7
-1.596,1.0036661532898506e-7,-1.697270286986624e-7
-1.595,1.0193634174297622e-7,-1.7166039526833341e-7
-1.594,1.035297629128791e-7,-1.7361474402083554e-7
-1.593,1.0514722618177545e-7,-1.7559028443648973e-7
-1.592,1.0678908384773253e-7,-1.7758722775311787e-7
-1.591,1.084556932324957e-7,-1.7960578697416954e-7
-1.59,1.1014741675110152e-7,-1.8164617687673123e-7
-1.589,1.1186462198242316e-7,-1.837086140194124e-7
-1.588,1.1360768174065993e-7,-1.8579331675010414e-7
-1.587,1.1537697414778302e-7,-1.8790050521360446e-7
-1.586,1.1717288270694984e-7,-1.9003040135910583e-7
-1.585,1.1899579637689904e-7,-1.921832289475387e-7
-1.584,1.2084610964733884e-7,-1.9435921355876646e-7
-1.583,1.2272422261534145e-7,-1.9655858259862537e-7
-1.582,1.2463054106275606e-7,-1.987815653058042e-7
-1.581,1.265654765346536e-7,-2.0102839275855761e-7
-1.58,1.2852944641881642e-7,-2.0329929788124714e-7
-1.579,1.305228740262857e-7,-2.055945154507039e-7
-1.578,1.3254618867298085e-7,-2.0791428210240632e-7
-1.577,1.345998257624032e-7,-2.10258836336467e-7
-1.576,1.3668422686943923e-7,-2.1262841852342165e-7
-1.575,1.3879983982527584e-7,-2.150232709098136e-7
-1.574,1.4094711880344268e-7,-2.1744363762356726e-7
-1.573,1.4312652440699507e-7,-2.1988976467914293e-7
-1.572,1.4533852375685246e-7,-2.2236189998246647e-7
-1.571,1.475835905813066e-7,-2.248602933356259e-7
-1.57,1.498622053067142e-7,-2.2738519644132793e-7
-1.569,1.5217485514938908e-7,-2.2993686290710657e-7
-1.568,1.545220342087087e-7,-2.3251554824927583e-7
-1.567,1.569042435614505e-7,-2.351215098966188e-7
-1.566,1.5932199135737312e-7,-2.3775500719380508e-7
-1.565,1.617757929160587e-7,-2.404163014045275e-7
-1.564,1.6426617082503109e-7,-2.431056557143507e-7
-1.563,1.6679365503916685e-7,-2.45823335233262e-7
-1.562,1.6935878298141457e-7,-2.485696069979159e-7
-1.561,1.7196209964483893e-7,-2.513447399735635e-7
-1.56,1.7460415769600624e-7,-2.5414900505565724e-7
-1.559,1.772855175797277e-7,-2.5698267507112147e-7
-1.558,1.8000674762517775e-7,-2.598460247792793e-7
-1.557,1.8276842415340403e-7,-2.62739330872426e-7
-1.556,1.855711315862467e-7,-2.6566287197603866e-7
-1.555,1.8841546255668423e-7,-2.6861692864861215e-7
-1.554,1.9130201802062339e-7,-2.7160178338111017e-7
-1.553,1.9423140737015134e-7,-2.7461772059602166e-7
-1.552,1.9720424854826785e-7,-2.7766502664601094e-7
-1.551,2.002211681651157e-7,-2.8074398981215057e-7
-1.55,2.0328280161572802e-7,-2.838549003017257e-7
-1.549,2.0638979319931085e-7,-2.8699805024559814e-7
-1.548,2.0954279624008028e-7,-2.9017373369511817e-7
-1.547,2.127424732096725e-7,-2.933822466185723e-7
-1.546,2.1598949585114679e-7,-2.966238868971545e-7
-1.545,2.1928454530460047e-7,-2.998989543204476e-7
-1.544,2.2262831223441562e-7,-3.032077505814035e-7
-1.543,2.260214969581575e-7,-3.065505792708074e-7
-1.542,2.294648095771449e-7,-3.099277458712138e-7
-1.541,2.3295897010871248e-7,-3.1333955775033996e-7
-1.54,2.3650470862018605e-7,-3.167863241539033e-7
-1.539,2.4010276536459137e-7,-3.202683561978881e-7
-1.538,2.4375389091811735e-7,-3.2378596686022696e-7
-1.537,2.4745884631935537e-7,-3.2733947097188317e-7
-1.536,2.512184032103358e-7,-3.3092918520731726e-7
-1.535,2.5503334397938304e-7,-3.3455542807432363e-7
-1.534,2.589044619058127e-7,-3.3821851990322087e-7
-1.533,2.628325613064905e-7,-3.419187828353801e-7
-1.532,2.6681845768427775e-7,-3.4565654081107474e-7
-1.531,2.708629778783845e-7,-3.494321195566349e-7
-1.53,2.7496696021665416e-7,-3.532458465708897e-7
-1.529,2.791312546698017e-7,-3.570980511108804e-7
-1.528,2.833567230076304e-7,-3.6098906417682527e-7
-1.527,2.876442389572487e-7,-3.6491921849632037e-7
-1.526,2.9199468836331336e-7,-3.6888884850775556e-7
-1.525,2.9640896935032066e-7,-3.7289829034292875e-7
-1.524,3.00887992486972e-7,-3.769478818088382e-7
-1.523,3.054326809526373e-7,-3.8103796236863387e-7
-1.522,3.100439707059416e-7,-3.851688731217075e-7
-1.521,3.1472281065550003e-7,-3.8934095678290174e-7
-1.52,3.1947016283282603e-7,-3.9355455766081735e-7
-1.519,3.2428700256743916e-7,-3.9781002163519685e-7
-1.518,3.2917431866419784e-7,-4.021076961333644e-7
-1.517,3.341331135828839e-7,-4.0644793010569886e-7
-1.516,3.3916440362006413e-7,-4.1083107400011807e-7
-1.515,3.442692190932573e-7,-4.15257479735552e-7
-1.514,3.4944860452743197e-7,-4.1972750067438105e-7
-1.513,3.547036188438633e-7,-4.242414915938159e-7
-1.512,3.6003533555137616e-7,-4.287998086561954e-7
-1.511,3.654448429400024e-7,-4.3340280937817705e-7
-1.51,3.7093324427707995e-7,-4.3805085259879613e-7
-1.509,3.765016580058228e-7,-4.4274429844636654e-7
-1.508,3.821512179463899e-7,-4.4748350830419923e-7
-1.507,3.878830734994821e-7,-4.522688447751099e-7
-1.506,3.9369838985249643e-7,-4.5710067164469005e-7
-1.505,3.9959834818826725e-7,-4.619793538433141e-7
-1.504,4.0558414589642324e-7,-4.6690525740685326e-7
-1.503,4.1165699678739196e-7,-4.7187874943606927e-7
-1.502,4.178181313090803e-7,-4.769001980546578e-7
-1.501,4.24068796766263e-7,-4.819699723659119e-7
-1.5,4.3041025754270955e-7,-4.870884424079761e-7
-1.499,4.368437953260805e-7,-4.9225597910766e-7
-1.498,4.433707093356253e-7,-4.974729542327789e-7
-1.497,4.499923165527126e-7,-5.02739740342992e-7
-1.496,4.5670995195422634e-7,-5.080567107391037e-7
-1.495,4.6352496874885837e-7,-5.134242394107944e-7
-1.494,4.7043873861633214e-7,-5.1884270098275e-7
-1.493,4.77452651949589e-7,-5.24312470659152e-7
-1.492,4.845681180999714e-7,-5.298339241664964e-7
-1.491,4.917865656254356e-7,-5.354074376947035e-7
-1.49,4.991094425418288e-7,-5.41033387836483e-7
-1.489,5.065382165772648e-7,-5.467121515249186e-7
-1.488,5.140743754296312e-7,-5.524441059692323e-7
-1.487,5.217194270272659e-7,-5.582296285886912e-7
-1.486,5.294748997928347e-7,-5.640690969446187e-7
-1.485,5.373423429104483e-7,-5.699628886704677e-7
-1.484,5.453233265960522e-7,-5.75911381399918e-7
-1.483,5.534194423711275e-7,-5.819149526929551e-7
-1.482,5.616323033397372e-7,-5.879739799598884e-7
-1.481,5.699635444689566e-7,-5.940888403832667e-7
-1.48,5.784148228727227e-7,-6.002599108376472e-7
-1.479,5.869878180991423e-7,-6.064875678071734e-7
-1.478,5.956842324212931e-7,-6.127721873009162e-7
-1.477,6.045057911315606e-7,-6.191141447659341e-7
-1.476,6.134542428395434e-7,-6.255138149980033e-7
-1.475,6.225313597735707e-7,-6.319715720499722e-7
-1.474,6.317389380858669e-7,-6.384877891376894e-7
-1.473,6.410787981614047e-7,-6.450628385434584e-7
-1.472,6.505527849304863e-7,-6.516970915169665e-7
-1.471,6.601627681850909e-7,-6.583909181736384e-7
-1.47,6.6991064289903e-7,-6.651446873903602e-7
-1.469,6.79798329551951e-7,-6.719587666985244e-7
-1.468,6.898277744572298e-7,-6.788335221743363e-7
-1.467,7.000009500937913e-7,-6.857693183263337e-7
-1.466,7.103198554419043e-7,-6.92766517980057e-7
-1.465,7.207865163229863e-7,-6.998254821598185e-7
-1.464,7.314029857434653e-7,-7.069465699675087e-7
-1.463,7.421713442427385e-7,-7.141301384583837e-7
-1.462,7.5309370024527e-7,-7.213765425137707e-7
-1.461,7.641721904168738e-7,-7.286861347106338e-7
-1.46,7.754089800252203e-7,-7.360592651879335e-7
-1.459,7.868062633046148e-7,-7.434962815097225e-7
-1.458,7.983662638250894e-7,-7.509975285249067e-7
-1.457,8.100912348658512e-7,-7.585633482236105e-7
-1.456,8.21983459793136e-7,-7.661940795900791e-7
-1.455,8.340452524425063e-7,-7.738900584520469e-7
-1.454,8.46278957505644e-7,-7.816516173265064e-7
-1.453,8.58686950921679e-7,-7.894790852618058e-7
-1.452,8.712716402731033e-7,-7.973727876760025e-7
-1.451,8.840354651863127e-7,-8.053330461914026e-7
-1.45,8.969808977368254e-7,-8.133601784652092e-7
-1.449,9.101104428592228e-7,-8.214544980162058e-7
-1.448,9.234266387618595e-7,-8.296163140473983e-7
-1.447,9.369320573463892e-7,-8.378459312645364e-7
-1.446,9.50629304632155e-7,-8.461436496904357e-7
-1.445,9.645210211854909e-7,-8.545097644750193e-7
-1.444,9.786098825539825e-7,-8.62944565700998e-7
-1.443,9.928985997057357e-7,-8.714483381851026e-7
-1.442,1.0073899194737022e-6,-8.800213612747866e-7
-1.441,1.0220866250051078e-6,-8.886639086403105e-7
-1.44,1.0369915362160372e-6,-8.973762480621203e-7
-1.439,1.0521075102512206e-6,-9.061586412134305e-7
-1.438,1.0674374419490732e-6,-9.150113434379211e-7
-1.437,1.0829842643120378e-6,-9.239346035224545e-7
-1.436,1.0987509489822786e-6,-9.329286634647201e-7
-1.435,1.11474050672278e-6,-9.419937582357082e-7
-1.434,1.1309559879038966e-6,-9.51130115536918e-7
-1.433,1.1474004829954065e-6,-9.603379555521986e-7
-1.432,1.1640771230641235e-6,-9.696174906941237e-7
-1.431,1.1809890802771098e-6,-9.78968925344796e-7
-1.43,1.1981395684105496e-6,-9.88392455590977e-7
-1.429,1.2155318433643305e-6,-9.978882689534377e-7
-1.428,1.2331692036823845e-6,-1.0074565441104199e-6
-1.427,1.2510549910788423e-6,-1.0170974506150993e-6
-1.426,1.2691925909700516e-6,-1.02681114860694e-6
-1.425,1.2875854330125125e-6,-1.0365977885168237e-6
-1.424,1.3062369916467799e-6,-1.0464575107658418e-6
-1.423,1.32515078664739e-6,-1.0563904454576287e-6
-1.422,1.3443303836788598e-6,-1.0663967120641223e-6
-1.421,1.363779394857812e-6,-1.0764764191046246e-6
-1.42,1.3835014793212831e-6,-1.0866296638180418e-6
-1.419,1.4035003438012615e-6,-1.09685653182818e-6
-1.418,1.4237797432055121e-6,-1.1071570968019631e-6
-1.417,1.4443434812047418e-6,-1.1175314201004506e-6
-1.416,1.4651954108261553e-6,-1.127979550422516e-6
-1.415,1.4863394350534593e-6,-1.1385015234410572e-6
-1.414,1.5077795074333625e-6,-1.1490973614315982e-6
-1.413,1.5295196326886327e-6,-1.159767072893148e-6
-1.412,1.551563867337757e-6,-1.1705106521611694e-6
-1.411,1.5739163203212629e-6,-1.1813280790125193e-6
-1.41,1.5965811536347534e-6,-1.1922193182622151e-6
-1.409,1.6195625829687085e-6,-1.2031843193518727e-6
-1.408,1.6428648783551065e-6,-1.2142230159296738e-6
-1.407,1.6664923648209203e-6,-1.225335325421702e-6
-1.406,1.6904494230485405e-6,-1.2365211485944968e-6
-1.405,1.7147404900431792e-6,-1.2477803691086654e-6
-1.404,1.7393700598073085e-6,-1.2591128530633905e-6
-1.403,1.7643426840221847e-6,-1.2705184485316722e-6
-1.402,1.7896629727365133e-6,-1.2819969850861366e-6
-1.401,1.815335595062308e-6,-1.293548273315243e-6
-1.4,1.841365279877995e-6,-1.3051721043297174e-6
-1.399,1.8677568165388152e-6,-1.3168682492590351e-6
-1.398,1.8945150555945774e-6,-1.3286364587377822e-6
-1.397,1.921644909514817e-6,-1.3404764623817068e-6
-1.396,1.949151353421405e-6,-1.3523879682532823e-6
-1.395,1.9770394258286693e-6,-1.3643706623165948e-6
-1.394,2.00531422939107e-6,-1.3764242078813652e-6
-1.393,2.033980931658486e-6,-1.388548245035914e-6
-1.392,2.063044765839163e-6,-1.400742390068871e-6
-1.391,2.092511031570369e-6,-1.4130062348794368e-6
-1.39,2.1223850956968125e-6,-1.4253393463759864e-6
-1.389,2.152672393056875e-6,-1.4377412658628156e-6
-1.388,2.1833784272766947e-6,-1.4502115084148205e-6
-1.387,2.2145087715721672e-6,-1.4627495622398952e-6
-1.386,2.246069069558902e-6,-1.4753548880288361e-6
-1.385,2.2780650360701776e-6,-1.4880269182925326e-6
-1.384,2.3105024579829606e-6,-1.5007650566862201e-6
-1.383,2.3433871950520126e-6,-1.513568677320573e-6
-1.382,2.3767251807521508e-6,-1.5264371240594044e-6
-1.381,2.410522423128697e-6,-1.5393697098037436e-6
-1.38,2.4447850056561617e-6,-1.552365715762048e-6
-1.379,2.4795190881052107e-6,-1.565424390706317e-6
-1.378,2.514730907417957e-6,-1.5785449502138568e-6
-1.377,2.5504267785916145e-6,-1.5917265758944493e-6
-1.376,2.5866130955705674e-6,-1.604968414602675e-6
-1.375,2.623296332146885e-6,-1.618269577635131e-6
-1.374,2.66048304286933e-6,-1.6316291399122845e-6
-1.373,2.6981798639608947e-6,-1.6450461391446962e-6
-1.372,2.7363935142449083e-6,-1.6585195749833487e-6
-1.371,2.7751307960797484e-6,-1.6720484081537997e-6
-1.37,2.8143985963021965e-6,-1.6856315595738907e-6
-1.369,2.8542038871794722e-6,-1.699267909454724e-6
-1.368,2.8945537273699774e-6,-1.7129562963846237e-6
-1.367,2.935455262892791e-6,-1.72669551639579e-6
-1.366,2.976915728105937e-6,-1.7404843220133526e-6
-1.365,3.0189424466934625e-6,-1.7543214212865205e-6
-1.364,3.061542832661358e-6,-1.7682054768015282e-6
-1.363,3.104724391342338e-6,-1.782135104676065e-6
-1.362,3.1484947204095175e-6,-1.796108873534874e-6
-1.361,3.1928615108990093e-6,-1.8101253034662057e-6
-1.36,3.2378325482414595e-6,-1.824182864958797e-6
-1.359,3.28341571330255e-6,-1.8382799778190495e-6
-1.358,3.3296189834324863e-6,-1.852415010068073e-6
-1.357,3.3764504335244886e-6,-1.8665862768182557e-6
-1.356,3.4239182370823053e-6,-1.8807920391290142e-6
-1.355,3.472030667296764e-6,-1.8950305028413752e-6
-1.354,3.5207960981313704e-6,-1.909299817391035e-6
-1.353,3.570223005416975e-6,-1.9235980745995347e-6
-1.352,3.620319967955506e-6,-1.9379233074431834e-6
-1.351,3.6710956686327872e-6,-1.9522734887993622e-6
-1.35,3.722558895540438e-6,-1.966646530169828e-6
-1.349,3.7747185431068647e-6,-1.981040280380634e-6
-1.348,3.8275836132373405e-6,-1.995452524258281e-6
-1.347,3.881163216463176e-6,-2.0098809812817015e-6
-1.346,3.935466573099974e-6,-2.0243233042096746e-6
-1.345,3.990503014414964e-6,-2.0387770776832727e-6
-1.344,4.046281983803411e-6,-2.053239816802914e-6
-1.343,4.102813037974076e-6,-2.067708965679614e-6
-1.342,4.160105848143732e-6,-2.0821818959600007e-6
-1.341,4.218170201240705e-6,-2.09665590532467e-6
-1.34,4.27701600111742e-6,-2.1111282159594346e-6
-1.339,4.336653269771942e-6,-2.1255959729990244e-6
-1.338,4.397092148578476e-6,-2.140056242942791e-6
-1.337,4.458342899526793e-6,-2.1545060120419485e-6
-1.336,4.5204159064705665e-6,-2.1689421846578945e-6
-1.335,4.583321676384569e-6,-2.1833615815911324e-6
-1.334,4.647070840630692e-6,-2.197760938380318e-6
-1.333,4.711674156232755e-6,-2.2121369035709444e-6
-1.332,4.77714250716005e-6,-2.226486036953169e-6
-1.331,4.843486905619574e-6,-2.2408048077682872e-6
-1.33,4.910718493356895e-6,-2.2550895928833353e-6
-1.329,4.978848542965597e-6,-2.269336674933315e-6
-1.328,5.0478884592052345e-6,-2.2835422404305127e-6
-1.327,5.117849780327743e-6,-2.297702377840381e-6
-1.326,5.188744179412221e-6,-2.311813075623445e-6
-1.325,5.260583465708021e-6,-2.3258702202426898e-6
-1.324,5.333379585986062e-6,-2.3398695941358627e-6
-1.323,5.40714462589828e-6,-2.353806873652146e-6
-1.322,5.481890811345138e-6,-2.3676776269526103e-6
-1.321,5.557630509851081e-6,-2.381477311873881e-6
-1.32,5.634376231947864e-6,-2.3952012737544262e-6
-1.319,5.71214063256562e-6,-2.4088447432228687e-6
-1.318,5.790936512431581e-6,-2.42240283394772e-6
-1.317,5.870776819476332e-6,-2.4358705403479214e-6
-1.316,5.951674650247459e-6,-2.4492427352635677e-6
-1.315,6.033643251330498e-6,-2.462514167586187e-6
-1.314,6.116696020777016e-6,-2.4756794598479312e-6
-1.313,6.200846509539715e-6,-2.4887331057690328e-6
-1.312,6.286108422914395e-6,-2.5016694677628646e-6
-1.311,6.3724956219886345e-6,-2.5144827743979367e-6
-1.31,6.4600221250970205e-6,-2.5271671178161554e-6
-1.309,6.54870210928278e-6,-2.5397164511066517e-6
-1.308,6.638549911765615e-6,-2.552124585634488e-6
-1.307,6.7295800314155925e-6,-2.564385188323533e-6
-1.306,6.821807130232878e-6,-2.5764917788927916e-6
-1.305,6.915246034833125e-6,-2.5884377270454592e-6
-1.304,7.0099117379383305e-6,-2.6002162496099676e-6
-1.303,7.1058193998729305e-6,-2.611820407632275e-6
-1.302,7.2029843500649264e-6,-2.6232431034186404e-6
-1.301,7.301422088551811e-6,-2.63447707752812e-6
-1.3,7.401148287491068e-6,-2.645514905714e-6
-1.299,7.50217879267499e-6,-2.6563489958133844e-6
-1.298,7.604529625049567e-6,-2.666971584584132e-6
-1.297,7.70821698223719e-6,-2.677374734488339e-6
-1.296,7.81325724006289e-6,-2.6875503304215343e-6
-1.295,7.919666954083826e-6,-2.697490076386767e-6
-1.294,8.02746286112175e-6,-2.7071854921127333e-6
-1.293,8.136661880798131e-6,-2.7166279096150906e-6
-1.292,8.247281117071635e-6,-2.7258084697000888e-6
-1.291,8.359337859777628e-6,-2.7347181184096443e-6
-1.29,8.472849586169387e-6,-2.7433476034069625e-6
-1.289,8.587833962460658e-6,-2.751687470301806e-6
-1.288,8.704308845369208e-6,-2.759728058914495e-6
-1.287,8.822292283661017e-6,-2.7674594994777125e-6
-1.286,8.941802519694715e-6,-2.7748717087751776e-6
-1.285,9.062857990965864e-6,-2.78195438621623e-6
-1.284,9.185477331650717e-6,-2.7886970098453644e-6
-1.283,9.309679374148997e-6,-2.795088832285741e-6
-1.282,9.435483150625284e-6,-2.801118876615677e-6
-1.281,9.562907894548557e-6,-2.806775932177121e-6
-1.28,9.691973042229457e-6,-2.8120485503150904e-6
-1.279,9.822698234354758e-6,-2.8169250400470487e-6
-1.278,9.955103317518595e-6,-2.821393463661176e-6
-1.277,1.0089208345749925e-5,-2.825441632242479e-6
-1.276,1.022503358203572e-5,-2.8290571011256716e-6
-1.275,1.0362599499839345e-5,-2.832227165273744e-6
-1.274,1.050192678461359e-5,-2.8349388545811233e-6
-1.273,1.0643036335307762e-5,-2.8371789291003156e-6
-1.272,1.0785949265868289e-5,-2.8389338741909054e-6
-1.271,1.0930686906732224e-5,-2.840189895589773e-6
-1.27,1.1077270806313018e-5,-2.8409329144013805e-6
-1.269,1.1225722732477957e-5,-2.8411485620069545e-6
-1.268,1.1376064674016577e-5,-2.840822174891387e-6
-1.267,1.1528318842099424e-5,-2.8399387893866613e-6
-1.266,1.168250767172644e-5,-2.8384831363305832e-6
-1.265,1.1838653823164276e-5,-2.836439635639602e-6
-1.264,1.1996780183371795e-5,-2.8337923907944754e-6
-1.263,1.2156909867413038e-5,-2.83052518323752e-6
-1.262,1.2319066219856848e-5,-2.8266214666801856e-6
-1.261,1.2483272816162396e-5,-2.8220643613196557e-6
-1.26,1.2649553464049751e-5,-2.8168366479631814e-6
-1.259,1.2817932204854709e-5,-2.81092076205883e-6
-1.258,1.2988433314866986e-5,-2.8042987876313093e-6
-1.257,1.3161081306650892e-5,-2.796952451121529e-6
-1.256,1.3335900930347603e-5,-2.788863115128528e-6
-1.255,1.3512917174958085e-5,-2.7800117720523894e-6
-1.254,1.36921552696057e-5,-2.770379037636747e-6
-1.253,1.3873640684777557e-5,-2.7599451444094726e-6
-1.252,1.4057399133543539e-5,-2.7486899350201103e-6
-1.251,1.424345657275203e-5,-2.7365928554726234e-6
-1.25,1.4431839204201237e-5,-2.7236329482519797e-6
-1.249,1.4622573475785048e-5,-2.7097888453431076e-6
-1.248,1.4815686082612293e-5,-2.6950387611407226e-6
-1.247,1.5011203968098256e-5,-2.679360485248519e-6
-1.246,1.5209154325027281e-5,-2.6627313751661924e-6
-1.245,1.540956459658525e-5,-2.645128348862757e-6
-1.244,1.5612462477360694e-5,-2.6265278772345845e-6
-1.243,1.5817875914313277e-5,-2.606905976446602e-6
-1.242,1.6025833107708363e-5,-2.5862382001550384e-6
-1.241,1.6236362512016267e-5,-2.5644996316101176e-6
-1.24,1.6449492836774935e-5,-2.5416648756370652e-6
-1.239,1.6665253047414532e-5,-2.5177080504937828e-6
-1.238,1.6883672366042577e-5,-2.4926027796035238e-6
-1.237,1.7104780272188113e-5,-2.466322183160895e-6
-1.236,1.7328606503503433e-5,-2.438838869609481e-6
-1.235,1.7555181056421768e-5,-2.4101249269893807e-6
-1.234,1.778453418676939e-5,-2.380151914152915e-6
-1.233,1.80166964103305e-5,-2.3488908518467653e-6
-1.232,1.82516985033632e-5,-2.3163122136587696e-6
-1.231,1.8489571503064886e-5,-2.282385916827593e-6
-1.23,1.873034670798529e-5,-2.2470813129134658e-6
-1.229,1.8974055678385376e-5,-2.2103671783281814e-6
-1.228,1.922073023654028e-5,-2.1722117047225007e-6
-1.227,1.947040246698437e-5,-2.132582489229125e-6
-1.226,1.9723104716696574e-5,-2.0914465245593515e-6
-1.225,1.997886959522391e-5,-2.048770188951535e-6
-1.224,2.0237729974741298e-5,-2.004519235969439e-6
-1.223,2.049971899004551e-5,-1.958658784148562e-6
-1.222,2.0764870038481198e-5,-1.9111533064884918e-6
-1.221,2.103321677979678e-5,-1.8619666197893333e-6
-1.22,2.130479313592805e-5,-1.8110618738302384e-6
-1.219,2.1579633290707138e-5,-1.7584015403880388e-6
-1.218,2.1857771689494587e-5,-1.7039474020939829e-6
-1.217,2.2139243038732124e-5,-1.6476605411265457e-6
-1.216,2.2424082305413696e-5,-1.5895013277382727e-6
-1.215,2.2712324716472324e-5,-1.5294294086146004e-6
-1.214,2.300400575808013e-5,-1.46740369506258e-6
-1.213,2.329916117485908e-5,-1.4033823510274108e-6
-1.212,2.3597826968999607e-5,-1.337322780934684e-6
-1.211,2.3900039399284533e-5,-1.2691816173562063e-6
-1.21,2.4205834980015403e-5,-1.198914708497275e-6
-1.209,2.451525047983844e-5,-1.1264771055032437e-6
-1.208,2.482832292046713e-5,-1.0518230495832183e-6
-1.207,2.5145089575298544e-5,-9.749059589486932e-7
-1.206,2.546558796792024e-5,-8.956784155649357e-7
-1.205,2.5789855870504713e-5,-8.140921517129043e-7
-1.204,2.6117931302088145e-5,-7.300980363594744e-7
-1.203,2.6449852526730173e-5,-6.436460613337328e-7
-1.202,2.6785658051551413e-5,-5.546853273070867e-7
-1.201,2.7125386624645234e-5,-4.631640295749213e-7
-1.2,2.7469077232860343e-5,-3.690294436375253e-7
-1.199,2.7816769099450595e-5,-2.7222791057799335e-7
-1.198,2.8168501681588404e-5,-1.7270482223480193e-7
-1.197,2.852431466773796e-5,-7.040460616674087e-8
-1.196,2.8884247974884496e-5,3.472928959212394e-8
-1.195,2.9248341745615722e-5,1.427544119897963e-7
-1.194,2.9616636345051362e-5,2.5372931862835085e-7
-1.193,2.99891723576168e-5,3.677135936529482e-7
-1.192,3.0365990583656627e-5,4.847678638602308e-7
-1.191,3.074713203588386e-5,6.049538150284753e-7
-1.19,3.1132637935660487e-5,7.283342084718871e-7
-1.189,3.1522549709104876e-5,8.54972897821426e-7
-1.188,3.191690898302151e-5,9.849348460345643e-7
-1.187,3.231575758064851e-5,1.118286142636382e-6
-1.186,3.2719137517217946e-5,1.2550940211944073e-6
-1.185,3.3127090995324506e-5,1.3954268770296222e-6
-1.184,3.353966040009716e-5,1.5393542851660493e-6
-1.183,3.3956888294169054e-5,1.686947018521345e-6
-1.182,3.437881741244036e-5,1.8382770663408243e-6
-1.181,3.4805490656628814e-5,1.993417652877347e-6
-1.18,3.523695108960261e-5,2.1524432563194883e-6
-1.179,3.567324192949008e-5,2.3154296279704316e-6
-1.178,3.6114406543560664e-5,2.482453811680001e-6
-1.177,3.6560488441871234e-5,2.653594163532268e-6
-1.176,3.701153127067219e-5,2.8289303717911507e-6
-1.175,3.7467578805567113e-5,3.0085434771064247e-6
-1.174,3.7928674944419975e-5,3.192515892982563e-6
-1.173,3.8394863700003673e-5,3.380931426512809e-6
-1.172,3.886618919238352e-5,3.5738752993808845e-6
-1.171,3.9342695641029146e-5,3.771434169132726e-6
-1.17,3.9824427356648276e-5,3.97369615072063e-6
-1.169,4.031142873273548e-5,4.1807508383221745e-6
-1.168,4.080374423682911e-5,4.3926893274362874e-6
-1.167,4.130141840146928e-5,4.6096042372587905e-6
-1.166,4.180449581484975e-5,4.831589733339755e-6
-1.165,4.2313021111156246e-5,5.0587415505249865e-6
-1.164,4.282703896058393e-5,5.291157016183927e-6
-1.163,4.3346594059026066e-5,5.52893507372624e-6
-1.162,4.3871731117426394e-5,5.7721763064093505e-6
-1.161,4.440249485078689e-5,6.020982961439145e-6
-1.16,4.49389299668231e-5,6.275458974366054e-6
-1.159,4.5481081154258485e-5,6.535709993778676e-6
-1.158,4.602899307074946e-5,6.801843406297105e-6
-1.157,4.6582710330432395e-5,7.07396836186806e-6
-1.156,4.714227749108382e-5,7.352195799363916e-6
-1.155,4.770773904088473e-5,7.636638472487668e-6
-1.154,4.8279139384779946e-5,7.927410975985843e-6
-1.153,4.885652283042299e-5,8.224629772171337e-6
-1.152,4.9439933573697134e-5,8.528413217758085e-6
-1.151,5.0029415683802604e-5,8.838881591009464e-6
-1.15,5.062501308790025e-5,9.156157119202258e-6
-1.149,5.1226769555301353e-5,9.48036400640797e-6
-1.148,5.1834728681193346e-5,9.811628461593198e-6
-1.147,5.244893386989077e-5,1.0150078727040796e-5
-1.146,5.306942831760082e-5,1.0495845107093384e-5
-1.145,5.369625499469246e-5,1.0849059997220807e-5
-1.144,5.432945662745783e-5,1.1209857913413008e-5
-1.143,5.496907567935472e-5,1.1578375521899778e-5
-1.142,5.5615154331718224e-5,1.1954751669198689e-5
-1.141,5.6267734463929964e-5,1.2339127412492539e-5
-1.14,5.692685763303253e-5,1.2731646050337485e-5
-1.139,5.7592565052776996e-5,1.3132453153702998e-5
-1.138,5.826489757209084e-5,1.3541696597344677e-5
-1.137,5.894389565295342e-5,1.3959526591510875e-5
-1.136,5.9629599347666e-5,1.4386095713983986e-5
-1.135,6.0322048275502956e-5,1.4821558942457173e-5
-1.134,6.1021281598730544e-5,1.5266073687247167e-5
-1.133,6.172733799797947e-5,1.571979982434374e-5
-1.132,6.244025564695706e-5,1.6182899728796222e-5
-1.131,6.316007218648467e-5,1.6655538308437518e-5
-1.13,6.388682469784566e-5,1.713788303794566e-5
-1.129,6.462054967542909e-5,1.7630103993243198e-5
-1.128,6.536128299865369e-5,1.8132373886234176e-5
-1.127,6.610905990315675e-5,1.8644868099878717e-5
-1.126,6.686391495123217e-5,1.9167764723604727e-5
-1.125,6.762588200150135e-5,1.970124458905642e-5
-1.124,6.839499417780061e-5,2.0245491306178937e-5
-1.123,6.91712838372685e-5,2.080069129963836e-5
-1.122,6.995478253761574e-5,2.1367033845576187e-5
-1.121,7.074552100356065e-5,2.1944711108697153e-5
-1.12,7.154352909241222e-5,2.2533918179689163e-5
-1.119,7.234883575878282e-5,2.313485311297385e-5
-1.118,7.316146901841234e-5,2.3747716964786143e-5
-1.117,7.398145591108476e-5,2.437271383158103e-5
-1.116,7.480882246261846e-5,2.5010050888765437e-5
-1.115,7.564359364591062e-5,2.565993842975302e-5
-1.114,7.648579334101599e-5,2.632258990533939e-5
-1.113,7.733544429423999e-5,2.6998221963395067e-5
-1.112,7.819256807622564e-5,2.768705448887332e-5
-1.111,7.905718503901331e-5,2.8389310644129617e-5
-1.11,7.992931427205231e-5,2.9105216909549367e-5
-1.109,8.080897355714231e-5,2.983500312448026e-5
-1.108,8.169617932228304e-5,3.057890252846525e-5
-1.107,8.259094659440934e-5,3.133715180277198e-5
-1.106,8.349328895098911e-5,3.2109991112214164e-5
-1.105,8.440321847046077e-5,3.28976641472601e-5
-1.104,8.53207456814865e-5,3.370041816642325e-5
-1.103,8.624587951099734e-5,3.4518504038929366e-5
-1.102,8.717862723100547e-5,3.5352176287654636e-5
-1.101,8.811899440415884e-5,3.620169313232846e-5
-1.1,8.906698482801275e-5,3.7067316532994656e-5
-1.099,9.002260047799238e-5,3.794931223372423e-5
-1.098,9.09858414490202e-5,3.884794980657247e-5
-1.097,9.195670589578137e-5,3.976350269577287e-5
-1.096,9.293518997159986e-5,4.069624826215994e-5
-1.095,9.392128776589764e-5,4.164646782781244e-5
-1.094,9.491499124020887e-5,4.261444672090836e-5
-1.093,9.591629016272013e-5,4.36004743207823e-5
-1.092,9.692517204130775e-5,4.460484410317562e-5
-1.091,9.794162205504253e-5,4.5627853685669134e-5
-1.09,9.896562298413153e-5,4.666980487328787e-5
-1.089,9.999715513826637e-5,4.7731003704266454e-5
-1.088,0.00010103619628334675,4.8811760495963774e-5
-1.087,0.00010208272156654748,4.9912389890914495e-5
-1.086,0.00010313670343969654,5.103321090300484e-5
-1.085,0.00010419811158093166,5.2174546963759175e-5
-1.084,0.0001052669128146017,5.333672596872367e-5
-1.083,0.0001063430710293791,5.4520080323932415e-5
-1.082,0.00010742654709454871,5.5724946992440876e-5
-1.081,0.0001085172987744382,5.695166754091104e-5
-1.08,0.00010961528064095389,5.820058818623166e-5
-1.079,0.0001107204439841863,5.9472059842156664e-5
-1.078,0.00011183273672104816,6.076643816594376e-5
-1.077,0.00011295210330190768,6.208408360497484e-5
-1.076,0.00011407848461517883,6.342536144333874e-5
-1.075,0.0001152118178898301,6.479064184835655e-5
-1.074,0.00011635203659577245,6.618029991702829e-5
-1.073,0.00011749907034208632,6.759471572237957e-5
-1.072,0.00011865284477304752,6.903427435968562e-5
-1.071,0.00011981328146191042,7.049936599254918e-5
-1.07,0.00012098029780240674,7.19903858988082e-5
-1.069,0.00012215380689791766,7.350773451624802e-5
-1.068,0.00012333371744827564,7.505181748809173e-5
-1.067,0.00012451993363415248,7.662304570824192e-5
-1.066,0.0001257123549989891,7.822183536624529e-5
-1.065,0.0001269108763284214,7.984860799195114e-5
-1.064,0.00012811538752715727,8.150379049983349e-5
-1.063,0.00012932577349325693,8.318781523294533e-5
-1.062,0.0001305419139897705,8.490112000647255e-5
-1.061,0.0001317636835136842,8.66441481508538e-5
-1.06,0.0001329909511621265,8.841734855443159e-5
-1.059,0.00013422358049578525,9.022117570559821e-5
-1.058,0.00013546142939948518,9.205608973439919e-5
-1.057,0.00013670434993987536,9.392255645355562e-5
-1.056,0.00013795218822017466,9.582104739886503e-5
-1.055,0.0001392047842319234,9.775203986893953e-5
-1.054,0.00014046197170368776,9.971601696423817e-5
-1.053,0.0001417235779466632,0.00010171346762534903
-1.052,0.00014298942369712268,0.0001037448866704752
-1.051,0.00014425932295565434,0.00010581077483207703
-1.05,0.00014553308282313213,0.0001079116387926215
-1.049,0.00014681050333336344,0.00011004799121938801
-1.048,0.00014809137728235568,0.00011222035079827776
-1.047,0.00014937549005414354,0.00011442924226657275
-1.046,0.00015066261944311825,0.00011667519644458804
-1.045,0.00015195253547279874,0.00011895875026615935
-1.044,0.00015324500021098437,0.00012128044680790596
-1.043,0.00015453976758122775,0.00012364083531720722
-1.042,0.0001558365831705658,0.00012604047123882843
-1.041,0.00015713518403344612,0.00012847991624013018
-1.04,0.00015843529849178528,0.0001309597382347928
-1.039,0.00015973664593109448,0.00013348051140498577
-1.038,0.0001610389365926078,0.00013604281622190862
-1.037,0.00016234187136134724,0.00013864723946462916
-1.036,0.00016364514155005789,0.0001412943742371406
-1.035,0.00016494842867894612,0.00014398481998355815
-1.034,0.00016625140425115297,0.00014671918250137197
-1.033,0.00016755372952389371,0.00014949807395267154
-1.032,0.0001688550552751947,0.00015232211287325342
-1.031,0.00017015502156615716,0.0001551919241795212
-1.03,0.0001714532574986774,0.00015810813917308464
-1.029,0.00017274938096855166,0.0001610713955429604
-1.028,0.00017404299841389438,0.00016408233736527582
-1.027,0.00017533370455879614,0.0001671416151003714
-1.026,0.00017662108215214906,0.00017024988558719757
-1.025,0.0001779047017015651,0.00017340781203489456
-1.024,0.0001791841212023129,0.00017661606401144403
-1.023,0.00018045888586119854,0.000179875317429275
-1.022,0.0001817285278153141,0.00018318625452770464
-1.021,0.00018299256584557858,0.00018654956385208985
-1.02,0.00018425050508499413,0.00018996594022956234
-1.019,0.00018550183672154087,0.0001934360847412153
-1.018,0.0001867460376956331,0.00019696070469060636
-1.017,0.0001879825703920586,0.00020054051356843696
-1.016,0.00018921088232632343,0.0002041762310132638
-1.015,0.00019043040582532352,0.00020786858276809444
-1.014,0.00019164055770226444,0.00021161830063271315
-1.013,0.0001928407389257504,0.00021542612241158
-1.012,0.00019403033428296338,0.0002192927918571404
-1.011,0.00019520871203685333,0.0002232190586083771
-1.01,0.00019637522357725989,0.0002272056781244329
-1.009,0.00019752920306588667,0.00023125341161312523
-1.008,0.00019866996707504844,0.00023536302595417042
-1.007,0.00019979681422011255,0.00023953529361692757
-1.006,0.0002009090247855553,0.00024377099257246894
-1.005,0.0002020058603445545,0.00024807090619977513
-1.004,0.00020308656337204042,0.0002524358231858497
-1.003,0.00020415035685112645,0.00025686653741953993
-1.002,0.00020519644387284244,0.0002613638478788452
-1.001,0.0002062240072290938,0.00026592855851148686
-1.0,0.00020723220899877015,0.00027056147810850813
-0.999,0.00020822019012692815,0.00027526342017066387
-0.998,0.00020918706999697396,0.0002800352027673545
-0.997,0.00021013194599577202,0.0002848776483878499
-0.996,0.00021105389307160763,0.0002897915837845428
-0.995,0.00021195196328493244,0.00029477783980796116
-0.994,0.0002128251853518229,0.0002998372512332646
-0.993,0.0002136725641800839,0.0003049706565779379
-0.992,0.0002144930803979309,0.00031017889791038904
-0.991,0.00021528568987518585,0.00031546282064914887
-0.99,0.00021604932323692483,0.0003208232733523621
-0.989,0.00021678288536951633,0.0003262611074972483
-0.988,0.0002174852549189926,0.0003317771772492041
-0.987,0.00021815528378169868,0.00033737233922020657
-0.986,0.0002187917965871659,0.0003430474522161692
-0.985,0.0002193935901731612,0.00034880337697289015
-0.984,0.00021995943305286441,0.0003546409758802239
-0.983,0.00022048806487413205,0.0003605611126940944
-0.982,0.00022097819587080721,0.00036656465223595925
-0.981,0.00022142850630604084,0.00037265246007932057
-0.98,0.0002218376459075932,0.000378825402222869
-0.979,0.0002222042332950894,0.00038508434474983307
-0.978,0.00022252685539920667,0.00039143015347309546
-0.977,0.0002228040668727782,0.0003978636935656249
-0.976,0.00022303438949380146,0.0004043858291757579
-0.975,0.00022321631156034698,0.0004109974230268542
-0.974,0.00022334828727736854,0.00041769933600083246
-0.973,0.00022342873613542298,0.0004244924267050827
-0.972,0.00022345604228131468,0.0004313775510222339
-0.971,0.0002234285538806875,0.00043835556164224316
-0.97,0.00022334458247259478,0.0004454273075762566
-0.969,0.00022320240231608673,0.0004525936336516768
-0.968,0.00022300024972886324,0.00045985537998785505
-0.967,0.00022273632241805,0.0004672133814518127
-0.966,0.0002224087788031657,0.00047466846709337546
-0.965,0.00022201573733135886,0.00048222145955909164
-0.964,0.000221555275785004,0.0004898731744842844
-0.963,0.00022102543058175929,0.0004976244198625717
-0.962,0.00022042419606719982,0.0005054759953921698
-0.961,0.00021974952380015436,0.000513428691798276
-0.96,0.00021899932183088786,0.0005214832901308077
-0.959,0.00021817145397228597,0.0005296405610367561
-0.958,0.0002172637390642148,0.0005379012640063906
-0.957,0.0002162739502312447,0.0005462661465925328
-0.956,0.00021519981413394468,0.0005547359436020935
-0.955,0.00021403901021397313,0.0005633113762590489
-0.954,0.00021278916993320885,0.0005719931513380084
-0.953,0.00021144787600718806,0.0005807819602675033
-0.952,0.00021001266163313368,0.0005896784782021043
-0.951,0.00020848100971288682,0.0005986833630624525
-0.95,0.00020685035207107364,0.0006077972545422638
-0.949,0.00020511806866886637,0.0006170207730813425
-0.948,0.0002032814868137239,0.0006263545188036174
-0.947,0.00020133788036552492,0.0006357990704191862
-0.946,0.0001992844689395363,0.000645354984089329
-0.945,0.00019711841710669015,0.0006550227922534288
-0.944,0.00019483683359167552,0.0006648030024167052
-0.943,0.0001924367704693848,0.0006746960958976479
-0.942,0.00018991522236029107,0.0006847025265340014
-0.941,0.0001872691256253696,0.0006948227193461341
-0.94,0.00018449535756121714,0.0007050570691565897
-0.939,0.00018159073559606407,0.000715405939164595
-0.938,0.0001785520164874172,0.0007258696594742691
-0.937,0.00017537589552211834,0.0007364485255752511
-0.936,0.00017205900571965081,0.0007471427967744324
-0.935,0.0001685979170395765,0.0007579526945774559
-0.934,0.0001649891355940399,0.0007688784010186095
-0.933,0.0001612291028663299,0.0007799200569377168
-0.932,0.00015731419493654928,0.0007910777602025981
-0.931,0.0001532407217155019,0.0008023515638756437
-0.93,0.0001490049261879731,0.0008137414743230164
-0.929,0.0001446029836666433,0.0008252474492649674
-0.928,0.00014003100105794783,0.0008368693957657255
-0.927,0.00013528501614126694,0.0008486071681613883
-0.926,0.00013036099686290916,0.0008604605659242189
-0.925,0.00012525484064642922,0.0008724293314617223
-0.924,0.00011996237372090865,0.0008845131478488518
-0.923,0.00011447935046891306,0.0008967116364916687
-0.922,0.00010880145279593397,0.0009090243547207531
-0.921,0.00010292428952321815,0.0009214507933126421
-0.92,9.684339580598945e-5,0.0009339903739375479
-0.919,9.055423257917214e-5,0.0009466424465315858
-0.918,8.405218603283614e-5,0.0009594062865917264
-0.917,7.733256711969802e-5,0.0009722810923916629
-0.916,7.039061109713293e-5,0.000985265982116774
-0.915,6.322147710627671e-5,0.0009983599909163436
-0.914,5.582024779092893e-5,0.0010115620678711917
-0.913,4.818192895910327e-5,0.0010248710728748575
-0.912,4.030144929021399e-5,0.0010382857734264751
-0.911,3.217366009103515e-5,0.0010518048413334696
-0.91,2.379333510372368e-5,0.001065426849322216
-0.909,1.5155170369357717e-5,0.0010791502675547928
-0.908,6.253784150609074e-6,0.0010929734600499804
-0.907,-2.916283082657393e-6,0.0011068946810066647
-0.906,-1.2360568600883893e-5,0.0011209120710278214
-0.905,-2.2084687291257497e-5,0.0011350236532432839
-0.904,-3.2094331458728447e-5,0.0011492273293295223
-0.903,-4.239527054704888e-5,0.0011635208754247023
-0.902,-5.2993350775061266e-5,0.001177901937937325
-0.901,-6.389449468324728e-5,0.0011923680292468108
-0.9,-7.510470058532157e-5,0.0012069165232944342
-0.899,-8.663004191941986e-5,0.0012215446510630943
-0.898,-9.847666649318834e-5,0.0012362494959444737
-0.897,-0.00011065079561682964,0.001251027988992222
-0.896,-0.00012315872311790074,0.0012658769040599053
-0.895,-0.00013600681423139003,0.0012807928528225571
-0.894,-0.00014920150435832367,0.0012957722796807971
-0.893,-0.00016274929768586477,0.0013108114565466076
-0.892,-0.0001766567656615758,0.0013259064775100115
-0.891,-0.00019093054531421047,0.0013410532533860487
-0.89,-0.0002055773374130897,0.0013562475061416354
-0.889,-0.000220603904457797,0.0013714847632020758
-0.888,-0.00023601706848959853,0.0013867603516372145
-0.887,-0.00025182370871565824,0.0014020693922274486
-0.886,-0.00026803075893677247,0.0014174067934100711
-0.885,-0.00028464520476899704,0.001432767245106691
-0.884,-0.00030167408064918117,0.0014481452124327783
-0.883,-0.0003191244666140551,0.0014635349292906983
-0.882,-0.00033700348484214847,0.0014789303918479552
-0.881,-0.0003553182959474365,0.001494325351902738
-0.88,-0.0003740760950132313,0.0015097133101392708
-0.879,-0.0003932841073544471,0.0015250875092759028
-0.878,-0.0004129495839959799,0.001540440927109351
-0.877,-0.00043307979685455213,0.0015557662694590051
-0.876,-0.0004536820336109778,0.0015710559630157505
-0.875,-0.000474763592259416,0.001586302148100344
-0.874,-0.0004963317753197895,0.0016014966713369936
-0.873,-0.0005183938836991601,0.0016166310782484603
-0.872,-0.0005409572101874729,0.001631696605779701
-0.871,-0.0005640290325727113,0.0016466841747578263
-0.87,-0.0005876166063601406,0.0016615843822969498
-0.869,-0.0006117271570799702,0.0016763874941573482
-0.868,-0.0006363678721674296,0.0016910834370692676
-0.867,-0.00066154589239894,0.0017056617910326567
-0.866,-0.0006872683028677632,0.0017201117816051307
-0.865,-0.000713542123482248,0.0017344222721915408
-0.864,-0.0007403742989695472,0.0017485817563496556
-0.863,-0.0007677716883674728,0.0017625783501276633
-0.862,-0.000795741053986989,0.0017763997844504591
-0.861,-0.0008242890498277093,0.0017900333975730115
-0.86,-0.0008534222094286898,0.0018034661276205
-0.859,-0.0008831469331367774,0.0018166845052363754
-0.858,-0.0009134694747748058,0.0018296746463610327
-0.857,-0.0009443959276920297,0.001842422245165392
-0.856,-0.0009759322101793512,0.0018549125671653605
-0.855,-0.001008084050232148,0.0018671304425449022
-0.854,-0.0010408569696438396,0.0018790602597172615
-0.853,-0.0010742562674137632,0.0018906859591557874
-0.852,-0.0011082870024534646,0.0019019910275277687
-0.851,-0.0011429539755761495,0.0019129584921667318
-0.85,-0.0011782617107548167,0.001923570915920756
-0.849,-0.0012142144356354903,0.001933810392416532
-0.848,-0.0012508160612930115,0.001943658541781129
-0.847,-0.001288070161218047,0.001953096506865722
-0.846,-0.0013259799495253335,0.001962104950017881
-0.845,-0.0013645482583747074,0.001970664050451417
-0.844,-0.0014037775145982032,0.00197875350226522
-0.843,-0.0014436697155284191,0.0019863525131649813
-0.842,-0.00148422640402549,0.001993439803944198
-0.841,-0.0015254486427023714,0.0019999936087833612
-0.84,-0.0015673369873507312,0.0020059916764287294
-0.839,-0.001609891459572607,0.0020114112723145974
-0.838,-0.0016531115186260903,0.0020162291816954374
-0.837,-0.0016969960324966968,0.0020204217138567165
-0.836,-0.0017415432482097558,0.0020239647074755686
-0.835,-0.001786750761403131,0.0020268335372047802
-0.834,-0.0018326154851838721,0.002029003121555735
-0.833,-0.0018791336182970085,0.0020304479321580303
-0.832,-0.001926300612639634,0.0020311420044753716
-0.831,-0.001974111140158714,0.0020310589500590775
-0.83,-0.0020225590591766607,0.002030171970422052
-0.829,-0.0020716373801947133,0.002028453872617339
-0.828,-0.0021213382312304644,0.002025877086606364
-0.827,-0.002171652822752575,0.0020224136845026566
-0.826,-0.0022225714122827388,0.002018035401777148
-0.825,-0.0022740832687423453,0.002012713660511079
-0.824,-0.0023261766366289996,0.002006419594782029
-0.823,-0.0023788387001161164,0.001999124078267574
-0.822,-0.0024320555471771506,0.001990797754149564
-0.821,-0.002485812133844681,0.0019814110673998775
-0.82,-0.0025400922487234857,0.001970934299525791
-0.819,-0.0025948784778858903,0.0019593376058496623
-0.818,-0.0026501521702870325,0.001946591055393493
-0.817,-0.0027058934038472053,0.0019326646734339826
-0.816,-0.0027620809523580523,0.0019175284867879385
-0.815,-0.002818692253379098,0.0019011525718812465
-0.814,-0.0028757033773007595,0.0018835071056470375
-0.813,-0.0029330889977596066,0.001864562419290125
-0.812,-0.0029908223636011025,0.0018442890549452218
-0.811,-0.003048875272594285,0.0018226578252458186
-0.81,-0.0031072180471117695,0.0017996398758088833
-0.809,-0.0031658195119969386,0.0017752067506277085
-0.808,-0.0032246469748481578,0.0017493304603512592
-0.807,-0.0032836662089571755,0.0017219835534132465
-0.806,-0.003342841439145436,0.0016931391899578695
-0.805,-0.0034021353307477154,0.0016627712184917411
-0.804,-0.003461508981997145,0.0016308542551729454
-0.803,-0.003520921920069193,0.0015973637656285196
-0.802,-0.003580332101044376,0.0015622761491709308
-0.801,-0.003639695914050229,0.0015255688252624065
-0.8,-0.0036989681898422348,0.001487220322053348
-0.799,-0.00375810221408084,0.001447210366797587
-0.798,-0.0038170497455572326,0.0014055199779230774
-0.797,-0.003875761039614084,0.0013621315585118472
-0.796,-0.003934184876998824,0.001317028990917832
-0.795,-0.0039922685983760945,0.001270197732225745
-0.794,-0.004049958144712707,0.0012216249102285869
-0.793,-0.004107198103732592,0.001171299419575975
-0.792,-0.004163931762620808,0.0011192120177204038
-0.791,-0.004220101167134575,0.0010653554202640849
-0.79,-0.00427564718725551,0.0010097243952854145
-0.789,-0.004330509589490658,0.0009523158562016533
-0.788,-0.004384627115900686,0.0008931289527033908
-0.787,-0.004437937569901569,0.0008321651592770815
-0.786,-0.004490377908851534,0.0007694283608147196
-0.785,-0.004541884343397824,0.0007049249347948583
-0.784,-0.004592392443518318,0.0006386638295070272
-0.783,-0.00464183725115128,0.0005706566377824408
-0.782,-0.004690153399262651,0.0005009176656880628
-0.781,-0.004737275237154857,0.0004294639956388716
-0.78,-0.004783136961774006,0.0003563155433848595
-0.779,-0.004827672754724268,0.0002814951083351348
-0.778,-0.0048708169246493545,0.0002050284166917315
-0.777,-0.004912504054591758,0.00012694415688054928
-0.776,-0.004952669153891323,4.7274006786412546e-5
-0.775,-0.0049912478141361846,-3.39473476763307e-5
-0.774,-0.005028176368631609,-0.00011668220309688968
-0.773,-0.0050633920548064796,-0.00020088983860970684
-0.772,-0.00509683317893337,-0.00028652652581044174
-0.771,-0.005128439282497197,-0.00037354554886797963
-0.77,-0.0051581513095095574,-0.00046189723510556106
-0.769,-0.005185911774031878,-0.0005515289962711189
-0.768,-0.005211664927140737,-0.0006423853806598083
-0.767,-0.00523535692254378,-0.0007344081361908964
-0.766,-0.005256935980034994,-0.0008275362844770575
-0.765,-0.005276352545964102,-0.0009217062058572128
-0.764,-0.005293559449886966,-0.0010168517352948836
-0.763,-0.005308512056562393,-0.0011129042689732164
-0.762,-0.00532116841246588,-0.0012097928813460282
-0.761,-0.005331489386002874,-0.0013074444523320993
-0.76,-0.005339438800623094,-0.0014057838042682228
-0.759,-0.005344983560063404,-0.0015047338481659481
-0.758,-0.0053480937649796195,-0.0016042157387482854
-0.757,-0.005348742820267326,-0.0017041490376765941
-0.756,-0.005346907532417966,-0.0018044518843152346
-0.755,-0.005342568196308922,-0.0019050411733229937
-0.754,-0.0053357086708846055,-0.002005832738306522
-0.753,-0.005326316443249127,-0.0021067415407226503
-0.752,-0.0053143826807595254,-0.00220768186317406
-0.751,-0.005299902270781024,-0.0023085675062069454
-0.75,-0.005282873847841735,-0.002409311987690346
-0.749,-0.0052632998080028946,-0.0025098287438352525
-0.748,-0.005241186310341256,-0.002610031330897525
-0.747,-0.005216543265521966,-0.002709833626602417
-0.746,-0.005189384311522161,-0.0028091500303300417
-0.745,-0.005159726776646926,-0.0029078956611105246
-0.744,-0.005127591630059247,-0.003005986552494692
-0.743,-0.0050930034201233645,-0.003103339843390749
-0.742,-0.0050559902009358094,-0.003199873963989236
-0.741,-0.005016583447489487,-0.0032955088159371823
-0.74,-0.004974817959982965,-0.0033901659459673844
-0.739,-0.004930731757848863,-0.0034837687122395477
-0.738,-0.0048843659641314855,-0.0035762424427060644
-0.737,-0.004835764680894055,-0.003667514584875805
-0.736,-0.004784974856379765,-0.0037575148464137607
-0.735,-0.004732046144688013,-0.0038461753260819794
-0.734,-0.004677030758757495,-0.003933430634597253
-0.733,-0.004619983317471071,-0.004019218005052633
-0.732,-0.004560960687713584,-0.0041034773926224045
-0.731,-0.0045000218222230525,-0.004186151563342796
-0.73,-0.0044372275940780725,-0.004267186171832851
-0.729,-0.004372640628660042,-0.004346529827890703
-0.728,-0.00430632513391824,-0.004424134151969519
-0.727,-0.004238346729749206,-0.004499953819603829
-0.726,-0.004168772277279703,-0.004573946594920469
-0.725,-0.004097669708815179,-0.004646073353428311
-0.724,-0.004025107859183643,-0.004716298094337057
-0.723,-0.003951156299168712,-0.004784587942707169
-0.722,-0.0038758851716858052,-0.004850913141780272
-0.721,-0.0037993650313126025,-0.004915247035881883
-0.72,-0.003721666687739574,-0.00497756604432594
-0.719,-0.003642861053659012,-0.005037849626783198
-0.718,-0.0035630189975623346,-0.005096080240603157
-0.717,-0.0034822112018657375,-0.005152243290601818
-0.716,-0.0034005080267342984,-0.005206327071845245
-0.715,-0.003317979379924657,-0.00525832270597189
-0.714,-0.003234694592916973,-0.005308224071604952
-0.713,-0.0031507223035583598,-0.005356027729410072
-0.712,-0.0030661303453927494,-0.005401732842353464
-0.711,-0.0029809856438065526,-0.0054453410917116194
-0.71,-0.002895354119075757,-0.005486856589376127
-0.709,-0.0028093005963585327,-0.005526285786986342
-0.708,-0.002722888722638222,-0.005563637382408868
-0.707,-0.002636180890584846,-0.005598922224066462
-0.706,-0.0025492381692692303,-0.005632153213600308
-0.705,-0.0024621202416324818,-0.00566334520732901
-0.704,-0.002374885348584999,-0.005692514916945378
-0.703,-0.0022875902395834325,-0.005719680809868518
-0.702,-0.0022002901295110396,-0.005744863009644078
-0.701,-0.00211303866166668,-0.0057680831967601275
-0.7,-0.0020258878766501683,-0.005789364510220227
-0.699,-0.0019388881869168361,-0.005808731450189116
-0.698,-0.0018520883567617631,-0.005826209782000259
-0.697,-0.0017655354874842057,-0.005841826441788457
-0.696,-0.001679275007475067,-0.005855609443985134
-0.695,-0.0015933506669647394,-0.00586758779088872
-0.694,-0.0015078045371651424,-0.005877791384498166
-0.693,-0.0014226770135381311,-0.005886250940773902
-0.692,-0.0013380068229225156,-0.005892997906467832
-0.691,-0.0012538310342535615,-0.005898064378642164
-0.69,-0.001170185072611875,-0.0059014830269761695
-0.689,-0.001087102736342887,-0.00590328701894034
-0.688,-0.0010046162169935582,-0.005903509947898989
-0.687,-0.0009227561218193454,-0.005902185764185033
-0.686,-0.0008415514986216958,-0.005899348709174629
-0.685,-0.0007610298626843147,-0.005895033252374435
-0.684,-0.0006812172255850021,-0.005889274031520539
-0.683,-0.0006021381256688988,-0.005882105795675584
-0.682,-0.0005238156599784045,-0.00587356335129917
-0.681,-0.0004462715174447236,-0.005863681511256344
-0.68,-0.00036952601315588823,-0.005852495046719739
-0.679,-0.00029359812352609436,-0.005840038641912753
-0.678,-0.00021850552220122185,-0.0058263468516338845
-0.677,-0.00014426461654539185,-0.005811454061496139
-0.676,-7.089058456331862e-5,-0.005795394450809932
-0.675,1.60258787704112e-6,-0.005778201958033428
-0.674,7.320206964747971e-5,-0.0057599102487103995
-0.673,0.00014389614690478453,-0.005740552685812668
-0.672,0.00021367418568579374,-0.005720162302401786
-0.671,0.0002825265946510522,-0.0056987717765228365
-0.67,0.00035044478806740956,-0.005676413408242061
-0.669,0.00041742114911179096,-0.005653119098739299
-0.668,0.0004834489935706049,-0.005628920331366076
-0.667,0.0005485225340018489,-0.00560384815458035
-0.666,0.000612636844419933,-0.005577933166669552
-0.665,0.0006757878255565676,-0.005551205502174516
-0.664,0.0007379721707447603,-0.005523694819928131
-0.663,0.0007991873324670252,-0.005495430292624038
-0.662,0.0008594314896033368,-0.0054664405978325096
-0.661,0.0009187035154091331,-0.005436753910382509
-0.66,0.0009770029462488061,-0.0054063978960311
-0.659,0.001034329951105576,-0.005375399706343598
-0.658,0.0010906853018844424,-0.005343785974710217
-0.657,0.0011460703445210114,-0.005311582813427449
-0.656,0.0012004869709054107,-0.005278815811774881
-0.655,0.0012539375916272104,-0.0052455100350207815
-0.654,0.0013064251095442488,-0.005211690024292358
-0.653,0.0013579528941755085,-0.005177379797249207
-0.652,0.0014085247569156946,-0.005142602849501102
-0.651,0.0014581449270668978,-0.00510738215671386
-0.65,0.0015068180286806952,-0.005071740177349626
-0.649,0.0015545490582022131,-0.005035698855990437
-0.648,0.001601343362906055,-0.004999279627196457
-0.647,0.0016472066201125568,-0.00496250341985271
-0.646,0.0016921448171715722,-0.004925390661960571
-0.645,0.0017361642321998807,-0.004887961285832563
-0.644,0.0017792714155573735,-0.0048502347336513395
-0.643,0.0018214731720463484,-0.004812229963355901
-0.642,0.0018627765438175763,-0.004773965454820239
-0.641,0.0019031887939662308,-0.004735459216291661
-0.64,0.0019427173908003257,-0.00469672879105804
-0.639,0.001981369992763955,-0.004657791264315126
-0.638,0.0020191544339973645,-0.004618663270206916
-0.637,0.0020560787105157177,-0.004579360999013799
-0.636,0.0020921509669883124,-0.004539900204464906
-0.635,0.0021273794840999762,-0.0045002962111526865
-0.634,0.0021617726664764055,-0.004460563922029238
-0.633,0.0021953390311552894,-0.004420717825965434
-0.632,0.002228087196585215,-0.0043807720053552
-0.631,0.0022600258721345067,-0.00434074014374868
-0.63,0.002291163848092408,-0.004300635533499224
-0.629,0.0023215099861452317,-0.004260471083410342
-0.628,0.0023510732103104205,-0.004220259326369874
-0.627,0.002379862498311757,-0.004180012426959683
-0.626,0.0024078868733792987,-0.004139742189030168
-0.625,0.0024351553964579637,-0.00409946006322985
-0.624,0.002461677158809072,-0.004059177154481133
-0.623,0.002487461274989512,-0.004018904229394209
-0.622,0.002512516876193605,-0.0039786517236118195
-0.621,0.00253685310394314,-0.003938429749078351
-0.62,0.0025604791041114482,-0.003898248101227378
-0.619,0.0025834040212677936,-0.0038581162660824646
-0.618,0.0026056369933287844,-0.003818043427266579
-0.617,0.0026271871465038945,-0.00377803847291606
-0.616,0.0026480635905226126,-0.0037381100024955908
-0.615,0.0026682754141311347,-0.0036982663335111046
-0.614,0.0026878316808469195,-0.003658515508118012
-0.613,0.002706741424959831,-0.0036188652996225353
-0.612,0.002725013647768973,-0.0035793232188743433
-0.611,0.002742657314044724,-0.0035398965205490057
-0.61,0.002759681348705845,-0.003500592209319149
-0.609,0.002776094633701916,-0.0034614170459134667
-0.608,0.0027919060050917185,-0.003422377553063036
-0.607,0.0028071242503085393,-0.003383480021334637
-0.606,0.002821758105603713,-0.0033447305148510144
-0.605,0.0028358162536600705,-0.0033061348768982208
-0.604,0.002849307321367281,-0.0032676987354203924
-0.603,0.002862239877751403,-0.0032294275084024733
-0.602,0.002874622432051269,-0.0031913264091415717
-0.601,0.0028864634319346245,-0.0031534004514077703
-0.6,0.0028977712618472513,-0.0031156544544953544
-0.599,0.0029085542414885738,-0.0030780930481655276
-0.598,0.0029188206244075247,-0.0030407206774817966
-0.597,0.0029285785967127203,-0.0030035416075392977
-0.596,0.0029378362758912396,-0.002966559928089423
-0.595,0.002946601709730559,-0.0029297795580611715
-0.594,0.0029548828753384266,-0.002893204249980716
-0.593,0.0029626876782556932,-0.0028568375942907356
-0.592,0.0029700239516573385,-0.002820683023571101
-0.591,0.00297689945563714,-0.002784743816662546
-0.59,0.0029833218765716435,-0.002749023102694992
-0.589,0.0029892988265592868,-0.002713523865022208
-0.588,0.002994837842930717,-0.0026782489450645226
-0.587,0.0029999463878265273,-0.0026432010460613084
-0.586,0.0030046318478388115,-0.002608382736734978
-0.585,0.0030089015337130998,-0.0025737964548682305
-0.584,0.003012762680107404,-0.0025394445107962877
-0.583,0.0030162224454052516,-0.0025053290908158676
-0.582,0.0030192879115797373,-0.0024714522605126243
-0.581,0.0030219660841057584,-0.002437815968008785
-0.58,0.0030242638919177403,-0.002404422047132697
-0.579,0.003026188187410283,-0.002371272220511989
-0.578,0.0030277457464792878,-0.0023383681025920355
-0.577,0.0030289432686012394,-0.0023057112025813846
-0.576,0.0030297873769484264,-0.002273302927325812
-0.575,0.0030302846185380067,-0.0022411445841126155
-0.574,0.003030441464412906,-0.0022092373834067675
-0.573,0.003030264309852657,-0.002177582441520501
-0.572,0.0030297594746123637,-0.002146180783217891
-0.571,0.0030289332031880807,-0.0021150333442559606
-0.57,0.0030277916651069675,-0.0020841409738638246
-0.569,0.0030263409552406754,-0.002053504437161338
-0.568,0.0030245870941404836,-0.0020231244175187195
-0.567,0.0030225360283928004,-0.0019930015188585537
-0.566,0.0030201936309936896,-0.0019631362679015905
-0.565,0.003017565701741167,-0.0019335291163576935
-0.564,0.003014657967644076,-0.0019041804430632824
-0.563,0.003011476083346398,-0.0018750905560665882
-0.562,0.003008025631565931,-0.001846259694661995
-0.561,0.0030043121235463115,-0.0018176880313747286
-0.56,0.00300034099952141,-0.001789375673897119
-0.559,0.002996117629191188,-0.001761322666977636
-0.558,0.0029916473122081444,-0.0017335289942638661
-0.557,0.0029869352786735257,-0.0017059945801005806
-0.556,0.0029819866896425213,-0.0016787192912840066
-0.555,0.002976806637637703,-0.0016517029387733918
-0.554,0.0029714001471700105,-0.0016249452793609303
-0.553,0.002965772175266617,-0.001598446017301081
-0.552,0.002959927612005049,-0.0015722048059002955
-0.551,0.0029538712810529616,-0.0015462212490681383
-0.55,0.0029476079402130173,-0.0015204949028307616
-0.549,0.0029411422819723204,-0.0014950252768076752
-0.548,0.002934478934055919,-0.0014698118356527186
-0.547,0.0029276224599838877,-0.00144485400046013
-0.546,0.0029205773596315482,-0.0014201511501365767
-0.545,0.0029133480697923968,-0.0013957026227399921
-0.544,0.002905938964743338,-0.0013715077167860408
-0.543,0.0028983543568118497,-0.0013475656925230118
-0.542,0.0028905984969447135,-0.0013238757731759206
-0.541,0.0028826755752779723,-0.00130043714616058
-0.54,0.002874589721707803,-0.0012772489642683738
-0.539,0.0028663450064619926,-0.0012543103468224605
-0.538,0.002857945440671736,-0.0012316203808060984
-0.537,0.002849394976943492,-0.0012091781219637791
-0.536,0.0028406975099306356,-0.001186982595875834
-0.535,0.0028318568769046715,-0.0011650327990071513
-0.534,0.0028228768583257883,-0.0011433276997306428
-0.533,0.00281376117841253,-0.0011218662393260605
-0.532,0.0028045135057103983,-0.0011006473329547694
-0.531,0.0027951374536591867,-0.001079669870611045
-0.53,0.002785636581158875,-0.0010589327180504675
-0.529,0.0027760143931339198,-0.0010384347176959556
-0.528,0.002766274341095777,-0.0010181746895219772
-0.527,0.002756419823703517,-0.000998151431917454
-0.526,0.0027464541873223904,-0.000978363722527868
-0.525,0.0027363807265802175,-0.0009588103190770603
-0.524,0.0027262026849214755,-0.0009394899601692023
-0.523,0.002715923255158976,-0.0009204013660714051
-0.522,0.0027055455800230176,-0.0009015432394774206
-0.521,0.002695072752707927,-0.0008829142662528785
-0.52,0.0026845078174158768,-0.0008645131161624863
-0.519,0.00267385376989791,-0.0008463384435796139
-0.518,0.0026631135579920817,-0.0008283888881786682
-0.517,0.0026522900821586387,-0.0008106630756106585
-0.516,0.0026413861960121747,-0.0007931596181623351
-0.515,0.0026304047068506893,-0.0007758771153992816
-0.514,0.0026193483761814892,-0.000758814154793326
-0.513,0.00260821992024388,-0.0007419693123346282
-0.512,0.0025970220105285893,-0.000725341153128793
-0.511,0.002585757274293878,-0.0007089282319793466
-0.51,0.00257442829507829,-0.000692729093955909
-0.509,0.0025630376132100012,-0.0006767422749483829
-0.508,0.0025515877263127336,-0.000660966302207473
-0.507,0.0025400810898081896,-0.000645399694871844
-0.506,0.0025285201174149855,-0.0006300409644822131
-0.505,0.0025169071816440467,-0.0006148886154826685
-0.504,0.0025052446142904434,-0.0005999411457094995
-0.503,0.00249353470692164,-0.0005851970468678116
-0.502,0.00248177971136214,-0.0005706548049961986
-0.501,0.002469981840174502,-0.0005563129009197343
-0.5,0.0024581432671367145,-0.0005421698106915398
-0.499,0.0024462661277159137,-0.0005282240060231777
-0.498,0.0024343525195384286,-0.0005144739547041164
-0.497,0.0024224045028561447,-0.0005009181210105045
-0.496,0.0024104241010091776,-0.0004875549661034861
-0.495,0.002398413300884846,-0.000474382948417286
-0.494,0.0023863740533729373,-0.0004614005240372846
-0.493,0.0023743082738172682,-0.0004486061470683009
-0.492,0.0023622178424635254,-0.00043599826999329334
-0.491,0.0023501046049033956,-0.0004235753440226864
-0.49,0.0023379703725149754,-0.00041133581943452287
-0.489,0.0023258169228994687,-0.00039927814590564063
-0.488,0.002313646000314165,-0.00038740077283406496
-0.487,0.00230145931610171,-0.00037570214965280474
-0.486,0.0022892585491156667,-0.0003641807261352369
-0.485,0.0022770453461423705,-0.0003528349526922579
-0.484,0.002264821322319089,-0.0003416632806613776
-0.483,0.00225258806154849,-0.00033066416258792835
-0.482,0.002240347116909421,-0.0003198360524985557
-0.481,0.0022281000110640184,-0.00030917740616715503
-0.48,0.0022158482366611406,-0.0002986866813734156
-0.479,0.0022035932567361517,-0.0002883623381541267
-0.478,0.0021913365051070485,-0.0002782028390474021
-0.477,0.0021790793867669553,-0.00026820664932997027
-0.476,0.002166823278272988,-0.00025837223724767906
-0.475,0.0021545695281315084,-0.0002486980742393579
-0.474,0.0021423194571797708,-0.00023918263515417768
-0.473,0.002130074358963983,-0.00022982439846264705
-0.472,0.002117835500113791,-0.00022062184646137877
-0.471,0.002105604120713198,-0.00021157346547175847
-0.47,0.0020933814346679428,-0.0002026777460326451
-0.469,0.0020811686300693352,-0.00019393318308722895
-0.468,0.0020689668695545844,-0.0001853382761641715
-0.467,0.002056777290663614,-0.00017689152955314812
-0.466,0.0020446010061923995,-0.0001685914524749121
-0.465,0.0020324391045428284,-0.00016043655924599705
-0.464,0.0020202926500691104,-0.00015242536943817027
-0.463,0.002008162683420748,-0.00014455640803275025
-0.462,0.0019960502218820866,-0.0001368282055698964
-0.461,0.0019839562597084646,-0.0001292392982929785
-0.46,0.0019718817684589735,-0.00012178822828813141
-0.459,0.001959827697325854,-0.00011447354361909677
-0.458,0.0019477949734605412,-0.00010729379845745378
-0.457,0.0019357845022963767,-0.0001002475532083368
-0.456,0.0019237971678680126,-9.33333746317374e-5
-0.455,0.0019118338331275153,-8.654983595948547e-5
-0.454,0.001899895340257199,-7.989551700800247e-5
-0.453,0.0018879825109791991,-7.336900428691827e-5
-0.452,0.0018760961468618114,-6.696889110364088e-5
-0.451,0.0018642370296226103,-6.069377766396706e-5
-0.45,0.0018524059214283719,-5.454227116881959e-5
-0.449,0.0018406035651918151,-4.85129859071958e-5
-0.448,0.001828830684865186,-4.2604543345410034e-5
-0.447,0.0018170879857307017,-3.681557221271126e-5
-0.446,0.0018053761546878752,-3.114470858335537e-5
-0.445,0.0017936958605377403,-2.5590595955210383e-5
-0.444,0.0017820477542639986,-2.0151885324971073e-5
-0.443,0.0017704324693111069,-1.4827235260058187e-5
-0.442,0.001758850621859325,-9.615311967275995e-6
-0.441,0.0017473028110967473,-4.514789358300506e-6
-0.44,0.0017357896194883347,4.7565088793072514e-7
-0.439,0.0017243116130419695,5.3573192658575356e-6
-0.438,0.0017128693415715554,1.0131518386896558e-5
-0.437,0.001701463338957179,1.4799542925934045e-5
-0.436,0.001690094123402356,1.9362679570646353e-5
-0.435,0.0016787621976883855,2.3822206973583546e-5
-0.434,0.0016674680494258261,2.817939570695279e-5
-0.433,0.0016562121513031213,3.243550822003939e-5
-0.432,0.001644994961332393,3.659179879920454e-5
-0.431,0.00163381692309242,4.0649513530399766e-5
-0.43,0.00162267846596883,4.460989026413963e-5
-0.429,0.0016115800053915176,4.8474158582874714e-5
-0.428,0.0016005219430693153,5.2243539770708606e-5
-0.427,0.001589504667221936,5.591924678540319e-5
-0.426,0.0015785285528092069,5.9502484232617824e-5
-0.425,0.0015675939617576175,6.299444834232896e-5
-0.424,0.0015567012431842017,6.63963269473777e-5
-0.423,0.0015458507336177738,6.970929946409372e-5
-0.422,0.001535042757217542,7.29345368749452e-5
-0.421,0.0015242776259891168,7.607320171316493e-5
-0.42,0.0015135556399979366,7.912644804930404e-5
-0.419,0.0015028770875801325,8.209542147966552e-5
-0.418,0.0014922422455508507,8.498125911657072e-5
-0.417,0.0014816513794100542,8.778508958041267e-5
-0.416,0.001471104743545824,9.050803299345109e-5
-0.415,0.0014606025814351829,9.315120097530487e-5
-0.414,0.0014501451258424564,9.571569664009839e-5
-0.413,0.001439732599015199,9.820261459521903e-5
-0.412,0.0014293652128776998,0.00010061304094164396
-0.411,0.0014190431692220915,0.00010294805327579517
-0.41,0.0014087666598970824,0.00010520872069288224
-0.409,0.0013985358669943292,0.0001073961037916934
-0.408,0.0013883509630324762,0.00010951125468079603
-0.407,0.0013782121111388741,0.00011155521698610824
-0.406,0.0013681194652290058,0.00011352902585980452
-0.405,0.0013580731701836326,0.00011543370799051843
-0.404,0.0013480733620236857,0.0001172702816148064
-0.403,0.0013381201680829197,0.00011903975652983742
-0.402,0.0013282137071783503,0.00012074313410727377
-0.401,0.0013183540897784938,0.000122381407308309
-0.4,0.0013085414181694295,0.0001239555606998296
-0.399,0.001298775786618705,0.00012546657047166762
-0.398,0.0012890572815371008,0.00012691540445491245
-0.397,0.0012793859816382792,0.00012830302214124974
-0.396,0.0012697619580963298,0.00012963037470329716
-0.395,0.0012601852747012381,0.0001308984050159062
-0.394,0.001250655988012291,0.00013210804767840062
-0.393,0.0012411741475094396,0.00013326022903772212
-0.392,0.001231739795742641,0.000134355867212455
-0.391,0.0012223529684791937,0.00013539587211770153
-0.39,0.001213013694849089,0.00013638114549078064
-0.389,0.0012037219974883949,0.0001373125809177229
-0.388,0.0011944778926806917,0.00013819106386053542
-0.387,0.00118528139049658,0.000139017471685211
-0.386,0.0011761324949312738,0.00013979267369045565
-0.385,0.0011670312040403042,0.0001405175311371099
-0.384,0.001157977510073347,0.00014119289727823975
-0.383,0.0011489713996061938,0.0001418196173898726
-0.382,0.0011400128536708841,0.0001423985288023557
-0.381,0.0011311018478840182,0.00014293046093231314
-0.38,0.001122238352573266,0.00014341623531517972
-0.379,0.001113422332902091,0.00014385666563828918
-0.378,0.001104653748992707,0.00014425255777449533
-0.377,0.001095932556047284,0.00014460470981630483
-0.376,0.0010872587044674228,0.00014491391211050102
-0.375,0.0010786321399719123,0.00014518094729323833
-0.374,0.0010700528037127903,0.00014540659032558767
-0.373,0.001061520632389721,0.00014559160852951276
-0.372,0.0010530355583627101,0.00014573676162425906
-0.371,0.0010445975097631713,0.00014584280176313598
-0.37,0.0010362064106033619,0.00014591047357067434
-0.369,0.0010278621808842033,0.00014594051418014147
-0.368,0.0010195647367015066,0.00014593365327139577
-0.367,0.0010113139903506123,0.00014589061310906417
-0.366,0.0010031098504294682,0.00014581210858102543
-0.365,0.0009949522219401571,0.0001456988472371829
-0.364,0.0009868410063888899,0.00014555152932851074
-0.363,0.0009787761018844833,0.00014537084784635776
-0.362,0.0009707574032353347,0.00014515748856199363
-0.361,0.000962784802044912,0.00014491213006638225
-0.36,0.0009548581868057714,0.00014463544381016795
-0.359,0.000946977442992122,0.00014432809414385958
-0.358,0.0009391424531509494,0.0001439907383581989
-0.357,0.0009313530969917145,0.0001436240267246994
-0.356,0.0009236092514746438,0.00014322860253634202
-0.355,0.0009159107908976238,0.0001428051021484148
-0.354,0.0009082575869817162,0.00014235415501948341
-0.353,0.0009006495089553069,0.00014187638375248038
-0.352,0.0008930864236369061,0.00014137240413590054
-0.351,0.0008855681955166095,0.00014084282518509074
-0.35,0.0008780946868362396,0.00014028824918362233
-0.349,0.0008706657576681785,0.00013970927172473498
-0.348,0.0008632812659929064,0.00013910648175284048
-0.347,0.0008559410677752614,0.00013848046160507617
-0.346,0.0008486450170394315,0.00013783178705289686
-0.345,0.0008413929659426963,0.0001371610273436955
-0.344,0.0008341847648479284,0.00013646874524244197
-0.343,0.0008270202623948704,0.00013575549707333073
-0.342,0.000819899305570199,0.0001350218327614272
-0.341,0.0008128217397763913,0.00013426829587430427
-0.34,0.0008057874088994049,0.00013349542366365895
-0.339,0.0007987961553751847,0.00013270374710690138
-0.338,0.0007918478202550111,0.00013189379094870657
-0.337,0.0007849422432697001,0.00013106607374252133
-0.336,0.0007780792628926687,0.00013022110789201767
-0.335,0.0007712587164018788,0.00012935939969248493
-0.334,0.0007644804399406711,0.00012848144937215324
-0.333,0.0007577442685775016,0.0001275877511334401
-0.332,0.0007510500363645921,0.0001266787931941137
-0.331,0.0007443975763955087,0.00012575505782836486
-0.33,0.0007377867208616775,0.0001248170214077818
-0.329,0.0007312173011078509,0.00012386515444222024
-0.328,0.0007246891476865371,0.00012289992162056273
-0.327,0.0007182020904114004,0.00012192178185136096
-0.326,0.0007117559584096498,0.00012093118830335462
-0.325,0.0007053505801734208,0.00011992858844586144
-0.324,0.0006989857836101663,0.0001189144240890322
-0.323,0.0006926613960920654,0.00011788913142396542
-0.322,0.000686377244504462,0.00011685314106267642
-0.321,0.0006801331552933427,0.00011580687807791541
-0.32,0.0006739289545118672,0.00011475076204282973
-0.319,0.0006677644678659586,0.00011368520707046533
-0.318,0.000661639520758967,0.00011261062185310291
-0.317,0.0006555539383354152,0.00011152740970142421
-0.316,0.0006495075455238373,0.00011043596858350398
-0.315,0.0006435001670787195,0.00010933669116362365
-0.314,0.0006375316276215553,0.00010822996484090256
-0.313,0.0006316017516810218,0.00010711617178774302
-0.312,0.0006257103637322904,0.00010599568898808523
-0.311,0.0006198572882354793,0.00010486888827546887
-0.31,0.0006140423496732578,0.00010373613637089759
-0.309,0.0006082653725876124,0.00010259779492050347
-0.308,0.0006025261816157848,0.00010145422053300801
-0.307,0.0005968246015253886,0.00010030576481697705
-0.306,0.0005911604572487168,9.91527744178663e-5
-0.305,0.0005855335739162476,9.799559105485533e-5
-0.304,0.0005799437768893573,9.683455155746695e-5
-0.303,0.0005743908917922502,9.566998790196994e-5
-0.302,0.0005688747445431139,9.450222724756258e-5
-0.301,0.0005633951613845079,9.333159197233491e-5
-0.3,0.000557951968912995,9.215839970900776e-5
-0.299,0.0005525449941080238,9.098296338044633e-5
-0.298,0.0005471740643600708,8.980559123494694e-5
-0.297,0.0005418390074980493,8.862658688129496e-5
-0.296,0.0005365396518159953,8.744624932359245e-5
-0.295,0.0005312758260990362,8.62648729958542e-5
-0.294,0.0005260473596486521,8.508274779637061e-5
-0.293,0.0005208540823072368,8.390015912183645e-5
-0.292,0.0005156958244819664,8.27173879012442e-5
-0.291,0.0005105724171679827,8.153471062954112e-5
-0.29,0.0005054836919709005,8.035239940104916e-5
-0.289,0.0005004294811286449,7.917072194264687e-5
-0.288,0.0004954096175326257,7.79899416467127e-5
-0.287,0.0004904239347482584,7.681031760382917e-5
-0.286,0.0004854722670348371,7.563210463524734e-5
-0.285,0.00048055444936476665,7.445555332511139e-5
-0.284,0.0004756703174421621,7.328091005244294e-5
-0.283,0.00047081970772082154,7.210841702288496e-5
-0.282,0.0004660024574215799,7.093831230020526e-5
-0.281,0.00046121840454904997,6.977082983755965e-5
-0.28,0.00045646738790775735,6.860619950851472e-5
-0.279,0.0004517492471176772,6.744464713783071e-5
-0.278,0.0004470638226291773,6.628639453200457e-5
-0.277,0.00044241095573737565,6.513165950957374e-5
-0.276,0.0004377904885959185,6.398065593118122e-5
-0.275,0.00043320226423018487,6.283359372940229e-5
-0.274,0.0004286461265499237,6.169067893833376e-5
-0.273,0.00042412192036133105,6.055211372294649e-5
-0.272,0.0004196294913785713,5.941809640820187e-5
-0.271,0.00041516868623475104,5.8288821507933364e-5
-0.27,0.00041073935249234876,5.71644797534941e-5
-0.269,0.0004063413386531089,5.6045258122171474e-5
-0.268,0.00040197449416740414,5.493133986537009e-5
-0.267,0.00039763866944307245,5.382290453656424e-5
-0.266,0.0003933337158537347,5.272012801902119e-5
-0.265,0.00038905948574659846,5.16231825532968e-5
-0.264,0.0003848158324497527,5.0532236764504856e-5
-0.263,0.0003806026102789601,4.944745568936173e-5
-0.262,0.0003764196745439514,4.836900080300801e-5
-0.261,0.00037226688155422795,4.729703004560874e-5
-0.26,0.0003681440886243767,4.623169784873417e-5
-0.259,0.00036405115407890415,4.517315516152272e-5
-0.258,0.00035998793725659306,4.4121549476628247e-5
-0.257,0.0003559542985143886,4.307702485595344e-5
-0.256,0.0003519500992308172,4.2039721956171503e-5
-0.255,0.0003479752018089445,4.100977805403833e-5
-0.254,0.00034402946967887683,3.998732707149715e-5
-0.253,0.0003401127672998111,3.897249960057813e-5
-0.252,0.00033622496016163747,3.796542292809513e-5
-0.251,0.00033236591478610103,3.6966221060142113e-5
-0.25,0.0003285354987275251,3.5975014746391534e-5
-0.249,0.00032473358057310295,3.499192150419737e-5
-0.248,0.0003209600299427607,3.40170556425053e-5
-0.247,0.0003172147174885976,3.3050528285572714e-5
-0.246,0.000313497514893907,3.209244739650124e-5
-0.245,0.0003098082948717834,3.114291780058459e-5
-0.244,0.00030614693116331896,3.0202041208474556e-5
-0.243,0.00030251329853539516,2.926991623916802e-5
-0.242,0.00029890727277807303,2.834663844281796e-5
-0.241,0.0002953287307015867,2.7432300323371455e-5
-0.24,0.00029177755013294436,2.6526991361037752e-5
-0.239,0.00028825360991214074,2.5630798034589522e-5
-0.238,0.0002847567898879861,2.4743803843500498e-5
-0.237,0.0002812869709135549,2.3866089329922716e-5
-0.236,0.0002778440348412586,2.2997732100506662e-5
-0.235,0.0002744278645175473,2.213880684806767e-5
-0.234,0.00027103834377724357,2.1289385373101993e-5
-0.233,0.00026767535743751306,2.044953660515596e-5
-0.232,0.000264338791291475,1.9619326624051766e-5
-0.231,0.000261028532101458,1.879881868097345e-5
-0.23,0.0002577444675919041,1.7988073219416652e-5
-0.229,0.00025448648644192505,1.7187147896005863e-5
-0.228,0.0002512544782775153,1.63960976011828e-5
-0.227,0.0002480483336634253,1.561497447976977e-5
-0.226,0.00024486794409469854,1.484382795141177e-5
-0.225,0.00024171320198787752,1.4082704730901209e-5
-0.224,0.00023858400067188076,1.3331648848389182e-5
-0.223,0.00023548023437855608,1.2590701669487214e-5
-0.222,0.00023240179823291342,1.1859901915263539e-5
-0.221,0.00022934858824304096,1.1139285682137922e-5
-0.22,0.00022632050128970854,1.0428886461679163e-5
-0.219,0.00022331743511566215,9.7287351603094e-6
-0.218,0.00022033928831461297,9.038860118919428e-6
-0.217,0.0002173859603199254,8.359287132399279e-6
-0.216,0.00021445735139300715,7.6900394690883e-6
-0.215,0.00021155336261140557,7.031137890149136e-6
-0.214,0.00020867389585661403,6.382600668869889e-6
-0.213,0.0002058188538015917,5.744443609898973e-6
-0.212,0.00020298813989800133,5.116680068417026e-6
-0.211,0.00020018165836316763,4.49932096925044e-6
-0.21,0.00019739931416676133,3.892374825931015e-6
-0.209,0.00019464101301721172,3.295847759706331e-6
-0.208,0.00019190666134785199,2.709743518505444e-6
-0.207,0.00018919616630280105,2.1340634958645736e-6
-0.206,0.00018650943572258552,1.5688067498174808e-6
-0.205,0.00018384637812950616,1.0139700217552543e-6
-0.204,0.000181206902712752,4.695477552602992e-7
-0.203,0.00017859091931326647,-6.446788508067961e-8
-0.202,0.0001759983384083695,-5.880869948798454e-7
-0.201,0.00017342907109613883,-1.1013219111626709e-6
-0.2,0.00017088302907955564,-1.604187193588737e-6
-0.199,0.00016836012465041707,-2.096699605673938e-6
-0.198,0.00016586027067302093,-2.578878096009109e-6
-0.197,0.00016338338056762555,-3.050743779470064e-6
-0.196,0.00016092936829368963,-3.512319918413986e-6
-0.195,0.0001584981483328956,-3.963631903857099e-6
-0.194,0.00015608963567196105,-4.404707236628508e-6
-0.193,0.00015370374578524185,-4.835575508495056e-6
-0.192,0.0001513403946171318,-5.256268383252053e-6
-0.191,0.0001489994985642626,-5.6668195777746445e-6
-0.19,0.00014668097445750825,-6.067264843024628e-6
-0.189,0.00014438473954379895,-6.457641945007438e-6
-0.188,0.00014211071146774787,-6.837990645674033e-6
-0.187,0.00013985880825309602,-7.208352683762389e-6
-0.186,0.00013762894828397927,-7.568771755573252e-6
-0.185,0.00013542105028602208,-7.91929349567482e-6
-0.184,0.00013323503330726246,-8.259965457530969e-6
-0.183,0.0001310708166989131,-8.590837094047625e-6
-0.182,0.00012892832009596275,-8.911959738031896e-6
-0.181,0.00012680746339762335,-9.223386582558487e-6
-0.18,0.0001247081667476269,-9.525172661237996e-6
-0.179,0.00012263035051437762,-9.817374828381584e-6
-0.178,0.00012057393527096393,-1.0100051739056548e-5
-0.177,0.00011853884177503533,-1.0373263829027315e-5
-0.176,0.00011652499094854944,-1.0637073294576327e-5
-0.175,0.00011453230385739397,-1.089154407219929e-5
-0.174,0.00011256070169088933,-1.1136741818169276e-5
-0.173,0.00011061010574117673,-1.1372733887964111e-5
-0.172,0.00010868043738249732,-1.1599589315551497e-5
-0.171,0.00010677161805036806,-1.181737879252635e-5
-0.17,0.0001048835692206594,-1.2026174647094704e-5
-0.169,0.00010301621238858085,-1.2226050822898723e-5
-0.168,0.00010116946904757992,-1.2417082857677155e-5
-0.167,9.934326066816025e-5,-1.2599347861755703e-5
-0.166,9.753750867662504e-5,-1.2772924496361744e-5
-0.165,9.575213443375151e-5,-1.2937892951757809e-5
-0.164,9.398705921340273e-5,-1.3094334925188273e-5
-0.163,9.224220418108292e-5,-1.324233359863369e-5
-0.162,9.051749037244259e-5,-1.3381973616367227e-5
-0.161,8.881283867173989e-5,-1.3513341062307656e-5
-0.16,8.71281697902647e-5,-1.3636523437163372e-5
-0.159,8.546340424473231e-5,-1.3751609635361923e-5
-0.158,8.381846233565305e-5,-1.3858689921759554e-5
-0.157,8.219326412568522e-5,-1.3957855908125277e-5
-0.156,8.05877294179779e-5,-1.4049200529394012e-5
-0.155,7.900177773451112e-5,-1.4132818019683347e-5
-0.154,7.743532829444044e-5,-1.4208803888068519e-5
-0.153,7.588829999245326e-5,-1.4277254894110209e-5
-0.152,7.436061137714466e-5,-1.4338269023129795e-5
-0.151,7.285218062942011e-5,-1.4391945461226743e-5
-0.15,7.136292554093301e-5,-1.4438384570032838e-5
-0.149,6.989276349256499e-5,-1.4477687861197982e-5
-0.148,6.844161143295685e-5,-1.450995797060238e-5
-0.147,6.700938585709872e-5,-1.453529863228988e-5
-0.146,6.559600278498741e-5,-1.4553814652117413e-5
-0.145,6.42013777403597e-5,-1.4565611881115373e-5
-0.144,6.28254257295102e-5,-1.457079718855397e-5
-0.143,6.146806122020262e-5,-1.4569478434710551e-5
-0.142,6.0129198120683406e-5,-1.4561764443332974e-5
-0.141,5.880874975880692e-5,-1.4547764973794187e-5
-0.14,5.7506628861281464e-5,-1.4527590692933226e-5
-0.139,5.622274753304572e-5,-1.450135314657789e-5
-0.138,5.495701723678523e-5,-1.4469164730744475e-5
-0.137,5.370934877259869e-5,-1.4431138662509956e-5
-0.136,5.2479652257824266e-5,-1.4387388950552158e-5
-0.135,5.126783710703594e-5,-1.4338030365353494e-5
-0.134,5.007381201222047e-5,-1.4283178409063927e-5
-0.133,4.8897484923145377e-5,-1.422294928501897e-5
-0.132,4.773876302792895e-5,-1.4157459866908554e-5
-0.131,4.6597552733823e-5,-1.4086827667592757e-5
-0.13,4.547375964821983e-5,-1.401117080756045e-5
-0.129,4.4367288559894536e-5,-1.3930607983027066e-5
-0.128,4.327804342049441e-5,-1.384525843366778e-5
-0.127,4.220592732628721e-5,-1.3755241909982532e-5
-0.126,4.115084250018031e-5,-1.3660678640289441e-5
-0.125,4.0112690274022896e-5,-1.3561689297343272e-5
-0.124,3.909137107120384e-5,-1.3458394964575816e-5
-0.123,3.808678438955777e-5,-1.3350917101955104e-5
-0.122,3.7098828784592336e-5,-1.3239377511460589e-5
-0.121,3.612740185304985e-5,-1.3123898302171546e-5
-0.12,3.517240021681657e-5,-1.3004601854966136e-5
-0.119,3.4233719507193424e-5,-1.2881610786828715e-5
-0.118,3.3311254349541876e-5,-1.2755047914763156e-5
-0.117,3.240489834831921e-5,-1.2625036219310156e-5
-0.116,3.151454407251749e-5,-1.2491698807666638e-5
-0.115,3.0640083041520876e-5,-1.2355158876405602e-5
-0.114,2.9781405711396233e-5,-1.2215539673794979e-5
-0.113,2.893840146163212e-5,-1.2072964461714198e-5
-0.112,2.81109585823416e-5,-1.1927556477167483e-5
-0.111,2.729896426194464e-5,-1.1779438893393046e-5
-0.11,2.6502304575345974e-5,-1.1628734780567618e-5
-0.109,2.5720864472624792e-5,-1.1475567066106014e-5
-0.108,2.4954527768252754e-5,-1.1320058494555648e-5
-0.107,2.420317713085714e-5,-1.1162331587086196e-5
-0.106,2.346669407354636e-5,-1.1002508600574893e-5
-0.105,2.2744958944815164e-5,-1.0840711486288206e-5
-0.104,2.203785092004737e-5,-1.0677061848160936e-5
-0.103,2.1345247993634095e-5,-1.0511680900674095e-5
-0.102,2.0667026971725896e-5,-1.034468942633324e-5
-0.101,2.0003063465637515e-5,-1.0176207732749246e-5
-0.1,1.9353231885924192e-5,-1.000635560932386e-5
-0.099,1.8717405437148908e-5,-9.835252283542706e-6
-0.098,1.809545611336026e-5,-9.663016376878808e-6
-0.097,1.7487254694300905e-5,-9.489765860310048e-6
-0.096,1.689267074236704e-5,-9.315618009454353e-6
-0.095,1.6311572600339516e-5,-9.140689359326865e-6
-0.094,1.574382738990772e-5,-8.965095658723686e-6
-0.093,1.518930101100765e-5,-8.788951824237305e-6
-0.092,1.4647858141995944e-5,-8.612371893909194e-6
-0.091,1.4119362240682067e-5,-8.435468980525562e-6
-0.09,1.3603675546241205e-5,-8.258355224562738e-6
-0.089,1.3100659082030778e-5,-8.08114174678912e-6
-0.088,1.2610172659333946e-5,-7.903938600531177e-6
-0.087,1.2132074882053801e-5,-7.72685472361151e-6
-0.086,1.1666223152382415e-5,-7.549997889967531e-6
-0.085,1.121247367746929e-5,-7.373474660959883e-6
-0.084,1.0770681477114192e-5,-7.1973903363803445e-6
-0.083,1.0340700392509766e-5,-7.021848905169537e-6
-0.082,9.922383096059794e-6,-6.846952995855437e-6
-0.081,9.515581102299397e-6,-6.672803826724299e-6
-0.08,9.120144779943904e-6,-6.4995011557363396e-6
-0.079,8.735923365093635e-6,-6.3271432301991835e-6
-0.078,8.362764975622276e-6,-6.155826736212858e-6
-0.077,8.000516626777015e-6,-5.985646747900835e-6
-0.076,7.649024248019122e-6,-5.816696676442466e-6
-0.075,7.308132701134155e-6,-5.649068218922903e-6
-0.074,6.977685799641475e-6,-5.482851307017526e-6
-0.073,6.657526329533308e-6,-5.318134055528715e-6
-0.072,6.347496071374136e-6,-5.155002710793754e-6
-0.071,6.047435823791718e-6,-4.993541598983603e-6
-0.07,5.7571854283916915e-6,-4.833833074313231e-6
-0.069,5.476583796128201e-6,-4.6759574671852865e-6
-0.068,5.2054689351636875e-6,-4.51999303228987e-6
-0.067,4.943677980251543e-6,-4.366015896684351e-6
-0.066,4.6910472236760055e-6,-4.21410000787828e-6
-0.065,4.447412147784316e-6,-4.0643170819496576e-6
-0.064,4.212607459146868e-6,-3.916736551720077e-6
-0.063,3.986467124381751e-6,-3.77142551501753e-6
-0.062,3.768824407680871e-6,-3.628448683057045e-6
-0.061,3.559511910075568e-6,-3.4878683289707285e-6
-0.06,3.3583616104804305e-6,-3.349744236520231e-6
-0.059,3.1652049085548746e-6,-3.2141336490262197e-6
-0.058,2.979872669422877e-6,-3.0810912185510218e-6
-0.057,2.802195270292173e-6,-2.9506689553722783e-6
-0.056,2.63200264901517e-6,-2.822916177787204e-6
-0.055,2.4691243546348082e-6,-2.6978794622888627e-6
-0.054,2.313389599959646e-6,-2.5756025941577945e-6
-0.053,2.1646273162135493e-6,-2.456126518514325e-6
-0.052,2.022666209806498e-6,-2.3394892918790017e-6
-0.051,1.8873348212742745e-6,-2.2257260342907876e-6
-0.05,1.7584615864360705e-6,-2.1148688820349887e-6
-0.049,1.6358748998204467e-6,-2.006946941035291e-6
-0.048,1.519403180411539e-6,-1.9019862409668843e-6
-0.047,1.4088749397689818e-6,-1.800009690150317e-6
-0.046,1.3041188525767023e-6,-1.7010370312885978e-6
-0.045,1.2049638296775453e-6,-1.605084798113059e-6
-0.044,1.1112390936526426e-6,-1.5121662730066742e-6
-0.043,1.0227742570065438e-6,-1.4222914456768978e-6
-0.042,9.393994030214113e-7,-1.3354669729536587e-6
-0.041,8.609451693460566e-7,-1.251696139791937e-6
-0.04,7.872428343883102e-7,-1.1709788215623776e-6
-0.039,7.181244065821648e-7,-1.0933114477177004e-6
-0.038,6.534227166043839e-7,-1.0186869669272428e-6
-0.037,5.929715126188354e-7,-9.470948137768766e-7
-0.036,5.366055586307535e-7,-8.785208771367954e-7
-0.035,4.841607360375055e-7,-8.129474703052992e-7
-0.034,4.3547414846729143e-7,-7.503533030427818e-7
-0.033,3.90384230002632e-7,-6.907134556166588e-7
-0.032,3.4873085689156677e-7,-6.339993549850579e-7
-0.031,3.103554628563096e-7,-5.801787532547599e-7
-0.03,2.7510115811681144e-7,-5.29215708557221e-7
-0.029,2.428128522554065e-7,-4.810705684956019e-7
-0.028,2.1333738105865018e-7,-4.3569995632567847e-7
-0.027,1.8652363748380853e-7,-3.9305676004443344e-7
-0.026,1.622227069104946e-7,-3.5309012457216495e-7
-0.025,1.4028800685298887e-7,-3.1574544722725667e-7
-0.024,1.2057543132622662e-7,-2.8096437670754593e-7
-0.023,1.0294350007878097e-7,-2.4868481580872135e-7
-0.022,8.725351293003552e-8,-2.1884092812868164e-7
-0.021,7.336970947690602e-8,-1.9136314902763342e-7
-0.02,6.115943446893734e-8,-1.6617820113733256e-7
-0.019,5.049330919065026e-8,-1.4320911473981585e-7
-0.018,4.124540923831291e-8,-1.2237525336689253e-7
-0.017,3.329344913706097e-8,-1.0359234500741813e-7
-0.016,2.6518974316414725e-8,-8.677251935103313e-8
-0.015,2.080756105169742e-8,-7.18243515460202e-8
-0.014,1.6049025091078285e-8,-5.8652913007048166e-8
-0.013,1.2137639830533556e-8,-4.715982987827966e-8
-0.012,8.972365082746786e-9,-3.724334984193471e-8
-0.011,6.457087726594213e-9,-2.8798418066505217e-8
-0.01,4.500875844883265e-9,-2.1716763218865352e-8
-0.009,3.0182483955526518e-9,-1.5886994629868397e-8
-0.008,1.929463073018355e-9,-1.1194711917580028e-8
-0.007,1.1608258967223886e-9,-7.522628657509156e-9
-0.006,6.450273779240566e-10,-4.750712079446528e-9
-0.005,3.2151216622126164e-10,-2.7563413237508783e-9
-0.004,1.3689246347211828e-10,-1.4144876099901152e-9
-0.003,4.542151989737146e-11,-5.979209594016937e-10
-0.002,9.555440497344791e-12,-1.7745030623285525e-10
-0.001,6.591934273785005e-13,-2.2208041558122076e-11
0.0,0.0,0.0
0.001,6.59463326423015e-13,2.2216837422680868e-11
0.002,9.563293276727837e-12,1.7759088736508684e-10
0.003,4.547765272945614e-11,5.98631549029126e-10
0.004,1.3711848573383027e-10,1.4167290615137309e-9
0.005,3.221768714356939e-10,2.7618010804277876e-9
0.006,6.466300857895136e-10,4.7620039174232025e-9
0.007,1.164195585273738e-9,7.5434875626669e-9
0.008,1.9358722388043955e-9,1.1230183540544594e-8
0.009,3.0295407197850403e-9,1.594361883652829e-8
0.01,4.519606841866773e-9,2.180275131317279e-8
0.011,6.486677624094759e-9,2.8923823312250227e-8
0.012,9.017263241149605e-9,3.742023095305967e-8
0.013,1.220350005382746e-8,4.74024071847574e-8
0.014,1.6142891221057675e-8,5.8977717036497227e-8
0.015,2.0938062269377592e-8,7.225036379087701e-8
0.016,2.6696529602916655e-8,8.732130501783593e-8
0.017,3.353048037112728e-8,1.0428817756903386e-7
0.018,4.155656242987844e-8,1.2324523076068702e-7
0.019,5.089568337003378e-8,1.4428326707510915e-7
0.02,6.167281776963964e-8,1.6748958979422062e-7
0.021,7.401682196699586e-8,1.9294795704657876e-7
0.022,8.806025576291313e-8,2.2073854180633328e-7
0.023,1.0393921054891259e-7,2.5093789743034524e-7
0.024,1.217931434293909e-7,2.836189283603419e-7
0.025,1.4176471696378334e-7,3.188508656517986e-7
0.026,1.639996442024145e-7,3.5669924702130905e-7
0.027,1.8864653872920998e-7,3.9722590113036395e-7
0.028,2.158567694574079e-7,4.4048893584636374e-7
0.029,2.457843199521294e-7,4.86542730241869e-7
0.03,2.7858565207713014e-7,5.354379301109732e-7
0.031,3.144195737830382e-7,5.872214467976022e-7
0.032,3.5344711087149735e-7,6.419364591447941e-7
0.033,3.958313825843735e-7,6.996224183868239e-7
0.034,4.4173748087993684e-7,7.603150558175972e-7
0.035,4.913323532690239e-7,8.240463930792204e-7
0.036,5.447846890938729e-7,8.908447549241838e-7
0.037,6.022648091408237e-7,9.607347843132982e-7
0.038,6.639445584855669e-7,1.0337374597194914e-6
0.039,7.299972024762386e-7,1.1098701145148903e-6
0.04,8.005973257655462e-7,1.1891464583253601e-6
0.041,8.75920734308341e-7,1.2715766002428916e-6
0.042,9.561443602457378e-7,1.357167073792004e-6
0.043,1.041446169601084e-6,1.4459208635516774e-6
0.044,1.1320050727168617e-6,1.5378374333393136e-6
0.045,1.228000837365022e-6,1.6329127558678652e-6
0.046,1.3296140044663443e-6,1.7311393437916134e-6
0.047,1.437025806357225e-6,1.8325062820601382e-6
0.048,1.5504180875448659e-6,1.9369992615038305e-6
0.049,1.6699732278941702e-6,2.0446006135778737e-6
0.05,1.7958740681918098e-6,2.1552893461949976e-6
0.051,1.9283038380348935e-6,2.2690411805804633e-6
0.052,2.067446085993502e-6,2.3858285890857578e-6
0.053,2.213484611998018e-6,2.505620833900279e-6
0.054,2.3666034019037717e-6,2.628384006602999e-6
0.055,2.526986564186937e-6,2.7540810684986038e-6
0.056,2.694818268727005e-6,2.8826718916850457e-6
0.057,2.870282687632395e-6,3.0141133008017023e-6
0.058,3.0535639380669623e-6,3.148359115409533e-6
0.059,3.24484602703628e-6,3.2853601929566864e-6
0.06,3.4443127980935987e-6,3.425064472284974e-6
0.061,3.6521478799263977e-6,3.567417017634527e-6
0.062,3.868534636785365e-6,3.7123600631057265e-6
0.063,4.093656120718524e-6,3.859833057539227e-6
0.064,4.327695025574078e-6,4.009772709776519e-6
0.065,4.570833642736335e-6,4.1621130342650595e-6
0.066,4.823253818559839e-6,4.316785396973483e-6
0.067,5.0851369134675615e-6,4.47371856158386e-6
0.068,5.3566637626797214e-6,4.632838735929326e-6
0.069,5.63801463854044e-6,4.794069618646769e-6
0.07,5.929369214410104e-6,4.9573324460154636e-6
0.071,6.230906530091929e-6,5.122546038953833e-6
0.072,6.542804958761789e-6,5.289626850147639e-6
0.073,6.865242175370984e-6,5.458489011284048e-6
0.074,7.198395126492144e-6,5.629044380367093e-6
0.075,7.542440001579025e-6,5.801202589091108e-6
0.076,7.89755220561147e-6,5.974871090249686e-6
0.077,8.263906333097306e-6,6.149955205158715e-6
0.078,8.641676143403439e-6,6.326358171072941e-6
0.079,9.031034537388913e-6,6.503981188576419e-6
0.08,9.432153535313119e-6,6.682723468928084e-6
0.081,9.845204255992824e-6,6.862482281344477e-6
0.082,1.0270356897182128e-5,7.043153000202513e-6
0.083,1.0707780717149887e-5,7.224629152145905e-6
0.084,1.115764401742954e-5,7.406802463079621e-6
0.085,1.1620114126716726e-5,7.589562905037504e-6
0.086,1.2095357385890454e-5,7.772798742908824e-6
0.087,1.2583539134133985e-5,7.956396581010258e-6
0.088,1.3084823696131981e-5,8.14024140949042e-6
0.089,1.359937437032085e-5,8.32421665055468e-6
0.09,1.4127353418169574e-5,8.508204204498645e-6
0.091,1.4668922054468694e-5,8.692084495539252e-6
0.092,1.5224240438605473e-5,8.875736517432975e-6
0.093,1.579346766680359e-5,9.059037878871217e-6
0.094,1.63767617653061e-5,9.241864848643474e-6
0.095,1.697427968448069e-5,9.424092400559395e-6
0.096,1.758617729382663e-5,9.605594258121316e-6
0.097,1.8212609377863133e-5,9.786242938939354e-6
0.098,1.885372963287915e-5,9.96590979888164e-6
0.099,1.950969066452494e-5,1.0144465075952635e-5
0.1,2.018064398622609e-5,1.0321777933892993e-5
0.101,2.0866740018400965e-5,1.0497716505494818e-5
0.102,2.1568128088462818e-5,1.0672147935626557e-5
0.103,2.2284956431588143e-5,1.084493842396219e-5
0.104,2.3017372192233163e-5,1.1015953267409749e-5
0.105,2.3765521426380538e-5,1.1185056902234559e-5
0.106,2.4529549104498767e-5,1.1352112945872958e-5
0.107,2.5309599115196975e-5,1.1516984238432598e-5
0.108,2.6105814269558083e-5,1.1679532883875768e-5
0.109,2.6918336306133592e-5,1.1839620290882487e-5
0.11,2.7747305896583522e-5,1.1997107213390435e-5
0.111,2.859286265194532e-5,1.215185379080912e-5
0.112,2.945514512951569e-5,1.230371958790591e-5
0.113,3.033429084032978e-5,1.2452563634361899e-5
0.114,3.1230436257222165e-5,1.2598244463995847e-5
0.115,3.214371682345447e-5,1.274062015365464e-5
0.116,3.307426696189474e-5,1.2879548361769051e-5
0.117,3.402222008473371e-5,1.3014886366573782e-5
0.118,3.498770860372365e-5,1.3146491103991011e-5
0.119,3.597086394092544e-5,1.3274219205176927e-5
0.12,3.697181653994995e-5,1.3397927033730924e-5
0.121,3.799069587767983e-5,1.3517470722567366e-5
0.122,3.9027630476458324e-5,1.3632706210450054e-5
0.123,4.00827479167316e-5,1.3743489278189674e-5
0.124,4.115617485013163e-5,1.3849675584504791e-5
0.125,4.2248037012986574e-5,1.3951120701547053e-5
0.126,4.335845924024616e-5,1.40476801500915e-5
0.127,4.4487565479809363e-5,1.4139209434393062e-5
0.128,4.563547880724234e-5,1.422556407671045e-5
0.129,4.6802321440874355e-5,1.4306599651498854e-5
0.13,4.7988214757259944e-5,1.4382171819273013e-5
0.131,4.9193279306995584e-5,1.445213636014235e-5
0.132,5.041763483087944e-5,1.4516349207020042e-5
0.133,5.166140027640285e-5,1.4574666478508028e-5
0.134,5.2924693814562447e-5,1.4626944511460089e-5
0.135,5.420763285698206e-5,1.4673039893225283e-5
0.136,5.551033407333359e-5,1.4712809493574127e-5
0.137,5.683291340904633e-5,1.474611049631005e-5
0.138,5.817548610329442e-5,1.477280043056877e-5
0.139,5.95381667072521e-5,1.4792737201808357e-5
0.14,6.092106910260679e-5,1.4805779122492811e-5
0.141,6.232430652032024e-5,1.4811784942472207e-5
0.142,6.374799155962789e-5,1.4810613879062393e-5
0.143,6.519223620726689e-5,1.4802125646827488e-5
0.144,6.665715185692369e-5,1.4786180487068417e-5
0.145,6.814284932889157e-5,1.476263919702084e-5
0.146,6.964943888992941e-5,1.4731363158765938e-5
0.147,7.117703027331256e-5,1.4692214367857574e-5
0.148,7.272573269906711e-5,1.4645055461669452e-5
0.149,7.429565489437912e-5,1.4589749747465945e-5
0.15,7.588690511416999e-5,1.4526161230200367e-5
0.151,7.749959116183008e-5,1.4454154640044511e-5
0.152,7.913382041010198e-5,1.4373595459653366e-5
0.153,8.078969982210574e-5,1.4284349951168962e-5
0.154,8.246733597249785e-5,1.4186285182967359e-5
0.155,8.41668350687565e-5,1.4079269056152902e-5
0.156,8.588830297258521e-5,1.3963170330803844e-5
0.157,8.763184522142744e-5,1.3837858651973533e-5
0.158,8.93975670500848e-5,1.3703204575451437e-5
0.159,9.118557341243155e-5,1.3559079593288263e-5
0.16,9.29959690032183e-5,1.340535615908953e-5
0.161,9.482885827995776e-5,1.324190771308197e-5
0.162,9.668434548488586e-5,1.3068608706957175e-5
0.163,9.856253466699116e-5,1.2885334628496968e-5
0.164,0.00010046352970410617,1.2691962025984974e-5
0.165,0.00010238743432505369,1.2488368532408942e-5
0.166,0.00010433435213184199,1.2274432889458371e-5
0.167,0.00010630438662190241,1.2050034971322043e-5
0.168,0.0001082976412103629,1.1815055808290096e-5
0.169,0.00011031421925235171,1.1569377610165254e-5
0.17,0.00011235422406532482,1.131288378948795e-5
0.171,0.00011441775895141155,1.1045458984579971e-5
0.172,0.00011650492721977203,1.0766989082411407e-5
0.173,0.00011861583220896121,1.0477361241295608e-5
0.174,0.00012075057730929344,1.0176463913416922e-5
0.175,0.00012290926598520214,9.86418686719598e-6
0.176,0.000125092001797589,9.540421209497333e-6
0.177,0.00012729888842615757,9.205059407684226e-6
0.178,0.00012953002969172538,8.857995311525345e-6
0.179,0.00013178552957850994,8.499124174958337e-6
0.18,0.00013406549225638292,8.128342677714966e-6
0.181,0.00013637002210308797,7.745548946812719e-6
0.182,0.00013869922372641656,7.35064257791775e-6
0.183,0.00014105320198633744,6.943524656583962e-6
0.184,0.00014343206201707448,6.52409777937314e-6
0.185,0.00014583590924912833,6.092266074860961e-6
0.186,0.00014826484943123694,5.647935224533757e-6
0.187,0.00015071898865227066,5.1910124835808855e-6
0.188,0.00015319843336305665,4.721406701587587e-6
0.189,0.00015570329039812906,4.239028343133165e-6
0.19,0.0001582336669973993,3.743789508299367e-6
0.191,0.00016078967082774312,3.2356039530938104e-6
0.192,0.0001633714100044994,2.7143871097933026e-6
0.193,0.00016597899311287655,2.1800561072119008e-6
0.194,0.00016861252922926252,1.6325297908985452e-6
0.195,0.00017127212794243376,1.0717287432690977e-6
0.196,0.00017395789937465936,4.975753036776007e-7
0.197,0.00017666995420269617,-9.000641156843072e-8
0.198,0.0001794084036786708,-6.910904892438816e-7
0.199,0.00018217335965084455,-1.3057491992882888e-6
0.2,0.00018496493458425723,-1.934052974929694e-6
0.201,0.00018778324158124604,-2.5760703928453333e-6
0.202,0.00019062839440183577,-3.2318681533544104e-6
0.203,0.00019350050748399598,-3.901511060638225e-6
0.204,0.00019639969596376209,-4.585062002982922e-6
0.205,0.00019932607569521601,-5.28258193304017e-6
0.206,0.00020227976327032287,-5.994129848101068e-6
0.207,0.00020526087603862006,-6.719762770378613e-6
0.208,0.00020826953212675506,-7.45953572729408e-6
0.209,0.00021130585045786817,-8.213501731762659e-6
0.21,0.00021436995077081693,-8.981711762473759e-6
0.211,0.0002174619536392381,-9.764214744161357e-6
0.212,0.00022058198049044426,-1.056105752785983e-5
0.213,0.00022373015362415105,-1.1372284871140703e-5
0.214,0.00022690659623103172,-1.219793941832579e-5
0.215,0.00023011143241109567,-1.3038061680672203e-5
0.216,0.00023334478719188697,-1.3892690016524736e-5
0.217,0.0002366067865465003,-1.4761860611431184e-5
0.218,0.00023989755741140998,-1.5645607458216114e-5
0.219,0.0002432172277041092,-1.6543962337008686e-5
0.22,0.0002465659263405561,-1.7456954795220145e-5
0.221,0.0002499437832524228,-1.838461212746659e-5
0.222,0.0002533509294041448,-1.9326959355432668e-5
0.223,0.00025678749680976674,-2.028401920767193e-5
0.224,0.00026025361854958113,-2.1255812099339465e-5
0.225,0.00026374942878655756,-2.224235611185266e-5
0.226,0.00026727506278255783,-2.324366697247573e-5
0.227,0.000270830656914335,-2.4259758033823922e-5
0.228,0.00027441634868931135,-2.5290640253283113e-5
0.229,0.0002780322767611341,-2.6336322172340733e-5
0.23,0.00028167858094500325,-2.7396809895823844e-5
0.231,0.0002853554022327703,-2.847210707104027e-5
0.232,0.0002890628828078028,-2.9562214866818795e-5
0.233,0.00029280116605961276,-3.066713195244426e-5
0.234,0.0002965703965982446,-3.178685447648375e-5
0.235,0.0003003707202684199,-3.2921376045499676e-5
0.236,0.0003042022841634355,-3.407068770264604e-5
0.237,0.00030806523663881146,-3.523477790614381e-5
0.238,0.0003119597273256853,-3.6413632507631616e-5
0.239,0.0003158859071439502,-3.760723473038791e-5
0.24,0.00031984392831513195,-3.8815565147420805e-5
0.241,0.0003238339443750037,-4.003860165942176e-5
0.242,0.00032785611018593233,-4.12763194725795e-5
0.243,0.0003319105819489557,-4.252869107625031e-5
0.244,0.00033599751721558524,-4.379568622048119e-5
0.245,0.00034011707489933177,-4.5077271893382126e-5
0.246,0.0003442694152869506,-4.6373412298343956e-5
0.247,0.0003484547000494021,-4.768406883109827e-5
0.248,0.0003526730922525254,-4.900920005661579e-5
0.249,0.0003569247563674196,-5.034876168583974e-5
0.25,0.00036120985828053164,-5.170270655225089e-5
0.251,0.0003655285653034451,-5.307098458826065e-5
0.252,0.0003698810461823672,-5.445354280142905e-5
0.253,0.00037426747110731035,-5.585032525050422e-5
0.254,0.00037868801172096477,-5.7261273021279974e-5
0.255,0.000383142841127258,-5.8686324202268466e-5
0.256,0.0003876321338995983,-6.0125413860184503e-5
0.257,0.00039215606608879725,-6.157847401523849e-5
0.258,0.00039671481523066915,-6.304543361623481e-5
0.259,0.0004013085603533021,-6.452621851547264e-5
0.26,0.0004059374819839978,-6.602075144344606e-5
0.261,0.0004106017621558758,-6.752895198334054e-5
0.262,0.0004153015844141387,-6.905073654532283e-5
0.263,0.0004200371338219938,-7.058601834062141e-5
0.264,0.000424808596966228,-7.213470735539446e-5
0.265,0.0004296161619624315,-7.369671032438275e-5
0.266,0.0004344600184598659,-7.527193070434463e-5
0.267,0.0004393403576459738,-7.686026864727017e-5
0.268,0.0004442573722505245,-7.846162097337216e-5
0.269,0.00044921125654939255,-8.007588114385109e-5
0.27,0.0004542022063679647,-8.170293923343144e-5
0.271,0.0004592304190841707,-8.334268190266705e-5
0.272,0.0004642960936311343,-8.499499237001293e-5
0.273,0.0004693994304994396,-8.665975038366089e-5
0.274,0.0004745406317390086,-8.8336832193137e-5
0.275,0.00047971990096058585,-9.002611052065819e-5
0.276,0.000484937443336825,-9.172745453224593e-5
0.277,0.0004901934656029736,-9.344072980859471e-5
0.278,0.0004954881760571512,-9.516579831569297e-5
0.279,0.0005008217845602155,-9.690251837519469e-5
0.28,0.0005061945025352142,-9.865074463453932e-5
0.281,0.0005116065429664139,-0.00010041032803681807
0.282,0.0005170581203979059,-0.00010218111579038469
0.283,0.0005225494509317806,-0.0001039629513382088
0.284,0.0005280807522258674,-0.00010575567432696984
0.285,0.0005336522434910341,-0.00010755912057588999
0.286,0.0005392641454880425,-0.0001093731220453043
0.287,0.0005449166805239532,-0.00011119750680496621
0.288,0.0005506100724480757,-0.0001130320990020871
0.289,0.0005563445466474591,-0.00011487671882910808
0.29,0.0005621203300419166,-0.00011673118249120278
0.291,0.0005679376510785801,-0.00011859530217350938
0.292,0.0005737967397259793,-0.00012046888600809092
0.293,0.0005796978274676387,-0.00012235173804062225
0.294,0.0005856411472951893,-0.00012424365819680254
0.295,0.0005916269337009877,-0.00012614444224849224
0.296,0.0005976554226702368,-0.00012805388177957328
0.297,0.0006037268516726053,-0.0001299717641515314
0.298,0.0006098414596533366,-0.00013189787246875988
0.299,0.0006159994870238441,-0.00013383198554358365
0.3,0.0006222011756517854,-0.00013577387786100286
0.301,0.0006284467688506116,-0.0001377233195431553
0.302,0.0006347365113685829,-0.0001396800763134969
0.303,0.0006410706493772471,-0.00014164390946069976
0.304,0.0006474494304593739,-0.00014361457580226708
0.305,0.0006538731035963382,-0.00014559182764786475
0.306,0.000660341919154948,-0.00014757541276236871
0.307,0.0006668561288737081,-0.00014956507432862867
0.308,0.0006734159858485162,-0.00015156055090994675
0.309,0.0006800217445177828,-0.00015356157641227214
0.31,0.0006866736606469686,-0.00015556788004611062
0.311,0.0006933719913125349,-0.00015757918628814992
0.312,0.0007001169948852973,-0.0001595952148426001
0.313,0.0007069089310131784,-0.00016161568060224987
0.314,0.0007137480606033521,-0.0001636402936092387
0.315,0.0007206346458037722,-0.00016566875901554519
0.316,0.0007275689499840784,-0.00016770077704319217
0.317,0.0007345512377158737,-0.00016973604294416892
0.318,0.0007415817747523652,-0.0001717742469600714
0.319,0.0007486608280073611,-0.00017381507428146077
0.32,0.0007557886655336177,-0.0001758582050069415
0.321,0.0007629655565005277,-0.0001779033141019596
0.322,0.0007701917711711441,-0.00017995007135732205
0.323,0.0007774675808785306,-0.00018199814134743858
0.324,0.000784793258001432,-0.000184047183388287
0.325,0.0007921690759392567,-0.00018609685149510328
0.326,0.0007995953090863645,-0.00018814679433979764
0.327,0.0008070722328056498,-0.00019019665520809856
0.328,0.0008146001234014146,-0.00019224607195642598
0.329,0.0008221792580915227,-0.00019429467696849522
0.33,0.000829809914978826,-0.000196342097111654
0.331,0.0008374923730218576,-0.00019838795369295375
0.332,0.0008452269120047789,-0.00020043186241495807
0.333,0.0008530138125065791,-0.00020247343333128952
0.334,0.0008608533558695109,-0.0002045122708019179
0.335,0.0008687458241667619,-0.0002065479734481917
0.336,0.0008766915001693471,-0.0002085801341076156
0.337,0.0008846906673122171,-0.0002106083397883765
0.338,0.0008927436096595727,-0.00021263217162362076
0.339,0.0009008506118693771,-0.00021465120482548549
0.34,0.0009090119591570569,-0.00021666500863888697
0.341,0.0009172279372583828,-0.00021867314629506914
0.342,0.0009254988323915219,-0.00022067517496491559
0.343,0.0009338249312182514,-0.00022267064571202804
0.344,0.0009422065208043253,-0.00022465910344557529
0.345,0.0009506438885789853,-0.00022664008687291572
0.346,0.0009591373222936048,-0.00022861312845199748
0.347,0.0009676871099794595,-0.0002305777543435402
0.348,0.0009762935399046127,-0.00023253348436300193
0.349,0.0009849569005299064,-0.00023447983193233598
0.35,0.0009936774804640495,-0.00023641630403154154
0.351,0.0010024555684177922,-0.0002383424011500127
0.352,0.001011291453157178,-0.0002402576172376906
0.353,0.0010201854234558611,-0.0002421614396560231
0.354,0.001029137768046485,-0.00024405334912873747
0.355,0.001038148775571102,-0.0002459328196924303
0.356,0.0010472187345306363,-0.00024779931864698086
0.357,0.0010563479332333689,-0.00024965230650579243
0.358,0.001065536659742442,-0.0002514912369458673
0.359,0.0010747852018223687,-0.000253315556757722
0.36,0.001084093846884538,-0.000255124705795147
0.361,0.0010934628819317064,-0.0002569181169248187
0.362,0.001102892593501463,-0.0002586952159757681
0.363,0.0011123832676086594,-0.0002604554216887146
0.364,0.0011219351896867916,-0.00026219814566526907
0.365,0.001131548644528327,-0.0002639227923170154
0.366,0.0011412239162239602,-0.00026562875881447524
0.367,0.0011509612881007902,-0.0002673154350359645
0.368,0.001160761042659409,-0.00026898220351634843
0.369,0.0011706234615098845,-0.0002706284393957022
0.37,0.0011805488253066353,-0.00027225351036788567
0.371,0.0011905374136821775,-0.00027385677662903945
0.372,0.0012005895051797385,-0.0002754375908260103
0.373,0.0012107053771847215,-0.0002769952980047143
0.374,0.0012208853058550144,-0.0002785292355584469
0.375,0.001231129566050126,-0.0002800387331761465
0.376,0.0012414384312591411,-0.00028152311279062335
0.377,0.001251812173527484,-0.00028298168852675966
0.378,0.0012622510633824731,-0.00028441376664969296
0.379,0.001272755369757662,-0.00028581864551299036
0.38,0.0012833253599159487,-0.0002871956155068241
0.381,0.001293961299371445,-0.00028854395900615855
0.382,0.0013046634518100926,-0.0002898629503189584
0.383,0.0013154320790090125,-0.00029115185563442856
0.384,0.001326267440754579,-0.0002924099329712964
0.385,0.001337169794759201,-0.0002936364321261472
0.386,0.001348139396576803,-0.0002948305946218242
0.387,0.001359176499516992,-0.0002959916536559036
0.388,0.0013702813545578931,-0.0002971188340492575
0.389,0.0013814542102576512,-0.00029821135219471555
0.39,0.0013926953126645754,-0.0002992684160058375
0.391,0.0014040049052259213,-0.0003002892248658097
0.392,0.0014153832286952941,-0.0003012729695764771
0.393,0.0014268305210386621,-0.00030221883230752464
0.394,0.0014383470173389662,-0.00030312598654582025
0.395,0.0014499329496993137,-0.00030399359704493336
0.396,0.001461588547144743,-0.0003048208197748426
0.397,0.0014733140355225453,-0.0003056068018718462
0.398,0.0014851096374011328,-0.00030635068158868983
0.399,0.001496975571967437,-0.000307051588244926
0.4,0.0015089120549228272,-0.0003077086421775199
0.401,0.0015209192983775329,-0.00030832095469171696
0.402,0.0015329975107435604,-0.00030888762801218694
0.403,0.0015451468966260875,-0.00030940775523446095
0.404,0.001557367656713323,-0.000309880420276677
0.405,0.0015696599876648216,-0.00031030469783165
0.406,0.001582024081998235,-0.00031067965331928345
0.407,0.0015944601279744906,-0.00031100434283933947
0.408,0.0016069683094813818,-0.0003112778131245841
0.409,0.001619548805915558,-0.00031149910149432577
0.41,0.0016322017920629,-0.0003116672358083646
0.411,0.0016449274379772669,-0.00031178123442137106
0.412,0.0016577259088576017,-0.0003118401061377117
0.413,0.0016705973649233832,-0.0003118428501667421
0.414,0.0016835419612884085,-0.0003117884560785847
0.415,0.0016965598478328933,-0.0003116759037604127
0.416,0.0017096511690738775,-0.0003115041633732586
0.417,0.0017228160640339215,-0.00031127219530936826
0.418,0.0017360546661080798,-0.0003109789501501211
0.419,0.0017493671029291393,-0.0003106233686245373
0.42,0.0017627534962311067,-0.00031020438156839365
0.421,0.001776213961710934,-0.00030972090988396893
0.422,0.0017897486088884664,-0.0003091718645004421
0.423,0.0018033575409646015,-0.0003085561463349651
0.424,0.0018170408546776423,-0.0003078726462544333
0.425,0.0018307986401578363,-0.00030712024503797654
0.426,0.0018446309807800814,-0.00030629781334019513
0.427,0.0018585379530147892,-0.00030540421165516443
0.428,0.0018725196262768908,-0.00030443829028123235
0.429,0.0018865760627729716,-0.00030339888928663524
0.43,0.0019007073173465219,-0.00030228483847595663
0.431,0.001914913437321291,-0.0003010949573574554
0.432,0.0019291944623427303,-0.00029982805511128915
0.433,0.0019435504242175127,-0.0002984829305586592
0.434,0.0019579813467511154,-0.00029705837213190445
0.435,0.001972487245583452,-0.0002955531578455718
0.436,0.001987068128022545,-0.00029396605526849047
0.437,0.0020017239928762165,-0.0002922958214968789
0.438,0.0020164548302817964,-0.00029054120312851353
0.439,0.0020312606215338257,-0.0002887009362379873
0.44,0.002046141338909748,-0.0002867737463530897
0.441,0.0020610969454935707,-0.0002847583484323368
0.442,0.0020761273949974923,-0.0002826534468436824
0.443,0.0020912326315814717,-0.00028045773534444263
0.444,0.002106412589670741,-0.00027816989706246396
0.445,0.0021216671937712346,-0.0002757886044785676
0.446,0.0021369963582829363,-0.00027331251941030367
0.447,0.0021523999873111228,-0.0002707402929970466
0.448,0.002167877974475496,-0.00026807056568646726
0.449,0.002183430202717191,-0.0002653019672224146
0.45,0.0021990565441036523,-0.00026243311663424237
0.451,0.0022147568596313566,-0.0002594626222276159
0.452,0.0022305309990263843,-0.00025638908157683463
0.453,0.0022463788005428185,-0.0002532110815187068
0.454,0.0022623000907589634,-0.0002499271981480131
0.455,0.002278294684371375,-0.00024653599681459683
0.456,0.002294362383986686,-0.00024303603212211868
0.457,0.0023105029799112228,-0.00023942584792851373
0.458,0.0023267162499383976,-0.00023570397734819126
0.459,0.0023430019591338695,-0.0002318689427560158
0.46,0.002359359859618464,-0.0002279192557931101
0.461,0.0023757896903488394,-0.00022385341737452122
0.462,0.0023922911768958933,-0.0002196699176987904
0.463,0.002408864031220897,-0.0002153672362594695
0.464,0.0024255079514493554,-0.00021094384185862595
0.465,0.002442222621642572,-0.00020639819262237996
0.466,0.0024590077115669235,-0.0002017287360185179
0.467,0.002475862876460827,-0.00019693390887622555
0.468,0.002492787756799396,-0.00019201213740798728
0.469,0.0025097819780567723,-0.00018696183723369635
0.47,0.002526845150466139,-0.00018178141340702267
0.471,0.0025439768687773893,-0.00017646926044408541
0.472,0.0025611767120124604,-0.0001710237623544778
0.473,0.0025784442432183166,-0.00016544329267469246
0.474,0.0025957790092175797,-0.00015972621450399652
0.475,0.002613180540356801,-0.00015387088054280592
0.476,0.0026306483502523638,-0.00014787563313360926
0.477,0.002648181935534021,-0.00014173880430449253
0.478,0.002665780775586055,-0.0001354587158153159
0.479,0.0026834443322860573,-0.0001290336792065955
0.48,0.002701172049741329,-0.000122461995851143
0.481,0.0027189633540228883,-0.00011574195700851677
0.482,0.0027368176528970935,-0.00010887184388233953
0.483,0.002754734335554872,-0.00010184992768053725
0.484,0.0027727127723385513,-9.467446967855567e-5
0.485,0.0027907523144662964,-8.73437212856109e-5
0.486,0.002808852293754147,-7.98559241140318e-5
0.487,0.002827012022335657,-7.22093100517521e-5
0.488,0.002845230792379133,-6.44021013380114e-5
0.489,0.0028635078758024717,-5.643251064232473e-5
0.49,0.002881842523985602,-4.829874114678102e-5
0.491,0.0029002339674805244,-3.999898663173202e-5
0.492,0.002918681415718956,-3.153143156493339e-5
0.493,0.0029371840567175823,-2.2894251194201e-5
0.494,0.002955741056780913,-1.4085611643646035e-5
0.495,0.0029743515602017527,-5.103670013553169e-6
0.496,0.002993014688959286,4.053425516032768e-6
0.497,0.0030117295424147796,1.3387535577945753e-5
0.498,0.003030495197004914,2.290052950669623e-5
0.499,0.0030493107059327384,3.259428522335982e-5
0.5,0.0030681750988562698,4.24706891164886e-5
0.501,0.003087087381574729,5.253163591897553e-5
0.502,0.0031060465357124313,6.277902858080194e-5
0.503,0.003125051518400336,7.321477813759698e-5
0.504,0.0031441012619552633,8.384080357493714e-5
0.505,0.003163194673556791,9.465903168831307e-5
0.506,0.003182330634921837,0.00010567139693869021
0.507,0.0032015080019769464,0.00011687984130358839
0.508,0.003220725604528285,0.00012828631412360552
0.509,0.003239982245929362,0.0001398927719443085
0.51,0.0032592767027464884,0.0001517011783534148
0.511,0.003278607724421989,0.00016371350381318606
0.512,0.003297974032935184,0.00017593172548795516
0.513,0.003317374322461152,0.00018835782706670665
0.514,0.003336807259027296,0.00020099379858062966
0.515,0.003356271480167729,0.00021384163621556194
0.516,0.0033757655945754984,0.00022690334211924172
0.517,0.0033952881817526635,0.00024018092420328437
0.518,0.00341483779165826,0.00025367639593979895
0.519,0.0034344129443541586,0.0002673917761525593
0.52,0.003454012129648847,0.00028132908880264284
0.521,0.0034736338067391636,0.0002954903627684505
0.522,0.0034932764038500003,0.00030987763162001835
0.523,0.003512938317872001,0.00032449293338753166
0.524,0.00353261791399729,0.00033933831032395247
0.525,0.003552313525353248,0.0003544158086616669
0.526,0.003572023452634377,0.00036972747836306187
0.527,0.0035917459637322714,0.0003852753728649369
0.528,0.0036114792933637356,0.0004010615488166572
0.529,0.0036312216426970818,0.0004170880658119512
0.53,0.003650971178976637,0.00043335698611425886
0.531,0.0036707260351454937,0.0004498703743755302
0.532,0.0036904843094665496,0.00046663029734837807
0.533,0.0037102440651418643,0.00048363882359148407
0.534,0.0037300033299303777,0.0005008980231681579
0.535,0.0037497600957640304,0.0005184099673379485
0.536,0.003769512318362326,0.0005361767282412037
0.537,0.003789257916845382,0.0005542003785764755
0.538,0.003808994773345508,0.0005724829912706655
0.539,0.0038287207326173677,0.0005910266391418054
0.54,0.003848433601646764,0.000609833394554364
0.541,0.0038681311492580967,0.0006289053290669755
0.542,0.003887811105720552,0.0006482445130724772
0.543,0.003907471162353065,0.0006678530154301472
0.544,0.0039271089711281236,0.0006877329030900322
0.545,0.00394672214427445,0.0007078862407092508
0.546,0.00396630825387864,0.0007283150902601605
0.547,0.003985864831485802,0.0007490215106302721
0.548,0.004005389367699264,0.0007700075572137984
0.549,0.004024879311779412,0.0007912752814947158
0.55,0.004044332071241721,0.0008128267306212262
0.551,0.004063745011454052,0.0008346639469714953
0.552,0.004083115455233267,0.0008567889677105494
0.553,0.004102440682441262,0.0008792038243382092
0.554,0.004121717929580456,0.0009019105422279363
0.555,0.004140944389388834,0.0009249111401564701
0.556,0.004160117210434615,0.0009482076298241298
0.557,0.004179233496710616,0.0009718020153656541
0.558,0.0041982903072284045,0.0009956962928514533
0.559,0.00421728465561231,0.0010198924497791429
0.56,0.0042362135096933925,0.0010443924645552305
0.561,0.004255073791103441,0.0010691983059668247
0.562,0.004273862374869104,0.001094311932643233
0.563,0.00429257608900624,0.0011197352925073156
0.564,0.004311211714114573,0.0011454703222164627
0.565,0.0043297659829727685,0.0011715189465930538
0.566,0.004348235580134009,0.0011978830780442686
0.567,0.004366617141522188,0.0012245646159711058
0.568,0.0043849072540288105,0.0012515654461664738
0.569,0.004403102455110723,0.00127888744020221
0.57,0.00442119923238877,0.0013065324548048862
0.571,0.004439194023247494,0.0013345023312202606
0.572,0.004457083214435992,0.0013627988945662264
0.573,0.004474863141670056,0.001391423953174114
0.574,0.0044925300892357,0.0014203792979181997
0.575,0.004510080289594215,0.0014496667015332706
0.576,0.004527509922988862,0.0014792879179200962
0.577,0.004544815117053355,0.0015092446814386578
0.578,0.004561991946422235,0.001539538706188978
0.579,0.004579036432343306,0.0015701716852794018
0.58,0.004595944542292242,0.0016011452900821712
0.581,0.0046127121895895296,0.0016324611694761356
0.582,0.004629335233019874,0.0016641209490764436
0.583,0.004645809476454232,0.0016961262304510522
0.584,0.004662130668474613,0.0017284785903238962
0.585,0.0046782945020018155,0.0017611795797645552
0.586,0.004694296613926247,0.0017942307233642508
0.587,0.004710132584741998,0.0018276335183980148
0.588,0.004725797938184337,0.0018613894339728568
0.589,0.0047412881408707905,0.0018954999101617673
0.59,0.0047565986019459956,0.0019299663571233816
0.591,0.004771724672730489,0.0019647901542071415
0.592,0.004786661646373628,0.001999972649043774
0.593,0.004801404757510819,0.002035515156620918
0.594,0.004815949181925258,0.002071418958343724
0.595,0.004830290036214365,0.0021076853010802473
0.596,0.004844422377461119,0.002144315396191457
0.597,0.004858341202910504,0.0021813104185456826
0.598,0.004872041449651258,0.0022186715055173127
0.599,0.004885517994303154,0.0022563997559695683
0.6,0.004898765652710034,0.0022944962292211603
0.601,0.0049117791796387915,0.002332961943996647
0.602,0.004924553268484574,0.002371797877360306
0.603,0.0049370825509823975,0.002411004963633326
0.604,0.004949361596925443,0.002450584093294129
0.605,0.004961384913890256,0.002490536111861632
0.606,0.00497314694696911,0.002530861818761253
0.607,0.004984642078509794,0.0025715619661734568
0.608,0.004995864627863065,0.0026126372578646547
0.609,0.005006808851138057,0.0026540883480002495
0.61,0.005017468940965895,0.0026959158399396258
0.611,0.0050278390262718095,0.0027381202850128824
0.612,0.005037913172056027,0.0027807021812790984
0.613,0.005047685379183734,0.0028236619722659326
0.614,0.005057149584184405,0.0028670000456903354
0.615,0.005066299659060799,0.0029107167321601717
0.616,0.005075129411107945,0.0029548123038565365
0.617,0.005083632582742422,0.0029992869731965493
0.618,0.005091802851342271,0.0030441408914764073
0.619,0.005099633829097853,0.0030893741474944817
0.62,0.005107119062874018,0.0031349867661542305
0.621,0.005114252034083906,0.0031809787070467116
0.622,0.005121026158574765,0.00322734986301246
0.623,0.005127434786526116,0.0032741000586825096
0.624,0.005133471202360666,0.003321229048998325
0.625,0.005139128624668335,0.0033687365177104108
0.626,0.005144400206143787,0.003416622075855366
0.627,0.005149279033537871,0.0034648852602111426
0.628,0.005153758127623367,0.00351352553173027
0.629,0.005157830443175467,0.003562542273950807
0.63,0.005161488868967411,0.0036119347913847674
0.631,0.005164726227781711,0.003661702307883786
0.632,0.005167535276437421,0.0037118439649817597
0.633,0.005169908705833902,0.0037623588202142263
0.634,0.005171839141011552,0.003813245845414217
0.635,0.005173319141229986,0.003864503924984326
0.636,0.005174341200064141,0.003916131854144744
0.637,0.005174897745518842,0.003968128337156986
0.638,0.005174981140162303,0.004020491985523048
0.639,0.005174583681279123,0.004073221316159733
0.64,0.005173697601043307,0.004126314749547865
0.641,0.005172315066711857,0.004179770607856119
0.642,0.005170428180839518,0.004233587113039206
0.643,0.005168028981515251,0.0042877623849101034
0.644,0.005165109442621028,0.004342294439186079
0.645,0.00516166147411357,0.004397181185508205
0.646,0.005157676922329644,0.004452420425434081
0.647,0.005153147570315572,0.0045080098504034685
0.648,0.005148065138181609,0.004563947039676557
0.649,0.0051424212834818624,0.004620229458244545
0.65,0.005136207601620453,0.004676854454712249
0.651,0.005129415626284632,0.004733819259152439
0.652,0.0051220368299055765,0.004791120980931583
0.653,0.005114062624147625,0.004848756606506698
0.654,0.005105484360426721,0.004906722997193007
0.655,0.005096293330458848,0.004965016886902056
0.656,0.005086480766839285,0.005023634879850016
0.657,0.005076037843653507,0.005082573448235803
0.658,0.0050649556771205865,0.0051418289298887365
0.659,0.005053225326269996,0.005201397525885377
0.66,0.00504083779365269,0.00526127529813523
0.661,0.005027784026087425,0.00532145816693498
0.662,0.0050140549154432685,0.005381941908490926
0.663,0.004999641299459264,0.005442722152409272
0.664,0.004984533962602298,0.005503794379153944
0.665,0.004968723636964189,0.005565153917471588
0.666,0.004952201003199072,0.005626795941783406
0.667,0.004934956691502196,0.00568871546954349
0.668,0.004916981282631262,0.005750907358563294
0.669,0.004898265308971475,0.0058133663043019295
0.67,0.004878799255645506,0.005876086837121886
0.671,0.004858573561669619,0.0059390633195098765
0.672,0.0048375786211572345,0.0060022899432624335
0.673,0.00481580478457124,0.006065760726635898
0.674,0.004793242360026416,0.00612946951146048
0.675,0.004769881614643368,0.006193409960218012
0.676,0.004745712775955401,0.006257575553083067
0.677,0.0047207260333698405,0.006321959584927086
0.678,0.004694911539685311,0.006386555162285179
0.679,0.004668259412666559,0.006451355200285239
0.68,0.004640759736678457,0.006516352419539058
0.681,0.004612402564380861,0.006581539342995088
0.682,0.004583177918486052,0.006646908292752532
0.683,0.00455307579358056,0.006712451386836427
0.684,0.004522086158013216,0.006778160535933414
0.685,0.004490198955851327,0.006844027440087886
0.686,0.004457404108906947,0.006910043585358194
0.687,0.004423691518835283,0.006976200240432639
0.688,0.004389051069307319,0.007042488453204958
0.689,0.004353472628258829,0.007108899047309035
0.69,0.0043169460502180184,0.0071754226186125794
0.691,0.004279461178714093,0.007242049531669533
0.692,0.004241007848769158,0.007308769916130978
0.693,0.004201575889475887,0.007375573663114338
0.694,0.004161155126663534,0.00744245042153068
0.695,0.004119735385654896,0.007509389594369963
0.696,0.0040773064941169584,0.007576380334944076
0.697,0.004033858285008019,0.007643411543087558
0.698,0.003989380599624214,0.007710471861315909
0.699,0.003943863290748416,0.007777549670941441
0.7,0.0038972962259046307,0.007844633088146634
0.701,0.0038496692907210796,0.00791170996001502
0.702,0.0038009723924052868,0.007978767860519648
0.703,0.0037511954633345887,0.008045794086469221
0.704,0.003700328464765608,0.008112775653412055
0.705,0.0036483613906663427,0.008179699291498047
0.706,0.003595284271674653,0.008246551441298905
0.707,0.003541087179187049,0.008313318249586948
0.708,0.003485760229581819,0.008379985565072837
0.709,0.003429293588580662,0.008446538934102694
0.71,0.003371677475753146,0.008512963596315103
0.711,0.0033129021691684357,0.008579244480258591
0.712,0.0032529580101988993,0.008645366198970274
0.713,0.0031918354084803477,0.008711313045516426
0.714,0.0031295248470338192,0.00877706898849583
0.715,0.0030660168875539812,0.008842617667506906
0.716,0.0030013021758693976,0.008907942388579667
0.717,0.002935371447580064,0.008973026119573737
0.718,0.002868215533877815,0.009037851485543725
0.719,0.002799825367555354,0.009102400764073473
0.72,0.0027301919892098814,0.00916665588058075
0.721,0.002659306553647456,0.009230598403594173
0.722,0.002587160336494434,0.009294209540004338
0.723,0.002513744741022528,0.009357470130291198
0.724,0.0024390513051942408,0.009420360643730087
0.725,0.0023630717089356164,0.00948286117357884
0.726,0.0022857977816434947,0.009544951432248754
0.727,0.002207221509934651,0.009606610746462367
0.728,0.002127335045644433,0.009667818052401229
0.729,0.002046130714082739,0.009728551890847143
0.73,0.0019636010225554065,0.00978879040232063
0.731,0.001879738669159313,0.009848511322220617
0.732,0.001794536551859732,0.009907691975969716
0.733,0.001707987777858733,0.009966309274169782
0.734,0.0016200856732636437,0.010024339707772742
0.735,0.0015308237930648535,0.010081759343272129
0.736,0.0014401959314324715,0.01013854381792109
0.737,0.001348196132341613,0.010194668334983104
0.738,0.0012548187005363245,0.010250107659022031
0.739,0.0011600582128424195,0.01030483611123865
0.74,0.0010639095298397322,0.010358827564861277
0.741,0.0009663678079045549,0.010412055440598615
0.742,0.0008674285116332562,0.010464492702163514
0.743,0.000767087426658331,0.01051611185187694
0.744,0.000665340672868354,0.010566884926362026
0.745,0.0005621847180435503,0.010616783492338744
0.746,0.000457616391918911,0.010665778642530443
0.747,0.00035163290068699845,0.01071384099169418
0.748,0.00024423184195278774,0.010760940672787569
0.749,0.00013541122015308329,0.010807047333285635
0.75,2.516946245322437e-5,0.01085213013166205
0.751,-8.649456486604274e-5,0.010896157734049953
0.752,-0.00019958153951850761,0.010939098311098544
0.753,-0.0003140916658061112,0.010980919535042587
0.754,-0.00043002465668299286,0.011021588577002951
0.755,-0.0005473797152766545,0.011061072104537484
0.756,-0.0006661555158528818,0.01109933627946253
0.757,-0.0007863501842110524,0.01113634675596666
0.758,-0.0009079612774964804,0.011172068679039363
0.759,-0.0010309857634165124,0.011206466683238802
0.76,-0.001155419998847195,0.011239504891823982
0.761,-0.0012812597078174855,0.01127114691627819
0.762,-0.001408499958858185,0.011301355856251971
0.763,-0.0015371351417030356,0.011330094299955452
0.764,-0.0016671589433297444,0.011357324325031375
0.765,-0.0017985643233290954,0.011383007499941951
0.766,-0.0019313434885907725,0.011407104885904233
0.767,-0.002065487867295061,0.011429577039410615
0.768,-0.0022009880822002324,0.011450384015372808
0.769,-0.0023378339232161434,0.011469485370929629
0.77,-0.002476014319255394,0.01148684016996088
0.771,-0.00261551730935435,0.011502406988351635
0.772,-0.0027563300130573586,0.011516143920053389
0.773,-0.0028984386000586947,0.01152800858399065
0.774,-0.003041828259098058,0.0115379581318638
0.775,-0.003186483166106926,0.011545949256901352
0.776,-0.0033323864516046626,0.011551938203617027
0.777,-0.0034795201673450695,0.011555880778629525
0.778,-0.0036278652522160094,0.011557732362605225
0.779,-0.0037774014973968907,0.011557447923386602
0.78,-0.003928107510781112,0.011554982030371625
0.781,-0.0040799606806731495,0.011550288870211926
0.782,-0.004232937138772719,0.011543322263900145
0.783,-0.004387011722461459,0.011534035685319386
0.784,-0.004542157936410858,0.011522382281330332
0.785,-0.004698347913533648,0.011508314893474092
0.786,-0.004855552375304702,0.011491786081371465
0.787,-0.005013740591481564,0.011472748147901753
0.788,-0.005172880339259121,0.01145115316624675
0.789,-0.0053329378618976655,0.01142695300888794
0.79,-0.005493877826868601,0.01140009937864718
0.791,-0.005655663283567491,0.011370543841863413
0.792,-0.005818255620649849,0.011338237863799954
0.793,-0.005981614523051212,0.011303132846378863
0.794,-0.006145697928759564,0.011265180168340553
0.795,-0.006310461985415033,0.011224331227928383
0.796,-0.006475861006819136,0.01118053748819919
0.797,-0.006641847429443539,0.011133750525061705
0.798,-0.0068083717690364635,0.01108392207814548
0.799,-0.0069753825774334175,0.011031004104603248
0.8,-0.0071428263996879664,0.010974948835949584
0.801,-0.007310647731647668,0.010915708838038106
0.802,-0.007478788978110186,0.010853237074278588
0.803,-0.0076471904117048975,0.01078748697219364
0.804,-0.007815790132656018,0.010718412493412545
0.805,-0.007984524029594417,0.010645968207196982
0.806,-0.008153325741596834,0.010570109367589887
0.807,-0.008322126621643071,0.01049079199427435
0.808,-0.008490855701694059,0.0104079729572244
0.809,-0.008659439659606218,0.010321610065223408
0.81,-0.008827802788110413,0.010231662158318947
0.811,-0.008995866966096912,0.010138089204274817
0.812,-0.009163551632461062,0.010040852399071883
0.813,-0.009330773762777772,0.009939914271499024
0.814,-0.009497447849086441,0.009835238791863916
0.815,-0.009663485883081411,0.00972679148484053
0.816,-0.009828797343016425,0.009614539546455915
0.817,-0.009993289184644762,0.009498451965203124
0.818,-0.010156865836529624,0.009378499647249912
0.819,-0.010319429200071837,0.009254655545693987
0.82,-0.01048087865461391,0.00912689479379512
0.821,-0.010641111067990724,0.008995194842092316
0.822,-0.010800020812907653,0.00885953559929033
0.823,-0.010957499789536331,0.008719899576774185
0.824,-0.011113437454726625,0.008576272036582943
0.825,-0.011267720858240345,0.008428641142644735
0.826,-0.01142023468641765,0.008276998115044102
0.827,-0.011570861313690794,0.008121337387059833
0.828,-0.011719480862361593,0.007961656764677102
0.829,-0.011865971271058538,0.0077979575882413535
0.83,-0.01201020837228659,0.007630244895883744
0.831,-0.012152065979477131,0.007458527588308541
0.832,-0.012291415983937173,0.007282818594492238
0.833,-0.012428128462085231,0.007103135037802266
0.834,-0.012562071793346341,0.0069194984020002
0.835,-0.012693112789060022,0.0067319346965506194
0.836,-0.012821116832732467,0.006540474620612399
0.837,-0.012945948031937589,0.006345153725044579
0.838,-0.013067469382140547,0.006146012571714269
0.839,-0.013185542942681894,0.005943096889349802
0.84,-0.013300030025120193,0.0057364577251387446
0.841,-0.013410791394085827,0.00552615159122804
0.842,-0.01351768748074865,0.005312240605242768
0.843,-0.013620578608946837,0.0050947926239013645
0.844,-0.013719325233963946,0.004873881368769122
0.845,-0.013813788193875739,0.004649586543159002
0.846,-0.013903828973317628,0.004421993939159668
0.847,-0.013989309979448085,0.004191195533746042
0.848,-0.014070094829802916,0.003957289572907918
0.849,-0.014146048651650301,0.003720380642718155
0.85,-0.01421703839236727,0.003480579726254113
0.851,-0.014282933140265108,0.003238004245285121
0.852,-0.014343604455194675,0.0029927780856453335
0.853,-0.014398926708163126,0.0027450316052260964
0.854,-0.014448777429091947,0.0024949016235453515
0.855,-0.014493037661742965,0.0022425313918842953
0.856,-0.014531592324735184,0.001988070543023895
0.857,-0.014564330577471519,0.0017316750196663836
0.858,-0.014591146189691968,0.0014735069806898898
0.859,-0.014611937913269339,0.0012137346844581104
0.86,-0.0146266098547665,0.0009525323484915897
0.861,-0.01463507184718145,0.0006900799849027865
0.862,-0.014637239819219402,0.00042656321110359123
0.863,-0.014633036160350894,0.00016217303541110742
0.864,-0.014622390079842876,-0.0001028943826950183
0.865,-0.014605237957887058,-0.00036843799777313207
0.866,-0.014581523686897758,-0.0006342521690409172
0.867,-0.014551199001011341,-0.000900126976225644
0.868,-0.014514223791792173,-0.0011658485602891715
0.869,-0.014470566408136983,-0.0014311994885050122
0.87,-0.014420203938371574,-0.0016959591431912214
0.871,-0.014363122472551861,-0.001959904133225738
0.872,-0.014299317343015983,-0.0022228087272916264
0.873,-0.014228793341286267,-0.0024844453076201312
0.874,-0.014151564909489604,-0.00274458484282134
0.875,-0.014067656304552433,-0.0030029973782174247
0.876,-0.013977101733532149,-0.003259452541923819
0.877,-0.013879945458569987,-0.003513720064761264
0.878,-0.013776241870090987,-0.0037655703119284065
0.879,-0.013666055527033632,-0.004014774824222496
0.88,-0.0135494611630645,-0.004261106866466663
0.881,-0.013426543657920304,-0.004504341980688027
0.882,-0.013297397973219932,-0.004744258541493316
0.883,-0.013162129052300615,-0.004980638311009211
0.884,-0.013020851683853595,-0.005213266990694847
0.885,-0.012873690329363457,-0.0054419347672948135
0.886,-0.012720778914589469,-0.0056664368501838066
0.887,-0.012562260585564719,-0.005886573997359292
0.888,-0.012398287429826816,-0.0061021530273668405
0.889,-0.012229020163830382,-0.006312987314494178
0.89,-0.012054627787723583,-0.006518897264644513
0.891,-0.01187528720889638,-0.006719710769396833
0.892,-0.011691182835924347,-0.006915263635879962
0.893,-0.01150250614473653,-0.0071053999902272935
0.894,-0.011309455219026704,-0.007289972652538858
0.895,-0.01111223426710228,-0.007468843481455383
0.896,-0.010911053117522286,-0.007641883686643339
0.897,-0.01070612669601358,-0.007808974107698749
0.898,-0.010497674486271116,-0.00797000545819854
0.899,-0.010285919977342888,-0.008124878533859119
0.9,-0.010071090100371823,-0.008273504384000211
0.901,-0.009853414657515111,-0.008415804445755333
0.902,-0.00963312574588579,-0.008551710640715872
0.903,-0.009410457179361955,-0.008681165433941262
0.904,-0.009185643911085973,-0.008804121855510463
0.905,-0.008958921459430272,-0.008920543485027466
0.906,-0.008730525340138415,-0.009030404399723637
0.907,-0.008500690507261531,-0.009133689087019947
0.908,-0.008269650805401929,-0.009230392322620757
0.909,-0.008037638435649766,-0.009320519015405723
0.91,-0.007804883437456359,-0.009404084020566257
0.911,-0.007571613188531342,-0.009481111922596179
0.912,-0.007338051924682197,-0.009551636789891748
0.913,-0.007104420281335915,-0.009615701902843306
0.914,-0.006870934858295747,-0.00967335945740862
0.915,-0.0066378078090934016,-0.009724670246246335
0.916,-0.006405246456100678,-0.00976970331955676
0.917,-0.006173452932366572,-0.009808535627826435
0.918,-0.005942623850948249,-0.009841251648703083
0.919,-0.005712950002308932,-0.009867943000239247
0.92,-0.005484616080164446,-0.00988870804273665
0.921,-0.005257800435974498,-0.0099036514714004
0.922,-0.0050326748620963205,-0.009912883901973335
0.923,-0.004809404403448266,-0.009916521451467448
0.924,-0.004588147197370564,-0.009914685316042665
0.925,-0.004369054341220613,-0.009907501348004737
0.926,-0.004152269787101708,-0.009895099633804836
0.927,-0.003937930262997597,-0.00987761407482542
0.928,-0.0037261652194711223,-0.009855181972631114
0.929,-0.0035170968009837224,-0.009827943620251486
0.93,-0.0033108398408038483,-0.009796041900945907
0.931,-0.0031075018783963356,-0.00975962189578061
0.932,-0.002907183198121297,-0.009718830501225878
0.933,-0.002709976888019851,-0.009673816057858177
0.934,-0.002515968917424605,-0.009624727991129258
0.935,-0.002325238232104722,-0.00957171646504271
0.936,-0.0021378568656380634,-0.00951493204945911
0.937,-0.001953890065695673,-0.009454525401634845
0.938,-0.0017733964339260338,-0.009390646962487214
0.939,-0.0015964280781373705,-0.009323446667970735
0.94,-0.001423030775495008,-0.009253073675846686
0.941,-0.0012532441454766678,-0.009179676108030702
0.942,-0.0010871018313607964,-0.009103400808611816
0.943,-0.0009246316890608162,-0.009024393117551023
0.944,-0.0007658559821607728,-0.008942796659988466
0.945,-0.0006107915820545394,-0.008858753151015747
0.946,-0.0004594501721407633,-0.008772402215703766
0.947,-0.00031183845507846687,-0.008683881224116716
0.948,-0.00016795836216297957,-0.008593325140989526
0.949,-2.7807263938100234e-5,-0.008500866389698778
0.95,0.00010862181878249752,-0.008406634730115922
0.951,0.00024134000425409872,-0.008310757149896255
0.952,0.0003703623402120733,-0.00821335776872709
0.953,0.0004957075960104108,-0.008114557755034042
0.954,0.000617398057086704,-0.008014475254624539
0.955,0.0007354593222977347,-0.007913225330732705
0.956,0.0008499201046164017,-0.007810919914918949
0.957,0.0009608120356290257,-0.0077076677682709595
0.958,0.001068169474222285,-0.007603574452349638
0.959,0.0011720293198013278,-0.007498742309323888
0.96,0.0012724308303351144,-0.007393270450741434
0.961,0.001369415445481866,-0.007287254754388916
0.962,0.001463026615006688,-0.007180787868702924
0.963,0.0015533096326650643,-0.00707395922420427
0.964,0.0016403114756899791,-0.006966855051440181
0.965,0.00172408064998693,-0.006859558404933173
0.966,0.0018046670411100097,-0.006752149192650697
0.967,0.0018821217710635462,-0.006644704210526189
0.968,0.0019564970609474036,-0.006537297181579521
0.969,0.0020278460994399483,-0.0064299987992029566
0.97,0.0020962229170907567,-0.006322876774197363
0.971,0.002161682266375319,-0.006215995885162378
0.972,0.002224279507446201,-0.006109418031863455
0.973,0.002284070499499227,-0.006003202291217956
0.974,0.0023411114976592067,-0.005897404975561671
0.975,0.0023954590552773686,-0.005792079692876199
0.976,0.002447169931521961,-0.005687277408676445
0.977,0.002496301004134277,-0.005583046509275927
0.978,0.002542909187214569,-0.005479432866165672
0.979,0.0025870513538958726,-0.005376479901260066
0.98,0.002628784263758493,-0.005274228652780107
0.981,0.0026681644948338074,-0.005172717841561032
0.982,0.002705248380042946,-0.005071983937587221
0.983,0.002740091947913763,-0.0049720612265725835
0.984,0.0027727508674182505,-0.004872981876419339
0.985,0.002803280396772029,-0.004774776003402103
0.986,0.00283173533603776,-0.004677471737937594
0.987,0.00285816998337516,-0.004581095289812974
0.988,0.002882638094781684,-0.004485671012757919
0.989,0.0029051928471698404,-0.004391221468256913
0.99,0.0029258868046294286,-0.004297767488509059
0.991,0.002944771887725703,-0.0042053282384528325
0.992,0.0029618993456875004,-0.004113921276782739
0.993,0.0029773197313426895,-0.004023562615893789
0.994,0.002991082878661859,-0.003934266780698073
0.995,0.0030032378827749163,-0.0038460468662654813
0.996,0.0030138330823291652,-0.00375891459424795
0.997,0.003022916044061482,-0.0036728803680532813
0.998,0.0030305335494613234,-0.003587953326740917
0.999,0.003036731583405497,-0.003504141397617767
1.0,0.003041555324649858,-0.003421451347517559
1.001,0.0030450491380673355,-0.0033398888327520575
1.002,0.0030472565685259515,-0.003259458447727014
1.003,0.003048220336304702,-0.003180163772219792
1.004,0.0030479823339493667,-0.003102007417319394
1.005,0.0030465836244744507,-0.0030249910700329797
1.006,0.0030440644408215203,-0.002949115536566087
1.007,0.003040464186488206,-0.0028743807842865096
1.008,0.003035821437246055,-0.002800785982384306
1.009,0.0030301739438692403,-0.0027283295412426317
1.01,0.0030235586357998554,-0.0026570091505360716
1.011,0.0030160116256791685,-0.002586821816074899
1.012,0.0030075682146777044,-0.002517763895415232
1.013,0.0029982628985604537,-0.002449831132256382
1.014,0.0029881293744268033,-0.00238301868964786
1.015,0.0029772005480679627,-0.0023173211820294738
1.016,0.0029655085418877473,-0.0022527327061287843
1.017,0.00295308470333553,-0.0021892468707408676
1.018,0.002939959613803023,-0.002126856825415877
1.019,0.002926163097939288,-0.002065555288080324
1.02,0.002911724233340992,-0.002005334571618319
1.021,0.0028966713605774455,-0.0019461866094392173
1.022,0.002881032093512355,-0.0018881029800582377
1.023,0.0028648333298865376,-0.0018310749307166696
1.024,0.002848101262128023,-0.0017750934000682283
1.025,0.002830861388358079,-0.0017201490399580254
1.026,0.002813138523563686,-0.001666232236320447
1.027,0.002794956810908895,-0.001613333129222009
1.028,0.002776339733159301,-0.0015614416320749907
1.029,0.0027573101241955993,-0.0015105474500473326
1.03,0.002737890180593817,-0.0014606400976939246
1.031,0.0027181014732513636,-0.0014117089158340384
1.032,0.0026979649590395177,-0.0013637430876992278
1.033,0.0026775009924643535,-0.0013167316543755952
1.034,0.0026567293373194424,-0.0012706635295638496
1.035,0.0026356691783148934,-0.0012255275136801142
1.036,0.0026143391326684945,-0.00118131230731994
1.037,0.002592757261645816,-0.0011380065241074838
1.038,0.002570941082037197,-0.0010955987029512926
1.039,0.002548907577560521,-0.0010540773197276162
1.04,0.002526673210179624,-0.0010134307984116472
1.041,0.0025042539313290583,-0.0009736475216765587
1.042,0.0024816651930367616,-0.0009347158409796814
1.043,0.0024589219589369548,-0.0008966240861546382
1.044,0.0024360387151663295,-0.0008593605745277225
1.045,0.002413029481137271,-0.0008229136195762934
1.046,0.0023899078201824993,-0.0007872715391464347
1.047,0.002366686850066119,-0.0007524226632466199
1.048,0.0023433792533566395,-0.000718355341433616
1.049,0.002319997287658039,-0.0006850579498063622
1.05,0.002296552795695455,-0.0006525188976230694
1.051,0.002273057215252537,-0.000620726633556304
1.052,0.0022495215889579315,-0.0005896696516003442
1.053,0.002225956573918766,-0.0005593364966446397
1.054,0.002202372451199378,-0.0005297157697267421
1.055,0.002178779135143871,-0.0005007961329776378
1.056,0.0021551861825414237,-0.00047256631427197444
1.057,0.0021316028016335514,-0.00044501511159525403
1.058,0.0021080378609628163,-0.00041813139713964525
1.059,0.002084499898062731,-0.00039190412113967186
1.06,0.0020609971279888432,-0.0003663223154586366
1.061,0.0020375374516912,-0.00034137509693626017
1.062,0.0020141284642285987,-0.0003170516705076428
1.063,0.0019907774628252187,-0.00029334133210329584
1.064,0.001967491454770394,-0.00027023347133963907
1.065,0.001944277165162443,-0.0002477175740090197
1.066,0.0019211410444976195,-0.00022578322437797872
1.067,0.0018980892761053757,-0.00020442010730217116
1.068,0.0018751277834312481,-0.00018361801016603363
1.069,0.0018522622371687815,-0.00016336682465499565
1.07,0.0018294980622420088,-0.00014365654836773713
1.071,0.0018068404446400883,-0.00012447728627571427
1.072,0.0017842943381057785,-0.00010581925203690256
1.073,0.001761864470679503,-8.767276917044282e-5
1.074,0.0017395553511008169,-7.002827209862003e-5
1.075,0.0017173712750691442,-5.287630706235952e-5
1.076,0.0016953163313657023,-3.620753291618583e-5
1.077,0.00167339440783857,-2.0012721808360445e-5
1.078,0.0016516091972528912,-4.28275975169188e-6
1.079,0.001629964203008243,1.0991352909702569e-5
1.08,0.0016084627447252079,2.5818501132611115e-5
1.081,0.0015871079637032265,4.0207454901045275e-5
1.082,0.0015659028282518108,5.416686904198119e-5
1.083,0.0015448501388972127,6.770528312603041e-5
1.084,0.0015239525334666583,8.083112144872517e-5
1.085,0.0015032124920522463,9.355269308827597e-5
1.086,0.0014826323418566285,0.0001058781920358257
1.087,0.0014622142619225766,0.00011781569739438508
1.088,0.0014419602877485378,0.00012937317364278872
1.089,0.0014218723157922752,0.0001405584709611601
1.09,0.0014019521078646826,0.00015137932561451695
1.091,0.0013822012954158467,0.00016184336039128737
1.092,0.0013626213837154171,0.00017195808509363913
1.093,0.0013432137559293356,0.00018173089707665304
1.094,0.0013239796770949496,0.00019116908183349526
1.095,0.0013049202979965265,0.00020027981362386076
1.096,0.001286036658943158,0.0002090701561430755
1.097,0.0012673296934510268,0.00021754706322935414
1.098,0.0012488002318319894,0.0002257173796068161
1.099,0.0012304490046903956,0.0002335878416619644
1.1,0.0012122766463300587,0.00024116507825142988
1.101,0.0011942836980732448,0.0002484556115388767
1.102,0.0011764706114935474,0.0002554658578590567
1.103,0.0011588377515644695,0.0002622021286070862
1.104,0.0011413853997255202,0.00026867063115110326
1.105,0.0011241137568676041,0.0002748774697665434
1.106,0.0011070229462394532,0.00028082864659034935
1.107,0.0010901130162768245,0.00028653006259350504
1.108,0.0010733839433561656,0.00029198751857035485
1.109,0.0010568356344744108,0.0002972067161432385
1.11,0.0010404679298565568,0.0003021932587810378
1.111,0.00102428060549263,0.0003069526528302948
1.112,0.001008273375605633,0.00031149030855762166
1.113,0.0009924458950520327,0.00031581154120218207
1.114,0.0009767977616563213,0.00031992157203707903
1.115,0.0009613285184811559,0.00032382552943853877
1.116,0.000946037656034557,0.0003275284499618323
1.117,0.0009309246144156149,0.0003310352794229259
1.118,0.000915988785400131,0.0003343508739849
1.119,0.0009012295144675911,0.0003374800012482208
1.12,0.0008866461027708418,0.00034042734134399547
1.121,0.0008722378090498165,0.0003431974880293816
1.122,0.0008580038514906295,0.00034579494978436413
1.123,0.0008439434095313326,0.00034822415090915085
1.124,0.0008300556256156021,0.00035048943262147624
1.125,0.0008163396068955995,0.00035259505415313855
1.126,0.0008027944268852243,0.00035454519384513
1.127,0.0007894191270649523,0.0003563439502407526
1.128,0.0007762127184394296,0.0003579953431761451
1.129,0.0007631741830489678,0.00035950331486767604
1.13,0.0007503024754360624,0.0003608717309956873
1.131,0.0007375965240680324,0.0003621043817841008
1.132,0.0007250552327168598,0.0003632049830754289
1.133,0.0007126774817972793,0.000364177177400753
1.134,0.0007004621296641511,0.0003650245350442608
1.135,0.0006884080138701269,0.00036575055510195683
1.136,0.0006765139523845958,0.00036635866653418305
1.137,0.0006647787447748763,0.00036685222921160687
1.138,0.0006532011733506031,0.0003672345349543587
1.139,0.0006417800042722317,0.0003675088085640161
1.14,0.0006305139886245662,0.00036767820884815516
1.141,0.000619401863456199,0.0003677458296372057
1.142,0.0006084423527857244,0.0003677147007933654
1.143,0.0005976341685755773,0.00036758778921134445
1.144,0.0005869760116743222,0.000367367999810729
1.145,0.0005764665727282057,0.00036705817651976665
1.146,0.0005661045330627618,0.00036666110325039224
1.147,0.000555888565535247,0.0003661795048643264
1.148,0.0005458173353586602,0.0003656160481300928
1.149,0.0005358895008980881,0.0003649733426708133
1.15,0.0005261037144401002,0.0003642539419026517
1.151,0.0005164586229358995,0.0003634603439637902
1.152,0.0005069528687189191,0.00036259499263383216
1.153,0.000497585090197542,0.0003616602782435372
1.154,0.0004883539225236003,0.00036065853857480403
1.155,0.0004792579982373024,0.0003595920597508269
1.156,0.00047029594788921414,0.00035846307711635963
1.157,0.00046146640063991095,0.0003572737761080329
1.158,0.00045276798483790185,0.0003560262931146757
1.159,0.0004441993285764111,0.00035472271632760316
1.16,0.00043575906022959163,0.0003533650865808377
1.161,0.0004274458089687298,0.0003519553981812413
1.162,0.00041925820525898807,0.0003504955997285403
1.163,0.00041119488133721917,0.000348987594925234
1.164,0.00040325447167137353,0.00034743324337638195
1.165,0.0003954356134020087,0.00034583436137927334
1.166,0.0003877369467663969,0.000344192722702986
1.167,0.0003801571155057173,0.000342510059357849
1.168,0.0003726947672558046,0.00034078806235482775
1.169,0.00036534855392191743,0.00033902838245485474
1.17,0.0003581171320379772,0.00033723263090813593
1.171,0.00035099916311071743,0.0003354023801834643
1.172,0.00034399331394917353,0.00033353916468757883
1.173,0.0003370982569799321,0.00033164448147460966
1.174,0.00033031267054854874,0.0003297197909456552
1.175,0.00032363523920753357,0.0003277665175385384
1.176,0.000317064653991294,0.0003257860504077962
1.177,0.0003105996126784146,0.0003237797440949554
1.178,0.0003042388200416448,0.0003217489191891542
1.179,0.000297980988085955,0.0003196948629781707
1.18,0.00029182483627501553,0.0003176188300899207
1.181,0.00028576909174644037,0.00031552204312449263
1.182,0.0002798124895161325,0.00031340569327678635
1.183,0.00027395377267205704,0.00031127094094982814
1.184,0.0002681916925577613,0.00030911891635883304
1.185,0.0002625250089459532,0.0003069507201260905
1.186,0.00025695249020244034,0.0003047674238667481
1.187,0.00025147291344072603,0.00030257007076557314
1.188,0.00024608506466754996,0.0003003596761447701
1.189,0.00024078773891965467,0.00029813722802293535
1.19,0.00023557974039205122,0.0002959036876652314
1.191,0.0002304598825580511,0.000293659990124864
1.192,0.0002254269882813243,0.00029140704477594633
1.193,0.00022047988992023666,0.0002891457358378358
1.194,0.00021561742942471406,0.00028687692289102937
1.195,0.00021083845842587295,0.0002846014413847051
1.196,0.00020614183831865252,0.0002823201031359973
1.197,0.00020152644033767612,0.00028003369682109346
1.198,0.00019699114562656453,0.000277742988458242
1.199,0.00019253484530091784,0.0002754487218827611
1.2,0.00018815644050517648,0.0002731516192141366
1.201,0.00018385484246356704,0.0002708523813153006
1.202,0.00017962897252533303,0.00026855168824418117
1.203,0.00017547776220444485,0.00026625019969761206
1.204,0.00017140015321397928,0.0002639485554476954
1.205,0.00016739509749535232,0.00026164737577070654
1.206,0.00016346155724258568,0.0002593472618686323
1.207,0.0001595985049217815,0.00025704879628343395
1.208,0.00015580492328597534,0.0002547525433041249
1.209,0.00015207980538553363,0.0002524590493667541
1.21,0.00014842215457425606,0.0002501688434473855
1.211,0.00014483098451134027,0.00024788243744816406
1.212,0.000141305319159361,0.0002456003265765577
1.213,0.00013784419277841243,0.00024332298971786558
1.214,0.00013444664991655764,0.00024105088980108172
1.215,0.00013111174539672603,0.0002387844741582028
1.216,0.00012783854430019489,0.00023652417487706931
1.217,0.00012462612194678781,0.000234270409147828
1.218,0.00012147356387191922,0.00023202357960310296
1.219,0.00011837996580061042,0.0002297840746519637
1.22,0.0001153444336185989,0.00022755226880777566
1.221,0.00011236608334065954,0.0002253285230100206
1.222,0.00010944404107625305,0.000223113184940172
1.223,0.00010657744299261323,0.00022090658933171043
1.224,0.00010376543527538199,0.00021870905827436405
1.225,0.00010100717408689768,0.00021652090151265765
1.226,9.830182552223932e-5,0.00021434241673885367
1.227,9.564856556312632e-5,0.0002121738898803682
1.228,9.304658002977055e-5,0.00021001559538174315
1.229,9.049506453077452e-5,0.00020786779648125699
1.23,8.799322441116692e-5,0.00020573074548225375
1.231,8.554027469866415e-5,0.00020360468401927064
1.232,8.31354400482435e-5,0.00020148984331904365
1.233,8.077795468511154e-5,0.0001993864444564691
1.234,7.846706234614839e-5,0.00019729469860559957
1.235,7.620201621990651e-5,0.00019521480728575051
1.236,7.398207888523986e-5,0.00019314696260279445
1.237,7.180652224863751e-5,0.00019109134748571783
1.238,6.967462748033283e-5,0.0001890481359185153
1.239,6.7585684949258e-5,0.00018701749316749584
1.24,6.553899415691072e-5,0.0001849995760040732
1.241,6.353386367019857e-5,0.00018299453292311361
1.242,6.15696110533237e-5,0.0001810025043569122
1.243,5.964556279876942e-5,0.000179023622884869
1.244,5.776105425744767e-5,0.00017705801343893436
1.245,5.59154295680645e-5,0.00017510579350489346
1.246,5.410804158575955e-5,0.00017316707331955795
1.247,5.233825181007276e-5,0.0001712419560639325
1.248,5.0605430312290514e-5,0.00016933053805242348
1.249,4.8908955662221545e-5,0.000167432908918155
1.25,4.7248214854451076e-5,0.00016554915179445867
1.251,4.56226032341204e-5,0.00016367934349260054
1.252,4.403152442227724e-5,0.00016182355467580955
1.253,4.247439024084096e-5,0.00015998185002967012
1.254,4.0950620637224955e-5,0.00015815428842894105
1.255,3.9459643608657407e-5,0.00015634092310086182
1.256,3.800089512623993e-5,0.00015454180178500727
1.257,3.657381905878235e-5,0.0001527569668897498
1.258,3.517786709645063e-5,0.00015098645564538848
1.259,3.381249867426345e-5,0.000149230300254003
1.26,3.2477180895471976e-5,0.0001474885280360902
1.261,3.117138845485575e-5,0.00014576116157403898
1.262,2.989460356196683e-5,0.00014404821885250063
1.263,2.8646315864352892e-5,0.00014234971339570864
1.264,2.7426022370788894e-5,0.00014066565440180282
1.265,2.6233227374545977e-5,0.00013899604687421128
1.266,2.5067442376724993e-5,0.00013734089175014292
1.267,2.3928186009681127e-5,0.0001357001860262427
1.268,2.281498396056508e-5,0.00013407392288146096
1.269,2.1727368895005228e-5,0.00013246209179718736
1.27,2.0664880380954235e-5,0.0001308646786746993
1.271,1.9627064812722755e-5,0.00012928166594997428
1.272,1.8613475335221782e-5,0.0001277130327059142
1.273,1.762367176843453e-5,0.0001261587547820296
1.274,1.6657220532137666e-5,0.0001246188048816308
1.275,1.57136945708911e-5,0.00012309315267657243
1.276,1.4792673279314521e-5,0.00012158176490959671
1.277,1.3893742427668274e-5,0.00012008460549432055
1.278,1.3016494087755254e-5,0.00011860163561291092
1.279,1.2160526559159875e-5,0.0001171328138114918
1.28,1.1325444295839368e-5,0.00011567809609332587
1.281,1.0510857833082037e-5,0.00011423743600981302
1.282,9.71638371484635e-6,0.00011281078474934758
1.283,8.941644421494162e-6,0.00011139809122407482
1.284,8.186268297930672e-6,0.00010999930215458761
1.285,7.449889482163117e-6,0.00010861436215260229
1.286,6.732147834289632e-6,0.00010724321380165347
1.287,6.032688865929064e-6,0.00010588579773584564
1.288,5.3511636701020305e-6,0.00010454205271669993
1.289,4.687228851572905e-6,0.00010321191570813279
1.29,4.0405464576619384e-6,0.00010189532194960365
1.291,3.410783909536156e-6,0.00010059220502746724
1.292,2.7976139339872048e-6,9.930249694456625e-5
1.293,2.2007144957038434e-6,9.802612818809919e-5
1.294,1.6197687300462724e-6,9.676302779579757e-5
1.295,1.054464876329078e-6,9.551312342044645e-5
1.296,5.044962116191012e-7,9.427634139278113e-5
1.297,-3.043901494586585e-8,9.305260678279312e-5
1.298,-5.506376473120812e-7,9.184184345947696e-5
1.299,-1.0563916871334615e-6,9.06439741490498e-5
1.3,-1.5479883578591045e-6,8.94589204916746e-5
1.301,-2.0257101682804018e-6,8.828660309671745e-5
1.302,-2.489834975533775e-6,8.712694159656907e-5
1.303,-2.940636047555431e-6,8.59798546990598e-5
1.304,-3.378382124984852e-6,8.484526023849722e-5
1.305,-3.8033374825140794e-6,8.37230752253547e-5
1.306,-4.215761989680157e-6,8.261321589463895e-5
1.307,-4.615911171098405e-6,8.15155977529641e-5
1.308,-5.004036266134497e-6,8.04301356243591e-5
1.309,-5.38038428801358e-6,7.935674369483528e-5
1.31,-5.745198082364985e-6,7.829533555573987e-5
1.311,-6.098716385201298e-6,7.724582424592135e-5
1.312,-6.4411738803308565e-6,7.620812229273155e-5
1.313,-6.772801256202947e-6,7.518214175188935e-5
1.314,-7.0938252621852555e-6,7.416779424623029e-5
1.315,-7.404468764273325e-6,7.316499100336588e-5
1.316,-7.70495080023199e-6,7.217364289227596e-5
1.317,-7.995486634169002e-6,7.119366045885728e-5
1.318,-8.27628781054123e-6,7.022495396045068e-5
1.319,-8.54756220759404e-6,6.926743339936933e-5
1.32,-8.809514090234643e-6,6.832100855544936e-5
1.321,-9.062344162340366e-6,6.73855890176448e-5
1.322,-9.306249618503002e-6,6.646108421468733e-5
1.323,-9.541424195210553e-6,6.55474034448318e-5
1.324,-9.768058221467815e-6,6.464445590470742e-5
1.325,-9.986338668857473e-6,6.375215071729483e-5
1.326,-1.0196449201043443e-5,6.287039695904819e-5
1.327,-1.0398570222718405e-5,6.199910368618163e-5
1.328,-1.0592878927997579e-5,6.11381799601387e-5
1.329,-1.0779549348260918e-5,6.028753487226336e-5
1.33,-1.0958752399446058e-5,5.944707756769037e-5
1.331,-1.1130655928794409e-5,5.861671726847304e-5
1.332,-1.1295424761052997e-5,5.779636329596557e-5
1.333,-1.145322074413465e-5,5.698592509247707e-5
1.334,-1.1604202794239329e-5,5.6185312242214064e-5
1.335,-1.1748526940439438e-5,5.539443449152778e-5
1.336,-1.1886346368732091e-5,5.461320176848243e-5
1.337,-1.201781146556135e-5,5.3841524201760234e-5
1.338,-1.2143069860813578e-5,5.3079312138918666e-5
1.339,-1.2262266470289131e-5,5.232647616401509e-5
1.34,-1.2375543537653634e-5,5.1582927114613774e-5
1.341,-1.2483040675872254e-5,5.0848576098189734e-5
1.342,-1.2584894908130353e-5,5.012333450794392e-5
1.343,-1.2681240708244042e-5,4.940711403804358e-5
1.344,-1.277221004056418e-5,4.869982669830172e-5
1.345,-1.285793239937743e-5,4.8001384828309095e-5
1.346,-1.2938534847808067e-5,4.731170111103191e-5
1.347,-1.301414205622419e-5,4.66306885858883e-5
1.348,-1.3084876340152194e-5,4.59582606613162e-5
1.349,-1.3150857697703235e-5,4.529433112684509e-5
1.35,-1.3212203846515595e-5,4.463881416468386e-5
1.351,-1.3269030260216799e-5,4.3991624360836645e-5
1.352,-1.3321450204409438e-5,4.33526767157585e-5
1.353,-1.3369574772184644e-5,4.2721886654562196e-5
1.354,-1.341351291916722e-5,4.209917003678765e-5
1.355,-1.3453371498096425e-5,4.148444316574469e-5
1.356,-1.3489255292946462e-5,4.087762279744027e-5
1.357,-1.3521267052590761e-5,4.027862614910041e-5
1.358,-1.3549507524014094e-5,3.9687370907297485e-5
1.359,-1.357407548507668e-5,3.910377523569279e-5
1.36,-1.3595067776834349e-5,3.852775778240446e-5
1.361,-1.3612579335418948e-5,3.79592376870104e-5
1.362,-1.362670322348309e-5,3.739813458719576e-5
1.363,-1.3637530661213441e-5,3.684436862505432e-5
1.364,-1.3645151056916669e-5,3.629786045305281e-5
1.365,-1.3649652037182273e-5,3.5758531239667333e-5
1.366,-1.3651119476626408e-5,3.522630267470031e-5
1.367,-1.3649637527220937e-5,3.4701096974286815e-5
1.368,-1.3645288647211851e-5,3.418283688559855e-5
1.369,-1.363815362963125e-5,3.3671445691253655e-5
1.37,-1.362831163040705e-5,3.3166847213440415e-5
1.371,-1.3615840196074599e-5,3.2668965817762734e-5
1.372,-1.3600815291094356e-5,3.217772641681509e-5
1.373,-1.3583311324779807e-5,3.169305447349436e-5
1.374,-1.3563401177839743e-5,3.121487600405613e-5
1.375,-1.3541156228539074e-5,3.074311758092239e-5
1.376,-1.3516646378482296e-5,3.027770633524793e-5
1.377,-1.3489940078023726e-5,2.9818569959252146e-5
1.378,-1.3461104351308627e-5,2.9365636708323114e-5
1.379,-1.3430204820949321e-5,2.891883540290044e-5
1.38,-1.339730573234034e-5,2.84780954301434e-5
1.381,-1.3362469977616722e-5,2.8043346745390625e-5
1.382,-1.3325759119259484e-5,2.7614519873417546e-5
1.383,-1.328723341335228e-5,2.7191545909497577e-5
1.384,-1.32469518324933e-5,2.6774356520272975e-5
1.385,-1.320497208836637e-5,2.63628839444411e-5
1.386,-1.3161350653975245e-5,2.5957060993261734e-5
1.387,-1.3116142785545043e-5,2.5556821050890945e-5
1.388,-1.3069402544094754e-5,2.51620980745469e-5
1.389,-1.302118281668473e-5,2.477282659451284e-5
1.39,-1.297153533734306e-5,2.4388941713982416e-5
1.391,-1.2920510707674672e-5,2.4010379108752338e-5
1.392,-1.2868158417157015e-5,2.3637075026767287e-5
1.393,-1.2814526863126155e-5,2.3268966287521882e-5
1.394,-1.2759663370457035e-5,2.290599028132434e-5
1.395,-1.2703614210941717e-5,2.2548084968426434e-5
1.396,-1.2646424622369298e-5,2.2195188878024217e-5
1.397,-1.2588138827311255e-5,2.1847241107133844e-5
1.398,-1.2528800051615887e-5,2.1504181319346764e-5
1.399,-1.246845054261551e-5,2.1165949743468445e-5
1.4,-1.2407131587050067e-5,2.0832487172044672e-5
1.401,-1.2344883528710716e-5,2.050373495977939e-5
1.402,-1.228174578580702e-5,2.0179635021847956e-5
1.403,-1.2217756868061255e-5,1.9860129832109568e-5
1.404,-1.2152954393533377e-5,1.9545162421222556e-5
1.405,-1.2087375105180129e-5,1.923467637466615e-5
1.406,-1.202105488715175e-5,1.8928615830672165e-5
1.407,-1.1954028780829751e-5,1.862692547807011e-5
1.408,-1.1886331000609098e-5,1.832955055404898e-5
1.409,-1.181799494942826e-5,1.803643684183905e-5
1.41,-1.1749053234050384e-5,1.774753066831679e-5
1.411,-1.1679537680098986e-5,1.746277890153602e-5
1.412,-1.160947934685139e-5,1.7182128948188318e-5
1.413,-1.1538908541793192e-5,1.6905528750995646e-5
1.414,-1.1467854834936978e-5,1.663292678603802e-5
1.415,-1.1396347072908478e-5,1.6364272060019015e-5
1.416,-1.1324413392803328e-5,1.6099514107471922e-5
1.417,-1.1252081235817576e-5,1.583860298790906e-5
1.418,-1.1179377360655013e-5,1.5581489282916966e-5
1.419,-1.110632785671445e-5,1.5328124093199908e-5
1.42,-1.1032958157059916e-5,1.5078459035574173e-5
1.421,-1.0959293051176847e-5,1.4832446239915587e-5
1.422,-1.0885356697517221e-5,1.4590038346062497e-5
1.423,-1.0811172635836584e-5,1.4351188500676557e-5
1.424,-1.07367637993259e-5,1.4115850354063502e-5
1.425,-1.066215252654111e-5,1.3883978056956031e-5
1.426,-1.0587360573133253e-5,1.3655526257260936e-5
1.427,-1.0512409123381993e-5,1.3430450096772467e-5
1.428,-1.0437318801535323e-5,1.3208705207853935e-5
1.429,-1.0362109682958244e-5,1.299024771008948e-5
1.43,-1.0286801305093143e-5,1.2775034206907859e-5
1.431,-1.0211412678234575e-5,1.2563021782180087e-5
1.432,-1.013596229612112e-5,1.2354167996792698e-5
1.433,-1.0060468146347002e-5,1.2148430885198352e-5
1.434,-9.984947720596034e-6,1.1945768951945441e-5
1.435,-9.909418024700512e-6,1.1746141168188353e-5
1.436,-9.833895588527613e-6,1.1549506968179931e-5
1.437,-9.758396475695826e-6,1.1355826245747707e-5
1.438,-9.682936293123903e-6,1.1165059350755356e-5
1.439,-9.607530200414832e-6,1.0977167085550851e-5
1.44,-9.532192919077234e-6,1.0792110701402705e-5
1.441,-9.456938741586644e-6,1.0609851894925668e-5
1.442,-9.38178154028902e-6,1.0430352804497207e-5
1.443,-9.30673477614888e-6,1.0253576006666041e-5
1.444,-9.231811507344335e-6,1.0079484512553985e-5
1.445,-9.157024397711401e-6,9.908041764252313e-6
1.446,-9.082385725039788e-6,9.739211631213796e-6
1.447,-9.007907389222456e-6,9.572958406641563e-6
1.448,-8.933600920261133e-6,9.409246803875886e-6
1.449,-8.859477486130012e-6,9.248041952779936e-6
1.45,-8.785547900499757e-6,9.089309396125563e-6
1.451,-8.711822630323986e-6,8.933015085980089e-6
1.452,-8.638311803290314e-6,8.779125380095065e-6
1.453,-8.565025215138068e-6,8.62760703829797e-6
1.454,-8.491972336844694e-6,8.478427218887709e-6
1.455,-8.419162321682942e-6,8.331553475034811e-6
1.456,-8.346604012150764e-6,8.186953751187172e-6
1.457,-8.274305946775964e-6,8.044596379482153e-6
1.458,-8.202276366797533e-6,7.904450076165825e-6
1.459,-8.130523222725583e-6,7.766483938020128e-6
1.46,-8.059054180781803e-6,7.630667438798675e-6
1.461,-7.98787662922231e-6,7.496970425671914e-6
1.462,-7.916997684544758e-6,7.365363115682329e-6
1.463,-7.846424197581501e-6,7.235816092210349e-6
1.464,-7.776162759480664e-6,7.108300301451595e-6
1.465,-7.706219707576866e-6,6.982787048906075e-6
1.466,-7.636601131153379e-6,6.859247995879929e-6
1.467,-7.567312877097423e-6,6.737655156000282e-6
1.468,-7.498360555450349e-6,6.617980891743754e-6
1.469,-7.429749544854371e-6,6.500197910979149e-6
1.47,-7.361484997897517e-6,6.384279263524845e-6
1.471,-7.293571846358448e-6,6.270198337721336e-6
1.472,-7.226014806352755e-6,6.157928857019425e-6
1.473,-7.158818383382339e-6,6.047444876584495e-6
1.474,-7.091986877289452e-6,5.938720779917282e-6
1.475,-7.025524387116939e-6,5.83173127549158e-6
1.476,-6.95943481587623e-6,5.726451393409241e-6
1.477,-6.8937218752245844e-6,5.622856482072859e-6
1.478,-6.828389090053077e-6,5.520922204876506e-6
1.479,-6.7634398029868015e-6,5.420624536914832e-6
1.48,-6.6988771787987245e-6,5.3219397617108795e-6
1.481,-6.634704208738643e-6,5.2248444679629045e-6
1.482,-6.570923714778628e-6,5.129315546310517e-6
1.483,-6.507538353776359e-6,5.035330186120392e-6
1.484,-6.444550621557704e-6,4.9428658722918465e-6
1.485,-6.381962856919911e-6,4.851900382082513e-6
1.486,-6.3197772455567204e-6,4.76241178195435e-6
1.487,-6.25799582390672e-6,4.674378424440224e-6
1.488,-6.196620482926236e-6,4.5877789450312645e-6
1.489,-6.13565297178802e-6,4.502592259085184e-6
1.49,-6.075094901506999e-6,4.418797558755778e-6
1.491,-6.014947748494314e-6,4.336374309943738e-6
1.492,-5.955212858040875e-6,4.255302249268986e-6
1.493,-5.895891447731623e-6,4.1755613810646395e-6
1.494,-5.836984610791676e-6,4.097131974392783e-6
1.495,-5.7784933193655504e-6,4.019994560082157e-6
1.496,-5.72041842773057e-6,3.944129927787891e-6
1.497,-5.662760675445615e-6,3.86951912307339e-6
1.498,-5.605520690436321e-6,3.7961434445144755e-6
1.499,-5.548698992017824e-6,3.723984440825874e-6
1.5,-5.4922959938561226e-6,3.6530239080101334e-6
1.501,-5.4363120068691385e-6,3.5832438865290394e-6
1.502,-5.380747242068516e-6,3.5146266584976028e-6
1.503,-5.3256018133431805e-6,3.447154744900664e-6
1.504,-5.270875740185698e-6,3.380810902832174e-6
1.505,-5.2165689503624145e-6,3.3155781227571853e-6
1.506,-5.162681282528375e-6,3.2514396257965883e-6
1.507,-5.109212488787983e-6,3.1883788610346188e-6
1.508,-5.056162237202368e-6,3.126379502849155e-6
1.509,-5.0035301142443955e-6,3.0654254482648133e-6
1.51,-4.9513156272022405e-6,3.0055008143288525e-6
1.511,-4.899518206532461e-6,2.9465899355098803e-6
1.512,-4.848137208163431e-6,2.888677361119357e-6
1.513,-4.797171915750066e-6,2.8317478527558794e-6
1.514,-4.746621542880664e-6,2.775786381772229e-6
1.515,-4.696485235236757e-6,2.7207781267651574e-6
1.516,-4.646762072706797e-6,2.6667084710878743e-6
1.517,-4.597451071454509e-6,2.6135630003852076e-6
1.518,-4.54855118594274e-6,2.5613275001513916e-6
1.519,-4.5000613109135944e-6,2.509987953310435e-6
1.52,-4.451980283325659e-6,2.459530537819019e-6
1.521,-4.40430688424909e-6,2.4099416242918725e-6
1.522,-4.3570398407193364e-6,2.361207773649558e-6
1.523,-4.3101778275502444e-6,2.31331573478861e-6
1.524,-4.263719469107301e-6,2.2662524422739523e-6
1.525,-4.217663341041734e-6,2.2200050140535233e-6
1.526,-4.172007971986194e-6,2.1745607491950354e-6
1.527,-4.1267518452127244e-6,2.1299071256447823e-6
1.528,-4.0818934002537275e-6,2.086031798008417e-6
1.529,-4.037431034486583e-6,2.042922595353607e-6
1.53,-3.993363104682636e-6,2.000567519034482e-6
1.531,-3.949687928521171e-6,1.958954740537777e-6
1.532,-3.906403786069065e-6,1.9180725993505735e-6
1.533,-3.8635089212267355e-6,1.8779096008495424e-6
1.534,-3.821001543141028e-6,1.8384544142115847e-6
1.535,-3.7788798275856565e-6,1.7996958703457611e-6
1.536,-3.7371419183098125e-6,1.7616229598464122e-6
1.537,-3.6957859283555455e-6,1.7242248309673485e-6
1.538,-3.654809941344499e-6,1.6874907876170056e-6
1.539,-3.6142120127345914e-6,1.651410287374447e-6
1.54,-3.573990171047205e-6,1.6159729395260981e-6
1.541,-3.534142419065454e-6,1.5811685031230919e-6
1.542,-3.494666735004077e-6,1.5469868850591082e-6
1.543,-3.4555610736515057e-6,1.5134181381685807e-6
1.544,-3.4168233674846335e-6,1.4804524593451501e-6
1.545,-3.378451527756821e-6,1.448080187680237e-6
1.546,-3.3404434455596492e-6,1.4162918026216064e-6
1.547,-3.3027969928589275e-6,1.3850779221517939e-6
1.548,-3.2655100235054605e-6,1.3544293009862675e-6
1.549,-3.228580374221063e-6,1.3243368287911893e-6
1.55,-3.1920058655603022e-6,1.2947915284206447e-6
1.551,-3.1557843028484512e-6,1.2657845541732075e-6
1.552,-3.1199134770961086e-6,1.2373071900677046e-6
1.553,-3.084391165890954e-6,1.2093508481380427e-6
1.554,-3.049215134267081e-6,1.1819070667469626e-6
1.555,-3.0143831355523593e-6,1.1549675089185831e-6
1.556,-2.979892912194255e-6,1.1285239606895917e-6
1.557,-2.9457421965645383e-6,1.1025683294789493e-6
1.558,-2.9119287117433045e-6,1.077092642475964e-6
1.559,-2.8784501722827143e-6,1.0520890450465938e-6
1.56,-2.8453042849508673e-6,1.02754979915784e-6
1.561,-2.8124887494561983e-6,1.0034672818200859e-6
1.562,-2.780001259152802e-6,9.798339835472405e-7
1.563,-2.7478395017270577e-6,9.566425068345453e-7
1.564,-2.7160011598659434e-6,9.338855646538996e-7
1.565,-2.684483911907407e-6,9.115559789665611e-7
1.566,-2.653285432473159e-6,8.896466792530813e-7
1.567,-2.622403393084251e-6,8.68150701060328e-7
1.568,-2.5918354627597847e-6,8.470611845654538e-7
1.569,-2.5615793085991116e-6,8.263713731566664e-7
1.57,-2.5316325963478456e-6,8.06074612030656e-7
1.571,-2.501992990948042e-6,7.861643468065364e-7
1.572,-2.4726581570728573e-6,7.666341221561558e-7
1.573,-2.4436257596460203e-6,7.474775804506335e-7
1.574,-2.41489346434643e-6,7.28688460422979e-7
1.575,-2.3864589380981883e-6,7.102605958466492e-7
1.576,-2.358319849546379e-6,6.921879142299013e-7
1.577,-2.3304738695188898e-6,6.744644355257969e-7
1.578,-2.302918671474572e-6,6.570842708577162e-7
1.579,-2.27565193193803e-6,6.400416212602372e-7
1.58,-2.248671330921322e-6,6.233307764352403e-7
1.581,-2.2219745523328552e-6,6.069461135230933e-7
1.582,-2.1955592843737434e-6,5.908820958887776e-7
1.583,-2.169423219921906e-6,5.751332719228133e-7
1.584,-2.1435640569041596e-6,5.596942738568416e-7
1.585,-2.117979498656575e-6,5.445598165937262e-7
1.586,-2.0926672542733455e-6,5.297246965520308e-7
1.587,-2.06762503894442e-6,5.151837905247361e-7
1.588,-2.042850574282145e-6,5.009320545520557e-7
1.589,-2.018341588637159e-6,4.869645228082124e-7
1.59,-1.994095817403771e-6,4.732763065020385e-7
1.591,-1.9701110033150626e-6,4.598625927912615e-7
1.592,-1.9463848967279346e-6,4.4671864371033847e-7
1.593,-1.922915255898323e-6,4.338397951117042e-7
1.594,-1.8996998472468095e-6,4.212214556202967e-7
1.595,-1.8767364456148323e-6,4.0885910560122595e-7
1.596,-1.85402283451172e-6,3.967482961404511e-7
1.597,-1.8315568063527432e-6,3.8488464803833344e-7
1.598,-1.8093361626884003e-6,3.732638508159321e-7
1.599,-1.7873587144251248e-6,3.6188166173391053e-7
1.6,-1.7656222820376204e-6,3.507339048239226e-7
1.601,-1.7441246957730087e-6,3.398164699323476e-7
1.602,-1.7228637958469833e-6,3.291253117762449e-7
1.603,-1.7018374326321502e-6,3.1865644901139837e-7
1.604,-1.6810434668387403e-6,3.084059633123236e-7
1.605,-1.6604797696878698e-6,2.9836999846410924e-7
1.606,-1.640144223077523e-6,2.885447594659668e-7
1.607,-1.6200347197414295e-6,2.7892651164636266e-7
1.608,-1.6001491634010033e-6,2.695115797896072e-7
1.609,-1.5804854689105079e-6,2.6029634727377736e-7
1.61,-1.5610415623956105e-6,2.5127725521984884e-7
1.611,-1.5418153813854822e-6,2.4245080165191546e-7
1.612,-1.522804874938598e-6,2.3381354066837467e-7
1.613,-1.5040080037623945e-6,2.2536208162395746e-7
1.614,-1.4854227403269275e-6,2.1709308832248357e-7
1.615,-1.4670470689726811e-6,2.090032782202225e-7
1.616,-1.448878986012668e-6,2.0108942163974223e-7
1.617,-1.4309164998289657e-6,1.933483409941286e-7
1.618,-1.4131576309638235e-6,1.857769100214583e-7
1.619,-1.395600412205475e-6,1.7837205302941095e-7
1.62,-1.3782428886687917e-6,1.7113074414990434e-7
1.621,-1.3610831178709056e-6,1.6405000660364024e-7
1.622,-1.3441191698019263e-6,1.5712691197444732e-7
1.623,-1.3273491269908817e-6,1.5035857949330914e-7
1.624,-1.310771084567001e-6,1.4374217533196676e-7
1.625,-1.2943831503164605e-6,1.3727491190598486e-7
1.626,-1.2781834447347104e-6,1.3095404718717327e-7
1.627,-1.2621701010744976e-6,1.2477688402525443e-7
1.628,-1.2463412653896958e-6,1.1874076947867014e-7
1.629,-1.2306950965750552e-6,1.1284309415442087e-7
1.63,-1.215229766401978e-6,1.0708129155683169e-7
1.631,-1.1999434595504271e-6,1.0145283744514057e-7
1.632,-1.1848343736370723e-6,9.595524919980487e-8
1.633,-1.1699007192397717e-6,9.058608519742347e-8
1.634,-1.155140719918495e-6,8.534294419417207e-8
1.635,-1.1405526122327778e-6,8.022346471765118e-8
1.636,-1.1261346457558093e-6,7.522532446704609e-8
1.637,-1.1118850830852436e-6,7.034623972149983e-8
1.638,-1.0978021998508263e-6,6.558396475660064e-8
1.639,-1.083884284718926e-6,6.093629126888658e-8
1.64,-1.0701296393940607e-6,5.640104780827059e-8
1.641,-1.0565365786175013e-6,5.197609921829041e-8
1.642,-1.0431034301630396e-6,4.7659346084088515e-8
1.643,-1.0298285348300015e-6,4.344872418802824e-8
1.644,-1.0167102464335863e-6,3.934220397285307e-8
1.645,-1.0037469317926101e-6,3.533779001229702e-8
1.646,-9.909369707147342e-7,3.143352048905476e-8
1.647,-9.782787559792473e-7,2.7627466680021353e-8
1.648,-9.657706933174832e-7,2.391773244871192e-8
1.649,-9.534112013909397e-7,2.0302453744772798e-8
1.65,-9.411987117671745e-7,1.6779798110496398e-8
1.651,-9.291316688935436e-7,1.3347964194252956e-8
1.652,-9.172085300688524e-7,1.0005181270753124e-8
1.653,-9.054277654129846e-7,6.749708768056368e-9
1.654,-8.937878578345746e-7,3.579835801240814e-9
1.655,-8.822873029967849e-7,4.938807126511898e-10
1.656,-8.709246092812533e-7,-2.5098093813577464e-9
1.657,-8.596982977502681e-7,-5.432859037263998e-9
1.658,-8.486069021072322e-7,-8.276864924888237e-9
1.659,-8.376489686554725e-7,-1.104339626165087e-8
1.66,-8.268230562554533e-7,-1.3733995240655501e-8
1.661,-8.161277362804471e-7,-1.6350177452677165e-8
1.662,-8.055615925707181e-7,-1.8893432302132918e-8
1.663,-7.951232213862711e-7,-2.136522341711156e-8
1.664,-7.848112313582179e-7,-2.3766989053538392e-8
1.665,-7.746242434388102e-7,-2.610014249355022e-8
1.666,-7.645608908501909e-7,-2.8366072438154858e-8
1.667,-7.546198190319098e-7,-3.0566143394248765e-8
1.668,-7.447996855872524e-7,-3.270169605606549e-8
1.669,-7.350991602284263e-7,-3.477404768112694e-8
1.67,-7.255169247206526e-7,-3.678449246076869e-8
1.671,-7.160516728252031e-7,-3.873430188530961e-8
1.672,-7.067021102414296e-7,-4.062472510393565e-8
1.673,-6.974669545478238e-7,-4.245698927936644e-8
1.674,-6.88344935142152e-7,-4.4232299937373075e-8
1.675,-6.793347931807023e-7,-4.5951841311214164e-8
1.676,-6.704352815166836e-7,-4.761677668105704e-8
1.677,-6.616451646378158e-7,-4.922824870844978e-8
1.678,-6.529632186031466e-7,-5.0787379765909295e-8
1.679,-6.443882309791326e-7,-5.229527226168989e-8
1.68,-6.359190007750195e-7,-5.3753008959795897e-8
1.681,-6.275543383775549e-7,-5.516165329530142e-8
1.682,-6.192930654850697e-7,-5.652224968503942e-8
1.683,-6.111340150409591e-7,-5.783582383372163e-8
1.684,-6.030760311665956e-7,-5.9103383035550174e-8
1.685,-5.951179690937052e-7,-6.032591647138103e-8
1.686,-5.872586950962385e-7,-6.150439550149874e-8
1.687,-5.79497086421764e-7,-6.263977395406118e-8
1.688,-5.718320312224153e-7,-6.373298840927239e-8
1.689,-5.642624284854179e-7,-6.478495847934094e-8
1.69,-5.567871879632246e-7,-6.579658708428055e-8
1.691,-5.494052301032867e-7,-6.676876072360893e-8
1.692,-5.421154859774849e-7,-6.770234974400048e-8
1.693,-5.349168972112482e-7,-6.85982086029473e-8
1.694,-5.278084159123829e-7,-6.945717612848296e-8
1.695,-5.207890045996382e-7,-7.028007577502216e-8
1.696,-5.138576361310301e-7,-7.106771587536943e-8
1.697,-5.070132936319466e-7,-7.18208898889489e-8
1.698,-5.002549704230583e-7,-7.254037664630673e-8
1.699,-4.935816699480533e-7,-7.322694058993725e-8
1.7,-4.869924057012199e-7,-7.388133201148308e-8
1.701,-4.80486201154896e-7,-7.45042872853591e-8
1.702,-4.740620896868055e-7,-7.509652909884921e-8
1.703,-4.6771911450730214e-7,-7.565876667872476e-8
1.704,-4.614563285865378e-7,-7.619169601443224e-8
1.705,-4.55272794581575e-7,-7.669600007789785e-8
1.706,-4.4916758476346093e-7,-7.717234903999582e-8
1.707,-4.4313978094428046e-7,-7.762140048372637e-8
1.708,-4.3718847440420405e-7,-7.804379961414944e-8
1.709,-4.3131276581854875e-7,-7.84401794651188e-8
1.71,-4.2551176518486616e-7,-7.881116110286158e-8
1.711,-4.1978459175007366e-7,-7.91573538264468e-8
1.712,-4.1413037393764445e-7,-7.947935536518655e-8
1.713,-4.085482492748692e-7,-7.97777520730128e-8
1.714,-4.030373643202052e-7,-8.005311911987199e-8
1.715,-3.9759687459072523e-7,-8.030602068017948e-8
1.716,-3.9222594448968046e-7,-8.05370101183751e-8
1.717,-3.869237472341892e-7,-8.074663017162045e-8
1.718,-3.8168946478306453e-7,-8.093541312967858e-8
1.719,-3.765222877647928e-7,-8.110388101201551e-8
1.72,-3.7142141540567433e-7,-8.125254574216308e-8
1.721,-3.6638605545813796e-7,-8.13819093193818e-8
1.722,-3.6141542412923974e-7,-8.14924639876621e-8
1.723,-3.565087460093574e-7,-8.158469240210169e-8
1.724,-3.516652540010893e-7,-8.165906779269641e-8
1.725,-3.468841892483691e-7,-8.171605412558145e-8
1.726,-3.4216480106580524e-7,-8.175610626175918e-8
1.727,-3.3750634686825334e-7,-8.177967011334977e-8
1.728,-3.329080921006328e-7,-8.178718279739973e-8
1.729,-3.2836931016799327e-7,-8.177907278728359e-8
1.73,-3.2388928236584185e-7,-8.175576006173324e-8
1.731,-3.194672978107374e-7,-8.171765625152884e-8
1.732,-3.151026533711599e-7,-8.166516478388534e-8
1.733,-3.107946535986627e-7,-8.159868102456731e-8
1.734,-3.0654261065931486e-7,-8.151859241776534e-8
1.735,-3.023458442654395e-7,-8.142527862376615e-8
1.736,-2.9820368160765564e-7,-8.131911165444826e-8
1.737,-2.9411545728722975e-7,-8.1200456006635e-8
1.738,-2.9008051324874263e-7,-8.106966879333574e-8
1.739,-2.860981987130779e-7,-8.092709987290607e-8
1.74,-2.821678701107376e-7,-8.077309197615734e-8
1.741,-2.7828889101548973e-7,-8.060798083144542e-8
1.742,-2.7446063207835415e-7,-8.0432095287768e-8
1.743,-2.7068247096193005e-7,-8.024575743589981e-8
1.744,-2.669537922750709e-7,-8.004928272759426e-8
1.745,-2.632739875079112e-7,-7.984298009288004e-8
1.746,-2.5964245496724854e-7,-7.962715205548036e-8
1.747,-2.5605859971228624e-7,-7.940209484638286e-8
1.748,-2.525218334907389e-7,-7.916809851558682e-8
1.749,-2.490315746753064e-7,-7.892544704205517e-8
1.75,-2.4558724820051794e-7,-7.867441844189729e-8
1.751,-2.4218828549995087e-7,-7.8415284874809e-8
1.752,-2.3883412444382664e-7,-7.814831274879547e-8
1.753,-2.3552420927698684e-7,-7.787376282320245e-8
1.754,-2.3225799055725295e-7,-7.759189031008108e-8
1.755,-2.29034925094171e-7,-7.730294497391074e-8
1.756,-2.2585447588814486e-7,-7.700717122970466e-8
1.757,-2.2271611206995976e-7,-7.670480823952234e-8
1.758,-2.1961930884069845e-7,-7.639609000741224e-8
1.759,-2.165635474120517e-7,-7.608124547280866e-8
1.76,-2.1354831494702553e-7,-7.576049860240555e-8
1.761,-2.1057310450104616e-7,-7.543406848053024e-8
1.762,-2.0763741496346487e-7,-7.510216939803952e-8
1.763,-2.0474075099946374e-7,-7.476501093976032e-8
1.764,-2.01882622992364e-7,-7.442279807049676e-8
1.765,-1.990625469863377e-7,-7.407573121962527e-8
1.766,-1.9628004462952397e-7,-7.3724006364299e-8
1.767,-1.9353464311755112e-7,-7.336781511128252e-8
1.768,-1.9082587513746454e-7,-7.300734477743751e-8
1.769,-1.881532788120621e-7,-7.264277846887983e-8
1.77,-1.8551639764463682e-7,-7.22742951588282e-8
1.771,-1.8291478046412786e-7,-7.19020697641642e-8
1.772,-1.803479813706797e-7,-7.152627322072325e-8
1.773,-1.7781555968161032e-7,-7.114707255733588e-8
1.774,-1.7531707987778803e-7,-7.076463096863823e-8
1.775,-1.728521115504173e-7,-7.037910788667076e-8
1.776,-1.7042022934823374e-7,-6.99906590512833e-8
1.777,-1.6802101292510753e-7,-6.95994365793652e-8
1.778,-1.6565404688805588e-7,-6.920558903291805e-8
1.779,-1.633189207456635e-7,-6.880926148598907e-8
1.78,-1.610152288569113e-7,-6.841059559048253e-8
1.781,-1.5874257038041246e-7,-6.800972964086633e-8
1.782,-1.565005492240555e-7,-6.760679863779102e-8
1.783,-1.5428877399505392e-7,-6.720193435063774e-8
1.784,-1.5210685795040144e-7,-6.67952653790117e-8
1.785,-1.499544189477322e-7,-6.638691721319756e-8
1.786,-1.4783107939658513e-7,-6.597701229359266e-8
1.787,-1.4573646621007177e-7,-6.556567006913398e-8
1.788,-1.4367021075694632e-7,-6.51530070547344e-8
1.789,-1.4163194881407686e-7,-6.473913688774363e-8
1.79,-1.3962132051931722e-7,-6.432417038344912e-8
1.791,-1.3763797032477763e-7,-6.39082155896316e-8
1.792,-1.3568154695049355e-7,-6.349137784019027e-8
1.793,-1.3375170333849117e-7,-6.307375980785197e-8
1.794,-1.318480966072482e-7,-6.265546155597871e-8
1.795,-1.2997038800654902e-7,-6.22365805894877e-8
1.796,-1.281182428727324e-7,-6.181721190489769e-8
1.797,-1.262913305843303e-7,-6.13974480395154e-8
1.798,-1.2448932451809684e-7,-6.097737911977542e-8
1.799,-1.227119020054252e-7,-6.055709290874715e-8
1.8,-1.2095874428915134e-7,-6.01366748528215e-8
1.801,-1.1922953648074281e-7,-5.971620812759067e-8
1.802,-1.175239675178709e-7,-5.929577368293348e-8
1.803,-1.1584173012236468e-7,-5.8875450287318936e-8
1.804,-1.1418252075854489e-7,-5.8455314571340264e-8
1.805,-1.125460395919362e-7,-5.8035441070491824e-8
1.806,-1.1093199044835588e-7,-5.761590226720067e-8
1.807,-1.0934008077337722e-7,-5.719676863212477e-8
1.808,-1.0777002159216554e-7,-5.677810866472941e-8
1.809,-1.0622152746968534e-7,-5.635998893315343e-8
1.81,-1.0469431647127629e-7,-5.594247411337644e-8
1.811,-1.0318811012359631e-7,-5.5525627027698335e-8
1.812,-1.0170263337592977e-7,-5.5109508682541925e-8
1.813,-1.002376145618588e-7,-5.469417830558973e-8
1.814,-9.879278536129563e-8,-5.4279693382265385e-8
1.815,-9.736788076287413e-8,-5.386610969157032e-8
1.816,-9.596263902669807e-8,-5.345348134128602e-8
1.817,-9.45768016474447e-8,-5.304186080255203e-8
1.818,-9.321011331782082e-8,-5.2631298943829886e-8
1.819,-9.186232189236973e-8,-5.222184506426267e-8
1.82,-9.053317835162678e-8,-5.1813546926440166e-8
1.821,-8.922243676662131e-8,-5.140645078857907e-8
1.822,-8.792985426372293e-8,-5.100060143612778e-8
1.823,-8.665519098982983e-8,-5.059604221280509e-8
1.824,-8.539821007789708e-8,-5.019281505108199e-8
1.825,-8.415867761280269e-8,-4.979096050211559e-8
1.826,-8.293636259754908e-8,-4.939051776514409e-8
1.827,-8.173103691979794e-8,-4.899152471635156e-8
1.828,-8.054247531873602e-8,-4.85940179372113e-8
1.829,-7.937045535226995e-8,-4.819803274231605e-8
1.83,-7.821475736454738e-8,-4.780360320670369e-8
1.831,-7.707516445380262e-8,-4.7410762192686625e-8
1.832,-7.595146244052423e-8,-4.70195413761928e-8
1.833,-7.484343983594242e-8,-4.6629971272626715e-8
1.834,-7.3750887810834e-8,-4.624208126225801e-8
1.835,-7.267360016464241e-8,-4.58558996151456e-8
1.836,-7.161137329491086e-8,-4.547145351560489e-8
1.837,-7.0564006167026e-8,-4.508876908622571e-8
1.838,-6.953130028426998e-8,-4.470787141144832e-8
1.839,-6.85130596581787e-8,-4.4328784560704885e-8
1.84,-6.750909077920352e-8,-4.395153161113346e-8
1.841,-6.651920258767488e-8,-4.357613466987181e-8
1.842,-6.554320644506466e-8,-4.320261489593785e-8
1.843,-6.458091610554579e-8,-4.2830992521703645e-8
1.844,-6.36321476878462e-8,-4.246128687396979e-8
1.845,-6.26967196473952e-8,-4.2093516394646796e-8
1.846,-6.177445274875983e-8,-4.172769866105001e-8
1.847,-6.086517003836882e-8,-4.136385040581461e-8
1.848,-5.99686968175222e-8,-4.100198753643701e-8
1.849,-5.908486061568371e-8,-4.064212515444888e-8
1.85,-5.821349116405444e-8,-4.028427757423006e-8
1.851,-5.735442036942473e-8,-3.992845834146639e-8
1.852,-5.6507482288302506e-8,-3.9574680251258354e-8
1.853,-5.5672513101315634e-8,-3.9222955365886644e-8
1.854,-5.484935108788601e-8,-3.8873295032240157e-8
1.855,-5.403783660117315e-8,-3.85257098989124e-8
1.856,-5.323781204328504e-8,-3.818020993297171e-8
1.857,-5.244912184075395e-8,-3.783680443641099e-8
1.858,-5.1671612420275014e-8,-3.7495502062282234e-8
1.859,-5.090513218470534e-8,-3.715631083052138e-8
1.86,-5.014953148932137e-8,-3.6819238143468624e-8
1.861,-4.940466261833233e-8,-3.648429080108946e-8
1.862,-4.867037976164749e-8,-3.6151475015901554e-8
1.863,-4.7946538991895127e-8,-3.5820796427612435e-8
1.864,-4.723299824169084e-8,-3.5492260117473035e-8
1.865,-4.652961728115321e-8,-3.51658706223519e-8
1.866,-4.583625769566445e-8,-3.484163194853485e-8
1.867,-4.5152782863873945e-8,-3.451954758525489e-8
1.868,-4.4479057935942627e-8,-3.4199620517956935e-8
1.869,-4.3814949812025776e-8,-3.388185324130198e-8
1.87,-4.316032712099235e-8,-3.3566247771915214e-8
1.871,-4.2515060199378546e-8,-3.325280566088245e-8
1.872,-4.1879021070573585e-8,-3.294152800599933e-8
1.873,-4.125208342423547e-8,-3.2632415463777525e-8
1.874,-4.063412259593476e-8,-3.2325468261212146e-8
1.875,-4.002501554702411e-8,-3.20206862073146e-8
1.876,-3.942464084473164e-8,-3.17180687044149e-8
1.877,-3.883287864247595e-8,-3.14176147592375e-8
1.878,-3.824961066040077e-8,-3.111932299375457e-8
1.879,-3.767472016612715e-8,-3.082319165582073e-8
1.88,-3.7108091955721234e-8,-3.0529218629592865e-8
1.881,-3.6549612334875483e-8,-3.023740144573903e-8
1.882,-3.599916910030135e-8,-2.994773729143998e-8
1.883,-3.5456651521331516e-8,-2.9660223020187082e-8
1.884,-3.4921950321729514e-8,-2.9374855161380158e-8
1.885,-3.439495766170488e-8,-2.9091629929728808e-8
1.886,-3.3875567120131794e-8,-2.8810543234460697e-8
1.887,-3.3363673676969337e-8,-2.8531590688340215e-8
1.888,-3.28591736958813e-8,-2.8254767616500912e-8
1.889,-3.2361964907053686e-8,-2.7980069065094974e-8
1.89,-3.187194639020795e-8,-2.770748980976304e-8
1.891,-3.138901855780809e-8,-2.7437024363927567e-8
1.892,-3.0913083138459715e-8,-2.716866698691285e-8
1.893,-3.044404316049906e-8,-2.6902411691894883e-8
1.894,-2.9981802935770296e-8,-2.6638252253684016e-8
1.895,-2.952626804358907e-8,-2.637618221634352e-8
1.896,-2.907734531489056e-8,-2.6116194900646916e-8
1.897,-2.863494281656015e-8,-2.5858283411377052e-8
1.898,-2.8198969835944892e-8,-2.5602440644469717e-8
1.899,-2.776933686554399e-8,-2.534865929400467e-8
1.9,-2.7345955587876468e-8,-2.5096931859046813e-8
1.901,-2.692873886052425e-8,-2.4847250650340238e-8
1.902,-2.6517600701348886e-8,-2.4599607796857798e-8
1.903,-2.6112456273880145e-8,-2.4353995252208913e-8
1.904,-2.5713221872874746e-8,-2.4110404800908088e-8
1.905,-2.5319814910043505e-8,-2.3868828064506765e-8
1.906,-2.493215389994512e-8,-2.362925650759102e-8
1.907,-2.455015844604496e-8,-2.3391681443647505e-8
1.908,-2.4173749226937118e-8,-2.3156094040800097e-8
1.909,-2.3802847982728035e-8,-2.2922485327419663e-8
1.91,-2.3437377501580073e-8,-2.2690846197609208e-8
1.911,-2.3077261606413336e-8,-2.2461167416566766e-8
1.912,-2.272242514176412e-8,-2.223343962582831e-8
1.913,-2.237279396079833e-8,-2.2007653348392846e-8
1.914,-2.2028294912478317e-8,-2.178379899373192e-8
1.915,-2.1688855828881425e-8,-2.156186686268571e-8
1.916,-2.135440551266875e-8,-2.134184715224779e-8
1.917,-2.1024873724702484e-8,-2.1123729960240615e-8
1.918,-2.0700191171810275e-8,-2.0907505289883886e-8
1.919,-2.0380289494695085e-8,-2.069316305425766e-8
1.92,-2.0065101255988958e-8,-2.0480693080662304e-8
1.921,-1.9754559928449217e-8,-2.0270085114877175e-8
1.922,-1.944859988329552e-8,-2.0061328825319958e-8
1.923,-1.9147156378686325e-8,-1.9854413807108522e-8
1.924,-1.8850165548333263e-8,-1.964932958602718e-8
1.925,-1.855756439025189e-8,-1.9446065622399146e-8
1.926,-1.8269290755647436e-8,-1.924461131486695e-8
1.927,-1.798528333793401e-8,-1.904495600408261e-8
1.928,-1.770548166188592e-8,-1.8847088976309288e-8
1.929,-1.7429826072919583e-8,-1.865099946693607e-8
1.93,-1.7158257726504672e-8,-1.8456676663907594e-8
1.931,-1.6890718577703074e-8,-1.8264109711070156e-8
1.932,-1.662715137083428e-8,-1.8073287711435868e-8
1.933,-1.6367499629265816e-8,-1.7884199730366494e-8
1.934,-1.6111707645327365e-8,-1.7696834798678506e-8
1.935,-1.5859720470347193e-8,-1.751118191567088e-8
1.936,-1.5611483904809596e-8,-1.7327230052077138e-8
1.937,-1.5366944488631973e-8,-1.714496815294312e-8
1.938,-1.5126049491560253e-8,-1.696438514043194e-8
1.939,-1.4888746903681366e-8,-1.6785469916557542e-8
1.94,-1.4654985426051418e-8,-1.6608211365848254e-8
1.941,-1.4424714461438367e-8,-1.6432598357941744e-8
1.942,-1.419788410517786e-8,-1.625861975011271e-8
1.943,-1.3974445136141006e-8,-1.608626438973461e-8
1.944,-1.375434900781284e-8,-1.5915521116676814e-8
1.945,-1.3537547839480222e-8,-1.5746378765638377e-8
1.946,-1.3323994407527973e-8,-1.557882616841975e-8
1.947,-1.3113642136842017e-8,-1.5412852156133656e-8
1.948,-1.2906445092318335e-8,-1.5248445561356317e-8
1.949,-1.2702357970476554e-8,-1.508559522022031e-8
1.95,-1.250133609117696e-8,-1.492428997445011e-8
1.951,-1.2303335389439806e-8,-1.4764518673341589e-8
1.952,-1.2108312407365746e-8,-1.4606270175686535e-8
1.953,-1.1916224286156233e-8,-1.4449533351643326e-8
1.954,-1.172702875823277e-8,-1.4294297084554866e-8
1.955,-1.1540684139453887e-8,-1.4140550272714832e-8
1.956,-1.1357149321428728e-8,-1.3988281831083321e-8
1.957,-1.1176383763926146e-8,-1.3837480692952904e-8
1.958,-1.0998347487378218e-8,-1.3688135811566124e-8
1.959,-1.0823001065477112e-8,-1.3540236161685446e-8
1.96,-1.0650305617864207e-8,-1.339377074111661e-8
1.961,-1.0480222802910452e-8,-1.3248728572186402e-8
1.962,-1.0312714810586872e-8,-1.3105098703175739e-8
1.963,-1.014774435542422e-8,-1.2962870209709046e-8
1.964,-9.985274669560714e-9,-1.2822032196100796e-8
1.965,-9.825269495876884e-9,-1.268257379666016e-8
1.966,-9.667693081216473e-9,-1.254448417695461e-8
1.967,-9.512510169692443e-9,-1.240775253503334e-8
1.968,-9.35968599607707e-9,-1.227236810261141e-8
1.969,-9.209186279275155e-9,-1.2138320146215362e-8
1.97,-9.060977215879401e-9,-1.2005597968291215e-8
1.971,-8.915025473806977e-9,-1.1874190908275579e-8
1.972,-8.771298186016345e-9,-1.1744088343630711e-8
1.973,-8.629762944303384e-9,-1.1615279690844288e-8
1.974,-8.490387793175924e-9,-1.1487754406394647e-8
1.975,-8.353141223805723e-9,-1.1361501987682248e-8
1.976,-8.217992168057026e-9,-1.123651197392809e-8
1.977,-8.084909992590775e-9,-1.1112773947039813e-8
1.978,-7.953864493043581e-9,-1.0990277532446173e-8
1.979,-7.824825888280607e-9,-1.0869012399900605e-8
1.98,-7.697764814721459e-9,-1.0748968264254542e-8
1.981,-7.57265232073822e-9,-1.063013488620117e-8
1.982,-7.4494598611248195e-9,-1.0512502072990261e-8
1.983,-7.328159291636831e-9,-1.0396059679114755e-8
1.984,-7.208722863600912e-9,-1.0280797606969684e-8
1.985,-7.091123218593033e-9,-1.0166705807484107e-8
1.986,-6.97533338318469e-9,-1.0053774280726618e-8
1.987,-6.861326763756279e-9,-9.941993076485067e-9
1.988,-6.7490771413768526e-9,-9.831352294821044e-9
1.989,-6.638558666749442e-9,-9.72184208659973e-9
1.99,-6.529745855221177e-9,-9.613452653995675e-9
1.991,-6.422613581857428e-9,-9.506174250975032e-9
1.992,-6.317137076579189e-9,-9.399997183754828e-9
1.993,-6.21329191936297e-9,-9.294911811239781e-9
1.994,-6.11105403550241e-9,-9.190908545437203e-9
1.995,-6.0103996909309065e-9,-9.087977851850471e-9
1.996,-5.911305487604505e-9,-8.986110249851627e-9
1.997,-5.813748358944325e-9,-8.88529631303353e-9
1.998,-5.7177055653378045e-9,-8.78552666954211e-9
1.999,-5.623154689698065e-9,-8.686792002389159e-9
2.0,-5.530073633080665e-9,-8.589083049746139e-9
2.001,-5.4384406103570816e-9,-8.492390605219458e-9
2.002,-5.348234145944202e-9,-8.396705518107681e-9
2.003,-5.2594330695891705e-9,-8.302018693641092e-9
2.004,-5.172016512208893e-9,-8.20832109320405e-9
2.005,-5.085963901783557e-9,-8.11560373454057e-9
2.006,-5.001254959303493e-9,-8.023857691943528e-9
2.007,-4.917869694768735e-9,-7.933074096427901e-9
2.008,-4.835788403240631e-9,-7.843244135888463e-9
2.009,-4.754991660944878e-9,-7.754359055242286e-9
2.01,-4.675460321425333e-9,-7.666410156556467e-9
2.011,-4.597175511747994e-9,-7.57938879916144e-9
2.012,-4.520118628754541e-9,-7.493286399750254e-9
2.013,-4.444271335364799e-9,-7.408094432464147e-9
2.014,-4.36961555692756e-9,-7.323804428964814e-9
2.015,-4.296133477619137e-9,-7.2404079784936846e-9
2.016,-4.223807536889078e-9,-7.157896727918561e-9
2.017,-4.152620425952466e-9,-7.076262381767954e-9
2.018,-4.082555084328198e-9,-6.995496702253429e-9
2.019,-4.013594696422719e-9,-6.915591509280305e-9
2.02,-3.94572268815861e-9,-6.836538680446997e-9
2.021,-3.878922723647497e-9,-6.7583301510333275e-9
2.022,-3.813178701906726e-9,-6.680957913978096e-9
2.023,-3.7484747536192525e-9,-6.604414019846212e-9
2.024,-3.684795237936226e-9,-6.528690576785671e-9
2.025,-3.6221247393217197e-9,-6.453779750474662e-9
2.026,-3.5604480644390963e-9,-6.379673764059092e-9
2.027,-3.4997502390784785e-9,-6.306364898080775e-9
2.028,-3.440016505124824e-9,-6.2338454903965854e-9
2.029,-3.3812323175660846e-9,-6.162107936088807e-9
2.03,-3.323383341540962e-9,-6.091144687366954e-9
2.031,-3.266455449425751e-9,-6.0209482534612966e-9
2.032,-3.2104347179597966e-9,-5.9515112005083586e-9
2.033,-3.155307425409064e-9,-5.882826151428598e-9
2.034,-3.101060048767357e-9,-5.8148857857965366e-9
2.035,-3.047679260994704e-9,-5.747682839703544e-9
2.036,-2.9951519282924503e-9,-5.681210105613513e-9
2.037,-2.9434651074145857e-9,-5.615460432211648e-9
2.038,-2.8926060430148634e-9,-5.550426724246573e-9
2.039,-2.8425621650292472e-9,-5.486101942365988e-9
2.04,-2.7933210860932513e-9,-5.422479102946053e-9
2.041,-2.7448705989937216e-9,-5.359551277914731e-9
2.042,-2.697198674154634e-9,-5.297311594569274e-9
2.043,-2.6502934571564708e-9,-5.235753235388043e-9
2.044,-2.604143266288754e-9,-5.174869437836855e-9
2.045,-2.5587365901353132e-9,-5.114653494170053e-9
2.046,-2.514062085191877e-9,-5.0550987512264595e-9
2.047,-2.4701085735155696e-9,-4.996198610220414e-9
2.048,-2.4268650404059142e-9,-4.937946526528048e-9
2.049,-2.3843206321169413e-9,-4.880336009468983e-9
2.05,-2.342464653600001e-9,-4.8233606220836085e-9
2.051,-2.3012865662768917e-9,-4.767013980906108e-9
2.052,-2.260775985842922e-9,-4.71128975573339e-9
2.053,-2.2209226800995145e-9,-4.656181669390075e-9
2.054,-2.1817165668159817e-9,-4.6016834974897e-9
2.055,-2.1431477116200973e-9,-4.54778906819228e-9
2.056,-2.1052063259170973e-9,-4.494492261958385e-9
2.057,-2.0678827648367434e-9,-4.441787011299848e-9
2.058,-2.031167525208087e-9,-4.3896673005272794e-9
2.059,-1.995051243561588e-9,-4.338127165494494e-9
2.06,-1.959524694158224e-9,-4.287160693339993e-9
2.061,-1.924578787045254e-9,-4.236762022225637e-9
2.062,-1.890204566138285e-9,-4.1869253410726275e-9
2.063,-1.8563932073293093e-9,-4.1376448892949235e-9
2.064,-1.8231360166203764e-9,-4.088914956530217e-9
2.065,-1.7904244282825636e-9,-4.040729882368581e-9
2.066,-1.7582500030399258e-9,-3.993084056078908e-9
2.067,-1.7266044262780985e-9,-3.9459719163332515e-9
2.068,-1.6954795062772336e-9,-3.899387950929179e-9
2.069,-1.6648671724689582e-9,-3.853326696510243e-9
2.07,-1.6347594737170386e-9,-3.8077827382846835e-9
2.071,-1.6051485766214468e-9,-3.762750709742445e-9
2.072,-1.5760267638455263e-9,-3.7182252923706353e-9
2.073,-1.5473864324659536e-9,-3.674201215367492e-9
2.074,-1.5192200923452022e-9,-3.6306732553549824e-9
2.075,-1.4915203645262157e-9,-3.5876362360901063e-9
2.076,-1.4642799796490001e-9,-3.545085028175004e-9
2.077,-1.4374917763888525e-9,-3.5030145487659554e-9
2.078,-1.4111486999159397e-9,-3.4614197612813536e-9
2.079,-1.3852438003759524e-9,-3.4202956751087417e-9
2.08,-1.359770231391558e-9,-3.3796373453109907e-9
2.081,-1.3347212485843806e-9,-3.3394398723316983e-9
2.082,-1.3100902081172386e-9,-3.2996984016998897e-9
2.083,-1.2858705652563771e-9,-3.260408123734093e-9
2.084,-1.2620558729534323e-9,-3.2215642732458646e-9
2.085,-1.2386397804468676e-9,-3.183162129242836e-9
2.086,-1.2156160318826282e-9,-3.145197014631351e-9
2.087,-1.1929784649537625e-9,-3.1076642959187667e-9
2.088,-1.1707210095587585e-9,-3.070559382915474e-9
2.089,-1.1488376864783503e-9,-3.0338777284367166e-9
2.09,-1.1273226060705536e-9,-2.997614828004259e-9
2.091,-1.1061699669836873e-9,-2.9617662195479718e-9
2.092,-1.0853740548871468e-9,-2.926327483107392e-9
2.093,-1.0649292412196926e-9,-2.891294240533317e-9
2.094,-1.0448299819550252e-9,-2.856662155189486e-9
2.095,-1.0250708163844171e-9,-2.8224269316544087e-9
2.096,-1.0056463659161755e-9,-2.7885843154233893e-9
2.097,-9.865513328917165e-10,-2.7551300926108037e-9
2.098,-9.677804994180262e-10,-2.7220600896526733e-9
2.099,-9.493287262162955e-10,-2.6893701730095903e-9
2.1,-9.311909514865142e-10,-2.65705624887004e-9
2.101,-9.133621897878086e-10,-2.625114262854166e-9
2.102,-8.958375309343198e-10,-2.5935401997180213e-9
2.103,-8.78612138906411e-10,-2.562330083058357e-9
2.104,-8.61681250777004e-10,-2.531479975017978e-9
2.105,-8.450401756528399e-10,-2.500985975991718e-9
2.106,-8.2868429363047e-10,-2.47084422433307e-9
2.107,-8.126090547667762e-10,-2.4410508960615067e-9
2.108,-7.9680997806383e-10,-2.4116022045705357e-9
2.109,-7.812826504678988e-10,-2.3824944003365193e-9
2.11,-7.660227258824087e-10,-2.3537237706282983e-9
2.111,-7.510259241946803e-10,-2.325286639217651e-9
2.112,-7.362880303162505e-10,-2.297179366090624e-9
2.113,-7.218048932366017e-10,-2.2693983471597587e-9
2.114,-7.075724250901152e-10,-2.2419400139772565e-9
2.115,-6.935866002360761e-10,-2.214800833449103e-9
2.116,-6.798434543515509e-10,-2.1879773075501805e-9
2.117,-6.663390835369675e-10,-2.1614659730404037e-9
2.118,-6.530696434342267e-10,-2.135263401181897e-9
2.119,-6.400313483571761e-10,-2.1093661974572453e-9
2.12,-6.272204704342814e-10,-2.083771001288841e-9
2.121,-6.146333387633302e-10,-2.0584744857593496e-9
2.122,-6.022663385780076e-10,-2.033473357333324e-9
2.123,-5.901159104261817e-10,-2.0087643555799794e-9
2.124,-5.781785493597437e-10,-1.984344252897159e-9
2.125,-5.664508041358451e-10,-1.96020985423651e-9
2.126,-5.549292764293789e-10,-1.9363579968298836e-9
2.127,-5.436106200565525e-10,-1.912785549916988e-9
2.128,-5.324915402094034e-10,-1.8894894144743063e-9
2.129,-5.215687927011092e-10,-1.866466522945294e-9
2.13,-5.108391832219457e-10,-1.8437138389718838e-9
2.131,-5.002995666057492e-10,-1.821228357127305e-9
2.132,-4.899468461067408e-10,-1.799007102650235e-9
2.133,-4.797779726865727e-10,-1.7770471311802987e-9
2.134,-4.697899443114565e-10,-1.7553455284949305e-9
2.135,-4.5997980525923826e-10,-1.7338994102476118e-9
2.136,-4.503446454362846e-10,-1.7127059217074966e-9
2.137,-4.4088159970404607e-10,-1.6917622375004368e-9
2.138,-4.3158784721516706e-10,-1.6710655613514218e-9
2.139,-4.2246061075901176e-10,-1.6506131258284397e-9
2.14,-4.1349715611647836e-10,-1.6304021920877742e-9
2.141,-4.046947914239746e-10,-1.6104300496207445e-9
2.142,-3.9605086654643025e-10,-1.5906940160018983e-9
2.143,-3.8756277245922284e-10,-1.5711914366386685e-9
2.144,-3.792279406388951e-10,-1.5519196845224991e-9
2.145,-3.710438424625443e-10,-1.5328761599814507e-9
2.146,-3.6300798861576464e-10,-1.5140582904342912e-9
2.147,-3.551179285090261e-10,-1.4954635301460796e-9
2.148,-3.4737124970237374e-10,-1.4770893599852493e-9
2.149,-3.3976557733833427e-10,-1.4589332871821948e-9
2.15,-3.3229857358291676e-10,-1.4409928450893719e-9
2.151,-3.2496793707459743e-10,-1.42326559294291e-9
2.152,-3.177714023811776e-10,-1.405749115625748e-9
2.153,-3.107067394644084e-10,-1.3884410234322915e-9
2.154,-3.0377175315227433e-10,-1.3713389518346e-9
2.155,-2.96964282618831e-10,-1.354440561250106e-9
2.156,-2.9028220087149276e-10,-1.3377435368108668e-9
2.157,-2.837234142456686e-10,-1.321245588134355e-9
2.158,-2.7728586190664397e-10,-1.3049444490957882e-9
2.159,-2.709675153586096e-10,-1.2888378776019988e-9
2.16,-2.647663779607383e-10,-1.2729236553668482e-9
2.161,-2.5868048445021313e-10,-1.2571995876881847e-9
2.162,-2.5270790047210987e-10,-1.2416635032263447e-9
2.163,-2.4684672211604076e-10,-1.2263132537842023e-9
2.164,-2.410950754594647e-10,-1.2111467140887618e-9
2.165,-2.354511161175722e-10,-1.1961617815742976e-9
2.166,-2.299130287996543e-10,-1.1813563761670383e-9
2.167,-2.2447902687186582e-10,-1.1667284400713963e-9
2.168,-2.1914735192629382e-10,-1.1522759375577405e-9
2.169,-2.1391627335624426e-10,-1.137996854751712e-9
2.17,-2.0878408793766065e-10,-1.1238891994250796e-9
2.171,-2.037491194165896e-10,-1.1099510007881368e-9
2.172,-1.9880971810260916e-10,-1.096180309283634e-9
2.173,-1.9396426046813718e-10,-1.0825751963822467e-9
2.174,-1.8921114875353815e-10,-1.0691337543795764e-9
2.175,-1.845488105779475e-10,-1.0558540961946814e-9
2.176,-1.7997569855573428e-10,-1.0427343551701343e-9
2.177,-1.754902899185231e-10,-1.0297726848736044e-9
2.178,-1.710910861426986e-10,-1.0169672589009593e-9
2.179,-1.6677661258231517e-10,-1.0043162706808847e-9
2.18,-1.6254541810733752e-10,-9.918179332810171e-10
2.181,-1.5839607474713658e-10,-9.79470479215587e-10
2.182,-1.5432717733916842e-10,-9.672721602545638e-10
2.183,-1.503373431827629e-10,-9.552212472343079e-10
2.184,-1.464252116979512e-10,-9.433160298697136e-10
2.185,-1.4258944408926125e-10,-9.315548165678464e-10
2.186,-1.38828723014412e-10,-9.199359342430685e-10
2.187,-1.3514175225783754e-10,-9.084577281336447e-10
2.188,-1.3152725640897366e-10,-8.971185616198261e-10
2.189,-1.2798398054523975e-10,-8.859168160434061e-10
2.19,-1.245106899196504e-10,-8.748508905287426e-10
2.191,-1.2110616965299182e-10,-8.639192018052414e-10
2.192,-1.1776922443049851e-10,-8.531201840312942e-10
2.193,-1.1449867820296744e-10,-8.424522886196681e-10
2.194,-1.1129337389224688e-10,-8.319139840643363e-10
2.195,-1.0815217310103884e-10,-8.21503755768749e-10
2.196,-1.0507395582695373e-10,-8.112201058755334e-10
2.197,-1.0205762018075803e-10,-8.010615530976215e-10
2.198,-9.910208210875531e-11,-7.910266325507946e-10
2.199,-9.620627511924263e-11,-7.811138955876425e-10
2.2,-9.336915001298468e-11,-7.713219096329269e-10
2.201,-9.058967461764902e-11,-7.616492580203451e-10
2.202,-8.786683352614627e-11,-7.520945398306864e-10
2.203,-8.519962783882039e-11,-7.426563697313739e-10
2.204,-8.258707490943411e-11,-7.333333778173858e-10
2.205,-8.002820809489638e-11,-7.24124209453548e-10
2.206,-7.75220765086783e-11,-7.150275251181924e-10
2.207,-7.506774477786566e-11,-7.060420002481728e-10
2.208,-7.26642928037964e-11,-6.971663250852309e-10
2.209,-7.031081552623205e-11,-6.883992045237064e-10
2.21,-6.800642269101316e-11,-6.797393579595833e-10
2.211,-6.57502386211492e-11,-6.71185519140864e-10
2.212,-6.354140199129404e-11,-6.627364360192661e-10
2.213,-6.137906560555894e-11,-6.543908706032315e-10
2.214,-5.926239617861569e-11,-6.461475988122432e-10
2.215,-5.719057412004282e-11,-6.380054103324402e-10
2.216,-5.516279332186898e-11,-6.299631084735233e-10
2.217,-5.31782609492677e-11,-6.220195100269447e-10
2.218,-5.1236197234358754e-11,-6.141734451253736e-10
2.219,-4.933583527307174e-11,-6.064237571034296e-10
2.22,-4.747642082502824e-11,-5.987693023596762e-10
2.221,-4.5657212116399324e-11,-5.912089502198672e-10
2.222,-4.387747964569607e-11,-5.837415828014374e-10
2.223,-4.213650599245096e-11,-5.763660948792301e-10
2.224,-4.043358562874899e-11,-5.690813937524542e-10
2.225,-3.8768024733567615e-11,-5.618863991128615e-10
2.226,-3.713914100988524e-11,-5.547800429141373e-10
2.227,-3.554626350451873e-11,-5.477612692424966e-10
2.228,-3.398873243065074e-11,-5.40829034188477e-10
2.229,-3.2465898993008265e-11,-5.339823057199216e-10
2.23,-3.0977125215654374e-11,-5.272200635561421e-10
2.231,-2.9521783772355605e-11,-5.205412990432561e-10
2.232,-2.809925781948803e-11,-5.13945015030689e-10
2.233,-2.6708940831445455e-11,-5.074302257488342e-10
2.234,-2.5350236438513793e-11,-5.009959566878613e-10
2.235,-2.402255826717607e-11,-4.946412444776663e-10
2.236,-2.272532978281314e-11,-4.88365136768955e-10
2.237,-2.1457984134765486e-11,-4.821666921154518e-10
2.238,-2.0219964003722168e-11,-4.760449798572248e-10
2.239,-1.901072145140328e-11,-4.699990800051216e-10
2.24,-1.782971777250281e-11,-4.640280831263044e-10
2.241,-1.667642334885935e-11,-4.5813109023088053e-10
2.242,-1.5550317505822327e-11,-4.523072126596162e-10
2.243,-1.4450888370782124e-11,-4.465555719727285e-10
2.244,-1.3377632733832752e-11,-4.4087529983974656e-10
2.245,-1.2330055910536183e-11,-4.352655379304338e-10
2.246,-1.1307671606757952e-11,-4.297254378067635e-10
2.247,-1.0310001785543976e-11,-4.2425416081594e-10
2.248,-9.336576536009031e-12,-4.18850877984457e-10
2.249,-8.38693394420768e-12,-4.135147699131859e-10
2.25,-7.460619965958875e-12,-4.0824502667348557e-10
2.251,-6.557188301595904e-12,-4.030408477043257e-10
2.252,-5.676200272613645e-12,-3.979014417104166e-10
2.253,-4.817224700185593e-12,-3.928260265613367e-10
2.254,-3.979837785523427e-12,-3.8781382919165075e-10
2.255,-3.163622992052329e-12,-3.8286408550201013e-10
2.256,-2.3681709293755836e-12,-3.7797604026122825e-10
2.257,-1.5930792390024052e-12,-3.7314894700932273e-10
2.258,-8.37952481813278e-13,-3.6838206796151734e-10
2.259,-1.0240202723746541e-13,-3.636746739131948e-10
2.26,6.139540558823042e-13,-3.590260441457942e-10
2.261,1.3114911067626118e-12,-3.5443546633364457e-10
2.262,1.9905779785138776e-12,-3.4990223645172677e-10
2.263,2.6515771423605976e-12,-3.454256586843571e-10
2.264,3.294844790270902e-12,-3.41005045334784e-10
2.265,3.9207309360187176e-12,-3.36639716735691e-10
2.266,4.5295795147014866e-12,-3.3232900116059806e-10
2.267,5.121728480736082e-12,-3.280722347361546e-10
2.268,5.697509904355216e-12,-3.23868761355315e-10
2.269,6.257250066626355e-12,-3.1971793259139167e-10
2.27,6.80126955301482e-12,-3.156191076129762e-10
2.271,7.329883345512452e-12,-3.1157165309972224e-10
2.272,7.843400913352924e-12,-3.075749431589829e-10
2.273,8.342126302334481e-12,-3.036283592432947e-10
2.274,8.826358222770592e-12,-2.99731290068702e-10
2.275,9.29639013608871e-12,-2.958831315339132e-10
2.276,9.752510340097059e-12,-2.9208328664028286e-10
2.277,1.0195002052939061e-11,-2.883311654126122e-10
2.278,1.0624143495754769e-11,-2.846261848207606e-10
2.279,1.1040207974068373e-11,-2.8096776870206114e-10
2.28,1.144346395792059e-11,-2.7735534768453367e-10
2.281,1.1834175160764458e-11,-2.7378835911088804e-10
2.282,1.2212600617142849e-11,-2.702662469633102e-10
2.283,1.2578994759165662e-11,-2.66788461789025e-10
2.284,1.29336074918045e-11,-2.6335446062662865e-10
2.285,1.3276684267022316e-11,-2.599637069331832e-10
2.286,1.360846615675528e-11,-2.566156705120678e-10
2.287,1.3929189924763899e-11,-2.5330982744157834e-10
2.288,1.4239088097370126e-11,-2.500456600042702e-10
2.289,1.4538389033097026e-11,-2.468226566170362e-10
2.29,1.482731699122726e-11,-2.4364031176191433e-10
2.291,1.5106092199296457e-11,-2.404981259176174e-10
2.292,1.537493091953732e-11,-2.3739560549177955e-10
2.293,1.5634045514290037e-11,-2.3433226275391157e-10
2.294,1.588364451039442e-11,-2.3130761576905965e-10
2.295,1.6123932662578908e-11,-2.2832118833216092e-10
2.296,1.6355111015861367e-11,-2.2537250990308913e-10
2.297,1.6577376966976453e-11,-2.2246111554238412e-10
2.298,1.6790924324844032e-11,-2.1958654584765933e-10
2.299,1.699594337009297e-11,-2.167483468906804e-10
2.3,1.719262091365439e-11,-2.1394607015510912e-10
2.301,1.738114035443834e-11,-2.111792724749064e-10
2.302,1.7561681736107513e-11,-2.084475159733879e-10
2.303,1.7734421802961584e-11,-2.0575036800292682e-10
2.304,1.7899534054945427e-11,-2.030874010852972e-10
2.305,1.8057188801794374e-11,-2.0045819285265192e-10
2.306,1.8207553216329415e-11,-1.978623259891297e-10
2.307,1.8350791386915103e-11,-1.9529938817308464e-10
2.308,1.8487064369092727e-11,-1.927689720199331e-10
2.309,1.861653023640111e-11,-1.9027067502561134e-10
2.31,1.8739344130397263e-11,-1.878040995106387e-10
2.311,1.8855658309888913e-11,-1.853688525647804e-10
2.312,1.8965622199390723e-11,-1.8296454599230397e-10
2.313,1.9069382436815952e-11,-1.8059079625782402e-10
2.314,1.9167082920415008e-11,-1.7824722443272962e-10
2.315,1.925886485497225e-11,-1.759334561421884e-10
2.316,1.9344866797272233e-11,-1.736491215127223e-10
2.317,1.9425224700846445e-11,-1.7139385512034917e-10
2.318,1.95000719600113e-11,-1.6916729593928452e-10
2.319,1.9569539453208198e-11,-1.6696908729119877e-10
2.32,1.963375558565613e-11,-1.6479887679502367e-10
2.321,1.969284633132725e-11,-1.6265631631730328e-10
2.322,1.9746935274255627e-11,-1.6054106192308368e-10
2.323,1.9796143649189328e-11,-1.5845277382733671e-10
2.324,1.9840590381595698e-11,-1.5639111634691188e-10
2.325,1.9880392127029733e-11,-1.5435575785301173e-10
2.326,1.99156633098751e-11,-1.5234637072418541e-10
2.327,1.994651616146743e-11,-1.5036263129983522e-10
2.328,1.9973060757609174e-11,-1.4840421983423118e-10
2.329,1.999540505548533e-11,-1.4647082045102868e-10
2.33,2.00136549299891e-11,-1.4456212109828402e-10
2.331,2.0027914209466503e-11,-1.4267781350396309e-10
2.332,2.0038284710888722e-11,-1.4081759313193816e-10
2.333,2.0044866274460987e-11,-1.3898115913846812e-10
2.334,2.0047756797676494e-11,-1.3716821432915698e-10
2.335,2.0047052268823875e-11,-1.353784651163863e-10
2.336,2.004284679995655e-11,-1.3361162147721654e-10
2.337,2.0035232659332166e-11,-1.3186739691175252e-10
2.338,2.002430030333022e-11,-1.301455084019687e-10
2.339,2.0010138407855857e-11,-1.2844567637098928e-10
2.34,1.999283389923768e-11,-1.2676762464281877e-10
2.341,1.9972471984627332e-11,-1.2511108040251836e-10
2.342,1.99491361819085e-11,-1.2347577415682372e-10
2.343,1.99229083491228e-11,-1.2186143969519944e-10
2.344,1.9893868713420013e-11,-1.202678140513262e-10
2.345,1.9862095899539966e-11,-1.186946374650157e-10
2.346,1.982766695783318e-11,-1.1714165334454946e-10
2.347,1.979065739182747e-11,-1.156086082294368e-10
2.348,1.9751141185347416e-11,-1.1409525175358808e-10
2.349,1.9709190829193582e-11,-1.1260133660889857e-10
2.35,1.9664877347388306e-11,-1.1112661850923908e-10
2.351,1.9618270322994686e-11,-1.0967085615484896e-10
2.352,1.9569437923515377e-11,-1.0823381119712738e-10
2.353,1.9518446925877653e-11,-1.0681524820381885e-10
2.354,1.9465362741011156e-11,-1.054149346245889e-10
2.355,1.9410249438024574e-11,-1.0403264075698577e-10
2.356,1.935316976798749e-11,-1.0266813971278428e-10
2.357,1.9294185187323484e-11,-1.0132120738470791e-10
2.358,1.923335588082052e-11,-9.999162241352493e-11
2.359,1.9170740784264512e-11,-9.86791661555151e-11
2.36,1.910639760670196e-11,-9.738362265030266e-11
2.361,1.9040382852337344e-11,-9.610477858905212e-11
2.362,1.8972751842071022e-11,-9.484242328302289e-11
2.363,1.8903558734683118e-11,-9.359634863247904e-11
2.364,1.8832856547669e-11,-9.236634909595049e-11
2.365,1.8760697177731665e-11,-9.115222165984197e-11
2.366,1.8687131420936475e-11,-8.9953765808386e-11
2.367,1.8612208992533386e-11,-8.87707834939364e-11
2.368,1.8535978546451972e-11,-8.760307910759871e-11
2.369,1.8458487694474217e-11,-8.645045945019387e-11
2.37,1.8379783025090223e-11,-8.531273370355181e-11
2.371,1.829991012204169e-11,-8.418971340213135e-11
2.372,1.8218913582558095e-11,-8.308121240496298e-11
2.373,1.813683703529038e-11,-8.198704686791113e-11
2.374,1.8053723157946822e-11,-8.090703521625254e-11
2.375,1.7969613694635828e-11,-7.984099811756727e-11
2.376,1.788454947292017e-11,-7.878875845493924e-11
2.377,1.779857042058727e-11,-7.775014130046279e-11
2.378,1.7711715582139857e-11,-7.672497388905206e-11
2.379,1.762402313501156e-11,-7.571308559255013e-11
2.38,1.7535530405511582e-11,-7.471430789413439e-11
2.381,1.744627388450286e-11,-7.372847436301525e-11
2.382,1.7356289242817795e-11,-7.2755420629425e-11
2.383,1.7265611346415746e-11,-7.179498435989348e-11
2.384,1.7174274271286344e-11,-7.084700523280783e-11
2.385,1.7082311318102603e-11,-6.991132491425308e-11
2.386,1.6989755026627834e-11,-6.898778703413042e-11
2.387,1.6896637189880184e-11,-6.807623716255052e-11
2.388,1.680298886805867e-11,-6.717652278649855e-11
2.389,1.6708840402234466e-11,-6.628849328676824e-11
2.39,1.6614221427811168e-11,-6.541199991516194e-11
2.391,1.651916088775767e-11,-6.454689577195378e-11
2.392,1.6423687045617288e-11,-6.369303578361326e-11
2.393,1.6327827498296638e-11,-6.285027668078614e-11
2.394,1.623160918863782e-11,-6.201847697653016e-11
2.395,1.613505841777729e-11,-6.11974969448026e-11
2.396,1.603820085729483e-11,-6.038719859919698e-11
2.397,1.5941061561156e-11,-5.958744567192625e-11
2.398,1.5843664977451276e-11,-5.879810359304977e-11
2.399,1.5746034959935183e-11,-5.801903946994134e-11
2.4,1.5648194779368565e-11,-5.725012206699571e-11
2.401,1.555016713466718e-11,-5.649122178557095e-11
2.402,1.5451974163859647e-11,-5.574221064416408e-11
2.403,1.5353637454857856e-11,-5.5002962258817474e-11
2.404,1.52551780560428e-11,-5.427335182375332e-11
2.405,1.5156616486668793e-11,-5.3553256092233887e-11
2.406,1.5057972747088985e-11,-5.284255335764492e-11
2.407,1.495926632880505e-11,-5.214112343479974e-11
2.408,1.4860516224343804e-11,-5.1448847641461725e-11
2.409,1.4761740936963664e-11,-5.076560878008258e-11
2.41,1.4662958490193515e-11,-5.009129111975423e-11
2.411,1.456418643720681e-11,-4.942578037837176e-11
2.412,1.4465441870033489e-11,-4.876896370500521e-11
2.413,1.4366741428612359e-11,-4.8120729662477875e-11
2.414,1.426810130968648e-11,-4.74809682101488e-11
2.415,1.4169537275544105e-11,-4.6849570686897207e-11
2.416,1.4071064662607674e-11,-4.622642979430663e-11
2.417,1.3972698389873298e-11,-4.561143958004655e-11
2.418,1.3874452967203156e-11,-4.500449542144924e-11
2.419,1.3776342503473207e-11,-4.440549400927982e-11
2.42,1.3678380714578521e-11,-4.381433333169715e-11
2.421,1.3580580931298564e-11,-4.323091265840365e-11
2.422,1.3482956107024719e-11,-4.265513252498172e-11
2.423,1.3385518825352233e-11,-4.20868947174149e-11
2.424,1.3288281307538855e-11,-4.1526102256791464e-11
2.425,1.3191255419832275e-11,-4.097265938418865e-11
2.426,1.3094452680668545e-11,-4.0426471545735273e-11
2.427,1.2997884267743554e-11,-3.988744537785089e-11
2.428,1.2901561024959642e-11,-3.935548869265944e-11
2.429,1.2805493469249383e-11,-3.883051046357542e-11
2.43,1.270969179727855e-11,-3.8312420811060674e-11
2.431,1.2614165892030237e-11,-3.7801130988549877e-11
2.432,1.2518925329272066e-11,-3.729655336854275e-11
2.433,1.2423979383908418e-11,-3.6798601428861216e-11
2.434,1.232933703621956e-11,-3.630718973906958e-11
2.435,1.2235006977989518e-11,-3.582223394705587e-11
2.436,1.2140997618524539e-11,-3.5343650765772615e-11
2.437,1.2047317090563921e-11,-3.4871357960135116e-11
2.438,1.1953973256084997e-11,-3.440527433407554e-11
2.439,1.1860973712004006e-11,-3.394531971775103e-11
2.44,1.1768325795774575e-11,-3.3491414954904066e-11
2.441,1.1676036590885489e-11,-3.3043481890373375e-11
2.442,1.1584112932259428e-11,-3.260144335775368e-11
2.443,1.1492561411554284e-11,-3.216522316720254e-11
2.444,1.1401388382368706e-11,-3.1734746093392726e-11
2.445,1.1310599965353407e-11,-3.130993786360832e-11
2.446,1.1220202053229859e-11,-3.089072514598303e-11
2.447,1.1130200315717835e-11,-3.047703553787907e-11
2.448,1.1040600204373393e-11,-3.006879755440486e-11
2.449,1.095140695733873e-11,-2.9665940617070224e-11
2.45,1.0862625604005387e-11,-2.9268395042577297e-11
2.451,1.0774260969592272e-11,-2.8876092031745626e-11
2.452,1.0686317679639887e-11,-2.848896365857001e-11
2.453,1.0598800164422183e-11,-2.8106942859409498e-11
2.454,1.051171266327739e-11,-2.7729963422306036e-11
2.455,1.0425059228859216e-11,-2.735795997643129e-11
2.456,1.0338843731309708e-11,-2.699086798166018e-11
2.457,1.0253069862355115e-11,-2.6628623718269647e-11
2.458,1.0167741139326028e-11,-2.6271164276761233e-11
2.459,1.0082860909103067e-11,-2.5918427547806037e-11
2.46,9.998432351989393e-12,-2.5570352212310637e-11
2.461,9.914458485511222e-12,-2.5226877731602587e-11
2.462,9.83094216814762e-12,-2.4887944337734115e-11
2.463,9.74788610299071e-12,-2.455349302390263e-11
2.464,9.665292841337502e-12,-2.422346553498674e-11
2.465,9.583164786214493e-12,-2.389780435819638e-11
2.466,9.501504195836157e-12,-2.357645271383579e-11
2.467,9.420313186998475e-12,-2.3259354546177995e-11
2.468,9.339593738408568e-12,-2.294645451444952e-11
2.469,9.259347693951554e-12,-2.2637697983924034e-11
2.47,9.179576765895659e-12,-2.2333031017123702e-11
2.471,9.100282538036669e-12,-2.203240036512694e-11
2.472,9.021466468782716e-12,-2.1735753458981408e-11
2.473,8.943129894180438e-12,-2.1443038401220907e-11
2.474,8.865274030883526e-12,-2.1154203957485126e-11
2.475,8.787899979064594e-12,-2.086919954824087e-11
2.476,8.71100872527139e-12,-2.0587975240603735e-11
2.477,8.634601145228273e-12,-2.0310481740258967e-11
2.478,8.558678006583912e-12,-2.0036670383480366e-11
2.479,8.48323997160609e-12,-1.976649312924614e-11
2.48,8.408287599824583e-12,-1.9499902551450485e-11
2.481,8.333821350622949e-12,-1.9236851831209875e-11
2.482,8.259841585780137e-12,-1.8977294749262862e-11
2.483,8.186348571962773e-12,-1.8721185678462376e-11
2.484,8.113342483168977e-12,-1.846847957635934e-11
2.485,8.04082340312453e-12,-1.8219131977876663e-11
2.486,7.968791327632249e-12,-1.7973098988072407e-11
2.487,7.897246166875349e-12,-1.7730337274991203e-11
2.488,7.826187747675594e-12,-1.749080406260279e-11
2.489,7.755615815707047e-12,-1.7254457123826733e-11
2.49,7.685530037666157e-12,-1.7021254773642226e-11
2.491,7.615930003398953e-12,-1.6791155862282043e-11
2.492,7.546815227986112e-12,-1.656411976850962e-11
2.493,7.478185153786609e-12,-1.6340106392978285e-11
2.494,7.410039152440677e-12,-1.611907615167168e-11
2.495,7.342376526832808e-12,-1.5900989969424413e-11
2.496,7.275196513015469e-12,-1.568580927352199e-11
2.497,7.208498282094238e-12,-1.54734959873791e-11
2.498,7.142280942075028e-12,-1.5264012524295293e-11
2.499,7.0765435396740755e-12,-1.505732178128723e-11
2.5,7.011285062091333e-12,-1.4853387132996454e-11
2.501,6.946504438747928e-12,-1.4652172425671925e-11
2.502,6.882200542988305e-12,-1.4453641971226362e-11
2.503,6.8183721937476966e-12,-1.4257760541365516e-11
2.504,6.755018157185506e-12,-1.4064493361789552e-11
2.505,6.692137148285238e-12,-1.387380610646564e-11
2.506,6.6297278324215455e-12,-1.3685664891970944e-11
2.507,6.567788826894995e-12,-1.3500036271905139e-11
2.508,6.50631870243511e-12,-1.3316887231371672e-11
2.509,6.445315984672261e-12,-1.3136185181526906e-11
2.51,6.384779155578977e-12,-1.2957897954196374e-11
2.511,6.324706654881188e-12,-1.2781993796557323e-11
2.512,6.26509688143997e-12,-1.2608441365886777e-11
2.513,6.205948194604304e-12,-1.2437209724374304e-11
2.514,6.1472589155353715e-12,-1.2268268333998771e-11
2.515,6.089027328502902e-12,-1.210158705146827e-11
2.516,6.031251682154072e-12,-1.1937136123222489e-11
2.517,5.97393019075545e-12,-1.1774886180496774e-11
2.518,5.9170610354084714e-12,-1.1614808234447165e-11
2.519,5.860642365238934e-12,-1.1456873671335626e-11
2.52,5.8046722985609685e-12,-1.1301054247774818e-11
2.521,5.7491489240159525e-12,-1.1147322086031647e-11
2.522,5.694070301686834e-12,-1.0995649669388907e-11
2.523,5.6394344641882874e-12,-1.0846009837564322e-11
2.524,5.585239417733173e-12,-1.0698375782186297e-11
2.525,5.531483143175704e-12,-1.0552721042325692e-11
2.526,5.478163597031765e-12,-1.0409019500082953e-11
2.527,5.4252787124767894e-12,-1.026724537622994e-11
2.528,5.37282640032162e-12,-1.012737322590578e-11
2.529,5.320804549966741e-12,-9.989377934366117e-12
2.53,5.269211030335289e-12,-9.853234712785091e-12
2.531,5.21804369078524e-12,-9.718919094109435e-12
2.532,5.167300362001137e-12,-9.586406928964055e-12
2.533,5.1169788568657574e-12,-9.455674381608467e-12
2.534,5.06707697131208e-12,-9.326697925943491e-12
2.535,5.017592485155922e-12,-9.19945434156757e-12
2.536,4.9685231629096015e-12,-9.07392070988216e-12
2.537,4.91986675457698e-12,-8.950074410245551e-12
2.538,4.871620996430235e-12,-8.827893116174575e-12
2.539,4.823783611768704e-12,-8.707354791593583e-12
2.54,4.7763523116601266e-12,-8.588437687130161e-12
2.541,4.729324795664628e-12,-8.47112033645699e-12
2.542,4.682698752541763e-12,-8.355381552679303e-12
2.543,4.636471860940931e-12,-8.241200424767384e-12
2.544,4.59064179007549e-12,-8.128556314033577e-12
2.545,4.54520620038087e-12,-8.017428850653237e-12
2.546,4.500162744156982e-12,-7.907797930229127e-12
2.547,4.455509066195241e-12,-7.799643710398699e-12
2.548,4.411242804390468e-12,-7.692946607483767e-12
2.549,4.367361590337985e-12,-7.58768729318205e-12
2.55,4.323863049916167e-12,-7.483846691300048e-12
2.551,4.280744803854738e-12,-7.381405974526809e-12
2.552,4.238004468289084e-12,-7.280346561248024e-12
2.553,4.195639655300844e-12,-7.180650112400014e-12
2.554,4.153647973445055e-12,-7.082298528363081e-12
2.555,4.112027028264104e-12,-6.985273945893778e-12
2.556,4.07077442278873e-12,-6.889558735095603e-12
2.557,4.029887758026358e-12,-6.7951354964276564e-12
2.558,3.989364633436972e-12,-6.7019870577507955e-12
2.559,3.949202647396803e-12,-6.61009647141084e-12
2.56,3.909399397650045e-12,-6.5194470113583615e-12
2.561,3.869952481748852e-12,-6.430022170304617e-12
2.562,3.830859497481827e-12,-6.341805656913192e-12
2.563,3.792118043291246e-12,-6.2547813930269055e-12
2.564,3.753725718679227e-12,-6.1689335109295524e-12
2.565,3.715680124603067e-12,-6.084246350642057e-12
2.566,3.677978863859957e-12,-6.000704457252621e-12
2.567,3.640619541461293e-12,-5.918292578280432e-12
2.568,3.6035997649967792e-12,-5.836995661072556e-12
2.569,3.566917144988539e-12,-5.756798850233562e-12
2.57,3.530569295235418e-12,-5.6776874850875245e-12
2.571,3.4945538331476887e-12,-5.599647097171971e-12
2.572,3.458868380072345e-12,-5.522663407763404e-12
2.573,3.4235105616091702e-12,-5.446722325433999e-12
2.574,3.388478007917772e-12,-5.371809943639103e-12
2.575,3.3537683540157648e-12,-5.297912538335148e-12
2.576,3.3193792400682753e-12,-5.225016565627618e-12
2.577,3.285308311668952e-12,-5.153108659448683e-12
2.578,3.2515532201126503e-12,-5.082175629264154e-12
2.579,3.2181116226599602e-12,-5.012204457809381e-12
2.58,3.1849811827937506e-12,-4.943182298853754e-12
2.581,3.1521595704678866e-12,-4.8750964749934424e-12
2.582,3.119644462348284e-12,-4.80793447547203e-12
2.583,3.0874335420464625e-12,-4.741683954028704e-12
2.584,3.055524500345748e-12,-4.676332726773657e-12
2.585,3.023915035420278e-12,-4.611868770090362e-12
2.586,2.9926028530469646e-12,-4.5482802185644e-12
2.587,2.9615856668105525e-12,-4.485555362938493e-12
2.588,2.9308611983019292e-12,-4.423682648093449e-12
2.589,2.900427177309819e-12,-4.362650671054667e-12
2.59,2.8702813420060043e-12,-4.302448179023905e-12
2.591,2.8404214391242137e-12,-4.243064067436e-12
2.592,2.8108452241328053e-12,-4.184487378040218e-12
2.593,2.781550461401384e-12,-4.126707297005943e-12
2.594,2.7525349243614778e-12,-4.069713153052399e-12
2.595,2.7237963956614006e-12,-4.013494415602099e-12
2.596,2.6953326673154306e-12,-3.9580406929577485e-12
2.597,2.6671415408474214e-12,-3.903341730502286e-12
2.598,2.6392208274289717e-12,-3.849387408921797e-12
2.599,2.611568348012267e-12,-3.796167742451007e-12
2.6,2.5841819334577153e-12,-3.743672877141068e-12
2.601,2.5570594246564822e-12,-3.691893089149378e-12
2.602,2.530198672648047e-12,-3.640818783051147e-12
2.603,2.5035975387328854e-12,-3.590440490172439e-12
2.604,2.4772538945803805e-12,-3.5407488669444386e-12
2.605,2.451165622332084e-12,-3.491734693278656e-12
2.606,2.4253306147004104e-12,-3.4433888709628288e-12
2.607,2.399746775062887e-12,-3.3957024220772534e-12
2.608,2.3744120175520453e-12,-3.3486664874312952e-12
2.609,2.3493242671410563e-12,-3.302272325019828e-12
2.61,2.3244814597252096e-12,-3.256511308499347e-12
2.611,2.2998815421993267e-12,-3.211374925683522e-12
2.612,2.275522472531204e-12,-3.16685477705794e-12
2.613,2.2514022198311737e-12,-3.1229425743137986e-12
2.614,2.2275187644178763e-12,-3.0796301389003194e-12
2.615,2.2038700978803275e-12,-3.036909400595641e-12
2.616,2.1804542231363706e-12,-2.9947723960959688e-12
2.617,2.1572691544875963e-12,-2.953211267622743e-12
2.618,2.134312917670811e-12,-2.912218261547614e-12
2.619,2.111583549906141e-12,-2.8717857270349885e-12
2.62,2.0890790999418426e-12,-2.831906114701937e-12
2.621,2.0667976280959095e-12,-2.7925719752952405e-12
2.622,2.0447372062945424e-12,-2.7537759583853642e-12
2.623,2.0228959181075614e-12,-2.715510811077147e-12
2.624,2.0012718587808363e-12,-2.6777693767369927e-12
2.625,1.9798631352658048e-12,-2.6405445937363653e-12
2.626,1.958667866246151e-12,-2.6038294942113767e-12
2.627,1.9376841821617122e-12,-2.5676172028382662e-12
2.628,1.9169102252296867e-12,-2.531900935624578e-12
2.629,1.8963441494632046e-12,-2.4966739987158316e-12
2.63,1.8759841206873297e-12,-2.4619297872175005e-12
2.631,1.855828316552558e-12,-2.4276617840320974e-12
2.632,1.8358749265458765e-12,-2.3938635587111845e-12
2.633,1.816122151999438e-12,-2.3605287663221144e-12
2.634,1.7965682060969248e-12,-2.3276511463293258e-12
2.635,1.7772113138776483e-12,-2.2952245214900002e-12
2.636,1.7580497122384514e-12,-2.2632427967639074e-12
2.637,1.7390816499334675e-12,-2.2316999582372603e-12
2.638,1.7203053875717942e-12,-2.2005900720603956e-12
2.639,1.7017191976131345e-12,-2.1699072833991213e-12
2.64,1.6833213643614612e-12,-2.13964581539954e-12
2.641,1.6651101839567592e-12,-2.109799968166196e-12
2.642,1.6470839643648916e-12,-2.0803641177533673e-12
2.643,1.6292410253656488e-12,-2.0513327151693416e-12
2.644,1.6115796985390239e-12,-2.0227002853935103e-12
2.645,1.594098327249765e-12,-1.994461426406122e-12
2.646,1.576795266630255e-12,-1.9666108082305322e-12
2.647,1.5596688835617625e-12,-1.9391431719877975e-12
2.648,1.5427175566541112e-12,-1.9120533289634484e-12
2.649,1.5259396762238128e-12,-1.8853361596862994e-12
2.65,1.5093336442707074e-12,-1.8589866130191346e-12
2.651,1.4928978744531563e-12,-1.832999705261123e-12
2.652,1.4766307920618251e-12,-1.807370519261817e-12
2.653,1.4605308339921047e-12,-1.7820942035465837e-12
2.654,1.4445964487152066e-12,-1.757165971453326e-12
2.655,1.428826096247973e-12,-1.732581100280353e-12
2.656,1.4132182481214424e-12,-1.708334930445255e-12
2.657,1.397771387348208e-12,-1.6844228646546474e-12
2.658,1.3824840083886043e-12,-1.6608403670846435e-12
2.659,1.3673546171157634e-12,-1.63758296257192e-12
2.66,1.352381730779572e-12,-1.6146462358152444e-12
2.661,1.3375638779695665e-12,-1.5920258305873278e-12
2.662,1.3228995985768007e-12,-1.5697174489568744e-12
2.663,1.30838744375472e-12,-1.5477168505206989e-12
2.664,1.2940259758790735e-12,-1.5260198516457816e-12
2.665,1.2798137685068983e-12,-1.504622324721139e-12
2.666,1.2657494063346059e-12,-1.4835201974193805e-12
2.667,1.2518314851552037e-12,-1.4627094519678338e-12
2.668,1.238058611814679e-12,-1.4421861244291124e-12
2.669,1.224429404167578e-12,-1.4219463039910084e-12
2.67,1.2109424910318069e-12,-1.4019861322655918e-12
2.671,1.1975965121426853e-12,-1.3823018025973975e-12
2.672,1.1843901181062764e-12,-1.362889559380587e-12
2.673,1.171321970352026e-12,-1.3437456973849688e-12
2.674,1.1583907410847307e-12,-1.3248665610907648e-12
2.675,1.1455951132358695e-12,-1.306248544032014e-12
2.676,1.1329337804143148e-12,-1.2878880881484993e-12
2.677,1.1204054468564552e-12,-1.269781683146093e-12
2.678,1.1080088273757503e-12,-1.2519258658654113e-12
2.679,1.095742647311744e-12,-1.2343172196586722e-12
2.68,1.0836056424785565e-12,-1.2169523737746532e-12
2.681,1.0715965591128798e-12,-1.1998280027516464e-12
2.682,1.0597141538215e-12,-1.1829408258183045e-12
2.683,1.0479571935283646e-12,-1.1662876063022835e-12
2.684,1.0363244554212187e-12,-1.1498651510465776e-12
2.685,1.024814726897831e-12,-1.1336703098334501e-12
2.686,1.013426805511829e-12,-1.1176999748158642e-12
2.687,1.0021594989181618e-12,-1.101951079956315e-12
2.688,9.910116248182137e-13,-1.086420600472972e-12
2.689,9.799820109045828e-13,-1.0711055522930363e-12
2.69,9.690694948055488e-13,-1.0560029915132185e-12
2.691,9.58272924029241e-13,-1.0411100138672526e-12
2.692,9.475911559075303e-13,-1.026423754200348e-12
2.693,9.370230575396603e-13,-1.0119413859504967e-12
2.694,9.265675057356317e-13,-9.976601206365454e-13
2.695,9.162233869593618e-13,-9.83577207352947e-13
2.696,9.0598959727163e-13,-9.696899322711038e-13
2.697,8.958650422728271e-13,-9.559956181472223e-13
2.698,8.858486370455254e-13,-9.424916238365912e-13
2.699,8.759393060968801e-13,-9.291753438142029e-13
2.7,8.661359833008815e-13,-9.160442077016388e-13
2.701,8.564376118404683e-13,-9.030956798001337e-13
2.702,8.468431441495183e-13,-8.903272586297441e-13
2.703,8.373515418547281e-13,-8.7773647647454e-13
2.704,8.279617757173969e-13,-8.653208989337434e-13
2.705,8.186728255751256e-13,-8.530781244787377e-13
2.706,8.094836802834446e-13,-8.410057840158714e-13
2.707,8.00393337657382e-13,-8.291015404549829e-13
2.708,7.914008044129847e-13,-8.173630882835723e-13
2.709,7.825050961088035e-13,-8.057881531465479e-13
2.71,7.737052370873529e-13,-7.943744914314748e-13
2.711,7.650002604165585e-13,-7.831198898592574e-13
2.712,7.563892078312008e-13,-7.720221650801818e-13
2.713,7.47871129674366e-13,-7.610791632752537e-13
2.714,7.394450848389153e-13,-7.5028875976276e-13
2.715,7.311101407089816e-13,-7.396488586099891e-13
2.716,7.228653731015029e-13,-7.291573922500423e-13
2.717,7.147098662078025e-13,-7.188123211036713e-13
2.718,7.066427125352247e-13,-7.086116332060774e-13
2.719,6.986630128488352e-13,-6.985533438386063e-13
2.72,6.907698761131942e-13,-6.886354951652797e-13
2.721,6.829624194342109e-13,-6.78856155874096e-13
2.722,6.752397680010882e-13,-6.692134208230432e-13
2.723,6.676010550283643e-13,-6.597054106907606e-13
2.724,6.600454216980593e-13,-6.503302716317895e-13
2.725,6.52572017101935e-13,-6.410861749363554e-13
2.726,6.451799981838743e-13,-6.31971316694621e-13
2.727,6.378685296823873e-13,-6.229839174653539e-13
2.728,6.306367840732514e-13,-6.141222219489505e-13
2.729,6.234839415122917e-13,-6.053844986647617e-13
2.73,6.164091897783079e-13,-5.967690396326634e-13
2.731,6.094117242161546e-13,-5.882741600588164e-13
2.732,6.024907476799807e-13,-5.798981980255639e-13
2.733,5.956454704766331e-13,-5.716395141854101e-13
2.734,5.888751103092312e-13,-5.634964914590303e-13
2.735,5.821788922209184e-13,-5.554675347372568e-13
2.736,5.755560485387933e-13,-5.475510705869922e-13
2.737,5.690058188180287e-13,-5.397455469609976e-13
2.738,5.625274497861819e-13,-5.320494329115056e-13
2.739,5.561201952877005e-13,-5.244612183076098e-13
2.74,5.497833162286306e-13,-5.169794135563802e-13
2.741,5.435160805215288e-13,-5.096025493276565e-13
2.742,5.373177630305855e-13,-5.023291762824734e-13
2.743,5.31187645516961e-13,-4.951578648050686e-13
2.744,5.251250165843403e-13,-4.880872047384276e-13
2.745,5.191291716247099e-13,-4.811158051233206e-13
2.746,5.131994127643594e-13,-4.742422939407845e-13
2.747,5.073350488101135e-13,-4.674653178580064e-13
2.748,5.015353951957962e-13,-4.607835419775645e-13
2.749,4.957997739289308e-13,-4.541956495899813e-13
2.75,4.901275135376799e-13,-4.477003419295481e-13
2.751,4.845179490180277e-13,-4.412963379333772e-13
2.752,4.78970421781207e-13,-4.349823740036398e-13
2.753,4.734842796013749e-13,-4.287572037729481e-13
2.754,4.680588765635402e-13,-4.226195978728419e-13
2.755,4.626935730117428e-13,-4.165683437053372e-13
2.756,4.573877354974906e-13,-4.1060224521749936e-13
2.757,4.521407367284541e-13,-4.047201226789994e-13
2.758,4.4695195551742155e-13,-3.989208124626158e-13
2.759,4.418207767315179e-13,-3.932031668276432e-13
2.76,4.367465912416877e-13,-3.875660537061699e-13
2.761,4.317287958724458e-13,-3.8200835649218703e-13
2.762,4.267667933518961e-13,-3.7652897383349235e-13
2.763,4.218599922620213e-13,-3.711268194263525e-13
2.764,4.170078069892451e-13,-3.6580082181288727e-13
2.765,4.122096576752677e-13,-3.6054992418114084e-13
2.766,4.0746497016817703e-13,-3.5537308416780493e-13
2.767,4.027731759738364e-13,-3.502692736635587e-13
2.768,3.9813371220755077e-13,-3.4523747862099233e-13
2.769,3.935460215460117e-13,-3.402766988650789e-13
2.77,3.89009552179523e-13,-3.3538594790616356e-13
2.771,3.845237577645081e-13,-3.305642527554346e-13
2.772,3.8008809737629963e-13,-3.2581065374284614e-13
2.773,3.757020354622127e-13,-3.211242043374592e-13
2.774,3.713650417949022e-13,-3.165039709701697e-13
2.775,3.6707659142600556e-13,-3.119490328587927e-13
2.776,3.6283616464007084e-13,-3.0745848183547117e-13
2.777,3.586432469087716e-13,-3.0303142217638044e-13
2.778,3.5449732884540856e-13,-2.9866697043369604e-13
2.779,3.503979061596987e-13,-2.9436425526979754e-13
2.78,3.4634447961285243e-13,-2.901224172936778e-13
2.781,3.42336554972939e-13,-2.8594060889952896e-13
2.782,3.383736429705403e-13,-2.818179941074773e-13
2.783,3.3445525925469375e-13,-2.777537484064377e-13
2.784,3.305809243491244e-13,-2.737470585990614e-13
2.785,3.267501636087657e-13,-2.6979712264874797e-13
2.786,3.2296250717657007e-13,-2.6590314952869593e-13
2.787,3.192174899406085e-13,-2.620643590729642e-13
2.788,3.155146514914596e-13,-2.582799818295189e-13
2.789,3.1185353607988765e-13,-2.5454925891523867e-13
2.79,3.0823369257481006e-13,-2.508714418728533e-13
2.791,3.046546744215534e-13,-2.4724579252979e-13
2.792,3.0111603960039875e-13,-2.436715828589028e-13
2.793,2.976173505854146e-13,-2.401480948410599e-13
2.794,2.941581743035789e-13,-2.3667462032956417e-13
2.795,2.907380820941882e-13,-2.332504609163839e-13
2.796,2.8735664966855446e-13,-2.2987492780016897e-13
2.797,2.8401345706998907e-13,-2.2654734165602965e-13
2.798,2.80708088634073e-13,-2.2326703250705404e-13
2.799,2.774401329492132e-13,-2.2003333959754235e-13
2.8,2.7420918281748447e-13,-2.168456112679347e-13
2.801,2.7101483521575613e-13,-2.137032048314103e-13
2.802,2.678566912571031e-13,-2.1060548645213629e-13
2.803,2.6473435615250044e-13,-2.0755183102514413e-13
2.804,2.61647439172801e-13,-2.0454162205781255e-13
2.805,2.585955536109952e-13,-2.0157425155293555e-13
2.806,2.5557831674475233e-13,-1.9864911989335471e-13
2.807,2.525953497992424e-13,-1.957656357281354e-13
2.808,2.496462779102383e-13,-1.9292321586026603e-13
2.809,2.4673073008749657e-13,-1.9012128513586107e-13
2.81,2.4384833917841653e-13,-1.8735927633484717e-13
2.811,2.40998741831977e-13,-1.8463663006311334e-13
2.812,2.381815784629489e-13,-1.8195279464610585e-13
2.813,2.3539649321638387e-13,-1.7930722602384867e-13
2.814,2.3264313393237683e-13,-1.7669938764737062e-13
2.815,2.2992115211110265e-13,-1.7412875037652086e-13
2.816,2.2723020287812485e-13,-1.7159479237915407e-13
2.817,2.2456994494997594e-13,-1.6909699903166768e-13
2.818,2.2194004060000834e-13,-1.6663486282087297e-13
2.819,2.1934015562451438e-13,-1.6420788324718238e-13
2.82,2.1676995930911476e-13,-1.61815566729096e-13
2.821,2.1422912439541416e-13,-1.5945742650896973e-13
2.822,2.117173270479227e-13,-1.5713298256004827e-13
2.823,2.0923424682124246e-13,-1.5484176149474628e-13
2.824,2.0677956662751774e-13,-1.525832964741613e-13
2.825,2.0435297270414765e-13,-1.5035712711880177e-13
2.826,2.019541545817603e-13,-1.4816279942051444e-13
2.827,1.995828050524469e-13,-1.4599986565559534e-13
2.828,1.9723862013825503e-13,-1.4386788429906812e-13
2.829,1.949212990599393e-13,-1.4176641994011518e-13
2.83,1.9263054420596872e-13,-1.3969504319864524e-13
2.831,1.90366061101789e-13,-1.3765333064298343e-13
2.832,1.88127558379339e-13,-1.3564086470866822e-13
2.833,1.859147477468195e-13,-1.3365723361834075e-13
2.834,1.837273439587134e-13,-1.3170203130271229e-13
2.835,1.8156506478605625e-13,-1.2977485732259535e-13
2.836,1.7942763098695484e-13,-1.2787531679198426e-13
2.837,1.7731476627735362e-13,-1.260030203021716e-13
2.838,1.7522619730204706e-13,-1.2415758384688634e-13
2.839,1.7316165360593665e-13,-1.2233862874844064e-13
2.84,1.7112086760553118e-13,-1.2054578158487137e-13
2.841,1.6910357456068914e-13,-1.1877867411806352e-13
2.842,1.6710951254660156e-13,-1.1703694322284253e-13
2.843,1.651384224260143e-13,-1.1532023081702226e-13
2.844,1.6319004782168798e-13,-1.1362818379239631e-13
2.845,1.6126413508909446e-13,-1.1196045394666e-13
2.846,1.5936043328934858e-13,-1.1031669791625067e-13
2.847,1.5747869416237324e-13,-1.0869657711009404e-13
2.848,1.5561867210029712e-13,-1.0709975764424471e-13
2.849,1.5378012412108306e-13,-1.0552591027740872e-13
2.85,1.51962809842386e-13,-1.039747103473367e-13
2.851,1.5016649145563898e-13,-1.0244583770807585e-13
2.852,1.4839093370036575e-13,-1.0093897666806928e-13
2.853,1.466359038387187e-13,-9.945381592909162e-14
2.854,1.4490117163024058e-13,-9.799004852600966e-14
2.855,1.4318650930684845e-13,-9.654737176735701e-14
2.856,1.4149169154803888e-13,-9.512548717671206e-14
2.857,1.3981649545631242e-13,-9.372410043486828e-14
2.858,1.3816070053281638e-13,-9.234292132278684e-14
2.859,1.3652408865320415e-13,-9.098166366532034e-14
2.86,1.3490644404370987e-13,-8.964004527569825e-14
2.861,1.3330755325743691e-13,-8.831778790076307e-14
2.862,1.3172720515085868e-13,-8.701461716694797e-14
2.863,1.3016519086053048e-13,-8.573026252698535e-14
2.864,1.2862130378001078e-13,-8.446445720733708e-14
2.865,1.2709533953699084e-13,-8.321693815633657e-14
2.866,1.2558709597063064e-13,-8.198744599303305e-14
2.867,1.2409637310910038e-13,-8.077572495672898e-14
2.868,1.2262297314732574e-13,-7.958152285720119e-14
2.869,1.2116670042493533e-13,-7.840459102559654e-14
2.87,1.1972736140440935e-13,-7.724468426599319e-14
2.871,1.1830476464942772e-13,-7.610156080761869e-14
2.872,1.1689872080341633e-13,-7.497498225771582e-14
2.873,1.1550904256829006e-13,-7.386471355504786e-14
2.874,1.141355446833909e-13,-7.277052292403453e-14
2.875,1.1277804390462042e-13,-7.16921818295102e-14
2.876,1.1143635898376408e-13,-7.062946493209613e-14
2.877,1.1011031064800718e-13,-6.958215004417844e-14
2.878,1.0879972157964022e-13,-6.855001808648384e-14
2.879,1.075044163959525e-13,-6.753285304524481e-14
2.88,1.062242216293127e-13,-6.653044192994685e-14
2.881,1.0495896570743497e-13,-6.554257473164949e-14
2.882,1.0370847893382894e-13,-6.45690443818737e-14
2.883,1.0247259346843267e-13,-6.360964671204802e-14
2.884,1.0125114330842669e-13,-6.266418041350598e-14
2.885,1.0004396426922822e-13,-6.173244699802724e-14
2.886,9.885089396566381e-14,-6.081425075891542e-14
2.887,9.767177179331927e-14,-5.990939873260529e-14
2.888,9.650643891006543e-14,-5.901770066079226e-14
2.889,9.535473821775836e-14,-5.813896895307703e-14
2.89,9.421651434411279e-14,-5.72730186501188e-14
2.891,9.309161362474728e-14,-5.6419667387289896e-14
2.892,9.197988408539986e-14,-5.5578735358825256e-14
2.893,9.088117542431271e-14,-5.475004528246013e-14
2.894,8.979533899478476e-14,-5.393342236454941e-14
2.895,8.872222778789056e-14,-5.31286942656621e-14
2.896,8.76616964153644e-14,-5.2335691066644566e-14
2.897,8.661360109264819e-14,-5.1554245235146377e-14
2.898,8.557779962210187e-14,-5.078419159260227e-14
2.899,8.455415137637496e-14,-5.002536728166444e-14
2.9,8.354251728193808e-14,-4.927761173407878e-14
2.901,8.254275980277297e-14,-4.854076663899939e-14
2.902,8.155474292421993e-14,-4.7814675911735216e-14
2.903,8.057833213698118e-14,-4.709918566292319e-14
2.904,7.961339442127908e-14,-4.6394144168122084e-14
2.905,7.86597982311678e-14,-4.5699401837821334e-14
2.906,7.771741347899714e-14,-4.501481118785938e-14
2.907,7.678611152002744e-14,-4.4340226810245947e-14
2.908,7.586576513719409e-14,-4.3675505344382786e-14
2.909,7.495624852602064e-14,-4.302050544867765e-14
2.91,7.405743727967897e-14,-4.2375087772546024e-14
2.911,7.316920837419567e-14,-4.173911492879556e-14
2.912,7.229144015380302e-14,-4.111245146638795e-14
2.913,7.142401231643359e-14,-4.049496384357317e-14
2.914,7.056680589935727e-14,-3.9886520401391175e-14
2.915,6.971970326495931e-14,-3.9286991337535906e-14
2.916,6.888258808665842e-14,-3.8696248680576905e-14
2.917,6.805534533496354e-14,-3.811416626453362e-14
2.918,6.723786126366824e-14,-3.7540619703797673e-14
2.919,6.643002339618146e-14,-3.697548636839838e-14
2.92,6.563172051199357e-14,-3.64186453596069e-14
2.921,6.484284263327634e-14,-3.586997748587446e-14
2.922,6.406328101161596e-14,-3.532936523910013e-14
2.923,6.32929281148777e-14,-3.4796692771223695e-14
2.924,6.253167761420126e-14,-3.427184587113923e-14
2.925,6.177942437112555e-14,-3.375471194192509e-14
2.926,6.103606442484177e-14,-3.324517997838597e-14
2.927,6.030149497957385e-14,-3.2743140544902904e-14
2.928,5.95756143920848e-14,-3.2248485753586936e-14
2.929,5.885832215930826e-14,-3.1761109242732467e-14
2.93,5.814951890610382e-14,-3.128090615556615e-14
2.931,5.744910637313509e-14,-3.080777311928739e-14
2.932,5.6756987404869716e-14,-3.034160822439643e-14
2.933,5.607306593769975e-14,-2.9882311004306254e-14
2.934,5.539724698818178e-14,-2.942978241523431e-14
2.935,5.472943664139547e-14,-2.898392481637041e-14
2.936,5.4069542039419566e-14,-2.8544641950317024e-14
2.937,5.341747136992427e-14,-2.8111838923798198e-14
2.938,5.277313385487897e-14,-2.7685422188633572e-14
2.939,5.213643973937427e-14,-2.7265299522973877e-14
2.94,5.150730028055727e-14,-2.685138001279431e-14
2.941,5.088562773667915e-14,-2.6443574033642367e-14
2.942,5.027133535625391e-14,-2.604179323263666e-14
2.943,4.966433736732743e-14,-2.5645950510713293e-14
2.944,4.906454896685563e-14,-2.5255960005116466e-14
2.945,4.8471886310191e-14,-2.4871737072130007e-14
2.946,4.7886266500676235e-14,-2.4493198270046513e-14
2.947,4.7307607579344205e-14,-2.4120261342370952e-14
2.948,4.673582851472318e-14,-2.3752845201255468e-14
2.949,4.617084919274639e-14,-2.3390869911162303e-14
2.95,4.5612590406764925e-14,-2.303425667275173e-14
2.951,4.506097384766302e-14,-2.268292780699192e-14
2.952,4.451592209407483e-14,-2.2336806739487767e-14
2.953,4.397735860270172e-14,-2.199581798502565e-14
2.954,4.344520769872909e-14,-2.1659887132331238e-14
2.955,4.2919394566341934e-14,-2.1328940829037443e-14
2.956,4.239984523933807e-14,-2.1002906766859634e-14
2.957,4.1886486591838243e-14,-2.0681713666975314e-14
2.958,4.137924632909214e-14,-2.036529126560549e-14
2.959,4.087805297837939e-14,-2.0053570299794973e-14
2.96,4.038283588000479e-14,-1.9746482493388923e-14
2.961,3.989352517838669e-14,-1.944396054320296e-14
2.962,3.941005181323778e-14,-1.9145938105384173e-14
2.963,3.8932347510837417e-14,-1.885234978196053e-14
2.964,3.846034477539451e-14,-1.856313110757599e-14
2.965,3.799397688050027e-14,-1.8278218536408885e-14
2.966,3.753317786066982e-14,-1.7997549429271067e-14
2.967,3.7077882502971946e-14,-1.77210620408853e-14
2.968,3.662802633874603e-14,-1.7448695507338542e-14
2.969,3.618354563540547e-14,-1.7180389833708662e-14
2.97,3.574437738832663e-14,-1.691608588186227e-14
2.971,3.531045931282262e-14,-1.6655725358421305e-14
2.972,3.488172983620097e-14,-1.6399250802896092e-14
2.973,3.445812808990455e-14,-1.614660557598258e-14
2.974,3.403959390173474e-14,-1.589773384802154e-14
2.975,3.3626067788156306e-14,-1.5652580587617532e-14
2.976,3.3217490946682886e-14,-1.541109155041539e-14
2.977,3.281380524834265e-14,-1.5173213268032174e-14
2.978,3.2414953230223075e-14,-1.4938893037142368e-14
2.979,3.2020878088094216e-14,-1.4708078908714335e-14
2.98,3.163152366910971e-14,-1.4480719677395852e-14
2.981,3.124683446458468e-14,-1.425676487104679e-14
2.982,3.086675560284987e-14,-1.4036164740416864e-14
2.983,3.049123284218125e-14,-1.3818870248966496e-14
2.984,3.012021256380428e-14,-1.3604833062828832e-14
2.985,2.975364176497229e-14,-1.339400554091099e-14
2.986,2.9391468052118016e-14,-1.3186340725132614e-14
2.987,2.903363963407772e-14,-1.298179233079989e-14
2.988,2.8680105315387225e-14,-1.2780314737113139e-14
2.989,2.8330814489648974e-14,-1.258186297780618e-14
2.99,2.798571713296964e-14,-1.2386392731915661e-14
2.991,2.764476379746739e-14,-1.2193860314678556e-14
2.992,2.7307905604848277e-14,-1.2004222668556105e-14
2.993,2.6975094240050965e-14,-1.181743735438245e-14
2.994,2.664628194495919e-14,-1.163346254263626e-14
2.995,2.6321421512181216e-14,-1.1452257004833657e-14
2.996,2.6000466278895706e-14,-1.1273780105040796e-14
2.997,2.568337012076326e-14,-1.109799179150445e-14
2.998,2.5370087445903037e-14,-1.0924852588398967e-14
2.999,2.506057318893378e-14,-1.0754323587688055e-14
3.0,2.4754782805078607e-14,-1.0586366441099748e-14
3.001,2.4452672264332943e-14,-1.0420943352213064e-14
3.002,2.415419804569495e-14,-1.0258017068654799e-14
3.003,2.3859317131457844e-14,-1.009755087440493e-14
3.004,2.3567987001563456e-14,-9.939508582209175e-15
3.005,2.328016562801646e-14,-9.783854526097203e-15
3.006,2.2995811469358623e-14,-9.630553554005063e-15
3.007,2.2714883465202493e-14,-9.479571020500404e-15
3.008,2.2437341030823938e-14,-9.330872779609058e-15
3.009,2.2163144051812904e-14,-9.184425177741614e-15
3.01,2.189225287878186e-14,-9.040195046718596e-15
3.011,2.1624628322131303e-14,-8.898149696892894e-15
3.012,2.1360231646871767e-14,-8.758256910368111e-15
3.013,2.1099024567501753e-14,-8.620484934311519e-15
3.014,2.084096924294105e-14,-8.484802474360293e-15
3.015,2.0586028271518807e-14,-8.351178688119789e-15
3.016,2.033416468601592e-14,-8.219583178752542e-15
3.017,2.0085341948761034e-14,-8.089985988656797e-15
3.018,1.9839523946779768e-14,-7.962357593233284e-15
3.019,1.9596674986996495e-14,-7.836668894739066e-15
3.02,1.935675979148821e-14,-7.712891216227247e-15
3.021,1.9119743492789976e-14,-7.590996295571339e-15
3.022,1.8885591629251294e-14,-7.470956279573162e-15
3.023,1.865427014044307e-14,-7.352743718153093e-15
3.024,1.842574536261449e-14,-7.236331558621537e-15
3.025,1.8199984024199375e-14,-7.121693140030521e-15
3.026,1.79769532413715e-14,-7.008802187604273e-15
3.027,1.7756620513648377e-14,-6.897632807247736e-15
3.028,1.7538953719542952e-14,-6.7881594801319034e-15
3.029,1.7323921112262827e-14,-6.6803570573549534e-15
3.03,1.71114913154564e-14,-6.574200754678106e-15
3.031,1.6901633319005526e-14,-6.4696661473351955e-15
3.032,1.6694316474864186e-14,-6.366729164914928e-15
3.033,1.6489510492942687e-14,-6.265366086314826e-15
3.034,1.628718543703692e-14,-6.16555353476587e-15
3.035,1.6087311720802226e-14,-6.06726847292686e-15
3.036,1.5889860103771404e-14,-5.970488198047537e-15
3.037,1.5694801687416385e-14,-5.875190337199514e-15
3.038,1.5502107911253135e-14,-5.7813528425740755e-15
3.039,1.5311750548989335e-14,-5.688953986845933e-15
3.04,1.5123701704714415e-14,-5.597972358602011e-15
3.041,1.4937933809131434e-14,-5.508386857834374e-15
3.042,1.475441961583046e-14,-5.420176691496408e-15
3.043,1.4573132197602947e-14,-5.333321369121376e-15
3.044,1.4394044942796723e-14,-5.247800698502494e-15
3.045,1.421713155171114e-14,-5.1635947814336615e-15
3.046,1.4042366033031963e-14,-5.080684009510032e-15
3.047,1.3869722700305634e-14,-4.999049059987564e-15
3.048,1.3699176168452417e-14,-4.918670891700766e-15
3.049,1.3530701350318081e-14,-4.839530741037815e-15
3.05,1.3364273453263688e-14,-4.761610117972247e-15
3.051,1.3199867975793101e-14,-4.684890802150457e-15
3.052,1.303746070421779e-14,-4.60935483903422e-15
3.053,1.2877027709358582e-14,-4.5349845360974705e-15
3.054,1.2718545343283927e-14,-4.461762459076597e-15
3.055,1.2561990236084327e-14,-4.3896714282735084e-15
3.056,1.240733929268252e-14,-4.3186945149107324e-15
3.057,1.2254569689679068e-14,-4.248815037537832e-15
3.058,1.2103658872232954e-14,-4.180016558488432e-15
3.059,1.195458455097682e-14,-4.112282880387142e-15
3.06,1.1807324698966505e-14,-4.045598042705692e-15
3.061,1.1661857548664478e-14,-3.9799463183676e-15
3.062,1.1518161588956846e-14,-3.915312210400685e-15
3.063,1.1376215562203548e-14,-3.851680448636784e-15
3.064,1.1235998461321415e-14,-3.789035986457988e-15
3.065,1.1097489526899723e-14,-3.727363997588782e-15
3.066,1.09606682443479e-14,-3.666649872933425e-15
3.067,1.0825514341075039e-14,-3.606879217457959e-15
3.068,1.0692007783700912e-14,-3.5480378471162207e-15
3.069,1.0560128775298097e-14,-3.4901117858192422e-15
3.07,1.0429857752664916e-14,-3.4330872624474414e-15
3.071,1.0301175383628862e-14,-3.376950707905005e-15
3.072,1.0174062564380174e-14,-3.3216887522158795e-15
3.073,1.0048500416835242e-14,-3.2672882216607895e-15
3.074,9.924470286029516e-15,-3.2137361359547114e-15
3.075,9.801953737539634e-15,-3.1610197054642457e-15
3.076,9.680932554934404e-15,-3.1091263284643233e-15
3.077,9.561388737254374e-15,-3.058043588433706e-15
3.078,9.443304496519682e-15,-3.0077592513887395e-15
3.079,9.326662255265839e-15,-2.9582612632548214e-15
3.08,9.2114446441072e-15,-2.9095377472750665e-15
3.081,9.0976344993278e-15,-2.8615770014556448e-15
3.082,8.985214860499237e-15,-2.8143674960472843e-15
3.083,8.87416896812537e-15,-2.7678978710624346e-15
3.084,8.764480261313477e-15,-2.7221569338275924e-15
3.085,8.656132375471648e-15,-2.677133656570301e-15
3.086,8.54910914003207e-15,-2.632817174040338e-15
3.087,8.443394576199984e-15,-2.5891967811646164e-15
3.088,8.338972894727988e-15,-2.5462619307353278e-15
3.089,8.235828493715445e-15,-2.5040022311308614e-15
3.09,8.133945956432703e-15,-2.4624074440690473e-15
3.091,8.033310049169874e-15,-2.4214674823922676e-15
3.092,7.933905719109892e-15,-2.3811724078839914e-15
3.093,7.835718092225603e-15,-2.341512429116297e-15
3.094,7.738732471200605e-15,-2.302477899327945e-15
3.095,7.642934333373603e-15,-2.2640593143325804e-15
3.096,7.548309328706012e-15,-2.226247310456637e-15
3.097,7.454843277772545e-15,-2.1890326625065337e-15
3.098,7.362522169774564e-15,-2.1524062817647478e-15
3.099,7.271332160575919e-15,-2.116359214014371e-15
3.1,7.181259570761037e-15,-2.0808826375917354e-15
3.101,7.0922908837150416e-15,-2.0459678614667354e-15
3.102,7.0044127437256166e-15,-2.011606323350437e-15
3.103,6.917611954106427e-15,-1.9777895878296104e-15
3.104,6.831875475341824e-15,-1.9445093445278e-15
3.105,6.747190423252623e-15,-1.9117574062925622e-15
3.106,6.663544067182717e-15,-1.8795257074085047e-15
3.107,6.580923828206292e-15,-1.847806301835765e-15
3.108,6.49931727735543e-15,-1.8165913614735744e-15
3.109,6.418712133867875e-15,-1.785873174448553e-15
3.11,6.339096263454725e-15,-1.7556441434273897e-15
3.111,6.260457676587851e-15,-1.7258967839535682e-15
3.112,6.182784526806827e-15,-1.6966237228077974e-15
3.113,6.106065109045132e-15,-1.6678176963918172e-15
3.114,6.030287857975441e-15,-1.63947154913525e-15
3.115,5.955441346373784e-15,-1.611578231925176e-15
3.116,5.881514283502357e-15,-1.5841308005581126e-15
3.117,5.808495513510794e-15,-1.5571224142140828e-15
3.118,5.736374013855695e-15,-1.5305463339524638e-15
3.119,5.665138893738188e-15,-1.5043959212293093e-15
3.12,5.594779392559367e-15,-1.4786646364358442e-15
3.121,5.525284878393355e-15,-1.4533460374578348e-15
3.122,5.456644846477859e-15,-1.4284337782555378e-15
3.123,5.388848917721964e-15,-1.4039216074639463e-15
3.124,5.3218868372310225e-15,-1.3798033670130382e-15
3.125,5.25574847284842e-15,-1.3560729907677534e-15
3.126,5.1904238137140484e-15,-1.3327245031874178e-15
3.127,5.125902968839291e-15,-1.3097520180043443e-15
3.128,5.062176165698343e-15,-1.2871497369213359e-15
3.129,4.999233748835682e-15,-1.2649119483278308e-15
3.13,4.937066178489517e-15,-1.2430330260344223e-15
3.131,4.8756640292310224e-15,-1.2215074280254986e-15
3.132,4.8150179886192065e-15,-1.2003296952297433e-15
3.133,4.755118855871213e-15,-1.1794944503082505e-15
3.134,4.695957540547915e-15,-1.1589963964599997e-15
3.135,4.637525061254592e-15,-1.1388303162444527e-15
3.136,4.579812544356573e-15,-1.1189910704210258e-15
3.137,4.522811222709624e-15,-1.0994735968052027e-15
3.138,4.4665124344049595e-15,-1.0802729091410525e-15
3.139,4.4109076215286974e-15,-1.0613840959899204e-15
3.14,4.355988328935586e-15,-1.0428023196350655e-15
3.141,4.301746203036872e-15,-1.0245228150020181e-15
3.142,4.2481729906021194e-15,-1.006540888594436e-15
3.143,4.195260537574851e-15,-9.88851917445242e-16
3.144,4.143000787901839e-15,-9.714513480828234e-16
3.145,4.091385782375905e-15,-9.543346955120869e-16
3.146,4.040407657492068e-15,-9.374975422101512e-16
3.147,3.990058644316901e-15,-9.20935537136478e-16
3.148,3.940331067370941e-15,-9.046443947572334e-16
3.149,3.891217343524007e-15,-8.886198940836774e-16
3.15,3.842709980903289e-15,-8.728578777243885e-16
3.151,3.7948015778140536e-15,-8.573542509511219e-16
3.152,3.747484821672832e-15,-8.421049807781125e-16
3.153,3.700752487952952e-15,-8.271060950546302e-16
3.154,3.6545974391422656e-15,-8.123536815706014e-16
3.155,3.609012623712947e-15,-7.978438871751119e-16
3.156,3.563991075103221e-15,-7.835729169076075e-16
3.157,3.5195259107108806e-15,-7.695370331416135e-16
3.158,3.4756103308984763e-15,-7.557325547407966e-16
3.159,3.4322376180100285e-15,-7.421558562271919e-16
3.16,3.3894011353991494e-15,-7.288033669614268e-16
3.161,3.3470943264684324e-15,-7.156715703347664e-16
3.162,3.305310713719993e-15,-7.027570029728178e-16
3.163,3.2640438978170276e-15,-6.90056253950726e-16
3.164,3.2232875566562687e-15,-6.775659640196968e-16
3.165,3.183035444451218e-15,-6.652828248446898e-16
3.166,3.143281390826025e-15,-6.532035782531198e-16
3.167,3.104019299919905e-15,-6.41325015494412e-16
3.168,3.065243149501963e-15,-6.29643976510256e-16
3.169,3.026946990096318e-15,-6.181573492154089e-16
3.17,2.989124944117404e-15,-6.068620687888938e-16
3.171,2.9517712050153355e-15,-5.957551169754508e-16
3.172,2.9148800364312194e-15,-5.84833521397091e-16
3.173,2.878445771362312e-15,-5.740943548746117e-16
3.174,2.8424628113368908e-15,-5.635347347589317e-16
3.175,2.8069256255987534e-15,-5.53151822272106e-16
3.176,2.771828750301213e-15,-5.42942821857882e-16
3.177,2.737166787710499e-15,-5.32904980541664e-16
3.178,2.702934405418447e-15,-5.230355872997489e-16
3.179,2.6691263355643755e-15,-5.13331972437703e-16
3.18,2.6357373740660457e-15,-5.037915069777508e-16
3.181,2.602762379859601e-15,-4.944116020550443e-16
3.182,2.5701962741483794e-15,-4.8518970832269e-16
3.183,2.5380340396605086e-15,-4.761233153654066e-16
3.184,2.5062707199151713e-15,-4.672099511216914e-16
3.185,2.4749014184974517e-15,-4.584471813143736e-16
3.186,2.4439212983416592e-15,-4.498326088894355e-16
3.187,2.413325581023039e-15,-4.413638734629836e-16
3.188,2.3831095460577665e-15,-4.3303865077625356e-16
3.189,2.3532685302111362e-15,-4.2485465215853415e-16
3.19,2.3237979268138527e-15,-4.1680962399789725e-16
3.191,2.2946931850863255e-15,-4.0890134721962286e-16
3.192,2.2659498094708835e-15,-4.011276367722093e-16
3.193,2.2375633589718103e-15,-3.9348634112085995e-16
3.194,2.2095294465031223e-15,-3.8597534174833986e-16
3.195,2.1818437382439874e-15,-3.78592552663098e-16
3.196,2.15450195300171e-15,-3.7133591991454943e-16
3.197,2.127499861582187e-15,-3.642034211154171e-16
3.198,2.100833286167753e-15,-3.5719306497103094e-16
3.199,2.074498099702328e-15,-3.5030289081548606e-16
3.2,2.048490225283789e-15,-3.435309681545606e-16
3.201,2.0228056355634733e-15,-3.3687539621529767e-16
3.202,1.9974403521527445e-15,-3.3033430350215583e-16
3.203,1.972390445036527e-15,-3.239058473596338e-16
3.204,1.9476520319937395e-15,-3.17588213541277e-16
3.205,1.9232212780245423e-15,-3.1137961578497445e-16
3.206,1.8990943947843225e-15,-3.052782953944564e-16
3.207,1.8752676400243413e-15,-2.9928252082690337e-16
3.208,1.851737317038961e-15,-2.933905872865789e-16
3.209,1.8284997741193836e-15,-2.8760081632440105e-16
3.21,1.805551404013821e-15,-2.8191155544336527e-16
3.211,1.782888643394025e-15,-2.7632117770973727e-16
3.212,1.7605079723281041e-15,-2.708280813699311e-16
3.213,1.7384059137595515e-15,-2.6543068947299253e-16
3.214,1.7165790329924178e-15,-2.6012744949860574e-16
3.215,1.6950239371825556e-15,-2.5491683299054555e-16
3.216,1.6737372748348632e-15,-2.4979733519549627e-16
3.217,1.6527157353064621e-15,-2.447674747071602e-16
3.218,1.6319560483157399e-15,-2.398257931155796e-16
3.219,1.6114549834571863e-15,-2.349708546615984e-16
3.22,1.5912093497219626e-15,-2.302012458963879e-16
3.221,1.5712159950241301e-15,-2.255155753459657e-16
3.222,1.5514718057324814e-15,-2.209124731806346e-16
3.223,1.5319737062079005e-15,-2.1639059088927155e-16
3.224,1.5127186583461956e-15,-2.1194860095839663e-16
3.225,1.493703661126337e-15,-2.0758519655595336e-16
3.226,1.4749257501640374e-15,-2.032990912197326e-16
3.227,1.456381997270617e-15,-1.990890185503731e-16
3.228,1.4380695100170865e-15,-1.9495373190887288e-16
3.229,1.4199854313033921e-15,-1.9089200411854678e-16
3.23,1.4021269389327612e-15,-1.869026271713655e-16
3.231,1.3844912451910883e-15,-1.8298441193861378e-16
3.232,1.3670755964313052e-15,-1.7913618788580483e-16
3.233,1.3498772726626774e-15,-1.753568027917903e-16
3.234,1.332893587144966e-15,-1.7164512247200454e-16
3.235,1.3161218859874046e-15,-1.680000305057845e-16
3.236,1.2995595477524294e-15,-1.644204279677055e-16
3.237,1.2832039830641131e-15,-1.6090523316287566e-16
3.238,1.2670526342212417e-15,-1.574533813661316e-16
3.239,1.2511029748149865e-15,-1.5406382456507908e-16
3.24,1.235352509351113e-15,-1.5073553120692302e-16
3.241,1.219798772876677e-15,-1.474674859490324e-16
3.242,1.2044393306111548e-15,-1.4425868941318594e-16
3.243,1.1892717775819551e-15,-1.4110815794344534e-16
3.244,1.1742937382642632e-15,-1.3801492336760372e-16
3.245,1.1595028662251652e-15,-1.349780327621576e-16
3.246,1.1448968437720052e-15,-1.3199654822075147e-16
3.247,1.1304733816049227e-15,-1.2906954662604465e-16
3.248,1.1162302184735241e-15,-1.2619611942495094e-16
3.249,1.1021651208376393e-15,-1.2337537240720244e-16
3.25,1.088275882532116e-15,-1.2060642548718916e-16
3.251,1.0745603244356037e-15,-1.1788841248902709e-16
3.252,1.061016294143282e-15,-1.1522048093480817e-16
3.253,1.047641665643487e-15,-1.126017918359857e-16
3.254,1.03443433899819e-15,-1.1003151948784995e-16
3.255,1.0213922400272832e-15,-1.075088512670495e-16
3.256,1.0085133199966287e-15,-1.0503298743211341e-16
3.257,9.957955553098266e-16,-1.0260314092693145e-16
3.258,9.832369472036582e-16,-1.0021853718714906e-16
3.259,9.708355214471624e-16,-9.787841394943485e-17
3.26,9.585893280443014e-16,-9.558202106357897e-17
3.261,9.464964409401754e-16,-9.332862030738133e-17
3.262,9.345549577307433e-16,-9.1117485204289e-17
3.263,9.227629993760087e-16,-8.894790084374295e-17
3.264,9.111187099166327e-16,-8.681916370419476e-17
3.265,8.996202561939285e-16,-8.473058147875459e-17
3.266,8.882658275732042e-16,-8.268147290343194e-17
3.267,8.770536356704102e-16,-8.067116758793169e-17
3.268,8.659819140820536e-16,-7.869900584896821e-17
3.269,8.55048918118343e-16,-7.676433854606093e-17
3.27,8.442529245395226e-16,-7.486652691977513e-17
3.271,8.33592231295362e-16,-7.300494243237256e-17
3.272,8.230651572677605e-16,-7.117896661083657e-17
3.273,8.126700420164337e-16,-6.938799089223749e-17
3.274,8.024052455276425e-16,-6.763141647140374e-17
3.275,7.922691479659301e-16,-6.590865415086551e-17
3.276,7.822601494288339e-16,-6.421912419303757e-17
3.277,7.723766697045327e-16,-6.256225617460865e-17
3.278,7.626171480323991e-16,-6.093748884310536e-17
3.279,7.529800428664204e-16,-5.934426997559862e-17
3.28,7.434638316414547e-16,-5.778205623952173e-17
3.281,7.340670105422904e-16,-5.625031305556881e-17
3.282,7.247880942754728e-16,-5.4748514462643665e-17
3.283,7.156256158438696e-16,-5.3276142984828844e-17
3.284,7.065781263239388e-16,-5.183268950034546e-17
3.285,6.976441946456701e-16,-5.0417653112474736e-17
3.286,6.888224073751668e-16,-4.903054102241252e-17
3.287,6.801113684998381e-16,-4.767086840402857e-17
3.288,6.7150969921617e-16,-4.63381582805027e-17
3.289,6.630160377200449e-16,-4.503194140281039e-17
3.29,6.546290389995802e-16,-4.375175613003072e-17
3.291,6.463473746304558e-16,-4.249714831145002e-17
3.292,6.381697325736999e-16,-4.1267671170434907e-17
3.293,6.30094816975908e-16,-4.00628851900488e-17
3.294,6.221213479718603e-16,-3.888235800038637e-17
3.295,6.142480614895153e-16,-3.7725664267600775e-17
3.296,6.064737090573475e-16,-3.659238558459879e-17
3.297,5.987970576140028e-16,-3.5482110363379496e-17
3.298,5.912168893202447e-16,-3.439443372899227e-17
3.299,5.837320013731631e-16,-3.332895741509047e-17
3.3,5.763412058226201e-16,-3.228528966105728e-17
3.301,5.690433293899051e-16,-3.12630451106807e-17
3.302,5.618372132885745e-16,-3.026184471235489e-17
3.303,5.547217130474488e-16,-2.928131562078549e-17
3.304,5.476956983357422e-16,-2.8321091100176737e-17
3.305,5.407580527902997e-16,-2.7380810428878763e-17
3.306,5.33907673844916e-16,-2.646011880547338e-17
3.307,5.271434725617121e-16,-2.5558667256277376e-17
3.308,5.204643734645449e-16,-2.4676112544242393e-17
3.309,5.138693143744267e-16,-2.3812117079230853e-17
3.31,5.073572462469283e-16,-2.296634882964764e-17
3.311,5.00927133011545e-16,-2.213848123540766e-17
3.312,4.945779514130012e-16,-2.1328193122219473e-17
3.313,4.883086908544691e-16,-2.053516861716575e-17
3.314,4.821183532426811e-16,-1.9759097065561316e-17
3.315,4.760059528349126e-16,-1.8999672949070044e-17
3.316,4.699705160878117e-16,-1.8256595805061942e-17
3.317,4.640110815080557e-16,-1.752957014719222e-17
3.318,4.581266995048116e-16,-1.6818305387184274e-17
3.319,4.523164322439802e-16,-1.6122515757798756e-17
3.32,4.465793535042006e-16,-1.5441920236971342e-17
3.321,4.4091454853459637e-16,-1.4776242473101823e-17
3.322,4.3532111391424177e-16,-1.412521071147755e-17
3.323,4.29798157413327e-16,-1.3488557721814477e-17
3.324,4.2434479785600315e-16,-1.2866020726899276e-17
3.325,4.189601649848864e-16,-1.2257341332316206e-17
3.326,4.1364339932720186e-16,-1.1662265457242743e-17
3.327,4.083936520625475e-16,-1.1080543266298105e-17
3.328,4.032100848922587e-16,-1.051192910242912e-17
3.329,3.9809186991035467e-16,-9.956181420818057e-18
3.33,3.9303818947604766e-16,-9.41306272379729e-18
3.331,3.880482360877963e-16,-8.882339496755863e-18
3.332,3.8312121225888484e-16,-8.363782145023283e-18
3.333,3.7825633039451015e-16,-7.85716493171601e-18
3.334,3.734528126703578e-16,-7.362265916532411e-18
3.335,3.687098909126508e-16,-6.878866895482058e-18
3.336,3.6402680647965176e-16,-6.406753341535541e-18
3.337,3.594028101446027e-16,-5.945714346181114e-18
3.338,3.548371619800843e-16,-5.495542561874698e-18
3.339,3.5032913124377764e-16,-5.056034145369987e-18
3.34,3.458779962656128e-16,-4.626988701915564e-18
3.341,3.414830443362862e-16,-4.20820923030614e-18
3.342,3.3714357159713123e-16,-3.799502068775216e-18
3.343,3.328588829313263e-16,-3.4006768417166513e-18
3.344,3.2862829185642315e-16,-3.011546407222803e-18
3.345,3.2445112041818076e-16,-2.631926805427074e-18
3.346,3.2032669908568874e-16,-2.2616372076389004e-18
3.347,3.162543666477647e-16,-1.9004998662593694e-18
3.348,3.1223347011061064e-16,-1.5483400654658338e-18
3.349,3.082633645967132e-16,-1.2049860726540588e-18
3.35,3.043434132449724e-16,-8.70269090626613e-19
3.351,3.004729871120452e-16,-5.440232105163608e-19
3.352,2.9665146507488812e-16,-2.2608536543409578e-19
3.353,2.9287823373448553e-16,8.370471517050006e-20
3.354,2.8915268732074875e-16,3.855045504452188e-19
3.355,2.8547422759857237e-16,6.794689523795099e-19
3.356,2.8184226377503366e-16,9.657500693668263e-19
3.357,2.7825621240772127e-16,1.2444974290953255e-18
3.358,2.747154973141801e-16,1.5158579807769693e-18
3.359,2.7121954948245846e-16,1.7799761367249187e-18
3.36,2.677678069827447e-16,2.036993813288975e-18
3.361,2.6435971488007975e-16,2.2870504711586797e-18
3.362,2.609947251481334e-16,2.530283155043537e-18
3.363,2.5767229658403056e-16,2.766826532739697e-18
3.364,2.54391894724216e-16,2.9968129335922838e-18
3.365,2.511529917613438e-16,3.22037238636244e-18
3.366,2.4795506646218075e-16,3.437632656508003e-18
3.367,2.4479760408651e-16,3.648719282886617e-18
3.368,2.4168009630702394e-16,3.8537556138899486e-18
3.369,2.3860204113019407e-16,4.0528628430175386e-18
3.37,2.355629428181059e-16,4.246160043898714e-18
3.371,2.3256231181124786e-16,4.433764204770853e-18
3.372,2.2959966465224224e-16,4.6157902624221606e-18
3.373,2.2667452391050674e-16,4.792351135607024e-18
3.374,2.23786418107836e-16,4.963557757941866e-18
3.375,2.209348816448914e-16,5.129519110289319e-18
3.376,2.1811945472858884e-16,5.2903422526384224e-18
3.377,2.1533968330037292e-16,5.4461323554884246e-18
3.378,2.1259511896536754e-16,5.596992730743675e-18
3.379,2.09885318922392e-16,5.743024862126972e-18
3.38,2.0720984589483206e-16,5.884328435118617e-18
3.381,2.045682680623562e-16,6.0210013664283395e-18
3.382,2.0196015899346614e-16,6.153139833007131e-18
3.383,1.993850975788723e-16,6.280838300605935e-18
3.384,1.968426679656835e-16,6.404189551888034e-18
3.385,1.9433245949240187e-16,6.5232847141018745e-18
3.386,1.9185406662471259e-16,6.638213286320966e-18
3.387,1.8940708889205922e-16,6.7490631662574125e-18
3.388,1.8699113082499505e-16,6.855920676655499e-18
3.389,1.8460580189330108e-16,6.958870591271713e-18
3.39,1.8225071644486148e-16,7.057996160447439e-18
3.391,1.7992549364528717e-16,7.1533791362805e-18
3.392,1.7762975741827858e-16,7.245099797401622e-18
3.393,1.7536313638671897e-16,7.333236973361806e-18
3.394,1.7312526381448874e-16,7.417868068636507e-18
3.395,1.7091577754899297e-16,7.499069086252418e-18
3.396,1.6873431996439256e-16,7.576914651042614e-18
3.397,1.6658053790553146e-16,7.65147803253565e-18
3.398,1.644540826325507e-16,7.722831167484218e-18
3.399,1.6235460976618136e-16,7.791044682038803e-18
3.4,1.6028177923370852e-16,7.856187913571745e-18
3.401,1.5823525521559726e-16,7.918328932157022e-18
3.402,1.562147060927735e-16,7.977534561710986e-18
3.403,1.5421980439455133e-16,8.033870400799205e-18
3.404,1.5225022674719913e-16,8.087400843114506e-18
3.405,1.5030565382313664e-16,8.138189097631212e-18
3.406,1.483857702907556e-16,8.18629720844051e-18
3.407,1.46490264764856e-16,8.231786074271806e-18
3.408,1.4461882975769078e-16,8.274715467704867e-18
3.409,1.4277116163061167e-16,8.315144054077443e-18
3.41,1.4094696054630847e-16,8.353129410093027e-18
3.411,1.3914593042163498e-16,8.38872804213335e-18
3.412,1.3736777888101445e-16,8.42199540428007e-18
3.413,1.3561221721041707e-16,8.452985916050156e-18
3.414,1.3387896031190323e-16,8.481752979849299e-18
3.415,1.3216772665872523e-16,8.508348998147673e-18
3.416,1.304782382509805e-16,8.532825390382319e-18
3.417,1.288102205718104e-16,8.555232609590283e-18
3.418,1.2716340254413707e-16,8.575620158776692e-18
3.419,1.2553751648793242e-16,8.594036607021772e-18
3.42,1.2393229807801252e-16,8.610529605330847e-18
3.421,1.223474863023511e-16,8.625145902231243e-18
3.422,1.2078282342090577e-16,8.63793135911998e-18
3.423,1.1923805492495085e-16,8.648930965366072e-18
3.424,1.1771292949691065e-16,8.658188853171222e-18
3.425,1.1620719897068675e-16,8.66574831219259e-18
3.426,1.1472061829247407e-16,8.671651803931323e-18
3.427,1.1325294548205883e-16,8.67594097589042e-18
3.428,1.1180394159459322e-16,8.678656675505503e-18
3.429,1.1037337068284083e-16,8.679838963851968e-18
3.43,1.0896099975988682e-16,8.67952712913197e-18
3.431,1.0756659876230766e-16,8.67775969994463e-18
3.432,1.0618994051379433e-16,8.674574458342811e-18
3.433,1.0483080068922394e-16,8.670008452679728e-18
3.434,1.0348895777917388e-16,8.664098010248669e-18
3.435,1.021641930548735e-16,8.656878749718993e-18
3.436,1.0085629053358769e-16,8.648385593371558e-18
3.437,9.956503694442721e-17,8.638652779136674e-18
3.438,9.829022169458067e-17,8.627713872437645e-18
3.439,9.703163683596281e-17,8.615601777842882e-18
3.44,9.578907703227417e-17,8.60234875052957e-18
3.441,9.456233952646711e-17,8.58798640756179e-18
3.442,9.335122410861318e-17,8.572545738985976e-18
3.443,9.215553308416693e-17,8.55605711874654e-18
3.444,9.097507124262139e-17,8.538550315424434e-18
3.445,8.980964582655044e-17,8.520054502801417e-18
3.446,8.865906650103326e-17,8.500598270252715e-18
3.447,8.752314532345631e-17,8.480209632970742e-18
3.448,8.640169671368815e-17,8.458916042022508e-18
3.449,8.529453742462256e-17,8.436744394243292e-18
3.45,8.420148651308554e-17,8.413721041969125e-18
3.451,8.312236531110163e-17,8.389871802610605e-18
3.452,8.205699739751525e-17,8.36522196807048e-18
3.453,8.100520856996266e-17,8.339796314007467e-18
3.454,7.996682681719034e-17,8.313619108948682e-18
3.455,7.894168229171543e-17,8.286714123253035e-18
3.456,7.792960728282418e-17,8.259104637927938e-18
3.457,7.693043618990421e-17,8.230813453301582e-18
3.458,7.59440054961065e-17,8.201862897553062e-18
3.459,7.497015374233307e-17,8.172274835102561e-18
3.46,7.40087215015464e-17,8.142070674863779e-18
3.461,7.305955135339667e-17,8.111271378360756e-18
3.462,7.212248785916283e-17,8.07989746771122e-18
3.463,7.11973775370038e-17,8.047969033478539e-18
3.464,7.028406883751585e-17,8.015505742394346e-18
3.465,6.938241211959261e-17,7.982526844953838e-18
3.466,6.84922596265838e-17,7.949051182885788e-18
3.467,6.761346546274908e-17,7.915097196499183e-18
3.468,6.67458855700036e-17,7.880682931908464e-18
3.469,6.588937770495135e-17,7.845826048139255e-18
3.47,6.504380141620301e-17,7.81054382411646e-18
3.471,6.420901802197476e-17,7.774853165536592e-18
3.472,6.338489058796465e-17,7.738770611626116e-18
3.473,6.257128390550291e-17,7.702312341787656e-18
3.474,6.176806446997329e-17,7.665494182135777e-18
3.475,6.09751004595015e-17,7.628331611924116e-18
3.476,6.019226171390807e-17,7.59083976986556e-18
3.477,5.9419419713922e-17,7.553033460347168e-18
3.478,5.86564475606521e-17,7.514927159541475e-18
3.479,5.790321995531298e-17,7.476535021415845e-18
3.48,5.715961317920233e-17,7.437870883641466e-18
3.481,5.64255050739267e-17,7.398948273403568e-18
3.482,5.570077502187238e-17,7.359780413114442e-18
3.483,5.498530392691879e-17,7.320380226030784e-18
3.484,5.4278974195390926e-17,7.280760341776893e-18
3.485,5.35816697172484e-17,7.240933101775197e-18
3.486,5.289327584750779e-17,7.20091056458559e-18
3.487,5.221367938789567e-17,7.160704511155029e-18
3.488,5.1542768568729356e-17,7.120326449978798e-18
3.489,5.088043303102265e-17,7.079787622174855e-18
3.49,5.0226563808813766e-17,7.039099006472655e-18
3.491,4.9581053311712743e-17,6.998271324117768e-18
3.492,4.894379530766561e-17,6.957315043693688e-18
3.493,4.8314684905932655e-17,6.9162403858621e-18
3.494,4.769361854027821e-17,6.875057328022937e-18
3.495,4.7080493952369246e-17,6.833775608895496e-18
3.496,4.647521017538034e-17,6.7924047330218634e-18
3.497,4.587766751780233e-17,6.750953975193906e-18
3.498,4.5287767547452307e-17,6.709432384805031e-18
3.499,4.470541307568235e-17,6.667848790127938e-18
3.5,4.413050814178458e-17,6.6262118025195236e-18
3.501,4.356295799759016e-17,6.584529820554121e-18
3.502,4.3002669092259836e-17,6.542811034086216e-18
3.503,4.244954905726363e-17,6.501063428243772e-18
3.504,4.1903506691547356e-17,6.459294787353271e-18
3.505,4.136445194688374e-17,6.417512698797569e-18
3.506,4.0832295913405743e-17,6.375724556807655e-18
3.507,4.030695080531996e-17,6.3339375661893535e-18
3.508,3.978832994679778e-17,6.292158745986036e-18
3.509,3.92763477580422e-17,6.250394933078362e-18
3.51,3.877091974152805e-17,6.208652785722066e-18
3.511,3.827196246841355e-17,6.1669387870247835e-18
3.512,3.777939356512109e-17,6.1252592483629106e-18
3.513,3.729313170008506e-17,6.0836203127394485e-18
3.514,3.681309657066478e-17,6.042027958083798e-18
3.515,3.633920889022044e-17,6.000488000494436e-18
3.516,3.587139037535003e-17,5.959006097425401e-18
3.517,3.540956373328528e-17,5.917587750817492e-18
3.518,3.4953652649444714e-17,5.876238310175081e-18
3.519,3.4503581775141724e-17,5.834962975589411e-18
3.52,3.405927671544595e-17,5.793766800709265e-18
3.521,3.3620664017195874e-17,5.752654695659837e-18
3.522,3.318767115716094e-17,5.711631429910662e-18
3.523,3.2760226530351235e-17,5.670701635093429e-18
3.524,3.2338259438472924e-17,5.629869807770488e-18
3.525,3.1921700078527694e-17,5.589140312154861e-18
3.526,3.1510479531554395e-17,5.548517382782533e-18
3.527,3.1104529751511083e-17,5.508005127137816e-18
3.528,3.0703783554295795e-17,5.467607528232546e-18
3.529,3.0308174606904314e-17,5.42732844713986e-18
3.53,2.991763741672321e-17,5.3871716254832985e-18
3.531,2.953210732095654e-17,5.347140687881975e-18
3.532,2.915152047618446e-17,5.307239144352508e-18
3.533,2.8775813848052235e-17,5.267470392668447e-18
3.534,2.840492520108794e-17,5.2278377206778735e-18
3.535,2.803879308864732e-17,5.188344308579867e-18
3.536,2.767735684298419e-17,5.148993231160515e-18
3.537,2.732055656544484e-17,5.109787459989123e-18
3.538,2.6968333116784955e-17,5.0707298655752925e-18
3.539,2.6620628107607435e-17,5.031823219487487e-18
3.54,2.627738388891972e-17,4.993070196433751e-18
3.541,2.593854354280908e-17,4.9544733763051794e-18
3.542,2.5604050873234427e-17,4.916035246182761e-18
3.543,2.52738503969332e-17,4.877758202308205e-18
3.544,2.4947887334441918e-17,4.839644552019342e-18
3.545,2.462610760122896e-17,4.801696515650679e-18
3.546,2.4308457798938228e-17,4.7639162283996925e-18
3.547,2.3994885206742242e-17,4.726305742159426e-18
3.548,2.3685337772803423e-17,4.688867027317948e-18
3.549,2.3379764105842107e-17,4.6516019745252206e-18
3.55,2.3078113466810054e-17,4.614512396427921e-18
3.551,2.278033576066809e-17,4.5776000293727445e-18
3.552,2.2486381528266633e-17,4.5408665350787205e-18
3.553,2.2196201938327786e-17,4.504313502279051e-18
3.554,2.1909748779527767e-17,4.467942448332979e-18
3.555,2.1626974452678424e-17,4.431754820808192e-18
3.556,2.1347831963006592e-17,4.395751999034246e-18
3.557,2.107227491253013e-17,4.3599352956275e-18
3.558,2.0800257492529324e-17,4.324305957988031e-18
3.559,2.0531734476112635e-17,4.288865169769004e-18
3.56,2.0266661210875464e-17,4.253614052318955e-18
3.561,2.0004993611650886e-17,4.218553666097442e-18
3.562,1.974668815335117e-17,4.183685012064513e-18
3.563,1.9491701863898942e-17,4.149009033044422e-18
3.564,1.923999231724693e-17,4.114526615064046e-18
3.565,1.8991517626485134e-17,4.0802385886663986e-18
3.566,1.8746236437034365e-17,4.0461457301996914e-18
3.567,1.8504107919925083e-17,4.012248763082329e-18
3.568,1.826509176516046e-17,3.978548359044264e-18
3.569,1.8029148175162645e-17,3.945045139345097e-18
3.57,1.7796237858301135e-17,3.911739675969326e-18
3.571,1.756632202250234e-17,3.878632492799116e-18
3.572,1.733936236893922e-17,3.845724066764994e-18
3.573,1.7115321085800063e-17,3.81301482897482e-18
3.574,1.6894160842135426e-17,3.780505165821418e-18
3.575,1.667584478178221e-17,3.748195420069216e-18
3.576,1.6460336517363966e-17,3.716085891920276e-18
3.577,1.6247600124366476e-17,3.684176840060033e-18
3.578,1.6037600135287638e-17,3.652468482683115e-18
3.579,1.5830301533860754e-17,3.620960998499574e-18
3.58,1.5625669749350338e-17,3.589654527721858e-18
3.581,1.5423670650919465e-17,3.558549173032863e-18
3.582,1.5224270542067853e-17,3.527645000535382e-18
3.583,1.5027436155139748e-17,3.496942040683275e-18
3.584,1.4833134645900744e-17,3.4664402891946653e-18
3.585,1.4641333588182715e-17,3.4361397079474807e-18
3.586,1.445200096859597e-17,3.406040225857638e-18
3.587,1.4265105181307817e-17,3.3761417397401703e-18
3.588,1.408061502288671e-17,3.346444115153589e-18
3.589,1.3898499687211136e-17,3.3169471872277744e-18
3.59,1.3718728760442483e-17,3.287650761475675e-18
3.591,1.3541272216061041e-17,3.258554614589099e-18
3.592,1.3366100409964386e-17,3.2296584952188682e-18
3.593,1.3193184075627342e-17,3.200962124739615e-18
3.594,1.3022494319322784e-17,3.1724651979994765e-18
3.595,1.2854002615402495e-17,3.1441673840549577e-18
3.596,1.268768080163735e-17,3.1160683268912165e-18
3.597,1.2523501074616061e-17,3.0881676461280305e-18
3.598,1.2361435985201794e-17,3.0604649377116844e-18
3.599,1.2201458434045887e-17,3.032959774593037e-18
3.6,1.2043541667157998e-17,3.0056517073919976e-18
3.601,1.188765927153196e-17,2.97854026504866e-18
3.602,1.1733785170826647e-17,2.951624955461317e-18
3.603,1.1581893621101163e-17,2.924905266111596e-18
3.604,1.14319592066037e-17,2.8983806646769348e-18
3.605,1.1283956835613353e-17,2.8720505996306234e-18
3.606,1.1137861736334282e-17,2.8459145008296304e-18
3.607,1.099364945284151e-17,2.8199717800904274e-18
3.608,1.0851295841077764e-17,2.794221831753028e-18
3.609,1.0710777064900703e-17,2.768664033233443e-18
3.61,1.0572069592179876e-17,2.7432977455647657e-18
3.611,1.0435150190942845e-17,2.718122313927077e-18
3.612,1.029999592556981e-17,2.693137068166382e-18
3.613,1.0166584153036151e-17,2.668341323302764e-18
3.614,1.0034892519202289e-17,2.6437343800279483e-18
3.615,9.90489895515027e-18,2.6193155251924715e-18
3.616,9.776581673566483e-18,2.595084032282633e-18
3.617,9.649919165169963e-18,2.571039161887417e-18
3.618,9.524890195185661e-18,2.547180162155565e-18
3.619,9.40147379986216e-18,2.523506269242967e-18
3.62,9.279649283033277e-18,2.500016707750561e-18
3.621,9.159396212722973e-18,2.476710691152893e-18
3.622,9.040694417793061e-18,2.45358742221752e-18
3.623,8.923523984633169e-18,2.4306460934154134e-18
3.624,8.807865253892413e-18,2.40788588732253e-18
3.625,8.693698817252286e-18,2.3853059770127042e-18
3.626,8.581005514240214e-18,2.3629055264420274e-18
3.627,8.469766429083313e-18,2.340683690824858e-18
3.628,8.359962887601793e-18,2.3186396170016263e-18
3.629,8.251576454141565e-18,2.2967724437985735e-18
3.63,8.144588928545509e-18,2.2750813023795766e-18
3.631,8.038982343162969e-18,2.2535653165902027e-18
3.632,7.934738959896955e-18,2.2322236032941365e-18
3.633,7.831841267288608e-18,2.2110552727021157e-18
3.634,7.730271977638444e-18,2.19005942869352e-18
3.635,7.630014024163926e-18,2.1692351691307387e-18
3.636,7.531050558192909e-18,2.148581586166458e-18
3.637,7.433364946392496e-18,2.1280977665439938e-18
3.638,7.336940768032885e-18,2.1077827918908036e-18
3.639,7.24176181228575e-18,2.0876357390052945e-18
3.64,7.147812075556712e-18,2.0676556801370625e-18
3.641,7.055075758851524e-18,2.047841683260676e-18
3.642,6.963537265175475e-18,2.0281928123431306e-18
3.643,6.87318119696566e-18,2.008708127605085e-18
3.644,6.78399235355567e-18,1.989386685776006e-18
3.645,6.695955728672299e-18,1.970227540343322e-18
3.646,6.6090565079638784e-18,1.9512297417957108e-18
3.647,6.523280066559834e-18,1.9323923378606188e-18
3.648,6.4386119666610735e-18,1.9137143737361356e-18
3.649,6.355037955160819e-18,1.895194892317312e-18
3.65,6.272543961295508e-18,1.876832934417045e-18
3.651,6.191116094325373e-18,1.8586275389816143e-18
3.652,6.110740641244346e-18,1.8405777433009902e-18
3.653,6.031404064518899e-18,1.8226825832139937e-18
3.654,5.953092999855478e-18,1.8049410933084222e-18
3.655,5.875794253996148e-18,1.7873523071162266e-18
3.656,5.7994948025421234e-18,1.769915257303841e-18
3.657,5.7241817878048084e-18,1.7526289758577497e-18
3.658,5.6498425166840174e-18,1.735492494265395e-18
3.659,5.576464458573026e-18,1.7185048436915003e-18
3.66,5.5040352432901204e-18,1.7016650551499123e-18
3.661,5.432542659036313e-18,1.684972159671035e-18
3.662,5.361974650378889e-18,1.66842518846495e-18
3.663,5.29231931626047e-18,1.652023173080304e-18
3.664,5.223564908033259e-18,1.6357651455590426e-18
3.665,5.155699827518172e-18,1.619650138587078e-18
3.666,5.0887126250885195e-18,1.6036771856409617e-18
3.667,5.02259199777795e-18,1.5878453211306485e-18
3.668,4.957326787412333e-18,1.5721535805384219e-18
3.669,4.892905978765299e-18,1.556601000554059e-18
3.67,4.829318697737124e-18,1.5411866192063115e-18
3.671,4.766554209556665e-18,1.5259094759907696e-18
3.672,4.704601917006076e-18,1.5107686119941864e-18
3.673,4.643451358667992e-18,1.4957630700153278e-18
3.674,4.583092207194917e-18,1.4808918946824229e-18
3.675,4.523514267600528e-18,1.466154132567275e-18
3.676,4.464707475572623e-18,1.4515488322961088e-18
3.677,4.40666189580744e-18,1.4370750446572114e-18
3.678,4.349367720365077e-18,1.4227318227054355e-18
3.679,4.292815267045746e-18,1.4085182218636286e-18
3.68,4.236994977786611e-18,1.394433300021047e-18
3.681,4.181897417078924e-18,1.3804761176288192e-18
3.682,4.127513270405239e-18,1.366645737792516e-18
3.683,4.073833342696421e-18,1.3529412263618884e-18
3.684,4.020848556808219e-18,1.339361652017828e-18
3.685,3.968549952017145e-18,1.3259060863566106e-18
3.686,3.916928682535429e-18,1.3125736039714768e-18
3.687,3.865976016044794e-18,1.2993632825316024e-18
3.688,3.815683332248833e-18,1.2862742028585183e-18
3.689,3.7660421214437306e-18,1.273305449000025e-18
3.69,3.7170439831071196e-18,1.2604561083016614e-18
3.691,3.668680624504835e-18,1.2477252714757728e-18
3.692,3.6209438593153325e-18,1.2351120326682327e-18
3.693,3.573825606271567e-18,1.2226154895228638e-18
3.694,3.527317887820096e-18,1.2102347432436098e-18
3.695,3.48141282879719e-18,1.1979688986545043e-18
3.696,3.436102655121752e-18,1.1858170642574819e-18
3.697,3.3913796925048183e-18,1.1737783522880802e-18
3.698,3.3472363651754326e-18,1.1618518787690749e-18
3.699,3.303665194622699e-18,1.150036763562095e-18
3.7,3.2606587983537962e-18,1.1383321304172577e-18
3.701,3.21820988866776e-18,1.1267371070208704e-18
3.702,3.176311271444834e-18,1.1152508250412363e-18
3.703,3.134955844951187e-18,1.10387242017261e-18
3.704,3.094136598658811e-18,1.0926010321773383e-18
3.705,3.053846612080405e-18,1.0814358049262308e-18
3.706,3.0140790536190497e-18,1.0703758864371938e-18
3.707,2.974827179432499e-18,1.0594204289121712e-18
3.708,2.936084332311893e-18,1.048568588772425e-18
3.709,2.8978439405747138e-18,1.0378195266921962e-18
3.71,2.860099516971808e-18,1.0271724076307784e-18
3.711,2.8228446576082917e-18,1.0166264008630427e-18
3.712,2.7860730408781703e-18,1.0061806800084472e-18
3.713,2.7497784264124924e-18,9.958344230585649e-19
3.714,2.713954654040873e-18,9.855868124031654e-19
3.715,2.6785956427662136e-18,9.7543703485488e-19
3.716,2.6436953897524556e-18,9.653842816724865e-19
3.717,2.6092479693251976e-18,9.554277485828419e-19
3.718,2.5752475319850205e-18,9.45566635801496e-19
3.719,2.5416883034333537e-18,9.358001480520163e-19
3.72,2.5085645836107297e-18,9.26127494584054e-19
3.721,2.4758707457472648e-18,9.165478891901785e-19
3.722,2.443601235425217e-18,9.070605502215141e-19
3.723,2.411750569653464e-18,8.976647006022014e-19
3.724,2.380313335953753e-18,8.883595678427155e-19
3.725,2.3492841914585763e-18,8.79144384052066e-19
3.726,2.3186578620205158e-18,8.700183859489064e-19
3.727,2.2884291413329247e-18,8.609808148715799e-19
3.728,2.2585928900617947e-18,8.520309167871243e-19
3.729,2.229144034988667e-18,8.431679422992651e-19
3.73,2.200077568164453e-18,8.343911466554192e-19
3.731,2.1713885460740202e-18,8.256997897527346e-19
3.732,2.1430720888114136e-18,8.170931361431882e-19
3.733,2.1151233792655735e-18,8.085704550377678e-19
3.734,2.0875376623164174e-18,8.001310203097587e-19
3.735,2.060310244041158e-18,7.91774110497159e-19
3.736,2.033436490930722e-18,7.834990088042447e-19
3.737,2.006911829116152e-18,7.753050031023074e-19
3.738,1.980731743604852e-18,7.671913859295839e-19
3.739,1.9548917775265618e-18,7.591574544904006e-19
3.74,1.929387531388936e-18,7.512025106535518e-19
3.741,1.9042146623425997e-18,7.433258609499321e-19
3.742,1.8793688834555695e-18,7.355268165694434e-19
3.743,1.8548459629969156e-18,7.278046933571939e-19
3.744,1.8306417237295476e-18,7.201588118090102e-19
3.745,1.8067520422120154e-18,7.125884970662791e-19
3.746,1.7831728481092007e-18,7.050930789101381e-19
3.747,1.7599001235117957e-18,6.976718917550332e-19
3.748,1.7369299022644525e-18,6.903242746416584e-19
3.749,1.7142582693024953e-18,6.830495712292987e-19
3.75,1.6918813599970853e-18,6.758471297875884e-19
3.751,1.669795359508735e-18,6.687163031877047e-19
3.752,1.6479965021490609e-18,6.61656448893011e-19
3.753,1.6264810707506747e-18,6.546669289491656e-19
3.754,1.605245396045107e-18,6.477471099737126e-19
3.755,1.5842858560486634e-18,6.408963631451683e-19
3.756,1.5635988754561115e-18,6.34114064191619e-19
3.757,1.5431809250421006e-18,6.273995933788449e-19
3.758,1.523028521070214e-18,6.207523354979833e-19
3.759,1.5031382247095603e-18,6.141716798527464e-19
3.76,1.4835066414588056e-18,6.076570202462063e-19
3.761,1.4641304205775516e-18,6.012077549671603e-19
3.762,1.4450062545249713e-18,5.94823286776092e-19
3.763,1.4261308784056034e-18,5.885030228907367e-19
3.764,1.4075010694222203e-18,5.822463749712688e-19
3.765,1.3891136463356764e-18,5.760527591051191e-19
3.766,1.3709654689316504e-18,5.699215957914363e-19
3.767,1.3530534374941938e-18,5.638523099252054e-19
3.768,1.3353744922859965e-18,5.57844330781031e-19
3.769,1.3179256130352896e-18,5.518970919966008e-19
3.77,1.3007038184292951e-18,5.460100315558381e-19
3.771,1.283706165614145e-18,5.401825917717547e-19
3.772,1.2669297497011832e-18,5.344142192690142e-19
3.773,1.2503717032795723e-18,5.287043649662184e-19
3.774,1.2340291959351237e-18,5.230524840579232e-19
3.775,1.2178994337752718e-18,5.174580359963973e-19
3.776,1.2019796589601168e-18,5.119204844731321e-19
3.777,1.1862671492394547e-18,5.064392974001118e-19
3.778,1.1707592174957221e-18,5.010139468908544e-19
3.779,1.1554532112927806e-18,4.95643909241231e-19
3.78,1.1403465124304632e-18,4.903286649100744e-19
3.781,1.1254365365048145e-18,4.850676984995838e-19
3.782,1.1107207324739469e-18,4.798604987355352e-19
3.783,1.0961965822294477e-18,4.747065584473059e-19
3.784,1.08186160017326e-18,4.696053745477202e-19
3.785,1.0677133327999734e-18,4.645564480127262e-19
3.786,1.0537493582844519e-18,4.595592838609094e-19
3.787,1.0399672860747339e-18,4.546133911328524e-19
3.788,1.0263647564901355e-18,4.497182828703472e-19
3.789,1.0129394403244916e-18,4.448734760954677e-19
3.79,9.996890384544696e-19,4.400784917895094e-19
3.791,9.866112814528917e-19,4.353328548718039e-19
3.792,9.73703929207e-19,4.306360941784144e-19
3.793,9.60964770541605e-19,4.259877424407184e-19
3.794,9.483916228470527e-19,4.213873362638855e-19
3.795,9.35982331711949e-19,4.1683441610525544e-19
3.796,9.237347705605834e-19,4.12328526252623e-19
3.797,9.116468402949894e-19,4.0786921480243605e-19
3.798,8.997164689415841e-19,4.034560336379124e-19
3.799,8.879416113023296e-19,3.9908853840708123e-19
3.8,8.76320248610355e-19,3.9476628850075483e-19
3.801,8.648503881899876e-19,3.904888470304362e-19
3.802,8.53530063121133e-19,3.8625578080616803e-19
3.803,8.423573319079501e-19,3.8206666031432774e-19
3.804,8.313302781517671e-19,3.779210596953745e-19
3.805,8.204470102281835e-19,3.738185567215527e-19
3.806,8.097056609683052e-19,3.6975873277455683e-19
3.807,7.991043873440601e-19,3.657411728231628e-19
3.808,7.886413701575423e-19,3.6176546540082995e-19
3.809,7.783148137343337e-19,3.5783120258327856e-19
3.81,7.681229456207521e-19,3.5393797996604737e-19
3.811,7.580640162849758e-19,3.5008539664203497e-19
3.812,7.481362988219959e-19,3.4627305517902976e-19
3.813,7.3833808866234645e-19,3.425005615972324e-19
3.814,7.286677032845659e-19,3.3876752534677444e-19
3.815,7.19123481931341e-19,3.350735592852376e-19
3.816,7.097037853292867e-19,3.3141827965517695e-19
3.817,7.004069954123154e-19,3.2780130606165196e-19
3.818,6.912315150485509e-19,3.24222261449769e-19
3.819,6.821757677707413e-19,3.2068077208223893e-19
3.82,6.7323819751012445e-19,3.171764675169523e-19
3.821,6.644172683337059e-19,3.137089805845771e-19
3.822,6.557114641849024e-19,3.102779473661808e-19
3.823,6.471192886275084e-19,3.0688300717088044e-19
3.824,6.386392645929466e-19,3.035238025135238e-19
3.825,6.302699341307551e-19,3.0019997909240473e-19
3.826,6.220098581622755e-19,2.9691118576701527e-19
3.827,6.138576162374972e-19,2.936570745358372e-19
3.828,6.058118062950189e-19,2.904373005141767e-19
3.829,5.978710444250889e-19,2.8725152191204313e-19
3.83,5.900339646356827e-19,2.840994000120767e-19
3.831,5.822992186215803e-19,2.8098059914752496e-19
3.832,5.746654755364053e-19,2.778947866802729e-19
3.833,5.671314217675875e-19,2.7484163297892744e-19
3.834,5.596957607142114e-19,2.718208113969594e-19
3.835,5.523572125677144e-19,2.688319982509048e-19
3.836,5.451145140953983e-19,2.6587487279862765e-19
3.837,5.379664184267178e-19,2.6294911721764673e-19
3.838,5.309116948423109e-19,2.6005441658352765e-19
3.839,5.239491285657361e-19,2.5719045884834286e-19
3.84,5.170775205578817e-19,2.543569348192012e-19
3.841,5.102956873140137e-19,2.5155353813684847e-19
3.842,5.036024606634275e-19,2.4877996525434166e-19
3.843,4.969966875716718e-19,2.4603591541579766e-19
3.844,4.904772299453098e-19,2.4332109063521872e-19
3.845,4.840429644391875e-19,2.406351956753957e-19
3.846,4.776927822661754e-19,2.379779380268917e-19
3.847,4.714255890093525e-19,2.3534902788710585e-19
3.848,4.652403044366021e-19,2.327481781394207e-19
3.849,4.59135862317588e-19,2.301751043324329e-19
3.85,4.5311121024308e-19,2.276295246592698e-19
3.851,4.471653094466003e-19,2.2511115993699215e-19
3.852,4.412971346283604e-19,2.226197335860851e-19
3.853,4.3550567378145765e-19,2.2015497161003796e-19
3.854,4.2978992802030648e-19,2.1771660257501467e-19
3.855,4.2414891141127123e-19,2.15304357589615e-19
3.856,4.185816508054757e-19,2.1291797028472873e-19
3.857,4.1308718567376017e-19,2.1055717679348289e-19
3.858,4.076645679437588e-19,2.0822171573128348e-19
3.859,4.0231286183907023e-19,2.0591132817595272e-19
3.86,3.970311437204949e-19,2.0362575764796234e-19
3.861,3.9181850192931215e-19,2.01364750090764e-19
3.862,3.8667403663257143e-19,1.9912805385121772e-19
3.863,3.8159685967037186e-19,1.969154196601189e-19
3.864,3.7658609440510467e-19,1.9472660061282494e-19
3.865,3.71640875572633e-19,1.9256135214998181e-19
3.866,3.6676034913538517e-19,1.904194320383516e-19
3.867,3.6194367213733637e-19,1.8830060035174146e-19
3.868,3.5719001256085417e-19,1.8620461945203468e-19
3.869,3.5249854918538535e-19,1.8413125397032435e-19
3.87,3.4786847144795888e-19,1.8208027078815015e-19
3.871,3.4329897930548354e-19,1.80051439018839e-19
3.872,3.387892830988154e-19,1.7804452998894983e-19
3.873,3.3433860341857407e-19,1.7605931721982276e-19
3.874,3.2994617097268453e-19,1.7409557640923362e-19
3.875,3.2561122645562244e-19,1.7215308541315369e-19
3.876,3.2133302041934165e-19,1.7023162422761536e-19
3.877,3.17110813145862e-19,1.6833097497068388e-19
3.878,3.129438745214959e-19,1.6645092186453543e-19
3.879,3.088314839126936e-19,1.6459125121764213e-19
3.88,3.047729300434855e-19,1.627517514070638e-19
3.881,3.0076751087450136e-19,1.6093221286084718e-19
3.882,2.9681453348354666e-19,1.591324280405322e-19
3.883,2.9291331394771557e-19,1.5735219142376635e-19
3.884,2.8906317722702114e-19,1.5559129948702638e-19
3.885,2.852634570495231e-19,1.5384955068844812e-19
3.886,2.8151349579793465e-19,1.5212674545076426e-19
3.887,2.778126443976884e-19,1.5042268614435034e-19
3.888,2.7416026220644365e-19,1.4873717707037883e-19
3.889,2.705557169050157e-19,1.4707002444408144e-19
3.89,2.669983843897101e-19,1.4542103637811995e-19
3.891,2.6348764866604243e-19,1.4379002286606503e-19
3.892,2.600229017438272e-19,1.421767957659836e-19
3.893,2.5660354353361735e-19,1.4058116878413437e-19
3.894,2.532289817444777e-19,1.3900295745877166e-19
3.895,2.4989863178307467e-19,1.374419791440574e-19
3.896,2.4661191665406626e-19,1.3589805299408128e-19
3.897,2.433682668617743e-19,1.343709999469889e-19
3.898,2.401671203131241e-19,1.3286064270921778e-19
3.899,2.370079222218339e-19,1.3136680573984138e-19
3.9,2.3389012501383917e-19,1.2988931523502057e-19
3.901,2.30813188233935e-19,1.2842799911256276e-19
3.902,2.2777657845362152e-19,1.2698268699658835e-19
3.903,2.247797691801371e-19,1.255532102023043e-19
3.904,2.218222407666634e-19,1.2413940172088487e-19
3.905,2.1890348032368783e-19,1.2274109620445888e-19
3.906,2.1602298163150858e-19,1.2135812995120378e-19
3.907,2.1318024505386703e-19,1.1999034089054587e-19
3.908,2.1037477745269365e-19,1.1863756856846682e-19
3.909,2.0760609210395293e-19,1.1729965413291582e-19
3.91,2.0487370861457306e-19,1.1597644031932743e-19
3.911,2.0217715284044673e-19,1.1466777143624468e-19
3.912,1.995159568054891e-19,1.1337349335104729e-19
3.913,1.9688965862173942e-19,1.120934534757844e-19
3.914,1.9429780241049308e-19,1.10827500753112e-19
3.915,1.9173993822445052e-19,1.0957548564233408e-19
3.916,1.8921562197087035e-19,1.0833726010554796e-19
3.917,1.867244153357134e-19,1.0711267759389277e-19
3.918,1.842658857087654e-19,1.0590159303390107e-19
3.919,1.8183960610972532e-19,1.047038628139533e-19
3.92,1.7944515511524734e-19,1.035193447708345e-19
3.921,1.770821167869238e-19,1.0234789817639313e-19
3.922,1.747500806001975e-19,1.011893837243014e-19
3.923,1.7244864137419114e-19,1.0004366351691702e-19
3.924,1.7017739920244212e-19,9.891060105224559e-20
3.925,1.6793595938453113e-19,9.779006121100364e-20
3.926,1.6572393235859323e-19,9.66819102437816e-20
3.927,1.635409336346997e-19,9.55860157583065e-20
3.928,1.613865837290998e-19,9.45022467068038e-20
3.929,1.592605080993114e-19,9.343047337345806e-20
3.93,1.5716233708004908e-19,9.237056736197201e-20
3.931,1.5509170581997994e-19,9.132240158322357e-20
3.932,1.5304825421929527e-19,9.028585024302024e-20
3.933,1.5103162686808854e-19,8.926078882995065e-20
3.934,1.4904147298552893e-19,8.824709410333276e-20
3.935,1.470774463598203e-19,8.724464408125803e-20
3.936,1.451392052889354e-19,8.62533180287314e-20
3.937,1.4322641252211536e-19,8.527299644590652e-20
3.938,1.4133873520212493e-19,8.430356105641562e-20
3.939,1.3947584480825327e-19,8.334489479579373e-20
3.94,1.376374171000511e-19,8.239688179999672e-20
3.941,1.3582313206179448e-19,8.14594073940126e-20
3.942,1.3403267384766608e-19,8.053235808056575e-20
3.943,1.3226573072764465e-19,7.961562152891342e-20
3.944,1.3052199503409342e-19,7.870908656373421e-20
3.945,1.288011631090388e-19,7.781264315410778e-20
3.946,1.2710293525213008e-19,7.692618240258556e-20
3.947,1.2542701566927179e-19,7.604959653435182e-20
3.948,1.2377311242191959e-19,7.51827788864746e-20
3.949,1.2214093737703179e-19,7.432562389724602e-20
3.95,1.2053020615766731e-19,7.347802709561153e-20
3.951,1.1894063809422256e-19,7.263988509068743e-20
3.952,1.173719561762982e-19,7.181109556136636e-20
3.953,1.158238870051885e-19,7.099155724601012e-20
3.954,1.142961607469846e-19,7.018116993222926e-20
3.955,1.1278851108628422e-19,6.937983444674906e-20
3.956,1.1130067518049968e-19,6.858745264536139e-20
3.957,1.0983239361475696e-19,6.780392740296171e-20
3.958,1.0838341035737773e-19,6.702916260367106e-20
3.959,1.069534727159371e-19,6.626306313104208e-20
3.96,1.0554233129388973e-19,6.550553485834903e-20
3.961,1.0414973994775673e-19,6.475648463896085e-20
3.962,1.0277545574486645e-19,6.401582029679698e-20
3.963,1.0141923892164175e-19,6.328345061686545e-20
3.964,1.0008085284242694e-19,6.25592853358825e-20
3.965,9.876006395884722e-20,6.184323513297348e-20
3.966,9.745664176969399e-20,6.113521162045429e-20
3.967,9.617035878132905e-20,6.043512733469294e-20
3.968,9.490099046860121e-20,5.974289572705074e-20
3.969,9.364831523626849e-20,5.905843115490244e-20
3.97,9.241211438091961e-20,5.838164887273505e-20
3.971,9.119217205338824e-20,5.771246502332459e-20
3.972,8.998827522165355e-20,5.705079662899029e-20
3.973,8.880021363422107e-20,5.639656158292593e-20
3.974,8.762777978397743e-20,5.574967864060744e-20
3.975,8.647076887251295e-20,5.511006741127654e-20
3.976,8.532897877490609e-20,5.447764834949983e-20
3.977,8.420221000496378e-20,5.3852342746802634e-20
3.978,8.309026568091174e-20,5.32340727233774e-20
3.979,8.199295149152902e-20,5.26227612198658e-20
3.98,8.0910075662721e-20,5.2018331989214285e-20
3.981,7.984144892452522e-20,5.1420709588602395e-20
3.982,7.878688447854453e-20,5.082981937144345e-20
3.983,7.774619796580186e-20,5.0245587479456974e-20
3.984,7.671920743501142e-20,4.966794083481246e-20
3.985,7.570573331126072e-20,4.909680713234387e-20
3.986,7.470559836509836e-20,4.853211483183446e-20
3.987,7.371862768202211e-20,4.797379315037127e-20
3.988,7.274464863236235e-20,4.742177205476897e-20
3.989,7.178349084155551e-20,4.6875982254062377e-20
3.99,7.083498616080284e-20,4.633635519206725e-20
3.991,6.989896863810911e-20,4.580282304000878e-20
3.992,6.897527448969675e-20,4.5275318689217396e-20
3.993,6.806374207179024e-20,4.475377574389121e-20
3.994,6.716421185276626e-20,4.4238128513924763e-20
3.995,6.627652638566466e-20,4.3728312007803496e-20
3.996,6.540053028105578e-20,4.322426192556347e-20
3.997,6.453607018025932e-20,4.27259146518158e-20
3.998,6.36829947289104e-20,4.223320724883545e-20
3.999,6.284115455086832e-20,4.1746077449713666e-20
4.0,6.201040222246344e-20,4.1264463651573793e-20
