M omega,Re(tilde_Psi_4),Im(tilde_Psi_4)
-4.0,-2.2544516821123608e-20,-1.499332846403818e-19
-3.999,-2.275094784132931e-20,-1.5182682127756792e-19
-3.998,-2.29589629353499e-20,-1.5374424347632775e-19
-3.997,-2.3168568738122377e-20,-1.5568585212923387e-19
-3.996,-2.3379771793594135e-20,-1.5765195191344513e-19
-3.995,-2.359257855128897e-20,-1.5964285133822458e-19
-3.994,-2.380699536279987e-20,-1.6165886279305313e-19
-3.993,-2.4023028478207214e-20,-1.6370030259634585e-19
-3.992,-2.4240684042421143e-20,-1.6576749104477865e-19
-3.991,-2.445996809144664e-20,-1.6786075246323326e-19
-3.99,-2.468088654857e-20,-1.6998041525536752e-19
-3.989,-2.4903445220465272e-20,-1.721268119548196e-19
-3.988,-2.5127649793219238e-20,-1.7430027927705362e-19
-3.987,-2.5353505828273497e-20,-1.7650115817185463e-19
-3.986,-2.5581018758282135e-20,-1.787297938764814e-19
-3.985,-2.581019388288356e-20,-1.8098653596948497e-19
-3.984,-2.6041036364384893e-20,-1.8327173842520133e-19
-3.983,-2.6273551223357423e-20,-1.8558575966892675e-19
-3.982,-2.6507743334141538e-20,-1.8792896263278427e-19
-3.981,-2.6743617420259523e-20,-1.9030171481228973e-19
-3.98,-2.6981178049734615e-20,-1.9270438832362662e-19
-3.979,-2.7220429630314655e-20,-1.95137359961638e-19
-3.978,-2.7461376404598636e-20,-1.976010112585449e-19
-3.977,-2.7704022445064517e-20,-2.0009572854339996e-19
-3.976,-2.794837164899644e-20,-2.0262190300228592e-19
-3.975,-2.8194427733309726e-20,-2.0517993073926761e-19
-3.974,-2.8442194229271777e-20,-2.0777021283810758e-19
-3.973,-2.869167447711704e-20,-2.103931554247543e-19
-3.972,-2.8942871620554294e-20,-2.130491697306131e-19
-3.971,-2.9195788601164286e-20,-2.1573867215660912e-19
-3.97,-2.945042815268578e-20,-2.184620843380526e-19
-3.969,-2.97067927951882e-20,-2.2121983321031623e-19
-3.968,-2.9964884829128804e-20,-2.240123510753349e-19
-3.967,-3.022470632929235e-20,-2.26840075668938e-19
-3.966,-3.0486259138611335e-20,-2.297034502290248e-19
-3.965,-3.0749544861864666e-20,-2.326029235645931e-19
-3.964,-3.1014564859252595e-20,-2.3553895012563253e-19
-3.963,-3.1281320239845947e-20,-2.3851199007389206e-19
-3.962,-3.154981185490727e-20,-2.415225093545343e-19
-3.961,-3.1820040291081893e-20,-2.445709797686862e-19
-3.96,-3.20920058634565e-20,-2.4765787904689785e-19
-3.959,-3.2365708608483006e-20,-2.5078369092352114e-19
-3.958,-3.2641148276765414e-20,-2.5394890521201925e-19
-3.957,-3.291832432570732e-20,-2.5715401788121865e-19
-3.956,-3.319723591201761e-20,-2.6039953113251535e-19
-3.955,-3.3477881884071976e-20,-2.6368595347804803e-19
-3.954,-3.3760260774127794e-20,-2.670137998198487e-19
-3.953,-3.404437079038981e-20,-2.703835915299846e-19
-3.952,-3.433020980892406e-20,-2.7379585653170255e-19
-3.951,-3.461777536541759e-20,-2.7725112938158917e-19
-3.95,-3.4907064646781126e-20,-2.807499513527588e-19
-3.949,-3.5198074482592185e-20,-2.842928705190828e-19
-3.948,-3.549080133637585e-20,-2.878804418404724e-19
-3.947,-3.578524129672047e-20,-2.915132272492288e-19
-3.946,-3.608139006822542e-20,-2.951917957374739e-19
-3.945,-3.637924296227822e-20,-2.9891672344567463e-19
-3.944,-3.667879488765788e-20,-3.0268859375227493e-19
-3.943,-3.698004034096184e-20,-3.065079973644493e-19
-3.942,-3.7282973396853203e-20,-3.103755324099912e-19
-3.941,-3.7587587698125484e-20,-3.1429180453035194e-19
-3.94,-3.7893876445581626e-20,-3.1825742697484206e-19
-3.939,-3.820183238772425e-20,-3.2227302069601256e-19
-3.938,-3.8511447810253886e-20,-3.263392144462283e-19
-3.937,-3.8822714525372e-20,-3.304566448754496e-19
-3.936,-3.9135623860885545e-20,-3.346259566302371e-19
-3.935,-3.945016664910964e-20,-3.388478024539947e-19
-3.934,-3.976633321556504e-20,-3.431228432884665e-19
-3.933,-4.008411336746697e-20,-3.474517483765028e-19
-3.932,-4.040349638200173e-20,-3.5183519536611177e-19
-3.931,-4.072447099438769e-20,-3.562738704158121e-19
-3.93,-4.104702538571684e-20,-3.6076846830130317e-19
-3.929,-4.137114717057347e-20,-3.653196925234692e-19
-3.928,-4.169682338442607e-20,-3.699282554177342e-19
-3.927,-4.2024040470788766e-20,-3.745948782647838e-19
-3.926,-4.235278426814841e-20,-3.793202914026722e-19
-3.925,-4.268303999665345e-20,-3.8410523434033034e-19
-3.924,-4.301479224456061e-20,-3.8895045587249343e-19
-3.923,-4.3348024954435323e-20,-3.9385671419606563e-19
-3.922,-4.3682721409101844e-20,-3.988247770279392e-19
-3.921,-4.401886421733894e-20,-4.0385542172428683e-19
-3.92,-4.435643529931684e-20,-4.089494354013453e-19
-3.919,-4.4695415871771225e-20,-4.1410761505770907e-19
-3.918,-4.5035786432909933e-20,-4.1933076769815225e-19
-3.917,-4.5377526747047836e-20,-4.2461971045899927e-19
-3.916,-4.572061582896553e-20,-4.2997527073506163e-19
-3.915,-4.606503192798723e-20,-4.353982863081619e-19
-3.914,-4.641075251177317e-20,-4.408896054772641e-19
-3.913,-4.675775424982192e-20,-4.464500871902305e-19
-3.912,-4.7106012996677747e-20,-4.520806011772245e-19
-3.911,-4.745550377483819e-20,-4.577820280857821e-19
-3.91,-4.780620075735696e-20,-4.6355525961757e-19
-3.909,-4.8158077250137074e-20,-4.694011986668537e-19
-3.908,-4.851110567390923e-20,-4.753207594606955e-19
-3.907,-4.886525754589016e-20,-4.813148677009044e-19
-3.906,-4.922050346111582e-20,-4.873844607077603e-19
-3.905,-4.9576813073443976e-20,-4.93530487565533e-19
-3.904,-4.993415507622087e-20,-4.997539092698208e-19
-3.903,-5.0292497182606393e-20,-5.060556988767288e-19
-3.902,-5.0651806105552263e-20,-5.124368416539114e-19
-3.901,-5.101204753742744e-20,-5.188983352335022e-19
-3.9,-5.13731861292851e-20,-5.254411897669545e-19
-3.899,-5.173518546976529e-20,-5.320664280818148e-19
-3.898,-5.209800806362733e-20,-5.387750858404571e-19
-3.897,-5.246161530990593e-20,-5.455682117007975e-19
-3.896,-5.282596747968485e-20,-5.524468674790185e-19
-3.895,-5.3191023693482e-20,-5.594121283143246e-19
-3.894,-5.355674189823952e-20,-5.66465082835756e-19
-3.893,-5.392307884391256e-20,-5.736068333310862e-19
-3.892,-5.428999005965008e-20,-5.808384959178285e-19
-3.891,-5.46574298295613e-20,-5.881612007163783e-19
-3.89,-5.502535116806075e-20,-5.9557609202531905e-19
-3.889,-5.539370579478547e-20,-6.030843284989144e-19
-3.888,-5.576244410907705e-20,-6.106870833268205e-19
-3.887,-5.613151516402185e-20,-6.183855444160396e-19
-3.886,-5.650086664004188e-20,-6.261809145751472e-19
-3.885,-5.687044481802948e-20,-6.34074411700819e-19
-3.884,-5.724019455201804e-20,-6.420672689666868e-19
-3.883,-5.761005924138154e-20,-6.501607350145527e-19
-3.882,-5.797998080255526e-20,-6.583560741479902e-19
-3.881,-5.834989964026988e-20,-6.666545665283627e-19
-3.88,-5.871975461829116e-20,-6.750575083732889e-19
-3.879,-5.908948302965733e-20,-6.8356621215758585e-19
-3.878,-5.945902056640594e-20,-6.921820068167207e-19
-3.877,-5.982830128878212e-20,-7.009062379528016e-19
-3.876,-6.019725759391994e-20,-7.097402680431401e-19
-3.875,-6.056582018398816e-20,-7.186854766514173e-19
-3.874,-6.093391803379213e-20,-7.277432606414847e-19
-3.873,-6.13014783578229e-20,-7.369150343938342e-19
-3.872,-6.166842657674463e-20,-7.462022300247697e-19
-3.871,-6.203468628331165e-20,-7.556062976083136e-19
-3.87,-6.24001792077055e-20,-7.651287054008832e-19
-3.869,-6.276482518228332e-20,-7.747709400687706e-19
-3.868,-6.312854210572751e-20,-7.84534506918461e-19
-3.867,-6.34912459065877e-20,-7.94420930129825e-19
-3.866,-6.385285050620493e-20,-8.044317529922216e-19
-3.865,-6.421326778100832e-20,-8.145685381435457e-19
-3.864,-6.457240752417433e-20,-8.248328678122593e-19
-3.863,-6.49301774066382e-20,-8.352263440624415e-19
-3.862,-6.528648293744752e-20,-8.457505890418965e-19
-3.861,-6.564122742344728e-20,-8.564072452333565e-19
-3.86,-6.599431192828591e-20,-8.671979757088183e-19
-3.859,-6.634563523073132e-20,-8.781244643870531e-19
-3.858,-6.669509378228623e-20,-8.891884162943275e-19
-3.857,-6.704258166409144e-20,-9.003915578283779e-19
-3.856,-6.738799054310585e-20,-9.117356370256765e-19
-3.855,-6.773120962755183e-20,-9.232224238320314e-19
-3.854,-6.807212562161404e-20,-9.348537103765613e-19
-3.853,-6.841062267938025e-20,-9.466313112490876e-19
-3.852,-6.874658235801175e-20,-9.585570637809852e-19
-3.851,-6.907988357013152e-20,-9.706328283295365e-19
-3.85,-6.941040253541762e-20,-9.82860488565831e-19
-3.849,-6.973801273138909e-20,-9.952419517662551e-19
-3.848,-7.006258484337194e-20,-1.0077791491076163e-18
-3.847,-7.038398671363208e-20,-1.0204740359659475e-18
-3.846,-7.070208328966198e-20,-1.0333285922190369e-18
-3.845,-7.101673657160792e-20,-1.0463448225527297e-18
-3.844,-7.132780555882406e-20,-1.0595247567710488e-18
-3.843,-7.163514619553979e-20,-1.072870450110182e-18
-3.842,-7.193861131562622e-20,-1.0863839835563822e-18
-3.841,-7.223805058644769e-20,-1.100067464167832e-18
-3.84,-7.253331045178402e-20,-1.1139230254005204e-18
-3.839,-7.282423407380868e-20,-1.1279528274381805e-18
-3.838,-7.311066127410815e-20,-1.14215905752634e-18
-3.837,-7.339242847372757e-20,-1.1565439303105374e-18
-3.836,-7.366936863222707e-20,-1.1711096881787492e-18
-3.835,-7.394131118573352e-20,-1.1858586016080895e-18
-3.834,-7.420808198397184e-20,-1.2007929695158279e-18
-3.833,-7.446950322625989e-20,-1.2159151196147807e-18
-3.832,-7.472539339645072e-20,-1.2312274087731344e-18
-3.831,-7.497556719680573e-20,-1.2467322233787493e-18
-3.83,-7.521983548078181e-20,-1.262431979708005e-18
-3.829,-7.545800518471587e-20,-1.2783291242992402e-18
-3.828,-7.56898792583891e-20,-1.2944261343308463e-18
-3.827,-7.591525659445369e-20,-1.3107255180040717e-18
-3.826,-7.61339319567042e-20,-1.3272298149305948e-18
-3.825,-7.634569590717555e-20,-1.3439415965249254e-18
-3.824,-7.655033473204927e-20,-1.3608634664016954e-18
-3.823,-7.674763036634946e-20,-1.3779980607778968e-18
-3.822,-7.693736031740963e-20,-1.3953480488801327e-18
-3.821,-7.711929758709122e-20,-1.4129161333569382e-18
-3.82,-7.72932105927343e-20,-1.4307050506962396e-18
-3.819,-7.745886308682095e-20,-1.4487175716480113e-18
-3.818,-7.761601407533093e-20,-1.466956501652197e-18
-3.817,-7.776441773476965e-20,-1.4854246812719616e-18
-3.816,-7.790382332784759e-20,-1.5041249866323364e-18
-3.815,-7.803397511779028e-20,-1.5230603298643287e-18
-3.814,-7.815461228125757e-20,-1.5422336595545599e-18
-3.813,-7.826546881985067e-20,-1.561647961200505e-18
-3.812,-7.836627347018487e-20,-1.5813062576713971e-18
-3.811,-7.845674961250592e-20,-1.6012116096748742e-18
-3.81,-7.85366151778273e-20,-1.621367116229433e-18
-3.809,-7.86055825535656e-20,-1.6417759151427666e-18
-3.808,-7.86633584876507e-20,-1.662441183496056e-18
-3.807,-7.870964399108706e-20,-1.683366138134291e-18
-3.806,-7.874413423894233e-20,-1.7045540361626963e-18
-3.805,-7.876651846973879e-20,-1.726008175449333e-18
-3.804,-7.877647988322302e-20,-1.7477318951339605e-18
-3.803,-7.877369553648866e-20,-1.7697285761432307e-18
-3.802,-7.875783623842698e-20,-1.792001641712292e-18
-3.801,-7.872856644247914e-20,-1.814554557912889e-18
-3.8,-7.868554413766439e-20,-1.837390834188031e-18
-3.799,-7.862842073785708e-20,-1.860514023893318e-18
-3.798,-7.855684096928593e-20,-1.8839277248449987e-18
-3.797,-7.847044275622791e-20,-1.9076355798748516e-18
-3.796,-7.83688571048689e-20,-1.9316412773919697e-18
-3.795,-7.825170798530317e-20,-1.955948551951535e-18
-3.794,-7.811861221164259e-20,-1.980561184830669e-18
-3.793,-7.796917932020697e-20,-2.0054830046114486e-18
-3.792,-7.780301144576557e-20,-2.030717887771176e-18
-3.791,-7.761970319580019e-20,-2.0562697592799903e-18
-3.79,-7.741884152275914e-20,-2.082142593205913e-18
-3.789,-7.720000559427146e-20,-2.1083404133274225e-18
-3.788,-7.696276666128986e-20,-2.1348672937536454e-18
-3.787,-7.670668792413084e-20,-2.1617273595522624e-18
-3.786,-7.643132439637937e-20,-2.1889247873852275e-18
-3.785,-7.613622276662583e-20,-2.2164638061523862e-18
-3.784,-7.582092125800153e-20,-2.2443486976431085e-18
-3.783,-7.54849494854794e-20,-2.272583797196014e-18
-3.782,-7.512782831090546e-20,-2.301173494366912e-18
-3.781,-7.474906969572636e-20,-2.33012223360504e-18
-3.78,-7.434817655137775e-20,-2.3594345149377126e-18
-3.779,-7.392464258729759e-20,-2.3891148946634864e-18
-3.778,-7.347795215652827e-20,-2.4191679860539384e-18
-3.777,-7.30075800988705e-20,-2.4495984600641732e-18
-3.776,-7.251299158155156e-20,-2.4804110460521623e-18
-3.775,-7.19936419373701e-20,-2.5116105325070247e-18
-3.774,-7.14489765002788e-20,-2.543201767786363e-18
-3.773,-7.087843043836578e-20,-2.5751896608627625e-18
-3.772,-7.028142858419525e-20,-2.6075791820795726e-18
-3.771,-6.965738526246685e-20,-2.6403753639160795e-18
-3.77,-6.900570411495304e-20,-2.6735833017621894e-18
-3.769,-6.83257779226729e-20,-2.7072081547027403e-18
-3.768,-6.761698842526027e-20,-2.7412551463115623e-18
-3.767,-6.68787061374836e-20,-2.775729565455404e-18
-3.766,-6.611029016287398e-20,-2.810636767107848e-18
-3.765,-6.531108800441748e-20,-2.845982173173345e-18
-3.764,-6.448043537226701e-20,-2.8817712733214802e-18
-3.763,-6.36176559884286e-20,-2.918009625831612e-18
-3.762,-6.272206138837575e-20,-2.954702858447999e-18
-3.761,-6.179295071954552e-20,-2.9918566692455558e-18
-3.76,-6.082961053666888e-20,-3.0294768275063618e-18
-3.759,-5.983131459388701e-20,-3.067569174607058e-18
-3.758,-5.879732363360519e-20,-3.1061396249172695e-18
-3.757,-5.772688517203441e-20,-3.1451941667091846e-18
-3.756,-5.661923328137067e-20,-3.1847388630784345e-18
-3.755,-5.547358836856082e-20,-3.22477985287641e-18
-3.754,-5.428915695060343e-20,-3.2653233516541563e-18
-3.753,-5.3065131426331887e-20,-3.3063756526179904e-18
-3.752,-5.180068984462675e-20,-3.3479431275969883e-18
-3.751,-5.0494995669003005e-20,-3.390032228022483e-18
-3.75,-4.914719753851754e-20,-3.4326494859197267e-18
-3.749,-4.7756429024941116e-20,-3.475801514911869e-18
-3.748,-4.6321808386138263e-20,-3.519495011236395e-18
-3.747,-4.484243831559786e-20,-3.563736754774191e-18
-3.746,-4.331740568805612e-20,-3.608533610091375e-18
-3.745,-4.174578130115301e-20,-3.6538925274940775e-18
-3.744,-4.0126619613062106e-20,-3.699820544096297e-18
-3.743,-3.84589584760332e-20,-3.746324784901026e-18
-3.742,-3.6741818865785814e-20,-3.79341246389479e-18
-3.741,-3.4974204606691125e-20,-3.841090885155775e-18
-3.74,-3.3155102092678734e-20,-3.889367443975704e-18
-3.739,-3.1283480003803745e-20,-3.9382496279956425e-18
-3.738,-2.9358289018408864e-20,-3.987745018355897e-18
-3.737,-2.737846152081499e-20,-4.037861290860184e-18
-3.736,-2.5342911304473047e-20,-4.0886062171542435e-18
-3.735,-2.3250533270508615e-20,-4.139987665919083e-18
-3.734,-2.1100203121590077e-20,-4.192013604079017e-18
-3.733,-1.8890777051049823e-20,-4.2446920980247084e-18
-3.732,-1.6621091427187145e-20,-4.298031314851371e-18
-3.731,-1.4289962472680312e-20,-4.352039523612343e-18
-3.73,-1.1896185939034335e-20,-4.406725096588205e-18
-3.729,-9.438536775989734e-21,-4.462096510571645e-18
-3.728,-6.915768795816666e-21,-4.518162348168262e-18
-3.727,-4.326614332417519e-21,-4.574931299113502e-18
-3.726,-1.6697838951600573e-21,-4.632412161605926e-18
-3.725,1.0560341826380225e-21,-4.690613843657019e-18
-3.724,3.8521741006533604e-21,-4.749545364457737e-18
-3.723,6.7199929540115e-21,-4.809215855761999e-18
-3.722,9.660871101334381e-21,-4.869634563287339e-18
-3.721,1.2676212538464625e-20,-4.9308108481329205e-18
-3.72,1.5767445277951686e-20,-4.992754188215138e-18
-3.719,1.893602173438623e-20,-5.055474179721017e-18
-3.718,2.2183419115670303e-20,-5.118980538579636e-18
-3.717,2.551113982031223e-20,-5.1832831019517815e-18
-3.716,2.892071184083639e-20,-5.2483918297380814e-18
-3.715,3.241368917339939e-20,-5.314316806105826e-18
-3.714,3.599165223370554e-20,-5.381068241034718e-18
-3.713,3.965620827931576e-20,-5.4486564718817816e-18
-3.712,4.3408991838445606e-20,-5.517091964965666e-18
-3.711,4.725166514534933e-20,-5.586385317170587e-18
-3.71,5.118591858238846e-20,-5.656547257570143e-18
-3.709,5.521347112888473e-20,-5.727588649071259e-18
-3.708,5.933607081685864e-20,-5.799520490078497e-18
-3.707,6.355549519375654e-20,-5.87235391617899e-18
-3.706,6.787355179227049e-20,-5.9461002018482575e-18
-3.705,7.229207860735665e-20,-6.0207707621771485e-18
-3.704,7.681294458055981e-20,-6.0963771546201885e-18
-3.703,8.14380500917527e-20,-6.1729310807655786e-18
-3.702,8.616932745840096e-20,-6.250444388127127e-18
-3.701,9.100874144246561e-20,-6.328929071958372e-18
-3.7,9.595828976505705e-20,-6.408397277089181e-18
-3.699,1.0102000362895596e-19,-6.488861299785094e-18
-3.698,1.061959482491182e-19,-6.570333589629699e-18
-3.697,1.1148822339128272e-19,-6.65282675143032e-18
-3.696,1.1689896391880288e-19,-6.736353547147296e-18
-3.695,1.224303403478237e-19,-6.820926897847168e-18
-3.694,1.2808455941092907e-19,-6.906559885680035e-18
-3.693,1.338638646293849e-19,-6.993265755881404e-18
-3.692,1.3977053689410606e-19,-7.081057918798822e-18
-3.691,1.4580689505547666e-19,-7.1699499519436e-18
-3.69,1.5197529652215525e-19,-7.25995560206794e-18
-3.689,1.5827813786899848e-19,-7.351088787267766e-18
-3.688,1.647178554542384e-19,-7.4433635991116e-18
-3.687,1.7129692604605113e-19,-7.536794304795778e-18
-3.686,1.7801786745865595e-19,-7.631395349326348e-18
-3.685,1.8488323919808628e-19,-7.727181357727966e-18
-3.684,1.9189564311777631e-19,-7.82416713728014e-18
-3.683,1.990577240841083e-19,-7.922367679781138e-18
-3.682,2.0637217065206884e-19,-8.021798163839924e-18
-3.681,2.1384171575116337e-19,-8.12247395719643e-18
-3.68,2.214691373817412e-19,-8.224410619070575e-18
-3.679,2.2925725932188547e-19,-8.327623902540305e-18
-3.678,2.372089518450238e-19,-8.432129756949096e-18
-3.677,2.453271324484193e-19,-8.537944330343206e-18
-3.676,2.536147665927021e-19,-8.6450839719391e-18
-3.675,2.6207486845260565e-19,-8.753565234621386e-18
-3.674,2.7071050167907263e-19,-8.863404877471654e-18
-3.673,2.7952478017289914e-19,-8.974619868328588e-18
-3.672,2.885208688700882e-19,-9.087227386379748e-18
-3.671,2.977019845390845e-19,-9.2012448247854e-18
-3.67,3.070713965900671e-19,-9.316689793334793e-18
-3.669,3.1663242789647766e-19,-9.43358012113529e-18
-3.668,3.2638845562896496e-19,-9.55193385933474e-18
-3.667,3.363429121019294e-19,-9.671769283877523e-18
-3.666,3.4649928563285304e-19,-9.793104898294653e-18
-3.665,3.568611214146042e-19,-9.915959436528397e-18
-3.664,3.674320224009079e-19,-1.0040351865791796e-17
-3.663,3.7821565020517656e-19,-1.0166301389463537e-17
-3.662,3.892157260128979e-19,-1.0293827450018617e-17
-3.661,4.0043603150777974e-19,-1.042294973199522e-17
-3.66,4.118804098118549e-19,-1.0553688164998274e-17
-3.659,4.235527664397514e-19,-1.068606292674011e-17
-3.658,4.354570702673375e-19,-1.0820094446118725e-17
-3.657,4.47597354514952e-19,-1.0955803406334062e-17
-3.656,4.599777177454366e-19,-1.1093210748042802e-17
-3.655,4.726023248771854e-19,-1.1232337672552144e-17
-3.654,4.854754082124357e-19,-1.1373205645053038e-17
-3.653,4.986012684810223e-19,-1.1515836397893363e-17
-3.652,5.11984275899823e-19,-1.1660251933891545e-17
-3.651,5.256288712481273e-19,-1.1806474529691107e-17
-3.65,5.395395669591611e-19,-1.1954526739156652e-17
-3.649,5.537209482280054e-19,-1.2104431396811799e-17
-3.648,5.6817767413615065e-19,-1.2256211621319571e-17
-3.647,5.8291447879292955e-19,-1.2409890819005779e-17
-3.646,5.979361724940783e-19,-1.2565492687425909e-17
-3.645,6.132476428976759e-19,-1.2723041218976052e-17
-3.644,6.288538562177185e-19,-1.2882560704548437e-17
-3.643,6.447598584355863e-19,-1.3044075737232079e-17
-3.642,6.609707765296657e-19,-1.3207611216059138e-17
-3.641,6.774918197233947e-19,-1.3373192349797513e-17
-3.64,6.943282807519991e-19,-1.354084466079027e-17
-3.639,7.114855371481969e-19,-1.371059398884245e-17
-3.638,7.289690525471453e-19,-1.3882466495155866e-17
-3.637,7.467843780109161e-19,-1.405648866631246e-17
-3.636,7.649371533727832e-19,-1.4232687318306834e-17
-3.635,7.834331086016133e-19,-1.441108960062852e-17
-3.634,8.0227806518665415e-19,-1.4591723000394676e-17
-3.633,8.214779375430201e-19,-1.477461534653371e-17
-3.632,8.410387344381757e-19,-1.4959794814020612e-17
-3.631,8.609665604397282e-19,-1.514728992816445e-17
-3.63,8.812676173848365e-19,-1.533712956894885e-17
-3.629,9.019482058715573e-19,-1.5529342975425952e-17
-3.628,9.23014726772446e-19,-1.5723959750164622e-17
-3.627,9.444736827707399e-19,-1.59210098637535e-17
-3.626,9.663316799194522e-19,-1.6120523659359613e-17
-3.625,9.885954292237142e-19,-1.6322531857343203e-17
-3.624,1.0112717482467026e-18,-1.6527065559929467e-17
-3.623,1.0343675627394986e-18,-1.673415625593792e-17
-3.622,1.0578899082952283e-18,-1.6943835825570058e-17
-3.621,1.081845932027837e-18,-1.7156136545256096e-17
-3.62,1.1062428942758613e-18,-1.7371091092561405e-17
-3.619,1.1310881703315585e-18,-1.758873255115351e-17
-3.618,1.156389252195769e-18,-1.7809094415830263e-17
-3.617,1.1821537503588828e-18,-1.803221059761005e-17
-3.616,1.2083893956082932e-18,-1.8258115428884696e-17
-3.615,1.2351040408627251e-18,-1.8486843668635932e-17
-3.614,1.2623056630338253e-18,-1.8718430507716125e-17
-3.613,1.2900023649154191e-18,-1.89529115741941e-17
-3.612,1.3182023771008308e-18,-1.919032293876684e-17
-3.611,1.3469140599286785e-18,-1.9430701120237878e-17
-3.61,1.3761459054575616e-18,-1.9674083091063197e-17
-3.609,1.4059065394700561e-18,-1.9920506282965443e-17
-3.608,1.4362047235064496e-18,-2.017000859261734e-17
-3.607,1.4670493569286468e-18,-2.0422628387395086e-17
-3.606,1.4984494790146846e-18,-2.0678404511202664e-17
-3.605,1.5304142710843039e-18,-2.0937376290367866e-17
-3.604,1.5629530586560272e-18,-2.119958353961095e-17
-3.603,1.5960753136362046e-18,-2.1465066568086825e-17
-3.602,1.6297906565404901e-18,-2.1733866185501615e-17
-3.601,1.6641088587482192e-18,-2.2006023708304594e-17
-3.6,1.699039844790171e-18,-2.228158096595632e-17
-3.599,1.7345936946701936e-18,-2.2560580307274e-17
-3.598,1.7707806462211906e-18,-2.2843064606854936e-17
-3.597,1.8076110974959648e-18,-2.3129077271579087e-17
-3.596,1.8450956091934276e-18,-2.341866224719167e-17
-3.595,1.8832449071206846e-18,-2.3711864024966782e-17
-3.594,1.9220698846915235e-18,-2.400872764845308e-17
-3.593,1.961581605461828e-18,-2.4309298720302454e-17
-3.592,2.0017913057024566e-18,-2.4613623409182752e-17
-3.591,2.0427103970101287e-18,-2.4921748456775597e-17
-3.59,2.0843504689568718e-18,-2.52337211848603e-17
-3.589,2.1267232917785853e-18,-2.554958950248495e-17
-3.588,2.1698408191032923e-18,-2.5869401913225717e-17
-3.587,2.2137151907196536e-18,-2.619320752253552e-17
-3.586,2.258358735386326e-18,-2.6521056045183047e-17
-3.585,2.3037839736827583e-18,-2.6852997812783313e-17
-3.584,2.3500036209020295e-18,-2.718908378142085e-17
-3.583,2.3970305899863297e-18,-2.7529365539366675e-17
-3.582,2.4448779945057097e-18,-2.7873895314890136e-17
-3.581,2.493559151680724e-18,-2.822272598416686e-17
-3.58,2.5430875854495965e-18,-2.857591107928396e-17
-3.579,2.5934770295805666e-18,-2.893350479634363e-17
-3.578,2.6447414308300566e-18,-2.929556200366643e-17
-3.577,2.6968949521473304e-18,-2.9662138250095406e-17
-3.576,2.7499519759263167e-18,-3.003328977340232e-17
-3.575,2.803927107305277e-18,-3.040907350879719e-17
-3.574,2.85883517751501e-18,-3.078954709754245e-17
-3.573,2.9146912472762956e-18,-3.117476889567301e-17
-3.572,2.971510610247293e-18,-3.1564797982823464e-17
-3.571,3.0293087965216094e-18,-3.195969417116378e-17
-3.57,3.088101576177777e-18,-3.2359518014444846e-17
-3.569,3.1479049628808772e-18,-3.276433081715509e-17
-3.568,3.2087352175370705e-18,-3.317419464378969e-17
-3.567,3.2706088520017898e-18,-3.3589172328233626e-17
-3.566,3.33354263284238e-18,-3.400932748325999e-17
-3.565,3.3975535851559623e-18,-3.443472451014505e-17
-3.564,3.462658996443326e-18,-3.4865428608401326e-17
-3.563,3.5288764205396554e-18,-3.530150578563031e-17
-3.562,3.5962236816029104e-18,-3.5743022867496135e-17
-3.561,3.664718878160696e-18,-3.6190047507821716e-17
-3.56,3.734380387216461e-18,-3.664264819880898e-17
-3.559,3.805226868415881e-18,-3.7100894281384453e-17
-3.558,3.877277268274304e-18,-3.756485595567198e-17
-3.557,3.950550824466122e-18,-3.8034604291593966e-17
-3.556,4.025067070176977e-18,-3.851021123960279e-17
-3.555,4.100845838519696e-18,-3.8991749641543964e-17
-3.554,4.1779072670148845e-18,-3.9479293241652585e-17
-3.553,4.256271802137098e-18,-3.997291669768484e-17
-3.552,4.335960203927543e-18,-4.047269559218603e-17
-3.551,4.416993550674271e-18,-4.0978706443896964e-17
-3.55,4.499393243660824e-18,-4.149102671930027e-17
-3.549,4.583181011984325e-18,-4.2009734844308405e-17
-3.548,4.668378917444023e-18,-4.253491021609505e-17
-3.547,4.755009359501285e-18,-4.3066633215071693e-17
-3.546,4.843095080312076e-18,-4.36049852170111e-17
-3.545,4.932659169832981e-18,-4.4150048605319505e-17
-3.544,5.023725071001797e-18,-4.470190678345938e-17
-3.543,5.1163165849937975e-18,-4.526064418752446e-17
-3.542,5.210457876554744e-18,-4.5826346298969103e-17
-3.541,5.306173479411745e-18,-4.6399099657493674e-17
-3.54,5.403488301763093e-18,-4.6978991874087964e-17
-3.539,5.502427631848202e-18,-4.756611164423451e-17
-3.538,5.6030171435988045e-18,-4.816054876127383e-17
-3.537,5.705282902372575e-18,-4.876239412993345e-17
-3.536,5.8092513707703636e-18,-4.9371739780022805e-17
-3.535,5.914949414538238e-18,-4.998867888029605e-17
-3.534,6.022404308555553e-18,-5.061330575248466e-17
-3.533,6.131643742910283e-18,-5.124571588550214e-17
-3.532,6.24269582906288e-18,-5.188600594982269e-17
-3.531,6.355589106099902e-18,-5.253427381203615e-17
-3.53,6.47035254707873e-18,-5.319061854958123e-17
-3.529,6.587015565464664e-18,-5.385514046565925e-17
-3.528,6.705608021661723e-18,-5.4527941104330624e-17
-3.527,6.826160229638497e-18,-5.520912326579622e-17
-3.526,6.948702963650423e-18,-5.589879102186591e-17
-3.525,7.073267465059841e-18,-5.659704973161661e-17
-3.524,7.19988544925527e-18,-5.730400605724207e-17
-3.523,7.328589112671286e-18,-5.801976798009666e-17
-3.522,7.459411139910478e-18,-5.874444481693582e-17
-3.521,7.592384710968916e-18,-5.947814723635517e-17
-3.52,7.72754350856665e-18,-6.022098727543091e-17
-3.519,7.864921725584692e-18,-6.097307835656406e-17
-3.518,8.004554072610062e-18,-6.173453530453072e-17
-3.517,8.146475785590413e-18,-6.250547436374115e-17
-3.516,8.290722633599801e-18,-6.328601321571e-17
-3.515,8.437330926717217e-18,-6.407627099674044e-17
-3.514,8.586337524019461e-18,-6.487636831582458e-17
-3.513,8.737779841690035e-18,-6.568642727276301e-17
-3.512,8.891695861245661e-18,-6.650657147650596e-17
-3.511,9.048124137882174e-18,-6.733692606371894e-17
-3.51,9.20710380894143e-18,-6.817761771757536e-17
-3.509,9.36867460250101e-18,-6.902877468677921e-17
-3.508,9.532876846088443e-18,-6.98905268048202e-17
-3.507,9.699751475521761e-18,-7.076300550946456e-17
-3.506,9.869340043878152e-18,-7.164634386248409e-17
-3.505,1.004168473059257e-17,-7.254067656962653e-17
-3.504,1.0216828350688163e-17,-7.344614000083005e-17
-3.503,1.0394814364140367e-17,-7.43628722106849e-17
-3.502,1.057568688537662e-17,-7.529101295914525e-17
-3.501,1.0759490692913608e-17,-7.623070373249413e-17
-3.5,1.0946271239133996e-17,-7.718208776456469e-17
-3.499,1.113607466020467e-17,-7.814531005822081e-17
-3.498,1.1328947786138486e-17,-7.912051740710017e-17
-3.497,1.1524938151001564e-17,-8.010785841762315e-17
-3.496,1.1724094003268244e-17,-8.110748353127044e-17
-3.495,1.1926464316325764e-17,-8.211954504713308e-17
-3.494,1.2132098799130831e-17,-8.314419714473781e-17
-3.493,1.2341047907020237e-17,-8.418159590715132e-17
-3.492,1.2553362852677714e-17,-8.523189934436667e-17
-3.491,1.2769095617259267e-17,-8.629526741697542e-17
-3.49,1.298829896167923e-17,-8.737186206012879e-17
-3.489,1.321102643805936e-17,-8.846184720779144e-17
-3.488,1.3437332401343253e-17,-8.956538881729139e-17
-3.487,1.3667272021078492e-17,-9.068265489416972e-17
-3.486,1.3900901293368863e-17,-9.181381551733361e-17
-3.485,1.4138277052999098e-17,-9.295904286451645e-17
-3.484,1.4379456985734582e-17,-9.41185112380487e-17
-3.483,1.462449964079855e-17,-9.529239709094327e-17
-3.482,1.4873464443529238e-17,-9.648087905329939e-17
-3.481,1.5126411708219614e-17,-9.768413795902845e-17
-3.48,1.5383402651142255e-17,-9.890235687290615e-17
-3.479,1.5644499403762023e-17,-1.0013572111795462e-16
-3.478,1.5909765026139188e-17,-1.0138441830315862e-16
-3.477,1.6179263520525726e-17,-1.0264863835151981e-16
-3.476,1.6453059845157536e-17,-1.0392857352845329e-16
-3.475,1.6731219928245386e-17,-1.052244184705304e-16
-3.474,1.701381068216735e-17,-1.0653637021457209e-16
-3.473,1.7300900017865678e-17,-1.0786462822709706e-16
-3.472,1.7592556859450964e-17,-1.0920939443412897e-16
-3.471,1.7888851159016558e-17,-1.1057087325136708e-16
-3.47,1.8189853911666218e-17,-1.119492716147247e-16
-3.469,1.8495637170758053e-17,-1.1334479901123978e-16
-3.468,1.8806274063367784e-17,-1.1475766751036257e-16
-3.467,1.9121838805974487e-17,-1.1618809179562422e-16
-3.466,1.9442406720371944e-17,-1.1763628919669168e-16
-3.465,1.9768054249808835e-17,-1.1910247972181286e-16
-3.464,2.009885897536099e-17,-1.2058688609065742e-16
-3.463,2.043489963253902e-17,-1.2208973376755748e-16
-3.462,2.0776256128134664e-17,-1.2361125099515333e-16
-3.461,2.112300955730923e-17,-1.25151668828449e-16
-3.46,2.1475242220927583e-17,-1.267112211692826e-16
-3.459,2.1833037643141147e-17,-1.2829014480121648e-16
-3.458,2.219648058922347e-17,-1.2988867942485218e-16
-3.457,2.256565708366192e-17,-1.3150706769357565e-16
-3.456,2.294065442850916e-17,-1.3314555524973728e-16
-3.455,2.3321561221998086e-17,-1.348043907612728e-16
-3.454,2.3708467377423932e-17,-1.3648382595876971e-16
-3.453,2.4101464142297392e-17,-1.3818411567298499e-16
-3.452,2.4500644117772536e-17,-1.399055178728193e-16
-3.451,2.4906101278353454e-17,-1.4164829370375358e-16
-3.45,2.531793099188358e-17,-1.43412707526753e-16
-3.449,2.5736230039821684e-17,-1.451990269576446e-16
-3.448,2.6161096637808575e-17,-1.4700752290697378e-16
-3.447,2.6592630456528707e-17,-1.4883846962034585e-16
-3.446,2.7030932642870778e-17,-1.5069214471925796e-16
-3.445,2.7476105841391615e-17,-1.5256882924242798e-16
-3.444,2.792825421608762e-17,-1.5446880768762587e-16
-3.443,2.83874834724781e-17,-1.5639236805401372e-16
-3.442,2.8853900880005004e-17,-1.5833980188500057e-16
-3.441,2.932761529475338e-17,-1.6031140431161843e-16
-3.44,2.980873718249725e-17,-1.6230747409642526e-16
-3.439,3.0297378642075395e-17,-1.6432831367794212e-16
-3.438,3.079365342910179e-17,-1.663742292156299e-16
-3.437,3.1297676980015386e-17,-1.6844553063541299e-16
-3.436,3.180956643647405e-17,-1.7054253167575606e-16
-3.435,3.232944067009752e-17,-1.7266554993430072e-16
-3.434,3.285742030756433e-17,-1.7481490691506876e-16
-3.433,3.339362775606771e-17,-1.7699092807623876e-16
-3.432,3.3938187229135483e-17,-1.791939428785033e-16
-3.431,3.4491224772819204e-17,-1.8142428483401313e-16
-3.43,3.5052868292257647e-17,-1.836822915559162e-16
-3.429,3.5623247578620036e-17,-1.859683048084978e-16
-3.428,3.620249433643428e-17,-1.8828267055792992e-16
-3.427,3.679074221130578e-17,-1.906257390236364e-16
-3.426,3.738812681803214e-17,-1.9299786473028194e-16
-3.425,3.7994785769119597e-17,-1.9539940656039205e-16
-3.424,3.861085870370669e-17,-1.9783072780761152e-16
-3.423,3.9236487316900905e-17,-2.002921962306096e-16
-3.422,3.987181538953427e-17,-2.0278418410763884e-16
-3.421,4.051698881834365e-17,-2.053070682917564e-16
-3.42,4.117215564658186e-17,-2.0786123026671495e-16
-3.419,4.183746609506558e-17,-2.1044705620353171e-16
-3.418,4.251307259366634e-17,-2.1306493701774377e-16
-3.417,4.3199129813250684e-17,-2.1571526842735764e-16
-3.416,4.389579469807604e-17,-2.183984510115017e-16
-3.415,4.4603226498648494e-17,-2.211148902697898e-16
-3.414,4.5321586805049214e-17,-2.2386499668240473e-16
-3.413,4.605103958073594e-17,-2.2664918577090993e-16
-3.412,4.679175119682639e-17,-2.2946787815979852e-16
-3.411,4.7543890466870225e-17,-2.323214996387883e-16
-3.41,4.8307628682116625e-17,-2.3521048122587174e-16
-3.409,4.908313964728431e-17,-2.3813525923113004e-16
-3.408,4.9870599716841195e-17,-2.4109627532132035e-16
-3.407,5.067018783180077e-17,-2.440939765852458e-16
-3.406,5.148208555704261e-17,-2.471288155999169e-16
-3.405,5.230647711916422e-17,-2.502012504975149e-16
-3.404,5.314354944487187e-17,-2.53311745033166e-16
-3.403,5.3993492199917906e-17,-2.564607686535361e-16
-3.402,5.485649782859228e-17,-2.596487965662568e-16
-3.401,5.573276159377608e-17,-2.628763098101911e-16
-3.4,5.662248161756495e-17,-2.661437953265507e-16
-3.399,5.752585892247046e-17,-2.6945174603087337e-16
-3.398,5.844309747320762e-17,-2.728006608858723e-16
-3.397,5.937440421907659e-17,-2.761910449751666e-16
-3.396,6.03199891369471e-17,-2.7962340957790387e-16
-3.395,6.128006527485412e-17,-2.830982722442865e-16
-3.394,6.22548487962132e-17,-2.8661615687201087e-16
-3.393,6.324455902466426e-17,-2.901775937836315e-16
-3.392,6.424941848955274e-17,-2.9378311980486144e-16
-3.391,6.526965297205705e-17,-2.974332783438191e-16
-3.39,6.630549155197124e-17,-3.0112861947123356e-16
-3.389,6.73571666551524e-17,-3.0486970000161984e-16
-3.388,6.842491410164182e-17,-3.0865708357543564e-16
-3.387,6.95089731544697e-17,-3.124913407422311e-16
-3.386,7.060958656915261e-17,-3.1637304904480368e-16
-3.385,7.172700064389389e-17,-3.203027931043703e-16
-3.384,7.286146527049648e-17,-3.242811647067686e-16
-3.383,7.401323398599845e-17,-3.283087628897002e-16
-3.382,7.518256402504119e-17,-3.3238619403102727e-16
-3.381,7.63697163729807e-17,-3.3651407193813666e-16
-3.38,7.757495581975234e-17,-3.4069301793838314e-16
-3.379,7.879855101449959e-17,-3.4492366097062464e-16
-3.378,8.004077452097754e-17,-3.492066376778637e-16
-3.377,8.13019028737422e-17,-3.535425925010069e-16
-3.376,8.258221663513631e-17,-3.5793217777375656e-16
-3.375,8.3882000453083e-17,-3.6237605381864826e-16
-3.374,8.520154311969876e-17,-3.668748890442471e-16
-3.373,8.6541137630737e-17,-3.7142936004351763e-16
-3.372,8.79010812458739e-17,-3.7604015169338047e-16
-3.371,8.928167554984851e-17,-3.807079572554705e-16
-3.37,9.06832265144689e-17,-3.854334784781108e-16
-3.369,9.210604456149652e-17,-3.902174256995163e-16
-3.368,9.35504446264213e-17,-3.950605179522431e-16
-3.367,9.501674622313961e-17,-3.9996348306889676e-16
-3.366,9.650527350954811e-17,-4.0492705778911584e-16
-3.365,9.801635535406602e-17,-4.099519878678454e-16
-3.364,9.955032540309907e-17,-4.1503902818491577e-16
-3.363,1.0110752214945809e-16,-4.201889428559424e-16
-3.362,1.0268828900174584e-16,-4.2540250534456248e-16
-3.361,1.0429297435472543e-16,-4.306804985760242e-16
-3.36,1.059219316606843e-16,-4.3602371505214494e-16
-3.359,1.0757551950180745e-16,-4.4143295696765434e-16
-3.358,1.0925410166357428e-16,-4.469090363279394e-16
-3.357,1.1095804720919331e-16,-4.524527750682081e-16
-3.356,1.1268773055508908e-16,-4.580650051740875e-16
-3.355,1.1444353154745644e-16,-4.637465688036751e-16
-3.354,1.1622583553989673e-16,-4.694983184110596e-16
-3.353,1.1803503347215098e-16,-4.753211168713291e-16
-3.352,1.1987152194994606e-16,-4.812158376070837e-16
-3.351,1.2173570332596857e-16,-4.871833647164715e-16
-3.35,1.236279857819827e-16,-4.932245931027654e-16
-3.349,1.255487834121081e-16,-4.993404286054993e-16
-3.348,1.274985163072738e-16,-5.055317881331825e-16
-3.347,1.2947761064086448e-16,-5.117995997976103e-16
-3.346,1.3148649875557634e-16,-5.181448030497904e-16
-3.345,1.335256192514988e-16,-5.24568348817505e-16
-3.344,1.355954170754396e-16,-5.310711996445261e-16
-3.343,1.3769634361151055e-16,-5.376543298315062e-16
-3.342,1.398288567729915e-16,-5.443187255785616e-16
-3.341,1.419934210954905e-16,-5.51065385129571e-16
-3.34,1.441905078314182e-16,-5.578953189182082e-16
-3.339,1.4642059504579482e-16,-5.648095497157299e-16
-3.338,1.4868416771340837e-16,-5.718091127805392e-16
-3.337,1.5098171781734292e-16,-5.788950560095474e-16
-3.336,1.5331374444889619e-16,-5.860684400913526e-16
-3.335,1.5568075390890566e-16,-5.933303386612596e-16
-3.334,1.5808325981050311e-16,-6.006818384581618e-16
-3.333,1.6052178318331723e-16,-6.081240394833058e-16
-3.332,1.629968525791448e-16,-6.156580551609646e-16
-3.331,1.655090041791108e-16,-6.232850125010376e-16
-3.33,1.6805878190233833e-16,-6.310060522636039e-16
-3.329,1.7064673751614904e-16,-6.388223291254512e-16
-3.328,1.7327343074781615e-16,-6.467350118486015e-16
-3.327,1.7593942939789088e-16,-6.547452834508608e-16
-3.326,1.7864530945512496e-16,-6.628543413784139e-16
-3.325,1.813916552130109e-16,-6.710633976804911e-16
-3.324,1.8417905938796312e-16,-6.793736791861282e-16
-3.323,1.870081232391622e-16,-6.877864276830483e-16
-3.322,1.8987945669008624e-16,-6.9630290009868745e-16
-3.321,1.9279367845175193e-16,-7.049243686833909e-16
-3.32,1.9575141614769008e-16,-7.136521211958064e-16
-3.319,1.9875330644067894e-16,-7.22487461090499e-16
-3.318,2.0179999516126047e-16,-7.314317077078149e-16
-3.317,2.0489213743806404e-16,-7.404861964660195e-16
-3.316,2.080303978299629e-16,-7.496522790557398e-16
-3.315,2.1121545046008884e-16,-7.589313236367331e-16
-3.314,2.1444797915173107e-16,-7.683247150370163e-16
-3.313,2.1772867756614535e-16,-7.778338549543765e-16
-3.312,2.210582493423003e-16,-7.874601621602977e-16
-3.311,2.244374082385874e-16,-7.972050727063274e-16
-3.31,2.2786687827652274e-16,-8.070700401329145e-16
-3.309,2.313473938864672e-16,-8.170565356807463e-16
-3.308,2.3487970005539434e-16,-8.271660485046159e-16
-3.307,2.3846455247673354e-16,-8.374000858898483e-16
-3.306,2.421027177023179e-16,-8.477601734713153e-16
-3.305,2.457949732964658e-16,-8.582478554550722e-16
-3.304,2.495421079922261e-16,-8.688646948426439e-16
-3.303,2.533449218498167e-16,-8.796122736579938e-16
-3.302,2.5720422641728757e-16,-8.90492193177208e-16
-3.301,2.6112084489343854e-16,-9.015060741609246e-16
-3.3,2.650956122930235e-16,-9.1265555708954e-16
-3.299,2.691293756142734e-16,-9.23942302401231e-16
-3.298,2.7322299400876855e-16,-9.353679907328165e-16
-3.297,2.7737733895369534e-16,-9.469343231635006e-16
-3.296,2.8159329442651844e-16,-9.586430214615263e-16
-3.295,2.858717570821029e-16,-9.704958283337765e-16
-3.294,2.9021363643232037e-16,-9.824945076783556e-16
-3.293,2.946198550281739e-16,-9.946408448401876e-16
-3.292,2.9909134864447565e-16,-1.006936646869666e-15
-3.291,3.0362906646711383e-16,-1.0193837427843924e-15
-3.29,3.082339712829446e-16,-1.031983983834038e-15
-3.289,3.129070396723451e-16,-1.044739243768368e-15
-3.288,3.176492622044646e-16,-1.0576514191084622e-15
-3.287,3.224616436352121e-16,-1.0707224294211738e-15
-3.286,3.273452031080167e-16,-1.0839542175968605e-15
-3.285,3.3230097435740147e-16,-1.0973487501304299e-15
-3.284,3.373300059154072e-16,-1.1109080174057354e-15
-3.283,3.424333613209084e-16,-1.1246340339833634e-15
-3.282,3.4761211933185937e-16,-1.1385288388918528e-15
-3.281,3.528673741405126e-16,-1.152594495922384e-15
-3.28,3.582002355916497e-16,-1.166833093926981e-15
-3.279,3.636118294038674e-16,-1.1812467471202682e-15
-3.278,3.6910329739396045e-16,-1.195837595384821e-15
-3.277,3.746757977044447e-16,-1.2106078045801536e-15
-3.276,3.8033050503426414e-16,-1.2255595668553898e-15
-3.275,3.8606861087272514e-16,-1.240695100965654e-15
-3.274,3.918913237367039e-16,-1.2560166525922329e-15
-3.273,3.977998694111716e-16,-1.2715264946665457e-15
-3.272,4.0379549119308344e-16,-1.2872269276979733e-15
-3.271,4.098794501386785e-16,-1.3031202801055872e-15
-3.27,4.1605302531423744e-16,-1.3192089085538274e-15
-3.269,4.2231751405034585e-16,-1.3354951982921733e-15
-3.268,4.2867423219971226e-16,-1.3519815634988547e-15
-3.267,4.3512451439858974e-16,-1.3686704476286525e-15
-3.266,4.416697143318509e-16,-1.3855643237648337e-15
-3.265,4.483112050017677e-16,-1.4026656949752723e-15
-3.264,4.55050379000546e-16,-1.4199770946728028e-15
-3.263,4.618886487866681e-16,-1.437501086979857e-15
-3.262,4.688274469650959e-16,-1.4552402670974355e-15
-3.261,4.758682265713874e-16,-1.4731972616784616e-15
-3.26,4.830124613597807e-16,-1.491374729205571e-15
-3.259,4.902616460953025e-16,-1.5097753603733912e-15
-3.258,4.976172968499532e-16,-1.5284018784753579e-15
-3.257,5.050809513030284e-16,-1.5472570397951263e-15
-3.256,5.126541690456323e-16,-1.566343634002629e-15
-3.255,5.203385318894417e-16,-1.5856644845548355e-15
-3.254,5.281356441797783e-16,-1.6052224491012682e-15
-3.253,5.360471331130505e-16,-1.625020419894328e-15
-3.252,5.440746490586246e-16,-1.6450613242044929e-15
-3.251,5.522198658851858e-16,-1.6653481247404366e-15
-3.25,5.60484481291652e-16,-1.6858838200741338e-15
-3.249,5.688702171427036e-16,-1.7066714450710041e-15
-3.248,5.773788198089921e-16,-1.7277140713251562e-15
-3.247,5.860120605120933e-16,-1.749014807599793e-15
-3.246,5.947717356742697e-16,-1.7705768002728343e-15
-3.245,6.036596672731098e-16,-1.7924032337878213e-15
-3.244,6.126777032011101e-16,-1.814497331110163e-15
-3.243,6.218277176302703e-16,-1.8368623541887887e-15
-3.242,6.311116113817678e-16,-1.859501604423265e-15
-3.241,6.40531312300786e-16,-1.882418423136447e-15
-3.24,6.500887756365631e-16,-1.905616192052725e-15
-3.239,6.597859844277372e-16,-1.9290983337819313e-15
-3.238,6.696249498930583e-16,-1.952868312308977e-15
-3.237,6.796077118275428e-16,-1.9769296334892777e-15
-3.236,6.897363390041457e-16,-2.0012858455500465e-15
-3.235,7.00012929581025e-16,-2.0259405395975124e-15
-3.234,7.104396115144783e-16,-2.0508973501301395e-15
-3.233,7.210185429776271e-16,-2.0761599555579166e-15
-3.232,7.317519127849303e-16,-2.1017320787277807e-15
-3.231,7.42641940822606e-16,-2.127617487455257e-15
-3.23,7.536908784850442e-16,-2.1538199950623803e-15
-3.229,7.649010091172918e-16,-2.1803434609219686e-15
-3.228,7.762746484636957e-16,-2.207191791008334e-15
-3.227,7.878141451227859e-16,-2.234368938454492e-15
-3.226,7.995218810084886e-16,-2.261878904115954e-15
-3.225,8.114002718177532e-16,-2.2897257371411778e-15
-3.224,8.234517675046835e-16,-2.317913535548748e-15
-3.223,8.356788527612624e-16,-2.346446446811376e-15
-3.222,8.480840475047608e-16,-2.375328668446784e-15
-3.221,8.606699073719235e-16,-2.404564448615565e-15
-3.22,8.734390242200247e-16,-2.434158086726095e-15
-3.219,8.863940266348884e-16,-2.464113934046578e-15
-3.218,8.995375804459703e-16,-2.49443639432431e-15
-3.217,9.128723892485961e-16,-2.525129924412242e-15
-3.216,9.264011949334584e-16,-2.5561990349029285e-15
-3.215,9.40126778223469e-16,-2.587648290769951e-15
-3.214,9.540519592180712e-16,-2.6194823120168934e-15
-3.213,9.681795979451106e-16,-2.6517057743339654e-15
-3.212,9.825125949203724e-16,-2.6843234097623615e-15
-3.211,9.970538917148901e-16,-2.71734000736644e-15
-3.21,1.0118064715301306e-15,-2.7507604139138187e-15
-3.209,1.0267733597811661e-15,-2.7845895345634746e-15
-3.208,1.0419576246879421e-15,-2.8188323335619413e-15
-3.207,1.0573623778747541e-15,-2.8534938349477015e-15
-3.206,1.0729907749780434e-15,-2.888579123263862e-15
-3.205,1.088846016262629e-15,-2.9240933442792134e-15
-3.204,1.104931347246492e-15,-2.960041705717769e-15
-3.203,1.1212500593342272e-15,-2.9964294779968815e-15
-3.202,1.137805490459285e-15,-3.0332619949740338e-15
-3.201,1.154601025735121e-15,-3.0705446547024105e-15
-3.2,1.1716400981153792e-15,-3.108282920195343e-15
-3.199,1.1889261890632305e-15,-3.146482320199737e-15
-3.198,1.2064628292299938e-15,-3.1851484499785875e-15
-3.197,1.2242535991431674e-15,-3.2242869721026755e-15
-3.196,1.2423021299039987e-15,-3.263903617251566e-15
-3.195,1.2606121038947264e-15,-3.304004185024006e-15
-3.194,1.2791872554956238e-15,-3.344594544757831e-15
-3.193,1.2980313718119834e-15,-3.3856806363594958e-15
-3.192,1.317148293411174e-15,-3.4272684711433325e-15
-3.191,1.3365419150699125e-15,-3.469364132680654e-15
-3.19,1.3562161865318902e-15,-3.511973777658812e-15
-3.189,1.3761751132758947e-15,-3.555103636750329e-15
-3.188,1.3964227572945714e-15,-3.598760015492212e-15
-3.187,1.416963237883975e-15,-3.6429492951755775e-15
-3.186,1.4378007324440515e-15,-3.687677933745692e-15
-3.185,1.4589394772902098e-15,-3.732952466712562e-15
-3.184,1.4803837684761283e-15,-3.778779508072183e-15
-3.183,1.5021379626279534e-15,-3.825165751238571e-15
-3.182,1.5242064777900476e-15,-3.87211796998672e-15
-3.181,1.5465937942824445e-15,-3.919643019406573e-15
-3.18,1.5693044555701708e-15,-3.967747836868176e-15
-3.179,1.5923430691445987e-15,-4.016439442998105e-15
-3.178,1.6157143074169962e-15,-4.065724942667327e-15
-3.177,1.639422908624439e-15,-4.115611525990607e-15
-3.176,1.6634736777482552e-15,-4.166106469337589e-15
-3.175,1.6878714874451776e-15,-4.2172171363557135e-15
-3.174,1.7126212789913723e-15,-4.268950979005072e-15
-3.173,1.7377280632395254e-15,-4.321315538605356e-15
-3.172,1.7631969215891653e-15,-4.37431844689504e-15
-3.171,1.789033006970401e-15,-4.4279674271029254e-15
-3.17,1.815241544841261e-15,-4.482270295032194e-15
-3.169,1.8418278341988228e-15,-4.5372349601571266e-15
-3.168,1.8687972486043146e-15,-4.592869426732601e-15
-3.167,1.8961552372223893e-15,-4.649181794916555e-15
-3.166,1.9239073258747594e-15,-4.706180261905522e-15
-3.165,1.952059118108392e-15,-4.763873123083423e-15
-3.164,1.980616296278463e-15,-4.822268773183746e-15
-3.163,2.0095846226462727e-15,-4.8813757074652736e-15
-3.162,2.0389699404923286e-15,-4.941202522901509e-15
-3.161,2.0687781752448025e-15,-5.001757919383963e-15
-3.16,2.0990153356235732e-15,-5.063050700939457e-15
-3.159,2.1296875148000677e-15,-5.125089776961595e-15
-3.158,2.160800891573119e-15,-5.187884163456582e-15
-3.157,2.1923617315610552e-15,-5.251442984303539e-15
-3.156,2.2243763884102515e-15,-5.315775472529481e-15
-3.155,2.2568513050203595e-15,-5.380890971599134e-15
-3.154,2.289793014786451e-15,-5.446798936719754e-15
-3.153,2.3232081428583023e-15,-5.51350893616111e-15
-3.152,2.3571034074170593e-15,-5.581030652590826e-15
-3.151,2.3914856209695137e-15,-5.64937388442523e-15
-3.15,2.426361691660239e-15,-5.718548547195916e-15
-3.149,2.461738624601828e-15,-5.788564674932165e-15
-3.148,2.497623523223475e-15,-5.859432421559432e-15
-3.147,2.5340235906381643e-15,-5.931162062314069e-15
-3.146,2.570946131028708e-15,-6.003763995174471e-15
-3.145,2.6083985510528996e-15,-6.07724874230883e-15
-3.144,2.6463883612680398e-15,-6.1516269515396915e-15
-3.143,2.684923177575102e-15,-6.226909397825492e-15
-3.142,2.7240107226828072e-15,-6.3031069847592875e-15
-3.141,2.763658827591878e-15,-6.3802307460848516e-15
-3.14,2.803875433099748e-15,-6.458291847230349e-15
-3.139,2.844668591326007e-15,-6.537301586859782e-15
-3.138,2.8860464672588707e-15,-6.617271398442409e-15
-3.137,2.928017340322949e-15,-6.698212851840345e-15
-3.136,2.9705896059686207e-15,-6.780137654914541e-15
-3.135,3.0137717772832953e-15,-6.8630576551493554e-15
-3.134,3.057572486624874e-15,-6.94698484129593e-15
-3.133,3.1020004872776996e-15,-7.0319313450345785e-15
-3.132,3.147064655131318e-15,-7.117909442656402e-15
-3.131,3.192773990382348e-15,-7.204931556764358e-15
-3.13,3.2391376192597854e-15,-7.293010257993989e-15
-3.129,3.2861647957740608e-15,-7.38215826675404e-15
-3.128,3.3338649034901676e-15,-7.472388454987199e-15
-3.127,3.3822474573251984e-15,-7.563713847951161e-15
-3.126,3.4313221053706194e-15,-7.656147626020282e-15
-3.125,3.481098630739619e-15,-7.749703126508008e-15
-3.124,3.5315869534398745e-15,-7.84439384551037e-15
-3.123,3.582797132272087e-15,-7.940233439770734e-15
-3.122,3.634739366754629e-15,-8.03723572856606e-15
-3.121,3.6874239990746704e-15,-8.13541469561493e-15
-3.12,3.7408615160661356e-15,-8.234784491007573e-15
-3.119,3.795062551214863e-15,-8.335359433158126e-15
-3.118,3.85003788669134e-15,-8.437154010779405e-15
-3.117,3.905798455411383e-15,-8.540182884880423e-15
-3.116,3.962355343125146e-15,-8.64446089078691e-15
-3.115,4.019719790534855e-15,-8.750003040185113e-15
-3.114,4.0779031954416395e-15,-8.85682452318909e-15
-3.113,4.136917114921877e-15,-8.964940710431839e-15
-3.112,4.1967732675334425e-15,-9.074367155180445e-15
-3.111,4.257483535552277e-15,-9.185119595475578e-15
-3.11,4.319059967239678e-15,-9.297213956295576e-15
-3.109,4.381514779140751e-15,-9.410666351745414e-15
-3.108,4.444860358414418e-15,-9.525493087270827e-15
-3.107,4.509109265195444e-15,-9.641710661897859e-15
-3.106,4.574274234988892e-15,-9.759335770498147e-15
-3.105,4.640368181097472e-15,-9.8783853060802e-15
-3.104,4.707404197082205e-15,-9.99887636210699e-15
-3.103,4.775395559256882e-15,-1.0120826234840122e-14
-3.102,4.84435572921677e-15,-1.024425242571092e-14
-3.101,4.914298356402013e-15,-1.036917264371867e-14
-3.1,4.9852372806962386e-15,-1.0495604807856388e-14
-3.099,5.0571865350608104e-15,-1.0623567049564375e-14
-3.098,5.1301603482052386e-15,-1.0753077715211887e-14
-3.097,5.204173147294228e-15,-1.0884155368607234e-14
-3.096,5.2792395606918715e-15,-1.1016818793536618e-14
-3.095,5.355374420743482e-15,-1.115108699633203e-14
-3.094,5.432592766595589e-15,-1.1286979208468551e-14
-3.093,5.510909847054612e-15,-1.1424514889191342e-14
-3.092,5.590341123484738e-15,-1.15637137281727e-14
-3.091,5.6709022727455344e-15,-1.1704595648199483e-14
-3.09,5.75260919016985e-15,-1.1847180807891254e-14
-3.089,5.8354779925825305e-15,-1.199148960444948e-14
-3.088,5.919525021360528e-15,-1.2137542676438141e-14
-3.087,6.004766845534951e-15,-1.2285360906596088e-14
-3.086,6.09122026493563e-15,-1.2434965424681498e-14
-3.085,6.178902313378783e-15,-1.2586377610348803e-14
-3.084,6.267830261898355e-15,-1.2739619096058435e-14
-3.083,6.358021622021641e-15,-1.289471177001975e-14
-3.082,6.4494941490897774e-15,-1.3051677779167507e-14
-3.081,6.542265845623729e-15,-1.321053953217228e-14
-3.08,6.636354964736373e-15,-1.3371319702485158e-14
-3.079,6.731780013591326e-15,-1.3534041231417122e-14
-3.078,6.828559756909132e-15,-1.3698727331253506e-14
-3.077,6.926713220521461e-15,-1.3865401488403879e-14
-3.076,7.026259694973981e-15,-1.4034087466587789e-14
-3.075,7.127218739178544e-15,-1.4204809310056747e-14
-3.074,7.229610184115376e-15,-1.4377591346852824e-14
-3.073,7.33345413658594e-15,-1.4552458192104327e-14
-3.072,7.438770983017161e-15,-1.4729434751358892e-14
-3.071,7.545581393317717e-15,-1.4908546223954468e-14
-3.07,7.653906324787095e-15,-1.508981810642855e-14
-3.069,7.763767026078124e-15,-1.5273276195966164e-14
-3.068,7.875185041213746e-15,-1.545894659388692e-14
-3.067,7.988182213658694e-15,-1.564685570917167e-14
-3.066,8.102780690446911e-15,-1.583703026202915e-14
-3.065,8.219002926365374e-15,-1.6029497287503034e-14
-3.064,8.336871688195167e-15,-1.62242841391199e-14
-3.063,8.45641005901053e-15,-1.6421418492578496e-14
-3.062,8.577641442536693e-15,-1.6620928349480795e-14
-3.061,8.700589567567285e-15,-1.68228420411053e-14
-3.06,8.825278492442135e-15,-1.702718823222302e-14
-3.059,8.951732609586266e-15,-1.723399592495667e-14
-3.058,9.079976650110943e-15,-1.744329446268345e-14
-3.057,9.210035688477575e-15,-1.7655113533981985e-14
-3.056,9.341935147225372e-15,-1.786948317662387e-14
-3.055,9.475700801763578e-15,-1.8086433781610277e-14
-3.054,9.611358785229174e-15,-1.8305996097254172e-14
-3.053,9.748935593410954e-15,-1.8528201233308613e-14
-3.052,9.88845808974085e-15,-1.875308066514161e-14
-3.051,1.0029953510353417e-14,-1.89806662379581e-14
-3.05,1.0173449469214432e-14,-1.9210990171069542e-14
-3.049,1.03189739633195e-14,-1.9444085062211587e-14
-3.048,1.0466555377963665e-14,-1.9679983891910453e-14
-3.047,1.0616222492082938e-14,-1.9918720027898456e-14
-3.046,1.0768004483668754e-14,-2.0160327229579255e-14
-3.045,1.0921930935256333e-14,-2.040483965254336e-14
-3.044,1.1078031839487942e-14,-2.0652291853134442e-14
-3.043,1.1236337604752074e-14,-2.0902718793066986e-14
-3.042,1.1396879060899588e-14,-2.1156155844095885e-14
-3.041,1.1559687465037818e-14,-2.1412638792738477e-14
-3.04,1.1724794507403757e-14,-2.1672203845049645e-14
-3.039,1.1892232317317326e-14,-2.1934887631450538e-14
-3.038,1.206203346921587e-14,-2.2200727211611485e-14
-3.037,1.2234230988770943e-14,-2.2469760079389703e-14
-3.036,1.2408858359088506e-14,-2.274202416782238e-14
-3.035,1.2585949526993673e-14,-2.3017557854175752e-14
-3.034,1.2765538909401153e-14,-2.329639996505075e-14
-3.033,1.2947661399772519e-14,-2.357858978154584e-14
-3.032,1.3132352374661519e-14,-2.3864167044477707e-14
-3.031,1.3319647700348597e-14,-2.4153171959660342e-14
-3.03,1.3509583739565822e-14,-2.4445645203243207e-14
-3.029,1.3702197358313477e-14,-2.4741627927109124e-14
-3.028,1.3897525932769525e-14,-2.5041161764332483e-14
-3.027,1.409560735629321e-14,-2.5344288834698476e-14
-3.026,1.429648004652408e-14,-2.5651051750283953e-14
-3.025,1.4500182952577696e-14,-2.596149362110063e-14
-3.024,1.470675556233938e-14,-2.627565806080125e-14
-3.023,1.4916237909857265e-14,-2.6593589192449438e-14
-3.022,1.5128670582836047e-14,-2.691533165435386e-14
-3.021,1.5344094730232762e-14,-2.7240930605967473e-14
-3.02,1.5562552069955986e-14,-2.7570431733852458e-14
-3.019,1.5784084896669855e-14,-2.7903881257711626e-14
-3.018,1.6008736089704308e-14,-2.8241325936486933e-14
-3.017,1.6236549121072994e-14,-2.858281307452591e-14
-3.016,1.646756806360032e-14,-2.892839052781665e-14
-3.015,1.670183759915906e-14,-2.927810671029212e-14
-3.014,1.693940302702009e-14,-2.963201060020457e-14
-3.013,1.7180310272315706e-14,-2.9990151746570695e-14
-3.012,1.7424605894618073e-14,-3.0352580275688447e-14
-3.011,1.767233709663438e-14,-3.07193468977261e-14
-3.01,1.792355173302025e-14,-3.109050291338445e-14
-3.009,1.817829831931303e-14,-3.146610022063291e-14
-3.008,1.843662604098654e-14,-3.184619132152021e-14
-3.007,1.8698584762628956e-14,-3.223082932906065e-14
-3.006,1.8964225037245476e-14,-3.262006797419647e-14
-3.005,1.923359811568745e-14,-3.3013961612837464e-14
-3.004,1.950675595620967e-14,-3.3412565232978316e-14
-3.003,1.9783751234157594e-14,-3.381593446189475e-14
-3.002,2.006463735178619e-14,-3.4224125573419174e-14
-3.001,2.034946844821223e-14,-3.4637195495296737e-14
-3.0,2.0638299409501796e-14,-3.5055201816622596e-14
-2.999,2.093118587889487e-14,-3.54782027953613e-14
-2.998,2.122818426716879e-14,-3.590625736594911e-14
-2.997,2.15293517631425e-14,-3.6339425146980194e-14
-2.996,2.1834746344323473e-14,-3.677776644897747e-14
-2.995,2.214442678769922e-14,-3.722134228224917e-14
-2.994,2.2458452680675348e-14,-3.7670214364831796e-14
-2.993,2.277688443216213e-14,-3.812444513052059e-14
-2.992,2.3099783283811623e-14,-3.858409773698831e-14
-2.991,2.3427211321407282e-14,-3.904923607399328e-14
-2.99,2.375923148640824e-14,-3.951992477167764e-14
-2.989,2.4095907587650223e-14,-3.999622920895679e-14
-2.988,2.4437304313205305e-14,-4.0478215522000855e-14
-2.987,2.4783487242402554e-14,-4.0965950612809345e-14
-2.986,2.513452285801183e-14,-4.145950215787976e-14
-2.985,2.5490478558592848e-14,-4.195893861697126e-14
-2.984,2.5851422671011777e-14,-4.2464329241964383e-14
-2.983,2.621742446312763e-14,-4.2975744085817754e-14
-2.982,2.6588554156650707e-14,-4.349325401162285e-14
-2.981,2.696488294017543e-14,-4.4016930701757827e-14
-2.98,2.7346482982389908e-14,-4.45468466671414e-14
-2.979,2.7733427445464598e-14,-4.5083075256587944e-14
-2.978,2.812579049862251e-14,-4.5625690666264666e-14
-2.977,2.852364733189334e-14,-4.61747679492521e-14
-2.976,2.892707417005408e-14,-4.6730383025208915e-14
-2.975,2.933614828675852e-14,-4.729261269014208e-14
-2.974,2.9750948018858293e-14,-4.7861534626283544e-14
-2.973,3.017155278091792e-14,-4.8437227412074526e-14
-2.972,3.0598043079926594e-14,-4.901977053225849e-14
-2.971,3.103050053020921e-14,-4.960924438808394e-14
-2.97,3.146900786853944e-14,-5.020573030761822e-14
-2.969,3.19136489694575e-14,-5.080931055617337e-14
-2.968,3.236450886079536e-14,-5.1420068346845294e-14
-2.967,3.282167373941226e-14,-5.203808785116731e-14
-2.966,3.328523098714322e-14,-5.2663454209879375e-14
-2.965,3.3755269186963574e-14,-5.329625354381403e-14
-2.964,3.423187813937229e-14,-5.393657296490039e-14
-2.963,3.4715148878997085e-14,-5.4584500587287346e-14
-2.962,3.5205173691424315e-14,-5.5240125538587156e-14
-2.961,3.570204613025662e-14,-5.590353797124073e-14
-2.96,3.6205861034401415e-14,-5.657482907400582e-14
-2.959,3.671671454559336e-14,-5.725409108356936e-14
-2.958,3.7234704126153823e-14,-5.794141729628523e-14
-2.957,3.77599285769907e-14,-5.863690208003882e-14
-2.956,3.829248805584168e-14,-5.934064088623942e-14
-2.955,3.883248409576423e-14,-6.00527302619421e-14
-2.954,3.9380019623875735e-14,-6.077326786210012e-14
-2.953,3.993519898034701e-14,-6.150235246194928e-14
-2.952,4.0498127937652625e-14,-6.224008396952564e-14
-2.951,4.106891372008153e-14,-6.298656343831777e-14
-2.95,4.1647665023511465e-14,-6.374189308005511e-14
-2.949,4.223449203545061e-14,-6.450617627763366e-14
-2.948,4.282950645535018e-14,-6.527951759818044e-14
-2.947,4.343282151519153e-14,-6.606202280625817e-14
-2.946,4.4044552000351424e-14,-6.685379887721147e-14
-2.945,4.4664814270749306e-14,-6.765495401065616e-14
-2.944,4.529372628228022e-14,-6.846559764411293e-14
-2.943,4.5931407608537316e-14,-6.928584046678705e-14
-2.942,4.6577979462827754e-14,-7.011579443349523e-14
-2.941,4.723356472048599e-14,-7.095557277874166e-14
-2.94,4.789828794148841e-14,-7.180529003094406e-14
-2.939,4.8572275393373287e-14,-7.266506202681187e-14
-2.938,4.9255655074470315e-14,-7.35350059258776e-14
-2.937,4.994855673744365e-14,-7.44152402251833e-14
-2.936,5.065111191315287e-14,-7.530588477412322e-14
-2.935,5.136345393483594e-14,-7.620706078944476e-14
-2.934,5.208571796261862e-14,-7.711889087040883e-14
-2.933,5.28180410083546e-14,-7.804149901411142e-14
-2.932,5.356056196080085e-14,-7.897501063096807e-14
-2.931,5.431342161113267e-14,-7.991955256036252e-14
-2.93,5.5076762678802894e-14,-8.087525308646156e-14
-2.929,5.5850729837749996e-14,-8.184224195419751e-14
-2.928,5.66354697429597e-14,-8.282065038541999e-14
-2.927,5.74311310573848e-14,-8.381061109521873e-14
-2.926,5.823786447922798e-14,-8.481225830841903e-14
-2.925,5.905582276959263e-14,-8.58257277762517e-14
-2.924,5.988516078050632e-14,-8.685115679319894e-14
-2.923,6.07260354833222e-14,-8.788868421401828e-14
-2.922,6.157860599750317e-14,-8.893845047094593e-14
-2.921,6.244303361979407e-14,-9.000059759108154e-14
-2.92,6.331948185378696e-14,-9.10752692139561e-14
-2.919,6.420811643988492e-14,-9.216261060928478e-14
-2.918,6.510910538566947e-14,-9.326276869490633e-14
-2.917,6.602261899667724e-14,-9.437589205491129e-14
-2.916,6.694882990759115e-14,-9.550213095796036e-14
-2.915,6.788791311385179e-14,-9.66416373757951e-14
-2.914,6.884004600369462e-14,-9.77945650019427e-14
-2.913,6.980540839061845e-14,-9.896106927061678e-14
-2.912,7.078418254629135e-14,-1.0014130737581602e-13
-2.911,7.177655323389946e-14,-1.0133543829062264e-13
-2.91,7.278270774194487e-14,-1.0254362278670256e-13
-2.909,7.380283591849837e-14,-1.0376602345400932e-13
-2.908,7.48371302059134e-14,-1.0500280472069354e-13
-2.907,7.588578567600707e-14,-1.0625413287322009e-13
-2.906,7.694900006571471e-14,-1.0752017607669486e-13
-2.905,7.802697381322409e-14,-1.0880110439540309e-13
-2.904,7.911991009459594e-14,-1.1009708981356146e-13
-2.903,8.022801486087703e-14,-1.1140830625628582e-13
-2.902,8.13514968757125e-14,-1.1273492961077666e-13
-2.901,8.249056775346406e-14,-1.1407713774772456e-13
-2.9,8.364544199784102e-14,-1.1543511054293734e-13
-2.899,8.481633704105046e-14,-1.1680902989919155e-13
-2.898,8.600347328347414e-14,-1.1819907976830982e-13
-2.897,8.720707413387866e-14,-1.1960544617346678e-13
-2.896,8.842736605016624e-14,-1.210283172317254e-13
-2.895,8.96645785806733e-14,-1.224678831768058e-13
-2.894,9.091894440602389e-14,-1.2392433638208935e-13
-2.893,9.219069938154592e-14,-1.2539787138385922e-13
-2.892,9.348008258025703e-14,-1.2688868490478088e-13
-2.891,9.478733633642825e-14,-1.2839697587762367e-13
-2.89,9.611270628973274e-14,-1.2992294546922642e-13
-2.889,9.745644142998772e-14,-1.3146679710470901e-13
-2.888,9.881879414249724e-14,-1.3302873649193256e-13
-2.887,1.0020002025400404e-13,-1.3460897164621007e-13
-2.886,1.0160037907925836e-13,-1.3620771291527026e-13
-2.885,1.0302013346821212e-13,-1.3782517300447675e-13
-2.884,1.0445954985384668e-13,-1.3946156700230506e-13
-2.883,1.0591889830064269e-13,-1.4111711240607964e-13
-2.882,1.0739845255370055e-13,-1.4279202914797377e-13
-2.881,1.0889849008852012e-13,-1.4448653962127398e-13
-2.88,1.1041929216144844e-13,-1.4620086870691236e-13
-2.879,1.119611438608045e-13,-1.4793524380026844e-13
-2.878,1.1352433415868985e-13,-1.496898948382436e-13
-2.877,1.1510915596349435e-13,-1.5146505432661028e-13
-2.876,1.1671590617310615e-13,-1.5326095736763853e-13
-2.875,1.1834488572883556e-13,-1.550778416880027e-13
-2.874,1.199963996700619e-13,-1.5691594766697014e-13
-2.873,1.2167075718961322e-13,-1.587755183648754e-13
-2.872,1.2336827168988865e-13,-1.6065679955188176e-13
-2.871,1.250892608397332e-13,-1.6256003973703309e-13
-2.87,1.2683404663207475e-13,-1.6448549019759843e-13
-2.869,1.286029554423339e-13,-1.6643340500871222e-13
-2.868,1.3039631808761652e-13,-1.684040410733126e-13
-2.867,1.322144698866996e-13,-1.7039765815238048e-13
-2.866,1.3405775072082076e-13,-1.724145188954821e-13
-2.865,1.359265050952824e-13,-1.7445488887161813e-13
-2.864,1.3782108220188112e-13,-1.7651903660038117e-13
-2.863,1.3974183598217322e-13,-1.7860723358342554e-13
-2.862,1.416891251915877e-13,-1.8071975433625126e-13
-2.861,1.4366331346439802e-13,-1.8285687642030521e-13
-2.86,1.4566476937956347e-13,-1.8501888047540275e-13
-2.859,1.4769386652745262e-13,-1.8720605025247185e-13
-2.858,1.497509835774596e-13,-1.8941867264662313e-13
-2.857,1.518365043465259e-13,-1.9165703773054865e-13
-2.856,1.5395081786857896e-13,-1.9392143878825193e-13
-2.855,1.560943184649004e-13,-1.9621217234911257e-13
-2.854,1.582674058154357e-13,-1.9852953822228809e-13
-2.853,1.6047048503105813e-13,-2.0087383953145602e-13
-2.852,1.6270396672679952e-13,-2.032453827498992e-13
-2.851,1.6496826709606058e-13,-2.0564447773593724e-13
-2.85,1.672638079858139e-13,-2.080714377687072e-13
-2.849,1.695910169728127e-13,-2.1052657958429625e-13
-2.848,1.7195032744081887e-13,-2.1301022341222992e-13
-2.847,1.7434217865886349e-13,-2.15522693012318e-13
-2.846,1.767670158605538e-13,-2.180643157118624e-13
-2.845,1.7922529032444023e-13,-2.206354224432288e-13
-2.844,1.817174594554579e-13,-2.232363477817862e-13
-2.843,1.842439868674566e-13,-2.2586742998421682e-13
-2.842,1.8680534246683338e-13,-2.2852901102719994e-13
-2.841,1.8940200253728315e-13,-2.312214366464723e-13
-2.84,1.9203444982568131e-13,-2.3394505637626904e-13
-2.839,1.947031736291138e-13,-2.367002235891472e-13
-2.838,1.9740866988306967e-13,-2.3948729553619634e-13
-2.837,2.0015144125081172e-13,-2.4230663338763845e-13
-2.836,2.0293199721394053e-13,-2.451586022738208e-13
-2.835,2.0575085416416775e-13,-2.4804357132660486e-13
-2.834,2.0860853549631506e-13,-2.5096191372115493e-13
-2.833,2.1150557170255432e-13,-2.5391400671812926e-13
-2.832,2.1444250046790596e-13,-2.5690023170627713e-13
-2.831,2.1741986676701194e-13,-2.599209742454454e-13
-2.83,2.2043822296220017e-13,-2.6297662410999786e-13
-2.829,2.2349812890285763e-13,-2.6606757533265016e-13
-2.828,2.2660015202612936e-13,-2.691942262487247e-13
-2.827,2.2974486745896077e-13,-2.7235697954082795e-13
-2.826,2.329328581215013e-13,-2.7555624228395393e-13
-2.825,2.3616471483188735e-13,-2.787924259910176e-13
-2.824,2.394410364124225e-13,-2.82065946658821e-13
-2.823,2.427624297971736e-13,-2.85377224814456e-13
-2.822,2.461295101410017e-13,-2.887266855621469e-13
-2.821,2.4954290093004653e-13,-2.921147586305366e-13
-2.82,2.530032340936836e-13,-2.955418784204197e-13
-2.819,2.5651115011797375e-13,-2.9900848405292573e-13
-2.818,2.6006729816062454e-13,-3.0251501941815666e-13
-2.817,2.6367233616748384e-13,-3.0606193322428167e-13
-2.816,2.6732693099058525e-13,-3.096496790470932e-13
-2.815,2.710317585077664e-13,-3.1327871538002703e-13
-2.814,2.747875037438808e-13,-3.1694950568465133e-13
-2.813,2.7859486099362394e-13,-3.206625184416267e-13
-2.812,2.824545339459952e-13,-3.2441822720214193e-13
-2.811,2.863672358104175e-13,-3.282171106398287e-13
-2.81,2.9033368944453586e-13,-3.320596526031587e-13
-2.809,2.9435462748371727e-13,-3.3594634216832703e-13
-2.808,2.98430792472275e-13,-3.398776736926254e-13
-2.807,3.025629369964388e-13,-3.4385414686830906e-13
-2.806,3.0675182381909544e-13,-3.4787626677696057e-13
-2.805,3.109982260163215e-13,-3.519445439443545e-13
-2.804,3.1530292711573373e-13,-3.5605949439582673e-13
-2.803,3.19666721236679e-13,-3.602216397121521e-13
-2.802,3.2409041323228973e-13,-3.644315070859337e-13
-2.801,3.285748188334286e-13,-3.6868962937850786e-13
-2.8,3.331207647945477e-13,-3.729965451773685e-13
-2.799,3.377290890414868e-13,-3.773527988541149e-13
-2.798,3.424006408212374e-13,-3.8175894062292556e-13
-2.797,3.471362808536972e-13,-3.8621552659956337e-13
-2.796,3.5193688148544227e-13,-3.907231188609145e-13
-2.795,3.568033268455426e-13,-3.952822855050656e-13
-2.794,3.6173651300344875e-13,-3.9989360071192284e-13
-2.793,3.6673734812897617e-13,-4.045576448043763e-13
-2.792,3.7180675265441537e-13,-4.0927500431001387e-13
-2.791,3.769456594387956e-13,-4.1404627202338815e-13
-2.79,3.8215501393433023e-13,-4.188720470688403e-13
-2.789,3.8743577435507337e-13,-4.2375293496388425e-13
-2.788,3.927889118478154e-13,-4.2868954768315587e-13
-2.787,3.982154106652486e-13,-4.3368250372292956e-13
-2.786,4.0371626834143103e-13,-4.3873242816620755e-13
-2.785,4.092924958695802e-13,-4.438399527483843e-13
-2.784,4.149451178822266e-13,-4.490057159234909e-13
-2.783,4.2067517283375804e-13,-4.5423036293102257e-13
-2.782,4.264837131853865e-13,-4.595145458633528e-13
-2.781,4.323718055925691e-13,-4.648589237337391e-13
-2.78,4.3834053109491594e-13,-4.702641625449228e-13
-2.779,4.4439098530861635e-13,-4.757309353583267e-13
-2.778,4.505242786214184e-13,-4.812599223638563e-13
-2.777,4.567415363901933e-13,-4.868518109503053e-13
-2.776,4.630438991411205e-13,-4.925072957763714e-13
-2.775,4.694325227725258e-13,-4.982270788422853e-13
-2.774,4.759085787604098e-13,-5.040118695620565e-13
-2.773,4.824732543666999e-13,-5.098623848363405e-13
-2.772,4.891277528502624e-13,-5.157793491259295e-13
-2.771,4.958732936807116e-13,-5.217634945258716e-13
-2.77,5.027111127550508e-13,-5.278155608402221e-13
-2.769,5.096424626171855e-13,-5.339362956574301e-13
-2.768,5.16668612680342e-13,-5.401264544263633e-13
-2.767,5.237908494524339e-13,-5.463868005329776e-13
-2.766,5.31010476764413e-13,-5.527181053776302e-13
-2.765,5.383288160016436e-13,-5.591211484530455e-13
-2.764,5.457472063383397e-13,-5.655967174229328e-13
-2.763,5.532670049751081e-13,-5.721456082012608e-13
-2.762,5.608895873796332e-13,-5.787686250321947e-13
-2.761,5.686163475305494e-13,-5.854665805706948e-13
-2.76,5.764486981645393e-13,-5.922402959637848e-13
-2.759,5.843880710267031e-13,-5.990906009324904e-13
-2.758,5.924359171242385e-13,-6.06018333854452e-13
-2.757,6.005937069834789e-13,-6.130243418472162e-13
-2.756,6.088629309103289e-13,-6.20109480852208e-13
-2.755,6.172450992541463e-13,-6.272746157193875e-13
-2.754,6.257417426751118e-13,-6.345206202925955e-13
-2.753,6.343544124151351e-13,-6.418483774955893e-13
-2.752,6.430846805723417e-13,-6.492587794187738e-13
-2.751,6.519341403791883e-13,-6.567527274066296e-13
-2.75,6.609044064842542e-13,-6.643311321458434e-13
-2.749,6.699971152377557e-13,-6.719949137541399e-13
-2.748,6.792139249808341e-13,-6.797450018698241e-13
-2.747,6.885565163386652e-13,-6.875823357420309e-13
-2.746,6.980265925174403e-13,-6.955078643216899e-13
-2.745,7.076258796052709e-13,-7.035225463532055e-13
-2.744,7.173561268770662e-13,-7.116273504668557e-13
-2.743,7.272191071034368e-13,-7.19823255271914e-13
-2.742,7.372166168636767e-13,-7.281112494504951e-13
-2.741,7.473504768628778e-13,-7.36492331852129e-13
-2.74,7.576225322532282e-13,-7.449675115890641e-13
-2.739,7.68034652959554e-13,-7.535378081323046e-13
-2.738,7.785887340091531e-13,-7.622042514083823e-13
-2.737,7.892866958659847e-13,-7.709678818968671e-13
-2.736,8.001304847692649e-13,-7.798297507286179e-13
-2.735,8.111220730765293e-13,-7.887909197847756e-13
-2.734,8.222634596112211e-13,-7.978524617965031e-13
-2.733,8.335566700148617e-13,-8.070154604454702e-13
-2.732,8.450037571038658e-13,-8.162810104650908e-13
-2.731,8.566068012310595e-13,-8.256502177425102e-13
-2.73,8.683679106519654e-13,-8.35124199421347e-13
-2.729,8.802892218959137e-13,-8.447040840051901e-13
-2.728,8.923729001420453e-13,-8.543910114618545e-13
-2.727,9.04621139600268e-13,-8.641861333283954e-13
-2.726,9.170361638972334e-13,-8.740906128168842e-13
-2.725,9.296202264673964e-13,-8.841056249209471e-13
-2.724,9.423756109492267e-13,-8.94232356523068e-13
-2.723,9.553046315866379e-13,-9.044720065026574e-13
-2.722,9.684096336357013e-13,-9.148257858448878e-13
-2.721,9.81692993776716e-13,-9.252949177502985e-13
-2.72,9.951571205317035e-13,-9.35880637745168e-13
-2.719,1.0088044546873953e-12,-9.4658419379266e-13
-2.718,1.0226374697237892e-12,-9.574068464047369e-13
-2.717,1.036658672248344e-12,-9.68349868754849e-13
-2.716,1.0508706024358879e-12,-9.794145467913942e-13
-2.715,1.0652758344743101e-12,-9.906021793519532e-13
-2.714,1.0798769770161206e-12,-1.001914078278296e-12
-2.713,1.0946766736359429e-12,-1.0133515685321658e-12
-2.712,1.1096776032940253e-12,-1.0249159883118339e-12
-2.711,1.1248824808058462e-12,-1.0366086891694333e-12
-2.71,1.1402940573178919e-12,-1.0484310361290618e-12
-2.709,1.1559151207896874e-12,-1.0603844078056635e-12
-2.708,1.1717484964821645e-12,-1.0724701965246817e-12
-2.707,1.1877970474524436e-12,-1.0846898084424866e-12
-2.706,1.204063675055119e-12,-1.0970446636675743e-12
-2.705,1.220551319450128e-12,-1.1095361963825388e-12
-2.704,1.237262960117291e-12,-1.1221658549668141e-12
-2.703,1.2542016163776078e-12,-1.1349351021201875e-12
-2.702,1.2713703479214016e-12,-1.147845414987079e-12
-2.701,1.2887722553433933e-12,-1.1608982852815901e-12
-2.7,1.3064104806848032e-12,-1.1740952194133165e-12
-2.699,1.3242882079825651e-12,-1.1874377386139249e-12
-2.698,1.34240866382575e-12,-1.200927379064491e-12
-2.697,1.36077511791929e-12,-1.2145656920235978e-12
-2.696,1.3793908836550968e-12,-1.2283542439561892e-12
-2.695,1.398259318690675e-12,-1.2422946166631792e-12
-2.694,1.4173838255353207e-12,-1.2563884074118125e-12
-2.693,1.4367678521440097e-12,-1.270637229066773e-12
-2.692,1.456414892519072e-12,-1.285042710222039e-12
-2.691,1.4763284873197546e-12,-1.2996064953334783e-12
-2.69,1.4965122244797732e-12,-1.3143302448521835e-12
-2.689,1.5169697398329603e-12,-1.3292156353585402e-12
-2.688,1.537704717747108e-12,-1.3442643596970269e-12
-2.687,1.5587208917661195e-12,-1.3594781271117389e-12
-2.686,1.5800220452605707e-12,-1.3748586633826357e-12
-2.685,1.6016120120867936e-12,-1.3904077109625027e-12
-2.684,1.6234946772545913e-12,-1.4061270291146257e-12
-2.683,1.6456739776036969e-12,-1.4220183940511704e-12
-2.682,1.6681539024890888e-12,-1.4380835990722634e-12
-2.681,1.690938494475276e-12,-1.4543244547057658e-12
-2.68,1.7140318500396735e-12,-1.4707427888477362e-12
-2.679,1.7374381202851786e-12,-1.4873404469035753e-12
-2.678,1.761161511662075e-12,-1.504119291929845e-12
-2.677,1.7852062866993781e-12,-1.5210812047767557e-12
-2.676,1.8095767647457501e-12,-1.5382280842313127e-12
-2.675,1.8342773227201014e-12,-1.555561847161118e-12
-2.674,1.8593123958720124e-12,-1.5730844286588132e-12
-2.673,1.884686478552092e-12,-1.5907977821871623e-12
-2.672,1.9104041249924124e-12,-1.608703879724759e-12
-2.671,1.936469950097141e-12,-1.6268047119123538e-12
-2.67,1.9628886302435055e-12,-1.645102288199792e-12
-2.669,1.9896649040932288e-12,-1.663598636993547e-12
-2.668,2.016803573414558e-12,-1.6822958058048474e-12
-2.667,2.044309503915039e-12,-1.7011958613983787e-12
-2.666,2.072187626085162e-12,-1.7203008899415568e-12
-2.665,2.1004429360530276e-12,-1.7396129971543545e-12
-2.664,2.129080496450171e-12,-1.7591343084596757e-12
-2.663,2.1581054372886866e-12,-1.778866969134261e-12
-2.662,2.1875229568498076e-12,-1.798813144460114e-12
-2.661,2.2173383225840746e-12,-1.8189750198764345e-12
-2.66,2.2475568720232573e-12,-1.8393548011320473e-12
-2.659,2.2781840137041663e-12,-1.8599547144383086e-12
-2.658,2.309225228104523e-12,-1.880777006622482e-12
-2.657,2.34068606859103e-12,-1.901823945281562e-12
-2.656,2.3725721623798063e-12,-1.9230978189365356e-12
-2.655,2.4048892115093464e-12,-1.9446009371870638e-12
-2.654,2.4376429938261604e-12,-1.9663356308665666e-12
-2.653,2.470839363983264e-12,-1.988304252197699e-12
-2.652,2.5044842544516783e-12,-2.01050917494819e-12
-2.651,2.5385836765451104e-12,-2.0329527945870425e-12
-2.65,2.5731437214579833e-12,-2.0556375284410605e-12
-2.649,2.6081705613169884e-12,-2.078565815851697e-12
-2.648,2.6436704502463302e-12,-2.1017401183321944e-12
-2.647,2.679649725446843e-12,-2.125162919725002e-12
-2.646,2.7161148082891605e-12,-2.148836726359451e-12
-2.645,2.7530722054211093e-12,-2.1727640672096607e-12
-2.644,2.790528509889521e-12,-2.1969474940526603e-12
-2.643,2.82849040227664e-12,-2.2213895816266992e-12
-2.642,2.8669646518513154e-12,-2.2460929277897262e-12
-2.641,2.9059581177351728e-12,-2.271060153678011e-12
-2.64,2.9454777500839495e-12,-2.296293903864885e-12
-2.639,2.9855305912841966e-12,-2.32179684651958e-12
-2.638,3.0261237771655364e-12,-2.3475716735661325e-12
-2.637,3.067264538228684e-12,-2.373621100842329e-12
-2.636,3.1089602008894282e-12,-2.399947868258673e-12
-2.635,3.1512181887387774e-12,-2.4265547399573334e-12
-2.634,3.1940460238194834e-12,-2.453444504471055e-12
-2.633,3.2374513279191475e-12,-2.480619974881999e-12
-2.632,3.2814418238801207e-12,-2.5080839889804843e-12
-2.631,3.3260253369264196e-12,-2.535839409423594e-12
-2.63,3.3712097960078685e-12,-2.563889123893624e-12
-2.629,3.4170032351616965e-12,-2.592236045256334e-12
-2.628,3.4634137948918045e-12,-2.6208831117189697e-12
-2.627,3.5104497235659343e-12,-2.6498332869880254e-12
-2.626,3.5581193788309685e-12,-2.6790895604267063e-12
-2.625,3.6064312290465917e-12,-2.7086549472120574e-12
-2.624,3.655393854737547e-12,-2.738532488491727e-12
-2.623,3.705015950064732e-12,-2.7687252515403142e-12
-2.622,3.755306324315362e-12,-2.7992363299152793e-12
-2.621,3.806273903412462e-12,-2.8300688436123595e-12
-2.62,3.857927731443925e-12,-2.861225939220464e-12
-2.619,3.910276972211379e-12,-2.892710790076e-12
-2.618,3.963330910799132e-12,-2.9245265964165836e-12
-2.617,4.017098955163444e-12,-2.9566765855341026e-12
-2.616,4.071590637742384e-12,-2.9891640119270765e-12
-2.615,4.126815617086532e-12,-3.0219921574522722e-12
-2.614,4.182783679510807e-12,-3.055164331475529e-12
-2.613,4.2395047407676746e-12,-3.0886838710217447e-12
-2.612,4.296988847742011e-12,-3.1225541409239698e-12
-2.611,4.355246180167908e-12,-3.1567785339715696e-12
-2.61,4.4142870523676895e-12,-3.1913604710573875e-12
-2.609,4.474121915013428e-12,-3.226303401323875e-12
-2.608,4.534761356911246e-12,-3.2616108023081166e-12
-2.607,4.596216106808692e-12,-3.2972861800857085e-12
-2.606,4.658497035225493e-12,-3.333333069413429e-12
-2.605,4.7216151563079625e-12,-3.3697550338706416e-12
-2.604,4.785581629707396e-12,-3.4065556659993733e-12
-2.603,4.850407762482727e-12,-3.4437385874430126e-12
-2.602,4.9161050110277705e-12,-3.481307449083554e-12
-2.601,4.982684983023374e-12,-3.519265931177341e-12
-2.6,5.050159439414769e-12,-3.557617743489229e-12
-2.599,5.1185402964144676e-12,-3.5963666254251127e-12
-2.598,5.1878396275310156e-12,-3.6355163461627432e-12
-2.597,5.2580696656239395e-12,-3.675070704780773e-12
-2.596,5.329242804985208e-12,-3.715033530385949e-12
-2.595,5.401371603447566e-12,-3.755408682238396e-12
-2.594,5.474468784520057e-12,-3.796200049874899e-12
-2.593,5.5485472395511024e-12,-3.8374115532301225e-12
-2.592,5.623620029919476e-12,-3.879047142755692e-12
-2.591,5.69970038925353e-12,-3.921110799537039e-12
-2.59,5.776801725679028e-12,-3.963606535407963e-12
-2.589,5.854937624095961e-12,-4.006538393062789e-12
-2.588,5.934121848484701e-12,-4.0499104461660735e-12
-2.587,6.014368344241866e-12,-4.0937267994597484e-12
-2.586,6.095691240546284e-12,-4.1379915888676276e-12
-2.585,6.178104852755423e-12,-4.182708981597179e-12
-2.584,6.261623684832691e-12,-4.2278831762384854e-12
-2.583,6.346262431805975e-12,-4.273518402860283e-12
-2.582,6.432035982257842e-12,-4.319618923102991e-12
-2.581,6.518959420847775e-12,-4.3661890302686435e-12
-2.58,6.607048030866878e-12,-4.413233049407608e-12
-2.579,6.6963172968254354e-12,-4.460755337402e-12
-2.578,6.786782907073764e-12,-4.508760283045696e-12
-2.577,6.878460756456762e-12,-4.557252307120819e-12
-2.576,6.971366949002588e-12,-4.6062358624706145e-12
-2.575,7.065517800645918e-12,-4.6557154340685855e-12
-2.574,7.160929841986179e-12,-4.705695539083791e-12
-2.573,7.257619821081248e-12,-4.75618072694218e-12
-2.572,7.355604706277028e-12,-4.807175579383854e-12
-2.571,7.454901689073375e-12,-4.858684710516137e-12
-2.57,7.55552818702683e-12,-4.910712766862324e-12
-2.569,7.65750184669062e-12,-4.9632644274059975e-12
-2.568,7.760840546592399e-12,-5.016344403630772e-12
-2.567,7.865562400250206e-12,-5.069957439555342e-12
-2.566,7.971685759227133e-12,-5.124108311763712e-12
-2.565,8.079229216225164e-12,-5.178801829430453e-12
-2.564,8.188211608218714e-12,-5.234042834340869e-12
-2.563,8.29865201962834e-12,-5.28983620090592e-12
-2.562,8.410569785535157e-12,-5.346186836171764e-12
-2.561,8.523984494936443e-12,-5.403099679823778e-12
-2.56,8.638915994042981e-12,-5.460579704184891e-12
-2.559,8.755384389618648e-12,-5.518631914208105e-12
-2.558,8.873410052362777e-12,-5.577261347463022e-12
-2.557,8.993013620335855e-12,-5.636473074116237e-12
-2.556,9.114216002429076e-12,-5.696272196905437e-12
-2.555,9.237038381878329e-12,-5.756663851107023e-12
-2.554,9.361502219823143e-12,-5.817653204497114e-12
-2.553,9.4876292589112e-12,-5.879245457305743e-12
-2.552,9.615441526948948e-12,-5.941445842164082e-12
-2.551,9.744961340598927e-12,-6.004259624044512e-12
-2.55,9.876211309124367e-12,-6.067692100193363e-12
-2.549,1.0009214338181676e-11,-6.131748600056134e-12
-2.548,1.0143993633661407e-11,-6.196434485195016e-12
-2.547,1.0280572705578312e-11,-6.2617551491985094e-12
-2.546,1.0418975372011112e-11,-6.3277160175829596e-12
-2.545,1.0559225763092591e-11,-6.394322547685796e-12
-2.544,1.070134832505066e-11,-6.461580228550286e-12
-2.543,1.0845367824301018e-11,-6.5294945808015836e-12
-2.542,1.0991309351592076e-11,-6.598071156513871e-12
-2.541,1.113919832620277e-11,-6.667315539068376e-12
-2.54,1.1289060500193965e-11,-6.73723334300205e-12
-2.539,1.1440921962714078e-11,-6.807830213846676e-12
-2.538,1.1594809144359647e-11,-6.879111827958181e-12
-2.537,1.1750748821591489e-11,-6.9510838923359355e-12
-2.536,1.190876812120718e-11,-7.0237521444317754e-12
-2.535,1.2068894524870534e-11,-7.097122351948543e-12
-2.534,1.223115587369882e-11,-7.171200312627864e-12
-2.533,1.2395580372908412e-11,-7.2459918540269395e-12
-2.532,1.2562196596519639e-11,-7.321502833284089e-12
-2.531,1.2731033492121533e-11,-7.397739136872775e-12
-2.53,1.2902120385697257e-11,-7.474706680343868e-12
-2.529,1.3075486986510966e-11,-7.552411408055852e-12
-2.528,1.3251163392056849e-11,-7.630859292892742e-12
-2.527,1.342918009307115e-11,-7.710056335969366e-12
-2.526,1.3609567978607956e-11,-7.790008566323813e-12
-2.525,1.3792358341179524e-11,-7.87072204059667e-12
-2.524,1.397758288196198e-11,-7.952202842696826e-12
-2.523,1.4165273716067192e-11,-8.034457083453497e-12
-2.522,1.4355463377881644e-11,-8.117490900254172e-12
-2.521,1.454818482647315e-11,-8.201310456668197e-12
-2.52,1.4743471451066243e-11,-8.285921942055639e-12
-2.519,1.4941357076587122e-11,-8.371331571161135e-12
-2.518,1.5141875969278974e-11,-8.457545583692385e-12
-2.517,1.534506284238862e-11,-8.544570243882956e-12
-2.516,1.5550952861925298e-11,-8.63241184003905e-12
-2.515,1.575958165249253e-11,-8.721076684069903e-12
-2.514,1.597098530319396e-11,-8.810571111001436e-12
-2.513,1.61852003736141e-11,-8.900901478472823e-12
-2.512,1.6402263899874906e-11,-8.992074166215593e-12
-2.511,1.6622213400769118e-11,-9.084095575514892e-12
-2.51,1.684508688397133e-11,-9.176972128652524e-12
-2.509,1.7070922852327764e-11,-9.270710268331405e-12
-2.508,1.7299760310225705e-11,-9.365316457080986e-12
-2.507,1.7531638770043592e-11,-9.460797176643292e-12
-2.506,1.7766598258682782e-11,-9.557158927339153e-12
-2.505,1.8004679324181988e-11,-9.654408227414183e-12
-2.504,1.82459230424154e-11,-9.752551612364119e-12
-2.503,1.849037102387557e-11,-9.851595634239076e-12
-2.502,1.8738065420542064e-11,-9.951546860926258e-12
-2.501,1.898904893283698e-11,-1.005241187541071e-11
-2.5,1.924336481666839e-11,-1.0154197275013631e-11
-2.499,1.9501056890562793e-11,-1.0256909670607786e-11
-2.498,1.9762169542887703e-11,-1.0360555685809561e-11
-2.497,2.002674773916545e-11,-1.046514195614716e-11
-2.496,2.029483702947936e-11,-1.0570675128204459e-11
-2.495,2.0566483555973447e-11,-1.0677161858740031e-11
-2.494,2.084173406044674e-11,-1.0784608813780823e-11
-2.493,2.112063589204347e-11,-1.0893022667689961e-11
-2.492,2.140323701504026e-11,-1.1002410102208182e-11
-2.491,2.1689586016731536e-11,-1.1112777805468328e-11
-2.49,2.1979732115414354e-11,-1.1224132470982388e-11
-2.489,2.2273725168473888e-11,-1.1336480796600503e-11
-2.488,2.2571615680570825e-11,-1.1449829483441392e-11
-2.487,2.287345481193189e-11,-1.1564185234793623e-11
-2.486,2.3179294386744826e-11,-1.1679554754987127e-11
-2.485,2.3489186901659043e-11,-1.1795944748234387e-11
-2.484,2.3803185534393347e-11,-1.191336191744067e-11
-2.483,2.4121344152451924e-11,-1.2031812962982712e-11
-2.482,2.4443717321950057e-11,-1.2151304581455202e-11
-2.481,2.4770360316550824e-11,-1.2271843464384459e-11
-2.48,2.5101329126514186e-11,-1.239343629690862e-11
-2.479,2.5436680467859853e-11,-1.2516089756423707e-11
-2.478,2.5776471791645285e-11,-1.2639810511194885e-11
-2.477,2.61207612933603e-11,-1.2764605218932226e-11
-2.476,2.646960792243969e-11,-1.2890480525330304e-11
-2.475,2.6823071391895275e-11,-1.3017443062570885e-11
-2.474,2.7181212188068907e-11,-1.3145499447788004e-11
-2.473,2.7544091580507892e-11,-1.327465628149472e-11
-2.472,2.7911771631964293e-11,-1.3404920145970752e-11
-2.471,2.8284315208519687e-11,-1.3536297603610287e-11
-2.47,2.8661785989836908e-11,-1.366879519522917e-11
-2.469,2.9044248479540283e-11,-1.3802419438330676e-11
-2.468,2.943176801572599e-11,-1.3937176825329095e-11
-2.467,2.9824410781604104e-11,-1.4073073821730297e-11
-2.466,3.022224381627395e-11,-1.4210116864268447e-11
-2.465,3.0625335025634395e-11,-1.434831235899806e-11
-2.464,3.103375319343072e-11,-1.4487666679340505e-11
-2.463,3.1447567992439767e-11,-1.4628186164084098e-11
-2.462,3.186684999579501e-11,-1.4769877115336922e-11
-2.461,3.2291670688453273e-11,-1.4912745796431438e-11
-2.46,3.27221024788049e-11,-1.505679842978001e-11
-2.459,3.315821871042899e-11,-1.5202041194680355e-11
-2.458,3.360009367399555e-11,-1.534848022507007e-11
-2.457,3.40478026193164e-11,-1.549612160722913e-11
-2.456,3.4501421767546516e-11,-1.5644971377429544e-11
-2.455,3.4961028323537796e-11,-1.579503551953101e-11
-2.454,3.5426700488346957e-11,-1.5946319962521683e-11
-2.453,3.589851747189956e-11,-1.6098830578002946e-11
-2.452,3.637655950581201e-11,-1.6252573177617163e-11
-2.451,3.686090785637344e-11,-1.6407553510417378e-11
-2.45,3.7351644837689456e-11,-1.656377726017779e-11
-2.449,3.784885382498969e-11,-1.6721250042644006e-11
-2.448,3.835261926810118e-11,-1.6879977402721868e-11
-2.447,3.886302670508952e-11,-1.7039964811603753e-11
-2.446,3.9380162776069944e-11,-1.7201217663831183e-11
-2.445,3.990411523719026e-11,-1.7363741274292545e-11
-2.444,4.0434972974787824e-11,-1.7527540875154744e-11
-2.443,4.09728260197226e-11,-1.769262161272756e-11
-2.442,4.151776556188854e-11,-1.785898854425946e-11
-2.441,4.2069883964905274e-11,-1.8026646634663622e-11
-2.44,4.262927478099247e-11,-1.8195600753172856e-11
-2.439,4.319603276602899e-11,-1.8365855669922167e-11
-2.438,4.377025389479903e-11,-1.853741605245758e-11
-2.437,4.435203537642765e-11,-1.8710286462169903e-11
-2.436,4.494147567000783e-11,-1.888447135065207e-11
-2.435,4.5538674500421454e-11,-1.9059975055978648e-11
-2.434,4.614373287435656e-11,-1.9236801798906084e-11
-2.433,4.67567530965232e-11,-1.9414955678992277e-11
-2.432,4.73778387860703e-11,-1.9594440670633988e-11
-2.431,4.8007094893205956e-11,-1.9775260619020604e-11
-2.43,4.864462771602371e-11,-1.9957419236002737e-11
-2.429,4.9290544917537056e-11,-2.014092009587412e-11
-2.428,4.9944955542924966e-11,-2.0325766631065238e-11
-2.427,5.0607970036990765e-11,-2.0511962127747092e-11
-2.426,5.1279700261837015e-11,-2.0699509721343488e-11
-2.425,5.1960259514759033e-11,-2.0888412391950165e-11
-2.424,5.264976254635954e-11,-2.107867295965918e-11
-2.423,5.3348325578887305e-11,-2.1270294079786733e-11
-2.422,5.4056066324802254e-11,-2.146327823800279e-11
-2.421,5.4773104005569915e-11,-2.165762774536069e-11
-2.42,5.5499559370687944e-11,-2.1853344733225014e-11
-2.419,5.6235554716947374e-11,-2.20504311480958e-11
-2.418,5.69812139079316e-11,-2.2248888746327357e-11
-2.417,5.773666239375582e-11,-2.2448719088739734e-11
-2.416,5.850202723104981e-11,-2.2649923535120976e-11
-2.415,5.927743710318703e-11,-2.2852503238618175e-11
-2.414,6.006302234076294e-11,-2.305645914001542e-11
-2.413,6.085891494232555e-11,-2.3261791961896558e-11
-2.412,6.16652485953611e-11,-2.346850220269078e-11
-2.411,6.248215869753819e-11,-2.367659013059895e-11
-2.41,6.330978237821307e-11,-2.388605577739858e-11
-2.409,6.414825852019959e-11,-2.4096898932125265e-11
-2.408,6.499772778180661e-11,-2.4309119134628456e-11
-2.407,6.585833261914645e-11,-2.4522715668999345e-11
-2.406,6.673021730871713e-11,-2.4737687556868602e-11
-2.405,6.761352797026219e-11,-2.4954033550571668e-11
-2.404,6.850841258991093e-11,-2.5171752126179338e-11
-2.403,6.941502104360271e-11,-2.5390841476391186e-11
-2.402,7.033350512079862e-11,-2.5611299503289542e-11
-2.401,7.126401854848374e-11,-2.583312381095146e-11
-2.4,7.22067170154638e-11,-2.6056311697916324e-11
-2.399,7.316175819695944e-11,-2.6280860149506466e-11
-2.398,7.412930177950167e-11,-2.6506765829998307e-11
-2.397,7.510950948613227e-11,-2.6734025074641403e-11
-2.396,7.610254510191242e-11,-2.6962633881522732e-11
-2.395,7.710857449974358e-11,-2.7192587903273548e-11
-2.394,7.812776566650409e-11,-2.7423882438616102e-11
-2.393,7.916028872950516e-11,-2.76565124237474e-11
-2.392,8.020631598327034e-11,-2.789047242355721e-11
-2.391,8.126602191664195e-11,-2.812575662267747e-11
-2.39,8.233958324021857e-11,-2.8362358816360153e-11
-2.389,8.342717891412734e-11,-2.8600272401180635e-11
-2.388,8.452899017613522e-11,-2.883949036556357e-11
-2.387,8.564520057010286e-11,-2.9080005280128244e-11
-2.386,8.677599597478566e-11,-2.932180928785021e-11
-2.385,8.792156463298547e-11,-2.9564894094036187e-11
-2.384,8.90820971810576e-11,-2.9809250956108865e-11
-2.383,9.025778667877705e-11,-3.005487067319851e-11
-2.382,9.144882863956817e-11,-3.030174357553792e-11
-2.381,9.265542106110217e-11,-3.054985951365748e-11
-2.38,9.387776445626674e-11,-3.079920784737683e-11
-2.379,9.511606188451203e-11,-3.104977743458966e-11
-2.378,9.637051898357763e-11,-3.1301556619838245e-11
-2.377,9.764134400160474e-11,-3.155453322267387e-11
-2.376,9.892874782963842e-11,-3.180869452579981e-11
-2.375,1.0023294403452408e-10,-3.206402726299292e-11
-2.374,1.015541488922031e-10,-3.232051760680018e-11
-2.373,1.028925814214121e-10,-3.2578151156006404e-11
-2.372,1.0424846341779078e-10,-3.283691292286914e-11
-2.371,1.056220194884028e-10,-3.309678732011688e-11
-2.37,1.0701347708667477e-10,-3.335775814770657e-11
-2.369,1.0842306654775821e-10,-3.361980857933631e-11
-2.368,1.0985102112431919e-10,-3.3882921148709163e-11
-2.367,1.1129757702276098e-10,-3.41470777355438e-11
-2.366,1.127629734398844e-10,-3.441225955132778e-11
-2.365,1.1424745259999128e-10,-3.467844712480912e-11
-2.364,1.157512597924359e-10,-3.4945620287221625e-11
-2.363,1.1727464340962992e-10,-3.521375815723975e-11
-2.362,1.1881785498550564e-10,-3.548283912565816e-11
-2.361,1.2038114923444357e-10,-3.575284083979159e-11
-2.36,1.2196478409066888e-10,-3.602374018759019e-11
-2.359,1.235690207481228e-10,-3.6295513281465614e-11
-2.358,1.2519412370081432e-10,-3.656813544182303e-11
-2.357,1.2684036078365752e-10,-3.684158118029413e-11
-2.356,1.2850800321380046e-10,-3.711582418266605e-11
-2.355,1.3019732563245103e-10,-3.739083729150132e-11
-2.354,1.3190860614720573e-10,-3.7666592488443426e-11
-2.353,1.3364212637488724e-10,-3.794306087620296e-11
-2.352,1.353981714848961e-10,-3.822021266021892e-11
-2.351,1.3717703024308332e-10,-3.849801712998983e-11
-2.35,1.3897899505614911e-10,-3.8776442640069045e-11
-2.349,1.4080436201657418e-10,-3.905545659071882e-11
-2.348,1.4265343094808983e-10,-3.9335025408217426e-11
-2.347,1.4452650545169266e-10,-3.961511452481349e-11
-2.346,1.4642389295221046e-10,-3.989568835832176e-11
-2.345,1.4834590474542557e-10,-4.017671029135441e-11
-2.344,1.5029285604576183e-10,-4.0458142650181715e-11
-2.343,1.5226506603454217e-10,-4.07399466832161e-11
-2.342,1.542628579088226e-10,-4.1022082539113275e-11
-2.341,1.5628655893080977e-10,-4.1304509244484094e-11
-2.34,1.5833650047786882e-10,-4.158718468121084e-11
-2.339,1.604130180931276e-10,-4.1870065563361255e-11
-2.338,1.625164515366849e-10,-4.215310741369382e-11
-2.337,1.646471448374291e-10,-4.243626453974749e-11
-2.336,1.6680544634547414e-10,-4.271949000950903e-11
-2.335,1.6899170878522028e-10,-4.300273562665107e-11
-2.334,1.712062893090463e-10,-4.328595190533382e-11
-2.333,1.734495495516405e-10,-4.356908804456321e-11
-2.332,1.757218556849779e-10,-4.385209190209826e-11
-2.331,1.7802357847395092e-10,-4.4134909967900246e-11
-2.33,1.8035509333266044e-10,-4.441748733711626e-11
-2.329,1.8271678038137578e-10,-4.469976768258932e-11
-2.328,1.8510902450417018e-10,-4.498169322688758e-11
-2.327,1.875322154072399e-10,-4.5263204713844534e-11
-2.326,1.8998674767791473e-10,-4.554424137960241e-11
-2.325,1.9247302084436733e-10,-4.5824740923150494e-11
-2.324,1.9499143943602983e-10,-4.610463947635034e-11
-2.323,1.975424130447252e-10,-4.6383871573439254e-11
-2.322,2.0012635638652175e-10,-4.666237012000386e-11
-2.321,2.0274368936431864e-10,-4.694006636141485e-11
-2.32,2.053948371311709e-10,-4.7216889850714334e-11
-2.319,2.0808023015436228e-10,-4.749276841594687e-11
-2.318,2.108003042802338e-10,-4.7767628126925076e-11
-2.317,2.1355550079977733e-10,-4.804139326142072e-11
-2.316,2.1634626651500201e-10,-4.831398627077196e-11
-2.315,2.191730538060827e-10,-4.8585327744897274e-11
-2.314,2.2203632069929891e-10,-4.88553363767065e-11
-2.313,2.2493653093577322e-10,-4.912392892589915e-11
-2.312,2.278741540410178e-10,-4.939102018214024e-11
-2.311,2.308496653952988e-10,-4.965652292760343e-11
-2.31,2.338635463048267e-10,-4.992034789887141e-11
-2.309,2.3691628407378254e-10,-5.0182403748183015e-11
-2.308,2.4000837207718965e-10,-5.044259700401668e-11
-2.307,2.4314030983463867e-10,-5.070083203099944e-11
-2.306,2.463126030848778e-10,-5.095701098913066e-11
-2.305,2.4952576386127527e-10,-5.1211033792309546e-11
-2.304,2.527803105681661e-10,-5.146279806615508e-11
-2.303,2.5607676805809083e-10,-5.171219910510717e-11
-2.302,2.59415667709938e-10,-5.19591298287974e-11
-2.301,2.6279754750799857e-10,-5.220348073767769e-11
-2.3,2.66222952121944e-10,-5.2445139867894974e-11
-2.299,2.6969243298773697e-10,-5.268399274539976e-11
-2.298,2.732065483894856e-10,-5.2919922339276416e-11
-2.297,2.767658635422516e-10,-5.315280901428263e-11
-2.296,2.803709506758221e-10,-5.338253048258544e-11
-2.295,2.840223891194573e-10,-5.3608961754681053e-11
-2.294,2.877207653876228e-10,-5.383197508948528e-11
-2.293,2.914666732667186e-10,-5.405143994358149e-11
-2.292,2.952607139028157e-10,-5.4267222919612646e-11
-2.291,2.991034958904103e-10,-5.4479187713803623e-11
-2.29,3.029956353622083e-10,-5.468719506260017e-11
-2.289,3.0693775607994975e-10,-5.489110268841034e-11
-2.288,3.1093048952628565e-10,-5.509076524443408e-11
-2.287,3.149744749977184e-10,-5.5286034258566606e-11
-2.286,3.1907035969861697e-10,-5.547675807636077e-11
-2.285,3.23218798836319e-10,-5.566278180303347e-11
-2.284,3.2742045571733155e-10,-5.5843947244500994e-11
-2.283,3.3167600184464224e-10,-5.6020092847427835e-11
-2.282,3.359861170161529e-10,-5.619105363827346e-11
-2.281,3.403514894242479e-10,-5.635666116132102e-11
-2.28,3.4477281575650937e-10,-5.6516743415671954e-11
-2.279,3.492508012975917e-10,-5.667112479119023e-11
-2.278,3.5378616003226824e-10,-5.681962600337943e-11
-2.277,3.583796147496617e-10,-5.696206402717598e-11
-2.276,3.6303189714867237e-10,-5.709825202964137e-11
-2.275,3.677437479446162e-10,-5.722799930153597e-11
-2.274,3.725159169770859e-10,-5.7351111187756786e-11
-2.273,3.7734916331904807e-10,-5.746738901662141e-11
-2.272,3.8224425538718985e-10,-5.757663002797973e-11
-2.271,3.8720197105352836e-10,-5.7678627300135264e-11
-2.27,3.922230977582962e-10,-5.777316967555709e-11
-2.269,3.9730843262411705e-10,-5.786004168536363e-11
-2.268,4.024587825714844e-10,-5.7939023472558765e-11
-2.267,4.0767496443555846e-10,-5.8009890714000904e-11
-2.266,4.129578050842936e-10,-5.807241454108497e-11
-2.265,4.1830814153791215e-10,-5.812636145911716e-11
-2.264,4.2372682108973766e-10,-5.817149326536207e-11
-2.263,4.292147014284025e-10,-5.820756696574128e-11
-2.262,4.347726507614441e-10,-5.823433469016237e-11
-2.261,4.4040154794030484e-10,-5.825154360645687e-11
-2.26,4.4610228258674976e-10,-5.825893583290554e-11
-2.259,4.5187575522071775e-10,-5.82562483493287e-11
-2.258,4.5772287738962086e-10,-5.824321290671934e-11
-2.257,4.636445717991069e-10,-5.821955593539627e-11
-2.256,4.696417724453006e-10,-5.8184998451654175e-11
-2.255,4.757154247485399e-10,-5.8139255962887116e-11
-2.254,4.818664856886202e-10,-5.808203837116184e-11
-2.253,4.880959239415664e-10,-5.801304987521656e-11
-2.252,4.94404720017945e-10,-5.793198887086083e-11
-2.251,5.00793866402734e-10,-5.7838547849751695e-11
-2.25,5.072643676967663e-10,-5.773241329652066e-11
-2.249,5.138172407597645e-10,-5.761326558422614e-11
-2.248,5.204535148549795e-10,-5.748077886810517e-11
-2.247,5.27174231795455e-10,-5.7334620977598103e-11
-2.246,5.339804460919302e-10,-5.717445330661946e-11
-2.245,5.408732251023997e-10,-5.699993070204776e-11
-2.244,5.478536491833475e-10,-5.68107013504068e-11
-2.243,5.549228118426713e-10,-5.660640666271021e-11
-2.242,5.620818198943159e-10,-5.638668115744114e-11
-2.241,5.693317936146326e-10,-5.615115234163794e-11
-2.24,5.766738669004812e-10,-5.589944059005681e-11
-2.239,5.841091874290936e-10,-5.5631159022381513e-11
-2.238,5.916389168197179e-10,-5.5345913378450156e-11
-2.237,5.992642307970581e-10,-5.5043301891468376e-11
-2.236,6.069863193565303e-10,-5.472291515917782e-11
-2.235,6.148063869313536e-10,-5.4384336012948536e-11
-2.234,6.227256525614917e-10,-5.4027139384763194e-11
-2.233,6.307453500644682e-10,-5.3650892172060684e-11
-2.232,6.388667282080702e-10,-5.3255153100406206e-11
-2.231,6.470910508849621e-10,-5.283947258395438e-11
-2.23,6.554195972892278e-10,-5.2403392583671456e-11
-2.229,6.638536620948599e-10,-5.194644646328226e-11
-2.228,6.723945556362176e-10,-5.1468158842906835e-11
-2.227,6.810436040904698e-10,-5.096804545035139e-11
-2.226,6.898021496620463e-10,-5.04456129700176e-11
-2.225,6.986715507691152e-10,-4.990035888939372e-11
-2.224,7.076531822321073e-10,-4.933177134309044e-11
-2.223,7.167484354643074e-10,-4.8739328954383915e-11
-2.222,7.259587186645339e-10,-4.812250067422785e-11
-2.221,7.352854570119254e-10,-4.748074561769587e-11
-2.22,7.447300928628582e-10,-4.681351289781495e-11
-2.219,7.542940859500121e-10,-4.612024145674992e-11
-2.218,7.639789135836079e-10,-4.540035989429881e-11
-2.217,7.737860708548379e-10,-4.465328629365777e-11
-2.216,7.837170708415089e-10,-4.387842804441406e-11
-2.215,7.937734448159219e-10,-4.307518166272476e-11
-2.214,8.039567424550083e-10,-4.224293260863837e-11
-2.213,8.142685320527451e-10,-4.1381055100515794e-11
-2.212,8.247104007348718e-10,-4.048891192650649e-11
-2.211,8.352839546759302e-10,-3.956585425303502e-11
-2.21,8.459908193186503e-10,-3.86112214302526e-11
-2.209,8.568326395957051e-10,-3.762434079440744e-11
-2.208,8.678110801538556e-10,-3.660452746708704e-11
-2.207,8.789278255805106e-10,-3.555108415128514e-11
-2.206,8.90184580632724e-10,-3.446330092424492e-11
-2.205,9.015830704686517e-10,-3.334045502702969e-11
-2.204,9.131250408814928e-10,-3.2181810650771445e-11
-2.203,9.248122585359385e-10,-3.098661871954694e-11
-2.202,9.366465112071514e-10,-2.9754116669830224e-11
-2.201,9.486296080223013e-10,-2.8483528226469814e-11
-2.2,9.607633797046776e-10,-2.717406317513801e-11
-2.199,9.730496788204085e-10,-2.582491713119888e-11
-2.198,9.85490380027805e-10,-2.4435271304940956e-11
-2.197,9.98087380329359e-10,-2.3004292263119623e-11
-2.196,1.0108425993264177e-9,-2.1531131686753578e-11
-2.195,1.0237579794765604e-9,-2.0014926125118794e-11
-2.194,1.0368354863537017e-9,-1.8454796745882695e-11
-2.193,1.0500771089109482e-9,-1.684984908132034e-11
-2.192,1.063484859746231e-9,-1.5199172770553628e-11
-2.191,1.0770607753707436e-9,-1.3501841297753625e-11
-2.19,1.0908069164802063e-9,-1.1756911726245314e-11
-2.189,1.1047253682289873e-9,-9.963424428453092e-12
-2.188,1.1188182405071034e-9,-8.120402811624532e-12
-2.187,1.1330876682201286e-9,-6.226853039268977e-12
-2.186,1.1475358115720345e-9,-4.281763748246606e-12
-2.185,1.1621648563509928e-9,-2.2841057614427275e-12
-2.184,1.1769770142181613e-9,-2.328317959610414e-13
-2.183,1.1919745229994862e-9,1.873123833231281e-12
-2.182,1.207159646980542e-9,4.034845514274871e-12
-2.181,1.2225346772044415e-9,6.253436644074914e-12
-2.18,1.238101931772837e-9,8.530019938713535e-12
-2.179,1.253863756150047e-9,1.0865737748688937e-11
-2.178,1.26982252347033e-9,1.3261752379053509e-11
-2.177,1.2859806348483376e-9,1.5719246414524092e-11
-2.176,1.3023405196927712e-9,1.8239423049638688e-11
-2.175,1.3189046360232722e-9,2.0823506424034958e-11
-2.174,1.3356754707905758e-9,2.3472741962926958e-11
-2.173,1.3526555401999506e-9,2.6188396722857592e-11
-2.172,1.3698473900379605e-9,2.8971759742805504e-11
-2.171,1.3872535960025701e-9,3.182414240072613e-11
-2.17,1.4048767640366276e-9,3.4746878775607857e-11
-2.169,1.4227195306647509e-9,3.774132601512537e-11
-2.168,1.4407845633336486e-9,4.080886470897351e-11
-2.167,1.4590745607559009e-9,4.3950899267965944e-11
-2.166,1.477592253257235e-9,4.7168858308984617e-11
-2.165,1.4963404031273196e-9,5.046419504586653e-11
-2.164,1.5153218049741115e-9,5.3838387686316276e-11
-2.163,1.5345392860817812e-9,5.729293983493365e-11
-2.162,1.5539957067722494e-9,6.082938090244693e-11
-2.161,1.5736939607703635e-9,6.444926652124403e-11
-2.16,1.593636975572743e-9,6.815417896729463e-11
-2.159,1.6138277128203254e-9,7.1945727588558e-11
-2.158,1.6342691686746435e-9,7.582554923997256e-11
-2.157,1.6549643741978612e-9,7.979530872512448e-11
-2.156,1.6759163957366013e-9,8.385669924469403e-11
-2.155,1.697128335309595e-9,8.801144285177998e-11
-2.154,1.7186033309991825e-9,9.226129091420343e-11
-2.153,1.740344557346698e-9,9.660802458389441e-11
-2.152,1.7623552257517668e-9,1.0105345527346537e-10
-2.151,1.7846385848755467e-9,1.055994251400779e-10
-2.15,1.8071979210479464e-9,1.1024780757670998e-10
-2.149,1.8300365586788493e-9,1.1500050771093278e-10
-2.148,1.853157860673375e-9,1.1985946291130778e-10
-2.147,1.8765652288512102e-9,1.2482664330151607e-10
-2.146,1.9002621043700383e-9,1.299040522823339e-10
-2.145,1.924251968153102e-9,1.3509372706156944e-10
-2.144,1.9485383413209276e-9,1.4039773919207803e-10
-2.143,1.973124785627244e-9,1.4581819511797464e-10
-2.142,1.998014903899127e-9,1.5135723672916352e-10
-2.141,2.0232123404814015e-9,1.5701704192430732e-10
-2.14,2.0487207816853306e-9,1.6279982518235933e-10
-2.139,2.0745439562416276e-9,1.6870783814278462e-10
-2.138,2.100685635757819e-9,1.7474337019459672e-10
-2.137,2.127149635179988e-9,1.8090874907433983e-10
-2.136,2.1539398132589393e-9,1.8720634147314648e-10
-2.135,2.1810600730208053e-9,1.9363855365300422e-10
-2.134,2.2085143622421333e-9,2.0020783207236545e-10
-2.133,2.236306673929483e-9,2.0691666402123707e-10
-2.132,2.264441046803564e-9,2.1376757826588843e-10
-2.131,2.2929215657879493e-9,2.2076314570331778e-10
-2.13,2.3217523625023925e-9,2.2790598002561998e-10
-2.129,2.3509376157607807e-9,2.3519873839439926e-10
-2.128,2.3804815520737572e-9,2.4264412212537395e-10
-2.127,2.4103884461560436e-9,2.5024487738332123e-10
-2.126,2.4406626214384913e-9,2.5800379588751303e-10
-2.125,2.471308450584898e-9,2.6592371562779457e-10
-2.124,2.5023303560136156e-9,2.740075215914619e-10
-2.123,2.5337328104239855e-9,2.8225814650109373e-10
-2.122,2.5655203373276263e-9,2.9067857156349834e-10
-2.121,2.5976975115846143e-9,2.992718272299356e-10
-2.12,2.630268959944575e-9,3.080409939677781e-10
-2.119,2.6632393615927297e-9,3.1698920304377837e-10
-2.118,2.6966134487009204e-9,3.261196373191084e-10
-2.117,2.7303960069836398e-9,3.354355320563442e-10
-2.116,2.76459187625911e-9,3.449401757385664e-10
-2.115,2.7992059510154253e-9,3.5463691090075436e-10
-2.114,2.834243180981801e-9,3.6452913497364944e-10
-2.113,2.869708571704949e-9,3.7462030114026944e-10
-2.112,2.9056071851306172e-9,3.849139192052562e-10
-2.111,2.9419441401903166e-9,3.954135564772418e-10
-2.11,2.978724613393271e-9,4.0612283866442154e-10
-2.109,3.015953839423613e-9,4.17045450783524e-10
-2.108,3.053637111742858e-9,4.2818513808237165e-10
-2.107,3.0917797831976868e-9,4.395457069762274e-10
-2.106,3.130387266633058e-9,4.5113102599812637e-10
-2.105,3.1694650355106886e-9,4.629450267633935e-10
-2.104,3.2090186245329227e-9,4.74991704948552e-10
-2.103,3.249053630272017e-9,4.872751212848283e-10
-2.102,3.2895757118048757e-9,4.997994025664648e-10
-2.101,3.3305905913532527e-9,5.125687426740526e-10
-2.1,3.372104054929458e-9,5.255874036130987e-10
-2.099,3.4141219529875845e-9,5.388597165680487e-10
-2.098,3.4566502010802897e-9,5.523900829719844e-10
-2.097,3.499694780521151e-9,5.661829755922225e-10
-2.096,3.5432617390526225e-9,5.802429396320407e-10
-2.095,3.5873571915196218e-9,5.945745938487652e-10
-2.094,3.631987320548762e-9,6.091826316884489e-10
-2.093,3.6771583772332603e-9,6.24071822437383e-10
-2.092,3.722876681823545e-9,6.392470123906782e-10
-2.091,3.769148624423579e-9,6.547131260381622e-10
-2.09,3.81598066569293e-9,6.7047516726784e-10
-2.089,3.8633793375546026e-9,6.865382205871673e-10
-2.088,3.911351243908656e-9,7.029074523623902e-10
-2.087,3.959903061351625e-9,7.195881120762127e-10
-2.086,4.009041539901775e-9,7.365855336040476e-10
-2.085,4.058773503730194e-9,7.539051365091197e-10
-2.084,4.109105851897751e-9,7.71552427356688e-10
-2.083,4.160045559097942e-9,7.895330010476589e-10
-2.082,4.211599676405629e-9,8.078525421718667e-10
-2.081,4.2637753320316995e-9,8.265168263812998e-10
-2.08,4.316579732083659e-9,8.455317217835567e-10
-2.079,4.370020161332172e-9,8.649031903558197e-10
-2.078,4.424103983983561e-9,8.846372893796351e-10
-2.077,4.478838644458291e-9,9.047401728967968e-10
-2.076,4.534231668175434e-9,9.252180931866323e-10
-2.075,4.5902906623431445e-9,9.460774022649927e-10
-2.074,4.647023316755137e-9,9.673245534052556e-10
-2.073,4.7044374045932e-9,9.889661026816517e-10
-2.072,4.76254078323573e-9,1.0110087105352295e-9
-2.071,4.821341395072315e-9,1.033459143362781e-9
-2.07,4.880847268324366e-9,1.0563242751290477e-9
-2.069,4.9410665178718e-9,1.0796110890025425e-9
-2.068,5.0020073460857885e-9,1.1033266790153127e-9
-2.067,5.063678043667565e-9,1.1274782517469885e-9
-2.066,5.126086990493309e-9,1.1520731280334542e-9
-2.065,5.189242656465093e-9,1.177118744700492e-9
-2.064,5.2531536023679105e-9,1.2026226563227475e-9
-2.063,5.317828480732763e-9,1.2285925370083761e-9
-2.062,5.383276036705828e-9,1.255036182209727e-9
-2.061,5.449505108923691e-9,1.2819615105604346e-9
-2.06,5.516524630394636e-9,1.3093765657392864e-9
-2.059,5.584343629386007e-9,1.3372895183612419e-9
-2.058,5.6529712303176014e-9,1.3657086678959856e-9
-2.057,5.722416654661129e-9,1.3946424446143987e-9
-2.056,5.792689221845685e-9,1.4240994115633409e-9
-2.055,5.86379835016926e-9,1.4540882665691373e-9
-2.054,5.935753557716251e-9,1.4846178442701754e-9
-2.053,6.008564463280976e-9,1.5156971181790142e-9
-2.052,6.0822407872971595e-9,1.547335202774423e-9
-2.051,6.156792352773392e-9,1.5795413556237635e-9
-2.05,6.2322290862345245e-9,1.6123249795361427e-9
-2.049,6.308561018668988e-9,1.6456956247467608e-9
-2.048,6.385798286482016e-9,1.679662991132895e-9
-2.047,6.463951132454742e-9,1.7142369304619546e-9
-2.046,6.543029906709141e-9,1.7494274486720565e-9
-2.045,6.6230450676788005e-9,1.7852447081855744e-9
-2.044,6.704007183085477e-9,1.8216990302561165e-9
-2.043,6.7859269309214136e-9,1.858800897349402e-9
-2.042,6.8688151004373775e-9,1.8965609555585013e-9
-2.041,6.952682593136391e-9,1.93499001705392e-9
-2.04,7.037540423773108e-9,1.974099062569011e-9
-2.039,7.123399721358799e-9,2.013899243921201e-9
-2.038,7.210271730171903e-9,2.054401886569532e-9
-2.037,7.298167810774095e-9,2.095618492209013e-9
-2.036,7.3870994410318274e-9,2.1375607414023046e-9
-2.035,7.477078217143293e-9,2.1802404962492356e-9
-2.034,7.568115854670753e-9,2.223669803094689e-9
-2.033,7.660224189578179e-9,2.2678608952753804e-9
-2.032,7.753415179274151e-9,2.3128261959060633e-9
-2.031,7.847700903659946e-9,2.358578320705715e-9
-2.03,7.943093566182754e-9,2.405130080864239e-9
-2.029,8.039605494893967e-9,2.4524944859502594e-9
-2.028,8.137249143512448e-9,2.500684746860557e-9
-2.027,8.236037092492726e-9,2.549714278811732e-9
-2.026,8.335982050098047e-9,2.5995967043746636e-9
-2.025,8.437096853478177e-9,2.6503458565523664e-9
-2.024,8.539394469751899e-9,2.7019757819018276e-9
-2.023,8.642887997094104e-9,2.754500743700434e-9
-2.022,8.747590665827406e-9,2.8079352251576017e-9
-2.021,8.853515839518159e-9,2.8622939326722243e-9
-2.02,8.960677016076819e-9,2.91759179913657e-9
-2.019,9.069087828862515e-9,2.97384398728726e-9
-2.018,9.17876204779175e-9,3.0310658931039734e-9
-2.017,9.289713580451124e-9,3.089273149256534e-9
-2.016,9.401956473213951e-9,3.1484816286010336e-9
-2.015,9.515504912360687e-9,3.2087074477256654e-9
-2.014,9.630373225203021e-9,3.2699669705469446e-9
-2.013,9.746575881211512e-9,3.3322768119570014e-9
-2.012,9.864127493146675e-9,3.3956538415226436e-9
-2.011,9.983042818193342e-9,3.4601151872368918e-9
-2.01,1.0103336759098193e-8,3.5256782393237035e-9
-2.009,1.022502436531031e-8,3.5923606540966033e-9
-2.008,1.0348120834124608e-8,3.660180357871959e-9
-2.007,1.0472641511827992e-8,3.729155550937641e-9
-2.006,1.0598601894848094e-8,3.79930471157781e-9
-2.005,1.0726017630904427e-8,3.8706466001546086e-9
-2.004,1.0854904520161791e-8,3.943200263247513e-9
-2.003,1.0985278516385768e-8,4.016985037851131e-9
-2.002,1.1117155728100129e-8,4.092020555632239e-9
-2.001,1.125055241974598e-8,4.168326747246853e-9
-2.0,1.1385485012842445e-8,4.245923846718148e-9
-1.999,1.1521970087148728e-8,4.324832395876043e-9
-1.998,1.1660024381827318e-8,4.4050732488592945e-9
-1.997,1.1799664796608181e-8,4.486667576680918e-9
-1.996,1.1940908392953692e-8,4.5696368718578165e-9
-1.995,1.2083772395224112e-8,4.654002953105462e-9
-1.994,1.2228274191843405e-8,4.739787970098505e-9
-1.993,1.2374431336465135e-8,4.827014408298216e-9
-1.992,1.2522261549138241e-8,4.915705093847623e-9
-1.991,1.2671782717472436e-8,5.005883198535291e-9
-1.99,1.2823012897803001e-8,5.097572244828634e-9
-1.989,1.297597031635469e-8,5.190796110977699e-9
-1.988,1.313067337040453e-8,5.285579036190382e-9
-1.987,1.3287140629443218e-8,5.381945625879997e-9
-1.986,1.3445390836334853e-8,5.479920856986202e-9
-1.985,1.3605442908474716e-8,5.579530083370227e-9
-1.984,1.376731593894483e-8,5.680799041285429e-9
-1.983,1.3931029197666977e-8,5.783753854924147e-9
-1.982,1.4096602132552882e-8,5.8884210420418894e-9
-1.981,1.4264054370651258e-8,5.994827519659892e-9
-1.98,1.443340571929138e-8,6.10300060984706e-9
-1.979,1.460467616722286e-8,6.212968045582379e-9
-1.978,1.4777885885751308e-8,6.324757976698843e-9
-1.977,1.4953055229869495e-8,6.4383989759099935e-9
-1.976,1.51302047393837e-8,6.553920044920157e-9
-1.975,1.5309355140034867e-8,6.6713506206194876e-9
-1.974,1.5490527344614168e-8,6.79072058136495e-9
-1.973,1.5673742454072647e-8,6.912060253348359e-9
-1.972,1.585902175862452e-8,7.0354004170526485e-9
-1.971,1.6046386738843706e-8,7.160772313797513e-9
-1.97,1.6235859066753246e-8,7.288207652375613e-9
-1.969,1.6427460606907094e-8,7.417738615780538e-9
-1.968,1.6621213417463962e-8,7.549397868027729e-9
-1.967,1.6817139751252667e-8,7.683218561069585e-9
-1.966,1.7015262056828587e-8,7.819234341805997e-9
-1.965,1.7215602979520758e-8,7.957479359191553e-9
-1.964,1.7418185362469122e-8,8.097988271440688e-9
-1.963,1.7623032247651445e-8,8.240796253332075e-9
-1.962,1.7830166876899393e-8,8.38593900361352e-9
-1.961,1.8039612692903282e-8,8.533452752508729e-9
-1.96,1.825139334020496e-8,8.683374269327222e-9
-1.959,1.8465532666178272e-8,8.835740870178801e-9
-1.958,1.8682054721996616e-8,8.990590425793875e-9
-1.957,1.890098376358695e-8,9.147961369451071e-9
-1.956,1.9122344252569725e-8,9.307892705013507e-9
-1.955,1.9346160857184172e-8,9.470424015075144e-9
-1.954,1.957245845319829e-8,9.635595469218644e-9
-1.953,1.9801262124802957e-8,9.803447832386195e-9
-1.952,2.0032597165489514e-8,9.974022473364754e-9
-1.951,2.0266489078910226e-8,1.014736137338721e-8
-1.95,2.050296357972087e-8,1.0323507134850946e-8
-1.949,2.0742046594404874e-8,1.0502502990155337e-8
-1.948,2.0983764262078266e-8,1.0684392810659715e-8
-1.947,2.1228142935274714e-8,1.0869221115763363e-8
-1.946,2.1475209180710002e-8,1.10570330821091e-8
-1.945,2.172498978002512e-8,1.1247874552912064e-8
-1.944,2.197751173050731e-8,1.144179204741529e-8
-1.943,2.223280224578819e-8,1.1638832770473749e-8
-1.942,2.249088875651828e-8,1.1839044622268435e-8
-1.941,2.275179891101703e-8,1.2042476208152256e-8
-1.94,2.301556057589761e-8,1.2249176848629326e-8
-1.939,2.3282201836665536e-8,1.2459196589469457e-8
-1.938,2.355175099829037e-8,1.2672586211959506e-8
-1.937,2.382423658574953e-8,1.2889397243293387e-8
-1.936,2.409968734454335e-8,1.3109681967102474e-8
-1.935,2.43781322411805e-8,1.3333493434128218e-8
-1.934,2.4659600463632773e-8,1.3560885473038772e-8
-1.933,2.4944121421758328e-8,1.3791912701391476e-8
-1.932,2.52317247476924e-8,1.4026630536743032e-8
-1.931,2.552244029620445e-8,1.4265095207909276e-8
-1.93,2.5816298145020805e-8,1.4507363766376416e-8
-1.929,2.6113328595111656e-8,1.475349409786569e-8
-1.928,2.641356217094142e-8,1.5003544934053354e-8
-1.927,2.6717029620681368e-8,1.525757586444798e-8
-1.926,2.7023761916383377e-8,1.5515647348427084e-8
-1.925,2.7333790254113703e-8,1.5777820727435005e-8
-1.924,2.764714605404562e-8,1.60441582373442e-8
-1.923,2.7963860960509716e-8,1.631472302098188e-8
-1.922,2.828396684200068e-8,1.6589579140824174e-8
-1.921,2.8607495791139323e-8,1.6868791591859845e-8
-1.92,2.8934480124588564e-8,1.715242631462577e-8
-1.919,2.926495238292214e-8,1.7440550208416238e-8
-1.918,2.9598945330444703e-8,1.773323114466834e-8
-1.917,2.993649195496196e-8,1.803053798052559e-8
-1.916,3.02776254674995e-8,1.8332540572582022e-8
-1.915,3.062237930196895e-8,1.863930979080904e-8
-1.914,3.097078711477998e-8,1.8950917532667246e-8
-1.913,3.132288278439674e-8,1.92674367374056e-8
-1.912,3.167870041083723e-8,1.9588941400550226e-8
-1.911,3.203827431511416e-8,1.99155065885852e-8
-1.91,3.240163903861565e-8,2.0247208453827726e-8
-1.909,3.276882934242428e-8,2.0584124249500083e-8
-1.908,3.3139880206572866e-8,2.0926332345000836e-8
-1.907,3.35148268292353e-8,2.1273912241377663e-8
-1.906,3.389370462585082e-8,2.1626944587004425e-8
-1.905,3.427654922818002e-8,2.198551119346487e-8
-1.904,3.4663396483290746e-8,2.2349695051645614e-8
-1.903,3.505428245247234e-8,2.2719580348040884e-8
-1.902,3.5449243410076115e-8,2.3095252481271707e-8
-1.901,3.584831584228051e-8,2.34767980788221e-8
-1.9,3.625153644577886e-8,2.3864305013995e-8
-1.899,3.665894212638792e-8,2.4257862423090502e-8
-1.898,3.707056999757521e-8,2.465756072280927e-8
-1.897,3.7486457378903155e-8,2.506349162788372e-8
-1.896,3.790664179438797e-8,2.5475748168939873e-8
-1.895,3.833116097077129e-8,2.589442471059258e-8
-1.894,3.8760052835702354e-8,2.631961696977703e-8
-1.893,3.919335551582859e-8,2.6751422034319378e-8
-1.892,3.963110733479247e-8,2.718993838174936e-8
-1.891,4.007334681113235e-8,2.7635265898357864e-8
-1.89,4.052011265608497e-8,2.8087505898502422e-8
-1.889,4.097144377128734e-8,2.854676114416354e-8
-1.888,4.142737924637567e-8,2.9013135864754974e-8
-1.887,4.188795835647879e-8,2.948673577719095e-8
-1.886,4.2353220559603744e-8,2.996766810621343e-8
-1.885,4.282320549391094e-8,3.045604160498253e-8
-1.884,4.3297952974876344e-8,3.095196657593326e-8
-1.883,4.3777502992338084e-8,3.145555489190172e-8
-1.882,4.426189570742477e-8,3.19669200175241e-8
-1.881,4.475117144936292e-8,3.248617703091146e-8
-1.88,4.524537071216058e-8,3.3013442645603914e-8
-1.879,4.57445341511644e-8,3.354883523280728e-8
-1.878,4.624870257948735e-8,3.409247484391561e-8
-1.877,4.675791696430402e-8,3.4644483233323094e-8
-1.876,4.7272218423010555e-8,3.520498388152853e-8
-1.875,4.7791648219246315e-8,3.577410201853607e-8
-1.874,4.831624775877394e-8,3.6351964647555525e-8
-1.873,4.8846058585214856e-8,3.6938700569005865e-8
-1.872,4.9381122375636894e-8,3.753444040482542e-8
-1.871,4.992148093599081e-8,3.813931662309242e-8
-1.87,5.0467176196392306e-8,3.875346356295942e-8
-1.869,5.101825020624619e-8,3.9377017459905404e-8
-1.868,5.1574745129209236e-8,4.0010116471309106e-8
-1.867,5.213670323798813e-8,4.065290070234747e-8
-1.866,5.270416690896897e-8,4.130551223222284e-8
-1.865,5.327717861667469e-8,4.1968095140722834e-8
-1.864,5.385578092804657e-8,4.2640795535116666e-8
-1.863,5.44400164965461e-8,4.332376157739183e-8
-1.862,5.5029928056073344e-8,4.401714351183509e-8
-1.861,5.562555841469784e-8,4.472109369296168e-8
-1.86,5.622695044819796e-8,4.543576661379674e-8
-1.859,5.6834147093404787e-8,4.616131893451312e-8
-1.858,5.744719134134612e-8,4.689790951142937e-8
-1.857,5.806612623018665e-8,4.7645699426372366e-8
-1.856,5.8690994837959706e-8,4.840485201640841e-8
-1.855,5.932184027508638e-8,4.9175532903947274e-8
-1.854,5.995870567667742e-8,4.995791002722313e-8
-1.853,6.06016341946134e-8,5.0752153671156895e-8
-1.852,6.125066898939851e-8,5.1558436498604155e-8
-1.851,6.190585322178318e-8,5.2376933581993024e-8
-1.85,6.256723004415089e-8,5.320782243535637e-8
-1.849,6.32348425916639e-8,5.405128304676281e-8
-1.848,6.390873397316346e-8,5.490749791115093e-8
-1.847,6.458894726181885e-8,5.577665206357127e-8
-1.846,6.527552548552044e-8,5.665893311284057e-8
-1.845,6.596851161701137e-8,5.7554531275612935e-8
-1.844,6.666794856375251e-8,5.846363941087244e-8
-1.843,6.737387915751527e-8,5.9386453054852e-8
-1.842,6.808634614369655e-8,6.032317045638302e-8
-1.841,6.880539217035043e-8,6.127399261268075e-8
-1.84,6.953105977693061e-8,6.223912330557002e-8
-1.839,7.026339138273786e-8,6.32187691381563e-8
-1.838,7.100242927506643e-8,6.421313957194674e-8
-1.837,7.174821559704348e-8,6.522244696442637e-8
-1.836,7.250079233515514e-8,6.624690660709434e-8
-1.835,7.326020130645317e-8,6.728673676396495e-8
-1.834,7.402648414543546e-8,6.83421587105389e-8
-1.833,7.479968229059431e-8,6.941339677324957e-8
-1.832,7.557983697062542e-8,7.050067836938952e-8
-1.831,7.63669891902911e-8,7.160423404752237e-8
-1.83,7.716117971593071e-8,7.272429752838535e-8
-1.829,7.796244906061146e-8,7.386110574628754e-8
-1.828,7.877083746891228e-8,7.501489889100939e-8
-1.827,7.958638490133367e-8,7.618592045020859e-8
-1.826,8.040913101832609e-8,7.737441725233778e-8
-1.825,8.123911516392938e-8,7.858063951007948e-8
-1.824,8.207637634901568e-8,7.980484086430376e-8
-1.823,8.292095323412791e-8,8.104727842855396e-8
-1.822,8.377288411190611e-8,8.230821283406628e-8
-1.821,8.463220688909345e-8,8.358790827532847e-8
-1.82,8.549895906811378e-8,8.48866325561836e-8
-1.819,8.637317772821255e-8,8.620465713648424e-8
-1.818,8.725489950615224e-8,8.754225717930294e-8
-1.817,8.814416057645424e-8,8.889971159870477e-8
-1.816,8.904099663117789e-8,9.02773031080875e-8
-1.815,8.994544285922816e-8,9.16753182690955e-8
-1.814,9.08575339251827e-8,9.3094047541113e-8
-1.813,9.177730394762904e-8,9.45337853313427e-8
-1.812,9.270478647700274e-8,9.599483004547578e-8
-1.811,9.364001447291661e-8,9.747748413895899e-8
-1.81,9.458302028097175e-8,9.89820541688652e-8
-1.809,9.553383560904003e-8,1.005088508463732e-7
-1.808,9.649249150300847e-8,1.0205818908986291e-7
-1.807,9.74590183219748e-8,1.0363038807863227e-7
-1.806,9.84334457128843e-8,1.0522577130724174e-7
-1.805,9.941580258459693e-8,1.0684466664049288e-7
-1.804,1.0040611708137438e-7,1.08487406369047e-7
-1.803,1.0140441655577572e-7,1.1015432726569043e-7
-1.802,1.0241072754095087e-7,1.1184577064225244e-7
-1.801,1.0342507572232042e-7,1.1356208240718249e-7
-1.8,1.0444748590863028e-7,1.1530361312379284e-7
-1.799,1.0547798200236962e-7,1.1707071806917337e-7
-1.798,1.0651658696953996e-7,1.1886375729378457e-7
-1.797,1.0756332280876368e-7,1.2068309568173576e-7
-1.796,1.0861821051971916e-7,1.2252910301175452e-7
-1.795,1.096812700708906e-7,1.2440215401885433e-7
-1.794,1.1075252036661934e-7,1.2630262845670674e-7
-1.793,1.1183197921344413e-7,1.2823091116072485e-7
-1.792,1.129196632857168e-7,1.3018739211186464e-7
-1.791,1.1401558809048037e-7,1.321724665011511e-7
-1.79,1.151197679315958e-7,1.3418653479493525e-7
-1.789,1.162322158731035e-7,1.3623000280088977e-7
-1.788,1.173529437018058e-7,1.3830328173474913e-7
-1.787,1.1848196188905579e-7,1.404067882878014e-7
-1.786,1.1961927955173835e-7,1.4254094469513875e-7
-1.785,1.207649044124282e-7,1.4470617880467294e-7
-1.784,1.219188427587105e-7,1.4690292414692347e-7
-1.783,1.2308109940164805e-7,1.4913162000558442e-7
-1.782,1.242516776333804e-7,1.5139271148887763e-7
-1.781,1.2543057918383833e-7,1.5368664960169887e-7
-1.78,1.266178041765583e-7,1.5601389131856384e-7
-1.779,1.2781335108358003e-7,1.583748996573612e-7
-1.778,1.2901721667941117e-7,1.6077014375391967e-7
-1.777,1.3022939599404187e-7,1.6320009893739608e-7
-1.776,1.314498822649923e-7,1.6566524680649134e-7
-1.775,1.3267866688837565e-7,1.6816607530650184e-7
-1.774,1.33915739368959e-7,1.7070307880721264e-7
-1.773,1.351610872692042e-7,1.7327675818164028e-7
-1.772,1.3641469615727012e-7,1.7588762088563167e-7
-1.771,1.3767654955395825e-7,1.785361810383268e-7
-1.77,1.3894662887858236e-7,1.8122295950349162e-7
-1.769,1.4022491339374327e-7,1.83948483971729e-7
-1.768,1.4151138014898918e-7,1.8671328904357431e-7
-1.767,1.4280600392334183e-7,1.8951791631348309e-7
-1.766,1.4410875716666827e-7,1.9236291445471775e-7
-1.765,1.4541960993987787e-7,1.952488393051406e-7
-1.764,1.4673852985392402e-7,1.9817625395392015e-7
-1.763,1.4806548200758867e-7,2.0114572882915792e-7
-1.762,1.494004289240294e-7,2.0415784178644304e-7
-1.761,1.5074333048606615e-7,2.0721317819834137e-7
-1.76,1.520941438701861e-7,2.1031233104482649e-7
-1.759,1.5345282347924403e-7,2.1345590100465994e-7
-1.758,1.5481932087383532e-7,2.1664449654772702e-7
-1.757,1.5619358470231824e-7,2.1987873402833603e-7
-1.756,1.57575560629462e-7,2.2315923777948756e-7
-1.755,1.5896519126369687e-7,2.264866402081209e-7
-1.754,1.6036241608294138e-7,2.2986158189134467e-7
-1.753,1.6176717135898252e-7,2.3328471167365867e-7
-1.752,1.6317939008038334e-7,2.3675668676517378e-7
-1.751,1.6459900187389263e-7,2.402781728408369e-7
-1.75,1.6602593292433066e-7,2.4384984414066784e-7
-1.749,1.674601058929246e-7,2.474723835710151e-7
-1.748,1.6890143983406695e-7,2.5114648280683707e-7
-1.747,1.7034985011046953e-7,2.5487284239501587e-7
-1.746,1.7180524830668585e-7,2.5865217185871003e-7
-1.745,1.7326754214097317e-7,2.6248518980275333e-7
-1.744,1.7473663537546645e-7,2.6637262402010566e-7
-1.743,1.7621242772463463e-7,2.703152115993634e-7
-1.742,1.7769481476199004e-7,2.7431369903333487e-7
-1.741,1.7918368782502131e-7,2.783688423286883e-7
-1.74,1.8067893391831905e-7,2.824814071166777e-7
-1.739,1.8218043561486365e-7,2.8665216876495404e-7
-1.738,1.8368807095544407e-7,2.90881912490467e-7
-1.737,1.8520171334617555e-7,2.9517143347346423e-7
-1.736,1.8672123145408397e-7,2.995215369725938e-7
-1.735,1.882464891007246e-7,3.039330384411162e-7
-1.734,1.8977734515380101e-7,3.084067636442311e-7
-1.733,1.9131365341675122e-7,3.1294354877752606e-7
-1.732,1.9285526251626638e-7,3.175442405865518e-7
-1.731,1.944020157877069e-7,3.2220969648752943e-7
-1.73,1.9595375115838114e-7,3.2694078468919696e-7
-1.729,1.9751030102865031e-7,3.317383843157985e-7
-1.728,1.9907149215082314e-7,3.366033855312225e-7
-1.727,2.0063714550580347e-7,3.4153668966429446e-7
-1.726,2.0220707617745284e-7,3.4653920933522845e-7
-1.725,2.037810932246302e-7,3.516118685832429e-7
-1.724,2.0535899955086955e-7,3.5675560299534546e-7
-1.723,2.0694059177165636e-7,3.619713598362914e-7
-1.722,2.0852566007926302e-7,3.672600981797204e-7
-1.721,2.1011398810510213e-7,3.7262278904047554e-7
-1.72,2.117053527795568e-7,3.780604155081098e-7
-1.719,2.1329952418924636e-7,3.8357397288158283e-7
-1.718,2.1489626543168423e-7,3.8916446880515287e-7
-1.717,2.1649533246728578e-7,3.948329234054671e-7
-1.716,2.1809647396868156e-7,4.005803694298543e-7
-1.715,2.196994311672921e-7,4.0640785238582286e-7
-1.714,2.213039376971187e-7,4.123164306817671e-7
-1.713,2.229097194357049e-7,4.1830717576888575e-7
-1.712,2.2451649434222168e-7,4.243811722843148e-7
-1.711,2.2612397229262963e-7,4.305395181954766e-7
-1.71,2.2773185491186984e-7,4.367833249456488e-7
-1.709,2.2933983540303527e-7,4.431137176007547e-7
-1.708,2.3094759837347314e-7,4.4953183499737633e-7
-1.707,2.3255481965776819e-7,4.560388298919928e-7
-1.706,2.3416116613755608e-7,4.6263586911144446e-7
-1.705,2.3576629555811555e-7,4.6932413370462467e-7
-1.704,2.3736985634168673e-7,4.761048190953995e-7
-1.703,2.389714873974627e-7,4.82979135236756e-7
-1.702,2.405708179282004e-7,4.899483067661795e-7
-1.701,2.421674672333962e-7,4.970135731622598e-7
-1.7,2.437610445089704e-7,5.04176188902526e-7
-1.699,2.4535114864340516e-7,5.11437423622509e-7
-1.698,2.4693736801027763e-7,5.187985622760307e-7
-1.697,2.4851928025713097e-7,5.262609052967196e-7
-1.696,2.5009645209062484e-7,5.338257687607494e-7
-1.695,2.5166843905790453e-7,5.414944845508001e-7
-1.694,2.532347853241292e-7,5.492684005212386e-7
-1.693,2.5479502344609777e-7,5.571488806645156e-7
-1.692,2.5634867414190914e-7,5.651373052787766e-7
-1.691,2.5789524605659484e-7,5.732350711366829e-7
-1.69,2.594342355236594e-7,5.814435916554386e-7
-1.689,2.6096512632246257e-7,5.897642970680196e-7
-1.688,2.6248738943137945e-7,5.981986345955991e-7
-1.687,2.6400048277666906e-7,6.067480686211653e-7
-1.686,2.655038509769854e-7,6.154140808643244e-7
-1.685,2.669969250834612e-7,6.241981705572844e-7
-1.684,2.684791223152947e-7,6.331018546220109e-7
-1.683,2.699498457907685e-7,6.421266678485495e-7
-1.682,2.7140848425362864e-7,6.512741630745062e-7
-1.681,2.728544117947512e-7,6.605459113656777e-7
-1.68,2.7428698756902194e-7,6.699435021978237e-7
-1.679,2.7570555550735473e-7,6.794685436395696e-7
-1.678,2.771094440237719e-7,6.891226625364334e-7
-1.677,2.7849796571747014e-7,6.989075046959621e-7
-1.676,2.798704170697931e-7,7.088247350739702e-7
-1.675,2.8122607813603174e-7,7.18876037961866e-7
-1.674,2.8256421223197203e-7,7.290631171750554e-7
-1.673,2.8388406561510786e-7,7.393876962424083e-7
-1.672,2.851848671604375e-7,7.498515185967756e-7
-1.671,2.8646582803075836e-7,7.604563477665411e-7
-1.67,2.8772614134137675e-7,7.712039675681951e-7
-1.669,2.889649818191443e-7,7.820961822999115e-7
-1.668,2.90181505455736e-7,7.931348169361142e-7
-1.667,2.9137484915507893e-7,8.04321717323014e-7
-1.666,2.925441303748438e-7,8.15658750375099e-7
-1.665,2.936884467619067e-7,8.271478042725589e-7
-1.664,2.9480687578169004e-7,8.387907886596238e-7
-1.663,2.958984743412876e-7,8.505896348437979e-7
-1.662,2.9696227840628013e-7,8.625462959959647e-7
-1.661,2.9799730261114507e-7,8.746627473513442e-7
-1.66,2.9900253986316185e-7,8.869409864112764e-7
-1.659,2.9997696093971535e-7,8.993830331458086e-7
-1.658,3.0091951407889636e-7,9.119909301970613e-7
-1.657,3.018291245632985e-7,9.247667430833466e-7
-1.656,3.027046942969071e-7,9.37712560404012e-7
-1.655,3.035451013749779e-7,9.508304940449809e-7
-1.654,3.04349199646798e-7,9.641226793849634e-7
-1.653,3.0511581827122317e-7,9.775912755023036e-7
-1.652,3.058437612648822e-7,9.91238465382436e-7
-1.651,3.0653180704293935e-7,1.005066456125915e-6
-1.65,3.0717870795230204e-7,1.0190774791569879e-6
-1.649,3.0778318979716213e-7,1.0332737904326726e-6
-1.648,3.083439513567559e-7,1.0476576706523082e-6
-1.647,3.0885966389522676e-7,1.0622314254675392e-6
-1.646,3.0932897066347307e-7,1.0769973856926948e-6
-1.645,3.097504863928629e-7,1.0919579075155243e-6
-1.644,3.101227967806937e-7,1.1071153727082492e-6
-1.643,3.10444457967277e-7,1.1224721888388861e-6
-1.642,3.1071399600452183e-7,1.1380307894828009e-6
-1.641,3.1092990631589355e-7,1.1537936344344458e-6
-1.64,3.110906531476205e-7,1.1697632099192345e-6
-1.639,3.111946690110193e-7,1.1859420288055073e-6
-1.638,3.112403541158097e-7,1.2023326308165367e-6
-1.637,3.112260757942864e-7,1.2189375827425216e-6
-1.636,3.1115016791621405e-7,1.2357594786525182e-6
-1.635,3.110109302943106e-7,1.2528009401062543e-6
-1.634,3.108066280801822e-7,1.2700646163657673e-6
-1.633,3.105354911505701e-7,1.287553184606816e-6
-1.632,3.1019571348376945e-7,1.305269350129996e-6
-1.631,3.0978545252607834e-7,1.3232158465715084e-6
-1.63,3.09302828548132e-7,1.3413954361135106e-6
-1.629,3.087459239909768e-7,1.3598109096939914e-6
-1.628,3.081127828017365e-7,1.3784650872160966e-6
-1.627,3.074014097587209e-7,1.3973608177568436e-6
-1.626,3.0660976978582595e-7,1.4165009797751476e-6
-1.625,3.0573578725607156e-7,1.435888481319094e-6
-1.624,3.047773452841225e-7,1.4555262602323755e-6
-1.623,3.037322850076349e-7,1.475417284359823e-6
-1.622,3.025984048572697e-7,1.4955645517519471e-6
-1.621,3.0137345981521247e-7,1.5159710908684103e-6
-1.62,3.000551606620358e-7,1.5366399607803494e-6
-1.619,2.9864117321174055e-7,1.557574251371458e-6
-1.618,2.9712911753480865e-7,1.5787770835377446e-6
-1.617,2.9551656716909867e-7,1.6002516093858735e-6
-1.616,2.938010483184133e-7,1.622001012429997e-6
-1.615,2.919800390385665e-7,1.6440285077869851e-6
-1.614,2.9005096841077455e-7,1.6663373423699492e-6
-1.613,2.880112157021951e-7,1.6889307950799682e-6
-1.612,2.858581095134338e-7,1.711812176995904e-6
-1.611,2.835889269128394e-7,1.7349848315622088e-6
-1.61,2.8120089255740195e-7,1.7584521347746097e-6
-1.609,2.786911778000704e-7,1.7822174953635638e-6
-1.608,2.760568997833014e-7,1.806284354975365e-6
-1.607,2.732951205186497e-7,1.8306561883507875e-6
-1.606,2.7040284595220843e-7,1.8553365035011475e-6
-1.605,2.6737702501570564e-7,1.8803288418816545e-6
-1.604,2.6421454866306024e-7,1.9056367785619304e-6
-1.603,2.6091224889219936e-7,1.931263922393564e-6
-1.602,2.574668977519367e-7,1.9572139161745703e-6
-1.601,2.538752063337086e-7,1.983490436810613e-6
-1.6,2.50133823747963e-7,2.010097195472856e-6
-1.599,2.4623933608499376e-7,2.0370379377522995e-6
-1.598,2.42188265360011e-7,2.0643164438104503e-6
-1.597,2.3797706844223524e-7,2.0919365285261775e-6
-1.596,2.336021359678009e-7,2.119902041638602e-6
-1.595,2.2905979123625334e-7,2.1482168678858596e-6
-1.594,2.2434628909041995e-7,2.176884927139572e-6
-1.593,2.1945781477943407e-7,2.2059101745348693e-6
-1.592,2.1439048280468864e-7,2.2352966005957835e-6
-1.591,2.0914033574849321e-7,2.2650482313558475e-6
-1.59,2.037033430852063e-7,2.2951691284737145e-6
-1.589,1.9807539997461233e-7,2.3256633893436227e-6
-1.588,1.9225232603730993e-7,2.3565351472005117e-6
-1.587,1.8622986411187662e-7,2.3877885712196026e-6
-1.586,1.800036789935715e-7,2.4194278666102484e-6
-1.585,1.7356935615433608e-7,2.4514572747038475e-6
-1.584,1.669224004438503e-7,2.4838810730356227e-6
-1.583,1.6005823477139885e-7,2.5167035754200516e-6
-1.582,1.529721987683001e-7,2.5499291320197347e-6
-1.581,1.4565954743064764e-7,2.5835621294074795e-6
-1.58,1.381154497421123e-7,2.6176069906213816e-6
-1.579,1.3033498727654952e-7,2.6520681752126627e-6
-1.578,1.2231315278015468e-7,2.6869501792860423e-6
-1.577,1.1404484873290696e-7,2.722257535532392e-6
-1.576,1.0552488588903928e-7,2.75799481325343e-6
-1.575,9.674798179626972e-8,2.7941666183782075e-6
-1.574,8.770875929352723e-8,2.8307775934711227e-6
-1.573,7.840174498690216e-8,2.867832417731202e-6
-1.572,6.882136770354946e-8,2.9053358069823833e-6
-1.571,5.8961956923270076e-8,2.9432925136545143e-6
-1.57,4.881774118749372e-8,2.981707326754801e-6
-1.569,3.8382846485383394e-8,3.0205850718294004e-6
-1.568,2.7651294616780065e-8,3.059930610914876e-6
-1.567,1.6617001531703055e-8,3.0997488424792102e-6
-1.566,5.27377564611952e-9,3.140044701352068e-6
-1.565,-6.384683866306145e-9,3.1808231586439895e-6
-1.564,-1.8364788806774485e-8,3.222089221654208e-6
-1.563,-3.067306370851874e-8,3.2638479337667407e-6
-1.562,-4.3316147618874465e-8,3.306104374334441e-6
-1.561,-5.6300795906549836e-8,3.34886365855065e-6
-1.56,-6.96338820943976e-8,3.392130937308108e-6
-1.559,-8.33223997179922e-8,3.4359113970447646e-6
-1.558,-9.737346421031803e-8,3.4802102595761224e-6
-1.557,-1.1179431481287641e-7,3.5250327819137376e-6
-1.556,-1.2659231651352247e-7,3.570384256069501e-6
-1.555,-1.417749620113439e-7,3.616270008845304e-6
-1.554,-1.5734987370889691e-7,3.6626954016076977e-6
-1.553,-1.7332480573211684e-7,3.709665830047129e-6
-1.552,-1.8970764597822194e-7,3.7571867239213508e-6
-1.551,-2.0650641819193313e-7,3.8052635467825703e-6
-1.55,-2.2372928407033254e-7,3.853901795687908e-6
-1.549,-2.413845453966871e-7,3.903107000892726e-6
-1.548,-2.5948064620356526e-7,3.952884725526368e-6
-1.547,-2.7802617496557685e-7,4.00324056524986e-6
-1.546,-2.9702986682206776e-7,4.054180147895089e-6
-1.545,-3.165006058301043e-7,4.105709133084984e-6
-1.544,-3.364474272480828e-7,4.157833211834216e-6
-1.543,-3.56879519850302e-7,4.210558106129905e-6
-1.542,-3.7780622827283947e-7,4.263889568491819e-6
-1.541,-3.9923705539107175e-7,4.31783338151157e-6
-1.54,-4.211816647291833e-7,4.372395357370235e-6
-1.539,-4.4364988290200885e-7,4.427581337333892e-6
-1.538,-4.6665170208955557e-7,4.483397191226497e-6
-1.537,-4.901972825445541e-7,4.539848816879544e-6
-1.536,-5.142969551333885e-7,4.596942139557926e-6
-1.535,-5.389612239107559e-7,4.65468311136141e-6
-1.534,-5.642007687284099e-7,4.713077710601129e-6
-1.533,-5.900264478783415e-7,4.772131941150461e-6
-1.532,-6.164493007707527e-7,4.831851831769692e-6
-1.531,-6.434805506471807e-7,4.892243435403806e-6
-1.53,-6.711316073291309e-7,4.953312828452758e-6
-1.529,-6.994140700025755e-7,5.015066110013565e-6
-1.528,-7.283397300386822e-7,5.077509401093538e-6
-1.527,-7.579205738511292e-7,5.140648843793954e-6
-1.526,-7.881687857903724e-7,5.204490600463486e-6
-1.525,-8.19096751075225e-7,5.269040852820636e-6
-1.524,-8.507170587621143e-7,5.334305801044477e-6
-1.523,-8.83042504752379e-7,5.400291662832921e-6
-1.522,-9.160860948379709e-7,5.4670046724277766e-6
-1.521,-9.498610477859271e-7,5.534451079605804e-6
-1.52,-9.843807984619763e-7,5.602637148634975e-6
-1.519,-1.019659000993645e-6,5.6715691571951325e-6
-1.518,-1.0557095319732284e-6,5.741253395262232e-6
-1.517,-1.092546493700992e-6,5.8116961639553044e-6
-1.516,-1.1301842174689672e-6,5.8829037743453095e-6
-1.515,-1.1686372668857055e-6,5.954882546224979e-6
-1.514,-1.2079204412423573e-6,6.027638806838788e-6
-1.513,-1.2480487789204373e-6,6.101178889572115e-6
-1.512,-1.2890375608416367e-6,6.175509132598699e-6
-1.511,-1.3309023139600482e-6,6.25063587748542e-6
-1.51,-1.3736588147971628e-6,6.326565467753462e-6
-1.509,-1.4173230930199946e-6,6.403304247394877e-6
-1.508,-1.4619114350626976e-6,6.4808585593435364e-6
-1.507,-1.5074403877920245e-6,6.559234743899478e-6
-1.506,-1.5539267622169876e-6,6.638439137105585e-6
-1.505,-1.6013876372430713e-6,6.718478069075562e-6
-1.504,-1.6498403634713472e-6,6.799357862272126e-6
-1.503,-1.6993025670428422e-6,6.881084829734303e-6
-1.502,-1.7497921535285028e-6,6.963665273252742e-6
-1.501,-1.801327311865101e-6,7.047105481491874e-6
-1.5,-1.8539265183374207e-6,7.131411728057783e-6
-1.499,-1.907608540607062e-6,7.216590269510596e-6
-1.498,-1.9623924417881985e-6,7.302647343320195e-6
-1.497,-2.0182975845706164e-6,7.389589165764019e-6
-1.496,-2.075343635390361e-6,7.477421929765715e-6
-1.495,-2.1335505686483174e-6,7.566151802673361e-6
-1.494,-2.1929386709770378e-6,7.655784923975967e-6
-1.493,-2.2535285455561316e-6,7.746327402956949e-6
-1.492,-2.3153411164765295e-6,7.83778531628321e-6
-1.491,-2.378397633153919e-6,7.930164705528477e-6
-1.49,-2.4427196747916577e-6,8.023471574629504e-6
-1.489,-2.508329154893445e-6,8.117711887273702e-6
-1.488,-2.5752483258260564e-6,8.212891564216792e-6
-1.487,-2.6434997834323984e-6,8.309016480528964e-6
-1.486,-2.7131064716951796e-6,8.406092462768083e-6
-1.485,-2.7840916874514484e-6,8.504125286078406e-6
-1.484,-2.8564790851582634e-6,8.603120671213245e-6
-1.483,-2.9302926817097494e-6,8.703084281480035e-6
-1.482,-3.005556861305778e-6,8.804021719606152e-6
-1.481,-3.0822963803725133e-6,8.90593852452389e-6
-1.48,-3.1605363725350464e-6,9.008840168072896e-6
-1.479,-3.2403023536423344e-6,9.112732051618402e-6
-1.478,-3.3216202268446557e-6,9.217619502583506e-6
-1.477,-3.404516287723779e-6,9.323507770893747e-6
-1.476,-3.4890172294760305e-6,9.430402025332214e-6
-1.475,-3.5751501481484405e-6,9.538307349803332e-6
-1.474,-3.6629425479281296e-6,9.647228739503524e-6
-1.473,-3.7524223464850947e-6,9.757171096996812e-6
-1.472,-3.8436178803685334e-6,9.868139228193498e-6
-1.471,-3.936557910456832e-6,9.980137838229938e-6
-1.47,-4.031271627461342e-6,1.0093171527247443e-5
-1.469,-4.12778865748404e-6,1.0207244786068291e-5
-1.468,-4.2261390676291596e-6,1.0322361991766805e-5
-1.467,-4.326353371668875e-6,1.0438527403133382e-5
-1.466,-4.428462535763085e-6,1.05557451560294e-5
-1.465,-4.532497984233351e-6,1.0674019258630809e-5
-1.464,-4.638491605390998e-6,1.07933535865582e-5
-1.463,-4.746475757419407e-6,1.0913751877891175e-5
-1.462,-4.856483274310481e-6,1.1035217728064682e-5
-1.461,-4.968547471855248e-6,1.1157754584645055e-5
-1.46,-5.082702153688577e-6,1.1281365741983382e-5
-1.459,-5.1989816173879125e-6,1.1406054335743828e-5
-1.458,-5.317420660625976e-6,1.1531823337304488e-5
-1.457,-5.438054587377296e-6,1.1658675548028276e-5
-1.456,-5.560919214178456e-6,1.1786613593401388e-5
-1.455,-5.686050876441906e-6,1.1915639917036727e-5
-1.454,-5.813486434823161e-6,1.2045756774539767e-5
-1.453,-5.94326328164119e-6,1.217696622723414e-5
-1.452,-6.075419347351775e-6,1.2309270135744344e-5
-1.451,-6.209993107073587e-6,1.244267015343279e-5
-1.45,-6.347023587166709e-6,1.2577167719688445e-5
-1.449,-6.4865503718633006e-6,1.2712764053064257e-5
-1.448,-6.6286136099500754e-6,1.2849460144260495e-5
-1.447,-6.77325402150224e-6,1.2987256748951094e-5
-1.446,-6.920512904668485e-6,1.312615438045007e-5
-1.445,-7.070432142506637e-6,1.3266153302214979e-5
-1.444,-7.223054209869493e-6,1.3407253520184396e-5
-1.443,-7.378422180340373e-6,1.3549454774946283e-5
-1.442,-7.536579733217861e-6,1.3692756533734144e-5
-1.441,-7.697571160549184e-6,1.383715798224772e-5
-1.44,-7.861441374211644e-6,1.3982658016295004e-5
-1.439,-8.028235913041476e-6,1.4129255233252285e-5
-1.438,-8.198000950009455e-6,1.4276947923338826e-5
-1.437,-8.370783299442577e-6,1.4425734060702826e-5
-1.436,-8.54663042429104e-6,1.4575611294315158e-5
-1.435,-8.725590443439753e-6,1.4726576938667418e-5
-1.434,-8.907712139063552e-6,1.4878627964270663e-5
-1.433,-9.093044964025236e-6,1.503176098795128e-5
-1.432,-9.281639049315511e-6,1.5185972262940254e-5
-1.431,-9.473545211533883e-6,1.5341257668752126e-5
-1.43,-9.66881496040948e-6,1.5497612700849858e-5
-1.429,-9.867500506360734e-6,1.5655032460091728e-5
-1.428,-1.006965476809284e-5,1.5813511641956374e-5
-1.427,-1.027533138023177e-5,1.597304452554201e-5
-1.426,-1.04845847009937e-5,1.613362496233579e-5
-1.425,-1.0697469819888496e-5,1.6295246364749215e-5
-1.424,-1.0914042565455981e-5,1.6457901694415486e-5
-1.423,-1.1134359513033573e-5,1.6621583450244514e-5
-1.422,-1.1358477992553845e-5,1.678628365623142e-5
-1.421,-1.1586456096370492e-5,1.6951993849014066e-5
-1.42,-1.1818352687111145e-5,1.711870506517534e-5
-1.419,-1.2054227405555355e-5,1.7286407828285645e-5
-1.418,-1.2294140678536084e-5,1.745509213568112e-5
-1.417,-1.2538153726862902e-5,1.7624747444972956e-5
-1.416,-1.2786328573265029e-5,1.779536266028319e-5
-1.415,-1.3038728050352332e-5,1.7966926118202225e-5
-1.414,-1.3295415808592259e-5,1.8139425573463273e-5
-1.413,-1.3556456324300648e-5,1.8312848184328928e-5
-1.412,-1.3821914907644259e-5,1.8487180497684823e-5
-1.411,-1.4091857710652795e-5,1.866240843383549e-5
-1.41,-1.4366351735238096e-5,1.8838517270997294e-5
-1.409,-1.4645464841218124e-5,1.9015491629483285e-5
-1.408,-1.4929265754343215e-5,1.9193315455574823e-5
-1.407,-1.5217824074322065e-5,1.9371972005074632e-5
-1.406,-1.5511210282844754e-5,1.9551443826535978e-5
-1.405,-1.5809495751600054e-5,1.973171274416249e-5
-1.404,-1.6112752750284154e-5,1.99127598403732e-5
-1.403,-1.642105445459785e-5,2.0094565438027154e-5
-1.402,-1.673447495422915e-5,2.027710908230199e-5
-1.401,-1.70530892608181e-5,2.046036952222077e-5
-1.4,-1.7376973315900574e-5,2.0644324691821214e-5
-1.399,-1.770620399882767e-5,2.0828951690961536e-5
-1.398,-1.8040859134657147e-5,2.1014226765756884e-5
-1.397,-1.838101750201339e-5,2.1200125288640364e-5
-1.396,-1.8726758840912077e-5,2.138662173804256e-5
-1.395,-1.907816386054576e-5,2.1573689677683373e-5
-1.394,-1.943531424702636e-5,2.1761301735469893e-5
-1.393,-1.979829267108048e-5,2.1949429581994003e-5
-1.392,-2.0167182795693294e-5,2.2138043908623266e-5
-1.391,-2.0542069283696657e-5,2.232711440517863e-5
-1.39,-2.09230378052969e-5,2.251660973719237e-5
-1.389,-2.1310175045537714e-5,2.2706497522739582e-5
-1.388,-2.1703568711693283e-5,2.2896744308836575e-5
-1.387,-2.210330754058675e-5,2.3087315547399236e-5
-1.386,-2.2509481305828916e-5,2.327817557075459e-5
-1.385,-2.292218082497197e-5,2.3469287566698483e-5
-1.384,-2.3341497966572747e-5,2.3660613553092417e-5
-1.383,-2.376752565716006e-5,2.385211435199233e-5
-1.382,-2.420035788810029e-5,2.4043749563302164e-5
-1.381,-2.464008972235539e-5,2.4235477537944878e-5
-1.38,-2.5086817301127153e-5,2.4427255350543555e-5
-1.379,-2.554063785038155e-5,2.461903877160514e-5
-1.378,-2.6001649687246686e-5,2.481078223919927e-5
-1.377,-2.6469952226277673e-5,2.500243883012454e-5
-1.376,-2.694564598558173e-5,2.5193960230554596e-5
-1.375,-2.7428832592796352e-5,2.5385296706156143e-5
-1.374,-2.791961479091341e-5,2.557639707167113e-5
-1.373,-2.841809644394177e-5,2.5767208659955084e-5
-1.372,-2.8924382542400693e-5,2.5957677290463614e-5
-1.371,-2.94385792086363e-5,2.6147747237178972e-5
-1.37,-2.9960793701952897e-5,2.63373611959685e-5
-1.369,-3.0491134423550975e-5,2.6526460251366664e-5
-1.368,-3.102971092126324e-5,2.6714983842772437e-5
-1.367,-3.157663389408001e-5,2.6902869730053477e-5
-1.366,-3.2132015196454904e-5,2.709005395854874e-5
-1.365,-3.269596784238154e-5,2.7276470823460888e-5
-1.364,-3.3268606009231844e-5,2.7462052833629882e-5
-1.363,-3.3850045041346056e-5,2.7646730674679025e-5
-1.362,-3.44404014533645e-5,2.7830433171524687e-5
-1.361,-3.503979293329073e-5,2.8013087250240843e-5
-1.36,-3.564833834527557e-5,2.8194617899269492e-5
-1.359,-3.626615773211105e-5,2.8374948129967963e-5
-1.358,-3.689337231742316e-5,2.855399893648402e-5
-1.357,-3.7530104507551974e-5,2.8731689254949668e-5
-1.356,-3.8176477893107304e-5,2.8907935921984406e-5
-1.355,-3.8832617250187896e-5,2.9082653632498726e-5
-1.354,-3.9498648541251735e-5,2.925575489678843e-5
-1.353,-4.0174698915624755e-5,2.942714999691051e-5
-1.352,-4.0860896709634875e-5,2.959674694233101e-5
-1.351,-4.155737144635808e-5,2.9764451424835462e-5
-1.35,-4.226425383496266e-5,2.9930166772692258e-5
-1.349,-4.298167576963766e-5,3.009379390405942e-5
-1.348,-4.370977032809102e-5,3.025523127962506e-5
-1.347,-4.4448671769602604e-5,3.0414374854471787e-5
-1.346,-4.5198515532616925e-5,3.05711180291554e-5
-1.345,-4.5959438231859945e-5,3.072535159998797e-5
-1.344,-4.67315776549641e-5,3.08769637085155e-5
-1.343,-4.751507275858494e-5,3.102583979018037e-5
-1.342,-4.831006366399283e-5,3.1171862522158456e-5
-1.341,-4.911669165212236e-5,3.131491177036126e-5
-1.34,-4.99350991580618e-5,3.145486453559278e-5
-1.339,-5.076542976496465e-5,3.159159489885142e-5
-1.338,-5.160782819736457e-5,3.172497396576671e-5
-1.337,-5.246244031387485e-5,3.185486981016087e-5
-1.336,-5.332941309925285e-5,3.1981147416725295e-5
-1.335,-5.420889465580954e-5,3.2103668622801725e-5
-1.334,-5.510103419414368e-5,3.222229205925821e-5
-1.333,-5.600598202317966e-5,3.2336873090449734e-5
-1.332,-5.69238895394877e-5,3.244726375325351e-5
-1.331,-5.785490921586427e-5,3.255331269516886e-5
-1.33,-5.879919458915035e-5,3.2654865111471795e-5
-1.329,-5.975690024726453e-5,3.275176268141412e-5
-1.328,-6.0728181815427174e-5,3.284384350345731e-5
-1.327,-6.171319594155177e-5,3.293094202953108e-5
-1.326,-6.271210028077846e-5,3.3012888998306836e-5
-1.325,-6.372505347912459e-5,3.308951136747624e-5
-1.324,-6.475221515622631e-5,3.316063224502495e-5
-1.323,-6.579374588714472e-5,3.3226070819491984e-5
-1.322,-6.684980718320928e-5,3.3285642289204967e-5
-1.321,-6.792056147187086e-5,3.3339157790481745e-5
-1.32,-6.900617207553576e-5,3.3386424324788856e-5
-1.319,-7.01068031893518e-5,3.342724468484746e-5
-1.318,-7.122261985791646e-5,3.3461417379677536e-5
-1.317,-7.235378795087672e-5,3.348873655857101e-5
-1.316,-7.350047413738933e-5,3.350899193398493e-5
-1.315,-7.466284585940953e-5,3.352196870334565e-5
-1.314,-7.584107130377577e-5,3.352744746975534e-5
-1.313,-7.703531937305667e-5,3.352520416159208e-5
-1.312,-7.824575965512631e-5,3.351500995099518e-5
-1.311,-7.947256239143281e-5,3.349663117122737e-5
-1.31,-8.071589844392432e-5,3.34698292329058e-5
-1.309,-8.197593926059609e-5,3.343436053909389e-5
-1.308,-8.325285683962087e-5,3.338997639924639e-5
-1.307,-8.454682369202481e-5,3.33364229420001e-5
-1.306,-8.58580128028692e-5,3.327344102680313e-5
-1.305,-8.718659759089871e-5,3.320076615437558e-5
-1.304,-8.853275186661461e-5,3.311812837599503e-5
-1.303,-8.989664978873158e-5,3.302525220160036e-5
-1.302,-9.127846581897523e-5,3.29218565067077e-5
-1.301,-9.267837467517662e-5,3.280765443813281e-5
-1.3,-9.409655128261914e-5,3.268235331851431e-5
-1.299,-9.553317072359217e-5,3.254565454963257e-5
-1.298,-9.698840818510475e-5,3.239725351451957e-5
-1.297,-9.84624389047117e-5,3.22368394783553e-5
-1.296,-9.995543811440347e-5,3.20640954881466e-5
-1.295,-0.00010146758098250975,3.1878698271185084e-5
-1.294,-0.00010299904255356634,3.168031813228074e-5
-1.293,-0.00010454999768609286,3.146861884976881e-5
-1.292,-0.00010612062098822858,3.124325757028758e-5
-1.291,-0.00010771108675117195,3.100388470232548e-5
-1.29,-0.00010932156888036848,3.075014380853644e-5
-1.289,-0.00011095224082439026,3.048167149682278e-5
-1.288,-0.00011260327550144946,3.0198097310185783e-5
-1.287,-0.00011427484522348677,2.9899043615344473e-5
-1.286,-0.00011596712161777426,2.9584125490123972e-5
-1.285,-0.00011768027554597145,2.9252950609615236e-5
-1.284,-0.00011941447702057131,2.8905119131108934e-5
-1.283,-0.00012116989511867234,2.854022357780669e-5
-1.282,-0.00012294669789301096,2.8157848721313916e-5
-1.281,-0.00012474505228018745,2.7757571462919044e-5
-1.28,-0.00012656512400601686,2.733896071366493e-5
-1.279,-0.0001284070774879356,2.690157727321901e-5
-1.278,-0.00013027107573439196,2.6444973707549627e-5
-1.277,-0.00013215728024114847,2.5968694225417027e-5
-1.276,-0.00013406585088442154,2.547227455368828e-5
-1.275,-0.00013599694581078282,2.49552418114866e-5
-1.274,-0.0001379507213237453,2.441711438318643e-5
-1.273,-0.00013992733176695487,2.3857401790266845e-5
-1.272,-0.0001419269294039075,2.3275604562036856e-5
-1.271,-0.00014394966429410945,2.2671214105247566e-5
-1.27,-0.00014599568416559752,2.204371257260707e-5
-1.269,-0.00014806513428373323,2.1392572730215546e-5
-1.268,-0.00015015815731618434,2.0717257823939137e-5
-1.267,-0.00015227489319400494,2.0017221444742638e-5
-1.266,-0.00015441547896872317,1.929190739300242e-5
-1.265,-0.00015658004866534462,1.854074954182257e-5
-1.264,-0.00015876873313117686,1.7763171699378655e-5
-1.263,-0.00016098165988037946,1.695858747031518e-5
-1.262,-0.00016321895293414115,1.6126400116224483e-5
-1.261,-0.00016548073265638477,1.526600241523645e-5
-1.26,-0.0001677671155848977,1.4376776520750317e-5
-1.259,-0.00017007821425778477,1.3458093819341567e-5
-1.258,-0.0001724141370351371,1.2509314787878945e-5
-1.257,-0.0001747749879158099,1.1529788849888544e-5
-1.256,-0.00017716086634919891,1.0518854231203971e-5
-1.255,-0.00017957186704190386,9.475837814943793e-6
-1.254,-0.00018200807975916485,8.400054995859613e-6
-1.253,-0.00018446958912095567,7.2908095341004714e-6
-1.252,-0.0001869564743926155,6.147393408441626e-6
-1.251,-0.00018946880926989885,4.969086669028205e-6
-1.25,-0.00019200666165832057,3.7551572896868493e-6
-1.249,-0.00019457009344667144,2.5048610198610248e-6
-1.248,-0.00019715916027457662,1.2174412362284815e-6
-1.247,-0.0001997739112939677,-1.0787120593784129e-7
-1.246,-0.00020241438892433625,-1.4718581216012376e-6
-1.245,-0.00020508062860163438,-2.875314144917697e-6
-1.244,-0.0002077726585206863,-4.319046878246975e-6
-1.243,-0.00021049049937097087,-5.803877041144582e-6
-1.242,-0.00021323416406563402,-7.330638619257613e-6
-1.241,-0.00021600365746358717,-8.900179013043849e-6
-1.24,-0.00021879897608454457,-1.0513359186229944e-5
-1.239,-0.00022162010781685078,-1.217105381392076e-5
-1.238,-0.0002244670316179467,-1.3874151430268046e-5
-1.237,-0.00022733971720731972,-1.562355457560262e-5
-1.236,-0.0002302381247517811,-1.7420179942930096e-5
-1.235,-0.00023316220454291155,-1.9264958523685893e-5
-1.234,-0.00023611189666651247,-2.1158835752640772e-5
-1.233,-0.00023908713066389802,-2.3102771651843633e-5
-1.232,-0.00024208782518486132,-2.509774097348349e-5
-1.231,-0.00024511388763214355,-2.7144733341547616e-5
-1.23,-0.00024816521379723405,-2.92447533921478e-5
-1.229,-0.00025124168748732534,-3.139882091238138e-5
-1.228,-0.0002543431801432448,-3.360797097758823e-5
-1.227,-0.0002574695504481819,-3.5873254086859334e-5
-1.226,-0.00026062064392702757,-3.819573629664667e-5
-1.225,-0.0002637962925361384,-4.0576499352318154e-5
-1.224,-0.00026699631424333695,-4.301664081749517e-5
-1.223,-0.00027022051259795567,-4.5517274201003704e-5
-1.222,-0.00027346867629072954,-4.8079529081263655e-5
-1.221,-0.00027674057870334,-5.0704551227933634e-5
-1.22,-0.00028003597744740956,-5.339350272062186e-5
-1.219,-0.0002833546138927439,-5.614756206446615e-5
-1.218,-0.00028669621268461565,-5.896792430237848e-5
-1.217,-0.00029006048124988095,-6.185580112374167e-5
-1.216,-0.0002934471092917179,-6.481242096933784e-5
-1.215,-0.00029685576827277277,-6.783902913227945e-5
-1.214,-0.0003002861108864968,-7.093688785470561e-5
-1.213,-0.00030373777051645505,-7.410727641999701e-5
-1.212,-0.0003072103606833853,-7.735149124025344e-5
-1.211,-0.0003107034744797823,-8.067084593876885e-5
-1.21,-0.0003142166839917809,-8.406667142722837e-5
-1.209,-0.0003177495397081087,-8.754031597734179e-5
-1.208,-0.0003213015699158769,-9.109314528661763e-5
-1.207,-0.00032487228008297464,-9.472654253797039e-5
-1.206,-0.00032846115222683227,-9.844190845284296e-5
-1.205,-0.0003320676442693136,-0.00010224066133751422
-1.204,-0.00033569118937749805,-0.00010612423712224967
-1.203,-0.0003393311952901106,-0.00011009408939294074
-1.202,-0.0003429870436293546,-0.00011415168941486561
-1.201,-0.0003466580891979028,-0.00011829852614819063
-1.2,-0.0003503436592607991,-0.00012253610625481855
-1.199,-0.0003540430528120216,-0.00012686595409617472
-1.198,-0.00035775553982545866,-0.00013128961172150842
-1.197,-0.00036148036049004533,-0.0001358086388462711
-1.196,-0.0003652167244288092,-0.00014042461282011784
-1.195,-0.0003689638099015726,-0.00014513912858406226
-1.194,-0.0003727207629910582,-0.00014995379861629807
-1.193,-0.0003764866967721445,-0.0001548702528661841
-1.192,-0.00038026069046401804,-0.00015989013867587123
-1.191,-0.0003840417885649677,-0.0001650151206890315
-1.19,-0.0003878289999695705,-0.00017024688074613115
-1.189,-0.0003916212970680145,-0.0001755871177656694
-1.188,-0.00039541761482730984,-0.00018103754761078478
-1.187,-0.00039921684985413713,-0.0001865999029406107
-1.186,-0.0004030178594390857,-0.00019227593304573914
-1.185,-0.0004068194605820365,-0.00019806740366713096
-1.184,-0.00041062042899844695,-0.0002039760967977871
-1.183,-0.00041441949810629673,-0.00021000381046647242
-1.182,-0.0004182153579934591,-0.00021615235850275897
-1.181,-0.0004220066543652648,-0.00022242357028263104
-1.18,-0.0004257919874720313,-0.00022881929045386824
-1.179,-0.0004295699110163331,-0.00023534137864039632
-1.178,-0.0004333389310397979,-0.00024199170912476812
-1.177,-0.0004370975047892158,-0.0002487721705079087
-1.176,-0.0004408440395617596,-0.00025568466534522965
-1.175,-0.00044457689152911824,-0.00026273110975818766
-1.174,-0.00044829436454035733,-0.00026991343302033106
-1.173,-0.000451994708903327,-0.00027723357711684736
-1.172,-0.0004556761201444499,-0.0002846934962765901
-1.171,-0.00045933673774673146,-0.00029229515647553195
-1.17,-0.0004629746438658473,-0.0003000405349105539
-1.169,-0.00046658786202417553,-0.0003079316194424465
-1.168,-0.0004701743557826564,-0.00031597040800696106
-1.167,-0.0004737320273903752,-0.0003241589079927115
-1.166,-0.0004772587164117832,-0.0003324991355846881
-1.165,-0.00048075219833148674,-0.0003409931150721048
-1.164,-0.00048421018313655616,-0.0003496428781192604
-1.163,-0.0004876303138763236,-0.0003584504629980514
-1.162,-0.000491010165199664,-0.00036741791378073097
-1.161,-0.0004943472418697751,-0.00037654727949146347
-1.16,-0.0004976389772564975,-0.00038584061321517984
-1.159,-0.0005008827318062449,-0.00039529997116218837
-1.158,-0.0005040757914896405,-0.0004049274116869518
-1.157,-0.0005072153662269893,-0.0004147249942593879
-1.156,-0.000510298588291747,-0.00042469477838700316
-1.155,-0.0005133225106921833,-0.0004348388224861145
-1.154,-0.000516284105531472,-0.0004451591827003633
-1.153,-0.0005191802623464842,-0.0004556579116646689
-1.152,-0.000522007786425599,-0.0004663370572127145
-1.151,-0.0005247633971058963,-0.0004771986610260014
-1.15,-0.0005274437260501387,-0.0004882447572224479
-1.149,-0.000530045315504007,-0.0004994773708824506
-1.148,-0.0005325646165341011,-0.000510898516510265
-1.147,-0.0005349979872472833,-0.0005225101964284996
-1.146,-0.0005373416909919942,-0.0005343143991034556
-1.145,-0.0005395918945422436,-0.0005463130973989784
-1.144,-0.0005417446662650419,-0.0005585082467564224
-1.143,-0.0005437959742721135,-0.0005709017832982643
-1.142,-0.0005457416845568092,-0.0005834956218528333
-1.141,-0.0005475775591172165,-0.0005962916538975531
-1.14,-0.0005492992540665534,-0.0006092917454180294
-1.139,-0.0005509023177320223,-0.0006224977346802382
-1.138,-0.0005523821887433945,-0.0006359114299130041
-1.137,-0.0005537341941127045,-0.0006495346068978837
-1.136,-0.0005549535473065302,-0.0006633690064634971
-1.135,-0.0005560353463124594,-0.00067741633188128
-1.134,-0.0005569745717014544,-0.0006916782461595521
-1.133,-0.0005577660846879587,-0.0007061563692327262
-1.132,-0.0005584046251897177,-0.0007208522750424114
-1.131,-0.0005588848098894302,-0.0007357674885070854
-1.13,-0.0005592011303004918,-0.0007509034823769443
-1.129,-0.0005593479508392483,-0.0007662616739704618
-1.128,-0.0005593195069063413,-0.0007818434217891208
-1.127,-0.0005591099029798986,-0.0007976500220067109
-1.126,-0.0005587131107235049,-0.0008136827048295131
-1.125,-0.0005581229671120776,-0.0008299426307236317
-1.124,-0.0005573331725789724,-0.0008464308865056645
-1.123,-0.0005563372891878536,-0.0008631484812928397
-1.122,-0.0005551287388330836,-0.0008800963423086931
-1.121,-0.0005537008014726186,-0.0008972753105402964
-1.12,-0.0005520466133976387,-0.0009146861362430008
-1.119,-0.0005501591655433946,-0.0009323294742886076
-1.118,-0.0005480313018460196,-0.0009502058793528376
-1.117,-0.0005456557176503345,-0.0009683158009379292
-1.116,-0.0005430249581739645,-0.0009866595782261683
-1.115,-0.0005401314170333901,-0.0010052374347601213
-1.114,-0.0005369673348378769,-0.0010240494729453333
-1.113,-0.000533524797857557,-0.0010430956683712329
-1.112,-0.000529795736772288,-0.0010623758639459998
-1.111,-0.0005257719255082728,-0.0010818897638411444
-1.11,-0.0005214449801698048,-0.0011016369272415826
-1.109,-0.0005168063580738986,-0.0011216167618970175
-1.108,-0.0005118473568959708,-0.001141828517470481
-1.107,-0.0005065591139351699,-0.0011622712786799598
-1.106,-0.0005009326055083916,-0.0011829439582290936
-1.105,-0.0004949586464824824,-0.001203845289523038
-1.104,-0.0004886278899546077,-0.0012249738191656891
-1.103,-0.000481930827091262,-0.0012463278992346004
-1.102,-0.0004748577871369094,-0.0012679056793300772
-1.101,-0.00046739893760377614,-0.0012897050983951097
-1.1,-0.0004595442846548684,-0.0013117238763030066
-1.099,-0.0004512836736928539,-0.0013339595052098208
-1.098,-0.00044260679016803583,-0.001356409240668917
-1.097,-0.00043350316061924974,-0.0013790700925053194
-1.096,-0.00042396215396213504,-0.001401938815447801
-1.095,-0.0004139729830398745,-0.001425011899517034
-1.094,-0.00040352470645214753,-0.001448285560168514
-1.093,-0.0003926062306787159,-0.0014717557281894195
-1.092,-0.00038120631251474844,-0.0014954180393490324
-1.091,-0.00036931356183568954,-0.001519267823802885
-1.09,-0.0003569164447101935,-0.001543300095251376
-1.089,-0.00034400328688037,-0.0015675095398542168
-1.088,-0.0003305622776293247,-0.001591890504902766
-1.087,-0.000316581474056722,-0.001616436987253044
-1.086,-0.00030204880578384966,-0.001641142621523036
-1.085,-0.00028695208011041986,-0.001666000668058747
-1.084,-0.0002712789876460991,-0.0016910040006744348
-1.083,-0.00025501710844051505,-0.0017161450941734376
-1.082,-0.00023815391863624117,-0.0017414160116571225
-1.081,-0.00022067679767000175,-0.001766808391630639
-1.08,-0.000202573036048074,-0.0017923134349154242
-1.079,-0.00018382984372257736,-0.001817921891379744
-1.078,-0.00016443435909603446,-0.0018436240464999962
-1.077,-0.00014437365868225668,-0.001869409707767025
-1.076,-0.00012363476745224072,-0.0018952681909533316
-1.075,-0.00010220466989436009,-0.0019211883062588012
-1.074,-8.007032181868513e-5,-0.0019471583443543983
-1.073,-5.721866293576349e-5,-0.001973166062345245
-1.072,-3.3636630240628174e-5,-0.0019991986696765505
-1.071,-9.311172233167437e-6,-0.0020252428140080524
-1.07,1.5770735993723293e-5,-0.0020512845670849116
-1.069,4.162207676658954e-5,-0.002077309410635452
-1.068,6.825577291275154e-5,-0.002103302222328649
-1.067,9.56846698788242e-5,-0.0021292472618269663
-1.066,0.00012392151685486306,-0.002155128156972919
-1.065,0.0001529789468728529,-0.0021809278901506707
-1.064,0.00018286945584868324,-0.0022066287848670095
-1.063,0.00021360538053734828,-0.002232212492599227
-1.062,0.0002451988753718836,-0.0022576599799607033
-1.061,0.00027766188815752334,-0.0022829515162384193
-1.06,0.0003110061345937475,-0.002308066661360129
-1.059,0.0003452430715983056,-0.0023329842543525657
-1.058,0.00038038386940897085,-0.002357682402355765
-1.057,0.0004164393824407127,-0.002382138470262431
-1.056,0.00045342011887820026,-0.0024063290710551514
-1.055,0.0004913362089860779,-0.002430230056918241
-1.054,0.0005301973721223143,-0.0024538165112050307
-1.053,0.0005700128824431298,-0.0024770627413454416
-1.052,0.0006107915332915825,-0.0024999422727828087
-1.051,0.0006525416002658551,-0.0025224278440329467
-1.05,0.0006952708029676567,-0.002544491402962531
-1.049,0.00073898626543595,-0.002566104104387846
-1.048,0.0007836944752764648,-0.0025872363090988703
-1.047,0.0008294012415031646,-0.0026078575844174588
-1.046,0.0008761116511140287,-0.0026279367064020393
-1.045,0.000923830024430201,-0.0026474416638146915
-1.044,0.000972559869234753,-0.002666339663969701
-1.043,0.001022303833755032,-0.002684597140585642
-1.042,0.0010730636585408106,-0.0027021797637656582
-1.041,0.0011248401272992378,-0.0027190524522328705
-1.04,0.0011776330167569118,-0.002735179387949655
-1.039,0.0012314410456292463,-0.0027505240332508594
-1.038,0.0012862618227876762,-0.0027650491506218244
-1.037,0.0013420917947261513,-0.0027787168252522074
-1.036,0.0013989261924397432,-0.0027914884904961254
-1.035,0.0014567589778400653,-0.002803324956367834
-1.034,0.0015155827898445022,-0.002814186441200093
-1.033,0.0015753888902889544,-0.002824032606589371
-1.032,0.0016361671098268794,-0.0028328225957480985
-1.031,0.0016979057939907711,-0.0028405150753791917
-1.03,0.001760591749605845,-0.0028470682811819674
-1.029,0.0018242101917594735,-0.002852440067091278
-1.028,0.0018887446915437929,-0.0028565879583431746
-1.027,0.0019541771248027667,-0.002859469208450537
-1.026,0.00202048762212876,-0.002861040860160894
-1.025,0.0020876545203672124,-0.002861259810455971
-1.024,0.0021556543159012118,-0.0028600828796383837
-1.023,0.002224461620000491,-0.0028574668845351902
-1.022,0.0022940491165314735,-0.00285336871583083
-1.021,0.0023643875223363464,-0.0028477454195231576
-1.02,0.002435445550599525,-0.002840554282475917
-1.019,0.0025071898775291808,-0.0028317529220190756
-1.018,0.0025795851126895262,-0.002821299379524931
-1.017,0.0026525937733260768,-0.0028091522178629418
-1.016,0.002726176263031032,-0.002795270622609786
-1.015,0.0028002908550989504,-0.002779614506863385
-1.014,0.0028748936809238927,-0.002762144619480569
-1.013,0.0029499387237880144,-0.0027428226565278974
-1.012,0.0030253778183879157,-0.002721611375703995
-1.011,0.0031011606564388516,-0.0026984747134597958
-1.01,0.0031772347986878747,-0.002673377904510536
-1.009,0.003253545693655069,-0.0026462876034003737
-1.008,0.0033300367034070186,-0.002617172007747451
-1.007,0.003406649136648455,-0.002586000982764271
-1.006,0.0034833222893965446,-0.0025527461866157613
-1.005,0.0035599934934773965,-0.0025173811961456743
-1.004,0.0036365981730561055,-0.002479881632471318
-1.003,0.0037130699093799284,-0.0024402252859174315
-1.002,0.003789340513879083,-0.0023983922397326552
-1.001,0.0038653401097312064,-0.002354364992006883
-1.0,0.003940997221953832,-0.002308128575185206
-0.999,0.004016238876044459,-0.0022596706725545655
-0.998,0.004090990705140153,-0.002208981731063008
-0.997,0.004165177065618287,-0.0021560550698189185
-0.996,0.004238721161007398,-0.0021008869836092433
-0.995,0.004311545174022449,-0.002043476840771738
-0.994,0.004383570406482479,-0.001983827174757093
-0.993,0.004454717426811127,-0.0019219437687226298
-0.992,0.004524906224762278,-0.0018578357325103726
-0.991,0.004594056372954629,-0.0017915155713789032
-0.99,0.0046620871947408386,-0.0017229992458806095
-0.989,0.0047289179378797175,-0.0016523062223038597
-0.988,0.004794467953424182,-0.0015794595131332742
-0.987,0.00485865687918406,-0.0015044857070206058
-0.986,0.004921404827071985,-0.0014274149878036435
-0.985,0.004982632573593026,-0.001348281142160866
-0.984,0.005042261752695168,-0.0012671215555450116
-0.983,0.0051002150501586515,-0.001183977196098983
-0.982,0.005156416398668326,-0.0010988925863221698
-0.981,0.005210791172684805,-0.0010119157623238633
-0.98,0.005263266382208074,-0.000923098220572436
-0.979,0.00531377086451152,-0.0008324948521237451
-0.978,0.005362235472915606,-0.0007401638643891572
-0.977,0.00540859326166881,-0.0006461666905819735
-0.976,0.00545277966600927,-0.0005505678870601051
-0.975,0.00549473267649384,-0.00045343501886186517
-0.974,0.005534393006702147,-0.00035483853380989376
-0.973,0.005571704253451536,-0.00025485162563472616
-0.972,0.0056066130486944745,-0.0001535500866435635
-0.971,0.005639069202312728,-5.1012150530623325e-5
-0.97,0.00566902583507217,5.268167400771293e-5
-0.969,0.0056964395010579184,0.00015744877812759082
-0.968,0.005721270298971248,0.00026320463538005647
-0.967,0.005743481971736648,0.00036986299110812606
-0.966,0.00576304199393906,0.0004773360578212295
-0.965,0.005779921646686799,0.0005855347156323242
-0.964,0.005794096079574353,0.0006943687168129209
-0.963,0.005805544359500346,0.0008037468934988204
-0.962,0.005814249506178542,0.000913577367564723
-0.961,0.005820198514263118,0.0010237677616791237
-0.96,0.005823382362092696,0.0011342254105520702
-0.959,0.005823796007139959,0.001244857571397307
-0.958,0.005821438368334221,0.001355571632646894
-0.957,0.005816312295502505,0.0014662753199802911
-0.956,0.00580842452624951,0.001576876898760757
-0.955,0.005797785630667891,0.0016872853720093159
-0.954,0.0057844099443367745,0.0017974106730899767
-0.953,0.00576831549012791,0.0019071638523287776
-0.952,0.005749523889394837,0.0020164572568429715
-0.951,0.005728060263170521,0.00212520470291461
-0.95,0.005703953124042821,0.002233321640304234
-0.949,0.0056772342594145955,0.0023407253079646547
-0.948,0.005647938606886193,0.002447334880681177
-0.947,0.005616104122522334,0.00255307160623241
-0.946,0.005581771642783115,0.0026578589327342864
-0.945,0.005544984740910023,0.0027616226258984503
-0.944,0.005505789578562716,0.002864290876004096
-0.943,0.0054642347535010455,0.0029657943944490514
-0.942,0.005420371144099722,0.0030660664998108495
-0.941,0.005374251751470436,0.003165043193411176
-0.94,0.005325931539948583,0.003262663224437013
-0.939,0.005275467276679348,0.0033588681447285188
-0.938,0.0052229173710113385,0.0034536023533969745
-0.937,0.00516834171437554,0.0035468131314855523
-0.936,0.005111801521293704,0.0036384506669311207
-0.935,0.005053359172123806,0.0037284680701265257
-0.934,0.00499307805811139,0.0038168213804197194
-0.933,0.004931022429274974,0.003903469563918643
-0.932,0.004867257245611679,0.003988374502998944
-0.931,0.004801848032066242,0.0040715009779353885
-0.93,0.004734860737663185,0.004152816641097353
-0.929,0.004666361599158293,0.004232291984164156
-0.928,0.00459641700952231,0.004309900298827306
-0.927,0.004525093391527081,0.00438561763145428
-0.926,0.004452457076662636,0.004459422732192328
-0.925,0.004378574189573192,0.004531296998991284
-0.924,0.0043035105381609255,0.0046012244170216985
-0.923,0.0042273315094690095,0.0046691914939590426
-0.922,0.0041501019714197595,0.004735187191596514
-0.921,0.0040718861804501525,0.004799202854238387
-0.92,0.003992747695055457,0.004861232134313163
-0.919,0.003912749295222374,0.004921270915631229
-0.918,0.003831952907705955,0.004979317234695613
-0.917,0.0037504195370797306,0.00503537120045696
-0.916,0.0036682092024658873,0.0050894349128853085
-0.915,0.0035853808798319716,0.005141512380711825
-0.914,0.0035019924497225042,0.005191609438673609
-0.913,0.0034181006502779026,0.005239733664574153
-0.912,0.0033337610353792613,0.005285894296451315
-0.911,0.0032490279377456804,0.0053301021501237856
-0.91,0.003163954436800929,0.0053723695373663225
-0.909,0.0030785923311181305,0.005412710184943411
-0.908,0.0029929921152448166,0.005451139154710863
-0.907,0.0029072029607059395,0.0054876727649751
-0.906,0.0028212727009792192,0.005522328513280656
-0.905,0.0027352478202353485,0.005555125000777893
-0.904,0.00264917344563503,0.0055860818583050535
-0.903,0.0025630933429754295,0.005615219674301673
-0.902,0.00247704991548028,0.00564255992465407
-0.901,0.0023910842055304966,0.005668124904558175
-0.9,0.0023052358991356063,0.005691937662470368
-0.899,0.0022195433329504854,0.005714021936203224
-0.898,0.0021340435036467406,0.005734402091210279
-0.897,0.002048772079453452,0.005753103061091896
-0.896,0.0019637634136878525,0.005770150290343247
-0.895,0.0018790505601027597,0.005785569679355171
-0.894,0.001794665289884117,0.0057993875316692655
-0.893,0.0017106381101388013,0.005811630503479949
-0.892,0.0016269982837198132,0.005822325555368475
-0.891,0.001543773850243045,0.005831499906246774
-0.89,0.0014609916481569797,0.005839180989482716
-0.889,0.0013786773377338225,0.005845396411172734
-0.888,0.0012968554248577147,0.005850173910522791
-0.887,0.0012155492854927443,0.005853541322294295
-0.886,0.0011347811907204352,0.005855526541267819
-0.885,0.0010545723322432517,0.005856157488674265
-0.884,0.0009749428482573324,0.005855462080540364
-0.883,0.0008959118496041903,0.005853468197893238
-0.882,0.0008174974461174305,0.005850203658766883
-0.881,0.0007397167730866581,0.005845696191952105
-0.88,0.0006625860177666322,0.005839973412430412
-0.879,0.0005861204458653934,0.005833062798431667
-0.878,0.0005103344279505158,0.0058249916700550165
-0.877,0.00043524146571782455,0.005815787169392452
-0.876,0.0003608542180718621,0.005805476242094614
-0.875,0.0002871845269720899,0.0057940856203188024
-0.874,0.00021424344300326957,0.005781641806999799
-0.873,0.00014204125063268502,0.005768171061384879
-0.872,7.058749312084878e-5,0.00575369938577535
-0.871,-1.0900294391680527e-7,0.005738252513418034
-0.87,-7.004010351311152e-5,0.005721855897491305
-0.869,-0.00013919834337069127,0.005704534701131621
-0.868,-0.00020757690287040749,0.005686313788447855
-0.867,-0.00027516958513467814,0.005667217716472195
-0.866,-0.00034197079372913866,0.005647270727997916
-0.865,-0.00040797551082453543,0.005626496745255843
-0.864,-0.0004731792758553232,0.005604919364382974
-0.863,-0.0005375781646822007,0.00558256185063828
-0.862,-0.0006011687692638641,0.005559447134322367
-0.861,-0.0006639481778414534,0.005535597807359303
-0.86,-0.0007259139556375262,0.005511036120500528
-0.859,-0.0007870641260698845,0.005485783981112385
-0.858,-0.0008473971524792139,0.005459862951510423
-0.857,-0.0009069119203682498,0.005433294247805165
-0.856,-0.0009656077201490704,0.005406098739225646
-0.855,-0.001023484230394102,0.005378296947888463
-0.854,-0.00108054150158552,0.005349909048981679
-0.853,-0.001136779940356928,0.00532095487133426
-0.852,-0.0011922002942204826,0.005291453898343247
-0.851,-0.0012468036367720055,0.005261425269232166
-0.85,-0.0013005913533660782,0.005230887780615562
-0.849,-0.0013535651272526435,0.005199859888345806
-0.848,-0.0014057269261662324,0.005168359709619613
-0.847,-0.0014570789893585939,0.005136405025322865
-0.846,-0.0015076238150652246,0.005104013282593554
-0.845,-0.0015573641483960666,0.005071201597583742
-0.844,-0.0016063029696404593,0.005037986758402513
-0.843,-0.0016544434829763007,0.005004385228222955
-0.842,-0.0017017891055732773,0.004970413148537168
-0.841,-0.001748343457079968,0.004936086342544256
-0.84,-0.0017941103494846032,0.004901420318657176
-0.839,-0.0018390937773392737,0.0048664302741151634
-0.838,-0.0018832979083374139,0.004831131098689298
-0.837,-0.001926727074234451,0.00479553737846956
-0.836,-0.0019693857621015964,0.004759663399722461
-0.835,-0.00201127860590285,0.0047235231528090635
-0.834,-0.0020524103783854256,0.0046871303361538915
-0.833,-0.002092785983273924,0.004650498360255837
-0.832,-0.0021324104477587445,0.00461364035173283
-0.831,-0.0021712889152693832,0.004576569157392587
-0.83,-0.002209426638523437,0.0045392973483222975
-0.829,-0.0022468289728423117,0.004501837223990662
-0.828,-0.0022835013697248287,0.004464200816356134
-0.827,-0.00231944937067011,0.004426399893975742
-0.826,-0.002354678601241321,0.004388445966109231
-0.825,-0.002389194765362057,0.004350350286813767
-0.824,-0.002423003639837367,0.004312123859024737
-0.823,-0.0024561110690915987,0.004273777438618624
-0.822,-0.002488522960115477,0.004235321538454243
-0.821,-0.0025202452776150294,0.004196766432388935
-0.82,-0.0025512840393551663,0.004158122159266656
-0.819,-0.002581645311690956,0.004119398526875159
-0.818,-0.0026113352052798172,0.004080605115869728
-0.817,-0.0026403598709680664,0.0040417512836611975
-0.816,-0.002668725495845461,0.004002846168266191
-0.815,-0.002696438299461564,0.003963898692117775
-0.814,-0.002723504530197975,0.00392491756583488
-0.813,-0.002749930461790635,0.0038859112919490653
-0.812,-0.0027757223899966326,0.0038468881685873716
-0.811,-0.0028008866294000952,0.0038078562931101604
-0.81,-0.0028254295103519564,0.003768823565703014
-0.809,-0.0028493573760385474,0.0037297976929218874
-0.808,-0.0028726765796741453,0.0036907861911908597
-0.807,-0.0028953934818127768,0.0036517963902519364
-0.806,-0.0029175144477747448,0.0036128354365664783
-0.805,-0.0029390458451834926,0.0035739102966679363
-0.804,-0.002959994041608599,0.00353502776046566
-0.803,-0.0029803654023108257,0.0034961944444996526
-0.802,-0.0030001662880853055,0.0034574167951462098
-0.801,-0.003019403053199089,0.003418701091774466
-0.8,-0.0030380820434194188,0.003380053449853942
-0.799,-0.0030562095941292214,0.003341479824013236
-0.798,-0.0030737920285264495,0.0033029860110500827
-0.797,-0.0030908356559040317,0.003264577652893031
-0.796,-0.0031073467700072958,0.003226260239515058
-0.795,-0.003123331647465877,0.003188039111799467
-0.794,-0.0031387965462972038,0.0031499194643584707
-0.793,-0.003153747704478796,0.003111906348304876
-0.792,-0.003168191338586691,0.003074004673977335
-0.791,-0.003182133642497434,0.003036219213619647
-0.79,-0.0031955807861511623,0.0029985546040146227
-0.789,-0.0032085389143734033,0.002961015349073043
-0.788,-0.0032210141457533104,0.002923605822378258
-0.787,-0.0032330125715761375,0.002886330269687007
-0.786,-0.0032445402548078517,0.0028491928113870226
-0.785,-0.0032556032291298507,0.0028121974449120332
-0.784,-0.003266207498021847,0.0027753480471147457
-0.783,-0.00327635903389105,0.0027386483765984384
-0.782,-0.003286063777245844,0.0027021020760077683
-0.781,-0.003295327635912247,0.0026657126742794207
-0.78,-0.0033041564842914892,0.002629483588853225
-0.779,-0.0033125561626571234,0.002593418127844364
-0.778,-0.0033205324764901374,0.0025575194921773035
-0.777,-0.003328091195850606,0.002521790777682071
-0.776,-0.0033352380547844707,0.0024862349771535043
-0.775,-0.003341978750764093,0.002450854982374102
-0.774,-0.003348318944161291,0.0024156535861010863
-0.773,-0.0033542642577516,0.0023806334840183016
-0.772,-0.0033598202762485665,0.002345797276653553
-0.771,-0.0033649925458669266,0.0023111474712619985
-0.77,-0.003369786573913559,0.002276686483676187
-0.769,-0.0033742078284051524,0.0022424166401233425
-0.768,-0.0033782617377115715,0.0022083401790104753
-0.767,-0.00338195369022394,0.002174459252677905
-0.766,-0.0033852890340465,0.002140775929121764
-0.765,-0.003388273076711347,0.0021072921936860466
-0.764,-0.00339091108491517,0.0020740099507247593
-0.763,-0.003393208284277163,0.0020409310252347238
-0.762,-0.0033951698591173115,0.0020080571644595646
-0.761,-0.0033968009522542773,0.0019753900394654214
-0.76,-0.0033981066648221445,0.0019429312466888982
-0.759,-0.003399092056105322,0.0019106823094577738
-0.758,-0.003399762143390906,0.0018786446794849662
-0.757,-0.0034001219018378577,0.0018468197383362554
-0.756,-0.0034001762643623575,0.0018152087988722468
-0.755,-0.003399930121538733,0.0017838131066650533
-0.754,-0.003399388321515369,0.0017526338413901663
-0.753,-0.003398555669945048,0.0017216721181939722
-0.752,-0.003397436929929171,0.0016909289890373691
-0.751,-0.003396036821975346,0.0016604054440159232
-0.75,-0.003394360023967837,0.0016301024126569987
-0.749,-0.003392411171150399,0.0016000207651942864
-0.748,-0.0033901948561210274,0.0015701613138201479
-0.747,-0.0033877156288381833,0.001540524813916181
-0.746,-0.0033849779966380602,0.001511111965262408
-0.745,-0.0033819864242624776,0.0014819234132254775
-0.744,-0.0033787453338970054,0.0014529597499262606
-0.743,-0.003375259105218933,0.0014242215153872212
-0.742,-0.003371532075454716,0.0013957091986599231
-0.741,-0.0033675685394465357,0.0013674232389330363
-0.74,-0.0033633727497276397,0.001339364026621193
-0.739,-0.003358948916606121,0.0013115319044350393
-0.738,-0.003354301208256818,0.0012839271684328179
-0.737,-0.003349433750821035,0.0012565500690538136
-0.736,-0.003344350628513772,0.0012294008121339847
-0.735,-0.003339055883738189,0.0012024795599040938
-0.734,-0.0033335535172070167,0.0011757864319706518
-0.733,-0.0033278474880706586,0.001149321506279974
-0.732,-0.0033219417140517103,0.001123084820065647
-0.731,-0.0033158400715856606,0.001097076370779695
-0.73,-0.003309546395967525,0.0010712961170077316
-0.729,-0.00330306448150418,0.0010457439793683716
-0.728,-0.003296398081672176,0.001020419841397179
-0.727,-0.003289550909280806,0.0009953235504154125
-0.726,-0.0032825266366402236,0.0009704549183838344
-0.725,-0.0032753288957344056,0.000945813722741834
-0.724,-0.003267961278398761,0.0009213997072321164
-0.723,-0.003260427336502198,0.0008972125827112025
-0.722,-0.0032527305821334613,0.0008732520279459774
-0.721,-0.0032448744877915676,0.000849517690396524
-0.72,-0.003236862486580156,0.0008260091869854697
-0.719,-0.0032286979724055974,0.0008027261048540718
-0.718,-0.0032203843001786937,0.0007796680021052616
-0.717,-0.003211924786019811,0.0007568344085338626
-0.716,-0.0032033227074672968,0.0007342248263441962
-0.715,-0.003194581303689032,0.0007118387308552783
-0.714,-0.003185703775696974,0.0006896755711938134
-0.713,-0.0031766932865645568,0.0006677347709751833
-0.712,-0.003167552961646808,0.0006460157289726249
-0.711,-0.0031582858888030536,0.0006245178197747894
-0.71,-0.0031488951186220927,0.0006032403944318695
-0.709,-0.003139383664649704,0.0005821827810904787
-0.708,-0.0031297545036183803,0.0005613442856174617
-0.707,-0.0031200105756791665,0.0005407241922128138
-0.706,-0.003110154784635492,0.0005203217640118822
-0.705,-0.0031001899981788904,0.0005001362436770184
-0.704,-0.003090119048126495,0.0004801668539788491
-0.703,-0.0030799447306602184,0.0004604127983673294
-0.702,-0.003069669806567503,0.00044087326153273784
-0.701,-0.0030592970014835593,0.0004215474099567719
-0.7,-0.0030488290061349847,0.00040243439245389795
-0.699,-0.0030382684765846886,0.0003835333407031076
-0.698,-0.0030276180344780126,0.00036484336977022974
-0.697,-0.0030168802672899844,0.00034636357862094454
-0.696,-0.0030060577285736024,0.0003280930506246432
-0.695,-0.0029951529382090786,0.00031003085404927454
-0.694,-0.0029841683826539608,0.00029217604254731723
-0.693,-0.002973106515194054,0.0002745276556330144
-0.692,-0.0029619697561950706,0.00025708471915100365
-0.691,-0.0029507604933549304,0.00023984624573647522
-0.69,-0.002939481081956649,0.0002228112352669867
-0.689,-0.0029281338451217368,0.00020597867530606226
-0.688,-0.0029167210740640493,0.00018934754153870085
-0.687,-0.002905245028344019,0.00017291679819891672
-0.686,-0.0028937079361232077,0.0001566853984894331
-0.685,-0.00288211199441912,0.0001406522849936478
-0.684,-0.0028704593693602153,0.00012481639007998777
-0.683,-0.0028587521964410618,0.00010917663629876797
-0.682,-0.0028469925807775753,9.373193677166729e-5
-0.681,-0.002835182597362293,7.84811955739333e-5
-0.68,-0.002823324291319621,6.342330810942535e-5
-0.679,-0.0028114196781610086,4.855716147860378e-5
-0.678,-0.0027994707440400033,3.388163483957171e-5
-0.677,-0.0027874794460071273,1.9395599762273716e-5
-0.676,-0.002775447712264539,5.097920575954476e-6
-0.675,-0.002763377442420425,-9.012545290021393e-6
-0.674,-0.002751270507743083,-2.293694697188837e-5
-0.673,-0.002739128751414651,-3.6676439843639794e-5
-0.672,-0.0027269539887844405,-5.023218519553147e-5
-0.671,-0.0027147480076218284,-6.360534991883383e-5
-0.67,-0.0027025125683686787,-7.679710619673866e-5
-0.669,-0.002690249404391242,-8.980863120132803e-5
-0.668,-0.002677960222231505,-0.000102641106796514
-0.667,-0.00266564670185795,-0.00011529571924685955
-0.666,-0.0026533104969156877,-0.0001277736589321921
-0.665,-0.0026409532349759334,-0.00014007612006792218
-0.664,-0.0026285765177847882,-0.00015220430043098195
-0.663,-0.0026161819215112956,-0.00016415940109129785
-0.662,-0.002603770996994744,-0.00017594262614871467
-0.661,-0.002591345269991181,-0.00018755518247528846
-0.66,-0.0025789062414191097,-0.00019899827946286692
-0.659,-0.002566455387604347,-0.0002102731287758774
-0.658,-0.002553994160524004,-0.00022138094410924374
-0.657,-0.002541523988049572,-0.0002323229409513538
-0.656,-0.0025290462741890778,-0.0002431003363520014
-0.655,-0.002516562399328301,-0.0002537143486952265
-0.654,-0.0025040737204710044,-0.00026416619747697957
-0.653,-0.002491581571478179,-0.0002744571030875362
-0.652,-0.0024790872633062614,-0.0002845882865985894
-0.651,-0.002466592084244314,-0.00029456096955494785
-0.65,-0.002454097300150143,-0.0003043763737707706
-0.649,-0.002441604154685332,-0.0003140357211302666
-0.648,-0.0024291138695491724,-0.00032354023339279205
-0.647,-0.0024166276447114767,-0.0003328911320022771
-0.646,-0.0024041466586442496,-0.0003420896379009152
-0.645,-0.0023916720685522004,-0.000351136971347049
-0.644,-0.0023792050106020853,-0.0003600343517371876
-0.643,-0.0023667466001508586,-0.0003687829974320916
-0.642,-0.002354297931972615,-0.0003773841255868617
-0.641,-0.0023418600804843174,-0.00038583895198496883
-0.64,-0.0023294340999702834,-0.0003941486908761646
-0.639,-0.0023170210248054258,-0.0004023145548182098
-0.638,-0.002304621869677233,-0.00041033775452236276
-0.637,-0.0022922376298064717,-0.0004182194987025666
-0.636,-0.002279869281166603,-0.00042596099392827814
-0.635,-0.0022675177807019017,-0.00043356344448087993
-0.634,-0.002255184066544267,-0.0004410280522136193
-0.633,-0.002242869058228711,-0.0004483560164150173
-0.632,-0.0022305736569075193,-0.00045554853367569273
-0.631,-0.0022182987455630697,-0.0004626067977585466
-0.63,-0.002206045189219309,-0.0004695319994722525
-0.629,-0.002193813835151865,-0.0004763253265479999
-0.628,-0.002181605513096799,-0.00048298796351943816
-0.627,-0.002169421035457986,-0.0004895210916057687
-0.626,-0.002157261197513112,-0.0004959258885979341
-0.625,-0.0021451267776182886,-0.0005022035287478552
-0.624,-0.0021330185374112734,-0.000508355182660663
-0.623,-0.002120937222013293,-0.0005143820171898801
-0.622,-0.002108883560229461,-0.0005202851953355004
-0.621,-0.0020968582647477897,-0.0005260658761449195
-0.62,-0.002084862032336786,-0.0005317252146166698
-0.619,-0.002072895544041629,-0.0005372643616069122
-0.618,-0.002060959465378931,-0.0005426844637386394
-0.617,-0.002049054446530068,-0.0005479866633135437
-0.616,-0.0020371811225330834,-0.0005531720982265072
-0.615,-0.0020253401134731636,-0.0005582419018826676
-0.614,-0.0020135320246716755,-0.0005631972031170168
-0.613,-0.0020017574468737718,-0.0005680391261164892
-0.612,-0.001990016956434558,-0.0005727687903444985
-0.611,-0.0019783111155038196,-0.0005773873104678777
-0.61,-0.0019666404722093103,-0.0005818957962861848
-0.609,-0.0019550055608385975,-0.0005862953526633306
-0.608,-0.0019434069020194686,-0.0005905870794614894
-0.607,-0.0019318450028988942,-0.0005947720714772526
-0.606,-0.0019203203573205482,-0.0005988514183799864
-0.605,-0.0019088334460008885,-0.000602826204652354
-0.604,-0.001897384736703795,-0.0006066975095329645
-0.603,-0.0018859746844137682,-0.0006104664069611122
-0.602,-0.001874603731507688,-0.0006141339655235655
-0.601,-0.0018632723079251353,-0.0006177012484033734
-0.6,-0.0018519808313372755,-0.0006211693133306501
-0.599,-0.0018407297073143101,-0.0006245392125353025
-0.598,-0.0018295193294914933,-0.0006278119927016669
-0.597,-0.0018183500797337192,-0.0006309886949250182
-0.596,-0.0018072223282986815,-0.0006340703546699197
-0.595,-0.001796136433998607,-0.0006370580017303764
-0.594,-0.0017850927443605678,-0.0006399526601917619
-0.593,-0.0017740915957853733,-0.0006427553483944841
-0.592,-0.0017631333137050472,-0.0006454670788993578
-0.591,-0.0017522182127388914,-0.0006480888584546513
-0.59,-0.0017413465968481407,-0.0006506216879647778
-0.589,-0.0017305187594892132,-0.0006530665624605974
-0.588,-0.0017197349837655598,-0.0006554244710713021
-0.587,-0.0017089955425781164,-0.0006576963969978511
-0.586,-0.0016983006987743633,-0.0006598833174879275
-0.585,-0.0016876507052959982,-0.0006619862038123882
-0.584,-0.001677045805325224,-0.0006640060212431754
-0.583,-0.0016664862324296602,-0.0006659437290326635
-0.582,-0.0016559722107058778,-0.0006678002803944125
-0.581,-0.0016455039549215704,-0.0006695766224852988
-0.58,-0.0016350816706563577,-0.0006712736963889985
-0.579,-0.0016247055544412335,-0.0006728924371007934
-0.578,-0.001614375793896662,-0.0006744337735136762
-0.577,-0.0016040925678693257,-0.0006758986284057248
-0.576,-0.0015938560465675342,-0.0006772879184287243
-0.575,-0.0015836663916952971,-0.0006786025540980069
-0.574,-0.0015735237565850687,-0.0006798434397834878
-0.573,-0.0015634282863291687,-0.0006810114737018704
-0.572,-0.0015533801179098883,-0.0006821075479099979
-0.571,-0.001543379380328283,-0.0006831325482993248
-0.57,-0.0015334261947316657,-0.0006840873545914884
-0.569,-0.0015235206745397977,-0.0006849728403349527
-0.568,-0.0015136629255697925,-0.0006857898729027052
-0.567,-0.0015038530461597343,-0.0006865393134909813
-0.566,-0.0014940911272910186,-0.0006872220171189961
-0.565,-0.0014843772527094229,-0.0006878388326296597
-0.564,-0.0014747114990449144,-0.0006883906026912559
-0.563,-0.0014650939359301999,-0.0006888781638000615
-0.562,-0.0014555246261180274,-0.0006893023462838863
-0.561,-0.0014460036255972443,-0.0006896639743065125
-0.56,-0.001436530983707622,-0.0006899638658730135
-0.559,-0.0014271067432534504,-0.0006902028328359308
-0.558,-0.0014177309406159144,-0.0006903816809022903
-0.557,-0.0014084036058642558,-0.0006905012096414396
-0.556,-0.0013991247628657292,-0.0006905622124936832
-0.555,-0.0013898944293943612,-0.0006905654767797015
-0.554,-0.0013807126172385171,-0.0006905117837107312
-0.553,-0.0013715793323072869,-0.0006904019083994902
-0.552,-0.0013624945747356925,-0.0006902366198718301
-0.551,-0.0013534583389887317,-0.0006900166810790958
-0.55,-0.0013444706139642572,-0.0006897428489111771
-0.549,-0.001335531383094707,-0.0006894158742102337
-0.548,-0.0013266406244476891,-0.0006890365017850774
-0.547,-0.0013177983108254281,-0.0006886054704261944
-0.546,-0.0013090044098630859,-0.0006881235129213905
-0.545,-0.0013002588841259587,-0.0006875913560720448
-0.544,-0.0012915616912055623,-0.0006870097207099549
-0.543,-0.0012829127838146117,-0.000686379321714757
-0.542,-0.0012743121098809033,-0.000685700868031908
-0.541,-0.001265759612640109,-0.0006849750626912108
-0.54,-0.001257255230727487,-0.000684202602825872
-0.539,-0.001248798898268521,-0.0006833841796920739
-0.538,-0.0012403905449684931,-0.0006825204786890481
-0.537,-0.0012320300962010001,-0.0006816121793796359
-0.536,-0.0012237174730954194,-0.0006806599555113218
-0.535,-0.0012154525926233346,-0.0006796644750377256
-0.534,-0.0012072353676839274,-0.0006786264001405409
-0.533,-0.0011990657071883446,-0.0006775463872519055
-0.532,-0.001190943516143047,-0.0006764250870771903
-0.531,-0.001182868695732151,-0.0006752631446181958
-0.53,-0.0011748411433987662,-0.0006740611991967413
-0.529,-0.0011668607529253436,-0.0006728198844786356
-0.528,-0.001158927414513035,-0.0006715398284980157
-0.527,-0.001151041014860078,-0.0006702216536820445
-0.526,-0.0011432014372392114,-0.0006688659768759509
-0.525,-0.0011354085615741284,-0.0006674734093684056
-0.524,-0.0011276622645149785,-0.0006660445569172167
-0.523,-0.0011199624195129233,-0.0006645800197753378
-0.522,-0.001112308896893755,-0.0006630803927171749
-0.521,-0.001104701563930588,-0.0006615462650651818
-0.52,-0.0010971402849156257,-0.0006599782207167345
-0.519,-0.0010896249212310177,-0.0006583768381712722
-0.518,-0.0010821553314188089,-0.0006567426905576964
-0.517,-0.0010747313712499936,-0.0006550763456620168
-0.516,-0.0010673528937926787,-0.0006533783659552344
-0.515,-0.0010600197494793646,-0.0006516493086214521
-0.514,-0.0010527317861733546,-0.0006498897255862038
-0.513,-0.0010454888492342953,-0.0006481001635449907
-0.512,-0.001038290781582862,-0.0006462811639920176
-0.511,-0.0010311374237645906,-0.0006444332632491196
-0.51,-0.0010240286140128692,-0.0006425569924948691
-0.509,-0.0010169641883110924,-0.0006406528777938561
-0.508,-0.0010099439804539918,-0.000638721440126131
-0.507,-0.0010029678221081418,-0.0006367631954168047
-0.506,-0.0009960355428716586,-0.0006347786545657942
-0.505,-0.0009891469703330908,-0.0006327683234777071
-0.504,-0.0009823019301295158,-0.0006307327030918587
-0.503,-0.0009755002460038446,-0.0006286722894124101
-0.502,-0.0009687417398613473,-0.0006265875735386232
-0.501,-0.0009620262318254017,-0.0006244790416952232
-0.5,-0.000955353540292477,-0.0006223471752628611
-0.499,-0.0009487234819863572,-0.0006201924508086699
-0.498,-0.000942135872011612,-0.0006180153401169074
-0.497,-0.0009355905239063236,-0.0006158163102196766
-0.496,-0.000929087249694076,-0.0006135958234277201
-0.495,-0.0009226258599352133,-0.0006113543373612788
-0.494,-0.0009162061637773759,-0.0006090923049810104
-0.493,-0.0009098279690053208,-0.0006068101746189599
-0.492,-0.0009034910820900324,-0.0006045083900095762
-0.491,-0.000897195308237133,-0.00060218739032077
-0.49,-0.0008909404514345979,-0.000599847610185003
-0.489,-0.0008847263144997833,-0.0005974894797304086
-0.488,-0.0008785526991257744,-0.0005951134246119311
-0.487,-0.0008724194059270591,-0.000592719866042484
-0.486,-0.0008663262344845359,-0.0005903092208241183
-0.485,-0.0008602729833898614,-0.0005878819013791953
-0.484,-0.000854259450289146,-0.0005854383157815608
-0.483,-0.0008482854319260023,-0.0005829788677877129
-0.482,-0.0008423507241839552,-0.0005805039568679605
-0.481,-0.0008364551221282189,-0.0005780139782375647
-0.48,-0.0008305984200468484,-0.0005755093228878614
-0.479,-0.0008247804114912711,-0.0005729903776173582
-0.478,-0.0008190008893162056,-0.0005704575250628007
-0.477,-0.0008132596457189757,-0.0005679111437302054
-0.476,-0.0008075564722782228,-0.0005653516080258526
-0.475,-0.0008018911599920262,-0.000562779288287236
-0.474,-0.0007962634993154364,-0.000560194550813965
-0.473,-0.0007906732801974274,-0.0005575977578986146
-0.472,-0.0007851202921172754,-0.0005549892678575188
-0.471,-0.0007796043241203693,-0.0005523694350615047
-0.47,-0.0007741251648534594,-0.0005497386099665614
-0.469,-0.0007686826025993511,-0.0005470971391444419
-0.468,-0.0007632764253110483,-0.0005444453653131928
-0.467,-0.0007579064206453545,-0.0005417836273676081
-0.466,-0.0007525723759959357,-0.0005391122604096049
-0.465,-0.0007472740785258528,-0.0005364315957785163
-0.464,-0.0007420113151995683,-0.0005337419610812978
-0.463,-0.0007367838728144333,-0.000531043680222645
-0.462,-0.000731591538031662,-0.0005283370734350185
-0.461,-0.0007264340974067971,-0.0005256224573085737
-0.46,-0.000721311337419674,-0.0005229001448209907
-0.459,-0.0007162230445038884,-0.0005201704453672029
-0.458,-0.000711169005075774,-0.0005174336647890218
-0.457,-0.0007061490055628938,-0.0005146901054046521
-0.456,-0.0007011628324320537,-0.0005119400660380982
-0.455,-0.000696210272216841,-0.0005091838420484568
-0.454,-0.0006912911115446952,-0.0005064217253590934
-0.453,-0.0006864051371635147,-0.0005036540044867013
-0.452,-0.0006815521359678081,-0.0005008809645702388
-0.451,-0.0006767318950243913,-0.0004981028873997431
-0.45,-0.0006719442015976383,-0.0004953200514450198
-0.449,-0.0006671888431742908,-0.0004925327318842022
-0.448,-0.0006624656074878308,-0.0004897412006321821
-0.447,-0.0006577742825424223,-0.00048694572636890764
-0.446,-0.000653114656636426,-0.0004841465745675459
-0.445,-0.0006484865183854948,-0.00048134400752250994
-0.444,-0.0006438896567452503,-0.00047853828437734636
-0.443,-0.0006393238610335512,-0.0004757296611524826
-0.442,-0.0006347889209523533,-0.0004729183907728321
-0.441,-0.0006302846266091694,-0.0004701047230952543
-0.44,-0.0006258107685381322,-0.00046728890493586984
-0.439,-0.0006213671377206654,-0.0004644711800972269
-0.438,-0.000616953525605769,-0.0004616517893953188
-0.437,-0.0006125697241299204,-0.00045883097068645046
-0.436,-0.0006082155257365998,-0.0004560089588939521
-0.435,-0.0006038907233954415,-0.00045318598603473926
-0.434,-0.0005995951106210172,-0.00045036228124571703
-0.433,-0.0005953284814912554,-0.0004475380708100278
-0.432,-0.0005910906306655013,-0.00044471357818314026
-0.431,-0.0005868813534022216,-0.00044188902401877926
-0.43,-0.0005827004455763589,-0.0004390646261946951
-0.429,-0.0005785477036963398,-0.0004362405998382703
-0.428,-0.0005744229249207409,-0.00043341715735196383
-0.427,-0.000570325907074617,-0.0004305945084385907
-0.426,-0.0005662564486654963,-0.00042777286012643685
-0.425,-0.0005622143488990451,-0.0004249524167942068
-0.424,-0.0005581994076944088,-0.0004221333801958053
-0.423,-0.0005542114256992305,-0.0004193159494849495
-0.422,-0.0005502502043043527,-0.0004165003212396132
-0.421,-0.0005463155456582062,-0.00041368668948630027
-0.42,-0.0005424072526808898,-0.0004108752457241477
-0.419,-0.000538525129077944,-0.0004080661789488573
-0.418,-0.0005346689793538237,-0.0004052596756764549
-0.417,-0.000530838608825074,-0.0004024559199668765
-0.416,-0.0005270338236332102,-0.0003996550934473814
-0.415,-0.0005232544307573099,-0.0003968573753357904
-0.414,-0.0005195002380263166,-0.0003940629424635498
-0.413,-0.0005157710541310624,-0.0003912719692986195
-0.412,-0.0005120666886360094,-0.00038848462796818605
-0.411,-0.0005083869519907176,-0.0003857010882811985
-0.41,-0.000504731655541039,-0.00038292151775072797
-0.409,-0.000501100611540044,-0.0003801460816161502
-0.408,-0.0004974936331586817,-0.0003773749428651499
-0.407,-0.0004939105344961799,-0.000374608262255548
-0.406,-0.0004903511305901846,-0.0003718461983369501
-0.405,-0.00048681523742664625,-0.00036908890747221657
-0.404,-0.0004833026719494527,-0.0003663365438587541
-0.403,-0.00047981325206981445,-0.000363589259549628
-0.402,-0.0004763467966754042,-0.00036084720447449557
-0.401,-0.00047290312563925366,-0.0003581105264603602
-0.4,-0.00046948205982841193,-0.0003553793712521453
-0.399,-0.00046608342111236726,-0.00035265388253309
-0.398,-0.000462707032371236,-0.00034993420194496356
-0.397,-0.0004593527175037213,-0.0003472204691081017
-0.396,-0.00045602030143484536,-0.0003445128216412618
-0.395,-0.00045270961012345635,-0.0003418113951812994
-0.394,-0.00044942047056951523,-0.00033911632340266417
-0.393,-0.00044615271082116366,-0.00033642773803671706
-0.392,-0.000442906159981576,-0.000333745768890867
-0.391,-0.0004396806482155991,-0.00033107054386752853
-0.39,-0.00043647600675618165,-0.00032840218898290034
-0.389,-0.0004332920679105959,-0.0003257408283855639
-0.388,-0.00043012866506645525,-0.0003230865843749035
-0.387,-0.00042698563269752925,-0.00032043957741934725
-0.386,-0.0004238628063693593,-0.0003177999261744296
-0.385,-0.0004207600227446773,-0.00031516774750067506
-0.384,-0.00041767711958862983,-0.0003125431564813039
-0.383,-0.0004146139357738108,-0.00030992626643976036
-0.382,-0.0004115703112851038,-0.0003073171889570624
-0.381,-0.00040854608722433824,-0.00030471603388897476
-0.38,-0.00040554110581476026,-0.0003021229093830052
-0.379,-0.00040255521040532123,-0.0002995379218952235
-0.378,-0.0003995882454747867,-0.00029696117620690464
-0.377,-0.0003966400566356672,-0.0002943927754409961
-0.376,-0.0003937104906379736,-0.0002918328210784098
-0.375,-0.000390799395372799,-0.00028928141297413873
-0.374,-0.00038790661987573005,-0.0002867386493731994
-0.373,-0.00038503201433008876,-0.00028420462692639977
-0.372,-0.00038217543007000744,-0.0002816794407059342
-0.371,-0.00037933671958333934,-0.0002791631842208045
-0.37,-0.00037651573651440617,-0.00027665594943206915
-0.369,-0.00037371233566658475,-0.00027415782676791983
-0.368,-0.0003709263730047356,-0.00027166890513858683
-0.367,-0.00036815770565747395,-0.0002691892719510735
-0.366,-0.00036540619191928643,-0.00026671901312372
-0.365,-0.00036267169125249476,-0.0002642582131005976
-0.364,-0.0003599540642890681,-0.00026180695486573385
-0.363,-0.00035725317283228633,-0.00025936531995716873
-0.362,-0.00035456887985825574,-0.00025693338848084373
-0.361,-0.00035190104951727917,-0.00025451123912432284
-0.36,-0.00034924954713508235,-0.00025209894917034743
-0.359,-0.00034661423921389736,-0.00024969659451022527
-0.358,-0.0003439949934334063,-0.00024730424965705415
-0.357,-0.00034139167865154574,-0.0002449219877587811
-0.356,-0.00033880416490517367,-0.0002425498806110981
-0.355,-0.0003362323234106014,-0.0002401879986701741
-0.354,-0.0003336760265639907,-0.00023783641106522565
-0.353,-0.0003311351479416186,-0.00023549518561092537
-0.352,-0.0003286095623000116,-0.00023316438881965012
-0.351,-0.0003260991455759496,-0.00023084408591356884
-0.35,-0.0003236037748863423,-0.00022853434083657155
-0.349,-0.0003211233285279786,-0.00022623521626604002
-0.348,-0.000318657685977151,-0.0002239467736244608
-0.347,-0.0003162067278891559,-0.00022166907309088173
-0.346,-0.0003137703360976717,-0.00021940217361221252
-0.345,-0.00031134839361401554,-0.0002171461329143705
-0.344,-0.00030894078462627986,-0.00021490100751327235
-0.343,-0.000306547394498351,-0.0002126668527256725
-0.342,-0.0003041681097688101,-0.00021044372267984925
-0.341,-0.00030180281814971773,-0.00020823167032613975
-0.34,-0.000299451408525284,-0.00020603074744732423
-0.339,-0.0002971137709504248,-0.0002038410046688609
-0.338,-0.00029478979664920526,-0.00020166249146897215
-0.337,-0.00029247937801317204,-0.00019949525618858315
-0.336,-0.00029018240859957523,-0.00019733934604111383
-0.335,-0.0002878987831294812,-0.00019519480712212515
-0.334,-0.0002856283974857768,-0.00019306168441882057
-0.333,-0.0002833711487110668,-0.0001909400218194038
-0.332,-0.00028112693500546555,-0.00018882986212229408
-0.331,-0.0002788956557242826,-0.00018673124704519936
-0.33,-0.0002766772113756051,-0.00018464421723404917
-0.329,-0.00027447150361777675,-0.0001825688122717876
-0.328,-0.0002722784352567742,-0.00018050507068702773
-0.327,-0.0002700979102434826,-0.00017845302996256877
-0.326,-0.0002679298336708703,-0.00017641272654377624
-0.325,-0.00026577411177106455,-0.00017438419584682726
-0.324,-0.0002636306519123277,-0.00017236747226682112
-0.323,-0.0002614993625959364,-0.0001703625891857569
-0.322,-0.00025938015345296304,-0.00016836957898037886
-0.321,-0.00025727293524096135,-0.00016638847302989076
-0.32,-0.00025517761984055626,-0.00016441930172354048
-0.319,-0.0002530941202519393,-0.00016246209446807571
-0.318,-0.0002510223505912699,-0.00016051687969507222
-0.317,-0.0002489622260869829,-0.0001585836848681354
-0.316,-0.00024691366307600467,-0.000156662536489977
-0.315,-0.000244876578999876,-0.00015475346010936704
-0.314,-0.00024285089240078483,-0.00015285648032796364
-0.313,-0.0002408365229175077,-0.0001509716208070203
-0.312,-0.00023883339128126177,-0.00014909890427397323
-0.311,-0.00023684141931146712,-0.000147238352528909
-0.31,-0.00023486052991142055,-0.0001453899864509143
-0.309,-0.00023289064706388132,-0.00014355382600430858
-0.308,-0.00023093169582656908,-0.0001417298902447614
-0.307,-0.00022898360232757498,-0.00013991819732529488
-0.306,-0.00022704629376068628,-0.00013811876450217357
-0.305,-0.00022511969838062487,-0.000136331608140682
-0.304,-0.00022320374549820069,-0.0001345567437207919
-0.303,-0.00022129836547537973,-0.00013279418584272003
-0.302,-0.00021940348972026807,-0.00013104394823237788
-0.301,-0.00021751905068201157,-0.00012930604374671495
-0.3,-0.0002156449818456122,-0.00012758048437895626
-0.299,-0.00021378121772666115,-0.00012586728126373617
-0.298,-0.00021192769386598956,-0.0001241664446821292
-0.297,-0.00021008434682423662,-0.0001224779840665795
-0.296,-0.0002082511141763361,-0.00012080190800573048
-0.295,-0.0002064279345059214,-0.00011913822424915544
-0.294,-0.0002046147473996494,-0.00011748693971199114
-0.293,-0.00020281149344144393,-0.00011584806047947541
-0.292,-0.00020101811420665845,-0.0001142215918113902
-0.291,-0.00019923455225615922,-0.00011260753814641139
-0.29,-0.0001974607511303285,-0.00011100590310636717
-0.289,-0.0001956966553429887,-0.00010941668950040585
-0.288,-0.00019394221037524731,-0.00010783989932907491
-0.287,-0.0001921973626692633,-0.0001062755337883127
-0.286,-0.0001904620596219351,-0.00010472359327335405
-0.285,-0.0001887362495785106,-0.00010318407738255145
-0.284,-0.00018701988182611923,-0.00010165698492111316
-0.283,-0.00018531290658722655,-0.0001001423139047598
-0.282,-0.00018361527501301175,-9.864006156330086e-5
-0.281,-0.00018192693917666797,-9.715022434413259e-5
-0.28,-0.0001802478520666261,-9.567279791565893e-5
-0.279,-0.00017857796757970193,-9.420777717063691e-5
-0.278,-0.0001769172405141672,-9.275515622944797e-5
-0.277,-0.00017526562656274464,-9.131492844329691e-5
-0.276,-0.00017362308230552736,-8.988708639733987e-5
-0.275,-0.00017198956520282247,-8.847162191374313e-5
-0.274,-0.0001703650335879197,-8.706852605467392e-5
-0.273,-0.00016874944665978467,-8.56777891252252e-5
-0.272,-0.0001671427644756776,-8.42994006762759e-5
-0.271,-0.00016554494794369706,-8.293334950728807e-5
-0.27,-0.0001639559588152496,-8.157962366904269e-5
-0.269,-0.00016237575967744484,-8.02382104663159e-5
-0.268,-0.00016080431394541672,-7.890909646049686e-5
-0.267,-0.00015924158585457095,-7.759226747214948e-5
-0.266,-0.00015768754045275866,-7.628770858351913e-5
-0.265,-0.0001561421435923768,-7.499540414098635e-5
-0.264,-0.00015460536192239514,-7.371533775746911e-5
-0.263,-0.0001530771628803105,-7.244749231477531e-5
-0.262,-0.0001515575146840277,-7.119184996590724e-5
-0.261,-0.0001500463863236684,-6.994839213731982e-5
-0.26,-0.00014854374755330708,-6.871709953113408e-5
-0.259,-0.00014704956888263488,-6.749795212730786e-5
-0.258,-0.00014556382156855164,-6.629092918576551e-5
-0.257,-0.0001440864776066856,-6.509600924848806e-5
-0.256,-0.00014261750972284203,-6.391317014156586e-5
-0.255,-0.00014115689136437993,-6.274238897721551e-5
-0.254,-0.0001397045966915178,-6.158364215576272e-5
-0.253,-0.00013826060056856837,-6.043690536759294e-5
-0.252,-0.0001368248785551023,-5.93021535950716e-5
-0.251,-0.0001353974068970417,-5.817936111443594e-5
-0.25,-0.00013397816251768283,-5.7068501497659883e-5
-0.249,-0.00013256712300864927,-5.596954761429423e-5
-0.248,-0.00013116426662077447,-5.488247163328375e-5
-0.247,-0.00012976957225491542,-5.3807245024763156e-5
-0.246,-0.00012838301945269638,-5.274383856183383e-5
-0.245,-0.00012700458838718368,-5.1692222322323195e-5
-0.244,-0.00012563425985349184,-5.0652365690528615e-5
-0.243,-0.00012427201525932064,-4.962423735894778e-5
-0.242,-0.00012291783661542435,-4.8607805329997497e-5
-0.241,-0.00012157170652601267,-4.760303691772277e-5
-0.24,-0.00012023360817908401,-4.660989874949826e-5
-0.239,-0.00011890352533669135,-4.562835676772389e-5
-0.238,-0.00011758144232514103,-4.465837623151679e-5
-0.237,-0.00011626734402512478,-4.369992171840137e-5
-0.236,-0.00011496121586178526,-4.275295712599966e-5
-0.235,-0.00011366304379471562,-4.181744567372386e-5
-0.234,-0.0001123728143078933,-4.089334990447315e-5
-0.233,-0.00011109051439954856,-3.998063168633675e-5
-0.232,-0.00010981613157196801,-3.9079252214305325e-5
-0.231,-0.00010854965382123365,-3.818917201199277e-5
-0.23,-0.00010729106962689788,-3.731035093337042e-5
-0.229,-0.00010604036794159468,-3.644274816451579e-5
-0.228,-0.00010479753818058779,-3.5586322225377946e-5
-0.227,-0.0001035625702112559,-3.474103097156152e-5
-0.226,-0.00010233545434251583,-3.390683159613161e-5
-0.225,-0.00010111618131418373,-3.308368063144157e-5
-0.224,-9.990474228627524e-5,-3.22715339509859e-5
-0.223,-9.870112882824473e-5,-3.1470346771280326e-5
-0.222,-9.750533290816463e-5,-3.0680073653771244e-5
-0.221,-9.631734688184502e-5,-2.9900668506776704e-5
-0.22,-9.513716348189429e-5,-2.913208458746106e-5
-0.219,-9.396477580672153e-5,-2.8374274503845554e-5
-0.218,-9.280017730948108e-5,-2.7627190216856923e-5
-0.217,-9.164336178696013e-5,-2.6890783042416314e-5
-0.216,-9.049432336840988e-5,-2.6165003653570686e-5
-0.215,-8.935305650432106e-5,-2.544980208266891e-5
-0.214,-8.821955595514457e-5,-2.4745127723584853e-5
-0.213,-8.709381677995781e-5,-2.4050929333989594e-5
-0.212,-8.597583432507778e-5,-2.336715503767514e-5
-0.211,-8.486560421262143e-5,-2.2693752326931788e-5
-0.21,-8.376312232901437e-5,-2.2030668064981493e-5
-0.209,-8.266838481344855e-5,-2.137784848846945e-5
-0.208,-8.158138804629006e-5,-2.073523921001622e-5
-0.207,-8.050212863743776e-5,-2.010278522083268e-5
-0.206,-7.943060341463367e-5,-1.9480430893400082e-5
-0.205,-7.836680941172634e-5,-1.886811998421757e-5
-0.204,-7.731074385688791e-5,-1.82657956366194e-5
-0.203,-7.626240416078605e-5,-1.767340038366429e-5
-0.202,-7.522178790471187e-5,-1.7090876151099138e-5
-0.201,-7.41888928286647e-5,-1.6518164260399455e-5
-0.2,-7.316371681939523e-5,-1.5955205431888943e-5
-0.199,-7.214625789840776e-5,-1.5401939787940455e-5
-0.198,-7.113651420992309e-5,-1.4858306856260749e-5
-0.197,-7.01344840088031e-5,-1.4324245573261405e-5
-0.196,-6.914016564843836e-5,-1.3799694287518232e-5
-0.195,-6.815355756860004e-5,-1.3284590763321565e-5
-0.194,-6.717465828325755e-5,-1.2778872184319816e-5
-0.193,-6.620346636836317e-5,-1.2282475157258654e-5
-0.192,-6.52399804496052e-5,-1.1795335715818189e-5
-0.191,-6.4284199190131e-5,-1.1317389324550566e-5
-0.19,-6.333612127824155e-5,-1.0848570882920333e-5
-0.189,-6.23957454150589e-5,-1.0388814729449973e-5
-0.188,-6.146307030216828e-5,-9.938054645973006e-6
-0.187,-6.053809462923629e-5,-9.496223861997043e-6
-0.186,-5.9620817061607156e-5,-9.06325505917917e-6
-0.185,-5.8711236227878364e-5,-8.639080375916085e-6
-0.184,-5.7809350707457787e-5,-8.223631412051346e-6
-0.183,-5.6915159018103914e-5,-7.816839233702141e-6
-0.182,-5.602865960345115e-5,-7.418634378207974e-6
-0.181,-5.514985082052195e-5,-7.028946859203626e-6
-0.18,-5.42787309272279e-5,-6.647706171818804e-6
-0.179,-5.3415298069861656e-5,-6.274841298006848e-6
-0.178,-5.25595502705818e-5,-5.910280712004865e-6
-0.177,-5.171148541489272e-5,-5.553952385927671e-6
-0.176,-5.0871101239121695e-5,-5.205783795497915e-6
-0.175,-5.003839531789534e-5,-4.865701925914718e-6
-0.174,-4.9213365051617764e-5,-4.533633277863212e-6
-0.173,-4.8396007653952635e-5,-4.209503873667307e-6
-0.172,-4.758632013931163e-5,-3.893239263588027e-6
-0.171,-4.678429931035164e-5,-3.584764532269741e-6
-0.17,-4.598994174548327e-5,-3.2840043053366144e-6
-0.169,-4.5203243786393044e-5,-2.9908827561415804e-6
-0.168,-4.4424201525582165e-5,-2.7053236126701334e-6
-0.167,-4.36528107939242e-5,-2.4272501646012186e-6
-0.166,-4.2889067148244676e-5,-2.1565852705274973e-6
-0.165,-4.2132965858925157e-5,-1.8932513653372326e-6
-0.164,-4.138450189753486e-5,-1.6371704677600438e-6
-0.163,-4.0643669924492505e-5,-1.3882641880787434e-6
-0.162,-3.991046427676158e-5,-1.1464537360094659e-6
-0.161,-3.9184878955581925e-5,-9.116599287522754e-7
-0.16,-3.84669076142408e-5,-6.83803199214413e-7
-0.159,-3.775654354588661e-5,-4.628036044083347e-7
-0.158,-3.7053779671388594e-5,-2.485808340266579e-7
-0.157,-3.6358608527245595e-5,-4.105421919611948e-8
-0.156,-3.567102225354761e-5,1.5985725858738205e-7
-0.155,-3.4991012581993265e-5,3.5423495834061053e-7
-0.154,-3.4318570823967005e-5,5.42160570289661e-7
-0.153,-3.365368785867938e-5,7.237161063794801e-7
-0.152,-3.299635412137433e-5,8.989838905942753e-7
-0.151,-3.2346559591606985e-5,1.0680465490868816e-6
-0.15,-3.1704293781596096e-5,1.230987000115186e-6
-0.149,-3.1069545724654685e-5,1.3878884437837467e-6
-0.148,-3.0442303963703194e-5,1.5388343515887779e-6
-0.147,-2.9822556539869e-5,1.68390845576471e-6
-0.146,-2.921029098117657e-5,1.823194738430572e-6
-0.145,-2.8605494291332397e-5,1.9567774205344874e-6
-0.144,-2.800815293860911e-5,2.084740950594614e-6
-0.143,-2.7418252844833074e-5,2.2071699932349044e-6
-0.142,-2.683577937448005e-5,2.324149417514109e-6
-0.141,-2.6260717323883397e-5,2.4357642850464923e-6
-0.14,-2.569305091055956e-5,2.5420998379127817e-6
-0.139,-2.513276376265549e-5,2.643241486359923e-6
-0.138,-2.4579838908522903e-5,2.739274796288268e-6
-0.137,-2.4034258766424304e-5,2.830285476524874e-6
-0.136,-2.3496005134375713e-5,2.916359365881663e-6
-0.135,-2.2965059180131262e-5,2.9975824199972277e-6
-0.134,-2.2441401431314887e-5,3.074040697961166e-6
-0.133,-2.1925011765704324e-5,3.1458203487198553e-6
-0.132,-2.1415869401672857e-5,3.213007597262673e-6
-0.131,-2.091395288879432e-5,3.2756887305877255e-6
-0.13,-2.0419240098616856e-5,3.3339500834462217e-6
-0.129,-1.9931708215611223e-5,3.387878023864705e-6
-0.128,-1.9451333728299326e-5,3.437558938444435e-6
-0.127,-1.8978092420568936e-5,3.4830792174372867e-6
-0.126,-1.8511959363180534e-5,3.524525239597621e-6
-0.125,-1.8052908905472376e-5,3.561983356809668e-6
-0.124,-1.7600914667269992e-5,3.595539878490043e-6
-0.123,-1.7155949531006388e-5,3.6252810557651285e-6
-0.122,-1.6717985634059368e-5,3.6512930654231173e-6
-0.121,-1.6286994361312483e-5,3.6736619936406506e-6
-0.12,-1.586294633794622e-5,3.6924738194840436e-6
-0.119,-1.5445811422466167e-5,3.7078143981852345e-6
-0.118,-1.5035558699974994e-5,3.7197694441926717e-6
-0.117,-1.463215647569518e-5,3.72842451399748e-6
-0.116,-1.4235572268749566e-5,3.7338649887353648e-6
-0.115,-1.3845772806206914e-5,3.7361760565648154e-6
-0.114,-1.3462724017399734e-5,3.7354426948223148e-6
-0.113,-1.308639102852183e-5,3.7317496519553663e-6
-0.112,-1.2716738157513036e-5,3.7251814292342993e-6
-0.111,-1.2353728909238827e-5,3.715822262243937e-6
-0.11,-1.1997325970972542e-5,3.703756102156351e-6
-0.109,-1.1647491208188105e-5,3.6890665967860804e-6
-0.108,-1.1304185660671237e-5,3.6718370714293293e-6
-0.107,-1.0967369538957308e-5,3.652150509488813e-6
-0.106,-1.0637002221104045e-5,3.6300895328860904e-6
-0.105,-1.0313042249807474e-5,3.6057363822633647e-6
-0.104,-9.995447329869625e-6,3.579172896976922e-6
-0.103,-9.684174326026568e-6,3.5504804948845335e-6
-0.102,-9.37917926114558e-6,3.519740151929337e-6
-0.101,-9.080417314800296e-6,3.4870323815228885e-6
-0.1,-8.787842822232865e-6,3.452437213730278e-6
-0.099,-8.501409273712242e-6,3.4160341742603746e-6
-0.098,-8.221069314297903e-6,3.3779022632644997e-6
-0.097,-7.946774744018368e-6,3.3381199339470036e-6
-0.096,-7.678476518474102e-6,3.296765070991458e-6
-0.095,-7.416124749874441e-6,3.2539149688063863e-6
-0.094,-7.159668708518364e-6,3.2096463095946835e-6
-0.093,-6.909056824729078e-6,3.1640351412511114e-6
-0.092,-6.664236691252488e-6,3.117156855092505e-6
-0.091,-6.42515506612978e-6,3.0690861634255585e-6
-0.09,-6.191757876054507e-6,3.019897076957335e-6
-0.089,-5.9639902202246735e-6,2.969662882053899e-6
-0.088,-5.741796374700491e-6,2.9184561178527475e-6
-0.087,-5.525119797278602e-6,2.866348553234993e-6
-0.086,-5.31390313289373e-6,2.8134111636635546e-6
-0.085,-5.1080882195588435e-6,2.7597141078938998e-6
-0.084,-4.90761609485511e-6,2.7053267045642e-6
-0.083,-4.712427002983014e-6,2.6503174086720752e-6
-0.082,-4.522460402386214e-6,2.5947537879454407e-6
-0.081,-4.33765497395984e-6,2.5387024991153005e-6
-0.08,-4.1579486298551125e-6,2.4822292640986933e-6
-0.079,-3.983278522892292e-6,2.4253988461003505e-6
-0.078,-3.8135810565941666e-6,2.368275025642007e-6
-0.077,-3.648791895852417e-6,2.3109205765286954e-6
-0.076,-3.4888459782393843e-6,2.2533972417617384e-6
-0.075,-3.3336775259779237e-6,2.1957657094085916e-6
-0.074,-3.183220058582203e-6,2.138085588440095e-6
-0.073,-3.0374064061824764e-6,2.080415384546144e-6
-0.072,-2.896168723547046e-6,2.0228124759412454e-6
-0.071,-2.7594385048147937e-6,1.965333089171896e-6
-0.07,-2.627146598951863e-6,1.908032274938212e-6
-0.069,-2.4992232259462493e-6,1.8509638839427355e-6
-0.068,-2.3755979937542557e-6,1.7941805427798855e-6
-0.067,-2.2561999160129602e-6,1.7377336298800442e-6
-0.066,-2.1409574305330568e-6,1.6816732515228465e-6
-0.065,-2.0297984185866254e-6,1.626048217934816e-6
-0.064,-1.9226502250046095e-6,1.5709060194871e-6
-0.063,-1.8194396790990018e-6,1.5162928030096844e-6
-0.062,-1.7200931164249586e-6,1.4622533482391148e-6
-0.061,-1.624536401398313e-6,1.4088310444174368e-6
-0.06,-1.5326949507841887e-6,1.3560678670607679e-6
-0.059,-1.4444937580726838e-6,1.304004354916642e-6
-0.058,-1.3598574187578554e-6,1.2526795871300374e-6
-0.057,-1.2787101565365155e-6,1.2021311606387878e-6
-0.056,-1.2009758504436427e-6,1.1523951678199015e-6
-0.055,-1.12657806294152e-6,1.1035061744091811e-6
-0.054,-1.0554400689800385e-6,1.0554971977174344e-6
-0.053,-9.874848860459413e-7,1.0083996851675035e-6
-0.052,-9.226353052191582e-7,9.6224349317733e-7
-0.051,-8.608139232547562e-7,9.170568664152961e-7
-0.05,-8.019431757094547e-7,8.728664174551629e-7
-0.049,-7.459453711320891e-7,8.296971068590553e-7
-0.048,-6.927427263378873e-7,7.875722237181314e-7
-0.047,-6.42257402786929e-7,7.465133666818183e-7
-0.046,-5.944115440877156e-7,7.065404255078095e-7
-0.045,-5.491273146473736e-7,6.676715631664009e-7
-0.044,-5.063269394906659e-7,6.299231985341988e-7
-0.043,-4.659327452706958e-7,5.93309989713775e-7
-0.042,-4.278672024949645e-7,5.578448180174744e-7
-0.041,-3.9205296899129387e-7,5.23538772655302e-7
-0.04,-3.584129346390659e-7,4.904011361686562e-7
-0.039,-3.2687026739226464e-7,4.584393706536194e-7
-0.038,-2.973484606219538e-7,4.276591048195943e-7
-0.037,-2.697713818071004e-7,3.980641219312915e-7
-0.036,-2.44063322604074e-7,3.6965634868444315e-7
-0.035,-2.201490503267444e-7,3.424358450681608e-7
-0.034,-1.9795386087088412e-7,3.1640079526958467e-7
-0.033,-1.7740363311859301e-7,2.9154749967941367e-7
-0.032,-1.5842488486073412e-7,2.678703680600834e-7
-0.031,-1.4094483027794511e-7,2.453619139417988e-7
-0.03,-1.2489143902372185e-7,2.2401275031536564e-7
-0.029,-1.101934969564188e-7,2.0381158669483823e-7
-0.028,-9.678066857085196e-8,1.8474522762745033e-7
-0.027,-8.458356118461264e-8,1.66798572733182e-7
-0.026,-7.353379093931426e-8,1.4995461836169176e-7
-0.025,-6.356405068293687e-8,1.3419446096029072e-7
-0.024,-5.460817980636979e-8,1.1949730225323663e-7
-0.023,-4.6601236115390555e-8,1.0584045633999243e-7
-0.022,-3.9479569828919106e-8,9.319935882834818e-8
-0.021,-3.318089980577902e-8,8.15475781276106e-8
-0.02,-2.7644392115802498e-8,7.085682903760855e-8
-0.019,-2.2810741087475887e-8,6.10969887812879e-8
-0.018,-1.862225298414083e-8,5.223611564247309e-8
-0.017,-1.502293248497413e-8,4.424047038633673e-8
-0.016,-1.1958572176803917e-8,3.707454065872332e-8
-0.015,-9.376845299959232e-9,3.070106858235101e-8
-0.014,-7.227402038097591e-9,2.5081081793885075e-8
-0.013,-5.4619697015323105e-9,2.0173928197038547e-8
-0.012,-4.034457230580987e-9,1.5937314744694572e-8
-0.011,-2.9010645465720065e-9,1.2327350609613254e-8
-0.01,-2.020397413380142e-9,9.298595161480915e-9
-0.009,-1.353588657101222e-9,6.80411124206931e-9
-0.008,-8.644268501941627e-10,4.795524326333562e-9
-0.007,-5.194939396229764e-10,3.223088284992397e-9
-0.006,-2.88313856526685e-10,2.0357586388991406e-9
-0.005,-1.435150170791899e-10,1.1812744432587185e-9
-0.004,-6.101106656725695e-11,6.062503069297984e-10
-0.003,-2.0206789380284543e-11,2.562806288082353e-10
-0.002,-4.241194896400774e-12,7.605911458671602e-11
-0.001,-2.9161493804032835e-13,9.518518173178246e-12
0.0,0.0,0.0
0.001,-2.916671404663665e-13,-9.520168142063819e-12
0.002,-4.242718267535416e-12,-7.608548337104708e-11
0.003,-2.0217700590911107e-11,-2.5641389777663023e-10
0.004,-6.105507002843756e-11,-6.066706163685438e-10
0.005,-1.4364459410757927e-10,-1.1822980333061167e-9
0.006,-2.8862663529398497e-10,-2.037875119700345e-9
0.007,-5.201522005471768e-10,-3.2269968967973465e-9
0.008,-8.656799615452289e-10,-4.8021690691396416e-9
0.009,-1.3557982612231647e-9,-6.814714769188586e-9
0.01,-2.0240652018167365e-9,-9.314691343525036e-9
0.011,-2.9068624756454995e-9,-1.235081568563082e-8
0.012,-4.04326003926333e-9,-1.5970396986050715e-8
0.013,-5.47488960172311e-9,-2.0219276017412025e-8
0.014,-7.245825454273512e-9,-2.514177024569293e-8
0.015,-9.402471540970658e-9,-3.078062418615203e-8
0.016,-1.1993453927626614e-8,-3.7176964517815154e-8
0.017,-1.506951801065847e-8,-4.4370259543936725e-8
0.018,-1.8683429942169485e-8,-5.2398282643627575e-8
0.019,-2.288988184833884e-8,-6.129707940604484e-8
0.02,-2.7745400494897584e-8,-7.110093817605732e-8
0.021,-3.3308259112801716e-8,-8.184236377117626e-8
0.022,-3.9638392143759385e-8,-9.355205415525718e-8
0.023,-4.6797312702239903e-8,-1.0625887987612526e-7
0.024,-5.484803258028499e-8,-1.1998986609267416e-7
0.025,-6.385498464552842e-8,-1.347701770327612e-7
0.026,-7.388394750254497e-8,-1.506231027368516e-7
0.027,-8.500197230391753e-8,-1.675700479542282e-7
0.028,-9.727731161093756e-8,-1.856305230689797e-7
0.029,-1.1077935021517562e-7,-2.0482213694214585e-7
0.03,-1.255785378416969e-7,-2.251605915645249e-7
0.031,-1.4174632366277756e-7,-2.46659678421894e-7
0.032,-1.5935509255786302e-7,-2.6933127648088253e-7
0.033,-1.7847810306140385e-7,-2.931853517095782e-7
0.034,-1.9918942694527673e-7,-3.1822995805222394e-7
0.035,-2.2156389038688048e-7,-3.4447123978215367e-7
0.036,-2.4567701667780084e-7,-3.7191343516147637e-7
0.037,-2.7160497043125126e-7,-4.005588813400064e-7
0.038,-2.9942450324939656e-7,-4.3040802042959427e-7
0.039,-3.2921290081420963e-7,-4.614594066933768e-7
0.04,-3.6104793136775484e-7,-4.937097147925704e-7
0.041,-3.950077955497725e-7,-5.27153749036303e-7
0.042,-4.311710775621979e-7,-5.617844535826454e-7
0.043,-4.6961669763181106e-7,-5.975929235414815e-7
0.044,-5.104238657436121e-7,-6.345684169321686e-7
0.045,-5.536720366187654e-7,-6.726983674510921e-7
0.046,-5.994408659120807e-7,-7.119683980062518e-7
0.047,-6.478101676050106e-7,-7.523623349778981e-7
0.048,-6.988598725710605e-7,-7.938622231660324e-7
0.049,-7.526699882913314e-7,-8.364483413872561e-7
0.05,-8.093205596986778e-7,-8.800992186850373e-7
0.051,-8.688916311296446e-7,-9.247916511189624e-7
0.052,-9.314632093639769e-7,-9.705007190999512e-7
0.053,-9.971152277320764e-7,-1.0171998052397567e-6
0.054,-1.0659275112713089e-6,-1.0648606126843438e-6
0.055,-1.1379797429125553e-6,-1.113453183901947e-6
0.056,-1.2133514306788568e-6,-1.1629459198977596e-6
0.057,-1.292121875878422e-6,-1.2133055998283004e-6
0.058,-1.374370142274665e-6,-1.2644974009895486e-6
0.059,-1.4601750262162999e-6,-1.3164849191539347e-6
0.06,-1.5496150277108709e-6,-1.3692301892322226e-6
0.061,-1.6427683224254173e-6,-1.4226937062372372e-6
0.062,-1.739712734598278e-6,-1.4768344465272524e-6
0.063,-1.8405257108463283e-6,-1.5316098893077007e-6
0.064,-1.9452842948522158e-6,-1.5869760383706533e-6
0.065,-2.054065102916425e-6,-1.6428874440522992e-6
0.066,-2.166944300359248e-6,-1.699297225389382e-6
0.067,-2.2839975787579657e-6,-1.756157092456263e-6
0.068,-2.4053001340047933e-6,-1.8134173688649612e-6
0.069,-2.5309266451713393e-6,-1.8710270144111774e-6
0.07,-2.6609512541655505e-6,-1.9289336478499354e-6
0.071,-2.7954475461673176e-6,-1.987083569785088e-6
0.072,-2.9344885308291103e-6,-2.0454217856575183e-6
0.073,-3.0781466242281974e-6,-2.1038920288174226e-6
0.074,-3.226493631557205e-6,-2.162436783666626e-6
0.075,-3.3796007305399303e-6,-2.2209973088573875e-6
0.076,-3.537538455559511e-6,-2.2795136605346687e-6
0.077,-3.7003766824862288e-6,-2.3379247156093285e-6
0.078,-3.868184614192379e-6,-2.3961681950501807e-6
0.079,-4.041030766741809e-6,-2.4541806871833124e-6
0.08,-4.218982956241893e-6,-2.511897670987488e-6
0.081,-4.402108286345855e-6,-2.569253539374921e-6
0.082,-4.590473136393529e-6,-2.6261816224470805e-6
0.083,-4.784143150178773e-6,-2.6826142107156133e-6
0.084,-4.983183225331909e-6,-2.7384825782788613e-6
0.085,-5.187657503305738e-6,-2.793717005944806e-6
0.086,-5.397629359953775e-6,-2.8482468042916564e-6
0.087,-5.613161396689528e-6,-2.9020003366576384e-6
0.088,-5.834315432215786e-6,-2.9549050420518936e-6
0.089,-6.061152494812996e-6,-3.0068874579787157e-6
0.09,-6.293732815175982e-6,-3.0578732431676854e-6
0.091,-6.53211581978836e-6,-3.1077872002025695e-6
0.092,-6.776360124824176e-6,-3.1565532980421507e-6
0.093,-7.02652353056639e-6,-3.204094694426455e-6
0.094,-7.282663016331993e-6,-3.2503337581621165e-6
0.095,-7.544834735893668e-6,-3.295192091280906e-6
0.096,-7.813094013388011e-6,-3.338590551065706e-6
0.097,-8.087495339700508e-6,-3.380449271938487e-6
0.098,-8.368092369317532e-6,-3.4206876872050786e-6
0.099,-8.654937917635808e-6,-3.45922455065178e-6
0.1,-8.948083958719874e-6,-3.495977957989092e-6
0.101,-9.247581623498224e-6,-3.5308653681380804e-6
0.102,-9.553481198388915e-6,-3.5638036243551043e-6
0.103,-9.865832124345582e-6,-3.5947089751908574e-6
0.104,-1.0184682996314864e-5,-3.623497095279887e-6
0.105,-1.0510081563096445e-5,-3.6500831059569533e-6
0.106,-1.0842074727596963e-5,-3.674381595696791e-6
0.107,-1.1180708547469191e-5,-3.6963066403740316e-6
0.108,-1.1526028236128028e-5,-3.7157718233402256e-6
0.109,-1.1878078164134921e-5,-3.732690255315091e-6
0.11,-1.2236901860942462e-5,-3.746974594089286e-6
0.111,-1.2602542016991054e-5,-3.7585370640361762e-6
0.112,-1.2975040486149605e-5,-3.7672894754302334e-6
0.113,-1.3354438288492352e-5,-3.7731432435698653e-6
0.114,-1.3740775613404037e-5,-3.7760094077026255e-6
0.115,-1.413409182300574e-5,-3.7757986497509138e-6
0.116,-1.4534425455893787e-5,-3.7724213128364136e-6
0.117,-1.4941814231184316e-5,-3.765787419601673e-6
0.118,-1.535629505285611e-5,-3.7558066903273486e-6
0.119,-1.5777904014384477e-5,-3.7423885608437926e-6
0.12,-1.6206676403659022e-5,-3.7254422002357802e-6
0.121,-1.664264670817832e-5,-3.7048765283392992e-6
0.122,-1.708584862051451e-5,-3.680600233029455e-6
0.123,-1.7536315044041052e-5,-3.652521787298657e-6
0.124,-1.799407809891689e-5,-3.6205494661243728e-6
0.125,-1.8459169128320412e-5,-3.584591363125841e-6
0.126,-1.8931618704926714e-5,-3.5445554070092547e-6
0.127,-1.9411456637621756e-5,-3.5003493778010162e-6
0.128,-1.989871197844708e-5,-3.4518809228687885e-6
0.129,-2.0393413029768884e-5,-3.399057572730138e-6
0.13,-2.089558735166537e-5,-3.3417867566486936e-6
0.131,-2.14052617695263e-5,-3.2799758180178064e-6
0.132,-2.1922462381858873e-5,-3.213532029531814e-6
0.133,-2.2447214568294102e-5,-3.1423626081450786e-6
0.134,-2.2979542997787933e-5,-3.066374729819063e-6
0.135,-2.3519471637011485e-5,-2.9854755440577925e-6
0.136,-2.4067023758924897e-5,-2.89957218823212e-6
0.137,-2.462222195152925e-5,-2.808571801693303e-6
0.138,-2.5185088126791302e-5,-2.712381539676455e-6
0.139,-2.5755643529735668e-5,-2.610908586994531e-6
0.14,-2.6333908747699358e-5,-2.504060171523551e-6
0.141,-2.691990371974348e-5,-2.3917435774798534e-6
0.142,-2.7513647746217177e-5,-2.273866158490218e-6
0.143,-2.811515949846884e-5,-2.150335350455778e-6
0.144,-2.8724457028699748e-5,-2.0210586842106826e-6
0.145,-2.934155777995545e-5,-1.8859437979765457e-6
0.146,-2.9966478596250105e-5,-1.7448984496137688e-6
0.147,-3.059923573281931e-5,-1.597830528670869e-6
0.148,-3.1239844866496835e-5,-1.444648068233018e-6
0.149,-3.188832110621089e-5,-1.2852592565710266e-6
0.15,-3.254467900359552e-5,-1.1195724485920714e-6
0.151,-3.32089325637129e-5,-9.474961770935041e-7
0.152,-3.3881095255882395e-5,-7.689391638211284e-7
0.153,-3.4561180024612124e-5,-5.83810330333373e-7
0.154,-3.524919930062917e-5,-3.920188086728342e-7
0.155,-3.5945165012004334e-5,-1.9347395184669782e-7
0.156,-3.664908859536764e-5,1.1914655882406886e-8
0.157,-3.7360981007210715e-5,2.2423718889353388e-7
0.158,-3.8080852735272356e-5,4.43583570290903e-7
0.159,-3.880871381000358e-5,6.700434621720796e-7
0.16,-3.9544573816108574e-5,9.037062560791591e-7
0.161,-4.028844190415799e-5,1.1446610636312336e-6
0.162,-4.104032680227122e-5,1.3929967073363852e-6
0.163,-4.180023682786409e-5,1.6488017115814229e-6
0.164,-4.2568179899458824e-5,1.912164293797553e-6
0.165,-4.3344163548552946e-5,2.1831723558001453e-6
0.166,-4.4128194931543856e-5,2.4619134753007276e-6
0.167,-4.492028084170612e-5,2.7484748975893303e-6
0.168,-4.5720427721218235e-5,3.042943527385259e-6
0.169,-4.6528641673236e-5,3.3454059208543713e-6
0.17,-4.7344928474009474e-5,3.6559482777909e-6
0.171,-4.816929358504066e-5,3.974656433961852e-6
0.172,-4.9001742165279185e-5,4.301615853611982e-6
0.173,-4.9842279083353e-5,4.636911622127352e-6
0.174,-5.069090892983169e-5,4.98062843885541e-6
0.175,-5.154763602951952e-5,5.3328506100795995e-6
0.176,-5.241246445377571e-5,5.693662042146382e-6
0.177,-5.3285398032859496e-5,6.063146234742652e-6
0.178,-5.416644036829731e-5,6.441386274321417e-6
0.179,-5.50555948452699e-5,6.828464827673675e-6
0.18,-5.5952864645016774e-5,7.2244641356443634e-6
0.181,-5.68582527572559e-5,7.629466006990254e-6
0.182,-5.777176199261621e-5,8.043551812377676e-6
0.183,-5.869339499508078e-5,8.466802478517932e-6
0.184,-5.9623154254438576e-5,8.899298482438214e-6
0.185,-6.0561042118742554e-5,9.341119845885932e-6
0.186,-6.150706080677209e-5,9.792346129864222e-6
0.187,-6.246121242049779e-5,1.025305642929651e-5
0.188,-6.342349895754671e-5,1.072332936781793e-5
0.189,-6.439392232366588e-5,1.1203243092691426e-5
0.19,-6.537248434518257e-5,1.1692875269846336e-5
0.191,-6.635918678145926e-5,1.2192303079037288e-5
0.192,-6.735403133734149e-5,1.2701603209121186e-5
0.193,-6.835701967559718e-5,1.3220851853450116e-5
0.194,-6.936815342934524e-5,1.3750124705377949e-5
0.195,-7.038743421447221e-5,1.4289496953878447e-5
0.196,-7.141486364203522e-5,1.4839043279272672e-5
0.197,-7.245044333064952e-5,1.539883784906349e-5
0.198,-7.349417491885933e-5,1.596895431387494e-5
0.199,-7.454606007749035e-5,1.6549465803494328e-5
0.2,-7.560610052198241e-5,1.7140444923014753e-5
0.201,-7.667429802470117e-5,1.774196374907593e-5
0.202,-7.775065442722697e-5,1.835409382620108e-5
0.203,-7.883517165262011e-5,1.8976906163227654e-5
0.204,-7.992785171766071e-5,1.961047122982979e-5
0.205,-8.102869674506221e-5,2.0254858953130156e-5
0.206,-8.213770897565718e-5,2.0910138714399147e-5
0.207,-8.325489078055423e-5,2.1576379345839092e-5
0.208,-8.43802446732648e-5,2.22536491274514e-5
0.209,-8.551377332179891e-5,2.294201578398442e-5
0.21,-8.665547956072842e-5,2.3641546481959775e-5
0.211,-8.780536640321718e-5,2.4352307826775117e-5
0.212,-8.896343705301648e-5,2.5074365859881017e-5
0.213,-9.012969491642539e-5,2.580778605602988e-5
0.214,-9.130414361421449e-5,2.655263332059471e-5
0.215,-9.248678699351239e-5,2.730897198695559e-5
0.216,-9.36776291396539e-5,2.807686581395167e-5
0.217,-9.487667438798916e-5,2.8856377983396586e-5
0.218,-9.608392733565263e-5,2.9647571097655134e-5
0.219,-9.729939285329131e-5,3.0450507177279068e-5
0.22,-9.852307609675122e-5,3.1265247658699897e-5
0.221,-9.975498251872145e-5,3.209185339197659e-5
0.222,-0.00010099511788033495,3.293038463859602e-5
0.223,-0.0001022434882627254,3.3780901069324114e-5
0.224,-0.00010350010007853932,3.464346176210554e-5
0.225,-0.00010476496008340294,3.551812520000992e-5
0.226,-0.00010603807538734279,3.640494926922237e-5
0.227,-0.00010731945346615976,3.730399125707643e-5
0.228,-0.00010860910217275584,3.8215307850127225e-5
0.229,-0.00010990702974841282,3.913895513226284e-5
0.23,-0.00011121324483402253,4.0074988582851806e-5
0.231,-0.00011252775648126801,4.102346307492472e-5
0.232,-0.00011385057416375497,4.198443287338797e-5
0.233,-0.00011518170778809316,4.2957951633267395e-5
0.234,-0.00011652116770492702,4.394407239798014e-5
0.235,-0.0001178689647199152,4.4942847597632385e-5
0.236,-0.0001192251101046584,4.595432904734117e-5
0.237,-0.0001205896156075751,4.697856794557823e-5
0.238,-0.00012196249346472481,4.801561487253395e-5
0.239,-0.00012334375641057829,4.906551978849926e-5
0.24,-0.00012473341768873438,5.012833203226379e-5
0.241,-0.0001261314910625831,5.12041003195281e-5
0.242,-0.0001275379908259146,5.229287274132817e-5
0.243,-0.0001289529318134735,5.339469676247015e-5
0.244,-0.00013037632941145834,5.450961921997352e-5
0.245,-0.00013180819956796602,5.5637686321520574e-5
0.246,-0.00013324855880338034,5.677894364391061e-5
0.247,-0.00013469742422070495,5.793343613151658e-5
0.248,-0.00013615481351584,5.9101208094742625e-5
0.249,-0.00013762074498780222,6.0282303208480414e-5
0.25,-0.00013909523754888854,6.147676451056249e-5
0.251,-0.00014057831073478234,6.268463440021076e-5
0.252,-0.00014206998471460262,6.390595463647831e-5
0.253,-0.0001435702803008954,6.514076633668266e-5
0.254,-0.00014507921895956768,6.638910997482854e-5
0.255,-0.00014659682281976296,6.765102538001865e-5
0.256,-0.00014812311468367868,6.892655173485027e-5
0.257,-0.0001496581180363253,7.021572757379612e-5
0.258,-0.00015120185705522638,7.151859078156759e-5
0.259,-0.00015275435662006,7.283517859145856e-5
0.26,-0.00015431564232224084,7.416552758366815e-5
0.261,-0.00015588574047444324,7.550967368360044e-5
0.262,-0.00015746467812006445,7.686765216013958e-5
0.263,-0.0001590524830426284,7.823949762389849e-5
0.264,-0.00016064918377512954,7.962524402543934e-5
0.265,-0.00016225480960931657,8.102492465346419e-5
0.266,-0.00016386939060491614,8.243857213297405e-5
0.267,-0.00016549295759879593,8.386621842339466e-5
0.268,-0.00016712554221406736,8.530789481666715e-5
0.269,-0.00016876717686912753,8.676363193530215e-5
0.27,-0.00017041789478664034,8.82334597303955e-5
0.271,-0.00017207773000245646,8.971740747960391e-5
0.272,-0.00017374671737447234,9.121550378507895e-5
0.273,-0.00017542489259142764,9.272777657135763e-5
0.274,-0.00017711229218164132,9.425425308320815e-5
0.275,-0.00017880895352168617,9.579495988342892e-5
0.276,-0.00018051491484500135,9.734992285059936e-5
0.277,-0.00018223021525044312,9.891916717678092e-5
0.278,-0.0001839548947107735,0.00010050271736516653
0.279,-0.00018568899408108664,0.00010210059722767723
0.28,-0.00018743255510717284,0.00010371282988250389
0.281,-0.00018918562043381993,0.00010533943775159292
0.282,-0.00019094823361305206,0.00010698044255807421
0.283,-0.00019272043911230558,0.00010863586532362961
0.284,-0.0001945022823225419,0.00011030572636580063
0.285,-0.00019629380956629725,0.00011199004529523374
0.286,-0.00019809506810566883,0.00011368884101286166
0.287,-0.0001999061061502379,0.00011540213170701914
0.288,-0.00020172697286492867,0.00011712993485049194
0.289,-0.00020355771837780377,0.00011887226719749702
0.29,-0.00020539839378779537,0.00012062914478059305
0.291,-0.0002072490511723722,0.0001224005829075192
0.292,-0.0002091097435951422,0.0001241865961579611
0.293,-0.00021098052511339042,0.00012598719838024242
0.294,-0.0002128614507855523,0.00012780240268794028
0.295,-0.0002147525766786217,0.0001296322214564237
0.296,-0.00021665395987549387,0.00013147666631931293
0.297,-0.00021856565848224295,0.00013333574816485878
0.298,-0.00022048773163533384,0.0001352094771322402
0.299,-0.00022242023950876796,0.00013709786260777867
0.3,-0.00022436324332116318,0.00013900091322106826
0.301,-0.000226316805342767,0.00014091863684101977
0.302,-0.00022828098890240363,0.0001428510405718175
0.303,-0.00023025585839435344,0.00014479813074878733
0.304,-0.00023224147928516595,0.00014675991293417495
0.305,-0.0002342379181204049,0.0001487363919128322
0.306,-0.0002362452425313258,0.0001507275716878112
0.307,-0.0002382635212414853,0.00015273345547586387
0.308,-0.0002402928240732825,0.00015475404570284605
0.309,-0.00024233322195443122,0.0001567893439990249
0.31,-0.0002443847869243635,0.00015883935119428814
0.311,-0.00024644759214056397,0.00016090406731325343
0.312,-0.0002485217118848341,0.0001629834915702775
0.313,-0.0002506072215694868,0.0001650776223643626
0.314,-0.00025270419774347055,0.00016718645727395996
0.315,-0.0002548127180984227,0.00016930999305166821
0.316,-0.0002569328614746517,0.00017144822561882602
0.317,-0.0002590647078670474,0.00017360115005999729
0.318,-0.00026120833843092025,0.0001757687606173479
0.319,-0.00026336383548776693,0.00017795105068491252
0.32,-0.00026553128253096423,0.00018014801280275054
0.321,-0.00026771076423138867,0.00018235963865098954
0.322,-0.0002699023664429633,0.00018458591904375505
0.323,-0.0002721061762081294,0.00018682684392298598
0.324,-0.00027432228176324394,0.0001890824023521335
0.325,-0.0002765507725439018,0.00019135258250974304
0.326,-0.0002787917391901819,0.00019363737168291782
0.327,-0.00028104527355181743,0.00019593675626066248
0.328,-0.00028331146869328884,0.00019825072172710621
0.329,-0.0002855904188988397,0.00020057925265460366
0.33,-0.0002878822196774147,0.00020292233269671267
0.331,-0.0002901869677675182,0.00020527994458104763
0.332,-0.000292504761141995,0.00020765207010200738
0.333,-0.0002948356990127298,0.0002100386901133764
0.334,-0.0002971798818352674,0.000212439784520798
0.335,-0.0002995374113133509,0.00021485533227411877
0.336,-0.0003019083904033785,0.0002172853113596028
0.337,-0.00030429292331877783,0.0002197296987920146
0.338,-0.0003066911155342969,0.0002221884706065698
0.339,-0.00030910307379021127,0.00022466160185075245
0.34,-0.0003115289060964462,0.00022714906657599735
0.341,-0.0003139687217366138,0.0002296508378292373
0.342,-0.0003164226312719638,0.00023216688764431318
0.343,-0.00031889074654524707,0.00023469718703324639
0.344,-0.0003213731806844914,0.00023724170597737241
0.345,-0.00032387004810668907,0.00023980041341833432
0.346,-0.0003263814645213939,0.0002423732772489354
0.347,-0.000328907546934229,0.0002449602643038496
0.348,-0.0003314484136503022,0.00024756134035018915
0.349,-0.00033400418427753013,0.0002501764700779276
0.35,-0.0003365749797298685,0.0002528056170901783
0.351,-0.0003391609222304487,0.0002554487438933264
0.352,-0.00034176213531461895,0.0002581058118870135
0.353,-0.0003443787438328897,0.0002607767813539748
0.354,-0.0003470108739537818,0.00026346161144972634
0.355,-0.0003496586531665766,0.0002661602601921029
0.356,-0.0003523222102839665,0.0002688726844506442
0.357,-0.0003550016754446059,0.00027159883993582934
0.358,-0.0003576971801155605,0.0002743386811881583
0.359,-0.0003604088570946536,0.0002770921615670795
0.36,-0.00036313684051270947,0.0002798592332397621
0.361,-0.0003658812658356917,0.0002826398471697134
0.362,-0.00036864226986673543,0.0002854339531052385
0.363,-0.0003714199907480725,0.00028824149956774287
0.364,-0.0003742145679628479,0.0002910624338398769
0.365,-0.0003770261423368271,0.00029389670195352
0.366,-0.0003798548560399916,0.00029674424867760514
0.367,-0.00038270085258802295,0.0002996050175057823
0.368,-0.0003855642768436726,0.0003024789506439195
0.369,-0.000388445275018017,0.00030536598899744155
0.37,-0.00039134399467159644,0.0003082660721585045
0.371,-0.00039426058471543575,0.00031117913839300617
0.372,-0.00039719519541194637,0.00031410512462743106
0.373,-0.0004001479783757072,0.0003170439664355292
0.374,-0.00040311908657412364,0.00031999559802482823
0.375,-0.0004061086743279631,0.0003229599522229776
0.376,-0.00040911689731176504,0.00032593696046392446
0.377,-0.00041214391255412435,0.0003289265527739202
0.378,-0.00041518987843784677,0.00033192865775735737
0.379,-0.000418254954699974,0.00033494320258243524
0.38,-0.00042133930243167737,0.00033797011296665474
0.381,-0.00042444308407801846,0.0003410093131621407
0.382,-0.0004275664634375746,0.00034406072594079135
0.383,-0.00043070960566192793,0.00034712427257925466
0.384,-0.000433872677255016,0.00035019987284372984
0.385,-0.000437055846072342,0.0003532874449745947
0.386,-0.00044025928132004395,0.000356386905670857
0.387,-0.00044348315355381874,0.0003594981700744298
0.388,-0.00044672763467770173,0.00036262115175423004
0.389,-0.00044999289794269836,0.00036575576269010004
0.39,-0.00045327911794526635,0.00036890191325655045
0.391,-0.00045658647062564645,0.0003720595122063252
0.392,-0.00045991513326604027,0.00037522846665378703
0.393,-0.0004632652844886322,0.0003784086820581236
0.394,-0.0004666371042534544,0.00038160006220637303
0.395,-0.0004700307738560922,0.0003848025091962692
0.396,-0.0004734464759252279,0.0003880159234189056
0.397,-0.0004768843944200212,0.0003912402035412172
0.398,-0.00048034471462732336,0.0003944752464882808
0.399,-0.000483827623158724,0.00039772094742543206
0.4,-0.0004873333079474271,0.00040097719974019986
0.401,-0.0004908619582449552,0.00040424389502405713
0.402,-0.0004944137646176782,0.0004075209230539876
0.403,-0.0004979889189431655,0.0004108081717738682
0.404,-0.0005015876144063591,0.00041410552727566747
0.405,-0.0005052100454955644,0.0004174128737804577
0.406,-0.0005088564079982573,0.0004207300936192431
0.407,-0.0005125268989967041,0.0004240570672136012
0.408,-0.0005162217168633937,0.0004273936730561392
0.409,-0.0005199410612562763,0.00043073978769076295
0.41,-0.0005236851331138102,0.00043409528569276085
0.411,-0.0005274541346498101,0.0004374600396486997
0.412,-0.0005312482693480974,0.0004408339201361346
0.413,-0.0005350677419569483,0.0004442167957031309
0.414,-0.0005389127584833369,0.00044760853284759943
0.415,-0.0005427835261869721,0.00045100899599644393
0.416,-0.0005466802535741231,0.00045441804748452114
0.417,-0.0005506031503912337,0.00045783554753341284
0.418,-0.0005545524276183201,0.0004612613542300104
0.419,-0.0005585282974621506,0.0004646953235049113
0.42,-0.0005625309733492041,0.00046813730911062775
0.421,-0.0005665606699184043,0.00047158716259960753
0.422,-0.000570617603013627,0.00047504473330206684
0.423,-0.0005747019896759777,0.00047850986830363533
0.424,-0.0005788140481358349,0.0004819824124228132
0.425,-0.0005829539978046589,0.00048546220818824066
0.426,-0.0005871220592665597,0.0004889490958157799
0.427,-0.0005913184542696245,0.0004924429131854096
0.428,-0.000595543405716998,0.0004959434958179315
0.429,-0.0005997971376577149,0.000499450676851491
0.43,-0.0006040798752772801,0.0005029642870179101
0.431,-0.0006083918448879945,0.0005064841546188335
0.432,-0.0006127332739190213,0.0005100101055016895
0.433,-0.0006171043909061915,0.0005135419630354629
0.434,-0.0006215054254815429,0.0005170795480862846
0.435,-0.0006259366083625922,0.000520622678992834
0.436,-0.0006303981713413339,0.0005241711715415569
0.437,-0.000634890347272964,0.0005277248389417
0.438,-0.0006394133700643246,0.0005312834918001594
0.439,-0.0006439674746620658,0.0005348469380961475
0.44,-0.0006485528970405218,0.0005384149831556753
0.441,-0.0006531698741892968,0.0005419874296258541
0.442,-0.0006578186441005574,0.0005455640774490129
0.443,-0.0006624994457560278,0.0005491447238366374
0.444,-0.0006672125191136843,0.0005527291632431261
0.445,-0.0006719581050941441,0.0005563171873393682
0.446,-0.0006767364455667471,0.0005599085849861409
0.447,-0.0006815477833353233,0.0005635031422073309
0.448,-0.0006863923621236455,0.0005671006421629752
0.449,-0.0006912704265605607,0.0005707008651221281
0.45,-0.000696182222164797,0.0005743035884355508
0.451,-0.0007011279953294438,0.0005779085865082274
0.452,-0.0007061079933060969,0.000581515630771706
0.453,-0.0007111224641886695,0.0005851244896562679
0.454,-0.0007161716568968614,0.0005887349285629247
0.455,-0.0007212558211592838,0.0005923467098352454
0.456,-0.0007263752074962344,0.0005959595927310129
0.457,-0.0007315300672021203,0.000599573333393714
0.458,-0.0007367206523275217,0.0006031876848238606
0.459,-0.0007419472156608957,0.0006068023968501466
0.46,-0.0007472100107099117,0.0006104172161004399
0.461,-0.0007525092916824176,0.0006140318859726114
0.462,-0.00075784531346703,0.0006176461466052024
0.463,-0.0007632183316133447,0.0006212597348479325
0.464,-0.0007686286023117634,0.0006248723842320483
0.465,-0.0007740763823729311,0.0006284838249405154
0.466,-0.0007795619292067807,0.0006320937837780558
0.467,-0.0007850855008011781,0.00063570198414103
0.468,-0.0007906473557001666,0.0006393081459871691
0.469,-0.000796247752981802,0.0006429119858051557
0.47,-0.0008018869522355761,0.0006465132165840569
0.471,-0.0008075652135394226,0.000650111547782611
0.472,-0.000813282797436302,0.0006537066852983695
0.473,-0.0008190399649103586,0.0006572983314366975
0.474,-0.000824836977362646,0.0006608861848796327
0.475,-0.0008306740965864158,0.0006644699406546075
0.476,-0.0008365515847419646,0.0006680492901030344
0.477,-0.000842469704331034,0.0006716239208487575
0.478,-0.0008484287181707582,0.0006751935167663737
0.479,-0.0008544288893671555,0.0006787577579494235
0.48,-0.0008604704812881561,0.0006823163206784565
0.481,-0.000866553757536164,0.0006858688773889725
0.482,-0.0008726789819201444,0.0006894150966392404
0.483,-0.0008788464184272347,0.0006929546430779996
0.484,-0.0008850563311938706,0.000696487177412044
0.485,-0.0008913089844764246,0.0007000123563736944
0.486,-0.0008976046426213496,0.000703529832688158
0.487,-0.0009039435700348231,0.0007070392550407828
0.488,-0.0009103260311518861,0.0007105402680442061
0.489,-0.0009167522904050721,0.0007140325122054022
0.49,-0.0009232226121925185,0.0007175156238926304
0.491,-0.0009297372608455573,0.0007209892353022905
0.492,-0.0009362965005957781,0.0007244529744256835
0.493,-0.0009429005955415576,0.0007279064650156862
0.494,-0.0009495498096140503,0.0007313493265533399
0.495,-0.0009562444065426356,0.000734781174214357
0.496,-0.0009629846498198122,0.0007382016188355512
0.497,-0.000969770802665539,0.0007416102668811926
0.498,-0.0009766031279910116,0.000745006720409292
0.499,-0.0009834818883618728,0.0007483905770378206
0.5,-0.0009904073459608466,0.0007517614299108646
0.501,-0.0009973797625497953,0.0007551188676647236
0.502,-0.0010043993994311884,0.000758462474393953
0.503,-0.0010114665174089804,0.0007617918296173571
0.504,-0.00101858137674889,0.0007651065082439359
0.505,-0.001025744237138077,0.0007684060805387906
0.506,-0.0010329553576442054,0.0007716901120889926
0.507,-0.0010402149966738936,0.0007749581637694191
0.508,-0.00104752341193054,0.0007782097917085614
0.509,-0.0010548808603715201,0.0007814445472543114
0.51,-0.0010622875981647476,0.0007846619769397278
0.511,-0.0010697438806445954,0.0007878616224487913
0.512,-0.001077249962267168,0.000791043020582151
0.513,-0.0010848060965649188,0.0007942057032228675
0.514,-0.0010924125361006084,0.0007973491973021595
0.515,-0.0011000695324205946,0.0008004730247651576
0.516,-0.0011077773360074488,0.0008035767025366716
0.517,-0.0011155361962318937,0.0008066597424869769
0.518,-0.0011233463613040525,0.0008097216513976252
0.519,-0.0011312080782240063,0.0008127619309272867
0.52,-0.0011391215927316514,0.0008157800775776277
0.521,-0.0011470871492558503,0.0008187755826592313
0.522,-0.0011551049908628702,0.0008217479322575666
0.523,-0.0011631753592041003,0.000824696607199013
0.524,-0.0011712984944630455,0.0008276210830169462
0.525,-0.0011794746353015846,0.0008305208299178915
0.526,-0.0011877040188054899,0.0008333953127477522
0.527,-0.0011959868804292007,0.0008362439909581189
0.528,-0.0012043234539398434,0.0008390663185726681
0.529,-0.00121271397136049,0.0008418617441536543
0.53,-0.001221158662912652,0.0008446297107685068
0.531,-0.0012296577569580003,0.0008473696559565343
0.532,-0.0012382114799393024,0.0008500810116957475
0.533,-0.0012468200563205748,0.0008527632043698069
0.534,-0.00125548370852644,0.0008554156547351019
0.535,-0.001264202656880682,0.0008580377778879706
0.536,-0.0012729771195439943,0.0008606289832320687
0.537,-0.0012818073124509124,0.000863188674445893
0.538,-0.0012906934492459246,0.0008657162494504709
0.539,-0.001299635741218754,0.0008682111003772218
0.54,-0.0013086343972388038,0.0008706726135360005
0.541,-0.0013176896236887603,0.0008731001693833313
0.542,-0.0013268016243973462,0.0008754931424908393
0.543,-0.0013359706005712164,0.000877850901513892
0.544,-0.00134519675072599,0.0008801728091604556
0.545,-0.001354480270616412,0.0008824582221601797
0.546,-0.001363821353165636,0.0008847064912337168
0.547,-0.0013732201883936226,0.000886916961062287
0.548,-0.0013826769633446465,0.0008890889702574991
0.549,-0.0013921918620139022,0.0008912218513314351
0.55,-0.0014017650652732069,0.0008933149306670115
0.551,-0.0014113967507957876,0.0008953675284886251
0.552,-0.0014210870929801498,0.0008973789588330951
0.553,-0.0014308362628730174,0.0008993485295209111
0.554,-0.001440644428091341,0.0009012755421277996
0.555,-0.0014505117527433627,0.0009031592919566174
0.556,-0.001460438397348734,0.0009049990680095843
0.557,-0.0014704245187576782,0.0009067941529608678
0.558,-0.0014804702700691905,0.0009085438231295282
0.559,-0.0014905758005482707,0.0009102473484528384
0.56,-0.0015007412555421767,0.0009119039924599886
0.561,-0.0015109667763956987,0.0009135130122461891
0.562,-0.0015212525003654408,0.000915073658447183
0.563,-0.0015315985605331077,0.0009165851752141802
0.564,-0.0015420050857177868,0.0009180468001892269
0.565,-0.0015524722003872197,0.0009194577644810224
0.566,-0.0015630000245680582,0.0009208172926411964
0.567,-0.0015735886737550941,0.0009221246026410605
0.568,-0.0015842382588194587,0.0009233789058488457
0.569,-0.0015949488859157864,0.0009245794070074416
0.57,-0.001605720656388332,0.0009257253042126497
0.571,-0.0016165536666760386,0.000926815788891965
0.572,-0.001627448008216546,0.0009278500457839002
0.573,-0.0016384037673491387,0.0009288272529178678
0.574,-0.0016494210252166184,0.0009297465815946323
0.575,-0.0016604998576661037,0.0009306071963673506
0.576,-0.0016716403351487435,0.0009314082550232132
0.577,-0.0016828425226183411,0.0009321489085657016
0.578,-0.0016941064794288826,0.0009328283011974801
0.579,-0.001705432259230962,0.0009334455703039332
0.58,-0.0017168199098670975,0.0009339998464373695
0.581,-0.0017282694732659318,0.0009344902533019037
0.582,-0.001739780985335314,0.0009349159077390367
0.583,-0.0017513544758542498,0.0009352759197139487
0.584,-0.001762989968363723,0.0009355693923025222
0.585,-0.0017746874800563743,0.0009357954216791125
0.586,-0.001786447021665037,0.0009359530971050832
0.587,-0.0017982685973501203,0.0009360415009181237
0.588,-0.0018101522045858385,0.0009360597085223667
0.589,-0.0018220978340452742,0.0009360067883793244
0.59,-0.0018341054694842778,0.0009358818019996612
0.591,-0.0018461750876241907,0.0009356838039358216
0.592,-0.001858306658033392,0.0009354118417755323
0.593,-0.001870500143007659,0.0009350649561361969
0.594,-0.001882755497449342,0.0009346421806602042
0.595,-0.0018950726687453417,0.0009341425420111684
0.596,-0.0019074515966438887,0.0009335650598711208
0.597,-0.0019198922131301202,0.0009329087469386746
0.598,-0.0019323944423004463,0.0009321726089281824
0.599,-0.001944958200235703,0.0009313556445699068
0.6,-0.001957583394873088,0.0009304568456112255
0.601,-0.0019702699258768745,0.0009294751968188927
0.602,-0.001983017684507897,0.0009284096759823771
0.603,-0.001995826553491806,0.0009272592539182995
0.604,-0.0020086964068860894,0.0009260228944759912
0.605,-0.0020216271099458565,0.0009246995545441968
0.606,-0.002034618518988372,0.0009232881840589419
0.607,-0.002047670481256355,0.0009217877260125923
0.608,-0.0020607828347800183,0.0009201971164641229
0.609,-0.00207395540823786,0.000918515284550626
0.61,-0.002087188020816198,0.0009167411525000765
0.611,-0.002100480482067444,0.0009148736356453835
0.612,-0.0021138325917671188,0.0009129116424397497
0.613,-0.0021272441397695964,0.000910854074473364
0.614,-0.0021407149058625887,0.0009086998264914534
0.615,-0.0021542446596203545,0.0009064477864137183
0.616,-0.00216783316025564,0.0009040968353551772
0.617,-0.002181480156470345,0.000901645847648448
0.618,-0.0021951853863049113,0.0008990936908674904
0.619,-0.0022089485769864383,0.0008964392258528377
0.62,-0.0022227694447755166,0.0008936813067383436
0.621,-0.0022366476948117837,0.0008908187809794731
0.622,-0.0022505830209581966,0.0008878504893831628
0.623,-0.0022645751056440287,0.000884775266139281
0.624,-0.002278623619706578,0.0008815919388537139
0.625,-0.0022927282222315985,0.0008782993285831081
0.626,-0.0023068885603924455,0.0008748962498712976
0.627,-0.002321104269287942,0.0008713815107874439
0.628,-0.0023353749717789606,0.0008677539129659215
0.629,-0.0023497002783237284,0.0008640122516479751
0.63,-0.0023640797868118464,0.0008601553157251821
0.631,-0.002378513082397036,0.0008561818877847496
0.632,-0.0023929997373286025,0.0008520907441566766
0.633,-0.002407539310781629,0.0008478806549628145
0.634,-0.0024221313486858893,0.0008435503841678555
0.635,-0.002436775383553497,0.0008390986896322827
0.636,-0.002451470934305281,0.0008345243231673144
0.637,-0.0024662175060958954,0.0008298260305918734
0.638,-0.00248101459013767,0.000825002551791618
0.639,-0.0024958616635231985,0.0008200526207800645
0.64,-0.0025107581890466716,0.000814974965761839
0.641,-0.0025257036150239604,0.0008097683091980886
0.642,-0.002540697375111453,0.0008044313678740911
0.643,-0.0025557388881236468,0.0007989628529690952
0.644,-0.0025708275578495074,0.0007933614701284274
0.645,-0.0025859627728675957,0.0007876259195379031
0.646,-0.0026011439063599656,0.0007817548960005749
0.647,-0.0026163703159248495,0.0007757470890158584
0.648,-0.0026316413433881258,0.0007696011828610698
0.649,-0.002646956314613584,0.0007633158566754137
0.65,-0.0026623145393119916,0.0007568897845464595
0.651,-0.002677715310848969,0.0007503216355991433
0.652,-0.002693157906051686,0.0007436100740873346
0.653,-0.002708641585014381,0.0007367537594880075
0.654,-0.002724165590902719,0.000729751346598054
0.655,-0.002739729149756995,0.0007226014856337816
0.656,-0.002755331470294192,0.0007153028223331323
0.657,-0.0027709717437089027,0.0007078539980606669
0.658,-0.0027866491434731327,0.0007002536499153538
0.659,-0.0028023628251349865,0.0006925004108412029
0.66,-0.0028181119261162578,0.0006845929097407888
0.661,-0.002833895565508929,0.000676529771591704
0.662,-0.0028497128438705966,0.0006683096175659842
0.663,-0.0028655628430188343,0.0006599310651525513
0.664,-0.0028814446258245098,0.0006513927282827139
0.665,-0.0028973572360040667,0.0006426932174587725
0.666,-0.0029132996979107885,0.000633831139885773
0.667,-0.002929271016325058,0.0006248050996064505
0.668,-0.0029452701762436324,0.0006156136976394136
0.669,-0.0029612961426679443,0.0006062555321206097
0.67,-0.002977347860391454,0.0005967291984481212
0.671,-0.0029934242537860583,0.0005870332894303368
0.672,-0.0030095242265875937,0.0005771663954375454
0.673,-0.003025646661680429,0.0005671271045570007
0.674,-0.0030417904208811875,0.0005569140027515027
0.675,-0.0030579543447216075,0.0005465256740215464
0.676,-0.003074137252230565,0.0005359607005710835
0.677,-0.003090337940715281,0.0005252176629769491
0.678,-0.003106555185541737,0.0005142951403620013
0.679,-0.0031227877399143127,0.0005031917105720233
0.68,-0.0031390343346546844,0.0004919059503564392
0.681,-0.003155293677979995,0.00048043643555289496
0.682,-0.0031715644552803277,0.0004687817412757534
0.683,-0.0031878453288955054,0.00045694044210855736
0.684,-0.003204134937891247,0.00044491111230051213
0.685,-0.0032204318978347017,0.00043269232596703953
0.686,-0.003236734800569395,0.0004202826572944569
0.687,-0.0032530422139896114,0.0004076806807488349
0.688,-0.0032693526818142436,0.00039488497128908716
0.689,-0.003285664723360143,0.00038189410458434674
0.69,-0.003301976833314993,0.0003687066572356842
0.691,-0.003318287481509752,0.0003553212070022219
0.692,-0.0033345951126906833,0.00034173633303170127
0.693,-0.0033508981462910146,0.00032795061609555796
0.694,-0.0033671949762022627,0.0003139626388285628
0.695,-0.003383483970545251,0.00029977098597308387
0.696,-0.0033997634714408678,0.00028537424462802934
0.697,-0.0034160317947805894,0.00027077100450252655
0.698,-0.0034322872299968193,0.0002559598581743982
0.699,-0.0034485280398330732,0.00024093940135349204
0.7,-0.0034647524601140543,0.00022570823314992547
0.701,-0.0034809586995156595,0.0002102649563473031
0.702,-0.0034971449393349594,0.00019460817768096847
0.703,-0.003513309333260194,0.00017873650812135
0.704,-0.0035294500071408282,0.00016264856316246254
0.705,-0.0035455650587577154,0.00014634296311562554
0.706,-0.0035616525575934105,0.00012981833340846056
0.707,-0.003577710544602686,0.00011307330488922957
0.708,-0.003593737031983295,9.61065141365776e-5
0.709,-0.0036097300029470313,7.891660377474274e-5
0.71,-0.003625687411491143,6.150222279429711e-5
0.711,-0.003641607182170142,4.386202687848311e-5
0.712,-0.003657487209868071,2.599467873520956e-5
0.713,-0.0036733253595712806,7.898848434772672e-6
0.714,-0.0036891194661417687,-1.042678624663257e-5
0.715,-0.003704867334091142,-2.8983539477544732e-5
0.716,-0.0037205667373552596,-4.777271701594556e-5
0.717,-0.0037362154190696117,-6.679561584798014e-5
0.718,-0.003751811091345502,-8.605352382062026e-5
0.719,-0.0037673514350470916,-0.00010554771926820341
0.72,-0.0037828340995693668,-0.0001252794706327792
0.721,-0.0037982567026170976,-0.00014525003607819453
0.722,-0.003813616829984855,-0.00016546066309784888
0.723,-0.0038289120353381494,-0.00018591258811604986
0.724,-0.0038441398399957655,-0.00020660703608289926
0.725,-0.003859297732713357,-0.00022754522006263964
0.726,-0.0038743831694683798,-0.00024872834081539005
0.727,-0.003889393573246434,-0.0002701575863722005
0.728,-0.0039043263338290894,-0.0002918341316033529
0.729,-0.003919178807583272,-0.00031375913777983674
0.73,-0.0039339483172522866,-0.00033593375212792717
0.731,-0.0039486321517485665,-0.0003583591073767923
0.732,-0.0039632275659482125,-0.00038103632129905655
0.733,-0.0039777317804874195,-0.0004039664962442463
0.734,-0.003992141981560875,-0.00042715071866504344
0.735,-0.004006455320722205,-0.000450590058636273
0.736,-0.004020668914686563,-0.0004742855693665483
0.737,-0.004034779845135459,-0.0004982382867025
0.738,-0.0040487851585239015,-0.0005224492286255116
0.739,-0.004062681865889966,-0.0005469193947408861
0.74,-0.004076466942666868,-0.0005716497657593666
0.741,-0.004090137328497658,-0.0005966413029709338
0.742,-0.0041036899270526115,-0.0006218949477108024
0.743,-0.004117121605849443,-0.0006474116208175399
0.744,-0.004130429196076427,-0.0006731922220832267
0.745,-0.004143609492418537,-0.0006992376296955813
0.746,-0.0041566592528867125,-0.0007255486996719698
0.747,-0.004169575198650367,-0.0007521262652852204
0.748,-0.004182354013873233,-0.0007789711364811626
0.749,-0.0041949923455526774,-0.0008060840992878106
0.75,-0.004207486803362584,-0.0008334659152161101
0.751,-0.004219833959499937,-0.0008611173206521667
0.752,-0.004232030348535222,-0.0008890390262408746
0.753,-0.004244072467266755,-0.0009172317162608618
0.754,-0.004255956774579082,-0.000945696047990672
0.755,-0.004267679691305568,-0.0009744326510660959
0.756,-0.004279237600095298,-0.0010034421268285728
0.757,-0.004290626845284444,-0.0010327250476645745
0.758,-0.004301843732772202,-0.0010622819563358902
0.759,-0.004312884529901471,-0.0010921133653007237
0.76,-0.004323745465344387,-0.001122219756025523
0.761,-0.00433442272899286,-0.00115260157828745
0.762,-0.004344912471854277,-0.0011832592494674095
0.763,-0.004355210805952496,-0.0012141931538335467
0.764,-0.0043653138042342955,-0.00124540364181513
0.765,-0.004375217500481431,-0.0012768910292667258
0.766,-0.004384917889228458,-0.0013086555967225843
0.767,-0.004394410925686468,-0.0013406975886411398
0.768,-0.004403692525672925,-0.0013730172126395447
0.769,-0.004412758565547744,-0.0014056146387181386
0.77,-0.004421604882155799,-0.0014384899984747714
0.771,-0.004430227272776016,-0.0014716433843088822
0.772,-0.004438621495077254,-0.0015050748486152474
0.773,-0.0044467832670811135,-0.0015387844029673054
0.774,-0.004454708267131901,-0.0015727720172899653
0.775,-0.004462392133873894,-0.0016070376190218058
0.776,-0.004469830466236129,-0.0016415810922665742
0.777,-0.004477018823424888,-0.0016764022769338886
0.778,-0.004483952724924083,-0.001711500967869051
0.779,-0.004490627650503747,-0.001746876913971876
0.78,-0.004497039040236833,-0.001782529817304437
0.781,-0.004503182294524531,-0.0018184593321876404
0.782,-0.004509052774130308,-0.0018546650642865237
0.783,-0.004514645800222909,-0.001891146569684185
0.784,-0.00451995665442852,-0.0019279033539442453
0.785,-0.004524980578892334,-0.001964934871161744
0.786,-0.0045297127763497405,-0.0020022405230023686
0.787,-0.004534148410207388,-0.0020398196577299226
0.788,-0.004538282604634345,-0.002077671569221924
0.789,-0.0045421104446636135,-0.002115795495973242
0.79,-0.00454562697630425,-0.002154190620087662
0.791,-0.004548827206664337,-0.0021928560662572857
0.792,-0.004551706104085078,-0.002231790900729652
0.793,-0.004554258598286279,-0.0022709941302624863
0.794,-0.004556479580523484,-0.002310464701065966
0.795,-0.004558363903757048,-0.0023502014977324014
0.796,-0.0045599063828334315,-0.0023902033421532225
0.797,-0.004561101794679006,-0.0024304689924231687
0.798,-0.004561944878506656,-0.0024709971417315717
0.799,-0.004562430336035504,-0.0025117864172406247
0.8,-0.004562552831724038,-0.002552835378950528
0.801,-0.0045623069930169815,-0.002594142518551402
0.802,-0.004561687410606222,-0.0026357062582618566
0.803,-0.004560688638706114,-0.0026775249496541072
0.804,-0.0045593051953435205,-0.002719596872465523
0.805,-0.004557531562662909,-0.0027619202333964967
0.806,-0.004555362187246883,-0.0028044931648945216
0.807,-0.004552791480452485,-0.00284731372392436
0.808,-0.004549813818763654,-0.0028903798907241904
0.809,-0.00454642354416022,-0.002933689567547614
0.81,-0.004542614964503805,-0.002977240577391411
0.811,-0.004538382353941044,-0.0030210306627089143
0.812,-0.004533719953324512,-0.003065057484108902
0.813,-0.004528621970651801,-0.003109318619039873
0.814,-0.004523082581523137,-0.003153811560459593
0.815,-0.004517095929618,-0.003198533715489791
0.816,-0.004510656127191174,-0.0032434824040558814
0.817,-0.004503757255588702,-0.0032886548575115928
0.818,-0.004496393365784193,-0.003334048217248378
0.819,-0.004488558478935984,-0.0033796595332894865
0.82,-0.004480246586965627,-0.0034254857628685667
0.821,-0.0044714516531582215,-0.003471523768992688
0.822,-0.004462167612785107,-0.003517770318989638
0.823,-0.004452388373749436,-0.0035642220830393928
0.824,-0.004442107817255191,-0.0036108756326896107
0.825,-0.00443131979850019,-0.003657727439355046
0.826,-0.004420018147393656,-0.003704773872800738
0.827,-0.004408196669298947,-0.003752011199608861
0.828,-0.004395849145802049,-0.0037994355816291037
0.829,-0.004382969335506452,-0.0038470430744124554
0.83,-0.004369550974855044,-0.0038948296256282686
0.831,-0.004355587778979688,-0.003942791073464477
0.832,-0.004341073442579155,-0.003990923145010839
0.833,-0.0043260016408260965,-0.00403922145462509
0.834,-0.00431036603030378,-0.004087681502281876
0.835,-0.004294160249973319,-0.004136298671904335
0.836,-0.004277377922172146,-0.004185068229678232
0.837,-0.00426001265364451,-0.004233985322348502
0.838,-0.004242058036604792,-0.004283044975498096
0.839,-0.004223507649834466,-0.00433224209180901
0.84,-0.004204355059813539,-0.00438157144930539
0.841,-0.004184593821887356,-0.004431027699578593
0.842,-0.0041642174814696545,-0.004480605365994103
0.843,-0.004143219575282794,-0.004530298841880199
0.844,-0.00412159363263611,-0.004580102388698259
0.845,-0.004099333176743381,-0.0046300101341946375
0.846,-0.004076431726080397,-0.004680016070533981
0.847,-0.004052882795783693,-0.004730114052413931
0.848,-0.004028679899091495,-0.004780297795161117
0.849,-0.00400381654882801,-0.004830560872808364
0.85,-0.003978286258932167,-0.004880896716153065
0.851,-0.0039520825460320095,-0.004931298610796624
0.852,-0.0039251989310659366,-0.004981759695164963
0.853,-0.00389762894095204,-0.005032272958510007
0.854,-0.0038693661103068318,-0.005082831238892151
0.855,-0.0038404039832146846,-0.005133427221143661
0.856,-0.003810736115049357,-0.005184053434813015
0.857,-0.0037803560743490173,-0.005234702252090179
0.858,-0.0037492574447462223,-0.005285365885712845
0.859,-0.0037174338269543587,-0.005336036386853647
0.86,-0.0036848788408121004,-0.005386705642988421
0.861,-0.003651586127387478,-0.00543736537574556
0.862,-0.003617549351143225,-0.005488007138736571
0.863,-0.003582762202165102,-0.005538622315367904
0.864,-0.0035472183984549604,-0.005589202116634218
0.865,-0.0035109116882903668,-0.005639737578893217
0.866,-0.003473835852652669,-0.005690219561622233
0.867,-0.003435984707725438,-0.005740638745156768
0.868,-0.0033973521074652847,-0.005790985628411225
0.869,-0.0033579319462471273,-0.005841250526582097
0.87,-0.003317718161586029,-0.005891423568833913
0.871,-0.0032767047369378177,-0.005941494695968285
0.872,-0.0032348857045807525,-0.0059914536580764205
0.873,-0.003192255148580586,-0.006041290012175532
0.874,-0.0031488072078414415,-0.006090993119829599
0.875,-0.003104536079245004,-0.006140552144755001
0.876,-0.0030594360208806006,-0.006189956050411585
0.877,-0.0030135013553688325,-0.006239193597579774
0.878,-0.002966726473281501,-0.006288253341924415
0.879,-0.0029191058366606643,-0.006337123631546084
0.88,-0.0028706339826397357,-0.006385792604520681
0.881,-0.0028213055271696444,-0.006434248186428165
0.882,-0.002771115168853163,-0.006482478087871402
0.883,-0.002720057692890604,-0.006530469801986161
0.884,-0.0026681279751401827,-0.00657821060194337
0.885,-0.0026153209862964607,-0.006625687538444849
0.886,-0.0025616317961903627,-0.006672887437213839
0.887,-0.0025070555782143933,-0.0067197968964817206
0.888,-0.0024515876138767644,-0.0067664022844724754
0.889,-0.0023952232974882677,-0.006812689736886506
0.89,-0.002337958140985841,-0.006858645154385587
0.891,-0.002279787778896881,-0.0069042542000808576
0.892,-0.0022207079734484856,-0.006949502297025874
0.893,-0.002160714619825911,-0.006994374625716913
0.894,-0.0020998037515846694,-0.007038856121602883
0.895,-0.002037971546220799,-0.0070829314726073185
0.896,-0.0019752143309039677,-0.007126585116665183
0.897,-0.0019115285883781984,-0.007169801239277319
0.898,-0.0018469109630351258,-0.007212563771085626
0.899,-0.0017813582671648259,-0.007254856385472249
0.9,-0.0017148674873893833,-0.007296662496186265
0.901,-0.0016474357912844894,-0.0073379652550015955
0.902,-0.0015790605341944944,-0.007378747549410141
0.903,-0.0015097392662464602,-0.007418992000354348
0.904,-0.0014394697395688906,-0.00745868096000373
0.905,-0.0013682499157209376,-0.007497796509580153
0.906,-0.001296077973338006,-0.00753632045723697
0.907,-0.0012229523159998036,-0.007574234335997431
0.908,-0.001148871580326994,-0.007611519401758159
0.909,-0.001073834644312735,-0.007648156631363761
0.91,-0.0009978406358954824,-0.007684126720759129
0.911,-0.0009208889417795574,-0.007719410083226255
0.912,-0.0008429792165100657,-0.007753986847712916
0.913,-0.0007641113918088536,-0.007787836857260929
0.914,-0.0006842856861782709,-0.007820939667542185
0.915,-0.0006035026147795861,-0.007853274545511131
0.916,-0.0005217629995929664,-0.007884820468182886
0.917,-0.00043906797986598974,-0.007915556121546652
0.918,-0.00035541902285769967,-0.007945459899624748
0.919,-0.0002708179348852435,-0.007974509903688021
0.92,-0.00018526687268014593,-0.008002683941639116
0.921,-9.87683550612694e-5,-0.008029959527575662
0.922,-1.1325274931489425e-5,-0.008056313881546113
0.923,7.705908839492992e-5,-0.008081723929511639
0.924,0.00016638105652733983,-0.008106166303528221
0.925,0.00025663653898925956,-0.008129617342163858
0.926,0.0003478210198577655,-0.008152053091166511
0.927,0.00043992954404515044,-0.008173449304399302
0.928,0.0005329567032164654,-0.00819378144506029
0.929,0.0006268966213367719,-0.00821302468720503
0.93,0.0007217429398421825,-0.008231153917591025
0.931,0.0008174888024290612,-0.008248143737864158
0.932,0.0009141268394560942,-0.008263968467108121
0.933,0.0010116491519543225,-0.008278602144778937
0.934,0.00111004729524067,-0.008292018534047643
0.935,0.0012093122621309883,-0.008304191125575342
0.936,0.0013094344657491918,-0.008315093141745932
0.937,0.0014104037219296788,-0.008324697541382932
0.938,0.0015122092312109072,-0.008332977024978074
0.939,0.0016148395604187603,-0.008339904040460458
0.94,0.0017182826238391717,-0.008345450789536373
0.941,0.0018225256639803947,-0.008349589234631107
0.942,0.0019275552319263129,-0.008352291106465412
0.943,0.002033357167283291,-0.00835352791230054
0.944,0.002139916577724265,-0.008353270944887161
0.945,0.0022472178181350915,-0.008351491292154808
0.946,0.0023552444693695756,-0.008348159847679861
0.947,0.0024639793166211744,-0.008343247321971444
0.948,0.0025734043274210014,-0.00833672425461605
0.949,0.002683500629273593,-0.008328561027323027
0.95,0.0027942484869438156,-0.00831872787791447
0.951,0.002905627279410391,-0.00830719491530445
0.952,0.003017615476503759,-0.008293932135513814
0.953,0.0031301906152483927,-0.008278909438768143
0.954,0.0032433292759322615,-0.00826209664772773
0.955,0.003357007057928882,-0.008243463526899695
0.956,0.003471198555300325,-0.008222979803283473
0.957,0.003585877332212665,-0.008200615188302132
0.958,0.0037010158981986858,-0.008176339401072917
0.959,0.0038165856833061594,-0.008150122193071369
0.96,0.003932557013173762,-0.008121933374244251
0.961,0.004048899084080612,-0.00809174284062717
0.962,0.004165579938019606,-0.008059520603523315
0.963,0.004282566437849088,-0.00802523682030022
0.964,0.0043998242425820205,-0.007988861826861572
0.965,0.004517317782876666,-0.007950366171851167
0.966,0.004635010236797869,-0.007909720652645879
0.967,0.004752863505923321,-0.00786689635319404
0.968,0.00487083819187477,-0.007821864683754889
0.969,0.004988893573359863,-0.007774597422593706
0.97,0.0051069875838163315,-0.007725066759685888
0.971,0.0052250767897564455,-0.007673245342481451
0.972,0.0053431163699160684,-0.007619106323779353
0.973,0.005461060095319278,-0.007562623411758452
0.974,0.0055788603103763225,-0.00750377092220892
0.975,0.005696467915139663,-0.0074425238330044
0.976,0.005813832348849965,-0.0073788578408511924
0.977,0.005930901574911168,-0.0073127494203461315
0.978,0.006047622067441093,-0.0072441758853696095
0.979,0.006163938799551501,-0.0071731154528343714
0.98,0.006279795233518904,-0.007099547308804175
0.981,0.006395133313014956,-0.0070234516769891574
0.982,0.006509893457572565,-0.006944809889616778
0.983,0.006624014559471224,-0.006863604460668423
0.984,0.006737433983232145,-0.0067798191614621165
0.985,0.006850087567920746,-0.006693439098551391
0.986,0.0069619096324606364,-0.006604450793898937
0.987,0.007072832984169572,-0.00651284226727147
0.988,0.007182788930733673,-0.006418603120788994
0.989,0.0072917072958415515,-0.006321724625547512
0.99,0.007399516438704705,-0.006222199810219097
0.991,0.007506143277694585,-0.006120023551517143
0.992,0.007611513318329949,-0.006015192666397502
0.993,0.0077155506858504,-0.005907706005848167
0.994,0.007818178162613328,-0.005797564550101141
0.995,0.007919317230551563,-0.005684771505080152
0.996,0.008018888118927921,-0.0055693323998770505
0.997,0.008116809857620297,-0.005451255185027966
0.998,0.008213000336166863,-0.005330550331337842
0.999,0.008307376368795241,-0.0052072309289787
1.0,0.00839985376565195,-0.005081312786563159
1.001,0.008490347410439024,-0.0049528145298703185
1.002,0.008578771344653133,-0.0048217576998763265
1.003,0.0086650388586089,-0.004688166849716894
1.004,0.008749062589412007,-0.004552069640183809
1.005,0.008830754626029344,-0.0044134969333323995
1.006,0.008910026621582346,-0.004272482883751989
1.007,0.008986789912966156,-0.004129065027027
1.008,0.009060955647870836,-0.003983284364892624
1.009,0.009132434919251736,-0.0038351854465662008
1.01,0.009201138907264213,-0.0036848164457138934
1.011,0.009266979028643011,-0.0035322292324921657
1.012,0.009329867093468981,-0.0033774794400853207
1.013,0.009389715469225282,-0.0032206265251441884
1.014,0.009446437252001942,-0.003061733821517357
1.015,0.009499946444661652,-0.0029008685866554144
1.016,0.009550158141731158,-0.0027381020400608696
1.017,0.00959698872073167,-0.0025735093931521036
1.018,0.009640356039608593,-0.0024071698699092104
1.019,0.00968017963986585,-0.0022391667176732554
1.02,0.00971638095495329,-0.002069587207478666
1.021,0.009748883523397743,-0.0018985226233114753
1.022,0.009777613206109266,-0.001726068239704253
1.023,0.009802498407234682,-0.001552323287102116
1.024,0.009823470297871072,-0.0013773909044633545
1.025,0.00984046304189286,-0.0012013780785932499
1.026,0.009853414023088165,-0.0010243955697506783
1.027,0.009862264072743872,-0.0008465578231142439
1.028,0.009866957696764744,-0.0006679828657479937
1.029,0.009867443301360862,-0.0004887921887662434
1.03,0.009863673416290122,-0.0003091106144625856
1.031,0.009855604914599367,-0.0001290661482396304
1.032,0.00984319922776944,5.121018474681666e-5
1.033,0.009826422555136988,0.00023158451823288695
1.034,0.009805246066439665,0.0004119203386973268
1.035,0.009779646096312305,0.0005920786942419444
1.036,0.009749604329550179,0.0007719184182301175
1.037,0.009715107975952314,0.0009512963673124541
1.038,0.009676149933563475,0.001130067673366977
1.039,0.009632728939148304,0.0013080860087777639
1.04,0.009584849704755611,0.0014852038643717194
1.041,0.009532523039265377,0.0016612728392290314
1.042,0.009475765953855552,0.0018361439414798755
1.043,0.009414601750380683,0.002009667899099148
1.044,0.0093490600917194,0.0021816954796134973
1.045,0.009279177053222995,0.002352077817541798
1.046,0.009204995154482145,0.002520666748302603
1.047,0.009126563370723232,0.002687315147241068
1.048,0.009043937123248733,0.0028518772723544845
1.049,0.008957178248447505,0.003014209109230896
1.05,0.008866354945019458,0.0031741687166602483
1.051,0.008771541699184171,0.003331616571333062
1.052,0.00867281918777359,0.003486415910008466
1.053,0.008570274159243753,0.00363843306751231
1.054,0.008463999292778376,0.003787537808917507
1.055,0.008354093035796775,0.003933603654263189
1.056,0.008240659420318682,0.004076508194186933
1.057,0.008123807858777584,0.0042161333948754
1.058,0.008003652920010908,0.004352365890783077
1.059,0.007880314086288222,0.004485097263626388
1.06,0.007753915492366289,0.004614224306230628
1.061,0.007624585647680919,0.004739649269889713
1.062,0.007492457142898761,0.004861280093992673
1.063,0.007357666342156422,0.004979030616775484
1.064,0.007220353062408244,0.005092820766171213
1.065,0.007080660241386969,0.00520257672985433
1.066,0.006938733595752357,0.005308231103705384
1.067,0.006794721271060926,0.005409723018058561
1.068,0.00664877348523487,0.005506998241235714
1.069,0.006501042167239344,0.00560000926001472
1.07,0.006351680592694688,0.005688715336826092
1.071,0.006200843018153457,0.005773082543618168
1.072,0.006048684315761777,0.005853083772476437
1.073,0.005895359610000536,0.005928698723225224
1.074,0.005741023918164962,0.0059999138683786805
1.075,0.00558583179619159,0.00606672239594152
1.076,0.005429936991380434,0.006129124130686947
1.077,0.0052734921034880205,0.006187125434658713
1.078,0.005116648255584938,0.006240739087755143
1.079,0.00495955477598063,0.006289984149354513
1.08,0.004802358892419549,0.0063348858020325464
1.081,0.004645205439647626,0.006375475178503488
1.082,0.004488236581337497,0.006411789172985799
1.083,0.0043315915472463985,0.006443870238251628
1.084,0.004175406386363211,0.006471766169665821
1.085,0.004019813736682116,0.00649552987755522
1.086,0.0038649426121209014,0.00651521914927261
1.087,0.0037109182069832093,0.006530896402332046
1.088,0.003557861718247067,0.006542628429993916
1.089,0.003405890185847942,0.006550486140669373
1.09,0.0032551163510141034,0.006554544292495245
1.091,0.0031056485326062433,0.006554881224402997
1.092,0.0029575905213127217,0.006551578584969284
1.093,0.002811041491457155,0.006544721060292044
1.094,0.002666095930086894,0.006534396102085653
1.095,0.0025228435829296155,0.006520693657132225
1.096,0.0023813694167311903,0.006503705899164608
1.097,0.002241753597421346,0.00648352696419076
1.098,0.002104071483494584,0.006460252690199897
1.099,0.0019683936339423853,0.006433980362118849
1.1,0.0018347858300288985,0.0064048084628133125
1.101,0.001703309110165914,0.006372836430853772
1.102,0.0015740198171138606,0.0063381644256906445
1.103,0.0014469696567134854,0.006300893100808211
1.104,0.0013222057673375758,0.00626112338535283
1.105,0.0011997707992431456,0.006218956274658303
1.106,0.0010797030030015933,0.006174492630020567
1.107,0.0009620363261869966,0.006127832988005593
1.108,0.0008468005175105442,0.006079077379508829
1.109,0.0007340212376016283,0.006028325158722067
1.11,0.0006237201756528912,0.005975674842104476
1.111,0.000515915171167078,0.005921223957399025
1.112,0.00041062034006742864,0.005865068902683637
1.113,0.0003078462044600855,0.005807304815398383
1.114,0.00020759982536618912,0.0057480254512459125
1.115,0.0001098849377725259,0.005687323072822045
1.116,1.4702087382405049e-5,0.005625288347797087
1.117,-7.795123151752129e-5,0.005562010256435952
1.118,-0.00016808043762387055,0.005497576008216347
1.119,-0.0002556937241304997,0.005432070967279194
1.12,-0.0003408019206680718,0.005365578586423853
1.121,-0.0004234183561118171,0.005298180349342448
1.122,-0.000503558722664739,0.005229955720772562
1.123,-0.0005812409415886886,0.005160982104235595
1.124,-0.0006564850309216247,0.005091334807018831
1.125,-0.0007293129754861573,0.005021087012052822
1.126,-0.0007997485994622968,0.004950309756331549
1.127,-0.0008678174417663201,0.0048790719155211
1.128,-0.0009335466344479162,0.004807440194402759
1.129,-0.000996964784289383,0.00473547912279864
1.13,-0.0010581018577636631,0.004663251056631713
1.131,-0.001116989069482479,0.00459081618377747
1.132,-0.0011736587742417945,0.004518232534371058
1.133,-0.001228144362749284,0.004445555995241561
1.134,-0.0012804801610974683,0.004372840328153867
1.135,-0.001330701334026616,0.004300137191548269
1.136,-0.0013788437920034477,0.004227496165478242
1.137,-0.0014249441021250452,0.004154964779457831
1.138,-0.0014690394028421326,0.004082588542941454
1.139,-0.0015111673224820394,0.0040104109781706416
1.14,-0.0015513659015390828,0.003938473655134239
1.141,-0.0015896735186888182,0.0038668162284006833
1.142,-0.0016261288204725008,0.003795476475593155
1.143,-0.0016607706545891414,0.003724490337290555
1.144,-0.0016936380067246678,0.0036538919581493366
1.145,-0.0017247699408408437,0.0035837137290531417
1.146,-0.0017542055428406915,0.0035139863301089204
1.147,-0.0017819838675221678,0.0034447387743197057
1.148,-0.0018081438887276675,0.0033759984517754064
1.149,-0.0018327244525935319,0.0033077911742138816
1.15,-0.0018557642338010636,0.0032401412198151
1.151,-0.0018773016947285204,0.003173071378101366
1.152,-0.0018973750474021503,0.003106602994826402
1.153,-0.0019160222181434574,0.003040756016745469
1.154,-0.0019332808148095223,0.0029755490361677325
1.155,-0.0019491880965232925,0.0029109993352006325
1.156,-0.0019637809457912405,0.002847122929604242
1.157,-0.0019770958429066532,0.002783934612181337
1.158,-0.001989168842537991,0.0027214479956362623
1.159,-0.0020000355524032176,0.002659675554842656
1.16,-0.0020097311139327225,0.002598628668466626
1.161,-0.0020182901848253745,0.002538317659898167
1.162,-0.002025746923404378,0.00247875183744938
1.163,-0.0020321349746818575,0.0024199395337834995
1.164,-0.002037487458043515,0.0023618881445437783
1.165,-0.0020418369564671997,0.0023046041661560334
1.166,-0.002045215507191838,0.0022480932327830186
1.167,-0.002047654593755821,0.002192360152412886
1.168,-0.0020491851393266555,0.002137408942067772
1.169,-0.0020498375012464177,0.002083242862122001
1.17,-0.0020496414667203035,0.0020298644497226434
1.171,-0.002048626249578317,0.00197727555130807
1.172,-0.002046820488042879,0.0019254773542228625
1.173,-0.0020442522434378644,0.0018744704174298956
1.174,-0.002040948999777262,0.0018242547013226325
1.175,-0.0020369376641743084,0.0017748295966427132
1.176,-0.0020322445680145485,0.001726193952509738
1.177,-0.002026895468838844,0.001678346103571801
1.178,-0.0020209155528848354,0.0016312838962867912
1.179,-0.002014329438237818,0.0015850047143457975
1.18,-0.00200716117854436,0.001539505503251107
1.181,-0.0019994342672443,0.0014947827940623092
1.182,-0.001991171642279003,0.0014508327263249023
1.183,-0.001982395691235922,0.0014076510701965677
1.184,-0.0019731282568916106,0.0013652332477869303
1.185,-0.0019633906431173495,0.001323574353727177
1.186,-0.0019532036211135045,0.0012826691749863541
1.187,-0.0019425874359406184,0.0012425122099515378
1.188,-0.0019315618133170268,0.0012030976867893554
1.189,-0.001920145966654538,0.0011644195811065462
1.19,-0.0019083586043053674,0.0011264716329273988
1.191,-0.0018962179369951147,0.0010892473630059807
1.192,-0.0018837416854180899,0.0010527400884911093
1.193,-0.0018709470879727534,0.001016942937961984
1.194,-0.0018578509086164235,0.0009818488658523352
1.195,-0.0018444694448197295,0.0009474506662808343
1.196,-0.0018308185356025514,0.0009137409863053606
1.197,-0.001816913569634391,0.0008807123386185463
1.198,-0.0018027694933832616,0.0008483571137018052
1.199,-0.001788400819298271,0.000816667591454826
1.2,-0.0017738216340121035,0.0007856359523172429
1.201,-0.0017590456065505855,0.000755254287898932
1.202,-0.0017440859965374511,0.0007255146111350791
1.203,-0.0017289556623832987,0.0006964088659818624
1.204,-0.00171366706944856,0.0006679289366682728
1.205,-0.0016982322981710977,0.0006400666565192638
1.206,-0.0016826630521497828,0.0006128138163650865
1.207,-0.001666970666176109,0.0005861621725513206
1.208,-0.0016511661142065604,0.0005601034545637632
1.209,-0.001635260017269079,0.0005346293722819853
1.21,-0.0016192626512975571,0.0005097316228750113
1.211,-0.0016031839548888407,0.00048540189735222236
1.212,-0.001587033536977249,0.0004616318867822298
1.213,-0.0015708206844220977,0.00043841328819210903
1.214,-0.0015545543695041832,0.00041573781015903617
1.215,-0.0015382432573276068,0.00039359717810601874
1.216,-0.0015218957131237236,0.0003719831393130667
1.217,-0.0015055198094543827,0.0003508874676548095
1.218,-0.0014891233333119746,0.0003303019680752288
1.219,-0.0014727137931141324,0.00031021848080984356
1.22,-0.0014562984255912458,0.0002906288853653606
1.221,-0.0014398842025652304,0.00027152510426648125
1.222,-0.0014234778376182656,0.00025289910657924305
1.223,-0.0014070857926504654,0.00023474291121996645
1.224,-0.001390714284325675,0.0002170485900585756
1.225,-0.0013743692904048062,0.00019980827082476975
1.226,-0.0013580565559663208,0.0001830141398252316
1.227,-0.0013417815995136616,0.0001666584444797812
1.228,-0.0013255497189695964,0.00015073349568410873
1.229,-0.0013093659975576028,0.00013523167000645446
1.23,-0.0012932353095705682,0.00012014541172534331
1.231,-0.0012771623260272118,0.00010546723471523097
1.232,-0.001261151520216758,9.118972418667156e-5
1.233,-0.0012452071731325089,7.730553828737968e-5
1.234,-0.0012293333787950643,6.380740957032767e-5
1.235,-0.0012135340494660299,5.0688146334794413e-5
1.236,-0.001197812920753145,3.794063384606454e-5
1.237,-0.0011821735566078405,2.5557835439264907e-5
1.238,-0.0011666193542162993,1.3532793512621442e-5
1.239,-0.0011511535487851695,1.8586304152206362e-6
1.24,-0.0011357792182231242,-9.471450765831877e-6
1.241,-0.0011204992877195236,-2.046416551414882e-5
1.242,-0.0011053165342214744,-3.112614728416785e-5
1.243,-0.0010902335908106239,-4.146394698827402e-5
1.244,-0.0010752529509810602,-5.1484032566752806e-5
1.245,-0.0010603769728197248,-6.119278863655101e-5
1.246,-0.0010456078830907627,-7.059651621497935e-5
1.247,-0.0010309477812252648,-7.970143251464254e-5
1.248,-0.001016398643217871,-8.85136708060284e-5
1.249,-0.0010019623254317212,-9.70392803443293e-5
1.25,-0.0009876405683132475,-0.00010528422635720509
1.251,-0.0009734350000183193,-0.0001132543900903284
1.252,-0.0009593471399512471,-0.00012095556890767987
1.253,-0.0009453784022181671,-0.0001283934764436833
1.254,-0.0009315300989963173,-0.00013557374280438853
1.255,-0.0009178034438207265,-0.00014250191481502347
1.256,-0.0009041995547898253,-0.00014918345631134643
1.257,-0.0008907194576914894,-0.00015562374847233524
1.258,-0.0008773640890510165,-0.00016182809019185142
1.259,-0.0008641342991025299,-0.00016780169848701562
1.26,-0.0008510308546852934,-0.00017354970894112483
1.261,-0.0008380544420664118,-0.00017907717617903266
1.262,-0.000825205669691377,-0.0001843890743730016
1.263,-0.0008124850708639094,-0.0001894902977771198
1.264,-0.0007998931063565295,-0.0001943856612884569
1.265,-0.0007874301669532784,-0.00019907990103321018
1.266,-0.0007750965759259933,-0.0002035776749761682
1.267,-0.0007628925914455233,-0.00020788356355189104
1.268,-0.0007508184089292611,-0.00021200207031607534
1.269,-0.0007388741633263384,-0.00021593762261563941
1.27,-0.0007270599313418266,-0.00021969457227612795
1.271,-0.0007153757336012572,-0.0002232771963050971
1.272,-0.0007038215367567598,-0.0002266896976102008
1.273,-0.0006923972555361016,-0.00022993620573075554
1.274,-0.0006811027547358841,-0.000233020777581616
1.275,-0.0006699378511601425,-0.00023594739820824684
1.276,-0.0006589023155055657,-0.00023871998155192603
1.277,-0.0006479958741945423,-0.00024134237122406445
1.278,-0.0006372182111572112,-0.00024381834128867267
1.279,-0.0006265689695636816,-0.00024615159705205136
1.28,-0.0006160477535075632,-0.00024834577585882426
1.281,-0.0006056541296419297,-0.0002504044478934748
1.282,-0.000595387628768818,-0.0002523311169865864
1.283,-0.000585247747383345,-0.0002541292214250264
1.284,-0.0005752339491735066,-0.0002558021347653477
1.285,-0.0005653456664767013,-0.00025735316664971984
1.286,-0.0005555823016940018,-0.0002587855636237341
1.287,-0.0005459432286631811,-0.00026010250995545965
1.288,-0.0005364277939914757,-0.0002613071284551588
1.289,-0.0005270353183490549,-0.0002624024812951
1.29,-0.0005177650977241424,-0.00026339157082893547
1.291,-0.0005086164046407181,-0.00026427734041013817
1.292,-0.0004995884893397121,-0.00026506267520901846
1.293,-0.0004906805809245824,-0.0002657504030278678
1.294,-0.0004818918884721488,-0.00026634329511379906
1.295,-0.00047322160210954193,-0.00026684406696887865
1.296,-0.0004646688940581031,-0.0002672553791571659
1.297,-0.00045623291964505834,-0.00026757983810829765
1.298,-0.0004479128182837691,-0.00026781999691727766
1.299,-0.0004397077144233479,-0.00026797835614014666
1.3,-0.0004316167184684091,-0.00026805736458523287
1.301,-0.00042363892766970846,-0.0002680594200996955
1.302,-0.00041577342698641045,-0.00026798687035109583
1.303,-0.00040801928992070466,-0.0002678420136037434
1.304,-0.0004003755793254784,-0.00026762709948958366
1.305,-0.0003928413481857361,-0.00026734432977340594
1.306,-0.0003854156403744422,-0.0002669958591121683
1.307,-0.00037809749138344824,-0.0002665837958082464
1.308,-0.0003708859290301509,-0.00026611020255642987
1.309,-0.00036377997414051305,-0.0002655770971845008
1.31,-0.00035677864120906683,-0.0002649864533872413
1.311,-0.00034988093903650166,-0.00026434020145372974
1.312,-0.0003430858713454291,-0.0002636402289877951
1.313,-0.0003363924373749012,-0.00026288838162151154
1.314,-0.0003297996324542476,-0.0002620864637216229
1.315,-0.00032330644855678133,-0.000261236239088799
1.316,-0.00031691187483391377,-0.0002603394316496338
1.317,-0.0003106148981302042,-0.0002593977261413049
1.318,-0.0003044145034798584,-0.00025841276878882136
1.319,-0.0002983096745851799,-0.0002573861679747966
1.32,-0.00029229939427746234,-0.00025631949490168937
1.321,-0.00028638264496080515,-0.0002552142842464647
1.322,-0.0002805584090393189,-0.00025407203480763154
1.323,-0.0002748256693281777,-0.0002528942101446237
1.324,-0.00026918340944896593,-0.0002516822392094939
1.325,-0.0002636306142097544,-0.0002504375169708991
1.326,-0.00025816626997033216,-0.00024916140503036046
1.327,-0.00025278936499300886,-0.0002478552322307857
1.328,-0.00024749888977939385,-0.00024652029525724944
1.329,-0.00024229383739354747,-0.0002451578592300289
1.33,-0.00023717320377189107,-0.00024376915828989995
1.331,-0.00023213598802025303,-0.00024235539617570168
1.332,-0.00022718119269841847,-0.00024091774679418118
1.333,-0.0002223078240925421,-0.00023945735478213655
1.334,-0.00021751489247577417,-0.00023797533606087777
1.335,-0.00021280141235744188,-0.0002364727783830297
1.336,-0.0002081664027211192,-0.0002349507418717055
1.337,-0.00020360888725191078,-0.00023341025955208054
1.338,-0.00019912789455326732,-0.00023185233787540151
1.339,-0.00019472245835364154,-0.00023027795723546736
1.34,-0.00019039161770328694,-0.00022868807247762167
1.341,-0.0001861344171614936,-0.00022708361340029922
1.342,-0.00018194990697454805,-0.00022546548524917078
1.343,-0.00017783714324469722,-0.00022383456920393397
1.344,-0.00017379518809038907,-0.0002221917228577986
1.345,-0.00016982310979805622,-0.00022053778068971834
1.346,-0.00016591998296570194,-0.00021887355452942137
1.347,-0.00016208488863854085,-0.00021719983401529528
1.348,-0.00015831691443694146,-0.00021551738704518237
1.349,-0.0001546151546769098,-0.00021382696022014357
1.35,-0.0001509787104833491,-0.00021212927928125077
1.351,-0.0001474066898963226,-0.00021042504953946772
1.352,-0.0001438982079705425,-0.00020871495629868212
1.353,-0.0001404523868683011,-0.00020699966527195203
1.354,-0.0001370683559460548,-0.00020527982299103017
1.355,-0.0001337452518348673,-0.00020355605720923228
1.356,-0.00013048221851491085,-0.00020182897729771469
1.357,-0.0001272784073842215,-0.00020009917463522829
1.358,-0.00012413297732189756,-0.00019836722299141637
1.359,-0.00012104509474592644,-0.00019663367890372456
1.36,-0.00011801393366581953,-0.00019489908204799137
1.361,-0.00011503867573023051,-0.00019316395560278862
1.362,-0.00011211851026972781,-0.00019142880660758161
1.363,-0.00010925263433488688,-0.00018969412631477878
1.364,-0.00010644025272986444,-0.00018796039053574115
1.365,-0.00010368057804161145,-0.00018622805998082262
1.366,-0.00010097283066487836,-0.00018449758059351106
1.367,-9.831623882316132e-5,-0.0001827693838787421
1.368,-9.571003858573448e-5,-0.00018104388722545598
1.369,-9.315347388090921e-5,-0.0001793214942234687
1.37,-9.06457965056576e-5,-0.000177602594974729
1.371,-8.818626613173354e-5,-0.00017588756639903155
1.372,-8.577415030842126e-5,-0.00017417677253425825
1.373,-8.340872446203748e-5,-0.0001724705648312176
1.374,-8.108927189230981e-5,-0.00017076928244315397
1.375,-7.881508376575092e-5,-0.00016907325250999628
1.376,-7.658545910614431e-5,-0.00016738279043741766
1.377,-7.439970478225449e-5,-0.0001656982001707751
1.378,-7.225713549287115e-5,-0.00016401977446400001
1.379,-7.015707374929389e-5,-0.00016234779514350862
1.38,-6.809884985536091e-5,-0.00016068253336720174
1.381,-6.608180188512233e-5,-0.00015902424987862285
1.382,-6.410527565825566e-5,-0.00015737319525634325
1.383,-6.216862471331854e-5,-0.00015572961015864197
1.384,-6.027121027893073e-5,-0.00015409372556354867
1.385,-5.841240124297486e-5,-0.00015246576300431688
1.386,-5.6591574119903054e-5,-0.00015084593480039406
1.387,-5.480811301623344e-5,-0.00014923444428395537
1.388,-5.306140959431877e-5,-0.00014763148602206687
1.389,-5.135086303446651e-5,-0.0001460372460345435
1.39,-4.967587999548747e-5,-0.00014445190200756725
1.391,-4.803587457374793e-5,-0.00014287562350312927
1.392,-4.643026826079784e-5,-0.0001413085721643603
1.393,-4.485848989964551e-5,-0.0001397509019168127
1.394,-4.331997563974711e-5,-0.0001382027591657564
1.395,-4.1814168890777214e-5,-0.00013666428298955184
1.396,-4.034052027524463e-5,-0.0001351356053291605
1.397,-3.889848758001572e-5,-0.00013361685117385495
1.398,-3.7487535706805605e-5,-0.00013210813874318827
1.399,-3.610713662169563e-5,-0.0001306095796652831
1.4,-3.475676930373388e-5,-0.00012912127915149914
1.401,-3.34359196926734e-5,-0.00012764333616753832
1.402,-3.214408063590151e-5,-0.00012617584360104489
1.403,-3.0880751834611416e-5,-0.00012471888842575861
1.404,-2.9645439789266126e-5,-0.00012327255186227732
1.405,-2.843765774440274e-5,-0.00012183690953548506
1.406,-2.7256925632823887e-5,-0.00012041203162870151
1.407,-2.6102770019221334e-5,-0.00011899798303460738
1.408,-2.497472404327549e-5,-0.00011759482350300008
1.409,-2.387232736227301e-5,-0.00011620260778543343
1.41,-2.279512609328328e-5,-0.00011482138577679395
1.411,-2.1742672754933294e-5,-0.00011345120265386669
1.412,-2.0714526208819e-5,-0.00011209209901094171
1.413,-1.9710251600589917e-5,-0.00011074411099251255
1.414,-1.8729420300742682e-5,-0.00010940727042311723
1.415,-1.7771609845157768e-5,-0.0001080816049343711
1.416,-1.6836403875412588e-5,-0.00010676713808924131
1.417,-1.592339207890294e-5,-0.00010546388950361091
1.418,-1.5032170128803668e-5,-0.00010417187496518059
1.419,-1.4162339623898284e-5,-0.00010289110654975555
1.42,-1.3313508028306251e-5,-0.00010162159273496378
1.421,-1.2485288611135574e-5,-0.00010036333851145188
1.422,-1.1677300386087315e-5,-9.911634549160394e-5
1.423,-1.0889168051037721e-5,-9.7880612015828e-5
1.424,-1.0120521927622623e-5,-9.665613325645428e-5
1.425,-9.370997900847895e-6,-9.544290131928891e-5
1.426,-8.64023735874881e-6,-9.424090534286569e-5
1.427,-7.927887132120287e-6,-9.305013159543862e-5
1.428,-7.2335994343391545e-6,-9.187056356975645e-5
1.429,-6.557031801298702e-6,-9.070218207566081e-5
1.43,-5.897847031475017e-6,-8.954496533054801e-5
1.431,-5.2557131261438075e-6,-8.839888904773473e-5
1.432,-4.63030322976564e-6,-8.726392652276681e-5
1.433,-4.021295570556779e-6,-8.614004871770988e-5
1.434,-3.428373401262117e-6,-8.502722434345996e-5
1.435,-2.85122494014596e-6,-8.392541994011185e-5
1.436,-2.2895433122157607e-6,-8.28345999554221e-5
1.437,-1.7430264906932427e-6,-8.175472682140303e-5
1.438,-1.211377238746705e-6,-8.068576102908407e-5
1.439,-6.943030514976813e-7,-7.962766120147525e-5
1.44,-1.9151609831452445e-7,-7.858038416476805e-5
1.441,2.9726683459509805e-7,-7.754388501780789e-5
1.442,7.723244012813848e-7,-7.651811719987154e-5
1.443,1.233930752828389e-6,-7.550303255678344e-5
1.444,1.6823555937984875e-6,-7.449858140540273e-5
1.445,2.1178642383355163e-6,-7.350471259651391e-5
1.446,2.5407176659172644e-6,-7.252137357615221e-5
1.447,2.9511725767485076e-6,-7.154851044539532e-5
1.448,3.3494814467862313e-6,-7.058606801865152e-5
1.449,3.735892582389151e-6,-6.963398988047502e-5
1.45,4.11065017458409e-6,-6.869221844093746e-5
1.451,4.473994352942193e-6,-6.776069498958535e-5
1.452,4.82616123905838e-6,-6.683935974801168e-5
1.453,5.167382999627842e-6,-6.592815192107016e-5
1.454,5.497887899113776e-6,-6.502700974675963e-5
1.455,5.817900352000941e-6,-6.413587054480605e-5
1.456,6.127640974629956e-6,-6.325467076396889e-5
1.457,6.427326636607653e-6,-6.238334602809802e-5
1.458,6.717170511789119e-6,-6.152183118096742e-5
1.459,6.997382128827386e-6,-6.067006032991073e-5
1.46,7.2681674212870785e-6,-5.9827966888284025e-5
1.461,7.529728777318597e-6,-5.8995483616780195e-5
1.462,7.782265088889761e-6,-5.817254266361916e-5
1.463,8.025971800572077e-6,-5.735907560363773e-5
1.464,8.261040957879133e-6,-5.65550134763023e-5
1.465,8.487661255154828e-6,-5.5760286822667527e-5
1.466,8.706018083009458e-6,-5.497482572130323e-5
1.467,8.916293575301917e-6,-5.419855982321191e-5
1.468,9.118666655666488e-6,-5.3431418385758456e-5
1.469,9.313313083582985e-6,-5.267333030563341e-5
1.47,9.500405499989181e-6,-5.192422415087084e-5
1.471,9.680113472434713e-6,-5.118402819194122e-5
1.472,9.85260353977584e-6,-5.0452670431939854e-5
1.473,1.0018039256410666e-5,-4.9730078635890246e-5
1.474,1.0176581236054586e-5,-4.901618035918237e-5
1.475,1.0328387195055942e-5,-4.8310902975164655e-5
1.476,1.0473611995252052e-5,-4.7614173701908585e-5
1.477,1.0612407686365925e-5,-4.692591962816436e-5
1.478,1.0744923547944164e-5,-4.624606773852566e-5
1.479,1.087130613083672e-5,-4.55745449378214e-5
1.48,1.0991699298219295e-5,-4.491127807475168e-5
1.481,1.1106244266159364e-5,-4.425619396478535e-5
1.482,1.1215079643726933e-5,-4.3609219412335653e-5
1.483,1.1318341472651222e-5,-4.297028123223066e-5
1.484,1.1416163266524712e-5,-4.233930627049457e-5
1.485,1.1508676049555996e-5,-4.171622142445567e-5
1.486,1.1596008394873078e-5,-4.110095366219665e-5
1.487,1.1678286462378843e-5,-4.04934300413624e-5
1.488,1.1755634036160549e-5,-3.989357772734029e-5
1.489,1.1828172561455269e-5,-3.93013240108277e-5
1.49,1.1896021181173353e-5,-3.871659632480105e-5
1.491,1.1959296771982032e-5,-3.813932226090052e-5
1.492,1.2018113979951429e-5,-3.75694295852444e-5
1.493,1.2072585255765259e-5,-3.700684625368638e-5
1.494,1.2122820889498656e-5,-3.645150042652942e-5
1.495,1.2168929044965604e-5,-3.590332048270896e-5
1.496,1.2211015793638523e-5,-3.5362235033458446e-5
1.497,1.2249185148142649e-5,-3.4828172935469614e-5
1.498,1.2283539095327904e-5,-3.430106330355989e-5
1.499,1.2314177628921017e-5,-3.378083552285885e-5
1.5,1.2341198781760721e-5,-3.326741926052566e-5
1.501,1.2364698657618911e-5,-3.276074447700902e-5
1.502,1.238477146261068e-5,-3.226074143686088e-5
1.503,1.2401509536196244e-5,-3.176734071911515e-5
1.504,1.2415003381777757e-5,-3.1280473227242215e-5
1.505,1.2425341696894128e-5,-3.080007019868996e-5
1.506,1.2432611403016918e-5,-3.0326063214021668e-5
1.507,1.2436897674950521e-5,-2.985838420566113e-5
1.508,1.243828396983978e-5,-2.939696546625492e-5
1.509,1.243685205578829e-5,-2.894173965666168e-5
1.51,1.2432682040090643e-5,-2.8492639813577998e-5
1.511,1.2425852397081905e-5,-2.804959935681033e-5
1.512,1.2416439995607617e-5,-2.7612552096202156e-5
1.513,1.2404520126117704e-5,-2.7181432238225412e-5
1.514,1.2390166527387596e-5,-2.6756174392245036e-5
1.515,1.2373451412869985e-5,-2.6336713576465257e-5
1.516,1.235444549668059e-5,-2.5922985223566128e-5
1.517,1.233321801922137e-5,-2.551492518603857e-5
1.518,1.2309836772444556e-5,-2.5112469741226056e-5
1.519,1.2284368124761026e-5,-2.471555559608087e-5
1.52,1.2256877045596387e-5,-2.4324119891642715e-5
1.521,1.2227427129598277e-5,-2.3938100207247265e-5
1.522,1.2196080620498338e-5,-2.355743456447213e-5
1.523,1.2162898434632305e-5,-2.3182061430827492e-5
1.524,1.2127940184121728e-5,-2.281191972319854e-5
1.525,1.2091264199720757e-5,-2.244694881104667e-5
1.526,1.2052927553331508e-5,-2.2087088519376288e-5
1.527,1.2012986080191443e-5,-2.1732279131473867e-5
1.528,1.197149440073628e-5,-2.1382461391425764e-5
1.529,1.1928505942141867e-5,-2.103757650642121e-5
1.53,1.1884072959548505e-5,-2.0697566148846698e-5
1.531,1.1838246556971182e-5,-2.0362372458177824e-5
1.532,1.1791076707899155e-5,-2.0031938042674632e-5
1.533,1.1742612275588339e-5,-1.97062059808862e-5
1.534,1.1692901033049937e-5,-1.938511982297024e-5
1.535,1.164198968273874e-5,-1.9068623591833198e-5
1.536,1.158992387594449e-5,-1.875666178409642e-5
1.537,1.1536748231889754e-5,-1.8449179370893575e-5
1.538,1.1482506356537652e-5,-1.8146121798504607e-5
1.539,1.1427240861112851e-5,-1.7847434988831305e-5
1.54,1.1370993380339173e-5,-1.7553065339719396e-5
1.541,1.1313804590397164e-5,-1.7262959725132094e-5
1.542,1.125571422660496e-5,-1.697706549517974e-5
1.543,1.119676110082578e-5,-1.669533047601027e-5
1.544,1.1136983118605306e-5,-1.641770296956495e-5
1.545,1.1076417296042278e-5,-1.614413175320381e-5
1.546,1.1015099776395525e-5,-1.587456607920513e-5
1.547,1.095306584643071e-5,-1.560895567414314e-5
1.548,1.0890349952509981e-5,-1.5347250738148052e-5
1.549,1.0826985716427762e-5,-1.5089401944052434e-5
1.55,1.0763005950995837e-5,-1.483536043642789e-5
1.551,1.0698442675380916e-5,-1.4585077830515784e-5
1.552,1.0633327130197801e-5,-1.433850621105581e-5
1.553,1.0567689792361294e-5,-1.4095598131016016e-5
1.554,1.0501560389699918e-5,-1.3856306610227829e-5
1.555,1.0434967915334542e-5,-1.3620585133929575e-5
1.556,1.036794064182496e-5,-1.3388387651221847e-5
1.557,1.0300506135087446e-5,-1.3159668573438018e-5
1.558,1.0232691268086278e-5,-1.2934382772433153e-5
1.559,1.0164522234302247e-5,-1.2712485578794404e-5
1.56,1.0096024560981056e-5,-1.2493932779975985e-5
1.561,1.0027223122164598e-5,-1.2278680618361689e-5
1.562,9.958142151507953e-6,-1.2066685789257872e-5
1.563,9.888805254885056e-6,-1.1857905438819709e-5
1.564,9.819235422785841e-6,-1.1652297161913525e-5
1.565,9.749455042507709e-6,-1.1449818999917847e-5
1.566,9.67948591014414e-6,-1.1250429438465839e-5
1.567,9.609349242373213e-6,-1.1054087405131643e-5
1.568,9.539065688048784e-6,-1.0860752267063147e-5
1.569,9.468655339597084e-6,-1.0670383828563574e-5
1.57,9.3981377442214e-6,-1.0482942328624273e-5
1.571,9.327531914917544e-6,-1.0298388438411004e-5
1.572,9.256856341302755e-6,-1.011668325870596e-5
1.573,9.186129000260655e-6,-9.937788317307697e-6
1.574,9.115367366404861e-6,-9.761665566391099e-6
1.575,9.044588422363843e-6,-9.588277379829443e-6
1.576,8.973808668889537e-6,-9.417586550480576e-6
1.577,8.903044134792283e-6,-9.24955628743914e-6
1.578,8.832310386704543e-6,-9.084150213256774e-6
1.579,8.761622538675893e-6,-8.921332361132116e-6
1.58,8.690995261601723e-6,-8.761067172072424e-6
1.581,8.620442792488052e-6,-8.603319492028544e-6
1.582,8.549978943554883e-6,-8.448054569004942e-6
1.583,8.479617111180419e-6,-8.295238050146443e-6
1.584,8.409370284688503e-6,-8.144835978803277e-6
1.585,8.339251054981611e-6,-7.996814791576009e-6
1.586,8.269271623021648e-6,-7.851141315341842e-6
1.587,8.199443808160829e-6,-7.707782764263793e-6
1.588,8.1297790563249e-6,-7.566706736784146e-6
1.589,8.060288448050864e-6,-7.427881212603579e-6
1.59,7.990982706381447e-6,-7.291274549647321e-6
1.591,7.921872204618416e-6,-7.156855481019621e-6
1.592,7.852966973936939e-6,-7.0245931119478245e-6
1.593,7.784276710863037e-6,-6.894456916717261e-6
1.594,7.715810784616254e-6,-6.766416735598156e-6
1.595,7.647578244319592e-6,-6.6404427717657095e-6
1.596,7.5795878260787486e-6,-6.516505588214468e-6
1.597,7.5118479599326525e-6,-6.394576104668071e-6
1.598,7.444366776677314e-6,-6.274625594485432e-6
1.599,7.377152114564914e-6,-6.156625681564362e-6
1.6,7.310211525880105e-6,-6.040548337243628e-6
1.601,7.243552283395409e-6,-5.926365877204407e-6
1.602,7.17718138670762e-6,-5.814050958372047e-6
1.603,7.111105568457071e-6,-5.703576575819033e-6
1.604,7.0453313004316045e-6,-5.594916059670038e-6
1.605,6.97986479955707e-6,-5.488043072009869e-6
1.606,6.914712033776143e-6,-5.382931603795132e-6
1.607,6.849878727817242e-6,-5.2795559717704e-6
1.608,6.785370368855281e-6,-5.177890815389624e-6
1.609,6.721192212066003e-6,-5.077911093743529e-6
1.61,6.657349286075582e-6,-4.9795920824936834e-6
1.611,6.593846398307188e-6,-4.882909370813935e-6
1.612,6.53068814022617e-6,-4.787838858339857e-6
1.613,6.467878892485494e-6,-4.694356752126832e-6
1.614,6.4054228299730564e-6,-4.6024395636173945e-6
1.615,6.343323926762464e-6,-4.512064105618396e-6
1.616,6.2815859609688575e-6,-4.423207489288575e-6
1.617,6.22021251951133e-6,-4.335847121137063e-6
1.618,6.159207002783467e-6,-4.2499607000333495e-6
1.619,6.09857262923353e-6,-4.165526214229198e-6
1.62,6.038312439855752e-6,-4.082521938393016e-6
1.621,5.978429302594244e-6,-4.000926430657106e-6
1.622,5.918925916660937e-6,-3.920718529678279e-6
1.623,5.8598048167689965e-6,-3.841877351712216e-6
1.624,5.801068377283122e-6,-3.7643822877020193e-6
1.625,5.742718816288119e-6,-3.68821300038131e-6
1.626,5.684758199577108e-6,-3.613349421392269e-6
1.627,5.627188444560733e-6,-3.5397717484189653e-6
1.628,5.570011324098692e-6,-3.4674604423363103e-6
1.629,5.513228470254894e-6,-3.396396224374966e-6
1.63,5.456841377977569e-6,-3.3265600733025127e-6
1.631,5.400851408705561e-6,-3.2579332226211744e-6
1.632,5.345259793902101e-6,-3.1904971577823738e-6
1.633,5.2900676385172755e-6,-3.12423361341839e-6
1.634,5.235275924380422e-6,-3.0591245705913646e-6
1.635,5.18088551352365e-6,-2.995152254059898e-6
1.636,5.12689715143768e-6,-2.9322991295634615e-6
1.637,5.073311470261157e-6,-2.870547901124834e-6
1.638,5.020128991904606e-6,-2.8098815083707694e-6
1.639,4.967350131110151e-6,-2.7502831238710807e-6
1.64,4.9149751984481215e-6,-2.6917361504963173e-6
1.641,4.863004403251647e-6,-2.6342242187942027e-6
1.642,4.811437856490324e-6,-2.5777311843849883e-6
1.643,4.760275573584017e-6,-2.5222411253758664e-6
1.644,4.709517477157866e-6,-2.467738339794578e-6
1.645,4.659163399739514e-6,-2.4142073430423366e-6
1.646,4.609213086399587e-6,-2.3616328653661898e-6
1.647,4.559666197336437e-6,-2.309999849350911e-6
1.648,4.510522310406127e-6,-2.259293447430534e-6
1.649,4.4617809235986386e-6,-2.2094990194195986e-6
1.65,4.413441457461273e-6,-2.1606021300642055e-6
1.651,4.365503257470167e-6,-2.112588546612932e-6
1.652,4.317965596350884e-6,-2.0654442364076843e-6
1.653,4.27082767634897e-6,-2.019155364494532e-6
1.654,4.2240886314514015e-6,-1.973708291254578e-6
1.655,4.177747529559795e-6,-1.9290895700548936e-6
1.656,4.131803374616267e-6,-1.885285944919564e-6
1.657,4.08625510868279e-6,-1.8422843482208546e-6
1.658,4.041101613974916e-6,-1.8000718983905284e-6
1.659,3.996341714850676e-6,-1.758635897651318e-6
1.66,3.951974179755492e-6,-1.7179638297685641e-6
1.661,3.907997723123914e-6,-1.6780433578220145e-6
1.662,3.864411007238961e-6,-1.6388623219977806e-6
1.663,3.821212644049864e-6,-1.6004087374004378e-6
1.664,3.7784011969489727e-6,-1.5626707918852533e-6
1.665,3.7359751825085944e-6,-1.525636843910516e-6
1.666,3.693933072178496e-6,-1.4892954204099428e-6
1.667,3.6522732939448184e-6,-1.4536352146851279e-6
1.668,3.610994233951115e-6,-1.4186450843179956e-6
1.669,3.570094238082232e-6,-1.3843140491032146e-6
1.67,3.5295716135117247e-6,-1.3506312890005293e-6
1.671,3.4894246302135004e-6,-1.317586142106953e-6
1.672,3.449651522438364e-6,-1.2851681026487702e-6
1.673,3.4102504901561323e-6,-1.2533668189932879e-6
1.674,3.3712197004639702e-6,-1.2221720916802725e-6
1.675,3.3325572889615947e-6,-1.191573871473006e-6
1.676,3.2942613610939777e-6,-1.1615622574288886e-6
1.677,3.2563299934621754e-6,-1.1321274949895184e-6
1.678,3.2187612351028896e-6,-1.1032599740901662e-6
1.679,3.181553108737371e-6,-1.0749502272885672e-6
1.68,3.1447036119902516e-6,-1.0471889279129476e-6
1.681,3.108210718578891e-6,-1.0199668882291956e-6
1.682,3.0720723794738104e-6,-9.932750576270931e-7
1.683,3.036286524030775e-6,-9.671045208255112e-7
1.684,3.000851061095081e-6,-9.414464960964792e-7
1.685,2.965763880078591e-6,-9.162923335080274e-7
1.686,2.931022852010053e-6,-8.916335131857069e-7
1.687,2.896625830559228e-6,-8.674616435926824e-7
1.688,2.8625706530353485e-6,-8.437684598282984e-7
1.689,2.828855141360409e-6,-8.205458219450085e-7
1.69,2.7954771030177934e-6,-7.977857132835648e-7
1.691,2.7624343319767325e-6,-7.754802388263551e-7
1.692,2.7297246095930663e-6,-7.536216235687786e-7
1.693,2.6973457054867975e-6,-7.322022109085461e-7
1.694,2.6652953783968905e-6,-7.112144610527925e-7
1.695,2.633571377013784e-6,-6.906509494428828e-7
1.696,2.6021714407900624e-6,-6.705043651967982e-7
1.697,2.571093300729731e-6,-6.507675095689803e-7
1.698,2.540334680156528e-6,-6.314332944275163e-7
1.699,2.5098932954617026e-6,-6.124947407485437e-7
1.7,2.4797668568316813e-6,-5.939449771277515e-7
1.701,2.4499530689560256e-6,-5.757772383088558e-7
1.702,2.4204496317161006e-6,-5.579848637289272e-7
1.703,2.391254240854841e-6,-5.40561296080442e-7
1.704,2.36236458862801e-6,-5.235000798899354e-7
1.705,2.3337783644373382e-6,-5.067948601131267e-7
1.706,2.3054932554459137e-6,-4.904393807463927e-7
1.707,2.277506947176202e-6,-4.7442748345445924e-7
1.708,2.24981712409105e-6,-4.5875310621418366e-7
1.709,2.2224214701580426e-6,-4.434102819742999e-7
1.71,2.1953176693975558e-6,-4.2839313733099574e-7
1.711,2.168503406414852e-6,-4.1369589121919347e-7
1.712,2.141976366916562e-6,-3.993128536194039e-7
1.713,2.115734238211877e-6,-3.8523842428002277e-7
1.714,2.089774709698786e-6,-3.7146709145494046e-7
1.715,2.0640954733356743e-6,-3.5799343065633194e-7
1.716,2.0386942240986e-6,-3.4481210342249874e-7
1.717,2.013568660424557e-6,-3.319178561006293e-7
1.718,1.988716484641028e-6,-3.1930551864434846e-7
1.719,1.9641354033821264e-6,-3.0697000342592397e-7
1.72,1.9398231279916183e-6,-2.949063040629992e-7
1.721,1.9157773749131115e-6,-2.8310949425972043e-7
1.722,1.8919958660676988e-6,-2.715747266621284e-7
1.723,1.8684763292193212e-6,-2.602972317276825e-7
1.724,1.8452164983281345e-6,-2.4927231660878724e-7
1.725,1.8222141138921378e-6,-2.3849536405019003e-7
1.726,1.7994669232773297e-6,-2.279618313001202e-7
1.727,1.7769726810366454e-6,-2.1766724903503873e-7
1.728,1.754729149217931e-6,-2.076072202978691e-7
1.729,1.7327340976611978e-6,-1.9777741944957965e-7
1.73,1.710985304285401e-6,-1.8817359113398783e-7
1.731,1.689480555364983e-6,-1.7879154925565793e-7
1.732,1.6682176457964095e-6,-1.6962717597076354e-7
1.733,1.6471943793549323e-6,-1.6067642069078662e-7
1.734,1.6264085689418021e-6,-1.5193529909892544e-7
1.735,1.6058580368221503e-6,-1.4339989217908458e-7
1.736,1.5855406148537563e-6,-1.3506634525731954e-7
1.737,1.5654541447069163e-6,-1.2693086705561069e-7
1.738,1.5455964780756146e-6,-1.1898972875783981e-7
1.739,1.5259654768802087e-6,-1.1123926308784492e-7
1.74,1.5065590134618225e-6,-1.0367586339942833e-7
1.741,1.4873749707686474e-6,-9.62959827781939e-8
1.742,1.4684112425343439e-6,-8.90961331550904e-8
1.743,1.4496657334487277e-6,-8.207288443153772e-8
1.744,1.431136359320933e-6,-7.522286361601412e-8
1.745,1.4128210472352268e-6,-6.854275397198272e-8
1.746,1.3947177356996581e-6,-6.202929417703648e-8
1.747,1.376824374787712e-6,-5.567927749314145e-8
1.748,1.3591389262731434e-6,-4.9489550947858724e-8
1.749,1.3416593637581528e-6,-4.3457014526426266e-8
1.75,1.3243836727950764e-6,-3.757862037458254e-8
1.751,1.3073098510017426e-6,-3.185137201201456e-8
1.752,1.29043590817066e-6,-2.627232355631359e-8
1.753,1.273759866372186e-6,-2.0838578957322765e-8
1.754,1.2572797600518326e-6,-1.5547291241761246e-8
1.755,1.2409936361218544e-6,-1.0395661768010706e-8
1.756,1.224899554047266e-6,-5.380939490950368e-9
1.757,1.2089955859264293e-6,-5.004202367278407e-10
1.758,1.193279816566356e-6,4.248554012646383e-9
1.759,1.1777503435528547e-6,8.868595824992005e-9
1.76,1.1624052773156617e-6,1.3362273014050065e-8
1.761,1.1472427411886873e-6,1.7732109326081828e-8
1.762,1.1322608714655028e-6,2.1980585117084246e-8
1.763,1.1174578174501968e-6,2.6110138020730067e-8
1.764,1.1028317415037249e-6,3.01231636071398e-8
1.765,1.0883808190858716e-6,3.402201603259193e-8
1.766,1.074103238792945e-6,3.780900868027691e-8
1.767,1.0599972023913176e-6,4.1486414792199745e-8
1.768,1.0460609248469315e-6,4.505646809233498e-8
1.769,1.0322926343508735e-6,4.852136340113717e-8
1.77,1.0186905723411332e-6,5.188325724150904e-8
1.771,1.0052529935206495e-6,5.514426843632872e-8
1.772,9.919781658717503e-7,5.8306478697636525e-8
1.773,9.788643706670848e-7,6.137193320758097e-8
1.774,9.659099024771545e-7,6.434264119122285e-8
1.775,9.531130691745335e-7,6.722057648129537e-8
1.776,9.404721919348796e-7,7.000767807501727e-8
1.777,9.279856052348283e-7,7.270585068305554e-8
1.778,9.156516568468588e-7,7.53169652707327e-8
1.779,9.034687078312273e-7,7.784285959157363e-8
1.78,8.914351325250495e-7,8.028533871328534e-8
1.781,8.795493185286226e-7,8.264617553626258e-8
1.782,8.678096666890696e-7,8.492711130471147e-8
1.783,8.562145910813868e-7,8.71298561104821e-8
1.784,8.447625189869773e-7,8.925608938970038e-8
1.785,8.334518908697476e-7,9.130746041228887e-8
1.786,8.22281160349845e-7,9.328558876446472e-8
1.787,8.112487941751104e-7,9.519206482430303e-8
1.788,8.003532721903214e-7,9.702845023045203e-8
1.789,7.895930873042963e-7,9.879627834408651e-8
1.79,7.789667454549302e-7,1.0049705470418459e-7
1.791,7.684727655722319e-7,1.0213225747621222e-7
1.792,7.581096795394284e-7,1.0370333789429906e-7
1.793,7.478760321522038e-7,1.0521172069698836e-7
1.794,7.377703810761353e-7,1.0665880455664287e-7
1.795,7.277912968023905e-7,1.0804596250258783e-7
1.796,7.179373626017475e-7,1.0937454233807121e-7
1.797,7.082071744769952e-7,1.1064586705112077e-7
1.798,6.985993411137768e-7,1.1186123521937659e-7
1.799,6.891124838299291e-7,1.1302192140897671e-7
1.8,6.79745236523377e-7,1.1412917656757316e-7
1.801,6.704962456186362e-7,1.1518422841155434e-7
1.802,6.613641700119773e-7,1.1618828180754941e-7
1.803,6.523476810153042e-7,1.1714251914828906e-7
1.804,6.434454622987976e-7,1.1804810072289669e-7
1.805,6.346562098323718e-7,1.1890616508168305e-7
1.806,6.259786318259965e-7,1.1971782939551637e-7
1.807,6.174114486689262e-7,1.2048418980983984e-7
1.808,6.089533928678888e-7,1.2120632179340677e-7
1.809,6.006032089842737e-7,1.2188528048180356e-7
1.81,5.923596535703663e-7,1.2252210101582995e-7
1.811,5.842214951046714e-7,1.2311779887480429e-7
1.812,5.761875139263662e-7,1.2367337020486214e-7
1.813,5.682565021689247e-7,1.241897921423149e-7
1.814,5.604272636929542e-7,1.2466802313213456e-7
1.815,5.526986140182801e-7,1.2510900324163015e-7
1.816,5.4506938025532e-7,1.2551365446938038e-7
1.817,5.375384010357817e-7,1.2588288104948693e-7
1.818,5.301045264427235e-7,1.262175697512111e-7
1.819,5.22766617940008e-7,1.2651859017405653e-7
1.82,5.15523548301189e-7,1.2678679503836014e-7
1.821,5.083742015378599e-7,1.2702302047145195e-7
1.822,5.013174728274996e-7,1.2722808628944437e-7
1.823,4.943522684408446e-7,1.274027962747108e-7
1.824,4.874775056688219e-7,1.2754793844911252e-7
1.825,4.806921127490685e-7,1.2766428534303198e-7
1.826,4.739950287920702e-7,1.2775259426027046e-7
1.827,4.6738520370694616e-7,1.2781360753886694e-7
1.828,4.6086159812690807e-7,1.278480528078945e-7
1.829,4.5442318333442006e-7,1.278566432402899e-7
1.83,4.480689411860865e-7,1.2784007780177153e-7
1.831,4.417978640372925e-7,1.2779904149589942e-7
1.832,4.3560895466662243e-7,1.2773420560533207e-7
1.833,4.2950122620008054e-7,1.2764622792933218e-7
1.834,4.2347370203513694e-7,1.2753575301757407e-7
1.835,4.1752541576462257e-7,1.2740341240030476e-7
1.836,4.116554111004943e-7,1.272498248149095e-7
1.837,4.0586274179749264e-7,1.2707559642893244e-7
1.838,4.00146471576713e-7,1.2688132105960265e-7
1.839,3.945056740491103e-7,1.2666758038991417e-7
1.84,3.889394326389571e-7,1.2643494418130938e-7
1.841,3.8344684050727525e-7,1.261839704830135e-7
1.842,3.780270004752579e-7,1.2591520583806795e-7
1.843,3.726790249477021e-7,1.2562918548610911e-7
1.844,3.674020358364684e-7,1.2532643356293942e-7
1.845,3.6219516448398434e-7,1.2500746329693594e-7
1.846,3.570575515868091e-7,1.246727772023422e-7
1.847,3.519883471192753e-7,1.2432286726948746e-7
1.848,3.469867102572231e-7,1.2395821515197782e-7
1.849,3.4205180930184164e-7,1.235792923509024e-7
1.85,3.3718282160363323e-7,1.2318656039609796e-7
1.851,3.323789334865134e-7,1.22780471024514e-7
1.852,3.276393401720614e-7,1.223614663557204e-7
1.853,3.229632457039338e-7,1.2192997906459908e-7
1.854,3.1834986287245465e-7,1.214864325512603e-7
1.855,3.1379841313939365e-7,1.2103124110822407e-7
1.856,3.0930812656294565e-7,1.2056481008490634e-7
1.857,3.0487824172292185e-7,1.2008753604944954e-7
1.858,3.0050800564616485e-7,1.1959980694793572e-7
1.859,2.9619667373219764e-7,1.1910200226102115e-7
1.86,2.9194350967911764e-7,1.185944931580299e-7
1.861,2.877477854097455e-7,1.1807764264854354e-7
1.862,2.8360878099803833e-7,1.1755180573152406e-7
1.863,2.7952578459577716e-7,1.1701732954200622e-7
1.864,2.754980923595374e-7,1.1647455349539514e-7
1.865,2.7152500837795054e-7,1.1592380942940458e-7
1.866,2.6760584459926693e-7,1.1536542174367075e-7
1.867,2.637399207592256e-7,1.1479970753707633e-7
1.868,2.599265643092412e-7,1.1422697674281829e-7
1.869,2.5616511034491324e-7,1.1364753226125356e-7
1.87,2.524549015348667e-7,1.130616700905553e-7
1.871,2.4879528804992974e-7,1.1246967945521262e-7
1.872,2.451856274926555e-7,1.1187184293240583e-7
1.873,2.416252848271941e-7,1.1126843657628929e-7
1.874,2.3811363230952127e-7,1.1065973004021294e-7
1.875,2.346500494180289e-7,1.1004598669691366e-7
1.876,2.3123392278448353e-7,1.0942746375670698e-7
1.877,2.2786464612535748e-7,1.0880441238370922e-7
1.878,2.2454162017353826e-7,1.0817707781011973e-7
1.879,2.212642526104207e-7,1.0754569944859285e-7
1.88,2.1803195799838639e-7,1.0691051100272808e-7
1.881,2.1484415771367478e-7,1.062717405757073e-7
1.882,2.117002798796503e-7,1.0562961077710719e-7
1.883,2.085997593004689e-7,1.0498433882791435e-7
1.884,2.0554203739514829e-7,1.0433613666377082e-7
1.885,2.025265621320449e-7,1.0368521103647687e-7
1.886,1.9955278796374113e-7,1.0303176361377752e-7
1.887,1.9662017576234585e-7,1.0237599107745944e-7
1.888,1.937281927552111e-7,1.0171808521978378e-7
1.889,1.9087631246106781e-7,1.010582330382808e-7
1.89,1.8806401462658284e-7,1.0039661682893108e-7
1.891,1.852907851633401e-7,9.973341427775864e-8
1.892,1.8255611608524734e-7,9.906879855086013e-8
1.893,1.7985950544637162e-7,9.840293838289441e-8
1.894,1.772004572792041e-7,9.773599816405624e-8
1.895,1.74578481533357e-7,9.706813802555769e-8
1.896,1.7199309401469358e-7,9.639951392364032e-8
1.897,1.6944381632489292e-7,9.573027772214114e-8
1.898,1.6693017580145053e-7,9.506057727363461e-8
1.899,1.6445170545811614e-7,9.43905564991731e-8
1.9,1.6200794392576954e-7,9.372035546664768e-8
1.901,1.5959843539373547e-7,9.305011046779065e-8
1.902,1.5722272955153804e-7,9.237995409384126e-8
1.903,1.5488038153109553e-7,9.17100153098956e-8
1.904,1.5257095184935612e-7,9.10404195279611e-8
1.905,1.5029400635137455e-7,9.037128867873638e-8
1.906,1.4804911615383042e-7,8.970274128213623e-8
1.907,1.4583585758898795e-7,8.903489251658166e-8
1.908,1.4365381214909742e-7,8.836785428707458e-8
1.909,1.4150256643123814e-7,8.770173529207621e-8
1.91,1.3938171208260277e-7,8.703664108920837e-8
1.911,1.372908457462229e-7,8.637267415979614e-8
1.912,1.352295690071352e-7,8.570993397227049e-8
1.913,1.3319748833898793e-7,8.504851704444897e-8
1.914,1.3119421505108738e-7,8.438851700471227e-8
1.915,1.2921936523588323e-7,8.37300246520944e-8
1.916,1.2727255971689236e-7,8.307312801530392e-8
1.917,1.253534239970604e-7,8.24179124106931e-8
1.918,1.234615882075598e-7,8.176446049919216e-8
1.919,1.21596687057024e-7,8.111285234222513e-8
1.92,1.1975835978121598e-7,8.046316545662362e-8
1.921,1.1794625009313079e-7,7.981547486855472e-8
1.922,1.1616000613353041e-7,7.916985316647911e-8
1.923,1.1439928042190985e-7,7.852637055315474e-8
1.924,1.126637298078933e-7,7.788509489670176e-8
1.925,1.1095301542305876e-7,7.724609178074385e-8
1.926,1.0926680263318994e-7,7.660942455364098e-8
1.927,1.0760476099095378e-7,7.597515437682833e-8
1.928,1.059665641890021e-7,7.534334027227593e-8
1.929,1.0435189001349595e-7,7.471403916908339e-8
1.93,1.0276042029805062e-7,7.408730594922397e-8
1.931,1.0119184087810013e-7,7.34631934924515e-8
1.932,9.964584154567903e-8,7.284175272038445e-8
1.933,9.812211600461995e-8,7.222303263978015e-8
1.934,9.662036182616502e-8,7.160708038501278e-8
1.935,9.514028040498923e-8,7.099394125976803e-8
1.936,9.36815769156339e-8,7.038365877796754e-8
1.937,9.224396026934817e-8,6.977627470393571e-8
1.938,9.082714307133673e-8,6.917182909182129e-8
1.939,8.943084157841152e-8,6.85703603242865e-8
1.94,8.805477565704553e-8,6.797190515047536e-8
1.941,8.669866874182641e-8,6.73764987232734e-8
1.942,8.536224779430803e-8,6.678417463587066e-8
1.943,8.404524326225747e-8,6.619496495763939e-8
1.944,8.274738903929561e-8,6.560890026933798e-8
1.945,8.146842242492886e-8,6.502600969765237e-8
1.946,8.02080840849699e-8,6.444632094908595e-8
1.947,7.896611801234508e-8,6.386986034320908e-8
1.948,7.77422714882863e-8,6.329665284527872e-8
1.949,7.653629504390499e-8,6.272672209823895e-8
1.95,7.534794242214573e-8,6.21600904541127e-8
1.951,7.417697054011753e-8,6.159677900479503e-8
1.952,7.302313945179988e-8,6.103680761225803e-8
1.953,7.188621231112167e-8,6.048019493817725e-8
1.954,7.076595533541019e-8,5.992695847298965e-8
1.955,6.966213776920806e-8,5.9377114564392386e-8
1.956,6.857453184845544e-8,5.8830678445292303e-8
1.957,6.75029127650353e-8,5.828766426121523e-8
1.958,6.6447058631679e-8,5.7748085097184384e-8
1.959,6.540675044722995e-8,5.721195300407696e-8
1.96,6.438177206226274e-8,5.6679279024467785e-8
1.961,6.337191014505537e-8,5.615007321796889e-8
1.962,6.237695414791179e-8,5.5624344686073546e-8
1.963,6.139669627383257e-8,5.510210159651342e-8
1.964,6.043093144353106e-8,5.45833512071371e-8
1.965,5.947945726279239e-8,5.4068099889318334e-8
1.966,5.8542073990172915e-8,5.355635315090205e-8
1.967,5.7618584505037566e-8,5.3048115658696184e-8
1.968,5.670879427593252e-8,5.254339126051715e-8
1.969,5.5812511329290634e-8,5.204218300679675e-8
1.97,5.4929546218467165e-8,5.1544493171758115e-8
1.971,5.405971199310312e-8,5.1050323274168165e-8
1.972,5.3202824168813786e-8,5.055967409767401e-8
1.973,5.23587006971999e-8,5.00725457107305e-8
1.974,5.152716193617876e-8,4.958893748612622e-8
1.975,5.0708030620632875e-8,4.910884812011472e-8
1.976,4.9901131833373605e-8,4.8632275651158206e-8
1.977,4.910629297641711e-8,4.8159217478290224e-8
1.978,4.832334374257019e-8,4.7689670379104286e-8
1.979,4.755211608732347e-8,4.7223630527374883e-8
1.98,4.6792444201049274e-8,4.6761093510317436e-8
1.981,4.604416448150178e-8,4.630205434549357e-8
1.982,4.530711550661689e-8,4.584650749736803e-8
1.983,4.458113800760922e-8,4.539444689352337e-8
1.984,4.3866074842363825e-8,4.494586594053855e-8
1.985,4.316177096912e-8,4.450075753953744e-8
1.986,4.24680734204447e-8,4.405911410141305e-8
1.987,4.17848312774932e-8,4.362092756173341e-8
1.988,4.111189564455421e-8,4.3186189395334666e-8
1.989,4.04491196238773e-8,4.275489063060714e-8
1.99,3.979635829077992e-8,4.232702186347977e-8
1.991,3.915346866903156e-8,4.1902573271108414e-8
1.992,3.8520309706512735e-8,4.1481534625273366e-8
1.993,3.789674225114617e-8,4.106389530549133e-8
1.994,3.728262902709783e-8,4.0649644311846994e-8
1.995,3.667783461124534e-8,4.0238770277549364e-8
1.996,3.608222540991135e-8,3.9831261481217796e-8
1.997,3.549566963585948e-8,3.942710585890268e-8
1.998,3.4918037285550315e-8,3.902629101584559e-8
1.999,3.434920011665522e-8,3.8628804237983705e-8
2.0,3.3789031625825475e-8,3.823463250320317e-8
2.001,3.323740702671434e-8,3.7843762492345956e-8
2.002,3.269420322824982e-8,3.745618059997485e-8
2.003,3.2159298813155566e-8,3.707187294490088e-8
2.004,3.16325740167178e-8,3.669082538047777e-8
2.005,3.111391070579578e-8,3.631302350466749e-8
2.006,3.06031923580735e-8,3.5938452669881346e-8
2.007,3.0100304041550377e-8,3.556709799260066e-8
2.008,2.9605132394268653e-8,3.519894436278118e-8
2.009,2.91175656042751e-8,3.4833976453045245e-8
2.01,2.8637493389814894e-8,3.447217872766564e-8
2.011,2.8164806979755352e-8,3.411353545134511e-8
2.012,2.7699399094237276e-8,3.375803069779529e-8
2.013,2.7241163925551705e-8,3.340564835811882e-8
2.014,2.6789997119239838e-8,3.3056372148998457e-8
2.015,2.6345795755413937e-8,3.2710185620696634e-8
2.016,2.5908458330297014e-8,3.236707216486926e-8
2.017,2.5477884737979154e-8,3.202701502219713e-8
2.018,2.5053976252388246e-8,3.168999728983841e-8
2.019,2.4636635509473073e-8,3.1356001928705767e-8
2.02,2.4225766489596538e-8,3.102501177057123e-8
2.021,2.3821274500136953e-8,3.069700952500231e-8
2.022,2.342306615829529e-8,3.0371977786132415e-8
2.023,2.3031049374106268e-8,3.004989903926893e-8
2.024,2.264513333365125e-8,2.9730755667341884e-8
2.025,2.226522848247083e-8,2.9414529957196455e-8
2.026,2.1891246509175125e-8,2.9101204105732204e-8
2.027,2.1523100329249666e-8,2.8790760225892046e-8
2.028,2.1160704069054945e-8,2.848318035250392e-8
2.029,2.0803973050017574e-8,2.817844644797792e-8
2.03,2.0452823773011047e-8,2.787654040786181e-8
2.031,2.0107173902924176e-8,2.757744406625762e-8
2.032,1.976694225341522e-8,2.728113920110206e-8
2.033,1.9432048771849747e-8,2.6987607539313448e-8
2.034,1.910241452442031e-8,2.6696830761807744e-8
2.035,1.877796168144605e-8,2.6408790508386284e-8
2.036,1.845861350285026e-8,2.612346838249777e-8
2.037,1.8144294323814083e-8,2.5840845955876972e-8
2.038,1.7834929540604453e-8,2.5560904773062618e-8
2.039,1.7530445596574392e-8,2.528362635579687e-8
2.04,1.7230769968333882e-8,2.5008992207308746e-8
2.041,1.693583115208942e-8,2.47369838164838e-8
2.042,1.66455586501505e-8,2.4467582661922394e-8
2.043,1.6359882957601155e-8,2.4200770215888722e-8
2.044,1.607873554913487e-8,2.3936527948152858e-8
2.045,1.5802048866051004e-8,2.367483732972796e-8
2.046,1.5529756303411012e-8,2.3415679836504744e-8
2.047,1.5261792197352752e-8,2.3159036952785382e-8
2.048,1.4998091812561074e-8,2.290489017471876e-8
2.049,1.4738591329893089e-8,2.2653221013639234e-8
2.05,1.4483227834156295e-8,2.2404010999310773e-8
2.051,1.4231939302038011e-8,2.2157241683078486e-8
2.052,1.3984664590184345e-8,2.1912894640929408e-8
2.053,1.3741343423427107e-8,2.1670951476464447e-8
2.054,1.3501916383157e-8,2.1431393823783324e-8
2.055,1.3266324895841482e-8,2.1194203350284288e-8
2.056,1.3034511221685678e-8,2.0959361759380444e-8
2.057,1.2806418443434753e-8,2.0726850793134374e-8
2.058,1.2581990455316162e-8,2.0496652234812802e-8
2.059,1.2361171952120223e-8,2.026874791136299e-8
2.06,1.2143908418417438e-8,2.0043119695812457e-8
2.061,1.1930146117911045e-8,1.9819749509593756e-8
2.062,1.1719832082923263e-8,1.9598619324795766e-8
2.063,1.1512914104013726e-8,1.9379711166343182e-8
2.064,1.1309340719728622e-8,1.9163007114105658e-8
2.065,1.1109061206479015e-8,1.894848930493816e-8
2.066,1.0912025568546934e-8,1.873613993465396e-8
2.067,1.0718184528217731e-8,1.8525941259931797e-8
2.068,1.052748951603729e-8,1.8317875600158543e-8
2.069,1.0339892661192655e-8,1.8111925339208836e-8
2.07,1.0155346782014649e-8,1.790807292716306e-8
2.071,9.973805376601108e-9,1.7706300881964943e-8
2.072,9.795222613559324e-9,1.7506591791020225e-8
2.073,9.619553322866317e-9,1.730892831273755e-8
2.074,9.446752986845604e-9,1.7113293178012987e-8
2.075,9.276777731259089e-9,1.691966919165934e-8
2.076,9.109584316512745e-9,1.672803923378154e-8
2.077,8.945130128974782e-9,1.6538386261099272e-8
2.078,8.783373172404965e-9,1.6350693308218078e-8
2.079,8.62427205949382e-9,1.616494348885002e-8
2.08,8.467786003510412e-9,1.5981119996985123e-8
2.081,8.313874810057443e-9,1.579920610801468e-8
2.082,8.16249886893241e-9,1.5619185179807504e-8
2.083,8.013619146093577e-9,1.544104065374021e-8
2.084,7.867197175729515e-9,1.5264756055682622e-8
2.085,7.723195052431023e-9,1.5090314996939276e-8
2.086,7.581575423464177e-9,1.49177011751481e-8
2.087,7.442301481143347e-9,1.4746898375137193e-8
2.088,7.305336955302981e-9,1.4577890469740795e-8
2.089,7.170646105866992e-9,1.441066142057527e-8
2.09,7.038193715514576e-9,1.4245195278776152e-8
2.091,6.907945082441332e-9,1.4081476185697136e-8
2.092,6.779866013214525e-9,1.3919488373571903e-8
2.093,6.653922815721392e-9,1.3759216166139713e-8
2.094,6.530082292209353e-9,1.3600643979235586e-8
2.095,6.408311732417048e-9,1.344375632134596e-8
2.096,6.2885789067950975e-9,1.3288537794130665e-8
2.097,6.1708520598155074e-9,1.3134973092912e-8
2.098,6.055099903368659e-9,1.2983047007131767e-8
2.099,5.9412916102468185e-9,1.2832744420777008e-8
2.1,5.829396807713134e-9,1.2684050312775246e-8
2.101,5.71938557115507e-9,1.2536949757359991e-8
2.102,5.61122841782127e-9,1.2391427924407229e-8
2.103,5.504896300640829e-9,1.2247470079743655e-8
2.104,5.400360602123971e-9,1.2105061585427352e-8
2.105,5.297593128343154e-9,1.1964187900001609e-8
2.106,5.196566102993607e-9,1.1824834578722579e-8
2.107,5.09725216153234e-9,1.1686987273761449e-8
2.108,4.99962434539466e-9,1.1550631734381776e-8
2.109,4.903656096287257e-9,1.1415753807092637e-8
2.11,4.8093212505569036e-9,1.128233943577824e-8
2.111,4.716594033633859e-9,1.1150374661804594e-8
2.112,4.6254490545490435e-9,1.1019845624103867e-8
2.113,4.535861300524082e-9,1.0890738559237036e-8
2.114,4.447806131633326e-9,1.0763039801435376e-8
2.115,4.361259275536944e-9,1.06367357826214e-8
2.116,4.276196822284234e-9,1.0511813032409802e-8
2.117,4.192595219186251e-9,1.0388258178088937e-8
2.118,4.110431265756925e-9,1.026605794458339e-8
2.119,4.0296821087218006e-9,1.0145199154398168e-8
2.12,3.950325237093555e-9,1.0025668727545014e-8
2.121,3.87233847731348e-9,9.907453681451361e-9
2.122,3.795699988458092e-9,9.790541130852425e-9
2.123,3.7203882575100593e-9,9.674918287666908e-9
2.124,3.6463820946926514e-9,9.560572460856806e-9
2.125,3.5736606288669027e-9,9.44749105627177e-9
2.126,3.50220330299072e-9,9.335661576478487e-9
2.127,3.4319898696391415e-9,9.225071620575518e-9
2.128,3.3630003865849955e-9,9.115708883994047e-9
2.129,3.2952152124391824e-9,9.007561158284949e-9
2.13,3.228615002349844e-9,8.9006163308926e-9
2.131,3.1631807037596703e-9,8.79486238491586e-9
2.132,3.0988935522206103e-9,8.690287398856598e-9
2.133,3.035735067265265e-9,8.586879546356167e-9
2.134,2.973687048334241e-9,8.484627095920231e-9
2.135,2.912731570758759e-9,8.383518410632283e-9
2.136,2.8528509817978187e-9,8.283541947856251e-9
2.137,2.794027896729218e-9,8.184686258928545e-9
2.138,2.7362451949937553e-9,8.086939988839883e-9
2.139,2.6794860163919232e-9,7.99029187590727e-9
2.14,2.6237337573324407e-9,7.894730751436439e-9
2.141,2.5689720671319485e-9,7.800245539375088e-9
2.142,2.5151848443652207e-9,7.706825255957263e-9
2.143,2.462356233265248e-9,7.614459009339156e-9
2.144,2.4104706201725504e-9,7.523135999226671e-9
2.145,2.3595126300330903e-9,7.432845516495039e-9
2.146,2.3094671229441615e-9,7.343576942800759e-9
2.147,2.2603191907476387e-9,7.255319750186196e-9
2.148,2.2120541536699792e-9,7.168063500677086e-9
2.149,2.164657557008372e-9,7.081797845873225e-9
2.15,2.1181151678624428e-9,6.996512526532629e-9
2.151,2.0724129719109238e-9,6.912197372149409e-9
2.152,2.027537170232711e-9,6.828842300525635e-9
2.153,1.983474176171732e-9,6.746437317337423e-9
2.154,1.9402106122450582e-9,6.664972515695503e-9
2.155,1.8977333070937037e-9,6.58443807570051e-9
2.156,1.8560292924755487e-9,6.504824263993217e-9
2.157,1.8150858002998533e-9,6.426121433299954e-9
2.158,1.7748902597028074e-9,6.34832002197343e-9
2.159,1.7354302941635926e-9,6.271410553529184e-9
2.16,1.6966937186604233e-9,6.195383636177854e-9
2.161,1.658668536866046e-9,6.120229962353513e-9
2.162,1.6213429383821842e-9,6.045940308238231e-9
2.163,1.5847052960124166e-9,5.972505533283099e-9
2.164,1.5487441630729864e-9,5.899916579725877e-9
2.165,1.5134482707410485e-9,5.828164472105488e-9
2.166,1.4788065254398573e-9,5.7572403167735035e-9
2.167,1.4448080062604173e-9,5.687135301402834e-9
2.168,1.4114419624191109e-9,5.6178406944937895e-9
2.169,1.378697810750835e-9,5.54934784487767e-9
2.17,1.3465651332371782e-9,5.4816481812180645e-9
2.171,1.3150336745691736e-9,5.414733211510022e-9
2.172,1.2840933397441754e-9,5.348594522577248e-9
2.173,1.253734191696406e-9,5.283223779567481e-9
2.174,1.2239464489607292e-9,5.218612725446204e-9
2.175,1.1947204833692113e-9,5.154753180488837e-9
2.176,1.1660468177800325e-9,5.091637041771551e-9
2.177,1.1379161238383253e-9,5.029256282660844e-9
2.178,1.1103192197685087e-9,4.96760295230202e-9
2.179,1.0832470681977084e-9,4.906669175106696e-9
2.18,1.056690774009842e-9,4.846447150239469e-9
2.181,1.0306415822299667e-9,4.786929151103873e-9
2.182,1.0050908759384835e-9,4.72810752482774e-9
2.183,9.800301742148007e-10,4.669974691748091e-9
2.184,9.554511301100637e-10,4.61252314489567e-9
2.185,9.31345528648562e-10,4.555745449479235e-9
2.186,9.077052848574321e-10,4.499634242369711e-9
2.187,8.845224418242734e-10,4.444182231584322e-9
2.188,8.617891687823092e-10,4.38938219577079e-9
2.189,8.394977592227179e-10,4.335226983691724e-9
2.19,8.176406290337727e-10,4.2817095137092695e-9
2.191,7.962103146664295e-10,4.22882277327014e-9
2.192,7.751994713260064e-10,4.176559818391105e-9
2.193,7.546008711896041e-10,4.124913773145034e-9
2.194,7.344074016489221e-10,4.073877829147584e-9
2.195,7.146120635781248e-10,4.023445245044598e-9
2.196,6.952079696264226e-10,3.973609346000331e-9
2.197,6.761883425350337e-10,3.924363523186551e-9
2.198,6.575465134781955e-10,3.8757012332726024e-9
2.199,6.392759204279014e-10,3.827615997916522e-9
2.2,6.213701065420419e-10,3.780101403257253e-9
2.201,6.038227185756321e-10,3.733151099408056e-9
2.202,5.866275053148127e-10,3.6867587999511614e-9
2.203,5.697783160333147e-10,3.6409182814337485e-9
2.204,5.532690989710843e-10,3.5956233828653e-9
2.205,5.370938998347645e-10,3.550868005216407e-9
2.206,5.212468603197364e-10,3.5066461109190753e-9
2.207,5.057222166534279e-10,3.4629517233685985e-9
2.208,4.905142981595969e-10,3.4197789264270454e-9
2.209,4.756175258433065e-10,3.377121863928427e-9
2.21,4.6102641099630575e-10,3.3349747391855862e-9
2.211,4.467355538225393e-10,3.293331814498865e-9
2.212,4.3273964208351007e-10,3.252187410666601e-9
2.213,4.190334497632223e-10,3.2115359064974923e-9
2.214,4.056118357524378e-10,3.1713717383248884e-9
2.215,3.924697425519788e-10,3.1316893995230367e-9
2.216,3.7960219499481804e-10,3.0924834400253408e-9
2.217,3.670042989866955e-10,3.0537484658446616e-9
2.218,3.546712402650089e-10,3.0154791385957057e-9
2.219,3.4259828317572574e-10,2.977670175019535e-9
2.22,3.3078076946806784e-10,2.9403163465102397e-9
2.221,3.192141171067251e-10,2.903412478643802e-9
2.222,3.078938191013544e-10,2.866953450709189e-9
2.223,2.968154423531272e-10,2.8309341952417063e-9
2.224,2.859746265180879e-10,2.7953496975586428e-9
2.225,2.7536708288709244e-10,2.7601949952972335e-9
2.226,2.6498859328209624e-10,2.725465177954972e-9
2.227,2.5483500896856546e-10,2.691155386432298e-9
2.228,2.449022495837879e-10,2.657260812577688e-9
2.229,2.3518630208086294e-10,2.6237766987351664e-9
2.23,2.256832196881527e-10,2.5906983372942693e-9
2.231,2.163891208839792e-10,2.5580210702424796e-9
2.232,2.0730018838635614e-10,2.5257402887201496e-9
2.233,1.9841266815754495e-10,2.4938514325779423e-9
2.234,1.8972286842322956e-10,2.4623499899367985e-9
2.235,1.8122715870610518e-10,2.431231496750453e-9
2.236,1.7292196887368047e-10,2.4004915363705214e-9
2.237,1.6480378820009422e-10,2.370125739114162e-9
2.238,1.5686916444175082e-10,2.3401297818343405e-9
2.239,1.4911470292658115e-10,2.310499387492701e-9
2.24,1.4153706565673794e-10,2.2812303247350624e-9
2.241,1.3413297042453778e-10,2.2523184074695537e-9
2.242,1.268991899414633e-10,2.2237594944473905e-9
2.243,1.1983255098004307e-10,2.195549488846316e-9
2.244,1.1292993352842762e-10,2.1676843378567064e-9
2.245,1.0618826995748357e-10,2.1401600322703536e-9
2.246,9.960454420022955e-11,2.1129726060719313e-9
2.247,9.31757909434402e-11,2.0861181360331563e-9
2.248,8.689909483124688e-11,2.0595927413096462e-9
2.249,8.077158968056577e-11,2.033392583040481e-9
2.25,7.479045770818675e-11,2.0075138639504778e-9
2.251,6.895292876935785e-11,1.9819528279551766e-9
2.252,6.325627960770353e-11,1.956705759768544e-9
2.253,5.7697833116315806e-11,1.9317689845134033e-9
2.254,5.2274957609860494e-11,1.9071388673345807e-9
2.255,4.69850661075423e-11,1.882811813014783e-9
2.256,4.182561562677498e-11,1.8587842655932011e-9
2.257,3.679410648740458e-11,1.8350527079868406e-9
2.258,3.188808162633595e-11,1.8116136616145805e-9
2.259,2.7105125922414702e-11,1.7884636860239599e-9
2.26,2.2442865531418845e-11,1.7655993785206918e-9
2.261,1.789896723101607e-11,1.7430173738009016e-9
2.262,1.3471137775544954e-11,1.720714343586089e-9
2.263,9.157123260479901e-12,1.698686996260811e-9
2.264,4.954708496441818e-12,1.6769320765130845e-9
2.265,8.617163926181788e-13,1.6554463649775002e-9
2.266,-3.1239926505418694e-12,1.63422667788105e-9
2.267,-7.004521339489985e-12,1.613269866691661e-9
2.268,-1.0781936076729474e-11,1.5925728177694299e-9
2.269,-1.445826754108353e-11,1.5721324520205557e-9
2.27,-1.8035511259208125e-11,1.5519457245539628e-9
2.271,-2.151562816847509e-11,1.5320096243406097e-9
2.272,-2.4900545171349243e-11,1.5123211738754777e-9
2.273,-2.8192155681381666e-11,1.4928774288422307e-9
2.274,-3.139232016093964e-11,1.4736754777805426e-9
2.275,-3.450286665079212e-11,1.4547124417560808e-9
2.276,-3.7525591291667806e-11,1.435985474033142e-9
2.277,-4.046225883790168e-11,1.4174917597499299e-9
2.278,-4.331460316328379e-11,1.399228515596468e-9
2.279,-4.608432775922294e-11,1.3811929894951369e-9
2.28,-4.877310622533608e-11,1.3633824602838302e-9
2.281,-5.1382582752572985e-11,1.3457942374017172e-9
2.282,-5.391437259898389e-11,1.3284256605776041e-9
2.283,-5.637006255823678e-11,1.3112740995208852e-9
2.284,-5.875121142098913e-11,1.2943369536150702e-9
2.285,-6.105935042921762e-11,1.2776116516138838e-9
2.286,-6.329598372360808e-11,1.2610956513399203e-9
2.287,-6.546258878410617e-11,1.244786439385848e-9
2.288,-6.756061686372827e-11,1.2286815308181494e-9
2.289,-6.959149341573033e-11,1.212778468883388e-9
2.29,-7.155661851423148e-11,1.1970748247169884e-9
2.291,-7.345736726838747e-11,1.1815681970545206e-9
2.292,-7.529509023020805e-11,1.1662562119454754e-9
2.293,-7.707111379611065e-11,1.1511365224695198e-9
2.294,-7.87867406023021e-11,1.1362068084552193e-9
2.295,-8.044324991407803e-11,1.1214647762012162e-9
2.296,-8.204189800912925e-11,1.1069081581998518e-9
2.297,-8.358391855494224e-11,1.092534712863219e-9
2.298,-8.507052298038056e-11,1.078342224251632e-9
2.299,-8.650290084153206e-11,1.064328501804504e-9
2.3,-8.788222018190603e-11,1.0504913800736148e-9
2.301,-8.920962788706308e-11,1.0368287184587612e-9
2.302,-9.048625003375947e-11,1.0233384009457714e-9
2.303,-9.171319223368634e-11,1.0100183358468734e-9
2.304,-9.289153997188326e-11,9.96866455543405e-10
2.305,-9.402235893990455e-11,9.838807162308494e-10
2.306,-9.510669536381529e-11,9.710590976661834e-10
2.307,-9.614557632709351e-11,9.583996029175268e-10
2.308,-9.714001008851323e-11,9.459002581160762e-10
2.309,-9.809098639508269e-11,9.335591122103128e-10
2.31,-9.899947679011054e-11,9.213742367224665e-10
2.311,-9.986643491647196e-11,9.093437255072263e-10
2.312,-1.0069279681514576e-10,8.974656945126799e-10
2.313,-1.0147948121909221e-10,8.857382815434713e-10
2.314,-1.0222738984254078e-10,8.741596460261586e-10
2.315,-1.0293740766575552e-10,8.627279687767622e-10
2.316,-1.0361040321534534e-10,8.514414517704867e-10
2.317,-1.0424722884018509e-10,8.402983179136013e-10
2.318,-1.0484872098301267e-10,8.292968108174673e-10
2.319,-1.0541570044776643e-10,8.184351945746972e-10
2.32,-1.0594897266272613e-10,8.07711753537429e-10
2.321,-1.0644932793951976e-10,7.971247920977051e-10
2.322,-1.0691754172805812e-10,7.866726344699382e-10
2.323,-1.073543748674574e-10,7.763536244754522e-10
2.324,-1.0776057383300982e-10,7.661661253290816e-10
2.325,-1.0813687097926131e-10,7.561085194278163e-10
2.326,-1.0848398477925418e-10,7.461792081414776e-10
2.327,-1.088026200599922e-10,7.363766116054095e-10
2.328,-1.0909346823418463e-10,7.266991685151723e-10
2.329,-1.0935720752832465e-10,7.171453359232237e-10
2.33,-1.0959450320715732e-10,7.077135890375716e-10
2.331,-1.0980600779459115e-10,6.984024210223873e-10
2.332,-1.0999236129110631e-10,6.892103428005604e-10
2.333,-1.1015419138771257e-10,6.801358828581855e-10
2.334,-1.1029211367650822e-10,6.711775870509623e-10
2.335,-1.1040673185789157e-10,6.623340184124974e-10
2.336,-1.1049863794447502e-10,6.536037569644919e-10
2.337,-1.1056841246175141e-10,6.449853995288023e-10
2.338,-1.1061662464556182e-10,6.364775595413575e-10
2.339,-1.1064383263641249e-10,6.2807886686792e-10
2.34,-1.1065058367068909e-10,6.197879676216765e-10
2.341,-1.1063741426881454e-10,6.116035239826428e-10
2.342,-1.1060485042039697e-10,6.035242140188701e-10
2.343,-1.1055340776641312e-10,5.955487315094365e-10
2.344,-1.1048359177847217e-10,5.876757857692125e-10
2.345,-1.10395897935204e-10,5.799041014753836e-10
2.346,-1.1029081189581571e-10,5.722324184957172e-10
2.347,-1.1016880967085922e-10,5.646594917185598e-10
2.348,-1.1003035779025208e-10,5.571840908845509e-10
2.349,-1.0987591346859365e-10,5.498050004200375e-10
2.35,-1.0970592476781734e-10,5.425210192721789e-10
2.351,-1.0952083075721951e-10,5.35330960745724e-10
2.352,-1.0932106167090527e-10,5.282336523414512e-10
2.353,-1.0910703906268998e-10,5.212279355962533e-10
2.354,-1.0887917595849586e-10,5.143126659248567e-10
2.355,-1.0863787700628127e-10,5.074867124631601e-10
2.356,-1.0838353862354098e-10,5.007489579131789e-10
2.357,-1.0811654914241396e-10,4.940982983895814e-10
2.358,-1.0783728895243567e-10,4.875336432678053e-10
2.359,-1.0754613064097071e-10,4.810539150337384e-10
2.36,-1.0724343913136142e-10,4.746580491349524e-10
2.361,-1.0692957181882738e-10,4.683449938334742e-10
2.362,-1.0660487870415029e-10,4.621137100600848e-10
2.363,-1.0626970252517836e-10,4.559631712701282e-10
2.364,-1.0592437888618352e-10,4.4989236330082153e-10
2.365,-1.0556923638510457e-10,4.4390028423005043e-10
2.366,-1.0520459673870871e-10,4.3798594423663765e-10
2.367,-1.0483077490570362e-10,4.3214836546207215e-10
2.368,-1.0444807920783157e-10,4.2638658187368566e-10
2.369,-1.040568114489766e-10,4.2069963912926373e-10
2.37,-1.036572670323157e-10,4.150865944430786e-10
2.371,-1.0324973507554389e-10,4.095465164533316e-10
2.372,-1.0283449852420309e-10,4.0407848509099177e-10
2.373,-1.0241183426314431e-10,3.9868159145001893e-10
2.374,-1.0198201322615157e-10,3.933549376589584e-10
2.375,-1.0154530050375656e-10,3.880976367538948e-10
2.376,-1.0110195544927179e-10,3.82908812552753e-10
2.377,-1.0065223178306987e-10,3.7778759953093385e-10
2.378,-1.0019637769513626e-10,3.727331426982722e-10
2.379,-9.973463594592228e-11,3.6774459747730586e-10
2.38,-9.926724396552485e-11,3.628211295828424e-10
2.381,-9.879443395121885e-11,3.579619149028133e-10
2.382,-9.831643296336801e-11,3.531661393804017e-10
2.383,-9.78334630197394e-11,3.484329988974342e-10
2.384,-9.734574118824649e-11,3.4376169915902246e-10
2.385,-9.685347967814538e-11,3.391514555794455e-10
2.386,-9.635688592970829e-11,3.3460149316925885e-10
2.387,-9.585616270239817e-11,3.3011104642362107e-10
2.388,-9.535150816156784e-11,3.256793592118243e-10
2.389,-9.484311596370686e-11,3.2130568466801903e-10
2.39,-9.433117534025882e-11,3.169892850831211e-10
2.391,-9.381587118003146e-11,3.127294317978897e-10
2.392,-9.329738411022191e-11,3.0852540509716557e-10
2.393,-9.277589057607847e-11,3.0437649410525805e-10
2.394,-9.225156291922074e-11,3.002819966824702e-10
2.395,-9.172456945463897e-11,2.9624121932275105e-10
2.396,-9.119507454639347e-11,2.922534770524642e-10
2.397,-9.066323868203488e-11,2.883180933302618e-10
2.398,-9.01292185457648e-11,2.8443439994805365e-10
2.399,-8.959316709035756e-11,2.8060173693306057e-10
2.4,-8.905523360786199e-11,2.768194524509415e-10
2.401,-8.851556379910279e-11,2.73086902709984e-10
2.402,-8.79742998420006e-11,2.6940345186634775e-10
2.403,-8.74315804587292e-11,2.657684719303511e-10
2.404,-8.68875409817286e-11,2.621813426737894e-10
2.405,-8.634231341859194e-11,2.5864145153827686e-10
2.406,-8.579602651584423e-11,2.5514819354459956e-10
2.407,-8.524880582163044e-11,2.517009712030718e-10
2.408,-8.470077374733045e-11,2.4829919442488447e-10
2.409,-8.415204962811783e-11,2.4494228043443604e-10
2.41,-8.36027497824792e-11,2.416296536826369e-10
2.411,-8.305298757071108e-11,2.3836074576117646e-10
2.412,-8.250287345241026e-11,2.3513499531774413e-10
2.413,-8.195251504297377e-11,2.3195184797219452e-10
2.414,-8.140201716912454e-11,2.2881075623364704e-10
2.415,-8.08514819234781e-11,2.2571117941851118e-10
2.416,-8.03010087181659e-11,2.2265258356942754e-10
2.417,-7.975069433753006e-11,2.1963444137511573e-10
2.418,-7.920063298990496e-11,2.1665623209112002e-10
2.419,-7.865091635849976e-11,2.1371744146144348e-10
2.42,-7.810163365139673e-11,2.1081756164106173e-10
2.421,-7.755287165067957e-11,2.0795609111930736e-10
2.422,-7.70047147607054e-11,2.0513253464411613e-10
2.423,-7.645724505553482e-11,2.023464031471263e-10
2.424,-7.591054232553291e-11,1.9959721366962207e-10
2.425,-7.53646841231553e-11,1.9688448928931303e-10
2.426,-7.481974580793188e-11,1.9420775904794052e-10
2.427,-7.427580059066144e-11,1.9156655787970256e-10
2.428,-7.373291957683008e-11,1.8896042654048936e-10
2.429,-7.31911718092657e-11,1.8638891153792032e-10
2.43,-7.265062431004118e-11,1.8385156506217488e-10
2.431,-7.211134212163846e-11,1.813479449176087e-10
2.432,-7.157338834738543e-11,1.788776144551471e-10
2.433,-7.103682419117745e-11,1.7644014250544781e-10
2.434,-7.050170899649533e-11,1.7403510331282476e-10
2.435,-6.996810028473103e-11,1.716620764699253e-10
2.436,-6.94360537928325e-11,1.6932064685315286e-10
2.437,-6.890562351027883e-11,1.6701040455882717e-10
2.438,-6.837686171539635e-11,1.6473094484007456e-10
2.439,-6.784981901102704e-11,1.6248186804444034e-10
2.44,-6.732454435955921e-11,1.6026277955221611e-10
2.441,-6.68010851173314e-11,1.5807328971547417e-10
2.442,-6.627948706841952e-11,1.5591301379780157e-10
2.443,-6.575979445781747e-11,1.5378157191472677e-10
2.444,-6.524205002402125e-11,1.5167858897483106e-10
2.445,-6.47262950310262e-11,1.4960369462153804e-10
2.446,-6.421256929974731e-11,1.475565231755736e-10
2.447,-6.370091123887176e-11,1.4553671357808937e-10
2.448,-6.319135787515358e-11,1.435439093344427e-10
2.449,-6.268394488315903e-11,1.4157775845862613e-10
2.45,-6.217870661447232e-11,1.3963791341833928e-10
2.451,-6.16756761263703e-11,1.3772403108069643e-10
2.452,-6.117488520997495e-11,1.3583577265856324e-10
2.453,-6.067636441789263e-11,1.3397280365751522e-10
2.454,-6.018014309134804e-11,1.3213479382341193e-10
2.455,-5.968624938682201e-11,1.3032141709058003e-10
2.456,-5.919471030220067e-11,1.2853235153059859e-10
2.457,-5.870555170244474e-11,1.267672793016802e-10
2.458,-5.821879834478653e-11,1.2502588659864157e-10
2.459,-5.773447390346271e-11,1.2330786360345716e-10
2.46,-5.72526009939907e-11,1.2161290443638945e-10
2.461,-5.677320119699603e-11,1.199407071076898e-10
2.462,-5.6296295081598546e-11,1.1829097346986356e-10
2.463,-5.582190222836457e-11,1.1666340917049333e-10
2.464,-5.535004125183244e-11,1.150577236056145e-10
2.465,-5.4880729822618624e-11,1.1347362987363649e-10
2.466,-5.441398468911133e-11,1.1191084472980463e-10
2.467,-5.394982169875873e-11,1.1036908854119585e-10
2.468,-5.34882558189585e-11,1.0884808524224303e-10
2.469,-5.3029301157555463e-11,1.0734756229078186e-10
2.47,-5.257297098295397e-11,1.0586725062461465e-10
2.471,-5.211927774385149e-11,1.0440688461858527e-10
2.472,-5.1668233088599867e-11,1.0296620204215982e-10
2.473,-5.121984788420053e-11,1.0154494401750718e-10
2.474,-5.077413223493992e-11,1.0014285497807425e-10
2.475,-5.0331095500671145e-11,9.87596826276502e-11
2.476,-4.9890746314748e-11,9.739517789991433e-11
2.477,-4.9453092601617205e-11,9.604909491846241e-11
2.478,-4.9018141594074727e-11,9.472119095730597e-11
2.479,-4.858589985019182e-11,9.341122640183934e-11
2.48,-4.815637326991666e-11,9.211896471026942e-11
2.481,-4.77295671113568e-11,9.084417237550282e-11
2.482,-4.7305486006748244e-11,8.958661888748544e-11
2.483,-4.6884133978116264e-11,8.834607669598932e-11
2.484,-4.64655144526334e-11,8.712232117384198e-11
2.485,-4.60496302776798e-11,8.591513058059305e-11
2.486,-4.5636483735611e-11,8.472428602661351e-11
2.487,-4.5226076558238273e-11,8.354957143762262e-11
2.488,-4.48184099410264e-11,8.239077351963772e-11
2.489,-4.4413484557013834e-11,8.124768172434229e-11
2.49,-4.401130057046e-11,8.01200882148674e-11
2.491,-4.361185765022449e-11,7.900778783198206e-11
2.492,-4.321515498288286e-11,7.791057806068771e-11
2.493,-4.282119128558342e-11,7.682825899721256e-11
2.494,-4.242996481864974e-11,7.576063331640093e-11
2.495,-4.2041473397933194e-11,7.470750623949346e-11
2.496,-4.165571440691988e-11,7.366868550229355e-11
2.497,-4.1272684808596263e-11,7.264398132371576e-11
2.498,-4.089238115707771e-11,7.163320637471184e-11
2.499,-4.051479960900411e-11,7.063617574757012e-11
2.5,-4.013993593470662e-11,6.965270692558397e-11
2.501,-3.976778552914961e-11,6.868261975308522e-11
2.502,-3.9398343422651696e-11,6.772573640583831e-11
2.503,-3.903160429138979e-11,6.678188136179115e-11
2.504,-3.8667562467689975e-11,6.585088137217863e-11
2.505,-3.830621195010897e-11,6.493256543297454e-11
2.506,-3.79475464133099e-11,6.402676475668834e-11
2.507,-3.7591559217736004e-11,6.313331274450243e-11
2.508,-3.7238243419085816e-11,6.22520449587463e-11
2.509,-3.688759177759344e-11,6.138279909570355e-11
2.51,-3.6539596767117306e-11,6.052541495874808e-11
2.511,-3.6194250584040795e-11,5.967973443180558e-11
2.512,-3.585154515598824e-11,5.884560145313663e-11
2.513,-3.551147215035935e-11,5.802286198943779e-11
2.514,-3.517402298268556e-11,5.721136401025682e-11
2.515,-3.48391888248113e-11,5.641095746271866e-11
2.516,-3.450696061290343e-11,5.562149424655844e-11
2.517,-3.4177329055291926e-11,5.4842828189458e-11
2.518,-3.3850284640144743e-11,5.407481502268245e-11
2.519,-3.352581764298e-11,5.331731235701329e-11
2.52,-3.320391813401832e-11,5.2570179658974636e-11
2.521,-3.288457598537822e-11,5.183327822734926e-11
2.522,-3.25677808781174e-11,5.110647116998092e-11
2.523,-3.2253522309122793e-11,5.03896233808598e-11
2.524,-3.1941789597852e-11,4.968260151748773e-11
2.525,-3.163257189292887e-11,4.898527397851997e-11
2.526,-3.1325858178595975e-11,4.829751088168022e-11
2.527,-3.1021637281026356e-11,4.76191840419459e-11
2.528,-3.071989787449739e-11,4.6950166950000276e-11
2.529,-3.04206284874291e-11,4.629033475094861e-11
2.53,-3.0123817508289466e-11,4.563956422329503e-11
2.531,-2.98294531913692e-11,4.4997733758177196e-11
2.532,-2.953752366242833e-11,4.436472333885569e-11
2.533,-2.9248016924217e-11,4.3740414520455226e-11
2.534,-2.896092086187282e-11,4.312469040995464e-11
2.535,-2.8676223248196954e-11,4.251743564642283e-11
2.536,-2.8393911748811344e-11,4.19185363814977e-11
2.537,-2.8113973927199137e-11,4.132788026010532e-11
2.538,-2.7836397249630545e-11,4.074535640141641e-11
2.539,-2.75611690899763e-11,4.01708553800374e-11
2.54,-2.7288276734410737e-11,3.960426920743338e-11
2.541,-2.7017707386006617e-11,3.904549131358e-11
2.542,-2.674944816922369e-11,3.849441652884189e-11
2.543,-2.648348613429301e-11,3.795094106607474e-11
2.544,-2.6219808261498943e-11,3.7414962502948455e-11
2.545,-2.595840146536082e-11,3.6886379764488844e-11
2.546,-2.5699252598716097e-11,3.63650931058351e-11
2.547,-2.5442348456706902e-11,3.5851004095210727e-11
2.548,-2.5187675780671802e-11,3.534401559710521e-11
2.549,-2.4935221261944587e-11,3.4844031755664057e-11
2.55,-2.4684971545561812e-11,3.4350957978284635e-11
2.551,-2.4436913233880895e-11,3.386470091941546e-11
2.552,-2.41910328901104e-11,3.3385168464556493e-11
2.553,-2.3947317041754266e-11,3.2912269714457974e-11
2.554,-2.3705752183971555e-11,3.244591496951561e-11
2.555,-2.3466324782853417e-11,3.19860157143596e-11
2.556,-2.3229021278618797e-11,3.153248460263527e-11
2.557,-2.29938280887305e-11,3.108523544197309e-11
2.558,-2.2760731610933124e-11,3.064418317914571e-11
2.559,-2.2529718226214398e-11,3.020924388540984e-11
2.56,-2.2300774301691385e-11,2.978033474203074e-11
2.561,-2.2073886193423057e-11,2.9357374025987254e-11
2.562,-2.1849040249150606e-11,2.894028109585499e-11
2.563,-2.1626222810966985e-11,2.8528976377865795e-11
2.564,-2.1405420217917003e-11,2.812338135214117e-11
2.565,-2.1186618808529372e-11,2.772341853909775e-11
2.566,-2.0969804923282032e-11,2.7329011486022595e-11
2.567,-2.075496490700206e-11,2.6940084753816426e-11
2.568,-2.0542085111201495e-11,2.6556563903902648e-11
2.569,-2.0331151896350303e-11,2.617837548530028e-11
2.57,-2.012215163408775e-11,2.5805447021858737e-11
2.571,-1.9915070709373422e-11,2.543770699965259e-11
2.572,-1.9709895522579084e-11,2.5075084854534297e-11
2.573,-1.9506612491522557e-11,2.47175109598431e-11
2.574,-1.930520805344479e-11,2.43649166142681e-11
2.575,-1.9105668666931258e-11,2.4017234029863748e-11
2.576,-1.890798081377882e-11,2.3674396320215834e-11
2.577,-1.8712131000809136e-11,2.333633748875622e-11
2.578,-1.8518105761629708e-11,2.300299241722447e-11
2.579,-1.8325891658343662e-11,2.2674296854274622e-11
2.58,-1.8135475283209242e-11,2.2350187404225352e-11
2.581,-1.7946843260250094e-11,2.203060151595179e-11
2.582,-1.7759982246817364e-11,2.1715477471917245e-11
2.583,-1.757487893510454e-11,2.1404754377343196e-11
2.584,-1.7391520053616053e-11,2.1098372149515824e-11
2.585,-1.7209892368590605e-11,2.0796271507227434e-11
2.586,-1.7029982685380127e-11,2.0498393960351172e-11
2.587,-1.6851777849785294e-11,2.0204681799547355e-11
2.588,-1.6675264749348556e-11,1.991507808609984e-11
2.589,-1.6500430314605484e-11,1.962952664188089e-11
2.59,-1.6327261520295396e-11,1.9347972039442888e-11
2.591,-1.6155745386532038e-11,1.9070359592235416e-11
2.592,-1.598586897993525e-11,1.8796635344946176e-11
2.593,-1.581761941472435e-11,1.8526746063964182e-11
2.594,-1.565098385377413e-11,1.82606392279638e-11
2.595,-1.548594950963422e-11,1.7998263018608118e-11
2.596,-1.5322503645512582e-11,1.7739566311370176e-11
2.597,-1.516063357622399e-11,1.748449866647068e-11
2.598,-1.5000326669104117e-11,1.7233010319930695e-11
2.599,-1.4841570344890125e-11,1.6985052174737963e-11
2.6,-1.4684352078568348e-11,1.6740575792125436e-11
2.601,-1.4528659400189851e-11,1.6499533382960635e-11
2.602,-1.4374479895654596e-11,1.6261877799244505e-11
2.603,-1.4221801207464804e-11,1.6027562525718406e-11
2.604,-1.4070611035448297e-11,1.5796541671577893e-11
2.605,-1.3920897137452418e-11,1.5568769962292033e-11
2.606,-1.3772647330009186e-11,1.5344202731526873e-11
2.607,-1.3625849488972366e-11,1.5122795913171856e-11
2.608,-1.3480491550127023e-11,1.4904506033467894e-11
2.609,-1.3336561509772226e-11,1.468929020323581e-11
2.61,-1.3194047425277478e-11,1.447710611020398e-11
2.611,-1.3052937415613477e-11,1.426791201143387e-11
2.612,-1.291321966185778e-11,1.4061666725842349e-11
2.613,-1.277488240767596e-11,1.3858329626819518e-11
2.614,-1.2637913959778796e-11,1.365786063494089e-11
2.615,-1.2502302688356056e-11,1.3460220210772781e-11
2.616,-1.2368037027487418e-11,1.3265369347769718e-11
2.617,-1.223510547553105e-11,1.3073269565262772e-11
2.618,-1.2103496595490369e-11,1.2883882901537647e-11
2.619,-1.1973199015359495e-11,1.2697171907001449e-11
2.62,-1.1844201428447904e-11,1.2513099637437002e-11
2.621,-1.1716492593684751e-11,1.2331629647343671e-11
2.622,-1.1590061335903374e-11,1.2152725983363559e-11
2.623,-1.1464896546106421e-11,1.1976353177792085e-11
2.624,-1.1340987181712093e-11,1.1802476242171836e-11
2.625,-1.1218322266781933e-11,1.1631060660968699e-11
2.626,-1.1096890892230618e-11,1.146207238532923e-11
2.627,-1.0976682216018204e-11,1.129547782691826e-11
2.628,-1.085768546332522e-11,1.1131243851835726e-11
2.629,-1.0739889926711073e-11,1.0969337774611762e-11
2.63,-1.0623284966256135e-11,1.080972735227905e-11
2.631,-1.0507860009687957e-11,1.0652380778521488e-11
2.632,-1.0393604552491974e-11,1.0497266677898219e-11
2.633,-1.0280508158007118e-11,1.0344354100142071e-11
2.634,-1.016856045750669e-11,1.0193612514531491e-11
2.635,-1.0057751150264894e-11,1.0045011804335048e-11
2.636,-9.948070003609394e-12,9.8985222613276e-12
2.637,-9.839506852960226e-12,9.754114580377239e-12
2.638,-9.732051601855466e-12,9.611759854102101e-12
2.639,-9.625694221963961e-12,9.471429567596206e-12
2.64,-9.520424753085472e-12,9.333095593223431e-12
2.641,-9.416233303138577e-12,9.196730185478776e-12
2.642,-9.313110048136632e-12,9.062305975916076e-12
2.643,-9.211045232152143e-12,8.929795968141343e-12
2.644,-9.110029167269826e-12,8.799173532870874e-12
2.645,-9.010052233528693e-12,8.670412403053369e-12
2.646,-8.911104878853447e-12,8.54348666905519e-12
2.647,-8.813177618975483e-12,8.41837077390803e-12
2.648,-8.716261037343791e-12,8.295039508618173e-12
2.649,-8.620345785026033e-12,8.173468007536557e-12
2.65,-8.525422580600082e-12,8.053631743788927e-12
2.651,-8.43148221003629e-12,7.935506524765264e-12
2.652,-8.33851552657075e-12,7.81906848766778e-12
2.653,-8.24651345056981e-12,7.704294095116728e-12
2.654,-8.155466969386107e-12,7.591160130813307e-12
2.655,-8.065367137206348e-12,7.479643695258912e-12
2.656,-7.976205074891124e-12,7.369722201530076e-12
2.657,-7.887971969806939e-12,7.261373371108338e-12
2.658,-7.800659075650739e-12,7.154575229764382e-12
2.659,-7.714257712267155e-12,7.049306103495754e-12
2.66,-7.628759265458674e-12,6.94554461451747e-12
2.661,-7.544155186788974e-12,6.8432696773048535e-12
2.662,-7.460436993379634e-12,6.742460494687948e-12
2.663,-7.377596267700426e-12,6.643096553996833e-12
2.664,-7.295624657353409e-12,6.545157623257218e-12
2.665,-7.214513874851009e-12,6.44862374743567e-12
2.666,-7.134255697388299e-12,6.353475244733834e-12
2.667,-7.0548419666096746e-12,6.2596927029310554e-12
2.668,-6.9762645883700985e-12,6.16725697577475e-12
2.669,-6.8985155324911175e-12,6.076149179417952e-12
2.67,-6.821586832511828e-12,5.986350688903416e-12
2.671,-6.7454705854349645e-12,5.897843134693695e-12
2.672,-6.670158951468296e-12,5.8106083992466036e-12
2.673,-6.595644153761484e-12,5.724628613635495e-12
2.674,-6.521918478138592e-12,5.639886154213773e-12
2.675,-6.448974272826388e-12,5.556363639323082e-12
2.676,-6.376803948178612e-12,5.474043926044626e-12
2.677,-6.305399976396366e-12,5.392910106993046e-12
2.678,-6.2347548912447705e-12,5.312945507152335e-12
2.679,-6.164861287766044e-12,5.234133680753243e-12
2.68,-6.095711821989154e-12,5.156458408191652e-12
2.681,-6.02729921063617e-12,5.079903692987381e-12
2.682,-5.959616230825477e-12,5.004453758782925e-12
2.683,-5.892655719771969e-12,4.930093046381604e-12
2.684,-5.8264105744843635e-12,4.856806210824629e-12
2.685,-5.760873751459774e-12,4.784578118506572e-12
2.686,-5.6960382663756544e-12,4.71339384432877e-12
2.687,-5.631897193779248e-12,4.643238668890157e-12
2.688,-5.568443666774666e-12,4.57409807571506e-12
2.689,-5.5056708767077095e-12,4.505957748517478e-12
2.69,-5.443572072848551e-12,4.438803568501376e-12
2.691,-5.38214056207239e-12,4.372621611696542e-12
2.692,-5.321369708538199e-12,4.307398146329536e-12
2.693,-5.261252933365663e-12,4.2431196302292945e-12
2.694,-5.201783714310411e-12,4.179772708266936e-12
2.695,-5.142955585437666e-12,4.1173442098293374e-12
2.696,-5.084762136794383e-12,4.055821146326039e-12
2.697,-5.027197014080008e-12,3.995190708729057e-12
2.698,-4.9702539183159214e-12,3.935440265145173e-12
2.699,-4.913926605513681e-12,3.876557358420289e-12
2.7,-4.858208886342153e-12,3.81852970377544e-12
2.701,-4.803094625793611e-12,3.761345186474038e-12
2.702,-4.748577742848905e-12,3.704991859519968e-12
2.703,-4.694652210141767e-12,3.649457941386123e-12
2.704,-4.641312053622355e-12,3.5947318137729964e-12
2.705,-4.5885513522201045e-12,3.540802019396931e-12
2.706,-4.5363642375059695e-12,3.4876572598076585e-12
2.707,-4.4847448933541306e-12,3.4352863932347385e-12
2.708,-4.433687555603245e-12,3.38367843246253e-12
2.709,-4.383186511717313e-12,3.332822542733328e-12
2.71,-4.333236100446224e-12,3.2827080396782965e-12
2.711,-4.283830711486071e-12,3.2333243872758433e-12
2.712,-4.2349647851392725e-12,3.18466119583708e-12
2.713,-4.186632811974595e-12,3.1367082200180176e-12
2.714,-4.138829332487124e-12,3.089455356858151e-12
2.715,-4.091548936758253e-12,3.0428926438450897e-12
2.716,-4.0447862641157475e-12,2.997010257004903e-12
2.717,-3.99853600279394e-12,2.9517985090178406e-12
2.718,-3.95279288959413e-12,2.9072478473591e-12
2.719,-3.907551709545223e-12,2.863348852464321e-12
2.72,-3.862807295564676e-12,2.8200922359194833e-12
2.721,-3.818554528119805e-12,2.7774688386748913e-12
2.722,-3.77478833488949e-12,2.73546962928293e-12
2.723,-3.73150369042635e-12,2.6940857021592922e-12
2.724,-3.68869561581942e-12,2.6533082758673614e-12
2.725,-3.646359178357381e-12,2.613128691425459e-12
2.726,-3.6044894911923927e-12,2.5735384106366527e-12
2.727,-3.563081713004575e-12,2.5345290144408334e-12
2.728,-3.5221310476671688e-12,2.496092201288775e-12
2.729,-3.481632743912437e-12,2.4582197855378855e-12
2.73,-3.4415820949983312e-12,2.420903695869372e-12
2.731,-3.4019744383759714e-12,2.3841359737265365e-12
2.732,-3.3628051553579755e-12,2.3479087717739317e-12
2.733,-3.3240696707876746e-12,2.3122143523770998e-12
2.734,-3.2857634527092527e-12,2.2770450861026297e-12
2.735,-3.2478820120388416e-12,2.2423934502382697e-12
2.736,-3.2104209022366104e-12,2.2082520273328254e-12
2.737,-3.1733757189798796e-12,2.1746135037555952e-12
2.738,-3.1367420998372868e-12,2.1414706682750807e-12
2.739,-3.100515723944047e-12,2.1088164106567236e-12
2.74,-3.064692311678324e-12,2.0766437202794196e-12
2.741,-3.0292676243387478e-12,2.0449456847705657e-12
2.742,-2.9942374638231086e-12,2.013715488659394e-12
2.743,-2.9595976723082476e-12,1.9829464120483583e-12
2.744,-2.9253441319311763e-12,1.952631829302335e-12
2.745,-2.8914727644714436e-12,1.9227652077554022e-12
2.746,-2.857979531034781e-12,1.8933401064349726e-12
2.747,-2.824860431738046e-12,1.864350174803048e-12
2.748,-2.7921115053954826e-12,1.835789151514376e-12
2.749,-2.7597288292063295e-12,1.8076508631912774e-12
2.75,-2.7277085184437865e-12,1.779929223214941e-12
2.751,-2.696046726145367e-12,1.7526182305329562e-12
2.752,-2.664739642804651e-12,1.7257119684828765e-12
2.753,-2.6337834960644585e-12,1.6992046036316027e-12
2.754,-2.6031745504114625e-12,1.673090384630378e-12
2.755,-2.572909106872256e-12,1.64736364108519e-12
2.756,-2.542983502710891e-12,1.6220187824423759e-12
2.757,-2.513394111127903e-12,1.5970502968892321e-12
2.758,-2.484137340960839e-12,1.5724527502694327e-12
2.759,-2.4552096363863e-12,1.5482207850130573e-12
2.76,-2.426607476623516e-12,1.5243491190810416e-12
2.761,-2.3983273756394575e-12,1.5008325449238551e-12
2.762,-2.3703658818555083e-12,1.4776659284542248e-12
2.763,-2.3427195778556986e-12,1.454844208033714e-12
2.764,-2.315385080096522e-12,1.4323623934729768e-12
2.765,-2.2883590386183345e-12,1.4102155650455089e-12
2.766,-2.2616381367583536e-12,1.3883988725147134e-12
2.767,-2.2352190908652673e-12,1.3669075341741086e-12
2.768,-2.209098650015454e-12,1.3457368359005032e-12
2.769,-2.183273595730832e-12,1.3248821302199696e-12
2.77,-2.1577407416983383e-12,1.304338835386442e-12
2.771,-2.1324969334910477e-12,1.2841024344727782e-12
2.772,-2.1075390482909386e-12,1.264168474474115e-12
2.773,-2.0828639946133103e-12,1.2445325654233595e-12
2.774,-2.058468712032863e-12,1.225190379518652e-12
2.775,-2.034350170911435e-12,1.2061376502626436e-12
2.776,-2.0105053721274173e-12,1.1873701716134332e-12
2.777,-1.986931346806834e-12,1.168883797147008e-12
2.778,-1.9636251560561053e-12,1.1506744392310355e-12
2.779,-1.940583890696491e-12,1.132738068209857e-12
2.78,-1.9178046710002187e-12,1.1150707116005352e-12
2.781,-1.8952846464282986e-12,1.0976684532998054e-12
2.782,-1.8730209953700296e-12,1.080527432801792e-12
2.783,-1.8510109248841983e-12,1.0636438444263416e-12
2.784,-1.8292516704419713e-12,1.047013936557835e-12
2.785,-1.8077404956714842e-12,1.030634010894339e-12
2.786,-1.7864746921041249e-12,1.0145004217069578e-12
2.787,-1.7654515789225188e-12,9.986095751092544e-13
2.788,-1.744668502710207e-12,9.829579283366005e-13
2.789,-1.724122837203028e-12,9.6754198903533e-13
2.79,-1.7038119830421921e-12,9.523583145615613e-13
2.791,-1.6837333675290572e-12,9.374035112895608e-13
2.792,-1.6638844443815994e-12,9.226742339295225e-13
2.793,-1.6442626934925795e-12,9.081671848546369e-13
2.794,-1.6248656206894053e-12,8.938791134373233e-13
2.795,-1.6056907574956835e-12,8.798068153945088e-13
2.796,-1.586735660894466e-12,8.659471321418287e-13
2.797,-1.5679979130931822e-12,8.522969501566311e-13
2.798,-1.5494751212902591e-12,8.388532003496699e-13
2.799,-1.5311649174434245e-12,8.256128574453668e-13
2.8,-1.5130649580396913e-12,8.125729393705314e-13
2.801,-1.4951729238670199e-12,7.99730506651425e-13
2.802,-1.4774865197876537e-12,7.870826618190562e-13
2.803,-1.4600034745131277e-12,7.746265488226001e-13
2.804,-1.4427215403809427e-12,7.623593524508306e-13
2.805,-1.4256384931329038e-12,7.502782977614604e-13
2.806,-1.4087521316951167e-12,7.383806495182819e-13
2.807,-1.3920602779596411e-12,7.266637116360057e-13
2.808,-1.3755607765677925e-12,7.151248266326918e-13
2.809,-1.3592514946950905e-12,7.037613750896753e-13
2.81,-1.3431303218378488e-12,6.925707751188827e-13
2.811,-1.327195169601399e-12,6.815504818374418e-13
2.812,-1.3114439714899471e-12,6.706979868494878e-13
2.813,-1.2958746826980545e-12,6.600108177350678e-13
2.814,-1.2804852799037387e-12,6.494865375460499e-13
2.815,-1.2652737610631888e-12,6.39122744308942e-13
2.816,-1.250238145207089e-12,6.289170705345287e-13
2.817,-1.2353764722385449e-12,6.188671827342337e-13
2.818,-1.2206868027326054e-12,6.089707809431182e-13
2.819,-1.2061672177373768e-12,5.992255982494267e-13
2.82,-1.1918158185767195e-12,5.896294003305899e-13
2.821,-1.177630726654522e-12,5.801799849956023e-13
2.822,-1.1636100832605483e-12,5.708751817336839e-13
2.823,-1.1497520493778459e-12,5.617128512691455e-13
2.824,-1.1360548054917152e-12,5.526908851223718e-13
2.825,-1.1225165514002281e-12,5.438072051768412e-13
2.826,-1.1091355060262903e-12,5.35059763252101e-13
2.827,-1.0959099072312413e-12,5.264465406826173e-13
2.828,-1.0828380116299826e-12,5.179655479024207e-13
2.829,-1.0699180944076315e-12,5.09614824035471e-13
2.83,-1.0571484491376857e-12,5.013924364916609e-13
2.831,-1.0445273876017007e-12,4.932964805683868e-13
2.832,-1.0320532396104624e-12,4.853250790576079e-13
2.833,-1.019724352826657e-12,4.774763818583218e-13
2.834,-1.0075390925890242e-12,4.697485655943837e-13
2.835,-9.954958417379867e-13,4.621398332375944e-13
2.836,-9.83593000442753e-13,4.546484137359907e-13
2.837,-9.71828986029878e-13,4.472725616472627e-13
2.838,-9.602022328132817e-13,4.4001055677723316e-13
2.839,-9.487111919257115e-13,4.32860703823328e-13
2.84,-9.37354331151644e-13,4.258213320229711e-13
2.841,-9.261301347616177e-13,4.188907948068375e-13
2.842,-9.150371033479857e-13,4.120674694568985e-13
2.843,-9.040737536620858e-13,4.053497567691942e-13
2.844,-8.932386184528143e-13,3.9873608072126956e-13
2.845,-8.825302463065978e-13,3.922248881442108e-13
2.846,-8.719472014887565e-13,3.8581464839921983e-13
2.847,-8.614880637862468e-13,3.7950385305866566e-13
2.848,-8.511514283517784e-13,3.7329101559155124e-13
2.849,-8.409359055492961e-13,3.6717467105333693e-13
2.85,-8.308401208008175e-13,3.6115337578006107e-13
2.851,-8.208627144346192e-13,3.552257070866993e-13
2.852,-8.110023415347639e-13,3.4939026296970524e-13
2.853,-8.012576717919569e-13,3.436456618136762e-13
2.854,-7.916273893557274e-13,3.379905421020872e-13
2.855,-7.821101926879236e-13,3.3242356213203877e-13
2.856,-7.727047944175137e-13,3.269433997329636e-13
2.857,-7.634099211966858e-13,3.2154875198923837e-13
2.858,-7.542243135582351e-13,3.1623833496664817e-13
2.859,-7.451467257742342e-13,3.1101088344265e-13
2.86,-7.361759257159738e-13,3.0586515064038523e-13
2.861,-7.273106947151679e-13,3.007999079663887e-13
2.862,-7.185498274264148e-13,2.9581394475194497e-13
2.863,-7.098921316909041e-13,2.9090606799804195e-13
2.864,-7.013364284013628e-13,2.860751021238724e-13
2.865,-6.928815513682309e-13,2.8131988871883614e-13
2.866,-6.845263471870582e-13,2.76639286297994e-13
2.867,-6.762696751071144e-13,2.7203217006092743e-13
2.868,-6.681104069012036e-13,2.674974316539569e-13
2.869,-6.600474267366748e-13,2.6303397893567347e-13
2.87,-6.520796310476195e-13,2.5864073574573816e-13
2.871,-6.442059284082491e-13,2.5431664167690505e-13
2.872,-6.364252394074421e-13,2.5006065185022337e-13
2.873,-6.287364965244542e-13,2.458717366933759e-13
2.874,-6.211386440057825e-13,2.417488817221103e-13
2.875,-6.136306377431737e-13,2.376910873247217e-13
2.876,-6.062114451527708e-13,2.336973685495443e-13
2.877,-5.988800450553879e-13,2.2976675489541126e-13
2.878,-5.916354275579056e-13,2.2589829010504209e-13
2.879,-5.844765939357774e-13,2.220910319613177e-13
2.88,-5.774025565166416e-13,2.1834405208640348e-13
2.881,-5.704123385650273e-13,2.1465643574368137e-13
2.882,-5.635049741681474e-13,2.110272816424528e-13
2.883,-5.566795081227721e-13,2.0745570174537411e-13
2.884,-5.499349958231709e-13,2.0394082107858752e-13
2.885,-5.432705031501191e-13,2.0048177754451032e-13
2.886,-5.366851063609576e-13,1.9707772173724613e-13
2.887,-5.301778919806991e-13,1.9372781676058208e-13
2.888,-5.237479566941725e-13,1.9043123804853678e-13
2.889,-5.173944072391973e-13,1.8718717318842354e-13
2.89,-5.111163603007805e-13,1.8399482174639509e-13
2.891,-5.049129424063258e-13,1.8085339509543506e-13
2.892,-4.987832898218509e-13,1.7776211624576303e-13
2.893,-4.927265484492016e-13,1.7472021967761978e-13
2.894,-4.867418737242556e-13,1.7172695117640047e-13
2.895,-4.808284305161096e-13,1.687815676701028e-13
2.896,-4.749853930272396e-13,1.6588333706905895e-13
2.897,-4.692119446946282e-13,1.630315381079197e-13
2.898,-4.635072780918507e-13,1.6022546018985976e-13
2.899,-4.578705948321115e-13,1.5746440323297343e-13
2.9,-4.5230110547222387e-13,1.5474767751883132e-13
2.901,-4.4679802941752554e-13,1.5207460354316732e-13
2.902,-4.413605948277213e-13,1.4944451186866727e-13
2.903,-4.3598803852364663e-13,1.4685674297983006e-13
2.904,-4.3067960589494293e-13,1.443106471398727e-13
2.905,-4.2543455080863856e-13,1.418055842496511e-13
2.906,-4.2025213551862675e-13,1.393409237085689e-13
2.907,-4.151316305760339e-13,1.3691604427744694e-13
2.908,-4.100723147404702e-13,1.345303339433261e-13
2.909,-4.0507347489215547e-13,1.3218318978617709e-13
2.91,-4.0013440594491263e-13,1.29874017847491e-13
2.911,-3.95254410760022e-13,1.2760223300072404e-13
2.912,-3.9043280006092797e-13,1.2536725882357167e-13
2.913,-3.8566889234879273e-13,1.231685274720461e-13
2.914,-3.8096201381888746e-13,1.2100547955633283e-13
2.915,-3.763114982778158e-13,1.1887756401840141e-13
2.916,-3.717166870615618e-13,1.1678423801134593e-13
2.917,-3.6717692895435433e-13,1.1472496678043185e-13
2.918,-3.6269158010834277e-13,1.1269922354582497e-13
2.919,-3.582600039640752e-13,1.1070648938697994e-13
2.92,-3.538815711717732e-13,1.0874625312866452e-13
2.921,-3.4955565951339593e-13,1.0681801122859773e-13
2.922,-3.4528165382548664e-13,1.049212676666791e-13
2.923,-3.410589459227947e-13,1.0305553383578694e-13
2.924,-3.3688693452266687e-13,1.0122032843412419e-13
2.925,-3.3276502517019984e-13,9.941517735909018e-14
2.926,-3.2869263016414893e-13,9.763961360265707e-14
2.927,-3.2466916848358493e-13,9.589317714823042e-14
2.928,-3.2069406571529314e-13,9.417541486897292e-14
2.929,-3.167667539819078e-13,9.248588042757127e-14
2.93,-3.128866718707753e-13,9.082413417742594e-14
2.931,-3.0905326436354007e-13,8.918974306524425e-14
2.932,-3.05265982766446e-13,8.758228053501721e-14
2.933,-3.0152428464134757e-13,8.600132643336081e-14
2.934,-2.9782763373742384e-13,8.444646691620286e-14
2.935,-2.941754999235896e-13,8.291729435679675e-14
2.936,-2.905673591215966e-13,8.141340725504349e-14
2.937,-2.870026932398192e-13,7.993441014810407e-14
2.938,-2.834809901077177e-13,7.84799135222839e-14
2.939,-2.800017434109741e-13,7.704953372617191e-14
2.94,-2.7656445262729287e-13,7.564289288501665e-14
2.941,-2.731686229628617e-13,7.425961881632221e-14
2.942,-2.69813765289466e-13,7.289934494664696e-14
2.943,-2.664993960822505e-13,7.156171022958841e-14
2.944,-2.632250373581226e-13,7.024635906493754e-14
2.945,-2.5999021661479184e-13,6.895294121898644e-14
2.946,-2.5679446677043857e-13,6.7681111745973e-14
2.947,-2.536373261040071e-13,6.643053091064692e-14
2.948,-2.5051833819611674e-13,6.520086411194132e-14
2.949,-2.4743705187058547e-13,6.399178180773455e-14
2.95,-2.4439302113656016e-13,6.280295944068698e-14
2.951,-2.4138580513124827e-13,6.16340773651377e-14
2.952,-2.384149680632447e-13,6.048482077504637e-14
2.953,-2.354800791564483e-13,5.935487963296558e-14
2.954,-2.3258071259456356e-13,5.824394860002928e-14
2.955,-2.2971644746618e-13,5.715172696694331e-14
2.956,-2.268868677104262e-13,5.6077918585963497e-14
2.957,-2.2409156206319058e-13,5.5022231803848105e-14
2.958,-2.2133012400390584e-13,5.398437939577053e-14
2.959,-2.1860215170289003e-13,5.2964078500179037e-14
2.96,-2.1590724796923983e-13,5.1961050554590194e-14
2.961,-2.132450201992706e-13,5.097502123230292e-14
2.962,-2.1061508032549778e-13,5.00057203800203e-14
2.963,-2.080170447661549e-13,4.9052881956366325e-14
2.964,-2.0545053437524262e-13,4.8116243971285137e-14
2.965,-2.0291517439310396e-13,4.719554842631032e-14
2.966,-2.0041059439752065e-13,4.629054125569203e-14
2.967,-1.9793642825532562e-13,4.540097226836995e-14
2.968,-1.954923140745264e-13,4.452659509078021e-14
2.969,-1.9307789415693501e-13,4.366716711048447e-14
2.97,-1.9069281495129875e-13,4.2822449420609744e-14
2.971,-1.8833672700692791e-13,4.199220676508743e-14
2.972,-1.860092849278147e-13,4.117620748468044e-14
2.973,-1.8371014732723926e-13,4.03742234637873e-14
2.974,-1.814389767828577e-13,3.958603007801219e-14
2.975,-1.7919543979226773e-13,3.881140614249034e-14
2.976,-1.7697920672904677e-13,3.8050133860958e-14
2.977,-1.7478995179925857e-13,3.730199877555654e-14
2.978,-1.7262735299842314e-13,3.6566789717360364e-14
2.979,-1.7049109206894586e-13,3.584429875761842e-14
2.98,-1.6838085445800103e-13,3.513432115969925e-14
2.981,-1.662963292758655e-13,3.443665533172969e-14
2.982,-1.6423720925469805e-13,3.375110277991737e-14
2.983,-1.6220319070775982e-13,3.307746806254747e-14
2.984,-1.6019397348907178e-13,3.2415558744644103e-14
2.985,-1.582092609535047e-13,3.176518535328707e-14
2.986,-1.5624875991729732e-13,3.112616133357459e-14
2.987,-1.5431218061899874e-13,3.0498303005223053e-14
2.988,-1.5239923668083055e-13,2.988142951979463e-14
2.989,-1.5050964507046448e-13,2.927536281854394e-14
2.99,-1.4864312606321183e-13,2.867992759087513e-14
2.991,-1.4679940320462005e-13,2.8094951233400483e-14
2.992,-1.4497820327347281e-13,2.7520263809592286e-14
2.993,-1.4317925624518944e-13,2.695569801001948e-14
2.994,-1.4140229525561941e-13,2.6401089113160755e-14
2.995,-1.3964705656522855e-13,2.5856274946786023e-14
2.996,-1.379132795236723e-13,2.5321095849898167e-14
2.997,-1.3620070653475283e-13,2.4795394635227144e-14
2.998,-1.345090830217556e-13,2.42790165522686e-14
2.999,-1.3283815739316175e-13,2.377180925085932e-14
3.0,-1.311876810087329e-13,2.327362274528184e-14
3.001,-1.295574081459637e-13,2.278430937889078e-14
3.002,-1.2794709596689934e-13,2.230372378925342e-14
3.003,-1.2635650448531387e-13,2.183172287379732e-14
3.004,-1.2478539653424562e-13,2.136816575595769e-14
3.005,-1.2323353773388622e-13,2.0912913751817457e-14
3.006,-1.2170069645981988e-13,2.046583033723304e-14
3.007,-1.2018664381160867e-13,2.002678111543892e-14
3.008,-1.1869115358172109e-13,1.9595633785124166e-14
3.009,-1.172140022247998e-13,1.9172258108974286e-14
3.01,-1.1575496882726543e-13,1.8756525882671677e-14
3.011,-1.1431383507725285e-13,1.834831090434826e-14
3.012,-1.1289038523487648e-13,1.794748894448377e-14
3.013,-1.1148440610282145e-13,1.7553937716243438e-14
3.014,-1.1009568699725705e-13,1.7167536846248718e-14
3.015,-1.0872401971906925e-13,1.6788167845775e-14
3.016,-1.0736919852540909e-13,1.64157140823701e-14
3.017,-1.0603102010155356e-13,1.6050060751887648e-14
3.018,-1.0470928353307579e-13,1.5691094850929364e-14
3.019,-1.0340379027832137e-13,1.5338705149690447e-14
3.02,-1.0211434414118767e-13,1.4992782165202303e-14
3.021,-1.0084075124420296e-13,1.4653218134966948e-14
3.022,-9.958282000190229e-14,1.4319906990977482e-14
3.023,-9.834036109449692e-14,1.3992744334119135e-14
3.024,-9.711318744183457e-14,1.367162740894544e-14
3.025,-9.590111417764698e-14,1.3356455078824175e-14
3.026,-9.470395862408236e-14,1.3047127801447792e-14
3.027,-9.35215402665192e-14,1.2743547604703099e-14
3.028,-9.235368072865897e-14,1.2445618062895094e-14
3.029,-9.12002037478946e-14,1.2153244273319852e-14
3.03,-9.006093515095179e-14,1.1866332833181471e-14
3.031,-8.893570282980041e-14,1.1584791816848177e-14
3.032,-8.782433671783323e-14,1.1308530753442695e-14
3.033,-8.672666876630897e-14,1.1037460604762127e-14
3.034,-8.564253292105709e-14,1.0771493743522588e-14
3.035,-8.457176509944152e-14,1.0510543931923971e-14
3.036,-8.351420316758052e-14,1.0254526300530226e-14
3.037,-8.246968691782012e-14,1.0003357327460638e-14
3.038,-8.143805804645838e-14,9.756954817887644e-15
3.039,-8.041916013171787e-14,9.515237883836785e-15
3.04,-7.941283861196374e-14,9.278126924284443e-15
3.041,-7.841894076416468e-14,9.04554360554911e-15
3.042,-7.743731568259454e-14,8.817410841971947e-15
3.043,-7.646781425777155e-14,8.593652776882486e-15
3.044,-7.551028915563317e-14,8.374194763845385e-15
3.045,-7.456459479694364e-14,8.158963348184158e-15
3.046,-7.3630587336932e-14,7.947886248777951e-15
3.047,-7.270812464515811e-14,7.740892340127369e-15
3.048,-7.179706628560414e-14,7.537911634685543e-15
3.049,-7.089727349698927e-14,7.338875265450567e-15
3.05,-7.000860917330512e-14,7.143715468815566e-15
3.051,-6.913093784456959e-14,6.952365567672682e-15
3.052,-6.826412565779683e-14,6.764759954767295e-15
3.053,-6.740804035818102e-14,6.580834076298906e-15
3.054,-6.656255127049154e-14,6.400524415765093e-15
3.055,-6.572752928067755e-14,6.223768478045037e-15
3.056,-6.490284681767941e-14,6.0505047737191825e-15
3.057,-6.408837783544496e-14,5.8806728036215875e-15
3.058,-6.328399779514855e-14,5.714213043621634e-15
3.059,-6.248958364761012e-14,5.551066929631762e-15
3.06,-6.170501381591301e-14,5.39117684283797e-15
3.061,-6.093016817821754e-14,5.234486095149859e-15
3.062,-6.016492805076884e-14,5.080938914867048e-15
3.063,-5.940917617109658e-14,4.9304804325588205e-15
3.064,-5.866279668140448e-14,4.783056667153923e-15
3.065,-5.792567511214788e-14,4.638614512237471e-15
3.066,-5.719769836579688e-14,4.497101722551967e-15
3.067,-5.647875470078346e-14,4.358466900699458e-15
3.068,-5.57687337156303e-14,4.2226594840419394e-15
3.069,-5.5067526333259555e-14,4.08962973179711e-15
3.07,-5.43750247854795e-14,3.959328712326657e-15
3.071,-5.36911225976471e-14,3.831708290614274e-15
3.072,-5.3015714573504806e-14,3.7067211159306604e-15
3.073,-5.234869678018935e-14,3.5843206096827775e-15
3.074,-5.168996653341103e-14,3.4644609534447033e-15
3.075,-5.1039422382801386e-14,3.347097077167426e-15
3.076,-5.03969640974275e-14,3.2321846475649954e-15
3.077,-4.9762492651471186e-14,3.1196800566744518e-15
3.078,-4.913591021007119e-14,3.0095404105870177e-15
3.079,-4.851712011532661e-14,2.9017235183480502e-15
3.08,-4.790602687245989e-14,2.796187881023304e-15
3.081,-4.7302536136137515e-14,2.692892680929082e-15
3.082,-4.670655469694679e-14,2.591797771023887e-15
3.083,-4.611799046802691e-14,2.492863664459219e-15
3.084,-4.553675247185274e-14,2.3960515242872015e-15
3.085,-4.4962750827169495e-14,2.3013231533227475e-15
3.086,-4.439589673607683e-14,2.208640984158016e-15
3.087,-4.3836102471260577e-14,2.1179680693269284e-15
3.088,-4.3283281363370514e-14,2.0292680716175643e-15
3.089,-4.273734778854269e-14,1.9425052545302698e-15
3.09,-4.2198217156064586e-14,1.8576444728793553e-15
3.091,-4.166580589618157e-14,1.7746511635362808e-15
3.092,-4.1140031448043146e-14,1.6934913363122624e-15
3.093,-4.062081224778744e-14,1.6141315649782635e-15
3.094,-4.010806771676231e-14,1.5365389784203556e-15
3.095,-3.9601718249881767e-14,1.4606812519284735e-15
3.096,-3.910168520411598e-14,1.3865265986166094e-15
3.097,-3.8607890887113626e-14,1.3140437609725218e-15
3.098,-3.81202585459549e-14,1.2432020025350617e-15
3.099,-3.7638712356033976e-14,1.1739710996972474e-15
3.1,-3.716317741006923e-14,1.106321333633242e-15
3.101,-3.6693579707240054e-14,1.0402234823474192e-15
3.102,-3.622984614244872e-14,9.75648812843725e-16
3.103,-3.577190449570591e-14,9.1256907341357e-16
3.104,-3.531968342163862e-14,8.509564860405136e-16
3.105,-3.4873112439119034e-14,7.907837389200208e-16
3.106,-3.443212192101296e-14,7.320239790926075e-16
3.107,-3.3996643084046685e-14,6.746508051887017e-16
3.108,-3.35666079787907e-14,6.186382602835817e-16
3.109,-3.314194947975919e-14,5.639608248607708e-16
3.11,-3.27226012756239e-14,5.105934098822934e-16
3.111,-3.230849785954112e-14,4.585113499642194e-16
3.112,-3.189957451959055e-14,4.076903966559459e-16
3.113,-3.1495767329324774e-14,3.5810671182168993e-16
3.114,-3.1097013138428134e-14,3.0973686112268397e-16
3.115,-3.0703249563483786e-14,2.625578075985912e-16
3.116,-3.0314414978847666e-14,2.165469053466767e-16
3.117,-2.993044850762828e-14,1.7168189329729266e-16
3.118,-2.955129001277103e-14,1.279408890842562e-16
3.119,-2.917688008824599e-14,8.530238300871879e-17
3.12,-2.880716005033792e-14,4.3745232095146505e-17
3.121,-2.844207192903738e-14,3.248654238050079e-18
3.122,-2.8081558459531864e-14,-3.620777756187645e-17
3.123,-2.772556307379575e-14,-7.464414087353058e-17
3.124,-2.737402989227802e-14,-1.120801694243927e-16
3.125,-2.7026903715686633e-14,-1.4853525860401814e-16
3.126,-2.6684130016868456e-14,-1.8402847088329553e-16
3.127,-2.63456549327837e-14,-2.185785411507191e-16
3.128,-2.6011425256573794e-14,-2.5220388196690425e-16
3.129,-2.56813884297216e-14,-2.8492258873855805e-16
3.13,-2.5355492534303032e-14,-3.1675244481309905e-16
3.131,-2.503368628532893e-14,-3.477109264951034e-16
3.132,-2.4715919023176267e-14,-3.7781520798573673e-16
3.133,-2.440214070610763e-14,-4.070821662463164e-16
3.134,-2.4092301902877995e-14,-4.355283857871288e-16
3.135,-2.3786353785427804e-14,-4.631701633826139e-16
3.136,-2.3484248121661392e-14,-4.900235127140106e-16
3.137,-2.3185937268309772e-14,-5.161041689405415e-16
3.138,-2.2891374163876837e-14,-5.414275932001998e-16
3.139,-2.260051232166804e-14,-5.660089770411866e-16
3.14,-2.2313305822900594e-14,-5.898632467850296e-16
3.141,-2.2029709309894326e-14,-6.13005067822403e-16
3.142,-2.17496779793422e-14,-6.354488488426478e-16
3.143,-2.1473167575659646e-14,-6.572087459979841e-16
3.144,-2.1200134384411817e-14,-6.782986670033867e-16
3.145,-2.0930535225817834e-14,-6.987322751730852e-16
3.146,-2.066432744833122e-14,-7.185229933946338e-16
3.147,-2.0401468922295583e-14,-7.376840080414822e-16
3.148,-2.0141918033674735e-14,-7.562282728249672e-16
3.149,-1.988563367785642e-14,-7.741685125866297e-16
3.15,-1.9632575253528745e-14,-7.915172270317488e-16
3.151,-1.9382702656628558e-14,-8.0828669440497205e-16
3.152,-1.913597627436092e-14,-8.244889751089088e-16
3.153,-1.889235697928886e-14,-8.401359152665397e-16
3.154,-1.8651806123492623e-14,-8.552391502282832e-16
3.155,-1.8414285532797595e-14,-8.69810108024549e-16
3.156,-1.8179757501070182e-14,-8.838600127645952e-16
3.157,-1.7948184784580786e-14,-8.973998879824923e-16
3.158,-1.7719530596433154e-14,-9.104405599309912e-16
3.159,-1.7493758601059375e-14,-9.22992660824072e-16
3.16,-1.7270832908779694e-14,-9.350666320289491e-16
3.161,-1.705071807042647e-14,-9.46672727208287e-16
3.162,-1.683337907203153e-14,-9.578210154133778e-16
3.163,-1.661878132957615e-14,-9.685213841290165e-16
3.164,-1.6406890683803024e-14,-9.78783542270801e-16
3.165,-1.619767339508942e-14,-9.88617023135571e-16
3.166,-1.5991096138380915e-14,-9.980311873056933e-16
3.167,-1.5787125998184927e-14,-1.0070352255078852e-15
3.168,-1.558573046362343e-14,-1.0156381614272665e-15
3.169,-1.5386877423544114e-14,-1.023848854477307e-15
3.17,-1.519053516168937e-14,-1.0316760025263418e-15
3.171,-1.4996672351922398e-14,-1.0391281445813049e-15
3.172,-1.48052580535098e-14,-1.0462136634293283e-15
3.173,-1.4616261706459997e-14,-1.0529407882378427e-15
3.174,-1.4429653126916847e-14,-1.0593175971138075e-15
3.175,-1.4245402502607798e-14,-1.0653520196226844e-15
3.176,-1.4063480388345988e-14,-1.0710518392677679e-15
3.177,-1.388385770158563e-14,-1.076424695930468e-15
3.178,-1.3706505718030098e-14,-1.0814780882721391e-15
3.179,-1.353139606729208e-14,-1.0862193760980353e-15
3.18,-1.3358500728605233e-14,-1.0906557826839661e-15
3.181,-1.3187792026586714e-14,-1.0947943970662194e-15
3.182,-1.301924262705e-14,-1.098642176295304e-15
3.183,-1.2852825532867447e-14,-1.102205947654068e-15
3.184,-1.2688514079881977e-14,-1.1054924108407255e-15
3.185,-1.252628193286735e-14,-1.1085081401173285e-15
3.186,-1.2366103081536444e-14,-1.1112595864242112e-15
3.187,-1.2207951836596993e-14,-1.113753079460916e-15
3.188,-1.2051802825854246e-14,-1.1159948297341209e-15
3.189,-1.1897630990359967e-14,-1.1179909305730596e-15
3.19,-1.1745411580607298e-14,-1.1197473601129392e-15
3.191,-1.159512015277088e-14,-1.1212699832468335e-15
3.192,-1.1446732564991786e-14,-1.1225645535465392e-15
3.193,-1.1300224973706675e-14,-1.1236367151528637e-15
3.194,-1.1155573830020698e-14,-1.1244920046358122e-15
3.195,-1.1012755876123646e-14,-1.1251358528251325e-15
3.196,-1.0871748141748805e-14,-1.1255735866116712e-15
3.197,-1.0732527940674062e-14,-1.1258104307199856e-15
3.198,-1.059507286726475e-14,-1.1258515094526501e-15
3.199,-1.0459360793057736e-14,-1.1257018484066913e-15
3.2,-1.032536986338631e-14,-1.1253663761625773e-15
3.201,-1.0193078494045351e-14,-1.12484992594618e-15
3.202,-1.0062465367996347e-14,-1.1241572372641259e-15
3.203,-9.933509432111767e-15,-1.1232929575129407e-15
3.204,-9.806189893958358e-15,-1.1222616435623922e-15
3.205,-9.680486218618888e-15,-1.1210677633134242e-15
3.206,-9.556378125551899e-15,-1.1197156972310716e-15
3.207,-9.433845585489032e-15,-1.1182097398527429e-15
3.208,-9.312868817369475e-15,-1.1165541012722459e-15
3.209,-9.193428285311092e-15,-1.114752908599929e-15
3.21,-9.075504695617842e-15,-1.1128102073993062e-15
3.211,-8.959078993823015e-15,-1.1107299631005298e-15
3.212,-8.844132361767898e-15,-1.1085160623910601e-15
3.213,-8.73064621471546e-15,-1.106172314583891e-15
3.214,-8.618602198498613e-15,-1.1037024529636717e-15
3.215,-8.507982186702691e-15,-1.1011101361110668e-15
3.216,-8.398768277881697e-15,-1.0983989492056929e-15
3.217,-8.290942792807972e-15,-1.095572405307955e-15
3.218,-8.184488271754852e-15,-1.0926339466201186e-15
3.219,-8.07938747181195e-15,-1.089586945726927e-15
3.22,-7.975623364232687e-15,-1.0864347068160899e-15
3.221,-7.87317913181365e-15,-1.0831804668789467e-15
3.222,-7.77203816630548e-15,-1.0798273968916164e-15
3.223,-7.672184065854834e-15,-1.0763786029769319e-15
3.224,-7.573600632477122e-15,-1.0728371275474605e-15
3.225,-7.476271869559625e-15,-1.0692059504298992e-15
3.226,-7.380181979394648e-15,-1.0654879899711374e-15
3.227,-7.285315360742344e-15,-1.0616861041262677e-15
3.228,-7.19165660642288e-15,-1.0578030915288292e-15
3.229,-7.099190500937583e-15,-1.053841692543553e-15
3.23,-7.007902018118725e-15,-1.0498045903018905e-15
3.231,-6.91777631880762e-15,-1.0456944117205812e-15
3.232,-6.8287987485606975e-15,-1.0415137285035346e-15
3.233,-6.740954835383214e-15,-1.0372650581272774e-15
3.234,-6.654230287490285e-15,-1.0329508648102269e-15
3.235,-6.568610991094914e-15,-1.0285735604660409e-15
3.236,-6.4840830082227016e-15,-1.0241355056412916e-15
3.237,-6.4006325745529134e-15,-1.0196390104377087e-15
3.238,-6.318246097285602e-15,-1.0150863354192336e-15
3.239,-6.2369101530344755e-15,-1.0104796925041197e-15
3.24,-6.156611485745208e-15,-1.0058212458423141e-15
3.241,-6.077337004638883e-15,-1.0011131126783499e-15
3.242,-5.999073782180289e-15,-9.96357364199975e-16
3.243,-5.921809052070759e-15,-9.915560263727444e-16
3.244,-5.84553020726527e-15,-9.867110807607907e-16
3.245,-5.7702247980135205e-15,-9.818244653339917e-16
3.246,-5.695880529924686e-15,-9.7689807526175e-16
3.247,-5.622485262055596e-15,-9.719337636935926e-16
3.248,-5.550027005022029e-15,-9.66933342526796e-16
3.249,-5.478493919132875e-15,-9.618985831612449e-16
3.25,-5.40787431254688e-15,-9.56831217241722e-16
3.251,-5.338156639451711e-15,-9.517329373878266e-16
3.252,-5.26932949826507e-15,-9.466053979117176e-16
3.253,-5.201381629857611e-15,-9.414502155238724e-16
3.254,-5.134301915797381e-15,-9.362689700270513e-16
3.255,-5.068079376615544e-15,-9.310632049986512e-16
3.256,-5.0027031700931306e-15,-9.25834428461634e-16
3.257,-4.938162589568567e-15,-9.205841135442084e-16
3.258,-4.874447062265725e-15,-9.153136991284448e-16
3.259,-4.8115461476422665e-15,-9.100245904879954e-16
3.26,-4.749449535758031e-15,-9.047181599150943e-16
3.261,-4.688147045663219e-15,-8.99395747337006e-16
3.262,-4.627628623806165e-15,-8.94058660922089e-16
3.263,-4.567884342460429e-15,-8.887081776756422e-16
3.264,-4.508904398171009e-15,-8.833455440256896e-16
3.265,-4.450679110219425e-15,-8.779719763988713e-16
3.266,-4.3931989191074645e-15,-8.725886617865899e-16
3.267,-4.336454385059357e-15,-8.671967583015738e-16
3.268,-4.2804361865421636e-15,-8.61797395725005e-16
3.269,-4.225135118804164e-15,-8.563916760443635e-16
3.27,-4.170542092431022e-15,-8.509806739821368e-16
3.271,-4.116648131919523e-15,-8.455654375155379e-16
3.272,-4.06344437426867e-15,-8.401469883873774e-16
3.273,-4.010922067587938e-15,-8.347263226082293e-16
3.274,-3.959072569722465e-15,-8.293044109500297e-16
3.275,-3.9078873468949995e-15,-8.238821994312462e-16
3.276,-3.857357972364392e-15,-8.184606097937512e-16
3.277,-3.807476125100427e-15,-8.130405399715341e-16
3.278,-3.758233588474815e-15,-8.076228645513796e-16
3.279,-3.709622248968144e-15,-8.022084352256446e-16
3.28,-3.661634094892594e-15,-7.967980812372578e-16
3.281,-3.614261215130234e-15,-7.913926098170677e-16
3.282,-3.567495797886717e-15,-7.859928066136614e-16
3.283,-3.5213301294601773e-15,-7.805994361157762e-16
3.284,-3.4757565930251586e-15,-7.752132420674214e-16
3.285,-3.4307676674313884e-15,-7.698349478758292e-16
3.286,-3.386355926017223e-15,-7.644652570123496e-16
3.287,-3.3425140354375827e-15,-7.591048534064016e-16
3.288,-3.2992347545062102e-15,-7.537544018325961e-16
3.289,-3.2565109330520752e-15,-7.48414548291136e-16
3.29,-3.2143355107897575e-15,-7.430859203816069e-16
3.291,-3.1727015162036406e-15,-7.37769127670261e-16
3.292,-3.1316020654457516e-15,-7.32464762050903e-16
3.293,-3.0910303612470782e-15,-7.27173398099478e-16
3.294,-3.050979691842211e-15,-7.21895593422467e-16
3.295,-3.0114434299071385e-15,-7.166318889991878e-16
3.296,-2.9724150315100474e-15,-7.11382809518101e-16
3.297,-2.933888035074967e-15,-7.061488637072187e-16
3.298,-2.8958560603581026e-15,-7.009305446587115e-16
3.299,-2.8583128074367077e-15,-6.957283301478078e-16
3.3,-2.8212520557103423e-15,-6.905426829460786e-16
3.301,-2.784667662914372e-15,-6.853740511292002e-16
3.302,-2.748553564145553e-15,-6.80222868379282e-16
3.303,-2.712903770899566e-15,-6.750895542818518e-16
3.304,-2.677712370120351e-15,-6.699745146175824e-16
3.305,-2.642973523261097e-15,-6.648781416488481e-16
3.306,-2.6086814653567593e-15,-6.598008144011937e-16
3.307,-2.574830504107945e-15,-6.547428989398001e-16
3.308,-2.5414150189760513e-15,-6.497047486410291e-16
3.309,-2.508429460289504e-15,-6.446867044591267e-16
3.31,-2.4758683483609743e-15,-6.396890951881645e-16
3.311,-2.443726272615432e-15,-6.347122377192995e-16
3.312,-2.41199789072891e-15,-6.297564372934259e-16
3.313,-2.3806779277778516e-15,-6.248219877492975e-16
3.314,-2.3497611753989087e-15,-6.19909171767194e-16
3.315,-2.319242490959065e-15,-6.150182611082041e-16
3.316,-2.2891167967359636e-15,-6.101495168491996e-16
3.317,-2.2593790791083137e-15,-6.053031896135692e-16
3.318,-2.230024387756252e-15,-6.004795197977844e-16
3.319,-2.20104783487154e-15,-5.956787377938642e-16
3.32,-2.172444594377482e-15,-5.909010642078082e-16
3.321,-2.14420990115844e-15,-5.861467100740644e-16
3.322,-2.1163390502988333e-15,-5.814158770660969e-16
3.323,-2.088827396331508e-15,-5.767087577031182e-16
3.324,-2.0616703524953585e-15,-5.720255355530511e-16
3.325,-2.034863390002099e-15,-5.67366385431782e-16
3.326,-2.0084020373120607e-15,-5.627314735987659e-16
3.327,-1.982281879418916e-15,-5.58120957949047e-16
3.328,-1.9564985571432183e-15,-5.535349882017518e-16
3.329,-1.9310477664346474e-15,-5.489737060851153e-16
3.33,-1.90592525768286e-15,-5.444372455180971e-16
3.331,-1.8811268350368387e-15,-5.3992573278864515e-16
3.332,-1.8566483557326327e-15,-5.354392867286634e-16
3.333,-1.832485729429398e-15,-5.309780188857371e-16
3.334,-1.8086349175536235e-15,-5.265420336916724e-16
3.335,-1.785091932651457e-15,-5.221314286279019e-16
3.336,-1.7618528377490204e-15,-5.177462943878092e-16
3.337,-1.7389137457206276e-15,-5.133867150360248e-16
3.338,-1.7162708186648013e-15,-5.090527681647443e-16
3.339,-1.6939202672879982e-15,-5.047445250471182e-16
3.34,-1.6718583502959471e-15,-5.004620507877634e-16
3.341,-1.6500813737925095e-15,-4.962054044704452e-16
3.342,-1.6285856906859673e-15,-4.919746393029772e-16
3.343,-1.6073677001026517e-15,-4.877698027593859e-16
3.344,-1.5864238468078203e-15,-4.835909367193873e-16
3.345,-1.5657506206336976e-15,-4.794380776052201e-16
3.346,-1.5453445559145883e-15,-4.75311256515881e-16
3.347,-1.525202230928979e-15,-4.712104993588056e-16
3.348,-1.505320267348545e-15,-4.671358269790393e-16
3.349,-1.4856953296939734e-15,-4.6308725528594e-16
3.35,-1.4663241247975246e-15,-4.590647953774554e-16
3.351,-1.447203401272246e-15,-4.550684536620152e-16
3.352,-1.4283299489877602e-15,-4.510982319780809e-16
3.353,-1.4097005985525439e-15,-4.471541277113914e-16
3.354,-1.3913122208026223e-15,-4.4323613390994375e-16
3.355,-1.3731617262965975e-15,-4.393442393967505e-16
3.356,-1.3552460648169346e-15,-4.3547842888040824e-16
3.357,-1.3375622248774311e-15,-4.3163868306351745e-16
3.358,-1.320107233236791e-15,-4.2782497874898987e-16
3.359,-1.3028781544182298e-15,-4.240372889442792e-16
3.36,-1.2858720902350403e-15,-4.202755829635721e-16
3.361,-1.2690861793220403e-15,-4.1653982652797337e-16
3.362,-1.2525175966728353e-15,-4.1282998186372136e-16
3.363,-1.2361635531828233e-15,-4.091460077984663e-16
3.364,-1.2200212951978718e-15,-4.0548785985564614e-16
3.365,-1.2040881040685956e-15,-4.018554903469927e-16
3.366,-1.1883612957101716e-15,-3.982488484632e-16
3.367,-1.1728382201676186e-15,-3.946678803627874e-16
3.368,-1.1575162611864754e-15,-3.9111252925918895e-16
3.369,-1.1423928357888152e-15,-3.875827355060991e-16
3.37,-1.127465393854526e-15,-3.840784366811064e-16
3.371,-1.1127314177077958e-15,-3.8059956766764373e-16
3.372,-1.098188421708737e-15,-3.771460607352861e-16
3.373,-1.0838339518500884e-15,-3.737178456184234e-16
3.374,-1.0696655853589326e-15,-3.703148495933375e-16
3.375,-1.055680930303365e-15,-3.6693699755371177e-16
3.376,-1.0418776252040575e-15,-3.635842120846002e-16
3.377,-1.0282533386506533e-15,-3.6025641353488327e-16
3.378,-1.0148057689229366e-15,-3.5695352008823766e-16
3.379,-1.0015326436167153e-15,-3.5367544783264563e-16
3.38,-9.88431719274363e-16,-3.5042211082847e-16
3.381,-9.75500781019959e-16,-3.4719342117512044e-16
3.382,-9.627376421989722e-16,-3.439892890763353e-16
3.383,-9.50140144022435e-16,-3.4080962290410463e-16
3.384,-9.377061552155445e-16,-3.376543292612573e-16
3.385,-9.254335716706485e-16,-3.3452331304273744e-16
3.386,-9.133203161045502e-16,-3.3141647749559205e-16
3.387,-9.013643377200874e-16,-3.2833372427769413e-16
3.388,-8.895636118719296e-16,-3.2527495351522297e-16
3.389,-8.779161397365413e-16,-3.222400638589244e-16
3.39,-8.664199479862623e-16,-3.1922895253917306e-16
3.391,-8.550730884674521e-16,-3.1624151541985713e-16
3.392,-8.438736378826493e-16,-3.132776470511082e-16
3.393,-8.328196974766976e-16,-3.103372407208959e-16
3.394,-8.219093927267878e-16,-3.0742018850550853e-16
3.395,-8.111408730363689e-16,-3.045263813189393e-16
3.396,-8.005123114328801e-16,-3.016557089611983e-16
3.397,-7.900219042692568e-16,-2.9880806016556945e-16
3.398,-7.796678709291646e-16,-2.9598332264483207e-16
3.399,-7.694484535359143e-16,-2.9318138313646507e-16
3.4,-7.593619166650132e-16,-2.904021274468533e-16
3.401,-7.49406547060309e-16,-2.876454404945133e-16
3.402,-7.395806533536789e-16,-2.849112063523571e-16
3.403,-7.298825657882241e-16,-2.821993082890112e-16
3.404,-7.203106359449236e-16,-2.795096288092086e-16
3.405,-7.108632364727058e-16,-2.768420496932701e-16
3.406,-7.015387608218955e-16,-2.741964520356924e-16
3.407,-6.92335622980995e-16,-2.7157271628285916e-16
3.408,-6.832522572167576e-16,-2.689707222698911e-16
3.409,-6.742871178175131e-16,-2.6639034925665115e-16
3.41,-6.654386788397054e-16,-2.638314759629205e-16
3.411,-6.567054338576022e-16,-2.6129398060276066e-16
3.412,-6.480858957161379e-16,-2.587777409180766e-16
3.413,-6.395785962868509e-16,-2.562826342113966e-16
3.414,-6.311820862268766e-16,-2.5380853737788216e-16
3.415,-6.228949347409591e-16,-2.513553269365835e-16
3.416,-6.147157293464445e-16,-2.489228790609545e-16
3.417,-6.066430756412169e-16,-2.4651106960864023e-16
3.418,-5.98675597074544e-16,-2.441197741505518e-16
3.419,-5.908119347207937e-16,-2.417488679992418e-16
3.42,-5.830507470559862e-16,-2.3939822623659235e-16
3.421,-5.753907097371492e-16,-2.3706772374083067e-16
3.422,-5.67830515384438e-16,-2.347572352128831e-16
3.423,-5.603688733659889e-16,-2.324666352020814e-16
3.424,-5.530045095854708e-16,-2.301957981312331e-16
3.425,-5.457361662723019e-16,-2.2794459832106805e-16
3.426,-5.385626017744983e-16,-2.257129100140733e-16
3.427,-5.314825903541226e-16,-2.2350060739772766e-16
3.428,-5.244949219852995e-16,-2.2130756462714794e-16
3.429,-5.175984021547666e-16,-2.1913365584715768e-16
3.43,-5.107918516649301e-16,-2.1697875521379016e-16
3.431,-5.040741064393924e-16,-2.148427369152356e-16
3.432,-4.974440173309228e-16,-2.127254751922446e-16
3.433,-4.909004499318405e-16,-2.1062684435799705e-16
3.434,-4.844422843867791e-16,-2.0854671881744808e-16
3.435,-4.780684152078038e-16,-2.064849730861603e-16
3.436,-4.717777510918527e-16,-2.04441481808633e-16
3.437,-4.655692147404718e-16,-2.0241611977613787e-16
3.438,-4.594417426818168e-16,-2.0040876194407092e-16
3.439,-4.533942850948923e-16,-1.984192834488303e-16
3.44,-4.474258056360019e-16,-1.9644755962422905e-16
3.441,-4.4153528126738046e-16,-1.9449346601745253e-16
3.442,-4.3572170208798204e-16,-1.9255687840456864e-16
3.443,-4.299840711663969e-16,-1.9063767280560095e-16
3.444,-4.2432140437587096e-16,-1.887357254991721e-16
3.445,-4.187327302314012e-16,-1.8685091303672718e-16
3.446,-4.132170897288819e-16,-1.8498311225634496e-16
3.447,-4.0777353618627544e-16,-1.83132200296145e-16
3.448,-4.0240113508678336e-16,-1.8129805460729946e-16
3.449,-3.9709896392399187e-16,-1.7948055296665716e-16
3.45,-3.918661120489681e-16,-1.7767957348898748e-16
3.451,-3.867016805192822e-16,-1.758949946388526e-16
3.452,-3.8160478194993154e-16,-1.7412669524211468e-16
3.453,-3.7657454036614357e-16,-1.7237455449708628e-16
3.454,-3.716100910580337e-16,-1.7063845198533083e-16
3.455,-3.667105804370946e-16,-1.6891826768212033e-16
3.456,-3.6187516589449575e-16,-1.6721388196655764e-16
3.457,-3.571030156611684e-16,-1.6552517563136996e-16
3.458,-3.523933086696558e-16,-1.638520298923806e-16
3.459,-3.4774523441770523e-16,-1.6219432639766533e-16
3.46,-3.431579928335811e-16,-1.6055194723640036e-16
3.461,-3.38630794143077e-16,-1.5892477494740793e-16
3.462,-3.3416285873820596e-16,-1.5731269252740623e-16
3.463,-3.2975341704754756e-16,-1.5571558343896965e-16
3.464,-3.2540170940823186e-16,-1.5413333161820543e-16
3.465,-3.2110698593953906e-16,-1.5256582148215293e-16
3.466,-3.1686850641809525e-16,-1.5101293793591118e-16
3.467,-3.1268554015464393e-16,-1.4947456637950062e-16
3.468,-3.085573658723739e-16,-1.479505927144648e-16
3.469,-3.044832715867843e-16,-1.4644090335021723e-16
3.47,-3.0046255448706675e-16,-1.4494538521013954e-16
3.471,-2.9649452081898675e-16,-1.434639257374355e-16
3.472,-2.925784857692449e-16,-1.4199641290074698e-16
3.473,-2.887137733512996e-16,-1.4054273519953636e-16
3.474,-2.8489971629263325e-16,-1.3910278166924106e-16
3.475,-2.811356559234434e-16,-1.3767644188620473e-16
3.476,-2.7742094206674153e-16,-1.3626360597239027e-16
3.477,-2.7375493292984154e-16,-1.348641645998795e-16
3.478,-2.70136994997221e-16,-1.3347800899516396e-16
3.479,-2.665665029247373e-16,-1.3210503094323196e-16
3.48,-2.630428394351824e-16,-1.3074512279145582e-16
3.481,-2.5956539521515933e-16,-1.2939817745328442e-16
3.482,-2.5613356881326327e-16,-1.2806408841174486e-16
3.483,-2.52746766539552e-16,-1.267427497227581e-16
3.484,-2.4940440236628873e-16,-1.2543405601827231e-16
3.485,-2.461058978299415e-16,-1.2413790250921852e-16
3.486,-2.4285068193442353e-16,-1.2285418498829222e-16
3.487,-2.396381910555595e-16,-1.2158279983256542e-16
3.488,-2.3646786884676135e-16,-1.203236440059326e-16
3.489,-2.333391661458992e-16,-1.1907661506139468e-16
3.49,-2.302515408833525e-16,-1.1784161114318484e-16
3.491,-2.2720445799122577e-16,-1.1661853098873967e-16
3.492,-2.241973893137157e-16,-1.1540727393051959e-16
3.493,-2.2122981351861372e-16,-1.142077398976817e-16
3.494,-2.1830121600993099e-16,-1.130198294176092e-16
3.495,-2.1541108884163084e-16,-1.1184344361730007e-16
3.496,-2.1255893063245557e-16,-1.10678484224619e-16
3.497,-2.0974424648183324e-16,-1.0952485356941562e-16
3.498,-2.069665478868512e-16,-1.0838245458451225e-16
3.499,-2.0422535266028302e-16,-1.0725119080656445e-16
3.5,-2.0152018484965552e-16,-1.061309663767975e-16
3.501,-1.988505746573427e-16,-1.0502168604162183e-16
3.502,-1.9621605836167398e-16,-1.039232551531304e-16
3.503,-1.936161782390439e-16,-1.0283557966948108e-16
3.504,-1.9105048248701052e-16,-1.0175856615516684e-16
3.505,-1.8851852514837036e-16,-1.0069212178117661e-16
3.506,-1.8601986603619753e-16,-9.963615432504957e-17
3.507,-1.8355407065983487e-16,-9.859057217082571e-17
3.508,-1.8112071015182525e-16,-9.755528430889518e-17
3.509,-1.7871936119577113e-16,-9.653020033574925e-17
3.51,-1.763496059551107e-16,-9.551523045363521e-17
3.511,-1.7401103200279924e-16,-9.451028547011802e-17
3.512,-1.7170323225188416e-16,-9.351527679755097e-17
3.513,-1.6942580488696246e-16,-9.253011645245782e-17
3.514,-1.6717835329650961e-16,-9.155471705482897e-17
3.515,-1.6496048600606903e-16,-9.05889918273337e-17
3.516,-1.6277181661229088e-16,-8.963285459445108e-17
3.517,-1.6061196371781004e-16,-8.868621978152153e-17
3.518,-1.5848055086695235e-16,-8.774900241372142e-17
3.519,-1.563772064822587e-16,-8.682111811496276e-17
3.52,-1.5430156380181697e-16,-8.590248310672014e-17
3.521,-1.5225326081739123e-16,-8.499301420678695e-17
3.522,-1.502319402133386e-16,-8.4092628827963e-17
3.523,-1.4823724930630338e-16,-8.320124497667537e-17
3.524,-1.462688399856791e-16,-8.231878125153462e-17
3.525,-1.4432636865482862e-16,-8.144515684182813e-17
3.526,-1.424094961730526e-16,-8.058029152595258e-17
3.527,-1.4051788779829717e-16,-7.972410566978716e-17
3.528,-1.3865121313059135e-16,-7.887652022500965e-17
3.529,-1.3680914605620488e-16,-7.803745672735683e-17
3.53,-1.3499136469251782e-16,-7.720683729483106e-17
3.531,-1.3319755133359243e-16,-7.638458462585484e-17
3.532,-1.3142739239643868e-16,-7.557062199737469e-17
3.533,-1.2968057836796486e-16,-7.476487326291632e-17
3.534,-1.279568037526043e-16,-7.39672628505925e-17
3.535,-1.2625576702060982e-16,-7.317771576106509e-17
3.536,-1.245771705570076e-16,-7.239615756546296e-17
3.537,-1.2292072061120181e-16,-7.162251440325727e-17
3.538,-1.212861272472224e-16,-7.085671298009526e-17
3.539,-1.19673104294607e-16,-7.009868056559445e-17
3.54,-1.1808136929991007e-16,-6.934834499109824e-17
3.541,-1.1651064347883022e-16,-6.86056346473946e-17
3.542,-1.1496065166894882e-16,-6.787047848239884e-17
3.543,-1.1343112228307173e-16,-6.714280599880219e-17
3.544,-1.1192178726316636e-16,-6.642254725168706e-17
3.545,-1.1043238203488724e-16,-6.570963284611052e-17
3.546,-1.0896264546268179e-16,-6.500399393465716e-17
3.547,-1.075123198054696e-16,-6.430556221496241e-17
3.548,-1.0608115067288765e-16,-6.36142699272077e-17
3.549,-1.0466888698209449e-16,-6.293004985158842e-17
3.55,-1.0327528091512618e-16,-6.225283530575595e-17
3.551,-1.0190008787679706e-16,-6.158256014223474e-17
3.552,-1.005430664531385e-16,-6.091915874581569e-17
3.553,-9.92039783703688e-17,-6.026256603092658e-17
3.554,-9.788258845438738e-17,-5.9612717438981e-17
3.555,-9.657866459078701e-17,-5.896954893570642e-17
3.556,-9.529197768537698e-17,-5.833299700845246e-17
3.557,-9.402230162521126e-17,-5.770299866348062e-17
3.558,-9.276941324011489e-17,-5.707949142323591e-17
3.559,-9.15330922647025e-17,-5.64624133236018e-17
3.56,-9.031312130088265e-17,-5.585170291113897e-17
3.561,-8.910928578084183e-17,-5.5247299240309005e-17
3.562,-8.792137393050206e-17,-5.464914187068388e-17
3.563,-8.67491767334461e-17,-5.405717086414189e-17
3.564,-8.559248789530441e-17,-5.347132678205102e-17
3.565,-8.445110380859774e-17,-5.2891550682440493e-17
3.566,-8.332482351803001e-17,-5.23177841171613e-17
3.567,-8.221344868622538e-17,-5.174996912903642e-17
3.568,-8.111678355990406e-17,-5.118804824900155e-17
3.569,-8.003463493649132e-17,-5.063196449323702e-17
3.57,-7.896681213115407e-17,-5.008166136029161e-17
3.571,-7.791312694425978e-17,-4.953708282819903e-17
3.572,-7.687339362925223e-17,-4.89981733515876e-17
3.573,-7.584742886093876e-17,-4.846487785878396e-17
3.574,-7.483505170418407e-17,-4.7937141748911313e-17
3.575,-7.383608358300503e-17,-4.741491088898291e-17
3.576,-7.285034825006182e-17,-4.6898131610991384e-17
3.577,-7.187767175653993e-17,-4.6386750708994495e-17
3.578,-7.091788242241848e-17,-4.5880715436197895e-17
3.579,-6.997081080711965e-17,-4.537997350203551e-17
3.58,-6.903628968053453e-17,-4.488447306924802e-17
3.581,-6.811415399442057e-17,-4.439416275096004e-17
3.582,-6.720424085416589e-17,-4.390899160775654e-17
3.583,-6.630638949091585e-17,-4.342890914475897e-17
3.584,-6.542044123405718e-17,-4.2953865308701574e-17
3.585,-6.454623948405525e-17,-4.2483810485008516e-17
3.586,-6.368362968563986e-17,-4.201869549487206e-17
3.587,-6.283245930133525e-17,-4.1558471592332546e-17
3.588,-6.199257778532982e-17,-4.110309046136036e-17
3.589,-6.116383655768136e-17,-4.0652504212940524e-17
3.59,-6.034608897885347e-17,-4.020666538216017e-17
3.591,-5.953919032457893e-17,-3.9765526925299504e-17
3.592,-5.87429977610459e-17,-3.932904221692647e-17
3.593,-5.795737032040293e-17,-3.889716504699563e-17
3.594,-5.71821688765784e-17,-3.846984961795164e-17
3.595,-5.641725612141093e-17,-3.804705054183759e-17
3.596,-5.566249654108618e-17,-3.7628722837408723e-17
3.597,-5.4917756392876685e-17,-3.7214821927251736e-17
3.598,-5.418290368218053e-17,-3.6805303634910114e-17
3.599,-5.345780813985514e-17,-3.640012418201577e-17
3.6,-5.274234119984254e-17,-3.599924018542731e-17
3.601,-5.2036375977082165e-17,-3.5602608654375304e-17
3.602,-5.1339787245707816e-17,-3.5210186987614757e-17
3.603,-5.0652451417524853e-17,-3.482193297058518e-17
3.604,-4.997424652076433e-17,-3.443780477257847e-17
3.605,-4.930505217911033e-17,-3.4057760943914895e-17
3.606,-4.864474959099717e-17,-3.368176041312752e-17
3.607,-4.79932215091729e-17,-3.3309762484155204e-17
3.608,-4.735035222052585e-17,-3.294172683354453e-17
3.609,-4.671602752617073e-17,-3.2577613507660884e-17
3.61,-4.6090134721791076e-17,-3.2217382919908853e-17
3.611,-4.5472562578234716e-17,-3.186099584796229e-17
3.612,-4.486320132235906e-17,-3.150841343100417e-17
3.613,-4.426194261812302e-17,-3.115959716697647e-17
3.614,-4.366867954792237e-17,-3.0814508909840307e-17
3.615,-4.308330659416552e-17,-3.047311086684652e-17
3.616,-4.250571962108659e-17,-3.013536559581687e-17
3.617,-4.1935815856792724e-17,-2.9801236002436106e-17
3.618,-4.137349387554276e-17,-2.9470685337554914e-17
3.619,-4.0818653580254124e-17,-2.914367719450418e-17
3.62,-4.027119618523529e-17,-2.88201755064205e-17
3.621,-3.97310241991406e-17,-2.8500144543583186e-17
3.622,-3.9198041408144976e-17,-2.8183548910762967e-17
3.623,-3.867215285933534e-17,-2.787035354458246e-17
3.624,-3.8153264844316296e-17,-2.7560523710888553e-17
3.625,-3.764128488302711e-17,-2.7254025002136933e-17
3.626,-3.713612170776743e-17,-2.695082333478875e-17
3.627,-3.6637685247428965e-17,-2.6650884946719663e-17
3.628,-3.6145886611930616e-17,-2.63541763946413e-17
3.629,-3.566063807685433e-17,-2.6060664551535323e-17
3.63,-3.518185306827922e-17,-2.5770316604100135e-17
3.631,-3.4709446147811324e-17,-2.548310005021039e-17
3.632,-3.424333299780658e-17,-2.519898269638938e-17
3.633,-3.3783430406784504e-17,-2.4917932655294402e-17
3.634,-3.332965625503012e-17,-2.463991834321517e-17
3.635,-3.2881929500381776e-17,-2.436490847758542e-17
3.636,-3.2440170164202436e-17,-2.409287207450771e-17
3.637,-3.200429931753209e-17,-2.3823778446291567e-17
3.638,-3.157423906741903e-17,-2.3557597199005002e-17
3.639,-3.114991254342761e-17,-2.3294298230039462e-17
3.64,-3.073124388432027e-17,-2.3033851725688347e-17
3.641,-3.031815822491168e-17,-2.277622815873906e-17
3.642,-2.99105816830926e-17,-2.2521398286078714e-17
3.643,-2.9508441347021523e-17,-2.226933314631355e-17
3.644,-2.911166526248171e-17,-2.2020004057402052e-17
3.645,-2.872018242040174e-17,-2.1773382614301885e-17
3.646,-2.8333922744537284e-17,-2.1529440686630634e-17
3.647,-2.7952817079312135e-17,-2.128815041634043e-17
3.648,-2.757679717781643e-17,-2.1049484215406473e-17
3.649,-2.7205795689960053e-17,-2.081341476352949e-17
3.65,-2.6839746150779246e-17,-2.0579915005852146e-17
3.651,-2.6478582968894414e-17,-2.0348958150689474e-17
3.652,-2.6122241415117252e-17,-2.012051766727328e-17
3.653,-2.5770657611205222e-17,-1.989456728351063e-17
3.654,-2.5423768518761528e-17,-1.9671080983756333e-17
3.655,-2.5081511928278708e-17,-1.9450033006599535e-17
3.656,-2.4743826448324005e-17,-1.9231397842664375e-17
3.657,-2.4410651494864685e-17,-1.9015150232424714e-17
3.658,-2.4081927280731535e-17,-1.880126516403297e-17
3.659,-2.3757594805218732e-17,-1.8589717871163058e-17
3.66,-2.3437595843818376e-17,-1.83804838308674e-17
3.661,-2.312187293808791e-17,-1.8173538761448062e-17
3.662,-2.2810369385648753e-17,-1.796885862034196e-17
3.663,-2.2503029230314472e-17,-1.776641960202017e-17
3.664,-2.219979725234679e-17,-1.756619813590131e-17
3.665,-2.1900618958837808e-17,-1.7368170884278983e-17
3.666,-2.1605440574216863e-17,-1.7172314740263306e-17
3.667,-2.1314209030880312e-17,-1.6978606825736436e-17
3.668,-2.1026871959942816e-17,-1.6787024489322173e-17
3.669,-2.0743377682108396e-17,-1.659754530436953e-17
3.67,-2.046367519865988e-17,-1.641014706695031e-17
3.671,-2.0187714182565073e-17,-1.622480779387065e-17
3.672,-1.99154449696983e-17,-1.6041505720696505e-17
3.673,-1.9646818550175683e-17,-1.5860219299793037e-17
3.674,-1.9381786559802837e-17,-1.5680927198377913e-17
3.675,-1.9120301271633414e-17,-1.5503608296588448e-17
3.676,-1.886231558763717e-17,-1.5328241685562585e-17
3.677,-1.8607783030476074e-17,-1.5154806665533672e-17
3.678,-1.8356657735387116e-17,-1.4983282743939004e-17
3.679,-1.8108894442170417e-17,-1.4813649633542086e-17
3.68,-1.78644484872813e-17,-1.4645887250568603e-17
3.681,-1.762327579602496e-17,-1.447997571285604e-17
3.682,-1.7385332874852462e-17,-1.4315895338016908e-17
3.683,-1.7150576803756705e-17,-1.4153626641615553e-17
3.684,-1.69189652287671e-17,-1.3993150335358517e-17
3.685,-1.6690456354541694e-17,-1.3834447325298348e-17
3.686,-1.646500893705546e-17,-1.3677498710050897e-17
3.687,-1.6242582276383553e-17,-1.3522285779025998e-17
3.688,-1.602313620957825e-17,-1.3368790010671505e-17
3.689,-1.5806631103638446e-17,-1.3216993070730636e-17
3.69,-1.5593027848570444e-17,-1.3066876810512586e-17
3.691,-1.53822878505389e-17,-1.2918423265176336e-17
3.692,-1.5174373025106753e-17,-1.2771614652027636e-17
3.693,-1.4969245790562993e-17,-1.2626433368829083e-17
3.694,-1.476686906133714e-17,-1.2482861992123266e-17
3.695,-1.45672062414993e-17,-1.2340883275568909e-17
3.696,-1.4370221218344716e-17,-1.2200480148289968e-17
3.697,-1.4175878356061722e-17,-1.2061635713237618e-17
3.698,-1.3984142489482008e-17,-1.1924333245565076e-17
3.699,-1.379497891791214e-17,-1.1788556191015222e-17
3.7,-1.360835339904532e-17,-1.1654288164320931e-17
3.701,-1.3424232142952287e-17,-1.1521512947618078e-17
3.702,-1.3242581806150409e-17,-1.1390214488871158e-17
3.703,-1.3063369485749904e-17,-1.1260376900311454e-17
3.704,-1.2886562713676214e-17,-1.1131984456887697e-17
3.705,-1.2712129450967571e-17,-1.100502159472916e-17
3.706,-1.2540038082146733e-17,-1.0879472909621117e-17
3.707,-1.2370257409665992e-17,-1.0755323155492624e-17
3.708,-1.2202756648424463e-17,-1.0632557242916537e-17
3.709,-1.2037505420356744e-17,-1.0511160237621728e-17
3.71,-1.1874473749092016e-17,-1.0391117359017409e-17
3.711,-1.171363205468269e-17,-1.0272413978729537e-17
3.712,-1.1554951148401673e-17,-1.0155035619149196e-17
3.713,-1.1398402227607391e-17,-1.003896795199293e-17
3.714,-1.1243956870675695e-17,-9.924196796874936e-18
3.715,-1.1091587031997764e-17,-9.810708119891062e-18
3.716,-1.094126503704318e-17,-9.69848803221455e-18
3.717,-1.0792963577487306e-17,-9.587522788703448e-18
3.718,-1.0646655706402163e-17,-9.477798786519638e-18
3.719,-1.0502314833509965e-17,-9.369302563759399e-18
3.72,-1.0359914720498508e-17,-9.262020798095456e-18
3.721,-1.0219429476397616e-17,-9.155940305430433e-18
3.722,-1.008083355301586e-17,-9.05104803856166e-18
3.723,-9.94410174043675e-18,-8.947331085857246e-18
3.724,-9.80920916257366e-18,-8.844776669943372e-18
3.725,-9.676131272782703e-18,-8.743372146402727e-18
3.726,-9.544843849532816e-18,-8.643105002484022e-18
3.727,-9.415322992132318e-18,-8.5439628558225e-18
3.728,-9.287545116511199e-18,-8.445933453171418e-18
3.729,-9.16148695105844e-18,-8.349004669144365e-18
3.73,-9.03712553251362e-18,-8.253164504968421e-18
3.731,-8.914438201912145e-18,-8.158401087248035e-18
3.732,-8.793402600583369e-18,-8.064702666739583e-18
3.733,-8.673996666200951e-18,-7.972057617136522e-18
3.734,-8.556198628884761e-18,-7.880454433865088e-18
3.735,-8.439987007353653e-18,-7.78988173289046e-18
3.736,-8.32534060512848e-18,-7.700328249533313e-18
3.737,-8.212238506784657e-18,-7.611782837296716e-18
3.738,-8.100660074253683e-18,-7.524234466703289e-18
3.739,-7.990584943172931e-18,-7.437672224142551e-18
3.74,-7.881993019283123e-18,-7.352085310728401e-18
3.741,-7.774864474872859e-18,-7.267463041166659e-18
3.742,-7.66917974526958e-18,-7.183794842632592e-18
3.743,-7.564919525376382e-18,-7.101070253658376e-18
3.744,-7.462064766254072e-18,-7.0192789230304e-18
3.745,-7.36059667174788e-18,-6.938410608696369e-18
3.746,-7.26049669515827e-18,-6.858455176682127e-18
3.747,-7.161746535955236e-18,-6.779402600018134e-18
3.748,-7.064328136535571e-18,-6.7012429576755186e-18
3.749,-6.968223679022504e-18,-6.6239664335116665e-18
3.75,-6.873415582107188e-18,-6.547563315225252e-18
3.751,-6.7798864979314835e-18,-6.472023993320652e-18
3.752,-6.687619309011502e-18,-6.397338960081685e-18
3.753,-6.596597125201379e-18,-6.323498808554599e-18
3.754,-6.506803280696765e-18,-6.250494231540238e-18
3.755,-6.418221331077506e-18,-6.1783160205953436e-18
3.756,-6.330835050389013e-18,-6.106955065042887e-18
3.757,-6.244628428261812e-18,-6.036402350991405e-18
3.758,-6.159585667068794e-18,-5.96664896036325e-18
3.759,-6.07569117911965e-18,-5.897686069931693e-18
3.76,-5.992929583892034e-18,-5.82950495036682e-18
3.761,-5.9112857052989625e-18,-5.762096965290147e-18
3.762,-5.83074456899198e-18,-5.695453570337903e-18
3.763,-5.751291399699636e-18,-5.6295663122328975e-18
3.764,-5.6729116186008035e-18,-5.5644268278649246e-18
3.765,-5.5955908407323924e-18,-5.500026843379628e-18
3.766,-5.519314872431011e-18,-5.4363581732757695e-18
3.767,-5.4440697088081325e-18,-5.373412719510832e-18
3.768,-5.369841531258333e-18,-5.311182470614902e-18
3.769,-5.296616705000166e-18,-5.249659500812752e-18
3.77,-5.22438177664926e-18,-5.18883596915408e-18
3.771,-5.153123471823211e-18,-5.128704118651827e-18
3.772,-5.082828692777855e-18,-5.069256275428512e-18
3.773,-5.013484516074524e-18,-5.010484847870538e-18
3.774,-4.945078190277873e-18,-4.9523823257903805e-18
3.775,-4.877597133683881e-18,-4.8949412795966186e-18
3.776,-4.811028932077635e-18,-4.838154359471738e-18
3.777,-4.745361336520517e-18,-4.782014294557644e-18
3.778,-4.680582261166395e-18,-4.7265138921488225e-18
3.779,-4.6166797811064585e-18,-4.671646036893098e-18
3.78,-4.553642130242313e-18,-4.617403689999915e-18
3.781,-4.4914576991869744e-18,-4.563779888456087e-18
3.782,-4.430115033193389e-18,-4.51076774424896e-18
3.783,-4.3696028301101385e-18,-4.458360443596918e-18
3.784,-4.309909938363955e-18,-4.4065512461871876e-18
3.785,-4.251025354968719e-18,-4.355333484420867e-18
3.786,-4.192938223560574e-18,-4.304700562665124e-18
3.787,-4.1356378324588325e-18,-4.2546459565125176e-18
3.788,-4.079113612752337e-18,-4.205163212047367e-18
3.789,-4.023355136410933e-18,-4.1562459451191195e-18
3.79,-3.968352114421739e-18,-4.107887840622661e-18
3.791,-3.914094394949886e-18,-4.06008265178551e-18
3.792,-3.860571961523403e-18,-4.01282419946183e-18
3.793,-3.807774931241951e-18,-3.966106371433222e-18
3.794,-3.755693553009063e-18,-3.9199231217162216e-18
3.795,-3.704318205787621e-18,-3.874268469876456e-18
3.796,-3.653639396878236e-18,-3.829136500349405e-18
3.797,-3.603647760220259e-18,-3.784521361767702e-18
3.798,-3.5543340547151e-18,-3.740417266294933e-18
3.799,-3.505689162571585e-18,-3.696818488965866e-18
3.8,-3.457704087673066e-18,-3.653719367033065e-18
3.801,-3.4103699539659745e-18,-3.611114299319833e-18
3.802,-3.3636780038695708e-18,-3.568997745579425e-18
3.803,-3.317619596706589e-18,-3.5273642258604876e-18
3.804,-3.272186207154521e-18,-3.486208319878661e-18
3.805,-3.2273694237172546e-18,-3.445524666394298e-18
3.806,-3.1831609472168187e-18,-3.4053079625962463e-18
3.807,-3.1395525893049543e-18,-3.3655529634916385e-18
3.808,-3.096536270994268e-18,-3.3262544813016443e-18
3.809,-3.0541040212087035e-18,-3.287407384863127e-18
3.81,-3.01224797535308e-18,-3.249006599036156e-18
3.811,-2.9709603739014535e-18,-3.211047104117327e-18
3.812,-2.930233561004049e-18,-3.173523935258833e-18
3.813,-2.890059983112524e-18,-3.1364321818932432e-18
3.814,-2.8504321876233283e-18,-3.0997669871639367e-18
3.815,-2.8113428215389114e-18,-3.063523547361138e-18
3.816,-2.772784630146559e-18,-3.0276971113635117e-18
3.817,-2.7347504557146197e-18,-2.992282980085265e-18
3.818,-2.6972332362058955e-18,-2.9572765059287053e-18
3.819,-2.6602260040079734e-18,-2.9226730922422128e-18
3.82,-2.6237218846802782e-18,-2.888468192783572e-18
3.821,-2.5877140957176237e-18,-2.8546573111886216e-18
3.822,-2.55219594533005e-18,-2.821236000445171e-18
3.823,-2.5171608312387344e-18,-2.7881998623721355e-18
3.824,-2.482602239487762e-18,-2.7555445471038537e-18
3.825,-2.4485137432715534e-18,-2.723265752579522e-18
3.826,-2.4148890017777417e-18,-2.691359224037724e-18
3.827,-2.381721759045298e-18,-2.659820753515985e-18
3.828,-2.349005842837705e-18,-2.6286461793553275e-18
3.829,-2.316735163530983e-18,-2.5978313857097694e-18
3.83,-2.2849037130163732e-18,-2.5673723020607237e-18
3.831,-2.2535055636174886e-18,-2.537264902736257e-18
3.832,-2.2225348670217378e-18,-2.507505206435163e-18
3.833,-2.191985853225843e-18,-2.4780892757558053e-18
3.834,-2.1618528294952614e-18,-2.4490132167296865e-18
3.835,-2.1321301793373286e-18,-2.420273178359702e-18
3.836,-2.1028123614879498e-18,-2.391865352163035e-18
3.837,-2.0738939089116534e-18,-2.36378597171865e-18
3.838,-2.045369427814839e-18,-2.3360313122193446e-18
3.839,-2.0172335966720433e-18,-2.3085976900283135e-18
3.84,-1.989481165265055e-18,-2.281481462240188e-18
3.841,-1.9621069537347082e-18,-2.2546790262465092e-18
3.842,-1.9351058516451926e-18,-2.22818681930559e-18
3.843,-1.9084728170607113e-18,-2.2020013181167295e-18
3.844,-1.8822028756343287e-18,-2.1761190383987405e-18
3.845,-1.8562911197088478e-18,-2.1505365344727437e-18
3.846,-1.830732707429555e-18,-2.125250398849198e-18
3.847,-1.8055228618686845e-18,-2.1002572618191197e-18
3.848,-1.7806568701614436e-18,-2.075553791049457e-18
3.849,-1.7561300826534474e-18,-2.051136691182578e-18
3.85,-1.731937912059416e-18,-2.027002703439835e-18
3.851,-1.7080758326329833e-18,-2.003148605229168e-18
3.852,-1.6845393793474749e-18,-1.979571209756707e-18
3.853,-1.6613241470875106e-18,-1.956267365642339e-18
3.854,-1.6384257898512854e-18,-1.9332339565391993e-18
3.855,-1.6158400199633973e-18,-1.9104679007570516e-18
3.856,-1.5935626072980733e-18,-1.887966150889522e-18
3.857,-1.571589378512667e-18,-1.8657256934451482e-18
3.858,-1.5499162162912862e-18,-1.843743548482206e-18
3.859,-1.528539058598421e-18,-1.822016769247285e-18
3.86,-1.5074538979424393e-18,-1.8005424418175703e-18
3.861,-1.4866567806488217e-18,-1.7793176847467965e-18
3.862,-1.4661438061430075e-18,-1.758339648714844e-18
3.863,-1.4459111262427257e-18,-1.7376055161809357e-18
3.864,-1.4259549444596854e-18,-1.7171125010404081e-18
3.865,-1.4062715153105043e-18,-1.6968578482850141e-18
3.866,-1.386857143636754e-18,-1.6768388336667305e-18
3.867,-1.3677081839340003e-18,-1.657052763365033e-18
3.868,-1.3488210396897236e-18,-1.6374969736576077e-18
3.869,-1.3301921627299994e-18,-1.6181688305944651e-18
3.87,-1.3118180525748263e-18,-1.5990657296754232e-18
3.871,-1.2936952558019877e-18,-1.5801850955309297e-18
3.872,-1.2758203654193333e-18,-1.561524381606188e-18
3.873,-1.2581900202453712e-18,-1.543081069848559e-18
3.874,-1.240800904298062e-18,-1.5248526703982033e-18
3.875,-1.2236497461917056e-18,-1.5068367212819356e-18
3.876,-1.2067333185418145e-18,-1.4890307881102582e-18
3.877,-1.1900484373778706e-18,-1.471432463777543e-18
3.878,-1.1735919615638595e-18,-1.4540393681653343e-18
3.879,-1.1573607922264803e-18,-1.436849147848738e-18
3.88,-1.1413518721909325e-18,-1.4198594758058692e-18
3.881,-1.1255621854241763e-18,-1.4030680511303295e-18
3.882,-1.1099887564855725e-18,-1.3864725987466832e-18
3.883,-1.094628649984801e-18,-1.3700708691289022e-18
3.884,-1.0794789700469645e-18,-1.3538606380217539e-18
3.885,-1.0645368597847818e-18,-1.3378397061650995e-18
3.886,-1.0497995007777797e-18,-1.3220058990210769e-18
3.887,-1.035264112558386e-18,-1.3063570665041396e-18
3.888,-1.0209279521048403e-18,-1.2908910827139217e-18
3.889,-1.006788313340826e-18,-1.2756058456709044e-18
3.89,-9.928425266417407e-19,-1.2604992770548537e-18
3.891,-9.790879583475109e-19,-1.2455693219460029e-18
3.892,-9.655220102818738e-19,-1.2308139485689544e-18
3.893,-9.521421192780328e-19,-1.216231148039272e-18
3.894,-9.389457567106064e-19,-1.2018189341127375e-18
3.895,-9.25930428033789e-19,-1.1875753429372458e-18
3.896,-9.130936723256387e-19,-1.1734984328073136e-18
3.897,-9.004330618384124e-19,-1.1595862839211728e-18
3.898,-8.879462015548717e-19,-1.145836998140425e-18
3.899,-8.756307287504746e-19,-1.1322486987522334e-18
3.9,-8.634843125613818e-19,-1.1188195302340222e-18
3.901,-8.51504653558197e-19,-1.1055476580206623e-18
3.902,-8.396894833253676e-19,-1.0924312682741193e-18
3.903,-8.280365640461696e-19,-1.0794685676555347e-18
3.904,-8.165436880932055e-19,-1.0666577830997214e-18
3.905,-8.052086776243395e-19,-1.0539971615920457e-18
3.906,-7.940293841840005e-19,-1.0414849699476728e-18
3.907,-7.830036883097825e-19,-1.0291194945931544e-18
3.908,-7.721294991442695e-19,-1.0168990413503305e-18
3.909,-7.614047540520202e-19,-1.0048219352225283e-18
3.91,-7.508274182416408e-19,-9.92886520183028e-19
3.911,-7.40395484392881e-19,-9.810911589657795e-19
3.912,-7.301069722886866e-19,-9.694342328583424e-19
3.913,-7.199599284521419e-19,-9.579141414970307e-19
3.914,-7.099524257882394e-19,-9.465293026642363e-19
3.915,-7.000825632304125e-19,-9.352781520879133e-19
3.916,-6.903484653917659e-19,-9.241591432431973e-19
3.917,-6.807482822209473e-19,-9.131707471561421e-19
3.918,-6.71280188662592e-19,-9.023114522095493e-19
3.919,-6.619423843222865e-19,-8.915797639508713e-19
3.92,-6.527330931359871e-19,-8.809742049021654e-19
3.921,-6.436505630438368e-19,-8.704933143720811e-19
3.922,-6.346930656683221e-19,-8.6013564826985595e-19
3.923,-6.258588959967113e-19,-8.498997789213019e-19
3.924,-6.171463720677195e-19,-8.397842948867631e-19
3.925,-6.085538346623432e-19,-8.297878007810223e-19
3.926,-6.000796469988098e-19,-8.199089170951373e-19
3.927,-5.917221944315876e-19,-8.10146280020189e-19
3.928,-5.834798841544032e-19,-8.004985412729196e-19
3.929,-5.7535114490721195e-19,-7.909643679232427e-19
3.93,-5.673344266870708e-19,-7.81542442223606e-19
3.931,-5.594282004628613e-19,-7.722314614401886e-19
3.932,-5.516309578938116e-19,-7.630301376859113e-19
3.933,-5.439412110517675e-19,-7.539371977552456e-19
3.934,-5.363574921471631e-19,-7.449513829607994e-19
3.935,-5.288783532586421e-19,-7.360714489716621e-19
3.936,-5.215023660662809e-19,-7.272961656534931e-19
3.937,-5.142281215883673e-19,-7.186243169103325e-19
3.938,-5.07054229921686e-19,-7.100547005281188e-19
3.939,-4.999793199852655e-19,-7.01586128019895e-19
3.94,-4.93002039267541e-19,-6.932174244726863e-19
3.941,-4.86121053576887e-19,-6.849474283960313e-19
3.942,-4.793350467954758e-19,-6.767749915721504e-19
3.943,-4.72642720636418e-19,-6.686989789077347e-19
3.944,-4.660427944041409e-19,-6.607182682873378e-19
3.945,-4.595340047579625e-19,-6.528317504283547e-19
3.946,-4.5311510547881795e-19,-6.450383287375707e-19
3.947,-4.467848672390992e-19,-6.373369191692659e-19
3.948,-4.405420773755628e-19,-6.297264500848556e-19
3.949,-4.343855396652678e-19,-6.222058621140549e-19
3.95,-4.2831407410450473e-19,-6.147741080175488e-19
3.951,-4.223265166906716e-19,-6.074301525511526e-19
3.952,-4.1642171920706294e-19,-6.00172972331449e-19
3.953,-4.1059854901053046e-19,-5.930015557028835e-19
3.954,-4.0485588882197717e-19,-5.859149026063064e-19
3.955,-3.991926365196493e-19,-5.789120244489426e-19
3.956,-3.9360770493518665e-19,-5.7199194397577805e-19
3.957,-3.881000216523971e-19,-5.651536951423453e-19
3.958,-3.8266852880871715e-19,-5.583963229888946e-19
3.959,-3.773121828993242e-19,-5.51718883515937e-19
3.96,-3.7202995458386494e-19,-5.451204435611427e-19
3.961,-3.6682082849576545e-19,-5.38600080677584e-19
3.962,-3.6168380305408816e-19,-5.3215688301330455e-19
3.963,-3.566178902779027e-19,-5.257899491922053e-19
3.964,-3.516221156031368e-19,-5.194983881962295e-19
3.965,-3.466955177018744e-19,-5.132813192488373e-19
3.966,-3.418371483040689e-19,-5.071378716997513e-19
3.967,-3.3704607202163887e-19,-5.010671849109648e-19
3.968,-3.3232136617491514e-19,-4.950684081439962e-19
3.969,-3.2766212062140795e-19,-4.89140700448378e-19
3.97,-3.230674375868632e-19,-4.832832305513658e-19
3.971,-3.1853643149857764e-19,-4.774951767488574e-19
3.972,-3.140682288209431e-19,-4.717757267975055e-19
3.973,-3.0966196789318955e-19,-4.661240778080151e-19
3.974,-3.053167987692989e-19,-4.6053943613961e-19
3.975,-3.010318830600596e-19,-4.550210172956585e-19
3.976,-2.968063937772344e-19,-4.495680458204441e-19
3.977,-2.9263951517981285e-19,-4.441797551970712e-19
3.978,-2.885304426223209e-19,-4.388553877464915e-19
3.979,-2.844783824051605e-19,-4.335941945276411e-19
3.98,-2.8048255162695176e-19,-4.2839543523867555e-19
3.981,-2.7654217803885176e-19,-4.232583781192918e-19
3.982,-2.726564999008232e-19,-4.1818229985412514e-19
3.983,-2.6882476583982698e-19,-4.131664854772098e-19
3.984,-2.650462347099136e-19,-4.082102282774921e-19
3.985,-2.61320175454188e-19,-4.033128297053849e-19
3.986,-2.5764586696862217e-19,-3.984735992803524e-19
3.987,-2.5402259796769255e-19,-3.936918544995138e-19
3.988,-2.5044966685181627e-19,-3.8896692074725603e-19
3.989,-2.4692638157656354e-19,-3.8429813120584375e-19
3.99,-2.4345205952362193e-19,-3.796848267670168e-19
3.991,-2.400260273734896e-19,-3.7512635594456377e-19
3.992,-2.3664762097987403e-19,-3.7062207478786257e-19
3.993,-2.333161852457745e-19,-3.661713467963761e-19
3.994,-2.300310740012246e-19,-3.61773542835094e-19
3.995,-2.267916498826738e-19,-3.574280410509101e-19
3.996,-2.235972842139859e-19,-3.531342267899255e-19
3.997,-2.204473568890326e-19,-3.4889149251566693e-19
3.998,-2.1734125625586143e-19,-3.4469923772821173e-19
3.999,-2.142783790024166e-19,-3.4055686888420865e-19
4.0,-2.1125813004379274e-19,-3.3646379931778553e-19
