M omega,Re(tilde_Psi_4),Im(tilde_Psi_4)
-4.0,8.581869975115905e-21,-2.6625537145041194e-22
-3.999,8.68788834137082e-21,-2.7232398237025857e-22
-3.998,8.795215347307448e-21,-2.7850095192162086e-22
-3.997,8.903867133654096e-21,-2.8478801825376e-22
-3.996,9.01386004007627e-21,-2.9118694574834502e-22
-3.995,9.125210607627015e-21,-2.9769952539995653e-22
-3.994,9.237935581227417e-21,-3.0432757520195657e-22
-3.993,9.352051912177641e-21,-3.110729405377987e-22
-3.992,9.467576760698877e-21,-3.1793749457785386e-22
-3.991,9.58452749850658e-21,-3.2492313868182706e-22
-3.99,9.702921711415383e-21,-3.3203180280684323e-22
-3.989,9.822777201976084e-21,-3.392654459212798e-22
-3.988,9.94411199214507e-21,-3.4662605642442534e-22
-3.987,1.0066944325986631e-20,-3.5411565257204465e-22
-3.986,1.0191292672408515e-20,-3.6173628290793165e-22
-3.985,1.0317175727931166e-20,-3.6949002670153285e-22
-3.984,1.044461241949104e-20,-3.773789943917248e-22
-3.983,1.0573621907278447e-20,-3.854053280368301e-22
-3.982,1.0704223587610296e-20,-3.935712017709587e-22
-3.981,1.0836437095838226e-20,-4.0187882226676056e-22
-3.98,1.0970282309292518e-20,-4.103304292046787e-22
-3.979,1.1105779350262247e-20,-4.189282957487918e-22
-3.978,1.124294858901212e-20,-4.276747290293371e-22
-3.977,1.1381810646836441e-20,-4.365720706320056e-22
-3.976,1.1522386399150668e-20,-4.456226970941021e-22
-3.975,1.1664696978621027e-20,-4.548290204076663e-22
-3.974,1.1808763778332642e-20,-4.641934885296474e-22
-3.973,1.1954608454996658e-20,-4.737185858992331e-22
-3.972,1.2102252932196848e-20,-4.834068339624284e-22
-3.971,1.2251719403676164e-20,-4.932607917039845e-22
-3.97,1.2403030336663754e-20,-5.0328305618678e-22
-3.969,1.2556208475242924e-20,-5.134762630987555e-22
-3.968,1.271127684376055e-20,-5.2384308730750485e-22
-3.967,1.2868258750278456e-20,-5.3438624342263035e-22
-3.966,1.3027177790067263e-20,-5.45108486365966e-22
-3.965,1.3188057849143259e-20,-5.560126119497786e-22
-3.964,1.3350923107848778e-20,-5.671014574630549e-22
-3.963,1.3515798044476657e-20,-5.783779022659865e-22
-3.962,1.36827074389393e-20,-5.898448683927655e-22
-3.961,1.3851676376482898e-20,-6.01505321162802e-22
-3.96,1.4022730251447357e-20,-6.133622698004837e-22
-3.959,1.4195894771072513e-20,-6.254187680635891e-22
-3.958,1.4371195959351178e-20,-6.376779148804788e-22
-3.957,1.4548660160929618e-20,-6.50142854996179e-22
-3.956,1.4728314045056017e-20,-6.62816779627485e-22
-3.955,1.491018460957756e-20,-6.757029271272028e-22
-3.954,1.509429918498669e-20,-6.888045836576587e-22
-3.953,1.5280685438517168e-20,-7.021250838736e-22
-3.952,1.5469371378290537e-20,-7.156678116146174e-22
-3.951,1.5660385357513626e-20,-7.294362006072195e-22
-3.95,1.5853756078727712e-20,-7.434337351766899e-22
-3.949,1.6049512598109957e-20,-7.576639509688619e-22
-3.948,1.6247684329827798e-20,-7.721304356819472e-22
-3.947,1.6448301050446928e-20,-7.868368298085535e-22
-3.946,1.6651392903393502e-20,-8.017868273880329e-22
-3.945,1.6856990403471285e-20,-8.169841767693012e-22
-3.944,1.7065124441434363e-20,-8.324326813842708e-22
-3.943,1.727582628861614e-20,-8.481362005320432e-22
-3.942,1.7489127601615305e-20,-8.640986501740074e-22
-3.941,1.770506042703946e-20,-8.803240037399925e-22
-3.94,1.7923657206307116e-20,-8.96816292945628e-22
-3.939,1.8144950780508793e-20,-9.135796086210608e-22
-3.938,1.836897439532793e-20,-9.306181015511882e-22
-3.937,1.8595761706022362e-20,-9.479359833275611e-22
-3.936,1.8825346782467102e-20,-9.655375272121163e-22
-3.935,1.9057764114259148e-20,-9.834270690129034e-22
-3.934,1.9293048615885145e-20,-1.0016090079719644e-21
-3.933,1.9531235631952623e-20,-1.0200878076655348e-21
-3.932,1.977236094248559e-20,-1.0388679969167353e-21
-3.931,2.0016460768285328e-20,-1.0579541707209204e-21
-3.93,2.0263571776357118e-20,-1.0773509911838603e-21
-3.929,2.0513731085403767e-20,-1.0970631884729291e-21
-3.928,2.0766976271386727e-20,-1.1170955617814764e-21
-3.927,2.102334537315563e-20,-1.1374529803065622e-21
-3.926,2.1282876898147132e-20,-1.1581403842402379e-21
-3.925,2.1545609828153835e-20,-1.1791627857745562e-21
-3.924,2.1811583625164228e-20,-1.2005252701204981e-21
-3.923,2.2080838237274483e-20,-1.2222329965410059e-21
-3.922,2.2353414104672984e-20,-1.2442911993983136e-21
-3.921,2.2629352165698495e-20,-1.266705189215771e-21
-3.92,2.290869386297289e-20,-1.2894803537543566e-21
-3.919,2.319148114960932e-20,-1.3126221591040802e-21
-3.918,2.3477756495496793e-20,-1.336136150790477e-21
-3.917,2.376756289366205e-20,-1.3600279548963998e-21
-3.916,2.4060943866709764e-20,-1.384303279199315e-21
-3.915,2.4357943473341944e-20,-1.4089679143243152e-21
-3.914,2.465860631495756e-20,-1.4340277349130601e-21
-3.913,2.496297754233341e-20,-1.459488700808865e-21
-3.912,2.5271102862387133e-20,-1.485356858258151e-21
-3.911,2.558302854502348e-20,-1.5116383411284864e-21
-3.91,2.5898801430064795e-20,-1.5383393721434367e-21
-3.909,2.6218468934266787e-20,-1.5654662641344576e-21
-3.908,2.6542079058420608e-20,-1.5930254213100596e-21
-3.907,2.686968039454232e-20,-1.6210233405424779e-21
-3.906,2.720132213315084e-20,-1.649466612672087e-21
-3.905,2.7537054070635364e-20,-1.6783619238297997e-21
-3.904,2.7876926616713556e-20,-1.707716056777694e-21
-3.903,2.8220990801981374e-20,-1.7375358922681176e-21
-3.902,2.8569298285555853e-20,-1.7678284104215142e-21
-3.901,2.892190136281192e-20,-1.798600692123235e-21
-3.9,2.9278852973214374e-20,-1.8298599204395834e-21
-3.899,2.9640206708246264e-20,-1.8616133820533607e-21
-3.898,3.0006016819434743e-20,-1.89386846871917e-21
-3.897,3.0376338226475757e-20,-1.926632678738755e-21
-3.896,3.075122652545861e-20,-1.959913618456634e-21
-3.895,3.113073799719177e-20,-1.9937190037763148e-21
-3.894,3.151492961563111e-20,-2.028056661697361e-21
-3.893,3.190385905641178e-20,-2.0629345318735974e-21
-3.892,3.229758470548511e-20,-2.0983606681927346e-21
-3.891,3.269616566786178e-20,-2.1343432403777112e-21
-3.89,3.309966177646247e-20,-2.170890535610039e-21
-3.889,3.35081336010775e-20,-2.2080109601754537e-21
-3.888,3.3921642457436624e-20,-2.245713041132171e-21
-3.887,3.4340250416390444e-20,-2.2840054280020546e-21
-3.886,3.476402031320478e-20,-2.3228968944850055e-21
-3.885,3.519301575696935e-20,-2.3623963401968856e-21
-3.884,3.5627301140122236e-20,-2.4025127924312966e-21
-3.883,3.606694164809151e-20,-2.443255407945533e-21
-3.882,3.651200326905548e-20,-2.4846334747710367e-21
-3.881,3.696255280382298e-20,-2.5266564140486875e-21
-3.88,3.7418657875835266e-20,-2.569333781889259e-21
-3.879,3.78803869412909e-20,-2.6126752712593852e-21
-3.878,3.8347809299395224e-20,-2.65669071389338e-21
-3.877,3.882099510273593e-20,-2.7013900822312583e-21
-3.876,3.9300015367786215e-20,-2.7467834913833105e-21
-3.875,3.9784941985537233e-20,-2.7928812011215963e-21
-3.874,4.027584773226127e-20,-2.8396936178987096e-21
-3.873,4.0772806280407347e-20,-2.8872312968941926e-21
-3.872,4.127589220963088e-20,-2.935504944088965e-21
-3.871,4.1785181017959024e-20,-2.9845254183681533e-21
-3.87,4.2300749133093296e-20,-3.0343037336526928e-21
-3.869,4.282267392385136e-20,-3.0848510610601012e-21
-3.868,4.335103371174945e-20,-3.1361787310948104e-21
-3.867,4.388590778272734e-20,-3.1882982358684554e-21
-3.866,4.4427376399017554e-20,-3.2412212313505265e-21
-3.865,4.4975520811160496e-20,-3.2949595396497927e-21
-3.864,4.5530423270167505e-20,-3.349525151326908e-21
-3.863,4.609216703983344e-20,-3.404930227738627e-21
-3.862,4.6660836409200744e-20,-3.461187103414047e-21
-3.861,4.7236516705176866e-20,-3.518308288463317e-21
-3.86,4.7819294305306855e-20,-3.576306471019244e-21
-3.859,4.840925665070306e-20,-3.635194519712237e-21
-3.858,4.900649225913393e-20,-3.694985486179054e-21
-3.857,4.9611090738273736e-20,-3.755692607605775e-21
-3.856,5.022314279911538e-20,-3.8173293093055045e-21
-3.855,5.0842740269548095e-20,-3.879909207331227e-21
-3.854,5.146997610810221e-20,-3.9434461111243166e-21
-3.853,5.210494441786299e-20,-4.0079540261991776e-21
-3.852,5.2747740460555603e-20,-4.073447156864485e-21
-3.851,5.339846067080333e-20,-4.139939908981532e-21
-3.85,5.405720267056121e-20,-4.207446892760187e-21
-3.849,5.472406528372715e-20,-4.275982925592944e-21
-3.848,5.539914855093285e-20,-4.3455630349276044e-21
-3.847,5.608255374451655e-20,-4.416202461179089e-21
-3.846,5.677438338368008e-20,-4.487916660680916e-21
-3.845,5.747474124983218e-20,-4.560721308676874e-21
-3.844,5.818373240212071e-20,-4.634632302353436e-21
-3.843,5.890146319315583e-20,-4.709665763913448e-21
-3.842,5.962804128492652e-20,-4.78583804369166e-21
-3.841,6.036357566491303e-20,-4.863165723312656e-21
-3.84,6.110817666239733e-20,-4.941665618891744e-21
-3.839,6.18619559649743e-20,-5.021354784279404e-21
-3.838,6.262502663526598e-20,-5.102250514349847e-21
-3.837,6.339750312784139e-20,-5.1843703483343054e-21
-3.836,6.417950130634444e-20,-5.267732073199641e-21
-3.835,6.497113846083257e-20,-5.352353727072877e-21
-3.834,6.577253332532855e-20,-5.438253602712274e-21
-3.833,6.658380609558828e-20,-5.525450251025577e-21
-3.832,6.740507844708701e-20,-5.613962484636055e-21
-3.831,6.823647355322692e-20,-5.703809381496983e-21
-3.83,6.907811610376845e-20,-5.795010288555214e-21
-3.829,6.993013232348853e-20,-5.887584825464497e-21
-3.828,7.079264999106813e-20,-5.9815528883492024e-21
-3.827,7.166579845821223e-20,-6.076934653619141e-21
-3.826,7.254970866900487e-20,-6.173750581836153e-21
-3.825,7.344451317950233e-20,-6.272021421633158e-21
-3.824,7.435034617756717e-20,-6.371768213686378e-21
-3.823,7.526734350294635e-20,-6.473012294741435e-21
-3.822,7.619564266759621e-20,-6.575775301694047e-21
-3.821,7.713538287625742e-20,-6.680079175726062e-21
-3.82,7.808670504728302e-20,-6.785946166497549e-21
-3.819,7.904975183372262e-20,-6.893398836395724e-21
-3.818,8.002466764466584e-20,-7.002460064841448e-21
-3.817,8.101159866684843e-20,-7.113153052654069e-21
-3.816,8.201069288652379e-20,-7.225501326475416e-21
-3.815,8.30221001116039e-20,-7.33952874325369e-21
-3.814,8.404597199407219e-20,-7.455259494788087e-21
-3.813,8.508246205267226e-20,-7.57271811233496e-21
-3.812,8.613172569587559e-20,-7.691929471276323e-21
-3.811,8.71939202451317e-20,-7.81291879585156e-21
-3.81,8.826920495840423e-20,-7.935711663953152e-21
-3.809,8.935774105399657e-20,-8.060334011987293e-21
-3.808,9.045969173467041e-20,-8.186812139800281e-21
-3.807,9.157522221206092e-20,-8.315172715671509e-21
-3.806,9.270449973139227e-20,-8.445442781374002e-21
-3.805,9.384769359649701e-20,-8.577649757303373e-21
-3.804,9.500497519514323e-20,-8.711821447676107e-21
-3.803,9.617651802467308e-20,-8.847986045798117e-21
-3.802,9.736249771795674e-20,-8.98617213940449e-21
-3.801,9.856309206966546e-20,-9.12640871607139e-21
-3.8,9.977848106286777e-20,-9.268725168701075e-21
-3.799,1.0100884689595271e-19,-9.413151301080983e-21
-3.798,1.0225437400988423e-19,-9.559717333517913e-21
-3.797,1.0351524911579067e-19,-9.708453908548275e-21
-3.796,1.0479166122289369e-19,-9.859392096725423e-21
-3.795,1.0608380166678041e-19,-1.0012563402485117e-20
-3.794,1.0739186413802349e-19,-1.0167999770090128e-20
-3.793,1.08716044711153e-19,-1.0325733589655075e-20
-3.792,1.1005654187398468e-19,-1.048579770325253e-20
-3.791,1.1141355655730879e-19,-1.064822541110149e-20
-3.79,1.1278729216494407e-19,-1.0813050477839323e-20
-3.789,1.1417795460416137e-19,-1.0980307138878263e-20
-3.788,1.155857523164813e-19,-1.1150030106847634e-20
-3.787,1.1701089630885064e-19,-1.1322254578122892e-20
-3.786,1.1845360018520223e-19,-1.1497016239442677e-20
-3.785,1.1991408017840286e-19,-1.167435127461502e-20
-3.784,1.2139255518259407e-19,-1.1854296371313927e-20
-3.783,1.2288924678593055e-19,-1.2036888727967493e-20
-3.782,1.244043793037214e-19,-1.2222166060738812e-20
-3.781,1.2593817981197863e-19,-1.241016661060089e-20
-3.78,1.274908781813783e-19,-1.2600929150506812e-20
-3.779,1.2906270711163953e-19,-1.2794492992656443e-20
-3.778,1.3065390216632577e-19,-1.2990897995860943e-20
-3.777,1.322647018080745e-19,-1.3190184573006382e-20
-3.776,1.3389534743425995e-19,-1.3392393698617793e-20
-3.775,1.3554608341309423e-19,-1.359756691652498e-20
-3.774,1.3721715712017269e-19,-1.3805746347631448e-20
-3.773,1.3890881897546835e-19,-1.4016974697787828e-20
-3.772,1.406213224807815e-19,-1.4231295265771153e-20
-3.771,1.4235492425764973e-19,-1.4448751951371434e-20
-3.77,1.441098840857239e-19,-1.4669389263586944e-20
-3.769,1.458864649416165e-19,-1.4893252328929625e-20
-3.768,1.4768493303822716e-19,-1.5120386899842154e-20
-3.767,1.4950555786455212e-19,-1.535083936322805e-20
-3.766,1.5134861222598308e-19,-1.5584656749096428e-20
-3.765,1.532143722851015e-19,-1.5821886739322828e-20
-3.764,1.5510311760297473e-19,-1.6062577676527726e-20
-3.763,1.5701513118095974e-19,-1.630677857307426e-20
-3.762,1.5895069950302094e-19,-1.6554539120186757e-20
-3.761,1.6091011257856844e-19,-1.680590969719167e-20
-3.76,1.6289366398582292e-19,-1.706094138088251e-20
-3.759,1.6490165091571384e-19,-1.7319685955010515e-20
-3.758,1.669343742163174e-19,-1.7582195919902598e-20
-3.757,1.6899213843784083e-19,-1.7848524502208353e-20
-3.756,1.7107525187816e-19,-1.8118725664777788e-20
-3.755,1.731840266289167e-19,-1.8392854116671547e-20
-3.754,1.7531877862218304e-19,-1.8670965323305336e-20
-3.753,1.7747982767769932e-19,-1.895311551673038e-20
-3.752,1.7966749755069308e-19,-1.9239361706051663e-20
-3.751,1.818821159802857e-19,-1.952976168798583e-20
-3.75,1.841240147384947e-19,-1.9824374057560557e-20
-3.749,1.8639352967983814e-19,-2.012325821895728e-20
-3.748,1.886910007915491e-19,-2.0426474396499186e-20
-3.747,1.9101677224440782e-19,-2.073408364578639e-20
-3.746,1.933711924441983e-19,-2.104614786498023e-20
-3.745,1.957546140837982e-19,-2.1362729806238676e-20
-3.744,1.981673941959089e-19,-2.168389308730484e-20
-3.743,2.006098942064339e-19,-2.200970220325061e-20
-3.742,2.0308247998851366e-19,-2.2340222538377483e-20
-3.741,2.055855219172247e-19,-2.2675520378276655e-20
-3.74,2.0811939492495137e-19,-2.3015662922050465e-20
-3.739,2.1068447855743847e-19,-2.336071829469738e-20
-3.738,2.1328115703053283e-19,-2.3710755559662614e-20
-3.737,2.1590981928762283e-19,-2.4065844731556618e-20
-3.736,2.18570859057784e-19,-2.4426056789043668e-20
-3.735,2.2126467491463963e-19,-2.4791463687902744e-20
-3.734,2.239916703359449e-19,-2.5162138374263053e-20
-3.733,2.267522537639039e-19,-2.5538154798016433e-20
-3.732,2.295468386662281e-19,-2.591958792640903e-20
-3.731,2.3237584359794543e-19,-2.6306513757814594e-20
-3.73,2.3523969226396956e-19,-2.669900933569179e-20
-3.729,2.3813881358243843e-19,-2.7097152762727955e-20
-3.728,2.410736417488312e-19,-2.7501023215171795e-20
-3.727,2.440446163008741e-19,-2.791070095735747e-20
-3.726,2.4705218218424375e-19,-2.8326267356422603e-20
-3.725,2.5009678981907877e-19,-2.8747804897222845e-20
-3.724,2.531788951673085e-19,-2.917539719744548e-20
-3.723,2.5629895980081056e-19,-2.9609129022924755e-20
-3.722,2.5945745097040515e-19,-3.004908630316165e-20
-3.721,2.6265484167569867e-19,-3.0495356147050646e-20
-3.72,2.6589161073578554e-19,-3.0948026858816396e-20
-3.719,2.691682428608193e-19,-3.14071879541629e-20
-3.718,2.724852287244638e-19,-3.1872930176638134e-20
-3.717,2.7584306503723506e-19,-3.234534551421686e-20
-3.716,2.7924225462074505e-19,-3.2824527216104596e-20
-3.715,2.826833064828579e-19,-3.331056980976555e-20
-3.714,2.861667358937706e-19,-3.380356911817758e-20
-3.713,2.8969306446302846e-19,-3.430362227731711e-20
-3.712,2.9326282021748817e-19,-3.481082775387705e-20
-3.711,2.968765376802388e-19,-3.5325285363220776e-20
-3.71,3.005347579504934e-19,-3.584709628757533e-20
-3.709,3.042380287844628e-19,-3.637636309446695e-20
-3.708,3.079869046772235e-19,-3.6913189755402095e-20
-3.707,3.1178194694559236e-19,-3.7457681664797274e-20
-3.706,3.1562372381201995e-19,-3.8009945659160913e-20
-3.705,3.195128104895156e-19,-3.857009003653061e-20
-3.704,3.2344978926761613e-19,-3.9138224576169046e-20
-3.703,3.2743524959941193e-19,-3.971446055852211e-20
-3.702,3.314697881896427e-19,-4.029891078544257e-20
-3.701,3.3555400908387646e-19,-4.089168960068285e-20
-3.7,3.3968852375878456e-19,-4.149291291066038e-20
-3.699,3.4387395121352713e-19,-4.210269820549925e-20
-3.698,3.4811091806226147e-19,-4.272116458035163e-20
-3.697,3.524000586277883e-19,-4.3348432757002774e-20
-3.696,3.567420150363486e-19,-4.398462510576325e-20
-3.695,3.611374373135867e-19,-4.4629865667652254e-20
-3.694,3.6558698348169257e-19,-4.528428017687576e-20
-3.693,3.700913196577385e-19,-4.594799608360343e-20
-3.692,3.7465112015322497e-19,-4.662114257704822e-20
-3.691,3.7926706757485e-19,-4.730385060885262e-20
-3.69,3.839398529265176e-19,-4.7996252916785596e-20
-3.689,3.886701757126001e-19,-4.869848404875431e-20
-3.688,3.9345874404247037e-19,-4.941068038713474e-20
-3.687,3.983062747363184e-19,-5.0132980173425436e-20
-3.686,4.0321349343226974e-19,-5.08655235332286e-20
-3.685,4.0818113469481996e-19,-5.160845250156282e-20
-3.684,4.1320994212460274e-19,-5.236191104851183e-20
-3.683,4.1830066846950717e-19,-5.312604510521368e-20
-3.682,4.234540757371612e-19,-5.390100259019481e-20
-3.681,4.286709353087979e-19,-5.468693343605357e-20
-3.68,4.339520280545214e-19,-5.548398961649774e-20
-3.679,4.392981444499904e-19,-5.629232517374065e-20
-3.678,4.4471008469453525e-19,-5.711209624626083e-20
-3.677,4.501886588307279e-19,-5.794346109692964e-20
-3.676,4.557346868654218e-19,-5.878658014151199e-20
-3.675,4.613489988922789e-19,-5.964161597754486e-20
-3.674,4.670324352158042e-19,-6.050873341359871e-20
-3.673,4.72785846476904e-19,-6.138809949892673e-20
-3.672,4.786100937799888e-19,-6.227988355350695e-20
-3.671,4.845060488216373e-19,-6.318425719848261e-20
-3.67,4.904745940208438e-19,-6.410139438700569e-20
-3.669,4.965166226508653e-19,-6.50314714354892e-20
-3.668,5.026330389726908e-19,-6.597466705527328e-20
-3.667,5.088247583701498e-19,-6.693116238471084e-20
-3.666,5.150927074866833e-19,-6.7901141021678e-20
-3.665,5.214378243637953e-19,-6.888478905651511e-20
-3.664,5.278610585812064e-19,-6.98822951054037e-20
-3.663,5.343633713987306e-19,-7.089385034418545e-20
-3.662,5.409457358998964e-19,-7.191964854262864e-20
-3.661,5.476091371373323e-19,-7.295988609914816e-20
-3.66,5.543545722799413e-19,-7.401476207598493e-20
-3.659,5.611830507618834e-19,-7.508447823485069e-20
-3.658,5.680955944333901e-19,-7.616923907304448e-20
-3.657,5.750932377134325e-19,-7.726925186004665e-20
-3.656,5.821770277442668e-19,-7.838472667459702e-20
-3.655,5.893480245478785e-19,-7.951587644226319e-20
-3.654,5.966073011843516e-19,-8.066291697350577e-20
-3.653,6.0395594391218255e-19,-8.182606700224661e-20
-3.652,6.113950523505669e-19,-8.300554822494702e-20
-3.651,6.189257396436791e-19,-8.420158534020252e-20
-3.65,6.265491326269735e-19,-8.541440608886061e-20
-3.649,6.342663719955286e-19,-8.664424129466889e-20
-3.648,6.420786124744611e-19,-8.789132490546012e-20
-3.647,6.499870229914347e-19,-8.915589403488126e-20
-3.646,6.579927868512897e-19,-9.04381890046739e-20
-3.645,6.660971019128196e-19,-9.173845338751279e-20
-3.644,6.7430118076772e-19,-9.305693405041038e-20
-3.643,6.826062509217379e-19,-9.43938811986942e-20
-3.642,6.910135549780479e-19,-9.574954842056494e-20
-3.641,6.995243508228822e-19,-9.712419273224268e-20
-3.64,7.081399118134429e-19,-9.851807462370898e-20
-3.639,7.168615269681241e-19,-9.993145810505266e-20
-3.638,7.256905011590723e-19,-1.0136461075342705e-19
-3.637,7.34628155307114e-19,-1.0281780376062684e-19
-3.636,7.436758265790795e-19,-1.0429131198129253e-19
-3.635,7.528348685875527e-19,-1.0578541398175068e-19
-3.634,7.621066515930753e-19,-1.073003920894984e-19
-3.633,7.71492562708838e-19,-1.0883653244334024e-19
-3.632,7.809940061078869e-19,-1.103941250441863e-19
-3.631,7.906124032328776e-19,-1.1197346380651997e-19
-3.63,8.003491930084076e-19,-1.1357484661054407e-19
-3.629,8.102058320559582e-19,-1.1519857535501442e-19
-3.628,8.201837949114801e-19,-1.1684495601076963e-19
-3.627,8.302845742456519e-19,-1.185142986749663e-19
-3.626,8.405096810868476e-19,-1.2020691762602868e-19
-3.625,8.50860645046844e-19,-1.2192313137932242e-19
-3.624,8.613390145493033e-19,-1.2366326274356153e-19
-3.623,8.719463570610637e-19,-1.254276388779583e-19
-3.622,8.82684259326274e-19,-1.2721659135012595e-19
-3.621,8.935543276034054e-19,-1.2903045619474338e-19
-3.62,9.045581879051768e-19,-1.3086957397299277e-19
-3.619,9.156974862414312e-19,-1.3273428983277927e-19
-3.618,9.269738888649944e-19,-1.3462495356974346e-19
-3.617,9.383890825205595e-19,-1.365419196890768e-19
-3.616,9.49944774696627e-19,-1.3848554746815063e-19
-3.615,9.616426938805462e-19,-1.40456201019969e-19
-3.614,9.734845898166877e-19,-1.424542493574566e-19
-3.613,9.854722337677923e-19,-1.4448006645859217e-19
-3.612,9.976074187795302e-19,-1.4653403133239872e-19
-3.611,1.0098919599483146e-18,-1.4861652808580158e-19
-3.61,1.0223276946924058e-18,-1.507279459913656e-19
-3.609,1.0349164830263476e-18,-1.528686795559231e-19
-3.608,1.0476602078387794e-18,-1.5503912859010404e-19
-3.607,1.0605607751736601e-18,-1.5723969827878e-19
-3.606,1.0736201145149512e-18,-1.5947079925243428e-19
-3.605,1.086840179074799e-18,-1.6173284765946987e-19
-3.604,1.100222946085258e-18,-1.6402626523946757e-19
-3.603,1.1137704170936017e-18,-1.6635147939740672e-19
-3.602,1.1274846182612633e-18,-1.6870892327886076e-19
-3.601,1.1413676006664494e-18,-1.7109903584618098e-19
-3.6,1.1554214406104763e-18,-1.735222619556805e-19
-3.599,1.1696482399278685e-18,-1.7597905243583203e-19
-3.598,1.1840501263002731e-18,-1.7846986416649257e-19
-3.597,1.198629253574229e-18,-1.809951601591681e-19
-3.596,1.2133878020828444e-18,-1.8355540963833214e-19
-3.595,1.228327978971428e-18,-1.8615108812381173e-19
-3.594,1.243452018527123e-18,-1.8878267751425468e-19
-3.593,1.2587621825125926e-18,-1.9145066617169217e-19
-3.592,1.274260760503808e-18,-1.9415554900721115e-19
-3.591,1.2899500702319879e-18,-1.9689782756775062e-19
-3.59,1.305832457929741e-18,-1.9967801012403658e-19
-3.589,1.3219102986814643e-18,-2.0249661175967062e-19
-3.588,1.3381859967780483e-18,-2.0535415446138686e-19
-3.587,1.3546619860759412e-18,-2.0825116721049256e-19
-3.586,1.3713407303606284e-18,-2.1118818607550775e-19
-3.585,1.3882247237145785e-18,-2.141657543060195e-19
-3.584,1.4053164908897137e-18,-2.1718442242776675e-19
-3.583,1.4226185876844571e-18,-2.202447483389712e-19
-3.582,1.440133601325416e-18,-2.233472974079311e-19
-3.581,1.4578641508537554e-18,-2.264926425718939e-19
-3.58,1.4758128875163232e-18,-2.2968136443722447e-19
-3.579,1.4939824951615805e-18,-2.3291405138088575e-19
-3.578,1.5123756906404011e-18,-2.361912996532489e-19
-3.577,1.5309952242117955e-18,-2.3951371348225034e-19
-3.576,1.5498438799536241e-18,-2.428819051789125e-19
-3.575,1.5689244761783576e-18,-2.4629649524424704e-19
-3.574,1.5882398658539487e-18,-2.497581124775578e-19
-3.573,1.6077929370298766e-18,-2.5326739408616154e-19
-3.572,1.6275866132684293e-18,-2.5682498579654523e-19
-3.571,1.6476238540812859e-18,-2.6043154196697868e-19
-3.57,1.6679076553714674e-18,-2.640877257016006e-19
-3.569,1.6884410498807183e-18,-2.6779420896599827e-19
-3.568,1.7092271076423878e-18,-2.715516727042994e-19
-3.567,1.7302689364398792e-18,-2.7536080695779585e-19
-3.566,1.751569682270732e-18,-2.7922231098511966e-19
-3.565,1.773132529816411e-18,-2.83136893383991e-19
-3.564,1.79496070291787e-18,-2.871052722145585e-19
-3.563,1.8170574650569575e-18,-2.9112817512435257e-19
-3.562,1.8394261198437464e-18,-2.952063394748731e-19
-3.561,1.8620700115098476e-18,-2.993405124698319e-19
-3.56,1.884992525407791e-18,-3.0353145128507197e-19
-3.559,1.908197088516544e-18,-3.0777992320018537e-19
-3.558,1.9316871699532447e-18,-3.1208670573185097e-19
-3.557,1.955466281491223e-18,-3.1645258676891532e-19
-3.556,1.9795379780843926e-18,-3.208783647092385e-19
-3.555,2.0039058583980858e-18,-3.253648485983282e-19
-3.554,2.028573565346416e-18,-3.29912858269785e-19
-3.553,2.0535447866362427e-18,-3.3452322448758254e-19
-3.552,2.0788232553178253e-18,-3.39196789090206e-19
-3.551,2.1044127503422455e-18,-3.439344051366732e-19
-3.55,2.1303170971256793e-18,-3.4873693705446297e-19
-3.549,2.1565401681206076e-18,-3.536052607893744e-19
-3.548,2.183085883394046e-18,-3.585402639573437e-19
-3.547,2.209958211212885e-18,-3.63542845998242e-19
-3.546,2.2371611686364232e-18,-3.686139183316819e-19
-3.545,2.2646988221161835e-18,-3.737544045148565e-19
-3.544,2.2925752881031036e-18,-3.7896524040243914e-19
-3.543,2.32079473366219e-18,-3.8424737430856946e-19
-3.542,2.3493613770947286e-18,-3.8960176717095293e-19
-3.541,2.3782794885681377e-18,-3.9502939271710144e-19
-3.54,2.407553390753573e-18,-4.0053123763274232e-19
-3.539,2.437187459471361e-18,-4.0610830173242448e-19
-3.538,2.4671861243443714e-18,-4.117615981323488e-19
-3.537,2.4975538694594178e-18,-4.1749215342545326e-19
-3.536,2.5282952340367924e-18,-4.2330100785878043e-19
-3.535,2.559414813108025e-18,-4.291892155131576e-19
-3.534,2.59091725820198e-18,-4.351578444852194e-19
-3.533,2.6228072780393787e-18,-4.412079770718034e-19
-3.532,2.6550896392358676e-18,-4.47340709956748e-19
-3.531,2.687769167013721e-18,-4.535571544001261e-19
-3.53,2.7208507459222987e-18,-4.598584364299435e-19
-3.529,2.7543393205673537e-18,-4.662456970363357e-19
-3.528,2.788239896349309e-18,-4.727200923682946e-19
-3.527,2.822557540210608e-18,-4.792827939329571e-19
-3.526,2.8572973813922494e-18,-4.859349887974911e-19
-3.525,2.8924646121996263e-18,-4.926778797936086e-19
-3.524,2.928064488777774e-18,-4.995126857247447e-19
-3.523,2.9641023318961495e-18,-5.064406415759315e-19
-3.522,3.000583527743059e-18,-5.134629987264067e-19
-3.521,3.037513528729849e-18,-5.205810251649887e-19
-3.52,3.0748978543049812e-18,-5.277960057082558e-19
-3.519,3.1127420917781187e-18,-5.351092422215647e-19
-3.518,3.151051897154337e-18,-5.425220538429454e-19
-3.517,3.1898329959785926e-18,-5.500357772099101e-19
-3.516,3.2290911841905706e-18,-5.576517666892124e-19
-3.515,3.2688323289900406e-18,-5.653713946095959e-19
-3.514,3.3090623697128505e-18,-5.731960514975708e-19
-3.513,3.349787318717686e-18,-5.811271463162569e-19
-3.512,3.3910132622837333e-18,-5.891661067073333e-19
-3.511,3.4327463615193737e-18,-5.973143792361334e-19
-3.51,3.47499285328205e-18,-6.05573429639929e-19
-3.509,3.5177590511094374e-18,-6.139447430794403e-19
-3.508,3.5610513461620656e-18,-6.224298243936161e-19
-3.507,3.604876208177522e-18,-6.310301983577277e-19
-3.506,3.649240186436385e-18,-6.39747409944814e-19
-3.505,3.694149910740041e-18,-6.485830245905277e-19
-3.504,3.739612092400502e-18,-6.575386284614209e-19
-3.503,3.785633525242411e-18,-6.666158287267172e-19
-3.502,3.8322210866173465e-18,-6.758162538336156e-19
-3.501,3.87938173843061e-18,-6.85141553786169e-19
-3.5,3.927122528180625e-18,-6.945934004277869e-19
-3.499,3.975450590011114e-18,-7.04173487727406e-19
-3.498,4.0243731457762175e-18,-7.138835320693776e-19
-3.497,4.073897506118694e-18,-7.237252725471192e-19
-3.496,4.124031071561383e-18,-7.337004712605791e-19
-3.495,4.17478133361208e-18,-7.438109136175624e-19
-3.494,4.226155875881991e-18,-7.540584086389686e-19
-3.493,4.2781623752179465e-18,-7.644447892679914e-19
-3.492,4.3308086028485184e-18,-7.74971912683331e-19
-3.491,4.384102425544235e-18,-7.856416606164718e-19
-3.49,4.438051806792055e-18,-7.964559396730755e-19
-3.489,4.492664807984284e-18,-8.074166816585462e-19
-3.488,4.547949589622091e-18,-8.185258439078167e-19
-3.487,4.603914412533837e-18,-8.29785409619415e-19
-3.486,4.660567639108375e-18,-8.411973881938614e-19
-3.485,4.717917734543494e-18,-8.527638155764566e-19
-3.484,4.775973268109739e-18,-8.644867546045133e-19
-3.483,4.83474291442974e-18,-8.76368295359091e-19
-3.482,4.894235454773282e-18,-8.884105555212902e-19
-3.481,4.95445977836829e-18,-9.006156807331667e-19
-3.48,5.015424883727931e-18,-9.129858449633233e-19
-3.479,5.077139879994029e-18,-9.255232508772397e-19
-3.478,5.1396139882969905e-18,-9.38230130212403e-19
-3.477,5.202856543132456e-18,-9.511087441582977e-19
-3.476,5.266876993754864e-18,-9.641613837413203e-19
-3.475,5.3316849055881534e-18,-9.773903702146811e-19
-3.474,5.397289961653805e-18,-9.907980554533554e-19
-3.473,5.463701964016433e-18,-1.0043868223541517e-18
-3.472,5.5309308352471525e-18,-1.0181590852409615e-18
-3.471,5.598986619904939e-18,-1.0321172902752565e-18
-3.47,5.667879486036183e-18,-1.0462639158719022e-18
-3.469,5.737619726692699e-18,-1.0606014731203549e-18
-3.468,5.808217761468375e-18,-1.0751325062113117e-18
-3.467,5.879684138054729e-18,-1.0898595928688835e-18
-3.466,5.952029533815574e-18,-1.1047853447883629e-18
-3.465,6.025264757381051e-18,-1.1199124080796559e-18
-3.464,6.099400750261248e-18,-1.1352434637164543e-18
-3.463,6.174448588479663e-18,-1.1507812279912193e-18
-3.462,6.250419484226742e-18,-1.166528452976052e-18
-3.461,6.3273247875337454e-18,-1.1824879269895265e-18
-3.46,6.405175987967191e-18,-1.1986624750695616e-18
-3.459,6.483984716344127e-18,-1.2150549594524097e-18
-3.458,6.5637627464684945e-18,-1.231668280057839e-18
-3.457,6.644521996888825e-18,-1.2485053749805934e-18
-3.456,6.726274532677556e-18,-1.2655692209882031e-18
-3.455,6.8090325672322145e-18,-1.2828628340252345e-18
-3.454,6.892808464098748e-18,-1.300389269724059e-18
-3.453,6.977614738817258e-18,-1.318151623922223e-18
-3.452,7.063464060790438e-18,-1.3361530331865067e-18
-3.451,7.15036925517497e-18,-1.3543966753437548e-18
-3.45,7.23834330479618e-18,-1.3728857700185683e-18
-3.449,7.32739935208622e-18,-1.391623579177943e-18
-3.448,7.417550701046087e-18,-1.4106134076829453e-18
-3.447,7.508810819231764e-18,-1.4298586038475172e-18
-3.446,7.601193339764758e-18,-1.4493625600044956e-18
-3.445,7.694712063367378e-18,-1.469128713078947e-18
-3.444,7.789380960423019e-18,-1.4891605451689043e-18
-3.443,7.885214173061773e-18,-1.5094615841336037e-18
-3.442,7.982226017271694e-18,-1.5300354041893184e-18
-3.441,8.08043098503599e-18,-1.5508856265128843e-18
-3.44,8.179843746496529e-18,-1.5720159198530177e-18
-3.439,8.280479152143892e-18,-1.5934300011495236e-18
-3.438,8.382352235034396e-18,-1.6151316361604986e-18
-3.437,8.485478213034345e-18,-1.637124640097626e-18
-3.436,8.589872491091873e-18,-1.6594128782696716e-18
-3.435,8.695550663536722e-18,-1.6820002667342817e-18
-3.434,8.8025285164083e-18,-1.7048907729581912e-18
-3.433,8.910822029812336e-18,-1.7280884164859496e-18
-3.432,9.020447380306529e-18,-1.7515972696172734e-18
-3.431,9.131420943315515e-18,-1.775421458093135e-18
-3.43,9.243759295575527e-18,-1.7995651617907003e-18
-3.429,9.357479217609101e-18,-1.8240326154272297e-18
-3.428,9.47259769623022e-18,-1.8488281092730537e-18
-3.427,9.589131927080238e-18,-1.8739559898737436e-18
-3.426,9.70709931719499e-18,-1.8994206607815896e-18
-3.425,9.826517487603469e-18,-1.925226583296513e-18
-3.424,9.947404275958431e-18,-1.9513782772165225e-18
-3.423,1.0069777739199354e-17,-1.97788032159785e-18
-3.422,1.0193656156248139e-17,-2.0047373555248757e-18
-3.421,1.0319058030737936e-17,-2.0319540788899788e-18
-3.42,1.044600209377553e-17,-2.0595352531834345e-18
-3.419,1.0574507306737693e-17,-2.087485702293489e-18
-3.418,1.0704592864101888e-17,-2.1158103133167403e-18
-3.417,1.0836278196311811e-17,-2.144514037378957e-18
-3.416,1.096958297267813e-17,-2.1736018904664703e-18
-3.415,1.1104527104314907e-17,-2.2030789542682724e-18
-3.414,1.1241130747112103e-17,-2.232950377028959e-18
-3.413,1.1379414304744647e-17,-2.2632213744126536e-18
-3.412,1.1519398431718485e-17,-2.293897230378056e-18
-3.411,1.1661104036454079e-17,-2.324983298064755e-18
-3.41,1.1804552284407822e-17,-2.3564850006909487e-18
-3.409,1.1949764601231821e-17,-2.3884078324627215e-18
-3.408,1.2096762675972536e-17,-2.4207573594950214e-18
-3.407,1.224556846430873e-17,-2.4535392207444907e-18
-3.406,1.239620419182925e-17,-2.486759128954298e-18
-3.405,1.2548692357351076e-17,-2.5204228716111274e-18
-3.404,1.2703055736278195e-17,-2.5545363119144786e-18
-3.403,1.2859317384001745e-17,-2.5891053897584364e-18
-3.402,1.3017500639341981e-17,-2.6241361227260657e-18
-3.401,1.3177629128032547e-17,-2.6596346070966002e-18
-3.4,1.3339726766247583e-17,-2.6956070188655783e-18
-3.399,1.350381776417221e-17,-2.7320596147780977e-18
-3.398,1.3669926629616907e-17,-2.7689987333753584e-18
-3.397,1.3838078171676308e-17,-2.8064307960546556e-18
-3.396,1.4008297504433016e-17,-2.8443623081430007e-18
-3.395,1.4180610050706926e-17,-2.8827998599845423e-18
-3.394,1.4355041545850656e-17,-2.9217501280419632e-18
-3.393,1.4531618041591648e-17,-2.9612198760120306e-18
-3.392,1.4710365909921492e-17,-3.0012159559554826e-18
-3.391,1.489131184703308e-17,-3.0417453094414307e-18
-3.39,1.5074482877306166e-17,-3.082814968706466e-18
-3.389,1.5259906357341926e-17,-3.1244320578286553e-18
-3.388,1.544760998004712e-17,-3.1666037939166164e-18
-3.387,1.563762177876848e-17,-3.209337488313868e-18
-3.386,1.5829970131477896e-17,-3.252640547818642e-18
-3.385,1.602468376500913e-17,-3.2965204759193662e-18
-3.384,1.6221791759346538e-17,-3.340984874046004e-18
-3.383,1.642132355196657e-17,-3.3860414428374653e-18
-3.382,1.6623308942232653e-17,-3.4316979834252834e-18
-3.381,1.6827778095844083e-17,-3.477962398733775e-18
-3.38,1.7034761549339636e-17,-3.5248426947968815e-18
-3.379,1.7244290214656554e-17,-3.5723469820919184e-18
-3.378,1.7456395383745566e-17,-3.620483476890433e-18
-3.377,1.7671108733242678e-17,-3.6692605026263986e-18
-3.376,1.7888462329198384e-17,-3.718686491281966e-18
-3.375,1.8108488631865042e-17,-3.768769984790988e-18
-3.374,1.8331220500543084e-17,-3.819519636460551e-18
-3.373,1.8556691198486863e-17,-3.8709442124107404e-18
-3.372,1.878493439787076e-17,-3.92305259303287e-18
-3.371,1.9015984184816397e-17,-3.975853774466413e-18
-3.37,1.9249875064481656e-17,-4.029356870094872e-18
-3.369,1.948664196621224e-17,-4.083571112060827e-18
-3.368,1.972632024875662e-17,-4.138505852800411e-18
-3.367,1.9968945705545074e-17,-4.1941705665974535e-18
-3.366,2.021455457003364e-17,-4.2505748511575436e-18
-3.365,2.0463183521113796e-17,-4.3077284292022734e-18
-3.364,2.0714869688588628e-17,-4.365641150083909e-18
-3.363,2.0969650658716362e-17,-4.424322991420753e-18
-3.362,2.1227564479822034e-17,-4.483784060753462e-18
-3.361,2.1488649667978175e-17,-4.544034597222584e-18
-3.36,2.1752945212755344e-17,-4.605084973267591e-18
-3.359,2.2020490583043375e-17,-4.666945696347668e-18
-3.358,2.2291325732944185e-17,-4.729627410684553e-18
-3.357,2.2565491107737062e-17,-4.793140899027684e-18
-3.356,2.2843027649917292e-17,-4.8574970844419675e-18
-3.355,2.312397680530904e-17,-4.922707032118425e-18
-3.354,2.3408380529253403e-17,-4.98878195120803e-18
-3.353,2.3696281292872544e-17,-5.0557331966790205e-18
-3.352,2.3987722089410856e-17,-5.123572271197989e-18
-3.351,2.4282746440654106e-17,-5.1923108270350494e-18
-3.35,2.4581398403427502e-17,-5.261960667993385e-18
-3.349,2.488372257617367e-17,-5.3325337513634976e-18
-3.348,2.518976410561152e-17,-5.4040421899024574e-18
-3.347,2.5499568693476984e-17,-5.4764982538384814e-18
-3.346,2.5813182603346643e-17,-5.549914372901156e-18
-3.345,2.6130652667545288e-17,-5.624303138377636e-18
-3.344,2.6452026294138378e-17,-5.699677305195144e-18
-3.343,2.677735147401052e-17,-5.776049794030104e-18
-3.342,2.710667678803097e-17,-5.85343369344425e-18
-3.341,2.7440051414307267e-17,-5.931842262048057e-18
-3.34,2.7777525135528036e-17,-6.011288930691827e-18
-3.339,2.811914834639612e-17,-6.091787304684796e-18
-3.338,2.846497206115309e-17,-6.173351166042609e-18
-3.337,2.8815047921196285e-17,-6.2559944757635245e-18
-3.336,2.9169428202789555e-17,-6.3397313761337165e-18
-3.335,2.952816582486879e-17,-6.424576193062038e-18
-3.334,2.989131435694341e-17,-6.510543438444623e-18
-3.333,3.0258928027095126e-17,-6.597647812559705e-18
-3.332,3.0631061730074916e-17,-6.685904206493036e-18
-3.331,3.100777103549971e-17,-6.775327704594291e-18
-3.33,3.138911219614978e-17,-6.865933586964854e-18
-3.329,3.177514215636822e-17,-6.957737331977387e-18
-3.328,3.21659185605637e-17,-7.05075461882757e-18
-3.327,3.256149976181776e-17,-7.145001330118447e-18
-3.326,3.296194483059801e-17,-7.24049355447775e-18
-3.325,3.336731356357842e-17,-7.337247589208673e-18
-3.324,3.3777666492568126e-17,-7.435279942974474e-18
-3.323,3.4193064893550016e-17,-7.534607338517349e-18
-3.322,3.4613570795830474e-17,-7.635246715412015e-18
-3.321,3.503924699130166e-17,-7.737215232854458e-18
-3.32,3.547015704381767e-17,-7.840530272486246e-18
-3.319,3.5906365298686055e-17,-7.945209441254908e-18
-3.318,3.634793689227598e-17,-8.051270574310808e-18
-3.317,3.679493776174465e-17,-8.158731737940969e-18
-3.316,3.724743465488327e-17,-8.267611232540354e-18
-3.315,3.7705495140084136e-17,-8.37792759562103e-18
-3.314,3.816918761643027e-17,-8.48969960485972e-18
-3.313,3.863858132390921e-17,-8.602946281184243e-18
-3.312,3.911374635375229e-17,-8.717686891899299e-18
-3.311,3.9594753658901234e-17,-8.833940953852126e-18
-3.31,4.0081675064603317e-17,-8.951728236638513e-18
-3.309,4.0574583279136956e-17,-9.071068765849709e-18
-3.308,4.107355190466912e-17,-9.191982826360708e-18
-3.307,4.1578655448246344e-17,-9.314490965660463e-18
-3.306,4.2089969332920843e-17,-9.438613997224543e-18
-3.305,4.260756990901355e-17,-9.564373003930787e-18
-3.304,4.313153446551558e-17,-9.691789341518474e-18
-3.303,4.366194124163001e-17,-9.820884642091585e-18
-3.302,4.419886943845554e-17,-9.951680817666699e-18
-3.301,4.4742399230813884e-17,-1.008420006376609e-17
-3.3,4.529261177922263e-17,-1.02184648630566e-17
-3.299,4.584958924201534e-17,-1.0354497989034877e-17
-3.298,4.641341478761072e-17,-1.049232250975953e-17
-3.297,4.69841726069327e-17,-1.0631961791630835e-17
-3.296,4.756194792598326e-17,-1.0773439503218576e-17
-3.295,4.814682701856988e-17,-1.0916779619138614e-17
-3.294,4.873889721918961e-17,-1.106200642397883e-17
-3.293,4.9338246936071435e-17,-1.1209144516275044e-17
-3.292,4.994496566437928e-17,-1.1358218812537552e-17
-3.291,5.055914399957721e-17,-1.1509254551328909e-17
-3.29,5.118087365095912e-17,-1.1662277297393625e-17
-3.289,5.1810247455344805e-17,-1.181731294584041e-17
-3.288,5.244735939094451e-17,-1.1974387726377647e-17
-3.287,5.309230459139396e-17,-1.2133528207602754e-17
-3.286,5.3745179359962096e-17,-1.2294761301346119e-17
-3.285,5.440608118393347e-17,-1.245811426707031e-17
-3.284,5.5075108749167634e-17,-1.2623614716325236e-17
-3.283,5.575236195483756e-17,-1.2791290617259976e-17
-3.282,5.643794192834931e-17,-1.2961170299192002e-17
-3.281,5.713195104044532e-17,-1.31332824572345e-17
-3.28,5.78344929204934e-17,-1.3307656156982544e-17
-3.279,5.854567247196372e-17,-1.3484320839258843e-17
-3.278,5.926559588809632e-17,-1.3663306324919833e-17
-3.277,5.999437066776117e-17,-1.384464281972287e-17
-3.276,6.073210563151352e-17,-1.4028360919255286e-17
-3.275,6.147891093784648e-17,-1.421449161392609e-17
-3.274,6.223489809964379e-17,-1.440306629402114e-17
-3.273,6.300018000083472e-17,-1.459411675482251e-17
-3.272,6.377487091325402e-17,-1.4787675201792942e-17
-3.271,6.455908651370917e-17,-1.498377425582617e-17
-3.27,6.535294390125759e-17,-1.5182446958563935e-17
-3.269,6.615656161469638e-17,-1.5383726777780533e-17
-3.268,6.697005965026719e-17,-1.55876476128358e-17
-3.267,6.779355947957891e-17,-1.5794243800197315e-17
-3.266,6.862718406775075e-17,-1.600355011903275e-17
-3.265,6.947105789177862e-17,-1.6215601796873242e-17
-3.264,7.03253069591273e-17,-1.6430434515348667e-17
-3.263,7.119005882655147e-17,-1.6648084415995742e-17
-3.262,7.20654426191481e-17,-1.6868588106139848e-17
-3.261,7.295158904964333e-17,-1.7091982664851525e-17
-3.26,7.38486304379166e-17,-1.7318305648978592e-17
-3.259,7.475670073076486e-17,-1.7547595099254783e-17
-3.258,7.567593552191003e-17,-1.7779889546485943e-17
-3.257,7.66064720722525e-17,-1.8015228017814718e-17
-3.256,7.754844933037384e-17,-1.8253650043064706e-17
-3.255,7.850200795329168e-17,-1.8495195661165138e-17
-3.254,7.946729032746999e-17,-1.873990542665704e-17
-3.253,8.044444059008766e-17,-1.8987820416281908e-17
-3.252,8.1433604650569e-17,-1.9238982235654006e-17
-3.251,8.24349302123788e-17,-1.949343302601721e-17
-3.25,8.344856679508577e-17,-1.9751215471087623e-17
-3.249,8.447466575669726e-17,-2.0012372803982874e-17
-3.248,8.551338031626881e-17,-2.027694881423934e-17
-3.247,8.656486557679178e-17,-2.0544987854918288e-17
-3.246,8.762927854836269e-17,-2.0816534849802125e-17
-3.245,8.870677817163747e-17,-2.1091635300681852e-17
-3.244,8.979752534157428e-17,-2.137033529473689e-17
-3.243,9.09016829314685e-17,-2.1652681512008424e-17
-3.242,9.201941581728331e-17,-2.193872123296746e-17
-3.241,9.315089090227973e-17,-2.2228502346178768e-17
-3.24,9.429627714194954e-17,-2.2522073356061935e-17
-3.239,9.545574556925504e-17,-2.2819483390750732e-17
-3.238,9.662946932017933e-17,-2.312078221005204e-17
-3.237,9.78176236595909e-17,-2.3426020213505587e-17
-3.236,9.902038600742641e-17,-2.3735248448545776e-17
-3.235,1.002379359651957e-16,-2.4048518618766852e-17
-3.234,1.0147045534281281e-16,-2.4365883092292746e-17
-3.233,1.0271812818575715e-16,-2.4687394910252886e-17
-3.232,1.0398114080256883e-16,-2.5013107795365337e-17
-3.231,1.0525968179268223e-16,-2.5343076160628555e-17
-3.23,1.065539420746022e-16,-2.5677355118123216e-17
-3.229,1.0786411491442669e-16,-2.6016000487925416e-17
-3.228,1.0919039595472042e-16,-2.6359068807132684e-17
-3.227,1.1053298324374393e-16,-2.6706617339004218e-17
-3.226,1.11892077265042e-16,-2.705870408221678e-17
-3.225,1.1326788096739633e-16,-2.7415387780237702e-17
-3.224,1.1466059979514674e-16,-2.7776727930816467e-17
-3.223,1.1607044171888527e-16,-2.814278479559636e-17
-3.222,1.1749761726652818e-16,-2.851361940984771e-17
-3.221,1.1894233955477012e-16,-2.888929359232421e-17
-3.22,1.204048243209253e-16,-2.926986995524392e-17
-3.219,1.2188528995516063e-16,-2.965541191439645e-17
-3.218,1.233839575331252e-16,-3.0045983699377975e-17
-3.217,1.249010508489815e-16,-3.0441650363955634e-17
-3.216,1.2643679644884287e-16,-3.0842477796562954e-17
-3.215,1.2799142366462262e-16,-3.124853273092795e-17
-3.214,1.295651646482994e-16,-3.1659882756835585e-17
-3.213,1.3115825440660432e-16,-3.20765963310262e-17
-3.212,1.3277093083613501e-16,-3.2498742788231726e-17
-3.211,1.3440343475890147e-16,-3.2926392352351316e-17
-3.21,1.3605600995830963e-16,-3.335961614776821e-17
-3.209,1.3772890321558743e-16,-3.3798486210809535e-17
-3.208,1.3942236434665938e-16,-3.424307550135093e-17
-3.207,1.411366462394746e-16,-3.469345791456772e-17
-3.206,1.4287200489179432e-16,-3.514970829283452e-17
-3.205,1.4462869944944456e-16,-3.561190243777512e-17
-3.204,1.4640699224503921e-16,-3.6080117122464535e-17
-3.203,1.4820714883717977e-16,-3.655443010378516e-17
-3.202,1.5002943805013752e-16,-3.703492013493891e-17
-3.201,1.5187413201402388e-16,-3.752166697811729e-17
-3.2,1.5374150620545528e-16,-3.8014751417331476e-17
-3.199,1.5563183948871826e-16,-3.8514255271404267e-17
-3.198,1.5754541415744126e-16,-3.90202614071261e-17
-3.197,1.5948251597677916e-16,-3.9532853752576977e-17
-3.196,1.6144343422611706e-16,-4.0052117310616646e-17
-3.195,1.6342846174229948e-16,-4.0578138172544845e-17
-3.194,1.6543789496339152e-16,-4.111100353193401e-17
-3.193,1.6747203397297875e-16,-4.1650801698636444e-17
-3.192,1.6953118254501208e-16,-4.219762211296815e-17
-3.191,1.7161564818920456e-16,-4.2751555360071624e-17
-3.19,1.73725742196987e-16,-4.3312693184459735e-17
-3.189,1.7586177968802897e-16,-4.388112850474307e-17
-3.188,1.780240796573324e-16,-4.445695542854293e-17
-3.187,1.8021296502290476e-16,-4.5040269267592405e-17
-3.186,1.8242876267401908e-16,-4.563116655302779e-17
-3.185,1.846718035200676e-16,-4.6229745050872806e-17
-3.184,1.86942422540017e-16,-4.683610377771799e-17
-3.183,1.8924095883247207e-16,-4.745034301659766e-17
-3.182,1.9156775566635562e-16,-4.8072564333067074e-17
-3.181,1.9392316053221214e-16,-4.870287059148206e-17
-3.18,1.963075251941428e-16,-4.934136597148388e-17
-3.179,1.9872120574237977e-16,-4.998815598469174e-17
-3.178,2.011645626465075e-16,-5.06433474916056e-17
-3.177,2.0363796080933908e-16,-5.130704871872191e-17
-3.176,2.0614176962145566e-16,-5.197936927586493e-17
-3.175,2.0867636301641723e-16,-5.2660420173736335e-17
-3.174,2.1124211952665283e-16,-5.3350313841685845e-17
-3.173,2.1383942234003875e-16,-5.4049164145705573e-17
-3.172,2.1646865935717302e-16,-5.4757086406651e-17
-3.171,2.19130223249355e-16,-5.547419741869135e-17
-3.17,2.2182451151727835e-16,-5.620061546799215e-17
-3.169,2.245519265504467e-16,-5.693646035163309e-17
-3.168,2.2731287568732047e-16,-5.768185339676388e-17
-3.167,2.30107771276204e-16,-5.843691748000125e-17
-3.166,2.329370307368823e-16,-5.920177704707002e-17
-3.165,2.358010766230163e-16,-5.997655813269129e-17
-3.164,2.3870033668530617e-16,-6.076138838072096e-17
-3.163,2.4163524393543205e-16,-6.155639706454146e-17
-3.162,2.4460623671078217e-16,-6.236171510771013e-17
-3.161,2.47613758739977e-16,-6.31774751048672e-17
-3.16,2.506582592092009e-16,-6.400381134290684e-17
-3.159,2.537401928293495e-16,-6.484085982241442e-17
-3.158,2.568600199040039e-16,-6.568875827937329e-17
-3.157,2.6001820639824177e-16,-6.654764620714457e-17
-3.156,2.632152240082951e-16,-6.741766487872323e-17
-3.155,2.664515502320659e-16,-6.829895736927399e-17
-3.154,2.697276684405095e-16,-6.919166857895046e-17
-3.153,2.730440679498967e-16,-7.009594525600113e-17
-3.152,2.764012440949659e-16,-7.101193602016577e-17
-3.151,2.797996983029748e-16,-7.193979138636574e-17
-3.15,2.8323993816866464e-16,-7.287966378869215e-17
-3.149,2.8672247753014686e-16,-7.383170760469523e-17
-3.148,2.9024783654572367e-16,-7.4796079179979e-17
-3.147,2.93816541771655e-16,-7.577293685310482e-17
-3.146,2.9742912624088224e-16,-7.676244098080775e-17
-3.145,3.010861295427212e-16,-7.776475396352968e-17
-3.144,3.0478809790353654e-16,-7.878004027127304e-17
-3.143,3.085355842684087e-16,-7.98084664697792e-17
-3.142,3.123291483838071e-16,-8.085020124703556e-17
-3.141,3.1616935688128016e-16,-8.190541544011545e-17
-3.14,3.200567833621763e-16,-8.297428206235502e-17
-3.139,3.23992008483408e-16,-8.405697633087109e-17
-3.138,3.2797562004427123e-16,-8.515367569442465e-17
-3.137,3.32008213074334e-16,-8.626455986163379e-17
-3.136,3.3609038992240723e-16,-8.738981082954094e-17
-3.135,3.4022276034661057e-16,-8.852961291253836e-17
-3.134,3.444059416055473e-16,-8.96841527716566e-17
-3.133,3.4864055855060173e-16,-9.085361944422052e-17
-3.132,3.529272437193728e-16,-9.203820437387716e-17
-3.131,3.5726663743025853e-16,-9.323810144100037e-17
-3.13,3.6165938787820413e-16,-9.445350699347672e-17
-3.129,3.6610615123163e-16,-9.568461987787754e-17
-3.128,3.706075917305523e-16,-9.69316414710218e-17
-3.127,3.7516438178591203e-16,-9.819477571193478e-17
-3.126,3.797772020801272e-16,-9.947422913420737e-17
-3.125,3.844467416688825e-16,-1.0077021089876112e-16
-3.124,3.8917369808417304e-16,-1.0208293282702389e-16
-3.123,3.9395877743861624e-16,-1.034126094345214e-16
-3.122,3.988026945310483e-16,-1.0475945796488976e-16
-3.121,4.0370617295342103e-16,-1.0612369842431413e-16
-3.12,4.086699451990146e-16,-1.0750555361639909e-16
-3.119,4.136947527719831e-16,-1.0890524917747577e-16
-3.118,4.187813462982486e-16,-1.1032301361235129e-16
-3.117,4.239304856377609e-16,-1.1175907833050611e-16
-3.116,4.291429399981396e-16,-1.1321367768274475e-16
-3.115,4.3441948804971546e-16,-1.1468704899830547e-16
-3.114,4.3976091804198837e-16,-1.161794326224348e-16
-3.113,4.451680279215192e-16,-1.1769107195443247e-16
-3.112,4.506416254512737e-16,-1.192222134861727e-16
-3.111,4.561825283314354e-16,-1.2077310684110794e-16
-3.11,4.617915643217072e-16,-1.2234400481376052e-16
-3.109,4.67469571365118e-16,-1.2393516340970905e-16
-3.108,4.732173977133544e-16,-1.2554684188607503e-16
-3.107,4.790359020536357e-16,-1.2717930279251609e-16
-3.106,4.849259536371515e-16,-1.288328120127325e-16
-3.105,4.908884324090805e-16,-1.3050763880649273e-16
-3.104,4.969242291402109e-16,-1.32204055852185e-16
-3.103,5.030342455601817e-16,-1.3392233928990103e-16
-3.102,5.092193944923642e-16,-1.3566276876505885e-16
-3.101,5.154805999904055e-16,-1.374256274725711e-16
-3.1,5.218187974764529e-16,-1.3921120220156586e-16
-3.099,5.282349338810805e-16,-1.4101978338066658e-16
-3.098,5.347299677849397e-16,-1.4285166512383833e-16
-3.097,5.413048695621538e-16,-1.4470714527680726e-16
-3.096,5.479606215254783e-16,-1.4658652546406029e-16
-3.095,5.546982180732493e-16,-1.4849011113643233e-16
-3.094,5.615186658381417e-16,-1.5041821161928848e-16
-3.093,5.684229838377594e-16,-1.523711401613083e-16
-3.092,5.7541220362708e-16,-1.543492139838796e-16
-3.091,5.824873694527775e-16,-1.5635275433110981e-16
-3.09,5.896495384094452e-16,-1.583820865204618e-16
-3.089,5.968997805977424e-16,-1.6043753999402265e-16
-3.088,6.042391792844903e-16,-1.6251944837041278e-16
-3.087,6.116688310647379e-16,-1.6462814949734332e-16
-3.086,6.191898460258254e-16,-1.667639855048302e-16
-3.085,6.268033479134675e-16,-1.6892730285907258e-16
-3.084,6.345104742998828e-16,-1.7111845241700418e-16
-3.083,6.423123767539941e-16,-1.7333778948152576e-16
-3.082,6.502102210137242e-16,-1.755856738574271e-16
-3.081,6.582051871604151e-16,-1.778624699080073e-16
-3.08,6.66298469795395e-16,-1.8016854661240148e-16
-3.079,6.744912782187199e-16,-1.8250427762362353e-16
-3.078,6.827848366101173e-16,-1.8487004132733265e-16
-3.077,6.911803842121584e-16,-1.8726622090133376e-16
-3.076,6.996791755156867e-16,-1.8969320437582002e-16
-3.075,7.082824804475308e-16,-1.9215138469436703e-16
-3.074,7.169915845605294e-16,-1.9464115977568817e-16
-3.073,7.258077892258964e-16,-1.9716293257615996e-16
-3.072,7.347324118279566e-16,-1.9971711115312753e-16
-3.071,7.4376678596128e-16,-2.0230410872899956e-16
-3.07,7.529122616302432e-16,-2.049243437561424e-16
-3.069,7.621702054510514e-16,-2.0757823998258374e-16
-3.068,7.715420008562468e-16,-2.102662265185349e-16
-3.067,7.810290483017378e-16,-2.1298873790374305e-16
-3.066,7.906327654763778e-16,-2.1574621417568263e-16
-3.065,8.00354587514126e-16,-2.1853910093859685e-16
-3.064,8.101959672088216e-16,-2.2136784943339977e-16
-3.063,8.20158375231605e-16,-2.2423291660844934e-16
-3.062,8.3024330035101535e-16,-2.271347651912025e-16
-3.061,8.404522496558017e-16,-2.3007386376076293e-16
-3.06,8.507867487804776e-16,-2.3305068682133255e-16
-3.059,8.612483421336555e-16,-2.360657148765785e-16
-3.058,8.718385931291934e-16,-2.3911943450492587e-16
-3.057,8.825590844201897e-16,-2.422123384357883e-16
-3.056,8.934114181358603e-16,-2.453449256267482e-16
-3.055,9.043972161213354e-16,-2.48517701341698e-16
-3.054,9.15518120180408e-16,-2.517311772299537e-16
-3.053,9.26775792321277e-16,-2.5498587140635443e-16
-3.052,9.38171915005314e-16,-2.5828230853235826e-16
-3.051,9.497081913988976e-16,-2.616210198981479e-16
-3.05,9.6138634562835e-16,-2.650025435057581e-16
-3.049,9.732081230380138e-16,-2.684274241532376e-16
-3.048,9.851752904515099e-16,-2.7189621351985864e-16
-3.047,9.972896364362123e-16,-2.754094702523861e-16
-3.046,1.0095529715709844e-15,-2.7896776005242053e-16
-3.045,1.0219671287172118e-15,-2.8257165576482734e-16
-3.044,1.0345339632931753e-15,-2.8622173746726624e-16
-3.043,1.0472553535518048e-15,-2.8991859256083394e-16
-3.042,1.0601332008618561e-15,-2.9366281586183415e-16
-3.041,1.0731694299925507e-15,-2.9745500969468905e-16
-3.04,1.0863659894017248e-15,-3.012957839860055e-16
-3.039,1.0997248515275275e-15,-3.0518575635981117e-16
-3.038,1.113248013083714e-15,-3.091255522339745e-16
-3.037,1.126937495358577e-15,-3.131158049178228e-16
-3.036,1.1407953445175626e-15,-3.171571557109743e-16
-3.035,1.154823631909614e-15,-3.2125025400339775e-16
-3.034,1.1690244543772906e-15,-3.2539575737671593e-16
-3.033,1.1833999345707097e-15,-3.2959433170676763e-16
-3.032,1.1979522212653543e-15,-3.3384665126744384e-16
-3.031,1.2126834896838005e-15,-3.3815339883581393e-16
-3.03,1.227595941821406e-15,-3.4251526579855764e-16
-3.029,1.2426918067760167e-15,-3.469329522597189e-16
-3.028,1.2579733410817306e-15,-3.5140716714979806e-16
-3.027,1.2734428290467808e-15,-3.559386283361984e-16
-3.026,1.2891025830955773e-15,-3.6052806273504423e-16
-3.025,1.304954944114968e-15,-3.6517620642438746e-16
-3.024,1.3210022818047646e-15,-3.698838047588189e-16
-3.023,1.3372469950325892e-15,-3.7465161248550294e-16
-3.022,1.3536915121930937e-15,-3.794803938616515e-16
-3.021,1.3703382915716068e-15,-3.843709227734568e-16
-3.02,1.3871898217122624e-15,-3.893239828564992e-16
-3.019,1.404248621790665e-15,-3.943403676176494e-16
-3.018,1.4215172419911486e-15,-3.994208805584829e-16
-3.017,1.4389982638886832e-15,-4.045663353002253e-16
-3.016,1.4566943008354919e-15,-4.0977755571024773e-16
-3.015,1.474607998352429e-15,-4.1505537603013093e-16
-3.014,1.492742034525185e-15,-4.204006410053173e-16
-3.013,1.5110991204053725e-15,-4.25814206016371e-16
-3.012,1.5296820004165587e-15,-4.3129693721186543e-16
-3.011,1.5484934527652983e-15,-4.368497116429179e-16
-3.01,1.5675362898572366e-15,-4.4247341739939247e-16
-3.009,1.5868133587183389e-15,-4.481689537477907e-16
-3.008,1.6063275414213124e-15,-4.539372312708513e-16
-3.007,1.6260817555172857e-15,-4.597791720088803e-16
-3.006,1.6460789544728065e-15,-4.656957096028317e-16
-3.005,1.6663221281122283e-15,-4.716877894391614e-16
-3.004,1.6868143030655487e-15,-4.777563687964756e-16
-3.003,1.7075585432217684e-15,-4.839024169939955e-16
-3.002,1.7285579501878396e-15,-4.901269155418615e-16
-3.001,1.749815663753269e-15,-4.964308582932978e-16
-3.0,1.7713348623604513e-15,-5.028152515986625e-16
-2.999,1.7931187635807983e-15,-5.09281114461405e-16
-2.998,1.8151706245967376e-15,-5.158294786959527e-16
-2.997,1.837493742689654e-15,-5.22461389087555e-16
-2.996,1.8600914557338445e-15,-5.291779035541037e-16
-2.995,1.882967142696564e-15,-5.35980093309957e-16
-2.994,1.906124224144235e-15,-5.428690430317909e-16
-2.993,1.929566162754897e-15,-5.498458510265037e-16
-2.992,1.9532964638369735e-15,-5.569116294011962e-16
-2.991,1.9773186758544356e-15,-5.640675042352568e-16
-2.99,2.0016363909584386e-15,-5.713146157545742e-16
-2.989,2.0262532455255134e-15,-5.786541185079053e-16
-2.988,2.051172920702393e-15,-5.860871815454246e-16
-2.987,2.0763991429575564e-15,-5.936149885994818e-16
-2.986,2.101935684639569e-15,-6.012387382675936e-16
-2.985,2.1277863645423136e-15,-6.089596441976993e-16
-2.984,2.1539550484771822e-15,-6.167789352757056e-16
-2.983,2.180445649852329e-15,-6.24697855815351e-16
-2.982,2.2072621302590603e-15,-6.32717665750415e-16
-2.981,2.2344085000654575e-15,-6.408396408293051e-16
-2.98,2.2618888190173183e-15,-6.490650728120465e-16
-2.979,2.289707196846506e-15,-6.57395269669707e-16
-2.978,2.3178677938868004e-15,-6.658315557862856e-16
-2.977,2.3463748216973437e-15,-6.743752721630944e-16
-2.976,2.375232543693772e-15,-6.830277766256663e-16
-2.975,2.4044452757871265e-15,-6.917904440332172e-16
-2.974,2.434017387030649e-15,-7.006646664906957e-16
-2.973,2.4639533002745464e-15,-7.096518535634507e-16
-2.972,2.4942574928288316e-15,-7.1875343249455e-16
-2.971,2.5249344971343375e-15,-7.279708484247813e-16
-2.97,2.5559889014420055e-15,-7.373055646153698e-16
-2.969,2.5874253505005504e-15,-7.467590626734441e-16
-2.968,2.6192485462526026e-15,-7.56332842780285e-16
-2.967,2.651463248539439e-15,-7.660284239223911e-16
-2.966,2.684074275814401e-15,-7.758473441253951e-16
-2.965,2.7170865058651094e-15,-7.857911606908671e-16
-2.964,2.7505048765445896e-15,-7.9586145043603785e-16
-2.963,2.7843343865114082e-15,-8.060598099364804e-16
-2.962,2.818580095978941e-15,-8.163878557717836e-16
-2.961,2.853247127473876e-15,-8.268472247742564e-16
-2.96,2.8883406666040782e-15,-8.374395742806989e-16
-2.959,2.9238659628359146e-15,-8.481665823872766e-16
-2.958,2.959828330281174e-15,-8.590299482075381e-16
-2.957,2.9962331484936855e-15,-8.70031392133613e-16
-2.956,3.0330858632757667e-15,-8.811726561006287e-16
-2.955,3.070391987494613e-15,-8.92455503854387e-16
-2.954,3.108157101908759e-15,-9.038817212223387e-16
-2.953,3.1463868560047307e-15,-9.154531163878964e-16
-2.952,3.1850869688440182e-15,-9.271715201681289e-16
-2.951,3.224263229920493e-15,-9.39038786294874e-16
-2.95,3.2639215000284023e-15,-9.510567916993165e-16
-2.949,3.3040677121410656e-15,-9.63227436800069e-16
-2.948,3.3447078723004137e-15,-9.75552645794801e-16
-2.947,3.3858480605174955e-15,-9.880343669554606e-16
-2.946,3.4274944316840946e-15,-1.0006745729271288e-15
-2.945,3.469653216495586e-15,-1.0134752610305542e-15
-2.944,3.5123307223851836e-15,-1.0264384535684108e-15
-2.943,3.555533334469701e-15,-1.0395661981353266e-15
-2.942,3.5992675165069865e-15,-1.0528605679317272e-15
-2.941,3.643539811865165e-15,-1.0663236620815407e-15
-2.94,3.688356844503835e-15,-1.0799576059538115e-15
-2.939,3.73372531996737e-15,-1.0937645514882725e-15
-2.938,3.779652026390469e-15,-1.107746677524921e-15
-2.937,3.826143835516121e-15,-1.1219061901376476e-15
-2.936,3.8732077037261136e-15,-1.1362453229719703e-15
-2.935,3.9208506730842604e-15,-1.1507663375869197e-15
-2.934,3.969079872392502e-15,-1.16547152380113e-15
-2.933,4.0179025182600265e-15,-1.1803632000431822e-15
-2.932,4.0673259161855835e-15,-1.1954437137062577e-15
-2.931,4.117357461653152e-15,-1.210715441507148e-15
-2.93,4.168004641241117e-15,-1.2261807898496784e-15
-2.929,4.219275033745143e-15,-1.2418421951925967e-15
-2.928,4.271176311314883e-15,-1.2577021244219838e-15
-2.927,4.323716240604728e-15,-1.2737630752282382e-15
-2.926,4.376902683938743e-15,-1.290027576487693e-15
-2.925,4.430743600489978e-15,-1.306498188648919e-15
-2.924,4.485247047474328e-15,-1.3231775041237735e-15
-2.923,4.540421181359124e-15,-1.340068147683251e-15
-2.922,4.596274259086634e-15,-1.3571727768581944e-15
-2.921,4.65281463931266e-15,-1.374494082344926e-15
-2.92,4.710050783660414e-15,-1.3920347884158582e-15
-2.919,4.767991257989871e-15,-1.4097976533351451e-15
-2.918,4.826644733682778e-15,-1.4277854697794344e-15
-2.917,4.886019988943517e-15,-1.446001065263783e-15
-2.916,4.946125910116027e-15,-1.4644473025728003e-15
-2.915,5.006971493016964e-15,-1.4831270801970786e-15
-2.914,5.06856584428532e-15,-1.5020433327749808e-15
-2.913,5.130918182748692e-15,-1.5211990315398444e-15
-2.912,5.194037840806405e-15,-1.540597184772672e-15
-2.911,5.257934265829712e-15,-1.5602408382603727e-15
-2.91,5.32261702157926e-15,-1.580133075759623e-15
-2.909,5.388095789640058e-15,-1.6002770194664153e-15
-2.908,5.4543803708741415e-15,-1.6206758304913608e-15
-2.907,5.5214806868911755e-15,-1.641332709340821e-15
-2.906,5.589406781537191e-15,-1.662250896403935e-15
-2.905,5.658168822401703e-15,-1.6834336724456143e-15
-2.904,5.727777102343425e-15,-1.7048843591055812e-15
-2.903,5.798242041034807e-15,-1.7266063194035187e-15
-2.902,5.869574186525641e-15,-1.7486029582504102e-15
-2.901,5.941784216825956e-15,-1.7708777229661424e-15
-2.9,6.0148829415084534e-15,-1.7934341038034476e-15
-2.899,6.088881303330716e-15,-1.8162756344782636e-15
-2.898,6.1637903798774345e-15,-1.8394058927065837e-15
-2.897,6.2396213852229076e-15,-1.8628285007478865e-15
-2.896,6.316385671614053e-15,-1.886547125955211e-15
-2.895,6.3940947311741955e-15,-1.91056548133197e-15
-2.894,6.47276019762788e-15,-1.9348873260955758e-15
-2.893,6.552393848046976e-15,-1.9595164662479643e-15
-2.892,6.633007604618326e-15,-1.9844567551531e-15
-2.891,6.7146135364332165e-15,-2.0097120941215463e-15
-2.89,6.797223861298937e-15,-2.0352864330021863e-15
-2.889,6.880850947572693e-15,-2.0611837707811847e-15
-2.888,6.965507316018159e-15,-2.0874081561882687e-15
-2.887,7.051205641684945e-15,-2.1139636883104302e-15
-2.886,7.137958755811262e-15,-2.140854517213126e-15
-2.885,7.225779647750075e-15,-2.168084844569078e-15
-2.884,7.314681466919025e-15,-2.1956589242947537e-15
-2.883,7.404677524774433e-15,-2.2235810631946334e-15
-2.882,7.49578129680965e-15,-2.2518556216133447e-15
-2.881,7.588006424578097e-15,-2.280487014095771e-15
-2.88,7.681366717741267e-15,-2.309479710055223e-15
-2.879,7.775876156142e-15,-2.3388382344497714e-15
-2.878,7.871548891903372e-15,-2.3685671684668467e-15
-2.877,7.968399251553473e-15,-2.398671150216196e-15
-2.876,8.066441738176424e-15,-2.429154875431303e-15
-2.875,8.165691033589954e-15,-2.460023098179374e-15
-2.874,8.266162000549851e-15,-2.4912806315799937e-15
-2.873,8.367869684981625e-15,-2.5229323485325504e-15
-2.872,8.470829318239732e-15,-2.5549831824525447e-15
-2.871,8.575056319394682e-15,-2.587438128016882e-15
-2.87,8.680566297548382e-15,-2.6203022419182596e-15
-2.869,8.787375054178073e-15,-2.653580643628763e-15
-2.868,8.895498585509193e-15,-2.6872785161727707e-15
-2.867,9.004953084917539e-15,-2.721401106909298e-15
-2.866,9.115754945361102e-15,-2.755953728323871e-15
-2.865,9.227920761841904e-15,-2.7909417588300684e-15
-2.864,9.341467333898239e-15,-2.8263706435808322e-15
-2.863,9.456411668127693e-15,-2.8622458952896727e-15
-2.862,9.57277098074131e-15,-2.8985730950618813e-15
-2.861,9.69056270014929e-15,-2.935357893235881e-15
-2.86,9.809804469578616e-15,-2.9726060102348265e-15
-2.859,9.930514149723013e-15,-3.0103232374285854e-15
-2.858,1.0052709821425609e-14,-3.04851543800622e-15
-2.857,1.0176409788394733e-14,-3.0871885478591023e-15
-2.856,1.0301632579953245e-14,-3.1263485764747832e-15
-2.855,1.0428396953821817e-14,-3.1660016078417534e-15
-2.854,1.0556721898936579e-14,-3.2061538013652184e-15
-2.853,1.0686626638301557e-14,-3.246811392794029e-15
-2.852,1.0818130631876339e-14,-3.2879806951588984e-15
-2.851,1.0951253579499405e-14,-3.3296680997220345e-15
-2.85,1.1086015423847539e-14,-3.371880076938342e-15
-2.849,1.1222436353431812e-14,-3.4146231774283135e-15
-2.848,1.1360536805630534e-14,-3.457904032962767e-15
-2.847,1.1500337469759695e-14,-3.5017293574595605e-15
-2.846,1.1641859290181291e-14,-3.546105947992439e-15
-2.845,1.1785123469450058e-14,-3.591040685812145e-15
-2.844,1.1930151471499071e-14,-3.636540537379958e-15
-2.843,1.207696502486466e-14,-3.6826125554137974e-15
-2.842,1.2225586125951187e-14,-3.729263879947047e-15
-2.841,1.2376037042336114e-14,-3.7765017394002585e-15
-2.84,1.252834031611592e-14,-3.8243334516658704e-15
-2.839,1.2682518767293319e-14,-3.872766425206129e-15
-2.838,1.2838595497206318e-14,-3.921808160164339e-15
-2.837,1.2996593891999637e-14,-3.971466249489624e-15
-2.836,1.3156537626139003e-14,-4.021748380075353e-15
-2.835,1.3318450665968836e-14,-4.072662333911398e-15
-2.834,1.3482357273313894e-14,-4.124215989250384e-15
-2.833,1.3648282009125405e-14,-4.176417321788109e-15
-2.832,1.3816249737172219e-14,-4.229274405858296e-15
-2.831,1.3986285627777571e-14,-4.282795415641852e-15
-2.83,1.4158415161601993e-14,-4.33698862639081e-15
-2.829,1.4332664133472953e-14,-4.391862415667126e-15
-2.828,1.4509058656261808e-14,-4.447425264596513e-15
-2.827,1.4687625164808634e-14,-4.5036857591374946e-15
-2.826,1.486839041989555e-14,-4.560652591365849e-15
-2.825,1.505138151226913e-14,-4.6183345607746435e-15
-2.824,1.523662586671248e-14,-4.676740575590042e-15
-2.823,1.5424151246167648e-14,-4.735879654103062e-15
-2.822,1.5613985755908953e-14,-4.795760926017493e-15
-2.821,1.5806157847767842e-14,-4.856393633814152e-15
-2.82,1.600069632440999e-14,-4.917787134131685e-15
-2.819,1.6197630343665196e-14,-4.979950899164107e-15
-2.818,1.6396989422910787e-14,-5.042894518075274e-15
-2.817,1.6598803443509198e-14,-5.106627698430512e-15
-2.816,1.6803102655300334e-14,-5.171160267645575e-15
-2.815,1.7009917681149462e-14,-5.23650217445318e-15
-2.814,1.72192795215513e-14,-5.302663490387288e-15
-2.813,1.7431219559290952e-14,-5.369654411285379e-15
-2.812,1.7645769564162476e-14,-5.437485258808908e-15
-2.811,1.786296169774572e-14,-5.506166481982187e-15
-2.81,1.808282851824218e-14,-5.575708658749885e-15
-2.809,1.830540298537064e-14,-5.646122497553392e-15
-2.808,1.853071846532326e-14,-5.717418838926261e-15
-2.807,1.875880873578292e-14,-5.789608657108959e-15
-2.806,1.8989707991002576e-14,-5.862703061683157e-15
-2.805,1.922345084694736e-14,-5.936713299225796e-15
-2.804,1.9460072346500204e-14,-6.011650754983158e-15
-2.803,1.9699607964731836e-14,-6.087526954565194e-15
-2.802,1.994209361423585e-14,-6.164353565660336e-15
-2.801,2.0187565650529725e-14,-6.242142399771046e-15
-2.8,2.0436060877522584e-14,-6.3209054139703555e-15
-2.799,2.068761655305052e-14,-6.400654712679629e-15
-2.798,2.0942270394480314e-14,-6.481402549467825e-15
-2.797,2.120006058438243e-14,-6.563161328872499e-15
-2.796,2.1461025776274083e-14,-6.645943608242806e-15
-2.795,2.1725205100433313e-14,-6.729762099604777e-15
-2.794,2.1992638169784877e-14,-6.8146296715491265e-15
-2.793,2.2263365085858925e-14,-6.900559351141858e-15
-2.792,2.2537426444823273e-14,-6.9875643258579504e-15
-2.791,2.281486334359026e-14,-7.0756579455383856e-15
-2.79,2.3095717385999052e-14,-7.164853724370811e-15
-2.789,2.3380030689074404e-14,-7.255165342894111e-15
-2.788,2.3667845889362704e-14,-7.346606650027159e-15
-2.787,2.3959206149346396e-14,-7.439191665122083e-15
-2.786,2.425415516393763e-14,-7.532934580042268e-15
-2.785,2.455273716705223e-14,-7.627849761265463e-15
-2.784,2.4854996938264846e-14,-7.723951752012232e-15
-2.783,2.5160979809546432e-14,-7.82125527440009e-15
-2.782,2.5470731672084963e-14,-7.919775231623617e-15
-2.781,2.5784298983190467e-14,-8.01952671016084e-15
-2.78,2.6101728773285423e-14,-8.12052498200624e-15
-2.779,2.6423068652981548e-14,-8.22278550693066e-15
-2.778,2.6748366820244077e-14,-8.326323934768445e-15
-2.777,2.7077672067644585e-14,-8.431156107732162e-15
-2.776,2.7411033789703488e-14,-8.537298062755185e-15
-2.775,2.7748501990323286e-14,-8.644766033862512e-15
-2.774,2.8090127290313712e-14,-8.75357645457015e-15
-2.773,2.84359609350099e-14,-8.863745960313361e-15
-2.772,2.878605480198473e-14,-8.975291390904194e-15
-2.771,2.914046140885652e-14,-9.088229793018555e-15
-2.77,2.949923392119322e-14,-9.202578422713255e-15
-2.769,2.9862426160514366e-14,-9.318354747973329e-15
-2.768,3.0230092612391935e-14,-9.43557645129002e-15
-2.767,3.060228843465133e-14,-9.554261432269768e-15
-2.766,3.0979069465673795e-14,-9.67442781027461e-15
-2.765,3.136049223280146e-14,-9.796093927094312e-15
-2.764,3.1746613960846304e-14,-9.919278349650654e-15
-2.763,3.213749258070432e-14,-1.004399987273423e-14
-2.762,3.253318673807619e-14,-1.017027752177415e-14
-2.761,3.293375580229575e-14,-1.029813055564103e-14
-2.76,3.333925987526769e-14,-1.0427578469483692e-14
-2.759,3.3749759800515676e-14,-1.0558640997599927e-14
-2.758,3.416531717234242e-14,-1.0691338116341767e-14
-2.757,3.4585994345102964e-14,-1.0825690047055655e-14
-2.756,3.5011854442592646e-14,-1.0961717259057934e-14
-2.755,3.5442961367551174e-14,-1.1099440472646066e-14
-2.754,3.587937981128418e-14,-1.1238880662146005e-14
-2.753,3.632117526340377e-14,-1.1380059058996173e-14
-2.752,3.676841402168953e-14,-1.1522997154868437e-14
-2.751,3.722116320207147e-14,-1.1667716704826556e-14
-2.75,3.7679490748736404e-14,-1.1814239730522523e-14
-2.749,3.8143465444359337e-14,-1.1962588523431264e-14
-2.748,3.861315692046132e-14,-1.2112785648124132e-14
-2.747,3.90886356678955e-14,-1.2264853945581681e-14
-2.746,3.956997304746272e-14,-1.2418816536546147e-14
-2.745,4.0057241300658525e-14,-1.2574696824914145e-14
-2.744,4.0550513560552995e-14,-1.273251850117003e-14
-2.743,4.104986386280515e-14,-1.2892305545860417e-14
-2.742,4.155536715681362e-14,-1.305408223311034e-14
-2.741,4.206709931700518e-14,-1.3217873134181544e-14
-2.74,4.2585137154262876e-14,-1.3383703121073412e-14
-2.739,4.3109558427495604e-14,-1.3551597370167023e-14
-2.738,4.3640441855350646e-14,-1.3721581365912856e-14
-2.737,4.4177867128071164e-14,-1.3893680904562659e-14
-2.736,4.4721914919500336e-14,-1.4067922097945985e-14
-2.735,4.5272666899233974e-14,-1.4244331377291958e-14
-2.734,4.5830205744923404e-14,-1.4422935497096763e-14
-2.733,4.639461515473062e-14,-1.460376153903744e-14
-2.732,4.696597985993741e-14,-1.4786836915932467e-14
-2.731,4.7544385637710515e-14,-1.497218937574978e-14
-2.73,4.8129919324024643e-14,-1.5159847005662687e-14
-2.729,4.872266882674536e-14,-1.5349838236154306e-14
-2.728,4.9322723138873864e-14,-1.554219184517108e-14
-2.727,4.9930172351955476e-14,-1.5736936962325947e-14
-2.726,5.0545107669654165e-14,-1.5934103073151742e-14
-2.725,5.116762142149486e-14,-1.6133720023405442e-14
-2.724,5.179780707677583e-14,-1.633581802342385e-14
-2.723,5.243575925865319e-14,-1.6540427652531286e-14
-2.722,5.308157375839961e-14,-1.674757986349996e-14
-2.721,5.373534754983942e-14,-1.6957305987063606e-14
-2.72,5.4397178803962363e-14,-1.7169637736484993e-14
-2.719,5.506716690371806e-14,-1.7384607212178e-14
-2.718,5.5745412458993595e-14,-1.7602246906384827e-14
-2.717,5.6432017321776334e-14,-1.782258970790907e-14
-2.716,5.712708460150438e-14,-1.8045668906905228e-14
-2.715,5.783071868060698e-14,-1.8271518199725387e-14
-2.714,5.854302523023712e-14,-1.85001716938237e-14
-2.713,5.926411122619887e-14,-1.8731663912719366e-14
-2.712,5.999408496507177e-14,-1.8966029801018787e-14
-2.711,6.073305608053469e-14,-1.92033047294976e-14
-2.71,6.148113555989169e-14,-1.9443524500243288e-14
-2.709,6.223843576080247e-14,-1.9686725351859087e-14
-2.708,6.300507042821959e-14,-1.9932943964729887e-14
-2.707,6.378115471153561e-14,-2.0182217466350892e-14
-2.706,6.456680518194208e-14,-2.0434583436719733e-14
-2.705,6.536213985000356e-14,-2.0690079913792807e-14
-2.704,6.616727818344899e-14,-2.094874539900659e-14
-2.703,6.698234112518336e-14,-2.1210618862864686e-14
-2.702,6.780745111152209e-14,-2.147573975059136e-14
-2.701,6.864273209065119e-14,-2.1744147987852383e-14
-2.7,6.948830954131585e-14,-2.2015883986543926e-14
-2.699,7.03443104917403e-14,-2.2290988650650333e-14
-2.698,7.121086353878176e-14,-2.2569503382171563e-14
-2.697,7.208809886732157e-14,-2.2851470087121147e-14
-2.696,7.29761482698962e-14,-2.3136931181595408e-14
-2.695,7.387514516657117e-14,-2.3425929597914913e-14
-2.694,7.478522462506115e-14,-2.3718508790838834e-14
-2.693,7.57065233810988e-14,-2.4014712743853236e-14
-2.692,7.663917985905599e-14,-2.431458597553402e-14
-2.691,7.758333419281997e-14,-2.4618173545985486e-14
-2.69,7.853912824692816e-14,-2.4925521063355375e-14
-2.689,7.950670563796446e-14,-2.5236674690427237e-14
-2.688,8.048621175622028e-14,-2.5551681151291104e-14
-2.687,8.147779378762387e-14,-2.5870587738093335e-14
-2.686,8.248160073594096e-14,-2.6193442317866572e-14
-2.685,8.349778344525025e-14,-2.652029333944073e-14
-2.684,8.45264946226971e-14,-2.6851189840435998e-14
-2.683,8.55678888615289e-14,-2.7186181454338767e-14
-2.682,8.66221226644155e-14,-2.752531841766148e-14
-2.681,8.768935446705847e-14,-2.7868651577187378e-14
-2.68,8.876974466209249e-14,-2.8216232397301148e-14
-2.679,8.986345562328263e-14,-2.8568112967406404e-14
-2.678,9.097065173002132e-14,-2.8924346009431146e-14
-2.677,9.209149939212836e-14,-2.928498488542207e-14
-2.676,9.322616707495817e-14,-2.965008360522886e-14
-2.675,9.437482532481768e-14,-3.001969683427953e-14
-2.674,9.553764679469908e-14,-3.039387990144777e-14
-2.673,9.671480627033095e-14,-3.077268880701347e-14
-2.672,9.790648069655209e-14,-3.115618023071746e-14
-2.671,9.91128492040118e-14,-3.1544411539911554e-14
-2.67,1.0033409313620075e-13,-3.1937440797805055e-14
-2.669,1.015703960768165e-13,-3.2335326771808806e-14
-2.668,1.028219438774679e-13,-3.2738128941977877e-14
-2.667,1.0408892468572238e-13,-3.314590750955416e-14
-2.666,1.0537152897350075e-13,-3.3558723405609906e-14
-2.665,1.066699495658233e-13,-3.397663829979344e-14
-2.664,1.0798438166991208e-13,-3.439971460917826e-14
-2.663,1.0931502290465331e-13,-3.482801550721663e-14
-2.662,1.1066207333042488e-13,-3.5261604932799004e-14
-2.661,1.1202573547929289e-13,-3.570054759942041e-14
-2.66,1.1340621438558233e-13,-3.614490900445509e-14
-2.659,1.1480371761682625e-13,-3.6594755438540614e-14
-2.658,1.1621845530509812e-13,-3.7050153995072763e-14
-2.657,1.176506401787323e-13,-3.751117257981251e-14
-2.656,1.1910048759443727e-13,-3.797787992060627e-14
-2.655,1.205682155698065e-13,-3.8450345577220856e-14
-2.654,1.2205404481623198e-13,-3.892863995129441e-14
-2.653,1.2355819877222545e-13,-3.9412834296404716e-14
-2.652,1.25080903637152e-13,-3.990300072825612e-14
-2.651,1.266223884053819e-13,-4.039921223498658e-14
-2.65,1.281828849008649e-13,-4.090154268759617e-14
-2.649,1.2976262781213307e-13,-4.141006685049842e-14
-2.648,1.313618547277371e-13,-4.1924860392195946e-14
-2.647,1.3298080617212132e-13,-4.244599989608183e-14
-2.646,1.3461972564194325e-13,-4.2973562871368134e-14
-2.645,1.362788596428429e-13,-4.3507627764143085e-14
-2.644,1.3795845772666743e-13,-4.404827396855839e-14
-2.643,1.3965877252915712e-13,-4.459558183814817e-14
-2.642,1.4138005980809772e-13,-4.514963269728109e-14
-2.641,1.4312257848194583e-13,-4.571050885274711e-14
-2.64,1.4488659066893239e-13,-4.627829360548056e-14
-2.639,1.4667236172665067e-13,-4.685307126242102e-14
-2.638,1.4848016029213457e-13,-4.7434927148513525e-14
-2.637,1.5031025832243356e-13,-4.802394761884994e-14
-2.636,1.5216293113568995e-13,-4.862022007095285e-14
-2.635,1.5403845745272522e-13,-4.92238329572038e-14
-2.634,1.5593711943914153e-13,-4.983487579741746e-14
-2.633,1.578592027479446e-13,-5.045343919156346e-14
-2.632,1.5980499656269476e-13,-5.1079614832637525e-14
-2.631,1.6177479364119255e-13,-5.1713495519683664e-14
-2.63,1.637688903597055e-13,-5.2355175170969175e-14
-2.629,1.6578758675774282e-13,-5.300474883731418e-14
-2.628,1.6783118658338476e-13,-5.366231271557749e-14
-2.627,1.6989999733917372e-13,-5.432796416230062e-14
-2.626,1.7199433032857372e-13,-5.5001801707511704e-14
-2.625,1.7411450070300558e-13,-5.568392506869124e-14
-2.624,1.762608275094649e-13,-5.637443516490143e-14
-2.623,1.7843363373872992e-13,-5.707343413108111e-14
-2.622,1.8063324637416672e-13,-5.7781025332508e-14
-2.621,1.8285999644113914e-13,-5.849731337943041e-14
-2.62,1.8511421905703094e-13,-5.922240414187015e-14
-2.619,1.8739625348188774e-13,-5.995640476459878e-14
-2.618,1.8970644316968643e-13,-6.069942368228897e-14
-2.617,1.9204513582023982e-13,-6.145157063484321e-14
-2.616,1.9441268343174471e-13,-6.221295668290185e-14
-2.615,1.9680944235398068e-13,-6.29836942235323e-14
-2.614,1.992357733421685e-13,-6.376389700610185e-14
-2.613,2.0169204161149577e-13,-6.455368014833583e-14
-2.612,2.0417861689231815e-13,-6.535316015256356e-14
-2.611,2.0669587348604487e-13,-6.616245492215392e-14
-2.61,2.092441903217166e-13,-6.698168377814305e-14
-2.609,2.1182395101328462e-13,-6.78109674760561e-14
-2.608,2.1443554391759967e-13,-6.865042822292538e-14
-2.607,2.1707936219311968e-13,-6.950018969450711e-14
-2.606,2.1975580385934485e-13,-7.03603770526991e-14
-2.605,2.2246527185698944e-13,-7.123111696316163e-14
-2.604,2.2520817410889933e-13,-7.211253761314366e-14
-2.603,2.2798492358172444e-13,-7.300476872951721e-14
-2.602,2.307959383483557e-13,-7.390794159702163e-14
-2.601,2.3364164165113587e-13,-7.482218907672072e-14
-2.6,2.3652246196585346e-13,-7.574764562467477e-14
-2.599,2.394388330665302e-13,-7.668444731083021e-14
-2.598,2.4239119409101164e-13,-7.763273183812912e-14
-2.597,2.4537998960737014e-13,-7.859263856184127e-14
-2.596,2.484056696811316e-13,-7.956430850912121e-14
-2.595,2.5146868994333506e-13,-8.054788439879295e-14
-2.594,2.545695116594361e-13,-8.154351066136471e-14
-2.593,2.577086017990642e-13,-8.255133345927657e-14
-2.592,2.6088643310664513e-13,-8.357150070738351e-14
-2.591,2.6410348417289833e-13,-8.460416209367656e-14
-2.59,2.673602395072209e-13,-8.564946910024483e-14
-2.589,2.706571896109689e-13,-8.670757502448098e-14
-2.588,2.739948310516468e-13,-8.777863500053321e-14
-2.587,2.773736665380169e-13,-8.886280602100612e-14
-2.586,2.8079420499613996e-13,-8.996024695891377e-14
-2.585,2.8425696164635825e-13,-9.10711185898874e-14
-2.584,2.877624580812331e-13,-9.219558361464087e-14
-2.583,2.913112223444487e-13,-9.333380668169683e-14
-2.582,2.9490378901069423e-13,-9.448595441037628e-14
-2.581,2.985406992665362e-13,-9.565219541405489e-14
-2.58,3.022225009922936e-13,-9.683270032368881e-14
-2.579,3.0594974884492783e-13,-9.802764181161311e-14
-2.578,3.09723004341961e-13,-9.923719461561596e-14
-2.577,3.13542835946434e-13,-1.0046153556329169e-13
-2.576,3.174098191529184e-13,-1.0170084359667585e-13
-2.575,3.213245365745947e-13,-1.0295529979716537e-13
-2.574,3.2528757803141023e-13,-1.0422508741072725e-13
-2.573,3.292995406393302e-13,-1.0551039187339887e-13
-2.572,3.3336102890069563e-13,-1.0681140083708322e-13
-2.571,3.3747265479570116e-13,-1.0812830419564257e-13
-2.57,3.416350378750079e-13,-1.0946129411129363e-13
-2.569,3.4584880535350424e-13,-1.1081056504130793e-13
-2.568,3.5011459220522934e-13,-1.1217631376502055e-13
-2.567,3.54433041259474e-13,-1.135587394111511e-13
-2.566,3.58804803298073e-13,-1.1495804348543984e-13
-2.565,3.6323053715390414e-13,-1.1637442989860324e-13
-2.564,3.6771090981060856e-13,-1.178081049946119e-13
-2.563,3.722465965035482e-13,-1.192592775792949e-13
-2.562,3.768382808220145e-13,-1.2072815894927414e-13
-2.561,3.814866548127057e-13,-1.222149629212322e-13
-2.56,3.861924190844863e-13,-1.237199058615177e-13
-2.559,3.909562829144469e-13,-1.252432067160921e-13
-2.558,3.9577896435527863e-13,-1.2678508704082106e-13
-2.557,4.0066119034397954e-13,-1.2834577103211513e-13
-2.556,4.0560369681190943e-13,-1.2992548555792323e-13
-2.555,4.1060722879620933e-13,-1.3152446018908272e-13
-2.554,4.156725405526033e-13,-1.3314292723103054e-13
-2.553,4.2080039566959904e-13,-1.3478112175587895e-13
-2.552,4.2599156718410513e-13,-1.364392816348605e-13
-2.551,4.312468376984823e-13,-1.381176475711458e-13
-2.55,4.365669994990467e-13,-1.398164631330387e-13
-2.549,4.4195285467604284e-13,-1.415359747875529e-13
-2.548,4.4740521524510516e-13,-1.4327643193437443e-13
-2.547,4.529249032702256e-13,-1.4503808694021384e-13
-2.546,4.585127509882471e-13,-1.4682119517355338e-13
-2.545,4.641696009349013e-13,-1.4862601503979243e-13
-2.544,4.698963060724095e-13,-1.5045280801679666e-13
-2.543,4.756937299186667e-13,-1.5230183869085475e-13
-2.542,4.815627466780283e-13,-1.5417337479304752e-13
-2.541,4.875042413737191e-13,-1.5606768723603408e-13
-2.54,4.935191099818853e-13,-1.5798505015125938e-13
-2.539,4.996082595673087e-13,-1.5992574092658839e-13
-2.538,5.057726084208056e-13,-1.6189004024437098e-13
-2.537,5.120130861983301e-13,-1.6387823211994293e-13
-2.536,5.183306340618019e-13,-1.658906039405674e-13
-2.535,5.247262048216839e-13,-1.6792744650482238e-13
-2.534,5.312007630813258e-13,-1.6998905406243822e-13
-2.533,5.377552853831009e-13,-1.720757243545912e-13
-2.532,5.443907603563544e-13,-1.7418775865465752e-13
-2.531,5.51108188867189e-13,-1.7632546180943295e-13
-2.53,5.579085841701075e-13,-1.7848914228082377e-13
-2.529,5.647929720615374e-13,-1.8067911218801358e-13
-2.528,5.717623910352608e-13,-1.8289568735011155e-13
-2.527,5.788178924397732e-13,-1.8513918732928774e-13
-2.526,5.859605406375935e-13,-1.8740993547440025e-13
-2.525,5.931914131665519e-13,-1.8970825896512036e-13
-2.524,6.005116009030793e-13,-1.9203448885656048e-13
-2.523,6.079222082275224e-13,-1.9438896012441117e-13
-2.522,6.154243531915101e-13,-1.9677201171059215e-13
-2.521,6.230191676873976e-13,-1.9918398656942375e-13
-2.52,6.307077976198122e-13,-2.0162523171432378e-13
-2.519,6.384914030793293e-13,-2.040960982650362e-13
-2.518,6.463711585183017e-13,-2.0659694149539742e-13
-2.517,6.543482529288731e-13,-2.0912812088164546e-13
-2.516,6.624238900231993e-13,-2.1169000015127924e-13
-2.515,6.705992884159066e-13,-2.142829473324728e-13
-2.514,6.788756818088146e-13,-2.1690733480405123e-13
-2.513,6.872543191779516e-13,-2.1956353934603458e-13
-2.512,6.957364649628904e-13,-2.2225194219075556e-13
-2.511,7.043233992584354e-13,-2.2497292907455768e-13
-2.51,7.130164180086873e-13,-2.277268902900801e-13
-2.509,7.218168332035173e-13,-2.3051422073913583e-13
-2.508,7.307259730774795e-13,-2.3333531998618923e-13
-2.507,7.397451823111922e-13,-2.3619059231244044e-13
-2.506,7.488758222352196e-13,-2.3908044677052203e-13
-2.505,7.581192710364825e-13,-2.4200529723981594e-13
-2.504,7.674769239672325e-13,-2.449655624823967e-13
-2.503,7.769501935566198e-13,-2.4796166619960763e-13
-2.502,7.865405098248865e-13,-2.5099403708927805e-13
-2.501,7.962493205002193e-13,-2.5406310890358723e-13
-2.5,8.060780912382943e-13,-2.5716932050758287e-13
-2.499,8.160283058445459e-13,-2.6031311593836116e-13
-2.498,8.261014664991965e-13,-2.634949444649158e-13
-2.497,8.362990939850784e-13,-2.6671526064866265e-13
-2.496,8.466227279182839e-13,-2.6997452440464846e-13
-2.495,8.570739269816795e-13,-2.7327320106345e-13
-2.494,8.676542691613189e-13,-2.76611761433772e-13
-2.493,8.783653519857897e-13,-2.7999068186575104e-13
-2.492,8.892087927685336e-13,-2.8341044431497345e-13
-2.491,9.001862288531725e-13,-2.8687153640721444e-13
-2.49,9.112993178618828e-13,-2.9037445150390694e-13
-2.489,9.225497379468516e-13,-2.939196887683479e-13
-2.488,9.339391880448552e-13,-2.975077532326494e-13
-2.487,9.454693881349991e-13,-3.01139155865444e-13
-2.486,9.571420794996568e-13,-3.0481441364035154e-13
-2.485,9.689590249886495e-13,-3.0853404960521534e-13
-2.484,9.80922009286705e-13,-3.1229859295211764e-13
-2.483,9.930328391842384e-13,-3.1610857908818103e-13
-2.482,1.0052933438514938e-12,-3.1996454970716563e-13
-2.481,1.0177053751160911e-12,-3.2386705286186976e-13
-2.48,1.030270807744018e-12,-3.278166430373437e-13
-2.479,1.0429915397241114e-12,-3.318138812249246e-13
-2.478,1.0558694925560726e-12,-3.3585933499710133e-13
-2.477,1.068906611542056e-12,-3.399535785832193e-13
-2.476,1.0821048660818815e-12,-3.4409719294603307e-13
-2.475,1.0954662499719106e-12,-3.482907658591165e-13
-2.474,1.1089927817076366e-12,-3.5253489198513995e-13
-2.473,1.1226865047900282e-12,-3.5683017295502313e-13
-2.472,1.1365494880356816e-12,-3.611772174479738e-13
-2.471,1.1505838258908221e-12,-3.655766412724214e-13
-2.47,1.1647916387492052e-12,-3.7002906744785546e-13
-2.469,1.1791750732739655e-12,-3.7453512628757806e-13
-2.468,1.1937363027234641e-12,-3.7909545548238126e-13
-2.467,1.2084775272811805e-12,-3.8371070018515814e-13
-2.466,1.2234009743897037e-12,-3.8838151309645803e-13
-2.465,1.2385088990888698e-12,-3.931085545509966e-13
-2.464,1.2538035843580993e-12,-3.9789249260513014e-13
-2.463,1.269287341462987e-12,-4.027340031253046e-13
-2.462,1.2849625103061967e-12,-4.076337698774907e-13
-2.461,1.3008314597827117e-12,-4.1259248461761386e-13
-2.46,1.3168965881395011e-12,-4.1761084718299206e-13
-2.459,1.3331603233396503e-12,-4.2268956558478964e-13
-2.458,1.3496251234310167e-12,-4.2782935610150037e-13
-2.457,1.3662934769194625e-12,-4.330309433734689e-13
-2.456,1.3831679031467248e-12,-4.3829506049846317e-13
-2.455,1.4002509526729776e-12,-4.436224491283076e-13
-2.454,1.4175452076641489e-12,-4.490138595665896e-13
-2.453,1.4350532822840451e-12,-4.5447005086744964e-13
-2.452,1.4527778230913487e-12,-4.599917909354681e-13
-2.451,1.4707215094415468e-12,-4.655798566266577e-13
-2.45,1.488887053893853e-12,-4.712350338505774e-13
-2.449,1.507277202623182e-12,-4.76958117673575e-13
-2.448,1.5258947358372454e-12,-4.827499124231746e-13
-2.447,1.5447424681988256e-12,-4.886112317936177e-13
-2.446,1.563823249253298e-12,-4.945428989525728e-13
-2.445,1.5831399638614624e-12,-5.005457466490246e-13
-2.444,1.6026955326377523e-12,-5.066206173223541e-13
-2.443,1.622492912393889e-12,-5.127683632126257e-13
-2.442,1.6425350965880462e-12,-5.189898464720899e-13
-2.441,1.6628251157795947e-12,-5.252859392779175e-13
-2.44,1.6833660380894987e-12,-5.316575239461767e-13
-2.439,1.7041609696664293e-12,-5.381054930470671e-13
-2.438,1.7252130551586707e-12,-5.446307495214227e-13
-2.437,1.7465254781918897e-12,-5.512342067984991e-13
-2.436,1.7681014618528406e-12,-5.57916788915056e-13
-2.435,1.7899442691790793e-12,-5.646794306357511e-13
-2.434,1.8120572036547643e-12,-5.715230775748571e-13
-2.433,1.8344436097126147e-12,-5.784486863193167e-13
-2.432,1.857106873242108e-12,-5.854572245531502e-13
-2.431,1.880050422103991e-12,-5.925496711832286e-13
-2.43,1.903277726651184e-12,-5.997270164664264e-13
-2.429,1.9267923002561564e-12,-6.069902621381707e-13
-2.428,1.950597699844859e-12,-6.143404215423986e-13
-2.427,1.9746975264372855e-12,-6.217785197629389e-13
-2.426,1.9990954256947562e-12,-6.29305593756333e-13
-2.425,2.023795088473999e-12,-6.369226924861096e-13
-2.424,2.048800251388117e-12,-6.446308770585287e-13
-2.423,2.074114697374527e-12,-6.524312208598093e-13
-2.422,2.099742256269955e-12,-6.603248096948585e-13
-2.421,2.1256868053925776e-12,-6.683127419275142e-13
-2.42,2.1519522701313987e-12,-6.763961286223202e-13
-2.419,2.1785426245429484e-12,-6.845760936878484e-13
-2.418,2.205461891955398e-12,-6.92853774021583e-13
-2.417,2.2327141455801854e-12,-7.012303196563855e-13
-2.416,2.2603035091312354e-12,-7.097068939085541e-13
-2.415,2.2882341574518837e-12,-7.18284673527496e-13
-2.414,2.316510317149586e-12,-7.269648488470284e-13
-2.413,2.3451362672385156e-12,-7.357486239383249e-13
-2.412,2.374116339790154e-12,-7.446372167645241e-13
-2.411,2.403454920591959e-12,-7.536318593370198e-13
-2.41,2.433156449814224e-12,-7.627337978734451e-13
-2.409,2.4632254226852243e-12,-7.71944292957374e-13
-2.408,2.493666390174755e-12,-7.812646196997534e-13
-2.407,2.524483959686165e-12,-7.906960679020855e-13
-2.406,2.555682795756992e-12,-8.002399422213778e-13
-2.405,2.587267620768305e-12,-8.098975623368793e-13
-2.404,2.619243215662867e-12,-8.196702631186212e-13
-2.403,2.6516144206722197e-12,-8.29559394797779e-13
-2.402,2.684386136052809e-12,-8.39566323138878e-13
-2.401,2.717563322831261e-12,-8.496924296138568e-13
-2.4,2.7511510035589194e-12,-8.599391115780115e-13
-2.399,2.7851542630757623e-12,-8.703077824478373e-13
-2.398,2.8195782492838193e-12,-8.807998718807876e-13
-2.397,2.854428173930196e-12,-8.914168259569712e-13
-2.396,2.8897093133998366e-12,-9.021601073628044e-13
-2.395,2.9254270095181422e-12,-9.130311955766419e-13
-2.394,2.9615866703635608e-12,-9.240315870564025e-13
-2.393,2.998193771090286e-12,-9.351627954292126e-13
-2.392,3.0352538547611783e-12,-9.464263516830871e-13
-2.391,3.072772533191041e-12,-9.578238043606678e-13
-2.39,3.1107554878003843e-12,-9.6935671975504e-13
-2.389,3.149208470479795e-12,-9.810266821076502e-13
-2.388,3.1881373044650614e-12,-9.928352938083428e-13
-2.387,3.2275478852231695e-12,-1.0047841755975407e-12
-2.386,3.267446181349321e-12,-1.016874966770588e-12
-2.385,3.307838235475098e-12,-1.029109325384279e-12
-2.384,3.3487301651879235e-12,-1.0414889284655944e-12
-2.383,3.3901281639619484e-12,-1.0540154722226672e-12
-2.382,3.432038502100516e-12,-1.0666906722579994e-12
-2.381,3.4744675276903424e-12,-1.0795162637839546e-12
-2.38,3.5174216675675616e-12,-1.092494001840546e-12
-2.379,3.560907428295779e-12,-1.1056256615155451e-12
-2.378,3.6049313971562896e-12,-1.1189130381669344e-12
-2.377,3.649500243150604e-12,-1.1323579476477242e-12
-2.376,3.694620718015444e-12,-1.1459622265331619e-12
-2.375,3.740299657250355e-12,-1.1597277323503528e-12
-2.374,3.7865439811580955e-12,-1.1736563438103201e-12
-2.373,3.833360695897966e-12,-1.1877499610425256e-12
-2.372,3.880756894552236e-12,-1.2020105058318773e-12
-2.371,3.928739758205824e-12,-1.2164399218582474e-12
-2.37,3.977316557039413e-12,-1.2310401749385254e-12
-2.369,4.026494651436149e-12,-1.245813253271232e-12
-2.368,4.076281493102114e-12,-1.2607611676837196e-12
-2.367,4.1266846262007134e-12,-1.2758859518819823e-12
-2.366,4.1777116885011896e-12,-1.2911896627031042e-12
-2.365,4.2293704125414e-12,-1.306674380370369e-12
-2.364,4.2816686268050736e-12,-1.3223422087510596e-12
-2.363,4.3346142569136845e-12,-1.338195275616973e-12
-2.362,4.3882153268331706e-12,-1.354235732907674e-12
-2.361,4.442479960095641e-12,-1.3704657569965223e-12
-2.36,4.497416381036285e-12,-1.38688754895949e-12
-2.359,4.5530329160456625e-12,-1.403503334846804e-12
-2.358,4.60933799483757e-12,-1.4203153659574396e-12
-2.357,4.666340151732663e-12,-1.4373259191164892e-12
-2.356,4.724048026958062e-12,-1.4545372969554382e-12
-2.355,4.7824703679631016e-12,-1.4719518281953745e-12
-2.354,4.841616030751454e-12,-1.4895718679331601e-12
-2.353,4.901493981229821e-12,-1.5073997979305927e-12
-2.352,4.962113296573392e-12,-1.5254380269065878e-12
-2.351,5.023483166608289e-12,-1.5436889908324095e-12
-2.35,5.0856128952112085e-12,-1.5621551532299774e-12
-2.349,5.148511901726465e-12,-1.5808390054732847e-12
-2.348,5.212189722400661e-12,-1.5997430670929488e-12
-2.347,5.276656011835207e-12,-1.6188698860839333e-12
-2.346,5.341920544456895e-12,-1.6382220392164656e-12
-2.345,5.407993216006779e-12,-1.6578021323501828e-12
-2.344,5.474884045047555e-12,-1.6776128007515368e-12
-2.343,5.542603174489711e-12,-1.6976567094144893e-12
-2.342,5.611160873136642e-12,-1.717936553384527e-12
-2.341,5.6805675372489936e-12,-1.738455058086032e-12
-2.34,5.750833692128461e-12,-1.7592149796530325e-12
-2.339,5.8219699937212885e-12,-1.7802191052633736e-12
-2.338,5.8939872302417115e-12,-1.8014702534763351e-12
-2.337,5.966896323815599e-12,-1.82297127457373e-12
-2.336,6.040708332144535e-12,-1.8447250509045183e-12
-2.335,6.115434450190602e-12,-1.8667344972329664e-12
-2.334,6.191086011882123e-12,-1.889002561090387e-12
-2.333,6.26767449184062e-12,-1.911532223130493e-12
-2.332,6.345211507129254e-12,-1.9343264974883997e-12
-2.331,6.423708819023019e-12,-1.9573884321433047e-12
-2.33,6.503178334800953e-12,-1.9807211092848894e-12
-2.329,6.5836321095606435e-12,-2.004327645683465e-12
-2.328,6.6650823480553075e-12,-2.028211193063909e-12
-2.327,6.7475414065537255e-12,-2.0523749384834165e-12
-2.326,6.831021794723307e-12,-2.0768221047131108e-12
-2.325,6.915536177536593e-12,-2.101555950623545e-12
-2.324,7.0010973772014615e-12,-2.1265797715741284e-12
-2.323,7.087718375115362e-12,-2.151896899806516e-12
-2.322,7.175412313843846e-12,-2.177510704842001e-12
-2.321,7.264192499123724e-12,-2.2034245938829397e-12
-2.32,7.354072401891136e-12,-2.22964201221825e-12
-2.319,7.44506566033486e-12,-2.2561664436330204e-12
-2.318,7.53718608197515e-12,-2.2830014108222688e-12
-2.317,7.63044764576846e-12,-2.3101504758088826e-12
-2.316,7.72486450423834e-12,-2.3376172403657857e-12
-2.315,7.820450985632836e-12,-2.365405346442363e-12
-2.314,7.91722159610875e-12,-2.39351847659519e-12
-2.313,8.01519102194306e-12,-2.421960354423096e-12
-2.312,8.114374131771855e-12,-2.4507347450066102e-12
-2.311,8.214785978857141e-12,-2.4798454553518198e-12
-2.31,8.316441803381827e-12,-2.509296334838688e-12
-2.309,8.419357034773287e-12,-2.5390912756738684e-12
-2.308,8.523547294055818e-12,-2.5692342133480548e-12
-2.307,8.629028396232367e-12,-2.59972912709791e-12
-2.306,8.735816352695907e-12,-2.6305800403726075e-12
-2.305,8.843927373670793e-12,-2.66179102130504e-12
-2.304,8.953377870684518e-12,-2.693366183187718e-12
-2.303,9.064184459070207e-12,-2.725309684953419e-12
-2.302,9.176363960500254e-12,-2.757625731660612e-12
-2.301,9.289933405551483e-12,-2.7903185749837106e-12
-2.3,9.404910036302237e-12,-2.823392513708194e-12
-2.299,9.521311308961758e-12,-2.8568518942306343e-12
-2.298,9.639154896532314e-12,-2.890701111063682e-12
-2.297,9.758458691504426e-12,-2.9249446073460392e-12
-2.296,9.879240808585652e-12,-2.959586875357479e-12
-2.295,1.0001519587463307e-11,-2.994632457038943e-12
-2.294,1.012531359560157e-11,-3.030085944517766e-12
-2.293,1.0250641631073407e-11,-3.0659519806380734e-12
-2.292,1.0377522725427712e-11,-3.1022352594963893e-12
-2.291,1.0505976146592135e-11,-3.1389405269825066e-12
-2.29,1.0636021401812037e-11,-3.1760725813256627e-12
-2.289,1.0767678240626009e-11,-3.2136362736460603e-12
-2.288,1.0900966657878423e-11,-3.2516365085117875e-12
-2.287,1.1035906896769466e-11,-3.290078244501177e-12
-2.286,1.1172519451943129e-11,-3.328966494770649e-12
-2.285,1.1310825072613626e-11,-3.368306327628092e-12
-2.284,1.1450844765730723e-11,-3.4081028671118175e-12
-2.283,1.1592599799184439e-11,-3.4483612935751444e-12
-2.282,1.1736111705049656e-11,-3.4890868442766548e-12
-2.281,1.188140228287107e-11,-3.530284813976167e-12
-2.28,1.2028493602989058e-11,-3.57196055553648e-12
-2.279,1.2177408009906906e-11,-3.614119480530933e-12
-2.278,1.2328168125699956e-11,-3.656767059856821e-12
-2.277,1.2480796853467168e-11,-3.699908824354732e-12
-2.276,1.263531738082565e-11,-3.743550365433834e-12
-2.275,1.279175318344866e-11,-3.787697335703176e-12
-2.274,1.2950128028647652e-11,-3.8323554496090455e-12
-2.273,1.3110465978998886e-11,-3.877530484078427e-12
-2.272,1.3272791396015189e-11,-3.9232282791686254e-12
-2.271,1.3437128943863392e-11,-3.969454738723081e-12
-2.27,1.360350359312805e-11,-4.016215831033454e-12
-2.269,1.377194062462198e-11,-4.063517589508002e-12
-2.268,1.3942465633244247e-11,-4.11136611334632e-12
-2.267,1.4115104531886142e-11,-4.15976756822048e-12
-2.266,1.4289883555385786e-11,-4.208728186962632e-12
-2.265,1.446682926453194e-11,-4.258254270259107e-12
-2.264,1.464596855011765e-11,-4.308352187351078e-12
-2.263,1.4827328637044348e-11,-4.359028376741841e-12
-2.262,1.501093708847702e-11,-4.410289346910738e-12
-2.261,1.5196821810051082e-11,-4.462141677033805e-12
-2.26,1.5385011054131637e-11,-4.5145920177111845e-12
-2.259,1.5575533424125724e-11,-4.5676470917013474e-12
-2.258,1.5768417878848238e-11,-4.621313694662188e-12
-2.257,1.5963693736942185e-11,-4.675598695899035e-12
-2.256,1.6161390681353967e-11,-4.730509039119643e-12
-2.255,1.6361538763864352e-11,-4.786051743196203e-12
-2.254,1.6564168409675824e-11,-4.842233902934435e-12
-2.253,1.676931042205707e-11,-4.899062689849813e-12
-2.252,1.697699598704522e-11,-4.956545352950969e-12
-2.251,1.7187256678206657e-11,-5.014689219530346e-12
-2.25,1.740012446145704e-11,-5.0735016959621295e-12
-2.249,1.7615631699941362e-11,-5.132990268507538e-12
-2.248,1.7833811158974705e-11,-5.193162504127503e-12
-2.247,1.8054696011044524e-11,-5.254026051302801e-12
-2.246,1.8278319840875156e-11,-5.315588640861702e-12
-2.245,1.85047166505554e-11,-5.377858086815169e-12
-2.244,1.873392086472989e-11,-5.440842287199674e-12
-2.243,1.896596733585509e-11,-5.5045492249276915e-12
-2.242,1.920089134952072e-11,-5.568986968645903e-12
-2.241,1.94387286298374e-11,-5.6341636736011895e-12
-2.24,1.9679515344891345e-11,-5.700087582514453e-12
-2.239,1.992328811226698e-11,-5.766767026462321e-12
-2.238,2.0170084004638267e-11,-5.8342104257668e-12
-2.237,2.041994055542964e-11,-5.902426290892923e-12
-2.236,2.0672895764547394e-11,-5.971423223354439e-12
-2.235,2.09289881041824e-11,-6.041209916627624e-12
-2.234,2.1188256524685074e-11,-6.111795157073242e-12
-2.233,2.145074046051344e-11,-6.18318782486672e-12
-2.232,2.1716479836255243e-11,-6.255396894936597e-12
-2.231,2.1985515072725014e-11,-6.328431437911303e-12
-2.23,2.2257887093137032e-11,-6.402300621074302e-12
-2.229,2.2533637329355097e-11,-6.477013709327684e-12
-2.228,2.2812807728220118e-11,-6.552580066164239e-12
-2.227,2.309544075795646e-11,-6.6290091546480754e-12
-2.226,2.3381579414657988e-11,-6.706310538403834e-12
-2.225,2.3671267228854915e-11,-6.784493882614559e-12
-2.224,2.3964548272162315e-11,-6.8635689550282724e-12
-2.223,2.426146716401144e-11,-6.943545626973311e-12
-2.222,2.4562069078464775e-11,-7.024433874382476e-12
-2.221,2.486639975111599e-11,-7.106243778826055e-12
-2.22,2.517450548607569e-11,-7.188985528553768e-12
-2.219,2.548643316304417e-11,-7.272669419545682e-12
-2.218,2.5802230244472217e-11,-7.357305856572168e-12
-2.217,2.6121944782810974e-11,-7.442905354262937e-12
-2.216,2.6445625427852122e-11,-7.529478538185208e-12
-2.215,2.6773321434159376e-11,-7.617036145931073e-12
-2.214,2.7105082668592494e-11,-7.705589028214105e-12
-2.213,2.744095961792493e-11,-7.795148149975256e-12
-2.212,2.7781003396556328e-11,-7.885724591498114e-12
-2.211,2.812526575432098e-11,-7.977329549533537e-12
-2.21,2.8473799084393505e-11,-8.069974338433778e-12
-2.209,2.882665643129289e-11,-8.163670391296066e-12
-2.208,2.918389149898622e-11,-8.258429261115784e-12
-2.207,2.954555865909321e-11,-8.354262621949222e-12
-2.206,2.991171295919288e-11,-8.451182270086002e-12
-2.205,3.028241013123367e-11,-8.549200125231207e-12
-2.204,3.065770660004814e-11,-8.648328231697254e-12
-2.203,3.103765949197372e-11,-8.74857875960559e-12
-2.202,3.142232664358077e-11,-8.849964006098231e-12
-2.201,3.181176661050923e-11,-8.952496396559196e-12
-2.2,3.220603867641528e-11,-9.056188485845906e-12
-2.199,3.2605202862029364e-11,-9.161052959530576e-12
-2.198,3.3009319934326945e-11,-9.267102635151645e-12
-2.197,3.341845141581341e-11,-9.374350463475295e-12
-2.196,3.3832659593924564e-11,-9.482809529767127e-12
-2.195,3.425200753054408e-11,-9.592493055073986e-12
-2.194,3.467655907163946e-11,-9.703414397516046e-12
-2.193,3.510637885701788e-11,-9.815587053589134e-12
-2.192,3.5541532330203553e-11,-9.929024659477395e-12
-2.191,3.59820857484379e-11,-1.0043740992376293e-11
-2.19,3.642810619280429e-11,-1.0159749971826018e-11
-2.189,3.6879661578478775e-11,-1.027706566105534e-11
-2.188,3.7336820665108404e-11,-1.0395702268335922e-11
-2.187,3.7799653067318674e-11,-1.0515674148347172e-11
-2.186,3.826822926535184e-11,-1.0636995803551643e-11
-2.185,3.874262061583755e-11,-1.0759681885581033e-11
-2.184,3.922289936269761e-11,-1.0883747196632813e-11
-2.183,3.97091386481864e-11,-1.100920669087753e-11
-2.182,4.0201412524068777e-11,-1.1136075475876805e-11
-2.181,4.0699795962937e-11,-1.1264368814012086e-11
-2.18,4.120436486966863e-11,-1.139410212392415e-11
-2.179,4.1715196093026947e-11,-1.1525290981963429e-11
-2.178,4.223236743740576e-11,-1.1657951123651153e-11
-2.177,4.2755957674720435e-11,-1.1792098445151379e-11
-2.176,4.3286046556446846e-11,-1.192774900475389e-11
-2.175,4.382271482581024e-11,-1.206491902436803e-11
-2.174,4.436604423012574e-11,-1.2203624891027482e-11
-2.173,4.491611753329248e-11,-1.2343883158406025e-11
-2.172,4.547301852844319e-11,-1.2485710548344263e-11
-2.171,4.6036832050751256e-11,-1.2629123952387417e-11
-2.17,4.660764399039717e-11,-1.277414043333411e-11
-2.169,4.7185541305696284e-11,-1.292077722679624e-11
-2.168,4.777061203639008e-11,-1.3069051742769925e-11
-2.167,4.8362945317102675e-11,-1.3218981567217537e-11
-2.166,4.896263139096498e-11,-1.3370584463660855e-11
-2.165,4.956976162340828e-11,-1.3523878374785331e-11
-2.164,5.0184428516129526e-11,-1.3678881424055498e-11
-2.163,5.080672572123043e-11,-1.3835611917341524e-11
-2.162,5.143674805553251e-11,-1.3994088344556914e-11
-2.161,5.207459151507031e-11,-1.4154329381307377e-11
-2.16,5.2720353289764926e-11,-1.4316353890550861e-11
-2.159,5.337413177828019e-11,-1.4480180924268754e-11
-2.158,5.403602660306372e-11,-1.4645829725148254e-11
-2.157,5.470613862557516e-11,-1.4813319728275905e-11
-2.156,5.53845699617039e-11,-1.4982670562842307e-11
-2.155,5.607142399737866e-11,-1.515390205385798e-11
-2.154,5.676680540437137e-11,-1.5327034223880392e-11
-2.153,5.747082015629767e-11,-1.5502087294752112e-11
-2.152,5.8183575544816515e-11,-1.5679081689350115e-11
-2.151,5.890518019603142e-11,-1.58580380333462e-11
-2.15,5.963574408709573e-11,-1.6038977156978496e-11
-2.149,6.037537856302462e-11,-1.6221920096834086e-11
-2.148,6.112419635371613e-11,-1.6406888097642653e-11
-2.147,6.188231159118421e-11,-1.6593902614081194e-11
-2.146,6.264983982700607e-11,-1.6782985312589725e-11
-2.145,6.34268980499866e-11,-1.697415807319799e-11
-2.144,6.421360470404279e-11,-1.7167442991363108e-11
-2.143,6.50100797063104e-11,-1.736286237981812e-11
-2.142,6.581644446547619e-11,-1.756043877043146e-11
-2.141,6.663282190033812e-11,-1.776019491607721e-11
-2.14,6.74593364585965e-11,-1.7962153792516185e-11
-2.139,6.829611413587899e-11,-1.8166338600287752e-11
-2.138,6.914328249500228e-11,-1.8372772766612342e-11
-2.137,7.000097068547347e-11,-1.858147994730461e-11
-2.136,7.086930946323407e-11,-1.8792484028697186e-11
-2.135,7.174843121064962e-11,-1.9005809129574933e-11
-2.134,7.263846995674812e-11,-1.92214796031197e-11
-2.133,7.353956139771012e-11,-1.943952003886542e-11
-2.132,7.445184291761389e-11,-1.96599552646636e-11
-2.131,7.53754536094386e-11,-1.988281034865898e-11
-2.13,7.631053429632881e-11,-2.0108110601275442e-11
-2.129,7.725722755312359e-11,-2.033588157721193e-11
-2.128,7.821567772815337e-11,-2.056614907744843e-11
-2.127,7.918603096530813e-11,-2.0798939151261833e-11
-2.126,8.01684352263799e-11,-2.103427809825161e-11
-2.125,8.116304031368349e-11,-2.1272192470375215e-11
-2.124,8.216999789295843e-11,-2.1512709073993072e-11
-2.123,8.318946151655588e-11,-2.175585497192311e-11
-2.122,8.422158664691404e-11,-2.200165748550463e-11
-2.121,8.52665306803255e-11,-2.2250144196671493e-11
-2.12,8.632445297100035e-11,-2.250134295003442e-11
-2.119,8.739551485542858e-11,-2.275528185497233e-11
-2.118,8.847987967704551e-11,-2.3011989287732567e-11
-2.117,8.957771281120412e-11,-2.327149389353986e-11
-2.116,9.068918169045793e-11,-2.35338245887139e-11
-2.115,9.181445583015845e-11,-2.3799010562795363e-11
-2.114,9.295370685437096e-11,-2.4067081280680265e-11
-2.113,9.41071085221128e-11,-2.4338066484762414e-11
-2.112,9.527483675391775e-11,-2.4611996197083867e-11
-2.111,9.645706965873111e-11,-2.4888900721493176e-11
-2.11,9.765398756113919e-11,-2.5168810645811282e-11
-2.109,9.886577302893739e-11,-2.5451756844004826e-11
-2.108,1.0009261090104133e-10,-2.5737770478366712e-11
-2.107,1.0133468831574506e-10,-2.6026883001703746e-11
-2.106,1.0259219473933064e-10,-2.6319126159531105e-11
-2.105,1.0386532199503371e-10,-2.6614531992273453e-11
-2.104,1.0515426429236918e-10,-2.691313283747247e-11
-2.103,1.0645921825682167e-10,-2.7214961332000603e-11
-2.102,1.0778038295990518e-10,-2.752005041428076e-11
-2.101,1.0911795994959672e-10,-2.7828433326511736e-11
-2.1,1.1047215328114819e-10,-2.8140143616899133e-11
-2.099,1.1184316954828165e-10,-2.8455215141891504e-11
-2.098,1.132312179147724e-10,-2.8773682068421434e-11
-2.097,1.1463651014642487e-10,-2.9095578876151367e-11
-2.096,1.1605926064344614e-10,-2.942094035972381e-11
-2.095,1.1749968647322196e-10,-2.974980163101568e-11
-2.094,1.1895800740350042e-10,-3.008219812139651e-11
-2.093,1.2043444593598828e-10,-3.0418165583990137e-11
-2.092,1.2192922734036488e-10,-3.075774009593965e-11
-2.091,1.2344257968871917e-10,-3.1100958060675254e-11
-2.09,1.2497473389041482e-10,-3.144785621018463e-11
-2.089,1.2652592372738888e-10,-3.1798471607285606e-11
-2.088,1.2809638588988936e-10,-3.215284164790064e-11
-2.087,1.29686360012657e-10,-3.251100406333288e-11
-2.086,1.3129608871155714e-10,-3.287299692254331e-11
-2.085,1.3292581762066668e-10,-3.323885863442872e-11
-2.084,1.345757954298225e-10,-3.360862795010002e-11
-2.083,1.3624627392263646e-10,-3.398234396516057e-11
-2.082,1.3793750801498298e-10,-3.436004612198401e-11
-2.081,1.396497557939653e-10,-3.474177421199128e-11
-2.08,1.413832785573659e-10,-3.512756837792639e-11
-2.079,1.4313834085358753e-10,-3.551746911613036e-11
-2.078,1.4491521052209067e-10,-3.5911517278813e-11
-2.077,1.4671415873433358e-10,-3.630975407632209e-11
-2.076,1.4853546003522148e-10,-3.6712221079409304e-11
-2.075,1.5037939238507066e-10,-3.711896022149261e-11
-2.074,1.522462372020944e-10,-3.753001380091441e-11
-2.073,1.54136279405417e-10,-3.79454244831951e-11
-2.072,1.560498074586222e-10,-3.836523530328141e-11
-2.071,1.579871134138432e-10,-3.8789489667788936e-11
-2.07,1.5994849295640045e-10,-3.921823135723848e-11
-2.069,1.6193424544999423e-10,-3.965150452828539e-11
-2.068,1.6394467398245894e-10,-4.00893537159415e-11
-2.067,1.6598008541208607e-10,-4.053182383578901e-11
-2.066,1.6804079041452277e-10,-4.097896018618557e-11
-2.065,1.7012710353025325e-10,-4.143080845046018e-11
-2.064,1.7223934321267031e-10,-4.1887414699099014e-11
-2.063,1.7437783187674413e-10,-4.234882539192062e-11
-2.062,1.7654289594829597e-10,-4.281508738023982e-11
-2.061,1.78734865913884e-10,-4.328624790901962e-11
-2.06,1.809540763713091e-10,-4.376235461901028e-11
-2.059,1.832008660807483e-10,-4.4243455548875054e-11
-2.058,1.8547557801652328e-10,-4.4729599137301614e-11
-2.057,1.8777855941951232e-10,-4.522083422509855e-11
-2.056,1.9011016185021355e-10,-4.571721005727608e-11
-2.055,1.92470741242467e-10,-4.621877628511022e-11
-2.054,1.9486065795784467e-10,-4.6725582968189515e-11
-2.053,1.9728027684071587e-10,-4.723768057644362e-11
-2.052,1.9972996727399684e-10,-4.775511999215271e-11
-2.051,2.022101032355929e-10,-4.8277952511936976e-11
-2.05,2.047210633555418e-10,-4.8806229848725234e-11
-2.049,2.0726323097386683e-10,-4.934000413370171e-11
-2.048,2.098369941991486e-10,-4.9879327918230185e-11
-2.047,2.124427459678244e-10,-5.042425417575431e-11
-2.046,2.1508088410422402e-10,-5.097483630367337e-11
-2.045,2.1775181138135153e-10,-5.153112812519228e-11
-2.044,2.2045593558242153e-10,-5.2093183891144854e-11
-2.043,2.2319366956316015e-10,-5.266105828178939e-11
-2.042,2.2596543131487946e-10,-5.323480640857528e-11
-2.041,2.2877164402833545e-10,-5.3814483815879764e-11
-2.04,2.3161273615837895e-10,-5.440014648271358e-11
-2.039,2.3448914148940934e-10,-5.4991850824394375e-11
-2.038,2.374012992016413e-10,-5.558965369418672e-11
-2.037,2.4034965393819407e-10,-5.619361238490753e-11
-2.036,2.433346558730143e-10,-5.6803784630495636e-11
-2.035,2.463567607796418e-10,-5.7420228607544304e-11
-2.034,2.494164301008293e-10,-5.804300293679534e-11
-2.033,2.525141310190269e-10,-5.867216668459354e-11
-2.032,2.5565033652774095e-10,-5.930777936430016e-11
-2.031,2.5882552550377977e-10,-5.994990093766391e-11
-2.03,2.6204018278039556e-10,-6.05985918161483e-11
-2.029,2.6529479922133467e-10,-6.125391286221362e-11
-2.028,2.6858987179580693e-10,-6.191592539055242e-11
-2.027,2.7192590365438613e-10,-6.258469116927674e-11
-2.026,2.753034042058518e-10,-6.326027242105566e-11
-2.025,2.787228891949858e-10,-6.394273182420174e-11
-2.024,2.821848807813338e-10,-6.463213251370448e-11
-2.023,2.856899076189446e-10,-6.532853808220954e-11
-2.022,2.8923850493709936e-10,-6.603201258094175e-11
-2.021,2.928312146220423e-10,-6.67426205205704e-11
-2.02,2.9646858529972617e-10,-6.746042687201507e-11
-2.019,3.001511724195845e-10,-6.81854970671902e-11
-2.018,3.03879538339343e-10,-6.891789699968658e-11
-2.017,3.076542524108843e-10,-6.965769302538802e-11
-2.016,3.1147589106717723e-10,-7.040495196302132e-11
-2.015,3.153450379102854e-10,-7.115974109463745e-11
-2.014,3.192622838004673e-10,-7.19221281660223e-11
-2.013,3.232282269463825e-10,-7.269218138703475e-11
-2.012,3.2724347299641643e-10,-7.346996943187013e-11
-2.011,3.3130863513113867e-10,-7.425556143924702e-11
-2.01,3.3542433415690763e-10,-7.504902701251526e-11
-2.009,3.395911986006374e-10,-7.585043621968302e-11
-2.008,3.4380986480573916e-10,-7.665985959336068e-11
-2.007,3.480809770292535e-10,-7.747736813061932e-11
-2.006,3.52405187540187e-10,-7.830303329276158e-11
-2.005,3.567831567190691e-10,-7.913692700500244e-11
-2.004,3.612155531587432e-10,-7.997912165605766e-11
-2.003,3.6570305376640803e-10,-8.082969009763729e-11
-2.002,3.702463438669249e-10,-8.168870564384203e-11
-2.001,3.7484611730740545e-10,-8.25562420704595e-11
-2.0,3.795030765630971e-10,-8.343237361415843e-11
-1.999,3.842179328445807e-10,-8.431717497157746e-11
-1.998,3.8899140620629834e-10,-8.521072129830641e-11
-1.997,3.938242256564262e-10,-8.611308820775703e-11
-1.996,3.987171292681098e-10,-8.702435176992052e-11
-1.995,4.036708642920786e-10,-8.794458851000881e-11
-1.994,4.0868618727065646e-10,-8.887387540697702e-11
-1.993,4.137638641531859e-10,-8.981228989192378e-11
-1.992,4.1890467041288285e-10,-9.075990984636672e-11
-1.991,4.2410939116514006e-10,-9.171681360038973e-11
-1.99,4.293788212872971e-10,-9.26830799306592e-11
-1.989,4.3471376553989485e-10,-9.365878805830564e-11
-1.988,4.401150386894326e-10,-9.464401764666786e-11
-1.987,4.45583465632647e-10,-9.563884879889605e-11
-1.986,4.511198815223308e-10,-9.664336205541044e-11
-1.985,4.567251318947112e-10,-9.765763839121225e-11
-1.984,4.624000727984066e-10,-9.86817592130432e-11
-1.983,4.681455709249809e-10,-9.971580635639011e-11
-1.982,4.73962503741116e-10,-1.0075986208233088e-10
-1.981,4.79851759622422e-10,-1.0181400907421816e-10
-1.98,4.858142379889046e-10,-1.0287833043419686e-10
-1.979,4.918508494421115e-10,-1.0395290967955167e-10
-1.978,4.979625159039778e-10,-1.0503783073888058e-10
-1.977,5.041501707573904e-10,-1.0613317794809051e-10
-1.976,5.104147589884953e-10,-1.0723903604621071e-10
-1.975,5.167572373307661e-10,-1.0835549017102007e-10
-1.974,5.231785744108578e-10,-1.0948262585448366e-10
-1.973,5.296797508962663e-10,-1.106205290179947e-10
-1.972,5.362617596448176e-10,-1.1176928596741696e-10
-1.971,5.429256058560075e-10,-1.1292898338792354e-10
-1.97,5.496723072242155e-10,-1.140997083386272e-10
-1.969,5.565028940938164e-10,-1.1528154824699757e-10
-1.968,5.634184096162115e-10,-1.1647459090306054e-10
-1.967,5.704199099088055e-10,-1.1767892445337506e-10
-1.966,5.775084642159504e-10,-1.188946373947821e-10
-1.965,5.846851550718823e-10,-1.2012181856792104e-10
-1.964,5.919510784656754e-10,-1.213605571505082e-10
-1.963,5.993073440082379e-10,-1.226109426503723e-10
-1.962,6.067550751013749e-10,-1.2387306489824152e-10
-1.961,6.142954091089435e-10,-1.2514701404027671e-10
-1.96,6.219294975301272e-10,-1.264328805303453e-10
-1.959,6.296585061748532e-10,-1.2773075512203006e-10
-1.958,6.374836153413823e-10,-1.2904072886036742e-10
-1.957,6.454060199960949e-10,-1.303628930733087e-10
-1.956,6.534269299555022e-10,-1.3169733936289948e-10
-1.955,6.615475700705098e-10,-1.330441595961696e-10
-1.954,6.697691804129607e-10,-1.3440344589572893e-10
-1.953,6.780930164644856e-10,-1.3577529063006185e-10
-1.952,6.865203493076905e-10,-1.3715978640351417e-10
-1.951,6.950524658197087e-10,-1.3855702604596616e-10
-1.95,7.036906688681467e-10,-1.3996710260218475e-10
-1.949,7.124362775094543e-10,-1.4139010932084844e-10
-1.948,7.212906271897477e-10,-1.4282613964323778e-10
-1.947,7.302550699481158e-10,-1.442752871915844e-10
-1.946,7.393309746224421e-10,-1.457376457570718e-10
-1.945,7.485197270577694e-10,-1.4721330928747992e-10
-1.944,7.578227303172432e-10,-1.48702371874467e-10
-1.943,7.672414048956621e-10,-1.5020492774048018e-10
-1.942,7.767771889356676e-10,-1.5172107122528804e-10
-1.941,7.86431538446608e-10,-1.5325089677212659e-10
-1.94,7.96205927526107e-10,-1.5479449891345114e-10
-1.939,8.061018485843713e-10,-1.5635197225628582e-10
-1.938,8.161208125712701e-10,-1.5792341146716234e-10
-1.937,8.262643492062217e-10,-1.5950891125663992e-10
-1.936,8.365340072109213e-10,-1.611085663633973e-10
-1.935,8.469313545449435e-10,-1.6272247153788871e-10
-1.934,8.574579786442578e-10,-1.6435072152555453e-10
-1.933,8.681154866626892e-10,-1.6599341104957764e-10
-1.932,8.789055057163642e-10,-1.6765063479317628e-10
-1.931,8.898296831311745e-10,-1.6932248738142444e-10
-1.93,9.008896866932991e-10,-1.710090633625894e-10
-1.929,9.12087204902821e-10,-1.7271045718897747e-10
-1.928,9.234239472304753e-10,-1.7442676319727793e-10
-1.927,9.349016443775689e-10,-1.7615807558839466e-10
-1.926,9.465220485391111e-10,-1.7790448840675568e-10
-1.925,9.58286933670192e-10,-1.7966609551909012e-10
-1.924,9.701980957556507e-10,-1.8144299059266173e-10
-1.923,9.822573530830734e-10,-1.8323526707294846e-10
-1.922,9.944665465191617e-10,-1.8504301816075693e-10
-1.921,1.0068275397895129e-9,-1.8686633678876063e-10
-1.92,1.0193422197618535e-9,-1.8870531559745056e-10
-1.919,1.0320124967327696e-9,-1.9056004691048654e-10
-1.918,1.0448403047179751e-9,-1.9243062270943756e-10
-1.917,1.0578276017461641e-9,-1.9431713460789921e-10
-1.916,1.0709763701564864e-9,-1.9621967382497564e-10
-1.915,1.0842886168996977e-9,-1.9813833115811407e-10
-1.914,1.0977663738430228e-9,-2.0007319695527886e-10
-1.913,1.1114116980787803e-9,-2.0202436108645234e-10
-1.912,1.1252266722368166e-9,-2.039919129144495e-10
-1.911,1.1392134048007918e-9,-2.0597594126503278e-10
-1.91,1.1533740304283678e-9,-2.0797653439631398e-10
-1.909,1.167710710275346e-9,-2.0999377996742876e-10
-1.908,1.182225632323802e-9,-2.1202776500647032e-10
-1.907,1.1969210117142663e-9,-2.1407857587766767e-10
-1.906,1.2117990910820023e-9,-2.161462982477939e-10
-1.905,1.2268621408974294e-9,-2.182310170517896e-10
-1.904,1.2421124598107435e-9,-2.2033281645758683e-10
-1.903,1.2575523750007856e-9,-2.2245177983011746e-10
-1.902,1.2731842425282118e-9,-2.2458798969449124e-10
-1.901,1.2890104476930146e-9,-2.2674152769832686e-10
-1.9,1.3050334053964521e-9,-2.289124745732205e-10
-1.899,1.3212555605074363e-9,-2.3110091009533513e-10
-1.898,1.3376793882334376e-9,-2.333069130450937e-10
-1.897,1.3543073944959568e-9,-2.3553056116595985e-10
-1.896,1.3711421163106262e-9,-2.377719311222877e-10
-1.895,1.3881861221719916e-9,-2.400310984562246e-10
-1.894,1.405442012443033e-9,-2.4230813754364736e-10
-1.893,1.4229124197494849e-9,-2.4460312154911516e-10
-1.892,1.4406000093790132e-9,-2.469161223798194e-10
-1.891,1.4585074796853057e-9,-2.492472106385123e-10
-1.89,1.4766375624971398e-9,-2.515964555753955e-10
-1.889,1.4949930235324887e-9,-2.5396392503894736e-10
-1.888,1.5135766628177216e-9,-2.563496854256716e-10
-1.887,1.5323913151119677e-9,-2.587538016287447e-10
-1.886,1.5514398503367036e-9,-2.611763369855436e-10
-1.885,1.570725174010626e-9,-2.636173532240305e-10
-1.884,1.5902502276898783e-9,-2.660769104079761e-10
-1.883,1.6100179894136935e-9,-2.6855506688099743e-10
-1.882,1.6300314741555206e-9,-2.7105187920938947e-10
-1.881,1.6502937342797022e-9,-2.735674021237277e-10
-1.88,1.6708078600037681e-9,-2.7610168845921904e-10
-1.879,1.6915769798664185e-9,-2.7865478909477805e-10
-1.878,1.7126042612012596e-9,-2.812267528908044e-10
-1.877,1.7338929106163697e-9,-2.8381762662563834e-10
-1.876,1.7554461744797588e-9,-2.864274549306689e-10
-1.875,1.7772673394107994e-9,-2.890562802240713e-10
-1.874,1.799359732777699e-9,-2.9170414264314664e-10
-1.873,1.8217267232010882e-9,-2.9437107997524015e-10
-1.872,1.8443717210637989e-9,-2.9705712758721005e-10
-1.871,1.867298179026908e-9,-2.9976231835342203e-10
-1.87,1.890509592552125e-9,-3.0248668258224146e-10
-1.869,1.914009500430595e-9,-3.0523024794099594e-10
-1.868,1.9378014853182027e-9,-3.079930393793809e-10
-1.867,1.961889174277453e-9,-3.107750790512791e-10
-1.866,1.986276239326005e-9,-3.135763862349655e-10
-1.865,2.0109663979919486e-9,-3.163969772516684e-10
-1.864,2.0359634138758955e-9,-3.192368653824564e-10
-1.863,2.0612710972199798e-9,-3.220960607834213e-10
-1.862,2.0868933054838363e-9,-3.249745703991258e-10
-1.861,2.112833943927662e-9,-3.2787239787428486e-10
-1.86,2.1390969662024243e-9,-3.307895434636483e-10
-1.859,2.165686374947323e-9,-3.337260039400525e-10
-1.858,2.192606222394579e-9,-3.3668177250060855e-10
-1.857,2.2198606109816506e-9,-3.3965683867099226e-10
-1.856,2.247453693970957e-9,-3.4265118820780275e-10
-1.855,2.27538967607721e-9,-3.4566480299895443e-10
-1.854,2.30367281410244e-9,-3.486976609620674e-10
-1.853,2.3323074175788124e-9,-3.517497359408201e-10
-1.852,2.3612978494193265e-9,-3.548209975992273e-10
-1.851,2.3906485265764972e-9,-3.5791141131380764e-10
-1.85,2.4203639207091124e-9,-3.610209380636009e-10
-1.849,2.4504485588571658e-9,-3.641495343179989e-10
-1.848,2.480907024125063e-9,-3.6729715192234886e-10
-1.847,2.5117439563732065e-9,-3.704637379812912e-10
-1.846,2.5429640529180493e-9,-3.736492347397902e-10
-1.845,2.5745720692407376e-9,-3.7685357946181724e-10
-1.844,2.606572819704429e-9,-3.8007670430664475e-10
-1.843,2.6389711782804027e-9,-3.833185362027079e-10
-1.842,2.671772079283066e-9,-3.865789967189916e-10
-1.841,2.7049805181139613e-9,-3.8985800193389866e-10
-1.84,2.7386015520148876e-9,-3.931554623015543e-10
-1.839,2.772640300830244e-9,-3.964712825155021e-10
-1.838,2.8071019477787055e-9,-3.998053613697446e-10
-1.837,2.8419917402343518e-9,-4.0315759161708273e-10
-1.836,2.877314990517352e-9,-4.065278598247053e-10
-1.835,2.9130770766943305e-9,-4.099160462269807e-10
-1.834,2.9492834433885276e-9,-4.1332202457540173e-10
-1.833,2.9859396025998738e-9,-4.167456619856328e-10
-1.832,3.0230511345350943e-9,-4.201868187816091e-10
-1.831,3.0606236884479753e-9,-4.2364534833663605e-10
-1.83,3.0986629834899e-9,-4.2712109691143597e-10
-1.829,3.1371748095707937e-9,-4.306139034890888e-10
-1.828,3.176165028230592e-9,-4.3412359960681247e-10
-1.827,3.2156395735213656e-9,-4.376500091845273e-10
-1.826,3.2556044529002325e-9,-4.411929483501488e-10
-1.825,3.2960657481331767e-9,-4.4475222526155123e-10
-1.824,3.337029616209922e-9,-4.4832763992514395e-10
-1.823,3.3785022902699793e-9,-4.519189840110017e-10
-1.822,3.4204900805400095e-9,-4.5552604066448847e-10
-1.821,3.462999375282641e-9,-4.591485843143144e-10
-1.82,3.5060366417568724e-9,-4.6278638047696285e-10
-1.819,3.5496084271902076e-9,-4.664391855574259e-10
-1.818,3.5937213597626593e-9,-4.701067466461827e-10
-1.817,3.63838214960277e-9,-4.737888013123564e-10
-1.816,3.683597589795788e-9,-4.774850773929835e-10
-1.815,3.7293745574041525e-9,-4.811952927783279e-10
-1.814,3.775720014500432e-9,-4.849191551931707e-10
-1.813,3.822641009212861e-9,-4.886563619740083e-10
-1.812,3.8701446767836465e-9,-4.924065998420848e-10
-1.811,3.918238240640168e-9,-4.961695446721902e-10
-1.81,3.966929013479253e-9,-4.999448612571488e-10
-1.809,4.016224398364673e-9,-5.037322030679245e-10
-1.808,4.066131889838019e-9,-5.07531212009269e-10
-1.807,4.11665907504312e-9,-5.113415181708322e-10
-1.806,4.167813634864172e-9,-5.151627395736614e-10
-1.805,4.21960334507773e-9,-5.189944819120075e-10
-1.804,4.272036077518745e-9,-5.228363382903573e-10
-1.803,4.325119801260799e-9,-5.266878889556118e-10
-1.802,4.3788625838107245e-9,-5.305487010243258e-10
-1.801,4.4332725923177726e-9,-5.344183282049246e-10
-1.8,4.4883580947975e-9,-5.382963105148129e-10
-1.799,4.544127461370563e-9,-5.421821739922858e-10
-1.798,4.6005891655165905e-9,-5.460754304031566e-10
-1.797,4.657751785343321e-9,-5.499755769420084e-10
-1.796,4.7156240048711756e-9,-5.538820959279791e-10
-1.795,4.7742146153334735e-9,-5.577944544949858e-10
-1.794,4.833532516492454e-9,-5.617121042762952e-10
-1.793,4.893586717971314e-9,-5.656344810833417e-10
-1.792,4.954386340602439e-9,-5.695610045786968e-10
-1.791,5.015940617792031e-9,-5.734910779430902e-10
-1.79,5.078258896901322e-9,-5.774240875363806e-10
-1.789,5.1413506406445836e-9,-5.813594025523747e-10
-1.788,5.2052254285041195e-9,-5.852963746673895e-10
-1.787,5.269892958162454e-9,-5.892343376824502e-10
-1.786,5.335363046951915e-9,-5.931726071590195e-10
-1.785,5.4016456333218374e-9,-5.971104800481452e-10
-1.784,5.468750778323567e-9,-6.010472343129158e-10
-1.783,5.536688667113505e-9,-6.049821285441125e-10
-1.782,5.6054696104744015e-9,-6.089144015689399e-10
-1.781,5.675104046355107e-9,-6.128432720527213e-10
-1.78,5.745602541429014e-9,-6.167679380934367e-10
-1.779,5.8169757926714046e-9,-6.206875768089866e-10
-1.778,5.889234628955935e-9,-6.246013439170549e-10
-1.777,5.962390012670481e-9,-6.285083733074495e-10
-1.776,6.036453041352578e-9,-6.324077766067923e-10
-1.775,6.111434949344692e-9,-6.362986427354301e-10
-1.774,6.187347109469553e-9,-6.401800374564361e-10
-1.773,6.264201034725787e-9,-6.440510029165682e-10
-1.772,6.342008380004105e-9,-6.479105571790502e-10
-1.771,6.420780943824275e-9,-6.517576937480377e-10
-1.77,6.500530670093134e-9,-6.555913810846299e-10
-1.769,6.5812696498838906e-9,-6.594105621142844e-10
-1.768,6.663010123236968e-9,-6.632141537254934e-10
-1.767,6.745764480982652e-9,-6.670010462595719e-10
-1.766,6.829545266585788e-9,-6.707701029914123e-10
-1.765,6.91436517801281e-9,-6.745201596010515e-10
-1.764,7.000237069621349e-9,-6.782500236358988e-10
-1.763,7.087173954072695e-9,-6.819584739634692e-10
-1.762,7.175189004267395e-9,-6.856442602144603e-10
-1.761,7.264295555304242e-9,-6.893061022160165e-10
-1.76,7.354507106462955e-9,-6.929426894150128e-10
-1.759,7.445837323210805e-9,-6.965526802911943e-10
-1.758,7.538300039233498e-9,-7.001347017600012e-10
-1.757,7.631909258490592e-9,-7.036873485649085e-10
-1.756,7.726679157295726e-9,-7.072091826591063e-10
-1.755,7.822624086421975e-9,-7.106987325763417e-10
-1.754,7.919758573232629e-9,-7.141544927907439e-10
-1.753,8.018097323837672e-9,-7.175749230654504e-10
-1.752,8.117655225276292e-9,-7.209584477898451e-10
-1.751,8.218447347725729e-9,-7.243034553052232e-10
-1.75,8.320488946736747e-9,-7.276082972186886e-10
-1.749,8.423795465496079e-9,-7.308712877050905e-10
-1.748,8.528382537116137e-9,-7.340907027967991e-10
-1.747,8.63426598695233e-9,-7.372647796611216e-10
-1.746,8.741461834948298e-9,-7.403917158651523e-10
-1.745,8.849986298009405e-9,-7.434696686278504e-10
-1.744,8.959855792404822e-9,-7.464967540591326e-10
-1.743,9.071086936198532e-9,-7.494710463857684e-10
-1.742,9.183696551709607e-9,-7.523905771638592e-10
-1.741,9.29770166800209e-9,-7.552533344776786e-10
-1.74,9.413119523404853e-9,-7.580572621246523e-10
-1.739,9.529967568061755e-9,-7.608002587862463e-10
-1.738,9.648263466512484e-9,-7.63480177184532e-10
-1.737,9.768025100304426e-9,-7.660948232241937e-10
-1.736,9.889270570635936e-9,-7.686419551197381e-10
-1.735,1.0012018201031385e-8,-7.711192825076615e-10
-1.734,1.0136286540048339e-8,-7.735244655433301e-10
-1.733,1.026209436401726e-8,-7.758551139823196e-10
-1.732,1.0389460679814124e-8,-7.781087862459606e-10
-1.731,1.0518404727666313e-8,-7.802829884708309e-10
-1.73,1.0648945983992203e-8,-7.823751735419289e-10
-1.729,1.0781104164274811e-8,-7.843827401092647e-10
-1.728,1.0914899225969944e-8,-7.863030315875936e-10
-1.727,1.10503513714492e-8,-7.881333351390176e-10
-1.726,1.118748105097829e-8,-7.898708806381748e-10
-1.725,1.1326308965731041e-8,-7.915128396197306e-10
-1.724,1.146685607083954e-8,-7.930563242078828e-10
-1.723,1.1609143578480806e-8,-7.944983860275852e-10
-1.722,1.1753192961000455e-8,-7.958360150971927e-10
-1.721,1.189902595407376e-8,-7.970661387022232e-10
-1.72,1.2046664559904556e-8,-7.981856202499282e-10
-1.719,1.2196131050462447e-8,-7.991912581043606e-10
-1.718,1.2347447970758722e-8,-8.000797844016202e-10
-1.717,1.2500638142161486e-8,-8.008478638449543e-10
-1.716,1.2655724665750417e-8,-8.014920924793854e-10
-1.715,1.281273092571164e-8,-8.02008996445533e-10
-1.714,1.2971680592773174e-8,-8.023950307122907e-10
-1.713,1.3132597627681434e-8,-8.026465777880145e-10
-1.712,1.329550628471925e-8,-8.027599464098728e-10
-1.711,1.3460431115265914e-8,-8.027313702110049e-10
-1.71,1.3627396971399707e-8,-8.025570063651247e-10
-1.709,1.3796429009543445e-8,-8.022329342082065e-10
-1.708,1.3967552694153507e-8,-8.017551538368783e-10
-1.707,1.4140793801452864e-8,-8.011195846831479e-10
-1.706,1.4316178423208638e-8,-8.003220640650739e-10
-1.705,1.4493732970554673e-8,-7.99358345712997e-10
-1.704,1.4673484177859673e-8,-7.98224098270931e-10
-1.703,1.485545910664141e-8,-7.969149037727142e-10
-1.702,1.5039685149527576e-8,-7.954262560925126e-10
-1.701,1.5226190034263758e-8,-7.937535593692583e-10
-1.7,1.5415001827769145e-8,-7.918921264046029e-10
-1.699,1.5606148940240484e-8,-7.898371770339601e-10
-1.698,1.579966012930485e-8,-7.875838364701965e-10
-1.697,1.5995564504221802e-8,-7.851271336195374e-10
-1.696,1.619389153013549e-8,-7.824619993692319e-10
-1.695,1.639467103237729e-8,-7.795832648465253e-10
-1.694,1.6597933200819547e-8,-7.764856596484769e-10
-1.693,1.680370859428106e-8,-7.731638100421498e-10
-1.692,1.701202814498481e-8,-7.696122371346992e-10
-1.691,1.7222923163068632e-8,-7.658253550128722e-10
-1.69,1.74364253411494e-8,-7.617974688514267e-10
-1.689,1.765256675894133e-8,-7.57522772989971e-10
-1.688,1.7871379887929038e-8,-7.529953489777142e-10
-1.687,1.809289759609601e-8,-7.482091635856129e-10
-1.686,1.831715315270906e-8,-7.431580667853901e-10
-1.685,1.8544180233159472e-8,-7.378357896948926e-10
-1.684,1.8774012923861463e-8,-7.322359424892502e-10
-1.683,1.9006685727208624e-8,-7.263520122772824e-10
-1.682,1.924223356658898e-8,-7.201773609426013e-10
-1.681,1.9480691791459412e-8,-7.137052229488379e-10
-1.68,1.9722096182480014e-8,-7.069287031084237e-10
-1.679,1.9966482956709188e-8,-6.998407743143378e-10
-1.678,2.0213888772860094e-8,-6.924342752342294e-10
-1.677,2.0464350736619155e-8,-6.847019079663137e-10
-1.676,2.0717906406027414e-8,-6.766362356564266e-10
-1.675,2.0974593796925337e-8,-6.682296800756205e-10
-1.674,2.1234451388461878e-8,-6.594745191576682e-10
-1.673,2.1497518128668527e-8,-6.503628844958333e-10
-1.672,2.1763833440099035e-8,-6.40886758798259e-10
-1.671,2.203343722553561e-8,-6.310379733013122e-10
-1.67,2.230636987376235e-8,-6.208082051402125e-10
-1.669,2.258267226540661e-8,-6.101889746762642e-10
-1.668,2.2862385778849174e-8,-5.991716427799993e-10
-1.667,2.3145552296203935e-8,-5.877474080695291e-10
-1.666,2.343221420936791e-8,-5.759073041033888e-10
-1.665,2.372241442614237e-8,-5.63642196527152e-10
-1.664,2.4016196376425943e-8,-5.509427801730776e-10
-1.663,2.4313604018480407e-8,-5.377995761120414e-10
-1.662,2.4614681845270113e-8,-5.242029286569943e-10
-1.661,2.4919474890875788e-8,-5.101430023171748e-10
-1.66,2.522802873698359e-8,-4.956097787022922e-10
-1.659,2.554038951945027e-8,-4.805930533758881e-10
-1.658,2.5856603934945316e-8,-4.6508243265706453e-10
-1.657,2.6176719247670875e-8,-4.49067330369763e-10
-1.656,2.650078329616046e-8,-4.325369645387581e-10
-1.655,2.68288445001572e-8,-4.1548035403152233e-10
-1.654,2.7160951867572595e-8,-3.9788631514510235e-10
-1.653,2.749715500152671e-8,-3.7974345813713496e-10
-1.652,2.783750410747064e-8,-3.6104018370011733e-10
-1.651,2.818205000039226e-8,-3.4176467937803197e-10
-1.65,2.853084411210614e-8,-3.219049159244135e-10
-1.649,2.8883938498628592e-8,-3.0144864360093033e-10
-1.648,2.924138584763878e-8,-2.8038338841553887e-10
-1.647,2.960323948602693e-8,-2.586964482992549e-10
-1.646,2.9969553387530493e-8,-2.363748892205707e-10
-1.645,3.034038218045939e-8,-2.134055412365329e-10
-1.644,3.071578115551121e-8,-1.8977499447947843e-10
-1.643,3.1095806273677444e-8,-1.654695950784137e-10
-1.642,3.1480514174241744e-8,-1.4047544101400392e-10
-1.641,3.186996218287126e-8,-1.1477837790612442e-10
-1.64,3.2264208319802005e-8,-8.836399473290996e-11
-1.639,3.2663311308119454e-8,-6.12176194802213e-11
-1.638,3.306733058213528e-8,-3.332431472043149e-11
-1.637,3.347632629586138e-8,-4.668873119417941e-12
-1.636,3.3890359331582297e-8,2.476418712937134e-11
-1.635,3.430949130852701e-8,5.499062694492601e-11
-1.634,3.4733784591641326e-8,8.602649107392267e-11
-1.633,3.516330230046196e-8,1.178881128823996e-10
-1.632,3.5598108318093364e-8,1.5059211922505954e-10
-1.631,3.603826730028849e-8,1.8415543539342144e-10
-1.63,3.648384468463465e-8,2.185952901440616e-10
-1.629,3.693490669984564e-8,2.539292208082024e-10
-1.628,3.739152037516121e-8,2.901750784839274e-10
-1.627,3.78537535498552e-8,3.273510333123204e-10
-1.626,3.832167488285347e-8,3.654755798388464e-10
-1.625,3.879535386246274e-8,4.045675424613127e-10
-1.624,3.927486081621181e-8,4.4464608096576756e-10
-1.623,3.9760266920806114e-8,4.857306961517176e-10
-1.622,4.0251644212197034e-8,5.278412355480628e-10
-1.621,4.074906559576717e-8,5.709978992211719e-10
-1.62,4.125260485663284e-8,6.152212456765415e-10
-1.619,4.17623366700651e-8,6.605321978555058e-10
-1.618,4.22783366120306e-8,7.069520492284829e-10
-1.617,4.2800681169853493e-8,7.545024699862718e-10
-1.616,4.33294477529999e-8,8.032055133309314e-10
-1.615,4.3864714703986034e-8,8.53083621867802e-10
-1.614,4.440656130941158e-8,9.041596341002469e-10
-1.613,4.495506781111944e-8,9.56456791028725e-10
-1.612,4.5510315417483435e-8,1.0099987428558183e-9
-1.611,4.607238631482525e-8,1.064809555798876e-9
-1.61,4.664136367896195e-8,1.1209137190119498e-9
-1.609,4.721733168688572e-8,1.1783361516187285e-9
-1.608,4.780037552857696e-8,1.2371022098582075e-9
-1.607,4.839058141895243e-8,1.2972376943448443e-9
-1.606,4.898803660994972e-8,1.3587688574449916e-9
-1.605,4.9592829402749675e-8,1.4217224107714176e-9
-1.604,5.02050491601381e-8,1.4861255327977536e-9
-1.603,5.082478631900841e-8,1.5520058765947391e-9
-1.602,5.145213240300656e-8,1.619391577690158e-9
-1.601,5.208718003531999e-8,1.6883112620543932e-9
-1.6,5.273002295161193e-8,1.758794054213554e-9
-1.599,5.338075601310275e-8,1.8308695854921615e-9
-1.598,5.4039475219799896e-8,1.9045680023874053e-9
-1.597,5.4706277723877976e-8,1.979919975077017e-9
-1.596,5.538126184321066e-8,2.056956706062839e-9
-1.595,5.60645270750559e-8,2.135709938952195e-9
-1.594,5.6756174109896256e-8,2.2162119673792003e-9
-1.593,5.745630484543584e-8,2.2984956440681875e-9
-1.592,5.816502240075563e-8,2.3825943900414546e-9
-1.591,5.88824311306288e-8,2.4685422039735677e-9
-1.59,5.96086366399977e-8,2.556373671694498e-9
-1.589,6.034374579861444e-8,2.6461239758438975e-9
-1.588,6.108786675584638e-8,2.737828905678856e-9
-1.587,6.184110895564872e-8,2.831524867037519e-9
-1.586,6.260358315170568e-8,2.927248892460976e-9
-1.585,6.337540142274207e-8,3.0250386514758773e-9
-1.584,6.415667718800714e-8,3.1249324610402587e-9
-1.583,6.494752522293245e-8,3.2269692961551047e-9
-1.582,6.574806167496559e-8,3.3311888006442124e-9
-1.581,6.655840407958158e-8,3.4376312981049568e-9
-1.58,6.737867137647389e-8,3.5463378030326047e-9
-1.579,6.82089839259268e-8,3.6573500321208476e-9
-1.578,6.904946352537119e-8,3.77071041574129e-9
-1.577,6.990023342612541e-8,3.886462109604644e-9
-1.576,7.076141835032347e-8,4.004649006606445e-9
-1.575,7.163314450803224e-8,4.125315748860126e-9
-1.574,7.251553961455972e-8,4.248507739920351e-9
-1.573,7.340873290795631e-8,4.3742711571995315e-9
-1.572,7.431285516671119e-8,4.502652964580515e-9
-1.571,7.522803872764566e-8,4.633700925228461e-9
-1.57,7.615441750400563e-8,4.76746361460497e-9
-1.569,7.709212700375513e-8,4.903990433687594e-9
-1.568,7.804130434807306e-8,5.043331622397875e-9
-1.567,7.900208829005519e-8,5.1855382732411375e-9
-1.566,7.997461923362358e-8,5.330662345161267e-9
-1.565,8.095903925264532e-8,5.478756677613815e-9
-1.564,8.19554921102631e-8,5.629875004860761e-9
-1.563,8.296412327843938e-8,5.784071970490346e-9
-1.562,8.398507995771658e-8,5.941403142165442e-9
-1.561,8.501851109719542e-8,6.101925026603961e-9
-1.56,8.606456741473351e-8,6.265695084794867e-9
-1.559,8.712340141736667e-8,6.432771747453412e-9
-1.558,8.819516742195488e-8,6.603214430719258e-9
-1.557,8.928002157605545e-8,6.777083552101227e-9
-1.556,9.037812187902551e-8,6.954440546672439e-9
-1.555,9.14896282033561e-8,7.135347883519698e-9
-1.554,9.261470231624042e-8,7.319869082451004e-9
-1.553,9.375350790137814e-8,7.508068730965164e-9
-1.552,9.490621058101866e-8,7.700012501487494e-9
-1.551,9.607297793824523e-8,7.895767168875703e-9
-1.55,9.725397953950262e-8,8.0954006282001e-9
-1.549,9.844938695737068e-8,8.298981912802282e-9
-1.548,9.965937379358608e-8,8.506581212636622e-9
-1.547,1.0088411570231492e-7,8.718269892898817e-9
-1.546,1.0212379041367853e-7,8.934120512945948e-9
-1.545,1.0337857775753495e-7,9.154206845512447e-9
-1.544,1.0464865968751866e-7,9.378603896226525e-9
-1.543,1.0593422030534112e-7,9.607387923431645e-9
-1.542,1.0723544588535447e-7,9.840636458317688e-9
-1.541,1.0855252489938124e-7,1.0078428325366544e-8
-1.54,1.0988564804181243e-7,1.0320843663116918e-8
-1.539,1.1123500825497668e-7,1.0567963945253226e-8
-1.538,1.1260080075478312e-7,1.0819872002023515e-8
-1.537,1.1398322305664055e-7,1.1076652041991424e-8
-1.536,1.1538247500165556e-7,1.1338389674127283e-8
-1.535,1.1679875878311245e-7,1.1605171930243486e-8
-1.534,1.1823227897323735e-7,1.1877087287779421e-8
-1.533,1.196832425502496e-7,1.2154225692941244e-8
-1.532,1.2115185892570284e-7,1.2436678584201902e-8
-1.531,1.2263833997211878e-7,1.2724538916166898e-8
-1.53,1.2414290005091627e-7,1.301790118381134e-8
-1.529,1.2566575604063863e-7,1.3316861447093933e-8
-1.528,1.272071273654818e-7,1.3621517355953623e-8
-1.527,1.2876723602412656e-7,1.3931968175694724e-8
-1.526,1.3034630661887715e-7,1.424831481276641e-8
-1.525,1.319445663851097e-7,1.4570659840942573e-8
-1.524,1.335622452210328e-7,1.4899107527908097e-8
-1.523,1.351995757177638e-7,1.5233763862257752e-8
-1.522,1.3685679318972295e-7,1.5574736580913917e-8
-1.521,1.3853413570534917e-7,1.5922135196969517e-8
-1.52,1.4023184411813976e-7,1.62760710279626e-8
-1.519,1.4195016209801738e-7,1.6636657224589114e-8
-1.518,1.4368933616302717e-7,1.7004008799860445e-8
-1.517,1.4544961571136712e-7,1.737824265871258e-8
-1.516,1.4723125305375472e-7,1.7759477628073607e-8
-1.515,1.4903450344613274e-7,1.8147834487396517e-8
-1.514,1.5085962512271756e-7,1.8543435999664416e-8
-1.513,1.527068793293929e-7,1.894640694287516e-8
-1.512,1.545765303574522e-7,1.9356874142012785e-8
-1.511,1.564688455776925e-7,1.9774966501512994e-8
-1.51,1.5838409547486345e-7,2.0200815038230197e-8
-1.509,1.6032255368247416e-7,2.06345529149137e-8
-1.508,1.622844970179613e-7,2.1076315474200653e-8
-1.507,1.6427020551822156e-7,2.152624027313365e-8
-1.506,1.6627996247551177e-7,2.1984467118210793e-8
-1.505,1.6831405447371982e-7,2.245113810097634e-8
-1.504,1.7037277142500958e-7,2.2926397634159986e-8
-1.503,1.7245640660684348e-7,2.341039248837315e-8
-1.502,1.7456525669938516e-7,2.3903271829370543e-8
-1.501,1.766996218232866e-7,2.4405187255885625e-8
-1.5,1.7885980557786206e-7,2.4916292838048525e-8
-1.499,1.810461150796528e-7,2.5436745156395207e-8
-1.498,1.8325886100138552e-7,2.5966703341476758e-8
-1.497,1.854983576113282e-7,2.6506329114077863e-8
-1.496,1.877649228130463e-7,2.7055786826053565e-8
-1.495,1.900588781855632e-7,2.7615243501793625e-8
-1.494,1.9238054902392774e-7,2.81848688803239e-8
-1.493,1.9473026438019278e-7,2.8764835458054335e-8
-1.492,1.9710835710480775e-7,2.9355318532183197e-8
-1.491,1.99515163888429e-7,2.995649624476747e-8
-1.49,2.0195102530415091e-7,3.0568549627469354e-8
-1.489,2.0441628585016204e-7,3.119166264698903e-8
-1.488,2.0691129399282862e-7,3.182602225119395e-8
-1.487,2.0943640221020994e-7,3.247181841595511e-8
-1.486,2.1199196703600864e-7,3.312924419270086e-8
-1.485,2.1457834910395924e-7,3.379849575669899e-8
-1.484,2.171959131926587e-7,3.447977245607811e-8
-1.483,2.1984502827084264e-7,3.517327686159912e-8
-1.482,2.225260675431101e-7,3.587921481718827e-8
-1.481,2.2523940849610137e-7,3.659779549124304e-8
-1.48,2.279854329451312e-7,3.732923142872235e-8
-1.479,2.3076452708128233e-7,3.807373860403296e-8
-1.478,2.335770815189615e-7,3.883153647472379e-8
-1.477,2.364234913439226e-7,3.9602848036000355e-8
-1.476,2.3930415616175986e-7,4.0387899876071435e-8
-1.475,2.4221948014687496e-7,4.118692223234046e-8
-1.474,2.4516987209192137e-7,4.200014904845419e-8
-1.473,2.4815574545772987e-7,4.2827818032221424e-8
-1.472,2.511775184237185e-7,4.3670170714414754e-8
-1.471,2.5423561393879044e-7,4.4527452508468516e-8
-1.47,2.573304597727239e-7,4.539991277108619e-8
-1.469,2.604624885680571e-7,4.628780486377087e-8
-1.468,2.6363213789247204e-7,4.719138621529252e-8
-1.467,2.6683985029168057e-7,4.811091838510591e-8
-1.466,2.700860733428169e-7,4.9046667127733375e-8
-1.465,2.733712597083391e-7,4.999890245812671e-8
-1.464,2.7669586719044395e-7,5.096789871802283e-8
-1.463,2.800603587859986e-7,5.1953934643307814e-8
-1.462,2.834652027419922e-7,5.2957293432404403e-8
-1.461,2.8691087261151126e-7,5.3978262815698055e-8
-1.46,2.9039784731024274e-7,5.501713512601704e-8
-1.459,2.939266111735075e-7,5.607420737018209e-8
-1.458,2.97497654013828e-7,5.7149781301641587e-8
-1.457,3.011114711790348e-7,5.8244163494208207e-8
-1.456,3.0476856361091295e-7,5.935766541691345e-8
-1.455,3.0846943790439447e-7,6.049060350999654e-8
-1.454,3.1221460636729857e-7,6.164329926204448e-8
-1.453,3.160045870806236e-7,6.281607928830035e-8
-1.452,3.1983990395939425e-7,6.400927541015692e-8
-1.451,3.237210868140675e-7,6.522322473585334e-8
-1.45,3.276486714125005e-7,6.645826974239258e-8
-1.449,3.3162319954248343e-7,6.771475835869744e-8
-1.448,3.3564521907484186e-7,6.899304405002378e-8
-1.447,3.397152840271104e-7,7.029348590364918e-8
-1.446,3.438339546277823e-7,7.161644871585606e-8
-1.445,3.4800179738113724e-7,7.296230308022817e-8
-1.444,3.522193851326512e-7,7.43314254772799e-8
-1.443,3.564872971349916e-7,7.572419836543802e-8
-1.442,3.6080611911460056e-7,7.714101027339571e-8
-1.441,3.651764433388694e-7,7.858225589385916e-8
-1.44,3.695988686839084e-7,8.004833617870704e-8
-1.439,3.7407400070291333e-7,8.153965843558388e-8
-1.438,3.786024516951335e-7,8.305663642594815e-8
-1.437,3.8318484077544305e-7,8.459969046459661e-8
-1.436,3.8782179394451896e-7,8.61692475206865e-8
-1.435,3.9251394415962905e-7,8.776574132027751e-8
-1.434,3.9726193140603177e-7,8.938961245041603e-8
-1.433,4.020664027689921e-7,9.104130846478399e-8
-1.432,4.069280125064151e-7,9.272128399093546e-8
-1.431,4.1184742212210005e-7,9.443000083914418e-8
-1.43,4.168253004396187e-7,9.616792811288556e-8
-1.429,4.218623236768191e-7,9.793554232097718e-8
-1.428,4.269591755209585e-7,9.973332749140199e-8
-1.427,4.321165472044671e-7,1.015617752868387e-7
-1.426,4.3733513758134546e-7,1.034213851219246e-7
-1.425,4.4261565320419813e-7,1.053126642822758e-7
-1.424,4.479588084019052e-7,1.072361280452908e-7
-1.423,4.5336532535793455e-7,1.0919229980276322e-7
-1.422,4.5883593418929695e-7,1.1118171118533026e-7
-1.421,4.643713730261453e-7,1.132049021887835e-7
-1.42,4.699723880920213e-7,1.1526242130226933e-7
-1.419,4.756397337847503e-7,1.1735482563840638e-7
-1.418,4.81374172757987e-7,1.1948268106534803e-7
-1.417,4.871764760034129e-7,1.216465623408182e-7
-1.416,4.930474229335883e-7,1.2384705324814904e-7
-1.415,4.989878014654594e-7,1.2608474673434994e-7
-1.414,5.049984081045223e-7,1.2836024505023708e-7
-1.413,5.110800480296449e-7,1.306741598926535e-7
-1.412,5.172335351785499e-7,1.3302711254881006e-7
-1.411,5.234596923339567e-7,1.3541973404277836e-7
-1.41,5.29759351210386e-7,1.3785266528416625e-7
-1.409,5.36133352541627e-7,1.4032655721900812e-7
-1.408,5.425825461688682e-7,1.4284207098290158e-7
-1.407,5.491077911294921e-7,1.4539987805642378e-7
-1.406,5.557099557465352e-7,1.480006604228593e-7
-1.405,5.623899177188123e-7,1.506451107282742e-7
-1.404,5.691485642117079e-7,1.5333393244396928e-7
-1.403,5.759867919486317e-7,1.5606784003134744e-7
-1.402,5.829055073031408e-7,1.588475591092298e-7
-1.401,5.899056263917272e-7,1.616738266236559e-7
-1.4,5.969880751672707e-7,1.645473910202041e-7
-1.399,6.04153789513157e-7,1.6746901241886816e-7
-1.398,6.114037153380599e-7,1.7043946279152713e-7
-1.397,6.187388086713871e-7,1.7345952614204573e-7
-1.396,6.261600357593889e-7,1.7652999868904328e-7
-1.395,6.336683731619287e-7,1.7965168905136938e-7
-1.394,6.412648078499134e-7,1.8282541843632542e-7
-1.393,6.489503373033836e-7,1.8605202083067144e-7
-1.392,6.567259696102595e-7,1.8933234319445806e-7
-1.391,6.645927235657448e-7,1.9266724565772453e-7
-1.39,6.725516287723816e-7,1.9605760172010355e-7
-1.389,6.806037257407581e-7,1.995042984533749e-7
-1.388,6.887500659908646e-7,2.0300823670700998e-7
-1.387,6.969917121540958e-7,2.0657033131675018e-7
-1.386,7.053297380758961e-7,2.1019151131626257e-7
-1.385,7.137652289190456e-7,2.138727201519167e-7
-1.384,7.222992812675824e-7,2.176149159007276e-7
-1.383,7.309330032313588e-7,2.2141907149150982e-7
-1.382,7.396675145512267e-7,2.2528617492928863e-7
-1.381,7.485039467048479e-7,2.292172295230147e-7
-1.38,7.574434430131263e-7,2.3321325411662961e-7
-1.379,7.664871587472563e-7,2.3727528332352993e-7
-1.378,7.756362612363817e-7,2.414043677644781e-7
-1.377,7.848919299758634e-7,2.456015743090093e-7
-1.376,7.942553567361455e-7,2.498679863203846e-7
-1.375,8.037277456722184e-7,2.542047039041398e-7
-1.374,8.133103134336698e-7,2.58612844160282e-7
-1.373,8.230042892753199e-7,2.630935414391852e-7
-1.372,8.328109151684319e-7,2.6764794760123797e-7
-1.371,8.427314459124909e-7,2.7227723228029566e-7
-1.37,8.527671492475471e-7,2.76982583150992e-7
-1.369,8.629193059671099e-7,2.817652061999641e-7
-1.368,8.731892100315905e-7,2.8662632600104633e-7
-1.367,8.835781686822815e-7,2.915671859944902e-7
-1.366,8.940875025558647e-7,2.965890487702655e-7
-1.365,9.047185457994395e-7,3.016931963555019e-7
-1.364,9.154726461860614e-7,3.06880930506129e-7
-1.363,9.263511652307805e-7,3.1215357300277376e-7
-1.362,9.373554783071697e-7,3.1751246595097547e-7
-1.361,9.484869747643331e-7,3.2295897208578004e-7
-1.36,9.597470580443806e-7,3.2849447508077373e-7
-1.359,9.711371458003609e-7,3.3412037986162037e-7
-1.358,9.826586700146367e-7,3.39838112924164e-7
-1.357,9.943130771176934e-7,3.4564912265716275e-7
-1.356,1.0061018281073647e-6,3.5155487966971704e-7
-1.355,1.018026398668465e-6,3.5755687712345996e-7
-1.354,1.030088279292811e-6,3.6365663106957536e-7
-1.353,1.0422889753996224e-6,3.698556807907118e-7
-1.352,1.0546300074562815e-6,3.7615558914786087e-7
-1.351,1.067112911099441e-6,3.82557942932269e-7
-1.35,1.0797392372564601e-6,3.8906435322245444e-7
-1.349,1.0925105522671551e-6,3.9567645574639893e-7
-1.348,1.1054284380058446e-6,4.0239591124898766e-7
-1.347,1.1184944920036747e-6,4.092244058647704e-7
-1.346,1.1317103275712022e-6,4.1616365149611805e-7
-1.345,1.1450775739212194e-6,4.2321538619684934e-7
-1.344,1.1585978762917998e-6,4.3038137456140473e-7
-1.343,1.1722728960695447e-6,4.376634081196439e-7
-1.342,1.186104310913009e-6,4.4506330573734537e-7
-1.341,1.2000938148762862e-6,4.525829140224873e-7
-1.34,1.2142431185327283e-6,4.602241077373901e-7
-1.339,1.2285539490987796e-6,4.679887902168014e-7
-1.338,1.2430280505578975e-6,4.7587889379200683e-7
-1.337,1.2576671837845415e-6,4.838963802210484e-7
-1.336,1.272473126668198e-6,4.920432411251373e-7
-1.335,1.2874476742374207e-6,5.003214984313442e-7
-1.334,1.3025926387838576e-6,5.087332048216553e-7
-1.333,1.3179098499862366e-6,5.172804441884826e-7
-1.332,1.333401155034281e-6,5.259653320967149e-7
-1.331,1.349068418752529e-6,5.347900162524021e-7
-1.33,1.3649135237240222e-6,5.43756676978163e-7
-1.329,1.3809383704138364e-6,5.528675276954092e-7
-1.328,1.3971448772924186e-6,5.621248154134786e-7
-1.327,1.4135349809587032e-6,5.715308212257738e-7
-1.326,1.4301106362629668e-6,5.81087860813001e-7
-1.325,1.4468738164293942e-6,5.90798284953607e-7
-1.324,1.4638265131783119e-6,6.006644800415124e-7
-1.323,1.4809707368480606e-6,6.106888686112415e-7
-1.322,1.4983085165164634e-6,6.208739098705496e-7
-1.321,1.515841900121852e-6,6.312221002406495e-7
-1.32,1.5335729545836143e-6,6.417359739041421e-7
-1.319,1.5515037659222172e-6,6.524181033607546e-7
-1.318,1.5696364393786681e-6,6.632710999909941e-7
-1.317,1.5879730995333678e-6,6.742976146278225e-7
-1.316,1.6065158904243119e-6,6.855003381364633e-7
-1.315,1.6252669756645972e-6,6.9688200200245e-7
-1.314,1.6442285385591828e-6,7.084453789280274e-7
-1.313,1.6634027822208598e-6,7.201932834370195e-7
-1.312,1.6827919296853823e-6,7.321285724882785e-7
-1.311,1.7023982240257046e-6,7.442541460978305e-7
-1.31,1.722223928465277e-6,7.56572947969836e-7
-1.309,1.7422713264903463e-6,7.690879661364831e-7
-1.308,1.7625427219612021e-6,7.818022336069351e-7
-1.307,1.7830404392223215e-6,7.947188290254527e-7
-1.306,1.8037668232113447e-6,8.078408773388154e-7
-1.305,1.8247242395668315e-6,8.211715504731669e-7
-1.304,1.845915074734732e-6,8.347140680204101e-7
-1.303,1.8673417360735134e-6,8.484716979342806e-7
-1.302,1.8890066519578773e-6,8.624477572362268e-7
-1.301,1.9109122718810044e-6,8.766456127312303e-7
-1.3,1.933061066555256e-6,8.910686817336962e-7
-1.299,1.9554555280112717e-6,9.057204328035497e-7
-1.298,1.978098169695381e-6,9.20604386492675e-7
-1.297,2.000991526565271e-6,9.357241161018317e-7
-1.296,2.024138155183827e-6,9.510832484481916e-7
-1.295,2.0475406338110707e-6,9.66685464643634e-7
-1.294,2.0712015624941265e-6,9.825345008839434e-7
-1.293,2.0951235631551283e-6,9.986341492490526e-7
-1.292,2.11930927967699e-6,1.0149882585144804e-6
-1.291,2.1437613779869553e-6,1.031600734974108e-6
-1.29,2.168482546137845e-6,1.0484755432744445e-6
-1.289,2.193475494386908e-6,1.0656167072605367e-6
-1.288,2.218742955272193e-6,1.08302831083367e-6
-1.287,2.2442876836863476e-6,1.1007144988210203e-6
-1.286,2.2701124569477527e-6,1.1186794778574116e-6
-1.285,2.2962200748688905e-6,1.1369275172793384e-6
-1.284,2.322613359821857e-6,1.1554629500314138e-6
-1.283,2.349295156800912e-6,1.1742901735854028e-6
-1.282,2.3762683334819683e-6,1.1934136508720116e-6
-1.281,2.4035357802789124e-6,1.2128379112255897e-6
-1.28,2.4311004103966472e-6,1.2325675513419224e-6
-1.279,2.4589651598807533e-6,1.2526072362492764e-6
-1.278,2.4871329876636526e-6,1.2729617002928745e-6
-1.277,2.5156068756071542e-6,1.2936357481329722e-6
-1.276,2.5443898285412736e-6,1.3146342557567108e-6
-1.275,2.573484874299201e-6,1.3359621715039286e-6
-1.274,2.6028950637482906e-6,1.3576245171071054e-6
-1.273,2.6326234708169538e-6,1.379626388745625e-6
-1.272,2.662673192517319e-6,1.401972958114541e-6
-1.271,2.6930473489635323e-6,1.4246694735080277e-6
-1.27,2.7237490833855577e-6,1.4477212609177098e-6
-1.269,2.7547815621383473e-6,1.4711337251460558e-6
-1.268,2.7861479747062294e-6,1.4949123509350308e-6
-1.267,2.8178515337023826e-6,1.5190627041102032e-6
-1.266,2.849895474863237e-6,1.5435904327405007e-6
-1.265,2.8822830570376576e-6,1.5685012683138137e-6
-1.264,2.9150175621707568e-6,1.5938010269286503e-6
-1.263,2.9481022952821727e-6,1.619495610502043e-6
-1.262,2.981540584438657e-6,1.6455910079939138e-6
-1.261,3.015335780720805e-6,1.6720932966481052e-6
-1.26,3.049491258183762e-6,1.6990086432502867e-6
-1.259,3.0840104138117278e-6,1.7263433054029496e-6
-1.258,3.1188966674660924e-6,1.754103632817704e-6
-1.257,3.154153461827014e-6,1.7822960686250936e-6
-1.256,3.189784262328262e-6,1.8109271507021504e-6
-1.255,3.2257925570851333e-6,1.8400035130179064e-6
-1.254,3.262181856815251e-6,1.8695318869970887e-6
-1.253,3.298955694752052e-6,1.899519102902224e-6
-1.252,3.3361176265507543e-6,1.9299720912343776e-6
-1.251,3.373671230186616e-6,1.9608978841527638e-6
-1.25,3.4116201058452547e-6,1.992303616913451e-6
-1.249,3.449967875804833e-6,2.024196529327408e-6
-1.248,3.4887181843098803e-6,2.0565839672381203e-6
-1.247,3.527874697436534e-6,2.0894733840190223e-6
-1.246,3.5674411029489638e-6,2.122872342090981e-6
-1.245,3.6074211101467613e-6,2.1567885144600883e-6
-1.244,3.647818449703039e-6,2.191229686275995e-6
-1.243,3.688636873493009e-6,2.226203756411045e-6
-1.242,3.7298801544127904e-6,2.2617187390604635e-6
-1.241,3.7715520861881862e-6,2.297782765363846e-6
-1.24,3.8136564831731825e-6,2.334404085048211e-6
-1.239,3.856197180137892e-6,2.371591068092878e-6
-1.238,3.8991780320456845e-6,2.4093522064164258e-6
-1.237,3.9426029138192215e-6,2.4476961155860022e-6
-1.236,3.986475720095116e-6,2.486631536549249e-6
-1.235,4.030800364966929e-6,2.526167337389114e-6
-1.234,4.0755807817162155e-6,2.56631251510182e-6
-1.233,4.120820922531308e-6,2.607076197398267e-6
-1.232,4.166524758213548e-6,2.6484676445291445e-6
-1.231,4.212696277870642e-6,2.6904962511340315e-6
-1.23,4.259339488596821e-6,2.7331715481147705e-6
-1.229,4.306458415139501e-6,2.776503204533397e-6
-1.228,4.354057099552074e-6,2.8205010295349133e-6
-1.227,4.402139600832532e-6,2.865174974295193e-6
-1.226,4.450709994547549e-6,2.9105351339943144e-6
-1.225,4.499772372441682e-6,2.956591749815614e-6
-1.224,4.549330842031321e-6,3.003355210970754e-6
-1.223,4.599389526183042e-6,3.0508360567511107e-6
-1.222,4.6499525626759535e-6,3.0990449786057817e-6
-1.221,4.7010241037476856e-6,3.1479928222465177e-6
-1.22,4.752608315623617e-6,3.197690589779884e-6
-1.219,4.8047093780289345e-6,3.2481494418669644e-6
-1.218,4.857331483683142e-6,3.2993806999109213e-6
-1.217,4.91047883777657e-6,3.351395848272719e-6
-1.216,4.964155657428495e-6,3.404206536515335e-6
-1.215,5.018366171126415e-6,3.4578245816767766e-6
-1.214,5.073114618146054e-6,3.5122619705722204e-6
-1.213,5.12840524795163e-6,3.567530862125609e-6
-1.212,5.184242319575946e-6,3.6236435897310186e-6
-1.211,5.240630100979826e-6,3.680612663644137e-6
-1.21,5.297572868390414e-6,3.7384507734041795e-6
-1.209,5.355074905617857e-6,3.797170790286575e-6
-1.208,5.41314050334988e-6,3.856785769786762e-6
-1.207,5.4717739584237295e-6,3.917308954135429e-6
-1.206,5.530979573074981e-6,3.978753774845543e-6
-1.205,5.59076165416268e-6,4.041133855291506e-6
-1.204,5.651124512370284e-6,4.104463013320788e-6
-1.203,5.712072461381841e-6,4.16875526389838e-6
-1.202,5.7736098170328645e-6,4.234024821784418e-6
-1.201,5.8357408964353275e-6,4.300286104245331e-6
-1.2,5.898470017076184e-6,4.367553733798864e-6
-1.199,5.961801495888835e-6,4.435842540993328e-6
-1.198,6.025739648296938e-6,4.505167567221448e-6
-1.197,6.090288787229927e-6,4.575544067569148e-6
-1.196,6.155453222109633e-6,4.646987513699656e-6
-1.195,6.221237257807343e-6,4.719513596773269e-6
-1.194,6.287645193570663e-6,4.79313823040317e-6
-1.193,6.354681321919503e-6,4.86787755364763e-6
-1.192,6.422349927510517e-6,4.943747934039005e-6
-1.191,6.490655285969285e-6,5.020765970649853e-6
-1.19,6.559601662689557e-6,5.098948497196577e-6
-1.189,6.629193311598814e-6,5.1783125851809545e-6
-1.188,6.699434473889423e-6,5.258875547069917e-6
-1.187,6.770329376714637e-6,5.340654939513981e-6
-1.186,6.841882231848671e-6,5.423668566604681e-6
-1.185,6.914097234310084e-6,5.507934483171397e-6
-1.184,6.986978560947661e-6,5.593470998117961e-6
-1.183,7.060530368988001e-6,5.680296677799398e-6
-1.182,7.1347567945439735e-6,5.76843034943922e-6
-1.181,7.20966195108321e-6,5.857891104587619e-6
-1.18,7.2852499278557765e-6,5.948698302620971e-6
-1.179,7.361524788280142e-6,6.0408715742830094e-6
-1.178,7.438490568286572e-6,6.134430825268077e-6
-1.177,7.5161512746170205e-6,6.2293962398468225e-6
-1.176,7.5945108830806075e-6,6.325788284534733e-6
-1.175,7.673573336763744e-6,6.423627711803891e-6
-1.174,7.75334254419393e-6,6.522935563838343e-6
-1.173,7.833822377456258e-6,6.623733176333448e-6
-1.172,7.915016670261637e-6,6.7260421823396225e-6
-1.171,7.99692921596568e-6,6.829884516150835e-6
-1.17,8.079563765537278e-6,6.935282417238258e-6
-1.169,8.162924025475753e-6,7.0422584342294495e-6
-1.168,8.247013655675548e-6,7.150835428933457e-6
-1.167,8.331836267237354e-6,7.2610365804122126e-6
-1.166,8.417395420224537e-6,7.372885389098623e-6
-1.165,8.50369462136377e-6,7.486405680961712e-6
-1.164,8.590737321688656e-6,7.601621611719214e-6
-1.163,8.67852691412523e-6,7.718557671097983e-6
-1.162,8.767066731018066e-6,7.837238687142608e-6
-1.161,8.85636004159583e-6,7.957689830572586e-6
-1.16,8.94641004937498e-6,8.079936619188464e-6
-1.159,9.03721988950038e-6,8.204004922327277e-6
-1.158,9.128792626021509e-6,8.329920965367674e-6
-1.157,9.221131249102961e-6,8.457711334285106e-6
-1.156,9.314238672167886e-6,8.587402980257415e-6
-1.155,9.408117728973011e-6,8.719023224321206e-6
-1.154,9.50277117061383e-6,8.852599762079328e-6
-1.153,9.598201662458571e-6,8.98816066845987e-6
-1.152,9.694411781009473e-6,9.125734402526954e-6
-1.151,9.791404010689913e-6,9.265349812343734e-6
-1.15,9.889180740555875e-6,9.407036139887886e-6
-1.149,9.987744260930239e-6,9.550823026019974e-6
-1.148,1.0087096759958334e-5,9.69674051550499e-6
-1.147,1.0187240320083184e-5,9.844819062087401e-6
-1.146,1.0288176914438798e-5,9.995089533620045e-6
-1.145,1.0389908403159913e-5,1.0147583217247157e-5
-1.144,1.0492436529606471e-5,1.0302331824641863e-5
-1.143,1.0595762916501164e-5,1.0459367497298429e-5
-1.142,1.0699889061978287e-5,1.0618722811879568e-5
-1.141,1.0804816335542145e-5,1.078043078561909e-5
-1.14,1.0910545973933221e-5,1.094452488178018e-5
-1.139,1.1017079076900265e-5,1.1111039015169577e-5
-1.138,1.112441660287645e-5,1.1280007557707912e-5
-1.137,1.1232559364557686e-5,1.1451465344056482e-5
-1.136,1.1341508024381183e-5,1.162544767730069e-5
-1.135,1.1451263089902266e-5,1.1801990334690379e-5
-1.134,1.1561824909067474e-5,1.1981129573437335e-5
-1.133,1.1673193665381871e-5,1.2162902136570126e-5
-1.132,1.1785369372968533e-5,1.2347345258846514e-5
-1.131,1.1898351871518066e-5,1.2534496672723627e-5
-1.13,1.2012140821126025e-5,1.2724394614386088e-5
-1.129,1.212673569701604e-5,1.2917077829832253e-5
-1.128,1.2242135784146431e-5,1.3112585581018741e-5
-1.127,1.2358340171698025e-5,1.3310957652063385e-5
-1.126,1.2475347747440896e-5,1.351223435550676e-5
-1.125,1.2593157191977667e-5,1.3716456538632372e-5
-1.124,1.2711766972860972e-5,1.3923665589845658e-5
-1.123,1.2831175338582672e-5,1.4133903445111843e-5
-1.122,1.2951380312432346e-5,1.4347212594452752e-5
-1.121,1.3072379686222498e-5,1.456363608850264e-5
-1.12,1.3194171013878e-5,1.4783217545123047e-5
-1.119,1.3316751604887065e-5,1.5006001156076731e-5
-1.118,1.3440118517611188e-5,1.523203169376068e-5
-1.117,1.3564268552451287e-5,1.5461354517998142e-5
-1.116,1.3689198244867329e-5,1.5694015582889717e-5
-1.115,1.3814903858248651e-5,1.593006144372337e-5
-1.114,1.394138137663211e-5,1.6169539263943352e-5
-1.113,1.4068626497265183e-5,1.641249682217786e-5
-1.112,1.4196634623011075e-5,1.6658982519325412e-5
-1.111,1.4325400854592827e-5,1.6909045385699658e-5
-1.11,1.44549199826734e-5,1.7162735088232576e-5
-1.109,1.4585186479768606e-5,1.7420101937735785e-5
-1.108,1.4716194491989765e-5,1.7681196896219763e-5
-1.107,1.484793783061285e-5,1.7946071584270718e-5
-1.106,1.4980409963470883e-5,1.821477828848486e-5
-1.105,1.5113604006166256e-5,1.8487369968959705e-5
-1.104,1.5247512713099583e-5,1.876390026684212e-5
-1.103,1.5382128468311692e-5,1.9044423511932734e-5
-1.102,1.5517443276135217e-5,1.932899473034627e-5
-1.101,1.5653448751652277e-5,1.9617669652227406e-5
-1.1,1.579013611095461e-5,1.9910504719521684e-5
-1.099,1.5927496161202498e-5,2.0207557093800915e-5
-1.098,1.6065519290478744e-5,2.0508884664142605e-5
-1.097,1.6204195457433912e-5,2.0814546055062767e-5
-1.096,1.6343514180718957e-5,2.1124600634501513e-5
-1.095,1.648346452820131e-5,2.143910852186076e-5
-1.094,1.6624035105960472e-5,2.175813059609337e-5
-1.093,1.6765214047058977e-5,2.2081728503842914e-5
-1.092,1.6906989000084692e-5,2.240996466763335e-5
-1.091,1.7049347117460168e-5,2.2742902294107692e-5
-1.09,1.7192275043514827e-5,2.3080605382314874e-5
-1.089,1.733575890231566e-5,2.3423138732043773e-5
-1.088,1.747978428525197e-5,2.377056795220349e-5
-1.087,1.7624336238369727e-5,2.412295946924882e-5
-1.086,1.776939924945097e-5,2.4480380535649798e-5
-1.085,1.7914957234833602e-5,2.484289923840421e-5
-1.084,1.80609935259669e-5,2.5210584507591844e-5
-1.083,1.8207490855697946e-5,2.558350612496925e-5
-1.082,1.8354431344284097e-5,2.5961734732603606e-5
-1.081,1.850179648512658e-5,2.634534184154443e-5
-1.08,1.8649567130220187e-5,2.6734399840531563e-5
-1.079,1.879772347531395e-5,2.7128982004738002e-5
-1.078,1.8946245044777605e-5,2.7529162504545936e-5
-1.077,1.9095110676168624e-5,2.793501641435439e-5
-1.076,1.9244298504494388e-5,2.8346619721416663e-5
-1.075,1.939378594616412e-5,2.8764049334705898e-5
-1.074,1.9543549682625022e-5,2.9187383093806735e-5
-1.073,1.9693565643677e-5,2.961669977783126e-5
-1.072,1.9843808990460304e-5,3.005207911435708e-5
-1.071,1.9994254098110214e-5,3.0493601788385492e-5
-1.07,2.014487453807298e-5,3.0941349451317486e-5
-1.069,2.029564306007696e-5,3.139540472994534e-5
-1.068,2.0446531573752908e-5,3.185585123545734e-5
-1.067,2.059751112989726e-5,3.232277357245325e-5
-1.066,2.0748551901372116e-5,3.2796257347967896e-5
-1.065,2.089962316363559e-5,3.327638918050013e-5
-1.064,2.1050693274896018e-5,3.376325670904457e-5
-1.063,2.1201729655883534e-5,3.4256948602123066e-5
-1.062,2.135269876923227e-5,3.475755456681296e-5
-1.061,2.1503566098466458e-5,3.5265165357769105e-5
-1.06,2.165429612658357e-5,3.57798727862363e-5
-1.059,2.1804852314227486e-5,3.6301769729048956e-5
-1.058,2.1955197077444644e-5,3.683095013761439e-5
-1.057,2.2105291765015952e-5,3.736750904687634e-5
-1.056,2.2255096635357197e-5,3.7911542584254825e-5
-1.055,2.2404570832980508e-5,3.846314797855866e-5
-1.054,2.25536723645094e-5,3.902242356886656e-5
-1.053,2.27023580742397e-5,3.958946881337278e-5
-1.052,2.2850583619238687e-5,4.016438429819304e-5
-1.051,2.2998303443974553e-5,4.074727174612629e-5
-1.05,2.314547075446818e-5,4.133823402536784e-5
-1.049,2.3292037491959203e-5,4.193737515816911e-5
-1.048,2.3437954306078106e-5,4.254480032943915e-5
-1.047,2.3583170527516015e-5,4.3160615895282914e-5
-1.046,2.37276341401838e-5,4.378492939147109e-5
-1.045,2.387129175285182e-5,4.441784954183614e-5
-1.044,2.401408857026171e-5,4.5059486266589024e-5
-1.043,2.4155968363701317e-5,4.5709950690550825e-5
-1.042,2.4296873441033885e-5,4.636935515129345e-5
-1.041,2.4436744616172406e-5,4.7037813207183244e-5
-1.04,2.4575521177989947e-5,4.771543964532129e-5
-1.039,2.4713140858656596e-5,4.840235048937381e-5
-1.038,2.4849539801393623e-5,4.909866300728607e-5
-1.037,2.498465252763522e-5,4.9804495718872756e-5
-1.036,2.5118411903588134e-5,5.051996840327777e-5
-1.035,2.525074910617932e-5,5.124520210629605e-5
-1.034,2.538159358838166e-5,5.198031914754986e-5
-1.033,2.5510873043907612e-5,5.27254431275116e-5
-1.032,2.5638513371260498e-5,5.348069893436526e-5
-1.031,2.5764438637133125e-5,5.4246212750698e-5
-1.03,2.5888571039143143e-5,5.502211206001337e-5
-1.029,2.6010830867894478e-5,5.5808525653057355e-5
-1.028,2.6131136468354105e-5,5.660558363394806e-5
-1.027,2.6249404200533103e-5,5.7413417426099634e-5
-1.026,2.6365548399461024e-5,5.823215977793087e-5
-1.025,2.6479481334442273e-5,5.906194476834836e-5
-1.024,2.6591113167583184e-5,5.990290781199402e-5
-1.023,2.670035191157823e-5,6.07551856642464e-5
-1.022,2.6807103386743776e-5,6.161891642596485e-5
-1.021,2.691127117728757e-5,6.249423954796534e-5
-1.02,2.7012756586801972e-5,6.338129583521635e-5
-1.019,2.7111458592968957e-5,6.428022745074297e-5
-1.018,2.720727380146457e-5,6.519117791922698e-5
-1.017,2.7300096399050512e-5,6.611429213029013e-5
-1.016,2.7389818105840354e-5,6.70497163414479e-5
-1.015,2.7476328126727706e-5,6.799759818072009e-5
-1.014,2.7559513101963554e-5,6.895808664888486e-5
-1.013,2.763925705686982e-5,6.993133212136149e-5
-1.012,2.7715441350676073e-5,7.091748634970802e-5
-1.011,2.7787944624466163e-5,7.191670246271813e-5
-1.01,2.785664274822139e-5,7.292913496710216e-5
-1.009,2.7921408766946743e-5,7.395493974773653e-5
-1.008,2.798211284586649e-5,7.499427406746479e-5
-1.007,2.803862221467542e-5,7.604729656643402e-5
-1.006,2.809080111083173e-5,7.711416726094895e-5
-1.005,2.8138510721877503e-5,7.819504754182622e-5
-1.004,2.818160912677264e-5,7.929010017223041e-5
-1.003,2.8219951236227813e-5,8.039948928497316e-5
-1.002,2.8253388732022034e-5,8.152338037925603e-5
-1.001,2.8281770005290207e-5,8.266194031683713e-5
-1.0,2.8304940093765927e-5,8.381533731760126e-5
-0.999,2.83227406179647e-5,8.498374095451242e-5
-0.998,2.8335009716292538e-5,8.616732214792737e-5
-0.997,2.8341581979064883e-5,8.736625315924752e-5
-0.996,2.8342288381420564e-5,8.858070758388701e-5
-0.995,2.8336956215115495e-5,8.981086034353302e-5
-0.994,2.8325409019180617e-5,9.105688767767443e-5
-0.993,2.8307466509428532e-5,9.231896713437402e-5
-0.992,2.828294450679311e-5,9.35972775602588e-5
-0.991,2.8251654864486353e-5,9.489199908970226e-5
-0.99,2.8213405393956532e-5,9.62033131331716e-5
-0.989,2.816799978963173e-5,9.753140236471252e-5
-0.988,2.811523755243263e-5,9.887645070854294e-5
-0.987,2.805491391203843e-5,0.00010023864332472666
-0.986,2.7986819747889658e-5,0.00010161816659389694
-0.985,2.7910741508911563e-5,0.00010301520810099923
-0.984,2.78264611319417e-5,0.00010442995661802137
-0.983,2.773375595884529e-5,0.00010586260208567888
-0.982,2.763239865230182e-5,0.0001073133355940219
-0.981,2.7522157110246394e-5,0.00010878234936192946
-0.98,2.740279437894923e-5,0.00011026983671545596
-0.979,2.7274068564716635e-5,0.00011177599206499369
-0.978,2.713573274419692e-5,0.00011330101088121408
-0.977,2.698753487327451e-5,0.00011484508966974987
-0.976,2.6829217694535663e-5,0.00011640842594457861
-0.975,2.6660518643289074e-5,0.00011799121820006755
-0.974,2.6481169752124777e-5,0.00011959366588163856
-0.973,2.6290897553994717e-5,0.00012121596935501048
-0.972,2.608942298379843e-5,0.0001228583298739756
-0.971,2.5876461278457255e-5,0.00012452094954666523
-0.97,2.5651721875460726e-5,0.00012620403130025879
-0.969,2.541490830986863e-5,0.00012790777884408874
-0.968,2.5165718109752554e-5,0.00012963239663109377
-0.967,2.4903842690060668e-5,0.00013137808981756937
-0.966,2.4628967244889728e-5,0.00013314506422116592
-0.965,2.4340770638148334e-5,0.0001349335262770811
-0.964,2.4038925292595734e-5,0.00013674368299239326
-0.963,2.3723097077240526e-5,0.00013857574189848025
-0.962,2.3392945193083933e-5,0.00014042991100146734
-0.961,2.3048122057192394e-5,0.00014230639873064573
-0.96,2.2688273185084624e-5,0.00014420541388480228
-0.959,2.2313037071418368e-5,0.00014612716557639883
-0.958,2.192204506896252e-5,0.00014807186317353856
-0.957,2.1514921265840488e-5,0.00015003971623965442
-0.956,2.109128236103103e-5,0.00015203093447085383
-0.955,2.0650737538113184e-5,0.00015404572763085117
-0.954,2.019288833724231e-5,0.00015608430548341877
-0.953,1.9717328525344554e-5,0.0001581468777222843
-0.952,1.9223643964517706e-5,0.00016023365389840154
-0.951,1.8711412478626695e-5,0.0001623448433445187
-0.95,1.818020371808265e-5,0.00016448065509696723
-0.949,1.762957902279487e-5,0.00016664129781459143
-0.948,1.70590912832857e-5,0.00016882697969473786
-0.947,1.6468284799958995e-5,0.00017103790838622033
-0.946,1.5856695140513377e-5,0.0001732742908991752
-0.945,1.522384899549232e-5,0.000175536333511719
-0.944,1.4569264031963845e-5,0.00017782424167331768
-0.943,1.3892448745323317e-5,0.00018013821990477537
-0.942,1.3192902309213812e-5,0.00018247847169474744
-0.941,1.2470114423559314e-5,0.00018484519939268031
-0.94,1.1723565160707066e-5,0.00018723860409807847
-0.939,1.0952724809676284e-5,0.00018965888554599547
-0.938,1.015705371851164e-5,0.00019210624198864456
-0.937,9.336002134740972e-6,0.00019458087007302038
-0.936,8.489010043937883e-6,0.00019708296471442156
-0.935,7.615507006391195e-6,0.00019961271896576035
-0.934,6.714911991884506e-6,0.00020217032388254356
-0.933,5.786633212590535e-6,0.00020475596838340454
-0.932,4.83006795408641e-6,0.00020736983910606482
-0.931,3.844602404497618e-6,0.0002100121202585991
-0.93,2.829611481779964e-6,0.00021268299346587555
-0.929,1.7844586591506665e-6,0.00021538263761103907
-0.928,7.08495788681457e-7,0.0002181112286719024
-0.927,-3.98937076931445e-7,0.00022086893955210635
-0.926,-1.538511864403655e-6,0.0002236559399069072
-0.925,-2.710912661686274e-6,0.00022647239596344508
-0.924,-3.916835901555667e-6,0.00022931847033534424
-0.923,-5.156990546945846e-6,0.00023219432183149214
-0.922,-6.432098277997449e-6,0.00023510010525883992
-0.921,-7.742893680794757e-6,0.000238035971219064
-0.92,-9.090124437759453e-6,0.00024100206589892318
-0.919,-1.0474551519667e-5,0.00024399853085414313
-0.918,-1.1896949379248533e-5,0.00024702550278665427
-0.917,-1.3358106146337993e-5,0.00025008311331500594
-0.916,-1.4858823824521026e-5,0.00025317148873777557
-0.915,-1.6399918489238635e-5,0.0002562907497897854
-0.914,-1.798222048729502e-5,0.00025944101139093725
-0.913,-1.960657463771526e-5,0.0002626223823874691
-0.912,-2.1273840433894517e-5,0.0002658349652854331
-0.911,-2.2984892246976222e-5,0.00026907885597619104
-0.91,-2.4740619530392547e-5,0.00027235414345371585
-0.909,-2.6541927025495625e-5,0.0002756609095234849
-0.908,-2.8389734968203497e-5,0.0002789992285027452
-0.907,-3.028497929657954e-5,0.00028236916691192426
-0.906,-3.222861185925909e-5,0.0002857707831569562
-0.905,-3.4221600624631326e-5,0.00028920412720228716
-0.904,-3.626492989067885e-5,0.00029266924023431764
-0.903,-3.835960049537152e-5,0.0002961661543150349
-0.902,-4.050663002750444e-5,0.00029969489202558174
-0.901,-4.270705303786398e-5,0.00030325546609950296
-0.9,-4.496192125059841e-5,0.0003068478790454046
-0.899,-4.72723037746627e-5,0.00031047212275875423
-0.898,-4.96392873151997e-5,0.0003141281781225458
-0.897,-5.2063976384711695e-5,0.0003178160145965454
-0.896,-5.454749351386863e-5,0.00032153558979482807
-0.895,-5.709097946179016e-5,0.00032528684905130923
-0.894,-5.9695593425630314e-5,0.0003290697249729684
-0.893,-6.236251324928365e-5,0.00033288413698045566
-0.892,-6.509293563102243e-5,0.00033672999083576415
-0.891,-6.788807632986392e-5,0.0003406071781566476
-0.89,-7.074917037045618e-5,0.0003445155759174505
-0.889,-7.367747224625976e-5,0.0003484550459360169
-0.888,-7.66742561207909e-5,0.00035242543434633257
-0.887,-7.974081602667987e-5,0.00035642657105655043
-0.886,-8.287846606228505e-5,0.00036045826919204173
-0.885,-8.608854058559044e-5,0.0003645203245231075
-0.884,-8.937239440510033e-5,0.0003686125148769787
-0.883,-9.273140296743027e-5,0.00037273459953372556
-0.882,-9.616696254127872e-5,0.0003768863186056897
-0.881,-9.968049039744757e-5,0.00038106739240004493
-0.88,-0.00010327342498456382,0.0003852775207640864
-0.879,-0.00010694722610013723,0.00038951638241283904
-0.878,-0.00011070337505657102,0.0003937836342385704
-0.877,-0.00011454337484172377,0.0003980789106017857
-0.876,-0.0001184687502736021,0.0004024018226032743
-0.875,-0.00012248104814874204,0.00040675195733677204
-0.874,-0.0001265818373838174,0.00041112887712179563
-0.873,-0.00013077270914999025,0.00041553211871619836
-0.872,-0.0001350552769994961,0.00041996119250799067
-0.871,-0.0001394311769839327,0.00042441558168596164
-0.87,-0.000143902067763696,0.0004288947413886326
-0.869,-0.00014846963070798107,0.00043339809783106555
-0.868,-0.00015313556998473852,0.0004379250474090468
-0.867,-0.00015790161263994917,0.00044247495578015635
-0.866,-0.00016276950866554987,0.00044704715692123334
-0.865,-0.00016774103105531336,0.00045164095216173786
-0.864,-0.0001728179758479525,0.0004562556091925099
-0.863,-0.00017800216215668703,0.00046089036104941746
-0.862,-0.00018329543218447567,0.0004655444050713872
-0.861,-0.0001886996512240812,0.00047021690183230336
-0.86,-0.00019421670764209841,0.0004749069740462622
-0.859,-0.0001998485128460366,0.0004796137054456646
-0.858,-0.00020559700123350702,0.00048433613963163046
-0.857,-0.0002114641301225249,0.0004890732788962171
-0.856,-0.00021745187966189166,0.0004938240830159253
-0.855,-0.0002235622527205771,0.0004985874680159769
-0.854,-0.00022979727475497548,0.0005033623049048525
-0.853,-0.0002361589936528599,0.0005081474183785794
-0.852,-0.00024264947955280879,0.0005129415854942659
-0.851,-0.0002492708246378258,0.0005177435343123836
-0.85,-0.00025602514290182064,0.0005225519425073077
-0.849,-0.00026291456988756,0.0005273654359456329
-0.848,-0.00026994126239464166,0.0005321825872317952
-0.847,-0.0002771073981559815,0.0005370019142205384
-0.846,-0.0002844151754812424,0.0005418218784957839
-0.845,-0.00029186681286556734,0.0005466408838154733
-0.844,-0.0002994645485619127,0.0005514572745219744
-0.843,-0.0003072106401152067,0.0005562693339176613
-0.842,-0.00031510736385648765,0.0005610752826053028
-0.841,-0.0003231570143550995,0.0005658732767929178
-0.84,-0.0003313619038269479,0.0005706614065627862
-0.839,-0.0003397243614967387,0.0005754376941043362
-0.838,-0.0003482467329120386,0.0005802000919106605
-0.837,-0.0003569313792069143,0.000584946480938457
-0.836,-0.00036578067631281804,0.0005896746687312269
-0.835,-0.00037479701411429834,0.0005943823875056138
-0.834,-0.0003839827955470209,0.0005990672922008127
-0.833,-0.00039334043563549203,0.000603726958491037
-0.832,-0.0004028723604677759,0.0006083588807610877
-0.831,-0.0004125810061043995,0.000612960470045136
-0.83,-0.00042246881741853407,0.0006175290519288991
-0.829,-0.00043253824686443753,0.0006220618644154639
-0.828,-0.0004427917531710338,0.0006265560557550974
-0.827,-0.0004532317999573942,0.0006310086822394687
-0.826,-0.0004638608542667738,0.0006354167059608029
-0.825,-0.0004746813850157402,0.0006397769925365908
-0.824,-0.0004856958613548139,0.000644086308800585
-0.823,-0.0004969067509369223,0.0006483413204609358
-0.822,-0.0005083165180898458,0.0006525385897264411
-0.821,-0.0005199276218887122,0.0006566745729020258
-0.82,-0.0005317425141244722,0.0006607456179547061
-0.819,-0.000543763637164162,0.0006647479620514522
-0.818,-0.0005559934216986314,0.0006686777290705304
-0.817,-0.0005684342843732923,0.0006725309270880753
-0.816,-0.0005810886252973089,0.0006763034458418413
-0.815,-0.0005939588254265288,0.0006799910541742738
-0.814,-0.000607047243815323,0.0006835893974572636
-0.813,-0.0006203562147323795,0.0006870939950011649
-0.812,-0.0006338880446353677,0.0006905002374509109
-0.811,-0.0006476450089992697,0.0006938033841723059
-0.81,-0.0006616293489930548,0.0006969985606318544
-0.809,-0.0006758432679992534,0.0007000807557737682
-0.808,-0.0006902889279708799,0.0007030448193981044
-0.807,-0.0007049684456200397,0.0007058854595443049
-0.806,-0.0007198838884324583,0.0007085972398847534
-0.805,-0.0007350372705020731,0.0007111745771333212
-0.804,-0.000750430548179743,0.000713611738474261
-0.803,-0.000766065615530051,0.0007159028390171992
-0.802,-0.000781944299590109,0.0007180418392844079
-0.801,-0.0007980683554242177,0.0007200225427369759
-0.8,-0.0008144394609681904,0.0007218385933469665
-0.799,-0.0008310592116571235,0.000723483473223141
-0.798,-0.0008479291148303843,0.0007249505002983371
-0.797,-0.0008650505839075928,0.0007262328260871333
-0.796,-0.0008824249323294021,0.0007273234335229902
-0.795,-0.0009000533672569313,0.0007282151348846491
-0.794,-0.00091793698302378,0.0007289005698221841
-0.793,-0.0009360767543346516,0.0007293722034937406
-0.792,-0.0009544735292047474,0.0007296223248246631
-0.791,-0.0009731280216342538,0.0007296430449014061
-0.79,-0.000992040804012443,0.000729426295513342
-0.789,-0.0010112122992461455,0.0007289638278563244
-0.788,-0.0010306427726076285,0.0007282472114126386
-0.787,-0.0010503323232972388,0.0007272678330227658
-0.786,-0.0010702808757165352,0.0007260168961652088
-0.785,-0.0010904881704480644,0.000724485420461475
-0.784,-0.0011109537549384057,0.0007226642414241757
-0.783,-0.0011316769738816514,0.0007205440104670934
-0.782,-0.0011526569593010947,0.0007181151951969748
-0.781,-0.0011738926203275603,0.000715368080007733
-0.78,-0.0011953826326735653,0.0007122927669986833
-0.779,-0.0012171254278033085,0.0007088791772393888
-0.778,-0.0012391191817994016,0.0007051170524046526
-0.777,-0.0012613618039282368,0.0007009959568041623
-0.776,-0.0012838509249069696,0.0006965052798322559
-0.775,-0.0013065838848762825,0.0006916342388642452
-0.774,-0.001329557721084364,0.0006863718826266857
-0.773,-0.0013527691552889375,0.0006807070950699225
-0.772,-0.0013762145808856726,0.0006746285997721592
-0.771,-0.0013998900497729201,0.0006681249649051869
-0.77,-0.001423791258964467,0.0006611846087927649
-0.769,-0.0014479135369638563,0.0006537958060934518
-0.768,-0.0014722518299158246,0.0006459466946404391
-0.767,-0.0014968006875525314,0.0006376252829716292
-0.766,-0.0015215542489545272,0.0006288194585838138
-0.765,-0.0015465062281488108,0.0006195169969453318
-0.764,-0.0015716498995688806,0.0006097055713020115
-0.763,-0.001596978083404376,0.0005993727633115128
-0.762,-0.001622483130870755,0.0005885060745413637
-0.761,-0.001648156909432429,0.000577092938866026
-0.76,-0.0016739907880159199,0.0005651207357981934
-0.759,-0.001699975622252869,0.0005525768047892276
-0.758,-0.001726101739796149,0.0005394484605331328
-0.757,-0.0017523589257558685,0.0005257230093077555
-0.756,-0.001778736408305742,0.0005113877663859386
-0.755,-0.001805222844514084,0.0004964300745481537
-0.754,-0.0018318063064575946,0.000480837323726647
-0.753,-0.0018584742676800935,0.0004645969718093439
-0.752,-0.0018852135900624509,0.0004476965666296562
-0.751,-0.001912010511174092,0.0004301237691658781
-0.75,-0.0019388506321806544,0.0004118663779710431
-0.749,-0.0019657189063865764,0.0003929123548509112
-0.748,-0.001992599628495609,0.0003732498518041389
-0.747,-0.0020194764246764065,0.00035286723923464607
-0.746,-0.0020463322435244724,0.0003317531354416994
-0.745,-0.0020731493480157397,0.00030989643738827527
-0.744,-0.0020999093085509375,0.0002872863527428206
-0.743,-0.0021265929971935886,0.0002639124331835917
-0.742,-0.0021531805832079513,0.0002397646089482992
-0.741,-0.002179651530006412,0.00021483322460481968
-0.74,-0.0022059845936187,0.00018910907601124073
-0.739,-0.0022321578227977802,0.0001625834484254913
-0.738,-0.0022581485608793345,0.0001352481557162694
-0.737,-0.00228393344951327,0.00010709558061792935
-0.736,-0.0023094884343866887,7.81187159624414e-5
-0.735,-0.00233478877305809,4.8311206811510434e-5
-0.734,-0.002359809045022231,1.7667393401462846e-5
-0.733,-0.0023845231641239505,-1.381764519738156e-5
-0.732,-0.002408904393437306,-4.61480468164022e-5
-0.731,-0.0024329253627235294,-7.932712144057241e-5
-0.73,-0.0024565580885774437,-0.00011335730610954488
-0.729,-0.002479773997367155,-0.0001482401196129619
-0.728,-0.0025025439510658215,-0.00018397611713718532
-0.727,-0.0025248382760672153,-0.00022056484503283117
-0.726,-0.0025466267950684136,-0.00025800479588461444
-0.725,-0.0025678788620933867,-0.0002962933640769547
-0.724,-0.002588563400720345,-0.00033542680206044665
-0.723,-0.0026086489455634937,-0.00037540017753553577
-0.722,-0.0026281036870462876,-0.00041620733178042625
-0.721,-0.0026468955194883575,-0.00045784083936023924
-0.72,-0.0026649920925120646,-0.0005002919694635978
-0.719,-0.002682360865757036,-0.0005435506491209699
-0.718,-0.0026989691668722325,-0.000587605428566115
-0.717,-0.002714784252735014,-0.0006324434490076703
-0.716,-0.002729773373825471,-0.000678050413082141
-0.715,-0.002743903841662045,-0.0007244105582621446
-0.714,-0.0027571430991812475,-0.0007715066334945607
-0.713,-0.002769458793920332,-0.0008193198793420927
-0.712,-0.0027808188538371104,-0.0008678300118985279
-0.711,-0.002791191565576032,-0.000917015210742535
-0.71,-0.002800545654964275,-0.0009668521111870767
-0.709,-0.0028088503694961913,-0.0010173158010713037
-0.708,-0.002816075562539214,-0.0010683798223290895
-0.707,-0.0028221917789695563,-0.001120016177553081
-0.706,-0.0028271703419219434,-0.0011721953417552526
-0.705,-0.0028309834403145084,-0.0012248862795044702
-0.704,-0.002833604216788156,-0.001278056467598496
-0.703,-0.0028350068556794107,-0.0013316719234022845
-0.702,-0.0028351666706273493,-0.0013856972389563991
-0.701,-0.002834060191398932,-0.0014400956209290664
-0.7,-0.0028316652495031995,-0.0014948289364529336
-0.699,-0.002827961062153654,-0.001549857764853208
-0.698,-0.0028229283141299544,-0.0016051414552377685
-0.697,-0.002816549237085064,-0.001660638189882318
-0.696,-0.0028088076858424067,-0.0017163050533050082
-0.695,-0.0027996892112295882,-0.0017720981068855151
-0.694,-0.0027891811290009813,-0.0018279724688436772
-0.693,-0.0027772725844110425,-0.0018838823993528766
-0.692,-0.0027639546120137226,-0.0019397813905237733
-0.691,-0.002749220190280732,-0.001995622260955184
-0.69,-0.002733064290652724,-0.0020513572545112976
-0.689,-0.0027154839206625847,-0.002106938142948404
-0.688,-0.00269647816079881,-0.0021623163319803734
-0.687,-0.002676048194809275,-0.002217442970340605
-0.686,-0.0026541973331812743,-0.002272269061369527
-0.685,-0.0026309310295722986,-0.002326745576631273
-0.684,-0.0026062568900072714,-0.002380823571041316
-0.683,-0.002580184674701521,-0.0024344542989687963
-0.682,-0.0025527262924142295,-0.0024875893307634337
-0.681,-0.0025238957872840283,-0.0025401806691473586
-0.68,-0.00249370931814633,-0.0025921808649071805
-0.679,-0.002462185130380443,-0.0026435431313212112
-0.678,-0.0024293435203829867,-0.0026942214567610362
-0.677,-0.0023952067928121007,-0.0027441707149155605
-0.676,-0.002359799210793985,-0.0027933467720992295
-0.675,-0.0023231469393288316,-0.002841706591124145
-0.674,-0.0022852779821768334,-0.0028892083312381475
-0.673,-0.0022462221125461685,-0.0029358114436573613
-0.672,-0.0022060107979432757,-0.002981476762251893
-0.671,-0.0021646771195809687,-0.0030261665889770415
-0.67,-0.0021222556867716387,-0.003069844773679137
-0.669,-0.0020787825467606905,-0.0031124767879445424
-0.668,-0.00203429509047919,-0.0031540297927020278
-0.667,-0.0019888319547143084,-0.003194472699332198
-0.666,-0.0019424329212113828,-0.003233776224082416
-0.665,-0.0018951388132321912,-0.003271912935631282
-0.664,-0.0018469913901003965,-0.003308857295692701
-0.663,-0.0017980332402670173,-0.0033445856925954243
-0.662,-0.0017483076734263827,-0.003379076467819241
-0.661,-0.0016978586122064388,-0.0034123099355132594
-0.66,-0.001646730483946688,-0.0034442683950646
-0.659,-0.0015949681130626985,-0.0034749361368268533
-0.658,-0.0015426166144782774,-0.003504299441156586
-0.657,-0.0014897212885853657,-0.003532346570942626
-0.656,-0.0014363275181678047,-0.00355906775784662
-0.655,-0.0013824806676987025,-0.0035844551825041393
-0.654,-0.0013282259853925318,-0.0036085029489633263
-0.653,-0.0012736085083627177,-0.0036312070536625132
-0.652,-0.0012186729712036638,-0.003652565349269362
-0.651,-0.0011634637182833273,-0.003672577503721815
-0.65,-0.0011080246199989066,-0.003691244954825518
-0.649,-0.001052398993214339,-0.0037085708607733896
-0.648,-0.000996629526064432,-0.0037245600469607634
-0.647,-0.0009407582072768861,-0.0037392189494741355
-0.646,-0.0008848262601305243,-0.003752555555633086
-0.645,-0.0008288740811359515,-0.003764579341963662
-0.644,-0.0007729411834939086,-0.003775301209977506
-0.643,-0.0007170661453569429,-0.003784733420124532
-0.642,-0.0006612865628918866,-0.00379288952427822
-0.641,-0.0006056390081141683,-0.003799784297101777
-0.64,-0.0005501589914403063,-0.0038054336666308213
-0.639,-0.000494880928882136,-0.0038098546443940287
-0.638,-0.00043983811378549563,-0.00381306525537762
-0.637,-0.0003850626929972482,-0.0038150844681229083
-0.636,-0.000330585647327707,-0.003815932125228511
-0.635,-0.00027643677616072366,-0.003815628874510595
-0.634,-0.00022264468605089036,-0.003814196101055748
-0.633,-0.00016923678313644278,-0.0038116558603820357
-0.632,-0.000116239269187482,-0.0038080308129046637
-0.631,-6.367714110198072e-5,-0.003803344159883562
-0.63,-1.1574193656621112e-5,-0.0037976195810113275
-0.629,4.004697468426685e-5,-0.0037908811737814314
-0.628,9.116495310063778e-5,-0.0037831533947585115
-0.627,0.00014175950708931646,-0.0037744610028550723
-0.626,0.00019181156467651197,-0.0037648290047020854
-0.625,0.00024130320036782553,-0.0037542826021848526
-0.624,0.0002902176170305181,-0.0037428471422002204
-0.623,0.000338539125899032,-0.0037305480686767494
-0.622,0.0003862531248901265,-0.003717410876885891
-0.621,0.0004333460754086042,-0.003703461070059541
-0.62,0.0004798054778185751,-0.0036887241183176126
-0.619,0.0005256198457486336,-0.0036732254198984502
-0.618,0.0005707786793923064,-0.003656990264675013
-0.617,0.0006152724379577534,-0.003640043799930782
-0.616,0.0006590925114130652,-0.0036224109983612513
-0.615,0.0007022311916656583,-0.0036041166282596462
-0.614,0.0007446816433063251,-0.0035851852258391285
-0.613,0.0007864378740404831,-0.0035656410696381672
-0.612,0.0008274947049211729,-0.003545508156950946
-0.611,0.000867847740490418,-0.003524810182220591
-0.61,0.0009074933389277314,-0.00350357051732961
-0.609,0.0009464285822968755,-0.0034818121937191695
-0.608,0.0009846512469744962,-0.0034595578862667005
-0.607,0.0010221597743369742,-0.003436829898849696
-0.606,0.001058953241774812,-0.003413650151522517
-0.605,0.0010950313340971104,-0.003390040169232368
-0.604,0.001130394315382209,-0.003366021072000445
-0.603,0.0011650430013243724,-0.0033416135664944414
-0.602,0.0011989787321205329,-0.0033168379389191586
-0.601,0.0012322033459355151,-0.003291714049152803
-0.6,0.0012647191529789222,-0.0032662613260577176
-0.599,0.0012965289102219103,-0.0032404987638956283
-0.598,0.0013276357967774528,-0.0032144449197790987
-0.597,0.0013580433899633624,-0.00318811791209263
-0.596,0.0013877556420633303,-0.0031615354198187484
-0.595,0.001416776857797504,-0.0031347146827064667
-0.594,0.0014451116725106938,-0.0031076725022216286
-0.593,0.0014727650310831302,-0.0030804252432208596
-0.592,0.0014997421675658088,-0.0030529888362931207
-0.591,0.001526048585539808,-0.0030253787807151536
-0.59,0.0015516900391965823,-0.002997610147969459
-0.589,0.001576672515134067,-0.0029696975857757667
-0.588,0.0016010022148614895,-0.0029416553225893012
-0.587,0.001624685538004052,-0.0029134971725214595
-0.586,0.0016477290661971143,-0.0028852365406408054
-0.585,0.001670139547658155,-0.0028568864286145344
-0.584,0.0016919238824236065,-0.0028284594406527723
-0.583,0.00171308910823665,-0.002799967789720227
-0.582,0.0017336423870711794,-0.002771423303981815
-0.581,0.0017535909922764205,-0.0027428374334509064
-0.58,0.0017729422963260882,-0.0027142212568108345
-0.579,0.0017917037591554826,-0.0026855854883821866
-0.578,0.0018098829170695497,-0.0026569404852102557
-0.577,0.0018274873722046567,-0.002628296254248778
-0.576,0.0018445247825266485,-0.0025996624596177744
-0.575,0.0018610028523476487,-0.0025710484299149403
-0.574,0.0018769293233440382,-0.002542463165561551
-0.573,0.0018923119660580812,-0.0025139153461653484
-0.572,0.0019071585718657721,-0.0024854133378842402
-0.571,0.00192147694539362,-0.0024569652007759984
-0.57,0.0019352748973672914,-0.0024285786961203877
-0.569,0.001948560237875267,-0.002400261293701338
-0.568,0.0019613407700309485,-0.0023720201790379154
-0.567,0.001973624284016956,-0.002343862260553891
-0.566,0.0019854185514956908,-0.0023157941766767005
-0.565,0.001996731320370599,-0.002287822302857541
-0.564,0.0020075703098829407,-0.002259952758505203
-0.563,0.002017943206029273,-0.0022321914138270873
-0.562,0.0020278576572852415,-0.0022045438965715893
-0.561,0.0020373212706217107,-0.0021770155986667893
-0.56,0.002046341607799663,-0.002149611682751015
-0.559,0.0020549261819307425,-0.0021223370885915015
-0.558,0.0020630824542907204,-0.002095196539387915
-0.557,0.0020708178313736236,-0.002068194547958071
-0.556,0.0020781396621746533,-0.0020413354228036498
-0.555,0.002085055235690486,-0.002014623274054179
-0.554,0.0020915717786259363,-0.001988062019287974
-0.553,0.002097696453296396,-0.0019616553892291004
-0.552,0.0021034363557158684,-0.001935406933319796
-0.551,0.002108798513860818,-0.0019093200251680987
-0.55,0.0021137898861004444,-0.0018833978678707262
-0.549,0.0021184173597843924,-0.001857643499211526
-0.548,0.002122687749979264,-0.0018320597967360559
-0.547,0.002126607798345685,-0.0018066494827030735
-0.546,0.0021301841721480287,-0.0017814151289139196
-0.545,0.002133423463389242,-0.0017563591614209464
-0.544,0.0021363321880635707,-0.0017314838651163171
-0.543,0.002138916785520289,-0.0017067913882026315
-0.542,0.0021411836179318733,-0.001682283746546964
-0.541,0.002143138969860357,-0.0016579628279200119
-0.54,0.002144789047915894,-0.0016338303961221442
-0.539,0.002146139980501856,-0.001609888094998225
-0.538,0.0021471978176410525,-0.0015861374523431604
-0.537,0.0021479685308779368,-0.0015625798837001698
-0.536,0.0021484580132519007,-0.001539216696053841
-0.535,0.0021486720793370286,-0.0015160490914200614
-0.534,0.002148616465343888,-0.0014930781703349507
-0.533,0.0021482968292791827,-0.0014703049352449472
-0.532,0.0021477187511593,-0.0014477302938002122
-0.531,0.0021468877332739894,-0.0014253550620535267
-0.53,0.002145809200496609,-0.0014031799675668596
-0.529,0.002144488500637576,-0.0013812056524277851
-0.528,0.0021429309048378135,-0.0013594326761779167
-0.527,0.0021411416079991923,-0.0013378615186555184
-0.526,0.0021391257292491016,-0.001316492582754433
-0.525,0.002136888312436458,-0.0012953261971014565
-0.524,0.002134434326656607,-0.0012743626186542515
-0.523,0.00213176866680271,-0.0012536020352218872
-0.522,0.0021288961541413615,-0.001233044567910045
-0.521,0.002125821536910288,-0.0012126902734929152
-0.52,0.0021225494909361243,-0.0011925391467137707
-0.519,0.0021190846202703696,-0.0011725911225161714
-0.518,0.002115431457841743,-0.0011528460782077193
-0.517,0.002111594466123256,-0.001133303835558249
-0.516,0.0021075780378124365,-0.0011139641628342993
-0.515,0.0021033864965232106,-0.0010948267767716753
-0.514,0.0020990240974880663,-0.0010758913444878738
-0.513,0.002094495028269186,-0.0010571574853361003
-0.512,0.0020898034094773347,-0.0010386247727025752
-0.511,0.0020849532954973493,-0.0010202927357487804
-0.51,0.0020799486752191743,-0.0010021608611002594
-0.509,0.0020747934727734225,-0.0009842285944835522
-0.508,0.0020694915482705454,-0.0009664953423127919
-0.507,0.002064046698542725,-0.0009489604732274682
-0.506,0.0020584626578876767,-0.0009316233195828113
-0.505,0.0020527430988136084,-0.000914483178894218
-0.504,0.0020468916327846236,-0.0008975393152371001
-0.503,0.0020409118109659115,-0.0008807909606035022
-0.502,0.002034807124968116,-0.0008642373162167944
-0.501,0.0020285810075903175,-0.0008478775538057113
-0.5,0.002022236833561094,-0.0008317108168389729
-0.499,0.0020157779202771915,-0.0008157362217216883
-0.498,0.002009207528539338,-0.0007999528589547049
-0.497,0.0020025288632847956,-0.0007843597942580391
-0.496,0.00199574507431627,-0.0007689560696594822
-0.495,0.001988859257026822,-0.0007537407045494515
-0.494,0.001981874453120461,-0.0007387126967031191
-0.493,0.0019747936513281267,-0.0007238710232708209
-0.492,0.0019676197881187876,-0.0007092146417377203
-0.491,0.001960355748405414,-0.0006947424908536693
-0.49,0.0019530043662455995,-0.0006804534915341808
-0.489,0.0019455684255366321,-0.0006663465477334001
-0.488,0.0019380506607048294,-0.0006524205472899325
-0.487,0.0019304537573889783,-0.0006386743627463612
-0.486,0.0019227803531177323,-0.0006251068521432613
-0.485,0.0019150330379808327,-0.0006117168597884905
-0.484,0.0019072143552940448,-0.0005985032170025142
-0.483,0.001899326802257704,-0.0005854647428404964
-0.482,0.0018913728306087874,-0.0005726002447918688
-0.481,0.001883354847266432,-0.0005599085194580608
-0.48,0.0018752752149708426,-0.0005473883532090617
-0.479,0.0018671362529155283,-0.0005350385228194535
-0.478,0.0018589402373728327,-0.0005228577960845421
-0.477,0.0018506894023127178,-0.0005108449324171889
-0.476,0.0018423859400147817,-0.0004989986834259284
-0.475,0.001834032001673489,-0.00048731779347493574
-0.474,0.0018256296979966076,-0.0004758010002263942
-0.473,0.0018171810997968472,-0.0004644470351657913
-0.472,0.0018086882385767043,-0.0004532546241106574
-0.471,0.0018001531071065217,-0.00044222248770324317
-0.47,0.0017915776599957802,-0.00043134934188761683
-0.469,0.0017829638142576386,-0.00042063389837164656
-0.468,0.0017743134498667502,-0.00041007486507431895
-0.467,0.0017656284103103816,-0.00039967094655882907
-0.466,0.0017569105031328682,-0.00038942084445186436
-0.465,0.0017481615004734414,-0.00037932325784949137
-0.464,0.001739383139597467,-0.00036937688371004046
-0.463,0.0017305771234211367,-0.00035958041723437213
-0.462,0.001721745121029659,-0.00034993255223389464
-0.461,0.001712888768188994,-0.00034043198148669317
-0.46,0.0017040096678511835,-0.00033107739708211745
-0.459,0.0016951093906533276,-0.00032186749075416467
-0.458,0.00168618947541026,-0.00031280095420398326
-0.457,0.0016772514296009768,-0.0003038764794118141
-0.456,0.0016682967298488744,-0.00029509275893867395
-0.455,0.0016593268223958559,-0.0002864484862180779
-0.454,0.00165034312357036,-0.00027794235583808745
-0.453,0.0016413470202493753,-0.00026957306381396225
-0.452,0.0016323398703144982,-0.0002613393078516849
-0.451,0.0016233230031020942,-0.0002532397876026195
-0.45,0.001614297719847625,-0.0002452732049095568
-0.449,0.001605265294124202,-0.00023743826404439139
-0.448,0.001596226972275428,-0.00022973367193766803
-0.447,0.0015871839738425895,-0.00022215813840022764
-0.446,0.00157813749198626,-0.0002147103763371758
-0.445,0.00156908869390238,-0.00020738910195439064
-0.444,0.001560038721232871,-0.00020019303495777987
-0.443,0.0015509886904708505,-0.00019312089874549016
-0.442,0.0015419396933605055,-0.00018617142059326663
-0.441,0.00153289279729169,-0.00017934333183315383
-0.44,0.0015238490456893062,-0.00017263536802572405
-0.439,0.0015148094583975287,-0.00016604626912601308
-0.438,0.0015057750320589386,-0.00015957477964333844
-0.437,0.0014967467404886203,-0.00015321964879517005
-0.436,0.0014877255350432877,-0.00014697963065521763
-0.435,0.0014787123449854955,-0.00014085348429589543
-0.434,0.001469708077842997,-0.00013483997392531923
-0.433,0.0014607136197633058,-0.0001289378690189865
-0.432,0.001451729835863521,-0.00012314594444628636
-0.431,0.0014427575705754732,-0.00011746298059198143
-0.43,0.0014337976479862472,-0.00011188776347280015
-0.429,0.0014248508721741403,-0.00010641908484927332
-0.428,0.0014159180275401116,-0.00010105574233294589
-0.427,0.001406999879134776,-9.579653948909065e-5
-0.426,0.001398097172981002,-9.064028593504704e-5
-0.425,0.0013892106363921615,-8.558579743430491e-5
-0.424,0.0013803409782860928,-8.06318959864499e-5
-0.423,0.0013714888894948239,-7.57774099130837e-5
-0.422,0.0013626550430701097,-7.102117393982924e-5
-0.421,0.0013538400945848402,-6.63620292745282e-5
-0.42,0.001345044682430363,-6.179882368173487e-5
-0.419,0.001336269428109777,-5.733041155360818e-5
-0.418,0.001327514936527244,-5.295565397730005e-5
-0.417,0.001318781796273371,-4.8673418798936685e-5
-0.416,0.0013100705799067077,-4.448258068428594e-5
-0.415,0.0013013818442314104,-4.038202117620192e-5
-0.414,0.0012927161305711207,-3.637062874893541e-5
-0.413,0.0012840739650391028,-3.2447298859396347e-5
-0.412,0.001275455858804689,-2.8610933995452457e-5
-0.411,0.0012668623083560775,-2.486044372134577e-5
-0.41,0.0012582937957595283,-2.119474472030681e-5
-0.409,0.0012497507889150021,-1.7612760834444024e-5
-0.408,0.0012412337418082862,-1.4113423101984165e-5
-0.407,0.0012327430947596508,-1.0695669791937303e-5
-0.406,0.0012242792746690774,-7.358446436258282e-6
-0.405,0.001215842695258106,-4.100705859574672e-6
-0.404,0.0012074337573083369,-9.214082065494054e-7
-0.403,0.0011990528488966337,2.1804790330553356e-6
-0.402,0.0011907003456270648,5.205981001548166e-6
-0.401,0.0011823766108596259,8.156115452649227e-6
-0.4,0.0011740819959357809,1.1031892732939944e-5
-0.399,0.0011658168404008644,1.3834315765361675e-5
-0.398,0.0011575814722233784,1.6564380034704612e-5
-0.397,0.0011493762080112277,1.9223073575029717e-5
-0.396,0.0011412013532249275,2.1811376958967908e-5
-0.395,0.0011330572023878216,2.4330263288842028e-5
-0.394,0.001124944039293349,2.6780698189558513e-5
-0.393,0.0011168621372093933,2.9163639803216898e-5
-0.392,0.0011088117590797519,3.148003878538663e-5
-0.391,0.0011007931577227592,3.373083830300179e-5
-0.39,0.001092806576027101,3.591697403382559e-5
-0.389,0.001084852247144851,3.803937416743761e-5
-0.388,0.0010769303946817667,4.009895940769794e-5
-0.387,0.0010690412328848752,4.209664297664332e-5
-0.386,0.0010611849668273848,4.403333061977169e-5
-0.385,0.001053361792590954,4.5909920612672355e-5
-0.384,0.0010455718974453476,4.7727303768960167e-5
-0.383,0.001037815460025517,4.948636344947293e-5
-0.382,0.0010300926505061305,5.1187975572692416e-5
-0.381,0.0010224036307735901,5.283300862635008e-5
-0.38,0.0010147485545955596,5.442232368017969e-5
-0.379,0.0010071275677880393,5.59567743997798e-5
-0.378,0.0009995408083800137,5.743720706154996e-5
-0.377,0.0009919884067757052,5.8864460568665404e-5
-0.376,0.0009844704859144587,6.023936646805575e-5
-0.375,0.0009769871614282886,6.1562748968354e-5
-0.374,0.0009695385417971168,6.283542495878308e-5
-0.373,0.0009621247285017273,6.405820402894774e-5
-0.372,0.000954745816174469,6.523188848950045e-5
-0.371,0.0009474018927477291,6.635727339365078e-5
-0.37,0.0009400930396002095,6.743514655948816e-5
-0.369,0.0009328193317010277,6.846628859308911e-5
-0.368,0.0009255808377516726,6.945147291238004e-5
-0.367,0.0009183776203258389,7.039146577172807e-5
-0.366,0.0009112097360071674,7.128702628723245e-5
-0.365,0.0009040772355249142,7.213890646269017e-5
-0.364,0.000896980163887577,7.294785121620958e-5
-0.363,0.0008899185605145009,7.371459840744695e-5
-0.362,0.0008828924593654888,7.443987886544086e-5
-0.361,0.0008759018890684413,7.51244164170206e-5
-0.36,0.0008689468730450487,7.57689279157647e-5
-0.359,0.0008620274296345603,7.637412327148668e-5
-0.358,0.0008551435722156525,7.694070548022536e-5
-0.357,0.0008482953093264204,7.746937065471795e-5
-0.356,0.0008414826447825137,7.796080805533418e-5
-0.355,0.000834705577793442,7.84157001214508e-5
-0.354,0.0008279641030770694,7.883472250324581e-5
-0.353,0.0008212582109723205,7.921854409389234e-5
-0.352,0.0008145878875501218,7.956782706213303e-5
-0.351,0.0008079531147225964,7.988322688521554e-5
-0.35,0.000801353870350536,8.016539238217068e-5
-0.349,0.0007947901283491696,8.041496574741522e-5
-0.348,0.0007882618587922504,8.063258258466142e-5
-0.347,0.0007817690280144796,8.081887194111623e-5
-0.346,0.0007753115987122905,8.097445634195315e-5
-0.345,0.0007688895300430084,8.109995182504038e-5
-0.344,0.0007625027777224101,8.119596797590935e-5
-0.343,0.0007561512941206998,8.126310796294769e-5
-0.342,0.0007498350283569215,8.13019685728018e-5
-0.341,0.0007435539263918266,8.131314024597366e-5
-0.34,0.000737307931119216,8.129720711259792e-5
-0.339,0.0007310969824557742,8.125474702838462e-5
-0.338,0.0007249210174294143,8.118633161071409e-5
-0.337,0.0007187799702661526,8.109252627487058e-5
-0.336,0.0007126737724755285,8.097389027040132e-5
-0.335,0.0007066023529345898,8.083097671758845e-5
-0.334,0.0007005656379704597,8.066433264402143e-5
-0.333,0.0006945635514415011,8.047449902125755e-5
-0.332,0.0006885960148170992,8.026201080155915e-5
-0.331,0.0006826629472560744,8.002739695469581e-5
-0.33,0.0006767642656837458,7.977118050480036e-5
-0.329,0.0006708998848676595,7.949387856726802e-5
-0.328,0.000665069717491999,7.919600238568784e-5
-0.327,0.0006592736742306925,7.887805736879641e-5
-0.326,0.0006535116638192348,7.85405431274437e-5
-0.325,0.0006477835931252364,7.818395351156123e-5
-0.324,0.0006420893672177189,7.780877664712336e-5
-0.323,0.0006364288894351681,7.741549497309225e-5
-0.322,0.0006308020614523628,7.700458527833771e-5
-0.321,0.0006252087833459923,7.657651873852327e-5
-0.32,0.0006196489536590778,7.613176095295e-5
-0.319,0.0006141224694642128,7.567077198134994e-5
-0.318,0.0006086292264256348,7.519400638062121e-5
-0.317,0.0006031691188601455,7.470191324149713e-5
-0.316,0.0005977420397968898,7.419493622514189e-5
-0.315,0.0005923478810360102,7.367351359966547e-5
-0.314,0.000586986533206189,7.313807827655103e-5
-0.313,0.0005816578858210909,7.258905784698772e-5
-0.312,0.0005763618273347216,7.20268746181025e-5
-0.311,0.0005710982451957123,7.145194564908472e-5
-0.31,0.0005658670259005456,7.086468278719708e-5
-0.309,0.0005606680550457341,7.02654927036673e-5
-0.308,0.000555501217378965,6.965477692945455e-5
-0.307,0.0005503663968492223,6.903293189088535e-5
-0.306,0.0005452634766558996,6.840034894515338e-5
-0.305,0.0005401923392969148,6.775741441567823e-5
-0.304,0.0005351528666158403,6.710450962731806e-5
-0.303,0.000530144939848057,6.64420109414315e-5
-0.302,0.0005251684396659486,6.577028979078401e-5
-0.301,0.0005202232462231428,6.508971271429452e-5
-0.3,0.0005153092391978139,6.44006413916181e-5
-0.299,0.0005104262978350572,6.370343267756039e-5
-0.298,0.000505574300988345,6.299843863632021e-5
-0.297,0.0005007531271600771,6.228600657555642e-5
-0.296,0.0004959626545412351,6.156647908027556e-5
-0.295,0.0004912027610501507,6.084019404653692e-5
-0.294,0.0004864733243704004,6.010748471497175e-5
-0.293,0.00048177422198783526,5.936867970411351e-5
-0.292,0.0004771053312267557,5.8624103043536363e-5
-0.291,0.00047246652928524297,5.787407420679908e-5
-0.29,0.00046785769326965546,5.7118908144191626e-5
-0.289,0.00046327870022830103,5.63589153152822e-5
-0.288,0.00045872942718429364,5.5594401721262155e-5
-0.287,0.00045420975116760497,5.482566893708681e-5
-0.286,0.00044971954924632,5.4053014143409926e-5
-0.285,0.00044525869855710514,5.3276730158310126e-5
-0.284,0.00044082707633489926,5.249710546880733e-5
-0.283,0.00043642455994183566,5.171442426216762e-5
-0.282,0.0004320510268954043,5.09289664569951e-5
-0.281,0.0004277063548958625,5.014100773410918e-5
-0.28,0.0004233904218529042,4.935081956720627e-5
-0.279,0.0004191031059115941,4.8558669253304554e-5
-0.278,0.00041484428547757695,4.776481994297095e-5
-0.277,0.00041061383924156973,4.696953067032929e-5
-0.276,0.00040641164620314413,4.617305638284908e-5
-0.275,0.0004022375856938088,4.5375647970914025e-5
-0.274,0.0003980915373993978,4.45775522971699e-5
-0.273,0.0003939733813817749,4.3779012225651354e-5
-0.272,0.0003898829980998592,4.2980266650687227e-5
-0.271,0.00038582026842998195,4.2181550525584316e-5
-0.27,0.00038178507368558074,4.138309489108944e-5
-0.269,0.00037777729563623873,4.058512690362978e-5
-0.268,0.00037379681652607665,3.978786986333173e-5
-0.267,0.00036984351909150433,3.89915432418184e-5
-0.266,0.0003659172865783391,3.8196362709786086e-5
-0.265,0.00036201800275829823,3.740254016436029e-5
-0.264,0.000358145551944872,3.66102837562316e-5
-0.263,0.0003542998190085846,3.5819797916572296e-5
-0.262,0.00035048068939164947,3.503128338373421e-5
-0.261,0.0003466880491220254,3.424493722972881e-5
-0.26,0.0003429217848268807,3.346095288649038e-5
-0.259,0.0003391817837454715,3.2679520171923286e-5
-0.258,0.00033546793374144017,3.190082531573447e-5
-0.257,0.000331780123314541,3.112505098505238e-5
-0.256,0.0003281182416117987,3.035237630983356e-5
-0.255,0.0003244821784381065,2.9582976908058407e-5
-0.254,0.00032087182426626903,2.881702491071738e-5
-0.253,0.00031728707024649696,2.8054688986589403e-5
-0.252,0.0003137278082153585,2.729613436681393e-5
-0.251,0.000310193930704194,2.6541522869258573e-5
-0.25,0.0003066853309469995,2.579101292268389e-5
-0.249,0.0003032019028877847,2.5044759590707424e-5
-0.248,0.0002997435411874106,2.4302914595568834e-5
-0.247,0.00029631014122991355,2.35656263416982e-5
-0.246,0.0002929015991283199,2.2833039939089684e-5
-0.245,0.00028951781172995705,2.2105297226482656e-5
-0.244,0.00028615867662126683,2.1382536794352684e-5
-0.243,0.00028282409213212565,2.066489400771467e-5
-0.242,0.00027951395733967716,1.9952501028740602e-5
-0.241,0.0002762281720716826,1.9245486839194466e-5
-0.24,0.0002729666369093934,1.854397726268683e-5
-0.239,0.0002697292531899519,1.784809498675187e-5
-0.238,0.00026651592300832406,1.7157959584749478e-5
-0.237,0.00026332654921877097,1.6473687537595327e-5
-0.236,0.00026016103543586135,1.5795392255321734e-5
-0.235,0.00025701928603503245,1.5123184098472285e-5
-0.234,0.0002539012061527025,1.4457170399333262e-5
-0.233,0.00025080670168594027,1.3797455483004922e-5
-0.232,0.000247735679291696,1.3144140688315827e-5
-0.231,0.00024468804638559834,1.249732438858341e-5
-0.23,0.00024166371114032244,1.1857102012224113e-5
-0.229,0.0002386625824835328,1.1223566063216418e-5
-0.228,0.00023568457009540638,1.0596806141420226e-5
-0.227,0.00023272958440573993,9.97690896275605e-6
-0.226,0.0002297975365906459,9.363958379247586e-6
-0.225,0.00022688833856884165,8.758035398931289e-6
-0.224,0.0002240019029975363,8.159218205636615e-6
-0.223,0.00022113814326791918,7.567582178640693e-6
-0.222,0.00021829697350025476,6.983199912201214e-6
-0.221,0.00021547830853858797,6.406141234971415e-6
-0.22,0.0002126820639450643,5.836473229301083e-6
-0.219,0.00020990815599386894,5.274260250427559e-6
-0.218,0.00020715650166478906,4.719563945560799e-6
-0.217,0.00020442701863640364,4.172443272866587e-6
-0.216,0.0002017196252789048,3.6329545203520696e-6
-0.215,0.00019903424064655502,3.101151324657828e-6
-0.214,0.00019637078446978418,2.57708468976077e-6
-0.213,0.0001937291771469308,2.060803005592173e-6
-0.212,0.00019110933973563122,1.5523520665752666e-6
-0.211,0.00018851119394386142,1.0517750900868028e-6
-0.21,0.00018593466212063505,5.591127348471114e-7
-0.209,0.00018337966724636198,7.440311924319458e-8
-0.208,0.00018084613292287152,-4.023181604105335e-7
-0.207,0.0001783339833631045,-8.710180116692006e-7
-0.206,0.00017584314338047778,-1.3316658278074144e-6
-0.205,0.00017337353837792633,-1.7842334697174185e-6
-0.204,0.00017092509433662564,-2.2286952478506567e-6
-0.203,0.00016849773780439972,-2.665027904197876e-6
-0.202,0.00016609139588381842,-3.0932105943028587e-6
-0.201,0.00016370599621998776,-3.513224869304817e-6
-0.2,0.0001613414669880382,-3.925054658004445e-6
-0.199,0.00015899773688031455,-4.328686248948559e-6
-0.198,0.00015667473509327145,-4.724108272528232e-6
-0.197,0.00015437239131407953,-5.111311683085262e-6
-0.196,0.00015209063570694527,-5.4902897410217795e-6
-0.195,0.00014982939889914975,-5.86103799490775e-6
-0.194,0.00014758861196681016,-6.223554263581093e-6
-0.193,0.00014536820642036842,-6.577838618235071e-6
-0.192,0.00014316811418981109,-6.923893364487597e-6
-0.191,0.0001409882676096252,-7.261723024427023e-6
-0.19,0.00013882859940349425,-7.591334318628983e-6
-0.189,0.00013668904266873875,-7.912736148138757e-6
-0.188,0.00013456953086050583,-8.225939576413673e-6
-0.187,0.0001324699977757124,-8.530957811219902e-6
-0.186,0.00013039037753674652,-8.827806186478127e-6
-0.185,0.0001283306045749314,-9.11650214405234e-6
-0.184,0.00012629061361375666,-9.39706521547617e-6
-0.183,0.00012427033965188184,-9.669517003610958e-6
-0.182,0.0001222697179459166,-9.933881164229881e-6
-0.181,0.00012028868399298248,-1.0190183387522284e-5
-0.18,0.00011832717351306106,-1.0438451379512468e-5
-0.179,0.00011638512243113376,-1.0678714843387023e-5
-0.178,0.00011446246685911764,-1.0911005460724879e-5
-0.177,0.00011255914307760286,-1.1135356872624142e-5
-0.176,0.00011067508751739651,-1.1351804660719792e-5
-0.175,0.00010881023674087825,-1.1560386328086283e-5
-0.174,0.00010696452742317285,-1.176114128001906e-5
-0.173,0.000105137896333145,-1.1954110804689003e-5
-0.172,0.00010333028031422191,-1.213933805366372e-5
-0.171,0.0001015416162650491,-1.231686802228972e-5
-0.17,9.977184111998489e-5,-1.2486747529929303e-5
-0.169,9.802089182943945e-5,-1.2649025200046165e-5
-0.168,9.628870534006402e-5,-1.280375144013355e-5
-0.167,9.45752185747961e-5,-1.2950978421478865e-5
-0.166,9.288036841276677e-5,-1.3090760058758619e-5
-0.165,9.120409166907595e-5,-1.3223151989457526e-5
-0.164,8.954632507444184e-5,-1.334821155310565e-5
-0.163,8.790700525473081e-5,-1.3465997770327397e-5
-0.162,8.6286068710374e-5,-1.357657132169619e-5
-0.161,8.468345179567725e-5,-1.3679994526388686e-5
-0.16,8.309909069803063e-5,-1.3776331320632305e-5
-0.159,8.153292141702473e-5,-1.3865647235939943e-5
-0.158,7.998487974347997e-5,-1.3948009377125662e-5
-0.157,7.845490123839628e-5,-1.4023486400095185e-5
-0.156,7.69429212118301e-5,-1.4092148489405059e-5
-0.155,7.544887470170556e-5,-1.415406733558428e-5
-0.154,7.397269645256783e-5,-1.4209316112212265e-5
-0.153,7.251432089428531e-5,-1.4257969452747033e-5
-0.152,7.107368212070877e-5,-1.4300103427097433e-5
-0.151,6.965071386829507e-5,-1.4335795517933372e-5
-0.15,6.824534949470311e-5,-1.4365124596727911e-5
-0.149,6.68575219573703e-5,-1.438817089952519e-5
-0.148,6.548716379207748e-5,-1.4405016002428132e-5
-0.147,6.413420709151091e-5,-1.4415742796799936e-5
-0.146,6.27985834838294e-5,-1.4420435464173346e-5
-0.145,6.148022411124555e-5,-1.4419179450861806e-5
-0.144,6.017905960862991e-5,-1.4412061442266534e-5
-0.143,5.889502008214663e-5,-1.43991693368737e-5
-0.142,5.7628035087930355e-5,-1.4380592219935854e-5
-0.141,5.637803361081311e-5,-1.4356420336831859e-5
-0.14,5.514494404311107e-5,-1.4326745066099569e-5
-0.139,5.392869416348069e-5,-1.4291658892135628e-5
-0.138,5.272921111585411e-5,-1.4251255377556743e-5
-0.137,5.1546421388463976e-5,-1.4205629135216897e-5
-0.136,5.038025079296775e-5,-1.4154875799875044e-5
-0.135,4.923062444368214e-5,-1.409909199950783e-5
-0.134,4.8097466736938226e-5,-1.4038375326262049e-5
-0.133,4.6980701330568064e-5,-1.397282430704155e-5
-0.132,4.588025112353399e-5,-1.3902538373723442e-5
-0.131,4.479603823571177e-5,-1.3827617832998487e-5
-0.13,4.3727983987839156e-5,-1.374816383583073e-5
-0.129,4.267600888164153e-5,-1.3664278346531443e-5
-0.128,4.1640032580146664e-5,-1.35760641114426e-5
-0.127,4.0619973888200605e-5,-1.348362462722521e-5
-0.126,3.961575073319731e-5,-1.3387064108747952e-5
-0.125,3.862728014603445e-5,-1.3286487456571643e-5
-0.124,3.765447824230849e-5,-1.318200022402524e-5
-0.123,3.669726020376199e-5,-1.3073708583869177e-5
-0.122,3.575554025999666e-5,-1.296171929454201e-5
-0.121,3.4829231670465684e-5,-1.2846139665986413e-5
-0.12,3.391824670675937e-5,-1.2727077525050837e-5
-0.119,3.302249663519812e-5,-1.26046411804632e-5
-0.118,3.214189169974731e-5,-1.2478939387373156e-5
-0.117,3.127634110526868e-5,-1.235008131145974e-5
-0.116,3.0425753001123292e-5,-1.2218176492601257e-5
-0.115,2.9590034465141298e-5,-1.2083334808104554e-5
-0.114,2.8769091487974096e-5,-1.1945666435490957e-5
-0.113,2.7962828957844694e-5,-1.1805281814836391e-5
-0.112,2.71711506457125e-5,-1.1662291610663403e-5
-0.111,2.6393959190868906e-5,-1.151680667338301e-5
-0.11,2.5631156086980518e-5,-1.1368938000284565e-5
-0.109,2.488264166859704e-5,-1.1218796696072009e-5
-0.108,2.414831509814124e-5,-1.1066493932945216e-5
-0.107,2.3428074353398696e-5,-1.0912140910225294e-5
-0.106,2.2721816215525413e-5,-1.0755848813523049e-5
-0.105,2.2029436257591628e-5,-1.059772877345008e-5
-0.104,2.1350828833680563e-5,-1.0437891823872238e-5
-0.103,2.0685887068561187e-5,-1.02764488597055e-5
-0.102,2.0034502847954405e-5,-1.0113510594254654e-5
-0.101,1.9396566809412426e-5,-9.949187516095436e-6
-0.1,1.8771968333831485e-5,-9.783589845501202e-6
-0.099,1.816059553761837e-5,-9.61682749041547e-6
-0.098,1.7562335265531692e-5,-9.44901000197208e-6
-0.097,1.6977073084219097e-5,-9.280246529565135e-6
-0.096,1.6404693276472133e-5,-9.110645775471162e-6
-0.095,1.584507883622073e-5,-8.940315949026467e-6
-0.094,1.52981114642898e-5,-8.769364720363011e-6
-0.093,1.4763671564940789e-5,-8.597899173706554e-6
-0.092,1.4241638243221396e-5,-8.42602576024134e-6
-0.091,1.3731889303147191e-5,-8.253850250545997e-6
-0.09,1.3234301246739224e-5,-8.081477686605836e-6
-0.089,1.2748749273942142e-5,-7.90901233340727e-6
-0.088,1.2275107283447832e-5,-7.736557630120539e-6
-0.087,1.1813247874450004e-5,-7.564216140877542e-6
-0.086,1.1363042349355613e-5,-7.392089505152074e-6
-0.085,1.0924360717479482e-5,-7.220278387750393e-6
-0.084,1.0497071699748953e-5,-7.04888242842065e-6
-0.083,1.0081042734445903e-5,-6.878000191090323e-6
-0.082,9.6761399840139e-6,-6.707729112741463e-6
-0.081,9.282228342958869e-6,-6.5381654519342355e-6
-0.08,8.899171446872045e-6,-6.369404236989957e-6
-0.079,8.526831682604593e-6,-6.201539213845527e-6
-0.078,8.165070199623757e-6,-6.034662793591945e-6
-0.077,7.813746922581005e-6,-5.8688659997103666e-6
-0.076,7.472720565123103e-6,-5.7042384150199845e-6
-0.075,7.141848644977726e-6,-5.540868128352847e-6
-0.074,6.820987500345694e-6,-5.3788416809716345e-6
-0.073,6.509992307632607e-6,-5.218244012747301e-6
-0.072,6.20871710055319e-6,-5.059158408114448e-6
-0.071,5.91701479064232e-6,-4.901666441823297e-6
-0.07,5.634737189207365e-6,-4.74584792450812e-6
-0.069,5.361735030757058e-6,-4.591780848093089e-6
-0.068,5.09785799794288e-6,-4.43954133105758e-6
-0.067,4.842954748049576e-6,-4.289203563584154e-6
-0.066,4.596872941072147e-6,-4.140839752613586e-6
-0.065,4.359459269417412e-6,-3.9945200668326344e-6
-0.064,4.1305594892689836e-6,-3.85031258162146e-6
-0.063,3.910018453655299e-6,-3.7082832239890147e-6
-0.062,3.6976801472611397e-6,-3.5684957175261216e-6
-0.061,3.49338772302393e-6,-3.4310115274074083e-6
-0.06,3.2969835405569872e-6,-3.29588980547483e-6
-0.059,3.1083092064427773e-6,-3.1631873354370876e-6
-0.058,2.9272056164401917e-6,-3.0329584782209413e-6
-0.057,2.7535129996508485e-6,-2.9052551175121463e-6
-0.056,2.5870709646904363e-6,-2.780126605525582e-6
-0.055,2.4277185479122038e-6,-2.6576197090460413e-6
-0.054,2.275294263730822e-6,-2.537778555783158e-6
-0.053,2.1296361570960375e-6,-2.420644581086038e-6
-0.052,1.9905818581667707e-6,-2.3062564750653584e-6
-0.051,1.8579686392376426e-6,-2.194650130173012e-6
-0.05,1.7316334739712987e-6,-2.0858585892917785e-6
-0.049,1.6114130989913754e-6,-1.979911994390066e-6
-0.048,1.4971440778925296e-6,-1.8768375357994395e-6
-0.047,1.388662867725615e-6,-1.7766594021754645e-6
-0.046,1.2858058880178877e-6,-1.6793987312053823e-6
-0.045,1.188409592390026e-6,-1.5850735611292663e-6
-0.044,1.0963105428338198e-6,-1.4936987831446278e-6
-0.043,1.0093454867165872e-6,-1.4052860947679549e-6
-0.042,9.273514365807884e-7,-1.319843954230393e-6
-0.041,8.501657528098901e-7,-1.2373775359887216e-6
-0.04,7.776262292343658e-7,-1.1578886874369874e-6
-0.039,7.095711817547969e-7,-1.0813758869086268e-6
-0.038,6.458395400624106e-7,-1.0078342030636768e-6
-0.037,5.862709425410932e-7,-9.372552557607763e-7
-0.036,5.307058344389966e-7,-8.696271785191132e-7
-0.035,4.789855694023679e-7,-8.049345826813284e-7
-0.034,4.309525144692334e-7,-7.431585233946872e-7
-0.033,3.864501586261433e-7,-6.842764675346043e-7
-0.032,3.453232250374152e-7,-6.282622637019487e-7
-0.031,3.074177870633039e-7,-5.750861144334842e-7
-0.03,2.7258138819140465e-7,-5.247145507734346e-7
-0.029,2.406631660145118e-7,-4.771104093635502e-7
-0.028,2.1151398039828345e-7,-4.322328122193289e-7
-0.027,1.8498654599362738e-7,-3.900371493713047e-7
-0.026,1.6093556926198467e-7,-3.504750645627118e-7
-0.025,1.3921789019697518e-7,-3.1349444420853375e-7
-0.024,1.196926289435798e-7,-2.7903940983614377e-7
-0.023,1.0222133753667019e-7,-2.470503142446824e-7
-0.022,8.666815700487906e-8,-2.1746374163929167e-7
-0.021,7.289998011432327e-8,-1.902125120176815e-7
-0.02,6.078662006054971e-8,-1.6522569011068448e-7
-0.019,5.020098545756332e-8,-1.4242859920599273e-7
-0.018,4.1019262021596385e-8,-1.2174284021584854e-7
-0.017,3.312110140659744e-8,-1.0308631638592315e-7
-0.016,2.6389817721201122e-8,-8.637326408506393e-8
-0.015,2.0712592347163435e-8,-7.151429016542464e-8
-0.014,1.5980687792370442e-8,-5.8416416441572005e-8
-0.013,1.2089671455176188e-8,-4.6983131907947014e-8
-0.012,8.939650361855336e-9,-3.7114453399891586e-8
-0.011,6.435518181174606e-9,-2.8706995508938312e-8
-0.01,4.487216143091561e-9,-2.165405069470522e-8
-0.009,3.0100099286384966e-9,-1.5845680702939695e-8
-0.008,1.9247852127636947e-9,-1.1168820616008314e-8
-0.007,1.158365426554027e-9,-7.507397149975715e-9
-0.006,6.438566250568427e-10,-4.742463205894411e-9
-0.005,3.21026405526412e-10,-2.752351240214376e-9
-0.004,1.3672721904894966e-10,-1.4128488445450054e-9
-0.003,4.5380464078263085e-11,-5.974012206430951e-10
-0.002,9.54969452989331e-12,-1.773474401719262e-10
-0.001,6.58995856527345e-13,-2.2201602794723676e-11
0.0,0.0,0.0
0.001,6.59661062290292e-13,2.2223281492391915e-11
0.002,9.569048859161983e-12,1.776939230379041e-10
0.003,4.551881173407431e-11,5.991525737139122e-10
0.004,1.3728428451649078e-10,1.4183732349278032e-9
0.005,3.2266467117978524e-10,2.7658076285076235e-9
0.006,6.478067413121706e-10,4.770293648938929e-9
0.007,1.1666705403857069e-9,7.558807113820138e-9
0.008,1.940581597380181e-9,1.1256245930344344e-8
0.009,3.0378416424186742e-9,1.5985239968124824e-8
0.01,4.5333816883624034e-9,2.1865982098920858e-8
0.011,6.508447314250275e-9,2.9016077136012985e-8
0.012,9.0503093467865e-9,3.755040621394769e-8
0.013,1.2251995167540766e-8,4.7581004693295285e-8
0.014,1.6212037174022213e-8,5.9216952057930944e-8
0.015,2.1034235793259574e-8,7.25642725515563e-8
0.016,2.6827435050526173e-8,8.772584550975612e-8
0.017,3.370530912762429e-8,1.0480132450502506e-7
0.018,4.17861586616287e-8,1.2388706454864973e-7
0.019,5.119271577198218e-8,1.450760566943132e-7
0.02,6.205195698461245e-8,1.6845786947017135e-7
0.021,7.449492336187862e-8,1.9411859663344198e-7
0.022,8.865654725734698e-8,2.221408107975084e-7
0.023,1.0467548520214211e-7,2.526035225285753e-7
0.024,1.226939565002864e-7,2.855821445488283e-7
0.025,1.4285758716793546e-7,3.211484607172119e-7
0.026,1.6531525889862816e-7,3.5937059948841404e-7
0.027,1.9021896277576427e-7,4.003130115762555e-7
0.028,2.1772365748614492e-7,4.4403645157008355e-7
0.029,2.479871318158274e-7,4.905979632724811e-7
0.03,2.8116987123273737e-7,5.400508685440492e-7
0.031,3.1743492838021815e-7,5.924447594565393e-7
0.032,3.5694779732259174e-7,6.478254935694845e-7
0.033,3.9987629139833884e-7,7.062351921579371e-7
0.034,4.4639042454907833e-7,7.677122412301515e-7
0.035,4.96662296003444e-7,8.322912951842223e-7
0.036,5.508659782044878e-7,9.000032829619278e-7
0.037,6.091774078775901e-7,9.708754165664534e-7
0.038,6.717742801432075e-7,1.044931201818378e-6
0.039,7.388359455852757e-7,1.1221904512313819e-6
0.04,8.105433101918462e-7,1.2026692988956359e-6
0.041,8.870787380896484e-7,1.2863802172628462e-6
0.042,9.68625956998845e-7,1.3733320357324805e-6
0.043,1.0553699663383397e-6,1.4635299609438548e-6
0.044,1.1474969479156783e-6,1.5569755986835525e-6
0.045,1.245194179138898e-6,1.6536669773221073e-6
0.046,1.3486499486906815e-6,1.7535985726980495e-6
0.047,1.45805347460789e-6,1.8567613343713101e-6
0.048,1.5735948247120275e-6,1.963142713171628e-6
0.049,1.6954648393384377e-6,2.072726689971034e-6
0.05,1.823855056314109e-6,2.185493805612711e-6
0.051,1.958957638135849e-6,2.3014211919315537e-6
0.052,2.100965301302335e-6,2.4204826038046335e-6
0.053,2.250071247755153e-6,2.5426484521724563e-6
0.054,2.406469098385426e-6,2.667885837974478e-6
0.055,2.5703528285639977e-6,2.7961585869447504e-6
0.056,2.741916705654439e-6,2.9274272852158743e-6
0.057,2.9213552284693137e-6,3.0616493156816187e-6
0.058,3.108863068631269e-6,3.1987788950706324e-6
0.059,3.3046350138015582e-6,3.3387671116856456e-6
0.06,3.5088659127395716e-6,3.481561963764446e-6
0.061,3.7217506221578856e-6,3.627108398420692e-6
0.062,3.943483955338199e-6,3.7753483511243417e-6
0.063,4.174260632474351e-6,3.926220785683103e-6
0.064,4.414275232709384e-6,4.079661734687877e-6
0.065,4.663722147834376e-6,4.235604340386641e-6
0.066,4.922795537617417e-6,4.393978895952669e-6
0.067,5.19168928673184e-6,4.554712887114336e-6
0.068,5.470596963253401e-6,4.717731034115063e-6
0.069,5.759711778696728e-6,4.882955333973233e-6
0.07,6.059226549561955e-6,5.050305103013106e-6
0.071,6.369333660363003e-6,5.2196970196389064e-6
0.072,6.690225028109518e-6,5.391045167325391e-6
0.073,7.022092068214981e-6,5.564261077799272e-6
0.074,7.365125661804032e-6,5.739253774386883e-6
0.075,7.7195161243925e-6,5.9159298155044876e-6
0.076,8.085453175914119e-6,6.09419333826857e-6
0.077,8.463125912068366e-6,6.273946102204374e-6
0.078,8.852722776964279e-6,6.455087533031841e-6
0.079,9.254431537035545e-6,6.6375147665089406e-6
0.08,9.668439256202574e-6,6.821122692313236e-6
0.081,1.009493227225766e-5,7.00580399794328e-6
0.082,1.0534096174449717e-5,7.191449212622262e-6
0.083,1.0986115782245512e-5,7.377946751186989e-6
0.084,1.1451175125244593e-5,7.565182957946081e-6
0.085,1.192945742422558e-5,7.753042150491885e-6
0.086,1.2421145073301757e-5,7.941406663451312e-6
0.087,1.2926419623164319e-5,8.130156892161447e-6
0.088,1.3445461765391902e-5,8.31917133625637e-6
0.089,1.3978451317805418e-5,8.508326643152287e-6
0.09,1.4525567210847502e-5,8.697497651418594e-6
0.091,1.5086987474966215e-5,8.886557434023082e-6
0.092,1.5662889228982962e-5,9.075377341440074e-6
0.093,1.6253448669424884e-5,9.263827044610716e-6
0.094,1.68588410608023e-5,9.451774577745287e-6
0.095,1.7479240726812026e-5,9.639086380957741e-6
0.096,1.8114821042447805e-5,9.825627342723313e-6
0.097,1.8765754426999182e-5,1.0011260842150362e-5
0.098,1.9432212337920656e-5,1.0195848791058158e-5
0.099,2.0114365265553028e-5,1.0379251675852718e-5
0.1,2.081238272867926e-5,1.0561328599193206e-5
0.101,2.1526433270897415e-5,1.0741937321441854e-5
0.102,2.22566844577934e-5,1.0920934301890722e-5
0.103,2.30033028748967e-5,1.1098174739759015e-5
0.104,2.3766454126402314e-5,1.1273512614955041e-5
0.105,2.454630283464259e-5,1.1446800728597247e-5
0.106,2.5343012640292653e-5,1.1617890743289142e-5
0.107,2.6156746203293636e-5,1.1786633223143203e-5
0.108,2.698766520447794e-5,1.1952877673549252e-5
0.109,2.7835930347881135e-5,1.2116472580683042e-5
0.11,2.8701701363725227e-5,1.2277265450751157e-5
0.111,2.958513701205839e-5,1.2435102848968571e-5
0.112,3.0486395087036376e-5,1.2589830438265563e-5
0.113,3.1405632421831065e-5,1.2741293017720888e-5
0.114,3.23430048941519e-5,1.288933456071845e-5
0.115,3.32986674323661e-5,1.3033798252824928e-5
0.116,3.427277402220375e-5,1.31745265293861e-5
0.117,3.52654777140342e-5,1.331136111283982e-5
0.118,3.627693063070028e-5,1.3444143049743865e-5
0.119,3.730728397589708e-5,1.3572712747517127e-5
0.12,3.835668804308234e-5,1.3696910010892754e-5
0.121,3.942529222490549e-5,1.3816574078082187e-5
0.122,4.0513245023142946e-5,1.3931543656649153e-5
0.123,4.1620694059126894e-5,1.404165695909292e-5
0.124,4.2747786084655704e-5,1.4146751738140318e-5
0.125,4.3894666993373595e-5,1.42466653217462e-5
0.126,4.5061481832607925e-5,1.4341234647802227e-5
0.127,4.624837481565232e-5,1.443029629855402e-5
0.128,4.7455489334484166e-5,1.4513686534726924e-5
0.129,4.868296797290522e-5,1.4591241329360734e-5
0.13,4.993095252009408e-5,1.4662796401354006e-5
0.131,5.119958398455976e-5,1.472818724871859e-5
0.132,5.248900260848536e-5,1.478724918154533e-5
0.133,5.379934788245141e-5,1.4839817354681873e-5
0.134,5.513075856052833e-5,1.4885726800123814e-5
0.135,5.6483372675727844e-5,1.4924812459120403e-5
0.136,5.785732755580302e-5,1.4956909213996305e-5
0.137,5.925275983938734e-5,1.4981851919690928e-5
0.138,6.06698054924626e-5,1.4999475435017032e-5
0.139,6.210859982514634e-5,1.5009614653640405e-5
0.14,6.356927750878917e-5,1.501210453478254e-5
0.141,6.505197259337262e-5,1.5006780133648328e-5
0.142,6.655681852519853e-5,1.499347663158095e-5
0.143,6.808394816486064e-5,1.4972029365946168e-5
0.144,6.963349380548991e-5,1.4942273859748405e-5
0.145,7.120558719126441e-5,1.4904045850981044e-5
0.146,7.280035953617543e-5,1.4857181321713492e-5
0.147,7.441794154304136e-5,1.4801516526917654e-5
0.148,7.60584634227608e-5,1.4736888023036531e-5
0.149,7.772205491379702e-5,1.4663132696297752e-5
0.15,7.940884530188541e-5,1.458008779077493e-5
0.151,8.11189634399562e-5,1.4487590936199836e-5
0.152,8.28525377682646e-5,1.4385480175528386e-5
0.153,8.460969633472064e-5,1.4273593992263621e-5
0.154,8.639056681541117e-5,1.415177133753882e-5
0.155,8.819527653530673e-5,1.4019851656964038e-5
0.156,9.002395248914574e-5,1.3877674917239375e-5
0.157,9.18767213624891e-5,1.372508163253836e-5
0.158,9.37537095529378e-5,1.3561912890664925e-5
0.159,9.565504319150711e-5,1.3388010378987423e-5
0.16,9.758084816414978e-5,1.3203216410153309e-5
0.161,9.953125013342217e-5,1.3007373947588038e-5
0.162,0.00010150637456028645,1.2800326630781903e-5
0.163,0.0001035063467260421,1.2581918800368476e-5
0.164,0.00010553129175438086,1.2351995522998438e-5
0.165,0.00010758133463355818,1.2110402616012614e-5
0.166,0.0001096566002386755,1.1856986671918022e-5
0.167,0.00011175721335406695,1.1591595082670865e-5
0.168,0.00011388329869578454,1.1314076063770373e-5
0.169,0.00011603498093417594,1.1024278678167456e-5
0.17,0.00011821238471654898,1.0722052859992191e-5
0.171,0.00012041563468991723,1.0407249438104151e-5
0.172,0.000122644855523821,1.007972015946965e-5
0.173,0.00012490017193321802,9.739317712370021e-6
0.174,0.00012718170870143865,9.38589574944501e-6
0.175,0.0001294895907032001,9.019308910575482e-6
0.176,0.00013182394292767427,8.639412845609588e-6
0.177,0.00013418489050160404,8.246064236936605e-6
0.178,0.00013657255871246313,7.839120821912676e-6
0.179,0.00013898707303165397,7.41844141514269e-6
0.18,0.00014142855913773928,6.983885930622572e-6
0.181,0.0001438971429397017,6.53531540374627e-6
0.182,0.00014639295060022724,6.0725920131817324e-6
0.183,0.00014891610855900756,5.595579102620212e-6
0.184,0.0001514667435560563,5.104141202403203e-6
0.185,0.00015404498265503516,4.598144051031386e-6
0.186,0.00015665095326658471,4.077454616559922e-6
0.187,0.00015928478317165585,3.5419411178844776e-6
0.188,0.0001619466005448375,2.9914730459223537e-6
0.189,0.00016463653397767562,2.4259211846931157e-6
0.19,0.0001673547125019801,1.8451576323031243e-6
0.191,0.00017010126561311454,1.2490558218383673e-6
0.192,0.00017287632329326524,6.37490542170014e-7
0.193,0.00017568001603468486,1.0337958677102914e-8
0.194,0.00017851247486290722,-6.325243661092106e-7
0.195,0.0001813738313599285,-1.2912174519354207e-6
0.196,0.00018426421768735163,-1.9658608803250236e-6
0.197,0.00018718376660948948,-2.656572774143026e-6
0.198,0.0001901326115164231,-3.363469777221175e-6
0.199,0.00019311088644701114,-4.0866670340394826e-6
0.2,0.000196118726111847,-4.826278169459609e-6
0.201,0.00019915626591615946,-5.582415268505675e-6
0.202,0.00020222364198265347,-6.355188856188084e-6
0.203,0.00020532099117428758,-7.144707877365912e-6
0.204,0.00020844845111698382,-7.951079676643474e-6
0.205,0.0002116061602222673,-8.774409978296604e-6
0.206,0.00021479425770983113,-9.614802866224297e-6
0.207,0.00021801288363002398,-1.0472360763921243e-5
0.208,0.00022126217888625638,-1.1347184414466907e-5
0.209,0.00022454228525732218,-1.2239372860526738e-5
0.21,0.00022785334541963243,-1.3149023424361105e-5
0.211,0.0002311955029693577,-1.4076231687837625e-5
0.212,0.00023456890244447575,-1.502109147244248e-5
0.213,0.00023797368934672157,-1.598369481928638e-5
0.214,0.00024141001016343572,-1.6964131969100797e-5
0.215,0.00024487801238930884,-1.79624913422202e-5
0.216,0.00024837784454801793,-1.8978859518545866e-5
0.217,0.0002519096562137525,-2.0013321217487023e-5
0.218,0.0002554735980326258,-2.1065959277874992e-5
0.219,0.00025906982174397013,-2.213685463784606e-5
0.22,0.0002626984802015107,-2.322608631468876e-5
0.221,0.00026635972739441686,-2.4333731384651324e-5
0.222,0.00027005371846822694,-2.5459864962705076e-5
0.223,0.000273780609745643,-2.6604560182259484e-5
0.224,0.0002775405587471938,-2.7767888174824666e-5
0.225,0.0002813337242117614,-2.8949918049617162e-5
0.226,0.0002851602661169698,-3.0150716873104753e-5
0.227,0.0002890203456994315,-3.137034964848617e-5
0.228,0.0002929141254748498,-3.260887929510152e-5
0.229,0.0002968417692579733,-3.38663666277693e-5
0.23,0.0003008034421823996,-3.5142870336045865e-5
0.231,0.000304799310720226,-3.6438446963403245e-5
0.232,0.0003088295427015429,-3.7753150886321255e-5
0.233,0.0003128943073337685,-3.908703429328974e-5
0.234,0.0003169937752208206,-4.0440147163717e-5
0.235,0.00032112811838212285,-4.181253724674035e-5
0.236,0.0003252975102714432,-4.320425003993471e-5
0.237,0.00032950212579556056,-4.4615328767915336e-5
0.238,0.0003337421413327574,-4.604581436083072e-5
0.239,0.0003380177347511351,-4.749574543274161e-5
0.24,0.00034232908542674944,-4.8965158259882314e-5
0.241,0.00034667637426156247,-5.0454086758800375e-5
0.242,0.0003510597837012088,-5.196256246437064e-5
0.243,0.0003554794977525725,-5.3490614507679975e-5
0.244,0.0003599357020011726,-5.5038269593778736e-5
0.245,0.0003644285836283529,-5.660555197929514e-5
0.246,0.0003689583314282744,-5.819248344990879e-5
0.247,0.0003735251358247064,-5.9799083297679567e-5
0.248,0.00037812918888761426,-6.142536829822815e-5
0.249,0.0003827706843495397,-6.307135268776444e-5
0.25,0.0003874498176217713,-6.473704813996013e-5
0.251,0.00039216678581030203,-6.642246374266183e-5
0.252,0.00039692178773157106,-6.81276059744411e-5
0.253,0.0004017150239279858,-6.985247868097766e-5
0.254,0.0004065466966832227,-7.159708305127232e-5
0.255,0.00041141701003730185,-7.336141759368594e-5
0.256,0.0004163261698014339,-7.514547811180096e-5
0.257,0.0004212743835726353,-7.694925768010197e-5
0.258,0.0004262618607481089,-7.877274661947169e-5
0.259,0.00043128881253938657,-8.061593247249924e-5
0.26,0.0004363554519862314,-8.247879997859681e-5
0.261,0.0004414619939702949,-8.436133104892173e-5
0.262,0.0004466086552285277,-8.626350474110027e-5
0.263,0.0004517956543663389,-8.81852972337501e-5
0.264,0.00045702321187050175,-9.012668180079772e-5
0.265,0.00046229155012180226,-9.208762878558804e-5
0.266,0.0004676008934074269,-9.406810557478236e-5
0.267,0.00047295146793308675,-9.606807657204199e-5
0.268,0.000478343501834874,-9.80875031714939e-5
0.269,0.00048377722519084824,-0.00010012634373097552
0.27,0.0004892528700323482,-0.00010218455354505552
0.271,0.0004947706703550259,-0.00010426208481782721
0.272,0.0005003308621296004,-0.00010635888663547196
0.273,0.0005059336833123256,-0.00010847490493858913
0.274,0.0005115793738551718,-0.00011061008249428977
0.275,0.0005172681757157131,-0.00011276435886805117
0.276,0.0005230003328667218,-0.00011493767039532907
0.277,0.0005287760913054621,-0.00011712995015292492
0.278,0.0005345956990626817,-0.00011934112793010512
0.279,0.0005404594062112969,-0.00012157113019946948
0.28,0.0005463674648747678,-0.00012381988008756622
0.281,0.0005523201292351583,-0.00012608729734525046
0.282,0.00055831765554088,-0.0001283732983177839
0.283,0.0005643603021141123,-0.0001306777959146725
0.284,0.000570448329357899,-0.00013300069957924014
0.285,0.0005765819997629132,-0.00013534191525793504
0.286,0.0005827615779138902,-0.00013770134536936663
0.287,0.0005889873304957216,-0.00014007888877307063
0.288,0.0005952595262992081,-0.00014247444073799928
0.289,0.0006015784362264669,-0.00014488789291073478
0.29,0.0006079443332959876,-0.0001473191332834232
0.291,0.0006143574926473355,-0.0001497680461614266
0.292,0.0006208181915454955,-0.00015223451213069127
0.293,0.0006273267093848525,-0.00015471840802482934
0.294,0.0006338833276928063,-0.00015721960689191197
0.295,0.0006404883301330134,-0.00015973797796097158
0.296,0.0006471420025082534,-0.0001622733866082113
0.297,0.0006538446327629145,-0.00016482569432291915
0.298,0.0006605965109850947,-0.0001673947586730854
0.299,0.0006673979294083118,-0.00016998043327072048
0.3,0.0006742491824128212,-0.00017258256773687204
0.301,0.0006811505665265327,-0.00017520100766633875
0.302,0.0006881023804255241,-0.0001778355945920795
0.303,0.0006951049249341475,-0.00018048616594931572
0.304,0.00070215850302472,-0.0001831525550393251
0.305,0.0007092634198167977,-0.0001858345909929254
0.306,0.0007164199825760259,-0.00018853209873364603
0.307,0.0007236285007125609,-0.00019124489894058644
0.308,0.0007308892857790585,-0.0001939728080109591
0.309,0.0007382026514682241,-0.00019671563802231624
0.31,0.000745568913609919,-0.00019947319669445817
0.311,0.0007529883901678179,-0.0002022452873510224
0.312,0.0007604614012356119,-0.00020503170888075167
0.313,0.0007679882690327526,-0.0002078322556984401
0.314,0.0007755693178997306,-0.0002106467177055557
0.315,0.0007832048742928836,-0.0002134748802505386
0.316,0.0007908952667787289,-0.00021631652408877317
0.317,0.0007986408260278147,-0.00021917142534223384
0.318,0.0008064418848080828,-0.00022203935545880274
0.319,0.0008142987779777397,-0.00022492008117125871
0.32,0.0008222118424776289,-0.0002278133644559369
0.321,0.000830181417323098,-0.00023071896249105746
0.322,0.0008382078435953563,-0.0002336366276147235
0.323,0.0008462914644323153,-0.00023656610728258672
0.324,0.0008544326250189069,-0.0002395071440251806
0.325,0.0008626316725768743,-0.00024245947540492066
0.326,0.0008708889563540262,-0.00024542283397277064
0.327,0.0008792048276129527,-0.00024839694722457494
0.328,0.0008875796396191919,-0.0002513815375570565
0.329,0.0008960137476288442,-0.0002543763222234799
0.33,0.0009045075088756271,-0.0002573810132889795
0.331,0.0009130612825573629,-0.00026039531758555217
0.332,0.0009216754298218937,-0.00026341893666671545
0.333,0.000930350313752418,-0.00026645156676182965
0.334,0.0009390862993522392,-0.0002694928987300853
0.335,0.0009478837535289237,-0.0002725426180141552
0.336,0.0009567430450778574,-0.0002756004045935122
0.337,0.0009656645446651966,-0.0002786659329374115
0.338,0.0009746486248102054,-0.0002817388719575398
0.339,0.0009836956598669724,-0.00028481888496032973
0.34,0.0009928060260055004,-0.000287905629598942
0.341,0.00100198010119216,-0.0002909987578249143
0.342,0.001011218265169504,-0.0002940979158394784
0.343,0.0010205208994354285,-0.0002972027440445465
0.344,0.0010298883872216825,-0.00030031287699336693
0.345,0.0010393211134717092,-0.00030342794334085074
0.346,0.0010488194648178184,-0.00030654756579356993
0.347,0.0010583838295576784,-0.0003096713610594288
0.348,0.0010680145976301218,-0.0003127989397970089
0.349,0.001077712160590258,-0.00031592990656459006
0.35,0.0010874769115838815,-0.00031906385976884744
0.351,0.0010973092453211712,-0.0003222003916132277
0.352,0.0011072095580496727,-0.0003253390880460045
0.353,0.0011171782475265523,-0.0003284795287080159
0.354,0.00112721571299012,-0.00033162128688008494
0.355,0.0011373223551306077,-0.00033476392943012566
0.356,0.0011474985760601985,-0.0003379070167599365
0.357,0.0011577447792822974,-0.0003410501027516828
0.358,0.0011680613696600339,-0.0003441927347140711
0.359,0.0011784487533839905,-0.0003473344533282173
0.36,0.0011889073379391477,-0.000350474792593211
0.361,0.001199437532071033,-0.0003536132797713789
0.362,0.001210039745751075,-0.0003567494353332495
0.363,0.0012207143901411402,-0.00035988277290222183
0.364,0.0012314618775572587,-0.0003630127991989419
0.365,0.001242282621432516,-0.00036613901398538834
0.366,0.0012531770362791132,-0.00036926091000867177
0.367,0.0012641455376495787,-0.0003723779729445503
0.368,0.0012751885420971263,-0.00037548968134066483
0.369,0.0012863064671351516,-0.0003785955065594974
0.37,0.001297499731195852,-0.000381694912721056
0.371,0.001308768753587968,-0.0003847873566452903
0.372,0.0013201139544536304,-0.00038787228779424106
0.373,0.0013315357547243082,-0.0003909491482139284
0.374,0.0013430345760758458,-0.0003940173724759813
0.375,0.0013546108408825797,-0.0003970763876190147
0.376,0.0013662649721705264,-0.0004001256130897567
0.377,0.0013779973935696297,-0.00040316446068393123
0.378,0.0013898085292650604,-0.000406192334486901
0.379,0.001401698803947556,-0.00040920863081407447
0.38,0.0014136686427627914,-0.00041221273815108313
0.381,0.0014257184712597728,-0.0004152040370937331
0.382,0.001437848715338239,-0.00041818190028773634
0.383,0.0014500598011950665,-0.0004211456923682276
0.384,0.0014623521552696653,-0.00042409476989907133
0.385,0.0014747262041883533,-0.00042702848131196574
0.386,0.0014871823747077029,-0.00042994616684534804
0.387,0.0014997210936568458,-0.00043284715848310835
0.388,0.0015123427878787287,-0.0004357307798931175
0.389,0.0015250478841703058,-0.00043859634636557535
0.39,0.0015378368092216616,-0.00044144316475118554
0.391,0.0015507099895540502,-0.0004442705333991643
0.392,0.0015636678514568412,-0.00044707774209508866
0.393,0.001576710820923362,-0.0004498640719985924
0.394,0.0015898393235856264,-0.0004526287955809155
0.395,0.0016030537846479349,-0.00045537117656231565
0.396,0.0016163546288193414,-0.00045809046984934804
0.397,0.0016297422802449702,-0.00046078592147202175
0.398,0.0016432171624361752,-0.00046345676852084066
0.399,0.001656779698199529,-0.000466102239083736
0.4,0.0016704303095646305,-0.0004687215521828998
0.401,0.0016841694177107214,-0.00047131391771152657
0.402,0.001697997442892098,-0.00047387853637047235
0.403,0.0017119148043623078,-0.0004764145996048396
0.404,0.0017259219202971218,-0.0004789212895404972
0.405,0.0017400192077162656,-0.00048139777892054357
0.406,0.0017542070824039045,-0.0004838432310417241
0.407,0.0017684859588278656,-0.0004862567996908099
0.408,0.001782856250057588,-0.0004886376290809504
0.409,0.0017973183676807884,-0.0004909848537880071
0.41,0.0018118727217188318,-0.0004932975986868798
0.411,0.0018265197205407932,-0.0004955749788878366
0.412,0.0018412597707762011,-0.0004978160996728556
0.413,0.0018560932772264487,-0.0005000200564319915
0.414,0.0018710206427748617,-0.0005021859345997768
0.415,0.0018860422682954127,-0.0005043128095916699
0.416,0.0019011585525600659,-0.0005063997467405585
0.417,0.0019163698921447457,-0.0005084458012333353
0.418,0.0019316766813339107,-0.0005104500180475514
0.419,0.0019470793120237285,-0.0005124114318881656
0.42,0.0019625781736238306,-0.0005143290671243966
0.421,0.0019781736529576447,-0.0005162019377266955
0.422,0.0019938661341612823,-0.0005180290472038466
0.423,0.0020096559985809796,-0.0005198093885402135
0.424,0.0020255436246690703,-0.0005215419441331423
0.425,0.002041529387878484,-0.0005232256857305335
0.426,0.0020576136605557566,-0.0005248595743686011
0.427,0.0020737968118325362,-0.0005264425603098269
0.428,0.002090079207515583,-0.0005279735829811296
0.429,0.002106461209975235,-0.0005294515709122598
0.43,0.0021229431780323427,-0.0005308754416744376
0.431,0.00213952546684365,-0.0005322441018192468
0.432,0.002156208427785614,-0.0005335564468178011
0.433,0.00217299240833665,-0.0005348113610001989
0.434,0.002189877751957788,-0.0005360077174952808
0.435,0.0022068647979717306,-0.0005371443781707081
0.436,0.0022239538814402987,-0.0005382201935733768
0.437,0.002241145333040252,-0.0005392340028701846
0.438,0.002258439478937474,-0.0005401846337891684
0.439,0.002275836640659507,-0.000541070902561028
0.44,0.0022933371349664255,-0.0005418916138610559
0.441,0.0023109412737200353,-0.0005426455607514889
0.442,0.0023286493637513883,-0.0005433315246243001
0.443,0.0023464617067265954,-0.0005439482751444514
0.444,0.0023643785990109327,-0.0005444945701936226
0.445,0.0023824003315312207,-0.0005449691558144387
0.446,0.00240052718963647,-0.0005453707661552123
0.447,0.00241875945295678,-0.0005456981234152235
0.448,0.002437097395260476,-0.0005459499377905553
0.449,0.0024555412843094743,-0.0005461249074205041
0.45,0.0024740913817128674,-0.0005462217183345899
0.451,0.0024927479427787054,-0.0005462390444001814
0.452,0.002511511216363976,-0.0005461755472707629
0.453,0.002530381444722761,-0.0005460298763348606
0.454,0.0025493588633525616,-0.0005458006686656521
0.455,0.0025684437008387786,-0.0005454865489712807
0.456,0.0025876361786973372,-0.000545086129545898
0.457,0.0026069365112154456,-0.0005445980102214567
0.458,0.002626344905290472,-0.0005440207783202775
0.459,0.0026458615602669303,-0.0005433530086084137
0.46,0.0026654866677715675,-0.0005425932632498375
0.461,0.00268522041154653,-0.0005417400917614722
0.462,0.0027050629672806113,-0.0005407920309690954
0.463,0.002725014502438558,-0.0005397476049641376
0.464,0.002745075176088432,-0.0005386053250614033
0.465,0.002765245138727008,-0.0005373636897577377
0.466,0.0027855245321032054,-0.000536021184691668
0.467,0.002805913489039538,-0.0005345762826040446
0.468,0.002826412133251571,-0.000533027443299708
0.469,0.0028470205791653754,-0.0005313731136102119
0.47,0.002867738931732967,-0.0005296117273576271
0.471,0.0028885672862457284,-0.0005277417053194555
0.472,0.0029095057281457873,-0.0005257614551946835
0.473,0.0029305543328353575,-0.0005236693715710025
0.474,0.002951713165484023,-0.000521463835893226
0.475,0.0029729822808339575,-0.0005191432164329344
0.476,0.0029943617230030685,-0.0005167058682593752
0.477,0.00301585152528606,-0.0005141501332116517
0.478,0.0030374517099534004,-0.0005114743398722285
0.479,0.0030591622880481863,-0.0005086768035417886
0.48,0.0030809832591808966,-0.0005057558262154691
0.481,0.0031029146113220243,-0.0005027096965605135
0.482,0.003124956320592578,-0.0004995366898953678
0.483,0.003147108351052447,-0.0004962350681702567
0.484,0.0031693706544866163,-0.0004928030799492728
0.485,0.003191743170189229,-0.0004892389603940123
0.486,0.0032142258247454853,-0.00048554093124879093
0.487,0.0032368185318113673,-0.00048170720082747705
0.488,0.003259521191891191,-0.0004777359640019745
0.489,0.003282333692112965,-0.00047362540219239314
0.49,0.0033052559060015624,-0.0004693736833589415
0.491,0.003328287693249687,-0.0004649789619955799
0.492,0.0033514288994866363,-0.0004604393791254689
0.493,0.0033746793560448496,-0.0004557530622982528
0.494,0.003398038879724237,-0.00045091812558921494
0.495,0.0034215072725542815,-0.000445932669600343
0.496,0.00344508432155391,-0.0004407947814633445
0.497,0.003468769798489131,-0.0004355025348446504
0.498,0.0034925634596284258,-0.0004300539899524477
0.499,0.0035164650454958942,-0.00042444719354578107
0.5,0.0035404742806221527,-0.00041868017894576413
0.501,0.0035645908732929734,-0.0004127509660489419
0.502,0.003588814515295664,-0.0004066575613428462
0.503,0.003613144881663187,-0.00040039795792378634
0.504,0.003637581630416012,-0.00039397013551691745
0.505,0.003662124402301698,-0.00038737206049863033
0.506,0.0036867728205322065,-0.00038060168592130646
0.507,0.003711526490518936,-0.0003736569515404816
0.508,0.0037363849996054892,-0.0003665357838444642
0.509,0.003761347916798154,-0.00035923609608645257
0.51,0.0037864147924941134,-0.0003517557883191974
0.511,0.0038115851582073727,-0.00034409274743225546
0.512,0.0038368585262924105,-0.00033624484719188167
0.513,0.0038622343896655468,-0.0003282099482836063
0.514,0.0038877122215240367,-0.000319985898357546
0.515,0.003913291475062886,-0.00031157053207649604
0.516,0.003938971583189388,-0.000302961671166853
0.517,0.0039647519582353885,-0.0002941571244724181
0.518,0.003990631991667281,-0.0002851546880111295
0.519,0.004016611053793728,-0.00027595214503477525
0.52,0.004042688493471119,-0.0002665472660917378
0.521,0.00406886363780677,-0.0002569378090928207
0.522,0.004095135791859858,-0.00024712151938021033
0.523,0.004121504238340109,-0.0002370961297996255
0.524,0.004147968237304237,-0.00022685936077570658
0.525,0.004174527025850136,-0.00021640892039069944
0.526,0.004201179817808848,-0.00020574250446648757
0.527,0.0042279258034342865,-0.00019485779665002714
0.528,0.0042547641490907565,-0.00018375246850224026
0.529,0.004281693996938248,-0.00017242417959042265
0.53,0.004308714464615532,-0.0001608705775842214
0.531,0.00433582464492106,-0.00014908929835524023
0.532,0.00436302360549168,-0.00013707796608032974
0.533,0.004390310388479172,-0.00012483419334861993
0.534,0.004417684010224633,-0.00011235558127235446
0.535,0.004445143460930692,-9.963971960158512e-5
0.536,0.004472687704331605,-8.668418684278625e-5
0.537,0.004500315677361211,-7.348655038144942e-5
0.538,0.004528026289818779,-6.0044366608718985e-5
0.539,0.004555818424032764,-4.63551810521298e-5
0.54,0.00458369093452247,-3.24165285105089e-5
0.541,0.004611642647657656,-1.8225933193103635e-5
0.542,0.004639672361316087,-3.780908862998982e-6
0.543,0.004667778844539058,1.0921041015112362e-5
0.544,0.004695960837184895,2.5882423122743115e-5
0.545,0.004724217049580475,4.110575413094326e-5
0.546,0.00475254616217076,5.659356053908544e-5
0.547,0.004780946825166382,7.234837850903833e-5
0.548,0.004809417658189292,8.83727536946617e-5
0.549,0.004837957249916507,0.0001046692410665565
0.55,0.004866564157721958,0.00012124040473200263
0.551,0.004895236907316487,0.0001380888177500167
0.552,0.004923973992385995,0.00015521706194146124
0.553,0.004952773874227791,0.0001726277276941365
0.554,0.004981634981385139,0.00019032341376278575
0.555,0.0050105557092800694,0.00020830672706394348
0.556,0.0050395344198444405,0.0002265802824655566
0.557,0.0050685694411493135,0.0002451467025713074
0.558,0.005097659067032657,0.00026400861749956644
0.559,0.005126801556725415,0.00028316866465690415
0.56,0.005155995134475968,0.0003026294885060872
0.561,0.005185237989173029,0.0003223937403284881
0.562,0.005214528273967,0.0003424640779808331
0.563,0.005243864105889832,0.0003628431656462153
0.564,0.005273243565473422,0.0003835336735792971
0.565,0.005302664696366588,0.00040453827784562863
0.566,0.005332125504950651,0.00042585966005500485
0.567,0.005361623959953682,0.0004475005070887858
0.568,0.005391157992063444,0.0004694635108211043
0.569,0.0054207254935390685,0.0004917513678338822
0.57,0.005450324317821517,0.0005143667791255792
0.571,0.00547995227914288,0.000537312449813596
0.572,0.00550960715213454,0.0005605910888302517
0.573,0.00553928667143426,0.0005842054086122593
0.574,0.005568988531292251,0.0006081581247836173
0.575,0.005598710385176252,0.0006324519558318383
0.576,0.005628449845375689,0.0006570896227774358
0.577,0.005658204482604962,0.0006820738488365864
0.578,0.005687971825605904,0.0007074073590768866
0.579,0.005717749360749488,0.0007330928800661245
0.58,0.005747534531636822,0.0007591331395139823
0.581,0.0057773247386994925,0.0007855308659065872
0.582,0.005807117338799326,0.0008122887881338301
0.583,0.005836909644827623,0.0008394096351093667
0.584,0.005866698925303923,0.0008668961353832186
0.585,0.005896482403974375,0.0008947510167468896
0.586,0.0059262572594097765,0.0009229770058309145
0.587,0.005956020624603339,0.0009515768276947541
0.588,0.005985769586568262,0.0009805532054089525
0.589,0.006015501185935182,0.0010099088596294706
0.59,0.006045212416549563,0.0010396465081641117
0.591,0.006074900225069112,0.0010697688655309516
0.592,0.006104561510561283,0.001100278642508688
0.593,0.006134193124100963,0.0011311785456788227
0.594,0.0061637918683684,0.001162471276959589
0.595,0.006193354497247477,0.001194159533131539
0.596,0.006222877715424384,0.0012262460053547029
0.597,0.006252358177986805,0.0012587333786772304
0.598,0.006281792490023684,0.0012916243315354318
0.599,0.00631117720622566,0.0013249215352451255
0.6,0.006340508830486276,0.001358627653484208
0.601,0.006369783815504032,0.0013927453417663543
0.602,0.006398998562385399,0.0014272772469057656
0.603,0.006428149420248865,0.00146222600647287
0.604,0.00645723268583013,0.0014975942482408917
0.605,0.00648624460308854,0.0015333845896231984
0.606,0.006515181362814868,0.0015695996371013392
0.607,0.006544039102240533,0.001606241985643681
0.608,0.006572813904648378,0.0016433142181145604
0.609,0.00660150179898511,0.0016808189046738549
0.61,0.006630098759475497,0.0017187586021668907
0.611,0.0066586007052384655,0.0017571358535045955
0.612,0.0066870034999051715,0.0017959531870338063
0.613,0.006715302951239208,0.0018352131158976457
0.614,0.006743494810759021,0.0018749181373858774
0.615,0.006771574773362692,0.0019150707322751496
0.616,0.00679953847695519,0.0019556733641590434
0.617,0.006827381502078221,0.0019967284787678306
0.618,0.00685509937154281,0.0020382385032778594
0.619,0.006882687550064742,0.0020802058456104756
0.62,0.006910141443902985,0.002122632893720394
0.621,0.00693745640050125,0.002165522014873428
0.622,0.006964627708132805,0.0022088755549135
0.623,0.0069916505955486975,0.002252695837518832
0.624,0.007018520231629518,0.00229698516344724
0.625,0.007045231725040857,0.0023417458097704457
0.626,0.007071780123892599,0.0023869800290973087
0.627,0.007098160415402202,0.0024326900487859093
0.628,0.007124367525562119,0.0024788780701443854
0.629,0.007150396318811518,0.0025255462676204428
0.63,0.007176241597712447,0.0025726967879794536
0.631,0.00720189810263063,0.0026203317494710625
0.632,0.007227360511421017,0.0026684532409842125
0.633,0.007252623439118306,0.002717063321190513
0.634,0.007277681437632555,0.0027661640176758658
0.635,0.00730252899545009,0.0028157573260602646
0.636,0.007327160537339878,0.0028658452091056973
0.637,0.007351570424065523,0.0029164295958120597
0.638,0.007375752952103093,0.0029675123805010116
0.639,0.0073997023533649425,0.0030190954218876887
0.64,0.007423412794929728,0.0030711805421402023
0.641,0.007446878378778794,0.0031237695259268405
0.642,0.0074700931415391325,0.003176864119450905
0.643,0.007493051054233115,0.0032304660294731023
0.644,0.007515746022035176,0.0032845769223214184
0.645,0.0075381718840356726,0.003339198422888405
0.646,0.007560322413012111,0.0033943321136158068
0.647,0.007582191315207956,0.0034499795334664556
0.648,0.007603772230119227,0.0035061421768833698
0.649,0.007625058730289098,0.003562821492735984
0.65,0.007646044321110733,0.0036200188832534457
0.651,0.007666722440638546,0.0036777357029449172
0.652,0.007687086459408151,0.0037359732575068124
0.653,0.007707129680265195,0.0037947328027169132
0.654,0.00772684533820332,0.0038540155433152987
0.655,0.007746226600211499,0.003913822631872033
0.656,0.007765266565130961,0.003974155167641554
0.657,0.007783958263521966,0.004035014195403699
0.658,0.007802294657540666,0.004096400704291329
0.659,0.007820268640826303,0.004158315626604479
0.66,0.007837873038399,0.004220759836611005
0.661,0.007855100606568384,0.00428373414933366
0.662,0.007871944032853344,0.004347239319323565
0.663,0.007888395935913114,0.004411276039420029
0.664,0.007904448865490033,0.004475844939496662
0.665,0.007920095302364184,0.004540946585193762
0.666,0.007935327658320222,0.00460658147663692
0.667,0.00795013827612666,0.004672750047141815
0.668,0.007964519429527906,0.00473945266190516
0.669,0.007978463323249299,0.004806689616681781
0.67,0.00799196209301549,0.004874461136447773
0.671,0.008005007805582422,0.004942767374049742
0.672,0.008017592458783208,0.005011608408840075
0.673,0.008029707981588233,0.005080984245298242
0.674,0.008041346234179762,0.0051508948116380975
0.675,0.008052499008041369,0.005221339958401172
0.676,0.00806315802606251,0.005292319457035935
0.677,0.008073314942658548,0.005363832998463031
0.678,0.008082961343906549,0.005435880191626464
0.679,0.00809208874769719,0.005508460562030751
0.68,0.008100688603903084,0.005581573550264009
0.681,0.008108752294563891,0.005655218510507024
0.682,0.008116271134088514,0.005729394709028265
0.683,0.008123236369474743,0.005804101322664879
0.684,0.008129639180546707,0.005879337437289671
0.685,0.008135470680210451,0.005955102046264088
0.686,0.008140721914728024,0.006031394048877225
0.687,0.008145383864010413,0.006108212248770878
0.688,0.008149447441929712,0.0061855553523506804
0.689,0.008152903496650871,0.006263421967183336
0.69,0.0081557428109834,0.006341810600380006
0.691,0.008157956102753439,0.00642071965696588
0.692,0.008159534025196506,0.006500147438235972
0.693,0.008160467167371387,0.006580092140097201
0.694,0.008160746054595496,0.006660551851396798
0.695,0.008160361148902142,0.006741524552237114
0.696,0.008159302849520064,0.0068230081122768686
0.697,0.008157561493375674,0.006905000289018932
0.698,0.008155127355618394,0.00698749872608469
0.699,0.008151990650169489,0.007070500951475092
0.7,0.008148141530294858,0.0071540043758184435
0.701,0.00814357008920214,0.007238006290605046
0.702,0.008138266360662613,0.007322503866408768
0.703,0.008132220319658304,0.007407494151095654
0.704,0.00812542188305472,0.00749297406801967
0.705,0.008117860910299665,0.0075789404142056985
0.706,0.00810952720414859,0.007665389858519894
0.707,0.008100410511416908,0.007752318939827526
0.708,0.008090500523759717,0.007839724065138439
0.709,0.00807978687847944,0.007927601507740254
0.71,0.008068259159361787,0.00801594740531946
0.711,0.008055906897540521,0.008104757758070541
0.712,0.008042719572391537,0.008194028426793289
0.713,0.008028686612456672,0.008283755130978464
0.714,0.008013797396397774,0.00837393344688197
0.715,0.007998041253981486,0.008464558805587719
0.716,0.007981407467095258,0.008555626491059357
0.717,0.007963885270795052,0.008647131638181059
0.718,0.007945463854385278,0.008739069230787568
0.719,0.007926132362531431,0.008831434099683691
0.72,0.007905879896405947,0.00892422092065346
0.721,0.007884695514867814,0.009017424212459178
0.722,0.007862568235676408,0.009111038334830585
0.723,0.007839487036740131,0.00920505748644435
0.724,0.007815440857400338,0.009299475702894171
0.725,0.007790418599751092,0.009394286854651709
0.726,0.007764409129995306,0.009489484645018613
0.727,0.007737401279837779,0.009585062608069924
0.728,0.0077093838479156945,0.009681014106589128
0.729,0.0076803456012671184,0.009777332329995125
0.73,0.007650275276838063,0.009874010292261445
0.731,0.007619161583028658,0.00997104082982799
0.732,0.007586993201279008,0.01006841659950562
0.733,0.007553758787695294,0.01016613007637393
0.734,0.007519446974716691,0.01026417355167251
0.735,0.007484046372823679,0.010362539130686077
0.736,0.007447545572288339,0.010461218730623811
0.737,0.00740993314496719,0.01056020407849326
0.738,0.007371197646137192,0.010659486708969202
0.739,0.007331327616375475,0.01075905796225783
0.74,0.007290311583483419,0.010858908981956681
0.741,0.007248138064455665,0.01095903071291072
0.742,0.007204795567494673,0.011059413899064953
0.743,0.007160272594071443,0.01116004908131408
0.744,0.0071145576410329954,0.011260926595349548
0.745,0.0070676392027572464,0.011362036569504533
0.746,0.0070195057733558885,0.011463368922597262
0.747,0.0069701458489259075,0.011564913361773193
0.748,0.006919547929850364,0.011666659380346531
0.749,0.006867700523149077,0.011768596255641585
0.75,0.006814592144879839,0.011870713046834487
0.751,0.006760211322590813,0.011972998592795814
0.752,0.006704546597824746,0.012075441509934648
0.753,0.006647586528675661,0.012178030190044622
0.754,0.006589319692398668,0.01228075279815257
0.755,0.00652973468807355,0.012383597270370318
0.756,0.0064688201393228026,0.012486551311750234
0.757,0.006406564697084754,0.012589602394145171
0.758,0.006342957042442466,0.012692737754073431
0.759,0.006277985889509071,0.012795944390589353
0.76,0.006211639988370213,0.012899209063160258
0.761,0.006143908128084273,0.013002518289550373
0.762,0.006074779139741071,0.01310585834371244
0.763,0.006004241899579692,0.01320921525368775
0.764,0.005932285332166169,0.013312574799515274
0.765,0.0058588984136316614,0.013415922511150683
0.766,0.0057840701749718604,0.01351924366639599
0.767,0.005707789705408287,0.013622523288840588
0.768,0.005630046155812199,0.013725746145814498
0.769,0.005550828742191785,0.013828896746354619
0.77,0.005470126749243369,0.013931959339184822
0.771,0.005387929533967313,0.014034917910710727
0.772,0.005304226529349327,0.014137756183030026
0.773,0.005219007248107908,0.014240457611959268
0.774,0.005132261286508594,0.014343005385077951
0.775,0.005043978328245773,0.014445382419790919
0.776,0.004954148148392738,0.014547571361409932
0.777,0.004862760617420727,0.01464955458125544
0.778,0.004769805705287645,0.014751314174779493
0.779,0.004675273485597209,0.014852831959710827
0.78,0.004579154139829217,0.014954089474223132
0.781,0.004481437961641693,0.015055067975127552
0.782,0.004382115361245601,0.015155748436090499
0.783,0.004281176869852878,0.015256111545877856
0.784,0.004178613144198515,0.015356137706626688
0.785,0.004074414971137388,0.015455807032145608
0.786,0.003968573272316611,0.01555509934624493
0.787,0.0038610791089241066,0.015653994181097832
0.788,0.003751923686514153,0.015752470775633708
0.789,0.0036410983599106175,0.015850508073964924
0.79,0.0035285946381886347,0.015948084723848305
0.791,0.0034144041897354463,0.016045179075182547
0.792,0.0032985188473911493,0.016141769178542913
0.793,0.003180930613670084,0.016237832783754545
0.794,0.0030616316660635997,0.016333347338505725
0.795,0.0029406143624249328,0.016428289987002517
0.796,0.0028178712464369455,0.016522637568666138
0.797,0.0026933950531634458,0.016616366616874573
0.798,0.00256717871468484,0.016709453357749843
0.799,0.002439215365818853,0.01680187370899249
0.8,0.0023094983499270458,0.016893603278764723
0.801,0.0021780212248078815,0.01698461736462387
0.802,0.0020447777686770662,0.01707489095250767
0.803,0.0019097619862359038,0.01716439871577306
0.804,0.0017729681148284063,0.017253115014290082
0.805,0.00163439063068789,0.0173410138935926
0.806,0.0014940242552737959,0.017428069084087575
0.807,0.001351863961699467,0.0175142540003246
0.808,0.0012079049812516213,0.017599541740327542
0.809,0.0010621428100022457,0.017683905084990036
0.81,0.0009145732155136515,0.01776731649753676
0.811,0.0007651922436374179,0.01784974812305235
0.812,0.0006139962254079539,0.01793117178807987
0.813,0.00046098178403141055,0.01801155900029085
0.814,0.00030614584197066866,0.018090880948228843
0.815,0.00014948562812713018,0.018169108501128597
0.816,-9.001314879961832e-6,0.018246212208812916
0.817,-0.00016931712333595087,0.018322162301669307
0.818,-0.0003314636049542197,0.01839692869070862
0.819,-0.0004954422312999473,0.018470480967707884
0.82,-0.0006612541301134512,0.01854278840543961
0.821,-0.0008289000775323966,0.01861381995798981
0.822,-0.0009983804902121587,0.01868354426116717
0.823,-0.001169695417343622,0.0187519296330057
0.824,-0.0013428445325677065,0.018818944074363332
0.825,-0.0015178271257859101,0.018884555269618984
0.826,-0.00169464209486616,0.018948730587470607
0.827,-0.0018732879372432667,0.019011437081836814
0.828,-0.002053762741413278,0.01907264149286479
0.829,-0.0022360641783210344,0.01913231024804711
0.83,-0.0024201894926402204,0.019190409463450343
0.831,-0.0026061354939452253,0.01924690494505814
0.832,-0.0027938985477741164,0.0193017621902318
0.833,-0.0029834745665820285,0.019354946389291174
0.834,-0.0031748590005842956,0.019406422427219003
0.835,-0.0033680468284886266,0.01945615488549167
0.836,-0.0035630325481156564,0.019504108044039584
0.837,-0.003759810166907187,0.019550245883340367
0.838,-0.003958373192321446,0.01959453208664813
0.839,-0.004158714622114701,0.01963693004236221
0.84,-0.0043608269345085495,0.019677402846538773
0.841,-0.004564702078242239,0.019715913305548827
0.842,-0.004770331462509352,0.019752423938886175
0.843,-0.004977705946778199,0.01978689698212906
0.844,-0.005186815830495292,0.01981929439005918
0.845,-0.005397650842671237,0.01984957783994197
0.846,-0.005610200131348424,0.019877708734972053
0.847,-0.005824452252949886,0.01990364820788794
0.848,-0.006040395161508697,0.01992735712476003
0.849,-0.00625801619777731,0.019948796088956226
0.85,-0.00647730207821622,0.01996792544528941
0.851,-0.006698238883861355,0.019984705284351312
0.852,-0.006920812049069625,0.019999095447037218
0.853,-0.007145006350142027,0.02001105552926628
0.854,-0.007370805893823768,0.020020544886902164
0.855,-0.007598194105680834,0.02002752264087893
0.856,-0.007827153718352483,0.020031947682537223
0.857,-0.008057666759679125,0.02003377867917593
0.858,-0.00828971454070508,0.02003297407982457
0.859,-0.008523277643555743,0.02002949212124192
0.86,-0.00875833590918865,0.020023290834146452
0.861,-0.00899486842501804,0.020014328049684314
0.862,-0.009232853512412414,0.020002561406140776
0.863,-0.00947226871406477,0.01998794835590121
0.864,-0.00971309078123506,0.019970446172667848
0.865,-0.009955295660864559,0.019950011958938713
0.866,-0.010198858482561817,0.019926602653755388
0.867,-0.010443753545459893,0.019900175040726303
0.868,-0.010689954304944653,0.01987068575633266
0.869,-0.010937433359253877,0.019838091298524072
0.87,-0.011186162435947047,0.01980234803561142
0.871,-0.011436112378245676,0.01976341221546448
0.872,-0.011687253131244111,0.019721239975022214
0.873,-0.011939553727990796,0.019675787350123822
0.874,-0.012192982275440042,0.01962701028566888
0.875,-0.012447505940274406,0.01957486464611518
0.876,-0.012703090934597884,0.019519306226323082
0.877,-0.012959702501500133,0.019460290762755638
0.878,-0.013217304900492102,0.01939777394504375
0.879,-0.013475861392813477,0.019331711427926255
0.88,-0.013735334226612468,0.019262058843574816
0.881,-0.013995684621998584,0.019188771814314103
0.882,-0.014256872755969104,0.01911180596574786
0.883,-0.014518857747210148,0.019031116940301948
0.884,-0.014781597640773313,0.018946660411195693
0.885,-0.01504504939262904,0.01885839209685338
0.886,-0.01530916885409796,0.018766267775767956
0.887,-0.015573910756161735,0.01867024330182956
0.888,-0.01583922869365498,0.018570274620131774
0.889,-0.016105075109340113,0.018466317783269036
0.89,-0.01637140127786716,0.01835832896813903
0.891,-0.0166381572896208,0.018246264493264327
0.892,-0.016905292034457082,0.018130080836648077
0.893,-0.01717275318533265,0.018009734654179013
0.894,-0.017440487181829417,0.017885182798601504
0.895,-0.017708439213578103,0.01775638233906703
0.896,-0.017976553203584218,0.017623290581283844
0.897,-0.018244771791460494,0.01748586508828234
0.898,-0.018513036316570156,0.017344063701814023
0.899,-0.01878128680108572,0.017197844564402757
0.9,-0.01904946193296857,0.01704716614206748
0.901,-0.019317499048874854,0.016891987247736277
0.902,-0.019585334116993872,0.016732267065372338
0.903,-0.01985290171982557,0.01656796517483299
0.904,-0.020120135036904303,0.01639904157748376
0.905,-0.020386965827476677,0.016225456722590084
0.906,-0.020653324413141865,0.016047171534510067
0.907,-0.020919139660463475,0.01586414744071242
0.908,-0.021184338963562838,0.015676346400644536
0.909,-0.021448848226704245,0.01548373093547644
0.91,-0.0217125918468836,0.015286264158747197
0.911,-0.021975492696432765,0.015083909807941154
0.912,-0.022237472105652818,0.014876632277022366
0.913,-0.02249844984549051,0.014664396649956304
0.914,-0.022758344110273214,0.01444716873524897
0.915,-0.023017071500518734,0.014224915101534385
0.916,-0.023274547005837795,0.013997603114242379
0.917,-0.023530683987947967,0.013765200973379566
0.918,-0.023785394163819456,0.01352767775245736
0.919,-0.024038587588974515,0.013285003438601829
0.92,-0.02429017264096374,0.013037148973881224
0.921,-0.024540056003044226,0.012784086297887971
0.922,-0.024788142648086334,0.012525788391612945
0.923,-0.025034335822737536,0.012262229322650822
0.924,-0.025278537031873927,0.01199338429177636
0.925,-0.025520646023371937,0.011719229680932376
0.926,-0.0257605607732351,0.011439743102671294
0.927,-0.025998177471112955,0.011154903451093006
0.928,-0.026233390506251744,0.010864690954322851
0.929,-0.02646609245391909,0.010569087228574402
0.93,-0.026696174062347627,0.010268075333842703
0.931,-0.026923524240245553,0.009961639831274483
0.932,-0.027148030044925015,0.009649766842262705
0.933,-0.027369576671102663,0.00933244410931363
0.934,-0.027588047440429978,0.009009661058735323
0.935,-0.02780332379181474,0.008681408865197192
0.936,-0.02801528527259878,0.008347680518210781
0.937,-0.028223809530661077,0.008008470890582573
0.938,-0.0284287723075197,0.007663776808889941
0.939,-0.02863004743251032,0.007313597126031786
0.94,-0.02882750681812388,0.006957932795905537
0.941,-0.029021020456590763,0.0065967869502622815
0.942,-0.029210456417804082,0.006230164977791737
0.943,-0.02939568084868002,0.005858074605488459
0.944,-0.02957655797405884,0.005480525982350322
0.945,-0.02975295009925616,0.0050975317654596
0.946,-0.029924717614380113,0.004709107208496156
0.947,-0.03009171900053671,0.004315270252731083
0.948,-0.03025381083805226,0.0039160416205478
0.949,-0.030410847816848885,0.0035114449115358688
0.95,-0.030562682749116398,0.0031015067012008157
0.951,-0.030709166584431482,0.0026862566423308475
0.952,-0.03085014842748302,0.0022657275690586083
0.953,-0.030985475558570612,0.0018399556036529283
0.954,-0.031114993457051876,0.0014089802660718995
0.955,-0.03123854582792282,0.0009728445863044654
0.956,-0.03135597463172485,0.0005315952195230699
0.957,-0.031467120117981126,8.528256406466425e-5
0.958,-0.031571820862374866,-0.0003660391177484746
0.959,-0.03166991380789187,-0.0008223115759431797
0.96,-0.0317612343101599,-0.0012834724463873768
0.961,-0.031845616187227796,-0.0017494551214499007
0.962,-0.031922891774038,-0.0022201886178472388
0.963,-0.031992891981856626,-0.00269559744170598
0.964,-0.03205544636293655,-0.0031756014508803527
0.965,-0.03211038318069979,-0.0036601157145758384
0.966,-0.03215752948573668,-0.0041490503703424985
0.967,-0.03219671119793055,-0.004642310478515409
0.968,-0.03222775319502788,-0.005139795874194544
0.969,-0.03225047940798476,-0.005641401016872649
0.97,-0.03226471292343182,-0.006147014837837105
0.971,-0.03227027609361024,-0.006656520585490728
0.972,-0.03226699065414227,-0.007169795668756697
0.973,-0.032254677850009454,-0.007686711498754734
0.974,-0.032233158570121684,-0.008207133328959016
0.975,-0.0322022534908692,-0.008730920094073428
0.976,-0.03216178322905791,-0.009257924247886521
0.977,-0.03211156850463616,-0.00978799160039717
0.978,-0.0320514303136274,-0.010320961154532253
0.979,-0.03198119011168887,-0.010856664942810009
0.98,-0.03190067000872045,-0.011394927864336974
0.981,-0.03180969297495052,-0.01193556752256253
0.982,-0.031708083058926785,-0.012478394064253351
0.983,-0.03159566561783903,-0.013023210020190237
0.984,-0.031472267560597844,-0.013569810148132074
0.985,-0.03133771760408829,-0.014117981278635972
0.986,-0.031191846543009227,-0.014667502164368896
0.987,-0.031034487533698737,-0.015218143333594416
0.988,-0.030865476392331784,-0.015769666948568357
0.989,-0.03068465190785941,-0.01632182666962917
0.99,-0.03049185617003746,-0.016874367525822616
0.991,-0.030286934912867904,-0.017427025792955686
0.992,-0.03006973787374635,-0.017979528880031525
0.993,-0.029840119168575183,-0.018531595225075134
0.994,-0.02959793768306259,-0.01908293420141876
0.995,-0.029343057480382947,-0.01963324603557561
0.996,-0.029075348225323764,-0.020182221737890867
0.997,-0.028794685624987694,-0.020729543047219304
0.998,-0.02850095188605515,-0.02127488239093873
0.999,-0.02819403618854309,-0.021817902861667883
1.0,-0.02787383517591863,-0.022358258212115154
1.001,-0.02754025346134148,-0.022895592869540838
1.002,-0.02719320414971706,-0.02342954197136897
1.003,-0.026832609375141783,-0.023959731423535503
1.004,-0.02645840085321357,-0.024485777983205975
1.005,-0.026070520447563656,-0.025007289367537704
1.006,-0.02566892074984039,-0.02552386439019779
1.007,-0.025253565672241695,-0.02603509312737796
1.008,-0.024824431051550255,-0.026540557115069384
1.009,-0.024381505263474598,-0.02703982957937442
1.01,-0.023924789845939775,-0.02753247570163609
1.011,-0.023454300129804366,-0.028018052920159246
1.012,-0.022970065875305496,-0.028496111270278627
1.013,-0.022472131912352044,-0.0289661937644968
1.014,-0.021960558782598005,-0.02942783681436841
1.015,-0.021435423381034494,-0.029880570695744863
1.016,-0.020896819594640847,-0.03032392005891408
1.017,-0.020344858935433974,-0.030757404485072446
1.018,-0.01977967116505178,-0.031180539090448885
1.019,-0.01920140490780277,-0.031592835179263354
1.02,-0.01861022824891146,-0.0319938009465426
1.021,-0.01800632931448992,-0.032382942231633974
1.022,-0.0173899168295718,-0.03275976332305273
1.023,-0.01676122065035884,-0.033123767815068206
1.024,-0.01612049226665349,-0.0334744595161803
1.025,-0.015468005270287702,-0.033811343409358034
1.026,-0.01480405578521008,-0.03413392666360806
1.027,-0.014128962854764036,-0.03444171969611153
1.028,-0.013443068781581894,-0.0347342372838151
1.029,-0.01274673941543702,-0.035010999722985034
1.03,-0.012040364384341236,-0.03527153403483529
1.031,-0.01132435726415145,-0.0355153752149216
1.032,-0.01059915568196081,-0.03574206752355673
1.033,-0.009865221348598838,-0.03595116581404962
1.034,-0.0091230400156553,-0.0361422368951058
1.035,-0.008373121352576599,-0.03631486092325195
1.036,-0.007615998739564102,-0.036468632820667805
1.037,-0.006852228972233376,-0.03660316371332783
1.038,-0.006082391874273594,-0.03671808238387827
1.039,-0.005307089814679205,-0.036813036733207356
1.04,-0.004526947126512047,-0.036887695244213634
1.041,-0.00374260942459203,-0.03694174844084486
1.042,-0.0029547428200080387,-0.0369749103350745
1.043,-0.002164033029886819,-0.03698691985411088
1.044,-0.0013711843814546304,-0.03697754223980147
1.045,-0.0005769187100718763,-0.036946570411909324
1.046,0.00021802584838868553,-0.036893826286705476
1.047,0.0010128961697183723,-0.036819162042147954
1.048,0.0018069255562350517,-0.03672246132080942
1.049,0.00259933525166661,-0.03660364036167874
1.05,0.0033893360525710527,-0.036462649052000376
1.051,0.0041761300119744,-0.036299471890434844
1.052,0.004958912230066187,-0.036114128853027415
1.053,0.005736872725953256,-0.03590667615376213
1.054,0.0065091983836450765,-0.0356772068918576
1.055,0.007275074964638206,-0.03542585157842887
1.056,0.008033689178693808,-0.03515277853569677
1.057,0.00878423080367099,-0.034858194162568835
1.058,0.009525894844600327,-0.034542343061143496
1.059,0.010257883721566701,-0.03420550801949427
1.06,0.010979409475428019,-0.033848009846970076
1.061,0.011689695979936087,-0.03347020705919213
1.062,0.012387981148456035,-0.0330724954109304
1.063,0.013073519123208916,-0.03265530727609252
1.064,0.0137455824347949,-0.0322191108751458
1.065,0.014403464119696913,-0.03176440935140593
1.066,0.015046479783520385,-0.03129173969875312
1.067,0.015673969597896457,-0.030801671544463487
1.068,0.016285300219263856,-0.030294805791959055
1.069,0.016879866618148057,-0.029771773129368448
1.07,0.017457093808072362,-0.02923323241084098
1.071,0.01801643846386007,-0.028679868918554924
1.072,0.01855739041981385,-0.028112392514294867
1.073,0.0190794740390803,-0.02753153569033114
1.074,0.019582249446415803,-0.026938051530105908
1.075,0.020065313617553555,-0.026332711589906133
1.076,0.020528301319420034,-0.025716303713275122
1.077,0.02097088589654989,-0.025089629790375136
1.078,0.02139277990018801,-0.024453503474858446
1.079,0.021793735557733243,-0.023808747871029958
1.08,0.022173545081355873,-0.02315619320418934
1.081,0.022532040815796836,-0.02249667448702472
1.082,0.022869095226517054,-0.021831029194794845
1.083,0.023184620730497346,-0.02116009496178622
1.084,0.023478569373080113,-0.02048470731117022
1.085,0.02375093235528239,-0.019805697429919927
1.086,0.024001739416984472,-0.01912388999988441
1.087,0.02423105808230055,-0.018440101095468613
1.088,0.02443899277425854,-0.017755136157639795
1.089,0.02462568380664952,-0.01706978805318677
1.09,0.024791306261547096,-0.01638483522730779
1.091,0.02493606876153959,-0.015701039956707553
1.092,0.025060212146161435,-0.015019146709455857
1.093,0.025164008062352663,-0.014339880616910846
1.094,0.0252477574790181,-0.013663946062050443
1.095,0.025311789135902225,-0.01299202538759706
1.096,0.025356457937044555,-0.012324777726373672
1.097,0.025382143299038165,-0.011662837955403326
1.098,0.025389247464185406,-0.011006815774368257
1.099,0.025378193788436084,-0.01035729490818687
1.1,0.025349425013710895,-0.009714832432654013
1.101,0.02530340153386379,-0.009079958221328236
1.102,0.025240599663128884,-0.008453174511144178
1.103,0.025161509915438376,-0.007834955583582697
1.104,0.025066635302495338,-0.007225747557648828
1.105,0.02495648965794745,-0.006625968290390229
1.106,0.02483159599444249,-0.006036007380237076
1.107,0.024692484899761013,-0.005456226268059001
1.108,0.024539692977623626,-0.004886958430514409
1.109,0.02437376133816664,-0.004328509660011369
1.11,0.02419523414247628,-0.003781158425404798
1.111,0.024004657204974904,-0.0032451563074193932
1.112,0.023802576656867403,-0.0027207285027084256
1.113,0.023589537673287107,-0.0022080743904316458
1.114,0.023366083266232254,-0.001707368155257197
1.115,0.023132753144859946,-0.00121875946075862
1.116,0.022890082644207332,-0.0007423741672844239
1.117,0.022638601722941985,-0.00027831508852006596
1.118,0.022378834030306976,0.00017333721886383363
1.119,0.022111296042022204,0.0006125236378818886
1.12,0.021836496264532945,0.0010392056514032758
1.121,0.021554934506659802,0.001453364484756649
1.122,0.021267101217401243,0.0018550002354483155
1.123,0.020973476888370254,0.0022441309944006933
1.124,0.02067453151910969,0.0026207919628391677
1.125,0.020370724143325747,0.0029850345686714013
1.126,0.020062502413904306,0.0033369255859168924
1.127,0.019750302244429405,0.0036765462604586665
1.128,0.019434547504805198,0.004003991445105793
1.129,0.019115649768490877,0.004319368746677028
1.13,0.01879400810879027,0.004622797687544076
1.131,0.01847000894159257,0.004914408883809288
1.132,0.018144025911935917,0.005194343242038417
1.133,0.017816419821759636,0.005462751176225359
1.134,0.01748753859622189,0.005719791846433491
1.135,0.01715771728598581,0.005965632420337986
1.136,0.01682727810291663,0.006200447358685707
1.137,0.016496530486684046,0.0064244177254944015
1.138,0.016165771199825454,0.0066377305236309265
1.139,0.015835284448896328,0.006840578056239361
1.14,0.015505342029411633,0.007033157314333737
1.141,0.015176203492365875,0.0072156693907268615
1.142,0.014848116330208034,0.007388318920335729
1.143,0.014521316180239701,0.0075513135467851576
1.144,0.014196027043499652,0.007704863415124037
1.145,0.013872461517294597,0.007849180690372473
1.146,0.013550821039633329,0.007984479101532658
1.147,0.013231296143918969,0.008110973510620893
1.148,0.012914066722351087,0.008228879506212426
1.149,0.012599302296585348,0.008338413020933817
1.15,0.012287162294292572,0.0084397899722891
1.151,0.011977796330351361,0.008533225926165303
1.152,0.011671344491498176,0.008618935782329461
1.153,0.011367937623345798,0.008697133481202405
1.154,0.011067697618765197,0.008768031731174044
1.155,0.010770737706706656,0.008831841755709712
1.156,0.010477162740613596,0.008888773059487268
1.157,0.010187069485656588,0.008939033212799185
1.158,0.009900546904085686,0.008982827653452721
1.159,0.009617676438066191,0.009020359505403697
1.16,0.009338532289426492,0.009051829413365225
1.161,0.009063181695806503,0.009077435392641378
1.162,0.008791685202751724,0.009097372693447039
1.163,0.00852409693135089,0.009111833678988598
1.164,0.00826046484106485,0.0091210077165955
1.165,0.008000830987440657,0.009125081081209569
1.166,0.0077452317744480595,0.009124236870557322
1.167,0.0074936982012157,0.009118654931349895
1.168,0.007246256102981509,0.009108511795875403
1.169,0.007002926386106155,0.009093980628369552
1.17,0.006763725257030069,0.009075231180571738
1.171,0.006528664445083636,0.009052429755895644
1.172,0.006297751419086831,0.009025739181665311
1.173,0.006070989597698892,0.008995318788889668
1.174,0.00584837855350076,0.008961324399070507
1.175,0.0056299142108131575,0.00892390831756066
1.176,0.005415589037271276,0.00888321933301073
1.177,0.005205392229193419,0.008839402722463969
1.178,0.0049993098907955705,0.00879260026167971
1.179,0.004797325207316899,0.008742950240286264
1.18,0.00459941861213281,0.008690587481383995
1.181,0.004405567947942307,0.0086356433652388
1.182,0.004215748622125385,0.008578245856724946
1.183,0.0040299337563738935,0.008518519536194568
1.184,0.0038480943307059607,0.008456585633468664
1.185,0.0036701993219797205,0.008392562064661562
1.186,0.0034962158370267942,0.008326563471567154
1.187,0.003326109240529871,0.008258701263350997
1.188,0.0031598432777718123,0.008189083660307555
1.189,0.0029973801923861183,0.008117815739456297
1.19,0.0028386808392403336,0.008044999481764343
1.191,0.002683704792585152,0.007970733820796586
1.192,0.002532410449602611,0.007895114692606914
1.193,0.0023847551294869404,0.007818235086696247
1.194,0.002240695168191378,0.007740185097874593
1.195,0.002100186008973605,0.0076610519788753466
1.196,0.001963182288871497,0.00758092019358036
1.197,0.0018296379212395892,0.007499871470724274
1.198,0.0016995061744751062,0.007417984857955917
1.199,0.0015727397470606374,0.007335336776143461
1.2,0.0014492908390485414,0.007252001073818405
1.201,0.0013291112201100133,0.007168049081661388
1.202,0.0012121522942694345,0.007083549666940339
1.203,0.0010983651614421917,0.006998569287818503
1.204,0.0009877006758916113,0.006913172047456578
1.205,0.0008801095017180276,0.006827419747839443
1.206,0.0007755421654903097,0.006741371943263872
1.207,0.0006739491061274225,0.006655085993429181
1.208,0.0005752807221348167,0.006568617116077942
1.209,0.00047948741629762675,0.0064820184391388164
1.21,0.0003865196379298342,0.006395341052328124
1.211,0.0002963279227757307,0.006308634058171063
1.212,0.00020886293065718755,0.006221944622407527
1.213,0.0001240754809574398,0.0061353180237511944
1.214,4.191658602930503e-5,0.006048797702974109
1.215,-3.766251738699651e-5,0.005962425311292219
1.216,-0.00011471033865397498,0.005876240758030406
1.217,-0.00018927510555519418,0.005790282257548392
1.218,-0.0002614047383646603,0.005704586375411527
1.219,-0.0003311468255927433,0.005619188073792961
1.22,-0.00039854860133664024,0.005534120756095948
1.221,-0.00046365692416587795,0.005449416310787175
1.222,-0.0005265182574757881,0.005365105154433961
1.223,-0.0005871786512442647,0.005281216273939979
1.224,-0.0006456837251294355,0.00519777726797585
1.225,-0.0007020786528481381,0.005114814387602466
1.226,-0.000756408147777296,0.005032352576086383
1.227,-0.0008087164497224312,0.004950415507907856
1.228,-0.0008590473127996316,0.004869025626963385
1.229,-0.0009074439943793147,0.004788204183965637
1.23,-0.0009539492450420916,0.004707971273044715
1.231,-0.0009986052994989374,0.0046283458675555975
1.232,-0.0010414538684297224,0.004549345855097427
1.233,-0.001082536131195939,0.004470988071751108
1.234,-0.0011218927293851963,0.004393288335542328
1.235,-0.0011595637611467218,0.00431626147913775
1.236,-0.001195588776278728,0.004239921381782698
1.237,-0.0012300067720300686,0.004164281000489118
1.238,-0.001262856189580119,0.004089352400483091
1.239,-0.0012941749111622682,0.004015146784921514
1.24,-0.0013240002577978253,0.003941674523887963
1.241,-0.0013523689876084996,0.0038689451826780193
1.242,-0.001379317294676916,0.003796967549384614
1.243,-0.0014048808084259053,0.0037257496617941763
1.244,-0.0014290945934885082,0.003655298833604557
1.245,-0.0014519931500418211,0.0035856216799758462
1.246,-0.0014736104145789308,0.0035167241424253503
1.247,-0.001493979761094277,0.0034486115130780777
1.248,-0.0015131340026588273,0.003381288458284166
1.249,-0.0015311053933624629,0.003314759041614728
1.25,-0.001547925630601929,0.003249026746247632
1.251,-0.0015636258576936586,0.0031840944967547313
1.252,-0.00157823666679165,0.0031199646803020584
1.253,-0.001591788102091466,0.0030566391672744667
1.254,-0.0016043096633022327,0.00299411933133617
1.255,-0.001615830309369326,0.0029324060689385634
1.256,-0.0016263784624311883,0.002871499818286661
1.257,-0.0016359820119944727,0.0028114005777753856
1.258,-0.0016446683193123935,0.002752107923906872
1.259,-0.0016524642219518661,0.0026936210286998435
1.26,-0.0016593960385356556,0.0026359386766020097
1.261,-0.0016654895736463867,0.0025790592809163244
1.262,-0.0016707701228798678,0.002522980899751818
1.263,-0.0016752624780357586,0.0024677012515095928
1.264,-0.0016789909324341679,0.0024132177299144384
1.265,-0.0016819792863472952,0.0023595274186023786
1.266,-0.0016842508525357466,0.0023066271052743347
1.267,-0.001685828461879638,0.002254513295425928
1.268,-0.0016867344690950751,0.0022031822256633107
1.269,-0.001686990758527049,0.002152629876614747
1.27,-0.0016866187500102136,0.0021028519854475397
1.271,-0.0016856394047894316,0.0020538440579997053
1.272,-0.001684073231492373,0.002005601380535684
1.273,-0.001681940292146827,0.0019581190311351846
1.274,-0.0016792602082357595,0.001911391890724118
1.275,-0.001676052166783492,0.0018654146537564215
1.276,-0.0016723349264667231,0.0018201818385553993
1.277,-0.0016681268237444232,0.0017756877973230665
1.278,-0.0016634457790009553,0.0017319267258258113
1.279,-0.001658309302697061,0.0016888926727645407
1.28,-0.0016527345015236335,0.0016465795488373133
1.281,-0.0016467380845534803,0.0016049811355023128
1.282,-0.0016403363693865264,0.0015640910934488546
1.283,-0.0016335452882841669,0.001523902970783967
1.284,-0.001626380394288709,0.0014844102109419404
1.285,-0.0016188568673240807,0.0014456061603240775
1.286,-0.0016109895202741898,0.001407484075675738
1.287,-0.0016027928050355396,0.001370037131207618
1.288,-0.0015942808185408952,0.0013332584254680568
1.289,-0.001585467308750998,0.0012971409879730252
1.29,-0.0015763656806114961,0.001261677785600305
1.291,-0.0015669890019724482,0.0012268617287542205
1.292,-0.0015573500094679142,0.0011926856773071595
1.293,-0.0015474611143533115,0.0011591424463239708
1.294,-0.0015373344082983723,0.001126224811575196
1.295,-0.0015269816691336764,0.0010939255148449643
1.296,-0.0015164143665488807,0.0010622372690392388
1.297,-0.0015056436677408991,0.0010311527630999847
1.298,-0.001494680443010411,0.0010006646667306952
1.299,-0.0014835352713052047,0.0009707656349385909
1.3,-0.0014722184457089732,0.0009414483123986852
1.301,-0.0014607399788742973,0.0009127053376447866
1.302,-0.0014491096083986505,0.000884529347092393
1.303,-0.001437336802142368,0.0008569129788983142
1.304,-0.0014254307634876155,0.0008298488766617479
1.305,-0.001413400436537488,0.0008033296929714204
1.306,-0.001401254511254455,0.0007773480928032939
1.307,-0.0013890014285374527,0.000751896756773236
1.308,-0.0013766493852370072,0.0007269683842489386
1.309,-0.0013642063391078449,0.0007025556963252717
1.31,-0.001351680013698521,0.0006786514386671571
1.311,-0.0013390779031776643,0.0006552483842239423
1.312,-0.0013264072770965063,0.0006323393358191644
1.313,-0.001313675185087421,0.0006099171286194915
1.314,-0.0013008884614982624,0.00058797463248654
1.315,-0.0012880537299623457,0.0005665047542151694
1.316,-0.0012751774079039662,0.0005455004396617731
1.317,-0.0012622657109794093,0.0005249546757659887
1.318,-0.0012493246574534443,0.0005048604924691673
1.319,-0.0012363600725113476,0.0004852109645328601
1.32,-0.0012233775925065387,0.0004659992132604911
1.321,-0.0012103826691439597,0.00044721840812531126
1.322,-0.001197380573599361,0.00042886176830764293
1.323,-0.0011843764005746978,0.0004109225641443518
1.324,-0.0011713750722898756,0.0003933941184934039
1.325,-0.0011583813424111138,0.00037626980801629194
1.326,-0.0011453997999162282,0.0003595430643810437
1.327,-0.0011324348728971652,0.00034320737538845274
1.328,-0.0011194908323001434,0.00032725628602410197
1.329,-0.0011065717956037857,0.00031168339943868486
1.33,-0.001093681730435653,0.00029648237785906
1.331,-0.0010808244581276035,0.00028164694343241073
1.332,-0.0010680036572104383,0.00026717087900581925
1.333,-0.0010552228668482934,0.0002530480288435007
1.334,-0.0010424854902132798,0.00023927229928388254
1.335,-0.0010297947978008682,0.00022583765933865694
1.336,-0.0010171539306865485,0.00021273814123587268
1.337,-0.0010045659037242996,0.00019996784090908009
1.338,-0.00099203360868742,0.00018752091843448433
1.339,-0.0009795598173522847,0.00017539159841801024
1.34,-0.0009671471845256059,0.00016357417033412825
1.341,-0.0009547982510157798,0.0001520629888182392
1.342,-0.00094251544654892,0.00014085247391436675
1.343,-0.0009303010926301813,0.00012993711127985526
1.344,-0.000918157405350985,0.00011931145234872462
1.345,-0.0009060864981427697,0.00010897011445528544
1.346,-0.0008940903844778908,9.890778091957322e-5
1.347,-0.0008821709805183037,8.911920109611475e-5
1.348,-0.0008703301077126667,7.959919038749689e-5
1.349,-0.0008585694953425043,7.034263022416529e-5
1.35,-0.0008468907830180789,6.134446801183903e-5
1.351,-0.0008352955231246159,5.2599717047886456e-5
1.352,-0.0008237851832195354,4.410345640796868e-5
1.353,-0.0008123611483813416,3.585083080421791e-5
1.354,-0.0008010247235108236,2.7837050416180665e-5
1.355,-0.0007897771355852246,2.0057390695719003e-5
1.356,-0.0007786195358660304,1.2507192147027431e-5
1.357,-0.0007675530020610374,5.181860082887951e-6
1.358,-0.0007565785404413494,-1.9231356417480765e-6
1.359,-0.000745697087913961,-8.812260917795798e-6
1.36,-0.0007349095140505773,-1.5489917690667337e-5
1.361,-0.0007242166230733208,-2.1960444288505244e-5
1.362,-0.0007136191557979749,-2.822811576905804e-5
1.363,-0.0007031177915354088,-3.4297144284266853e-5
1.364,-0.0006927131499518292,-4.01716794616614e-5
1.365,-0.0006824057928884963,-4.585580880169194e-5
1.366,-0.0006721962261415437,-5.135355809015155e-5
1.367,-0.0006620849012025352,-5.666889182487004e-5
1.368,-0.0006520722169603881,-6.180571365588723e-5
1.369,-0.0006421585213652884,-6.676786683833869e-5
1.37,-0.0006323441130552206,-7.155913469731234e-5
1.371,-0.0006226292429457287,-7.618324110395818e-5
1.372,-0.0006130141157835207,-8.06438509621575e-5
1.373,-0.0006034988916645251,-8.494457070508067e-5
1.374,-0.0005940836875170015,-8.908894880098515e-5
1.375,-0.0005847685785503024,-9.308047626762714e-5
1.376,-0.0005755535996698817,-9.692258719468166e-5
1.377,-0.0005664387468591315,-0.00010061865927358641
1.378,-0.0005574239785286337,-0.00010417201433424488
1.379,-0.0005485092168333996,-0.00010758591888804399
1.38,-0.0005396943489586676,-0.00011086358467666021
1.381,-0.0005309792283748235,-0.00011400816922614705
1.382,-0.0005223636760620024,-0.0001170227764058147
1.383,-0.0005138474817049222,-0.00011991045699142979
1.384,-0.0005054304048584977,-0.0001226742092322811
1.385,-0.0004971121760847724,-0.00012531697942167277
1.386,-0.0004888924980617029,-0.00012784166247042326
1.387,-0.0004807710466643239,-0.00013025110248296364
1.388,-0.0004727474720188137,-0.00013254809333564465
1.389,-0.0004648213995299755,-0.00013473537925687547
1.39,-0.00045699243088264226,-0.00013681565540873337
1.391,-0.00044926014501750814,-0.0001387915684696957
1.392,-0.0004416240990818806,-0.00014066571721816018
1.393,-0.00043408382935584283,-0.00014244065311643284
1.394,-0.00042663885215430883,-0.00014411888089487448
1.395,-0.00041928866470544734,-0.00014570285913591095
1.396,-0.0004120327460059439,-0.0001471950008576227
1.397,-0.0004048705576535642,-0.0001485976740966422
1.398,-0.00039780154465747486,-0.00014991320249009826
1.399,-0.0003908251362267728,-0.00015114386585635803
1.4,-0.00038394074653766533,-0.0001522919007743278
1.401,-0.0003771477754797398,-0.0001533595011610842
1.402,-0.00037044560938175215,-0.00015434881884761738
1.403,-0.0003638336217173594,-0.00015526196415247817
1.404,-0.0003573111737912142,-0.00015610100645312944
1.405,-0.00035087761540583326,-0.00015686797475481285
1.406,-0.000344532285509644,-0.00015756485825674905
1.407,-0.0003382745128266097,-0.00015819360691550014
1.408,-0.0003321036164678256,-0.00015875613200532992
1.409,-0.0003260189065254724,-0.00015925430667540648
1.41,-0.00032001968464950744,-0.0001596899665036991
1.411,-0.0003141052446074693,-0.00016006491004742974
1.412,-0.00030827487282776176,-0.0001603808993899456
1.413,-0.0003025278489267819,-0.00016063966068388777
1.414,-0.0002968634462202471,-0.0001608428846905366
1.415,-0.00029128093221907113,-0.00016099222731522228
1.416,-0.00028577956911013565,-0.0001610893101386945
1.417,-0.00028035861422229334,-0.00016113572094435247
1.418,-0.00027501732047793744,-0.00016113301424124134
1.419,-0.000269754936830464,-0.00016108271178272833
1.42,-0.00026457070868794876,-0.00016098630308077625
1.421,-0.0002594638783233539,-0.00016084524591573852
1.422,-0.00025443368527157623,-0.00016066096684160441
1.423,-0.00024947936671364024,-0.00016043486168662916
1.424,-0.00024460015784833654,-0.00016016829604928708
1.425,-0.00023979529225159971,-0.0001598626057894927
1.426,-0.00023506400222391333,-0.00015951909751503723
1.427,-0.00023040551912602693,-0.00015913904906319408
1.428,-0.00022581907370326247,-0.00015872370997744984
1.429,-0.00022130389639868372,-0.00015827430197932273
1.43,-0.0002168592176553967,-0.00015779201943523296
1.431,-0.00021248426820824425,-0.00015727802981839472
1.432,-0.00020817827936515286,-0.00015673347416570233
1.433,-0.00020394048327838536,-0.00015615946752958656
1.434,-0.00019977011320594757,-0.00015555709942482155
1.435,-0.00019566640376339283,-0.00015492743427026449
1.436,-0.00019162859116626349,-0.00015427151182551512
1.437,-0.00018765591346340383,-0.0001535903476224836
1.438,-0.00018374761076137385,-0.00015288493339185935
1.439,-0.00017990292544019015,-0.0001521562374844756
1.44,-0.00017612110236061367,-0.0001514052052875675
1.441,-0.00017240138906320183,-0.00015063275963592403
1.442,-0.00016874303595933692,-0.00014983980121793626
1.443,-0.0001651452965144383,-0.0001490272089765475
1.444,-0.00016160742742356318,-0.00014819584050511231
1.445,-0.00015812868877959445,-0.00014734653243817465
1.446,-0.0001547083442342123,-0.00014648010083717587
1.447,-0.0001513456611518402,-0.00014559734157110747
1.448,-0.0001480399107567538,-0.00014469903069212322
1.449,-0.00014479036827353564,-0.0001437859248061289
1.45,-0.0001415963130610565,-0.00014285876143836824
1.451,-0.00013845702874015867,-0.00014191825939402638
1.452,-0.00013537180331521436,-0.00014096511911387334
1.453,-0.00013233992928972767,-0.00014000002302497105
1.454,-0.00012936070377614537,-0.0001390236358864698
1.455,-0.00012643342860003848,-0.00013803660513052107
1.456,-0.00012355741039881245,-0.000137039561198334
1.457,-0.00012073196071510132,-0.00013603311787140592
1.458,-0.00011795639608499674,-0.00013501787259795675
1.459,-0.0001152300381212605,-0.0001339944068145992
1.46,-0.00011255221359166518,-0.00013296328626327707
1.461,-0.0001099222544926049,-0.00013192506130350605
1.462,-0.00010733949811811445,-0.0001308802672199508
1.463,-0.00010480328712443273,-0.0001298294245253744
1.464,-0.0001023129695902425,-0.0001287730392589959
1.465,-9.98678990727165e-5,-0.00012771160328029396
1.466,-9.746743465949586e-5,-0.0001266455945582933
1.467,-9.511094101672528e-5,-0.00012557547745637313
1.468,-9.27977884332651e-5,-0.00012450170301263666
1.469,-9.052735286119908e-5,-0.00012342470921588116
1.47,-8.829901595275266e-5,-0.00012234492127720882
1.471,-8.611216509373495e-5,-0.00012126275189731942
1.472,-8.396619343361428e-5,-0.00012017860152952586
1.473,-8.186049991233476e-5,-0.00011909285863853406
1.474,-7.979448928397919e-5,-0.00011800589995502961
1.475,-7.776757213738048e-5,-0.00011691809072611321
1.476,-7.577916491378198e-5,-0.00011582978496162771
1.477,-7.382868992164405e-5,-0.00011474132567641986
1.478,-7.191557534869274e-5,-0.00011365304512857979
1.479,-7.003925527130304e-5,-0.00011256526505370181
1.48,-6.81991696613081e-5,-0.00011147829689521003
1.481,-6.639476439032254e-5,-0.00011039244203079281
1.482,-6.46254912316665e-5,-0.00010930799199498973
1.483,-6.289080785997475e-5,-0.00010822522869797531
1.484,-6.119017784857296e-5,-0.00010714442464058336
1.485,-5.952307066470142e-5,-0.00010606584312561648
1.486,-5.7888961662664206e-5,-0.0001049897384654845
1.487,-5.628733207498023e-5,-0.0001039163561862165
1.488,-5.471766900161022e-5,-0.00010284593322789012
1.489,-5.3179465397332204e-5,-0.00010177869814152284
1.49,-5.1672220057335895e-5,-0.000100714871282469
1.491,-5.0195437601104844e-5,-9.965466500036657e-5
1.492,-4.874862845465319e-5,-9.8598283825678e-5
1.493,-4.733130883118234e-5,-9.754592465286846e-5
1.494,-4.594300071022102e-5,-9.649777692026565e-5
1.495,-4.458323181531064e-5,-9.545402278664448e-5
1.496,-4.3251535590295994e-5,-9.441483730458008e-5
1.497,-4.194745117428023e-5,-9.338038859061244e-5
1.498,-4.0670523375300864e-5,-9.23508379922658e-5
1.499,-3.942030264278248e-5,-9.132634025196541e-5
1.5,-3.8196345038820206e-5,-9.030704366789452e-5
1.501,-3.699821220834634e-5,-8.929309025183408e-5
1.502,-3.582547134823149e-5,-8.8284615884027e-5
1.503,-3.467769517536972e-5,-8.728175046510932e-5
1.504,-3.3554461893796205e-5,-8.628461806514968e-5
1.505,-3.245535516088429e-5,-8.529333706983874e-5
1.506,-3.137996405266772e-5,-8.430802032386941e-5
1.507,-3.0327883028332352e-5,-8.332877527154907e-5
1.508,-2.9298711893920552e-5,-8.235570409468409e-5
1.509,-2.829205576529013e-5,-8.138890384777709e-5
1.51,-2.7307525030368565e-5,-8.042846659057673e-5
1.511,-2.6344735310741997e-5,-7.947447951801998e-5
1.512,-2.5403307422617386e-5,-7.852702508760566e-5
1.513,-2.448286733719508e-5,-7.758618114423893e-5
1.514,-2.3583046140487946e-5,-7.66520210425848e-5
1.515,-2.2703479992622122e-5,-7.57246137669693e-5
1.516,-2.1843810086653422e-5,-7.480402404886625e-5
1.517,-2.1003682606932437e-5,-7.389031248200717e-5
1.518,-2.018274868705023e-5,-7.298353563515175e-5
1.519,-1.9380664367395754e-5,-7.208374616255571e-5
1.52,-1.8597090552354974e-5,-7.119099291217258e-5
1.521,-1.7831692967180856e-5,-7.030532103162581e-5
1.522,-1.708414211456244e-5,-6.942677207198682e-5
1.523,-1.6354113230920293e-5,-6.855538408939459e-5
1.524,-1.5641286242454847e-5,-6.769119174455192e-5
1.525,-1.4945345720973171e-5,-6.683422640013294e-5
1.526,-1.4265980839518993e-5,-6.598451621613646e-5
1.527,-1.3602885327829939e-5,-6.514208624321895e-5
1.528,-1.2955757427645142e-5,-6.430695851404085e-5
1.529,-1.2324299847885671e-5,-6.347915213265937e-5
1.53,-1.170821971972939e-5,-6.26586833620008e-5
1.531,-1.110722855160122e-5,-6.18455657094446e-5
1.532,-1.0521042184098979e-5,-6.103981001055144e-5
1.533,-9.949380744874338e-6,-6.024142451096702e-5
1.534,-9.391968603487704e-6,-5.9450414946532804e-5
1.535,-8.848534326255214e-6,-5.8666784621634744e-5
1.536,-8.318810631105362e-6,-5.789053448582061e-5
1.537,-7.802534342462156e-6,-5.7121663208715984e-5
1.538,-7.299446346171063e-6,-5.6360167253268915e-5
1.539,-6.809291544483457e-6,-5.56060409473525e-5
1.54,-6.331818811114635e-6,-5.4859276553754585e-5
1.541,-5.866780946389954e-6,-5.411986433858323e-5
1.542,-5.413934632493053e-6,-5.338779263811628e-5
1.543,-4.973040388829589e-6,-5.266304792412294e-5
1.544,-4.543862527519425e-6,-5.194561486768503e-5
1.545,-4.126169109029637e-6,-5.123547640154494e-5
1.546,-3.719731897960265e-6,-5.053261378100739e-5
1.547,-3.3243263189942194e-6,-4.983700664342121e-5
1.548,-2.939731413022281e-6,-4.914863306626743e-5
1.549,-2.565729793453693e-6,-4.846746962387931e-5
1.55,-2.2021076027223754e-6,-4.779349144281982e-5
1.551,-1.8486544689983723e-6,-4.712667225594144e-5
1.552,-1.5051634631137118e-6,-4.6466984455153144e-5
1.553,-1.1714310557114518e-6,-4.5814399142918714e-5
1.554,-8.472570746262808e-7,-4.5168886182510496e-5
1.555,-5.324446625046571e-7,-4.453041424704213e-5
1.556,-2.268002346720937e-7,-4.3898950867303615e-5
1.557,6.986656274517866e-8,-4.327446247842155e-5
1.558,3.577428944372855e-7,-4.265691446536726e-5
1.559,6.370127772599883e-7,-4.204627120733496e-5
1.56,9.078571213099723e-7,-4.144249612101199e-5
1.561,1.1704537707202733e-6,-4.08455517027626e-5
1.562,1.4249775441702917e-6,-4.025539956974671e-5
1.563,1.6716002751051499e-6,-3.9672000499994376e-5
1.564,1.9104908516594496e-6,-3.909531447145681e-5
1.565,2.141815256280775e-6,-3.8525300700054064e-5
1.566,2.3657366050485754e-6,-3.796191767673948e-5
1.567,2.5824151866843178e-6,-3.740512320360052e-5
1.568,2.7920085012490924e-6,-3.685487442901538e-5
1.569,2.9946712985250835e-6,-3.631112788188434e-5
1.57,3.1905556160775873e-6,-3.577383950495478e-5
1.571,3.3798108169944866e-6,-3.5242964687258094e-5
1.572,3.562583627300341e-6,-3.47184582956768e-5
1.573,3.7390181730424595e-6,-3.42002747056597e-5
1.574,3.90925601704656e-6,-3.3688367831102504e-5
1.575,4.073436195339824e-6,-3.3182691153411435e-5
1.576,4.231695253239357e-6,-3.268319774976653e-5
1.577,4.3841672811042804e-6,-3.21898403206016e-5
1.578,4.530983949749851e-6,-3.170257121631712e-5
1.579,4.672274545522205e-6,-3.122134246324222e-5
1.58,4.808166005032515e-6,-3.0746105788861713e-5
1.581,4.938782949549489e-6,-3.027681264632381e-5
1.582,5.064247719049339e-6,-2.9813414238243676e-5
1.583,5.184680405922509e-6,-2.9355861539818178e-5
1.584,5.300198888336575e-6,-2.890410532126643e-5
1.585,5.4109188632549405e-6,-2.8458096169610853e-5
1.586,5.516953879111028e-6,-2.8017784509812974e-5
1.587,5.618415368137876e-6,-2.7583120625278097e-5
1.588,5.7154126783531306e-6,-2.715405467774262e-5
1.589,5.8080531051995906e-6,-2.6730536726557628e-5
1.59,5.896441922841571e-6,-2.6312516747382035e-5
1.591,5.980682415117486e-6,-2.5899944650298445e-5
1.592,6.060875906149153e-6,-2.5492770297364576e-5
1.593,6.137121790608444e-6,-2.5090943519612848e-5
1.594,6.209517563642026e-6,-2.4694414133510614e-5
1.595,6.278158850455012e-6,-2.4303131956893174e-5
1.596,6.343139435554469e-6,-2.391704682438154e-5
1.597,6.404551291653823e-6,-2.353610860229673e-5
1.598,6.462484608239269e-6,-2.3160267203082104e-5
1.599,6.517027819799413e-6,-2.2789472599245018e-5
1.6,6.568267633719455e-6,-2.2423674836829025e-5
1.601,6.616289057841269e-6,-2.2062824048427388e-5
1.602,6.661175427690866e-6,-2.1706870465748708e-5
1.603,6.703008433374755e-6,-2.1355764431745136e-5
1.604,6.741868146146816e-6,-2.1009456412313445e-5
1.605,6.777833044647367e-6,-2.0667897007579137e-5
1.606,6.810980040816138e-6,-2.033103696277343e-5
1.607,6.841384505480992e-6,-1.999882717871292e-5
1.608,6.869120293624208e-6,-1.9671218721891397e-5
1.609,6.894259769328282e-6,-1.934816283419327e-5
1.61,6.916873830403195e-6,-1.9029610942237664e-5
1.611,6.937031932697169e-6,-1.8715514666362272e-5
1.612,6.954802114092993e-6,-1.8405825829255804e-5
1.613,6.970251018192018e-6,-1.8100496464247594e-5
1.614,6.983443917687989e-6,-1.779947882326297e-5
1.615,6.994444737432913e-6,-1.7502725384452628e-5
1.616,7.003316077197195e-6,-1.7210188859504163e-5
1.617,7.010119234126321e-6,-1.692182220064383e-5
1.618,7.014914224896385e-6,-1.6637578607336282e-5
1.619,7.017759807570828e-6,-1.6357411532689995e-5
1.62,7.018713503160715e-6,-1.6081274689575923e-5
1.621,7.0178316168909926e-6,-1.5809122056466748e-5
1.622,7.015169259175116e-6,-1.554090788300392e-5
1.623,7.010780366300517e-6,-1.5276586695299606e-5
1.624,7.00471772082737e-6,-1.5016113300980445e-5
1.625,6.997032971703149e-6,-1.4759442793979946e-5
1.626,6.9877766540954924e-6,-1.450653055908612e-5
1.627,6.976998208945895e-6,-1.4257332276250913e-5
1.628,6.964746002246771e-6,-1.4011803924667796e-5
1.629,6.951067344044448e-6,-1.3769901786623768e-5
1.63,6.936008507170655e-6,-1.3531582451131867e-5
1.631,6.919614745705101e-6,-1.329680281735022e-5
1.632,6.901930313171707e-6,-1.3065520097793449e-5
1.633,6.8829984804711184e-6,-1.28376918213422e-5
1.634,6.862861553552088e-6,-1.2613275836056408e-5
1.635,6.841560890824341e-6,-1.2392230311797783e-5
1.636,6.819136920315548e-6,-1.2174513742666905e-5
1.637,6.795629156575019e-6,-1.1960084949260209e-5
1.638,6.77107621732674e-6,-1.174890308075197e-5
1.639,6.745515839874379e-6,-1.154092761680637e-5
1.64,6.7189848972608854e-6,-1.1336118369324557e-5
1.641,6.691519414185304e-6,-1.1134435484031498e-5
1.642,6.663154582679426e-6,-1.0935839441907405e-5
1.643,6.633924777546895e-6,-1.0740291060468269e-5
1.644,6.603863571567382e-6,-1.054775149490006e-5
1.645,6.573003750468444e-6,-1.0358182239051015e-5
1.646,6.541377327667666e-6,-1.0171545126286267e-5
1.647,6.509015558787693e-6,-9.987802330209106e-6
1.648,6.475948955946729e-6,-9.806916365252934e-6
1.649,6.442207301827109e-6,-9.628850087147976e-6
1.65,6.4078196635245046e-6,-9.453566693266661e-6
1.651,6.372814406180333e-6,-9.281029722851548e-6
1.652,6.337219206399929e-6,-9.111203057129531e-6
1.653,6.301061065459034e-6,-8.94405091931601e-6
1.654,6.264366322301116e-6,-8.7795378745126e-6
1.655,6.227160666328079e-6,-8.617628829501922e-6
1.656,6.189469149986839e-6,-8.458289032442853e-6
1.657,6.151316201154293e-6,-8.3014840724696e-6
1.658,6.112725635323158e-6,-8.147179879197873e-6
1.659,6.07372066759115e-6,-7.99534272214134e-6
1.66,6.034323924455967e-6,-7.845939210041447e-6
1.661,5.994557455418526e-6,-7.698936290113703e-6
1.662,5.95444274439687e-6,-7.554301247213329e-6
1.663,5.914000720953175e-6,-7.412001702923223e-6
1.664,5.8732517713362465e-6,-7.272005614567022e-6
1.665,5.8322157493418905e-6,-7.1342812741500545e-6
1.666,5.790911986993533e-6,-6.998797307230839e-6
1.667,5.749359305045427e-6,-6.865522671725781e-6
1.668,5.707576023310785e-6,-6.734426656649615e-6
1.669,5.6655799708171644e-6,-6.60547888079408e-6
1.67,5.623388495791379e-6,-6.478649291347281e-6
1.671,5.5810184754762475e-6,-6.353908162456094e-6
1.672,5.5384863257814165e-6,-6.231226093733941e-6
1.673,5.495808010770522e-6,-6.110574008716173e-6
1.674,5.452999051986903e-6,-5.9919231532652846e-6
1.675,5.41007453762008e-6,-5.875245093928073e-6
1.676,5.367049131515194e-6,-5.76051171624686e-6
1.677,5.32393708202756e-6,-5.647695223026782e-6
1.678,5.2807522307245054e-6,-5.536768132561148e-6
1.679,5.237508020936609e-6,-5.427703276816795e-6
1.68,5.194217506160471e-6,-5.3204737995813e-6
1.681,5.150893358315086e-6,-5.215053154573906e-6
1.682,5.107547875853911e-6,-5.1114151035219274e-6
1.683,5.064192991734676e-6,-5.009533714204365e-6
1.684,5.020840281248973e-6,-4.909383358464426e-6
1.685,4.977500969713632e-6,-4.810938710192602e-6
1.686,4.934185940025891e-6,-4.714174743281866e-6
1.687,4.890905740084327e-6,-4.6190667295565916e-6
1.688,4.84767059007751e-6,-4.5255902366766574e-6
1.689,4.8044903896422976e-6,-4.4337211260182495e-6
1.69,4.761374724893721e-6,-4.343435550532754e-6
1.691,4.718332875328317e-6,-4.25470995258516e-6
1.692,4.675373820602818e-6,-4.1675210617732915e-6
1.693,4.632506247190025e-6,-4.081845892729214e-6
1.694,4.5897385549137285e-6,-3.997661742904059e-6
1.695,4.547078863364472e-6,-3.914946190337525e-6
1.696,4.504535018197955e-6,-3.833677091413248e-6
1.697,4.46211459731788e-6,-3.753832578601209e-6
1.698,4.419824916944951e-6,-3.675391058188311e-6
1.699,4.377673037573815e-6,-3.598331207998232e-6
1.7,4.335665769819613e-6,-3.5226319751016067e-6
1.701,4.293809680155883e-6,-3.448272573517586e-6
1.702,4.252111096545454e-6,-3.3752324819077685e-6
1.703,4.210576113966023e-6,-3.3034914412634776e-6
1.704,4.169210599832025e-6,-3.2330294525873342e-6
1.705,4.128020199314436e-6,-3.1638267745700274e-6
1.706,4.0870103405601e-6,-3.0958639212631784e-6
1.707,4.046186239812171e-6,-3.0291216597491513e-6
1.708,4.005552906433205e-6,-2.963581007808639e-6
1.709,3.965115147832489e-6,-2.8992232315868314e-6
1.71,3.924877574299089e-6,-2.8360298432589384e-6
1.711,3.8848446037421455e-6,-2.7739825986958285e-6
1.712,3.8450204663399e-6,-2.7130634951305012e-6
1.713,3.8054092090989117e-6,-2.653254768826101e-6
1.714,3.766014700324929e-6,-2.5945388927461525e-6
1.715,3.726840634006828e-6,-2.5368985742276743e-6
1.716,3.6878905341150504e-6,-2.4803167526578007e-6
1.717,3.649167758815918e-6,-2.4247765971545295e-6
1.718,3.6106755046032146e-6,-2.370261504252182e-6
1.719,3.5724168103483877e-6,-2.316755095592149e-6
1.72,3.5343945612707067e-6,-2.2642412156194657e-6
1.721,3.4966114928287136e-6,-2.212703929285753e-6
1.722,3.459070194534258e-6,-2.1621275197590275e-6
1.723,3.421773113690416e-6,-2.1124964861408767e-6
1.724,3.3847225590545576e-6,-2.063795541191468e-6
1.725,3.3479207044278235e-6,-2.016009609062848e-6
1.726,3.3113695921722386e-6,-1.9691238230409698e-6
1.727,3.2750711366566946e-6,-1.923123523296862e-6
1.728,3.2390271276329975e-6,-1.8779942546473532e-6
1.729,3.203239233543168e-6,-1.833721764325727e-6
1.73,3.167709004759172e-6,-1.7902919997626855e-6
1.731,3.1324378767562285e-6,-1.747691106377974e-6
1.732,3.0974271732208376e-6,-1.7059054253830081e-6
1.733,3.0626781090946496e-6,-1.6649214915948281e-6
1.734,3.028191793555286e-6,-1.6247260312616912e-6
1.735,2.9939692329351975e-6,-1.5853059599006006e-6
1.736,2.9600113335796403e-6,-1.546648380147053e-6
1.737,2.926318904644828e-6,-1.5087405796172771e-6
1.738,2.892892660837307e-6,-1.4715700287832187e-6
1.739,2.8597332250955805e-6,-1.4351243788605187e-6
1.74,2.826841131215007e-6,-1.399391459709717e-6
1.741,2.79421682641696e-6,-1.3643592777509023e-6
1.742,2.7618606738632453e-6,-1.3300160138920186e-6
1.743,2.7297729551167444e-6,-1.2963500214710247e-6
1.744,2.6979538725492392e-6,-1.263349824212097e-6
1.745,2.6664035516973676e-6,-1.231004114196049e-6
1.746,2.635122043567627e-6,-1.1993017498451366e-6
1.747,2.604109326891356e-6,-1.1682317539224042e-6
1.748,2.5733653103305863e-6,-1.1377833115457188e-6
1.749,2.542889834635652e-6,-1.1079457682166276e-6
1.75,2.512682674755439e-6,-1.0787086278641708e-6
1.751,2.4827435419011294e-6,-1.0500615509037638e-6
1.752,2.4530720855642884e-6,-1.0219943523112642e-6
1.753,2.4236678954901385e-6,-9.944969997123198e-7
1.754,2.39453050360683e-6,-9.675596114870962e-7
1.755,2.3656593859115303e-6,-9.411724548904681e-7
1.756,2.3370539643141204e-6,-9.153259441877508e-7
1.757,2.30871360843929e-6,-8.90010638806045e-7
1.758,2.280637637387802e-6,-8.652172415012561e-7
1.759,2.252825321457684e-6,-8.409365965408454e-7
1.76,2.225275883826104e-6,-8.17159687902363e-7
1.761,2.1979885021926563e-6,-7.938776374878036e-7
1.762,2.1709623103847972e-6,-7.710817033538236e-7
1.763,2.144196399926128e-6,-7.487632779578477e-7
1.764,2.117689821568245e-6,-7.269138864200923e-7
1.765,2.091441586786836e-6,-7.055251848015193e-7
1.766,2.0654506692427068e-6,-6.845889583977387e-7
1.767,2.0397160062084145e-6,-6.640971200488627e-7
1.768,2.0142364999611533e-6,-6.440417084653164e-7
1.769,1.9890110191425533e-6,-6.24414886569599e-7
1.77,1.9640384000860227e-6,-6.052089398539921e-7
1.771,1.9393174481122645e-6,-5.864162747541975e-7
1.772,1.9148469387935814e-6,-5.680294170388897e-7
1.773,1.8906256191875806e-6,-5.50041010215162e-7
1.774,1.8666522090408698e-6,-5.324438139498381e-7
1.775,1.8429254019633366e-6,-5.152307025066203e-7
1.776,1.8194438665735872e-6,-4.983946631990399e-7
1.777,1.79620624761611e-6,-4.819287948591717e-7
1.778,1.773211167050726e-6,-4.658263063220713e-7
1.779,1.7504572251148741e-6,-4.500805149258883e-7
1.78,1.727943001359269e-6,-4.3468484502760943e-7
1.781,1.7056670556574664e-6,-4.196328265343766e-7
1.782,1.683627929189855e-6,-4.04918093450327e-7
1.783,1.6618241454025875e-6,-3.905343824388952e-7
1.784,1.640254210941959e-6,-3.7647553140051745e-7
1.785,1.618916616564724e-6,-3.6273547806567283e-7
1.786,1.597809838024843e-6,-3.493082586031958e-7
1.787,1.5769323369371347e-6,-3.3618800624378944e-7
1.788,1.556282561618308e-6,-3.233689499186688e-7
1.789,1.535858947905834e-6,-3.10845412913259e-7
1.79,1.5156599199551128e-6,-2.986118115358726e-7
1.791,1.4956838910153832e-6,-2.8666265380128665e-7
1.792,1.475929264184815e-6,-2.749925381291393e-7
1.793,1.4563944331452117e-6,-2.6359615205706267e-7
1.794,1.4370777828767526e-6,-2.5246827096846826e-7
1.795,1.4179776903531869e-6,-2.4160375683489667e-7
1.796,1.3990925252178897e-6,-2.3099755697284563e-7
1.797,1.3804206504411838e-6,-2.206447028149847e-7
1.798,1.3619604229593197e-6,-2.1054030869566648e-7
1.799,1.3437101942955034e-6,-2.0067957065064055e-7
1.8,1.3256683111633514e-6,-1.9105776523087684e-7
1.801,1.3078331160531486e-6,-1.8167024833040194e-7
1.802,1.2902029478012757e-6,-1.7251245402805242e-7
1.803,1.2727761421431657e-6,-1.6357989344304638e-7
1.804,1.2555510322501474e-6,-1.54868153604275e-7
1.805,1.2385259492505205e-6,-1.4637289633321326e-7
1.806,1.221699222735204e-6,-1.3808985714034912e-7
1.807,1.2050691812482974e-6,-1.300148441350293e-7
1.808,1.1886341527628774e-6,-1.2214373694861852e-7
1.809,1.1723924651423603e-6,-1.1447248567086891e-7
1.81,1.1563424465877427e-6,-1.0699710979939513e-7
1.811,1.1404824260710342e-6,-9.971369720215028e-8
1.812,1.124810733755187e-6,-9.261840309279701e-8
1.813,1.109325701400824e-6,-8.570744901886774e-8
1.814,1.094025662760058e-6,-7.897712186260727e-8
1.815,1.0789089539576941e-6,-7.24237728543908e-8
1.816,1.063973913860094e-6,-6.604381659860975e-8
1.817,1.049218884431987e-6,-5.98337301119177e-8
1.818,1.0346422110814966e-6,-5.379005187372813e-8
1.819,1.0202422429936513e-6,-4.7909380888855594e-8
1.82,1.0060173334526456e-6,-4.218837576219181e-8
1.821,9.919658401531037e-7,-3.662375378530764e-8
1.822,9.78086125500606e-7,-3.121229003487215e-8
1.823,9.643765569017211e-7,-2.5950816482779663e-8
1.824,9.508355070437888e-7,-2.0836221117875613e-8
1.825,9.374613541646953e-7,-1.5865447079172167e-8
1.826,9.242524823128713e-7,-1.103549180044437e-8
1.827,9.112072815977449e-7,-6.34340616609779e-9
1.828,8.983241484308753e-7,-1.786293678198605e-9
1.829,8.856014857579866e-7,2.6386903654427372e-9
1.83,8.730377032821201e-7,6.934339682243099e-9
1.831,8.606312176781166e-7,1.1103397804982034e-8
1.832,8.483804527986377e-7,1.5148558871209385e-8
1.833,8.362838398719306e-7,1.9072468402033274e-8
1.834,8.243398176915359e-7,2.287772407039639e-8
1.835,8.125468327981356e-7,2.6566876458948255e-8
1.836,8.009033396537337e-7,3.014242980762073e-8
1.837,7.894078008083577e-7,3.360684275101388e-8
1.838,7.780586870594657e-7,3.6962529045698755e-8
1.839,7.668544776042421e-7,4.021185828754344e-8
1.84,7.557936601849572e-7,4.335715661916824e-8
1.841,7.448747312275657e-7,4.640070742763553e-8
1.842,7.340961959737158e-7,4.934475203247921e-8
1.843,7.234565686063342e-7,5.219149036417848e-8
1.844,7.129543723689521e-7,5.494308163317999e-8
1.845,7.025881396789315e-7,5.7601644989572036e-8
1.846,6.923564122347505e-7,6.016926017351387e-8
1.847,6.822577411174994e-7,6.264796815652283e-8
1.848,6.722906868867411e-7,6.503977177372131e-8
1.849,6.624538196708807e-7,6.734663634714513e-8
1.85,6.527457192521912e-7,6.95704903002141e-8
1.851,6.431649751466355e-7,7.171322576346559e-8
1.852,6.337101866786242e-7,7.377669917165033e-8
1.853,6.24379963050845e-7,7.576273185229014e-8
1.854,6.151729234092959e-7,7.767311060579583e-8
1.855,6.060876969036542e-7,7.950958827724347e-8
1.856,5.971229227431058e-7,8.127388431990615e-8
1.857,5.882772502477636e-7,8.29676853506381e-8
1.858,5.79549338895793e-7,8.459264569720708e-8
1.859,5.709378583663675e-7,8.61503879376704e-8
1.86,5.62441488578569e-7,8.76425034318894e-8
1.861,5.540589197263487e-7,8.90705528452763e-8
1.862,5.457888523096607e-7,9.043606666486676e-8
1.863,5.376299971618759e-7,9.174054570781084e-8
1.864,5.295810754735873e-7,9.298546162237436e-8
1.865,5.216408188129077e-7,9.417225738154178e-8
1.866,5.138079691423654e-7,9.530234776931125e-8
1.867,5.060812788324962e-7,9.637711985977162e-8
1.868,4.984595106722318e-7,9.739793348905052e-8
1.869,4.909414378761795e-7,9.836612172022194e-8
1.87,4.835258440888874e-7,9.928299130126084e-8
1.871,4.7621152338618786e-7,1.0014982311613198e-7
1.872,4.689972802737072e-7,1.0096787262909879e-7
1.873,4.6188192968263165e-7,1.0173837032233822e-7
1.874,4.5486429696281415e-7,1.0246252212694579e-7
1.875,4.479432178733062e-7,1.0314150984741532e-7
1.876,4.41117538570397e-7,1.0377649157967614e-7
1.877,4.343861155932401e-7,1.0436860212277065e-7
1.878,4.2774781584714615e-7,1.049189533842537e-7
1.879,4.212015165846174e-7,1.0542863477939499e-7
1.88,4.1474610538420047e-7,1.0589871362426476e-7
1.881,4.08380480127229e-7,1.0633023552278203e-7
1.882,4.021035489725287e-7,1.0672422474780456e-7
1.883,3.959142303291538e-7,1.0708168461633821e-7
1.884,3.8981145282722386e-7,1.0740359785894322e-7
1.885,3.83794155286927e-7,1.0769092698341362e-7
1.886,3.7786128668575483e-7,1.0794461463280615e-7
1.887,3.7201180612403256e-7,1.0816558393789289e-7
1.888,3.662446827888062e-7,1.0835473886411275e-7
1.889,3.6055889591614756e-7,1.0851296455309477e-7
1.89,3.549534347519363e-7,1.0864112765882622e-7
1.891,3.494272985111761e-7,1.0874007667853786e-7
1.892,3.4397949633590194e-7,1.0881064227837712e-7
1.893,3.386090472517331e-7,1.088536376139404e-7
1.894,3.333149801231256e-7,1.0886985864573394e-7
1.895,3.280963336073764e-7,1.0886008444963257e-7
1.896,3.2295215610743025e-7,1.0882507752240488e-7
1.897,3.1788150572353914e-7,1.0876558408237207e-7
1.898,3.1288345020382286e-7,1.08682334365268e-7
1.899,3.0795706689377795e-7,1.0857604291536627e-7
1.9,3.0310144268478135e-7,1.0844740887194002e-7
1.901,2.983156739616336e-7,1.0829711625111925e-7
1.902,2.9359886654918567e-7,1.0812583422320978e-7
1.903,2.889501356580917e-7,1.079342173855372e-7
1.904,2.843686058297303e-7,1.0772290603087854e-7
1.905,2.7985341088033414e-7,1.0749252641154375e-7
1.906,2.7540369384436743e-7,1.07243690999168e-7
1.907,2.710186069171905e-7,1.0697699874027581e-7
1.908,2.666973113970487e-7,1.0669303530767664e-7
1.909,2.624389776264219e-7,1.0639237334775129e-7
1.91,2.5824278493277047e-7,1.0607557272368761e-7
1.911,2.541079215687127e-7,1.0574318075472358e-7
1.912,2.500335846516667e-7,1.0539573245145464e-7
1.913,2.460189801029906e-7,1.050337507472623e-7
1.914,2.420633225866519e-7,1.0465774672591931e-7
1.915,2.381658354474582e-7,1.0426821984542727e-7
1.916,2.3432575064887853e-7,1.0386565815814067e-7
1.917,2.305423087104857e-7,1.0345053852723179e-7
1.918,2.2681475864504757e-7,1.0302332683954925e-7
1.919,2.2314235789529532e-7,1.0258447821492332e-7
1.92,2.1952437227039595e-7,1.0213443721196968e-7
1.921,2.1596007588215505e-7,1.0167363803044314e-7
1.922,2.124487510809755e-7,1.0120250471019202e-7
1.923,2.0898968839159694e-7,1.007214513267634e-7
1.924,2.055821864486402e-7,1.0023088218370868e-7
1.925,2.0222555193197996e-7,9.973119200163843e-8
1.926,1.989190995019685e-7,9.92227661040747e-8
1.927,1.956621517345326e-7,9.870598060014871e-8
1.928,1.9245403905616495e-7,9.81812025641908e-8
1.929,1.8929409967883096e-7,9.764879021225929e-8
1.93,1.8618167953481117e-7,9.710909307565424e-8
1.931,1.831161322114985e-7,9.65624521714612e-8
1.932,1.8009681888616995e-7,9.600920017017009e-8
1.933,1.7712310826075032e-7,9.544966156041304e-8
1.934,1.7419437649658637e-7,9.488415281086516e-8
1.935,1.7131000714924865e-7,9.431298252935116e-8
1.936,1.6846939110337723e-7,9.373645161920023e-8
1.937,1.6567192650758807e-7,9.315485343289153e-8
1.938,1.629170187094553e-7,9.256847392303117e-8
1.939,1.6020408019058498e-7,9.197759179070226e-8
1.94,1.5753253050179436e-7,9.13824786312276e-8
1.941,1.5490179619841167e-7,9.078339907738566e-8
1.942,1.5231131077570923e-7,9.01806109401184e-8
1.943,1.4976051460448387e-7,8.957436534677025e-8
1.944,1.472488548667971e-7,8.896490687689638e-8
1.945,1.4477578549188727e-7,8.835247369567776e-8
1.946,1.4234076709226602e-7,8.77372976849807e-8
1.947,1.3994326690001008e-7,8.711960457209728e-8
1.948,1.3758275870325995e-7,8.649961405620317e-8
1.949,1.3525872278293564e-7,8.587753993256843e-8
1.95,1.3297064584968029e-7,8.525359021455675e-8
1.951,1.307180209810412e-7,8.462796725344782e-8
1.952,1.2850034755889797e-7,8.400086785611724e-8
1.953,1.2631713120714686e-7,8.337248340060782e-8
1.954,1.2416788372965038e-7,8.274299994962573e-8
1.955,1.2205212304846011e-7,8.211259836199435e-8
1.956,1.1996937314232164e-7,8.148145440209839e-8
1.957,1.1791916398546864e-7,8.084973884735034e-8
1.958,1.1590103148671407e-7,8.021761759371084e-8
1.959,1.1391451742884552e-7,7.958525175929406e-8
1.96,1.1195916940833163e-7,7.895279778608899e-8
1.961,1.1003454077534588e-7,7.832040753982673e-8
1.962,1.0814019057411454e-7,7.768822840802388e-8
1.963,1.0627568348359424e-7,7.705640339623128e-8
1.964,1.044405897584852e-7,7.642507122251732e-8
1.965,1.0263448517058548e-7,7.579436641021433e-8
1.966,1.0085695095049141e-7,7.516441937895629e-8
1.967,9.910757372964922e-8,7.453535653403579e-8
1.968,9.738594548276239e-8,7.390730035410755e-8
1.969,9.569166347055927e-8,7.32803694772656e-8
1.97,9.402433018292533e-8,7.265467878552067e-8
1.971,9.238355328240355e-8,7.203033948770426e-8
1.972,9.076894554806724e-8,7.14074592008251e-8
1.973,8.918012481976847e-8,7.078614202990357e-8
1.974,8.761671394276552e-8,7.016648864630916e-8
1.975,8.607834071273257e-8,6.954859636462597e-8
1.976,8.456463782115426e-8,6.893255921807037e-8
1.977,8.307524280110832e-8,6.831846803248512e-8
1.978,8.160979797343815e-8,6.770641049893354e-8
1.979,8.016795039331842e-8,6.709647124491706e-8
1.98,7.874935179721516e-8,6.64887319042394e-8
1.981,7.735365855024283e-8,6.588327118553972e-8
1.982,7.598053159392e-8,6.528016493951738e-8
1.983,7.462963639432518e-8,6.467948622487013e-8
1.984,7.330064289065462e-8,6.408130537296757e-8
1.985,7.199322544418298e-8,6.348569005128111e-8
1.986,7.070706278762853e-8,6.289270532559161e-8
1.987,6.944183797492346e-8,6.230241372099525e-8
1.988,6.819723833139062e-8,6.171487528172827e-8
1.989,6.69729554043271e-8,6.113014762983056e-8
1.99,6.576868491399551e-8,6.054828602266788e-8
1.991,6.458412670502339e-8,5.996934340933242e-8
1.992,6.341898469821098e-8,5.939337048594056e-8
1.993,6.227296684274793e-8,5.882041574984724e-8
1.994,6.114578506883863e-8,5.8250525552795116e-8
1.995,6.003715524073661e-8,5.7683744153017144e-8
1.996,5.894679711018765e-8,5.712011376631056e-8
1.997,5.787443427028137e-8,5.655967461610007e-8
1.998,5.681979410971125e-8,5.6002464982507804e-8
1.999,5.5782607767442384e-8,5.544852125044722e-8
2.0,5.4762610087786594e-8,5.489787795675805e-8
2.001,5.375953957588433e-8,5.43505678363989e-8
2.002,5.2773138353592564e-8,5.380662186771408e-8
2.003,5.1803152115777955e-8,5.32660693167908e-8
2.004,5.084933008701447e-8,5.272893778092273e-8
2.005,4.9911424978684346e-8,5.219525323119566e-8
2.006,4.8989192946481535e-8,5.166504005421063e-8
2.007,4.808239354831647e-8,5.113832109295989e-8
2.008,4.7190789702620875e-8,5.061511768687061e-8
2.009,4.631414764705152e-8,5.009544971103103e-8
2.01,4.5452236897591495e-8,4.957933561461372e-8
2.011,4.460483020804765e-8,4.906679245851007e-8
2.012,4.3771703529942733e-8,4.855783595219026e-8
2.013,4.295263597280072e-8,4.8052480489802334e-8
2.014,4.214740976482379e-8,4.755073918552423e-8
2.015,4.135581021395926e-8,4.7052623908181976e-8
2.016,4.057762566935482e-8,4.6558145315147385e-8
2.017,3.981264748320037e-8,4.6067312885528145e-8
2.018,3.9060669972954584e-8,4.558013495266312e-8
2.019,3.832149038395445e-8,4.509661873593542e-8
2.02,3.7594908852405866e-8,4.461677037191557e-8
2.021,3.6880728368753336e-8,4.414059494484705e-8
2.022,3.6178754741426835e-8,4.3668096516486044e-8
2.023,3.548879656096387e-8,4.3199278155307274e-8
2.024,3.4810665164504554e-8,4.273414196508745e-8
2.025,3.4144174600657765e-8,4.227268911287779e-8
2.026,3.348914159473615e-8,4.181491985637676e-8
2.027,3.284538551435787e-8,4.13608335707141e-8
2.028,3.221272833541294e-8,4.091042877465703e-8
2.029,3.159099460839181e-8,4.0463703156249156e-8
2.03,3.098001142507409e-8,4.0020653597892814e-8
2.031,3.037960838557508e-8,3.9581276200884925e-8
2.032,2.978961756574778e-8,3.9145566309416714e-8
2.033,2.9209873484938083e-8,3.871351853404718e-8
2.034,2.864021307409085e-8,3.828512677466013e-8
2.035,2.8080475644204383e-8,3.786038424291452e-8
2.036,2.7530502855131036e-8,3.743928348419752e-8
2.037,2.699013868472144e-8,3.702181639908969e-8
2.038,2.645922939831002e-8,3.660797426435146e-8
2.039,2.5937623518539276e-8,3.619774775343989e-8
2.04,2.5425171795520423e-8,3.579112695656465e-8
2.041,2.492172717732789e-8,3.5388101400291943e-8
2.042,2.442714478082521e-8,3.498866006670497e-8
2.043,2.394128186281979e-8,3.459279141212928e-8
2.044,2.3463997791544064e-8,3.420048338543149e-8
2.045,2.299515401846049e-8,3.381172344589934e-8
2.046,2.25346140503879e-8,3.342649858071126e-8
2.047,2.208224342194665e-8,3.304479532200321e-8
2.048,2.1637909668319976e-8,3.266659976354066e-8
2.049,2.120148229832911e-8,3.229189757700321e-8
2.05,2.077283276781954e-8,3.19206740278895e-8
2.051,2.0351834453355826e-8,3.155291399104955e-8
2.052,1.9938362626222485e-8,3.118860196585201e-8
2.053,1.9532294426728343e-8,3.082772209099323e-8
2.054,1.913350883881176e-8,3.0470258158955265e-8
2.055,1.8741886664944233e-8,3.0116193630119656e-8
2.056,1.835731050132972e-8,2.9765511646543663e-8
2.057,1.7979664713397196e-8,2.9418195045405716e-8
2.058,1.760883541158383e-8,2.90742263721265e-8
2.059,1.7244710427406234e-8,2.873358789317211e-8
2.06,1.6887179289817218e-8,2.8396261608545592e-8
2.061,1.6536133201845476e-8,2.806222926397302e-8
2.062,1.619146501751568e-8,2.7731472362790227e-8
2.063,1.585306921904642e-8,2.7403972177536107e-8
2.064,1.5520841894323395e-8,2.7079709761258425e-8
2.065,1.519468071464539e-8,2.6758665958537828e-8
2.066,1.487448491274045e-8,2.6440821416235753e-8
2.067,1.4560155261049743e-8,2.6126156593971818e-8
2.068,1.4251594050276569e-8,2.5814651774336098e-8
2.069,1.3948705068198016e-8,2.5506287072841722e-8
2.07,1.3651393578736756e-8,2.5201042447623003e-8
2.071,1.3359566301290469e-8,2.4898897708884332e-8
2.072,1.3073131390316414e-8,2.4599832528104874e-8
2.073,1.2791998415168645e-8,2.4303826447004103e-8
2.074,1.251607834018543e-8,2.4010858886273062e-8
2.075,1.2245283505024382e-8,2.3720909154076162e-8
2.076,1.1979527605242861e-8,2.343395645432827e-8
2.077,1.17187256731212e-8,2.314997989475172e-8
2.078,1.1462794058726325e-8,2.2868958494717806e-8
2.079,1.1211650411213346e-8,2.259087119287727e-8
2.08,1.0965213660362714e-8,2.2315696854584122e-8
2.081,1.0723403998350537e-8,2.2043414279117202e-8
2.082,1.0486142861749674e-8,2.1774002206703635e-8
2.083,1.025335291375924e-8,2.1507439325348405e-8
2.084,1.002495802666015e-8,2.124370427747411e-8
2.085,9.800883264494358e-9,2.098277566637494e-8
2.086,9.581054865965454e-9,2.0724632062488754e-8
2.087,9.365400227558306e-9,2.0469252009491233e-8
2.088,9.153847886875428e-9,2.0216614030215787e-8
2.089,8.946327506187774e-9,1.996669663240303e-8
2.09,8.742769856197705e-9,1.9719478314283435e-8
2.091,8.54310680001182e-9,1.947493756999682e-8
2.092,8.347271277321441e-9,1.9233052894852074e-8
2.093,8.155197288788486e-9,1.899380279043073e-8
2.094,7.966819880634506e-9,1.8757165769537658e-8
2.095,7.782075129430701e-9,1.8523120361002287e-8
2.096,7.6009001270867e-9,1.8291645114333578e-8
2.097,7.4232329660359206e-9,1.806271860423198e-8
2.098,7.249012724615374e-9,1.7836319434961527e-8
2.099,7.0781794526377324e-9,1.7612426244585137e-8
2.1,6.910674157153549e-9,1.739101770906615e-8
2.101,6.746438788401501e-9,1.717207254623911e-8
2.102,6.585416225944555e-9,1.6955569519652673e-8
2.103,6.427550264989976e-9,1.674148744228752e-8
2.104,6.272785602891099e-9,1.652980518015206e-8
2.105,6.1210678258288056e-9,1.632050165575873e-8
2.106,5.97234339567068e-9,1.611355585148354e-8
2.107,5.82655963700581e-9,1.5908946812811535e-8
2.108,5.683664724353226e-9,1.5706653651470763e-8
2.109,5.54360766954199e-9,1.5506655548457338e-8
2.11,5.406338309260956e-9,1.5308931756954047e-8
2.111,5.2718072927762406e-9,1.5113461605144963e-8
2.112,5.139966069814468e-9,1.4920224498928518e-8
2.113,5.010766878609851e-9,1.4729199924531323e-8
2.114,4.884162734113207e-9,1.4540367451025102e-8
2.115,4.760107416361005e-9,1.4353706732748977e-8
2.116,4.63855545900257e-9,1.4169197511639354e-8
2.117,4.519462137983581e-9,1.3986819619469555e-8
2.118,4.402783460384015e-9,1.3806552980001369e-8
2.119,4.288476153408705e-9,1.3628377611050593e-8
2.12,4.176497653528702e-9,1.3452273626468628e-8
2.121,4.066806095771636e-9,1.3278221238042143e-8
2.122,3.959360303159303e-9,1.3106200757312775e-8
2.123,3.854119776290698e-9,1.293619259731881e-8
2.124,3.751044683068764e-9,1.2768177274260726e-8
2.125,3.650095848569098e-9,1.2602135409092476e-8
2.126,3.5512347450489206e-9,1.2438047729040318e-8
2.127,3.4544234820945888e-9,1.2275895069050976e-8
2.128,3.3596247969059747e-9,1.2115658373170893e-8
2.129,3.2668020447160387e-9,1.195731869585828e-8
2.13,3.1759191893439406e-9,1.1800857203229652e-8
2.131,3.0869407938800516e-9,1.1646255174242475e-8
2.132,2.999832011501246e-9,1.149349400181556e-8
2.133,2.914558576414858e-9,1.1342555193888771e-8
2.134,2.831086794929724e-9,1.1193420374423593e-8
2.135,2.749383536652723e-9,1.1046071284346091e-8
2.136,2.6694162258092607e-9,1.0900489782433715e-8
2.137,2.5911528326861525e-9,1.0756657846147442e-8
2.138,2.514561865195371e-9,1.0614557572410654e-8
2.139,2.439612360557149e-9,1.0474171178336146e-8
2.14,2.3662738771009365e-9,1.0335481001902658e-8
2.141,2.294516486182728e-9,1.0198469502582233e-8
2.142,2.2243107642172896e-9,1.006311926191973e-8
2.143,2.1556277848238344e-9,9.92941298406578e-9
2.144,2.0884391110837107e-9,9.797333496264428e-9
2.145,2.0227167879086663e-9,9.666863749296698e-9
2.146,1.958433334518299e-9,9.537986817881282e-9
2.147,1.8955617370252785e-9,9.410685901033532e-9
2.148,1.8340754411269766e-9,9.284944322383912e-9
2.149,1.7739483449021299e-9,9.160745530457035e-9
2.15,1.7151547917111882e-9,9.038073098912391e-9
2.151,1.6576695631990119e-9,8.916910726747847e-9
2.152,1.6014678723985962e-9,8.797242238466984e-9
2.153,1.5465253569345125e-9,8.679051584211297e-9
2.154,1.4928180723247753e-9,8.562322839858271e-9
2.155,1.4403224853798532e-9,8.447040207086346e-9
2.156,1.389015467697558e-9,8.333188013407706e-9
2.157,1.3388742892525615e-9,8.220750712169874e-9
2.158,1.2898766120792985e-9,8.109712882527024e-9
2.159,1.242000484047034e-9,8.000059229381916e-9
2.16,1.1952243327258817e-9,7.891774583299354e-9
2.161,1.1495269593425769e-9,7.784843900392035e-9
2.162,1.1048875328248173e-9,7.679252262179625e-9
2.163,1.0612855839330049e-9,7.574984875421907e-9
2.164,1.0187009994782235e-9,7.472027071926803e-9
2.165,9.77114016625316e-10,7.3703643083340816e-9
2.166,9.365052172799205e-10,7.269982165875505e-9
2.167,8.968555225583522e-10,7.170866350112191e-9
2.168,8.581461873392216e-10,7.0730026906499225e-9
2.169,8.203587948956954e-10,6.976377140833145e-9
2.17,7.834752516073195e-10,6.880975777418338e-9
2.171,7.474777817503351e-10,6.7867848002274746e-9
2.172,7.123489223654307e-10,6.693790531782239e-9
2.173,6.78071518201886e-10,6.601979416919653e-9
2.174,6.446287167370762e-10,6.511338022389777e-9
2.175,6.120039632703152e-10,6.421853036436105e-9
2.176,5.801809960900312e-10,6.333511268359272e-9
2.177,5.491438417132762e-10,6.246299648064674e-9
2.178,5.188768101965879e-10,6.1602052255946054e-9
2.179,4.893644905172272e-10,6.075215170645459e-9
2.18,4.6059174602383337e-10,5.9913167720705805e-9
2.181,4.32543709955544e-10,5.908497437369304e-9
2.182,4.052057810286436e-10,5.826744692162718e-9
2.183,3.7856361908981153e-10,5.74604617965667e-9
2.184,3.526031408350532e-10,5.666389660092539e-9
2.185,3.2731051559341027e-10,5.587763010186246e-9
2.186,3.0267216117455444e-10,5.510154222556021e-9
2.187,2.7867473977938137e-10,5.433551405139374e-9
2.188,2.5530515397273246e-10,5.357942780599743e-9
2.189,2.3255054271738164e-10,5.283316685723274e-9
2.19,2.1039827746843587e-10,5.2096615708061604e-9
2.191,1.8883595832730771e-10,5.136965999032991e-9
2.192,1.6785141025442956e-10,5.0652186458465016e-9
2.193,1.4743267933988808e-10,4.994408298309156e-9
2.194,1.2756802913116887e-10,4.924523854456952e-9
2.195,1.0824593701721033e-10,4.855554322645829e-9
2.196,8.945509066797647e-11,4.78748882089107e-9
2.197,7.118438452876735e-11,4.720316576200059e-9
2.198,5.3422916368496476e-11,4.654026923898758e-9
2.199,3.6159983881173435e-11,4.58860930695224e-9
2.2,1.9385081339840008e-11,4.524053275279642e-9
2.201,3.0878963022171063e-12,4.460348485063852e-9
2.202,-1.2741693632670451e-11,4.39748469805626e-9
2.203,-2.8113624017615285e-11,4.335451780876884e-9
2.204,-4.3037646700809644e-11,4.2742397043101936e-9
2.205,-5.752333292059408e-11,4.213838542596903e-9
2.206,-7.158007635206931e-11,4.15423847272205e-9
2.207,-8.521709610625911e-11,4.095429773699631e-9
2.208,-9.844343968250327e-11,4.0374028258540696e-9
2.209,-1.1126798587475089e-10,3.980148110098783e-9
2.21,-1.2369944763241581e-10,3.923656207212123e-9
2.211,-1.3574637487644753e-10,3.867917797110917e-9
2.212,-1.4741715727126222e-10,3.812923658121889e-9
2.213,-1.587200269531704e-10,3.7586646662511706e-9
2.214,-1.6966306121592967e-10,3.7051317944521527e-9
2.215,-1.8025418515404236e-10,3.6523161118919005e-9
2.216,-1.9050117426441038e-10,3.6002087832163502e-9
2.217,-2.004116570069511e-10,3.5488010678145007e-9
2.218,-2.0999311732477078e-10,3.4980843190818095e-9
2.219,-2.1925289712448337e-10,3.4480499836829963e-9
2.22,-2.2819819871725607e-10,3.398689600814445e-9
2.221,-2.3683608722115413e-10,3.349994801466399e-9
2.222,-2.451734929253505e-10,3.301957307685131e-9
2.223,-2.532172136167586e-10,3.2545689318352704e-9
2.224,-2.609739168696386e-10,3.207821575862453e-9
2.225,-2.684501422987208e-10,3.1617072305564743e-9
2.226,-2.756523037763819e-10,3.1162179748150958e-9
2.227,-2.825866916144037e-10,3.0713459749086744e-9
2.228,-2.8925947471083563e-10,3.0270834837457592e-9
2.229,-2.956767026624768e-10,2.9834228401398074e-9
2.23,-3.0184430784348476e-10,2.9403564680771642e-9
2.231,-3.077681074506135e-10,2.8978768759864445e-9
2.232,-3.134538055155739e-10,2.8559766560094503e-9
2.233,-3.189069948850056e-10,2.8146484832737532e-9
2.234,-3.241331591685411e-10,2.773885115167072e-9
2.235,-3.291376746554374e-10,2.7336793906135624e-9
2.236,-3.3392581220024263e-10,2.6940242293521375e-9
2.237,-3.3850273907796123e-10,2.654912631216935e-9
2.238,-3.4287352080917195e-10,2.6163376754200384e-9
2.239,-3.470431229555492e-10,2.5782925198365572e-9
2.24,-3.5101641288623135e-10,2.5407704002921716e-9
2.241,-3.5479816151547205e-10,2.5037646298532373e-9
2.242,-3.583930450120081e-10,2.4672685981195454e-9
2.243,-3.618056464805674e-10,2.43127577051983e-9
2.244,-3.650404576159379e-10,2.3957796876101096e-9
2.245,-3.6810188033001094e-10,2.360773964374952e-9
2.246,-3.7099422835220747e-10,2.326252289531734e-9
2.247,-3.737217288036892e-10,2.292208424837987e-9
2.248,-3.762885237457524e-10,2.2586362044018917e-9
2.249,-3.7869867170279525e-10,2.2255295339960025e-9
2.25,-3.8095614916024553e-10,2.1928823903742675e-9
2.251,-3.8306485203782806e-10,2.160688820592409e-9
2.252,-3.850285971385492e-10,2.1289429413317316e-9
2.253,-3.8685112357376677e-10,2.0976389382264148e-9
2.254,-3.8853609416471174e-10,2.0667710651943514e-9
2.255,-3.9008709682082044e-10,2.036333643771587e-9
2.256,-3.9150764589523367e-10,2.0063210624504087e-9
2.257,-3.92801183517811e-10,1.976727776021144e-9
2.258,-3.9397108090600626e-10,1.947548304917703e-9
2.259,-3.9502063965394393e-10,1.918777234566926e-9
2.26,-3.9595309300003217e-10,1.8904092147417672e-9
2.261,-3.967716070734424e-10,1.8624389589183614e-9
2.262,-3.97479282119782e-10,1.8348612436370143e-9
2.263,-3.9807915370628114e-10,1.807670907867147e-9
2.264,-3.985741939068102e-10,1.7808628523762375e-9
2.265,-3.9896731246704103e-10,1.7544320391027852e-9
2.266,-3.992613579500581e-10,1.7283734905333333e-9
2.267,-3.9945911886272503e-10,1.702682289083578e-9
2.268,-3.9956332476310404e-10,1.6773535764835878e-9
2.269,-3.9957664734922357e-10,1.6523825531671648e-9
2.27,-3.995017015294847e-10,1.6277644776653637e-9
2.271,-3.9934104647499325e-10,1.6034946660041973e-9
2.272,-3.9909718665409877e-10,1.5795684911065456e-9
2.273,-3.9877257284941964e-10,1.5559813821982854e-9
2.274,-3.983696031576282e-10,1.5327288242186603e-9
2.275,-3.978906239722659e-10,1.5098063572349061e-9
2.276,-3.9733793094985535e-10,1.4872095758611436e-9
2.277,-3.967137699595714e-10,1.4649341286815531e-9
2.278,-3.9602033801673e-10,1.4429757176778408e-9
2.279,-3.9525978420035025e-10,1.4213300976610082e-9
2.28,-3.944342105550399e-10,1.399993075707429e-9
2.281,-3.9354567297745326e-10,1.3789605105992472e-9
2.282,-3.9259618208756415e-10,1.3582283122690949e-9
2.283,-3.915877040849955e-10,1.337792441249139e-9
2.284,-3.905221615906414e-10,1.3176489081244602e-9
2.285,-3.894014344738161e-10,1.2977937729907627e-9
2.286,-3.882273606651591e-10,1.2782231449164213e-9
2.287,-3.8700173695552376e-10,1.2589331814088598e-9
2.288,-3.8572631978107193e-10,1.2399200878852666e-9
2.289,-3.844028259947955e-10,1.2211801171476377e-9
2.29,-3.830329336246806e-10,1.2027095688621515e-9
2.291,-3.8161828261872955e-10,1.1845047890428654e-9
2.292,-3.8016047557704906e-10,1.166562169539734e-9
2.293,-3.7866107847121396e-10,1.1488781475309398e-9
2.294,-3.7712162135110897e-10,1.1314492050195305e-9
2.295,-3.7554359903945124e-10,1.114271868334357e-9
2.296,-3.739284718141905e-10,1.0973427076353021e-9
2.297,-3.7227766607898325e-10,1.0806583364227901e-9
2.298,-3.7059257502193265e-10,1.0642154110515698e-9
2.299,-3.688745592627838e-10,1.0480106302487583e-9
2.3,-3.671249474887611e-10,1.0320407346361346e-9
2.301,-3.653450370792315e-10,1.0163025062566722e-9
2.302,-3.63536094719375e-10,1.000792768105296e-9
2.303,-3.6169935700304016e-10,9.855083836638508e-10
2.304,-3.5983603102496117e-10,9.704462564402694e-10
2.305,-3.5794729496250895e-10,9.556033295119221e-10
2.306,-3.560342986471471e-10,9.409765850731362e-10
2.307,-3.5409816412575983e-10,9.265630439868657e-10
2.308,-3.52139986212019e-10,9.123597653405003e-10
2.309,-3.501608330279508e-10,8.983638460057911e-10
2.31,-3.481617465358643e-10,8.845724202028795e-10
2.311,-3.461437430607987e-10,8.709826590684111e-10
2.312,-3.441078138036461e-10,8.575917702277152e-10
2.313,-3.420549253451012e-10,8.44396997371032e-10
2.314,-3.399860201405905e-10,8.313956198337687e-10
2.315,-3.379020170063286e-10,8.185849521807639e-10
2.316,-3.358038115966482e-10,8.059623437945423e-10
2.317,-3.33692276872748e-10,7.935251784675379e-10
2.318,-3.315682635629998e-10,7.812708739982648e-10
2.319,-3.2943260061495556e-10,7.691968817914175e-10
2.32,-3.272860956391904e-10,7.573006864618748e-10
2.321,-3.25129535345119e-10,7.455798054425913e-10
2.322,-3.2296368596891663e-10,7.340317885963491e-10
2.323,-3.2078929369367755e-10,7.226542178313519e-10
2.324,-3.1860708506194e-10,7.114447067206367e-10
2.325,-3.164177673807038e-10,7.004009001252814e-10
2.326,-3.142220291190679e-10,6.895204738213847e-10
2.327,-3.1202054029860894e-10,6.788011341307966e-10
2.328,-3.0981395287662455e-10,6.682406175555739e-10
2.329,-3.0760290112235913e-10,6.578366904161392e-10
2.33,-3.053880019863312e-10,6.475871484931192e-10
2.331,-3.031698554628771e-10,6.374898166728376e-10
2.332,-3.009490449460261e-10,6.275425485964383e-10
2.333,-2.987261375788185e-10,6.177432263126171e-10
2.334,-2.965016845961777e-10,6.080897599339348e-10
2.335,-2.9427622166144495e-10,5.985800872966876e-10
2.336,-2.9205026919668407e-10,5.892121736243116e-10
2.337,-2.898243327068609e-10,5.799840111942959e-10
2.338,-2.875989030980026e-10,5.70893619008578e-10
2.339,-2.853744569894374e-10,5.619390424673994e-10
2.34,-2.831514570202168e-10,5.531183530465938e-10
2.341,-2.80930352149818e-10,5.444296479782834e-10
2.342,-2.7871157795322504e-10,5.358710499349595e-10
2.343,-2.7649555691048367e-10,5.274407067169199e-10
2.344,-2.742826986908247e-10,5.191367909430397e-10
2.345,-2.720734004314488e-10,5.109574997448486e-10
2.346,-2.6986804701106415e-10,5.029010544638908e-10
2.347,-2.6766701131826635e-10,4.949657003523404e-10
2.348,-2.6547065451485e-10,4.87149706276848e-10
2.349,-2.6327932629413827e-10,4.794513644255929e-10
2.35,-2.61093365134417e-10,4.71868990018515e-10
2.351,-2.5891309854755655e-10,4.644009210207007e-10
2.352,-2.5673884332290584e-10,4.5704551785889834e-10
2.353,-2.545709057665392e-10,4.4980116314113637e-10
2.354,-2.524095819359365e-10,4.426662613794196e-10
2.355,-2.502551578701766e-10,4.356392387154778e-10
2.356,-2.481079098157209e-10,4.287185426495414e-10
2.357,-2.4596810444786363e-10,4.2190264177211864e-10
2.358,-2.4383599908792545e-10,4.151900254987487e-10
2.359,-2.417118419162629e-10,4.085792038077058e-10
2.36,-2.395958721811675e-10,4.0206870698062893e-10
2.361,-2.374883204037267e-10,3.9565708534605173e-10
2.362,-2.3538940857871564e-10,3.893429090258074e-10
2.363,-2.3329935037159167e-10,3.831247676842839e-10
2.364,-2.3121835131165768e-10,3.7700127028050373e-10
2.365,-2.2914660898146253e-10,3.70971044823004e-10
2.366,-2.2708431320250486e-10,3.650327381274909e-10
2.367,-2.250316462173051e-10,3.591850155772454e-10
2.368,-2.2298878286790954e-10,3.53426560886253e-10
2.369,-2.209558907708897e-10,3.477560758650355e-10
2.37,-2.1893313048889884e-10,3.42172280189158e-10
2.371,-2.1692065569884657e-10,3.366739111703879e-10
2.372,-2.1491861335675159e-10,3.312597235304813e-10
2.373,-2.1292714385933123e-10,3.259284891775717e-10
2.374,-2.1094638120238618e-10,3.2067899698513823e-10
2.375,-2.089764531360372e-10,3.155100525735277e-10
2.376,-2.0701748131686987e-10,3.1042047809400766e-10
2.377,-2.0506958145704301e-10,3.054091120153263e-10
2.378,-2.0313286347041423e-10,3.004748089127546e-10
2.379,-2.0120743161573693e-10,2.956164392595886e-10
2.38,-1.9929338463698054e-10,2.9083288922108633e-10
2.381,-1.9739081590082607e-10,2.8612306045081816e-10
2.382,-1.954998135313874e-10,2.81485869889405e-10
2.383,-1.9362046054220857e-10,2.7692024956562284e-10
2.384,-1.917528349655861e-10,2.7242514639984974e-10
2.385,-1.898970099792644e-10,2.6799952200983257e-10
2.386,-1.880530540305521e-10,2.636423525187507e-10
2.387,-1.8622103095790588e-10,2.593526283655537e-10
2.388,-1.8440100011002757e-10,2.5512935411755095e-10
2.389,-1.825930164625199e-10,2.509715482852302e-10
2.39,-1.8079713073214529e-10,2.468782431392832e-10
2.391,-1.7901338948873118e-10,2.428484845298162e-10
2.392,-1.7724183526476496e-10,2.388813317077229e-10
2.393,-1.7548250666272073e-10,2.349758571481986e-10
2.394,-1.7373543846015934e-10,2.311311463763731e-10
2.395,-1.7200066171264245e-10,2.2734629779504172e-10
2.396,-1.7027820385450105e-10,2.2362042251447162e-10
2.397,-1.6856808879749731e-10,2.1995264418426348e-10
2.398,-1.6687033702741922e-10,2.1634209882724654e-10
2.399,-1.6518496569864565e-10,2.1278793467538605e-10
2.4,-1.6351198872671945e-10,2.0928931200768265e-10
2.401,-1.6185141687896548e-10,2.058454029900424e-10
2.402,-1.6020325786318997e-10,2.0245539151709735e-10
2.403,-1.5856751641449627e-10,1.9911847305595584e-10
2.404,-1.5694419438025269e-10,1.958338544918624e-10
2.405,-1.5533329080324621e-10,1.9260075397574721e-10
2.406,-1.537348020030565e-10,1.8941840077364472e-10
2.407,-1.5214872165568285e-10,1.8628603511796216e-10
2.408,-1.5057504087145713e-10,1.832029080605776e-10
2.409,-1.4901374827127487e-10,1.8016828132774857e-10
2.41,-1.4746483006117575e-10,1.7718142717681139e-10
2.411,-1.4592827010530498e-10,1.7424162825465225e-10
2.412,-1.4440404999728539e-10,1.7134817745793092e-10
2.413,-1.42892149130031e-10,1.6850037779503768e-10
2.414,-1.4139254476403107e-10,1.6569754224976555e-10
2.415,-1.399052120941334e-10,1.6293899364667813e-10
2.416,-1.3843012431485586e-10,1.6022406451815546e-10
2.417,-1.3696725268425369e-10,1.575520969730989e-10
2.418,-1.3551656658637025e-10,1.5492244256727718e-10
2.419,-1.340780335922981e-10,1.5233446217529532e-10
2.42,-1.3265161951987695e-10,1.497875258641689e-10
2.421,-1.3123728849205481e-10,1.472810127684854e-10
2.422,-1.298350029939375e-10,1.4481431096713552e-10
2.423,-1.2844472392855198e-10,1.4238681736159655e-10
2.424,-1.270664106713484e-10,1.399979375557509e-10
2.425,-1.2570002112346466e-10,1.376470857372225e-10
2.426,-1.243455117637779e-10,1.3533368456021375e-10
2.427,-1.2300283769976605e-10,1.3305716502982673e-10
2.428,-1.2167195271720247e-10,1.3081696638785143e-10
2.429,-1.203528093287067e-10,1.2861253600000488e-10
2.43,-1.1904535882117307e-10,1.2644332924460432e-10
2.431,-1.1774955130209927e-10,1.2430880940265848e-10
2.432,-1.1646533574483648e-10,1.2220844754936076e-10
2.433,-1.1519266003278193e-10,1.2014172244696827e-10
2.434,-1.1393147100253464e-10,1.1810812043905084e-10
2.435,-1.1268171448603477e-10,1.161071353460946e-10
2.436,-1.1144333535170666e-10,1.1413826836244419e-10
2.437,-1.1021627754462489e-10,1.1220102795456851e-10
2.438,-1.0900048412572298e-10,1.102949297606346e-10
2.439,-1.0779589731006352e-10,1.0841949649137459e-10
2.44,-1.0660245850418829e-10,1.0657425783223071e-10
2.441,-1.0542010834256685e-10,1.047587503467636e-10
2.442,-1.0424878672316127e-10,1.0297251738130907e-10
2.443,-1.0308843284212487e-10,1.0121510897086903e-10
2.444,-1.019389852276522e-10,9.948608174622188e-11
2.445,-1.0080038177299726e-10,9.778499884223822e-11
2.446,-9.967255976867653e-11,9.611142980738788e-11
2.447,-9.85554559338736e-11,9.446495051442398e-11
2.448,-9.7449006447061e-11,9.284514307223034e-11
2.449,-9.635314697585538e-11,9.125159573881868e-11
2.45,-9.52678127061215e-11,8.968390283546148e-11
2.451,-9.419293837034027e-11,8.814166466194768e-11
2.452,-9.312845827525563e-11,8.662448741294748e-11
2.453,-9.20743063288154e-11,8.513198309547322e-11
2.454,-9.103041606642003e-11,8.366376944742311e-11
2.455,-8.999672067649384e-11,8.221946985719522e-11
2.456,-8.897315302539227e-11,8.079871328435844e-11
2.457,-8.795964568165927e-11,7.940113418136828e-11
2.458,-8.695613093964775e-11,7.802637241631452e-11
2.459,-8.596254084251663e-11,7.667407319668857e-11
2.46,-8.497880720461719e-11,7.534388699415811e-11
2.461,-8.400486163328152e-11,7.403546947033692e-11
2.462,-8.304063555002545e-11,7.274848140353793e-11
2.463,-8.208606021117826e-11,7.148258861649734e-11
2.464,-8.114106672795112e-11,7.023746190505832e-11
2.465,-8.020558608595594e-11,6.90127769678024e-11
2.466,-7.927954916418653e-11,6.78082143366172e-11
2.467,-7.836288675347286e-11,6.662345930818878e-11
2.468,-7.745552957442022e-11,6.545820187640777e-11
2.469,-7.655740829484348e-11,6.431213666567762e-11
2.47,-7.566845354670797e-11,6.318496286511414e-11
2.471,-7.478859594258666e-11,6.207638416362546e-11
2.472,-7.391776609164479e-11,6.098610868586146e-11
2.473,-7.30558946151614e-11,5.991384892902182e-11
2.474,-7.220291216159814e-11,5.885932170051249e-11
2.475,-7.1358749421225e-11,5.7822248056439644e-11
2.476,-7.052333714031237e-11,5.680235324093109e-11
2.477,-6.969660613489914e-11,5.5799366626274636e-11
2.478,-6.887848730414578e-11,5.4813021653863464e-11
2.479,-6.806891164328152e-11,5.38430557759383e-11
2.48,-6.726781025615472e-11,5.288921039811656e-11
2.481,-6.647511436739468e-11,5.1951230822698617e-11
2.482,-6.569075533419395e-11,5.102886619274145e-11
2.483,-6.491466465771911e-11,5.012186943689015e-11
2.484,-6.414677399415843e-11,4.922999721495768e-11
2.485,-6.338701516541452e-11,4.835300986424357e-11
2.486,-6.263532016944967e-11,4.74906713465822e-11
2.487,-6.189162119029186e-11,4.664274919611159e-11
2.488,-6.11558506077089e-11,4.58090144677534e-11
2.489,-6.042794100655822e-11,4.498924168639545e-11
2.49,-5.970782518581967e-11,4.4183208796767585e-11
2.491,-5.899543616731833e-11,4.339069711400234e-11
2.492,-5.829070720414466e-11,4.2611491274871546e-11
2.493,-5.759357178877863e-11,4.184537918969038e-11
2.494,-5.690396366092468e-11,4.109215199488037e-11
2.495,-5.622181681506425e-11,4.035160400618294e-11
2.496,-5.55470655077322e-11,3.9623532672515175e-11
2.497,-5.4879644264523704e-11,3.8907738530459673e-11
2.498,-5.421948788683769e-11,3.820402515938028e-11
2.499,-5.356653145836311e-11,3.751219913715582e-11
2.5,-5.292071035131393e-11,3.68320699965237e-11
2.501,-5.228196023241886e-11,3.616345018202584e-11
2.502,-5.1650217068671494e-11,3.550615500754886e-11
2.503,-5.102541713284656e-11,3.486000261445115e-11
2.504,-5.04074970087879e-11,3.422481393026905e-11
2.505,-4.9796393596473565e-11,3.3600412627994866e-11
2.506,-4.919204411686328e-11,3.2986625085919106e-11
2.507,-4.859438611653371e-11,3.238328034802982e-11
2.508,-4.8003357472106486e-11,3.179021008496171e-11
2.509,-4.7418896394474064e-11,3.120724855548796e-11
2.51,-4.684094143282837e-11,3.063423256854766e-11
2.511,-4.626943147849703e-11,3.007100144580192e-11
2.512,-4.570430576859188e-11,2.95173969847117e-11
2.513,-4.5145503889474475e-11,2.8973263422130705e-11
2.514,-4.4592965780043063e-11,2.8438447398406446e-11
2.515,-4.40466317348455e-11,2.7912797921982932e-11
2.516,-4.350644240702245e-11,2.739616633449842e-11
2.517,-4.297233881108515e-11,2.6888406276371687e-11
2.518,-4.244426232553197e-11,2.6389373652870447e-11
2.519,-4.192215469530773e-11,2.58989266006556e-11
2.52,-4.1405958034109945e-11,2.5416925454795e-11
2.521,-4.0895614826545865e-11,2.4943232716240624e-11
2.522,-4.0391067930144085e-11,2.447771301976295e-11
2.523,-3.9892260577224665e-11,2.4020233102336634e-11
2.524,-3.939913637663127e-11,2.357066177197137e-11
2.525,-3.891163931532911e-11,2.3128869876982183e-11
2.526,-3.8429713759872085e-11,2.2694730275693238e-11
2.527,-3.795330445774272e-11,2.226811780656948e-11
2.528,-3.7482356538568203e-11,2.1848909258770386e-11
2.529,-3.701681551521589e-11,2.1436983343120233e-11
2.53,-3.655662728477155e-11,2.1032220663489353e-11
2.531,-3.610173812940348e-11,2.0634503688580865e-11
2.532,-3.5652094717115697e-11,2.024371672411755e-11
2.533,-3.520764410239315e-11,1.9859745885423425e-11
2.534,-3.4768333726742075e-11,1.9482479070394834e-11
2.535,-3.43341114191283e-11,1.911180593285579e-11
2.536,-3.3904925396316475e-11,1.874761785629246e-11
2.537,-3.348072426311289e-11,1.838980792796165e-11
2.538,-3.306145701251481e-11,1.8038270913368376e-11
2.539,-3.2647073025768856e-11,1.7692903231107417e-11
2.54,-3.2237522072341114e-11,1.7353602928064105e-11
2.541,-3.183275430980159e-11,1.7020269654969403e-11
2.542,-3.143272028362546e-11,1.6692804642304546e-11
2.543,-3.103737092691359e-11,1.6371110676550534e-11
2.544,-3.0646657560034783e-11,1.6055092076777775e-11
2.545,-3.026053189019205e-11,1.5744654671571344e-11
2.546,-2.987894601091525e-11,1.543970577628726e-11
2.547,-2.9501852401482306e-11,1.514015417063532e-11
2.548,-2.912920392627128e-11,1.484591007658405e-11
2.549,-2.8760953834045362e-11,1.4556885136583417e-11
2.55,-2.8397055757173e-11,1.4272992392100997e-11
2.551,-2.803746371078509e-11,1.399414626246725e-11
2.552,-2.768213209187141e-11,1.3720262524025816e-11
2.553,-2.7331015678318093e-11,1.3451258289584588e-11
2.554,-2.698406962788821e-11,1.318705198816347e-11
2.555,-2.664124947714728e-11,1.2927563345034811e-11
2.556,-2.630251114033553e-11,1.2672713362052455e-11
2.557,-2.596781090818878e-11,1.2422424298265504e-11
2.558,-2.5637105446709598e-11,1.2176619650812862e-11
2.559,-2.5310351795890593e-11,1.1935224136094736e-11
2.56,-2.4987507368391372e-11,1.169816367121727e-11
2.561,-2.466852994817091e-11,1.1465365355706572e-11
2.562,-2.4353377689076896e-11,1.1236757453488431e-11
2.563,-2.4042009113393616e-11,1.1012269375130055e-11
2.564,-2.3734383110349925e-11,1.0791831660340239e-11
2.565,-2.3430458934588784e-11,1.0575375960724373e-11
2.566,-2.313019620459983e-11,1.0362835022790797e-11
2.567,-2.2833554901116413e-11,1.0154142671205023e-11
2.568,-2.254049536547846e-11,9.94923379228838e-12
2.569,-2.225097829796258e-11,9.748044317757717e-12
2.57,-2.196496475608068e-11,9.550511208702828e-12
2.571,-2.168241615284844e-11,9.35657243979828e-12
2.572,-2.1403294255024843e-11,9.166166983746403e-12
2.573,-2.1127561181324104e-11,8.979234795948239e-12
2.574,-2.0855179400601052e-11,8.795716799399262e-12
2.575,-2.0586111730011316e-11,8.615554869806754e-12
2.576,-2.0320321333147288e-11,8.43869182092574e-12
2.577,-2.005777171815113e-11,8.265071390110446e-12
2.578,-1.9798426735805807e-11,8.094638224078244e-12
2.579,-1.9542250577605285e-11,7.927337864883163e-12
2.58,-1.928920777380489e-11,7.763116736095996e-12
2.581,-1.9039263191452863e-11,7.601922129188106e-12
2.582,-1.879238203240408e-11,7.443702190116132e-12
2.583,-1.8548529831316923e-11,7.288405906104715e-12
2.584,-1.830767245363422e-11,7.135983092624495e-12
2.585,-1.8069776093549176e-11,6.986384380562656e-12
2.586,-1.7834807271957205e-11,6.839561203583262e-12
2.587,-1.7602732834394487e-11,6.69546578567476e-12
2.588,-1.7373519948964145e-11,6.554051128881997e-12
2.589,-1.7147136104250847e-11,6.415271001220146e-12
2.59,-1.692354910722462e-11,6.2790799247679786e-12
2.591,-1.6702727081134684e-11,6.145433163937963e-12
2.592,-1.648463846339407e-11,6.0142867139206725e-12
2.593,-1.6269252003455715e-11,5.885597289301046e-12
2.594,-1.6056536760680853e-11,5.759322312844076e-12
2.595,-1.584646210220027e-11,5.635419904447511e-12
2.596,-1.5638997700769243e-11,5.513848870259215e-12
2.597,-1.5434113532616735e-11,5.39456869195684e-12
2.598,-1.5231779875289542e-11,5.277539516187515e-12
2.599,-1.503196730549199e-11,5.162722144165266e-12
2.6,-1.4834646696921808e-11,5.050078021423936e-12
2.601,-1.4639789218102807e-11,4.939569227723383e-12
2.602,-1.4447366330214858e-11,4.8311584671067664e-12
2.603,-1.4257349784921823e-11,4.7248090581067915e-12
2.604,-1.406971162219793e-11,4.620484924098752e-12
2.605,-1.3884424168153145e-11,4.518150583798299e-12
2.606,-1.3701460032858052e-11,4.4177711419018666e-12
2.607,-1.352079210816873e-11,4.319312279867692e-12
2.608,-1.334239356555214e-11,4.222740246835444e-12
2.609,-1.3166237853912464e-11,4.128021850682454e-12
2.61,-1.2992298697418871e-11,4.035124449214601e-12
2.611,-1.2820550093335168e-11,3.9440159414899154e-12
2.612,-1.2650966309851728e-11,3.8546647592729875e-12
2.613,-1.2483521883920138e-11,3.767039858618316e-12
2.614,-1.2318191619090995e-11,3.681110711580727e-12
2.615,-1.2154950583355176e-11,3.5968472980510413e-12
2.616,-1.1993774106989047e-11,3.5142200977151813e-12
2.617,-1.1834637780403904e-11,3.433200082134941e-12
2.618,-1.1677517452000042e-11,3.3537587069486585e-12
2.619,-1.152238922602581e-11,3.275867904190065e-12
2.62,-1.136922946044194e-11,3.199500074723598e-12
2.621,-1.1218014764791509e-11,3.12462808079449e-12
2.622,-1.106872199807585e-11,3.0512252386919844e-12
2.623,-1.0921328266636679e-11,2.97926531152402e-12
2.624,-1.0775810922044776e-11,2.9087225021017868e-12
2.625,-1.0632147558995457e-11,2.8395714459325447e-12
2.626,-1.0490316013211143e-11,2.771787204319142e-12
2.627,-1.0350294359351279e-11,2.705345257564674e-12
2.628,-1.0212060908929838e-11,2.6402214982807615e-12
2.629,-1.007559420824069e-11,2.576392224797936e-12
2.63,-9.940873036291039e-12,2.5138341346766427e-12
2.631,-9.807876402743165e-12,2.452524318317398e-12
2.632,-9.676583545864702e-12,2.3924402526686523e-12
2.633,-9.54697393048765e-12,2.3335597950309345e-12
2.634,-9.419027245976303e-12,2.2758611769558656e-12
2.635,-9.29272340420435e-12,2.219322998238659e-12
2.636,-9.168042537541253e-12,2.1639242210027425e-12
2.637,-9.044964996848142e-12,2.109644163875139e-12
2.638,-8.923471349483378e-12,2.0564624962512956e-12
2.639,-8.803542377317941e-12,2.004359232648029e-12
2.64,-8.685159074760818e-12,1.9533147271433108e-12
2.641,-8.568302646794514e-12,1.9033096679016054e-12
2.642,-8.452954507020872e-12,1.8543250717835084e-12
2.643,-8.339096275717288e-12,1.8063422790384438e-12
2.644,-8.226709777903498e-12,1.7593429480791975e-12
2.645,-8.115777041419034e-12,1.713309050337081e-12
2.646,-8.006280295011474e-12,1.6682228651965373e-12
2.647,-7.898201966435608e-12,1.6240669750080158e-12
2.648,-7.79152468056361e-12,1.5808242601779612e-12
2.649,-7.686231257506345e-12,1.5384778943347766e-12
2.65,-7.582304710745859e-12,1.497011339569638e-12
2.651,-7.479728245279209e-12,1.4564083417510513e-12
2.652,-7.378485255773659e-12,1.4166529259120604e-12
2.653,-7.278559324733355e-12,1.3777293917090309e-12
2.654,-7.179934220677544e-12,1.339622308950945e-12
2.655,-7.0825938963304106e-12,1.3023165131981647e-12
2.656,-6.9865224868226e-12,1.2657971014296283e-12
2.657,-6.891704307904479e-12,1.230049427777465e-12
2.658,-6.798123854171202e-12,1.195059099328024e-12
2.659,-6.705765797299638e-12,1.1608119719883312e-12
2.66,-6.614614984297188e-12,1.1272941464169958e-12
2.661,-6.5246564357625634e-12,1.0944919640186085e-12
2.662,-6.435875344158544e-12,1.0623920030006845e-12
2.663,-6.348257072096764e-12,1.0309810744922165e-12
2.664,-6.261787150634561e-12,1.0002462187229164e-12
2.665,-6.176451277583904e-12,9.701747012622414e-13
2.666,-6.0922353158324385e-12,9.407540093173086e-13
2.667,-6.009125291676672e-12,9.119718480888146e-13
2.668,-5.927107393167306e-12,8.83816137184095e-13
2.669,-5.8461679684667385e-12,8.562750070864644e-13
2.67,-5.766293524218759e-12,8.293367956799936e-13
2.671,-5.687470723930419e-12,8.029900448288908e-13
2.672,-5.609686386366116e-12,7.772234970106687e-13
2.673,-5.53292748395387e-12,7.520260920022857e-13
2.674,-5.457181141203803e-12,7.273869636184668e-13
2.675,-5.382434633138818e-12,7.03295436501418e-13
2.676,-5.30867538373748e-12,6.797410229611592e-13
2.677,-5.2358909643890684e-12,6.567134198657123e-13
2.678,-5.164069092360829e-12,6.342025055803944e-13
2.679,-5.09319762927737e-12,6.121983369554715e-13
2.68,-5.023264579612219e-12,5.906911463614459e-13
2.681,-4.954258089191514e-12,5.696713387712527e-13
2.682,-4.886166443709803e-12,5.491294888886601e-13
2.683,-4.818978067257938e-12,5.290563383221699e-13
2.684,-4.752681520863041e-12,5.094427928037333e-13
2.685,-4.687265501040507e-12,4.902799194515978e-13
2.686,-4.622718838358031e-12,4.715589440766185e-13
2.687,-4.559030496011609e-12,4.532712485313747e-13
2.688,-4.49618956841351e-12,4.354083681014385e-13
2.689,-4.434185279792158e-12,4.1796198893815654e-13
2.69,-4.3730069828039014e-12,4.009239455323135e-13
2.691,-4.3126441571566435e-12,3.842862182280533e-13
2.692,-4.253086408245276e-12,3.680409307764469e-13
2.693,-4.19432346579889e-12,3.521803479280999e-13
2.694,-4.136345182539718e-12,3.3669687306420626e-13
2.695,-4.079141532853768e-12,3.2158304586545996e-13
2.696,-4.022702611473103e-12,3.068315400182468e-13
2.697,-3.967018632169721e-12,2.924351609575464e-13
2.698,-3.912079926460989e-12,2.7838684364598227e-13
2.699,-3.857876942326585e-12,2.6467965038846706e-13
2.7,-3.804400242936898e-12,2.513067686818977e-13
2.701,-3.751640505392837e-12,2.3826150909936266e-13
2.702,-3.699588519476995e-12,2.2553730320833193e-13
2.703,-3.648235186416118e-12,2.1312770152230887e-13
2.704,-3.597571517654828e-12,2.010263714854284e-13
2.705,-3.54758863364054e-12,1.8922709548949654e-13
2.706,-3.4982777626195246e-12,1.7772376892297105e-13
2.707,-3.449630239444055e-12,1.6651039825139233e-13
2.708,-3.4016375043905844e-12,1.5558109912877955e-13
2.709,-3.354291101988896e-12,1.4493009453951486e-13
2.71,-3.3075826798621643e-12,1.3455171297024546e-13
2.711,-3.261503987577873e-12,1.244403866113399e-13
2.712,-3.216046875509527e-12,1.1459064958744245e-13
2.713,-3.1712032937090987e-12,1.0499713621667532e-13
2.714,-3.126965290790144e-12,9.565457929804589e-14
2.715,-3.0833250128215357e-12,8.655780842662228e-14
2.716,-3.0402747022317388e-12,7.770174833604714e-14
2.717,-2.9978066967235754e-12,6.908141726796576e-14
2.718,-2.9559134281994115e-12,6.069192536795131e-14
2.719,-2.9145874216967016e-12,5.252847310751565e-14
2.72,-2.873821294333828e-12,4.45863497318007e-14
2.721,-2.833607754266168e-12,3.6860931732551114e-14
2.722,-2.793939599652327e-12,2.9347681345975173e-14
2.723,-2.7548097176304705e-12,2.2042145075106332e-14
2.724,-2.716211083304684e-12,1.4939952236283944e-14
2.725,-2.6781367587413073e-12,8.036813529377231e-15
2.726,-2.6405798919751606e-12,1.3285196313821184e-15
2.727,-2.603533716025609e-12,-5.1890601869737946e-15
2.728,-2.566991547922391e-12,-1.1519979421977517e-14
2.729,-2.530946787741144e-12,-1.7668215675382164e-14
2.73,-2.495392917648565e-12,-2.3637671970912354e-14
2.731,-2.4603235009571305e-12,-2.943217804916699e-14
2.732,-2.4257321811893144e-12,-3.505549164125774e-14
2.733,-2.3916126811512318e-12,-4.0511299721516476e-14
2.734,-2.3579588020156444e-12,-4.580321973959992e-14
2.735,-2.3247644224142552e-12,-5.093480083231489e-14
2.736,-2.2920234975392255e-12,-5.5909525015482565e-14
2.737,-2.259730058253848e-12,-6.073080835615549e-14
2.738,-2.2278782102123054e-12,-6.54020021254963e-14
2.739,-2.196462132988444e-12,-6.99263939326225e-14
2.74,-2.1654760792134996e-12,-7.43072088397171e-14
2.741,-2.1349143737227026e-12,-7.85476104587002e-14
2.742,-2.104771412710693e-12,-8.265070202975244e-14
2.743,-2.0750416628956805e-12,-8.661952748197674e-14
2.744,-2.045719660692279e-12,-9.045707247648014e-14
2.745,-2.0168000113929485e-12,-9.416626543215401e-14
2.746,-1.988277388357973e-12,-9.774997853442571e-14
2.747,-1.9601465322139103e-12,-1.0121102872725161e-13
2.748,-1.932402250060441e-12,-1.0455217868861656e-13
2.749,-1.9050394146855548e-12,-1.0777613778980143e-13
2.75,-1.8780529637889988e-12,-1.1088556303867589e-13
2.751,-1.851437899213927e-12,-1.1388306000727004e-13
2.752,-1.8251892861866757e-12,-1.1677118374387467e-13
2.753,-1.799302252564608e-12,-1.195524396699157e-13
2.754,-1.7737719880919468e-12,-1.2222928446184532e-13
2.755,-1.7485937436635413e-12,-1.2480412691828782e-13
2.756,-1.7237628305964917e-12,-1.2727932881267543e-13
2.757,-1.6992746199095704e-12,-1.2965720573160482e-13
2.758,-1.6751245416103693e-12,-1.3194002789914252e-13
2.759,-1.6513080839901104e-12,-1.3413002098730322e-13
2.76,-1.6278207929260504e-12,-1.3622936691292166e-13
2.761,-1.6046582711914157e-12,-1.3824020462113576e-13
2.762,-1.5818161777728003e-12,-1.401646308556951e-13
2.763,-1.5592902271949638e-12,-1.4200470091630537e-13
2.764,-1.53707618885296e-12,-1.4376242940321664e-13
2.765,-1.5151698863515365e-12,-1.4543979094925969e-13
2.766,-1.4935671968517355e-12,-1.4703872093953195e-13
2.767,-1.4722640504246358e-12,-1.4856111621893094e-13
2.768,-1.4512564294121696e-12,-1.5000883578773057e-13
2.769,-1.430540367794949e-12,-1.513837014853926e-13
2.77,-1.4101119505670425e-12,-1.5268749866280198e-13
2.771,-1.3899673131176352e-12,-1.5392197684311314e-13
2.772,-1.37010264061951e-12,-1.5508885037138982e-13
2.773,-1.3505141674242902e-12,-1.5618979905321974e-13
2.774,-1.3311981764643754e-12,-1.5722646878248164e-13
2.775,-1.3121509986615157e-12,-1.5820047215843966e-13
2.776,-1.2933690123419576e-12,-1.5911338909233773e-13
2.777,-1.2748486426581006e-12,-1.5996676740366354e-13
2.778,-1.2565863610166078e-12,-1.6076212340624915e-13
2.779,-1.2385786845129032e-12,-1.6150094248437285e-13
2.78,-1.220822175372002e-12,-1.621846796590242e-13
2.781,-1.2033134403956088e-12,-1.6281476014449162e-13
2.782,-1.1860491304154278e-12,-1.633925798954298e-13
2.783,-1.169025939752622e-12,-1.639195061445611e-13
2.784,-1.1522406056833676e-12,-1.6439687793116342e-13
2.785,-1.1356899079104384e-12,-1.6482600662049417e-13
2.786,-1.1193706680407693e-12,-1.652081764142978e-13
2.787,-1.1032797490689347e-12,-1.655446448525422e-13
2.788,-1.0874140548664888e-12,-1.6583664330652672e-13
2.789,-1.0717705296771069e-12,-1.6608537746350268e-13
2.79,-1.0563461576174762e-12,-1.6629202780294457e-13
2.791,-1.0411379621838728e-12,-1.6645775006460874e-13
2.792,-1.026143005764376e-12,-1.6658367570851322e-13
2.793,-1.0113583891566581e-12,-1.6667091236697145e-13
2.794,-9.967812510912997e-13,-1.667205442888093e-13
2.795,-9.824087677605714e-13,-1.6673363277589384e-13
2.796,-9.68238152352631e-13,-1.6671121661209978e-13
2.797,-9.542666545910778e-13,-1.666543124848376e-13
2.798,-9.40491560279816e-13,-1.6656391539926536e-13
2.799,-9.269101908531673e-13,-1.6644099908530456e-13
2.8,-9.135199029311865e-13,-1.6628651639757836e-13
2.801,-9.003180878801211e-13,-1.6610139970838826e-13
2.802,-8.87302171377968e-13,-1.6588656129384437e-13
2.803,-8.744696129850712e-13,-1.656428937132618e-13
2.804,-8.618179057197133e-13,-1.6537127018193399e-13
2.805,-8.493445756386455e-13,-1.6507254493739275e-13
2.806,-8.370471814225093e-13,-1.6474755359926237e-13
2.807,-8.249233139660956e-13,-1.6439711352281343e-13
2.808,-8.129705959733964e-13,-1.6402202414632093e-13
2.809,-8.011866815573939e-13,-1.6362306733232892e-13
2.81,-7.895692558445429e-13,-1.63201007702923e-13
2.811,-7.781160345838943e-13,-1.6275659296910958e-13
2.812,-7.668247637608128e-13,-1.6229055425439986e-13
2.813,-7.556932192152418e-13,-1.618036064126949e-13
2.814,-7.447192062644651e-13,-1.6129644834056634e-13
2.815,-7.339005593303212e-13,-1.6076976328402585e-13
2.816,-7.232351415708216e-13,-1.6022421913987534e-13
2.817,-7.127208445161273e-13,-1.5966046875172784e-13
2.818,-7.023555877088373e-13,-1.5907915020078823e-13
2.819,-6.921373183485431e-13,-1.5848088709148095e-13
2.82,-6.820640109406053e-13,-1.5786628883201097e-13
2.821,-6.721336669491052e-13,-1.5723595090994232e-13
2.822,-6.623443144539286e-13,-1.5659045516287816e-13
2.823,-6.52694007811937e-13,-1.5593037004432338e-13
2.824,-6.431808273221826e-13,-1.5525625088481153e-13
2.825,-6.338028788951235e-13,-1.5456864014837442e-13
2.826,-6.245582937257959e-13,-1.5386806768443352e-13
2.827,-6.154452279709016e-13,-1.53155050975189e-13
2.828,-6.06461862429767e-13,-1.5243009537858286e-13
2.829,-5.976064022291328e-13,-1.5169369436691048e-13
2.83,-5.888770765117331e-13,-1.5094632976115318e-13
2.831,-5.802721381286211e-13,-1.5018847196110468e-13
2.832,-5.717898633352026e-13,-1.4942058017136195e-13
2.833,-5.63428551490935e-13,-1.4864310262325027e-13
2.834,-5.551865247626537e-13,-1.4785647679275126e-13
2.835,-5.470621278314837e-13,-1.4706112961450109e-13
2.836,-5.390537276032995e-13,-1.4625747769192605e-13
2.837,-5.311597129226927e-13,-1.4544592750358003e-13
2.838,-5.233784942904089e-13,-1.4462687560574874e-13
2.839,-5.157085035842161e-13,-1.438007088313841e-13
2.84,-5.08148193783166e-13,-1.429678044854305e-13
2.841,-5.006960386952115e-13,-1.4212853053660497e-13
2.842,-4.933505326881419e-13,-1.4128324580569075e-13
2.843,-4.861101904237996e-13,-1.4043230015040425e-13
2.844,-4.789735465955423e-13,-1.3957603464689353e-13
2.845,-4.719391556689132e-13,-1.387147817679253e-13
2.846,-4.650055916254843e-13,-1.3784886555781777e-13
2.847,-4.581714477098364e-13,-1.3697860180417403e-13
2.848,-4.514353361796418e-13,-1.3610429820647122e-13
2.849,-4.4479588805881415e-13,-1.3522625454155905e-13
2.85,-4.382517528936899e-13,-1.3434476282612058e-13
2.851,-4.3180159851220935e-13,-1.334601074761473e-13
2.852,-4.2544411078606143e-13,-1.3257256546347978e-13
2.853,-4.1917799339575964e-13,-1.3168240646946406e-13
2.854,-4.13001967598616e-13,-1.307898930357737e-13
2.855,-4.0691477199957935e-13,-1.2989528071244583e-13
2.856,-4.009151623249062e-13,-1.289988182031792e-13
2.857,-3.9500191119863146e-13,-1.281007475079418e-13
2.858,-3.891738079218072e-13,-1.2720130406293388e-13
2.859,-3.834296582544779e-13,-1.2630071687795213e-13
2.86,-3.7776828420036057e-13,-1.253992086712005e-13
2.861,-3.7218852379419903e-13,-1.2449699600159076e-13
2.862,-3.666892308917618e-13,-1.2359428939857722e-13
2.863,-3.6126927496245246e-13,-1.226912934895676e-13
2.864,-3.5592754088450345e-13,-1.2178820712495254e-13
2.865,-3.506629287427224e-13,-1.2088522350079481e-13
2.866,-3.4547435362876246e-13,-1.1998253027921894e-13
2.867,-3.4036074544388697e-13,-1.1908030970654126e-13
2.868,-3.3532104870419954e-13,-1.181787387291796e-13
2.869,-3.30354222348311e-13,-1.1727798910738142e-13
2.87,-3.254592395474152e-13,-1.163782275268084e-13
2.871,-3.2063508751774513e-13,-1.1547961570801468e-13
2.872,-3.158807673353819e-13,-1.1458231051385584e-13
2.873,-3.111952937533893e-13,-1.1368646405486459e-13
2.874,-3.0657769502124637e-13,-1.1279222379262887e-13
2.875,-3.0202701270655157e-13,-1.1189973264120722e-13
2.876,-2.9754230151897126e-13,-1.11009129066616e-13
2.877,-2.931226291364071e-13,-1.1012054718442215e-13
2.878,-2.887670760333551e-13,-1.092341168554749e-13
2.879,-2.84474735311432e-13,-1.0834996377980901e-13
2.88,-2.8024471253204206e-13,-1.0746820958875187e-13
2.881,-2.760761255511599e-13,-1.0658897193526606e-13
2.882,-2.7196810435620393e-13,-1.0571236458255842e-13
2.883,-2.6791979090497637e-13,-1.0483849749098637e-13
2.884,-2.639303389666439e-13,-1.0396747690329148e-13
2.885,-2.599989139647368e-13,-1.0309940542818986e-13
2.886,-2.561246928221408e-13,-1.0223438212234864e-13
2.887,-2.5230686380805883e-13,-1.0137250257077689e-13
2.888,-2.485446263869193e-13,-1.0051385896565937e-13
2.889,-2.448371910692074e-13,-9.96585401836606e-14
2.89,-2.411837792641965e-13,-9.880663186172655e-14
2.891,-2.3758362313455697e-13,-9.795821647141068e-14
2.892,-2.340359654528205e-13,-9.711337339175058e-14
2.893,-2.3054005945967664e-13,-9.627217898072109e-14
2.894,-2.2709516872408053e-13,-9.543470664528938e-14
2.895,-2.2370056700514979e-13,-9.46010269100969e-14
2.896,-2.2035553811582885e-13,-9.377120748479285e-14
2.897,-2.1705937578829977e-13,-9.294531333004321e-14
2.898,-2.1381138354111838e-13,-9.212340672223934e-14
2.899,-2.106108745480549e-13,-9.130554731692914e-14
2.9,-2.0745717150861855e-13,-9.049179221099403e-14
2.901,-2.043496065202458e-13,-8.968219600359425e-14
2.902,-2.0128752095213195e-13,-8.88768108559045e-14
2.903,-1.982702653206864e-13,-8.807568654966206e-14
2.904,-1.9529719916659176e-13,-8.727887054454845e-14
2.905,-1.923676909334475e-13,-8.64864080344261e-14
2.906,-1.8948111784797846e-13,-8.569834200245042e-14
2.907,-1.8663686580178972e-13,-8.491471327507788e-14
2.908,-1.8383432923464877e-13,-8.413556057499001e-14
2.909,-1.8107291101927612e-13,-8.3360920572953e-14
2.91,-1.7835202234762633e-13,-8.259082793863237e-14
2.911,-1.7567108261864115e-13,-8.182531539038158e-14
2.912,-1.7302951932745645e-13,-8.106441374402337e-14
2.913,-1.7042676795604567e-13,-8.030815196064218e-14
2.914,-1.6786227186528156e-13,-7.955655719340577e-14
2.915,-1.6533548218839962e-13,-7.88096548334337e-14
2.916,-1.6284585772584505e-13,-7.806746855473016e-14
2.917,-1.6039286484148697e-13,-7.733002035819839e-14
2.918,-1.5797597736018284e-13,-7.659733061475342e-14
2.919,-1.5559467646667637e-13,-7.58694181075498e-14
2.92,-1.5324845060581238e-13,-7.514630007334051e-14
2.921,-1.5093679538405277e-13,-7.442799224298321e-14
2.922,-1.4865921347227702e-13,-7.371450888110936e-14
2.923,-1.4641521450985175e-13,-7.300586282497189e-14
2.924,-1.442043150099532e-13,-7.230206552248641e-14
2.925,-1.4202603826612774e-13,-7.160312706948107e-14
2.926,-1.3987991426007417e-13,-7.090905624616959e-14
2.927,-1.3776547957063354e-13,-7.021986055286202e-14
2.928,-1.356822772839709e-13,-6.953554624492732e-14
2.929,-1.3362985690493426e-13,-6.885611836702169e-14
2.93,-1.316077742695763e-13,-6.818158078659641e-14
2.931,-1.2961559145882422e-13,-6.751193622669847e-14
2.932,-1.2765287671328314e-13,-6.684718629807751e-14
2.933,-1.257192043491595e-13,-6.618733153061166e-14
2.934,-1.2381415467528985e-13,-6.553237140406546e-14
2.935,-1.219373139112616e-13,-6.488230437819193e-14
2.936,-1.200882741066118e-13,-6.423712792219171e-14
2.937,-1.182666330610907e-13,-6.359683854354068e-14
2.938,-1.1647199424597654e-13,-6.29614318161986e-14
2.939,-1.1470396672642824e-13,-6.233090240820997e-14
2.94,-1.1296216508486354e-13,-6.170524410870895e-14
2.941,-1.1124620934534887e-13,-6.108444985433932e-14
2.942,-1.095557248989889e-13,-6.046851175510082e-14
2.943,-1.078903424303028e-13,-5.985742111963261e-14
2.944,-1.0624969784457482e-13,-5.925116847994458e-14
2.945,-1.0463343219616712e-13,-5.864974361560703e-14
2.946,-1.0304119161778236e-13,-5.805313557740907e-14
2.947,-1.0147262725066431e-13,-5.746133271049586e-14
2.948,-9.992739517572438e-14,-5.687432267699463e-14
2.949,-9.840515634558265e-14,-5.629209247813933e-14
2.95,-9.690557651751149e-14,-5.571462847590352e-14
2.951,-9.542832618727048e-14,-5.5141916414150815e-14
2.952,-9.39730805238214e-14,-5.457394143931244e-14
2.953,-9.253951930491184e-14,-5.4010688120600725e-14
2.954,-9.112732685351669e-14,-5.345214046976764e-14
2.955,-8.97361919751264e-14,-5.289828196041722e-14
2.956,-8.836580789587123e-14,-5.234909554688032e-14
2.957,-8.701587220147096e-14,-5.180456368266041e-14
2.958,-8.56860867769994e-14,-5.1264668338458625e-14
2.959,-8.437615774745333e-14,-5.072939101978626e-14
2.96,-8.308579541911564e-14,-5.019871278417276e-14
2.961,-8.181471422170251e-14,-4.9672614257977156e-14
2.962,-8.056263265128445e-14,-4.9151075652810634e-14
2.963,-7.932927321397157e-14,-4.863407678157786e-14
2.964,-7.811436237035291e-14,-4.812159707414461e-14
2.965,-7.691763048068059e-14,-4.761361559263897e-14
2.966,-7.573881175078884e-14,-4.7110111046393364e-14
2.967,-7.457764417873868e-14,-4.6611061806534496e-14
2.968,-7.343386950217882e-14,-4.6116445920228157e-14
2.969,-7.230723314641365e-14,-4.562624112458573e-14
2.97,-7.119748417316923e-14,-4.514042486023907e-14
2.971,-7.010437523004802e-14,-4.465897428459047e-14
2.972,-6.90276625006639e-14,-4.4181866284743956e-14
2.973,-6.796710565544839e-14,-4.370907749012457e-14
2.974,-6.692246780311943e-14,-4.324058428479154e-14
2.975,-6.589351544280431e-14,-4.277636281945176e-14
2.976,-6.48800184168081e-14,-4.231638902317942e-14
2.977,-6.388174986401939e-14,-4.1860638614847716e-14
2.978,-6.289848617394501e-14,-4.14090871142785e-14
2.979,-6.193000694136552e-14,-4.096170985311549e-14
2.98,-6.09760949216035e-14,-4.0518481985426674e-14
2.981,-6.003653598639669e-14,-4.007937849804135e-14
2.982,-5.91111190803681e-14,-3.964437422062726e-14
2.983,-5.819963617808526e-14,-3.9213443835513006e-14
2.984,-5.730188224170108e-14,-3.878656188726106e-14
2.985,-5.641765517916867e-14,-3.8363702791996314e-14
2.986,-5.554675580302258e-14,-3.794484084649532e-14
2.987,-5.468898778971926e-14,-3.752995023704102e-14
2.988,-5.384415763952927e-14,-3.7119005048047845e-14
2.989,-5.301207463697408e-14,-3.67119792704619e-14
2.99,-5.219255081180046e-14,-3.6308846809940876e-14
2.991,-5.138540090048523e-14,-3.5909581494818204e-14
2.992,-5.0590442308263635e-14,-3.551415708385601e-14
2.993,-4.980749507167434e-14,-3.5122547273791225e-14
2.994,-4.9036381821614385e-14,-3.473472570667908e-14
2.995,-4.827692774689734e-14,-3.435066597703835e-14
2.996,-4.752896055830809e-14,-3.397034163880241e-14
2.997,-4.679231045314776e-14,-3.3593726212080184e-14
2.998,-4.6066810080262286e-14,-3.3220793189731005e-14
2.999,-4.5352294505548315e-14,-3.2851516043757324e-14
3.0,-4.4648601177930175e-14,-3.248586823151904e-14
3.001,-4.395556989580164e-14,-3.2123823201773314e-14
3.002,-4.3273042773926465e-14,-3.176535440054356e-14
3.003,-4.260086421079158e-14,-3.141043527682118e-14
3.004,-4.193888085640698e-14,-3.10590392881037e-14
3.005,-4.128694158054649e-14,-3.071113990577274e-14
3.006,-4.064489744142348e-14,-3.0366710620315326e-14
3.007,-4.001260165479582e-14,-3.002572494639179e-14
3.008,-3.9389909563494515e-14,-2.9688156427753756e-14
3.009,-3.877667860737017e-14,-2.9353978642015236e-14
3.01,-3.8172768293652024e-14,-2.90231652052802e-14
3.011,-3.7578040167713926e-14,-2.8695689776629636e-14
3.012,-3.6992357784241885e-14,-2.8371526062471207e-14
3.013,-3.6415586678797925e-14,-2.8050647820754493e-14
3.014,-3.5847594339774917e-14,-2.7733028865054787e-14
3.015,-3.5288250180737253e-14,-2.741864306852829e-14
3.016,-3.473742551314221e-14,-2.7107464367741597e-14
3.017,-3.419499351943695e-14,-2.679946676637823e-14
3.018,-3.366082922652615e-14,-2.649462433882491e-14
3.019,-3.313480947960534e-14,-2.619291123364033e-14
3.02,-3.2616812916355125e-14,-2.5894301676908958e-14
3.021,-3.2106719941491347e-14,-2.559876997548251e-14
3.022,-3.160441270166662e-14,-2.5306290520111593e-14
3.023,-3.110977506071842e-14,-2.5016837788469982e-14
3.024,-3.062269257525913e-14,-2.473038634807399e-14
3.025,-3.014305247060357e-14,-2.4446910859099263e-14
3.026,-2.967074361702933e-14,-2.4166386077097402e-14
3.027,-2.9205656506365576e-14,-2.388878685561463e-14
3.028,-2.874768322890597e-14,-2.3614088148714782e-14
3.029,-2.8296717450641233e-14,-2.3342265013408834e-14
3.03,-2.7852654390807153e-14,-2.3073292611993097e-14
3.031,-2.7415390799743824e-14,-2.2807146214298198e-14
3.032,-2.698482493706191e-14,-2.2543801199850932e-14
3.033,-2.6560856550111805e-14,-2.228323305995103e-14
3.034,-2.6143386852751658e-14,-2.2025417399664782e-14
3.035,-2.5732318504410222e-14,-2.177032993973754e-14
3.036,-2.5327555589440572e-14,-2.1517946518426948e-14
3.037,-2.4929003596760805e-14,-2.1268243093258854e-14
3.038,-2.4536569399777795e-14,-2.1021195742707633e-14
3.039,-2.4150161236590284e-14,-2.077678066780285e-14
3.04,-2.3769688690467466e-14,-2.0534974193663935e-14
3.041,-2.3395062670599387e-14,-2.0295752770964646e-14
3.042,-2.302619539311552e-14,-2.005909297732901e-14
3.043,-2.2663000362367833e-14,-1.9824971518660396e-14
3.044,-2.230539235247483e-14,-1.9593365230405358e-14
3.045,-2.195328738912305e-14,-1.9364251078753865e-14
3.046,-2.160660273162248e-14,-1.913760616177742e-14
3.047,-2.1265256855212516e-14,-1.8913407710506693e-14
3.048,-2.0929169433615064e-14,-1.8691633089950092e-14
3.049,-2.0598261321831403e-14,-1.8472259800054775e-14
3.05,-2.0272454539179555e-14,-1.8255265476611568e-14
3.051,-1.9951672252568865e-14,-1.8040627892105145e-14
3.052,-1.963583876000863e-14,-1.7828324956510928e-14
3.053,-1.9324879474347507e-14,-1.761833471803998e-14
3.054,-1.901872090724069e-14,-1.7410635363833303e-14
3.055,-1.871729065334164e-14,-1.7205205220606784e-14
3.056,-1.8420517374715418e-14,-1.7002022755248062e-14
3.057,-1.812833078547057e-14,-1.6801066575366628e-14
3.058,-1.784066163660654e-14,-1.6602315429798296e-14
3.059,-1.7557441701073797e-14,-1.6405748209065307e-14
3.06,-1.7278603759043653e-14,-1.6211343945793195e-14
3.061,-1.7004081583385012e-14,-1.6019081815085597e-14
3.062,-1.6733809925345164e-14,-1.5828941134858105e-14
3.063,-1.646772450043189e-14,-1.5640901366132288e-14
3.064,-1.6205761974494114e-14,-1.5454942113290908e-14
3.065,-1.594785994999836e-14,-1.527104312429547e-14
3.066,-1.5693956952498407e-14,-1.5089184290867058e-14
3.067,-1.5443992417295446e-14,-1.4909345648631518e-14
3.068,-1.5197906676286146e-14,-1.4731507377229938e-14
3.069,-1.49556409449961e-14,-1.4555649800395457e-14
3.07,-1.471713730979604e-14,-1.4381753385997262e-14
3.071,-1.448233871529839e-14,-1.42097987460528e-14
3.072,-1.4251188951931657e-14,-1.4039766636709021e-14
3.073,-1.4023632643690202e-14,-1.3871637958193618e-14
3.074,-1.3799615236057041e-14,-1.3705393754737069e-14
3.075,-1.3579082984097243e-14,-1.3541015214466396e-14
3.076,-1.3361982940719614e-14,-1.3378483669271413e-14
3.077,-1.3148262945104378e-14,-1.3217780594644319e-14
3.078,-1.2937871611294517e-14,-1.3058887609493419e-14
3.079,-1.2730758316948578e-14,-1.2901786475931754e-14
3.08,-1.2526873192252693e-14,-1.2746459099041406e-14
3.081,-1.232616710898963e-14,-1.2592887526614213e-14
3.082,-1.212859166976272e-14,-1.2441053948869641e-14
3.083,-1.1934099197372525e-14,-1.2290940698150517e-14
3.084,-1.1742642724344123e-14,-1.214253024859732e-14
3.085,-1.155417598260298e-14,-1.1995805215801717e-14
3.086,-1.136865339329731e-14,-1.1850748356440017e-14
3.087,-1.1186030056764926e-14,-1.170734256788717e-14
3.088,-1.1006261742642595e-14,-1.1565570887811999e-14
3.089,-1.0829304880115909e-14,-1.1425416493754229e-14
3.09,-1.0655116548307744e-14,-1.1286862702683967e-14
3.091,-1.0483654466803395e-14,-1.114989297054422e-14
3.092,-1.0314876986310483e-14,-1.1014490891777016e-14
3.093,-1.0148743079451774e-14,-1.0880640198833718e-14
3.094,-9.985212331689083e-15,-1.0748324761670082e-14
3.095,-9.824244932376436e-15,-1.0617528587226594e-14
3.096,-9.665801665940689e-15,-1.0488235818894634e-14
3.097,-9.509843903187869e-15,-1.0360430735968975e-14
3.098,-9.356333592733455e-15,-1.0234097753087117e-14
3.099,-9.205233252554915e-15,-1.010922141965598e-14
3.1,-9.056505961664778e-15,-9.985786419266399e-15
3.101,-8.910115351902571e-15,-9.863777569095943e-15
3.102,-8.766025599843986e-15,-9.743179819300471e-15
3.103,-8.624201418825626e-15,-9.62397825239491e-15
3.104,-8.48460805108373e-15,-9.506158082623681e-15
3.105,-8.347211260005311e-15,-9.389704655321213e-15
3.106,-8.211977322490105e-15,-9.274603446262942e-15
3.107,-8.078873021421824e-15,-9.16084006100724e-15
3.108,-7.94786563824716e-15,-9.048400234228644e-15
3.109,-7.818922945661076e-15,-8.937269829042787e-15
3.11,-7.692013200396853e-15,-8.827434836323416e-15
3.111,-7.567105136119484e-15,-8.718881374011855e-15
3.112,-7.444167956420929e-15,-8.611595686419304e-15
3.113,-7.323171327915835e-15,-8.505564143522285e-15
3.114,-7.204085373436313e-15,-8.40077324025162e-15
3.115,-7.086880665324375e-15,-8.29720959577526e-15
3.116,-6.9715282188206966e-15,-8.194859952775287e-15
3.117,-6.857999485548309e-15,-8.093711176719431e-15
3.118,-6.746266347089948e-15,-7.993750255127389e-15
3.119,-6.636301108657704e-15,-7.894964296832267e-15
3.12,-6.52807649285371e-15,-7.797340531237435e-15
3.121,-6.421565633520572e-15,-7.700866307569092e-15
3.122,-6.3167420696803e-15,-7.605529094124809e-15
3.123,-6.2135797395604865e-15,-7.511316477518333e-15
3.124,-6.11205297470652e-15,-7.418216161920929e-15
3.125,-6.01213649417861e-15,-7.326215968299498e-15
3.126,-5.913805398832458e-15,-7.235303833651745e-15
3.127,-5.817035165682367e-15,-7.145467810238634e-15
3.128,-5.7218016423456634e-15,-7.056696064814374e-15
3.129,-5.628081041567267e-15,-6.9689768778541726e-15
3.13,-5.53584993582329e-15,-6.882298642779975e-15
3.131,-5.445085252002551e-15,-6.796649865184424e-15
3.132,-5.3557642661649094e-15,-6.7120191620532526e-15
3.133,-5.267864598375339e-15,-6.628395260986308e-15
3.134,-5.1813642076126705e-15,-6.545766999417433e-15
3.135,-5.096241386751951e-15,-6.464123323833381e-15
3.136,-5.01247475761939e-15,-6.3834532889919764e-15
3.137,-4.930043266118854e-15,-6.303746057139697e-15
3.138,-4.8489261774289205e-15,-6.22499089722886e-15
3.139,-4.769103071269469e-15,-6.147177184134608e-15
3.14,-4.690553837236854e-15,-6.0702943978718334e-15
3.141,-4.613258670206674e-15,-5.994332122812246e-15
3.142,-4.5371980658031835e-15,-5.919280046901719e-15
3.143,-4.4623528159344135e-15,-5.845127960878085e-15
3.144,-4.3887040043920625e-15,-5.771865757489532e-15
3.145,-4.316233002515244e-15,-5.6994834307137466e-15
3.146,-4.2449214649171926e-15,-5.627971074977951e-15
3.147,-4.174751325274027e-15,-5.557318884379978e-15
3.148,-4.105704792174695e-15,-5.487517151910504e-15
3.149,-4.037764345031241e-15,-5.418556268676597e-15
3.15,-3.970912730048524e-15,-5.350426723126682e-15
3.151,-3.9051329562525635e-15,-5.283119100277065e-15
3.152,-3.840408291576661e-15,-5.216624080940128e-15
3.153,-3.776722259004491e-15,-5.1509324409543085e-15
3.154,-3.714058632769347e-15,-5.086035050415989e-15
3.155,-3.6524014346087515e-15,-5.021922872913384e-15
3.156,-3.5917349300736224e-15,-4.958586964762551e-15
3.157,-3.5320436248912522e-15,-4.896018474245617e-15
3.158,-3.473312261381307e-15,-4.83420864085131e-15
3.159,-3.415525814924103e-15,-4.773148794517915e-15
3.16,-3.3586694904804178e-15,-4.712830354878721e-15
3.161,-3.3027287191620958e-15,-4.653244830510061e-15
3.162,-3.2476891548527282e-15,-4.594383818182029e-15
3.163,-3.193536670877697e-15,-4.536239002111955e-15
3.164,-3.14025735672287e-15,-4.478802153220716e-15
3.165,-3.0878375148012636e-15,-4.422065128391966e-15
3.166,-3.036263657266981e-15,-4.3660198697343455e-15
3.167,-2.9855225028757553e-15,-4.310658403846763e-15
3.168,-2.9356009738914288e-15,-4.2559728410867915e-15
3.169,-2.8864861930377164e-15,-4.201955374842271e-15
3.17,-2.8381654804946033e-15,-4.148598280806159e-15
3.171,-2.7906263509387374e-15,-4.095893916254701e-15
3.172,-2.74385651062719e-15,-4.0438347193289815e-15
3.173,-2.6978438545239664e-15,-3.992413208319899e-15
3.174,-2.6525764634686463e-15,-3.9416219809566335e-15
3.175,-2.60804260138656e-15,-3.891453713698649e-15
3.176,-2.5642307125398995e-15,-3.841901161031278e-15
3.177,-2.5211294188191822e-15,-3.792957154764945e-15
3.178,-2.4787275170744845e-15,-3.744614603338063e-15
3.179,-2.437013976485876e-15,-3.69686649112365e-15
3.18,-2.3959779359724978e-15,-3.6497058777397114e-15
3.181,-2.3556087016397194e-15,-3.603125897363415e-15
3.182,-2.3158957442638393e-15,-3.557119758049111e-15
3.183,-2.276828696813779e-15,-3.511680741050214e-15
3.184,-2.238397352009251e-15,-3.4668022001449964e-15
3.185,-2.2005916599148632e-15,-3.4224775609663163e-15
3.186,-2.163401725569654e-15,-3.3787003203353087e-15
3.187,-2.1268178066515435e-15,-3.335464045599073e-15
3.188,-2.090830311176199e-15,-3.2927623739723768e-15
3.189,-2.0554297952298192e-15,-3.2505890118834094e-15
3.19,-2.02060696073535e-15,-3.208937734323595e-15
3.191,-1.986352653251649e-15,-3.1678023842015023e-15
3.192,-1.9526578598051246e-15,-3.12717687170086e-15
3.193,-1.919513706753381e-15,-3.0870551736426976e-15
3.194,-1.886911457680408e-15,-3.0474313328516356e-15
3.195,-1.854842511322862e-15,-3.0082994575263342e-15
3.196,-1.823298399526985e-15,-2.9696537206141154e-15
3.197,-1.792270785235725e-15,-2.9314883591897773e-15
3.198,-1.7617514605056182e-15,-2.8937976738386057e-15
3.199,-1.7317323445530012e-15,-2.856576028043598e-15
3.2,-1.7022054818291366e-15,-2.8198178475769066e-15
3.201,-1.6731630401238257e-15,-2.7835176198955126e-15
3.202,-1.6445973086970996e-15,-2.7476698935411342e-15
3.203,-1.6165006964385857e-15,-2.712269277544378e-15
3.204,-1.5888657300541424e-15,-2.677310440833135e-15
3.205,-1.5616850522793734e-15,-2.642788111645231e-15
3.206,-1.5349514201196278e-15,-2.60869707694533e-15
3.207,-1.5086577031161057e-15,-2.575032181846089e-15
3.208,-1.4827968816376882e-15,-2.5417883290335785e-15
3.209,-1.45736204519812e-15,-2.508960478196949e-15
3.21,-1.4323463907981765e-15,-2.4765436454623635e-15
3.211,-1.4077432212924548e-15,-2.4445329028311766e-15
3.212,-1.3835459437804263e-15,-2.4129233776223704e-15
3.213,-1.3597480680214047e-15,-2.3817102519192352e-15
3.214,-1.336343204873078e-15,-2.3508887620202965e-15
3.215,-1.313325064753262e-15,-2.320454197894479e-15
3.216,-1.2906874561245407e-15,-2.2904019026405048e-15
3.217,-1.2684242840014585e-15,-2.2607272719505186e-15
3.218,-1.246529548479935e-15,-2.231425753577932e-15
3.219,-1.2249973432885831e-15,-2.202492846809478e-15
3.22,-1.2038218543616062e-15,-2.17392410194147e-15
3.221,-1.1829973584329668e-15,-2.1457151197602547e-15
3.222,-1.1625182216515086e-15,-2.1178615510268478e-15
3.223,-1.1423788982167348e-15,-2.090359095965743e-15
3.224,-1.1225739290349349e-15,-2.0632035037578835e-15
3.225,-1.1030979403953687e-15,-2.0363905720377857e-15
3.226,-1.0839456426662094e-15,-2.009916146394799e-15
3.227,-1.0651118290099631e-15,-1.9837761198784913e-15
3.228,-1.0465913741180753e-15,-1.9579664325081525e-15
3.229,-1.0283792329644479e-15,-1.9324830707863875e-15
3.23,-1.0104704395775884e-15,-1.9073220672168017e-15
3.231,-9.928601058311203e-16,-1.882479499825755e-15
3.232,-9.755434202523839e-16,-1.8579514916881658e-15
3.233,-9.585156468488668e-16,-1.833734210457362e-15
3.234,-9.417721239521994e-16,-1.809823867898949e-15
3.235,-9.253082630794609e-16,-1.7862167194286883e-15
3.236,-9.091195478115408e-16,-1.7629090636543657e-15
3.237,-8.932015326883077e-16,-1.739897241921632e-15
3.238,-8.775498421203371e-16,-1.7171776378638008e-15
3.239,-8.621601693169575e-16,-1.6947466769555822e-15
3.24,-8.470282752303752e-16,-1.6726008260707399e-15
3.241,-8.321499875156397e-16,-1.6507365930436456e-15
3.242,-8.175211995062214e-16,-1.6291505262347195e-15
3.243,-8.031378692049683e-16,-1.607839214099733e-15
3.244,-7.8899601829021955e-16,-1.5867992847629552e-15
3.245,-7.7509173113685e-16,-1.5660274055941259e-15
3.246,-7.614211538520288e-16,-1.545520282789232e-15
3.247,-7.479804933254753e-16,-1.5252746609550703e-15
3.248,-7.347660162939973e-16,-1.5052873226975735e-15
3.249,-7.217740484201049e-16,-1.4855550882138818e-15
3.25,-7.090009733844901e-16,-1.4660748148881359e-15
3.251,-6.964432319921686e-16,-1.4468433968909756e-15
3.252,-6.840973212920842e-16,-1.4278577647827163e-15
3.253,-6.719597937099755e-16,-1.4091148851201885e-15
3.254,-6.600272561943116e-16,-1.3906117600672145e-15
3.255,-6.482963693751014e-16,-1.3723454270087017e-15
3.256,-6.367638467353903e-16,-1.3543129581683334e-15
3.257,-6.254264537952534e-16,-1.3365114602298303e-15
3.258,-6.142810073081049e-16,-1.3189380739617656e-15
3.259,-6.033243744691372e-16,-1.3015899738459077e-15
3.26,-5.92553472135716e-16,-1.2844643677090708e-15
3.261,-5.819652660595497e-16,-1.2675584963584501e-15
3.262,-5.715567701304627e-16,-1.2508696332204186e-15
3.263,-5.613250456316003e-16,-1.2343950839827629e-15
3.264,-5.512672005058946e-16,-1.2181321862403378e-15
3.265,-5.413803886336274e-16,-1.2020783091441132e-15
3.266,-5.316618091209241e-16,-1.1862308530535932e-15
3.267,-5.22108705599017e-16,-1.170587249192583e-15
3.268,-5.127183655341204e-16,-1.155144959308282e-15
3.269,-5.034881195477573e-16,-1.1399014753336797e-15
3.27,-4.944153407473857e-16,-1.1248543190532302e-15
3.271,-4.854974440671706e-16,-1.1100010417717843e-15
3.272,-4.767318856187507e-16,-1.0953392239867534e-15
3.273,-4.681161620518534e-16,-1.0808664750634865e-15
3.274,-4.596478099246105e-16,-1.066580432913831e-15
3.275,-4.513244050834307e-16,-1.0524787636778608e-15
3.276,-4.43143562052288e-16,-1.0385591614087419e-15
3.277,-4.351029334312858e-16,-1.0248193477607196e-15
3.278,-4.272002093043585e-16,-1.011257071680197e-15
3.279,-4.194331166559749e-16,-9.978701090998862e-16
3.28,-4.117994187967103e-16,-9.846562626360087e-16
3.281,-4.042969147975547e-16,-9.716133612885191e-16
3.282,-3.9692343893282766e-16,-9.587392601443322e-16
3.283,-3.8967686013157113e-16,-9.460318400835287e-16
3.284,-3.8255508143729485e-16,-9.33489007488517e-16
3.285,-3.7555603947594955e-16,-9.211086939561275e-16
3.286,-3.686777039320051e-16,-9.088888560126172e-16
3.287,-3.619180770325137e-16,-8.968274748315611e-16
3.288,-3.5527519303903837e-16,-8.849225559546081e-16
3.289,-3.487471177473295e-16,-8.731721290150771e-16
3.29,-3.423319479946346e-16,-8.615742474643732e-16
3.291,-3.3602781117452643e-16,-8.501269883011976e-16
3.292,-3.2983286475913824e-16,-8.388284518035326e-16
3.293,-3.237452958286946e-16,-8.27676761263375e-16
3.294,-3.1776332060822966e-16,-8.166700627241991e-16
3.295,-3.1188518401138517e-16,-8.058065247211235e-16
3.296,-3.061091591911821e-16,-7.950843380237618e-16
3.297,-3.004335470976626e-16,-7.8450171538173375e-16
3.298,-2.9485667604229803e-16,-7.740568912728138e-16
3.299,-2.8937690126906366e-16,-7.637481216536973e-16
3.3,-2.8399260453207865e-16,-7.535736837133589e-16
3.301,-2.7870219367971424e-16,-7.435318756289842e-16
3.302,-2.7350410224507226e-16,-7.336210163244508e-16
3.303,-2.6839678904273964e-16,-7.2383944523133745e-16
3.304,-2.63378737771724e-16,-7.141855220524399e-16
3.305,-2.5844845662447796e-16,-7.046576265277706e-16
3.306,-2.536044779019209e-16,-6.952541582030225e-16
3.307,-2.4884535763436844e-16,-6.85973536200474e-16
3.308,-2.441696752082805e-16,-6.768141989923133e-16
3.309,-2.39576032998741e-16,-6.677746041763631e-16
3.31,-2.350630560075829e-16,-6.588532282541819e-16
3.311,-2.306293915070741e-16,-6.500485664115222e-16
3.312,-2.262737086890803e-16,-6.413591323011242e-16
3.313,-2.2199469831962266e-16,-6.327834578278249e-16
3.314,-2.177910723987492e-16,-6.243200929359598e-16
3.315,-2.1366156382564005e-16,-6.159676053990391e-16
3.316,-2.0960492606886755e-16,-6.077245806116765e-16
3.317,-2.0561993284173394e-16,-5.995896213837493e-16
3.318,-2.0170537778261006e-16,-5.915613477367715e-16
3.319,-1.9786007414019956e-16,-5.836383967024581e-16
3.32,-1.9408285446365487e-16,-5.758194221234613e-16
3.321,-1.9037257029747147e-16,-5.681030944562578e-16
3.322,-1.867280918810882e-16,-5.604881005761685e-16
3.323,-1.8314830785312354e-16,-5.529731435844896e-16
3.324,-1.7963212496017668e-16,-5.455569426177166e-16
3.325,-1.7617846777012564e-16,-5.382382326588402e-16
3.326,-1.7278627838985376e-16,-5.310157643506968e-16
3.327,-1.694545161873382e-16,-5.238883038113524e-16
3.328,-1.6618215751803418e-16,-5.168546324515013e-16
3.329,-1.629681954554903e-16,-5.099135467938612e-16
3.33,-1.5981163952613094e-16,-5.030638582945451e-16
3.331,-1.5671151544814257e-16,-4.963043931663912e-16
3.332,-1.5366686487440214e-16,-4.896339922042331e-16
3.333,-1.5067674513938623e-16,-4.830515106120894e-16
3.334,-1.4774022901000076e-16,-4.765558178322578e-16
3.335,-1.4485640444027174e-16,-4.701457973762921e-16
3.336,-1.4202437432983896e-16,-4.638203466578456e-16
3.337,-1.3924325628619464e-16,-4.575783768273626e-16
3.338,-1.3651218239061029e-16,-4.514188126086002e-16
3.339,-1.3383029896769627e-16,-4.453405921369618e-16
3.34,-1.3119676635853827e-16,-4.3934266679962594e-16
3.341,-1.2861075869735724e-16,-4.3342400107745134e-16
3.342,-1.260714636916385e-16,-4.2758357238864256e-16
3.343,-1.2357808240567807e-16,-4.21820370934157e-16
3.344,-1.2112982904749373e-16,-4.16133399544838e-16
3.345,-1.1872593075905017e-16,-4.1052167353025506e-16
3.346,-1.1636562740974751e-16,-4.049842205292362e-16
3.347,-1.1404817139312378e-16,-3.9952008036207406e-16
3.348,-1.1177282742672246e-16,-3.9412830488439003e-16
3.349,-1.0953887235507679e-16,-3.8880795784263944e-16
3.35,-1.0734559495576366e-16,-3.835581147312414e-16
3.351,-1.0519229574848006e-16,-3.783778626513175e-16
3.352,-1.0307828680709636e-16,-3.732663001710224e-16
3.353,-1.0100289157464088e-16,-3.6822253718745083e-16
3.354,-9.896544468117106e-17,-3.6324569479010504e-16
3.355,-9.696529176448744e-17,-3.583349051259066e-16
3.356,-9.500178929364679e-17,-3.5348931126573736e-16
3.357,-9.307430439523202e-17,-3.4870806707249335e-16
3.358,-9.118221468233654e-17,-3.439903370706371e-16
3.359,-8.932490808622177e-17,-3.3933529631723217e-16
3.36,-8.750178269060698e-17,-3.3474213027444545e-16
3.361,-8.571224656855112e-17,-3.3021003468350175e-16
3.362,-8.395571762188729e-17,-3.2573821544007574e-16
3.363,-8.223162342317055e-17,-3.2132588847110704e-16
3.364,-8.053940106010083e-17,-3.169722796130228e-16
3.365,-7.887849698238297e-17,-3.12676624491354e-16
3.366,-7.724836685098677e-17,-3.084381684017309e-16
3.367,-7.564847538977001e-17,-3.0425616619224295e-16
3.368,-7.407829623942858e-17,-3.001298821471494e-16
3.369,-7.253731181373792e-17,-2.9605858987192634e-16
3.37,-7.102501315805065e-17,-2.920415721796361e-16
3.371,-6.954089981001583e-17,-2.880781209786055e-16
3.372,-6.808447966248592e-17,-2.8416753716139895e-16
3.373,-6.665526882857753e-17,-2.8030913049507295e-16
3.374,-6.525279150885343e-17,-2.7650221951269853e-16
3.375,-6.38765798605928e-17,-2.727461314061379e-16
3.376,-6.252617386911784e-17,-2.690402019200628e-16
3.377,-6.120112122114529e-17,-2.653837752472007e-16
3.378,-5.990097718013148e-17,-2.617762039247963e-16
3.379,-5.862530446358049e-17,-2.5821684873227524e-16
3.38,-5.73736731222851e-17,-2.5470507859009696e-16
3.381,-5.614566042147096e-17,-2.5124027045978493e-16
3.382,-5.4940850723814436e-17,-2.478218092451205e-16
3.383,-5.375883537430565e-17,-2.4444908769448914e-16
3.384,-5.259921258692793e-17,-2.4112150630436557e-16
3.385,-5.1461587333126046e-17,-2.378384732239265e-16
3.386,-5.0345571232035385e-17,-2.3459940416077843e-16
3.387,-4.9250782442445084e-17,-2.3140372228778847e-16
3.388,-4.81768455564684e-17,-2.282508581510066e-16
3.389,-4.712339149489385e-17,-2.2514024957866717e-16
3.39,-4.6090057404191366e-17,-2.220713415912587e-16
3.391,-4.507648655514777e-17,-2.190435863126491e-16
3.392,-4.4082328243106504e-17,-2.1605644288225648e-16
3.393,-4.310723768978685e-17,-2.1310937736825312e-16
3.394,-4.2150875946658134e-17,-2.102018626817914e-16
3.395,-4.1212909799845e-17,-2.0733337849224124e-16
3.396,-4.029301167654003e-17,-2.0450341114342733e-16
3.397,-3.9390859552900383e-17,-2.0171145357085542e-16
3.398,-3.8506136863405515e-17,-1.9895700521991714e-16
3.399,-3.7638532411653396e-17,-1.9623957196506222e-16
3.4,-3.6787740282572875e-17,-1.9355866602992773e-16
3.401,-3.595345975603036e-17,-1.9091380590841365e-16
3.402,-3.513539522180909e-17,-1.8830451628669473e-16
3.403,-3.433325609593989e-17,-1.8573032796615776e-16
3.404,-3.3546756738362274e-17,-1.8319077778725454e-16
3.405,-3.277561637189539e-17,-1.8068540855426011e-16
3.406,-3.2019559002498444e-17,-1.782137689609264e-16
3.407,-3.1278313340800594e-17,-1.7577541351702133e-16
3.408,-3.05516127248806e-17,-1.7336990247574345e-16
3.409,-2.98391950442768e-17,-1.709968017620025e-16
3.41,-2.914080266520836e-17,-1.6865568290155628e-16
3.411,-2.8456182356988905e-17,-1.6634612295099404e-16
3.412,-2.7785085219614015e-17,-1.640677044285574e-16
3.413,-2.712726661250433e-17,-1.61820015245789e-16
3.414,-2.6482486084386323e-17,-1.5960264863999967e-16
3.415,-2.585050730429294e-17,-1.5741520310754554e-16
3.416,-2.5231097993666756e-17,-1.5525728233790504e-16
3.417,-2.4624029859548467e-17,-1.531284951485476e-16
3.418,-2.4029078528833726e-17,-1.5102845542058488e-16
3.419,-2.344602348358179e-17,-1.4895678203519556e-16
3.42,-2.2874647997359483e-17,-1.4691309881081527e-16
3.421,-2.231473907260437e-17,-1.4489703444108287e-16
3.422,-2.1766087378991242e-17,-1.4290822243353437e-16
3.423,-2.12284871927862e-17,-1.4094630104903653e-16
3.424,-2.0701736337173014e-17,-1.3901091324195117e-16
3.425,-2.0185636123536458e-17,-1.3710170660102236e-16
3.426,-1.9679991293687738e-17,-1.3521833329097802e-16
3.427,-1.9184609963017283e-17,-1.3336044999483787e-16
3.428,-1.8699303564560347e-17,-1.315277178569199e-16
3.429,-1.8223886793961216e-17,-1.297198024265371e-16
3.43,-1.7758177555321884e-17,-1.2793637360237664e-16
3.431,-1.7301996907921418e-17,-1.2617710557755395e-16
3.432,-1.685516901379231e-17,-1.244416767853338e-16
3.433,-1.6417521086140463e-17,-1.2272976984551063e-16
3.434,-1.5988883338595513e-17,-1.2104107151144083e-16
3.435,-1.5569088935278547e-17,-1.1937527261771934e-16
3.436,-1.515797394167432e-17,-1.177320680284933e-16
3.437,-1.475537727629541e-17,-1.1611115658640526e-16
3.438,-1.436114066312585e-17,-1.1451224106215878e-16
3.439,-1.3975108584832017e-17,-1.129350281046994e-16
3.44,-1.3597128236728691e-17,-1.1137922819200357e-16
3.441,-1.3227049481488472e-17,-1.0984455558246893e-16
3.442,-1.2864724804582818e-17,-1.0833072826689854e-16
3.443,-1.2510009270443239e-17,-1.0683746792107267e-16
3.444,-1.2162760479331297e-17,-1.0536449985890088e-16
3.445,-1.1822838524906262e-17,-1.0391155298614808e-16
3.446,-1.1490105952479443e-17,-1.0247835975472762e-16
3.447,-1.1164427717944388e-17,-1.0106465611755491e-16
3.448,-1.0845671147372285e-17,-9.967018148395523e-17
3.449,-1.053370589726211e-17,-9.829467867561896e-17
3.45,-1.0228403915435162e-17,-9.693789388309812e-17
3.451,-9.929639402563862e-18,-9.55995766228378e-17
3.452,-9.637288774324778e-18,-9.427947969473628e-17
3.453,-9.351230624166033e-18,-9.29773591402276e-17
3.454,-9.071345686679407e-18,-9.169297420088056e-17
3.455,-8.797516801567559e-18,-9.042608727750802e-17
3.456,-8.529628878196982e-18,-8.917646388978064e-17
3.457,-8.26756886072743e-18,-8.794387263633899e-17
3.458,-8.01122569380869e-18,-8.672808515539836e-17
3.459,-7.76049028883573e-18,-8.552887608584026e-17
3.46,-7.515255490753404e-18,-8.434602302878523e-17
3.461,-7.275416045401967e-18,-8.317930650964084e-17
3.462,-7.040868567394888e-18,-8.202850994061972e-17
3.463,-6.811511508520495e-18,-8.089341958372183e-17
3.464,-6.58724512665915e-18,-7.977382451417551e-17
3.465,-6.367971455207793e-18,-7.866951658433205e-17
3.466,-6.153594273003798e-18,-7.758029038800818e-17
3.467,-5.944019074740218e-18,-7.650594322527141e-17
3.468,-5.7391530418646164e-18,-7.544627506766281e-17
3.469,-5.5389050139538105e-18,-7.440108852385218e-17
3.47,-5.343185460556961e-18,-7.337018880572035e-17
3.471,-5.151906453499566e-18,-7.235338369486368e-17
3.472,-4.964981639641024e-18,-7.135048350951558e-17
3.473,-4.782326214078568e-18,-7.036130107188031e-17
3.474,-4.603856893790443e-18,-6.938565167587386e-17
3.475,-4.429491891711362e-18,-6.842335305526739e-17
3.476,-4.259150891233331e-18,-6.747422535222822e-17
3.477,-4.092755021125082e-18,-6.653809108625363e-17
3.478,-3.9302268308634395e-18,-6.561477512349287e-17
3.479,-3.771490266370044e-18,-6.470410464645273e-17
3.48,-3.616470646146982e-18,-6.3805909124082e-17
3.481,-3.4650946378049345e-18,-6.292002028223038e-17
3.482,-3.317290234977608e-18,-6.20462720744773e-17
3.483,-3.1729867346162454e-18,-6.118450065332626e-17
3.484,-3.032114714658173e-18,-6.033454434176024e-17
3.485,-2.894606012063387e-18,-5.949624360515391e-17
3.486,-2.7603937012133032e-18,-5.866944102353829e-17
3.487,-2.629412072665873e-18,-5.785398126421372e-17
3.488,-2.501596612261365e-18,-5.704971105470687e-17
3.489,-2.376883980573196e-18,-5.62564791560676e-17
3.49,-2.2552119926982885e-18,-5.5474136336501747e-17
3.491,-2.1365195983815092e-18,-5.4702535345335577e-17
3.492,-2.0207468624688397e-18,-5.39415308873081e-17
3.493,-1.9078349456840018e-18,-5.319097959718711e-17
3.494,-1.7977260857233553e-18,-5.245074001470515e-17
3.495,-1.6903635786639514e-18,-5.172067255981153e-17
3.496,-1.5856917606797233e-18,-5.100063950823646e-17
3.497,-1.4836559900608562e-18,-5.0290504967363716e-17
3.498,-1.384202629531471e-18,-4.959013485240787e-17
3.499,-1.2872790288608217e-18,-4.889939686289256e-17
3.5,-1.1928335077632887e-18,-4.821816045942609e-17
3.501,-1.1008153390825203e-18,-4.754629684077074e-17
3.502,-1.0111747322551473e-18,-4.6883678921202175e-17
3.503,-9.238628170495724e-19,-4.6230181308155534e-17
3.504,-8.388316275753985e-19,-4.5585680280154626e-17
3.505,-7.560340865591366e-19,-4.495005376502077e-17
3.506,-6.754239898819e-19,-4.432318131835794e-17
3.507,-5.969559913748567e-19,-4.3704944102310794e-17
3.508,-5.2058558786828275e-19,-4.3095224864592245e-17
3.509,-4.462691044901209e-19,-4.2493907917777364e-17
3.51,-3.739636802100141e-19,-4.190087911886024e-17
3.511,-3.03627253624849e-19,-4.131602584907064e-17
3.512,-2.3521854898190403e-19,-4.0739236993947374e-17
3.513,-1.6869706243575929e-19,-4.017040292366502e-17
3.514,-1.0402304853518662e-19,-3.960941547361108e-17
3.515,-4.11575069362969e-20,-3.9056167925210486e-17
3.516,1.993783066171955e-20,-3.8510554986994236e-17
3.517,7.930051336186561e-20,-3.797247277590942e-17
3.518,1.3696738369917248e-19,-3.74418187988675e-17
3.519,1.9297459005859067e-19,-3.691849193452795e-17
3.52,2.4735759888437542e-19,-3.640239241531436e-17
3.521,3.0015120668435024e-19,-3.589342180966022e-17
3.522,3.513895518323792e-19,-3.539148300448139e-17
3.523,4.0110612617232677e-19,-3.4896480187872645e-17
3.524,4.493337864267298e-19,-3.440831883202536e-17
3.525,4.961047654133588e-19,-3.3926905676363775e-17
3.526,5.414506830727916e-19,-3.345214871089699e-17
3.527,5.854025573100768e-19,-3.298395715978413e-17
3.528,6.279908146535117e-19,-3.2522241465109956e-17
3.529,6.692453007335166e-19,-3.206691327086842e-17
3.53,7.091952905845336e-19,-3.16178854071515e-17
3.531,7.478694987728394e-19,-3.117507187454081e-17
3.532,7.8529608935310685e-19,-3.073838782869947e-17
3.533,8.215026856565148e-19,-3.0307749565161766e-17
3.534,8.565163799131532e-19,-2.988307450431809e-17
3.535,8.903637427114299e-19,-2.946428117659283e-17
3.536,9.230708322971462e-19,-2.905128920781269e-17
3.537,9.546632037148572e-19,-2.8644019304763214e-17
3.538,9.851659177941026e-19,-2.8242393240931034e-17
3.539,1.0146035499830405e-18,-2.7846333842429624e-17
3.54,1.0430001990319881e-18,-2.7455764974106256e-17
3.541,1.070379495529324e-18,-2.707061152582786e-17
3.542,1.0967646102921731e-18,-2.6690799398943605e-17
3.543,1.1221782626142542e-18,-2.6316255492921987e-17
3.544,1.146642728373236e-18,-2.5946907692160218e-17
3.545,1.1701798479999025e-18,-2.5582684852963792e-17
3.546,1.1928110343114014e-18,-2.5223516790694085e-17
3.547,1.2145572802108052e-18,-2.4869334267081915e-17
3.548,1.2354391662551831e-18,-2.4520068977704955e-17
3.549,1.2554768680943474e-18,-2.417565353962694e-17
3.55,1.2746901637823982e-18,-2.3836021479196705e-17
3.551,1.2930984409641646e-18,-2.3501107220004965e-17
3.552,1.3107207039385983e-18,-2.3170846070996932e-17
3.553,1.3275755806011502e-18,-2.2845174214738766e-17
3.554,1.3436813292671228e-18,-2.2524028695835962e-17
3.555,1.3590558453779627e-18,-2.2207347409501727e-17
3.556,1.3737166680924223e-18,-2.1895069090273527e-17
3.557,1.387680986764495e-18,-2.1587133300875853e-17
3.558,1.4009656473099903e-18,-2.1283480421227447e-17
3.559,1.413587158463592e-18,-2.0984051637591138e-17
3.56,1.4255616979282081e-18,-2.0688788931864464e-17
3.561,1.4369051184183954e-18,-2.039763507100936e-17
3.562,1.44763295359961e-18,-2.0110533596619137e-17
3.563,1.4577604239250121e-18,-1.9827428814620996e-17
3.564,1.467302442371519e-18,-1.9548265785112407e-17
3.565,1.4762736200767766e-18,-1.927299031232963e-17
3.566,1.4846882718786965e-18,-1.9001548934746752e-17
3.567,1.4925604217591683e-18,-1.8733888915303526e-17
3.568,1.4999038081935459e-18,-1.846995823176044e-17
3.569,1.5067318894074671e-18,-1.8209705567179406e-17
3.57,1.5130578485425482e-18,-1.7953080300528414e-17
3.571,1.51889459873247e-18,-1.770003249740868e-17
3.572,1.5242547880909452e-18,-1.7450512900902645e-17
3.573,1.5291508046130314e-18,-1.720447292254136e-17
3.574,1.5335947809912393e-18,-1.696186463338969e-17
3.575,1.5375985993478472e-18,-1.6722640755247905e-17
3.576,1.5411738958848267e-18,-1.648675465196811e-17
3.577,1.544332065452749e-18,-1.6254160320884114e-17
3.578,1.5470842660400255e-18,-1.6024812384353246e-17
3.579,1.5494414231838142e-18,-1.5798666081408766e-17
3.58,1.551414234303898e-18,-1.5575677259521377e-17
3.581,1.5530131729608253e-18,-1.5355802366468525e-17
3.582,1.5542484930395779e-18,-1.5138998442310064e-17
3.583,1.5551302328600137e-18,-1.4925223111468962e-17
3.584,1.5556682192153097e-18,-1.471443457491571e-17
3.585,1.5558720713396119e-18,-1.4506591602455072e-17
3.586,1.5557512048060774e-18,-1.430165352511394e-17
3.587,1.5553148353564799e-18,-1.4099580227628916e-17
3.588,1.5545719826635222e-18,-1.390033214103246e-17
3.589,1.5535314740269901e-18,-1.3703870235336218e-17
3.59,1.552201948004856e-18,-1.3510156012310408e-17
3.591,1.550591857980428e-18,-1.3319151498357934e-17
3.592,1.5487094756666186e-18,-1.3130819237482107e-17
3.593,1.5465628945483924e-18,-1.2945122284346701e-17
3.594,1.5441600332644337e-18,-1.2762024197427206e-17
3.595,1.5415086389290569e-18,-1.2581489032252108e-17
3.596,1.5386162903953695e-18,-1.2403481334733011e-17
3.597,1.5354904014606765e-18,-1.2227966134582507e-17
3.598,1.532138224015102e-18,-1.2054908938818628e-17
3.599,1.528566851134387e-18,-1.188427572535481e-17
3.6,1.5247832201178074e-18,-1.1716032936674222e-17
3.601,1.520794115472139e-18,-1.155014747358743e-17
3.602,1.5166061718425821e-18,-1.1386586689072289e-17
3.603,1.5122258768915465e-18,-1.1225318382195014e-17
3.604,1.507659574126176e-18,-1.1066310792111407e-17
3.605,1.502913465675484e-18,-1.0909532592147171e-17
3.606,1.4979936150179547e-18,-1.0754952883956334e-17
3.607,1.4929059496604488e-18,-1.0602541191756751e-17
3.608,1.4876562637692427e-18,-1.0452267456641697e-17
3.609,1.4822502207540127e-18,-1.0304102030966583e-17
3.61,1.4766933558055655e-18,-1.0158015672809805e-17
3.611,1.4709910783881017e-18,-1.0013979540506797e-17
3.612,1.465148674686785e-18,-9.871965187256316e-18
3.613,1.4591713100113805e-18,-9.731944555798052e-18
3.614,1.4530640311567088e-18,-9.593889973160622e-18
3.615,1.4468317687206546e-18,-9.457774145479056e-18
3.616,1.4404793393804513e-18,-9.323570152880865e-18
3.617,1.434011448127958e-18,-9.191251444439806e-18
3.618,1.427432690464625e-18,-9.060791833196484e-18
3.619,1.4207475545568408e-18,-8.932165491244897e-18
3.62,1.4139604233523379e-18,-8.805346944884106e-18
3.621,1.4070755766583221e-18,-8.680311069834154e-18
3.622,1.4000971931819818e-18,-8.557033086515432e-18
3.623,1.3930293525340252e-18,-8.435488555390637e-18
3.624,1.385876037195875e-18,-8.315653372368552e-18
3.625,1.3786411344511477e-18,-8.197503764268796e-18
3.626,1.3713284382820295e-18,-8.081016284346815e-18
3.627,1.3639416512311537e-18,-7.96616780787826e-18
3.628,1.3564843862295708e-18,-7.85293552780205e-18
3.629,1.3489601683913965e-18,-7.741296950421313e-18
3.63,1.3413724367757124e-18,-7.631229891161472e-18
3.631,1.3337245461162803e-18,-7.522712470384727e-18
3.632,1.3260197685196296e-18,-7.415723109260199e-18
3.633,1.3182612951320607e-18,-7.31024052568902e-18
3.634,1.3104522377761023e-18,-7.206243730283652e-18
3.635,1.3025956305569507e-18,-7.103712022400712e-18
3.636,1.2946944314394097e-18,-7.00262498622664e-18
3.637,1.286751523795842e-18,-6.902962486915487e-18
3.638,1.2787697179256346e-18,-6.804704666778166e-18
3.639,1.270751752546671e-18,-6.7078319415224865e-18
3.64,1.2627002962592964e-18,-6.612324996543317e-18
3.641,1.2546179489832545e-18,-6.518164783262212e-18
3.642,1.2465072433680608e-18,-6.4253325155158605e-18
3.643,1.2383706461772816e-18,-6.333809665992732e-18
3.644,1.2302105596471652e-18,-6.24357796271727e-18
3.645,1.2220293228200765e-18,-6.1546193855810244e-18
3.646,1.213829212853173e-18,-6.0669161629201105e-18
3.647,1.205612446302751e-18,-5.9804507681383786e-18
3.648,1.1973811803846922e-18,-5.8952059163757114e-18
3.649,1.1891375142114208e-18,-5.811164561220844e-18
3.65,1.180883490005789e-18,-5.7283098914681325e-18
3.651,1.172621094292288e-18,-5.646625327917696e-18
3.652,1.1643522590659847e-18,-5.566094520218358e-18
3.653,1.156078862939574e-18,-5.486701343752836e-18
3.654,1.1478027322689294e-18,-5.408429896564612e-18
3.655,1.1395256422575287e-18,-5.3312644963259534e-18
3.656,1.131249318040127e-18,-5.2551896773465334e-18
3.657,1.1229754357460418e-18,-5.1801901876221206e-18
3.658,1.1147056235424041e-18,-5.106250985922812e-18
3.659,1.1064414626577367e-18,-5.0333572389203e-18
3.66,1.0981844883861969e-18,-4.9614943183536375e-18
3.661,1.0899361910728302e-18,-4.890647798233026e-18
3.662,1.0816980170801685e-18,-4.820803452081095e-18
3.663,1.0734713697365003e-18,-4.751947250211212e-18
3.664,1.0652576102661413e-18,-4.684065357042305e-18
3.665,1.057058058702016e-18,-4.617144128449743e-18
3.666,1.0488739947808724e-18,-4.5511701091517854e-18
3.667,1.04070665882143e-18,-4.4861300301311335e-18
3.668,1.032557252585768e-18,-4.422010806091128e-18
3.669,1.024426940124248e-18,-4.358799532946132e-18
3.67,1.0163168486042667e-18,-4.296483485345647e-18
3.671,1.0082280691231235e-18,-4.235050114231722e-18
3.672,1.0001616575052853e-18,-4.174487044429212e-18
3.673,9.9211863508433e-19,-4.114782072268461e-18
3.674,9.84099989469836e-19,-4.055923163239966e-18
3.675,9.761066752994898e-19,-3.9978984496806206e-18
3.676,9.681396149766765e-19,-3.9406962284911004e-18
3.677,9.60199699393809e-19,-3.884304958883998e-18
3.678,9.522877886416523e-19,-3.828713260162284e-18
3.679,9.444047127048958e-19,-3.7739099095277084e-18
3.68,9.365512721442164e-19,-3.719883839918734e-18
3.681,9.287282387650765e-19,-3.666624137877622e-18
3.682,9.20936356273495e-19,-3.6141200414462745e-18
3.683,9.131763409190248e-19,-3.562360938090461e-18
3.684,9.054488821251654e-19,-3.51133636265205e-18
3.685,8.977546431074413e-19,-3.4610359953288758e-18
3.686,8.90094261479361e-19,-3.4114496596818684e-18
3.687,8.824683498464828e-19,-3.3625673206691e-18
3.688,8.748774963887963e-19,-3.3143790827063737e-18
3.689,8.673222654316336e-19,-3.266875187754016e-18
3.69,8.598031980053165e-19,-3.220046013429517e-18
3.691,8.523208123937434e-19,-3.1738820711456826e-18
3.692,8.448756046721176e-19,-3.128374004273954e-18
3.693,8.374680492340111e-19,-3.0835125863325633e-18
3.694,8.300985993079612e-19,-3.039288719199195e-18
3.695,8.227676874637864e-19,-2.99569343134783e-18
3.696,8.154757261088113e-19,-2.952717876109446e-18
3.697,8.082231079741823e-19,-2.9103533299562616e-18
3.698,8.010102065914559e-19,-2.868591190809211e-18
3.699,7.938373767596363e-19,-2.8274229763683346e-18
3.7,7.867049550028377e-19,-2.7868403224657905e-18
3.701,7.796132600187404e-19,-2.746834981441178e-18
3.702,7.725625931180122e-19,-2.7073988205388773e-18
3.703,7.655532386548583e-19,-2.6685238203271158e-18
3.704,7.585854644488628e-19,-2.63020207313847e-18
3.705,7.516595221982826e-19,-2.5924257815315126e-18
3.706,7.447756478849499e-19,-2.5551872567733355e-18
3.707,7.379340621709372e-19,-2.518478917342653e-18
3.708,7.311349707871377e-19,-2.4822932874532265e-18
3.709,7.243785649139098e-19,-2.4466229955973323e-18
3.71,7.1766502155393075e-19,-2.4114607731090036e-18
3.711,7.109945038974059e-19,-2.3767994527467882e-18
3.712,7.043671616797725e-19,-2.3426319672957577e-18
3.713,6.977831315320383e-19,-2.3089513481885105e-18
3.714,6.912425373238917e-19,-2.2757507241449186e-18
3.715,6.847454904997163e-19,-2.2430233198303654e-18
3.716,6.782920904076434e-19,-2.2107624545322253e-18
3.717,6.718824246217703e-19,-2.178961540854347e-18
3.718,6.655165692576729e-19,-2.1476140834292928e-18
3.719,6.59194589281337e-19,-2.1167136776481036e-18
3.72,6.529165388116307e-19,-2.086254008407347e-18
3.721,6.466824614164407e-19,-2.056228848873228e-18
3.722,6.404923904025877e-19,-2.0266320592625194e-18
3.723,6.343463490996405e-19,-1.997457585640103e-18
3.724,6.282443511377416e-19,-1.9686994587328853e-18
3.725,6.221864007195573e-19,-1.940351792759877e-18
3.726,6.161724928864627e-19,-1.9124087842782145e-18
3.727,6.102026137790693e-19,-1.884864711044914e-18
3.728,6.042767408922042e-19,-1.8577139308941444e-18
3.729,5.983948433244428e-19,-1.830950880629811e-18
3.73,5.925568820222987e-19,-1.804570074933245e-18
3.731,5.867628100191743e-19,-1.7785661052857987e-18
3.732,5.810125726691677e-19,-1.7529336389061403e-18
3.733,5.753061078758356e-19,-1.7276674177020575e-18
3.734,5.696433463160081e-19,-1.7027622572365703e-18
3.735,5.640242116587483e-19,-1.678213045708164e-18
3.736,5.584486207795511e-19,-1.6540147429449496e-18
3.737,5.5291648396986935e-19,-1.6301623794125675e-18
3.738,5.474277051420588e-19,-1.6066510552356472e-18
3.739,5.419821820298293e-19,-1.5834759392326424e-18
3.74,5.365798063842864e-19,-1.5606322679638607e-18
3.741,5.312204641656507e-19,-1.5381153447925098e-18
3.742,5.25904035730735e-19,-1.5159205389585878e-18
3.743,5.20630396016264e-19,-1.4940432846654403e-18
3.744,5.153994147181136e-19,-1.4724790801788183e-18
3.745,5.102109564665507e-19,-1.4512234869382639e-18
3.746,5.050648809975494e-19,-1.430272128680663e-18
3.747,4.999610433202606e-19,-1.4096206905757953e-18
3.748,4.948992938807086e-19,-1.3892649183737254e-18
3.749,4.898794787217879e-19,-1.3692006175638702e-18
3.75,4.849014396396335e-19,-1.3494236525455899e-18
3.751,4.799650143364333e-19,-1.3299299458101432e-18
3.752,4.750700365697531e-19,-1.3107154771338562e-18
3.753,4.70216336298442e-19,-1.291776282782351e-18
3.754,4.654037398251861e-19,-1.2731084547256879e-18
3.755,4.606320699357729e-19,-1.254708139864271e-18
3.756,4.559011460351357e-19,-1.2365715392653727e-18
3.757,4.512107842802373e-19,-1.218694907410135e-18
3.758,4.465607977098566e-19,-1.2010745514509038e-18
3.759,4.419509963713396e-19,-1.1837068304787572e-18
3.76,4.3738118744437415e-19,-1.1665881548010922e-18
3.761,4.3285117536184787e-19,-1.1497149852291293e-18
3.762,4.283607619278453e-19,-1.1330838323752063e-18
3.763,4.239097464328438e-19,-1.1166912559597234e-18
3.764,4.194979257661617e-19,-1.1005338641276128e-18
3.765,4.1512509452571416e-19,-1.0846083127742028e-18
3.766,4.107910451251303e-19,-1.0689113048803485e-18
3.767,4.064955678982849e-19,-1.0534395898567043e-18
3.768,4.022384512012954e-19,-1.0381899628970138e-18
3.769,3.980194815120358e-19,-1.0231592643402956e-18
3.77,3.938384435272172e-19,-1.0083443790418045e-18
3.771,3.896951202570836e-19,-9.93742235752648e-19
3.772,3.8558929311777154e-19,-9.793498065079407e-19
3.773,3.815207420213806e-19,-9.651641060233844e-19
3.774,3.774892454638007e-19,-9.511821911001527e-19
3.775,3.7349458061034225e-19,-9.374011600379748e-19
3.776,3.6953652337921347e-19,-9.238181520563023e-19
3.777,3.6561484852288906e-19,-9.104303467234505e-19
3.778,3.617293297074124e-19,-8.972349633936074e-19
3.779,3.5787973958967453e-19,-8.842292606516008e-19
3.78,3.5406584989271087e-19,-8.71410535765321e-19
3.781,3.5028743147905597e-19,-8.587761241456925e-19
3.782,3.4654425442219714e-19,-8.463233988140948e-19
3.783,3.4283608807616524e-19,-8.340497698771272e-19
3.784,3.3916270114330165e-19,-8.219526840086222e-19
3.785,3.355238617402388e-19,-8.100296239388058e-19
3.786,3.319193374621317e-19,-7.982781079505077e-19
3.787,3.283488954451765e-19,-7.866956893823274e-19
3.788,3.2481230242745173e-19,-7.752799561386598e-19
3.789,3.213093248081176e-19,-7.640285302064864e-19
3.79,3.178397287050072e-19,-7.529390671788426e-19
3.791,3.144032800106438e-19,-7.420092557848671e-19
3.792,3.1099974444671693e-19,-7.312368174263457e-19
3.793,3.076288876170501e-19,-7.206195057206604e-19
3.794,3.042904750590915e-19,-7.101551060500563e-19
3.795,3.0098427229395934e-19,-6.998414351171404e-19
3.796,2.977100448750728e-19,-6.896763405065277e-19
3.797,2.9446755843539736e-19,-6.796577002525495e-19
3.798,2.9125657873333577e-19,-6.697834224129429e-19
3.799,2.880768716972923e-19,-6.60051444648438e-19
3.8,2.849282034689396e-19,-6.504597338081647e-19
3.801,2.818103404452149e-19,-6.410062855207968e-19
3.802,2.787230493190743e-19,-6.316891237913573e-19
3.803,2.7566609711903108e-19,-6.22506300603607e-19
3.804,2.7263925124750446e-19,-6.134558955279389e-19
3.805,2.6964227951800457e-19,-6.0453601533470555e-19
3.806,2.6667495019117965e-19,-5.957447936129026e-19
3.807,2.6373703200974934e-19,-5.870803903941371e-19
3.808,2.6082829423234873e-19,-5.785409917818073e-19
3.809,2.57948506666308e-19,-5.701248095854231e-19
3.81,2.550974396993893e-19,-5.618300809599969e-19
3.811,2.5227486433050564e-19,-5.536550680504356e-19
3.812,2.4948055219944325e-19,-5.455980576408642e-19
3.813,2.4671427561560972e-19,-5.376573608088148e-19
3.814,2.439758075858303e-19,-5.2983131258421455e-19
3.815,2.4126492184121243e-19,-5.221182716131052e-19
3.816,2.3858139286310016e-19,-5.145166198260308e-19
3.817,2.359249959081394e-19,-5.070247621110296e-19
3.818,2.332955070324724e-19,-4.996411259911662e-19
3.819,2.30692703115083e-19,-4.923641613065427e-19
3.82,2.281163618803106e-19,-4.851923399007265e-19
3.821,2.2556626191955273e-19,-4.78124155311535e-19
3.822,2.230421827121736e-19,-4.71158122466117e-19
3.823,2.2054390464563843e-19,-4.642927773802724e-19
3.824,2.1807120903488965e-19,-4.575266768619504e-19
3.825,2.156238781409836e-19,-4.50858398218872e-19
3.826,2.132016951890047e-19,-4.442865389702161e-19
3.827,2.1080444438527348e-19,-4.378097165623176e-19
3.828,2.0843191093386515e-19,-4.3142656808831897e-19
3.829,2.0608388105245509e-19,-4.2513575001172317e-19
3.83,2.037601419875067e-19,-4.189359378937932e-19
3.831,2.0146048202881741e-19,-4.1282582612474607e-19
3.832,1.9918469052343774e-19,-4.0680412765868864e-19
3.833,1.9693255788897878e-19,-4.0086957375224387e-19
3.834,1.9470387562632224e-19,-3.950209137068173e-19
3.835,1.9249843633174749e-19,-3.8925691461445287e-19
3.836,1.9031603370848998e-19,-3.8357636110722943e-19
3.837,1.8815646257774426e-19,-3.7797805511014893e-19
3.838,1.860195188891253e-19,-3.7246081559746794e-19
3.839,1.8390499973060153e-19,-3.670234783524259e-19
3.84,1.8181270333791204e-19,-3.616648957303225e-19
3.841,1.7974242910348124e-19,-3.5638393642489865e-19
3.842,1.7769397758484276e-19,-3.5117948523797515e-19
3.843,1.7566715051258523e-19,-3.460504428523046e-19
3.844,1.7366175079783167e-19,-3.4099572560759195e-19
3.845,1.716775825392642e-19,-3.3601426527964015e-19
3.846,1.6971445102970546e-19,-3.3110500886257785e-19
3.847,1.6777216276226804e-19,-3.262669183541265e-19
3.848,1.658505254360829e-19,-3.2149897054386527e-19
3.849,1.639493479616174e-19,-3.1680015680445226e-19
3.85,1.6206844046559372e-19,-3.1216948288576096e-19
3.851,1.6020761429551758e-19,-3.076059687118923e-19
3.852,1.5836668202382803e-19,-3.031086481810222e-19
3.853,1.5654545745167746e-19,-2.9867656896804546e-19
3.854,1.5474375561235195e-19,-2.9430879232997795e-19
3.855,1.5296139277434155e-19,-2.9000439291407795e-19
3.856,1.5119818644406943e-19,-2.857624585686503e-19
3.857,1.4945395536828928e-19,-2.815820901564956e-19
3.858,1.477285195361597e-19,-2.774624013709679e-19
3.859,1.4602170018100447e-19,-2.7340251855460496e-19
3.86,1.443333197817673e-19,-2.694015805202961e-19
3.861,1.4266320206416878e-19,-2.654587383749512e-19
3.862,1.410111720015749e-19,-2.6157315534563783e-19
3.863,1.3937705581558407e-19,-2.5774400660815123e-19
3.864,1.3776068097634089e-19,-2.5397047911798403e-19
3.865,1.3616187620258462e-19,-2.502517714436624e-19
3.866,1.3458047146143939e-19,-2.46587093602416e-19
3.867,1.3301629796795383e-19,-2.42975666898149e-19
3.868,1.3146918818439722e-19,-2.3941672376168093e-19
3.869,1.299389758193191e-19,-2.3590950759322563e-19
3.87,1.2842549582637954e-19,-2.324532726070771e-19
3.871,1.269285844029565e-19,-2.290472836784721e-19
3.872,1.2544807898853698e-19,-2.2569081619259924e-19
3.873,1.239838182628985e-19,-2.2238315589572433e-19
3.874,1.225356421440872e-19,-2.191235987484036e-19
3.875,1.2110339178619864e-19,-2.1591145078075486e-19
3.876,1.196869095769675e-19,-2.127460279497591e-19
3.877,1.1828603913517198e-19,-2.0962665599856307e-19
3.878,1.169006253078587e-19,-2.065526703177565e-19
3.879,1.155305141673939e-19,-2.0352341580859562e-19
3.88,1.1417555300834622e-19,-2.005382467481462e-19
3.881,1.1283559034420667e-19,-1.9759652665631982e-19
3.882,1.1151047590395105e-19,-1.9469762816477655e-19
3.883,1.1020006062844998e-19,-1.9184093288766855e-19
3.884,1.0890419666673152e-19,-1.8902583129419895e-19
3.885,1.076227373721014e-19,-1.8625172258297044e-19
3.886,1.0635553729812581e-19,-1.8351801455809954e-19
3.887,1.0510245219448119e-19,-1.8082412350707094e-19
3.888,1.0386333900267592e-19,-1.781694740803088e-19
3.889,1.0263805585164831e-19,-1.755534991724402e-19
3.89,1.0142646205324516e-19,-1.729756398052281e-19
3.891,1.0022841809758562e-19,-1.704353450121499e-19
3.892,9.904378564831394e-20,-1.6793207172459898e-19
3.893,9.787242753774594e-20,-1.6546528465968696e-19
3.894,9.671420776191256e-20,-1.6303445620962383e-19
3.895,9.556899147550491e-20,-1.6063906633265445e-19
3.896,9.443664498672433e-20,-1.582786024455295e-19
3.897,9.331703575204148e-20,-1.5595255931748987e-19
3.898,9.221003237086787e-20,-1.5366043896574298e-19
3.899,9.111550458014361e-20,-1.514017505524105e-19
3.9,9.003332324884468e-20,-1.4917601028292717e-19
3.901,8.896336037241333e-20,-1.4698274130587006e-19
3.902,8.790548906711485e-20,-1.4482147361419875e-19
3.903,8.685958356432379e-20,-1.4269174394788656e-19
3.904,8.582551920474315e-20,-1.4059309569792353e-19
3.905,8.480317243255938e-20,-1.3852507881167206e-19
3.906,8.37924207895362e-20,-1.3648724969955622e-19
3.907,8.279314290905034e-20,-1.344791711430663e-19
3.908,8.180521851007204e-20,-1.325004122040602e-19
3.909,8.082852839109294e-20,-1.3055054813534353e-19
3.91,7.986295442400437e-20,-1.286291602925106e-19
3.911,7.890837954792849e-20,-1.2673583604702895e-19
3.912,7.796468776300496e-20,-1.2487016870054945e-19
3.913,7.703176412413577e-20,-1.2303175740042572e-19
3.914,7.61094947346905e-20,-1.2122020705642517e-19
3.915,7.519776674017467e-20,-1.194351282586158e-19
3.916,7.429646832186325e-20,-1.1767613719641142e-19
3.917,7.340548869040196e-20,-1.1594285557876024e-19
3.918,7.252471807937826e-20,-1.1423491055545976e-19
3.919,7.165404773886445e-20,-1.1255193463958304e-19
3.92,7.079336992893488e-20,-1.1089356563100028e-19
3.921,6.994257791315937e-20,-1.0925944654098089e-19
3.922,6.91015659520749e-20,-1.0764922551786052e-19
3.923,6.827022929663734e-20,-1.0606255577375833e-19
3.924,6.744846418165551e-20,-1.0449909551232992e-19
3.925,6.663616781920892e-20,-1.0295850785754126e-19
3.926,6.583323839205153e-20,-1.0144046078344954e-19
3.927,6.503957504700279e-20,-9.994462704497653e-20
3.928,6.425507788832812e-20,-9.847068410966103e-20
3.929,6.347964797111011e-20,-9.701831409037623e-20
3.93,6.271318729461242e-20,-9.558720367899887e-20
3.931,6.195559879563765e-20,-9.417704408101659e-20
3.932,6.120678634188085e-20,-9.278753095106051e-20
3.933,6.046665472528025e-20,-9.141836432934998e-20
3.934,5.973510965536647e-20,-9.006924857903688e-20
3.935,5.901205775261173e-20,-8.873989232443664e-20
3.936,5.829740654178044e-20,-8.743000839013373e-20
3.937,5.759106444528249e-20,-8.613931374094938e-20
3.938,5.689294077653038e-20,-8.486752942275926e-20
3.939,5.620294573330176e-20,-8.361438050414943e-20
3.94,5.55209903911083e-20,-8.237959601889875e-20
3.941,5.484698669657218e-20,-8.1162908909276e-20
3.942,5.4180847460811375e-20,-7.996405597014045e-20
3.943,5.3522486352834896e-20,-7.878277779383468e-20
3.944,5.287181789294883e-20,-7.761881871585833e-20
3.945,5.2228757446174494e-20,-7.647192676131191e-20
3.946,5.1593221215679645e-20,-7.534185359209992e-20
3.947,5.096512623622356e-20,-7.422835445488262e-20
3.948,5.0344390367617186e-20,-7.31311881297658e-20
3.949,4.9730932288199117e-20,-7.20501168797184e-20
3.95,4.912467148832833e-20,-7.098490640070759e-20
3.951,4.852552826389457e-20,-6.993532577254133e-20
3.952,4.793342370984717e-20,-6.890114741040838e-20
3.953,4.7348279713743194e-20,-6.788214701710615e-20
3.954,4.677001894931556e-20,-6.687810353594645e-20
3.955,4.619856487006203e-20,-6.588879910432988e-20
3.956,4.5633841702855716e-20,-6.49140190079793e-20
3.957,4.50757744415778e-20,-6.395355163582313e-20
3.958,4.4524288840773194e-20,-6.300718843551947e-20
3.959,4.3979311409329796e-20,-6.207472386961184e-20
3.96,4.344076940418189e-20,-6.115595537230777e-20
3.961,4.29085908240384e-20,-6.025068330687154e-20
3.962,4.238270440313656e-20,-5.935871092362226e-20
3.963,4.186303960502147e-20,-5.847984431852892e-20
3.964,4.1349526616352275e-20,-5.761389239239391e-20
3.965,4.084209634073526e-20,-5.676066681061683e-20
3.966,4.0340680392584527e-20,-5.59199819635303e-20
3.967,3.9845211091010714e-20,-5.509165492729986e-20
3.968,3.935562145373813e-20,-5.427550542537983e-20
3.969,3.887184519105084e-20,-5.3471355790517545e-20
3.97,3.83938166997681e-20,-5.267903092729796e-20
3.971,3.7921471057249524e-20,-5.189835827522127e-20
3.972,3.7454744015430395e-20,-5.112916777230585e-20
3.973,3.699357199488751e-20,-5.0371291819209244e-20
3.974,3.653789207893587e-20,-4.962456524385977e-20
3.975,3.6087642007756556e-20,-4.888882526659168e-20
3.976,3.56427601725562e-20,-4.816391146577667e-20
3.977,3.520318560975822e-20,-4.744966574394481e-20
3.978,3.476885799522625e-20,-4.674593229438791e-20
3.979,3.433971763851989e-20,-4.6052557568238656e-20
3.98,3.3915705477183207e-20,-4.536939024201865e-20
3.981,3.3496763071066106e-20,-4.46962811856488e-20
3.982,3.308283259667887e-20,-4.403308343091562e-20
3.983,3.2673856841580044e-20,-4.337965214038683e-20
3.984,3.226977919879794e-20,-4.2735844576770086e-20
3.985,3.1870543661285864e-20,-4.210152007270846e-20
3.986,3.147609481641135e-20,-4.14765400010066e-20
3.987,3.1086377840479486e-20,-4.0860767745281386e-20
3.988,3.070133849329053e-20,-4.0254068671031195e-20
3.989,3.032092311273198e-20,-3.965631009711776e-20
3.99,2.9945078609405184e-20,-3.9067361267654854e-20
3.991,2.957375246128665e-20,-3.848709332429808e-20
3.992,2.9206892708424184e-20,-3.791537927892999e-20
3.993,2.88444479476679e-20,-3.7352093986735045e-20
3.994,2.848636732743626e-20,-3.6797114119658866e-20
3.995,2.81326005425172e-20,-3.625031814024635e-20
3.996,2.778309782890442e-20,-3.571158627585328e-20
3.997,2.743780995866886e-20,-3.518080049322617e-20
3.998,2.7096688234865534e-20,-3.4657844473445093e-20
3.999,2.675968448647561e-20,-3.414260358722445e-20
4.0,2.6426751063383912e-20,-3.363496487056646e-20
