0.00000000, 1.61835675506447828138757839098222780955e+00, -1.88327921977846498811599596108507192374e-01, 1.80000000000000000000000000000000000000e+01, 0.00000000000000000000000000000000000000e+00, 3.28183649845857538683804147775375316263e+00, 2.91047128558931874371509620496937352151e-01, 2.7258926852023094e-02, 9.8953326277066993e-03
0.00100000, 1.61793808589355636220276233170764242785e+00, -1.88329948994027806477245412998863022742e-01, 1.80009705306810654904252701694979037717e+01, -1.12943176874665275502381410888581184892e-04, 3.28214183803474142849796100800698709783e+00, 2.91001702995651100172139844509502436480e-01, 2.7232160298265873e-02, 9.8413099505962645e-03
0.00200000, 1.61751984782577554297216432742175500431e+00, -1.88331947851432847948226814465471899330e-01, 1.80019400956135338961286836277726100078e+01, -2.25779218435369777070706906136003550422e-04, 3.28244677245049496028774308918632031221e+00, 2.90956255910237416555607793371958161639e-01, 2.7205360385942154e-02, 9.7874794760793698e-03
0.00300000, 1.61710204009826696738088078981949749600e+00, -1.88333918616052640394414815147039075070e-01, 1.80029086962876596438474530002062399967e+01, -3.38508150713310640848141862490693341183e-04, 3.28275130274086747454340407595298274383e+00, 2.90910787475426435508401741679900687625e-01, 2.7178527649759225e-02, 9.7338405841842452e-03
0.00400000, 1.61668466195023132623240541471870564091e+00, -1.88335861353643977592504019355569720680e-01, 1.80038763341900144812228397056209939796e+01, -4.51129999827146668260409381520089396121e-04, 3.28305542993691579731669609489489030869e+00, 2.90865297863695787198905353272802891840e-01, 2.7151662620530386e-02, 9.6803926565175814e-03
0.00500000, 1.61626771262293135936802088951539087109e+00, -1.88337776129730384936983656679566249263e-01, 1.80048430108034999752264205566993621350e+01, -5.63644791982311580183809406021501628636e-04, 3.28335915506574065206119303190375538513e+00, 2.90819787247263137527868638468820312085e-01, 2.7124765825200348e-02, 9.6271350762655340e-03
0.00600000, 1.61585119135968439185583122848308491269e+00, -1.88339663009603069565350839967405858595e-01, 1.80058087276073599559715812182968289663e+01, -6.76052553470331505425524878331325403374e-04, 3.28366247915050511921942760292753965441e+00, 2.90774255798084241520917719151607093650e-01, 2.7097837786870472e-02, 9.5740672281946549e-03
0.00700000, 1.61543509740585490426010522231758620114e+00, -1.88341522058321865626756344635313359151e-01, 1.80067734860771929062016356135742067362e+01, -7.88353310668146675526499625140588565757e-04, 3.28396540321045299235527018090052483424e+00, 2.90728703687851032095526330800151156602e-01, 2.7070879024823848e-02, 9.5211884986527515e-03
0.00800000, 1.61501943000884713680282852152414867933e+00, -1.88343353340716174723070796345080652533e-01, 1.80077372876849642967441312193924611485e+01, -9.00547090037437298102790863348209538307e-04, 3.28426792826092703147184380677680736172e+00, 2.90683131087989743740606007273520900483e-01, 2.7043890054550205e-02, 9.4684982755696752e-03
0.00900000, 1.61460418841809772723057977198234479493e+00, -1.88345156921385901551158335972685366825e-01, 1.80087001338990188682190744411950008776e+01, -1.01263391812395358114523698046253828424e-03, 3.28457005531338711415138983244292150955e+00, 2.90637538169659070652535532327448728364e-01, 2.7016871387770677e-02, 9.4159959484580393e-03
0.01000000, 1.61418937188506838220105506209994626831e+00, -1.88346932864702384774945592375778042364e-01, 1.80096620261840928592869977930024872158e+01, -1.12461382155684988089955377220480227507e-03, 3.28487178537542828514963505779742294476e+00, 2.90591925103748358877044374442966853506e-01, 2.6989823532462404e-02, 9.3636809084138687e-03
0.01100000, 1.61377497966323858200476480045688460614e+00, -1.88348681234809323155676120838746525579e-01, 1.80106229660013261817209913205364619466e+01, -1.23648682704802294614959468875563590111e-03, 3.28517311945079870507336415731277609216e+00, 2.90546292060875832011890310899985683524e-01, 2.6962746992882975e-02, 9.3115525481171809e-03
0.01200000, 1.61336101100809831843861809610705045384e+00, -1.88350402095623696968544344437913483340e-01, 1.80115829548082745425850344862548309420e+01, -1.34825296139145423192549776902157763960e-03, 3.28547405853941749876607076085528786530e+00, 2.90500639211386850030729144880259737755e-01, 2.6935642269594721e-02, 9.2596102618324992e-03
0.01300000, 1.61294746517714086564929183540778109209e+00, -1.88352095510836684733708453270183309062e-01, 1.80125419940589215137991914766096683945e+01, -1.45991225146255625585580860053982244935e-03, 3.28577460363739250402274687155795848399e+00, 2.90454966725352200793965167042782256738e-01, 2.6908509859488847e-02, 9.2078534454093009e-03
0.01400000, 1.61253434142985558376545501334509870435e+00, -1.88353761543914575289488659003110335877e-01, 1.80135000852036905493704724875017682906e+01, -1.57146472421752297057842945560972603245e-03, 3.28607475573703792125107347659413511400e+00, 2.90409274772566423817695641466363626186e-01, 2.6881350255809422e-02, 9.1562814962823990e-03
0.01500000, 1.61212163902772075513908355708733539780e+00, -1.88355400258099675235365656141644854085e-01, 1.80144572296894569505664158880632871749e+01, -1.68291040669268412581941420121989225489e-03, 3.28637451582689186469249533574926104163e+00, 2.90363563522546165877121925881166854855e-01, 2.6854163948177201e-02, 9.1048938134722597e-03
0.01600000, 1.61170935723419645301725694751756841722e+00, -1.88357011716411211772204093505803098806e-01, 1.80154134289595597793067111508767239100e+01, -1.79424932600386359394122099704354972872e-03, 3.28667388489173381581290011331880309229e+00, 2.90317833144528568025994678408734521849e-01, 2.6826951422613308e-02, 9.0536897975852565e-03
0.01700000, 1.61129749531471744246697547267679193851e+00, -1.88358595981646230966937296542228212316e-01, 1.80163686844538137200464599648231462278e+01, -1.90548150934574163295306437590320578989e-03, 3.28697286391260197946887634141239379562e+00, 2.90272083807469683618791758323325658211e-01, 2.6799713161562764e-02, 9.0026688508138611e-03
0.01800000, 1.61088605253668611337667600663607008444e+00, -1.88360153116380491468762390246660854525e-01, 1.80173229976085208904229629121837807560e+01, -2.01660698399122106116548909788364271071e-03, 3.28727145386681054345179625244143719773e+00, 2.90226315680042926927395687505342934408e-01, 2.6772449643917862e-02, 8.9518303769367726e-03
0.01900000, 1.61047502816946544535925486888562061717e+00, -1.88361683182969353703709340775533517297e-01, 1.80182763698564826009362213925769761679e+01, -2.12762577729079731785923409696910566753e-03, 3.28756965572796684200825837564510648613e+00, 2.90180528930637551949043683407780770239e-01, 2.6745161345041399e-02, 8.9011737813189860e-03
0.02000000, 1.61006442148437200438252865280470864876e+00, -1.88363186243548664574263248519923244042e-01, 1.80192288026270110639316590119091020012e+01, -2.23853791667193238452487967450964269368e-03, 3.28786747046598842393173103233825748751e+00, 2.90134723727357161007268074997756516720e-01, 2.6717848736789760e-02, 8.8506984709117996e-03
0.02100000, 1.60965423175466897095417798643221009208e+00, -1.88364662360035637690536473874164630077e-01, 1.80201802973459410521518933247875364702e+01, -2.34934342963843254141468847782488905090e-03, 3.28816489904712002581656155777149510412e+00, 2.90088900238018242752429132249249661297e-01, 2.6690512287535846e-02, 8.8004038542527642e-03
0.02200000, 1.60924445825555919968932507322519211114e+00, -1.88366111594129729159305846646986113382e-01, 1.80211308554356415071227275247339851550e+01, -2.46004234376982993433147424116750705152e-03, 3.28846194243395045106185729008135300330e+00, 2.90043058630148739173266729926098535015e-01, 2.6663152462191869e-02, 8.7502893414655724e-03
0.02300000, 1.60883510026417831008999362276751039284e+00, -1.88367534007313508957050288648462924266e-01, 1.80220804783150270976368823198982817207e+01, -2.57063468672076792676127513337286210789e-03, 3.28875860158542935520910316027229140078e+00, 2.89997199070986641235662570885775143091e-01, 2.6635769722231994e-02, 8.7003543442598917e-03
0.02400000, 1.60842615705958780836678948883859623274e+00, -1.88368929660853527912945654174399430503e-01, 1.80230291673995697285973507155526208046e+01, -2.68112048622039021263708409347178694780e-03, 3.28905487745688393819375714861307072802e+00, 2.89951321727478612769511647046642240044e-01, 2.6608364525714835e-02, 8.6505982759311392e-03
0.02500000, 1.60801762792276824013422205161777741988e+00, -1.88370298615801180327596452752357818071e-01, 1.80239769241013100004806326520756607177e+01, -2.79149977007173366519990985378584915129e-03, 3.28935077100003554408745899506672350186e+00, 2.89905426766278642229250942506620357996e-01, 2.6580937327305817e-02, 8.6010205513602012e-03
0.02600000, 1.60760951213661237381216017820859679485e+00, -1.88371640932993562253108350578957124167e-01, 1.80249237498288686196784923229237215014e+01, -2.90177256615112489760102243219555838152e-03, 3.28964628316301616890389941305131137030e+00, 2.89859514353746721958185799118584298994e-01, 2.6553488578299386e-02, 8.5516205870130970e-03
0.02700000, 1.60720180898591841456698253663736747415e+00, -1.88372956673054325459930939650677473416e-01, 1.80258696459874577599752784266089986739e+01, -3.01193890240758051106538857657989335404e-03, 3.28994141489038487703782670152703882591e+00, 2.89813584655947554591290577288895654994e-01, 2.6526018726641082e-02, 8.5023978009405881e-03
0.02800000, 1.60679451775738324862704018792330709959e+00, -1.88374245896394527115727204869277611633e-01, 1.80268146139788923754162564961981945240e+01, -3.12199880686221100661103869401757438860e-03, 3.29023616712314412690311512074141860003e+00, 2.89767637838649286235640952278747885076e-01, 2.6498528216949470e-02, 8.4533516127777342e-03
0.02900000, 1.60638763773959571780809980304880708977e+00, -1.88375508663213475201354397700574930198e-01, 1.80277586552016014648208227063957649382e+01, -3.23195230760762833649243979965306299344e-03, 3.29053054079875600633228472869590065058e+00, 2.89721674067322266072061078602429934666e-01, 2.6471017490537934e-02, 8.4044814437433954e-03
0.03000000, 1.60598116822302992408547861040068174435e+00, -1.88376745033499569688870628706501326117e-01, 1.80287017710506392881929000898127358902e+01, -3.34179943280735707170789145622377964482e-03, 3.29082453685115837829634560152322427053e+00, 2.89675693507137832025940613424167276487e-01, 2.6443486985436329e-02, 8.3557867166396822e-03
0.03100000, 1.60557510850003856405061733764376072779e+00, -1.88377955067031139506312408990857114375e-01, 1.80296439629176965352792608093070860146e+01, -3.45154021069524916208152590412327723268e-03, 3.29111815621078093750034051082195460360e+00, 2.89629696322967122159494886892299390522e-01, 2.6415937136412493e-02, 8.3072668558513549e-03
0.03200000, 1.60516945786484629309086503258422092224e+00, -1.88379138823377275313820590944757236490e-01, 1.80305852321911114465249719419026828209e+01, -3.56117466957490226559969184178920015942e-03, 3.29141139980456117840647923035503145758e+00, 2.89583682679379911442007007497534295258e-01, 2.6388368374993631e-02, 8.2589212873451711e-03
0.03300000, 1.60476421561354311913226979236488735003e+00, -1.88380296361898658115525670402858118835e-01, 1.80315255802558808866736270421554465176e+01, -3.67070283781908162384934572594210267851e-03, 3.29170426855596027523329471568292879982e+00, 2.89537652740643473558804049926561345214e-01, 2.6360781129487550e-02, 8.2107494386691836e-03
0.03400000, 1.60435938104407782578618216072346775140e+00, -1.88381427741748383731438204288126114311e-01, 1.80324650084936713712585014801514649855e+01, -3.78012474386914546057257702135903144735e-03, 3.29199676338497887447580646218968713959e+00, 2.89491606670721467423881339471843774375e-01, 2.6333175825003770e-02, 8.1627507389519893e-03
0.03500000, 1.60395495345625142474148332988997856087e+00, -1.88382533021872783153426158999683419049e-01, 1.80334035182828300462292561036067123820e+01, -3.88944041623447388051656642411095668786e-03, 3.29228888520817280048824941520222125582e+00, 2.89445544633272848065199860761567442468e-01, 2.6305552883474493e-02, 8.1149246189019287e-03
0.03600000, 1.60355093215171063724524836729736693022e+00, -1.88383612261012238809198324259019102497e-01, 1.80343411109983956209573110675992119398e+01, -3.99864988349190124592213047850637859830e-03, 3.29258063493866867466751789292850324055e+00, 2.89399466791650801555742611335689056047e-01, 2.6277912723675440e-02, 8.0672705108062379e-03
0.03700000, 1.60314731643394140451564553737428641521e+00, -1.88384665517701996758051494052702085738e-01, 1.80352777880121092548615196228942764357e+01, -4.10775317428515200815655385988966216573e-03, 3.29287201348617944877208309806105771365e+00, 2.89353373308901703667426916491994089111e-01, 2.6250255761246558e-02, 8.0197878485301540e-03
0.03800000, 1.60274410560826242693185646448030860520e+00, -1.88385692850272974841978919975954816046e-01, 1.80362135506924253978942901689913576909e+01, -4.21675031732427997215766344322704472680e-03, 3.29316302175701985290776994338940685729e+00, 2.89307264347764101928931937163636919164e-01, 2.6222582408712593e-02, 7.9724760675159726e-03
0.03900000, 1.60234129898181873184677844319062350179e+00, -1.88386694316852566815578572074391694720e-01, 1.80371484004045225851268338760659676412e+01, -4.32564134138511097151606754932328555721e-03, 3.29345366065412175870842410396985056782e+00, 2.89261140070667720772414445990223140123e-01, 2.6194893075503526e-02, 7.9253346047820603e-03
0.04000000, 1.60193889586357526986923970476391526358e+00, -1.88387669975365442478041987685254215104e-01, 1.80380823385103141856707545768028122281e+01, -4.43442627530868893218118077394552440255e-03, 3.29374393107704945823616343377543033867e+00, 2.89215000639732489457952019243816255205e-01, 2.6167188167974891e-02, 7.8783628989218226e-03
0.04100000, 1.60153689556431053946342095132873262273e+00, -1.88388619883534343830347939378898220115e-01, 1.80390153663684591061717473413716467904e+01, -4.54310514800072530293409076781100031122e-03, 3.29403383392201485912258914596503395067e+00, 2.89168846216767592468371687408765821927e-01, 2.6139468089427953e-02, 7.8315603901026255e-03
0.04200000, 1.60113529739661023971413202917147444881e+00, -1.88389544098880877280629798579331667756e-01, 1.80399474853343724491097320938871089552e+01, -4.65167798843105183092650934653074167887e-03, 3.29432337008189259646903144792709916959e+00, 2.89122676963270542070894391123664936106e-01, 2.6111733240129758e-02, 7.7849265200646750e-03
0.04300000, 1.60073410067486095110754128605554167335e+00, -1.88390442678726301920531301580367881872e-01, 1.80408786967602361261383187247589576979e+01, -4.76014482563307666073999736103469595313e-03, 3.29461254044623506202062163739120845578e+00, 2.89076493040426272745751880692532656185e-01, 2.6083984017333063e-02, 7.7384607321198528e-03
0.04400000, 1.60033330471524384417789700078521945601e+00, -1.88391315680192313895212429349414453502e-01, 1.80418090019950094266950803192528295279e+01, -4.86850568870324373557337173634566770600e-03, 3.29490134590128735112571799391689114672e+00, 2.89030294609106257185613548050313201181e-01, 2.6056220815296127e-02, 7.6921624711505086e-03
0.04500000, 1.59993290883572841587171534178003450791e+00, -1.88392163160201826889515281697880000610e-01, 1.80427384023844395421127012779417014957e+01, -4.97676060680049547931870477032012054462e-03, 3.29518978733000212798896612822805025282e+00, 2.88984081829867643573296654374790838474e-01, 2.6028444025302388e-02, 7.6460311836082120e-03
0.04600000, 1.59953291235606625348183766027298889309e+00, -1.88392985175479748752649150164325186501e-01, 1.80436668992710720454596671698502574445e+01, -5.08490960914573873843762085063184266030e-03, 3.29547786561205440972304576500704752050e+00, 2.88937854862952413848825071869483685774e-01, 2.6000654035680003e-02, 7.6000663175124617e-03
0.04700000, 1.59913331459778482600468160741826182164e+00, -1.88393781782553754283604462466358129859e-01, 1.80445944939942613273377730550043844465e+01, -5.19295272502131396269969477143231413052e-03, 3.29576558162385626970094521538558161584e+00, 2.88891613868286562680449545028824544266e-01, 2.5972851231821272e-02, 7.5542673224493550e-03
0.04800000, 1.59873411488418130277492563712648062094e+00, -1.88394553037755054199356874885323289271e-01, 1.80455211878901809878623466615257367770e+01, -5.30088998377046760399366928254955289762e-03, 3.29605293623857146070741202367603355494e+00, 2.88845359005479296857747138483961706842e-01, 2.5945035996201930e-02, 7.5086336495702164e-03
0.04900000, 1.59833531254031639923277497138592572781e+00, -1.88395298997219160307775517801438232642e-01, 1.80464469822918341850497121257829831887e+01, -5.40872141479682771256994775480405828615e-03, 3.29633993032612995838505342686383492831e+00, 2.88799090433822254828379512061864377182e-01, 2.5917208708400325e-02, 7.4631647515901875e-03
0.05000000, 1.59793690689300824967985911524000334533e+00, -1.88396019716886646907003244234559115318e-01, 1.80473718785290639398350589255430661525e+01, -5.51644704756388271021939116635241475594e-03, 3.29662656475324242546740332086099994867e+00, 2.88752808312288746103509479003141188529e-01, 2.5889369745116466e-02, 7.4178600827867777e-03
0.05100000, 1.59753889727082630688070656706027596937e+00, -1.88396715252503908432931682195610247240e-01, 1.80482958779285633979425290793566142577e+01, -5.62406691159446332003886717959648378534e-03, 3.29691284038341459728813335824414936558e+00, 2.88706512799533010260253483772156645484e-01, 2.5861519480190951e-02, 7.3727190989983761e-03
0.05200000, 1.59714128300408526836763152839166175453e+00, -1.88397385659623913376249939533414640471e-01, 1.80492189818138860488279935750369181452e+01, -5.73158103647022763257827296118813626791e-03, 3.29719875807696158905246457987825316318e+00, 2.88660204053889495272884698400903756532e-01, 2.5833658284623776e-02, 7.3277412576227270e-03
0.05300000, 1.59674406342483902930775022809427949676e+00, -1.88398030993606954490402945476921341506e-01, 1.80501411915054559019136562511966204367e+01, -5.83898945183114928830689257749733558683e-03, 3.29748431869102212535373257720155817827e+00, 2.88613882233372154907797891207299340846e-01, 2.5805786526593021e-02, 7.2829260176153668e-03
0.05400000, 1.59634723786687466179172098894247147643e+00, -1.88398651309621395311653627016633980738e-01, 1.80510625083205776203322999141985893053e+01, -5.94629218737500875647896415749956486189e-03, 3.29776952307957269241497356084885421041e+00, 2.88567547495673764920503572997477213319e-01, 2.5777904571473421e-02, 7.2382728394880254e-03
0.05500000, 1.59595080566570642040467243198349870742e+00, -1.88399246662644413012302401520777944348e-01, 1.80519829335734466123976752550220528045e+01, -6.05348927285688769061923134270480081968e-03, 3.29805437209344161353233084069759954336e+00, 2.88521199998165257796135671163805763105e-01, 2.5750012781854813e-02, 7.1937811853069915e-03
0.05600000, 1.59555476615856977394064828506862081453e+00, -1.88399817107462737607977810506268388438e-01, 1.80529024685751590810162280635568537843e+01, -6.16058073808866634098904753423391709368e-03, 3.29833886658032304819403106651618413481e+00, 2.88474839897895075778134612852037282683e-01, 2.5722111517560469e-02, 7.1494505186914418e-03
0.05700000, 1.59515911868441546312275518685923510401e+00, -1.88400362698673387539773514331338860082e-01, 1.80538211146337220312540642494763534864e+01, -6.26756661293852400453229970257806825541e-03, 3.29862300738479091534564709961603541173e+00, 2.88428467351588541932906699857934311641e-01, 2.5694201135665308e-02, 7.1052803048117363e-03
0.05800000, 1.59476386258390358419205170564554701519e+00, -1.88400883490684401651869304878985224499e-01, 1.80547388730540632362717651974993129343e+01, -6.37444692733044249293803055643610010930e-03, 3.29890679534831274126934954501206933626e+00, 2.88382082515647249001361509306911407273e-01, 2.5666281990513995e-02, 7.0612700103876784e-03
0.05900000, 1.59436899719939769822906257241798130647e+00, -1.88401379537715567585137264274280466271e-01, 1.80556557451380411618383879395605799905e+01, -6.48122171124371259959317309310882018507e-03, 3.29919023130926343254185172969692274847e+00, 2.88335685546148465791292228640919406298e-01, 2.5638354433738926e-02, 7.0174191036867421e-03
0.06000000, 1.59397452187495896607264190828770258115e+00, -1.88401850893799146607098693622264895678e-01, 1.80565717321844548496347154468223364114e+01, -6.58789099471244354633427930428664790557e-03, 3.29947331610293897453277322326775213895e+00, 2.88289276598844560867589798220585728977e-01, 2.5610418814278088e-02, 6.9737270545222652e-03
0.06100000, 1.59358043595634030870174305561437344329e+00, -1.88402297612780594898462948045848356492e-01, 1.80574868354890537595545619608438213220e+01, -6.69445480782507539104153432893731346184e-03, 3.29975605056157005590218481831123409214e+00, 2.88242855829162443300270951320748666884e-01, 2.5582475478392821e-02, 6.9301933342516102e-03
0.06200000, 1.59318673879098059294648054768978378393e+00, -1.88402719748319281316345834404672671012e-01, 1.80584010563445475712116866264727089919e+01, -6.80091318072389437725170778273370393275e-03, 3.30003843551433561955315317416979345975e+00, 2.88196423392203020233253165037302237211e-01, 2.5554524769685447e-02, 6.8868174157742929e-03
0.06300000, 1.59279342972799884239569182074357218934e+00, -1.88403117353889201654132747525409597862e-01, 1.80593143960406159448586256906176411833e+01, -6.90726614360455120709901441743459913967e-03, 3.30032047178737634049217603206104480771e+00, 2.88149979442740671039726616497702329087e-01, 2.5526567029116805e-02, 6.8435987735300794e-03
0.06400000, 1.59240050811818847336902253115963809067e+00, -1.88403490482779689417820231189474248051e-01, 1.80602268558639182419225191231019625002e+01, -7.01351372671558221902414565414653175624e-03, 3.30060216020380803104748898369491707779e+00, 2.88103524135222737832854920994046577560e-01, 2.5498602595023661e-02, 6.8005368834970518e-03
0.06500000, 1.59200797331401155582236983648022446551e+00, -1.88403839188096123138539143201500938958e-01, 1.80611384370981032053617816309720173145e+01, -7.11965596035793345182200078657709587168e-03, 3.30088350158373497389233216987769461665e+00, 2.88057057623769032103383150876243010261e-01, 2.5470631803136011e-02, 6.7576312231896435e-03
0.06600000, 1.59161582466959309905632277697784470200e+00, -1.88404163522760630240833071374170142975e-01, 1.80620491410238186000462506092175766686e+01, -7.22569287488448757672790057506495759814e-03, 3.30116449674426318331738994915962182120e+00, 2.88010580062171357258543829384942841015e-01, 2.5442654986594273e-02, 6.7148812716566439e-03
0.06700000, 1.59122406154071536209803800083368444278e+00, -1.88404463539512787486137081061445205639e-01, 1.80629589689187208133622345327191035695e+01, -7.33162450069959367937031527674078315482e-03, 3.30144514649951359519375845716856718980e+00, 2.87964091603893046839429689761112394336e-01, 2.5414672475966370e-02, 6.6722865094791742e-03
0.06800000, 1.59083268328481218862778255541092511576e+00, -1.88404739290910318010774266877893586428e-01, 1.80638679220574844162426845808069104489e+01, -7.43745086825859987354539252647509766923e-03, 3.30172545166063518606495502146050787625e+00, 2.87917592402068518196746409260371871510e-01, 2.5386684599264703e-02, 6.6298464187686328e-03
0.06900000, 1.59044168926096336632216336448831002897e+00, -1.88404990829329784977660923456242478226e-01, 1.80647760017118116848215198321137448337e+01, -7.54317200806738872889483646043311678755e-03, 3.30200541303581802180365954992226101579e+00, 2.87871082609502841407569687138861703057e-01, 2.5358691681963013e-02, 6.5875604831646135e-03
0.07000000, 1.59005107882988901048684537096242770657e+00, -1.88405218206967281860785434592400741374e-01, 1.80656832091504420829099521090050172250e+01, -7.64878795068191549469397654134625835762e-03, 3.30228503143030623626607121726777408771e+00, 2.87824562378671323218409347037052994446e-01, 2.5330694047013138e-02, 6.5454281878327940e-03
0.07100000, 1.58966085135394397185233719038323921560e+00, -1.88405421475839119381401199053899245998e-01, 1.80665895456391617054914804239214741954e+01, -7.75429872670774910208118110425673058347e-03, 3.30256430764641094037397397717194434289e+00, 2.87778031861719105802529014067784641606e-01, 2.5302692014861663e-02, 6.5034490194627979e-03
0.07200000, 1.58927100619711226840719453631417662407e+00, -1.88405600687782509114750056903630676741e-01, 1.80674950124408126834310569211655788457e+01, -7.85970436679961592718312501651931602477e-03, 3.30284324248352306205183156923061451223e+00, 2.87731491210460780122083746804084034885e-01, 2.5274685903466462e-02, 6.4616224662660286e-03
0.07300000, 1.58888154272500154114375768707856307621e+00, -1.88405755894456243786009744707282658603e-01, 1.80683996108153025495927661542540370396e+01, -7.96500490166094629771282128088527996790e-03, 3.30312183673812611744347671135509348645e+00, 2.87684940576380013688220190703926997002e-01, 2.5246676028313130e-02, 6.4199480179734769e-03
0.07400000, 1.58849246030483753359229990775980320412e+00, -1.88405887147341374274036883812406879932e-01, 1.80693033420196135665592074287392370259e+01, -8.07020036204342372573878107259363368313e-03, 3.30340009120380891383022000956221156597e+00, 2.87638380110629192514834753762607495661e-01, 2.5218662702431322e-02, 6.3784251658335014e-03
0.07500000, 1.58810375830545859502021906377790767909e+00, -1.88405994497741883341355885442461846804e-01, 1.80702062073078120161446257117066331929e+01, -8.17529077874653684944418368081285209102e-03, 3.30367800667127818466948171762570972693e+00, 2.87591809964029077064205373887300687897e-01, 2.5190646236410973e-02, 6.3370534026095841e-03
0.07600000, 1.58771543609731020717365470500975281473e+00, -1.88406077996785356108723932142864846829e-01, 1.80711082079310574508927002008532399073e+01, -8.28027618261713406681452513576974608969e-03, 3.30395558392837115717034377702753815487e+00, 2.87545230287068471985202032321564783714e-01, 2.5162626938418421e-02, 6.2958322225780598e-03
0.07700000, 1.58732749305243953443965770392513777309e+00, -1.88406137695423647292482859719489780380e-01, 1.80720093451376119077487709975443701886e+01, -8.38515660454898084431087988450941712629e-03, 3.30423282376006805281973050053556551653e+00, 2.87498641229903909447240645289907715114e-01, 2.5134605114212432e-02, 6.2547611215258203e-03
0.07800000, 1.58693992854448999730777913887868342132e+00, -1.88406173644433545222790309862799515713e-01, 1.80729096201728490840951633794564615529e+01, -8.48993207548231968370366159503966257009e-03, 3.30450972694850452127025376714955304190e+00, 2.87452042942359345875574709025260710924e-01, 2.5106581067160107e-02, 6.2138395967479948e-03
0.07900000, 1.58655274194869586901067956546936370160e+00, -1.88406185894417432660704943860111728138e-01, 1.80738090342792634763371558597881002027e+01, -8.59460262640343273035861481152652272291e-03, 3.30478629427298400799810260791041917474e+00, 2.87405435573925871895919448946831231694e-01, 2.5078555098252708e-02, 6.1730671470456052e-03
0.08000000, 1.58616593264187689522408915533588768178e+00, -1.88406174495803944431983794938452310143e-01, 1.80747075886964794812260324925189508915e+01, -8.69916828834420700638271647019353001569e-03, 3.30506252650999005613671751619954382565e+00, 2.87358819273761435298774594812999458786e-01, 2.5050527506121360e-02, 6.1324432727231981e-03
0.08100000, 1.58577950000243293670717344312212540146e+00, -1.88406139498848621895333983691343030113e-01, 1.80756052846612604601045616782870113138e+01, -8.80362909238170225215272286241685145792e-03, 3.30533842443319854288936664696766567952e+00, 2.87312194190690576836154628461298128590e-01, 2.5022498587052674e-02, 6.0919674755864535e-03
0.08200000, 1.58539344341033863476507864849455774782e+00, -1.88406080953634564262746020630533304785e-01, 1.80765021234075177662591529851133767585e+01, -8.90798506963772135986327107253294727253e-03, 3.30561398881348985092113421042184563478e+00, 2.87265560473204178665749783036886471406e-01, 2.4994468635004252e-02, 6.0516392589397705e-03
0.08300000, 1.58500776224713809941614477054640074001e+00, -1.88405998910073076789421765138835016557e-01, 1.80773981061663197355618601649057958540e+01, -9.01223625127838338284474172669457962725e-03, 3.30588922041896097512824074998151624780e+00, 2.87218918269459225259827561724823587031e-01, 2.4966437941620104e-02, 6.0114581275838302e-03
0.08400000, 1.58462245589593962014698392585785786225e+00, -1.88405893417904315850696794017800542211e-01, 1.80782932341659006405843225633885583960e+01, -9.11638266851369910451351949933494830050e-03, 3.30616412001493756518004055406005557924e+00, 2.87172267727278576598443434868958346407e-01, 2.4938406796245962e-02, 5.9714235878131370e-03
0.08500000, 1.58423752374141039913932575773365708411e+00, -1.88405764526697930923244448522530842170e-01, 1.80791875086316696083646684312983634326e+01, -9.22042435259714915092885659975139496593e-03, 3.30643868836398590422648311808614235573e+00, 2.87125608994150753468761007572217345927e-01, 2.4910375485944495e-02, 5.9315351474135376e-03
0.08600000, 1.58385296516977130685323122120321718126e+00, -1.88405612285853703487737169416895863933e-01, 1.80800809307862195020073421923016272312e+01, -9.32436133482526463104125969874071313518e-03, 3.30671292622592482416128327820704214783e+00, 2.87078942217229734694486661736578407565e-01, 2.4882344295510432e-02, 5.8917923156597192e-03
0.08700000, 1.58346877956879165985197068440513204983e+00, -1.88405436744602182870029888389696872807e-01, 1.80809735018493357662947634525576178882e+01, -9.42819364653721028882718968196444873062e-03, 3.30698683435783755782851831180694962042e+00, 2.87032267543334766121601799093260041324e-01, 2.4854313507485576e-02, 5.8521946033126865e-03
0.08800000, 1.58308496632778402075455211981315178290e+00, -1.88405237952005319037820214431299657367e-01, 1.80818652230380052374886783930802387934e+01, -9.53192131911437015161389339345681332686e-03, 3.30726041351408352855785987228244005786e+00, 2.86985585118950181188727672995141052023e-01, 2.4826283402173739e-02, 5.8127415226172177e-03
0.08900000, 1.58270152483759902020257022589298284864e+00, -1.88405015956957092369630928827599288761e-01, 1.80827560955664249174980241144180752841e+01, -9.63554438397993565900638425355950808626e-03, 3.30753366444631007741115402588657819060e+00, 2.86938895090225232912583720370518797495e-01, 2.4798254257655565e-02, 5.7734325872993017e-03
0.09000000, 1.58231845449062020072872765837921711193e+00, -1.88404770808184140412851875690892390539e-01, 1.80836461206460107125890934495242933352e+01, -9.73906287259849625693596132888842121096e-03, 3.30780658790346412852058381583890061844e+00, 2.86892197602973937121100610974174706211e-01, 2.4770226349803267e-02, 5.7342673125635537e-03
0.09100000, 1.58193575468075888241505519727753582578e+00, -1.88404502554246381647470699882250524337e-01, 1.80845352994854061368127616713355071701e+01, -9.84247681647563244145621106084752960734e-03, 3.30807918463180379289618562179355955121e+00, 2.86845492802674926768824234601570977061e-01, 2.4742199952295270e-02, 5.6952452150906126e-03
0.09200000, 1.58155342480344905022952866745693916696e+00, -1.88404211243537636272015034313498320044e-01, 1.80854236332904909803225173432913448668e+01, -9.94578624715751123701817932233511483476e-03, 3.30835145537490991107804303921726685714e+00, 2.86798780834471317171296859967821071406e-01, 2.4714175336630752e-02, 5.6563658130345190e-03
0.09300000, 1.58117146425564226293044680351102403862e+00, -1.88403896924286244028122667533773533207e-01, 1.80863111232643899427560272410284869963e+01, -1.00489911962304840940613406044078791569e-02, 3.30862340087369753500605000089226302118e+00, 2.86752061843170581997127029287612507607e-01, 2.4686152772144104e-02, 5.6176286260200747e-03
0.09400000, 1.58078987243580258342859603933318740826e+00, -1.88403559644555679080050923848851978013e-01, 1.80871977706074812318519597594493061421e+01, -1.01520916953206871908611327073380016240e-02, 3.30889502186642734947771832887523811267e+00, 2.86705335973244439858460704147489161824e-01, 2.4658132526019286e-02, 5.5790331751401830e-03
0.09500000, 1.58040864874390153049788544515400189588e+00, -1.88403199452245161965331955691447160198e-01, 1.80880835765174051274727924594170402090e+01, -1.02550877760936441246771760327002295599e-02, 3.30916631908871703356210376668904379970e+00, 2.86658603368828751342543051137850848909e-01, 2.4630114863304096e-02, 5.5405789829531725e-03
0.09600000, 1.58002779258141305172578776490781634083e+00, -1.88402816395090268632676875314980479826e-01, 1.80889685421890725112033373510299003027e+01, -1.03579794702538709773488630919010723301e-02, 3.30943729327355256233553872483018519014e+00, 2.86611864173723426329013346235017005602e-01, 2.4602100046924348e-02, 5.5022655734801015e-03
0.09700000, 1.57964730335130851759557075970272779774e+00, -1.88402410520663536583128633935685425385e-01, 1.80898526688146733616937321047767566236e+01, -1.04607668095444837405867927476314985937e-02, 3.30970794515129944930248940404461446952e+00, 2.86565118531392341439505077693975733903e-01, 2.4574088337697959e-02, 5.4640924722020469e-03
0.09800000, 1.57926718045805173659294687353414308796e+00, -1.88401981876375068130361285068006071015e-01, 1.80907359575836852159146665773119558965e+01, -1.05634498257468080863095415131084256894e-02, 3.30997827544971392986249956615417661768e+00, 2.86518366584963267468029727151234528239e-01, 2.4546079994348943e-02, 5.4260592060573746e-03
0.09900000, 1.57888742330759399123040863957860630071e+00, -1.88401530509473130795921738910996998411e-01, 1.80916184096828815964916417849709962853e+01, -1.06660285506799914674755174145985273809e-02, 3.31024828489395408618184292711698604876e+00, 2.86471608477227806642506193033207973711e-01, 2.4518075273521318e-02, 5.3881653034389942e-03
0.10000000, 1.57850803130736909488315227350638982081e+00, -1.88401056467044754855109320228475033911e-01, 1.80925000262963404052840927057724814927e+01, -1.07685030162006175349591368810340720622e-02, 3.31051797420659091382618087682135764461e+00, 2.86424844350641339569658670920899591436e-01, 2.4490074429792921e-02, 5.3504102941915973e-03
0.10100000, 1.57812900386628846933112258803989420230e+00, -1.88400559796016328049088377256844521729e-01, 1.80933808086054522833742469902269270060e+01, -1.08708732542023228561193082070896413384e-02, 3.31078734410761933050821190994162081156e+00, 2.86378074347322981717344300397056718407e-01, 2.4462077715689140e-02, 5.3127937096088792e-03
0.10200000, 1.57775034039473624290233874395071778936e+00, -1.88400040543154187478729847859298837056e-01, 1.80942607577889289376296387639292479262e+01, -1.09731392966154159208062026311481693583e-02, 3.31105639531446912730200370689341342538e+00, 2.86331298609055549290188301761796386348e-01, 2.4434085381696551e-02, 5.2753150824307463e-03
0.10300000, 1.57737204030456436911328246003382064742e+00, -1.88399498755065208695579065564093737474e-01, 1.80951398750228114340022501621925735924e+01, -1.10753011754064984206495522076894397634e-02, 3.31132512854201586267341815817349580756e+00, 2.86284517277285534356198930058944473817e-01, 2.4406097676276469e-02, 5.2379739468405063e-03
0.10400000, 1.57699410300908776570274817123967096775e+00, -1.88398934478197392005249176470992255455e-01, 1.80960181614804784577263130008397948125e+01, -1.11773589225780887875682386081940807629e-02, 3.31159354450259169967377370361944815023e+00, 2.86237730493123089083807635911440915889e-01, 2.4378114845878420e-02, 5.2007698384620455e-03
0.10500000, 1.57661652792307947395616828271915344470e+00, -1.88398347758840445998442332529074474229e-01, 1.80968956183326545405758690100654385860e+01, -1.12793125701682479775367348725187678213e-02, 3.31186164390599618664163808466684187252e+00, 2.86190938397342018950531607158136552100e-01, 2.4350137134953513e-02, 5.1637022943569895e-03
0.10600000, 1.57623931446276583821803615039591822975e+00, -1.88397738643126368324704321677733604899e-01, 1.80977722467474182553422592927758705894e+01, -1.13811621502502074857390390147145901417e-02, 3.31212942745950698175540790664572688362e+00, 2.86144141130379784786186633331300838536e-01, 2.4322164785967738e-02, 5.1267708530218511e-03
0.10700000, 1.57586246204582170549065475790403679899e+00, -1.88397107177030023723922485148746809031e-01, 1.80986480478902103776907920681707841659e+01, -1.14829076949319995793351002688440860081e-02, 3.31239689586789052177710920353210995887e+00, 2.86097338832337513515288244448573929396e-01, 2.4294198039415174e-02, 5.0899750543851631e-03
0.10800000, 1.57548597009136564501804028711791031026e+00, -1.88396453406369719330481651249277784249e-01, 1.80995230229238420155549222790986151015e+01, -1.15845492363560897341583915920335299922e-02, 3.31266404983341263532564541321441951417e+00, 2.86050531642980017464968581010128690326e-01, 2.4266237133831108e-02, 5.0533144398045976e-03
0.10900000, 1.57510983801995518775440692658686578085e+00, -1.88395777376807777264898377632062760545e-01, 1.81003971730085027062253672318492463920e+01, -1.16860868066990112617562317199699852640e-02, 3.31293089005584910101552573099950360870e+00, 2.86003719701735822106405704888492015980e-01, 2.4238282305805081e-02, 5.0167885520640723e-03
0.11000000, 1.57473406525358208561725236022977814588e+00, -1.88395079133851104527660034907947802126e-01, 1.81012704993017684812906790538729709185e+01, -1.17875204381710021132767124367175037439e-02, 3.31319741723249615079492763642115652545e+00, 2.85956903147697202099411309214209912564e-01, 2.4210333789993836e-02, 4.9803969353708428e-03
0.11100000, 1.57435865121566759042565245863939871047e+00, -1.88394358722851760209902178014564161728e-01, 1.81021430029586098995848973531529047802e+01, -1.18888501630156438467976475652253265489e-02, 3.31346363205818091881478240699878114251e+00, 2.85910082119620225511452274517116057022e-01, 2.4182391819134198e-02, 4.9441391353525829e-03
0.11200000, 1.57398359533105775242495878802141837842e+00, -1.88393616189007520035465232619035866956e-01, 1.81030146851314000482970139977069727710e+01, -1.19900760135095027447838352436462633408e-02, 3.31372953522527183615842156592972403155e+00, 2.85863256755924806083991490324081910702e-01, 2.4154456624055856e-02, 4.9080146990544516e-03
0.11300000, 1.57360889702601873829967368761724071801e+00, -1.88392851577362438248779766646125375610e-01, 1.81038855469699225123960963604301123158e+01, -1.20911980219617730684491200097847630874e-02, 3.31399512742368897175918538223801362330e+00, 2.85816427194694763420624055144436325251e-01, 2.4126528433694076e-02, 4.8720231749361480e-03
0.11400000, 1.57323455572823216857685487564006965791e+00, -1.88392064932807406862938516477714075623e-01, 1.81047555896213793125250356490556693806e+01, -1.21922162207139224358892617041752218693e-02, 3.31426040934091431983127167505695338947e+00, 2.85769593573677890973056619297881448894e-01, 2.4098607475102328e-02, 4.8361641128689547e-03
0.11500000, 1.57286057086679047432297485624224232209e+00, -1.88391256300080712282222888203753841978e-01, 1.81056248142303988115150130196351501655e+01, -1.22931306421393393109404698028030932629e-02, 3.31452538166200203413699419187901490589e+00, 2.85722756030286031702530477398387995194e-01, 2.4070693973464823e-02, 4.8004370641327684e-03
0.11600000, 1.57248694187219227303772984552411362734e+00, -1.88390425723768589313261851304316869327e-01, 1.81064932219390435896719080111920363331e+01, -1.23939413186429825898066500340107891363e-02, 3.31479004506958860941152465713576191959e+00, 2.85675914701595161295823280618051131888e-01, 2.4042788152108987e-02, 4.7648415814131202e-03
0.11700000, 1.57211366817633776364885854253530971523e+00, -1.88389573248305772578911980138895085483e-01, 1.81073608138868182889850113960457996368e+01, -1.24946482826610332725859405012007991242e-02, 3.31505440024390301026411114574386586289e+00, 2.85629069724345478816480150346303617581e-01, 2.4014890232517841e-02, 4.7293772187981836e-03
0.11800000, 1.57174074921252414051259287080198908649e+00, -1.88388698917976045348858872490266984844e-01, 1.81082275912106774264075477720337790783e+01, -1.25952515666605482069139924544174068843e-02, 3.31531844786277674787269764965222788935e+00, 2.85582221234941504673422758910190423758e-01, 2.3987000434342305e-02, 4.6940435317757727e-03
0.11900000, 1.57136818441544102632492083608549289366e+00, -1.88387802776912785800852279079050121903e-01, 1.81090935550450331763576620871447880432e+01, -1.26957512031391158910276817114385488565e-02, 3.31558218860165390478681549735398573355e+00, 2.85535369369452185790564821193673097395e-01, 2.3959118975413425e-02, 4.6588400772303285e-03
0.12000000, 1.57099597322116592384939591553978650198e+00, -1.88386884869099510726400008399424164439e-01, 1.81099587065217631225876787419358531066e+01, -1.27961472246245143236385258556347414623e-02, 3.31584562313360110815157658022397941087e+00, 2.85488514263611007862524632072040611550e-01, 2.3931246071754523e-02, 4.6237664134398956e-03
0.12100000, 1.57062411506715968636777794064578999711e+00, -1.88385945238370416694659022438879274676e-01, 1.81108230467702179795686019188988234903e+01, -1.28964396636743708880900350183387349102e-02, 3.31610875212931745166357105889046037602e+00, 2.85441656052816114582970004601454043876e-01, 2.3903381937593261e-02, 4.5888221000730889e-03
0.12200000, 1.57025260939226200676033728947777053368e+00, -1.88384983928410918688176105891727378135e-01, 1.81116865769172292835359912993898020137e+01, -1.29966285528758242583575455248716273264e-02, 3.31637157625714436656745829118879848714e+00, 2.85394794872130433733558426204394139525e-01, 2.3875526785373639e-02, 4.5540066981860495e-03
0.12300000, 1.56988145563668692512319739097968207805e+00, -1.88384000982758186224045069457664837505e-01, 1.81125492980871170533425183068879153678e+01, -1.30967139248451883145327811354810509235e-02, 3.31663409618307544200003906418047178177e+00, 2.85347930856281810022845665325617335592e-01, 2.3847680825767905e-02, 4.5193197702193919e-03
0.12400000, 1.56951065324201835483063009274072132759e+00, -1.88382996444801676973962631876272221917e-01, 1.81134112114016974212616844196075960430e+01, -1.31966958122276180555184611882612325841e-02, 3.31689631257076619498660974993516997228e+00, 2.85301064139663144565929637215785372271e-01, 2.3819844267688396e-02, 4.4847608799951411e-03
0.12500000, 1.56914020165120562695075438176843048224e+00, -1.88381970357783667896580910672162842667e-01, 1.81142723179802902338863648855841490656e+01, -1.32965742476967774967407337473044046594e-02, 3.31715822608154379039242466203641137324e+00, 2.85254194856332540896973280039710618242e-01, 2.3792017318299302e-02, 4.4503295927136611e-03
0.12600000, 1.56877010030855905292362130224157839897e+00, -1.88380922764799783895470833402119793019e-01, 1.81151326189397266232650283093538150778e+01, -1.33963492639545095407690599266597194786e-02, 3.31741983737441671113013159094683896970e+00, 2.85207323140013457408110704237632865369e-01, 2.3764200183028348e-02, 4.4160254749505742e-03
0.12700000, 1.56840034865974550541119671223125907519e+00, -1.88379853708799524015927754775545849763e-01, 1.81159921153943565484176750216556780447e+01, -1.34960208937305078088144179045022068761e-02, 3.31768114710608437892209716542899757526e+00, 2.85160449124094866109585159284277983135e-01, 2.3736393065578411e-02, 4.3818480946536714e-03
0.12800000, 1.56803094615178401722927878972706847785e+00, -1.88378763232586785193768125675022234048e-01, 1.81168508084560563073727348529203992534e+01, -1.35955891697819904211573367226103204422e-02, 3.31794215593094672591460324824612958481e+00, 2.85113572941631417607295610475781459518e-01, 2.3708596167939053e-02, 4.3477970211398147e-03
0.12900000, 1.56766189223304139827190896359031758982e+00, -1.88377651378820383569184203188036424104e-01, 1.81177086992342360198653678687316233260e+01, -1.36950541248933757146373156996446430742e-02, 3.31820286450111371743897295157393534016e+00, 2.85066694725343612195241129435879377868e-01, 2.3680809690397988e-02, 4.3138718250918315e-03
0.13000000, 1.56729318635322787033935323364911346237e+00, -1.88376518190014573378642511668079847422e-01, 1.81185657888358470808368197523236949174e+01, -1.37944157918759598854146400445358309979e-02, 3.31846327346641482621277497527876964577e+00, 2.85019814607617976961649068531392633855e-01, 2.3653033831552467e-02, 4.2800720785553998e-03
0.13100000, 1.56692482796339271978124568220060440648e+00, -1.88375363708539563437731059007803032096e-01, 1.81194220783653895848736967972067671898e+01, -1.38936742035675965452944718665773412245e-02, 3.31872338347440845827235775394097200424e+00, 2.84972932720507248808854301769679693380e-01, 2.3625268788320601e-02, 4.2463973549359275e-03
0.13200000, 1.56655681651591996786699739262431265638e+00, -1.88374187976622031227780175203215695436e-01, 1.81202775689249197217252438641963056020e+01, -1.39928293928323781799813830263827452466e-02, 3.31898319517039133092608027085269567815e+00, 2.84926049195730563288262861080221257532e-01, 2.3597514755952598e-02, 4.2128472289954222e-03
0.13300000, 1.56618915146452405879608200535062665580e+00, -1.88372991036345634599002267430112301572e-01, 1.81211322616140571430359321237904502790e+01, -1.40918813925603194977102068986904956567e-02, 3.31924270919740780301573428398238087092e+00, 2.84879164164673649152984262868024323887e-01, 2.3569771928041937e-02, 4.1794212768493552e-03
0.13400000, 1.56582183226424556526131378256834740859e+00, -1.88371772929651521102816772795302468112e-01, 1.81219861575299923004298919096181267609e+01, -1.41908302356670426567762248236584099989e-02, 3.31950192619625915777179303502104429999e+00, 2.84832277758389028531952888753587222610e-01, 2.3542040496536470e-02, 4.1461190759635178e-03
0.13500000, 1.56545485837144691147873534607961055601e+00, -1.88370533698338834965948132257999143947e-01, 1.81228392577674937550829595145131640666e+01, -1.42896759550934643605642744653728113487e-02, 3.31976084680551283854627420322772681842e+00, 2.84785390107596222630580137574073405594e-01, 2.3514320651749446e-02, 4.1129402051508705e-03
0.13600000, 1.56508822924380811359823022269321550411e+00, -1.88369273384065221718806702571518434012e-01, 1.81236915634189154589173452308997150667e+01, -1.43884185838054848087523760908090988182e-02, 3.32001947166151163770516984616947898056e+00, 2.84738501342681962864185881839407451574e-01, 2.3486612582370473e-02, 4.0798842445683862e-03
0.13700000, 1.56472194434032253740947000335275521507e+00, -1.88367992028347330490585163141041298965e-01, 1.81245430755742040075531733351486800545e+01, -1.44870581547936784934409235042515211154e-02, 3.32027780139838283896057326508657436632e+00, 2.84691611593700407331650217505311253786e-01, 2.3458916475476402e-02, 4.0469507757138864e-03
0.13800000, 1.56435600312129267325829732048094508934e+00, -1.88366689672561313983426157136097655011e-01, 1.81253937953209058651503930052295493304e+01, -1.45855947010729868290333835552651345552e-02, 3.32053583664804731342082206917892801364e+00, 2.84644720990373362537904765525113952730e-01, 2.3431232516542145e-02, 4.0141393814228713e-03
0.13900000, 1.56399040504832592808913399723771391326e+00, -1.88365366357943326137940626780565842112e-01, 1.81262437237441745612738123064795649821e+01, -1.46840282556824126047687962763890944544e-02, 3.32079357804022856963517811647538448991e+00, 2.84597829662090510275047039376020776886e-01, 2.3403560889451423e-02, 3.9814496458653441e-03
0.14000000, 1.56362514958433043452948864678487710914e+00, -1.88364022125590017502280557249275722205e-01, 1.81270928619267778599132653460786494350e+01, -1.47823588516847162488801712534785048974e-02, 3.32105102620246175790777840518796916749e+00, 2.84550937737909639573011804673893944140e-01, 2.3375901776507447e-02, 3.9488811545426290e-03
0.14100000, 1.56326023619351087693311972327078070898e+00, -1.88362657016459028316894627846381587989e-01, 1.81279412109491049007901854475816240994e+01, -1.48805865221661138934261392011555360870e-02, 3.32130818176010262915381630485262953169e+00, 2.84504045346556883631870093019269360746e-01, 2.3348255358443521e-02, 3.9164334942841843e-03
0.14200000, 1.56289566434136433429888857294053771572e+00, -1.88361271071369479327020578980480692477e-01, 1.81287887718891733130811246976348477230e+01, -1.49787113002359772289159452830197227609e-02, 3.32156504533633644856914967761641396875e+00, 2.84457152616426961648949758184400237436e-01, 2.3320621814433594e-02, 3.8841062532444090e-03
0.14300000, 1.56253143349467613998281242718969902124e+00, -1.88359864331002460334893934774926817188e-01, 1.81296355458226363016880324330944709618e+01, -1.50767332190265351379200668171596234780e-02, 3.32182161755218686438278137346975309429e+00, 2.84410259675583425455081342413643424482e-01, 2.3293001322102724e-02, 3.8518990208994454e-03
0.14400000, 1.56216754312151575812129954296351286284e+00, -1.88358436835901516503579069884498795325e-01, 1.81304815338227897061843821337533062367e+01, -1.51746523116925770969304069396939410561e-02, 3.32207789902652473195991821598957488317e+00, 2.84363366651758910875369715679831690072e-01, 2.3265394057537492e-02, 3.8198113880439758e-03
0.14500000, 1.56180399269123267668401785291801142275e+00, -1.88356988626473132424255471192405868359e-01, 1.81313267369605790325655177296389126613e+01, -1.52724686114111583358051618220558886499e-02, 3.32233389037607689352158685443442272064e+00, 2.84316473672355393730975620911018889556e-01, 2.3237800195296339e-02, 3.7878429467880144e-03
0.14600000, 1.56144078167445231707531456126805722178e+00, -1.88355519742987213958719416530385938889e-01, 1.81321711563046064579308764885112124732e+01, -1.53701821513813067442040863733100203916e-02, 3.32258959221543491374506867123359747302e+00, 2.84269580864444450399462061175678533544e-01, 2.3210219908419841e-02, 3.7559932905536948e-03
0.14700000, 1.56107790954307196020356713412533703521e+00, -1.88354030225577567868789169429854131751e-01, 1.81330147929211378082250363851838539132e+01, -1.54677929648237315144899961913942895365e-02, 3.32284500515706377150771122869754315390e+00, 2.84222688354767522852318556322857802054e-01, 2.3182653368440914e-02, 3.7242620140720535e-03
0.14800000, 1.56071537577025668893830610806111607542e+00, -1.88352520114242379244230167238468146194e-01, 1.81338576478741095091638311363129474863e+01, -1.55653010849805335106419460042591588492e-02, 3.32310012981131050803498044305176030831e+00, 2.84175796269736188089321830406962771458e-01, 2.3155100745394956e-02, 3.6926487133798074e-03
0.14900000, 1.56035317983043534687540710011195127603e+00, -1.88350989448844686740745555822854671278e-01, 1.81346997222251355104710758793038673868e+01, -1.56627065451149173527946210742435238406e-02, 3.32335496678641283171193571581809667428e+00, 2.84128904735432431890424619256729066813e-01, 2.3127562207829930e-02, 3.6611529858161296e-03
0.15000000, 1.55999132119929651333110336879339076202e+00, -1.88349438269112855639506793657007263853e-01, 1.81355410170335141835507507492140410098e+01, -1.57600093785109052070870721012164890310e-02, 3.32360951668850767981563956054744390391e+00, 2.84082013877608926806885159752763293842e-01, 2.3100037922816364e-02, 3.6297744300194188e-03
0.15100000, 1.55962979935378449448602127102481875347e+00, -1.88347866614641048739628907532780296237e-01, 1.81363815333562351927187983304755245832e+01, -1.58572096184730522705720200906257168121e-02, 3.32386378012163973742435376561845454898e+00, 2.84035123821689314314358686866423625069e-01, 2.3072528055957313e-02, 3.5985126459240670e-03
0.15200000, 1.55926861377209533060088900614355753587e+00, -1.88346274524889695094925327622750519150e-01, 1.81372212722479863401180040986877379318e+01, -1.59543072983261639410045594546426133297e-02, 3.32411775768776991375772576019340095892e+00, 2.83988234692768491051669067547441585785e-01, 2.3045032771398228e-02, 3.5673672347572222e-03
0.15300000, 1.55890776393367281922601415716293884772e+00, -1.88344662039185956606208057407995041082e-01, 1.81380602347611603844387464896612776911e+01, -1.60513024514150146613961992558541148561e-02, 3.32437144998678377620053152966785645316e+00, 2.83941346615612899069963686568814561878e-01, 2.3017552231836790e-02, 3.5363377990355485e-03
0.15400000, 1.55854724931920455432706775269308677376e+00, -1.88343029196724192480330240317943859307e-01, 1.81388984219458618335677251066103935350e+01, -1.61481951111040684292868079162876484172e-02, 3.32462485761649994226091508853997162008e+00, 2.83894459714660820017928011086052367627e-01, 2.2990086598532654e-02, 3.5054239425619825e-03
0.15500000, 1.55818706941061798125015190190297074736e+00, -1.88341376036566421567099966112406839030e-01, 1.81397358348499137112861017704332034581e+01, -1.62449853107772009607531697982677039121e-02, 3.32487798117267842971244909230717378932e+00, 2.83847574114022673189698038808312228627e-01, 2.2962636031317155e-02, 3.4746252704224865e-03
0.15600000, 1.55782722369107646744956452079043376184e+00, -1.88339702597642782585126412394945711867e-01, 1.81405724745188642981378196011780150532e+01, -1.63416730838374234992385266817491263196e-02, 3.32513082124902896516773658580096099058e+00, 2.83800689937481317363059218421870542409e-01, 2.2935200688602930e-02, 3.4439413889827997e-03
0.15700000, 1.55746771164497538890210829190169845904e+00, -1.88338008918751992247592136541254531581e-01, 1.81414083419959938465882000601161778151e+01, -1.64382584637066082593526671455036614351e-02, 3.32538337843721925132968007360362512346e+00, 2.83753807308492356356459557630685406120e-01, 2.2907780727393497e-02, 3.4133719058851854e-03
0.15800000, 1.55710853275793823213222180238897805343e+00, -1.88336295038561801298878517146620877265e-01, 1.81422434383223212705922568506214300868e+01, -1.65347414838252154958568460034173706829e-02, 3.32563565332688319316496098944863527507e+00, 2.83706926350184448234292639553775462443e-01, 2.2880376303292754e-02, 3.3829164300451762e-03
0.15900000, 1.55674968651681271177263880762886134221e+00, -1.88334560995609448472904988264265998897e-01, 1.81430777645366108096915087418349550182e+01, -1.66311221776520221881120680154885263029e-02, 3.32588764650562908324270016667137510905e+00, 2.83660047185359618090823286226099466778e-01, 2.2852987570514436e-02, 3.3525745716483171e-03
0.16000000, 1.55639117240966690358570679009015390266e+00, -1.88332806828302112383976810673423157449e-01, 1.81439113216753786677574207116618675964e+01, -1.67274005786638523303330588162541761863e-02, 3.32613935855904774647970800202212413324e+00, 2.83613169936493574344034770903358916730e-01, 2.2825614681891495e-02, 3.3223459421469057e-03
0.16100000, 1.55603298992578539287091844611488519850e+00, -1.88331032574917361360870678664757481914e-01, 1.81447441107728996264989542750292934073e+01, -1.68235767203553088180535750790435704476e-02, 3.32639079007072064453218159194538372864e+00, 2.83566294725736028471571919441074286892e-01, 2.2798257788885428e-02, 3.2922301542567307e-03
0.16200000, 1.55567513855566543818462945697078484591e+00, -1.88329238273603601234822464873551033049e-01, 1.81455761328612136338510634398102100110e+01, -1.69196506362385069212715790280635872723e-02, 3.32664194162222794007216513553193388095e+00, 2.83519421674911018121839284249312375658e-01, 2.2770917041595544e-02, 3.2622268219538079e-03
0.16300000, 1.55531761779101315029835290499324913691e+00, -1.88327423962380521092016856070130701727e-01, 1.81464073889701323673603323868912695953e+01, -1.70156223598428093348052231552596533618e-02, 3.32689281379315652118555927382424048581e+00, 2.83472550905517233534187949657584164249e-01, 2.2743592588768170e-02, 3.2323355604711151e-03
0.16400000, 1.55496042712473968632243500074171231522e+00, -1.88325589679139537001114526103946778147e-01, 1.81472378801272457726833146732840774939e+01, -1.71114919247145627964525629968539344290e-02, 3.32714340716110798612694470336512871788e+00, 2.83425682538728347202988560817159385513e-01, 2.2716284577805802e-02, 3.2025559862953248e-03
0.16500000, 1.55460356605095745892232841256942104126e+00, -1.88323735461644233726288824993368907722e-01, 1.81480676073579285773125014789296404477e+01, -1.72072593644168362636094426457252595469e-02, 3.32739372230170658866497529549065294981e+00, 2.83378816695393346721241983814364742771e-01, 2.2688993154776186e-02, 3.1728877171635354e-03
0.16600000, 1.55424703406497636055508845540632019393e+00, -1.88321861347530804436180732087442886218e-01, 1.81488965716853467796442181301392214261e+01, -1.73029247125291606390610828595416193737e-02, 3.32764375978860714425059600485322550133e+00, 2.83331953496036870740222725218723195599e-01, 2.2661718464421356e-02, 3.1433303720600014e-03
0.16700000, 1.55389083066330000265412372028239125124e+00, -1.88319967374308488419118022957002171626e-01, 1.81497247741304641135021238068964103668e+01, -1.73984880026472700367235486791559506762e-02, 3.32789352019350289723885099430053779073e+00, 2.83285093060859547982483986070367835437e-01, 2.2634460650166603e-02, 3.1138835712128615e-03
0.16800000, 1.55353495534362196969063642941592897468e+00, -1.88318053579360006814882230887507185855e-01, 1.81505522157120484882293689491880345550e+01, -1.74939492683828445781714858750823114095e-02, 3.32814300408613334939356757211964515819e+00, 2.83238235509738339246377118043603869996e-01, 2.2607219854129389e-02, 3.0845469360908670e-03
0.16900000, 1.55317940760482208804058890264419038105e+00, -1.88316119999941996373245041259783102097e-01, 1.81513788974466784044618483910351873548e+01, -1.75893085433632547108482967395083714848e-02, 3.32839221203429204990273166568549679237e+00, 2.83191380962226882341052406443711087311e-01, 2.2579996217128205e-02, 3.0553200894001075e-03
0.17000000, 1.55282418694696270958643103851399892598e+00, -1.88314166673185441249434237460305102682e-01, 1.81522048203487493456943756420841549896e+01, -1.76845658612313070389142791549568804023e-02, 3.32864114460383434713091057694433358966e+00, 2.83144529537555839891712642571158114120e-01, 2.2552789878691372e-02, 3.0262026550807373e-03
0.17100000, 1.55246929287128500998321966625512429035e+00, -1.88312193636096102846628217030314534376e-01, 1.81530299854304801457509949778367991708e+01, -1.77797212556449916577471818864122286826e-02, 3.32888980235868510233362861444503558009e+00, 2.83097681354633249955685982142174224844e-01, 2.2525600977065782e-02, 2.9971942583037002e-03
0.17200000, 1.55211472488020530151915403175533579835e+00, -1.88310200925554947715517413340672010981e-01, 1.81538543937019193322700430634179039608e+01, -1.78747747602772309831681370201313448523e-02, 3.32913818586084636555716080865266864311e+00, 2.83050836532044879390670230778033274441e-01, 2.2498429649225590e-02, 2.9682945254674539e-03
0.17300000, 1.55176048247731136050094256001792018244e+00, -1.88308188578318573520910687991898776838e-01, 1.81546780461709514463139706949785352430e+01, -1.79697264088156300665240207390160008886e-02, 3.32938629567040501394577922720333952738e+00, 2.83003995188054579917277064546603610873e-01, 2.2471276030880841e-02, 2.9395030841946943e-03
0.17400000, 1.55140656516735876909480440673570641595e+00, -1.88306156631019633085304899238110903151e-01, 1.81555009438433033382133378704216051895e+01, -1.80645762349622283868149694820683535233e-02, 3.32963413234554035267706535007278338771e+00, 2.82957157440604646818771894243962048818e-01, 2.2444140256486047e-02, 2.9108195633290790e-03
0.17500000, 1.55105297245626727155429519073769834075e+00, -1.88304105120167256519276398897899394069e-01, 1.81563230877225504397538017703252891498e+01, -1.81593242724332531111130432562648954014e-02, 3.32988169644253167874449047713853011377e+00, 2.82910323407316180221663226250163594494e-01, 2.2417022459248710e-02, 2.8822435929319511e-03
0.17600000, 1.55069970385111714476652970518594893907e+00, -1.88302034082147471448494161349395699069e-01, 1.81571444788101230128143273141612208046e+01, -1.82539705549588738145748846970665326970e-02, 3.33012898851576580780506415844477832005e+00, 2.82863493205489448901544568731780898195e-01, 2.2389922771137786e-02, 2.8537748042790624e-03
0.17700000, 1.55034675886014558304875535640651703973e+00, -1.88299943553223621347095600241640551624e-01, 1.81579651181053123745642637297979422093e+01, -1.83485151162829586514076746246205089946e-02, 3.33037600911774456430845809708123705197e+00, 2.82816666952104256559332286703133641474e-01, 2.2362841322892097e-02, 2.8254128298572973e-03
0.17800000, 1.54999413699274309712760859287025073941e+00, -1.88297833569536781987107878446668456525e-01, 1.81587850066052770993263480096954432030e+01, -1.84429579901628319682037355046392824910e-02, 3.33062275879909223512262981273744655087e+00, 2.82769844763820310513774428682129656228e-01, 2.2335778244028691e-02, 2.7971573033613963e-03
0.17900000, 1.54964183775944992723376268069487045499e+00, -1.88295704167106176013539661508785288028e-01, 1.81596041453050491972121171991905770260e+01, -1.85372992103690333511147865566091179170e-02, 3.33086923810856298686959650779298435237e+00, 2.82723026756977592756828535761366166991e-01, 2.2308733662851140e-02, 2.7690078596906804e-03
0.18000000, 1.54928986067195247024504887357588215353e+00, -1.88293555381829585654710801427101184051e-01, 1.81604225351975402696356361451079105838e+01, -1.86315388106850780983921113908035518824e-02, 3.33111544759304824718364498467816731187e+00, 2.82676213047596733319220903945285773004e-01, 2.2281707706457796e-02, 2.7409641349457753e-03
0.18100000, 1.54893820524307972081150433158637408872e+00, -1.88291387249483763577330363067393845057e-01, 1.81612401772735476418108756010720225976e+01, -1.87256768249072191098737641059960941554e-02, 3.33136138779758405010290806094299560589e+00, 2.82629403751379385894205804389441446899e-01, 2.2254700500749985e-02, 2.7130257664253366e-03
0.18200000, 1.54858687098679972639616908199175163929e+00, -1.88289199805724841895776716897654896635e-01, 1.81620570725217604723375074140131233384e+01, -1.88197132868442101850544158215035745526e-02, 3.33160705926535834580389165508546852066e+00, 2.82582598983708605668240874269115248773e-01, 2.2227712170440153e-02, 2.6851923926227756e-03
0.18300000, 1.54823585741821605616582090314406788915e+00, -1.88286993086088739344977116160748755054e-01, 1.81628732219287658399793188793159529731e+01, -1.89136482303170707214275337034972508392e-02, 3.33185246253771827488719951012371349552e+00, 2.82535798859649229307984372709514679179e-01, 2.2200742839059957e-02, 2.6574636532229858e-03
0.18400000, 1.54788516405356428366620126655426652452e+00, -1.88284767125991566626228251144494894553e-01, 1.81636886264790548077388872249283868620e+01, -1.90074816891588518048432917034220036354e-02, 3.33209759815417740742137432188824790218e+00, 2.82489003493948257053701349609150065637e-01, 2.2173792628968307e-02, 2.6298391890990701e-03
0.18500000, 1.54753479041020848321664740915636241362e+00, -1.88282521960730029935243725015421798068e-01, 1.81645032871550284643315975427838183337e+01, -1.91012136972144036836789394569172657469e-02, 3.33234246665242294695045478412926255134e+00, 2.82442213001035236869839097150651749886e-01, 2.2146861661359351e-02, 2.6023186423090693e-03
0.18600000, 1.54718473600663773995940524420807504366e+00, -1.88280257625481832681659221902708420624e-01, 1.81653172049370039431615333045578895768e+01, -1.91948442883401446186713060701563630599e-02, 3.33258706856832289966953769217714970387e+00, 2.82395427495022650604197639991668503268e-01, 2.2119950056270415e-02, 2.5749016560926918e-03
0.18700000, 1.54683500036246267349925517171735495362e+00, -1.88277974155306075409171335732503375986e-01, 1.81661303808032204189012178537263932824e+01, -1.92883734964038311003136917968410338698e-02, 3.33283140443593320897133270079101274724e+00, 2.82348647089706302107778565053740451057e-01, 2.2093057932589887e-02, 2.5475878748680440e-03
0.18800000, 1.54648558299841197506943793411135485701e+00, -1.88275671585143653925431594922554005884e-01, 1.81669428157298450817766379329595913670e+01, -1.93818013552843294257716058077784695541e-02, 3.33307547478750485556540455003868214052e+00, 2.82301871898565707268045288803913842772e-01, 2.2066185408065054e-02, 2.5203769442283626e-03
0.18900000, 1.54613648343632895816022049631070703863e+00, -1.88273349949817655650763150678915622647e-01, 1.81677545106909790896584363611110731314e+01, -1.94751278988713886273236452755846877274e-02, 3.33331928015349092337051349596286232247e+00, 2.82255102034764485908970001125454255400e-01, 2.2039332599309883e-02, 2.4932685109387481e-03
0.19000000, 1.54578770119916812254679252754490066486e+00, -1.88271009284033754194713892539628002363e-01, 1.81685654666586634980596203936570958154e+01, -1.95683531610654147443852827143713105633e-02, 3.33356282106255363137918925112264479326e+00, 2.82208337611150755511877101336291866192e-01, 2.2012499621812760e-02, 2.4662622229328994e-03
0.19100000, 1.54543923581099173165353244112308349834e+00, -1.88268649622380602169406411256766084984e-01, 1.81693756846028851681395950608221861005e+01, -1.96614771757772464312244377785004250019e-02, 3.33380609804157133169240689491025223078e+00, 2.82161578740257526711720043550002329670e-01, 2.1985686589944173e-02, 2.4393577293098509e-03
0.19200000, 1.54509108679696640319202812381040129870e+00, -1.88266270999330222248592243393051434704e-01, 1.81701851654915826528137968553806622573e+01, -1.97544999769279318925284593615271606415e-02, 3.33404911161564547392097489621344298151e+00, 2.82114825534303100524048224188795454442e-01, 2.1958893616964346e-02, 2.4125546803307108e-03
0.19300000, 1.54474325368335971301058147417849544792e+00, -1.88263873449238396481265201449631448837e-01, 1.81709939102906520610676725140270514980e+01, -1.98474215984485071390325366480869148547e-02, 3.33429186230810753614899554323986814975e+00, 2.82068078105191467258532961761144476276e-01, 2.1932120815030827e-02, 2.3858527274154009e-03
0.19400000, 1.54439573599753681209326768490037508166e+00, -1.88261457006345053868636315277394567117e-01, 1.81718019199639529005732202792182840297e+01, -1.99402420742797755554695965356449466737e-02, 3.33453435064052592265351663918763353756e+00, 2.82021336564512707075526824637528417670e-01, 2.1905368295206025e-02, 2.3592515231393992e-03
0.19500000, 1.54404853326795705664695986292094123243e+00, -1.88259021704774656213220982317107106024e-01, 1.81726091954733138987057869196444005508e+01, -2.00329614383720887731514323139796541132e-02, 3.33477657713271282857326024031454492645e+00, 2.81974601023543392142728642058289288009e-01, 2.1878636167464697e-02, 2.3327507212304841e-03
0.19600000, 1.54370164502417065121506709910843811801e+00, -1.88256567578536582248737343247459834278e-01, 1.81734157377785388020582929042983101516e+01, -2.01255797246851288395401473988544039639e-02, 3.33501854230273107171808942753643151800e+00, 2.81927871593246990349617571496112783272e-01, 2.1851924540701393e-02, 2.3063499765654800e-03
0.19700000, 1.54335507079681530475706949061068213013e+00, -1.88254094661525510059463663300243196163e-01, 1.81742215478374121545495404449819752079e+01, -2.02180969671876916772179909701688213272e-02, 3.33526024666690089170965755701306271575e+00, 2.81881148384274270537903675239972805344e-01, 2.1825233522737844e-02, 2.2800489451670065e-03
0.19800000, 1.54300881011761289963326689981395037935e+00, -1.88251602987521797797651605255288948165e-01, 1.81750266266057050542227446226749429617e+01, -2.03105131998574718247123122485921697196e-02, 3.33550169073980671664247607262988926898e+00, 2.81834431506963709206819663108053560657e-01, 2.1798563220330312e-02, 2.2538472842002289e-03
0.19900000, 1.54266286251936617343448941852306864994e+00, -1.88249092590191862707541725402803636278e-01, 1.81758309750371808888299164723441101705e+01, -2.04028284566808484516806695201058930280e-02, 3.33574287503430389745343672755716097140e+00, 2.81787721071341898652648867960307622401e-01, 2.1771913739176882e-02, 2.2277446519696114e-03
0.20000000, 1.54231722753595541359684660962103279428e+00, -1.88246563503088558464477306026683819196e-01, 1.81766345940836010502972186965062742036e+01, -2.04950427716526726410091015242814192046e-02, 3.33598380006152541018663189719722369653e+00, 2.81741017187123956502448216591442208806e-01, 2.1745285183924719e-02, 2.2017407079156726e-03
0.20100000, 1.54197190470233516474191963578031204712e+00, -1.88244015759651550837562754709687755525e-01, 1.81774374846947306281659095883537394709e+01, -2.05871561787760559304242050763885445164e-02, 3.33622446633088852633913251617826882173e+00, 2.81694319963713936602482020077767959180e-01, 2.1718677658177267e-02, 2.1758351126117441e-03
0.20200000, 1.54162689355453094868312537042410223607e+00, -1.88241449393207691684263249501032569585e-01, 1.81782396478183440821029887488739604918e+01, -2.06791687120621601062669663903052550789e-02, 3.33646487435010145147220698231036389533e+00, 2.81647629510205241222432913185464722712e-01, 2.1692091264501413e-02, 2.1500275277607311e-03
0.20300000, 1.54128219362963599703930453459692313271e+00, -1.88238864436971391285293087250736466342e-01, 1.81790410844002308935751592576610035721e+01, -2.07710804055299882421232670814630772832e-02, 3.33670502462516993227129608560824425668e+00, 2.81600945935381034537000299518128902371e-01, 2.1665526104434592e-02, 2.1243176161918760e-03
0.20400000, 1.54093780446580799639690682910821250274e+00, -1.88236260924044989028091297754850637406e-01, 1.81798417953842011967792250827202885231e+01, -2.08628912932061769750526318077422801187e-02, 3.33694491766040383223689858595477241296e+00, 2.81554269347714657347034284230552499456e-01, 2.1638982278491858e-02, 2.0987050418575250e-03
0.20500000, 1.54059372560226584596246494855450561310e+00, -1.88233638887419122447134516343830510636e-01, 1.81806417817120913889215496693646899090e+01, -2.09546014091247900122031054808063453711e-02, 3.33718455395842367618736942440701724857e+00, 2.81507599855370043002884374965982067095e-01, 2.1612459886172903e-02, 2.0731894698298975e-03
0.20600000, 1.54024995657928642764736628678735697289e+00, -1.88230998359973094629288859774891040230e-01, 1.81814410443237697199387118113095463280e+01, -2.10462107873271128606461464589601442956e-02, 3.33742393402016716375348765653902263964e+00, 2.81460937566202134493167278859727481224e-01, 2.1585959025969031e-02, 2.0477705662978583e-03
0.20700000, 1.53990649693820138852724608614570109519e+00, -1.88228339374475239992354622370309876311e-01, 1.81822395841571418617510080574788078641e+01, -2.11377194618614487733111006022001352886e-02, 3.33766305834489565204351398790400567368e+00, 2.81414282587757302662676992750392712705e-01, 2.1559479795370092e-02, 2.0224479985636931e-03
0.20800000, 1.53956334622139393561863875927255634131e+00, -1.88225661963583288444909998908964602747e-01, 1.81830374021481564571399670251778669045e+01, -2.12291274667829159039441819967050946997e-02, 3.33790192743020060765632821834283546664e+00, 2.81367635027273765523673148003508036018e-01, 2.1533022290871363e-02, 1.9972214350398870e-03
0.20900000, 1.53922050397229564291583513643686047750e+00, -1.88222966159844727935512745479062778309e-01, 1.81838344992308106483405600536736687813e+01, -2.13204348361532456640619319848311721556e-02, 3.33814054177201002821911491044983255636e+00, 2.81320994991682008625290302539521089285e-01, 2.1506586607980393e-02, 1.9720905452459063e-03
0.21000000, 1.53887796973538327063120247672306379861e+00, -1.88220251995697165399271707006485700534e-01, 1.81846308763371555854383146215109068060e+01, -2.14116416040405822749138612923862993521e-02, 3.33837890186459483362495113534089659115e+00, 2.81274362587605206446311641844987988686e-01, 2.1480172841223799e-02, 1.9470549998049838e-03
0.21100000, 1.53853574305617559658253124186737780236e+00, -1.88217519503468686109753468174976821411e-01, 1.81854265343973019146610618459028581514e+01, -2.15027478045192835075134029318380952421e-02, 3.33861700820057522714454316358675884998e+00, 2.81227737921359644777045428136983681061e-01, 2.1453781084154023e-02, 1.9221144704409069e-03
0.21200000, 1.53819382348123025967127788043690622165e+00, -1.88214768715378211444143020660068508966e-01, 1.81862214743394252466545771632407272065e+01, -2.15937534716697226038404185622264043107e-02, 3.33885486127092702658525940873339807151e+00, 2.81181121098955144056531591790306403946e-01, 2.1427411429356034e-02, 1.8972686299748098e-03
0.21300000, 1.53785221055814061539587622088695590118e+00, -1.88211999663535855069531281735437721891e-01, 1.81870156970897716048309039362945471947e+01, -2.16846586395780913723623104679597506816e-02, 3.33909246156498796566951474351279256371e+00, 2.81134512226095483631789160119364684437e-01, 2.1401063968454005e-02, 1.8725171523219688e-03
0.21400000, 1.53751090383553260334459153810830116583e+00, -1.88209212379943277558156545124201268572e-01, 1.81878092035726628538776832263130520263e+01, -2.17754633423362044510642976235941742390e-02, 3.33932980957046396580347644325264377839e+00, 2.81087911408178826906292833287046630150e-01, 2.1374738792117929e-02, 1.8478597124886016e-03
0.21500000, 1.53716990286306162661269095260160553299e+00, -1.88206406896494039439381492222834546683e-01, 1.81886019947105021085163492874024572225e+01, -2.18661676140413047312226197646911562741e-02, 3.33956690577343537840598441604708732888e+00, 2.81041318750298147345339012318206314851e-01, 2.1348435990070205e-02, 1.8232959865686695e-03
0.21600000, 1.53682920719140944308900155749892026307e+00, -1.88203583244973952696142238304529288314e-01, 1.81893940714237791225965894668581660435e+01, -2.19567714887958699351973402910245189272e-02, 3.33980375065836319796650800419558590065e+00, 2.80994734357241655306428025934364358413e-01, 2.1322155651092177e-02, 1.7988256517406844e-03
0.21700000, 1.53648881637228106855722355929818400139e+00, -1.88200741457061430713561031812612787326e-01, 1.81901854346310756586140091092715480235e+01, -2.20472750007074203415640294735559693671e-02, 3.34004034470809524599989843581744795202e+00, 2.80948158333493225663250256399648734990e-01, 2.1295897863030625e-02, 1.7744483862645186e-03
0.21800000, 1.53614872995840169155765977629049866567e+00, -1.88197881564327836687369663201799753977e-01, 1.81909760852490708377374867451164782186e+01, -2.21376781838883276509459260874090044463e-02, 3.34027668840387232606463991928648435376e+00, 2.80901590783232826192319394178999566747e-01, 2.1269662712804230e-02, 1.7501638694782192e-03
0.21900000, 1.53580894750351359995531507704563692442e+00, -1.88195003598237830499746370811993613993e-01, 1.81917660241925464704322522771642319425e+01, -2.22279810724556249859502004972812494673e-02, 3.34051278222533435001025335640348004750e+00, 2.80855031810336946691746220573590267210e-01, 2.1243450286409976e-02, 1.7259717817948260e-03
0.22000000, 1.53546946856237311916060977268301993108e+00, -1.88192107590149714070125052820181908806e-01, 1.81925552523743923677642710416529137523e+01, -2.23181837005308180186536776083151447587e-02, 3.34074862665052643561846465354925890046e+00, 2.80808481518379028802091189452768074898e-01, 2.1217260668929534e-02, 1.7018718046991937e-03
0.22100000, 1.53513029269074756194923961359871139788e+00, -1.88189193571315775188491904282238030568e-01, 1.81933437707056116334710694969652992720e+01, -2.24082861022396972191248261747654996515e-02, 3.34098422215590497580171458426956673293e+00, 2.80761940010629896499673715815952829986e-01, 2.1191093944535581e-02, 1.6778636207448180e-03
0.22200000, 1.53479141944541218982800189635122212144e+00, -1.88186261572882629838641194537022876303e-01, 1.81941315800953259368836938621061292557e+01, -2.24982883117121512185099839227985148597e-02, 3.34121956921634367952155905298075568049e+00, 2.80715407390058187233150541502706804019e-01, 2.1164950196498101e-02, 1.6539469135506655e-03
0.22300000, 1.53445284838414718589369227194036019749e+00, -1.88183311625891563018818780706111209020e-01, 1.81949186814507807667840512721175611612e+01, -2.25881903630819812802526679661062076106e-02, 3.34145466830513958458848737921180901961e+00, 2.80668883759330783674604897486438414752e-01, 2.1138829507190627e-02, 1.6301213677980087e-03
0.22400000, 1.53411457906573463913246017505791742505e+00, -1.88180343761278868067139115606793764620e-01, 1.81957050756773506662814439194712005537e+01, -2.26779922904867168730554192293015896741e-02, 3.34168951989401904250367181678555022786e+00, 2.80622369220813246056812477659125042504e-01, 2.1112731958096455e-02, 1.6063866692272644e-03
0.22500000, 1.53377661104995554010729237726506615469e+00, -1.88177358009876184499118951043630310030e-01, 1.81964907636785444487916701913077654000e+01, -2.27676941280674323392339501819196833084e-02, 3.34192412445314367550215389467327250997e+00, 2.80575863876570245068769539932843136152e-01, 2.1086657629814812e-02, 1.5827425046348368e-03
0.22600000, 1.53343894389758678798157401758267780852e+00, -1.88174354402410834364628658111361505929e-01, 1.81972757463560103952016329741799848463e+01, -2.28572959099685646521534092451638903599e-02, 3.34215848245111630595597226832613715637e+00, 2.80529367828365995281982815219332702017e-01, 2.1060606602066985e-02, 1.5591885618699646e-03
0.22700000, 1.53310157717039820882695459369720899451e+00, -1.88171332969506157131520082802598296396e-01, 1.81980600246095414323019640628467822071e+01, -2.29467976703377322564763448665740039386e-02, 3.34239259435498685829474255479633135362e+00, 2.80482881177664689080430391059618949808e-01, 2.1034578953702412e-02, 1.5357245298315735e-03
0.22800000, 1.53276451043114958516402281782309968991e+00, -1.88168293741681843103148125856978465110e-01, 1.81988435993370802925697449599589459583e+01, -2.30361994433255549849914495493697396844e-02, 3.34262646063025823360021204492200545804e+00, 2.80436404025630931067507401316855743736e-01, 2.1008574762704734e-02, 1.5123500984651316e-03
0.22900000, 1.53242774324358769668456896506727250553e+00, -1.88165236749354265376961778420259212820e-01, 1.81996264714347246553829782715948408490e+01, -2.31255012630854750458313911408693360898e-02, 3.34286008174089215703033119458018065908e+00, 2.80389936473130172923670252677490849392e-01, 2.0982594106197804e-02, 1.4890649587595111e-03
0.23000000, 1.53209127517244337210448638066529763537e+00, -1.88162162022836810351299157724072537655e-01, 1.82004086417967322697480403721092921564e+01, -2.32147031637735790739269974784890346217e-02, 3.34309345814931499822740934813461638614e+00, 2.80343478620729148688888308303163878805e-01, 2.0956637060451664e-02, 1.4658688027438531e-03
0.23100000, 1.53175510578342855209663517736436238451e+00, -1.88159069592340206787480167687756550541e-01, 1.82011901113155260586209250133420563243e+01, -2.33038051795484212405837530958087330308e-02, 3.34332659031642356486395419464908869769e+00, 2.80297030568696310444402483735717359467e-01, 2.0930703700888477e-02, 1.4427613234844382e-03
0.23200000, 1.53141923464323336325326085708767971092e+00, -1.88155959487972853434249756136578154664e-01, 1.82019708808816992049026690707180546419e+01, -2.33928073445708474151049951216279484305e-02, 3.34355947870159086947883295543204522371e+00, 2.80250592417002264368676144308770177725e-01, 2.0904794102088424e-02, 1.4197422150815609e-03
0.23300000, 1.53108366131952320302782864331152966850e+00, -1.88152831739741145221584351295265967359e-01, 1.82027509513840202191889356351137932090e+01, -2.34817096930038203724243617617459521257e-02, 3.34379212376267186975543820455969949752e+00, 2.80204164265320207142805080429417831539e-01, 2.0878908337795565e-02, 1.3968111726664096e-03
0.23400000, 1.53074838538093583560640072371447180373e+00, -1.88149686377549798030833933437121080249e-01, 1.82035303237094379893533161576462473451e+01, -2.35705122590122460407479528197678395606e-02, 3.34402452595600918239259248702575409219e+00, 2.80157746213026362681030230078481044252e-01, 2.0853046480923655e-02, 1.3739678923979504e-03
0.23500000, 1.53041340639707849865894838792544540337e+00, -1.88146523431202172048132331147532821557e-01, 1.82043089987430868120435023179731212238e+01, -2.36592150767628007832443095565763610759e-02, 3.34425668573643877071798347722122111484e+00, 2.80111338359200419162369269008904378299e-01, 2.0827208603561932e-02, 1.3512120714598171e-03
0.23600000, 1.53007872393852502092125421382361118827e+00, -1.88143342930400593707968723712248032507e-01, 1.82050869773682914061690696986149464652e+01, -2.37478181804237597078577127590017024487e-02, 3.34448860355729560619298526898978848391e+00, 2.80064940802625966339751250034909184546e-01, 2.0801394776980860e-02, 1.3285434080572045e-03
0.23700000, 1.52974433757681295055832101896181611581e+00, -1.88140144904746676233773979796126960952e-01, 1.82058642604665719084592091916840113669e+01, -2.38363216041648259993574351213703876531e-02, 3.34472027987041930395679146326256989801e+00, 2.80018553641790933103402194506679434757e-01, 2.0775605071637838e-02, 1.3059616014137685e-03
0.23800000, 1.52941024688444069426046426234595656082e+00, -1.88136929383741638782336365983285187459e-01, 1.82066408489176488511683383238215305898e+01, -2.39247253821569612677724688577851778289e-02, 3.34495171512615973255686197627646906479e+00, 2.79972176974888025275588971943732416259e-01, 2.0749839557182875e-02, 1.2834663517685291e-03
0.23900000, 1.52907645143486466702352296696801265927e+00, -1.88133696396786624198822315065272284834e-01, 1.82074167435994481220071233438155073641e+01, -2.40130295485722169073978837611513264311e-02, 3.34518290977338259801176788694297560189e+00, 2.79925810899815163614183997629135141960e-01, 2.0724098302464220e-02, 1.2610573603727806e-03
0.24000000, 1.52874295080249645256488104604084743439e+00, -1.88130445973183015389139351365831227188e-01, 1.82081919453881059063760439591329268753e+01, -2.41012341375835664605953565944396506215e-02, 3.34541386425947500235160713267248153702e+00, 2.79879455514175922002864281915847588258e-01, 2.0698381375533969e-02, 1.2387343294870054e-03
0.24100000, 1.52840974456269997432724616661441916290e+00, -1.88127178142132750316339927068999049171e-01, 1.82089664551579736119782360164085341518e+01, -2.41893391833647389806465516122706007910e-02, 3.34564457903035097678025840577864531054e+00, 2.79833110915279965806105227637755153018e-01, 2.0672688843653619e-02, 1.2164969623777933e-03
0.24200000, 1.52807683229178867702238698387964988682e+00, -1.88123892932738635627726827676525656330e-01, 1.82097402737816227758879531808665260516e+01, -2.42773447200900533879539260230500880811e-02, 3.34587505453045698960284115468408982534e+00, 2.79786777200143490367472341333456359205e-01, 2.0647020773299604e-02, 1.1943449633147664e-03
0.24300000, 1.52774421356702271866728173861972473278e+00, -1.88120590374004658919282954579849106622e-01, 1.82105134021298499541505967649088039577e+01, -2.43652507819342538139191851547864224439e-02, 3.34610529120277742906085611300830389122e+00, 2.79740454465489659630052747380014141678e-01, 2.0621377230168780e-02, 1.1722780375675091e-03
0.24400000, 1.52741188796660617306538183949974628563e+00, -1.88117270494836299644010686524459545745e-01, 1.82112858410716815939898732710005209852e+01, -2.44530574030723459268650218074687638135e-02, 3.34633528948884006121659322301453427040e+00, 2.79694142807749044858203118420681172962e-01, 2.0595758279183885e-02, 1.1502958914025027e-03
0.24500000, 1.52707985506968424268594316166458338681e+00, -1.88113933324040838670728657717815199294e-01, 1.82120575914743788886972519329548085874e+01, -2.45407646176794342344009445726277597941e-02, 3.34656504982872146302751214588488656184e+00, 2.79647842323060063440121406910855089575e-01, 2.0570163984498957e-02, 1.1283982320800664e-03
0.24600000, 1.52674811445634048189462539383172735216e+00, -1.88110578890327666499836666747441164789e-01, 1.82128286542034426152785095473148631869e+01, -2.46283724599305603566689325727353462118e-02, 3.34679457266105243075042471822728964101e+00, 2.79601553107269417751076626894820497419e-01, 2.0544594409504723e-02, 1.1065847678513029e-03
0.24700000, 1.52641666570759403048880586803211076619e+00, -1.88107207222308590142522545608715351624e-01, 1.82135990301226179549317671674199134637e+01, -2.47158809640005422649393509010423123688e-02, 3.34702385842302336381443868072386727783e+00, 2.79555275255932534057453937402609045015e-01, 2.0519049616833948e-02, 1.0848552079550494e-03
0.24800000, 1.52608550840539685749129891959974747178e+00, -1.88103818348498138669848170281146017225e-01, 1.82143687200938992964310427717037321332e+01, -2.48032901640638144800620237933420993585e-02, 3.34725290755038962430075772981963710128e+00, 2.79509008864314001442091463714667811000e-01, 2.0493529668366755e-02, 1.0632092626148349e-03
0.24900000, 1.52575464213263101515641496009545214848e+00, -1.88100412297313867438115381740322113893e-01, 1.82151377249775350224889657997059699693e+01, -2.48906000942942692253115929895938337898e-02, 3.34748172047747687216657438601657166762e+00, 2.79462754027388010731700704234574648718e-01, 2.0468034625235903e-02, 1.0416466430358418e-03
0.25000000, 1.52542406647310590314253511264832470169e+00, -1.88096989097076660996876407366332200861e-01, 1.82159060456320322791719234591863084164e+01, -2.49778107888650985282002885836353593580e-02, 3.34771029763718637634943929215399539326e+00, 2.79416510839838793407474052355589554880e-01, 2.0442564547832037e-02, 1.0201670614018738e-03
0.25100000, 1.52509378101155554280561746771211252105e+00, -1.88093548776011034685917425737854162374e-01, 1.82166736829141617284405349307399171687e+01, -2.50649222819486372658650106374860871431e-02, 3.34793863946100030188764331177359186421e+00, 2.79370279396061060480290957497032545685e-01, 2.0417119495808906e-02, 9.9877023087232902e-04
0.25200000, 1.52476378533363586156828977738705121757e+00, -1.88090091362245434927508201127146887529e-01, 1.82174406376789622838879780176517390169e+01, -2.51519346077162071486691636630435800242e-02, 3.34816674637898697319130715131455641811e+00, 2.79324059790160441312238599892360782611e-01, 2.0391699528088538e-02, 9.7745586557917911e-04
0.25300000, 1.52443407902592198731942072810111085161e+00, -1.88086616883812538220175225990817555883e-01, 1.82182069107797458297483233937386714027e+01, -2.52388478003379616366930044444512550082e-02, 3.34839461881980611359803714076591191593e+00, 2.79277852115953922366463701689252961856e-01, 2.0366304702866392e-02, 9.5622368062395344e-04
0.25400000, 1.52410466167590555279929782435286933282e+00, -1.88083125368649548840220548753531489379e-01, 1.82189725030681019232466643760640201932e+01, -2.53256618939827317838193582713860980534e-02, 3.34862225721071406134617523609723929965e+00, 2.79231656466970285867669283922091202669e-01, 2.0340935077616471e-02, 9.3507339207472939e-04
0.25500000, 1.52377553287199200992577439009260139933e+00, -1.88079616844598495257173428588745573640e-01, 1.82197374153939024803624650782272959914e+01, -2.54123769228178730041544311456303767559e-02, 3.34884966197756896209784621414744750422e+00, 2.79185472936450548355863845886574064122e-01, 2.0315590709096403e-02, 9.1400471696312815e-04
0.25600000, 1.52344669220349795401698125878630692152e+00, -1.88076091339406525269327147106871165394e-01, 1.82205016486053064450771868691016265660e+01, -2.54989929210091127555560975656337729621e-02, 3.34907683354483593814318537779656042651e+00, 2.79139301617348399116260630837152050642e-01, 2.0290271653352488e-02, 8.9301737328131631e-04
0.25700000, 1.52311813926064845786643038782420829189e+00, -1.88072548880726199865478717274507248796e-01, 1.82212652035487644421768922571844962445e+01, -2.55855099227203991350744767279843259723e-02, 3.34930377233559223441631583757071306168e+00, 2.79093142602330638468511389703780960568e-01, 2.0264977965724717e-02, 8.7211107997901325e-04
0.25800000, 1.52278987363457441562656790718343808899e+00, -1.88068989496115785818954860928627076738e-01, 1.82220280810690234136801666280246495261e+01, -2.56719279621137503811418260391077202493e-02, 3.34953047877153234145283554699713064441e+00, 2.79046995983777615898742402165311400632e-01, 2.0239709700851754e-02, 8.5128555696050424e-04
0.25900000, 1.52246189491730989645706300554534405837e+00, -1.88065413213039547019973476349438722822e-01, 1.82227902820091312389613416674731283047e+01, -2.57582470733491052773807813202197622979e-02, 3.34975695327297309541777070496252638016e+00, 2.79000861853783668018140500925773460933e-01, 2.0214466912675886e-02, 8.3054052508165950e-04
0.26000000, 1.52213420270178950789434657874119818464e+00, -1.88061820058868034552355884960040146943e-01, 1.82235518072104413386386497928678673930e+01, -2.58444672905841744529317596155934746488e-02, 3.34998319625885875533215386122959352098e+00, 2.78954740304157556332113508948808107801e-01, 2.0189249654447945e-02, 8.0987570614695902e-04
0.26100000, 1.52180679658184576889913972472585082441e+00, -1.88058210060878375520571429787194805662e-01, 1.82243126575126172622965864738905171886e+01, -2.59305886479742925742319146676249500279e-02, 3.35020920814676605762559203359094690700e+00, 2.78908631426422904804322878781145594231e-01, 2.0164057978732193e-02, 7.8929082290652336e-04
0.26200000, 1.52147967615220649253893697545694660707e+00, -1.88054583246254560633062496314974589376e-01, 1.82250728337536372601114069410249641183e+01, -2.60166111796722714232093984781881036509e-02, 3.35043498935290924814140232960978540779e+00, 2.78862535311818637200156455545371309145e-01, 2.0138891937411180e-02, 7.6878559905315029e-04
0.26300000, 1.52115284100849217826263261821840967323e+00, -1.88050939642087730547764737273125638863e-01, 1.82258323367697988384483354386946133963e+01, -2.61025349198282538568878364978106097779e-02, 3.35066054029214509172010992549500749083e+00, 2.78816452051299414194476207858405043142e-01, 2.0113751581690570e-02, 7.4835975921935753e-04
0.26400000, 1.52082629074721341372470058613304666303e+00, -1.88047279275376460985704205218240510600e-01, 1.82265911673957232994987188687557548004e+01, -2.61883599025895686434268704231025614575e-02, 3.35088586137797785948632575262890602861e+00, 2.78770381735536070228739520540039574923e-01, 2.0088636962103929e-02, 7.2801302897443129e-04
0.26500000, 1.52050002496576828611655919885425235134e+00, -1.88043602173027046618520228993453562465e-01, 1.82273493264643602650250123746729339078e+01, -2.62740861621005861696553628769260563494e-02, 3.35111095302256429396324884210993517873e+00, 2.78724324454916050102853255777707635933e-01, 2.0063548128517495e-02, 7.0774513482148102e-04
0.26600000, 1.52017404326243980296297151863735580432e+00, -1.88039908361853783735730210808454622469e-01, 1.82281068148069921842811421240938798679e+01, -2.63597137325025750151843939208978628431e-02, 3.35133581563671855213827094315064169221e+00, 2.78678280299543845287377301234296450124e-01, 2.0038485130134904e-02, 6.8755580419450003e-04
0.26700000, 1.51984834523639332234155026302656971134e+00, -1.88036197868579251697520068294829960128e-01, 1.82288636332532388261754502444690677558e+01, -2.64452426479335593882175119195571673638e-02, 3.35156044962991712660239872629673384792e+00, 2.78632249359241429941948769818390666022e-01, 2.0013448015501894e-02, 6.6744476545543231e-04
0.26800000, 1.51952293048767399248365309204684609264e+00, -1.88032470719834593178811799002331613312e-01, 1.82296197826310617557430885397146797687e+01, -2.65306729425281774182058322413016061411e-02, 3.35178485541030374488545157147682834853e+00, 2.78586231723548696626049431447380415048e-01, 1.9988436832510977e-02, 6.4741174789124540e-04
0.26900000, 1.51919779861720420071516967378837971533e+00, -1.88028726942159793210327601961340473844e-01, 1.82303752637667687949943912526844318962e+01, -2.66160046504175403005255081323067453792e-02, 3.35200903338469424710824058837599801289e+00, 2.78540227481723891688487376668772802768e-01, 1.9963451628406076e-02, 6.2745648171100933e-04
0.27000000, 1.51887294922678103169591623627690016549e+00, -1.88024966562003957022338150708572902408e-01, 1.82311300774850184682054227254781176855e+01, -2.67012378057290922883848303134263071394e-02, 3.35223298395858144207218708732366177885e+00, 2.78494236722744050322209369593116010758e-01, 1.9938492449787142e-02, 6.0757869804298184e-04
0.27100000, 1.51854838191907373491656634413233991082e+00, -1.88021189605725586696750973131288633518e-01, 1.82318842246088244317165633345504849609e+01, -2.67863724425864715271977468919772304239e-02, 3.35245670753613994190609617782149383806e+00, 2.78448259535305431271302876951619399897e-01, 1.9913559342614726e-02, 5.8777812893169960e-04
0.27200000, 1.51822409629762120141225840426479997608e+00, -1.88017396099592856633163454215352215717e-01, 1.82326377059595598883046665274651591994e+01, -2.68714085951093717266899345040287262042e-02, 3.35268020452023097538906348428238908283e+00, 2.78402296007823951177286394535448357115e-01, 1.9888652352214542e-02, 5.6805450733507581e-04
0.27300000, 1.51790009196682944965223091420908363720e+00, -1.88013586069783887834473736881007607824e-01, 1.82333905223569619861939911503302051867e+01, -2.69563462974134046660326966503536530990e-02, 3.35290347531240718006776010002681285588e+00, 2.78356346228435618552023464713600091466e-01, 1.9863771523281977e-02, 5.4840756712150385e-04
0.27400000, 1.51757636853196912056504572806336873722e+00, -1.88009759542387021017611752164640894867e-01, 1.82341426746191362027707865169127564472e+01, -2.70411855836099635273289173910139242907e-02, 3.35312652031291737328561281685355652537e+00, 2.78310410284996967364829721678176645974e-01, 1.9838916899886594e-02, 5.2883704306696734e-04
0.27500000, 1.51725292559917298165916763671710820982e+00, -1.88005916543401088554921761673499188350e-01, 1.82348941635625607130660828197101009701e+01, -2.71259264878060870528040593386247919664e-02, 3.35334933992071130224067333457782676751e+00, 2.78264488265085490231573446654738099627e-01, 1.9814088525476589e-02, 5.0934267085215629e-04
0.27600000, 1.51692976277543344019887534940909944035e+00, -1.88002057098735685251697141132456052511e-01, 1.82356449900020907430709165074950891825e+01, -2.72105690441043245210837656462968615468e-02, 3.35357193453344437318825153906343582005e+00, 2.78218580256000071193798495280062497488e-01, 1.9789286442883230e-02, 4.8992418705958970e-04
0.27700000, 1.51660687966860006539568453086831619924e+00, -1.87998181234211437965337672597306072205e-01, 1.82363951547509629079478991407866204946e+01, -2.72951132866026015379680078194454798649e-02, 3.35379430454748235990367400496183637783e+00, 2.78172686344761418076124105047487756393e-01, 1.9764510694325261e-02, 4.7058132917074436e-04
0.27800000, 1.51628427588737711957566790051588500311e+00, -1.87994288975560274071569343178172307553e-01, 1.82371446586207995352027189741429277349e+01, -2.73795592493940866371399160762737068397e-02, 3.35401645035790609151981959734312142969e+00, 2.78126806618112494410399033131803066272e-01, 1.9739761321413281e-02, 4.5131383556319004e-04
0.27900000, 1.51596195104132109828326054554420848670e+00, -1.87990380348425688783136568560366743717e-01, 1.82378935024216129728788470900471135447e+01, -2.74639069665670586862754380138968232968e-02, 3.35423837235851611985337938163578578903e+00, 2.78080941162518950915307744640084630117e-01, 1.9715038365154092e-02, 4.3212144550773100e-04
0.28000000, 1.51563990474083827928234054617625112821e+00, -1.87986455378363011326346868899819661263e-01, 1.82386416869618098828384043114499186615e+01, -2.75481564722047750940477958689294932898e-02, 3.35446007094183736633308797099313759302e+00, 2.78035090064169556520343998633162125614e-01, 1.9690341865955024e-02, 4.1300389916555389e-04
0.28100000, 1.51531813659718228041557576702232144168e+00, -1.87982514090839669980818321487682339332e-01, 1.82393892130481955191918313368406456588e+01, -2.76323078003853408135483540451698858248e-02, 3.35468154649912374864247791182066694260e+00, 2.77989253408976628923282194002851906036e-01, 1.9665671863628224e-02, 3.9396093758538202e-04
0.28200000, 1.51499664622245162628322724111206639652e+00, -1.87978556511235455987750597615842848082e-01, 1.82401360814859779919386925612070505368e+01, -2.77163609851815781376729681582738305289e-02, 3.35490279942036278718901769941071825262e+00, 2.77943431282576464670489268992529477144e-01, 1.9641028397394926e-02, 3.7499230270063606e-04
0.28300000, 1.51467543322958732370279797074592203960e+00, -1.87974582664842786332011059033964840069e-01, 1.82408822930787725158816338566785764058e+01, -2.78003160606608972820501659488126785967e-02, 3.35512383009428019151080749435173300130e+00, 2.77897623770329768749629825978815002282e-01, 1.9616411505889684e-02, 3.5609773732660114e-04
0.28400000, 1.51435449723237044591111319958482922787e+00, -1.87970592576866965403298240981419525437e-01, 1.82416278486286056448752061763697724339e+01, -2.78841730608851677511146103610507240623e-02, 3.35534463890834442673132454475394666401e+00, 2.77851830957322083684524505906197076261e-01, 1.9591821227164588e-02, 3.3727698515760043e-04
0.28500000, 1.51403383784541972547061428112379697320e+00, -1.87966586272426445541616082726268483746e-01, 1.82423727489359194914709602023821695411e+01, -2.79679320199105904829562171848570456984e-02, 3.35556522624877126017203267773670171862e+00, 2.77806052928364218122126492955019208647e-01, 1.9567257598693446e-02, 3.1852979076417516e-04
0.28600000, 1.51371345468418915584184318756080299007e+00, -1.87962563776553086472263481580303641955e-01, 1.82431169947995759320199123725974605683e+01, -2.80515929717875707686020452116642591640e-02, 3.35578559250052828823199697465818423706e+00, 2.77760289767992674901783417755959826750e-01, 1.9542720657375938e-02, 2.9985589959027113e-04
0.28700000, 1.51339334736496560158428847770770623772e+00, -1.87958525114192413635515141225907563389e-01, 1.82438605870168607972931794794002056690e+01, -2.81351559505605919414146471512615287001e-02, 3.35600573804733944364297585706745153469e+00, 2.77714541560470078597151874533568544024e-01, 1.9518210439541748e-02, 2.8125505795043167e-04
0.28800000, 1.51307351550486641714795618056813669696e+00, -1.87954470310203875416141258638738735227e-01, 1.82446035263834880486812776254848926179e+01, -2.82186209902680898323169658731860751014e-02, 3.35622566327168948320779825337808077073e+00, 2.77668808389785602521329301427400643291e-01, 1.9493726980954668e-02, 2.6272701302699721e-04
0.28900000, 1.51275395872183707421822056004669157798e+00, -1.87950399389361099277885344681196570156e-01, 1.82453458136936039400322816361925919033e+01, -2.83019881249423279865800841431358676636e-02, 3.35644536855482845612917325908416714722e+00, 2.77623090339655395185963121032935705175e-01, 1.9469270316816670e-02, 2.4427151286731126e-04
0.29000000, 1.51243467663464879757670011341676853769e+00, -1.87946312376352146807991400346068549752e-01, 1.82460874497397911651887430532306910908e+01, -2.83852573886092736379361881796881923713e-02, 3.35666485427677615303542371546742294012e+00, 2.77577387493523006205289826732229688726e-01, 1.9444840481771961e-02, 2.2588830638093303e-04
0.29100000, 1.51211566886289620944109342906861535416e+00, -1.87942209295779767676843772427980993192e-01, 1.82468284353130729912829685600801206174e+01, -2.84684288152884744358049873082256837831e-02, 3.35688412081632653580898338290522766364e+00, 2.77531699934559811636247156131915039794e-01, 1.9420437509911004e-02, 2.0757714333685652e-04
0.29200000, 1.51179693502699498224709769503777455138e+00, -1.87938090172161652517755287881943224022e-01, 1.82475687712029173778499661038931111247e+01, -2.85515024389929359214475449760099558633e-02, 3.35710316855105214832284984503048826508e+00, 2.77486027745665438745990642062781826697e-01, 1.9396061434774514e-02, 1.8933777436073627e-04
0.29300000, 1.51147847474817949983571971617608852596e+00, -1.87933955029930684731911714092395050522e-01, 1.82483084581972410818170730713153954298e+01, -2.86344782937289997488870216436706256782e-02, 3.35732199785730850818954191928091892462e+00, 2.77440371009468190198331699976956167299e-01, 1.9371712289357437e-02, 1.7116995093211962e-04
0.29400000, 1.51116028764850052700947527181821737769e+00, -1.87929803893435191223453211530988056327e-01, 1.82490474970824137484289896355933230501e+01, -2.87173564134962226464612088031469208813e-02, 3.35754060911023847962647113819129791146e+00, 2.77394729808325467650798023752855480662e-01, 1.9347390106112886e-02, 1.5307342538168559e-04
0.29500000, 1.51084237335082288742115753460842791019e+00, -1.87925636786939192069646234644268721112e-01, 1.82497858886432619881666508087902907440e+01, -2.88001368322872561148969467998516764128e-02, 3.35775900268377662754100177472710884818e+00, 2.77349104224324194754198445126657101561e-01, 1.9323094916956072e-02, 1.3504795088849040e-04
0.29600000, 1.51052473147882314975903908192469747164e+00, -1.87921453734622649131072295109992948425e-01, 1.82505236336630734397180827952575454228e+01, -2.88828195840877268578215684574965886707e-02, 3.35797717895065355293784288484631149381e+00, 2.77303494339281239546753590152527576331e-01, 1.9298826753268189e-02, 1.1709328147721955e-04
0.29700000, 1.51020736165698732219255477115706611022e+00, -1.87917254760581713606733127668508227451e-01, 1.82512607329236008190591029400781413788e+01, -2.89654047028761179406513969081302144910e-02, 3.35819513828240020975078890233591520168e+00, 2.77257900234743836235030663895131864108e-01, 1.9274585645900294e-02, 9.9209172015446610e-05
0.29800000, 1.50989026351060855504269442599988018954e+00, -1.87913039888828972538945091417950500479e-01, 1.82519971872050659547014378885023926271e+01, -2.90478922226236506738220506986187211630e-02, 3.35841288104935220320020241604180551445e+00, 2.77212321991990006354095536325684231462e-01, 1.9250371625177146e-02, 8.1395378210898580e-05
0.29900000, 1.50957343666578485164151489988682453334e+00, -1.87908809143293694272869097612239767615e-01, 1.82527329972861638091655515089671108373e+01, -2.91302821772941672163498733498619910311e-02, 3.35863040762065406977701385934496086057e+00, 2.77166759692028979299468012185236901176e-01, 1.9226184720901025e-02, 6.3651656608727963e-05
0.30000000, 1.50925688074941678734536065166608767050e+00, -1.87904562547822072875495977481131730460e-01, 1.82534681639440664867351926727630115354e+01, -2.92125746008440138957382092490782215899e-02, 3.35884771836426353895339791779530187485e+00, 2.77121213415601612223636769167325452273e-01, 1.9202024962355534e-02, 4.5977764588791474e-05
0.30100000, 1.50894059538920523666656049446263224062e+00, -1.87900300126177471518880989272716968094e-01, 1.82542026879544272275503931174832541467e+01, -2.92947695272219252402664942119572878184e-02, 3.35906481364695577671967548506455387537e+00, 2.77075683243180809290058965644394445987e-01, 1.9177892378309364e-02, 2.8373460362935442e-05
0.30200000, 1.50862458021364910848854566823708210131e+00, -1.87896021902040664832395111480220090901e-01, 1.82549365700913843880953673388235072663e+01, -2.93768669903689087197242184047586504891e-02, 3.35928169383432761104638294189704874476e+00, 2.77030169254971940277735974526577795485e-01, 1.9153786997020040e-02, 1.0838502972287890e-05
0.30300000, 1.50830883485204308932951084660807165970e+00, -1.87891727899010080228734877944773577853e-01, 1.82556698111275654081374897459559682865e+01, -2.94588670242181301906757527019060973930e-02, 3.35949835929080173936984736980314613076e+00, 2.76984671530913258529621116628876169837e-01, 1.9129708846237648e-02, -6.6273477154426826e-06
0.30400000, 1.50799335893447539461991512578946579569e+00, -1.87887418140602038208406779120555965411e-01, 1.82564024118340907641732491694850197894e+01, -2.95407696626948000423658080987893975548e-02, 3.35971481037963091819900701333880874169e+00, 2.76939190150676318238277667791923849629e-01, 1.9105657953208529e-02, -2.4024331008661815e-05
0.30500000, 1.50767815209182552795929446468903447850e+00, -1.87883092650250991647376681153248757206e-01, 1.82571343729805779094368072179015350350e+01, -2.96225749397160600393989226199662455752e-02, 3.35993104746290213494062084463448176700e+00, 2.76893725193666391062365821340979216565e-01, 1.9081634344678955e-02, -4.1352685394576885e-05
0.30600000, 1.50736321395576204831803045695568281049e+00, -1.87878751451309764072549299470492980402e-01, 1.82578656953351452005265149285487979367e+01, -2.97042828891908708573498423686502925315e-02, 3.36014707090154076203941943426590524321e+00, 2.76848276739022882067695723399666024396e-01, 1.9057638046898779e-02, -5.8612648541878179e-05
0.30700000, 1.50704854415874034514989272463465760527e+00, -1.87874394567049786929717505235512007734e-01, 1.82585963796644158107044716425292438597e+01, -2.97858935450199003074849840544704176093e-02, 3.36036288105531469352916146668806066751e+00, 2.76802844865619744986740184958312179307e-01, 1.9033669085625059e-02, -7.5804457303413246e-05
0.30800000, 1.50673414233400042138134363563286081605e+00, -1.87870022020661335848596140202125252865e-01, 1.82593264267335216299239410399219771710e+01, -2.98674069410954122467983366045788049658e-02, 3.36057847828283846408997612956916473770e+00, 2.76757429652065896790655233030495284761e-01, 1.9009727486125666e-02, -9.2928347718854496e-05
0.30900000, 1.50642000811556468424376446990058954690e+00, -1.87865633835253765909530067168968013235e-01, 1.82600558373061071516391717924204991606e+01, -2.99488231113011561695881803913186788124e-02, 3.36079386294157735070679122795002786699e+00, 2.76712031176705631568009315057851990766e-01, 1.8985813273182859e-02, -1.0998455501736007e-04
0.31000000, 1.50610614113823574391493159854567030579e+00, -1.87861230033855745916441388308895650215e-01, 1.82607846121443333464519043153819513053e+01, -3.00301420895122574768238752724189870059e-02, 3.36100903538785145702307019989695460713e+00, 2.76666649517619033704572737030955113608e-01, 1.8961926471096846e-02, -1.2697331362022792e-04
0.31100000, 1.50579254103759421993623970240830414732e+00, -1.87856810639415491680556121100336803345e-01, 1.82615127520088815226485806207160078349e+01, -3.01113639095951084195746941032516860206e-02, 3.36122399597683978048350821409035032396e+00, 2.76621284752622390358667817421200631808e-01, 1.8938067103689312e-02, -1.4389485714354321e-04
0.31200000, 1.50547920744999655537233654829087022774e+00, -1.87852375674800998319426130372766738874e-01, 1.82622402576589571736820112765142575043e+01, -3.01924886054072597127952577029342446330e-02, 3.36143874506258426235876818566660735964e+00, 2.76575936959268603226727296555814428548e-01, 1.8914235194306935e-02, -1.6074941840081884e-04
0.31300000, 1.50516614001257283868000036836133789404e+00, -1.87847925162800271575737774068373296263e-01, 1.82629671298522938126509919593782337312e+01, -3.02735162107973128157845614866008614552e-02, 3.36165328299799382074477182887030427796e+00, 2.76530606214847599593853774861500965293e-01, 1.8890430765824872e-02, -1.7753722940562930e-04
0.31400000, 1.50485333836322463325325645749107811368e+00, -1.87843459126121558160374528694072435502e-01, 1.82636933693451567938311020316622045489e+01, -3.03544467596048128756578741564347103489e-02, 3.36186761013484836662849874813094964798e+00, 2.76485292596386742664316383556697062373e-01, 1.8866653840650223e-02, -1.9425852137423767e-04
0.31500000, 1.50454080214062281461189422066175100270e+00, -1.87838977587393575124176817077734456515e-01, 1.82644189768923471213096589789881930915e+01, -3.04352802856601423301929360073724667185e-02, 3.36208172682380280311168802769690536037e+00, 2.76439996180651241167062537754172642198e-01, 1.8842904440725475e-02, -2.1091352472821591e-04
0.31600000, 1.50422853098420541520070957425068654373e+00, -1.87834480569165738262818364942925622699e-01, 1.82651439532472052447775453941644693101e+01, -3.05160168227844151664338895750405513758e-02, 3.36229563341439100788328178877071555045e+00, 2.76394717044144558231462504175589710498e-01, 1.8819182587531920e-02, -2.2750246909705828e-04
0.31700000, 1.50391652453417547676696033710433932360e+00, -1.87829968093908389559194662978393099042e-01, 1.82658682991616148425303694828596477074e+01, -3.05966564047893718314582395507641881434e-02, 3.36250933025502979903089871721407850032e+00, 2.76349455263108819528642653175671193282e-01, 1.8795488302093059e-02, -2.4402558332078806e-04
0.31800000, 1.50360478243149891028368404591536903827e+00, -1.87825440184013023667695506510220325785e-01, 1.82665920153860065917311657849324517186e+01, -3.06771990654772747917338631208023769764e-02, 3.36272281769302288428107759953235672018e+00, 2.76304210913525220673899676694097321852e-01, 1.8771821604977973e-02, -2.6048309545255738e-04
0.31900000, 1.50329330431790236338668850056722689806e+00, -1.87820896861792513444710124601845591430e-01, 1.82673151026693619259865899441367536249e+01, -3.07576448386408047375146771558606573421e-02, 3.36293609607456479375748641539779322560e+00, 2.76258984071114433885822759039380854838e-01, 1.8748182516304677e-02, -2.7687523276124033e-04
0.32000000, 1.50298208983587109529318529479387941705e+00, -1.87816338149481334529690093433190790040e-01, 1.82680375617592167802883099090214366341e+01, -3.08379937580629574287450159762013451401e-02, 3.36314916574474479634575149700095470959e+00, 2.76213774811337013897883704777779977689e-01, 1.8724571055743457e-02, -2.9320222173401923e-04
0.32100000, 1.50267113862864685917019562167140176385e+00, -1.87811764069235788981072054175582457025e-01, 1.82687593934016653233710459002973940334e+01, -3.09182458575169411789640837333815728004e-02, 3.36336202704755079975302365478707618536e+00, 2.76168583209393803118386375947303718353e-01, 1.8700987242520177e-02, -3.0946428807896407e-04
0.32200000, 1.50236045034022579192101576801975280139e+00, -1.87807174643134227971339222321864619526e-01, 1.82694805983413636775384628258851961063e+01, -3.09984011707660749737230197602333663145e-02, 3.36357468032587323434986396157468039057e+00, 2.76123409340226336034796487618781323235e-01, 1.8677431095419570e-02, -3.2566165672760521e-04
0.32300000, 1.50205002461535631135818693261177629667e+00, -1.87802569893177273545477782596252869440e-01, 1.82702011773215336260078715554849179166e+01, -3.10784597315636872200481545170086789258e-02, 3.36378712592150892088150105878462644101e+00, 2.76078253278517242858600874543430312529e-01, 1.8653902632788506e-02, -3.4179455183749917e-04
0.32400000, 1.50173986109953702073157032598491065131e+00, -1.87797949841288039447061510208400179284e-01, 1.82709211310839663078244495730848218147e+01, -3.11584215736530151235049389669822923169e-02, 3.36399936417516492213498437582371511625e+00, 2.76033115098690652406971790106531130626e-01, 1.8630401872539240e-02, -3.5786319679478773e-04
0.32500000, 1.50142995943901462058028394040999979569e+00, -1.87793314509312351016175344390305453246e-01, 1.82716404603690259003954469996702265151e+01, -3.12382867307671046894378023051216243338e-02, 3.36421139542646237864823351304060700042e+00, 2.75987994874912594217636649686010627183e-01, 1.8606928832152633e-02, -3.7386781421675007e-04
0.32600000, 1.50112031928078182787741192293029223058e+00, -1.87788663919018964163366162929634195438e-01, 1.82723591659156532896946008108913947165e+01, -3.13180552366287113449818328871906177790e-02, 3.36442322001394032854646320675170315191e+00, 2.75942892681091399893476901220989850491e-01, 1.8583483528681363e-02, -3.8980862595434819e-04
0.32700000, 1.50081094027257530243655114804037800524e+00, -1.87783998092099783423786665862287634088e-01, 1.82730772484613697281867382570438072555e+01, -3.13977271249502011784626859050240916331e-02, 3.36463483827505951159094574844434445122e+00, 2.75897808590878103673501413550975161638e-01, 1.8560065978753107e-02, -4.0568585309476552e-04
0.32800000, 1.50050182206287358054941237518682711670e+00, -1.87779317050170079095676071691157081655e-01, 1.82737947087422804805223100169102132815e+01, -3.14773024294334527928214997605930590678e-02, 3.36484625054620615752455844640149473800e+00, 2.75852742677666842226959934910466049222e-01, 1.8536676198573702e-02, -4.2149971596393862e-04
0.32900000, 1.50019296430089501582384529545656026321e+00, -1.87774620814768703467299259544336113170e-01, 1.82745115474930784570513544743756093352e+01, -3.15567811837697597697218521335802056230e-02, 3.36505745716269575879805267382582209210e+00, 2.75807695014595253667480806674692773974e-01, 1.8513314203930289e-02, -4.3725043412908212e-04
0.33000000, 1.49988436663659572719180782715224700450e+00, -1.87769909407358306136444054668876347520e-01, 1.82752277654470478352061566888774037416e+01, -3.16361634216397337410159073340538974656e-02, 3.36526845845877682776047322041298156333e+00, 2.75762665674544875784234237670084866097e-01, 1.8489980010194438e-02, -4.5293822640120685e-04
0.33100000, 1.49957602872066755405695021697318703233e+00, -1.87765182849325548426554551676489128606e-01, 1.82759433633360676688016291293759454067e+01, -3.17154491767132080642668995959408618162e-02, 3.36547925476763463839665203174531167789e+00, 2.75717654730141543487238068512162682011e-01, 1.8466673632325248e-02, -4.6856331083763110e-04
0.33200000, 1.49926795020453601855163384772255836705e+00, -1.87760441161981316903556699123169216474e-01, 1.82766583418906154853022060483662406000e+01, -3.17946384826491420990449634037997123336e-02, 3.36568984642139495269419896052847281235e+00, 2.75672662253755785464037099744640651534e-01, 1.8443395084872427e-02, -4.8412590474448506e-04
0.33300000, 1.49896013074035829487335315030576530945e+00, -1.87755684366560935997410829429974491141e-01, 1.82773727018397708711038094792989207173e+01, -3.18737313730955260807330626533718264578e-02, 3.36590023375112773172191384342300240195e+00, 2.75627688317503220045099738066346337788e-01, 1.8420144381979356e-02, -4.9962622467920850e-04
0.33400000, 1.49865256998102118567067667268913359071e+00, -1.87750912484224379732404408958182408263e-01, 1.82780864439112190448792122394937524784e+01, -3.19527278816892865885993863171074376165e-02, 3.36611041708685083150104903504523949303e+00, 2.75582732993244950275386947498055792542e-01, 1.8396921537386134e-02, -5.1506448645304154e-04
0.33500000, 1.49834526758013910544897017683402242306e+00, -1.87746125536056482570177003366367960839e-01, 1.82787995688312544190348920031256691513e+01, -3.20316280420561926049120702040583349689e-02, 3.36632039675753368375035945480799764058e+00, 2.75537796352587958189658292624040189688e-01, 1.8373726564432595e-02, -5.3044090513350866e-04
0.33600000, 1.49803822319205207096631062175089592247e+00, -1.87741323543067149369448302333727467064e-01, 1.82795120773247841493272404671115505206e+01, -3.21104318878107621618914732471270882208e-02, 3.36653017309110096158538821098552724079e+00, 2.75492878466885498289188244523363349174e-01, 1.8350559476061311e-02, -5.4575569504689583e-04
0.33700000, 1.49773143647182369859014505203536417561e+00, -1.87736506526191564466399024473782375658e-01, 1.82802239701153316726857628587520894166e+01, -3.21891394525561695733144833908634402133e-02, 3.36673974641443623025194993822771681732e+00, 2.75447979407237490217672901982202601023e-01, 1.8327420284820580e-02, -5.6100906978072090e-04
0.33800000, 1.49742490707523920858539275182031151892e+00, -1.87731674506290399879633626932415809849e-01, 1.82809352479250402332906755198691140067e+01, -3.22677507698841532476044534543192242356e-02, 3.36694911705338558297329109838523421897e+00, 2.75403099244490910634212876169434490947e-01, 1.8304309002867386e-02, -5.7620124218619709e-04
0.33900000, 1.49711863465880343630483254923421649077e+00, -1.87726827504150022643632973917351298226e-01, 1.82816459114746763969520830400620787378e+01, -3.23462658733749240792593721638079280520e-02, 3.36715828533276126198992662877145367466e+00, 2.75358238049240184281362311104686692918e-01, 1.8281225641970342e-02, -5.9133242438068969e-04
0.34000000, 1.49681261887973885025275987138776333484e+00, -1.87721965540482701274584473402306837266e-01, 1.82823559614836335538376913937803874903e+01, -3.24246847965970744154897607410893612216e-02, 3.36736725157634526487067545586943164465e+00, 2.75313395891827574246336879716939187458e-01, 1.8258170213512619e-02, -6.0640282775016598e-04
0.34100000, 1.49650685939598357699304005977415727977e+00, -1.87717088635926811372456670654024612147e-01, 1.82830653986699354095957897544175451666e+01, -3.25030075731074875949565518383254459922e-02, 3.36757601610689293617294350514246995112e+00, 2.75268572842343571413575120675312061089e-01, 1.8235142728494850e-02, -6.2141266295163826e-04
0.34200000, 1.49620135586618943287282556588196115927e+00, -1.87712196811047040363164890216260591212e-01, 1.82837742237502394649200111058796840430e+01, -3.25812342364512480555178560704819335228e-02, 3.36778457924613654452983190833211968466e+00, 2.75223768970627283106947678893591892466e-01, 1.8212143197538016e-02, -6.3636213991560015e-04
0.34300000, 1.49589610794971996253334496186529869415e+00, -1.87707290086334591384654243729838147951e-01, 1.82844824374398404836021604404192584496e+01, -3.26593648201615520079120527406288617804e-02, 3.36799294131478884524118011789150156589e+00, 2.75178984346266820920007896919039615784e-01, 1.8189171630886320e-02, -6.5125146784845601e-04
0.34400000, 1.49559111530664848417931122634148598876e+00, -1.87702368482207386320706168656341175989e-01, 1.82851900404526739491191792133623568185e+01, -3.27373993577596186723230564094130729339e-02, 3.36820110263254662844518856362360079930e+00, 2.75134219038599687732774789399900142687e-01, 1.8166228038410029e-02, -6.6608085523494362e-04
0.34500000, 1.49528637759775614157863550580144102665e+00, -1.87697432019010267986254631795306454167e-01, 1.82858970335013195098000958131556771517e+01, -3.28153378827546020747919105461323191280e-02, 3.36840906351809425294680330894707994568e+00, 2.75089473116713163913635732405742862365e-01, 1.8143312429608312e-02, -6.8085050984054997e-04
0.34600000, 1.49498189448452996276427051269906063505e+00, -1.87692480717015201467978220637230920299e-01, 1.82866034172970044126185940914297001128e+01, -3.28931804286435034004570444283778517905e-02, 3.36861682428910716577858586342268563182e+00, 2.75044746649444692705051227308398066609e-01, 1.8120424813612049e-02, -6.9556063871392035e-04
0.34700000, 1.49467766562916092541014490697249696714e+00, -1.87687514596421474623914554279643850124e-01, 1.82873091925496069256566154750829367769e+01, -3.29709270289110839006236005369803617723e-02, 3.36882438526225540756933486432016526948e+00, 2.75000039705382264791837868816054946647e-01, 1.8097565199186628e-02, -7.1021144818926054e-04
0.34800000, 1.49437369069454202885328642344840817813e+00, -1.87682533677355897745823773059113338322e-01, 1.82880143599676597492841948433549039916e+01, -3.30485777170297783506801977236974860918e-02, 3.36903174675320710379527273331846020600e+00, 2.74955352352864802050898172027398663282e-01, 1.8074733594734718e-02, -7.2480314388873231e-04
0.34900000, 1.49406996934426637273436715816071489654e+00, -1.87677537979873002388008311432419394638e-01, 1.82887189202583534161005161901404869091e+01, -3.31261325264596090558993412053307640522e-02, 3.36923890907663194198815962529047337828e+00, 2.74910684659982540481357207317885808480e-01, 1.8051930008299031e-02, -7.3933593072484203e-04
0.35000000, 1.49376650124262524222903931691476573730e+00, -1.87672527523955239366276721195095130182e-01, 1.82894228741275396796809610981242100212e+01, -3.32035914906481004021754247483234185693e-02, 3.36944587254620463497424899505649895180e+00, 2.74866036694577412314156067612759693914e-01, 1.8029154447565061e-02, -7.5381001290282256e-04
0.35100000, 1.49346328605460619984256386424865485005e+00, -1.87667502329513175930719991080732789852e-01, 1.82901262222797348921747112194487171717e+01, -3.32809546430301939487718940349416702902e-02, 3.36965263747460837021755389567387110213e+00, 2.74821408524243427300241063114427470074e-01, 1.8006406919863805e-02, -7.6822559392300835e-04
0.35200000, 1.49316032344589118374036789505451320181e+00, -1.87662462416385692115949603371203082179e-01, 1.82908289654181233707972552803965717786e+01, -3.33582220170281640601666539225114703417e-02, 3.36985920417353824534045066908775505896e+00, 2.74776800216327053176575216657339210032e-01, 1.7983687432174469e-02, -7.8258287658320372e-04
0.35300000, 1.49285761308285461258729918925916356576e+00, -1.87657407804340176272427477603238774431e-01, 1.82915311042445607532619415978271144744e+01, -3.34353936460515340741022068916046103805e-02, 3.37006557295370468989420697776822876339e+00, 2.74732211837927595309285131234095266647e-01, 1.7960995991127156e-02, -7.9688206298104442e-04
0.35400000, 1.49255515463256149686847830682757742692e+00, -1.87652338513072719782498975023299470811e-01, 1.82922326394595773421945087057886302457e+01, -3.35124695634969930029643061924318283983e-02, 3.37027174412483687345158413541555745263e+00, 2.74687643455897575513341632397152238137e-01, 1.7938332603005533e-02, -8.1112335451635238e-04
0.35500000, 1.49225294776276555666477974061308825387e+00, -1.87647254562208310964721274368449188069e-01, 1.82929335717623814385743194347874684522e+01, -3.35894498027483127656300958000962796138e-02, 3.37047771799568610009322940718618769808e+00, 2.74643095136843110048256764570414671170e-01, 1.7915697273749485e-02, -8.2530695189348372e-04
0.35600000, 1.49195099214190734585610407287154114210e+00, -1.87642155971301028170060679089854693100e-01, 1.82936339018508626642458176566555551506e+01, -3.36663343971762659469437910321286346661e-02, 3.37068349487402918935914234657646707986e+00, 2.74598566947124286789362754039413109544e-01, 1.7893090008957751e-02, -8.3943305512367003e-04
0.35700000, 1.49164928743911238272573278218624179962e+00, -1.87637042759834232073513777546646359543e-01, 1.82943336304215952735435218978796371699e+01, -3.37431233801385440819949293135020066294e-02, 3.37088907506667184373607029864103731625e+00, 2.74554058952855541574320454620674451410e-01, 1.7870510813890538e-02, -8.5350186352735280e-04
0.35800000, 1.49134783332418928693918632568821442660e+00, -1.87631914947220757164688850245908881985e-01, 1.82950327581698414540736661267511046170e+01, -3.38198167849796764623910908370915345671e-02, 3.37109445887945200275126190930046383822e+00, 2.74509571219906033724585576692795202636e-01, 1.7847959693472125e-02, -8.6751357573651120e-04
0.35900000, 1.49104662946762792287113438134140177267e+00, -1.87626772552803102440865501159515526062e-01, 1.82957312857895546166953952279232964596e+01, -3.38964146450309494617337544976706034568e-02, 3.37129964661724318374258381992975978242e+00, 2.74465103813900020741640678217371555587e-01, 1.7825436652293444e-02, -8.8146838969698310e-04
0.36000000, 1.49074567554059754925403468120280951590e+00, -1.87621615595853621306032182785766728111e-01, 1.82964292139733826747442209851298255498e+01, -3.39729169936103263775226162058304423298e-02, 3.37150463858395780937458467717643386397e+00, 2.74420656800217232177879479263992819774e-01, 1.7802941694614651e-02, -8.9536650267077929e-04
0.36100000, 1.49044497121494497512230370343947853090e+00, -1.87616444095574710679383086224029720695e-01, 1.82971265434126713125402437921754097082e+01, -3.40493238640223677867302552399611777171e-02, 3.37170943508255052196967213213152836672e+00, 2.74376230243993242682107560921246698553e-01, 1.7780474824367670e-02, -9.0920811123839106e-04
0.36200000, 1.49014451616319272202594862293257245182e+00, -1.87611258071098999316737777379753477020e-01, 1.82978232747974672432234457971590760798e+01, -3.41256352895581524123054903894563969137e-02, 3.37191403641502148472315262280440408651e+00, 2.74331824210119844219699936732664126713e-01, 1.7758036045158731e-02, -9.2299341130109100e-04
0.36300000, 1.48984431005853719248771535193778735632e+00, -1.87606057541489535348328977806528333229e-01, 1.82985194088165214559581627485735438755e+01, -3.42018513034951984978801219949878917787e-02, 3.37211844288241966987047041170197535758e+00, 2.74287438763245417467531351218201657968e-01, 1.7735625360270887e-02, -9.3672259808322708e-04
0.36400000, 1.48954435257484684467793223788394075844e+00, -1.87600842525739973036386012917628467685e-01, 1.82992149461572924525486444478348791121e+01, -3.42779719390973856879700093110468548191e-02, 3.37232265478484613387457156869053505690e+00, 2.74243073967775302383869476773198797812e-01, 1.7713242772666510e-02, -9.5039586613451006e-04
0.36500000, 1.48924464338666037328135302933065281174e+00, -1.87595613042774758755923680663213212213e-01, 1.82999098875059494735074174143692676393e+01, -3.43539972296148774109775856056271058803e-02, 3.37252667242145727970091033086172984021e+00, 2.74198729887872167953494458293857392160e-01, 1.7690888284989779e-02, -9.6401340933229416e-04
0.36600000, 1.48894518216918489653042607769386201943e+00, -1.87590369111449316202128629577662747932e-01, 1.83006042335473757136179681301000603746e+01, -3.44299272082840437623189667703036678310e-02, 3.37273049609046810624720951860483267320e+00, 2.74154406587456381108380505149973998842e-01, 1.7668561899569147e-02, -9.7757542088385102e-04
0.36700000, 1.48864596859829414937953941587681596450e+00, -1.87585110750550230827717775666034514895e-01, 1.83012979849651715270330710435638349281e+01, -3.45057619083273848850147636341521619842e-02, 3.37293412608915544499468342340812282245e+00, 2.74110104130206374824346463374980961932e-01, 1.7646263618419794e-02, -9.9108209332863703e-04
0.36800000, 1.48834700235052668279491334967659749440e+00, -1.87579837978795433513625832236014049327e-01, 1.83019911424416576219498923735091178340e+01, -3.45815013629534548450995643448671466616e-02, 3.37313756271386118394703079110660282080e+00, 2.74065822579559015394152527809189276907e-01, 1.7623993443246058e-02, -1.0045336185405539e-03
0.36900000, 1.48804828310308406913493351800502804328e+00, -1.87574550814834383476361674813639088390e-01, 1.83026837066578782449028086513096133439e+01, -3.46571456053567859992208117828093493512e-02, 3.37334080625999547892310718752495657467e+00, 2.74021561998709968877589484930675661427e-01, 1.7601751375443861e-02, -1.0179301877302028e-03
0.37000000, 1.48774981053382911359583802777138578191e+00, -1.87569249277248250415356014034075588927e-01, 1.83033756782936043547146878745129130061e+01, -3.47326946687178138518134626861561033838e-02, 3.37354385702203995226879013502595570012e+00, 2.73977322450614066729175122634549406231e-01, 1.7579537416103107e-02, -1.0312719914471311e-03
0.37100000, 1.48745158432128407169779225289707945821e+00, -1.87563933384550095903605702204291962966e-01, 1.83040670580273367861471911040466436525e+01, -3.48081485862028023992523806603759625699e-02, 3.37374671529355087905315693178575986018e+00, 2.73933103997985670604139713550722520100e-01, 1.7557351566010077e-02, -1.0445592195820736e-03
0.37200000, 1.48715360414462887278650420851458379433e+00, -1.87558603155185054024902953428943506099e-01, 1.83047578465363094032904633187607558485e+01, -3.48835073909637699583998851903849638566e-02, 3.37394938136716236081370399422603978569e+00, 2.73888906703299036343448783779928104244e-01, 1.7535193825649795e-02, -1.0577920613691861e-03
0.37300000, 1.48685586968369934952565207506120746721e+00, -1.87553258607530511260920812115290955800e-01, 1.83054480444964922427323943368837198486e+01, -3.49587711161384154769812538314546209380e-02, 3.37415185553458948691494788061196040320e+00, 2.73844730628788677138676729217964258723e-01, 1.7513064195208390e-02, -1.0709707053882728e-03
0.37400000, 1.48655838061898547335551345680077156720e+00, -1.87547899759896285631409359673463179918e-01, 1.83061376525825946465474436184406736771e+01, -3.50339397948500453232362555827561160365e-02, 3.37435413808663148358436184417332877126e+00, 2.73800575836449725877609246854033911351e-01, 1.7490962674575434e-02, -1.0840953395670071e-03
0.37500000, 1.48626113663162959589330331935288749144e+00, -1.87542526630524805090740403655503292668e-01, 1.83068266714680683851448367695939642980e+01, -3.51090134602075005523099806979466036480e-02, 3.37455622931317485068921781114640482084e+00, 2.73756442388038296671516018381743162753e-01, 1.7468889263346271e-02, -1.0971661511831454e-03
0.37600000, 1.48596413740342469625084426511203781075e+00, -1.87537139237591285184021746785782576981e-01, 1.83075151018251107700157565731336424240e+01, -3.51839921453050846468613265081568812790e-02, 3.37475812950319648631752206691208384999e+00, 2.73712330345071845565097627849438357070e-01, 1.7446843960824327e-02, -1.1101833268667347e-03
0.37700000, 1.48566738261681263424530887800103200960e+00, -1.87531737599203905965985584686565855335e-01, 1.83082029443246677564189673629213039856e+01, -3.52588758832224917293825008670088444324e-02, 3.37495983894476679922585364609089922245e+00, 2.73668239768829530430172323487601783202e-01, 1.7424826766023408e-02, -1.1231470526023134e-03
0.37800000, 1.48537087195488240947888930380194463789e+00, -1.87526321733403988185839129960432390679e-01, 1.83088901996364370360441285379702807816e+01, -3.53336647070247352437378152129583488148e-02, 3.37516135792505280921653744433659263300e+00, 2.73624170720352570044228955762720582974e-01, 1.7402837677669977e-02, -1.1360575137311053e-03
0.37900000, 1.48507460510136842626336403329123360904e+00, -1.87520891658166168741249206025156677520e-01, 1.83095768684288711196918709680643999692e+01, -3.54083586497620771034448586146437262242e-02, 3.37536268673032123550620938505851487079e+00, 2.73580123260444602355032248488711674587e-01, 1.7380876694205425e-02, -1.1489148949532075e-03
0.38000000, 1.48477858174064876436564602649605096690e+00, -1.87515447391398575404616296080347318364e-01, 1.83102629513691804100095289714526483709e+01, -3.54829577444699573042358731486172798497e-02, 3.37556382564594157314745856792924785930e+00, 2.73536097449672041932525496740864823776e-01, 1.7358943813788317e-02, -1.1617193803297714e-03
0.38100000, 1.48448280155774345555050986148045686445e+00, -1.87509988950943000824777370196962047288e-01, 1.83109484491233362643212404403245425215e+01, -3.55574620241689239984517901797554934042e-02, 3.37576477495638915756486118244683048925e+00, 2.73492093348364436609333843519830150411e-01, 1.7337039034296633e-02, -1.1744711532851769e-03
0.38200000, 1.48418726423831276589680851403118410740e+00, -1.87504516354575075807260746143578104111e-01, 1.83116333623560740475909485456271257533e+01, -3.56318715218645640288359371920439706238e-02, 3.37596553494524821726635307378805717541e+00, 2.73448111016614823311228475656436750850e-01, 1.7315162353329988e-02, -1.1871703966092005e-03
0.38300000, 1.48389196946865548386360267928402830541e+00, -1.87499029620004441876200266584261912825e-01, 1.83123176917308961755566602635251555530e+01, -3.57061862705474339193088863659649925669e-02, 3.37616610589521491479052218459483784950e+00, 2.73404150514280083078968407280920671747e-01, 1.7293313768211838e-02, -1.1998172924591766e-03
0.38400000, 1.48359691693570721408273723652871077853e+00, -1.87493528764874923121000196093724425207e-01, 1.83130014379100751480741397256663376570e+01, -3.57804063031929913203202897284550969019e-02, 3.37636648808810037595003865018014211097e+00, 2.73360211900981295282991995149392072760e-01, 1.7271493275991676e-02, -1.2124120223621522e-03
0.38500000, 1.48330210632703867685451053794083191221e+00, -1.87488013806764697330826455432219247143e-01, 1.83136846015546565727080380986675081269e+01, -3.58545316527615269063878320178864874803e-02, 3.37656668180483370743107908103956128981e+00, 2.73316295236104091032484962972361119390e-01, 1.7249700873447208e-02, -1.2249547672170352e-03
0.38600000, 1.48300753733085401332319267457695492880e+00, -1.87482484763186466419984117105732334454e-01, 1.83143671833244621786082863391982407943e+01, -3.59285623521980967234476320107983182732e-02, 3.37676668732546500280824251073950020468e+00, 2.73272400578799005780405510271737358115e-01, 1.7227936557086517e-02, -1.2374457072967360e-03
0.38700000, 1.48271320963598909630925874236978353095e+00, -1.87476941651587626147225484811124586406e-01, 1.83150491838780928207094027440566360269e+01, -3.60024984344324549836545365457368072398e-02, 3.37696650492916833703409860456762328020e+00, 2.73228527987981831126100053752600123101e-01, 1.7206200323150214e-02, -1.2498850222503029e-03
0.38800000, 1.48241912293190984677531240078606254795e+00, -1.87471384489350435132017569339995252431e-01, 1.83157306038729314742901937140973039051e+01, -3.60763399323789873052847794447033452914e-02, 3.37716613489424474946215400023242928110e+00, 2.73184677522333965817195304165915315187e-01, 1.7184492167613574e-02, -1.2622728911050506e-03
0.38900000, 1.48212527690871055590278369094606472429e+00, -1.87465813293792183170782354302347199645e-01, 1.83164114439651462199311535712108881121e+01, -3.61500868789366443954074205621112371853e-02, 3.37736557749812521546167007195571263579e+00, 2.73140849240302765952503727514175581736e-01, 1.7162812086188657e-02, -1.2746094922686825e-03
0.39000000, 1.48183167125711221275659316201093251859e+00, -1.87460228082165358856107916049072987665e-01, 1.83170917048096932189066976032325235713e+01, -3.62237393069888761730048388682110013842e-02, 3.37756483301737360668241495919434702175e+00, 2.73097043200101894387729984474998759242e-01, 1.7141160074326416e-02, -1.2868950035314062e-03
0.39100000, 1.48153830566846083751508184815829235157e+00, -1.87454628871657816501913222842433993335e-01, 1.83177713870603196790491917571752793414e+01, -3.62972972494035663302363283777353549684e-02, 3.37776390172768964002708436674679316339e+00, 2.73053259459711669345815694255936730916e-01, 1.7119536127218794e-02, -1.2991296020680429e-03
0.39200000, 1.48124517983472582024261354709817790952e+00, -1.87449015679392942377534288071803528254e-01, 1.83184504913695668111215725510827906315e+01, -3.63707607390329673295525374398243767680e-02, 3.37796278390391181538877941004499456752e+00, 2.73009498076879412233808836822751724850e-01, 1.7097940239800797e-02, -1.3113134644401300e-03
0.39300000, 1.48095229344849826518236217841646062551e+00, -1.87443388522429820253684290567825628583e-01, 1.83191290183887727757351818236485214675e+01, -3.64441298087136358343821009826516361948e-02, 3.37816147982002034221058563401258433711e+00, 2.72965759109119794668192298547702433809e-01, 1.7076372406752569e-02, -1.3234467665980176e-03
0.39400000, 1.48065964620298934054690274963329085861e+00, -1.87437747417763396263225301265714754334e-01, 1.83198069687680756208492728831694508904e+01, -3.65174044912663685711253423218965866309e-02, 3.37835998974914005492395526210216881181e+00, 2.72922042613715184710653488698432180936e-01, 1.7054832622501442e-02, -1.3355296838829579e-03
0.39500000, 1.48036723779202863378432963326681817224e+00, -1.87432092382324643079674369045640754167e-01, 1.83204843431564162098884774480376356836e+01, -3.65905848194961386202033666584248035398e-02, 3.37855831396354331732225472023154196990e+00, 2.72878348647715992316323615637453674510e-01, 1.7033320881223973e-02, -1.3475623910291892e-03
0.39600000, 1.48007506791006251229773046291089587668e+00, -1.87426423432980723416351918976970902809e-01, 1.83211611422015411405143564845081653961e+01, -3.66636708261920321339242329652209520785e-02, 3.37875645273465291592550151465095617045e+00, 2.72834677267941013996561119844771239607e-01, 1.7011837176847973e-02, -1.3595450621660123e-03
0.39700000, 1.47978313625215248959594799385887410491e+00, -1.87420740586535152849065702859517750263e-01, 1.83218373665500056540869926386362176916e+01, -3.67366625441271854789411751506257956770e-02, 3.37895440633304494239197860972644714000e+00, 2.72791028530977776698398923542953346644e-01, 1.6990381503054519e-02, -1.3714778708198613e-03
0.39800000, 1.47949144251397359685366574759949538597e+00, -1.87415043859727961965208914338756075829e-01, 1.83225130168471765358524174228043399566e+01, -3.68095600060587228010910477340279053443e-02, 3.37915217502845166503208053775778971613e+00, 2.72747402493182880902819581340410824060e-01, 1.6968953853279956e-02, -1.3833609899163678e-03
0.39900000, 1.47919998639181275985895617301731128920e+00, -1.87409333269235857842136538427028428742e-01, 1.83231880937372350058915026479539306367e+01, -3.68823632447276940104142963270690680339e-02, 3.37934975908976438947941356490795389695e+00, 2.72703799210682342944066110375618539622e-01, 1.6947554220717878e-02, -1.3951945917824185e-03
0.40000000, 1.47890876758256718132653241376753543133e+00, -1.87403608831672384857669547446745589993e-01, 1.83238625978631796008657827853172232987e+01, -3.69550722928590131841707995198343432049e-02, 3.37954715878503630857384232185106820065e+00, 2.72660218739371936552239249319881904814e-01, 1.6926182598321109e-02, -1.4069788481482066e-03
0.40100000, 1.47861778578374272855504657445922238304e+00, -1.87397870563588084835562181686049255523e-01, 1.83245365298668290465955129909775314563e+01, -3.70276871831613973856788968651184575459e-02, 3.37974437438148534151084737169735543198e+00, 2.72616661134917533621474150573843285767e-01, 1.6904838978803656e-02, -1.4187139301492770e-03
0.40200000, 1.47832704069345232640687863134346133457e+00, -1.87392118481470656528753262887706851316e-01, 1.83252098903888251215051064278600721387e+01, -3.71002079483273058968178080684372159402e-02, 3.37994140614549696231123221807733658243e+00, 2.72573126452755444206031056286627062739e-01, 1.6883523354642660e-02, -1.4304000083285646e-03
0.40300000, 1.47803653201041435558896083951437994452e+00, -1.87386352601745114443208281547314179261e-01, 1.83258826800686355109709342677014131767e+01, -3.71726346210328798620464617568070261218e-02, 3.38013825434262701766489424001566383548e+00, 2.72529614748092755746675353569257160124e-01, 1.6862235718080334e-02, -1.4420372526384266e-03
0.40400000, 1.47774625943395105621328265151695544993e+00, -1.87380572940773947005144874350116266365e-01, 1.83265548995445566526063123451243770094e+01, -3.72449672339378823418044888413735693391e-02, 3.38033491923760453420205196454915526354e+00, 2.72486126075907671529762554519209462512e-01, 1.6840976061125878e-02, -1.4536258324426687e-03
0.40500000, 1.47745622266398693661582078502119005022e+00, -1.87374779514857274074420265403580654504e-01, 1.83272265494537165725183398621525588053e+01, -3.73172058196856387731737960297939865027e-02, 3.38053140109433451524500094019516772103e+00, 2.72442660490949848381483209395673300739e-01, 1.6819744375557393e-02, -1.4651659165185648e-03
0.40600000, 1.47716642140104718741273816314903260519e+00, -1.87368972340233003806845283705636000155e-01, 1.83278976304320777125710977993632906399e+01, -3.73893504109029778356917200020940118025e-02, 3.38072770017590072709315224170511021013e+00, 2.72399218047740733599761543382783566143e-01, 1.6798540652923779e-02, -1.4766576730588697e-03
0.40700000, 1.47687685534625610077279400338823613518e+00, -1.87363151433076988868175689010264021339e-01, 1.83285681431144397486895577744618085630e+01, -3.74614010402001727202192726529574004016e-02, 3.38092381674456847489379130649121518297e+00, 2.72355798800573901126339715671706767642e-01, 1.6777364884546615e-02, -1.4881012696738265e-03
0.40800000, 1.47658752420133549488500535303382385543e+00, -1.87357316809503182002517738400593656471e-01, 1.83292380881344424002383959954573050517e+01, -3.75333577401708827987804231347117979298e-02, 3.38111975106178736815068036323725469751e+00, 2.72312402803515386961617040827397695889e-01, 1.6756217061522032e-02, -1.4994968733931677e-03
0.40900000, 1.47629842766860314360069786397882911316e+00, -1.87351468485563790957871205946100673953e-01, 1.83299074661245682305097516789608311419e+01, -3.76052205433920956933007237155616716559e-02, 3.38131550338819407592231515113663837485e+00, 2.72269030110404023824850293252824690937e-01, 1.6735097174722577e-02, -1.5108446506681085e-03
0.41000000, 1.47600956545097121122918057062561328314e+00, -1.87345606477249432771519427299862189848e-01, 1.83305762777161454383538148395653728758e+01, -3.76769894824240697411858742000801850402e-02, 3.38151107398361507176133593168077749525e+00, 2.72225680774851775062357342619515922974e-01, 1.6714005214799052e-02, -1.5221447673733363e-03
0.41100000, 1.47572093725194469246637588487995163510e+00, -1.87339730800489287417962379482514207541e-01, 1.83312445235393506409859746990017176008e+01, -3.77486645898102768556930343431187289943e-02, 3.38170646310706936844628395177812541554e+00, 2.72182354850244067806401847922638854074e-01, 1.6692941172182359e-02, -1.5333973888089914e-03
0.41200000, 1.47543254277561985743583195477343638628e+00, -1.87333841471151250822075322903606398915e-01, 1.83319122042232116480041071090136933072e+01, -3.78202458980773457790598358199807397839e-02, 3.38190167101677124255658751514543283286e+00, 2.72139052389740125387471576793837094358e-01, 1.6671905037085314e-02, -1.5446026797026436e-03
0.41300000, 1.47514438172668270182163995136558819775e+00, -1.87327938505042087240162127393943685012e-01, 1.83325793203956102266494273249184154348e+01, -3.78917334397350057263681153871645072177e-02, 3.38209669797013294894135664639643765374e+00, 2.72095773446273299002697121247071518739e-01, 1.6650896799504463e-02, -1.5557608042112609e-03
0.41400000, 1.47485645381040740207287375531434308330e+00, -1.87322021917907581011559076173229888559e-01, 1.83332458726832848583441832028981463236e+01, -3.79631272472760304181313893678391092126e-02, 3.38229154422376742513226197717110824597e+00, 2.72052518072551398643191357453001486581e-01, 1.6629916449221881e-02, -1.5668719259231730e-03
0.41500000, 1.47456875873265477565926391296033941349e+00, -1.87316091725432687683431690768318140460e-01, 1.83339118617118334865393134185282978602e+01, -3.80344273531761824996070170095400568861e-02, 3.38248621003349098575047193420434790362e+00, 2.72009286321057023283122951678025881066e-01, 1.6608963975806955e-02, -1.5779362078600285e-03
0.41600000, 1.47428129619987074635791162501397029955e+00, -1.87310147943241684511393945444484366658e-01, 1.83345772881057162559050456122299943325e+01, -3.81056337898941583448458570698768910802e-02, 3.38268069565432600695732255372172460393e+00, 2.71966078244047890333369553358648925197e-01, 1.6588039368618165e-02, -1.5889538124787453e-03
0.41700000, 1.47399406591908481455094192201119733394e+00, -1.87304190586898320338566141234631089837e-01, 1.83352421524882582428972604546252116746e+01, -3.81767465898715332435040086673404045876e-02, 3.38287500134050360099809627335689785370e+00, 2.71922893893557164362628045516501427089e-01, 1.6567142616804844e-02, -1.5999249016734554e-03
0.41800000, 1.47370706759790853251408807264090848022e+00, -1.87298219671905964855674686671827963973e-01, 1.83359064554816521777322994865780936575e+01, -3.82477657855327069684529444631029155928e-02, 3.38306912734546628088798985038647185082e+00, 2.71879733321393785088890348393630518398e-01, 1.6546273709308929e-02, -1.6108496367774433e-03
0.41900000, 1.47342030094453398467629166684912198818e+00, -1.87292235213707757244784084375077628059e-01, 1.83365701977069611578027472204681859964e+01, -3.83186914092848497222359920870829621323e-02, 3.38326307392187061528905711203773496967e+00, 2.71836596579142794644223800275237994448e-01, 1.6525432634866706e-02, -1.6217281785650783e-03
0.42000000, 1.47313376566773227283049471827942586842e+00, -1.87286237227686754209238549235954958767e-01, 1.83372333797841213525665713864306742280e+01, -3.83895234935178484604306988551262586908e-02, 3.38345684132158987362661954859641480228e+00, 2.71793483718165664115825075876563165751e-01, 1.6504619382010535e-02, -1.6325606872537406e-03
0.42100000, 1.47284746147685200627589154308054399037e+00, -1.87280225729166077392377884637392744122e-01, 1.83378960023319446999418593654157675932e+01, -3.84602620706042535899881257081634385914e-02, 3.38365042979571666149334680176631275504e+00, 2.71750394789600619366345953246545740351e-01, 1.6483833939070566e-02, -1.6433473225057414e-03
0.42200000, 1.47256138808181779687199909734683718649e+00, -1.87274200733409060187579517441233465018e-01, 1.83385580659681215942392437654942874312e+01, -3.85309071728992260406315593994896939843e-02, 3.38384383959456554638891986803879674195e+00, 2.71707329844362966136518010664358674787e-01, 1.6463076294176451e-02, -1.6540882434302366e-03
0.42300000, 1.47227554519312875898499489638218581558e+00, -1.87268162255619393942165939947334263689e-01, 1.83392195713092235656639657644288689772e+01, -3.86014588327404847074085077203680545103e-02, 3.38403707096767567384290231863245579042e+00, 2.71664288933145414433131531194372533390e-01, 1.6442346435259034e-02, -1.6647836085851347e-03
0.42400000, 1.47198993252185701430686159849881230970e+00, -1.87262110310941273557704227196316826750e-01, 1.83398805189707059514193812557287562384e+01, -3.86719170824482542625011514411574964152e-02, 3.38423012416381337396815902286243814922e+00, 2.71621272106418402205451520077301381004e-01, 1.6421644350052034e-02, -1.6754335759789985e-03
0.42500000, 1.47170454977964620152796681706753390963e+00, -1.87256044914459542489211790406004870419e-01, 1.83405409095669105584435719928287470064e+01, -3.87422819543252133344116691059807500005e-02, 3.38442299943097475849187773968097585378e+00, 2.71578279414430418313180804565859212503e-01, 1.6400970026093723e-02, -1.6860383030729405e-03
0.42600000, 1.47141939667870999084379572989276794331e+00, -1.87249966081199837145770091546865979444e-01, 1.83412007437110683178105818223260047892e+01, -3.88125534806564430526500273011723583094e-02, 3.38461569701638830831096650176574701969e+00, 2.71535310907208324789106692697640242161e-01, 1.6380323450728579e-02, -1.6965979467825127e-03
0.42700000, 1.47113447293183060327664258754330248535e+00, -1.87243873826128730695035679626191665596e-01, 1.83418600220153019308276567280473530334e+01, -3.88827316937093759560629399657349320010e-02, 3.38480821716651745161831894717532535569e+00, 2.71492366634557678399593622312040308942e-01, 1.6359704611108945e-02, -1.7071126634795898e-03
0.42800000, 1.47084977825235733479315528485836951719e+00, -1.87237768164153876274125615719248397951e-01, 1.83425187450906285068597267688078346467e+01, -3.89528166257337452629537461669075735177e-02, 3.38500056012706313264616064457852875673e+00, 2.71449446646063051506109639779023041832e-01, 1.6339113494196662e-02, -1.7175826089942468e-03
0.42900000, 1.47056531235420508519871475527904832027e+00, -1.87231649110124149609342130716246336659e-01, 1.83431769135469621929122280797904549841e+01, -3.90228083089615345011539369636443674093e-02, 3.38519272614296637107241199881710692348e+00, 2.71406550991088352230999414774554898504e-01, 1.6318550086764701e-02, -1.7280079386166303e-03
0.43000000, 1.47028107495185289178971807871991171552e+00, -1.87225516678829791047189206707805518968e-01, 1.83438345279931167950032239162867919640e+01, -3.90927067756069274962179789600691278331e-02, 3.38538471545841081213572750358095099069e+00, 2.71363679718777143930740828312459540288e-01, 1.6298014375398779e-02, -1.7383888070988238e-03
0.43100000, 1.46999706576034246774492086316896747989e+00, -1.87219370885002546999121689472802093211e-01, 1.83444915890368083913556452448759779269e+01, -3.91625120578662587159239353414236208344e-02, 3.38557652831682526750459691684522766246e+00, 2.71320832878052963979945971370588874463e-01, 1.6277506346498967e-02, -1.7487253686567074e-03
0.43200000, 1.46971328449527674523708067084077113926e+00, -1.87213211743315810802455525228223933721e-01, 1.83451480972846579374403336268004208900e+01, -3.92322241879179639692731750151449485731e-02, 3.38576816496088624694562136210357906044e+00, 2.71278010517619641869390666020047003038e-01, 1.6257025986281287e-02, -1.7590177769718108e-03
0.43300000, 1.46942973087281842324622901424522744013e+00, -1.87207039268384762999855769221129542589e-01, 1.83458040533421938629004320871628872396e+01, -3.93018431979225314581931873748790065913e-02, 3.38595962563252048083580639407488440629e+00, 2.71235212685961616621379375114068196515e-01, 1.6236573280779294e-02, -1.7692661851931608e-03
0.43400000, 1.46914640460968852005598474869202692549e+00, -1.87200853474766511039807136461137193538e-01, 1.83464594578138546603875333174907280160e+01, -3.93713691200224531801581845877708611898e-02, 3.38615091057290743356344470128657942815e+00, 2.71192439431344253525774605397934307700e-01, 1.6216148215845658e-02, -1.7794707459391229e-03
0.43500000, 1.46886330542316493041440653822882252691e+00, -1.87194654376960228400460055484177137136e-01, 1.83471143113029914663398589140855803814e+01, -3.94408019863421766799527755945279864013e-02, 3.38634202002248180786189333964751578122e+00, 2.71149690801814160200041637389162499711e-01, 1.6195750777153721e-02, -1.7896316112992365e-03
0.43600000, 1.46858043303108098734096647449318262781e+00, -1.87188441989407293139233444083553594014e-01, 1.83477686144118706337326084063240731059e+01, -3.95101418289880571488145366237591173129e-02, 3.38653295422093604012028419079835638179e+00, 2.71106966845199501976680638521171388313e-01, 1.6175380950199058e-02, -1.7997489328360447e-03
0.43700000, 1.46829778715182402856131088510933841709e+00, -1.87182216326491425870543751024628714880e-01, 1.83484223677416762968304825736467505312e+01, -3.95793886800483098692017823701761470785e-02, 3.38672371340722278671494170672567253114e+00, 2.71064267609110316621438938764414586043e-01, 1.6155038720301017e-02, -1.8098228615869179e-03
0.43800000, 1.46801536750433396755155788272841406326e+00, -1.87175977402538827174018199459487025268e-01, 1.83490755718925129279722519833448347776e+01, -3.96485425715929630034432604806539440503e-02, 3.38691429781955740140501892798234668606e+00, 2.71021593140938828385716475105492766664e-01, 1.6134724072604255e-02, -1.8198535480658714e-03
0.43900000, 1.46773317380810186917396428022531921066e+00, -1.87169725231818314435538625665459036944e-01, 1.83497282274634078864171087994300032717e+01, -3.97176035356738107245368500401599540861e-02, 3.38710470769542040383560123708308279217e+00, 2.70978943487859761396597147694878469969e-01, 1.6114436992080261e-02, -1.8298411422653770e-03
0.44000000, 1.46745120578316852988587713453954445031e+00, -1.87163459828541458123450830436911168658e-01, 1.83503803350523139592824077118795129482e+01, -3.97865716043243666873746427555434214626e-02, 3.38729494327155993919126732152705877338e+00, 2.70936318696830652387958080935042418881e-01, 1.6094177463528866e-02, -1.8397857936581694e-03
0.44100000, 1.46716946315012306250396738377622724746e+00, -1.87157181206862717502262949556600002557e-01, 1.83510318952561118946022703114420245589e+01, -3.98554468095598178386820239005517788492e-02, 3.38748500478399422904283836280248610565e+00, 2.70893718814592162776127551990598207556e-01, 1.6073945471579755e-02, -1.8496876511990461e-03
0.44200000, 1.46688794563010148550582481204641497112e+00, -1.87150889380879575786145003857294291362e-01, 1.83516829086706129265363963840482817389e+01, -3.99242291833769785639685492087677773100e-02, 3.38767489246801401342978952908713098651e+00, 2.70851143887668390083580641829070713639e-01, 1.6053741000693951e-02, -1.8595468633266614e-03
0.44300000, 1.46660665294478531685107491668280553818e+00, -1.87144584364632674734530508055216543892e-01, 1.83523333758905612927582954168007477539e+01, -3.99929187577542451697985341781158590887e-02, 3.38786460655818498422054242068577459885e+00, 2.70808593962367178714179484564999756403e-01, 1.6033564035165305e-02, -1.8693635779653148e-03
0.44400000, 1.46632558481640017230425916546387641256e+00, -1.87138266172105948692109800395831065904e-01, 1.83529832975096367440520220906480402787e+01, -4.00615155646515506996993340740048580058e-02, 3.38805414728835020979260318912465104931e+00, 2.70766069084780430083482344153360139400e-01, 1.6013414559121964e-02, -1.8791379425267337e-03
0.44500000, 1.46604474096771436824180061984294280645e+00, -1.87131934817226758075493601804024561716e-01, 1.83536326741204570461463706793392663093e+01, -4.01300196360103200820352966780671063942e-02, 3.38824351489163255107425861391145785637e+00, 2.70723569300784412107662637885457272471e-01, 1.5993292556527842e-02, -1.8888701039118501e-03
0.44600000, 1.46576412112203752892545696642040289846e+00, -1.87125590313866022308814223281919289713e-01, 1.83542815063145804738153550762807940922e+01, -4.01984310037534256081853159130299243438e-02, 3.38843270960043706898929146599722070714e+00, 2.70681094656040068054595458159591661752e-01, 1.5973198011184067e-02, -1.8985602085125713e-03
0.44700000, 1.46548372500321919822474264551180278346e+00, -1.87119232675838352210520813358249911456e-01, 1.83549297946825082972736736266889907684e+01, -4.02667496997851427393718032659420092390e-02, 3.38862173164645342334592700474445481941e+00, 2.70638645195993324760685122061822047268e-01, 1.5953130906730429e-02, -1.9082084022135450e-03
0.44800000, 1.46520355233564745577088099512956152884e+00, -1.87112861916902181833614073075917653120e-01, 1.83555775398136872608957310481769457366e+01, -4.03349757559911062404987258134427666905e-02, 3.38881058126065826321097443658718426073e+00, 2.70596220965875400217022806785529980324e-01, 1.5933091226646816e-02, -1.9178148303939192e-03
0.44900000, 1.46492360284424753752492614347413442320e+00, -1.87106478050759899761554963924154280058e-01, 1.83562247422965120542866634748855161075e+01, -4.04031092042382666393661350029372175409e-02, 3.38899925867331760880988059950552136018e+00, 2.70553822010703110528478412183701988827e-01, 1.5913078954254634e-02, -1.9273796379290949e-03
0.45000000, 1.46464387625448046074277278556679778741e+00, -1.87100081091057979862071093896459430739e-01, 1.83568714027183277757336870547477065534e+01, -4.04711500763748470096383295386356057237e-02, 3.38918776411398922499316801894375415770e+00, 2.70511448375279176249345434082047641250e-01, 1.5893094072718228e-02, -1.9369029691924747e-03
0.45100000, 1.46436437229234165331984997238080614858e+00, -1.87093671051387111501073688105504375128e-01, 1.83575175216654323880659655627630021997e+01, -4.05390984042303000759524591349515868234e-02, 3.38937609781152498630948579895878873357e+00, 2.70469100104192528099171837637623929165e-01, 1.5873136565046286e-02, -1.9463849680572045e-03
0.45200000, 1.46408509068435958749837262615416967652e+00, -1.87087247945282329218887332734500139710e-01, 1.83581630997230791669510681615812457065e+01, -4.06069542196152656395639839025664386346e-02, 3.38956425999407323372525955834680678812e+00, 2.70426777241818612062423693216673466360e-01, 1.5853206414093234e-02, -1.9558257778979101e-03
0.45300000, 1.46380603115759441792010167589368199193e+00, -1.87080811786223141870984024176655827006e-01, 1.83588081374754791416559647406041190186e+01, -4.06747175543215283229349570927442743586e-02, 3.38975225088908112303068578647995441745e+00, 2.70384479832319693875641682154369407450e-01, 1.5833303602560628e-02, -1.9652255415924275e-03
0.45400000, 1.46352719343963662400764048478835319485e+00, -1.87074362587633661235402458638402619890e-01, 1.83594526355058035283003831925799133110e+01, -4.07423884401219756316805972087748430534e-02, 3.38994007072329696497157656887942505280e+00, 2.70342207919645162905763500473433193093e-01, 1.5813428112998528e-02, -1.9745844015235284e-03
0.45500000, 1.46324857725860565665737161870774277658e+00, -1.87067900362882730089022960888660801731e-01, 1.83600965943961861556302305386910631233e+01, -4.08099669087705563322990594626612873153e-02, 3.39012771972277255714632260951136916420e+00, 2.70299961547531835423297689261908999383e-01, 1.5793579927806867e-02, -1.9839024995806391e-03
0.45600000, 1.46297018234314858922721398451804189417e+00, -1.87061425125284049754857973858723851718e-01, 1.83607400147277258833386579858340910257e+01, -4.08774529920022391441187065707002876803e-02, 3.39031519811286550770700584683933194055e+00, 2.70257740759504257274046504985449823191e-01, 1.5773759029236816e-02, -1.9931799771615544e-03
0.45700000, 1.46269200842243877280245595094196296599e+00, -1.87054936888096307122507613070961142224e-01, 1.83613828970804890129622287896113937698e+01, -4.09448467215329717439065153011862043980e-02, 3.39050250611824155090345771528927639653e+00, 2.70215545598875005953087115538483348122e-01, 1.5753965399392129e-02, -2.0024169751741454e-03
0.45800000, 1.46241405522617449572299525543814456918e+00, -1.87048435664523301143919431037608956975e-01, 1.83620252420335116913795271999598005926e+01, -4.10121481290596400815905383663183453312e-02, 3.39068964396287685450882523453426482903e+00, 2.70173376108744992084731672283771969054e-01, 1.5734199020230485e-02, -2.0116136340380621e-03
0.45900000, 1.46213632248457764735539130038731787455e+00, -1.87041921467714068806581236463993732177e-01, 1.83626670501648023069394267798208521537e+01, -4.10793572462600280055585715411743757057e-02, 3.39087661187006031916497460750427509240e+00, 2.70131232332003760312197668613868982258e-01, 1.5714459873564828e-02, -2.0207700936864299e-03
0.46000000, 1.46185880992839238609320985303632158017e+00, -1.87035394310763010586265570956613449282e-01, 1.83633083220513438782461170073236287006e+01, -4.11464741047927771960043536454892760499e-02, 3.39106341006239586968583086595578368232e+00, 2.70089114311329789600730455574537153564e-01, 1.5694747941064679e-02, -2.0298864935675407e-03
0.46100000, 1.46158151728888381156921418844268514939e+00, -1.87028854206710015381434261621012870897e-01, 1.83639490582690964356278682951364241149e+01, -4.12134987362973474048017525866065115360e-02, 3.39125003876180473835652231154313545011e+00, 2.70047022089190792957929848664601776424e-01, 1.5675063204257462e-02, -2.0389629726465388e-03
0.46200000, 1.46130444429783664106303035534259720201e+00, -1.87022301168540584931401341085145354168e-01, 1.83645892593929993953163973835045670786e+01, -4.12804311723939770003964643795257549094e-02, 3.39143649818952774026597005243042156996e+00, 2.70004955707844016575042430876250016032e-01, 1.5655405644529803e-02, -2.0479996694071004e-03
0.46300000, 1.46102759068755389008798750367959782288e+00, -1.87015735209185957720342556751119253218e-01, 1.83652289259969739263635774826062459529e+01, -4.13472714446836438162137742751791623828e-02, 3.39162278856612754071033582244277451910e+00, 2.69962915209336538392990439134271882960e-01, 1.5635775243128832e-02, -2.0569967218531083e-03
0.46400000, 1.46075095619085555714090709171163493978e+00, -1.87009156341523232369229678114444709455e-01, 1.83658680586539253103221205518262239231e+01, -4.14140195847480263010899001812040441122e-02, 3.39180891011149091470451548351641423065e+00, 2.69920900635505566096917018264978711766e-01, 1.5616171981163468e-02, -2.0659542675103207e-03
0.46500000, 1.46047454054107731259868729237705880204e+00, -1.87002564578375490517757854450036581322e-01, 1.83665066579357452937167427049905140872e+01, -4.14806756241494649702433587883991506774e-02, 3.39199486304483099863864114476627303628e+00, 2.69878912027978734543036142171827869156e-01, 1.5596595839605701e-02, -2.0748724434280344e-03
0.46600000, 1.46019834347206919174560104514815007083e+00, -1.86995959932511919198324374705528624956e-01, 1.83671447244133144333322079181667000925e+01, -4.15472395944309241553116645562055537853e-02, 3.39218064758468953411633167490899391917e+00, 2.69836949428174402621583639675378469448e-01, 1.5577046799291863e-02, -2.0837513861807427e-03
0.46700000, 1.45992236471819429191529795312204616383e+00, -1.86989342416647932704107336724459985034e-01, 1.83677822586565044343445299869793648604e+01, -4.16137115271159540519874912950057481656e-02, 3.39236626394893910401120953117902007015e+00, 2.69795012877301949559673526114776159201e-01, 1.5557524840923892e-02, -2.0925912318697874e-03
0.46800000, 1.45964660401432747373157160776741430996e+00, -1.86982712043445293953282943606447207868e-01, 1.83684192612341804813214980302040533896e+01, -4.16800914537086530637971958424823705172e-02, 3.39255171235478536077798126943844015250e+00, 2.69753102416362070667871234896074606656e-01, 1.5538029945070583e-02, -2.1013921161250061e-03
0.46900000, 1.45937106109585406643202493772079351158e+00, -1.86976068825512235351410410762668041742e-01, 1.83690557327142035621185767623935182087e+01, -4.17463794056936304405733235940666497095e-02, 3.39273699301876924705415982914938153383e+00, 2.69711218086147072534302369264247547411e-01, 1.5518562092168840e-02, -2.1101541741063729e-03
0.47000000, 1.45909573569866857725883682545507517936e+00, -1.86969412775403579154003787709229799914e-01, 1.83696916736634327846961192571848485651e+01, -4.18125754145359692101813867396495403801e-02, 3.39292210615676920858828869555281588378e+00, 2.69669359927241167670122257191420436048e-01, 1.5499121262524908e-02, -2.1188775405056347e-03
0.47100000, 1.45882062755917340490090351865610579461e+00, -1.86962743905620857331300373526888374873e-01, 1.83703270846477276868837169914844879676e+01, -4.18786795116811894020698283039235532875e-02, 3.39310705198400339953031132214054068759e+00, 2.69627527980020768610177894900584452449e-01, 1.5479707436315604e-02, -2.1275623495479415e-03
0.47200000, 1.45854573641427755697169828386007391718e+00, -1.86956062228612430937225833873961307443e-01, 1.83709619662319505391173995956998239698e+01, -4.19446917285552115612206588073710646769e-02, 3.39329183071503188011951374173734782701e+00, 2.69585722284654781472699810635454252842e-01, 1.5460320593589540e-02, -2.1362087349934710e-03
0.47300000, 1.45827106200139537150726231042869278808e+00, -1.86949367756773608984546610143183889798e-01, 1.83715963189799686401752849333712718159e+01, -4.20106120965643205510867778781355315539e-02, 3.39347644256375880680525409670566867997e+00, 2.69543942881104898981866973263912166420e-01, 1.5440960714268333e-02, -2.1448168301390485e-03
0.47400000, 1.45799660405844524246880907536211581928e+00, -1.86942660502446766828190747477925778341e-01, 1.83722301434546566059371688917682660910e+01, -4.20764406470951296441104707686625718942e-02, 3.39366088774343461483547987048066261318e+00, 2.69502189809125892957093113552903570662e-01, 1.5421627778147813e-02, -2.1533867678197610e-03
0.47500000, 1.45772236232384834923449322584843166026e+00, -1.86935940477921464058708857586025555183e-01, 1.83728634402178986511934335800772883509e+01, -4.21421774115145448984259997796891623553e-02, 3.39384516646665819334782189643237547192e+00, 2.69460463108265906272887722832933083135e-01, 1.5402321764899217e-02, -2.1619186804105656e-03
0.47600000, 1.45744833653652739006496352888747941058e+00, -1.86929207695434561907837574290078149312e-01, 1.83734962098305908645285425005810883392e+01, -4.22078224211697298193575933802728752642e-02, 3.39402927894537905299784374858256645588e+00, 2.69418762817866744293149547605063803050e-01, 1.5383042654070376e-02, -2.1704126998278932e-03
0.47700000, 1.45717452643590531952738757785629395712e+00, -1.86922462167170340168118554213032304736e-01, 1.83741284528526434763042816775766831396e+01, -4.22733757073880703043324716462582153468e-02, 3.39421322539089948615881587468269690958e+00, 2.69377088977064165783754612725943027669e-01, 1.5363790425086900e-02, -2.1788689575312463e-03
0.47800000, 1.45690093176190408986270373654121161252e+00, -1.86915703905260613628516821601254792978e-01, 1.83747601698429831197677966955964704434e+01, -4.23388373014771398698368358288468997467e-02, 3.39439700601387671972717580834782406675e+00, 2.69335441624788173307304683399472977806e-01, 1.5344565057253348e-02, -2.1872875845247915e-03
0.47900000, 1.45662755225494339628092324397189023782e+00, -1.86908932921784848027973054719736393878e-01, 1.83753913613595550853093671096925047603e+01, -4.24042072347246651590509927155670734186e-02, 3.39458062102432506056762898615553870846e+00, 2.69293820799763303103905620539527121932e-01, 1.5325366529754391e-02, -2.1956687113589471e-03
0.48000000, 1.45635438765593942616937250036654944095e+00, -1.86902149228770275528815261203886696994e-01, 1.83760220279593255678947517430488642977e+01, -4.24694855383984917288079812615535631751e-02, 3.39476407063161803363163909073132552960e+00, 2.69252226540508914461848298348800739360e-01, 1.5306194821655974e-02, -2.2040124681319649e-03
0.48100000, 1.45608143770630361219883230763400151895e+00, -1.86895352838192009711946190909502972914e-01, 1.83766521701982839076968309779507196873e+01, -4.25346722437465501145282200511410168270e-02, 3.39494735504449051278285243477795927081e+00, 2.69210658885339478582067640357096867342e-01, 1.5287049911906459e-02, -2.2123189844915067e-03
0.48200000, 1.45580870214794138931259724916206285046e+00, -1.86888543761973160095713786859177187664e-01, 1.83772817886314448239511652721301390276e+01, -4.25997673819968221717907997976869538265e-02, 3.39513047447104084436279768674693252673e+00, 2.69169117872364866940257893821492116777e-01, 1.5267931779337768e-02, -2.2205883896362160e-03
0.48300000, 1.45553618072325095558354446502649343389e+00, -1.86881722011984946180362977533845671525e-01, 1.83779108838128506420599827907159243052e+01, -4.26647709843573076932101056005202428070e-02, 3.39531342911873296353000020942815410206e+00, 2.69127603539490639150524505425479022475e-01, 1.5248840402666521e-02, -2.2288208123172836e-03
0.48400000, 1.45526387317512203692436681223982882195e+00, -1.86874887600046811019958166698640187459e-01, 1.83785394562955735139690032314449979821e+01, -4.27296830820159912992944693470910607458e-02, 3.39549621919439850340544943123708547772e+00, 2.69086115924418330334454886710471179628e-01, 1.5229775760495154e-02, -2.2370163808400089e-03
0.48500000, 1.45499177924693465563619079717288731817e+00, -1.86868040537926534323656879880935341959e-01, 1.83791675066317176318413996344720668542e+01, -4.27945037061408096019715237688362612085e-02, 3.39567884490423889705715798954559688605e+00, 2.69044655064645737999491968689037750724e-01, 1.5210737831313045e-02, -2.2451752230653553e-03
0.48600000, 1.45471989868255790278086473075841188369e+00, -1.86861180837340345088206179235774513853e-01, 1.83797950353724214350530952050872684636e+01, -4.28592328878796186394728565219566549309e-02, 3.39586130645382747235635286922585987744e+00, 2.69003220997467208430495744655252688495e-01, 1.5191726593497618e-02, -2.2532974664115003e-03
0.48700000, 1.45444823122634871436226728844889693139e+00, -1.86854308509953033763524660541949761474e-01, 1.83804220430678598105334879349816717697e+01, -4.29238706583601615812784455581648592921e-02, 3.39604360404811153973764140089908876210e+00, 2.68961813759973922598378991326608182361e-01, 1.5172742025315452e-02, -2.2613832378553809e-03
0.48800000, 1.45417677662315065130205105805949867616e+00, -1.86847423567378063953224097175136633660e-01, 1.83810485302672462864755920824697801085e+01, -4.29884170486900367018291962624017759943e-02, 3.39622573789141447289529877549780882809e+00, 2.68920433389054181589704044100078050526e-01, 1.5153784104923372e-02, -2.2694326639342333e-03
0.48900000, 1.45390553461829268319529973148015150162e+00, -1.86840526021177683651916095808824982597e-01, 1.83816744975188352194394823613868669134e+01, -4.30528720899566656217236966494120464024e-02, 3.39640770818743778244762866800741760400e+00, 2.68879079921393691561127885331527280247e-01, 1.5134852810369539e-02, -2.2774458707471277e-03
0.49000000, 1.45363450495758797583164134267458917109e+00, -1.86833615882863036021140477007466092909e-01, 1.83822999453699239748728239893456061417e+01, -4.31172358132272618151230596117826606633e-02, 3.39658951513926318260115463704648706284e+00, 2.68837753393475848222582888075877857956e-01, 1.5115948119594533e-02, -2.2854229839564979e-03
0.49100000, 1.45336368738733268246742337627182080819e+00, -1.86826693163894269705743490509326377700e-01, 1.83829248743668551010721695557977026541e+01, -4.31815082495487993820954310794608435912e-02, 3.39677115894935465084620717172199510066e+00, 2.68796453841582020853080344552461608377e-01, 1.5097070010432423e-02, -2.2933641287896655e-03
0.49200000, 1.45309308165430473883461867025968891662e+00, -1.86819757875680648692525419560963214708e-01, 1.83835492850550184966086019860567397308e+01, -4.32456894299479820846394102637767279912e-02, 3.39695263981956048071527958645161500544e+00, 2.68755181301791835853023401597437786024e-01, 1.5078218460611836e-02, -2.3012694300403589e-03
0.49300000, 1.45282268750576266187219381466050499899e+00, -1.86812810029580661712968620874882630003e-01, 1.83841731779788535712412016962707673509e+01, -4.33097793854312126451332531945398948235e-02, 3.39713395795111532763533541172573201733e+00, 2.68713935809983459836915227379401395061e-01, 1.5059393447757013e-02, -2.3091390120702280e-03
0.49400000, 1.45255250468944435216573420744367862927e+00, -1.86805849636902131191848586352549555458e-01, 1.83847965536818514003417153534775267865e+01, -4.33737781469845623059643137918453332875e-02, 3.39731511354464224790506048768124164051e+00, 2.68672717401833882270347147506821423490e-01, 1.5040594949388865e-02, -2.3169729988103526e-03
0.49500000, 1.45228253295356590008118207113626806851e+00, -1.86798876708902321743522199364118013439e-01, 1.83854194127065568728537034715395374987e+01, -4.34376857455737406491007180178689065959e-02, 3.39749610680015473082786463152009441791e+00, 2.68631526112819197655150117143608971033e-01, 1.5021822942926015e-02, -2.3247715137627463e-03
0.49600000, 1.45201277204682039557860556044438539255e+00, -1.86791891256788048217678991823506314166e-01, 1.83860417555945708328093443851659542267e+01, -4.35015022121440656743747664992909153008e-02, 3.39767693791705872403125051291869174099e+00, 2.68590361978214887266591241644550720894e-01, 1.5003077405685836e-02, -2.3325346800018556e-03
0.49700000, 1.45174322171837674169197860449972933809e+00, -1.86784893291715783296332888264079692247e-01, 1.83866635828865522144269729476259072465e+01, -4.35652275776204341352550196672897189116e-02, 3.39785760709415465200298122737793292209e+00, 2.68549225033096100446495124274246452875e-01, 1.4984358314885481e-02, -2.3402626201760530e-03
0.49800000, 1.45147388171787847166101232888806001497e+00, -1.86777882824791764643823649329367622431e-01, 1.83872848951222201708123335904039972246e+01, -4.36288618729072921308914371966355731766e-02, 3.39803811452963942787429299974350930596e+00, 2.68508115312337935456167608506636851845e-01, 1.4965665647642908e-02, -2.3479554565091261e-03
0.49900000, 1.45120475179544256970113979418063924468e+00, -1.86770859867072101611588999269899027153e-01, 1.83879056928403561962864291622198971690e+01, -4.36924051288886059532253206037508925502e-02, 3.39821846042110845848021547271429907365e+00, 2.68467032850615719892996996918973080419e-01, 1.4946999380977895e-02, -2.3556133108017610e-03
0.50000000, 1.45093583170165829539781637104468852889e+00, -1.86763824429562881499460239908151806510e-01, 1.83885259765788062423627492278248075852e+01, -4.37558573764278331879631445492870208062e-02, 3.39839864496555764272687913193222033925e+00, 2.68425977682405290674605071472942005516e-01, 1.4928359491813053e-02, -2.3632363044330206e-03
0.50100000, 1.45066712118758601171135834891267423934e+00, -1.86756776523220275375226016827338761026e-01, 1.83891457468744828273965642511089100163e+01, -4.38192186463678940682206589455499553272e-02, 3.39857866835938536329550758413446092023e+00, 2.68384949841983273594417213672711764247e-01, 1.4909745956974824e-02, -2.3708245583618183e-03
0.50200000, 1.45039862000475601657860234738946616052e+00, -1.86749716158950643454200811986621104068e-01, 1.83897650042633671399288753096338479619e+01, -4.38824889695311430796509006529033462056e-02, 3.39875853079839447171261163181906698042e+00, 2.68343949363427362452517630338605823130e-01, 1.4891158753194479e-02, -2.3783781931283865e-03
0.50300000, 1.45013032790516737809772776880679706021e+00, -1.86742643347610640040526690297447239409e-01, 1.83903837492805111357475126860871825324e+01, -4.39456683767193408158769706201794049519e-02, 3.39893823247779426681572237094313238487e+00, 2.68302976280616597765652134147564885482e-01, 1.4872597857109109e-02, -2.3858973288557401e-03
0.50400000, 1.44986224464128677328264389832063694156e+00, -1.86735558100007318031928825646901995239e-01, 1.83910019824600396286877808537028284907e+01, -4.40087568987136260830576100384213724274e-02, 3.39911777359220246664382187139983923589e+00, 2.68262030627231645060237110257334557245e-01, 1.4854063245262605e-02, -2.3933820852511346e-03
0.50500000, 1.44959436996604733037340232640281520889e+00, -1.86728460426898232989637374159800692636e-01, 1.83916197043351523751949520147802214121e+01, -4.40717545662744882524207476894538428489e-02, 3.39929715433564717378145237751138772147e+00, 2.68221112436755072752229223818736785390e-01, 1.4835554894106635e-02, -2.4008325816075204e-03
0.50600000, 1.44932670363284747468915413920635180794e+00, -1.86721350338991546775180348889078103016e-01, 1.83922369154381261526708154614592736873e+01, -4.41346614101417398596072904335363437985e-02, 3.39947637490156883418530838167854614292e+00, 2.68180221742471629617706090536539759308e-01, 1.4817072780001612e-02, -2.4082489368049907e-03
0.50700000, 1.44905924539554977801022979677658979491e+00, -1.86714227846946130755744280352820863439e-01, 1.83928536163003168316263956032781369784e+01, -4.41974774610344894496744899446389658110e-02, 3.39965543548282218952194037283699361255e+00, 2.68139358577468521858003546190492615757e-01, 1.4798616879217659e-02, -2.4156312693122254e-03
0.50800000, 1.44879199500847981147597779911874731472e+00, -1.86707092961371668579791621136788597828e-01, 1.83934698074521614416628575441825968408e+01, -4.42602027496511146666152416168683803947e-02, 3.39983433627167822304502453672200439559e+00, 2.68098522974635689763250313679538566767e-01, 1.4780187167935560e-02, -2.4229796971879301e-03
0.50900000, 1.44852495222642500198505612738768646774e+00, -1.86699945692828758524616069895865698325e-01, 1.83940854894231802313025255900117704722e+01, -4.43228373066692355862566562787070817706e-02, 3.40001307745982609904047918141548932882e+00, 2.68057714966666083978135780189181130102e-01, 1.4761783622247715e-02, -2.4302943380822693e-03
0.51000000, 1.44825811680463349208492804359773257610e+00, -1.86692786051829015417509250260658511569e-01, 1.83947006627419787216918470235127336308e+01, -4.43853811627456882914081922087166831994e-02, 3.40019165923837509586753617356472001998e+00, 2.68016934586055941373741264969460283935e-01, 1.4743406218159078e-02, -2.4375753092382962e-03
0.51100000, 1.44799148849881300333737113890898808549e+00, -1.86685614048835172132204483132139567305e-01, 1.83953153279362497541980408951106150381e+01, -4.44478343485164986881365441911885989532e-02, 3.40037008179785653262370419238420031832e+00, 2.67976181865105060529259582394163135671e-01, 1.4725054931588098e-02, -2.4448227274933758e-03
0.51200000, 1.44772506706512970314686553937107683889e+00, -1.86678429694261180662255736375229327524e-01, 1.83959294855327755319210794414700798519e+01, -4.45101968945968565620513582251885195330e-02, 3.40054834532822568946139013448696711711e+00, 2.67935456835917076827421887876333455016e-01, 1.4706729738367643e-02, -2.4520367092806047e-03
0.51300000, 1.44745885226020707503878391062459250020e+00, -1.86671232998472312773002223750522367848e-01, 1.83965431360574296551425580578340508680e+01, -4.45724688315810898734926752461283883645e-02, 3.40072645001886372158377552718645197542e+00, 2.67894759530399737167444738247125459042e-01, 1.4688430614245930e-02, -2.4592173706302255e-03
0.51400000, 1.44719284384112479237436235109340615401e+00, -1.86664023971785260233761554802660445769e-01, 1.83971562800351791507329185117365121682e+01, -4.46346501900426392905178050743247480705e-02, 3.40090439605857956694737632565341196954e+00, 2.67854089980265174299304005751779412022e-01, 1.4670157534887438e-02, -2.4663648271710359e-03
0.51500000, 1.44692704156541759548948742825591078740e+00, -1.86656802624468234631886809106395123981e-01, 1.83977689179900864955383992924941766780e+01, -4.46967410005340329585920930072112802255e-02, 3.40108218363561184769854697473362308013e+00, 2.67813448217030180783135758246384598427e-01, 1.4651910475873822e-02, -2.4734791941317934e-03
0.51600000, 1.44666144519107417224439049625861438139e+00, -1.86649568966741066770315421511035382715e-01, 1.83983810504453116337689966404377897199e+01, -4.47587412935868615058947662565565702852e-02, 3.40125981293763076537102310390073236720e+00, 2.67772834272016482577557459841989427945e-01, 1.4633689412704813e-02, -2.4805605863426156e-03
0.51700000, 1.44639605447653604197139603701954988153e+00, -1.86642323008775305650230319576199547399e-01, 1.83989926779231139884086298897141355426e+01, -4.48206510997117532831577360331426868030e-02, 3.40143728415173998987143168834467309911e+00, 2.67732248176351012260695858470062465389e-01, 1.4615494320799122e-02, -2.4876091182363750e-03
0.51800000, 1.44613086918069644280792609264007087562e+00, -1.86635064760694317040446350013623618483e-01, 1.83996038009448544666686152862556970754e+01, -4.48824704493983498369618837312018381319e-02, 3.40161459746447854227953294522887334803e+00, 2.67691689960966181887700711948783163123e-01, 1.4597325175495329e-02, -2.4946249038500889e-03
0.51900000, 1.44586588906289922240201790597014671734e+00, -1.86627794232573381635127667399825198687e-01, 1.84002144200309974595054634057726059034e+01, -4.49441993731152816154219765941835310452e-02, 3.40179175306182267148979463637802550218e+00, 2.67651159656600155488516064408806594181e-01, 1.4579181952052771e-02, -2.5016080568263058e-03
0.52000000, 1.44560111388293773197766666011280726782e+00, -1.86620511434439792801434435462845556396e-01, 1.84008245357011128352239266929820537986e+01, -4.50058379013101439051979396812221193874e-02, 3.40196875112918772472073681181035711489e+00, 2.67610657293797121209673122668078342913e-01, 1.4561064625652419e-02, -2.5085586904144854e-03
0.52100000, 1.44533654340105372374735970805667686445e+00, -1.86613216376272953918689908634799003595e-01, 1.84014341484738779271861354703794910279e+01, -4.50673860644094729987767571274874065097e-02, 3.40214559185143001191832334737076823873e+00, 2.67570182902907563103860899588700480046e-01, 1.4542973171397756e-02, -2.5154769174723750e-03
0.52200000, 1.44507217737793625165922291203062231774e+00, -1.86605909068004475310651719063789800264e-01, 1.84020432588670795156475730203141093875e+01, -4.51288438928187225909757868273379150833e-02, 3.40232227541284866407951589905884229504e+00, 2.67529736514088532571022690848375966047e-01, 1.4524907564315643e-02, -2.5223628504673807e-03
0.52300000, 1.44480801557472057546625367011081114900e+00, -1.86598589519518270772463991658676317421e-01, 1.84026518673976158037405530256132264646e+01, -4.51902114169222404036247489911938451863e-02, 3.40249880199718748552194611132157351131e+00, 2.67489318157303919454718135141306051392e-01, 1.4506867779357182e-02, -2.5292166014779339e-03
0.52400000, 1.44454405775298706810516889659773803766e+00, -1.86591257740650653693859746764446339484e-01, 1.84032599745814983876257757591756076354e+01, -4.52514886670832450373900907580797896723e-02, 3.40267517178763680012550307147533658751e+00, 2.67448927862324722797482077798638027345e-01, 1.4488853791398569e-02, -2.5360382821948536e-03
0.52500000, 1.44428030367476012637244964422931276028e+00, -1.86583913741190432780175926502393501638e-01, 1.84038675809338542208324529395061698802e+01, -4.53126756736438030497118364070814388543e-02, 3.40285138496683529157147509245314828852e+00, 2.67408565658729321258902716380271474853e-01, 1.4470865575241950e-02, -2.5428280039227031e-03
0.52600000, 1.44401675310250708488521721190673901625e+00, -1.86576557530879007372736296427120716309e-01, 1.84044746869689275728074051147918256441e+01, -4.53737724669248062578294059222028524135e-02, 3.40302744171687183760472792619664194162e+00, 2.67368231575903743200132556115419179474e-01, 1.4452903105616259e-02, -2.5495858775811430e-03
0.52700000, 1.44375340579913713331462847277408615813e+00, -1.86569189119410462370150428722389595380e-01, 1.84050812932000819816934498005325008755e+01, -4.54347790772259492658792239444612833271e-02, 3.40320334221928733834424545521908247397e+00, 2.67327925643041936438536545320166187382e-01, 1.4434966357178062e-02, -2.5563120137062788e-03
0.52800000, 1.44349026152800023687953078569227310820e+00, -1.86561808516431662752069966452202073336e-01, 1.84056874001398022013573133726686942471e+01, -4.54956955348257072150532467091588253658e-02, 3.40337908665507653866720377518423560970e+00, 2.67287647889146037676172398241965081487e-01, 1.4417055304512386e-02, -2.5630065224520043e-03
0.52900000, 1.44322732005288606008816921985648965730e+00, -1.86554415731542347706936400175917154357e-01, 1.84062930082996961426872149073273743489e+01, -4.55565218699813137558138066302631273405e-02, 3.40355467520468984469159536184004578122e+00, 2.67247398343026641605788547303551588063e-01, 1.4399169922133546e-02, -2.5696695135913400e-03
0.53000000, 1.44296458113802289371579092898651778321e+00, -1.86547010774295224365247658301795748351e-01, 1.84068981181904968091801857574954282797e+01, -4.56172581129287392411664129713578261406e-02, 3.40373010804803513438226670641565861588e+00, 2.67207177033303069698015400556789599204e-01, 1.4381310184485969e-02, -2.5763010965177676e-03
0.53100000, 1.44270204454807658500604335962648882698e+00, -1.86539593654196061139863920668691766186e-01, 1.84075027303220642268391046638919245919e+01, -4.56779042938826691399983527458487741577e-02, 3.40390538536447956230508039977052117158e+00, 2.67166983988403638673415615409913907639e-01, 1.4363476065945009e-02, -2.5829013802465591e-03
0.53200000, 1.44243971004814947108411456906974895450e+00, -1.86532164380703780674866210788657677445e-01, 1.84081068452033873683993446098284447727e+01, -4.57384604430364826694971088287237727005e-02, 3.40408050733285135855376114234535494161e+00, 2.67126819236565928663048938444017013542e-01, 1.4345667540817753e-02, -2.5894704734161014e-03
0.53300000, 1.44217757740377931556961526371211787287e+00, -1.86524722963230552404474505733414966902e-01, 1.84087104633425860719048444457155493965e+01, -4.57989265905622316456687524473889028507e-02, 3.40425547413144162187383454951172937856e+00, 2.67086682805837051061196805456135948105e-01, 1.4327884583343832e-02, -2.5960084842892172e-03
0.53400000, 1.44191564638093824837725324966037286768e+00, -1.86517269411141884723525323585769408404e-01, 1.84093135852469129536533355259014350834e+01, -4.58593027666106195509825749577201662463e-02, 3.40443028593800610700791790548921864969e+00, 2.67046574724073916073881347812072837442e-01, 1.4310127167696212e-02, -2.6025155207544802e-03
0.53500000, 1.44165391674603170869340181560083713091e+00, -1.86509803733756716771002006485340593490e-01, 1.84099162114227553155303712165377508428e+01, -4.59195890013109808181742993098110258967e-02, 3.40460494292976700628647318887028727013e+00, 2.67006495018943499966802712802882767166e-01, 1.4292395267981994e-02, -2.6089916903275263e-03
0.53600000, 1.44139238826589739111671414467523013551e+00, -1.86502325940347509828104212360025377049e-01, 1.84105183423756370467517251459924181653e+01, -4.59797853247712603292462550708705774281e-02, 3.40477944528341472548798474427053291887e+00, 2.66966443717923112016307679001345923887e-01, 1.4274688858243198e-02, -2.6154371001523606e-03
0.53700000, 1.44113106070780419495098617881840708457e+00, -1.86494836040140338332336460235404621659e-01, 1.84111199786102205200336424768183858846e+01, -4.60398917670779931287089125038198748610e-02, 3.40495379317510965399237690304664869414e+00, 2.66926420848300661166991434621264929818e-01, 1.4257007912457545e-02, -2.6218518570026591e-03
0.53800000, 1.44086993383945117663852043707751861035e+00, -1.86487334042314980509088942340179062486e-01, 1.84117211206303084822103472783019132507e+01, -4.60999083582962843501141512014224735536e-02, 3.40512798678048392925134065677059971025e+00, 2.66886426437174922399523089591830215202e-01, 1.4239352404539236e-02, -2.6282360672830666e-03
0.53900000, 1.44060900742896650532229312023804990862e+00, -1.86479819956005008622177220864389348076e-01, 1.84123217689388459393181282690286065657e+01, -4.61598351284697893549365873479475673162e-02, 3.40530202627464319559909315562310167817e+00, 2.66846460511455802812274012456676630405e-01, 1.4221722308339723e-02, -2.6345898370304898e-03
0.54000000, 1.44034828124490642152527641900414231224e+00, -1.86472293790297878844800867967692749892e-01, 1.84129219240379220361652447776073706813e+01, -4.62196721076206940828652010226893199676e-02, 3.40547591183216835742694933551221770153e+00, 2.66806523097864607420316423264256540997e-01, 1.4204117597648473e-02, -2.6409132719153859e-03
0.54100000, 1.44008775505625419893531728338501276762e+00, -1.86464755554235020752374584267730001921e-01, 1.84135215864287719304068147345818648368e+01, -4.62794193257496956125733912700644457514e-02, 3.40564964362711732674494136800574655534e+00, 2.66766614222934304675347835291141701726e-01, 1.4186538246193729e-02, -2.6472064772430466e-03
0.54200000, 1.43982742863241910928402300818413898286e+00, -1.86457205256811926438678843355346137001e-01, 1.84141207566117786611437668575489278021e+01, -4.63390768128359829320414421360233008506e-02, 3.40582322183302676515357887159307527657e+00, 2.66726733913009791710084923678096361739e-01, 1.4168984227643269e-02, -2.6534695579548784e-03
0.54300000, 1.43956730174323539030815284492271679737e+00, -1.86449642906978239256770657677176259381e-01, 1.84147194350864750120648599225193961193e+01, -4.63986445988372179175112077053203711278e-02, 3.40599664662291382024870091689905330632e+00, 2.66686882194248159310658209792562335530e-01, 1.4151455515605151e-02, -2.6597026186296774e-03
0.54400000, 1.43930737415896121678206346549490026147e+00, -1.86442068513637842186088644191230319642e-01, 1.84153176223515453691506931255370129717e+01, -4.64581227136895165201586185626317434469e-02, 3.40616991816927785648222979782639412855e+00, 2.66647059092618956620526588280124790403e-01, 1.4133952083628461e-02, -2.6659057634849004e-03
0.54500000, 1.43904764565027767460980447868237094009e+00, -1.86434482085648945827180186333272592395e-01, 1.84159153189048275729585530274664561807e+01, -4.65175111873074301595753762350743882383e-02, 3.40634303664410218050149632080245090323e+00, 2.66607264633904455579418191238550624319e-01, 1.4116473905204052e-02, -2.6720790963779315e-03
0.54600000, 1.43878811598828773796550833867446202199e+00, -1.86426883631824176025472141827948216993e-01, 1.84165125252433147655068644396350710320e+01, -4.65768100495839273231569362455398321353e-02, 3.40651600221885576098966698098013372247e+00, 2.66567498843699915100791382635643399760e-01, 1.4099020953765279e-02, -2.6782227208073440e-03
0.54700000, 1.43852878494451524947076688626379525932e+00, -1.86419273160930661125500233537002505666e-01, 1.84171092418631572317779348466401891362e+01, -4.66360193303903753704995846052481966242e-02, 3.40668881506449494302966484305100289838e+00, 2.66527761747413844991296807878704507620e-01, 1.4081593202688727e-02, -2.6843367399141582e-03
0.54800000, 1.43826965229090390339773442972443923848e+00, -1.86411650681690118857005982657086710657e-01, 1.84177054692596642358576045731027206228e+01, -4.66951390595765225419150870885924967873e-02, 3.40686147535146515701383822096124374810e+00, 2.66488053370268269615708390198984889846e-01, 1.4064190625294937e-02, -2.6904212564830951e-03
0.54900000, 1.43801071779981623188674470483013949852e+00, -1.86404016202778942854303799962332071133e-01, 1.84183012079273058517303378814579737985e+01, -4.67541692669704801701770356509116562395e-02, 3.40703398324970262212149435099837514855e+00, 2.66448373737298991310777969097358780391e-01, 1.4046813194849124e-02, -2.6964763729438247e-03
0.55000000, 1.43775198124403259416727625332634104654e+00, -1.86396369732828288810314641234146590776e-01, 1.84188964583597147887482135360384302897e+01, -4.68131099823787050946186320562467094606e-02, 3.40720633892863604438627917218797233518e+00, 2.66408722873355853551454918353957428290e-01, 1.4029460884561891e-02, -2.7025021913722115e-03
0.55100000, 1.43749344239675016877114772771567503324e+00, -1.86388711280424160266656457335840748085e-01, 1.84194912210496882117921970827445460045e+01, -4.68719612355859822767072353620589965220e-02, 3.40737854255718830937524906248465719338e+00, 2.66369100803103003872898563869429749713e-01, 1.4012133667589939e-02, -2.7084988134915541e-03
0.55200000, 1.43723510103158194872687136872853690960e+00, -1.86381040854107494041175527377255574146e-01, 1.84200854964891895561440011715545548486e+01, -4.69307230563554076162265575447100319412e-02, 3.40755059430377816950134592466857274128e+00, 2.66329507551019156551697546702118168665e-01, 1.3994831517036771e-02, -2.7144663406738217e-03
0.55300000, 1.43697695692255573972413941159668936505e+00, -1.86373358462374245294296654880318907297e-01, 1.84206792851693503370867646890405734830e+01, -4.69893954744283709672029204253449670010e-02, 3.40772249433632192599085336800486905137e+00, 2.66289943141397855049696445905676406634e-01, 1.3977554405953391e-02, -2.7204048739408860e-03
0.55400000, 1.43671900984411316123746445948900125943e+00, -1.86365664113675472235564131607387748225e-01, 1.84212725875804719542527062679956671611e+01, -4.70479785195245393527174873515557435090e-02, 3.40789424282223510552727888645538165713e+00, 2.66250407598347734223815990956237540477e-01, 1.3960302307339000e-02, -2.7263145139657481e-03
0.55500000, 1.43646125957110865059804091845723267962e+00, -1.86357957816417420471739331558557743025e-01, 1.84218654042120274907358328993062609151e+01, -4.71064722213418403777518549854516017831e-02, 3.40806583992843413159297488744304780650e+00, 2.66210900945792782305239056476835925494e-01, 1.3943075194141682e-02, -2.7321953610737620e-03
0.55600000, 1.43620370587880847000294041922122455343e+00, -1.86350239578961606997814788391254611832e-01, 1.84224577355526635069877098854093073749e+01, -4.71648766095564458392198342219229042736e-02, 3.40823728582133799052968017278315251865e+00, 2.66171423207472602651320344398152597122e-01, 1.3925873039259091e-02, -2.7380475152438538e-03
0.55700000, 1.43594634854288971645079975833430797039e+00, -1.86342509409624903832298632975986829788e-01, 1.84230495820902018295142242431484331529e+01, -4.72231917138227555323436648891114918319e-02, 3.40840858066686989233903301136153687066e+00, 2.66131974406942675273563222406773286779e-01, 1.3908695815539131e-02, -2.7438710761097358e-03
0.55800000, 1.43568918733943933459320527594095415480e+00, -1.86334767316679621298117323787946331354e-01, 1.84236409443116413343911998846938243511e+01, -4.72814175637733812525382966423410100221e-02, 3.40857972463045892624397726743632402231e+00, 2.66092554567574618144992604282366956531e-01, 1.3891543495780631e-02, -2.7496661429611176e-03
0.55900000, 1.43543222204495313249102275069181379653e+00, -1.86327013308353590950478691158191011433e-01, 1.84242318227031597256166494765342096590e+01, -4.73395541890191309919727285277484663805e-02, 3.40875071787704171103185415507172930555e+00, 2.66053163712556448290238029260354579190e-01, 1.3874416052734012e-02, -2.7554328147449118e-03
0.56000000, 1.43517545243633480026496683563099949904e+00, -1.86319247392830248153031436884602286173e-01, 1.84248222177501153083173747965145989835e+01, -4.73976016191489933299827322361277583064e-02, 3.40892156057106404019984407421238196711e+00, 2.66013801864892842661626225613217612108e-01, 1.3857313459101959e-02, -2.7611711900664365e-03
0.56100000, 1.43491887829089493162974878322393506876e+00, -1.86311469578248714303651383147024461665e-01, 1.84254121299370487568275546756203144659e+01, -4.74555598837301220165145892633892325288e-02, 3.40909225287648252192329564333336125889e+00, 2.65974469047405398804567429947830006222e-01, 1.3840235687540074e-02, -2.7668813671906128e-03
0.56200000, 1.43466249938635004830118571435109963050e+00, -1.86303679872703878711178948899462458563e-01, 1.84260015597476848776568872228473476351e+01, -4.75134290123078207477847502127154830480e-02, 3.40926279495676621386735247354044765797e+00, 2.65935165282732895315504579984214169253e-01, 1.3823182710657541e-02, -2.7725634440431585e-03
0.56300000, 1.43440631550082162726569897624593336957e+00, -1.86295878284246480124426547742596006640e-01, 1.84265905076649343673657809862133162633e+01, -4.75712090344055281333455754849369414904e-02, 3.40943318697489825286216242555881287550e+00, 2.65895890593331552095679206519065083396e-01, 1.3806154501017769e-02, -2.7782175182117782e-03
0.56400000, 1.43415032641283513090167320918912496241e+00, -1.86288064820883187914768848530962738022e-01, 1.84271789741708955653650179989254147065e+01, -4.76288999795248028537525407766796714786e-02, 3.40960342909337747946182905037446330779e+00, 2.65856645001475290403952421581545033478e-01, 1.3789151031139044e-02, -2.7838436869473477e-03
0.56500000, 1.43389453190131903994219160246427636418e+00, -1.86280239490576682913623118460908656236e-01, 1.84277669597468562016572402951158289482e+01, -4.76865018771453090080334883081128691646e-02, 3.40977352147422005740714063254494626312e+00, 2.65817428529255992711903836145776389154e-01, 1.3772172273495171e-02, -2.7894420471650961e-03
0.56600000, 1.43363893174560388926870646780212252487e+00, -1.86272402301245737906121177938871771512e-01, 1.84283544648732951395375404525760655893e+01, -4.77440147567248016501656757001564509515e-02, 3.40994346427896108801198872856340708220e+00, 2.65778241198583762364415543851089606086e-01, 1.3755218200516109e-02, -2.7950126954457823e-03
0.56700000, 1.43338352572542130652524769445547947824e+00, -1.86264553260765297782268836966945966182e-01, 1.84289414900298841132703660287752604059e+01, -4.78014386476991125137715190801705275325e-02, 3.41011325766865621949326531735762790146e+00, 2.65739083031187183048932478664860605748e-01, 1.3738288784588607e-02, -2.8005557280368683e-03
0.56800000, 1.43312831362090305354281487531118281970e+00, -1.86256692376966559346883053927275935502e-01, 1.84295280356954894607598773993502472597e+01, -4.78587735794821359242490454796767714797e-02, 3.41028290180388325126390565227282068091e+00, 2.65699954048613578076574495961759893809e-01, 1.3721383998056833e-02, -2.8060712408536882e-03
0.56900000, 1.43287329521258007056364190920765662043e+00, -1.86248819657637050789591459323077501106e-01, 1.84301141023481738512308284834340940583e+01, -4.79160195814658148975581620606706816235e-02, 3.41045239684474373320862261998813746267e+00, 2.65660854272229269478259439736235442719e-01, 1.3704503813222996e-02, -2.8115593294806126e-03
0.57000000, 1.43261847028138152325506569202958174664e+00, -1.86240935110520710816173319067479325529e-01, 1.84306996904651980079369701458826419353e+01, -4.79731766830201274248889163305714671069e-02, 3.41062174295086455996175786804112272681e+00, 2.65621783723219836918980245251712118847e-01, 1.3687648202347968e-02, -2.8170200891722098e-03
0.57100000, 1.43236383860863385250277310932958475868e+00, -1.86233038743317967442515474128555026338e-01, 1.84312848005230224259139067009135203902e+01, -4.80302449134930729424429624407127254473e-02, 3.41079094028139956020655515529502495157e+00, 2.65582742422590376433362787990922424326e-01, 1.3670817137651898e-02, -2.8224536148544022e-03
0.57200000, 1.43210939997605982697324293730917336729e+00, -1.86225130563685816452451285567559181118e-01, 1.84318694329973090847932669031477994065e+01, -4.80872243022106589855644640692924319754e-02, 3.41095998899503108101504230511846522330e+00, 2.65543730391165758985614727928666517515e-01, 1.3654010591314826e-02, -2.8278600011256189e-03
0.57300000, 1.43185515416577759843524144809863367322e+00, -1.86217210579237899520745136076277382702e-01, 1.84324535883629231566949820988098960839e+01, -4.81441148784768880264616544255733283056e-02, 3.41112888924997156724758979561675298003e+00, 2.65504747649590888856959014513991128076e-01, 1.3637228535477283e-02, -2.8332393422579446e-03
0.57400000, 1.43160110096029975983027250052275778759e+00, -1.86209278797544582002479590858403482961e-01, 1.84330372670939347092143958201758979259e+01, -4.82009166715737444947652387354690764566e-02, 3.41129764120396513603109640134409784912e+00, 2.65465794218330961863629013927417278009e-01, 1.3620470942240904e-02, -2.8385917321982640e-03
0.57500000, 1.43134724014253240608192468003376038011e+00, -1.86201335226133030390096901939887254949e-01, 1.84336204696636204035208610385536525779e+01, -4.82576297107611819801747643360060761928e-02, 3.41146624501428914633463540294444838831e+00, 2.65426870117671723408485397765962621113e-01, 1.3603737783669015e-02, -2.8439172645694023e-03
0.57600000, 1.43109357149577419763409963233547909797e+00, -1.86193379872487289439341150566233627139e-01, 1.84342031965444651875844135434295269971e+01, -4.83142540252771106164489983729860940866e-02, 3.41163470083775576366127870154722175811e+00, 2.65387975367719726369297992891311528685e-01, 1.3587029031787235e-02, -2.8492160326712618e-03
0.57700000, 1.43084009480371542670814711550812822415e+00, -1.86185412744048358965341962083814359110e-01, 1.84347854482081639845470424862364805051e+01, -4.83707896443373846460012432169010265219e-02, 3.41180300883071351987470070993724602278e+00, 2.65349109988402588826718737333189742781e-01, 1.3570344658584061e-02, -2.8544881294819549e-03
0.57800000, 1.43058680985043708626897347625800468417e+00, -1.86177433848214270310075396441455122414e-01, 1.84353672251256233762550120148058823562e+01, -4.84272365971357901643653852401259108425e-02, 3.41197116914904886817904913900301106261e+00, 2.65310273999469251634954718441093179175e-01, 1.3553684636011458e-02, -2.8597336476589321e-03
0.57900000, 1.43033371642040994169023123834251721532e+00, -1.86169443192340162482432315023006094953e-01, 1.84359485277669632819686211272911591374e+01, -4.84835949128440330438033136859526035143e-02, 3.41213918194818773327045575224350237843e+00, 2.65271467420490235838132988485079553309e-01, 1.3537048935985434e-02, -2.8649526795401072e-03
0.58000000, 1.43008081429849360510873827633202254585e+00, -1.86161440783738357972119250767446651715e-01, 1.84365293566015186322657223905346060149e+01, -4.85398646206117270353291631584001099031e-02, 3.41230704738309705667844681970343490788e+00, 2.65232690270857899935331461174313908275e-01, 1.3520437530386622e-02, -2.8701453171449778e-03
0.58100000, 1.42982810326993561245831563673396191148e+00, -1.86153426629678438238611563287496017581e-01, 1.84371097120978410381552539958391004490e+01, -4.85960457495663820484306259211945838685e-02, 3.41247476560828633731540036215362464498e+00, 2.65193942569786696997232691636395013498e-01, 1.3503850391060851e-02, -2.8753116521757422e-03
0.58200000, 1.42957558312037050317327346218295075447e+00, -1.86145400737387318876373443798904173421e-01, 1.84376895947237004554169737632633510568e+01, -4.86521383288133926077723488640767363422e-02, 3.41264233677780916725208533320338178654e+00, 2.65155224336313431637339733819174130045e-01, 1.3487287489819717e-02, -2.8804517760184123e-03
0.58300000, 1.42932325363581890255181467394757849758e+00, -1.86137363114049324457554145959797787995e-01, 1.84382690049460868441835181522517386203e+01, -4.87081423874360264861711748228765372533e-02, 3.41280976104526476273720663791264496393e+00, 2.65116535589297516840675554569961094919e-01, 1.3470748798441144e-02, -2.8855657797439224e-03
0.58400000, 1.42907111460268660676966607446910135967e+00, -1.86129313766806263053364658032879766153e-01, 1.84388479432312118237808440900164450659e+01, -4.87640579544954135131377090737973743471e-02, 3.41297703856379949047876932797196851966e+00, 2.65077876347421230652869664337089017236e-01, 1.3454234288669947e-02, -2.8906537541092348e-03
0.58500000, 1.42881916580776367053428634607096160086e+00, -1.86121252702757500435333898964155660969e-01, 1.84394264100445103228430464879986838212e+01, -4.88198850590305345582833894082773351136e-02, 3.41314416948610838920496544226847893749e+00, 2.65039246629189972732517702040502637574e-01, 1.3437743932218388e-02, -2.8957157895584403e-03
0.58600000, 1.42856740703822349737004004539681000740e+00, -1.86113179928960033957638415862409336695e-01, 1.84400044058506422247174796793452226000e+01, -4.88756237300582106888969123778548322422e-02, 3.41331115396443668652217777430656433276e+00, 2.65000646452932520769681687678487014748e-01, 1.3421277700766730e-02, -2.9007519762238562e-03
0.58700000, 1.42831583808162193252476612657782104843e+00, -1.86105095452428566121694482807087657320e-01, 1.84405819311134940081760466750532632189e+01, -4.89312739965730925009985192228852762741e-02, 3.41347799215058131108758634117515086278e+00, 2.64962075836801286773380532176502761225e-01, 1.3404835565963786e-02, -2.9057624039271196e-03
0.58800000, 1.42806445872589635848820877062069662979e+00, -1.86096999280135577824196450752777549657e-01, 1.84411589862961803834484561016777408542e+01, -4.89868358875476496231852728079831023995e-02, 3.41364468419589240011375549924130869613e+00, 2.64923534798772573230902171333563485106e-01, 1.3388417499427458e-02, -2.9107471621802769e-03
0.58900000, 1.42781326875936479311281735506276850184e+00, -1.86088891419011401289780175381244769463e-01, 1.84417355718610459235931829476861864116e+01, -4.90423094319321603925850617229769030408e-02, 3.41381123025127480222247249621532585980e+00, 2.64885023356646829141750370966564849637e-01, 1.3372023472745288e-02, -2.9157063401868697e-03
0.59000000, 1.42756226797072499032746126757077435503e+00, -1.86080771875944292689485353923200759356e-01, 1.84423116882696666912218058071226893270e+01, -4.90976946586547017022416497122791267533e-02, 3.41397763046718957566500176440814523289e+00, 2.64846541528048905929020834971078801285e-01, 1.3355653457474985e-02, -2.9206400268430171e-03
0.59100000, 1.42731145614905354343464395086981116026e+00, -1.86072640657780504446185633078687496025e-01, 1.84428873359828518605923301666486420142e+01, -4.91529915966211390192576479082440261178e-02, 3.41414388499365548192581344264097539356e+00, 2.64808089330428313230982738478806378232e-01, 1.3339307425144963e-02, -2.9255483107384935e-03
0.59200000, 1.42706083308380499098183906517718334299e+00, -1.86064497771324357228150408055296541422e-01, 1.84434625154606453350870444337174278750e+01, -4.92082002747151165730268241047274278013e-02, 3.41430999398025047472673946114149820920e+00, 2.64769666781059474575623206060478830626e-01, 1.3322985347254871e-02, -2.9304312801578035e-03
0.59300000, 1.42681039856481092519760996917483363787e+00, -1.86056343223338311631897317266399351530e-01, 1.84440372271623273600903928480757076253e+01, -4.92633207217980477128916776541365526049e-02, 3.41447595757611318444840603166348412158e+00, 2.64731273897041982940893561454820376264e-01, 1.3306687195276114e-02, -2.9352890230812520e-03
0.59400000, 1.42656015238227910298321185247022963352e+00, -1.86048177020543039555489548237142746232e-01, 1.84446114715464161312822871544371683556e+01, -4.93183529667091054345667006422995588908e-02, 3.41464177592994439798568755080821148729e+00, 2.64692910695300856203377392048590887841e-01, 1.3290412940652381e-02, -2.9401216271860115e-03
0.59500000, 1.42631009432679255945041380244946466204e+00, -1.86039999169617495263427207605082054541e-01, 1.84451852490706693983622169395262012659e+01, -4.93732970382652130746722159270966232517e-02, 3.41480744919000853405382374493743597843e+00, 2.64654577192586792478081599732182342697e-01, 1.3274162554800155e-02, -2.9449291798471852e-03
0.59600000, 1.42606022418930872399631585739246895116e+00, -1.86031809677198986144277171626849375590e-01, 1.84457585601920860642194568502285541623e+01, -4.94281529652610351727281305546598913870e-02, 3.41497297750413511396173935699828693369e+00, 2.64616273405476425352032651245403580038e-01, 1.3257936009109234e-02, -2.9497117681388661e-03
0.59700000, 1.42581054176115853890597368666727092245e+00, -1.86023608549883243162181023164983602313e-01, 1.84463314053669077795646075098120038953e+01, -4.94829207764689684999613691258368528013e-02, 3.41513836101972022786900379589865310212e+00, 2.64577999350372579014341197137862812687e-01, 1.3241733274943237e-02, -2.9544694788351930e-03
0.59800000, 1.42556104683404558047368094871099634040e+00, -1.86015395794224491003375896583708381933e-01, 1.84469037850506205330376458345997481159e+01, -4.95376005006391332542851560093813938314e-02, 3.41530359988372799654276693466419818535e+00, 2.64539755043504523285379100419977399602e-01, 1.3225554323640111e-02, -2.9592023984114024e-03
0.59900000, 1.42531173920004518263379660929672177275e+00, -1.86007171416735517918858293183682875500e-01, 1.84474756996979562368075996226084995882e+01, -4.95921921664993644208126980199489733720e-02, 3.41546869424269202863090665138032851612e+00, 2.64501540500928228547693705289724728732e-01, 1.3209399126512636e-02, -2.9639106130448763e-03
0.60000000, 1.42506261865160356309204155722860310581e+00, -1.85998935423887745264316196609134451987e-01, 1.84480471497628943076789007370268359567e+01, -4.96466958027552032972721804304930155575e-02, 3.41563364424271687346752375379761755042e+00, 2.64463355738526620581264884395868813361e-01, 1.3193267654848923e-02, -2.9685942086161876e-03
0.60100000, 1.42481368498153695194822573304832910941e+00, -1.85990687822111296738450109922791161045e-01, 1.84486181356986632437194109395404944050e+01, -4.97011114380898891836943291012673476424e-02, 3.41579845002947946942682061139876856950e+00, 2.64425200772009835305691031343142996706e-01, 1.3177159879912909e-02, -2.9732532707101400e-03
0.60200000, 1.42456493798303072280140368951364562095e+00, -1.85982428617795067320798953622051150090e-01, 1.84491886579577421964250544399518540079e+01, -4.97554391011643512357481102116322560896e-02, 3.41596311174823058784130113464837380112e+00, 2.64387075616915473431870714954907295698e-01, 1.3161075772944849e-02, -2.9778878846168060e-03
0.60300000, 1.42431637744963852632849303145852790503e+00, -1.85974157817286791910182106622144588800e-01, 1.84497587169918625384359315178411818566e+01, -4.98096788206172004811044367056633274233e-02, 3.41612762954379627250013168705033831224e+00, 2.64348980288608855025727184573936251114e-01, 1.3145015305161805e-02, -2.9824981353325600e-03
0.60400000, 1.42406800317528142632742653809298252510e+00, -1.85965875426893113664864240017846902310e-01, 1.84503283132520094268187281377361530998e+01, -4.98638306250647219982120272367290004623e-02, 3.41629200356057927474340508851615857638e+00, 2.64310914802283273986503312785735667887e-01, 1.3128978447758132e-02, -2.9870841075611084e-03
0.60500000, 1.42381981495424703821594495377127261759e+00, -1.85957581452879652045544986114668332838e-01, 1.84508974471884233619301773199609136386e+01, -4.99178945431008672568738192474300088662e-02, 3.41645623394256048416795306541182036904e+00, 2.64272879172960252442134884768397731455e-01, 1.3112965171905956e-02, -2.9916458857145158e-03
0.60600000, 1.42357181258118866997717344466785643072e+00, -1.85949275901471070562270902654339692289e-01, 1.84514661192506017418762691436021093986e+01, -4.99718706032972466200165729764224599520e-02, 3.41662032083330035496025632053053450608e+00, 2.64234873415489795064190393379561538860e-01, 1.3096975448755654e-02, -2.9961835539142275e-03
0.60700000, 1.42332399585112446554316055956225649629e+00, -1.85940958778851144226362634209685969753e-01, 1.84520343298873004125818476444407241289e+01, -5.00257588342031220060505177686689460000e-02, 3.41678426437594032787190583217839387642e+00, 2.64196897544550643304845677449498203232e-01, 1.3081009249436329e-02, -3.0006971959920891e-03
0.60800000, 1.42307636455943655060759420395369300032e+00, -1.85932630091162826708445639253354483766e-01, 1.84526020795465352134851745278473551618e+01, -5.00795592643453997112200862057299427848e-02, 3.41694806471320424785297404262257271050e+00, 2.64158951574650529558341848918559301166e-01, 1.3065066545056278e-02, -3.0051868954913613e-03
0.60900000, 1.42282891850187018085894463890442133578e+00, -1.85924289844508317203668342276942014238e-01, 1.84531693686755835188719815431250071825e+01, -5.01332719222286233913509553921366701977e-02, 3.41711172198739977735856025941571502706e+00, 2.64121035520126431249354993790065606151e-01, 1.3049147306703461e-02, -3.0096527356677320e-03
0.61000000, 1.42258165747453289262531985024269143464e+00, -1.85915938044949127005187085416313887904e-01, 1.84537361977209857748634755602160254717e+01, -5.01868968363349672024027683561634868709e-02, 3.41727523634041980534368086567087063543e+00, 2.64083149395144824850686103713051145094e-01, 1.3033251505445966e-02, -3.0140947994903248e-03
0.61100000, 1.42233458127389365592235380093209056990e+00, -1.85907574698506145786992793190659384755e-01, 1.84543025671285470320727028506849313657e+01, -5.02404340351242290992410420711070375606e-02, 3.41743860791374385196158181433013979762e+00, 2.64045293213701939832659600704078221725e-01, 1.3017379112332467e-02, -3.0185131696427036e-03
0.61200000, 1.42208768969678202989548308041838608373e+00, -1.85899199811159707597149827053273588363e-01, 1.84548684773433384739436218010712020445e+01, -5.02938835470338242920458821983286573414e-02, 3.41760183684843946898045836397452594577e+00, 2.64007466989624012546598658398695774686e-01, 1.3001530098392682e-02, -3.0229079285238737e-03
0.61300000, 1.42184098254038732064800230047717742470e+00, -1.85890813388849656562513093348242386944e-01, 1.84554339288096989407871762767079696908e+01, -5.03472454004787788597792184168636855898e-02, 3.41776492328516363593347509690568334188e+00, 2.63969670736567540044725300620299513369e-01, 1.2985704434637828e-02, -3.0272791582492797e-03
0.61400000, 1.42159445960225774144632325837974289298e+00, -1.85882415437475412305985078837031737117e-01, 1.84559989219712364495286051065646428221e+01, -5.04005196238517235201363482565801010200e-02, 3.41792786736416415201688794125129869614e+00, 2.63931904468019533838812973290668037279e-01, 1.2969902092061069e-02, -3.0316269406517993e-03
0.61500000, 1.42134812068029957529389739593922188868e+00, -1.85874005962896035077370122071187666697e-01, 1.84565634572708297091801666732418910533e+01, -5.04537062455228875554116318121151701872e-02, 3.41809066922528102375097919487931367029e+00, 2.63894168197297773599898940100068376677e-01, 1.2954123041637964e-02, -3.0359513572827343e-03
0.61600000, 1.42110196557277633986529542805828957913e+00, -1.85865584970930290598878886411524770667e-01, 1.84571275351506296320534013655824234525e+01, -5.05068052938400928937122147017767982305e-02, 3.41825332900794784841842641714200109996e+00, 2.63856461937551060801343447217639546983e-01, 1.2938367254326912e-02, -3.0402524894127973e-03
0.61700000, 1.42085599407830795479197219763115761375e+00, -1.85857152467356714626331681300740639318e-01, 1.84576911560520608407249986831244431810e+01, -5.05598167971287483449576722671245283069e-02, 3.41841584685119319329463651211418179198e+00, 2.63818785701759472307502138961229036917e-01, 1.2922634701069592e-02, -3.0445304180330959e-03
0.61800000, 1.42061020599586991129127883591032345761e+00, -1.85848708457913677227104982356597556038e-01, 1.84582543204158231707702800704882138566e+01, -5.06127407836918439911074644021225943677e-02, 3.41857822289364197068448737126078717998e+00, 2.63781139502734613910257686060835732796e-01, 1.2906925352791396e-02, -3.0487852238561124e-03
0.61900000, 1.42036460112479244413031816958012851980e+00, -1.85840252948299446775861227838745859019e-01, 1.84588170286818931692782531044291363353e+01, -5.06655772818099457300620676718894267281e-02, 3.41874045727351680877983107160259813857e+00, 2.63743523353119873815636012236612495311e-01, 1.2891239180401870e-02, -3.0530169873166805e-03
0.62000000, 1.42011917926475970591627301862792556024e+00, -1.85831785944172253669097718926835533637e-01, 1.84593792812895255891621374554000430357e+01, -5.07183263197411899726876096456922429667e-02, 3.41890255012863941835202483469511109119e+00, 2.63705937265390676082711874560800021297e-01, 1.2875576154795139e-02, -3.0572257885729589e-03
0.62100000, 1.41987394021580894370487057350750310548e+00, -1.85823307451150353759546223904504785217e-01, 1.84599410786772548792792080977355805741e+01, -5.07709879257212784924177697417278291568e-02, 3.41906450159643195529366873935845805656e+00, 2.63668381251854734016987869767326860945e-01, 1.2859936246850337e-02, -3.0614117075074008e-03
0.62200000, 1.41962888377832967791867942688135560528e+00, -1.85814817474812091511450681647694341744e-01, 1.84605024212828966703737465467046071547e+01, -5.08235621279634734268906314764115279810e-02, 3.41922631181391837902364254437490994889e+00, 2.63630855324652303520410203592012007574e-01, 1.2844319427432031e-02, -3.0655748237277205e-03
0.62300000, 1.41938400975306288356696906523642438075e+00, -1.85806316020695962877746217641874792731e-01, 1.84610633095435492568568364553819941059e+01, -5.08760489546585924310820729416360641076e-02, 3.41938798091772580676944791359775381400e+00, 2.63593359495756436400163774643844987001e-01, 1.2828725667390642e-02, -3.0697152165678559e-03
0.62400000, 1.41913931794110017375889469971511431792e+00, -1.85797803094300677900158525977361129187e-01, 1.84616237438955950744366857082860369860e+01, -5.09284484339750039814011657122863107655e-02, 3.41954950904408586374077684239839215465e+00, 2.63555893776973233638368289491834460229e-01, 1.2813154937562863e-02, -3.0738329650889286e-03
0.62500000, 1.41889480814388298550180323440784147233e+00, -1.85789278701085223033238533271898678696e-01, 1.84621837247747021736131032007361794896e+01, -5.09807605940586228302169173249932833803e-02, 3.41971089632883602920814215843845758467e+00, 2.63518458179942098624776242865228387979e-01, 1.2797607208772072e-02, -3.0779281480802000e-03
0.62600000, 1.41865048016320176777648893492832399942e+00, -1.85780742846468923193343145122913986792e-01, 1.84627432526158256890497047916395973606e+01, -5.10329854630329056102895390787358395968e-02, 3.41987214290742097850032160872546398324e+00, 2.63481052716135990354552667365047734411e-01, 1.2782082451828749e-02, -3.0820008440600235e-03
0.62700000, 1.41840633380119517188125997114667118719e+00, -1.85772195535831503533568782376806540497e-01, 1.84633023278532093048373694616533327792e+01, -5.10851230689988465885832492987802576597e-02, 3.42003324891489392093428324614257605753e+00, 2.63443677396861676593195582124118880388e-01, 1.2766580637530879e-02, -3.0860511312767946e-03
0.62800000, 1.41816236886034924403670946629160340622e+00, -1.85763636774513150945640343098779981936e-01, 1.84638609509203867156624134971373075205e+01, -5.11371734400349735689414324871934259196e-02, 3.42019421448591793369117658949752984235e+00, 2.63406332233259987010635050678194062443e-01, 1.2751101736664360e-02, -3.0900790877098964e-03
0.62900000, 1.41791858514349662024311699105060350631e+00, -1.85755066567814575289754176514132103938e-01, 1.84644191222501830838928975517660667882e+01, -5.11891366041973439431087670646667193737e-02, 3.42035503975476729165189134898799512476e+00, 2.63369017236306066286527696164182211352e-01, 1.2735645720003406e-02, -3.0940847910706428e-03
0.63000000, 1.41767498245381572338243859658944575529e+00, -1.85746484920997070353369627251585354371e-01, 1.84649768422747164925964287108640561838e+01, -5.12410125895195408895887087978268552433e-02, 3.42051572485532879320560338121937104500e+00, 2.63331732416809627188742418079684785824e-01, 1.2720212558310945e-02, -3.0980683188032173e-03
0.63100000, 1.41743156059482996255687548536962474176e+00, -1.85737891839282574539939701832870508449e-01, 1.84655341114253993945027671972382573783e+01, -5.12928014240126697198284736110649744111e-02, 3.42067626992110308204464596193785465329e+00, 2.63294477785415203627011910452525232838e-01, 1.2704802222339020e-02, -3.1020297480856095e-03
0.63200000, 1.41718831937040693465604327404826174625e+00, -1.85729287327853731288567424402881551798e-01, 1.84660909301329400569244951102778084325e+01, -5.13445031356653543712274024089650963881e-02, 3.42083667508520596495896343787125579449e+00, 2.63257253352602403683703397606260806199e-01, 1.2689414682829176e-02, -3.1059691558305474e-03
0.63300000, 1.41694525858475762814479550937997317801e+00, -1.85720671391853949225570485064581332253e-01, 1.84666472988273440026489525811545312852e+01, -5.13961177524437340464683118907440255471e-02, 3.42099694048036972564332383892987667749e+00, 2.63220059128686162623640781989185796761e-01, 1.2674049910512854e-02, -3.1098866186864272e-03
0.63400000, 1.41670237804243562906378665667917326346e+00, -1.85712044036387462048932841756509118273e-01, 1.84672032179379154468145949548797701989e+01, -5.14476453022914599986751392271252070788e-02, 3.42115706623894443453038709594990724703e+00, 2.63182895123816995884889139976447266308e-01, 1.2658707876111781e-02, -3.1137822130382391e-03
0.63500000, 1.41645967754833632923489119181496477125e+00, -1.85703405266519388146618015273045597794e-01, 1.84677586878932587297848730735472247112e+01, -5.14990858131296924619038749974752528871e-02, 3.42131705249289925466264611461479631468e+00, 2.63145761347981252052391207368953525522e-01, 1.2643388550338349e-02, -3.1176560150084903e-03
0.63600000, 1.41621715690769613666362669266517531060e+00, -1.85694755087275789949714916664116242152e-01, 1.84683137091212797460326874331210339728e+01, -5.15504393128570977264774480548734788140e-02, 3.42147689937382374361617910063090673539e+00, 2.63108657811001365816324167705126852236e-01, 1.2628091903896003e-02, -3.1215081004581245e-03
0.63700000, 1.41597481592609168813075994521269484256e+00, -1.85686093503643733021383166748110600629e-01, 1.84688682820491873690484159174225689916e+01, -5.16017058293498453586788781024301093055e-02, 3.42163660701292915148907321213965376084e+00, 2.63071584522536110917023694673634773398e-01, 1.2612817907479616e-02, -3.1253385449874382e-03
0.63800000, 1.41573265440943906396530605378300798928e+00, -1.85677420520571344882561008716572004446e-01, 1.84694224071034948722844639763443422759e+01, -5.16528853904616055643206468283201801913e-02, 3.42179617554104971496730183020856753031e+00, 2.63034541492080853078300806063486594203e-01, 1.2597566531775866e-02, -3.1291474239369938e-03
0.63900000, 1.41549067216399300499116137504914036323e+00, -1.85668736142967873575395076689533863962e-01, 1.84699760847100213461492355095980289447e+01, -5.17039780240235466957118565616993884948e-02, 3.42195560508864394748076048455959450690e+00, 2.62997528728967802930955662003843420837e-01, 1.2582337747463610e-02, -3.1329348123885292e-03
0.64000000, 1.41524886899634613163964178211713055499e+00, -1.85660040375703745965347465484862025017e-01, 1.84705293152938931110633723413153963629e+01, -5.17549837578443329015483466783017159675e-02, 3.42211489578579592546208974697758056712e+00, 2.62960546242366268928270985916204470559e-01, 1.2567131525214252e-02, -3.1367007851658647e-03
0.64100000, 1.41500724471342816522022830899513765042e+00, -1.85651333223610625782931749682973370427e-01, 1.84710820992795451265910600234022136518e+01, -5.18059026197101219192545225038231217615e-02, 3.42227404776221657072083720662009316008e+00, 2.62923594041282910255246303808069494655e-01, 1.2551947835692116e-02, -3.1404454168358064e-03
0.64200000, 1.41476579912250515134185262778152571500e+00, -1.85642614691481471406025823189950792069e-01, 1.84716344370907223966591477855388349376e+01, -5.18567346373845630093092193352627593055e-02, 3.42243306114724492894543496725795595774e+00, 2.62886672134561989733312687456652696485e-01, 1.2536786649554804e-02, -3.1441687817090458e-03
0.64300000, 1.41452453203117868547708507171647594661e+00, -1.85633884784070593383705673818218404562e-01, 1.84721863291504813708767807559765799712e+01, -5.19074798386087950310914755246753139185e-02, 3.42259193606984944434539395386195523254e+00, 2.62849780530885626722246150835820238276e-01, 1.2521647937453562e-02, -3.1478709538410575e-03
0.64400000, 1.41428344324738514066161803755825355638e+00, -1.85625143506093711702540470806172735647e-01, 1.84727377758811913419681931086522725418e+01, -5.19581382511014446597856234451031547562e-02, 3.42275067265862923044604168247432892621e+00, 2.62812919238774050020976287996409802528e-01, 1.2506531670033640e-02, -3.1515520070329926e-03
0.64500000, 1.41404253257939489732146758129526234592e+00, -1.85616390862228012796285626578816606178e-01, 1.84732887777045358393312615474968400826e+01, -5.20087099025586247438886256829938655892e-02, 3.42290927104181533704805603053426553942e+00, 2.62776088266585850768965155681939625499e-01, 1.2491437817934644e-02, -3.1552120148325693e-03
0.64600000, 1.41380179983581157522034586271021878032e+00, -1.85607626857112206299906797303577174802e-01, 1.84738393350415140187343695170166847541e+01, -5.20591948206539328028660860727321577825e-02, 3.42306773134727201336397394234619762042e+00, 2.62739287622518235349809796406121079392e-01, 1.2476366351790894e-02, -3.1588510505349606e-03
0.64700000, 1.41356124482557126751968679749066108478e+00, -1.85598851495346581548864109812903542163e-01, 1.84743894483124420481640837281539827431e+01, -5.21095930330384496645068513039710469112e-02, 3.42322605370249796734378091378060667287e+00, 2.62702517314607278298700168688487653183e-01, 1.2461317242231776e-02, -3.1624691871836783e-03
0.64800000, 1.41332086735794177694383684114382562973e+00, -1.85590064781493063824582245142455524655e-01, 1.84749391179369544898360960089659077490e+01, -5.21599045673407382415295888875675112429e-02, 3.42338423823462762120161451918263011468e+00, 2.62665777350728175215342601788034105828e-01, 1.2446290459882085e-02, -3.1660664975714544e-03
0.64900000, 1.41308066724252185404295225763270422433e+00, -1.85581266720075270347028371165961716012e-01, 1.84754883443340056783818351296910974578e+01, -5.22101294511668424469981813568358548893e-02, 3.42354228507043236315554316944795818249e+00, 2.62629067738595495683937223735483951579e-01, 1.2431285975362375e-02, -3.1696430542411193e-03
0.65000000, 1.41284064428924043754617351810868422695e+00, -1.85572457315578566015316298491111741745e-01, 1.84760371279218710952231051101888768151e+01, -5.22602677121002862481062148026470806763e-02, 3.42370019433632179539230972093290644846e+00, 2.62592388485763436201776124881418822011e-01, 1.2416303759289301e-02, -3.1731989294864761e-03
0.65100000, 1.41260079830835589679767663207524867489e+00, -1.85563636572450118897251634811843810420e-01, 1.84765854691181487391470585934434660899e+01, -5.23103193777020728578942622881453298818e-02, 3.42385796615834497826885848793120264375e+00, 2.62555739599626073118007315684057660467e-01, 1.2401343782275959e-02, -3.1767341953531733e-03
0.65200000, 1.41236112911045527626823023547332064951e+00, -1.85554804495098955468729133188499750824e-01, 1.84771333683397604930937661607285011916e+01, -5.23602844755106840644670694554495941728e-02, 3.42401560066219167076239364451935071700e+00, 2.62519121087417615584087818186329250875e-01, 1.2386406014932224e-02, -3.1802489236395726e-03
0.65300000, 1.41212163650645354213491614822441092867e+00, -1.85545961087896015603889869146664731527e-01, 1.84776808260029534871685949710397249439e+01, -5.24101630330420796972811408159982314907e-02, 3.42417309797319356718064693230109240575e+00, 2.62482532956212658517427496701727383700e-01, 1.2371490427865085e-02, -3.1837431858976154e-03
0.65400000, 1.41188232030759283092169986839112470056e+00, -1.85537106355174207316942339946917641086e-01, 1.84782278425233014578915628284448591349e+01, -5.24599550777896972300766009009290527246e-02, 3.42433045821632553014396301663527087436e+00, 2.62445975212926435579703485762302421335e-01, 1.2356596991678979e-02, -3.1872170534336847e-03
0.65500000, 1.41164318032544170019356609200010018836e+00, -1.85528240301228461256548056780728612140e-01, 1.84787744183157061036957867149947296897e+01, -5.25096606372244515200305647302434310364e-02, 3.42448768151620681985074175298612504912e+00, 2.62409447864315072171303313495405466547e-01, 1.2341725676976118e-02, -3.1906705973094650e-03
0.65600000, 1.41140421637189438129696283740035860974e+00, -1.85519362930315784953668696892595757708e-01, 1.84793205537943984366870979727200480473e+01, -5.25592797387947346827125970310792057964e-02, 3.42464476799710231963770803477642744887e+00, 2.62372950916975838443333047399203002778e-01, 1.2326876454356820e-02, -3.1941038883427986e-03
0.65700000, 1.41116542825917003413932611147660693072e+00, -1.85510474246655316823768397616159956387e-01, 1.84798662493729401306768496749412351621e+01, -5.26088124099264161024261693872447405879e-02, 3.42480171778292375784641179224743981615e+00, 2.62336484377347402328605008086634304919e-01, 1.2312049294419829e-02, -3.1975169971085391e-03
0.65800000, 1.41092681579981200400048528277454113270e+00, -1.85501574254428379924261307944120689648e-01, 1.84804115054642248654998952935876848990e+01, -5.26582586780228425775233391247112029983e-02, 3.42495853099723092600729309604060463745e+00, 2.62300048251710082592997806064886720984e-01, 1.2297244167762645e-02, -3.2009099939394016e-03
0.65900000, 1.41068837880668708036877742429198560253e+00, -1.85492662957778535468091065430641217597e-01, 1.84809563224804796676296715444072282137e+01, -5.27076185704648386002831733209277814736e-02, 3.42511520776323289335258018722900123143e+00, 2.62263642546186101908559658109501938708e-01, 1.2282461044981835e-02, -3.2042829489268100e-03
0.66000000, 1.41045011709298475779472685701018552521e+00, -1.85483740360811636094325436853616418910e-01, 1.84815007008332662471022722748015215345e+01, -5.27568921146107067709477259589656396828e-02, 3.42527174820378921766922160506612968649e+00, 2.62227267266739839949704134371186224225e-01, 1.2267699896673358e-02, -3.2076359319217419e-03
0.66100000, 1.41021203047221649875517396484425545510e+00, -1.85474806467595878896645950046412418899e-01, 1.84820446409334823307613544485097645080e+01, -5.28060793377962283455126460194107947286e-02, 3.42542815244141115250298741251916866506e+00, 2.62190922419178086513825676106973801103e-01, 1.2252960693432874e-02, -3.2109690125355692e-03
0.66200000, 1.40997411875821499852076506323731552046e+00, -1.85465861282161858210608951548894518874e-01, 1.84825881431913629918356716764485188478e+01, -5.28551802673346639168727493018676753621e-02, 3.42558442059826285072480882545637040254e+00, 2.62154608009150294667640407938694698839e-01, 1.2238243405856062e-02, -3.2142822601408968e-03
0.66300000, 1.40973638176513345201974268776200452620e+00, -1.85456904808502618160551150130847071038e-01, 1.84831312080164819758609853426722231557e+01, -5.29041949305167542289261270816163992104e-02, 3.42574055279616256447036033191575343308e+00, 2.62118324042148833920535948889258294555e-01, 1.2223548004538924e-02, -3.2175757438723982e-03
0.66400000, 1.40949881930744482269100312647480983206e+00, -1.85447937050573704967009349713048797409e-01, 1.84836738358177530229580581776258207506e+01, -5.29531233546107211232435904225635748802e-02, 3.42589654915658384146382364095583256855e+00, 2.62082070523509243426192104205041545010e-01, 1.2208874460078099e-02, -3.2208495326276473e-03
0.66500000, 1.40926143119994111331941535103816129895e+00, -1.85438958012293219015520736658774974020e-01, 1.84842160270034311864783901366020163319e+01, -5.30019655668622686179134601717822648665e-02, 3.42605240980065671773670852394884376170e+00, 2.62045847458410485213712496210060858844e-01, 1.2194222743071160e-02, -3.2241036950679485e-03
0.66600000, 1.40902421725773263884642270742389041053e+00, -1.85429967697541866687666765738509156143e-01, 1.84847577819811141480293116485810300706e+01, -5.30507215944945841181749094397675624567e-02, 3.42620813484916890675254180260169141835e+00, 2.62009654851875197449485368219442379484e-01, 1.2179592824116927e-02, -3.2273382996191627e-03
0.66700000, 1.40878717729624730114897580797709581158e+00, -1.85420966110163011955220386190994461847e-01, 1.84852991011577435288900047084159664737e+01, -5.30993914647083397584562478096328157856e-02, 3.42636372442256698494817239526733671068e+00, 2.61973492708769947730969971926264922488e-01, 1.2164984673815759e-02, -3.2305534144725310e-03
0.66800000, 1.40855031113122986577987202338559781169e+00, -1.85411953253962727738253064122945700335e-01, 1.84858399849396061978299778926333319159e+01, -5.31479752046816938754377047029119787741e-02, 3.42651917864095757370237745403588544038e+00, 2.61937361033805486413583126722859012843e-01, 1.2150398262769855e-02, -3.2337491075854955e-03
0.66900000, 1.40831361857874124066260380629722113182e+00, -1.85402929132709847028054789916959365249e-01, 1.84863804337323355753414771849526860997e+01, -5.31964728415702926117614233439757610790e-02, 3.42667449762410851774239220747511303637e+00, 2.61901259831536999971838720176282453495e-01, 1.2135833561583550e-02, -3.2369254466825167e-03
0.67000000, 1.40807709945515775673384478858165531171e+00, -1.85393893750136013775717009262249573896e-01, 1.84869204479409129342972705010043268127e+01, -5.32448844025072716500145166933632588317e-02, 3.42682968149145005999892416553793890195e+00, 2.61865189106364364395871103394590855506e-01, 1.2121290540863609e-02, -3.2400824992558886e-03
0.67100000, 1.40784075357717045052672918216849168937e+00, -1.85384847109935733547225183796323254169e-01, 1.84874600279696686970452000016572388816e+01, -5.32932099146032580766141626461212252762e-02, 3.42698473036207601292015084189116118680e+00, 2.61829148862532398624451524337771682350e-01, 1.2106769171219515e-02, -3.2432203325665503e-03
0.67200000, 1.40760458076178434868810647962748268850e+00, -1.85375789215766423945904472058771726374e-01, 1.84879991742222837289508526798847348540e+01, -5.33414494049463723752268277975736715016e-02, 3.42713964435474492625513910257559351601e+00, 2.61793139104131118015584937282363825398e-01, 1.2092269423263761e-02, -3.2463390136448952e-03
0.67300000, 1.40736858082631775442297979580676728197e+00, -1.85366720071248464803058823422846069231e-01, 1.84885378871017906283996562962211836998e+01, -5.33896029006022305493568072483619202916e-02, 3.42729442358788125131706365632080110248e+00, 2.61757159835095987855752728674854624266e-01, 1.2077791267612134e-02, -3.2494386092915771e-03
0.67400000, 1.40713275358840153585936241652182974810e+00, -1.85357639679965248137640596798909066765e-01, 1.84890761670105750132696645216342977776e+01, -5.34376704286139463737423523351539765587e-02, 3.42744906817957650173654205885420413979e+00, 2.61721211059208176908845109534408835232e-01, 1.2063334674884002e-02, -3.2525191860783134e-03
0.67500000, 1.40689709886597841632681322510082455555e+00, -1.85348548045463227885784652109384574151e-01, 1.84896140143503768038862521230933534873e+01, -5.34856520160021337742007289146883550809e-02, 3.42760357824759041071534390901869576490e+00, 2.61685292780094811005805143414279614835e-01, 1.2048899615702594e-02, -3.2555808103486856e-03
0.67600000, 1.40666161647730226654193766314559289286e+00, -1.85339445171251969401037715731279698478e-01, 1.84901514295222915024698981952995435175e+01, -5.35335476897649093355666059778736076120e-02, 3.42775795390935208479067266630732072046e+00, 2.61649405001229226675984607722784834139e-01, 1.2034486060695276e-02, -3.2586235482189368e-03
0.67700000, 1.40642630624093739869416674876369109355e+00, -1.85330331060804198726110691204214287764e-01, 1.84906884129267714690881928010108120033e+01, -5.35813574768778949373712180081132664277e-02, 3.42791219528196115412015971540801788440e+00, 2.61613547725931224821190125953872083870e-01, 1.2020093980493838e-02, -3.2616474655787662e-03
0.67800000, 1.40619116797575786242515242436303705003e+00, -1.85321205717555851636978473424285757649e-01, 1.84912249649636271941231599311957169456e+01, -5.36290814042942205169127747039937549395e-02, 3.42806630248218891929765194140372514927e+00, 2.61577720957367324433376260094375634722e-01, 1.2005723345734757e-02, -3.2646526280921216e-03
0.67900000, 1.40595620150094674269514313747188389355e+00, -1.85312069144906122460148728202804781123e-01, 1.84917610860320285672649474339500686213e+01, -5.36767194989445269593716085406155707668e-02, 3.42822027562647949470981615727871428575e+00, 2.61541924698551016356920517165884526485e-01, 1.1991374127059482e-02, -3.2676391011979877e-03
0.68000000, 1.40572140663599545952972907254383728381e+00, -1.85302921346217512663918019380385719540e-01, 1.84922967765305061430428924867725112510e+01, -5.37242717877369691146265542253539739107e-02, 3.42837411483095094844352624123387266398e+00, 2.61506158952343017096393502524950826778e-01, 1.1977046295114695e-02, -3.2706069501111729e-03
0.68100000, 1.40548678320070306964037184991821343414e+00, -1.85293762324815879224430602568136917131e-01, 1.84928320368569524029049292994922501605e+01, -5.37717382975572189404320444914295322510e-02, 3.42852782021139643875394179291227121687e+00, 2.61470423721451522670715746182889008693e-01, 1.1962739820552585e-02, -3.2735562398230925e-03
0.68200000, 1.40525233101517556991215879061446551538e+00, -1.85284592083990482767352157956485056035e-01, 1.84933668674086230138562640339503483738e+01, -5.38191190552684687716183839446170251408e-02, 3.42868139188328534710313050288965120855e+00, 2.61434719008432462514571038007827492703e-01, 1.1948454674031114e-02, -3.2764870351025497e-03
0.68300000, 1.40501804989982520275224701302659129786e+00, -1.85275410626994035485967704406840292835e-01, 1.84939012685821380836682004105371321686e+01, -5.38664140877114347149806269125340536288e-02, 3.42883482996176440777903024660764614374e+00, 2.61399044815689753427924434224603440091e-01, 1.1934190826214279e-02, -3.2793994004965129e-03
0.68400000, 1.40478393967536976329248768042693137723e+00, -1.85266217957042748836509923140858946245e-01, 1.84944352407734834126679581399690676521e+01, -5.39136234217043601695244365195877415464e-02, 3.42898813456165883410449116024309130325e+00, 2.61363401145475553574471442115626415758e-01, 1.1919948247772375e-02, -3.2822934003308914e-03
0.68500000, 1.40455000016283190843974565706280580093e+00, -1.85257014077316381011521121686118393588e-01, 1.84949687843780117421202851703408880912e+01, -5.39607470840430194717402406007313956487e-02, 3.42914130579747344124608262974428591191e+00, 2.61327787999890516529823253226509691821e-01, 1.1905726909382258e-02, -3.2851690987113075e-03
0.68600000, 1.40431623118353846776745465610494466217e+00, -1.85247798990958284192049087245848899097e-01, 1.84955018997904439992116237736096974505e+01, -5.40077851015007216655799256501618779125e-02, 3.42929434378339376563229522336126940569e+00, 2.61292205380884045380211278668059910765e-01, 1.1891526781727598e-02, -3.2880265595238661e-03
0.68700000, 1.40408263255911975624197267535129144891e+00, -1.85238572701075451579474113254865488255e-01, 1.84960345874048705386475497113591966316e+01, -5.40547375008283143968132228530022627231e-02, 3.42944724863328718099071312039576717416e+00, 2.61256653290254546872472644250548871461e-01, 1.1877347835499138e-02, -3.2908658464359218e-03
0.68800000, 1.40384920411150888877732711696788392813e+00, -1.85229335210738564207761533485535444714e-01, 1.84965668476147523808741631160610069218e+01, -5.41016043087541879314438404444570768720e-02, 3.42960002046070401101367853254809532975e+00, 2.61221131729649685616056729151925528626e-01, 1.1863190041394949e-02, -3.2936870228968426e-03
0.68900000, 1.40361594566294109661196347622129662446e+00, -1.85220086522982037536931164598656669687e-01, 1.84970986808129224469340693002081863237e+01, -5.41483855519842792978682842570612824370e-02, 3.42975265937887863866191597710048498254e+00, 2.61185640700566638337771280569055389514e-01, 1.1849053370120677e-02, -3.2964901521387718e-03
0.69000000, 1.40338285703595304550113586168249723848e+00, -1.85210826640804067828532140417287307646e-01, 1.84976300873915867899675474607602598604e+01, -5.41950812572020765524631834272034441392e-02, 3.42990516550073061211553104121326967955e+00, 2.61150180204352348189965109285920217178e-01, 1.1834937792389798e-02, -3.2992752971773864e-03
0.69100000, 1.40314993805338215571860187631466945964e+00, -1.85201555567166678303908719360258960389e-01, 1.84981610677423258233694651794311213004e+01, -5.42416914510686231682898009113983145884e-02, 3.43005753893886574738174547179315594757e+00, 2.61114750242203779112822868266118322203e-01, 1.1820843278923860e-02, -3.3020425208126532e-03
0.69200000, 1.40291718853836592386130854574915825473e+00, -1.85192273304995765086039760330346471538e-01, 1.84986916222560955456124567295975840818e+01, -5.42882161602225225466072587847039964603e-02, 3.43020977980557722756867803369897975243e+00, 2.61079350815168170251425939185537359012e-01, 1.1806769800452735e-02, -3.3047918856295820e-03
0.69300000, 1.40268460831434124645078002745262310104e+00, -1.85182979857181142925731691834497163758e-01, 1.84992217513232287617468434871385740423e+01, -5.43346554112799426508888463316967468675e-02, 3.43036188821284669883442859846411557288e+00, 2.61043981924143290428212001206701798114e-01, 1.1792717327714857e-02, -3.3075234539989767e-03
0.69400000, 1.40245219720504374532494177294003415403e+00, -1.85173675226576590712941944145398331558e-01, 1.84997514553334363015877352044691851088e+01, -5.43810092308346207630386047675921029044e-02, 3.43051386427234536302067135422671425997e+00, 2.61008643569877692671444433196406072914e-01, 1.1778685831457466e-02, -3.3102372880781825e-03
0.69500000, 1.40221995503450709481413964523450395381e+00, -1.85164359415999896774006974820854560595e-01, 1.85002807346758082345997115435510608080e+01, -5.44272776454578683615081961160845585697e-02, 3.43066570809543506697991186316628584265e+00, 2.60973335752970968800281305935610896128e-01, 1.1764675282436849e-02, -3.3129334498118318e-03
0.69600000, 1.40198788162706235069513621595521590175e+00, -1.85155032428232903955546193806438692326e-01, 1.85008095897388150814894440738865706598e+01, -5.44734606816985761210168653935138338794e-02, 3.43081741979316938860551193345125037790e+00, 2.60938058473874004067012355593375919884e-01, 1.1750685651418573e-02, -3.3156120009325866e-03
0.69700000, 1.40175597680733728091689008126492951168e+00, -1.85145694266021554495810285584764167662e-01, 1.85013380209103090225165799245894963836e+01, -5.45195583660832190335800948778958150995e-02, 3.43096899947629471957353591651667385054e+00, 2.60902811732889231857010994758383698345e-01, 1.1736716909177727e-02, -3.3182730029618784e-03
0.69800000, 1.40152424040025569809194754396170787154e+00, -1.85136344932075934684239632329201548241e-01, 1.85018660285775251025331694347245994552e+01, -5.45655707251158616505553269476236447563e-02, 3.43112044725525134480542208543042365137e+00, 2.60867595530170888446927113561312857252e-01, 1.1722769026499150e-02, -3.3209165172106457e-03
0.69900000, 1.40129267223103679374729941078559978647e+00, -1.85126984429070319309995763699232738306e-01, 1.85023936131270824327618814723823482821e+01, -5.46114977852781634454158978292969863968e-02, 3.43127176324017451866043319419150653878e+00, 2.60832409865725267821625151793248127392e-01, 1.1708841974177666e-02, -3.3235426047800689e-03
0.70000000, 1.40106127212519447432857895005699204773e+00, -1.85117612759643215900225995707810070003e-01, 1.85029207749449853893232115895677202502e+01, -5.46573395730293842969670786678310675254e-02, 3.43142294754089553786679115906456394181e+00, 2.60797254739410976550350684339139899051e-01, 1.1694935723018313e-02, -3.3261513265623019e-03
0.70100000, 1.40083003990853669895150024559322076920e+00, -1.85108229926397408748818672927571679369e-01, 1.85034475144166248085218498461024548449e+01, -5.47030961148063900927208626949991153452e-02, 3.43157400026694281120035203952358901566e+00, 2.60762130150939188722587557606069389185e-01, 1.1681050243836570e-02, -3.3287427432412020e-03
0.70200000, 1.40059897540716481889445926898483033785e+00, -1.85098835931900002736403695112665347199e-01, 1.85039738319267791789023369705420991254e+01, -5.47487674370236584521488679947545382873e-02, 3.43172492152754292591962912609604907613e+00, 2.60727036099873900944046444834107026350e-01, 1.1667185507458584e-02, -3.3313169152930569e-03
0.70300000, 1.40036807844747291882624297427069148600e+00, -1.85089430778682466942350291026951894557e-01, 1.85044997278596158300840995287708958385e+01, -5.47943535660732845695354445145632030444e-02, 3.43187571143162171096592396341179365923e+00, 2.60691972585632187393204554128578825195e-01, 1.1653341484721396e-02, -3.3338739029873085e-03
0.70400000, 1.40013734885614715976281459734721577232e+00, -1.85080014469240678049511298818791487234e-01, 1.85050252025986921183859169406417901578e+01, -5.48398545283249871761557816206734868154e-02, 3.43202637008780529693727754712128445141e+00, 2.60656939607484454938795125637615091254e-01, 1.1639518146473159e-02, -3.3364137663872751e-03
0.70500000, 1.39990678646016512374716611759341449872e+00, -1.85070587006034963542460523599348140478e-01, 1.85055502565269566092498355209628527122e+01, -5.48852703501261146215065087105093368166e-02, 3.43217689760442117284490673111245437001e+00, 2.60621937164554698318624294404304712224e-01, 1.1625715463573362e-02, -3.3389365653508703e-03
0.70600000, 1.39967639108679516024625151169995096744e+00, -1.85061148391490144699967068897854424089e-01, 1.85060748900267502564745072224869937570e+01, -5.49306010578016510733189662455642810689e-02, 3.43232729408949923966074406468825882442e+00, 2.60586965255820755380071873930284496556e-01, 1.1611933406893046e-02, -3.3414423595313198e-03
0.70700000, 1.39944616256359573425903700006317447435e+00, -1.85051698627995579382447879316621337656e-01, 1.85065991034798075782678934245351897801e+01, -5.49758466776542228360879981213083885070e-02, 3.43247755965077286066465284613674759512e+00, 2.60552023880114562382611633274126049415e-01, 1.1598171947315024e-02, -3.3439312083778753e-03
0.70800000, 1.39921610071841477612972695484811448403e+00, -1.85042237717905204615137086924403030856e-01, 1.85071228972672578301292369406752015675e+01, -5.50210072359641047878517786143361603147e-02, 3.43262769439567990859984312750688314166e+00, 2.60517113036122409362665698445704046776e-01, 1.1584431055734092e-02, -3.3464031711365259e-03
0.70900000, 1.39898620537938903306024650643844951119e+00, -1.85032765663537578967708123643259519698e-01, 1.85076462717696261745701684116929764995e+01, -5.50660827589892269349608383085593636497e-02, 3.43277769843136380964496873347652316607e+00, 2.60482232722385195561086807814383170623e-01, 1.1570710703057246e-02, -3.3488583068507074e-03
0.71000000, 1.39875647637494342231608415197464631927e+00, -1.85023282467175924731081946036108947309e-01, 1.85081692273668348476847764051420194659e+01, -5.51110732729651810845770934686036220910e-02, 3.43292757186467458421134006304961881874e+00, 2.60447382937298684913541292087162264971e-01, 1.1557010860203889e-02, -3.3512966743620082e-03
0.71100000, 1.39852691353379038611961983652911349035e+00, -1.85013788131068169892152117425107056209e-01, 1.85086917644382043225784338592507600339e+01, -5.51559788041052276346463123662635427620e-02, 3.43307731480216988457364252453883089525e+00, 2.60412563679113761604044832990941313794e-01, 1.1543331498106044e-02, -3.3537183323108738e-03
0.71200000, 1.39829751668492924822508604467189472311e+00, -1.85004282657426989907154905100792335569e-01, 1.85092138833624544696651369861274388761e+01, -5.52007993786003024810900701411173458108e-02, 3.43322692735011602934250590997388513969e+00, 2.60377774945936685681882281964159099985e-01, 1.1529672587708562e-02, -3.3561233391373078e-03
0.71300000, 1.39806828565764557216933140823196971191e+00, -1.84994766048429849274409977455119383539e-01, 1.85097355845177057138430763862486863295e+01, -5.52455350226190240419658509550570651631e-02, 3.43337640961448903478722584282684573267e+00, 2.60343016735729348742122091775757433884e-01, 1.1516034099969323e-02, -3.3585117530815709e-03
0.71400000, 1.39783922028151052119257820544474489472e+00, -1.84985238306219042907154727125168089783e-01, 1.85102568682814801885581239223784497703e+01, -5.52901857623077003983465525480656794143e-02, 3.43352576170097564301689463087012287548e+00, 2.60308289046309529669915230887562572181e-01, 1.1502416005859447e-02, -3.3608836321848775e-03
0.71500000, 1.39761032038638021982338689788021538014e+00, -1.84975699432901737307192701606126548097e-01, 1.85107777350307028867648828555691763025e+01, -5.53347516237903365516732338842347425330e-02, 3.43367498371497434702815542219370217725e+00, 2.60273591875351150448747813398756322264e-01, 1.1488818276363491e-02, -3.3632390342900893e-03
0.71600000, 1.39738158580239511712206252505029690842e+00, -1.84966149430550011540074092220329356734e-01, 1.85112981851417028087949128579823332661e+01, -5.53792326331686417973375214575902688450e-02, 3.43382407576159641262775049502221179824e+00, 2.60238925220384532032796087392367266467e-01, 1.1475240882479653e-02, -3.3655780170424070e-03
0.71700000, 1.39715301635997935157675935287703728944e+00, -1.84956588301200898012523715752479693775e-01, 1.85118182189902141071417057861698155352e+01, -5.54236288165220372142526540712669722843e-02, 3.43397303794566689723799180911256468814e+00, 2.60204289078796650283511882273072777292e-01, 1.1461683795219970e-02, -3.3679006378900593e-03
0.71800000, 1.39692461188984011764656165174225469055e+00, -1.84947016046856423052829420419041494483e-01, 1.85123378369513772281719525234250896986e+01, -5.54679401999076632701746995750915615275e-02, 3.43412187037172566559323960630663031368e+00, 2.60169683447831391970546122067677250339e-01, 1.1448146985610513e-02, -3.3702069540849893e-03
0.71900000, 1.39669637222296703394583986310742859791e+00, -1.84937432669483647294901359072061450264e-01, 1.85128570393997400507726057800907614040e+01, -5.55121668093603875425380202095213895542e-02, 3.43427057314402840233543286839332282071e+00, 2.60135108324589810837097567474208009935e-01, 1.1434630424691587e-02, -3.3724970226835385e-03
0.72000000, 1.39646829719063151306420270116159930844e+00, -1.84927838171014705866710097584826947893e-01, 1.85133758267092590219432084755494562941e+01, -5.55563086708928125545715959216214264285e-02, 3.43441914636654762151667381993823002009e+00, 2.60100563706030383729753555507597336391e-01, 1.1421134083517923e-02, -3.3747709005471289e-03
0.72100000, 1.39624038662438613301638692809324127681e+00, -1.84918232553346848383809065169793601875e-01, 1.85138941992533002893429222142834190123e+01, -5.56003658104952837264653373545083392688e-02, 3.43456759014297367301682740030896198192e+00, 2.60066049588969266792869162709497936717e-01, 1.1407657933158867e-02, -3.3770286443429418e-03
0.72200000, 1.39601264035606401031644763885562799188e+00, -1.84908615818342478748644405879680639243e-01, 1.85144121574046408308016554101250863388e+01, -5.56443382541358974413580322282781027543e-02, 3.43471590457671574588405572090815797833e+00, 2.60031565970080551727510926872150223292e-01, 1.1394201944698577e-02, -3.3792703105445946e-03
0.72300000, 1.39578505821777817467063289416761905102e+00, -1.84898987967829194756352856682635021798e-01, 1.85149297015354695808046558069001698953e+01, -5.56882260277605092259210705903728874123e-02, 3.43486408977090286860616696877577588666e+00, 2.59997112845896522114971023871750686537e-01, 1.1380766089236205e-02, -3.3814959554328154e-03
0.72400000, 1.39555764004192094528334744942406442348e+00, -1.84889349003599827507745857224548960201e-01, 1.85154468320173885539598974893546208505e+01, -5.57320291572927420453145859788235550168e-02, 3.43501214582838490632061801439490554573e+00, 2.59962690212807909804837611310944503982e-01, 1.1367350337886090e-02, -3.3837056350961149e-03
0.72500000, 1.39533038566116330877063114264061867340e+00, -1.84879698927412480630175689639162823715e-01, 1.85159635492214139654575579748293903604e+01, -5.57757476686339947122951309746977087479e-02, 3.43516007285173355497097012789264655750e+00, 2.59928298067064151367586920023468543756e-01, 1.1353954661777940e-02, -3.3858994054314560e-03
0.72600000, 1.39510329490845429867559822698268113836e+00, -1.84870037740990569306977053483215226693e-01, 1.85164798535179773485308466228782859122e+01, -5.58193815876634504102564769819463324364e-02, 3.43530787094324333241755770203602134121e+00, 2.59893936404773644611642598882280209801e-01, 1.1340579032057018e-02, -3.3880773221449210e-03
0.72700000, 1.39487636761702037658030456328094689985e+00, -1.84860365446022859116175101003866601562e-01, 1.85169957452769266689274113961945678896e+01, -5.58629309402380853299875894249181023296e-02, 3.43545554020493256651009072065356350220e+00, 2.59859605221904005164827798556478766596e-01, 1.1327223419884323e-02, -3.3902394407523762e-03
0.72800000, 1.39464960362036481480853012566773441234e+00, -1.84850682044163504679148591433704676046e-01, 1.85175112248675274364005169511052945008e+01, -5.59063957521926774199342809570323885476e-02, 3.43560308073854438012987289554185395630e+00, 2.59825304514282323120115516657780547982e-01, 1.1313887796436771e-02, -3.3923858165801347e-03
0.72900000, 1.39442300275226708071398471952747997592e+00, -1.84840987537032088119934469800150283523e-01, 1.85180262926584638132291531287967959479e+01, -5.59497760493398152497534867890944561148e-02, 3.43575049264554767320927892172317288146e+00, 2.59791034277595419745562820875122966622e-01, 1.1300572132907376e-02, -3.3945165047656164e-03
0.73000000, 1.39419656484678222254846516578777049267e+00, -1.84831281926213657335857835776854624264e-01, 1.85185409490178397197761991586419348983e+01, -5.59930718574699069869515379328181354555e-02, 3.43589777602713810173609616829043068769e+00, 2.59756794507390104258294718982060527060e-01, 1.1287276400505426e-02, -3.3966315602580056e-03
0.73100000, 1.39397028973824025690451246962783825893e+00, -1.84821565213258764080168941341070603632e-01, 1.85190551943131799370937352718057679095e+01, -5.60362832023511894864002300743072412689e-02, 3.43604493098423905375029832819796906732e+00, 2.59722585199073430662383655776923285635e-01, 1.1274000570456658e-02, -3.3987310378189064e-03
0.73200000, 1.39374417726124555772713766539099732877e+00, -1.84811837399683501857366542379865588387e-01, 1.85195690289114312065845599560105012424e+01, -5.60794101097297374925268980032507287002e-02, 3.43619195761750262234078109342547577270e+00, 2.59688406347912954650450887836193943120e-01, 1.1260744614003434e-02, -3.4008149920229958e-03
0.73300000, 1.39351822725067624688920511329512866964e+00, -1.84802098486969543631884628856810315867e-01, 1.85200824531789633267289377602467145175e+01, -5.61224526053294729539771080858220629933e-02, 3.43633885602731057564955280015534715834e+00, 2.59654257949036990568796318178186070625e-01, 1.1247508502404916e-02, -3.4028834772586747e-03
0.73400000, 1.39329243954168358632508201787774298496e+00, -1.84792348476564179350817270657330119344e-01, 1.85205954674815702468855693806330058935e+01, -5.61654107148521744505509742418573552020e-02, 3.43648562631377532389083620016395810664e+00, 2.59620139997434868445843765292824538425e-01, 1.1234292206937233e-02, -3.4049365477287157e-03
0.73500000, 1.39306681396969137171718284342375892232e+00, -1.84782587369880353281354041723650096026e-01, 1.85211080721844711581757427248615895615e+01, -5.62082844639774867322164863286410976591e-02, 3.43663226857674088339250105774140532979e+00, 2.59586052487957191083669095235068369665e-01, 1.1221095698893653e-02, -3.4069742574509098e-03
0.73600000, 1.39284135037039532773005711833701220788e+00, -1.84772815168296701163596223518120705012e-01, 1.85216202676523115814595907620378236923e+01, -5.62510738783629303700056138030812631342e-02, 3.43677878291578383766721114433363566242e+00, 2.59551995415316091212359162340167934280e-01, 1.1207918949584752e-02, -3.4089966602587098e-03
0.73700000, 1.39261604857976250478668884896044571951e+00, -1.84763031873157587179421740166091944471e-01, 1.85221320542491644524133492165457936345e+01, -5.62937789836439115186013120894443659055e-02, 3.43692516943021429552063340396099252781e+00, 2.59517968774085488706930084329355154747e-01, 1.1194761930338580e-02, -3.4110038098018720e-03
0.73800000, 1.39239090843403067738169540415243239052e+00, -1.84753237485773140738064541776328801540e-01, 1.85226434323385312037164745581722852276e+01, -5.63363998054337317904259142790938251939e-02, 3.43707142821907684620402158952789231883e+00, 2.59483972558701347866514021860507192646e-01, 1.1181624612500828e-02, -3.4129957595470953e-03
0.73900000, 1.39216592976970774392613328541300307329e+00, -1.84743432007419293079071929368639448293e-01, 1.85231544022833428443574502754238350098e+01, -5.63789363693235982410437366894922692714e-02, 3.43721755938115151161845152162357020231e+00, 2.59450006763461934755504341660505212627e-01, 1.1168506967434988e-02, -3.4149725627786582e-03
0.74000000, 1.39194111242357112811863766394689822677e+00, -1.84733615439337813693301104505823850926e-01, 1.85236649644459610360670770941058102442e+01, -5.64213887008826334656930634694654149414e-02, 3.43736356301495469557795029555178277523e+00, 2.59416071382528074606329816970045699439e-01, 1.1155408966522520e-02, -3.4169342725990533e-03
0.74100000, 1.39171645623266718183764194617111774299e+00, -1.84723787782736346562614029081635580882e-01, 1.85241751191881791668880106181320979872e+01, -5.64637568256578858067650029134732977767e-02, 3.43750943921874013013872725735034099543e+00, 2.59382166409923409283509359848065779713e-01, 1.1142330581163008e-02, -3.4188809419296202e-03
0.74200000, 1.39149196103431058954944292324158047879e+00, -1.84713949038788446218927495710059982518e-01, 1.85246848668712234218892778235360682162e+01, -5.65060407691743396720490264962034261624e-02, 3.43765518809049981900168038370580475309e+00, 2.59348291839534654808619687627114111203e-01, 1.1129271782774326e-02, -3.4208126235111748e-03
0.74300000, 1.39126762666608377422689626860300473728e+00, -1.84704099208633613623273136746205006419e-01, 1.85251942078557538510344719290987539939e+01, -5.65482405569349259635673109167191866897e-02, 3.43780080972796497799531783217511983609e+00, 2.59314447665111858945789301183204626879e-01, 1.1116232542792789e-02, -3.4227293699046380e-03
0.74400000, 1.39104345296583630477354627077238778149e+00, -1.84694238293377331865519940098312114154e-01, 1.85257031425018654342122933972430078827e+01, -5.65903562144205326168223037049163033633e-02, 3.43794630422860697264620087523899435987e+00, 2.59280633880268658847313196379059412066e-01, 1.1103212832673315e-02, -3.4246312334916610e-03
0.74500000, 1.39081943977168430494801272696154176638e+00, -1.84684366294091101685409692617132799930e-01, 1.85262116711690891434380731862106880864e+01, -5.66323877670900152502842242481342084204e-02, 3.43809167168963825284398119267999752501e+00, 2.59246850478482538758963842748151798021e-01, 1.1090212623889575e-02, -3.4265182664752485e-03
0.74600000, 1.39059558692200986378347687713793746309e+00, -1.84674483211812476815553636926960800748e-01, 1.85267197942163930022348828783952138872e+01, -5.66743352403802079249474944981363637356e-02, 3.43823691220801328460807256985432019270e+00, 2.59213097453095087784555145893405534847e-01, 1.1077231887934152e-02, -3.4283905208803805e-03
0.74700000, 1.39037189425546044749712712812339119679e+00, -1.84664589047545099147036505046206816375e-01, 1.85272275120021831422028049493991761282e+01, -5.67161986597059340137873671737386547989e-02, 3.43838202588042947896296443286643684469e+00, 2.59179374797312257709297362858413145554e-01, 1.1064270596318691e-02, -3.4302480485546308e-03
0.74800000, 1.39014836161094831288444410374256918071e+00, -1.84654683802258733718271981989260072747e-01, 1.85277348248843048567849052172846982041e+01, -5.67579780504600171809502840372804721429e-02, 3.43852701280332811792915234372106901455e+00, 2.59145682504204620881462263565033787853e-01, 1.1051328720574049e-02, -3.4320909011687839e-03
0.74900000, 1.38992498882764992219322326026144685089e+00, -1.84644767476889303527751554700666742499e-01, 1.85282417332200436522384184209450355544e+01, -5.67996734380132924705137528487806957032e-02, 3.43867187307289527763662857748130641880e+00, 2.59112020566707628151859226968437451208e-01, 1.1038406232250443e-02, -3.4339191302174497e-03
0.75000000, 1.38970177574500535947225192680124002638e+00, -1.84634840072338924171326616102991476806e-01, 1.85287482373661262958196269199150930725e+01, -5.68412848477146175046537789446128077224e-02, 3.43881660678506274856784420757382160980e+00, 2.59078388977621866870604428523075881829e-01, 1.1025503102917605e-02, -3.4357327870196758e-03
0.75100000, 1.38947872220271774838957616847534785081e+00, -1.84624901589475938304661620697188561173e-01, 1.85292543376787218611908816846252239829e+01, -5.68828123048908837910601261022140557855e-02, 3.43896121403550895293702273292401264889e+00, 2.59044787729613318940646816539444292356e-01, 1.1012619304164921e-02, -3.4375319227195579e-03
0.75200000, 1.38925582804075267151531132607289526962e+00, -1.84614952029134949931494026995414041657e-01, 1.85297600345134427710581840554594033222e+01, -5.69242558348470281394419114927905474411e-02, 3.43910569491965985921267418985166529409e+00, 2.59011216815213618927496189695366725977e-01, 1.0999754807601579e-02, -3.4393165882868474e-03
0.75300000, 1.38903309309933759106396846059788421264e+00, -1.84604991392116858518334713047923225653e-01, 1.85302653282253458370477161903816370732e+01, -5.69656154628660441869682611440055452069e-02, 3.43925004953268989379012790089120082169e+00, 2.58977676226820312224580376995145764616e-01, 1.0986909584856715e-02, -3.4410868345175577e-03
0.75400000, 1.38881051721896127109128722426109026343e+00, -1.84595019679188892936240514405421931781e-01, 1.85307702191689332968296776937226886395e+01, -5.70068912142089940324909654877900353146e-02, 3.43939427796952284982087152020342436694e+00, 2.58944165956697113273640285488243584168e-01, 1.0974083607579555e-02, -3.4428427120345678e-03
0.75500000, 1.38858810024037320114058389200400692646e+00, -1.84585036891084645230288508993812381809e-01, 1.85312747076981538484977556223556951341e+01, -5.70480831141150199793982793079778788754e-02, 3.43953838032483279320545383930534305773e+00, 2.58910685996974163839553420703898134942e-01, 1.0961276847439552e-02, -3.4445842712882238e-03
0.75600000, 1.38836584200458302133364141969968831273e+00, -1.84575043028504104217379660527964140473e-01, 1.85317787941664036822125248993202089321e+01, -5.70891911878013563869512067814657123105e-02, 3.43968235669304496575667891575226811386e+00, 2.58877236339648291338958400661616802539e-01, 1.0948489276126533e-02, -3.4463115625569384e-03
0.75700000, 1.38814374235285994890118644721164802740e+00, -1.84565038092113688912997431213642096626e-01, 1.85322824789265275091170461283692035000e+01, -5.71302154604633416299558003777927276043e-02, 3.43982620716833668553978947945696784434e+00, 2.58843816976583267222034977106907925842e-01, 1.0935720865350833e-02, -3.4480246359477880e-03
0.75800000, 1.38792180112673220614801613688445630054e+00, -1.84555022082546281787544985541154636682e-01, 1.85327857623308195875328978953055432562e+01, -5.71711559572744301666271821979303751771e-02, 3.43996993184463824439630825482272862748e+00, 2.58810427899510065406776147918658935471e-01, 1.0922971586843431e-02, -3.4497235413971081e-03
0.75900000, 1.38770001816798644984785563117181699289e+00, -1.84544995000401261852882629920181540025e-01, 1.85332886447310247464448508627395818741e+01, -5.72120127033862047145031679459111236004e-02, 3.44011353081563380265817681010313055441e+00, 2.58777069100027120765071093055659852554e-01, 1.0910241412356093e-02, -3.4514083286710861e-03
0.76000000, 1.38747839331866720206304472736125277147e+00, -1.84534956846244537579685167702552233406e-01, 1.85337911264783394062823613134374809628e+01, -5.72527857239283885342675371886952848431e-02, 3.44025700417476228105880280668714900608e+00, 2.58743740569600587659899893565961061189e-01, 1.0897530313661498e-02, -3.4530790473663525e-03
0.76100000, 1.38725692642107628238417010310872051211e+00, -1.84524907620608579646236895748829902256e-01, 1.85342932079234125970060322731433847891e+01, -5.72934750440088578213451489221054920195e-02, 3.44040035201521824984759806865350367016e+00, 2.58710442299564598532923299679737765226e-01, 1.0884838262553378e-02, -3.4547357469105695e-03
0.76200000, 1.38703561731777224158477708412926261249e+00, -1.84514847323992453519280027076179735061e-01, 1.85347948894163469735071609460538766419e+01, -5.73340806887136542051332487752238388857e-02, 3.44054357442995281511456172525628037002e+00, 2.58677174281121522541733200444425205841e-01, 1.0872165230846648e-02, -3.4563784765630176e-03
0.76300000, 1.38681446585156979668631252527703322613e+00, -1.84504775956861851867530394240325159535e-01, 1.85352961713066998283284619244095676519e+01, -5.73746026831069973557354535035661774985e-02, 3.44068667151167450233143479431165674035e+00, 2.58643936505342224246011914335012379315e-01, 1.0859511190377536e-02, -3.4580072854151805e-03
0.76400000, 1.38659347186553926742846787876371256140e+00, -1.84494693519649126808472369914985472076e-01, 1.85357970539434841017140264873588599835e+01, -5.74150410522312976980670297935867447697e-02, 3.44082964335285013711592497107358205075e+00, 2.58610728963166322341830968372057801773e-01, 1.0846876113003714e-02, -3.4596222223913277e-03
0.76500000, 1.38637263520300601414010894878057377828e+00, -1.84484600012753321989043034599994699571e-01, 1.85362975376751693889965492827587380720e+01, -5.74553958211071692332022078783359540513e-02, 3.44097249004570572322547306343859388550e+00, 2.58577551645402448443302663089322696543e-01, 1.0834259970604425e-02, -3.4612233362490945e-03
0.76600000, 1.38615195570754987700599618067659139565e+00, -1.84474495436540204500813726476665052067e-01, 1.85367976228496829453298247883259355986e+01, -5.74956670147334424668363860968540703112e-02, 3.44111521168222731778700546853427187794e+00, 2.58544404542728505910780432790579926093e-01, 1.0821662735080612e-02, -3.4628106755800610e-03
0.76700000, 1.38593143322300461672451660547144632220e+00, -1.84464379791342296630275225098601804551e-01, 1.85372973098144106877744871749612534333e+01, -5.75358546580871774447381903683409356036e-02, 3.44125780835416190376909031625336091572e+00, 2.58511287645691928724786805494384941732e-01, 1.0809084378355042e-02, -3.4643842888103278e-03
0.76800000, 1.38571106759345735655166575721474625492e+00, -1.84454253077458907444830948821200860768e-01, 1.85377965989161981947449385445655886230e+01, -5.75759587761236768950684526462530585872e-02, 3.44140028015301825970288841043111641793e+00, 2.58478200944709940404830645354168319870e-01, 1.0796524872372433e-02, -3.4659442242010910e-03
0.76900000, 1.38549085866324802572653500190609717932e+00, -1.84444115295156164215100685596940045079e-01, 1.85382954905013517028253819866769559895e+01, -5.76159793937764994774452648169497684322e-02, 3.44154262717006782665826387646523575630e+00, 2.58445144430069812972258322721242636525e-01, 1.0783984189099575e-02, -3.4674905298492138e-03
0.77000000, 1.38527080627696880427357676272790172372e+00, -1.84433966444667043674135527960153591998e-01, 1.85387939849156391009628474922151599767e+01, -5.76559165359574731386363492617952925445e-02, 3.44168484949634557248139347358766313772e+00, 2.58412118091929125956266503947046096837e-01, 1.0771462300525453e-02, -3.4690232536877970e-03
0.77100000, 1.38505091027946356917693709757521984726e+00, -1.84423806526191403114142845658463728507e-01, 1.85392920825042909220450704779596448042e+01, -5.76957702275567085747620644599296215640e-02, 3.44182694722265085330018784906091560738e+00, 2.58379121920316025442187385049518078375e-01, 1.0758959178661370e-02, -3.4705424434867472e-03
0.77200000, 1.38483117051582734192216198165424361666e+00, -1.84413635539896011321318303423000441828e-01, 1.85397897836120013318710545115443605803e+01, -5.77355404934426127998944336202049960283e-02, 3.44196892043954827230381259863719369236e+00, 2.58346155905129483161140411042762213830e-01, 1.0746474795541064e-02, -3.4720481468533430e-03
0.77300000, 1.38461158683140573740060047062070065225e+00, -1.84403453485914579349380116770891917079e-01, 1.85402870885829291155221217831722650768e+01, -5.77752273584619028209396464437554318369e-02, 3.44211076923736853580257185103871194076e+00, 2.58313220036139555620127826589431693177e-01, 1.0734009123220829e-02, -3.4735404112327987e-03
0.77400000, 1.38439215907179441417184466869786623445e+00, -1.84393260364347791132398935466525014248e-01, 1.85407839977606986611412269463754405466e+01, -5.78148308474396194186935387817845015123e-02, 3.44225249370620930657439221234818393516e+00, 2.58280314302987643271634794216374460474e-01, 1.0721562133779629e-02, -3.4750192839088270e-03
0.77500000, 1.38417288708283852607956310180516685264e+00, -1.84383056175263333937514952298373908234e-01, 1.85412805114884009411282821454219028907e+01, -5.78543509851791410349616022146345729071e-02, 3.44239409393593605450412028739845633208e+00, 2.58247438695186749721778294165271152429e-01, 1.0709133799319219e-02, -3.4764848120041988e-03
0.77600000, 1.38395377071063217521610069829522430168e+00, -1.84372840918695928658132054121732268818e-01, 1.85417766301085944907592133608472163447e+01, -5.78937877964621977656371154860045737520e-02, 3.44253557001618290452182263788259207735e+00, 2.58214593202121740976032585555005608792e-01, 1.0696724091964257e-02, -3.4779370424813014e-03
0.77700000, 1.38373480980151786623123510979054924119e+00, -1.84362614594647359948177062640752145099e-01, 1.85422723539633063842364406365212231081e+01, -5.79331413060488854596330223280318592474e-02, 3.44267692203635348184625293933638218955e+00, 2.58181777813049604721542662429486252202e-01, 1.0684332983862420e-02, -3.4793760221426944e-03
0.77800000, 1.38351600420208596198049556218019250173e+00, -1.84352377203086506198010354122413616282e-01, 1.85427676833940332081784473011037830532e+01, -5.79724115386776799235652055563190330180e-02, 3.44281815008562175453962725974388115072e+00, 2.58148992517099709645020880966175072484e-01, 1.0671960447184514e-02, -3.4808017976316645e-03
0.77900000, 1.38329735375917414050846681242907570840e+00, -1.84342128743949369352572400117371504839e-01, 1.85432626187417420325560759631576133021e+01, -5.80115985190654512320868254460943605143e-02, 3.44295925425293287337982479965610274672e+00, 2.58116237303274064785205766133685561760e-01, 1.0659606454124589e-02, -3.4822144154327769e-03
0.78000000, 1.38307885831986685336251710081436466549e+00, -1.84331869217139104572349035275317993493e-01, 1.85437571603468713790831618420333149924e+01, -5.80507022719074781437754013685243335212e-02, 3.44310023462700400905610810576989071817e+00, 2.58083512160447578918845927912894702560e-01, 1.0647270976900046e-02, -3.4836139218724260e-03
0.78100000, 1.38286051773149478523240523087838627695e+00, -1.84321598622526049737736533453147645362e-01, 1.85442513085493321870690868953866273216e+01, -5.80897228218774626224763195164826772440e-02, 3.44324109129632518669443369526801453910e+00, 2.58050817077368319979156029330885939263e-01, 1.0634953987751750e-02, -3.4850003631193836e-03
0.78200000, 1.38264233184163431491123808111885337291e+00, -1.84311316959947754797385859490709789288e-01, 1.85447450636885087767408112182989519233e+01, -5.81286601936275444640084463283095600064e-02, 3.44338182434916011771840120525596483456e+00, 2.58018152042657774505675851490894189285e-01, 1.0622655458944136e-02, -3.4863737851853451e-03
0.78300000, 1.38242430049810697757326595356555802138e+00, -1.84301024229209010961103761239484136112e-01, 1.85452384261032598100419113179202654864e+01, -5.81675144117883160281395169725102756196e-02, 3.44352243387354702905186660873236671296e+00, 2.57985517044811107124447694998829390674e-01, 1.0610375362765318e-02, -3.4877342339254740e-03
0.78400000, 1.38220642354897892836401919525761606163e+00, -1.84290720430081879737886674642621457502e-01, 1.85457313961319192489161281108126180230e+01, -5.82062855009688370757409510319410229351e-02, 3.44366291995729948966922271408842048211e+00, 2.57952912072197420057411643166845295502e-01, 1.0598113671527192e-02, -3.4890817550389440e-03
0.78500000, 1.38198870084256040729830548957458534092e+00, -1.84280405562305721819661733849250826093e-01, 1.85462239741122973110829008472193264339e+01, -5.82449734857566497110337233685619921783e-02, 3.44380328268800723449932808754073775690e+00, 2.57920337113060012659902590590082916728e-01, 1.0585870357565545e-02, -3.4904163940694799e-03
0.78600000, 1.38177113222740520546160310572453856754e+00, -1.84270079625587225811307508470857966793e-01, 1.85467161603816814233123366367994259072e+01, -5.82835783907177934288388871048108114619e-02, 3.44394352215303698568904370555817489437e+00, 2.57887792155516640985117411611785168836e-01, 1.0573645393240156e-02, -3.4917381964058962e-03
0.78700000, 1.38155371755231013251040121678707039410e+00, -1.84259742619600436807525431122261451234e-01, 1.85472079552768371722070388334315073915e+01, -5.83221002403968202667483077703232115768e-02, 3.44408363843953327123231505564696776707e+00, 2.57855277187559777374405207276417145018e-01, 1.0561438750934901e-02, -3.4930472072826332e-03
0.78800000, 1.38133645666631448546705414988231024808e+00, -1.84249394543986784817131230303911610188e-01, 1.85476993591340092524981912319911689068e+01, -5.83605390593168100621331229781179157544e-02, 3.44422363163441924097071605721321670424e+00, 2.57822792197056870072218227076526196608e-01, 1.0549250403057851e-02, -3.4943434717802924e-03
0.78900000, 1.38111934941869951880473211661979254758e+00, -1.84239035398355113035334046445844071240e-01, 1.85481903722889224128632688370301962542e+01, -5.83988948719793858139093905572392994396e-02, 3.44436350182439747997135006803451206625e+00, 2.57790337171750602864545813577443798016e-01, 1.0537080322041378e-02, -3.4956270348261687e-03
0.79000000, 1.38090239565898791581806658830345194912e+00, -1.84228665182281705964569282516839798141e-01, 1.85486809950767823992727198815243373483e+01, -5.84371677028647291489823299237389603187e-02, 3.44450324909595081928798237455356107495e+00, 2.57757912099259154739638564299479284332e-01, 1.0524928480342250e-02, -3.4968979411947822e-03
0.79100000, 1.38068559523694326127510402875947393761e+00, -1.84218283895310317384449624975646600507e-01, 1.85491712278322768958729378028040194508e+01, -5.84753575764315958932924966630552148683e-02, 3.44464287353534314411125793416978321164e+00, 2.57725516967076459569814846489192933120e-01, 1.0512794850441732e-02, -3.4981562355084063e-03
0.79200000, 1.38046894800256951534619717843912452687e+00, -1.84207891536952198171397065975234651321e-01, 1.85496610708895764634128160219352432533e+01, -5.85134645171173317473891588683513892176e-02, 3.44478237522862019931383774336706820378e+00, 2.57693151762572465813126837053159401842e-01, 1.0500679404845684e-02, -3.4994019622375955e-03
0.79300000, 1.38025245380611048880547849695437475568e+00, -1.84197488106686123968517163596978150506e-01, 1.85501505245823354752211526216756079143e+01, -5.85514885493378880664580657749876575869e-02, 3.44492175426161039239626704529769600700e+00, 2.57660816472993396233648392387118263315e-01, 1.0488582116084656e-02, -3.5006351657017106e-03
0.79400000, 1.38003611249804931950057571775398721230e+00, -1.84187073603958422706275193460615708140e-01, 1.85506395892436930507421463761951702394e+01, -5.85894296974878377447327146945693964294e-02, 3.44506101071992559383936866276763625254e+00, 2.57628511085462007639132281532602982441e-01, 1.0476502956713982e-02, -3.5018558900694420e-03
0.79500000, 1.37981992392910795008624474856410753472e+00, -1.84176648028183001974532272299328397892e-01, 1.85511282652062739866362000525285552279e+01, -5.86272879859403912042201312262339536039e-02, 3.44520014468896193486893504586428540315e+00, 2.57596235586977850634769641448352163011e-01, 1.0464441899313879e-02, -3.5030641793593312e-03
0.79600000, 1.37960388795024660701761036482118131045e+00, -1.84166211378741376246497971979013233466e-01, 1.85516165528021896854532214787210779112e+01, -5.86650634390474124876740802510576945772e-02, 3.44533915625390060263847315616475057304e+00, 2.57563989964417529391769935605600520902e-01, 1.0452398916489537e-02, -3.5042600774402908e-03
0.79700000, 1.37938800441266328079872029093559625217e+00, -1.84155763654982693955154390948783997425e-01, 1.85521044523630390818855875563579842708e+01, -5.87027560811394354557505213404902451760e-02, 3.44547804549970863283573706999501570990e+00, 2.57531774204534961429465217009531434113e-01, 1.0440373980871212e-02, -3.5054436280321222e-03
0.79800000, 1.37917227316779320748213334615976319468e+00, -1.84145304856223764422705109208095425386e-01, 1.85525919642199095666079111851353465848e+01, -5.87403659365256800882820119741106187131e-02, 3.44561681251113969971876417001507570058e+00, 2.57499588293961637409628114512796422219e-01, 1.0428367065114318e-02, -3.5066148747060314e-03
0.79900000, 1.37895669406730835141527734841087087930e+00, -1.84134834981749084643600922537081945395e-01, 1.85530790887033779077107259638594135825e+01, -5.87778930294940688896096454080613527617e-02, 3.44575545737273490358711200592312766216e+00, 2.57467432219206880941678677314349152794e-01, 1.0416378141899517e-02, -3.5077738608851438e-03
0.80000000, 1.37874126696311688922932742093130261184e+00, -1.84124354030810865921692731933371575791e-01, 1.85535658261435111697351785352667446616e+01, -5.88153373843112433979129872053159644317e-02, 3.44589398016882355569397433974728364886e+00, 2.57435305966658108397441027215406299393e-01, 1.0404407183932807e-02, -3.5089206298450158e-03
0.80100000, 1.37852599170736269506637023347227103836e+00, -1.84113862002629060362060454903639315889e-01, 1.85540521768698676303157935508613304605e+01, -5.88526990252225807984803453742889223111e-02, 3.44603238098352396060483654747352296005e+00, 2.57403209522581088734096681915855677079e-01, 1.0392454163945613e-02, -3.5100552247141459e-03
0.80200000, 1.37831086815242482704063453207076204384e+00, -1.84103358896391387218065326444574789962e-01, 1.85545381412114976944383514460908389785e+01, -5.88899779764522106408635738047755229715e-02, 3.44617065990074419600831242509463720400e+00, 2.57371142873120203323967425754814894061e-01, 1.0380519054694876e-02, -3.5111776884744833e-03
0.80300000, 1.37809589615091701492958306976710862150e+00, -1.84092844711253359094171469189035880520e-01, 1.85550237194969448063198945351584717869e+01, -5.89271742622030316598634672811335223580e-02, 3.44630881700418288998478654201103808828e+00, 2.57339106004298705789746717198436603115e-01, 1.0368601828963132e-02, -3.5122880639619345e-03
0.80400000, 1.37788107555568714909067574508975443125e+00, -1.84082319446338308005081134262426227045e-01, 1.85555089120542463589178523581186236457e+01, -5.89642879066567287002936588330631905434e-02, 3.44644685237732999573846859652820115070e+00, 2.57307098902018981843784835420792411787e-01, 1.0356702459558605e-02, -3.5133863938668689e-03
0.80500000, 1.37766640621981677059962838612292248546e+00, -1.84071783100737411291726546865450456942e-01, 1.85559937192109346010752527401651620370e+01, -5.90013189339737897454727765951335514467e-02, 3.44658476610346756379844875543832203689e+00, 2.57275121552062809130019281868271540406e-01, 1.0344820919315289e-02, -3.5144727207346218e-03
0.80600000, 1.37745188799662056260600618577848693421e+00, -1.84061235673509717394659833446240962017e-01, 1.85564781412940375423089606537248133902e+01, -5.90382673682935230493964577279174110362e-02, 3.44672255826567051169432570080999417853e+00, 2.57243173940091617067128367097113464727e-01, 1.0332957181093031e-02, -3.5155470869659959e-03
0.80700000, 1.37723752073964584290200529882047551120e+00, -1.84050677163682171485381060521476850286e-01, 1.85569621786300798552478627076515601206e+01, -5.90751332337340743725426513465651095174e-02, 3.44686022894680739111196206060732780019e+00, 2.57211256051646746691472428774347827494e-01, 1.0321111217777615e-02, -3.5166095348177612e-03
0.80800000, 1.37702330430267205770029055354304535523e+00, -1.84040107570249640956142978726776545170e-01, 1.85574458315450837757278909240203701499e+01, -5.91119165543924443212654708469464718668e-02, 3.44699777822954115253490506409029803360e+00, 2.57179367872149710498373743875607202284e-01, 1.0309283002280840e-02, -3.5176601064031531e-03
0.80900000, 1.37680923853971027661677161108284027738e+00, -1.84029526892174940768769639495767247905e-01, 1.85579291003645700005507554012817903807e+01, -5.91486173543445057907346785549525739376e-02, 3.44713520619632990737699363658604762226e+00, 2.57147509386902452280272917134246895088e-01, 1.0297472507540609e-02, -3.5186988436923681e-03
0.81000000, 1.37659532330500268885421422345535158466e+00, -1.84018935128388858663024635859419246906e-01, 1.85584119854135585829132315024072544943e+01, -5.91852356576450215113797022907544680175e-02, 3.44727251292942768761165672964463302831e+00, 2.57115680581087606960286349024355034940e-01, 1.0285679706520998e-02, -3.5197257885130587e-03
0.81100000, 1.37638155845302210058259749784190722225e+00, -1.84008332277790180225063313197253796127e-01, 1.85588944870165698255138233476752109591e+01, -5.92217714883276616987988942760957857678e-02, 3.44740969851088520290339147028399816417e+00, 2.57083881439768760419676310319131702522e-01, 1.0273904572212344e-02, -3.5207409825508260e-03
0.81200000, 1.37616794383847143351214226971749407669e+00, -1.83997718339245713816501900334829393219e-01, 1.85593766054976251713436016334696934867e+01, -5.92582248704050218070965478581308064144e-02, 3.44754676302255059524689370547295300573e+00, 2.57052111947890709317732176873481538002e-01, 1.0262147077631318e-02, -3.5217444673497105e-03
0.81300000, 1.37595447931628322465494982139672083581e+00, -1.83987093311590315364635126142584306307e-01, 1.85598583411802480921679901404375402235e+01, -5.92945958278686403856119868167392793409e-02, 3.44768370654607019111929771368625844280e+00, 2.57020372090279720902548508047377999608e-01, 1.0250407195821004e-02, -3.5227362843126812e-03
0.81400000, 1.37574116474161912727120425578146229277e+00, -1.83976457193626913014332511724922545206e-01, 1.85603396943874649747062517361323953431e+01, -5.93308843846890170390068356022333494783e-02, 3.44782052916288925115096625278468443223e+00, 2.56988661851643792811172885420647720777e-01, 1.0238684899850977e-02, -3.5237164747021234e-03
0.81500000, 1.37552799996986941299590584781336937276e+00, -1.83965809984126531642142163370789252057e-01, 1.85608206654418060045154012184196278916e+01, -5.93670905648156304906783667552485762627e-02, 3.44795723095425271732025671112071310563e+00, 2.56956981216572912857583765450466300637e-01, 1.0226980162817372e-02, -3.5246850796403241e-03
0.81600000, 1.37531498485665247514211664866043885383e+00, -1.83955151681828317233129536643452347778e-01, 1.85613012546653060475852489859855492561e+01, -5.94032143921769567494686040284570979359e-02, 3.44809381200120595767767392514649592576e+00, 2.56925330169539318806946040784373181409e-01, 1.0215292957842967e-02, -3.5256421401099561e-03
0.81700000, 1.37510211925781433317671351029085342006e+00, -1.83944482285439561120977297293498339632e-01, 1.85617814623795055296512562608484012263e+01, -5.94392558906804873796406363983816354284e-02, 3.44823027238459550860480522040734535877e+00, 2.56893708694897758134579550352466110861e-01, 1.0203623258077249e-02, -3.5265876969545602e-03
0.81800000, 1.37488940302942813836465753109965796593e+00, -1.83933801793635724091871070061011066068e-01, 1.85622612889054513132318594243715335914e+01, -5.94752150842127478740953692625974677745e-02, 3.44836661218506981461341842214756576897e+00, 2.56862116776885747768063428405228259555e-01, 1.0191971036696491e-02, -3.5275217908790259e-03
0.81900000, 1.37467683602779368057780269694356116621e+00, -1.83923110205060460352694541866519953572e-01, 1.85627407345636975723968979624974056589e+01, -5.95110919966393161308037047003067396358e-02, 3.44850283148307996569008896534545326878e+00, 2.56830554399623833810886937614914828057e-01, 1.0180336266903825e-02, -3.5284444624500703e-03
0.82000000, 1.37446441810943689626428020659397546004e+00, -1.83912407518325641364056071351699876616e-01, 1.85632197996743066652737575473233283279e+01, -5.95468866518048410324309027697239981946e-02, 3.44863893035888043219170781034400848026e+00, 2.56799021547115851246045291489459157899e-01, 1.0168718921929306e-02, -3.5293557520967148e-03
0.82100000, 1.37425214913110937757450862652477737707e+00, -1.83901693732011379538667652196228604489e-01, 1.85636984845568500042978169102973833188e+01, -5.95825990735330611291316304607394890195e-02, 3.44877490889252979729720763787005033474e+00, 2.56767518203249183617966936923464742343e-01, 1.0157118975029992e-02, -3.5302557001107611e-03
0.82200000, 1.37404002894978788263989361739434378931e+00, -1.83890968844666051805595783083036894250e-01, 1.85641767895304089242137643867992438988e+01, -5.96182292856268234244959541524902861506e-02, 3.44891076716389148702083075465729845692e+00, 2.56736044351795022691146838990177636663e-01, 1.0145536399490004e-02, -3.5311443466472649e-03
0.82300000, 1.37382805742267384700029451384508119279e+00, -1.83880232854806323040902512586919855794e-01, 1.85646547149135755478343273322615525751e+01, -5.96537773118681022646282752790784092861e-02, 3.44904650525263449779224828663248875262e+00, 2.56704599976408628083848487314666334053e-01, 1.0133971168620600e-02, -3.5320217317250074e-03
0.82400000, 1.37361623440719289617634852061052628430e+00, -1.83869485760917169365193652597734516701e-01, 1.85651322610244536495629350258612935875e+01, -5.96892431760180183303429474187858937894e-02, 3.44918212323823412160882656921517394784e+00, 2.56673185060629586875225626809190009698e-01, 1.0122423255760241e-02, -3.5328878952269666e-03
0.82500000, 1.37340455976099435938275671167150338403e+00, -1.83858727561451901308589889135921241010e-01, 1.85656094281806595166868131887477582410e+01, -5.97246269018168577324620462285519117528e-02, 3.44931762119997266876532316225261363187e+00, 2.56641799587882073184203105438462205744e-01, 1.0110892634274659e-02, -3.5337428769007853e-03
0.82600000, 1.37319303334195078437864938561886468084e+00, -1.83847958254832186843635264551701537006e-01, 1.85660862166993228084469858493570712778e+01, -5.97599285129840912102024915817452713887e-02, 3.44945299921694018816628161899576922900e+00, 2.56610443541475107718444728250901398529e-01, 1.0099379277556917e-02, -3.5345867163592387e-03
0.82700000, 1.37298165500815745345116163973984611253e+00, -1.83837177839448074286656260096976268495e-01, 1.85665626268970874128916379881779509049e+01, -5.97951480332183934326414439686817428245e-02, 3.44958825736803518522638102285921128911e+00, 2.56579116904602817291724610391824023050e-01, 1.0087883159027485e-02, -3.5354194530806994e-03
0.82800000, 1.37277042461793190052836327792563008994e+00, -1.83826386313658015068083472697736280119e-01, 1.85670386590901123015192701879668170332e+01, -5.98302854861976624032506147209403267660e-02, 3.44972339573196533736398337103868738391e+00, 2.56547819660344694308007232429837958581e-01, 1.0076404252134293e-02, -3.5362411264096016e-03
0.82900000, 1.37255934202981342941770036357565879818e+00, -1.83815583675788886372246654411864196672e-01, 1.85675143135940723817180544024522108472e+01, -5.98653408955790389674918419571121735821e-02, 3.44985841438724820709310912893081585409e+00, 2.56516551791665856210530219296532324083e-01, 1.0064942530352801e-02, -3.5370517755569028e-03
0.83000000, 1.37234840710256263316611886852469388722e+00, -1.83804769924136013647152667509813145440e-01, 1.85679895907241593470077779366106657474e+01, -5.99003142849989264234679913537023449659e-02, 3.44999331341221195271905870225916487054e+00, 2.56485313281417304894172789674170397372e-01, 1.0053497967186060e-02, -3.5378514396005445e-03
0.83100000, 1.37213761969516091453805395291544364161e+00, -1.83793945056963192984754702341153134461e-01, 1.85684644907950825250907408042328363934e+01, -5.99352056780730102356249429547754495042e-02, 3.45012809288499603664288517341283807868e+00, 2.56454104112336186079381855972857212826e-01, 1.0042070536164774e-02, -3.5386401574859111e-03
0.83200000, 1.37192697966681000760748143915542432888e+00, -1.83783109072502713372219909125829929593e-01, 1.85689390141210697237179497933262369883e+01, -5.99700150983962778515021222816142421282e-02, 3.45026275288355193127991142330431229354e+00, 2.56422924267046048645916896318098254248e-01, 1.0030660210847359e-02, -3.5394179680262872e-03
0.83300000, 1.37171648687693150046024101590301418445e+00, -1.83772261968955378814701408512726215073e-01, 1.85694131610158680743769308265179637065e+01, -6.00047425695430386215307260229137574169e-02, 3.45039729348564382259747270861307419884e+00, 2.56391773728057103924663969416465796591e-01, 1.0019266964820008e-02, -3.5401849099033128e-03
0.83400000, 1.37150614118516635900285362569460600912e+00, -1.83761403744490530330119469157380163398e-01, 1.85698869317927448738074595516280816394e+01, -6.00393881150669438218804796103759404353e-02, 3.45053171476884931127705388516473264631e+00, 2.56360652477766484945758600970072325270e-01, 1.0007890771696745e-02, -3.5409410216674377e-03
0.83500000, 1.37129594245137445187406835262136608192e+00, -1.83750534397246067816455473663217090950e-01, 1.85703603267644884233514885365849340391e+01, -6.00739517585010067803574460472598033396e-02, 3.45066601681056011150597875996964393191e+00, 2.56329560498458505641246736652699728859e-01, 9.9965316051194871e-03, -3.5416863417383738e-03
0.83600000, 1.37108589053563407645538693465815527723e+00, -1.83739653925328471792061136984183159368e-01, 1.85708333462434088661435279724526463161e+01, -6.01084335233576231053570824914838889731e-02, 3.45080019968798274740379751568235082505e+00, 2.56298497772304920000502531718892735803e-01, 9.9851894387581011e-03, -3.5424209084055457e-03
0.83700000, 1.37087598529824148597682677910525387496e+00, -1.83728762326812825009484293779113901587e-01, 1.85713059905413390221477154081458768472e+01, -6.01428334331285910178784133330205598369e-02, 3.45093426347813924708850678051875875394e+00, 2.56267464281365181176611431263404584830e-01, 9.9738642463104611e-03, -3.5431447598285401e-03
0.83800000, 1.37066622659971041771419605939104905949e+00, -1.83717859599742833943311433217480443993e-01, 1.85717782599696352210477887500268885103e+01, -6.01771515112851317866068558800599660216e-02, 3.45106820825786783438772571256121300486e+00, 2.56236460007586700541916788147561590564e-01, 9.9625560015025047e-03, -3.5438579340375531e-03
0.83900000, 1.37045661430077162227416711746499631998e+00, -1.83706945742130850152526031340364087765e-01, 1.85722501548391781329961555586268933400e+01, -6.02113877812779102660748973119954737742e-02, 3.45120203410382361819994042847557674982e+00, 2.56205484932805106690918167821046116240e-01, 9.9512646780882886e-03, -3.5445604689338365e-03
0.84000000, 1.37024714826237239396344698844796871970e+00, -1.83696020751957891517880612257720360753e-01, 1.85727216754603735972282305628210966146e+01, -6.02455422665370555379114793016773192153e-02, 3.45133574109247927951091823154595523031e+00, 2.56174539038744504388699500846120978980e-01, 9.9399902498500434e-03, -3.5452524022901422e-03
0.84100000, 1.37003782834567610223835640336339480967e+00, -1.83685084627173663354779360191383183823e-01, 1.85731928221431534485481922885307868193e+01, -6.02796149904721816551925996863283277782e-02, 3.45146932930012575607038238119263443732e+00, 2.56143622307017733463055365024456673491e-01, 9.9287326905982278e-03, -3.5459337717511646e-03
0.84200000, 1.36982865441206172423114111190801262587e+00, -1.83674137365696579402167004631074343129e-01, 1.85736635951969763416922887640441345503e+01, -6.03136059764724084899072888074914576554e-02, 3.45160279880287292473402759437174268075e+00, 2.56112734719126627638473909776694529732e-01, 9.9174919741715819e-03, -3.5466046148339827e-03
0.84300000, 1.36961962632312337834935180059511638667e+00, -1.83663178965413782687918610636236580825e-01, 1.85741339949308285735758014169601139059e+01, -6.03475152479063826835547616766063008266e-02, 3.45173614967665028147594607705962957800e+00, 2.56081876256462273310125275968103922616e-01, 9.9062680744371798e-03, -3.5472649689284988e-03
0.84400000, 1.36941074394066985894464126247415821769e+00, -1.83652209424181166271223825568179717508e-01, 1.85746040216532249034297555181892564122e+01, -6.03813428281222987008901859852591732506e-02, 3.45186938199720761907652365000342583758e+00, 2.56051046900305268255994814840798656796e-01, 9.8950609652904817e-03, -3.5479148712978776e-03
0.84500000, 1.36920200712672417204733980325563933189e+00, -1.83641228739823393862458062253261865675e-01, 1.85750736756722093708334448560149646813e+01, -6.04150887404479199868381401985339670740e-02, 3.45200249584011570249085545567806123717e+00, 2.56020246631825980285290970228812063036e-01, 9.8838706206553847e-03, -3.5485543590789822e-03
0.84600000, 1.36899341574352307216318214530537370919e+00, -1.83630236910133920321032036737128113840e-01, 1.85755429572953561116488177375560757547e+01, -6.04487530081906002265944655766699289329e-02, 3.45213549128076694190272081153948413240e+00, 2.55989475432084805821248358915962502171e-01, 9.8726970144842736e-03, -3.5491834692828093e-03
0.84700000, 1.36878496965351660012857131587226724374e+00, -1.83619233932875012031710026370964244838e-01, 1.85760118668297701718627509157035354961e+01, -6.04823356546373047089388409946161177477e-02, 3.45226836839437606346914700681821326073e+00, 2.55958733282032428416437364961174810162e-01, 9.8615401207580704e-03, -3.5498022387949227e-03
0.84800000, 1.36857666871936762202077717933241038342e+00, -1.83608219805777767159886170951919935493e-01, 1.85764804045820883193432176263617146144e+01, -6.05158367030546317927820299010156523896e-02, 3.45240112725598077776058222487491268194e+00, 2.55928020162510077198682455169305329316e-01, 9.8503999134862832e-03, -3.5504107043758855e-03
0.84900000, 1.36836851280395136911947939542206966643e+00, -1.83597194526542135786307105999999628960e-01, 1.85769485708584798535153355932403670555e+01, -6.05492561766888344769733647073584797003e-02, 3.45253376794044244590168830916266502007e+00, 2.55897336054249785245682424729347294083e-01, 9.8392763667070550e-03, -3.5510089026616904e-03
0.85000000, 1.36816050177035497891607665664447813518e+00, -1.83586158092836939921728192971552127683e-01, 1.85774163659646474129632606151508078458e+01, -6.05825940987658420733956453539594270025e-02, 3.45266629052244674341775477673529778355e+00, 2.55866680937874647886416894472230241126e-01, 9.8281694544872107e-03, -3.5515968701641883e-03
0.85100000, 1.36795263548187703716719607852042321568e+00, -1.83575110502299893401989596263810121736e-01, 1.85778837902058277809638711933958654040e+01, -6.06158504924912819833762357912469092058e-02, 3.45279869507650432179172631763780204761e+00, 2.55836054793899080927414604307604881396e-01, 9.8170791509223044e-03, -3.5521746432715163e-03
0.85200000, 1.36774491380202712098884858635963636058e+00, -1.83564051752537621663997451234591429768e-01, 1.85783508438867926889581695840458166182e+01, -6.06490253810505015774447446715333835844e-02, 3.45293098167695146773682700004793959342e+00, 2.55805457602729078801950381267639622002e-01, 9.8060054301366655e-03, -3.5527422582485233e-03
0.85300000, 1.36753733659452534298768806200689512385e+00, -1.83552981841125681403094371125181687818e-01, 1.85788175273118496179663046713020819687e+01, -6.06821187876085901784692746966768175016e-02, 3.45306315039795076018975552834600826035e+00, 2.55774889344662472640229105294856910767e-01, 9.7949482662834443e-03, -3.5532997512371942e-03
0.85400000, 1.36732990372330189642584388381042364239e+00, -1.83541900765608580112302553711533601110e-01, 1.85792838407848425979521021534091379090e+01, -6.07151307353104011482048188392776007936e-02, 3.45319520131349172502941717301496690974e+00, 2.55744349999889188258606551533622707071e-01, 9.7839076335446565e-03, -3.5538471582570731e-03
0.85500000, 1.36712261505249660141580831311636897146e+00, -1.83530808523499795503921770698252921875e-01, 1.85797497846091530051429677113270331039e+01, -6.07480612472805740772889710774817017606e-02, 3.45332713449739148752614940606236825289e+00, 2.55713839548491504065888654488604153620e-01, 9.7728835061312279e-03, -3.5543845152056845e-03
0.85600000, 1.36691547044645845214187195115646875353e+00, -1.83519705112281794813963554290459773604e-01, 1.85802153590877003573110090922681442023e+01, -6.07809103466235570787217043840227735749e-02, 3.45345895002329542252638983215960280372e+00, 2.55683357970444308884742517060192347538e-01, 9.7618758582830375e-03, -3.5549118578589535e-03
0.85700000, 1.36670846976974516510461221151002806614e+00, -1.83508590529406053989901936009630399577e-01, 1.85806805645229431070212033848803660237e+01, -6.08136780564236291848675495165283339933e-02, 3.45359064796467780237772670256776870485e+00, 2.55652905245615359686244376212755054299e-01, 9.7508846642689604e-03, -3.5554292218716237e-03
0.85800000, 1.36650161288712272838495142562839936062e+00, -1.83497464772293076762220142640103742645e-01, 1.85811454012168794328524161899746996075e+01, -6.08463643997449228480200846957841775175e-02, 3.45372222839484244259926413482217359378e+00, 2.55622481353765539235581736927200142501e-01, 9.7399098983869100e-03, -3.5559366427776746e-03
0.85900000, 1.36629489966356495192431282245161433451e+00, -1.83486327838332413600231713182294123561e-01, 1.85816098694710480285970598998999762006e+01, -6.08789693996314465445702185587946304235e-02, 3.45385369138692334530222613474236438908e+00, 2.55592086274549113646918997179625654636e-01, 9.7289515349638795e-03, -3.5564341559907367e-03
0.86000000, 1.36608832996425301881741419816285555363e+00, -1.83475179724882680552653568826049704825e-01, 1.85820739695865288904451588906149187929e+01, -6.09114930791071074828213168610441627148e-02, 3.45398503701388534036571562728920200457e+00, 2.55561719987513989845428109012121274382e-01, 9.7180095483559828e-03, -3.5569217968045058e-03
0.86100000, 1.36588190365457503761425061885618806189e+00, -1.83464020429271577973407645222349454395e-01, 1.85825377018639441021585701028534530596e+01, -6.09439354611757344144957873040610873113e-02, 3.45411626534852472437253694777661829095e+00, 2.55531382472101972934478154353780649259e-01, 9.7070839129484946e-03, -3.5573996003931554e-03
0.86200000, 1.36567562060012559562782897757441494733e+00, -1.83452849948795909133126782703000748772e-01, 1.85830010666034586182410882421805581577e+01, -6.09762965688211005499792966066628893213e-02, 3.45424737646346989730998262363933424411e+00, 2.55501073707649023465970159137809106526e-01, 9.6961746031558898e-03, -3.5578676018117477e-03
0.86300000, 1.36546948066670531324422865804400641648e+00, -1.83441668280721598716839665555595897022e-01, 1.85834640641047810451101456618522691307e+01, -6.10085764250069465773503495473354641201e-02, 3.45437837043118199704047778803927845326e+00, 2.55470793673385514611796025466818810335e-01, 9.6852815934218828e-03, -3.5583258359966434e-03
0.86400000, 1.36526348372032039923157394072862683975e+00, -1.83430475422283711208308705984167427482e-01, 1.85839266946671644202757979068858228171e+01, -6.10407750526770037852445112070302114564e-02, 3.45450924732395553154696820874731403806e+00, 2.55440542348436489234393129119988455182e-01, 9.6744048582194655e-03, -3.5587743377659094e-03
0.86500000, 1.36505762962718220704451512277661712848e+00, -1.83419271370686469161493881954255954874e-01, 1.85843889585894069895326668922773251048e+01, -6.10728924747550172896041010619738824615e-02, 3.45464000721391900895793068765206643833e+00, 2.55410319711821916854358908584181258206e-01, 9.6635443720509449e-03, -3.5592131418197263e-03
0.86600000, 1.36485191825370679212082661228457480694e+00, -1.83408056123103271359614660714026105964e-01, 1.85848508561698529821704947625394760573e+01, -6.11049287141447693643657309403526694404e-02, 3.45477065017303556535687748661738315927e+00, 2.55380125742456950513082662032292673865e-01, 9.6527001094479803e-03, -3.5596422827407930e-03
0.86700000, 1.36464634946651447016674149927153511436e+00, -1.83396829676676710862281271380238897989e-01, 1.85853123877063933842089426333373970067e+01, -6.11368837937301028761395981901873317699e-02, 3.45490117627310359038121946293184395200e+00, 2.55349960419152183528344770266459266477e-01, 9.6418720449716195e-03, -3.5600617949947309e-03
0.86800000, 1.36444092313242937642765330108775132773e+00, -1.83385592028518592941165730558965096019e-01, 1.85857735534964667096622496486448348045e+01, -6.11687577363749448229359807333506441810e-02, 3.45503158558575735061534575096974407713e+00, 2.55319823720613906140826676586232959112e-01, 9.6310601532123346e-03, -3.5604717129304862e-03
0.86900000, 1.36423563911847902594082672889919753175e+00, -1.83374343175709952904682174515603910553e-01, 1.85862343538370597698393490981961355687e+01, -6.12005505649233299769959120272407495728e-02, 3.45516187818246761078277110461945644504e+00, 2.55289715625444362049468178821867370583e-01, 9.6202644087900575e-03, -3.5608720707807308e-03
0.87000000, 1.36403049729189387476677042462311129579e+00, -1.83363083115301073812145209896804137609e-01, 1.85866947890247084406850197297433232850e+01, -6.12322623021994246317845413456215816974e-02, 3.45529205413454225274219541624281663091e+00, 2.55259636112142004833601924374476445516e-01, 9.6094847863542138e-03, -3.5612629026622623e-03
0.87100000, 1.36382549752010688219593567446954326510e+00, -1.83351811844311504077874162418068642519e-01, 1.85871548593554984281676318584160941832e+01, -6.12638929710075504532072082478414992807e-02, 3.45542211351312689229231345112337782059e+00, 2.55229585159101754259788446006573920540e-01, 9.5987212605837573e-03, -3.5616442425764018e-03
0.87200000, 1.36362063967075307392741611629632313491e+00, -1.83340529359730074965710279245005326505e-01, 1.85876145651250660317190294210010090054e+01, -6.12954425941322084351097796550711323589e-02, 3.45555205638920549379020648026171393874e+00, 2.55199562744615252471268634301530323867e-01, 9.5879738061872032e-03, -3.5620161244093907e-03
0.87300000, 1.36341592361166910621633442353638035755e+00, -1.83329235658514917974413125993265321313e-01, 1.85880739066285989057320707458818412833e+01, -6.13269111943381029591263136171498329444e-02, 3.45568188283360098258814125770654504017e+00, 2.55169568846871120057944212126537211129e-01, 9.5772423979026605e-03, -3.5623785819327863e-03
0.87400000, 1.36321134921089283098661286873222708526e+00, -1.83317930737593482114401613332128968923e-01, 1.85885328841608368191213325093948655596e+01, -6.13582987943701659589386256576476397415e-02, 3.45581159291697585529359567009994888031e+00, 2.55139603443955212004790557053110593516e-01, 9.5665270104978647e-03, -3.5627316488038555e-03
0.87500000, 1.36300691633666286190583554493683893907e+00, -1.83306614593862551076304291079459300497e-01, 1.85889914980160724129524631261315157813e+01, -6.13896054169535811890138415511496458315e-02, 3.45594118670983278785732438449644826539e+00, 2.55109666513850873516600109469000426450e-01, 9.5558276187702089e-03, -3.5630753585659676e-03
0.87600000, 1.36280262485741814141892085363634419039e+00, -1.83295287224188260291782759401389101942e-01, 1.85894497484881519561456536739486970283e+01, -6.14208310847938085978875245386289808151e-02, 3.45607066428251524149427193452699915945e+00, 2.55079758034439195716948607007263031784e-01, 9.5451441975467752e-03, -3.5634097446489855e-03
0.87700000, 1.36259847464179750873733365364001564636e+00, -1.83283948625406113887091267258740303615e-01, 1.85899076358704760992586763838081850178e+01, -6.14519758205766088060614653469345269629e-02, 3.45620002570520806644213491336207488140e+00, 2.55049877983499271219270499868540234576e-01, 9.5344767216843645e-03, -3.5637348403696552e-03
0.87800000, 1.36239446555863926878057720678819212245e+00, -1.83272598794321001529834797553944096340e-01, 1.85903651604560006263549227297467846298e+01, -6.14830396469680676885867199694864062389e-02, 3.45632927104793810356236928342994315730e+00, 2.55020026338708449567924126562314694159e-01, 9.5238251660695271e-03, -3.5640506789319947e-03
0.87900000, 1.36219059747698076206671575356906099567e+00, -1.83261237727707215169387176507339782124e-01, 1.85908223225372372049618552349657138846e+01, -6.15140225866146210624039730096186351082e-02, 3.45645840038057478378843326621825147903e+00, 2.54990203077642592547121565477838401489e-01, 9.5131895056185911e-03, -3.5643572934276808e-03
0.88000000, 1.36198687026605793554868920502982064780e+00, -1.83249865422308465671429991610435567104e-01, 1.85912791224062541341252692659101820351e+01, -6.15449246621430794785147935077734238971e-02, 3.45658741377283072542605083948516759849e+00, 2.54960408177776329355592524446066093286e-01, 9.5025697152776919e-03, -3.5646547168364349e-03
0.88100000, 1.36178328379530491439319204693471450381e+00, -1.83238481874837899347072358046324227432e-01, 1.85917355603546770905647433169791544398e+01, -6.15757458961606531190588355908423566150e-02, 3.45671631129426232931027554259118983180e+00, 2.54930641616483311644846187995537086120e-01, 9.4919657700227996e-03, -3.5649429820264071e-03
0.88200000, 1.36157983793435357469889911817888656718e+00, -1.83227087081978114377010837714323609718e-01, 1.85921916366736898729356385938533138156e+01, -6.16064863112549767993735180180416104570e-02, 3.45684509301427037182412907219961724325e+00, 2.54900903371036468418889610257793674020e-01, 9.4813776448597470e-03, -3.5652221217545598e-03
0.88300000, 1.36137653255303311715083144822905310196e+00, -1.83215681040381177131188087927473490950e-01, 1.85926473516540351442029910830503552556e+01, -6.16371459299941350751141947742463181604e-02, 3.45697375900210059578358403905248997557e+00, 2.54871193418608260793256020356466253985e-01, 9.4708053148242567e-03, -3.5654921686670487e-03
0.88400000, 1.36117336752136964160766581804472390701e+00, -1.83204263746668638384408098448238684335e-01, 1.85931027055860151721326217489067462734e+01, -6.16677247749266874545143032999082177651e-02, 3.45710230932684429919365525068419715254e+00, 2.54841511736270936611191296528290485593e-01, 9.4602487549819670e-03, -3.5657531552996032e-03
0.88500000, 1.36097034270958572261880214575125794874e+00, -1.83192835197431549428365165770171356611e-01, 1.85935576987594925679047730264413261244e+01, -6.16982228685816937158664477675270205597e-02, 3.45723074405743892188035898356622960143e+00, 2.54811858300996784914841865078600024181e-01, 9.4497079404284583e-03, -3.5660051140779059e-03
0.88600000, 1.36076745798809998586801319250153619065e+00, -1.83181395389230478080543052421957509929e-01, 1.85940123314638910228555623791776122362e+01, -6.17286402334687393303068420388975283081e-02, 3.45735906326266863000329491006777485417e+00, 2.54782233089658390269282390467687180742e-01, 9.4391828462892783e-03, -3.5662480773179694e-03
0.88700000, 1.36056471322752668554051143568863404448e+00, -1.83169944318595524590440086545854566146e-01, 1.85944666039881960433515263646890363390e+01, -6.17589768920779609899870005855422875791e-02, 3.45748726701116489845360064955680062098e+00, 2.54752636079028886937216843252171854647e-01, 9.4286734477199668e-03, -3.5664820772265134e-03
0.88800000, 1.36036210829867528261027826616875708517e+00, -1.83158481982026337443575273065717588049e-01, 1.85949205166209556838025113970867592846e+01, -6.17892328668800722417180257471679481598e-02, 3.45761535537140709114202431774849695417e+00, 2.54723067245782212902181863156419855650e-01, 9.4181797199060799e-03, -3.5667071459013391e-03
0.88900000, 1.36015964307255002404451093363207682650e+00, -1.83147008375992129063729812391367652017e-01, 1.85953740696502812778181502145970127509e+01, -6.18194081803263892261742962597314330025e-02, 3.45774332841172303918185595283077013517e+00, 2.54693526566493363738076775107308058566e-01, 9.4077016380632140e-03, -3.5669233153317029e-03
0.89000000, 1.35995731742034952292205288992821380571e+00, -1.83135523496931691413877755786792808293e-01, 1.85958272633638481675131459514794707885e+01, -6.18495028548488565227448150256237877966e-02, 3.45787118620028961697145429976302111161e+00, 2.54664014017638646322840166510422148512e-01, 9.3972391774370289e-03, -3.5671306173986890e-03
0.89100000, 1.35975513121346633946268336422124826844e+00, -1.83124027341253411496258868240464900918e-01, 1.85962800980488964309665686765269197976e+01, -6.18795169128600731001219236432055821811e-02, 3.45799892880513331618110113426262877458e+00, 2.54634529575595932394088594251267852860e-01, 9.3867923133032702e-03, -3.5673290838755802e-03
0.89200000, 1.35955308432348656296415214652362451411e+00, -1.83112519905335286752046119897839280441e-01, 1.85967325739922316078403522949679909198e+01, -6.19094503767533183727185372808654100722e-02, 3.45812655629413081764891110417615434524e+00, 2.54605073216644911944528759740476792183e-01, 9.3763610209677920e-03, -3.5675187464282278e-03
0.89300000, 1.35935117662218939464385565764553335385e+00, -1.83101001185524940361059585829874795303e-01, 1.85971846914802254231621628164790175576e+01, -6.19393032689025783630064960911076537189e-02, 3.45825406873500956119052095699689615724e+00, 2.54575644916967346454950369651540434739e-01, 9.3659452757665783e-03, -3.5676996366154197e-03
0.89400000, 1.35914940798154673138206044410174275361e+00, -1.83089471178139636441977901098225324944e-01, 1.85976364507988165092777921689098022252e+01, -6.19690756116625719698700685318711791363e-02, 3.45838146619534831332727800705952772099e+00, 2.54546244652647321962602888682631445525e-01, 9.3555450530657639e-03, -3.5678717858892477e-03
0.89500000, 1.35894777827372275036359025624589385308e+00, -1.83077929879466295153497793718730318969e-01, 1.85980878522335111259782149849543776716e+01, -6.19987674273687773430700777140804646346e-02, 3.45850874874257773293764377324350190557e+00, 2.54516872399671501962755488564992479911e-01, 9.3451603282616557e-03, -3.5680352255954734e-03
0.89600000, 1.35874628737107349461490284705654708146e+00, -1.83066377285761507696891602201151589342e-01, 1.85985388960693838788064291070664120604e+01, -6.20283787383374583639155542448585964817e-02, 3.45863591644398093483652488668195539968e+00, 2.54487528133929380141235704488735941745e-01, 9.3347910767807520e-03, -3.5681899869738926e-03
0.89700000, 1.35854493514614645943349256778237957982e+00, -1.83054813393251551220412076836011260257e-01, 1.85989895825910784355491839441459415288e+01, -6.20579095668656912322412480031925004346e-02, 3.45876296936669405128723962683917146724e+00, 2.54458211831213532935738625967404781134e-01, 9.3244372740797629e-03, -3.5683361011586985e-03
0.89800000, 1.35834372147168017970656473526760377538e+00, -1.83043238198132403625993164790189208017e-01, 1.85994399120828082409186842716273313999e+01, -6.20873599352313911597907568872215640860e-02, 3.45888990757770679145082479222935938705e+00, 2.54428923467219871923694873755173644787e-01, 9.3140988956456288e-03, -3.5684735991788438e-03
0.89900000, 1.35814264622060381811593760442368057770e+00, -1.83031651696569758278694888343009568943e-01, 1.85998898848283572294293405942969880511e+01, -6.21167298656933391701064528275910377365e-02, 3.45901673114386299877738404784963921654e+00, 2.54399663017547896034482147600207284232e-01, 9.3037759169955397e-03, -3.5686025119584014e-03
0.90000000, 1.35794170926603675422613759818960681095e+00, -1.83020053884699038619339843225321692890e-01, 1.86003395011110805364746207881840794785e+01, -6.21460193804912090050288042871244150321e-02, 3.45914344013186120634417541394269974451e+00, 2.54370430457700943583761771194757917428e-01, 9.2934683136769525e-03, -3.5687228703169237e-03
0.90100000, 1.35774091048128817445266322662942241305e+00, -1.83008444758625412680788269997063216828e-01, 1.86007887612139052076090414039205722548e+01, -6.21752285018455941379091100808618475745e-02, 3.45927003460825519014513216884662671854e+00, 2.54341225763086444127718410492654573547e-01, 9.2831760612676096e-03, -3.5688347049698008e-03
0.90200000, 1.35754024973985666290740286675016064465e+00, -1.82996824314423807508298085695549379568e-01, 1.86012376654193309060403207487819316201e+01, -6.22043572519580348936410716695071001631e-02, 3.45939651463945452033650813129287661636e+00, 2.54312048909016170134977999428782744815e-01, 9.2728991353755552e-03, -3.5689380465286174e-03
0.90300000, 1.35733972691542979311820127538340590768e+00, -1.82985192548138923484415705588897140334e-01, 1.86016862140094306183366996679220048160e+01, -6.22334056530110456756180401205320349432e-02, 3.45952288029172511044333506344531112361e+00, 2.54282899870706488473975872809155204222e-01, 9.2626375116391527e-03, -3.5690329255015085e-03
0.90400000, 1.35713934188188372061957936925518550527e+00, -1.82973549455785248558842935758265603161e-01, 1.86021344072658513583544198168315213699e+01, -6.22623737271681422997241797114001820987e-02, 3.45964913163118976453137679410565127044e+00, 2.54253778623278611713544179555761790247e-01, 9.2523911657271005e-03, -3.5691193722935140e-03
0.90500000, 1.35693909451328277641162142936747046087e+00, -1.82961895033347072383724676390743291479e-01, 1.86025822454698148693903331565073565697e+01, -6.22912614965738694354691926851720493806e-02, 3.45977526872382872234926160072074496927e+00, 2.54224685141758849234484830394456603598e-01, 9.2421600733384479e-03, -3.5691974172069312e-03
0.90600000, 1.35673898468387906128405347122457804831e+00, -1.82950229276778500354801643073573096136e-01, 1.86030297289021183245646004099487192610e+01, -6.23200689833538281543776489765149997781e-02, 3.45990129163548020244547140799681479779e+00, 2.54195619401078858149891522268995286848e-01, 9.2319442102026103e-03, -3.5692670904416674e-03
0.90700000, 1.35653901226811204100254606845285673921e+00, -1.82938552182003467558871789021880301461e-01, 1.86034768578431350254384202931276824228e+01, -6.23487962096147035857453608220191935232e-02, 3.46002720043184094326486345894258691594e+00, 2.54166581376075894031981777047702004568e-01, 9.2217435520793841e-03, -3.5693284220955903e-03
0.90800000, 1.35633917714060814235428442517491977684e+00, -1.82926863744915752628003595028129360194e-01, 1.86039236325728150988717154752473435026e+01, -6.23774431974442926798766350686672263619e-02, 3.46015299517846674222939728991920986096e+00, 2.54137571041493061443197434254312688101e-01, 9.2115580747589609e-03, -3.5693814421648773e-03
0.90900000, 1.35613947917618035004985796230223367918e+00, -1.82915163961378991500943885974221100568e-01, 1.86043700533706861921256854316351707248e+01, -6.24060099689115320789176257140579620941e-02, 3.46027867594077299280773709366757147251e+00, 2.54108588371979564269329646389982561170e-01, 9.2013877540619416e-03, -3.5694261805443641e-03
0.91000000, 1.35593991824982780447853111489305508785e+00, -1.82903452827226691092162332978562888773e-01, 1.86048161205158541662151206277569639091e+01, -6.24344965460665260954023957670748986738e-02, 3.46040424278403521957839688221555071505e+00, 2.54079633342090955852422140703452942201e-01, 9.1912325658393497e-03, -3.5694626670278911e-03
0.91100000, 1.35574049423673540031396643207667628731e+00, -1.82891730338262242868974308642778358443e-01, 1.86052618342870037875153568143149411741e+01, -6.24629029509405747986296809234381425094e-02, 3.46052969577338961129109326394656990931e+00, 2.54050705926289388921204332790681851792e-01, 9.1810924859726441e-03, -3.5694909313086498e-03
0.91200000, 1.35554120701227338596748042795896460092e+00, -1.82879996490258936337183279398218713481e-01, 1.86057071949623994176287326209497609679e+01, -6.24912292055462022089897278221009682021e-02, 3.46065503497383355193096812484936110502e+00, 2.54021806098943865316803804939167750360e-01, 9.1709674903737321e-03, -3.5695110029795270e-03
0.91300000, 1.35534205645199696388592195158669236061e+00, -1.82868251278959972435683443613412282464e-01, 1.86061522028198857015153981094401964180e+01, -6.25194753318771846003619568006543080979e-02, 3.46078026045022614979034105198510925997e+00, 2.53992933834330485511485695446654061587e-01, 9.1608575549849810e-03, -3.5695229115334482e-03
0.91400000, 1.35514304243164589169127212664673638430e+00, -1.82856494700078476840462856892431089989e-01, 1.86065968581368882538933064862264721955e+01, -6.25476413519085789107055731154863286112e-02, 3.46090537226728876455264895642524152801e+00, 2.53964089106632697918164684005447892496e-01, 9.1507626557792300e-03, -3.5695266863637197e-03
0.91500000, 1.35494416482714408415907415729762355530e+00, -1.82844726749297513178446826853321249757e-01, 1.86070411611904143439122057783161033643e+01, -6.25757272875967512609666215499048216942e-02, 3.46103037048960553239322804225944262559e+00, 2.53935271889941547988433502414439297499e-01, 9.1406827687598013e-03, -3.5695223567643697e-03
0.91600000, 1.35474542351459921603281050556102242603e+00, -1.82832947422270096151620908607767122961e-01, 1.86074851122570535781064319459079581895e+01, -6.26037331608794055824263472150577544070e-02, 3.46115525518162388910159102668253996795e+00, 2.53906482158255927096850249118983601885e-01, 9.1306178699605110e-03, -3.5695099519304879e-03
0.91700000, 1.35454681837030232567135411822471059861e+00, -1.82821156714619204571872389150637369456e-01, 1.86079287116129785816312896391360789403e+01, -6.26316589936756123526170901683678605115e-02, 3.46128002640765509122985034257948394328e+00, 2.53877719885482821209225240137751648458e-01, 9.1205679354456791e-03, -3.5694895009585641e-03
0.91800000, 1.35434834927072741952662951741054039364e+00, -1.82809354621937794306988713893665160570e-01, 1.86083719595339456777877916049357644075e+01, -6.26595048078858374399333032462127249092e-02, 3.46140468423187473527193594838374207909e+00, 2.53848985045437559332646687564861986664e-01, 9.1105329413101399e-03, -3.5694610328468256e-03
0.91900000, 1.35415001609253107744862866902441803055e+00, -1.82797541139788811138250881623986946413e-01, 1.86088148562952955658405126129181175336e+01, -6.26872706253919710570666412454113274968e-02, 3.46152922871832327487825432923526631716e+00, 2.53820277611844061744983159780274243437e-01, 9.1005128636792510e-03, -3.5694245764955733e-03
0.92000000, 1.35395181871255205881493560741292680536e+00, -1.82785716263705203530059415218417541122e-01, 1.86092574021719539971332986960546005311e+01, -6.27149564680573568233954253051978204915e-02, 3.46165365993090653611043329756426971031e+00, 2.53791597558335088001599544502553206425e-01, 9.0905076787089026e-03, -3.5693801607075167e-03
0.92100000, 1.35375375700781090948192282288477571477e+00, -1.82773879989189935312030104481058513597e-01, 1.86096995974384324495075574926703570551e+01, -6.27425623577268209364601390510477615815e-02, 3.46177797793339623074079528913611868873e+00, 2.53762944858452484717022106612568556142e-01, 9.0805173625855262e-03, -3.5693278141881079e-03
0.92200000, 1.35355583085550956955479141149575029482e+00, -1.82762032311715998273996314478077984210e-01, 1.86101414423688288000278405304757176489e+01, -6.27700883162267014526579627770440456662e-02, 3.46190218278943046760120000127574442653e+00, 2.53734319485647433119287206997218230877e-01, 9.0705418915261024e-03, -3.5692675655458740e-03
0.92300000, 1.35335804013303098197363594382349122264e+00, -1.82750173226726424674354257702290457180e-01, 1.86105829372368279960194134108822771425e+01, -6.27975343653648776772906986773014496287e-02, 3.46202627456251426198589543241742723196e+00, 2.53705721413280696374707326237510715573e-01, 9.0605812417781694e-03, -3.5691994432927489e-03
0.92400000, 1.35316038471793870191272393155264295635e+00, -1.82738302729634299662187241294604328274e-01, 1.86110240823157027244224950324074052179e+01, -6.28249005269307996641017839019818101954e-02, 3.46215025331602004311301465527323914637e+00, 2.53677150614622866680787217519915587983e-01, 9.0506353896198295e-03, -3.5691234758444031e-03
0.92500000, 1.35296286448797650699018865773032413288e+00, -1.82726420815822773613604521362662825462e-01, 1.86114648778783140794678322353245089810e+01, -6.28521868226955178244394290220984261092e-02, 3.46227411911318815964935398876178384871e+00, 2.53648607062854612125022296404372680926e-01, 9.0407043113597570e-03, -3.5690396915205737e-03
0.92600000, 1.35276547932106800828534298871431356781e+00, -1.82714527480645074382730025152323561535e-01, 1.86119053241971122286782615556225878189e+01, -6.28793932744117126461842573519011286851e-02, 3.46239787201712738330306662537441655371e+00, 2.53620090731066923307310760753328319907e-01, 9.0307879833372039e-03, -3.5689481185453915e-03
0.92700000, 1.35256822909531626216083060329888052827e+00, -1.82702622719424519467775838428316354534e-01, 1.86123454215441370772008951445556713808e+01, -6.29065199038137245225811555102267255431e-02, 3.46252151209081541048890421987046324467e+00, 2.53591601592261359723710421926274421551e-01, 9.0208863819220070e-03, -3.5688487850477086e-03
0.92800000, 1.35237111368900338288683985744210043121e+00, -1.82690706527454528092634999889873781362e-01, 1.86127851701910189304745533403499561335e+01, -6.29335667326175836911163776146691430073e-02, 3.46264503939709936207063745108303892589e+00, 2.53563139619350295909270817982209362507e-01, 9.0109994835145928e-03, -3.5687417190614236e-03
0.92900000, 1.35217413298059015606461425160930197577e+00, -1.82678778899998633204427796768800825964e-01, 1.86132245704089791552370518707544721916e+01, -6.29605337825210402825822746064478573879e-02, 3.46276845399869628118528513018519717694e+00, 2.53534704785157167337670870813031947902e-01, 9.0011272645459832e-03, -3.5686269485258067e-03
0.93000000, 1.35197728684871565284650218216473826619e+00, -1.82666839832290493387435415914867130216e-01, 1.86136636224688308388769372188318032717e+01, -6.29874210752035944804733464109132265912e-02, 3.46289175595819362915378004502000509295e+00, 2.53506297062416716075392141555074589039e-01, 8.9912697014778010e-03, -3.5685045012858225e-03
0.93100000, 1.35178057517219684494979733866165144025e+00, -1.82654889319533904693854472650167243647e-01, 1.86141023266409794471342492994518908067e+01, -6.30142286323265267908586379600075390682e-02, 3.46301494533804977948269840005078429807e+00, 2.53477916423775236188157631990904356249e-01, 8.9814267708022735e-03, -3.5683744050924529e-03
0.93200000, 1.35158399783002822046162975547284059747e+00, -1.82642927356902812391805615453871614159e-01, 1.86145406831954234801548762701386725758e+01, -6.30409564755329284228768205497892076681e-02, 3.46313802220059450996167843415763439121e+00, 2.53449562841790818897366073652501581335e-01, 8.9715984490422377e-03, -3.5682366876030181e-03
0.93300000, 1.35138755470138140043217613914212828956e+00, -1.82630953939541322631029088105325691447e-01, 1.86149786924017551269030520369918759501e+01, -6.30676046264477317800016175892170331917e-02, 3.46326098660802949286115257291730267146e+00, 2.53421236288933597484251740659534128801e-01, 8.9617847127511433e-03, -3.5680913763814964e-03
0.93400000, 1.35119124566560475625346667229348707100e+00, -1.82618969062563714026699822250559229187e-01, 1.86154163545291609179365328141315837588e+01, -6.30941731066777410622265485264790479342e-02, 3.46338383862242878323501629718473411936e+00, 2.53392936737585991939500016658521799874e-01, 8.9519855385130568e-03, -3.5679384988988436e-03
0.93500000, 1.35099507060222302782107404108002862474e+00, -1.82606972721054449161794332448826298888e-01, 1.86158536698464223765489749532593262621e+01, -6.31206619378116629793192766267384945673e-02, 3.46350657830573930533285578478089664132e+00, 2.53364664160042953356049240252374820572e-01, 8.9422009029426641e-03, -3.5677780825333104e-03
0.93600000, 1.35079902939093694247597894615983093941e+00, -1.82594964910068186008441392585762957401e-01, 1.86162906386219166682840221782657602444e+01, -6.31470711414201375752971553305659820723e-02, 3.46362920571978133712635530592282336927e+00, 2.53336418528512208062809746703576436680e-01, 8.9324307826852735e-03, -3.5676101545707595e-03
0.93700000, 1.35060312191162283472391483721920891807e+00, -1.82582945624629789268688187092148713097e-01, 1.86167272611236172488255963381120286623e+01, -6.31734007390557691642768741556458120161e-02, 3.46375172092624899295450432475377670688e+00, 2.53308199815114501497031516133017476646e-01, 8.9226751544168179e-03, -3.5674347422049807e-03
0.93800000, 1.35040734804433226672950305829531814691e+00, -1.82570914859734341635113352666184972117e-01, 1.86171635376190945102688718292414162206e+01, -6.31996507522531573778524085255063742926e-02, 3.46387412398671070429222327799499239349e+00, 2.53280007991883841813052429591440928686e-01, 8.9129339948438566e-03, -3.5672518725380059e-03
0.93900000, 1.35021170766929164958249800574699500137e+00, -1.82558872610347154971718056146823653559e-01, 1.86175994683755164257763999363128975737e+01, -6.32258212025289283241567785277567397633e-02, 3.46399641496260969864702606640203336414e+00, 2.53251843030767743225159823919316861982e-01, 8.9032072807035773e-03, -3.5670615725804224e-03
0.94000000, 1.35001620066690186533347028285283524976e+00, -1.82546818871403781415525991810227133768e-01, 1.86180350536596491926238354968627841131e+01, -6.32519121113817658587644194301487809173e-02, 3.46411859391526447658833640443026078485e+00, 2.53223704903627469082298823897915209016e-01, 8.8934949887637968e-03, -3.5668638692516850e-03
0.94100000, 1.34982082691773788979626418484534065242e+00, -1.82534753637810024399322926645221225679e-01, 1.86184702937378578736397045113702732629e+01, -6.32779235002924429675922618250686650867e-02, 3.46424066090586928691407432736267044274e+00, 2.53195593582238274672361815490055868932e-01, 8.8837970958229622e-03, -3.5666587893804273e-03
0.94200000, 1.34962558630254841611457416588545253639e+00, -1.82522676904441949595966175090989996908e-01, 1.86189051888761070370436375949038374150e+01, -6.33038553907238532619589115409437920464e-02, 3.46436261599549459995912835220218049970e+00, 2.53167509038289649753794406630713287092e-01, 8.8741135787101513e-03, -3.5664463597047719e-03
0.94300000, 1.34943047870225547908999322520817227741e+00, -1.82510588666145895784694145275697960307e-01, 1.86193397393399613946874804998357839629e+01, -6.33297078041210425859626089614900427805e-02, 3.46448445924508757905032802795770958681e+00, 2.53139451243385560812254301709132456952e-01, 8.8644444142850729e-03, -3.5662266068726394e-03
0.94400000, 1.34923550399795408026889440359177044295e+00, -1.82498488917738485639865866962723438753e-01, 1.86197739453945864387036793308108722081e+01, -6.33554807619112407363399341394872437657e-02, 3.46460619071547255011253089164286203858e+00, 2.53111420169044693040060692235781167980e-01, 8.8547895794380662e-03, -3.5659995574420565e-03
0.94500000, 1.34904066207091181378551480358414304173e+00, -1.82486377654006636442560187176327153231e-01, 1.86202078073047490765653245230216527219e+01, -6.33811742855038932949685080894348906354e-02, 3.46472781046735146943043716744704815534e+00, 2.53083415786700692036173038856369325550e-01, 8.8451490510901007e-03, -3.5657652378814624e-03
0.94600000, 1.34884595280256849295861973772332798290e+00, -1.82474254869707570715464102825510983940e-01, 1.86206413253348182645622241626594258846e+01, -6.34067883962906935741782219013918153111e-02, 3.46484931856130438957074490722622570623e+00, 2.53055438067702405224439488505038874385e-01, 8.8355228061927751e-03, -3.5655236745700154e-03
0.94700000, 1.34865137607453577763913276847750414305e+00, -1.82462120559568826781479490558260000421e-01, 1.86210744997487656396973637939577787097e+01, -6.34323231156456146750368038447389067054e-02, 3.46497071505778992346925766979448059593e+00, 2.53027486983314122987856634720108971125e-01, 8.8259108217283158e-03, -3.5652748937978971e-03
0.94800000, 1.34845693176859680230612553196473407634e+00, -1.82449974718288269246477292543090431952e-01, 1.86215073308101661500080964803090804576e+01, -6.34577784649249416587768104335297171775e-02, 3.46509200001714570668755627358421443441e+00, 2.52999562504715819516583888615640079999e-01, 8.8163130747095758e-03, -3.5650189217666159e-03
0.94900000, 1.34826261976670580490856933485537655125e+00, -1.82437817340534099406628022875698689795e-01, 1.86219398187821986833163935672977673503e+01, -6.34831544654673038315324005123268713789e-02, 3.46521317349958885784384563119314411678e+00, 2.52971664603003393367457382344529675907e-01, 8.8067295421800325e-03, -3.5647557845893104e-03
0.95000000, 1.34806843995098775645025858037091080855e+00, -1.82425648420944865580737272830440196589e-01, 1.86223719639276466944124733329435298123e+01, -6.35084511385937071425555218005905863068e-02, 3.46533423556521643722258718426754352258e+00, 2.52943793249188907732750075734660704896e-01, 8.7971602012137853e-03, -3.5644855082910503e-03
0.95100000, 1.34787439220373799131532411513163602897e+00, -1.82413467954129473368014714204346504804e-01, 1.86228037665088988306761115047695663562e+01, -6.35336685056075666960824070122284507762e-02, 3.46545518627400590356752700220560648390e+00, 2.52915948414200830415926579756433676758e-01, 8.7876050289155533e-03, -3.5642081188091370e-03
0.95200000, 1.34768047640742183833176259393142794045e+00, -1.82401275934667195831704928520466043063e-01, 1.86232352267879495561399244742939440176e+01, -6.35588065877947393770225416520835401294e-02, 3.46557602568581556906272918743046141008e+00, 2.52888130068884273512143147212353384769e-01, 8.7780640024206721e-03, -3.5639236419934035e-03
0.95300000, 1.34748669244467425257041593448888073217e+00, -1.82389072357107683609008225852604648807e-01, 1.86236663450263997739989029469749808943e+01, -6.35838654064235565906435278899933999825e-02, 3.46569675386038505250622384261274651109e+00, 2.52860338184001232791245311148663309600e-01, 8.7685370988950908e-03, -3.5636321036065121e-03
0.95400000, 1.34729304019829944787684287899851174574e+00, -1.82376857215970974947719460490229051038e-01, 1.86240971214854574475704607293147277941e+01, -6.36088449827448571164265285324699565159e-02, 3.46581737085733573068087850035683746797e+00, 2.52832572730230826781017774593733873361e-01, 8.7590242955353681e-03, -3.5633335293242527e-03
0.95500000, 1.34709951955127053013353259404038266490e+00, -1.82364630505747505670012701565626866448e-01, 1.86245275564259382197092503745294644027e+01, -6.36337453379920200762682320587169132129e-02, 3.46593787673617118792710159264744032952e+00, 2.52804833678169535548443370943416747776e-01, 8.7495255695686687e-03, -3.5630279447358384e-03
0.95600000, 1.34690613038672913124991812525797091471e+00, -1.82352392220898119063799475100702245686e-01, 1.86249576501082660306809844837251311471e+01, -6.36585664933809980172065339681162425867e-02, 3.46605827155627766392198624493451615342e+00, 2.52777120998331439176730222252306331607e-01, 8.7400408982527590e-03, -3.5627153753442009e-03
0.95700000, 1.34671287258798504387765537833824265731e+00, -1.82340142355854075702088159683402979229e-01, 1.86253874027924737344994885906623747881e+01, -6.36833084701103501088483813067914679101e-02, 3.46617855537692449966950241727015059097e+00, 2.52749434661148455935868622461294650116e-01, 8.7305702588760022e-03, -3.5623958465662852e-03
0.95800000, 1.34651974603851585684864112337982948691e+00, -1.82327880905017063190771991139162280231e-01, 1.86258168147382037137311987447550648846e+01, -6.37079712893612754556794762075182320406e-02, 3.46629872825726458170634518156235070733e+00, 2.52721774636970580144481663802559465389e-01, 8.7211136287573540e-03, -3.5620693837333425e-03
0.95900000, 1.34632675062196659133325131586955565188e+00, -1.82315607862759205845273012106399507009e-01, 1.86262458862047084927713041487134923986e+01, -6.37325549722976465244367805960412868509e-02, 3.46641879025633478452804671894474539184e+00, 2.52694140896066119720736206876913776776e-01, 8.7116709852463569e-03, -3.5617360120912227e-03
0.96000000, 1.34613388622214933771628879435823215171e+00, -1.82303323223423074296469190342624484110e-01, 1.86266746174508513495957225040158193333e+01, -6.37570595400660426867260078935243147225e-02, 3.46653874143305641123995944365026389093e+00, 2.52666533408621933420083467796164397426e-01, 8.7022423057231351e-03, -3.5613957568006653e-03
0.96100000, 1.34594115272304289318813715268693314372e+00, -1.82291026981321695026331824864657889865e-01, 1.86271030087351069259930830689666078996e+01, -6.37814850137957838770675285849716490560e-02, 3.46665858184623563243771750879912828339e+00, 2.52638952144743667757601258922879556408e-01, 8.6928275675983885e-03, -3.5610486429375899e-03
0.96200000, 1.34574855000879240004862529341758166234e+00, -1.82278719130738559833700261648605336664e-01, 1.86275310603155618362808798402783819350e+01, -6.38058314145989643665553549323998917554e-02, 3.46677831155456392332178382435056196799e+00, 2.52611397074455993612712772717093138089e-01, 8.6834267483133865e-03, -3.5606946954933850e-03
0.96300000, 1.34555607796370898472111484911866088467e+00, -1.82266399665927635230620850568256607556e-01, 1.86279587724499152745099447296911832891e+01, -6.38300987635704866523151058944979181915e-02, 3.46689793061661849905068961731271492529e+00, 2.52583868167702842514059740606595542801e-01, 8.6740398253399621e-03, -3.5603339393751970e-03
0.96400000, 1.34536373647226939747433030949968563342e+00, -1.82254068581113371769676992520336260951e-01, 1.86283861453954796201613781219270555297e+01, -6.38542870817880954629480864765057073938e-02, 3.46701743909086274833757348835125327773e+00, 2.52556365394347642602310830224509929218e-01, 8.6646667761805042e-03, -3.5599663994062162e-03
0.96500000, 1.34517152541911565284945931522755851950e+00, -1.82241725870490713302737050257380108314e-01, 1.86288131794091810423400617690634376116e+01, -6.38783963903124118801498462798905494718e-02, 3.46713683703564666529462686638426154803e+00, 2.52528888724173554268689264392107607741e-01, 8.6553075783679519e-03, -3.5595921003259641e-03
0.96600000, 1.34497944468905467079005817374433265222e+00, -1.82229371528225106171546828309886436275e-01, 1.86292398747475601024688665990047435270e+01, -6.39024267101869675766928099557432002383e-02, 3.46725612450920727953005273280555949999e+00, 2.52501438126883705467006853450941349505e-01, 8.6459622094657859e-03, -3.5592110667905780e-03
0.96700000, 1.34478749416705791847230521868884332042e+00, -1.82217005548452508330593266514783190030e-01, 1.86296662316667723554876556919391387386e+01, -6.39263780624382391709637975931114340022e-02, 3.46737530156966908450214447885183425096e+00, 2.52474013572101426696994928548453862385e-01, 8.6366306470680218e-03, -3.5588233233730953e-03
0.96800000, 1.34459567373826105283315217275319220641e+00, -1.82204627925279398402665938063213417584e-01, 1.86300922504225889495611704082929289389e+01, -6.39502504680756826982484757980045629924e-02, 3.46749436827504446413509177253832094124e+00, 2.52446615029370485656726046834789776921e-01, 8.6273128687992017e-03, -3.5584288945637366e-03
0.96900000, 1.34440398328796356379393118412761386871e+00, -1.82192238652782784667542896623280171268e-01, 1.86305179312703972242998754345443046951e+01, -6.39740439480917681989560003446258181649e-02, 3.46761332468323411770112034475591713468e+00, 2.52419242468155321561923809812633790290e-01, 8.6180088523143866e-03, -3.5580278047701883e-03
0.97000000, 1.34421242270162841817698268925168033115e+00, -1.82179837725010213984227377968875629197e-01, 1.86309432744652013074978263491387093158e+01, -6.39977585234620144239783288114217704313e-02, 3.46773217085202748297357265677797087754e+00, 2.52391895857841279129961692871073152901e-01, 8.6087185752991471e-03, -3.5576200783178834e-03
0.97100000, 1.34402099186488170431287670954337509070e+00, -1.82167425135979780647161829640271518418e-01, 1.86313682802616227103916111994681030357e+01, -6.40213942151450236573798965544969110437e-02, 3.46785090683910315765553648280152237978e+00, 2.52364575167734842226355426900860812824e-01, 8.5994420154695552e-03, -3.5572057394502821e-03
0.97200000, 1.34382969066351227733580761726698062887e+00, -1.82155000879680135176845717462049748771e-01, 1.86317929489139009214444055222451788146e+01, -6.40449510440825166566145617233609154364e-02, 3.46796953270202931908862853048508641049e+00, 2.52337280367063867171557201401756924410e-01, 8.5901791505721753e-03, -3.5567848123291509e-03
0.97300000, 1.34363851898347140516474980587208388953e+00, -1.82142564950070493045283540235540364108e-01, 1.86322172806758939986591682334314409823e+01, -6.40684290311993677104679347922060679171e-02, 3.46808804849826414224654032898831819311e+00, 2.52310011424977815705863772220207024044e-01, 8.5809299583840547e-03, -3.5563573210348410e-03
0.97400000, 1.34344747671087241516796907313484876668e+00, -1.82130117341080643336689473592600882545e-01, 1.86326412758010791604249938599762823248e+01, -6.40918281974036398149244152671193298612e-02, 3.46820645428515621601795373701889102626e+00, 2.52282768310547987610254455562502192309e-01, 8.5716944167127139e-03, -3.5559232895665655e-03
0.97500000, 1.34325656373199034150849187140400017935e+00, -1.82117658046610957343875060831764182037e-01, 1.86330649345425533749006246838050747425e+01, -6.41151485635866199671594628388006643222e-02, 3.46832475011994495778343356210500971371e+00, 2.52255550992767752980978972777494444750e-01, 8.5624725033961369e-03, -3.5554827418426762e-03
0.97600000, 1.34306577993326157316814189834211155971e+00, -1.82105187060532397100746372543003012240e-01, 1.86334882571530339479391145185710967556e+01, -6.41383901506228545778588322842862651944e-02, 3.46844293605976102629090493600016985745e+00, 2.52228359440552784155719177154387194432e-01, 8.5532641963027611e-03, -3.5550357017009384e-03
0.97700000, 1.34287512520128350264776079390162514587e+00, -1.82092704376686523851337067950163472923e-01, 1.86339112438848591095576240414731126837e+01, -6.41615529793701850020677008824788988012e-02, 3.46856101216162673283432325905762715761e+00, 2.52201193622741287289152844193342984332e-01, 8.5440694733314667e-03, -3.5545821928988061e-03
0.97800000, 1.34268459942281417534123697502784260588e+00, -1.82080209988885506455803809147116060661e-01, 1.86343338949899885989563158557528241730e+01, -6.41846370706697831887738139994012354561e-02, 3.46867897848245645074014470785873842439e+00, 2.52174053508094233575751940035721198960e-01, 8.5348883124115662e-03, -3.5541222391136950e-03
0.97900000, 1.34249420248477193958097387888062791730e+00, -1.82067703890912129733810504761522381511e-01, 1.86347562107200042480903057641404365895e+01, -6.42076424453461874494299688222624993748e-02, 3.46879683507905702316620549462064852224e+00, 2.52146939065295590117652098540600886614e-01, 8.5257206915027932e-03, -3.5536558639432550e-03
0.98000000, 1.34230393427423509735243609835493998838e+00, -1.82055186076519802745727892035531539782e-01, 1.86351781913261105637986150893293879023e+01, -6.42305691242073383456223479787318681159e-02, 3.46891458200812816921761827322909108494e+00, 2.52119850262952550435434435416669284189e-01, 8.5165665885952916e-03, -3.5531830909056425e-03
0.98100000, 1.34211379467844155567541908049918709194e+00, -1.82042656539432567012075005852467051842e-01, 1.86355998370591353084940572843510037031e+01, -6.42534171280446146960924039711289855012e-02, 3.46903221932626288838429430443130465899e+00, 2.52092787069595764619665307413299655194e-01, 8.5074259817096037e-03, -3.5527039434397903e-03
0.98200000, 1.34192378358478847864969521922085333237e+00, -1.82030115273345104671629129849458108374e-01, 1.86360211481695300794179805333055517475e+01, -6.42761864776328697033211819862753014042e-02, 3.46914974708994786330470022107779003759e+00, 2.52065749453679569121044185389396551168e-01, 8.4982988488966585e-03, -3.5522184449056777e-03
0.98300000, 1.34173390088083194016269630857143401151e+00, -1.82017562271922746578630878424873392287e-01, 1.86364421249073708864637765511079057149e+01, -6.42988771937304671998861527120198087367e-02, 3.46926716535556386086045847262098779103e+00, 2.52038737383582216177014451659041913072e-01, 8.4891851682377600e-03, -3.5517266185845996e-03
0.98400000, 1.34154414645428657725689943205744090978e+00, -1.82004997528801480339511119163246148895e-01, 1.86368627675223587285730543495447684891e+01, -6.43214892970793180148018083022967967846e-02, 3.46938447417938613160640077567066254160e+00, 2.52011750827606102872696653902852260329e-01, 8.4800849178445747e-03, -3.5512284876794336e-03
0.98500000, 1.34135452019302524415459044697057690134e+00, -1.81992421037587958289566512946099271271e-01, 1.86372830762638201687083663458380676677e+01, -6.43440228084049164600564535851468421377e-02, 3.46950167361758480754068415358215112058e+00, 2.51984789753977999834008549675043653410e-01, 8.4709980758591192e-03, -3.5507240753149079e-03
0.98600000, 1.34116502198507866693768628080708011350e+00, -1.81979832791859505410010523781700398600e-01, 1.86377030513807079074063628488885724405e+01, -6.43664777484163769375588010034085297576e-02, 3.46961876372622529821957941213255475865e+00, 2.51957854130849279550841156668388562454e-01, 8.4619246204537473e-03, -3.5502134045378665e-03
0.98700000, 1.34097565171863509888030428959212416544e+00, -1.81967232785164127185826832157358480769e-01, 1.86381226931216013549152396672587732782e+01, -6.43888541378064706667091516165582793247e-02, 3.46973574456126868522154216964489768628e+00, 2.51930943926296144328164983960567883187e-01, 8.4528645298311371e-03, -3.5496964983175349e-03
0.98800000, 1.34078640928203997643177393547793464061e+00, -1.81954621011020517404852174481520783768e-01, 1.86385420017347072019203323415693205319e+01, -6.44111519972516625328111157750479800209e-02, 3.46985261617857211496517683778027669798e+00, 2.51904059108319853862945657992077928674e-01, 8.4438177822242777e-03, -3.5491733795457837e-03
0.98900000, 1.34059729456379557584779302348132682080e+00, -1.81941997462918065898515726926794864067e-01, 1.86389609774678599888616993121544611401e+01, -6.44333713474121480565409958058916964498e-02, 3.46996937863388918988570423296769934173e+00, 2.51877199644846952444753273552263153438e-01, 8.4347843558964558e-03, -3.5486440710373927e-03
0.99000000, 1.34040830745256067046743769480455556028e+00, -1.81929362134316866224662254696301034490e-01, 1.86393796205685226738475251903754848902e+01, -6.44555122089318904846931192204282919014e-02, 3.47008603198287035797454378742082969076e+00, 2.51850365503729495777954994108874398202e-01, 8.4257642291412418e-03, -3.5481085955303123e-03
0.99100000, 1.34021944783715018863374230697905403534e+00, -1.81916715018647723292886357401699445724e-01, 1.86397979312837871991671642087546434854e+01, -6.44775746024386580024205745721992699447e-02, 3.47020257628106330068662162224596947045e+00, 2.51823556652745277423385696938746065036e-01, 8.4167573802824758e-03, -3.5475669756859256e-03
0.99200000, 1.34003071560653487225557223922067582800e+00, -1.81904056109312160932805257849118350354e-01, 1.86402159098603750564076328808936921547e+01, -6.44995585485440610671919631546114064696e-02, 3.47031901158391331922001604262759559451e+00, 2.51796773059598054857396806232008842423e-01, 8.4077637876742536e-03, -3.5470192340893089e-03
0.99300000, 1.33984211064984093600851954502279258781e+00, -1.81891385399682429405697705066366005523e-01, 1.86406335565446378501773499068103796971e+01, -6.45214640678435898646859382342009120390e-02, 3.47043533794676371917255231584350277386e+00, 2.51770014691917775146188881177326658667e-01, 8.3987834297009119e-03, -3.5464653932494909e-03
0.99400000, 1.33965363285634972717255823327488537590e+00, -1.81878702883101512859936692858610281323e-01, 1.86410508715825578604409104126930285868e+01, -6.45432911809166518868464594653971757909e-02, 3.47055155542485619357995889627345962212e+00, 2.51743281517260800233339025516976686665e-01, 8.3898162847770140e-03, -3.5459054755997120e-03
0.99500000, 1.33946528211549738610420279421345302813e+00, -1.81866008552883136730643832537571612282e-01, 1.86414678552197486034686707159688421292e+01, -6.45650399083266096323228435260350372975e-02, 3.47066766407333120434019756699121918665e+00, 2.51716573503110131838439759712614333385e-01, 8.3808623313473343e-03, -3.5453395034976818e-03
0.99600000, 1.33927705831687450734092039742300350287e+00, -1.81853302402311775083993362718651946404e-01, 1.86418845077014553914049089568376759058e+01, -6.45867102706208184295198428486386656322e-02, 3.47078366394722836202858027434320800009e+00, 2.51689890616875635964771646208177372480e-01, 8.3719215478868438e-03, -3.5447674992258360e-03
0.99700000, 1.33908896135022580133555397604096238262e+00, -1.81840584424642657906593930208810828753e-01, 1.86423008292725558904583161358725216316e+01, -6.46083022883306643824841325996693784103e-02, 3.47089955510148680410828573949726112938e+00, 2.51663232825894267013937681836977712329e-01, 8.3629939129006940e-03, -3.5441894849915930e-03
0.99800000, 1.33890099110544975681852017441440821104e+00, -1.81827854613101778340376434002935531265e-01, 1.86427168201775606777185613437645544507e+01, -6.46298159819716024398547317762842296771e-02, 3.47101533759094557154088923867590955489e+00, 2.51636600097430291505393268715531100279e-01, 8.3540794049242021e-03, -3.5436054829276083e-03
0.99900000, 1.33871314747259830378555287584102585017e+00, -1.81815112960885899863416389255510112556e-01, 1.86431324806606137966026642636288418876e+01, -6.46512513720431945871060274463002996473e-02, 3.47113101147034398380151925106101532776e+00, 2.51609992398675511398811445515577558473e-01, 8.3451780025228342e-03, -3.5430155150920294e-03
0.99930000, 1.33865681905564981612292790401654768782e+00, -1.81811288155268823315682185386848330130e-01, 1.86432571144097035428668102688949794146e+01, -6.46576667229313781599243393994906114232e-02, 3.47116569246337300671273189390552494084e+00, 2.51602014964928630916021890928757317880e-01, 8.3425101341888271e-03, -3.5428373647044252e-03
0.99960000, 1.33860050202093017128331637286546587301e+00, -1.81807462283191285776984490024154510645e-01, 1.86433817184493357498500424281781061524e+01, -6.46640750288947444940961103817299908711e-02, 3.47120036368788841051420878210188600386e+00, 2.51594039780007792806482693014332546803e-01, 8.3398434428525894e-03, -3.5426586799686977e-03
0.99990000, 1.33854419636547882498037288594646674625e+00, -1.81803635344468061450037320838019439041e-01, 1.86435062927860830500288286149429201493e+01, -6.46704762904859478588972447429121723108e-02, 3.47123502514536293431878972886189691691e+00, 2.51586066843023377083853369054266658736e-01, 8.3371779279369749e-03, -3.5424794614765129e-03
0.99993000, 1.33853856642567950269211418738421197423e+00, -1.81803252591923087990820860303332658766e-01, 1.86435187485863520682779177620608143126e+01, -6.46711160292258726039890784886881039974e-02, 3.47123849075397981488328365170502224342e+00, 2.51585269672927170996884631483809765189e-01, 8.3369114411263348e-03, -3.5424615102934506e-03
0.99996000, 1.33853293659964031065644836500060556995e+00, -1.81802869828709617642289788728770195727e-01, 1.86435312040896645046987284909307302960e+01, -6.46717556975281535443138528279922105016e-02, 3.47124195626494247819860461230422612014e+00, 2.51584472525300537068759959589543008548e-01, 8.3366449660735551e-03, -3.5424435537793256e-03
0.99999000, 1.33852730688735829036782255339177989617e+00, -1.81802487054827464788245685080909000247e-01, 1.86435436592960269270447858125677457390e+01, -6.46723952953933431231046886430583142307e-02, 3.47124542167825239568439394488669165371e+00, 2.51583675400142584718962768839945874249e-01, 8.3363785027780588e-03, -3.5424255919347286e-03
0.99999300, 1.33852674392238661888626783353845481656e+00, -1.81802448776852464818108490709451116619e-01, 1.86435449048003311713549717731147730337e+01, -6.46724592513058433247825178552038278743e-02, 3.47124576821421254305962128489565347889e+00, 2.51583595688862532681705714120670375314e-01, 8.3363518570951375e-03, -3.5424237954571157e-03
0.99999600, 1.33852618095855248657994678390647852361e+00, -1.81802410498770775980884239908408964820e-01, 1.86435461503016659877665290134745491996e+01, -6.46725232065139786895834935795083490195e-02, 3.47124611474919617916131261780614980192e+00, 2.51583515977807157663222453979869733172e-01, 8.3363252115297828e-03, -3.5424219989262046e-03
0.99999900, 1.33852561799585589049055759402487429709e+00, -1.81802372220582398090917696882474077570e-01, 1.86435473958000313828467233789101569740e+01, -6.46725871610177497699297604098409289892e-02, 3.47124646128320330546075578237897941372e+00, 2.51583436266976458772836505598302688363e-01, 8.3362985660819939e-03, -3.5424202023419958e-03
