0.00000000, 1.47967346001107706476398825874354389795e+00, -1.36784863803576411709824396018440174697e+00, 1.80000000000000000000000000000000000000e+01, 0.00000000000000000000000000000000000000e+00, 4.12849466969144110572934793948765693425e+00, 8.40733825436592940104386530519985461878e-01, 3.4746813833952271e-01, -5.7465990252674704e-01
0.00100000, 1.47950923247458460292997524292099345571e+00, -1.36786483286421032397136488781730997577e+00, 1.80002958731740793290866712440815011969e+01, -2.73207784241134875337178154085697109868e-04, 4.12860195639513753806135527364452839246e+00, 8.40631984531916971025817876293305159491e-01, 3.4680510480073999e-01, -5.7433185228715540e-01
0.00200000, 1.47934535979245961411569911879775812829e+00, -1.36788079597979820895948675426765779522e+00, 1.80005916236776750618384197489470636790e+01, -5.45691692385385065051950629065171692903e-04, 4.12870892701124370420075386695194419265e+00, 8.40530344547028048658824081244354399069e-01, 3.4614487302179412e-01, -5.7400369075691913e-01
0.00300000, 1.47918184170884017546291897184879733285e+00, -1.36789652756228119744071934518815450243e+00, 1.80008872520572445512829764626797522187e+01, -8.17451740332627689153988756996855464759e-04, 4.12881558186588274446747908229102821260e+00, 8.40428905389031392472956033881712687509e-01, 3.4548743518469610e-01, -5.7367542233621231e-01
0.00400000, 1.47901867796870109923271433327238747396e+00, -1.36791202778986528644027375008277556748e+00, 1.80011827588571332969165769005285324075e+01, -1.08848794391052480058701344079850986920e-03, 4.12892192128343486632823763547140133790e+00, 8.40327666965075255172502245854671322298e-01, 3.4483278349936063e-01, -5.7334705138655182e-01
0.00500000, 1.47885586831785182132325767280775346096e+00, -1.36792729683921186886841385995382885133e+00, 1.80014781446195782954252848154305004253e+01, -1.35880031887234917778944933754666749002e-03, 4.12902794558654111310705695903206606838e+00, 8.40226629182350913476306927190442026814e-01, 3.4418091020355324e-01, -5.7301858223103631e-01
0.00600000, 1.47869341250293429434797328430423188320e+00, -1.36794233488544053167242491765932431485e+00, 1.80017734098847113697202853501329464944e+01, -1.62838888089482421835825148119962814261e-03, 4.12913365509610710676382238941851758704e+00, 8.40125791948092650498995174513954107464e-01, 3.4353180756283725e-01, -5.7269001915458350e-01
0.00700000, 1.47853131027142088523705479774577155409e+00, -1.36795714210213182799397208650314453452e+00, 1.80020685551905624763434495873718801246e+01, -1.89725364557597786558734206933199244491e-03, 4.12923905013130676484290504278545689033e+00, 8.40025155169577729757609021932864437302e-01, 3.4288546787052033e-01, -5.7236136640416578e-01
0.00800000, 1.47836956137161227732524908984158749928e+00, -1.36797171866133002342234156287738566543e+00, 1.80023635810730629912990228904404714746e+01, -2.16539462843301050028704992464131336076e-03, 4.12934413100958599169319969308104448867e+00, 8.39924718754126360827155446171280474078e-01, 3.4224188344760090e-01, -5.7203262818904430e-01
0.00900000, 1.47820816555263537688874908342068905524e+00, -1.36798606473354581643318138638563227639e+00, 1.80026584880660489743668416994783882462e+01, -2.43281184490017673092228739376956948026e-03, 4.12944889804666634406011333393505440736e+00, 8.39824482609101656668067097089932789612e-01, 3.4160104664271421e-01, -5.7170380868100123e-01
0.01000000, 1.47804712256444122409397180958268537847e+00, -1.36800018048775903310148874551424101242e+00, 1.80029532767012644119520375046347314960e+01, -2.69950531032668101573497029584715366557e-03, 4.12955335155654867114927135343361150359e+00, 8.39724446641909582648078502391983245622e-01, 3.4096294983207817e-01, -5.7137491201457059e-01
0.01100000, 1.47788643215780290832093114174639158930e+00, -1.36801406609142129617672518873107724164e+00, 1.80032479475083644385257425416879946654e+01, -2.96547503997458705114042681448289757511e-03, 4.12965749185151672926093933871578172133e+00, 8.39624610759998897280524731807944505242e-01, 3.4032758541943895e-01, -5.7104594228726735e-01
0.01200000, 1.47772609408431348782384678330467047191e+00, -1.36802772171045866860708068044708718336e+00, 1.80035425010149185367108693346118766534e+01, -3.23072104901674086130829147783359943077e-03, 4.12976131924214077109339441643181208471e+00, 8.39524974870861084700575962373382510048e-01, 3.3969494583601633e-01, -5.7071690355981495e-01
0.01300000, 1.47756610809638391369156238645662982933e+00, -1.36804114750927427159905183956515754840e+00, 1.80038369377464137160665955289020466079e+01, -3.49524335253470752445568083865415614102e-03, 4.12986483403728110981272068677731440551e+00, 8.39425538882030278900430023815389768230e-01, 3.3906502354044880e-01, -5.7038779985637124e-01
0.01400000, 1.47740647394724095807027608487730698079e+00, -1.36805434365075087729764891676825774881e+00, 1.80041312582262576706247465052523449242e+01, -3.75904196551672147199433810904834073086e-03, 4.12996803654409165798574868473560899409e+00, 8.39326302701083179743995783063362759425e-01, 3.3843781101873847e-01, -5.7005863516475283e-01
0.01500000, 1.47724719139092514661101622314138851461e+00, -1.36806731029625347617170005708177851994e+00, 1.80044254629757819152308310214953581956e+01, -4.02211690285565029728395449840925125139e-03, 4.13007092706802344147210886434778361025e+00, 8.39227266235638960781113111266182826758e-01, 3.3781330078419567e-01, -5.6972941343665788e-01
0.01600000, 1.47708826018228869510422364719090696308e+00, -1.36808004760563181918788010880756686243e+00, 1.80047195525142449007420495877870642530e+01, -4.28446817934697201135106474310221168516e-03, 4.13017350591282808837062381266245371357e+00, 8.39128429393359168880870127451786664914e-01, 3.3719148537738338e-01, -5.6940013858788730e-01
0.01700000, 1.47692968007699345026372956858326802715e+00, -1.36809255573722293485625463129696964215e+00, 1.80050135273588351081341614220824464189e+01, -4.54609580968676568353681242179928927062e-03, 4.13027577338056129311452322221727566294e+00, 8.39029792081947615703095392372993394236e-01, 3.3657235736606151e-01, -5.6907081449856438e-01
0.01800000, 1.47677145083150883462234471673589115325e+00, -1.36810483484785362122929777523399048964e+00, 1.80053073880246741215686636463612760001e+01, -4.80699980846971540563752596734852927356e-03, 4.13037772977158625580922954753859548620e+00, 8.38931354209150261026621696654279567456e-01, 3.3595590934513081e-01, -5.6874144501335296e-01
0.01900000, 1.47661357220310979550120123386014636943e+00, -1.36811688509284291293551531355935962274e+00, 1.80056011350248196804713058552414393686e+01, -5.06718019018712751869947739194566348961e-03, 4.13047937538457709690573070562218654642e+00, 8.38833115682755087952439011835126104597e-01, 3.3534213393657669e-01, -5.6841203394167392e-01
0.02000000, 1.47645604394987475801491353271355726822e+00, -1.36812870662600452332798124269502840476e+00, 1.80058947688702687106725343040597684364e+01, -5.32663696922496104222345094904174072542e-03, 4.13058071051652224730182911642344959213e+00, 8.38735076410591969999377014277958575885e-01, 3.3473102378941285e-01, -5.6808258505792034e-01
0.02100000, 1.47629886583068358207454811365730873904e+00, -1.36814029959964926182727800652670557266e+00, 1.80061882900699603346600327097832181432e+01, -5.58537015986187124612586631289143453236e-03, 4.13068173546272781396283378112229039812e+00, 8.38637236300532530109482313384124753165e-01, 3.3412257157962460e-01, -5.6775310210167090e-01
0.02200000, 1.47614203760521552335031511074434801381e+00, -1.36815166416458742653751647425330311097e+00, 1.80064816991307788609931010218893145463e+01, -5.84337977626726630639121815664831585003e-03, 4.13078245051682092115254392775205006308e+00, 8.38539595260489991579782080577612580317e-01, 3.3351677001011212e-01, -5.6742358877790201e-01
0.02300000, 1.47598555903394719815581609263473740132e+00, -1.36816280047013117221330228267984912225e+00, 1.80067749965575567529281894883535901057e+01, -6.10066583249937698593554878938467272474e-03, 4.13088285597075302736465898043995902913e+00, 8.38442153198419020936654147733453019620e-01, 3.3291361181063343e-01, -5.6709404875719827e-01
0.02400000, 1.47582942987815055221560336898492727676e+00, -1.36817370866409685365470998915359241599e+00, 1.80070681828530775763044829009090050332e+01, -6.35722834250333928278260005699345092898e-03, 4.13098295211480321804404019507338895341e+00, 8.38344910022315562768553787024571229858e-01, 3.3231308973774725e-01, -5.6676448567596152e-01
0.02500000, 1.47567364989989083327772573252242179123e+00, -1.36818438889280734460652562883270883711e+00, 1.80073612585180789267380090406797965981e+01, -6.61306732010928998823323205941140990295e-03, 4.13108273923758147418654421608207637853e+00, 8.38247865640216666532379262630442355192e-01, 3.3171519657475562e-01, -5.6643490313661839e-01
0.02600000, 1.47551821886202456753285418722175211328e+00, -1.36819484130109433223722168541256054051e+00, 1.80076542240512553361723260470970094084e+01, -6.86818277903047509828468618035733621374e-03, 4.13118221762603191690544801193499706605e+00, 8.38151019960200305348291822697254857467e-01, 3.3111992513164640e-01, -5.6610530470782639e-01
0.02700000, 1.47536313652819753980149875975335497827e+00, -1.36820506603230058727233612425983456183e+00, 1.80079470799492611588334256867075266267e+01, -7.12257473286137102212934501815357707821e-03, 4.13128138756543602805178810693584062081e+00, 8.38054372890385186797341041873364609653e-01, 3.3052726824503557e-01, -5.6577569392467850e-01
0.02800000, 1.47520840266284277745074395058031060572e+00, -1.36821506322828220985613895792510026162e+00, 1.80082398267067134366360732911999610469e+01, -7.37624319507581853213283836188166860021e-03, 4.13138024933941584697524471032545210078e+00, 8.37957924338930555735783295379864416351e-01, 3.2993721877810937e-01, -5.6544607428890634e-01
0.02900000, 1.47505401703117853800184573860826676230e+00, -1.36822483302941085121468577338183612412e+00, 1.80085324648161947440883904528709728899e+01, -7.62918817902516940025869845648283313249e-03, 4.13147880322993714351151321724137152164e+00, 8.37861674214035989139519609827850916485e-01, 3.2934976962056629e-01, -5.6511644926908192e-01
0.03000000, 1.47489997939920630038994729501160476235e+00, -1.36823437557457591119257770559117246171e+00, 1.80088249947682560127410733981002916386e+01, -7.88140969793644566647131529281318519024e-03, 4.13157704951731256728142158673536854884e+00, 8.37765622423941182991619158971036136553e-01, 3.2876491368855889e-01, -5.6478682230081786e-01
0.03100000, 1.47474628953370875983708367360341759640e+00, -1.36824369100118671173497145098330825855e+00, 1.80091174170514193352272282925215624489e+01, -8.13290776491051148521071916573920318560e-03, 4.13167498848020477338637225711241410832e+00, 8.37669768876925731225436219586494768212e-01, 3.2818264392463545e-01, -5.6445719678696630e-01
0.03200000, 1.47459294720224782629955771270478680061e+00, -1.36825277944517464638561103539261835713e+00, 1.80094097321521807489383945528722044615e+01, -8.38368239292025749659175866228186079883e-03, 4.13177262039562952458401150594044925233e+00, 8.37574113481308896735371439197879972389e-01, 3.2760295329768158e-01, -5.6412757609781628e-01
0.03300000, 1.47443995217316262645068019269207115830e+00, -1.36826164104099530587088514244130144242e+00, 1.80097019405550129993819185374549780519e+01, -8.63373359480879766953658274852143207497e-03, 4.13186994553895877002735746910775254407e+00, 8.37478656145449374466872759069648620065e-01, 3.2702583480286149e-01, -5.6379796357128981e-01
0.03400000, 1.47428730421556750915977693002476536181e+00, -1.36827027592163057983914982923369963898e+00, 1.80099940427423682832644327472959307302e+01, -8.88306138328767856460301067636043395834e-03, 4.13196696418392370064995036849613472814e+00, 8.37383396777745046596817248664357788420e-01, 3.2645128146155932e-01, -5.6346836251313646e-01
0.03500000, 1.47413500309935005442827393831777332571e+00, -1.36827868421859073482379636573473822836e+00, 1.80102860391946809713457898810593238302e+01, -9.13166577093510096482241777235632111408e-03, 4.13206367660261778127892482971817998616e+00, 8.37288335286632729814962407602409737327e-01, 3.2587928632132023e-01, -5.6313877619712659e-01
0.03600000, 1.47398304859516908574357903562712498311e+00, -1.36828686606191646849778769192952384933e+00, 1.80105779303903703111073967362736883024e+01, -9.37954677019415382340921333202420939899e-03, 4.13216008306549975955724446875982320684e+00, 8.37193471580587914716704144303534656972e-01, 3.2530984245579135e-01, -5.6280920786524319e-01
0.03700000, 1.47383144047445268581138431024145918837e+00, -1.36829482158018094028663455269564252149e+00, 1.80108697168058431092784900251998135142e+01, -9.62670439337106047774987314704599176175e-03, 4.13225618384139665175568315839801867348e+00, 8.37098805568124497316928613301444400700e-01, 3.2474294296466267e-01, -5.6247966072787237e-01
0.03800000, 1.47368017850939621562691866055309386236e+00, -1.36830255090049177840603370449096444856e+00, 1.80111613989154963942634946635682641237e+01, -9.87313865263343707962284775700936724596e-03, 4.13235197919750670555448552134512429763e+00, 8.37004337157794502694296352254473903103e-01, 3.2417858097360773e-01, -5.6215013796399242e-01
0.03900000, 1.47352926247296033684558318362631650866e+00, -1.36831005414849306338964565101769089480e+00, 1.80114529771917200585132049823391965917e+01, -1.01188495600085631921415322565523621177e-02, 4.13244746939940233987399120691851681179e+00, 8.36910066258187800774849671636596130966e-01, 3.2361674963422427e-01, -5.6182064272136157e-01
0.04000000, 1.47337869213886903741330448745291029932e+00, -1.36831733144836728817174811783880134700e+00, 1.80117444521048994808821305945699794456e+01, -1.03638371273816645044508881186855854126e-02, 4.13254265471103306183286336164905317502e+00, 8.36815992777931814263387981856427546416e-01, 3.2305744212397468e-01, -5.6149117811670434e-01
0.04100000, 1.47322846728160766041684202911242479122e+00, -1.36832438292283729478876387968466040499e+00, 1.80120358241234181290139513094662035535e+01, -1.06081013664942076157442855348835899866e-02, 4.13263753539472836091192137191803819506e+00, 8.36722116625691218730610661145358023055e-01, 3.2250065164612641e-01, -5.6116174723589664e-01
0.04200000, 1.47307858767642093611418532062227298234e+00, -1.36833120869316818776292757039881759176e+00, 1.80123270937136601417966295118592229047e+01, -1.08516422889422068407007195482635864468e-02, 4.13273211171120058040094140902964960211e+00, 8.36628437710167634863583140162155621345e-01, 3.2194637142969224e-01, -5.6083235313414942e-01
0.04300000, 1.47292905309931101710507528161192283287e+00, -1.36833780887916922423062569594828103260e+00, 1.80126182613400128919283338058885549331e+01, -1.10944599061745429889737779034836997763e-02, 4.13282638391954776620515551495022170250e+00, 8.36534955940099312886639073213182953445e-01, 3.2139459472937042e-01, -5.6050299883619107e-01
0.04400000, 1.47277986332703551660158113848249954493e+00, -1.36834418359919568087721719778891116957e+00, 1.80129093274648695286349344448302092767e+01, -1.13365542294912940718926360042316573082e-02, 4.13292035227725649308755090142699581673e+00, 8.36441671224260809159389748764736025116e-01, 3.2084531482548477e-01, -5.6017368733644846e-01
0.04500000, 1.47263101813710554975856005876713281394e+00, -1.36835033297015069773941853956112097534e+00, 1.80132002925486315005794391231316966744e+01, -1.15779252700420778900619574202767335561e-02, 4.13301401704020466842244576776830076344e+00, 8.36348583471462654958071231150858609396e-01, 3.2029852502392461e-01, -5.5984442159922673e-01
0.04600000, 1.47248251730778377802372115228848767285e+00, -1.36835625710748709893561737732786574965e+00, 1.80134911570497110590033470801896859542e+01, -1.18185730388244064560719196034830913309e-02, 4.13310737846266431353519624493594870710e+00, 8.36255692590551017446020088820775534199e-01, 3.1975421865608469e-01, -5.5951520455888767e-01
0.04700000, 1.47233436061808245646690855266738409699e+00, -1.36836195612520919038376238538920974434e+00, 1.80137819214245337411395101467045451403e+01, -1.20584975466820522070516962598128166099e-02, 4.13320043679730432270227101775833381225e+00, 8.36162998490407352838629920026667405597e-01, 3.1921238907880490e-01, -5.5918603912002690e-01
0.04800000, 1.47218654784776148404810999896682511005e+00, -1.36836743013587453456576370944617275349e+00, 1.80140725861275408339357013421035024602e+01, -1.22976988043034259623196424103635713997e-02, 4.13329319229519319988531573528500599321e+00, 8.36070501079948051767703202560861234167e-01, 3.1867302967431002e-01, -5.5885692815764974e-01
0.04900000, 1.47203907877732645678358765290116406483e+00, -1.36837267925059570239662877016626386417e+00, 1.80143631516111918181277048941454741942e+01, -1.25361768222199665819011776142290065729e-02, 4.13338564520580177327221846411057696192e+00, 8.35978200268124076849676238178568246072e-01, 3.1813613385014932e-01, -5.5852787451734574e-01
0.05000000, 1.47189195318802672376941679718621265766e+00, -1.36837770357904200225585170694110581360e+00, 1.80146536183259667927003560880784515933e+01, -1.27739316108045422822009790047767035319e-02, 4.13347779577700588769758014371068732399e+00, 8.35886095963920592461759102982768155661e-01, 3.1760169503913606e-01, -5.5819888101546204e-01
0.05100000, 1.47174517086185344602160555028025406261e+00, -1.36838250322944118623787159802896450185e+00, 1.80149439867203688797745751513553321892e+01, -1.30109631802698635656296104269603651458e-02, 4.13356964425508907501439023953946125215e+00, 8.35794188076356586729597520721046129934e-01, 3.1706970669928697e-01, -5.5786995043927537e-01
0.05200000, 1.47159873158153765809185478693553392120e+00, -1.36838707830858113367771468383439199382e+00, 1.80152342572409266099580564297344791538e+01, -1.32472715406669077214961586102862117804e-02, 4.13366119088474520248810753218980486394e+00, 8.35702476514484485729629415190951658683e-01, 3.1654016231376162e-01, -5.5754108554716284e-01
0.05300000, 1.47145263513054833241790205755028393671e+00, -1.36839142892181151200723911956994250245e+00, 1.80155244303321962881968924004727548785e+01, -1.34828567018833548559878533621978890340e-02, 4.13375243590908109928374920293617939164e+00, 8.35610961187389759908875539429961952031e-01, 3.1601305539080172e-01, -5.5721228906877148e-01
0.05400000, 1.47130688129309044636727643712434368737e+00, -1.36839555517304541499670725702860756433e+00, 1.80158145064367643401650315872041247221e+01, -1.37177186736420354095650474532444116120e-02, 4.13384337956961916111599805135129291705e+00, 8.35519642004190522724470991852875854527e-01, 3.1548837946367037e-01, -5.5688356370518651e-01
0.05500000, 1.47116146985410305193317289145301993347e+00, -1.36839945716476097843572006800645184620e+00, 1.80161044859952496392280901779959188477e+01, -1.39518574654993891206053542656640221456e-02, 4.13393402210629993313174778356517564173e+00, 8.35428518874037121504812581880129468334e-01, 3.1496612809059121e-01, -5.5655491212909842e-01
0.05600000, 1.47101640059925734804103490875252254155e+00, -1.36840313499800297330686103966522814158e+00, 1.80163943694463058140176590920639337307e+01, -1.41852730868439353946342183147875999186e-02, 4.13402436375748467109391981453191085370e+00, 8.35337591706111720533765868870962116016e-01, 3.1444629485468752e-01, -5.5622633698496878e-01
0.05700000, 1.47087167331495475542431279383538439564e+00, -1.36840658877238437650471266070042276079e+00, 1.80166841572266235366518713808496921266e+01, -1.44179655468947550389807562011013573302e-02, 4.13411440475995788093480190906182788367e+00, 8.35246860409627876358945237437544629584e-01, 3.1392887336392131e-01, -5.5589784088919485e-01
0.05800000, 1.47072728778832499402774214381377815980e+00, -1.36840981858608791915222744273827827292e+00, 1.80169738497709327916376191748275682527e+01, -1.46499348546999833231973840350908496552e-02, 4.13420414534892983674657921930101403389e+00, 8.35156324893830105324650558675191146195e-01, 3.1341385725103229e-01, -5.5556942643027295e-01
0.05900000, 1.47058324380722416289636260359762694824e+00, -1.36841282453586761256575725035160833783e+00, 1.80172634475120051254894348877913843304e+01, -1.48811810191353143260795723769875915581e-02, 4.13429358575803907727615183598972149359e+00, 8.35065985067993443329614789804797524104e-01, 3.1290124017347678e-01, -5.5524109616896069e-01
0.06000000, 1.47043954116023282250837102059302677367e+00, -1.36841560671705025191936951215071019105e+00, 1.80175529508806558770996780548106030254e+01, -1.51117040489025165306180715864718061725e-02, 4.13438272621935488099075983265768827866e+00, 8.34975840841422997809288253588996207137e-01, 3.1239101581336664e-01, -5.5491285263843791e-01
0.06100000, 1.47029617963665407950977556533817197098e+00, -1.36841816522353689765840662152838132926e+00, 1.80178423603057463888942969979521307904e+01, -1.53415039525279596287101593804499178614e-02, 4.13447156696337971978036692162408857423e+00, 8.34885892123453491941957283149661227466e-01, 3.1188317787740807e-01, -5.5458469834446651e-01
0.06200000, 1.47015315902651167380868824260351335092e+00, -1.36842050014780433471157547603454823558e+00, 1.80181316762141861988080634747072123420e+01, -1.55705807383611524979489084100296414045e-02, 4.13456010821905169136218723422337832190e+00, 8.34796138823448801077567387069022564876e-01, 3.1137772009684043e-01, -5.5425663576554905e-01
0.06300000, 1.47001047912054806798696246991462813495e+00, -1.36842261158090650955018761650320946099e+00, 1.80184208990309352131128085573813980863e+01, -1.57989344145732923133001847157782527653e-02, 4.13464835021374693045217636128900448794e+00, 8.34706580850801481387694053575721052084e-01, 3.1087463622737499e-01, -5.5392866735308618e-01
0.06400000, 1.46986813971022253898675003163225185028e+00, -1.36842449961247594514250677868621087584e+00, 1.80187100291790058601318192071016396836e+01, -1.60265649891558247569660977960942440409e-02, 4.13473629317328199876774762005944993533e+00, 8.34617218114932290734677740961982462861e-01, 3.1037392004913359e-01, -5.5360079553153290e-01
0.06500000, 1.46972614058770927202941771066192137559e+00, -1.36842616433072513385049982925353477139e+00, 1.80189990670794652248731873332356436496e+01, -1.62534724699190152902209593902522677676e-02, 4.13482393732191625392541752704007100573e+00, 8.34528050525289701757513463992505161823e-01, 3.0987556536658739e-01, -5.5327302269855368e-01
0.06600000, 1.46958448154589545672412824049743191109e+00, -1.36842760582244790831562899283962026618e+00, 1.80192880131514371646145365576368384885e+01, -1.64796568644905314514915004715398347703e-02, 4.13491128288235419729653062992307359815e+00, 8.34439077991349407171659652873011030825e-01, 3.0937956600849544e-01, -5.5294535122517637e-01
0.06700000, 1.46944316237837938532325289147158786316e+00, -1.36842882417302079037966795584148849058e+00, 1.80195768678121044054711864230203883564e+01, -1.67051181803140361454371737785220723016e-02, 4.13499833007574780088366316264766504659e+00, 8.34350300422613817279505602346783590692e-01, 3.0888591582784328e-01, -5.5261778345594502e-01
0.06800000, 1.46930218287946855308164399054845743212e+00, -1.36842981946640431808587182464715575840e+00, 1.80198656314767106199794493858027052673e+01, -1.69298564246477918882688617734967591486e-02, 4.13508507912169881327975741353005438065e+00, 8.34261717728611549687811813754841494237e-01, 3.0839460870178158e-01, -5.5229032170907154e-01
0.06900000, 1.46916154284417776067665495740572495695e+00, -1.36843059178514435080518098987819188064e+00, 1.80201543045585624857263926058241933756e+01, -1.71538716045632759750252463768205845702e-02, 4.13517153023826104477149421481072662511e+00, 8.34173329818896911228012832574610998553e-01, 3.0790563853156460e-01, -5.5196296827658615e-01
0.07000000, 1.46902124206822721864565300449235693317e+00, -1.36843114121037335253149167329862970473e+00, 1.80204428874690317250570342785119038665e+01, -1.73771637269438065350055062372236666299e-02, 4.13525768364194263164786955090031366632e+00, 8.34085136603049372074847768256190445539e-01, 3.0741899924248876e-01, -5.5163572542448686e-01
0.07100000, 1.46888128034804065379762547867872477414e+00, -1.36843146782181165338938127974612136119e+00, 1.80207313806175571258895830392787227677e+01, -1.75997327984831794420349186002374469624e-02, 4.13534353954770827977440292024414908383e+00, 8.33997137990673032058359522383032838201e-01, 3.0693468478383112e-01, -5.5130859539288765e-01
0.07200000, 1.46874165748074341755533490041921015185e+00, -1.36843157169776868939703461249267223715e+00, 1.80210197844116465436689687954157864820e+01, -1.78215788256843160467163848562029766922e-02, 4.13542909816898148749286975049952309040e+00, 8.33909333891396079163879815636163958329e-01, 3.0645268912878786e-01, -5.5098158039616565e-01
0.07300000, 1.46860237326416059618433006629748262715e+00, -1.36843145291514422052647750679192753455e+00, 1.80213080992568788844885541975958116981e+01, -1.80427018148579216982959003032354961768e-02, 4.13551435971764674790591783729951458224e+00, 8.33821724214870240214193364138733677105e-01, 3.0597300627441270e-01, -5.5065468262310717e-01
0.07400000, 1.46846342749681512286497110559717170466e+00, -1.36843111154942952710258746320440407188e+00, 1.80215963255569060694095578416112611644e+01, -1.82631017721211550242435781591531279918e-02, 4.13559932440405173060539843217323875232e+00, 8.33734308870770223727650981958596824904e-01, 3.0549563024155539e-01, -5.5032790423705265e-01
0.07500000, 1.46832481997792589156347510420748656321e+00, -1.36843054767470858458171639003199845745e+00, 1.80218844637134549800073631814304793092e+01, -1.84827787033963079361240439052504986207e-02, 4.13568399243700944290271622435293446437e+00, 8.33647087768793154945577949362801225907e-01, 3.0502055507480011e-01, -5.5000124737604045e-01
0.07600000, 1.46818655050740587265783581270131379436e+00, -1.36842976136365921675012856349159757797e+00, 1.80221725141263293851735310274381519437e+01, -1.87017326144094963308008670472193033834e-02, 4.13576836402380037061897902360938662985e+00, 8.33560060818658003021900656412869560223e-01, 3.0454777484240385e-01, -5.4967471415294964e-01
0.07700000, 1.46804861888586023027431602267227884676e+00, -1.36842875268755422738182735599813133104e+00, 1.80224604771934118492019783892678882266e+01, -1.89199635106893614564892216379986804101e-02, 4.13585243937017459849220743654094261263e+00, 8.33473227930105000367491279275883433290e-01, 3.0407728363623486e-01, -5.4934830665564164e-01
0.07800000, 1.46791102491458444129005440913806896621e+00, -1.36842752171626251039471713822199892575e+00, 1.80227483533106656211874322914316891034e+01, -1.91374713975657819136391926299982566557e-02, 4.13593621868035391025834721675542822467e+00, 8.33386589012895054141307042861906091139e-01, 3.0360907557171103e-01, -5.4902202694710081e-01
0.07900000, 1.46777376839556241595716997964996282584e+00, -1.36842606851825013854342200077332077985e+00, 1.80230361428721365057639140325638384145e+01, -1.93542562801685962610991004210958698043e-02, 4.13601970215703386846231224022063390639e+00, 8.33300143976809149879977438784797125558e-01, 3.0314314478773825e-01, -5.4869587706557396e-01
0.08000000, 1.46763684913146462010358672522012017850e+00, -1.36842439316058143068646053800979168937e+00, 1.80233238462699547152106571661485093377e+01, -1.95703181634263361984739288485722279884e-02, 4.13610289000138587405477419104329677392e+00, 8.33213892731647747257069572923139945396e-01, 3.0267948544664882e-01, -5.4836985902470879e-01
0.08100000, 1.46750026692564619886563861670106508671e+00, -1.36842249570891999766485586135319069684e+00, 1.80236114638943367029525112427771087192e+01, -1.97856570520649702960584402959608478515e-02, 4.13618578241305920582990602062687381129e+00, 8.33127835187230167962838582810862003550e-01, 3.0221809173413983e-01, -5.4804397481369129e-01
0.08200000, 1.46736402158214510190735071512147713357e+00, -1.36842037622752976682864223464055900717e+00, 1.80238989961335869784815330620318066296e+01, -2.00002729506066582441878733500312478759e-02, 4.13626837959018303975878004534490691599e+00, 8.33041971253393975694846762528409720135e-01, 3.0175895785921150e-01, -5.4771822639738207e-01
0.08300000, 1.46722811290568021008112584787565536459e+00, -1.36841803477927598524711422165829323734e+00, 1.80241864433740999037261178268272008022e+01, -2.02141658633685155943112713336174601860e-02, 4.13635068172936844827261815557041089093e+00, 8.32956300839994348249411632542784929013e-01, 3.0130207805410563e-01, -5.4739261571645166e-01
0.08400000, 1.46709254070164946348439802663686354104e+00, -1.36841547142562620163805097855775108773e+00, 1.80244738060003614708936741653366246462e+01, -2.04273357944613889645535117163867091009e-02, 4.13643268902571037954959100337362555636e+00, 8.32870823856903441703419664935935574892e-01, 3.0084744657424392e-01, -5.4706714468751473e-01
0.08500000, 1.46695730477612799086664352935048785350e+00, -1.36841268622665122705053728399286954286e+00, 1.80247610843949510618124994764197408157e+01, -2.06397827477886416829920244606827403677e-02, 4.13651440167278961685836519892120804166e+00, 8.32785540214009746675618691570673682860e-01, 3.0039505769816641e-01, -5.4674181520326335e-01
0.08600000, 1.46682240493586624034096831947008333718e+00, -1.36840967924102607433539405043220147745e+00, 1.80250482789385431887981654547527745350e+01, -2.08515067270449498423330293054979772252e-02, 4.13659581986267471801110245828868814311e+00, 8.32700449821217436656078154900742898438e-01, 2.9994490572746985e-01, -5.4641662913259913e-01
0.08700000, 1.46668784098828811135431621240974328971e+00, -1.36840645052603087643662437427157850308e+00, 1.80253353900099092170693779527034792202e+01, -2.10625077357151087401299152644187045161e-02, 4.13667694378592393497812228997187614073e+00, 8.32615552588445708392082279288026019287e-01, 2.9949698498674611e-01, -5.4609158832076442e-01
0.08800000, 1.46655361274148908787016590355281282513e+00, -1.36840300013755178353667663341310612593e+00, 1.80256224179859190687379305285135435112e+01, -2.12727857770728496791431575751083253985e-02, 4.13675777363158711371595016601623250483e+00, 8.32530848425628114318296915815556991812e-01, 2.9905128982352059e-01, -5.4576669458947242e-01
0.08900000, 1.46641972000423437271740662550199352376e+00, -1.36839932813008183908772370239559014908e+00, 1.80259093632415429083970271057378699006e+01, -2.14823408541796671028969452789706093819e-02, 4.13683830958720757425998617876687490705e+00, 8.32446337242711887018626216666975629454e-01, 2.9860781460819067e-01, -5.4544194973703637e-01
0.09000000, 1.46628616258595702305890178586871469625e+00, -1.36839543455672183476055700068389781655e+00, 1.80261962261498528103319061183915574505e+01, -2.16911729698836560419425037511438471516e-02, 4.13691855183882397113254491839272026952e+00, 8.32362018949657255706750397182314113487e-01, 2.9816655373396415e-01, -5.4511735553849763e-01
0.09100000, 1.46615294029675608693306743193474425545e+00, -1.36839131946918114434209579328075845221e+00, 1.80264830070820244073763563311824151910e+01, -2.18992821268183598467919679969229572314e-02, 4.13699850057097213411653570239835299942e+00, 8.32277893456436754711910615708876670652e-01, 2.9772750161679770e-01, -5.4479291374575284e-01
0.09200000, 1.46602005294739474082160777599388567389e+00, -1.36838698291777853661191589855073709088e+00, 1.80267697064073385214383731959326536175e+01, -2.21066683274016281839396214702939594796e-02, 4.13707815596668688944457332937340759754e+00, 8.32193960673034523956081414365569816896e-01, 2.9729065269533531e-01, -5.4446862608768007e-01
0.09300000, 1.46588750034929842819636327597473274216e+00, -1.36838242495144296722760770038385393036e+00, 1.80270563244931827757178641252536063160e+01, -2.23133315738344852718393885801596139277e-02, 4.13715751820750386145283319853254524963e+00, 8.32110220509445601408245188856616748143e-01, 2.9685600143084684e-01, -5.4414449427026393e-01
0.09400000, 1.46575528231455299899803788079419200043e+00, -1.36837764561771434964818108512014282055e+00, 1.80273428617050531886389714242298064023e+01, -2.25192718681000083341586838964190668085e-02, 4.13723658747346125474849091768410629651e+00, 8.32026672875675207501056763536959650931e-01, 2.9642354230716651e-01, -5.4382051997671980e-01
0.09500000, 1.46562339865590284999938099938998589341e+00, -1.36837264496274430512414460275286485356e+00, 1.80276293184065557495192428118537070986e+01, -2.27244892119622162480791042596856619978e-02, 4.13731536394310161693911539886997049063e+00, 8.31943317681738021494759310078597630508e-01, 2.9599326983063141e-01, -5.4349670486761697e-01
0.09600000, 1.46549184918674906600520651697745494390e+00, -1.36836742303129689178229776177428280344e+00, 1.80279156949594079759975414778523759042e+01, -2.29289836069649683658640283876394727196e-02, 4.13739384779347358197191589700343369772e+00, 8.31860154837657449772785535344785442065e-01, 2.9556517853002011e-01, -5.4317305058100089e-01
0.09700000, 1.46536063372114756184143574207308877508e+00, -1.36836197986674931283268888277038648298e+00, 1.80282019917234404532422504490475780482e+01, -2.31327550544308734883619889568091914916e-02, 4.13747203920013359413027746657858336183e+00, 8.31777184253464886053050247473388581050e-01, 2.9513926295649119e-01, -5.4284955873251446e-01
0.09800000, 1.46522975207380722508515350337617521764e+00, -1.36835631551109260392460633285437808600e+00, 1.80284882090565983549609896742381899702e+01, -2.33358035554602089695627312686254184433e-02, 4.13754993833714761273455587933806319018e+00, 8.31694405839198963498512059720936678193e-01, 2.9471551768352190e-01, -5.4252623091551825e-01
0.09900000, 1.46509920406008805948746670670090083893e+00, -1.36835043000493229967788821679460974958e+00, 1.80287743473149429462327286695987052066e+01, -2.35381291109298499317701971814388598096e-02, 4.13762754537709279759364214629196866997e+00, 8.31611819504904798710153080334875495122e-01, 2.9429393730684677e-01, -5.4220306870120992e-01
0.10000000, 1.46496898949599932904075248865044238645e+00, -1.36834432338748907941525468697823732245e+00, 1.80290604068526530681828427896220865262e+01, -2.37397317214922085714032996575145560275e-02, 4.13770486049105917525334840552561964420e+00, 8.31529425160633227585095934601110235274e-01, 2.9387451644439628e-01, -5.4188007363874259e-01
0.10100000, 1.46483910819819770264167864531230719770e+00, -1.36833799569659939212078792908886782290e+00, 1.80293463880220266045213271936343268134e+01, -2.39406113875741835358813086427769290108e-02, 4.13778188384865128608721105788548496978e+00, 8.31447222716440033022147343240605107936e-01, 2.9345724973623555e-01, -5.4155724725534228e-01
0.10200000, 1.46470955998398539930117225046245426830e+00, -1.36833144696871606064910755969007730789e+00, 1.80296322911734819299640493568693948351e+01, -2.41407681093761193524959796317930873640e-02, 4.13785861561798981227485364117830414638e+00, 8.31365212082385164456626710468966756995e-01, 2.9304213184450310e-01, -5.4123459105642446e-01
0.10300000, 1.46458034467130833385230328796619734083e+00, -1.36832467723890886520921361211428604115e+00, 1.80299181166555593405565885200770634453e+01, -2.43402018868707758906172486953693163625e-02, 4.13793505596571318671260101546623825666e+00, 8.31283393168531949205906726233412677039e-01, 2.9262915745334956e-01, -5.4091210652570961e-01
0.10400000, 1.46445146207875426310683868646558859457e+00, -1.36831768654086510614639546466672395924e+00, 1.80302038648149224659198787747655473483e+01, -2.45389127198023078390234184493418234711e-02, 4.13801120505697918290058797311826487689e+00, 8.31201765884946295606660831326988319227e-01, 2.9221832126887652e-01, -5.4058979512533786e-01
0.10500000, 1.46432291202555093241100834009010672220e+00, -1.36831047490689014604503295686587323049e+00, 1.80304895359963596634365415346419041099e+01, -2.47369006076852541805902948709196946304e-02, 4.13808706305546648585015937343215571076e+00, 8.31120330141695887924379502150335420471e-01, 2.9180961801907530e-01, -5.4026765829598277e-01
0.10600000, 1.46419469433156422255080850569715989817e+00, -1.36830304236790793117454552214272982375e+00, 1.80307751305427853943964629398547521473e+01, -2.49341655498035376470167314398318354819e-02, 4.13816263012337624405491531903875481242e+00, 8.31039085848849373015283654719479145828e-01, 2.9140304245376589e-01, -5.3994569745696412e-01
0.10700000, 1.46406680881729629695694936374897865781e+00, -1.36829538895346149230017641618750144318e+00, 1.80310606487952415821198422715781046554e+01, -2.51307075452094741367065211805623356737e-02, 4.13823790642143360256831372632661360416e+00, 8.30958032916475538720329015946961985565e-01, 2.9099858934453576e-01, -5.3962391400635981e-01
0.10800000, 1.46393925530388374915933249489914998459e+00, -1.36828751469171342487973201622713103952e+00, 1.80313460910928989520756087126772919064e+01, -2.53265265927227920793685751648054359540e-02, 4.13831289210888921723030388138508427266e+00, 8.30877171254642483970560035063854664468e-01, 2.9059625348467888e-01, -5.3930230932111688e-01
0.10900000, 1.46381203361309575044072053605770348990e+00, -1.36827941960944634866683068538969665542e+00, 1.80316314577730583540127757681066651787e+01, -2.55216226909296617313388642284344874658e-02, 4.13838758734352075008502820328139773726e+00, 8.30796500773416780582635780077503307135e-01, 2.9019602968913468e-01, -5.3898088475716159e-01
0.11000000, 1.46368514356733219763903531631451717306e+00, -1.36827110373206334674065181559698847299e+00, 1.80319167491711520661219753488061323330e+01, -2.57159958381817343860687053682588165700e-02, 4.13846199228163434603119544490456179026e+00, 8.30716021382862626722913254112712608313e-01, 2.8979791279442705e-01, -5.3865964164950865e-01
0.11100000, 1.46355858498962186104749231263460873980e+00, -1.36826256708358838398161335994352387493e+00, 1.80322019656207450812440869177552680069e+01, -2.59096460325951914846646717913025376652e-02, 4.13853610707806609074629693538738548532e+00, 8.30635732993040992018035645060865289194e-01, 2.8940189765860340e-01, -5.3833858131236948e-01
0.11200000, 1.46343235770362053236154828552256799413e+00, -1.36825380968666670501184541927161997400e+00, 1.80324871074535363751425511891392336384e+01, -2.61025732720498036118057221532727377080e-02, 4.13860993188618344992540819473758016849e+00, 8.30555635514008754289534159818215508535e-01, 2.8900797916117382e-01, -5.3801770503925970e-01
0.11300000, 1.46330646153360917262140543353077683975e+00, -1.36824483156256521161876823582333055634e+00, 1.80327721749993601568556326539734200923e+01, -2.62947775541879993628031063847731530708e-02, 4.13868346685788668987489131846844933807e+00, 8.30475728855817827889512262142238844706e-01, 2.8861615220305017e-01, -5.3769701410310564e-01
0.11400000, 1.46318089630449206009857932001546819266e+00, -1.36823563273117281967952524780844431309e+00, 1.80330571685861871011445706707810667665e+01, -2.64862588764139440680082388887933912658e-02, 4.13875671214361027950088892563665633889e+00, 8.30396012928514283614040301356904732128e-01, 2.8822641170648530e-01, -5.3737650975634998e-01
0.11500000, 1.46305566184179493807479915319653153947e+00, -1.36822621321100079560346565102188138418e+00, 1.80333420885401255630532350008418645917e+01, -2.66770172358926283612130610119967357878e-02, 4.13882966789232427373207817590525411165e+00, 8.30316487642137460170446658307416199868e-01, 2.8783875261501230e-01, -5.3705619323105661e-01
0.11600000, 1.46293075797166316246126771843145139465e+00, -1.36821657301918307230931617600269692652e+00, 1.80336269351854227745945784770159236373e+01, -2.68670526295489665791264697442332058683e-02, 4.13890233425153567841573337840976486266e+00, 8.30237152906719067174248615563087093762e-01, 2.8745316989338375e-01, -5.3673606573901451e-01
0.11700000, 1.46280618452085984920606434655835797589e+00, -1.36820671217147654475312850055920655184e+00, 1.80339117088444660235788569661473420825e+01, -2.70563650540669049794491947745201260862e-02, 4.13897471136728979672572802588779625785e+00, 8.30158008632282279651022151299209180486e-01, 2.8706965852751110e-01, -5.3641612847184083e-01
0.11800000, 1.46268194131676402143722773089026350746e+00, -1.36819663068226134502253685687823034096e+00, 1.80341964098377838145982649105806775582e+01, -2.72449545058885397655080875087212180922e-02, 4.13904679938417155712069168053179706900e+00, 8.30079054728840824018064730902937150100e-01, 2.8668821352440402e-01, -5.3609638260108311e-01
0.11900000, 1.46255802818736875628880615444698727531e+00, -1.36818632856454109701230993915723502600e+00, 1.80344810384840470121823135074626985966e+01, -2.74328209812132449058491696099870270751e-02, 4.13911859844530682289012400235271604232e+00, 8.30000291106398055520258897432116599538e-01, 2.8630882991210983e-01, -5.3577682927832063e-01
0.12000000, 1.46243444496127933135691073458785656640e+00, -1.36817580582994315069563215119012169106e+00, 1.80347655951000699661379579983969925308e+01, -2.76199644759968097376270012299203042749e-02, 4.13919010869236368332585733573166264158e+00, 8.29921717674946027094097011834582810299e-01, 2.8593150273965300e-01, -5.3545746963526492e-01
0.12100000, 1.46231119146771137073255261044932917187e+00, -1.36816506248871879600500153322160492995e+00, 1.80350500800008116190881605898819771985e+01, -2.78063849859505863430659965273282510061e-02, 4.13926133026555372655585064473903722483e+00, 8.29843334344464549633378836468470423925e-01, 2.8555622707697469e-01, -5.3513830478385945e-01
0.12200000, 1.46218826753648899055778756538453679655e+00, -1.36815409854974345633608535345919952152e+00, 1.80353344934993765962222562000710450449e+01, -2.79920825065406466887072624940958401787e-02, 4.13933226330363329407689120238784933523e+00, 8.29765141024920243629643761043381668479e-01, 2.8518299801487229e-01, -5.3481933581637841e-01
0.12300000, 1.46206567299804294405143136762619812161e+00, -1.36814291402051686168732932186946963675e+00, 1.80356188359070162772711695230904410103e+01, -2.81770570329869495175923926989303828068e-02, 4.13940290794390471702237628315220031232e+00, 8.29687137626265582159948308649391604938e-01, 2.8481181066493909e-01, -5.3450056380552476e-01
0.12400000, 1.46194340768340876595034610312013647473e+00, -1.36813150890716320144757266243564841476e+00, 1.80359031075331298507202138118458312582e+01, -2.83613085602625169849734364993943776258e-02, 4.13947326432221753420094517193588856224e+00, 8.29609324058437925194147101004451888808e-01, 2.8444266015950396e-01, -5.3418198980452737e-01
0.12500000, 1.46182147142422491631203194016088231424e+00, -1.36811988321443125684337884524131577247e+00, 1.80361873086852653502718842974187365372e+01, -2.85448370830926210285760127479508540432e-02, 4.13954333257296969194133207655346319881e+00, 8.29531700231358545193381676303976180037e-01, 2.8407554165157108e-01, -5.3386361484723737e-01
0.12600000, 1.46169986405273092362399008114546926568e+00, -1.36810803694569451305725061206846127652e+00, 1.80364714396691206735707422813423342129e+01, -2.87276425959539794648802712253088808506e-02, 4.13961311282910872577841300524178645367e+00, 8.29454266054931643971026409894448601892e-01, 2.8371045031475977e-01, -5.3354543994822365e-01
0.12700000, 1.46157858540176552716505109727067106063e+00, -1.36809597010295125102735800933108667682e+00, 1.80367555007885445832021696498630014238e+01, -2.89097250930739618033221511823640438889e-02, 4.13968260522213292401502433653098054950e+00, 8.29377021439043360786884257130452748842e-01, 2.8334738134324429e-01, -5.3322746610286763e-01
0.12800000, 1.46145763530476481856358838193628481534e+00, -1.36808368268682461893886945095445683262e+00, 1.80370394923455376899764578604172841128e+01, -2.90910845684298047707551706823835484612e-02, 4.13975180988209247319373765696841592031e+00, 8.29299966293560771644967088843145788837e-01, 2.8298632995169378e-01, -5.3290969428745708e-01
0.12900000, 1.46133701359576038249725907236329482168e+00, -1.36807117469656268341643835227557294399e+00, 1.80373234146402534185093803337294392244e+01, -2.92717210157478375389508291455549101398e-02, 4.13982072693759058551238446392967396161e+00, 8.29223100528330879764735992393830877633e-01, 2.8262729137521223e-01, -5.3259212545927924e-01
0.13000000, 1.46121672010937743647863445064578137977e+00, -1.36805844613003846042686158537591958619e+00, 1.80376072679709989551100826439761479074e+01, -2.94516344285027166483536448643773193182e-02, 4.13988935651578460821673551751086537457e+00, 8.29146424053179597195216034766641990378e-01, 2.8227026086927847e-01, -5.3227476055671314e-01
0.13100000, 1.46109675468083296967079851905579851296e+00, -1.36804549698374992590039088782934478646e+00, 1.80378910526342361779868109282547471196e+01, -2.96308247999166706217449055565597871975e-02, 4.13995769874238711500335296894566329257e+00, 8.29069936777910717540937597936417667418e-01, 2.8191523370968626e-01, -5.3195760049932105e-01
0.13200000, 1.46097711714593388067670712360655114241e+00, -1.36803232725282000607864439219493453991e+00, 1.80381747689245825697806855290805130394e+01, -2.98092921229587542619074095503413982283e-02, 4.14002575374166697946524888502052634209e+00, 8.28993638612304879768192470105247063937e-01, 2.8156220519248443e-01, -5.3164064618793916e-01
0.13300000, 1.46085780734107511424581064811263876214e+00, -1.36801893693099654759653261441811113879e+00, 1.80384584171348121124374140338474806325e+01, -2.99870363903441126278218442781659820313e-02, 4.14009352163645043061260142069029591227e+00, 8.28917529466118523059627378511670780826e-01, 2.8121117063391707e-01, -5.3132389850476756e-01
0.13400000, 1.46073882510323779684115089149189525487e+00, -1.36800532601065226730508152750618836817e+00, 1.80387419975558561644265255772058953819e+01, -3.01640575945332546843640137377370191213e-02, 4.14016100254812209050039965786658829787e+00, 8.28841609249082832684730549459389365719e-01, 2.8086212537036375e-01, -5.3100735831345927e-01
0.13500000, 1.46062017026998737100984724681708130081e+00, -1.36799149448278468184150473447244656856e+00, 1.80390255104768043203173965202975165800e+01, -3.03403557277313366209109138427254340385e-02, 4.14022819659662599399451001973224251044e+00, 8.28765877870902676853298147965806925056e-01, 2.8051506475827990e-01, -5.3069102645920866e-01
0.13600000, 1.46050184267947172849958869439086111600e+00, -1.36797744233701601695234722382241129603e+00, 1.80393089561849052527210264089778328284e+01, -3.05159307818874548347026905378031750850e-02, 4.14029510390046659070728117972244357935e+00, 8.28690335241255534518497051869420022625e-01, 2.8016998417413711e-01, -5.3037490376883896e-01
0.13700000, 1.46038384217041934206344637538263059835e+00, -1.36796316956159309657499472418605378413e+00, 1.80395923349655675366062124358427826216e+01, -3.06907827486939485752468266363120688967e-02, 4.14036172457670972913343050553050225955e+00, 8.28614981269790414095668322127340818014e-01, 2.7982687901436358e-01, -5.3005899105088909e-01
0.13800000, 1.46026616858213739589501659958155573720e+00, -1.36794867614338721168231525465027697584e+00, 1.80398756471023604559984604824389603180e+01, -3.08649116195857122464905160310784818868e-02, 4.14042805874098362301658330439544898452e+00, 8.28539815866126763062541911039697317179e-01, 2.7948574469528464e-01, -5.2974328909569963e-01
0.13900000, 1.46014882175450991463559603258664296376e+00, -1.36793396206789396889467307665902685162e+00, 1.80401588928770147930696611929143221997e+01, -3.10383173857395173639271247443883069607e-02, 4.14049410650747979997646645999053309297e+00, 8.28464838939853368406057571804455016616e-01, 2.7914657665306328e-01, -5.2942779867549816e-01
0.14000000, 1.46003180152799589089477947601823893331e+00, -1.36791902731923311886302987493689581243e+00, 1.80404420725694235996262504230769569360e+01, -3.12110000380733441642429337762609026252e-02, 4.14055986798895403242639046716730480739e+00, 8.28390050400527247880509564568515110696e-01, 2.7880937034364073e-01, -5.2911252054448367e-01
0.14100000, 1.45991510774362741122555607058599974655e+00, -1.36790387188014836442632361184089651684e+00, 1.80407251864576429510032648139609560034e+01, -3.13829595672457228655510354769723596492e-02, 4.14062534329672725081028837256091461973e+00, 8.28315450157672532041253564316306955929e-01, 2.7847412124267721e-01, -5.2879745543891038e-01
0.14200000, 1.45979874024300778049466188731660374297e+00, -1.36788849573200714854579209511047096303e+00, 1.80410082348178926823713951512122314447e+01, -3.15541959636550845767003398502709028147e-02, 4.14069053254068643918821671080202883555e+00, 8.28241038120779337017733132723813422593e-01, 2.7814082484549259e-01, -5.2848260407717067e-01
0.14300000, 1.45968269886830964458862569789843791483e+00, -1.36787289885480042201838585659568377305e+00, 1.80412912179245571074638325856381998285e+01, -3.17247092174391218545891664739978779222e-02, 4.14075543582928551319886218221541883224e+00, 8.28166814199302627989100187580496653339e-01, 2.7780947666700723e-01, -5.2816796715987737e-01
0.14400000, 1.45956698346227311139562020164290956855e+00, -1.36785708122714239097089344279759549384e+00, 1.80415741360501857197293957009225021542e+01, -3.18944993184741589088548783392615645806e-02, 4.14082005326954618042723854305454225428e+00, 8.28092778302661073325219057495892511526e-01, 2.7748007224168284e-01, -5.2785354536994522e-01
0.14500000, 1.45945159386820387000290310442726205505e+00, -1.36784104282627024413588165072457009037e+00, 1.80418569894654938759181198166727941886e+01, -3.20635662563745314537534826427674670822e-02, 4.14088438496705878320540096839962640102e+00, 8.28018930340235889355356914186557808219e-01, 2.7715260712346338e-01, -5.2753933937267165e-01
0.14600000, 1.45933652992997130804930116433469828190e+00, -1.36782478362804385991003358859734862376e+00, 1.80421397784393634621051838036045969593e+01, -3.22319100204919762074861072569133130968e-02, 4.14094843102598312387364999594387779441e+00, 8.27945270221369675726374597377665559261e-01, 2.7682707688571609e-01, -5.2722534981581680e-01
0.14700000, 1.45922179149200662717185560943261184816e+00, -1.36780830360694549319494868443999421608e+00, 1.80424225032388435421587440578013029531e+01, -3.23995305999150300396727871411975080511e-02, 4.14101219154904927252934406135520281578e+00, 8.27871797855365241311741055814518203970e-01, 2.7650347712117247e-01, -5.2691157732968279e-01
0.14800000, 1.45910737839930095648540916483955030554e+00, -1.36779160273607944201995089086166802530e+00, 1.80427051641291509886569401277398885081e+01, -3.25664279834684387681180892958172595910e-02, 4.14107566663755835729008858831380342295e+00, 8.27798513151484420632201789490186217980e-01, 2.7618180344186947e-01, -5.2659802252719233e-01
0.14900000, 1.45899329049740346403357326825620419820e+00, -1.36777468098717169394593432582680523662e+00, 1.80429877613736710962590318063205931606e+01, -3.27326021597125756064577950027673013630e-02, 4.14113885639138333709772059451277282983e+00, 8.27725416018946880748436760246245984540e-01, 2.7586205147909063e-01, -5.2628468600396649e-01
0.15000000, 1.45887952763241946614916887452135092699e+00, -1.36775753833056955224875943156289495575e+00, 1.80432702952339581775353232857509895496e+01, -3.28980531169428692647211711214930338522e-02, 4.14120176090896975708916081493309835843e+00, 8.27652506366928918585546207543646886165e-01, 2.7554421688330730e-01, -5.2597156833840185e-01
0.15100000, 1.45876608965100853466188551925933074166e+00, -1.36774017473524124188019741177344254975e+00, 1.80435527659697361412602262211525690071e+01, -3.30627808431892417052893252391013359702e-02, 4.14126438028733648655986042187141915971e+00, 8.27579784104562248648703630436458458168e-01, 2.7522829532412000e-01, -5.2565867009174690e-01
0.15200000, 1.45865297640038260189055099778005536494e+00, -1.36772259016877549520390620599034521992e+00, 1.80438351738388990531725102546017956448e+01, -3.32267853262155555571767797191066356092e-02, 4.14132671462207643954522653405627715096e+00, 8.27507249140932781088813842473235082474e-01, 2.7491428249019973e-01, -5.2534599180817770e-01
0.15300000, 1.45854018772830406335704808625098721786e+00, -1.36770478459738111750340756437061839532e+00, 1.80441175190975116792064867104872516942e+01, -3.33900665535190711920107444156558399549e-02, 4.14138876400735727804506985152818376038e+00, 8.27434901385079390076510440111117914425e-01, 2.7460217408922944e-01, -5.2503353401487290e-01
0.15400000, 1.45842772348308387815855515566142812220e+00, -1.36768675798588653225852188184763916159e+00, 1.80443998019998100111975687811394961597e+01, -3.35526245123299134655306443604832144582e-02, 4.14145052853592209791577892581763207218e+00, 8.27362740745992672442321213817524471847e-01, 2.7429196584784553e-01, -5.2472129722208795e-01
0.15500000, 1.45831558351357966693442427282118280341e+00, -1.36766851029773930618620532279246784914e+00, 1.80446820227982017750653495743305031094e+01, -3.37144591896105481288792944984690230390e-02, 4.14151200829909009745458877361690149927e+00, 8.27290767132613696540321940760417005908e-01, 2.7398365351157938e-01, -5.2440928192322869e-01
0.15600000, 1.45820376766919380736364341385316269747e+00, -1.36765004149500565404122240190771485098e+00, 1.80449641817432669214770378871860523051e+01, -3.38755705720552679144067360304589402961e-02, 4.14157320338675722869997676413788834503e+00, 8.27218980453832741292088595101137567350e-01, 2.7367723284479900e-01, -5.2409748859492421e-01
0.15700000, 1.45809227579987152712845870132094665151e+00, -1.36763135153836992317157656982244136758e+00, 1.80452462790837580989937905001300206420e+01, -3.40359586460896883011581856819159419156e-02, 4.14163411388739683147188595346053022024e+00, 8.27147380618488025367245262494748340288e-01, 2.7337269963065073e-01, -5.2378591769709906e-01
0.15800000, 1.45798110775609899427935808293573550333e+00, -1.36761244038713405782311146881618106470e+00, 1.80455283150666011097021791455894699977e+01, -3.41956233978702529656688278953806888477e-02, 4.14169473988806025017514530143696722334e+00, 8.27075967535364426456389915400727053013e-01, 2.7307004967100096e-01, -5.2347456967304465e-01
0.15900000, 1.45787026338890140493623956405696808754e+00, -1.36759330799921704318718636148529554141e+00, 1.80458102899368953473327300953222627395e+01, -3.43545648132837489241403282676240880733e-02, 4.14175508147437743338912748641023323275e+00, 8.27004741113192190591662660975902342504e-01, 2.7276927878637797e-01, -5.2316344494949011e-01
0.16000000, 1.45775974254984106826020495396452008738e+00, -1.36757395433115432918482077936564219523e+00, 1.80460922039379142178671745234571295850e+01, -3.45127828779468313725269923267320821596e-02, 4.14181513873055751626635832867194634001e+00, 8.26933701260645631469701079258230254944e-01, 2.7247038281591384e-01, -5.2285254393667235e-01
0.16100000, 1.45764954509101548863003405284478780788e+00, -1.36755437933809723398019567611092103453e+00, 1.80463740573111055426357484358168404731e+01, -3.46702775772055582315134648643283669757e-02, 4.14187491173938938576246714401584499986e+00, 8.26862847886341819731204791480589619872e-01, 2.7217335761728634e-01, -5.2254186702840550e-01
0.16200000, 1.45753967086505544495700425798094609009e+00, -1.36753458297381232721589128754467752205e+00, 1.80466558502960919439055820060710378993e+01, -3.48270488961349344038207894863829756633e-02, 4.14193440058224222871954467299515302934e+00, 8.26792180898839262150806401931228525663e-01, 2.7187819906666099e-01, -5.2223141460214967e-01
0.16300000, 1.45743011972512306707132666882457249150e+00, -1.36751456519068079296173548568477590344e+00, 1.80469375831306712129609196220652968113e+01, -3.49830968195384657517335538960471497580e-02, 4.14199360533906606282465456887278519878e+00, 8.26721700206636570690418406878889394791e-01, 2.7158490305863312e-01, -5.2192118701907898e-01
0.16400000, 1.45732089152490990911307188617580777917e+00, -1.36749432593969777236863065279245518204e+00, 1.80472192560508166606756138177130556164e+01, -3.51384213319477228031977618402855493726e-02, 4.14205252608839225046492577733627235925e+00, 8.26651405718171121368695525604279919304e-01, 2.7129346550617000e-01, -5.2161118462414901e-01
0.16500000, 1.45721198611863501986005679500167204177e+00, -1.36747386517047168601822198191616546223e+00, 1.80475008692906774505780385436210878676e+01, -3.52930224176219141952970259007642333863e-02, 4.14211116290733399550033650366853108790e+00, 8.26581297341817702898719146242170660497e-01, 2.7100388234055307e-01, -5.2130140774616349e-01
0.16600000, 1.45710340336104300992475765752806307913e+00, -1.36745318283122353595876561975858203145e+00, 1.80477824230825789144082699097397506457e+01, -3.54469000605474698643736947482714570951e-02, 4.14216951587158682297498583832018497349e+00, 8.26511374985887155045475157472315840408e-01, 2.7071614951132019e-01, -5.2099185669784038e-01
0.16700000, 1.45699514310740211575190478685922560713e+00, -1.36743227886878618741705119365277829230e+00, 1.80480639176570228501670856124685359860e+01, -3.56000542444376339925216425687627314832e-02, 4.14222758505542904178733650008430406734e+00, 8.26441638558624996654158320447701401539e-01, 2.7043026298620798e-01, -5.2068253177587729e-01
0.16800000, 1.45688720521350226034799988487218706632e+00, -1.36741115322860363017572999483470611171e+00, 1.80483453532426878026560377335781094323e+01, -3.57524849527320677206386856702297137473e-02, 4.14228537053172219033960155796360162161e+00, 8.26372087968210043299795487870325229246e-01, 2.7014621875109420e-01, -5.2037343326101620e-01
0.16900000, 1.45677958953565311067357877451634350965e+00, -1.36738980585473021960489741307403963763e+00, 1.80486267300664293265075574658960435461e+01, -3.59041921685964616386889804600784693075e-02, 4.14234287237191146518613940924689912270e+00, 8.26302723122753014508136362779860528444e-01, 2.6986401280994023e-01, -5.2006456141810759e-01
0.17000000, 1.45667229593068213162861969858024093685e+00, -1.36736823668982989733627612129126790916e+00, 1.80489080483532802317037545779011103172e+01, -3.60551758749221580642893268167991368244e-02, 4.14240009064602613270041472345177843310e+00, 8.26233543930295130497214072175374083369e-01, 2.6958364118473361e-01, -5.1975591649617384e-01
0.17100000, 1.45656532425593263656107055677166475715e+00, -1.36734644567517539156784498145099078848e+00, 1.80491893083264508115822790732297506916e+01, -3.62054360543257831211980802511695163439e-02, 4.14245702542267992377977851109371660182e+00, 8.26164550298806698388428573612287826235e-01, 2.6930509991543058e-01, -5.1944749872847206e-01
0.17200000, 1.45645867436926183422803737253543406697e+00, -1.36732443275064739698625767337428991812e+00, 1.80494705102073290533273175287618078657e+01, -3.63549726891488886297513941567161776460e-02, 4.14251367676907141160701794443486585058e+00, 8.26095742136185687835453779771900313542e-01, 2.6902838505989874e-01, -5.1913930833255622e-01
0.17300000, 1.45635234612903887213874088198289547179e+00, -1.36730219785473373429389462494190616893e+00, 1.80497516542154808309435020036595302521e+01, -3.65037857614576038217587989966106630897e-02, 4.14257004475098437248732604645264622734e+00, 8.26027119350256296018714239850423741967e-01, 2.6875349269385980e-01, -5.1883134551033865e-01
0.17400000, 1.45624633939414287620790838083627574824e+00, -1.36727974092452848932689193444157884158e+00, 1.80500327405686500807102151988190674682e+01, -3.66518752530422968928387076912563910379e-02, 4.14262612943278812977904287653472123003e+00, 8.25958681848767501952619220412602198186e-01, 2.6848041891083231e-01, -5.1852361044815095e-01
0.17500000, 1.45614065402396098664782381223522299760e+00, -1.36725706189573113174999161271712237958e+00, 1.80503137694827589591134817090891666228e+01, -3.67992411454172464056443451032878079341e-02, 4.14268193087743788093622337942083200678e+00, 8.25890429539391610052181044845142852182e-01, 2.6820915982207452e-01, -5.1821610331680416e-01
0.17600000, 1.45603528987838639002681048907066195400e+00, -1.36723416070264561331355862366780643720e+00, 1.80505947411719079832523417468476462738e+01, -3.69458834198203225579018638318585655052e-02, 4.14273744914647500768079263052660410253e+00, 8.25822362329722782905080542257674283369e-01, 2.6793971155652726e-01, -5.1790882427164841e-01
0.17700000, 1.45593024681781634742146777928026680884e+00, -1.36721103727817944565761185608425211468e+00, 1.80508756558483761537163106227318039101e+01, -3.70918020572126783296550581172149138570e-02, 4.14279268430002736932175680914049829294e+00, 8.25754480127275563194675385927718683507e-01, 2.6767207026075694e-01, -5.1760177345263186e-01
0.17800000, 1.45582552470315021858952550095322336111e+00, -1.36718769155384275764721830754838259566e+00, 1.80511565137226210599302345452237964599e+01, -3.72369970382784505245851522373299341703e-02, 4.14284763639680957923864786451307443909e+00, 8.25686782839483384718876930265938018600e-01, 2.6740623209889849e-01, -5.1729495098435908e-01
0.17900000, 1.45572112339578748208971763545325135240e+00, -1.36716412345974733222310239212559226551e+00, 1.80514373150032789679625609432271867197e+01, -3.73814683434244707207496491973894936908e-02, 4.14290230549412326454609151228045826232e+00, 8.25619270373697072449247845661146465670e-01, 2.6714219325259853e-01, -5.1698835697614875e-01
0.18000000, 1.45561704275762575127461022998859631832e+00, -1.36714033292460562275082538799295995412e+00, 1.80517180598971648907927495226697188852e+01, -3.75252159527799861465612097480985701708e-02, 4.14295669164785730895610191399887140350e+00, 8.25551942637183331574096364098474509800e-01, 2.6687994992095847e-01, -5.1668199152209073e-01
0.18100000, 1.45551328265105878608184698464895417087e+00, -1.36711631987572974885139360933543818044e+00, 1.80519987486092726410332586375670398226e+01, -3.76682398461963904983060209318773929853e-02, 4.14301079491248807885442215512910318389e+00, 8.25484799537123225468763246547552125551e-01, 2.6661949832047769e-01, -5.1637585470110260e-01
0.18200000, 1.45540984293897450054879996100346190695e+00, -1.36709208423903047169565790936319206097e+00, 1.80522793813427748661012502860243634964e+01, -3.78105400032469647159811376951303499410e-02, 4.14306461534107963260694745121351992581e+00, 8.25417840980610642535714626978271923156e-01, 2.6636083468499685e-01, -5.1606994657698552e-01
0.18300000, 1.45530672348475296597513206761641695417e+00, -1.36706762593901614874437158892326854428e+00, 1.80525599582990230658348661305857872152e+01, -3.79521164032266277347118710068234327912e-02, 4.14311815298528391311198788315076374855e+00, 8.25351066874650751856467638432868477894e-01, 2.6610395526564117e-01, -5.1576426719847945e-01
0.18400000, 1.45520392415226440965729242958343560666e+00, -1.36704294489879166791527868886982331942e+00, 1.80528404796775475925486363885190761926e+01, -3.80929690251516972294934819168822932437e-02, 4.14317140789534092361384939561700058981e+00, 8.25284477126158447596786144580564862748e-01, 2.6584885633076384e-01, -5.1545881659931782e-01
0.18500000, 1.45510144480586720911847539130083861403e+00, -1.36701804104005736115810997529989420673e+00, 1.80531209456760576335222932395105934511e+01, -3.82330978477596603714862537445980039172e-02, 4.14322438012007888679293579333766384481e+00, 8.25218071641956782105990946080260696051e-01, 2.6559553416588942e-01, -5.1515359479828160e-01
0.18600000, 1.45499928531040588175707869061661251147e+00, -1.36699291428310789741786967634706802664e+00, 1.80534013564904411759169705544136619145e+01, -3.83725028495089546145794849259144896520e-02, 4.14327706970691438714730054392104035714e+00, 8.25151850328775387650632465109457644998e-01, 2.6534398507365739e-01, -5.1484860179925270e-01
0.18700000, 1.45489744553120906983619623431028309010e+00, -1.36696756454683115496630218905628898076e+00, 1.80536817123147649541124822578279159419e+01, -3.85111840085787585314281039367815346527e-02, 4.14332947670185249668030534947925102314e+00, 8.25085813093248886722174093568943216949e-01, 2.6509420537376565e-01, -5.1454383759126683e-01
0.18800000, 1.45479592533408752073617585512139354789e+00, -1.36694199174870707308093453675641980915e+00, 1.80539620133412743794590824981832549532e+01, -3.86491413028687927186554862668734897359e-02, 4.14338160114948688390877268875414116809e+00, 8.25019959841915290857731080477980785189e-01, 2.6484619140291417e-01, -5.1423930214856576e-01
0.18900000, 1.45469472458533206239176239446940394363e+00, -1.36691619580480648305059731333584640596e+00, 1.80542422597603934524368220105695125196e+01, -3.87863747099991307914076829172392926416e-02, 4.14343344309299990620575186372568918564e+00, 8.24954290481214387912302991416239633180e-01, 2.6459993951474862e-01, -5.1393499543064893e-01
0.19000000, 1.45459384315171157383483138732199654550e+00, -1.36689017662978991848583419316121536137e+00, 1.80545224517607246572153266188164442368e+01, -3.89228842073100204879376817669688685524e-02, 4.14348500257416268549175251682157658080e+00, 8.24888804917486117720327356772705266023e-01, 2.6435544607980413e-01, -5.1363091738232454e-01
0.19100000, 1.45449328090047095076319848067250897823e+00, -1.36686393413690640491211780653113272219e+00, 1.80548025895290488386065357334289172270e+01, -3.90586697718617149053935489872170812112e-02, 4.14353627963333516728803612430686160806e+00, 8.24823503056968936083768094995336713470e-01, 2.6411270748544905e-01, -5.1332706793376002e-01
0.19200000, 1.45439303769932906605546444863262679556e+00, -1.36683746823799222862329787321829208522e+00, 1.80550826732503250614026509601777083724e+01, -3.91937313804343138884813692274107036659e-02, 4.14358727430946616314529462597922999803e+00, 8.24758384805798167023334610702837012733e-01, 2.6387172013582878e-01, -5.1302344700053190e-01
0.19300000, 1.45429311341647672515132522863451244970e+00, -1.36681077884346968477221594374232022469e+00, 1.80553627031076904520912575398146216906e+01, -3.93280690095276155931728524743224785401e-02, 4.14363798664009337646078612902686387969e+00, 8.24693450070004343228806083860482075267e-01, 2.6363248045180967e-01, -5.1272005448367511e-01
0.19400000, 1.45419350792057461621624074761228845856e+00, -1.36678386586234580467492991267546035027e+00, 1.80556426792824600229392942920197816635e+01, -3.94616826353609782481283343733906606792e-02, 4.14368841666134341169674053325646528486e+00, 8.24628698755511534643810343405555573270e-01, 2.6339498487092296e-01, -5.1241689026973170e-01
0.19500000, 1.45409422108075125500881538678057535502e+00, -1.36675672920221106230450063388673129930e+00, 1.80559226019541264784372610359190199748e+01, -3.95945722338731921370086976566452528668e-02, 4.14373856440793176701259297464068366346e+00, 8.24564130768135665119777814632511766853e-01, 2.6315922984730876e-01, -5.1211395423079899e-01
0.19600000, 1.45399525276660092436869670076638576369e+00, -1.36672936876923805994980247778127109620e+00, 1.80562024713003600040947661050738305563e+01, -3.97267377807223618253545175690091442320e-02, 4.14378842991316281032335018338118908114e+00, 8.24499746013582817073158301936138025908e-01, 2.6292521185166011e-01, -5.1181124622457713e-01
0.19700000, 1.45389660284818160824224741292839568601e+00, -1.36670178446818019301432951912765849845e+00, 1.80564822874970080375782305666140479959e+01, -3.98581792512857986562175164260994551776e-02, 4.14383801320892973879614421089517148997e+00, 8.24435544397447524079351774506707066896e-01, 2.6269292737116708e-01, -5.1150876609441610e-01
0.19800000, 1.45379827119601292016268870478732615115e+00, -1.36667397620237029392947922506063250441e+00, 1.80567620507180950221812800921494361390e+01, -3.99888966206599235392382344516010274097e-02, 4.14388731432571452179677950711710197718e+00, 8.24371525825211051336163819336494738100e-01, 2.6246237290946094e-01, -5.1120651366936210e-01
0.19900000, 1.45370025768107402610085035418531742850e+00, -1.36664594387371925515630602061191174478e+00, 1.80570417611358221426180701123841771584e+01, -4.01188898636601800583747187913126755498e-02, 4.14393633329258782729783303542439826035e+00, 8.24307690202239663928951970208997881576e-01, 2.6223354498655832e-01, -5.1090448876420345e-01
0.20000000, 1.45360256217480156160209530419772971135e+00, -1.36661768738271463124924793821104195429e+00, 1.80573214189205670431295049182210542819e+01, -4.02481589548209579240000332281790827646e-02, 4.14398507013720893175962300786131670567e+00, 8.24244037433782882828980669689112730085e-01, 2.6200644013880550e-01, -5.1060269117951588e-01
0.20100000, 1.45350518454908754312441271255414569356e+00, -1.36658920662841921995484070280848092673e+00, 1.80576010242408835278920267489646052752e+01, -4.03767038683955267956015309585003434903e-02, 4.14403352488582561349511991902564847577e+00, 8.24180567424971728555850129710976299816e-01, 2.6178105491882267e-01, -5.1030112070170720e-01
0.20200000, 1.45340812467627727349209438850714055095e+00, -1.36656050150846962231794506064810889260e+00, 1.80578805772635012437183666335324992795e+01, -4.05045245783559805018321453537117305636e-02, 4.14408169756327402952963386423666473441e+00, 8.24117280080816952434207781071482621886e-01, 2.6155738589544835e-01, -5.0999977710306153e-01
0.20300000, 1.45331138242916724137882471933735362692e+00, -1.36653157191907478176752492254897551569e+00, 1.80581600781533253450393648240145018316e+01, -4.06316210583931916851834726362810017357e-02, 4.14412958819297857596587465802642974697e+00, 8.24054175306207255374290298584446565397e-01, 2.6133542965368372e-01, -5.0969866014178289e-01
0.20400000, 1.45321495768100301473342367011509366225e+00, -1.36650241775501450215352595739145241108e+00, 1.80584395270734361411556850832678573723e+01, -4.07579932819167768990721797488144667354e-02, 4.14417719679695173186474603456732438337e+00, 8.23991253005907494105179312133830051009e-01, 2.6111518279463708e-01, -5.0939776956203825e-01
0.20500000, 1.45311885030547712806088615555420265783e+00, -1.36647303890963794470591663414118671232e+00, 1.80587189241850887257479638604342879358e+01, -4.08836412220550721856553044964752393896e-02, 4.14422452339579388665200222471864688647e+00, 8.23928513084556874788984819379838441365e-01, 2.6089664193546839e-01, -5.0909710509400002e-01
0.20600000, 1.45302306017672696347075897887842110962e+00, -1.36644343527486210388646636724349435710e+00, 1.80589982696477125886336525113747689257e+01, -4.10085648516551191632163575988805628594e-02, 4.14427156800869315106066447767577019143e+00, 8.23865955446667133943496958105725545188e-01, 2.6067980370933374e-01, -5.0879666645388804e-01
0.20700000, 1.45292758716933262540428855613702198364e+00, -1.36641360674117026210334836690028744515e+00, 1.80592775636189112097585281962534510180e+01, -4.11327641432826616524928221067244499699e-02, 4.14431833065342515161886664185095844664e+00, 8.23803579996620706600169129520276202957e-01, 2.6046466476533000e-01, -5.0849645334401095e-01
0.20800000, 1.45283243115831480895115874139028780930e+00, -1.36638355319761042325816802918464588792e+00, 1.80595568062544616354105669152150317724e+01, -4.12562390692221528718467094347096166072e-02, 4.14436481134635280869257275310730842581e+00, 8.23741386638668881623613442309943860463e-01, 2.6025122176843939e-01, -5.0819646545280707e-01
0.20900000, 1.45273759201913266166601818413854807893e+00, -1.36635327453179372509453121800539089851e+00, 1.80598359977083140366435903267897443648e+01, -4.13789896014767732317133079594039538518e-02, 4.14441101010242609809238571269966142118e+00, 8.23679375276929944118103024605122643210e-01, 2.6003947139947418e-01, -5.0789670245488472e-01
0.21000000, 1.45264306962768163879437073025423507871e+00, -1.36632277062989283031678058872673346334e+00, 1.80601151381325912498978165339737774773e+01, -4.15010157117684587592991848639230306437e-02, 4.14445692693518179625344458653786941150e+00, 8.23617545815387304845884880703986135713e-01, 2.5982941035502141e-01, -5.0759716401106196e-01
0.21100000, 1.45254886386029135181677036591360263589e+00, -1.36629204137664029644704217917136984365e+00, 1.80603942276775882998041639216668359680e+01, -4.16223173715379401850389100315218106202e-02, 4.14450256185674320899718883636789146465e+00, 8.23555898157887616581411604475511217679e-01, 2.5962103534738763e-01, -5.0729784976840589e-01
0.21200000, 1.45245497459372341021962404448213697643e+00, -1.36626108665532692438823884546165628370e+00, 1.80606732664917719041588763882507715637e+01, -4.17428945519447927228608978659474416364e-02, 4.14454791487781988388355091725895745811e+00, 8.23494432208138877324900354601799811771e-01, 2.5941434310454372e-01, -5.0699875936027130e-01
0.21300000, 1.45236140170516925640026137229819523305e+00, -1.36622990634780008566024174563581476177e+00, 1.80609522547217799610547579356654715244e+01, -4.18627472238674965768562447374948595894e-02, 4.14459298600770730616192415989384188369e+00, 8.23433147869708520297923000646428410855e-01, 2.5920933037006969e-01, -5.0669989240633885e-01
0.21400000, 1.45226814507224799361327950357433699377e+00, -1.36619850033446202827584597145185105471e+00, 1.80612311925124210181550245686379123807e+01, -4.19818753579035082074905123339063818923e-02, 4.14463777525428657832904071650139539661e+00, 8.23372045046021490643022215441276476948e-01, 2.5900599390309959e-01, -5.0640124851265273e-01
0.21500000, 1.45217520457300420686451464937899925475e+00, -1.36616686849426816122277159678621439219e+00, 1.80615100800066737240955018071626952883e+01, -4.21002789243693423910471067754393935296e-02, 4.14468228262402408330168460218171621920e+00, 8.23311123640358308748634470219668731592e-01, 2.5880433047826642e-01, -5.0610282727165775e-01
0.21600000, 1.45208258008590577665832828248306014809e+00, -1.36613501070472531751740684836394470371e+00, 1.80617889173456862620006168394926561478e+01, -4.22179578933006651065422664046039764549e-02, 4.14472650812197113121195752561388946356e+00, 8.23250383555853120119882335695238375461e-01, 2.5860433688564708e-01, -5.0580462826223593e-01
0.21700000, 1.45199027148984168550322635978755540976e+00, -1.36610292684188999579552581033419052474e+00, 1.80620677046687757650983554385135867423e+01, -4.23349122344523972849057343874659354101e-02, 4.14477045175176358983261029189146965919e+00, 8.23189824695491731715075155952541540293e-01, 2.5840600993070734e-01, -5.0550665104974254e-01
0.21800000, 1.45189827866411981708015362753610252367e+00, -1.36607061678036658040472904784072967520e+00, 1.80623464421134277144190752353493474603e+01, -4.24511419172988294557779926055439842995e-02, 4.14481411351562149863975009312236548006e+00, 8.23129446962109634667028993284680265005e-01, 2.5820934643424691e-01, -5.0520889518604168e-01
0.21900000, 1.45180660148846474797712226141275210272e+00, -1.36603808039330553996287177594573572082e+00, 1.80626251298152953185627887934409187566e+01, -4.25666469110337473278345079551436956822e-02, 4.14485749341434866652003399751620666131e+00, 8.23069250258390013307583691337595942341e-01, 2.5801434323234445e-01, -5.0491136020954124e-01
0.22000000, 1.45171523984301553189314466318973545659e+00, -1.36600531755240160434626070906781305229e+00, 1.80629037679081988755192521574023242713e+01, -4.26814271845705683391098285269583871136e-02, 4.14490059144733225312926142346560152655e+00, 8.23009234486861740412956921094185570141e-01, 2.5782099717630270e-01, -5.0461404564522743e-01
0.22100000, 1.45162419360832347621374412647282923360e+00, -1.36597232812789192007091750282471746386e+00, 1.80631823565241251165249171670861650114e+01, -4.27954827065424892143596028811309600086e-02, 4.14494340761254233390908336055835742632e+00, 8.22949399549897358586832108985504553012e-01, 2.5762930513259360e-01, -5.0431695100469875e-01
0.22200000, 1.45153346266534991085961423433767274145e+00, -1.36593911198855418402972374547493514368e+00, 1.80634608957932265319405288320736058604e+01, -4.29088134453026445670667186788014060906e-02, 4.14498594190653144876835359393989603206e+00, 8.22889745349711047697329148016488214370e-01, 2.5743926398280346e-01, -5.0402007578619948e-01
0.22300000, 1.45144304689546394930928819868482782385e+00, -1.36590566900170475554777977099770996860e+00, 1.80637393858438206791328724589959095916e+01, -4.30214193689242765842688054496416210520e-02, 4.14502819432443413443545722184200498014e+00, 8.22830271788356578283253710135440026859e-01, 2.5725087062357809e-01, -5.0372341947465261e-01
0.22400000, 1.45135294618044024169596283176837015510e+00, -1.36587199903319674671782715152937160668e+00, 1.80640178268023894723438990176333080968e+01, -4.31333004452009158329583586904934594330e-02, 4.14507016485996644048776434873352458825e+00, 8.22770978767725250844262759681976738270e-01, 2.5706412196656813e-01, -5.0342698154169229e-01
0.22500000, 1.45126316040245671987789839074682704583e+00, -1.36583810194741809097710258500441712823e+00, 1.80642962187935784545301814257393476861e+01, -4.32444566416465732273837574860260569322e-02, 4.14511185350542542906417200922845396131e+00, 8.22711866189543820928820461761770588224e-01, 2.5687901493837419e-01, -5.0313076144569580e-01
0.22600000, 1.45117368944409233438108509180507576995e+00, -1.36580397760728958988650902638504579063e+00, 1.80645745619401960511553790313055141874e+01, -4.33548879254959431971595043631883123244e-02, 4.14515326025168865826651515188086838372e+00, 8.22652933955372409933050033581665161093e-01, 2.5669554648049219e-01, -5.0283475863181495e-01
0.22700000, 1.45108453318832478311212958629781785712e+00, -1.36576962587426293807250832009246646111e+00, 1.80648528563632128059181125789986370550e+01, -4.34645942637046180966771533471428551008e-02, 4.14519438508821364925544790905899797833e+00, 8.22594181966602401522813148513913938072e-01, 2.5651371354925866e-01, -5.0253897253200703e-01
0.22800000, 1.45099569151852823173857006171691979763e+00, -1.36573504660831872629165827980912347671e+00, 1.80651311021817605983973773694476465996e+01, -4.35735756229493138968946496557509635058e-02, 4.14523522800303733704621942146510482309e+00, 8.22535610124454323590569218932874922804e-01, 2.5633351311579605e-01, -5.0224340256506523e-01
0.22900000, 1.45090716431847102563307680867806300469e+00, -1.36570023966796442257723613268174417338e+00, 1.80654092995131318435973481607933898729e+01, -4.36818319696281072011712219027252460419e-02, 4.14527578898277550500959419628885051479e+00, 8.22477218329975715657782201278226683707e-01, 2.5615494216595810e-01, -5.0194804813664860e-01
0.23000000, 1.45081895147231339327723601448613796687e+00, -1.36566520491023233142690950145129237544e+00, 1.80656874484727786733731556265061012678e+01, -4.37893632698606836274075851016011078687e-02, 4.14531606801262220308299537968427240222e+00, 8.22419006484038981632852431545761303227e-01, 2.5597799770027521e-01, -5.0165290863931145e-01
0.23100000, 1.45073105286460514101984813643372925389e+00, -1.36562994219067753098993564385474975278e+00, 1.80659655491743120997189408771772584248e+01, -4.38961694894885975993470704775386620666e-02, 4.14535606507634914969678044098415632875e+00, 8.22360974487339227833755357289637601686e-01, 2.5580267673389984e-01, -5.0135798345253232e-01
0.23200000, 1.45064346838028333908389840539675911492e+00, -1.36559445136337578821188950783418368578e+00, 1.80662436017295011598992216822630007655e+01, -4.40022505940755435904924366874203273191e-02, 4.14539578015630511742039262206184799535e+00, 8.22303122240392086183767828633766500927e-01, 2.5562897629655197e-01, -5.0106327194274239e-01
0.23300000, 1.45055619790466999871557574341661164560e+00, -1.36555873228092145189444129806681581053e+00, 1.80665216062482720434043315962545463914e+01, -4.41076065489076388646955773918838522096e-02, 4.14543521323341530233296812528849566483e+00, 8.22245449643531522487855790721469966714e-01, 2.5545689343246447e-01, -5.0076877346335348e-01
0.23400000, 1.45046924132346974036792757800936083952e+00, -1.36552278479442532362722468888404385773e+00, 1.80667995628387072007104212083419396215e+01, -4.42122373189937177580831633757746205832e-02, 4.14547436428718067712281842290664833471e+00, 8.22187956596907629696484728056057786468e-01, 2.5528642520032864e-01, -5.0047448735478550e-01
0.23500000, 1.45038259852276745281094163043326538641e+00, -1.36548660875351250654835756594346790320e+00, 1.80670774716070444338242392013940935063e+01, -4.43161428690656375475904850282685021635e-02, 4.14551323329567732792004929517300799307e+00, 8.22130643000484406062795991458500441254e-01, 2.5511756867323964e-01, -5.0018041294449341e-01
0.23600000, 1.45029626938902594305904167388415653758e+00, -1.36545020400632023188969823960489245416e+00, 1.80673553326576759685926398312848208147e+01, -4.44193231635785959519884347186753781211e-02, 4.14555182023555577486642327067520139795e+00, 8.22073508754037518098268134629579219465e-01, 2.5495032093864201e-01, -4.9988654954699375e-01
0.23700000, 1.45021025380908357700617242867166022820e+00, -1.36541357039949566326244145277664025010e+00, 1.80676331460931475087564928277500420549e+01, -4.45217781667114603119047304861014230845e-02, 4.14559012508204027642642007670494696406e+00, 8.22016553757152048231152542866017882749e-01, 2.5478467909827518e-01, -4.9959289646389063e-01
0.23800000, 1.45012455167015191065782911223520655529e+00, -1.36537670777819367863818021137428736896e+00, 1.80679109120141572717284015797816898045e+01, -4.46235078423671084959601748510530932796e-02, 4.14562814780892811744330053792902027962e+00, 8.21959777909220227071136894227962595805e-01, 2.5462064026811900e-01, -4.9929945298390126e-01
0.23900000, 1.45003916285981331184855961903885723629e+00, -1.36533961598607462998008150320220999267e+00, 1.80681886305195550060733658089856108504e+01, -4.47245121541727815807640081115323018032e-02, 4.14566588838858888094383311585379584286e+00, 8.21903181109439150182848295841098887188e-01, 2.5445820157833925e-01, -4.9900621838288100e-01
0.24000000, 1.44995408726601857233263179485554902337e+00, -1.36530229486530208047834634816725086080e+00, 1.80684663017063409906712557605143606961e+01, -4.48247910654804483531392971721350729417e-02, 4.14570334679196370369519898830748541592e+00, 8.21846763256808479269960227056411893303e-01, 2.5429736017323326e-01, -4.9871319192384797e-01
0.24100000, 1.44986932477708451013471471689034794852e+00, -1.36526474425654051934364734681354049544e+00, 1.80687439256696650155396962605185420486e+01, -4.49243445393671816835798420528089811495e-02, 4.14574052298856451551745125651707391021e+00, 8.21790524250128127670813638459154162632e-01, 2.5413811321117542e-01, -4.9842037285700707e-01
0.24200000, 1.44978487528169156204657122002557742733e+00, -1.36522696399895305411175997319638323412e+00, 1.80690215025028253442956908091599111939e+01, -4.50231725386355468205743263323472955022e-02, 4.14577741694647326235476656706415253439e+00, 8.21734463987995930065602642346212407819e-01, 2.5398045786456275e-01, -4.9812776041977369e-01
0.24300000, 1.44970073866888136615489904386827872006e+00, -1.36518895393019908041212730048388365550e+00, 1.80692990322972676582340482069471718805e+01, -4.51212750258140016560714288196079890518e-02, 4.14581402863234111310859317738173836505e+00, 8.21678582368805296294309126959027055878e-01, 2.5382439131976055e-01, -4.9783535383679680e-01
0.24400000, 1.44961691482805433428458983814789311321e+00, -1.36515071388643192915262166221114657828e+00, 1.80695765151425839820004070575795749434e+01, -4.52186519631573090130013959568806534011e-02, 4.14585035801138765023566830741321008354e+00, 8.21622879290742849183698273695654785828e-01, 2.5366991077704788e-01, -4.9754315231998165e-01
0.24500000, 1.44953340364896721424079877748244381249e+00, -1.36511224370229649107229094807416656774e+00, 1.80698539511265115908363868609430649493e+01, -4.53153033126469610064151924173977441041e-02, 4.14588640504740004411374953810684473901e+00, 8.21567354651786046280808293501300109664e-01, 2.5351701345056328e-01, -4.9725115506851199e-01
0.24600000, 1.44945020502173064173233262195766483156e+00, -1.36507354321092681861340182024348862442e+00, 1.80701313403349318993741283139717541370e+01, -4.54112290359916155304518459676647424698e-02, 4.14592216970273221117778007168671061908e+00, 8.21512008349700785389482664960985510134e-01, 2.5336569656825025e-01, -4.9695936126887182e-01
0.24700000, 1.44936731883680668185797063791000712088e+00, -1.36503461224394370506361712455646811637e+00, 1.80704086828518693319572198835846064159e+01, -4.55064290946275449239980271661889614457e-02, 4.14595765193830395582908589186175020684e+00, 8.21456840282038993805601691134546971704e-01, 2.5321595737180295e-01, -4.9666777009486664e-01
0.24800000, 1.44928474498500636003643078353942411989e+00, -1.36499545063145224091867017122396166232e+00, 1.80706859787594901744647427139053287995e+01, -4.56009034497190968685613004444287302080e-02, 4.14599285171360009612008428767394035137e+00, 8.21401850346136201145772233256413830734e-01, 2.5306779311661174e-01, -4.9637638070764429e-01
0.24900000, 1.44920248335748718225978288546497167577e+00, -1.36495605820203934741542438293936219227e+00, 1.80709632281381014076149014887995490509e+01, -4.56946520621591675725398964883213131625e-02, 4.14602776898666957321686786654098567655e+00, 8.21347038439109095663329964969991404338e-01, 2.5292120107170882e-01, -4.9608519225571531e-01
0.25000000, 1.44912053384575064454919110322649477848e+00, -1.36491643478277128718473306605330842984e+00, 1.80712404310661495217244450000031329922e+01, -4.57876748925696872967373328822736583022e-02, 4.14606240371412454464191611485823397594e+00, 8.21292404457853063944597358199714292879e-01, 2.5277617851971382e-01, -4.9579420387497282e-01
0.25100000, 1.44903889634163973149093971635892805551e+00, -1.36487658019919115197304076480306916986e+00, 1.80715175876202193128998168806172887318e+01, -4.58799719013021182766397973163640136761e-02, 4.14609675585113946129907780357751270711e+00, 8.21237948299039713877422798020948825054e-01, 2.5263272275677940e-01, -4.9550341468871196e-01
0.25200000, 1.44895757073733640372975908952250525075e+00, -1.36483649427531632738119482197445857433e+00, 1.80717946978750326606357142636247335259e+01, -4.59715430484379650976479522716552769451e-02, 4.14613082535145012828286211742494279384e+00, 8.21183669859114380783101665419714975638e-01, 2.5249083109253687e-01, -4.9521282380764890e-01
0.25300000, 1.44887655692535907429552249092507193451e+00, -1.36479617683363593456846340483261704312e+00, 1.80720717619034472867964700257219212615e+01, -4.60623882937892975801327693274913522775e-02, 4.14616461216735274947397434647013587558e+00, 8.21129569034293616601848859600001721666e-01, 2.5235050085004174e-01, -4.9492243032993931e-01
0.25400000, 1.44879585479856007363842917273791684183e+00, -1.36475562769510824886928437619365936219e+00, 1.80723487797764554959554127888248661045e+01, -4.61525075968992862318672027815485982015e-02, 4.14619811624970295592293335490600289783e+00, 8.21075645720562662021053990959748925604e-01, 2.5221172936571935e-01, -4.9463223334119649e-01
0.25500000, 1.44871546425012310324682468334521862607e+00, -1.36471484667915809526979801113850756132e+00, 1.80726257515631828970670979860287187887e+01, -4.62419009170427503260720142089785876260e-02, 4.14623133754791481802351287211689928322e+00, 8.21021899813672901434605296980624906074e-01, 2.5207451398931042e-01, -4.9434223191450895e-01
0.25600000, 1.44863538517356067772083568317672092792e+00, -1.36467383360367422069074569462644794585e+00, 1.80729026773308871064470430668049221386e+01, -4.63305682132267186640049103536250397803e-02, 4.14626427600995984147765697407196329297e+00, 8.20968331209139300620616150520187441778e-01, 2.5193885208381663e-01, -4.9405242511045760e-01
0.25700000, 1.44855561746271155517401349077841667566e+00, -1.36463258828500664302284639920718319748e+00, 1.80731795571449564320333403293123739598e+01, -4.64185094441910030817174051602288493203e-02, 4.14629693158236594705343197815215253268e+00, 8.20914939802237827023928777307495100705e-01, 2.5180474102544619e-01, -4.9376281197713249e-01
0.25800000, 1.44847616101173815583418810502022466533e+00, -1.36459111053796397686029295074753233836e+00, 1.80734563910689085389042619376796446885e+01, -4.65057245684087847613035120198624287382e-02, 4.14632930421021643413749240178776816972e+00, 8.20861725488002852528803410260896653305e-01, 2.5167217820355936e-01, -4.9347339155014905e-01
0.25900000, 1.44839701571512396871373244337586265180e+00, -1.36454940017581073587754085971498287987e+00, 1.80737331791643890960257134210785818648e+01, -4.65922135440872134076685639937377305088e-02, 4.14636139383714892808345767555398880321e+00, 8.20808688161224538606227515487826282376e-01, 2.5154116102061400e-01, -4.9318416285266396e-01
0.26000000, 1.44831818146767094621842491459190141617e+00, -1.36450745701026461179409384277740787551e+00, 1.80740099214911704042021343717502210873e+01, -4.66779763291680193525551978734478342937e-02, 4.14639320040535431135751899618222169072e+00, 8.20755827716446203719298860886860727731e-01, 2.5141168689211107e-01, -4.9289512489539049e-01
0.26100000, 1.44823965816449688656307711543528500039e+00, -1.36446528085149372987152210152732345629e+00, 1.80742866181071500052041881735609412628e+01, -4.67630128813281386482768727915436028470e-02, 4.14642472385557563848252209657306809626e+00, 8.20703144047961672869147995021091573652e-01, 2.5128375324654016e-01, -4.9260627667661350e-01
0.26200000, 1.44816144570103280386106231329858608221e+00, -1.36442287150811388088648197982828468597e+00, 1.80745632690683492720463264141684420385e+01, -4.68473231579803512143272764747574630531e-02, 4.14645596412710703478170184137148654277e+00, 8.20650637049812609162870092706724567203e-01, 2.5115735752532494e-01, -4.9231761718220393e-01
0.26300000, 1.44808354397302028575383935604998836055e+00, -1.36438022878718572952303880699486572823e+00, 1.80748398744289119803870581757852861909e+01, -4.69309071162739321007566532938214405628e-02, 4.14648692115779257892317847177641512607e+00, 8.20598306615785827283933035363569419049e-01, 2.5103249718276862e-01, -4.9202914538563286e-01
0.26400000, 1.44800595287650883844551564350400374103e+00, -1.36433735249421199912712856972598637824e+00, 1.80751164342411028610244996754827771278e+01, -4.70137647130953159329335195746701364788e-02, 4.14651759488402516926626306656697959345e+00, 8.20546152639410588744517958866166888311e-01, 2.5090916968599942e-01, -4.9174086024798513e-01
0.26500000, 1.44792867230785321900643170617680850124e+00, -1.36429424243313463276552856097862477530e+00, 1.80753929485553061334595257499434039648e+01, -4.70958959050687746030424651715315808578e-02, 4.14654798524074537401056140317833548194e+00, 8.20494175013955878798230249132215060625e-01, 2.5078737251491596e-01, -4.9145276071797255e-01
0.26600000, 1.44785170216371075480867867053882681476e+00, -1.36425089840633193053124234896378237819e+00, 1.80756694174200240204985914658376687010e+01, -4.71773006485571082744058284527065374741e-02, 4.14657809216144026514881093918713202312e+00, 8.20442373632427664890593025155702515418e-01, 2.5066710316213267e-01, -4.9116484573194668e-01
0.26700000, 1.44777504234103864995537834878358559896e+00, -1.36420732021461566303674031495123065662e+00, 1.80759458408818752438680397001955658844e+01, -4.72579788996623497654590274229060138325e-02, 4.14660791557814223622433513770728379641e+00, 8.20390748387566136523701449248653080439e-01, 2.5054835913292512e-01, -4.9087711421391113e-01
0.26800000, 1.44769869273709127856446377721771712211e+00, -1.36416350765722816103603364598983896007e+00, 1.80762222189855935008114588902271750297e+01, -4.73379306142264823809562859329588355631e-02, 4.14663745542142780389395287770256279084e+00, 8.20339299171842926410374672951885043921e-01, 2.5043113794517539e-01, -4.9058956507553346e-01
0.26900000, 1.44762265324941746476659564177927692535e+00, -1.36411946053183938111609706002536229904e+00, 1.80764985517740259216414043143268348668e+01, -4.74171557478321712587354644670116826928e-02, 4.14666671162041639329713827066949211883e+00, 8.20288025877458312792092791902659729653e-01, 2.5031543712931738e-01, -4.9030219721615668e-01
0.27000000, 1.44754692377585774927573707195249477412e+00, -1.36407517863454394739769370891022007837e+00, 1.80767748392881315082165462511257071856e+01, -4.74956542558035083011277439394247639014e-02, 4.14669568410276910723218789794397468926e+00, 8.20236928396338402793948770828614888466e-01, 2.5020125422828207e-01, -4.9001500952281023e-01
0.27100000, 1.44747150421454164238978565450411426874e+00, -1.36403066175985816918519467278665380400e+00, 1.80770510815669795533150591874464289088e+01, -4.75734260932067707608600728052711114571e-02, 4.14672437279468747914011833829705055495e+00, 8.20186006620132296688779837123489563267e-01, 2.5008858679744274e-01, -4.8972800087022067e-01
0.27200000, 1.44739639446388486327752711404211585746e+00, -1.36398590970071703450452525128670132347e+00, 1.80773272786477480408748179252282985387e+01, -4.76504712148511935520656275575614738283e-02, 4.14675277762091220989698692462688234417e+00, 8.20135260440209232941569253924210845683e-01, 2.4997743240456024e-01, -4.8944117012082181e-01
0.27300000, 1.44732159442258656540702982538923890297e+00, -1.36394092224847117946791089760568427038e+00, 1.80776034305657220270707189886638913486e+01, -4.77267895752897553577901097645698014525e-02, 4.14678089850472188841530300341367309578e+00, 8.20084689747655713904127596442450371135e-01, 2.4986778862972811e-01, -4.8915451612476449e-01
0.27400000, 1.44724710398962654796944305913325672301e+00, -1.36389569919288383340363715613228066916e+00, 1.80778795373542920021991991730200759015e+01, -4.78023811288199786061595650557482951666e-02, 4.14680873536793169605517562405217942898e+00, 8.20034294433272612028972593111776905514e-01, 2.4975965306531772e-01, -4.8886803771992595e-01
0.27500000, 1.44717292306426245315099451137949724929e+00, -1.36385024032212773968858037901659335741e+00, 1.80781555990449522333397774233857621188e+01, -4.78772458294847433881586172134916713803e-02, 4.14683628813089209484582661097761518051e+00, 8.19984074387572256470228179907839883571e-01, 2.4965302331592339e-01, -4.8858173373191871e-01
0.27600000, 1.44709905154602694910480412554836838332e+00, -1.36380454542278205222080933859495961711e+00, 1.80784316156672990877632015027544437043e+01, -4.79513836310731153907566205489235047200e-02, 4.14686355671248749951808542432648048373e+00, 8.19934029500775499938256575401531541326e-01, 2.4954789699830740e-01, -4.8829560297409910e-01
0.27700000, 1.44702548933472489847294137082441278936e+00, -1.36375861427982920746910214845323775939e+00, 1.80787075872490293370555371226580649438e+01, -4.80247944871211879199133032758600327129e-02, 4.14689054103013493334847415031468230200e+00, 8.19884159662808765673621838531104953366e-01, 2.4944427174134506e-01, -4.8800964424757534e-01
0.27800000, 1.44695223633043051230795189028880042971e+00, -1.36371244667665177203576818431688057245e+00, 1.80789835138159384419272943846594794838e+01, -4.80974783509129380887950613603122345890e-02, 4.14691724099978266781548743709339239560e+00, 8.19834464763301074404859442940765460296e-01, 2.4934214518596961e-01, -4.8772385634121521e-01
0.27900000, 1.44687929243348448924186666248083953450e+00, -1.36366604239502926566871098586730527372e+00, 1.80792593953919188176764445364224954561e+01, -4.81694351754810972473382244995165762707e-02, 4.14694365653590884606867326302506623878e+00, 8.19784944691581051153393812632251203829e-01, 2.4924151498511717e-01, -4.8743823803165328e-01
0.28000000, 1.44680665754449113974948242266337769605e+00, -1.36361940121513495965821545171610179464e+00, 1.80795352319989580802739392012552228561e+01, -4.82406649136080357301064121396435700500e-02, 4.14696978755152009021112615053207268946e+00, 8.19735599336673911747804434599540021442e-01, 2.4914237880367158e-01, -4.8715278808329779e-01
0.28100000, 1.44673433156431549535146595282887060180e+00, -1.36357252291553265055349104260511947474e+00, 1.80798110236571372730401044148196496956e+01, -4.83111675178266620002055869239215584757e-02, 4.14699563395815009239601487930332230650e+00, 8.19686428587298428908491015432702930544e-01, 2.4904473431840928e-01, -4.8686750524833705e-01
0.28200000, 1.44666231439408040260158685977298707110e+00, -1.36352540727317340913355221370497186880e+00, 1.80800867703846290738800430173913577528e+01, -4.83809429404213362678426553105536453333e-02, 4.14702119566585818973778196807911701334e+00, 8.19637432331863877762629100328427170965e-01, 2.4894857921794400e-01, -4.8658238826674545e-01
0.28300000, 1.44659060593516360170112350454384788205e+00, -1.36347805406339230456656793771312932259e+00, 1.80803624721976959830459412253355246047e+01, -4.84499911334287986629415204438064968764e-02, 4.14704647258322792303867224584789559167e+00, 8.19588610458466960648139543646172775427e-01, 2.4885391120267150e-01, -4.8629743586628910e-01
0.28400000, 1.44651920608919478958221470926640318862e+00, -1.36343046305990510369136398916716419384e+00, 1.80806381291106884913939385624670229799e+01, -4.85183120486391120420644213320029251053e-02, 4.14707146461736557933127278346889392918e+00, 8.19539962854888711064218128580818000650e-01, 2.4876072798471424e-01, -4.8601264676253098e-01
0.28500000, 1.44644811475805266730064563260677356807e+00, -1.36338263403480494535431467066915146392e+00, 1.80809137411360432291029847922490076225e+01, -4.85859056375966195107262561165667588940e-02, 4.14709617167389871823777636889583672003e+00, 8.19491489408591376624785397526923901336e-01, 2.4866902728786595e-01, -4.8572801965883578e-01
0.28600000, 1.44637733184386197157725965567754396246e+00, -1.36333456675855898973441490807599197961e+00, 1.80811893082842810948228730773653859335e+01, -4.86527718516009167430354473492495089706e-02, 4.14712059365697468214671564777231632117e+00, 8.19443190006715280870021291484983578722e-01, 2.4857880684753619e-01, -4.8544355324637424e-01
0.28700000, 1.44630685724899049032587913751053599804e+00, -1.36328626100000504258887915950540288401e+00, 1.80814648305640053652184053265383638431e+01, -4.87189106417078391814468258866121572688e-02, 4.14714473046925909020795508170746776121e+00, 8.19395064536075663789944422956655344509e-01, 2.4849006441069480e-01, -4.8515924620412718e-01
0.28800000, 1.44623669087604606200429636366691439479e+00, -1.36323771652634815435117040845582923974e+00, 1.80817403079818997848764135924709886864e+01, -4.87843219587304642002700499371818240043e-02, 4.14716858201193431614677306559785154961e+00, 8.19347112883159500912781638091525148872e-01, 2.4840279773581631e-01, -4.8487509719888901e-01
0.28900000, 1.44616683262787355862356180224211664049e+00, -1.36318893310315719401292068153139479925e+00, 1.80820157405427266365421304828592511127e+01, -4.88490057532401283174413001571137951457e-02, 4.14719214818469794989791696059890396534e+00, 8.19299334934122300809649875622203363284e-01, 2.4831700459282431e-01, -4.8459110488527100e-01
0.29000000, 1.44609728240755185224944977636771703369e+00, -1.36313991049436139772076408417886680848e+00, 1.80822911282493247916511718623938197905e+01, -4.89129619755674595399364642137654173770e-02, 4.14721542888576124306056950952668920063e+00, 8.19251730574784880865839116934832453434e-01, 2.4823268276303570e-01, -4.8430726790570396e-01
0.29100000, 1.44602804011839076482862173800079168469e+00, -1.36309064846224689201866432236347424221e+00, 1.80825664711026077411231666818920868310e+01, -4.89761905758034249290808091871241928123e-02, 4.14723842401184753817522617646210862031e+00, 8.19204299690630121167742357378368550869e-01, 2.4814983003910490e-01, -4.8402358489044067e-01
0.29200000, 1.44595910566392800117063435977252337833e+00, -1.36304114676745319166588111403249277816e+00, 1.80828417691015616063828415959877680539e+01, -4.90386915038003934728933023603072971458e-02, 4.14726113345819068182354946313923223072e+00, 8.19157042166799696353225926856218223510e-01, 2.4806844422496801e-01, -4.8374005445755785e-01
0.29300000, 1.44589047894792606491555352414036811284e+00, -1.36299140516896967196028383227024846361e+00, 1.80831170222432431305741421484728563218e+01, -4.91004647091732143534933457114560862424e-02, 4.14728355711853342155233827347680265683e+00, 8.19109957888090785271971060429001022036e-01, 2.4798852313578683e-01, -4.8345667521295776e-01
0.29400000, 1.44582215987436915731553585498826862466e+00, -1.36294142342413201549628620391362995217e+00, 1.80833922305227776499327477402520781902e+01, -4.91615101413003106984938026600580254054e-02, 4.14730569488512578662282799766881190751e+00, 8.19063046738952758301045278966740764134e-01, 2.4791006459789287e-01, -4.8317344575036933e-01
0.29500000, 1.44575414834746005865732657780834917587e+00, -1.36289120128861863328624295571453947332e+00, 1.80836673939333570452821143752594982000e+01, -4.92218277493247889062068837968925343925e-02, 4.14732754664872345258662024307606005705e+00, 8.19016308603483842159679797015582322821e-01, 2.4783306644873125e-01, -4.8289036465134903e-01
0.29600000, 1.44568644427161699215119608104895118137e+00, -1.36284073851644706017371799852518429617e+00, 1.80839425124662376736179573314443036397e+01, -4.92814174821555636353987884557910255024e-02, 4.14734911229858608968963012644011914102e+00, 8.18969743365427762065936740489867314246e-01, 2.4775752653680453e-01, -4.8260743048528120e-01
0.29700000, 1.44561904755147047011039745220129076168e+00, -1.36279003485997032446660411305909791139e+00, 1.80842175861107382797458654544272461904e+01, -4.93402792884684985512450386515991033961e-02, 4.14737039172247569510553383756994110539e+00, 8.18923350908170361076647340370747672061e-01, 2.4768344272161643e-01, -4.8232464180937810e-01
0.29800000, 1.44555195809186012224377334548102038901e+00, -1.36273909006987329171764619417223023912e+00, 1.80844926148542378879365197485634125933e+01, -4.93984131167075629200612592690196466397e-02, 4.14739138480665490900029986675376169908e+00, 8.18877131114736196450689379392348974669e-01, 2.4761081287361555e-01, -4.8204199716867953e-01
0.29900000, 1.44548517579783150588267266997632979265e+00, -1.36268790389516898257949397096955589753e+00, 1.80847675986821736735627713723654359338e+01, -4.94558189150860041463138221763563695320e-02, 4.14741209143588531442949393609506643022e+00, 8.18831083867785112874348915125140470908e-01, 2.4753963487413886e-01, -4.8175949509605204e-01
0.30000000, 1.44541870057463289796185563297690355172e+00, -1.36263647608319486466098579507384035122e+00, 1.80850425375780388146826180615386186093e+01, -4.95124966315875363463513514751840668068e-02, 4.14743251149342572107016036939467951941e+00, 8.18785209049608792386177592612640032926e-01, 2.4746990661535526e-01, -4.8147713411218776e-01
0.30100000, 1.44535253232771206857256949661215282647e+00, -1.36258480637960911831094262785738634421e+00, 1.80853174315233803235319034328091028886e+01, -4.95684462139675450542416522895465391925e-02, 4.14745264486103043278920145801620009104e+00, 8.18739506542127280837412599755834654241e-01, 2.4740162600020893e-01, -4.8119491272560292e-01
0.30200000, 1.44528667096271303590446686929165194281e+00, -1.36253289452838687625533080917771799149e+00, 1.80855922804977968578903505954089502295e+01, -4.96236676097543081560492468492816130017e-02, 4.14747249141894749905030141459303932330e+00, 8.18693976226885490722671415223888750264e-01, 2.4733479094236264e-01, -4.8091282943263583e-01
0.30300000, 1.44522111638547280239151331775622463452e+00, -1.36248074027181643701323360611511866651e+00, 1.80858670844789365122843300452146999554e+01, -4.96781607662502331498464502350069739777e-02, 4.14749205104591695016157283699388905343e+00, 8.18648617985049680214267857329478950877e-01, 2.4726939936614096e-01, -4.8063088271744463e-01
0.30400000, 1.44515586850201807187549141042339338276e+00, -1.36242834335049545201665497244067001870e+00, 1.80861418434424945889895519704007036786e+01, -4.97319256305331108297158657370815363412e-02, 4.14751132361916901636624131752759109976e+00, 8.18603431697403908232119467842835524890e-01, 2.4720544920647338e-01, -4.8034907105200459e-01
0.30500000, 1.44509092721856194759915384634931087490e+00, -1.36237570350332708635876445123944581975e+00, 1.80864165573622113487966648889414970085e+01, -4.97849621494573854929743986595735934131e-02, 4.14753030901442233077882801416135620190e+00, 8.18558417244346465379828861196753716843e-01, 2.4714293840883730e-01, -4.8006739289610497e-01
0.30600000, 1.44502629244150061083950894331519695847e+00, -1.36232282046751615309477977861964516141e+00, 1.80866912262098697415025359998583160923e+01, -4.98372702696554417708284505130032178751e-02, 4.14754900710588211616944074014586034695e+00, 8.18513574505886280576123240283313872100e-01, 2.4708186492920094e-01, -4.7978584669734566e-01
0.30700000, 1.44496196407740997999013730863128740859e+00, -1.36226969397856522101927355127201390696e+00, 1.80869658499552931160897837948460282512e+01, -4.98888499375389081836569364503169198655e-02, 4.14756741776623835559894151587866625234e+00, 8.18468903361639303209426727646387096989e-01, 2.4702222673396614e-01, -4.7950443089113325e-01
0.30800000, 1.44489794203304234989983885114028627787e+00, -1.36221632377027069584328236151410950479e+00, 1.80872404285663429105569303785529763021e+01, -4.99397010992999775231132417028753880508e-02, 4.14758554086666394690792265349920156979e+00, 8.18424403690824860641919387168845990224e-01, 2.4696402179991110e-01, -4.7922314390067686e-01
0.30900000, 1.44483422621532301127329426503958291647e+00, -1.36216270957471887469419113828169058778e+00, 1.80875149620089163213613396186642827543e+01, -4.99898237009127441642392724965421526384e-02, 4.14760337627681284106259440343357094455e+00, 8.18380075372261990888004717423837256096e-01, 2.4690724811413288e-01, -4.7894198413698354e-01
0.31000000, 1.44477081653134684993779457649658703914e+00, -1.36210885112228197386096212046741533169e+00, 1.80877894502469439524369077260475965518e+01, -5.00392176881345584117944389432464203430e-02, 4.14762092386481816436086507718945609537e+00, 8.18335918284365750290663884032437264776e-01, 2.4685190367398998e-01, -4.7866094999885329e-01
0.31100000, 1.44470771288837492577844614208503433096e+00, -1.36205474814161412970687699045999564856e+00, 1.80880638932423874437482751861994790862e+01, -5.00878830065073979860198078292995724546e-02, 4.14763818349729032450207946790891056179e+00, 8.18291932305143496017719924210697824067e-01, 2.4679798648704462e-01, -4.7838003987287374e-01
0.31200000, 1.44464491519383103114259647179932312028e+00, -1.36200040035964737267156227238288903799e+00, 1.80883382909552370793431331623829670854e+01, -5.01358196013592567540828588306060676159e-02, 4.14765515503931510052407341678461533385e+00, 8.18248117312191143198568500996399740233e-01, 2.4674549457100504e-01, -4.7809925213341440e-01
0.31300000, 1.44458242335529822851254826526843971223e+00, -1.36194580750158757428367221434260670827e+00, 1.80886126433435093748640036051469379680e+01, -5.01830274178055508144813459088326669534e-02, 4.14767183835445171661140161821507618849e+00, 8.18204473182689396520453405447847211547e-01, 2.4669442595366760e-01, -4.7781858514262059e-01
0.31400000, 1.44452023728051536724393494271812003755e+00, -1.36189096929091036710521009126055748514e+00, 1.80888869503632446444806803700231035356e+01, -5.02295064007505420427257845795830226495e-02, 4.14768823330473089977880231983722611635e+00, 8.18160999793399956101874799656516979547e-01, 2.4664477867285882e-01, -4.7753803725040699e-01
0.31500000, 1.44445835687737357916542056559993796035e+00, -1.36183588544935703752807825020438394974e+00, 1.80891612119685045472043287034575215592e+01, -5.02752564948887792076691341637125036797e-02, 4.14770433975065292143417655721279791697e+00, 8.18117697020661697459216058185292819677e-01, 2.4659655077637721e-01, -4.7725760679445078e-01
0.31600000, 1.44439678205391275283366021743763879845e+00, -1.36178055569693039134305934054015191081e+00, 1.80894354281113696125440525455053896612e+01, -5.03202776447065567689094014843949491220e-02, 4.14772015755118562282558107042274512964e+00, 8.18074564740386825381160896223112112419e-01, 2.4654974032193511e-01, -4.7697729210018446e-01
0.31700000, 1.44433551271831798623571349357625980842e+00, -1.36172497975189059200104609506314624927e+00, 1.80897095987419367454665532562706994205e+01, -5.03645697944833914667562388881723984050e-02, 4.14773568656376242437696318621288439694e+00, 8.18031602828057001523946164235241589174e-01, 2.4650434537710027e-01, -4.7669709148078830e-01
0.31800000, 1.44427454877891601772934356780877255448e+00, -1.36166915733075097148595482530548496862e+00, 1.80899837238083167106193196420025464287e+01, -5.04081328882935168173262257714702013128e-02, 4.14775092664428031891760282133363414120e+00, 8.17988811158719445538957135293203462063e-01, 2.4646036401923734e-01, -4.7641700323718235e-01
0.31900000, 1.44421389014417163500985720134176024199e+00, -1.36161308814827381371837853566523147302e+00, 1.80902578032566315957776075774016539388e+01, -5.04509668700073956264134905054718827616e-02, 4.14776587764709784881047147867923326952e+00, 8.17946189606983009542621205899387742786e-01, 2.4641779433544931e-01, -4.7613702565801823e-01
0.32000000, 1.44415353672268406189034687066762142095e+00, -1.36155677191746611040865931950876812720e+00, 1.80905318370310122544752881350273048268e+01, -5.04930716832932506368727309957282812891e-02, 4.14778053942503306698497077778498484956e+00, 8.17903738047014225736992566486798244553e-01, 2.4637663442251867e-01, -4.7585715701967036e-01
0.32100000, 1.44409348842318332268038474942023096394e+00, -1.36150020834957528927768655009736405787e+00, 1.80908058250735957277794659834706115745e+01, -5.05344472716186134253506100220863069665e-02, 4.14779491182936148187977379691259822046e+00, 8.17861456352533326987844465576520419696e-01, 2.4633688238684853e-01, -4.7557739558622705e-01
0.32200000, 1.44403374515452658394638941733532808306e+00, -1.36144339715408491456335739571307958603e+00, 1.80910797673245226451685949466918884257e+01, -5.05750935782518916653090196292937224748e-02, 4.14780899470981398630176141879556741122e+00, 8.17819344396810240165497082706646186376e-01, 2.4629853634440363e-01, -4.7529773960948102e-01
0.32300000, 1.44397430682569447343503971747917179510e+00, -1.36138633803871035973026944886786311794e+00, 1.80913536637219346044736450719096805397e+01, -5.06150105462639548743999115514121140502e-02, 4.14782278791457477020732308132969543137e+00, 8.17777402052660552052007629784614488380e-01, 2.4626159442065105e-01, -4.7501818732891969e-01
0.32400000, 1.44391517334578737593924596972813624514e+00, -1.36132903070939445229985184268434540961e+00, 1.80916275142019715308417053777757328835e+01, -5.06541981185297387653763630554935233422e-02, 4.14783629129027921741257695505344667047e+00, 8.17735629192441447616735007719986517339e-01, 2.4622605475050099e-01, -4.7473873697171509e-01
0.32500000, 1.44385634462402170588430660115692727851e+00, -1.36127147487030309071778121372670610008e+00, 1.80919013186987690146812386941824164805e+01, -5.06926562377298683208583755190069649195e-02, 4.14784950468201178623935871994349461713e+00, 8.17694025688047620460664043503969876914e-01, 2.4619191547824721e-01, -4.7445938675271336e-01
0.32600000, 1.44379782056972615640997799788716439208e+00, -1.36121367022382083317517234162854186947e+00, 1.80921750771444556285480397066576929621e+01, -5.07303848463522997134146730905699190466e-02, 4.14786242793330387410413091545283501700e+00, 8.17652591410907155228233909926576840899e-01, 2.4615917475750742e-01, -4.7418013487442393e-01
0.32700000, 1.44373960109233792472226684169248816392e+00, -1.36115561647054645829968033533631674389e+00, 1.80924487894691502229307845294735282875e+01, -5.07673838866939811935735682527366190721e-02, 4.14787506088613166605727641229411905562e+00, 8.17611326231977381783761672642890591118e-01, 2.4612783075116353e-01, -4.7390097952700839e-01
0.32800000, 1.44368168610139891348681719013439283691e+00, -1.36109731330928849763230192884430705577e+00, 1.80927224556009592008948999007408875968e+01, -5.08036533008625330695368780923910476694e-02, 4.14788740338091396728056002654980513904e+00, 8.17570230021740700947884903263084038576e-01, 2.4609788163130166e-01, -4.7362191888826890e-01
0.32900000, 1.44362407550655190803380891133362345293e+00, -1.36103876043706073980531788280840609482e+00, 1.80929960754659737715433224691636444679e+01, -5.08391930307779469035409984341978752781e-02, 4.14789945525651001955087179250917847570e+00, 8.17529302650200381587766827655156543948e-01, 2.4606932557915207e-01, -4.7334295112363632e-01
0.33000000, 1.44356676921753672914230961200352210124e+00, -1.36097995754907770633647675097417371447e+00, 1.80932696489882671822525636759254624215e+01, -5.08740030181743040509886623198175220294e-02, 4.14791121635021730167870405835902036650e+00, 8.17488543986876328853113429981643657002e-01, 2.4604216078502889e-01, -4.7306407438615797e-01
0.33100000, 1.44350976714418636117002871662530290826e+00, -1.36092090433875009895418245226418641284e+00, 1.80935431760898919296423434774271557604e+01, -5.09080832046015136696637150098824087321e-02, 4.14792268649776931393016249861929704674e+00, 8.17447953900800823348344188563199204753e-01, 2.4601638544826972e-01, -4.7278528681648506e-01
0.33200000, 1.44345306919642305529240968135826255650e+00, -1.36086160049768021836811428273789267167e+00, 1.80938166566908769492369066572189932280e+01, -5.09414335314270703275395209189585932190e-02, 4.14793386553333334644166848113633773031e+00, 8.17407532260514231029536562045285223000e-01, 2.4599199777717499e-01, -4.7250658654285971e-01
0.33300000, 1.44339667528425440761296427134729964382e+00, -1.36080204571565735439937830036198558637e+00, 1.80940900907092247837759887913413794448e+01, -5.09740539398378313388994706267750680523e-02, 4.14794475328950823163687711866003147700e+00, 8.17367278934060683613028855258983027765e-01, 2.4596899598894724e-01, -4.7222797168110169e-01
0.33400000, 1.44334058531776941190470120556543098883e+00, -1.36074223968065314738396351534040232931e+00, 1.80943634780609087301332551141879386711e+01, -5.10059443708418139597055710986033227737e-02, 4.14795534959732208065571191172196943186e+00, 8.17327193788983729280816554476856867642e-01, 2.4594737830963017e-01, -4.7194944033459477e-01
0.33500000, 1.44328479920713448674043008839563302914e+00, -1.36068218207881692076295511724214493060e+00, 1.80946368186598699647998946366725297597e+01, -5.10371047652700125743783730531917577253e-02, 4.14796565428623000380580328895806996019e+00, 8.17287276692321953466113511474124871600e-01, 2.4592714297404753e-01, -4.7167099059427272e-01
0.33600000, 1.44322931686258947676763020911840372167e+00, -1.36062187259447098477264016681707964506e+00, 1.80949101124180146478909139506119613497e+01, -5.10675350637782360073886104070329942513e-02, 4.14797566718411181504701471354843975699e+00, 8.17247527510604569500671354055651769321e-01, 2.4590828822574183e-01, -4.7139262053860501e-01
0.33700000, 1.44317413819444362788146230473460994376e+00, -1.36056131091010591114732887661445008839e+00, 1.80951833592452110056315402695005651382e+01, -5.10972352068489650943079930843598079637e-02, 4.14798538811726972052014649258240911543e+00, 8.17207946109846978903658085776059330933e-01, 2.4589081231691288e-01, -4.7111432823358209e-01
0.33800000, 1.44311926311307153604736955160744563873e+00, -1.36050049670637577874740690368280423268e+00, 1.80954565590492863912810114639136337596e+01, -5.11262051347932306482237022219251693596e-02, 4.14799481691042599113132414456908900655e+00, 8.17168532355546301090089886870070249877e-01, 2.4587471350835615e-01, -4.7083611173270042e-01
0.33900000, 1.44306469152890906952256167880961127050e+00, -1.36043942966209339002483108508992428276e+00, 1.80957297117360243244509022083027989257e+01, -5.11544447877525119586883827554978633083e-02, 4.14800395338672061920400529587395260570e+00, 8.17129286112676872274988518457478558814e-01, 2.4585999006940089e-01, -4.7055796907694705e-01
0.34000000, 1.44301042335244926422350298041854257950e+00, -1.36037810945422545823798287013674615324e+00, 1.80960028172091615087750099246287230271e+01, -5.11819541057006559616549102276474233828e-02, 4.14801279736770895921097673867147626410e+00, 8.17090207245685713347600338551265302465e-01, 2.4584664027784812e-01, -4.7027989829478398e-01
0.34100000, 1.44295645849423819198433094295196691420e+00, -1.36031653575788776532750045138663781075e+00, 1.80962758753703848278877020478443085351e+01, -5.12087330284458172201330249247539106005e-02, 4.14802134867335935259916164242784633159e+00, 8.17051295618487966488161636059884025367e-01, 2.4583466241990843e-01, -4.7000189740213206e-01
0.34200000, 1.44290279686487080144891699333075970473e+00, -1.36025470824634029036442238151855461995e+00, 1.80965488861193283196675073104789018160e+01, -5.12347814956324188566031765076701719829e-02, 4.14802960712205073672051612162744095142e+00, 8.17012551094462300297828651736574686209e-01, 2.4582405479013955e-01, -4.6972396440235464e-01
0.34300000, 1.44284943837498673133704430584494685915e+00, -1.36019262659098230848169239819358587085e+00, 1.80968218493535701287026183113357560503e+01, -5.12600994467431345795317063760355552456e-02, 4.14803757253057023788276458042304238433e+00, 8.16973973536446283210509155907474733369e-01, 2.4581481569138369e-01, -4.6944609728624083e-01
0.34400000, 1.44279638293526609582291947520922079373e+00, -1.36013029046134746019979738041521355571e+00, 1.80970947649686294369348606605443920090e+01, -5.12846868211008919476509141974838164810e-02, 4.14804524471411074853420463847664362446e+00, 8.16935562806731724953435663938326637209e-01, 2.4580694343470480e-01, -4.6916829403198847e-01
0.34500000, 1.44274363045642524176195495651452325544e+00, -1.36006769952509879105703794527825156116e+00, 1.80973676328579633724385755449546174046e+01, -5.13085435578708970169977113092724183595e-02, 4.14805262348626848859730515221699540713e+00, 8.16897318767059985821408163020686843365e-01, 2.4580043633932549e-01, -4.6889055260518669e-01
0.34600000, 1.44269118084921247749945727924256724068e+00, -1.36000485344802376145466428378880787810e+00, 1.80976404529129638962907577002904573904e+01, -5.13316695960626805170455599104836628899e-02, 4.14805970865904055096632504525580210418e+00, 8.16859241278617253527706468326321985681e-01, 2.4579529273256380e-01, -4.6861287095879825e-01
0.34700000, 1.44263903402440377299253194696536071908e+00, -1.35994175189402922662684855111887063395e+00, 1.80979132250229546674886895769108373088e+01, -5.13540648745321657036163368443157383352e-02, 4.14806650004282243118469651642853424067e+00, 8.16821330202029787392728892354040643702e-01, 2.4579151094976980e-01, -4.6833524703314140e-01
0.34800000, 1.44258718989279843097416942026257650070e+00, -1.35987839452513638664520959506572765524e+00, 1.80981859490751878858712150129183010697e+01, -5.13757293319837580376217489528067106470e-02, 4.14807299744640554131844387201355200976e+00, 8.16783585397359129629454666943156616356e-01, 2.4578908933426187e-01, -4.6805767875587155e-01
0.34900000, 1.44253564836521472888610742900430738048e+00, -1.35981478100147570636735615379884769403e+00, 1.80984586249548411129997020513623427452e+01, -5.13966629069724568400580690028579564672e-02, 4.14807920067697470804244890082992879090e+00, 8.16746006724097283482852370622339407047e-01, 2.4578802623726291e-01, -4.6778016404196254e-01
0.35000000, 1.44248440935248553130467285058280326795e+00, -1.35975091098128180523867100976386228074e+00, 1.80987312525450140709546547282398148681e+01, -5.14168655379059890750633634736561036222e-02, 4.14808510954010565495692555039217424624e+00, 8.16708594041161857978365351473894638699e-01, 2.4578832001783616e-01, -4.6750270079368755e-01
0.35100000, 1.44243347276545387258139129990221813716e+00, -1.35968678412088831685632108287199111378e+00, 1.80990038317267254190038477869546308344e+01, -5.14363371630469654142431534185744321283e-02, 4.14809072383976246915203084499544478801e+00, 8.16671347206891179032597663393944859797e-01, 2.4578996904282095e-01, -4.6722528690059975e-01
0.35200000, 1.44238283851496850941771417975011429042e+00, -1.35962240007472271820424721729973589012e+00, 1.80992763623789095080977764161485074988e+01, -5.14550777205150587368786954497140491099e-02, 4.14809604337829505203911569105659396429e+00, 8.16634266079039366677300216489820253905e-01, 2.4579297168676810e-01, -4.6694792023951258e-01
0.35300000, 1.44233250651187944309075100919155323579e+00, -1.35955775849530112846766259933434679753e+00, 1.80995488443784131131481353358917325309e+01, -5.14730871482892052220519008513733433155e-02, 4.14810106795643655446770862247428127074e+00, 8.16597350514771378145716544446060316888e-01, 2.4579732633187522e-01, -4.6667059867447972e-01
0.35400000, 1.44228247666703341104440915325344645830e+00, -1.35949285903322307733537047825424142146e+00, 1.80998212775999921430449679479375588927e+01, -5.14903653842098281901524370587768768765e-02, 4.14810579737330079614792783315513753922e+00, 8.16560600370658016568290676175056491809e-01, 2.4580303136792161e-01, -4.6639332005677475e-01
0.35500000, 1.44223274889126934755783338758625507727e+00, -1.35942770133716624269800029035415800749e+00, 1.81000936619163083283680568961972498497e+01, -5.15069123659810848526758883344575489078e-02, 4.14811023142637966939863221191232248218e+00, 8.16524015502670905022665928208298700353e-01, 2.4581008519220310e-01, -4.6611608222487041e-01
0.35600000, 1.44218332309541381320050381294133454263e+00, -1.35936228505388115765005655267488618283e+00, 1.81003659971979258867480623321985388641e+01, -5.15227280311731361306771034834530966967e-02, 4.14811436991154052724225072621751498778e+00, 8.16487595766177425680812869434882715868e-01, 2.4581848620946653e-01, -4.6583888300441765e-01
0.35700000, 1.44213419919027639278079224986176933507e+00, -1.35929660982818588670347714522227324345e+00, 1.81006382833133081658328535267946006858e+01, -5.15378123172244397037101408765643709898e-02, 4.14811821262302355586787158816835781435e+00, 8.16451341015935623794017111404922576565e-01, 2.4582823283184402e-01, -4.6556172020822429e-01
0.35800000, 1.44208537708664506149219415534715618046e+00, -1.35923067530296067112020698863293348206e+00, 1.81009105201288142638144232948935691251e+01, -5.15521651614440664525656488722347916213e-02, 4.14812175935343913148482837380418304607e+00, 8.16415251106089076254332805029966804699e-01, 2.4583932347878700e-01, -4.6528459163623336e-01
0.35900000, 1.44203685669528151895884506951213539438e+00, -1.35916448111914254327110980131121585412e+00, 1.81011827075086956274717230869552688557e+01, -5.15657865010140404606082078907174441524e-02, 4.14812500989376516158968985378181677719e+00, 8.16379325890161724468965636767009633076e-01, 2.4585175657700001e-01, -4.6500749507550115e-01
0.36000000, 1.44198863792691649087929737818783512191e+00, -1.35909802691571990992836474178994440866e+00, 1.81014548453150926276847096333239714987e+01, -5.15786762729917027400202248297099744841e-02, 4.14812796403334441067024393060632316063e+00, 8.16343565221052671281889571997134376063e-01, 2.4586553056037420e-01, -4.6473042830017489e-01
0.36100000, 1.44194072069224499796487452144833616668e+00, -1.35903131232972710439832646708982321216e+00, 1.81017269334080311123748517904241994060e+01, -5.15908344143120988507755281385968482768e-02, 4.14813062155988181037076396931561658069e+00, 8.16307968951030941674824447127635044323e-01, 2.4588064386992060e-01, -4.6445338907147023e-01
0.36200000, 1.44189310490192159186623544025515287519e+00, -1.35896433699623890740166662771797208146e+00, 1.81019989716454189368273088181725420691e+01, -5.16022608617903905816949806057005435183e-02, 4.14813298225944175414355816202491936362e+00, 8.16272536931730206977506620874893157181e-01, 2.4589709495370316e-01, -4.6417637513764822e-01
0.36300000, 1.44184579046655555777907178349722998303e+00, -1.35889710054836503660746223916764704118e+00, 1.81022709598830424713499588038475904675e+01, -5.16129555521242918644783256805760582260e-02, 4.14813504591644537641252959243881335478e+00, 8.16237269014143472314972114236016306582e-01, 2.4591488226677143e-01, -4.6389938423399217e-01
0.36400000, 1.44179877729670608341712394295948285127e+00, -1.35882960261724460472775188588531626658e+00, 1.81025428979745630862244284287947916255e+01, -5.16229184218965290931612318840614220039e-02, 4.14813681231366781627521657788201419647e+00, 8.16202165048617727017340851937156790934e-01, 2.4593400427109313e-01, -4.6362241408278407e-01
0.36500000, 1.44175206530287739403793908905897147356e+00, -1.35876184283204054607894449724862208645e+00, 1.81028147857715136139042528419159656156e+01, -5.16321494075773260230142195041968208709e-02, 4.14813828123223546577053988033306768635e+00, 8.16167224884848557715341618858627970686e-01, 2.4595445943548626e-01, -4.6334546239328074e-01
0.36600000, 1.44170565439551385320400478798633146799e+00, -1.35869382081993401151633765985561753045e+00, 1.81030866231232947884152771506312397726e+01, -5.16406484455269134244809663143170996737e-02, 4.14813945245162320274025571436393156259e+00, 8.16132448371874723842550015381999631420e-01, 2.4597624623555111e-01, -4.6306852686168966e-01
0.36700000, 1.44165954448499502895907523116570890581e+00, -1.35862553620611873164788327323602330803e+00, 1.81033584098771716619133990601894055000e+01, -5.16484154719980636693475174924612113611e-02, 4.14814032574965160831290136208421122644e+00, 8.16097835358072695263025887181820151840e-01, 2.4599936315360186e-01, -4.6279160517114454e-01
0.36800000, 1.44161373548163072509666333820668381383e+00, -1.35855698861379534823322799705393576919e+00, 1.81036301458782699983547455817092708113e+01, -5.16554504231386504279412933217494750324e-02, 4.14814090090248416903982385979647956652e+00, 8.16063385691151151740732268194722229259e-01, 2.4602380867859800e-01, -4.6251469499168047e-01
0.36900000, 1.44156822729565597719480073977711727420e+00, -1.35848817766416571367395456034805229346e+00, 1.81039018309695726442333755856354274132e+01, -5.16617532349942336577796217111205276899e-02, 4.14814117768462446371370187811574687989e+00, 8.16029099218145443964794659944356262627e-01, 2.4604958130607540e-01, -4.6223779398020891e-01
0.37000000, 1.44152301983722601308826863957032209105e+00, -1.35841910297642715850085779404936216790e+00, 1.81041734649919158763416043994961822488e+01, -5.16673238435106700657219472522695569120e-02, 4.14814115586891333490080681026073390805e+00, 8.15994975785412015842317324789753032531e-01, 2.4607667953807709e-01, -4.6196089978049226e-01
0.37100000, 1.44147811301641117744657552473053912992e+00, -1.35834976416776672676400639701213711407e+00, 1.81044450477839857265080567377274425129e+01, -5.16721621845367492273280116425269482318e-02, 4.14814083522652604521910144904826492685e+00, 8.15961015238622787768112042812724258351e-01, 2.4610510188308381e-01, -4.6168401002311817e-01
0.37200000, 1.44143350674319182012300236913786365102e+00, -1.35828016085335537923126814661889770504e+00, 1.81047165791823142832685701093275054768e+01, -5.16762681938268555487862901461057922002e-02, 4.14814021552696941839514371231914540351e+00, 8.15927217422759500578314318892444443789e-01, 2.4613484685594421e-01, -4.6140712232547354e-01
0.37300000, 1.44138920092745314793705207866136541553e+00, -1.35821029264634216430091271470065281365e+00, 1.81049880590212759704250925803991917540e+01, -5.16796418070436562584529347069007636835e-02, 4.14813929653807896513364891319359377929e+00, 8.15893582182108019892462174071498514137e-01, 2.4616591297780473e-01, -4.6113023429171827e-01
0.37400000, 1.44134519547898003954962718409444387867e+00, -1.35814015915784835653385264863544762137e+00, 1.81052594871330838024477464791215773776e+01, -5.16822829597608156167315468193475387341e-02, 4.14813807802601599383446731344345086235e+00, 8.15860109360252600546193258753303325979e-01, 2.4619829877603927e-01, -4.6085334351275859e-01
0.37500000, 1.44130149030745182308721791560011022009e+00, -1.35806975999696156271103963025459245319e+00, 1.81055308633477856166752634280439790875e+01, -5.16841915874657355347284138567786296538e-02, 4.14813655975526470619265439682462809710e+00, 8.15826798800070110814276928862295458917e-01, 2.4623200278417843e-01, -4.6057644756622024e-01
0.37600000, 1.44125808532243701616831150908991606533e+00, -1.35799909477072979532150003947912730776e+00, 1.81058021874932602822690360822742112975e+01, -5.16853676255623227938365238960467966680e-02, 4.14813474148862927771824970963916873511e+00, 8.15793650343724216121238973246522563760e-01, 2.4626702354183856e-01, -4.6029954401642122e-01
0.37700000, 1.44121498043338802798213261435601578446e+00, -1.35792816308415551338647133705175868171e+00, 1.81060734593952138858760782534282995758e+01, -5.16858110093737830601348599167559311628e-02, 4.14813262298723092321333649710434134675e+00, 8.15760663832659521934357713837046304212e-01, 2.4630335959465039e-01, -4.6002263041434434e-01
0.37800000, 1.44117217554963582306669370861201531730e+00, -1.35785696454018963052508905674741561165e+00, 1.81063446788771758939562378212578702569e+01, -5.16855216741454418892372994612895191463e-02, 4.14813020401050494724492897917440710544e+00, 8.15727839107595675531311061063170694960e-01, 2.4634100949418744e-01, -4.5974570429760945e-01
0.37900000, 1.44112967058038454642997317631874798971e+00, -1.35778549873972549016707348133123535347e+00, 1.81066158457604952917290660926928655356e+01, -5.16844995550475929189880464074049714947e-02, 4.14812748431619777965322722508927151605e+00, 8.15695176008521426332234636558825294536e-01, 2.4637997179789399e-01, -4.5946876319044534e-01
0.38000000, 1.44108746543470610965484690300308165638e+00, -1.35771376528159280781787559151031012798e+00, 1.81068869598643366986958131785597406681e+01, -5.16827445871783734491780345464543525548e-02, 4.14812446366036399613579147289281821107e+00, 8.15662674374688644483411113229274832832e-01, 2.4642024506901286e-01, -4.5919180460366139e-01
0.38100000, 1.44104556002153473762517655071167172747e+00, -1.35764176376255158028176385041645699759e+00, 1.81071580210056764606920916403278906327e+01, -5.16802567055666676092493064309281082802e-02, 4.14812114179736332394921867328971481299e+00, 8.15630334044606297377250308374193739792e-01, 2.4646182787651274e-01, -4.5891482603461892e-01
0.38200000, 1.44100395424966147550720383651081729266e+00, -1.35756949377728596174836704904758233279e+00, 1.81074290289992987184268302337397032954e+01, -5.16770358451750373167621248513356298131e-02, 4.14811751847985763277095429540705750101e+00, 8.15598154856034383790638137034330373905e-01, 2.4650471879501525e-01, -4.5863782496720225e-01
0.38300000, 1.44096264802772865561711482100508037308e+00, -1.35749695491839810664823402600337529112e+00, 1.81076999836577914524632261659344226278e+01, -5.16730819409026812312226588705005336959e-02, 4.14811359345880791076494229836729428707e+00, 8.15566136645977825321130127458082633669e-01, 2.4654891640472167e-01, -4.5836079887178947e-01
0.38400000, 1.44092164126422432380232112636121717956e+00, -1.35742414677640197918302882739728829607e+00, 1.81079708847915425045974980125587360735e+01, -5.16683949275884219097076432859276676740e-02, 4.14810936648347122589590593434990661508e+00, 8.15534279250680314797841655154098066069e-01, 2.4659441929133925e-01, -4.5808374520522293e-01
0.38500000, 1.44088093386747662496065583513376318491e+00, -1.35735106893971712943605003390336909982e+00, 1.81082417322087355755913424383093403280e+01, -5.16629747400137213725765825743885881733e-02, 4.14810483730139767253816199758907818768e+00, 8.15502582505618121341242202165778613608e-01, 2.4664122604600728e-01, -4.5780666141077946e-01
0.38600000, 1.44084052574564814731830026180135948629e+00, -1.35727772099466243596884579973949536607e+00, 1.81085125257153461992141062574148524070e+01, -5.16568213129057252894320018341669228685e-02, 4.14810000565842730342600156543267921805e+00, 8.15471046245493851743394628916814328228e-01, 2.4668933526522276e-01, -4.5752954491814027e-01
0.38700000, 1.44080041680673022508384352498937546376e+00, -1.35720410252544981480979187565035380040e+00, 1.81087832651151376925508012909081348183e+01, -5.16499345809403359973740831937126937685e-02, 4.14809487129868704699382149248942267258e+00, 8.15439670304230167837492491369468398352e-01, 2.4673874555076566e-01, -4.5725239314336059e-01
0.38800000, 1.44076060695853719909242956364931035372e+00, -1.35713021311417789474060878177692366122e+00, 1.81090539502096570825322130585025487222e+01, -5.16423144787453145654979129990518921916e-02, 4.14808943396458761015536322180099808603e+00, 8.15408454514963459522838679646137353295e-01, 2.4678945550962391e-01, -4.5697520348883907e-01
0.38900000, 1.44072109610870063505046561586786630075e+00, -1.35705605234082565878691661839269145784e+00, 1.81093245807982310086434857200035451528e+01, -5.16339609409034121214996504152202549532e-02, 4.14808369339682036657260917721468104639e+00, 8.15377398710037473108676928236591615138e-01, 2.4684146375391800e-01, -4.5669797334328682e-01
0.39000000, 1.44068188416466349898785189245217307997e+00, -1.35698161978324605181906201920082127751e+00, 1.81095951566779616017677049922313737532e+01, -5.16248739019555306581923606656565918608e-02, 4.14807764933435423046610241262138370616e+00, 8.15346502720996894637533884214687672259e-01, 2.4689476890082519e-01, -4.5642070008169626e-01
0.39100000, 1.44064297103367428952114390401124972047e+00, -1.35690691501715955416960173429130829136e+00, 1.81098656776437223391211481524421784861e+01, -5.16150532964039135396831859782532567710e-02, 4.14807130151443251601969263505544224131e+00, 8.15315766378580887845953249515211429254e-01, 2.4694936957250334e-01, -4.5614338106530961e-01
0.39200000, 1.44060435662278112652747631200195663225e+00, -1.35683193761614772117399155382185065906e+00, 1.81101361434881538752370258405595043270e+01, -5.16044990587153659289311056083809514957e-02, 4.14806464967256978243397151315411130227e+00, 8.15285189512716586417704866509891052098e-01, 2.4700526439601445e-01, -4.5586601364158721e-01
0.39300000, 1.44056604083882579582545994023133666591e+00, -1.35675668715164668854120802975905960215e+00, 1.81104065540016598489547043348543382881e+01, -5.15932111233245053603889154852485905254e-02, 4.14805769354254866468394265828195877221e+00, 8.15254771952512540181730322358593291917e-01, 2.4706245200324767e-01, -4.5558859514417546e-01
0.39400000, 1.44052802358843774945561136971441421457e+00, -1.35668116319294064346122400730682297271e+00, 1.81106769089724026663715694461062862995e+01, -5.15811894246370426834343917191094771363e-02, 4.14805043285641669003777715575040438350e+00, 8.15224513526252114904242535646964193833e-01, 2.4712093103084208e-01, -4.5531112289287459e-01
0.39500000, 1.44049030477802806114918700967329003499e+00, -1.35660536530715526135646763070919034248e+00, 1.81109472081862992597148743032249365442e+01, -5.15684338970330936043140452831047058120e-02, 4.14804286734448308039483436596624728316e+00, 8.15194414061386845321529686679622437894e-01, 2.4718070012010899e-01, -4.5503359419360606e-01
0.39600000, 1.44045288431378333657057035089484373183e+00, -1.35652929305925110818461853582744977131e+00, 1.81112174514270168220911032407472298127e+01, -5.15549444748705210563585837504341447223e-02, 4.14803499673531554050248025300676737199e+00, 8.15164473384529741057123587790063883463e-01, 2.4724175791695388e-01, -4.5475600633837982e-01
0.39700000, 1.44041576210165957791460192165582913443e+00, -1.35645294601201700820033468535069722008e+00, 1.81114876384759685180705828999856615887e+01, -5.15407210924883086302823273720550167426e-02, 4.14802682075573703211261207911878487510e+00, 8.15134691321448545064078988766750605212e-01, 2.4730410307179789e-01, -4.5447835660526116e-01
0.39800000, 1.44037893804737600243644593492239536865e+00, -1.35637632372606337708375904810319571516e+00, 1.81117577691123091700652796778482752999e+01, -5.15257636842099652984495396166467333098e-02, 4.14801833913082253414019928121972182562e+00, 8.15105067697058944230173200905724771826e-01, 2.4736773423949900e-01, -4.5420064225833742e-01
0.39900000, 1.44034241205640881448775538939579911900e+00, -1.35629942575981552034392738344740050072e+00, 1.81120278431129309204579399600225951982e+01, -5.15100721843469616690790864108158899871e-02, 4.14800955158389578888757607812953458383e+00, 8.15075602335417731780874626538387415306e-01, 2.4743265007927276e-01, -4.5392286054768439e-01
0.40000000, 1.44030618403398493062902811396155934333e+00, -1.35622225166950689690548708251628762179e+00, 1.81122978602524588694409563204635199790e+01, -5.14936465272021980084651948200713556613e-02, 4.14800045783652603439967220879392146875e+00, 8.15046295059715921111944123747267158680e-01, 2.4749884925461254e-01, -4.5364500870933245e-01
0.40100000, 1.44027025388507565738413956983617026221e+00, -1.35614480100917234778744266278224866230e+00, 1.81125678203032466885235792217564115680e+01, -5.14764866470735042714165031711461265597e-02, 4.14799105760852472301684454138107977181e+00, 8.15017145692271810680524442330310340223e-01, 2.4756633043320949e-01, -4.5336708396523242e-01
0.40200000, 1.44023462151439032119909378868270648936e+00, -1.35606707333064128978296643978729564905e+00, 1.81128377230353722096663398784448284734e+01, -5.14585924782571723822582442749613619614e-02, 4.14798135061794222619347449553417715391e+00, 8.14988154054523999580540060238529844358e-01, 2.4763509228687198e-01, -4.5308908352322125e-01
0.40300000, 1.44019928682636985016305126651374296776e+00, -1.35598906818353087404965344398573679137e+00, 1.81131075682166329900018060180608750265e+01, -5.14399639550515210109034463834475893880e-02, 4.14797133658106452565202466548548269856e+00, 8.14959319967024353425172452418199631229e-01, 2.4770513349144468e-01, -4.5281100457698736e-01
0.40400000, 1.44016424972518030704567158746944001948e+00, -1.35591078511523910951995815170735583688e+00, 1.81133773556125418521010584654012312496e+01, -5.14206010117604930906786389996358696933e-02, 4.14796101521240989094380310607111225509e+00, 8.14930643249430920156093958372592998658e-01, 2.4777645272672717e-01, -4.5253284430603576e-01
0.40500000, 1.44012951011470637320074865050846466861e+00, -1.35583222367093795104192740331237093080e+00, 1.81136470849863223997455529604068167546e+01, -5.14005035826972863267878801415937375464e-02, 4.14795038622472554348926583853485675952e+00, 8.14902123720500795396036802383234182706e-01, 2.4784904867639210e-01, -4.5225459987565296e-01
0.40600000, 1.44009506789854478288201724442614976787e+00, -1.35575338339356635216073934080895631616e+00, 1.81139167560989045091643185775536047071e+01, -5.13796716021880169465161469101143830890e-02, 4.14793944932898430717229764578845290447e+00, 8.14873761198082936958142282207774140733e-01, 2.4792292002790300e-01, -4.5197626843687157e-01
0.40700000, 1.44006092297999770751287098793603988713e+00, -1.35567426382382328245197266982498956177e+00, 1.81141863687089197956967417265882743607e+01, -5.13581050045754169445094222960610086502e-02, 4.14792820423438124556454856080726247945e+00, 8.14845555499110928122378498678998790189e-01, 2.4799806547243152e-01, -4.5169784712643468e-01
0.40800000, 1.44002707526206608944755294409083286477e+00, -1.35559486450016070931796440141117743813e+00, 1.81144559225726970558414931653502858372e+01, -5.13358037242225650787243394542900295588e-02, 4.14791665064833028585756901636455617577e+00, 8.14817506439595689286133069932821606429e-01, 2.4807448370477435e-01, -4.5141933306676002e-01
0.40900000, 1.43999352464744292475716115108846010491e+00, -1.35551518495877654415906782860881163555e+00, 1.81147254174442576846524749329267169211e+01, -5.13127676955166518749151828398084067986e-02, 4.14790478827646082958218083468826569192e+00, 8.14789613834618137592879879467000601573e-01, 2.4815217342326959e-01, -4.5114072336590384e-01
0.41000000, 1.43996027103850649456955150024305977866e+00, -1.35543522473360755283209621841722699533e+00, 1.81149948530753110684429948061605706715e+01, -5.12889968528727788998205676295162057019e-02, 4.14789261682261435019624451335750467519e+00, 8.14761877498321794139585865882362904936e-01, 2.4823113332971268e-01, -4.5086201511752457e-01
0.41100000, 1.43992731433731354448791944904021473684e+00, -1.35535498335632223030873193569594088020e+00, 1.81152642292152499527597179883559502691e+01, -5.12644911307377925655264000334515634256e-02, 4.14788013598884097762373603658109092882e+00, 8.14734297243905338360264992544065600318e-01, 2.4831136212927193e-01, -4.5058320540084623e-01
0.41200000, 1.43989465444559241160849959187392098659e+00, -1.35527446035631363944719585227396812388e+00, 1.81155335456111457855882994528282658664e+01, -5.12392504635941527298159380433409612095e-02, 4.14786734547539606982982914298903015051e+00, 8.14706872883615109179801655659118878549e-01, 2.4839285853040350e-01, -4.5030429128062164e-01
0.41300000, 1.43986229126473609865343772908868915960e+00, -1.35519365526069221379100832955236229663e+00, 1.81158028020077440357529658858731837817e+01, -5.12132747859638363596721028041520099191e-02, 4.14785424498073677151849205271881077088e+00, 8.14679604228737552528854717137629022937e-01, 2.4847562124476596e-01, -4.5002526980709533e-01
0.41400000, 1.43983022469579529473046337879513872625e+00, -1.35511256759427852430923120052655905323e+00, 1.81160719981474594864726937071686466380e+01, -5.11865640324122765274718143806711458380e-02, 4.14784083420151856004095154490966148293e+00, 8.14652491089591614807315901456414797443e-01, 2.4855964898713434e-01, -4.4974613801596630e-01
0.41500000, 1.43979845463947134222652126471010549027e+00, -1.35503119687959600999316042880149074542e+00, 1.81163411337703715040370193972813421041e+01, -5.11591181375523370118072228073233808882e-02, 4.14782711283259177860525243536294392273e+00, 8.14625533275521081880432290596515923962e-01, 2.4864494047531374e-01, -4.4946689292835047e-01
0.41600000, 1.43976698099610914933800778274492088997e+00, -1.35494954263686367222504190634895991802e+00, 1.81166102086142192815649205418831735375e+01, -5.11309370360483227772844578670351109958e-02, 4.14781308056699815687904739343048899921e+00, 8.14598730594886863188311904683983425132e-01, 2.4873149443005238e-01, -4.4918753155074295e-01
0.41700000, 1.43973580366569004773570239160050044906e+00, -1.35486760438398873283500859425234463893e+00, 1.81168792224143970578106208239677203923e+01, -5.11020206626200266100871122883519105127e-02, 4.14779873709596731907969112430934274912e+00, 8.14572082855059220546113684639503724724e-01, 2.4881930957495427e-01, -4.4890805087498010e-01
0.41800000, 1.43970492254782459485788387720458148649e+00, -1.35478538163655925576308634467329020555e+00, 1.81171481749039493109805998757308740390e+01, -5.10723689520468121885492875592196430571e-02, 4.14778408210891327964768470191430469839e+00, 8.14545589862409941208778413089392397485e-01, 2.4890838463639123e-01, -4.4862844787820132e-01
0.41900000, 1.43967433754174532032047709301865918659e+00, -1.35470287390783673224378870844284456987e+00, 1.81174170658135659275265296613044567280e+01, -5.10419818391717338704618552486558066648e-02, 4.14776911529343092660152074944163274984e+00, 8.14519251422304454770685036930380972522e-01, 2.4899871834341457e-01, -4.4834871952281064e-01
0.42000000, 1.43964404854629941592838666020591615178e+00, -1.35462008070874862943151827934438554577e+00, 1.81176858948715773458793131242441430026e+01, -5.10108592589056934813358068617983973599e-02, 4.14775383633529249267401871781292720318e+00, 8.14493067339093893467117304996381818124e-01, 2.4909030942766613e-01, -4.4806886275643811e-01
0.42100000, 1.43961405545994136876743980211334233649e+00, -1.35453700154788090238571410939859206420e+00, 1.81179546618039496750898684272441961530e+01, -5.09790011462316343903683704291662992107e-02, 4.14773824491844401433231220179746815975e+00, 8.14467037416107095440898422803309432335e-01, 2.4918315662328887e-01, -4.4778887451190093e-01
0.42200000, 1.43958435818072553685158056176735677706e+00, -1.35445363593147046933543191325413506033e+00, 1.81182233663342797883427834673429387781e+01, -5.09464074362087731634011521904379474960e-02, 4.14772234072500177878575756247466318211e+00, 8.14441161455642550533996368771090910238e-01, 2.4927725866683694e-01, -4.4750875170716444e-01
0.42300000, 1.43955495660629866679513168094744780827e+00, -1.35436998336339765014381663612745086853e+00, 1.81184920081837903913094607030050816961e+01, -5.09130780639768690847251081643768125445e-02, 4.14770612343524875908817560296340378373e+00, 8.14415439258960288160319427964615085961e-01, 2.4937261429718523e-01, -4.4722849124530281e-01
0.42400000, 1.43952585063389235297506797326028092251e+00, -1.35428604334517856789372596877372667746e+00, 1.81187605870713250653078819188389103871e+01, -5.08790129647605318421748557331060470427e-02, 4.14768959272763103744301618969494302824e+00, 8.14389870626273706812310195519064621021e-01, 2.4946922225543833e-01, -4.4694809001445957e-01
0.42500000, 1.43949704016031543764332566639029267941e+00, -1.35420181537595751351658904315499791736e+00, 1.81190291027133432852366466221151914211e+01, -5.08442120738735676725648935905376029566e-02, 4.14767274827875421682225004926825097265e+00, 8.14364455356741344750306597755393904317e-01, 2.4956708128483904e-01, -4.4666754488780797e-01
0.42600000, 1.43946852508194635144420548177529346337e+00, -1.35411729895249927338743733067734506519e+00, 1.81192975548239154122514765594173857983e+01, -5.08086753267233642671529048379262969101e-02, 4.14765558976337982101204303418571183252e+00, 8.14339193248458591419970189796351401644e-01, 2.4966619013067631e-01, -4.4638685272351104e-01
0.42700000, 1.43944030529472539378691272128246908866e+00, -1.35403249356918141980992519654684391721e+00, 1.81195659431147176611529326123778348944e+01, -5.07724026588153147394706693275936010485e-02, 4.14763811685442168320055648047550537916e+00, 8.14314084098449339139384929561589294097e-01, 2.4976654754019258e-01, -4.4610601036468153e-01
0.42800000, 1.43941238069414695251821489448134860981e+00, -1.35394739871798656431606615310725156674e+00, 1.81198342672950270424546593333051707986e+01, -5.07353940057572809605414055787333595387e-02, 4.14762032922294232322554342530145109616e+00, 8.14289127702657574593703614743359285059e-01, 2.4986815226249066e-01, -4.4582501463934163e-01
0.42900000, 1.43938475117525166233508599776332593254e+00, -1.35386201388849457370634812499552812932e+00, 1.81201025270717162791020568734661374852e+01, -5.06976493032640965692037990826701861512e-02, 4.14760222653814931360177497017726718692e+00, 8.14264323855938909671464017267387100262e-01, 2.4997100304843997e-01, -4.4554386236038247e-01
0.43000000, 1.43935741663261850137204599527107135114e+00, -1.35377633856787474875685752161598796357e+00, 1.81203707221492486978118803019158537968e+01, -5.06591684871621099679877532897218464292e-02, 4.14758380846739163445073453059293676101e+00, 8.14239672352052051172912274529336413076e-01, 2.5007509865058230e-01, -4.4526255032552346e-01
0.43100000, 1.43933037696035682539269389529038004687e+00, -1.35369037224087796552103814897962795682e+00, 1.81206388522296730950038825783896356294e+01, -5.06199514933937676177352240802318353225e-02, 4.14756507467615601745746067931537148630e+00, 8.14215172983650208916857114290264801827e-01, 2.5018043782303691e-01, -4.4498107531727142e-01
0.43200000, 1.43930363205209833900967260481751305256e+00, -1.35360411438982877915473753388168129589e+00, 1.81209069170126185772962500015090106209e+01, -5.05799982580222379469315714645475200341e-02, 4.14754602482806327898190235039036381777e+00, 8.14190825542272441768734816706948465482e-01, 2.5028701932140515e-01, -4.4469943410287951e-01
0.43300000, 1.43927718180098900335199301631986599351e+00, -1.35351756449461749019425063866259163942e+00, 1.81211749161952893765372280794316819110e+01, -5.05393087172360761945088883666006577275e-02, 4.14752665858486464245467391457451430351e+00, 8.14166629818334941108691269072505597248e-01, 2.5039484190267442e-01, -4.4441762343430603e-01
0.43400000, 1.43925102609968087959328306760381636880e+00, -1.35343072203269217321815978400305789955e+00, 1.81214428494724596393460017445612967715e+01, -5.04978828073539305077029516963590719724e-02, 4.14750697560643805018966266389546272072e+00, 8.14142585601122251254583863321161642163e-01, 2.5050390432512159e-01, -4.4413564004817294e-01
0.43500000, 1.43922516484032390774911434800950276550e+00, -1.35334358647905066782489044971312847958e+00, 1.81217107165364681911365769420237925321e+01, -5.04557204648292896193899929150393492445e-02, 4.14748697555078446474854816143801086156e+00, 8.14118692678778426350872140494638602793e-01, 2.5061420534821583e-01, -4.4385348066572434e-01
0.43600000, 1.43919959791455762014609372815699041544e+00, -1.35325615730623253185905607860475343564e+00, 1.81219785170772132745991111529045207929e+01, -5.04128216262552724321986126817037502073e-02, 4.14746665807402415999494233940280996044e+00, 8.14094950838298123230401817929406560355e-01, 2.5072574373252084e-01, -4.4357114199278459e-01
0.43700000, 1.43917432521350278895988998893042808988e+00, -1.35316843398431095682085166571405216981e+00, 1.81222462507821472626138586619843337279e+01, -5.03691862283694598395860770057921031724e-02, 4.14744602283039300197855179019165373706e+00, 8.14071359865517629752091962176847732367e-01, 2.5083851823959645e-01, -4.4328862071971646e-01
0.43800000, 1.43914934662775300721379503753521356840e+00, -1.35308041598088464539397638407036827406e+00, 1.81225139173362713455736326449153694740e+01, -5.03248142080587691169871420050117213699e-02, 4.14742506947223871979250002716728936461e+00, 8.14047919545105828113509412460379369778e-01, 2.5095252763189963e-01, -4.4300591352137892e-01
0.43900000, 1.43912466204736620262379553999822723761e+00, -1.35299210276106965102882039905062071778e+00, 1.81227815164221301930914407352571612149e+01, -5.02797055023643712190876735874543896993e-02, 4.14740379765001716654972823859736457228e+00, 8.14024629660555092633257935284878395080e-01, 2.5106777067268492e-01, -4.4272301705708491e-01
0.44000000, 1.43910027136185608367045318257719517340e+00, -1.35290349378749117951894098688997398786e+00, 1.81230490477198065900707239462623681453e+01, -5.02338600484866513222448711590519587312e-02, 4.14738220701228857062721887439131095015e+00, 8.14001489994172121494021820814955041094e-01, 2.5118424612590421e-01, -4.4243992797055886e-01
0.44100000, 1.43907617446018351727215980785394432637e+00, -1.35281458852027535251017874072420263347e+00, 1.81233165109069160471164209794401472615e+01, -5.01872777837902129540710861275420259381e-02, 4.14736029720571377732965795447064750251e+00, 8.13978500327068701932984536751076453826e-01, 2.5130195275610583e-01, -4.4215664288989407e-01
0.44200000, 1.43905237123074783742854685994139500479e+00, -1.35272538641704093288312667217579232477e+00, 1.81235839056586013852658913704633464240e+01, -5.01399586458089260552192631574893409256e-02, 4.14733806787505048112706994363675770387e+00, 8.13955660439152408362192457390350324138e-01, 2.5142088932833318e-01, -4.4187315842750993e-01
0.44300000, 1.43902886156137808419698641885687411660e+00, -1.35263588693289101195106406168731143635e+00, 1.81238512316475272950195619267803680156e+01, -5.00919025722510193214551427467036214629e-02, 4.14731551866314944862392408418028031602e+00, 8.13932970109117232897251406972673679360e-01, 2.5154105460802253e-01, -4.4158947118010902e-01
0.44400000, 1.43900564533932417235922310482040240445e+00, -1.35254608952040465841690365162175132013e+00, 1.81241184885438748696520118294092455907e+01, -5.00431095010042171771747669479005783594e-02, 4.14729264921095073242022390782557665259e+00, 8.13910429114434147768529620836023256025e-01, 2.5166244736090026e-01, -4.4130557772863398e-01
0.44500000, 1.43898272245124798912922178364409438960e+00, -1.35245599362962852903417589919586945896e+00, 1.81243856760153361127850829381861918055e+01, -4.99935793701409217346257464341393177823e-02, 4.14726945915747987602815296672789923763e+00, 8.13888037231341599084794559900017788700e-01, 2.5178506635287954e-01, -4.4102147463822430e-01
0.44600000, 1.43896009278321442024730479561744952271e+00, -1.35236559870806844091858820992161215208e+00, 1.81246527937271084202054935949433998211e+01, -4.99433121179234400962173983554836962595e-02, 4.14724594813984411001096034328517095294e+00, 8.13865794234835931414932639207266557746e-01, 2.5190891034995615e-01, -4.4073715845817296e-01
0.44700000, 1.43893775622068230379958385001502724241e+00, -1.35227490420068090545825106665650688634e+00, 1.81249198413418890359103469078893807307e+01, -4.98923076828092573604584735708891303494e-02, 4.14722211579322853951392994512445278415e+00, 8.13843699898661742649090176471462883623e-01, 2.5203397811810385e-01, -4.4045262572188287e-01
0.44800000, 1.43891571264849531109556525974374044977e+00, -1.35218390954986462377225747697974968943e+00, 1.81251868185198694823648584735920556038e+01, -4.98405660034563556952419831274367985779e-02, 4.14719796175089232336048870004831503396e+00, 8.13821753995302168596230559828706829505e-01, 2.5216026842316890e-01, -4.4016787294682324e-01
0.44900000, 1.43889396195087275393062231643997795080e+00, -1.35209261419545194366893791710987167798e+00, 1.81254537249187299649575841067841802679e+01, -4.97880870187285798454048328026656735457e-02, 4.14717348564416484488977128204373229084e+00, 8.13799956295969096770726604583984309981e-01, 2.5228778003076406e-01, -4.3988289663448576e-01
0.45000000, 1.43887250401140031755378480281707168359e+00, -1.35200101757470027805679070117982987686e+00, 1.81257205601936337506394057648065677007e+01, -4.97348706677010494447258078576719258912e-02, 4.14714868710244187471527368067829632585e+00, 8.13778306570593308816198147386734473639e-01, 2.5241651170616182e-01, -4.3959769327034070e-01
0.45100000, 1.43885133871302071865499238012433869880e+00, -1.35190911912228348476280821033521794142e+00, 1.81259873239972215207335338407711633660e+01, -4.96809168896656185057891458186118111294e-02, 4.14712356575318172558759554045226932872e+00, 8.13756804587814551010362945115670534439e-01, 2.5254646221418690e-01, -4.3931225932379285e-01
0.45200000, 1.43883046593802428767959534467872122424e+00, -1.35181691827028320771468344971252319883e+00, 1.81262540159796056979048067312589183902e+01, -4.96262256241363824644327222664086747381e-02, 4.14709812122190139954769252332057175574e+00, 8.13735450114971532290193738502660279125e-01, 2.5267763031910823e-01, -4.3902659124813732e-01
0.45300000, 1.43880988556803947477146248565234681459e+00, -1.35172441444818017944518974893506506970e+00, 1.81265206357883647472776144403563641782e+01, -4.95707968108552331588199836140550701161e-02, 4.14707235313217272756053577745137840781e+00, 8.13714242918091849232165742504032977877e-01, 2.5281001478453000e-01, -4.3874068548051525e-01
0.45400000, 1.43878959748402327863957096036309157140e+00, -1.35163160708284548487887988275680854204e+00, 1.81267871830685374516928423479579504349e+01, -4.95146303897974621265234232101486082761e-02, 4.14704626110561850182260673074117067322e+00, 8.13693182761881837417836673674211365162e-01, 2.5294361437328221e-01, -4.3845453844186938e-01
0.45500000, 1.43876960156625159763640669359737802274e+00, -1.35153849559853178636315027590648469099e+00, 1.81270536574626171610953245385806941151e+01, -4.94577263011774126063848455105859509796e-02, 4.14701984476190860094024268280762409736e+00, 8.13672269409716348610425558153315911351e-01, 2.5307842784731036e-01, -4.3816814653689957e-01
0.45600000, 1.43874989769430950232989526105402239142e+00, -1.35144507941686450990766209687440797213e+00, 1.81273200586105460160444136557967324486e+01, -4.94000844854541806353241313385361662417e-02, 4.14699310371875610817949287020151162521e+00, 8.13651502623628453163446823084949421907e-01, 2.5321445396756450e-01, -4.3788150615401807e-01
0.45700000, 1.43873048574708142884391198760205652619e+00, -1.35135135795683299259810478022868232956e+00, 1.81275863861497091453414165215109182867e+01, -4.93417048833373656337039403668024715160e-02, 4.14696603759191342299184666457916472101e+00, 8.13630882164299067077812402060411454917e-01, 2.5335169149388752e-01, -4.3759461366530486e-01
0.45800000, 1.43871136560274129223568552919697852101e+00, -1.35125733063478159115232970121339911867e+00, 1.81278526397149288377688121498974021211e+01, -4.92825874357928708763230009800108132439e-02, 4.14693864599516836602395618298512609177e+00, 8.13610407791046503119136626356204385923e-01, 2.5349013918490274e-01, -4.3730746542646275e-01
0.45900000, 1.43869253713874251917161096026715948247e+00, -1.35116299686440075158897322955263916649e+00, 1.81281188189384586879373617106454475873e+01, -4.92227320840487542496055797747427546437e-02, 4.14691092854034027782329570607729499564e+00, 8.13590079261815945402266375295427670558e-01, 2.5362979579790069e-01, -4.3702005777677244e-01
0.46000000, 1.43867400023180799915612580023049737784e+00, -1.35106835605671803998083009600029054217e+00, 1.81283849234499777162384388797194449135e+01, -4.91621387696011296990796313771083810703e-02, 4.14688288483727611145558078956775342538e+00, 8.13569896333168846845312170313321114474e-01, 2.5377066008872524e-01, -4.3673238703904750e-01
0.46100000, 1.43865575475791995356137492442681659442e+00, -1.35097340762008913426743081467599857855e+00, 1.81286509528765844629001542893696118733e+01, -4.91008074342201197747912432979790689729e-02, 4.14685451449384651925371170463147916608e+00, 8.13549858760272248890674469931490239360e-01, 2.5391273081165891e-01, -4.3644444951958920e-01
0.46200000, 1.43863780059230972169839735391618644534e+00, -1.35087815096018877710352173129784147512e+00, 1.81289169068427910561471198907924626038e+01, -4.90387380199558596858885505391133293611e-02, 4.14682581711594193392200975581031472167e+00, 8.13529966296888022885743211037281649628e-01, 2.5405600671930742e-01, -4.3615624150814135e-01
0.46300000, 1.43862013760944746316350893996355851263e+00, -1.35078258548000168972244404224647776119e+00, 1.81291827849705172544649984177919234207e+01, -4.89759304691445532792245419539674813641e-02, 4.14679679230746864422358201443122230669e+00, 8.13510218695362032511097502433267228743e-01, 2.5420048656248350e-01, -4.3586775927784496e-01
0.46400000, 1.43860276568303177568642938421624370112e+00, -1.35068671057981344679575979791079222545e+00, 1.81294485868790844629723102403046739969e+01, -4.89123847244145813604753572896591567384e-02, 4.14676743967034486548278099953535805045e+00, 8.13490615706613216639146169106067857155e-01, 2.5434616909008993e-01, -4.3557899908519289e-01
0.46500000, 1.43858568468597922769950929317942804700e+00, -1.35059052565720131227287942792146164729e+00, 1.81297143121852097239033251822234725689e+01, -4.88481007286926627799490236911974234774e-02, 4.14673775880449680513892177808527325640e+00, 8.13471157080122592001228432450950073498e-01, 2.5449305304900176e-01, -4.3528995716998438e-01
0.46600000, 1.43856889449041380484015248123374733450e+00, -1.35049403010702503618690768390262307432e+00, 1.81299799605029996812072508154143866249e+01, -4.87830784252100687089693474757314590258e-02, 4.14670774930785472359168079681867658871e+00, 8.13451842563922175036237258134607299867e-01, 2.5464113718394779e-01, -4.3500062975527957e-01
0.46700000, 1.43855239496765626959119993282342561058e+00, -1.35039722332141761241544408203320395698e+00, 1.81302455314439445192703418054651695417e+01, -4.87173177575088905364611063371838698178e-02, 4.14667741077634899058292946850945204589e+00, 8.13432671904583822288835677831851279169e-01, 2.5479042023739123e-01, -4.3471101304735390e-01
0.46800000, 1.43853618598821343325664413140658546218e+00, -1.35030010468977599738765095459470393565e+00, 1.81305110246169118757689975563788389162e+01, -4.86508186694483618191360248608261410880e-02, 4.14664674280390613736415209866108088446e+00, 8.13413644847207988720308565401215403810e-01, 2.5494090094940954e-01, -4.3442110323565248e-01
0.46900000, 1.43852026742176733946257527731350156662e+00, -1.35020267359875178973153811546985110035e+00, 1.81307764396281407286633881706825911360e+01, -4.85835811052112347224845092118322528293e-02, 4.14661574498244490490306315219470112132e+00, 8.13394761135412403290028797189159907807e-01, 2.5509257805757349e-01, -4.3413089649274439e-01
0.47000000, 1.43850463913716435836572366305042055298e+00, -1.35010492943224187085810895529815771388e+00, 1.81310417760812352573426521056087755631e+01, -4.85156050093102113936160128387236094028e-02, 4.14658441690187228838757413542524976658e+00, 8.13376020511320661160417328577191254156e-01, 2.5524545029682544e-01, -4.3384038897427699e-01
0.47100000, 1.43848930100240419074435456435433224711e+00, -1.35000687157137900648176957139971670794e+00, 1.81313070335771586779342433704023443656e+01, -4.84468903265944307108614525264672437492e-02, 4.14655275815007957828986653319127640556e+00, 8.13357422715550731873141356738177321229e-01, 2.5539951639935666e-01, -4.3354957681893005e-01
0.47200000, 1.43847425288462878113859284733777897388e+00, -1.34990849939452240907922138730521126935e+00, 1.81315722117142270527915721877516405286e+01, -4.83774370022560108589545424346377969362e-02, 4.14652076831293839825800533599607781383e+00, 8.13338967487203382839123298739236258943e-01, 2.5555477509448401e-01, -4.3325845614837002e-01
0.47300000, 1.43845949465011113919950349266736013649e+00, -1.34980981227724826129193972667777062111e+00, 1.81318373100881030741756812553388679506e+01, -4.83072449818366481825455128850752933118e-02, 4.14648844697429674010727877415044826718e+00, 8.13320654563850517479725684420166948244e-01, 2.5571122510852562e-01, -4.3296702306720409e-01
0.47400000, 1.43844502616424406839843080068092158407e+00, -1.34971080959234020028028709502173201819e+00, 1.81321023282917898221483306213814823052e+01, -4.82363142112342727747706813393347449736e-02, 4.14645579371597499618827501725507318992e+00, 8.13302483681523427351233138748477656957e-01, 2.5586886516467582e-01, -4.3267527366293438e-01
0.47500000, 1.43843084729152880124020256800249032292e+00, -1.34961149070977976304032162712994053580e+00, 1.81323672659156244966955282690399088972e+01, -4.81646446367097612616049966080701740948e-02, 4.14642280811776198941360688556659285544e+00, 8.13284454574700957579472306676273119956e-01, 2.5602769398287916e-01, -4.3238320400591195e-01
0.47600000, 1.43841695789556354011583541551915532527e+00, -1.34951185499673679269743943516335743692e+00, 1.81326321225472721241022413355211007990e+01, -4.80922362048937072467622358644944462915e-02, 4.14638948975741100123017215828501810882e+00, 8.13266566976297584926093757340795232836e-01, 2.5618771027970363e-01, -4.3209081014929092e-01
0.47700000, 1.43840335783903190292233309619649909282e+00, -1.34941190181755980579413561748917387749e+00, 1.81328968977717192376007550281322667211e+01, -4.80190888627932498859792500783113662417e-02, 4.14635583821063579782889097201735585420e+00, 8.13248820617651407802686500729192949486e-01, 2.5634891276821296e-01, -4.3179808812898253e-01
0.47800000, 1.43839004698369127256905041356175878226e+00, -1.34931163053376632059238365761552411531e+00, 1.81331615911712675323169133057907868832e+01, -4.79452025577989610636267801744759027262e-02, 4.14632185305110665488899421627834550149e+00, 8.13231215228512047543505670334038572402e-01, 2.5651130015783806e-01, -4.3150503396360915e-01
0.47900000, 1.43837702519036104948190073006854164751e+00, -1.34921104050403314641441807154906800293e+00, 1.81334262023255274945402778439037671441e+01, -4.78705772376917916487301571834680233094e-02, 4.14628753385044638115914890400472553159e+00, 8.13213750537028460242167086388736631719e-01, 2.5667487115424762e-01, -4.3121164365445831e-01
0.48000000, 1.43836429231891080620841432921035263060e+00, -1.34911013108418663404906168689880872971e+00, 1.81336907308114120053460802755347963327e+01, -4.77952128506500773116589089746440866133e-02, 4.14625288017822634118299939248887494957e+00, 8.13196426269736658452198737559439415178e-01, 2.5683962445921773e-01, -4.3091791318543681e-01
0.48100000, 1.43835184822824834321830750444339901410e+00, -1.34900890162719288725416811505734751570e+00, 1.81339551762031299185987177940707154241e+01, -4.77191093452566043869551783520216377055e-02, 4.14621789160196247748207823960064471087e+00, 8.13179242151547342045838631267690667244e-01, 2.5700555877050068e-01, -4.3062383852302472e-01
0.48200000, 1.43833969277630764498579756811057919538e+00, -1.34890735148314793538925308691888758746e+00, 1.81342195380721796133684545132790741547e+01, -4.76422666705057362720171672081158686277e-02, 4.14618256768711133251449860453175968992e+00, 8.13162197905733437519930896311354907626e-01, 2.5717267278169285e-01, -4.3032941561622943e-01
0.48300000, 1.43832782582003673543139638925123127896e+00, -1.34880547999926786721596666240274728724e+00, 1.81344838159873425207949411203416545833e+01, -4.75646847758106008556358142582230123441e-02, 4.14614690799706607073338266182085803537e+00, 8.13145293253917545032197413914192892549e-01, 2.5734096518210164e-01, -4.3003464039653979e-01
0.48400000, 1.43831624721538543179233396338365525251e+00, -1.34870328651987892590771321590366860912e+00, 1.81347480095146766254331539464857452120e+01, -4.74863636110103394747008450629041655475e-02, 4.14611091209315250107460872998097667794e+00, 8.13128527916059292445550548321297074591e-01, 2.5751043465661154e-01, -4.2973950877788016e-01
0.48500000, 1.43830495681729299598210327143882495548e+00, -1.34860077038640756531345888720280437580e+00, 1.81350121182175099411193822483780824712e+01, -4.74073031263774179017464582521804432689e-02, 4.14607457953462510020917497740625936122e+00, 8.13111901610442595652463695101572545415e-01, 2.5768107988554919e-01, -4.2944401665656459e-01
0.48600000, 1.43829395447967568249087767892321689526e+00, -1.34849793093737046752457823637823513592e+00, 1.81352761416564339613969598816546636065e+01, -4.73275032726249998703974869125490914661e-02, 4.14603790987866303690128093224699898520e+00, 8.13095414053662824445730320133793309409e-01, 2.5785289954454761e-01, -4.2914815991125097e-01
0.48700000, 1.43828324005541418186973173866900932087e+00, -1.34839476750836452179748454076443862471e+00, 1.81355400793892970845435453061383703750e+01, -4.72469640009143836502041549124031351322e-02, 4.14600090268036619781912088184160994689e+00, 8.13079064960613873196218886942801947962e-01, 2.5802589230440939e-01, -4.2885193440289524e-01
0.48800000, 1.43827281339634095883269486853537132657e+00, -1.34829127943205676488876293419173839268e+00, 1.81358039309711980132439026510549336458e+01, -4.71656852628625021868177904934167923992e-02, 4.14596355749275121515136691192579171570e+00, 8.13062854044475135592470533322719998526e-01, 2.5820005683096899e-01, -4.2855533597470569e-01
0.48900000, 1.43826267435322748400168435539373120820e+00, -1.34818746603817428286358384938399449387e+00, 1.81360676959544791289543270589686790569e+01, -4.70836670105494873279613197011753963639e-02, 4.14592587386674749638839513591785674618e+00, 8.13046781016698382691188535561011557028e-01, 2.5837539178495406e-01, -4.2825836045209726e-01
0.49000000, 1.43825282277577135831029886392290538334e+00, -1.34808332665349407444231744331220878182e+00, 1.81363313738887198410070904009196163866e+01, -4.70009091965262986601872960475430883495e-02, 4.14588785135119325663347794894721088837e+00, 8.13030845586994543521833472632305676841e-01, 2.5855189582184576e-01, -4.2796100364264591e-01
0.49100000, 1.43824325851258332907330547757060765958e+00, -1.34797886060183287595449934670041670545e+00, 1.81365949643207299105055594048378221506e+01, -4.69174117738224174859928859290792475165e-02, 4.14584948949283155381542927818050048694e+00, 8.13015047463320387482665563310268885848e-01, 2.5872956759173819e-01, -4.2766326133604309e-01
0.49200000, 1.43823398141117419671942164321078553737e+00, -1.34787406720403694797361569176049781735e+00, 1.81368584667945427490629579681790432040e+01, -4.68331746959536064754758773023205677132e-02, 4.14581078783630632718055017828870812752e+00, 8.12999386351865107759665893606218567679e-01, 2.5890840573919673e-01, -4.2736512930405027e-01
0.49300000, 1.43822499131794161117567760367912641672e+00, -1.34776894577797182371058247079238628908e+00, 1.81371218808514086924401096484291534576e+01, -4.67481979169297355313686671944053435465e-02, 4.14577174592415843944818014638834241804e+00, 8.12983861957036804993821185393303318849e-01, 2.5908840890311548e-01, -4.2706660330045351e-01
0.49400000, 1.43821628807815675688224435622013220871e+00, -1.34766349563851201924829242232608650118e+00, 1.81373852060297882491399057675204462685e+01, -4.66624813912626744109785667162811798162e-02, 4.14573236329682172302071663246844560579e+00, 8.12968473981448870416272392623355131464e-01, 2.5926957571657364e-01, -4.2676767906101820e-01
0.49500000, 1.43820787153595092540712624237994318139e+00, -1.34755771609753070570419341681772172252e+00, 1.81376484418653453240186999656128999551e+01, -4.65760250739742526532928948357933714683e-02, 4.14569263949261903064562284763051834095e+00, 8.12953222125906267664805770551905721173e-01, 2.5945190480669090e-01, -4.2646835230344382e-01
0.49600000, 1.43819974153430197462054532837296123261e+00, -1.34745160646388934341254733279386725965e+00, 1.81379115878909404169773321450848674451e+01, -4.64888289206042873642764682540505021264e-02, 4.14565257404775829093370359260494321360e+00, 8.12938106089391712489106175731113550435e-01, 2.5963539479448183e-01, -4.2616861872731882e-01
0.49700000, 1.43819189791502067337918614683655167659e+00, -1.34734516604342727822279931587689676034e+00, 1.81381746436366237967970343177381556455e+01, -4.64008928872186794181974877317712078674e-02, 4.14561216649632856914479193316445866951e+00, 8.12923125569051749546096258866762717385e-01, 2.5982004429470923e-01, -4.2586847401407565e-01
0.49800000, 1.43818434051873693066072351379185660914e+00, -1.34723839413895130001536576372110008893e+00, 1.81384376086296286501880686799429630344e+01, -4.63122169304175786376657238997080402100e-02, 4.14557141637029613365895764872907722007e+00, 8.12908280260182725480551956674299638688e-01, 2.6000585191573644e-01, -4.2556791382694584e-01
0.49900000, 1.43817706918488590807922238157709603728e+00, -1.34713129005022516354112707367724699040e+00, 1.81387004823943642061215950767058187748e+01, -4.62228010073436185199545699879917599703e-02, 4.14553032319950052855842300872597612181e+00, 8.12893569856216657480014329654444943268e-01, 2.6019281625937862e-01, -4.2526693381091527e-01
0.50000000, 1.43817008375169401470207641312382470202e+00, -1.34702385307395907169598984928960966247e+00, 1.81389632644524088355179616737883693613e+01, -4.61326450756902210821062062290050040085e-02, 4.14548888651165065275255414308090738873e+00, 8.12878994048706996486810396906956513059e-01, 2.6038093592075300e-01, -4.2496552959267951e-01
0.50100000, 1.43816338405616478307914053959026720708e+00, -1.34691608250379912134706463744858710263e+00, 1.81392259543225031263673599469480488137e+01, -4.60417490937099724022870612204748553135e-02, 4.14544710583232084608558864568459429486e+00, 8.12864552527314284243751263292951458298e-01, 2.6057020948812801e-01, -4.2466369678059932e-01
0.50200000, 1.43815696993406462538461156740063818983e+00, -1.34680797763031671183229114019356072474e+00, 1.81394885515205429343615838417780247407e+01, -4.59501130202230694398692085692140938995e-02, 4.14540498068494698287416368236421709508e+00, 8.12850244979791703343794605240362752966e-01, 2.6076063554277143e-01, -4.2436143096465633e-01
0.50300000, 1.43815084121990846856201930868640154741e+00, -1.34669953774099791626073502335440794740e+00, 1.81397510555595724091184839921055654730e+01, -4.58577368146258387217625508622452114535e-02, 4.14536251059082257332922539011554819587e+00, 8.12836071091970519447640576588414329359e-01, 2.6095221265879737e-01, -4.2405872771640882e-01
0.50400000, 1.43814499774694526735240809888415114272e+00, -1.34659076212023281574628076802864250464e+00, 1.81400134659497769960836120582219818705e+01, -4.57646204368993274876128644259074995501e-02, 4.14531969506909487332453139748860076250e+00, 8.12822030547745414826875523253181013161e-01, 2.6114493940301228e-01, -4.2375558258894768e-01
0.50500000, 1.43813943934714339407541431630871519666e+00, -1.34648165004930479671305535040843027247e+00, 1.81402757821984764141965084204649026311e+01, -4.56707638476179678916122531335449314888e-02, 4.14527653363676100298170553579950171719e+00, 8.12808123029059712383886674502488135572e-01, 2.6133881433475974e-01, -4.2345199111685256e-01
0.50600000, 1.43813416585117590402247901219989280072e+00, -1.34637220080637981141663979177944533614e+00, 1.81405380038101176094120995145033276521e+01, -4.55761670079583148638415320069843148861e-02, 4.14523302580866407454966893965894585061e+00, 8.12794348215890489293343340089569796582e-01, 2.6153383600576425e-01, -4.2314794881614816e-01
0.50700000, 1.43812917708840567531087537939537923536e+00, -1.34626241366649560183096172617438102524e+00, 1.81408001302862676841707399114887932072e+01, -4.54808298797078582392787743177618850977e-02, 4.14518917109748933006425646953286274614e+00, 8.12780705786233579403576229086450017325e-01, 2.6173000295997387e-01, -4.2284345118426073e-01
0.50800000, 1.43812447288687042203657791905540533793e+00, -1.34615228790155088705671405272214069956e+00, 1.81410621611256068029135597323942016949e+01, -4.53847524252739097678649505053291897178e-02, 4.14514496901376028928193346934138170902e+00, 8.12767195416088463529686472844716213344e-01, 2.6192731373340174e-01, -4.2253849369997476e-01
0.50900000, 1.43812005307326757955325319593306324961e+00, -1.34604182278029451441321447022289871847e+00, 1.81413240958239210737429610588998084567e+01, -4.52879346076925656243165029349563280298e-02, 4.14510041906583490838975706371934809088e+00, 8.12753816779443046763679948504838705922e-01, 2.6212576685396647e-01, -4.2223307182338985e-01
0.51000000, 1.43811591747293906069381039451132061828e+00, -1.34593101756831457438181026293754664502e+00, 1.81415859338740954063313485950243631031e+01, -4.51903763906377450417160749137118557171e-02, 4.14505552075990175000208029269043659795e+00, 8.12740569548258321920350741200101905315e-01, 2.6232536084133143e-01, -4.2192718099587785e-01
0.51100000, 1.43811206590985588174001289492548149343e+00, -1.34581987152802747957524418257305152480e+00, 1.81418476747661063461844808908629173274e+01, -4.50920777384303056982966810963646107682e-02, 4.14501027359997616496297819157810279024e+00, 8.12727453392452918231030246170338143991e-01, 2.6252609420674287e-01, -4.2162081664004010e-01
0.51200000, 1.43810849820660265693461917629066396191e+00, -1.34570838391866700791383274959608286266e+00, 1.81421093179870148853691899236295136029e+01, -4.49930386160472364922616029793723476847e-02, 4.14496467708789648648198429199246108249e+00, 8.12714467979887534390675703699144703441e-01, 2.6272796545286684e-01, -4.2131397415966505e-01
0.51300000, 1.43810521418436196031939192679017478010e+00, -1.34559655399627331019586990953456664825e+00, 1.81423708630209592498186397181079229111e+01, -4.48932589891309283449524489147607700290e-02, 4.14491873072332023713946581259508161527e+00, 8.12701612976349255057094101467187006492e-01, 2.6293097307362507e-01, -4.2100664893968600e-01
0.51400000, 1.43810221366289855367108769947397192831e+00, -1.34548438101368188225635889419042043127e+00, 1.81426323093491476633317799702549516954e+01, -4.47927388239985236781913619386888629410e-02, 4.14487243400372034930683791918798801509e+00, 8.12688888045535749894384606393620267684e-01, 2.6313511555402952e-01, -4.2069883634613912e-01
0.51500000, 1.43809949646054347929621520917548364113e+00, -1.34537186422051250191499555674105371409e+00, 1.81428936564498510883871993212490938192e+01, -4.46914780876513452171805171756549060851e-02, 4.14482578642438139953582378219989247269e+00, 8.12676292849039354245935252019513736508e-01, 2.6334039137001592e-01, -4.2039053172612174e-01
0.51600000, 1.43809706239417801643392783278363979034e+00, -1.34525900286315813092127961286267975042e+00, 1.81431549037983959438951960376377065071e+01, -4.45894767477844047759430474943768688783e-02, 4.14477878747839585748010969245762484432e+00, 8.12663827046331030515527773977996625511e-01, 2.6354679898827598e-01, -4.2008173040775089e-01
0.51700000, 1.43809491127921750000489447062125950517e+00, -1.34514579618477378211171840340073639496e+00, 1.81434160508671568000155624252839383036e+01, -4.44867347727959926879345925290938708154e-02, 4.14473143665666034992202518708501721688e+00, 8.12651490294744209328288536839862013914e-01, 2.6375433686608845e-01, -4.1977242770012210e-01
0.51800000, 1.43809304292959500043237207433705880638e+00, -1.34503224342526535200131331128002698677e+00, 1.81436770971255490501723243956347632638e+01, -4.43832521317973485501440002938151988646e-02, 4.14468373344787194048629898790582810626e+00, 8.12639282249458509536373728545813608098e-01, 2.6396300345114904e-01, -4.1946261889326851e-01
0.51900000, 1.43809145715774486324998227545034318120e+00, -1.34491834382127841903888416781593312901e+00, 1.81439380420400215604004902839589141079e+01, -4.42790287946224139547355374874436758567e-02, 4.14463567733852442563250459421855420999e+00, 8.12627202563483336127393728297781275501e-01, 2.6417279718139901e-01, -4.1915229925812027e-01
0.52000000, 1.43809015377458610719887309325483657309e+00, -1.34480409660618700776329426146636517733e+00, 1.81441988850740492961637443788693881634e+01, -4.41740647318376678880634960653223969843e-02, 4.14458726781290464752751665792221926278e+00, 8.12615250887641355086665111842187266754e-01, 2.6438371648485262e-01, -4.1884146404646417e-01
0.52100000, 1.43808913258950567950502410213620355926e+00, -1.34468950101008231910529034464389908768e+00, 1.81444596256881259267859717658248878982e+01, -4.40683599147520454827135281965881514667e-02, 4.14453850435308882440915288800534371920e+00, 8.12603426870551844257429493774279466193e-01, 2.6459575977942330e-01, -4.1853010849090374e-01
0.52200000, 1.43808839341034156701542914398730648707e+00, -1.34457455625976142708747079057477860234e+00, 1.81447202633397564076435231367692655764e+01, -4.39619143154269408140936042377786614959e-02, 4.14448938643893889906217829866166900646e+00, 8.12591730158613919236196687124821905789e-01, 2.6480892547274860e-01, -4.1821822780481946e-01
0.52300000, 1.43808793604336576185976413575400789497e+00, -1.34445926157871594218284329184497202509e+00, 1.81449807974834495402692223134397473019e+01, -4.38547279066862944390113700032961343962e-02, 4.14443991354809890603800127541518963235e+00, 8.12580160395989633333355871921390900802e-01, 2.6502321196201388e-01, -4.1790581718232950e-01
0.52400000, 1.43808776029326708029191820698095980584e+00, -1.34434361618712064160053376575223468238e+00, 1.81452412275707105105232865306844048547e+01, -4.37468006621267663796340776691576054811e-02, 4.14439008515599135825969636098725342580e+00, 8.12568717224586950622153011582769178991e-01, 2.6523861763377476e-01, -4.1759287179825069e-01
0.52500000, 1.43808786596313383335343377705602676684e+00, -1.34422761930182206677546303110212656987e+00, 1.81455015530500334049905712038786256037e+01, -4.36381325561279952622323722880703373530e-02, 4.14433990073581365366444906166187071040e+00, 8.12557400284042591092056063439741920882e-01, 2.6545514086377822e-01, -4.1727938680805983e-01
0.52600000, 1.43808825285443634798846472433240848904e+00, -1.34411127013632708834721998118070449155e+00, 1.81457617733668937057678681549563958384e+01, -4.35287235638629443261602220285037759213e-02, 4.14428935975853450254613558048899008490e+00, 8.12546209211704746915422042044580519058e-01, 2.6567278001678255e-01, -4.1696535734785549e-01
0.52700000, 1.43808892076700933722732099568218660883e+00, -1.34399456790079143892193207581650498659e+00, 1.81460218879637407638093803069162353472e+01, -4.34185736613083350246203693207595325424e-02, 4.14423846169289037627152746151099576595e+00, 8.12535143642615668829242176580809098320e-01, 2.6589153344637589e-01, -4.1665077853431999e-01
0.52800000, 1.43808986949903411804302235057478074175e+00, -1.34387751180200821391966873285471169652e+00, 1.81462818962799902510029679079405714034e+01, -4.33076828252551689449080318799931467544e-02, 4.14418720600538197805454997619337246220e+00, 8.12524203209494121626573743202400723911e-01, 2.6611139949479351e-01, -4.1633564546468197e-01
0.52900000, 1.43809109884702067547253293323414035792e+00, -1.34376010104339634081881338145916047848e+00, 1.81465417977520165911543126635492549401e+01, -4.31960510333193387820153719961294187760e-02, 4.14413559216027073648412602783600659857e+00, 8.12513387542717707745070157921478577951e-01, 2.6633237649273385e-01, -4.1601995321667918e-01
0.53000000, 1.43809260860578957158149153451997285336e+00, -1.34364233482498901711790835687192218078e+00, 1.81468015918131453700607780078906492543e+01, -4.30836782639523291057156493770369387210e-02, 4.14408361961957532251240675232507333554e+00, 8.12502696270305057932795116534261538866e-01, 2.6655446275917311e-01, -4.1570369684852180e-01
0.53100000, 1.43809439856845369783828926705102700756e+00, -1.34352421234342211734471632471010678119e+00, 1.81470612778936457248614574223671677448e+01, -4.29705644964520076675291417601947781144e-02, 4.14403128784306819062162824686311769388e+00, 8.12492129017897887964252518840828844009e-01, 2.6677765660117864e-01, -4.1538687139885615e-01
0.53200000, 1.43809646852639986945027646883096979840e+00, -1.34340573279192256945165542505336528222e+00, 1.81473208554207227128546995202040294711e+01, -4.28567097109735080003030175176075081604e-02, 4.14397859628827214489944338769307240289e+00, 8.12481685408742920372282192511792547916e-01, 2.6700195631372090e-01, -4.1506947188672876e-01
0.53300000, 1.43809881826927026020170351979035846066e+00, -1.34328689536029670094635577204217212127e+00, 1.81475803238185096599792798883951944621e+01, -4.27421138885402040695145288827441510255e-02, 4.14392554441045693076436096180122413492e+00, 8.12471365063673670154162639073190545853e-01, 2.6722736017948414e-01, -4.1475149331155096e-01
0.53400000, 1.43810144758494367631971546174314822903e+00, -1.34316769923491855511585533083223600171e+00, 1.81478396825080604891603567632737822963e+01, -4.26267770110547777418313105733573636095e-02, 4.14387213166263585309488382810607654569e+00, 8.12461167601092093402926787206622457389e-01, 2.6745386646867569e-01, -4.1443293065306395e-01
0.53500000, 1.43810435625951666788132742731983351585e+00, -1.34304814359871817771290656642279771582e+00, 1.81480989309073420287264018831070525536e+01, -4.25106990613103798429343576100839424725e-02, 4.14381835749556242152807606653572594772e+00, 8.12451092636950097807535709039676626119e-01, 2.6768147343883388e-01, -4.1411377887130420e-01
0.53600000, 1.43810754407728447626080649261392038023e+00, -1.34292822763116987448300471324208895113e+00, 1.81483580684312263011084407020359979192e+01, -4.23938800230018855831285527249468873034e-02, 4.14376422135772702370560862873707100990e+00, 8.12441139784730913958169111710654877354e-01, 2.6791017933463459e-01, -4.1379403290656949e-01
0.53700000, 1.43811101082072181610327527035828369903e+00, -1.34280795050828043992107719557951173327e+00, 1.81486170944914827920381689771746666256e+01, -4.22763198807372451358325458979524920799e-02, 4.14370972269535362725783646666015520982e+00, 8.12431308655430326385480864535375168641e-01, 2.6813998238769644e-01, -4.1347368767938535e-01
0.53800000, 1.43811475627046349029663296848284475737e+00, -1.34268731140257735765729483290417289444e+00, 1.81488760084967707004668369892498032426e+01, -4.21580186200489301606544772702392607319e-02, 4.14365486095239651132915011467190146117e+00, 8.12421598857537763255233594519144709216e-01, 2.6837088081638458e-01, -4.1315273809047199e-01
0.53900000, 1.43811878020528483640006038081070326376e+00, -1.34256630948309697288218223822475210736e+00, 1.81491348098526311694322097832909303508e+01, -4.20389762274054770694225937427212840116e-02, 4.14359963557053702846072390236095221953e+00, 8.12412009997017243632269241037427071408e-01, 2.6860287282561303e-01, -4.1283117902071182e-01
0.54000000, 1.43812308240208200297343599583636559335e+00, -1.34244494391537263723212056163885133460e+00, 1.81493934979614794981064232983811671906e+01, -4.19191926902231278402503452573238680833e-02, 4.14354404598918039765985407981656453173e+00, 8.12402541677288181220293194645520319734e-01, 2.6883595660664564e-01, -4.1250900533111742e-01
0.54100000, 1.43812766263585205423794076554748791745e+00, -1.34232321386142282656745379787676027991e+00, 1.81496520722225973352631635957876473427e+01, -4.17986679968775691914741575628112986580e-02, 4.14348809164545252949834588214812476122e+00, 8.12393193499206043476449075417591815194e-01, 2.6907013033689566e-01, -4.1218621186280012e-01
0.54200000, 1.43813252067967290148396874545632005978e+00, -1.34220111847973923208673367261575185942e+00, 1.81499105320321248544083011172982091453e+01, -4.16774021367157709341088546000955143094e-02, 4.14343177197419688409587171923870315187e+00, 8.12383965061042864992140183836667560934e-01, 2.6930539217972382e-01, -4.1186279343693910e-01
0.54300000, 1.43813765630468305962818949324357555916e+00, -1.34207865692527482523217110894371847625e+00, 1.81501688767830529108239155579676579299e+01, -4.15553951000679243283207275388509663153e-02, 4.14337508640797136285788606111154819853e+00, 8.12374855958467614024013064362139933839e-01, 2.6954174028423501e-01, -4.1153874485475105e-01
0.54400000, 1.43814306928006122730722550872289139373e+00, -1.34195582834943189685310796937966508176e+00, 1.81504271058652151807815510909999286675e+01, -4.14326468782594812763215923137209958117e-02, 4.14331803437704523485154904718586161651e+00, 8.12365865784526411051459372928696167086e-01, 2.6977917278507347e-01, -4.1121406089746043e-01
0.54500000, 1.43814875937300568888091384316110494352e+00, -1.34183263190005007110628474340584080398e+00, 1.81506852186652802831865479323805309094e+01, -4.13091574636232951910389076056090801330e-02, 4.14326061530939609871718326530334648403e+00, 8.12356994129622598229415282385445956360e-01, 2.7001768780221653e-01, -4.1088873632627035e-01
0.54600000, 1.43815472634871353670351505195033216096e+00, -1.34170906672139429458386173575312532746e+00, 1.81509432145667438839214061986230937464e+01, -4.11849268495118643869171956363491160741e-02, 4.14320282863070688102706944816339385776e+00, 8.12348240581496658597643975787516787188e-01, 2.7025728344076694e-01, -4.1056276588233399e-01
0.54700000, 1.43816096997035971200651468225841318085e+00, -1.34158513195414280117255679489726625222e+00, 1.81512010929499207831623533367191597540e+01, -4.10599550303096788462546642911130957676e-02, 4.14314467376436287201787998380971663773e+00, 8.12339604725205983900077382810356997141e-01, 2.7049795779074359e-01, -4.1023614428672676e-01
0.54800000, 1.43816748999907586272183226883114916497e+00, -1.34146082673537505315989545137668057252e+00, 1.81514588531919369859496087601583904295e+01, -4.09342420014456712215761063630674258130e-02, 4.14308615013144879963775713522259576941e+00, 8.12331086143104489860169261348860233196e-01, 2.7073970892687087e-01, -4.0990886624041895e-01
0.54900000, 1.43817428619392901655931017084795844782e+00, -1.34133615019855965911643331831877850596e+00, 1.81517164946667217562982704031039256551e+01, -4.08077877594057729416888752042490714941e-02, 4.14302725715074594286396875351406452816e+00, 8.12322684414822077750574103151245426672e-01, 2.7098253490836645e-01, -4.0958092642424917e-01
0.55000000, 1.43818135831190006763729935775673923430e+00, -1.34121110147354226909590960919446270903e+00, 1.81519740167449996551432894265132898877e+01, -4.06805923017455762962630201469392460390e-02, 4.14296799423872928526222113119854839391e+00, 8.12314399117243941087816275195865164318e-01, 2.7122643377872760e-01, -4.0925231949889841e-01
0.55100000, 1.43818870610786207494999130315207228700e+00, -1.34108567968653344770862857896932483817e+00, 1.81522314187942825624186530212542964304e+01, -4.05526556271031033810195130512204830937e-02, 4.14290836080956470977407959830109315834e+00, 8.12306229824489716274952461985644180593e-01, 2.7147140356551589e-01, -4.0892304010486473e-01
0.55200000, 1.43819632933455837093986435841312193937e+00, -1.34095988396009652563694658546003933826e+00, 1.81524887001788616835776629265189407025e+01, -4.04239777352116827929019011185140116511e-02, 4.14284835627510623573454567714109208091e+00, 8.12298176107892476007559051983528577268e-01, 2.7171744228014052e-01, -4.0859308286243874e-01
0.55300000, 1.43820422774258047842821926286702266820e+00, -1.34083371341313543017557035202421582197e+00, 1.81527458602597995408680807162656732122e+01, -4.02945586269129349719466607432899041327e-02, 4.14278798004489329913766828505928306890e+00, 8.12290237535977564250695858447658180864e-01, 2.7196454791763997e-01, -4.0826244237167974e-01
0.55400000, 1.43821240108034583414127174198424533133e+00, -1.34070716716088249539345100902216180639e+00, 1.81530028983949219496829119283056217876e+01, -4.01643983041698670939559704877812408818e-02, 4.14272723152614807718412885321009829892e+00, 8.12282413674441271586809766799287657730e-01, 2.7221271845646216e-01, -4.0793111321239263e-01
0.55500000, 1.43822084909407531705365041420191754537e+00, -1.34058024431488625252839278314014993075e+00, 1.81532598139388099803147215737496252620e+01, -4.00334967700800784255135234576674710515e-02, 4.14266611012377285816103960079852106099e+00, 8.12274704086129349726847885710110532967e-01, 2.7246195185824305e-01, -4.0759908994410548e-01
0.55600000, 1.43822957152777057975541546340910475473e+00, -1.34045294398299920124008903997482839322e+00, 1.81535166062427919054486153504565989511e+01, -3.99018540288890770603693025800512258701e-02, 4.14260461524034745772073389709116670285e+00, 8.12267108331015363969150919220578347059e-01, 2.7271224606758363e-01, -4.0726636710604798e-01
0.55700000, 1.43823856812319118103286776026239734679e+00, -1.34032526526936556236215608246988989821e+00, 1.81537732746549351337363859027010487997e+01, -3.97694700860037089637528752080433825328e-02, 4.14254274627612668264211103018173184256e+00, 8.12259625966178882382995188928325908864e-01, 2.7296359901182543e-01, -4.0693293921713062e-01
0.55800000, 1.43824783861983151783745938405971284842e+00, -1.34019720727440901280886104994283891146e+00, 1.81540298185200381298018136589454623700e+01, -3.96363449480057002587566408469266802910e-02, 4.14248050262903784317512819696499602051e+00, 8.12252256545783500485947480898534256390e-01, 2.7321600860082429e-01, -4.0659880077592460e-01
0.55900000, 1.43825738275489755480104489205644450943e+00, -1.34006876909482040330763890242297803009e+00, 1.81542862371796223210347291077887432495e+01, -3.95024786226653136965604879892859671266e-02, 4.14241788369467831508631359171229407184e+00, 8.12244999621054700176492180616991437046e-01, 2.7346947272672270e-01, -4.0626394626064266e-01
0.56000000, 1.43826720026328334943952832156512526400e+00, -1.33993994982354545964416933549601460393e+00, 1.81545425299719239915391898356694208090e+01, -3.93678711189551202599473685964843734037e-02, 4.14235488886631315254070960360114644713e+00, 8.12237854740257541675686548253646663627e-01, 2.7372398926372036e-01, -4.0592837012912070e-01
0.56100000, 1.43827729087754737117066394229427603598e+00, -1.33981074854977246812274214521855032992e+00, 1.81547986962318861636090032753055824840e+01, -3.92325224470638868572852518925394788962e-02, 4.14229151753487275297344788339974332112e+00, 8.12230821448674187223899082190892913641e-01, 2.7397955606784328e-01, -4.0559206681880019e-01
0.56200000, 1.43828765432788861225535938731325278502e+00, -1.33968116435891994596088371606216712987e+00, 1.81550547352911504671118369578894686137e+01, -3.90964326184105810719246272614567172665e-02, 4.14222776908895057512221199781428325775e+00, 8.12223899288581255270989378112384232684e-01, 2.7423617097671112e-01, -4.0525503074671155e-01
0.56300000, 1.43829829034212248875530820192047838253e+00, -1.33955119633262429735375267513277354519e+00, 1.81553106464780489971713042120222582825e+01, -3.89596016456584939397820272731845179880e-02, 4.14216364291480091141016219343873888696e+00, 8.12217087799227003890597422557155642534e-01, 2.7449383180930302e-01, -4.0491725630945830e-01
0.56400000, 1.43830919864565652958314531888165024184e+00, -1.33942084354872745596064415467571045016e+00, 1.81555664291175961605446968265357102160e+01, -3.88220295427294817357487575001331795404e-02, 4.14209913839633671588748412294815939763e+00, 8.12210386516808342141527625298674319833e-01, 2.7475253636572162e-01, -4.0457873788320222e-01
0.56500000, 1.43832037896146585170457379277334960165e+00, -1.33929010508126451458307441845023662904e+00, 1.81558220825314805111024593423318422565e+01, -3.86837163248183277574799537724241315731e-02, 4.14203425491512748895858297215778264332e+00, 8.12203794974447668091539910051865411179e-01, 2.7501228242695561e-01, -4.0423946982364932e-01
0.56600000, 1.43833183101006841953505464201741547810e+00, -1.33915898000045134282135579802825416555e+00, 1.81560776060380565748240645415854630856e+01, -3.85446620084072251030820259145672366100e-02, 4.14196899185039722014108004208394146242e+00, 8.12197312702169532211198719276567971462e-01, 2.7527306775464046e-01, -4.0389944646603686e-01
0.56700000, 1.43834355450950008655668423215724072053e+00, -1.33902746737267219351432099132088073640e+00, 1.81563329989523366647336585746899276532e+01, -3.84048666112803814472262574250491206290e-02, 4.14190334857902239012218430606020482598e+00, 8.12190939226877124837782774613485567042e-01, 2.7553489009081754e-01, -4.0355866212512119e-01
0.56800000, 1.43835554917528941716380570792458881238e+00, -1.33889556626046729878492091436939490517e+00, 1.81565882605859826862076992523782122117e+01, -3.82643301525387468282725616072112233265e-02, 4.14183732447553003339771064614320105769e+00, 8.12184674072328586401625856471337934264e-01, 2.7579774715769155e-01, -4.0321711109516673e-01
0.56900000, 1.43836781472043228672871300835497355007e+00, -1.33876327572252045653280666423424949786e+00, 1.81568433902472979330958146117323525033e+01, -3.81230526526148654670898753428685411652e-02, 4.14177091891209586279900329070082133893e+00, 8.12178516759113139099643770943458157074e-01, 2.7606163665738625e-01, -4.0287478764993576e-01
0.57000000, 1.43838035085536625786150848749617872576e+00, -1.33863059481364660823371902118515583481e+00, 1.81570983872412188751052632529567197892e+01, -3.79810341332878526464081108330942253879e-02, 4.14170413125854245723330138913838401776e+00, 8.12172466804627038693207167226915019554e-01, 2.7632655627169850e-01, -4.0253168604267940e-01
0.57100000, 1.43839315728794473082076866862562195335e+00, -1.33849752258477940892455364883485854950e+00, 1.81573532508693069369086854853492866879e+01, -3.78382746176984976877306712191079655128e-02, 4.14163696088233751398365768118084589470e+00, 8.12166523723049345099946124381557102846e-01, 2.7659250366185052e-01, -4.0218780050612947e-01
0.57200000, 1.43840623372341086601415778599397756889e+00, -1.33836405808295879027235217992794942447e+00, 1.81576079804297402694442973966633506280e+01, -3.76947741303644940710759346085105161502e-02, 4.14156940714859216693539490640144966564e+00, 8.12160687025317510441522677121752388477e-01, 2.7685947646824050e-01, -4.0184312525249154e-01
0.57300000, 1.43841957986437127651050616826464486312e+00, -1.33823020035131851764519422489136248790e+00, 1.81578625752173055138873009855310262560e+01, -3.75505326971957977511004671538724166982e-02, 4.14150146942005937211726206293543761056e+00, 8.12154956219102783201883996633619048083e-01, 2.7712747231019145e-01, -4.0149765447343893e-01
0.57400000, 1.43843319541076948846714089659067982977e+00, -1.33809594842907374212303861589661877377e+00, 1.81581170345233895587810649224890867317e+01, -3.74055503455101147314856612035280784701e-02, 4.14143314705713236196693801979726426189e+00, 8.12149330808785427143014151719061475370e-01, 2.7739648878569830e-01, -4.0115138234010787e-01
0.57500000, 1.43844708005985916735842028509845772448e+00, -1.33796130135150854840698959231379537585e+00, 1.81583713576359712908265748176603877620e+01, -3.72598271040485189678426074877970311846e-02, 4.14136443941784316975232752160196757406e+00, 8.12143810295429753617738684371628241682e-01, 2.7766652347117323e-01, -4.0080430300309379e-01
0.57600000, 1.43846123350617710787348239439171149529e+00, -1.33782625814996349960625092170832179565e+00, 1.81586255438396133398387615945726613102e+01, -3.71133630029912016778068750199005526141e-02, 4.14129534585786122560220855417959131676e+00, 8.12138394176758965911706149245163627258e-01, 2.7793757392118927e-01, -4.0045641059244869e-01
0.57700000, 1.43847565544151598533317186773931795261e+00, -1.33769081785182317990318399912148142979e+00, 1.81588795924154538183885942586717979969e+01, -3.69661580739733531454550382518641812743e-02, 4.14122586573049202562222467101076848053e+00, 8.12133081947129814239276867695078125504e-01, 2.7820963766822213e-01, -4.0010769921767969e-01
0.57800000, 1.43849034555489686645795980102772945294e+00, -1.33755497948050373611841073009669528377e+00, 1.81591335026411980566602716014391074779e+01, -3.68182123501011781156777818437931596529e-02, 4.14115599838667587559497557038746629277e+00, 8.12127873097507060010694087437580981194e-01, 2.7848271222239018e-01, -3.9975816296774879e-01
0.57900000, 1.43850530353254147730041910727207305466e+00, -1.33741874205544041921980452333316619064e+00, 1.81593872737911103330634688296241796094e+01, -3.66695258659680458826897266834116371906e-02, 4.14108574317498671078604836913124665504e+00, 8.12122767115437747980599247397864831950e-01, 2.7875679507119273e-01, -3.9940779591107380e-01
0.58000000, 1.43852052905784422613746396201958115509e+00, -1.33728210459207512684149913141173530279e+00, 1.81596409051360056011513924247170811447e+01, -3.65200986576707761854432269590486714857e-02, 4.14101509944163099340125509890696011374e+00, 8.12117763485025284880683930541506467647e-01, 2.7903188367924647e-01, -3.9905659209553045e-01
0.58100000, 1.43853602181134397909910752836431536378e+00, -1.33714506610184394790172160919880470484e+00, 1.81598943959432412134063724294002373777e+01, -3.63699307628260620313417297085352801065e-02, 4.14094406653044668926410346515399543731e+00, 8.12112861686903323132049231298579981910e-01, 2.7930797548802008e-01, -3.9870454554845586e-01
0.58200000, 1.43855178147069558629193843596397578620e+00, -1.33700762559216471043132862889027850679e+00, 1.81601477454767086424658785730187622378e+01, -3.62190222205870305783172792360671527146e-02, 4.14087264378290232530663241735409836094e+00, 8.12108061198209448225671635720335402227e-01, 2.7958506791556703e-01, -3.9835165027665314e-01
0.58300000, 1.43856780771064115615686467125362980223e+00, -1.33686978206642453374840121208901852685e+00, 1.81604009529968252003731879738982309022e+01, -3.60673730716599432140457735128191558955e-02, 4.14080083053809612949119619537451569194e+00, 8.12103361492558668352256162017718885231e-01, 2.7986315835625658e-01, -3.9799790026639739e-01
0.58400000, 1.43858410020298107578192493927167416566e+00, -1.33673153452396738613813812212343202662e+00, 1.81606540177605257564484604190149389133e+01, -3.59149833583210359798219922193533712752e-02, 4.14072862613275525480558490448446084606e+00, 8.12098762040016704855695571976847045820e-01, 2.8014224418050295e-01, -3.9764328948344295e-01
0.58500000, 1.43860065861654477487212356595862833350e+00, -1.33659288196008164922158930989302615560e+00, 1.81609069390212544543876952875159560757e+01, -3.57618531244335014954035393068074917582e-02, 4.14065602990123508899903104798128791017e+00, 8.12094262307073082077352162373631402206e-01, 2.8042232273449256e-01, -3.9728781187303204e-01
0.58600000, 1.43861748261716123105930708193057879219e+00, -1.33645382336598769022149462747592580229e+00, 1.81611597160289564292089549608149106677e+01, -3.56079824154646135499579676133940126042e-02, 4.14058304117551865175217458014491163948e+00, 8.12089861756614015151439291486700294173e-01, 2.8070339133990950e-01, -3.9693146135990468e-01
0.58700000, 1.43863457186762921421607029889302551210e+00, -1.33631435772882544335864631803944393091e+00, 1.81614123480300695246773459963184534409e+01, -3.54533712785029955331097369327544573523e-02, 4.14050965928521608099994875494108632461e+00, 8.12085559847895094304906791906296775046e-01, 2.8098544729365913e-01, -3.9657423184831007e-01
0.58800000, 1.43865192602768726741855857047828284513e+00, -1.33617448403164200163778346077909745431e+00, 1.81616648342675160118525544235303267351e+01, -3.52980197622760338889825238150269703944e-02, 4.14043588355756421015261021167435023382e+00, 8.12081356036513764208431263154840353875e-01, 2.8126848786758974e-01, -3.9621611722201939e-01
0.58900000, 1.43866954475398342218382271320029456908e+00, -1.33603420125337922030805959938853326057e+00, 1.81619171739806943094152382814510444877e+01, -3.51419279171674377850669402231711729625e-02, 4.14036171331742623798677428464348996859e+00, 8.12077249774381596918382517764102678291e-01, 2.8155251030821243e-01, -3.9585711134433994e-01
0.59000000, 1.43868742770004464558808552603675618703e+00, -1.33589350836886133330960831799973639449e+00, 1.81621693664054707064412920282662137078e+01, -3.49850957952349461967130820305336825929e-02, 4.14028714788729149300533542974127183713e+00, 8.12073240509696356942984861693206954693e-01, 2.8183751183641901e-01, -3.9549720805813083e-01
0.59100000, 1.43870557451624601685289584967643472052e+00, -1.33575240434878258404467275920912210491e+00, 1.81624214107741710883059168344840400220e+01, -3.48275234502281836170506334248739536620e-02, 4.14021218658727529409255795991920418337e+00, 8.12069327686913856959320213585951762308e-01, 2.8212348964719803e-01, -3.9513640118582016e-01
0.59200000, 1.43872398484977963096667959719388649955e+00, -1.33561088815969487183917131897252557447e+00, 1.81626733063155726664125611783494395799e+01, -3.46692109376066656111755778769160867635e-02, 4.14013682873511890931841905974624364258e+00, 8.12065510746719602701333198892978918217e-01, 2.8241044090934893e-01, -3.9477468452942360e-01
0.59300000, 1.43874265834462322688964920554156845021e+00, -1.33546895876399541548845042289428561969e+00, 1.81629250522548957124551408006076470796e+01, -3.45101583145579554425109497888739562193e-02, 4.14006107364618961477447944642928664640e+00, 8.12061789126000225532600290488682034790e-01, 2.8269836276519424e-01, -3.9441205187056466e-01
0.59400000, 1.43876159464150853787040563331912197034e+00, -1.33532661511991443530933391482595883543e+00, 1.81631766478137952979355091917189224613e+01, -3.43503656400159730083485025883918633982e-02, 4.13998492063348085535215225345268531070e+00, 8.12058162257814701211319910289064069326e-01, 2.8298725233028989e-01, -3.9404849697049643e-01
0.59500000, 1.43878079337788936138286259183453500185e+00, -1.33518385618150285514942480694795894387e+00, 1.81634280922103530396719326702199196863e+01, -3.41898329746794573307076270793667671492e-02, 4.13990836900761250940324297960451779048e+00, 8.12054629571365353348772369202138954697e-01, 2.8327710669313354e-01, -3.9368401357012490e-01
0.59600000, 1.43880025418790934617234346879932315390e+00, -1.33504068089862002583395669515105262735e+00, 1.81636793846590688520483311028962576746e+01, -3.40285603810305838578062442537034911739e-02, 4.13983141807683125925204797011981898372e+00, 8.12051190491968640056391930179725891949e-01, 2.8356792291487101e-01, -3.9331859539003397e-01
0.59700000, 1.43881997670236949387984981343865653903e+00, -1.33489708821692147156033688953161292461e+00, 1.81639305243708527067682797980609780724e+01, -3.38665479233537378406245920496530445400e-02, 4.13975406714701106955813123086129799732e+00, 8.12047844441025722270592570391481875108e-01, 2.8385969802900077e-01, -3.9295223613051206e-01
0.59800000, 1.43883996054869537269357882861426872753e+00, -1.33475307707784666078087921372672662178e+00, 1.81641815105530164008922335007339169679e+01, -3.37037956677544450582556536646175088524e-02, 4.13967631552165377555915482705601275547e+00, 8.12044590835992812238598749958386303001e-01, 2.8415242904107642e-01, -3.9258492947158037e-01
0.59900000, 1.43886020535090404045677869689488326592e+00, -1.33460864641860680314509956793923255286e+00, 1.81644323424092653339511332074634920101e+01, -3.35403036821784611749742181430733333286e-02, 4.13959816250188978325382214452778508511e+00, 8.12041429090351300642757342419800640086e-01, 2.8444611292840724e-01, -3.9221666907302291e-01
0.60000000, 1.43888071072957067464097750040214526840e+00, -1.33446379517217267410434992200387929893e+00, 1.81646830191396902949444942203090543286e+01, -3.33760720364310210212189571721206873403e-02, 4.13951960738647888361611140616548717691e+00, 8.12038358613577660835151644842204279763e-01, 2.8474074663975682e-01, -3.9184744857441820e-01
0.60100000, 1.43890147630179490657350683873373313256e+00, -1.33431852226726246881350471488523423141e+00, 1.81649335399407592600462530427389351073e+01, -3.32111008021962490999671321263413373814e-02, 4.13944064947181118296353460511692423112e+00, 8.12035378811113128648807987174394431654e-01, 2.8503632709503959e-01, -3.9147726159517276e-01
0.60200000, 1.43892250168116685728806798149987942584e+00, -1.33417282662832968699689610985184275187e+00, 1.81651839040053092018570750012073332396e+01, -3.30453900530567326292882495991162216314e-02, 4.13936128805190815163416005732566126982e+00, 8.12032489084333156246384953192687873769e-01, 2.8533285118501550e-01, -3.9110610173455638e-01
0.60300000, 1.43894378647773287234685960758739199347e+00, -1.33402670717555105047872973174038706684e+00, 1.81654341105225379110574975193739329489e+01, -3.28789398645132584411897481895068120544e-02, 4.13928152241842379315959076063325634308e+00, 8.12029688830516638461969792234926117817e-01, 2.8563031577098258e-01, -3.9073396257173919e-01
0.60400000, 1.43896533029796095296250510049523339449e+00, -1.33388016282481445511180905403390525316e+00, 1.81656841586779958313322094902823179632e+01, -3.27117503140047150662131581328884180800e-02, 4.13920135186064593615400139930093854361e+00, 8.12026977442814910086481558902494733222e-01, 2.8592871768446759e-01, -3.9036083766583064e-01
0.60500000, 1.43898713274470588072768733240764743894e+00, -1.33373319248770695887256328816849995184e+00, 1.81659340476535779084519489472337767310e+01, -3.25438214809281613426016087282029171340e-02, 4.13912077566549765117270992720543460208e+00, 8.12024354310220512542201320955664288737e-01, 2.8622805372691465e-01, -3.8998672055592027e-01
0.60600000, 1.43900919341717403324002335314240933757e+00, -1.33358579507150280792511935528189517274e+00, 1.81661837766275154544159430378729720240e+01, -3.23751534466590628982374915660740365075e-02, 4.13903979311753879482760102777769870287e+00, 8.12021818817535728387122017669110980775e-01, 2.8652832066937179e-01, -3.8961160476112046e-01
0.60700000, 1.43903151191088788788929401097912408341e+00, -1.33343796947915150249249231280525820983e+00, 1.81664333447743680275745200192163619653e+01, -3.22057462945716978629408888654462675190e-02, 4.13895840349896768348103426319708078017e+00, 8.12019370345340882085139968988317812411e-01, 2.8682951525217556e-01, -3.8923548378061109e-01
0.60800000, 1.43905408781765021105368801472625807884e+00, -1.33328971460926590440889960875718544817e+00, 1.81666827512650153296684965252663921308e+01, -3.20356001100597331781233562791745720948e-02, 4.13887660608962289887466531984656740299e+00, 8.12017008269962405473602513256936311932e-01, 2.8713163418463358e-01, -3.8885835109368620e-01
0.60900000, 1.43907692072550792993123018490445526234e+00, -1.33314102935611038826374201283711359897e+00, 1.81669319952666491207391886753125335805e+01, -3.18647149805569728802060592335012359981e-02, 4.13879440016698522808489041279039406966e+00, 8.12014731963440666355387820921531964099e-01, 2.8743467414470502e-01, -3.8848020015980257e-01
0.61000000, 1.43910001021871568421204366570706213054e+00, -1.33299191260958903808494741759112306979e+00, 1.81671810759427651528804167028471256301e+01, -3.16930909955582797436342909679337426303e-02, 4.13871178500617974023239766060844774881e+00, 8.12012540793497558638529779148237789050e-01, 2.8773863177867909e-01, -3.8810102441863049e-01
0.61100000, 1.43912335587769905477654985589046003641e+00, -1.33284236325523389154715243283241861911e+00, 1.81674299924531551238216737563990891131e+01, -3.15207282466406716787501759307778598675e-02, 4.13862875987997800240958116471283124806e+00, 8.12010434123503852442419309593412264432e-01, 2.8804350370085150e-01, -3.8772081729010641e-01
0.61200000, 1.43914695727901746658414209575154460793e+00, -1.33269238017419323372861045655206106309e+00, 1.81676787439538986513497144704210934265e+01, -3.13476268274845942892199466614597122576e-02, 4.13854532405880043732634975498456251575e+00, 8.12008411312446302585820070182959399736e-01, 2.8834928649319877e-01, -3.8733957217448788e-01
0.61300000, 1.43917081399532676289628420514461755028e+00, -1.33254196224321994247977346772941686535e+00, 1.81679273295973552695941919946588878784e+01, -3.11737868338953710031495722912992984981e-02, 4.13846147681071882521214907562012666282e+00, 8.12006471714894513868337866337040367226e-01, 2.8865597670505058e-01, -3.8695728245241045e-01
0.61400000, 1.43919492559534144795738745103263721298e+00, -1.33239110833465988750620805121768780091e+00, 1.81681757485321564482216376246369556947e+01, -3.09992083638248322014606410840633323326e-02, 4.13837721740145895254981910896031443678e+00, 8.12004614680967561553586089000477793934e-01, 2.8896357085276003e-01, -3.8657394148494691e-01
0.61500000, 1.43921929164379659523621424430303063278e+00, -1.33223981731644038530888416210703769629e+00, 1.81684239999031976356010392672567670773e+01, -3.08238915173931247765351172583739374403e-02, 4.13829254509440341025523564566276814775e+00, 8.12002839556300365459101107820400780552e-01, 2.8927206541937179e-01, -3.8618954261366858e-01
0.61600000, 1.43924391170140941830994880584563466536e+00, -1.33208808805205871216592802679931595477e+00, 1.81686720828516303270235380303927561561e+01, -3.06478363969107035635706916160379658050e-02, 4.13820745915059454395553992838931368688e+00, 8.12001145682009816055088953617892006085e-01, 2.8958145685428822e-01, -3.8580407916070894e-01
0.61700000, 1.43926878532484050145246935643420819782e+00, -1.33193591940057067738166865172805287153e+00, 1.81689199965148541590783306236038054289e+01, -3.04710431069005060965156410321992232540e-02, 4.13812195882873755905815209056304230663e+00, 8.11999532394660650971335178522100315469e-01, 2.8989174157293342e-01, -3.8541754442882948e-01
0.61800000, 1.43929391206665468696775840753749234901e+00, -1.33178331021657925907124109142605281636e+00, 1.81691677400265090313067434322274006719e+01, -3.02935117541203121498710434209139514529e-02, 4.13803604338520378334269749404330280646e+00, 8.11997999026231080309091020039493195421e-01, 2.9020291595641512e-01, -3.8502993170148791e-01
0.61900000, 1.43931929147528161628880297781657207259e+00, -1.33163025935022330479214947140152899493e+00, 1.81694153125164672562766365668140088160e+01, -3.01152424475852895370564252235763346178e-02, 4.13794971207403408984845709616837829620e+00, 8.11996544904078159152468637776542348545e-01, 2.9051497635118459e-01, -3.8464123424290867e-01
0.62000000, 1.43934492309497592184177073781989380466e+00, -1.33147676564716629937804945742191436511e+00, 1.81696627131108257392398074360477932053e+01, -2.99362352985907276454299317460532469665e-02, 4.13786296414694248287099004700913626751e+00, 8.11995169350902905671844148965393781301e-01, 2.9082791906869436e-01, -3.8425144529815579e-01
0.62100000, 1.43937080646577706665470709135689054447e+00, -1.33132282794858520237459423489187008086e+00, 1.81699099409318981885558980405431655708e+01, -2.97564904207349601974333098803468847407e-02, 4.13777579885331984992317537338612220999e+00, 8.11993871684715163209987565455017106434e-01, 2.9114174038505390e-01, -3.8386055809320831e-01
0.62200000, 1.43939694112346882866948813237526283565e+00, -1.33116844509115935752251106847041659812e+00, 1.81701569950982073580874728886119037823e+01, -2.95760079299424787366926980491397382519e-02, 4.13768821544023788255808642968050898067e+00, 8.11992651218798204740121832314272570719e-01, 2.9145643654068317e-01, -3.8346856583503798e-01
0.62300000, 1.43942332659953842669529157028348004044e+00, -1.33101361590705947677914824680622254870e+00, 1.81704038747244773227924298997542961606e+01, -2.93947879444872383472456647521653210363e-02, 4.13760021315245316899385340891815762346e+00, 8.11991507261673078083867490548233551178e-01, 2.9177200373996409e-01, -3.8307546171168953e-01
0.62400000, 1.43944996242113528492141860247294383945e+00, -1.33085833922393670141656591025423526774e+00, 1.81706505789216257887617396490330249538e+01, -2.92128305850161571233802728659593422995e-02, 4.13751179123241146152399227172482634651e+00, 8.11990439117062690276063743859765578717e-01, 2.9208843815088987e-01, -3.8268123889236355e-01
0.62500000, 1.43947684811102943288692105216082528495e+00, -1.33070261386491174278185027725540806155e+00, 1.81708971067967564389726836329328860262e+01, -2.90301359745728109168602305126153020405e-02, 4.13742294892025212174058966340856503033e+00, 8.11989446083855629462779822776432054630e-01, 2.9240573590471227e-01, -3.8228589052750177e-01
0.62600000, 1.43950398318756953778416682391492706580e+00, -1.33054643864856410535372063140018162490e+00, 1.81711434574531513160502847777639180803e+01, -2.88467042386213248975683879626152729159e-02, 4.13733368545381274664223948425823288780e+00, 8.11988527456069722718451644817399343449e-01, 2.9272389309558668e-01, -3.8188940974887510e-01
0.62700000, 1.43953136716464056595322002477248972134e+00, -1.33038981238892139477868374728292232770e+00, 1.81713896299902632433524980939376345446e+01, -2.86625355050704634728258269202193447047e-02, 4.13724400006863397874373452307312195273e+00, 8.11987682522815328168007222362985253261e-01, 2.9304290578021519e-01, -3.8149178966967425e-01
0.62800000, 1.43955899955162107040372735305867192822e+00, -1.33023273389544871361998299824294381705e+00, 1.81716356235037082857179611883166354109e+01, -2.84776299042979201198323407310028920088e-02, 4.13715389199796450335023275959198445328e+00, 8.11986910568258359800089650446049717049e-01, 2.9336276997748739e-01, -3.8109302338460304e-01
0.62900000, 1.43958687985334010118089720398612394649e+00, -1.33007520197303814760340112038749805616e+00, 1.81718814370852582512386983231750205635e+01, -2.82919875691748086948229000686573037285e-02, 4.13706336047276623620494941956786221330e+00, 8.11986210871583043358058623705144018195e-01, 2.9368348166811921e-01, -3.8069310396997441e-01
0.63000000, 1.43961500757003373537214025785914398494e+00, -1.32991721542199834519561856083600417444e+00, 1.81721270698228332354441329511562952990e+01, -2.81056086350903577916403160342004932001e-02, 4.13697240472171970476637948775756459037e+00, 8.11985582706954401696360327854304192670e-01, 2.9400503679428951e-01, -3.8029202448380933e-01
0.63100000, 1.43964338219730122353101822921854257568e+00, -1.32975877303804419340331570857374084883e+00, 1.81723725208004942093070973142650864883e+01, -2.79184932399768097314832253966573735253e-02, 4.13688102397122962641863803756973115756e+00, 8.11985025343480467991111507455325233900e-01, 2.9432743125927462e-01, -3.7988977796593833e-01
0.63200000, 1.43967200322606074927532934488013234771e+00, -1.32959987361228659273454942718475456672e+00, 1.81726177890984356525072389809488580798e+01, -2.77306415243345257745970989733525422932e-02, 4.13678921744543068696672433561164512473e+00, 8.11984538045174225195357053279577523434e-01, 2.9465066092708071e-01, -3.7948635743810602e-01
0.63300000, 1.43970087014250479879645362865175166844e+00, -1.32944051593122233431814465251047619039e+00, 1.81728628737929782334123183745789560897e+01, -2.75420536312572991536304733437581277071e-02, 4.13669698436619352281737716249399145444e+00, 8.11984120070915270131442352430271404544e-01, 2.9497472162207407e-01, -3.7908175590407846e-01
0.63400000, 1.43972998242805513699749711203816419312e+00, -1.32928069877672408223193299634570102286e+00, 1.81731077739565615372633737412655943934e+01, -2.73527297064578775372751764203555441379e-02, 4.13660432395313091029570011700041289810e+00, 8.11983770674411200615302929643756012664e-01, 2.9529960912860921e-01, -3.7867596634975348e-01
0.63500000, 1.43975933955931738695832085003537990709e+00, -1.32912042092603046414665505987962103841e+00, 1.81733524886577368440756059933060582342e+01, -2.71626698982936965416439931207111742458e-02, 4.13651123542360416559790381728057937416e+00, 8.11983489104158724010225864646907582671e-01, 2.9562531919065490e-01, -3.7826898174327393e-01
0.63600000, 1.43978894100803520940622756772676945407e+00, -1.32895968115173627344923439664644591361e+00, 1.81735970169611599577931108811860442941e+01, -2.69718743577928259156079160449734097702e-02, 4.13641771799272975893134387508335656985e+00, 8.11983274603404485610791648113224312919e-01, 2.9595184751141805e-01, -3.7786079503514403e-01
0.63700000, 1.43981878624104407885191565437461283033e+00, -1.32879847822178278606694180163928724846e+00, 1.81738413579275840882622654824845636056e+01, -2.67803432386801300350136456828639284234e-02, 4.13632377087338614644453630658228473318e+00, 8.11983126410105615261273357149576403276e-01, 2.9627918975296540e-01, -3.7745139915834876e-01
0.63800000, 1.43984887472022465303130711078111880001e+00, -1.32863681089944819527271200644128942822e+00, 1.81740855106138527876156655967178160115e+01, -2.65880766974036443493260208701801927385e-02, 4.13622939327622082360201267722773908053e+00, 8.11983043756889990616764384854769742702e-01, 2.9660734153584323e-01, -3.7704078702847632e-01
0.63900000, 1.43987920590245573227502330010682415102e+00, -1.32847467794333816781156423289939546959e+00, 1.81743294740728929426860159032495703366e+01, -2.63950748931611694327851232618809680782e-02, 4.13613458440965760371174278856119880003e+00, 8.11983025871016215459738822343394192817e-01, 2.9693629843869478e-01, -3.7662895154384380e-01
0.64000000, 1.43990977923956680540863062030583466958e+00, -1.32831207810737652474872684032678371073e+00, 1.81745732473537078250973013325352214273e+01, -2.62013379879270843006293314231690774113e-02, 4.13603934347990412536641013860489080923e+00, 8.11983071974333311489632626911039856437e-01, 2.9726605599787566e-01, -3.7621588558562602e-01
0.64100000, 1.43994059417829017876831849472268359677e+00, -1.32814901014079605050168807032262654441e+00, 1.81748168295013702007089217320221923635e+01, -2.60068661464793806593088912994652504337e-02, 4.13594366969095959261408176419130980214e+00, 8.11983181283240122008381869807582894451e-01, 2.9759660970706710e-01, -3.7580158201798769e-01
0.64200000, 1.43997165016021268489841567948496152080e+00, -1.32798547278812943358100336170072604289e+00, 1.81750602195570155001172583447962305857e+01, -2.58116595364269197678947763280705785658e-02, 4.13584756224462275172877644357724888884e+00, 8.11983353008644425930679892168751376429e-01, 2.9792795501688708e-01, -3.7538603368821872e-01
0.64300000, 1.44000294662172696747910945980896851143e+00, -1.32782146478920034262829872334669570541e+00, 1.81753034165578350519483656839204365983e+01, -2.56157183282369135960697506094096321009e-02, 4.13575102034050010850711063809313400905e+00, 8.11983586355921760554031662431859589194e-01, 2.9826008733449933e-01, -3.7496923342687306e-01
0.64400000, 1.44003448299398233901491784243184202823e+00, -1.32765698487911464140453319671437327348e+00, 1.81755464195370693807051519549357145384e+01, -2.54190426952626319721674997176421852008e-02, 4.13565404317601439007359701329019328863e+00, 8.11983880524873951530504887041229173559e-01, 2.9859300202322021e-01, -3.7455117404791076e-01
0.64500000, 1.44006625870283520779688968914013804606e+00, -1.32749203178825174644723562670285727898e+00, 1.81757892275240015709625311835120349559e+01, -2.52216328137713374226961889793103665810e-02, 4.13555662994641325523429292412150092036e+00, 8.11984234709687348489417658145991633969e-01, 2.9892669440212357e-01, -3.7413184834884359e-01
0.64600000, 1.44009827316879907063418457712499269256e+00, -1.32732660424225613118212603614318572195e+00, 1.81760318395439506997346066283703196339e+01, -2.50234888629724494126394338084403008568e-02, 4.13545877984477825747635288270390758157e+00, 8.11984648098890764768076128903833380384e-01, 2.9926115974564335e-01, -3.7371124911088411e-01
0.64700000, 1.44013052580699406783362608393803006788e+00, -1.32716070096202898034228424179688364007e+00, 1.81762742546182653388689839376881785226e+01, -2.48246110250459397035648552743388485999e-02, 4.13536049206203406476963674143811886635e+00, 8.11985119875313119716097718679839798780e-01, 2.9959639328317419e-01, -3.7328936909909821e-01
0.64800000, 1.44016301602709609688904262318323101673e+00, -1.32699432066371999861685246430265866730e+00, 1.81765164717643171293548199287679820912e+01, -2.46249994851709605541824261858280707192e-02, 4.13526176578695794038587108772698361537e+00, 8.11985649216040782047840831139905668227e-01, 2.9993239019866993e-01, -3.7286620106256136e-01
0.64900000, 1.44019574323328548132572273253736279225e+00, -1.32682746205871937752116920391789500941e+00, 1.81767584899954944294631949758054906604e+01, -2.44246544315547074954758100805510957396e-02, 4.13516260020618948901096210283104231984e+00, 8.11986235292374612727026523227938364603e-01, 3.0026914563023996e-01, -3.7244173773451840e-01
0.65000000, 1.44022870682419519112913106394399143466e+00, -1.32666012385364992455124333679016747693e+00, 1.81770003083211960386708599699891259193e+01, -2.42235760554615184198738172153900051645e-02, 4.13506299450424067248692080041672364642e+00, 8.11986877269786705877796845052263715615e-01, 3.0060665466974355e-01, -3.7201597183254707e-01
0.65100000, 1.44026190619285861117117187684699569186e+00, -1.32649230475035935875760511514174594617e+00, 1.81772419257468249993513589107783469631e+01, -2.40217645512422107311297419665386413689e-02, 4.13496294786350609958149300975493089375e+00, 8.11987574307876826227224886717543462810e-01, 3.0094491236238204e-01, -3.7158889605872525e-01
0.65200000, 1.44029534072665685403176363290693496686e+00, -1.32632400344591277694682953304997638714e+00, 1.81774833412737824782509716871855878016e+01, -2.38192201163636583086273295632350438533e-02, 4.13486245946427359424599354509951460172e+00, 8.11988325560328541595689485944171928482e-01, 3.0128391370628903e-01, -3.7116050309980198e-01
0.65300000, 1.44032900980726561359831680210698634935e+00, -1.32615521863258529479343247073017048811e+00, 1.81777245538994617298008648517033639847e+01, -2.36159429514386100467268981154536287750e-02, 4.13476152848473504688503350355310356351e+00, 8.11989130174865048963570005450835768479e-01, 3.0162365365211842e-01, -3.7073078562737238e-01
0.65400000, 1.44036291281060155581090311629097187792e+00, -1.32598594899785486722040639461927048742e+00, 1.81779655626172421433512875630613689388e+01, -2.34119332602557517364969885415968208127e-02, 4.13466015410099755322580830694656479420e+00, 8.11989987293204692655420891696417235572e-01, 3.0196412710263043e-01, -3.7029973629805642e-01
0.65500000, 1.44039704910676824290648459133497891927e+00, -1.32581619322439529248340552274841495214e+00, 1.81782063664164833764486118095334602005e+01, -2.32071912498100130637389230926069740514e-02, 4.13455833548709484543938864309430368572e+00, 8.11990896051016173196169568471187726265e-01, 3.0230532891227561e-01, -3.6986734775368161e-01
0.65600000, 1.44043141806000158750155148155175494471e+00, -1.32564594999006940447152573112414985735e+00, 1.81784469642825195763114969995955141038e+01, -2.30017171303331215035967301858387195077e-02, 4.13445607181499902023203350289609103400e+00, 8.11991855577873445407962680500442757334e-01, 3.0264725388677671e-01, -3.6943361262146980e-01
0.65700000, 1.44046601902861483283891719213991084048e+00, -1.32547521796792245781676765200075808914e+00, 1.81786873551966536916984655430372098447e+01, -2.27955111153244048982457571576163763399e-02, 4.13435336225463256869093062159600491967e+00, 8.11992864997210304331083260082985379817e-01, 3.0298989678270863e-01, -3.6899852351422791e-01
0.65800000, 1.44050085136494305551125279514925636773e+00, -1.32530399582617571048463807938592134666e+00, 1.81789275381361518773957147077045599956e+01, -2.25885734215818445101624674861339470686e-02, 4.13425020597388071273597131344779326804e+00, 8.11993923426274657567893923408020186602e-01, 3.0333325230707624e-01, -3.6856207303054287e-01
0.65900000, 1.44053591441528718696123239511885105662e+00, -1.32513228222822020859995073334217627009e+00, 1.81791675120742379935910674309958481120e+01, -2.23809042692333803492877310789941614101e-02, 4.13414660213860405309719036022830276262e+00, 8.11995029976082482665048002678012083199e-01, 3.0367731511689030e-01, -3.6812425375498065e-01
0.66000000, 1.44057120751985755004592189287846614594e+00, -1.32496007583261077834474852359176209050e+00, 1.81794072759800882024375875372920407395e+01, -2.21725038817684705779984888881928487537e-02, 4.13404254991265153380635361307480600885e+00, 8.11996183751371468166271293579755554504e-01, 3.0402207981874124e-01, -3.6768505825828961e-01
0.66100000, 1.44060673001271690694129692895187315610e+00, -1.32478737529306022984940167024498654310e+00, 1.81796468288188256641485596475576631501e+01, -2.19633724860699068031899229181023429711e-02, 4.13393804845787372826086254142583603629e+00, 8.11997383850554336985871978552670881660e-01, 3.0436754096837111e-01, -3.6724447909760805e-01
0.66200000, 1.44064248122172301465154070037207354444e+00, -1.32461417925843377808335545141542148073e+00, 1.81798861695515153350042676873402680662e+01, -2.17535103124458870699338945484945227023e-02, 4.13383309693413645198867226284480713673e+00, 8.11998629365671850771805841367071250129e-01, 3.0471369307024341e-01, -3.6680250881667609e-01
0.66300000, 1.44067846046847068437706921688089831925e+00, -1.32444048637274368583872410664229536913e+00, 1.81801252971351588696903050616432347715e+01, -2.15429175946623483761109166830861856626e-02, 4.13372769449933470731429365953076165658e+00, 8.11999919382345493946629125206056647875e-01, 3.0506053057711105e-01, -3.6635913994605204e-01
0.66400000, 1.44071466706823334098508121828038292253e+00, -1.32426629527514413398796976576123155748e+00, 1.81803642105226896304270210605643966161e+01, -2.13315945699755605321035662571810786592e-02, 4.13362184030940696519817696624646124423e+00, 8.12001252979729836135033760770411113725e-01, 3.0540804788958231e-01, -3.6591436500333316e-01
0.66500000, 1.44075110032990407881685379357754309625e+00, -1.32409160459992632428628350645029419916e+00, 1.81806029086629678053901587108204638372e+01, -2.11195414791649831940800650062244033678e-02, 4.13351553351834978959485951601523814419e+00, 8.12002629230464571707901115341827910029e-01, 3.0575623935568488e-01, -3.6546817649338087e-01
0.66600000, 1.44078775955593621005702467190924171950e+00, -1.32391641297651382008001615329520404734e+00, 1.81808413905007756389637759476931601217e+01, -2.09067585665663879035785693290889110895e-02, 4.13340877327823280974920984306379832867e+00, 8.12004047200626235194953265035907892563e-01, 3.0610509927042799e-01, -3.6502056690855070e-01
0.66700000, 1.44082464404228330188174072293945735420e+00, -1.32374071902945813037460566652824758270e+00, 1.81810796549768127764081715295669254894e+01, -2.06932460801052469700160901191413361445e-02, 4.13330155873921404592491962075273459977e+00, 8.12005505949679591341147919788008780378e-01, 3.0645462187536262e-01, -3.6457152872892671e-01
0.66800000, 1.44086175307833869859483253164210264918e+00, -1.32356452137843454280893244009933399470e+00, 1.81813177010276917255677664585589897302e+01, -2.04790042713303910363812453835899016738e-02, 4.13319388904955559413508936561548673813e+00, 8.12007004530428698605977863495510968026e-01, 3.0680480135813979e-01, -3.6412105442256069e-01
0.66900000, 1.44089908594687452495412072651976805449e+00, -1.32338781863823821117792010180925626482e+00, 1.81815555275859334382867277343823001644e+01, -2.02640333954479371717173212339824351801e-02, 4.13308576335563967552132872465123063239e+00, 8.12008541988967644929821928302521598760e-01, 3.0715563185206707e-01, -3.6366913644571610e-01
0.67000000, 1.44093664192398016688359538820720983190e+00, -1.32321060941878050324150409684885497512e+00, 1.81817931335799630142435710038379683793e+01, -2.00483337113554893370512181836603208297e-02, 4.13297718080198505610525257767834952748e+00, 8.12010117364630954617476417138461221119e-01, 3.0750710743566310e-01, -3.6321576724311681e-01
0.67100000, 1.44097442027900022576156032676994270623e+00, -1.32303289232508561465583009621877507341e+00, 1.81820305179341055299600490426498526540e+01, -1.98319054816766130741643709540859707468e-02, 4.13286814053126384271460505488674825006e+00, 8.12011729689943665215998342230701059737e-01, 3.0785922213221040e-01, -3.6276093924820072e-01
0.67200000, 1.44101242027447194246992491702205839567e+00, -1.32285466595728745496173579419450932820e+00, 1.81822676795685819957843310026195405554e+01, -1.96147489727955862690229706332874216073e-02, 4.13275864168431866096548963606220312632e+00, 8.12013377990571073292040192694650152990e-01, 3.0821196990930630e-01, -3.6230464488337838e-01
0.67300000, 1.44105064116606208738568380837704410822e+00, -1.32267592891062681166622966307654576040e+00, 1.81825046173995054436938099708103601681e+01, -1.93968644548924278437758401543746702180e-02, 4.13264868340018022126232931584380057051e+00, 8.12015061285268148042976036512641891758e-01, 3.0856534467841205e-01, -3.6184687656029650e-01
0.67400000, 1.44108908220250331249227614003373343825e+00, -1.32249667977544879855482545789490047324e+00, 1.81827413303388771488088506238454029328e+01, -1.91782522019782062329778968452790249598e-02, 4.13253826481608527885823074115341030331e+00, 8.12016778585828611706336986495848947595e-01, 3.0891934029440022e-01, -3.6138762668010665e-01
0.67500000, 1.44112774262552996178598854329036418773e+00, -1.32231691713720059447623845962025996694e+00, 1.81829778172945829875554116311735957488e+01, -1.89589124919306295010937798193742909891e-02, 4.13242738506749499410038439294283464208e+00, 8.12018528897033685763417340121327870225e-01, 3.0927395055510030e-01, -3.6092688763373901e-01
0.67600000, 1.44116662166981333615088855325658352096e+00, -1.32213663957642947894611536760159628689e+00, 1.81832140771703899354617559813841429013e+01, -1.87388456065299189593681414577951007711e-02, 4.13231604328811369906800321182799795040e+00, 8.12020311216600501965408510613522501734e-01, 3.0962916920084257e-01, -3.6046465180218134e-01
0.67700000, 1.44120571856289640887497615287471751456e+00, -1.32195584566878117102317115017014268000e+00, 1.81834501088659427076224035903161471579e+01, -1.85180518314949681408042272187754131614e-02, 4.13220423860990807689408823852942832196e+00, 8.12022124535130177244094228259281344961e-01, 3.0998498991400027e-01, -3.6000091155676327e-01
0.67800000, 1.44124503252512798798035083647239189201e+00, -1.32177453398499847801935977211931759413e+00, 1.81836859112767605449110914101621329447e+01, -1.82965314565197889922583264283252067685e-02, 4.13209197016312676014701529122936443611e+00, 8.12023967836055551604025998079254600392e-01, 3.1034140631853009e-01, -3.5953565925944582e-01
0.67900000, 1.44128456276959632154124035952526496293e+00, -1.32159270309092026071552825068447939245e+00, 1.81839214832942341490737937989907211763e+01, -1.80742847753102471425217963731481024056e-02, 4.13197923707632035473356460999715448872e+00, 8.12025840095588588129221617046148602964e-01, 3.1069841197951098e-01, -3.5906888726311638e-01
0.68000000, 1.44132430850206214216575655071912663708e+00, -1.32141035154748072186541162532653210456e+00, 1.81841568238056227698828271228623046144e+01, -1.78513120856210881047116625322805883981e-02, 4.13186603847636189587156866871005749027e+00, 8.12027740282667434274821427173801689125e-01, 3.1105600040268133e-01, -3.5860058791188918e-01
0.68100000, 1.44136426892089114682026529547553053049e+00, -1.32122747791070902488383679419175275517e+00, 1.81843919316940514475837244254293467478e+01, -1.76276136892932562703119843597856973786e-02, 4.13175237348846774276783460802740080178e+00, 8.12029667358903143652827246527780692406e-01, 3.1141416503397458e-01, -3.5813075354141123e-01
0.68200000, 1.44140444321698590817931494523931799233e+00, -1.32104408073172924972963234920616704784e+00, 1.81846268058385084139179254705094142759e+01, -1.74031898922915085507876332254819368141e-02, 4.13163824123621891872540930125458783358e+00, 8.12031620278526057561068514146354936030e-01, 3.1177289925905321e-01, -3.5765937647917389e-01
0.68300000, 1.44144483057371721368919366308858970416e+00, -1.32086015855676069311000604302444495117e+00, 1.81848614451138426550563914755446491660e+01, -1.71780410047423245208159144937004263721e-02, 4.13152364084158290349359893831635323321e+00, 8.12033597988331845545920650420773623010e-01, 3.1213219640284115e-01, -3.5718644904483010e-01
0.68400000, 1.44148543016685482853941610955565595903e+00, -1.32067570992711852025106777619906638035e+00, 1.81850958483907616398320293134954527790e+01, -1.69521673409721149148353034030786912629e-02, 4.13140857142493588476443288470879207013e+00, 8.12035599427627204332074131569180529498e-01, 3.1249204972905479e-01, -3.5671196355051739e-01
0.68500000, 1.44152624116449767874380877214599501685e+00, -1.32049073337921477559876034222976631488e+00, 1.81853300145358292167123037395587223514e+01, -1.67255692195457303257798385962678330250e-02, 4.13129303210508547581047478366485932234e+00, 8.12037623528175214496852090538038400603e-01, 3.1285245243973232e-01, -3.5623591230118664e-01
0.68600000, 1.44156726272700345054140737698045983899e+00, -1.32030522744455975993572884738911085691e+00, 1.81855639424114636830076351307618011633e+01, -1.64982469633052719515374654994945409625e-02, 4.13117702199929390635103340518498209242e+00, 8.12039669214140354312232805929270941140e-01, 3.1321339767476178e-01, -3.5575828759493677e-01
0.68700000, 1.44160849400691760233713629699097936112e+00, -1.32011919064976378152262884914255434715e+00, 1.81857976308759360298661311009618543292e+01, -1.62702008994092062308255287286130848955e-02, 4.13106054022330169382691221639607588300e+00, 8.12041735402033170224885286845459423203e-01, 3.1357487851140760e-01, -3.5527908172335533e-01
0.68800000, 1.44164993414890178541324668754220786797e+00, -1.31993262151653928899705881714373446302e+00, 1.81860310787833683666608899120302601919e+01, -1.60414313593717852058010028093419280843e-02, 4.13094358589135180235786027587619880307e+00, 8.12043821000654603493206017468494728748e-01, 3.1393688796383573e-01, -3.5479828697186518e-01
0.68900000, 1.44169158228966166965478614741771709450e+00, -1.31974551856170339388972035282092216339e+00, 1.81862642849837325284325485302726092403e+01, -1.58119386791027744438008814751454842009e-02, 4.13082615811621429675184765581796448469e+00, 8.12045924911039972550588163050497818489e-01, 3.1429941898263748e-01, -3.5431589562007721e-01
0.69000000, 1.44173343755787417054599785915816389003e+00, -1.31955788029718079074557538385931090000e+00, 1.81864972483228488701069351010859047208e+01, -1.55817231989474903451230016966429728312e-02, 4.13070825600921149903118556221723085146e+00, 8.12048046026402610715997199350187731002e-01, 3.1466246445435197e-01, -3.5383189994214926e-01
0.69100000, 1.44177549907411407370954219183427035831e+00, -1.31936970523000708296769877660185557419e+00, 1.81867299676423852512656310934301667521e+01, -1.53507852637271486576926627955611605679e-02, 4.13058987868024365503734360504364106572e+00, 8.12050183232077158926405727648684347705e-01, 3.1502601720098734e-01, -3.5334629220715126e-01
0.69200000, 1.44181776595078005327684039895300729143e+00, -1.31918099186233252263323278591520137592e+00, 1.81869624417798562153059588847554030244e+01, -1.51191252227795260127985291952231755281e-02, 4.13047102523781511877408275781773819683e+00, 8.12052335405462513220792579680281594144e-01, 3.1539006997954073e-01, -3.5285906467943669e-01
0.69300000, 1.44186023729202008039570104308417024138e+00, -1.31899173869142617266435157972023269252e+00, 1.81871946695686223668863925227417295209e+01, -1.48867434299999362888048984301487998810e-02, 4.13035169478906106224722045022600969558e+00, 8.12054501415964426762275296880219827316e-01, 3.1575461548151694e-01, -3.5237020961902046e-01
0.69400000, 1.44190291219365621820074885501727293136e+00, -1.31880194420968049987245459550490267233e+00, 1.81874266498378899516136491321706469295e+01, -1.46536402438825236018384928484638093168e-02, 4.13023188643977471865897147055132370972e+00, 8.12056680124937766243559483673675198186e-01, 3.1611964633244612e-01, -3.5187971928196323e-01
0.69500000, 1.44194578974310879959307763436255807849e+00, -1.31861160690461640753094132143422089435e+00, 1.81876583814127106419887621593229276772e+01, -1.44198160275618737138881036105941844407e-02, 4.13011159929443516691536190991654930713e+00, 8.12058870385628422581292892235355312896e-01, 3.1648515509140013e-01, -3.5138758592076224e-01
0.69600000, 1.44198886901931998419803930185033542612e+00, -1.31842072525888871627089158988456584206e+00, 1.81878898631139815336912714872346922035e+01, -1.41852711488549456395258721737362350986e-02, 4.12999083245623566550668971087357173949e+00, 8.12061071043114875867146621091608568629e-01, 3.1685113425050793e-01, -3.5089380178474883e-01
0.69700000, 1.44203214909267669089420715677914910985e+00, -1.31822929775029210223479868301643983068e+00, 1.81881210937584453563432954288493151279e+01, -1.39500059803033252225405065824028346205e-02, 4.12986958502711254392340038061930724351e+00, 8.12063280934249414607551452555946573919e-01, 3.1721757623446996e-01, -3.5039835912049259e-01
0.69800000, 1.44207562902493290233236068457926230281e+00, -1.31803732285176750156619122608196206013e+00, 1.81883520721586909029586816106719211612e+01, -1.37140208992158024431456353364403645676e-02, 4.12974785610777465987305540257335425050e+00, 8.12065498887599009350035798019016208883e-01, 3.1758447340007141e-01, -3.4990125017221231e-01
0.69900000, 1.44211930786913133789088089929713630444e+00, -1.31784479903140899045754740167340228056e+00, 1.81885827971231536823466735709538810082e+01, -1.34773162877112742050706993255740912726e-02, 4.12962564479773343066828853156880591842e+00, 8.12067723723385840862085390134718398541e-01, 3.1795181803569468e-01, -3.4940246718219377e-01
0.70000000, 1.44216318466952449154326930431141584075e+00, -1.31765172475247115012536452114371820751e+00, 1.81888132674561167988045831539971376478e+01, -1.32398925327619743397367248963119856636e-02, 4.12950295019533344726076556034709698317e+00, 8.12069954253427483098416929751590861397e-01, 3.1831960236083082e-01, -3.4890200239121445e-01
0.70100000, 1.44220725846149503114466135133454130337e+00, -1.31745809847337692622961112572073700216e+00, 1.81890434819577120634998309835549799958e+01, -1.30017500262370325518440072227599602956e-02, 4.12937977139778367950217971772240564298e+00, 8.12072189281076741264572291224880439614e-01, 3.1868781852559023e-01, -3.4839984803897526e-01
0.70200000, 1.44225152827147555567724916051233316590e+00, -1.31726391864772599240506984666422145182e+00, 1.81892734394239213420084137893578711243e+01, -1.27628891649463640170316999255898401984e-02, 4.12925610750118928132022034272887162199e+00, 8.12074427601161145358841303067028329914e-01, 3.1905645861021247e-01, -3.4789599636453932e-01
0.70300000, 1.44229599311686770702951178822452111762e+00, -1.31706918372430362772428909294586521351e+00, 1.81895031386465781425443833259413137058e+01, -1.25233103506848913277886222844807612968e-02, 4.12913195760058400460523891161884263053e+00, 8.12076667999922099650755011416185278742e-01, 3.1942551462457538e-01, -3.4739043960677797e-01
0.70400000, 1.44234065200596063292112923536448950657e+00, -1.31687389214709011806601166670027804943e+00, 1.81897325784133694494832820753081126042e+01, -1.22830139902771004684778505281036553986e-02, 4.12900732078996323071199518323070995894e+00, 8.12078909254953688632803936789583684346e-01, 3.1979497850770351e-01, -3.4688317000482391e-01
0.70500000, 1.44238550393784879762448462425428218013e+00, -1.31667804235527069151904956314614931471e+00, 1.81899617575078378068516806960464951055e+01, -1.20420004956219324841619611180672753295e-02, 4.12888219616231762859038772376268410030e+00, 8.12081150135141140062674167139450959415e-01, 3.2016484212727588e-01, -3.4637417979853179e-01
0.70600000, 1.44243054790234913717479470836834528823e+00, -1.31648163278324599810963691875962520203e+00, 1.81901906747093836565250059106658781259e+01, -1.18002702837380124908577559504102860978e-02, 4.12875658280966744866944714081746763203e+00, 8.12083389400598945796205997219963592351e-01, 3.2053509727913319e-01, -3.4586346122894610e-01
0.70700000, 1.44247578287991755580421053091317566285e+00, -1.31628466186064314430032722025975704616e+00, 1.81904193287932679359467396462148649719e+01, -1.15578237768092176568850362510050630270e-02, 4.12863047982309746173008595246769292201e+00, 8.12085625802608641196513823998158051540e-01, 3.2090573568678447e-01, -3.4535100653877660e-01
0.70800000, 1.44252120784156476038075729418447202259e+00, -1.31608712801232729287051580382366507848e+00, 1.81906477185306149402538149822375947526e+01, -1.13146614022305857660791101561397072888e-02, 4.12850388629279255211414425194053004332e+00, 8.12087858083556243992311537322282355489e-01, 3.2127674900091333e-01, -3.4483680797288129e-01
0.70900000, 1.44256682174877142968079630168924124875e+00, -1.31588902965841383895267308976943896427e+00, 1.81908758426884154537656358099758057853e+01, -1.10707835926545659537863095632827571999e-02, 4.12837680130807397473013244247550971327e+00, 8.12090084976869353548514905010345638288e-01, 3.2164812879888375e-01, -3.4432085777875705e-01
0.71000000, 1.44261262355340271537385445058280821741e+00, -1.31569036521428117316437601622599398466e+00, 1.81911037000295301558676088240782336043e+01, -1.08261907860376131857304225863549614736e-02, 4.12824922395743628542973764762657750797e+00, 8.12092305206953911604692450929158036347e-01, 3.2201986658424554e-01, -3.4380314820703797e-01
0.71100000, 1.44265861219762207165124176444704114331e+00, -1.31549113309058404294423219919789979953e+00, 1.81913312893126933063944020584673557904e+01, -1.05808834256871280279996556639606621830e-02, 4.12812115332858495444361435338334732571e+00, 8.12094517489130625631960884954789294642e-01, 3.2239195378623956e-01, -3.4328367151200155e-01
0.71200000, 1.44270478661380441048492978626014530427e+00, -1.31529133169326752336981020464537866663e+00, 1.81915586092925167156933368828475182004e+01, -1.03348619603087432335320221825149150709e-02, 4.12799258850847467268020684720709462572e+00, 8.12096720529571056056522902623195404218e-01, 3.2276438175930268e-01, -3.4276241995208273e-01
0.71300000, 1.44275114572444857956075957681890121607e+00, -1.31509095942358160890772598980017120626e+00, 1.81917856587194940046243831594691277787e+01, -1.00881268440539586465448641703115260540e-02, 4.12786352858334836080733452303831696074e+00, 8.12098913025233368698277587021090064472e-01, 3.2313714178257265e-01, -3.4223938579039595e-01
0.71400000, 1.44279768844208915999025523956276184599e+00, -1.31489001467809643772009530895261860026e+00, 1.81920124363400051598301627935961843159e+01, -9.84067853656812590133394797989680582919e-03, 4.12773397263877689115299352448770238451e+00, 8.12101093663797753875850995634852241303e-01, 3.2351022505939285e-01, -3.4171456129526524e-01
0.71500000, 1.44284441366920758096820636834128024288e+00, -1.31468849584871816032764913277569437087e+00, 1.81922389408963213896871775622781304450e+01, -9.59251750303878436573107010141878636468e-03, 4.12760391975969953257927083611777493980e+00, 8.12103261123601513735051904775649482164e-01, 3.2388362271681708e-01, -3.4118793874076245e-01
0.71600000, 1.44289132029814254860882105300897160795e+00, -1.31448640132270546460792750686445291707e+00, 1.81924651711266102864281649205281222443e+01, -9.34364421424434975222763240660981018891e-03, 4.12747336903046512860141003588024689913e+00, 8.12105414073573819466211044631163250225e-01, 3.2425732580511436e-01, -3.4065951040725376e-01
0.71700000, 1.44293840721099978626171197295889700171e+00, -1.31428372948268676928711949903079080586e+00, 1.81926911257649413000050521720074850947e+01, -9.09405914660315679131588767702326489096e-03, 4.12734231953487401914289058017641109046e+00, 8.12107551173170140187168247471304049240e-01, 3.2463132529727396e-01, -3.4012926858195446e-01
0.71800000, 1.44298567327956108368033500405200545023e+00, -1.31408047870667809826630475662049784948e+00, 1.81929168035412915293424263113091438945e+01, -8.84376278222285733193962268717328935875e-03, 4.12721077035622071643686261767284810932e+00, 8.12109671072306345382888336904143509365e-01, 3.2500561208851056e-01, -3.3959720555949213e-01
0.71900000, 1.44303311736519265248982746972701108071e+00, -1.31387664736810164830707654881750275376e+00, 1.81931422031815518367127649874963382495e+01, -8.59275560895017520305145255108689162528e-03, 4.12707872057733734570439361263969577000e+00, 8.12111772411292482909871722506086940696e-01, 3.2538017699576978e-01, -3.3906331364247829e-01
0.72000000, 1.44308073831875278547856797609067859604e+00, -1.31367223383580506278778682815715725303e+00, 1.81933673234075332910468840095532298546e+01, -8.34103812042101913811356313916138682019e-03, 4.12694616928063786136070694009931866071e+00, 8.12113853820766234693738774441311636932e-01, 3.2575501075723405e-01, -3.3852758514208871e-01
0.72100000, 1.44312853498049881731827947789917008628e+00, -1.31346723647408142442994957797954188105e+00, 1.81935921629369739460761488176899455882e+01, -8.08861081611095503092096915462812523263e-03, 4.12681311554816304962190023317561716929e+00, 8.12115913921626052371668205893165045242e-01, 3.2613010403182896e-01, -3.3799001237865224e-01
0.72200000, 1.44317650617999338440120113913200347652e+00, -1.31326165364268998008466718333279438053e+00, 1.81938167204835459592869711640039981936e+01, -7.83547420138603875633885235907316043357e-03, 4.12667955846162632850649541880962364912e+00, 8.12117951324963975257819780427015380854e-01, 3.2650544739873011e-01, -3.3745058768224849e-01
0.72300000, 1.44322465073600998156984352313893833532e+00, -1.31305548369687761086130228601440964300e+00, 1.81940409947568630577529672275692153455e+01, -7.58162878755401075339538646270053620959e-03, 4.12654549710246035634856449158696789218e+00, 8.12119964631998133139532401170260249141e-01, 3.2688103135687063e-01, -3.3690930339331429e-01
0.72400000, 1.44327296745643781360519806671921872551e+00, -1.31284872498740106107499987358002192401e+00, 1.81942649844624883569958884211380442520e+01, -7.32707509191585353062509524686637667354e-03, 4.12641093055186446006206514264480390978e+00, 8.12121952434004936545022560786741640914e-01, 3.2725684632444946e-01, -3.3636615186325904e-01
0.72500000, 1.44332145513818593943307961746320594914e+00, -1.31264137586054993968606526908626288956e+00, 1.81944886883019425391130496411190199411e+01, -7.07181363781771321458104883804913634332e-03, 4.12627585789085289451937690870957796389e+00, 8.12123913312250957259578580376574264995e-01, 3.2763288263844029e-01, -3.3582112545508913e-01
0.72600000, 1.44337011256708670710562558014118685823e+00, -1.31243343465817050810261599047493891600e+00, 1.81947121049727123964964695843219213823e+01, -6.81584495470318622199226101860569804205e-03, 4.12614027820030394453081854854163795362e+00, 8.12125845837924502006917193766204209219e-01, 3.2800913055410154e-01, -3.3527421654404137e-01
0.72700000, 1.44341893851779847771594405408347006994e+00, -1.31222489971769026841834053459049740677e+00, 1.81949352331682597475573014016242081665e+01, -6.55916957816597209410004426021091093119e-03, 4.12600419056100988103611634343614883199e+00, 8.12127748572066882355505794216415920686e-01, 3.2838558024448729e-01, -3.3472541751822566e-01
0.72800000, 1.44346793175370763650858498319003639271e+00, -1.31201576937214336635960499509848192624e+00, 1.81951580715780307309583662388589390858e+01, -6.30178805000289348822769400568064693011e-03, 4.12586759405372778324334480034314608322e+00, 8.12129620065503384056321799902906538568e-01, 3.2876222179995925e-01, -3.3417472077927682e-01
0.72900000, 1.44351709102682988955699313546531760559e+00, -1.31180604195019682342053755835475576453e+00, 1.81953806188874654849477034267712828390e+01, -6.04370091826728427658493810708937540596e-03, 4.12573048775923123857573800002837393441e+00, 8.12131458858773939168786644147408819832e-01, 3.2913904522769993e-01, -3.3362211874301592e-01
0.73000000, 1.44356641507771084449148166186317551315e+00, -1.31159571577617761287107831786818465504e+00, 1.81956028737780082184770149394623711616e+01, -5.78490873732274665564466761893587416873e-03, 4.12559287075836293241193206252337176955e+00, 8.12133263482063504485543163246925442380e-01, 3.2951604045122718e-01, -3.3306760384012085e-01
0.73100000, 1.44361590263532587387763367790162401494e+00, -1.31138478917010059453129289594724455143e+00, 1.81958248349271176808807033524783492992e+01, -5.52541206789727812111646040954208920159e-03, 4.12545474213208813973060562611592637956e+00, 8.12135032455132149924409710508757908214e-01, 3.2989319730990995e-01, -3.3251116851680658e-01
0.73200000, 1.44366555241697925996549204038998876624e+00, -1.31117326044769732341549679575872351829e+00, 1.81960465010082780369838763754255731301e+01, -5.26521147713776911354054618216575164248e-03, 4.12531610096154913089609277523329112346e+00, 8.12136764287244860717310994171177486876e-01, 3.3027050555848571e-01, -3.3195280523551492e-01
0.73300000, 1.44371536312820261965453119067038911017e+00, -1.31096112792044574756190524530477270798e+00, 1.81962678706910101546012109326811030238e+01, -5.00430753866487208779769064347469619375e-03, 4.12517694632812050394730656789605014189e+00, 8.12138457477101057391323983306664180111e-01, 3.3064795486657934e-01, -3.3139250647561400e-01
0.73400000, 1.44376533346265260864831820881894131601e+00, -1.31074838989560081057759076937845744635e+00, 1.81964889426408833114829288623813546288e+01, -4.74270083262824270633486691083290053328e-03, 4.12503727731346545587818435274235072226e+00, 8.12140110512763837706257538741132935836e-01, 3.3102553481822379e-01, -3.3083026473410753e-01
0.73500000, 1.44381546210200790390606335018751683414e+00, -1.31053504467622597464447621699581567154e+00, 1.81967097155195273288593270354780098380e+01, -4.48039194576215380060271816511256789642e-03, 4.12489709299959300552379960875819487963e+00, 8.12141721871588944886477703963786148938e-01, 3.3140323491138252e-01, -3.3026607252635394e-01
0.73600000, 1.44386574771586546363603527865465403282e+00, -1.31032109056122567994989093918467394970e+00, 1.81969301879846451388313187678516163152e+01, -4.21738147144148268804719305855628810071e-03, 4.12475639246891618079222824401743732653e+00, 8.12143290020153466662068524493516844168e-01, 3.3178104455747391e-01, -3.2969992238679543e-01
0.73700000, 1.44391618896163606421817661938759570298e+00, -1.31010652584537875672484672149557409789e+00, 1.81971503586900257929512717541274074091e+01, -3.95367000973807237295215908852239243229e-03, 4.12461517480431118310815722886496912474e+00, 8.12144813414184269815953217083131608003e-01, 3.3215895308089765e-01, -3.2913180686969708e-01
0.73800000, 1.44396678448443911359030666815793802233e+00, -1.30989134881937280629462032723191456668e+00, 1.81973702262855579194360605490573314658e+01, -3.68925816747746709844937958613041072168e-03, 4.12447343908917754206002505198279803568e+00, 8.12146290498486175119365499410374020157e-01, 3.3253694971856339e-01, -3.2856171854989608e-01
0.73900000, 1.44401753291699674078414714804757713917e+00, -1.30967555776983956776943136000893429997e+00, 1.81975897894172436365526782017540604452e+01, -3.42414655829602265405339140867139081184e-03, 4.12433118440749927336812951579874369235e+00, 8.12147719706869877728129564625963465958e-01, 3.3291502361942156e-01, -3.2798965002356116e-01
0.74000000, 1.44406843287952716145416252588251479412e+00, -1.30945915097939128722794564846901983338e+00, 1.81978090467272129298159605043775030947e+01, -3.15833580269839177809725914032369161557e-03, 4.12418840984390705341656931530188437831e+00, 8.12149099462079618306653799023083401409e-01, 3.3329316384399664e-01, -3.2741559390896234e-01
0.74100000, 1.44411948297963731940397901204557448824e+00, -1.30924212672665810647298123529267211329e+00, 1.81980279968537385007379550686058040131e+01, -2.89182652811538492739592467625596038974e-03, 4.12404511448374142371703983871259518958e+00, 8.12150428175720610345442733202357636931e-01, 3.3367135936392305e-01, -3.2683954284725098e-01
0.74200000, 1.44417068181221480428204808249320367549e+00, -1.30902448328632648866710968253019415246e+00, 1.81982466384312510949692028017479997516e+01, -2.62461936896220661730123571219147860645e-03, 4.12390129741311703879731647761892915279e+00, 8.12151704248186229341359280690911184085e-01, 3.3404959906148353e-01, -3.2626148950325038e-01
0.74300000, 1.44422202795931904579036498317269537945e+00, -1.30880621892917869838579069037151171206e+00, 1.81984649700903553177736770921569908559e+01, -2.35671496669706746399034015967083538467e-03, 4.12375695771898797113166378412712033214e+00, 8.12152926068584969717900972522794139524e-01, 3.3442787172915045e-01, -3.2568142656625687e-01
0.74400000, 1.44427351999007178492755568984415012709e+00, -1.30858733192213335385721132573526066782e+00, 1.81986829904578459448813309317432180412e+01, -2.08811396988017198729989369977510213698e-03, 4.12361209448921408685433690346746399334e+00, 8.12154092014667175575466056577038543185e-01, 3.3480616606912999e-01, -3.2509934675085157e-01
0.74500000, 1.44432515646054682297062436149169108904e+00, -1.30836782052828706939107819697104625370e+00, 1.81989006981567247368651180982083436964e+01, -1.81881703423308215663466413970978941879e-03, 4.12346670681262850612072111196310695967e+00, 8.12155200452751551579054873589453992133e-01, 3.3518447069290936e-01, -3.2451524279772279e-01
0.74600000, 1.44437693591365904908822627056647079572e+00, -1.30814768300695720623318469669029930628e+00, 1.81991180918062177652929641486243802441e+01, -1.54882482269845658439215205869063439627e-03, 4.12332079377910616210341163564348250661e+00, 8.12156249737651460513156152030200615427e-01, 3.3556277412080726e-01, -3.2392910747449931e-01
0.74700000, 1.44442885687905274767261900117504965682e+00, -1.30792691761372575031859615925860559278e+00, 1.81993351700217932590094480229621328289e+01, -1.27813800550016519090561161205825809843e-03, 4.12317435447963347273259214448553111618e+00, 8.12157238212601014260784475765869689660e-01, 3.3594106478152767e-01, -3.2334093357659446e-01
0.74800000, 1.44448091787298918667756950211834354968e+00, -1.30770552260048433563371073072265436557e+00, 1.81995519314151799790068960954813251059e+01, -1.00675726020377908206648685026486991519e-03, 4.12302738800637913941134657126106477164e+00, 8.12158164209180965195842216334812529989e-01, 3.3631933101171708e-01, -3.2275071392806126e-01
0.74900000, 1.44453311739823348845558011720042170657e+00, -1.30748349621548043213620721484626939115e+00, 1.81997683745943861304511669719521092373e+01, -7.34683271777435295493229459386914934156e-04, 4.12287989345276608705695251336038884476e+00, 8.12159026047244405215255039048204643642e-01, 3.3669756105552540e-01, -3.2215844138245842e-01
0.75000000, 1.44458545394394078479996835115258935320e+00, -1.30726083670336471742192433046807688247e+00, 1.81999844981637188205335954566377900540e+01, -4.61916732653075983315503689570871330778e-04, 4.12273186991354455993866985373368643407e+00, 8.12159822034842279879753306522411784195e-01, 3.3707574306417066e-01, -3.2156410882372770e-01
0.75100000, 1.44463792598554165811571981518744158972e+00, -1.30703754230523965156896668755988130056e+00, 1.82002003007238040709273449285772768547e+01, -1.88458342788061509289007684104020126021e-04, 4.12258331648486638790096681803865492424e+00, 8.12160550468148725379821149600234888439e-01, 3.3745386509550754e-01, -3.2096770916708223e-01
0.75200000, 1.44469053198462687086776004678195407190e+00, -1.30681361125870927483173606009858316767e+00, 1.82004157808716073937337646353367162787e+01, 8.56911902728431550060275978718579292863e-05, 4.12243423226436043767842585497108850749e+00, 8.12161209631386236296289656855873721960e-01, 3.3783191511360014e-01, -3.2036923535990627e-01
0.75300000, 1.44474327038883138568648876932871732797e+00, -1.30658904179793024810107350093909999641e+00, 1.82006309372004549399122365972685149656e+01, 3.60531151335109445753396952710380006037e-04, 4.12228461635120926412464875074030146227e+00, 8.12161797796750672383389668771353121187e-01, 3.3820988098829888e-01, -3.1976868038266625e-01
0.75400000, 1.44479613963171767874822121643323495431e+00, -1.30636383215366415629119629975042514524e+00, 1.82008457683000552292953990388708502857e+01, 6.36060817491714443486586588690931922563e-04, 4.12213446784622697629223633900649560397e+00, 8.12162313224336112865882230916180136132e-01, 3.3858775049482182e-01, -3.1916603724983328e-01
0.75500000, 1.44484913813265834929271844143424579153e+00, -1.30613798055333109505954790972051848155e+00, 1.82010602727565214714005212663310939710e+01, 9.12279458060039240990962701261650206070e-04, 4.12198378585193833341425185079288802559e+00, 8.12162754162059567011230044879879211369e-01, 3.3896551131334062e-01, -3.1856129901081712e-01
0.75600000, 1.44490226429671802839139656043221480092e+00, -1.30591148522106456151196922043787480712e+00, 1.82012744491523944863571490075596759547e+01, 1.18918633451839745677648316203218084542e-03, 4.12183256947265908594938383207347199254e+00, 8.12163118845585550012740381477992635583e-01, 3.3934315102857114e-01, -3.1795445875091176e-01
0.75700000, 1.44495551651453459033821954125546412596e+00, -1.30568434437776766979266255854492985475e+00, 1.82014882960666662353809082712508135474e+01, 1.46678070044219501519052241441323439000e-03, 4.12168081781457757696319669369277860619e+00, 8.12163405498250533500277891572513189105e-01, 3.3972065712936902e-01, -3.1734550959225267e-01
0.75800000, 1.44500889316219967030083872445571423366e+00, -1.30545655624117071270616823383687973357e+00, 1.82017018120748039703335171016082567974e+01, 1.74506180143972242399339055823872387199e-03, 4.12152852998583761922628291485389717325e+00, 8.12163612330987280281593380926278056881e-01, 3.4009801700833032e-01, -3.1673444469478575e-01
0.75900000, 1.44506239260113849214238334306577384403e+00, -1.30522811902589009076691593472941384247e+00, 1.82019149957487750120195739861093349179e+01, 2.02402887508758089296650874451866799774e-03, 4.12137570509662266351669570059245125669e+00, 8.12163737542249073209620463300070602388e-01, 3.4047521796139742e-01, -3.1612125725724811e-01
0.76000000, 1.44511601317798901060456976954031099776e+00, -1.30499903094348863032075425357348156075e+00, 1.82021278456570721669815332942110129739e+01, 2.30368115086574375292254193456831832772e-03, 4.12122234225924127371862586022020383682e+00, 8.12163779317933848369334294565222307068e-01, 3.4085224718747029e-01, -3.1550594051816064e-01
0.76100000, 1.44516975322448037233062416020061015299e+00, -1.30476929020253731263210123223751237616e+00, 1.82023403603647397926654045165001473680e+01, 2.58401785009225475339621578438370161099e-03, 4.12106844058821392441176947866658766188e+00, 8.12163735831308243082023134523109429597e-01, 3.4122909178802352e-01, -3.1488848775683268e-01
0.76200000, 1.44522361105731070050204585847461230415e+00, -1.30453889500867843607989278699654644214e+00, 1.82025525384334005209410840727680130784e+01, 2.86503818585756493937272906461396192779e-03, 4.12091399920036113674608745737716329891e+00, 8.12163605242931569535171606829363157506e-01, 3.4160573876672899e-01, -3.1426889229437849e-01
0.76300000, 1.44527758497802420816662073737251053569e+00, -1.30430784356469023385522538402014045790e+00, 1.82027643784212826500728051573532973901e+01, 3.14674136295850993271681228603558495938e-03, 4.12075901721489296849455420184711513575e+00, 8.12163385700579725162670980871083393536e-01, 3.4198217502908466e-01, -3.1364714749474599e-01
0.76400000, 1.44533167327288764564646903468028834271e+00, -1.30407613407055296980338091297921992743e+00, 1.82029758788832482153469297929504727352e+01, 3.42912657783192957255927503729326221648e-03, 4.12060349375349987427189668342125110347e+00, 8.12163075339169051222832670016433532504e-01, 3.4235838738204950e-01, -3.1302324676575747e-01
0.76500000, 1.44538587421276608773442656560892023796e+00, -1.30384376472351653530266707625738021132e+00, 1.82031870383708217486761634312787847877e+01, 3.71219301848793200083950646044122455354e-03, 4.12044742794044495200009884077799146731e+00, 8.12162672280680151350761761165818367329e-01, 3.4273436253368475e-01, -3.1239718356016265e-01
0.76600000, 1.44544018605299806671485779751014275648e+00, -1.30361073371816957032208258654511991669e+00, 1.82033978554322197376111996410989060336e+01, 3.99593986444280441455247794468862613118e-03, 4.12029081890265759179144775555297093727e+00, 8.12162174634081682197122243282481688003e-01, 3.4311008709280182e-01, -3.1176895137670387e-01
0.76700000, 1.44549460703327005758123127904346775817e+00, -1.30337703924651013204909481049570913890e+00, 1.82036083286123807943027522900219082576e+01, 4.28036628665157284506840623887478044388e-03, 4.12013366576982854350698101232151308940e+00, 8.12161580495254128607268219304436260355e-01, 3.4348554756861698e-01, -3.1113854376119368e-01
0.76800000, 1.44554913537749032216760021795383705156e+00, -1.30314267949801793472766479698268860421e+00, 1.82038184564529965450688547923286847035e+01, 4.56547144744021346724383174825926312042e-03, 4.11997596767450641933220866748410056246e+00, 8.12160887946913576143198243476036239097e-01, 3.4386073037041297e-01, -3.1050595430760483e-01
0.76900000, 1.44560376929366211926467214322746736901e+00, -1.30290765265972818459493216174500939498e+00, 1.82040282374925432513341480514333233186e+01, 4.85125450043751808698628538299195370247e-03, 4.11981772375219564779277351808464559780e+00, 8.12160095058535494105884338291012086580e-01, 3.4423562180720787e-01, -3.0987117665917260e-01
0.77000000, 1.44565850697375628815357068211478145542e+00, -1.30267195691630703405253589902783771655e+00, 1.82042376702663141728195861656535527534e+01, 5.13771459050661660553313265016217218726e-03, 4.11965893314145589571012070161993827796e+00, 8.12159199886278542577303249248894572531e-01, 3.4461020808743130e-01, -3.0923420450950971e-01
0.77100000, 1.44571334659358321336183911341050872882e+00, -1.30243559045012867945524711068394232574e+00, 1.82044467533064526839725051313867425770e+01, 5.42485085367615941202107704505322566126e-03, 4.11949959498400297467110842740131648146e+00, 8.12158200472908417370023735129132263107e-01, 3.4498447531860833e-01, -3.0859503160373374e-01
0.77200000, 1.44576828631266417882685947510054272686e+00, -1.30219855144135412714527042622901125366e+00, 1.82046554851419861547382658053497740818e+01, 5.71266241707116281301892866946062879625e-03, 4.11933970842481124865563765713919214278e+00, 8.12157094847721747147547294366240541307e-01, 3.4535840950705116e-01, -3.0795365173960712e-01
0.77300000, 1.44582332427410212004181281428253683999e+00, -1.30196083806801165260507122579571862574e+00, 1.82048638642988606068856371544506479891e+01, 6.00114839884352076863558444786732568367e-03, 4.11917927261221755953263702615546307996e+00, 8.12155881026470057360826179738898953667e-01, 3.4573199655755889e-01, -3.0731005876868984e-01
0.77400000, 1.44587845860445178315873602015368558011e+00, -1.30172244850607897784473837676179955589e+00, 1.82050718892999761572086658909399789207e+01, 6.29030790810218636966090326878254274361e-03, 4.11901828669802668719693275675778109011e+00, 8.12154557011283816035555565256985774164e-01, 3.4610522227312558e-01, -3.0666424659750472e-01
0.77500000, 1.44593368741358930043228894862440152962e+00, -1.30148338092956719238152363357405397408e+00, 1.82052795586652232590379181547996701074e+01, 6.58014004484302665901262473704781270990e-03, 4.11885674983761836117747954356502367702e+00, 8.12153120790596576841018101565420947960e-01, 3.4647807235465679e-01, -3.0601620918871556e-01
0.77600000, 1.44598900879458119180668249606601085871e+00, -1.30124363351060644340912944438057221809e+00, 1.82054868709115197536036097323980263952e+01, 6.87064389987835457361111358766446711597e-03, 4.11869466119005584060094035337081153992e+00, 8.12151570339069235274508578038950271634e-01, 3.4685053240069491e-01, -3.0536594056231790e-01
0.77700000, 1.44604442082355280287698393691487291383e+00, -1.30100320441953342099236056973067288141e+00, 1.82056938245528487429021926761700507608e+01, 7.16181855476614195974901390628163486702e-03, 4.11853201991819607944348886497992206352e+00, 8.12149903617514414205741551003890401959e-01, 3.4722258790715347e-01, -3.0471343479684274e-01
0.77800000, 1.44609992155955618989485985278458907345e+00, -1.30076209182498066435871901745177556532e+00, 1.82059004181002972958263648623075668546e+01, 7.45366308173891779612838093227687116765e-03, 4.11836882518880149404777101823237039719e+00, 8.12148118572820995443200797701711194514e-01, 3.4759422426706063e-01, -3.0405868603057301e-01
0.77900000, 1.44615550904443746293788846994105722458e+00, -1.30052029389396771559220702151730349436e+00, 1.82061066500620959994261391452872520808e+01, 7.74617654363235594406699672638043221192e-03, 4.11820507617265334992099998074032642904e+00, 8.12146213137878814409179006642343330975e-01, 3.4796542677031221e-01, -3.0340168846277295e-01
0.78000000, 1.44621118130270359882102062683521091603e+00, -1.30027780879199414726580300762784317793e+00, 1.82063125189436593672754718410816446739e+01, 8.03935799381355693399174909973976992105e-03, 4.11804077204466678486396484462870990861e+00, 8.12144185231503535442329238769906884856e-01, 3.4833618060343436e-01, -3.0274243635493039e-01
0.78100000, 1.44626693634138873579873951049562222969e+00, -1.30003463468313449077757760038425679122e+00, 1.82065180232476271170249250881106486864e+01, 8.33320647610902849130339025325212480586e-03, 4.11787591198400748550909548012608341182e+00, 8.12142032758361725685953574278968967200e-01, 3.4870647084935621e-01, -3.0208092403201199e-01
0.78200000, 1.44632277214991996258711031489680090485e+00, -1.29979076973013509238100054360298355062e+00, 1.82067231614739063293258402238645542614e+01, 8.62772102473236970307671194981990493739e-03, 4.11771049517421003436842696772036562106e+00, 8.12139753608896145967033169403525651630e-01, 3.4907628248719280e-01, -3.0141714588373139e-01
0.78300000, 1.44637868669998261472636748262009600145e+00, -1.29954621209451292412242749726946949285e+00, 1.82069279321197145004154428805698518625e+01, 8.92290066421166392991592483003360164150e-03, 4.11754452080329794450912444718141012483e+00, 8.12137345659251277525198667911299054703e-01, 3.4944560039203841e-01, -3.0075109636583044e-01
0.78400000, 1.44643467794538509180710321727480801002e+00, -1.29930095993665637711781323934906140717e+00, 1.82071323336796235007550953707143546020e+01, 9.21874440931658577467922024632357379982e-03, 4.11737798806390539898493532520888345715e+00, 8.12134806771199103912488149872182957479e-01, 3.4981440933477063e-01, -3.0008277000137329e-01
0.78500000, 1.44649074382192320959663895735184841189e+00, -1.29905501141592806481613252690566691746e+00, 1.82073363646456044522154654919383908753e+01, 9.51525126498522763178112756656028556695e-03, 4.11721089615340071215629751794059972572e+00, 8.12132134792065167853875596132906758022e-01, 3.5018269398186550e-01, -2.9941216138205362e-01
0.78600000, 1.44654688224724410162692217608959389903e+00, -1.29880836469076966410855180464678499400e+00, 1.82075400235070735364025975273084665922e+01, 9.81242022625065155743788515749266841588e-03, 4.11704324427401153002961135212748249273e+00, 8.12129327554654923335206479171390453124e-01, 3.5055043889522382e-01, -2.9873926516951485e-01
0.78700000, 1.44660309112070968534143293589900338117e+00, -1.29856101791880882234982636098953957685e+00, 1.82077433087509387468176522991141128581e+01, 1.01102502781671724226005947659161488616e-02, 4.11687503163295178673713509228820582923e+00, 8.12126382877180403669374873510068636119e-01, 3.5091762853200906e-01, -2.9806407609668336e-01
0.78800000, 1.44665936832325970844624460764254775479e+00, -1.29831296925696815856143278763466928643e+00, 1.82079462188616475976403268954203964358e+01, 1.04087403957363785364837735001232255925e-02, 4.11670625744255043426284055125318074957e+00, 8.12123298563187226783340552935663945539e-01, 3.5128424724449712e-01, -2.9738658896911481e-01
0.78900000, 1.44671571171727439166969517464367191948e+00, -1.29806421686157638728431203094917094596e+00, 1.82081487523212358020215662124656023299e+01, 1.07078895438328961596026921858468767940e-02, 4.11653692092038196249611116818849745892e+00, 8.12120072401481959467932662044351936894e-01, 3.5165027927993807e-01, -2.9670679866635343e-01
0.79000000, 1.44677211914643668470622103623603999532e+00, -1.29781475888848159374251210643311970557e+00, 1.82083509076093769328650296124036918029e+01, 1.10076966771299045611404369097536042297e-02, 4.11636702128939872666412010709715506043e+00, 8.12116702166059862839331864046315861592e-01, 3.5201570878043037e-01, -2.9602470014330443e-01
0.79100000, 1.44682858843559415270291276704306366230e+00, -1.29756459349316668916719157500751494575e+00, 1.82085526832034330791687653869459582392e+01, 1.13081607400244085163329142131762703418e-02, 4.11619655777806509915482464260302335580e+00, 8.12113185616033041775673690524310843166e-01, 3.5238051978280770e-01, -2.9534028843161935e-01
0.79200000, 1.44688511739062051124239728765387186106e+00, -1.29731371883086707531307664643252536563e+00, 1.82087540775785065110885586247514755903e+01, 1.16092806665622753854440295944940818663e-02, 4.11602552962049346269548414502391913351e+00, 8.12109520495559021614375402368041325988e-01, 3.5274469621853880e-01, -2.9465355864109450e-01
0.79300000, 1.44694170379827682838285535978783006436e+00, -1.29706213305669054737624926121347223720e+00, 1.82089550892074923669723364132601433302e+01, 1.19110553803630441668599269445385210052e-02, 4.11585393605658206179617561613986098652e+00, 8.12105704533769775925554961992559033155e-01, 3.5310822191364043e-01, -2.9396450596108238e-01
0.79400000, 1.44699834542607241293546555070652986051e+00, -1.29680983432573946469276506302634182877e+00, 1.82091557165611323757007165504237501224e+01, 1.22134837945445141729152416904751412204e-02, 4.11568177633215472930366069832923027250e+00, 8.12101735444701229714276115917696415213e-01, 3.5347108058860403e-01, -2.9327312566191606e-01
0.79500000, 1.44705504002212540879144016892384799119e+00, -1.29655682079323521876173443248378303448e+00, 1.82093559581080696277521471125161232681e+01, 1.25165648116471212383292846098782884565e-02, 4.11550904969910250483786360034825384447e+00, 8.12097610927223262949304697678357628919e-01, 3.5383325585833610e-01, -2.9257941309634658e-01
0.79600000, 1.44711178531502311575519525163433236586e+00, -1.29630309061464502829381350025755809131e+00, 1.82095558123149044084919758146487593734e+01, 1.28202973235581096376280563117190929985e-02, 4.11533575541552716180085716191759110219e+00, 8.12093328664970239868578634864443277217e-01, 3.5419473123211281e-01, -2.9188336370099322e-01
0.79700000, 1.44716857901368205799718102243639744024e+00, -1.29604864194581109113620315407780712703e+00, 1.82097552776462511072630780378374009644e+01, 1.31246802114355081597096327973706103618e-02, 4.11516189274588665955632553566490162047e+00, 8.12088886326272090071652017201917226409e-01, 3.5455549011354897e-01, -2.9118497299780671e-01
0.79800000, 1.44722541880720782190959200713652827522e+00, -1.29579347294308212306789134105716169625e+00, 1.82099543525647962159312249961106412959e+01, 1.34297123456319190648248044945588296099e-02, 4.11498746096114253727567245457668152451e+00, 8.12084281564085967976939609006442217414e-01, 3.5491551580058185e-01, -2.9048423659554529e-01
0.79900000, 1.44728230236475468583067267884748803303e+00, -1.29553758176344731359363718131043298651e+00, 1.82101530355313574306110494406452748049e+01, 1.37353925856181289317392275877597338904e-02, 4.11481245933890926583496410226689310357e+00, 8.12079512015928517796623167360401200983e-01, 3.5527479148547006e-01, -2.8978115019126355e-01
0.80000000, 1.44733922733538506479872506560459575847e+00, -1.29528096656467272899171510676219038579e+00, 1.82103513250049438703681225116491488619e+01, 1.40417197799065506907632580786463986240e-02, 4.11463688716360557402442015133996389247e+00, 8.12074575303808771764538520483175406071e-01, 3.5563330025480774e-01, -2.8907570957181412e-01
0.80100000, 1.44739619134792879420529329911441321804e+00, -1.29502362550544019298833472458583280948e+00, 1.82105492194428174267591450854676275333e+01, 1.43486927659745064317246295460357991972e-02, 4.11446074372660776519887518506456380743e+00, 8.12069469034161709942188813085975194626e-01, 3.5599102508955463e-01, -2.8836791061536202e-01
0.80200000, 1.44745319201084227693842450634864340206e+00, -1.29476555674548867554053936808141192704e+00, 1.82107467173005552581354296871161410801e+01, 1.46563103701873608748586629797452299805e-02, 4.11428402832640504035319979649755765921e+00, 8.12064190797782510525163171708748708314e-01, 3.5634794886508199e-01, -2.8765774929291163e-01
0.80300000, 1.44751022691206751934145706933714956668e+00, -1.29450675844575822030886596089091935864e+00, 1.82109438170321134426945504066235585186e+01, 1.49645714077215156970400006301926658881e-02, 4.11410674026875684345076528738868826625e+00, 8.12058738169761520176611813094957141999e-01, 3.5670405435123503e-01, -2.8694522166984639e-01
0.80400000, 1.44756729361889108206053048287590832215e+00, -1.29424722876853644149071409149541829460e+00, 1.82111405170898918043211100963417659972e+01, 1.52734746824872752158158192895629296633e-02, 4.11392887886685224466532205945864686501e+00, 8.12053108709419974525960537419630923702e-01, 3.5705932421241200e-01, -2.8623032390748087e-01
0.80500000, 1.44762438967780297261500288119747047887e+00, -1.29398696587760762076480683240817423577e+00, 1.82113368159247999253098543985822806825e+01, 1.55830189870515942493574890254079253857e-02, 4.11375044344147137701679845781055198248e+00, 8.12047299960246499589653230052397852518e-01, 3.5741374100766023e-01, -2.8551305226462536e-01
0.80600000, 1.44768151261435550729925212393291013453e+00, -1.29372596793840443516590412494381519242e+00, 1.82115327119863243601126849343618058676e+01, 1.58932031025607192917574467744620411031e-02, 4.11357143332114894168916800737252822112e+00, 8.12041309449834425496295134426992000033e-01, 3.5776728719078970e-01, -2.8479340309916286e-01
0.80700000, 1.44773865993302217081196535329491855100e+00, -1.29346423311816234676661627695092191826e+00, 1.82117282037225970642953194419733972512e+01, 1.62040257986627344700896053068562092465e-02, 4.11339184784233979711332786898635947942e+00, 8.12035134689819944531027713394939429064e-01, 3.5811994511050414e-01, -2.8407137286963830e-01
0.80800000, 1.44779582911705650281002285484040511132e+00, -1.29320175958607668508931558244759952202e+00, 1.82119232895804650529292410295230408788e+01, 1.65154858334300240823509278740543942384e-02, 4.11321168634958664667952441906694480661e+00, 8.12028773175821146153183792255016186619e-01, 3.5847169701055032e-01, -2.8334695813685994e-01
0.80900000, 1.44785301762835104139847862103176608552e+00, -1.29293854551346245320530407486934244712e+00, 1.82121179680055613026799942990902427748e+01, 1.68275819532816638538317770852946821250e-02, 4.11303094819568983971189304391486280883e+00, 8.12022222387377962287125402015352092399e-01, 3.5882252502988567e-01, -2.8262015556551289e-01
0.81000000, 1.44791022290729635439594659811503695666e+00, -1.29267458907391688850010130653369126970e+00, 1.82123122374423769118836412620039931010e+01, 1.71403128929057533936429403175616296178e-02, 4.11284963274187930009178403352168149867e+00, 8.12015479787893056838522141940054382248e-01, 3.5917241120286467e-01, -2.8189096192578461e-01
0.81100000, 1.44796744237264019005592274080847804133e+00, -1.29240988844348480909249470614732585221e+00, 1.82125060963343345329290990889334525770e+01, 1.74536773751817026830740623237186638334e-02, 4.11266773935798859665635609541845631395e+00, 8.12008542824573694047040248903316689063e-01, 3.5952133745944429e-01, -2.8115937409500227e-01
0.81200000, 1.44802467342134677977920298497167093294e+00, -1.29214444180082677689036401342104249875e+00, 1.82126995431238630912849552617022475550e+01, 1.77676741111024857831842003031144762327e-02, 4.11248526742263116922406063412941014069e+00, 8.12001408928374620951326324868291849069e-01, 3.5986928562540899e-01, -2.8042538905928181e-01
0.81300000, 1.44808191342845632622057962712879303908e+00, -1.29187824732739010824775870480186303320e+00, 1.82128925762524738055250000985915637965e+01, 1.80823017996968753105392083985580354803e-02, 4.11230221632337872380873680255780262954e+00, 8.11994075513941999913118059380682320279e-01, 3.6021623742261540e-01, -2.7968900391518874e-01
0.81400000, 1.44813915974694471107438572781692318243e+00, -1.29161130320758276315477213212687739204e+00, 1.82130851941608375227169344484962064646e+01, 1.83975591279516715973175602161889648445e-02, 4.11211858545694181027870897497018678562e+00, 8.11986539979558427824118979265532189773e-01, 3.6056217446925728e-01, -2.7895021587141029e-01
0.81500000, 1.44819640970758345771816971889450842657e+00, -1.29134360762895014384390805837430030097e+00, 1.82132773952888633835433001968466220519e+01, 1.87134447707339408251068032638817754945e-02, 4.11193437422935259539614078018658438897e+00, 8.11978799707089079301745072772118636715e-01, 3.6090707828015095e-01, -2.7820902225043901e-01
0.81600000, 1.44825366061879998480176892428648049477e+00, -1.29107515878235483363335509737445054647e+00, 1.82134691780757788315224377901711365965e+01, 1.90299573907132768006035679814957109283e-02, 4.11174958205614984383456597819888394666e+00, 8.11970852061929011867785661602293890305e-01, 3.6125093026704160e-01, -2.7746542049026750e-01
0.81700000, 1.44831090976653818779024708407396966727e+00, -1.29080595486215930674834402155745349340e+00, 1.82136605409602109806899890711505184655e+01, 1.93470956382841014261028837038156479502e-02, 4.11156420836256611941859606708815934379e+00, 8.11962694392951671797204162718375103353e-01, 3.6159371173893098e-01, -2.7671940814609425e-01
0.81800000, 1.44836815441411938640348994308995722395e+00, -1.29053599406641163976602497838994590335e+00, 1.82138514823802693560879222696471210803e+01, 1.96648581514880193081047474308790810794e-02, 4.11137825258371721845890462850127702943e+00, 8.11954324032458640022508521545341912925e-01, 3.6193540390242656e-01, -2.7597098289204031e-01
0.81900000, 1.44842539180210367684262361592523323749e+00, -1.29026527459703425521652070809443434101e+00, 1.82140420007736300213880421452987154610e+01, 1.99832435559362423435598217496465239289e-02, 4.11119171416479384666731365139754239111e+00, 8.11945738296130658182104994313562398199e-01, 3.6227598786211281e-01, -2.7522014252287667e-01
0.82000000, 1.44848261914815172865372769579665871910e+00, -1.28999379466001572774243378935373715776e+00, 1.82142320945776211079502413755609325523e+01, 2.03022504647321005251990900360604545489e-02, 4.11100459256125555073075983606857397849e+00, 8.11936934482979975608557910275287692541e-01, 3.6261544462094486e-01, -2.7446688495576221e-01
0.82100000, 1.44853983364688706705243917888531371908e+00, -1.28972155246560568307054841297220234228e+00, 1.82144217622293097595821249556494925036e+01, 2.06218774783936556150162639126530165083e-02, 4.11081688723902691519869973461378280342e+00, 8.11927909875304058764443430637897208224e-01, 3.6295375508066481e-01, -2.7371120823199194e-01
0.82200000, 1.44859703246975888251884926735685042596e+00, -1.28944854622851281988219982292328889709e+00, 1.82146110021655905072258695817099401432e+01, 2.09421231847764347482632180003144861458e-02, 4.11062859767469603489572056052960566601e+00, 8.11918661738640705349224254975793851059e-01, 3.6329090004224132e-01, -2.7295311051875543e-01
0.82300000, 1.44865421276490541047043229909033525477e+00, -1.28917477416810608448220920788926750302e+00, 1.82147998128232750877500330806241967359e+01, 2.12629861589963014492385150631442525765e-02, 4.11043972335571527260935644535050346938e+00, 8.11909187321724606019987226043739573644e-01, 3.6362686020633258e-01, -2.7219259011090517e-01
0.82400000, 1.44871137165701792483144747072499289945e+00, -1.28890023450861902795981278607770685662e+00, 1.82149881926391837209682697534290812752e+01, 2.15844649633524819646520616713627663900e-02, 4.11025026378060431132196486164185202302e+00, 8.11899483856445397391664441260781578074e-01, 3.6396161617377324e-01, -2.7142964543273464e-01
0.82500000, 1.44876850624720539034013591294198268180e+00, -1.28862492547935737530805817251204155915e+00, 1.82151761400502378589432973884385120096e+01, 2.19065581472507652503838547815301415640e-02, 4.11006021845915550975459146003822292958e+00, 8.11889548557807250708173130057889576612e-01, 3.6429514844608559e-01, -2.7066427503976592e-01
0.82600000, 1.44882561361285981946989694435330924839e+00, -1.28834884531490983572009898908338617492e+00, 1.82153636534935544215627586872326970274e+01, 2.22292642471268953829640556541979203252e-02, 4.10986958691264156946964023945390674984e+00, 8.11879378623890041304416960503496850246e-01, 3.6462743742601542e-01, -2.6989647762054655e-01
0.82700000, 1.44888269080752238088724899621889673500e+00, -1.28807199225536218301108361053203066223e+00, 1.82155507314065415322935786794075837981e+01, 2.25525817863701756080211129280386203471e-02, 4.10967836867402552123746672524590169046e+00, 8.11868971235812144709932462803200380530e-01, 3.6495846341809290e-01, -2.6912625199845547e-01
0.82800000, 1.44893973486075030742752536902501033941e+00, -1.28779436454651463482229322673099030845e+00, 1.82157373722269957679327919690002302134e+01, 2.28765092752473036842034273960042571387e-02, 4.10948656328817303780932243537253212870e+00, 8.11858323557694905977763565203993201883e-01, 3.6528820662921883e-01, -2.6835359713351769e-01
0.82900000, 1.44899674277798465263866629916942138752e+00, -1.28751596044010255894921947222547632813e+00, 1.82159235743932009360753479009432684598e+01, 2.32010452108264586326001850742908753933e-02, 4.10929417031206707965499841719887840092e+00, 8.11847432736628829556512988042769965438e-01, 3.6561664716927684e-01, -2.6757851212422757e-01
0.83000000, 1.44905371154041894602387092645952666096e+00, -1.28723677819402053479675870003004515367e+00, 1.82161093363440283939128435830994602343e+01, 2.35261880769016594583833411008766980616e-02, 4.10910118931502487961764484500604464491e+00, 8.11836295902641537759042793330427642471e-01, 3.6594376505177164e-01, -2.6680099620938029e-01
0.83100000, 1.44911063810486879820496977164318497863e+00, -1.28695681607254979760200950574878301668e+00, 1.82162946565190389218612269841064279098e+01, 2.38519363439174168731727317002448954944e-02, 4.10890761987891727181018564434035578104e+00, 8.11824910168667546617552015297182565662e-01, 3.6626954019449391e-01, -2.6602104876991136e-01
0.83200000, 1.44916751940364250832985379810957367764e+00, -1.28667607234658909267765872199304096120e+00, 1.82164795333585861653899952403267891355e+01, 2.41782884688936995133896771620266352810e-02, 4.10871346159839036942710769048767162619e+00, 8.11813272630519908651303917740728524973e-01, 3.6659395242021222e-01, -2.6523866933074379e-01
0.83300000, 1.44922435234441272715881248285108784456e+00, -1.28639454529388896651599110358878021801e+00, 1.82166639653039216582900245454285466699e+01, 2.45052428953512366215030800918155235554e-02, 4.10851871408108959547179245900437589572e+00, 8.11801380366863772809648330275189218727e-01, 3.6691698145739217e-01, -2.6445385756264274e-01
0.83400000, 1.44928113381008923038583137269690187995e+00, -1.28611223319928952115451804576848882478e+00, 1.82168479507973014404716429329549276268e+01, 2.48327980532371796334696740978134951256e-02, 4.10832337694788606970258709372897988282e+00, 8.11789230439191912588707127094386108021e-01, 3.6723860694094342e-01, -2.6366661328407718e-01
0.83500000, 1.44933786065869285788139802242575362606e+00, -1.28582913435496165773844662828211489979e+00, 1.82170314882820942832286291088761654238e+01, 2.51609523588511455967021595819164310978e-02, 4.10812744983310535438009914650445072305e+00, 8.11776819891802274054666535620633255203e-01, 3.6755880841299474e-01, -2.6287693646308837e-01
0.83600000, 1.44939452972323067568276001631301128377e+00, -1.28554524706065183472205530760220186679e+00, 1.82172145762028915347372204880856001434e+01, 2.54897042147716658284323419407174422594e-02, 4.10793093238475856065336720792665963085e+00, 8.11764145751777596239533568685120087842e-01, 3.6787756532369762e-01, -2.6208482721916482e-01
0.83700000, 1.44945113781157241870544282174496269849e+00, -1.28526056962393036562985807468293645275e+00, 1.82173972130056185983816711982560850665e+01, 2.58190520097830637142291551549109721772e-02, 4.10773382426477581665323640764339172792e+00, 8.11751205028967157105931887134798387975e-01, 3.6819485703205881e-01, -2.6129028582512331e-01
0.83800000, 1.44950768170632827330571772204584515747e+00, -1.28497510036044328074857500745942370010e+00, 1.82175793971376480563091439252742170550e+01, 2.61489941188027860405327093254991213684e-02, 4.10753612514924209756708770793791627012e+00, 8.11737994715970699005482505723048419269e-01, 3.6851066280680209e-01, -2.6049331270899572e-01
0.83900000, 1.44956415816472805998713610647477175872e+00, -1.28468883759416777654173344191410168824e+00, 1.82177611270479144504164746182979637088e+01, 2.64795289028092127532151338258730046727e-02, 4.10733783472863541714967436108495855157e+00, 8.11724511788124588279965725210867583694e-01, 3.6882496182725973e-01, -2.5969390845592127e-01
0.84000000, 1.44962056391850187771471644391613995834e+00, -1.28440177965767127596955012735598617282e+00, 1.82179424011870307327593416510491028450e+01, 2.68106547087699705362074651919880555316e-02, 4.10713895270806737927985675624533887726e+00, 8.11710753203490264375202207537617450215e-01, 3.6913773318429401e-01, -2.5889207381004374e-01
0.84100000, 1.44967689567376227247735977059095236543e+00, -1.28411392489237412225694119282264953452e+00, 1.82181232180074063971503255594507934468e+01, 2.71423698695707761099599842224986972992e-02, 4.10693947880752608730215532938137931443e+00, 8.11696715902845034553813698946721803109e-01, 3.6944895588124916e-01, -2.5808780967641342e-01
0.84200000, 1.44973315011088799392202843394192002294e+00, -1.28382527164881592798142555111606598257e+00, 1.82183035759633673034759858126085816481e+01, 2.74746727039448356587422334624410032548e-02, 4.10673941276212140799492641342608601725e+00, 8.11682396809675271004098711365808284975e-01, 3.6975860883493413e-01, -2.5728111712289329e-01
0.84300000, 1.44978932388440940507157520334924329111e+00, -1.28353581828692560064968283731090502888e+00, 1.82184834735112772060141307123000910083e+01, 2.78075615164028273083393949172895943493e-02, 4.10653875432233258608328372848235497322e+00, 8.11667792830172067847537235622389813412e-01, 3.7006667087663648e-01, -2.5647199738206905e-01
0.84400000, 1.44984541362289561133125342738961919815e+00, -1.28324556317629506519595656040138317337e+00, 1.82186629091096609967706388355263195696e+01, 2.81410345971634940913544881478715031412e-02, 4.10633750325425820426432495067955067014e+00, 8.11652900853229416246253525605636819558e-01, 3.7037312075316794e-01, -2.5566045185316258e-01
0.84500000, 1.44990141592884337618624474565111972331e+00, -1.28295450469645670306671821181811459415e+00, 1.82188418812193296745802289913673410964e+01, 2.84750902220848753558612365390313418832e-02, 4.10613565933986848273447593680591003123e+00, 8.11637717750444956503429858888911862464e-01, 3.7067793712794176e-01, -2.5484648210394849e-01
0.84600000, 1.44995732737856789219335296553407935124e+00, -1.28266264123716452675339477541509254267e+00, 1.82190203883035070504271944851562044104e+01, 2.88097266525962050943400989488268671118e-02, 4.10593322237725991120354415490266709134e+00, 8.11622240376123366733470074479218629597e-01, 3.7098109858208248e-01, -2.5403008987267315e-01
0.84700000, 1.45001314452209547707364772667132580121e+00, -1.28236997119867910779788223024508250174e+00, 1.82191984288279581991400413763152605809e+01, 2.91449421356305061934287271662106193109e-02, 4.10573019218091220534709984491009339879e+00, 8.11606465567282448353933170028938620046e-01, 3.7128258361556827e-01, -2.5321127706997594e-01
0.84800000, 1.45006886388305826591858844341765117089e+00, -1.28207649299205627542339960039072587558e+00, 1.82193760012611196672979252846604051100e+01, 2.94807349035579101307758619004498766924e-02, 4.10552656858194757858781409857076030292e+00, 8.11590390143661969317148323974885099678e-01, 3.7158237064840637e-01, -2.5239004578081208e-01
0.84900000, 1.45012448195859097172927871087145083170e+00, -1.28178220503943960203536774439295786118e+00, 1.82195531040742314468564944739404520644e+01, 2.98171031741197321729411528203025572050e-02, 4.10532235142839231900712742353843809734e+00, 8.11574010907735326655217919608942882339e-01, 3.7188043802184184e-01, -2.5156639826637674e-01
0.85000000, 1.45017999521922978771622662273317641882e+00, -1.28148710577435669089281869135312595830e+00, 1.82197297357414707236559475189170912806e+01, 3.01540451503633326575580098198253732650e-02, 4.10511754058544066007086560754954032406e+00, 8.11557324644724090557029610280162243433e-01, 3.7217676399960007e-01, -2.5074033696602976e-01
0.85100000, 1.45023540010881350599452156208890669930e+00, -1.28119119364201928026975864136690873151e+00, 1.82199058947400874096145330611613217510e+01, 3.04915590205777954735863377035329699070e-02, 4.10491213593572093270594296041323627847e+00, 8.11540328122615492829128007925571048755e-01, 3.7247132676916342e-01, -2.4991186449922070e-01
0.85200000, 1.45029069304438692851585861550532994795e+00, -1.28089446709962717740733489314573012775e+00, 1.82200815795505414670360906792514063186e+01, 3.08296429582304553851292536291926048963e-02, 4.10470613737956398508989422672072732558e+00, 8.11523018092182923213017881683626672396e-01, 3.7276410444308218e-01, -2.4908098366741344e-01
0.85300000, 1.45034587041610664728349463255810891324e+00, -1.28059692461667603450101952064214789249e+00, 1.82202567886566420330702922976342136205e+01, 3.11682951219043063766632866402287997397e-02, 4.10449954483527385531047122218606902775e+00, 8.11505391287009497638841524401918221810e-01, 3.7305507506032037e-01, -2.4824769745601011e-01
0.85400000, 1.45040092858714927209812296048760509760e+00, -1.28029856467526897787175865545669142450e+00, 1.82204315205456883519587326316524519975e+01, 3.15075136552363237303139118523669202121e-02, 4.10429235823940068081876264190621724955e+00, 8.11487444423514763088532116651707837667e-01, 3.7334421658763666e-01, -2.4741200903627353e-01
0.85500000, 1.45045586389362218528089583057679288505e+00, -1.27999938577043210033559735007835036855e+00, 1.82206057737086125222786783451683102698e+01, 3.18472966868567330786644167213763422903e-02, 4.10408457754701582733609896372635350248e+00, 8.11469174200984604319612891226956700408e-01, 3.7363150692100061e-01, -2.4657392176724785e-01
0.85600000, 1.45051067264447690401346395097137136634e+00, -1.27969938641043382561214243112318636083e+00, 1.82207795466401240659588663514685248136e+01, 3.21876423303292602091708091589657053203e-02, 4.10387620273198921858226258088725718271e+00, 8.11450577301604418262890813419352186933e-01, 3.7391692388704480e-01, -2.4573343919767663e-01
0.85700000, 1.45056535112142513212297262543165738305e+00, -1.27939856511710815239785145628736967858e+00, 1.82209528378388563253879939397706691772e+01, 3.25285486840923959282113814951279772097e-02, 4.10366723378726884687013097552397361293e+00, 8.11431650390495622452467520732913053031e-01, 3.7420044524455289e-01, -2.4489056506791796e-01
0.85800000, 1.45061989557885758432145410083809639873e+00, -1.27909692042618178447503365251154010003e+00, 1.82211256458075146944662239561980806739e+01, 3.28700138314017108237570366452555777531e-02, 4.10345767072516244325975455493752764091e+00, 8.11412390115755564373825963687409355305e-01, 3.7448204868598413e-01, -2.4404530331185591e-01
0.85900000, 1.45067430224376566708295920835743327067e+00, -1.27879445088760515193113528462180258960e+00, 1.82212979690530266889628992145180505616e+01, 3.32120358402732552952256672918028850874e-02, 4.10324751357762128458295018093145044463e+00, 8.11392793108500899124297857541034745837e-01, 3.7476171183903453e-01, -2.4319765805880780e-01
0.86000000, 1.45072856731566610150702108389977389423e+00, -1.27849115506588732722489313001866560414e+00, 1.82214698060866938610394895110917490114e+01, 3.35546127634280807468865161298184765243e-02, 4.10303676239652611323773955298276652023e+00, 8.11372855982914503269007145394891854572e-01, 3.7503941226823499e-01, -2.4234763363542662e-01
0.86100000, 1.45078268696652857467255436425081622154e+00, -1.27818703154043483845583170833275630184e+00, 1.82216411554243455622753561196031195108e+01, 3.38977426382379183668019152487879372635e-02, 4.10282541725397514421036609906960043306e+00, 8.11352575336295993243434228979689077544e-01, 3.7531512747658668e-01, -2.4149523456759797e-01
0.86200000, 1.45083665734070650713095061177895009225e+00, -1.27788207890589438077093013057199048118e+00, 1.82218120155864945589949931459735883527e+01, 3.42414234866720524363150813682277337268e-02, 4.10261347824257413231119789312216377818e+00, 8.11331947749115917100054850742915291230e-01, 3.7558883490723394e-01, -2.4064046558233102e-01
0.86300000, 1.45089047455487102531979221731276682065e+00, -1.27757629577249942537669295164339495855e+00, 1.82219823850984945031387804499743010910e+01, 3.45856533152454256350822935132137656686e-02, 4.10240094547572847110960658039729879631e+00, 8.11310969785073688820060886576043876612e-01, 3.7586051194517503e-01, -2.3978333160964258e-01
0.86400000, 1.45094413469794822879810185701642806428e+00, -1.27726968076642072411595002956654093244e+00, 1.82221522624906992613447543906756386817e+01, 3.49304301149680143231619558411825700921e-02, 4.10218781908793729352196963119419256463e+00, 8.11289637991159334810937721271584847163e-01, 3.7613013591901090e-01, -2.3892383778443396e-01
0.86500000, 1.45099763383105984330917401753807913628e+00, -1.27696223253012070601613181705270078891e+00, 1.82223216462986241043162738930687352880e+01, 3.52757518612955122942555189302767607426e-02, 4.10197409923508954244636962319295961233e+00, 8.11267948897719122585609803595986388718e-01, 3.7639768410273227e-01, -2.3806198944835963e-01
0.86600000, 1.45105096798746735176657287100485725787e+00, -1.27665394972271176061919351877711477698e+00, 1.82224905350631087579395422714841353268e+01, 3.56216165140813620023774154636794568056e-02, 4.10175978609476197824748254104984368898e+00, 8.11245899018525141967914184051524950758e-01, 3.7666313371754530e-01, -2.3719779215168720e-01
0.86700000, 1.45110413317251969633157341101354321562e+00, -1.27634483102031840126249617498196126234e+00, 1.82226589273304823169855609206261099554e+01, 3.59680220175301727675321796004605969587e-02, 4.10154487986651908827570965783361079572e+00, 8.11223484850848909491250030348018042635e-01, 3.7692646193373598e-01, -2.3633125165514793e-01
0.86800000, 1.45115712536360464580489002769775609834e+00, -1.27603487511644329979452543547768535608e+00, 1.82228268216527300215830699575750874009e+01, 3.63149663001525659639036510086848282760e-02, 4.10132938077221486195599711138091607780e+00, 8.11200702875539066951296605579576685816e-01, 3.7718764587257363e-01, -2.3546237393177714e-01
0.86900000, 1.45120994051010392359067208753252765488e+00, -1.27572408072233718247909961221474677719e+00, 1.82229942165876618959822137454186661778e+01, 3.66624472747214876861083548965142931921e-02, 4.10111328905629639330421758055687212791e+00, 8.11177549557103245338597606636567065140e-01, 3.7744666260825351e-01, -2.3459116516874367e-01
0.87000000, 1.45126257453335219250511729105927288934e+00, -1.27541244656737257506647833616809336705e+00, 1.82231611106990832484429070445223216425e+01, 3.70104628382300298747154916594112447527e-02, 4.10089660498610927102270512310176203059e+00, 8.11154021343794165611469767388007284281e-01, 3.7770348916987890e-01, -2.3371763176916784e-01
0.87100000, 1.45131502332659999369430307288646797577e+00, -1.27509997139942138318935448899605336411e+00, 1.82233275025569670303770324317228454022e+01, 3.73590108718508013609602267043908640285e-02, 4.10067932885220471459181547806656633755e+00, 8.11130114667700047972991716932912111107e-01, 3.7795810254348278e-01, -2.3284178035392692e-01
0.87200000, 1.45136728275498073789458189955418352301e+00, -1.27478665398523629237595076998718048614e+00, 1.82234933907376280521495452335921908557e+01, 3.77080892408968907618341079723067193329e-02, 4.10046146096864841301154151050487183786e+00, 8.11105825944839401486639338393479335492e-01, 3.7821047967408925e-01, -2.3196361776344765e-01
0.87300000, 1.45141934865548184821272180855168702742e+00, -1.27447249311083597006123820999050211094e+00, 1.82236587738238990522001841979156397494e+01, 3.80576957947844636199737733718113486504e-02, 4.10024300167333102105659257367239776225e+00, 8.11081151575260266002321817323914477885e-01, 3.7846059746781494e-01, -2.3108315105948479e-01
0.87400000, 1.45147121683692015452046935766210182026e+00, -1.27415748758189405002057237104837651882e+00, 1.82238236504053086153846826735312127628e+01, 3.84078283669970366374224792312648411310e-02, 4.10002395132828026609032770775170629726e+00, 8.11056087943143978466995997204658914953e-01, 3.7870843279401044e-01, -2.3020038752688501e-01
0.87500000, 1.45152288307992164044791610712991453078e+00, -1.27384163622413187764776549525214113905e+00, 1.82239880190782609356520574222849703160e+01, 3.87584847750514722978329222453882769202e-02, 4.09980431031997461663793151409278754393e+00, 8.11030631416913535760546521335292978080e-01, 3.7895396248744202e-01, -2.2931533467533541e-01
0.87600000, 1.45157434313690564482048771265875037187e+00, -1.27352493788371499245177861238320822596e+00, 1.82241518784462174173726451402441096688e+01, 3.91096628204657376074277810412888592627e-02, 4.09958407905965846204769002977738724269e+00, 8.11004778349346626227060536467677536451e-01, 3.7919716335051362e-01, -2.2842800024109570e-01
0.87700000, 1.45162559273207362021405139763153158185e+00, -1.27320739142765332205286428764534865765e+00, 1.82243152271198801088099991721298450953e+01, 3.94613602887284711104389270623269017366e-02, 4.09936325798365875067165046054462324970e+00, 8.10978525077693402062838440156254347457e-01, 3.7943801215552933e-01, -2.2753839218871339e-01
0.87800000, 1.45167662756140255210003739440064966699e+00, -1.27288899574420505982019563767711543964e+00, 1.82244780637173769603885041868797952744e+01, 3.98135749492704027491992563578318873915e-02, 4.09914184755370303207385899587583848668e+00, 8.10951867923799064674302169499902761060e-01, 3.7967648564699640e-01, -2.2664651871272106e-01
0.87900000, 1.45172744329264314281605779412407540913e+00, -1.27256974974328419610889850754885087816e+00, 1.82246403868644488995475832449375101567e+01, 4.01663045554376715419440825924531949268e-02, 4.09891984825723884682632880790449739934e+00, 8.10924803194231335030222642279797315808e-01, 3.7991256054396889e-01, -2.2575238823931489e-01
0.88000000, 1.45177803556532286532572838827321924251e+00, -1.27224965235687167082512105108719229723e+00, 1.82248021951946387130926438157063409963e+01, 4.05195468444670864420633816179585530761e-02, 4.09869726060775440548049787017078646730e+00, 8.10897327180412880902218840012410946969e-01, 3.8014621354243190e-01, -2.2485600942801364e-01
0.88100000, 1.45182839999075399242268405417167364546e+00, -1.27192870253943011277353089995679544202e+00, 1.82249634873494817270524370734282524951e+01, 4.08732995374633761203934118644140185799e-02, 4.09847408514510049630583458233601836626e+00, 8.10869436158758772714112221453164477332e-01, 3.8037742131772667e-01, -2.2395739117329724e-01
0.88200000, 1.45187853215204670768653775383029020313e+00, -1.27160689926832212892267089260320434137e+00, 1.82251242619786982731323049829503954370e+01, 4.12275603393784737764983217585511255635e-02, 4.09825032243581355936811905719438791789e+00, 8.10841126390819039503281145628899144308e-01, 3.8060616052701628e-01, -2.2305654260622400e-01
0.88300000, 1.45192842760412740511116314401718493674e+00, -1.27128424154423210436022093698942907402e+00, 1.82252845177403879299128961518697504972e+01, 4.15823269389928834351120257761063193622e-02, 4.09802597307343986247849007720043144546e+00, 8.10812394123426396234481198757358377491e-01, 3.8083240781179222e-01, -2.2215347309602569e-01
0.88400000, 1.45197808187376228489656211911492259679e+00, -1.27096072839159147130274267101736532056e+00, 1.82254442533012255259843956386037257193e+01, 4.19375970088991745193217071489687271549e-02, 4.09780103767886071248136346844094243175e+00, 8.10783235588849213397511219377247975152e-01, 3.8105613980042165e-01, -2.2124819225167963e-01
0.88500000, 1.45202749045958635342307843089888115298e+00, -1.27063635885900740307330848330975062014e+00, 1.82256034673366588912272054298273741543e+01, 4.22933682054876518120020495043278097365e-02, 4.09757551690061863326559930313131039220e+00, 8.10753647004949799463446969692058785516e-01, 3.8127733311073542e-01, -2.2034070992345671e-01
0.88600000, 1.45207664883213793590919110157495040649e+00, -1.27031113201969488646596808188834977377e+00, 1.82257621585311083414514192917878240242e+01, 4.26496381689342482207707762561183472922e-02, 4.09734941141524443977966674138836777182e+00, 8.10723624575348066368774586702553623374e-01, 3.8149596435265678e-01, -2.1943103620444465e-01
0.88700000, 1.45212555243389881068990911483601593786e+00, -1.26998504697191212337876359477444522641e+00, 1.82259203255781678805894654031618916973e+01, 4.30064045231906880486405321635709237909e-02, 4.09712272192758513520891219702552496440e+00, 8.10693164489590647741479269451727004233e-01, 3.8171201013087065e-01, -2.1851918143204544e-01
0.88800000, 1.45217419667934007444022354954907659295e+00, -1.26965810283939921001749705177675596448e+00, 1.82260779671808081035990694189938928007e+01, 4.33636648759769687418914014050649416722e-02, 4.09689544917113255633230694946464648175e+00, 8.10662262923325539076832687295234292651e-01, 3.8192544704753355e-01, -2.1760515618944610e-01
0.88900000, 1.45222257695497384800547699199219991596e+00, -1.26933029877182003935126129491218049613e+00, 1.82262350820515807821773662955315317681e+01, 4.37214168187762093377772375231037378287e-02, 4.09666759390835268991820517865081714723e+00, 8.10630916038482328512134515864283337571e-01, 3.8213625170502390e-01, -2.1668897130706183e-01
0.89000000, 1.45227068861941093278619629036794201899e+00, -1.26900163394520736983849743693173720090e+00, 1.82263916689128251143117287868352756565e+01, 4.40796579268319140667957208101714801555e-02, 4.09643915693101558084469669238992850126e+00, 8.10599119983458086237867303584047004334e-01, 3.8234440070873261e-01, -2.1577063786395063e-01
0.89100000, 1.45231852700342452785720969483362586659e+00, -1.26867210756241100073972165664362348990e+00, 1.82265477264968756175988725188758652843e+01, 4.44383857591476997766787650154776729730e-02, 4.09621013906052575044114792176514580466e+00, 8.10566870893308979916497514082488608171e-01, 3.8254987066989399e-01, -2.1485016718919836e-01
0.89200000, 1.45236608741002011817803315428636659524e+00, -1.26834171885354899159080719574006730525e+00, 1.82267032535462716451512520055095893711e+01, 4.47975978584895360372730085642922793903e-02, 4.09598054114825304134459159044149383529e+00, 8.10534164889947682758388260502015091351e-01, 3.8275263820845652e-01, -2.1392757086327341e-01
0.89300000, 1.45241336511451164437185801545548624521e+00, -1.26801046707646186062960370439370051942e+00, 1.82268582488139685017789109652639952932e+01, 4.51572917513905469563509044542626702203e-02, 4.09575036407586380294889563063393956125e+00, 8.10500998082346640125882583059067858006e-01, 3.8295267995599361e-01, -2.1300286071934995e-01
0.89400000, 1.45246035536460406461229481923057256069e+00, -1.26767835151716969414957026775813524299e+00, 1.82270127110635501369860484057802161869e+01, 4.55174649481584238853879469556747216608e-02, 4.09551960875565232929730589661062786324e+00, 8.10467366566747259700485483730598040860e-01, 3.8314997255865388e-01, -2.1207604884459879e-01
0.89500000, 1.45250705338048241915861403626717485720e+00, -1.26734537149033209589789103407995181766e+00, 1.82271666390694433901548867290655290500e+01, 4.58781149428854983207232650895806486374e-02, 4.09528827613087245903125050083516722057e+00, 8.10433266426875089353148711638846265646e-01, 3.8334449268015097e-01, -2.1114714758144493e-01
0.89600000, 1.45255345435490750801986194488670568627e+00, -1.26701152633971090274319057932114300192e+00, 1.82273200316171337621052806084985036786e+01, 4.62392392134615244085479828462843907212e-02, 4.09505636717606924476149700360071083478e+00, 8.10398693734161045902891240862543618472e-01, 3.8353621700479237e-01, -2.1021616952879082e-01
0.89700000, 1.45259955345331829210420607852826998954e+00, -1.26667681543863558991048484685631701503e+00, 1.82274728875033826860172105778332194302e+01, 4.66008352215892205410941575880001211033e-02, 4.09482388289741059697319373964505205490e+00, 8.10363644547968756933334981393688822477e-01, 3.8372512224054731e-01, -2.0928312754320427e-01
0.89800000, 1.45264534581394112802046892471779238103e+00, -1.26634123819047128611946612853298281812e+00, 1.82276252055364462694852125572152416921e+01, 4.69629004128026195854800663082320293753e-02, 4.09459082433301880531537577873770480211e+00, 8.10328114915828076759183136115684125948e-01, 3.8391118512215314e-01, -2.0834803474007018e-01
0.89900000, 1.45269082654790594644233296170983738537e+00, -1.26600479402908931596776004703150965454e+00, 1.82277769845362954782392782239757644133e+01, 4.73254322164882773151565746921064116809e-02, 4.09435719255330183785959321037294706782e+00, 8.10292100873674836494221975969586698263e-01, 3.8409438241426000e-01, -2.0741090449470498e-01
0.90000000, 1.45273599073936948362044123228669855009e+00, -1.26566748241934018387460225229856249094e+00, 1.82279282233348377308162208896499660337e+01, 4.76884280459093886160445503838738934013e-02, 4.09412298866128431664289003085162506420e+00, 8.10255598446096886968111955709260863097e-01, 3.8427469091461351e-01, -2.0647175044343281e-01
0.90100000, 1.45278083344564567523187802629344805097e+00, -1.26532930285752891084371735236417380091e+00, 1.82280789207761398721993628809230059810e+01, 4.80518852982328610145044834332045175696e-02, 4.09388821379293806553893818095175120835e+00, 8.10218603646586491970100976030326272187e-01, 3.8445208745727493e-01, -2.0553058648462250e-01
0.90200000, 1.45282534969734332128860402981704623265e+00, -1.26499025487189263221835961482749770731e+00, 1.82282290757166524931631151552791016143e+01, 4.84158013545593950214865217536423855021e-02, 4.09365286911751212422927264683581396731e+00, 8.10181112477799127962916397751590996447e-01, 3.8462654891587864e-01, -2.0458742677968434e-01
0.90300000, 1.45286953449851113028465894953004194161e+00, -1.26465033802308036148787467037599088456e+00, 1.82283786870254355607630665871730148074e+01, 4.87801735799566207058227647160533612959e-02, 4.09341695583786211977588676506428732434e+00, 8.10143120931818745008575215359702404047e-01, 3.8479805220692624e-01, -2.0364228575402566e-01
0.90400000, 1.45291338282679025014466264830979555806e+00, -1.26430955190463482206520856955549610905e+00, 1.82285277535843853241020848250954926753e+01, 4.91449993234953397988962661580296623486e-02, 4.09318047519077888502858629203856157546e+00, 8.10104624990429542178824309972988999581e-01, 3.8496657429311715e-01, -2.0269517809796412e-01
0.90500000, 1.45295688963357439284168666209985760989e+00, -1.26396789614347624579003506243538273885e+00, 1.82286762742884624581791862868738049115e+01, 4.95102759182889224921075865140288870121e-02, 4.09294342844731621083716846218807523309e+00, 8.10065620625394309185546046327545891571e-01, 3.8513209218671495e-01, -2.0174611876759788e-01
0.90600000, 1.45300004984417765877928990027032142919e+00, -1.26362537040038803372417003256802539893e+00, 1.82288242480459214072911212608932049759e+01, 4.98760006815359079169179592616528811474e-02, 4.09270581691311761678143807433779187000e+00, 8.10026103798739384359932041745334659524e-01, 3.8529458295294918e-01, -2.0079512298563160e-01
0.90700000, 1.45304285835801016617879056240006165109e+00, -1.26328197437050417159633686349072949338e+00, 1.82289716737785408881073312538851714768e+01, 5.02421709145658570940403663450866123921e-02, 4.09246764192874202288309445225769382462e+00, 8.09986070463046277432767295831659368206e-01, 3.8545402371345195e-01, -1.9984220624215715e-01
0.90800000, 1.45308531004876158977707509053800073550e+00, -1.26293770778379828902384938846211102750e+00, 1.82291185504218555111777886244151994902e+01, 5.06087839028885069028432259919394356865e-02, 4.09222890486998820252446672337408569955e+00, 8.09945516561750003821041795517375975860e-01, 3.8561039164972897e-01, -1.9888738429538827e-01
0.90900000, 1.45312739976459271212083989106166012364e+00, -1.26259257040557424839117008010834348827e+00, 1.82292648769253884782608714196617578886e+01, 5.09758369162462733534991051892996893576e-02, 4.09198960714821789457183397192024865123e+00, 8.09904438029444175307619228312424945190e-01, 3.8576366400666420e-01, -1.9793067317234802e-01
0.91000000, 1.45316912232833508963856186774970152019e+00, -1.26224656203695814600143007746873693062e+00, 1.82294106522528853114755371148696172199e+01, 5.13433272086701521421329211813931301021e-02, 4.09174975021067745048758298718999406062e+00, 8.09862830792192890110184978287967929101e-01, 3.8591381809605777e-01, -1.9697208916950804e-01
0.91100000, 1.45321047253769893448016495306910707843e+00, -1.26189968251539160483878479047786244347e+00, 1.82295558753825485688893455759513068216e+01, 5.17112520185390641324884745738557529860e-02, 4.09150933554081789001771870802939401371e+00, 8.09820690767849463372553195821476625090e-01, 3.8606083130019644e-01, -1.9601164885337882e-01
0.91200000, 1.45325144516548931183478604806380587065e+00, -1.26155193171512623498891560553744742891e+00, 1.82297005453072734997520822912173607565e+01, 5.20796085686426930357358419401139305176e-02, 4.09126836465861323686128757273727225541e+00, 8.09778013866382037075065383003765364021e-01, 3.8620468107545585e-01, -1.9504936906104971e-01
0.91300000, 1.45329203495983075106777085235405502850e+00, -1.26120330954771913446413788098712042713e+00, 1.82298446610348845911746166281480407692e+01, 5.24483940662478621522922267260904227282e-02, 4.09102683912087700356818529944910356878e+00, 8.09734795990206106250737844662260179616e-01, 3.8634534495593412e-01, -1.9408526690067801e-01
0.91400000, 1.45333223664440036755760814106006267518e+00, -1.26085381596252929987057354679325577283e+00, 1.82299882215883729566349963114761059577e+01, 5.28176057031684965952436400891938098075e-02, 4.09078476052157669277372810656698218939e+00, 8.09691033034523996209539425221882659168e-01, 3.8648280055711586e-01, -1.9311935975192594e-01
0.91500000, 1.45337204491866959056053764566430243840e+00, -1.26050345094721481303990155757979822993e+00, 1.82301312260061345152694593141176661370e+01, 5.31872406558392169334649927665902911042e-02, 4.09054213049214617976444586906245244303e+00, 8.09646720887671323214283247938176935198e-01, 3.8661702557956605e-01, -1.9215166526634465e-01
0.91600000, 1.45341145445815459078367980050554103448e+00, -1.26015221452823066642959262340075498644e+00, 1.82302736733422089094758999754893713555e+01, 5.35572960853926096731861977045986998865e-02, 4.09029895070179583928202816329311465165e+00, 8.09601855431470468717730445479721622610e-01, 3.8674799781265290e-01, -1.9118220136770434e-01
0.91700000, 1.45345045991467549960541687054704114168e+00, -1.25980010677132708677562074992475565400e+00, 1.82304155626665191069222508567999117220e+01, 5.39277691377402194389009784475340092287e-02, 4.09005522285782027741348480990587705385e+00, 8.09556432541591094861321125582166431160e-01, 3.8687569513829893e-01, -1.9021098625226941e-01
0.91800000, 1.45348905591662451004313300016211236493e+00, -1.25944712778204821316285114081446301827e+00, 1.82305568930651116316131604982650602955e+01, 5.42986569436573071175387049231346060787e-02, 4.08981094870590352738767985093914437358e+00, 8.09510448087917726451218917318957782118e-01, 3.8700009553475960e-01, -1.8923803838901791e-01
0.91900000, 1.45352723706924294763207452010882475757e+00, -1.25909327770623098236313309040938943775e+00, 1.82306976636403973672262162089654873808e+01, 5.46699566188714175931107035001055961220e-02, 4.08956613003042156610381242861038573058e+00, 8.09463897934924422066893739970670049035e-01, 3.8712117708042837e-01, -1.8826337651980418e-01
0.92000000, 1.45356499795490739734385429648877778974e+00, -1.25873855673050407098215161685709730764e+00, 1.82308378735113928744847680678231527245e+01, 5.50416652641548000220129466519812830350e-02, 4.08932076865474200625854103691534846024e+00, 8.09416777942056554321151391450889239590e-01, 3.8723891795766765e-01, -1.8728701965946391e-01
0.92100000, 1.45360233313342497053788531139998547402e+00, -1.25838296508278674065595910652119315162e+00, 1.82309775218139621628891745349966729648e+01, 5.54137799654207228812489023209215009158e-02, 4.08907486644152081701770959518864971475e+00, 8.09369083964119716578294376961633781298e-01, 3.8735329645666444e-01, -1.8630898709586061e-01
0.92200000, 1.45363923714233779370274039242519966238e+00, -1.25802650303278742924953618201327352306e+00, 1.82311166077010588556830617108531425114e+01, 5.57862977938237252624833488983882476646e-02, 4.08882842529299592429850281745857538201e+00, 8.09320811851675770648982659598843832737e-01, 3.8746429097931003e-01, -1.8532929838987274e-01
0.92300000, 1.45367570449723679840611312928628967234e+00, -1.25766917089250192773550816688149183774e+00, 1.82312551303429686854870484975678791893e+01, 5.61592158058638450835269460565210791082e-02, 4.08858144715127753989083823240897670489e+00, 8.09271957451446047116445219733880535875e-01, 3.8757188004310253e-01, -1.8434797337532043e-01
0.92400000, 1.45371172969208488943078399342778501598e+00, -1.25731096901671097917412836895480821170e+00, 1.82313930889275522565904504952455583968e+01, 5.65325310434948640450836085883922370575e-02, 4.08833393399863506685543049262667862191e+00, 8.09222516606721707009138436454047936911e-01, 3.8767604228507147e-01, -1.8336503215883115e-01
0.92500000, 1.45374730719954956552893204661069011837e+00, -1.25695189780347713297875876089729241284e+00, 1.82315304826604880084528784211455949533e+01, 5.69062405342366082738955228191769324469e-02, 4.08808588785778042689280941673279322184e+00, 8.09172485157781270519998270235256057926e-01, 3.8777675646572333e-01, -1.8238049511964334e-01
0.92600000, 1.45378243147134506457750866695934684033e+00, -1.25659195769464068443732613294443580426e+00, 1.82316673107655153135335639944420057372e+01, 5.72803412912913426633486296563902885872e-02, 4.08783731079214765368523489807520695975e+00, 8.09121858942315315382413283643463147086e-01, 3.8787400147300713e-01, -1.8139438290934717e-01
0.92700000, 1.45381709693858410216251709038102571595e+00, -1.25623114917631452627266612174399111228e+00, 1.82318035724846776411378786762187494487e+01, 5.76548303136642959487380680509889562293e-02, 4.08758820490616859457455451970808851666e+00, 8.09070633795858344348360575515988790450e-01, 3.8796775632629874e-01, -1.8040671645156176e-01
0.92800000, 1.45385129801213926975931487220426529252e+00, -1.25586947277937773586641046994806535041e+00, 1.82319392670785657175490881814260186139e+01, 5.80297045862883525363521924324854037617e-02, 4.08733857234554456135624271070203848023e+00, 8.09018805552227817975287449383295504586e-01, 3.8805800018040317e-01, -1.7941751694154789e-01
0.92900000, 1.45388502908301415570895669089604222260e+00, -1.25550692907996771864530716126039514093e+00, 1.82320743938265606113001661034747855383e+01, 5.84049610801529460429608072223676530422e-02, 4.08708841529751376944581422032384952678e+00, 8.08966370043970345615865735320790000413e-01, 3.8814471232957349e-01, -1.7842680584575550e-01
0.93000000, 1.45391828452272424911669319558540821902e+00, -1.25514351869997072503882998770012164390e+00, 1.82322089520270766710367584332135343132e+01, 5.87805967524371883948667612449277882365e-02, 4.08683773599111440321120873307958754372e+00, 8.08913323102815024119359663366943176058e-01, 3.8822787221154530e-01, -1.7743460490130529e-01
0.93100000, 1.45395105868368768361770198829072616976e+00, -1.25477924230751055536593094136250036354e+00, 1.82323429409978042420294588412617806320e+01, 5.91566085466472671831130607122025478111e-02, 4.08658653669744314386630226805280899070e+00, 8.08859660560133910295789282566883245249e-01, 3.8830745941158565e-01, -1.7644093611540354e-01
0.93200000, 1.45398334589962587466670986692516799294e+00, -1.25441410061743526400016618667827563431e+00, 1.82324763600759520860127596062660819783e+01, 5.95329933927581427734790828634390069719e-02, 4.08633481972990899498913169184617944254e+00, 8.08805378247409609665189269019770514687e-01, 3.8838345366655512e-01, -1.7544582176468957e-01
0.93300000, 1.45401514048597410061223113294282388137e+00, -1.25404809439180167119958529988371982708e+00, 1.82326092086184894276607470247845419103e+01, 5.99097482073595754263353720568674429784e-02, 4.08608258744448223946644756965913956523e+00, 8.08750471996709960415001156275852693602e-01, 3.8845583486898196e-01, -1.7444928439451507e-01
0.93400000, 1.45404643674030207431265748021587939558e+00, -1.25368122444035748807416242650378192932e+00, 1.82327414860023875496571988021312475841e+01, 6.02868698938065113920814238752291659611e-02, 4.08582984223993836047657004163838318628e+00, 8.08694937641169787820034500671859005058e-01, 3.8852458307114697e-01, -1.7345134681815465e-01
0.93500000, 1.45407722894274454844045831591981064530e+00, -1.25331349162102085730265977234783377240e+00, 1.82328731916248608569816227973932236717e+01, 6.06643553423738556126291069516294983252e-02, 4.08557658655809675800794752016077961720e+00, 8.08638771015479700642624845099400919396e-01, 3.8858967848917785e-01, -1.7245203211594695e-01
0.93600000, 1.45410751135644199390246176145658807791e+00, -1.25294489684035710940618224633053760632e+00, 1.82330043249036073297143817293244489462e+01, 6.10422014304156572781212184702471440331e-02, 4.08532282288405409137404322010231675046e+00, 8.08581967956381897226836922124908647417e-01, 3.8865110150715180e-01, -1.7145136363436569e-01
0.93700000, 1.45413727822799138697887186492540831057e+00, -1.25257544105405253164087870327545478199e+00, 1.82331348852770482823648277153404165139e+01, 6.14204050225287330607375885079834144727e-02, 4.08506855374641207722893033322979085701e+00, 8.08524524303172945131142480154078042553e-01, 3.8870883268120505e-01, -1.7044936498502011e-01
0.93800000, 1.45416652378790713685173532925102633459e+00, -1.25220512526738494389087603848755519725e+00, 1.82332648722045673464477938376930999080e+01, 6.17989629707207513740309717461568170164e-02, 4.08481378171749957171498613110043661570e+00, 8.08466435898213494210375239676611390334e-01, 3.8876285274364787e-01, -1.6944606004358416e-01
0.93900000, 1.45419524225109218115551498310795666804e+00, -1.25183395053569087332823421071105262715e+00, 1.82333942851667485917773454715363734681e+01, 6.21778721145827994867870237271130653526e-02, 4.08455850941358876458705071972991826230e+00, 8.08407698587444879061463064605099965703e-01, 3.8881314260708386e-01, -1.6844147294865388e-01
0.94000000, 1.45422342781731927303888818490024646887e+00, -1.25146191796482911706314735139687104841e+00, 1.82335231236656137007138869145109335007e+01, 6.25571292814664537549978932483028005108e-02, 4.08430273949510531245905563045100017672e+00, 8.08348308220912562690092881381771117623e-01, 3.8885968336853209e-01, -1.6743562810053258e-01
0.94100000, 1.45425107467172247897861654451893663119e+00, -1.25108902871164047953847651501333334222e+00, 1.82336513872248581083930695594631952716e+01, 6.29367312866653716243050032936579704217e-02, 4.08404647466683223771211128319749323496e+00, 8.08288260653296369138812343051912802014e-01, 3.8890245631355064e-01, -1.6642855015994319e-01
0.94200000, 1.45427817698529890223420025507266055157e+00, -1.25071528398440346903169160523878293589e+00, 1.82337790753900860207839913340682574950e+01, 6.33166749336014223983788145034131182972e-02, 4.08378971767810741909002980530896996313e+00, 8.08227551744447448642951104775591022746e-01, 3.8894144292036011e-01, -1.6542026404666736e-01
0.94300000, 1.45430472891542064237703063550993997291e+00, -1.25034068504328573531814838245045677194e+00, 1.82339061877290442212714611476178477191e+01, 6.36969570140153720663859135912929573822e-02, 4.08353247132301449959188526736622415173e+00, 8.08166177359931914651093912490013564993e-01, 3.8897662486396582e-01, -1.6441079493811092e-01
0.94400000, 1.45433072460635699677100794330982712691e+00, -1.24996523320079102832606883437667826199e+00, 1.82340327238318545753341858376937818537e+01, 6.40775743081621357352205647242844246513e-02, 4.08327473844056703695408343570427873318e+00, 8.08104133371581087763700603211692937546e-01, 3.8900798402027703e-01, -1.6340016826779531e-01
0.94500000, 1.45435615818980690522434473072986971427e+00, -1.24958892982220145547937619414226559536e+00, 1.82341586833112451417991897763932182836e+01, 6.44585235850106094198735772613723349543e-02, 4.08301652191488572179910217217673863885e+00, 8.08041415658048277308990994436345112674e-01, 3.8903550247022179e-01, -1.6238840972377449e-01
0.94600000, 1.45438102378544163427590319998368436115e+00, -1.24921177632601481338341125345675974159e+00, 1.82342840658027797980941765118840647353e+01, 6.48398016024480911085523551942364239937e-02, 4.08275782467536848841711072976156515067e+00, 8.07978020105372026891645465488542401506e-01, 3.8905916250385601e-01, -1.6137554524697716e-01
0.94700000, 1.45440531550145769272542367369416650640e+00, -1.24883377418437676756427720355636183191e+00, 1.82344088709650862858954721029467966026e+01, 6.52214051074892991383813075709377418089e-02, 4.08249864969685334314258134219487854156e+00, 8.07913942607545745819568454028599613933e-01, 3.8907894662446502e-01, -1.6036160102947389e-01
0.94800000, 1.45442902743513996506702788683763158058e+00, -1.24845492492350765212887592106222450095e+00, 1.82345330984800825825812409192004387293e+01, 6.56033308364899939931839430540122768331e-02, 4.08223899999977373539322669385425128172e+00, 8.07849179067093643839379493038321522087e-01, 3.8909483755265635e-01, -1.5934660351266888e-01
0.94900000, 1.45445215367343504444119628509825962512e+00, -1.24807523012412365947335205843872945767e+00, 1.82346567480532015029494299550852423759e+01, 6.59855755153652076675138553347408818672e-02, 4.08197887865030629665554227977223577952e+00, 8.07783725395652882094995877544317473790e-01, 3.8910681823044197e-01, -1.5833057938541621e-01
0.95000000, 1.45447468829353474158392884335200410935e+00, -1.24769469142185218853638355472346883890e+00, 1.82347798194136134347489722749838099296e+01, 6.63681358598120827313535407009062306034e-02, 4.08171828876051077303226275160010338481e+00, 8.07717577514561848668317190678028107211e-01, 3.8911487182530850e-01, -1.5731355558206025e-01
0.95100000, 1.45449662536346974102504645185774276758e+00, -1.24731331050764111857426316731544910887e+00, 1.82349023123144471107027591929593697708e+01, 6.67510085755373211783856617209839745407e-02, 4.08145723348846197741446069889758396810e+00, 8.07650731355454462469382595383493622074e-01, 3.8911898173427388e-01, -1.5629555928040021e-01
0.95200000, 1.45451795894271337047275467776151157650e+00, -1.24693108912816177403069941855274980906e+00, 1.82350242265330083188733674241328640458e+01, 6.71341903584892410481657669428505388121e-02, 4.08119571603837358790707058241149785812e+00, 8.07583182860860404618317679562282966337e-01, 3.8911913158792880e-01, -1.5527661789957857e-01
0.95300000, 1.45453868308279544392099251259202679549e+00, -1.24654802908620534478939533531096393072e+00, 1.82351455618709964524390911192600699354e+01, 6.75176778950944366796507426264767645176e-02, 4.08093373966071361982349218577190695437e+00, 8.07514927984811171805891603526146812271e-01, 3.8911530525446134e-01, -1.5425675909789341e-01
0.95400000, 1.45455879182792613353218413871730615713e+00, -1.24616413224107252493537721009587905293e+00, 1.82352663181547187992100629597451687356e+01, 6.79014678624990362811835157684940448176e-02, 4.08067130765231139937473198800077277501e+00, 8.07445962693451841436641637755769212777e-01, 3.8910748684366322e-01, -1.5323601077053447e-01
0.95500000, 1.45457827921562981978340090002954926975e+00, -1.24577940050895613211534513109815313731e+00, 1.82353864952353024705237289894535295133e+01, 6.82855569288145482910803415829896913837e-02, 4.08040842335645586811332047697566303270e+00, 8.07376282965658433651465641072801450997e-01, 3.8909566071091604e-01, -1.5221440104724313e-01
0.95600000, 1.45459713927738886372136375726349397717e+00, -1.24539383586331646868156285354649718534e+00, 1.82355060929889038685172342085607126883e+01, 6.86699417533682857543499226770692587336e-02, 4.08014509016298504825396562893254615095e+00, 8.07305884793660750598607624211457527556e-01, 3.8907981146115579e-01, -1.5119195828989605e-01
0.95700000, 1.45461536603929723945405520477103469948e+00, -1.24500744033524918503151077645472573788e+00, 1.82356251113169155901829335767054584655e+01, 6.90546189869583556557904542304129213283e-02, 4.07988131150836650018345398352077580881e+00, 8.07234764183670568576439153400194873159e-01, 3.8905992395281409e-01, -1.5016871109001277e-01
0.95800000, 1.45463295352272395921698713540280225449e+00, -1.24462021601384540492015432651537615843e+00, 1.82357435501461706660738049884506450186e+01, 6.94395852721131978288178875573392394518e-02, 4.07961709087576860479349236138889103325e+00, 8.07162917156515053911838120743409116862e-01, 3.8903598330173452e-01, -1.4914468826618730e-01
0.95900000, 1.45464989574498621749355209496885477111e+00, -1.24423216504654387202663525046435044317e+00, 1.82358614094291440310395293637964868130e+01, 6.98248372433556557039924505027118855734e-02, 4.07935243179512250472370732564547355040e+00, 8.07090339748275268667848937516375374657e-01, 3.8900797488506224e-01, -1.4811991886144380e-01
0.96000000, 1.45466618672003217474467543967891387778e+00, -1.24384328963947487670581619555121152955e+00, 1.82359786891441511239429216809312157423e+01, 7.02103715274715587725068375613097822043e-02, 4.07908733784317454018950425319639924669e+00, 8.07017028010929627497329506533760075959e-01, 3.8897588434510541e-01, -1.4709443214051659e-01
0.96100000, 1.45468182045913329531663118946591815730e+00, -1.24345359205779572165067155884566504513e+00, 1.82360953892955435129317277722821618411e+01, 7.05961847437827942191144633649043114002e-02, 4.07882181264352901679245356205941634287e+00, 8.06942978013002162179195602626379273136e-01, 3.8893969759316664e-01, -1.4606825758705468e-01
0.96200000, 1.45469679097158614805097050465455022827e+00, -1.24306307462601748513721728512470106053e+00, 1.82362115099139014425240036479220576514e+01, 7.09822735044248427274055597831785169174e-02, 4.07855585986668114457073610839463061661e+00, 8.06868185840215445594495500467552995784e-01, 3.8889940081334287e-01, -1.4504142490075113e-01
0.96300000, 1.45471109226542357202076281239090903743e+00, -1.24267173972832284062262608891606873568e+00, 1.82363270510562231985077997287946210031e+01, 7.13686344146287509793381442778887758696e-02, 4.07828948323003998954525435644713600338e+00, 8.06792647596148022124804948536728025379e-01, 3.8885498046629188e-01, -1.4401396399439750e-01
0.96400000, 1.45472471834813510366662692008076962470e+00, -1.24227958980887469172241338109917152560e+00, 1.82364420128061111864590861142883586297e+01, 7.17552640730075108619148493348500070255e-02, 4.07802268649794128115450129242507369373e+00, 8.06716359402896186689325358479903402235e-01, 3.8880642329296401e-01, -1.4298590499086378e-01
0.96500000, 1.45473766322739655540832981297722676200e+00, -1.24188662737211538200704211134321925976e+00, 1.82365563952739546195471506658672498091e+01, 7.21421590718468128583391858839544445562e-02, 4.07775547348164992124926110655543739626e+00, 8.06639317401739949883676194690707329245e-01, 3.8875371631829707e-01, -1.4195727822000417e-01
0.96600000, 1.45474992091180862956718489742480244591e+00, -1.24149285498305623963482341377914578988e+00, 1.82366701985971087112254200048235155558e+01, 7.25293159974001385404185373554528420734e-02, 4.07748784803935204273766156278038910848e+00, 8.06561517753813021946852062138818868097e-01, 3.8869684685487313e-01, -1.4092811421548913e-01
0.96700000, 1.45476148541164444515535169833925708593e+00, -1.24109827526755721757932279190691314213e+00, 1.82367834229400702683990997940776740311e+01, 7.29167314301881544949966473515323436886e-02, 4.07721981407613646853285219225707485729e+00, 8.06482956640776643567394840772559640159e-01, 3.8863580250653529e-01, -1.3989844371156426e-01
0.96800000, 1.45477235073960584877481752780411988017e+00, -1.24070289091259639111824815355856924430e+00, 1.82368960684946495807204723423589441358e+01, 7.33044019453023674114436305920345985881e-02, 4.07695137554396542416036293932767178235e+00, 8.06403630265497086849809718398199670554e-01, 3.8857057117196277e-01, -1.3886829763973638e-01
0.96900000, 1.45478251091158837452584763549443147486e+00, -1.24030670466652907532951132426943849122e+00, 1.82370081354801385017893538080889786706e+01, 7.36923241127129974314113939167461809814e-02, 4.07668253644163436023059232301998224455e+00, 8.06323534852726645101995132680045755952e-01, 3.8850114104820291e-01, -1.3783770712538754e-01
0.97000000, 1.45479195994745471145666750901600432567e+00, -1.23990971933933632659121356870393160535e+00, 1.82371196241434746182312845845998573831e+01, 7.40804944975810242179375013417610688662e-02, 4.07641330081472074397433626115693029054e+00, 8.06242666649787925478386260723954205306e-01, 3.8842750063415802e-01, -1.3680670348431744e-01
0.97100000, 1.45480069187181653069785451009943811551e+00, -1.23951193780286259350797719744928858187e+00, 1.82372305347594014028906442247108705271e+01, 7.44689096605743575403666395957113945381e-02, 4.07614367275552168217611461953559351864e+00, 8.06161021927261253926113360238192970161e-01, 3.8834963873402589e-01, -1.3577531821921502e-01
0.97200000, 1.45480870071482451802124944507566303388e+00, -1.23911336299104228428846725847799235779e+00, 1.82373408676306242487111384295193815375e+01, 7.48575661581880814963255818380465338831e-02, 4.07587365640298024112145749637481457910e+00, 8.06078596979674997337287052453867503727e-01, 3.8826754446069194e-01, -1.3474358301605972e-01
0.97300000, 1.45481598051296645114915041562792326845e+00, -1.23871399790011501938012050530973669040e+00, 1.82374506230879622802830422260916139684e+01, 7.52464605430687188040573785847136217691e-02, 4.07560325594260033260030812139794695814e+00, 8.05995388126198603314128719575713895255e-01, 3.8818120723907165e-01, -1.3371152974045342e-01
0.97400000, 1.45482252530987315472023104420513578285e+00, -1.23831384558882934012888193770157674872e+00, 1.82375598014904958405161902889719310710e+01, 7.56355893643424588997674894292137554294e-02, 4.07533247560635003857916741948978925289e+00, 8.05911391711338153509696237850158437612e-01, 3.8809061680940154e-01, -1.3267919043388361e-01
0.97500000, 1.45482832915713215939924987844180531181e+00, -1.23791290917863464637585327017818116693e+00, 1.82376684032257095504509176268102740632e+01, 7.60249491679472908672830217063786771622e-02, 4.07506131967255325086927957832844790407e+00, 8.05826604105634222120083671752240172051e-01, 3.8799576323047708e-01, -1.3164659730991864e-01
0.97600000, 1.45483338611510888520350752833877766355e+00, -1.23751119185386113823074090524598792163e+00, 1.82377764287096308408468498531744639400e+01, 7.64145364969689795133492838792312701255e-02, 4.07478979246576950597661772221370625387e+00, 8.05741021706361826778903485814311088442e-01, 3.8789663688283610e-01, -1.3061378275033611e-01
0.97700000, 1.45483769025377516271558165063946382185e+00, -1.23710869686188753977525360585283533411e+00, 1.82378838783869638548924410879618064209e+01, 7.68043478919808201834058697001335470551e-02, 4.07451789835666189932109718281353686344e+00, 8.05654640938232254846326134834009834658e-01, 3.8779322847188590e-01, -1.2958077930118497e-01
0.97800000, 1.45484123565354489946464006659439876718e+00, -1.23670542751329638514937932320214126897e+00, 1.82379907527312186221572168443251245013e+01, 7.71943798913871051918634440966728017499e-02, 4.07424564176185296715658525232199277859e+00, 8.05567458254096543897713831387943221544e-01, 3.8768552903097272e-01, -1.2854761966878257e-01
0.97900000, 1.45484401640611669239320100390995546412e+00, -1.23630138718201665036083591899291783589e+00, 1.82380970522448354047644930426639577293e+01, 7.75846290317702320199521278729283025820e-02, 4.07397302714376842880899392244848536299e+00, 8.05479470135650391105721122462862092899e-01, 3.8757352992439189e-01, -1.2751433671564752e-01
0.98000000, 1.45484602661532318098826259172616247825e+00, -1.23589657930545351723383859126875413371e+00, 1.82382027774593041176955387387544189085e+01, 7.79750918482413807153846840274310991123e-02, 4.07370005901046868627597580055225397224e+00, 8.05390673094140262179436334348654682351e-01, 3.8745722285033728e-01, -1.2648096345636934e-01
0.98100000, 1.45484726039798692935102581154791347655e+00, -1.23549100738460505917837723540536415478e+00, 1.82383079289352787261472895114924226697e+01, 7.83657648747946852136644226555700565453e-02, 4.07342674191546798279726761609344224746e+00, 8.05301063671070466579504404026239567243e-01, 3.8733659984378839e-01, -1.2544753305341612e-01
0.98200000, 1.45484771188478261921382361507596227212e+00, -1.23508467498416564191598768629294854426e+00, 1.82384125072626865239552909996356182942e+01, 7.87566446446648205931986491278512096640e-02, 4.07315308045754112670814775635866326721e+00, 8.05210638438910961874004445542252794519e-01, 3.8721165327933375e-01, -1.2441407881288109e-01
0.98300000, 1.45484737522110532969224852317287526571e+00, -1.23467758573261583594288386042640308070e+00, 1.82385165130608321982619761037880549374e+01, 7.91477276906879255778191586409815162635e-02, 4.07287907928051769172823257409631944235e+00, 8.05119394001805646340951880439685808851e-01, 3.8708237587392914e-01, -1.2338063418016945e-01
0.98400000, 1.45484624456794467339080749146275595971e+00, -1.23426974332229864134645537737011628892e+00, 1.82386199469784965868579992736843710879e+01, 7.95390105456657769132608359987990862266e-02, 4.07260474307306360981219908396201985616e+00, 8.05027326996280895264442229334339478784e-01, 3.8694876068958914e-01, -1.2234723273562656e-01
0.98500000, 1.45484431410276455236774678499509922219e+00, -1.23386115150948182961649561887185427314e+00, 1.82387228096940300359514357143164074123e+01, 7.99304897427331295710381298672360251018e-02, 4.07233007656845007779608605958095923548e+00, 8.04934434091954092817422519100783905799e-01, 3.8681080113601073e-01, -1.2131390819010864e-01
0.98600000, 1.45484157802038829141505003520487745776e+00, -1.23345181411440621130787925556768059904e+00, 1.82388251019154402675263933563263453433e+01, 8.03221618157281340764460302590814423233e-02, 4.07205508454430970431051613537448493689e+00, 8.04840711992241907979614877279706329591e-01, 3.8666849097312742e-01, -1.2028069438049738e-01
0.98700000, 1.45483803053388890012913024007765655962e+00, -1.23304173502131964281632601988294472696e+00, 1.82389268243804746669390928882333257208e+01, 8.07140232995657396195823528387059501225e-02, 4.07177977182237982879825001730739311854e+00, 8.04746157435068059608944410559707557453e-01, 3.8652182431359272e-01, -1.1924762526515968e-01
0.98800000, 1.45483366587548420934255672124222578300e+00, -1.23263091817849659012273481749764735513e+00, 1.82390279778566969029657770171245331510e+01, 8.11060707306139889918503265366569079845e-02, 4.07150414326823294996550860832860731634e+00, 8.04650767193570312573623547901847979228e-01, 3.8637079562519148e-01, -1.1821473491935388e-01
0.98900000, 1.45482847829743662166345424773988307651e+00, -1.23221936759824307214350797577550260016e+00, 1.82391285631415577941628629926169743653e+01, 8.14983006470731087978842091764175218288e-02, 4.07122820379099420661188443483917862615e+00, 8.04554538076806443764459271944247301888e-01, 3.8621539973317799e-01, -1.1718205753058383e-01
0.99000000, 1.45482246207295721013317749049022708422e+00, -1.23180708735688681129325857767169781298e+00, 1.82392285810624603371254170482317491677e+01, 8.18907095893572958267934451568991907373e-02, 4.07095195834304585951964133540979719501e+00, 8.04457466930458913847570998682568196041e-01, 3.8605563182253935e-01, -1.1614962739390225e-01
0.99100000, 1.45481561149711389337070663471728853352e+00, -1.23139408159475242402104124612213267581e+00, 1.82393280324768188140350853690538527378e+01, 8.22832941004790979296053774770164551741e-02, 4.07067541191971872893682881030960885900e+00, 8.04359550637537977791072888934341562100e-01, 3.8589148744018314e-01, -1.1511747890716477e-01
0.99200000, 1.45480792088774341003014187613179613141e+00, -1.23098035451612148942029083501122349382e+00, 1.82394269182721118987727566657257133516e+01, 8.26760507264362852443775394229056997613e-02, 4.07039856955897054815679993051627020927e+00, 8.04260786119082964509860621260931663083e-01, 3.8572296249704798e-01, -1.1408564656623621e-01
0.99300000, 1.45479938458636680996190605347370737832e+00, -1.23056591038917733953430033689964968845e+00, 1.82395252393659296828340620714113798851e+01, 8.30689760166011051392320056840824006767e-02, 4.07012143634105119977613264872347948402e+00, 8.04161170334861453424855849350294680959e-01, 3.8555005327013600e-01, -1.1305416496015043e-01
0.99400000, 1.45478999695910817414499623761311042853e+00, -1.23015075354593442068140708491931008557e+00, 1.82396229967060145443268559789029489117e+01, 8.34620665241118118091261188395093315595e-02, 4.06984401738815480740015642534098716898e+00, 8.04060700284066073331232845037582739249e-01, 3.8537275640446597e-01, -1.1202306876622558e-01
0.99500000, 1.45477975239761627025303916346929114331e+00, -1.22973488838215208100495389585122528204e+00, 1.82397201912702957854484942436991683178e+01, 8.38553188062663590671089065166073990480e-02, 4.06956631786405866185665266182649931022e+00, 8.03959373006008646718529954354582829561e-01, 3.8519106891494603e-01, -1.1099239274513599e-01
0.99600000, 1.45476864531998884563715836836639161878e+00, -1.22931831935723264551019778259810396493e+00, 1.82398168240669179660363712997675850132e+01, 8.42487294249181425177130559321911836269e-02, 4.06928834297374896737003427986548649059e+00, 8.03857185580811400588293069132876460925e-01, 3.8500498818816509e-01, -1.0996217173594257e-01
0.99700000, 1.45475667017169925455987496334530075212e+00, -1.22890105099410364608108087803439432195e+00, 1.82399128961342628630570416678834109469e+01, 8.46422949468736749915871218449499203717e-02, 4.06901009796303339963645698932895164930e+00, 8.03754135130094962876073003174887527080e-01, 3.8481451198410169e-01, -1.0893244065108319e-01
0.99800000, 1.45474382142652511170251876302991365078e+00, -1.22848308787908408037136250100017464364e+00, 1.82400084085409649882464891392186599032e+01, 8.50360119442920768590633917931778983656e-02, 4.06873158811814047432074901625813991716e+00, 8.03650218817662861808164431495756830806e-01, 3.8461963843774950e-01, -1.0790323447132475e-01
0.99900000, 1.45473009358747865929995079842584587633e+00, -1.22806443466173458003402265679584570841e+00, 1.82401033623859205985357817933999452810e+01, 8.54298769950862606286547849805548818243e-02, 4.06845281876530573116448307948986378679e+00, 8.03545433850182243913282468178961622380e-01, 3.8442036606065850e-01, -1.0687458824067862e-01
0.99930000, 1.45472580299436449742855482726252693229e+00, -1.22793870482946736226899627322870828719e+00, 1.82401317397878844503478726146701875472e+01, 8.55480648698831341499715162239634278403e-02, 4.06836913815656810534725632073967515956e+00, 8.03513828559958853243071240683171954790e-01, 3.8435972639961286e-01, -1.0656610880789919e-01
0.99960000, 1.45472143264351153453545160121313355209e+00, -1.22781291344004458529437587197317208308e+00, 1.82401600670517274703984141141372994976e+01, 8.56662656698878323266497319375484537886e-02, 4.06828543482033865393335936255783185784e+00, 8.03482144769525426474308823828044870313e-01, 3.8429869071794021e-01, -1.0625768387808969e-01
0.99990000, 1.45471698238810982309102465505409165369e+00, -1.22768706062232137090878423018826419991e+00, 1.82401883442087131973396362760868807036e+01, 8.57844793030370087785455050024210388433e-02, 4.06820170890250001355750990989516590258e+00, 8.03450382405769135546399088390704328297e-01, 3.8423725899538507e-01, -1.0594931440038577e-01
0.99993000, 1.45471653296217492713154864812181793990e+00, -1.22767447196696862276603453942124253724e+00, 1.82401911691697455775192514940887300323e+01, 8.57963013686320729479375421630101469190e-02, 4.06819333507435352618798418291287940578e+00, 8.03447201845056678931167987958847795314e-01, 3.8423109404019305e-01, -1.0591848053903503e-01
0.99996000, 1.45471608273558238339454321230396974228e+00, -1.22766188269875573056982820293090859818e+00, 1.82401939936300559120620388214242032108e+01, 8.58081235615464756312530881019828152273e-02, 4.06818496102199903337553284982572908746e+00, 8.03444020497810627489609523192453178331e-01, 3.8422492512440242e-01, -1.0588764724265018e-01
0.99999000, 1.45471563170818580599403568233654086375e+00, -1.22764929281781238827466246604257462641e+00, 1.82401968175896758688567815877519399925e+01, 8.58199458816882448206028180217384188894e-02, 4.06817658674558293681803011046592209339e+00, 8.03440838363958465334580362264172932395e-01, 3.8421875224799801e-01, -1.0585681451218101e-01
0.99999300, 1.45471558656139629131903710412469838932e+00, -1.22764803379602287402246860281453727376e+00, 1.82401970999581011137049461778635194810e+01, 8.58211281206963861429790222481565079657e-02, 4.06817574930562357635721993484656396032e+00, 8.03440520107307122252153294845374013368e-01, 3.8421813474252323e-01, -1.0585373127029602e-01
0.99999600, 1.45471554140659712634059791271311879145e+00, -1.22764677476810748244752572151586975615e+00, 1.82401973823215198033852034161455600515e+01, 8.58223103609757894986985380119951460920e-02, 4.06817491186342521061390070793488688935e+00, 8.03440201842788920777486113152537394263e-01, 3.8421751719744216e-01, -1.0585064803408064e-01
0.99999900, 1.45471549624378816471560333724210445702e+00, -1.22764551573406634332759217110673016555e+00, 1.82401976646799319696058721454322387650e+01, 8.58234926025263629250459943378609745021e-02, 4.06817407441898798604149785507909216593e+00, 8.03439883570403788454646285456776187808e-01, 3.8421689961275477e-01, -1.0584756480353581e-01
