M omega,Re(tilde_Psi_4),Im(tilde_Psi_4)
-4.0,-7.998798621708574e-23,-9.252029981793121e-22
-3.999,-8.155122905345787e-23,-9.36921559972721e-22
-3.998,-8.314120482453257e-23,-9.487881557344729e-22
-3.997,-8.475833911946706e-23,-9.60804650576146e-22
-3.996,-8.640306400453847e-23,-9.729729330467527e-22
-3.995,-8.807581811869365e-23,-9.852949154264906e-22
-3.994,-8.97770467704763e-23,-9.977725340241681e-22
-3.993,-9.150720203635115e-23,-1.0104077494783466e-21
-3.992,-9.326674286044473e-23,-1.0232025470622486e-21
-3.991,-9.505613515572293e-23,-1.0361589369924748e-21
-3.99,-9.687585190662566e-23,-1.0492789547415822e-21
-3.989,-9.872637327317923e-23,-1.0625646613545672e-21
-3.988,-1.0060818669660727e-22,-1.0760181437693058e-21
-3.987,-1.0252178700646157e-22,-1.0896415151409977e-21
-3.986,-1.0446767652929403e-22,-1.1034369151706663e-21
-3.985,-1.0644636519889198e-22,-1.1174065104377621e-21
-3.984,-1.0845837066809837e-22,-1.1315524947369253e-21
-3.983,-1.1050421842223974e-22,-1.1458770894189538e-21
-3.982,-1.1258444189418455e-22,-1.160382543736035e-21
-3.981,-1.146995825810545e-22,-1.1750711351912894e-21
-3.98,-1.1685019016261305e-22,-1.1899451698926824e-21
-3.979,-1.190368226213538e-22,-1.2050069829113587e-21
-3.978,-1.2126004636431357e-22,-1.2202589386444536e-21
-3.977,-1.2352043634663407e-22,-1.2357034311824367e-21
-3.976,-1.25818576196897e-22,-1.2513428846810463e-21
-3.975,-1.2815505834425747e-22,-1.2671797537378695e-21
-3.974,-1.3053048414740135e-22,-1.283216523773628e-21
-3.973,-1.3294546402535208e-22,-1.2994557114182258e-21
-3.972,-1.35400617590153e-22,-1.3158998649016197e-21
-3.971,-1.3789657378145195e-22,-1.332551564449574e-21
-3.97,-1.4043397100301435e-22,-1.3494134226843573e-21
-3.969,-1.430134572611927e-22,-1.3664880850304438e-21
-3.968,-1.4563569030537963e-22,-1.3837782301252836e-21
-3.967,-1.4830133777047221e-22,-1.4012865702352029e-21
-3.966,-1.5101107732137657e-22,-1.419015851676499e-21
-3.965,-1.5376559679958086e-22,-1.4369688552417934e-21
-3.964,-1.5656559437182614e-22,-1.4551483966317113e-21
-3.963,-1.5941177868090446e-22,-1.4735573268919505e-21
-3.962,-1.6230486899861427e-22,-1.4921985328558104e-21
-3.961,-1.6524559538090328e-22,-1.5110749375922445e-21
-3.96,-1.6823469882522995e-22,-1.5301895008595113e-21
-3.959,-1.712729314301744e-22,-1.5495452195644868e-21
-3.958,-1.7436105655733054e-22,-1.5691451282277147e-21
-3.957,-1.774998489955117e-22,-1.5889922994542608e-21
-3.956,-1.8069009512730189e-22,-1.6090898444104494e-21
-3.955,-1.8393259309798611e-22,-1.629440913306549e-21
-3.954,-1.872281529868928e-22,-1.650048695885487e-21
-3.953,-1.9057759698118246e-22,-1.6709164219176631e-21
-3.952,-1.9398175955211693e-22,-1.6920473617019428e-21
-3.951,-1.974414876338439e-22,-1.7134448265729025e-21
-3.95,-2.0095764080473232e-22,-1.7351121694144095e-21
-3.949,-2.0453109147129422e-22,-1.757052785179611e-21
-3.948,-2.0816272505472946e-22,-1.779270111417414e-21
-3.947,-2.118534401801302e-22,-1.8017676288055384e-21
-3.946,-2.156041488683824e-22,-1.8245488616902224e-21
-3.945,-2.194157767308019e-22,-1.8476173786326647e-21
-3.944,-2.2328926316654434e-22,-1.8709767929622853e-21
-3.943,-2.2722556156282673e-22,-1.894630763336894e-21
-3.942,-2.3122563949800074e-22,-1.918582994309848e-21
-3.941,-2.352904789475176e-22,-1.942837236904288e-21
-3.94,-2.3942107649282533e-22,-1.9673972891945408e-21
-3.939,-2.436184435332388e-22,-1.9922669968947776e-21
-3.938,-2.4788360650082515e-22,-2.0174502539550164e-21
-3.937,-2.52217607078346e-22,-2.042951003164563e-21
-3.936,-2.566215024202998e-22,-2.068773236762981e-21
-3.935,-2.61096365377108e-22,-2.0949209970586858e-21
-3.934,-2.6564328472248787e-22,-2.121398377055255e-21
-3.933,-2.7026336538405804e-22,-2.148209521085557e-21
-3.932,-2.7495772867722154e-22,-2.1753586254537857e-21
-3.931,-2.7972751254237126e-22,-2.2028499390855096e-21
-3.93,-2.845738717854663e-22,-2.23068776418583e-21
-3.929,-2.8949797832202415e-22,-2.258876456905747e-21
-3.928,-2.9450102142457846e-22,-2.2874204280168403e-21
-3.927,-2.995842079736495e-22,-2.3163241435943677e-21
-3.926,-3.0474876271227725e-22,-2.3455921257088807e-21
-3.925,-3.099959285041664e-22,-2.3752289531264707e-21
-3.924,-3.1532696659549453e-22,-2.405239262017747e-21
-3.923,-3.207431568804336e-22,-2.435627746675658e-21
-3.922,-3.2624579817043755e-22,-2.4663991602422677e-21
-3.921,-3.318362084673484e-22,-2.4975583154445926e-21
-3.92,-3.3751572524037424e-22,-2.5291100853396188e-21
-3.919,-3.4328570570699257e-22,-2.5610594040686093e-21
-3.918,-3.4914752711783514e-22,-2.593411267620818e-21
-3.917,-3.5510258704560864e-22,-2.626170734606726e-21
-3.916,-3.6115230367810834e-22,-2.6593429270409243e-21
-3.915,-3.672981161153814e-22,-2.6929330311347536e-21
-3.914,-3.735414846710982e-22,-2.7269462980988322e-21
-3.913,-3.7988389117819e-22,-2.761388044955586e-21
-3.912,-3.8632683929881288e-22,-2.7962636553619146e-21
-3.911,-3.928718548386979e-22,-2.8315785804421096e-21
-3.91,-3.995204860659491e-22,-2.8673383396311595e-21
-3.909,-4.062743040343511e-22,-2.9035485215285698e-21
-3.908,-4.1313490291124914e-22,-2.9402147847628245e-21
-3.907,-4.201039003100657e-22,-2.9773428588666257e-21
-3.906,-4.27182937627518e-22,-3.0149385451630455e-21
-3.905,-4.343736803856021e-22,-3.053007717662721e-21
-3.904,-4.4167781857840945e-22,-3.0915563239722365e-21
-3.903,-4.490970670238447e-22,-3.130590386213826e-21
-3.902,-4.566331657203113e-22,-3.17011600195654e-21
-3.901,-4.642878802084351e-22,-3.2101393451590208e-21
-3.9,-4.720630019378958e-22,-3.2506666671240242e-21
-3.899,-4.799603486394385e-22,-3.291704297464839e-21
-3.898,-4.879817647021346e-22,-3.3332586450837547e-21
-3.897,-4.9612912155596885e-22,-3.375336199162716e-21
-3.896,-5.04404318059824e-22,-3.417943530166331e-21
-3.895,-5.12809280894939e-22,-3.4610872908573714e-21
-3.894,-5.213459649639176e-22,-3.504774217324933e-21
-3.893,-5.300163537953627e-22,-3.5490111300254046e-21
-3.892,-5.388224599542179e-22,-3.5938049348364074e-21
-3.891,-5.4776632545789155e-22,-3.639162624123869e-21
-3.89,-5.5685002219824745e-22,-3.685091277822396e-21
-3.889,-5.660756523695418e-22,-3.731598064529094e-21
-3.888,-5.754453489023887e-22,-3.778690242611033e-21
-3.887,-5.849612759038399e-22,-3.8263751613264994e-21
-3.886,-5.946256291036625e-22,-3.8746602619602175e-21
-3.885,-6.044406363068994e-22,-3.923553078972717e-21
-3.884,-6.144085578528036e-22,-3.973061241164016e-21
-3.883,-6.245316870802309e-22,-4.0231924728518025e-21
-3.882,-6.34812350799583e-22,-4.0739545950642864e-21
-3.881,-6.452529097713915e-22,-4.125355526747919e-21
-3.88,-6.558557591916344e-22,-4.177403285990143e-21
-3.879,-6.6662332918388e-22,-4.23010599125739e-21
-3.878,-6.775580852983504e-22,-4.2834718626484766e-21
-3.877,-6.886625290180044e-22,-4.33750922316363e-21
-3.876,-6.999391982717337e-22,-4.3922264999893045e-21
-3.875,-7.113906679547725e-22,-4.447632225799007e-21
-3.874,-7.230195504564217e-22,-4.5037350400703176e-21
-3.873,-7.348284961951865e-22,-4.5605436904183175e-21
-3.872,-7.468201941614334e-22,-4.618067033945612e-21
-3.871,-7.589973724676684e-22,-4.676314038609174e-21
-3.87,-7.7136279890654225e-22,-4.735293784604201e-21
-3.869,-7.839192815166927e-22,-4.7950154657652055e-21
-3.868,-7.966696691565276e-22,-4.8554883909845505e-21
-3.867,-8.09616852086064e-22,-4.916721985648647e-21
-3.866,-8.227637625569304e-22,-4.978725793092033e-21
-3.865,-8.36113375410649e-22,-5.0415094760695536e-21
-3.864,-8.496687086853097e-22,-5.105082818246869e-21
-3.863,-8.63432824230754e-22,-5.169455725709526e-21
-3.862,-8.774088283323864e-22,-5.234638228490801e-21
-3.861,-8.915998723437305e-22,-5.300640482118576e-21
-3.86,-9.060091533278558e-22,-5.367472769181462e-21
-3.859,-9.206399147077922e-22,-5.43514550091442e-21
-3.858,-9.354954469260605e-22,-5.503669218804119e-21
-3.857,-9.505790881134445e-22,-5.573054596214272e-21
-3.856,-9.658942247671304e-22,-5.6433124400312066e-21
-3.855,-9.81444292438347e-22,-5.7144536923299126e-21
-3.854,-9.972327764296334e-22,-5.7864894320608276e-21
-3.853,-1.0132632125018715e-21,-5.8594308767576105e-21
-3.852,-1.0295391875912161e-21,-5.933289384266175e-21
-3.851,-1.04606434053606e-21,-6.008076454495232e-21
-3.85,-1.062842362814173e-21,-6.083803731188625e-21
-3.849,-1.079876999290155e-21,-6.1604830037197096e-21
-3.848,-1.0971720489733467e-21,-6.238126208908069e-21
-3.847,-1.114731365786341e-21,-6.316745432858835e-21
-3.846,-1.1325588593442431e-21,-6.3963529128248845e-21
-3.845,-1.1506584957448268e-21,-6.47696103909222e-21
-3.844,-1.1690342983697373e-21,-6.5585823568888e-21
-3.843,-1.1876903486968947e-21,-6.6412295683171114e-21
-3.842,-1.2066307871242509e-21,-6.7249155343108035e-21
-3.841,-1.2258598138050579e-21,-6.809653276615643e-21
-3.84,-1.2453816894948057e-21,-6.895455979795125e-21
-3.839,-1.265200736409992e-21,-6.982336993261034e-21
-3.838,-1.2853213390988856e-21,-7.070309833329252e-21
-3.837,-1.3057479453244507e-21,-7.159388185301152e-21
-3.836,-1.326485066959597e-21,-7.249585905570879e-21
-3.835,-1.34753728089493e-21,-7.340917023758834e-21
-3.834,-1.3689092299591698e-21,-7.433395744871699e-21
-3.833,-1.3906056238524158e-21,-7.527036451489332e-21
-3.832,-1.412631240092433e-21,-7.621853705978853e-21
-3.831,-1.43499092497414e-21,-7.717862252736265e-21
-3.83,-1.457689594542482e-21,-7.815077020455968e-21
-3.829,-1.4807322355788696e-21,-7.91351312442847e-21
-3.828,-1.5041239066013752e-21,-8.013185868866697e-21
-3.827,-1.5278697388788737e-21,-8.114110749261216e-21
-3.826,-1.5519749374593188e-21,-8.216303454764751e-21
-3.825,-1.5764447822123532e-21,-8.319779870606341e-21
-3.824,-1.6012846288864464e-21,-8.424556080535531e-21
-3.823,-1.626499910180763e-21,-8.530648369296932e-21
-3.822,-1.6520961368319624e-21,-8.638073225135571e-21
-3.821,-1.6780788987161375e-21,-8.74684734233337e-21
-3.82,-1.7044538659660983e-21,-8.856987623777167e-21
-3.819,-1.7312267901042143e-21,-8.968511183558665e-21
-3.818,-1.7584035051910283e-21,-9.081435349606707e-21
-3.817,-1.7859899289898598e-21,-9.195777666352254e-21
-3.816,-1.8139920641476144e-21,-9.311555897426516e-21
-3.815,-1.8424159993920298e-21,-9.428788028392606e-21
-3.814,-1.8712679107455765e-21,-9.547492269511152e-21
-3.813,-1.900554062756246e-21,-9.667687058540287e-21
-3.812,-1.9302808097454594e-21,-9.78939106357044e-21
-3.811,-1.960454597073332e-21,-9.912623185894366e-21
-3.81,-1.9910819624215277e-21,-1.003740256291283e-20
-3.809,-2.0221695370939532e-21,-1.0163748571076418e-20
-3.808,-2.0537240473355302e-21,-1.0291680828863912e-20
-3.807,-2.0857523156692975e-21,-1.0421219199797664e-20
-3.806,-2.118261262252096e-21,-1.0552383795496447e-20
-3.805,-2.1512579062490852e-21,-1.068519497876625e-20
-3.804,-2.184749367227363e-21,-1.081967336672947e-20
-3.803,-2.218742866568935e-21,-1.0955839833992995e-20
-3.802,-2.253245728903312e-21,-1.1093715515855646e-20
-3.801,-2.288265383560002e-21,-1.1233321811555478e-20
-3.8,-2.323809366041162e-21,-1.1374680387557416e-20
-3.799,-2.359885319514702e-21,-1.1517813180881755e-20
-3.798,-2.3965009963281053e-21,-1.1662742402473996e-20
-3.797,-2.433664259543262e-21,-1.180949054061656e-20
-3.796,-2.4713830844925965e-21,-1.1958080364382875e-20
-3.795,-2.5096655603567875e-21,-1.2108534927134389e-20
-3.794,-2.548519891764369e-21,-1.2260877570060998e-20
-3.793,-2.587954400413521e-21,-1.2415131925765485e-20
-3.792,-2.627977526716349e-21,-1.2571321921892456e-20
-3.791,-2.6685978314659617e-21,-1.272947178480237e-20
-3.79,-2.70982399752666e-21,-1.2889606043291191e-20
-3.789,-2.751664831547556e-21,-1.3051749532356252e-20
-3.788,-2.794129265699939e-21,-1.3215927397008877e-20
-3.787,-2.8372263594387195e-21,-1.338216509613437e-20
-3.786,-2.880965301288278e-21,-1.355048840639993e-20
-3.785,-2.9253554106530502e-21,-1.3720923426211108e-20
-3.784,-2.9704061396531978e-21,-1.3893496579717382e-20
-3.783,-3.0161270749856954e-21,-1.40682346208675e-20
-3.782,-3.0625279398111922e-21,-1.4245164637515147e-20
-3.781,-3.1096185956669984e-21,-1.4424314055575625e-20
-3.78,-3.15740904440655e-21,-1.4605710643234132e-20
-3.779,-3.2059094301657232e-21,-1.478938251520629e-20
-3.778,-3.255130041356356e-21,-1.4975358137051587e-20
-3.777,-3.3050813126873605e-21,-1.5163666329540348e-20
-3.776,-3.3557738272137933e-21,-1.535433627307496e-20
-3.775,-3.407218318414276e-21,-1.5547397512165952e-20
-3.774,-3.4594256722971426e-21,-1.5742879959963678e-20
-3.773,-3.512406929535726e-21,-1.5940813902846214e-20
-3.772,-3.566173287633154e-21,-1.614123000506426e-20
-3.771,-3.6207361031170915e-21,-1.6344159313443655e-20
-3.77,-3.67610689376481e-21,-1.6549633262146305e-20
-3.769,-3.732297340859017e-21,-1.6757683677490175e-20
-3.768,-3.789319291474859e-21,-1.6968342782829122e-20
-3.767,-3.847184760798527e-21,-1.7181643203493312e-20
-3.766,-3.905905934477895e-21,-1.7397617971790913e-20
-3.765,-3.965495171005631e-21,-1.761630053207192e-20
-3.764,-4.0259650041352215e-21,-1.783772474585478e-20
-3.763,-4.0873281453303654e-21,-1.8061924897016675e-20
-3.762,-4.149597486248187e-21,-1.828893569704819e-20
-3.761,-4.212786101256735e-21,-1.8518792290373194e-20
-3.76,-4.276907249987231e-21,-1.8751530259734774e-20
-3.759,-4.341974379921552e-21,-1.8987185631647938e-20
-3.758,-4.408001129015415e-21,-1.922579488192004e-20
-3.757,-4.475001328357762e-21,-1.9467394941239666e-20
-3.756,-4.542989004866837e-21,-1.971202320083488e-20
-3.755,-4.611978384023453e-21,-1.9959717518201663e-20
-3.754,-4.681983892641964e-21,-2.0210516222903443e-20
-3.753,-4.753020161679444e-21,-2.0464458122442567e-20
-3.752,-4.82510202908361e-21,-2.0721582508204613e-20
-3.751,-4.8982445426800134e-21,-2.0981929161476448e-20
-3.75,-4.972462963099022e-21,-2.1245538359538953e-20
-3.749,-5.047772766743159e-21,-2.1512450881835314e-20
-3.748,-5.1241896487953334e-21,-2.1782708016215842e-20
-3.747,-5.201729526268521e-21,-2.2056351565260248e-20
-3.746,-5.2804085410974695e-21,-2.2333423852678343e-20
-3.745,-5.360243063272996e-21,-2.2613967729790128e-20
-3.744,-5.441249694019454e-21,-2.2898026582086258e-20
-3.743,-5.523445269015973e-21,-2.3185644335869874e-20
-3.742,-5.606846861662042e-21,-2.3476865464980818e-20
-3.741,-5.691471786388076e-21,-2.3771734997603224e-20
-3.74,-5.777337602011542e-21,-2.4070298523157557e-20
-3.739,-5.864462115139301e-21,-2.4372602199278105e-20
-3.738,-5.9528633836167655e-21,-2.4678692758877e-20
-3.737,-6.04255972002453e-21,-2.4988617517295866e-20
-3.736,-6.133569695223116e-21,-2.5302424379546085e-20
-3.735,-6.2259121419464866e-21,-2.562016184763891e-20
-3.734,-6.319606158444993e-21,-2.5941879028006436e-20
-3.733,-6.41467111217843e-21,-2.6267625639014568e-20
-3.732,-6.511126643559885e-21,-2.6597452018569165e-20
-3.731,-6.608992669751061e-21,-2.693140913181649e-20
-3.73,-6.708289388509795e-21,-2.72695485789391e-20
-3.729,-6.809037282090464e-21,-2.7611922603048417e-20
-3.728,-6.911257121198e-21,-2.795858409817512e-20
-3.727,-7.014969968996257e-21,-2.830958661735862e-20
-3.726,-7.12019718517147e-21,-2.866498438083677e-20
-3.725,-7.226960430051522e-21,-2.902483228433717e-20
-3.724,-7.335281668781834e-21,-2.9389185907471136e-20
-3.723,-7.445183175558604e-21,-2.9758101522231844e-20
-3.722,-7.556687537920191e-21,-3.0131636101597695e-20
-3.721,-7.669817661097439e-21,-3.0509847328242394e-20
-3.72,-7.78459677242374e-21,-3.089279360335291e-20
-3.719,-7.90104842580564e-21,-3.128053405555682e-20
-3.718,-8.019196506254832e-21,-3.1673128549960185e-20
-3.717,-8.139065234482342e-21,-3.20706376972975e-20
-3.716,-8.260679171555782e-21,-3.247312286319505e-20
-3.715,-8.384063223620513e-21,-3.2880646177548967e-20
-3.714,-8.509242646685581e-21,-3.329327054401961e-20
-3.713,-8.636243051475328e-21,-3.371105964964352e-20
-3.712,-8.765090408347547e-21,-3.413407797456452e-20
-3.711,-8.8958110522791e-21,-3.456239080188535e-20
-3.71,-9.028431687919912e-21,-3.499606422764139e-20
-3.709,-9.16297939471627e-21,-3.543516517089798e-20
-3.708,-9.299481632104367e-21,-3.587976138397279e-20
-3.707,-9.43796624477505e-21,-3.632992146278486e-20
-3.706,-9.578461468010727e-21,-3.6785714857331903e-20
-3.705,-9.720995933095443e-21,-3.7247211882297276e-20
-3.704,-9.865598672799073e-21,-3.771448372778852e-20
-3.703,-1.0012299126936681e-20,-3.818760247020878e-20
-3.702,-1.0161127148004038e-20,-3.866664108326296e-20
-3.701,-1.0312113006890357e-20,-3.9151673449100234e-20
-3.7,-1.0465287398669264e-20,-3.9642774369594493e-20
-3.699,-1.0620681448469087e-20,-4.0140019577764597e-20
-3.698,-1.0778326717423545e-20,-4.0643485749336035e-20
-3.697,-1.0938255208703906e-20,-4.115325051444577e-20
-3.696,-1.1100499373633743e-20,-4.16693924694921e-20
-3.695,-1.1265092117887379e-20,-4.219199118913118e-20
-3.694,-1.1432066807773202e-20,-4.272112723842225e-20
-3.693,-1.160145727660295e-20,-4.325688218512314e-20
-3.692,-1.1773297831148177e-20,-4.37993386121381e-20
-3.691,-1.1947623258185038e-20,-4.434858013011978e-20
-3.69,-1.2124468831128639e-20,-4.490469139022721e-20
-3.689,-1.2303870316758129e-20,-4.546775809704181e-20
-3.688,-1.2485863982033781e-20,-4.6037867021643296e-20
-3.687,-1.2670486601007303e-20,-4.661510601484748e-20
-3.686,-1.2857775461826646e-20,-4.7199564020608e-20
-3.685,-1.3047768373836601e-20,-4.7791331089583946e-20
-3.684,-1.3240503674776451e-20,-4.839049839287548e-20
-3.683,-1.3436020238076029e-20,-4.899715823592949e-20
-3.682,-1.3634357480251496e-20,-4.9611404072617424e-20
-3.681,-1.3835555368402202e-20,-5.023333051948735e-20
-3.68,-1.4039654427809968e-20,-5.0863033370192476e-20
-3.679,-1.4246695749642238e-20,-5.1500609610098284e-20
-3.678,-1.4456720998760435e-20,-5.2146157431070444e-20
-3.677,-1.4669772421635e-20,-5.27997762464458e-20
-3.676,-1.4885892854368535e-20,-5.3461566706188634e-20
-3.675,-1.5105125730828526e-20,-5.413163071223455e-20
-3.674,-1.5327515090891105e-20,-5.481007143402423e-20
-3.673,-1.5553105588797393e-20,-5.54969933242295e-20
-3.672,-1.5781942501623905e-20,-5.619250213467393e-20
-3.671,-1.6014071737868603e-20,-5.68967049324506e-20
-3.67,-1.6249539846154127e-20,-5.760971011623915e-20
-3.669,-1.648839402404981e-20,-5.833162743282491e-20
-3.668,-1.673068212701408e-20,-5.906256799382238e-20
-3.667,-1.6976452677458877e-20,-5.980264429260563e-20
-3.666,-1.7225754873937716e-20,-6.055197022144824e-20
-3.665,-1.747863860045913e-20,-6.131066108887528e-20
-3.664,-1.77351544359271e-20,-6.207883363723001e-20
-3.663,-1.7995353663710272e-20,-6.285660606045793e-20
-3.662,-1.825928828134164e-20,-6.364409802211085e-20
-3.661,-1.8527011010350494e-20,-6.444143067357368e-20
-3.66,-1.8798575306228443e-20,-6.524872667251677e-20
-3.659,-1.9074035368531234e-20,-6.606611020157647e-20
-3.658,-1.9353446151118327e-20,-6.689370698726685e-20
-3.657,-1.9636863372531977e-20,-6.773164431912532e-20
-3.656,-1.99243435265178e-20,-6.858005106909501e-20
-3.655,-2.021594389268865e-20,-6.94390577111471e-20
-3.654,-2.0511722547333803e-20,-7.03087963411457e-20
-3.653,-2.0811738374375424e-20,-7.118940069695845e-20
-3.652,-2.111605107647421e-20,-7.208100617881598e-20
-3.651,-2.142472118628635e-20,-7.2983749869923e-20
-3.65,-2.1737810077873766e-20,-7.389777055732448e-20
-3.649,-2.2055379978269707e-20,-7.482320875302978e-20
-3.648,-2.237749397920185e-20,-7.576020671539804e-20
-3.647,-2.2704216048974954e-20,-7.670890847078811e-20
-3.646,-2.3035611044515315e-20,-7.766945983547612e-20
-3.645,-2.33717447235791e-20,-7.864200843784409e-20
-3.644,-2.3712683757126877e-20,-7.962670374084298e-20
-3.643,-2.4058495741866512e-20,-8.062369706473352e-20
-3.642,-2.4409249212966726e-20,-8.163314161010803e-20
-3.641,-2.4765013656943624e-20,-8.265519248119717e-20
-3.64,-2.512585952472254e-20,-8.369000670946466e-20
-3.639,-2.549185824487752e-20,-8.473774327749381e-20
-3.638,-2.5863082237050886e-20,-8.579856314316931e-20
-3.637,-2.6239604925555286e-20,-8.687262926415804e-20
-3.636,-2.66215007531607e-20,-8.79601066226925e-20
-3.635,-2.7008845195068884e-20,-8.906116225066059e-20
-3.634,-2.740171477307782e-20,-9.017596525500563e-20
-3.633,-2.780018706993866e-20,-9.130468684344027e-20
-3.632,-2.8204340743907836e-20,-9.244750035047829e-20
-3.631,-2.8614255543496934e-20,-9.360458126378823e-20
-3.63,-2.9030012322422976e-20,-9.477610725087265e-20
-3.629,-2.9451693054761865e-20,-9.596225818607725e-20
-3.628,-2.9879380850307673e-20,-9.716321617793376e-20
-3.627,-3.031315997014061e-20,-9.83791655968408e-20
-3.626,-3.07531158424064e-20,-9.961029310308679e-20
-3.625,-3.119933507831002e-20,-1.0085678767521929e-19
-3.624,-3.16519054883266e-20,-1.0211884063876483e-19
-3.623,-3.2110916098632437e-20,-1.0339664569530365e-19
-3.622,-3.257645716775912e-20,-1.046903989519039e-19
-3.621,-3.3048620203473754e-20,-1.0600029895091931e-19
-3.62,-3.352749797988824e-20,-1.0732654670015527e-19
-3.619,-3.401318455480093e-20,-1.0866934570340754e-19
-3.618,-3.4505775287273456e-20,-1.1002890199137835e-19
-3.617,-3.500536685544619e-20,-1.1140542415297445e-19
-3.616,-3.551205727459544e-20,-1.127991233669919e-19
-3.615,-3.6025945915435535e-20,-1.142102134341923e-19
-3.614,-3.654713352266929e-20,-1.1563891080977532e-19
-3.613,-3.7075722233790056e-20,-1.1708543463625228e-19
-3.612,-3.761181559813876e-20,-1.1855000677672616e-19
-3.611,-3.815551859621942e-20,-1.2003285184858228e-19
-3.61,-3.870693765927658e-20,-1.2153419725759566e-19
-3.609,-3.926618068913814e-20,-1.2305427323245928e-19
-3.608,-3.9833357078327293e-20,-1.24593312859739e-19
-3.607,-4.0408577730447e-20,-1.2615155211926045e-19
-3.606,-4.099195508084081e-20,-1.2772922991993258e-19
-3.605,-4.158360311753372e-20,-1.2932658813601407e-19
-3.604,-4.218363740245678e-20,-1.309438716438274e-19
-3.603,-4.2792175092959313e-20,-1.3258132835892654e-19
-3.602,-4.340933496361262e-20,-1.3423920927372353e-19
-3.601,-4.4035237428309026e-20,-1.3591776849557986e-19
-3.6,-4.467000456266035e-20,-1.376172632853681e-19
-3.599,-4.5313760126699684e-20,-1.3933795409650988e-19
-3.598,-4.5966629587890694e-20,-1.4108010461449592e-19
-3.597,-4.6628740144448476e-20,-1.4284398179689396e-19
-3.596,-4.730022074897622e-20,-1.4462985591385082e-19
-3.595,-4.7981202132421854e-20,-1.4643800058909448e-19
-3.594,-4.867181682835906e-20,-1.482686928414425e-19
-3.593,-4.937219919759696e-20,-1.501222131268229e-19
-3.592,-5.008248545312286e-20,-1.519988453808138e-19
-3.591,-5.080281368538263e-20,-1.538988770617084e-19
-3.59,-5.1533323887903125e-20,-1.5582259919411148e-19
-3.589,-5.2274157983261374e-20,-1.5777030641307418e-19
-3.588,-5.302545984940505e-20,-1.597422970087737e-19
-3.587,-5.378737534632909e-20,-1.6173887297174438e-19
-3.586,-5.456005234311313e-20,-1.6376034003866732e-19
-3.585,-5.534364074532463e-20,-1.658070077387251e-19
-3.584,-5.613829252279267e-20,-1.6787918944052877e-19
-3.583,-5.694416173775723e-20,-1.6997720239962388e-19
-3.582,-5.776140457339922e-20,-1.7210136780658323e-19
-3.581,-5.859017936275618e-20,-1.7425201083569283e-19
-3.58,-5.943064661802884e-20,-1.7642946069423897e-19
-3.579,-6.028296906028395e-20,-1.7863405067240357e-19
-3.578,-6.114731164955856e-20,-1.8086611819377514e-19
-3.577,-6.202384161537105e-20,-1.8312600486648334e-19
-3.576,-6.291272848764461e-20,-1.8541405653496438e-19
-3.575,-6.381414412804857e-20,-1.8773062333236537e-19
-3.574,-6.472826276176305e-20,-1.900760597335952e-19
-3.573,-6.565526100967285e-20,-1.9245072460903018e-19
-3.572,-6.659531792099631e-20,-1.9485498127888223e-19
-3.571,-6.754861500635466e-20,-1.9728919756823815e-19
-3.57,-6.851533627128824e-20,-1.9975374586277758e-19
-3.569,-6.949566825022517e-20,-2.0224900316517894e-19
-3.568,-7.04898000409088e-20,-2.0477535115222085e-19
-3.567,-7.149792333929003e-20,-2.0733317623258827e-19
-3.566,-7.25202324748905e-20,-2.0992286960539176e-19
-3.565,-7.355692444664344e-20,-2.1254482731940866e-19
-3.564,-7.460819895921806e-20,-2.151994503330551e-19
-3.563,-7.567425845983436e-20,-2.178871445750978e-19
-3.562,-7.675530817557471e-20,-2.2060832100611467e-19
-3.561,-7.785155615119885e-20,-2.233633956807141e-19
-3.56,-7.896321328746928e-20,-2.261527898105209e-19
-3.559,-8.009049337999359e-20,-2.2897692982793956e-19
-3.558,-8.123361315859082e-20,-2.3183624745070437e-19
-3.557,-8.239279232718886e-20,-2.347311797472248e-19
-3.556,-8.356825360425994e-20,-2.3766216920273763e-19
-3.555,-8.476022276380147e-20,-2.4062966378627453e-19
-3.554,-8.596892867686949e-20,-2.436341170184556e-19
-3.553,-8.719460335367222e-20,-2.4667598804011903e-19
-3.552,-8.843748198623105e-20,-2.4975574168179715e-19
-3.551,-8.96978029916167e-20,-2.5287384853404906e-19
-3.55,-9.097580805576824e-20,-2.5603078501866055e-19
-3.549,-9.227174217790268e-20,-2.5922703346072253e-19
-3.548,-9.358585371552311e-20,-2.6246308216159725e-19
-3.547,-9.491839443003345e-20,-2.6573942547278514e-19
-3.546,-9.626961953296773e-20,-2.6905656387070196e-19
-3.545,-9.763978773284238e-20,-2.7241500403237796e-19
-3.544,-9.902916128263961e-20,-2.758152589120904e-19
-3.543,-1.0043800602793063e-19,-2.792578478189408e-19
-3.542,-1.0186659145564693e-19,-2.8274329649538892e-19
-3.541,-1.0331519074350848e-19,-2.8627213719675434e-19
-3.54,-1.0478408081011767e-19,-2.898449087716986e-19
-3.539,-1.0627354236572779e-19,-2.9346215674369924e-19
-3.538,-1.0778385996369506e-19,-2.9712443339352837e-19
-3.537,-1.0931532205262353e-19,-3.0083229784274765e-19
-3.536,-1.1086822102921183e-19,-3.045863161382328e-19
-3.535,-1.1244285329181136e-19,-3.083870613377395e-19
-3.534,-1.1403951929470553e-19,-3.122351135965246e-19
-3.533,-1.1565852360311922e-19,-3.1613106025503417e-19
-3.532,-1.1730017494896885e-19,-3.2007549592767304e-19
-3.531,-1.1896478628736244e-19,-3.2406902259266793e-19
-3.53,-1.2065267485386e-19,-3.281122496830382e-19
-3.529,-1.2236416222250423e-19,-3.3220579417868776e-19
-3.528,-1.2409957436463194e-19,-3.3635028069963167e-19
-3.527,-1.2585924170847648e-19,-3.405463416003721e-19
-3.526,-1.2764349919957205e-19,-3.4479461706543644e-19
-3.525,-1.294526863619701e-19,-3.4909575520609365e-19
-3.524,-1.312871473602791e-19,-3.5345041215826146e-19
-3.523,-1.3314723106253867e-19,-3.578592521816205e-19
-3.522,-1.3503329110393888e-19,-3.623229477599496e-19
-3.521,-1.3694568595139624e-19,-3.6684217970269713e-19
-3.52,-1.3888477896899781e-19,-3.7141763724780392e-19
-3.519,-1.4085093848432513e-19,-3.760500181657928e-19
-3.518,-1.4284453785566923e-19,-3.807400288651409e-19
-3.517,-1.4486595554014943e-19,-3.854883844989498e-19
-3.516,-1.469155751627471e-19,-3.902958090729297e-19
-3.515,-1.489937855862674e-19,-3.951630355547141e-19
-3.514,-1.5110098098224065e-19,-4.0009080598452103e-19
-3.513,-1.5323756090277655e-19,-4.0507987158717714e-19
-3.512,-1.5540393035338342e-19,-4.101309928855222e-19
-3.511,-1.576004998667657e-19,-4.1524493981520996e-19
-3.51,-1.5982768557761258e-19,-4.204224918409233e-19
-3.509,-1.6208590929839096e-19,-4.2566443807402073e-19
-3.508,-1.6437559859615631e-19,-4.3097157739163187e-19
-3.507,-1.6669718687039491e-19,-4.363447185572198e-19
-3.506,-1.690511134319111e-19,-4.41784680342628e-19
-3.505,-1.714378235827737e-19,-4.472922916516306e-19
-3.504,-1.738577686973356e-19,-4.5286839164500405e-19
-3.503,-1.763114063043409e-19,-4.58513829867139e-19
-3.502,-1.787992001701339e-19,-4.642294663742116e-19
-3.501,-1.8132162038298503e-19,-4.700161718639321e-19
-3.5,-1.8387914343854812e-19,-4.758748278068928e-19
-3.499,-1.864722523264645e-19,-4.818063265795318e-19
-3.498,-1.8910143661812907e-19,-4.878115715987347e-19
-3.497,-1.9176719255563358e-19,-4.938914774580937e-19
-3.496,-1.9447002314190352e-19,-5.000469700658436e-19
-3.495,-1.9721043823204343e-19,-5.062789867844967e-19
-3.494,-1.9998895462590787e-19,-5.12588476572197e-19
-3.493,-2.0280609616191367e-19,-5.189764001258139e-19
-3.492,-2.056623938121101e-19,-5.25443730025798e-19
-3.491,-2.0855838577852403e-19,-5.319914508828203e-19
-3.49,-2.114946175907966e-19,-5.386205594862163e-19
-3.489,-2.1447164220512908e-19,-5.453320649542568e-19
-3.488,-2.1749002010455506e-19,-5.521269888862701e-19
-3.487,-2.2055031940055653e-19,-5.590063655166349e-19
-3.486,-2.236531159360422e-19,-5.659712418706699e-19
-3.485,-2.2679899338970574e-19,-5.730226779224413e-19
-3.484,-2.299885433817826e-19,-5.801617467545137e-19
-3.483,-2.3322236558122376e-19,-5.873895347196655e-19
-3.482,-2.3650106781430566e-19,-5.947071416045963e-19
-3.481,-2.3982526617469506e-19,-6.021156807956487e-19
-3.48,-2.431955851349884e-19,-6.096162794465681e-19
-3.479,-2.466126576597452e-19,-6.172100786483288e-19
-3.478,-2.5007712532003555e-19,-6.248982336010495e-19
-3.477,-2.535896384095215e-19,-6.326819137880237e-19
-3.476,-2.57150856062093e-19,-6.405623031518924e-19
-3.475,-2.6076144637107935e-19,-6.485406002729841e-19
-3.474,-2.6442208651005644e-19,-6.566180185498494e-19
-3.473,-2.6813346285527153e-19,-6.647957863820167e-19
-3.472,-2.7189627110970696e-19,-6.730751473549971e-19
-3.471,-2.7571121642880473e-19,-6.81457360427565e-19
-3.47,-2.7957901354787353e-19,-6.899437001213429e-19
-3.469,-2.8350038691120117e-19,-6.985354567127188e-19
-3.468,-2.874760708028951e-19,-7.072339364271248e-19
-3.467,-2.915068094794734e-19,-7.16040461635705e-19
-3.466,-2.955933573042299e-19,-7.249563710544045e-19
-3.465,-2.997364788833975e-19,-7.339830199455052e-19
-3.464,-3.0393694920413247e-19,-7.431217803216424e-19
-3.463,-3.081955537743452e-19,-7.523740411523306e-19
-3.462,-3.1251308876440065e-19,-7.617412085730294e-19
-3.461,-3.1689036115071476e-19,-7.71224706096781e-19
-3.46,-3.2132818886127058e-19,-7.808259748284509e-19
-3.459,-3.2582740092308104e-19,-7.90546473681604e-19
-3.458,-3.303888376116229e-19,-8.00387679598047e-19
-3.457,-3.350133506022691e-19,-8.103510877700726e-19
-3.456,-3.397018031237457e-19,-8.204382118654353e-19
-3.455,-3.444550701136398e-19,-8.306505842550944e-19
-3.454,-3.4927403837598683e-19,-8.409897562437591e-19
-3.453,-3.5415960674096365e-19,-8.514572983032665e-19
-3.452,-3.591126862267163e-19,-8.620548003088313e-19
-3.451,-3.641342002033501e-19,-8.727838717781993e-19
-3.45,-3.692250845591115e-19,-8.836461421137429e-19
-3.449,-3.7438628786878986e-19,-8.94643260847532e-19
-3.448,-3.796187715643699e-19,-9.057768978894195e-19
-3.447,-3.849235101079634e-19,-9.170487437781763e-19
-3.446,-3.903014911670513e-19,-9.284605099357144e-19
-3.445,-3.9575371579206657e-19,-9.400139289244353e-19
-3.444,-4.012811985963488e-19,-9.517107547077428e-19
-3.443,-4.0688496793850234e-19,-9.63552762913758e-19
-3.442,-4.1256606610718954e-19,-9.755417511022765e-19
-3.441,-4.1832554950839156e-19,-9.87679539035008e-19
-3.44,-4.2416448885516964e-19,-9.999679689491368e-19
-3.439,-4.3008396935995974e-19,-1.0124089058342465e-18
-3.438,-4.360850909294342e-19,-1.0250042377126469e-18
-3.437,-4.421689683619649e-19,-1.037755875923149e-18
-3.436,-4.48336731547722e-19,-1.050665755408326e-18
-3.435,-4.545895256714429e-19,-1.063735835005306e-18
-3.434,-4.609285114179082e-19,-1.0769680977401394e-18
-3.433,-4.673548651801584e-19,-1.0903645511257827e-18
-3.432,-4.738697792704906e-19,-1.1039272274637467e-18
-3.431,-4.804744621342685e-19,-1.1176581841494496e-18
-3.43,-4.87170138566587e-19,-1.1315595039813249e-18
-3.429,-4.939580499318249e-19,-1.1456332954737265e-18
-3.428,-5.008394543861286e-19,-1.1598816931736803e-18
-3.427,-5.078156271028615e-19,-1.174306857981527e-18
-3.426,-5.148878605010612e-19,-1.1889109774755064e-18
-3.425,-5.220574644769437e-19,-1.2036962662403283e-18
-3.424,-5.293257666384934e-19,-1.2186649661997835e-18
-3.423,-5.36694112543183e-19,-1.2338193469534388e-18
-3.422,-5.441638659388614e-19,-1.2491617061174708e-18
-3.421,-5.517364090078533e-19,-1.2646943696696868e-18
-3.42,-5.594131426143144e-19,-1.280419692298785e-18
-3.419,-5.671954865548815e-19,-1.2963400577579052e-18
-3.418,-5.750848798126653e-19,-1.312457879222523e-18
-3.417,-5.830827808146276e-19,-1.3287755996527422e-18
-3.416,-5.911906676923884e-19,-1.3452956921600365e-18
-3.415,-5.994100385465091e-19,-1.3620206603784964e-18
-3.414,-6.077424117142962e-19,-1.3789530388406378e-18
-3.413,-6.161893260411744e-19,-1.3960953933578263e-18
-3.412,-6.247523411556738e-19,-1.4134503214053742e-18
-3.411,-6.334330377480815e-19,-1.4310204525123682e-18
-3.41,-6.422330178528041e-19,-1.4488084486562858e-18
-3.409,-6.511539051344918e-19,-1.4668170046624574e-18
-3.408,-6.60197345177973e-19,-1.4850488486084352e-18
-3.407,-6.693650057820499e-19,-1.5035067422333298e-18
-3.406,-6.786585772572068e-19,-1.5221934813521717e-18
-3.405,-6.880797727272825e-19,-1.5411118962753647e-18
-3.404,-6.976303284351591e-19,-1.5602648522332866e-18
-3.403,-7.073120040525202e-19,-1.5796552498061094e-18
-3.402,-7.171265829937341e-19,-1.5992860253588927e-18
-3.401,-7.270758727339135e-19,-1.6191601514820236e-18
-3.4,-7.371617051312097e-19,-1.6392806374370638e-18
-3.399,-7.473859367533964e-19,-1.6596505296080708e-18
-3.398,-7.577504492087993e-19,-1.6802729119584623e-18
-3.397,-7.682571494816296e-19,-1.7011509064934888e-18
-3.396,-7.7890797027178025e-19,-1.7222876737283857e-18
-3.395,-7.89704870339142e-19,-1.7436864131622727e-18
-3.394,-8.006498348525019e-19,-1.7653503637578724e-18
-3.393,-8.117448757430815e-19,-1.787282804427117e-18
-3.392,-8.229920320627801e-19,-1.809487054522719e-18
-3.391,-8.343933703471809e-19,-1.8319664743357745e-18
-3.39,-8.459509849833872e-19,-1.854724465599478e-18
-3.389,-8.576669985827489e-19,-1.8777644719990168e-18
-3.388,-8.695435623585467e-19,-1.901089979687729e-18
-3.387,-8.815828565086985e-19,-1.9247045178095953e-18
-3.386,-8.937870906035537e-19,-1.948611659028144e-18
-3.385,-9.061585039788435e-19,-1.97281502006185e-18
-3.384,-9.18699366133856e-19,-1.997318262226103e-18
-3.383,-9.314119771349037e-19,-2.022125091981832e-18
-3.382,-9.442986680241542e-19,-2.0472392614908567e-18
-3.381,-9.573618012338944e-19,-2.0726645691780637e-18
-3.38,-9.70603771006301e-19,-2.0984048603004734e-18
-3.379,-9.8402700381879e-19,-2.124464027523299e-18
-3.378,-9.976339588150162e-19,-2.1508460115030684e-18
-3.377,-1.011427128241603e-18,-2.1775548014779076e-18
-3.376,-1.025409037890671e-18,-2.204594435865064e-18
-3.375,-1.0395822475482494e-18,-2.2319690028657644e-18
-3.374,-1.0539493514486416e-18,-2.2596826410774954e-18
-3.373,-1.0685129787348275e-18,-2.2877395401137956e-18
-3.372,-1.083275793924981e-18,-2.3161439412316537e-18
-3.371,-1.0982404973851837e-18,-2.344900137966605e-18
-3.37,-1.1134098258084162e-18,-2.374012476775621e-18
-3.369,-1.1287865526999107e-18,-2.403485357687885e-18
-3.368,-1.1443734888689476e-18,-2.4333232349635552e-18
-3.367,-1.1601734829271827e-18,-2.4635306177606076e-18
-3.366,-1.1761894217935904e-18,-2.494112070809861e-18
-3.365,-1.1924242312061106e-18,-2.5250722150982827e-18
-3.364,-1.2088808762400861e-18,-2.5564157285606805e-18
-3.363,-1.2255623618335846e-18,-2.5881473467798727e-18
-3.362,-1.2424717333196899e-18,-2.6202718636954567e-18
-3.361,-1.2596120769658597e-18,-2.652794132321263e-18
-3.36,-1.276986520520441e-18,-2.6857190654716178e-18
-3.359,-1.2945982337664366e-18,-2.719051636496508e-18
-3.358,-1.3124504290826201e-18,-2.752796880025767e-18
-3.357,-1.3305463620120967e-18,-2.7869598927223893e-18
-3.356,-1.3488893318384056e-18,-2.8215458340450817e-18
-3.355,-1.367482682169266e-18,-2.8565599270201686e-18
-3.354,-1.3863298015280665e-18,-2.892007459022967e-18
-3.353,-1.405434123953199e-18,-2.927893782568739e-18
-3.352,-1.4247991296053441e-18,-2.9642243161133525e-18
-3.351,-1.4444283453828076e-18,-3.001004544863752e-18
-3.35,-1.4643253455450198e-18,-3.038240021598377e-18
-3.349,-1.4844937523443001e-18,-3.075936367497635e-18
-3.348,-1.5049372366660015e-18,-3.1140992729845624e-18
-3.347,-1.5256595186771388e-18,-3.1527344985757917e-18
-3.346,-1.5466643684836196e-18,-3.1918478757429558e-18
-3.345,-1.5679556067961852e-18,-3.2314453077846517e-18
-3.344,-1.5895371056051805e-18,-3.271532770709099e-18
-3.343,-1.6114127888642672e-18,-3.3121163141276185e-18
-3.342,-1.6335866331831992e-18,-3.3532020621590667e-18
-3.341,-1.6560626685297782e-18,-3.3947962143453596e-18
-3.34,-1.6788449789411134e-18,-3.436905046578221e-18
-3.339,-1.701937703244304e-18,-3.479534912037291e-18
-3.338,-1.7253450357866715e-18,-3.5226922421397384e-18
-3.337,-1.7490712271756686e-18,-3.5663835475015145e-18
-3.336,-1.7731205850285874e-18,-3.610615418910385e-18
-3.335,-1.7974974747322012e-18,-3.655394528310901e-18
-3.334,-1.8222063202124692e-18,-3.700727629801432e-18
-3.333,-1.847251604714434e-18,-3.746621560643432e-18
-3.332,-1.8726378715924496e-18,-3.793083242283069e-18
-3.331,-1.898369725110877e-18,-3.84011968138538e-18
-3.33,-1.9244518312553777e-18,-3.887737970881102e-18
-3.329,-1.9508889185549565e-18,-3.935945291026334e-18
-3.328,-1.977685778914883e-18,-3.984748910475185e-18
-3.327,-2.004847268460644e-18,-4.034156187365573e-18
-3.326,-2.0323783083930695e-18,-4.084174570418326e-18
-3.325,-2.060283885854775e-18,-4.134811600049757e-18
-3.324,-2.0885690548080777e-18,-4.1860749094978705e-18
-3.323,-2.1172389369245294e-18,-4.237972225962378e-18
-3.322,-2.146298722486224e-18,-4.290511371758673e-18
-3.321,-2.175753671299032e-18,-4.34370026548596e-18
-3.32,-2.205609113617923e-18,-4.397546923209684e-18
-3.319,-2.2358704510845282e-18,-4.452059459658463e-18
-3.318,-2.266543157677112e-18,-4.507246089435676e-18
-3.317,-2.297632780673111e-18,-4.563115128245903e-18
-3.316,-2.3291449416244045e-18,-4.6196749941363915e-18
-3.315,-2.3610853373454924e-18,-4.676934208753733e-18
-3.314,-2.3934597409147402e-18,-4.7349013986159356e-18
-3.313,-2.4262740026888662e-18,-4.793585296400087e-18
-3.312,-2.4595340513308523e-18,-4.852994742245785e-18
-3.311,-2.493245894851443e-18,-4.913138685074546e-18
-3.31,-2.5274156216644207e-18,-4.974026183925371e-18
-3.309,-2.5620494016558337e-18,-5.0356664093066765e-18
-3.308,-2.5971534872673643e-18,-5.098068644564785e-18
-3.307,-2.6327342145940175e-18,-5.161242287269183e-18
-3.306,-2.668798004496325e-18,-5.225196850614744e-18
-3.305,-2.7053513637272496e-18,-5.289941964841132e-18
-3.304,-2.742400886073986e-18,-5.3554873786695856e-18
-3.303,-2.7799532535148595e-18,-5.4218429607573105e-18
-3.302,-2.8180152373915042e-18,-5.489018701169677e-18
-3.301,-2.856593699596546e-18,-5.557024712870455e-18
-3.3,-2.89569559377697e-18,-5.625871233230301e-18
-3.299,-2.935327966553398e-18,-5.695568625553714e-18
-3.298,-2.9754979587554702e-18,-5.766127380624705e-18
-3.297,-3.016212806673554e-18,-5.837558118271384e-18
-3.296,-3.0574798433269894e-18,-5.909871588949717e-18
-3.295,-3.0993064997490857e-18,-5.98307867534667e-18
-3.294,-3.141700306289097e-18,-6.057190394002997e-18
-3.293,-3.1846688939313934e-18,-6.1322178969558894e-18
-3.292,-3.2282199956320554e-18,-6.208172473401747e-18
-3.291,-3.2723614476731235e-18,-6.285065551379304e-18
-3.29,-3.3171011910347297e-18,-6.362908699473377e-18
-3.289,-3.3624472727853505e-18,-6.441713628539457e-18
-3.288,-3.4084078474904162e-18,-6.5214921934494366e-18
-3.287,-3.4549911786395217e-18,-6.602256394858698e-18
-3.286,-3.502205640092476e-18,-6.684018380994843e-18
-3.285,-3.550059717544449e-18,-6.766790449468323e-18
-3.284,-3.5985620100104526e-18,-6.850585049105236e-18
-3.283,-3.64772123132942e-18,-6.935414781802563e-18
-3.282,-3.697546211688143e-18,-7.021292404406115e-18
-3.281,-3.7480458991653126e-18,-7.108230830611478e-18
-3.28,-3.799229361295949e-18,-7.196243132888212e-18
-3.279,-3.851105786656465e-18,-7.28534254442763e-18
-3.278,-3.903684486470655e-18,-7.375542461114403e-18
-3.277,-3.956974896236871e-18,-7.466856443522297e-18
-3.276,-4.010986577376666e-18,-7.559298218934361e-18
-3.275,-4.065729218905194e-18,-7.652881683387816e-18
-3.274,-4.12121263912364e-18,-7.747620903743994e-18
-3.273,-4.17744678733398e-18,-7.843530119783605e-18
-3.272,-4.234441745576358e-18,-7.940623746327646e-18
-3.271,-4.292207730389379e-18,-8.038916375384278e-18
-3.27,-4.350755094593617e-18,-8.138422778321968e-18
-3.269,-4.4100943290986495e-18,-8.239157908069243e-18
-3.268,-4.47023606473391e-18,-8.341136901341342e-18
-3.267,-4.5311910741036975e-18,-8.444375080894137e-18
-3.266,-4.5929702734666325e-18,-8.548887957805641e-18
-3.265,-4.655584724639901e-18,-8.654691233785413e-18
-3.264,-4.719045636928599e-18,-8.761800803512248e-18
-3.263,-4.783364369080513e-18,-8.870232757000458e-18
-3.262,-4.848552431266668e-18,-8.980003381995116e-18
-3.261,-4.9146214870879836e-18,-9.091129166396608e-18
-3.26,-4.981583355608372e-18,-9.203626800714854e-18
-3.259,-5.049450013414642e-18,-9.317513180553542e-18
-3.258,-5.118233596703536e-18,-9.432805409124796e-18
-3.257,-5.187946403396283e-18,-9.549520799794563e-18
-3.256,-5.2586008952810046e-18,-9.66767687865918e-18
-3.255,-5.3302097001833535e-18,-9.787291387153456e-18
-3.254,-5.402785614165755e-18,-9.908382284690642e-18
-3.253,-5.476341603755608e-18,-1.0030967751334736e-17
-3.252,-5.550890808202859e-18,-1.0155066190505438e-17
-3.251,-5.6264465417672976e-18,-1.0280696231716234e-17
-3.25,-5.703022296035988e-18,-1.040787673334595e-17
-3.249,-5.780631742271221e-18,-1.053662678544423e-17
-3.248,-5.8592887337893905e-18,-1.0666965712571305e-17
-3.247,-5.9390073083711946e-18,-1.0798913076672533e-17
-3.246,-6.01980169070358e-18,-1.0932488679988078e-17
-3.245,-6.1016862948538374e-18,-1.1067712567998185e-17
-3.244,-6.184675726776273e-18,-1.120460503240448e-17
-3.243,-6.268784786851885e-18,-1.1343186614147744e-17
-3.242,-6.354028472461471e-18,-1.148347810646258e-17
-3.241,-6.440421980592614e-18,-1.1625500557969455e-17
-3.24,-6.52798071048098e-18,-1.1769275275804553e-17
-3.239,-6.616720266286385e-18,-1.1914823828787917e-17
-3.238,-6.706656459804081e-18,-1.2062168050630308e-17
-3.237,-6.7978053132117305e-18,-1.2211330043179323e-17
-3.236,-6.890183061852522e-18,-1.2362332179705179e-17
-3.235,-6.983806157054918e-18,-1.2515197108226691e-17
-3.234,-7.078691268989505e-18,-1.2669947754877928e-17
-3.233,-7.174855289563428e-18,-1.282660732731602e-17
-3.232,-7.272315335352904e-18,-1.2985199318170662e-17
-3.231,-7.371088750574334e-18,-1.3145747508535771e-17
-3.23,-7.471193110094474e-18,-1.3308275971503857e-17
-3.229,-7.572646222480222e-18,-1.3472809075743604e-17
-3.228,-7.675466133088512e-18,-1.3639371489121194e-17
-3.227,-7.77967112719685e-18,-1.3807988182365906e-17
-3.226,-7.88527973317502e-18,-1.3978684432780534e-17
-3.225,-7.992310725698504e-18,-1.415148582799717e-17
-3.224,-8.100783129004162e-18,-1.432641826977891e-17
-3.223,-8.210716220188711e-18,-1.4503507977868026e-17
-3.222,-8.322129532550587e-18,-1.4682781493881196e-17
-3.221,-8.435042858975734e-18,-1.4864265685252347e-17
-3.22,-8.549476255367915e-18,-1.50479877492237e-17
-3.219,-8.665450044124106e-18,-1.5233975216885598e-17
-3.218,-8.782984817655594e-18,-1.542225595726574e-17
-3.217,-8.902101441955331e-18,-1.5612858181468367e-17
-3.216,-9.022821060212206e-18,-1.5805810446864078e-17
-3.215,-9.145165096472792e-18,-1.6001141661330832e-17
-3.214,-9.269155259351233e-18,-1.6198881087546815e-17
-3.213,-9.394813545787877e-18,-1.639905834733576e-17
-3.212,-9.522162244857298e-18,-1.660170342606538e-17
-3.211,-9.65122394162635e-18,-1.680684667709957e-17
-3.21,-9.78202152106293e-18,-1.7014518826305016e-17
-3.209,-9.91457817199606e-18,-1.7224750976612883e-17
-3.208,-1.0048917391128034e-17,-1.7437574612636264e-17
-3.207,-1.0185062987099232e-17,-1.7653021605344046e-17
-3.206,-1.0323039084606348e-17,-1.7871124216791905e-17
-3.205,-1.0462870128574713e-17,-1.809191510491111e-17
-3.204,-1.0604580888385405e-17,-1.8315427328355868e-17
-3.203,-1.0748196462157871e-17,-1.8541694351409868e-17
-3.202,-1.0893742281088815e-17,-1.877075004895282e-17
-3.201,-1.1041244113848026e-17,-1.9002628711487674e-17
-3.2,-1.1190728071031956e-17,-1.923736505022924e-17
-3.199,-1.1342220609675755e-17,-1.9474994202255032e-17
-3.198,-1.1495748537824558e-17,-1.9715551735719014e-17
-3.197,-1.1651339019164772e-17,-1.9959073655129075e-17
-3.196,-1.180901957771617e-17,-2.0205596406688958e-17
-3.195,-1.1968818102585575e-17,-2.0455156883705503e-17
-3.194,-1.2130762852782932e-17,-2.070779243206189e-17
-3.193,-1.2294882462100608e-17,-2.0963540855757817e-17
-3.192,-1.2461205944056713e-17,-2.1222440422517328e-17
-3.191,-1.2629762696903299e-17,-2.1484529869465147e-17
-3.19,-1.2800582508700291e-17,-2.1749848408872384e-17
-3.189,-1.297369556245598e-17,-2.2018435733972413e-17
-3.188,-1.314913244133498e-17,-2.229033202484781e-17
-3.187,-1.332692413393451e-17,-2.2565577954389204e-17
-3.186,-1.3507102039629891e-17,-2.2844214694326893e-17
-3.185,-1.3689697973990187e-17,-2.31262839213362e-17
-3.184,-1.3874744174264864e-17,-2.341182782321734e-17
-3.183,-1.4062273304942446e-17,-2.370088910515082e-17
-3.182,-1.4252318463382054e-17,-2.399351099602922e-17
-3.181,-1.444491318551883e-17,-2.428973725486633e-17
-3.18,-1.464009145164416e-17,-2.4589612177284567e-17
-3.179,-1.483788769226174e-17,-2.4893180602081606e-17
-3.178,-1.5038336794020375e-17,-2.520048791787725e-17
-3.177,-1.5241474105724634e-17,-2.5511580069841464e-17
-3.176,-1.5447335444424265e-17,-2.5826503566504562e-17
-3.175,-1.5655957101583488e-17,-2.614530548665059e-17
-3.174,-1.586737584933113e-17,-2.6468033486294894e-17
-3.173,-1.6081628946792733e-17,-2.6794735805746893e-17
-3.172,-1.6298754146505626e-17,-2.712546127675909e-17
-3.171,-1.651878970091813e-17,-2.7460259329763412e-17
-3.17,-1.674177436897391e-17,-2.779918000119591e-17
-3.169,-1.6967747422782637e-17,-2.8142273940910894e-17
-3.168,-1.7196748654378088e-17,-2.848959241968559e-17
-3.167,-1.7428818382564778e-17,-2.884118733681649e-17
-3.166,-1.7663997459854328e-17,-2.919711122780839e-17
-3.165,-1.7902327279492724e-17,-2.9557417272157344e-17
-3.164,-1.814384978257965e-17,-2.992215930122868e-17
-3.163,-1.838860746528107e-17,-3.029139180623113e-17
-3.162,-1.8636643386136345e-17,-3.0665169946288404e-17
-3.161,-1.888800117346103e-17,-3.104354955660925e-17
-3.16,-1.9142725032846674e-17,-3.1426587156757294e-17
-3.159,-1.940085975475884e-17,-3.181433995902184e-17
-3.158,-1.9662450722234645e-17,-3.2206865876890856e-17
-3.157,-1.9927543918681116e-17,-3.2604223533627416e-17
-3.156,-2.019618593577568e-17,-3.300647227095082e-17
-3.155,-2.04684239814701e-17,-3.341367215782374e-17
-3.154,-2.0744305888099235e-17,-3.382588399934656e-17
-3.153,-2.102388012059597e-17,-3.4243169345760364e-17
-3.152,-2.1307195784813702e-17,-3.4665590501559807e-17
-3.151,-2.1594302635957785e-17,-3.509321053471718e-17
-3.15,-2.1885251087127378e-17,-3.552609328601913e-17
-3.149,-2.218009221796908e-17,-3.59643033785173e-17
-3.148,-2.2478877783443867e-17,-3.6407906227094373e-17
-3.147,-2.2781660222708765e-17,-3.6856968048146835e-17
-3.146,-2.3088492668114798e-17,-3.731155586938593e-17
-3.145,-2.339942895432266e-17,-3.777173753975827e-17
-3.144,-2.371452362753773e-17,-3.823758173948748e-17
-3.143,-2.4033831954865892e-17,-3.870915799023844e-17
-3.142,-2.4357409933791826e-17,-3.918653666540556e-17
-3.141,-2.468531430178129e-17,-3.966978900052662e-17
-3.14,-2.501760254600904e-17,-4.0158987103823705e-17
-3.139,-2.535433291321405e-17,-4.065420396687277e-17
-3.138,-2.5695564419683634e-17,-4.1155513475403435e-17
-3.137,-2.6041356861368184e-17,-4.166299042023055e-17
-3.136,-2.639177082412823e-17,-4.217671050831918e-17
-3.135,-2.6746867694115533e-17,-4.269675037398459e-17
-3.134,-2.7106709668289948e-17,-4.322318759022896e-17
-3.133,-2.7471359765073837e-17,-4.3756100680216326e-17
-3.132,-2.784088183514583e-17,-4.429556912888768e-17
-3.131,-2.8215340572375724e-17,-4.48416733947177e-17
-3.13,-2.859480152490239e-17,-4.5394494921614923e-17
-3.129,-2.897933110635653e-17,-4.595411615096722e-17
-3.128,-2.936899660723014e-17,-4.652062053383414e-17
-3.127,-2.9763866206394674e-17,-4.709409254328804e-17
-3.126,-3.016400898276974e-17,-4.767461768690585e-17
-3.125,-3.0569494927144395e-17,-4.826228251941314e-17
-3.124,-3.0980394954152886e-17,-4.885717465548253e-17
-3.123,-3.139678091440703e-17,-4.945938278268821e-17
-3.122,-3.1818725606787094e-17,-5.0068996674618515e-17
-3.121,-3.2246302790893334e-17,-5.068610720414845e-17
-3.12,-3.26795871996603e-17,-5.131080635687418e-17
-3.119,-3.311865455213593e-17,-5.1943187244711335e-17
-3.118,-3.356358156642769e-17,-5.258334411965927e-17
-3.117,-3.401444597281784e-17,-5.32313723877332e-17
-3.116,-3.44713265270501e-17,-5.38873686230663e-17
-3.115,-3.493430302378987e-17,-5.4551430582183793e-17
-3.114,-3.5403456310260345e-17,-5.52236572184512e-17
-3.113,-3.5878868300056756e-17,-5.590414869669882e-17
-3.112,-3.636062198714105e-17,-5.659300640802454e-17
-3.111,-3.68488014600194e-17,-5.729033298477732e-17
-3.11,-3.7343491916104886e-17,-5.799623231572322e-17
-3.109,-3.784477967626777e-17,-5.871080956139671e-17
-3.108,-3.835275219957581e-17,-5.943417116963894e-17
-3.107,-3.886749809822705e-17,-6.016642489132565e-17
-3.106,-3.938910715267764e-17,-6.090767979628689e-17
-3.105,-3.9917670326967164e-17,-6.16580462894209e-17
-3.104,-4.045327978424415e-17,-6.241763612700451e-17
-3.103,-4.099602890249418e-17,-6.318656243320241e-17
-3.102,-4.1546012290473424e-17,-6.396493971677785e-17
-3.101,-4.210332580385018e-17,-6.4752883888007e-17
-3.1,-4.266806656155711e-17,-6.555051227579976e-17
-3.099,-4.3240332962356914e-17,-6.635794364502911e-17
-3.098,-4.3820224701624313e-17,-6.717529821407207e-17
-3.097,-4.4407842788346987e-17,-6.800269767256431e-17
-3.096,-4.500328956234844e-17,-6.884026519937138e-17
-3.095,-4.560666871173566e-17,-6.96881254807791e-17
-3.094,-4.6218085290574414e-17,-7.054640472890565e-17
-3.093,-4.6837645736795246e-17,-7.141523070033829e-17
-3.092,-4.7465457890333105e-17,-7.229473271499726e-17
-3.091,-4.810163101150364e-17,-7.318504167522965e-17
-3.09,-4.874627579961929e-17,-7.408629008513615e-17
-3.089,-4.9399504411848194e-17,-7.499861207013341e-17
-3.088,-5.0061430482319204e-17,-7.592214339675492e-17
-3.087,-5.0732169141476056e-17,-7.685702149269325e-17
-3.086,-5.141183703568403e-17,-7.780338546708677e-17
-3.085,-5.2100552347092346e-17,-7.876137613105351e-17
-3.084,-5.279843481375563e-17,-7.97311360184756e-17
-3.083,-5.350560575001781e-17,-8.071280940703685e-17
-3.082,-5.422218806716182e-17,-8.170654233951695e-17
-3.081,-5.4948306294328616e-17,-8.271248264534532e-17
-3.08,-5.568408659970898e-17,-8.373077996241747e-17
-3.079,-5.642965681201164e-17,-8.476158575917759e-17
-3.078,-5.718514644221126e-17,-8.580505335697016e-17
-3.077,-5.795068670558008e-17,-8.686133795266408e-17
-3.076,-5.872641054400668e-17,-8.79305966415526e-17
-3.075,-5.951245264860577e-17,-8.901298844053233e-17
-3.074,-6.03089494826227e-17,-9.010867431156486e-17
-3.073,-6.111603930463645e-17,-9.121781718542434e-17
-3.072,-6.193386219206523e-17,-9.234058198573446e-17
-3.071,-6.276256006497828e-17,-9.347713565329849e-17
-3.07,-6.360227671021804e-17,-9.462764717072586e-17
-3.069,-6.445315780583674e-17,-9.579228758735878e-17
-3.068,-6.531535094585144e-17,-9.69712300445029e-17
-3.067,-6.618900566532152e-17,-9.816464980096521e-17
-3.066,-6.707427346575311e-17,-9.93727242589034e-17
-3.065,-6.797130784083434e-17,-1.005956329899902e-16
-3.064,-6.888026430250607e-17,-1.0183355776189653e-16
-3.063,-6.980130040737213e-17,-1.0308668256509744e-16
-3.062,-7.073457578345364e-17,-1.0435519364000485e-16
-3.061,-7.168025215729191e-17,-1.056392795044307e-16
-3.06,-7.263849338140428e-17,-1.0693913098138505e-16
-3.059,-7.360946546209768e-17,-1.0825494122721276e-16
-3.058,-7.459333658764435e-17,-1.0958690576007313e-16
-3.057,-7.559027715682456e-17,-1.1093522248876653e-16
-3.056,-7.66004598078411e-17,-1.1230009174191237e-16
-3.055,-7.762405944761009e-17,-1.136817162974826e-16
-3.054,-7.866125328143355e-17,-1.1508030141269503e-16
-3.053,-7.971222084305798e-17,-1.1649605485427105e-16
-3.052,-8.077714402512455e-17,-1.1792918692906187e-16
-3.051,-8.185620711001563e-17,-1.19379910515048e-16
-3.05,-8.294959680110292e-17,-1.208484410927165e-16
-3.049,-8.405750225440242e-17,-1.2233499677682054e-16
-3.048,-8.518011511064137e-17,-1.2383979834852575e-16
-3.047,-8.631762952774271e-17,-1.253630692879485e-16
-3.046,-8.747024221373229e-17,-1.2690503580709053e-16
-3.045,-8.863815246007438e-17,-1.2846592688317468e-16
-3.044,-8.982156217544103e-17,-1.3004597429238698e-16
-3.043,-9.102067591992099e-17,-1.3164541264402977e-16
-3.042,-9.223570093967361e-17,-1.3326447941509087e-16
-3.041,-9.346684720203394e-17,-1.3490341498523391e-16
-3.04,-9.471432743107434e-17,-1.3656246267221499e-16
-3.039,-9.597835714362895e-17,-1.3824186876773067e-16
-3.038,-9.72591546857869e-17,-1.3994188257370292e-16
-3.037,-9.855694126986008e-17,-1.4166275643900584e-16
-3.036,-9.98719410118321e-17,-1.4340474579663992e-16
-3.035,-1.0120438096929417e-16,-1.4516810920135914e-16
-3.034,-1.0255449117987457e-16,-1.469531083677564e-16
-3.033,-1.0392250470016794e-16,-1.487600082088129e-16
-3.032,-1.0530865764517089e-16,-1.5058907687491709e-16
-3.031,-1.0671318922823051e-16,-1.5244058579335898e-16
-3.03,-1.0813634180151244e-16,-1.543148097083053e-16
-3.029,-1.0957836089699511e-16,-1.5621202672126204e-16
-3.028,-1.1103949526799712e-16,-1.5813251833202923e-16
-3.027,-1.125199969312447e-16,-1.6007656948015516e-16
-3.026,-1.1402012120948583e-16,-1.6204446858689512e-16
-3.025,-1.1554012677465884e-16,-1.6403650759768133e-16
-3.024,-1.1708027569162184e-16,-1.6605298202511023e-16
-3.023,-1.1864083346245087e-16,-1.6809419099245316e-16
-3.022,-1.2022206907131395e-16,-1.7016043727769716e-16
-3.021,-1.218242550299282e-16,-1.7225202735812198e-16
-3.02,-1.2344766742360806e-16,-1.7436927145542024e-16
-3.019,-1.250925859579119e-16,-1.7651248358136679e-16
-3.018,-1.267592940058949e-16,-1.7868198158404452e-16
-3.017,-1.2844807865597609e-16,-1.808780871946331e-16
-3.016,-1.301592307604274e-16,-1.831011260747674e-16
-3.015,-1.3189304498449277e-16,-1.8535142786447275e-16
-3.014,-1.3364981985614564e-16,-1.8762932623068405e-16
-3.013,-1.3542985781649286e-16,-1.899351589163555e-16
-3.012,-1.3723346527083353e-16,-1.9226926779016865e-16
-3.011,-1.3906095264038116e-16,-1.9463199889684555e-16
-3.01,-1.4091263441465786e-16,-1.9702370250807475e-16
-3.009,-1.4278882920456905e-16,-1.994447331740574e-16
-3.008,-1.4468985979616773e-16,-2.0189544977568081e-16
-3.007,-1.4661605320511703e-16,-2.0437621557732782e-16
-3.006,-1.485677407318602e-16,-2.068873982803287e-16
-3.005,-1.5054525801750722e-16,-2.0942937007706417e-16
-3.004,-1.5254894510044694e-16,-2.1200250770572717e-16
-3.003,-1.5457914647369492e-16,-2.146071925057515e-16
-3.002,-1.566362111429855e-16,-2.1724381047391518e-16
-3.001,-1.5872049268561853e-16,-2.1991275232112703e-16
-3.0,-1.6083234931007008e-16,-2.2261441352990473e-16
-2.999,-1.629721439163771e-16,-2.2534919441255264e-16
-2.998,-1.6514024415730625e-16,-2.28117500170048e-16
-2.997,-1.6733702250031674e-16,-2.309197409516439e-16
-2.996,-1.6956285629032745e-16,-2.337563319151983e-16
-2.995,-1.7181812781329918e-16,-2.3662769328823724e-16
-2.994,-1.741032243606419e-16,-2.3953425042976175e-16
-2.993,-1.7641853829445827e-16,-2.424764338928067e-16
-2.992,-1.787644671136338e-16,-2.454546794877621e-16
-2.991,-1.8114141352078487e-16,-2.4846942834646474e-16
-2.99,-1.835497854900756e-16,-2.5152112698706986e-16
-2.989,-1.8598999633591476e-16,-2.5461022737971357e-16
-2.988,-1.8846246478254412e-16,-2.5773718701297344e-16
-2.987,-1.909676150345299e-16,-2.6090246896113897e-16
-2.986,-1.9350587684816883e-16,-2.641065419523008e-16
-2.985,-1.960776856038205e-16,-2.6734988043726867e-16
-2.984,-1.9868348237917845e-16,-2.7063296465932833e-16
-2.983,-2.013237140234916e-16,-2.739562807248479e-16
-2.982,-2.0399883323274876e-16,-2.773203206747433e-16
-2.981,-2.067092986258381e-16,-2.8072558255681414e-16
-2.98,-2.0945557482169494e-16,-2.8417257049895957e-16
-2.979,-2.1223813251744981e-16,-2.876617947832858e-16
-2.978,-2.150574485675905e-16,-2.9119377192111554e-16
-2.977,-2.1791400606415023e-16,-2.9476902472891025e-16
-2.976,-2.2080829441793649e-16,-2.9838808240511714e-16
-2.975,-2.2374080944081266e-16,-3.020514806079507e-16
-2.974,-2.2671205342904693e-16,-3.057597615341218e-16
-2.973,-2.2972253524774177e-16,-3.095134739985246e-16
-2.972,-2.327727704163585e-16,-3.133131735148933e-16
-2.971,-2.358632811953503e-16,-3.171594223774411e-16
-2.97,-2.3899459667391854e-16,-3.210527897434922e-16
-2.969,-2.421672528589071e-16,-3.2499385171712e-16
-2.968,-2.453817927648487e-16,-3.2898319143380315e-16
-2.967,-2.4863876650517847e-16,-3.3302139914611155e-16
-2.966,-2.519387313846303e-16,-3.3710907231043597e-16
-2.965,-2.552822519928303e-16,-3.4124681567477254e-16
-2.964,-2.586699002991036e-16,-3.4543524136757604e-16
-2.963,-2.621022557485097e-16,-3.496749689876943e-16
-2.962,-2.6557990535912255e-16,-3.5396662569539733e-16
-2.961,-2.691034438205714e-16,-3.583108463045141e-16
-2.96,-2.7267347359385807e-16,-3.627082733756908e-16
-2.959,-2.7629060501246823e-16,-3.671595573107841e-16
-2.958,-2.799554563847924e-16,-3.716653564484027e-16
-2.957,-2.8366865409787413e-16,-3.762263371606122e-16
-2.956,-2.874308327225021e-16,-3.8084317395081624e-16
-2.955,-2.9124263511966393e-16,-3.8551654955282935e-16
-2.954,-2.951047125483792e-16,-3.90247155031155e-16
-2.953,-2.9901772477492875e-16,-3.9503568988248407e-16
-2.952,-3.029823401834992e-16,-3.9988286213842854e-16
-2.951,-3.069992358882609e-16,-4.047893884695053e-16
-2.95,-3.110690978468967e-16,-4.0975599429038526e-16
-2.949,-3.1519262097560205e-16,-4.147834138664231e-16
-2.948,-3.193705092655733e-16,-4.1987239042148367e-16
-2.947,-3.2360347590100575e-16,-4.250236762470801e-16
-2.946,-3.278922433786185e-16,-4.3023803281283997e-16
-2.945,-3.322375436287279e-16,-4.3551623087831597e-16
-2.944,-3.3664011813788827e-16,-4.4085905060615663e-16
-2.943,-3.411007180731203e-16,-4.462672816766545e-16
-2.942,-3.4562010440774824e-16,-4.517417234036876e-16
-2.941,-3.501990480488659e-16,-4.572831848520724e-16
-2.94,-3.5483832996645297e-16,-4.62892484956344e-16
-2.939,-3.595387413241623e-16,-4.685704526409817e-16
-2.938,-3.6430108361180076e-16,-4.743179269420976e-16
-2.937,-3.6912616877952425e-16,-4.801357571306057e-16
-2.936,-3.7401481937377e-16,-4.860248028368897e-16
-2.935,-3.789678686749478e-16,-4.919859341769873e-16
-2.934,-3.8398616083691363e-16,-4.980200318803101e-16
-2.933,-3.8907055102824788e-16,-5.041279874189176e-16
-2.932,-3.9422190557536155e-16,-5.103107031383632e-16
-2.931,-3.994411021074549e-16,-5.165690923901334e-16
-2.93,-4.0472902970335107e-16,-5.22904079665697e-16
-2.929,-4.100865890402297e-16,-5.293166007321863e-16
-2.928,-4.155146925442852e-16,-5.358076027697282e-16
-2.927,-4.210142645433333e-16,-5.423780445104466e-16
-2.926,-4.265862414213927e-16,-5.490288963791556e-16
-2.925,-4.3223157177526583e-16,-5.557611406357648e-16
-2.924,-4.379512165731451e-16,-5.6257577151941615e-16
-2.923,-4.437461493152708e-16,-5.694737953943756e-16
-2.922,-4.496173561966669e-16,-5.764562308976986e-16
-2.921,-4.555658362719812e-16,-5.835241090886922e-16
-2.92,-4.615926016224585e-16,-5.906784736001963e-16
-2.919,-4.676986775250711e-16,-5.979203807917038e-16
-2.918,-4.738851026238385e-16,-6.052508999043445e-16
-2.917,-4.801529291033612e-16,-6.126711132177542e-16
-2.916,-4.86503222864598e-16,-6.201821162088524e-16
-2.915,-4.929370637029177e-16,-6.277850177125505e-16
-2.914,-4.994555454884509e-16,-6.354809400844163e-16
-2.913,-5.060597763487744e-16,-6.432710193653162e-16
-2.912,-5.127508788539575e-16,-6.511564054480609e-16
-2.911,-5.195299902040002e-16,-6.591382622460783e-16
-2.91,-5.263982624186934e-16,-6.672177678641372e-16
-2.909,-5.33356862529935e-16,-6.753961147711492e-16
-2.908,-5.404069727765299e-16,-6.836745099750716e-16
-2.907,-5.475497908015089e-16,-6.92054175199938e-16
-2.906,-5.547865298519978e-16,-7.005363470650429e-16
-2.905,-5.621184189816679e-16,-7.091222772663052e-16
-2.904,-5.69546703255805e-16,-7.178132327598381e-16
-2.903,-5.770726439590267e-16,-7.266104959477518e-16
-2.902,-5.846975188056839e-16,-7.355153648662166e-16
-2.901,-5.924226221529815e-16,-7.445291533758132e-16
-2.9,-6.002492652168521e-16,-7.536531913541984e-16
-2.899,-6.081787762906194e-16,-7.628888248911143e-16
-2.898,-6.162125009664849e-16,-7.722374164857694e-16
-2.897,-6.243518023598782e-16,-7.817003452466211e-16
-2.896,-6.325980613367031e-16,-7.912790070935872e-16
-2.895,-6.409526767435208e-16,-8.00974814962718e-16
-2.894,-6.49417065640705e-16,-8.107891990133568e-16
-2.893,-6.579926635386092e-16,-8.207236068378212e-16
-2.892,-6.66680924636784e-16,-8.307795036736336e-16
-2.891,-6.754833220662837e-16,-8.409583726183343e-16
-2.89,-6.844013481351013e-16,-8.512617148469062e-16
-2.889,-6.934365145767748e-16,-8.6169104983184455e-16
-2.888,-7.025903528022015e-16,-8.722479155659036e-16
-2.887,-7.1186441415470565e-16,-8.829338687875514e-16
-2.886,-7.212602701683975e-16,-8.937504852091681e-16
-2.885,-7.307795128298702e-16,-9.046993597480189e-16
-2.884,-7.404237548432732e-16,-9.157821067600353e-16
-2.883,-7.501946298988089e-16,-9.270003602764425e-16
-2.882,-7.600937929446953e-16,-9.383557742432614e-16
-2.881,-7.701229204626384e-16,-9.498500227637253e-16
-2.88,-7.802837107468616e-16,-9.61484800343645e-16
-2.879,-7.905778841867352e-16,-9.732618221397578e-16
-2.878,-8.010071835530549e-16,-9.851828242110956e-16
-2.877,-8.115733742880147e-16,-9.972495637734127e-16
-2.876,-8.22278244798921e-16,-1.0094638194567057e-15
-2.875,-8.331236067556984e-16,-1.0218273915658668e-15
-2.874,-8.441112953922341e-16,-1.0343421023445058e-15
-2.873,-8.552431698116102e-16,-1.0470097962419815e-15
-2.872,-8.665211132952751e-16,-1.059832340183681e-15
-2.871,-8.779470336162032e-16,-1.0728116238445849e-15
-2.87,-8.895228633560957e-16,-1.0859495599261604e-15
-2.869,-9.01250560226673e-16,-1.099248084436621e-15
-2.868,-9.131321073951118e-16,-1.112709156974596e-15
-2.867,-9.251695138136817e-16,-1.1263347610162483e-15
-2.866,-9.373648145536316e-16,-1.140126904205885e-15
-2.865,-9.497200711433846e-16,-1.1540876186501006e-15
-2.864,-9.622373719110941e-16,-1.1682189612155008e-15
-2.863,-9.749188323316183e-16,-1.1825230138300422e-15
-2.862,-9.8776659537797e-16,-1.1970018837880412e-15
-2.861,-1.0007828318772968e-15,-1.2116577040588888e-15
-2.86,-1.0139697408714553e-15,-1.2264926335995215e-15
-2.859,-1.0273295499822313e-15,-1.241508857670692e-15
-2.858,-1.0408645157812714e-15,-1.2567085881570858e-15
-2.857,-1.0545769241647847e-15,-1.2720940638913293e-15
-2.856,-1.0684690907330736e-15,-1.287667550981942e-15
-2.855,-1.0825433611749598e-15,-1.3034313431452722e-15
-2.854,-1.0968021116571656e-15,-1.319387762041473e-15
-2.853,-1.1112477492187136e-15,-1.3355391576145615e-15
-2.852,-1.1258827121704129e-15,-1.3518879084366155e-15
-2.851,-1.1407094704994928e-15,-1.3684364220561544e-15
-2.85,-1.1557305262794524e-15,-1.3851871353507564e-15
-2.849,-1.1709484140851942e-15,-1.4021425148839661e-15
-2.848,-1.1863657014135056e-15,-1.4193050572665393e-15
-2.847,-1.2019849891089614e-15,-1.4366772895220824e-15
-2.846,-1.2178089117953147e-15,-1.4542617694571384e-15
-2.845,-1.2338401383124454e-15,-1.4720610860357729e-15
-2.844,-1.2500813721589416e-15,-1.4900778597587144e-15
-2.843,-1.2665353519403818e-15,-1.508314743047107e-15
-2.842,-1.2832048518233937e-15,-1.5267744206309281e-15
-2.841,-1.3000926819955644e-15,-1.5454596099421303e-15
-2.84,-1.317201689131273e-15,-1.564373061512563e-15
-2.839,-1.334534756863528e-15,-1.5835175593767352e-15
-2.838,-1.3520948062618802e-15,-1.6028959214794728e-15
-2.837,-1.3698847963164933e-15,-1.6225110000885359e-15
-2.836,-1.3879077244284497e-15,-1.6423656822122524e-15
-2.835,-1.4061666269063715e-15,-1.6624628900222304e-15
-2.834,-1.4246645794694381e-15,-1.6828055812812105e-15
-2.833,-1.4434046977568824e-15,-1.7033967497761217e-15
-2.832,-1.4623901378440483e-15,-1.7242394257564025e-15
-2.831,-1.4816240967650945e-15,-1.7453366763776534e-15
-2.83,-1.5011098130424291e-15,-1.7666916061506818e-15
-2.829,-1.520850567222962e-15,-1.788307357396011e-15
-2.828,-1.540849682421262e-15,-1.810187110703913e-15
-2.827,-1.5611105248697071e-15,-1.8323340854000357e-15
-2.826,-1.58163650447572e-15,-1.854751540016695e-15
-2.825,-1.6024310753861737e-15,-1.8774427727698952e-15
-2.824,-1.6234977365590689e-15,-1.9004111220421493e-15
-2.823,-1.6448400323425654e-15,-1.923659966871174e-15
-2.822,-1.6664615530614705e-15,-1.9471927274445236e-15
-2.821,-1.6883659356112759e-15,-1.971012865600242e-15
-2.82,-1.7105568640598402e-15,-1.9951238853335987e-15
-2.819,-1.7330380702568168e-15,-2.0195293333099925e-15
-2.818,-1.7558133344509246e-15,-2.0442327993840846e-15
-2.817,-1.778886485915163e-15,-2.069237917125253e-15
-2.816,-1.8022614035800724e-15,-2.094548364349428e-15
-2.815,-1.825942016675146e-15,-2.1201678636574024e-15
-2.814,-1.849932305378491e-15,-2.146100182979682e-15
-2.813,-1.8742363014748557e-15,-2.172349136127966e-15
-2.812,-1.8988580890221164e-15,-2.1989185833533275e-15
-2.811,-1.923801805026344e-15,-2.22581243191119e-15
-2.81,-1.949071640125555e-15,-2.2530346366331663e-15
-2.809,-1.974671839282258e-15,-2.280589200505855e-15
-2.808,-2.0006067024849097e-15,-2.3084801752566748e-15
-2.807,-2.026880585458395e-15,-2.3367116619468217e-15
-2.806,-2.053497900383646e-15,-2.3652878115714388e-15
-2.805,-2.0804631166265165e-15,-2.3942128256670807e-15
-2.804,-2.1077807614760333e-15,-2.4234909569265684e-15
-2.803,-2.135455420892139e-15,-2.4531265098213186e-15
-2.802,-2.1634917402630564e-15,-2.4831238412312424e-15
-2.801,-2.1918944251723876e-15,-2.5134873610823024e-15
-2.8,-2.220668242176082e-15,-2.544221532991824e-15
-2.799,-2.2498180195893946e-15,-2.575330874921651e-15
-2.798,-2.27934864828396e-15,-2.6068199598392483e-15
-2.797,-2.3092650824951204e-15,-2.6386934163868404e-15
-2.796,-2.3395723406396308e-15,-2.6709559295586874e-15
-2.795,-2.370275506143878e-15,-2.7036122413865983e-15
-2.794,-2.4013797282827453e-15,-2.736667151633779e-15
-2.793,-2.432890223029266e-15,-2.7701255184971193e-15
-2.792,-2.464812273915196e-15,-2.8039922593180175e-15
-2.791,-2.4971512329026466e-15,-2.838272351301852e-15
-2.79,-2.529912521266928e-15,-2.8729708322462e-15
-2.789,-2.563101630490732e-15,-2.908092801277913e-15
-2.788,-2.5967241231698145e-15,-2.943643419599155e-15
-2.787,-2.6307856339303128e-15,-2.9796279112425114e-15
-2.786,-2.6652918703578565e-15,-3.016051563835285e-15
-2.785,-2.7002486139386128e-15,-3.052919729373081e-15
-2.784,-2.7356617210124304e-15,-3.0902378250028035e-15
-2.783,-2.771537123738227e-15,-3.128011333815171e-15
-2.782,-2.8078808310717835e-15,-3.166245805646871e-15
-2.781,-2.8446989297561012e-15,-3.2049468578924712e-15
-2.78,-2.8819975853244817e-15,-3.2441201763261986e-15
-2.779,-2.9197830431164953e-15,-3.2837715159337197e-15
-2.778,-2.958061629307003e-15,-3.3239067017540293e-15
-2.777,-2.9968397519483926e-15,-3.3645316297315826e-15
-2.776,-3.0361239020262103e-15,-3.4056522675787867e-15
-2.775,-3.0759206545283448e-15,-3.447274655648982e-15
-2.774,-3.1162366695279493e-15,-3.4894049078200422e-15
-2.773,-3.157078693280272e-15,-3.532049212388715e-15
-2.772,-3.1984535593335726e-15,-3.5752138329758445e-15
-2.771,-3.2403681896543055e-15,-3.6189051094426e-15
-2.77,-3.2828295957667557e-15,-3.6631294588178455e-15
-2.769,-3.325844879907306e-15,-3.707893376236792e-15
-2.768,-3.3694212361935304e-15,-3.753203435891058e-15
-2.767,-3.413565951808294e-15,-3.799066291990296e-15
-2.766,-3.458286408199063e-15,-3.845488679735497e-15
-2.765,-3.5035900822926087e-15,-3.892477416304149e-15
-2.764,-3.549484547725306e-15,-3.9400394018473664e-15
-2.763,-3.5959774760892325e-15,-3.98818162049915e-15
-2.762,-3.643076638194258e-15,-4.0369111413979185e-15
-2.761,-3.690789905346339e-15,-4.086235119720469e-15
-2.76,-3.739125250642225e-15,-4.1361607977285046e-15
-2.759,-3.788090750280773e-15,-4.186695505827901e-15
-2.758,-3.837694584891109e-15,-4.237846663640845e-15
-2.757,-3.887945040877819e-15,-4.2896217810910184e-15
-2.756,-3.938850511783419e-15,-4.342028459501979e-15
-2.755,-3.9904194996683045e-15,-4.395074392708899e-15
-2.754,-4.042660616508403e-15,-4.448767368183831e-15
-2.753,-4.0955825856107745e-15,-4.503115268174648e-15
-2.752,-4.149194243047366e-15,-4.55812607085785e-15
-2.751,-4.2035045391071685e-15,-4.613807851505377e-15
-2.75,-4.258522539767006e-15,-4.670168783665631e-15
-2.749,-4.3142574281811925e-15,-4.727217140358844e-15
-2.748,-4.370718506190301e-15,-4.7849612952869995e-15
-2.747,-4.427915195849293e-15,-4.84340972405846e-15
-2.746,-4.485857040975247e-15,-4.9025710054275004e-15
-2.745,-4.544553708714941e-15,-4.962453822548904e-15
-2.744,-4.604014991132547e-15,-5.023066964247833e-15
-2.743,-4.6642508068176845e-15,-5.084419326305134e-15
-2.742,-4.725271202514106e-15,-5.1465199127582836e-15
-2.741,-4.787086354769267e-15,-5.209377837218152e-15
-2.74,-4.849706571605051e-15,-5.273002324201789e-15
-2.739,-4.913142294209924e-15,-5.337402710481421e-15
-2.738,-4.977404098652788e-15,-5.4025884464498494e-15
-2.737,-5.042502697618812e-15,-5.468569097502467e-15
-2.736,-5.1084489421675174e-15,-5.53535434543608e-15
-2.735,-5.1752538235134105e-15,-5.602953989864747e-15
-2.734,-5.242928474829447e-15,-5.671377949652837e-15
-2.733,-5.311484173073612e-15,-5.740636264365527e-15
-2.732,-5.380932340838924e-15,-5.810739095736931e-15
-2.731,-5.451284548227151e-15,-5.881696729156107e-15
-2.73,-5.522552514746554e-15,-5.953519575171118e-15
-2.729,-5.5947481112339465e-15,-6.026218171011408e-15
-2.728,-5.6678833618014005e-15,-6.099803182128687e-15
-2.727,-5.7419704458079e-15,-6.174285403756567e-15
-2.726,-5.817021699856267e-15,-6.2496757624891624e-15
-2.725,-5.893049619815681e-15,-6.325985317878902e-15
-2.724,-5.970066862870119e-15,-6.403225264053776e-15
-2.723,-6.048086249593045e-15,-6.481406931354257e-15
-2.722,-6.12712076604869e-15,-6.560541787990132e-15
-2.721,-6.2071835659202585e-15,-6.640641441717498e-15
-2.72,-6.2882879726653975e-15,-6.7217176415361515e-15
-2.719,-6.370447481699294e-15,-6.803782279407631e-15
-2.718,-6.453675762605736e-15,-6.886847391994162e-15
-2.717,-6.5379866613765096e-15,-6.970925162418757e-15
-2.716,-6.623394202679474e-15,-7.056027922046729e-15
-2.715,-6.709912592155706e-15,-7.142168152288878e-15
-2.714,-6.797556218746059e-15,-7.229358486426618e-15
-2.713,-6.886339657047536e-15,-7.317611711459307e-15
-2.712,-6.976277669699836e-15,-7.406940769974058e-15
-2.711,-7.067385209802478e-15,-7.49735876203829e-15
-2.71,-7.159677423362874e-15,-7.588878947115311e-15
-2.709,-7.253169651775762e-15,-7.681514746003213e-15
-2.708,-7.347877434334393e-15,-7.775279742797347e-15
-2.707,-7.443816510773873e-15,-7.870187686876683e-15
-2.706,-7.54100282384708e-15,-7.966252494914338e-15
-2.705,-7.639452521933558e-15,-8.063488252912562e-15
-2.704,-7.73918196168183e-15,-8.161909218262496e-15
-2.703,-7.840207710685525e-15,-8.261529821828979e-15
-2.702,-7.94254655019379e-15,-8.362364670060732e-15
-2.701,-8.046215477856385e-15,-8.464428547126221e-15
-2.7,-8.151231710503935e-15,-8.567736417075496e-15
-2.699,-8.257612686963766e-15,-8.672303426028351e-15
-2.698,-8.36537607091179e-15,-8.778144904389106e-15
-2.697,-8.4745397537609e-15,-8.885276369088333e-15
-2.696,-8.58512185758633e-15,-8.993713525851873e-15
-2.695,-8.69714073808846e-15,-9.103472271497452e-15
-2.694,-8.810614987593553e-15,-9.214568696259255e-15
-2.693,-8.925563438092878e-15,-9.327019086140787e-15
-2.692,-9.042005164320745e-15,-9.440839925296354e-15
-2.691,-9.159959486871914e-15,-9.556047898441549e-15
-2.69,-9.279445975358918e-15,-9.672659893293048e-15
-2.689,-9.400484451609766e-15,-9.790693003038123e-15
-2.688,-9.52309499290658e-15,-9.910164528834178e-15
-2.687,-9.647297935265655e-15,-1.003109198233874e-14
-2.686,-9.773113876759506e-15,-1.0153493088270216e-14
-2.685,-9.900563680881395e-15,-1.027738578699982e-14
-2.684,-1.0029668479952917e-14,-1.0402788237175056e-14
-2.683,-1.0160449678575176e-14,-1.0529718818375122e-14
-2.682,-1.029292895712411e-14,-1.0658196133798632e-14
-2.681,-1.0427128275290522e-14,-1.0788239012984055e-14
-2.68,-1.056306987566539e-14,-1.091986651456327e-14
-2.679,-1.070077628737106e-14,-1.1053097929048618e-14
-2.678,-1.0840270329738843e-14,-1.1187952781653905e-14
-2.677,-1.0981575116033681e-14,-1.1324450835149715e-14
-2.676,-1.1124714057226434e-14,-1.1462612092753494e-14
-2.675,-1.1269710865814398e-14,-1.1602456801054807e-14
-2.674,-1.1416589559690702e-14,-1.1744005452976205e-14
-2.673,-1.1565374466063172e-14,-1.1887278790770133e-14
-2.672,-1.1716090225423299e-14,-1.2032297809052319e-14
-2.671,-1.1868761795565962e-14,-1.2179083757872083e-14
-2.67,-1.2023414455660555e-14,-1.232765814582003e-14
-2.669,-1.2180073810374137e-14,-1.2478042743173571e-14
-2.668,-1.2338765794047329e-14,-1.2630259585080732e-14
-2.667,-1.2499516674923567e-14,-1.2784330974782728e-14
-2.666,-1.2662353059432434e-14,-1.2940279486875762e-14
-2.665,-1.2827301896527742e-14,-1.3098127970612538e-14
-2.664,-1.2994390482081066e-14,-1.3257899553243974e-14
-2.663,-1.3163646463331428e-14,-1.3419617643401577e-14
-2.662,-1.3335097843391867e-14,-1.3583305934521025e-14
-2.661,-1.3508772985813595e-14,-1.3748988408307413e-14
-2.66,-1.3684700619208481e-14,-1.3916689338242691e-14
-2.659,-1.3862909841930624e-14,-1.4086433293135812e-14
-2.658,-1.4043430126817734e-14,-1.42582451407161e-14
-2.657,-1.422629132599311e-14,-1.4432150051270376e-14
-2.656,-1.4411523675728983e-14,-1.4608173501324353e-14
-2.655,-1.459915780137197e-14,-1.4786341277368882e-14
-2.654,-1.478922472233151e-14,-1.496667947963155e-14
-2.653,-1.4981755857131985e-14,-1.5149214525894204e-14
-2.652,-1.517678302852941e-14,-1.5333973155356973e-14
-2.651,-1.537433846869349e-14,-1.5520982432549338e-14
-2.65,-1.5574454824455865e-14,-1.571026975128881e-14
-2.649,-1.577716516262539e-14,-1.590186283868784e-14
-2.648,-1.5982502975371355e-14,-1.6095789759209517e-14
-2.647,-1.6190502185675384e-14,-1.6292078918772634e-14
-2.646,-1.6401197152853053e-14,-1.6490759068906782e-14
-2.645,-1.6614622678145974e-14,-1.6691859310958016e-14
-2.644,-1.6830814010385308e-14,-1.6895409100345763e-14
-2.643,-1.7049806851727617e-14,-1.710143825087154e-14
-2.642,-1.727163736346396e-14,-1.7309976939080196e-14
-2.641,-1.749634217190316e-14,-1.7521055708674232e-14
-2.64,-1.77239583743302e-14,-1.773470547498189e-14
-2.639,-1.7954523545040703e-14,-1.7950957529479688e-14
-2.638,-1.8188075741452456e-14,-1.8169843544370005e-14
-2.637,-1.8424653510294963e-14,-1.8391395577214446e-14
-2.636,-1.8664295893878016e-14,-1.8615646075623632e-14
-2.635,-1.8907042436440294e-14,-1.884262788200412e-14
-2.634,-1.9152933190579017e-14,-1.907237423836313e-14
-2.633,-1.9402008723761657e-14,-1.930491879117183e-14
-2.632,-1.965431012492079e-14,-1.9540295596287837e-14
-2.631,-1.9909879011133093e-14,-1.9778539123937678e-14
-2.63,-2.016875753438364e-14,-2.0019684263759966e-14
-2.629,-2.043098838841647e-14,-2.026376632991001e-14
-2.628,-2.0696614815672647e-14,-2.0510821066226586e-14
-2.627,-2.0965680614316796e-14,-2.0760884651461698e-14
-2.626,-2.1238230145353377e-14,-2.1013993704574e-14
-2.625,-2.1514308339833713e-14,-2.1270185290086753e-14
-2.624,-2.1793960706155006e-14,-2.1529496923511037e-14
-2.623,-2.2077233337452492e-14,-2.1791966576835037e-14
-2.622,-2.23641729190859e-14,-2.205763268408022e-14
-2.621,-2.2654826736221428e-14,-2.23265341469252e-14
-2.62,-2.2949242681510457e-14,-2.2598710340398146e-14
-2.619,-2.3247469262866238e-14,-2.287420111863851e-14
-2.618,-2.354955561133975e-14,-2.3153046820729016e-14
-2.617,-2.3855551489096066e-14,-2.3435288276598658e-14
-2.616,-2.4165507297492442e-14,-2.3720966812997668e-14
-2.615,-2.4479474085259446e-14,-2.4010124259545285e-14
-2.614,-2.479750355678645e-14,-2.43028029548512e-14
-2.613,-2.5119648080512764e-14,-2.4599045752711644e-14
-2.612,-2.544596069742584e-14,-2.4898896028380928e-14
-2.611,-2.57764951296678e-14,-2.5202397684919466e-14
-2.61,-2.6111305789251764e-14,-2.5509595159619132e-14
-2.609,-2.6450447786889294e-14,-2.5820533430506932e-14
-2.608,-2.6793976940930426e-14,-2.6135258022927944e-14
-2.607,-2.714194978641768e-14,-2.6453815016208493e-14
-2.606,-2.7494423584255536e-14,-2.677625105040053e-14
-2.605,-2.7851456330496775e-14,-2.7102613333108217e-14
-2.604,-2.8213106765747265e-14,-2.743294964639774e-14
-2.603,-2.8579434384690624e-14,-2.7767308353791314e-14
-2.602,-2.8950499445734284e-14,-2.8105738407346463e-14
-2.601,-2.932636298077856e-14,-2.8448289354821595e-14
-2.6,-2.9707086805110236e-14,-2.879501134692891e-14
-2.599,-3.0092733527422217e-14,-2.9145955144675755e-14
-2.598,-3.048336655996096e-14,-2.950117212679542e-14
-2.597,-3.08790501288032e-14,-2.986071429726859e-14
-2.596,-3.1279849284263644e-14,-3.0224634292936424e-14
-2.595,-3.168582991143534e-14,-3.059298539120653e-14
-2.594,-3.2097058740864326e-14,-3.096582151785279e-14
-2.593,-3.251360335936036e-14,-3.13431972549104e-14
-2.592,-3.293553222094536e-14,-3.1725167848667044e-14
-2.591,-3.3362914657941393e-14,-3.21117892177516e-14
-2.59,-3.3795820892199904e-14,-3.250311796132143e-14
-2.589,-3.423432204647407e-14,-3.289921136734953e-14
-2.588,-3.4678490155935957e-14,-3.3300127421012645e-14
-2.587,-3.512839817984053e-14,-3.3705924813181825e-14
-2.586,-3.5584120013338143e-14,-3.4116662949016367e-14
-2.585,-3.604573049943757e-14,-3.4532401956662616e-14
-2.584,-3.6513305441121405e-14,-3.495320269605889e-14
-2.583,-3.698692161361579e-14,-3.537912676784771e-14
-2.582,-3.746665677681643e-14,-3.5810236522396776e-14
-2.581,-3.795258968787288e-14,-3.624659506892992e-14
-2.58,-3.8444800113933084e-14,-3.6688266284769474e-14
-2.579,-3.894336884505025e-14,-3.7135314824691306e-14
-2.578,-3.9448377707254103e-14,-3.7587806130394017e-14
-2.577,-3.9959909575788544e-14,-3.804580644008358e-14
-2.576,-4.047804838851796e-14,-3.8509382798174944e-14
-2.575,-4.100287915950414e-14,-3.897860306511194e-14
-2.574,-4.15344879927562e-14,-3.945353592730699e-14
-2.573,-4.207296209615542e-14,-3.993425090720206e-14
-2.572,-4.2618389795557494e-14,-4.042081837345236e-14
-2.571,-4.317086054907428e-14,-4.0913309551234256e-14
-2.57,-4.3730464961537356e-14,-4.141179653267897e-14
-2.569,-4.42972947991457e-14,-4.1916352287433544e-14
-2.568,-4.4871443004299874e-14,-4.242705067335064e-14
-2.567,-4.545300371062496e-14,-4.294396644730882e-14
-2.566,-4.604207225818479e-14,-4.3467175276164805e-14
-2.565,-4.663874520888978e-14,-4.3996753747839336e-14
-2.564,-4.724312036210088e-14,-4.4532779382538405e-14
-2.563,-4.785529677043213e-14,-4.5075330644111294e-14
-2.562,-4.84753747557543e-14,-4.562448695154727e-14
-2.561,-4.910345592540221e-14,-4.6180328690612624e-14
-2.56,-4.973964318858828e-14,-4.674293722562957e-14
-2.559,-5.038404077302495e-14,-4.731239491139909e-14
-2.558,-5.103675424175863e-14,-4.788878510526908e-14
-2.557,-5.169789051021776e-14,-4.847219217934998e-14
-2.556,-5.2367557863477914e-14,-4.9062701532879304e-14
-2.555,-5.3045865973746385e-14,-4.966039960473726e-14
-2.554,-5.373292591806939e-14,-5.026537388611496e-14
-2.553,-5.442885019626441e-14,-5.087771293333742e-14
-2.552,-5.51337527490807e-14,-5.149750638084293e-14
-2.551,-5.584774897659081e-14,-5.212484495432101e-14
-2.55,-5.657095575681602e-14,-5.275982048401058e-14
-2.549,-5.730349146458873e-14,-5.340252591816064e-14
-2.548,-5.804547599065468e-14,-5.4053055336655094e-14
-2.547,-5.879703076101821e-14,-5.4711503964804095e-14
-2.546,-5.955827875653344e-14,-5.537796818730362e-14
-2.545,-6.032934453274473e-14,-5.605254556236552e-14
-2.544,-6.111035423997932e-14,-5.673533483602016e-14
-2.543,-6.190143564369552e-14,-5.742643595659357e-14
-2.542,-6.27027181450897e-14,-5.812595008936145e-14
-2.541,-6.351433280196517e-14,-5.883397963138213e-14
-2.54,-6.433641234986652e-14,-5.955062822651051e-14
-2.539,-6.516909122348257e-14,-6.02760007805956e-14
-2.538,-6.601250557832151e-14,-6.101020347686332e-14
-2.537,-6.686679331266151e-14,-6.175334379148747e-14
-2.536,-6.773209408978044e-14,-6.25055305093507e-14
-2.535,-6.860854936046815e-14,-6.326687373999793e-14
-2.534,-6.949630238582487e-14,-6.403748493378477e-14
-2.533,-7.039549826034944e-14,-6.481747689822306e-14
-2.532,-7.130628393532102e-14,-6.560696381452608e-14
-2.531,-7.222880824247789e-14,-6.640606125435587e-14
-2.53,-7.316322191799724e-14,-6.721488619677512e-14
-2.529,-7.410967762677975e-14,-6.803355704540616e-14
-2.528,-7.506832998704265e-14,-6.886219364579952e-14
-2.527,-7.603933559522546e-14,-6.970091730301466e-14
-2.526,-7.702285305121205e-14,-7.054985079941561e-14
-2.525,-7.801904298387332e-14,-7.140911841268381e-14
-2.524,-7.902806807693428e-14,-7.227884593405124e-14
-2.523,-8.005009309516996e-14,-7.315916068675618e-14
-2.522,-8.108528491093391e-14,-7.405019154472456e-14
-2.521,-8.213381253102393e-14,-7.495206895147951e-14
-2.52,-8.319584712388898e-14,-7.586492493928204e-14
-2.519,-8.427156204718168e-14,-7.678889314850557e-14
-2.518,-8.536113287566095e-14,-7.772410884724727e-14
-2.517,-8.646473742944888e-14,-7.867070895117896e-14
-2.516,-8.758255580264664e-14,-7.962883204364085e-14
-2.515,-8.871477039231376e-14,-8.05986183959805e-14
-2.514,-8.986156592781557e-14,-8.158020998814075e-14
-2.513,-9.102312950054316e-14,-8.257375052949899e-14
-2.512,-9.219965059401096e-14,-8.357938547996133e-14
-2.511,-9.339132111433644e-14,-8.459726207131455e-14
-2.51,-9.459833542110682e-14,-8.562752932883904e-14
-2.509,-9.582089035863777e-14,-8.667033809318596e-14
-2.508,-9.705918528762894e-14,-8.77258410425219e-14
-2.507,-9.831342211722155e-14,-8.879419271494422e-14
-2.506,-9.95838053374628e-14,-8.987554953117037e-14
-2.505,-1.0087054205218259e-13,-9.097006981750478e-14
-2.504,-1.0217384201228748e-13,-9.207791382908643e-14
-2.503,-1.0349391764947747e-13,-9.319924377342066e-14
-2.502,-1.0483098411039055e-13,-9.433422383419892e-14
-2.501,-1.0618525929118088e-13,-9.548302019540949e-14
-2.5,-1.0755696387253576e-13,-9.664580106574332e-14
-2.499,-1.08946321355137e-13,-9.782273670329817e-14
-2.498,-1.103535580955725e-13,-9.901399944058493e-14
-2.497,-1.1177890334270342e-13,-1.0021976370983975e-13
-2.496,-1.1322258927449305e-13,-1.014402060686458e-13
-2.495,-1.1468485103530291e-13,-1.0267550522586838e-13
-2.494,-1.1616592677366213e-13,-1.0392584206790721e-13
-2.493,-1.1766605768051626e-13,-1.0519139968526999e-13
-2.492,-1.191854880279611e-13,-1.0647236339947082e-13
-2.491,-1.2072446520846828e-13,-1.0776892079025784e-13
-2.49,-1.2228323977460834e-13,-1.0908126172317394e-13
-2.489,-1.2386206547927777e-13,-1.1040957837745454e-13
-2.488,-1.2546119931643662e-13,-1.1175406527426679e-13
-2.487,-1.270809015623624e-13,-1.1311491930529427e-13
-2.486,-1.2872143581742785e-13,-1.1449233976167147e-13
-2.485,-1.3038306904840844e-13,-1.1588652836327213e-13
-2.484,-1.3206607163132623e-13,-1.1729768928835632e-13
-2.483,-1.3377071739483762e-13,-1.1872602920357997e-13
-2.482,-1.3549728366417107e-13,-1.2017175729437178e-13
-2.481,-1.372460513056222e-13,-1.2163508529568205e-13
-2.48,-1.39017304771613e-13,-1.2311622752310754e-13
-2.479,-1.4081133214632281e-13,-1.246154009043975e-13
-2.478,-1.4262842519189751e-13,-1.2613282501134519e-13
-2.477,-1.4446887939524506e-13,-1.2766872209206993e-13
-2.476,-1.4633299401542403e-13,-1.2922331710369412e-13
-2.475,-1.4822107213163335e-13,-1.3079683774542038e-13
-2.474,-1.5013342069181017e-13,-1.3238951449201356e-13
-2.473,-1.520703505618441e-13,-1.3400158062769274e-13
-2.472,-1.5403217657541533e-13,-1.3563327228043812e-13
-2.471,-1.5601921758446433e-13,-1.3728482845671789e-13
-2.47,-1.5803179651030176e-13,-1.3895649107664033e-13
-2.469,-1.600702403953658e-13,-1.406485050095365e-13
-2.468,-1.6213488045563583e-13,-1.423611181099783e-13
-2.467,-1.642260521337103e-13,-1.440945812542379e-13
-2.466,-1.6634409515255752e-13,-1.458491483771936e-13
-2.465,-1.6848935356994737e-13,-1.4762507650968753e-13
-2.464,-1.7066217583357313e-13,-1.4942262581634102e-13
-2.463,-1.728629148368717e-13,-1.5124205963383304e-13
-2.462,-1.7509192797555132e-13,-1.5308364450964765e-13
-2.461,-1.7734957720483536e-13,-1.5494765024129586e-13
-2.46,-1.796362290974317e-13,-1.56834349916018e-13
-2.459,-1.8195225490223648e-13,-1.5874401995097266e-13
-2.458,-1.8429803060378176e-13,-1.6067694013391756e-13
-2.457,-1.8667393698243614e-13,-1.6263339366438928e-13
-2.456,-1.8908035967536819e-13,-1.6461366719538713e-13
-2.455,-1.915176892382823e-13,-1.6661805087556801e-13
-2.454,-1.9398632120793633e-13,-1.686468383919581e-13
-2.453,-1.9648665616545147e-13,-1.70700327013188e-13
-2.452,-1.9901909980042377e-13,-1.7277881763325785e-13
-2.451,-2.0158406297584805e-13,-1.7488261481583834e-13
-2.45,-2.0418196179386366e-13,-1.7701202683911515e-13
-2.449,-2.068132176623334e-13,-1.791673657411826e-13
-2.448,-2.0947825736226534e-13,-1.8134894736599397e-13
-2.447,-2.1217751311608857e-13,-1.835570914098747e-13
-2.446,-2.149114226567935e-13,-1.857921214686062e-13
-2.445,-2.1768042929794782e-13,-1.8805436508508624e-13
-2.444,-2.2048498200459885e-13,-1.9034415379757417e-13
-2.443,-2.2332553546507384e-13,-1.9266182318852722e-13
-2.442,-2.2620255016368916e-13,-1.9500771293403565e-13
-2.441,-2.291164924543802e-13,-1.973821668538641e-13
-2.44,-2.3206783463526336e-13,-1.997855329621063e-13
-2.439,-2.3505705502414214e-13,-2.0221816351846113e-13
-2.438,-2.380846380349687e-13,-2.046804150801373e-13
-2.437,-2.411510742552737e-13,-2.0717264855439462e-13
-2.436,-2.442568605245762e-13,-2.0969522925172953e-13
-2.435,-2.474025000137857e-13,-2.1224852693971295e-13
-2.434,-2.5058850230560964e-13,-2.1483291589748858e-13
-2.433,-2.538153834759782e-13,-2.1744877497093942e-13
-2.432,-2.5708366617649985e-13,-2.2009648762853115e-13
-2.431,-2.603938797179602e-13,-2.2277644201784043e-13
-2.43,-2.6374656015487773e-13,-2.2548903102277668e-13
-2.429,-2.671422503711293e-13,-2.282346523215059e-13
-2.428,-2.705815001666593e-13,-2.3101370844508517e-13
-2.427,-2.7406486634528567e-13,-2.338266068368162e-13
-2.426,-2.7759291280361754e-13,-2.3667375991232786e-13
-2.425,-2.8116621062109694e-13,-2.395555851203952e-13
-2.424,-2.8478533815118044e-13,-2.424725050045052e-13
-2.423,-2.8845088111367393e-13,-2.4542494726517803e-13
-2.422,-2.9216343268823565e-13,-2.4841334482305304e-13
-2.421,-2.959235936090619e-13,-2.51438135882749e-13
-2.42,-2.997319722607705e-13,-2.544997639975083e-13
-2.419,-3.035891847754971e-13,-2.575986781346344e-13
-2.418,-3.074958551312195e-13,-2.6073533274173273e-13
-2.417,-3.1145261525132585e-13,-2.6391018781376463e-13
-2.416,-3.1546010510544135e-13,-2.6712370896092456e-13
-2.415,-3.1951897281153107e-13,-2.703763674773504e-13
-2.414,-3.236298747392931e-13,-2.736686404106778e-13
-2.413,-3.277934756148598e-13,-2.77001010632448e-13
-2.412,-3.3201044862682235e-13,-2.803739669093807e-13
-2.411,-3.3628147553359657e-13,-2.8378800397552176e-13
-2.41,-3.4060724677214584e-13,-2.872436226052771e-13
-2.409,-3.4498846156807875e-13,-2.907413296873435e-13
-2.408,-3.4942582804713847e-13,-2.9428163829954723e-13
-2.407,-3.5392006334810217e-13,-2.978650677846023e-13
-2.406,-3.58471893737107e-13,-3.014921438267985e-13
-2.405,-3.6308205472342165e-13,-3.051633985296325e-13
-2.404,-3.677512911766812e-13,-3.0887937049439167e-13
-2.403,-3.724803574456041e-13,-3.126406048997036e-13
-2.402,-3.772700174782089e-13,-3.164476535820633e-13
-2.401,-3.821210449435513e-13,-3.2030107511734936e-13
-2.4,-3.8703422335499927e-13,-3.2420143490334167e-13
-2.399,-3.920103461950662e-13,-3.281493052432537e-13
-2.398,-3.9705021704182133e-13,-3.3214526543029065e-13
-2.397,-4.0215464969689805e-13,-3.361899018332468e-13
-2.396,-4.073244683151194e-13,-3.4028380798315534e-13
-2.395,-4.125605075357616e-13,-3.444275846610028e-13
-2.394,-4.178636126154759e-13,-3.4862183998652136e-13
-2.393,-4.232346395628901e-13,-3.528671895080734e-13
-2.392,-4.2867445527491044e-13,-3.571642562936401e-13
-2.391,-4.3418393767474546e-13,-3.615136710229292e-13
-2.39,-4.3976397585167343e-13,-3.659160720806149e-13
-2.389,-4.4541547020257555e-13,-3.7037210565072413e-13
-2.388,-4.511393325752567e-13,-3.748824258121835e-13
-2.387,-4.569364864135767e-13,-3.794476946355411e-13
-2.386,-4.628078669044145e-13,-3.840685822808774e-13
-2.385,-4.687544211264885e-13,-3.887457670969207e-13
-2.384,-4.747771082010569e-13,-3.9347993572138126e-13
-2.383,-4.808768994445203e-13,-3.9827178318251953e-13
-2.382,-4.870547785229521e-13,-4.0312201300196363e-13
-2.381,-4.933117416085803e-13,-4.080313372987917e-13
-2.38,-4.996487975382449e-13,-4.1300047689489446e-13
-2.379,-5.06066967973856e-13,-4.180301614216339e-13
-2.378,-5.125672875648786e-13,-4.2312112942781453e-13
-2.377,-5.191508041128679e-13,-4.282741284889827e-13
-2.376,-5.258185787380825e-13,-4.334899153180708e-13
-2.375,-5.325716860482007e-13,-4.3876925587740343e-13
-2.374,-5.394112143091669e-13,-4.441129254920812e-13
-2.373,-5.463382656181946e-13,-4.4952170896476054e-13
-2.372,-5.533539560789526e-13,-4.549964006918456e-13
-2.371,-5.604594159789635e-13,-4.605378047811107e-13
-2.37,-5.676557899692405e-13,-4.661467351707707e-13
-2.369,-5.749442372461913e-13,-4.718240157500162e-13
-2.368,-5.823259317358184e-13,-4.775704804810335e-13
-2.367,-5.898020622802435e-13,-4.833869735225268e-13
-2.366,-5.97373832826586e-13,-4.892743493547604e-13
-2.365,-6.050424626182242e-13,-4.952334729061412e-13
-2.364,-6.128091863884715e-13,-5.012652196813595e-13
-2.363,-6.206752545566942e-13,-5.073704758911085e-13
-2.362,-6.286419334269057e-13,-5.135501385833999e-13
-2.361,-6.367105053888652e-13,-5.19805115776498e-13
-2.36,-6.448822691217137e-13,-5.261363265934912e-13
-2.359,-6.531585398001787e-13,-5.325447013985195e-13
-2.358,-6.615406493033816e-13,-5.390311819346824e-13
-2.357,-6.700299464262763e-13,-5.455967214636436e-13
-2.356,-6.786277970937578e-13,-5.522422849069565e-13
-2.355,-6.873355845774696e-13,-5.589688489891313e-13
-2.354,-6.961547097153457e-13,-5.657774023824641e-13
-2.353,-7.050865911339228e-13,-5.726689458536513e-13
-2.352,-7.141326654734545e-13,-5.796444924122099e-13
-2.351,-7.232943876158658e-13,-5.867050674607278e-13
-2.35,-7.325732309155812e-13,-5.938517089469653e-13
-2.349,-7.419706874332637e-13,-6.010854675178316e-13
-2.348,-7.514882681725024e-13,-6.084074066752589e-13
-2.347,-7.611275033194819e-13,-6.158186029339986e-13
-2.346,-7.708899424856761e-13,-6.233201459813616e-13
-2.345,-7.807771549535998e-13,-6.309131388389295e-13
-2.344,-7.907907299256599e-13,-6.385986980262588e-13
-2.343,-8.009322767761428e-13,-6.463779537266032e-13
-2.342,-8.112034253063788e-13,-6.542520499546803e-13
-2.341,-8.216058260031228e-13,-6.622221447265068e-13
-2.34,-8.321411503001917e-13,-6.702894102313281e-13
-2.339,-8.428110908434e-13,-6.784550330056686e-13
-2.338,-8.536173617588337e-13,-6.86720214109529e-13
-2.337,-8.645616989245063e-13,-6.950861693047565e-13
-2.336,-8.756458602454377e-13,-7.035541292356159e-13
-2.335,-8.868716259321993e-13,-7.121253396115881e-13
-2.334,-8.982407987829704e-13,-7.208010613924241e-13
-2.333,-9.097552044691472e-13,-7.295825709754822e-13
-2.332,-9.214166918245518e-13,-7.384711603853769e-13
-2.331,-9.33227133138284e-13,-7.474681374659683e-13
-2.33,-9.451884244512642e-13,-7.565748260747204e-13
-2.329,-9.573024858565109e-13,-7.657925662794584e-13
-2.328,-9.695712618032013e-13,-7.75122714557555e-13
-2.327,-9.819967214045637e-13,-7.845666439975749e-13
-2.326,-9.94580858749646e-13,-7.941257445034085e-13
-2.325,-1.0073256932190133e-12,-8.038014230009258e-13
-2.324,-1.0202332698044215e-12,-8.135951036471822e-13
-2.323,-1.0333056594325155e-12,-8.235082280422065e-13
-2.322,-1.0465449592926075e-12,-8.335422554434051e-13
-2.321,-1.0599532931685797e-12,-8.436986629826127e-13
-2.32,-1.0735328117749695e-12,-8.539789458858249e-13
-2.319,-1.0872856930972855e-12,-8.643846176956434e-13
-2.318,-1.1012141427366097e-12,-8.749172104964694e-13
-2.317,-1.115320394258538e-12,-8.855782751424785e-13
-2.316,-1.1296067095465143e-12,-8.963693814884124e-13
-2.315,-1.1440753791596143e-12,-9.072921186232206e-13
-2.314,-1.1587287226948325e-12,-9.183480951065903e-13
-2.313,-1.1735690891539308e-12,-9.295389392083975e-13
-2.312,-1.188598857314905e-12,-9.408662991511181e-13
-2.311,-1.2038204361081273e-12,-9.523318433552336e-13
-2.31,-1.2192362649972248e-12,-9.63937260687671e-13
-2.309,-1.2348488143647493e-12,-9.75684260713312e-13
-2.308,-1.2506605859027047e-12,-9.875745739496115e-13
-2.307,-1.2666741130079867e-12,-9.99609952124364e-13
-2.306,-1.2828919611828012e-12,-1.0117921684366562e-12
-2.305,-1.2993167284401205e-12,-1.0241230178210453e-12
-2.304,-1.3159510457142424e-12,-1.0366043172150047e-12
-2.303,-1.3327975772765163e-12,-1.0492379058296756e-12
-2.302,-1.3498590211562982e-12,-1.0620256454239682e-12
-2.301,-1.3671381095672048e-12,-1.0749694205820502e-12
-2.3,-1.3846376093387294e-12,-1.0880711389942706e-12
-2.299,-1.402360322353288e-12,-1.1013327317415544e-12
-2.298,-1.4203090859887638e-12,-1.1147561535833185e-12
-2.297,-1.438486773566619e-12,-1.128343383248948e-12
-2.296,-1.4568962948056439e-12,-1.142096423732877e-12
-2.295,-1.4755405962814135e-12,-1.1560173025933227e-12
-2.294,-1.4944226618915232e-12,-1.170108072254715e-12
-2.293,-1.513545513326675e-12,-1.1843708103138679e-12
-2.292,-1.532912210547691e-12,-1.1988076198499402e-12
-2.291,-1.5525258522685247e-12,-1.2134206297382328e-12
-2.29,-1.5723895764453455e-12,-1.2282119949678692e-12
-2.289,-1.5925065607717762e-12,-1.2431838969634087e-12
-2.288,-1.6128800231803556e-12,-1.2583385439104406e-12
-2.287,-1.6335132223503077e-12,-1.2736781710852105e-12
-2.286,-1.6544094582216956e-12,-1.2892050411883251e-12
-2.285,-1.67557207251604e-12,-1.304921444682592e-12
-2.284,-1.6970044492634812e-12,-1.3208297001350398e-12
-2.283,-1.718710015336571e-12,-1.3369321545631775e-12
-2.282,-1.7406922409907743e-12,-1.353231183785538e-12
-2.281,-1.7629546404117637e-12,-1.3697291927765665e-12
-2.28,-1.7855007722695958e-12,-1.3864286160259044e-12
-2.279,-1.8083342402798512e-12,-1.4033319179021218e-12
-2.278,-1.8314586937718292e-12,-1.4204415930209593e-12
-2.277,-1.854877828263883e-12,-1.4377601666181296e-12
-2.276,-1.878595386045983e-12,-1.4552901949267396e-12
-2.275,-1.9026151567696092e-12,-1.4730342655593896e-12
-2.274,-1.9269409780450433e-12,-1.4909949978950066e-12
-2.273,-1.9515767360461814e-12,-1.5091750434704735e-12
-2.272,-1.976526366122933e-12,-1.5275770863771104e-12
-2.271,-2.0017938534213247e-12,-1.5462038436620725e-12
-2.27,-2.027383233511388e-12,-1.5650580657347226e-12
-2.269,-2.0532985930229405e-12,-1.5841425367780422e-12
-2.268,-2.0795440702893508e-12,-1.6034600751651435e-12
-2.267,-2.1061238559993917e-12,-1.6230135338809459e-12
-2.266,-2.1330421938572845e-12,-1.6428058009490819e-12
-2.265,-2.1603033812510293e-12,-1.662839799864096e-12
-2.264,-2.187911769929133e-12,-1.6831184900290067e-12
-2.263,-2.2158717666858386e-12,-1.7036448671982926e-12
-2.262,-2.244187834054954e-12,-1.7244219639263756e-12
-2.261,-2.272864491012402e-12,-1.745452850021668e-12
-2.26,-2.301906313687591e-12,-1.7667406330062518e-12
-2.259,-2.331317936083713e-12,-1.7882884585812617e-12
-2.258,-2.3611040508070944e-12,-1.8100995110980434e-12
-2.257,-2.3912694098056997e-12,-1.832177014035159e-12
-2.256,-2.42181882511691e-12,-1.854524230481312e-12
-2.255,-2.4527571696246877e-12,-1.8771444636242656e-12
-2.254,-2.48408937782625e-12,-1.9000410572458314e-12
-2.253,-2.515820446608366e-12,-1.923217396223002e-12
-2.252,-2.5479554360333952e-12,-1.946676907035305e-12
-2.251,-2.5804994701352e-12,-1.970423058278456e-12
-2.25,-2.6134577377250424e-12,-1.9944593611843915e-12
-2.249,-2.6468354932075986e-12,-2.018789370147756e-12
-2.248,-2.6806380574072165e-12,-2.0434166832589322e-12
-2.247,-2.7148708184045386e-12,-2.068344942843687e-12
-2.246,-2.74953923238363e-12,-2.0935778360095248e-12
-2.245,-2.7846488244897313e-12,-2.1191190951988226e-12
-2.244,-2.8202051896977795e-12,-2.1449724987488434e-12
-2.243,-2.8562139936918252e-12,-2.171141871458701e-12
-2.242,-2.892680973755483e-12,-2.197631085163374e-12
-2.241,-2.929611939673555e-12,-2.22444405931485e-12
-2.24,-2.9670127746449673e-12,-2.2515847615704953e-12
-2.239,-3.0048894362071577e-12,-2.2790572083887332e-12
-2.238,-3.0432479571720594e-12,-2.3068654656321287e-12
-2.237,-3.0820944465738284e-12,-2.3350136491779705e-12
-2.236,-3.1214350906284565e-12,-2.3635059255364423e-12
-2.235,-3.1612761537054204e-12,-2.3923465124764807e-12
-2.234,-3.201623979311519e-12,-2.421539679659413e-12
-2.233,-3.2424849910870503e-12,-2.451089749280479e-12
-2.232,-3.2838656938144772e-12,-2.4810010967183256e-12
-2.231,-3.325772674439748e-12,-2.5112781511925815e-12
-2.23,-3.3682126031064204e-12,-2.541925396429613e-12
-2.229,-3.4111922342027533e-12,-2.5729473713365576e-12
-2.228,-3.454718407421929e-12,-2.604348670683746e-12
-2.227,-3.498798048835566e-12,-2.636133945795614e-12
-2.226,-3.5434381719806933e-12,-2.668307905250209e-12
-2.225,-3.588645878960351e-12,-2.7008753155874038e-12
-2.224,-3.6344283615579856e-12,-2.733841002025924e-12
-2.223,-3.680792902365821e-12,-2.7672098491892966e-12
-2.222,-3.727746875927364e-12,-2.8009868018408383e-12
-2.221,-3.7752977498942414e-12,-2.835176865627791e-12
-2.22,-3.823453086197527e-12,-2.869785107834721e-12
-2.219,-3.8722205422337524e-12,-2.9048166581463007e-12
-2.218,-3.921607872065785e-12,-2.940276709419585e-12
-2.217,-3.971622927638746e-12,-2.9761705184659074e-12
-2.216,-4.022273660011176e-12,-3.0125034068425126e-12
-2.215,-4.07356812060162e-12,-3.049280761654049e-12
-2.214,-4.125514462450831e-12,-3.0865080363640435e-12
-2.213,-4.178120941499798e-12,-3.1241907516164885e-12
-2.212,-4.231395917883774e-12,-3.1623344960676598e-12
-2.211,-4.2853478572425205e-12,-3.200944927228303e-12
-2.21,-4.339985332046969e-12,-3.24002777231631e-12
-2.209,-4.395317022942496e-12,-3.2795888291200254e-12
-2.208,-4.451351720109025e-12,-3.3196339668723102e-12
-2.207,-4.508098324638168e-12,-3.3601691271354985e-12
-2.206,-4.56556584992761e-12,-3.4012003246973883e-12
-2.205,-4.6237634230929606e-12,-3.4427336484784004e-12
-2.204,-4.682700286397286e-12,-3.4847752624500478e-12
-2.203,-4.742385798698542e-12,-3.5273314065648564e-12
-2.202,-4.802829436915134e-12,-3.5704083976978835e-12
-2.201,-4.864040797509826e-12,-3.6140126305999758e-12
-2.2,-4.926029597992228e-12,-3.658150578862918e-12
-2.199,-4.988805678440102e-12,-3.70282879589662e-12
-2.198,-5.052379003039707e-12,-3.7480539159184925e-12
-2.197,-5.116759661645429e-12,-3.79383265495517e-12
-2.196,-5.181957871358937e-12,-3.840171811856725e-12
-2.195,-5.247983978128109e-12,-3.887078269323544e-12
-2.194,-5.314848458365962e-12,-3.934558994946016e-12
-2.193,-5.382561920589856e-12,-3.982621042257194e-12
-2.192,-5.451135107081208e-12,-4.0312715517986026e-12
-2.191,-5.52057889556598e-12,-4.080517752199339e-12
-2.19,-5.5909043009161974e-12,-4.130366961268656e-12
-2.189,-5.662122476872754e-12,-4.180826587102179e-12
-2.188,-5.734244717789788e-12,-4.2319041292019395e-12
-2.187,-5.807282460400866e-12,-4.283607179610393e-12
-2.186,-5.881247285607286e-12,-4.335943424058598e-12
-2.185,-5.9561509202887395e-12,-4.388920643128741e-12
-2.184,-6.032005239136626e-12,-4.442546713431175e-12
-2.183,-6.108822266510314e-12,-4.496829608796169e-12
-2.182,-6.186614178316611e-12,-4.551777401480545e-12
-2.181,-6.265393303912747e-12,-4.607398263389384e-12
-2.18,-6.3451721280331616e-12,-4.66370046731301e-12
-2.179,-6.425963292740388e-12,-4.720692388179427e-12
-2.178,-6.507779599400339e-12,-4.778382504322406e-12
-2.177,-6.590634010682289e-12,-4.8367793987654305e-12
-2.176,-6.674539652583876e-12,-4.895891760521683e-12
-2.175,-6.759509816481418e-12,-4.955728385910294e-12
-2.174,-6.8455579612058705e-12,-5.016298179889041e-12
-2.173,-6.9326977151447396e-12,-5.077610157403713e-12
-2.172,-7.02094287837027e-12,-5.139673444754349e-12
-2.171,-7.110307424794249e-12,-5.2024972809785765e-12
-2.17,-7.200805504349743e-12,-5.266091019252227e-12
-2.169,-7.2924514452001e-12,-5.330464128307499e-12
-2.168,-7.385259755975582e-12,-5.395626193868848e-12
-2.167,-7.479245128037938e-12,-5.461586920106847e-12
-2.166,-7.574422437773286e-12,-5.528356131110234e-12
-2.165,-7.670806748913658e-12,-5.595943772376389e-12
-2.164,-7.768413314887543e-12,-5.664359912320463e-12
-2.163,-7.867257581199826e-12,-5.733614743803389e-12
-2.162,-7.967355187841441e-12,-5.803718585679033e-12
-2.161,-8.068721971729156e-12,-5.8746818843607034e-12
-2.16,-8.17137396917583e-12,-5.946515215407279e-12
-2.159,-8.275327418391529e-12,-6.019229285129201e-12
-2.158,-8.38059876201591e-12,-6.09283493221457e-12
-2.157,-8.487204649682212e-12,-6.167343129375612e-12
-2.156,-8.595161940613305e-12,-6.242764985015772e-12
-2.155,-8.704487706250138e-12,-6.3191117449176835e-12
-2.154,-8.815199232913049e-12,-6.396394793952288e-12
-2.153,-8.927314024496286e-12,-6.474625657809373e-12
-2.152,-9.040849805196196e-12,-6.553816004749787e-12
-2.151,-9.155824522273488e-12,-6.63397764737962e-12
-2.15,-9.272256348849974e-12,-6.7151225444466155e-12
-2.149,-9.390163686740253e-12,-6.797262802659105e-12
-2.148,-9.509565169318736e-12,-6.880410678527736e-12
-2.147,-9.630479664422481e-12,-6.9645785802302995e-12
-2.146,-9.752926277290263e-12,-7.049779069499933e-12
-2.145,-9.876924353538335e-12,-7.136024863537003e-12
-2.144,-1.0002493482173343e-11,-7.223328836944963e-12
-2.143,-1.0129653498642852e-11,-7.311704023690495e-12
-2.142,-1.0258424487923937e-11,-7.401163619088231e-12
-2.141,-1.0388826787650346e-11,-7.491720981810385e-12
-2.14,-1.052088099127867e-11,-7.583389635921585e-12
-2.139,-1.0654607951294049e-11,-7.67618327293924e-12
-2.138,-1.079002878245586e-11,-7.77011575391977e-12
-2.137,-1.0927164865083934e-11,-7.865201111571011e-12
-2.136,-1.1066037848385755e-11,-7.961453552391133e-12
-2.135,-1.120666965382519e-11,-8.058887458834413e-12
-2.134,-1.1349082478533242e-11,-8.157517391504189e-12
-2.133,-1.149329879876136e-11,-8.257358091373354e-12
-2.132,-1.1639341373377824e-11,-8.358424482032733e-12
-2.131,-1.1787233247407753e-11,-8.460731671967684e-12
-2.13,-1.1936997755617264e-11,-8.564294956863308e-12
-2.129,-1.2088658526142345e-11,-8.669129821938597e-12
-2.128,-1.224223948416298e-11,-8.775251944309915e-12
-2.127,-1.239776485562311e-11,-8.88267719538417e-12
-2.126,-1.2555259170996967e-11,-8.991421643282046e-12
-2.125,-1.2714747269102393e-11,-9.101501555291706e-12
-2.124,-1.2876254300961697e-11,-9.212933400353303e-12
-2.123,-1.303980573371067e-11,-9.325733851574741e-12
-2.122,-1.3205427354556313e-11,-9.439919788779053e-12
-2.121,-1.3373145274783933e-11,-9.55550830108379e-12
-2.12,-1.3542985933814178e-11,-9.672516689512861e-12
-2.119,-1.3714976103310655e-11,-9.790962469641199e-12
-2.118,-1.388914289133875e-11,-9.910863374272686e-12
-2.117,-1.4065513746576283e-11,-1.0032237356151765e-11
-2.116,-1.4244116462576648e-11,-1.015510259070915e-11
-2.115,-1.4424979182085084e-11,-1.0279477478842081e-11
-2.114,-1.4608130401408736e-11,-1.0405380649729556e-11
-2.113,-1.4793598974841174e-11,-1.0532830963682978e-11
-2.112,-1.4981414119142053e-11,-1.0661847515032688e-11
-2.111,-1.5171605418072582e-11,-1.0792449635050802e-11
-2.11,-1.5364202826987506e-11,-1.0924656894910858e-11
-2.109,-1.5559236677484297e-11,-1.1058489108684704e-11
-2.108,-1.575673768211027e-11,-1.119396633637712e-11
-2.107,-1.5956736939128343e-11,-1.1331108886998637e-11
-2.106,-1.6159265937342133e-11,-1.1469937321677062e-11
-2.105,-1.6364356560981193e-11,-1.1610472456808182e-11
-2.104,-1.657204109464706e-11,-1.1752735367246136e-11
-2.103,-1.6782352228320932e-11,-1.1896747389533993e-11
-2.102,-1.6995323062433697e-11,-1.204253012517501e-11
-2.101,-1.7210987112999078e-11,-1.2190105443945119e-11
-2.1,-1.7429378316810738e-11,-1.2339495487247128e-11
-2.099,-1.7650531036704063e-11,-1.2490722671507215e-11
-2.098,-1.7874480066883482e-11,-1.264380969161421e-11
-2.097,-1.8101260638316077e-11,-1.2798779524402229e-11
-2.096,-1.8330908424192387e-11,-1.2955655432177222e-11
-2.095,-1.8563459545455153e-11,-1.3114460966287952e-11
-2.094,-1.8798950576396896e-11,-1.3275219970742032e-11
-2.093,-1.9037418550327164e-11,-1.343795658586753e-11
-2.092,-1.9278900965310325e-11,-1.3602695252020767e-11
-2.091,-1.9523435789974768e-11,-1.3769460713340879e-11
-2.09,-1.9771061469394374e-11,-1.3938278021551732e-11
-2.089,-2.0021816931043214e-11,-1.4109172539811806e-11
-2.088,-2.0275741590824303e-11,-1.4282169946612646e-11
-2.087,-2.0532875359173397e-11,-1.4457296239726507e-11
-2.086,-2.079325864723873e-11,-1.4634577740203826e-11
-2.085,-2.1056932373137597e-11,-1.481404109642113e-11
-2.084,-2.1323937968290812e-11,-1.4995713288180042e-11
-2.083,-2.1594317383835948e-11,-1.517962163085805e-11
-2.082,-2.1868113097120333e-11,-1.5365793779611658e-11
-2.081,-2.2145368118274828e-11,-1.555425773363261e-11
-2.08,-2.2426125996869357e-11,-1.5745041840457893e-11
-2.079,-2.271043082865119e-11,-1.5938174800334124e-11
-2.078,-2.2998327262367045e-11,-1.6133685670637113e-11
-2.077,-2.328986050667001e-11,-1.6331603870347215e-11
-2.076,-2.358507633711234e-11,-1.6531959184581257e-11
-2.075,-2.3884021103225204e-11,-1.6734781769181697e-11
-2.074,-2.4186741735686445e-11,-1.6940102155363805e-11
-2.073,-2.4493285753577455e-11,-1.714795125442154e-11
-2.072,-2.4803701271730258e-11,-1.735836036249295e-11
-2.071,-2.5118037008165905e-11,-1.757136116538578e-11
-2.07,-2.5436342291625336e-11,-1.778698574346408e-11
-2.069,-2.5758667069193836e-11,-1.8005266576596665e-11
-2.068,-2.6085061914020243e-11,-1.8226236549168045e-11
-2.067,-2.6415578033132087e-11,-1.844992895515283e-11
-2.066,-2.6750267275347837e-11,-1.867637750325424e-11
-2.065,-2.7089182139287454e-11,-1.8905616322107683e-11
-2.064,-2.7432375781482487e-11,-1.91376799655501e-11
-2.063,-2.777990202458692e-11,-1.9372603417956024e-11
-2.062,-2.813181536569001e-11,-1.961042209964116e-11
-2.061,-2.8488170984732405e-11,-1.9851171872334333e-11
-2.06,-2.8849024753026793e-11,-2.0094889044718702e-11
-2.059,-2.921443324188439e-11,-2.0341610378043124e-11
-2.058,-2.958445373134855e-11,-2.0591373091804564e-11
-2.057,-2.9959144219036854e-11,-2.084421486950242e-11
-2.056,-3.0338563429093e-11,-2.1100173864465756e-11
-2.055,-3.0722770821249845e-11,-2.1359288705754325e-11
-2.054,-3.111182660000497e-11,-2.1621598504134295e-11
-2.053,-3.1505791723910186e-11,-2.1887142858129736e-11
-2.052,-3.190472791497636e-11,-2.215596186015072e-11
-2.051,-3.230869766819498e-11,-2.2428096102699093e-11
-2.05,-3.2717764261177955e-11,-2.270358668465288e-11
-2.049,-3.3131991763917e-11,-2.2982475217630332e-11
-2.048,-3.3551445048664196e-11,-2.326480383243464e-11
-2.047,-3.397618979993521e-11,-2.3550615185580344e-11
-2.046,-3.440629252463656e-11,-2.383995246590248e-11
-2.045,-3.4841820562318657e-11,-2.4132859401249538e-11
-2.044,-3.5282842095555955e-11,-2.442938026526127e-11
-2.043,-3.5729426160456024e-11,-2.4729559884232486e-11
-2.042,-3.6181642657298875e-11,-2.5033443644063876e-11
-2.041,-3.663956236130839e-11,-2.5341077497301044e-11
-2.04,-3.710325693355728e-11,-2.5652507970262805e-11
-2.039,-3.757279893200737e-11,-2.5967782170259976e-11
-2.038,-3.804826182268678e-11,-2.6286947792905708e-11
-2.037,-3.852971999100577e-11,-2.661005312951867e-11
-2.036,-3.901724875321289e-11,-2.6937147074620144e-11
-2.035,-3.951092436799319e-11,-2.726827913352632e-11
-2.034,-4.0010824048210287e-11,-2.7603499430036968e-11
-2.033,-4.051702597279399e-11,-2.7942858714221747e-11
-2.032,-4.102960929877532e-11,-2.8286408370305403e-11
-2.031,-4.15486541734707e-11,-2.8634200424653065e-11
-2.03,-4.2074241746817285e-11,-2.8986287553857042e-11
-2.029,-4.2606454183861077e-11,-2.934272309292628e-11
-2.028,-4.3145374677399904e-11,-2.970356104357993e-11
-2.027,-4.369108746078306e-11,-3.006885608264624e-11
-2.026,-4.4243677820869616e-11,-3.043866357056823e-11
-2.025,-4.480323211114725e-11,-3.081303956001745e-11
-2.024,-4.5369837765013715e-11,-3.119204080461721e-11
-2.023,-4.594358330922278e-11,-3.157572476777677e-11
-2.022,-4.652455837749686e-11,-3.196414963163775e-11
-2.021,-4.71128537243082e-11,-3.235737430613441e-11
-2.02,-4.770856123883085e-11,-3.275545843816907e-11
-2.019,-4.8311773959065425e-11,-3.315846242090427e-11
-2.018,-4.892258608613883e-11,-3.356644740317313e-11
-2.017,-4.954109299878108e-11,-3.3979475299009405e-11
-2.016,-5.0167391267981424e-11,-3.439760879729883e-11
-2.015,-5.080157867182597e-11,-3.4820911371553244e-11
-2.014,-5.144375421051897e-11,-3.5249447289809137e-11
-2.013,-5.209401812159024e-11,-3.568328162465217e-11
-2.012,-5.275247189529069e-11,-3.6122480263369277e-11
-2.011,-5.341921829017856e-11,-3.656710991823011e-11
-2.01,-5.4094361348898586e-11,-3.701723813689928e-11
-2.009,-5.4778006414156476e-11,-3.7472933312981253e-11
-2.008,-5.547026014489105e-11,-3.793426469669956e-11
-2.007,-5.6171230532646655e-11,-3.840130240571198e-11
-2.006,-5.6881026918148074e-11,-3.887411743606356e-11
-2.005,-5.759976000808062e-11,-3.935278167327913e-11
-2.004,-5.832754189207785e-11,-3.983736790359719e-11
-2.003,-5.906448605991939e-11,-4.032794982534697e-11
-2.002,-5.981070741894171e-11,-4.0824602060470426e-11
-2.001,-6.056632231166405e-11,-4.132740016619124e-11
-2.0,-6.133144853363257e-11,-4.183642064683242e-11
-1.999,-6.210620535148514e-11,-4.235174096578471e-11
-1.998,-6.289071352123956e-11,-4.287343955762754e-11
-1.997,-6.368509530680795e-11,-4.340159584040458e-11
-1.996,-6.448947449874014e-11,-4.393629022805586e-11
-1.995,-6.530397643319882e-11,-4.447760414300851e-11
-1.994,-6.612872801116921e-11,-4.502562002892808e-11
-1.993,-6.69638577179064e-11,-4.5580421363632594e-11
-1.992,-6.780949564262298e-11,-4.614209267217142e-11
-1.991,-6.866577349842012e-11,-4.671071954007099e-11
-1.99,-6.953282464246497e-11,-4.72863886267497e-11
-1.989,-7.041078409641743e-11,-4.786918767910394e-11
-1.988,-7.129978856710947e-11,-4.845920554526771e-11
-1.987,-7.21999764674799e-11,-4.9056532188547825e-11
-1.986,-7.31114879377679e-11,-4.9661258701537133e-11
-1.985,-7.403446486696843e-11,-5.0273477320408024e-11
-1.984,-7.496905091455257e-11,-5.089328143938843e-11
-1.983,-7.591539153245647e-11,-5.152076562542284e-11
-1.982,-7.687363398734169e-11,-5.2156025633020647e-11
-1.981,-7.784392738313064e-11,-5.279915841929414e-11
-1.98,-7.882642268382033e-11,-5.345026215918881e-11
-1.979,-7.982127273657784e-11,-5.410943626090824e-11
-1.978,-8.08286322951211e-11,-5.477678138153621e-11
-1.977,-8.184865804338827e-11,-5.545239944285854e-11
-1.976,-8.288150861949945e-11,-5.613639364738723e-11
-1.975,-8.392734464001429e-11,-5.6828868494589504e-11
-1.974,-8.498632872448889e-11,-5.752992979732446e-11
-1.973,-8.605862552033604e-11,-5.823968469848996e-11
-1.972,-8.714440172799223e-11,-5.895824168788242e-11
-1.971,-8.824382612639527e-11,-5.968571061927247e-11
-1.97,-8.935706959877642e-11,-6.042220272769892e-11
-1.969,-9.048430515877077e-11,-6.116783064698425e-11
-1.968,-9.162570797684974e-11,-6.192270842747408e-11
-1.967,-9.27814554070799e-11,-6.2686951554004e-11
-1.966,-9.395172701421176e-11,-6.346067696409614e-11
-1.965,-9.513670460110281e-11,-6.42440030663889e-11
-1.964,-9.633657223647892e-11,-6.503704975930271e-11
-1.963,-9.755151628303799e-11,-6.583993844994476e-11
-1.962,-9.878172542590041e-11,-6.665279207325594e-11
-1.961,-1.0002739070141026e-10,-6.747573511140307e-11
-1.96,-1.0128870552629177e-10,-6.830889361341957e-11
-1.959,-1.0256586572716516e-10,-6.915239521509788e-11
-1.958,-1.0385906957042662e-10,-7.000636915913672e-11
-1.957,-1.0516851779249645e-10,-7.08709463155466e-11
-1.956,-1.0649441363044022e-10,-7.174625920231703e-11
-1.955,-1.0783696285296731e-10,-7.263244200634859e-11
-1.954,-1.0919637379181161e-10,-7.352963060465332e-11
-1.953,-1.1057285737349889e-10,-7.443796258582724e-11
-1.952,-1.1196662715150566e-10,-7.535757727179802e-11
-1.951,-1.1337789933881443e-10,-7.628861573985171e-11
-1.95,-1.1480689284086987e-10,-7.72312208449421e-11
-1.949,-1.1625382928894125e-10,-7.818553724228621e-11
-1.948,-1.1771893307389572e-10,-7.915171141024983e-11
-1.947,-1.1920243138038764e-10,-8.012989167352672e-11
-1.946,-1.2070455422146912e-10,-8.112022822661533e-11
-1.945,-1.2222553447362676e-10,-8.21228731575969e-11
-1.944,-1.237656079122498e-10,-8.313798047221887e-11
-1.943,-1.253250132475353e-10,-8.416570611828747e-11
-1.942,-1.2690399216083496e-10,-8.520620801037362e-11
-1.941,-1.2850278934145e-10,-8.62596460548361e-11
-1.94,-1.301216525238785e-10,-8.732618217516623e-11
-1.939,-1.3176083252552163e-10,-8.840598033765801e-11
-1.938,-1.3342058328485386e-10,-8.949920657740828e-11
-1.937,-1.3510116190006282e-10,-9.060602902465082e-11
-1.936,-1.3680282866816492e-10,-9.1726617931429e-11
-1.935,-1.3852584712460225e-10,-9.286114569861123e-11
-1.934,-1.402704840833265e-10,-9.400978690325371e-11
-1.933,-1.4203700967737632e-10,-9.517271832631497e-11
-1.932,-1.438256973999538e-10,-9.635011898072683e-11
-1.931,-1.4563682414600604e-10,-9.754217013982629e-11
-1.93,-1.4747067025431848e-10,-9.874905536615316e-11
-1.929,-1.4932751955012573e-10,-9.997096054061816e-11
-1.928,-1.5120765938824654e-10,-1.0120807389204614e-10
-1.927,-1.5311138069674906e-10,-1.0246058602709962e-10
-1.926,-1.5503897802115313e-10,-1.0372868996058727e-10
-1.925,-1.5699074956917595e-10,-1.0501258114616251e-10
-1.924,-1.5896699725602787e-10,-1.0631245750741731e-10
-1.923,-1.6096802675026489e-10,-1.0762851946937613e-10
-1.922,-1.6299414752020489e-10,-1.0896096999039556e-10
-1.921,-1.650456728809141e-10,-1.1031001459447461e-10
-1.92,-1.671229200417713e-10,-1.1167586140398104e-10
-1.919,-1.692262101546161e-10,-1.1305872117279945e-10
-1.918,-1.7135586836248917e-10,-1.1445880731990612e-10
-1.917,-1.73512223848971e-10,-1.1587633596337659e-10
-1.916,-1.7569560988812693e-10,-1.1731152595483138e-10
-1.915,-1.7790636389506558e-10,-1.187645989143256e-10
-1.914,-1.8014482747711823e-10,-1.2023577926568833e-10
-1.913,-1.8241134648564692e-10,-1.2172529427231733e-10
-1.912,-1.8470627106848844e-10,-1.2323337407343549e-10
-1.911,-1.8702995572304253e-10,-1.2476025172081456e-10
-1.91,-1.893827593500117e-10,-1.263061632159725e-10
-1.909,-1.9176504530780094e-10,-1.2787134754785064e-10
-1.908,-1.9417718146758503e-10,-1.2945604673097668e-10
-1.907,-1.9661954026905185e-10,-1.3106050584412022e-10
-1.906,-1.9909249877682983e-10,-1.3268497306944677e-10
-1.905,-2.0159643873760776e-10,-1.3432969973217722e-10
-1.904,-2.041317466379556e-10,-1.3599494034075904e-10
-1.903,-2.066988137628547e-10,-1.3768095262755597e-10
-1.902,-2.0929803625494595e-10,-1.3938799759006298e-10
-1.901,-2.119298151745049e-10,-1.4111633953265333e-10
-1.9,-2.145945565601524e-10,-1.428662461088647e-10
-1.899,-2.172926714903098e-10,-1.446379883642315e-10
-1.898,-2.2002457614540807e-10,-1.4643184077967e-10
-1.897,-2.2279069187085927e-10,-1.4824808131542447e-10
-1.896,-2.2559144524080052e-10,-1.5008699145558055e-10
-1.895,-2.2842726812261922e-10,-1.5194885625315396e-10
-1.894,-2.3129859774226941e-10,-1.5383396437576203e-10
-1.893,-2.3420587675038856e-10,-1.5574260815188507e-10
-1.892,-2.371495532892249e-10,-1.5767508361772615e-10
-1.891,-2.401300810603846e-10,-1.5963169056467645e-10
-1.89,-2.4314791939340956e-10,-1.6161273258739419e-10
-1.889,-2.4620353331519493e-10,-1.636185171325055e-10
-1.888,-2.4929739362025766e-10,-1.6564935554793497e-10
-1.887,-2.524299769418651e-10,-1.6770556313287422e-10
-1.886,-2.556017658240354e-10,-1.6978745918839703e-10
-1.885,-2.588132487944198e-10,-1.718953670687291e-10
-1.884,-2.6206492043807673e-10,-1.7402961423318138e-10
-1.883,-2.6535728147214997e-10,-1.7619053229875531e-10
-1.882,-2.6869083882146093e-10,-1.7837845709342914e-10
-1.881,-2.720661056950262e-10,-1.8059372871013375e-10
-1.88,-2.7548360166351194e-10,-1.8283669156142738e-10
-1.879,-2.789438527376362e-10,-1.8510769443487834e-10
-1.878,-2.824473914475307e-10,-1.8740709054916478e-10
-1.877,-2.8599475692307405e-10,-1.897352376109011e-10
-1.876,-2.8958649497520757e-10,-1.9209249787220027e-10
-1.875,-2.932231581782462e-10,-1.944792381889822e-10
-1.874,-2.9690530595319624e-10,-1.9689583008003714e-10
-1.873,-3.006335046520923e-10,-1.9934264978685473e-10
-1.872,-3.044083276433659e-10,-2.0182007833422829e-10
-1.871,-3.082303553982575e-10,-2.0432850159164464e-10
-1.87,-3.1210017557828594e-10,-2.0686831033546982e-10
-1.869,-3.1601838312378697e-10,-2.0943990031194084e-10
-1.868,-3.1998558034353406e-10,-2.1204367230097447e-10
-1.867,-3.24002377005455e-10,-2.146800321808032e-10
-1.866,-3.2806939042845723e-10,-2.173493909934499e-10
-1.865,-3.3218724557537546e-10,-2.2005216501105145e-10
-1.864,-3.363565751470549e-10,-2.2278877580304308e-10
-1.863,-3.4057801967758443e-10,-2.255596503042142e-10
-1.862,-3.4485222763069293e-10,-2.2836522088364757e-10
-1.861,-3.491798554973234e-10,-2.3120592541455306e-10
-1.86,-3.5356156789439907e-10,-2.34082207345008e-10
-1.859,-3.5799803766479495e-10,-2.3699451576961564e-10
-1.858,-3.624899459785316e-10,-2.3994330550209433e-10
-1.857,-3.670379824352033e-10,-2.4292903714880895e-10
-1.856,-3.7164284516765744e-10,-2.4595217718325755e-10
-1.855,-3.763052409469395e-10,-2.490131980215253e-10
-1.854,-3.810258852885188e-10,-2.521125780987188e-10
-1.853,-3.8580550255981106e-10,-2.552508019463933e-10
-1.852,-3.9064482608901305e-10,-2.584283602709858e-10
-1.851,-3.9554459827526507e-10,-2.616457500332682e-10
-1.85,-4.005055707001578e-10,-2.64903474528832e-10
-1.849,-4.0552850424059924e-10,-2.6820204346962004e-10
-1.848,-4.1061416918305855e-10,-2.7154197306651824e-10
-1.847,-4.1576334533920333e-10,-2.749237861130204e-10
-1.846,-4.209768221629468e-10,-2.78348012069982e-10
-1.845,-4.262553988689226e-10,-2.818151871514757e-10
-1.844,-4.31599884552404e-10,-2.8532585441176377e-10
-1.843,-4.370110983106848e-10,-2.8888056383340177e-10
-1.842,-4.4248986936594024e-10,-2.9247987241648894e-10
-1.841,-4.4803703718958463e-10,-2.961243442690797e-10
-1.84,-4.536534516281454e-10,-2.9981455069877176e-10
-1.839,-4.593399730306701e-10,-3.0355107030548634e-10
-1.838,-4.6509747237768634e-10,-3.073344890754566e-10
-1.837,-4.709268314117323e-10,-3.111654004764392e-10
-1.836,-4.76828942769477e-10,-3.1504440555416573e-10
-1.835,-4.82804710115451e-10,-3.1897211303005055e-10
-1.834,-4.888550482774034e-10,-3.229491394001711e-10
-1.833,-4.949808833833094e-10,-3.269761090355372e-10
-1.832,-5.011831530000441e-10,-3.3105365428366723e-10
-1.831,-5.074628062737452e-10,-3.351824155714873e-10
-1.83,-5.138208040718845e-10,-3.393630415095717e-10
-1.829,-5.202581191270669e-10,-3.4359618899774203e-10
-1.828,-5.267757361825818e-10,-3.4788252333204217e-10
-1.827,-5.333746521397226e-10,-3.522227183131087e-10
-1.826,-5.40055876206901e-10,-3.566174563559534e-10
-1.825,-5.468204300505731e-10,-3.610674286011782e-10
-1.824,-5.536693479480028e-10,-3.655733350276398e-10
-1.823,-5.606036769418816e-10,-3.7013588456658445e-10
-1.822,-5.676244769968295e-10,-3.7475579521727097e-10
-1.821,-5.747328211577985e-10,-3.7943379416410297e-10
-1.82,-5.819297957104009e-10,-3.841706178952889e-10
-1.819,-5.892165003431873e-10,-3.889670123230512e-10
-1.818,-5.965940483118968e-10,-3.9382373290540377e-10
-1.817,-6.040635666057023e-10,-3.987415447695197e-10
-1.816,-6.116261961154762e-10,-4.037212228367092e-10
-1.815,-6.192830918041011e-10,-4.087635519490295e-10
-1.814,-6.270354228788478e-10,-4.1386932699754836e-10
-1.813,-6.348843729658471e-10,-4.1903935305228217e-10
-1.812,-6.428311402866821e-10,-4.242744454938322e-10
-1.811,-6.508769378371225e-10,-4.295754301467395e-10
-1.81,-6.590229935680302e-10,-4.349431434145831e-10
-1.809,-6.672705505684599e-10,-4.403784324168431e-10
-1.808,-6.756208672509834e-10,-4.458821551275524e-10
-1.807,-6.840752175392613e-10,-4.51455180515761e-10
-1.806,-6.926348910578926e-10,-4.570983886878362e-10
-1.805,-7.013011933245656e-10,-4.628126710316235e-10
-1.804,-7.100754459445412e-10,-4.685989303624924e-10
-1.803,-7.189589868074943e-10,-4.74458081071292e-10
-1.802,-7.279531702867432e-10,-4.803910492742421e-10
-1.801,-7.37059367440894e-10,-4.863987729647848e-10
-1.8,-7.462789662179298e-10,-4.924822021674226e-10
-1.799,-7.556133716617748e-10,-4.986422990935696e-10
-1.798,-7.65064006121361e-10,-5.048800382994422e-10
-1.797,-7.74632309462229e-10,-5.111964068460156e-10
-1.796,-7.843197392806937e-10,-5.175924044610755e-10
-1.795,-7.94127771120603e-10,-5.240690437033897e-10
-1.794,-8.040578986927238e-10,-5.306273501290296e-10
-1.793,-8.141116340967845e-10,-5.372683624598704e-10
-1.792,-8.242905080462069e-10,-5.439931327542971e-10
-1.791,-8.345960700955588e-10,-5.508027265801468e-10
-1.79,-8.450298888707611e-10,-5.576982231899164e-10
-1.789,-8.555935523020809e-10,-5.646807156982657e-10
-1.788,-8.662886678599449e-10,-5.717513112618467e-10
-1.787,-8.771168627936069e-10,-5.789111312614888e-10
-1.786,-8.880797843727024e-10,-5.861613114867726e-10
-1.785,-8.991791001317263e-10,-5.935030023230227e-10
-1.784,-9.104164981174672e-10,-6.009373689407518e-10
-1.783,-9.217936871394355e-10,-6.084655914875889e-10
-1.782,-9.33312397023318e-10,-6.160888652827246e-10
-1.781,-9.44974378867499e-10,-6.238084010139062e-10
-1.78,-9.567814053026811e-10,-6.316254249370161e-10
-1.779,-9.687352707546449e-10,-6.395411790782699e-10
-1.778,-9.80837791710184e-10,-6.475569214390656e-10
-1.777,-9.930908069862537e-10,-6.556739262035221e-10
-1.776,-1.0054961780023706e-9,-6.638934839487406e-10
-1.775,-1.0180557890563052e-9,-6.722169018578258e-10
-1.774,-1.0307715476031009e-9,-6.806455039357034e-10
-1.773,-1.0436453845374654e-9,-6.891806312277712e-10
-1.772,-1.0566792544795706e-9,-6.978236420414204e-10
-1.771,-1.0698751360643033e-9,-7.065759121704673e-10
-1.77,-1.083235032234006e-9,-7.154388351225303e-10
-1.769,-1.0967609705347539e-9,-7.244138223493963e-10
-1.768,-1.1104550034162023e-9,-7.335023034804107e-10
-1.767,-1.1243192085350568e-9,-7.427057265589359e-10
-1.766,-1.1383556890622007e-9,-7.520255582819157e-10
-1.765,-1.1525665739935278e-9,-7.614632842425884e-10
-1.764,-1.1669540184645242e-9,-7.7102040917639e-10
-1.763,-1.1815202040686418e-9,-7.806984572100901e-10
-1.762,-1.1962673391795123e-9,-7.904989721142025e-10
-1.761,-1.2111976592770415e-9,-8.004235175587155e-10
-1.76,-1.2263134272774372e-9,-8.104736773721845e-10
-1.759,-1.2416169338672109e-9,-8.206510558042322e-10
-1.758,-1.2571104978412046e-9,-8.309572777915022e-10
-1.757,-1.2727964664446904e-9,-8.413939892271106e-10
-1.756,-1.2886772157195876e-9,-8.519628572336429e-10
-1.755,-1.3047551508548517e-9,-8.626655704397437e-10
-1.754,-1.3210327065410793e-9,-8.735038392603458e-10
-1.753,-1.3375123473293837e-9,-8.84479396180588e-10
-1.752,-1.3541965679945882e-9,-8.955939960434696e-10
-1.751,-1.3710878939027918e-9,-9.068494163412937e-10
-1.75,-1.3881888813833544e-9,-9.182474575109456e-10
-1.749,-1.4055021181053599e-9,-9.297899432330612e-10
-1.748,-1.4230302234586048e-9,-9.41478720735135e-10
-1.747,-1.44077584893917e-9,-9.533156610986212e-10
-1.746,-1.4587416785396266e-9,-9.653026595700793e-10
-1.745,-1.4769304291439347e-9,-9.774416358764196e-10
-1.744,-1.4953448509270863e-9,-9.897345345443038e-10
-1.743,-1.5139877277595524e-9,-1.0021833252237532e-9
-1.742,-1.5328618776165892e-9,-1.0147900030160225e-9
-1.741,-1.5519701529924588e-9,-1.0275565888057965e-9
-1.74,-1.5713154413196302e-9,-1.0404851295977657e-9
-1.739,-1.590900665393008e-9,-1.0535776988576393e-9
-1.738,-1.6107287837992594e-9,-1.0668363968576561e-9
-1.737,-1.630802791351293e-9,-1.0802633510266513e-9
-1.736,-1.651125719527952e-9,-1.0938607163047405e-9
-1.735,-1.6717006369189841e-9,-1.1076306755026843e-9
-1.734,-1.6925306496753506e-9,-1.1215754396659918e-9
-1.733,-1.7136189019649359e-9,-1.135697248443831e-9
-1.732,-1.7349685764337236e-9,-1.1499983704628048e-9
-1.731,-1.756582894672503e-9,-1.1644811037056627e-9
-1.73,-1.7784651176891681e-9,-1.17914777589501e-9
-1.729,-1.8006185463866826e-9,-1.1940007448820837e-9
-1.728,-1.8230465220467683e-9,-1.2090423990406603e-9
-1.727,-1.8457524268193928e-9,-1.224275157666166e-9
-1.726,-1.8687396842181183e-9,-1.2397014713800569e-9
-1.725,-1.892011759621387e-9,-1.2553238225395425e-9
-1.724,-1.9155721607798054e-9,-1.271144725652718e-9
-1.723,-1.9394244383295065e-9,-1.2871667277991842e-9
-1.722,-1.9635721863116543e-9,-1.303392409056224e-9
-1.721,-1.988019042698168e-9,-1.3198243829306103e-9
-1.72,-2.012768689923736e-9,-1.3364652967961214e-9
-1.719,-2.037824855424196e-9,-1.3533178323368387e-9
-1.718,-2.063191312181353e-9,-1.370384705996306e-9
-1.717,-2.0888718792743154e-9,-1.3876686694326253e-9
-1.716,-2.1148704224374225e-9,-1.4051725099795724e-9
-1.715,-2.141190854624839e-9,-1.4228990511138082e-9
-1.714,-2.1678371365819047e-9,-1.440851152928272e-9
-1.713,-2.194813277423302e-9,-1.4590317126118334e-9
-1.712,-2.2221233352181406e-9,-1.4774436649352929e-9
-1.711,-2.249771417582023e-9,-1.4960899827438107e-9
-1.71,-2.277761682276188e-9,-1.5149736774558518e-9
-1.709,-2.3060983378138e-9,-1.5340977995687356e-9
-1.708,-2.3347856440734856e-9,-1.5534654391708744e-9
-1.707,-2.363827912920185e-9,-1.5730797264607948e-9
-1.706,-2.393229508833414e-9,-1.592943832273029e-9
-1.705,-2.422994849543025e-9,-1.6130609686109696e-9
-1.704,-2.453128406672545e-9,-1.6334343891867809e-9
-1.703,-2.483634706390194e-9,-1.65406738996846e-9
-1.702,-2.5145183300676546e-9,-1.6749633097341442e-9
-1.701,-2.5457839149467056e-9,-1.6961255306337611e-9
-1.7,-2.577436154813792e-9,-1.71755747875812e-9
-1.699,-2.6094798006826377e-9,-1.7392626247155438e-9
-1.698,-2.6419196614849878e-9,-1.7612444842161414e-9
-1.697,-2.6747606047695778e-9,-1.783506618663825e-9
-1.696,-2.7080075574094266e-9,-1.8060526357561732e-9
-1.695,-2.741665506317551e-9,-1.828886190092247e-9
-1.694,-2.7757394991711952e-9,-1.852010983788464e-9
-1.693,-2.810234645144683e-9,-1.8754307671026385e-9
-1.692,-2.8451561156509873e-9,-1.899149339066298e-9
-1.691,-2.880509145092117e-9,-1.9231705481253836e-9
-1.69,-2.9162990316184343e-9,-1.947498292789453e-9
-1.689,-2.952531137896994e-9,-1.9721365222894907e-9
-1.688,-2.989210891889017e-9,-1.997089237244451e-9
-1.687,-3.026343787636606e-9,-2.0223604903366397e-9
-1.686,-3.063935386058806e-9,-2.047954386996064e-9
-1.685,-3.101991315757121e-9,-2.073875086093861e-9
-1.684,-3.1405172738305968e-9,-2.100126800644932e-9
-1.683,-3.1795190267005836e-9,-2.1267137985199067e-9
-1.682,-3.219002410945287e-9,-2.1536404031665555e-9
-1.681,-3.258973334144222e-9,-2.1809109943407843e-9
-1.68,-3.2994377757326906e-9,-2.2085300088473365e-9
-1.679,-3.34040178786639e-9,-2.2365019412903313e-9
-1.678,-3.381871496296279e-9,-2.264831344833773e-9
-1.677,-3.4238531012538156e-9,-2.2935228319721617e-9
-1.676,-3.466352878346687e-9,-2.3225810753113437e-9
-1.675,-3.509377179465156e-9,-2.352010808359737e-9
-1.674,-3.552932433699147e-9,-2.3818168263300723e-9
-1.673,-3.597025148266191e-9,-2.412003986951788e-9
-1.672,-3.6416619094503654e-9,-2.442577211294225e-9
-1.671,-3.686849383552346e-9,-2.473541484600766e-9
-1.67,-3.732594317850705e-9,-2.504901857134062e-9
-1.669,-3.778903541574588e-9,-2.5366634450325013e-9
-1.668,-3.8257839668878935e-9,-2.5688314311780645e-9
-1.667,-3.8732425898850954e-9,-2.6014110660757233e-9
-1.666,-3.921286491598845e-9,-2.6344076687445396e-9
-1.665,-3.969922839019475e-9,-2.667826627620613e-9
-1.664,-4.019158886126563e-9,-2.7016734014720453e-9
-1.663,-4.069001974932679e-9,-2.7359535203260814e-9
-1.662,-4.119459536539465e-9,-2.7706725864085816e-9
-1.661,-4.17053909220618e-9,-2.805836275096004e-9
-1.66,-4.222248254430872e-9,-2.8414503358800547e-9
-1.659,-4.2745947280443014e-9,-2.8775205933451806e-9
-1.658,-4.327586311316783e-9,-2.914052948159074e-9
-1.657,-4.38123089707808e-9,-2.95105337807637e-9
-1.656,-4.435536473850504e-9,-2.988527938955706e-9
-1.655,-4.490511126995388e-9,-3.0264827657903267e-9
-1.654,-4.546163039873059e-9,-3.0649240737524188e-9
-1.653,-4.6025004950164936e-9,-3.1038581592513537e-9
-1.652,-4.659531875318795e-9,-3.143291401006031e-9
-1.651,-4.7172656652346565e-9,-3.1832302611315106e-9
-1.65,-4.775710451995981e-9,-3.223681286240121e-9
-1.649,-4.834874926841797e-9,-3.264651108557246e-9
-1.648,-4.8947678862626706e-9,-3.3061464470519807e-9
-1.647,-4.9553982332597346e-9,-3.3481741085828592e-9
-1.646,-5.016774978618548e-9,-3.390740989058857e-9
-1.645,-5.078907242197923e-9,-3.433854074615873e-9
-1.644,-5.141804254233911e-9,-3.4775204428088974e-9
-1.643,-5.2054753566591094e-9,-3.521747263820081e-9
-1.642,-5.269930004437472e-9,-3.5665418016829127e-9
-1.641,-5.335177766914797e-9,-3.6119114155227293e-9
-1.64,-5.401228329185077e-9,-3.657863560813773e-9
-1.639,-5.468091493472883e-9,-3.7044057906530187e-9
-1.638,-5.5357771805319825e-9,-3.751545757050999e-9
-1.637,-5.604295431060354e-9,-3.799291212239853e-9
-1.636,-5.673656407131811e-9,-3.847650009998838e-9
-1.635,-5.743870393644403e-9,-3.8966301069975224e-9
-1.634,-5.814947799785807e-9,-3.9462395641569196e-9
-1.633,-5.886899160515877e-9,-3.9964865480287875e-9
-1.632,-5.9597351380665755e-9,-4.047379332193343e-9
-1.631,-6.033466523459468e-9,-4.098926298675645e-9
-1.63,-6.1081042380409785e-9,-4.151135939380887e-9
-1.629,-6.183659335035626e-9,-4.204016857548864e-9
-1.628,-6.2601430011174296e-9,-4.257577769227864e-9
-1.627,-6.337566557999694e-9,-4.31182750476825e-9
-1.626,-6.4159414640433916e-9,-4.366775010335998e-9
-1.625,-6.4952793158843445e-9,-4.422429349446452e-9
-1.624,-6.5755918500794244e-9,-4.4787997045185855e-9
-1.623,-6.656890944771982e-9,-4.535895378450023e-9
-1.622,-6.739188621376734e-9,-4.5937257962131216e-9
-1.621,-6.822497046284318e-9,-4.6523005064723805e-9
-1.62,-6.906828532585746e-9,-4.711629183223481e-9
-1.619,-6.992195541816979e-9,-4.771721627454234e-9
-1.618,-7.078610685723849e-9,-4.832587768827737e-9
-1.617,-7.166086728047567e-9,-4.894237667388042e-9
-1.616,-7.254636586331043e-9,-4.956681515288638e-9
-1.615,-7.344273333746252e-9,-5.019929638544042e-9
-1.614,-7.435010200942892e-9,-5.083992498804833e-9
-1.613,-7.526860577918571e-9,-5.148880695156427e-9
-1.612,-7.619838015910766e-9,-5.214604965941917e-9
-1.611,-7.7139562293108e-9,-5.2811761906093066e-9
-1.61,-7.809229097600085e-9,-5.34860539158347e-9
-1.609,-7.90567066730889e-9,-5.41690373616315e-9
-1.608,-8.003295153997866e-9,-5.486082538443366e-9
-1.607,-8.102116944262631e-9,-5.556153261263542e-9
-1.606,-8.20215059776161e-9,-5.627127518181721e-9
-1.605,-8.303410849267445e-9,-5.699017075475213e-9
-1.604,-8.405912610742229e-9,-5.7718338541680335e-9
-1.603,-8.50967097343681e-9,-5.845589932085487e-9
-1.602,-8.614701210014456e-9,-5.920297545936275e-9
-1.601,-8.72101877669916e-9,-5.995969093422484e-9
-1.6,-8.82863931544883e-9,-6.0726171353778534e-9
-1.599,-8.9375786561537e-9,-6.1502543979346695e-9
-1.598,-9.047852818860175e-9,-6.228893774719707e-9
-1.597,-9.159478016020447e-9,-6.308548329079594e-9
-1.596,-9.272470654768167e-9,-6.389231296335995e-9
-1.595,-9.386847339220429e-9,-6.470956086071016e-9
-1.594,-9.502624872806403e-9,-6.553736284443251e-9
-1.593,-9.619820260622891e-9,-6.6375856565348715e-9
-1.592,-9.73845071181711e-9,-6.722518148730174e-9
-1.591,-9.858533641997015e-9,-6.808547891126031e-9
-1.59,-9.980086675669468e-9,-6.895689199974651e-9
-1.589,-1.0103127648706549e-8,-6.983956580159108e-9
-1.588,-1.022767461084034e-8,-7.073364727702058e-9
-1.587,-1.0353745828186508e-8,-7.1639285323081155e-9
-1.586,-1.0481359785796965e-8,-7.255663079940328e-9
-1.585,-1.0610535190241986e-8,-7.348583655431213e-9
-1.584,-1.0741290972222076e-8,-7.44270574512883e-9
-1.583,-1.0873646289209915e-8,-7.538045039578356e-9
-1.582,-1.1007620528122748e-8,-7.634617436239639e-9
-1.581,-1.1143233308025522e-8,-7.73243904224123e-9
-1.58,-1.1280504482865127e-8,-7.831526177171377e-9
-1.579,-1.1419454144236094e-8,-7.931895375906473e-9
-1.578,-1.1560102624178092e-8,-8.033563391477486e-9
-1.577,-1.1702470498005556e-8,-8.136547197974858e-9
-1.576,-1.1846578587169853e-8,-8.240863993492423e-9
-1.575,-1.1992447962154281e-8,-8.346531203110834e-9
-1.574,-1.2140099945402333e-8,-8.453566481921074e-9
-1.573,-1.228955611427952e-8,-8.561987718088564e-9
-1.572,-1.24408383040692e-8,-8.671813035958423e-9
-1.571,-1.2593968611002721e-8,-8.783060799202445e-9
-1.57,-1.2748969395324313e-8,-8.895749614008354e-9
-1.569,-1.290586328439106e-8,-9.009898332311896e-9
-1.568,-1.3064673175808382e-8,-9.125526055072371e-9
-1.567,-1.32254222406014e-8,-9.242652135592173e-9
-1.566,-1.3388133926422563e-8,-9.361296182880932e-9
-1.565,-1.3552831960795978e-8,-9.481478065064893e-9
-1.564,-1.37195403543988e-8,-9.603217912842088e-9
-1.563,-1.3888283404380113e-8,-9.726536122983985e-9
-1.562,-1.4059085697717714e-8,-9.851453361884183e-9
-1.561,-1.4231972114613217e-8,-9.977990569154839e-9
-1.56,-1.4406967831925872e-8,-1.0106168961271436e-8
-1.559,-1.4584098326645569e-8,-1.0236010035266572e-8
-1.558,-1.4763389379405398e-8,-1.0367535572473418e-8
-1.557,-1.494486707803426e-8,-1.0500767642319518e-8
-1.556,-1.512855782114991e-8,-1.063572860617163e-8
-1.555,-1.5314488321792913e-8,-1.077244112123227e-8
-1.554,-1.550268561110193e-8,-1.0910928144488683e-8
-1.553,-1.5693177042030827e-8,-1.1051212936714942e-8
-1.552,-1.5885990293108e-8,-1.1193319066527897e-8
-1.551,-1.608115337223843e-8,-1.1337270414497686e-8
-1.55,-1.6278694620548905e-8,-1.1483091177313584e-8
-1.549,-1.6478642716276905e-8,-1.1630805872005901e-8
-1.548,-1.6681026678703573e-8,-1.1780439340224703e-8
-1.547,-1.68858758721313e-8,-1.1932016752576137e-8
-1.546,-1.70932200099064e-8,-1.2085563613017124e-8
-1.545,-1.7303089158487324e-8,-1.2241105763309212e-8
-1.544,-1.751551374155896e-8,-1.23986693875324e-8
-1.543,-1.7730524544193485e-8,-1.2558281016659736e-8
-1.542,-1.7948152717058274e-8,-1.2719967533193522e-8
-1.541,-1.816842978067139e-8,-1.2883756175863947e-8
-1.54,-1.8391387629705128e-8,-1.3049674544391e-8
-1.539,-1.8617058537338206e-8,-1.3217750604310539e-8
-1.538,-1.8845475159657052e-8,-1.338801269186534e-8
-1.537,-1.907667054010673e-8,-1.3560489518962058e-8
-1.536,-1.931067811399209e-8,-1.3735210178194963e-8
-1.535,-1.9547531713029612e-8,-1.391220414793735e-8
-1.534,-1.9787265569950542e-8,-1.4091501297501575e-8
-1.533,-2.0029914323155828e-8,-1.4273131892368603e-8
-1.532,-2.027551302142344e-8,-1.4457126599488045e-8
-1.531,-2.0524097128668633e-8,-1.4643516492649623e-8
-1.53,-2.0775702528757688e-8,-1.4832333057927032e-8
-1.529,-2.1030365530375742e-8,-1.502360819919518e-8
-1.528,-2.1288122871949276e-8,-1.5217374243721813e-8
-1.527,-2.1549011726623803e-8,-1.541366394783451e-8
-1.526,-2.18130697072974e-8,-1.5612510502664107e-8
-1.525,-2.208033487171065e-8,-1.5813947539965522e-8
-1.524,-2.2350845727593595e-8,-1.6018009138017118e-8
-1.523,-2.2624641237870298e-8,-1.6224729827599584e-8
-1.522,-2.290176082592165e-8,-1.6434144598055477e-8
-1.521,-2.318224438090701e-8,-1.664628890343047e-8
-1.52,-2.346613226314534e-8,-1.6861198668697454e-8
-1.519,-2.3753465309556387e-8,-1.7078910296064582e-8
-1.518,-2.4044284839162663e-8,-1.7299460671368435e-8
-1.517,-2.4338632658652746e-8,-1.7522887170553404e-8
-1.516,-2.4636551068006638e-8,-1.7749227666238538e-8
-1.515,-2.4938082866183778e-8,-1.7978520534372954e-8
-1.514,-2.5243271356874396e-8,-1.8210804660981092e-8
-1.513,-2.5552160354314862e-8,-1.8446119448998987e-8
-1.512,-2.5864794189167727e-8,-1.8684504825202783e-8
-1.511,-2.6181217714467074e-8,-1.892600124723079e-8
-1.51,-2.6501476311629952e-8,-1.9170649710700312e-8
-1.509,-2.6825615896534497e-8,-1.9418491756420536e-8
-1.508,-2.715368292566549e-8,-1.9669569477702798e-8
-1.507,-2.7485724402328054e-8,-1.9923925527769546e-8
-1.506,-2.782178788293016e-8,-2.018160312726333e-8
-1.505,-2.8161921483334714e-8,-2.0442646071857173e-8
-1.504,-2.8506173885281917e-8,-2.0707098739967724e-8
-1.503,-2.885459434288262e-8,-2.0975006100572556e-8
-1.502,-2.9207232689183427e-8,-2.124641372113303e-8
-1.501,-2.956413934280432e-8,-2.152136777562419e-8
-1.5,-2.9925365314649465e-8,-2.179991505267309e-8
-1.499,-3.029096221469207e-8,-2.2082102963807052e-8
-1.498,-3.0660982258833985e-8,-2.236797955181335e-8
-1.497,-3.1035478275840805e-8,-2.265759349921184e-8
-1.496,-3.141450371435335e-8,-2.295099413684202e-8
-1.495,-3.17981126499762e-8,-2.3248231452566145e-8
-1.494,-3.218635979244408e-8,-2.3549356100089905e-8
-1.493,-3.2579300492867044e-8,-2.385441940790232e-8
-1.492,-3.2976990751055043e-8,-2.4163473388336417e-8
-1.491,-3.3379487222922856e-8,-2.4476570746752373e-8
-1.49,-3.3786847227976176e-8,-2.4793764890844748e-8
-1.489,-3.419912875687958e-8,-2.511510994007553e-8
-1.488,-3.461639047910736e-8,-2.5440660735234673e-8
-1.487,-3.503869175067797e-8,-2.5770472848129845e-8
-1.486,-3.5466092621972956e-8,-2.6104602591407218e-8
-1.485,-3.5898653845641254e-8,-2.644310702850495e-8
-1.484,-3.633643688458964e-8,-2.678604398374129e-8
-1.483,-3.677950392006038e-8,-2.7133472052539052e-8
-1.482,-3.722791785979671e-8,-2.7485450611788332e-8
-1.481,-3.768174234629726e-8,-2.7842039830349354e-8
-1.48,-3.814104176516021e-8,-2.820330067969733e-8
-1.479,-3.8605881253518106e-8,-2.8569294944711298e-8
-1.478,-3.9076326708564187e-8,-2.894008523460882e-8
-1.477,-3.955244479617126e-8,-2.931573499402861e-8
-1.476,-4.0034302959603987e-8,-2.9696308514263043e-8
-1.475,-4.0521969428325454e-8,-3.008187094464258e-8
-1.474,-4.10155132268991e-8,-3.047248830407421e-8
-1.473,-4.1515004183986825e-8,-3.086822749273596e-8
-1.472,-4.2020512941444364e-8,-3.1269156303929606e-8
-1.471,-4.253211096351475e-8,-3.167534343609375e-8
-1.47,-4.304987054612097e-8,-3.208685850497942e-8
-1.469,-4.357386482625873e-8,-3.250377205599038e-8
-1.468,-4.410416779149031e-8,-3.292615557669046e-8
-1.467,-4.464085428954057e-8,-3.3354081509480085e-8
-1.466,-4.5184000037996035e-8,-3.378762326444435e-8
-1.465,-4.573368163410813e-8,-3.422685523237499e-8
-1.464,-4.62899765647016e-8,-3.4671852797968524e-8
-1.463,-4.685296321618905e-8,-3.512269235320307e-8
-1.462,-4.7422720884692784e-8,-3.5579451310896176e-8
-1.461,-4.7999329786274904e-8,-3.6042208118446155e-8
-1.46,-4.858287106727669e-8,-3.651104227175946e-8
-1.459,-4.917342681476847e-8,-3.698603432936648e-8
-1.458,-4.9771080067110885e-8,-3.746726592672856e-8
-1.457,-5.037591482462873e-8,-3.7954819790738545e-8
-1.456,-5.098801606039847e-8,-3.844877975441776e-8
-1.455,-5.1607469731150457e-8,-3.894923077181185e-8
-1.454,-5.223436278828704e-8,-3.945625893308841e-8
-1.453,-5.286878318901759e-8,-3.996995147983892e-8
-1.452,-5.351081990761165e-8,-4.04903968205879e-8
-1.451,-5.416056294677132e-8,-4.1017684546512125e-8
-1.45,-5.4818103349123963e-8,-4.1551905447372594e-8
-1.449,-5.548353320883647e-8,-4.209315152766233e-8
-1.448,-5.615694568335217e-8,-4.2641516022972774e-8
-1.447,-5.683843500525159e-8,-4.319709341658188e-8
-1.446,-5.752809649423823e-8,-4.375997945626684e-8
-1.445,-5.8226026569250533e-8,-4.4330271171344486e-8
-1.444,-5.8932322760701276e-8,-4.490806688994252e-8
-1.443,-5.964708372284549e-8,-4.549346625650465e-8
-1.442,-6.037040924627828e-8,-4.6086570249532825e-8
-1.441,-6.110240027056357e-8,-4.6687481199569814e-8
-1.44,-6.184315889699518e-8,-4.729630280742533e-8
-1.439,-6.259278840149134e-8,-4.791314016264908e-8
-1.438,-6.335139324762395e-8,-4.853809976225404e-8
-1.437,-6.411907909978382e-8,-4.917128952969339e-8
-1.436,-6.48959528364832e-8,-4.9812818834094485e-8
-1.435,-6.568212256379677e-8,-5.046279850975347e-8
-1.434,-6.647769762894245e-8,-5.112134087589394e-8
-1.433,-6.728278863400327e-8,-5.178855975669333e-8
-1.432,-6.80975074497917e-8,-5.246457050158066e-8
-1.431,-6.89219672298576e-8,-5.314949000580922e-8
-1.43,-6.975628242464114e-8,-5.384343673130809e-8
-1.429,-7.060056879577215e-8,-5.4546530727816105e-8
-1.428,-7.145494343051701e-8,-5.525889365430228e-8
-1.427,-7.23195247563746e-8,-5.5980648800676406e-8
-1.426,-7.319443255582258e-8,-5.671192110979386e-8
-1.425,-7.407978798121535e-8,-5.745283719975867e-8
-1.424,-7.497571356983505e-8,-5.8203525386528656e-8
-1.423,-7.588233325909706e-8,-5.896411570682712e-8
-1.422,-7.679977240191125e-8,-5.973473994136483e-8
-1.421,-7.772815778220044e-8,-6.05155316383768e-8
-1.42,-7.866761763057749e-8,-6.130662613747812e-8
-1.419,-7.961828164018239e-8,-6.210816059384289e-8
-1.418,-8.058028098268072e-8,-6.292027400271105e-8
-1.417,-8.155374832442504e-8,-6.374310722422727e-8
-1.416,-8.253881784278046e-8,-6.457680300861644e-8
-1.415,-8.353562524261598e-8,-6.542150602170045e-8
-1.414,-8.454430777296297e-8,-6.627736287076077e-8
-1.413,-8.556500424384224e-8,-6.714452213075159e-8
-1.412,-8.65978550432612e-8,-6.802313437086822e-8
-1.411,-8.764300215438255e-8,-6.891335218147565e-8
-1.41,-8.8700589172866e-8,-6.981533020140203e-8
-1.409,-8.977076132438446e-8,-7.07292251456022e-8
-1.408,-9.085366548231626e-8,-7.16551958331961e-8
-1.407,-9.19494501856148e-8,-7.259340321588726e-8
-1.406,-9.30582656568573e-8,-7.354401040676651e-8
-1.405,-9.418026382047394e-8,-7.450718270950612e-8
-1.404,-9.531559832115912e-8,-7.548308764794966e-8
-1.403,-9.646442454246621e-8,-7.64718949961029e-8
-1.402,-9.762689962558747e-8,-7.747377680853136e-8
-1.401,-9.88031824883205e-8,-7.848890745116981e-8
-1.4,-9.999343384422303e-8,-7.951746363254944e-8
-1.399,-1.0119781622195723e-7,-8.055962443544827e-8
-1.398,-1.0241649398482548e-7,-8.161557134897068e-8
-1.397,-1.0364963335049897e-7,-8.268548830106175e-8
-1.396,-1.048974024109407e-7,-8.376956169146231e-8
-1.395,-1.0615997115252447e-7,-8.486798042511073e-8
-1.394,-1.0743751147635156e-7,-8.598093594599757e-8
-1.393,-1.087301972187665e-7,-8.710862227147898e-8
-1.392,-1.100382041720737e-7,-8.825123602705531e-8
-1.391,-1.1136171010545642e-7,-8.940897648162125e-8
-1.39,-1.1270089478609967e-7,-9.05820455831936e-8
-1.389,-1.1405594000051888e-7,-9.17706479951235e-8
-1.388,-1.1542702957609558e-7,-9.297499113279946e-8
-1.387,-1.1681434940282212e-7,-9.419528520084781e-8
-1.386,-1.1821808745525664e-7,-9.543174323083761e-8
-1.385,-1.196384338146903e-7,-9.668458111949645e-8
-1.384,-1.210755806915281e-7,-9.795401766744433e-8
-1.383,-1.2252972244788524e-7,-9.924027461845254e-8
-1.382,-1.2400105562040016e-7,-1.005435766992347e-7
-1.381,-1.254897789432666e-7,-1.0186415165977712e-7
-1.38,-1.2699609337148562e-7,-1.032022303142158e-7
-1.379,-1.285202021043398e-7,-1.0455804658226749e-7
-1.378,-1.3006231060909083e-7,-1.0593183753122222e-7
-1.377,-1.316226266449024e-7,-1.073238434185051e-7
-1.376,-1.3320136028699007e-7,-1.0873430773481485e-7
-1.375,-1.3479872395099961e-7,-1.1016347724784711e-7
-1.374,-1.3641493241761547e-7,-1.116116020466102e-7
-1.373,-1.3805020285740128e-7,-1.130789355863416e-7
-1.372,-1.3970475485587377e-7,-1.1456573473403299e-7
-1.371,-1.4137881043881191e-7,-1.1607225981457244e-7
-1.37,-1.4307259409780283e-7,-1.1759877465751177e-7
-1.369,-1.4478633281602635e-7,-1.1914554664446767e-7
-1.368,-1.4652025609427958e-7,-1.207128467571653e-7
-1.367,-1.4827459597724352e-7,-1.2230094962613274e-7
-1.366,-1.5004958707999274e-7,-1.2391013358005542e-7
-1.365,-1.518454666147508e-7,-1.255406806957992e-7
-1.364,-1.5366247441789182e-7,-1.271928768491113e-7
-1.363,-1.55500852977191e-7,-1.2886701176600824e-7
-1.362,-1.573608474593249e-7,-1.3056337907485993e-7
-1.361,-1.5924270573762364e-7,-1.3228227635917952e-7
-1.36,-1.6114667842007636e-7,-1.340240052111284e-7
-1.359,-1.6307301887759178e-7,-1.3578887128574604e-7
-1.358,-1.6502198327251538e-7,-1.3757718435591474e-7
-1.357,-1.669938305874047e-7,-1.3938925836806855e-7
-1.356,-1.6898882265406483e-7,-1.4122541149865717e-7
-1.355,-1.7100722418284507e-7,-1.4308596621137466e-7
-1.354,-1.7304930279219893e-7,-1.4497124931516332e-7
-1.353,-1.7511532903850886e-7,-1.46881592023003e-7
-1.352,-1.7720557644617704e-7,-1.4881733001149713e-7
-1.351,-1.7932032153798431e-7,-1.5077880348126528e-7
-1.35,-1.8145984386571854e-7,-1.52766357218154e-7
-1.349,-1.836244260410738e-7,-1.5478034065527647e-7
-1.348,-1.8581435376682248e-7,-1.568211079358922e-7
-1.347,-1.8802991586826124e-7,-1.5888901797713853e-7
-1.346,-1.9027140432493283e-7,-1.6098443453462464e-7
-1.345,-1.9253911430262493e-7,-1.631077262679007e-7
-1.344,-1.9483334418564793e-7,-1.652592668068131e-7
-1.343,-1.9715439560939264e-7,-1.67439434818758e-7
-1.342,-1.9950257349316984e-7,-1.6964861407684586e-7
-1.341,-2.0187818607333308e-7,-1.7188719352898814e-7
-1.34,-2.0428154493668576e-7,-1.7415556736791972e-7
-1.339,-2.0671296505417462e-7,-1.7645413510216878e-7
-1.338,-2.0917276481487045e-7,-1.7878330162798763e-7
-1.337,-2.1166126606023774e-7,-1.8114347730225686e-7
-1.336,-2.1417879411869462e-7,-1.8353507801637622e-7
-1.335,-2.1672567784046423e-7,-1.8595852527115555e-7
-1.334,-2.193022496327194e-7,-1.884142462527192e-7
-1.333,-2.2190884549502111e-7,-1.9090267390943736e-7
-1.332,-2.245458050550531e-7,-1.934242470298986e-7
-1.331,-2.272134716046528e-7,-1.9597941032193702e-7
-1.33,-2.2991219213614068e-7,-1.9856861449272906e-7
-1.329,-2.3264231737894892e-7,-2.0119231632997333e-7
-1.328,-2.3540420183655046e-7,-2.0385097878416906e-7
-1.327,-2.3819820382369004e-7,-2.0654507105200713e-7
-1.326,-2.4102468550391777e-7,-2.092750686608892e-7
-1.325,-2.438840129274269e-7,-2.1204145355458991e-7
-1.324,-2.4677655606919676e-7,-2.1484471418007744e-7
-1.323,-2.4970268886744165e-7,-2.176853455755082e-7
-1.322,-2.526627892623667e-7,-2.2056384945941142e-7
-1.321,-2.556572392352327e-7,-2.234807343210793e-7
-1.32,-2.586864248477289e-7,-2.2643651551217959e-7
-1.319,-2.6175073628165677e-7,-2.2943171533960628e-7
-1.318,-2.6485056787892436e-7,-2.3246686315958574e-7
-1.317,-2.679863181818524e-7,-2.3554249547305443e-7
-1.316,-2.71158389973793e-7,-2.3865915602232615e-7
-1.315,-2.7436719032006163e-7,-2.418173958890652e-7
-1.314,-2.776131306091837e-7,-2.45017773593584e-7
-1.313,-2.808966265944549e-7,-2.4826085519548176e-7
-1.312,-2.842180984358181e-7,-2.5154721439564354e-7
-1.311,-2.875779707420553e-7,-2.548774326396167e-7
-1.31,-2.909766726132968e-7,-2.5825209922238434e-7
-1.309,-2.9441463768384685e-7,-2.616718113945533e-7
-1.308,-2.9789230416532714e-7,-2.6513717446997705e-7
-1.307,-3.0141011489013823e-7,-2.686488019348315e-7
-1.306,-3.0496851735523866e-7,-2.7220731555816377e-7
-1.305,-3.0856796376624325e-7,-2.758133455039338e-7
-1.304,-3.1220891108183956e-7,-2.794675304445686e-7
-1.303,-3.158918210585236e-7,-2.8317051767604895e-7
-1.302,-3.196171602956541e-7,-2.869229632345505e-7
-1.301,-3.2338540028082644e-7,-2.9072553201465807e-7
-1.3,-3.271970174355647e-7,-2.9457889788917623e-7
-1.299,-3.310524931613336e-7,-2.9848374383055586e-7
-1.298,-3.349523138858684e-7,-3.0244076203395973e-7
-1.297,-3.3889697110982377e-7,-3.0645065404198783e-7
-1.296,-3.428869614537408e-7,-3.105141308710854e-7
-1.295,-3.469227867053315e-7,-3.146319131396561e-7
-1.294,-3.5100495386708145e-7,-3.188047311979028e-7
-1.293,-3.551339752041685e-7,-3.230333252594195e-7
-1.292,-3.593103682926983e-7,-3.2731844553455706e-7
-1.291,-3.6353465606825506e-7,-3.3166085236558796e-7
-1.29,-3.678073668747672e-7,-3.360613163636918e-7
-1.289,-3.7212903451368723e-7,-3.4052061854778865e-7
-1.288,-3.7650019829348383e-7,-3.45039550485242e-7
-1.287,-3.8092140307944667e-7,-3.496189144344591e-7
-1.286,-3.853931993438013e-7,-3.542595234894116e-7
-1.285,-3.8991614321613425e-7,-3.589622017261039e-7
-1.284,-3.9449079653412565e-7,-3.63727784351014e-7
-1.283,-3.99117726894589e-7,-3.6855711785153406e-7
-1.282,-4.0379750770481597e-7,-3.734510601484365e-7
-1.281,-4.085307182342248e-7,-3.7841048075039343e-7
-1.28,-4.1331794366631037e-7,-3.8343626091057607e-7
-1.279,-4.181597751508941e-7,-3.8852929378536247e-7
-1.278,-4.230568098566721e-7,-3.936904845951813e-7
-1.277,-4.280096510240584e-7,-3.989207507875201e-7
-1.276,-4.3301890801832233e-7,-4.042210222021271e-7
-1.275,-4.3808519638301667e-7,-4.0959224123843536e-7
-1.274,-4.4320913789369457e-7,-4.150353630252395e-7
-1.273,-4.4839136061191245e-7,-4.2055135559265417e-7
-1.272,-4.536324989395161e-7,-4.261412000463849e-7
-1.271,-4.589331936732073e-7,-4.3180589074434277e-7
-1.27,-4.6429409205938744e-7,-4.3754643547563286e-7
-1.269,-4.6971584784927533e-7,-4.433638556419486e-7
-1.268,-4.75199121354296e-7,-4.492591864414046e-7
-1.267,-4.807445795017363e-7,-4.552334770548389e-7
-1.266,-4.863528958906646e-7,-4.6128779083461894e-7
-1.265,-4.920247508481097e-7,-4.674232054959832e-7
-1.264,-4.977608314854961e-7,-4.7364081331095314e-7
-1.263,-5.035618317553304e-7,-4.799417213048491e-7
-1.262,-5.094284525081352e-7,-4.863270514554442e-7
-1.261,-5.15361401549626e-7,-4.927979408947927e-7
-1.26,-5.213613936981262e-7,-4.993555421137661e-7
-1.259,-5.274291508422148e-7,-5.060010231693347e-7
-1.258,-5.33565401998603e-7,-5.127355678946303e-7
-1.257,-5.397708833702333e-7,-5.195603761118265e-7
-1.256,-5.460463384045963e-7,-5.264766638478742e-7
-1.255,-5.523925178522594e-7,-5.334856635531306e-7
-1.254,-5.588101798256007e-7,-5.40588624322919e-7
-1.253,-5.653000898577439e-7,-5.477868121220587e-7
-1.252,-5.718630209616863e-7,-5.550815100124035e-7
-1.251,-5.78499753689613e-7,-5.624740183834305e-7
-1.25,-5.852110761923932e-7,-5.699656551859174e-7
-1.249,-5.919977842792476e-7,-5.775577561687489e-7
-1.248,-5.988606814775838e-7,-5.852516751188963e-7
-1.247,-6.058005790929892e-7,-5.930487841046087e-7
-1.246,-6.128182962693749e-7,-6.009504737218601e-7
-1.245,-6.199146600492627e-7,-6.089581533440953e-7
-1.244,-6.27090505434207e-7,-6.170732513753176e-7
-1.243,-6.343466754453413e-7,-6.252972155065611e-7
-1.242,-6.416840211840446e-7,-6.336315129757956e-7
-1.241,-6.491034018927137e-7,-6.420776308313053e-7
-1.24,-6.566056850156351e-7,-6.506370761985895e-7
-1.239,-6.641917462599473e-7,-6.593113765508308e-7
-1.238,-6.718624696566802e-7,-6.681020799829777e-7
-1.237,-6.796187476218656e-7,-6.770107554894897e-7
-1.236,-6.874614810177049e-7,-6.860389932457911e-7
-1.235,-6.953915792137844e-7,-6.951884048934852e-7
-1.234,-7.034099601483279e-7,-7.044606238293753e-7
-1.233,-7.115175503894728e-7,-7.138573054983444e-7
-1.232,-7.197152851965595e-7,-7.233801276901435e-7
-1.231,-7.280041085814224e-7,-7.330307908401388e-7
-1.23,-7.363849733696669e-7,-7.428110183340721e-7
-1.229,-7.448588412619232e-7,-7.527225568168835e-7
-1.228,-7.534266828950607e-7,-7.627671765056538e-7
-1.227,-7.620894779033513e-7,-7.729466715067153e-7
-1.226,-7.708482149795649e-7,-7.832628601369912e-7
-1.225,-7.797038919359858e-7,-7.93717585249614e-7
-1.224,-7.886575157653327e-7,-8.043127145638815e-7
-1.223,-7.977101027015679e-7,-8.150501409996064e-7
-1.222,-8.068626782805788e-7,-8.259317830159163e-7
-1.221,-8.161162774007182e-7,-8.369595849545635e-7
-1.22,-8.254719443831832e-7,-8.481355173878015e-7
-1.219,-8.34930733032218e-7,-8.594615774708891e-7
-1.218,-8.44493706695123e-7,-8.709397892992819e-7
-1.217,-8.541619383220505e-7,-8.825722042705727e-7
-1.216,-8.639365105255694e-7,-8.943609014512414e-7
-1.215,-8.738185156399817e-7,-9.063079879482781e-7
-1.214,-8.838090557803667e-7,-9.184155992857427e-7
-1.213,-8.93909242901339e-7,-9.306858997863237e-7
-1.212,-9.04120198855493e-7,-9.431210829579634e-7
-1.211,-9.144430554515191e-7,-9.557233718856132e-7
-1.21,-9.248789545119654e-7,-9.684950196281863e-7
-1.209,-9.354290479306249e-7,-9.81438309620776e-7
-1.208,-9.460944977295249e-7,-9.945555560822057e-7
-1.207,-9.568764761154945e-7,-1.0078491044279822e-6
-1.206,-9.677761655362887e-7,-1.0213213316887204e-6
-1.205,-9.787947587362397e-7,-1.0349746469341102e-6
-1.204,-9.89933458811417e-7,-1.0488114917024985e-6
-1.203,-1.0011934792642635e-6,-1.0628343404361585e-6
-1.202,-1.0125760440576863e-6,-1.0770457009223172e-6
-1.201,-1.0240823876685727e-6,-1.0914481147400197e-6
-1.2,-1.0357137551407022e-6,-1.106044157712903e-6
-1.199,-1.047471402137032e-6,-1.1208364403679538e-6
-1.198,-1.0593565949913177e-6,-1.1358276084003319e-6
-1.197,-1.0713706107590467e-6,-1.1510203431443334e-6
-1.196,-1.0835147372676525e-6,-1.1664173620505738e-6
-1.195,-1.0957902731659735e-6,-1.1820214191694718e-6
-1.194,-1.108198527972931e-6,-1.1978353056411131e-6
-1.193,-1.120740822125388e-6,-1.213861850191579e-6
-1.192,-1.1334184870251595e-6,-1.2301039196358175e-6
-1.191,-1.1462328650851347e-6,-1.2465644193871473e-6
-1.19,-1.1591853097744814e-6,-1.2632462939734748e-6
-1.189,-1.1722771856628917e-6,-1.2801525275603118e-6
-1.188,-1.1855098684638347e-6,-1.2972861444806804e-6
-1.187,-1.1988847450767767e-6,-1.314650209771995e-6
-1.186,-1.212403213628331e-6,-1.3322478297200065e-6
-1.185,-1.2260666835122982e-6,-1.3500821524099051e-6
-1.184,-1.2398765754285527e-6,-1.3681563682846645e-6
-1.183,-1.2538343214207395e-6,-1.3864737107107296e-6
-1.182,-1.2679413649127334e-6,-1.4050374565511324e-6
-1.181,-1.28219916074382e-6,-1.4238509267461364e-6
-1.18,-1.2966091752025533e-6,-1.4429174869015032e-6
-1.179,-1.3111728860592431e-6,-1.4622405478844785e-6
-1.178,-1.325891782597028e-6,-1.4818235664275946e-6
-1.177,-1.3407673656414816e-6,-1.5016700457403892e-6
-1.176,-1.355801147588711e-6,-1.5217835361291433e-6
-1.175,-1.370994652431887e-6,-1.5421676356247345e-6
-1.174,-1.3863494157861651e-6,-1.562825990618714e-6
-1.173,-1.401866984911939e-6,-1.583762296507707e-6
-1.172,-1.4175489187363725e-6,-1.6049802983462442e-6
-1.171,-1.4333967878731622e-6,-1.6264837915081314e-6
-1.17,-1.449412174640465e-6,-1.6482766223564612e-6
-1.169,-1.4655966730769422e-6,-1.6703626889223807e-6
-1.168,-1.4819518889558558e-6,-1.6927459415927208e-6
-1.167,-1.4984794397971613e-6,-1.7154303838066038e-6
-1.166,-1.5151809548775321e-6,-1.738420072761136e-6
-1.165,-1.5320580752382572e-6,-1.7617191201263054e-6
-1.164,-1.5491124536909454e-6,-1.785331692769195e-6
-1.163,-1.5663457548209711e-6,-1.8092620134876334e-6
-1.162,-1.5837596549885973e-6,-1.8335143617533964e-6
-1.161,-1.6013558423277039e-6,-1.858093074465082e-6
-1.16,-1.6191360167420564e-6,-1.883002546710779e-6
-1.159,-1.6371018898990392e-6,-1.90824723254065e-6
-1.158,-1.655255185220784e-6,-1.9338316457495584e-6
-1.157,-1.6735976378726177e-6,-1.9597603606698528e-6
-1.156,-1.692130994748754e-6,-1.98603801297445e-6
-1.155,-1.710857014455152e-6,-2.0126693004903353e-6
-1.154,-1.7297774672894613e-6,-2.0396589840226077e-6
-1.153,-1.7488941352179732e-6,-2.0670118881892125e-6
-1.152,-1.7682088118494963e-6,-2.09473290226648e-6
-1.151,-1.78772330240607e-6,-2.1228269810456146e-6
-1.15,-1.8074394236904325e-6,-2.151299145700264e-6
-1.149,-1.8273590040501516e-6,-2.1801544846653075e-6
-1.148,-1.8474838833383314e-6,-2.209398154527005e-6
-1.147,-1.8678159128708024e-6,-2.2390353809246395e-6
-1.146,-1.8883569553796986e-6,-2.2690714594638013e-6
-1.145,-1.9091088849633303e-6,-2.2995117566414556e-6
-1.144,-1.9300735870322495e-6,-2.3303617107829375e-6
-1.143,-1.9512529582514126e-6,-2.3616268329910204e-6
-1.142,-1.972648906478336e-6,-2.3933127081072072e-6
-1.141,-1.9942633506971394e-6,-2.4254249956853956e-6
-1.14,-2.016098220948373e-6,-2.4579694309780637e-6
-1.139,-2.038155458254518e-6,-2.4909518259351362e-6
-1.138,-2.06043701454105e-6,-2.5243780702156777e-6
-1.137,-2.0829448525529525e-6,-2.55825413221258e-6
-1.136,-2.1056809457665655e-6,-2.592586060090389e-6
-1.135,-2.128647278296647e-6,-2.6273799828364425e-6
-1.134,-2.1518458447985337e-6,-2.662642111325476e-6
-1.133,-2.175278650365273e-6,-2.698378739397855e-6
-1.132,-2.1989477104196e-6,-2.7345962449516106e-6
-1.131,-2.2228550506006384e-6,-2.7713010910484315e-6
-1.13,-2.2470027066451847e-6,-2.808499827033794e-6
-1.129,-2.271392724263449e-6,-2.8461990896713904e-6
-1.128,-2.2960271590091163e-6,-2.884405604292037e-6
-1.127,-2.3209080761435824e-6,-2.923126185957225e-6
-1.126,-2.3460375504942337e-6,-2.962367740637504e-6
-1.125,-2.3714176663066143e-6,-3.0021372664058625e-6
-1.124,-2.397050517090342e-6,-3.0424418546462953e-6
-1.123,-2.4229382054586147e-6,-3.0832886912777336e-6
-1.122,-2.4490828429611636e-6,-3.1246850579935246e-6
-1.121,-2.475486549910483e-6,-3.166638333516643e-6
-1.12,-2.502151455201187e-6,-3.2091559948708273e-6
-1.119,-2.5290796961223273e-6,-3.2522456186678203e-6
-1.118,-2.5562734181625015e-6,-3.295914882410918e-6
-1.117,-2.5837347748075863e-6,-3.3401715658150095e-6
-1.116,-2.611465927330919e-6,-3.385023552143306e-6
-1.115,-2.6394690445757544e-6,-3.430478829560963e-6
-1.114,-2.6677463027298107e-6,-3.476545492505781e-6
-1.113,-2.696299885091725e-6,-3.5232317430762013e-6
-1.112,-2.7251319818292277e-6,-3.5705458924367865e-6
-1.111,-2.7542447897288464e-6,-3.618496362241403e-6
-1.11,-2.7836405119369417e-6,-3.6670916860743023e-6
-1.109,-2.8133213576918757e-6,-3.716340510909319e-6
-1.108,-2.8432895420471123e-6,-3.766251598587389e-6
-1.107,-2.873547285585039e-6,-3.81683382731261e-6
-1.106,-2.9040968141212968e-6,-3.868096193167049e-6
-1.105,-2.934940358399412e-6,-3.9200478116445316e-6
-1.104,-2.9660801537754957e-6,-3.97269791920361e-6
-1.103,-2.9975184398927966e-6,-4.026055874839949e-6
-1.102,-3.0292574603458777e-6,-4.080131161678354e-6
-1.101,-3.061299462334178e-6,-4.13493338858465e-6
-1.1,-3.0936466963047255e-6,-4.190472291797664e-6
-1.099,-3.1263014155837596e-6,-4.24675773658152e-6
-1.098,-3.1592658759970094e-6,-4.303799718898494e-6
-1.097,-3.1925423354783837e-6,-4.361608367102652e-6
-1.096,-3.226133053666809e-6,-4.420193943654524e-6
-1.095,-3.2600402914909575e-6,-4.479566846857026e-6
-1.094,-3.294266310741593e-6,-4.539737612612911e-6
-1.093,-3.3288133736312665e-6,-4.600716916203948e-6
-1.092,-3.3636837423410813e-6,-4.662515574092109e-6
-1.091,-3.3988796785542437e-6,-4.725144545742996e-6
-1.09,-3.434403442976112e-6,-4.788614935471762e-6
-1.089,-3.4702572948404468e-6,-4.852937994311774e-6
-1.088,-3.506443491401565e-6,-4.918125121906285e-6
-1.087,-3.5429642874120887e-6,-4.984187868423348e-6
-1.086,-3.579821934585978e-6,-5.051137936494263e-6
-1.085,-3.617018681046532e-6,-5.1189871831757875e-6
-1.084,-3.654556770759028e-6,-5.187747621936392e-6
-1.083,-3.692438442947674e-6,-5.257431424666823e-6
-1.082,-3.730665931496533e-6,-5.328050923715238e-6
-1.081,-3.7692414643340807e-6,-5.399618613947182e-6
-1.08,-3.808167262801042e-6,-5.472147154830682e-6
-1.079,-3.84744554100115e-6,-5.5456493725467325e-6
-1.078,-3.8870785051344655e-6,-5.620138262125444e-6
-1.077,-3.927068352812891e-6,-5.695626989608142e-6
-1.076,-3.967417272357486e-6,-5.772128894235689e-6
-1.075,-4.008127442077221e-6,-5.849657490663316e-6
-1.074,-4.049201029528752e-6,-5.928226471202256e-6
-1.073,-4.090640190756847e-6,-6.007849708088449e-6
-1.072,-4.132447069515023e-6,-6.088541255778628e-6
-1.071,-4.1746237964660055e-6,-6.170315353274072e-6
-1.07,-4.21717248836157e-6,-6.253186426472306e-6
-1.069,-4.26009524720135e-6,-6.337169090547067e-6
-1.068,-4.303394159370156e-6,-6.422278152356818e-6
-1.067,-4.3470712947533635e-6,-6.508528612882121e-6
-1.066,-4.3911287058299276e-6,-6.5959356696921525e-6
-1.065,-4.435568426742533e-6,-6.684514719440701e-6
-1.064,-4.480392472344432e-6,-6.77428136039191e-6
-1.063,-4.5256028372224685e-6,-6.865251394976117e-6
-1.062,-4.571201494695808e-6,-6.9574408323760635e-6
-1.061,-4.617190395789872e-6,-7.050865891143815e-6
-1.06,-4.6635714681849555e-6,-7.145543001848691e-6
-1.059,-4.710346615139024e-6,-7.241488809756529e-6
-1.058,-4.757517714384149e-6,-7.338720177540597e-6
-1.057,-4.805086616996044e-6,-7.437254188024476e-6
-1.056,-4.853055146236159e-6,-7.537108146957236e-6
-1.055,-4.901425096365758e-6,-7.638299585821234e-6
-1.054,-4.950198231431432e-6,-7.740846264672842e-6
-1.053,-4.9993762840214374e-6,-7.844766175016465e-6
-1.052,-5.048960953992301e-6,-7.950077542712147e-6
-1.051,-5.098953907165056e-6,-8.056798830917114e-6
-1.05,-5.149356773990518e-6,-8.164948743061574e-6
-1.049,-5.200171148182968e-6,-8.27454622585914e-6
-1.048,-5.2513985853216045e-6,-8.385610472352155e-6
-1.047,-5.30304060141911e-6,-8.49816092499233e-6
-1.046,-5.355098671456685e-6,-8.612217278756956e-6
-1.045,-5.407574227884865e-6,-8.727799484301107e-6
-1.044,-5.460468659089434e-6,-8.844927751146112e-6
-1.043,-5.513783307821748e-6,-8.963622550904681e-6
-1.042,-5.567519469592739e-6,-9.083904620543012e-6
-1.041,-5.621678391029894e-6,-9.205794965680231e-6
-1.04,-5.676261268196456e-6,-9.329314863925507e-6
-1.039,-5.731269244872105e-6,-9.454485868253194e-6
-1.038,-5.78670341079435e-6,-9.581329810416354e-6
-1.037,-5.842564799859853e-6,-9.709868804398995e-6
-1.036,-5.898854388284893e-6,-9.8401252499074e-6
-1.035,-5.955573092724155e-6,-9.972121835900883e-6
-1.034,-6.01272176834704e-6,-1.0105881544162311e-5
-1.033,-6.070301206870627e-6,-1.0241427652908787e-5
-1.032,-6.128312134548466e-6,-1.0378783740442805e-5
-1.031,-6.186755210114315e-6,-1.0517973688844265e-5
-1.03,-6.245631022679936e-6,-1.0659021687703665e-5
-1.029,-6.304940089586056e-6,-1.0801952237896874e-5
-1.028,-6.364682854205572e-6,-1.0946790155401804e-5
-1.027,-6.424859683698072e-6,-1.1093560575157344e-5
-1.026,-6.485470866714709e-6,-1.124228895496493e-5
-1.025,-6.546516611052472e-6,-1.1393001079433076e-5
-1.024,-6.607997041256864e-6,-1.1545723063965262e-5
-1.023,-6.669912196171977e-6,-1.170048135879148e-5
-1.022,-6.732262026436958e-6,-1.185730275304386e-5
-1.021,-6.795046391927806e-6,-1.2016214378876665e-5
-1.02,-6.858265059143462e-6,-1.2177243715631053e-5
-1.019,-6.921917698535093e-6,-1.2340418594044933e-5
-1.018,-6.986003881777495e-6,-1.2505767200508295e-5
-1.017,-7.050523078981472e-6,-1.2673318081364328e-5
-1.016,-7.115474655846081e-6,-1.2843100147256706e-5
-1.015,-7.180857870749563e-6,-1.3015142677523374e-5
-1.014,-7.2466718717777945e-6,-1.318947532463719e-5
-1.013,-7.312915693689056e-6,-1.3366128118693757e-5
-1.012,-7.3795882548138974e-6,-1.3545131471946807e-5
-1.011,-7.446688353888854e-6,-1.372651618339145e-5
-1.01,-7.5142146668227515e-6,-1.3910313443395651e-5
-1.009,-7.582165743394315e-6,-1.4096554838380266e-5
-1.008,-7.650540003879765e-6,-1.4285272355547958e-5
-1.007,-7.719335735609066e-6,-1.4476498387661346e-5
-1.006,-7.788551089449482e-6,-1.4670265737870697e-5
-1.005,-7.858184076215047e-6,-1.4866607624591482e-5
-1.004,-7.92823256300053e-6,-1.506555768643215e-5
-1.003,-7.998694269438506e-6,-1.5267149987172403e-5
-1.002,-8.069566763878027e-6,-1.5471419020792285e-5
-1.001,-8.140847459483443e-6,-1.5678399716552434e-5
-1.0,-8.212533610251856e-6,-1.588812744412577e-5
-0.999,-8.28462230694766e-6,-1.610063801878091e-5
-0.998,-8.357110472952622e-6,-1.6315967706617643e-5
-0.997,-8.429994860029917e-6,-1.653415322985474e-5
-0.996,-8.503272044000458e-6,-1.6755231772170352e-5
-0.995,-8.576938420329946e-6,-1.697924098409535e-5
-0.994,-8.65099019962489e-6,-1.7206218988459793e-5
-0.993,-8.725423403035944e-6,-1.7436204385892864e-5
-0.992,-8.80023385756681e-6,-1.766923626037651e-5
-0.991,-8.87541719128693e-6,-1.790535418485301e-5
-0.99,-8.9509688284462e-6,-1.8144598226886788e-5
-0.989,-9.026883984489835e-6,-1.8387008954380608e-5
-0.988,-9.103157660971588e-6,-1.8632627441346533e-5
-0.987,-9.17978464036336e-6,-1.8881495273731692e-5
-0.986,-9.256759480759338e-6,-1.913365455529922e-5
-0.985,-9.33407651047267e-6,-1.9389147913564498e-5
-0.984,-9.411729822522686e-6,-1.9648018505786915e-5
-0.983,-9.489713269010661e-6,-1.991031002501733e-5
-0.982,-9.568020455382026e-6,-2.017606670620142e-5
-0.981,-9.64664473457296e-6,-2.0445333332339068e-5
-0.98,-9.725579201039212e-6,-2.0718155240699975e-5
-0.979,-9.80481668466499e-6,-2.0994578329095587e-5
-0.978,-9.884349744549703e-6,-2.1274649062207538e-5
-0.977,-9.96417066267031e-6,-2.155841447797265e-5
-0.976,-1.0044271437417013e-5,-2.1845922194024674e-5
-0.975,-1.0124643776999932e-5,-2.213722041419282e-5
-0.974,-1.0205279092724432e-5,-2.243235793505714e-5
-0.973,-1.0286168492132687e-5,-2.2731384152560893e-5
-0.972,-1.0367302772009022e-5,-2.3034349068679876e-5
-0.971,-1.044867241124657e-5,-2.3341303298148778e-5
-0.97,-1.05302675635727e-5,-2.3652298075244615e-5
-0.969,-1.0612078050130643e-5,-2.396738526062715e-5
-0.968,-1.0694093351914707e-5,-2.428661734823642e-5
-0.967,-1.0776302602056409e-5,-2.461004747224718e-5
-0.966,-1.085869457795883e-5,-2.4937729414080357e-5
-0.965,-1.0941257693276439e-5,-2.526971760947135e-5
-0.964,-1.102397998973757e-5,-2.5606067155595096e-5
-0.963,-1.110684912880673e-5,-2.5946833818247834e-5
-0.962,-1.1189852383183839e-5,-2.6292074039085394e-5
-0.961,-1.127297662813743e-5,-2.6641844942917863e-5
-0.96,-1.135620833266886e-5,-2.6996204345060455e-5
-0.959,-1.1439533550504461e-5,-2.735521075874038e-5
-0.958,-1.152293791091255e-5,-2.7718923402559492e-5
-0.957,-1.1606406609342123e-5,-2.8087402208012464e-5
-0.956,-1.168992439788009e-5,-2.8460707827060184e-5
-0.955,-1.1773475575523734e-5,-2.8838901639758126e-5
-0.954,-1.1857043978265133e-5,-2.922204576193929e-5
-0.953,-1.1940612968984174e-5,-2.961020305295144e-5
-0.952,-1.2024165427146716e-5,-3.0003437123448133e-5
-0.951,-1.210768373830446e-5,-3.040181234323325e-5
-0.95,-1.2191149783392975e-5,-3.080539384915847e-5
-0.949,-1.2274544927824288e-5,-3.1214247553073224e-5
-0.948,-1.2357850010370396e-5,-3.16284401498267e-5
-0.947,-1.2441045331833986e-5,-3.204803912532117e-5
-0.946,-1.252411064350258e-5,-3.2473112764616254e-5
-0.945,-1.2607025135382289e-5,-3.29037301600833e-5
-0.944,-1.2689767424207256e-5,-3.33399612196094e-5
-0.943,-1.277231554122085e-5,-3.378187667485014e-5
-0.942,-1.2854646919724564e-5,-3.422954808953052e-5
-0.941,-1.293673838239053e-5,-3.46830478677932e-5
-0.94,-1.3018566128333502e-5,-3.514244926259311e-5
-0.939,-1.3100105719938061e-5,-3.560782638413782e-5
-0.938,-1.3181332069436752e-5,-3.6079254208372476e-5
-0.937,-1.32622194252348e-5,-3.65568085855085e-5
-0.936,-1.3342741357976951e-5,-3.704056624859501e-5
-0.935,-1.3422870746351922e-5,-3.753060482213186e-5
-0.934,-1.3502579762629908e-5,-3.802700283072321e-5
-0.933,-1.3581839857928455e-5,-3.852983970777044e-5
-0.932,-1.366062174720199e-5,-3.903919580420322e-5
-0.931,-1.3738895393950192e-5,-3.9555152397247406e-5
-0.93,-1.3816629994640319e-5,-4.007779169922846e-5
-0.929,-1.3893793962838528e-5,-4.060719686640902e-5
-0.928,-1.3970354913045146e-5,-4.114345200785902e-5
-0.927,-1.4046279644228776e-5,-4.168664219435711e-5
-0.926,-1.4121534123054012e-5,-4.223685346732145e-5
-0.925,-1.4196083466797506e-5,-4.279417284776854e-5
-0.924,-1.4269891925946978e-5,-4.3358688345298154e-5
-0.923,-1.4342922866477759e-5,-4.393048896710265e-5
-0.922,-1.4415138751801281e-5,-4.4509664726998824e-5
-0.921,-1.4486501124379904e-5,-4.509630665448032e-5
-0.92,-1.4556970587002361e-5,-4.5690506803788604e-5
-0.919,-1.4626506783714015e-5,-4.629235826300037e-5
-0.918,-1.4695068380396014e-5,-4.69019551631293e-5
-0.917,-1.4762613044987367e-5,-4.751939268723972e-5
-0.916,-1.482909742734386e-5,-4.814476707957004e-5
-0.915,-1.4894477138727607e-5,-4.877817565466339e-5
-0.914,-1.4958706730920987e-5,-4.94197168065029e-5
-0.913,-1.5021739674958589e-5,-5.00694900176492e-5
-0.912,-1.5083528339470682e-5,-5.0727595868377085e-5
-0.911,-1.5144023968631643e-5,-5.1394136045808946e-5
-0.91,-1.5203176659706696e-5,-5.2069213353041674e-5
-0.909,-1.5260935340190147e-5,-5.275293171826421e-5
-0.908,-1.5317247744528267e-5,-5.344539620386263e-5
-0.907,-1.537206039041984e-5,-5.414671301550933e-5
-0.906,-1.5425318554687273e-5,-5.485698951123325e-5
-0.905,-1.5476966248711097e-5,-5.557633421046737e-5
-0.904,-1.5526946193420513e-5,-5.6304856803070104e-5
-0.903,-1.557519979383263e-5,-5.7042668158316734e-5
-0.902,-1.5621667113132817e-5,-5.778988033385716e-5
-0.901,-1.5666286846288545e-5,-5.854660658463589e-5
-0.9,-1.5708996293189014e-5,-5.9312961371770234e-5
-0.899,-1.5749731331302606e-5,-6.008906037138243e-5
-0.898,-1.5788426387844278e-5,-6.087502048338133e-5
-0.897,-1.5825014411444723e-5,-6.167095984018911e-5
-0.896,-1.5859426843313125e-5,-6.247699781540833e-5
-0.895,-1.5891593587885134e-5,-6.329325503242456e-5
-0.894,-1.592144298294763e-5,-6.411985337293943e-5
-0.893,-1.594890176923166e-5,-6.495691598542915e-5
-0.892,-1.5973895059464856e-5,-6.580456729352319e-5
-0.891,-1.5996346306874498e-5,-6.666293300429727e-5
-0.89,-1.601617727313225e-5,-6.753214011647564e-5
-0.889,-1.6033307995731492e-5,-6.841231692853617e-5
-0.888,-1.604765675478801e-5,-6.930359304671265e-5
-0.887,-1.6059140039254688e-5,-7.020609939288792e-5
-0.886,-1.6067672512540763e-5,-7.111996821237146e-5
-0.885,-1.6073166977525943e-5,-7.20453330815549e-5
-0.884,-1.6075534340959725e-5,-7.298232891543838e-5
-0.883,-1.607468357723596e-5,-7.393109197502121e-5
-0.882,-1.6070521691532656e-5,-7.48917598745491e-5
-0.881,-1.6062953682306862e-5,-7.586447158861091e-5
-0.88,-1.605188250313433e-5,-7.684936745907687e-5
-0.879,-1.6037209023883487e-5,-7.784658920187071e-5
-0.878,-1.6018831991213162e-5,-7.885627991356725e-5
-0.877,-1.5996647988383275e-5,-7.987858407780733e-5
-0.876,-1.5970551394367717e-5,-8.091364757152107e-5
-0.875,-1.5940434342258276e-5,-8.196161767095096e-5
-0.874,-1.5906186676948534e-5,-8.302264305746523e-5
-0.873,-1.5867695912086362e-5,-8.409687382315232e-5
-0.872,-1.5824847186283595e-5,-8.518446147618654e-5
-0.871,-1.5777523218571223e-5,-8.628555894595509e-5
-0.87,-1.5725604263088354e-5,-8.740032058793582e-5
-0.869,-1.5668968062993055e-5,-8.852890218831558e-5
-0.868,-1.5607489803582965e-5,-8.967146096833768e-5
-0.867,-1.554104206461345e-5,-9.082815558836774e-5
-0.866,-1.5469494771800984e-5,-9.199914615166595e-5
-0.865,-1.539271514749914e-5,-9.318459420785411e-5
-0.864,-1.531056766053457e-5,-9.438466275606507e-5
-0.863,-1.5222913975190098e-5,-9.559951624776195e-5
-0.862,-1.5129612899321908e-5,-9.682932058921428e-5
-0.861,-1.503052033159773e-5,-9.807424314361757e-5
-0.86,-1.4925489207842622e-5,-9.933445273284279e-5
-0.859,-1.4814369446478954e-5,-0.00010061011963880144
-0.858,-1.4697007893046905e-5,-0.00010190141560441187
-0.857,-1.4573248263791702e-5,-0.00010320851383415176
-0.856,-1.4442931088303652e-5,-0.00010453158899418153
-0.855,-1.4305893651196852e-5,-0.000105870817212023
-0.854,-1.41619699328123e-5,-0.00010722637607577667
-0.853,-1.4010990548930997e-5,-0.00010859844463286151
-0.852,-1.3852782689482439e-5,-0.00010998720338825957
-0.851,-1.368717005623375e-5,-0.00011139283430224812
-0.85,-1.351397279944457e-5,-0.0001128155207876011
-0.849,-1.3333007453472622e-5,-0.00011425544770624118
-0.848,-1.3144086871314744e-5,-0.00011571280136532332
-0.847,-1.2947020158068013e-5,-0.00011718776951273033
-0.846,-1.2741612603295437e-5,-0.00011868054133195968
-0.845,-1.2527665612280522e-5,-0.00012019130743638158
-0.844,-1.2304976636154882e-5,-0.0001217202598628461
-0.843,-1.207333910088292e-5,-0.000123267592064618
-0.842,-1.1832542335087407e-5,-0.0001248334989036164
-0.841,-1.1582371496699714e-5,-0.00012641817664193637
-0.84,-1.1322607498418237e-5,-0.00012802182293262816
-0.839,-1.1053026931958453e-5,-0.00012964463680971024
-0.838,-1.0773401991077871e-5,-0.0001312868186773903
-0.837,-1.0483500393359049e-5,-0.00013294857029846918
-0.836,-1.0183085300733652e-5,-0.0001346300947819004
-0.835,-9.871915238730435e-6,-0.00013633159656947858
-0.834,-9.549744014429897e-6,-0.00013805328142162866
-0.833,-9.2163206331082e-6,-0.00013979535640226682
-0.832,-8.871389213552857e-6,-0.00014155802986270426
-0.831,-8.51468890203255e-6,-0.00014334151142456265
-0.83,-8.145953784903332e-6,-0.00014514601196167077
-0.829,-7.764912799833348e-6,-0.0001469717435809101
-0.828,-7.371289645628119e-6,-0.0001488189196019764
-0.827,-6.964802690638309e-6,-0.00015068775453602368
-0.826,-6.545164879731829e-6,-0.00015257846406315585
-0.825,-6.1120836398120005e-6,-0.00015449126500873044
-0.824,-5.665260783863465e-6,-0.000156426375318438
-0.823,-5.204392413507407e-6,-0.00015838401403211932
-0.822,-4.729168820047609e-6,-0.00016036440125628235
-0.821,-4.239274383988804e-6,-0.0001623677581352789
-0.82,-3.734387473008695e-6,-0.00016439430682110086
-0.819,-3.214180338365016e-6,-0.0001664442704417538
-0.818,-2.6783190097189286e-6,-0.0001685178730681656
-0.817,-2.126463188356052e-6,-0.00017061533967958577
-0.816,-1.558266138786374e-6,-0.00017273689612743058
-0.815,-9.733745787043104e-7,-0.0001748827690975276
-0.814,-3.7142856729016726e-7,-0.00017705318607071189
-0.813,2.479386081657259e-7,-0.00017924837528172547
-0.812,8.851005473349083e-7,-0.00018146856567636957
-0.811,1.5404378536373723e-6,-0.00018371398686685812
-0.81,2.214338252761446e-6,-0.0001859848690853203
-0.809,2.907196712935524e-6,-0.00018828144313539705
-0.808,3.6194155669700958e-6,-0.00019060394034187676
-0.807,4.351404636088447e-6,-0.0001929525924983124
-0.806,5.103581355564275e-6,-0.0001953276318125618
-0.805,5.876370902184335e-6,-0.00019772929085019072
-0.804,6.67020632355409e-6,-0.00020015780247567729
-0.803,7.485528669264143e-6,-0.0002026133997913539
-0.802,8.322787123935086e-6,-0.00020509631607402211
-0.801,9.182439142158135e-6,-0.00020760678470917334
-0.8,1.0064950585348718e-5,-0.00021014503912274705
-0.799,1.0970795860529932e-5,-0.00021271131271035607
-0.798,1.190045806106248e-5,-0.000215305838763907
-0.797,1.2854429109337394e-5,-0.00021792885039554136
-0.796,1.3833209901447541e-5,-0.00022058058045882196
-0.795,1.4837310453853514e-5,-0.000223261261467086
-0.794,1.5867250052059136e-5,-0.00022597112550888534
-0.793,1.692355740131136e-5,-0.00022871040416043136
-0.792,1.8006770779338938e-5,-0.00023147932839496079
-0.791,1.9117438191143655e-5,-0.0002342781284889353
-0.79,2.0256117525857492e-5,-0.00023710703392498678
-0.789,2.142337671567846e-5,-0.00023996627329151695
-0.788,2.2619793896897225e-5,-0.00024285607417885786
-0.787,2.3845957573026077e-5,-0.0002457766630718978
-0.786,2.5102466780040996e-5,-0.00024872826523907385
-0.785,2.6389931253746942e-5,-0.0002517111046176304
-0.784,2.7708971599275626e-5,-0.00025472540369504064
-0.783,2.9060219462724245e-5,-0.00025777138338648327
-0.782,3.0444317704942726e-5,-0.00026084926290826776
-0.781,3.186192057747614e-5,-0.0002639592596470943
-0.78,3.3313693900667934e-5,-0.00026710158902503524
-0.779,3.480031524392852e-5,-0.00027027646436011927
-0.778,3.63224741081727e-5,-0.00027348409672239864
-0.777,3.7880872110428256e-5,-0.0002767246947853751
-0.776,3.947622317061664e-5,-0.0002799984646726574
-0.775,4.1109253700505545e-5,-0.0002833056097997206
-0.774,4.278070279483159e-5,-0.0002866463307106333
-0.773,4.449132242459004e-5,-0.00029002082490961565
-0.772,4.6241877632486724e-5,-0.00029342928668728773
-0.771,4.8033146730545803e-5,-0.0002968719069414637
-0.77,4.986592149986534e-5,-0.00030034887299234484
-0.769,5.1741007392510627e-5,-0.00030386036839195814
-0.768,5.365922373553351e-5,-0.00030740657272768654
-0.767,5.5621403937103684e-5,-0.0003109876614197303
-0.766,5.762839569473609e-5,-0.0003146038055123356
-0.765,5.9681061205596005e-5,-0.0003182551714586239
-0.764,6.178027737886123e-5,-0.0003219419208988485
-0.763,6.39269360501183e-5,-0.00032566421043190224
-0.762,6.612194419776687e-5,-0.00032942219137989626
-0.761,6.836622416140397e-5,-0.00033321600954562303
-0.76,7.066071386215644e-5,-0.0003370458049627142
-0.759,7.30063670249276e-5,-0.0003409117116382978
-0.758,7.540415340252012e-5,-0.00034481385728795506
-0.757,7.785505900159443e-5,-0.0003487523630627717
-0.756,8.036008631041816e-5,-0.0003527273432682738
-0.755,8.292025452835849e-5,-0.0003567389050750318
-0.754,8.553659979706534e-5,-0.0003607871482207136
-0.753,8.821017543328961e-5,-0.0003648721647033582
-0.752,9.094205216327579e-5,-0.0003689940384656395
-0.751,9.373331835866451e-5,-0.0003731528450698821
-0.75,9.658508027383559e-5,-0.00037734865136358444
-0.749,9.949846228461695e-5,-0.0003815815151352013
-0.748,0.0001024746071282803,-0.0003858514847599278
-0.747,0.00010551467614473853,-0.00039015859883522445
-0.746,0.00010861984951885438,-0.0003945028858058134
-0.745,0.00011179132652376393,-0.0003988843635778713
-0.744,0.0001150303257651125,-0.00040330303912213705
-0.743,0.00011833808542609363,-0.00040775890806564463
-0.742,0.00012171586351317539,-0.00041225195427178684
-0.741,0.00012516493810239122,-0.00041678214940840577
-0.74,0.00012868660758606453,-0.0004213494525036007
-0.739,0.00013228219091982924,-0.0004259538094889352
-0.738,0.00013595302786979948,-0.0004305951527297196
-0.737,0.00013970047925973398,-0.0004352734005420342
-0.736,0.00014352592721803104,-0.00043998845669615424
-0.735,0.00014743077542438092,-0.00044474020990602784
-0.734,0.00015141644935589283,-0.00044952853330444903
-0.733,0.00015548439653250332,-0.00045435328390356256
-0.732,0.00015963608676146184,-0.0004592143020403259
-0.731,0.0001638730123806792,-0.00046411141080654787
-0.73,0.00016819668850071102,-0.00046904441546311194
-0.729,0.00017260865324513833,-0.00047401310283798603
-0.728,0.00017711046798909248,-0.0004790172407076108
-0.727,0.0001817037175956601,-0.00048405657716124795
-0.726,0.000186390010649888,-0.0004891308399478641
-0.725,0.00019117097969009505,-0.000494239735805113
-0.724,0.00019604828143618145,-0.0004993829497699716
-0.723,0.00020102359701461048,-0.0005045601444705772
-0.722,0.00020609863217972097,-0.0005097709593987994
-0.721,0.0002112751175310116,-0.0005150150101630742
-0.72,0.00021655480872601906,-0.0005202918877210184
-0.719,0.0002219394866883943,-0.0005256011575913295
-0.718,0.00022743095781076013,-0.0005309423590444695
-0.717,0.00023303105415191329,-0.0005363150042716189
-0.716,0.00023874163362791213,-0.0005417185775313813
-0.715,0.00024456458019656886,-0.0005471525342737019
-0.714,0.00025050180403484075,-0.0005526163002404622
-0.713,0.0002565552417085912,-0.0005581092705421965
-0.712,0.0002627268563341647,-0.0005636308087103693
-0.711,0.00026901863773119364,-0.0005691802457246422
-0.71,0.00027543260256602625,-0.0005747568790145502
-0.709,0.0002819707944851364,-0.0005803599714349956
-0.708,0.0002886352842378444,-0.0005859887502149622
-0.707,0.00029542816978764676,-0.0005916424058788382
-0.706,0.00030235157641142024,-0.0005973200911397341
-0.705,0.00030940765678572855,-0.0006030209197641659
-0.704,0.000316598591059427,-0.0006087439654074709
-0.703,0.0003239265869117201,-0.0006144882604193152
-0.702,0.0003313938795947891,-0.0006202527946186399
-0.701,0.00033900273196006496,-0.0006260365140373916
-0.7,0.00034675543446718025,-0.0006318383196323726
-0.699,0.0003546543051745874,-0.0006376570659645408
-0.698,0.0003627016897107871,-0.000643491559845086
-0.697,0.00037089996122505853,-0.0006493405589476001
-0.696,0.0003792515203165365,-0.000655202770385659
-0.695,0.00038775879494042613,-0.0006610768492551301
-0.694,0.0003964242402900918,-0.0006669613971405132
-0.693,0.00040525033865369944,-0.0006728549605846281
-0.692,0.0004142395992440345,-0.0006787560295209545
-0.691,0.00042339455800005345,-0.0006846630356679379
-0.69,0.00043271777735866555,-0.0006905743508845723
-0.689,0.00044221184599517314,-0.0006964882854865774
-0.688,0.00045187937853073093,-0.0007024030865224915
-0.687,0.0004617230152051129,-0.0007083169360090103
-0.686,0.000471745421513,-0.0007142279491249091
-0.685,0.0004819492878019254,-0.0007201341723628965
-0.684,0.0004923373288299333,-0.0007260335816387638
-0.683,0.0005029122832809245,-0.0007319240803572044
-0.682,0.0005136769132355736,-0.0007378034974337011
-0.681,0.0005246340035956151,-0.0007436695852718955
-0.68,0.0005357863614592029,-0.0007495200176958784
-0.679,0.0005471368154449471,-0.0007553523878368689
-0.678,0.0005586882149621388,-0.0007611642059737752
-0.677,0.0005704434294245648,-0.0007669528973271684
-0.676,0.0005824053474052085,-0.0007727157998062356
-0.675,0.0005945768757290256,-0.0007784501617083195
-0.674,0.0006069609385008646,-0.0007841531393707003
-0.673,0.0006195604760654855,-0.000789821794774324
-0.672,0.0006323784438965116,-0.000795453093099238
-0.671,0.0006454178114110164,-0.0008010439002315583
-0.67,0.0006586815607063246,-0.0008065909802218544
-0.669,0.0006721726852154695,-0.0008120909926949184
-0.668,0.0006858941882776105,-0.0008175404902109589
-0.667,0.000699849081619575,-0.0008229359155783516
-0.666,0.0007140403837445434,-0.00082827359911817
-0.665,0.0007284711182237424,-0.0008335497558808237
-0.664,0.0007431443118868664,-0.0008387604828152452
-0.663,0.0007580629929067804,-0.0008439017558911809
-0.662,0.0007732301887739041,-0.000848969427175278
-0.661,0.0007886489241555093,-0.0008539592218617955
-0.66,0.0008043222186349951,-0.0008588667352589188
-0.659,0.0008202530843260344,-0.0008636874297318216
-0.658,0.0008364445233563111,-0.0008684166316037932
-0.657,0.0008528995252153895,-0.0008730495280169353
-0.656,0.0008696210639610791,-0.0008775811637541347
-0.655,0.0008866120952784736,-0.0008820064380242362
-0.654,0.0009038755533856612,-0.0008863201012125681
-0.653,0.0009214143477799162,-0.00089051675159922
-0.652,0.000939231359817996,-0.0008945908320477403
-0.651,0.0009573294391239814,-0.0008985366266671979
-0.65,0.0009757113998179074,-0.000902348257450857
-0.649,0.000994380016558252,-0.0009060196808950344
-0.648,0.0010133380203911576,-0.000909544684602046
-0.647,0.0010325880943990854,-0.0009129168838715207
-0.646,0.0010521328691414141,-0.0009161297182847361
-0.645,0.0010719749178793305,-0.0009191764482870489
-0.644,0.0010921167515771787,-0.0009220501517739243
-0.643,0.0011125608136722774,-0.000924743720686528
-0.642,0.0011333094746050593,-0.0009272498576233415
-0.641,0.0011543650261012354,-0.0009295610724747653
-0.64,0.0011757296751975553,-0.0009316696790882372
-0.639,0.0011974055380026122,-0.0009335677919719558
-0.638,0.0012193946331840277,-0.0009352473230459205
-0.637,0.001241698875173266,-0.0009366999784496336
-0.636,0.001264320067079245,-0.0009379172554164947
-0.635,0.0012872598933018693,-0.0009388904392256209
-0.634,0.0013105199118365728,-0.0009396106002425837
-0.633,0.0013341015462609573,-0.0009400685910613336
-0.632,0.001358006077394647,-0.0009402550437604082
-0.631,0.0013822346346235275,-0.0009401603672873866
-0.63,0.0014067881868796417,-0.000939774744986448
-0.629,0.0014316675332681453,-0.000939088132284845
-0.628,0.001456873293332905,-0.0009380902545550793
-0.627,0.0014824058969525476,-0.0009367706051705937
-0.626,0.0015082655738590473,-0.0009351184437738653
-0.625,0.0015344523427712725,-0.0009331227947768852
-0.624,0.0015609660001363141,-0.0009307724461151677
-0.623,0.001587806108471875,-0.0009280559482776094
-0.622,0.0016149719843035434,-0.0009249616136357602
-0.621,0.0016424626856913907,-0.0009214775160973205
-0.62,0.0016702769993410208,-0.000917591491109994
-0.619,0.0016984134272950105,-0.0009132911360431536
-0.618,0.0017268701732015513,-0.0009085638109761524
-0.617,0.0017556451281581095,-0.0009033966399235042
-0.616,0.0017847358561290216,-0.0008977765125285888
-0.615,0.0018141395789371725,-0.000891690086258971
-0.614,0.0018438531608312555,-0.00088512378913789
-0.613,0.0018738730926316006,-0.000878063823047943
-0.612,0.0019041954754591953,-0.0008704961676444578
-0.611,0.0019348160040543007,-0.0008624065849175273
-0.61,0.0019657299496930107,-0.0008537806244431263
-0.609,0.0019969321427122174,-0.0008446036293651793
-0.608,0.0020284169546557255,-0.0008348607431518471
-0.607,0.002060178280056747,-0.0008245369171706666
-0.606,0.002092209517874647,-0.0008136169191284844
-0.605,0.002124503552606706,-0.0008020853424233646
-0.604,0.00215705273509871,-0.0007899266164568049
-0.603,0.0021898488630814855,-0.0007771250179556461
-0.602,0.0022228831614639817,-0.0007636646833539969
-0.601,0.002256146262417258,-0.0007495296222862849
-0.6,0.0022896281852876686,-0.0007347037322431839
-0.599,0.0023233183163817455,-0.0007191708144426167
-0.598,0.002357205388669705,-0.0007029145909682756
-0.597,0.0023912774614591576,-0.0006859187232281162
-0.596,0.0024255219000954968,-0.00066816683178503
-0.595,0.002459925355750574,-0.0006496425176113624
-0.594,0.0024944737453665997,-0.0006303293848180804
-0.593,0.002529152231827786,-0.0006102110649081913
-0.592,0.0025639452044380006,-0.0005892712426024044
-0.591,0.0025988362597886704,-0.0005674936832830219
-0.59,0.0026338081831072924,-0.0005448622620995649
-0.589,0.002668842930183196,-0.0005213609947766759
-0.588,0.002703921609973602,-0.0004969740701613459
-0.587,0.002739024467999535,-0.00047168588454245096
-0.586,0.002774130870647701,-0.0004454810777709159
-0.585,0.0028092192905010416,-0.00041834457120351517
-0.584,0.002844267292827229,-0.0003902616074873376
-0.583,0.0028792515233608883,-0.0003612177921952431
-0.582,0.0029141476975216665,-0.0003311991373151977
-0.581,0.002948930591216496,-0.00030019210658815634
-0.58,0.0029835740333802882,-0.0002681836626801458
-0.579,0.0030180509004149214,-0.00023516131616435347
-0.578,0.003052333112691565,-0.00020111317627834337
-0.577,0.003086391633286088,-0.00016602800340997684
-0.576,0.0031201964691214166,-0.0001298952632532118
-0.575,0.0031537166746941256,-9.270518256169066e-5
-0.574,0.0031869203585652177,-5.4448806413911367e-5
-0.573,0.00321977469279678,-1.5118056888833576e-5
-0.572,0.00325224592551698,2.529420696497452e-5
-0.571,0.0032842993967954794,6.67941280000455e-5
-0.57,0.003315899558009765,0.00010938678883118215
-0.569,0.0033470099948799247,0.0001530761488555342
-0.568,0.0033775934543449795,0.00019786498061842589
-0.567,0.0034076118754478696,0.00024375480573062984
-0.566,0.0034370264243884603,0.0002907458305619754
-0.565,0.003465797533894418,0.00033883688195558427
-0.564,0.0034938849470483395,0.00038802534322649146
-0.563,0.0035212477656960802,0.000438307090727775
-0.562,0.003547844503545661,0.0004896764312863956
-0.561,0.003573633144048442,0.0005421260408295438
-0.56,0.003598571203134335,0.0005956469045401847
-0.559,0.0036226157968506575,0.0006502282588974556
-0.558,0.003645723713929847,0.0007058575359733569
-0.557,0.003667851493284579,0.0007625203103715289
-0.556,0.0036889555064000216,0.0008202002492065567
-0.555,0.00370899204456196,0.0008788790655329161
-0.554,0.00372791741082656,0.0009385364756410833
-0.553,0.0037456880166026477,0.000999150160644209
-0.552,0.0037622604826807863,0.0010606957327817994
-0.551,0.003777591744505354,0.0011231467068668146
-0.55,0.0037916391614464485,0.0011864744772991955
-0.549,0.0038043606297881276,0.0012506483010618398
-0.548,0.003815714699108516,0.001315635287104236
-0.547,0.003825660691686029,0.0013814003925041308
-0.546,0.003834158824524809,0.001447906425778604
-0.545,0.0038411703335518095,0.0015151140576925974
-0.544,0.0038466575994983328,0.0015829818398852536
-0.543,0.00385058427494061,0.0016514662316022956
-0.542,0.003852915411937803,0.0017205216347861434
-0.541,0.0038536175896720388,0.001790100437734635
-0.54,0.003852659041464345,0.0018601530674941737
-0.539,0.003850009780513094,0.0019306280511041162
-0.538,0.0038456417236783524,0.002001472085756491
-0.537,0.0038395288126168263,0.002072630117879032
-0.536,0.003831647131558354,0.0021440454310904253
-0.535,0.0038219750210066023,0.0022156597429150906
-0.534,0.003810493186644081,0.0022874133100812214
-0.533,0.003797184802725214,0.002359245042160861
-0.532,0.003782035609251185,0.0024310926232450404
-0.531,0.0037650340022368934,0.0025028926412811927
-0.53,0.0037461711164036137,0.002574580724634895
-0.529,0.0037254408996610444,0.0026460916853741734
-0.528,0.003702840178779123,0.002717359668712976
-0.527,0.003678368715693288,0.0027883183079916544
-0.526,0.003652029253936435,0.002858900884517215
-0.525,0.0036238275547463453,0.002929040491535417
-0.524,0.0035937724224584635,0.002998670201561211
-0.523,0.0035618757188599546,0.0030677232362541734
-0.522,0.003528152366251496,0.0031361331379921365
-0.521,0.0034926203390374627,0.0032038339422696183
-0.52,0.0034553006437423777,0.003270760350028407
-0.519,0.0034162172874308543,0.0033368478990160894
-0.518,0.003375397234588965,0.003402033133264698
-0.517,0.003332870352606076,0.003466253769786134
-0.516,0.0032886693460768297,0.003529448861593662
-0.515,0.0032428296802222336,0.0035915589561794858
-0.514,0.003195389493805786,0.0036525262486070418
-0.513,0.0031463895019944034,0.003712294728412878
-0.512,0.0030958728896837632,0.0037708103195564684
-0.511,0.003043885195872765,0.003828021012706519
-0.51,0.0029904741897314184,0.0038838769892086712
-0.509,0.002935689739059977,0.003938330736141389
-0.508,0.0028795836718839927,0.0039913371519334235
-0.507,0.0028222096319697157,0.004042853642086855
-0.506,0.0027636229290765525,0.004092840204623427
-0.505,0.0027038803847879247,0.004141259504947941
-0.504,0.0026430401747786266,0.004188076939899845
-0.503,0.002581161668385717,0.004233260690842152
-0.502,0.0025183052663511262,0.004276781765714363
-0.501,0.002454532237597714,0.004318614030052543
-0.5,0.0023899045558867446,0.004358734227054119
-0.499,0.0023244847371840386,0.00439712198683671
-0.498,0.0022583356785348075,0.004433759825108608
-0.497,0.002191520499213978,0.004468633131532849
-0.496,0.0021241023848801274,0.004501730148126511
-0.495,0.002056144435417712,0.004533041938091609
-0.494,0.001987709517104627,0.0045625623455232776
-0.493,0.001918860119691064,0.004590287946484518
-0.492,0.0018496582189217214,0.0046162179919745664
-0.491,0.0017801651449774545,0.004640354343349658
-0.49,0.0017104414572550436,0.004662701400780641
-0.489,0.0016405468258455954,0.004683266025351635
-0.488,0.0015705399200138103,0.004702057455417687
-0.487,0.0015004783039225366,0.004719087217847568
-0.486,0.0014304183397902464,0.004734369034780446
-0.485,0.0013604150986138192,0.004747918726522701
-0.484,0.0012905222785357649,0.0047597541112037916
-0.483,0.001220792130884149,0.00476989490179829
-0.482,0.0011512753938653613,0.004778362601105322
-0.481,0.0010820212338447663,0.004785180395257156
-0.48,0.0010130771941084368,0.004790373046305952
-0.479,0.0009444891509607634,0.004793966784412206
-0.478,0.0008763012769778883,0.004795989200130586
-0.477,0.0008085560112056976,0.004796469137259099
-0.476,0.0007412940360635431,0.0047954365866863385
-0.475,0.0006745542606909551,0.004792922581639192
-0.474,0.0006083738104542645,0.004788959094700393
-0.473,0.0005427880223132102,0.004783578936931874
-0.472,0.0004778304457341324,0.004776815659406481
-0.471,0.0004135328488260896,0.004768703457417461
-0.47,0.0003499252293690317,0.004759277077602498
-0.469,0.0002870358303988091,0.004748571728187311
-0.468,0.00022489116001211024,0.004736622992522925
-0.467,0.00016351601505517713,0.004723466746061177
-0.466,0.00010293350836314166,0.004709139076884593
-0.465,4.316509922182757e-5,0.0046936762098800005
-0.464,-1.5769373269336356e-5,0.004677114434619869
-0.463,-7.385165424627041e-5,0.004659490036991685
-0.462,-0.00013106503484429794,0.004640839234593664
-0.461,-0.00018739431196962167,0.004621198115894749
-0.46,-0.00024282574635866433,0.004600602583138241
-0.459,-0.0002973470191930485,0.004579088298951482
-0.458,-0.00035094718752471185,0.00455669063660873
-0.457,-0.0004036166387519209,0.004533444633880784
-0.456,-0.0004553470443729142,0.004509384950392855
-0.455,-0.0005061313132297026,0.004484545828401647
-0.454,-0.0005559635444403122,0.0044589610568936105
-0.453,-0.0006048389802035749,0.004432663938898585
-0.452,-0.0006527539586465662,0.004405687261906728
-0.451,-0.000699705866871023,0.004378063271271476
-0.45,-0.0007456930943416506,0.004349823646477249
-0.449,-0.0007907149867461781,0.0043209994801476845
-0.448,-0.0008347718004444335,0.0042916212596682156
-0.447,-0.0008778646576115924,0.0042617188512956905
-0.446,-0.000919995502169176,0.004231321486627461
-0.445,-0.0009611670565863335,0.004200457751302822
-0.444,-0.0010013827796234787,0.004169155575810739
-0.443,-0.0010406468250804652,0.004137442228279517
-0.442,-0.0010789640016021856,0.0041053443091261825
-0.441,-0.0011163397335857694,0.004072887747446025
-0.44,-0.0011527800232254302,0.004040097799025665
-0.439,-0.0011882914137234606,0.004006999045866388
-0.438,-0.0012228809536888898,0.0039736153971080225
-0.437,-0.001256556162738882,0.003939970091247435
-0.436,-0.0012893249983120523,0.0039060856995496835
-0.435,-0.0013211958236974838,0.0038719841305539437
-0.434,-0.0013521773772783368,0.0038376866355805082
-0.433,-0.0013822787429845125,0.0038032138151493783
-0.432,-0.0014115093219448495,0.003768585626225224
-0.431,-0.001439878805325784,0.0037338213902077403
-0.43,-0.0014673971483402427,0.003698939801590637
-0.429,-0.001494074545407759,0.003663958937216686
-0.428,-0.001519921406444376,0.0036288962660603326
-0.427,-0.0015449483342588,0.003593768659473412
-0.426,-0.0015691661030294778,0.0035585924018334257
-0.425,-0.0015925856378357533,0.003523383201537644
-0.424,-0.0016152179952150206,0.003488156202289996
-0.423,-0.0016370743447167771,0.003452925994631278
-0.422,-0.0016581659514236882,0.00341770662766664
-0.421,-0.001678504159409202,0.0033825116209476275
-0.42,-0.001698100376100835,0.0033473539764691997
-0.419,-0.0017169660575180247,0.0033122461907451823
-0.418,-0.0017351126943533472,0.003277200266928486
-0.417,-0.0017525517988659534,0.0032422277269451723
-0.416,-0.0017692948925562384,0.0032073396236140406
-0.415,-0.0017853534945910323,0.0031725465527258864
-0.414,-0.0018007391109489674,0.003137858665058902
-0.413,-0.0018154632242561254,0.0031032856783088907
-0.412,-0.0018295372842825881,0.0030688368889150476
-0.411,-0.0018429726990710957,0.003034521183763981
-0.41,-0.0018557808266696483,0.003000347051756497
-0.409,-0.001867972967440569,0.002966322595223366
-0.408,-0.0018795603569192521,0.0029324555411778803
-0.407,-0.0018905541591965685,0.002898753252394518
-0.406,-0.001900965460799662,0.0028652227383043896
-0.405,-0.001910805265046653,0.0028318706656994524
-0.404,-0.0019200844868515602,0.002798703369238658
-0.403,-0.0019288139479565491,0.0027657268617503066
-0.402,-0.0019370043725694221,0.002732946844325898
-0.401,-0.0019446663833850694,0.0027003687162017133
-0.4,-0.0019518104979703898,0.002667997584425223
-0.399,-0.0019584471254929956,0.0026358382733042036
-0.398,-0.001964586563774785,0.002603895333637178
-0.397,-0.0019702389966522447,0.0025721730517244534
-0.396,-0.0019754144916260953,0.002540675458159626
-0.395,-0.001980122997783642,0.0025094063364019814
-0.394,-0.0019843743439779083,0.0024783692311306934
-0.393,-0.0019881782372483435,0.0024475674563821923
-0.392,-0.001991544261468584,0.0024170041034724536
-0.391,-0.0019944818762074124,0.002386682048706327
-0.39,-0.001997000415789715,0.002356603960876335
-0.389,-0.001999109088544856,0.0023267723085536635
-0.388,-0.002000816976230509,0.002297189367174295
-0.387,-0.0020021330336205613,0.002267857225923474
-0.386,-0.00200306608824628,0.0022387777944218564
-0.385,-0.0020036248402804744,0.00220995280921688
-0.384,-0.0020038178625549088,0.002181383840083002
-0.383,-0.0020036536007017325,0.002153072296134586
-0.382,-0.0020031403734101752,0.002125019431755295
-0.381,-0.002002286372790215,0.002097226352347932
-0.38,-0.0020010996648353843,0.002069694019908715
-0.379,-0.0019995881899772918,0.0020424232584300224
-0.378,-0.0019977597637248572,0.002015414759135663
-0.377,-0.0019956220773816396,0.0019886690855527365
-0.376,-0.0019931826988350125,0.001962186678424161
-0.375,-0.001990449073411298,0.0019359678604659184
-0.374,-0.001987428524791307,0.0019100128409730594
-0.373,-0.001984128255981055,0.00188432172027848
-0.372,-0.0019805553503327356,0.0018588944940684418
-0.371,-0.0019767167726113186,0.0018337310575587667
-0.37,-0.001972619370102423,0.0018088312095355897
-0.369,-0.001968269873757377,0.0017841946562644994
-0.368,-0.0019636748993716274,0.0017598210152718317
-0.367,-0.0019588409487929026,0.0017357098190018288
-0.366,-0.001953774411155752,0.0017118605183533012
-0.365,-0.0019484815641393049,0.0016882724860993639
-0.364,-0.0019429685752452932,0.0016649450201937535
-0.363,-0.0019372415030935724,0.0016418773469671463
-0.362,-0.0019313062987325572,0.001619068624216835
-0.361,-0.0019251688069621615,0.001596517944193042
-0.36,-0.001918834767666994,0.0015742243364850635
-0.359,-0.0019123098171577142,0.0015521867708103748
-0.358,-0.0019055994895185956,0.0015304041597097374
-0.357,-0.001898709217959487,0.0015088753611512756
-0.356,-0.0018916443361704817,0.0014875991810464147
-0.355,-0.001884410079677734,0.0014665743756804924
-0.354,-0.0018770115871989742,0.0014457996540607795
-0.353,-0.001869453901997379,0.0014252736801845715
-0.352,-0.0018617419732325602,0.0014049950752299352
-0.351,-0.0018538806573075255,0.0013849624196716223
-0.35,-0.0018458747192105587,0.0013651742553245885
-0.349,-0.0018377288338510475,0.0013456290873174839
-0.348,-0.0018294475873883724,0.0013263253859984094
-0.347,-0.0018210354785530344,0.0013072615887751696
-0.346,-0.001812496919959281,0.001288436101892174
-0.345,-0.001803836239408547,0.0012698473021460848
-0.344,-0.0017950576811830892,0.0012514935385422336
-0.343,-0.0017861654073292568,0.0012333731338937722
-0.342,-0.0017771634989298853,0.0012154843863654565
-0.341,-0.0017680559573653577,0.0011978255709639053
-0.34,-0.0017588467055629242,0.0011803949409761143
-0.339,-0.0017495395892339074,0.001163190729357947
-0.338,-0.0017401383780984738,0.0011462111500742747
-0.337,-0.0017306467670976796,0.0011294543993923692
-0.336,-0.0017210683775925391,0.0011129186571301182
-0.335,-0.0017114067585498986,0.0010966020878605636
-0.334,-0.0017016653877149257,0.0010805028420742227
-0.333,-0.0016918476727700558,0.0010646190573006045
-0.332,-0.001681956952480263,0.0010489488591902767
-0.331,-0.0016719964978245475,0.0010334903625588067
-0.33,-0.0016619695131135537,0.0010182416723938427
-0.329,-0.0016518791370932575,0.0010032008848265676
-0.328,-0.001641728444034676,0.00098836608806871
-0.327,-0.0016315204448095768,0.0009737353633162611
-0.326,-0.0016212580879521742,0.0009593067856210051
-0.325,-0.001610944260706824,0.0009450784247309315
-0.324,-0.001600581790061731,0.0009310483459005648
-0.323,-0.001590173443768709,0.0009172146106722081
-0.322,-0.0015797219313490344,0.0009035752776290665
-0.321,-0.0015692299050854542,0.000890128403121179
-0.32,-0.001558699961000411,0.0008768720419650589
-0.319,-0.0015481346398205636,0.0008638042481179118
-0.318,-0.001537536427927687,0.0008509230753272677
-0.317,-0.001526907758296043,0.000838226577756839
-0.316,-0.0015162510114163192,0.000825712810589384
-0.315,-0.0015055685162062432,0.000813379830607333
-0.314,-0.0014948625509079798,0.0008012256967519039
-0.313,-0.0014841353439724286,0.000789248470661415
-0.312,-0.0014733890749305397,0.0007774462171894699
-0.311,-0.0014626258752517718,0.0007658170049036768
-0.31,-0.001451847829189819,0.0007543589065655329
-0.309,-0.0014410569746157375,0.0007430699995920877
-0.308,-0.0014302553038386026,0.0007319483664999772
-0.307,-0.0014194447644138317,0.0007209920953324011
-0.306,-0.00140862725993931,0.000710199280069594
-0.305,-0.001397804650839456,0.0006995680210233256
-0.304,-0.0013869787551373666,0.0006890964252159441
-0.303,-0.0013761513492151823,0.0006787826067444626
-0.302,-0.0013653241685628117,0.0006686246871301676
-0.301,-0.001354498908515159,0.0006586207956542166
-0.3,-0.0013436772249779945,0.0006487690696796735
-0.299,-0.0013328607351426095,0.0006390676549604157
-0.298,-0.0013220510181893993,0.0006295147059373343
-0.297,-0.0013112496159805125,0.0006201083860222319
-0.296,-0.0013004580337417093,0.0006108468678698119
-0.295,-0.0012896777407335703,0.0006017283336381363
-0.294,-0.001278910170912191,0.0005927509752379226
-0.293,-0.0012681567235795065,0.0005839129945710315
-0.292,-0.0012574187640233788,0.000575212603758489
-0.291,-0.0012466976241475875,0.0005666480253583778
-0.29,-0.0012359946030918573,0.0005582174925739139
-0.289,-0.0012253109678420583,0.0005499192494520245
-0.288,-0.0012146479538307122,0.0005417515510727234
-0.287,-0.0012040067655279343,0.0005337126637295781
-0.286,-0.001193388577022946,0.0005258008651015469
-0.285,-0.0011827945325962837,0.0005180144444164614
-0.284,-0.001172225747282834,0.0005103517026064161
-0.283,-0.0011616833074258202,0.0005028109524553205
-0.282,-0.0011511682712218674,0.000495390518738862
-0.281,-0.0011406816692572652,0.0004880887383571183
-0.28,-0.0011302245050355568,0.0004809039604600495
-0.279,-0.001119797755496567,0.0004738345465660972
-0.278,-0.001109402371526995,0.00046687887067410535
-0.277,-0.0010990392784626835,0.000460035319368775
-0.276,-0.0010887093765826852,0.00045330229191985563
-0.275,-0.001078413541595235,0.0004466782003752723
-0.274,-0.0010681526251157469,0.00044016146964837797
-0.273,-0.0010579274551369387,0.00043375053759951867
-0.272,-0.0010477388364912034,0.00042744385511208943
-0.271,-0.0010375875513053264,0.00042123988616325704
-0.27,-0.0010274743594476594,0.00041513710788951654
-0.269,-0.0010173999989678553,0.00040913401064724737
-0.268,-0.0010073651865292672,0.0004032290980684259
-0.267,-0.000997370617834111,0.00039742088711164976
-0.266,-0.0009874169680414956,0.0003917079081086222
-0.265,-0.000977504892178416,0.00038608870480624205
-0.264,-0.0009676350255438083,0.0003805618344044386
-0.263,-0.0009578079841057622,0.00037512586758988825
-0.262,-0.0009480243648919846,0.00036977938856574516
-0.261,-0.0009382847463736075,0.00036452099507751254
-0.26,-0.0009285896888424324,0.00035934929843518023
-0.259,-0.0009189397347816998,0.00035426292353174873
-0.258,-0.0009093354092304742,0.0003492605088582555
-0.257,-0.0008997772201417305,0.00034434070651541816
-0.256,-0.0008902656587342284,0.000339502182222004
-0.255,-0.0008808011998382606,0.00033474361532003237
-0.254,-0.0008713843022353556,0.00033006369877691346
-0.253,-0.0008620154089920202,0.00032546113918462436
-0.252,-0.000852694947787601,0.00032093465675601924
-0.251,-0.0008434233312363442,0.0003164829853183684
-0.25,-0.0008342009572037335,0.0003121048723042179
-0.249,-0.0008250282091171827,0.0003077990787396589
-0.248,-0.0008159054562711589,0.00030356437923009235
-0.247,-0.0008068330541268117,0.000299399561943574
-0.246,-0.0007978113446061816,0.00029530342859181933
-0.245,-0.0007888406563810618,0.00029127479440894905
-0.244,-0.0007799213051565822,0.00028731248812804955
-0.243,-0.0007710535939495907,0.0002834153519556244
-0.242,-0.0007622378133618955,0.00027958224154400746
-0.241,-0.0007534742418484427,0.000275812025961808
-0.24,-0.0007447631459804919,0.00027210358766245493
-0.239,-0.0007361047807038599,0.00026845582245090644
-0.238,-0.000727499389592295,0.0002648676394485878
-0.237,-0.0007189472050960499,0.0002613379610566195
-0.236,-0.0007104484487857124,0.00025786572291739546
-0.235,-0.0007020033315913606,0.00025444987387456875
-0.234,-0.0006936120540371026,0.00025108937593150144
-0.233,-0.0006852748064710614,0.00024778320420823236
-0.232,-0.0006769917692908653,0.00024453034689701634
-0.231,-0.0006687631131647038,0.00024132980521648453
-0.23,-0.0006605889992480057,0.00023818059336447675
-0.229,-0.0006524695793957984,0.00023508173846959225
-0.228,-0.000644404996370805,0.00023203228054150606
-0.227,-0.0006363953840473331,0.00022903127242009528
-0.226,-0.0006284408676110141,0.0002260777797234187
-0.225,-0.0006205415637544438,0.00022317088079459163
-0.224,-0.0006126975808687798,0.0002203096666475963
-0.223,-0.0006049090192313489,0.00021749324091206707
-0.222,-0.000597175971189316,0.00021472071977708817
-0.221,-0.0005894985213394653,0.00021199123193404055
-0.22,-0.0005818767467041469,0.00020930391851853276
-0.219,-0.000574310716903436,0.00020665793305145032
-0.218,-0.0005668004943235576,0.0002040524413791559
-0.217,-0.0005593461342816219,0.00020148662161287222
-0.216,-0.0005519476851867223,0.00019895966406727777
-0.215,-0.00054460518869744,0.00019647077119834536
-0.214,-0.000537318679875806,0.00019401915754045052
-0.213,-0.0005300881873377633,0.00019160404964277834
-0.212,-0.0005229137334001783,0.00018922468600505343
-0.211,-0.0005157953342244442,0.00018688031701261917
-0.21,-0.0005087329999567228,0.00018457020487088946
-0.209,-0.0005017267348648681,0.0001822936235391966
-0.208,-0.0004947765374720763,0.00018004985866405698
-0.207,-0.0004878824006873039,0.0001778382075118758
-0.206,-0.00048104431193249754,0.00017565797890111144
-0.205,-0.0004742622532666784,0.00017350849313391796
-0.204,-0.00046753620150692096,0.00017138908192728495
-0.203,-0.0004608661283462697,0.00016929908834369177
-0.202,-0.00045425200046863234,0.00016723786672129305
-0.201,-0.0004476937796606914,0.00016520478260365133
-0.2,-0.00044119142292087384,0.0001631992126690317
-0.199,-0.0004347448825654173,0.00016122054465927287
-0.198,-0.0004283541063315734,0.00015926817730824806
-0.197,-0.0004220190374779857,0.0001573415202699283
-0.196,-0.00041573961488228104,0.00015543999404606012
-0.195,-0.0004095157731359124,0.00015356302991346898
-0.194,-0.0004033474426362904,0.00015171006985099844
-0.193,-0.00039723454967624094,0.00014988056646609538
-0.192,-0.0003911770165308256,0.00014807398292105
-0.191,-0.0003851747615415615,0.00014628979285889892
-0.19,-0.00037922769919807714,0.00014452748032899937
-0.189,-0.0003733357402172391,0.00014278653971228108
-0.188,-0.00036749879161978644,0.0001410664756461828
-0.187,-0.0003617167568045071,0.00013936680294927874
-0.186,-0.0003559895356199919,0.00013768704654560027
-0.185,-0.0003503170244340008,0.0001360267413886577
-0.184,-0.00034469911620047547,0.0001343854323851653
-0.183,-0.0003391357005242332,0.00013276267431847402
-0.182,-0.0003336266637233751,0.00013115803177171363
-0.181,-0.0003281718888894438,0.0001295710790506473
-0.18,-0.0003227712559453625,0.00012800140010623987
-0.179,-0.00031742464170119014,0.00012644858845694103
-0.178,-0.00031213191990772497,0.0001249122471106842
-0.177,-0.0003068929613079902,0.0001233919884866009
-0.176,-0.0003017076336866336,0.00012188743433645052
-0.175,-0.0002965758019172747,0.00012039821566576425
-0.174,-0.0002914973280078311,0.00011892397265470213
-0.173,-0.000286472071143857,0.00011746435457862091
-0.172,-0.0002814998877299257,0.00011601901972835084
-0.171,-0.00027658063142908834,0.00011458763533017823
-0.17,-0.0002717141532004404,0.0001131698774655306
-0.169,-0.0002669003013348288,0.00011176543099036095
-0.168,-0.0002621389214887303,0.00011037398945422666
-0.167,-0.00025742985671633323,0.00010899525501905887
-0.166,-0.00025277294749985463,0.000107628938377617
-0.165,-0.00024816803177812386,0.00010627475867162337
-0.164,-0.0002436149449734642,0.00010493244340957202
-0.163,-0.00023911352001690432,0.00010360172838420557
-0.162,-0.0002346635873717504,0.00010228235758965379
-0.161,-0.00023026497505555134,0.00010097408313822676
-0.16,-0.0002259175086604873,9.96766651768556e-5
-0.159,-0.0002216210113722141,9.838987180317306e-5
-0.158,-0.0002173753039871941,9.711347898122627e-5
-0.157,-0.00021318020492854596,9.584727045681298e-5
-0.156,-0.00020903553026044362,9.459103767243332e-5
-0.155,-0.0002049410937010975,9.334457968184768e-5
-0.154,-0.00020089670663434828,9.210770306423185e-5
-0.153,-0.00019690217811990608,9.088022183791983e-5
-0.152,-0.00019295731490226619,8.966195737372462e-5
-0.151,-0.00018906192141833345,8.845273830782692e-5
-0.15,-0.00018521579980378762,8.725240045422151e-5
-0.149,-0.0001814187498982216,8.60607867167107e-5
-0.148,-0.00017767056924908493,8.487774700043413e-5
-0.147,-0.0001739710531144652,8.370313812292391e-5
-0.146,-0.0001703199944647396,8.253682372467373e-5
-0.145,-0.0001667171839831302,8.137867417921065e-5
-0.144,-0.00016316241006519505,8.022856650265778e-5
-0.143,-0.00015965545881728901,7.908638426277605e-5
-0.142,-0.00015619611405402755,7.7952017487473e-5
-0.141,-0.0001527841572947871,7.68253625727663e-5
-0.14,-0.0001494193677592759,7.57063221901897e-5
-0.139,-0.0001461015223622097,7.459480519362893e-5
-0.138,-0.00014283039570712658,7.349072652557466e-5
-0.137,-0.00013960576007937553,7.239400712277984e-5
-0.136,-0.0001364273854383143,7.130457382130846e-5
-0.135,-0.00013329503940875124,7.022235926096276e-5
-0.134,-0.00013020848727166736,6.914730178907552e-5
-0.133,-0.00012716749195425427,6.807934536365449e-5
-0.132,-0.00012417181401930453,6.70184394558654e-5
-0.131,-0.00012122121165399135,6.596453895184039e-5
-0.13,-0.00011831544065807444,6.491760405379829e-5
-0.129,-0.00011545425443156974,6.387760018046351e-5
-0.128,-0.00011263740396192118,6.284449786676978e-5
-0.127,-0.0001098646378107126,6.181827266283553e-5
-0.126,-0.00010713570209995892,6.079890503219739e-5
-0.125,-0.00010445034049801567,5.9786380249288253e-5
-0.124,-0.00010180829420514703,5.878068829614664e-5
-0.123,-9.920930193879243e-5,5.77818237583439e-5
-0.122,-9.665309991857267e-5,5.678978572011608e-5
-0.121,-9.413942185107702e-5,5.5804577658687136e-5
-0.12,-9.166799891447307e-5,5.4826207337770474e-5
-0.119,-8.9238559742982e-5,5.38546867002358e-5
-0.118,-8.685083041126237e-5,5.289003175992849e-5
-0.117,-8.450453441874608e-5,5.1932262492628663e-5
-0.116,-8.219939267397079e-5,5.098140272613756e-5
-0.115,-7.993512347895413e-5,5.0037480029478856e-5
-0.114,-7.77114425136548e-5,4.9100525601202726e-5
-0.113,-7.552806282056755e-5,4.817057415678089e-5
-0.112,-7.338469478949859e-5,4.724766381508088e-5
-0.111,-7.12810461425694e-5,4.6331835983908266e-5
-0.11,-6.92168219194977e-5,4.542313524460566e-5
-0.109,-6.719172446320438e-5,4.4521609235697884e-5
-0.108,-6.520545340579702e-5,4.362730853557278e-5
-0.107,-6.325770565498051e-5,4.27402865441877e-5
-0.106,-6.13481753809468e-5,4.186059936379193e-5
-0.105,-5.94765540037961e-5,4.0988305678655966e-5
-0.104,-5.7642530181543356e-5,4.012346663379873e-5
-0.103,-5.584578979876408e-5,3.9266145712704455e-5
-0.102,-5.4086015955935e-5,3.841640861402148e-5
-0.101,-5.236288895952585e-5,3.7574323127235604e-5
-0.1,-5.067608631289943e-5,3.6739959007311384e-5
-0.099,-4.9025282708078314e-5,3.5913387848295126e-5
-0.098,-4.741015001843746e-5,3.5094682955874274e-5
-0.097,-4.5830357292383003e-5,3.4283919218888185e-5
-0.096,-4.428557074807882e-5,3.3481172979786284e-5
-0.095,-4.2775453769283334e-5,3.2686521904030245e-5
-0.094,-4.129966690236025e-5,3.1900044848437446e-5
-0.093,-3.9857867854528186e-5,3.112182172846404e-5
-0.092,-3.844971149341515e-5,3.035193338442668e-5
-0.091,-3.707484984798543e-5,2.959046144666279e-5
-0.09,-3.5732932110907186e-5,2.883748819963039e-5
-0.089,-3.442360464243088e-5,2.8093096444949263e-5
-0.088,-3.3146510975849765e-5,2.7357369363386525e-5
-0.087,-3.190129182461488e-5,2.66303903757905e-5
-0.086,-3.06875850911788e-5,2.5912243002978154e-5
-0.085,-2.9505025877643503e-5,2.5203010724582385e-5
-0.084,-2.8353246498289297e-5,2.4502776836866854e-5
-0.083,-2.723187649406342e-5,2.3811624309517182e-5
-0.082,-2.6140542649108273e-5,2.3129635641418893e-5
-0.081,-2.507886900941104e-5,2.245689271543378e-5
-0.08,-2.4046476903658023e-5,2.179347665218794e-5
-0.079,-2.3042984966378737e-5,2.113946766288627e-5
-0.078,-2.2068009163466623e-5,2.0494944901169875e-5
-0.077,-2.1121162820164947e-5,1.985998631403455e-5
-0.076,-2.0202056651608413e-5,1.9234668491830274e-5
-0.075,-1.931029879601289e-5,1.861906651736358e-5
-0.074,-1.8445494850607604e-5,1.801325381412661e-5
-0.073,-1.760724791040627e-5,1.741730199367868e-5
-0.072,-1.6795158609915594e-5,1.6831280702208427e-5
-0.071,-1.600882516788195e-5,1.6255257466306734e-5
-0.07,-1.524784343517904e-5,1.5689297537983125e-5
-0.069,-1.4511806945941884e-5,1.5133463738960663e-5
-0.068,-1.3800306972054684e-5,1.458781630428704e-5
-0.067,-1.3112932581102736e-5,1.4052412725302199e-5
-0.066,-1.2449270697901046e-5,1.3527307592005702e-5
-0.065,-1.1808906169714955e-5,1.3012552434869968e-5
-0.064,-1.1191421835290897e-5,1.2508195566148644e-5
-0.063,-1.059639859781823e-5,1.2014281920732578e-5
-0.062,-1.0023415501946035e-5,1.1530852896609327e-5
-0.061,-9.47204981498196e-6,1.1057946194985614e-5
-0.06,-8.94187711240329e-6,1.0595595660136005e-5
-0.059,-8.432471367813886e-6,1.0143831119044878e-5
-0.058,-7.943405047484104e-6,9.702678220912977e-6
-0.057,-7.474249209614449e-6,9.272158276604141e-6
-0.056,-7.024573608467623e-6,8.852288098112328e-6
-0.055,-6.593946803517586e-6,8.443079838133856e-6
-0.054,-6.181936273768533e-6,8.044540829834843e-6
-0.053,-5.788108537401078e-6,7.65667342690906e-6
-0.052,-5.412029276907682e-6,7.27947484402707e-6
-0.051,-5.0532634698842456e-6,6.9129369977833485e-6
-0.05,-4.711375525650048e-6,6.557046348254326e-6
-0.049,-4.3859294278737305e-6,6.211783741286823e-6
-0.048,-4.0764888833888875e-6,5.877124251643315e-6
-0.047,-3.782617477389096e-6,5.553037027137735e-6
-0.046,-3.5038788351988342e-6,5.239485133903344e-6
-0.045,-3.239836790823866e-6,4.9364254029423744e-6
-0.044,-2.99005556249229e-6,4.64380827811591e-6
-0.043,-2.7540999354055788e-6,4.361577665741733e-6
-0.042,-2.531535451927765e-6,4.089670785977734e-6
-0.041,-2.321928609450378e-6,3.828018026178978e-6
-0.04,-2.1248470661810052e-6,3.5765427964277595e-6
-0.039,-1.9398598551144803e-6,3.3351613874479246e-6
-0.038,-1.7665376064577906e-6,3.1037828311275724e-6
-0.037,-1.6044527787930224e-6,2.882308763887994e-6
-0.036,-1.4531798992771248e-6,2.670633293151437e-6
-0.035,-1.312295813193154e-6,2.468642867176186e-6
-0.034,-1.1813799431851879e-6,2.276216148544543e-6
-0.033,-1.0600145585284618e-6,2.0932238916078085e-6
-0.032,-9.477850548078012e-7,1.9195288242123727e-6
-0.031,-8.44280244401389e-7,1.754985534052805e-6
-0.03,-7.490926581937457e-7,1.5994403600214905e-6
-0.029,-6.618188589719451e-7,1.4527312889502251e-6
-0.028,-5.820597669931227e-7,1.3146878581675034e-6
-0.027,-5.094209982499176e-7,1.1851310643263363e-6
-0.026,-4.435132160044605e-7,1.0638732789917442e-6
-0.025,-3.8395249621186697e-7,9.507181715150334e-7
-0.024,-3.3036070751217475e-7,8.454606397641504e-7
-0.023,-2.823659065367925e-7,7.47886749326484e-7
-0.022,-2.3960274935374406e-7,6.577736818532797e-7
-0.021,-2.0171291996770004e-7,5.748896932743137e-7
-0.02,-1.683455768990779e-7,4.989940826788895e-7
-0.019,-1.391578189953094e-7,4.29837172736059e-7
-0.018,-1.1381517178185771e-7,3.671603026151386e-7
-0.017,-9.199209584745735e-8,3.106958344694698e-7
-0.016,-7.337251898632516e-8,2.601671746650163e-7
-0.015,-5.765039410185492e-8,2.1528881107476246e-7
-0.014,-4.453028522816739e-8,1.7576636792514415e-7
-0.013,-3.372798447099473e-8,1.41296679878832e-7
-0.012,-2.4971163240673323e-8,1.115678872784352e-7
-0.011,-1.8000061895404096e-8,8.625955477103261e-8
-0.01,-1.256822290384778e-8,6.504281590208449e-8
-0.009,-8.443273982210792e-9,4.7580546735610927e-8
-0.008,-5.4077695363396016e-9,3.352757216480198e-8
-0.007,-3.2601014315727358e-9,2.253090938394515e-8
-0.006,-1.8154941204756124e-9,1.423005409576949e-8
-0.005,-9.071053962696853e-10,8.257316591615701e-9
-0.004,-3.8726431672481324e-10,4.238217158651734e-9
-0.003,-1.2889609535987303e-10,1.7919539087432927e-9
-0.002,-2.7219760646651754e-11,5.319623228924541e-10
-0.001,-1.887825950664315e-12,6.659770825084242e-11
0.0,0.0,0.0
0.001,-1.8903032999824862e-12,-6.668211639903148e-11
0.002,-2.7291514849712488e-11,-5.333115305630164e-10
0.003,-1.294074289387121e-10,-1.798774806404616e-9
0.004,-3.8931827492397163e-10,-4.259737349079096e-9
0.005,-9.131337129375757e-10,-8.309749763162124e-9
0.006,-1.8300040786222451e-9,-1.4338530349767812e-8
0.007,-3.2905616812020807e-9,-2.2731365452510138e-8
0.008,-5.465625047901303e-9,-3.38685972689233e-8
0.009,-8.54508169680551e-9,-4.8125180459780714e-8
0.01,-1.2736900618482858e-8,-6.587029496682846e-8
0.011,-1.826624365442307e-8,-8.746700600502825e-8
0.012,-2.5374655078640706e-8,-1.1327196444961427e-7
0.013,-3.4319314817624935e-8,-1.4363514235350397e-7
0.014,-4.537234467329992e-8,-1.788995993957473e-7
0.015,-5.882015954823781e-8,-2.1940127683752984e-7
0.016,-7.496285750385557e-8,-2.6546881614395484e-7
0.017,-9.41136437942417e-8,-3.1742339987663705e-7
0.018,-1.1659828498200928e-7,-3.755786128124218e-7
0.019,-1.4275458996599544e-7,-4.4024032152300926e-7
0.02,-1.7293191530388714e-7,-5.117065708766669e-7
0.021,-2.0749069264294384e-7,-5.902674961090994e-7
0.022,-2.468019764111871e-7,-6.762052492649905e-7
0.023,-2.912470101923996e-7,-7.697939389414251e-7
0.024,-3.412168104272519e-7,-8.712995823743379e-7
0.025,-3.971117662616814e-7,-9.809800690031518e-7
0.026,-4.5934125451103534e-7,-1.099085134729778e-6
0.027,-5.283232688310333e-7,-1.2258563461584773e-6
0.028,-6.044840622892991e-7,-1.3615270941645012e-6
0.029,-6.882578026178994e-7,-1.5063225961934396e-6
0.03,-7.800862395010067e-7,-1.6604599067409038e-6
0.031,-8.804183833148087e-7,-1.8241479355045792e-6
0.032,-9.897101947909938e-7,-1.9975874727385035e-6
0.033,-1.1084242851220227e-6,-2.1809712213733557e-6
0.034,-1.237029626067167e-6,-2.3744838354970756e-6
0.035,-1.3760012696539063e-6,-2.578301964817722e-6
0.036,-1.525820077100534e-6,-2.7925943047555206e-6
0.037,-1.6869724566133899e-6,-3.017521651833808e-6
0.038,-1.8599501097365163e-6,-3.253236964059398e-6
0.039,-2.045249785953232e-6,-3.499885426001902e-6
0.04,-2.243373045258443e-6,-3.7576045182990517e-6
0.041,-2.45482602843784e-6,-4.026524091331132e-6
0.042,-2.6801192348056737e-6,-4.306766442822517e-6
0.043,-2.9197673071668406e-6,-4.598446399142012e-6
0.044,-3.1742888237816797e-6,-4.90167140008647e-6
0.045,-3.4442060971233902e-6,-5.216541586943966e-6
0.046,-3.7300449792284554e-6,-5.543149893643852e-6
0.047,-4.032334673449995e-6,-5.8815821408112515e-6
0.048,-4.351607552432719e-6,-6.231917132553224e-6
0.049,-4.68839898213617e-6,-6.594226755812724e-6
0.05,-5.0432471517403245e-6,-6.968576082134988e-6
0.051,-5.416692909274415e-6,-7.355023471698836e-6
0.052,-5.809279602816131e-6,-7.75362067947282e-6
0.053,-6.221552927114196e-6,-8.164412963363169e-6
0.054,-6.654060775492706e-6,-8.587439194227057e-6
0.055,-7.107353096900682e-6,-9.022731967630958e-6
0.056,-7.581981757974986e-6,-9.470317717239715e-6
0.057,-8.078500409989109e-6,-9.93021682972756e-6
0.058,-8.597464360564543e-6,-1.0402443761107552e-5
0.059,-9.139430450025201e-6,-1.0887007154380889e-5
0.06,-9.704956932279104e-6,-1.138390995841235e-5
0.061,-1.0294603360114881e-5,-1.1893149547942543e-5
0.062,-1.0908930474803912e-5,-1.2414717844651983e-5
0.063,-1.1548500099902018e-5,-1.294860143919605e-5
0.064,-1.2213875039147434e-5,-1.3494781714133767e-5
0.065,-1.2905618978354614e-5,-1.405323496767703e-5
0.066,-1.3624296391205989e-5,-1.4623932538190445e-5
0.067,-1.4370472448846295e-5,-1.520684092937527e-5
0.068,-1.5144712933186456e-5,-1.5801921936074165e-5
0.069,-1.5947584153826248e-5,-1.6409132770636548e-5
0.07,-1.6779652868507154e-5,-1.7028426189787207e-5
0.071,-1.7641486207008874e-5,-1.765975062194372e-5
0.072,-1.85336515984049e-5,-1.8303050294930798e-5
0.073,-1.94567167015945e-5,-1.8958265364042308e-5
0.074,-2.0411249339030317e-5,-1.9625332040404164e-5
0.075,-2.1397817433562346e-5,-2.0304182719593596e-5
0.076,-2.241698894832104e-5,-2.0994746110472615e-5
0.077,-2.3469331829563598e-5,-2.169694736419556e-5
0.078,-2.4555413952409305e-5,-2.2410708203352828e-5
0.079,-2.5675803069391115e-5,-2.3135947051214714e-5
0.08,-2.6831066761752235e-5,-2.3872579161041287e-5
0.081,-2.8021772393417856e-5,-2.4620516745426073e-5
0.082,-2.9248487067573433e-5,-2.537966910564301e-5
0.083,-3.0511777585782425e-5,-2.614994276096787e-5
0.084,-3.181221040957745e-5,-2.6931241577946964e-5
0.085,-3.315035162446024e-5,-2.772346689958748e-5
0.086,-3.452676690624688e-5,-2.852651767444534e-5
0.087,-3.594202148969591e-5,-2.9340290585587897e-5
0.088,-3.739668013935819e-5,-3.016468017941009e-5
0.089,-3.889130712258834e-5,-3.0999578994284204e-5
0.09,-4.042646618465862e-5,-3.1844877689024414e-5
0.091,-4.20027205259174e-5,-3.2700465171148734e-5
0.092,-4.362063278093499e-5,-3.35662287249221e-5
0.093,-4.528076499958091e-5,-3.444205413916539e-5
0.094,-4.698367862997739e-5,-3.5327825834816366e-5
0.095,-4.872993450327508e-5,-3.622342699222964e-5
0.096,-5.052009282019743e-5,-3.7128739678203556e-5
0.097,-5.2354713139301654e-5,-3.804364497272312e-5
0.098,-5.4234354366904415e-5,-3.896802309540887e-5
0.099,-5.615957474862171e-5,-3.990175353166258e-5
0.1,-5.813093186247303e-5,-4.084471515850153e-5
0.101,-6.014898261350052e-5,-4.179678637007382e-5
0.102,-6.221428322985504e-5,-4.275784520284829e-5
0.103,-6.432738926030127e-5,-4.372776946047301e-5
0.104,-6.648885557309518e-5,-4.470643683829731e-5
0.105,-6.869923635618766e-5,-4.5693725047553054e-5
0.106,-7.095908511870884e-5,-4.66895119391913e-5
0.107,-7.32689546936883e-5,-4.7693675627371424e-5
0.108,-7.562939724196719e-5,-4.8706094612600284e-5
0.109,-7.804096425725864e-5,-4.9726647904519665e-5
0.11,-8.050420657231379e-5,-5.0755215144340803e-5
0.111,-8.301967436615108e-5,-5.179167672692531e-5
0.112,-8.558791717230735e-5,-5.283591392251252e-5
0.113,-8.820948388806956e-5,-5.388780899809365e-5
0.114,-9.088492278464689e-5,-5.494724533843361e-5
0.115,-9.361478151824319e-5,-5.6014107566742164e-5
0.116,-9.639960714199042e-5,-5.7088281664995946e-5
0.117,-9.923994611870445e-5,-5.816965509391401e-5
0.118,-0.00010213634433442476,-5.925811691258939e-5
0.119,-0.00010508934711270037,-6.035355789778002e-5
0.12,-0.00010809949922958468,-6.145587066286238e-5
0.121,-0.00011116734492930245,-6.256494977645195e-5
0.122,-0.0001142934279405525,-6.368069188069456e-5
0.123,-0.00011747829149341048,-6.480299580923338e-5
0.124,-0.0001207224783367961,-6.593176270485646e-5
0.125,-0.00012402653075646987,-6.706689613682983e-5
0.126,-0.00012739099059352484,-6.820830221792211e-5
0.127,-0.00013081639926333928,-6.935588972112601e-5
0.128,-0.0001343032977749565,-7.050957019608304e-5
0.129,-0.00013785222675085818,-7.166925808521769e-5
0.13,-0.00014146372644709894,-7.283487083958755e-5
0.131,-0.0001451383367737689,-7.400632903445639e-5
0.132,-0.00014887659731575243,-7.518355648459689e-5
0.133,-0.0001526790473537509,-7.636648035933047e-5
0.134,-0.00015654622588553833,-7.755503129731152e-5
0.135,-0.0001604786716474184,-7.874914352106352e-5
0.136,-0.0001644769231358521,-7.994875495127508e-5
0.137,-0.00016854151862922547,-8.115380732086324e-5
0.138,-0.0001726729962097273,-8.23642462888128e-5
0.139,-0.00017687189378530675,-8.358002155379926e-5
0.14,-0.0001811387491116811,-8.480108696760386e-5
0.141,-0.00018547409981436482,-8.602740064832935e-5
0.142,-0.00018987848341069007,-8.725892509342469e-5
0.143,-0.00019435243733179067,-8.849562729252744e-5
0.144,-0.0001988964989445202,-8.97374788401327e-5
0.145,-0.00020351120557327652,-9.098445604809712e-5
0.146,-0.00020819709452170435,-9.223654005798702e-5
0.147,-0.00021295470309424809,-9.349371695327948e-5
0.148,-0.00021778456861752722,-9.47559778714254e-5
0.149,-0.00022268722846150726,-9.602331911578359e-5
0.15,-0.00022766322006043842,-9.729574226743474e-5
0.151,-0.00023271308093353573,-9.857325429688474e-5
0.152,-0.00023783734870537324,-9.9855867675666e-5
0.153,-0.00024303656112596603,-0.00010114360048784634
0.154,-0.0002483112560905136,-0.00010243647654145417
0.155,-0.0002536619716587783,-0.00010373452547982947
0.156,-0.00025908924607407263,-0.0001050377828929093
0.157,-0.00026459361778182985,-0.0001063462904284574
0.158,-0.00027017562544773185,-0.00010766009590324641
0.159,-0.0002758358079753686,-0.00010897925341420237
0.16,-0.00028157470452340417,-0.00011030382344952
0.161,-0.0002873928545222233,-0.00011163387299975803
0.162,-0.00029329079769003407,-0.00011296947566892352
0.163,-0.0002992690740484009,-0.00011431071178555379
0.164,-0.0003053282239371834,-0.0001156576685138051
0.165,-0.0003114687880288561,-0.00011701043996455656
0.166,-0.0003176913073421838,-0.00011836912730653821
0.167,-0.00032399632325522907,-0.00011973383887749148
0.168,-0.000330384377517666,-0.00012110469029537099
0.169,-0.00033685601226237646,-0.0001224818045695958
0.17,-0.0003434117700163044,-0.0001238653122123585
0.171,-0.000350052193710544,-0.0001252553513500004
0.172,-0.0003567778266896368,-0.000126652067834461
0.173,-0.00036358921272005424,-0.0001280556153548094
0.174,-0.00037048689599784157,-0.00012946615554886612
0.175,-0.00037747142115539847,-0.00013088385811492248
0.176,-0.0003845433332673727,-0.0001323089009235655
0.177,-0.00039170317785564273,-0.00013374147012961576
0.178,-0.000398951500893366,-0.00013518176028418539
0.179,-0.00040628884880806733,-0.0001366299744468638
0.18,-0.00041371576848374587,-0.00013808632429803766
0.181,-0.0004212328072619744,-0.00013955103025135236
0.182,-0.000428840512941969,-0.00014102432156632165
0.183,-0.0004365394337796042,-0.00014250643646109197
0.184,-0.00044433011848535016,-0.00014399762222536778
0.185,-0.00045221311622110834,-0.0001454981353335042
0.186,-0.000460188976595921,-0.00014700824155777298
0.187,-0.00046825824966053193,-0.00014852821608180765
0.188,-0.00047642148590077376,-0.00015005834361423326
0.189,-0.00048467923622975804,-0.00015159891850248666
0.19,-0.0004930320519788449,-0.00015315024484683192
0.191,-0.0005014804848873675,-0.00015471263661457645
0.192,-0.0005100250870910885,-0.00015628641775449246
0.193,-0.000518666411109364,-0.00015787192231144818
0.194,-0.0005274050098309904,-0.0001594694945412534
0.195,-0.000536241436498712,-0.00016107948902572365
0.196,-0.0005451762446923631,-0.00016270227078796643
0.197,-0.0005542099883106231,-0.00016433821540789368
0.198,-0.0005633432215513578,-0.00016598770913796353
0.199,-0.0005725764988905248,-0.00016765114901915484
0.2,-0.0005819103750596186,-0.00016932894299717717
0.201,-0.0005913454050216295,-0.000171021510038919
0.202,-0.0006008821439454942,-0.00017272928024913647
0.203,-0.0006105211471790123,-0.00017445269498738515
0.204,-0.0006202629702202055,-0.00017619220698519595
0.205,-0.0006301081686870928,-0.00017794828046349763
0.206,-0.0006400572982858603,-0.00017972139125028646
0.207,-0.000650110914777398,-0.00018151202689854456
0.208,-0.0006602695739421814,-0.0001833206868044072
0.209,-0.0006705338315434708,-0.00018514788232557977
0.21,-0.0006809042432888053,-0.0001869941369000044
0.211,-0.0006913813647897659,-0.00018885998616477597
0.212,-0.0007019657515199825,-0.00019074597807530697
0.213,-0.0007126579587713596,-0.00019265267302474056
0.214,-0.0007234585416084966,-0.00019458064396361032
0.215,-0.0007343680548212758,-0.00019653047651974534
0.216,-0.0007453870528755939,-0.00019850276911841897
0.217,-0.0007565160898622113,-0.00020049813310273862
0.218,-0.0007677557194436934,-0.00020251719285427434
0.219,-0.0007791064947994186,-0.0002045605859139233
0.22,-0.0007905689685686264,-0.00020662896310300673
0.221,-0.0008021436927914818,-0.0002087229886445958
0.222,-0.0008138312188481268,-0.00021084334028506242
0.223,-0.0008256320973956964,-0.00021299070941585034
0.224,-0.0008375468783032706,-0.00021516580119546245
0.225,-0.0008495761105847366,-0.0002173693346716581
0.226,-0.000861720342329536,-0.0002196020429038559
0.227,-0.0008739801206312691,-0.00022186467308573526
0.228,-0.00088635599151413,-0.00022415798666803092
0.229,-0.0008988484998571469,-0.0002264827594815131
0.23,-0.0009114581893161989,-0.00022883978186014655
0.231,-0.0009241856022437844,-0.0002312298587644207
0.232,-0.0009370312796065127,-0.00023365380990484272
0.233,-0.0009499957609002923,-0.00023611246986558523
0.234,-0.000963079584063188,-0.00023860668822827966
0.235,-0.0009762832853859208,-0.0002411373296959455
0.236,-0.0009896073994199812,-0.00024370527421704635
0.237,-0.0010030524588833306,-0.0002463114171096618
0.238,-0.0010166189945636601,-0.0002489566691857644
0.239,-0.0010303075352191837,-0.00025164195687559106
0.24,-0.0010441186074769309,-0.00025436822235209625
0.241,-0.001058052735728519,-0.00025713642365547565
0.242,-0.0010721104420233693,-0.0002599475348177468
0.243,-0.0010862922459593451,-0.00026280254598737393
0.244,-0.0011005986645707788,-0.00026570246355392326
0.245,-0.0011150302122138614,-0.0002686483102727342
0.246,-0.0011295874004493675,-0.00027164112538959176
0.247,-0.0011442707379226834,-0.0002746819647653853
0.248,-0.0011590807302411122,-0.00027777190100073697
0.249,-0.0011740178798484281,-0.00028091202356058433
0.25,-0.0011890826858966458,-0.0002841034388986994
0.251,-0.0012042756441149839,-0.000287347270582127
0.252,-0.0012195972466759843,-0.00029064465941552463
0.253,-0.001235047982058766,-0.0002939967635653847
0.254,-0.001250628334909379,-0.00029740475868411984
0.255,-0.0012663387858982314,-0.00030086983803399224
0.256,-0.0012821798115745583,-0.00030439321261086557
0.257,-0.0012981518842179061,-0.00030797611126775944
0.258,-0.0013142554716865983,-0.00031161978083818395
0.259,-0.001330491037263155,-0.0003153254862592327
0.26,-0.0013468590394966396,-0.00031909451069441066
0.261,-0.0013633599320418955,-0.0003229281556561748
0.262,-0.0013799941634956494,-0.0003268277411281612
0.263,-0.0013967621772294485,-0.00033079460568707605
0.264,-0.0014136644112194014,-0.0003348301066242231
0.265,-0.0014307012978726922,-0.0003389356200666435
0.266,-0.0014478732638508395,-0.00034311254109783875
0.267,-0.0014651807298896684,-0.00034736228387805196
0.268,-0.0014826241106159642,-0.00035168628176407695
0.269,-0.0015002038143607814,-0.00035608598742856764
0.27,-0.0015179202429693723,-0.00036056287297881785
0.271,-0.0015357737916077102,-0.00036511843007498094
0.272,-0.0015537648485655711,-0.00036975417004769855
0.273,-0.001571893795056149,-0.00037447162401510654
0.274,-0.0015901610050121705,-0.00037927234299918585
0.275,-0.0016085668448784787,-0.0003841578980414245
0.276,-0.0016271116734010583,-0.00038912988031775743
0.277,-0.0016457958414124686,-0.0003941899012527488
0.278,-0.0016646196916136541,-0.00039933959263298155
0.279,-0.0016835835583521054,-0.000404580606719618
0.28,-0.001702687767396335,-0.00040991461636009333
0.281,-0.0017219326357066427,-0.0004153433150989059
0.282,-0.0017413184712021345,-0.00042086841728746367
0.283,-0.001760845572523971,-0.00042649165819294853
0.284,-0.0017805142287948095,-0.0004322147941061572
0.285,-0.0018003247193744123,-0.0004380396024482785
0.286,-0.0018202773136113907,-0.0004439678818765637
0.287,-0.001840372270591054,-0.0004500014523888481
0.288,-0.001860609838879333,-0.00045614215542687903
0.289,-0.0018809902562627505,-0.0004623918539784064
0.29,-0.001901513749484404,-0.0004687524326779901
0.291,-0.0019221805339759378,-0.0004752257979064767
0.292,-0.0019429908135854667,-0.0004818138778891002
0.293,-0.0019639447803014285,-0.0004885186227921562
0.294,-0.0019850426139723333,-0.0004953420048182019
0.295,-0.0020062844820223787,-0.000502286018299731
0.296,-0.002027670539162904,-0.000509352679791273
0.297,-0.0020492009270996546,-0.0005165440281598637
0.298,-0.002070875774235824,-0.0005238621246738362
0.299,-0.0020926951953708535,-0.0005313090530898749
0.3,-0.002114659291394946,-0.0005388869197382816
0.301,-0.0021367681489792845,-0.0005465978536063937
0.302,-0.002159021840261911,-0.0005544440064201017
0.303,-0.0021814204225292476,-0.0005624275527234039
0.304,-0.0022039639378932285,-0.0005705506899559429
0.305,-0.002226652412964017,-0.0005788156385284612
0.306,-0.002249485858518277,-0.0005872246418961164
0.307,-0.0022724642691629797,-0.0005957799666295937
0.308,-0.002295587622994708,-0.0006044839024839521
0.309,-0.0023188558812544456,-0.00061333876246514
0.31,-0.002342268987977811,-0.0006223468828941157
0.311,-0.002365826869640724,-0.0006315106234685053
0.312,-0.002389529434800468,-0.0006408323673217317
0.313,-0.00241337657373213,-0.000650314521079545
0.314,-0.002437368158060396,-0.0006599595149138856
0.315,-0.0024615040403866673,-0.000669769802594008
0.316,-0.002485784053911485,-0.0006797478615347944
0.317,-0.0025102080120522345,-0.0006898961928421842
0.318,-0.002534775708056106,-0.0007002173213556462
0.319,-0.0025594869146082903,-0.0007107137956876162
0.32,-0.0025843413834353924,-0.0007213881882598254
0.321,-0.002609338844904028,-0.0007322430953364398
0.322,-0.0026344790076145994,-0.0007432811370539349
0.323,-0.0026597615579902175,-0.0007545049574476195
0.324,-0.002685186159860755,-0.0007659172244747352
0.325,-0.002710752454042009,-0.0007775206300340414
0.326,-0.002736460057909961,-0.000789317889981807
0.327,-0.002762308564970105,-0.0008013117441441209
0.328,-0.0027882975444218356,-0.000813504956325437
0.329,-0.0028144265407178755,-0.0008259003143132637
0.33,-0.002840695073118725,-0.0008385006298789119
0.331,-0.00286710263524212,-0.0008513087387742076
0.332,-0.002893648694607484,-0.0008643275007240822
0.333,-0.002920332692175357,-0.0008775597994149437
0.334,-0.002947154041881788,-0.0008910085424787367
0.335,-0.0029741121301676858,-0.0009046766614725959
0.336,-0.0030012063155031034,-0.0009185671118539954
0.337,-0.0030284359279064564,-0.0009326828729512973
0.338,-0.0030558002684586585,-0.0009470269479295982
0.339,-0.003083298608812167,-0.0009616023637517753
0.34,-0.0031109301906949304,-0.0009764121711346275
0.341,-0.0031386942254092278,-0.00099145944450001
0.342,-0.003166589893325396,-0.0010067472819208579
0.343,-0.0031946163433704375,-0.001022278805061989
0.344,-0.0032227726925115052,-0.0010380571591155849
0.345,-0.0032510580252342576,-0.0010540855127312335
0.346,-0.0032794713930160858,-0.00107036705794043
0.347,-0.0033080118137942065,-0.0010869050100754186
0.348,-0.0033366782714286244,-0.0011037026076822665
0.349,-0.003365469715159959,-0.001120763112428052
0.35,-0.003394385059062145,-0.0011380898090020527
0.351,-0.003423423181490002,-0.0011556860050108172
0.352,-0.0034525829245216806,-0.0011735550308669975
0.353,-0.003481863093395991,-0.0011917002396718273
0.354,-0.0035112624559446195,-0.0012101250070911194
0.355,-0.003540779742019239,-0.0012288327312246626
0.356,-0.0035704136429135272,-0.0012478268324688912
0.357,-0.003600162810780098,-0.001267110753372702
0.358,-0.00363002585804236,-0.001286687958486292
0.359,-0.003660001356801317,-0.0013065619342028842
0.36,-0.0036900878382373245,-0.0013267361885932168
0.361,-0.003720283792006812,-0.0013472142512326577
0.362,-0.0037505876656340033,-0.0013679996730208148
0.363,-0.003780997863897637,-0.0013890960259935062
0.364,-0.0038115127482127222,-0.0014105069031269532
0.365,-0.003842130636007345,-0.0014322359181340569
0.366,-0.003872849800094547,-0.0014542867052526236
0.367,-0.0039036684680393125,-0.0014766629190253924
0.368,-0.00393458482152068,-0.0014993682340717252
0.369,-0.003965596995689016,-0.0015224063448508165
0.37,-0.003996703078518479,-0.0015457809654162752
0.371,-0.0040279011101547035,-0.0015694958291619318
0.372,-0.004059189082257749,-0.001593554688558724
0.373,-0.004090564937340336,-0.0016179613148825092
0.374,-0.004122026568101427,-0.0016427194979326538
0.375,-0.004153571816755172,-0.0016678330457412449
0.376,-0.0041851984743552775,-0.001693305784272771
0.377,-0.004216904280114842,-0.0017191415571141165
0.378,-0.004248686920721697,-0.0017453442251547104
0.379,-0.004280544029649305,-0.0017719176662566716
0.38,-0.004312473186463284,-0.0017988657749147914
0.381,-0.004344471916123578,-0.0018261924619061905
0.382,-0.004376537688282365,-0.001853901653929485
0.383,-0.004408667916577739,-0.0018819972932333018
0.384,-0.004440859957923232,-0.0019104833372339714
0.385,-0.004473111111793249,-0.0019393637581222346
0.386,-0.004505418619504463,-0.0019686425424587928
0.387,-0.004537779663493261,-0.0019983236907585287
0.388,-0.004570191366589293,-0.002028411217063231
0.389,-0.004602650791285213,-0.002058909148502645
0.39,-0.004635154939002677,-0.002089821524843673
0.391,-0.004667700749354678,-0.002121152398027557
0.392,-0.004700285099404316,-0.002152905831694854
0.393,-0.004732904802920067,-0.002185085900698035
0.394,-0.004765556609627649,-0.002217696690601522
0.395,-0.00479823720445858,-0.0022507422971689804
0.396,-0.004830943206795511,-0.0022842268258376924
0.397,-0.0048636711697144395,-0.0023181543911798114
0.398,-0.004896417579223906,-0.002352529116350331
0.399,-0.004929178853501261,-0.0023873551325215635
0.4,-0.004961951342126136,-0.0024226365783039513
0.401,-0.004994731325311193,-0.0024583775991530187
0.402,-0.005027515013130308,-0.0024945823467622725
0.403,-0.005060298544744261,-0.0025312549784418576
0.404,-0.005093077987624088,-0.002568399656482781
0.405,-0.005125849336772204,-0.002606020547506501
0.406,-0.0051586085139414175,-0.002644121821799694
0.407,-0.005191351366851983,-0.0026827076526339975
0.408,-0.005224073668406817,-0.0027217822155705344
0.409,-0.005256771115905015,-0.0027613496877490155
0.41,-0.005289439330253815,-0.0028014142471612298
0.411,-0.005322073855179156,-0.0028419800719087073
0.412,-0.005354670156434975,-0.0028830513394443673
0.413,-0.005387223621011403,-0.002924632225797938
0.414,-0.005419729556342015,-0.002966726904784952
0.415,-0.005452183189510295,-0.0030093395471991065
0.416,-0.005484579666455491,-0.0030524743199877883
0.417,-0.005516914051178022,-0.00309613538541055
0.418,-0.005549181324944611,-0.00314032690018034
0.419,-0.005581376385493336,-0.003185053014587271
0.42,-0.00561349404623877,-0.0032303178716047163
0.421,-0.005645529035477412,-0.0032761256059775385
0.422,-0.005677475995593584,-0.00332248034329222
0.423,-0.005709329482266014,-0.003369386199028702
0.424,-0.005741083963675295,-0.0034168472775937143
0.425,-0.0057727338197124224,-0.003464867671335381
0.426,-0.0058042733411886455,-0.003513451459538895
0.427,-0.005835696729046823,-0.003562602707403051
0.428,-0.005866998093574528,-0.0036123254649974117
0.429,-0.0058981714536191126,-0.00366262376619991
0.43,-0.005929210735804981,-0.0037135016276146644
0.431,-0.005960109773753303,-0.003764963047469791
0.432,-0.005990862307304403,-0.0038170120044950105
0.433,-0.006021461981743094,-0.0038696524567788217
0.434,-0.006051902347027189,-0.0039228883406050375
0.435,-0.006082176857019473,-0.003976723569268468
0.436,-0.006112278868723378,-0.004031162031869527
0.437,-0.006142201641522653,-0.004086207592087569
0.438,-0.006171938336425295,-0.004141864086932717
0.439,-0.006201482015312035,-0.00419813532547599
0.44,-0.006230825640189649,-0.004255025087557502
0.441,-0.006259962072449418,-0.004312537122472532
0.442,-0.006288884072131013,-0.004370675147635242
0.443,-0.006317584297192126,-0.004429442847219837
0.444,-0.006346055302784167,-0.004488843870778961
0.445,-0.006374289540534327,-0.004548881831839107
0.446,-0.006402279357834357,-0.0046095603064728406
0.447,-0.006430016997136382,-0.004670882831847625
0.448,-0.006457494595256102,-0.004732852904751045
0.449,-0.006484704182683709,-0.004795473980092217
0.45,-0.006511637682902901,-0.004858749469379182
0.451,-0.0065382869117183206,-0.0049226827391720745
0.452,-0.006564643576591821,-0.0049872771095118805
0.453,-0.006590699275987905,-0.005052535852324553
0.454,-0.006616445498728732,-0.005118462189800321
0.455,-0.00664187362335909,-0.005185059292747959
0.456,-0.006666974917521706,-0.005252330278923853
0.457,-0.006691740537343325,-0.005320278211335641
0.458,-0.006716161526831948,-0.0053889060965202525
0.459,-0.006740228817285657,-0.005458216882796153
0.46,-0.0067639332267134585,-0.0055282134584895976
0.461,-0.006787265459268566,-0.0055988986501347175
0.462,-0.006810216104694571,-0.005670275220647253
0.463,-0.006832775637784959,-0.005742345867471743
0.464,-0.006854934417856411,-0.005815113220702008
0.465,-0.006876682688236376,-0.005888579841174737
0.466,-0.006898010575765371,-0.005962748218536013
0.467,-0.0069189080903144995,-0.006037620769280606
0.468,-0.006939365124318681,-0.0061131998347638645
0.469,-0.006959371452326078,-0.006189487679186045
0.47,-0.00697891673056425,-0.006266486487548918
0.471,-0.006997990496523514,-0.0063441983635844955
0.472,-0.007016582168558083,-0.006422625327655726
0.473,-0.007034681045505467,-0.006501769314629007
0.474,-0.007052276306324714,-0.00658163217171838
0.475,-0.007069357009754029,-0.006662215656301251
0.476,-0.007085912093988316,-0.006743521433705516
0.477,-0.0071019303763772395,-0.0068255510749679485
0.478,-0.007117400553144362,-0.00690830605456374
0.479,-0.007132311199127952,-0.006991787748107041
0.48,-0.007146650767544048,-0.007075997430022419
0.481,-0.00716040758977241,-0.007160936271187103
0.482,-0.007173569875165933,-0.007246605336543908
0.483,-0.007186125710884183,-0.00733300558268475
0.484,-0.007198063061751672,-0.007420137855404647
0.485,-0.007209369770141508,-0.007508002887226116
0.486,-0.007220033555885093,-0.007596601294893902
0.487,-0.007230042016208513,-0.007685933576839931
0.488,-0.007239382625696296,-0.007776000110618445
0.489,-0.007248042736283231,-0.00786680115031125
0.49,-0.007256009577274924,-0.007958336823903
0.491,-0.007263270255397803,-0.008050607130626513
0.492,-0.007269811754879281,-0.008143611938278022
0.493,-0.007275620937558796,-0.008237350980502376
0.494,-0.007280684543030471,-0.008331823854048135
0.495,-0.007284989188818115,-0.008427030015992553
0.496,-0.007288521370583344,-0.00852296878093645
0.497,-0.007291267462367561,-0.00861963931816894
0.498,-0.007293213716868589,-0.008717040648802058
0.499,-0.007294346265752719,-0.008815171642875293
0.5,-0.0072946511200029885,-0.008914031016430042
0.501,-0.00729411417030448,-0.009013617328554024
0.502,-0.00729272118746746,-0.009113928978395728
0.503,-0.0072904578228891875,-0.009214964202148896
0.504,-0.007287309609055219,-0.009316721070007175
0.505,-0.007283261960081068,-0.009419197483088962
0.506,-0.007278300172295073,-0.00952239117033254
0.507,-0.007272409424863333,-0.00962629968536164
0.508,-0.00726557478045761,-0.009730920403321495
0.509,-0.007257781185967065,-0.00983625051768553
0.51,-0.007249013473254743,-0.009942287037032824
0.511,-0.007239256359959723,-0.0100490267817965
0.512,-0.007228494450345836,-0.010156466380983163
0.513,-0.007216712236197905,-0.010264602268863613
0.514,-0.0072038940977664345,-0.010373430681634994
0.515,-0.007190024304761717,-0.010482947654054563
0.516,-0.00717508701739832,-0.010593149016045326
0.517,-0.007159066287490915,-0.010704030389273757
0.518,-0.007141946059602465,-0.010815587183699822
0.519,-0.007123710172245736,-0.010927814594099614
0.52,-0.007104342359139171,-0.011040707596560818
0.521,-0.0070838262505181215,-0.011154260944951347
0.522,-0.007062145374502488,-0.01126846916736141
0.523,-0.007039283158521795,-0.011383326562519374
0.524,-0.007015222930798761,-0.011498827196181735
0.525,-0.006989947921892423,-0.011614964897497556
0.526,-0.006963441266301895,-0.011731733255347751
0.527,-0.006935686004131829,-0.011849125614659629
0.528,-0.006906665082820692,-0.011967135072697057
0.529,-0.00687636135893295,-0.012085754475326725
0.53,-0.006844757600016282,-0.012204976413260935
0.531,-0.006811836486524942,-0.012324793218277383
0.532,-0.0067775806138104105,-0.012445196959416432
0.533,-0.0067419724941804845,-0.012566179439156378
0.534,-0.006704994559027948,-0.012687732189567251
0.535,-0.006666629161030007,-0.012809846468443678
0.536,-0.006626858576419646,-0.012932513255417414
0.537,-0.006585665007330109,-0.01305572324805011
0.538,-0.006543030584213687,-0.013179466857906953
0.539,-0.006498937368336022,-0.013303734206611805
0.54,-0.006453367354347141,-0.013428515121884534
0.541,-0.006406302472930439,-0.013553799133561183
0.542,-0.006357724593530853,-0.013679575469597735
0.543,-0.006307615527163455,-0.013805833052058191
0.544,-0.006255957029303721,-0.013932560493087724
0.545,-0.006202730802860737,-0.014059746090871706
0.546,-0.0061479185012345994,-0.014187377825581436
0.547,-0.006091501731459292,-0.014315443355307393
0.548,-0.006033462057432322,-0.0144439300119809
0.549,-0.005973781003232402,-0.014572824797285092
0.55,-0.005912440056526479,-0.014702114378556133
0.551,-0.005849420672067411,-0.014831785084675619
0.552,-0.0057847042752836135,-0.014961822901955168
0.553,-0.005718272265961982,-0.01509221347001422
0.554,-0.005650106022025432,-0.01522294207765208
0.555,-0.005580186903406369,-0.015353993658715299
0.556,-0.005508496256017449,-0.015485352787961504
0.557,-0.005435015415820955,-0.015617003676920822
0.558,-0.005359725712998149,-0.015748930169756065
0.559,-0.0052826084762199466,-0.015881115739122917
0.56,-0.005203645037020286,-0.01601354348203132
0.561,-0.005122816734273536,-0.016146196115709412
0.562,-0.00504010491877733,-0.01627905597347127
0.563,-0.004955490957942186,-0.016412105000589816
0.564,-0.004868956240589283,-0.01654532475017636
0.565,-0.004780482181857788,-0.016678696379068058
0.566,-0.004690050228223098,-0.01681220064372491
0.567,-0.004597641862627385,-0.01694581789613768
0.568,-0.0045032386097238275,-0.01707952807974834
0.569,-0.004406822041235915,-0.017213310725384626
0.57,-0.0043083737814332045,-0.017347144947210298
0.571,-0.004207875512724927,-0.017481009438692775
0.572,-0.004105308981372813,-0.01761488246858988
0.573,-0.0040006560033245386,-0.01774874187695742
0.574,-0.0038938984701691604,-0.01788256507117938
0.575,-0.0037850183552159363,-0.01801632902202262
0.576,-0.0036739977196978946,-0.01815001025971789
0.577,-0.0035608187191015386,-0.018283584870069123
0.578,-0.0034454636096240576,-0.018417028490593
0.579,-0.0033279147547594077,-0.01855031630669075
0.58,-0.003208154632014629,-0.0186834230478543
0.581,-0.0030861658397577565,-0.018816322983908864
0.582,-0.0029619311041986737,-0.018948989921294127
0.583,-0.002835433286504257,-0.019081397199386278
0.584,-0.002706655390049142,-0.01921351768686308
0.585,-0.0025755805678034445,-0.01934532377811438
0.586,-0.002442192129858754,-0.019476787389700337
0.587,-0.0023064735510937052,-0.019607879956859843
0.588,-0.0021684084789804292,-0.019738572430071582
0.589,-0.0020279807415331708,-0.019868835271670254
0.59,-0.0018851743554003425,-0.01999863845252055
0.591,-0.0017399735341012787,-0.020127951448751492
0.592,-0.0015923626964089357,-0.020256743238553834
0.593,-0.001442326474879766,-0.020384982299043286
0.594,-0.0012898497245319857,-0.020512636603192348
0.595,-0.001134917531673429,-0.020639673616833602
0.596,-0.0009775152228801726,-0.02076606029573741
0.597,-0.0008176283741270856,-0.020891763082766985
0.598,-0.0006552428200714505,-0.02101674790511385
0.599,-0.0004903446634907699,-0.021140980171616836
0.6,-0.00032292028487585617,-0.02126442477016773
0.601,-0.00015295635218027774,-0.021387046065206836
0.602,1.9560169272791394e-5,-0.021508807895311722
0.603,0.00019464200672529648,-0.021629673570882475
0.604,0.00037230156975960653,-0.02174960587192695
0.605,0.0005525509399134324,-0.021868567045949437
0.606,0.0007354018601334218,-0.021986518805946303
0.607,0.0009208657240665262,-0.022103422328512257
0.608,0.0011089535651882664,-0.022219238252060868
0.609,0.0012996760457670577,-0.022333926675163162
0.61,0.001493043445663791,-0.022447447155008016
0.611,0.0016890656509659019,-0.022559758705988354
0.612,0.0018877521424552012,-0.022670819798417015
0.613,0.0020891119839087737,-0.022780588357376362
0.614,0.0022931538102323027,-0.02288902176170576
0.615,0.0024998858154252077,-0.02299607684313104
0.616,0.0027093157403770447,-0.023101709885540264
0.617,0.002921450860494645,-0.023205876624410048
0.618,0.0031362979731595344,-0.023308532246386918
0.619,0.0033538633850152075,-0.02340963138902811
0.62,0.003574152899083904,-0.023509128140706378
0.621,0.00379717180171256,-0.023606976040683486
0.622,0.004022924849347693,-0.023703128079357
0.623,0.004251416255139006,-0.02379753669868524
0.624,0.0044826496753715885,-0.023890153792795216
0.625,0.004716628195726609,-0.023980930708778485
0.626,0.004953354317370511,-0.024069818247679977
0.627,0.005192829942872744,-0.024156766665684847
0.628,0.005435056361952141,-0.024241725675508575
0.629,0.00568003423705215,-0.024324644447995536
0.63,0.005927763588745153,-0.024405471613931418
0.631,0.006178243780966214,-0.024484155266074913
0.632,0.0064314735060766685,-0.024560642961414133
0.633,0.006687450769758027,-0.024634881723653433
0.634,0.006946172875736772,-0.024706818045936236
0.635,0.007207636410340697,-0.024776397893809674
0.636,0.007471837226887511,-0.024843566708436866
0.637,0.007738770429906554,-0.024908269410062744
0.638,0.008008430359194523,-0.02497045040173949
0.639,0.008280810573706233,-0.025030053573317657
0.64,0.008555903835281497,-0.02508702230570913
0.641,0.008833702092209362,-0.02514129947542827
0.642,0.009114196462630987,-0.025192827459417533
0.643,0.009397377217782577,-0.025241548140164057
0.644,0.009683233765079902,-0.025287402911113713
0.645,0.009971754631046036,-0.02533033268238927
0.646,0.010262927444084054,-0.02537027788681937
0.647,0.010556738917096542,-0.0254071784862851
0.648,0.010853174829953934,-0.025440973978391054
0.649,0.011152220011813738,-0.025471603403467845
0.65,0.01145385832329294,-0.025499005351913146
0.651,0.01175807263849589,-0.025523117971878364
0.652,0.012064844826900215,-0.02554387897730822
0.653,0.012374155735103374,-0.025561225656340537
0.654,0.012685985168432619,-0.02557509488007362
0.655,0.013000311872421313,-0.02558542311170878
0.656,0.013317113514154627,-0.02559214641607549
0.657,0.013636366663487878,-0.025595200469546955
0.658,0.013958046774140859,-0.025594520570353725
0.659,0.01428212816467168,-0.02559004164930328
0.66,0.014608583999333858,-0.02558169828091347
0.661,0.014937386268820465,-0.02556942469496782
0.662,0.015268505770899408,-0.025553154788500787
0.663,0.015601912090944041,-0.025532822138221146
0.664,0.01593757358236347,-0.02550836001338178
0.665,0.016275457346937167,-0.02547970138910417
0.666,0.0166155292150586,-0.025446778960166044
0.667,0.016957753725892893,-0.025409525155260678
0.668,0.017302094107453588,-0.025367872151736394
0.669,0.01764851225660394,-0.025321751890824955
0.67,0.017996968718988218,-0.02527109609336758
0.671,0.018347422668898855,-0.025215836276047367
0.672,0.01869983188908536,-0.025155903768137033
0.673,0.019054152750511245,-0.02509122972877093
0.674,0.019410340192065344,-0.025021745164750354
0.675,0.019768347700234244,-0.024947380948891276
0.676,0.020128127288742644,-0.024868067838923626
0.677,0.020489629478168816,-0.0247837364969514
0.678,0.02085280327554256,-0.02469431750948291
0.679,0.021217596153933215,-0.0245997414080405
0.68,0.02158395403203567,-0.02449993869035921
0.681,0.021951821253762507,-0.02439483984218386
0.682,0.022321140567850627,-0.024284375359674096
0.683,0.022691853107491146,-0.024168475772427037
0.684,0.023063898369991426,-0.024047071667127152
0.685,0.023437214196478515,-0.02392009371183313
0.686,0.023811736751653573,-0.02378747268091146
0.687,0.024187400503607022,-0.02364913948062657
0.688,0.024564138203704646,-0.023505025175397362
0.689,0.024941880866555015,-0.023355061014730054
0.69,0.025320557750069,-0.023199178460837293
0.691,0.025700096335622445,-0.023037309216953454
0.692,0.026080422308333438,-0.022869385256356213
0.693,0.026461459537465804,-0.02269533885210437
0.694,0.026843130056971018,-0.022515102607502023
0.695,0.027225354046180844,-0.022328609487299225
0.696,0.027608049810663532,-0.022135792849639124
0.697,0.027991133763256657,-0.02193658647876186
0.698,0.028374520405290104,-0.021730924618475266
0.699,0.028758122308013084,-0.021518742006402546
0.7,0.029141850094239367,-0.021299973909017157
0.701,0.029525612420225406,-0.021074556157474965
0.702,0.02990931595779638,-0.020842425184253912
0.703,0.030292865376735513,-0.02060351806061132
0.704,0.03067616332745259,-0.020357772534869006
0.705,0.03105911042394784,-0.020105127071536305
0.706,0.03144160522708791,-0.019845520891281165
0.707,0.031823544228210994,-0.01957889401175937
0.708,0.0322048218330787,-0.01930518728931201
0.709,0.032585330346192556,-0.019024342461541152
0.71,0.032964959955493756,-0.018736302190773817
0.711,0.03334359871746484,-0.01844101010842412
0.712,0.0337211325426529,-0.018138410860263573
0.713,0.034097445181634004,-0.01782845015260934
0.714,0.034472418211439274,-0.017511074799440307
0.715,0.034845931022463424,-0.017186232770450657
0.716,0.03521786080587715,-0.016853873240050696
0.717,0.03558808254156516,-0.016513946637324438
0.718,0.03595646898661228,-0.016166404696953587
0.719,0.03632289066436063,-0.01581120051111727
0.72,0.03668721585406114,-0.015448288582376922
0.721,0.03704931058114369,-0.015077624877555587
0.722,0.03740903860813016,-0.014699166882620782
0.723,0.03776626142621586,-0.014312873658579991
0.724,0.03812083824754476,-0.013918705898397743
0.725,0.038472625998205195,-0.013516625984943098
0.726,0.038821479311972606,-0.013106598049976262
0.727,0.039167250524827266,-0.012688588034182916
0.728,0.039509789670274825,-0.012262563748264706
0.729,0.03984894447549881,-0.01182849493509421
0.73,0.04018456035837429,-0.011386353332942573
0.731,0.04051648042537307,-0.010936112739787793
0.732,0.04084454547039109,-0.010477749078711586
0.733,0.041168593974529655,-0.010011240464392477
0.734,0.04148846210686263,-0.009536567270702723
0.735,0.04180398372622264,-0.009053712199416399
0.736,0.042114990384039916,-0.008562660350035877
0.737,0.04242131132826818,-0.00806339929074372
0.738,0.04272277350843289,-0.007555919130486814
0.739,0.04301920158183775,-0.007040212592199429
0.74,0.043310417920966335,-0.006516275087171611
0.741,0.04359624262211645,-0.0059841047905692364
0.742,0.043876493515305676,-0.005443702718111744
0.743,0.04415098617548747,-0.004895072803913424
0.744,0.04441953393511805,-0.004338221979493923
0.745,0.04468194789811518,-0.0037731602539633905
0.746,0.044938036955250914,-0.003199900795387517
0.747,0.0451876078010214,-0.002618460013337459
0.748,0.04543046495203771,-0.002028857642629461
0.749,0.04566641076698273,-0.0014311168282587342
0.75,0.04589524546818029,-0.0008252642115319609
0.751,0.04611676716482352,-0.00021133001740253837
0.752,0.04633077187791099,0.0004106518569875265
0.753,0.04653705356693977,0.0010406437525553977
0.754,0.04673540415840629,0.001678604157311415
0.755,0.046925613576166654,0.0023244876141761002
0.756,0.04710746977370972,0.0029782446275771718
0.757,0.047280758768397255,0.0036398215688237968
0.758,0.047445264677727104,0.004309160580255545
0.759,0.04760076975767649,0.004986199478163726
0.76,0.04774705444318436,0.005670871654483031
0.761,0.04788389739083288,0.006363105977251614
0.762,0.04801107552379005,0.007062826689837978
0.763,0.04812836407907697,0.007769953308933266
0.764,0.048235536657225055,0.008484400521307762
0.765,0.04833236527439039,0.009206078079330665
0.766,0.048418620416994115,0.009934890695252377
0.767,0.048494071098960076,0.010670737934248827
0.768,0.04855848492162275,0.011413514106227566
0.769,0.04861162813638077,0.012163108156395555
0.77,0.048653265710173865,0.012919403554588883
0.771,0.048683161393862986,0.013682278183364845
0.772,0.04870107779359661,0.014451604224857053
0.773,0.04870677644524814,0.015227248046394562
0.774,0.04870001789201288,0.01600907008488621
0.775,0.048680561765255446,0.016796924729971668
0.776,0.04864816686870197,0.017590660205941053
0.777,0.04860259126607468,0.018390118452425195
0.778,0.048543592372269816,0.019195135003859047
0.779,0.048470927048183815,0.020005538867721148
0.78,0.048384351699296294,0.020821152401552346
0.781,0.0482836223781227,0.021641791188757583
0.782,0.04816849489065381,0.022467263913194948
0.783,0.04803872490690393,0.023297372232556835
0.784,0.04789406807569448,0.024131910650548632
0.785,0.04773428014380487,0.024970666387871078
0.786,0.047559117079628135,0.02581341925201329
0.787,0.0473683352014746,0.026659941505864215
0.788,0.04716169131067291,0.027509997735151424
0.789,0.04693894282962455,0.02836334471471724
0.79,0.046699847944974664,0.02921973127364342
0.791,0.04644416575606964,0.030078898159237238
0.792,0.04617165642887936,0.030940577899893268
0.793,0.04588208135557073,0.03180449466684717
0.794,0.04557520331992748,0.03267036413483985
0.795,0.04525078666882082,0.03353789334171269
0.796,0.044908597489945204,0.034406780546957366
0.797,0.04454840379604404,0.03527671508924651
0.798,0.04416997571586112,0.036147377242975356
0.799,0.04377308569206541,0.03701843807384769
0.8,0.043357508686409,0.037889559293544435
0.801,0.042923022392391506,0.03876039311351741
0.802,0.04246940745571769,0.039630582097956585
0.803,0.04199644770285008,0.04049975901598517
0.804,0.041503930377973584,0.041367546693143506
0.805,0.04099164638870582,0.042233557862230445
0.806,0.040459390560903724,0.043097395013579336
0.807,0.039906961902935634,0.043958650244855166
0.808,0.03933416387980699,0.044816905110469867
0.809,0.03874080469754808,0.0456717304707246
0.81,0.038126697598293506,0.046522686340800666
0.811,0.03749166116650556,0.04736932173973531
0.812,0.03683551964681673,0.048211174539534475
0.813,0.03615810327399167,0.04904777131459249
0.814,0.035459248615534324,0.04987862719160812
0.815,0.034738798927493035,0.05070324570020827
0.816,0.03399660452404435,0.05152111862451438
0.817,0.033232523161465896,0.05233172585591325
0.818,0.03244642043713878,0.0531345352473229
0.819,0.03163817020425187,0.053929002469276455
0.82,0.03080765500291317,0.05471457086818205
0.821,0.029954766508406994,0.055490671327155905
0.822,0.02907940599737126,0.05625672212986803
0.823,0.028181484832704478,0.057012128827887
0.824,0.02726092496804922,0.05775628411206143
0.825,0.02631765947273636,0.058488567688531806
0.826,0.025351633078112366,0.059208346160027917
0.827,0.024362802746210777,0.059914972913173874
0.828,0.023351138261767598,0.060607788012596385
0.829,0.022316622848619353,0.06128611810271126
0.83,0.021259253811560817,0.061949276318150594
0.831,0.020179043204777366,0.0625965622038874
0.832,0.019076018528003523,0.06322726164621752
0.833,0.01795022345159451,0.06384064681587016
0.834,0.01680171857173059,0.06443597612464005
0.835,0.01563058219700447,0.06501249419706473
0.836,0.014436911167668902,0.06556943185881298
0.837,0.013220821708844489,0.06610600614360393
0.838,0.011982450319005229,0.06662142032064129
0.839,0.010721954695070979,0.06711486394472625
0.84,0.009439514695440144,0.06758551293140384
0.841,0.008135333342291624,0.06803252965970429
0.842,0.006809637864470594,0.06845506310526123
0.843,0.005462680782246749,0.06885224900682614
0.844,0.004094741035194082,0.06922321006945024
0.845,0.0027061251543863923,0.06956705620787551
0.846,0.001297168480030127,0.0698828848339628
0.847,-0.0001317635744365368,0.07016978119228984
0.848,-0.001580274210864906,0.0704268187483743
0.849,-0.003047933886765016,0.07065305963431733
0.85,-0.004534278906920773,0.07084755515702204
0.851,-0.0060388099658514405,0.07100934637451689
0.852,-0.007560990640958761,0.07113746474630789
0.853,-0.009100245836478204,0.0712309328640928
0.854,-0.01065596017867685,0.07128876526959523
0.855,-0.012227476363113944,0.0713099693667147
0.856,-0.013814093455208357,0.0712935464356379
0.857,-0.015415065145845248,0.07123849275701377
0.858,-0.017029597964308068,0.07114380085475833
0.859,-0.01865684945144727,0.07100846086651802
0.86,-0.020295926296700125,0.07083146205128021
0.861,-0.02194588244336299,0.07061179444406857
0.862,-0.02360571716739492,0.07034845066809273
0.863,-0.025274373136005612,0.07004042791512902
0.864,-0.02695073445335837,0.0696867301052797
0.865,-0.028633624701905575,0.06928637023758452
0.866,-0.03032180498917625,0.06883837294322505
0.867,-0.03201397201125759,0.06834177725325653
0.868,-0.03370875614575969,0.06779563959290784
0.869,-0.03540471958872771,0.06719903701448793
0.87,-0.03710035455177152,0.0665510706808095
0.871,-0.038794081537618604,0.06585086961076315
0.872,-0.040484247714360704,0.06509759469822482
0.873,-0.04216912541085408,0.06429044301482953
0.874,-0.043846910758039266,0.06342865240626717
0.875,-0.04551572250335899,0.06251150639061986
0.876,-0.04717360102795677,0.06153833936583473
0.877,-0.048818507598914165,0.06050854213167672
0.878,-0.05044832389140643,0.05942156772939794
0.879,-0.05206085181829353,0.05827693759985947
0.88,-0.05365381370727736,0.05707424805791261
0.881,-0.05522485286830226,0.05581317707745568
0.882,-0.05677153459629972,0.054493491377698065
0.883,-0.05829134765661884,0.05311505379675632
0.884,-0.059781706302469345,0.051677830933754304
0.885,-0.06123995287535404,0.0501819010350825
0.886,-0.06266336104069249,0.048627462094382276
0.887,-0.06404913971153803,0.04701484012915849
0.888,-0.06539443771335884,0.045344497589703624
0.889,-0.06669634924217421,0.04361704184826504
0.89,-0.06795192016678799,0.04183323370815163
0.891,-0.06915815522331557,0.039993995863821276
0.892,-0.07031202614652983,0.03810042123400578
0.893,-0.07141048077762738,0.03615378108072829
0.894,-0.07245045318171807,0.03415553281779016
0.895,-0.0734288748005519,0.03210732740311924
0.896,-0.07434268665662386,0.03001101620047876
0.897,-0.07518885261375788,0.027868657187665003
0.898,-0.07596437368651827,0.025682520380731093
0.899,-0.07666630337631485,0.023455092337250204
0.9,-0.0772917639958824,0.02118907959648405
0.901,-0.07783796392600294,0.018887410910881454
0.902,-0.07830221572903187,0.01655323812193798
0.903,-0.07868195502318229,0.014189935534446505
0.904,-0.0789747599998791,0.011801097646897797
0.905,-0.07917837144415003,0.00939053510256766
0.906,-0.07929071309538561,0.006962268735938036
0.907,-0.07930991216335398,0.0045205216027780284
0.908,-0.07923431979265043,0.0020697088996270282
0.909,-0.0790625312484071,-0.0003855743003375556
0.91,-0.07879340557774434,-0.0028405675430130937
0.911,-0.0784260844858071,-0.005290361739892153
0.912,-0.07796001015300513,-0.0077299181524468005
0.913,-0.07739494171196197,-0.01015408956621901
0.914,-0.07673097009933935,-0.012557643568732785
0.915,-0.07596853099973519,-0.01493528780577647
0.916,-0.07510841560675773,-0.017281697050002705
0.917,-0.07415177894052907,-0.01959154187508666
0.918,-0.07310014548148783,-0.0218595186888998
0.919,-0.07195541190748043,-0.0240803808413993
0.92,-0.07071984675459093,-0.0262489704883445
0.921,-0.0693960868615779,-0.028360250861674378
0.922,-0.06798713050256701,-0.030409338572512323
0.923,-0.06649632716196782,-0.03239153555431574
0.924,-0.06492736395842366,-0.034302360242531936
0.925,-0.06328424877976543,-0.03613757758395197
0.926,-0.061571290247079156,-0.03789322747424713
0.927,-0.05979307468167123,-0.039565651236154575
0.928,-0.05795444030243183,-0.04115151577340494
0.929,-0.0560604489313708,-0.0426478350664289
0.93,-0.0541163555305095,-0.04405198871453529
0.931,-0.05212757593255905,-0.04536173727474959
0.932,-0.05009965315977461,-0.04657523419872988
0.933,-0.048038222749145654,-0.047691034224830904
0.934,-0.04594897751701924,-0.048708098141008814
0.935,-0.04383763220199764,-0.04962579389429933
0.936,-0.04170988842144002,-0.05044389408247477
0.937,-0.0395714003643638,-0.05116256992163328
0.938,-0.03742774162249733,-0.05178238183842352
0.939,-0.03528437353245274,-0.052304266886027656
0.94,-0.03314661536645179,-0.05272952322776497
0.941,-0.031019616667908895,-0.05305979197031193
0.942,-0.028908331982735895,-0.053297036659378745
0.943,-0.026817498188832875,-0.053443520773813535
0.944,-0.02475161457623334,-0.053501783569358426
0.945,-0.022714925780111125,-0.05347461463073871
0.946,-0.02071140761957894,-0.05336502749073929
0.947,-0.018744755848045448,-0.05317623266792104
0.948,-0.01681837777682929,-0.05291161046133107
0.949,-0.014935386693565074,-0.052574683821768595
0.95,-0.013098598961304962,-0.0521690915957746
0.951,-0.011310533653560589,-0.05169856241145981
0.952,-0.009573414555101403,-0.051166889445525596
0.953,-0.007889174338213926,-0.05057790627929896
0.954,-0.006259460709262451,-0.0499354640191788
0.955,-0.0046856443105719806,-0.049243409824387914
0.956,-0.003168828157562492,-0.04850556695306437
0.957,-0.001709858390295921,-0.047725716407127604
0.958,-0.0003093361216854071,-0.04690758022753035
0.959,0.0010323698289490067,-0.04605480646486079
0.96,0.0023151095190421093,-0.04517095582608589
0.961,0.0035389379731881176,-0.0442594899767226
0.962,0.004704100958004486,-0.04332376145899216
0.963,0.005811020604080199,-0.0423670051705756
0.964,0.006860281022211797,-0.0413923313353985
0.965,0.007852614045284086,-0.04040271988732375
0.966,0.008788885211239585,-0.039401016179570605
0.967,0.00967008008690795,-0.038389927926920295
0.968,0.01049729101728961,-0.037372023284102204
0.969,0.011271704370412253,-0.036349729961955415
0.97,0.011994588334264334,-0.03532533528279629
0.971,0.012667281309671768,-0.03430098707766409
0.972,0.013291180931400299,-0.0332786953305386
0.973,0.013867733739279355,-0.03226033447801366
0.974,0.014398425511767714,-0.031247646277069267
0.975,0.01488477226610602,-0.030242243158330715
0.976,0.015328311921995724,-0.029245611987371266
0.977,0.015730596619561714,-0.028259118162060094
0.978,0.01609318567713864,-0.027284009979552402
0.979,0.016417639170101726,-0.026321423212155314
0.98,0.016705512108469763,-0.025372385836889763
0.981,0.016958349188265706,-0.02443782286903026
0.982,0.017177680089552987,-0.023518561255180547
0.983,0.017365015292598446,-0.022615334786487157
0.984,0.017521842382673285,-0.021728788997369578
0.985,0.01764962281352206,-0.020859486019630873
0.986,0.01774978909944202,-0.020007909365990482
0.987,0.01782374240616022,-0.0191744686209441
0.988,0.01787285051121861,-0.01835950402040215
0.989,0.017898446105327544,-0.017563290904792746
0.99,0.01790182540708046,-0.016786044033244803
0.991,0.017884247064496518,-0.01602792174910377
0.992,0.01784693131803889,-0.015289029989389661
0.993,0.017791059401012423,-0.014569426132900796
0.994,0.017717773154549366,-0.013869122683512718
0.995,0.01762817483572292,-0.013188090786838573
0.996,0.017523327098665872,-0.012526263579821287
0.997,0.017404253129899874,-0.011883539374037565
0.998,0.017271936920386723,-0.011259784674525559
0.999,0.017127323658085294,-0.010654837036819034
1.0,0.016971320226028864,-0.010068507765596472
1.001,0.016804795792120415,-0.009500584458949052
1.002,0.016628582477973684,-0.008950833402750945
1.003,0.01644347609520196,-0.0084190018199917
1.004,0.016250236938572898,-0.00790481998021634
1.005,0.016049590626404712,-0.007408003174424876
1.006,0.015842228979477336,-0.006928253560919857
1.007,0.01562881093057169,-0.0064652618876675306
1.008,0.015409963457532335,-0.006018709096763584
1.009,0.015186282533475367,-0.005588267816576039
1.01,0.014958334088435913,-0.005173603747082396
1.011,0.01472665497737075,-0.004774376943831709
1.012,0.01449175395000334,-0.0043902430058503535
1.013,0.014254112618523827,-0.004020854172677586
1.014,0.014014186419637613,-0.0036658603355678534
1.015,0.013772405567895774,-0.0033249099677348103
1.016,0.013529175997641361,-0.0029976509783404427
1.017,0.01328488029127009,-0.0026837314947543126
1.018,0.013039878591834572,-0.0023828005774251468
1.019,0.012794509498320497,-0.002094508871521858
1.02,0.012549090942193399,-0.0018185091993153308
1.021,0.012303921044057906,-0.0015544570970874444
1.022,0.012059278949490004,-0.0013020113001709984
1.023,0.011815425643298648,-0.0010608341795445605
1.024,0.01157260474164803,-0.0008305921332305052
1.025,0.011331043261627578,-0.0006109559355733799
1.026,0.011090952367995222,-0.00040160104730972327
1.027,0.010852528096941814,-0.0002022078891799522
1.028,0.010615952056832571,-1.2462081678231243e-5
1.029,0.010381392105976182,0.00016794534661246615
1.03,0.010149003007554992,0.00033931777979548833
1.031,0.009918927061921743,0.0005019528623776364
1.032,0.009691294716530517,0.0006561423718903663
1.033,0.009466225153823029,0.0008021721145012857
1.034,0.009243826857436825,0.0009403218418202936
1.035,0.009024198157140381,0.0010708651872169425
1.036,0.008807427752932041,0.001194069620072062
1.037,0.008593595218766011,0.0013101964164875602
1.038,0.008382771486389785,0.0014195006450737843
1.039,0.008175019309794038,0.0015222311665240408
1.04,0.007970393710788563,0.001618630645771111
1.041,0.007768942406226894,0.001708935575600965
1.042,0.007570706217408097,0.0017933763106746659
1.043,0.007375719462187298,0.0018721771109808116
1.044,0.007184010330327183,0.0019455561938080256
1.045,0.006995601242621182,0.002013725793390159
1.046,0.006810509194315774,0.002076892227436218
1.047,0.006628746083354348,0.0021352559698127687
1.048,0.0064503190239588015,0.00218901172869889
1.049,0.006275230646057505,0.002238348529582814
1.05,0.006103479381059819,0.002283449802515398
1.051,0.0059350597344679885,0.002324493473078696
1.052,0.005769962545807218,0.002361652056568257
1.053,0.0056081752363441656,0.0023950927549255836
1.054,0.005449682045053013,0.00242497755599255
1.055,0.005294464253276903,0.002451463334692645
1.056,0.005142500398520855,0.0024747019557748383
1.057,0.0049937664778004365,0.0024948403777847457
1.058,0.00484823614095852,0.0025120207579547743
1.059,0.004705880874350383,0.0025263805577301016
1.06,0.004566670175285481,0.002538052648670876
1.061,0.004430571717602147,0.0025471654184929505
1.062,0.0042975515087396695,0.0025538428770299107
1.063,0.004167574038660356,0.0025582047619182283
1.064,0.004040602420962607,0.0025603666438251253
1.065,0.003916598526514553,0.002560440031055268
1.066,0.003795523109926547,0.0025585324733878112
1.067,0.0036773359291697554,0.002554747665009615
1.068,0.0035619958586372677,0.0025491855464237928
1.069,0.003449460995933563,0.0025419424052250967
1.07,0.003339688762667817,0.002533110975645166
1.071,0.0032326359995164607,0.0025227805367813135
1.072,0.0031282590558105784,0.0025110370094324264
1.073,0.0030265138738941474,0.002497963051474743
1.074,0.002927356068489849,0.0024836381517187637
1.075,0.0028307410013001318,0.0024681387221964154
1.076,0.002736623851062446,0.002451538188834895
1.077,0.00264495967926907,0.0024339070804803207
1.078,0.002555703491753698,0.0024153131162405576
1.079,0.0024688102963389955,0.0023958212911223058
1.08,0.0023842351567315867,0.0023754939599428325
1.081,0.0023019332428434857,0.0023543909195015943
1.082,0.0022218598777117436,0.002332569489001465
1.083,0.002143970581181116,0.002310084588713406
1.084,0.00206822111050781,0.0022869888168821724
1.085,0.001994567498035858,0.0022633325248741024
1.086,0.001922966086091403,0.0022391638905712007
1.087,0.0018533735592340906,0.002214528990018585
1.088,0.0017857469739989585,0.0021894718673349995
1.089,0.0017200437862565606,0.0021640346028984785
1.09,0.0016562218763136432,0.0021382573798213846
1.091,0.0015942395718714702,0.00211217854873101
1.092,0.0015340556689538596,0.002085834690873675
1.093,0.001475629450912145,0.002059260679561832
1.094,0.0014189207056096254,0.002032489739985089
1.095,0.001363889740883568,0.0020055535074073204
1.096,0.0013104973983785258,0.0019784820837731336
1.097,0.0012587050658405788,0.0019513040927479333
1.098,0.0012084746879581138,0.0019240467332166762
1.099,0.0011597687758309395,0.001896735831267131
1.1,0.0011125504151458317,0.0018693958906840923
1.101,0.0010667832731330786,0.001842050141981518
1.102,0.0010224316043751921,0.0018147205899999928
1.103,0.0009794602555356841,0.0017874280600972722
1.104,0.0009378346690726803,0.0017601922429599315
1.105,0.000897520885999131,0.0017330317380643417
1.106,0.0008584855477484913,0.0017059640958153298
1.107,0.0008206958972019797,0.0016790058583909518
1.108,0.0007841197789308606,0.0016521725993218206
1.109,0.0007487256387046534,0.0016254789618333973
1.11,0.0007144825223137255,0.0015989386959795707
1.111,0.000681360073752385,0.0015725646945957258
1.112,0.0006493285328063457,0.0015463690280993322
1.113,0.0006183587320862833,0.0015203629781658891
1.114,0.0005884220935471438,0.0014945570703078258
1.115,0.0005594906245308905,0.001468961105383694
1.116,0.0005315369133684829,0.0014435841900647028
1.117,0.0005045341245750758,0.0014184347662853313
1.118,0.0004784559936706896,0.0013935206397044204
1.119,0.00045327682165694877,0.0013688490072027912
1.12,0.0004289714691788954,0.0013444264834430706
1.121,0.0004055153503993695,0.0013202591265170183
1.122,0.0003828844266119952,0.0012963524627052454
1.123,0.00036105519961742366,0.001272711510373821
1.124,0.000340004704886158,0.0012493408030318268
1.125,0.0003197105045300157,0.0012262444115735036
1.126,0.0003001506801030741,0.0012034259657282005
1.127,0.00028130382525178526,0.0011808886747408916
1.128,0.00026314903823284236,0.0011586353473055887
1.129,0.0002456659143163246,0.001136668410773526
1.13,0.00022883453809063777,0.0011149899296575524
1.131,0.00021263547568481012,0.0010936016234537054
1.132,0.00019704976692278142,0.0010725048838005034
1.133,0.00018205891742345282,0.0010517007909960328
1.134,0.00016764489065942717,0.0010311901298924624
1.135,0.00015379009998657723,0.001010973405187172
1.136,0.0001404774006558199,0.000991050856129234
1.137,0.00012769008181775384,0.0009714224706595466
1.138,0.00011541185853013015,0.0009520879990024832
1.139,0.00010362686377747155,0.0009330469667264793
1.14,9.231964051153313e-5,0.0009142986872905604
1.141,8.147513372070514e-5,0.0008958422740933783
1.142,7.107868253589514e-5,0.0008776766520409118
1.143,6.111601237989128e-5,0.000859800568648568
1.144,5.157322716669983e-5,0.0008422126046930143
1.145,4.243680155686635e-5,0.0008249111844286666
1.146,3.369357327433153e-5,0.0008078945853833642
1.147,2.533073548993666e-5,0.0007911609477473688
1.148,1.7335829276280928e-5,0.0007747082833694444
1.149,9.696736138240593e-6,0.0007585344843733919
1.15,2.4016706230891223e-6,0.0007426373314080498
1.151,-4.560826986194643e-6,0.0007270145015433964
1.152,-1.1201897891176097e-5,0.0007116635758250465
1.153,-1.7532371908833256e-5,0.0006965820464990691
1.154,-2.3562774510402965e-5,0.0006817673239187245
1.155,-2.9303333765845657e-5,0.0006672167431443708
1.156,-3.476398719183551e-5,0.0006529275702474686
1.157,-3.995438850143408e-5,0.0006388970083292853
1.158,-4.488391425384235e-5,0.0006251222032645883
1.159,-4.956167040284979e-5,0.0006116002491803057
1.16,-5.39964987428091e-5,0.0005983281936788338
1.161,-5.8196983251163645e-5,0.0005853030428153732
1.162,-6.217145632674089e-5,0.0005725217658383921
1.163,-6.592800492319996e-5,0.0005599812997020298
1.164,-6.947447657718591e-5,0.000547678553358982
1.165,-7.281848533089767e-5,0.0005356104118421425
1.166,-7.596741754892027e-5,0.0005237737401430114
1.167,-7.89284376293081e-5,0.0005121653868946324
1.168,-8.170849360903133e-5,0.0005007821878665645
1.169,-8.431432266401608e-5,0.0004896209692791617
1.17,-8.675245650411867e-5,0.0004786785509441908
1.171,-8.902922666347682e-5,0.0004679517492385946
1.172,-9.11507696867752e-5,0.0004574373799179794
1.173,-9.312303221205196e-5,0.000447132260776193
1.174,-9.495177595075357e-5,0.0004370332141571457
1.175,-9.664258256582163e-5,0.00042713706932482134
1.176,-9.820085844866482e-5,0.00041744066469722737
1.177,-9.963183939593264e-5,0.00040794084994983656
1.178,-0.00010094059518706774,0.0003986344879938859
1.179,-0.00010213203406366595,0.00038951845683471306
1.18,-0.00010321090711172339,0.00038058965131513504
1.181,-0.00010418181254789398,0.00037184498474869743
1.182,-0.00010504919991092136,0.00036328139044745726
1.183,-0.00010581737415944509,0.000354895823148798
1.184,-0.00010649049967741433,0.0003466852603456171
1.185,-0.00010707260418837005,0.0003386467035240726
1.186,-0.00010756758257988342,0.00033077717931292717
1.187,-0.00010797920063945964,0.00032307374054838195
1.188,-0.00010831109870323618,0.0003155334672581538
1.189,-0.00010856679521882054,0.0003081534675684123
1.19,-0.00010874969022362713,0.0003009308785370627
1.191,-0.00010886306874008318,0.00029386286691673115
1.192,-0.00010891010408908343,0.0002869466298506875
1.193,-0.00010889386112307961,0.00028017939550481854
1.194,-0.0001088172993801953,0.0002735584236386506
1.195,-0.00010868327616075984,0.0002670810061183067
1.196,-0.00010849454952765535,0.0002607444673741754
1.197,-0.00010825378123187027,0.00025454616480596274
1.198,-0.00010796353956465055,0.000248483489137697
1.199,-0.00010762630213763536,0.00024255386472515816
1.2,-0.0001072444585923591,0.0002367547498181063
1.201,-0.00010682031324049478,0.00023108363677959431
1.202,-0.00010635608763620597,0.00022553805226455795
1.203,-0.000105853923081966,0.0002201155573597923
1.204,-0.00010531588306919235,0.00021481374768733875
1.205,-0.00010474395565503424,0.00020963025347322758
1.206,-0.00010414005577663898,0.00020456273958344208
1.207,-0.00010350602750421025,0.0001996089055288958
1.208,-0.0001028436462341584,0.0001947664854411418
1.209,-0.00010215462082362878,0.00019003324802046204
1.21,-0.00010144059566767925,0.00018540699645791856
1.211,-0.00010070315272036343,0.00018088556833288156
1.212,-9.994381346096032e-5,0.00017646683548748688
1.213,-9.916404080657469e-5,0.00017214870387941513
1.214,-9.836524097231666e-5,0.00016792911341432474
1.215,-9.754876528025176e-5,0.00016380603775921577
1.216,-9.671591191829549e-5,0.00015977748413794626
1.217,-9.586792765020934e-5,0.00015584149311006964
1.218,-9.500600947783774e-5,0.00015199613833411245
1.219,-9.413130625670665e-5,0.00014823952631636098
1.22,-9.324492026608808e-5,0.00014456979614617944
1.221,-9.234790873461509e-5,0.00014098511921883656
1.222,-9.144128532251481e-5,0.0001374836989467737
1.223,-9.052602156150826e-5,0.00013406377046020507
1.224,-8.96030482534074e-5,0.00013072360029790103
1.225,-8.867325682842164e-5,0.00012746148608896546
1.226,-8.773750066416764e-5,0.00012427575622638072
1.227,-8.679659636635807e-5,0.00012116476953305839
1.228,-8.585132501212641e-5,0.00011812691492109779
1.229,-8.490243335692704e-5,0.00011516061104492221
1.23,-8.395063500593149e-5,0.00011226430594892943
1.231,-8.299661155082386e-5,0.00010943647671026305
1.232,-8.204101367288038e-5,0.00010667562907728066
1.233,-8.108446221320045e-5,0.0001039802971042669
1.234,-8.012754921093856e-5,0.00010134904278291161
1.235,-7.91708389103695e-5,9.87804556710468e-5
1.236,-7.82148687376015e-5,9.627315251911141e-5
1.237,-7.726015024773475e-5,9.382577689478765e-5
1.238,-7.630717004324618e-5,9.143699880623008e-5
1.239,-7.53563906643644e-5,8.910551432428566e-5
1.24,-7.440825145218168e-5,8.683004520408195e-5
1.241,-7.346316938523418e-5,8.460933850633947e-5
1.242,-7.252153989026504e-5,8.244216621874491e-5
1.243,-7.158373762786888e-5,8.03273248777027e-5
1.244,-7.065011725370086e-5,7.826363519076421e-5
1.245,-6.97210141559175e-5,7.62499416600167e-5
1.246,-6.879674516950178e-5,7.428511220669692e-5
1.247,-6.787760926810906e-5,7.236803779727915e-5
1.248,-6.696388823405647e-5,7.0497632071271e-5
1.249,-6.605584730706331e-5,6.867283097093686e-5
1.25,-6.515373581233545e-5,6.689259237315396e-5
1.251,-6.425778776857327e-5,6.515589572359303e-5
1.252,-6.336822247646815e-5,6.346174167340277e-5
1.253,-6.248524508823918e-5,6.180915171856476e-5
1.254,-6.160904715874829e-5,6.019716784207413e-5
1.255,-6.07398071787188e-5,5.862485215908989e-5
1.256,-5.987769109056973e-5,5.709128656518816e-5
1.257,-5.902285278736496e-5,5.5595572387841516e-5
1.258,-5.8175434595364556e-5,5.4136830041237726e-5
1.259,-5.7335567740652856e-5,5.2714198684542055e-5
1.26,-5.650337280030624e-5,5.132683588369836e-5
1.261,-5.567896013855166e-5,4.9973917276855944e-5
1.262,-5.486243032835551e-5,4.865463624350085e-5
1.263,-5.405387455887116e-5,4.736820357736291e-5
1.264,-5.325337502916251e-5,4.6113847163162473e-5
1.265,-5.246100532860994e-5,4.489081165725377e-5
1.266,-5.167683080439471e-5,4.369835817221546e-5
1.267,-5.0900908916447244e-5,4.253576396543248e-5
1.268,-5.013328958023473e-5,4.1402322131707594e-5
1.269,-4.937401549775364e-5,4.0297341299935204e-5
1.27,-4.8623122477082795e-5,3.922014533386483e-5
1.271,-4.7880639740843425e-5,3.817007303697643e-5
1.272,-4.7146590223903205e-5,3.714647786148525e-5
1.273,-4.642099086065221e-5,3.614872762148888e-5
1.274,-4.5703852862169924e-5,3.5176204210265393e-5
1.275,-4.499518198359374e-5,3.422830332172716e-5
1.276,-4.429497878199086e-5,3.330443417603103e-5
1.277,-4.3603238865027376e-5,3.240401924934212e-5
1.278,-4.291995313072015e-5,3.152649400774502e-5
1.279,-4.224510799854914e-5,3.0671306645292984e-5
1.28,-4.1578685632200416e-5,2.9837917826182605e-5
1.281,-4.0920664154202095e-5,2.9025800431038786e-5
1.282,-4.027101785270872e-5,2.8234439307292066e-5
1.283,-3.9629717380681846e-5,2.7463331023627855e-5
1.284,-3.899672994770805e-5,2.6711983628484872e-5
1.285,-3.8372019504688464e-5,2.597991641257784e-5
1.286,-3.775554692162758e-5,2.5266659675417514e-5
1.287,-3.714727015874225e-5,2.4571754495799126e-5
1.288,-3.654714443110578e-5,2.3894752506228715e-5
1.289,-3.595512236703575e-5,2.323521567125505e-5
1.29,-3.537115416042808e-5,2.259271606967338e-5
1.291,-3.479518771723414e-5,2.1966835680565905e-5
1.292,-3.4227168796272034e-5,2.1357166173142418e-5
1.293,-3.3667041144557374e-5,2.0763308700343643e-5
1.294,-3.311474662733382e-5,2.0184873696168393e-5
1.295,-3.2570225352977966e-5,1.962148067668499e-5
1.296,-3.203341579294843e-5,1.9072758044686226e-5
1.297,-3.1504254896943595e-5,1.853834289794658e-5
1.298,-3.098267820342797e-5,1.801788084103944e-5
1.299,-3.0468619945681965e-5,1.7511025800671646e-5
1.3,-2.9962013153525732e-5,1.70174398444919e-5
1.301,-2.9462789750862736e-5,1.6536793003329248e-5
1.302,-2.8970880649184722e-5,1.6068763096817295e-5
1.303,-2.848621583717533e-5,1.561303556235946e-5
1.304,-2.8008724466545362e-5,1.516930328739031e-5
1.305,-2.753833493422893e-5,1.4737266444887658e-5
1.306,-2.7074974961065513e-5,1.4316632332090043e-5
1.307,-2.6618571667089316e-5,1.3907115212373908e-5
1.308,-2.6169051643543554e-5,1.3508436160244803e-5
1.309,-2.5726341021733626e-5,1.31203229093968e-5
1.31,-2.5290365538829732e-5,1.2742509703794367e-5
1.311,-2.4861050600725956e-5,1.237473715173089e-5
1.312,-2.443832134205963e-5,1.2016752082818169e-5
1.313,-2.402210268349146e-5,1.1668307407861257e-5
1.314,-2.3612319386343853e-5,1.1329161981573168e-5
1.315,-2.3208896104691747e-5,1.099908046808417e-5
1.316,-2.2811757434997385e-5,1.0677833209200499e-5
1.317,-2.2420827963377477e-5,1.0365196095367629e-5
1.318,-2.203603231058849e-5,1.0060950439293459e-5
1.319,-2.165729517481305e-5,9.764882852187007e-6
1.32,-2.1284541372327804e-5,9.47678512256856e-6
1.321,-2.0917695876130502e-5,9.196454097607511e-6
1.322,-2.0556683852601653e-5,8.923691566944452e-6
1.323,-2.0201430696273542e-5,8.658304148954451e-6
1.324,-1.9851862062777218e-5,8.400103179408826e-6
1.325,-1.950790390003565e-5,8.148904602493087e-6
1.326,-1.9169482477769097e-5,7.904528864139137e-6
1.327,-1.8836524415376566e-5,7.666800807630265e-6
1.328,-1.850895670825518e-5,7.435549571437811e-6
1.329,-1.81867067526172e-5,7.210608489248932e-6
1.33,-1.7869702368862518e-5,6.991814992145232e-6
1.331,-1.7557871823562556e-5,6.77901051289258e-6
1.332,-1.7251143850109543e-5,6.572040392302819e-6
1.333,-1.6949447668083518e-5,6.370753787628609e-6
1.334,-1.6652713001387538e-5,6.175003582953071e-6
1.335,-1.636087009519988e-5,5.984646301536442e-6
1.336,-1.6073849731790495e-5,5.799542020082366e-6
1.337,-1.5791583245247294e-5,5.619554284887037e-6
1.338,-1.5514002535156266e-5,5.444550029834792e-6
1.339,-1.5241040079278111e-5,5.274399496204372e-6
1.34,-1.4972628945262404e-5,5.108976154250465e-6
1.341,-1.470870280143906e-5,4.948156626525734e-6
1.342,-1.4449195926725434e-5,4.7918206129089725e-6
1.343,-1.4194043219686112e-5,4.639850817305591e-6
1.344,-1.3943180206781131e-5,4.492132875987094e-6
1.345,-1.3696543049837151e-5,4.348555287536765e-6
1.346,-1.3454068552774907e-5,4.209009344369225e-6
1.347,-1.3215694167625088e-5,4.07338906579209e-6
1.348,-1.2981357999863674e-5,3.941591132578414e-6
1.349,-1.2750998813096675e-5,3.813514823019129e-6
1.35,-1.2524556033123127e-5,3.6890619504251794e-6
1.351,-1.2301969751404236e-5,3.568136802049549e-6
1.352,-1.2083180727965507e-5,3.4506460793998796e-6
1.353,-1.1868130393757781e-5,3.33649883991285e-6
1.354,-1.1656760852502124e-5,3.2256064399619993e-6
1.355,-1.1449014882042677e-5,3.117882479171136e-6
1.356,-1.1244835935230653e-5,3.013242746005971e-6
1.357,-1.104416814036182e-5,2.911605164617081e-6
1.358,-1.0846956301189054e-5,2.812889742907788e-6
1.359,-1.0653145896530662e-5,2.717018521800991e-6
1.36,-1.046268307949452e-5,2.6239155256794728e-6
1.361,-1.027551467633721e-5,2.5335067139746445e-6
1.362,-1.009158818497673e-5,2.4457199338791536e-6
1.363,-9.910851773176614e-6,2.3604848741592202e-6
1.364,-9.733254276418594e-6,2.2777330200430277e-6
1.365,-9.55874519548037e-6,2.197397609161912e-6
1.366,-9.387274693734344e-6,2.119413588521539e-6
1.367,-9.218793594182635e-6,2.0437175724806897e-6
1.368,-9.053253376243048e-6,1.970247801715687e-6
1.369,-8.890606172300163e-6,1.8989441031489193e-6
1.37,-8.7308047640351e-6,1.8297478508203355e-6
1.371,-8.57380257854704e-6,1.7626019276811752e-6
1.372,-8.419553684279049e-6,1.697450688289621e-6
1.373,-8.268012786760235e-6,1.6342399223884355e-6
1.374,-8.119135224175844e-6,1.5729168193450483e-6
1.375,-7.97287696277637e-6,1.513429933434936e-6
1.376,-7.829194592136396e-6,1.455729149949522e-6
1.377,-7.688045320273347e-6,1.3997656521101901e-6
1.378,-7.549386968636018e-6,1.3454918887703789e-6
1.379,-7.413177966972271e-6,1.2928615428880814e-6
1.38,-7.279377348084953e-6,1.2418295007514362e-6
1.381,-7.14794474248466e-6,1.1923518219404385e-6
1.382,-7.01884037294768e-6,1.1443857100081553e-6
1.383,-6.892025048987027e-6,1.097889483865157e-6
1.384,-6.767460161244196e-6,1.0528225498512246e-6
1.385,-6.645107675808914e-6,1.0091453744787054e-6
1.386,-6.5249301284738624e-6,9.668194578322283e-7
1.387,-6.406890618931031e-6,9.258073076097945e-7
1.388,-6.2909528049160855e-6,8.860724137905824e-7
1.389,-6.177080896306849e-6,8.475792239151022e-7
1.39,-6.0652396491817005e-6,8.102931189636464e-7
1.391,-5.955394359843477e-6,7.741803898192736e-7
1.392,-5.8475108588141695e-6,7.392082143018537e-7
1.393,-5.741555504805484e-6,7.053446347599932e-7
1.394,-5.63749517867011e-6,6.725585362079332e-7
1.395,-5.535297277338279e-6,6.408196249947962e-7
1.396,-5.434929707744026e-6,6.100984079938211e-7
1.397,-5.336360880745314e-6,5.803661722994972e-7
1.398,-5.2395597050420124e-6,5.515949654207653e-7
1.399,-5.144495581095492e-6,5.237575759587129e-7
1.4,-5.0511383950534565e-6,4.968275147574382e-7
1.401,-4.959458512683404e-6,4.7077899651700757e-7
1.402,-4.86942677331797e-6,4.455869218576711e-7
1.403,-4.781014483815223e-6,4.2122685982473746e-7
1.404,-4.694193412536829e-6,3.976750308237437e-7
1.405,-4.608935783346838e-6,3.749082899757833e-7
1.406,-4.5252142696337105e-6,3.5290411088307735e-7
1.407,-4.4430019883580456e-6,3.3164056979509704e-7
1.408,-4.362272494128345e-6,3.110963301657561e-7
1.409,-4.282999773307005e-6,2.912506275924073e-7
1.41,-4.205158238148616e-6,2.7208325512757935e-7
1.411,-4.128722720972514e-6,2.535745489545966e-7
1.412,-4.053668468371412e-6,2.3570537441841973e-7
1.413,-3.979971135457841e-6,2.184571124032424e-7
1.414,-3.907606780150002e-6,2.0181164604856653e-7
1.415,-3.8365518574985475e-6,1.85751347795669e-7
1.416,-3.7667832140556894e-6,1.702590667565517e-7
1.417,-3.6982780822879532e-6,1.5531811639764913e-7
1.418,-3.631014075033804e-6,1.4091226253074125e-7
1.419,-3.5649691800072673e-6,1.2702571160369123e-7
1.42,-3.5001217543486016e-6,1.1364309928379721e-7
1.421,-3.4364505192229927e-6,1.0074947932671009e-7
1.422,-3.373934554468157e-6,8.833031272403232e-8
1.423,-3.3125532932916734e-6,7.637145712286924e-8
1.424,-3.2522865170187926e-6,6.485915651075995e-8
1.425,-3.193114349891401e-6,5.378003115956551e-8
1.426,-3.1350172539187536e-6,4.312106782204063e-8
1.427,-3.0779760237805294e-6,3.2869610174959715e-8
1.428,-3.021971781782702e-6,2.3013349502810147e-8
1.429,-2.966985972866662e-6,1.3540315616204446e-8
1.43,-2.913000359671971e-6,4.438867999298673e-9
1.431,-2.859997017653083e-6,-4.3023128193625e-9
1.432,-2.807958330250309e-6,-1.2694233678023745e-8
1.433,-2.7568669841152646e-6,-2.0747596980242492e-8
1.434,-2.7067059643909806e-6,-2.8472808685955823e-8
1.435,-2.657458550046838e-6,-3.587998610016709e-8
1.436,-2.6091083092684172e-6,-4.297896546420957e-8
1.437,-2.561639094902341e-6,-4.9779309354427875e-8
1.438,-2.5150350399561323e-6,-5.629031389300409e-8
1.439,-2.4692805531530897e-6,-6.252101577554408e-8
1.44,-2.4243603145421357e-6,-6.848019911993066e-8
1.441,-2.3802592711625732e-6,-7.417640214084381e-8
1.442,-2.3369626327636453e-6,-7.961792365424377e-8
1.443,-2.2944558675787733e-6,-8.481282941601133e-8
1.444,-2.252724698154317e-6,-8.976895829884006e-8
1.445,-2.2117550972326755e-6,-9.449392831137743e-8
1.446,-2.17153328368952e-6,-9.899514246351765e-8
1.447,-2.132045718524939e-6,-1.0327979448165493e-7
1.448,-2.093279100908237e-6,-1.0735487437761575e-7
1.449,-2.05522036427612e-6,-1.1122717387489966e-7
1.45,-2.017856672483983e-6,-1.1490329169577128e-7
1.451,-1.981175416009981e-6,-1.1838963871266118e-7
1.452,-1.945164208211574e-6,-1.2169244296725084e-7
1.453,-1.9098108816341895e-6,-1.2481775456053523e-7
1.454,-1.8751034843716645e-6,-1.2777145041707797e-7
1.455,-1.8410302764780802e-6,-1.3055923892659606e-7
1.456,-1.807579726430622e-6,-1.331866644659364e-7
1.457,-1.7747405076430609e-6,-1.3565911180443104e-7
1.458,-1.7425014950294563e-6,-1.37981810395548e-7
1.459,-1.7108517616176598e-6,-1.4015983855768157e-7
1.46,-1.6797805752121972e-6,-1.4219812754685942e-7
1.461,-1.649277395106092e-6,-1.4410146552407468e-7
1.462,-1.6193318688411885e-6,-1.4587450141988693e-7
1.463,-1.5899338290165225e-6,-1.475217486988706e-7
1.464,-1.5610732901442832e-6,-1.4904758902642744e-7
1.465,-1.5327404455529016e-6,-1.5045627584041817e-7
1.466,-1.5049256643367957e-6,-1.5175193783000825e-7
1.467,-1.4776194883522982e-6,-1.529385823240651e-7
1.468,-1.4508126292592881e-6,-1.5402009859138624e-7
1.469,-1.4244959656080404e-6,-1.5500026105498254e-7
1.47,-1.3986605399708102e-6,-1.558827324225861e-7
1.471,-1.3732975561176576e-6,-1.5667106673549953e-7
1.472,-1.3483983762360248e-6,-1.5736871233785127e-7
1.473,-1.323954518193567e-6,-1.5797901476827044e-7
1.474,-1.2999576528437439e-6,-1.5850521957594657e-7
1.475,-1.276399601373669e-6,-1.5895047506298982e-7
1.476,-1.2532723326937237e-6,-1.5931783495496088e-7
1.477,-1.230567960868433e-6,-1.596102610013939e-7
1.478,-1.2082787425881023e-6,-1.598306255080902e-7
1.479,-1.1863970746807188e-6,-1.5998171380291725e-7
1.48,-1.164915491663614e-6,-1.6006622663680416e-7
1.481,-1.1438266633343919e-6,-1.6008678252158357e-7
1.482,-1.1231233924006216e-6,-1.6004592000628824e-7
1.483,-1.1027986121478012e-6,-1.5994609989347204e-7
1.484,-1.082845384145094e-6,-1.597897073970847e-7
1.485,-1.0632568959883437e-6,-1.5957905424339292e-7
1.486,-1.0440264590798812e-6,-1.593163807164027e-7
1.487,-1.0251475064446242e-6,-1.5900385764920234e-7
1.488,-1.0066135905819931e-6,-1.586435883626089e-7
1.489,-9.88418381353147e-7,-1.5823761055246814e-7
1.49,-9.705556639030662e-7,-1.5778789812692358e-7
1.491,-9.530193366169954e-7,-1.572963629949367e-7
1.492,-9.358034091107753e-7,-1.567648568073104e-7
1.493,-9.18902000254585e-7,-1.561951726514341e-7
1.494,-9.023093362296282e-7,-1.5558904670094071e-7
1.495,-8.860197486172935e-7,-1.549481598214342e-7
1.496,-8.70027672520327e-7,-1.5427413913341835e-7
1.497,-8.543276447155564e-7,-1.5356855953352925e-7
1.498,-8.389143018377113e-7,-1.5283294517514525e-7
1.499,-8.237823785938845e-7,-1.5206877090942272e-7
1.5,-8.089267060081908e-7,-1.5127746368777836e-7
1.501,-7.943422096961726e-7,-1.5046040392681397e-7
1.502,-7.800239081685168e-7,-1.4961892683665402e-7
1.503,-7.659669111636441e-7,-1.4875432371364264e-7
1.504,-7.521664180087381e-7,-1.478678431983219e-7
1.505,-7.386177160087881e-7,-1.4696069249959092e-7
1.506,-7.253161788632201e-7,-1.4603403858592194e-7
1.507,-7.122572651096973e-7,-1.4508900934448837e-7
1.508,-6.99436516594675e-7,-1.4412669470903665e-7
1.509,-6.868495569702997e-7,-1.431481477573147e-7
1.51,-6.744920902172449e-7,-1.4215438577884757e-7
1.511,-6.623598991930837e-7,-1.411463913138318e-7
1.512,-6.504488442057997e-7,-1.4012511316390006e-7
1.513,-6.387548616120435e-7,-1.3909146737548913e-7
1.514,-6.272739624397486e-7,-1.3804633819652493e-7
1.515,-6.160022310347189e-7,-1.3699057900712066e-7
1.516,-6.049358237308139e-7,-1.3592501322496678e-7
1.517,-5.940709675433535e-7,-1.348504351860735e-7
1.518,-5.834039588853731e-7,-1.3376761100151042e-7
1.519,-5.729311623063644e-7,-1.3267727939077102e-7
1.52,-5.626490092531414e-7,-1.3158015249237423e-7
1.521,-5.525539968524734e-7,-1.304769166522992e-7
1.522,-5.426426867151351e-7,-1.293682331908347e-7
1.523,-5.329117037610262e-7,-1.2825473914840924e-7
1.524,-5.233577350650167e-7,-1.2713704801095428e-7
1.525,-5.139775287231821e-7,-1.260157504153377e-7
1.526,-5.047678927390914e-7,-1.2489141483539246e-7
1.527,-4.957256939298222e-7,-1.2376458824905028e-7
1.528,-4.868478568513755e-7,-1.2263579678707873e-7
1.529,-4.781313627431712e-7,-1.2150554636390618e-7
1.53,-4.695732484913078e-7,-1.203743232910073e-7
1.531,-4.611706056102749e-7,-1.1924259487330922e-7
1.532,-4.5292057924281114e-7,-1.181108099890675e-7
1.533,-4.4482036717760464e-7,-1.1697939965364828e-7
1.534,-4.368672188845375e-7,-1.15848777567643e-7
1.535,-4.290584345671795e-7,-1.1471934064973023e-7
1.536,-4.2139136423224147e-7,-1.1359146955468913e-7
1.537,-4.138634067757017e-7,-1.1246552917695823e-7
1.538,-4.064720090853241e-7,-1.1134186914012322e-7
1.539,-3.9921466515928986e-7,-1.1022082427270782e-7
1.54,-3.9208891524066953e-7,-1.0910271507063141e-7
1.541,-3.850923449674657e-7,-1.0798784814668889e-7
1.542,-3.782225845379604e-7,-1.0687651666739792e-7
1.543,-3.7147730789110657e-7,-1.0576900077755041e-7
1.544,-3.648542319017046e-7,-1.0466556801279634e-7
1.545,-3.5835111559011133e-7,-1.0356647370057949e-7
1.546,-3.51965759346231e-7,-1.0247196134973618e-7
1.547,-3.4569600416754247e-7,-1.0138226302906046e-7
1.548,-3.3953973091091983e-7,-1.0029759973513091e-7
1.549,-3.334948595580086e-7,-9.921818174968708e-8
1.55,-3.275593484939215e-7,-9.814420898683543e-8
1.551,-3.2173119379902433e-7,-9.707587133035807e-8
1.552,-3.160084285535822e-7,-9.60133489613901e-8
1.553,-3.103891221550439e-7,-9.495681267672447e-8
1.554,-3.048713796477429e-7,-9.390642419799671e-8
1.555,-2.9945334106479833e-7,-9.286233647199528e-8
1.556,-2.9413318078200225e-7,-9.182469396233659e-8
1.557,-2.889091068834828e-7,-9.079363293273812e-8
1.558,-2.837793605389371e-7,-8.976928172211628e-8
1.559,-2.787422153922302e-7,-8.875176101173039e-8
1.56,-2.7379597696115866e-7,-8.77411840845879e-8
1.561,-2.689389820481841e-7,-8.673765707732052e-8
1.562,-2.6416959816194067e-7,-8.574127922473567e-8
1.563,-2.5948622294932786e-7,-8.475214309724186e-8
1.564,-2.5488728363799905e-7,-8.37703348313418e-8
1.565,-2.503712364890633e-7,-8.279593435338193e-8
1.566,-2.459365662598177e-7,-8.182901559674175e-8
1.567,-2.415817856763327e-7,-8.086964671264206e-8
1.568,-2.373054349157145e-7,-7.991789027474616e-8
1.569,-2.3310608109787159e-7,-7.897380347772348e-8
1.57,-2.2898231778661717e-7,-7.803743832994095e-8
1.571,-2.2493276449993903e-7,-7.71088418404428e-8
1.572,-2.2095606622927367e-7,-7.618805620037529e-8
1.573,-2.1705089296762332e-7,-7.527511895900894e-8
1.574,-2.1321593924635708e-7,-7.437006319450652e-8
1.575,-2.0944992368054036e-7,-7.347291767958144e-8
1.576,-2.0575158852263933e-7,-7.258370704218721e-8
1.577,-2.021196992244497e-7,-7.170245192137487e-8
1.578,-1.9855304400710178e-7,-7.082916911845181e-8
1.579,-1.9505043343899592e-7,-6.99638717435719e-8
1.58,-1.9161070002152573e-7,-6.910656935788318e-8
1.581,-1.8823269778244796e-7,-6.82572681113563e-8
1.582,-1.8491530187676083e-7,-6.741597087641343e-8
1.583,-1.8165740819495514e-7,-6.658267737747433e-8
1.584,-1.7845793297850452e-7,-6.575738431653301e-8
1.585,-1.7531581244246334e-7,-6.49400854948757e-8
1.586,-1.722300024050437e-7,-6.413077193104744e-8
1.587,-1.6919947792404435e-7,-6.332943197517226e-8
1.588,-1.6622323294000724e-7,-6.253605141972871e-8
1.589,-1.633002799259792e-7,-6.17506136068801e-8
1.59,-1.6042964954375864e-7,-6.097309953245588e-8
1.591,-1.5761039030650875e-7,-6.02034879466784e-8
1.592,-1.5484156824762164e-7,-5.944175545172617e-8
1.593,-1.5212226659571865e-7,-5.868787659622314e-8
1.594,-1.4945158545567552e-7,-5.7941823966740246e-8
1.595,-1.4682864149556175e-7,-5.720356827639384e-8
1.596,-1.4425256763938624e-7,-5.647307845062302e-8
1.597,-1.4172251276554272e-7,-5.5750321710225744e-8
1.598,-1.3923764141085104e-7,-5.503526365173144e-8
1.599,-1.367971334800912e-7,-5.4327868325185934e-8
1.6,-1.3440018396092967e-7,-5.362809830942213e-8
1.601,-1.3204600264413938e-7,-5.2935914784888235e-8
1.602,-1.297338138490153e-7,-5.225127760410325e-8
1.603,-1.2746285615389116e-7,-5.1574145359807445e-8
1.604,-1.2523238213166283e-7,-5.090447545087403e-8
1.605,-1.2304165809022653e-7,-5.0242224146046135e-8
1.606,-1.2088996381774145e-7,-4.95873466455616e-8
1.607,-1.1877659233262782e-7,-4.893979714072649e-8
1.608,-1.1670084963821327e-7,-4.829952887149641e-8
1.609,-1.146620544819417e-7,-4.7666494182123204e-8
1.61,-1.1265953811906064e-7,-4.7040644574923146e-8
1.611,-1.1069264408070428e-7,-4.6421930762220916e-8
1.612,-1.0876072794629124e-7,-4.5810302716522595e-8
1.613,-1.0686315712015709e-7,-4.5205709718969114e-8
1.614,-1.0499931061234362e-7,-4.460810040612032e-8
1.615,-1.0316857882346794e-7,-4.401742281511854e-8
1.616,-1.0137036333359583e-7,-4.343362442727905e-8
1.617,-9.960407669504529e-8,-4.2856652210153665e-8
1.618,-9.78691422290477e-8,-4.2286452658112324e-8
1.619,-9.616499382619484e-8,-4.172297183148638e-8
1.62,-9.449107575060194e-8,-4.1166155394316104e-8
1.621,-9.284684244771754e-8,-4.061594865074371e-8
1.622,-9.123175835571289e-8,-4.007229658009209e-8
1.623,-8.964529772038429e-8,-3.953514387066834e-8
1.624,-8.808694441350306e-8,-3.9004434952330176e-8
1.625,-8.65561917545495e-8,-3.848011402785206e-8
1.626,-8.505254233576765e-8,-3.796212510312713e-8
1.627,-8.357550785047937e-8,-3.7450412016239825e-8
1.628,-8.212460892459703e-8,-3.6944918465443226e-8
1.629,-8.069937495127555e-8,-3.6445588036074116e-8
1.63,-7.929934392864514e-8,-3.5952364226437966e-8
1.631,-7.792406230056774e-8,-3.546519047269511e-8
1.632,-7.657308480036063e-8,-3.498401017277835e-8
1.633,-7.524597429743227e-8,-3.450876670937177e-8
1.634,-7.394230164677576e-8,-3.4039403471979196e-8
1.635,-7.266164554126725e-8,-3.357586387811051e-8
1.636,-7.14035923667165e-8,-3.3118091393612675e-8
1.637,-7.016773605961876e-8,-3.266602955217212e-8
1.638,-6.895367796755728e-8,-3.22196219740139e-8
1.639,-6.776102671220735e-8,-3.1778812383822725e-8
1.64,-6.658939805489315e-8,-3.134354462790999e-8
1.641,-6.543841476464989e-8,-3.0913762690650414e-8
1.642,-6.430770648874452e-8,-3.048941071021111e-8
1.643,-6.319690962560915e-8,-3.00704329935954e-8
1.644,-6.210566720014204e-8,-2.965677403102296e-8
1.645,-6.103362874133221e-8,-2.924837850966726e-8
1.646,-5.998045016216404e-8,-2.88451913267708e-8
1.647,-5.8945793641759496e-8,-2.8447157602157886e-8
1.648,-5.792932750971604e-8,-2.8054222690164277e-8
1.649,-5.693072613259937e-8,-2.76663321910024e-8
1.65,-5.594966980255058e-8,-2.728343196158036e-8
1.651,-5.4985844627968386e-8,-2.690546812579235e-8
1.652,-5.403894242622756e-8,-2.6532387084297695e-8
1.653,-5.3108660618395495e-8,-2.6164135523805206e-8
1.654,-5.219470212590969e-8,-2.5800660425879005e-8
1.655,-5.129677526917933e-8,-2.544190907528158e-8
1.656,-5.041459366807514e-8,-2.5087829067869366e-8
1.657,-4.9547876144272066e-8,-2.4738368318055685e-8
1.658,-4.869634662541034e-8,-2.439347506585548e-8
1.659,-4.785973405104067e-8,-2.4053097883525792e-8
1.66,-4.703777228032038e-8,-2.3717185681815666e-8
1.661,-4.6230200001427696e-8,-2.3385687715838596e-8
1.662,-4.543676064266203e-8,-2.305855359058038e-8
1.663,-4.465720228519868e-8,-2.273573326605485e-8
1.664,-4.3891277577467105e-8,-2.2417177062119476e-8
1.665,-4.313874365112229e-8,-2.21028356629627e-8
1.666,-4.2399362038579423e-8,-2.1792660121274236e-8
1.667,-4.16728985920827e-8,-2.1486601862109572e-8
1.668,-4.095912340427944e-8,-2.118461268645919e-8
1.669,-4.0257810730271396e-8,-2.0886644774533143e-8
1.67,-3.9568738911115646e-8,-2.059265068877089e-8
1.671,-3.8891690298747894e-8,-2.0302583376586344e-8
1.672,-3.822645118230154e-8,-2.0016396172857573e-8
1.673,-3.7572811715796426e-8,-1.973404280217042e-8
1.674,-3.693056584717168e-8,-1.945547738082498e-8
1.675,-3.6299511248637344e-8,-1.918065441861363e-8
1.676,-3.567944924832027e-8,-1.8909528820379077e-8
1.677,-3.507018476317993e-8,-1.8642055887360557e-8
1.678,-3.447152623317049e-8,-1.8378191318336123e-8
1.679,-3.388328555662567e-8,-1.811789121056878e-8
1.68,-3.330527802684366e-8,-1.7861112060563808e-8
1.681,-3.273732226984952e-8,-1.7607810764644663e-8
1.682,-3.2179240183313054e-8,-1.735794461935432e-8
1.683,-3.163085687660058e-8,-1.7111471321688967e-8
1.684,-3.1092000611939275e-8,-1.6868348969170613e-8
1.685,-3.056250274667337e-8,-1.6628536059764978e-8
1.686,-3.004219767659167e-8,-1.6391991491650897e-8
1.687,-2.9530922780306507e-8,-1.6158674562847234e-8
1.688,-2.9028518364664168e-8,-1.592854497070312e-8
1.689,-2.853482761116781e-8,-1.5701562811257144e-8
1.69,-2.8049696523393724e-8,-1.5477688578471015e-8
1.691,-2.757297387538239e-8,-1.5256883163342914e-8
1.692,-2.7104511160986116e-8,-1.5039107852905725e-8
1.693,-2.6644162544155372e-8,-1.4824324329115097e-8
1.694,-2.6191784810146192e-8,-1.4612494667632122e-8
1.695,-2.5747237317631497e-8,-1.440358133650535e-8
1.696,-2.5310381951699358e-8,-1.4197547194756582e-8
1.697,-2.4881083077721668e-8,-1.3994355490874868e-8
1.698,-2.4459207496076893e-8,-1.3793969861222912e-8
1.699,-2.404462439771095e-8,-1.359635432835998e-8
1.7,-2.3637205320520577e-8,-1.3401473299285282e-8
1.701,-2.323682410654372e-8,-1.3209291563605666e-8
1.702,-2.284335685994196e-8,-1.3019774291631317e-8
1.703,-2.2456681905760082e-8,-1.2832887032403072e-8
1.704,-2.2076679749448316e-8,-1.2648595711654817e-8
1.705,-2.170323303713297e-8,-1.2466866629714317e-8
1.706,-2.133622651662144e-8,-1.2287666459345734e-8
1.707,-2.0975546999127976e-8,-1.2110962243536993e-8
1.708,-2.062108332170656e-8,-1.1936721393234988e-8
1.709,-2.0272726310377897e-8,-1.1764911685031616e-8
1.71,-1.9930368743937343e-8,-1.1595501258803431e-8
1.711,-1.959390531843123e-8,-1.14284586153077e-8
1.712,-1.9263232612288966e-8,-1.1263752613737478e-8
1.713,-1.8938249052098747e-8,-1.1101352469238271e-8
1.714,-1.8618854879014836e-8,-1.0941227750388776e-8
1.715,-1.8304952115784608e-8,-1.0783348376648058e-8
1.716,-1.79964445343838e-8,-1.062768461577148e-8
1.717,-1.7693237624248632e-8,-1.0474207081197622e-8
1.718,-1.739523856109361e-8,-1.032288672940831e-8
1.719,-1.7102356176304145e-8,-1.0173694857263855e-8
1.72,-1.6814500926893213e-8,-1.0026603099315474e-8
1.721,-1.6531584866011553e-8,-9.881583425096835e-9
1.722,-1.6253521614001085e-8,-9.738608136396592e-9
1.723,-1.5980226329981395e-8,-9.597649864513672e-9
1.724,-1.5711615683959383e-8,-9.45868156749708e-9
1.725,-1.544760782945228e-8,-9.321676527371838e-9
1.726,-1.5188122376614485e-8,-9.18660834735273e-9
1.727,-1.4933080365858836e-8,-9.053450949047302e-9
1.728,-1.4682404241963086e-8,-8.922178569649692e-9
1.729,-1.4436017828652564e-8,-8.792765759126678e-9
1.73,-1.4193846303650122e-8,-8.6651873773973e-9
1.731,-1.3955816174184688e-8,-8.539418591507448e-9
1.732,-1.3721855252949888e-8,-8.415434872800595e-9
1.733,-1.349189263450432e-8,-8.293211994085998e-9
1.734,-1.3265858672105312e-8,-8.172726026805453e-9
1.735,-1.3043684954968044e-8,-8.053953338199803e-9
1.736,-1.2825304285942157e-8,-7.936870588476246e-9
1.737,-1.2610650659598061e-8,-7.82145472797748e-9
1.738,-1.239965924071532e-8,-7.707682994353722e-9
1.739,-1.2192266343165646e-8,-7.595532909738514e-9
1.74,-1.1988409409183167e-8,-7.48498227792926e-9
1.741,-1.1788026989014732e-8,-7.376009181573376e-9
1.742,-1.1591058720943255e-8,-7.268591979360878e-9
1.743,-1.1397445311677098e-8,-7.162709303224226e-9
1.744,-1.1207128517098725e-8,-7.058340055546204e-9
1.745,-1.1020051123365963e-8,-6.955463406376554e-9
1.746,-1.083615692835929e-8,-6.854058790658086e-9
1.747,-1.065539072346874e-8,-6.754105905462937e-9
1.748,-1.0477698275714129e-8,-6.6555847072396015e-9
1.749,-1.0303026310192394e-8,-6.558475409071379e-9
1.75,-1.0131322492845988e-8,-6.4627584779467996e-9
1.751,-9.962535413546378e-9,-6.368414632042588e-9
1.752,-9.796614569486777e-9,-6.275424838019703e-9
1.753,-9.633510348878403e-9,-6.1837703083329535e-9
1.754,-9.47317401494462e-9,-6.093432498554662e-9
1.755,-9.31555769020744e-9,-6.004393104712843e-9
1.756,-9.160614341060976e-9,-5.916634060644314e-9
1.757,-9.008297762626507e-9,-5.8301375353631565e-9
1.758,-8.858562563883972e-9,-5.744885930444903e-9
1.759,-8.71136415307474e-9,-5.660861877426831e-9
1.76,-8.566658723370643e-9,-5.57804823522468e-9
1.761,-8.424403238804357e-9,-5.496428087566152e-9
1.762,-8.284555420456267e-9,-5.415984740441461e-9
1.763,-8.14707373289309e-9,-5.336701719571251e-9
1.764,-8.011917370853592e-9,-5.258562767892128e-9
1.765,-7.879046246176824e-9,-5.181551843060067e-9
1.766,-7.748420974968393e-9,-5.105653114971926e-9
1.767,-7.620002865000376e-9,-5.0308509633052855e-9
1.768,-7.493753903340549e-9,-4.957129975076812e-9
1.769,-7.369636744206689e-9,-4.884474942219334e-9
1.77,-7.247614697041809e-9,-4.812870859177811e-9
1.771,-7.127651714806215e-9,-4.742302920524338e-9
1.772,-7.0097123824824245e-9,-4.6727565185923434e-9
1.773,-6.893761905788963e-9,-4.6042172411301125e-9
1.774,-6.7797661000992344e-9,-4.536670868973741e-9
1.775,-6.667691379561641e-9,-4.47010337373965e-9
1.776,-6.557504746417265e-9,-4.40450091553673e-9
1.777,-6.44917378051146e-9,-4.339849840698227e-9
1.778,-6.342666628995769e-9,-4.276136679533417e-9
1.779,-6.237951996216676e-9,-4.2133481440991544e-9
1.78,-6.13499913378773e-9,-4.151471125991332e-9
1.781,-6.033777830841682e-9,-4.090492694156303e-9
1.782,-5.934258404459299e-9,-4.030400092722298e-9
1.783,-5.836411690271613e-9,-3.971180738850867e-9
1.784,-5.740209033232416e-9,-3.912822220608342e-9
1.785,-5.645622278557853e-9,-3.855312294857366e-9
1.786,-5.552623762830046e-9,-3.798638885168449e-9
1.787,-5.46118630526174e-9,-3.7427900797515724e-9
1.788,-5.371283199118983e-9,-3.687754129407812e-9
1.789,-5.282888203298975e-9,-3.6335194455009637e-9
1.79,-5.1959755340601844e-9,-3.580074597949143e-9
1.791,-5.110519856901982e-9,-3.5274083132363243e-9
1.792,-5.026496278591002e-9,-3.4755094724437778e-9
1.793,-4.943880339331572e-9,-3.4243671093013546e-9
1.794,-4.862648005077538e-9,-3.373970408258577e-9
1.795,-4.782775659982906e-9,-3.324308702575462e-9
1.796,-4.704240098988745e-9,-3.2753714724330303e-9
1.797,-4.627018520543851e-9,-3.22714834306342e-9
1.798,-4.551088519456722e-9,-3.179629082899539e-9
1.799,-4.476428079876435e-9,-3.13280360174418e-9
1.8,-4.403015568400057e-9,-3.0866619489585105e-9
1.801,-4.3308297273042745e-9,-3.0411943116698596e-9
1.802,-4.259849667898973e-9,-2.996391012998705e-9
1.803,-4.190054864000512e-9,-2.9522425103047734e-9
1.804,-4.12142514552253e-9,-2.9087393934521527e-9
1.805,-4.0539406921821e-9,-2.8658723830933192e-9
1.806,-3.98758202731915e-9,-2.8236323289719753e-9
1.807,-3.922330011827058e-9,-2.782010208244591e-9
1.808,-3.858165838192396e-9,-2.7409971238205404e-9
1.809,-3.795071024641821e-9,-2.700584302720722e-9
1.81,-3.733027409394164e-9,-2.6607630944545476e-9
1.811,-3.6720171450157846e-9,-2.621524969415186e-9
1.812,-3.6120226928773026e-9,-2.5828615172929353e-9
1.813,-3.5530268177098715e-9,-2.544764445506611e-9
1.814,-3.4950125822591546e-9,-2.5072255776528225e-9
1.815,-3.4379633420352324e-9,-2.4702368519730133e-9
1.816,-3.381862740156689e-9,-2.433790319838138e-9
1.817,-3.3266947022871574e-9,-2.397878144250848e-9
1.818,-3.272443431662635e-9,-2.3624925983650587e-9
1.819,-3.219093404207921e-9,-2.3276260640227605e-9
1.82,-3.1666293637405416e-9,-2.293271030307947e-9
1.821,-3.115036317260578e-9,-2.2594200921175255e-9
1.822,-3.064299530324823e-9,-2.226065948749071e-9
1.823,-3.014404522503739e-9,-2.193201402505293e-9
1.824,-2.965337062919701e-9,-2.1608193573150735e-9
1.825,-2.9170831658650518e-9,-2.128912817370944e-9
1.826,-2.869629086498516e-9,-2.0974748857828573e-9
1.827,-2.8229613166185386e-9,-2.0664987632481167e-9
1.828,-2.7770665805121653e-9,-2.035977746737329e-9
1.829,-2.7319318308780727e-9,-2.005905228196229e-9
1.83,-2.6875442448224165e-9,-1.9762746932632493e-9
1.831,-2.643891219926162e-9,-1.9470797200026787e-9
1.832,-2.600960370382609e-9,-1.9183139776532854e-9
1.833,-2.5587395232038253e-9,-1.8899712253922476e-9
1.834,-2.517216714494749e-9,-1.8620453111142586e-9
1.835,-2.4763801857937216e-9,-1.8345301702256644e-9
1.836,-2.4362183804782534e-9,-1.8074198244534885e-9
1.837,-2.3967199402348342e-9,-1.7807083806692036e-9
1.838,-2.3578737015916297e-9,-1.7543900297271112e-9
1.839,-2.3196686925129216e-9,-1.7284590453171818e-9
1.84,-2.282094129054176e-9,-1.7029097828322204e-9
1.841,-2.2451394120766374e-9,-1.6777366782492112e-9
1.842,-2.2087941240203736e-9,-1.652934247024703e-9
1.843,-2.1730480257347108e-9,-1.6284970830040947e-9
1.844,-2.137891053365021e-9,-1.6044198573446786e-9
1.845,-2.1033133152948446e-9,-1.580697317452304e-9
1.846,-2.06930508914234e-9,-1.5573242859315192e-9
1.847,-2.0358568188100857e-9,-1.5342956595490551e-9
1.848,-2.002959111587269e-9,-1.5116064082105094e-9
1.849,-1.9706027353033053e-9,-1.4892515739500943e-9
1.85,-1.9387786155319747e-9,-1.4672262699333123e-9
1.851,-1.9074778328451466e-9,-1.4455256794724183e-9
1.852,-1.8766916201152137e-9,-1.4241450550545363e-9
1.853,-1.8464113598653388e-9,-1.4030797173822927e-9
1.854,-1.8166285816666664e-9,-1.3823250544268303e-9
1.855,-1.787334959581643e-9,-1.361876520493072e-9
1.856,-1.7585223096526178e-9,-1.3417296352970968e-9
1.857,-1.7301825874349082e-9,-1.3218799830554963e-9
1.858,-1.7023078855735251e-9,-1.3023232115865816e-9
1.859,-1.6748904314227757e-9,-1.2830550314233064e-9
1.86,-1.647922584707968e-9,-1.2640712149377769e-9
1.861,-1.621396835228463e-9,-1.2453675954772186e-9
1.862,-1.5953058006013233e-9,-1.2269400665112713e-9
1.863,-1.569642224044837e-9,-1.2087845807904844e-9
1.864,-1.5443989722011908e-9,-1.1908971495158824e-9
1.865,-1.5195690329975931e-9,-1.1732738415194805e-9
1.866,-1.4951455135451563e-9,-1.1559107824556171e-9
1.867,-1.4711216380748548e-9,-1.1388041540029837e-9
1.868,-1.4474907459098993e-9,-1.1219501930772284e-9
1.869,-1.4242462894738678e-9,-1.1053451910540068e-9
1.87,-1.4013818323339528e-9,-1.088985493002362e-9
1.871,-1.3788910472786975e-9,-1.0728674969283108e-9
1.872,-1.3567677144295968e-9,-1.0569876530285175e-9
1.873,-1.33500571938596e-9,-1.0413424629539336e-9
1.874,-1.313599051402435e-9,-1.0259284790832902e-9
1.875,-1.292541801598614e-9,-1.0107423038063205e-9
1.876,-1.2718281612001382e-9,-9.957805888165998e-10
1.877,-1.2514524198107434e-9,-9.810400344138884e-10
1.878,-1.2314089637146912e-9,-9.665173888158587e-10
1.879,-1.2116922742090365e-9,-9.522094474791e-10
1.88,-1.1922969259652068e-9,-9.381130524292826e-10
1.881,-1.1732175854193592e-9,-9.242250916003743e-10
1.882,-1.154449009191006e-9,-9.105424981827978e-10
1.883,-1.135986042529403e-9,-8.97062249980418e-10
1.884,-1.1178236177872017e-9,-8.837813687762548e-10
1.885,-1.09995675292088e-9,-8.706969197068104e-10
1.886,-1.082380550017473e-9,-8.578060106449081e-10
1.887,-1.0650901938471342e-9,-8.451057915909351e-10
1.888,-1.0480809504410635e-9,-8.325934540723862e-10
1.889,-1.0313481656943546e-9,-8.202662305516058e-10
1.89,-1.014887263993311e-9,-8.081213938416242e-10
1.891,-9.986937468667988e-10,-7.961562565299899e-10
1.892,-9.827631916612053e-10,-7.843681704104944e-10
1.893,-9.67091250238583e-10,-7.727545259226932e-10
1.894,-9.516736476975676e-10,-7.613127515991232e-10
1.895,-9.365061811166606e-10,-7.5004031352012e-10
1.896,-9.215847183194831e-10,-7.389347147761386e-10
1.897,-9.069051966616047e-10,-7.279934949374831e-10
1.898,-8.924636218385674e-10,-7.172142295313492e-10
1.899,-8.782560667147253e-10,-7.065945295260894e-10
1.9,-8.642786701725313e-10,-6.961320408226056e-10
1.901,-8.505276359819046e-10,-6.858244437527797e-10
1.902,-8.369992316893268e-10,-6.756694525848511e-10
1.903,-8.236897875263101e-10,-6.656648150356524e-10
1.904,-8.105956953368998e-10,-6.558083117896137e-10
1.905,-7.977134075238672e-10,-6.460977560244499e-10
1.906,-7.850394360132655e-10,-6.365309929434428e-10
1.907,-7.725703512370209e-10,-6.271058993142334e-10
1.908,-7.603027811332389e-10,-6.178203830140395e-10
1.909,-7.482334101639128e-10,-6.086723825812152e-10
1.91,-7.363589783497243e-10,-5.99659866773069e-10
1.911,-7.246762803216349e-10,-5.907808341298599e-10
1.912,-7.131821643889692e-10,-5.820333125448884e-10
1.913,-7.01873531623699e-10,-5.734153588406057e-10
1.914,-6.907473349606412e-10,-5.649250583506585e-10
1.915,-6.798005783132874e-10,-5.565605245077933e-10
1.916,-6.690303157049892e-10,-5.483198984375431e-10
1.917,-6.584336504152262e-10,-5.40201348557619e-10
1.918,-6.480077341406933e-10,-5.322030701829318e-10
1.919,-6.377497661709408e-10,-5.243232851361686e-10
1.92,-6.276569925783139e-10,-5.165602413638511e-10
1.921,-6.17726705421937e-10,-5.089122125578028e-10
1.922,-6.079562419654953e-10,-5.013774977819518e-10
1.923,-5.983429839085711e-10,-4.939544211044e-10
1.924,-5.888843566312935e-10,-4.866413312346862e-10
1.925,-5.795778284520681e-10,-4.794366011661756e-10
1.926,-5.704209098981561e-10,-4.723386278235047e-10
1.927,-5.614111529888759e-10,-4.653458317150167e-10
1.928,-5.52546150531204e-10,-4.584566565901169e-10
1.929,-5.438235354275585e-10,-4.516695691014849e-10
1.93,-5.352409799955481e-10,-4.4498305847207574e-10
1.931,-5.267961952994791e-10,-4.383956361668474e-10
1.932,-5.1848693049341e-10,-4.319058355691487e-10
1.933,-5.103109721755538e-10,-4.2551221166170647e-10
1.934,-5.022661437538253e-10,-4.1921334071214764e-10
1.935,-4.943503048223399e-10,-4.130078199629969e-10
1.936,-4.865613505486703e-10,-4.0689426732608705e-10
1.937,-4.788972110716716e-10,-4.00871321081323e-10
1.938,-4.713558509096897e-10,-3.9493763957974036e-10
1.939,-4.6393526837897206e-10,-3.8909190095079927e-10
1.94,-4.566334950220973e-10,-3.83332802813856e-10
1.941,-4.494485950462541e-10,-3.7765906199375495e-10
1.942,-4.4237866477119075e-10,-3.7206941424048547e-10
1.943,-4.3542183208666946e-10,-3.665626139528462e-10
1.944,-4.285762559192573e-10,-3.6113743390606336e-10
1.945,-4.2184012570828994e-10,-3.5579266498330817e-10
1.946,-4.1521166089084856e-10,-3.505271159110595e-10
1.947,-4.086891103955908e-10,-3.453396129982589e-10
1.948,-4.022707521452817e-10,-3.4022899987920626e-10
1.949,-3.9595489256787145e-10,-3.351941372601435e-10
1.95,-3.897398661159713e-10,-3.3023390266947635e-10
1.951,-3.8362403479458e-10,-3.2534719021158294e-10
1.952,-3.7760578769691666e-10,-3.2053291032416047e-10
1.953,-3.7168354054821876e-10,-3.157899895390603e-10
1.954,-3.658557352573653e-10,-3.111173702465628e-10
1.955,-3.6012083947618887e-10,-3.0651401046304556e-10
1.956,-3.5447734616634277e-10,-3.0197888360199577e-10
1.957,-3.4892377317359e-10,-2.975109782483222e-10
1.958,-3.434586628093861e-10,-2.931092979359191e-10
1.959,-3.380805814396271e-10,-2.887728609284386e-10
1.96,-3.3278811908043913e-10,-2.8450070000322447e-10
1.961,-3.2757988900088545e-10,-2.8029186223836546e-10
1.962,-3.224545273324713e-10,-2.761454088028229e-10
1.963,-3.1741069268532747e-10,-2.7206041474959043e-10
1.964,-3.1244706577095704e-10,-2.68035968811843e-10
1.965,-3.075623490314302e-10,-2.640711732020334e-10
1.966,-3.02755266274915e-10,-2.601651434138951e-10
1.967,-2.9802456231743444e-10,-2.5631700802731017e-10
1.968,-2.933690026307407e-10,-2.525259085160027e-10
1.969,-2.8878737299620075e-10,-2.4879099905801704e-10
1.97,-2.842784791645886e-10,-2.451114463489426e-10
1.971,-2.7984114652168117e-10,-2.4148642941784624e-10
1.972,-2.754742197595578e-10,-2.3791513944587337e-10
1.973,-2.711765625535035e-10,-2.3439677958748137e-10
1.974,-2.66947057244419e-10,-2.3093056479426716e-10
1.975,-2.627846045266419e-10,-2.275157216413527e-10
1.976,-2.586881231410854e-10,-2.2415148815629203e-10
1.977,-2.546565495736016e-10,-2.2083711365046456e-10
1.978,-2.506888377584795e-10,-2.1757185855291893e-10
1.979,-2.467839587869885e-10,-2.14354994246633e-10
1.98,-2.4294090062087936e-10,-2.1118580290715566e-10
1.981,-2.3915866781075804e-10,-2.0806357734359663e-10
1.982,-2.354362812192463e-10,-2.0498762084193082e-10
1.983,-2.3177277774884802e-10,-2.0195724701058464e-10
1.984,-2.2816721007443786e-10,-1.989717796282715e-10
1.985,-2.2461864638029438e-10,-1.9603055249404456e-10
1.986,-2.2112617010159713e-10,-1.931329092795354e-10
1.987,-2.176888796703117e-10,-1.9027820338334718e-10
1.988,-2.1430588826538633e-10,-1.8746579778757169e-10
1.989,-2.1097632356718594e-10,-1.8469506491639994e-10
1.99,-2.076993275160899e-10,-1.819653864967966e-10
1.991,-2.0447405607518232e-10,-1.792761534212085e-10
1.992,-2.0129967899696344e-10,-1.7662676561227834e-10
1.993,-1.9817537959401335e-10,-1.740166318895349e-10
1.994,-1.9510035451353946e-10,-1.7144516983803142e-10
1.995,-1.9207381351574092e-10,-1.6891180567890426e-10
1.996,-1.8909497925592423e-10,-1.664159741418244e-10
1.997,-1.861630870703051e-10,-1.6395711833931458e-10
1.998,-1.8327738476543342e-10,-1.6153468964290527e-10
1.999,-1.804371324111787e-10,-1.5914814756110332e-10
2.0,-1.776416021372147e-10,-1.5679695961914694e-10
2.001,-1.7489007793294298e-10,-1.5448060124052158e-10
2.002,-1.7218185545079646e-10,-1.521985556302114e-10
2.003,-1.695162418128643e-10,-1.499503136596612e-10
2.004,-1.6689255542078175e-10,-1.477353737534243e-10
2.005,-1.6431012576882797e-10,-1.455532417774721e-10
2.006,-1.6176829326017756e-10,-1.4340343092914163e-10
2.007,-1.592664090262507e-10,-1.4128546162869686e-10
2.008,-1.5680383474910967e-10,-1.3919886141248122e-10
2.009,-1.543799424868485e-10,-1.3714316482763778e-10
2.01,-1.5199411450192518e-10,-1.3511791332837506e-10
2.011,-1.4964574309238527e-10,-1.3312265517375548e-10
2.012,-1.473342304259279e-10,-1.3115694532698512e-10
2.013,-1.4505898837676484e-10,-1.292203453561826e-10
2.014,-1.4281943836522532e-10,-1.2731242333660596e-10
2.015,-1.4061501120005913e-10,-1.254327537543163e-10
2.016,-1.3844514692339206e-10,-1.2358091741125756e-10
2.017,-1.3630929465828792e-10,-1.217565013317318e-10
2.018,-1.3420691245887293e-10,-1.1995909867024977e-10
2.019,-1.3213746716297832e-10,-1.181883086207369e-10
2.02,-1.3010043424725817e-10,-1.1644373632707515e-10
2.021,-1.2809529768474013e-10,-1.1472499279496102e-10
2.022,-1.261215498047674e-10,-1.130316948050611e-10
2.023,-1.2417869115529117e-10,-1.1136346482744588e-10
2.024,-1.2226623036747327e-10,-1.0971993093728358e-10
2.025,-1.203836840225596e-10,-1.0810072673177551e-10
2.026,-1.1853057652098567e-10,-1.0650549124831502e-10
2.027,-1.167064399536758e-10,-1.0493386888385218e-10
2.028,-1.1491081397549909e-10,-1.0338550931544675e-10
2.029,-1.1314324568084479e-10,-1.0186006742199202e-10
2.03,-1.1140328948128137e-10,-1.0035720320709269e-10
2.031,-1.0969050698526348e-10,-9.887658172307967e-11
2.032,-1.0800446687985203e-10,-9.74178729961456e-11
2.033,-1.063447448144131e-10,-9.598075195258456e-11
2.034,-1.0471092328626182e-10,-9.456489834611976e-11
2.035,-1.0310259152821837e-10,-9.316999668630374e-11
2.036,-1.0151934539804325e-10,-9.1795736167975e-11
2.037,-9.996078726971996e-11,-9.0441810601756e-11
2.038,-9.842652592655391e-11,-8.9107918345577e-11
2.039,-9.691617645605616e-11,-8.779376223721109e-11
2.04,-9.542936014658206e-11,-8.64990495278055e-11
2.041,-9.396570438569487e-11,-8.522349181639447e-11
2.042,-9.252484256022497e-11,-8.396680498537973e-11
2.043,-9.110641395799585e-11,-8.272870913696396e-11
2.044,-8.97100636711887e-11,-8.150892853052381e-11
2.045,-8.83354425013177e-11,-8.030719152090827e-11
2.046,-8.698220686578871e-11,-7.912323049764915e-11
2.047,-8.565001870601439e-11,-7.795678182507023e-11
2.048,-8.433854539705962e-11,-7.680758578328193e-11
2.049,-8.30474596587909e-11,-7.567538651004846e-11
2.05,-8.177643946850461e-11,-7.455993194351482e-11
2.051,-8.052516797500884e-11,-7.34609737657809e-11
2.052,-7.929333341413419e-11,-7.23782673473104e-11
2.053,-7.808062902564949e-11,-7.131157169216223e-11
2.054,-7.688675297155849e-11,-7.026064938403225e-11
2.055,-7.571140825575427e-11,-6.922526653309387e-11
2.056,-7.455430264500829e-11,-6.820519272362513e-11
2.057,-7.341514859127164e-11,-6.720020096241134e-11
2.058,-7.229366315526625e-11,-6.621006762791155e-11
2.059,-7.118956793134414e-11,-6.523457242017775e-11
2.06,-7.010258897359354e-11,-6.427349831151562e-11
2.061,-6.903245672317059e-11,-6.332663149787614e-11
2.062,-6.797890593683602e-11,-6.23937613509672e-11
2.063,-6.694167561667649e-11,-6.147468037107456e-11
2.064,-6.592050894099057e-11,-6.056918414058194e-11
2.065,-6.491515319631968e-11,-5.967707127817962e-11
2.066,-6.392535971060478e-11,-5.879814339375187e-11
2.067,-6.295088378744969e-11,-5.7932205043932855e-11
2.068,-6.199148464147258e-11,-5.7079063688321306e-11
2.069,-6.104692533472706e-11,-5.623852964634429e-11
2.07,-6.011697271417509e-11,-5.541041605476049e-11
2.071,-5.920139735019381e-11,-5.4594538825793603e-11
2.072,-5.829997347609903e-11,-5.3790716605886523e-11
2.073,-5.7412478928668146e-11,-5.2998770735067206e-11
2.074,-5.653869508964583e-11,-5.221852520691721e-11
2.075,-5.567840682821575e-11,-5.1449806629134004e-11
2.076,-5.483140244442229e-11,-5.069244418467829e-11
2.077,-5.399747361352616e-11,-4.994626959349776e-11
2.078,-5.317641533127832e-11,-4.921111707481871e-11
2.079,-5.236802586009667e-11,-4.8486823309997205e-11
2.08,-5.157210667613042e-11,-4.7773227405921517e-11
2.081,-5.078846241719728e-11,-4.7070170858957673e-11
2.082,-5.001690083157874e-11,-4.6377497519430155e-11
2.083,-4.9257232727659015e-11,-4.569505355662979e-11
2.084,-4.8509271924393717e-11,-4.502268742434112e-11
2.085,-4.777283520259407e-11,-4.436024982688149e-11
2.086,-4.704774225701317e-11,-4.3707593685644384e-11
2.087,-4.6333815649220796e-11,-4.30645741061395e-11
2.088,-4.5630880761253625e-11,-4.243104834552228e-11
2.089,-4.493876575002774e-11,-4.1806875780605576e-11
2.09,-4.4257301502500794e-11,-4.1191917876346455e-11
2.091,-4.358632159157126e-11,-4.058603815480098e-11
2.092,-4.292566223270235e-11,-3.998910216454013e-11
2.093,-4.2275162241258606e-11,-3.940097745052009e-11
2.094,-4.1634662990543167e-11,-3.8821533524400036e-11
2.095,-4.1004008370524034e-11,-3.825064183530092e-11
2.096,-4.0383044747237794e-11,-3.7688175740998746e-11
2.097,-3.977162092285951e-11,-3.713401047954579e-11
2.098,-3.9169588096427675e-11,-3.658802314131356e-11
2.099,-3.857679982521321e-11,-3.605009264145116e-11
2.1,-3.799311198672187e-11,-3.552009969275297e-11
2.101,-3.7418382741319376e-11,-3.4997926778929546e-11
2.102,-3.685247249546903e-11,-3.44834581282758e-11
2.103,-3.629524386557141e-11,-3.397657968773055e-11
2.104,-3.5746561642396294e-11,-3.347717909732164e-11
2.105,-3.520629275609683e-11,-3.2985145664990976e-11
2.106,-3.467430624179631e-11,-3.250037034179376e-11
2.107,-3.415047320573796e-11,-3.202274569746647e-11
2.108,-3.363466679198843e-11,-3.155216589635802e-11
2.109,-3.312676214968573e-11,-3.108852667371884e-11
2.11,-3.2626636400822565e-11,-3.0631725312342484e-11
2.111,-3.2134168608556155e-11,-3.018166061955453e-11
2.112,-3.1649239746035825e-11,-2.9738232904543693e-11
2.113,-3.1171732665739674e-11,-2.930134395603004e-11
2.114,-3.070153206931198e-11,-2.8870897020265282e-11
2.115,-3.023852447789289e-11,-2.844679677936028e-11
2.116,-2.978259820293234e-11,-2.8028949329934842e-11
2.117,-2.93336433174801e-11,-2.7617262162085088e-11
2.118,-2.889155162794402e-11,-2.721164413866364e-11
2.119,-2.845621664630878e-11,-2.6812005474868014e-11
2.12,-2.802753356280746e-11,-2.6418257718132607e-11
2.121,-2.760539921903839e-11,-2.6030313728319824e-11
2.122,-2.7189712081519997e-11,-2.564808765820587e-11
2.123,-2.6780372215676267e-11,-2.527149493425683e-11
2.124,-2.637728126024578e-11,-2.4900452237690764e-11
2.125,-2.598034240210726e-11,-2.4534877485821523e-11
2.126,-2.5589460351514767e-11,-2.4174689813680134e-11
2.127,-2.52045413177357e-11,-2.3819809555909643e-11
2.128,-2.4825492985085018e-11,-2.347015822892931e-11
2.129,-2.4452224489349072e-11,-2.3125658513364198e-11
2.13,-2.4084646394592604e-11,-2.2786234236736196e-11
2.131,-2.3722670670342616e-11,-2.245181035641261e-11
2.132,-2.3366210669142838e-11,-2.2122312942808452e-11
2.133,-2.30151811044727e-11,-2.1797669162838698e-11
2.134,-2.2669498029024765e-11,-2.1477807263616826e-11
2.135,-2.2329078813334717e-11,-2.1162656556395872e-11
2.136,-2.199384212475809e-11,-2.0852147400748527e-11
2.137,-2.166370790678797e-11,-2.054621118898264e-11
2.138,-2.133859735870814e-11,-2.024478033078862e-11
2.139,-2.1018432915576007e-11,-1.9947788238115396e-11
2.14,-2.0703138228529975e-11,-1.965516931027136e-11
2.141,-2.0392638145415887e-11,-1.9366858919247158e-11
2.142,-2.008685869172724e-11,-1.908279339525683e-11
2.143,-1.9785727051854055e-11,-1.880291001249421e-11
2.144,-1.948917155063529e-11,-1.8527146975101286e-11
2.145,-1.9197121635209813e-11,-1.8255443403345416e-11
2.146,-1.8909507857160994e-11,-1.7987739320002275e-11
2.147,-1.862626185495011e-11,-1.7723975636941488e-11
2.148,-1.834731633663382e-11,-1.7464094141911915e-11
2.149,-1.8072605062860986e-11,-1.7208037485523634e-11
2.15,-1.7802062830144314e-11,-1.6955749168423693e-11
2.151,-1.753562545440225e-11,-1.670717352866274e-11
2.152,-1.7273229754766713e-11,-1.6462255729249695e-11
2.153,-1.7014813537652284e-11,-1.62209417458917e-11
2.154,-1.6760315581082564e-11,-1.59831783549165e-11
2.155,-1.6509675619269486e-11,-1.5748913121374667e-11
2.156,-1.6262834327441418e-11,-1.5518094387318863e-11
2.157,-1.601973330691598e-11,-1.5290671260257622e-11
2.158,-1.578031507041355e-11,-1.506659360178095e-11
2.159,-1.554452302760753e-11,-1.4845812016355285e-11
2.16,-1.531230147090749e-11,-1.4628277840285198e-11
2.161,-1.508359556147134e-11,-1.4413943130839452e-11
2.162,-1.4858351315442834e-11,-1.4202760655538875e-11
2.163,-1.463651559041065e-11,-1.3994683881603729e-11
2.164,-1.4418036072085479e-11,-1.3789666965558125e-11
2.165,-1.420286126119151e-11,-1.3587664742989204e-11
2.166,-1.3990940460568825e-11,-1.3388632718458735e-11
2.167,-1.378222376248324e-11,-1.3192527055564896e-11
2.168,-1.3576662036140218e-11,-1.2999304567151982e-11
2.169,-1.3374206915399483e-11,-1.2808922705665837e-11
2.17,-1.3174810786687103e-11,-1.2621339553652856e-11
2.171,-1.2978426777101762e-11,-1.2436513814400399e-11
2.172,-1.2785008742712091e-11,-1.2254404802716525e-11
2.173,-1.259451125704191e-11,-1.2074972435846976e-11
2.174,-1.240688959974033e-11,-1.1898177224527343e-11
2.175,-1.2222099745433685e-11,-1.1723980264168421e-11
2.176,-1.2040098352756337e-11,-1.1552343226172777e-11
2.177,-1.1860842753557423e-11,-1.1383228349380548e-11
2.178,-1.1684290942280691e-11,-1.1216598431642573e-11
2.179,-1.1510401565514595e-11,-1.1052416821518941e-11
2.18,-1.1339133911709857e-11,-1.0890647410101106e-11
2.181,-1.1170447901061805e-11,-1.0731254622955707e-11
2.182,-1.1004304075554758e-11,-1.0574203412188301e-11
2.183,-1.084066358916587e-11,-1.041945924862522e-11
2.184,-1.0679488198225766e-11,-1.026698811411176e-11
2.185,-1.0520740251933506e-11,-1.0116756493925029e-11
2.186,-1.0364382683023288e-11,-9.968731369299684e-12
2.187,-1.021037899858046e-11,-9.822880210064924e-12
2.188,-1.005869327100441e-11,-9.679170967391046e-12
2.189,-9.909290129115947e-12,-9.537572066643954e-12
2.19,-9.762134749406798e-12,-9.398052400346004e-12
2.191,-9.617192847428956e-12,-9.260581321241606e-12
2.192,-9.474430669321568e-12,-9.125128635466011e-12
2.193,-9.333814983473156e-12,-8.991664595815754e-12
2.194,-9.195313072316953e-12,-8.860159895119249e-12
2.195,-9.05889272425721e-12,-8.730585659706018e-12
2.196,-8.924522225724336e-12,-8.602913442973105e-12
2.197,-8.792170353356793e-12,-8.47711521904722e-12
2.198,-8.661806366307683e-12,-8.353163376541186e-12
2.199,-8.533399998673999e-12,-8.231030712403295e-12
2.2,-8.40692145204657e-12,-8.11069042585816e-12
2.201,-8.282341388178728e-12,-7.992116112437735e-12
2.202,-8.15963092177178e-12,-7.875281758101138e-12
2.203,-8.038761613375387e-12,-7.760161733441953e-12
2.204,-7.919705462401009e-12,-7.646730787981722e-12
2.205,-7.802434900246563e-12,-7.534964044548329e-12
2.206,-7.686922783530497e-12,-7.424836993738017e-12
2.207,-7.573142387433533e-12,-7.316325488459792e-12
2.208,-7.461067399146304e-12,-7.2094057385609795e-12
2.209,-7.35067191142121e-12,-7.10405430553274e-12
2.21,-7.241930416226763e-12,-7.000248097294332e-12
2.211,-7.134817798502814e-12,-6.8979643630549654e-12
2.212,-7.029309330014996e-12,-6.797180688252078e-12
2.213,-6.925380663306798e-12,-6.697874989564904e-12
2.214,-6.823007825747683e-12,-6.6000255100022085e-12
2.215,-6.722167213675719e-12,-6.503610814063083e-12
2.216,-6.622835586633168e-12,-6.408609782969716e-12
2.217,-6.52499006169356e-12,-6.315001609971063e-12
2.218,-6.428608107878769e-12,-6.222765795716355e-12
2.219,-6.333667540664626e-12,-6.131882143697426e-12
2.22,-6.240146516573667e-12,-6.042330755758797e-12
2.221,-6.148023527853588e-12,-5.954092027674549e-12
2.222,-6.057277397240041e-12,-5.8671466447909535e-12
2.223,-5.9678872728024065e-12,-5.781475577733902e-12
2.224,-5.879832622871207e-12,-5.697060078180168e-12
2.225,-5.793093231045855e-12,-5.6138816746915364e-12
2.226,-5.707649191281423e-12,-5.531922168610877e-12
2.227,-5.6234809030531934e-12,-5.451163630019238e-12
2.228,-5.540569066597706e-12,-5.371588393753041e-12
2.229,-5.458894678229098e-12,-5.2931790554804885e-12
2.23,-5.378439025729515e-12,-5.21591846783631e-12
2.231,-5.299183683812397e-12,-5.1397897366139536e-12
2.232,-5.221110509657487e-12,-5.064776217014396e-12
2.233,-5.144201638516388e-12,-4.990861509950705e-12
2.234,-5.068439479387555e-12,-4.918029458407536e-12
2.235,-4.9938067107595904e-12,-4.846264143854739e-12
2.236,-4.920286276421763e-12,-4.775549882714268e-12
2.237,-4.847861381340659e-12,-4.7058712228796125e-12
2.238,-4.776515487601907e-12,-4.637212940286945e-12
2.239,-4.706232310415946e-12,-4.569560035537231e-12
2.24,-4.636995814186785e-12,-4.502897730568546e-12
2.241,-4.568790208642771e-12,-4.4372114653778335e-12
2.242,-4.501599945028355e-12,-4.37248689479138e-12
2.243,-4.435409712355878e-12,-4.308709885283285e-12
2.244,-4.370204433716436e-12,-4.245866511841196e-12
2.245,-4.30596926264885e-12,-4.183943054878622e-12
2.246,-4.242689579565829e-12,-4.122925997193113e-12
2.247,-4.180350988236412e-12,-4.0628020209696444e-12
2.248,-4.118939312323772e-12,-4.00355800482851e-12
2.249,-4.0584405919775215e-12,-3.945181020917075e-12
2.25,-3.99884108047962e-12,-3.887658332044735e-12
2.251,-3.9401272409430554e-12,-3.8309773888604314e-12
2.252,-3.882285743062429e-12,-3.7751258270720926e-12
2.253,-3.825303459915637e-12,-3.720091464707377e-12
2.254,-3.76916746481582e-12,-3.6658622994151e-12
2.255,-3.713865028212775e-12,-3.6124265058067455e-12
2.256,-3.659383614643059e-12,-3.559772432837456e-12
2.257,-3.6057108797279807e-12,-3.5078886012259208e-12
2.258,-3.55283466721874e-12,-3.4567637009125765e-12
2.259,-3.500743006087948e-12,-3.406386588555557e-12
2.26,-3.449424107666795e-12,-3.3567462850638235e-12
2.261,-3.398866362827136e-12,-3.3078319731669257e-12
2.262,-3.3490583392077803e-12,-3.259632995020844e-12
2.263,-3.299988778484277e-12,-3.2121388498493835e-12
2.264,-3.2516465936815084e-12,-3.1653391916205783e-12
2.265,-3.2040208665284047e-12,-3.1192238267575996e-12
2.266,-3.157100844854114e-12,-3.0737827118836384e-12
2.267,-3.1108759400249634e-12,-3.0290059516002713e-12
2.268,-3.0653357244215668e-12,-2.9848837962987976e-12
2.269,-3.0204699289554342e-12,-2.9414066400040697e-12
2.27,-2.9762684406244636e-12,-2.898565018250322e-12
2.271,-2.9327213001066865e-12,-2.856349605988527e-12
2.272,-2.8898186993916676e-12,-2.814751215524814e-12
2.273,-2.847550979448958e-12,-2.7737607944894748e-12
2.274,-2.805908627933007e-12,-2.7333694238361146e-12
2.275,-2.7648822769239655e-12,-2.693568315870494e-12
2.276,-2.7244627007037997e-12,-2.6543488123086168e-12
2.277,-2.68464081356716e-12,-2.615702382363633e-12
2.278,-2.6454076676664534e-12,-2.5776206208611283e-12
2.279,-2.606754450890575e-12,-2.5400952463823738e-12
2.28,-2.5686724847767676e-12,-2.5031180994351225e-12
2.281,-2.5311532224550775e-12,-2.4666811406515416e-12
2.282,-2.4941882466249e-12,-2.4307764490128797e-12
2.283,-2.4577692675630957e-12,-2.3953962201004637e-12
2.284,-2.421888121163185e-12,-2.360532764372643e-12
2.285,-2.386536767005121e-12,-2.326178505467289e-12
2.286,-2.3517072864551666e-12,-2.2923259785294685e-12
2.287,-2.3173918807953877e-12,-2.258967828563922e-12
2.288,-2.283582869382303e-12,-2.2260968088119746e-12
2.289,-2.250272687834223e-12,-2.193705779152512e-12
2.29,-2.217453886246829e-12,-2.1617877045266737e-12
2.291,-2.185119127436539e-12,-2.130335653385898e-12
2.292,-2.1532611852112304e-12,-2.0993427961629852e-12
2.293,-2.1218729426678753e-12,-2.0688024037658213e-12
2.294,-2.090947390516675e-12,-2.038707846093439e-12
2.295,-2.060477625431267e-12,-2.0090525905740767e-12
2.296,-2.030456848424592e-12,-1.9798302007249052e-12
2.297,-2.0008783632500263e-12,-1.95103433473311e-12
2.298,-1.9717355748273637e-12,-1.9226587440580017e-12
2.299,-1.94302198769327e-12,-1.8946972720538472e-12
2.3,-1.9147312044758175e-12,-1.8671438526131103e-12
2.301,-1.886856924392716e-12,-1.839992508829801e-12
2.302,-1.859392941772874e-12,-1.8132373516826358e-12
2.303,-1.832333144600918e-12,-1.7868725787377044e-12
2.304,-1.8056715130843074e-12,-1.7608924728703696e-12
2.305,-1.7794021182426902e-12,-1.7352914010060982e-12
2.306,-1.7535191205191496e-12,-1.710063812879951e-12
2.307,-1.7280167684129959e-12,-1.6852042398144517e-12
2.308,-1.7028893971337631e-12,-1.6607072935155605e-12
2.309,-1.6781314272760796e-12,-1.6365676648864858e-12
2.31,-1.6537373635150801e-12,-1.612780122859065e-12
2.311,-1.6297017933220399e-12,-1.5893395132424581e-12
2.312,-1.6060193856999093e-12,-1.566240757588892e-12
2.313,-1.5826848899384389e-12,-1.5434788520762055e-12
2.314,-1.559693134388584e-12,-1.521048866406943e-12
2.315,-1.5370390252558885e-12,-1.4989459427237535e-12
2.316,-1.5147175454125478e-12,-1.4771652945408482e-12
2.317,-1.492723753227857e-12,-1.4557022056912841e-12
2.318,-1.4710527814167561e-12,-1.4345520292898327e-12
2.319,-1.4496998359061909e-12,-1.4137101867112055e-12
2.32,-1.4286601947190035e-12,-1.3931721665834076e-12
2.321,-1.4079292068750828e-12,-1.3729335237959939e-12
2.322,-1.387502291309502e-12,-1.3529898785230067e-12
2.323,-1.367374935807376e-12,-1.3333369152603763e-12
2.324,-1.3475426959551784e-12,-1.313970381877572e-12
2.325,-1.3280011941082565e-12,-1.2948860886832866e-12
2.326,-1.3087461183742959e-12,-1.2760799075049537e-12
2.327,-1.2897732216124772e-12,-1.257547770781883e-12
2.328,-1.2710783204480868e-12,-1.2392856706718207e-12
2.329,-1.2526572943023336e-12,-1.2212896581707269e-12
2.33,-1.2345060844371367e-12,-1.203555842245582e-12
2.331,-1.2166206930146475e-12,-1.1860803889800207e-12
2.332,-1.198997182171279e-12,-1.1688595207326102e-12
2.333,-1.1816316731060107e-12,-1.1518895153075778e-12
2.334,-1.1645203451827485e-12,-1.1351667051378113e-12
2.335,-1.1476594350465202e-12,-1.1186874764799403e-12
2.336,-1.1310452357532882e-12,-1.102448268621329e-12
2.337,-1.1146740959131674e-12,-1.0864455730987948e-12
2.338,-1.0985424188468404e-12,-1.0706759329288845e-12
2.339,-1.082646661754959e-12,-1.055135941849535e-12
2.34,-1.0669833349003364e-12,-1.039822243572947e-12
2.341,-1.051549000802722e-12,-1.0247315310495102e-12
2.342,-1.0363402734459697e-12,-1.0098605457426096e-12
2.343,-1.0213538174974012e-12,-9.952060769141585e-13
2.344,-1.0065863475391758e-12,-9.807649609206919e-13
2.345,-9.920346273114799e-13,-9.6653408051987e-13
2.346,-9.77695468967351e-13,-9.525103641872321e-13
2.347,-9.63565732338953e-13,-9.38690785443052e-13
2.348,-9.496423242151303e-13,-9.250723621891444e-13
2.349,-9.359221976300546e-13,-9.116521560554725e-13
2.35,-9.224023511628034e-13,-8.984272717564156e-13
2.351,-9.090798282476897e-13,-8.853948564565484e-13
2.352,-8.959517164951819e-13,-8.725520991457952e-13
2.353,-8.830151470232457e-13,-8.598962300238173e-13
2.354,-8.702672937989471e-13,-8.474245198934968e-13
2.355,-8.577053729901564e-13,-8.351342795633842e-13
2.356,-8.453266423271955e-13,-8.230228592589734e-13
2.357,-8.331284004742746e-13,-8.110876480426753e-13
2.358,-8.211079864105655e-13,-7.993260732423614e-13
2.359,-8.092627788207619e-13,-7.877355998883483e-13
2.36,-7.975901954949785e-13,-7.763137301587001e-13
2.361,-7.86087692737845e-13,-7.650580028327231e-13
2.362,-7.747527647866502e-13,-7.539659927525341e-13
2.363,-7.635829432383985e-13,-7.430353102925795e-13
2.364,-7.525757964856363e-13,-7.322636008369903e-13
2.365,-7.417289291609164e-13,-7.216485442646537e-13
2.366,-7.310399815897626e-13,-7.111878544418905e-13
2.367,-7.205066292520053e-13,-7.008792787226219e-13
2.368,-7.101265822513565e-13,-6.907205974559171e-13
2.369,-6.998975847930971e-13,-6.807096235008124e-13
2.37,-6.898174146697497e-13,-6.708442017482914e-13
2.371,-6.798838827546156e-13,-6.611222086503237e-13
2.372,-6.700948325030502e-13,-6.515415517558548e-13
2.373,-6.604481394613601e-13,-6.421001692536454e-13
2.374,-6.509417107832022e-13,-6.327960295218584e-13
2.375,-6.415734847533696e-13,-6.236271306842935e-13
2.376,-6.323414303188477e-13,-6.14591500173171e-13
2.377,-6.232435466270314e-13,-6.056871942983678e-13
2.378,-6.14277862570989e-13,-5.969122978230097e-13
2.379,-6.054424363416657e-13,-5.882649235453262e-13
2.38,-5.967353549869193e-13,-5.797432118866751e-13
2.381,-5.881547339772815e-13,-5.713453304856448e-13
2.382,-5.796987167783412e-13,-5.630694737981455e-13
2.383,-5.713654744296477e-13,-5.549138627033989e-13
2.384,-5.631532051300325e-13,-5.468767441157411e-13
2.385,-5.550601338292504e-13,-5.389563906021506e-13
2.386,-5.470845118258431e-13,-5.311511000054181e-13
2.387,-5.392246163711281e-13,-5.234591950728738e-13
2.388,-5.314787502792191e-13,-5.158790230905897e-13
2.389,-5.238452415429837e-13,-5.084089555229776e-13
2.39,-5.163224429558483e-13,-5.010473876576995e-13
2.391,-5.089087317393586e-13,-4.937927382558152e-13
2.392,-5.01602509176407e-13,-4.866434492070885e-13
2.393,-4.944022002500406e-13,-4.795979851903738e-13
2.394,-4.873062532877623e-13,-4.726548333390105e-13
2.395,-4.803131396112408e-13,-4.658125029111499e-13
2.396,-4.734213531913465e-13,-4.590695249649416e-13
2.397,-4.666294103084312e-13,-4.5242445203850675e-13
2.398,-4.599358492177694e-13,-4.4587585783462985e-13
2.399,-4.5333922982008404e-13,-4.394223369100958e-13
2.4,-4.4683813333707556e-13,-4.330625043696062e-13
2.401,-4.4043116199188026e-13,-4.2679499556420565e-13
2.402,-4.3411693869437946e-13,-4.2061846579415243e-13
2.403,-4.2789410673128614e-13,-4.1453159001616645e-13
2.404,-4.2176132946093523e-13,-4.085330625549911e-13
2.405,-4.1571729001270527e-13,-4.0262159681920405e-13
2.406,-4.0976069099099966e-13,-3.9679592502121514e-13
2.407,-4.038902541837185e-13,-3.910547979013884e-13
2.408,-3.9810472027515044e-13,-3.853969844562282e-13
2.409,-3.924028485632182e-13,-3.7982127167056887e-13
2.41,-3.867834166810095e-13,-3.743264642537084e-13
2.411,-3.812452203225283e-13,-3.6891138437942826e-13
2.412,-3.757870729726013e-13,-3.635748714298423e-13
2.413,-3.704078056408761e-13,-3.58315781743017e-13
2.414,-3.6510626659984756e-13,-3.53132988364308e-13
2.415,-3.5988132112685127e-13,-3.480253808013582e-13
2.416,-3.547318512499627e-13,-3.429918647827027e-13
2.417,-3.496567554977427e-13,-3.3803136201992763e-13
2.418,-3.446549486527694e-13,-3.3314280997333046e-13
2.419,-3.397253615088992e-13,-3.283251616210293e-13
2.42,-3.3486694063219963e-13,-3.2357738523147133e-13
2.421,-3.300786481254974e-13,-3.1889846413928937e-13
2.422,-3.2535946139648616e-13,-3.142873965244568e-13
2.423,-3.2070837292934037e-13,-3.0974319519469353e-13
2.424,-3.161243900597799e-13,-3.05264887371073e-13
2.425,-3.1160653475353453e-13,-3.008515144767847e-13
2.426,-3.071538433881541e-13,-2.9650213192900433e-13
2.427,-3.0276536653811514e-13,-2.922158089338266e-13
2.428,-2.98440168763172e-13,-2.8799162828421465e-13
2.429,-2.9417732839990365e-13,-2.8382868616092203e-13
2.43,-2.899759373564068e-13,-2.7972609193634327e-13
2.431,-2.858351009100874e-13,-2.7568296798124966e-13
2.432,-2.8175393750850363e-13,-2.7169844947436747e-13
2.433,-2.7773157857321236e-13,-2.677716842147572e-13
2.434,-2.737671683065747e-13,-2.639018324369521e-13
2.435,-2.6985986350147454e-13,-2.600880666288145e-13
2.436,-2.6600883335390574e-13,-2.56329571352072e-13
2.437,-2.6221325927838397e-13,-2.526255430654909e-13
2.438,-2.584723347261406e-13,-2.4897518995065087e-13
2.439,-2.5478526500605566e-13,-2.4537773174028037e-13
2.44,-2.511512671082881e-13,-2.418323995491161e-13
2.441,-2.4756956953056227e-13,-2.3833843570724897e-13
2.442,-2.440394121070703e-13,-2.3489509359591937e-13
2.443,-2.4056004583994993e-13,-2.315016374857268e-13
2.444,-2.371307327332992e-13,-2.2815734237721667e-13
2.445,-2.337507456296885e-13,-2.2486149384381083e-13
2.446,-2.304193680491326e-13,-2.2161338787704554e-13
2.447,-2.27135894030485e-13,-2.1841233073408442e-13
2.448,-2.238996279752172e-13,-2.152576387874718e-13
2.449,-2.2070988449354722e-13,-2.1214863837709355e-13
2.45,-2.1756598825288126e-13,-2.090846656643134e-13
2.451,-2.1446727382853298e-13,-2.060650664882518e-13
2.452,-2.1141308555668654e-13,-2.030891962241765e-13
2.453,-2.0840277738956822e-13,-2.0015641964397315e-13
2.454,-2.0543571275279378e-13,-1.9726611077866555e-13
2.455,-2.025112644048581e-13,-1.9441765278295511e-13
2.456,-1.9962881429873463e-13,-1.9161043780175e-13
2.457,-1.9678775344555236e-13,-1.8884386683865447e-13
2.458,-1.9398748178031903e-13,-1.8611734962638924e-13
2.459,-1.912274080296591e-13,-1.8343030449911507e-13
2.46,-1.8850694958153625e-13,-1.8078215826663074e-13
2.461,-1.8582553235692992e-13,-1.7817234609041849e-13
2.462,-1.831825906834363e-13,-1.7560031136150903e-13
2.463,-1.805775671707646e-13,-1.7306550558013983e-13
2.464,-1.7800991258809972e-13,-1.7056738823717994e-13
2.465,-1.754790857433031e-13,-1.6810542669729552e-13
2.466,-1.7298455336392364e-13,-1.656790960838301e-13
2.467,-1.705257899799915e-13,-1.6328787916537474e-13
2.468,-1.6810227780856733e-13,-1.6093126624400274e-13
2.469,-1.657135066400207e-13,-1.5860875504514483e-13
2.47,-1.6335897372601133e-13,-1.563198506090801e-13
2.471,-1.6103818366914708e-13,-1.540640651840195e-13
2.472,-1.5875064831429376e-13,-1.51840918120758e-13
2.473,-1.564958866415112e-13,-1.496499357688723e-13
2.474,-1.542734246605912e-13,-1.4749065137444163e-13
2.475,-1.5208279530717333e-13,-1.4536260497926912e-13
2.476,-1.499235383404139e-13,-1.4326534332158112e-13
2.477,-1.4779520024218552e-13,-1.4119841973818365e-13
2.478,-1.456973341177834e-13,-1.3916139406805365e-13
2.479,-1.4362949959811576e-13,-1.3715383255734428e-13
2.48,-1.415912627433561e-13,-1.3517530776578358e-13
2.481,-1.3958219594803477e-13,-1.332253984744456e-13
2.482,-1.376018778475486e-13,-1.313036895948742e-13
2.483,-1.356498932260666e-13,-1.2940977207953916e-13
2.484,-1.3372583292581102e-13,-1.275432428336055e-13
2.485,-1.318292937576927e-13,-1.2570370462799609e-13
2.486,-1.299598784132804e-13,-1.2389076601372912e-13
2.487,-1.28117195378084e-13,-1.2210404123751125e-13
2.488,-1.263008588461314e-13,-1.203431501585679e-13
2.489,-1.2451048863581993e-13,-1.1860771816669303e-13
2.49,-1.2274571010702269e-13,-1.168973761014997e-13
2.491,-1.2100615407943138e-13,-1.1521176017285435e-13
2.492,-1.192914567521162e-13,-1.1355051188247711e-13
2.493,-1.176012596242852e-13,-1.1191327794669092e-13
2.494,-1.159352094172243e-13,-1.1029971022030282e-13
2.495,-1.142929579974008e-13,-1.0870946562160048e-13
2.496,-1.1267416230071231e-13,-1.0714220605844773e-13
2.497,-1.1107848425786414e-13,-1.0559759835546281e-13
2.498,-1.095055907208579e-13,-1.0407531418226357e-13
2.499,-1.0795515339057483e-13,-1.0257502998276374e-13
2.5,-1.0642684874543697e-13,-1.0109642690550499e-13
2.501,-1.0492035797113044e-13,-9.963919073500931e-14
2.502,-1.0343536689137428e-13,-9.820301182413703e-14
2.503,-1.0197156589971944e-13,-9.678758502743544e-14
2.504,-1.005286498923624e-13,-9.539260963546342e-14
2.505,-9.910631820195786e-14,-9.401778931007802e-14
2.506,-9.770427453241587e-14,-9.266283202066851e-14
2.507,-9.632222689466818e-14,-9.132744998132413e-14
2.508,-9.495988754338945e-14,-9.00113595889219e-14
2.509,-9.361697291465894e-14,-8.87142813621207e-14
2.51,-9.229320356454847e-14,-8.743593988124867e-14
2.511,-9.098830410862271e-14,-8.617606372907034e-14
2.512,-8.970200316233814e-14,-8.493438543242108e-14
2.513,-8.843403328232704e-14,-8.371064140469565e-14
2.514,-8.718413090855347e-14,-8.250457188917862e-14
2.515,-8.595203630732778e-14,-8.131592090320415e-14
2.516,-8.473749351516706e-14,-8.014443618313291e-14
2.517,-8.354025028348855e-14,-7.89898691301343e-14
2.518,-8.236005802412383e-14,-7.785197475676196e-14
2.519,-8.119667175564106e-14,-7.673051163431094e-14
2.52,-8.00498500504635e-14,-7.562524184094532e-14
2.521,-7.89193549827721e-14,-7.453593091058437e-14
2.522,-7.780495207718057e-14,-7.346234778253686e-14
2.523,-7.67064102581712e-14,-7.240426475187185e-14
2.524,-7.56235018002801e-14,-7.136145742051565e-14
2.525,-7.455600227902061e-14,-7.033370464906394e-14
2.526,-7.350369052253376e-14,-6.932078850929877e-14
2.527,-7.246634856395491e-14,-6.832249423739998e-14
2.528,-7.144376159448591e-14,-6.733861018784079e-14
2.529,-7.043571791716197e-14,-6.63689277879578e-14
2.53,-6.944200890130317e-14,-6.54132414931851e-14
2.531,-6.846242893764003e-14,-6.447134874294294e-14
2.532,-6.749677539410329e-14,-6.354304991717153e-14
2.533,-6.654484857226772e-14,-6.262814829350013e-14
2.534,-6.56064516644404e-14,-6.172645000504234e-14
2.535,-6.468139071138367e-14,-6.083776399880844e-14
2.536,-6.376947456066328e-14,-5.996190199472549e-14
2.537,-6.287051482561242e-14,-5.909867844525657e-14
2.538,-6.198432584490232e-14,-5.824791049561011e-14
2.539,-6.111072464271054e-14,-5.740941794453079e-14
2.54,-6.024953088947778e-14,-5.658302320566348e-14
2.541,-5.940056686324456e-14,-5.576855126948172e-14
2.542,-5.8563657411559e-14,-5.4965829665772545e-14
2.543,-5.773862991394735e-14,-5.41746884266695e-14
2.544,-5.692531424493852e-14,-5.3394960050225704e-14
2.545,-5.612354273763476e-14,-5.2626479464519155e-14
2.546,-5.5333150147819966e-14,-5.186908399228241e-14
2.547,-5.4553973618597727e-14,-5.112261331604894e-14
2.548,-5.3785852645551314e-14,-5.0386909443808653e-14
2.549,-5.302862904241758e-14,-4.966181667516503e-14
2.55,-5.228214690726725e-14,-4.8947181567986546e-14
2.551,-5.154625258918411e-14,-4.8242852905545224e-14
2.552,-5.08207946554354e-14,-4.754868166413498e-14
2.553,-5.0105623859126387e-14,-4.686452098116295e-14
2.554,-4.9400593107331617e-14,-4.6190226123706694e-14
2.555,-4.870555742969599e-14,-4.552565445753053e-14
2.556,-4.8020373947498425e-14,-4.487066541655426e-14
2.557,-4.73449018431714e-14,-4.422512047276764e-14
2.558,-4.667900233026943e-14,-4.3588883106584057e-14
2.559,-4.6022538623879886e-14,-4.2961818777627016e-14
2.56,-4.5375375911469565e-14,-4.2343794895943053e-14
2.561,-4.473738132416044e-14,-4.173468079363482e-14
2.562,-4.4108423908428257e-14,-4.1134347696908234e-14
2.563,-4.34883745982177e-14,-4.054266869852759e-14
2.564,-4.287710618746788e-14,-3.9959518730672644e-14
2.565,-4.2274493303042007e-14,-3.938477453819182e-14
2.566,-4.168041237805537e-14,-3.881831465224572e-14
2.567,-4.109474162559555e-14,-3.826001936433518e-14
2.568,-4.0517361012829014e-14,-3.770977070070832e-14
2.569,-3.994815223548859e-14,-3.7167452397140984e-14
2.57,-3.93869986927358e-14,-3.6632949874085073e-14
2.571,-3.8833785462392786e-14,-3.610615021217948e-14
2.572,-3.8288399276538117e-14,-3.558694212811819e-14
2.573,-3.775072849746124e-14,-3.507521595087048e-14
2.574,-3.7220663093970075e-14,-3.457086359824783e-14
2.575,-3.6698094618046695e-14,-3.4073778553812763e-14
2.576,-3.618291618184573e-14,-3.3583855844124304e-14
2.577,-3.5675022435030567e-14,-3.31009920163154e-14
2.578,-3.517430954244218e-14,-3.262508511599721e-14
2.579,-3.468067516209582e-14,-3.215603466548569e-14
2.58,-3.4194018423500526e-14,-3.169374164234558e-14
2.581,-3.371423990629681e-14,-3.123810845824723e-14
2.582,-3.324124161920766e-14,-3.0789038938131744e-14
2.583,-3.277492697929839e-14,-3.03464382996798e-14
2.584,-3.231520079154051e-14,-2.991021313307974e-14
2.585,-3.1861969228675386e-14,-2.948027138109071e-14
2.586,-3.141513981137299e-14,-2.905652231939622e-14
2.587,-3.097462138868159e-14,-2.863887653724423e-14
2.588,-3.0540324118763805e-14,-2.8227245918369273e-14
2.589,-3.0112159449915123e-14,-2.782154362219265e-14
2.59,-2.9690040101860355e-14,-2.742168406529663e-14
2.591,-2.927388004732411e-14,-2.702758290316855e-14
2.592,-2.886359449387122e-14,-2.663915701221096e-14
2.593,-2.845909986601301e-14,-2.625632447201388e-14
2.594,-2.806031378757558e-14,-2.587900454788535e-14
2.595,-2.7667155064326216e-14,-2.5507117673636478e-14
2.596,-2.7279543666854007e-14,-2.514058543461728e-14
2.597,-2.6897400713701033e-14,-2.4779330550999643e-14
2.598,-2.6520648454740346e-14,-2.442327686130381e-14
2.599,-2.61492102547971e-14,-2.407234930616477e-14
2.6,-2.5783010577509247e-14,-2.3726473912335154e-14
2.601,-2.5421974969424258e-14,-2.338557777692104e-14
2.602,-2.5066030044328353e-14,-2.30495890518474e-14
2.603,-2.4715103467804844e-14,-2.271843692854972e-14
2.604,-2.436912394201817e-14,-2.239205162288858e-14
2.605,-2.4028021190720297e-14,-2.207036436028385e-14
2.606,-2.3691725944476208e-14,-2.175330736106536e-14
2.607,-2.336016992610525e-14,-2.1440813826036837e-14
2.608,-2.3033285836335112e-14,-2.1132817922250044e-14
2.609,-2.271100733966535e-14,-2.082925476898596e-14
2.61,-2.2393269050437325e-14,-2.0530060423940083e-14
2.611,-2.2080006519107512e-14,-2.0235171869608792e-14
2.612,-2.1771156218721204e-14,-1.994452699987388e-14
2.613,-2.146665553158361e-14,-1.9658064606782326e-14
2.614,-2.1166442736125478e-14,-1.937572436751848e-14
2.615,-2.0870456993960355e-14,-1.9097446831565847e-14
2.616,-2.0578638337130637e-14,-1.8823173408055692e-14
2.617,-2.029092765553968e-14,-1.855284635329974e-14
2.618,-2.0007266684567156e-14,-1.8286408758504282e-14
2.619,-1.9727597992865017e-14,-1.802380453766306e-14
2.62,-1.945186497033136e-14,-1.776497841562626e-14
2.621,-1.9180011816259623e-14,-1.7509875916343124e-14
2.622,-1.8911983527660443e-14,-1.7258443351275586e-14
2.623,-1.8647725887753736e-14,-1.701062780798044e-14
2.624,-1.838718545462842e-14,-1.6766377138857622e-14
2.625,-1.8130309550067312e-14,-1.6525639950062122e-14
2.626,-1.7877046248534838e-14,-1.6288365590577192e-14
2.627,-1.7627344366325063e-14,-1.6054504141446454e-14
2.628,-1.7381153450867753e-14,-1.5824006405162603e-14
2.629,-1.713842377019011e-14,-1.5596823895210445e-14
2.63,-1.68991063025319e-14,-1.5372908825761974e-14
2.631,-1.666315272611171e-14,-1.515221410152129e-14
2.632,-1.6430515409042136e-14,-1.493469330771717e-14
2.633,-1.620114739939165e-14,-1.4720300700241173e-14
2.634,-1.5975002415391092e-14,-1.4508991195929056e-14
2.635,-1.5752034835782537e-14,-1.4300720362983544e-14
2.636,-1.5532199690308556e-14,-1.4095444411536276e-14
2.637,-1.531545265033974e-14,-1.389312018434696e-14
2.638,-1.5101750019638466e-14,-1.3693705147637726e-14
2.639,-1.4891048725256932e-14,-1.3497157382060688e-14
2.64,-1.4683306308567454e-14,-1.3303435573796782e-14
2.641,-1.447848091642311e-14,-1.3112499005783977e-14
2.642,-1.4276531292446792e-14,-1.2924307549072946e-14
2.643,-1.4077416768446807e-14,-1.2738821654308361e-14
2.644,-1.3881097255957136e-14,-1.2556002343333975e-14
2.645,-1.3687533237900575e-14,-1.2375811200919678e-14
2.646,-1.3496685760372885e-14,-1.219821036660875e-14
2.647,-1.3308516424546235e-14,-1.2023162526683573e-14
2.648,-1.3122987378690158e-14,-1.1850630906248054e-14
2.649,-1.294006131030831e-14,-1.1680579261425073e-14
2.65,-1.2759701438389314e-14,-1.151297187166727e-14
2.651,-1.2581871505770045e-14,-1.1347773532179527e-14
2.652,-1.2406535771609685e-14,-1.1184949546451511e-14
2.653,-1.2233659003972932e-14,-1.1024465718898673e-14
2.654,-1.2063206472520772e-14,-1.0866288347610128e-14
2.655,-1.1895143941307219e-14,-1.0710384217201852e-14
2.656,-1.1729437661680483e-14,-1.0556720591773662e-14
2.657,-1.1566054365287049e-14,-1.0405265207968488e-14
2.658,-1.1404961257177126e-14,-1.0255986268132393e-14
2.659,-1.1246126009010015e-14,-1.010885243357394e-14
2.66,-1.1089516752357915e-14,-9.963832817921409e-15
2.661,-1.0935102072106732e-14,-9.820896980576462e-15
2.662,-1.0782850999952471e-14,-9.680014920262837e-15
2.663,-1.0632733007991814e-14,-9.541157068668705e-15
2.664,-1.0484718002405495e-14,-9.40429428418131e-15
2.665,-1.0338776317233136e-14,-9.269397845712543e-15
2.666,-1.0194878708238187e-14,-9.136439446614157e-15
2.667,-1.0052996346861661e-14,-9.005391188681273e-15
2.668,-9.91310081426336e-15,-8.876225576242932e-15
2.669,-9.775164095449322e-15,-8.748915510338393e-15
2.67,-9.639158573484229e-15,-8.623434282977954e-15
2.671,-9.505057023787517e-15,-8.499755571487047e-15
2.672,-9.372832608511987e-15,-8.377853432932407e-15
2.673,-9.242458871003699e-15,-8.257702298629106e-15
2.674,-9.113909730341966e-15,-8.139276968727297e-15
2.675,-8.987159475958279e-15,-8.022552606877478e-15
2.676,-8.862182762333002e-15,-7.907504734973166e-15
2.677,-8.738954603768723e-15,-7.79410922796982e-15
2.678,-8.617450369239106e-15,-7.682342308778933e-15
2.679,-8.497645777312191e-15,-7.572180543236187e-15
2.68,-8.379516891146997e-15,-7.463600835142574e-15
2.681,-8.263040113562424e-15,-7.356580421377471e-15
2.682,-8.148192182177331e-15,-7.25109686708256e-15
2.683,-8.034950164620814e-15,-7.147128060915608e-15
2.684,-7.923291453811621e-15,-7.04465221037308e-15
2.685,-7.813193763305702e-15,-6.943647837180562e-15
2.686,-7.704635122710916e-15,-6.844093772750038e-15
2.687,-7.597593873167901e-15,-6.745969153703031e-15
2.688,-7.492048662896155e-15,-6.6492534174586506e-15
2.689,-7.387978442804355e-15,-6.553926297885606e-15
2.69,-7.285362462164016e-15,-6.45996782101726e-15
2.691,-7.184180264345525e-15,-6.36735830082879e-15
2.692,-7.0844116826156734e-15,-6.2760783350755756e-15
2.693,-6.986036835995782e-15,-6.186108801191898e-15
2.694,-6.8890361251795285e-15,-6.0974308522490985e-15
2.695,-6.793390228509617e-15,-6.010025912972309e-15
2.696,-6.699080098012431e-15,-5.923875675814917e-15
2.697,-6.606086955489836e-15,-5.838962097089928e-15
2.698,-6.514392288667272e-15,-5.755267393157376e-15
2.699,-6.4239778473973486e-15,-5.672774036667002e-15
2.7,-6.334825639918121e-15,-5.5914647528553636e-15
2.701,-6.246917929165249e-15,-5.5113225158966044e-15
2.702,-6.160237229137261e-15,-5.4323305453060965e-15
2.703,-6.074766301313147e-15,-5.354472302396191e-15
2.704,-5.990488151121526e-15,-5.277731486783312e-15
2.705,-5.9073860244606336e-15,-5.202092032945657e-15
2.706,-5.8254434042683856e-15,-5.12753810683076e-15
2.707,-5.7446440071418065e-15,-5.054054102512202e-15
2.708,-5.6649717800050865e-15,-4.981624638894739e-15
2.709,-5.586410896825573e-15,-4.9102345564671654e-15
2.71,-5.508945755377001e-15,-4.839868914102202e-15
2.711,-5.432560974049264e-15,-4.770512985902729e-15
2.712,-5.357241388704066e-15,-4.7021522580936976e-15
2.713,-5.282972049575774e-15,-4.6347724259590495e-15
2.714,-5.209738218216831e-15,-4.568359390822993e-15
2.715,-5.137525364487061e-15,-4.50289925707499e-15
2.716,-5.066319163586254e-15,-4.43837832923782e-15
2.717,-4.99610549312938e-15,-4.374783109078098e-15
2.718,-4.9268704302638324e-15,-4.312100292758626e-15
2.719,-4.858600248828077e-15,-4.250316768031966e-15
2.72,-4.79128141655112e-15,-4.189419611474652e-15
2.721,-4.724900592292183e-15,-4.1293960857614286e-15
2.722,-4.6594446233200306e-15,-4.070233636978958e-15
2.723,-4.594900542631345e-15,-4.0119198919784e-15
2.724,-4.531255566307605e-15,-3.954442655766319e-15
2.725,-4.468497090909902e-15,-3.897789908933353e-15
2.726,-4.406612690911142e-15,-3.841949805120093e-15
2.727,-4.345590116165094e-15,-3.7869106685196375e-15
2.728,-4.285417289411757e-15,-3.732660991416299e-15
2.729,-4.226082303818505e-15,-3.67918943175991e-15
2.73,-4.167573420556509e-15,-3.626484810775246e-15
2.731,-4.109879066411915e-15,-3.5745361106060335e-15
2.732,-4.0529878314312745e-15,-3.5233324719930373e-15
2.733,-3.996888466600738e-15,-3.47286319198576e-15
2.734,-3.9415698815585185e-15,-3.423117721687233e-15
2.735,-3.887021142340141e-15,-3.3740856640314413e-15
2.736,-3.8332314691560166e-15,-3.325756771592897e-15
2.737,-3.780190234200848e-15,-3.2781209444279014e-15
2.738,-3.727886959494443e-15,-3.231168227947033e-15
2.739,-3.676311314753443e-15,-3.1848888108184055e-15
2.74,-3.6254531152935454e-15,-3.1392730229012593e-15
2.741,-3.5753023199617764e-15,-3.0943113332094326e-15
2.742,-3.5258490290983632e-15,-3.0499943479042905e-15
2.743,-3.477083482527797e-15,-3.0063128083166766e-15
2.744,-3.428996057578657e-15,-2.963257588997474e-15
2.745,-3.381577267131779e-15,-2.920819695796351e-15
2.746,-3.33481775769636e-15,-2.8789902639682932e-15
2.747,-3.2887083075135957e-15,-2.8377605563075082e-15
2.748,-3.2432398246874547e-15,-2.797121961308317e-15
2.749,-3.198403345342195e-15,-2.757065991352632e-15
2.75,-3.1541900318062387e-15,-2.7175842809236404e-15
2.751,-3.1105911708220224e-15,-2.6786685848453103e-15
2.752,-3.067598171781451e-15,-2.6403107765473494e-15
2.753,-3.0252025649865833e-15,-2.6025028463552428e-15
2.754,-2.9833959999351863e-15,-2.565236899805008e-15
2.755,-2.9421702436307984e-15,-2.52850515598231e-15
2.756,-2.9015171789169508e-15,-2.49229994588558e-15
2.757,-2.8614288028351936e-15,-2.4566137108127946e-15
2.758,-2.8218972250065894e-15,-2.421439000771568e-15
2.759,-2.7829146660363313e-15,-2.3867684729122203e-15
2.76,-2.7444734559411536e-15,-2.352594889983494e-15
2.761,-2.706566032599207e-15,-2.31891111881058e-15
2.762,-2.669184940222075e-15,-2.285710128795139e-15
2.763,-2.63232282784861e-15,-2.2529849904369994e-15
2.764,-2.5959724478602777e-15,-2.2207288738772087e-15
2.765,-2.5601266545176994e-15,-2.1889350474621384e-15
2.766,-2.5247784025180817e-15,-2.1575968763283337e-15
2.767,-2.489920745573244e-15,-2.1267078210078067e-15
2.768,-2.4555468350079344e-15,-2.0962614360534784e-15
2.769,-2.421649918378151e-15,-2.0662513686844756e-15
2.77,-2.3882233381091763e-15,-2.0366713574509993e-15
2.771,-2.355260530153042e-15,-2.0075152309184735e-15
2.772,-2.3227550226651457e-15,-1.978776906370706e-15
2.773,-2.2907004346997424e-15,-1.9504503885317724e-15
2.774,-2.2590904749240375e-15,-1.922529768306365e-15
2.775,-2.227918940350621e-15,-1.895009221538332e-15
2.776,-2.1971797150879667e-15,-1.867883007787143e-15
2.777,-2.1668667691087523e-15,-1.8411454691220242e-15
2.778,-2.1369741570357275e-15,-1.814791028933508e-15
2.779,-2.1074960169448923e-15,-1.7888141907621414e-15
2.78,-2.0784265691857263e-15,-1.7632095371441074e-15
2.781,-2.0497601152182305e-15,-1.7379717284735117e-15
2.782,-2.0214910364665357e-15,-1.7130955018810992e-15
2.783,-1.9936137931888414e-15,-1.6885756701291542e-15
2.784,-1.9661229233634524e-15,-1.664407120522358e-15
2.785,-1.9390130415906755e-15,-1.6405848138343664e-15
2.786,-1.912278838010358e-15,-1.6171037832498842e-15
2.787,-1.8859150772348337e-15,-1.5939591333220098e-15
2.788,-1.859916597297061e-15,-1.5711460389446302e-15
2.789,-1.8342783086137345e-15,-1.5486597443396468e-15
2.79,-1.8089951929631537e-15,-1.5264955620588193e-15
2.791,-1.784062302477636e-15,-1.5046488720000161e-15
2.792,-1.7594747586502672e-15,-1.48311512043766e-15
2.793,-1.7352277513557866e-15,-1.461889819067167e-15
2.794,-1.711316537885394e-15,-1.4409685440631753e-15
2.795,-1.6877364419952917e-15,-1.4203469351513612e-15
2.796,-1.6644828529687536e-15,-1.400020694693651e-15
2.797,-1.6415512246915353e-15,-1.3799855867866315e-15
2.798,-1.6189370747404277e-15,-1.3602374363729675e-15
2.799,-1.5966359834847705e-15,-1.340772128365641e-15
2.8,-1.574643593200737e-15,-1.3215856067848253e-15
2.801,-1.5529556071982081e-15,-1.3026738739072086e-15
2.802,-1.5315677889600533e-15,-1.2840329894275932e-15
2.803,-1.5104759612936457e-15,-1.2656590696325854e-15
2.804,-1.4896760054944287e-15,-1.2475482865862072e-15
2.805,-1.4691638605213687e-15,-1.2296968673272537e-15
2.806,-1.4489355221841177e-15,-1.212101093078227e-15
2.807,-1.4289870423417227e-15,-1.1947572984656827e-15
2.808,-1.409314528112713e-15,-1.1776618707518167e-15
2.809,-1.3899141410964044e-15,-1.1608112490771375e-15
2.81,-1.3707820966052603e-15,-1.1442019237140581e-15
2.811,-1.3519146629081488e-15,-1.1278304353312539e-15
2.812,-1.3333081604843422e-15,-1.1116933742686257e-15
2.813,-1.3149589612881041e-15,-1.0957873798227206e-15
2.814,-1.2968634880237138e-15,-1.0801091395424546e-15
2.815,-1.2790182134307765e-15,-1.064655388534991e-15
2.816,-1.2614196595796734e-15,-1.0494229087816247e-15
2.817,-1.2440643971770077e-15,-1.0344085284635333e-15
2.818,-1.2269490448809015e-15,-1.019609121297245e-15
2.819,-1.2100702686260038e-15,-1.0050216058796894e-15
2.82,-1.1934247809580717e-15,-9.906429450426876e-16
2.821,-1.177009340377984e-15,-9.764701452167498e-16
2.822,-1.1608207506950593e-15,-9.625002558040424e-16
2.823,-1.1448558603895381e-15,-9.487303685603926e-16
2.824,-1.1291115619841026e-15,-9.35157616986202e-16
2.825,-1.1135847914243041e-15,-9.217791757261379e-16
2.826,-1.0982725274677702e-15,-9.085922599774775e-16
2.827,-1.0831717910820662e-15,-8.955941249069776e-16
2.828,-1.0682796448510882e-15,-8.827820650761497e-16
2.829,-1.053593192389864e-15,-8.701534138748162e-16
2.83,-1.0391095777676454e-15,-8.577055429628298e-16
2.831,-1.0248259849391684e-15,-8.454358617198373e-16
2.832,-1.0107396371839699e-15,-8.333418167029723e-16
2.833,-9.968477965536415e-16,-8.214208911123614e-16
2.834,-9.8314776332691e-16,-8.096706042643319e-16
2.835,-9.696368754724333e-16,-7.980885110722087e-16
2.836,-9.563125081191967e-16,-7.866722015345924e-16
2.837,-9.431720730344086e-16,-7.75419300231009e-16
2.838,-9.30213018108782e-16,-7.643274658248245e-16
2.839,-9.174328268491009e-16,-7.533943905733221e-16
2.84,-9.04829017877965e-16,-7.42617799844835e-16
2.841,-8.92399144440612e-16,-7.319954516428357e-16
2.842,-8.80140793918715e-16,-7.215251361368796e-16
2.843,-8.680515873510574e-16,-7.112046752003054e-16
2.844,-8.561291789609861e-16,-7.010319219545929e-16
2.845,-8.44371255690546e-16,-6.9100476032028425e-16
2.846,-8.327755367412022e-16,-6.811211045743715e-16
2.847,-8.213397731210539e-16,-6.713788989140597e-16
2.848,-8.100617471984499e-16,-6.617761170268111e-16
2.849,-7.989392722619117e-16,-6.523107616665814e-16
2.85,-7.879701920862773e-16,-6.429808642361574e-16
2.851,-7.77152380504975e-16,-6.337844843755101e-16
2.852,-7.664837409883404e-16,-6.247197095560729e-16
2.853,-7.559622062278912e-16,-6.157846546808636e-16
2.854,-7.455857377264742e-16,-6.069774616903621e-16
2.855,-7.353523253942015e-16,-5.982962991740629e-16
2.856,-7.252599871500924e-16,-5.897393619876205e-16
2.857,-7.153067685293422e-16,-5.813048708755053e-16
2.858,-7.054907422961343e-16,-5.72991072099093e-16
2.859,-6.958100080619201e-16,-5.647962370701059e-16
2.86,-6.862626919090867e-16,-5.567186619893328e-16
2.861,-6.768469460199372e-16,-5.487566674905472e-16
2.862,-6.675609483109065e-16,-5.4090859828955205e-16
2.863,-6.584029020719395e-16,-5.331728228382755e-16
2.864,-6.493710356109578e-16,-5.255477329838454e-16
2.865,-6.404636019033429e-16,-5.180317436325693e-16
2.866,-6.316788782463629e-16,-5.106232924187519e-16
2.867,-6.230151659184756e-16,-5.033208393782774e-16
2.868,-6.144707898434349e-16,-4.9612286662689e-16
2.869,-6.060440982591364e-16,-4.890278780431029e-16
2.87,-5.977334623911302e-16,-4.820343989556717e-16
2.871,-5.89537276130739e-16,-4.751409758355629e-16
2.872,-5.814539557177132e-16,-4.683461759923567e-16
2.873,-5.734819394273596e-16,-4.616485872750155e-16
2.874,-5.656196872620797e-16,-4.550468177769598e-16
2.875,-5.578656806472562e-16,-4.485394955453866e-16
2.876,-5.502184221314241e-16,-4.4212526829476825e-16
2.877,-5.42676435090667e-16,-4.3580280312447574e-16
2.878,-5.352382634371781e-16,-4.2957078624046164e-16
2.879,-5.279024713319267e-16,-4.234279226809479e-16
2.88,-5.206676429013722e-16,-4.173729360460595e-16
2.881,-5.135323819581679e-16,-4.114045682313469e-16
2.882,-5.064953117257982e-16,-4.0552157916514115e-16
2.883,-4.995550745670934e-16,-3.9972274654968763e-16
2.884,-4.927103317165667e-16,-3.940068656060018e-16
2.885,-4.859597630165195e-16,-3.8837274882239553e-16
2.886,-4.793020666568621e-16,-3.8281922570661936e-16
2.887,-4.727359589185958e-16,-3.773451425415698e-16
2.888,-4.662601739209054e-16,-3.7194936214450957e-16
2.889,-4.598734633718118e-16,-3.666307636297502e-16
2.89,-4.535745963223308e-16,-3.6138824217474743e-16
2.891,-4.473623589240936e-16,-3.5622070878956006e-16
2.892,-4.412355541903751e-16,-3.5112709008962365e-16
2.893,-4.3519300176048435e-16,-3.461063280717914e-16
2.894,-4.2923353766746913e-16,-3.4115737989359517e-16
2.895,-4.2335601410908723e-16,-3.3627921765568023e-16
2.896,-4.175592992219983e-16,-3.314708281873677e-16
2.897,-4.1184227685913087e-16,-3.2673121283530036e-16
2.898,-4.062038463701794e-16,-3.2205938725512664e-16
2.899,-4.0064292238518687e-16,-3.174543812061792e-16
2.9,-3.9515843460117005e-16,-3.129152383491053e-16
2.901,-3.8974932757174275e-16,-3.0844101604640605e-16
2.902,-3.844145604996966e-16,-3.0403078516584286e-16
2.903,-3.7915310703249573e-16,-2.996836298866697e-16
2.904,-3.739639550606454e-16,-2.953986475086503e-16
2.905,-3.688461065188929e-16,-2.911749482638206e-16
2.906,-3.637985771902217e-16,-2.8701165513095663e-16
2.907,-3.588203965125983e-16,-2.8290790365270853e-16
2.908,-3.5391060738843333e-16,-2.78862841755363e-16
2.909,-3.490682659967189e-16,-2.7487562957119606e-16
2.91,-3.4429244160780317e-16,-2.709454392633782e-16
2.911,-3.395822164007665e-16,-2.670714548533962e-16
2.912,-3.3493668528336064e-16,-2.632528720509549e-16
2.913,-3.303549557144762e-16,-2.5948889808632255e-16
2.914,-3.2583614752910156e-16,-2.55778751545086e-16
2.915,-3.2137939276573886e-16,-2.5212166220527963e-16
2.916,-3.169838354962417e-16,-2.4851687087685466e-16
2.917,-3.1264863165804063e-16,-2.449636292434548e-16
2.918,-3.0837294888872255e-16,-2.4146119970646527e-16
2.919,-3.041559663629313e-16,-2.380088552313022e-16
2.92,-2.999968746315553e-16,-2.3460587919591027e-16
2.921,-2.9589487546317176e-16,-2.31251565241437e-16
2.922,-2.9184918168771416e-16,-2.2794521712505196e-16
2.923,-2.878590170423321e-16,-2.246861485748804e-16
2.924,-2.839236160194126e-16,-2.2147368314702027e-16
2.925,-2.8004222371673246e-16,-2.1830715408461398e-16
2.926,-2.7621409568971116e-16,-2.1518590417894324e-16
2.927,-2.7243849780573504e-16,-2.1210928563252e-16
2.928,-2.6871470610052326e-16,-2.0907665992414328e-16
2.929,-2.6504200663650703e-16,-2.0608739767589425e-16
2.93,-2.6141969536319355e-16,-2.0314087852204148e-16
2.931,-2.5784707797948625e-16,-2.0023649097982904e-16
2.932,-2.5432346979793444e-16,-1.9737363232212008e-16
2.933,-2.5084819561088477e-16,-1.9455170845186939e-16
2.934,-2.4742058955850766e-16,-1.9177013377839863e-16
2.935,-2.4403999499867227e-16,-1.8902833109544814e-16
2.936,-2.4070576437864394e-16,-1.863257314609799e-16
2.937,-2.374172591085786e-16,-1.836617740787065e-16
2.938,-2.341738494367888e-16,-1.8103590618132086e-16
2.939,-2.3097491432675537e-16,-1.784475829154031e-16
2.94,-2.278198413358623e-16,-1.7589626722797938e-16
2.941,-2.2470802649582796e-16,-1.7338142975470968e-16
2.942,-2.2163887419481105e-16,-1.7090254870968096e-16
2.943,-2.1861179706116564e-16,-1.6845910977678228e-16
2.944,-2.1562621584882398e-16,-1.6605060600263954e-16
2.945,-2.126815593242826e-16,-1.6367653769108717e-16
2.946,-2.0977726415517e-16,-1.6133641229915454e-16
2.947,-2.0691277480037336e-16,-1.590297443345459e-16
2.948,-2.0408754340170233e-16,-1.5675605525459142e-16
2.949,-2.0130102967706828e-16,-1.5451487336664908e-16
2.95,-1.985527008151575e-16,-1.5230573372993605e-16
2.951,-1.9584203137157788e-16,-1.50128178058769e-16
2.952,-1.9316850316645732e-16,-1.4798175462719345e-16
2.953,-1.9053160518347457e-16,-1.4586601817498158e-16
2.954,-1.8793083347030153e-16,-1.4378052981497952e-16
2.955,-1.8536569104043733e-16,-1.4172485694178405e-16
2.956,-1.8283568777641498e-16,-1.3969857314173025e-16
2.957,-1.8034034033436064e-16,-1.3770125810417057e-16
2.958,-1.7787917204988713e-16,-1.3573249753402725e-16
2.959,-1.7545171284530227e-16,-1.337918830655997e-16
2.96,-1.7305749913811427e-16,-1.3187901217760856e-16
2.961,-1.706960737508151e-16,-1.29993488109459e-16
2.962,-1.6836698582192464e-16,-1.2813491977870526e-16
2.963,-1.6606979071827745e-16,-1.263029216996999e-16
2.964,-1.638040499485347e-16,-1.244971139034098e-16
2.965,-1.6156933107790415e-16,-1.2271712185838306e-16
2.966,-1.5936520764405127e-16,-1.2096257639284942e-16
2.967,-1.5719125907418445e-16,-1.192331136179387e-16
2.968,-1.5504707060329825e-16,-1.1752837485200043e-16
2.969,-1.529322331935578e-16,-1.1584800654600954e-16
2.97,-1.5084634345480913e-16,-1.1419166021004187e-16
2.971,-1.4878900356619867e-16,-1.125589923408047e-16
2.972,-1.4675982119888729e-16,-1.109496643502066e-16
2.973,-1.447584094398426e-16,-1.0936334249495222e-16
2.974,-1.4278438671669514e-16,-1.0779969780714668e-16
2.975,-1.4083737672364297e-16,-1.0625840602589565e-16
2.976,-1.3891700834839022e-16,-1.0473914752988637e-16
2.977,-1.3702291560010495e-16,-1.0324160727093571e-16
2.978,-1.3515473753838215e-16,-1.0176547470849136e-16
2.979,-1.3331211820319754e-16,-1.0031044374507243e-16
2.98,-1.314947065458386e-16,-9.887621266263603e-17
2.981,-1.2970215636079867e-16,-9.746248405985631e-17
2.982,-1.2793412621862095e-16,-9.606896479030317e-17
2.983,-1.261902793996791e-16,-9.469536590150747e-17
2.984,-1.2447028382888092e-16,-9.334140257490011e-17
2.985,-1.2277381201128248e-16,-9.200679406661237e-17
2.986,-1.2110054096859997e-16,-9.069126364912524e-17
2.987,-1.194501521766064e-16,-8.939453855375541e-17
2.988,-1.178223315034009e-16,-8.8116349913966e-17
2.989,-1.1621676914853843e-16,-8.685643270949008e-17
2.99,-1.1463315958300778e-16,-8.561452571125555e-17
2.991,-1.130712014900459e-16,-8.439037142709949e-17
2.992,-1.1153059770677684e-16,-8.318371604826096e-17
2.993,-1.1001105516666396e-16,-8.199430939664096e-17
2.994,-1.085122848427637e-16,-8.082190487281849e-17
2.995,-1.0703400169176984e-16,-7.96662594048119e-17
2.996,-1.0557592459883715e-16,-7.852713339757485e-17
2.997,-1.0413777632317349e-16,-7.740429068321624e-17
2.998,-1.0271928344438963e-16,-7.629749847193384e-17
2.999,-1.0132017630959613e-16,-7.520652730365125e-17
3.0,-9.994018898123676e-17,-7.413115100034819e-17
3.001,-9.857905918564835e-17,-7.307114661907405e-17
3.002,-9.72365282623366e-17,-7.202629440563503e-17
3.003,-9.591234111395808e-17,-7.099637774894512e-17
3.004,-9.460624615699837e-17,-6.998118313603136e-17
3.005,-9.331799527313668e-17,-6.898050010768402e-17
3.006,-9.204734376128724e-17,-6.799412121474253e-17
3.007,-9.079405029030816e-17,-6.702184197500782e-17
3.008,-8.955787685236818e-17,-6.606346083077227e-17
3.009,-8.833858871696231e-17,-6.511877910695839e-17
3.01,-8.713595438556714e-17,-6.418760096985734e-17
3.011,-8.594974554692691e-17,-6.326973338645885e-17
3.012,-8.477973703296164e-17,-6.236498608436395e-17
3.013,-8.362570677528828e-17,-6.147317151227221e-17
3.014,-8.248743576234675e-17,-6.059410480103512e-17
3.015,-8.136470799712203e-17,-5.97276037252677e-17
3.016,-8.025731045545412e-17,-5.887348866551015e-17
3.017,-7.916503304492768e-17,-5.803158257093159e-17
3.018,-7.808766856433321e-17,-5.720171092256844e-17
3.019,-7.70250126636917e-17,-5.638370169708934e-17
3.02,-7.597686380483499e-17,-5.557738533107935e-17
3.021,-7.4943023222534e-17,-5.478259468583589e-17
3.022,-7.392329488616712e-17,-5.399916501266907e-17
3.023,-7.291748546192144e-17,-5.322693391869911e-17
3.024,-7.192540427551899e-17,-5.2465741333143895e-17
3.025,-7.094686327546104e-17,-5.1715429474089437e-17
3.026,-6.998167699678297e-17,-5.0975842815736414e-17
3.027,-6.902966252531264e-17,-5.024682805611594e-17
3.028,-6.809063946242528e-17,-4.952823408526787e-17
3.029,-6.716442989028791e-17,-4.8819911953874893e-17
3.03,-6.62508583375864e-17,-4.812171484234603e-17
3.031,-6.534975174572856e-17,-4.743349803034293e-17
3.032,-6.446093943551655e-17,-4.675511886674274e-17
3.033,-6.35842530742819e-17,-4.608643674003122e-17
3.034,-6.271952664347705e-17,-4.542731304911993e-17
3.035,-6.186659640671657e-17,-4.4777611174581436e-17
3.036,-6.102530087826221e-17,-4.4137196450296554e-17
3.037,-6.019548079194527e-17,-4.350593613550761e-17
3.038,-5.937697907052038e-17,-4.288369938727204e-17
3.039,-5.856964079544449e-17,-4.227035723331051e-17
3.04,-5.77733131770754e-17,-4.1665782545243924e-17
3.041,-5.69878455252837e-17,-4.106985001221364e-17
3.042,-5.621308922047241e-17,-4.048243611487962e-17
3.043,-5.544889768499887e-17,-3.990341909979085e-17
3.044,-5.469512635499292e-17,-3.933267895412283e-17
3.045,-5.3951632652566065e-17,-3.877009738077689e-17
3.046,-5.321827595840609e-17,-3.821555777383599e-17
3.047,-5.2494917584751807e-17,-3.766894519437211e-17
3.048,-5.178142074874255e-17,-3.7130146346599984e-17
3.049,-5.1077650546137237e-17,-3.659904955437233e-17
3.05,-5.038347392539787e-17,-3.607554473801168e-17
3.051,-4.9698759662132335e-17,-3.555952339147388e-17
3.052,-4.902337833389155e-17,-3.505087855983866e-17
3.053,-4.835720229531595e-17,-3.4549504817122455e-17
3.054,-4.770010565362651e-17,-3.405529824440888e-17
3.055,-4.7051964244455463e-17,-3.35681564082924e-17
3.056,-4.641265560801201e-17,-3.308797833963056e-17
3.057,-4.5782058965578294e-17,-3.261466451260047e-17
3.058,-4.5160055196331104e-17,-3.214811682405511e-17
3.059,-4.4546526814484724e-17,-3.16882385731752e-17
3.06,-4.3941357946750476e-17,-3.123493444141237e-17
3.061,-4.334443431010855e-17,-3.078811047271948e-17
3.062,-4.275564318988772e-17,-3.0347674054063924e-17
3.063,-4.217487341814873e-17,-2.9913533896219954e-17
3.064,-4.1602015352367084e-17,-2.948560001483591e-17
3.065,-4.1036960854411033e-17,-2.9063783711772516e-17
3.066,-4.0479603269810757e-17,-2.864799755670827e-17
3.067,-3.992983740731453e-17,-2.823815536900818e-17
3.068,-3.9387559518728047e-17,-2.783417219985203e-17
3.069,-3.885266727903282e-17,-2.7435964314618437e-17
3.07,-3.8325059766779825e-17,-2.7043449175521078e-17
3.071,-3.7804637444754625e-17,-2.665654542449344e-17
3.072,-3.729130214091006e-17,-2.627517286631855e-17
3.073,-3.6784957029562865e-17,-2.5899252452000157e-17
3.074,-3.6285506612850565e-17,-2.5528706262371937e-17
3.075,-3.579285670244497e-17,-2.5163457491941258e-17
3.076,-3.5306914401518677e-17,-2.4803430432964196e-17
3.077,-3.482758808696116e-17,-2.444855045974847e-17
3.078,-3.43547873918409e-17,-2.4098744013180993e-17
3.079,-3.3888423188110125e-17,-2.375393858547691e-17
3.08,-3.342840756954883e-17,-2.3414062705146834e-17
3.081,-3.297465383494471e-17,-2.307904592217926e-17
3.082,-3.252707647150579e-17,-2.2748818793434993e-17
3.083,-3.20855911385024e-17,-2.2423312868250604e-17
3.084,-3.165011465113544e-17,-2.2102460674247907e-17
3.085,-3.122056496462767e-17,-2.1786195703346475e-17
3.086,-3.0796861158535024e-17,-2.1474452397976342e-17
3.087,-3.0378923421274835e-17,-2.1167166137487955e-17
3.088,-2.996667303486793e-17,-2.086427322475663e-17
3.089,-2.956003235989171e-17,-2.056571087297863e-17
3.09,-2.9158924820641175e-17,-2.0271417192656243e-17
3.091,-2.876327489049513e-17,-1.9981331178768998e-17
3.092,-2.8373008077484597e-17,-1.9695392698128498e-17
3.093,-2.7988050910060675e-17,-1.9413542476914165e-17
3.094,-2.760833092305911e-17,-1.91357220883873e-17
3.095,-2.723377664385882e-17,-1.8861873940780945e-17
3.096,-2.6864317578731618e-17,-1.8591941265362985e-17
3.097,-2.6499884199380594e-17,-1.8325868104670048e-17
3.098,-2.614040792966444e-17,-1.806359930090973e-17
3.099,-2.5785821132505167e-17,-1.7805080484528757e-17
3.1,-2.54360570969767e-17,-1.7550258062944657e-17
3.101,-2.5091050025571783e-17,-1.7299079209438675e-17
3.102,-2.475073502164475e-17,-1.705149185220757e-17
3.103,-2.441504807702772e-17,-1.6807444663572025e-17
3.104,-2.408392605981782e-17,-1.6566887049339434e-17
3.105,-2.3757306702333007e-17,-1.6329769138318876e-17
3.106,-2.3435128589234234e-17,-1.6096041771986038e-17
3.107,-2.3117331145811572e-17,-1.586565649429601e-17
3.108,-2.2803854626432066e-17,-1.563856554164179e-17
3.109,-2.2494640103147045e-17,-1.5414721832956423e-17
3.11,-2.2189629454456722e-17,-1.5194078959956716e-17
3.111,-2.1888765354229827e-17,-1.497659117752651e-17
3.112,-2.1591991260776193e-17,-1.4762213394237507e-17
3.113,-2.1299251406070157e-17,-1.4550901163005666e-17
3.114,-2.1010490785122622e-17,-1.4342610671881268e-17
3.115,-2.0725655145499844e-17,-1.4137298734970665e-17
3.116,-2.0444690976986752e-17,-1.3934922783487933e-17
3.117,-2.0167545501392954e-17,-1.3735440856934445e-17
3.118,-1.9894166662499324e-17,-1.3538811594404644e-17
3.119,-1.962450311614329e-17,-1.3344994226016138e-17
3.12,-1.9358504220440896e-17,-1.3153948564462358e-17
3.121,-1.90961200261437e-17,-1.2965634996686038e-17
3.122,-1.8837301267128685e-17,-1.278001447567177e-17
3.123,-1.858199935101934e-17,-1.2597048512355935e-17
3.124,-1.8330166349936022e-17,-1.241669916765233e-17
3.125,-1.808175499137392e-17,-1.2238929044591833e-17
3.126,-1.7836718649206755e-17,-1.2063701280574483e-17
3.127,-1.7595011334814513e-17,-1.1890979539732345e-17
3.128,-1.7356587688333526e-17,-1.1720728005401603e-17
3.129,-1.7121402970027124e-17,-1.1552911372702281e-17
3.13,-1.688941305177527e-17,-1.1387494841224098e-17
3.131,-1.6660574408681477e-17,-1.1224444107816891e-17
3.132,-1.6434844110795414e-17,-1.1063725359484139e-17
3.133,-1.6212179814949568e-17,-1.0905305266378105e-17
3.134,-1.5992539756708417e-17,-1.0749150974895134e-17
3.135,-1.577588274242853e-17,-1.0595230100869695e-17
3.136,-1.556216814142807e-17,-1.0443510722865712e-17
3.137,-1.5351355878264168e-17,-1.0293961375563846e-17
3.138,-1.514340642511673e-17,-1.014655104324331e-17
3.139,-1.4938280794277105e-17,-1.0001249153356892e-17
3.14,-1.4735940530740256e-17,-9.85802557019783e-18
3.141,-1.4536347704898968e-17,-9.716850588657239e-18
3.142,-1.4339464905338664e-17,-9.577694928070808e-18
3.143,-1.4145255231731447e-17,-9.440529726153441e-18
3.144,-1.3953682287828014e-17,-9.305326533020646e-18
3.145,-1.376471017454606e-17,-9.172057305295377e-18
3.146,-1.3578303483153865e-17,-9.040694400299145e-18
3.147,-1.3394427288547703e-17,-8.911210570326163e-18
3.148,-1.3213047142621837e-17,-8.783578956999367e-18
3.149,-1.3034129067729763e-17,-8.6577730857071e-18
3.15,-1.2857639550235471e-17,-8.533766860119359e-18
3.151,-1.2683545534153475e-17,-8.411534556782405e-18
3.152,-1.2511814414876369e-17,-8.291050819790678e-18
3.153,-1.2342414032988726e-17,-8.172290655534856e-18
3.154,-1.217531266816611e-17,-8.055229427525009e-18
3.155,-1.201047903315806e-17,-7.93984285128774e-18
3.156,-1.1847882267853865e-17,-7.82610698933629e-18
3.157,-1.1687491933429983e-17,-7.713998246212531e-18
3.158,-1.152927800657799e-17,-7.603493363599835e-18
3.159,-1.1373210873811936e-17,-7.494569415505807e-18
3.16,-1.1219261325854003e-17,-7.387203803513874e-18
3.161,-1.1067400552097409e-17,-7.281374252102747e-18
3.162,-1.0917600135145459e-17,-7.177058804032793e-18
3.163,-1.076983204542571e-17,-7.074235815798348e-18
3.164,-1.0624068635878212e-17,-6.972883953145028e-18
3.165,-1.0480282636716788e-17,-6.87298218665113e-18
3.166,-1.033844715026236e-17,-6.774509787372176e-18
3.167,-1.0198535645847315e-17,-6.677446322547715e-18
3.168,-1.0060521954789938e-17,-6.5817716513694854e-18
3.169,-9.924380265437931e-18,-6.487465920810068e-18
3.17,-9.790085118280083e-18,-6.394509561511155e-18
3.171,-9.657611401125123e-18,-6.302883283730588e-18
3.172,-9.526934344346871e-18,-6.21256807334732e-18
3.173,-9.398029516194711e-18,-6.123545187923481e-18
3.174,-9.270872818168549e-18,-6.035796152822722e-18
3.175,-9.145440480457313e-18,-5.9493027573840326e-18
3.176,-9.021709057440152e-18,-5.8640470511502495e-18
3.177,-8.899655423249451e-18,-5.780011340150462e-18
3.178,-8.77925676739481e-18,-5.697178183235544e-18
3.179,-8.660490590447154e-18,-5.615530388466063e-18
3.18,-8.543334699782143e-18,-5.53505100955181e-18
3.181,-8.427767205382054e-18,-5.455723342342205e-18
3.182,-8.313766515695326e-18,-5.377530921366871e-18
3.183,-8.201311333553e-18,-5.300457516425633e-18
3.184,-8.090380652141237e-18,-5.224487129227259e-18
3.185,-7.980953751029148e-18,-5.149603990076227e-18
3.186,-7.873010192251186e-18,-5.07579255460685e-18
3.187,-7.76652981644334e-18,-5.0030375005640576e-18
3.188,-7.661492739032378e-18,-4.9313237246301944e-18
3.189,-7.557879346477432e-18,-4.860636339297156e-18
3.19,-7.455670292563168e-18,-4.790960669783223e-18
3.191,-7.354846494743864e-18,-4.7222822509939575e-18
3.192,-7.255389130537684e-18,-4.6545868245265175e-18
3.193,-7.157279633970434e-18,-4.587860335716791e-18
3.194,-7.060499692068147e-18,-4.522088930728714e-18
3.195,-6.965031241397817e-18,-4.45725895368519e-18
3.196,-6.870856464655594e-18,-4.3933569438399955e-18
3.197,-6.7779577873018286e-18,-4.3303696327901055e-18
3.198,-6.68631787424228e-18,-4.268283941727846e-18
3.199,-6.595919626554872e-18,-4.207086978732316e-18
3.2,-6.5067461782613694e-18,-4.146766036099504e-18
3.201,-6.418780893143346e-18,-4.087308587710562e-18
3.202,-6.332007361601843e-18,-4.028702286437673e-18
3.203,-6.246409397560111e-18,-3.970934961586994e-18
3.204,-6.1619710354088394e-18,-3.9139946163781284e-18
3.205,-6.078676526993299e-18,-3.857869425459617e-18
3.206,-5.996510338641807e-18,-3.80254773245992e-18
3.207,-5.915457148234948e-18,-3.7480180475734025e-18
3.208,-5.835501842315007e-18,-3.6942690451807944e-18
3.209,-5.756629513235023e-18,-3.641289561503669e-18
3.21,-5.678825456346965e-18,-3.5890685922924114e-18
3.211,-5.60207516722845e-18,-3.5375952905472394e-18
3.212,-5.526364338947495e-18,-3.486858964271773e-18
3.213,-5.451678859364775e-18,-3.4368490742587007e-18
3.214,-5.378004808472867e-18,-3.38755523190709e-18
3.215,-5.305328455771976e-18,-3.3389671970708713e-18
3.216,-5.2336362576816325e-18,-3.291074875938069e-18
3.217,-5.162914854987877e-18,-3.2438683189403277e-18
3.218,-5.093151070325431e-18,-3.1973377186923043e-18
3.219,-5.024331905694391e-18,-3.1514734079605024e-18
3.22,-4.9564445400109426e-18,-3.1062658576611217e-18
3.221,-4.889476326691655e-18,-3.0617056748865115e-18
3.222,-4.823414791270877e-18,-3.0177836009598232e-18
3.223,-4.758247629050786e-18,-2.9744905095174484e-18
3.224,-4.693962702783632e-18,-2.931817404618856e-18
3.225,-4.630548040385743e-18,-2.8897554188834314e-18
3.226,-4.567991832682857e-18,-2.848295811653931e-18
3.227,-4.506282431186335e-18,-2.8074299671861776e-18
3.228,-4.445408345899841e-18,-2.7671493928646127e-18
3.229,-4.385358243156076e-18,-2.727445717443344e-18
3.23,-4.3261209434831345e-18,-2.6883106893123207e-18
3.231,-4.267685419500092e-18,-2.6497361747882763e-18
3.232,-4.210040793841415e-18,-2.6117141564300854e-18
3.233,-4.153176337109799e-18,-2.574236731378191e-18
3.234,-4.0970814658570355e-18,-2.537296109717746e-18
3.235,-4.041745740592542e-18,-2.5008846128651456e-18
3.236,-3.9871588638191505e-18,-2.464994671977603e-18
3.237,-3.933310678095797e-18,-2.429618826385447e-18
3.238,-3.880191164126738e-18,-2.394749722046812e-18
3.239,-3.827790438876923e-18,-2.3603801100244075e-18
3.24,-3.776098753713173e-18,-2.3265028449840392e-18
3.241,-3.725106492570802e-18,-2.2931108837145873e-18
3.242,-3.674804170145339e-18,-2.2601972836691188e-18
3.243,-3.625182430109e-18,-2.2277552015268444e-18
3.244,-3.57623204335157e-18,-2.1957778917756153e-18
3.245,-3.527943906245366e-18,-2.1642587053146688e-18
3.246,-3.480309038933944e-18,-2.1331910880773332e-18
3.247,-3.433318583644221e-18,-2.102568579673405e-18
3.248,-3.386963803021699e-18,-2.0723848120509233e-18
3.249,-3.34123607848847e-18,-2.042633508177052e-18
3.25,-3.2961269086236857e-18,-2.0133084807378147e-18
3.251,-3.2516279075661848e-18,-1.9844036308563924e-18
3.252,-3.2077308034389787e-18,-1.955912946829737e-18
3.253,-3.164427436795288e-18,-1.927830502883227e-18
3.254,-3.1217097590858368e-18,-1.9001504579431142e-18
3.255,-3.0795698311471168e-18,-1.8728670544265015e-18
3.256,-3.037999821710325e-18,-1.845974617048608e-18
3.257,-2.996992005930699e-18,-1.8194675516470677e-18
3.258,-2.9565387639369647e-18,-1.793340344023026e-18
3.259,-2.9166325794006238e-18,-1.7675875587987823e-18
3.26,-2.8772660381248045e-18,-1.7422038382917596e-18
3.261,-2.838431826652412e-18,-1.7171839014045484e-18
3.262,-2.8001227308933092e-18,-1.6925225425308112e-18
3.263,-2.7623316347702693e-18,-1.668214630476811e-18
3.264,-2.7250515188834415e-18,-1.6442551073983459e-18
3.265,-2.688275459193076e-18,-1.6206389877528673e-18
3.266,-2.6519966257202586e-18,-1.5973613572665656e-18
3.267,-2.6162082812654036e-18,-1.574417371916209e-18
3.268,-2.5809037801442684e-18,-1.5518022569255252e-18
3.269,-2.5460765669412425e-18,-1.5295113057759187e-18
3.27,-2.511720175279679e-18,-1.507539879231317e-18
3.271,-2.477828226609032e-18,-1.4858834043769463e-18
3.272,-2.444394429008568e-18,-1.4645373736718352e-18
3.273,-2.411412576007429e-18,-1.4434973440148538e-18
3.274,-2.378876545420817e-18,-1.4227589358240898e-18
3.275,-2.3467802982020846e-18,-1.4023178321293764e-18
3.276,-2.315117877310508e-18,-1.3821697776777796e-18
3.277,-2.283883406594531e-18,-1.362310578051864e-18
3.278,-2.2530710896902673e-18,-1.3427360988005506e-18
3.279,-2.222675208935049e-18,-1.3234422645823887e-18
3.28,-2.1926901242958202e-18,-1.3044250583210656e-18
3.281,-2.163110272312169e-18,-1.2856805203729762e-18
3.282,-2.1339301650537923e-18,-1.2672047477066847e-18
3.283,-2.105144389092209e-18,-1.2489938930941024e-18
3.284,-2.076747604486511e-18,-1.231044164313221e-18
3.285,-2.0487345437829684e-18,-1.2133518233622312e-18
3.286,-2.0211000110282993e-18,-1.1959131856848668e-18
3.287,-1.993838880796412e-18,-1.1787246194068118e-18
3.288,-1.966946097228437e-18,-1.1617825445830157e-18
3.289,-1.940416673085872e-18,-1.1450834324557569e-18
3.29,-1.9142456888166467e-18,-1.1286238047233047e-18
3.291,-1.88842829163395e-18,-1.112400232819026e-18
3.292,-1.8629596946076248e-18,-1.0964093372007882e-18
3.293,-1.8378351757679713e-18,-1.0806477866505114e-18
3.294,-1.813050077221783e-18,-1.0651122975837256e-18
3.295,-1.788599804280452e-18,-1.049799633368988e-18
3.296,-1.7644798245999723e-18,-1.0347066036570212e-18
3.297,-1.740685667332685e-18,-1.019830063719434e-18
3.298,-1.7172129222905966e-18,-1.0051669137968858e-18
3.299,-1.6940572391201224e-18,-9.907140984565615e-19
3.3,-1.671214326488086e-18,-9.764686059588228e-19
3.301,-1.648679951278832e-18,-9.624274676329067e-19
3.302,-1.6264499378022925e-18,-9.485877572615383e-19
3.303,-1.6045201670128606e-18,-9.349465904743358e-19
3.304,-1.582886575738922e-18,-9.21501124149877e-19
3.305,-1.561545155922898e-18,-9.082485558263066e-19
3.306,-1.540491953871659e-18,-8.951861231203616e-19
3.307,-1.5197230695171619e-18,-8.82311103154695e-19
3.308,-1.4992346556871745e-18,-8.696208119933777e-19
3.309,-1.4790229173859496e-18,-8.571126040854642e-19
3.31,-1.4590841110847094e-18,-8.447838717165042e-19
3.311,-1.4394145440218088e-18,-8.326320444678895e-19
3.312,-1.420010573512443e-18,-8.206545886839221e-19
3.313,-1.4008686062677716e-18,-8.088490069464937e-19
3.314,-1.3819850977233255e-18,-7.972128375572689e-19
3.315,-1.3633565513765756e-18,-7.857436540272636e-19
3.316,-1.3449795181335333e-18,-7.744390645737145e-19
3.317,-1.3268505956642606e-18,-7.632967116241331e-19
3.318,-1.3089664277671692e-18,-7.523142713274448e-19
3.319,-1.291323703741986e-18,-7.414894530721092e-19
3.32,-1.2739191577712685e-18,-7.308199990111234e-19
3.321,-1.2567495683103521e-18,-7.2030368359381e-19
3.322,-1.2398117574856134e-18,-7.09938313104291e-19
3.323,-1.2231025905009374e-18,-6.997217252065555e-19
3.324,-1.2066189750522756e-18,-6.896517884960239e-19
3.325,-1.1903578607501824e-18,-6.797264020575173e-19
3.326,-1.1743162385502255e-18,-6.699434950295406e-19
3.327,-1.158491140191156e-18,-6.603010261747884e-19
3.328,-1.142879637640739e-18,-6.507969834567866e-19
3.329,-1.1274788425491338e-18,-6.414293836225787e-19
3.33,-1.1122859057097253e-18,-6.32196271791375e-19
3.331,-1.0972980165273017e-18,-6.230957210490753e-19
3.332,-1.0825124024934788e-18,-6.141258320485839e-19
3.333,-1.0679263286692732e-18,-6.052847326158335e-19
3.334,-1.053537097174724e-18,-5.965705773614354e-19
3.335,-1.0393420466854694e-18,-5.879815472978779e-19
3.336,-1.0253385519361812e-18,-5.795158494621912e-19
3.337,-1.0115240232307644e-18,-5.711717165440024e-19
3.338,-9.978959059592287e-19,-5.629474065189031e-19
3.339,-9.844516801211425e-19,-5.548412022870537e-19
3.34,-9.711888598555761e-19,-5.4685141131694935e-19
3.341,-9.581049929774497e-19,-5.389763652942749e-19
3.342,-9.451976605201939e-19,-5.312144197757748e-19
3.343,-9.324644762846412e-19,-5.235639538480665e-19
3.344,-9.199030863940604e-19,-5.160233697913286e-19
3.345,-9.075111688552496e-19,-5.085910927477916e-19
3.346,-8.95286433125607e-19,-5.012655703949646e-19
3.347,-8.832266196860979e-19,-4.940452726235284e-19
3.348,-8.71329499620034e-19,-4.869286912198308e-19
3.349,-8.595928741975907e-19,-4.799143395529164e-19
3.35,-8.4801457446597815e-19,-4.73000752266027e-19
3.351,-8.365924608451954e-19,-4.661864849725083e-19
3.352,-8.253244227292854e-19,-4.594701139560608e-19
3.353,-8.142083780930191e-19,-4.528502358752722e-19
3.354,-8.032422731039338e-19,-4.463254674723692e-19
3.355,-7.9242408173965305e-19,-4.398944452861319e-19
3.356,-7.817518054104136e-19,-4.3355582536890644e-19
3.357,-7.712234725867326e-19,-4.2730828300766152e-19
3.358,-7.6083713843214e-19,-4.2115051244902903e-19
3.359,-7.505908844409115e-19,-4.150812266282722e-19
3.36,-7.404828180807299e-19,-4.0909915690212516e-19
3.361,-7.305110724402105e-19,-4.032030527854495e-19
3.362,-7.206738058812227e-19,-3.9739168169165164e-19
3.363,-7.10969201695942e-19,-3.916638286768089e-19
3.364,-7.013954677685693e-19,-3.860182961874504e-19
3.365,-6.919508362416525e-19,-3.8045390381194105e-19
3.366,-6.826335631869475e-19,-3.74969488035417e-19
3.367,-6.734419282807589e-19,-3.6956390199822133e-19
3.368,-6.643742344836947e-19,-3.642360152577915e-19
3.369,-6.554288077247805e-19,-3.5898471355394715e-19
3.37,-6.466039965898688e-19,-3.538088985775318e-19
3.371,-6.378981720142873e-19,-3.4870748774235875e-19
3.372,-6.293097269796684e-19,-3.436794139604155e-19
3.373,-6.208370762149019e-19,-3.3872362542027913e-19
3.374,-6.124786559011544e-19,-3.3383908536869703e-19
3.375,-6.042329233809014e-19,-3.290247718952883e-19
3.376,-5.960983568709164e-19,-3.2427967772032036e-19
3.377,-5.880734551791629e-19,-3.196028099855178e-19
3.378,-5.801567374255361e-19,-3.149931900478594e-19
3.379,-5.7234674276640235e-19,-3.1044985327632106e-19
3.38,-5.646420301228839e-19,-3.059718488515225e-19
3.381,-5.570411779128386e-19,-3.0155823956823634e-19
3.382,-5.495427837864832e-19,-2.9720810164071823e-19
3.383,-5.421454643656107e-19,-2.9292052451081857e-19
3.384,-5.348478549863548e-19,-2.886946106588353e-19
3.385,-5.276486094454489e-19,-2.8452947541706913e-19
3.386,-5.205463997499367e-19,-2.804242467860423e-19
3.387,-5.135399158702838e-19,-2.763780652533432e-19
3.388,-5.066278654968457e-19,-2.7239008361505874e-19
3.389,-4.998089737996459e-19,-2.6845946679975837e-19
3.39,-4.930819831914191e-19,-2.6458539169499256e-19
3.391,-4.86445653093875e-19,-2.607670469762702e-19
3.392,-4.798987597071384e-19,-2.570036329384793e-19
3.393,-4.734400957823232e-19,-2.5329436132971674e-19
3.394,-4.670684703971964e-19,-2.496384551874914e-19
3.395,-4.607827087348915e-19,-2.4603514867726826e-19
3.396,-4.545816518656275e-19,-2.4248368693331893e-19
3.397,-4.484641565313956e-19,-2.3898332590184617e-19
3.398,-4.424290949335695e-19,-2.3553333218634993e-19
3.399,-4.364753545234035e-19,-2.3213298289520273e-19
3.4,-4.306018377953749e-19,-2.287815654914028e-19
3.401,-4.2480746208333573e-19,-2.2547837764447427e-19
3.402,-4.190911593594327e-19,-2.2222272708448306e-19
3.403,-4.13451876035759e-19,-2.190139314581392e-19
3.404,-4.0788857276870097e-19,-2.1585131818695462e-19
3.405,-4.0240022426594166e-19,-2.1273422432742827e-19
3.406,-3.9698581909608634e-19,-2.0966199643322863e-19
3.407,-3.916443595008739e-19,-2.066339904193457e-19
3.408,-3.8637486120993827e-19,-2.036495714281841e-19
3.409,-3.811763532580861e-19,-2.0070811369756948e-19
3.41,-3.7604787780505586e-19,-1.9780900043064129e-19
3.411,-3.7098848995772424e-19,-1.9495162366760442e-19
3.412,-3.6599725759472775e-19,-1.921353841593137e-19
3.413,-3.6107326119346517e-19,-1.8935969124266459e-19
3.414,-3.5621559365944935e-19,-1.8662396271776493e-19
3.415,-3.5142336015797593e-19,-1.8392762472686145e-19
3.416,-3.4669567794807806e-19,-1.8127011163499672e-19
3.417,-3.420316762187348e-19,-1.786508659123715e-19
3.418,-3.3743049592730385e-19,-1.7606933801838815e-19
3.419,-3.3289128964014774e-19,-1.7352498628735107e-19
3.42,-3.2841322137542295e-19,-1.7101727681580075e-19
3.421,-3.2399546644800404e-19,-1.6854568335145765e-19
3.422,-3.196372113165122e-19,-1.6610968718375346e-19
3.423,-3.153376534324207e-19,-1.637087770359265e-19
3.424,-3.1109600109120793e-19,-1.6134244895865957e-19
3.425,-3.0691147328553133e-19,-1.590102062252374e-19
3.426,-3.0278329956039377e-19,-1.5671155922820302e-19
3.427,-2.9871071987027576e-19,-1.5444602537749058e-19
3.428,-2.946929844382062e-19,-1.5221312900001435e-19
3.429,-2.9072935361674643e-19,-1.5001240124069274e-19
3.43,-2.868190977508596e-19,-1.4784337996488678e-19
3.431,-2.829614970426423e-19,-1.4570560966223315e-19
3.432,-2.7915584141789043e-19,-1.4359864135185156e-19
3.433,-2.754014303944763e-19,-1.4152203248890705e-19
3.434,-2.716975729525115e-19,-1.3947534687250763e-19
3.435,-2.680435874062713e-19,-1.3745815455491855e-19
3.436,-2.644388012778567e-19,-1.3547003175207397e-19
3.437,-2.6088255117257065e-19,-1.3351056075536788e-19
3.438,-2.5737418265598445e-19,-1.315793298447057e-19
3.439,-2.5391305013267253e-19,-1.2967593320279883e-19
3.44,-2.504985167265917e-19,-1.2779997083068402e-19
3.441,-2.4712995416308323e-19,-1.259510484644506e-19
3.442,-2.4380674265247546e-19,-1.2412877749315778e-19
3.443,-2.4052827077526527e-19,-1.2233277487792538e-19
3.444,-2.3729393536885664e-19,-1.205626630721811e-19
3.445,-2.3410314141583547e-19,-1.1881806994304768e-19
3.446,-2.309553019337599e-19,-1.1709862869385417e-19
3.447,-2.2784983786644477e-19,-1.1540397778775443e-19
3.448,-2.247861779767207e-19,-1.1373376087243793e-19
3.449,-2.2176375874064756e-19,-1.1208762670591656e-19
3.45,-2.187820242431621e-19,-1.1046522908337243e-19
3.451,-2.1584042607514075e-19,-1.0886622676505153e-19
3.452,-2.1293842323185827e-19,-1.0729028340518808e-19
3.453,-2.1007548201282297e-19,-1.0573706748194498e-19
3.454,-2.072510759229702e-19,-1.0420625222835599e-19
3.455,-2.0446468557519526e-19,-1.02697515564255e-19
3.456,-2.017157985942078e-19,-1.0121054002917862e-19
3.457,-1.9900390952168965e-19,-9.974501271622798e-20
3.458,-1.9632851972273842e-19,-9.830062520687613e-20
3.459,-1.9368913729357906e-19,-9.687707350670745e-20
3.46,-1.9108527697052694e-19,-9.547405798207593e-20
3.461,-1.8851646004018431e-19,-9.409128329766893e-20
3.462,-1.8598221425085456e-19,-9.272845835496381e-20
3.463,-1.8348207372515677e-19,-9.138529623156432e-20
3.464,-1.810155788738248e-19,-9.006151412140453e-20
3.465,-1.7858227631067474e-19,-8.875683327580757e-20
3.466,-1.761817187687245e-19,-8.747097894538734e-20
3.467,-1.7381346501745052e-19,-8.620368032278076e-20
3.468,-1.7147707978116538e-19,-8.495467048619901e-20
3.469,-1.6917213365850185e-19,-8.372368634378593e-20
3.47,-1.6689820304298773e-19,-8.251046857877195e-20
3.471,-1.6465487004469697e-19,-8.131476159541242e-20
3.472,-1.6244172241296256e-19,-8.013631346569894e-20
3.473,-1.6025835346013623e-19,-7.897487587683271e-20
3.474,-1.5810436198638162e-19,-7.783020407944907e-20
3.475,-1.5597935220548588e-19,-7.670205683658237e-20
3.476,-1.5388293367167662e-19,-7.559019637336074e-20
3.477,-1.5181472120743034e-19,-7.449438832742021e-20
3.478,-1.4977433483225867e-19,-7.341440170002803e-20
3.479,-1.4776139969245935e-19,-7.235000880790486e-20
3.48,-1.457755459918189e-19,-7.13009852357361e-20
3.481,-1.4381640892325378e-19,-7.026710978936235e-20
3.482,-1.4188362860137774e-19,-6.924816444963924e-20
3.483,-1.3997684999598217e-19,-6.824393432695729e-20
3.484,-1.3809572286641767e-19,-6.72542076164122e-20
3.485,-1.3623990169686423e-19,-6.627877555361625e-20
3.486,-1.3440904563247813e-19,-6.531743237114179e-20
3.487,-1.3260281841640344e-19,-6.436997525558769e-20
3.488,-1.3082088832763667e-19,-6.343620430525994e-20
3.489,-1.2906292811973282e-19,-6.251592248845738e-20
3.49,-1.2732861496034136e-19,-6.160893560235439e-20
3.491,-1.2561763037156108e-19,-6.071505223247136e-20
3.492,-1.2392966017110243e-19,-5.983408371272525e-20
3.493,-1.2226439441424653e-19,-5.896584408605132e-20
3.494,-1.206215273365903e-19,-5.811015006558835e-20
3.495,-1.1900075729756628e-19,-5.726682099641897e-20
3.496,-1.1740178672472766e-19,-5.643567881785734e-20
3.497,-1.158243220587871e-19,-5.561654802627631e-20
3.498,-1.1426807369940002e-19,-5.480925563846642e-20
3.499,-1.1273275595168155e-19,-5.401363115551893e-20
3.5,-1.1121808697344766e-19,-5.322950652722573e-20
3.501,-1.0972378872317024e-19,-5.245671611698835e-20
3.502,-1.0824958690863707e-19,-5.1695096667229205e-20
3.503,-1.0679521093630616e-19,-5.094448726529752e-20
3.504,-1.0536039386134608e-19,-5.020472930986314e-20
3.505,-1.0394487233835215e-19,-4.947566647779113e-20
3.506,-1.0254838657272988e-19,-4.875714469149027e-20
3.507,-1.011706802727362e-19,-4.804901208672882e-20
3.508,-9.981150060216985e-20,-4.735111898091065e-20
3.509,-9.847059813370198e-20,-4.666331784180541e-20
3.51,-9.714772680283829e-20,-4.5985463256726e-20
3.511,-9.584264386250418e-20,-4.53174119021472e-20
3.512,-9.455510983824444e-20,-4.465902251375893e-20
3.513,-9.328488848402913e-20,-4.401015585694804e-20
3.514,-9.203174673865747e-20,-4.3370674697702566e-20
3.515,-9.079545468275159e-20,-4.274044377393226e-20
3.516,-8.957578549633211e-20,-4.2119329767199534e-20
3.517,-8.837251541696782e-20,-4.1507201274855e-20
3.518,-8.718542369849142e-20,-4.0903928782571704e-20
3.519,-8.60142925702739e-20,-4.0309384637272473e-20
3.52,-8.48589071970498e-20,-3.9723443020444636e-20
3.521,-8.371905563928595e-20,-3.9145979921836734e-20
3.522,-8.259452881408638e-20,-3.85768731135316e-20
3.523,-8.148512045662596e-20,-3.801600212439053e-20
3.524,-8.03906270821059e-20,-3.746324821486326e-20
3.525,-7.931084794822361e-20,-3.6918494352158383e-20
3.526,-7.824558501815036e-20,-3.6381625185769234e-20
3.527,-7.719464292400963e-20,-3.585252702335003e-20
3.528,-7.615782893084938e-20,-3.5331087806937317e-20
3.529,-7.513495290110167e-20,-3.481719708951176e-20
3.53,-7.41258272595228e-20,-3.4310746011895435e-20
3.531,-7.31302669586077e-20,-3.3811627279979854e-20
3.532,-7.214808944447197e-20,-3.3319735142279885e-20
3.533,-7.117911462319536e-20,-3.283496536780903e-20
3.534,-7.022316482762029e-20,-3.235721522427145e-20
3.535,-6.928006478459937e-20,-3.1886383456566077e-20
3.536,-6.834964158268577e-20,-3.142237026559858e-20
3.537,-6.743172464026048e-20,-3.0965077287396574e-20
3.538,-6.65261456740905e-20,-3.0514407572523825e-20
3.539,-6.563273866831217e-20,-3.007026556578923e-20
3.54,-6.47513398438337e-20,-2.963255708624621e-20
3.541,-6.388178762815167e-20,-2.9201189307478565e-20
3.542,-6.302392262557525e-20,-2.877607073816848e-20
3.543,-6.217758758785317e-20,-2.8357111202942816e-20
3.544,-6.134262738519772e-20,-2.7944221823493623e-20
3.545,-6.051888897770039e-20,-2.753731499996899e-20
3.546,-5.970622138713397e-20,-2.7136304392630325e-20
3.547,-5.890447566913579e-20,-2.6741104903772324e-20
3.548,-5.811350488576698e-20,-2.6351632659901802e-20
3.549,-5.733316407844253e-20,-2.5967804994171717e-20
3.55,-5.656331024122738e-20,-2.558954042906675e-20
3.551,-5.580380229449329e-20,-2.5216758659336826e-20
3.552,-5.505450105893186e-20,-2.484938053517504e-20
3.553,-5.43152692299187e-20,-2.448732804563648e-20
3.554,-5.358597135222402e-20,-2.4130524302294512e-20
3.555,-5.28664737950651e-20,-2.3778893523131135e-20
3.556,-5.215664472749577e-20,-2.343236101665807e-20
3.557,-5.145635409412855e-20,-2.3090853166265228e-20
3.558,-5.076547359118478e-20,-2.27542974147934e-20
3.559,-5.008387664286847e-20,-2.2422622249327856e-20
3.56,-4.9411438378059266e-20,-2.2095757186209784e-20
3.561,-4.874803560732048e-20,-2.17736327562624e-20
3.562,-4.8093546800217613e-20,-2.1456180490228675e-20
3.563,-4.744785206294351e-20,-2.114333290441767e-20
3.564,-4.6810833116245616e-20,-2.0835023486556444e-20
3.565,-4.6182373273651627e-20,-2.0531186681844667e-20
3.566,-4.556235741998918e-20,-2.023175787920898e-20
3.567,-4.495067199019578e-20,-1.9936673397754275e-20
3.568,-4.4347204948414983e-20,-1.9645870473409065e-20
3.569,-4.3751845767374975e-20,-1.9359287245762178e-20
3.57,-4.3164485408045694e-20,-1.907686274508803e-20
3.571,-4.258501629957073e-20,-1.87985368795578e-20
3.572,-4.201333231947036e-20,-1.8524250422633792e-20
3.573,-4.144932877411189e-20,-1.8253945000644457e-20
3.574,-4.089290237944389e-20,-1.7987563080537394e-20
3.575,-4.034395124199054e-20,-1.7725047957807856e-20
3.576,-3.980237484010274e-20,-1.7466343744600198e-20
3.577,-3.926807400546241e-20,-1.7211395357979843e-20
3.578,-3.874095090483657e-20,-1.6960148508373282e-20
3.579,-3.822090902207788e-20,-1.671254968817373e-20
3.58,-3.770785314036819e-20,-1.6468546160510064e-20
3.581,-3.720168932470191e-20,-1.622808594817671e-20
3.582,-3.670232490460598e-20,-1.599111782272215e-20
3.583,-3.6209668457093037e-20,-1.5757591293693832e-20
3.584,-3.5723629789844933e-20,-1.5527456598037185e-20
3.585,-3.524411992462322e-20,-1.53006646896466e-20
3.586,-3.4771051080903666e-20,-1.5077167229066114e-20
3.587,-3.4304336659731725e-20,-1.4856916573337773e-20
3.588,-3.3843891227796014e-20,-1.463986576599544e-20
3.589,-3.338963050171679e-20,-1.4425968527202056e-20
3.59,-3.2941471332546574e-20,-1.4215179244028263e-20
3.591,-3.2499331690480015e-20,-1.4007452960870358e-20
3.592,-3.206313064977016e-20,-1.380274537000562e-20
3.593,-3.163278837384838e-20,-1.360101280228301e-20
3.594,-3.1208226100645176e-20,-1.3402212217947326e-20
3.595,-3.07893661281091e-20,-1.3206301197594884e-20
3.596,-3.037613179992119e-20,-1.3013237933258882e-20
3.597,-2.996844749140224e-20,-1.282298121962254e-20
3.598,-2.956623859561029e-20,-1.2635490445358225e-20
3.599,-2.916943150962574e-20,-1.245072558459076e-20
3.6,-2.8777953621021633e-20,-1.2268647188483085e-20
3.601,-2.8391733294516535e-20,-1.2089216376942615e-20
3.602,-2.8010699858807507e-20,-1.1912394830446467e-20
3.603,-2.7634783593580865e-20,-1.1738144781983927e-20
3.604,-2.726391571669818e-20,-1.1566429009114446e-20
3.605,-2.6898028371555252e-20,-1.1397210826139508e-20
3.606,-2.6537054614611656e-20,-1.1230454076386775e-20
3.607,-2.6180928403088587e-20,-1.1066123124604852e-20
3.608,-2.582958458283272e-20,-1.090418284946713e-20
3.609,-2.5482958876343844e-20,-1.0744598636183127e-20
3.61,-2.5140987870964026e-20,-1.0587336369215788e-20
3.611,-2.4803609007226187e-20,-1.0432362425103235e-20
3.612,-2.4470760567359856e-20,-1.027964366538347e-20
3.613,-2.4142381663952043e-20,-1.0129147429620544e-20
3.614,-2.381841222876109e-20,-9.980841528530769e-21
3.615,-2.3498793001681464e-20,-9.834694237207502e-21
3.616,-2.3183465519857413e-20,-9.690674288443129e-21
3.617,-2.2872372106943532e-20,-9.548750866146824e-21
3.618,-2.2565455862510184e-20,-9.408893598856741e-21
3.619,-2.226266065159187e-20,-9.27107255334526e-21
3.62,-2.19639310943766e-20,-9.13525822831598e-21
3.621,-2.1669212556034334e-20,-9.001421548191122e-21
3.622,-2.137845113668268e-20,-8.86953385698807e-21
3.623,-2.1091593661487915e-20,-8.739566912283748e-21
3.624,-2.0808587670899532e-20,-8.611492879265615e-21
3.625,-2.0529381411016558e-20,-8.485284324867981e-21
3.626,-2.025392382408377e-20,-8.360914211992485e-21
3.627,-1.998216453911611e-20,-8.238355893811473e-21
3.628,-1.9714053862649595e-20,-8.11758310815314e-21
3.629,-1.9449542769616914e-20,-7.998569971967217e-21
3.63,-1.9188582894346155e-20,-7.881290975870089e-21
3.631,-1.8931126521680873e-20,-7.76572097876819e-21
3.632,-1.8677126578219956e-20,-7.65183520255854e-21
3.633,-1.8426536623675627e-20,-7.539609226905356e-21
3.634,-1.8179310842347983e-20,-7.42901898409161e-21
3.635,-1.7935404034714512e-20,-7.320040753944471e-21
3.636,-1.769477160913302e-20,-7.212651158833607e-21
3.637,-1.7457369573656475e-20,-7.106827158741235e-21
3.638,-1.7223154527958172e-20,-7.002546046402965e-21
3.639,-1.6992083655365847e-20,-6.899785442518372e-21
3.64,-1.676411471500314e-20,-6.798523291030317e-21
3.641,-1.6539206034037072e-20,-6.698737854472036e-21
3.642,-1.631731650003003e-20,-6.600407709381021e-21
3.643,-1.6098405553394865e-20,-6.503511741778727e-21
3.644,-1.588243317995174e-20,-6.408029142715186e-21
3.645,-1.5669359903585304e-20,-6.313939403877568e-21
3.646,-1.545914677900088e-20,-6.2212223132618034e-21
3.647,-1.5251755384578312e-20,-6.129857950906338e-21
3.648,-1.504714781532216e-20,-6.0398266846871444e-21
3.649,-1.484528667590691e-20,-5.951109166173112e-21
3.65,-1.464613507381596e-20,-5.863686326540942e-21
3.651,-1.444965661257311e-20,-5.777539372548707e-21
3.652,-1.4255815385065275e-20,-5.692649782567221e-21
3.653,-1.406457596695519e-20,-5.608999302668405e-21
3.654,-1.3875903410182973e-20,-5.526569942769824e-21
3.655,-1.36897632365552e-20,-5.445343972834587e-21
3.656,-1.350612143142047e-20,-5.365303919125828e-21
3.657,-1.3324944437430158e-20,-5.286432560514978e-21
3.658,-1.3146199148383308e-20,-5.208712924843055e-21
3.659,-1.2969852903154453e-20,-5.1321282853342214e-21
3.66,-1.279587347970329e-20,-5.056662157060849e-21
3.661,-1.2624229089165099e-20,-4.982298293459367e-21
3.662,-1.2454888370020778e-20,-4.909020682896145e-21
3.663,-1.2287820382345485e-20,-4.836813545282722e-21
3.664,-1.2122994602134767e-20,-4.7656613287396424e-21
3.665,-1.1960380915707149e-20,-4.6955487063082284e-21
3.666,-1.1799949614182174e-20,-4.6264605727095905e-21
3.667,-1.1641671388032834e-20,-4.558382041150197e-21
3.668,-1.1485517321711434e-20,-4.491298440173341e-21
3.669,-1.133145888834784e-20,-4.4251953105558456e-21
3.67,-1.117946794451921e-20,-4.360058402249351e-21
3.671,-1.102951672509016e-20,-4.2958736713655625e-21
3.672,-1.0881577838122483e-20,-4.2326272772048084e-21
3.673,-1.073562425985345e-20,-4.1703055793273e-21
3.674,-1.0591629329741753e-20,-4.10889513466648e-21
3.675,-1.0449566745580225e-20,-4.04838269468385e-21
3.676,-1.0309410558674386e-20,-3.9887552025646915e-21
3.677,-1.017113516908596e-20,-3.929999790454083e-21
3.678,-1.0034715320940463e-20,-3.87210377673265e-21
3.679,-9.900126097798018e-21,-3.815054663331459e-21
3.68,-9.767342918086533e-21,-3.758840133085517e-21
3.681,-9.636341530596396e-21,-3.7034480471253006e-21
3.682,-9.50709801003587e-21,-3.6488664423057895e-21
3.683,-9.379588752646358e-21,-3.595083528672448e-21
3.684,-9.253790471876737e-21,-3.542087686963642e-21
3.685,-9.129680194115956e-21,-3.489867466148953e-21
3.686,-9.007235254483121e-21,-3.438411581002893e-21
3.687,-8.886433292674292e-21,-3.3877089097134864e-21
3.688,-8.767252248865212e-21,-3.3377484915252505e-21
3.689,-8.649670359669232e-21,-3.2885195244160542e-21
3.69,-8.533666154149681e-21,-3.240011362807384e-21
3.691,-8.419218449885932e-21,-3.1922135153075345e-21
3.692,-8.30630634909247e-21,-3.1451156424872486e-21
3.693,-8.194909234790221e-21,-3.0987075546873467e-21
3.694,-8.085006767029436e-21,-3.052979209857882e-21
3.695,-7.976578879163473e-21,-3.0079207114283707e-21
3.696,-7.869605774172723e-21,-2.9635223062086556e-21
3.697,-7.764067921038077e-21,-2.919774382319954e-21
3.698,-7.659946051163213e-21,-2.8766674671556685e-21
3.699,-7.557221154845067e-21,-2.8341922253715248e-21
3.7,-7.455874477791831e-21,-2.792339456904622e-21
3.701,-7.355887517687851e-21,-2.7511000950209733e-21
3.702,-7.257242020804766e-21,-2.710465204391139e-21
3.703,-7.159919978658291e-21,-2.6704259791935354e-21
3.704,-7.063903624710018e-21,-2.6309737412450375e-21
3.705,-6.969175431113615e-21,-2.5920999381584685e-21
3.706,-6.875718105504856e-21,-2.5537961415266042e-21
3.707,-6.783514587834852e-21,-2.5160540451323027e-21
3.708,-6.692548047245933e-21,-2.4788654631843852e-21
3.709,-6.602801878989593e-21,-2.4422223285789064e-21
3.71,-6.5142597013859185e-21,-2.4061166911854387e-21
3.711,-6.4269053528239706e-21,-2.3705407161580196e-21
3.712,-6.340722888802538e-21,-2.335486682270407e-21
3.713,-6.255696579010739e-21,-2.3009469802752866e-21
3.714,-6.171810904447916e-21,-2.2669141112871014e-21
3.715,-6.089050554582317e-21,-2.2333806851881483e-21
3.716,-6.007400424548016e-21,-2.2003394190576212e-21
3.717,-5.926845612379572e-21,-2.1677831356232627e-21
3.718,-5.847371416283914e-21,-2.1357047617353033e-21
3.719,-5.768963331948951e-21,-2.10409732686237e-21
3.72,-5.691607049888407e-21,-2.0729539616090425e-21
3.721,-5.6152884528224046e-21,-2.042267896254755e-21
3.722,-5.539993613093296e-21,-2.01203245931373e-21
3.723,-5.4657087901162896e-21,-1.9822410761156437e-21
3.724,-5.392420427864382e-21,-1.9528872674067317e-21
3.725,-5.320115152387148e-21,-1.9239646479710278e-21
3.726,-5.2487797693629244e-21,-1.895466925271465e-21
3.727,-5.178401261683938e-21,-1.8673878981105364e-21
3.728,-5.108966787073941e-21,-1.8397214553102453e-21
3.729,-5.040463675737902e-21,-1.8124615744110657e-21
3.73,-4.972879428043335e-21,-1.7856023203896397e-21
3.731,-4.906201712232832e-21,-1.7591378443949383e-21
3.732,-4.84041836216738e-21,-1.73306238250263e-21
3.733,-4.775517375100047e-21,-1.7073702544873872e-21
3.734,-4.71148690947963e-21,-1.6820558626128766e-21
3.735,-4.64831528278386e-21,-1.6571136904391785e-21
3.736,-4.585990969381765e-21,-1.6325383016473863e-21
3.737,-4.524502598424797e-21,-1.6083243388811368e-21
3.738,-4.463838951766342e-21,-1.5844665226048304e-21
3.739,-4.40398896190922e-21,-1.5609596499783011e-21
3.74,-4.344941709980807e-21,-1.5377985937476986e-21
3.741,-4.2866864237354005e-21,-1.5149783011523508e-21
3.742,-4.2292124755834705e-21,-1.4924937928473771e-21
3.743,-4.172509380647419e-21,-1.470340161841827e-21
3.744,-4.116566794843501e-21,-1.4485125724521178e-21
3.745,-4.061374512989565e-21,-1.4270062592705559e-21
3.746,-4.006922466938231e-21,-1.4058165261487224e-21
3.747,-3.953200723735209e-21,-1.384938745195509e-21
3.748,-3.900199483802375e-21,-1.3643683557895962e-21
3.749,-3.847909079145305e-21,-1.3441008636061633e-21
3.75,-3.7963199715849215e-21,-1.324131839657628e-21
3.751,-3.7454227510129255e-21,-1.3044569193482131e-21
3.752,-3.695208133670705e-21,-1.2850718015421412e-21
3.753,-3.645666960451389e-21,-1.265972247645263e-21
3.754,-3.596790195224754e-21,-1.247154080699923e-21
3.755,-3.548568923184653e-21,-1.2286131844928781e-21
3.756,-3.500994349218685e-21,-1.210345502676074e-21
3.757,-3.454057796299792e-21,-1.1923470379001007e-21
3.758,-3.407750703899487e-21,-1.1746138509601434e-21
3.759,-3.3620646264224326e-21,-1.1571420599542455e-21
3.76,-3.3169912316620776e-21,-1.1399278394537132e-21
3.761,-3.27252229927706e-21,-1.122967419685481e-21
3.762,-3.2286497192881087e-21,-1.1062570857262706e-21
3.763,-3.185365490595162e-21,-1.08979317670837e-21
3.764,-3.142661719514429e-21,-1.0735720850368694e-21
3.765,-3.1005306183351313e-21,-1.0575902556181873e-21
3.766,-3.0589645038956524e-21,-1.0418441850997228e-21
3.767,-3.017955796178842e-21,-1.0263304211204779e-21
3.768,-2.9774970169262064e-21,-1.011045561572489e-21
3.769,-2.9375807882707437e-21,-9.959862538729133e-22
3.77,-2.89819983138816e-21,-9.811491942466179e-22
3.771,-2.85934696516623e-21,-9.665311270191179e-22
3.772,-2.8210151048920482e-21,-9.521288439197173e-22
3.773,-2.7831972609569382e-21,-9.37939183394705e-22
3.774,-2.7458865375787752e-21,-9.239590299304602e-22
3.775,-2.7090761315414935e-21,-9.101853133863278e-22
3.776,-2.6727593309515417e-21,-8.966150083371182e-22
3.777,-2.6369295140110626e-21,-8.832451334250994e-22
3.778,-2.6015801478075685e-21,-8.700727507213387e-22
3.779,-2.5667047871198937e-21,-8.57094965096264e-22
3.78,-2.532297073240201e-21,-8.443089235993103e-22
3.781,-2.498350732811829e-21,-8.317118148475194e-22
3.782,-2.4648595766827673e-21,-8.193008684229677e-22
3.783,-2.4318174987745446e-21,-8.070733542788907e-22
3.784,-2.3992184749663287e-21,-7.950265821543827e-22
3.785,-2.3670565619940293e-21,-7.831579009975457e-22
3.786,-2.3353258963642032e-21,-7.714646983969677e-22
3.787,-2.3040206932825614e-21,-7.5994440002140995e-22
3.788,-2.273135245596882e-21,-7.485944690675841e-22
3.789,-2.2426639227541382e-21,-7.374124057159047e-22
3.79,-2.2126011697716442e-21,-7.26395746594101e-22
3.791,-2.1829415062220346e-21,-7.155420642485746e-22
3.792,-2.1536795252318894e-21,-7.048489666233931e-22
3.793,-2.1248098924938227e-21,-6.943140965468077e-22
3.794,-2.09632734529185e-21,-6.839351312251885e-22
3.795,-2.0682266915398615e-21,-6.737097817442698e-22
3.796,-2.040502808833018e-21,-6.636357925775991e-22
3.797,-2.0131506435119008e-21,-6.5371094110208885e-22
3.798,-1.986165209739242e-21,-6.439330371205654e-22
3.799,-1.9595415885890657e-21,-6.342999223912175e-22
3.8,-1.933274927148074e-21,-6.248094701638426e-22
3.801,-1.9073604376291093e-21,-6.154595847227945e-22
3.802,-1.8817933964965397e-21,-6.062482009365354e-22
3.803,-1.8565691436033936e-21,-5.971732838136969e-22
3.804,-1.831683081340098e-21,-5.882328280655577e-22
3.805,-1.8071306737946574e-21,-5.794248576748429e-22
3.806,-1.7829074459241175e-21,-5.707474254707569e-22
3.807,-1.7590089827371718e-21,-5.621986127101581e-22
3.808,-1.7354309284877496e-21,-5.537765286647873e-22
3.809,-1.7121689858794427e-21,-5.454793102144635e-22
3.81,-1.6892189152806295e-21,-5.373051214461602e-22
3.811,-1.6665765339501414e-21,-5.292521532588778e-22
3.812,-1.644237715273342e-21,-5.2131862297422835e-22
3.813,-1.6221983880084699e-21,-5.135027739526517e-22
3.814,-1.6004545355431111e-21,-5.058028752151795e-22
3.815,-1.5790021951606651e-21,-4.982172210706699e-22
3.816,-1.5578374573166672e-21,-4.907441307484309e-22
3.817,-1.5369564649248376e-21,-4.833819480361589e-22
3.818,-1.5163554126527248e-21,-4.761290409231118e-22
3.819,-1.4960305462268146e-21,-4.689838012484432e-22
3.82,-1.4759781617469771e-21,-4.61944644354624e-22
3.821,-1.4561946050101268e-21,-4.550100087458761e-22
3.822,-1.4366762708429708e-21,-4.481783557515473e-22
3.823,-1.4174196024437232e-21,-4.414481691943572e-22
3.824,-1.3984210907326669e-21,-4.348179550634403e-22
3.825,-1.3796772737114397e-21,-4.282862411921219e-22
3.826,-1.361184735830932e-21,-4.2185157694035434e-22
3.827,-1.3429401073676772e-21,-4.155125328817496e-22
3.828,-1.3249400638086206e-21,-4.0926770049513983e-22
3.829,-1.307181325244157e-21,-4.031156918606019e-22
3.83,-1.2896606557693213e-21,-3.9705513935988046e-22
3.831,-1.2723748628930276e-21,-3.9108469538114775e-22
3.832,-1.255320796955243e-21,-3.852030320280356e-22
3.833,-1.2384953505519943e-21,-3.7940884083287964e-22
3.834,-1.2218954579680989e-21,-3.737008324741142e-22
3.835,-1.2055180946175182e-21,-3.680777364977585e-22
3.836,-1.1893602764912288e-21,-3.6253830104293437e-22
3.837,-1.1734190596125137e-21,-3.5708129257135857e-22
3.838,-1.1576915394995691e-21,-3.5170549560075096e-22
3.839,-1.1421748506353328e-21,-3.4640971244210363e-22
3.84,-1.1268661659444344e-21,-3.4119276294075364e-22
3.841,-1.1117626962771731e-21,-3.360534842212059e-22
3.842,-1.0968616899004268e-21,-3.3099073043565134e-22
3.843,-1.0821604319954011e-21,-3.2600337251612723e-22
3.844,-1.0676562441621258e-21,-3.2109029793026723e-22
3.845,-1.0533464839306064e-21,-3.1625041044058945e-22
3.846,-1.0392285442785442e-21,-3.114826298672709e-22
3.847,-1.0252998531555344e-21,-3.0678589185435877e-22
3.848,-1.0115578730136546e-21,-3.02159147639369e-22
3.849,-9.980001003443613e-22,-2.9760136382622185e-22
3.85,-9.84624065221605e-22,-2.9311152216146885e-22
3.851,-9.714273308510827e-22,-2.886886193137607e-22
3.852,-9.58407493125547e-22,-2.8433166665651196e-22
3.853,-9.455621801860856e-22,-2.8003969005371467e-22
3.854,-9.328890519892957e-22,-2.7581172964885625e-22
3.855,-9.203857998802713e-22,-2.716468396568965e-22
3.856,-9.080501461713263e-22,-2.6754408815926e-22
3.857,-8.958798437263759e-22,-2.635025569017998e-22
3.858,-8.838726755508994e-22,-2.5952134109569016e-22
3.859,-8.72026454387413e-22,-2.5559954922120526e-22
3.86,-8.603390223163719e-22,-2.517363028343432e-22
3.861,-8.488082503624363e-22,-2.479307363762531e-22
3.862,-8.374320381060231e-22,-2.44181996985426e-22
3.863,-8.262083133000757e-22,-2.404892443126087e-22
3.864,-8.151350314919806e-22,-2.3685165033840165e-22
3.865,-8.042101756505612e-22,-2.3326839919350207e-22
3.866,-7.934317557980822e-22,-2.2973868698155434e-22
3.867,-7.8279780864719455e-22,-2.2626172160456935e-22
3.868,-7.723063972427576e-22,-2.2283672259087646e-22
3.869,-7.619556106084704e-22,-2.1946292092557107e-22
3.87,-7.51743563398249e-22,-2.161395588834219e-22
3.871,-7.416683955522851e-22,-2.128658898642022e-22
3.872,-7.31728271957724e-22,-2.0964117823041035e-22
3.873,-7.219213821138986e-22,-2.064646991473449e-22
3.874,-7.122459398020592e-22,-2.0333573842550017e-22
3.875,-7.027001827595386e-22,-2.0025359236524908e-22
3.876,-6.932823723582921e-22,-1.972175676037798e-22
3.877,-6.839907932877541e-22,-1.9422698096425392e-22
3.878,-6.748237532419542e-22,-1.9128115930715415e-22
3.879,-6.657795826108331e-22,-1.8837943938378929e-22
3.88,-6.568566341757051e-22,-1.855211676919263e-22
3.881,-6.480532828088085e-22,-1.8270570033351767e-22
3.882,-6.393679251768907e-22,-1.7993240287449463e-22
3.883,-6.307989794487738e-22,-1.772006502065959e-22
3.884,-6.223448850068453e-22,-1.7450982641120255e-22
3.885,-6.140041021624247e-22,-1.7185932462515038e-22
3.886,-6.057751118749495e-22,-1.692485469084907e-22
3.887,-5.976564154749338e-22,-1.6667690411417164e-22
3.888,-5.89646534390644e-22,-1.641438157596123e-22
3.889,-5.817440098784473e-22,-1.6164870990014214e-22
3.89,-5.739474027567771e-22,-1.591910230042787e-22
3.891,-5.662552931436739e-22,-1.5677019983081734e-22
3.892,-5.58666280197846e-22,-1.5438569330770629e-22
3.893,-5.511789818632105e-22,-1.5203696441268165e-22
3.894,-5.437920346168603e-22,-1.497234820556368e-22
3.895,-5.365040932204176e-22,-1.4744472296270075e-22
3.896,-5.293138304747241e-22,-1.4520017156200136e-22
3.897,-5.222199369778244e-22,-1.429893198710885e-22
3.898,-5.152211208861993e-22,-1.4081166738599338e-22
3.899,-5.083161076792031e-22,-1.3866672097190046e-22
3.9,-5.015036399266653e-22,-1.3655399475540834e-22
3.901,-4.947824770596097e-22,-1.3447301001835698e-22
3.902,-4.881513951440532e-22,-1.324232950931983e-22
3.903,-4.816091866578404e-22,-1.30404385259888e-22
3.904,-4.751546602704739e-22,-1.2841582264427639e-22
3.905,-4.687866406259002e-22,-1.26457156117977e-22
3.906,-4.625039681282122e-22,-1.2452794119969093e-22
3.907,-4.563054987302266e-22,-1.2262773995796634e-22
3.908,-4.501901037249008e-22,-1.2075612091537218e-22
3.909,-4.441566695395492e-22,-1.189126589540657e-22
3.91,-4.382040975328212e-22,-1.170969352227335e-22
3.911,-4.323313037944058e-22,-1.153085370448863e-22
3.912,-4.265372189474223e-22,-1.1354705782848792e-22
3.913,-4.208207879534662e-22,-1.1181209697689875e-22
3.914,-4.1518096992026953e-22,-1.1010325980111548e-22
3.915,-4.0961673791194453e-22,-1.0842015743328726e-22
3.916,-4.04127078761773e-22,-1.067624067414908e-22
3.917,-3.987109928875093e-22,-1.0512963024574558e-22
3.918,-3.933674941091616e-22,-1.0352145603525135e-22
3.919,-3.8809560946921965e-22,-1.0193751768683033e-22
3.92,-3.8289437905529456e-22,-1.0037745418455649e-22
3.921,-3.7776285582513945e-22,-9.884090984055491e-23
3.922,-3.727001054340186e-22,-9.732753421695413e-23
3.923,-3.6770520606439316e-22,-9.583698204897475e-23
3.924,-3.6277724825789297e-22,-9.436891316913797e-23
3.925,-3.5791533474954344e-22,-9.292299243257779e-23
3.926,-3.53118580304217e-22,-9.14988896434408e-23
3.927,-3.483861115552797e-22,-9.009627948235788e-23
3.928,-3.4371706684540315e-22,-8.871484143497227e-23
3.929,-3.391105960695129e-22,-8.735425972150867e-23
3.93,-3.3456586051984427e-22,-8.601422322736831e-23
3.931,-3.3008203273307785e-22,-8.469442543473516e-23
3.932,-3.2565829633952616e-22,-8.339456435517846e-23
3.933,-3.2129384591434433e-22,-8.211434246323737e-23
3.934,-3.169878868307375e-22,-8.085346663097334e-23
3.935,-3.127396351151379e-22,-7.961164806347618e-23
3.936,-3.085483173043257e-22,-7.838860223531002e-23
3.937,-3.044131703044669e-22,-7.71840488278857e-23
3.938,-3.003334412520431e-22,-7.599771166774577e-23
3.939,-2.9630838737664684e-22,-7.48293186657493e-23
3.94,-2.9233727586561906e-22,-7.367860175714314e-23
3.941,-2.884193837305019e-22,-7.254529684250697e-23
3.942,-2.8455399767528434e-22,-7.142914372955931e-23
3.943,-2.807404139664152e-22,-7.032988607581212e-23
3.944,-2.769779383045608e-22,-6.924727133206167e-23
3.945,-2.7326588569808303e-22,-6.818105068670344e-23
3.946,-2.696035803382153e-22,-6.713097901085928e-23
3.947,-2.659903554759135e-22,-6.609681480430484e-23
3.948,-2.624255533003588e-22,-6.507832014218581e-23
3.949,-2.589085248190916e-22,-6.407526062251153e-23
3.95,-2.5543862973975256e-22,-6.308740531441453e-23
3.951,-2.5201523635341166e-22,-6.211452670716507e-23
3.952,-2.4863772141946164e-22,-6.11564006599296e-23
3.953,-2.4530547005205654e-22,-6.021280635226247e-23
3.954,-2.4201787560807322e-22,-5.928352623532002e-23
3.955,-2.3877433957657696e-22,-5.83683459837869e-23
3.956,-2.3557427146976915e-22,-5.74670544485039e-23
3.957,-2.3241708871539887e-22,-5.657944360978747e-23
3.958,-2.293022165506175e-22,-5.57053085314306e-23
3.959,-2.262290879172575e-22,-5.484444731537531e-23
3.96,-2.231971433585162e-22,-5.399666105704705e-23
3.961,-2.202058309170258e-22,-5.316175380134117e-23
3.962,-2.172546060342907e-22,-5.2339532499252346e-23
3.963,-2.1434293145147394e-22,-5.1529806965137197e-23
3.964,-2.1147027711151497e-22,-5.0732389834601305e-23
3.965,-2.086361200625603e-22,-4.9947096523001276e-23
3.966,-2.0583994436268965e-22,-4.9173745184553074e-23
3.967,-2.030812409859206e-22,-4.841215667203773e-23
3.968,-2.003595077294737e-22,-4.766215449709579e-23
3.969,-1.9767424912228214e-22,-4.692356479110196e-23
3.97,-1.950249763347284e-22,-4.6196216266611475e-23
3.971,-1.924112070895921e-22,-4.54799401793699e-23
3.972,-1.8983246557419213e-22,-4.477457029087823e-23
3.973,-1.8728828235370763e-22,-4.4079942831505095e-23
3.974,-1.8477819428566168e-22,-4.339589646413829e-23
3.975,-1.8230174443555207e-22,-4.2722272248367617e-23
3.976,-1.7985848199361392e-22,-4.2058913605191415e-23
3.977,-1.774479621926989e-22,-4.14056662822392e-23
3.978,-1.7506974622725582e-22,-4.076237831950278e-23
3.979,-1.7272340117339833e-22,-4.012890001556859e-23
3.98,-1.7040849991004462e-22,-3.950508389434385e-23
3.981,-1.6812462104111495e-22,-3.889078467226948e-23
3.982,-1.6587134881877293e-22,-3.828585922601257e-23
3.983,-1.636482730676962e-22,-3.7690166560631525e-23
3.984,-1.6145498911036318e-22,-3.7103567778206965e-23
3.985,-1.5929109769334172e-22,-3.652592604693161e-23
3.986,-1.5715620491456665e-22,-3.5957106570652496e-23
3.987,-1.550499221515926e-22,-3.539697655885893e-23
3.988,-1.5297186599080933e-22,-3.484540519710966e-23
3.989,-1.5092165815760646e-22,-3.4302263617892977e-23
3.99,-1.488989254474747e-22,-3.3767424871913285e-23
3.991,-1.4690329965803152e-22,-3.3240763899798105e-23
3.992,-1.449344175219583e-22,-3.27221575042193e-23
3.993,-1.4299192064083697e-22,-3.221148432242248e-23
3.994,-1.4107545541987424e-22,-3.170862479915871e-23
3.995,-1.3918467300350113e-22,-3.12134611600126e-23
3.996,-1.3731922921183631e-22,-3.07258773851211e-23
3.997,-1.3547878447800173e-22,-3.0245759183277176e-23
3.998,-1.3366300378627878e-22,-2.977299396641287e-23
3.999,-1.3187155661109396e-22,-2.9307470824456237e-23
4.0,-1.3010411685682297e-22,-2.8849080500556576e-23
