M omega,Re(tilde_Psi_4),Im(tilde_Psi_4)
-4.0,-1.9460151997570366e-21,3.75694555925815e-21
-3.999,-1.9705504662598373e-21,3.806642249344635e-21
-3.998,-1.9953959505932886e-21,3.856996172123284e-21
-3.997,-2.0205555884743086e-21,3.908016018411149e-21
-3.996,-2.0460333657538607e-21,3.959710593946083e-21
-3.995,-2.0718333190585804e-21,4.012088820906509e-21
-3.994,-2.0979595364406542e-21,4.06515973945128e-21
-3.993,-2.1244161580360648e-21,4.118932509279919e-21
-3.992,-2.1512073767313042e-21,4.1734164112134835e-21
-3.991,-2.178337438838671e-21,4.2286208487963514e-21
-3.99,-2.205810644780257e-21,4.284555349919187e-21
-3.989,-2.2336313497807378e-21,4.341229568463375e-21
-3.988,-2.2618039645690856e-21,4.398653285967208e-21
-3.987,-2.2903329560893117e-21,4.45683641331411e-21
-3.986,-2.3192228482203624e-21,4.515788992443191e-21
-3.985,-2.348478222505285e-21,4.575521198082432e-21
-3.984,-2.3781037188897806e-21,4.636043339504787e-21
-3.983,-2.408104036470272e-21,4.6973658623075216e-21
-3.982,-2.438483934251603e-21,4.759499350215082e-21
-3.981,-2.469248231914499e-21,4.822454526905816e-21
-3.98,-2.500401810592913e-21,4.886242257862848e-21
-3.979,-2.5319496136613855e-21,4.950873552249455e-21
-3.978,-2.563896647532549e-21,5.0163595648092235e-21
-3.977,-2.5962479824649057e-21,5.082711597791364e-21
-3.976,-2.6290087533810182e-21,5.14994110290148e-21
-3.975,-2.6621841606962374e-21,5.2180596832781446e-21
-3.974,-2.6957794711581183e-21,5.2870790954956254e-21
-3.973,-2.7298000186966466e-21,5.357011251593097e-21
-3.972,-2.7642512052854314e-21,5.427868221130696e-21
-3.971,-2.799138501813994e-21,5.499662233272777e-21
-3.97,-2.8344674489713065e-21,5.572405678898722e-21
-3.969,-2.8702436581407155e-21,5.6461111127416736e-21
-3.968,-2.9064728123064116e-21,5.7207912555555604e-21
-3.967,-2.943160666971583e-21,5.7964589963107814e-21
-3.966,-2.980313051088411e-21,5.8731273944189485e-21
-3.965,-3.0179358680000572e-21,5.950809681987043e-21
-3.964,-3.0560350963948066e-21,6.029519266101402e-21
-3.963,-3.0946167912725094e-21,6.109269731141911e-21
-3.962,-3.1336870849234967e-21,6.190074841126816e-21
-3.961,-3.1732521879201224e-21,6.271948542088548e-21
-3.96,-3.2133183901210987e-21,6.354904964480978e-21
-3.959,-3.2538920616887887e-21,6.4389584256185165e-21
-3.958,-3.294979654119631e-21,6.52412343214748e-21
-3.957,-3.336587701287856e-21,6.610414682550147e-21
-3.956,-3.378722820502679e-21,6.6978470696819446e-21
-3.955,-3.421391713579132e-21,6.78643568334219e-21
-3.954,-3.464601167922726e-21,6.87619581287885e-21
-3.953,-3.508358057628109e-21,6.967142949827754e-21
-3.952,-3.552669344591912e-21,7.059292790586711e-21
-3.951,-3.597542079639961e-21,7.152661239125028e-21
-3.95,-3.642983403669049e-21,7.247264409728837e-21
-3.949,-3.689000548803446e-21,7.343118629782777e-21
-3.948,-3.73560083956635e-21,7.44024044258844e-21
-3.947,-3.782791694066468e-21,7.538646610220134e-21
-3.946,-3.83058062519992e-21,7.638354116418402e-21
-3.945,-3.878975241867676e-21,7.73938016952183e-21
-3.944,-3.927983250208712e-21,7.841742205437644e-21
-3.943,-3.977612454849108e-21,7.945457890651597e-21
-3.942,-4.027870760167281e-21,8.050545125277679e-21
-3.941,-4.078766171575566e-21,8.157022046148178e-21
-3.94,-4.1303067968183665e-21,8.26490702994461e-21
-3.939,-4.182500847287075e-21,8.37421869637008e-21
-3.938,-4.235356639351992e-21,8.484975911363608e-21
-3.937,-4.288882595711466e-21,8.597197790356976e-21
-3.936,-4.343087246758474e-21,8.710903701574667e-21
-3.935,-4.397979231964862e-21,8.826113269377464e-21
-3.934,-4.453567301283496e-21,8.942846377650269e-21
-3.933,-4.509860316568537e-21,9.061123173234765e-21
-3.932,-4.566867253014084e-21,9.180964069407471e-21
-3.931,-4.624597200611424e-21,9.302389749403826e-21
-3.93,-4.683059365625132e-21,9.425421169988888e-21
-3.929,-4.742263072088262e-21,9.550079565075276e-21
-3.928,-4.802217763316885e-21,9.676386449388981e-21
-3.927,-4.8629330034442155e-21,9.804363622183673e-21
-3.926,-4.924418478974593e-21,9.934033171004146e-21
-3.925,-4.986684000357569e-21,1.0065417475499565e-20
-3.924,-5.049739503582368e-21,1.0198539211287149e-20
-3.923,-5.113595051792977e-21,1.0333421353866986e-20
-3.922,-5.1782608369241485e-21,1.0470087182588632e-20
-3.921,-5.243747181358572e-21,1.06085602846702e-20
-3.92,-5.310064539605502e-21,1.0748864559270612e-20
-3.919,-5.377223500001123e-21,1.0891024221615737e-20
-3.918,-5.445234786430921e-21,1.1035063807179124e-20
-3.917,-5.514109260074367e-21,1.118100817591804e-20
-3.916,-5.5838579211721826e-21,1.1328882516565556e-20
-3.915,-5.654491910816509e-21,1.1478712350979432e-20
-3.914,-5.726022512764249e-21,1.1630523538548522e-20
-3.913,-5.798461155273904e-21,1.17843422806575e-20
-3.912,-5.871819412966203e-21,1.1940195125210643e-20
-3.911,-5.9461090087088436e-21,1.209810897121548e-20
-3.91,-6.021341815525646e-21,1.2258111073427073e-20
-3.909,-6.097529858530447e-21,1.2420229047053773e-20
-3.908,-6.1746853168860595e-21,1.2584490872525208e-20
-3.907,-6.252820525788614e-21,1.2750924900323378e-20
-3.906,-6.331947978477624e-21,1.291955985587767e-20
-3.905,-6.4120803282721076e-21,1.3090424844524628e-20
-3.904,-6.4932303906330986e-21,1.3263549356533367e-20
-3.903,-6.575411145252905e-21,1.3438963272197463e-20
-3.902,-6.658635738171449e-21,1.3616696866994227e-20
-3.901,-6.742917483920058e-21,1.379678081681225e-20
-3.9,-6.828269867693043e-21,1.3979246203248092e-20
-3.899,-6.914706547547462e-21,1.4164124518973085e-20
-3.898,-7.002241356631391e-21,1.4351447673171142e-20
-3.897,-7.090888305441117e-21,1.4541247997048494e-20
-3.896,-7.180661584107606e-21,1.4733558249416365e-20
-3.895,-7.271575564712635e-21,1.492841162234749e-20
-3.894,-7.363644803634981e-21,1.5125841746907513e-20
-3.893,-7.456884043927043e-21,1.5325882698962165e-20
-3.892,-7.551308217722326e-21,1.5528569005061362e-20
-3.891,-7.646932448674146e-21,1.5733935648401092e-20
-3.89,-7.74377205442601e-21,1.594201807486423e-20
-3.889,-7.841842549114054e-21,1.6152852199141278e-20
-3.888,-7.941159645901964e-21,1.6366474410932098e-20
-3.887,-8.04173925954882e-21,1.6582921581229698e-20
-3.886,-8.143597509010271e-21,1.680223106868719e-20
-3.885,-8.246750720073494e-21,1.702444072606898e-20
-3.884,-8.351215428026367e-21,1.724958890678732e-20
-3.883,-8.457008380361315e-21,1.7477714471525394e-20
-3.882,-8.564146539514276e-21,1.7708856794947992e-20
-3.881,-8.672647085639241e-21,1.794305577250102e-20
-3.88,-8.782527419418843e-21,1.8180351827300984e-20
-3.879,-8.893805164911464e-21,1.8420785917115627e-20
-3.878,-9.006498172435338e-21,1.8664399541436953e-20
-3.877,-9.12062452149013e-21,1.8911234748647854e-20
-3.876,-9.236202523716475e-21,1.9161334143283542e-20
-3.875,-9.353250725894013e-21,1.941474089338912e-20
-3.874,-9.471787912978357e-21,1.9671498737974486e-20
-3.873,-9.591833111177566e-21,1.993165199456788e-20
-3.872,-9.713405591068604e-21,2.0195245566869427e-20
-3.871,-9.83652487075433e-21,2.0462324952505937e-20
-3.87,-9.961210719061522e-21,2.0732936250888316e-20
-3.869,-1.0087483158780512e-20,2.1007126171173003e-20
-3.868,-1.0215362469946932e-20,2.128494204032871e-20
-3.867,-1.0344869193166163e-20,2.1566431811309955e-20
-3.866,-1.0476024132981024e-20,2.185164407133874e-20
-3.865,-1.0608848361283268e-20,2.2140628050295845e-20
-3.864,-1.0743363220769469e-20,2.2433433629223145e-20
-3.863,-1.0879590328441867e-20,2.273011134893847e-20
-3.862,-1.101755157915479e-20,2.3030712418764464e-20
-3.861,-1.1157269149207203e-20,2.3335288725372957e-20
-3.86,-1.1298765499982034e-20,2.3643892841746386e-20
-3.859,-1.1442063381632868e-20,2.395657803625783e-20
-3.858,-1.1587185836818631e-20,2.4273398281871182e-20
-3.857,-1.1734156204486896e-20,2.4594408265463096e-20
-3.856,-1.1882998123706451e-20,2.4919663397268304e-20
-3.855,-1.2033735537549774e-20,2.5249219820449944e-20
-3.854,-1.2186392697026062e-20,2.558313442079651e-20
-3.853,-1.2340994165065488e-20,2.5921464836547183e-20
-3.852,-1.2497564820555362e-20,2.6264269468347165e-20
-3.851,-1.2656129862428849e-20,2.661160748933478e-20
-3.85,-1.281671481380697e-20,2.6963538855362072e-20
-3.849,-1.2979345526194564e-20,2.7320124315350665e-20
-3.848,-1.3144048183730917e-20,2.7681425421784694e-20
-3.847,-1.3310849307495794e-20,2.80475045413426e-20
-3.846,-1.3479775759871588e-20,2.841842486566963e-20
-3.845,-1.3650854748962307e-20,2.8794250422292907e-20
-3.844,-1.382411383307018e-20,2.917504608568102e-20
-3.843,-1.3999580925230636e-20,2.9560877588449887e-20
-3.842,-1.4177284297806352e-20,2.995181153271701e-20
-3.841,-1.435725258714128e-20,3.0347915401605973e-20
-3.84,-1.4539514798275286e-20,3.0749257570903234e-20
-3.839,-1.4724100309720332e-20,3.1155907320869144e-20
-3.838,-1.4911038878298922e-20,3.1567934848205356e-20
-3.837,-1.5100360644045658e-20,3.1985411278180586e-20
-3.836,-1.5292096135172765e-20,3.240840867691687e-20
-3.835,-1.5486276273100348e-20,3.2837000063838455e-20
-3.834,-1.5682932377552335e-20,3.3271259424285445e-20
-3.833,-1.5882096171718886e-20,3.3711261722294406e-20
-3.832,-1.6083799787486172e-20,3.415708291354813e-20
-3.831,-1.628807577073441e-20,3.460879995849679e-20
-3.83,-1.649495708670507e-20,3.5066490835652786e-20
-3.829,-1.670447712543812e-20,3.553023455506155e-20
-3.828,-1.6916669707280263e-20,3.600011117195066e-20
-3.827,-1.7131569088465092e-20,3.64762018005596e-20
-3.826,-1.734920996676612e-20,3.695858862815259e-20
-3.825,-1.7569627487223608e-20,3.744735492921688e-20
-3.824,-1.7792857247946202e-20,3.7942585079849004e-20
-3.823,-1.8018935305988357e-20,3.8444364572331404e-20
-3.822,-1.82478981833045e-20,3.8952780029902064e-20
-3.821,-1.8479782872781027e-20,3.9467919221719597e-20
-3.82,-1.871462684434707e-20,3.998987107802642e-20
-3.819,-1.8952468051165124e-20,4.0518725705512666e-20
-3.818,-1.9193344935902575e-20,4.105457440288344e-20
-3.817,-1.9437296437085195e-20,4.159750967663215e-20
-3.816,-1.9684361995533658e-20,4.214762525702262e-20
-3.815,-1.9934581560884217e-20,4.270501611428276e-20
-3.814,-2.0187995598194615e-20,4.3269778475012573e-20
-3.813,-2.0444645094636357e-20,4.3842009838809396e-20
-3.812,-2.070457156627449e-20,4.442180899511319e-20
-3.811,-2.0967817064936057e-20,4.50092760402748e-20
-3.81,-2.1234424185168345e-20,4.560451239485015e-20
-3.809,-2.150443607128817e-20,4.6207620821123426e-20
-3.808,-2.1777896424523367e-20,4.681870544086214e-20
-3.807,-2.2054849510247682e-20,4.743787175330728e-20
-3.806,-2.2335340165310356e-20,4.806522665340158e-20
-3.805,-2.2619413805461585e-20,4.870087845025909e-20
-3.804,-2.2907116432875154e-20,4.9344936885879253e-20
-3.803,-2.319849464376953e-20,4.999751315410873e-20
-3.802,-2.3493595636128702e-20,5.065871991985415e-20
-3.801,-2.379246721752407e-20,5.132867133854935e-20
-3.8,-2.4095157813038745e-20,5.200748307588014e-20
-3.799,-2.4401716473295597e-20,5.269527232777033e-20
-3.798,-2.4712192882590418e-20,5.3392157840632275e-20
-3.797,-2.5026637367131573e-20,5.409825993188548e-20
-3.796,-2.5345100903387585e-20,5.481370051074687e-20
-3.795,-2.5667635126544037e-20,5.553860309929629e-20
-3.794,-2.5994292339071257e-20,5.627309285382081e-20
-3.793,-2.6325125519404234e-20,5.70172965864417e-20
-3.792,-2.666018833073627e-20,5.777134278702763e-20
-3.791,-2.6999535129927838e-20,5.8535361645398e-20
-3.79,-2.734322097653217e-20,5.93094850738202e-20
-3.789,-2.7691301641939193e-20,6.009384672980474e-20
-3.788,-2.804383361863923e-20,6.088858203920207e-20
-3.787,-2.840087412960818e-20,6.169382821960531e-20
-3.786,-2.8762481137815735e-20,6.250972430406265e-20
-3.785,-2.912871335585823e-20,6.333641116510382e-20
-3.784,-2.949963025571782e-20,6.417403153908454e-20
-3.783,-2.9875292078649644e-20,6.502273005085334e-20
-3.782,-3.0255759845198624e-20,6.588265323874487e-20
-3.781,-3.064109536534766e-20,6.675394957990418e-20
-3.78,-3.1031361248798965e-20,6.763676951594628e-20
-3.779,-3.142662091539026e-20,6.85312654789553e-20
-3.778,-3.182693860564762e-20,6.943759191782798e-20
-3.777,-3.2232379391476814e-20,7.035590532496591e-20
-3.776,-3.2643009186994916e-20,7.128636426332113e-20
-3.775,-3.305889475950411e-20,7.22291293937998e-20
-3.774,-3.3480103740609495e-20,7.318436350302875e-20
-3.773,-3.390670463748286e-20,7.41522315314896e-20
-3.772,-3.433876684427431e-20,7.513290060202534e-20
-3.771,-3.477636065367372e-20,7.61265400487244e-20
-3.77,-3.5219557268624053e-20,7.713332144618713e-20
-3.769,-3.56684288141884e-20,7.815341863917976e-20
-3.768,-3.6123048349572985e-20,7.91870077726809e-20
-3.767,-3.6583489880308016e-20,8.023426732232603e-20
-3.766,-3.70498283705886e-20,8.129537812525493e-20
-3.765,-3.752213975577772e-20,8.237052341136763e-20
-3.764,-3.8000500955073565e-20,8.345988883499413e-20
-3.763,-3.848498988434329e-20,8.456366250698351e-20
-3.762,-3.8975685469125376e-20,8.568203502721785e-20
-3.761,-3.9472667657802977e-20,8.681519951755671e-20
-3.76,-3.997601743495034e-20,8.79633516552178e-20
-3.759,-4.0485816834854755e-20,8.912668970659954e-20
-3.758,-4.100214895521616e-20,9.030541456155166e-20
-3.757,-4.152509797102705e-20,9.149972976809936e-20
-3.756,-4.2054749148634703e-20,9.270984156762741e-20
-3.755,-4.259118885998855e-20,9.393595893052996e-20
-3.754,-4.313450459707474e-20,9.517829359233259e-20
-3.753,-4.368478498654073e-20,9.643706009029244e-20
-3.752,-4.4242119804512196e-20,9.771247580048316e-20
-3.751,-4.480659999160488e-20,9.900476097537078e-20
-3.75,-4.537831766813399e-20,1.0031413878188722e-19
-3.749,-4.595736614952377e-20,1.0164083534000787e-19
-3.748,-4.65438399619198e-20,1.0298507976184004e-19
-3.747,-4.713783485800688e-20,1.04347104191229e-19
-3.746,-4.773944783303507e-20,1.0572714384388844e-19
-3.745,-4.834877714105673e-20,1.071254370480624e-19
-3.744,-4.8965922311377366e-20,1.0854222528572547e-19
-3.743,-4.9590984165223076e-20,1.0997775323432875e-19
-3.742,-5.022406483262749e-20,1.1143226880909846e-19
-3.741,-5.0865267769541134e-20,1.129060232058948e-19
-3.74,-5.151469777516619e-20,1.1439927094463813e-19
-3.739,-5.217246100951949e-20,1.159122699133105e-19
-3.738,-5.2838665011227114e-20,1.1744528141253955e-19
-3.737,-5.35134187155532e-20,1.1899857020077304e-19
-3.736,-5.419683247266653e-20,1.2057240454005147e-19
-3.735,-5.488901806614776e-20,1.2216705624238683e-19
-3.734,-5.55900887317406e-20,1.237828007167556e-19
-3.733,-5.630015917635016e-20,1.25419917016714e-19
-3.732,-5.701934559729175e-20,1.270786878886437e-19
-3.731,-5.774776570179352e-20,1.2875939982063667e-19
-3.73,-5.848553872675616e-20,1.3046234309202716e-19
-3.729,-5.923278545877326e-20,1.3218781182357973e-19
-3.728,-5.998962825441574e-20,1.339361040283419e-19
-3.727,-6.07561910607837e-20,1.3570752166317016e-19
-3.726,-6.153259943632955e-20,1.375023706809385e-19
-3.725,-6.231898057195572e-20,1.3932096108343825e-19
-3.724,-6.31154633123908e-20,1.4116360697497834e-19
-3.723,-6.392217817784783e-20,1.4303062661669568e-19
-3.722,-6.473925738596826e-20,1.4492234248158458e-19
-3.721,-6.556683487405565e-20,1.4683908131025497e-19
-3.72,-6.640504632160287e-20,1.4878117416742912e-19
-3.719,-6.72540291731166e-20,1.507489564991865e-19
-3.718,-6.811392266124329e-20,1.5274276819096686e-19
-3.717,-6.898486783020037e-20,1.5476295362634127e-19
-3.716,-6.9867007559517e-20,1.5680986174656178e-19
-3.715,-7.076048658808828e-20,1.588838461108996e-19
-3.714,-7.166545153854719e-20,1.6098526495778227e-19
-3.713,-7.258205094195861e-20,1.631144812667408e-19
-3.712,-7.351043526283932e-20,1.6527186282117694e-19
-3.711,-7.445075692450895e-20,1.6745778227196204e-19
-3.71,-7.54031703347755e-20,1.6967261720187786e-19
-3.709,-7.636783191196074e-20,1.719167501909112e-19
-3.708,-7.734490011126924e-20,1.7419056888241316e-19
-3.707,-7.83345354515062e-20,1.7649446605013447e-19
-3.706,-7.933690054214836e-20,1.7882883966614894e-19
-3.705,-8.035216011077287e-20,1.8119409296967632e-19
-3.704,-8.138048103084884e-20,1.8359063453681685e-19
-3.703,-8.242203234989645e-20,1.860188783512092e-19
-3.702,-8.347698531801841e-20,1.884792438756244e-19
-3.701,-8.454551341680892e-20,1.9097215612450807e-19
-3.7,-8.562779238864493e-20,1.9349804573748322e-19
-3.699,-8.672400026636503e-20,1.9605734905382681e-19
-3.698,-8.783431740334099e-20,1.9865050818793263e-19
-3.697,-8.895892650394724e-20,2.0127797110577373e-19
-3.696,-9.009801265443359e-20,2.039401917023776e-19
-3.695,-9.125176335420662e-20,2.0663762988032747e-19
-3.694,-9.24203685475251e-20,2.0937075162930341e-19
-3.693,-9.3604020655615e-20,2.12140029106677e-19
-3.692,-9.480291460920982e-20,2.149459407191734e-19
-3.691,-9.60172478815217e-20,2.177889712056153e-19
-3.69,-9.724722052164917e-20,2.2066961172076244e-19
-3.689,-9.849303518842747e-20,2.2358835992026215e-19
-3.688,-9.975489718472717e-20,2.2654572004672466e-19
-3.687,-1.0103301449220716e-19,2.295422030169388e-19
-3.686,-1.023275978065281e-19,2.325783265102428e-19
-3.685,-1.0363886057303251e-19,2.3565461505806572e-19
-3.684,-1.0496701902289759e-19,2.38771600134655e-19
-3.683,-1.0631229220976724e-19,2.419298202490055e-19
-3.682,-1.0767490204686967e-19,2.4512982103800647e-19
-3.681,-1.0905507334462698e-19,2.4837215536082254e-19
-3.68,-1.1045303384876332e-19,2.5165738339452426e-19
-3.679,-1.1186901427891851e-19,2.549860727309861e-19
-3.678,-1.1330324836777354e-19,2.583587984750676e-19
-3.677,-1.1475597290069496e-19,2.61776143344095e-19
-3.676,-1.1622742775590516e-19,2.652386977686611e-19
-3.675,-1.1771785594518559e-19,2.687470599947596e-19
-3.674,-1.1922750365511966e-19,2.7230183618727313e-19
-3.673,-1.207566202888833e-19,2.759036405348319e-19
-3.672,-1.2230545850858965e-19,2.7955309535606117e-19
-3.671,-1.2387427427819596e-19,2.832508312072362e-19
-3.67,-1.254633269069798e-19,2.869974869913637e-19
-3.669,-1.270728790935926e-19,2.9079371006870775e-19
-3.668,-1.2870319697069771e-19,2.946401563687801e-19
-3.667,-1.303545501502013e-19,2.985374905038141e-19
-3.666,-1.3202721176908387e-19,3.0248638588374167e-19
-3.665,-1.337214585358404e-19,3.064875248326933e-19
-3.664,-1.3543757077753705e-19,3.105415987070418e-19
-3.663,-1.3717583248749324e-19,3.1464930801500918e-19
-3.662,-1.3893653137359688e-19,3.188113625378587e-19
-3.661,-1.407199589072618e-19,3.2302848145269166e-19
-3.66,-1.4252641037303523e-19,3.2730139345687175e-19
-3.659,-1.4435618491886504e-19,3.3163083689409697e-19
-3.658,-1.4620958560703459e-19,3.3601755988214224e-19
-3.657,-1.4808691946577487e-19,3.404623204422941e-19
-3.656,-1.499884975415626e-19,3.4496588663050016e-19
-3.655,-1.5191463495211373e-19,3.4952903667025585e-19
-3.654,-1.5386565094008133e-19,3.541525590872521e-19
-3.653,-1.5584186892746777e-19,3.5883725284580626e-19
-3.652,-1.5784361657076046e-19,3.63583927487101e-19
-3.651,-1.5987122581680086e-19,3.6839340326925396e-19
-3.65,-1.6192503295939677e-19,3.7326651130924403e-19
-3.649,-1.6400537869668764e-19,3.782040937267168e-19
-3.648,-1.6611260818927338e-19,3.832070037896962e-19
-3.647,-1.6824707111911634e-19,3.8827610606222574e-19
-3.646,-1.7040912174922732e-19,3.9341227655396663e-19
-3.645,-1.7259911898414623e-19,3.98616402871777e-19
-3.644,-1.7481742643122723e-19,4.0388938437330003e-19
-3.643,-1.7706441246274038e-19,4.092321323225863e-19
-3.642,-1.7934045027879967e-19,4.146455700477786e-19
-3.641,-1.8164591797112915e-19,4.201306331008856e-19
-3.64,-1.8398119858767824e-19,4.256882694196718e-19
-3.639,-1.8634668019809768e-19,4.313194394916935e-19
-3.638,-1.8874275596008744e-19,4.370251165205069e-19
-3.637,-1.9116982418662872e-19,4.428062865940793e-19
-3.636,-1.9362828841411158e-19,4.486639488554308e-19
-3.635,-1.9611855747137034e-19,4.545991156755374e-19
-3.634,-1.9864104554963901e-19,4.606128128285248e-19
-3.633,-2.0119617227343909e-19,4.667060796691834e-19
-3.632,-2.0378436277241212e-19,4.72879969312835e-19
-3.631,-2.0640604775411e-19,4.791355488175831e-19
-3.63,-2.0906166357775557e-19,4.854738993689781e-19
-3.629,-2.1175165232898689e-19,4.91896116467128e-19
-3.628,-2.1447646189559814e-19,4.9840331011629e-19
-3.627,-2.1723654604429064e-19,5.049966050169728e-19
-3.626,-2.2003236449844787e-19,5.11677140760585e-19
-3.625,-2.2286438301694734e-19,5.184460720266621e-19
-3.624,-2.257330734740249e-19,5.253045687827068e-19
-3.623,-2.2863891394020375e-19,5.322538164866778e-19
-3.622,-2.31582388764304e-19,5.392950162921609e-19
-3.621,-2.345639886565464e-19,5.464293852562584e-19
-3.62,-2.375842107727654e-19,5.536581565502343e-19
-3.619,-2.4064355879974663e-19,5.609825796729497e-19
-3.618,-2.4374254304170305e-19,5.684039206671261e-19
-3.617,-2.4688168050790637e-19,5.759234623384748e-19
-3.616,-2.5006149500148845e-19,5.835425044777302e-19
-3.615,-2.532825172094285e-19,5.912623640856239e-19
-3.614,-2.5654528479374224e-19,5.990843756008412e-19
-3.613,-2.598503424838897e-19,6.070098911309976e-19
-3.612,-2.6319824217041647e-19,6.150402806866756e-19
-3.611,-2.665895429998475e-19,6.231769324185633e-19
-3.61,-2.7002481147084763e-19,6.314212528577351e-19
-3.609,-2.735046215316682e-19,6.397746671591158e-19
-3.608,-2.770295546788956e-19,6.482386193481719e-19
-3.607,-2.8060020005752005e-19,6.568145725708709e-19
-3.606,-2.842171545623421e-19,6.65504009346953e-19
-3.605,-2.8788102294073495e-19,6.743084318265597e-19
-3.604,-2.9159241789678117e-19,6.832293620502621e-19
-3.603,-2.9535196019680157e-19,6.922683422125355e-19
-3.602,-2.991602787762963e-19,7.014269349287249e-19
-3.601,-3.0301801084831557e-19,7.107067235055493e-19
-3.6,-3.0692580201328087e-19,7.201093122151889e-19
-3.599,-3.1088430637027543e-19,7.296363265730057e-19
-3.598,-3.1489418662982335e-19,7.392894136189443e-19
-3.597,-3.18956114228179e-19,7.490702422026613e-19
-3.596,-3.230707694431451e-19,7.589805032724325e-19
-3.595,-3.2723884151144192e-19,7.690219101678908e-19
-3.594,-3.314610287476473e-19,7.7919619891664115e-19
-3.593,-3.3573803866472917e-19,7.895051285348074e-19
-3.592,-3.400705880961924e-19,7.999504813315622e-19
-3.591,-3.4445940331986125e-19,8.105340632176912e-19
-3.59,-3.4890522018331947e-19,8.212577040182488e-19
-3.589,-3.53408784231031e-19,8.321232577893545e-19
-3.588,-3.579708508331639e-19,8.431326031391898e-19
-3.587,-3.625921853161395e-19,8.542876435532474e-19
-3.586,-3.672735630949319e-19,8.6559030772389235e-19
-3.585,-3.720157698071396e-19,8.77042549884289e-19
-3.584,-3.7681960144885455e-19,8.886463501467555e-19
-3.583,-3.8168586451235255e-19,9.004037148455987e-19
-3.582,-3.86615376125629e-19,9.123166768844977e-19
-3.581,-3.9160896419380616e-19,9.243872960884867e-19
-3.58,-3.9666746754243597e-19,9.366176595606042e-19
-3.579,-4.017917360627253e-19,9.4900988204327e-19
-3.578,-4.0698263085870825e-19,9.615661062844498e-19
-3.577,-4.122410243963932e-19,9.742885034086729e-19
-3.576,-4.175678006549107e-19,9.871792732929678e-19
-3.575,-4.229638552796887e-19,1.00024064494778e-18
-3.574,-4.28430095737684e-19,1.0134748769029364e-18
-3.573,-4.339674414746963e-19,1.0268842575987284e-18
-3.572,-4.395768240747943e-19,1.0404711057821741e-18
-3.571,-4.452591874218807e-19,1.0542377709085359e-18
-3.57,-4.510154878634274e-19,1.068186633548157e-18
-3.569,-4.568466943764087e-19,1.082320105798692e-18
-3.568,-4.62753788735462e-19,1.0966406317027986e-18
-3.567,-4.687377656833076e-19,1.1111506876713673e-18
-3.566,-4.747996331034572e-19,1.1258527829123602e-18
-3.565,-4.809404121952422e-19,1.1407494598653319e-18
-3.564,-4.871611376511932e-19,1.1558432946417112e-18
-3.563,-4.934628578368034e-19,1.1711368974709176e-18
-3.562,-4.998466349727067e-19,1.1866329131523907e-18
-3.561,-5.063135453193046e-19,1.20233402151361e-18
-3.56,-5.128646793638747e-19,1.2182429378741865e-18
-3.559,-5.195011420101937e-19,1.234362413516105e-18
-3.558,-5.262240527707103e-19,1.2506952361601985e-18
-3.557,-5.330345459613012e-19,1.2672442304489384e-18
-3.556,-5.399337708986471e-19,1.2840122584356239e-18
-3.555,-5.469228921002612e-19,1.3010022200800546e-18
-3.554,-5.540030894872102e-19,1.318217053750774e-18
-3.553,-5.611755585895609e-19,1.3356597367339688e-18
-3.552,-5.684415107545905e-19,1.3533332857491135e-18
-3.551,-5.758021733577996e-19,1.3712407574714511e-18
-3.55,-5.832587900167631e-19,1.3893852490613974e-18
-3.549,-5.908126208078599e-19,1.407769898700963e-18
-3.548,-5.9846494248592025e-19,1.4263978861372856e-18
-3.547,-6.06217048706828e-19,1.4452724332333664e-18
-3.546,-6.140702502531212e-19,1.4643968045261065e-18
-3.545,-6.220258752626297e-19,1.4837743077917406e-18
-3.544,-6.300852694601917e-19,1.503408294618764e-18
-3.543,-6.3824979639249e-19,1.523302160988456e-18
-3.542,-6.4652083766605295e-19,1.5434593478630956e-18
-3.541,-6.548997931884594e-19,1.5638833417819764e-18
-3.54,-6.633880814127947e-19,1.5845776754653205e-18
-3.539,-6.719871395853998e-19,1.6055459284261974e-18
-3.538,-6.8069842399695855e-19,1.6267917275905548e-18
-3.537,-6.895234102369695e-19,1.6483187479254674e-18
-3.536,-6.9846359345164715e-19,1.6701307130757135e-18
-3.535,-7.075204886052993e-19,1.692231396008791e-18
-3.534,-7.166956307452295e-19,1.7146246196684805e-18
-3.533,-7.259905752702096e-19,1.7373142576370756e-18
-3.532,-7.354068982025737e-19,1.7603042348063884e-18
-3.531,-7.44946196463981e-19,1.7835985280576502e-18
-3.53,-7.546100881548986e-19,1.8072011669504265e-18
-3.529,-7.644002128378543e-19,1.831116234420662e-18
-3.528,-7.743182318245099e-19,1.855347867487981e-18
-3.527,-7.843658284666095e-19,1.8799002579723606e-18
-3.526,-7.945447084508523e-19,1.9047776532203067e-18
-3.525,-8.048566000977465e-19,1.9299843568406568e-18
-3.524,-8.153032546644949e-19,1.9555247294501318e-18
-3.523,-8.258864466519718e-19,1.9814031894287788e-18
-3.522,-8.366079741158418e-19,2.0076242136854204e-18
-3.521,-8.474696589818811e-19,2.0341923384332552e-18
-3.52,-8.584733473655559e-19,2.0611121599757396e-18
-3.519,-8.69620909895917e-19,2.0883883355028867e-18
-3.518,-8.809142420438696e-19,2.1160255838981214e-18
-3.517,-8.923552644548774e-19,2.144028686555831e-18
-3.516,-9.039459232861608e-19,2.1724024882097554e-18
-3.515,-9.156881905484532e-19,2.2011518977723567e-18
-3.514,-9.27584064452373e-19,2.2302818891853174e-18
-3.513,-9.396355697594785e-19,2.2597975022813135e-18
-3.512,-9.51844758138068e-19,2.2897038436572097e-18
-3.511,-9.642137085237885e-19,2.3200060875588348e-18
-3.51,-9.767445274851207e-19,2.35070947677748e-18
-3.509,-9.89439349593805e-19,2.381819323558289e-18
-3.508,-1.0023003378002776e-18,2.413341010520684e-18
-3.507,-1.015329683814184e-18,2.4452799915909994e-18
-3.506,-1.0285296084900381e-18,2.4776417929474746e-18
-3.505,-1.0419023622181016e-18,2.510432013977778e-18
-3.504,-1.0554502253205474e-18,2.5436563282492248e-18
-3.503,-1.0691755084529865e-18,2.577320484491853e-18
-3.502,-1.0830805530114281e-18,2.6114303075945383e-18
-3.501,-1.097167731544747e-18,2.6459916996143117e-18
-3.5,-1.1114394481727336e-18,2.681010640799056e-18
-3.499,-1.1258981390098046e-18,2.7164931906237643e-18
-3.498,-1.140546272594449e-18,2.7524454888405346e-18
-3.497,-1.1553863503244898e-18,2.7888737565424837e-18
-3.496,-1.1704209068982393e-18,2.82578429724177e-18
-3.495,-1.1856525107616305e-18,2.863183497961902e-18
-3.494,-1.2010837645614031e-18,2.9010778303445333e-18
-3.493,-1.2167173056044312e-18,2.93947385177093e-18
-3.492,-1.2325558063232725e-18,2.978378206498304e-18
-3.491,-1.2486019747480255e-18,3.017797626811214e-18
-3.49,-1.2648585549845834e-18,3.05773893418823e-18
-3.489,-1.2813283276993671e-18,3.0982090404840655e-18
-3.488,-1.2980141106106305e-18,3.1392149491273843e-18
-3.487,-1.3149187589864258e-18,3.1807637563344826e-18
-3.486,-1.3320451661493208e-18,3.2228626523390693e-18
-3.485,-1.3493962639879583e-18,3.2655189226383435e-18
-3.484,-1.3669750234755551e-18,3.3087399492555975e-18
-3.483,-1.3847844551954321e-18,3.3525332120195576e-18
-3.482,-1.402827609873673e-18,3.396906289860687e-18
-3.481,-1.42110757891901e-18,3.4418668621246745e-18
-3.48,-1.4396274949700334e-18,3.487422709903339e-18
-3.479,-1.4583905324498279e-18,3.5335817173831795e-18
-3.478,-1.4773999081281338e-18,3.5803518732118026e-18
-3.477,-1.4966588816911403e-18,3.6277412718824675e-18
-3.476,-1.5161707563190128e-18,3.675758115136992e-18
-3.475,-1.5359388792712588e-18,3.724410713387251e-18
-3.474,-1.5559666424800442e-18,3.773707487155528e-18
-3.473,-1.5762574831515646e-18,3.823656968533962e-18
-3.472,-1.5968148843755838e-18,3.874267802663343e-18
-3.471,-1.6176423757432517e-18,3.925548749231516e-18
-3.47,-1.6387435339733142e-18,3.977508683991654e-18
-3.469,-1.6601219835468302e-18,4.030156600300653e-18
-3.468,-1.6817813973505131e-18,4.0835016106779345e-18
-3.467,-1.7037254973288144e-18,4.1375529483849104e-18
-3.466,-1.7259580551448686e-18,4.19231996902539e-18
-3.465,-1.7484828928504217e-18,4.247812152167206e-18
-3.464,-1.771303883564868e-18,4.304039102985343e-18
-3.463,-1.794424952163516e-18,4.361010553926854e-18
-3.462,-1.817850075975214e-18,4.418736366397848e-18
-3.461,-1.841583285489462e-18,4.477226532472845e-18
-3.46,-1.8656286650731402e-18,4.536491176626802e-18
-3.459,-1.8899903536969852e-18,4.5965405574900955e-18
-3.458,-1.9146725456719513e-18,4.657385069626781e-18
-3.457,-1.939679491395585e-18,4.719035245336425e-18
-3.456,-1.965015498108561e-18,4.781501756479832e-18
-3.455,-1.9906849306615074e-18,4.8447954163289755e-18
-3.454,-2.0166922122922713e-18,4.9089271814414626e-18
-3.453,-2.0430418254137616e-18,4.973908153559848e-18
-3.452,-2.0697383124125175e-18,5.039749581536135e-18
-3.451,-2.096786276458147e-18,5.106462863281791e-18
-3.45,-2.1241903823237925e-18,5.174059547743624e-18
-3.449,-2.15195535721776e-18,5.242551336905851e-18
-3.448,-2.1800859916264837e-18,5.311950087818722e-18
-3.447,-2.2085871401689665e-18,5.382267814654034e-18
-3.446,-2.237463722462862e-18,5.453516690787903e-18
-3.445,-2.2667207240023573e-18,5.525709050911158e-18
-3.444,-2.2963631970480143e-18,5.598857393167711e-18
-3.443,-2.326396261528741e-18,5.6729743813212824e-18
-3.442,-2.3568251059560533e-18,5.748072846950861e-18
-3.441,-2.3876549883507974e-18,5.824165791675271e-18
-3.44,-2.4188912371825105e-18,5.901266389407235e-18
-3.439,-2.4505392523215817e-18,5.979387988637332e-18
-3.438,-2.4826045060044016e-18,6.0585441147482325e-18
-3.437,-2.5150925438116715e-18,6.138748472359627e-18
-3.436,-2.5480089856600523e-18,6.220014947704243e-18
-3.435,-2.581359526807347e-18,6.302357611035369e-18
-3.434,-2.6151499388713875e-18,6.385790719066305e-18
-3.433,-2.649386070862828e-18,6.470328717442154e-18
-3.432,-2.6840738502320287e-18,6.5559862432444e-18
-3.431,-2.7192192839302268e-18,6.642778127528683e-18
-3.43,-2.754828459485189e-18,6.730719397896238e-18
-3.429,-2.7909075460915493e-18,6.819825281099423e-18
-3.428,-2.827462795716027e-18,6.9101112056818015e-18
-3.427,-2.8645005442177405e-18,7.00159280465323e-18
-3.426,-2.9020272124838132e-18,7.094285918200417e-18
-3.425,-2.940049307580489e-18,7.188206596433432e-18
-3.424,-2.9785734239199724e-18,7.283371102168625e-18
-3.423,-3.0176062444432022e-18,7.379795913748451e-18
-3.422,-3.057154541818788e-18,7.477497727898687e-18
-3.421,-3.097225179658324e-18,7.576493462623541e-18
-3.42,-3.13782511374831e-18,7.676800260139144e-18
-3.419,-3.1789613932989098e-18,7.778435489845937e-18
-3.418,-3.220641162209775e-18,7.881416751340498e-18
-3.417,-3.2628716603531704e-18,7.98576187746727e-18
-3.416,-3.3056602248746448e-18,8.091488937410792e-18
-3.415,-3.3490142915114806e-18,8.198616239828907e-18
-3.414,-3.3929413959291757e-18,8.307162336027533e-18
-3.413,-3.437449175076199e-18,8.417146023177533e-18
-3.412,-3.482545368557277e-18,8.528586347574235e-18
-3.411,-3.528237820025467e-18,8.641502607940178e-18
-3.41,-3.574534478593271e-18,8.755914358771663e-18
-3.409,-3.621443400263058e-18,8.871841413729667e-18
-3.408,-3.668972749377062e-18,8.989303849075731e-18
-3.407,-3.717130800087219e-18,9.108322007153412e-18
-3.406,-3.7659259378451244e-18,9.228916499915896e-18
-3.405,-3.815366660912386e-18,9.351108212500393e-18
-3.404,-3.865461581891653e-18,9.47491830684993e-18
-3.403,-3.916219429278605e-18,9.600368225383174e-18
-3.402,-3.967649049035198e-18,9.727479694712916e-18
-3.401,-4.019759406184452e-18,9.856274729413869e-18
-3.4,-4.072559586427082e-18,9.986775635840425e-18
-3.399,-4.126058797780273e-18,1.0119005015995043e-17
-3.398,-4.180266372238911e-18,1.0252985771447937e-17
-3.397,-4.235191767459567e-18,1.0388741107308733e-17
-3.396,-4.290844568467562e-18,1.0526294536250808e-17
-3.395,-4.347234489387428e-18,1.0665669882588984e-17
-3.394,-4.404371375197078e-18,1.0806891286411295e-17
-3.393,-4.462265203506035e-18,1.0949983207765557e-17
-3.392,-4.520926086358026e-18,1.1094970430901448e-17
-3.391,-4.5803642720583005e-18,1.1241878068568838e-17
-3.39,-4.640590147026002e-18,1.1390731566373125e-17
-3.389,-4.701614237671947e-18,1.1541556707188332e-17
-3.388,-4.763447212302151e-18,1.1694379615628714e-17
-3.387,-4.826099883047478e-18,1.1849226762579671e-17
-3.386,-4.889583207819751e-18,1.2006124969788747e-17
-3.385,-4.953908292294711e-18,1.2165101414517502e-17
-3.384,-5.0190863919221766e-18,1.2326183634255089e-17
-3.383,-5.085128913963802e-18,1.248939953149431e-17
-3.382,-5.152047419558795e-18,1.2654777378571048e-17
-3.381,-5.2198536258179956e-18,1.2822345822567831e-17
-3.38,-5.288559407946701e-18,1.2992133890282462e-17
-3.379,-5.35817680139664e-18,1.3164170993262507e-17
-3.378,-5.4287180040474935e-18,1.333848693290657e-17
-3.377,-5.5001953784183816e-18,1.3515111905633205e-17
-3.376,-5.572621453909718e-18,1.3694076508118373e-17
-3.375,-5.646008929075865e-18,1.3875411742602358e-17
-3.374,-5.7203706739290074e-18,1.4059149022267058e-17
-3.373,-5.795719732274687e-18,1.4245320176684584e-17
-3.372,-5.872069324079419e-18,1.443395745733812e-17
-3.371,-5.949432847870862e-18,1.4625093543215982e-17
-3.37,-6.027823883170962e-18,1.4818761546479875e-17
-3.369,-6.107256192962556e-18,1.5014995018208315e-17
-3.368,-6.187743726189878e-18,1.5213827954216214e-17
-3.367,-6.269300620293445e-18,1.5415294800951633e-17
-3.366,-6.351941203779806e-18,1.5619430461470742e-17
-3.365,-6.435679998826629e-18,1.582627030149203e-17
-3.364,-6.520531723923616e-18,1.6035850155530755e-17
-3.363,-6.606511296549748e-18,1.6248206333114796e-17
-3.362,-6.693633835887365e-18,1.646337562508291e-17
-3.361,-6.781914665573583e-18,1.6681395309966504e-17
-3.36,-6.871369316489578e-18,1.6902303160456068e-17
-3.359,-6.962013529588249e-18,1.7126137449953317e-17
-3.358,-7.053863258760811e-18,1.735293695921027e-17
-3.357,-7.146934673742839e-18,1.7582740983056326e-17
-3.356,-7.24124416306032e-18,1.7815589337214593e-17
-3.355,-7.336808337016273e-18,1.8051522365208578e-17
-3.354,-7.433644030718489e-18,1.8290580945360476e-17
-3.353,-7.531768307148975e-18,1.8532806497882276e-17
-3.352,-7.631198460275669e-18,1.8778240992060898e-17
-3.351,-7.731952018207016e-18,1.9026926953538603e-17
-3.35,-7.83404674639002e-18,1.927890747168997e-17
-3.349,-7.937500650852329e-18,1.9534226207096675e-17
-3.348,-8.042331981489027e-18,1.9792927399121438e-17
-3.347,-8.148559235394698e-18,2.0055055873582353e-17
-3.346,-8.256201160241433e-18,2.0320657050529032e-17
-3.345,-8.365276757703385e-18,2.0589776952121867e-17
-3.344,-8.47580528692855e-18,2.0862462210615743e-17
-3.343,-8.5878062680584e-18,2.1138760076449686e-17
-3.342,-8.701299485796072e-18,2.141871842644372e-17
-3.341,-8.816304993023734e-18,2.17023857721045e-17
-3.34,-8.93284311446987e-18,2.198981126804101e-17
-3.339,-9.050934450427142e-18,2.2281044720491918e-17
-3.338,-9.170599880521538e-18,2.2576136595966004e-17
-3.337,-9.291860567533525e-18,2.2875138029997147e-17
-3.336,-9.414737961271938e-18,2.3178100836015443e-17
-3.335,-9.539253802501318e-18,2.3485077514335935e-17
-3.334,-9.665430126923458e-18,2.3796121261266575e-17
-3.333,-9.793289269213918e-18,2.4111285978336945e-17
-3.332,-9.922853867114247e-18,2.443062628164936e-17
-3.331,-1.0054146865580719e-17,2.4754197511354005e-17
-3.33,-1.0187191520990354e-17,2.5082055741249685e-17
-3.329,-1.0322011405405013e-17,2.541425778851191e-17
-3.328,-1.0458630410894399e-17,2.5750861223550004e-17
-3.327,-1.0597072753918763e-17,2.6091924379994877e-17
-3.326,-1.0737362979772162e-17,2.6437506364819312e-17
-3.325,-1.0879525967087095e-17,2.6787667068592396e-17
-3.324,-1.1023586932401402e-17,2.7142467175869976e-17
-3.323,-1.1169571434788245e-17,2.750196817572289e-17
-3.322,-1.1317505380550108e-17,2.7866232372404803e-17
-3.321,-1.1467415027977667e-17,2.823532289616153e-17
-3.32,-1.1619326992174445e-17,2.8609303714183657e-17
-3.319,-1.177326824994817e-17,2.8988239641704486e-17
-3.318,-1.1929266144769778e-17,2.937219635324506e-17
-3.317,-1.2087348391800977e-17,2.9761240394008345e-17
-3.316,-1.2247543082991359e-17,3.015543919142452e-17
-3.315,-1.2409878692245998e-17,3.0554861066849355e-17
-3.314,-1.2574384080664554e-17,3.0959575247417716e-17
-3.313,-1.2741088501852838e-17,3.136965187805426e-17
-3.312,-1.291002160730789e-17,3.1785162033643395e-17
-3.311,-1.3081213451877571e-17,3.2206177731360647e-17
-3.31,-1.32546944992957e-17,3.2632771943167504e-17
-3.309,-1.3430495627793831e-17,3.3065018608472016e-17
-3.308,-1.3608648135790693e-17,3.35029926469572e-17
-3.307,-1.3789183747660404e-17,3.394676997157964e-17
-3.306,-1.3972134619580546e-17,3.4396427501740404e-17
-3.305,-1.415753334546124e-17,3.485204317663063e-17
-3.304,-1.4345412962956305e-17,3.531369596875409e-17
-3.303,-1.4535806959557703e-17,3.578146589762906e-17
-3.302,-1.472874927877439e-17,3.625543404367188e-17
-3.301,-1.4924274326396774e-17,3.673568256226463e-17
-3.3,-1.512241697684797e-17,3.722229469800935e-17
-3.299,-1.5323212579623046e-17,3.771535479917127e-17
-3.298,-1.552669696581756e-17,3.821494833231354e-17
-3.297,-1.57329064547465e-17,3.8721161897126073e-17
-3.296,-1.594187786065506e-17,3.9234083241450984e-17
-3.295,-1.6153648499522393e-17,3.9753801276507284e-17
-3.294,-1.6368256195959707e-17,4.0280406092317446e-17
-3.293,-1.6585739290204033e-17,4.0813988973338565e-17
-3.292,-1.6806136645208955e-17,4.135464241430073e-17
-3.291,-1.7029487653833703e-17,4.190246013625549e-17
-3.29,-1.725583224613196e-17,4.2457537102837035e-17
-3.289,-1.7485210896741777e-17,4.3019969536739116e-17
-3.288,-1.771766463237803e-17,4.3589854936410315e-17
-3.287,-1.7953235039428828e-17,4.416729209297083e-17
-3.286,-1.8191964271657348e-17,4.475238110735345e-17
-3.285,-1.843389505801055e-17,4.534522340767195e-17
-3.284,-1.867907071053629e-17,4.5945921766819634e-17
-3.283,-1.8927535132410334e-17,4.655458032030138e-17
-3.282,-1.9179332826074815e-17,4.717130458430205e-17
-3.281,-1.9434508901489687e-17,4.7796201473994485e-17
-3.28,-1.9693109084498773e-17,4.8429379322090316e-17
-3.279,-1.9955179725312e-17,4.907094789763667e-17
-3.278,-2.0220767807105423e-17,4.972101842506218e-17
-3.277,-2.0489920954740774e-17,5.037970360347553e-17
-3.276,-2.0762687443606075e-17,5.104711762621983e-17
-3.275,-2.103911620857914e-17,5.172337620068636e-17
-3.274,-2.1319256853115604e-17,5.240859656839095e-17
-3.273,-2.1603159658463266e-17,5.3102897525316647e-17
-3.272,-2.18908755930045e-17,5.3806399442526026e-17
-3.271,-2.2182456321728508e-17,5.451922428704686e-17
-3.27,-2.247795421583529e-17,5.5241495643034705e-17
-3.269,-2.2777422362473126e-17,5.597333873321609e-17
-3.268,-2.308091457461144e-17,5.671488044061599e-17
-3.267,-2.338848540105101e-17,5.746624933057347e-17
-3.266,-2.370019013657334e-17,5.822757567304913e-17
-3.265,-2.4016084832231265e-17,5.899899146522838e-17
-3.264,-2.4336226305782666e-17,5.978063045442443e-17
-3.263,-2.4660672152269372e-17,6.05726281612849e-17
-3.262,-2.4989480754743258e-17,6.137512190330617e-17
-3.261,-2.5322711295141588e-17,6.218825081865946e-17
-3.26,-2.5660423765313727e-17,6.301215589033282e-17
-3.259,-2.600267897820134e-17,6.384697997059327e-17
-3.258,-2.6349538579174213e-17,6.469286780577315e-17
-3.257,-2.670106505752388e-17,6.554996606138524e-17
-3.256,-2.7057321758117312e-17,6.641842334757078e-17
-3.255,-2.741837289321285e-17,6.729839024488494e-17
-3.254,-2.778428355444072e-17,6.819001933042408e-17
-3.253,-2.815511972495038e-17,6.909346520429953e-17
-3.252,-2.853094829172713e-17,7.000888451646229e-17
-3.251,-2.891183705808024e-17,7.09364359938834e-17
-3.25,-2.9297854756305115e-17,7.187628046809464e-17
-3.249,-2.968907106052188e-17,7.282858090309441e-17
-3.248,-3.008555659969289e-17,7.37935024236236e-17
-3.247,-3.048738297082165e-17,7.477121234381622e-17
-3.246,-3.089462275233572e-17,7.576188019623007e-17
-3.245,-3.1307349517656195e-17,7.676567776126208e-17
-3.244,-3.1725637848956334e-17,7.778277909695382e-17
-3.243,-3.214956335111207e-17,7.881336056919201e-17
-3.242,-3.257920266584701e-17,7.985760088230957e-17
-3.241,-3.301463348607476e-17,8.091568111009213e-17
-3.24,-3.345593457044125e-17,8.198778472719591e-17
-3.239,-3.3903185758069913e-17,8.307409764098183e-17
-3.238,-3.435646798351262e-17,8.417480822377191e-17
-3.237,-3.4815863291909166e-17,8.529010734553303e-17
-3.236,-3.52814548543583e-17,8.642018840699427e-17
-3.235,-3.57533269835033e-17,8.756524737320301e-17
-3.234,-3.6231565149335e-17,8.872548280752616e-17
-3.233,-3.6716255995215484e-17,8.990109590610186e-17
-3.232,-3.7207487354125414e-17,9.109229053274814e-17
-3.231,-3.77053482651382e-17,9.229927325433422e-17
-3.23,-3.820992899012424e-17,9.352225337662077e-17
-3.229,-3.8721321030688367e-17,9.476144298057521e-17
-3.228,-3.923961714534385e-17,9.601705695916855e-17
-3.227,-3.976491136692635e-17,9.728931305465998e-17
-3.226,-4.029729902025101e-17,9.85784318963756e-17
-3.225,-4.0836876740016294e-17,9.988463703898813e-17
-3.224,-4.1383742488958e-17,1.0120815500130398e-16
-3.223,-4.193799557625686e-17,1.0254921530556447e-16
-3.222,-4.2499736676203463e-17,1.0390805051726805e-16
-3.221,-4.306906784712402e-17,1.0528489628552039e-16
-3.22,-4.364609255057066e-17,1.0667999138391937e-16
-3.219,-4.4230915670779997e-17,1.0809357775198201e-16
-3.218,-4.482364353440378e-17,1.0952590053712054e-16
-3.217,-4.542438393051537e-17,1.1097720813717488e-16
-3.216,-4.6033246130896e-17,1.124477522435089e-16
-3.215,-4.665034091060481e-17,1.1393778788467802e-16
-3.214,-4.727578056883648e-17,1.1544757347067552e-16
-3.213,-4.790967895007071e-17,1.1697737083776539e-16
-3.212,-4.855215146551758e-17,1.1852744529390947e-16
-3.211,-4.920331511486286e-17,1.2009806566479672e-16
-3.21,-4.986328850831774e-17,1.2168950434048253e-16
-3.209,-5.0532191888977023e-17,1.2330203732264632e-16
-3.208,-5.121014715549027e-17,1.2493594427247555e-16
-3.207,-5.189727788505029e-17,1.265915085591842e-16
-3.206,-5.2593709356703455e-17,1.282690173091747e-16
-3.205,-5.329956857498628e-17,1.2996876145585103e-16
-3.204,-5.401498429389306e-17,1.3169103579009245e-16
-3.203,-5.474008704117908e-17,1.3343613901139607e-16
-3.202,-5.5475009143004164e-17,1.352043737796971e-16
-3.201,-5.621988474892143e-17,1.3699604676787632e-16
-3.2,-5.697484985721602e-17,1.3881146871496298e-16
-3.199,-5.774004234059888e-17,1.4065095448004332e-16
-3.198,-5.851560197226041e-17,1.4251482309688326e-16
-3.197,-5.930167045228934e-17,1.4440339782927515e-16
-3.196,-6.009839143446161e-17,1.4631700622711796e-16
-3.195,-6.090591055340492e-17,1.4825598018324093e-16
-3.194,-6.172437545214386e-17,1.5022065599098014e-16
-3.193,-6.255393581003124e-17,1.5221137440251812e-16
-3.192,-6.3394743371071e-17,1.5422848068799678e-16
-3.191,-6.42469519726382e-17,1.562723246954137e-16
-3.19,-6.511071757460173e-17,1.5834326091131212e-16
-3.189,-6.598619828885545e-17,1.604416485222754e-16
-3.188,-6.687355440926355e-17,1.6256785147723628e-16
-3.187,-6.777294844202577e-17,1.6472223855061201e-16
-3.186,-6.868454513646885e-17,1.6690518340627606e-16
-3.185,-6.960851151626971e-17,1.691170646623777e-16
-3.184,-7.054501691111694e-17,1.7135826595702047e-16
-3.183,-7.149423298881637e-17,1.7362917601481115e-16
-3.182,-7.245633378784741e-17,1.7593018871429043e-16
-3.181,-7.343149575037618e-17,1.7826170315625736e-16
-3.18,-7.441989775573213e-17,1.8062412373299907e-16
-3.179,-7.542172115435451e-17,1.8301786019843792e-16
-3.178,-7.643714980221557e-17,1.8544332773920822e-16
-3.177,-7.746637009572704e-17,1.8790094704667473e-16
-3.176,-7.850957100713672e-17,1.9039114438990557e-16
-3.175,-7.95669441204223e-17,1.9291435168961206e-16
-3.174,-8.063868366768922e-17,1.9547100659306825e-16
-3.173,-8.172498656607993e-17,1.9806155255002327e-16
-3.172,-8.282605245520152e-17,2.0068643888961952e-16
-3.171,-8.394208373507932e-17,2.033461208983301e-16
-3.17,-8.507328560464374e-17,2.0604105989892887e-16
-3.169,-8.621986610075793e-17,2.087717233305069e-16
-3.168,-8.738203613779402e-17,2.1153858482954911e-16
-3.167,-8.856000954776554e-17,2.143421243120853e-16
-3.166,-8.975400312102408e-17,2.1718282805692936e-16
-3.165,-9.096423664752791e-17,2.2006118879002173e-16
-3.164,-9.219093295869102e-17,2.2297770576988904e-16
-3.163,-9.343431796982055e-17,2.259328848742363e-16
-3.162,-9.469462072315092e-17,2.2892723868768606e-16
-3.161,-9.597207343148331e-17,2.319612865906803e-16
-3.16,-9.72669115224389e-17,2.3503555484955997e-16
-3.159,-9.857937368333459e-17,2.3815057670783813e-16
-3.158,-9.990970190669015e-17,2.4130689247868216e-16
-3.157,-1.0125814153637556e-16,2.445050496386214e-16
-3.156,-1.0262494131440771e-16,2.4774560292249604e-16
-3.155,-1.040103534284057e-16,2.5102911441966414e-16
-3.154,-1.0541463355971397e-16,2.5435615367148296e-16
-3.153,-1.0683804093220288e-16,2.577272977700818e-16
-3.152,-1.0828083836175612e-16,2.6114313145844345e-16
-3.151,-1.0974329230645496e-16,2.6460424723181133e-16
-3.15,-1.1122567291746894e-16,2.6811124544044003e-16
-3.149,-1.1272825409066332e-16,2.7166473439370704e-16
-3.148,-1.1425131351893322e-16,2.752653304656036e-16
-3.147,-1.1579513274527465e-16,2.7891365820162306e-16
-3.146,-1.1735999721660352e-16,2.8261035042706504e-16
-3.145,-1.189461963383323e-16,2.8635604835677434e-16
-3.144,-1.2055402352971584e-16,2.9015140170633344e-16
-3.143,-1.2218377627997694e-16,2.939970688047278e-16
-3.142,-1.2383575620522283e-16,2.9789371670850377e-16
-3.141,-1.255102691061636e-16,3.018420213174384e-16
-3.14,-1.272076250266442e-16,3.0584266749174143e-16
-3.139,-1.2892813831300152e-16,3.098963491708097e-16
-3.138,-1.3067212767425814e-16,3.140037694935544e-16
-3.137,-1.3243991624316455e-16,3.181656409203224e-16
-3.136,-1.3423183163810239e-16,3.2238268535643194e-16
-3.135,-1.3604820602586015e-16,3.26655634277345e-16
-3.134,-1.3788937618529452e-16,3.3098522885549723e-16
-3.133,-1.397556835718893e-16,3.3537222008880765e-16
-3.132,-1.4164747438322514e-16,3.3981736893089083e-16
-3.131,-1.4356509962537262e-16,3.4432144642299293e-16
-3.13,-1.4550891518022222e-16,3.488852338276755e-16
-3.129,-1.4747928187376394e-16,3.535095227642698e-16
-3.128,-1.4947656554533078e-16,3.5819511534612507e-16
-3.127,-1.51501137117819e-16,3.6294282431967375e-16
-3.126,-1.5355337266889967e-16,3.677534732053394e-16
-3.125,-1.5563365350323527e-16,3.7262789644030997e-16
-3.124,-1.577423662257156e-16,3.7756693952320187e-16
-3.123,-1.5987990281572786e-16,3.8257145916064017e-16
-3.122,-1.62046660702475e-16,3.876423234157792e-16
-3.121,-1.6424304284135782e-16,3.9278041185879065e-16
-3.12,-1.6646945779143566e-16,3.9798661571934387e-16
-3.119,-1.68726319793981e-16,4.032618380411056e-16
-3.118,-1.7101404885214356e-16,4.0860699383828536e-16
-3.117,-1.7333307081173995e-16,4.1402301025425393e-16
-3.116,-1.7568381744318425e-16,4.195108267222619e-16
-3.115,-1.780667265245765e-16,4.2507139512828655e-16
-3.114,-1.8048224192596494e-16,4.3070567997603454e-16
-3.113,-1.8293081369479926e-16,4.3641465855413025e-16
-3.112,-1.854128981425912e-16,4.421993211055164e-16
-3.111,-1.8792895793280017e-16,4.480606709990991e-16
-3.11,-1.9047946216996122e-16,4.539997249036641e-16
-3.109,-1.9306488649007284e-16,4.600175129640969e-16
-3.108,-1.9568571315226268e-16,4.661150789799348e-16
-3.107,-1.9834243113174942e-16,4.722934805862836e-16
-3.106,-2.0103553621411915e-16,4.785537894371297e-16
-3.105,-2.03765531090935e-16,4.848970913910781e-16
-3.104,-2.0653292545669896e-16,4.913244866995506e-16
-3.103,-2.0933823610718535e-16,4.97837090197474e-16
-3.102,-2.1218198703916515e-16,5.044360314964945e-16
-3.101,-2.150647095515413e-16,5.111224551807478e-16
-3.1,-2.1798694234791482e-16,5.17897521005223e-16
-3.099,-2.2094923164060232e-16,5.247624040967506e-16
-3.098,-2.2395213125612554e-16,5.317182951576519e-16
-3.097,-2.2699620274219384e-16,5.387664006720841e-16
-3.096,-2.300820154762008e-16,5.459079431151167e-16
-3.095,-2.332101467752568e-16,5.531441611645752e-16
-3.094,-2.3638118200777933e-16,5.604763099156897e-16
-3.093,-2.395957147066632e-16,5.679056610985831e-16
-3.092,-2.4285434668405267e-16,5.754335032986399e-16
-3.091,-2.4615768814774e-16,5.830611421797906e-16
-3.09,-2.4950635781921114e-16,5.907899007107508e-16
-3.089,-2.5290098305336423e-16,5.986211193942568e-16
-3.088,-2.5634219995992364e-16,6.065561564993331e-16
-3.087,-2.598306535265738e-16,6.145963882966351e-16
-3.086,-2.6336699774383787e-16,6.227432092969053e-16
-3.085,-2.669518957317253e-16,6.309980324925876e-16
-3.084,-2.7058601986817474e-16,6.393622896026364e-16
-3.083,-2.7427005191931614e-16,6.478374313205676e-16
-3.082,-2.7800468317158004e-16,6.56424927565791e-16
-3.081,-2.8179061456567885e-16,6.651262677382695e-16
-3.08,-2.8562855683248713e-16,6.739429609765478e-16
-3.079,-2.8951923063084907e-16,6.828765364191957e-16
-3.078,-2.934633666873387e-16,6.919285434697108e-16
-3.077,-2.9746170593800275e-16,7.011005520649273e-16
-3.076,-3.015149996721129e-16,7.103941529469755e-16
-3.075,-3.05624009677957e-16,7.198109579388401e-16
-3.074,-3.09789508390698e-16,7.293526002235651e-16
-3.073,-3.140122790423302e-16,7.390207346271522e-16
-3.072,-3.1829311581376275e-16,7.488170379052033e-16
-3.071,-3.226328239890607e-16,7.587432090333544e-16
-3.07,-3.270322201118749e-16,7.688009695015529e-16
-3.069,-3.314921321440906e-16,7.789920636122282e-16
-3.068,-3.3601339962672906e-16,7.893182587824067e-16
-3.067,-3.405968738431308e-16,7.997813458498244e-16
-3.066,-3.4524341798445683e-16,8.103831393830886e-16
-3.065,-3.499539073175377e-16,8.211254779959436e-16
-3.064,-3.5472922935510635e-16,8.320102246656926e-16
-3.063,-3.5957028402844743e-16,8.430392670558336e-16
-3.062,-3.644779838624981e-16,8.542145178429615e-16
-3.061,-3.694532541534352e-16,8.65537915047996e-16
-3.06,-3.7449703314878437e-16,8.770114223717902e-16
-3.059,-3.796102722300877e-16,8.886370295351784e-16
-3.058,-3.847939360981652e-16,9.00416752623523e-16
-3.057,-3.900490029610085e-16,9.123526344358164e-16
-3.056,-3.9537646472434367e-16,9.244467448384035e-16
-3.055,-4.007773271849015e-16,9.367011811233795e-16
-3.054,-4.062526102264342e-16,9.49118068371731e-16
-3.053,-4.118033480185172e-16,9.616995598212776e-16
-3.052,-4.1743058921817633e-16,9.744478372394807e-16
-3.051,-4.231353971743811e-16,9.873651113011835e-16
-3.05,-4.289188501354442e-16,1.0004536219713447e-15
-3.049,-4.347820414593694e-16,1.0137156388928365e-15
-3.048,-4.407260798271902e-16,1.027153461779368e-15
-3.047,-4.46752089459341e-16,1.0407694208136073e-15
-3.046,-4.528612103351059e-16,1.0545658770505667e-15
-3.045,-4.590545984151874e-16,1.0685452228263224e-15
-3.044,-4.653334258674405e-16,1.0827098821721396e-15
-3.043,-4.716988812958179e-16,1.097062311234072e-15
-3.042,-4.781521699725712e-16,1.1116049986981113e-15
-3.041,-4.846945140737558e-16,1.1263404662209565e-15
-3.04,-4.913271529180855e-16,1.1412712688664803e-15
-3.039,-4.980513432091868e-16,1.156399995547965e-15
-3.038,-5.048683592812989e-16,1.1717292694761864e-15
-3.037,-5.11779493348471e-16,1.187261748613421e-15
-3.036,-5.187860557573061e-16,1.2030001261334563e-15
-3.035,-5.258893752433017e-16,1.2189471308876822e-15
-3.034,-5.330907991908396e-16,1.235105527877344e-15
-3.033,-5.403916938968769e-16,1.2514781187320387e-15
-3.032,-5.477934448383904e-16,1.2680677421945366e-15
-3.031,-5.552974569436304e-16,1.2848772746120126e-15
-3.03,-5.62905154867235e-16,1.3019096304337691e-15
-3.029,-5.706179832692636e-16,1.3191677627155402e-15
-3.028,-5.784374070982037e-16,1.3366546636304606e-15
-3.027,-5.863649118780089e-16,1.3543733649867881e-15
-3.026,-5.944020039992253e-16,1.3723269387524706e-15
-3.025,-6.025502110142648e-16,1.390518497586644e-15
-3.024,-6.108110819368854e-16,1.408951195378157e-15
-3.023,-6.191861875459391e-16,1.4276282277912124e-15
-3.022,-6.276771206934466e-16,1.4465528328182189e-15
-3.021,-6.362854966170631e-16,1.46572829133995e-15
-3.02,-6.450129532569971e-16,1.4851579276931065e-15
-3.019,-6.538611515774454e-16,1.5048451102453768e-15
-3.018,-6.628317758926115e-16,1.524793251978099e-15
-3.017,-6.719265341973695e-16,1.5450058110766208e-15
-3.016,-6.811471585026434e-16,1.5654862915284616e-15
-3.015,-6.90495405175568e-16,1.5862382437293776e-15
-3.014,-6.99973055284499e-16,1.6072652650974346e-15
-3.013,-7.095819149489448e-16,1.6285710006951963e-15
-3.012,-7.193238156944868e-16,1.6501591438601306e-15
-3.011,-7.2920061481276375e-16,1.6720334368433477e-15
-3.01,-7.392141957265886e-16,1.6941976714567747e-15
-3.009,-7.493664683602759e-16,1.7166556897288819e-15
-3.008,-7.596593695152507e-16,1.7394113845690705e-15
-3.007,-7.70094863251017e-16,1.762468700440839e-15
-3.006,-7.806749412715623e-16,1.7858316340438404e-15
-3.005,-7.914016233172754e-16,1.8095042350049516e-15
-3.004,-8.022769575624578e-16,1.8334906065784685e-15
-3.003,-8.133030210185081e-16,1.857794906355552e-15
-3.002,-8.244819199428611e-16,1.8824213469830457e-15
-3.001,-8.358157902537646e-16,1.9073741968917864e-15
-3.0,-8.473067979509772e-16,1.9326577810345336e-15
-2.999,-8.589571395424723e-16,1.958276481633647e-15
-2.998,-8.707690424772346e-16,1.9842347389386384e-15
-2.997,-8.827447655842368e-16,2.0105370519937267e-15
-2.996,-8.948865995176852e-16,2.0371879794155312e-15
-2.995,-9.07196867208623e-16,2.0641921401810354e-15
-2.994,-9.196779243229857e-16,2.0915542144259553e-15
-2.993,-9.323321597261973e-16,2.1192789442536494e-15
-2.992,-9.45161995954405e-16,2.1473711345547123e-15
-2.991,-9.58169889692444e-16,2.1758356538373905e-15
-2.99,-9.713583322586346e-16,2.2046774350689597e-15
-2.989,-9.847298500965027e-16,2.233901476528216e-15
-2.988,-9.98287005273529e-16,2.2635128426692184e-15
-2.987,-1.0120323959870257e-15,2.293516664996438e-15
-2.986,-1.0259686570772424e-15,2.3239181429514592e-15
-2.985,-1.0400984605478063e-15,2.3547225448113893e-15
-2.984,-1.0544245160936033e-15,2.385935208599125e-15
-2.983,-1.0689495716362025e-15,2.4175615430056396e-15
-2.982,-1.0836764138669383e-15,2.44960702832444e-15
-2.981,-1.0986078687977568e-15,2.482077217398364e-15
-2.98,-1.1137468023199368e-15,2.514977736578871e-15
-2.979,-1.1290961207708037e-15,2.548314286697996e-15
-2.978,-1.144658771508547e-15,2.5820926440531342e-15
-2.977,-1.1604377434952573e-15,2.616318661404819e-15
-2.976,-1.1764360678883065e-15,2.650998268987672e-15
-2.975,-1.1926568186401846e-15,2.6861374755346954e-15
-2.974,-1.2091031131069185e-15,2.7217423693150797e-15
-2.973,-1.2257781126651973e-15,2.757819119185707e-15
-2.972,-1.2426850233383248e-15,2.7943739756565348e-15
-2.971,-1.2598270964311309e-15,2.831413271970031e-15
-2.97,-1.277207629173969e-15,2.8689434251948583e-15
-2.969,-1.2948299653759289e-15,2.906970937333988e-15
-2.968,-1.3126974960873997e-15,2.945502396447432e-15
-2.967,-1.3308136602721171e-15,2.984544477789793e-15
-2.966,-1.3491819454888307e-15,3.024103944962818e-15
-2.965,-1.3678058885827293e-15,3.06418765108316e-15
-2.964,-1.386689076386768e-15,3.104802539965547e-15
-2.963,-1.405835146433034e-15,3.145955647321555e-15
-2.962,-1.425247787674302e-15,3.187654101974198e-15
-2.961,-1.4449307412159209e-15,3.2299051270885394e-15
-2.96,-1.4648878010581826e-15,3.2727160414185356e-15
-2.959,-1.4851228148493254e-15,3.3160942605703254e-15
-2.958,-1.505639684649321e-15,3.360047298282182e-15
-2.957,-1.5264423677046047e-15,3.4045827677213458e-15
-2.956,-1.5475348772339044e-15,3.449708382797963e-15
-2.955,-1.5689212832253279e-15,3.49543195949635e-15
-2.954,-1.5906057132448719e-15,3.541761417223815e-15
-2.953,-1.6125923532565162e-15,3.588704780177269e-15
-2.952,-1.6348854484540713e-15,3.636270178727853e-15
-2.951,-1.657489304104947e-15,3.68446585082383e-15
-2.95,-1.680408286406015e-15,3.733300143411968e-15
-2.949,-1.7036468233517398e-15,3.7827815138776695e-15
-2.948,-1.727209405614755e-15,3.832918531504087e-15
-2.947,-1.7511005874390616e-15,3.883719878950473e-15
-2.946,-1.775324987546035e-15,3.935194353750029e-15
-2.945,-1.7998872900534223e-15,3.987350869827487e-15
-2.944,-1.8247922454075143e-15,4.040198459036708e-15
-2.943,-1.850044671328692e-15,4.093746272718548e-15
-2.942,-1.8756494537705277e-15,4.148003583279252e-15
-2.941,-1.901611547892644e-15,4.2029797857896635e-15
-2.94,-1.9279359790475304e-15,4.258684399605503e-15
-2.939,-1.9546278437815124e-15,4.315127070009006e-15
-2.938,-1.9816923108500825e-15,4.372317569872198e-15
-2.937,-2.0091346222477964e-15,4.43026580134209e-15
-2.936,-2.036960094252948e-15,4.488981797548076e-15
-2.935,-2.0651741184872366e-15,4.548475724331841e-15
-2.934,-2.0937821629906343e-15,4.608757882000054e-15
-2.933,-2.122789773311689e-15,4.669838707100163e-15
-2.932,-2.1522025736134654e-15,4.731728774219585e-15
-2.931,-2.1820262677953704e-15,4.7944387978086044e-15
-2.93,-2.2122666406310735e-15,4.857979634027285e-15
-2.929,-2.242929558922769e-15,4.922362282616714e-15
-2.928,-2.274020972672006e-15,4.987597888794904e-15
-2.927,-2.3055469162673306e-15,5.0536977451776646e-15
-2.926,-2.337513509688982e-15,5.120673293724776e-15
-2.925,-2.3699269597308868e-15,5.188536127711806e-15
-2.924,-2.4027935612402032e-15,5.257297993727894e-15
-2.923,-2.436119698374666e-15,5.326970793699845e-15
-2.922,-2.4699118458779955e-15,5.397566586942891e-15
-2.921,-2.5041765703736205e-15,5.469097592238454e-15
-2.92,-2.538920531676992e-15,5.541576189939274e-15
-2.919,-2.574150484126745e-15,5.61501492410226e-15
-2.918,-2.609873277934989e-15,5.6894265046494275e-15
-2.917,-2.6460958605569994e-15,5.764823809557285e-15
-2.916,-2.6828252780805897e-15,5.841219887075058e-15
-2.915,-2.7200686766354494e-15,5.918627957972113e-15
-2.914,-2.757833303822739e-15,5.997061417814969e-15
-2.913,-2.7961265101652283e-15,6.076533839274293e-15
-2.912,-2.8349557505782806e-15,6.157058974462261e-15
-2.911,-2.874328585861983e-15,6.238650757300691e-15
-2.91,-2.914252684214723e-15,6.321323305920349e-15
-2.909,-2.9547358227685305e-15,6.405090925091833e-15
-2.908,-2.99578588914649e-15,6.48996810868846e-15
-2.907,-3.03741088304255e-15,6.5759695421815604e-15
-2.906,-3.0796189178240474e-15,6.663110105168621e-15
-2.905,-3.122418222157278e-15,6.751404873934691e-15
-2.904,-3.165817141656449e-15,6.840869124047506e-15
-2.903,-3.2098241405563404e-15,6.931518332986749e-15
-2.902,-3.254447803409036e-15,7.023368182807918e-15
-2.901,-3.2996968368050523e-15,7.116434562841244e-15
-2.9,-3.3455800711192345e-15,7.210733572426114e-15
-2.899,-3.3921064622817656e-15,7.30628152368147e-15
-2.898,-3.4392850935746597e-15,7.403094944312666e-15
-2.897,-3.487125177454104e-15,7.50119058045523e-15
-2.896,-3.535636057399024e-15,7.600585399556057e-15
-2.895,-3.584827209786253e-15,7.701296593292483e-15
-2.894,-3.634708245792684e-15,7.803341580529767e-15
-2.893,-3.685288913324807e-15,7.906738010317464e-15
-2.892,-3.7365790989760134e-15,8.01150376492521e-15
-2.891,-3.788588830012078e-15,8.117656962918429e-15
-2.89,-3.8413282763852255e-15,8.22521596227449e-15
-2.889,-3.8948077527771914e-15,8.334199363539842e-15
-2.888,-3.949037720671698e-15,8.444626013028658e-15
-2.887,-4.0040287904567764e-15,8.556515006063548e-15
-2.886,-4.059791723557355e-15,8.669885690258862e-15
-2.885,-4.116337434598565e-15,8.78475766884718e-15
-2.884,-4.1736769936002e-15,8.901150804049518e-15
-2.883,-4.2318216282027775e-15,9.01908522048985e-15
-2.882,-4.290782725925676e-15,9.138581308654504e-15
-2.881,-4.350571836457786e-15,9.259659728397039e-15
-2.88,-4.411200673981167e-15,9.382341412489183e-15
-2.879,-4.472681119528184e-15,9.506647570218442e-15
-2.878,-4.535025223372597e-15,9.632599691032997e-15
-2.877,-4.598245207455112e-15,9.76021954823449e-15
-2.876,-4.662353467843874e-15,9.889529202719344e-15
-2.875,-4.727362577230426e-15,1.0020551006769242e-14
-2.874,-4.793285287461633e-15,1.015330760789141e-14
-2.873,-4.860134532108101e-15,1.0287821952709362e-14
-2.872,-4.9279234290696135e-15,1.0424117290904756e-14
-2.871,-4.996665283218128e-15,1.0562217179211031e-14
-2.87,-5.0663735890788665e-15,1.0702145485459522e-14
-2.869,-5.137062033550065e-15,1.0843926392678707e-14
-2.868,-5.208744498661928e-15,1.0987584403247308e-14
-2.867,-5.2814350643753675e-15,1.113314434310194e-14
-2.866,-5.355148011421095e-15,1.1280631366000007e-14
-2.865,-5.429897824179657e-15,1.1430070957838611e-14
-2.864,-5.505699193602997e-15,1.1581488941030145e-14
-2.863,-5.582567020178165e-15,1.1734911478935365e-14
-2.862,-5.660516416933759e-15,1.1890365080354654e-14
-2.861,-5.73956271248974e-15,1.2047876604078279e-14
-2.86,-5.8197214541512405e-15,1.220747326349636e-14
-2.859,-5.901008411047e-15,1.2369182631269379e-14
-2.858,-5.983439577313079e-15,1.2533032644059989e-14
-2.857,-6.067031175322512e-15,1.2699051607326952e-14
-2.856,-6.151799658961551e-15,1.2867268200181977e-14
-2.855,-6.237761716953194e-15,1.3037711480310328e-14
-2.854,-6.324934276228665e-15,1.3210410888955996e-14
-2.853,-6.413334505347559e-15,1.33853962559723e-14
-2.852,-6.502979817967336e-15,1.3562697804938764e-14
-2.851,-6.5938878763629015e-15,1.374234615834514e-14
-2.85,-6.686076594996988e-15,1.3924372342843439e-14
-2.849,-6.779564144142069e-15,1.4108807794568888e-14
-2.848,-6.874368953554565e-15,1.4295684364530675e-14
-2.847,-6.970509716202096e-15,1.448503432407344e-14
-2.846,-7.068005392044541e-15,1.4676890370410366e-14
-2.845,-7.166875211869694e-15,1.4871285632228896e-14
-2.844,-7.267138681184315e-15,1.5068253675369943e-14
-2.843,-7.36881558416135e-15,1.5267828508581586e-14
-2.842,-7.471925987644178e-15,1.5470044589348242e-14
-2.841,-7.576490245208672e-15,1.567493682979626e-14
-2.84,-7.68252900128394e-15,1.5882540602676953e-14
-2.839,-7.790063195332579e-15,1.60928917474281e-14
-2.838,-7.899114066091322e-15,1.6306026576314904e-14
-2.837,-8.00970315587294e-15,1.652198188065144e-14
-2.836,-8.12185231493029e-15,1.6740794937103715e-14
-2.835,-8.235583705883424e-15,1.696250351407529e-14
-2.834,-8.350919808210657e-15,1.7187145878176655e-14
-2.833,-8.46788342280453e-15,1.7414760800779347e-14
-2.832,-8.586497676593606e-15,1.7645387564656018e-14
-2.831,-8.706786027231071e-15,1.7879065970707458e-14
-2.83,-8.828772267851072e-15,1.8115836344777838e-14
-2.829,-8.952480531893827e-15,1.835573954455919e-14
-2.828,-9.07793529800045e-15,1.8598816966586398e-14
-2.827,-9.205161394978551e-15,1.884511055332381e-14
-2.826,-9.33418400683961e-15,1.9094662800344685e-14
-2.825,-9.465028677909165e-15,1.9347516763604703e-14
-2.824,-9.597721318010906e-15,1.9603716066810738e-14
-2.823,-9.732288207725687e-15,1.9863304908886144e-14
-2.822,-9.868756003726613e-15,2.0126328071533806e-14
-2.821,-1.0007151744191253e-14,2.0392830926898264e-14
-2.82,-1.0147502854292124e-14,2.066285944532813e-14
-2.819,-1.028983715176658e-14,2.0936460203240177e-14
-2.818,-1.043418285256725e-14,2.121368039108638e-14
-2.817,-1.0580568576594212e-14,2.149456782142527e-14
-2.816,-1.0729023353510066e-14,2.1779170937098933e-14
-2.815,-1.0879576628639135e-14,2.2067538819517077e-14
-2.814,-1.1032258268952e-14,2.23597211970495e-14
-2.813,-1.118709856913661e-14,2.2655768453528425e-14
-2.812,-1.1344128257757234e-14,2.2955731636862087e-14
-2.811,-1.1503378503502516e-14,2.3259662467761064e-14
-2.81,-1.166488092152395e-14,2.356761334857877e-14
-2.809,-1.1828667579866052e-14,2.3879637372267633e-14
-2.808,-1.1994771005989613e-14,2.4195788331452466e-14
-2.807,-1.2163224193389332e-14,2.45161207276225e-14
-2.806,-1.2334060608307238e-14,2.4840689780443693e-14
-2.805,-1.2507314196543274e-14,2.5169551437192848e-14
-2.804,-1.2683019390364466e-14,2.55027623823151e-14
-2.803,-1.2861211115514096e-14,2.5840380047106426e-14
-2.802,-1.3041924798322353e-14,2.6182462619522765e-14
-2.801,-1.3225196372919911e-14,2.652906905411739e-14
-2.8,-1.3411062288555958e-14,2.688025908210826e-14
-2.799,-1.3599559517022166e-14,2.7236093221576945e-14
-2.798,-1.3790725560184163e-14,2.7596632787800904e-14
-2.797,-1.3984598457622068e-14,2.796193990372085e-14
-2.796,-1.4181216794381658e-14,2.8332077510544908e-14
-2.795,-1.4380619708837788e-14,2.8707109378491374e-14
-2.794,-1.458284690067171e-14,2.908710011767189e-14
-2.793,-1.4787938638963908e-14,2.947211518911683e-14
-2.792,-1.4995935770404165e-14,2.986222091594475e-14
-2.791,-1.520687972762056e-14,3.025748449467779e-14
-2.79,-1.54208125376291e-14,3.065797400670491e-14
-2.789,-1.5637776830405785e-14,3.1063758429894857e-14
-2.788,-1.5857815847582828e-14,3.147490765036084e-14
-2.787,-1.6080973451270895e-14,3.189149247437892e-14
-2.786,-1.6307294133009162e-14,3.2313584640461965e-14
-2.785,-1.6536823022845064e-14,3.2741256831591376e-14
-2.784,-1.6769605898545598e-14,3.3174582687608476e-14
-2.783,-1.700568919494213e-14,3.3613636817767744e-14
-2.782,-1.7245120013410623e-14,3.4058494813453905e-14
-2.781,-1.7487946131489258e-14,3.450923326106506e-14
-2.78,-1.773421601263546e-14,3.496592975506402e-14
-2.779,-1.798397881612434e-14,3.5428662911199923e-14
-2.778,-1.823728440709062e-14,3.589751237990252e-14
-2.777,-1.8494183366716144e-14,3.637255885985115e-14
-2.776,-1.8754727002565035e-14,3.685388411172087e-14
-2.775,-1.9018967359068744e-14,3.7341570972107913e-14
-2.774,-1.9286957228163067e-14,3.783570336763681e-14
-2.773,-1.9558750160079424e-14,3.8336366329251623e-14
-2.772,-1.983440047429259e-14,3.8843646006693524e-14
-2.771,-2.0113963270627195e-14,3.935762968316727e-14
-2.77,-2.0397494440525265e-14,3.987840579019892e-14
-2.769,-2.068505067847719e-14,4.040606392268738e-14
-2.768,-2.097668949361846e-14,4.0940694854152153e-14
-2.767,-2.1272469221494605e-14,4.148239055217995e-14
-2.766,-2.1572449035996778e-14,4.203124419407265e-14
-2.765,-2.1876688961470465e-14,4.258735018269932e-14
-2.764,-2.218524988499986e-14,4.3150804162554784e-14
-2.763,-2.2498193568870412e-14,4.372170303602757e-14
-2.762,-2.2815582663212224e-14,4.430014497987986e-14
-2.761,-2.313748071882684e-14,4.488622946194218e-14
-2.76,-2.3463952200200163e-14,4.5480057258025643e-14
-2.759,-2.379506249870418e-14,4.608173046905457e-14
-2.758,-2.4130877945990244e-14,4.669135253842225e-14
-2.757,-2.4471465827576725e-14,4.730902826957286e-14
-2.756,-2.4816894396633835e-14,4.793486384381239e-14
-2.755,-2.5167232887968506e-14,4.8568966838351456e-14
-2.754,-2.552255153221224e-14,4.9211446244583204e-14
-2.753,-2.5882921570214897e-14,4.9862412486599165e-14
-2.752,-2.6248415267647375e-14,5.0521977439946174e-14
-2.751,-2.6619105929816296e-14,5.119025445062752e-14
-2.75,-2.699506791669372e-14,5.186735835435147e-14
-2.749,-2.7376376658165054e-14,5.25534054960303e-14
-2.748,-2.7763108669498335e-14,5.3248513749533106e-14
-2.747,-2.8155341567038093e-14,5.395280253769576e-14
-2.746,-2.855315408412708e-14,5.466639285259115e-14
-2.745,-2.895662608725918e-14,5.538940727606322e-14
-2.744,-2.936583859246688e-14,5.6121970000528136e-14
-2.743,-2.9780873781946685e-14,5.686420685004609e-14
-2.742,-3.020181502092601e-14,5.761624530166714e-14
-2.741,-3.0628746874774967e-14,5.837821450705467e-14
-2.74,-3.106175512636673e-14,5.915024531439016e-14
-2.739,-3.150092679369001e-14,5.993247029056268e-14
-2.738,-3.1946350147717366e-14,6.07250237436469e-14
-2.737,-3.2398114730533065e-14,6.152804174567343e-14
-2.736,-3.285631137372422e-14,6.234166215569505e-14
-2.735,-3.3321032217039194e-14,6.316602464315277e-14
-2.734,-3.3792370727316984e-14,6.400127071154567e-14
-2.733,-3.427042171769162e-14,6.484754372240819e-14
-2.732,-3.4755281367075646e-14,6.570498891959905e-14
-2.731,-3.5247047239926626e-14,6.657375345390576e-14
-2.73,-3.574581830630089e-14,6.745398640796871e-14
-2.729,-3.625169496219867e-14,6.834583882152911e-14
-2.728,-3.676477905020492e-14,6.924946371700467e-14
-2.727,-3.728517388043005e-14,7.016501612539766e-14
-2.726,-3.7812984251755003e-14,7.10926531125392e-14
-2.725,-3.834831647338513e-14,7.203253380567437e-14
-2.724,-3.8891278386717314e-14,7.298481942039258e-14
-2.723,-3.944197938752492e-14,7.394967328790724e-14
-2.722,-4.000053044846524e-14,7.49272608826898e-14
-2.721,-4.056704414191414e-14,7.591774985046226e-14
-2.72,-4.114163466313257e-14,7.692131003655296e-14
-2.719,-4.172441785376996e-14,7.793811351462029e-14
-2.718,-4.2315511225709245e-14,7.89683346157491e-14
-2.717,-4.2915033985258606e-14,8.001214995792444e-14
-2.716,-4.3523107057694935e-14,8.106973847588771e-14
-2.715,-4.413985311216419e-14,8.214128145137994e-14
-2.714,-4.476539658694378e-14,8.322696254377734e-14
-2.713,-4.5399863715072365e-14,8.43269678211239e-14
-2.712,-4.6043382550352315e-14,8.544148579156653e-14
-2.711,-4.669608299373033e-14,8.657070743519754e-14
-2.71,-4.735809682006178e-14,8.771482623630994e-14
-2.709,-4.802955770526421e-14,8.887403821607063e-14
-2.708,-4.8710601253865884e-14,9.004854196561718e-14
-2.707,-4.940136502695495e-14,9.12385386795833e-14
-2.706,-5.010198857053522e-14,9.244423219005862e-14
-2.705,-5.081261344429441e-14,9.36658290009885e-14
-2.704,-5.1533383250790815e-14,9.490353832301928e-14
-2.703,-5.226444366506471e-14,9.615757210879482e-14
-2.702,-5.300594246468044e-14,9.742814508871012e-14
-2.701,-5.375802956020567e-14,9.871547480712783e-14
-2.7,-5.4520857026134035e-14,1.0001978165906361e-13
-2.699,-5.52945791322578e-14,1.0134128892734632e-13
-2.698,-5.607935237549694e-14,1.0268022282025923e-13
-2.697,-5.687533551219145e-14,1.0403681250966826e-13
-2.696,-5.768268959086355e-14,1.0541129016964358e-13
-2.695,-5.850157798545662e-14,1.0680389101558088e-13
-2.694,-5.933216642905803e-14,1.082148533438288e-13
-2.693,-6.017462304811253e-14,1.0964441857182874e-13
-2.692,-6.102911839713385e-14,1.1109283127877386e-13
-2.691,-6.189582549392132e-14,1.1256033924679392e-13
-2.69,-6.277491985528928e-14,1.1404719350267242e-13
-2.689,-6.366657953331641e-14,1.1555364836010319e-13
-2.688,-6.457098515212284e-14,1.1707996146249319e-13
-2.687,-6.548831994518268e-14,1.1862639382631825e-13
-2.686,-6.641876979317958e-14,1.201932098850394e-13
-2.685,-6.736252326241362e-14,1.2178067753358646e-13
-2.684,-6.831977164376719e-14,1.2338906817341617e-13
-2.683,-6.929070899223841e-14,1.2501865675815268e-13
-2.682,-7.027553216704994e-14,1.2666972183981718e-13
-2.681,-7.127444087234202e-14,1.283425456156546e-13
-2.68,-7.228763769845792e-14,1.3003741397556512e-13
-2.679,-7.331532816383065e-14,1.3175461655014778e-13
-2.678,-7.43577207574797e-14,1.334944467593643e-13
-2.677,-7.541502698212653e-14,1.3525720186183118e-13
-2.676,-7.64874613979382e-14,1.3704318300474753e-13
-2.675,-7.757524166690783e-14,1.3885269527446741e-13
-2.674,-7.867858859788171e-14,1.406860477477246e-13
-2.673,-7.979772619224206e-14,1.425435535435178e-13
-2.672,-8.093288169025538e-14,1.4442552987566553e-13
-2.671,-8.208428561809575e-14,1.4633229810603828e-13
-2.67,-8.325217183555325e-14,1.482641837984772e-13
-2.669,-8.443677758443736e-14,1.5022151677340809e-13
-2.668,-8.563834353768548e-14,1.522046311631589e-13
-2.667,-8.685711384918693e-14,1.542138654679907e-13
-2.666,-8.809333620433282e-14,1.562495626128502e-13
-2.665,-8.934726187130247e-14,1.5831207000485383e-13
-2.664,-9.0619145753097e-14,1.6040173959151217e-13
-2.663,-9.190924644033121e-14,1.625189279197044e-13
-2.662,-9.321782626479465e-14,1.6466399619541214e-13
-2.661,-9.454515135379317e-14,1.6683731034422272e-13
-2.66,-9.589149168528237e-14,1.6903924107261103e-13
-2.659,-9.725712114380455e-14,1.7127016393001058e-13
-2.658,-9.864231757724079e-14,1.7353045937168333e-13
-2.657,-1.000473628543902e-13,1.7582051282239844e-13
-2.656,-1.0147254292338831e-13,1.781407147409306e-13
-2.655,-1.0291814787097694e-13,1.804914606853879e-13
-2.654,-1.0438447198263792e-13,1.8287315137938023e-13
-2.653,-1.0587181380360347e-13,1.8528619277903835e-13
-2.652,-1.0738047620075563e-13,1.8773099614089507e-13
-2.651,-1.0891076642542832e-13,1.9020797809063893e-13
-2.65,-1.1046299617712462e-13,1.927175606927518e-13
-2.649,-1.1203748166816318e-13,1.9526017152104138e-13
-2.648,-1.1363454368926682e-13,1.9783624373008036e-13
-2.647,-1.152545076761076e-13,2.004462161275631e-13
-2.646,-1.1689770377682193e-13,2.030905332475921e-13
-2.645,-1.1856446692051012e-13,2.0576964542490578e-13
-2.644,-1.2025513688673461e-13,2.0848400887005928e-13
-2.643,-1.2197005837603175e-13,2.1123408574557093e-13
-2.642,-1.237095810814515e-13,2.1402034424304605e-13
-2.641,-1.2547405976114046e-13,2.1684325866129078e-13
-2.64,-1.272638543119834e-13,2.197033094854284e-13
-2.639,-1.2907932984431854e-13,2.2260098346703086e-13
-2.638,-1.309208567577425e-13,2.2553677370527846e-13
-2.637,-1.3278881081802097e-13,2.285111797291603e-13
-2.636,-1.3468357323512066e-13,2.315247075807293e-13
-2.635,-1.366055307423797e-13,2.3457786989942444e-13
-2.634,-1.385550756768327e-13,2.3767118600747473e-13
-2.633,-1.405326060607073e-13,2.40805181996397e-13
-2.632,-1.4253852568410941e-13,2.4398039081460304e-13
-2.631,-1.445732441889148e-13,2.47197352356129e-13
-2.63,-1.466371771538841e-13,2.504566135505017e-13
-2.629,-1.4873074618101982e-13,2.5375872845375617e-13
-2.628,-1.5085437898318268e-13,2.5710425834061854e-13
-2.627,-1.5300850947298657e-13,2.6049377179786984e-13
-2.626,-1.5519357785299002e-13,2.639278448189047e-13
-2.625,-1.5741003070720385e-13,2.6740706089950067e-13
-2.624,-1.5965832109393364e-13,2.7093201113481326e-13
-2.623,-1.6193890863997684e-13,2.74503294317612e-13
-2.622,-1.6425225963619447e-13,2.781215170377731e-13
-2.621,-1.6659884713447703e-13,2.817872937830455e-13
-2.62,-1.6897915104612555e-13,2.8550124704110463e-13
-2.619,-1.7139365824166803e-13,2.892640074029117e-13
-2.618,-1.7384286265213253e-13,2.930762136673944e-13
-2.617,-1.763272653717981e-13,2.969385129474651e-13
-2.616,-1.788473747624452e-13,3.0085156077739447e-13
-2.615,-1.8140370655912756e-13,3.0481602122155673e-13
-2.614,-1.8399678397748747e-13,3.08832566984564e-13
-2.613,-1.8662713782263762e-13,3.1290187952280764e-13
-2.612,-1.8929530659963166e-13,3.1702464915742365e-13
-2.611,-1.920018366255476e-13,3.212015751887003e-13
-2.61,-1.9474728214320663e-13,3.254333660119466e-13
-2.609,-1.9753220543655218e-13,3.297207392348388e-13
-2.608,-2.0035717694771298e-13,3.34064421796265e-13
-2.607,-2.0322277539577472e-13,3.384651500866853e-13
-2.606,-2.061295878972859e-13,3.429236700700274e-13
-2.605,-2.090782100885222e-13,3.4744073740713686e-13
-2.604,-2.1206924624953621e-13,3.5201711758080075e-13
-2.603,-2.1510330943001774e-13,3.566535860223655e-13
-2.602,-2.181810215769918e-13,3.613509282399684e-13
-2.601,-2.2130301366438058e-13,3.6610993994840297e-13
-2.6,-2.2446992582445737e-13,3.7093142720063847e-13
-2.599,-2.2768240748121944e-13,3.7581620652101513e-13
-2.598,-2.309411174857082e-13,3.807651050401353e-13
-2.597,-2.342467242533054e-13,3.857789606314717e-13
-2.596,-2.3759990590303364e-13,3.9085862204971497e-13
-2.595,-2.410013503988912e-13,3.960049490708818e-13
-2.594,-2.4445175569325064e-13,4.012188126342057e-13
-2.593,-2.4795182987235085e-13,4.0650109498583274e-13
-2.592,-2.5150229130391434e-13,4.118526898243449e-13
-2.591,-2.5510386878691976e-13,4.1727450244813404e-13
-2.59,-2.587573017035616e-13,4.2276744990464923e-13
-2.589,-2.624633401734294e-13,4.2833246114154114e-13
-2.588,-2.66222745209938e-13,4.3397047715972697e-13
-2.587,-2.700362888790431e-13,4.396824511684003e-13
-2.586,-2.739047544602742e-13,4.454693487420098e-13
-2.585,-2.778289366101196e-13,4.5133214797923127e-13
-2.584,-2.8180964152779795e-13,4.572718396639582e-13
-2.583,-2.858476871234509e-13,4.632894274283358e-13
-2.582,-2.899439031887919e-13,4.693859279178646e-13
-2.581,-2.9409913157024863e-13,4.755623709585978e-13
-2.58,-2.983142263446333e-13,4.818197997264606e-13
-2.579,-3.0259005399737965e-13,4.881592709187166e-13
-2.578,-3.069274936033836e-13,4.945818549276076e-13
-2.577,-3.113274370104852e-13,5.010886360161956e-13
-2.576,-3.15790789025631e-13,5.076807124964328e-13
-2.575,-3.203184676037561e-13,5.143591969094877e-13
-2.574,-3.249114040394255e-13,5.211252162083563e-13
-2.573,-3.295705431612749e-13,5.279799119427848e-13
-2.572,-3.3429684352929226e-13,5.34924440446535e-13
-2.571,-3.3909127763498187e-13,5.419599730270197e-13
-2.57,-3.439548321044523e-13,5.490876961573377e-13
-2.569,-3.4888850790447173e-13,5.563088116707399e-13
-2.568,-3.5389332055153406e-13,5.636245369575535e-13
-2.567,-3.5897030032397925e-13,5.710361051645982e-13
-2.566,-3.6412049247721324e-13,5.785447653971237e-13
-2.565,-3.6934495746207254e-13,5.861517829232982e-13
-2.564,-3.7464477114637917e-13,5.938584393812834e-13
-2.563,-3.8002102503973346e-13,6.016660329889243e-13
-2.562,-3.8547482652159125e-13,6.095758787560878e-13
-2.561,-3.910072990726738e-13,6.175893086996835e-13
-2.56,-3.9661958250975956e-13,6.257076720613983e-13
-2.559,-4.023128332239066e-13,6.339323355281801e-13
-2.558,-4.080882244221566e-13,6.422646834555027e-13
-2.557,-4.1394694637277093e-13,6.507061180934487e-13
-2.556,-4.198902066540503e-13,6.592580598156416e-13
-2.555,-4.2591923040679123e-13,6.679219473510678e-13
-2.554,-4.320352605904314e-13,6.766992380188176e-13
-2.553,-4.3823955824293887e-13,6.855914079657865e-13
-2.552,-4.4453340274449977e-13,6.945999524073711e-13
-2.551,-4.509180920850592e-13,7.037263858711966e-13
-2.55,-4.573949431357728e-13,7.129722424439129e-13
-2.549,-4.639652919244259e-13,7.223390760210995e-13
-2.548,-4.706304939148775e-13,7.318284605603135e-13
-2.547,-4.773919242905897e-13,7.414419903373232e-13
-2.546,-4.842509782422998e-13,7.51181280205564e-13
-2.545,-4.912090712598995e-13,7.610479658588586e-13
-2.544,-4.982676394285777e-13,7.71043704097438e-13
-2.543,-5.054281397292939e-13,7.811701730973086e-13
-2.542,-5.126920503436437e-13,7.914290726830022e-13
-2.541,-5.200608709631799e-13,8.018221246037534e-13
-2.54,-5.275361231032549e-13,8.123510728131446e-13
-2.539,-5.351193504214529e-13,8.230176837522631e-13
-2.538,-5.42812119040674e-13,8.338237466364112e-13
-2.537,-5.506160178769441e-13,8.447710737454149e-13
-2.536,-5.585326589720151e-13,8.558615007175731e-13
-2.535,-5.66563677830828e-13,8.670968868472953e-13
-2.534,-5.747107337639095e-13,8.784791153864684e-13
-2.533,-5.829755102347739e-13,8.900100938496027e-13
-2.532,-5.91359715212404e-13,9.01691754322801e-13
-2.531,-5.998650815288852e-13,9.135260537765973e-13
-2.53,-6.084933672422677e-13,9.255149743827136e-13
-2.529,-6.172463560047348e-13,9.37660523834783e-13
-2.528,-6.261258574361525e-13,9.499647356730846e-13
-2.527,-6.351337075030816e-13,9.624296696133443e-13
-2.526,-6.442717689033311e-13,9.75057411879646e-13
-2.525,-6.535419314561336e-13,9.878500755415068e-13
-2.524,-6.629461124980259e-13,1.0008098008551647e-12
-2.523,-6.724862572845171e-13,1.0139387556091326e-12
-2.522,-6.821643393976308e-13,1.0272391354740682e-12
-2.521,-6.919823611594049e-13,1.0407131643570135e-12
-2.52,-7.019423540514387e-13,1.0543630947600583e-12
-2.519,-7.120463791405735e-13,1.068191208143478e-12
-2.518,-7.222965275107976e-13,1.0821998152934043e-12
-2.517,-7.326949207014675e-13,1.096391256694081e-12
-2.516,-7.43243711151936e-13,1.1107679029047626e-12
-2.515,-7.539450826526824e-13,1.1253321549413092e-12
-2.514,-7.648012508030387e-13,1.1400864446625396e-12
-2.513,-7.758144634756102e-13,1.1550332351613938e-12
-2.512,-7.869870012874859e-13,1.1701750211609705e-12
-2.511,-7.983211780783402e-13,1.1855143294154915e-12
-2.51,-8.098193413955259e-13,1.2010537191162594e-12
-2.509,-8.21483872986261e-13,1.2167957823026637e-12
-2.508,-8.333171892970117e-13,1.2327431442782993e-12
-2.507,-8.453217419801805e-13,1.2488984640322594e-12
-2.506,-8.575000184082012e-13,1.265264434665663e-12
-2.505,-8.698545421951543e-13,1.2818437838234828e-12
-2.504,-8.823878737260088e-13,1.2986392741317368e-12
-2.503,-8.951026106936045e-13,1.315653703640108e-12
-2.502,-9.080013886434871e-13,1.3328899062700566e-12
-2.501,-9.210868815267104e-13,1.3503507522684946e-12
-2.5,-9.343618022607239e-13,1.368039148667085e-12
-2.499,-9.478289032984622e-13,1.3859580397472382e-12
-2.498,-9.61490977205758e-13,1.4041104075108692e-12
-2.497,-9.753508572471983e-13,1.4224992721569904e-12
-2.496,-9.894114179805497e-13,1.441127692564206e-12
-2.495,-1.0036755758598764e-12,1.4599987667791795e-12
-2.494,-1.0181462898474793e-12,1.4791156325111501e-12
-2.493,-1.0328265620347844e-12,1.4984814676325635e-12
-2.492,-1.0477194382723108e-12,1.518099490685898e-12
-2.491,-1.0628280088088544e-12,1.5379729613967538e-12
-2.49,-1.0781554089400177e-12,1.5581051811932872e-12
-2.489,-1.0937048196662245e-12,1.5784994937320592e-12
-2.488,-1.1094794683603611e-12,1.5991592854303786e-12
-2.487,-1.1254826294451776e-12,1.6200879860052183e-12
-2.486,-1.1417176250806008e-12,1.6412890690187818e-12
-2.485,-1.1581878258610961e-12,1.6627660524307992e-12
-2.484,-1.1748966515232317e-12,1.6845224991576335e-12
-2.483,-1.1918475716635886e-12,1.7065620176382807e-12
-2.482,-1.2090441064671723e-12,1.7288882624073414e-12
-2.481,-1.2264898274464778e-12,1.7515049346750518e-12
-2.48,-1.2441883581913634e-12,1.7744157829144552e-12
-2.479,-1.2621433751298934e-12,1.7976246034558003e-12
-2.478,-1.2803586083003061e-12,1.8211352410882523e-12
-2.477,-1.2988378421342765e-12,1.844951589669004e-12
-2.476,-1.3175849162516305e-12,1.8690775927398727e-12
-2.475,-1.3366037262666869e-12,1.893517244151478e-12
-2.474,-1.3558982246063891e-12,1.9182745886950796e-12
-2.473,-1.3754724213404061e-12,1.9433537227421818e-12
-2.472,-1.3953303850233717e-12,1.9687587948919775e-12
-2.471,-1.4154762435494442e-12,1.9944940066267452e-12
-2.47,-1.435914185019365e-12,2.0205636129752743e-12
-2.469,-1.4566484586201978e-12,2.0469719231844286e-12
-2.468,-1.4776833755179346e-12,2.0737233013989357e-12
-2.467,-1.4990233097631593e-12,2.1008221673495006e-12
-2.466,-1.5206726992099552e-12,2.1282729970493477e-12
-2.465,-1.5426360464482538e-12,2.156080323499281e-12
-2.464,-1.5649179197498192e-12,2.1842487374013747e-12
-2.463,-1.5875229540280695e-12,2.212782887881382e-12
-2.462,-1.6104558518119365e-12,2.2416874832199806e-12
-2.461,-1.6337213842339683e-12,2.270967291592946e-12
-2.46,-1.6573243920328839e-12,2.300627141820364e-12
-2.459,-1.6812697865707929e-12,2.3306719241249872e-12
-2.458,-1.7055625508652902e-12,2.3611065908998447e-12
-2.457,-1.7302077406366477e-12,2.391936157485209e-12
-2.456,-1.7552104853703228e-12,2.4231657029550365e-12
-2.455,-1.7805759893950045e-12,2.4548003709129893e-12
-2.454,-1.8063095329764293e-12,2.4868453702981465e-12
-2.453,-1.832416473427193e-12,2.5193059762005276e-12
-2.452,-1.8589022462327967e-12,2.5521875306865356e-12
-2.451,-1.8857723661941576e-12,2.585495443634438e-12
-2.45,-1.9130324285868354e-12,2.6192351935800046e-12
-2.449,-1.940688110337208e-12,2.653412328572417e-12
-2.448,-1.9687451712158516e-12,2.688032467040575e-12
-2.447,-1.997209455048375e-12,2.7231012986699145e-12
-2.446,-2.0260868909439618e-12,2.7586245852898667e-12
-2.445,-2.055383494541878e-12,2.7946081617720763e-12
-2.444,-2.085105369276215e-12,2.8310579369395067e-12
-2.443,-2.1152587076591267e-12,2.8679798944865597e-12
-2.442,-2.1458497925828323e-12,2.9053800939103342e-12
-2.441,-2.1768849986406643e-12,2.943264671453159e-12
-2.44,-2.2083707934674335e-12,2.9816398410565217e-12
-2.439,-2.2403137390993997e-12,3.0205118953265365e-12
-2.438,-2.2727204933541263e-12,3.0598872065110744e-12
-2.437,-2.305597811230522e-12,3.0997722274886976e-12
-2.436,-2.338952546329349e-12,3.140173492769532e-12
-2.435,-2.3727916522945124e-12,3.1810976195082155e-12
-2.434,-2.407122184275422e-12,3.2225513085290623e-12
-2.433,-2.4419513004107437e-12,3.264541345363583e-12
-2.432,-2.4772862633338454e-12,3.3070746013005042e-12
-2.431,-2.513134441700262e-12,3.350158034448431e-12
-2.43,-2.549503311737494e-12,3.393798690811297e-12
-2.429,-2.586400458817474e-12,3.438003705376749e-12
-2.428,-2.623833579052023e-12,3.482780303217617e-12
-2.427,-2.661810480911642e-12,3.5281358006066186e-12
-2.426,-2.7003390868679707e-12,3.574077606144443e-12
-2.425,-2.73942743506027e-12,3.6206132219013823e-12
-2.424,-2.7790836809862685e-12,3.6677502445726504e-12
-2.423,-2.8193160992177334e-12,3.7154963666475535e-12
-2.422,-2.860133085141132e-12,3.76385937759267e-12
-2.421,-2.9015431567237404e-12,3.8128471650492e-12
-2.42,-2.943554956305579e-12,3.8624677160446354e-12
-2.419,-2.986177252417553e-12,3.91272911821894e-12
-2.418,-3.02941894162617e-12,3.96363956106537e-12
-2.417,-3.0732890504052373e-12,4.015207337186129e-12
-2.416,-3.1177967370349226e-12,4.0674408435630125e-12
-2.415,-3.1629512935285835e-12,4.120348582843218e-12
-2.414,-3.208762147587768e-12,4.173939164640484e-12
-2.413,-3.2552388645857992e-12,4.228221306851744e-12
-2.412,-3.3023911495803616e-12,4.283203836989463e-12
-2.411,-3.350228849355513e-12,4.33889569352983e-12
-2.41,-3.398761954493551e-12,4.395305927276996e-12
-2.409,-3.4480006014771703e-12,4.452443702743532e-12
-2.408,-3.4979550748223526e-12,4.5103182995472886e-12
-2.407,-3.5486358092424405e-12,4.568939113824849e-12
-2.406,-3.600053391843848e-12,4.628315659661748e-12
-2.405,-3.65221856435387e-12,4.688457570539664e-12
-2.404,-3.705142225381062e-12,4.74937460080076e-12
-2.403,-3.758835432708663e-12,4.8110766271293675e-12
-2.402,-3.813309405621543e-12,4.873573650051218e-12
-2.401,-3.86857552726717e-12,4.936875795450405e-12
-2.4,-3.924645347051087e-12,5.0009933161042795e-12
-2.399,-3.98153058306741e-12,5.065936593236487e-12
-2.398,-4.0392431245648455e-12,5.131716138088329e-12
-2.397,-4.097795034448763e-12,5.198342593508682e-12
-2.396,-4.15719855181984e-12,5.265826735562644e-12
-2.395,-4.217466094549806e-12,5.334179475159152e-12
-2.394,-4.2786102618948445e-12,5.403411859697758e-12
-2.393,-4.340643837147186e-12,5.47353507473478e-12
-2.392,-4.403579790325461e-12,5.544560445669054e-12
-2.391,-4.467431280904376e-12,5.616499439447484e-12
-2.39,-4.532211660584274e-12,5.68936366629063e-12
-2.389,-4.5979344761011896e-12,5.763164881438536e-12
-2.388,-4.664613472077956e-12,5.837914986917034e-12
-2.387,-4.732262593916992e-12,5.913626033324745e-12
-2.386,-4.800895990735359e-12,5.990310221641001e-12
-2.385,-4.870528018342709e-12,6.067979905054925e-12
-2.384,-4.941173242262757e-12,6.146647590815892e-12
-2.383,-5.012846440798902e-12,6.226325942105609e-12
-2.382,-5.08556260814465e-12,6.307027779932062e-12
-2.381,-5.159336957539487e-12,6.3887660850455425e-12
-2.38,-5.234184924470863e-12,6.471553999877017e-12
-2.379,-5.31012216992297e-12,6.555404830499076e-12
-2.378,-5.387164583672985e-12,6.6403320486097075e-12
-2.377,-5.465328287635481e-12,6.726349293539137e-12
-2.376,-5.544629639255694e-12,6.813470374279995e-12
-2.375,-5.62508523495238e-12,6.901709271541061e-12
-2.374,-5.706711913610961e-12,6.991080139824828e-12
-2.373,-5.789526760127716e-12,7.081597309529166e-12
-2.372,-5.873547109005744e-12,7.173275289073323e-12
-2.371,-5.958790548003464e-12,7.2661287670485405e-12
-2.37,-6.045274921836418e-12,7.360172614393541e-12
-2.369,-6.133018335933144e-12,7.45542188659515e-12
-2.368,-6.222039160245925e-12,7.551891825914346e-12
-2.367,-6.312356033117196e-12,7.649597863637967e-12
-2.366,-6.403987865202436e-12,7.748555622356395e-12
-2.365,-6.496953843450352e-12,7.84878091826747e-12
-2.364,-6.591273435141211e-12,7.9502897635069e-12
-2.363,-6.68696639198415e-12,8.053098368505495e-12
-2.362,-6.7840527542743265e-12,8.157223144373458e-12
-2.361,-6.882552855110796e-12,8.262680705312053e-12
-2.36,-6.982487324675983e-12,8.369487871052922e-12
-2.359,-7.083877094577652e-12,8.477661669325369e-12
-2.358,-7.186743402254293e-12,8.587219338351866e-12
-2.357,-7.291107795444839e-12,8.69817832937211e-12
-2.356,-7.396992136723653e-12,8.810556309195934e-12
-2.355,-7.504418608101749e-12,8.924371162785338e-12
-2.354,-7.613409715695184e-12,9.039640995865993e-12
-2.353,-7.723988294461635e-12,9.15638413756849e-12
-2.352,-7.836177513006125e-12,9.274619143099666e-12
-2.351,-7.95000087845692e-12,9.394364796444305e-12
-2.35,-8.065482241412622e-12,9.515640113097546e-12
-2.349,-8.18264580096148e-12,9.638464342828308e-12
-2.348,-8.30151610977399e-12,9.762856972474047e-12
-2.347,-8.42211807926984e-12,9.888837728767189e-12
-2.346,-8.54447698486028e-12,1.0016426581193541e-11
-2.345,-8.668618471267019e-12,1.0145643744883042e-11
-2.344,-8.794568557918784e-12,1.0276509683533143e-11
-2.343,-8.922353644426633e-12,1.0409045112365202e-11
-2.342,-9.052000516139192e-12,1.054327100111419e-11
-2.341,-9.183536349778988e-12,1.0679208577052066e-11
-2.34,-9.316988719161036e-12,1.081687932804518e-11
-2.339,-9.452385600994897e-12,1.095630500564602e-11
-2.338,-9.589755380771415e-12,1.1097507628219669e-11
-2.337,-9.72912685873535e-12,1.124050948410533e-11
-2.336,-9.870529255945203e-12,1.1385333134813267e-11
-2.335,-1.001399222042144e-11,1.1532001418257512e-11
-2.334,-1.0159545833384454e-11,1.1680537452024717e-11
-2.333,-1.0307220615583541e-11,1.1830964636679491e-11
-2.332,-1.0457047533718236e-11,1.1983306659106623e-11
-2.331,-1.0609058006953322e-11,1.213758749589052e-11
-2.33,-1.0763283913528916e-11,1.2293831416732258e-11
-2.329,-1.091975759746698e-11,1.2452062987904626e-11
-2.328,-1.1078511875375679e-11,1.2612307075745505e-11
-2.327,-1.1239580043353001e-11,1.2774588850190017e-11
-2.326,-1.1402995883991098e-11,1.2938933788341772e-11
-2.325,-1.1568793673482784e-11,1.3105367678083651e-11
-2.324,-1.1737008188831708e-11,1.3273916621728462e-11
-2.323,-1.1907674715167694e-11,1.3444607039709911e-11
-2.322,-1.2080829053168771e-11,1.3617465674314258e-11
-2.321,-1.2256507526591467e-11,1.379251959345304e-11
-2.32,-1.243474698991091e-11,1.3969796194477309e-11
-2.319,-1.2615584836072372e-11,1.4149323208033738e-11
-2.318,-1.279905900435583e-11,1.4331128701963035e-11
-2.317,-1.2985207988355234e-11,1.4515241085241062e-11
-2.316,-1.317407084407412e-11,1.4701689111963078e-11
-2.315,-1.3365687198139254e-11,1.4890501885371507e-11
-2.314,-1.356009725613406e-11,1.508170886192766e-11
-2.313,-1.3757341811053532e-11,1.5275339855427847e-11
-2.312,-1.395746225188241e-11,1.5471425041164257e-11
-2.311,-1.4160500572298428e-11,1.56699949601311e-11
-2.31,-1.4366499379502434e-11,1.587108052327635e-11
-2.309,-1.457550190317721e-11,1.6074713015799643e-11
-2.308,-1.478755200457692e-11,1.628092410149662e-11
-2.307,-1.5002694185748994e-11,1.648974582715029e-11
-2.306,-1.5220973598890476e-11,1.670121062696975e-11
-2.305,-1.5442436055840696e-11,1.691535132707678e-11
-2.304,-1.5667128037712307e-11,1.7132201150040696e-11
-2.303,-1.5895096704662676e-11,1.7351793719461952e-11
-2.302,-1.6126389905807655e-11,1.7574163064604938e-11
-2.301,-1.6361056189279828e-11,1.7799343625080415e-11
-2.3,-1.659914481243331e-11,1.8027370255578028e-11
-2.299,-1.684070575219723e-11,1.8258278230649418e-11
-2.298,-1.708578971558006e-11,1.8492103249542317e-11
-2.297,-1.733444815032699e-11,1.8728881441086142e-11
-2.296,-1.758673325573254e-11,1.896864936862954e-11
-2.295,-1.784269799361071e-11,1.9211444035030356e-11
-2.294,-1.8102396099424897e-11,1.9457302887698493e-11
-2.293,-1.8365882093579946e-11,1.9706263823692134e-11
-2.292,-1.8633211292878676e-11,1.9958365194867817e-11
-2.291,-1.890443982214524e-11,2.0213645813084823e-11
-2.29,-1.917962462601778e-11,2.047214495546439e-11
-2.289,-1.9458823480912807e-11,2.0733902369704193e-11
-2.288,-1.974209500716381e-11,2.099895827944862e-11
-2.287,-2.0029498681336598e-11,2.1267353389715303e-11
-2.286,-2.0321094848723997e-11,2.1539128892378408e-11
-2.285,-2.0616944736022413e-11,2.181432647170917e-11
-2.284,-2.091711046419299e-11,2.2092988309974187e-11
-2.283,-2.1221655061509966e-11,2.2375157093091944e-11
-2.282,-2.1530642476799007e-11,2.2660876016348072e-11
-2.281,-2.1844137592868223e-11,2.295018879016987e-11
-2.28,-2.216220624013466e-11,2.324313964596056e-11
-2.279,-2.2484915210449155e-11,2.3539773341993797e-11
-2.278,-2.2812332271122364e-11,2.3840135169368923e-11
-2.277,-2.3144526179154928e-11,2.4144270958027525e-11
-2.276,-2.348156669567469e-11,2.4452227082831734e-11
-2.275,-2.3823524600584026e-11,2.4764050469704832e-11
-2.274,-2.4170471707420246e-11,2.5079788601834657e-11
-2.273,-2.4522480878432264e-11,2.5399489525940336e-11
-2.272,-2.4879626039876555e-11,2.572320185860285e-11
-2.271,-2.5241982197535656e-11,2.6050974792659942e-11
-2.27,-2.560962545246241e-11,2.638285810366592e-11
-2.269,-2.5982633016953227e-11,2.6718902156416844e-11
-2.268,-2.6361083230753624e-11,2.705915791154162e-11
-2.267,-2.6745055577499537e-11,2.7403676932159548e-11
-2.266,-2.7134630701397662e-11,2.7752511390604847e-11
-2.265,-2.752989042414841e-11,2.8105714075218617e-11
-2.264,-2.793091776211491e-11,2.8463338397208885e-11
-2.263,-2.8337796943741673e-11,2.882543839757913e-11
-2.262,-2.8750613427226494e-11,2.9192068754125904e-11
-2.261,-2.9169453918449274e-11,2.9563284788506075e-11
-2.26,-2.959440638916148e-11,2.993914247337411e-11
-2.259,-3.002556009544001e-11,3.0319698439590136e-11
-2.258,-3.046300559640929e-11,3.0705009983499025e-11
-2.257,-3.090683477323547e-11,3.109513507428135e-11
-2.256,-3.13571408483967e-11,3.1490132361376454e-11
-2.255,-3.181401840523343e-11,3.1890061181978335e-11
-2.254,-3.227756340778274e-11,3.2294981568604844e-11
-2.253,-3.2747873220901016e-11,3.2704954256740665e-11
-2.252,-3.322504663067882e-11,3.312004069255466e-11
-2.251,-3.370918386515246e-11,3.354030304069211e-11
-2.25,-3.420038661531644e-11,3.3965804192142315e-11
-2.249,-3.469875805644106e-11,3.439660777218218e-11
-2.248,-3.520440286969975e-11,3.483277814839618e-11
-2.247,-3.5717427264110435e-11,3.527438043877338e-11
-2.246,-3.623793899879563e-11,3.572148051988188e-11
-2.245,-3.6766047405565735e-11,3.6174145035121305e-11
-2.244,-3.730186341183028e-11,3.663244140305384e-11
-2.243,-3.784549956384183e-11,3.709643782581432e-11
-2.242,-3.8397070050277375e-11,3.756620329759982e-11
-2.241,-3.895669072616203e-11,3.804180761323941e-11
-2.24,-3.952447913714004e-11,3.852332137684444e-11
-2.239,-4.0100554544098106e-11,3.9010816010539944e-11
-2.238,-4.068503794814605e-11,3.950436376327762e-11
-2.237,-4.1278052115960064e-11,4.000403771973094e-11
-2.236,-4.187972160549372e-11,4.050991180927281e-11
-2.235,-4.2490172792062074e-11,4.102206081503641e-11
-2.234,-4.310953389480422e-11,4.154056038305951e-11
-2.233,-4.373793500352981e-11,4.2065487031512934e-11
-2.232,-4.4375508105955004e-11,4.2596918160013564e-11
-2.231,-4.502238711533354e-11,4.313493205902237e-11
-2.23,-4.567870789848856e-11,4.367960791932796e-11
-2.229,-4.634460830425101e-11,4.423102584161611e-11
-2.228,-4.702022819231051e-11,4.478926684612573e-11
-2.227,-4.770570946248451e-11,4.5354412882391743e-11
-2.226,-4.8401196084411954e-11,4.5926546839075366e-11
-2.225,-4.910683412767739e-11,4.650575255388212e-11
-2.224,-4.982277179237183e-11,4.709211482356817e-11
-2.223,-5.054915944009667e-11,4.7685719414035306e-11
-2.222,-5.1286149625416965e-11,4.82866530705151e-11
-2.221,-5.203389712777059e-11,4.889500352784254e-11
-2.22,-5.2792558983839906e-11,4.9510859520819665e-11
-2.219,-5.356229452039246e-11,5.013431079466959e-11
-2.218,-5.434326538759759e-11,5.0765448115581235e-11
-2.217,-5.5135635592825757e-11,5.1404363281345294e-11
-2.216,-5.5939571534937515e-11,5.20511491320817e-11
-2.215,-5.675524203906921e-11,5.270589956105903e-11
-2.214,-5.7582818391922576e-11,5.336870952560621e-11
-2.213,-5.842247437756539e-11,5.403967505811686e-11
-2.212,-5.927438631375067e-11,5.47188932771466e-11
-2.211,-6.013873308876174e-11,5.540646239860377e-11
-2.21,-6.101569619879087e-11,5.6102481747033735e-11
-2.209,-6.190545978585903e-11,5.680705176699717e-11
-2.208,-6.280821067628463e-11,5.752027403454267e-11
-2.207,-6.372413841970911e-11,5.82422512687739e-11
-2.206,-6.465343532868743e-11,5.897308734351154e-11
-2.205,-6.559629651885142e-11,5.971288729905048e-11
-2.204,-6.655291994965455e-11,6.046175735401228e-11
-2.203,-6.752350646570607e-11,6.121980491729324e-11
-2.202,-6.850825983870333e-11,6.198713860010838e-11
-2.201,-6.950738680997066e-11,6.27638682281314e-11
-2.2,-7.052109713361371e-11,6.355010485373096e-11
-2.199,-7.154960362029783e-11,6.434596076830333e-11
-2.198,-7.259312218165972e-11,6.51515495147016e-11
-2.197,-7.365187187536136e-11,6.596698589976184e-11
-2.196,-7.47260749507953e-11,6.679238600692579e-11
-2.195,-7.581595689545083e-11,6.762786720896091e-11
-2.194,-7.692174648195057e-11,6.847354818077729e-11
-2.193,-7.804367581576674e-11,6.932954891234173e-11
-2.192,-7.918198038362744e-11,7.019599072168923e-11
-2.191,-8.033689910262223e-11,7.107299626803149e-11
-2.19,-8.150867437001753e-11,7.196068956496292e-11
-2.189,-8.269755211379171e-11,7.285919599376374e-11
-2.188,-8.39037818439004e-11,7.376864231680052e-11
-2.187,-8.512761670428222e-11,7.468915669102376e-11
-2.186,-8.636931352561598e-11,7.562086868156273e-11
-2.185,-8.762913287883965e-11,7.656390927541733e-11
-2.184,-8.890733912944233e-11,7.751841089524675e-11
-2.183,-9.020420049254012e-11,7.848450741325518e-11
-2.182,-9.151998908874735e-11,7.946233416517383e-11
-2.181,-9.285498100085423e-11,8.045202796433965e-11
-2.18,-9.420945633132279e-11,8.145372711587e-11
-2.179,-9.558369926061265e-11,8.246757143093349e-11
-2.178,-9.697799810634854e-11,8.349370224111629e-11
-2.177,-9.839264538334165e-11,8.453226241288394e-11
-2.176,-9.982793786447696e-11,8.558339636213813e-11
-2.175,-1.0128417664247908e-10,8.664725006886809e-11
-2.174,-1.0276166719256906e-10,8.77239710918963e-11
-2.173,-1.042607194360248e-10,8.881370858371786e-11
-2.172,-1.0578164780465837e-10,8.991661330543346e-11
-2.171,-1.0732477130622298e-10,9.103283764177484e-11
-2.17,-1.08890413590763e-10,9.216253561622286e-11
-2.169,-1.1047890301792058e-10,9.330586290621702e-11
-2.168,-1.1209057272521255e-10,9.446297685845626e-11
-2.167,-1.1372576069729136e-10,9.563403650429009e-11
-2.166,-1.1538480983620418e-10,9.681920257519948e-11
-2.165,-1.1706806803266452e-10,9.80186375183668e-11
-2.164,-1.187758882383506e-10,9.923250551233399e-11
-2.163,-1.2050862853924542e-10,1.0046097248274805e-10
-2.162,-1.2226665223003307e-10,1.017042061181932e-10
-2.161,-1.2405032788956693e-10,1.0296237588610853e-10
-2.16,-1.258600294574241e-10,1.0423565304879051e-10
-2.159,-1.2769613631156272e-10,1.05524210679479e-10
-2.158,-1.2955903334709705e-10,1.0682822367852598e-10
-2.157,-1.314491110562065e-10,1.0814786878964575e-10
-2.156,-1.3336676560919504e-10,1.0948332461624552e-10
-2.155,-1.3531239893671716e-10,1.1083477163783516e-10
-2.154,-1.372864188131868e-10,1.122023922265148e-10
-2.153,-1.392892389413867e-10,1.1358637066353904e-10
-2.152,-1.413212790382948e-10,1.1498689315595638e-10
-2.151,-1.4338296492214504e-10,1.1640414785332239e-10
-2.15,-1.4547472860074057e-10,1.1783832486448518e-10
-2.149,-1.4759700836103677e-10,1.1928961627444156e-10
-2.148,-1.4975024886001225e-10,1.2075821616126244e-10
-2.147,-1.5193490121684642e-10,1.222443206130854e-10
-2.146,-1.5415142310642201e-10,1.2374812774517338e-10
-2.145,-1.5640027885417133e-10,1.252698377170368e-10
-2.144,-1.5868193953228566e-10,1.2680965274961796e-10
-2.143,-1.60996883057307e-10,1.2836777714253547e-10
-2.142,-1.633455942891218e-10,1.2994441729138657e-10
-2.141,-1.6572856513137673e-10,1.315397817051056e-10
-2.14,-1.6814629463333668e-10,1.33154081023376e-10
-2.139,-1.7059928909320537e-10,1.34787528034094e-10
-2.138,-1.730880621629296e-10,1.3644033769088152e-10
-2.137,-1.7561313495450812e-10,1.3811272713064558e-10
-2.136,-1.7817503614782617e-10,1.3980491569118242e-10
-2.135,-1.8077430210003811e-10,1.415171249288229e-10
-2.134,-1.8341147695651936e-10,1.4324957863611732e-10
-2.133,-1.8608711276341035e-10,1.4500250285955623e-10
-2.132,-1.8880176958177506e-10,1.4677612591732499e-10
-2.131,-1.915560156033969e-10,1.485706784170885e-10
-2.13,-1.9435042726823523e-10,1.5038639327380378e-10
-2.129,-1.971855893835664e-10,1.522235057275566e-10
-2.128,-2.0006209524483246e-10,1.540822533614195e-10
-2.127,-2.0298054675822267e-10,1.5596287611932737e-10
-2.126,-2.0594155456501158e-10,1.5786561632396753e-10
-2.125,-2.0894573816767915e-10,1.5979071869468066e-10
-2.124,-2.1199372605783784e-10,1.6173843036536884e-10
-2.123,-2.1508615584599245e-10,1.637090009024069e-10
-2.122,-2.1822367439315844e-10,1.6570268232255364e-10
-2.121,-2.2140693794436548e-10,1.6771972911085816e-10
-2.12,-2.2463661226407237e-10,1.6976039823855793e-10
-2.119,-2.2791337277352086e-10,1.7182494918096405e-10
-2.118,-2.312379046900556e-10,1.739136439353291e-10
-2.117,-2.34610903168438e-10,1.760267470386937e-10
-2.116,-2.3803307344418235e-10,1.7816452558570654e-10
-2.115,-2.4150513097894266e-10,1.803272492464135e-10
-2.114,-2.4502780160797935e-10,1.8251519028401095e-10
-2.113,-2.48601821689735e-10,1.8472862357255798e-10
-2.112,-2.5222793825754936e-10,1.869678266146428e-10
-2.111,-2.5590690917354326e-10,1.8923307955899747e-10
-2.11,-2.596395032847025e-10,1.9152466521805598e-10
-2.109,-2.6342650058119303e-10,1.9384286908544977e-10
-2.108,-2.6726869235693763e-10,1.9618797935343517e-10
-2.107,-2.711668813724883e-10,1.9856028693024655e-10
-2.106,-2.751218820202239e-10,2.009600854573693e-10
-2.105,-2.791345204919088e-10,2.033876713267263e-10
-2.104,-2.8320563494864345e-10,2.0584334369777163e-10
-2.103,-2.8733607569324157e-10,2.0832740451448457e-10
-2.102,-2.915267053450689e-10,2.1084015852225753e-10
-2.101,-2.9577839901737674e-10,2.1338191328467067e-10
-2.1,-3.000920444971662e-10,2.1595297920014628e-10
-2.099,-3.044685424276194e-10,2.1855366951847534e-10
-2.098,-3.089088064931322e-10,2.2118430035720914e-10
-2.097,-3.134137636069871e-10,2.2384519071790781e-10
-2.096,-3.179843541017013e-10,2.2653666250223824e-10
-2.095,-3.2262153192208946e-10,2.2925904052791293e-10
-2.094,-3.2732626482107846e-10,2.320126525444619e-10
-2.093,-3.3209953455831256e-10,2.3479782924882845e-10
-2.092,-3.3694233710158913e-10,2.376149043007809e-10
-2.091,-3.418556828311638e-10,2.404642143381305e-10
-2.09,-3.4684059674696624e-10,2.4334609899174654e-10
-2.089,-3.5189811867876653e-10,2.462609009003602e-10
-2.088,-3.5702930349933427e-10,2.4920896572514546e-10
-2.087,-3.622352213406325e-10,2.5219064216406913e-10
-2.086,-3.6751695781308815e-10,2.5520628196599885e-10
-2.085,-3.728756142279835e-10,2.582562399445587e-10
-2.084,-3.7831230782301124e-10,2.61340873991722e-10
-2.083,-3.838281719910382e-10,2.6446054509113047e-10
-2.082,-3.8942435651212266e-10,2.67615617331128e-10
-2.081,-3.951020277888307e-10,2.708064579174979e-10
-2.08,-4.008623690848978e-10,2.7403343718589263e-10
-2.079,-4.067065807672827e-10,2.7729692861394203e-10
-2.078,-4.1263588055166105e-10,2.8059730883303014e-10
-2.077,-4.1865150375140683e-10,2.8393495763972604e-10
-2.076,-4.247547035301105e-10,2.873102580068568e-10
-2.075,-4.3094675115768357e-10,2.9072359609420903e-10
-2.074,-4.37228936270099e-10,2.9417536125884556e-10
-2.073,-4.4360256713281945e-10,2.976659460650232e-10
-2.072,-4.500689709079641e-10,3.011957462936977e-10
-2.071,-4.5662949392526623e-10,3.0476516095160085e-10
-2.07,-4.6328550195687505e-10,3.0837459227987574e-10
-2.069,-4.700383804960555e-10,3.1202444576225384e-10
-2.068,-4.768895350398397e-10,3.157151301327591e-10
-2.067,-4.838403913756859e-10,3.1944705738292317e-10
-2.066,-4.908923958722006e-10,3.2322064276849467e-10
-2.065,-4.980470157739812e-10,3.2703630481562684e-10
-2.064,-5.053057395006349e-10,3.308944653265256e-10
-2.063,-5.126700769500342e-10,3.347955493845409e-10
-2.062,-5.201415598058664e-10,3.3873998535868417e-10
-2.061,-5.277217418495383e-10,3.427282049075519e-10
-2.06,-5.354121992764953e-10,3.4676064298263855e-10
-2.059,-5.432145310170177e-10,3.5083773783101856e-10
-2.058,-5.511303590615554e-10,3.5495993099737766e-10
-2.057,-5.591613287906653e-10,3.5912766732537497e-10
-2.056,-5.673091093096145e-10,3.633413949583134e-10
-2.055,-5.755753937877143e-10,3.6760156533909917e-10
-2.054,-5.839618998024514e-10,3.71908633209468e-10
-2.053,-5.92470369688482e-10,3.7626305660845654e-10
-2.052,-6.011025708915577e-10,3.8066529687009693e-10
-2.051,-6.098602963274498e-10,3.8511581862031056e-10
-2.05,-6.187453647459431e-10,3.8961508977297944e-10
-2.049,-6.277596210999693e-10,3.9416358152516935e-10
-2.048,-6.369049369199494e-10,3.9876176835148193e-10
-2.047,-6.461832106934205e-10,4.0341012799750975e-10
-2.046,-6.555963682500179e-10,4.081091414723694e-10
-2.045,-6.651463631518867e-10,4.1285929304028637e-10
-2.044,-6.748351770896e-10,4.1766107021120505e-10
-2.043,-6.846648202836583e-10,4.225149637303966e-10
-2.042,-6.946373318916471e-10,4.2742146756703697e-10
-2.041,-7.047547804211327e-10,4.323810789017269e-10
-2.04,-7.150192641483739e-10,4.373942981129238e-10
-2.039,-7.254329115429314e-10,4.4246162876225787e-10
-2.038,-7.359978816982543e-10,4.4758357757869955e-10
-2.037,-7.467163647683294e-10,4.5276065444154955e-10
-2.036,-7.575905824104741e-10,4.579933723622187e-10
-2.035,-7.686227882343592e-10,4.632822474647657e-10
-2.034,-7.798152682573477e-10,4.68627798965159e-10
-2.033,-7.911703413662355e-10,4.740305491492306e-10
-2.032,-8.026903597854841e-10,4.794910233492861e-10
-2.031,-8.14377709552033e-10,4.850097499193353e-10
-2.03,-8.262348109967834e-10,4.905872602089097e-10
-2.029,-8.382641192328454e-10,4.962240885354279e-10
-2.028,-8.504681246506408e-10,5.01920772155072e-10
-2.027,-8.628493534199564e-10,5.076778512321381e-10
-2.026,-8.754103679990441e-10,5.134958688068198e-10
-2.025,-8.881537676508629e-10,5.19375370761386e-10
-2.024,-9.010821889665633e-10,5.253169057847121e-10
-2.023,-9.141983063963115e-10,5.313210253351228e-10
-2.022,-9.27504832787555e-10,5.373882836015044e-10
-2.021,-9.410045199308328e-10,5.435192374626423e-10
-2.02,-9.547001591132323e-10,5.497144464447408e-10
-2.019,-9.685945816795968e-10,5.559744726770786e-10
-2.018,-9.82690659601595e-10,5.622998808457549e-10
-2.017,-9.969913060547515e-10,5.68691238145479e-10
-2.016,-1.0114994760035576e-9,5.751491142293539e-10
-2.015,-1.0262181667947638e-9,5.816740811566063e-10
-2.014,-1.0411504187589721e-9,5.882667133382134e-10
-2.013,-1.0562993158206402e-9,5.949275874803725e-10
-2.012,-1.0716679861166091e-9,6.016572825257648e-10
-2.011,-1.0872596026232769e-9,6.084563795925579e-10
-2.01,-1.1030773837925317e-9,6.153254619110922e-10
-2.009,-1.1191245941965647e-9,6.222651147581985e-10
-2.008,-1.135404545181687e-9,6.292759253890867e-10
-2.007,-1.1519205955312693e-9,6.363584829667509e-10
-2.006,-1.1686761521379308e-9,6.435133784888289e-10
-2.005,-1.1856746706851039e-9,6.507412047118587e-10
-2.004,-1.2029196563381016e-9,6.580425560728697e-10
-2.003,-1.2204146644448168e-9,6.654180286082445e-10
-2.002,-1.2381633012461848e-9,6.728682198697893e-10
-2.001,-1.256169224596543e-9,6.803937288379469e-10
-2.0,-1.27443614469402e-9,6.879951558320859e-10
-1.999,-1.2929678248210933e-9,6.956731024177981e-10
-1.998,-1.31176808209545e-9,7.034281713111337e-10
-1.997,-1.3308407882312957e-9,7.112609662797075e-10
-1.996,-1.3501898703112477e-9,7.191720920405979e-10
-1.995,-1.3698193115689593e-9,7.271621541549715e-10
-1.994,-1.3897331521826218e-9,7.352317589193535e-10
-1.993,-1.4099354900794868e-9,7.433815132534701e-10
-1.992,-1.4304304817515647e-9,7.516120245845836e-10
-1.991,-1.451222343082644e-9,7.59923900728241e-10
-1.99,-1.4723153501867895e-9,7.683177497653556e-10
-1.989,-1.4937138402584728e-9,7.767941799155365e-10
-1.988,-1.5154222124344916e-9,7.853537994065843e-10
-1.987,-1.5374449286678385e-9,7.939972163400654e-10
-1.986,-1.5597865146136795e-9,8.027250385528767e-10
-1.985,-1.582451560527607e-9,8.115378734747122e-10
-1.984,-1.60544472217633e-9,8.204363279813385e-10
-1.983,-1.628770721760974e-9,8.294210082435884e-10
-1.982,-1.6524343488531542e-9,8.38492519571975e-10
-1.981,-1.676440461344001e-9,8.476514662568306e-10
-1.98,-1.7007939864063048e-9,8.568984514038723e-10
-1.979,-1.7254999214699634e-9,8.662340767650911e-10
-1.978,-1.750563335210905e-9,8.756589425648652e-10
-1.977,-1.7759893685536733e-9,8.851736473211889e-10
-1.976,-1.801783235687852e-9,8.947787876619134e-10
-1.975,-1.8279502250985209e-9,9.044749581358889e-10
-1.974,-1.8544957006109269e-9,9.142627510188968e-10
-1.973,-1.881425102449562e-9,9.241427561142603e-10
-1.972,-1.9087439483118437e-9,9.341155605480154e-10
-1.971,-1.9364578344565867e-9,9.441817485585279e-10
-1.97,-1.964572436807473e-9,9.543419012804318e-10
-1.969,-1.9930935120717126e-9,9.64596596522773e-10
-1.968,-2.0220268988741048e-9,9.749464085412264e-10
-1.967,-2.0513785189066972e-9,9.853919078042663e-10
-1.966,-2.081154378094261e-9,9.959336607531532e-10
-1.965,-2.111360567775785e-9,1.0065722295556125e-9
-1.964,-2.1420032659022057e-9,1.017308171853064e-9
-1.963,-2.1730887382505913e-9,1.0281420405012685e-9
-1.962,-2.204623339654993e-9,1.0390743833042504e-9
-1.961,-2.236613515254192e-9,1.0501057427413533e-9
-1.96,-2.269065801756562e-9,1.061236655687285e-9
-1.959,-2.3019868287222777e-9,1.072467653125e-9
-1.958,-2.335383319863097e-9,1.0837992598512743e-9
-1.957,-2.3692620943599525e-9,1.09523199417481e-9
-1.956,-2.4036300681985892e-9,1.1067663676067234e-9
-1.955,-2.438494255523481e-9,1.1184028845432473e-9
-1.954,-2.473861770010278e-9,1.1301420419404892e-9
-1.953,-2.5097398262570213e-9,1.1419843289810788e-9
-1.952,-2.5461357411943803e-9,1.1539302267325356e-9
-1.951,-2.583056935515157e-9,1.1659802077971817e-9
-1.95,-2.6205109351233196e-9,1.178134735953428e-9
-1.949,-2.6585053726028144e-9,1.1903942657882518e-9
-1.948,-2.697047988706424e-9,1.2027592423206827e-9
-1.947,-2.7361466338649365e-9,1.2152301006161147e-9
-1.946,-2.7758092697168817e-9,1.2278072653912492e-9
-1.945,-2.816043970659124e-9,1.240491150609482e-9
-1.944,-2.856858925418566e-9,1.2532821590665312e-9
-1.943,-2.898262438645258e-9,1.2661806819661105e-9
-1.942,-2.940262932527182e-9,1.2791870984854413e-9
-1.941,-2.9828689484269983e-9,1.2923017753303955e-9
-1.94,-3.026089148541048e-9,1.3055250662800558e-9
-1.939,-3.0699323175808954e-9,1.318857311720481e-9
-1.938,-3.1144073644777074e-9,1.3322988381674521e-9
-1.937,-3.159523324109773e-9,1.3458499577779756e-9
-1.936,-3.2052893590534604e-9,1.359510967850318e-9
-1.935,-3.25171476135792e-9,1.3732821503123363e-9
-1.934,-3.298808954343842e-9,1.3871637711978665e-9
-1.933,-3.3465814944265856e-9,1.4011560801109316e-9
-1.932,-3.395042072963992e-9,1.4152593096775186e-9
-1.931,-3.444200518129207e-9,1.4294736749846785e-9
-1.93,-3.4940667968088384e-9,1.4437993730066892e-9
-1.929,-3.544651016526774e-9,1.4582365820180237e-9
-1.928,-3.5959634273939967e-9,1.4727854609928584e-9
-1.927,-3.6480144240847344e-9,1.4874461489908488e-9
-1.926,-3.700814547839283e-9,1.5022187645289018e-9
-1.925,-3.754374488493851e-9,1.51710340493866e-9
-1.924,-3.808705086537776e-9,1.532100145709415e-9
-1.923,-3.86381733519846e-9,1.5472090398161578e-9
-1.922,-3.919722382554398e-9,1.5624301170324718e-9
-1.921,-3.97643153367664e-9,1.577763383227964e-9
-1.92,-4.033956252799073e-9,1.5932088196499293e-9
-1.919,-4.092308165517884e-9,1.6087663821889337e-9
-1.918,-4.151499061020582e-9,1.6244360006279984e-9
-1.917,-4.211540894344962e-9,1.6402175778750602e-9
-1.916,-4.2724457886683915e-9,1.6561109891783762e-9
-1.915,-4.334226037627807e-9,1.6721160813245378e-9
-1.914,-4.396894107670828e-9,1.6882326718187495e-9
-1.913,-4.460462640438372e-9,1.7044605480470244e-9
-1.912,-4.524944455179176e-9,1.7207994664199398e-9
-1.911,-4.590352551196644e-9,1.7372491514975912e-9
-1.91,-4.656700110328419e-9,1.7538092950953752e-9
-1.909,-4.7240004994591115e-9,1.770479555370226e-9
-1.908,-4.792267273066593e-9,1.7872595558869234e-9
-1.907,-4.861514175802294e-9,1.8041488846640806e-9
-1.906,-4.931755145105936e-9,1.8211470931994183e-9
-1.905,-5.003004313855126e-9,1.8382536954739178e-9
-1.904,-5.07527601305028e-9,1.8554681669344431e-9
-1.903,-5.148584774535288e-9,1.8727899434544157e-9
-1.902,-5.2229453337544174e-9,1.890218420272108e-9
-1.901,-5.298372632545873e-9,1.9077529509061324e-9
-1.9,-5.3748818219725e-9,1.92539284604767e-9
-1.899,-5.452488265190102e-9,1.9431373724290023e-9
-1.898,-5.53120754035383e-9,1.960985751667877e-9
-1.897,-5.611055443563141e-9,1.9789371590872463e-9
-1.896,-5.692047991845804e-9,1.9969907225099e-9
-1.895,-5.774201426181448e-9,2.015145521027513e-9
-1.894,-5.85753221456514e-9,2.0334005837436082e-9
-1.893,-5.942057055111511e-9,2.051754888489939e-9
-1.892,-6.027792879199926e-9,2.0702073605157784e-9
-1.891,-6.114756854661214e-9,2.0887568711495937e-9
-1.89,-6.2029663890064895e-9,2.1074022364325773e-9
-1.889,-6.292439132698571e-9,2.1261422157234992e-9
-1.888,-6.383192982466546e-9,2.144975510274324e-9
-1.887,-6.4752460846640184e-9,2.1639007617760432e-9
-1.886,-6.568616838671569e-9,2.182916550874145e-9
-1.885,-6.663323900343997e-9,2.20202139565315e-9
-1.884,-6.759386185502881e-9,2.2212137500896217e-9
-1.883,-6.8568228734750446e-9,2.2404920024730457e-9
-1.882,-6.955653410677468e-9,2.259854473793976e-9
-1.881,-7.055897514249244e-9,2.279299416098822e-9
-1.88,-7.1575751757311476e-9,2.298825010810642e-9
-1.879,-7.26070666479341e-9,2.3184293670153004e-9
-1.878,-7.3653125330122915e-9,2.3381105197123378e-9
-1.877,-7.471413617696054e-9,2.357866428029874e-9
-1.876,-7.579031045760946e-9,2.3776949734028787e-9
-1.875,-7.688186237657798e-9,2.3975939577141096e-9
-1.874,-7.798900911349873e-9,2.417561101397014e-9
-1.873,-7.911197086342579e-9,2.437594041499884e-9
-1.872,-8.02509708776569e-9,2.4576903297105257e-9
-1.871,-8.140623550508713e-9,2.4778474303407116e-9
-1.87,-8.257799423410046e-9,2.49806271826965e-9
-1.869,-8.37664797350059e-9,2.51833347684571e-9
-1.868,-8.497192790302477e-9,2.5386568957456147e-9
-1.867,-8.619457790183561e-9,2.5590300687903117e-9
-1.866,-8.743467220768392e-9,2.5794499917166996e-9
-1.865,-8.869245665406313e-9,2.5999135599044004e-9
-1.864,-8.9968180476974e-9,2.620417566056722e-9
-1.863,-9.12620963607693e-9,2.6409586978349705e-9
-1.862,-9.257446048459085e-9,2.661533535445231e-9
-1.861,-9.390553256940603e-9,2.6821385491767398e-9
-1.86,-9.525557592565107e-9,2.7027700968909426e-9
-1.859,-9.662485750148827e-9,2.7234244214603236e-9
-1.858,-9.801364793168458e-9,2.7440976481560735e-9
-1.857,-9.942222158711897e-9,2.764785781983644e-9
-1.856,-1.00850856624926e-8,2.7854847049652265e-9
-1.855,-1.0229983503928345e-8,2.8061901733681677e-9
-1.854,-1.0376944271285118e-8,2.826897814878328e-9
-1.853,-1.0525996946886965e-8,2.8476031257173543e-9
-1.852,-1.0677170912392516e-8,2.8683014677028436e-9
-1.851,-1.083049595413904e-8,2.8889880652503325e-9
-1.85,-1.0986002268554778e-8,2.9096580023160485e-9
-1.849,-1.114372046764039e-8,2.930306219279323e-9
-1.848,-1.1303681584520318e-8,2.9509275097635655e-9
-1.847,-1.1465917079064886e-8,2.9715165173946572e-9
-1.846,-1.1630458843583976e-8,2.9920677324956263e-9
-1.845,-1.1797339208593115e-8,3.0125754887164253e-9
-1.844,-1.196659094865281e-8,3.0330339595976243e-9
-1.843,-1.2138247288282011e-8,3.0534371550668097e-9
-1.842,-1.2312341907946525e-8,3.0737789178664537e-9
-1.841,-1.2488908950123301e-8,3.094052919912002e-9
-1.84,-1.2667983025441438e-8,3.114252658578902e-9
-1.839,-1.2849599218900791e-8,3.134371452917279e-9
-1.838,-1.303379309616912e-8,3.1544024397929305e-9
-1.837,-1.3220600709958634e-8,3.1743385699533074e-9
-1.836,-1.3410058606482892e-8,3.1941726040171017e-9
-1.835,-1.3602203831994938e-8,3.2138971083860627e-9
-1.834,-1.3797073939407648e-8,3.233504451077615e-9
-1.833,-1.3994706994997192e-8,3.2529867974768524e-9
-1.832,-1.4195141585190581e-8,3.272336106006429e-9
-1.831,-1.4398416823438257e-8,3.291544123712868e-9
-1.83,-1.4604572357172674e-8,3.3106023817677743e-9
-1.829,-1.4813648374853876e-8,3.3295021908823947e-9
-1.828,-1.5025685613103025e-8,3.3482346366339772e-9
-1.827,-1.5240725363924896e-8,3.366790574702319e-9
-1.826,-1.5458809482020333e-8,3.385160626014888e-9
-1.825,-1.5679980392189664e-8,3.4033351717988632e-9
-1.824,-1.5904281096828133e-8,3.4213043485384173e-9
-1.823,-1.613175518351433e-8,3.4390580428355316e-9
-1.822,-1.6362446832692684e-8,3.4565858861726043e-9
-1.821,-1.659640082545108e-8,3.4738772495750917e-9
-1.82,-1.6833662551394628e-8,3.4909212381723696e-9
-1.819,-1.7074278016616646e-8,3.5077066856550064e-9
-1.818,-1.7318293851767975e-8,3.5242221486265674e-9
-1.817,-1.7565757320225655e-8,3.540455900848073e-9
-1.816,-1.7816716326362104e-8,3.556395927373179e-9
-1.815,-1.8071219423915853e-8,3.5720299185721222e-9
-1.814,-1.8329315824464995e-8,3.587345264042444e-9
-1.813,-1.859105540600442e-8,3.602329046404461e-9
-1.812,-1.8856488721628026e-8,3.6169680349794266e-9
-1.811,-1.9125667008316962e-8,3.631248679348292e-9
-1.81,-1.9398642195835145e-8,3.645157102788925e-9
-1.809,-1.9675466915733128e-8,3.6586790955896344e-9
-1.808,-1.995619451046151e-8,3.671800108236783e-9
-1.807,-2.0240879042595093e-8,3.684505244474254e-9
-1.806,-2.052957530416893e-8,3.6967792542324924e-9
-1.805,-2.082233882612745e-8,3.7086065264247986e-9
-1.804,-2.111922588788792e-8,3.7199710816085203e-9
-1.803,-2.1420293527019387e-8,3.7308565645087415e-9
-1.802,-2.172559954903834e-8,3.7412462364020335e-9
-1.801,-2.2035202537322358e-8,3.751122967357785e-9
-1.8,-2.234916186314292e-8,3.76046922833459e-9
-1.799,-2.2667537695818676e-8,3.7692670831291316e-9
-1.798,-2.299039101299038e-8,3.777498180174949e-9
-1.797,-2.3317783611018808e-8,3.7851437441884416e-9
-1.796,-2.364977811550688e-8,3.792184567659402e-9
-1.795,-2.3986437991947315e-8,3.798601002183354e-9
-1.794,-2.4327827556497032e-8,3.804372949632884e-9
-1.793,-2.4674011986879705e-8,3.80947985316515e-9
-1.792,-2.5025057333417677e-8,3.8139006880626704e-9
-1.791,-2.538103053019459e-8,3.8176139524044735e-9
-1.79,-2.5741999406350067e-8,3.820597657564608e-9
-1.789,-2.6108032697507738e-8,3.8228293185350015e-9
-1.788,-2.647920005733799e-8,3.824285944069574e-9
-1.787,-2.685557206925674e-8,3.824944026646473e-9
-1.786,-2.723722025826165e-8,3.824779532245244e-9
-1.785,-2.7624217102907078e-8,3.8237678899357014e-9
-1.784,-2.8016636047419173e-8,3.821883981275191e-9
-1.783,-2.8414551513952486e-8,3.819102129510909e-9
-1.782,-2.8818038914989487e-8,3.815396088583864e-9
-1.781,-2.922717466588435e-8,3.810739031931023e-9
-1.78,-2.9642036197552462e-8,3.80510354108211e-9
-1.779,-3.0062701969306994e-8,3.798461594047498e-9
-1.778,-3.048925148184399e-8,3.790784553493527e-9
-1.777,-3.092176529037741e-8,3.782043154701581e-9
-1.776,-3.136032501792549e-8,3.7722074933071325e-9
-1.775,-3.180501336874991e-8,3.7612470128149475e-9
-1.774,-3.2255914141949196e-8,3.7491304918865555e-9
-1.773,-3.2713112245207766e-8,3.7358260313960424e-9
-1.772,-3.317669370870213e-8,3.721301041250131e-9
-1.771,-3.364674569916565e-8,3.7055222269684795e-9
-1.77,-3.4123356534113335e-8,3.688455576020041e-9
-1.769,-3.4606615696228174e-8,3.6700663439112567e-9
-1.768,-3.509661384791041e-8,3.650319040021801e-9
-1.767,-3.55934428459913e-8,3.6291774131835087e-9
-1.766,-3.609719575661277e-8,3.6066044369980535e-9
-1.765,-3.6607966870274574e-8,3.5825622948888688e-9
-1.764,-3.712585171705028e-8,3.5570123648827294e-9
-1.763,-3.76509470819737e-8,3.5299152041163372e-9
-1.762,-3.818335102059724e-8,3.501230533063171e-9
-1.761,-3.87231628747236e-8,3.470917219475799e-9
-1.76,-3.9270483288312425e-8,3.4389332620387474e-9
-1.759,-3.982541422356339e-8,3.405235773726968e-9
-1.758,-4.038805897717709e-8,3.3697809648648374e-9
-1.757,-4.0958522196795495e-8,3.3325241258805636e-9
-1.756,-4.153690989762328e-8,3.2934196097507673e-9
-1.755,-4.212332947923155e-8,3.2524208141299378e-9
-1.754,-4.2717889742545656e-8,3.2094801631593707e-9
-1.753,-4.3320700907018376e-8,3.1645490889500986e-9
-1.752,-4.393187462799013e-8,3.1175780127342512e-9
-1.751,-4.455152401423772e-8,3.068516325679176e-9
-1.75,-4.517976364571302e-8,3.0173123693585663e-9
-1.749,-4.5816709591473276e-8,2.9639134158747497e-9
-1.748,-4.646247942780438e-8,2.9082656476261875e-9
-1.747,-4.711719225653871e-8,2.8503141367141496e-9
-1.746,-4.7780968723569014e-8,2.7900028239824187e-9
-1.745,-4.8453931037559856e-8,2.727274497683788e-9
-1.744,-4.913620298885809e-8,2.662070771767015e-9
-1.743,-4.982790996860387e-8,2.594332063777775e-9
-1.742,-5.052917898804375e-8,2.523997572367083e-9
-1.741,-5.1240138698047216e-8,2.4510052544005102e-9
-1.74,-5.196091940882827e-8,2.375291801661452e-9
-1.739,-5.269165310987343e-8,2.2967926171415574e-9
-1.738,-5.343247349007774e-8,2.21544179091135e-9
-1.737,-5.418351595809007e-8,2.131172075563935e-9
-1.736,-5.494491766286932e-8,2.0439148612245916e-9
-1.735,-5.571681751445287e-8,1.9536001501189126e-9
-1.734,-5.649935620493875e-8,1.8601565306920526e-9
-1.733,-5.7292676229682934e-8,1.7635111512715216e-9
-1.732,-5.809692190871315e-8,1.6635896932658306e-9
-1.731,-5.8912239408360664e-8,1.5603163438911849e-9
-1.73,-5.973877676311134e-8,1.4536137684182859e-9
-1.729,-6.05766838976774e-8,1.3434030819311787e-9
-1.728,-6.142611264929131e-8,1.2296038205899552e-9
-1.727,-6.228721679022287e-8,1.112133912388985e-9
-1.726,-6.316015205052119e-8,9.909096474022208e-10
-1.725,-6.404507614098266e-8,8.658456475069827e-10
-1.724,-6.49421487763462e-8,7.368548355774955e-10
-1.723,-6.585153169871707e-8,6.038484041393057e-10
-1.722,-6.677338870122065e-8,4.667357834755708e-10
-1.721,-6.770788565188714e-8,3.254246091760657e-10
-1.72,-6.865519051776866e-8,1.798206891196065e-10
-1.719,-6.961547338928987e-8,2.982796988044266e-11
-1.718,-7.058890650483305e-8,-1.246514974509786e-10
-1.717,-7.157566427555924e-8,-2.837175920426276e-10
-1.716,-7.257592331046596e-8,-4.4747215870079214e-10
-1.715,-7.35898624416833e-8,-6.160190438653237e-10
-1.714,-7.46176627500087e-8,-7.894641322304521e-10
-1.713,-7.565950759068211e-8,-9.67915384001552e-10
-1.712,-7.6715582619402e-8,-1.1514828727984087e-9
-1.711,-7.778607581858365e-8,-1.3402788242156953e-9
-1.71,-7.887117752386027e-8,-1.5344176550515492e-9
-1.709,-7.997108045082803e-8,-1.7340160132152955e-9
-1.708,-8.108597972203593e-8,-1.9391928183255535e-9
-1.707,-8.221607289422125e-8,-2.1500693030101255e-9
-1.706,-8.336155998579127e-8,-2.3667690549192574e-9
-1.705,-8.452264350455219e-8,-2.589418059464032e-9
-1.704,-8.569952847568598e-8,-2.8181447432918533e-9
-1.703,-8.689242246997548e-8,-3.053080018511154e-9
-1.702,-8.810153563227891e-8,-3.2943573276776574e-9
-1.701,-8.932708071025387e-8,-3.5421126895547155e-9
-1.7,-9.056927308333158e-8,-3.796484745660438e-9
-1.699,-9.182833079194192e-8,-4.057614807614531e-9
-1.698,-9.310447456698944e-8,-4.3256469052979554e-9
-1.697,-9.439792785958097e-8,-4.600727835838741e-9
-1.696,-9.570891687100496e-8,-4.8830072134374585e-9
-1.695,-9.703767058296287e-8,-5.172637520046123e-9
-1.694,-9.838442078805288e-8,-5.469774156914447e-9
-1.693,-9.974940212050586e-8,-5.774575497017635e-9
-1.692,-1.0113285208717392e-7,-6.087202938380097e-9
-1.691,-1.025350110987714e-7,-6.407820958309693e-9
-1.69,-1.0395612250136817e-7,-6.7365971685573495e-9
-1.689,-1.0539643260813536e-7,-7.073702371417109e-9
-1.688,-1.06856190731343e-7,-7.419310616781914e-9
-1.687,-1.0833564921460962e-7,-7.773599260170653e-9
-1.686,-1.0983506346540313e-7,-8.136749021742257e-9
-1.685,-1.1135469198779285e-7,-8.508944046312844e-9
-1.684,-1.1289479641545193e-7,-8.890371964392189e-9
-1.683,-1.1445564154490978e-7,-9.281223954256016e-9
-1.682,-1.1603749536905353e-7,-9.681694805070897e-9
-1.681,-1.1764062911087818e-7,-1.0091982981088757e-8
-1.68,-1.1926531725748408e-7,-1.0512290686928275e-8
-1.679,-1.2091183759432115e-7,-1.0942823933960745e-8
-1.678,-1.225804712396787e-7,-1.1383792607818172e-8
-1.677,-1.2427150267941943e-7,-1.1835410537041733e-8
-1.676,-1.259852198019568e-7,-1.2297895562888914e-8
-1.675,-1.2772191393347394e-7,-1.2771469610318013e-8
-1.674,-1.2948187987338312e-7,-1.3256358760168886e-8
-1.673,-1.312654159300235e-7,-1.3752793322559185e-8
-1.672,-1.330728239565961e-7,-1.4261007911515552e-8
-1.671,-1.349044093873341e-7,-1.4781241520859595e-8
-1.67,-1.3676048127390577e-7,-1.5313737601368716e-8
-1.669,-1.3864135232204906e-7,-1.585874413923221e-8
-1.668,-1.4054733892843475e-7,-1.6416513735823322e-8
-1.667,-1.4247876121775636e-7,-1.6987303688808304e-8
-1.666,-1.444359430800438e-7,-1.7571376074613766e-8
-1.665,-1.46419212208199e-7,-1.816899783227401e-8
-1.664,-1.484289001357495e-7,-1.8780440848680325e-8
-1.663,-1.5046534227481858e-7,-1.9405982045254508e-8
-1.662,-1.525288779543074e-7,-2.0045903466069323e-8
-1.661,-1.5461985045828691e-7,-2.0700492367438798e-8
-1.66,-1.5673860706459589e-7,-2.1370041309001747e-8
-1.659,-1.588854990836411e-7,-2.2054848246322163e-8
-1.658,-1.6106088189739674e-7,-2.275521662503049e-8
-1.657,-1.632651149985982e-7,-2.3471455476530163e-8
-1.656,-1.65498562030127e-7,-2.4203879515294195e-8
-1.655,-1.67761590824582e-7,-2.4952809237776833e-8
-1.654,-1.7005457344403273e-7,-2.571857102296586e-8
-1.653,-1.7237788621995002e-7,-2.6501497234601322e-8
-1.652,-1.7473190979330921e-7,-2.7301926325086955e-8
-1.651,-1.7711702915486077e-7,-2.8120202941120938e-8
-1.65,-1.7953363368556305e-7,-2.8956678031072963e-8
-1.649,-1.8198211719717177e-7,-2.981170895413506e-8
-1.648,-1.8446287797298048e-7,-3.068565959127396e-8
-1.647,-1.8697631880870599e-7,-3.157890045801329e-8
-1.646,-1.895228470535126e-7,-3.249180881907412e-8
-1.645,-1.9210287465116892e-7,-3.3424768804903006e-8
-1.644,-1.9471681818133018e-7,-3.4378171530116996e-8
-1.643,-1.9736509890093977e-7,-3.535241521389548e-8
-1.642,-2.0004814278574202e-7,-3.63479053023492e-8
-1.641,-2.0276638057189958e-7,-3.736505459289726e-8
-1.64,-2.0552024779770717e-7,-3.840428336068339e-8
-1.639,-2.083101848453938e-7,-3.946601948706295e-8
-1.638,-2.1113663698300542e-7,-4.055069859019312e-8
-1.637,-2.1400005440635915e-7,-4.1658764157758596e-8
-1.636,-2.1690089228106038e-7,-4.2790667681865975e-8
-1.635,-2.1983961078457356e-7,-4.394686879614045e-8
-1.634,-2.228166751483371e-7,-4.51278354150587e-8
-1.633,-2.258325556999127e-7,-4.633404387555255e-8
-1.632,-2.2888772790515875e-7,-4.756597908091845e-8
-1.631,-2.3198267241041774e-7,-4.882413464706821e-8
-1.63,-2.351178750847063e-7,-5.010901305115707e-8
-1.629,-2.382938270618971e-7,-5.142112578262554e-8
-1.628,-2.4151102478288095e-7,-5.276099349669217e-8
-1.627,-2.4476997003769713e-7,-5.412914617033474e-8
-1.626,-2.4807117000761957e-7,-5.5526123260797964e-8
-1.625,-2.5141513730718656e-7,-5.6952473866666424e-8
-1.624,-2.548023900261604e-7,-5.840875689154184e-8
-1.623,-2.5823345177140394e-7,-5.989554121036444e-8
-1.622,-2.6170885170865947e-7,-6.141340583841876e-8
-1.621,-2.6522912460421655e-7,-6.296294010306461e-8
-1.62,-2.6879481086645313e-7,-6.454474381823485e-8
-1.619,-2.7240645658723513e-7,-6.615942746174176e-8
-1.618,-2.760646135831586e-7,-6.780761235543472e-8
-1.617,-2.7976983943661856e-7,-6.948993084825239e-8
-1.616,-2.835226975366876e-7,-7.12070265022131e-8
-1.615,-2.8732375711978717e-7,-7.295955428138794e-8
-1.614,-2.9117359331013374e-7,-7.474818074390152e-8
-1.613,-2.950727871599423e-7,-7.657358423700587e-8
-1.612,-2.9902192568936786e-7,-7.843645509527414e-8
-1.611,-3.0302160192616526e-7,-8.033749584196045e-8
-1.61,-3.0707241494504925e-7,-8.227742139357385e-8
-1.609,-3.111749699067325e-7,-8.425695926771446e-8
-1.608,-3.1532987809662183e-7,-8.627684979422048e-8
-1.607,-3.195377569631507e-7,-8.833784632967576e-8
-1.606,-3.237992301557258e-7,-9.044071547532802e-8
-1.605,-3.2811492756226505e-7,-9.25862372984686e-8
-1.604,-3.32485485346304e-7,-9.477520555732525e-8
-1.603,-3.369115459836456e-7,-9.70084279295203e-8
-1.602,-3.4139375829853003e-7,-9.9286726244147e-8
-1.601,-3.4593277749929754e-7,-1.0161093671751777e-7
-1.6,-3.5052926521352005e-7,-1.0398191019263887e-7
-1.599,-3.5518388952257333e-7,-1.0640051238246622e-7
-1.598,-3.598973249956225e-7,-1.0886762411699863e-7
-1.597,-3.646702527229936e-7,-1.1138414159426472e-7
-1.596,-3.695033603489007e-7,-1.1395097663526095e-7
-1.595,-3.743973421035e-7,-1.165690569428989e-7
-1.594,-3.7935289883423983e-7,-1.192393263650205e-7
-1.593,-3.8437073803647506e-7,-1.2196274516154103e-7
-1.592,-3.89451573883314e-7,-1.2474029027578012e-7
-1.591,-3.9459612725466483e-7,-1.2757295561004202e-7
-1.59,-3.998051257654471e-7,-1.3046175230550715e-7
-1.589,-4.0507930379293405e-7,-1.3340770902649768e-7
-1.588,-4.1041940250319003e-7,-1.3641187224918087e-7
-1.587,-4.158261698765657e-7,-1.3947530655477428e-7
-1.586,-4.213003607322149e-7,-1.425990949273186e-7
-1.585,-4.2684273675159256e-7,-1.4578433905608395e-7
-1.584,-4.324540665008965e-7,-1.490321596426763e-7
-1.583,-4.381351254524107e-7,-1.523436967129125e-7
-1.582,-4.438866960047096e-7,-1.5572010993353202e-7
-1.581,-4.497095675016803e-7,-1.5916257893381527e-7
-1.58,-4.5560453625031954e-7,-1.6267230363217844e-7
-1.579,-4.615724055372599e-7,-1.6625050456781714e-7
-1.578,-4.6761398564398045e-7,-1.6989842323746974e-7
-1.577,-4.7373009386065357e-7,-1.7361732243737482e-7
-1.576,-4.799215544985811e-7,-1.7740848661049573e-7
-1.575,-4.861891989011692e-7,-1.8127322219908773e-7
-1.574,-4.925338654533928e-7,-1.852128580026837e-7
-1.573,-4.989563995896952e-7,-1.8922874554157466e-7
-1.572,-5.05457653800274e-7,-1.933222594258635e-7
-1.571,-5.120384876356945e-7,-1.9749479773017005e-7
-1.57,-5.186997677097775e-7,-2.0174778237406787e-7
-1.569,-5.254423677007039e-7,-2.0608265950833252e-7
-1.568,-5.322671683502775e-7,-2.1050089990708374e-7
-1.567,-5.391750574612859e-7,-2.1500399936590363e-7
-1.566,-5.461669298928989e-7,-2.195934791060146e-7
-1.565,-5.532436875540413e-7,-2.2427088618460188e-7
-1.564,-5.604062393946757e-7,-2.290377939113657e-7
-1.563,-5.676555013949295e-7,-2.3389580227139027e-7
-1.562,-5.74992396551999e-7,-2.3884653835441715e-7
-1.561,-5.824178548647627e-7,-2.438916567906112e-7
-1.56,-5.899328133160301e-7,-2.490328401929094e-7
-1.559,-5.975382158523574e-7,-2.5427179960604315e-7
-1.558,-6.052350133613546e-7,-2.596102749623258e-7
-1.557,-6.130241636464077e-7,-2.6505003554429816e-7
-1.556,-6.209066313987394e-7,-2.7059288045432625e-7
-1.555,-6.2888338816673e-7,-2.76240639091246e-7
-1.554,-6.369554123224154e-7,-2.819951716341516e-7
-1.553,-6.451236890250805e-7,-2.878583695334236e-7
-1.552,-6.533892101818635e-7,-2.9383215600909636e-7
-1.551,-6.617529744052838e-7,-2.999184865566633e-7
-1.55,-6.70215986967604e-7,-3.061193494604207e-7
-1.549,-6.787792597519371e-7,-3.124367663144521e-7
-1.548,-6.874438112000039e-7,-3.188727925513553e-7
-1.547,-6.962106662564472e-7,-3.2542951797881636e-7
-1.546,-7.050808563096048e-7,-3.3210906732413566e-7
-1.545,-7.140554191286419e-7,-3.389136007868116e-7
-1.544,-7.231353987969422e-7,-3.458453145992899e-7
-1.543,-7.323218456416521e-7,-3.529064415959862e-7
-1.542,-7.416158161592743e-7,-3.600992517906926e-7
-1.541,-7.510183729371989e-7,-3.674260529624775e-7
-1.54,-7.605305845710638e-7,-3.748891912501919e-7
-1.539,-7.7015352557783e-7,-3.824910517556946e-7
-1.538,-7.798882763044544e-7,-3.9023405915591026e-7
-1.537,-7.897359228320434e-7,-3.9812067832383694e-7
-1.536,-7.996975568753648e-7,-4.06153414958618e-7
-1.535,-8.097742756775943e-7,-4.143348162247977e-7
-1.534,-8.199671819001701e-7,-4.226674714008783e-7
-1.533,-8.302773835076257e-7,-4.311540125372999e-7
-1.532,-8.407059936472692e-7,-4.3979711512396287e-7
-1.531,-8.512541305235725e-7,-4.485994987674173e-7
-1.53,-8.619229172671343e-7,-4.5756392787784137e-7
-1.529,-8.727134817980733e-7,-4.666932123659345e-7
-1.528,-8.836269566837091e-7,-4.7599020834985153e-7
-1.527,-8.946644789903826e-7,-4.854578188723045e-7
-1.526,-9.058271901292646e-7,-4.950989946279612e-7
-1.525,-9.171162356960003e-7,-5.049167347012697e-7
-1.524,-9.285327653040311e-7,-5.1491408731484e-7
-1.523,-9.400779324114332e-7,-5.250941505885152e-7
-1.522,-9.517528941411095e-7,-5.354600733092638e-7
-1.521,-9.63558811094167e-7,-5.460150557120306e-7
-1.52,-9.754968471563076e-7,-5.567623502716785e-7
-1.519,-9.875681692970592e-7,-5.677052625061601e-7
-1.518,-9.99773947361667e-7,-5.788471517910569e-7
-1.517,-1.0121153538554621e-6,-5.901914321856244e-7
-1.516,-1.024593563720524e-6,-6.017415732704839e-7
-1.515,-1.0372097541044434e-6,-6.135011009971026e-7
-1.514,-1.0499651041209927e-6,-6.254735985492051e-7
-1.513,-1.0628607946025057e-6,-6.376627072162581e-7
-1.512,-1.0758980078437647e-6,-6.500721272791763e-7
-1.511,-1.089077927337186e-6,-6.627056189083928e-7
-1.51,-1.1024017374990943e-6,-6.755670030744432e-7
-1.509,-1.1158706233868717e-6,-6.886601624712093e-7
-1.508,-1.1294857704067573e-6,-7.019890424519754e-7
-1.507,-1.1432483640120774e-6,-7.155576519784441e-7
-1.506,-1.1571595893916727e-6,-7.293700645828652e-7
-1.505,-1.1712206311482914e-6,-7.4343041934343e-7
-1.504,-1.1854326729667092e-6,-7.577429218730843e-7
-1.503,-1.199796897271329e-6,-7.723118453219157e-7
-1.502,-1.2143144848730146e-6,-7.871415313932693e-7
-1.501,-1.2289866146049045e-6,-8.02236391373751e-7
-1.5,-1.2438144629469443e-6,-8.176009071772737e-7
-1.499,-1.2587992036388732e-6,-8.332396324033076e-7
-1.498,-1.2739420072813975e-6,-8.491571934094915e-7
-1.497,-1.2892440409252714e-6,-8.653582903987681e-7
-1.496,-1.3047064676480071e-6,-8.81847698521204e-7
-1.495,-1.3203304461179267e-6,-8.986302689906569e-7
-1.494,-1.336117130145259e-6,-9.157109302164524e-7
-1.493,-1.3520676682199914e-6,-9.330946889502366e-7
-1.492,-1.3681832030361611e-6,-9.507866314481668e-7
-1.491,-1.3844648710022842e-6,-9.687919246486088e-7
-1.49,-1.4009138017375988e-6,-9.871158173655048e-7
-1.489,-1.4175311175538025e-6,-1.0057636414975814e-6
-1.488,-1.4343179329219524e-6,-1.0247408132535632e-6
-1.487,-1.4512753539241911e-6,-1.044052834393563e-6
-1.486,-1.4684044776899547e-6,-1.063705293486816e-6
-1.485,-1.4857063918163145e-6,-1.083703867185929e-6
-1.484,-1.5031821737720907e-6,-1.104054321517814e-6
-1.483,-1.5208328902853806e-6,-1.1247625131914774e-6
-1.482,-1.5386595967141203e-6,-1.1458343909228374e-6
-1.481,-1.55666333639931e-6,-1.167275996776739e-6
-1.48,-1.5748451400005093e-6,-1.1890934675263404e-6
-1.479,-1.5932060248132131e-6,-1.211293036030044e-6
-1.478,-1.6117469940677016e-6,-1.233881032626142e-6
-1.477,-1.6304690362089586e-6,-1.256863886545353e-6
-1.476,-1.6493731241572374e-6,-1.2802481273414208e-6
-1.475,-1.6684602145488482e-6,-1.3040403863399496e-6
-1.474,-1.687731246956734e-6,-1.3282473981056483e-6
-1.473,-1.707187143090391e-6,-1.352876001928158e-6
-1.472,-1.726828805974679e-6,-1.3779331433266373e-6
-1.471,-1.7466571191070685e-6,-1.403425875573276e-6
-1.47,-1.7666729455928457e-6,-1.4293613612359132e-6
-1.469,-1.7868771272578044e-6,-1.4557468737399318e-6
-1.468,-1.8072704837379324e-6,-1.4825897989496004e-6
-1.467,-1.8278538115455976e-6,-1.5098976367690399e-6
-1.466,-1.8486278831117253e-6,-1.5376780027629793e-6
-1.465,-1.8695934458034509e-6,-1.5659386297974796e-6
-1.464,-1.8907512209167211e-6,-1.5946873697007912e-6
-1.463,-1.9121019026433065e-6,-1.623932194944519e-6
-1.462,-1.933646157011679e-6,-1.6536812003452592e-6
-1.461,-1.9553846208011984e-6,-1.6839426047868846e-6
-1.46,-1.9773179004290347e-6,-1.7147247529636352e-6
-1.459,-1.9994465708092545e-6,-1.7460361171441927e-6
-1.458,-2.021771174183475e-6,-1.7778852989568933e-6
-1.457,-2.04429221892249e-6,-1.8102810311962505e-6
-1.456,-2.0670101782982506e-6,-1.8432321796509473e-6
-1.455,-2.08992548922558e-6,-1.8767477449534607e-6
-1.454,-2.113038550972985e-6,-1.910836864451477e-6
-1.453,-2.136349723841917e-6,-1.945508814101257e-6
-1.452,-2.159859327813825e-6,-1.9807730103831095e-6
-1.451,-2.183567641164318e-6,-2.016639012239122e-6
-1.45,-2.207474899043771e-6,-2.053116523033308e-6
-1.449,-2.231581292023656e-6,-2.0902153925343163e-6
-1.448,-2.255886964607902e-6,-2.127945618920852e-6
-1.447,-2.2803920137085536e-6,-2.166317350809956e-6
-1.446,-2.3050964870849924e-6,-2.2053408893082864e-6
-1.445,-2.330000381745972e-6,-2.2450266900865343e-6
-1.444,-2.3551036423136953e-6,-2.2853853654771277e-6
-1.443,-2.3804061593491683e-6,-2.32642768659534e-6
-1.442,-2.4059077676380187e-6,-2.368164585483949e-6
-1.441,-2.431608244435989e-6,-2.4106071572815617e-6
-1.44,-2.4575073076732715e-6,-2.4537666624147434e-6
-1.439,-2.483604614116848e-6,-2.497654528814059e-6
-1.438,-2.5098997574899863e-6,-2.542282354154149e-6
-1.437,-2.53639226654802e-6,-2.5876619081179575e-6
-1.436,-2.563081603109528e-6,-2.633805134685212e-6
-1.435,-2.5899671600420176e-6,-2.680724154445263e-6
-1.434,-2.6170482592011876e-6,-2.7284312669343893e-6
-1.433,-2.6443241493228433e-6,-2.7769389529976522e-6
-1.432,-2.671794003866514e-6,-2.8262598771753964e-6
-1.431,-2.6994569188097977e-6,-2.876406890114481e-6
-1.43,-2.7273119103924637e-6,-2.9273930310043177e-6
-1.429,-2.7553579128092914e-6,-2.9792315300377895e-6
-1.428,-2.783593775850644e-6,-3.03193581089712e-6
-1.427,-2.812018262489726e-6,-3.0855194932647493e-6
-1.426,-2.840630046415473e-6,-3.139996395359278e-6
-1.425,-2.8694277095099994e-6,-3.1953805364965215e-6
-1.424,-2.8984097392695055e-6,-3.2516861396757162e-6
-1.423,-2.9275745261675337e-6,-3.308927634190915e-6
-1.422,-2.956920360959439e-6,-3.3671196582675958e-6
-1.421,-2.9864454319269196e-6,-3.4262770617244984e-6
-1.42,-3.016147822061436e-6,-3.486414908660707e-6
-1.419,-3.046025506185323e-6,-3.547548480167974e-6
-1.418,-3.076076348009377e-6,-3.609693277068278e-6
-1.417,-3.106298097125692e-6,-3.6728650226766095e-6
-1.416,-3.136688385934472e-6,-3.7370796655889416e-6
-1.415,-3.1672447265035524e-6,-3.802353382495369e-6
-1.414,-3.1979645073593243e-6,-3.868702581018358e-6
-1.413,-3.228844990207737e-6,-3.936143902576055e-6
-1.412,-3.259883306584033e-6,-4.004694225270589e-6
-1.411,-3.291076454429845e-6,-4.074370666801293e-6
-1.41,-3.3224212945962618e-6,-4.1451905874027375e-6
-1.409,-3.3539145472714454e-6,-4.21717159280751e-6
-1.408,-3.385552788331359e-6,-4.290331537233584e-6
-1.407,-3.4173324456121394e-6,-4.364688526396191e-6
-1.406,-3.449249795102621e-6,-4.440260920544025e-6
-1.405,-3.4813009570554997e-6,-4.517067337519645e-6
-1.404,-3.5134818920155925e-6,-4.595126655843905e-6
-1.403,-3.5457883967636254e-6,-4.674458017824221e-6
-1.402,-3.578216100173957e-6,-4.755080832686489e-6
-1.401,-3.6107604589846167e-6,-4.837014779730435e-6
-1.4,-3.64341675347801e-6,-4.920279811508172e-6
-1.399,-3.676180083070621e-6,-5.004896157025718e-6
-1.398,-3.709045361809997e-6,-5.0908843249672084e-6
-1.397,-3.7420073137773027e-6,-5.178265106941533e-6
-1.396,-3.7750604683936694e-6,-5.267059580751092e-6
-1.395,-3.8081991556285576e-6,-5.357289113682355e-6
-1.394,-3.841417501108319e-6,-5.448975365817892e-6
-1.393,-3.8747094211231e-6,-5.542140293369514e-6
-1.392,-3.90806861753023e-6,-5.636806152032156e-6
-1.391,-3.941488572552155e-6,-5.7329955003580935e-6
-1.39,-3.974962543467016e-6,-5.830731203151081e-6
-1.389,-4.008483557189873e-6,-5.930036434879973e-6
-1.388,-4.042044404742582e-6,-6.030934683111359e-6
-1.387,-4.075637635610305e-6,-6.133449751960715e-6
-1.386,-4.109255551982562e-6,-6.237605765561582e-6
-1.385,-4.142890202876752e-6,-6.343427171552205e-6
-1.384,-4.17653337814199e-6,-6.450938744579097e-6
-1.383,-4.21017660234111e-6,-6.560165589816907e-6
-1.382,-4.243811128508619e-6,-6.671133146504002e-6
-1.381,-4.277427931782389e-6,-6.783867191493092e-6
-1.38,-4.3110177029067885e-6,-6.898393842816248e-6
-1.379,-4.344570841604983e-6,-7.014739563263575e-6
-1.378,-4.3780774498180275e-6,-7.132931163974835e-6
-1.377,-4.411527324808405e-6,-7.252995808043233e-6
-1.376,-4.444909952125584e-6,-7.374961014130567e-6
-1.375,-4.4782144984311385e-6,-7.498854660092912e-6
-1.374,-4.511429804180961e-6,-7.624704986615972e-6
-1.373,-4.544544376162019e-6,-7.752540600859186e-6
-1.372,-4.5775463798811154e-6,-7.882390480107651e-6
-1.371,-4.6104236318030285e-6,-8.014283975430895e-6
-1.37,-4.643163591435405e-6,-8.148250815347457e-6
-1.369,-4.675753353257716e-6,-8.284321109494259e-6
-1.368,-4.708179638491555e-6,-8.422525352299623e-6
-1.367,-4.740428786709522e-6,-8.562894426658836e-6
-1.366,-4.772486747279878e-6,-8.705459607611071e-6
-1.365,-4.804339070644147e-6,-8.850252566016417e-6
-1.364,-4.835970899424748e-6,-8.99730537223178e-6
-1.363,-4.867366959359765e-6,-9.14665049978432e-6
-1.362,-4.898511550061857e-6,-9.298320829041063e-6
-1.361,-4.929388535598302e-6,-9.452349650873266e-6
-1.36,-4.959981334889133e-6,-9.608770670314097e-6
-1.359,-4.990272911920234e-6,-9.767618010208082e-6
-1.358,-5.02024576576829e-6,-9.928926214850783e-6
-1.357,-5.049881920434364e-6,-1.0092730253617051e-5
-1.356,-5.0791629144829e-6,-1.0259065524576209e-5
-1.355,-5.108069790482846e-6,-1.0427967858092408e-5
-1.354,-5.1365830842475896e-6,-1.0599473520408378e-5
-1.353,-5.164682813870327e-6,-1.0773619217210693e-5
-1.352,-5.192348468551448e-6,-1.0950442097174673e-5
-1.351,-5.219558997214479e-6,-1.1129979755486913e-5
-1.35,-5.246292796907056e-6,-1.1312270237343405e-5
-1.349,-5.272527700983398e-6,-1.1497352041421151e-5
-1.348,-5.298240967064636e-6,-1.168526412332107e-5
-1.347,-5.32340926477338e-6,-1.1876045898979966e-5
-1.346,-5.348008663238791e-6,-1.2069737248049233e-5
-1.345,-5.372014618368423e-6,-1.2266378517237892e-5
-1.344,-5.395401959883022e-6,-1.2466010523617507e-5
-1.343,-5.418144878110447e-6,-1.2668674557886411e-5
-1.342,-5.440216910534797e-6,-1.2874412387590643e-5
-1.341,-5.461590928096788e-6,-1.3083266260298865e-5
-1.34,-5.482239121241412e-6,-1.329527890672847e-5
-1.339,-5.502132985708784e-6,-1.3510493543820014e-5
-1.338,-5.521243308064108e-6,-1.372895387775702e-5
-1.337,-5.539540150962585e-6,-1.395070410692804e-5
-1.336,-5.556992838145086e-6,-1.4175788924827922e-5
-1.335,-5.5735699391602965e-6,-1.4404253522894962e-5
-1.334,-5.589239253809071e-6,-1.4636143593280636e-5
-1.333,-5.603967796306598e-6,-1.4871505331548482e-5
-1.332,-5.617721779157988e-6,-1.5110385439298599e-5
-1.331,-5.6304665967428175e-6,-1.5352831126714077e-5
-1.33,-5.642166808604114e-6,-1.5598890115025695e-5
-1.329,-5.6527861224372085e-6,-1.584861063889094e-5
-1.328,-5.6622873767738535e-6,-1.6102041448683454e-5
-1.327,-5.670632523356913e-6,-1.6359231812688786e-5
-1.326,-5.677782609200926e-6,-1.6620231519202264e-5
-1.325,-5.683697758333746e-6,-1.6885090878524685e-5
-1.324,-5.6883371532144465e-6,-1.7153860724851347e-5
-1.323,-5.6916590158226004e-6,-1.742659241804991e-5
-1.322,-5.693620588414011e-6,-1.7703337845322346e-5
-1.321,-5.694178113937905e-6,-1.7984149422746182e-5
-1.32,-5.6932868161105605e-6,-1.8269080096690068e-5
-1.319,-5.690900879140268e-6,-1.855818334509859e-5
-1.318,-5.68697342709851e-6,-1.8851513178641068e-5
-1.317,-5.681456502932151e-6,-1.914912414171897e-5
-1.316,-5.674301047111402e-6,-1.9451071313326427e-5
-1.315,-5.665456875908282e-6,-1.9757410307758158e-5
-1.314,-5.6548726593002205e-6,-2.0068197275158975e-5
-1.313,-5.642495898493428e-6,-2.038348890190888e-5
-1.312,-5.628272903060571e-6,-2.0703342410837607e-5
-1.311,-5.612148767687302e-6,-2.1027815561262293e-5
-1.31,-5.594067348522067e-6,-2.135696664884179e-5
-1.309,-5.573971239123649e-6,-2.169085450524096e-5
-1.308,-5.551801746000778e-6,-2.202953849759813e-5
-1.307,-5.527498863738163e-6,-2.237307852778869e-5
-1.306,-5.5010012497032145e-6,-2.2721535031477606e-5
-1.305,-5.472246198327681e-6,-2.307496897695353e-5
-1.304,-5.441169614958404e-6,-2.3433441863736864e-5
-1.303,-5.407705989271337e-6,-2.3797015720954e-5
-1.302,-5.371788368242924e-6,-2.416575310546984e-5
-1.301,-5.333348328672913e-6,-2.4539717099770284e-5
-1.3,-5.29231594925262e-6,-2.4918971309586413e-5
-1.299,-5.248619782172647e-6,-2.530357986125167e-5
-1.298,-5.2021868242639715e-6,-2.569360739878326e-5
-1.297,-5.152942487666356e-6,-2.6089119080678678e-5
-1.296,-5.100810570017926e-6,-2.6490180576418112e-5
-1.295,-5.0457132241597855e-6,-2.689685806266318e-5
-1.294,-4.987570927349457e-6,-2.7309218219142245e-5
-1.293,-4.926302449976956e-6,-2.7727328224212302e-5
-1.292,-4.86182482377723e-6,-2.81512557500872e-5
-1.291,-4.794053309532712e-6,-2.8581068957721646e-5
-1.29,-4.722901364259672e-6,-2.9016836491340267e-5
-1.289,-4.648280607872058e-6,-2.9458627472600664e-5
-1.288,-4.570100789316492e-6,-2.9906511494379124e-5
-1.287,-4.4882697521720394e-6,-3.0360558614167466e-5
-1.286,-4.402693399708406e-6,-3.082083934706907e-5
-1.285,-4.313275659396155e-6,-3.1287424658381946e-5
-1.284,-4.219918446862546e-6,-3.176038595575646e-5
-1.283,-4.122521629286595e-6,-3.223979508091479e-5
-1.282,-4.020982988226934e-6,-3.27257243009192e-5
-1.281,-3.91519818187606e-6,-3.321824629897561e-5
-1.28,-3.8050607067345404e-6,-3.3717434164758916e-5
-1.279,-3.690461858698782e-6,-3.422336138424575e-5
-1.278,-3.571290693555938e-6,-3.473610182904063e-5
-1.277,-3.447433986879559e-6,-3.525572974518053e-5
-1.276,-3.3187761933196103e-6,-3.578231974140288e-5
-1.275,-3.1851994052804703e-6,-3.631594677686161e-5
-1.274,-3.046583310980581e-6,-3.685668614827538e-5
-1.273,-2.9028051518874137e-6,-3.740461347649192e-5
-1.272,-2.7537396795214623e-6,-3.795980469245179e-5
-1.271,-2.5992591116229998e-6,-3.8522336022534804e-5
-1.27,-2.4392330876753768e-6,-3.909228397327168e-5
-1.269,-2.2735286237786787e-6,-3.966972531540321e-5
-1.268,-2.1020100668676123e-6,-4.025473706726882e-5
-1.267,-1.924539048267532e-6,-4.0847396477506056e-5
-1.266,-1.740974436582591e-6,-4.144778100704174e-5
-1.265,-1.5511722899100471e-6,-4.2055968310355736e-5
-1.264,-1.3549858073748411e-6,-4.2672036215997195e-5
-1.263,-1.1522652799786177e-6,-4.3296062706333066e-5
-1.262,-9.428580407574611e-7,-4.392812589650806e-5
-1.261,-7.266084142426893e-7,-4.456830401259486e-5
-1.26,-5.033576652191528e-7,-4.521667536891281e-5
-1.259,-2.7294394677557775e-7,-4.587331834449285e-5
-1.258,-3.5202247641606125e-8,-4.6538311358666016e-5
-1.257,2.1003566119370344e-7,-4.7211732845752235e-5
-1.256,4.6294128058702726e-7,-4.789366122882573e-5
-1.255,7.236894380745642e-7,-4.8584174892532654e-5
-1.254,9.924583434393035e-7,-4.928335215493625e-5
-1.253,1.2694296450164735e-6,-4.999127123836412e-5
-1.252,1.5547884867417138e-6,-5.0708010239231666e-5
-1.251,1.8487235659463497e-6,-5.1433647096815246e-5
-1.25,2.151427191903978e-6,-5.216825956094797e-5
-1.249,2.463095345132384e-6,-5.2911925158610435e-5
-1.248,2.783927737454624e-6,-5.366472115938818e-5
-1.247,3.1141278728228945e-6,-5.4426724539767006e-5
-1.246,3.4539031089086062e-6,-5.519801194623653e-5
-1.245,3.8034647194618508e-6,-5.5978659657172024e-5
-1.244,4.163027957443208e-6,-5.676874354346361e-5
-1.243,4.532812118930595e-6,-5.756833902786141e-5
-1.242,4.913040607803616e-6,-5.837752104300457e-5
-1.241,5.3039410012075605e-6,-5.9196363988101365e-5
-1.24,5.705745115798944e-6,-6.0024941684226764e-5
-1.239,6.118689074774191e-6,-6.08633273282035e-5
-1.238,6.5430133756827e-6,-6.171159344503147e-5
-1.237,6.978962959025267e-6,-6.256981183883004e-5
-1.236,7.426787277638449e-6,-6.343805354225663e-5
-1.235,7.886740366865114e-6,-6.43163887643647e-5
-1.234,8.359080915511061e-6,-6.520488683686295e-5
-1.233,8.84407233758718e-6,-6.610361615873719e-5
-1.232,9.341982844836222e-6,-6.701264413919538e-5
-1.231,9.853085520042847e-6,-6.793203713889534e-5
-1.23,1.0377658391125142e-5,-6.886186040941433e-5
-1.229,1.0915984506005377e-5,-6.980217803091813e-5
-1.228,1.1468352008257237e-5,-7.075305284798707e-5
-1.227,1.2035054213526352e-5,-7.171454640355527e-5
-1.226,1.261638968672032e-5,-7.268671887091836e-5
-1.225,1.3212662319963974e-5,-7.366962898376443e-5
-1.224,1.382418141131504e-5,-7.466333396418168e-5
-1.223,1.445126174423473e-5,-7.566788944859547e-5
-1.222,1.5094223667807255e-5,-7.668334941158666e-5
-1.221,1.5753393177701578e-5,-7.770976608754188e-5
-1.22,1.642910199786808e-5,-7.874718989008575e-5
-1.219,1.7121687662962144e-5,-7.979566932924363e-5
-1.218,1.7831493601485934e-5,-8.085525092628318e-5
-1.217,1.8558869219638934e-5,-8.192597912618109e-5
-1.216,1.9304169985867057e-5,-8.300789620766125e-5
-1.215,2.0067757516099313e-5,-8.410104219074879e-5
-1.214,2.0849999659660233e-5,-8.520545474178392e-5
-1.213,2.1651270585845427e-5,-8.632116907583809e-5
-1.212,2.2471950871146685e-5,-8.744821785647413e-5
-1.211,2.3312427587112252e-5,-8.858663109279076e-5
-1.21,2.4173094388826806e-5,-8.973643603369068e-5
-1.209,2.505435160399488e-5,-9.089765705931078e-5
-1.208,2.595660632261025e-5,-9.207031556955106e-5
-1.207,2.6880272487192973e-5,-9.325442986963849e-5
-1.206,2.7825770983574467e-5,-9.445001505266025e-5
-1.205,2.879352973221011e-5,-9.565708287900015e-5
-1.204,2.9783983779997484e-5,-9.687564165261003e-5
-1.203,3.079757539257734e-5,-9.810569609404767e-5
-1.202,3.183475414709302e-5,-9.934724721021073e-5
-1.201,3.2895977025382815e-5,-0.00010060029216069526
-1.2,3.398170850757846e-5,-0.00010186482412070623
-1.199,3.5092420666081486e-5,-0.00010314083214044582
-1.198,3.622859325988782e-5,-0.0001044283010009042
-1.197,3.739071382922956e-5,-0.00010572721106597625
-1.196,3.857927779050115e-5,-0.00010703753813082611
-1.195,3.9794788531436055e-5,-0.00010835925326642012
-1.194,4.1037757506497734e-5,-0.0001096923226601477
-1.193,4.230870433244775e-5,-0.00011103670745244768
-1.192,4.360815688405165e-5,-0.00011239236356935704
-1.191,4.4936651389881573e-5,-0.00011375924155089665
-1.19,4.629473252817288e-5,-0.00011513728637520811
-1.189,4.7682953522689885e-5,-0.00011652643727835362
-1.188,4.910187623855411e-5,-0.00011792662756968977
-1.187,5.0552071277986246e-5,-0.0001193377844427246
-1.186,5.2034118075910964e-5,-0.00012075982878136563
-1.185,5.354860499537163e-5,-0.00012219267496146533
-1.184,5.509612942269964e-5,-0.00012363623064756883
-1.183,5.667729786238089e-5,-0.00012509039658476713
-1.182,5.8292726031559414e-5,-0.0001265550663855578
-1.181,5.994303895411589e-5,-0.00012803012631161308
-1.18,6.16288710542561e-5,-0.0001295154550503547
-1.179,6.335086624954182e-5,-0.0001310109234862319
-1.178,6.510967804329414e-5,-0.00013251639446659887
-1.177,6.690596961629597e-5,-0.00013403172256208526
-1.176,6.87404139177183e-5,-0.00013555675382135237
-1.175,7.06136937551911e-5,-0.00013709132552012604
-1.174,7.252650188393737e-5,-0.00013863526590439533
-1.173,7.447954109488537e-5,-0.00014018839392766473
-1.172,7.647352430167076e-5,-0.00014175051898214616
-1.171,7.850917462643738e-5,-0.00014332144062377517
-1.17,8.05872254843417e-5,-0.00014490094829093422
-1.169,8.27084206666626e-5,-0.00014648882101676443
-1.168,8.487351442241444e-5,-0.00014808482713494546
-1.167,8.708327153835748e-5,-0.00014968872397882162
-1.166,8.933846741729636e-5,-0.00015130025757375084
-1.165,9.16398881545527e-5,-0.00015291916232255124
-1.164,9.398833061249435e-5,-0.0001545451606839187
-1.163,9.638460249299926e-5,-0.00015617796284368726
-1.162,9.882952240772775e-5,-0.0001578172663788025
-1.161,0.00010132391994607254,-0.00015946275591387647
-1.16,0.00010386863574065119,-0.00016111410277019122
-1.159,0.00010646452153020081,-0.00016277096460701657
-1.158,0.00010911244021973033,-0.00016443298505510617
-1.157,0.00011181326593778015,-0.00016609979334223415
-1.156,0.00011456788409063432,-0.00016777100391063355
-1.155,0.0001173771914133246,-0.00016944621602619632
-1.154,0.00012024209601726072,-0.00017112501337929255
-1.153,0.0001231635174343151,-0.0001728069636770661
-1.152,0.000126142386657185,-0.0001744916182270619
-1.151,0.00012917964617584855,-0.00017617851151203865
-1.15,0.00013227625000992554,-0.00017786716075582012
-1.149,0.00013543316373674675,-0.00017955706548003627
-1.148,0.00013865136451493053,-0.00018124770705160414
-1.147,0.00014193184110325652,-0.00018293854822079797
-1.146,0.00014527559387462194,-0.00018462903264975634
-1.145,0.0001486836348248569,-0.00018631858443127303
-1.144,0.00015215698757616868,-0.00018800660759771734
-1.143,0.0001556966873749779,-0.00018969248561992897
-1.142,0.00015930378108390084,-0.00019137558089593124
-1.141,0.0001629793271676248,-0.00019305523422930558
-1.14,0.00016672439567241574,-0.00019473076429706986
-1.139,0.00017054006819898772,-0.0001964014671069023
-1.138,0.00017442743786845675,-0.0001980666154435514
-1.137,0.00017838760928109136,-0.0001997254583042734
-1.136,0.00018242169846756416,-0.00020137722032313634
-1.135,0.00018653083283239863,-0.00020302110118403154
-1.134,0.00019071615108929627,-0.00020465627502223114
-1.133,0.00019497880318801916,-0.00020628188981433202
-1.132,0.0001993199502324926,-0.00020789706675642498
-1.131,0.00020374076438978272,-0.00020950089963032932
-1.13,0.00020824242878959276,-0.00021109245415773235
-1.129,0.00021282613741391044,-0.00021267076734207452
-1.128,0.00021749309497642863,-0.00021423484679802094
-1.127,0.00022224451679134853,-0.00021578367006836087
-1.126,0.00022708162863116382,-0.00021731618392817784
-1.125,0.00023200566657301106,-0.00021883130367613408
-1.124,0.0002370178768331598,-0.0002203279124127138
-1.123,0.0002421195155892023,-0.00022180486030527196
-1.122,0.0002473118487894899,-0.0002232609638397363
-1.121,0.00025259615194934927,-0.00022469500505881243
-1.12,0.00025797370993359714,-0.00022610573078654406
-1.119,0.00026344581672485984,-0.00022749185183908228
-1.118,0.0002690137751771856,-0.00022885204222152105
-1.117,0.0002746788967544263,-0.00023018493831065826
-1.116,0.00028044250125284657,-0.0002314891380235456
-1.115,0.0002863059165074045,-0.00023276319997169267
-1.114,0.00029227047808113,-0.0002340056426007963
-1.113,0.00029833752893701113,-0.0002352149433158681
-1.112,0.0003045084190917811,-0.00023638953759163914
-1.111,0.00031078450525098014,-0.0002375278180681248
-1.11,0.0003171671504246503,-0.00023862813363123805
-1.109,0.0003236577235229991,-0.00023968878847834484
-1.108,0.0003302575989313523,-0.0002407080411686611
-1.107,0.000336968156063694,-0.000241684103658398
-1.106,0.0003437907788940731,-0.00024261514032056775
-1.105,0.0003507268554651339,-0.0002434992669493701
-1.104,0.0003577777773730073,-0.0002443345497490882
-1.103,0.0003649449392277788,-0.00024511900430742895
-1.102,0.0003722297380887236,-0.00024585059455325427
-1.101,0.00037963357287348025,-0.00024652723169865675
-1.1,0.0003871578437403077,-0.0002471467731653451
-1.099,0.0003948039514425484,-0.0002477070214953142
-1.098,0.0004025732966543932,-0.0002482057232457871
-1.097,0.0004104672792670218,-0.00024864056786842677
-1.096,0.000418487297654162,-0.0002490091865728304
-1.095,0.00042663474790608896,-0.0002493091511743297
-1.094,0.0004349110230310547,-0.00024953797292613856
-1.093,0.0004433175121231127,-0.00024969310133590077
-1.092,0.00045185559949527165,-0.00024977192296671004
-1.091,0.0004605266637768848,-0.00024977176022268914
-1.09,0.00046933207697415045,-0.00024968987011923414
-1.089,0.0004782732034925685,-0.0002495234430380482
-1.088,0.0004873513991201659,-0.00024926960146711026
-1.087,0.0004965680099702734,-0.0002489253987257431
-1.086,0.0005059243713825997,-0.0002484878176749706
-1.085,0.0005154218067813201,-0.00024795376941337435
-1.084,0.0005250616264888563,-0.0002473200919586874
-1.083,0.0005348451264939948,-0.0002465835489153866
-1.082,0.0005447735871729505,-0.00024574082812857455
-1.081,0.0005548482719619466,-0.00024478854032447
-1.08,0.0005650704259798469,-0.00024372321773785623
-1.079,0.0005754412745993327,-0.00024254131272686936
-1.078,0.0005859620219650819,-0.00024123919637554262
-1.077,0.0005966338494573656,-0.000239813157084557
-1.076,0.0006074579140994366,-0.00023825939915068757
-1.075,0.0006184353469070423,-0.00023657404133547308
-1.074,0.0006295672511783526,-0.00023475311542367797
-1.073,0.0006408547007225476,-0.00023279256477216014
-1.072,0.0006522987380252707,-0.00023068824284980192
-1.071,0.0006639003723490991,-0.00022843591176921138
-1.07,0.000675660577767146,-0.00022603124081095008
-1.069,0.0006875802911278581,-0.0002234698049410972
-1.068,0.0006996604099490225,-0.00022074708332301473
-1.067,0.0007119017902389533,-0.00021785845782423745
-1.066,0.0007243052442427743,-0.0002147992115194718
-1.065,0.0007368715381116681,-0.00021156452719075264
-1.064,0.0007496013894929076,-0.00020814948582587362
-1.063,0.0007624954650384369,-0.0002045490651162779
-1.062,0.000775554377829716,-0.0002007581379556699
-1.061,0.0007887786847164897,-0.00019677147094068642
-1.06,0.0008021688835670882,-0.00019258372287504663
-1.059,0.000815725410427814,-0.0001881894432786866
-1.058,0.0008294486365889135,-0.0001835830709034725
-1.057,0.0008433388655545776,-0.00017875893225718098
-1.056,0.0008573963299143588,-0.00017371124013753364
-1.055,0.0008716211881133401,-0.00016843409217817473
-1.054,0.0008860135211183293,-0.00016292146940859008
-1.053,0.0009005733289773019,-0.0001571672348300769
-1.052,0.000915300527269254,-0.00015116513200999406
-1.051,0.0009301949434415766,-0.0001449087836966445
-1.05,0.0009452563130319979,-0.0001383916904572727
-1.049,0.0009604842757720948,-0.0001316072293417948
-1.048,0.0009758783715693088,-0.0001245486525750213
-1.047,0.0009914380363643539,-0.00011720908628028169
-1.046,0.0010071625978608464,-0.0001095815292375146
-1.045,0.0010230512711239326,-0.00010165885167905087
-1.044,0.001039103154044641,-9.343379412648678e-5
-1.043,0.0010553172226666291,-8.489896627222272e-5
-1.042,0.0010716923263719524,-7.604684590942874e-5
-1.041,0.0010882271829224272,-6.686977791439302e-5
-1.04,0.0011049203733531174,-5.7359973285412846e-5
-1.039,0.0011217703367144348,-4.750950824260008e-5
-1.038,0.001138775364659291,-3.731032339319538e-5
-1.037,0.0011559335958717123,-2.675422296721747e-5
-1.036,0.0011732430103332866,-1.583287412851606e-5
-1.035,0.0011907014234237825,-4.5378063665501975e-6
-1.034,0.0012083064798522542,7.13958902552208e-6
-1.033,0.0012260556474149198,1.9208059380580903e-5
-1.032,0.0012439462105760903,3.167649098895914e-5
-1.031,0.0012619752638684037,4.4553909325084515e-5
-1.03,0.0012801397051086254,5.784947916258646e-5
-1.029,0.001298436228425264,7.157250457077821e-5
-1.028,0.0013168613170942717,8.573242878508456e-5
-1.027,0.0013354112361791068,0.00010033883394363064
-1.026,0.0013540820249714623,0.00011540144068183829
-1.025,0.0013728694892290068,0.00013093010757649092
-1.024,0.0013917691932065156,0.00014693483043032828
-1.023,0.001410776451476843,0.00016342574138781464
-1.022,0.001429886320538241,0.0001804131078722914
-1.021,0.001449093590204625,0.00019790733133427324
-1.02,0.0014683927747754777,0.0002159189458001791
-1.019,0.0014877781039821952,0.00023445861621030175
-1.018,0.0015072435137078169,0.00025353713653431507
-1.017,0.0015267826364772229,0.0002731654276520921
-1.016,0.0015463887917150539,0.0002933545349870635
-1.015,0.0015660549757688033,0.00031411562587878235
-1.014,0.001585773851694739,0.00033545998668077384
-1.013,0.0016055377388045561,0.00035739901956914665
-1.012,0.0016253386019709289,0.0003799442390468123
-1.011,0.0016451680406904172,0.0004031072681275141
-1.01,0.0016650172779025228,0.00042689983418319545
-1.009,0.0016848771485640345,0.00045133376443754657
-1.008,0.0017047380879782097,0.00047642098108785676
-1.007,0.0017245901198787645,0.0005021734960365618
-1.006,0.0017444228442691234,0.000528603405213122
-1.005,0.0017642254250178969,0.0005557228824660848
-1.004,0.0017839865772121184,0.0005835441730043902
-1.003,0.0018036945542703874,0.0006120795863661506
-1.002,0.0018233371348187386,0.0006413414888923012
-1.001,0.0018429016093327705,0.000671342295681653
-1.0,0.001862374766550365,0.0007020944620029985
-0.999,0.0018817428796601683,0.0007336104741390283
-0.998,0.0019009916922719291,0.0007659028396358957
-0.997,0.001920106404175773,0.0007989840769313419
-0.996,0.0019390716568985667,0.0008328667043333476
-0.995,0.001957871519066668,0.0008675632283203259
-0.994,0.0019764894715855992,0.0009030861311329049
-0.993,0.0019949083926484997,0.0009394478576263816
-0.992,0.00201311054258665,0.000976660801351952
-0.991,0.0020310775485768684,0.0010147372898338535
-0.99,0.002048790389222236,0.0010536895690085803
-0.989,0.0020662293790243277,0.0010935297867913796
-0.988,0.002083374152767018,0.0011342699757342805
-0.987,0.0021002036498339064,0.0011759220347389806
-0.986,0.002116696098483532,0.001218497709787012
-0.985,0.002132829000108822,0.0012620085736487312
-0.984,0.0021485791135096083,0.001306466004531841
-0.983,0.002163922439209616,0.001351881163629363
-0.982,0.002178834203852039,0.0013982649715262457
-0.981,0.0021932888447106997,0.0014456280834231202
-0.98,0.0022072599943568382,0.0014939808631351222
-0.979,0.002220720465524808,0.0015433333558231902
-0.978,0.0022336422362233665,0.001593695259414841
-0.977,0.002245996435142847,0.0016450758946711303
-0.976,0.0022577533274123025,0.0016974841738563325
-0.975,0.0022688823007647047,0.0017509285679668586
-0.974,0.0022793518521724873,0.0018054170724760596
-0.973,0.0022891295750201456,0.0018609571715518902
-0.972,0.002298182146885213,0.001917555800704915
-0.971,0.002306475318003811,0.0019752193078248852
-0.97,0.0023139739005020084,0.002033953412565099
-0.969,0.002320641758479528,0.0020937631640350046
-0.968,0.002326441799037832,0.0021546528967630583
-0.967,0.002331335964350363,0.0022166261848937286
-0.966,0.002335285224878625,0.0022796857945847487
-0.965,0.002338249573843966,0.0023438336345733375
-0.964,0.0023401880230712584,0.002409070704883146
-0.963,0.0023410586003272224,0.0024753970436471435
-0.962,0.0023408183482828567,0.00254281167202565
-0.961,0.0023394233252363355,0.002611312537203197
-0.96,0.0023368286077397635,0.0026808964534529834
-0.959,0.0023329882952803313,0.0027515590412633306
-0.958,0.0023278555171736956,0.0028232946645268984
-0.957,0.0023213824418347054,0.002896096365800404
-0.956,0.0023135202885979844,0.002969955799650361
-0.955,0.002304219342268222,0.003044863164108875
-0.954,0.0022934289705873303,0.003120807130272908
-0.953,0.002281097644812833,0.00319777477009066
-0.952,0.0022671729636089006,0.0032757514823898745
-0.951,0.002251601680458247,0.0033547209172150047
-0.95,0.002234329734809664,0.0034346648985533156
-0.949,0.002215302287182089,0.003515563345544171
-0.948,0.002194463758451828,0.003597394192281053
-0.947,0.002171757873554671,0.003680133306332228
-0.946,0.0021471277098391484,0.0037637544061235708
-0.945,0.002120515750310869,0.0038482289773457547
-0.944,0.0020918639420107275,0.003933526188567995
-0.943,0.0020611137597715563,0.004019612806261656
-0.942,0.002028206275598457,0.004106453109459425
-0.941,0.0019930822339173705,0.0041940088042993285
-0.94,0.001955682132934323,0.004282238938727652
-0.939,0.0019159463123440187,0.004371099817660754
-0.938,0.0018738150476208658,0.004460544918932844
-0.937,0.0018292286511179742,0.00455052481038487
-0.936,0.0017821275801899025,0.004640987068478787
-0.935,0.0017324525525428166,0.004731876198851438
-0.934,0.0016801446690010216,0.004823133559252952
-0.933,0.0016251455438613539,0.0049146972853459665
-0.932,0.0015673974429864612,0.005006502219873667
-0.931,0.0015068434297643605,0.005098479845736709
-0.93,0.0014434275190346442,0.0051905582235510445
-0.929,0.0013770948390511126,0.005282661934290479
-0.928,0.0013077918015162713,0.005374712027649008
-0.927,0.0012354662796848714,0.005466625976788342
-0.926,0.001160067794491345,0.005558317640165184
-0.925,0.0010815477086094773,0.005649697231160376
-0.924,0.0009998594283018407,0.005740671296257515
-0.923,0.0009149586128613668,0.0058311427025416526
-0.922,0.0008268033913878766,0.005921010635308684
-0.921,0.0007353545865784868,0.0060101706065925475
-0.92,0.0006405759451425914,0.006098514475429724
-0.919,0.000542434374379734,0.006185930480688313
-0.918,0.0004409001843822977,0.0062723032872914085
-0.917,0.00033594733524481847,0.006357514046661155
-0.916,0.00022755368857818988,0.0064414404721998934
-0.915,0.00011570126254048212,0.006523956930607816
-0.914,3.764895070417315e-7,0.00660493454981166
-0.913,-0.00011842952458845213,0.006684241344245819
-0.912,-0.00024072074030254608,0.006761742358185006
-0.911,-0.0003664959252734907,0.00683729982777593
-0.91,-0.000495748396601297,0.0069107733623537
-0.909,-0.0006284657663530385,0.006982020145556476
-0.908,-0.0007646296916186682,0.00705089515666889
-0.907,-0.0009042156306276773,0.0071172514125306926
-0.906,-0.0010471926065171767,0.007180940230241744
-0.905,-0.0011935229804161593,0.00724181151077795
-0.904,-0.0013431622355773842,0.007299714043505024
-0.903,-0.0014960587743461195,0.007354495831438398
-0.902,-0.001652153729802409,0.007406004436948632
-0.901,-0.001811380793949102,0.007454087347452863
-0.9,-0.0019736660643401606,0.007498592360465073
-0.899,-0.002138927911051251,0.007539367987202223
-0.898,-0.0023070768658859713,0.007576263873760817
-0.897,-0.002478015535684957,0.007609131238690694
-0.896,-0.0026516385415603382,0.007637823325601434
-0.895,-0.002827832485813565,0.007662195869243511
-0.894,-0.003006475948209585,0.007682107573313376
-0.893,-0.003187439513174121,0.0076974205980411
-0.892,-0.00337058582935291,0.0077080010554335205
-0.891,-0.003555769702822084,0.007713719509867483
-0.89,-0.0037428382250675987,0.007714451481559373
-0.889,-0.003931630936659124,0.0077100779502813355
-0.888,-0.004121980027331014,0.007700485856554125
-0.887,-0.0043137105729509715,0.007685568597424058
-0.886,-0.004506640809607382,0.007665226513829648
-0.885,-0.004700582444780856,0.007639367366484728
-0.884,-0.00489534100528663,0.007607906797151478
-0.883,-0.005090716221384582,0.007570768772150829
-0.882,-0.005286502446155827,0.007527886004961178
-0.881,-0.005482489108942124,0.007479200354790429
-0.88,-0.005678461201340389,0.00742466319807249
-0.879,-0.0058741997939428595,0.007364235769937939
-0.878,-0.006069482581717872,0.007297889472840001
-0.877,-0.006264084455640626,0.007225606149680924
-0.876,-0.0064577780979116544,0.00714737831897964
-0.875,-0.006650334597846809,0.007063209369847881
-0.874,-0.006841524085290266,0.00697311371479696
-0.873,-0.007031116378194788,0.006877116898679025
-0.872,-0.0072188816408346205,0.006775255662371798
-0.871,-0.0074045910489689,0.006667577960141685
-0.87,-0.007588017458159781,0.0065541429299628565
-0.869,-0.007768936071371908,0.006435020816425661
-0.868,-0.007947125101939788,0.006310292846232286
-0.867,-0.008122366427988215,0.006180051056646469
-0.866,-0.008294446234428644,0.006044398077632802
-0.865,-0.008463155638731049,0.0059034468687850445
-0.864,-0.008628291296785866,0.0057573204124974344
-0.863,-0.008789655985322517,0.005606151365173722
-0.862,-0.00894705915753813,0.005450081668591257
-0.861,-0.009100317468809871,0.005289262123838104
-0.86,-0.009249255269613878,0.005123851930516103
-0.859,-0.009393705063050026,0.004954018194148792
-0.858,-0.009533507924670642,0.0047799354049476
-0.857,-0.009668513882629124,0.004601784891270246
-0.856,-0.009798582256496963,0.0044197542512503145
-0.855,-0.009923581953440298,0.0042340367661853305
-0.854,-0.010043391720795986,0.0040448307993417925
-0.853,-0.010157900354437172,0.0038523391838695365
-0.852,-0.010267006862665944,0.0036567686035150863
-0.851,-0.010370620585711077,0.0034583289697853667
-0.85,-0.010468661271238746,0.003257232799140906
-0.849,-0.010561059106599484,0.00305369459369344
-0.848,-0.010647754708832594,0.0028479302287490425
-0.847,-0.010728699073726642,0.00264015635037731
-0.846,-0.010803853485489309,0.0024305897860026917
-0.845,-0.010873189388809648,0.002219446970808988
-0.844,-0.010936688225299229,0.0020069433925256814
-0.843,-0.010994341236474598,0.001793293056928524
-0.842,-0.011046149235591374,0.0015787079761400932
-0.841,-0.011092122350759858,0.0013633976815622228
-0.84,-0.011132279741863552,0.0011475687630146023
-0.839,-0.011166649293865849,0.0009314244353955045
-0.838,-0.011195267289127554,0.000715164133924528
-0.837,-0.011218178061369719,0.0004989831387760957
-0.836,-0.011235433633904359,0.00028307222966872435
-0.835,-0.011247093344721197,6.761737074093886e-5
-0.834,-0.011253223460964091,-0.0001472005741779378
-0.833,-0.011253896785257636,-0.00036120609600343083
-0.832,-0.011249192256255139,-0.0005742292648344332
-0.831,-0.011239194545675636,-0.0007861059248707226
-0.83,-0.011223993653982045,-0.0009966778604491005
-0.829,-0.011203684506727058,-0.0012057929339846243
-0.828,-0.011178366553460073,-0.001413305196733358
-0.827,-0.011148143370949203,-0.0016190749734061507
-0.826,-0.011113122272329272,-0.001822968921759359
-0.825,-0.011073413923641256,-0.002024860068368584
-0.824,-0.011029131969082649,-0.0022246278218559295
-0.823,-0.010980392666143162,-0.002422157964890725
-0.822,-0.010927314531657331,-0.002617342626318915
-0.821,-0.010870017999666158,-0.0028100802347982476
-0.82,-0.010808625091845,-0.0030002754553260513
-0.819,-0.010743259101125323,-0.003187839110044723
-0.818,-0.010674044289014339,-0.0033726880846981296
-0.817,-0.010601105596999694,-0.0035547452220910224
-0.816,-0.010524568372316578,-0.0037339392038743266
-0.815,-0.010444558108252292,-0.003910204421942805
-0.814,-0.010361200199068553,-0.004083480840689168
-0.813,-0.010274619709534909,-0.004253713851311124
-0.812,-0.010184941158987418,-0.004420854119316075
-0.811,-0.0100922883197552,-0.00458485742631306
-0.81,-0.00999678402973355,-0.004745684507123876
-0.809,-0.00989855001882562,-0.004903300883185855
-0.808,-0.009797706748925111,-0.005057676693158241
-0.807,-0.009694373267069602,-0.005208786521583045
-0.806,-0.009588667071357797,-0.005356609226390296
-0.805,-0.00948070398919358,-0.005501127765977186
-0.804,-0.009370598067395165,-0.005642329026531141
-0.803,-0.00925846147368826,-0.005780203650208832
-0.802,-0.009144404409087661,-0.005914745864726686
-0.801,-0.009028535030661686,-0.006045953314864006
-0.8,-0.008910959384167912,-0.006173826896327527
-0.799,-0.008791781346046508,-0.006298370592376209
-0.798,-0.008671102574258417,-0.006419591313557544
-0.797,-0.008549022467459776,-0.006537498740861673
-0.796,-0.008425638132010516,-0.006652105172557195
-0.795,-0.008301044356324012,-0.006763425374932793
-0.794,-0.00817533359207552,-0.006871476437131659
-0.793,-0.00804859594179961,-0.006976277630231177
-0.792,-0.007920919152420821,-0.0070778502706883495
-0.791,-0.0077923886142767795,-0.007176217588241998
-0.79,-0.00766308736520901,-0.007271404598335732
-0.789,-0.007533096099313431,-0.007363437979101038
-0.788,-0.007402493179959723,-0.007452345952917382
-0.787,-0.007271354656706295,-0.007538158172545993
-0.786,-0.007139754285755427,-0.007620905611815761
-0.785,-0.007007763553610904,-0.0077006204608234385
-0.784,-0.00687545170361827,-0.007777336025595879
-0.783,-0.006742885765085415,-0.007851086632149343
-0.782,-0.006610130584698512,-0.007921907534869788
-0.781,-0.006477248859965353,-0.007989834829128453
-0.78,-0.006344301174434683,-0.008054905368038816
-0.779,-0.006211346034456276,-0.00811715668325409
-0.778,-0.006078439907262121,-0.008176626909698658
-0.777,-0.0059456372601641464,-0.00823335471412216
-0.776,-0.005812990600678428,-0.008287379227361334
-0.775,-0.005680550517399761,-0.00833873998019186
-0.774,-0.005548365721463761,-0.008387476842650577
-0.773,-0.005416483088446374,-0.00843362996670717
-0.772,-0.005284947700562793,-0.008477239732163919
-0.771,-0.0051538028890391885,-0.008518346695662099
-0.77,-0.005023090276541609,-0.008556991542674208
-0.769,-0.004892849819556603,-0.008593215042362243
-0.768,-0.004763119850627849,-0.008627058005183631
-0.767,-0.004633937120362169,-0.008658561243128268
-0.766,-0.004505336839126852,-0.008687765532472184
-0.765,-0.004377352718368233,-0.008714711578935717
-0.764,-0.004250017011488974,-0.00873943998513665
-0.763,-0.004123360554228469,-0.008761991220231548
-0.762,-0.003997412804497327,-0.008782405591641422
-0.761,-0.0038722018816229223,-0.008800723218760857
-0.76,-0.0037477546049686336,-0.008816984008552917
-0.759,-0.003624096531894577,-0.008831227632935276
-0.758,-0.0035012519950324414,-0.008843493507866238
-0.757,-0.003379244138851473,-0.008853820774042622
-0.756,-0.003258094955496706,-0.008862248279124685
-0.755,-0.0031378253198842904,-0.008868814561406523
-0.754,-0.0030184550240421708,-0.008873557834853597
-0.753,-0.002900002810687513,-0.008876515975432262
-0.752,-0.002782486406035099,-0.008877726508659246
-0.751,-0.00266592255183351,-0.008877226598302158
-0.75,-0.0025503270366282462,-0.008875053036165117
-0.749,-0.002435714726253055,-0.00887124223289654
-0.748,-0.002322099593552632,-0.008865830209759003
-0.747,-0.0022094947473415595,-0.00885885259130388
-0.746,-0.002097912460605874,-0.008850344598896226
-0.745,-0.001987364197955003,-0.008840341045037942
-0.744,-0.001877860642332989,-0.00882887632843985
-0.743,-0.0017694117209989945,-0.008815984429795741
-0.742,-0.0016620266307879562,-0.008801698908213876
-0.741,-0.0015557138626630792,-0.00878605289826362
-0.74,-0.0014504812255725205,-0.008769079107597194
-0.739,-0.0013463358696231813,-0.008750809815108531
-0.738,-0.0012432843085850146,-0.008731276869593334
-0.737,-0.0011413324417396296,-0.008710511688876325
-0.736,-0.0010404855750872969,-0.008688545259373525
-0.735,-0.0009407484419266855,-0.00866540813605922
-0.734,-0.00084212522282184,-0.008641130442808927
-0.733,-0.0007446195649710148,-0.00861574187309129
-0.732,-0.0006482346009920459,-0.00858927169098342
-0.731,-0.0005529729671389448,-0.008561748732485601
-0.73,-0.0004588368209643705,-0.008533201407112733
-0.729,-0.0003658278584425643,-0.0085036576997412
-0.728,-0.0002739473305672227,-0.00847314517269108
-0.727,-0.00018319605943865075,-0.008441690968024884
-0.726,-9.3574453854374e-5,-0.008409321810045082
-0.725,-5.082524417199209e-6,-0.008376064007973789
-0.724,8.228010182549176e-5,-0.00834194345879901
-0.723,0.00016851416719765644,-0.008306985650272804
-0.722,0.000253620769652396,-0.00827121566404763
-0.721,0.0003376013494585835,-0.00823465817893806
-0.72,0.00042045767630351493,-0.008197337474295774
-0.719,0.0005021918367990525,-0.00815927743348664
-0.718,0.0005828062223790112,-0.008120501547459318
-0.717,0.0006623035175758226,-0.008081032918395563
-0.716,0.0007406866886648002,-0.00804089426343307
-0.715,0.0008179589726646192,-0.008000107918452267
-0.714,0.0008941238666829218,-0.00795869584191909
-0.713,0.0009691851175962443,-0.007916679618776309
-0.712,0.0010431467120537636,-0.00787408046437645
-0.711,0.0011160128667946452,-0.007830919228449916
-0.71,0.001187788019269068,-0.007787216399102255
-0.709,0.0012584768185532852,-0.0077429921068351
-0.708,0.0013280841165493659,-0.007698266128585537
-0.707,0.0013966149594605386,-0.007653057891779177
-0.706,0.0014640745795333355,-0.007607386478392472
-0.705,0.0015304683870580032,-0.00756127062902019
-0.704,0.0015958019626189153,-0.007514728746944259
-0.703,0.0016600810495869768,-0.007467778902200476
-0.702,0.0017233115468462696,-0.007420438835639871
-0.701,0.0017854995017474343,-0.007372725962981743
-0.7,0.0018466511032805269,-0.007324657378855648
-0.699,0.0019067726754603267,-0.007276249860829829
-0.698,0.0019658706709173033,-0.00722751987342378
-0.697,0.0020239516646876708,-0.007178483572102864
-0.696,0.0020810223481961872,-0.007129156807253027
-0.695,0.002137089523425553,-0.007079555128133891
-0.694,0.0021921600972664877,-0.007029693786808613
-0.693,0.0022462410760427493,-0.006979587742049054
-0.692,0.0022993395602055678,-0.006929251663214973
-0.691,0.002351462739192138,-0.006878699934106039
-0.69,0.002402617886443021,-0.006827946656785611
-0.689,0.0024528123545734556,-0.006777005655375324
-0.688,0.002502053570693776,-0.006725890479819641
-0.687,0.002550349031874278,-0.006674614409619595
-0.686,0.0025977063007500568,-0.006623190457535074
-0.685,0.002644133001261469,-0.006571631373255051
-0.684,0.002689636814526046,-0.006519949647035242
-0.683,0.0027342254748378182,-0.006468157513302772
-0.682,0.0027779067657901463,-0.006416266954227448
-0.681,0.002820688516518301,-0.006364289703259336
-0.68,0.0028625785980581522,-0.006312237248632378
-0.679,0.002903584919817462,-0.006260120836833842
-0.678,0.0029437154261563944,-0.006207951476039427
-0.677,0.0029829780930739655,-0.006155739939513918
-0.676,0.003021380924997281,-0.006103496768977298
-0.675,0.00305893195167051,-0.006051232277936281
-0.674,0.0030956392251406447,-0.005998956554981235
-0.673,0.0031315108168372074,-0.005946679467048544
-0.672,0.0031665548147431495,-0.005894410662648418
-0.671,0.0032007793206542917,-0.005842159575058253
-0.67,0.0032341924475247407,-0.005789935425481612
-0.669,0.003266802316895799,-0.005737747226172956
-0.668,0.003298617056405976,-0.00568560378352825
-0.667,0.0033296447973797812,-0.005633513701141606
-0.666,0.0033598936724930683,-0.005581485382828106
-0.665,0.003389371813512753,-0.0055295270356130145
-0.664,0.0034180873491088267,-0.005477646672687551
-0.663,0.0034460484027366285,-0.005425852116331433
-0.662,0.0034732630905874276,-0.005374151000802404
-0.661,0.0034997395196054116,-0.005322550775192969
-0.66,0.003525485785569258,-0.005271058706254563
-0.659,0.0035505099712365065,-0.005219681881189393
-0.658,0.0035748201445490136,-0.005168427210410195
-0.657,0.003598424356897836,-0.005117301430268154
-0.656,0.003621330641445918,-0.005066311105749238
-0.655,0.0036435470115070323,-0.005015462633139201
-0.654,0.0036650814589794596,-0.004964762242657514
-0.653,0.0036859419528329405,-0.004914216001060491
-0.652,0.0037061364376474795,-0.004863829814213858
-0.651,0.0037256728322026264,-0.004813609429635051
-0.65,0.003744559028115897,-0.004763560439005486
-0.649,0.003762802888529038,-0.0047136882806530864
-0.648,0.003780412246840886,-0.0046639982420053246
-0.647,0.0037973949054855884,-0.004614495462013042
-0.646,0.0038137586347550146,-0.004565184933545324
-0.645,0.003829511171664203,-0.0045160715057556864
-0.644,0.0038446602188587304,-0.004467159886419846
-0.643,0.003859213443562914,-0.004418454644245329
-0.642,0.0038731784765678027,-0.004369960211153195
-0.641,0.0038865629112579255,-0.004321680884532126
-0.64,0.0038993743026758095,-0.0042736208294651455
-0.639,0.003911620166623293,-0.004225784080929228
-0.638,0.003923307978798702,-0.004178174545968053
-0.637,0.003934445173968968,-0.004130796005838159
-0.636,0.003945039145175805,-0.004083652118128758
-0.635,0.0039550972429750735,-0.004036746418855452
-0.634,0.0039646267747084855,-0.003990082324528105
-0.633,0.003973635003806845,-0.0039436631341931245
-0.632,0.003982129149124015,-0.003897492031450387
-0.631,0.003990116384300826,-0.003851572086445062
-0.63,0.003997603837158181,-0.003805906257834571
-0.629,0.004004598589118621,-0.0037604973947309153
-0.628,0.004011107674655609,-0.0037153482386186247
-0.627,0.004017138080769862,-0.003670461425248549
-0.626,0.004022696746492021,-0.0036258394865077296
-0.625,0.004027790562411007,-0.0035814848522655873
-0.624,0.004032426370227411,-0.003537399852196647
-0.623,0.004036610962331272,-0.0034935867175800326
-0.622,0.004040351081403645,-0.003450047583075955
-0.621,0.004043653420041336,-0.003406784488479417
-0.62,0.004046524620404224,-0.0033637993804513525
-0.619,0.004048971273884588,-0.0033210941142274245
-0.618,0.004050999920797891,-0.003278670455304696
-0.617,0.004052617050094456,-0.0032365300811063864
-0.616,0.004053829099091504,-0.0031946745826249338
-0.615,0.004054642453225038,-0.003153105466043566
-0.614,0.0040550634458210505,-0.0031118241543365956
-0.613,0.004055098357885566,-0.003070831988848646
-0.612,0.004054753417913016,-0.0030301302308530123
-0.611,0.004054034801712489,-0.0029897200630893592
-0.61,0.004052948632251367,-0.0029496025912809686
-0.609,0.00405150097951592,-0.002909778845631725
-0.608,0.0040496978603883765,-0.0028702497823030436
-0.607,0.004047545238540076,-0.002831016284870941
-0.606,0.00404504902434024,-0.0027920791657634397
-0.605,0.004042215074779975,-0.0027534391676785025
-0.604,0.004039049193411075,-0.0027150969649826907
-0.603,0.004035557130299245,-0.0026770531650907366
-0.602,0.0040317445819913434,-0.002639308309826217
-0.601,0.004027617191496265,-0.0026018628767635237
-0.6,0.004023180548279096,-0.002564717280551306
-0.599,0.004018440188268168,-0.0025278718742175843
-0.598,0.00401340159387466,-0.002491326950456708
-0.597,0.0040080701940243945,-0.002455082742898344
-0.596,0.004002451364201492,-0.002419139427358678
-0.595,0.00399655042650354,-0.002383497123074009
-0.594,0.003990372649707956,-0.002348155893916914
-0.593,0.003983923249349222,-0.0023131157495951556
-0.592,0.003977207387806676,-0.0022783766468335233
-0.591,0.003970230174402545,-0.002243938490538764
-0.59,0.003962996665509947,-0.0022098011349477894
-0.589,0.003955511864670523,-0.0021759643847593275
-0.588,0.003947780722721453,-0.0021424279962491887
-0.587,0.003939808137931547,-0.0021091916783693185
-0.586,0.0039315989561461515,-0.002076255093830803
-0.585,0.003923157970940583,-0.0020436178601709962
-0.584,0.003914489923781848,-0.002011279550804938
-0.583,0.0039055995041983606,-0.0019792396960612215
-0.582,0.003896491349957438,-0.0019474977842024806
-0.581,0.0038871700472502923,-0.0019160532624306564
-0.58,0.0038776401308843016,-0.0018849055378772068
-0.579,0.003867906084482306,-0.0018540539785784184
-0.578,0.003857972340688705,-0.0018234979144359804
-0.577,0.003847843281382121,-0.0017932366381629814
-0.576,0.0038375232378944153,-0.0017632694062154825
-0.575,0.0038270164912358262,-0.0017335954397098277
-0.574,0.0038163272723260254,-0.0017042139253258422
-0.573,0.003805459762230878,-0.0016751240161960764
-0.572,0.003794418092404704,-0.0016463248327812483
-0.571,0.003783206344937837,-0.0016178154637320342
-0.57,0.0037718285528092906,-0.001589594966737361
-0.569,0.0037602887001443332,-0.00156166236935935
-0.568,0.003748590722476787,-0.0015340166698550606
-0.567,0.0037367385070158706,-0.0015066568379851798
-0.566,0.003724735892917395,-0.0014795818158098112
-0.565,0.00371258667155915,-0.0014527905184714993
-0.564,0.0037002945868203,-0.001426281834965644
-0.563,0.0036878633353646245,-0.0014000546288984428
-0.562,0.003675296566927435,-0.001374107739232505
-0.561,0.003662597884606013,-0.0013484399810202812
-0.56,0.0036497708451534074,-0.0013230501461254482
-0.559,0.0036368189592754356,-0.0012979370039323873
-0.558,0.0036237456919307434,-0.001273099302043898
-0.557,0.0036105544626337718,-0.0012485357669672818
-0.556,0.0035972486457604867,-0.0012242451047889363
-0.555,0.003583831570856735,-0.0012002260018375906
-0.554,0.003570306522949083,-0.001176477125336323
-0.553,0.0035566767428580077,-0.001152997124043488
-0.552,0.003542945427513309,-0.0011297846288826914
-0.551,0.003529115730271609,-0.0011068382535619414
-0.55,0.003515190761235823,-0.001084156595182108
-0.549,0.003501173587576469,-0.0010617382348348204
-0.548,0.003487067233854701,-0.0010395817381899303
-0.547,0.0034728746823469514,-0.0010176856560726714
-0.546,0.0034585988733710628,-0.0009960485250306377
-0.545,0.003444242705613801,-0.0009746688678907108
-0.544,0.0034298090364596402,-0.0009535451943060586
-0.543,0.003415300682320713,-0.0009326760012933293
-0.542,0.003400720418967822,-0.0009120597737601641
-0.541,0.003386070981862411,-0.000891694985023151
-0.54,0.003371355066489398,-0.0008715800973163386
-0.539,0.0033565753286907748,-0.0008517135622904331
-0.538,0.0033417343849998725,-0.0008320938215027929
-0.537,0.003326834812976213,-0.0008127193068983434
-0.536,0.0033118791515408443,-0.0007935884412815257
-0.535,0.003296869901312082,-0.0007746996387793965
-0.534,0.003281809524941565,-0.0007560513052959937
-0.533,0.0032667004474505497,-0.0007376418389580825
-0.532,0.003251545056566355,-0.0007194696305523939
-0.531,0.003236345703058884,-0.0007015330639544683
-0.53,0.003221104701077142,-0.0006838305165492157
-0.529,0.0032058243284856834,-0.0006663603596433013
-0.528,0.0031905068272009046,-0.0006491209588694677
-0.527,0.00317515440352712,-0.000632110674582899
-0.526,0.0031597692284923502,-0.0006153278622497377
-0.525,0.003144353438183755,-0.0005987708728278567
-0.524,0.0031289091340826426,-0.0005824380531399951
-0.523,0.0031134383833990023,-0.0005663277462393598
-0.522,0.0030979432194054852,-0.0005504382917677981
-0.521,0.003082425641770783,-0.0005347680263066412
-0.52,0.0030668876168923427,-0.0005193152837203239
-0.519,0.003051331078228363,-0.0005040783954928769
-0.518,0.003035757926629015,-0.0004890556910573942
-0.517,0.0030201700306668336,-0.0004742454981185731
-0.516,0.0030045692269662317,-0.0004596461429684247
-0.515,0.0029889573205320844,-0.0004452559507952514
-0.514,0.0029733360850773324,-0.00043107324598598773
-0.513,0.0029577072633495635,-0.00041709635242199945
-0.512,0.0029420725674565184,-0.000403323593768434
-0.511,0.0029264336791904847,-0.0003897532937572165
-0.51,0.00291079225035153,-0.0003763837764637826
-0.509,0.0028951499030695355,-0.0003632133665776403
-0.508,0.0028795082301249896,-0.00035024038966684977
-0.507,0.002863868795268501,-0.0003374631724365117
-0.506,0.002848233133538997,-0.0003248800429813524
-0.505,0.002832602751580566,-0.00031248933103249275
-0.504,0.002816979127957913,-0.0003002893681984882
-0.503,0.002801363713470394,-0.0002882784882007257
-0.502,0.0027857579314645923,-0.0002764550271032619
-0.501,0.0027701631781454116,-0.00026481732353718704
-0.5,0.0027545808228856493,-0.000253363718919598
-0.499,0.002739012208534026,-0.00024209255766726196
-0.498,0.0027234586517216387,-0.00023100218740505264
-0.497,0.002707921443166813,-0.0002200909591692395
-0.496,0.002692401847978328,-0.00020935722760570972
-0.495,0.0026769011059569873,-0.00019879935116320127
-0.494,0.002661420431895516,-0.00018841569228162562
-0.493,0.002645961015876754,-0.00017820461757555675
-0.492,0.0026305240235701293,-0.0001681644980129629
-0.491,0.0026151105965263894,-0.00015829370908925636
-0.49,0.0025997218524705665,-0.00014859063099673602
-0.489,0.0025843588855931627,-0.0001390536487894962
-0.488,0.002569022766839533,-0.0001296811525438748
-0.487,0.0025537145441974487,-0.00012047153751451294
-0.486,0.0025384352429828256,-0.00011142320428609709
-0.485,0.0025231858661236045,-0.00010253455892085444
-0.484,0.002507967394441758,-9.380401310187092e-5
-0.483,0.002492780786933424,-8.522998427230088e-5
-0.482,0.0024776269810471386,-7.681089577053643e-5
-0.481,0.002462506892960169,-6.854517696140368e-5
-0.48,0.002447421417852919,-6.0431263363452247e-5
-0.479,0.0024323714301814096,-5.246759677240405e-5
-0.478,0.00241735778394782,-4.465262538082589e-5
-0.477,0.0024023813129690702,-3.6984803894090297e-5
-0.476,0.0023874428311434514,-2.9462593642687766e-5
-0.475,0.0023725431327152836,-2.2084462690953233e-5
-0.474,0.0023576829925375966,-1.4848885942268495e-5
-0.473,0.0023428631663328274,-7.754345240801724e-6
-0.472,0.0023280843909515288,-7.99329469844505e-7
-0.471,0.0023133473846290763,6.0176653531940205e-6
-0.47,0.0022986528472403794,1.2698135985076994e-5
-0.469,0.0022840014605525786,1.924357186825546e-5
-0.468,0.0022693938884757363,2.565545504555235e-5
-0.467,0.0022548307773115088,3.1935260077958036e-5
-0.466,0.0022403127559998,3.808445396548149e-5
-0.465,0.002225840436363396,4.410449607100168e-5
-0.464,0.002211414413350572,4.9996838047064565e-5
-0.463,0.002197035265275676,5.5762923765571794e-5
-0.462,0.0021827035540576832,6.140418925030786e-5
-0.461,0.0021684198254567255,6.692206261225308e-5
-0.46,0.0021541846093085905,7.23179639876306e-5
-0.459,0.002139998419757192,7.759330547863622e-5
-0.458,0.0021258617554850124,8.274949109680027e-5
-0.457,0.002111775099941522,8.778791670893204e-5
-0.456,0.002097738921569565,9.270996998559709e-5
-0.455,0.00208375367402973,9.751703035207919e-5
-0.454,0.0020698197964226918,0.00010221046894177873
-0.453,0.0020559377135095378,0.00010679164855200044
-0.452,0.0020421078359300748,0.00011126192360208353
-0.451,0.0020283305604191252,0.00011562264009382853
-0.45,0.0020146062700208108,0.00011987513557417497
-0.449,0.002000935334300831,0.00012402073910008546
-0.448,0.0019873181095567396,0.00012806077120559178
-0.447,0.0019737549390262234,0.00013199654387095928
-0.446,0.001960246153093389,0.00013582936049392683
-0.445,0.0019467920694930597,0.00013956051586297958
-0.444,0.0019333929935130933,0.0001431912961326132
-0.443,0.0019200492181947206,0.00014672297880054754
-0.442,0.001906761024530914,0.00015015683268685
-0.441,0.0018935286816627928,0.00015349411791492758
-0.44,0.0018803524470740682,0.00015673608589434894
-0.439,0.0018672325667835384,0.0001598839793054565
-0.438,0.0018541692755356394,0.00016293903208573134
-0.437,0.0018411627969890571,0.00016590246941787176
-0.436,0.0018282133439034114,0.0001687755077195491
-0.435,0.0018153211183240155,0.00017155935463480368
-0.434,0.0018024863117647233,0.00017425520902704443
-0.433,0.0017897091053888684,0.00017686426097361665
-0.432,0.0017769896701883051,0.0001793876917619028
-0.431,0.0017643281671605603,0.00018182667388692118
-0.43,0.001751724747484103,0.0001841823710503889
-0.429,0.0017391795526917407,0.00018645593816121473
-0.428,0.0017266927148421546,0.00018864852133738927
-0.427,0.0017142643566895766,0.00019076125790923947
-0.426,0.0017018945918516229,0.00019279527642401513
-0.425,0.0016895835249752912,0.00019475169665177604
-0.424,0.0016773312519011315,0.00019663162959254805
-0.423,0.0016651378598255978,0.0001984361774847177
-0.422,0.001653003427461596,0.00020016643381463487
-0.421,0.001640928025197231,0.00020182348332739371
-0.42,0.00162891171525277,0.00020340840203876228
-0.419,0.0016169545518358243,0.00020492225724823233
-0.418,0.0016050565812947683,0.00020636610755316034
-0.417,0.0015932178422703985,0.00020774100286397192
-0.416,0.001581438365845849,0.00020904798442040228
-0.415,0.0015697181756947687,0.000210288084808745
-0.414,0.0015580572882277763,0.00021146232798008283
-0.413,0.0015464557127371974,0.00021257172926947412
-0.412,0.001534913451540101,0.0002136172954160688
-0.411,0.001523430500119642,0.0002146000245841286
-0.41,0.0015120068472647208,0.00021552090638492664
-0.409,0.001500642475207975,0.00021638092189950092
-0.408,0.0014893373597621071,0.00021718104370223863
-0.407,0.001478091470454567,0.00021792223588526632
-0.406,0.0014669047706605952,0.00021860545408362332
-0.405,0.0014557772177346397,0.0002192316455011945
-0.404,0.0014447087631401583,0.00021980174893738053
-0.403,0.0014336993525778164,0.00022031669481448245
-0.402,0.0014227489261120926,0.00022077740520577932
-0.401,0.0014118574182963026,0.00022118479386427692
-0.4,0.0014010247582960545,0.00022153976625210637
-0.399,0.0013902508700111445,0.00022184321957055203
-0.398,0.0013795356721959056,0.00022209604279068774
-0.397,0.001368879078578022,0.00022229911668460173
-0.396,0.0013582809979758182,0.00022245331385718995
-0.395,0.0013477413344140357,0.0002225594987784988
-0.394,0.0013372599872381102,0.00022261852781659775
-0.393,0.001326836851226957,0.00022263124927096307
-0.392,0.0013164718167042796,0.00022259850340635484
-0.391,0.001306164769648412,0.00022252112248716797
-0.39,0.0012959155918007051,0.00022239993081224065
-0.389,0.0012857241607724715,0.0002222357447501018
-0.388,0.0012755903501504946,0.0002220293727746409
-0.387,0.001265514029601122,0.00022178161550118295
-0.386,0.001255495064972946,0.0002214932657229525
-0.385,0.0012455333183980883,0.00022116510844790975
-0.384,0.0012356286483920988,0.00022079792093594378
-0.383,0.0012257809099524794,0.00022039247273640598
-0.382,0.0012159899546558435,0.00021994952572596977
-0.381,0.0012062556307537264,0.00021946983414680013
-0.38,0.0011965777832670516,0.00021895414464501907
-0.379,0.001186956254079272,0.0002184031963094524
-0.378,0.0011773908820281896,0.000217817720710643
-0.377,0.0011678815029964715,0.00021719844194011739
-0.376,0.0011584279500008686,0.00021654607664989143
-0.375,0.0011490300532801527,0.00021586133409220182
-0.374,0.0011396876403817777,0.00021514491615945032
-0.373,0.0011304005362472815,0.00021439751742434766
-0.372,0.0011211685632964367,0.00021361982518024465
-0.371,0.001111991541510161,0.00021281251948163807
-0.37,0.0011028692885122007,0.00021197627318483899
-0.369,0.001093801619649595,0.00021111175198879187
-0.368,0.0010847883480719347,0.0002102196144760327
-0.367,0.001075829284809425,0.00020930051215377487
-0.366,0.0010669242388497637,0.00020835508949511118
-0.365,0.0010580730172138455,0.00020738398398032187
-0.364,0.0010492754250303014,0.0002063878261382769
-0.363,0.0010405312656088888,0.00020536723958792293
-0.362,0.0010318403405127359,0.00020432284107984428
-0.361,0.0010232024496294575,0.0002032552405378879
-0.36,0.0010146173912411484,0.00020216504110084246
-0.359,0.0010060849620932674,0.00020105283916416227
-0.358,0.000997604957462421,0.00019991922442172622
-0.357,0.000989177171223057,0.00019876477990762292
-0.356,0.00098080139591308,0.00019759008203795278
-0.355,0.0009724774227983961,0.0001963957006526386
-0.354,0.0009642050419364012,0.00019518219905723558
-0.353,0.0009559840422384178,0.00019395013406473322
-0.352,0.0009478142115310954,0.00019270005603733983
-0.351,0.0009396953366167805,0.00019143250892824282
-0.35,0.0009316272033328694,0.0001901480303233361
-0.349,0.0009236095966101504,0.0001888471514829076
-0.348,0.0009156423005301487,0.0001875303973832788
-0.347,0.00090772509838148,0.00018619828675839025
-0.346,0.0008998577727152267,0.00018485133214132435
-0.345,0.000892040105399341,0.00018349003990576022
-0.344,0.0008842718776720909,0.00018211491030735278
-0.343,0.0008765528701945519,0.00018072643752502996
-0.342,0.0008688828631021595,0.00017932510970220187
-0.341,0.0008612616360553271,0.00017791140898787533
-0.34,0.000853688968289143,0.00017648581157766812
-0.339,0.0008461646386621516,0.00017504878775471687
-0.338,0.000838688425704231,0.00017360080193047297
-0.337,0.0008312601076635737,0.0001721423126853812
-0.336,0.0008238794625527821,0.00017067377280943505
-0.335,0.0008165462681940846,0.00016919562934260464
-0.334,0.0008092603022636828,0.00016770832361513076
-0.333,0.00080202134233524,0.0001662122912876815
-0.332,0.0007948291659225159,0.00016470796239136578
-0.331,0.0007876835505211598,0.00016319576136759946
-0.33,0.0007805842736496685,0.00016167610710781969
-0.329,0.0007735311128895197,0.00016014941299304303
-0.328,0.0007665238459244856,0.00015861608693326315
-0.327,0.000759562250579139,0.00015707653140668412
-0.326,0.0007526461048565584,0.00015553114349878538
-0.325,0.000745775186975239,0.0001539803149412146
-0.324,0.0007389492754052206,0.00015242443215050474
-0.323,0.0007321681489034379,0.00015086387626661203
-0.322,0.000725431586548303,0.000149299023191271
-0.321,0.0007187393677735255,0.000147730243626164
-0.32,0.0007120912724011823,0.0001461579031109015
-0.319,0.0007054870806740394,0.00014458236206081035
-0.318,0.0006989265732871385,0.00014300397580452732
-0.317,0.0006924095314186523,0.00014142309462139495
-0.316,0.0006859357367600185,0.000139840063778657
-0.315,0.0006795049715453579,0.00013825522356845132
-0.314,0.0006731170185801857,0.00013666890934459745
-0.313,0.0006667716612694228,0.00013508145155917658
-0.312,0.0006604686836447135,0.00013349317579890217
-0.311,0.0006542078703910583,0.00013190440282127863
-0.31,0.0006479890068727676,0.00013031544859054637
-0.309,0.0006418118791587438,0.00012872662431341137
-0.308,0.0006356762740470992,0.00012713823647455757
-0.307,0.0006295819790891158,0.0001255505868719402
-0.306,0.000623528782612555,0.00012396397265185892
-0.305,0.0006175164737443219,0.00012237868634380893
-0.304,0.0006115448424324938,0.00012079501589510915
-0.303,0.0006056136794677165,0.0001192132447053057
-0.302,0.0005997227765039777,0.0001176336516603503
-0.301,0.000593871926078761,0.00011605651116655174
-0.3,0.000588060921632591,0.00011448209318430014
-0.299,0.0005822895575279712,0.00011291066326156286
-0.298,0.0005765576290677242,0.00011134248256715134
-0.297,0.0005708649325127401,0.00010977780792375827
-0.296,0.0005652112650991373,0.00010821689184076451
-0.295,0.0005595964250548443,0.00010665998254681539
-0.294,0.0005540202116156067,0.0001051073240221657
-0.293,0.0005484824250404265,0.00010355915603079358
-0.292,0.0005429828666264387,0.00010201571415228259
-0.291,0.0005375213387232318,0.00010047722981347215
-0.29,0.0005320976447466172,9.894393031987634e-5
-0.289,0.0005267115891918547,9.741603888687082e-5
-0.288,0.0005213629776463371,9.58937746706483e-5
-0.287,0.0005160516168017427,9.437735279894271e-5
-0.286,0.0005107773144656586,9.286698440152212e-5
-0.285,0.000505539879572682,9.136287664045116e-5
-0.284,0.0005003391221950036,8.986523274012313e-5
-0.283,0.0004951748535524795,8.837425201706239e-5
-0.282,0.0004900468860221963,8.68901299094976e-5
-0.281,0.00048495503314753503,8.541305800670666e-5
-0.28,0.00047989910964673857,8.394322407813381e-5
-0.279,0.00047487893142098827,8.248081210228e-5
-0.278,0.00046989431556199434,8.102600229536731e-5
-0.277,0.0004649450803591054,7.957897113977823e-5
-0.276,0.00046003104530594206,7.813989141227125e-5
-0.275,0.0004551520311065592,7.67089322119734e-5
-0.274,0.0004503078596811419,7.528625898815132e-5
-0.273,0.00044549835417124074,7.387203356776181e-5
-0.272,0.00044072333894454893,7.246641418278344e-5
-0.271,0.00043598263959922895,7.106955549733027e-5
-0.27,0.00043127608296779086,6.968160863454959e-5
-0.269,0.00042660349712052834,6.830272120330474e-5
-0.268,0.00042196471136851627,6.693303732464484e-5
-0.267,0.000417359556266175,6.557269765806316e-5
-0.266,0.00041278786361340504,6.422183942754548e-5
-0.265,0.0004082494664572972,6.288059644741065e-5
-0.264,0.0004037441990934223,6.154909914794484e-5
-0.263,0.0003992718970667046,6.022747460083159e-5
-0.262,0.00039483239717188383,5.891584654437947e-5
-0.261,0.00039042553745356924,5.761433540854949e-5
-0.26,0.00038605115720589066,5.6323058339784205e-5
-0.259,0.0003817090969717499,5.504212922564082e-5
-0.258,0.00037739919854167783,5.377165871923027e-5
-0.257,0.0003731213049522997,5.251175426346471e-5
-0.256,0.000368875260484414,5.126252011511562e-5
-0.255,0.00036466091066068824,5.002405736868496e-5
-0.254,0.00036047810224297576,4.8796463980091664e-5
-0.253,0.0003563266832292578,4.7579834790176126e-5
-0.252,0.00035220650285021376,4.637426154802502e-5
-0.251,0.00034811741156542513,4.517983293411918e-5
-0.25,0.00034405926105921523,4.3996634583307096e-5
-0.249,0.0003400319042361299,4.282474910760674e-5
-0.248,0.000336035195216062,4.166425611883844e-5
-0.247,0.00033206898932902396,4.051523225109163e-5
-0.246,0.0003281331431095722,3.9377751183028275e-5
-0.245,0.00032422751429088626,3.825188366002589e-5
-0.244,0.0003203519617985078,3.7137697516163095e-5
-0.243,0.0003165063457437413,3.603525769605069e-5
-0.242,0.0003126905274167218,3.494462627651129e-5
-0.241,0.0003089043692791521,3.386586248811064e-5
-0.24,0.0003051477349567132,3.2799022736543655e-5
-0.239,0.000301420489231152,3.174416062387855e-5
-0.238,0.0002977224980320497,3.07013269696621e-5
-0.237,0.00029405362842827335,2.96705698318894e-5
-0.236,0.00029041374861911597,2.8651934527841485e-5
-0.235,0.0002868027279251267,2.764546365479411e-5
-0.234,0.000283220436778636,2.6651197110601163e-5
-0.233,0.0002796667467139784,2.566917211415612e-5
-0.232,0.0002761415303574165,2.4699423225735106e-5
-0.231,0.00027264466141677026,2.3741982367225085e-5
-0.23,0.0002691760146707534,2.2796878842240755e-5
-0.229,0.00026573546595802256,2.1864139356133813e-5
-0.228,0.00026232289216594003,2.0943788035898267e-5
-0.227,0.00025893817121905625,2.00358464499755e-5
-0.226,0.0002555811820673127,1.914033362796287e-5
-0.225,0.00025225180467397057,1.8257266080229608e-5
-0.224,0.00024894992000326784,1.7386657817443938e-5
-0.223,0.0002456754100078078,1.652852037001521e-5
-0.222,0.00024242815761568306,1.5682862807455046e-5
-0.221,0.00023920804671733793,1.4849691757661406e-5
-0.22,0.0002360149621521728,1.4029011426129634e-5
-0.219,0.0002328487896948936,1.3220823615094462e-5
-0.218,0.0002297094160416103,1.2425127742607103e-5
-0.217,0.00022659672879568704,1.164192086155152e-5
-0.216,0.00022351061645334787,1.0871197678604026e-5
-0.215,0.0002204509683890413,1.011295057314042e-5
-0.214,0.00021741767484056708,9.367169616094865e-6
-0.213,0.00021441062689396854,8.633842588774767e-6
-0.212,0.00021142971646819427,7.912955001635972e-6
-0.211,0.00020847483629953195,7.204490113022581e-6
-0.21,0.00020554587992581842,6.508428947875767e-6
-0.209,0.0002026427416704292,5.824750316415974e-6
-0.208,0.00019976531662605092,5.153430832802933e-6
-0.207,0.0001969135006382401,4.4944449337779565e-6
-0.206,0.00019408719028877233,3.847764897292998e-6
-0.205,0.00019128628287878448,3.2133608611309964e-6
-0.204,0.0001885106764117146,2.591200841522064e-6
-0.203,0.00018576026957604233,1.9812507517600937e-6
-0.202,0.00018303496172783352,1.3834744208243997e-6
-0.201,0.00018033465287309346,7.978336120110276e-7
-0.2,0.00017765924364993144,2.2428804157840113e-7
-0.199,0.00017500863531054093,-3.372046025880007e-7
-0.198,0.00017238272970299917,-8.866886422872166e-7
-0.197,0.00016978142925288964,-1.4242103902858813e-6
-0.196,0.0001672046369447516,-1.949818131568039e-6
-0.195,0.00016465225630336026,-2.4635621045468984e-6
-0.194,0.00016212419137484187,-2.965494482233708e-6
-0.193,0.00015962034670762723,-3.4556693533589204e-6
-0.192,0.00015714062733324807,-3.934142703440769e-6
-0.191,0.00015468493874697998,-4.400972395796391e-6
-0.19,0.0001522531868883363,-4.856218152490581e-6
-0.189,0.00014984527812141694,-5.2999415352172575e-6
-0.188,0.00014746111921511615,-5.732205926108697e-6
-0.187,0.00014510061732319403,-6.153076508467589e-6
-0.186,0.00014276367996421554,-6.562620247416917e-6
-0.185,0.00014045021500136163,-6.960905870462699e-6
-0.184,0.00013816013062211677,-7.3480038479645536e-6
-0.183,0.00013589333531783767,-7.723986373509101e-6
-0.182,0.0001336497378632073,-8.088927344181145e-6
-0.181,0.0001314292472955791,-8.442902340727603e-6
-0.18,0.000129231772894216,-8.785988607609131e-6
-0.179,0.00012705722415942895,-9.11826503293437e-6
-0.178,0.00012490551079161983,-9.439812128271754e-6
-0.177,0.0001227765426702335,-9.750712008333794e-6
-0.176,0.00012067022983262396,-1.005104837052875e-5
-0.175,0.00011858648245284008,-1.0340906474374618e-5
-0.174,0.00011652521082033517,-1.0620373120770315e-5
-0.173,0.00011448632531860636,-1.0889536631118985e-5
-0.172,0.00011246973640376864,-1.1148486826298328e-5
-0.171,0.00011047535458306909,-1.1397315005472854e-5
-0.17,0.00010850309039334663,-1.163611392474297e-5
-0.169,0.00010655285437944293,-1.186497777562581e-5
-0.168,0.00010462455707257002,-1.2084002163362739e-5
-0.167,0.00010271810896864028,-1.2293284085048426e-5
-0.166,0.0001008334205065648,-1.2492921907576454e-5
-0.165,9.89704020465258e-5,-1.268301534539637e-5
-0.164,9.712896384822928e-5,-1.2863665438077168e-5
-0.163,9.530901604914382e-5,-1.3034974527672143e-5
-0.162,9.3510468642732e-5,-1.3197046235880112e-5
-0.161,9.17332314566806e-5,-1.3349985440998005e-5
-0.16,8.997721413113589e-5,-1.3493898254659831e-5
-0.159,8.824232609695079e-5,-1.362889199835708e-5
-0.158,8.652847655395053e-5,-1.3755075179735607e-5
-0.157,8.483557444922324e-5,-1.3872557468664098e-5
-0.156,8.316352845544289e-5,-1.3981449673069233e-5
-0.155,8.151224694923109e-5,-1.408186371453269e-5
-0.154,7.988163798956517e-5,-1.4173912603645163e-5
-0.153,7.827160929623976e-5,-1.4257710415112626e-5
-0.152,7.668206822838917e-5,-1.4333372262610069e-5
-0.151,7.511292176307806e-5,-1.4401014273378015e-5
-0.15,7.356407647396822e-5,-1.446075356255713e-5
-0.149,7.203543851006905e-5,-1.4512708207256327e-5
-0.148,7.052691357457979e-5,-1.455699722034975e-5
-0.147,6.903840690383155e-5,-1.4593740523998147e-5
-0.146,6.756982324633719e-5,-1.4623058922890147e-5
-0.145,6.612106684195767e-5,-1.4645074077198993e-5
-0.144,6.46920414011931e-5,-1.465990847525042e-5
-0.143,6.32826500846074e-5,-1.4667685405897352e-5
-0.142,6.18927954823951e-5,-1.466852893059717e-5
-0.141,6.052237959409957e-5,-1.4662563855187433e-5
-0.14,5.917130380849146e-5,-1.4649915701355921e-5
-0.139,5.783946888361693e-5,-1.4630710677800997e-5
-0.138,5.652677492702494e-5,-1.4605075651078345e-5
-0.137,5.523312137618329e-5,-1.457313811613026e-5
-0.136,5.395840697909326e-5,-1.4535026166493664e-5
-0.135,5.2702529775112686e-5,-1.449086846418323e-5
-0.134,5.146538707599773e-5,-1.4440794209246004e-5
-0.133,5.024687544717362e-5,-1.438493310898404e-5
-0.132,4.904689068924495e-5,-1.432341534684167e-5
-0.131,4.786532781975605e-5,-1.425637155095416e-5
-0.13,4.670208105521258e-5,-1.4183932762354553e-5
-0.129,4.5557043793375126e-5,-1.4106230402835686e-5
-0.128,4.443010859583644e-5,-1.4023396242464454e-5
-0.127,4.332116717089336e-5,-1.3935562366745515e-5
-0.126,4.2230110356725515e-5,-1.3842861143431785e-5
-0.125,4.115682810489236e-5,-1.3745425188979202e-5
-0.124,4.010120946416089e-5,-1.3643387334643363e-5
-0.123,3.906314256467613e-5,-1.3536880592215798e-5
-0.122,3.804251460248705e-5,-1.342603811939783e-5
-0.121,3.703921182444062e-5,-1.3310993184810062e-5
-0.12,3.605311951345689e-5,-1.3191879132635755e-5
-0.119,3.5084121974198426e-5,-1.3068829346896525e-5
-0.118,3.413210251914733e-5,-1.2941977215358933e-5
-0.117,3.3196943455103645e-5,-1.281145609307077e-5
-0.116,3.2278526070118984e-5,-1.267739926552599e-5
-0.115,3.1376730620879456e-5,-1.25399399114575e-5
-0.114,3.049143632055228e-5,-1.239921106525714e-5
-0.113,2.9622521327110775e-5,-1.2255345579022491e-5
-0.112,2.876986273215246e-5,-1.2108476084230307e-5
-0.111,2.7933336550225475e-5,-1.1958734953036618e-5
-0.11,2.7112817708678673e-5,-1.1806254259203786e-5
-0.109,2.6308180038050992e-5,-1.1651165738655079e-5
-0.108,2.551929626301609e-5,-1.1493600749657484e-5
-0.107,2.4746037993898304e-5,-1.1333690232633891e-5
-0.106,2.3988275718776482e-5,-1.1171564669605906e-5
-0.105,2.3245878796192373e-5,-1.1007354043268945e-5
-0.104,2.2518715448480563e-5,-1.0841187795701497e-5
-0.103,2.1806652755737298e-5,-1.0673194786710759e-5
-0.102,2.1109556650445753e-5,-1.0503503251817178e-5
-0.101,2.0427291912775632e-5,-1.0332240759880726e-5
-0.1,1.975972216657529e-5,-1.0159534170372117e-5
-0.099,1.9106709876074843e-5,-9.985509590292476e-6
-0.098,1.84681163433191e-5,-9.810292330745354e-6
-0.097,1.784380170634938e-5,-9.634006863165373e-6
-0.096,1.7233624938153668e-5,-9.45677677520813e-6
-0.095,1.6637443846404878e-5,-9.2787247263064e-6
-0.094,1.6055115074007263e-5,-9.099972402898153e-6
-0.093,1.5486494100471418e-5,-8.920640473332196e-6
-0.092,1.4931435244138619e-5,-8.740848542457832e-6
-0.091,1.4389791665275602e-5,-8.560715105905307e-6
-0.09,1.3861415370061229e-5,-8.380357504064288e-6
-0.089,1.3346157215486845e-5,-8.199891875768138e-6
-0.088,1.284386691519251e-5,-8.019433111692245e-6
-0.087,1.2354393046261627e-5,-7.839094807475178e-6
-0.086,1.1877583056996882e-5,-7.658989216571995e-6
-0.085,1.1413283275700816e-5,-7.479227202849586e-6
-0.084,1.0961338920484673e-5,-7.2999181929345095e-6
-0.083,1.0521594110129648e-5,-7.121170128324405e-6
-0.082,1.009389187602499e-5,-6.9430894172746425e-6
-0.081,9.678074175207878e-6,-6.765780886472567e-6
-0.08,9.273981904530363e-6,-6.589347732512325e-6
-0.079,8.881454915979166e-6,-6.41389147318396e-6
-0.078,8.500332033174459e-6,-6.239511898591203e-6
-0.077,8.130451069074299e-6,-6.066307022113086e-6
-0.076,7.77164884491181e-6,-5.894373031225318e-6
-0.075,7.423761210392638e-6,-5.723804238198129e-6
-0.074,7.086623065180726e-6,-5.5546930306881235e-6
-0.073,6.760068381700952e-6,-5.387129822242565e-6
-0.072,6.44393022928765e-6,-5.221203002735359e-6
-0.071,6.13804079970854e-6,-5.056998888754967e-6
-0.07,5.842231434094178e-6,-4.89460167396542e-6
-0.069,5.556332651303521e-6,-4.734093379462608e-6
-0.068,5.280174177756811e-6,-4.575553804149029e-6
-0.067,5.013584978767527e-6,-4.419060475151315e-6
-0.066,4.756393291405778e-6,-4.264688598305892e-6
-0.065,4.508426658926108e-6,-4.1125110087393515e-6
-0.064,4.269511966793338e-6,-3.9625981215713096e-6
-0.063,4.039475480340717e-6,-3.81501788276876e-6
-0.062,3.8181428840953675e-6,-3.6698357201822734e-6
-0.061,3.6053393228066796e-6,-3.5271144947957425e-6
-0.06,3.400889444214111e-6,-3.386914452222796e-6
-0.059,3.2046174435915653e-6,-3.2492931744845066e-6
-0.058,3.016347110106385e-6,-3.114305532104546e-6
-0.057,2.835901875031796e-6,-2.98200363655958e-6
-0.056,2.6631048618525706e-6,-2.852436793124377e-6
-0.055,2.4977789383045825e-6,-2.725651454152886e-6
-0.054,2.33974677038992e-6,-2.6016911728383832e-6
-0.053,2.1888308784102732e-6,-2.4805965574977374e-6
-0.052,2.044853695062389e-6,-2.362405226426879e-6
-0.051,1.9076376256405705e-6,-2.247151763376691e-6
-0.05,1.7770051103924312e-6,-2.1348676737007987e-6
-0.049,1.6527786890754202e-6,-2.025581341229076e-6
-0.048,1.5347810677630688e-6,-1.919317985923196e-6
-0.047,1.4228351879513893e-6,-1.8160996223731497e-6
-0.046,1.3167642980174996e-6,-1.7159450191964423e-6
-0.045,1.2163920270842763e-6,-1.6188696594045735e-6
-0.044,1.1215424613467246e-6,-1.5248857018045165e-6
-0.043,1.0320402229177973e-6,-1.4340019435061643e-6
-0.042,9.477105512535949e-7,-1.3462237836101906e-6
-0.041,8.683793872202989e-7,-1.261553188154452e-6
-0.04,7.938734598678128e-7,-1.179988656400978e-6
-0.039,7.24020375977969e-7,-1.1015251885497797e-6
-0.038,6.58648712458325e-7,-1.0261542549701565e-6
-0.037,5.975881116560616e-7,-9.53863767044969e-7
-0.036,5.406693796703524e-7,-8.846380497284457e-7
-0.035,4.877245877458571e-7,-8.184578159235952e-7
-0.034,4.3858717683475455e-7,-7.5530014279121e-7
-0.033,3.9309206542005773e-7,-6.951384501088285e-7
-0.032,3.5107576069892004e-7,-6.379424808049342e-7
-0.031,3.1237647323136235e-7,-5.836782838011582e-7
-0.03,2.768342351674374e-7,-5.323081993034094e-7
-0.029,2.442910221744582e-7,-4.837908466917482e-7
-0.028,2.1459087919572002e-7,-4.3808111516855954e-7
-0.027,1.8758005018336218e-7,-3.9513015733528185e-7
-0.026,1.6310711196090444e-7,-3.548853858797407e-7
-0.025,1.4102311238587675e-7,-3.17290473569198e-7
-0.024,1.2118171300023425e-7,-2.822853567587385e-7
-0.023,1.0343933637640694e-7,-2.498062426408233e-7
-0.022,8.765531839049028e-8,-2.1978562048002446e-7
-0.021,7.369206568201855e-8,-1.9215227709746177e-7
-0.02,6.141521859297086e-8,-1.6683131689272643e-7
-0.019,5.0693819918417406e-8,-1.437441867176181e-7
-0.018,4.140048984918389e-8,-1.2280870594651515e-7
-0.017,3.341160754528177e-8,-1.0393910212347574e-7
-0.016,2.6607499850538292e-8,-8.704605260730826e-8
-0.015,2.087263774780377e-8,-7.20367326842442e-8
-0.014,1.6095841265727794e-8,-5.881487067532124e-8
-0.013,1.2170493689942434e-8,-4.728081063457486e-8
-0.012,8.994766114343517e-9,-3.733158331794097e-8
-0.011,6.471853607712123e-9,-2.8860986205949803e-8
-0.01,4.510224590602978e-9,-2.1759673492275775e-8
-0.009,3.0238854532719516e-9,-1.5915257114310362e-8
-0.008,1.9326630546990947e-9,-1.121242011501382e-8
-0.007,1.1625086202375053e-9,-7.533043908743542e-9
-0.006,6.458278654602508e-10,-4.756351411833588e-9
-0.005,3.2184421868676354e-10,-2.759068549196855e-9
-0.004,1.370053927370405e-10,-1.4156074647429191e-9
-0.003,4.544957101614187e-11,-5.98276047173875e-10
-0.002,9.559365454585099e-12,-1.7752056949744012e-10
-0.001,6.593283521394587e-13,-2.2212438636413304e-11
0.0,0.0,0.0
0.001,6.593283521394587e-13,2.2212438636413304e-11
0.002,9.559365454585099e-12,1.7752056949744012e-10
0.003,4.544957101614187e-11,5.98276047173875e-10
0.004,1.370053927370405e-10,1.4156074647429191e-9
0.005,3.2184421868676354e-10,2.759068549196855e-9
0.006,6.458278654602508e-10,4.756351411833588e-9
0.007,1.1625086202375053e-9,7.533043908743542e-9
0.008,1.9326630546990947e-9,1.121242011501382e-8
0.009,3.0238854532719516e-9,1.5915257114310362e-8
0.01,4.510224590602978e-9,2.1759673492275775e-8
0.011,6.471853607712123e-9,2.8860986205949803e-8
0.012,8.994766114343517e-9,3.733158331794097e-8
0.013,1.2170493689942434e-8,4.728081063457486e-8
0.014,1.6095841265727794e-8,5.881487067532124e-8
0.015,2.087263774780377e-8,7.20367326842442e-8
0.016,2.6607499850538292e-8,8.704605260730826e-8
0.017,3.341160754528177e-8,1.0393910212347574e-7
0.018,4.140048984918389e-8,1.2280870594651515e-7
0.019,5.0693819918417406e-8,1.437441867176181e-7
0.02,6.141521859297086e-8,1.6683131689272643e-7
0.021,7.369206568201855e-8,1.9215227709746177e-7
0.022,8.765531839049028e-8,2.1978562048002446e-7
0.023,1.0343933637640694e-7,2.498062426408233e-7
0.024,1.2118171300023425e-7,2.822853567587385e-7
0.025,1.4102311238587675e-7,3.17290473569198e-7
0.026,1.6310711196090444e-7,3.548853858797407e-7
0.027,1.8758005018336218e-7,3.9513015733528185e-7
0.028,2.1459087919572002e-7,4.3808111516855954e-7
0.029,2.442910221744582e-7,4.837908466917482e-7
0.03,2.768342351674374e-7,5.323081993034094e-7
0.031,3.1237647323136235e-7,5.836782838011582e-7
0.032,3.5107576069892004e-7,6.379424808049342e-7
0.033,3.9309206542005773e-7,6.951384501088285e-7
0.034,4.3858717683475455e-7,7.5530014279121e-7
0.035,4.877245877458571e-7,8.184578159235952e-7
0.036,5.406693796703524e-7,8.846380497284457e-7
0.037,5.975881116560616e-7,9.53863767044969e-7
0.038,6.58648712458325e-7,1.0261542549701565e-6
0.039,7.24020375977969e-7,1.1015251885497797e-6
0.04,7.938734598678128e-7,1.179988656400978e-6
0.041,8.683793872202989e-7,1.261553188154452e-6
0.042,9.477105512535949e-7,1.3462237836101906e-6
0.043,1.0320402229177973e-6,1.4340019435061643e-6
0.044,1.1215424613467246e-6,1.5248857018045165e-6
0.045,1.2163920270842763e-6,1.6188696594045735e-6
0.046,1.3167642980174996e-6,1.7159450191964423e-6
0.047,1.4228351879513893e-6,1.8160996223731497e-6
0.048,1.5347810677630688e-6,1.919317985923196e-6
0.049,1.6527786890754202e-6,2.025581341229076e-6
0.05,1.7770051103924312e-6,2.1348676737007987e-6
0.051,1.9076376256405705e-6,2.247151763376691e-6
0.052,2.044853695062389e-6,2.362405226426879e-6
0.053,2.1888308784102732e-6,2.4805965574977374e-6
0.054,2.33974677038992e-6,2.6016911728383832e-6
0.055,2.4977789383045825e-6,2.725651454152886e-6
0.056,2.6631048618525706e-6,2.852436793124377e-6
0.057,2.835901875031796e-6,2.98200363655958e-6
0.058,3.016347110106385e-6,3.114305532104546e-6
0.059,3.2046174435915653e-6,3.2492931744845066e-6
0.06,3.400889444214111e-6,3.386914452222796e-6
0.061,3.6053393228066796e-6,3.5271144947957425e-6
0.062,3.8181428840953675e-6,3.6698357201822734e-6
0.063,4.039475480340717e-6,3.81501788276876e-6
0.064,4.269511966793338e-6,3.9625981215713096e-6
0.065,4.508426658926108e-6,4.1125110087393515e-6
0.066,4.756393291405778e-6,4.264688598305892e-6
0.067,5.013584978767527e-6,4.419060475151315e-6
0.068,5.280174177756811e-6,4.575553804149029e-6
0.069,5.556332651303521e-6,4.734093379462608e-6
0.07,5.842231434094178e-6,4.89460167396542e-6
0.071,6.13804079970854e-6,5.056998888754967e-6
0.072,6.44393022928765e-6,5.221203002735359e-6
0.073,6.760068381700952e-6,5.387129822242565e-6
0.074,7.086623065180726e-6,5.5546930306881235e-6
0.075,7.423761210392638e-6,5.723804238198129e-6
0.076,7.77164884491181e-6,5.894373031225318e-6
0.077,8.130451069074299e-6,6.066307022113086e-6
0.078,8.500332033174459e-6,6.239511898591203e-6
0.079,8.881454915979166e-6,6.41389147318396e-6
0.08,9.273981904530363e-6,6.589347732512325e-6
0.081,9.678074175207878e-6,6.765780886472567e-6
0.082,1.009389187602499e-5,6.9430894172746425e-6
0.083,1.0521594110129648e-5,7.121170128324405e-6
0.084,1.0961338920484673e-5,7.2999181929345095e-6
0.085,1.1413283275700816e-5,7.479227202849586e-6
0.086,1.1877583056996882e-5,7.658989216571995e-6
0.087,1.2354393046261627e-5,7.839094807475178e-6
0.088,1.284386691519251e-5,8.019433111692245e-6
0.089,1.3346157215486845e-5,8.199891875768138e-6
0.09,1.3861415370061229e-5,8.380357504064288e-6
0.091,1.4389791665275602e-5,8.560715105905307e-6
0.092,1.4931435244138619e-5,8.740848542457832e-6
0.093,1.5486494100471418e-5,8.920640473332196e-6
0.094,1.6055115074007263e-5,9.099972402898153e-6
0.095,1.6637443846404878e-5,9.2787247263064e-6
0.096,1.7233624938153668e-5,9.45677677520813e-6
0.097,1.784380170634938e-5,9.634006863165373e-6
0.098,1.84681163433191e-5,9.810292330745354e-6
0.099,1.9106709876074843e-5,9.985509590292476e-6
0.1,1.975972216657529e-5,1.0159534170372117e-5
0.101,2.0427291912775632e-5,1.0332240759880726e-5
0.102,2.1109556650445753e-5,1.0503503251817178e-5
0.103,2.1806652755737298e-5,1.0673194786710759e-5
0.104,2.2518715448480563e-5,1.0841187795701497e-5
0.105,2.3245878796192373e-5,1.1007354043268945e-5
0.106,2.3988275718776482e-5,1.1171564669605906e-5
0.107,2.4746037993898304e-5,1.1333690232633891e-5
0.108,2.551929626301609e-5,1.1493600749657484e-5
0.109,2.6308180038050992e-5,1.1651165738655079e-5
0.11,2.7112817708678673e-5,1.1806254259203786e-5
0.111,2.7933336550225475e-5,1.1958734953036618e-5
0.112,2.876986273215246e-5,1.2108476084230307e-5
0.113,2.9622521327110775e-5,1.2255345579022491e-5
0.114,3.049143632055228e-5,1.239921106525714e-5
0.115,3.1376730620879456e-5,1.25399399114575e-5
0.116,3.2278526070118984e-5,1.267739926552599e-5
0.117,3.3196943455103645e-5,1.281145609307077e-5
0.118,3.413210251914733e-5,1.2941977215358933e-5
0.119,3.5084121974198426e-5,1.3068829346896525e-5
0.12,3.605311951345689e-5,1.3191879132635755e-5
0.121,3.703921182444062e-5,1.3310993184810062e-5
0.122,3.804251460248705e-5,1.342603811939783e-5
0.123,3.906314256467613e-5,1.3536880592215798e-5
0.124,4.010120946416089e-5,1.3643387334643363e-5
0.125,4.115682810489236e-5,1.3745425188979202e-5
0.126,4.2230110356725515e-5,1.3842861143431785e-5
0.127,4.332116717089336e-5,1.3935562366745515e-5
0.128,4.443010859583644e-5,1.4023396242464454e-5
0.129,4.5557043793375126e-5,1.4106230402835686e-5
0.13,4.670208105521258e-5,1.4183932762354553e-5
0.131,4.786532781975605e-5,1.425637155095416e-5
0.132,4.904689068924495e-5,1.432341534684167e-5
0.133,5.024687544717362e-5,1.438493310898404e-5
0.134,5.146538707599773e-5,1.4440794209246004e-5
0.135,5.2702529775112686e-5,1.449086846418323e-5
0.136,5.395840697909326e-5,1.4535026166493664e-5
0.137,5.523312137618329e-5,1.457313811613026e-5
0.138,5.652677492702494e-5,1.4605075651078345e-5
0.139,5.783946888361693e-5,1.4630710677800997e-5
0.14,5.917130380849146e-5,1.4649915701355921e-5
0.141,6.052237959409957e-5,1.4662563855187433e-5
0.142,6.18927954823951e-5,1.466852893059717e-5
0.143,6.32826500846074e-5,1.4667685405897352e-5
0.144,6.46920414011931e-5,1.465990847525042e-5
0.145,6.612106684195767e-5,1.4645074077198993e-5
0.146,6.756982324633719e-5,1.4623058922890147e-5
0.147,6.903840690383155e-5,1.4593740523998147e-5
0.148,7.052691357457979e-5,1.455699722034975e-5
0.149,7.203543851006905e-5,1.4512708207256327e-5
0.15,7.356407647396822e-5,1.446075356255713e-5
0.151,7.511292176307806e-5,1.4401014273378015e-5
0.152,7.668206822838917e-5,1.4333372262610069e-5
0.153,7.827160929623976e-5,1.4257710415112626e-5
0.154,7.988163798956517e-5,1.4173912603645163e-5
0.155,8.151224694923109e-5,1.408186371453269e-5
0.156,8.316352845544289e-5,1.3981449673069233e-5
0.157,8.483557444922324e-5,1.3872557468664098e-5
0.158,8.652847655395053e-5,1.3755075179735607e-5
0.159,8.824232609695079e-5,1.362889199835708e-5
0.16,8.997721413113589e-5,1.3493898254659831e-5
0.161,9.17332314566806e-5,1.3349985440998005e-5
0.162,9.3510468642732e-5,1.3197046235880112e-5
0.163,9.530901604914382e-5,1.3034974527672143e-5
0.164,9.712896384822928e-5,1.2863665438077168e-5
0.165,9.89704020465258e-5,1.268301534539637e-5
0.166,0.0001008334205065648,1.2492921907576454e-5
0.167,0.00010271810896864028,1.2293284085048426e-5
0.168,0.00010462455707257002,1.2084002163362739e-5
0.169,0.00010655285437944293,1.186497777562581e-5
0.17,0.00010850309039334663,1.163611392474297e-5
0.171,0.00011047535458306909,1.1397315005472854e-5
0.172,0.00011246973640376864,1.1148486826298328e-5
0.173,0.00011448632531860636,1.0889536631118985e-5
0.174,0.00011652521082033517,1.0620373120770315e-5
0.175,0.00011858648245284008,1.0340906474374618e-5
0.176,0.00012067022983262396,1.005104837052875e-5
0.177,0.0001227765426702335,9.750712008333794e-6
0.178,0.00012490551079161983,9.439812128271754e-6
0.179,0.00012705722415942895,9.11826503293437e-6
0.18,0.000129231772894216,8.785988607609131e-6
0.181,0.0001314292472955791,8.442902340727603e-6
0.182,0.0001336497378632073,8.088927344181145e-6
0.183,0.00013589333531783767,7.723986373509101e-6
0.184,0.00013816013062211677,7.3480038479645536e-6
0.185,0.00014045021500136163,6.960905870462699e-6
0.186,0.00014276367996421554,6.562620247416917e-6
0.187,0.00014510061732319403,6.153076508467589e-6
0.188,0.00014746111921511615,5.732205926108697e-6
0.189,0.00014984527812141694,5.2999415352172575e-6
0.19,0.0001522531868883363,4.856218152490581e-6
0.191,0.00015468493874697998,4.400972395796391e-6
0.192,0.00015714062733324807,3.934142703440769e-6
0.193,0.00015962034670762723,3.4556693533589204e-6
0.194,0.00016212419137484187,2.965494482233708e-6
0.195,0.00016465225630336026,2.4635621045468984e-6
0.196,0.0001672046369447516,1.949818131568039e-6
0.197,0.00016978142925288964,1.4242103902858813e-6
0.198,0.00017238272970299917,8.866886422872166e-7
0.199,0.00017500863531054093,3.372046025880007e-7
0.2,0.00017765924364993144,-2.2428804157840113e-7
0.201,0.00018033465287309346,-7.978336120110276e-7
0.202,0.00018303496172783352,-1.3834744208243997e-6
0.203,0.00018576026957604233,-1.9812507517600937e-6
0.204,0.0001885106764117146,-2.591200841522064e-6
0.205,0.00019128628287878448,-3.2133608611309964e-6
0.206,0.00019408719028877233,-3.847764897292998e-6
0.207,0.0001969135006382401,-4.4944449337779565e-6
0.208,0.00019976531662605092,-5.153430832802933e-6
0.209,0.0002026427416704292,-5.824750316415974e-6
0.21,0.00020554587992581842,-6.508428947875767e-6
0.211,0.00020847483629953195,-7.204490113022581e-6
0.212,0.00021142971646819427,-7.912955001635972e-6
0.213,0.00021441062689396854,-8.633842588774767e-6
0.214,0.00021741767484056708,-9.367169616094865e-6
0.215,0.0002204509683890413,-1.011295057314042e-5
0.216,0.00022351061645334787,-1.0871197678604026e-5
0.217,0.00022659672879568704,-1.164192086155152e-5
0.218,0.0002297094160416103,-1.2425127742607103e-5
0.219,0.0002328487896948936,-1.3220823615094462e-5
0.22,0.0002360149621521728,-1.4029011426129634e-5
0.221,0.00023920804671733793,-1.4849691757661406e-5
0.222,0.00024242815761568306,-1.5682862807455046e-5
0.223,0.0002456754100078078,-1.652852037001521e-5
0.224,0.00024894992000326784,-1.7386657817443938e-5
0.225,0.00025225180467397057,-1.8257266080229608e-5
0.226,0.0002555811820673127,-1.914033362796287e-5
0.227,0.00025893817121905625,-2.00358464499755e-5
0.228,0.00026232289216594003,-2.0943788035898267e-5
0.229,0.00026573546595802256,-2.1864139356133813e-5
0.23,0.0002691760146707534,-2.2796878842240755e-5
0.231,0.00027264466141677026,-2.3741982367225085e-5
0.232,0.0002761415303574165,-2.4699423225735106e-5
0.233,0.0002796667467139784,-2.566917211415612e-5
0.234,0.000283220436778636,-2.6651197110601163e-5
0.235,0.0002868027279251267,-2.764546365479411e-5
0.236,0.00029041374861911597,-2.8651934527841485e-5
0.237,0.00029405362842827335,-2.96705698318894e-5
0.238,0.0002977224980320497,-3.07013269696621e-5
0.239,0.000301420489231152,-3.174416062387855e-5
0.24,0.0003051477349567132,-3.2799022736543655e-5
0.241,0.0003089043692791521,-3.386586248811064e-5
0.242,0.0003126905274167218,-3.494462627651129e-5
0.243,0.0003165063457437413,-3.603525769605069e-5
0.244,0.0003203519617985078,-3.7137697516163095e-5
0.245,0.00032422751429088626,-3.825188366002589e-5
0.246,0.0003281331431095722,-3.9377751183028275e-5
0.247,0.00033206898932902396,-4.051523225109163e-5
0.248,0.000336035195216062,-4.166425611883844e-5
0.249,0.0003400319042361299,-4.282474910760674e-5
0.25,0.00034405926105921523,-4.3996634583307096e-5
0.251,0.00034811741156542513,-4.517983293411918e-5
0.252,0.00035220650285021376,-4.637426154802502e-5
0.253,0.0003563266832292578,-4.7579834790176126e-5
0.254,0.00036047810224297576,-4.8796463980091664e-5
0.255,0.00036466091066068824,-5.002405736868496e-5
0.256,0.000368875260484414,-5.126252011511562e-5
0.257,0.0003731213049522997,-5.251175426346471e-5
0.258,0.00037739919854167783,-5.377165871923027e-5
0.259,0.0003817090969717499,-5.504212922564082e-5
0.26,0.00038605115720589066,-5.6323058339784205e-5
0.261,0.00039042553745356924,-5.761433540854949e-5
0.262,0.00039483239717188383,-5.891584654437947e-5
0.263,0.0003992718970667046,-6.022747460083159e-5
0.264,0.0004037441990934223,-6.154909914794484e-5
0.265,0.0004082494664572972,-6.288059644741065e-5
0.266,0.00041278786361340504,-6.422183942754548e-5
0.267,0.000417359556266175,-6.557269765806316e-5
0.268,0.00042196471136851627,-6.693303732464484e-5
0.269,0.00042660349712052834,-6.830272120330474e-5
0.27,0.00043127608296779086,-6.968160863454959e-5
0.271,0.00043598263959922895,-7.106955549733027e-5
0.272,0.00044072333894454893,-7.246641418278344e-5
0.273,0.00044549835417124074,-7.387203356776181e-5
0.274,0.0004503078596811419,-7.528625898815132e-5
0.275,0.0004551520311065592,-7.67089322119734e-5
0.276,0.00046003104530594206,-7.813989141227125e-5
0.277,0.0004649450803591054,-7.957897113977823e-5
0.278,0.00046989431556199434,-8.102600229536731e-5
0.279,0.00047487893142098827,-8.248081210228e-5
0.28,0.00047989910964673857,-8.394322407813381e-5
0.281,0.00048495503314753503,-8.541305800670666e-5
0.282,0.0004900468860221963,-8.68901299094976e-5
0.283,0.0004951748535524795,-8.837425201706239e-5
0.284,0.0005003391221950036,-8.986523274012313e-5
0.285,0.000505539879572682,-9.136287664045116e-5
0.286,0.0005107773144656586,-9.286698440152212e-5
0.287,0.0005160516168017427,-9.437735279894271e-5
0.288,0.0005213629776463371,-9.58937746706483e-5
0.289,0.0005267115891918547,-9.741603888687082e-5
0.29,0.0005320976447466172,-9.894393031987634e-5
0.291,0.0005375213387232318,-0.00010047722981347215
0.292,0.0005429828666264387,-0.00010201571415228259
0.293,0.0005484824250404265,-0.00010355915603079358
0.294,0.0005540202116156067,-0.0001051073240221657
0.295,0.0005595964250548443,-0.00010665998254681539
0.296,0.0005652112650991373,-0.00010821689184076451
0.297,0.0005708649325127401,-0.00010977780792375827
0.298,0.0005765576290677242,-0.00011134248256715134
0.299,0.0005822895575279712,-0.00011291066326156286
0.3,0.000588060921632591,-0.00011448209318430014
0.301,0.000593871926078761,-0.00011605651116655174
0.302,0.0005997227765039777,-0.0001176336516603503
0.303,0.0006056136794677165,-0.0001192132447053057
0.304,0.0006115448424324938,-0.00012079501589510915
0.305,0.0006175164737443219,-0.00012237868634380893
0.306,0.000623528782612555,-0.00012396397265185892
0.307,0.0006295819790891158,-0.0001255505868719402
0.308,0.0006356762740470992,-0.00012713823647455757
0.309,0.0006418118791587438,-0.00012872662431341137
0.31,0.0006479890068727676,-0.00013031544859054637
0.311,0.0006542078703910583,-0.00013190440282127863
0.312,0.0006604686836447135,-0.00013349317579890217
0.313,0.0006667716612694228,-0.00013508145155917658
0.314,0.0006731170185801857,-0.00013666890934459745
0.315,0.0006795049715453579,-0.00013825522356845132
0.316,0.0006859357367600185,-0.000139840063778657
0.317,0.0006924095314186523,-0.00014142309462139495
0.318,0.0006989265732871385,-0.00014300397580452732
0.319,0.0007054870806740394,-0.00014458236206081035
0.32,0.0007120912724011823,-0.0001461579031109015
0.321,0.0007187393677735255,-0.000147730243626164
0.322,0.000725431586548303,-0.000149299023191271
0.323,0.0007321681489034379,-0.00015086387626661203
0.324,0.0007389492754052206,-0.00015242443215050474
0.325,0.000745775186975239,-0.0001539803149412146
0.326,0.0007526461048565584,-0.00015553114349878538
0.327,0.000759562250579139,-0.00015707653140668412
0.328,0.0007665238459244856,-0.00015861608693326315
0.329,0.0007735311128895197,-0.00016014941299304303
0.33,0.0007805842736496685,-0.00016167610710781969
0.331,0.0007876835505211598,-0.00016319576136759946
0.332,0.0007948291659225159,-0.00016470796239136578
0.333,0.00080202134233524,-0.0001662122912876815
0.334,0.0008092603022636828,-0.00016770832361513076
0.335,0.0008165462681940846,-0.00016919562934260464
0.336,0.0008238794625527821,-0.00017067377280943505
0.337,0.0008312601076635737,-0.0001721423126853812
0.338,0.000838688425704231,-0.00017360080193047297
0.339,0.0008461646386621516,-0.00017504878775471687
0.34,0.000853688968289143,-0.00017648581157766812
0.341,0.0008612616360553271,-0.00017791140898787533
0.342,0.0008688828631021595,-0.00017932510970220187
0.343,0.0008765528701945519,-0.00018072643752502996
0.344,0.0008842718776720909,-0.00018211491030735278
0.345,0.000892040105399341,-0.00018349003990576022
0.346,0.0008998577727152267,-0.00018485133214132435
0.347,0.00090772509838148,-0.00018619828675839025
0.348,0.0009156423005301487,-0.0001875303973832788
0.349,0.0009236095966101504,-0.0001888471514829076
0.35,0.0009316272033328694,-0.0001901480303233361
0.351,0.0009396953366167805,-0.00019143250892824282
0.352,0.0009478142115310954,-0.00019270005603733983
0.353,0.0009559840422384178,-0.00019395013406473322
0.354,0.0009642050419364012,-0.00019518219905723558
0.355,0.0009724774227983961,-0.0001963957006526386
0.356,0.00098080139591308,-0.00019759008203795278
0.357,0.000989177171223057,-0.00019876477990762292
0.358,0.000997604957462421,-0.00019991922442172622
0.359,0.0010060849620932674,-0.00020105283916416227
0.36,0.0010146173912411484,-0.00020216504110084246
0.361,0.0010232024496294575,-0.0002032552405378879
0.362,0.0010318403405127359,-0.00020432284107984428
0.363,0.0010405312656088888,-0.00020536723958792293
0.364,0.0010492754250303014,-0.0002063878261382769
0.365,0.0010580730172138455,-0.00020738398398032187
0.366,0.0010669242388497637,-0.00020835508949511118
0.367,0.001075829284809425,-0.00020930051215377487
0.368,0.0010847883480719347,-0.0002102196144760327
0.369,0.001093801619649595,-0.00021111175198879187
0.37,0.0011028692885122007,-0.00021197627318483899
0.371,0.001111991541510161,-0.00021281251948163807
0.372,0.0011211685632964367,-0.00021361982518024465
0.373,0.0011304005362472815,-0.00021439751742434766
0.374,0.0011396876403817777,-0.00021514491615945032
0.375,0.0011490300532801527,-0.00021586133409220182
0.376,0.0011584279500008686,-0.00021654607664989143
0.377,0.0011678815029964715,-0.00021719844194011739
0.378,0.0011773908820281896,-0.000217817720710643
0.379,0.001186956254079272,-0.0002184031963094524
0.38,0.0011965777832670516,-0.00021895414464501907
0.381,0.0012062556307537264,-0.00021946983414680013
0.382,0.0012159899546558435,-0.00021994952572596977
0.383,0.0012257809099524794,-0.00022039247273640598
0.384,0.0012356286483920988,-0.00022079792093594378
0.385,0.0012455333183980883,-0.00022116510844790975
0.386,0.001255495064972946,-0.0002214932657229525
0.387,0.001265514029601122,-0.00022178161550118295
0.388,0.0012755903501504946,-0.0002220293727746409
0.389,0.0012857241607724715,-0.0002222357447501018
0.39,0.0012959155918007051,-0.00022239993081224065
0.391,0.001306164769648412,-0.00022252112248716797
0.392,0.0013164718167042796,-0.00022259850340635484
0.393,0.001326836851226957,-0.00022263124927096307
0.394,0.0013372599872381102,-0.00022261852781659775
0.395,0.0013477413344140357,-0.0002225594987784988
0.396,0.0013582809979758182,-0.00022245331385718995
0.397,0.001368879078578022,-0.00022229911668460173
0.398,0.0013795356721959056,-0.00022209604279068774
0.399,0.0013902508700111445,-0.00022184321957055203
0.4,0.0014010247582960545,-0.00022153976625210637
0.401,0.0014118574182963026,-0.00022118479386427692
0.402,0.0014227489261120926,-0.00022077740520577932
0.403,0.0014336993525778164,-0.00022031669481448245
0.404,0.0014447087631401583,-0.00021980174893738053
0.405,0.0014557772177346397,-0.0002192316455011945
0.406,0.0014669047706605952,-0.00021860545408362332
0.407,0.001478091470454567,-0.00021792223588526632
0.408,0.0014893373597621071,-0.00021718104370223863
0.409,0.001500642475207975,-0.00021638092189950092
0.41,0.0015120068472647208,-0.00021552090638492664
0.411,0.001523430500119642,-0.0002146000245841286
0.412,0.001534913451540101,-0.0002136172954160688
0.413,0.0015464557127371974,-0.00021257172926947412
0.414,0.0015580572882277763,-0.00021146232798008283
0.415,0.0015697181756947687,-0.000210288084808745
0.416,0.001581438365845849,-0.00020904798442040228
0.417,0.0015932178422703985,-0.00020774100286397192
0.418,0.0016050565812947683,-0.00020636610755316034
0.419,0.0016169545518358243,-0.00020492225724823233
0.42,0.00162891171525277,-0.00020340840203876228
0.421,0.001640928025197231,-0.00020182348332739371
0.422,0.001653003427461596,-0.00020016643381463487
0.423,0.0016651378598255978,-0.0001984361774847177
0.424,0.0016773312519011315,-0.00019663162959254805
0.425,0.0016895835249752912,-0.00019475169665177604
0.426,0.0017018945918516229,-0.00019279527642401513
0.427,0.0017142643566895766,-0.00019076125790923947
0.428,0.0017266927148421546,-0.00018864852133738927
0.429,0.0017391795526917407,-0.00018645593816121473
0.43,0.001751724747484103,-0.0001841823710503889
0.431,0.0017643281671605603,-0.00018182667388692118
0.432,0.0017769896701883051,-0.0001793876917619028
0.433,0.0017897091053888684,-0.00017686426097361665
0.434,0.0018024863117647233,-0.00017425520902704443
0.435,0.0018153211183240155,-0.00017155935463480368
0.436,0.0018282133439034114,-0.0001687755077195491
0.437,0.0018411627969890571,-0.00016590246941787176
0.438,0.0018541692755356394,-0.00016293903208573134
0.439,0.0018672325667835384,-0.0001598839793054565
0.44,0.0018803524470740682,-0.00015673608589434894
0.441,0.0018935286816627928,-0.00015349411791492758
0.442,0.001906761024530914,-0.00015015683268685
0.443,0.0019200492181947206,-0.00014672297880054754
0.444,0.0019333929935130933,-0.0001431912961326132
0.445,0.0019467920694930597,-0.00013956051586297958
0.446,0.001960246153093389,-0.00013582936049392683
0.447,0.0019737549390262234,-0.00013199654387095928
0.448,0.0019873181095567396,-0.00012806077120559178
0.449,0.002000935334300831,-0.00012402073910008546
0.45,0.0020146062700208108,-0.00011987513557417497
0.451,0.0020283305604191252,-0.00011562264009382853
0.452,0.0020421078359300748,-0.00011126192360208353
0.453,0.0020559377135095378,-0.00010679164855200044
0.454,0.0020698197964226918,-0.00010221046894177873
0.455,0.00208375367402973,-9.751703035207919e-5
0.456,0.002097738921569565,-9.270996998559709e-5
0.457,0.002111775099941522,-8.778791670893204e-5
0.458,0.0021258617554850124,-8.274949109680027e-5
0.459,0.002139998419757192,-7.759330547863622e-5
0.46,0.0021541846093085905,-7.23179639876306e-5
0.461,0.0021684198254567255,-6.692206261225308e-5
0.462,0.0021827035540576832,-6.140418925030786e-5
0.463,0.002197035265275676,-5.5762923765571794e-5
0.464,0.002211414413350572,-4.9996838047064565e-5
0.465,0.002225840436363396,-4.410449607100168e-5
0.466,0.0022403127559998,-3.808445396548149e-5
0.467,0.0022548307773115088,-3.1935260077958036e-5
0.468,0.0022693938884757363,-2.565545504555235e-5
0.469,0.0022840014605525786,-1.924357186825546e-5
0.47,0.0022986528472403794,-1.2698135985076994e-5
0.471,0.0023133473846290763,-6.0176653531940205e-6
0.472,0.0023280843909515288,7.99329469844505e-7
0.473,0.0023428631663328274,7.754345240801724e-6
0.474,0.0023576829925375966,1.4848885942268495e-5
0.475,0.0023725431327152836,2.2084462690953233e-5
0.476,0.0023874428311434514,2.9462593642687766e-5
0.477,0.0024023813129690702,3.6984803894090297e-5
0.478,0.00241735778394782,4.465262538082589e-5
0.479,0.0024323714301814096,5.246759677240405e-5
0.48,0.002447421417852919,6.0431263363452247e-5
0.481,0.002462506892960169,6.854517696140368e-5
0.482,0.0024776269810471386,7.681089577053643e-5
0.483,0.002492780786933424,8.522998427230088e-5
0.484,0.002507967394441758,9.380401310187092e-5
0.485,0.0025231858661236045,0.00010253455892085444
0.486,0.0025384352429828256,0.00011142320428609709
0.487,0.0025537145441974487,0.00012047153751451294
0.488,0.002569022766839533,0.0001296811525438748
0.489,0.0025843588855931627,0.0001390536487894962
0.49,0.0025997218524705665,0.00014859063099673602
0.491,0.0026151105965263894,0.00015829370908925636
0.492,0.0026305240235701293,0.0001681644980129629
0.493,0.002645961015876754,0.00017820461757555675
0.494,0.002661420431895516,0.00018841569228162562
0.495,0.0026769011059569873,0.00019879935116320127
0.496,0.002692401847978328,0.00020935722760570972
0.497,0.002707921443166813,0.0002200909591692395
0.498,0.0027234586517216387,0.00023100218740505264
0.499,0.002739012208534026,0.00024209255766726196
0.5,0.0027545808228856493,0.000253363718919598
0.501,0.0027701631781454116,0.00026481732353718704
0.502,0.0027857579314645923,0.0002764550271032619
0.503,0.002801363713470394,0.0002882784882007257
0.504,0.002816979127957913,0.0003002893681984882
0.505,0.002832602751580566,0.00031248933103249275
0.506,0.002848233133538997,0.0003248800429813524
0.507,0.002863868795268501,0.0003374631724365117
0.508,0.0028795082301249896,0.00035024038966684977
0.509,0.0028951499030695355,0.0003632133665776403
0.51,0.00291079225035153,0.0003763837764637826
0.511,0.0029264336791904847,0.0003897532937572165
0.512,0.0029420725674565184,0.000403323593768434
0.513,0.0029577072633495635,0.00041709635242199945
0.514,0.0029733360850773324,0.00043107324598598773
0.515,0.0029889573205320844,0.0004452559507952514
0.516,0.0030045692269662317,0.0004596461429684247
0.517,0.0030201700306668336,0.0004742454981185731
0.518,0.003035757926629015,0.0004890556910573942
0.519,0.003051331078228363,0.0005040783954928769
0.52,0.0030668876168923427,0.0005193152837203239
0.521,0.003082425641770783,0.0005347680263066412
0.522,0.0030979432194054852,0.0005504382917677981
0.523,0.0031134383833990023,0.0005663277462393598
0.524,0.0031289091340826426,0.0005824380531399951
0.525,0.003144353438183755,0.0005987708728278567
0.526,0.0031597692284923502,0.0006153278622497377
0.527,0.00317515440352712,0.000632110674582899
0.528,0.0031905068272009046,0.0006491209588694677
0.529,0.0032058243284856834,0.0006663603596433013
0.53,0.003221104701077142,0.0006838305165492157
0.531,0.003236345703058884,0.0007015330639544683
0.532,0.003251545056566355,0.0007194696305523939
0.533,0.0032667004474505497,0.0007376418389580825
0.534,0.003281809524941565,0.0007560513052959937
0.535,0.003296869901312082,0.0007746996387793965
0.536,0.0033118791515408443,0.0007935884412815257
0.537,0.003326834812976213,0.0008127193068983434
0.538,0.0033417343849998725,0.0008320938215027929
0.539,0.0033565753286907748,0.0008517135622904331
0.54,0.003371355066489398,0.0008715800973163386
0.541,0.003386070981862411,0.000891694985023151
0.542,0.003400720418967822,0.0009120597737601641
0.543,0.003415300682320713,0.0009326760012933293
0.544,0.0034298090364596402,0.0009535451943060586
0.545,0.003444242705613801,0.0009746688678907108
0.546,0.0034585988733710628,0.0009960485250306377
0.547,0.0034728746823469514,0.0010176856560726714
0.548,0.003487067233854701,0.0010395817381899303
0.549,0.003501173587576469,0.0010617382348348204
0.55,0.003515190761235823,0.001084156595182108
0.551,0.003529115730271609,0.0011068382535619414
0.552,0.003542945427513309,0.0011297846288826914
0.553,0.0035566767428580077,0.001152997124043488
0.554,0.003570306522949083,0.001176477125336323
0.555,0.003583831570856735,0.0012002260018375906
0.556,0.0035972486457604867,0.0012242451047889363
0.557,0.0036105544626337718,0.0012485357669672818
0.558,0.0036237456919307434,0.001273099302043898
0.559,0.0036368189592754356,0.0012979370039323873
0.56,0.0036497708451534074,0.0013230501461254482
0.561,0.003662597884606013,0.0013484399810202812
0.562,0.003675296566927435,0.001374107739232505
0.563,0.0036878633353646245,0.0014000546288984428
0.564,0.0037002945868203,0.001426281834965644
0.565,0.00371258667155915,0.0014527905184714993
0.566,0.003724735892917395,0.0014795818158098112
0.567,0.0037367385070158706,0.0015066568379851798
0.568,0.003748590722476787,0.0015340166698550606
0.569,0.0037602887001443332,0.00156166236935935
0.57,0.0037718285528092906,0.001589594966737361
0.571,0.003783206344937837,0.0016178154637320342
0.572,0.003794418092404704,0.0016463248327812483
0.573,0.003805459762230878,0.0016751240161960764
0.574,0.0038163272723260254,0.0017042139253258422
0.575,0.0038270164912358262,0.0017335954397098277
0.576,0.0038375232378944153,0.0017632694062154825
0.577,0.003847843281382121,0.0017932366381629814
0.578,0.003857972340688705,0.0018234979144359804
0.579,0.003867906084482306,0.0018540539785784184
0.58,0.0038776401308843016,0.0018849055378772068
0.581,0.0038871700472502923,0.0019160532624306564
0.582,0.003896491349957438,0.0019474977842024806
0.583,0.0039055995041983606,0.0019792396960612215
0.584,0.003914489923781848,0.002011279550804938
0.585,0.003923157970940583,0.0020436178601709962
0.586,0.0039315989561461515,0.002076255093830803
0.587,0.003939808137931547,0.0021091916783693185
0.588,0.003947780722721453,0.0021424279962491887
0.589,0.003955511864670523,0.0021759643847593275
0.59,0.003962996665509947,0.0022098011349477894
0.591,0.003970230174402545,0.002243938490538764
0.592,0.003977207387806676,0.0022783766468335233
0.593,0.003983923249349222,0.0023131157495951556
0.594,0.003990372649707956,0.002348155893916914
0.595,0.00399655042650354,0.002383497123074009
0.596,0.004002451364201492,0.002419139427358678
0.597,0.0040080701940243945,0.002455082742898344
0.598,0.00401340159387466,0.002491326950456708
0.599,0.004018440188268168,0.0025278718742175843
0.6,0.004023180548279096,0.002564717280551306
0.601,0.004027617191496265,0.0026018628767635237
0.602,0.0040317445819913434,0.002639308309826217
0.603,0.004035557130299245,0.0026770531650907366
0.604,0.004039049193411075,0.0027150969649826907
0.605,0.004042215074779975,0.0027534391676785025
0.606,0.00404504902434024,0.0027920791657634397
0.607,0.004047545238540076,0.002831016284870941
0.608,0.0040496978603883765,0.0028702497823030436
0.609,0.00405150097951592,0.002909778845631725
0.61,0.004052948632251367,0.0029496025912809686
0.611,0.004054034801712489,0.0029897200630893592
0.612,0.004054753417913016,0.0030301302308530123
0.613,0.004055098357885566,0.003070831988848646
0.614,0.0040550634458210505,0.0031118241543365956
0.615,0.004054642453225038,0.003153105466043566
0.616,0.004053829099091504,0.0031946745826249338
0.617,0.004052617050094456,0.0032365300811063864
0.618,0.004050999920797891,0.003278670455304696
0.619,0.004048971273884588,0.0033210941142274245
0.62,0.004046524620404224,0.0033637993804513525
0.621,0.004043653420041336,0.003406784488479417
0.622,0.004040351081403645,0.003450047583075955
0.623,0.004036610962331272,0.0034935867175800326
0.624,0.004032426370227411,0.003537399852196647
0.625,0.004027790562411007,0.0035814848522655873
0.626,0.004022696746492021,0.0036258394865077296
0.627,0.004017138080769862,0.003670461425248549
0.628,0.004011107674655609,0.0037153482386186247
0.629,0.004004598589118621,0.0037604973947309153
0.63,0.003997603837158181,0.003805906257834571
0.631,0.003990116384300826,0.003851572086445062
0.632,0.003982129149124015,0.003897492031450387
0.633,0.003973635003806845,0.0039436631341931245
0.634,0.0039646267747084855,0.003990082324528105
0.635,0.0039550972429750735,0.004036746418855452
0.636,0.003945039145175805,0.004083652118128758
0.637,0.003934445173968968,0.004130796005838159
0.638,0.003923307978798702,0.004178174545968053
0.639,0.003911620166623293,0.004225784080929228
0.64,0.0038993743026758095,0.0042736208294651455
0.641,0.0038865629112579255,0.004321680884532126
0.642,0.0038731784765678027,0.004369960211153195
0.643,0.003859213443562914,0.004418454644245329
0.644,0.0038446602188587304,0.004467159886419846
0.645,0.003829511171664203,0.0045160715057556864
0.646,0.0038137586347550146,0.004565184933545324
0.647,0.0037973949054855884,0.004614495462013042
0.648,0.003780412246840886,0.0046639982420053246
0.649,0.003762802888529038,0.0047136882806530864
0.65,0.003744559028115897,0.004763560439005486
0.651,0.0037256728322026264,0.004813609429635051
0.652,0.0037061364376474795,0.004863829814213858
0.653,0.0036859419528329405,0.004914216001060491
0.654,0.0036650814589794596,0.004964762242657514
0.655,0.0036435470115070323,0.005015462633139201
0.656,0.003621330641445918,0.005066311105749238
0.657,0.003598424356897836,0.005117301430268154
0.658,0.0035748201445490136,0.005168427210410195
0.659,0.0035505099712365065,0.005219681881189393
0.66,0.003525485785569258,0.005271058706254563
0.661,0.0034997395196054116,0.005322550775192969
0.662,0.0034732630905874276,0.005374151000802404
0.663,0.0034460484027366285,0.005425852116331433
0.664,0.0034180873491088267,0.005477646672687551
0.665,0.003389371813512753,0.0055295270356130145
0.666,0.0033598936724930683,0.005581485382828106
0.667,0.0033296447973797812,0.005633513701141606
0.668,0.003298617056405976,0.00568560378352825
0.669,0.003266802316895799,0.005737747226172956
0.67,0.0032341924475247407,0.005789935425481612
0.671,0.0032007793206542917,0.005842159575058253
0.672,0.0031665548147431495,0.005894410662648418
0.673,0.0031315108168372074,0.005946679467048544
0.674,0.0030956392251406447,0.005998956554981235
0.675,0.00305893195167051,0.006051232277936281
0.676,0.003021380924997281,0.006103496768977298
0.677,0.0029829780930739655,0.006155739939513918
0.678,0.0029437154261563944,0.006207951476039427
0.679,0.002903584919817462,0.006260120836833842
0.68,0.0028625785980581522,0.006312237248632378
0.681,0.002820688516518301,0.006364289703259336
0.682,0.0027779067657901463,0.006416266954227448
0.683,0.0027342254748378182,0.006468157513302772
0.684,0.002689636814526046,0.006519949647035242
0.685,0.002644133001261469,0.006571631373255051
0.686,0.0025977063007500568,0.006623190457535074
0.687,0.002550349031874278,0.006674614409619595
0.688,0.002502053570693776,0.006725890479819641
0.689,0.0024528123545734556,0.006777005655375324
0.69,0.002402617886443021,0.006827946656785611
0.691,0.002351462739192138,0.006878699934106039
0.692,0.0022993395602055678,0.006929251663214973
0.693,0.0022462410760427493,0.006979587742049054
0.694,0.0021921600972664877,0.007029693786808613
0.695,0.002137089523425553,0.007079555128133891
0.696,0.0020810223481961872,0.007129156807253027
0.697,0.0020239516646876708,0.007178483572102864
0.698,0.0019658706709173033,0.00722751987342378
0.699,0.0019067726754603267,0.007276249860829829
0.7,0.0018466511032805269,0.007324657378855648
0.701,0.0017854995017474343,0.007372725962981743
0.702,0.0017233115468462696,0.007420438835639871
0.703,0.0016600810495869768,0.007467778902200476
0.704,0.0015958019626189153,0.007514728746944259
0.705,0.0015304683870580032,0.00756127062902019
0.706,0.0014640745795333355,0.007607386478392472
0.707,0.0013966149594605386,0.007653057891779177
0.708,0.0013280841165493659,0.007698266128585537
0.709,0.0012584768185532852,0.0077429921068351
0.71,0.001187788019269068,0.007787216399102255
0.711,0.0011160128667946452,0.007830919228449916
0.712,0.0010431467120537636,0.00787408046437645
0.713,0.0009691851175962443,0.007916679618776309
0.714,0.0008941238666829218,0.00795869584191909
0.715,0.0008179589726646192,0.008000107918452267
0.716,0.0007406866886648002,0.00804089426343307
0.717,0.0006623035175758226,0.008081032918395563
0.718,0.0005828062223790112,0.008120501547459318
0.719,0.0005021918367990525,0.00815927743348664
0.72,0.00042045767630351493,0.008197337474295774
0.721,0.0003376013494585835,0.00823465817893806
0.722,0.000253620769652396,0.00827121566404763
0.723,0.00016851416719765644,0.008306985650272804
0.724,8.228010182549176e-5,0.00834194345879901
0.725,-5.082524417199209e-6,0.008376064007973789
0.726,-9.3574453854374e-5,0.008409321810045082
0.727,-0.00018319605943865075,0.008441690968024884
0.728,-0.0002739473305672227,0.00847314517269108
0.729,-0.0003658278584425643,0.0085036576997412
0.73,-0.0004588368209643705,0.008533201407112733
0.731,-0.0005529729671389448,0.008561748732485601
0.732,-0.0006482346009920459,0.00858927169098342
0.733,-0.0007446195649710148,0.00861574187309129
0.734,-0.00084212522282184,0.008641130442808927
0.735,-0.0009407484419266855,0.00866540813605922
0.736,-0.0010404855750872969,0.008688545259373525
0.737,-0.0011413324417396296,0.008710511688876325
0.738,-0.0012432843085850146,0.008731276869593334
0.739,-0.0013463358696231813,0.008750809815108531
0.74,-0.0014504812255725205,0.008769079107597194
0.741,-0.0015557138626630792,0.00878605289826362
0.742,-0.0016620266307879562,0.008801698908213876
0.743,-0.0017694117209989945,0.008815984429795741
0.744,-0.001877860642332989,0.00882887632843985
0.745,-0.001987364197955003,0.008840341045037942
0.746,-0.002097912460605874,0.008850344598896226
0.747,-0.0022094947473415595,0.00885885259130388
0.748,-0.002322099593552632,0.008865830209759003
0.749,-0.002435714726253055,0.00887124223289654
0.75,-0.0025503270366282462,0.008875053036165117
0.751,-0.00266592255183351,0.008877226598302158
0.752,-0.002782486406035099,0.008877726508659246
0.753,-0.002900002810687513,0.008876515975432262
0.754,-0.0030184550240421708,0.008873557834853597
0.755,-0.0031378253198842904,0.008868814561406523
0.756,-0.003258094955496706,0.008862248279124685
0.757,-0.003379244138851473,0.008853820774042622
0.758,-0.0035012519950324414,0.008843493507866238
0.759,-0.003624096531894577,0.008831227632935276
0.76,-0.0037477546049686336,0.008816984008552917
0.761,-0.0038722018816229223,0.008800723218760857
0.762,-0.003997412804497327,0.008782405591641422
0.763,-0.004123360554228469,0.008761991220231548
0.764,-0.004250017011488974,0.00873943998513665
0.765,-0.004377352718368233,0.008714711578935717
0.766,-0.004505336839126852,0.008687765532472184
0.767,-0.004633937120362169,0.008658561243128268
0.768,-0.004763119850627849,0.008627058005183631
0.769,-0.004892849819556603,0.008593215042362243
0.77,-0.005023090276541609,0.008556991542674208
0.771,-0.0051538028890391885,0.008518346695662099
0.772,-0.005284947700562793,0.008477239732163919
0.773,-0.005416483088446374,0.00843362996670717
0.774,-0.005548365721463761,0.008387476842650577
0.775,-0.005680550517399761,0.00833873998019186
0.776,-0.005812990600678428,0.008287379227361334
0.777,-0.0059456372601641464,0.00823335471412216
0.778,-0.006078439907262121,0.008176626909698658
0.779,-0.006211346034456276,0.00811715668325409
0.78,-0.006344301174434683,0.008054905368038816
0.781,-0.006477248859965353,0.007989834829128453
0.782,-0.006610130584698512,0.007921907534869788
0.783,-0.006742885765085415,0.007851086632149343
0.784,-0.00687545170361827,0.007777336025595879
0.785,-0.007007763553610904,0.0077006204608234385
0.786,-0.007139754285755427,0.007620905611815761
0.787,-0.007271354656706295,0.007538158172545993
0.788,-0.007402493179959723,0.007452345952917382
0.789,-0.007533096099313431,0.007363437979101038
0.79,-0.00766308736520901,0.007271404598335732
0.791,-0.0077923886142767795,0.007176217588241998
0.792,-0.007920919152420821,0.0070778502706883495
0.793,-0.00804859594179961,0.006976277630231177
0.794,-0.00817533359207552,0.006871476437131659
0.795,-0.008301044356324012,0.006763425374932793
0.796,-0.008425638132010516,0.006652105172557195
0.797,-0.008549022467459776,0.006537498740861673
0.798,-0.008671102574258417,0.006419591313557544
0.799,-0.008791781346046508,0.006298370592376209
0.8,-0.008910959384167912,0.006173826896327527
0.801,-0.009028535030661686,0.006045953314864006
0.802,-0.009144404409087661,0.005914745864726686
0.803,-0.00925846147368826,0.005780203650208832
0.804,-0.009370598067395165,0.005642329026531141
0.805,-0.00948070398919358,0.005501127765977186
0.806,-0.009588667071357797,0.005356609226390296
0.807,-0.009694373267069602,0.005208786521583045
0.808,-0.009797706748925111,0.005057676693158241
0.809,-0.00989855001882562,0.004903300883185855
0.81,-0.00999678402973355,0.004745684507123876
0.811,-0.0100922883197552,0.00458485742631306
0.812,-0.010184941158987418,0.004420854119316075
0.813,-0.010274619709534909,0.004253713851311124
0.814,-0.010361200199068553,0.004083480840689168
0.815,-0.010444558108252292,0.003910204421942805
0.816,-0.010524568372316578,0.0037339392038743266
0.817,-0.010601105596999694,0.0035547452220910224
0.818,-0.010674044289014339,0.0033726880846981296
0.819,-0.010743259101125323,0.003187839110044723
0.82,-0.010808625091845,0.0030002754553260513
0.821,-0.010870017999666158,0.0028100802347982476
0.822,-0.010927314531657331,0.002617342626318915
0.823,-0.010980392666143162,0.002422157964890725
0.824,-0.011029131969082649,0.0022246278218559295
0.825,-0.011073413923641256,0.002024860068368584
0.826,-0.011113122272329272,0.001822968921759359
0.827,-0.011148143370949203,0.0016190749734061507
0.828,-0.011178366553460073,0.001413305196733358
0.829,-0.011203684506727058,0.0012057929339846243
0.83,-0.011223993653982045,0.0009966778604491005
0.831,-0.011239194545675636,0.0007861059248707226
0.832,-0.011249192256255139,0.0005742292648344332
0.833,-0.011253896785257636,0.00036120609600343083
0.834,-0.011253223460964091,0.0001472005741779378
0.835,-0.011247093344721197,-6.761737074093886e-5
0.836,-0.011235433633904359,-0.00028307222966872435
0.837,-0.011218178061369719,-0.0004989831387760957
0.838,-0.011195267289127554,-0.000715164133924528
0.839,-0.011166649293865849,-0.0009314244353955045
0.84,-0.011132279741863552,-0.0011475687630146023
0.841,-0.011092122350759858,-0.0013633976815622228
0.842,-0.011046149235591374,-0.0015787079761400932
0.843,-0.010994341236474598,-0.001793293056928524
0.844,-0.010936688225299229,-0.0020069433925256814
0.845,-0.010873189388809648,-0.002219446970808988
0.846,-0.010803853485489309,-0.0024305897860026917
0.847,-0.010728699073726642,-0.00264015635037731
0.848,-0.010647754708832594,-0.0028479302287490425
0.849,-0.010561059106599484,-0.00305369459369344
0.85,-0.010468661271238746,-0.003257232799140906
0.851,-0.010370620585711077,-0.0034583289697853667
0.852,-0.010267006862665944,-0.0036567686035150863
0.853,-0.010157900354437172,-0.0038523391838695365
0.854,-0.010043391720795986,-0.0040448307993417925
0.855,-0.009923581953440298,-0.0042340367661853305
0.856,-0.009798582256496963,-0.0044197542512503145
0.857,-0.009668513882629124,-0.004601784891270246
0.858,-0.009533507924670642,-0.0047799354049476
0.859,-0.009393705063050026,-0.004954018194148792
0.86,-0.009249255269613878,-0.005123851930516103
0.861,-0.009100317468809871,-0.005289262123838104
0.862,-0.00894705915753813,-0.005450081668591257
0.863,-0.008789655985322517,-0.005606151365173722
0.864,-0.008628291296785866,-0.0057573204124974344
0.865,-0.008463155638731049,-0.0059034468687850445
0.866,-0.008294446234428644,-0.006044398077632802
0.867,-0.008122366427988215,-0.006180051056646469
0.868,-0.007947125101939788,-0.006310292846232286
0.869,-0.007768936071371908,-0.006435020816425661
0.87,-0.007588017458159781,-0.0065541429299628565
0.871,-0.0074045910489689,-0.006667577960141685
0.872,-0.0072188816408346205,-0.006775255662371798
0.873,-0.007031116378194788,-0.006877116898679025
0.874,-0.006841524085290266,-0.00697311371479696
0.875,-0.006650334597846809,-0.007063209369847881
0.876,-0.0064577780979116544,-0.00714737831897964
0.877,-0.006264084455640626,-0.007225606149680924
0.878,-0.006069482581717872,-0.007297889472840001
0.879,-0.0058741997939428595,-0.007364235769937939
0.88,-0.005678461201340389,-0.00742466319807249
0.881,-0.005482489108942124,-0.007479200354790429
0.882,-0.005286502446155827,-0.007527886004961178
0.883,-0.005090716221384582,-0.007570768772150829
0.884,-0.00489534100528663,-0.007607906797151478
0.885,-0.004700582444780856,-0.007639367366484728
0.886,-0.004506640809607382,-0.007665226513829648
0.887,-0.0043137105729509715,-0.007685568597424058
0.888,-0.004121980027331014,-0.007700485856554125
0.889,-0.003931630936659124,-0.0077100779502813355
0.89,-0.0037428382250675987,-0.007714451481559373
0.891,-0.003555769702822084,-0.007713719509867483
0.892,-0.00337058582935291,-0.0077080010554335205
0.893,-0.003187439513174121,-0.0076974205980411
0.894,-0.003006475948209585,-0.007682107573313376
0.895,-0.002827832485813565,-0.007662195869243511
0.896,-0.0026516385415603382,-0.007637823325601434
0.897,-0.002478015535684957,-0.007609131238690694
0.898,-0.0023070768658859713,-0.007576263873760817
0.899,-0.002138927911051251,-0.007539367987202223
0.9,-0.0019736660643401606,-0.007498592360465073
0.901,-0.001811380793949102,-0.007454087347452863
0.902,-0.001652153729802409,-0.007406004436948632
0.903,-0.0014960587743461195,-0.007354495831438398
0.904,-0.0013431622355773842,-0.007299714043505024
0.905,-0.0011935229804161593,-0.00724181151077795
0.906,-0.0010471926065171767,-0.007180940230241744
0.907,-0.0009042156306276773,-0.0071172514125306926
0.908,-0.0007646296916186682,-0.00705089515666889
0.909,-0.0006284657663530385,-0.006982020145556476
0.91,-0.000495748396601297,-0.0069107733623537
0.911,-0.0003664959252734907,-0.00683729982777593
0.912,-0.00024072074030254608,-0.006761742358185006
0.913,-0.00011842952458845213,-0.006684241344245819
0.914,3.764895070417315e-7,-0.00660493454981166
0.915,0.00011570126254048212,-0.006523956930607816
0.916,0.00022755368857818988,-0.0064414404721998934
0.917,0.00033594733524481847,-0.006357514046661155
0.918,0.0004409001843822977,-0.0062723032872914085
0.919,0.000542434374379734,-0.006185930480688313
0.92,0.0006405759451425914,-0.006098514475429724
0.921,0.0007353545865784868,-0.0060101706065925475
0.922,0.0008268033913878766,-0.005921010635308684
0.923,0.0009149586128613668,-0.0058311427025416526
0.924,0.0009998594283018407,-0.005740671296257515
0.925,0.0010815477086094773,-0.005649697231160376
0.926,0.001160067794491345,-0.005558317640165184
0.927,0.0012354662796848714,-0.005466625976788342
0.928,0.0013077918015162713,-0.005374712027649008
0.929,0.0013770948390511126,-0.005282661934290479
0.93,0.0014434275190346442,-0.0051905582235510445
0.931,0.0015068434297643605,-0.005098479845736709
0.932,0.0015673974429864612,-0.005006502219873667
0.933,0.0016251455438613539,-0.0049146972853459665
0.934,0.0016801446690010216,-0.004823133559252952
0.935,0.0017324525525428166,-0.004731876198851438
0.936,0.0017821275801899025,-0.004640987068478787
0.937,0.0018292286511179742,-0.00455052481038487
0.938,0.0018738150476208658,-0.004460544918932844
0.939,0.0019159463123440187,-0.004371099817660754
0.94,0.001955682132934323,-0.004282238938727652
0.941,0.0019930822339173705,-0.0041940088042993285
0.942,0.002028206275598457,-0.004106453109459425
0.943,0.0020611137597715563,-0.004019612806261656
0.944,0.0020918639420107275,-0.003933526188567995
0.945,0.002120515750310869,-0.0038482289773457547
0.946,0.0021471277098391484,-0.0037637544061235708
0.947,0.002171757873554671,-0.003680133306332228
0.948,0.002194463758451828,-0.003597394192281053
0.949,0.002215302287182089,-0.003515563345544171
0.95,0.002234329734809664,-0.0034346648985533156
0.951,0.002251601680458247,-0.0033547209172150047
0.952,0.0022671729636089006,-0.0032757514823898745
0.953,0.002281097644812833,-0.00319777477009066
0.954,0.0022934289705873303,-0.003120807130272908
0.955,0.002304219342268222,-0.003044863164108875
0.956,0.0023135202885979844,-0.002969955799650361
0.957,0.0023213824418347054,-0.002896096365800404
0.958,0.0023278555171736956,-0.0028232946645268984
0.959,0.0023329882952803313,-0.0027515590412633306
0.96,0.0023368286077397635,-0.0026808964534529834
0.961,0.0023394233252363355,-0.002611312537203197
0.962,0.0023408183482828567,-0.00254281167202565
0.963,0.0023410586003272224,-0.0024753970436471435
0.964,0.0023401880230712584,-0.002409070704883146
0.965,0.002338249573843966,-0.0023438336345733375
0.966,0.002335285224878625,-0.0022796857945847487
0.967,0.002331335964350363,-0.0022166261848937286
0.968,0.002326441799037832,-0.0021546528967630583
0.969,0.002320641758479528,-0.0020937631640350046
0.97,0.0023139739005020084,-0.002033953412565099
0.971,0.002306475318003811,-0.0019752193078248852
0.972,0.002298182146885213,-0.001917555800704915
0.973,0.0022891295750201456,-0.0018609571715518902
0.974,0.0022793518521724873,-0.0018054170724760596
0.975,0.0022688823007647047,-0.0017509285679668586
0.976,0.0022577533274123025,-0.0016974841738563325
0.977,0.002245996435142847,-0.0016450758946711303
0.978,0.0022336422362233665,-0.001593695259414841
0.979,0.002220720465524808,-0.0015433333558231902
0.98,0.0022072599943568382,-0.0014939808631351222
0.981,0.0021932888447106997,-0.0014456280834231202
0.982,0.002178834203852039,-0.0013982649715262457
0.983,0.002163922439209616,-0.001351881163629363
0.984,0.0021485791135096083,-0.001306466004531841
0.985,0.002132829000108822,-0.0012620085736487312
0.986,0.002116696098483532,-0.001218497709787012
0.987,0.0021002036498339064,-0.0011759220347389806
0.988,0.002083374152767018,-0.0011342699757342805
0.989,0.0020662293790243277,-0.0010935297867913796
0.99,0.002048790389222236,-0.0010536895690085803
0.991,0.0020310775485768684,-0.0010147372898338535
0.992,0.00201311054258665,-0.000976660801351952
0.993,0.0019949083926484997,-0.0009394478576263816
0.994,0.0019764894715855992,-0.0009030861311329049
0.995,0.001957871519066668,-0.0008675632283203259
0.996,0.0019390716568985667,-0.0008328667043333476
0.997,0.001920106404175773,-0.0007989840769313419
0.998,0.0019009916922719291,-0.0007659028396358957
0.999,0.0018817428796601683,-0.0007336104741390283
1.0,0.001862374766550365,-0.0007020944620029985
1.001,0.0018429016093327705,-0.000671342295681653
1.002,0.0018233371348187386,-0.0006413414888923012
1.003,0.0018036945542703874,-0.0006120795863661506
1.004,0.0017839865772121184,-0.0005835441730043902
1.005,0.0017642254250178969,-0.0005557228824660848
1.006,0.0017444228442691234,-0.000528603405213122
1.007,0.0017245901198787645,-0.0005021734960365618
1.008,0.0017047380879782097,-0.00047642098108785676
1.009,0.0016848771485640345,-0.00045133376443754657
1.01,0.0016650172779025228,-0.00042689983418319545
1.011,0.0016451680406904172,-0.0004031072681275141
1.012,0.0016253386019709289,-0.0003799442390468123
1.013,0.0016055377388045561,-0.00035739901956914665
1.014,0.001585773851694739,-0.00033545998668077384
1.015,0.0015660549757688033,-0.00031411562587878235
1.016,0.0015463887917150539,-0.0002933545349870635
1.017,0.0015267826364772229,-0.0002731654276520921
1.018,0.0015072435137078169,-0.00025353713653431507
1.019,0.0014877781039821952,-0.00023445861621030175
1.02,0.0014683927747754777,-0.0002159189458001791
1.021,0.001449093590204625,-0.00019790733133427324
1.022,0.001429886320538241,-0.0001804131078722914
1.023,0.001410776451476843,-0.00016342574138781464
1.024,0.0013917691932065156,-0.00014693483043032828
1.025,0.0013728694892290068,-0.00013093010757649092
1.026,0.0013540820249714623,-0.00011540144068183829
1.027,0.0013354112361791068,-0.00010033883394363064
1.028,0.0013168613170942717,-8.573242878508456e-5
1.029,0.001298436228425264,-7.157250457077821e-5
1.03,0.0012801397051086254,-5.784947916258646e-5
1.031,0.0012619752638684037,-4.4553909325084515e-5
1.032,0.0012439462105760903,-3.167649098895914e-5
1.033,0.0012260556474149198,-1.9208059380580903e-5
1.034,0.0012083064798522542,-7.13958902552208e-6
1.035,0.0011907014234237825,4.5378063665501975e-6
1.036,0.0011732430103332866,1.583287412851606e-5
1.037,0.0011559335958717123,2.675422296721747e-5
1.038,0.001138775364659291,3.731032339319538e-5
1.039,0.0011217703367144348,4.750950824260008e-5
1.04,0.0011049203733531174,5.7359973285412846e-5
1.041,0.0010882271829224272,6.686977791439302e-5
1.042,0.0010716923263719524,7.604684590942874e-5
1.043,0.0010553172226666291,8.489896627222272e-5
1.044,0.001039103154044641,9.343379412648678e-5
1.045,0.0010230512711239326,0.00010165885167905087
1.046,0.0010071625978608464,0.0001095815292375146
1.047,0.0009914380363643539,0.00011720908628028169
1.048,0.0009758783715693088,0.0001245486525750213
1.049,0.0009604842757720948,0.0001316072293417948
1.05,0.0009452563130319979,0.0001383916904572727
1.051,0.0009301949434415766,0.0001449087836966445
1.052,0.000915300527269254,0.00015116513200999406
1.053,0.0009005733289773019,0.0001571672348300769
1.054,0.0008860135211183293,0.00016292146940859008
1.055,0.0008716211881133401,0.00016843409217817473
1.056,0.0008573963299143588,0.00017371124013753364
1.057,0.0008433388655545776,0.00017875893225718098
1.058,0.0008294486365889135,0.0001835830709034725
1.059,0.000815725410427814,0.0001881894432786866
1.06,0.0008021688835670882,0.00019258372287504663
1.061,0.0007887786847164897,0.00019677147094068642
1.062,0.000775554377829716,0.0002007581379556699
1.063,0.0007624954650384369,0.0002045490651162779
1.064,0.0007496013894929076,0.00020814948582587362
1.065,0.0007368715381116681,0.00021156452719075264
1.066,0.0007243052442427743,0.0002147992115194718
1.067,0.0007119017902389533,0.00021785845782423745
1.068,0.0006996604099490225,0.00022074708332301473
1.069,0.0006875802911278581,0.0002234698049410972
1.07,0.000675660577767146,0.00022603124081095008
1.071,0.0006639003723490991,0.00022843591176921138
1.072,0.0006522987380252707,0.00023068824284980192
1.073,0.0006408547007225476,0.00023279256477216014
1.074,0.0006295672511783526,0.00023475311542367797
1.075,0.0006184353469070423,0.00023657404133547308
1.076,0.0006074579140994366,0.00023825939915068757
1.077,0.0005966338494573656,0.000239813157084557
1.078,0.0005859620219650819,0.00024123919637554262
1.079,0.0005754412745993327,0.00024254131272686936
1.08,0.0005650704259798469,0.00024372321773785623
1.081,0.0005548482719619466,0.00024478854032447
1.082,0.0005447735871729505,0.00024574082812857455
1.083,0.0005348451264939948,0.0002465835489153866
1.084,0.0005250616264888563,0.0002473200919586874
1.085,0.0005154218067813201,0.00024795376941337435
1.086,0.0005059243713825997,0.0002484878176749706
1.087,0.0004965680099702734,0.0002489253987257431
1.088,0.0004873513991201659,0.00024926960146711026
1.089,0.0004782732034925685,0.0002495234430380482
1.09,0.00046933207697415045,0.00024968987011923414
1.091,0.0004605266637768848,0.00024977176022268914
1.092,0.00045185559949527165,0.00024977192296671004
1.093,0.0004433175121231127,0.00024969310133590077
1.094,0.0004349110230310547,0.00024953797292613856
1.095,0.00042663474790608896,0.0002493091511743297
1.096,0.000418487297654162,0.0002490091865728304
1.097,0.0004104672792670218,0.00024864056786842677
1.098,0.0004025732966543932,0.0002482057232457871
1.099,0.0003948039514425484,0.0002477070214953142
1.1,0.0003871578437403077,0.0002471467731653451
1.101,0.00037963357287348025,0.00024652723169865675
1.102,0.0003722297380887236,0.00024585059455325427
1.103,0.0003649449392277788,0.00024511900430742895
1.104,0.0003577777773730073,0.0002443345497490882
1.105,0.0003507268554651339,0.0002434992669493701
1.106,0.0003437907788940731,0.00024261514032056775
1.107,0.000336968156063694,0.000241684103658398
1.108,0.0003302575989313523,0.0002407080411686611
1.109,0.0003236577235229991,0.00023968878847834484
1.11,0.0003171671504246503,0.00023862813363123805
1.111,0.00031078450525098014,0.0002375278180681248
1.112,0.0003045084190917811,0.00023638953759163914
1.113,0.00029833752893701113,0.0002352149433158681
1.114,0.00029227047808113,0.0002340056426007963
1.115,0.0002863059165074045,0.00023276319997169267
1.116,0.00028044250125284657,0.0002314891380235456
1.117,0.0002746788967544263,0.00023018493831065826
1.118,0.0002690137751771856,0.00022885204222152105
1.119,0.00026344581672485984,0.00022749185183908228
1.12,0.00025797370993359714,0.00022610573078654406
1.121,0.00025259615194934927,0.00022469500505881243
1.122,0.0002473118487894899,0.0002232609638397363
1.123,0.0002421195155892023,0.00022180486030527196
1.124,0.0002370178768331598,0.0002203279124127138
1.125,0.00023200566657301106,0.00021883130367613408
1.126,0.00022708162863116382,0.00021731618392817784
1.127,0.00022224451679134853,0.00021578367006836087
1.128,0.00021749309497642863,0.00021423484679802094
1.129,0.00021282613741391044,0.00021267076734207452
1.13,0.00020824242878959276,0.00021109245415773235
1.131,0.00020374076438978272,0.00020950089963032932
1.132,0.0001993199502324926,0.00020789706675642498
1.133,0.00019497880318801916,0.00020628188981433202
1.134,0.00019071615108929627,0.00020465627502223114
1.135,0.00018653083283239863,0.00020302110118403154
1.136,0.00018242169846756416,0.00020137722032313634
1.137,0.00017838760928109136,0.0001997254583042734
1.138,0.00017442743786845675,0.0001980666154435514
1.139,0.00017054006819898772,0.0001964014671069023
1.14,0.00016672439567241574,0.00019473076429706986
1.141,0.0001629793271676248,0.00019305523422930558
1.142,0.00015930378108390084,0.00019137558089593124
1.143,0.0001556966873749779,0.00018969248561992897
1.144,0.00015215698757616868,0.00018800660759771734
1.145,0.0001486836348248569,0.00018631858443127303
1.146,0.00014527559387462194,0.00018462903264975634
1.147,0.00014193184110325652,0.00018293854822079797
1.148,0.00013865136451493053,0.00018124770705160414
1.149,0.00013543316373674675,0.00017955706548003627
1.15,0.00013227625000992554,0.00017786716075582012
1.151,0.00012917964617584855,0.00017617851151203865
1.152,0.000126142386657185,0.0001744916182270619
1.153,0.0001231635174343151,0.0001728069636770661
1.154,0.00012024209601726072,0.00017112501337929255
1.155,0.0001173771914133246,0.00016944621602619632
1.156,0.00011456788409063432,0.00016777100391063355
1.157,0.00011181326593778015,0.00016609979334223415
1.158,0.00010911244021973033,0.00016443298505510617
1.159,0.00010646452153020081,0.00016277096460701657
1.16,0.00010386863574065119,0.00016111410277019122
1.161,0.00010132391994607254,0.00015946275591387647
1.162,9.882952240772775e-5,0.0001578172663788025
1.163,9.638460249299926e-5,0.00015617796284368726
1.164,9.398833061249435e-5,0.0001545451606839187
1.165,9.16398881545527e-5,0.00015291916232255124
1.166,8.933846741729636e-5,0.00015130025757375084
1.167,8.708327153835748e-5,0.00014968872397882162
1.168,8.487351442241444e-5,0.00014808482713494546
1.169,8.27084206666626e-5,0.00014648882101676443
1.17,8.05872254843417e-5,0.00014490094829093422
1.171,7.850917462643738e-5,0.00014332144062377517
1.172,7.647352430167076e-5,0.00014175051898214616
1.173,7.447954109488537e-5,0.00014018839392766473
1.174,7.252650188393737e-5,0.00013863526590439533
1.175,7.06136937551911e-5,0.00013709132552012604
1.176,6.87404139177183e-5,0.00013555675382135237
1.177,6.690596961629597e-5,0.00013403172256208526
1.178,6.510967804329414e-5,0.00013251639446659887
1.179,6.335086624954182e-5,0.0001310109234862319
1.18,6.16288710542561e-5,0.0001295154550503547
1.181,5.994303895411589e-5,0.00012803012631161308
1.182,5.8292726031559414e-5,0.0001265550663855578
1.183,5.667729786238089e-5,0.00012509039658476713
1.184,5.509612942269964e-5,0.00012363623064756883
1.185,5.354860499537163e-5,0.00012219267496146533
1.186,5.2034118075910964e-5,0.00012075982878136563
1.187,5.0552071277986246e-5,0.0001193377844427246
1.188,4.910187623855411e-5,0.00011792662756968977
1.189,4.7682953522689885e-5,0.00011652643727835362
1.19,4.629473252817288e-5,0.00011513728637520811
1.191,4.4936651389881573e-5,0.00011375924155089665
1.192,4.360815688405165e-5,0.00011239236356935704
1.193,4.230870433244775e-5,0.00011103670745244768
1.194,4.1037757506497734e-5,0.0001096923226601477
1.195,3.9794788531436055e-5,0.00010835925326642012
1.196,3.857927779050115e-5,0.00010703753813082611
1.197,3.739071382922956e-5,0.00010572721106597625
1.198,3.622859325988782e-5,0.0001044283010009042
1.199,3.5092420666081486e-5,0.00010314083214044582
1.2,3.398170850757846e-5,0.00010186482412070623
1.201,3.2895977025382815e-5,0.00010060029216069526
1.202,3.183475414709302e-5,9.934724721021073e-5
1.203,3.079757539257734e-5,9.810569609404767e-5
1.204,2.9783983779997484e-5,9.687564165261003e-5
1.205,2.879352973221011e-5,9.565708287900015e-5
1.206,2.7825770983574467e-5,9.445001505266025e-5
1.207,2.6880272487192973e-5,9.325442986963849e-5
1.208,2.595660632261025e-5,9.207031556955106e-5
1.209,2.505435160399488e-5,9.089765705931078e-5
1.21,2.4173094388826806e-5,8.973643603369068e-5
1.211,2.3312427587112252e-5,8.858663109279076e-5
1.212,2.2471950871146685e-5,8.744821785647413e-5
1.213,2.1651270585845427e-5,8.632116907583809e-5
1.214,2.0849999659660233e-5,8.520545474178392e-5
1.215,2.0067757516099313e-5,8.410104219074879e-5
1.216,1.9304169985867057e-5,8.300789620766125e-5
1.217,1.8558869219638934e-5,8.192597912618109e-5
1.218,1.7831493601485934e-5,8.085525092628318e-5
1.219,1.7121687662962144e-5,7.979566932924363e-5
1.22,1.642910199786808e-5,7.874718989008575e-5
1.221,1.5753393177701578e-5,7.770976608754188e-5
1.222,1.5094223667807255e-5,7.668334941158666e-5
1.223,1.445126174423473e-5,7.566788944859547e-5
1.224,1.382418141131504e-5,7.466333396418168e-5
1.225,1.3212662319963974e-5,7.366962898376443e-5
1.226,1.261638968672032e-5,7.268671887091836e-5
1.227,1.2035054213526352e-5,7.171454640355527e-5
1.228,1.1468352008257237e-5,7.075305284798707e-5
1.229,1.0915984506005377e-5,6.980217803091813e-5
1.23,1.0377658391125142e-5,6.886186040941433e-5
1.231,9.853085520042847e-6,6.793203713889534e-5
1.232,9.341982844836222e-6,6.701264413919538e-5
1.233,8.84407233758718e-6,6.610361615873719e-5
1.234,8.359080915511061e-6,6.520488683686295e-5
1.235,7.886740366865114e-6,6.43163887643647e-5
1.236,7.426787277638449e-6,6.343805354225663e-5
1.237,6.978962959025267e-6,6.256981183883004e-5
1.238,6.5430133756827e-6,6.171159344503147e-5
1.239,6.118689074774191e-6,6.08633273282035e-5
1.24,5.705745115798944e-6,6.0024941684226764e-5
1.241,5.3039410012075605e-6,5.9196363988101365e-5
1.242,4.913040607803616e-6,5.837752104300457e-5
1.243,4.532812118930595e-6,5.756833902786141e-5
1.244,4.163027957443208e-6,5.676874354346361e-5
1.245,3.8034647194618508e-6,5.5978659657172024e-5
1.246,3.4539031089086062e-6,5.519801194623653e-5
1.247,3.1141278728228945e-6,5.4426724539767006e-5
1.248,2.783927737454624e-6,5.366472115938818e-5
1.249,2.463095345132384e-6,5.2911925158610435e-5
1.25,2.151427191903978e-6,5.216825956094797e-5
1.251,1.8487235659463497e-6,5.1433647096815246e-5
1.252,1.5547884867417138e-6,5.0708010239231666e-5
1.253,1.2694296450164735e-6,4.999127123836412e-5
1.254,9.924583434393035e-7,4.928335215493625e-5
1.255,7.236894380745642e-7,4.8584174892532654e-5
1.256,4.6294128058702726e-7,4.789366122882573e-5
1.257,2.1003566119370344e-7,4.7211732845752235e-5
1.258,-3.5202247641606125e-8,4.6538311358666016e-5
1.259,-2.7294394677557775e-7,4.587331834449285e-5
1.26,-5.033576652191528e-7,4.521667536891281e-5
1.261,-7.266084142426893e-7,4.456830401259486e-5
1.262,-9.428580407574611e-7,4.392812589650806e-5
1.263,-1.1522652799786177e-6,4.3296062706333066e-5
1.264,-1.3549858073748411e-6,4.2672036215997195e-5
1.265,-1.5511722899100471e-6,4.2055968310355736e-5
1.266,-1.740974436582591e-6,4.144778100704174e-5
1.267,-1.924539048267532e-6,4.0847396477506056e-5
1.268,-2.1020100668676123e-6,4.025473706726882e-5
1.269,-2.2735286237786787e-6,3.966972531540321e-5
1.27,-2.4392330876753768e-6,3.909228397327168e-5
1.271,-2.5992591116229998e-6,3.8522336022534804e-5
1.272,-2.7537396795214623e-6,3.795980469245179e-5
1.273,-2.9028051518874137e-6,3.740461347649192e-5
1.274,-3.046583310980581e-6,3.685668614827538e-5
1.275,-3.1851994052804703e-6,3.631594677686161e-5
1.276,-3.3187761933196103e-6,3.578231974140288e-5
1.277,-3.447433986879559e-6,3.525572974518053e-5
1.278,-3.571290693555938e-6,3.473610182904063e-5
1.279,-3.690461858698782e-6,3.422336138424575e-5
1.28,-3.8050607067345404e-6,3.3717434164758916e-5
1.281,-3.91519818187606e-6,3.321824629897561e-5
1.282,-4.020982988226934e-6,3.27257243009192e-5
1.283,-4.122521629286595e-6,3.223979508091479e-5
1.284,-4.219918446862546e-6,3.176038595575646e-5
1.285,-4.313275659396155e-6,3.1287424658381946e-5
1.286,-4.402693399708406e-6,3.082083934706907e-5
1.287,-4.4882697521720394e-6,3.0360558614167466e-5
1.288,-4.570100789316492e-6,2.9906511494379124e-5
1.289,-4.648280607872058e-6,2.9458627472600664e-5
1.29,-4.722901364259672e-6,2.9016836491340267e-5
1.291,-4.794053309532712e-6,2.8581068957721646e-5
1.292,-4.86182482377723e-6,2.81512557500872e-5
1.293,-4.926302449976956e-6,2.7727328224212302e-5
1.294,-4.987570927349457e-6,2.7309218219142245e-5
1.295,-5.0457132241597855e-6,2.689685806266318e-5
1.296,-5.100810570017926e-6,2.6490180576418112e-5
1.297,-5.152942487666356e-6,2.6089119080678678e-5
1.298,-5.2021868242639715e-6,2.569360739878326e-5
1.299,-5.248619782172647e-6,2.530357986125167e-5
1.3,-5.29231594925262e-6,2.4918971309586413e-5
1.301,-5.333348328672913e-6,2.4539717099770284e-5
1.302,-5.371788368242924e-6,2.416575310546984e-5
1.303,-5.407705989271337e-6,2.3797015720954e-5
1.304,-5.441169614958404e-6,2.3433441863736864e-5
1.305,-5.472246198327681e-6,2.307496897695353e-5
1.306,-5.5010012497032145e-6,2.2721535031477606e-5
1.307,-5.527498863738163e-6,2.237307852778869e-5
1.308,-5.551801746000778e-6,2.202953849759813e-5
1.309,-5.573971239123649e-6,2.169085450524096e-5
1.31,-5.594067348522067e-6,2.135696664884179e-5
1.311,-5.612148767687302e-6,2.1027815561262293e-5
1.312,-5.628272903060571e-6,2.0703342410837607e-5
1.313,-5.642495898493428e-6,2.038348890190888e-5
1.314,-5.6548726593002205e-6,2.0068197275158975e-5
1.315,-5.665456875908282e-6,1.9757410307758158e-5
1.316,-5.674301047111402e-6,1.9451071313326427e-5
1.317,-5.681456502932151e-6,1.914912414171897e-5
1.318,-5.68697342709851e-6,1.8851513178641068e-5
1.319,-5.690900879140268e-6,1.855818334509859e-5
1.32,-5.6932868161105605e-6,1.8269080096690068e-5
1.321,-5.694178113937905e-6,1.7984149422746182e-5
1.322,-5.693620588414011e-6,1.7703337845322346e-5
1.323,-5.6916590158226004e-6,1.742659241804991e-5
1.324,-5.6883371532144465e-6,1.7153860724851347e-5
1.325,-5.683697758333746e-6,1.6885090878524685e-5
1.326,-5.677782609200926e-6,1.6620231519202264e-5
1.327,-5.670632523356913e-6,1.6359231812688786e-5
1.328,-5.6622873767738535e-6,1.6102041448683454e-5
1.329,-5.6527861224372085e-6,1.584861063889094e-5
1.33,-5.642166808604114e-6,1.5598890115025695e-5
1.331,-5.6304665967428175e-6,1.5352831126714077e-5
1.332,-5.617721779157988e-6,1.5110385439298599e-5
1.333,-5.603967796306598e-6,1.4871505331548482e-5
1.334,-5.589239253809071e-6,1.4636143593280636e-5
1.335,-5.5735699391602965e-6,1.4404253522894962e-5
1.336,-5.556992838145086e-6,1.4175788924827922e-5
1.337,-5.539540150962585e-6,1.395070410692804e-5
1.338,-5.521243308064108e-6,1.372895387775702e-5
1.339,-5.502132985708784e-6,1.3510493543820014e-5
1.34,-5.482239121241412e-6,1.329527890672847e-5
1.341,-5.461590928096788e-6,1.3083266260298865e-5
1.342,-5.440216910534797e-6,1.2874412387590643e-5
1.343,-5.418144878110447e-6,1.2668674557886411e-5
1.344,-5.395401959883022e-6,1.2466010523617507e-5
1.345,-5.372014618368423e-6,1.2266378517237892e-5
1.346,-5.348008663238791e-6,1.2069737248049233e-5
1.347,-5.32340926477338e-6,1.1876045898979966e-5
1.348,-5.298240967064636e-6,1.168526412332107e-5
1.349,-5.272527700983398e-6,1.1497352041421151e-5
1.35,-5.246292796907056e-6,1.1312270237343405e-5
1.351,-5.219558997214479e-6,1.1129979755486913e-5
1.352,-5.192348468551448e-6,1.0950442097174673e-5
1.353,-5.164682813870327e-6,1.0773619217210693e-5
1.354,-5.1365830842475896e-6,1.0599473520408378e-5
1.355,-5.108069790482846e-6,1.0427967858092408e-5
1.356,-5.0791629144829e-6,1.0259065524576209e-5
1.357,-5.049881920434364e-6,1.0092730253617051e-5
1.358,-5.02024576576829e-6,9.928926214850783e-6
1.359,-4.990272911920234e-6,9.767618010208082e-6
1.36,-4.959981334889133e-6,9.608770670314097e-6
1.361,-4.929388535598302e-6,9.452349650873266e-6
1.362,-4.898511550061857e-6,9.298320829041063e-6
1.363,-4.867366959359765e-6,9.14665049978432e-6
1.364,-4.835970899424748e-6,8.99730537223178e-6
1.365,-4.804339070644147e-6,8.850252566016417e-6
1.366,-4.772486747279878e-6,8.705459607611071e-6
1.367,-4.740428786709522e-6,8.562894426658836e-6
1.368,-4.708179638491555e-6,8.422525352299623e-6
1.369,-4.675753353257716e-6,8.284321109494259e-6
1.37,-4.643163591435405e-6,8.148250815347457e-6
1.371,-4.6104236318030285e-6,8.014283975430895e-6
1.372,-4.5775463798811154e-6,7.882390480107651e-6
1.373,-4.544544376162019e-6,7.752540600859186e-6
1.374,-4.511429804180961e-6,7.624704986615972e-6
1.375,-4.4782144984311385e-6,7.498854660092912e-6
1.376,-4.444909952125584e-6,7.374961014130567e-6
1.377,-4.411527324808405e-6,7.252995808043233e-6
1.378,-4.3780774498180275e-6,7.132931163974835e-6
1.379,-4.344570841604983e-6,7.014739563263575e-6
1.38,-4.3110177029067885e-6,6.898393842816248e-6
1.381,-4.277427931782389e-6,6.783867191493092e-6
1.382,-4.243811128508619e-6,6.671133146504002e-6
1.383,-4.21017660234111e-6,6.560165589816907e-6
1.384,-4.17653337814199e-6,6.450938744579097e-6
1.385,-4.142890202876752e-6,6.343427171552205e-6
1.386,-4.109255551982562e-6,6.237605765561582e-6
1.387,-4.075637635610305e-6,6.133449751960715e-6
1.388,-4.042044404742582e-6,6.030934683111359e-6
1.389,-4.008483557189873e-6,5.930036434879973e-6
1.39,-3.974962543467016e-6,5.830731203151081e-6
1.391,-3.941488572552155e-6,5.7329955003580935e-6
1.392,-3.90806861753023e-6,5.636806152032156e-6
1.393,-3.8747094211231e-6,5.542140293369514e-6
1.394,-3.841417501108319e-6,5.448975365817892e-6
1.395,-3.8081991556285576e-6,5.357289113682355e-6
1.396,-3.7750604683936694e-6,5.267059580751092e-6
1.397,-3.7420073137773027e-6,5.178265106941533e-6
1.398,-3.709045361809997e-6,5.0908843249672084e-6
1.399,-3.676180083070621e-6,5.004896157025718e-6
1.4,-3.64341675347801e-6,4.920279811508172e-6
1.401,-3.6107604589846167e-6,4.837014779730435e-6
1.402,-3.578216100173957e-6,4.755080832686489e-6
1.403,-3.5457883967636254e-6,4.674458017824221e-6
1.404,-3.5134818920155925e-6,4.595126655843905e-6
1.405,-3.4813009570554997e-6,4.517067337519645e-6
1.406,-3.449249795102621e-6,4.440260920544025e-6
1.407,-3.4173324456121394e-6,4.364688526396191e-6
1.408,-3.385552788331359e-6,4.290331537233584e-6
1.409,-3.3539145472714454e-6,4.21717159280751e-6
1.41,-3.3224212945962618e-6,4.1451905874027375e-6
1.411,-3.291076454429845e-6,4.074370666801293e-6
1.412,-3.259883306584033e-6,4.004694225270589e-6
1.413,-3.228844990207737e-6,3.936143902576055e-6
1.414,-3.1979645073593243e-6,3.868702581018358e-6
1.415,-3.1672447265035524e-6,3.802353382495369e-6
1.416,-3.136688385934472e-6,3.7370796655889416e-6
1.417,-3.106298097125692e-6,3.6728650226766095e-6
1.418,-3.076076348009377e-6,3.609693277068278e-6
1.419,-3.046025506185323e-6,3.547548480167974e-6
1.42,-3.016147822061436e-6,3.486414908660707e-6
1.421,-2.9864454319269196e-6,3.4262770617244984e-6
1.422,-2.956920360959439e-6,3.3671196582675958e-6
1.423,-2.9275745261675337e-6,3.308927634190915e-6
1.424,-2.8984097392695055e-6,3.2516861396757162e-6
1.425,-2.8694277095099994e-6,3.1953805364965215e-6
1.426,-2.840630046415473e-6,3.139996395359278e-6
1.427,-2.812018262489726e-6,3.0855194932647493e-6
1.428,-2.783593775850644e-6,3.03193581089712e-6
1.429,-2.7553579128092914e-6,2.9792315300377895e-6
1.43,-2.7273119103924637e-6,2.9273930310043177e-6
1.431,-2.6994569188097977e-6,2.876406890114481e-6
1.432,-2.671794003866514e-6,2.8262598771753964e-6
1.433,-2.6443241493228433e-6,2.7769389529976522e-6
1.434,-2.6170482592011876e-6,2.7284312669343893e-6
1.435,-2.5899671600420176e-6,2.680724154445263e-6
1.436,-2.563081603109528e-6,2.633805134685212e-6
1.437,-2.53639226654802e-6,2.5876619081179575e-6
1.438,-2.5098997574899863e-6,2.542282354154149e-6
1.439,-2.483604614116848e-6,2.497654528814059e-6
1.44,-2.4575073076732715e-6,2.4537666624147434e-6
1.441,-2.431608244435989e-6,2.4106071572815617e-6
1.442,-2.4059077676380187e-6,2.368164585483949e-6
1.443,-2.3804061593491683e-6,2.32642768659534e-6
1.444,-2.3551036423136953e-6,2.2853853654771277e-6
1.445,-2.330000381745972e-6,2.2450266900865343e-6
1.446,-2.3050964870849924e-6,2.2053408893082864e-6
1.447,-2.2803920137085536e-6,2.166317350809956e-6
1.448,-2.255886964607902e-6,2.127945618920852e-6
1.449,-2.231581292023656e-6,2.0902153925343163e-6
1.45,-2.207474899043771e-6,2.053116523033308e-6
1.451,-2.183567641164318e-6,2.016639012239122e-6
1.452,-2.159859327813825e-6,1.9807730103831095e-6
1.453,-2.136349723841917e-6,1.945508814101257e-6
1.454,-2.113038550972985e-6,1.910836864451477e-6
1.455,-2.08992548922558e-6,1.8767477449534607e-6
1.456,-2.0670101782982506e-6,1.8432321796509473e-6
1.457,-2.04429221892249e-6,1.8102810311962505e-6
1.458,-2.021771174183475e-6,1.7778852989568933e-6
1.459,-1.9994465708092545e-6,1.7460361171441927e-6
1.46,-1.9773179004290347e-6,1.7147247529636352e-6
1.461,-1.9553846208011984e-6,1.6839426047868846e-6
1.462,-1.933646157011679e-6,1.6536812003452592e-6
1.463,-1.9121019026433065e-6,1.623932194944519e-6
1.464,-1.8907512209167211e-6,1.5946873697007912e-6
1.465,-1.8695934458034509e-6,1.5659386297974796e-6
1.466,-1.8486278831117253e-6,1.5376780027629793e-6
1.467,-1.8278538115455976e-6,1.5098976367690399e-6
1.468,-1.8072704837379324e-6,1.4825897989496004e-6
1.469,-1.7868771272578044e-6,1.4557468737399318e-6
1.47,-1.7666729455928457e-6,1.4293613612359132e-6
1.471,-1.7466571191070685e-6,1.403425875573276e-6
1.472,-1.726828805974679e-6,1.3779331433266373e-6
1.473,-1.707187143090391e-6,1.352876001928158e-6
1.474,-1.687731246956734e-6,1.3282473981056483e-6
1.475,-1.6684602145488482e-6,1.3040403863399496e-6
1.476,-1.6493731241572374e-6,1.2802481273414208e-6
1.477,-1.6304690362089586e-6,1.256863886545353e-6
1.478,-1.6117469940677016e-6,1.233881032626142e-6
1.479,-1.5932060248132131e-6,1.211293036030044e-6
1.48,-1.5748451400005093e-6,1.1890934675263404e-6
1.481,-1.55666333639931e-6,1.167275996776739e-6
1.482,-1.5386595967141203e-6,1.1458343909228374e-6
1.483,-1.5208328902853806e-6,1.1247625131914774e-6
1.484,-1.5031821737720907e-6,1.104054321517814e-6
1.485,-1.4857063918163145e-6,1.083703867185929e-6
1.486,-1.4684044776899547e-6,1.063705293486816e-6
1.487,-1.4512753539241911e-6,1.044052834393563e-6
1.488,-1.4343179329219524e-6,1.0247408132535632e-6
1.489,-1.4175311175538025e-6,1.0057636414975814e-6
1.49,-1.4009138017375988e-6,9.871158173655048e-7
1.491,-1.3844648710022842e-6,9.687919246486088e-7
1.492,-1.3681832030361611e-6,9.507866314481668e-7
1.493,-1.3520676682199914e-6,9.330946889502366e-7
1.494,-1.336117130145259e-6,9.157109302164524e-7
1.495,-1.3203304461179267e-6,8.986302689906569e-7
1.496,-1.3047064676480071e-6,8.81847698521204e-7
1.497,-1.2892440409252714e-6,8.653582903987681e-7
1.498,-1.2739420072813975e-6,8.491571934094915e-7
1.499,-1.2587992036388732e-6,8.332396324033076e-7
1.5,-1.2438144629469443e-6,8.176009071772737e-7
1.501,-1.2289866146049045e-6,8.02236391373751e-7
1.502,-1.2143144848730146e-6,7.871415313932693e-7
1.503,-1.199796897271329e-6,7.723118453219157e-7
1.504,-1.1854326729667092e-6,7.577429218730843e-7
1.505,-1.1712206311482914e-6,7.4343041934343e-7
1.506,-1.1571595893916727e-6,7.293700645828652e-7
1.507,-1.1432483640120774e-6,7.155576519784441e-7
1.508,-1.1294857704067573e-6,7.019890424519754e-7
1.509,-1.1158706233868717e-6,6.886601624712093e-7
1.51,-1.1024017374990943e-6,6.755670030744432e-7
1.511,-1.089077927337186e-6,6.627056189083928e-7
1.512,-1.0758980078437647e-6,6.500721272791763e-7
1.513,-1.0628607946025057e-6,6.376627072162581e-7
1.514,-1.0499651041209927e-6,6.254735985492051e-7
1.515,-1.0372097541044434e-6,6.135011009971026e-7
1.516,-1.024593563720524e-6,6.017415732704839e-7
1.517,-1.0121153538554621e-6,5.901914321856244e-7
1.518,-9.99773947361667e-7,5.788471517910569e-7
1.519,-9.875681692970592e-7,5.677052625061601e-7
1.52,-9.754968471563076e-7,5.567623502716785e-7
1.521,-9.63558811094167e-7,5.460150557120306e-7
1.522,-9.517528941411095e-7,5.354600733092638e-7
1.523,-9.400779324114332e-7,5.250941505885152e-7
1.524,-9.285327653040311e-7,5.1491408731484e-7
1.525,-9.171162356960003e-7,5.049167347012697e-7
1.526,-9.058271901292646e-7,4.950989946279612e-7
1.527,-8.946644789903826e-7,4.854578188723045e-7
1.528,-8.836269566837091e-7,4.7599020834985153e-7
1.529,-8.727134817980733e-7,4.666932123659345e-7
1.53,-8.619229172671343e-7,4.5756392787784137e-7
1.531,-8.512541305235725e-7,4.485994987674173e-7
1.532,-8.407059936472692e-7,4.3979711512396287e-7
1.533,-8.302773835076257e-7,4.311540125372999e-7
1.534,-8.199671819001701e-7,4.226674714008783e-7
1.535,-8.097742756775943e-7,4.143348162247977e-7
1.536,-7.996975568753648e-7,4.06153414958618e-7
1.537,-7.897359228320434e-7,3.9812067832383694e-7
1.538,-7.798882763044544e-7,3.9023405915591026e-7
1.539,-7.7015352557783e-7,3.824910517556946e-7
1.54,-7.605305845710638e-7,3.748891912501919e-7
1.541,-7.510183729371989e-7,3.674260529624775e-7
1.542,-7.416158161592743e-7,3.600992517906926e-7
1.543,-7.323218456416521e-7,3.529064415959862e-7
1.544,-7.231353987969422e-7,3.458453145992899e-7
1.545,-7.140554191286419e-7,3.389136007868116e-7
1.546,-7.050808563096048e-7,3.3210906732413566e-7
1.547,-6.962106662564472e-7,3.2542951797881636e-7
1.548,-6.874438112000039e-7,3.188727925513553e-7
1.549,-6.787792597519371e-7,3.124367663144521e-7
1.55,-6.70215986967604e-7,3.061193494604207e-7
1.551,-6.617529744052838e-7,2.999184865566633e-7
1.552,-6.533892101818635e-7,2.9383215600909636e-7
1.553,-6.451236890250805e-7,2.878583695334236e-7
1.554,-6.369554123224154e-7,2.819951716341516e-7
1.555,-6.2888338816673e-7,2.76240639091246e-7
1.556,-6.209066313987394e-7,2.7059288045432625e-7
1.557,-6.130241636464077e-7,2.6505003554429816e-7
1.558,-6.052350133613546e-7,2.596102749623258e-7
1.559,-5.975382158523574e-7,2.5427179960604315e-7
1.56,-5.899328133160301e-7,2.490328401929094e-7
1.561,-5.824178548647627e-7,2.438916567906112e-7
1.562,-5.74992396551999e-7,2.3884653835441715e-7
1.563,-5.676555013949295e-7,2.3389580227139027e-7
1.564,-5.604062393946757e-7,2.290377939113657e-7
1.565,-5.532436875540413e-7,2.2427088618460188e-7
1.566,-5.461669298928989e-7,2.195934791060146e-7
1.567,-5.391750574612859e-7,2.1500399936590363e-7
1.568,-5.322671683502775e-7,2.1050089990708374e-7
1.569,-5.254423677007039e-7,2.0608265950833252e-7
1.57,-5.186997677097775e-7,2.0174778237406787e-7
1.571,-5.120384876356945e-7,1.9749479773017005e-7
1.572,-5.05457653800274e-7,1.933222594258635e-7
1.573,-4.989563995896952e-7,1.8922874554157466e-7
1.574,-4.925338654533928e-7,1.852128580026837e-7
1.575,-4.861891989011692e-7,1.8127322219908773e-7
1.576,-4.799215544985811e-7,1.7740848661049573e-7
1.577,-4.7373009386065357e-7,1.7361732243737482e-7
1.578,-4.6761398564398045e-7,1.6989842323746974e-7
1.579,-4.615724055372599e-7,1.6625050456781714e-7
1.58,-4.5560453625031954e-7,1.6267230363217844e-7
1.581,-4.497095675016803e-7,1.5916257893381527e-7
1.582,-4.438866960047096e-7,1.5572010993353202e-7
1.583,-4.381351254524107e-7,1.523436967129125e-7
1.584,-4.324540665008965e-7,1.490321596426763e-7
1.585,-4.2684273675159256e-7,1.4578433905608395e-7
1.586,-4.213003607322149e-7,1.425990949273186e-7
1.587,-4.158261698765657e-7,1.3947530655477428e-7
1.588,-4.1041940250319003e-7,1.3641187224918087e-7
1.589,-4.0507930379293405e-7,1.3340770902649768e-7
1.59,-3.998051257654471e-7,1.3046175230550715e-7
1.591,-3.9459612725466483e-7,1.2757295561004202e-7
1.592,-3.89451573883314e-7,1.2474029027578012e-7
1.593,-3.8437073803647506e-7,1.2196274516154103e-7
1.594,-3.7935289883423983e-7,1.192393263650205e-7
1.595,-3.743973421035e-7,1.165690569428989e-7
1.596,-3.695033603489007e-7,1.1395097663526095e-7
1.597,-3.646702527229936e-7,1.1138414159426472e-7
1.598,-3.598973249956225e-7,1.0886762411699863e-7
1.599,-3.5518388952257333e-7,1.0640051238246622e-7
1.6,-3.5052926521352005e-7,1.0398191019263887e-7
1.601,-3.4593277749929754e-7,1.0161093671751777e-7
1.602,-3.4139375829853003e-7,9.9286726244147e-8
1.603,-3.369115459836456e-7,9.70084279295203e-8
1.604,-3.32485485346304e-7,9.477520555732525e-8
1.605,-3.2811492756226505e-7,9.25862372984686e-8
1.606,-3.237992301557258e-7,9.044071547532802e-8
1.607,-3.195377569631507e-7,8.833784632967576e-8
1.608,-3.1532987809662183e-7,8.627684979422048e-8
1.609,-3.111749699067325e-7,8.425695926771446e-8
1.61,-3.0707241494504925e-7,8.227742139357385e-8
1.611,-3.0302160192616526e-7,8.033749584196045e-8
1.612,-2.9902192568936786e-7,7.843645509527414e-8
1.613,-2.950727871599423e-7,7.657358423700587e-8
1.614,-2.9117359331013374e-7,7.474818074390152e-8
1.615,-2.8732375711978717e-7,7.295955428138794e-8
1.616,-2.835226975366876e-7,7.12070265022131e-8
1.617,-2.7976983943661856e-7,6.948993084825239e-8
1.618,-2.760646135831586e-7,6.780761235543472e-8
1.619,-2.7240645658723513e-7,6.615942746174176e-8
1.62,-2.6879481086645313e-7,6.454474381823485e-8
1.621,-2.6522912460421655e-7,6.296294010306461e-8
1.622,-2.6170885170865947e-7,6.141340583841876e-8
1.623,-2.5823345177140394e-7,5.989554121036444e-8
1.624,-2.548023900261604e-7,5.840875689154184e-8
1.625,-2.5141513730718656e-7,5.6952473866666424e-8
1.626,-2.4807117000761957e-7,5.5526123260797964e-8
1.627,-2.4476997003769713e-7,5.412914617033474e-8
1.628,-2.4151102478288095e-7,5.276099349669217e-8
1.629,-2.382938270618971e-7,5.142112578262554e-8
1.63,-2.351178750847063e-7,5.010901305115707e-8
1.631,-2.3198267241041774e-7,4.882413464706821e-8
1.632,-2.2888772790515875e-7,4.756597908091845e-8
1.633,-2.258325556999127e-7,4.633404387555255e-8
1.634,-2.228166751483371e-7,4.51278354150587e-8
1.635,-2.1983961078457356e-7,4.394686879614045e-8
1.636,-2.1690089228106038e-7,4.2790667681865975e-8
1.637,-2.1400005440635915e-7,4.1658764157758596e-8
1.638,-2.1113663698300542e-7,4.055069859019312e-8
1.639,-2.083101848453938e-7,3.946601948706295e-8
1.64,-2.0552024779770717e-7,3.840428336068339e-8
1.641,-2.0276638057189958e-7,3.736505459289726e-8
1.642,-2.0004814278574202e-7,3.63479053023492e-8
1.643,-1.9736509890093977e-7,3.535241521389548e-8
1.644,-1.9471681818133018e-7,3.4378171530116996e-8
1.645,-1.9210287465116892e-7,3.3424768804903006e-8
1.646,-1.895228470535126e-7,3.249180881907412e-8
1.647,-1.8697631880870599e-7,3.157890045801329e-8
1.648,-1.8446287797298048e-7,3.068565959127396e-8
1.649,-1.8198211719717177e-7,2.981170895413506e-8
1.65,-1.7953363368556305e-7,2.8956678031072963e-8
1.651,-1.7711702915486077e-7,2.8120202941120938e-8
1.652,-1.7473190979330921e-7,2.7301926325086955e-8
1.653,-1.7237788621995002e-7,2.6501497234601322e-8
1.654,-1.7005457344403273e-7,2.571857102296586e-8
1.655,-1.67761590824582e-7,2.4952809237776833e-8
1.656,-1.65498562030127e-7,2.4203879515294195e-8
1.657,-1.632651149985982e-7,2.3471455476530163e-8
1.658,-1.6106088189739674e-7,2.275521662503049e-8
1.659,-1.588854990836411e-7,2.2054848246322163e-8
1.66,-1.5673860706459589e-7,2.1370041309001747e-8
1.661,-1.5461985045828691e-7,2.0700492367438798e-8
1.662,-1.525288779543074e-7,2.0045903466069323e-8
1.663,-1.5046534227481858e-7,1.9405982045254508e-8
1.664,-1.484289001357495e-7,1.8780440848680325e-8
1.665,-1.46419212208199e-7,1.816899783227401e-8
1.666,-1.444359430800438e-7,1.7571376074613766e-8
1.667,-1.4247876121775636e-7,1.6987303688808304e-8
1.668,-1.4054733892843475e-7,1.6416513735823322e-8
1.669,-1.3864135232204906e-7,1.585874413923221e-8
1.67,-1.3676048127390577e-7,1.5313737601368716e-8
1.671,-1.349044093873341e-7,1.4781241520859595e-8
1.672,-1.330728239565961e-7,1.4261007911515552e-8
1.673,-1.312654159300235e-7,1.3752793322559185e-8
1.674,-1.2948187987338312e-7,1.3256358760168886e-8
1.675,-1.2772191393347394e-7,1.2771469610318013e-8
1.676,-1.259852198019568e-7,1.2297895562888914e-8
1.677,-1.2427150267941943e-7,1.1835410537041733e-8
1.678,-1.225804712396787e-7,1.1383792607818172e-8
1.679,-1.2091183759432115e-7,1.0942823933960745e-8
1.68,-1.1926531725748408e-7,1.0512290686928275e-8
1.681,-1.1764062911087818e-7,1.0091982981088757e-8
1.682,-1.1603749536905353e-7,9.681694805070897e-9
1.683,-1.1445564154490978e-7,9.281223954256016e-9
1.684,-1.1289479641545193e-7,8.890371964392189e-9
1.685,-1.1135469198779285e-7,8.508944046312844e-9
1.686,-1.0983506346540313e-7,8.136749021742257e-9
1.687,-1.0833564921460962e-7,7.773599260170653e-9
1.688,-1.06856190731343e-7,7.419310616781914e-9
1.689,-1.0539643260813536e-7,7.073702371417109e-9
1.69,-1.0395612250136817e-7,6.7365971685573495e-9
1.691,-1.025350110987714e-7,6.407820958309693e-9
1.692,-1.0113285208717392e-7,6.087202938380097e-9
1.693,-9.974940212050586e-8,5.774575497017635e-9
1.694,-9.838442078805288e-8,5.469774156914447e-9
1.695,-9.703767058296287e-8,5.172637520046123e-9
1.696,-9.570891687100496e-8,4.8830072134374585e-9
1.697,-9.439792785958097e-8,4.600727835838741e-9
1.698,-9.310447456698944e-8,4.3256469052979554e-9
1.699,-9.182833079194192e-8,4.057614807614531e-9
1.7,-9.056927308333158e-8,3.796484745660438e-9
1.701,-8.932708071025387e-8,3.5421126895547155e-9
1.702,-8.810153563227891e-8,3.2943573276776574e-9
1.703,-8.689242246997548e-8,3.053080018511154e-9
1.704,-8.569952847568598e-8,2.8181447432918533e-9
1.705,-8.452264350455219e-8,2.589418059464032e-9
1.706,-8.336155998579127e-8,2.3667690549192574e-9
1.707,-8.221607289422125e-8,2.1500693030101255e-9
1.708,-8.108597972203593e-8,1.9391928183255535e-9
1.709,-7.997108045082803e-8,1.7340160132152955e-9
1.71,-7.887117752386027e-8,1.5344176550515492e-9
1.711,-7.778607581858365e-8,1.3402788242156953e-9
1.712,-7.6715582619402e-8,1.1514828727984087e-9
1.713,-7.565950759068211e-8,9.67915384001552e-10
1.714,-7.46176627500087e-8,7.894641322304521e-10
1.715,-7.35898624416833e-8,6.160190438653237e-10
1.716,-7.257592331046596e-8,4.4747215870079214e-10
1.717,-7.157566427555924e-8,2.837175920426276e-10
1.718,-7.058890650483305e-8,1.246514974509786e-10
1.719,-6.961547338928987e-8,-2.982796988044266e-11
1.72,-6.865519051776866e-8,-1.798206891196065e-10
1.721,-6.770788565188714e-8,-3.254246091760657e-10
1.722,-6.677338870122065e-8,-4.667357834755708e-10
1.723,-6.585153169871707e-8,-6.038484041393057e-10
1.724,-6.49421487763462e-8,-7.368548355774955e-10
1.725,-6.404507614098266e-8,-8.658456475069827e-10
1.726,-6.316015205052119e-8,-9.909096474022208e-10
1.727,-6.228721679022287e-8,-1.112133912388985e-9
1.728,-6.142611264929131e-8,-1.2296038205899552e-9
1.729,-6.05766838976774e-8,-1.3434030819311787e-9
1.73,-5.973877676311134e-8,-1.4536137684182859e-9
1.731,-5.8912239408360664e-8,-1.5603163438911849e-9
1.732,-5.809692190871315e-8,-1.6635896932658306e-9
1.733,-5.7292676229682934e-8,-1.7635111512715216e-9
1.734,-5.649935620493875e-8,-1.8601565306920526e-9
1.735,-5.571681751445287e-8,-1.9536001501189126e-9
1.736,-5.494491766286932e-8,-2.0439148612245916e-9
1.737,-5.418351595809007e-8,-2.131172075563935e-9
1.738,-5.343247349007774e-8,-2.21544179091135e-9
1.739,-5.269165310987343e-8,-2.2967926171415574e-9
1.74,-5.196091940882827e-8,-2.375291801661452e-9
1.741,-5.1240138698047216e-8,-2.4510052544005102e-9
1.742,-5.052917898804375e-8,-2.523997572367083e-9
1.743,-4.982790996860387e-8,-2.594332063777775e-9
1.744,-4.913620298885809e-8,-2.662070771767015e-9
1.745,-4.8453931037559856e-8,-2.727274497683788e-9
1.746,-4.7780968723569014e-8,-2.7900028239824187e-9
1.747,-4.711719225653871e-8,-2.8503141367141496e-9
1.748,-4.646247942780438e-8,-2.9082656476261875e-9
1.749,-4.5816709591473276e-8,-2.9639134158747497e-9
1.75,-4.517976364571302e-8,-3.0173123693585663e-9
1.751,-4.455152401423772e-8,-3.068516325679176e-9
1.752,-4.393187462799013e-8,-3.1175780127342512e-9
1.753,-4.3320700907018376e-8,-3.1645490889500986e-9
1.754,-4.2717889742545656e-8,-3.2094801631593707e-9
1.755,-4.212332947923155e-8,-3.2524208141299378e-9
1.756,-4.153690989762328e-8,-3.2934196097507673e-9
1.757,-4.0958522196795495e-8,-3.3325241258805636e-9
1.758,-4.038805897717709e-8,-3.3697809648648374e-9
1.759,-3.982541422356339e-8,-3.405235773726968e-9
1.76,-3.9270483288312425e-8,-3.4389332620387474e-9
1.761,-3.87231628747236e-8,-3.470917219475799e-9
1.762,-3.818335102059724e-8,-3.501230533063171e-9
1.763,-3.76509470819737e-8,-3.5299152041163372e-9
1.764,-3.712585171705028e-8,-3.5570123648827294e-9
1.765,-3.6607966870274574e-8,-3.5825622948888688e-9
1.766,-3.609719575661277e-8,-3.6066044369980535e-9
1.767,-3.55934428459913e-8,-3.6291774131835087e-9
1.768,-3.509661384791041e-8,-3.650319040021801e-9
1.769,-3.4606615696228174e-8,-3.6700663439112567e-9
1.77,-3.4123356534113335e-8,-3.688455576020041e-9
1.771,-3.364674569916565e-8,-3.7055222269684795e-9
1.772,-3.317669370870213e-8,-3.721301041250131e-9
1.773,-3.2713112245207766e-8,-3.7358260313960424e-9
1.774,-3.2255914141949196e-8,-3.7491304918865555e-9
1.775,-3.180501336874991e-8,-3.7612470128149475e-9
1.776,-3.136032501792549e-8,-3.7722074933071325e-9
1.777,-3.092176529037741e-8,-3.782043154701581e-9
1.778,-3.048925148184399e-8,-3.790784553493527e-9
1.779,-3.0062701969306994e-8,-3.798461594047498e-9
1.78,-2.9642036197552462e-8,-3.80510354108211e-9
1.781,-2.922717466588435e-8,-3.810739031931023e-9
1.782,-2.8818038914989487e-8,-3.815396088583864e-9
1.783,-2.8414551513952486e-8,-3.819102129510909e-9
1.784,-2.8016636047419173e-8,-3.821883981275191e-9
1.785,-2.7624217102907078e-8,-3.8237678899357014e-9
1.786,-2.723722025826165e-8,-3.824779532245244e-9
1.787,-2.685557206925674e-8,-3.824944026646473e-9
1.788,-2.647920005733799e-8,-3.824285944069574e-9
1.789,-2.6108032697507738e-8,-3.8228293185350015e-9
1.79,-2.5741999406350067e-8,-3.820597657564608e-9
1.791,-2.538103053019459e-8,-3.8176139524044735e-9
1.792,-2.5025057333417677e-8,-3.8139006880626704e-9
1.793,-2.4674011986879705e-8,-3.80947985316515e-9
1.794,-2.4327827556497032e-8,-3.804372949632884e-9
1.795,-2.3986437991947315e-8,-3.798601002183354e-9
1.796,-2.364977811550688e-8,-3.792184567659402e-9
1.797,-2.3317783611018808e-8,-3.7851437441884416e-9
1.798,-2.299039101299038e-8,-3.777498180174949e-9
1.799,-2.2667537695818676e-8,-3.7692670831291316e-9
1.8,-2.234916186314292e-8,-3.76046922833459e-9
1.801,-2.2035202537322358e-8,-3.751122967357785e-9
1.802,-2.172559954903834e-8,-3.7412462364020335e-9
1.803,-2.1420293527019387e-8,-3.7308565645087415e-9
1.804,-2.111922588788792e-8,-3.7199710816085203e-9
1.805,-2.082233882612745e-8,-3.7086065264247986e-9
1.806,-2.052957530416893e-8,-3.6967792542324924e-9
1.807,-2.0240879042595093e-8,-3.684505244474254e-9
1.808,-1.995619451046151e-8,-3.671800108236783e-9
1.809,-1.9675466915733128e-8,-3.6586790955896344e-9
1.81,-1.9398642195835145e-8,-3.645157102788925e-9
1.811,-1.9125667008316962e-8,-3.631248679348292e-9
1.812,-1.8856488721628026e-8,-3.6169680349794266e-9
1.813,-1.859105540600442e-8,-3.602329046404461e-9
1.814,-1.8329315824464995e-8,-3.587345264042444e-9
1.815,-1.8071219423915853e-8,-3.5720299185721222e-9
1.816,-1.7816716326362104e-8,-3.556395927373179e-9
1.817,-1.7565757320225655e-8,-3.540455900848073e-9
1.818,-1.7318293851767975e-8,-3.5242221486265674e-9
1.819,-1.7074278016616646e-8,-3.5077066856550064e-9
1.82,-1.6833662551394628e-8,-3.4909212381723696e-9
1.821,-1.659640082545108e-8,-3.4738772495750917e-9
1.822,-1.6362446832692684e-8,-3.4565858861726043e-9
1.823,-1.613175518351433e-8,-3.4390580428355316e-9
1.824,-1.5904281096828133e-8,-3.4213043485384173e-9
1.825,-1.5679980392189664e-8,-3.4033351717988632e-9
1.826,-1.5458809482020333e-8,-3.385160626014888e-9
1.827,-1.5240725363924896e-8,-3.366790574702319e-9
1.828,-1.5025685613103025e-8,-3.3482346366339772e-9
1.829,-1.4813648374853876e-8,-3.3295021908823947e-9
1.83,-1.4604572357172674e-8,-3.3106023817677743e-9
1.831,-1.4398416823438257e-8,-3.291544123712868e-9
1.832,-1.4195141585190581e-8,-3.272336106006429e-9
1.833,-1.3994706994997192e-8,-3.2529867974768524e-9
1.834,-1.3797073939407648e-8,-3.233504451077615e-9
1.835,-1.3602203831994938e-8,-3.2138971083860627e-9
1.836,-1.3410058606482892e-8,-3.1941726040171017e-9
1.837,-1.3220600709958634e-8,-3.1743385699533074e-9
1.838,-1.303379309616912e-8,-3.1544024397929305e-9
1.839,-1.2849599218900791e-8,-3.134371452917279e-9
1.84,-1.2667983025441438e-8,-3.114252658578902e-9
1.841,-1.2488908950123301e-8,-3.094052919912002e-9
1.842,-1.2312341907946525e-8,-3.0737789178664537e-9
1.843,-1.2138247288282011e-8,-3.0534371550668097e-9
1.844,-1.196659094865281e-8,-3.0330339595976243e-9
1.845,-1.1797339208593115e-8,-3.0125754887164253e-9
1.846,-1.1630458843583976e-8,-2.9920677324956263e-9
1.847,-1.1465917079064886e-8,-2.9715165173946572e-9
1.848,-1.1303681584520318e-8,-2.9509275097635655e-9
1.849,-1.114372046764039e-8,-2.930306219279323e-9
1.85,-1.0986002268554778e-8,-2.9096580023160485e-9
1.851,-1.083049595413904e-8,-2.8889880652503325e-9
1.852,-1.0677170912392516e-8,-2.8683014677028436e-9
1.853,-1.0525996946886965e-8,-2.8476031257173543e-9
1.854,-1.0376944271285118e-8,-2.826897814878328e-9
1.855,-1.0229983503928345e-8,-2.8061901733681677e-9
1.856,-1.00850856624926e-8,-2.7854847049652265e-9
1.857,-9.942222158711897e-9,-2.764785781983644e-9
1.858,-9.801364793168458e-9,-2.7440976481560735e-9
1.859,-9.662485750148827e-9,-2.7234244214603236e-9
1.86,-9.525557592565107e-9,-2.7027700968909426e-9
1.861,-9.390553256940603e-9,-2.6821385491767398e-9
1.862,-9.257446048459085e-9,-2.661533535445231e-9
1.863,-9.12620963607693e-9,-2.6409586978349705e-9
1.864,-8.9968180476974e-9,-2.620417566056722e-9
1.865,-8.869245665406313e-9,-2.5999135599044004e-9
1.866,-8.743467220768392e-9,-2.5794499917166996e-9
1.867,-8.619457790183561e-9,-2.5590300687903117e-9
1.868,-8.497192790302477e-9,-2.5386568957456147e-9
1.869,-8.37664797350059e-9,-2.51833347684571e-9
1.87,-8.257799423410046e-9,-2.49806271826965e-9
1.871,-8.140623550508713e-9,-2.4778474303407116e-9
1.872,-8.02509708776569e-9,-2.4576903297105257e-9
1.873,-7.911197086342579e-9,-2.437594041499884e-9
1.874,-7.798900911349873e-9,-2.417561101397014e-9
1.875,-7.688186237657798e-9,-2.3975939577141096e-9
1.876,-7.579031045760946e-9,-2.3776949734028787e-9
1.877,-7.471413617696054e-9,-2.357866428029874e-9
1.878,-7.3653125330122915e-9,-2.3381105197123378e-9
1.879,-7.26070666479341e-9,-2.3184293670153004e-9
1.88,-7.1575751757311476e-9,-2.298825010810642e-9
1.881,-7.055897514249244e-9,-2.279299416098822e-9
1.882,-6.955653410677468e-9,-2.259854473793976e-9
1.883,-6.8568228734750446e-9,-2.2404920024730457e-9
1.884,-6.759386185502881e-9,-2.2212137500896217e-9
1.885,-6.663323900343997e-9,-2.20202139565315e-9
1.886,-6.568616838671569e-9,-2.182916550874145e-9
1.887,-6.4752460846640184e-9,-2.1639007617760432e-9
1.888,-6.383192982466546e-9,-2.144975510274324e-9
1.889,-6.292439132698571e-9,-2.1261422157234992e-9
1.89,-6.2029663890064895e-9,-2.1074022364325773e-9
1.891,-6.114756854661214e-9,-2.0887568711495937e-9
1.892,-6.027792879199926e-9,-2.0702073605157784e-9
1.893,-5.942057055111511e-9,-2.051754888489939e-9
1.894,-5.85753221456514e-9,-2.0334005837436082e-9
1.895,-5.774201426181448e-9,-2.015145521027513e-9
1.896,-5.692047991845804e-9,-1.9969907225099e-9
1.897,-5.611055443563141e-9,-1.9789371590872463e-9
1.898,-5.53120754035383e-9,-1.960985751667877e-9
1.899,-5.452488265190102e-9,-1.9431373724290023e-9
1.9,-5.3748818219725e-9,-1.92539284604767e-9
1.901,-5.298372632545873e-9,-1.9077529509061324e-9
1.902,-5.2229453337544174e-9,-1.890218420272108e-9
1.903,-5.148584774535288e-9,-1.8727899434544157e-9
1.904,-5.07527601305028e-9,-1.8554681669344431e-9
1.905,-5.003004313855126e-9,-1.8382536954739178e-9
1.906,-4.931755145105936e-9,-1.8211470931994183e-9
1.907,-4.861514175802294e-9,-1.8041488846640806e-9
1.908,-4.792267273066593e-9,-1.7872595558869234e-9
1.909,-4.7240004994591115e-9,-1.770479555370226e-9
1.91,-4.656700110328419e-9,-1.7538092950953752e-9
1.911,-4.590352551196644e-9,-1.7372491514975912e-9
1.912,-4.524944455179176e-9,-1.7207994664199398e-9
1.913,-4.460462640438372e-9,-1.7044605480470244e-9
1.914,-4.396894107670828e-9,-1.6882326718187495e-9
1.915,-4.334226037627807e-9,-1.6721160813245378e-9
1.916,-4.2724457886683915e-9,-1.6561109891783762e-9
1.917,-4.211540894344962e-9,-1.6402175778750602e-9
1.918,-4.151499061020582e-9,-1.6244360006279984e-9
1.919,-4.092308165517884e-9,-1.6087663821889337e-9
1.92,-4.033956252799073e-9,-1.5932088196499293e-9
1.921,-3.97643153367664e-9,-1.577763383227964e-9
1.922,-3.919722382554398e-9,-1.5624301170324718e-9
1.923,-3.86381733519846e-9,-1.5472090398161578e-9
1.924,-3.808705086537776e-9,-1.532100145709415e-9
1.925,-3.754374488493851e-9,-1.51710340493866e-9
1.926,-3.700814547839283e-9,-1.5022187645289018e-9
1.927,-3.6480144240847344e-9,-1.4874461489908488e-9
1.928,-3.5959634273939967e-9,-1.4727854609928584e-9
1.929,-3.544651016526774e-9,-1.4582365820180237e-9
1.93,-3.4940667968088384e-9,-1.4437993730066892e-9
1.931,-3.444200518129207e-9,-1.4294736749846785e-9
1.932,-3.395042072963992e-9,-1.4152593096775186e-9
1.933,-3.3465814944265856e-9,-1.4011560801109316e-9
1.934,-3.298808954343842e-9,-1.3871637711978665e-9
1.935,-3.25171476135792e-9,-1.3732821503123363e-9
1.936,-3.2052893590534604e-9,-1.359510967850318e-9
1.937,-3.159523324109773e-9,-1.3458499577779756e-9
1.938,-3.1144073644777074e-9,-1.3322988381674521e-9
1.939,-3.0699323175808954e-9,-1.318857311720481e-9
1.94,-3.026089148541048e-9,-1.3055250662800558e-9
1.941,-2.9828689484269983e-9,-1.2923017753303955e-9
1.942,-2.940262932527182e-9,-1.2791870984854413e-9
1.943,-2.898262438645258e-9,-1.2661806819661105e-9
1.944,-2.856858925418566e-9,-1.2532821590665312e-9
1.945,-2.816043970659124e-9,-1.240491150609482e-9
1.946,-2.7758092697168817e-9,-1.2278072653912492e-9
1.947,-2.7361466338649365e-9,-1.2152301006161147e-9
1.948,-2.697047988706424e-9,-1.2027592423206827e-9
1.949,-2.6585053726028144e-9,-1.1903942657882518e-9
1.95,-2.6205109351233196e-9,-1.178134735953428e-9
1.951,-2.583056935515157e-9,-1.1659802077971817e-9
1.952,-2.5461357411943803e-9,-1.1539302267325356e-9
1.953,-2.5097398262570213e-9,-1.1419843289810788e-9
1.954,-2.473861770010278e-9,-1.1301420419404892e-9
1.955,-2.438494255523481e-9,-1.1184028845432473e-9
1.956,-2.4036300681985892e-9,-1.1067663676067234e-9
1.957,-2.3692620943599525e-9,-1.09523199417481e-9
1.958,-2.335383319863097e-9,-1.0837992598512743e-9
1.959,-2.3019868287222777e-9,-1.072467653125e-9
1.96,-2.269065801756562e-9,-1.061236655687285e-9
1.961,-2.236613515254192e-9,-1.0501057427413533e-9
1.962,-2.204623339654993e-9,-1.0390743833042504e-9
1.963,-2.1730887382505913e-9,-1.0281420405012685e-9
1.964,-2.1420032659022057e-9,-1.017308171853064e-9
1.965,-2.111360567775785e-9,-1.0065722295556125e-9
1.966,-2.081154378094261e-9,-9.959336607531532e-10
1.967,-2.0513785189066972e-9,-9.853919078042663e-10
1.968,-2.0220268988741048e-9,-9.749464085412264e-10
1.969,-1.9930935120717126e-9,-9.64596596522773e-10
1.97,-1.964572436807473e-9,-9.543419012804318e-10
1.971,-1.9364578344565867e-9,-9.441817485585279e-10
1.972,-1.9087439483118437e-9,-9.341155605480154e-10
1.973,-1.881425102449562e-9,-9.241427561142603e-10
1.974,-1.8544957006109269e-9,-9.142627510188968e-10
1.975,-1.8279502250985209e-9,-9.044749581358889e-10
1.976,-1.801783235687852e-9,-8.947787876619134e-10
1.977,-1.7759893685536733e-9,-8.851736473211889e-10
1.978,-1.750563335210905e-9,-8.756589425648652e-10
1.979,-1.7254999214699634e-9,-8.662340767650911e-10
1.98,-1.7007939864063048e-9,-8.568984514038723e-10
1.981,-1.676440461344001e-9,-8.476514662568306e-10
1.982,-1.6524343488531542e-9,-8.38492519571975e-10
1.983,-1.628770721760974e-9,-8.294210082435884e-10
1.984,-1.60544472217633e-9,-8.204363279813385e-10
1.985,-1.582451560527607e-9,-8.115378734747122e-10
1.986,-1.5597865146136795e-9,-8.027250385528767e-10
1.987,-1.5374449286678385e-9,-7.939972163400654e-10
1.988,-1.5154222124344916e-9,-7.853537994065843e-10
1.989,-1.4937138402584728e-9,-7.767941799155365e-10
1.99,-1.4723153501867895e-9,-7.683177497653556e-10
1.991,-1.451222343082644e-9,-7.59923900728241e-10
1.992,-1.4304304817515647e-9,-7.516120245845836e-10
1.993,-1.4099354900794868e-9,-7.433815132534701e-10
1.994,-1.3897331521826218e-9,-7.352317589193535e-10
1.995,-1.3698193115689593e-9,-7.271621541549715e-10
1.996,-1.3501898703112477e-9,-7.191720920405979e-10
1.997,-1.3308407882312957e-9,-7.112609662797075e-10
1.998,-1.31176808209545e-9,-7.034281713111337e-10
1.999,-1.2929678248210933e-9,-6.956731024177981e-10
2.0,-1.27443614469402e-9,-6.879951558320859e-10
2.001,-1.256169224596543e-9,-6.803937288379469e-10
2.002,-1.2381633012461848e-9,-6.728682198697893e-10
2.003,-1.2204146644448168e-9,-6.654180286082445e-10
2.004,-1.2029196563381016e-9,-6.580425560728697e-10
2.005,-1.1856746706851039e-9,-6.507412047118587e-10
2.006,-1.1686761521379308e-9,-6.435133784888289e-10
2.007,-1.1519205955312693e-9,-6.363584829667509e-10
2.008,-1.135404545181687e-9,-6.292759253890867e-10
2.009,-1.1191245941965647e-9,-6.222651147581985e-10
2.01,-1.1030773837925317e-9,-6.153254619110922e-10
2.011,-1.0872596026232769e-9,-6.084563795925579e-10
2.012,-1.0716679861166091e-9,-6.016572825257648e-10
2.013,-1.0562993158206402e-9,-5.949275874803725e-10
2.014,-1.0411504187589721e-9,-5.882667133382134e-10
2.015,-1.0262181667947638e-9,-5.816740811566063e-10
2.016,-1.0114994760035576e-9,-5.751491142293539e-10
2.017,-9.969913060547515e-10,-5.68691238145479e-10
2.018,-9.82690659601595e-10,-5.622998808457549e-10
2.019,-9.685945816795968e-10,-5.559744726770786e-10
2.02,-9.547001591132323e-10,-5.497144464447408e-10
2.021,-9.410045199308328e-10,-5.435192374626423e-10
2.022,-9.27504832787555e-10,-5.373882836015044e-10
2.023,-9.141983063963115e-10,-5.313210253351228e-10
2.024,-9.010821889665633e-10,-5.253169057847121e-10
2.025,-8.881537676508629e-10,-5.19375370761386e-10
2.026,-8.754103679990441e-10,-5.134958688068198e-10
2.027,-8.628493534199564e-10,-5.076778512321381e-10
2.028,-8.504681246506408e-10,-5.01920772155072e-10
2.029,-8.382641192328454e-10,-4.962240885354279e-10
2.03,-8.262348109967834e-10,-4.905872602089097e-10
2.031,-8.14377709552033e-10,-4.850097499193353e-10
2.032,-8.026903597854841e-10,-4.794910233492861e-10
2.033,-7.911703413662355e-10,-4.740305491492306e-10
2.034,-7.798152682573477e-10,-4.68627798965159e-10
2.035,-7.686227882343592e-10,-4.632822474647657e-10
2.036,-7.575905824104741e-10,-4.579933723622187e-10
2.037,-7.467163647683294e-10,-4.5276065444154955e-10
2.038,-7.359978816982543e-10,-4.4758357757869955e-10
2.039,-7.254329115429314e-10,-4.4246162876225787e-10
2.04,-7.150192641483739e-10,-4.373942981129238e-10
2.041,-7.047547804211327e-10,-4.323810789017269e-10
2.042,-6.946373318916471e-10,-4.2742146756703697e-10
2.043,-6.846648202836583e-10,-4.225149637303966e-10
2.044,-6.748351770896e-10,-4.1766107021120505e-10
2.045,-6.651463631518867e-10,-4.1285929304028637e-10
2.046,-6.555963682500179e-10,-4.081091414723694e-10
2.047,-6.461832106934205e-10,-4.0341012799750975e-10
2.048,-6.369049369199494e-10,-3.9876176835148193e-10
2.049,-6.277596210999693e-10,-3.9416358152516935e-10
2.05,-6.187453647459431e-10,-3.8961508977297944e-10
2.051,-6.098602963274498e-10,-3.8511581862031056e-10
2.052,-6.011025708915577e-10,-3.8066529687009693e-10
2.053,-5.92470369688482e-10,-3.7626305660845654e-10
2.054,-5.839618998024514e-10,-3.71908633209468e-10
2.055,-5.755753937877143e-10,-3.6760156533909917e-10
2.056,-5.673091093096145e-10,-3.633413949583134e-10
2.057,-5.591613287906653e-10,-3.5912766732537497e-10
2.058,-5.511303590615554e-10,-3.5495993099737766e-10
2.059,-5.432145310170177e-10,-3.5083773783101856e-10
2.06,-5.354121992764953e-10,-3.4676064298263855e-10
2.061,-5.277217418495383e-10,-3.427282049075519e-10
2.062,-5.201415598058664e-10,-3.3873998535868417e-10
2.063,-5.126700769500342e-10,-3.347955493845409e-10
2.064,-5.053057395006349e-10,-3.308944653265256e-10
2.065,-4.980470157739812e-10,-3.2703630481562684e-10
2.066,-4.908923958722006e-10,-3.2322064276849467e-10
2.067,-4.838403913756859e-10,-3.1944705738292317e-10
2.068,-4.768895350398397e-10,-3.157151301327591e-10
2.069,-4.700383804960555e-10,-3.1202444576225384e-10
2.07,-4.6328550195687505e-10,-3.0837459227987574e-10
2.071,-4.5662949392526623e-10,-3.0476516095160085e-10
2.072,-4.500689709079641e-10,-3.011957462936977e-10
2.073,-4.4360256713281945e-10,-2.976659460650232e-10
2.074,-4.37228936270099e-10,-2.9417536125884556e-10
2.075,-4.3094675115768357e-10,-2.9072359609420903e-10
2.076,-4.247547035301105e-10,-2.873102580068568e-10
2.077,-4.1865150375140683e-10,-2.8393495763972604e-10
2.078,-4.1263588055166105e-10,-2.8059730883303014e-10
2.079,-4.067065807672827e-10,-2.7729692861394203e-10
2.08,-4.008623690848978e-10,-2.7403343718589263e-10
2.081,-3.951020277888307e-10,-2.708064579174979e-10
2.082,-3.8942435651212266e-10,-2.67615617331128e-10
2.083,-3.838281719910382e-10,-2.6446054509113047e-10
2.084,-3.7831230782301124e-10,-2.61340873991722e-10
2.085,-3.728756142279835e-10,-2.582562399445587e-10
2.086,-3.6751695781308815e-10,-2.5520628196599885e-10
2.087,-3.622352213406325e-10,-2.5219064216406913e-10
2.088,-3.5702930349933427e-10,-2.4920896572514546e-10
2.089,-3.5189811867876653e-10,-2.462609009003602e-10
2.09,-3.4684059674696624e-10,-2.4334609899174654e-10
2.091,-3.418556828311638e-10,-2.404642143381305e-10
2.092,-3.3694233710158913e-10,-2.376149043007809e-10
2.093,-3.3209953455831256e-10,-2.3479782924882845e-10
2.094,-3.2732626482107846e-10,-2.320126525444619e-10
2.095,-3.2262153192208946e-10,-2.2925904052791293e-10
2.096,-3.179843541017013e-10,-2.2653666250223824e-10
2.097,-3.134137636069871e-10,-2.2384519071790781e-10
2.098,-3.089088064931322e-10,-2.2118430035720914e-10
2.099,-3.044685424276194e-10,-2.1855366951847534e-10
2.1,-3.000920444971662e-10,-2.1595297920014628e-10
2.101,-2.9577839901737674e-10,-2.1338191328467067e-10
2.102,-2.915267053450689e-10,-2.1084015852225753e-10
2.103,-2.8733607569324157e-10,-2.0832740451448457e-10
2.104,-2.8320563494864345e-10,-2.0584334369777163e-10
2.105,-2.791345204919088e-10,-2.033876713267263e-10
2.106,-2.751218820202239e-10,-2.009600854573693e-10
2.107,-2.711668813724883e-10,-1.9856028693024655e-10
2.108,-2.6726869235693763e-10,-1.9618797935343517e-10
2.109,-2.6342650058119303e-10,-1.9384286908544977e-10
2.11,-2.596395032847025e-10,-1.9152466521805598e-10
2.111,-2.5590690917354326e-10,-1.8923307955899747e-10
2.112,-2.5222793825754936e-10,-1.869678266146428e-10
2.113,-2.48601821689735e-10,-1.8472862357255798e-10
2.114,-2.4502780160797935e-10,-1.8251519028401095e-10
2.115,-2.4150513097894266e-10,-1.803272492464135e-10
2.116,-2.3803307344418235e-10,-1.7816452558570654e-10
2.117,-2.34610903168438e-10,-1.760267470386937e-10
2.118,-2.312379046900556e-10,-1.739136439353291e-10
2.119,-2.2791337277352086e-10,-1.7182494918096405e-10
2.12,-2.2463661226407237e-10,-1.6976039823855793e-10
2.121,-2.2140693794436548e-10,-1.6771972911085816e-10
2.122,-2.1822367439315844e-10,-1.6570268232255364e-10
2.123,-2.1508615584599245e-10,-1.637090009024069e-10
2.124,-2.1199372605783784e-10,-1.6173843036536884e-10
2.125,-2.0894573816767915e-10,-1.5979071869468066e-10
2.126,-2.0594155456501158e-10,-1.5786561632396753e-10
2.127,-2.0298054675822267e-10,-1.5596287611932737e-10
2.128,-2.0006209524483246e-10,-1.540822533614195e-10
2.129,-1.971855893835664e-10,-1.522235057275566e-10
2.13,-1.9435042726823523e-10,-1.5038639327380378e-10
2.131,-1.915560156033969e-10,-1.485706784170885e-10
2.132,-1.8880176958177506e-10,-1.4677612591732499e-10
2.133,-1.8608711276341035e-10,-1.4500250285955623e-10
2.134,-1.8341147695651936e-10,-1.4324957863611732e-10
2.135,-1.8077430210003811e-10,-1.415171249288229e-10
2.136,-1.7817503614782617e-10,-1.3980491569118242e-10
2.137,-1.7561313495450812e-10,-1.3811272713064558e-10
2.138,-1.730880621629296e-10,-1.3644033769088152e-10
2.139,-1.7059928909320537e-10,-1.34787528034094e-10
2.14,-1.6814629463333668e-10,-1.33154081023376e-10
2.141,-1.6572856513137673e-10,-1.315397817051056e-10
2.142,-1.633455942891218e-10,-1.2994441729138657e-10
2.143,-1.60996883057307e-10,-1.2836777714253547e-10
2.144,-1.5868193953228566e-10,-1.2680965274961796e-10
2.145,-1.5640027885417133e-10,-1.252698377170368e-10
2.146,-1.5415142310642201e-10,-1.2374812774517338e-10
2.147,-1.5193490121684642e-10,-1.222443206130854e-10
2.148,-1.4975024886001225e-10,-1.2075821616126244e-10
2.149,-1.4759700836103677e-10,-1.1928961627444156e-10
2.15,-1.4547472860074057e-10,-1.1783832486448518e-10
2.151,-1.4338296492214504e-10,-1.1640414785332239e-10
2.152,-1.413212790382948e-10,-1.1498689315595638e-10
2.153,-1.392892389413867e-10,-1.1358637066353904e-10
2.154,-1.372864188131868e-10,-1.122023922265148e-10
2.155,-1.3531239893671716e-10,-1.1083477163783516e-10
2.156,-1.3336676560919504e-10,-1.0948332461624552e-10
2.157,-1.314491110562065e-10,-1.0814786878964575e-10
2.158,-1.2955903334709705e-10,-1.0682822367852598e-10
2.159,-1.2769613631156272e-10,-1.05524210679479e-10
2.16,-1.258600294574241e-10,-1.0423565304879051e-10
2.161,-1.2405032788956693e-10,-1.0296237588610853e-10
2.162,-1.2226665223003307e-10,-1.017042061181932e-10
2.163,-1.2050862853924542e-10,-1.0046097248274805e-10
2.164,-1.187758882383506e-10,-9.923250551233399e-11
2.165,-1.1706806803266452e-10,-9.80186375183668e-11
2.166,-1.1538480983620418e-10,-9.681920257519948e-11
2.167,-1.1372576069729136e-10,-9.563403650429009e-11
2.168,-1.1209057272521255e-10,-9.446297685845626e-11
2.169,-1.1047890301792058e-10,-9.330586290621702e-11
2.17,-1.08890413590763e-10,-9.216253561622286e-11
2.171,-1.0732477130622298e-10,-9.103283764177484e-11
2.172,-1.0578164780465837e-10,-8.991661330543346e-11
2.173,-1.042607194360248e-10,-8.881370858371786e-11
2.174,-1.0276166719256906e-10,-8.77239710918963e-11
2.175,-1.0128417664247908e-10,-8.664725006886809e-11
2.176,-9.982793786447696e-11,-8.558339636213813e-11
2.177,-9.839264538334165e-11,-8.453226241288394e-11
2.178,-9.697799810634854e-11,-8.349370224111629e-11
2.179,-9.558369926061265e-11,-8.246757143093349e-11
2.18,-9.420945633132279e-11,-8.145372711587e-11
2.181,-9.285498100085423e-11,-8.045202796433965e-11
2.182,-9.151998908874735e-11,-7.946233416517383e-11
2.183,-9.020420049254012e-11,-7.848450741325518e-11
2.184,-8.890733912944233e-11,-7.751841089524675e-11
2.185,-8.762913287883965e-11,-7.656390927541733e-11
2.186,-8.636931352561598e-11,-7.562086868156273e-11
2.187,-8.512761670428222e-11,-7.468915669102376e-11
2.188,-8.39037818439004e-11,-7.376864231680052e-11
2.189,-8.269755211379171e-11,-7.285919599376374e-11
2.19,-8.150867437001753e-11,-7.196068956496292e-11
2.191,-8.033689910262223e-11,-7.107299626803149e-11
2.192,-7.918198038362744e-11,-7.019599072168923e-11
2.193,-7.804367581576674e-11,-6.932954891234173e-11
2.194,-7.692174648195057e-11,-6.847354818077729e-11
2.195,-7.581595689545083e-11,-6.762786720896091e-11
2.196,-7.47260749507953e-11,-6.679238600692579e-11
2.197,-7.365187187536136e-11,-6.596698589976184e-11
2.198,-7.259312218165972e-11,-6.51515495147016e-11
2.199,-7.154960362029783e-11,-6.434596076830333e-11
2.2,-7.052109713361371e-11,-6.355010485373096e-11
2.201,-6.950738680997066e-11,-6.27638682281314e-11
2.202,-6.850825983870333e-11,-6.198713860010838e-11
2.203,-6.752350646570607e-11,-6.121980491729324e-11
2.204,-6.655291994965455e-11,-6.046175735401228e-11
2.205,-6.559629651885142e-11,-5.971288729905048e-11
2.206,-6.465343532868743e-11,-5.897308734351154e-11
2.207,-6.372413841970911e-11,-5.82422512687739e-11
2.208,-6.280821067628463e-11,-5.752027403454267e-11
2.209,-6.190545978585903e-11,-5.680705176699717e-11
2.21,-6.101569619879087e-11,-5.6102481747033735e-11
2.211,-6.013873308876174e-11,-5.540646239860377e-11
2.212,-5.927438631375067e-11,-5.47188932771466e-11
2.213,-5.842247437756539e-11,-5.403967505811686e-11
2.214,-5.7582818391922576e-11,-5.336870952560621e-11
2.215,-5.675524203906921e-11,-5.270589956105903e-11
2.216,-5.5939571534937515e-11,-5.20511491320817e-11
2.217,-5.5135635592825757e-11,-5.1404363281345294e-11
2.218,-5.434326538759759e-11,-5.0765448115581235e-11
2.219,-5.356229452039246e-11,-5.013431079466959e-11
2.22,-5.2792558983839906e-11,-4.9510859520819665e-11
2.221,-5.203389712777059e-11,-4.889500352784254e-11
2.222,-5.1286149625416965e-11,-4.82866530705151e-11
2.223,-5.054915944009667e-11,-4.7685719414035306e-11
2.224,-4.982277179237183e-11,-4.709211482356817e-11
2.225,-4.910683412767739e-11,-4.650575255388212e-11
2.226,-4.8401196084411954e-11,-4.5926546839075366e-11
2.227,-4.770570946248451e-11,-4.5354412882391743e-11
2.228,-4.702022819231051e-11,-4.478926684612573e-11
2.229,-4.634460830425101e-11,-4.423102584161611e-11
2.23,-4.567870789848856e-11,-4.367960791932796e-11
2.231,-4.502238711533354e-11,-4.313493205902237e-11
2.232,-4.4375508105955004e-11,-4.2596918160013564e-11
2.233,-4.373793500352981e-11,-4.2065487031512934e-11
2.234,-4.310953389480422e-11,-4.154056038305951e-11
2.235,-4.2490172792062074e-11,-4.102206081503641e-11
2.236,-4.187972160549372e-11,-4.050991180927281e-11
2.237,-4.1278052115960064e-11,-4.000403771973094e-11
2.238,-4.068503794814605e-11,-3.950436376327762e-11
2.239,-4.0100554544098106e-11,-3.9010816010539944e-11
2.24,-3.952447913714004e-11,-3.852332137684444e-11
2.241,-3.895669072616203e-11,-3.804180761323941e-11
2.242,-3.8397070050277375e-11,-3.756620329759982e-11
2.243,-3.784549956384183e-11,-3.709643782581432e-11
2.244,-3.730186341183028e-11,-3.663244140305384e-11
2.245,-3.6766047405565735e-11,-3.6174145035121305e-11
2.246,-3.623793899879563e-11,-3.572148051988188e-11
2.247,-3.5717427264110435e-11,-3.527438043877338e-11
2.248,-3.520440286969975e-11,-3.483277814839618e-11
2.249,-3.469875805644106e-11,-3.439660777218218e-11
2.25,-3.420038661531644e-11,-3.3965804192142315e-11
2.251,-3.370918386515246e-11,-3.354030304069211e-11
2.252,-3.322504663067882e-11,-3.312004069255466e-11
2.253,-3.2747873220901016e-11,-3.2704954256740665e-11
2.254,-3.227756340778274e-11,-3.2294981568604844e-11
2.255,-3.181401840523343e-11,-3.1890061181978335e-11
2.256,-3.13571408483967e-11,-3.1490132361376454e-11
2.257,-3.090683477323547e-11,-3.109513507428135e-11
2.258,-3.046300559640929e-11,-3.0705009983499025e-11
2.259,-3.002556009544001e-11,-3.0319698439590136e-11
2.26,-2.959440638916148e-11,-2.993914247337411e-11
2.261,-2.9169453918449274e-11,-2.9563284788506075e-11
2.262,-2.8750613427226494e-11,-2.9192068754125904e-11
2.263,-2.8337796943741673e-11,-2.882543839757913e-11
2.264,-2.793091776211491e-11,-2.8463338397208885e-11
2.265,-2.752989042414841e-11,-2.8105714075218617e-11
2.266,-2.7134630701397662e-11,-2.7752511390604847e-11
2.267,-2.6745055577499537e-11,-2.7403676932159548e-11
2.268,-2.6361083230753624e-11,-2.705915791154162e-11
2.269,-2.5982633016953227e-11,-2.6718902156416844e-11
2.27,-2.560962545246241e-11,-2.638285810366592e-11
2.271,-2.5241982197535656e-11,-2.6050974792659942e-11
2.272,-2.4879626039876555e-11,-2.572320185860285e-11
2.273,-2.4522480878432264e-11,-2.5399489525940336e-11
2.274,-2.4170471707420246e-11,-2.5079788601834657e-11
2.275,-2.3823524600584026e-11,-2.4764050469704832e-11
2.276,-2.348156669567469e-11,-2.4452227082831734e-11
2.277,-2.3144526179154928e-11,-2.4144270958027525e-11
2.278,-2.2812332271122364e-11,-2.3840135169368923e-11
2.279,-2.2484915210449155e-11,-2.3539773341993797e-11
2.28,-2.216220624013466e-11,-2.324313964596056e-11
2.281,-2.1844137592868223e-11,-2.295018879016987e-11
2.282,-2.1530642476799007e-11,-2.2660876016348072e-11
2.283,-2.1221655061509966e-11,-2.2375157093091944e-11
2.284,-2.091711046419299e-11,-2.2092988309974187e-11
2.285,-2.0616944736022413e-11,-2.181432647170917e-11
2.286,-2.0321094848723997e-11,-2.1539128892378408e-11
2.287,-2.0029498681336598e-11,-2.1267353389715303e-11
2.288,-1.974209500716381e-11,-2.099895827944862e-11
2.289,-1.9458823480912807e-11,-2.0733902369704193e-11
2.29,-1.917962462601778e-11,-2.047214495546439e-11
2.291,-1.890443982214524e-11,-2.0213645813084823e-11
2.292,-1.8633211292878676e-11,-1.9958365194867817e-11
2.293,-1.8365882093579946e-11,-1.9706263823692134e-11
2.294,-1.8102396099424897e-11,-1.9457302887698493e-11
2.295,-1.784269799361071e-11,-1.9211444035030356e-11
2.296,-1.758673325573254e-11,-1.896864936862954e-11
2.297,-1.733444815032699e-11,-1.8728881441086142e-11
2.298,-1.708578971558006e-11,-1.8492103249542317e-11
2.299,-1.684070575219723e-11,-1.8258278230649418e-11
2.3,-1.659914481243331e-11,-1.8027370255578028e-11
2.301,-1.6361056189279828e-11,-1.7799343625080415e-11
2.302,-1.6126389905807655e-11,-1.7574163064604938e-11
2.303,-1.5895096704662676e-11,-1.7351793719461952e-11
2.304,-1.5667128037712307e-11,-1.7132201150040696e-11
2.305,-1.5442436055840696e-11,-1.691535132707678e-11
2.306,-1.5220973598890476e-11,-1.670121062696975e-11
2.307,-1.5002694185748994e-11,-1.648974582715029e-11
2.308,-1.478755200457692e-11,-1.628092410149662e-11
2.309,-1.457550190317721e-11,-1.6074713015799643e-11
2.31,-1.4366499379502434e-11,-1.587108052327635e-11
2.311,-1.4160500572298428e-11,-1.56699949601311e-11
2.312,-1.395746225188241e-11,-1.5471425041164257e-11
2.313,-1.3757341811053532e-11,-1.5275339855427847e-11
2.314,-1.356009725613406e-11,-1.508170886192766e-11
2.315,-1.3365687198139254e-11,-1.4890501885371507e-11
2.316,-1.317407084407412e-11,-1.4701689111963078e-11
2.317,-1.2985207988355234e-11,-1.4515241085241062e-11
2.318,-1.279905900435583e-11,-1.4331128701963035e-11
2.319,-1.2615584836072372e-11,-1.4149323208033738e-11
2.32,-1.243474698991091e-11,-1.3969796194477309e-11
2.321,-1.2256507526591467e-11,-1.379251959345304e-11
2.322,-1.2080829053168771e-11,-1.3617465674314258e-11
2.323,-1.1907674715167694e-11,-1.3444607039709911e-11
2.324,-1.1737008188831708e-11,-1.3273916621728462e-11
2.325,-1.1568793673482784e-11,-1.3105367678083651e-11
2.326,-1.1402995883991098e-11,-1.2938933788341772e-11
2.327,-1.1239580043353001e-11,-1.2774588850190017e-11
2.328,-1.1078511875375679e-11,-1.2612307075745505e-11
2.329,-1.091975759746698e-11,-1.2452062987904626e-11
2.33,-1.0763283913528916e-11,-1.2293831416732258e-11
2.331,-1.0609058006953322e-11,-1.213758749589052e-11
2.332,-1.0457047533718236e-11,-1.1983306659106623e-11
2.333,-1.0307220615583541e-11,-1.1830964636679491e-11
2.334,-1.0159545833384454e-11,-1.1680537452024717e-11
2.335,-1.001399222042144e-11,-1.1532001418257512e-11
2.336,-9.870529255945203e-12,-1.1385333134813267e-11
2.337,-9.72912685873535e-12,-1.124050948410533e-11
2.338,-9.589755380771415e-12,-1.1097507628219669e-11
2.339,-9.452385600994897e-12,-1.095630500564602e-11
2.34,-9.316988719161036e-12,-1.081687932804518e-11
2.341,-9.183536349778988e-12,-1.0679208577052066e-11
2.342,-9.052000516139192e-12,-1.054327100111419e-11
2.343,-8.922353644426633e-12,-1.0409045112365202e-11
2.344,-8.794568557918784e-12,-1.0276509683533143e-11
2.345,-8.668618471267019e-12,-1.0145643744883042e-11
2.346,-8.54447698486028e-12,-1.0016426581193541e-11
2.347,-8.42211807926984e-12,-9.888837728767189e-12
2.348,-8.30151610977399e-12,-9.762856972474047e-12
2.349,-8.18264580096148e-12,-9.638464342828308e-12
2.35,-8.065482241412622e-12,-9.515640113097546e-12
2.351,-7.95000087845692e-12,-9.394364796444305e-12
2.352,-7.836177513006125e-12,-9.274619143099666e-12
2.353,-7.723988294461635e-12,-9.15638413756849e-12
2.354,-7.613409715695184e-12,-9.039640995865993e-12
2.355,-7.504418608101749e-12,-8.924371162785338e-12
2.356,-7.396992136723653e-12,-8.810556309195934e-12
2.357,-7.291107795444839e-12,-8.69817832937211e-12
2.358,-7.186743402254293e-12,-8.587219338351866e-12
2.359,-7.083877094577652e-12,-8.477661669325369e-12
2.36,-6.982487324675983e-12,-8.369487871052922e-12
2.361,-6.882552855110796e-12,-8.262680705312053e-12
2.362,-6.7840527542743265e-12,-8.157223144373458e-12
2.363,-6.68696639198415e-12,-8.053098368505495e-12
2.364,-6.591273435141211e-12,-7.9502897635069e-12
2.365,-6.496953843450352e-12,-7.84878091826747e-12
2.366,-6.403987865202436e-12,-7.748555622356395e-12
2.367,-6.312356033117196e-12,-7.649597863637967e-12
2.368,-6.222039160245925e-12,-7.551891825914346e-12
2.369,-6.133018335933144e-12,-7.45542188659515e-12
2.37,-6.045274921836418e-12,-7.360172614393541e-12
2.371,-5.958790548003464e-12,-7.2661287670485405e-12
2.372,-5.873547109005744e-12,-7.173275289073323e-12
2.373,-5.789526760127716e-12,-7.081597309529166e-12
2.374,-5.706711913610961e-12,-6.991080139824828e-12
2.375,-5.62508523495238e-12,-6.901709271541061e-12
2.376,-5.544629639255694e-12,-6.813470374279995e-12
2.377,-5.465328287635481e-12,-6.726349293539137e-12
2.378,-5.387164583672985e-12,-6.6403320486097075e-12
2.379,-5.31012216992297e-12,-6.555404830499076e-12
2.38,-5.234184924470863e-12,-6.471553999877017e-12
2.381,-5.159336957539487e-12,-6.3887660850455425e-12
2.382,-5.08556260814465e-12,-6.307027779932062e-12
2.383,-5.012846440798902e-12,-6.226325942105609e-12
2.384,-4.941173242262757e-12,-6.146647590815892e-12
2.385,-4.870528018342709e-12,-6.067979905054925e-12
2.386,-4.800895990735359e-12,-5.990310221641001e-12
2.387,-4.732262593916992e-12,-5.913626033324745e-12
2.388,-4.664613472077956e-12,-5.837914986917034e-12
2.389,-4.5979344761011896e-12,-5.763164881438536e-12
2.39,-4.532211660584274e-12,-5.68936366629063e-12
2.391,-4.467431280904376e-12,-5.616499439447484e-12
2.392,-4.403579790325461e-12,-5.544560445669054e-12
2.393,-4.340643837147186e-12,-5.47353507473478e-12
2.394,-4.2786102618948445e-12,-5.403411859697758e-12
2.395,-4.217466094549806e-12,-5.334179475159152e-12
2.396,-4.15719855181984e-12,-5.265826735562644e-12
2.397,-4.097795034448763e-12,-5.198342593508682e-12
2.398,-4.0392431245648455e-12,-5.131716138088329e-12
2.399,-3.98153058306741e-12,-5.065936593236487e-12
2.4,-3.924645347051087e-12,-5.0009933161042795e-12
2.401,-3.86857552726717e-12,-4.936875795450405e-12
2.402,-3.813309405621543e-12,-4.873573650051218e-12
2.403,-3.758835432708663e-12,-4.8110766271293675e-12
2.404,-3.705142225381062e-12,-4.74937460080076e-12
2.405,-3.65221856435387e-12,-4.688457570539664e-12
2.406,-3.600053391843848e-12,-4.628315659661748e-12
2.407,-3.5486358092424405e-12,-4.568939113824849e-12
2.408,-3.4979550748223526e-12,-4.5103182995472886e-12
2.409,-3.4480006014771703e-12,-4.452443702743532e-12
2.41,-3.398761954493551e-12,-4.395305927276996e-12
2.411,-3.350228849355513e-12,-4.33889569352983e-12
2.412,-3.3023911495803616e-12,-4.283203836989463e-12
2.413,-3.2552388645857992e-12,-4.228221306851744e-12
2.414,-3.208762147587768e-12,-4.173939164640484e-12
2.415,-3.1629512935285835e-12,-4.120348582843218e-12
2.416,-3.1177967370349226e-12,-4.0674408435630125e-12
2.417,-3.0732890504052373e-12,-4.015207337186129e-12
2.418,-3.02941894162617e-12,-3.96363956106537e-12
2.419,-2.986177252417553e-12,-3.91272911821894e-12
2.42,-2.943554956305579e-12,-3.8624677160446354e-12
2.421,-2.9015431567237404e-12,-3.8128471650492e-12
2.422,-2.860133085141132e-12,-3.76385937759267e-12
2.423,-2.8193160992177334e-12,-3.7154963666475535e-12
2.424,-2.7790836809862685e-12,-3.6677502445726504e-12
2.425,-2.73942743506027e-12,-3.6206132219013823e-12
2.426,-2.7003390868679707e-12,-3.574077606144443e-12
2.427,-2.661810480911642e-12,-3.5281358006066186e-12
2.428,-2.623833579052023e-12,-3.482780303217617e-12
2.429,-2.586400458817474e-12,-3.438003705376749e-12
2.43,-2.549503311737494e-12,-3.393798690811297e-12
2.431,-2.513134441700262e-12,-3.350158034448431e-12
2.432,-2.4772862633338454e-12,-3.3070746013005042e-12
2.433,-2.4419513004107437e-12,-3.264541345363583e-12
2.434,-2.407122184275422e-12,-3.2225513085290623e-12
2.435,-2.3727916522945124e-12,-3.1810976195082155e-12
2.436,-2.338952546329349e-12,-3.140173492769532e-12
2.437,-2.305597811230522e-12,-3.0997722274886976e-12
2.438,-2.2727204933541263e-12,-3.0598872065110744e-12
2.439,-2.2403137390993997e-12,-3.0205118953265365e-12
2.44,-2.2083707934674335e-12,-2.9816398410565217e-12
2.441,-2.1768849986406643e-12,-2.943264671453159e-12
2.442,-2.1458497925828323e-12,-2.9053800939103342e-12
2.443,-2.1152587076591267e-12,-2.8679798944865597e-12
2.444,-2.085105369276215e-12,-2.8310579369395067e-12
2.445,-2.055383494541878e-12,-2.7946081617720763e-12
2.446,-2.0260868909439618e-12,-2.7586245852898667e-12
2.447,-1.997209455048375e-12,-2.7231012986699145e-12
2.448,-1.9687451712158516e-12,-2.688032467040575e-12
2.449,-1.940688110337208e-12,-2.653412328572417e-12
2.45,-1.9130324285868354e-12,-2.6192351935800046e-12
2.451,-1.8857723661941576e-12,-2.585495443634438e-12
2.452,-1.8589022462327967e-12,-2.5521875306865356e-12
2.453,-1.832416473427193e-12,-2.5193059762005276e-12
2.454,-1.8063095329764293e-12,-2.4868453702981465e-12
2.455,-1.7805759893950045e-12,-2.4548003709129893e-12
2.456,-1.7552104853703228e-12,-2.4231657029550365e-12
2.457,-1.7302077406366477e-12,-2.391936157485209e-12
2.458,-1.7055625508652902e-12,-2.3611065908998447e-12
2.459,-1.6812697865707929e-12,-2.3306719241249872e-12
2.46,-1.6573243920328839e-12,-2.300627141820364e-12
2.461,-1.6337213842339683e-12,-2.270967291592946e-12
2.462,-1.6104558518119365e-12,-2.2416874832199806e-12
2.463,-1.5875229540280695e-12,-2.212782887881382e-12
2.464,-1.5649179197498192e-12,-2.1842487374013747e-12
2.465,-1.5426360464482538e-12,-2.156080323499281e-12
2.466,-1.5206726992099552e-12,-2.1282729970493477e-12
2.467,-1.4990233097631593e-12,-2.1008221673495006e-12
2.468,-1.4776833755179346e-12,-2.0737233013989357e-12
2.469,-1.4566484586201978e-12,-2.0469719231844286e-12
2.47,-1.435914185019365e-12,-2.0205636129752743e-12
2.471,-1.4154762435494442e-12,-1.9944940066267452e-12
2.472,-1.3953303850233717e-12,-1.9687587948919775e-12
2.473,-1.3754724213404061e-12,-1.9433537227421818e-12
2.474,-1.3558982246063891e-12,-1.9182745886950796e-12
2.475,-1.3366037262666869e-12,-1.893517244151478e-12
2.476,-1.3175849162516305e-12,-1.8690775927398727e-12
2.477,-1.2988378421342765e-12,-1.844951589669004e-12
2.478,-1.2803586083003061e-12,-1.8211352410882523e-12
2.479,-1.2621433751298934e-12,-1.7976246034558003e-12
2.48,-1.2441883581913634e-12,-1.7744157829144552e-12
2.481,-1.2264898274464778e-12,-1.7515049346750518e-12
2.482,-1.2090441064671723e-12,-1.7288882624073414e-12
2.483,-1.1918475716635886e-12,-1.7065620176382807e-12
2.484,-1.1748966515232317e-12,-1.6845224991576335e-12
2.485,-1.1581878258610961e-12,-1.6627660524307992e-12
2.486,-1.1417176250806008e-12,-1.6412890690187818e-12
2.487,-1.1254826294451776e-12,-1.6200879860052183e-12
2.488,-1.1094794683603611e-12,-1.5991592854303786e-12
2.489,-1.0937048196662245e-12,-1.5784994937320592e-12
2.49,-1.0781554089400177e-12,-1.5581051811932872e-12
2.491,-1.0628280088088544e-12,-1.5379729613967538e-12
2.492,-1.0477194382723108e-12,-1.518099490685898e-12
2.493,-1.0328265620347844e-12,-1.4984814676325635e-12
2.494,-1.0181462898474793e-12,-1.4791156325111501e-12
2.495,-1.0036755758598764e-12,-1.4599987667791795e-12
2.496,-9.894114179805497e-13,-1.441127692564206e-12
2.497,-9.753508572471983e-13,-1.4224992721569904e-12
2.498,-9.61490977205758e-13,-1.4041104075108692e-12
2.499,-9.478289032984622e-13,-1.3859580397472382e-12
2.5,-9.343618022607239e-13,-1.368039148667085e-12
2.501,-9.210868815267104e-13,-1.3503507522684946e-12
2.502,-9.080013886434871e-13,-1.3328899062700566e-12
2.503,-8.951026106936045e-13,-1.315653703640108e-12
2.504,-8.823878737260088e-13,-1.2986392741317368e-12
2.505,-8.698545421951543e-13,-1.2818437838234828e-12
2.506,-8.575000184082012e-13,-1.265264434665663e-12
2.507,-8.453217419801805e-13,-1.2488984640322594e-12
2.508,-8.333171892970117e-13,-1.2327431442782993e-12
2.509,-8.21483872986261e-13,-1.2167957823026637e-12
2.51,-8.098193413955259e-13,-1.2010537191162594e-12
2.511,-7.983211780783402e-13,-1.1855143294154915e-12
2.512,-7.869870012874859e-13,-1.1701750211609705e-12
2.513,-7.758144634756102e-13,-1.1550332351613938e-12
2.514,-7.648012508030387e-13,-1.1400864446625396e-12
2.515,-7.539450826526824e-13,-1.1253321549413092e-12
2.516,-7.43243711151936e-13,-1.1107679029047626e-12
2.517,-7.326949207014675e-13,-1.096391256694081e-12
2.518,-7.222965275107976e-13,-1.0821998152934043e-12
2.519,-7.120463791405735e-13,-1.068191208143478e-12
2.52,-7.019423540514387e-13,-1.0543630947600583e-12
2.521,-6.919823611594049e-13,-1.0407131643570135e-12
2.522,-6.821643393976308e-13,-1.0272391354740682e-12
2.523,-6.724862572845171e-13,-1.0139387556091326e-12
2.524,-6.629461124980259e-13,-1.0008098008551647e-12
2.525,-6.535419314561336e-13,-9.878500755415068e-13
2.526,-6.442717689033311e-13,-9.75057411879646e-13
2.527,-6.351337075030816e-13,-9.624296696133443e-13
2.528,-6.261258574361525e-13,-9.499647356730846e-13
2.529,-6.172463560047348e-13,-9.37660523834783e-13
2.53,-6.084933672422677e-13,-9.255149743827136e-13
2.531,-5.998650815288852e-13,-9.135260537765973e-13
2.532,-5.91359715212404e-13,-9.01691754322801e-13
2.533,-5.829755102347739e-13,-8.900100938496027e-13
2.534,-5.747107337639095e-13,-8.784791153864684e-13
2.535,-5.66563677830828e-13,-8.670968868472953e-13
2.536,-5.585326589720151e-13,-8.558615007175731e-13
2.537,-5.506160178769441e-13,-8.447710737454149e-13
2.538,-5.42812119040674e-13,-8.338237466364112e-13
2.539,-5.351193504214529e-13,-8.230176837522631e-13
2.54,-5.275361231032549e-13,-8.123510728131446e-13
2.541,-5.200608709631799e-13,-8.018221246037534e-13
2.542,-5.126920503436437e-13,-7.914290726830022e-13
2.543,-5.054281397292939e-13,-7.811701730973086e-13
2.544,-4.982676394285777e-13,-7.71043704097438e-13
2.545,-4.912090712598995e-13,-7.610479658588586e-13
2.546,-4.842509782422998e-13,-7.51181280205564e-13
2.547,-4.773919242905897e-13,-7.414419903373232e-13
2.548,-4.706304939148775e-13,-7.318284605603135e-13
2.549,-4.639652919244259e-13,-7.223390760210995e-13
2.55,-4.573949431357728e-13,-7.129722424439129e-13
2.551,-4.509180920850592e-13,-7.037263858711966e-13
2.552,-4.4453340274449977e-13,-6.945999524073711e-13
2.553,-4.3823955824293887e-13,-6.855914079657865e-13
2.554,-4.320352605904314e-13,-6.766992380188176e-13
2.555,-4.2591923040679123e-13,-6.679219473510678e-13
2.556,-4.198902066540503e-13,-6.592580598156416e-13
2.557,-4.1394694637277093e-13,-6.507061180934487e-13
2.558,-4.080882244221566e-13,-6.422646834555027e-13
2.559,-4.023128332239066e-13,-6.339323355281801e-13
2.56,-3.9661958250975956e-13,-6.257076720613983e-13
2.561,-3.910072990726738e-13,-6.175893086996835e-13
2.562,-3.8547482652159125e-13,-6.095758787560878e-13
2.563,-3.8002102503973346e-13,-6.016660329889243e-13
2.564,-3.7464477114637917e-13,-5.938584393812834e-13
2.565,-3.6934495746207254e-13,-5.861517829232982e-13
2.566,-3.6412049247721324e-13,-5.785447653971237e-13
2.567,-3.5897030032397925e-13,-5.710361051645982e-13
2.568,-3.5389332055153406e-13,-5.636245369575535e-13
2.569,-3.4888850790447173e-13,-5.563088116707399e-13
2.57,-3.439548321044523e-13,-5.490876961573377e-13
2.571,-3.3909127763498187e-13,-5.419599730270197e-13
2.572,-3.3429684352929226e-13,-5.34924440446535e-13
2.573,-3.295705431612749e-13,-5.279799119427848e-13
2.574,-3.249114040394255e-13,-5.211252162083563e-13
2.575,-3.203184676037561e-13,-5.143591969094877e-13
2.576,-3.15790789025631e-13,-5.076807124964328e-13
2.577,-3.113274370104852e-13,-5.010886360161956e-13
2.578,-3.069274936033836e-13,-4.945818549276076e-13
2.579,-3.0259005399737965e-13,-4.881592709187166e-13
2.58,-2.983142263446333e-13,-4.818197997264606e-13
2.581,-2.9409913157024863e-13,-4.755623709585978e-13
2.582,-2.899439031887919e-13,-4.693859279178646e-13
2.583,-2.858476871234509e-13,-4.632894274283358e-13
2.584,-2.8180964152779795e-13,-4.572718396639582e-13
2.585,-2.778289366101196e-13,-4.5133214797923127e-13
2.586,-2.739047544602742e-13,-4.454693487420098e-13
2.587,-2.700362888790431e-13,-4.396824511684003e-13
2.588,-2.66222745209938e-13,-4.3397047715972697e-13
2.589,-2.624633401734294e-13,-4.2833246114154114e-13
2.59,-2.587573017035616e-13,-4.2276744990464923e-13
2.591,-2.5510386878691976e-13,-4.1727450244813404e-13
2.592,-2.5150229130391434e-13,-4.118526898243449e-13
2.593,-2.4795182987235085e-13,-4.0650109498583274e-13
2.594,-2.4445175569325064e-13,-4.012188126342057e-13
2.595,-2.410013503988912e-13,-3.960049490708818e-13
2.596,-2.3759990590303364e-13,-3.9085862204971497e-13
2.597,-2.342467242533054e-13,-3.857789606314717e-13
2.598,-2.309411174857082e-13,-3.807651050401353e-13
2.599,-2.2768240748121944e-13,-3.7581620652101513e-13
2.6,-2.2446992582445737e-13,-3.7093142720063847e-13
2.601,-2.2130301366438058e-13,-3.6610993994840297e-13
2.602,-2.181810215769918e-13,-3.613509282399684e-13
2.603,-2.1510330943001774e-13,-3.566535860223655e-13
2.604,-2.1206924624953621e-13,-3.5201711758080075e-13
2.605,-2.090782100885222e-13,-3.4744073740713686e-13
2.606,-2.061295878972859e-13,-3.429236700700274e-13
2.607,-2.0322277539577472e-13,-3.384651500866853e-13
2.608,-2.0035717694771298e-13,-3.34064421796265e-13
2.609,-1.9753220543655218e-13,-3.297207392348388e-13
2.61,-1.9474728214320663e-13,-3.254333660119466e-13
2.611,-1.920018366255476e-13,-3.212015751887003e-13
2.612,-1.8929530659963166e-13,-3.1702464915742365e-13
2.613,-1.8662713782263762e-13,-3.1290187952280764e-13
2.614,-1.8399678397748747e-13,-3.08832566984564e-13
2.615,-1.8140370655912756e-13,-3.0481602122155673e-13
2.616,-1.788473747624452e-13,-3.0085156077739447e-13
2.617,-1.763272653717981e-13,-2.969385129474651e-13
2.618,-1.7384286265213253e-13,-2.930762136673944e-13
2.619,-1.7139365824166803e-13,-2.892640074029117e-13
2.62,-1.6897915104612555e-13,-2.8550124704110463e-13
2.621,-1.6659884713447703e-13,-2.817872937830455e-13
2.622,-1.6425225963619447e-13,-2.781215170377731e-13
2.623,-1.6193890863997684e-13,-2.74503294317612e-13
2.624,-1.5965832109393364e-13,-2.7093201113481326e-13
2.625,-1.5741003070720385e-13,-2.6740706089950067e-13
2.626,-1.5519357785299002e-13,-2.639278448189047e-13
2.627,-1.5300850947298657e-13,-2.6049377179786984e-13
2.628,-1.5085437898318268e-13,-2.5710425834061854e-13
2.629,-1.4873074618101982e-13,-2.5375872845375617e-13
2.63,-1.466371771538841e-13,-2.504566135505017e-13
2.631,-1.445732441889148e-13,-2.47197352356129e-13
2.632,-1.4253852568410941e-13,-2.4398039081460304e-13
2.633,-1.405326060607073e-13,-2.40805181996397e-13
2.634,-1.385550756768327e-13,-2.3767118600747473e-13
2.635,-1.366055307423797e-13,-2.3457786989942444e-13
2.636,-1.3468357323512066e-13,-2.315247075807293e-13
2.637,-1.3278881081802097e-13,-2.285111797291603e-13
2.638,-1.309208567577425e-13,-2.2553677370527846e-13
2.639,-1.2907932984431854e-13,-2.2260098346703086e-13
2.64,-1.272638543119834e-13,-2.197033094854284e-13
2.641,-1.2547405976114046e-13,-2.1684325866129078e-13
2.642,-1.237095810814515e-13,-2.1402034424304605e-13
2.643,-1.2197005837603175e-13,-2.1123408574557093e-13
2.644,-1.2025513688673461e-13,-2.0848400887005928e-13
2.645,-1.1856446692051012e-13,-2.0576964542490578e-13
2.646,-1.1689770377682193e-13,-2.030905332475921e-13
2.647,-1.152545076761076e-13,-2.004462161275631e-13
2.648,-1.1363454368926682e-13,-1.9783624373008036e-13
2.649,-1.1203748166816318e-13,-1.9526017152104138e-13
2.65,-1.1046299617712462e-13,-1.927175606927518e-13
2.651,-1.0891076642542832e-13,-1.9020797809063893e-13
2.652,-1.0738047620075563e-13,-1.8773099614089507e-13
2.653,-1.0587181380360347e-13,-1.8528619277903835e-13
2.654,-1.0438447198263792e-13,-1.8287315137938023e-13
2.655,-1.0291814787097694e-13,-1.804914606853879e-13
2.656,-1.0147254292338831e-13,-1.781407147409306e-13
2.657,-1.000473628543902e-13,-1.7582051282239844e-13
2.658,-9.864231757724079e-14,-1.7353045937168333e-13
2.659,-9.725712114380455e-14,-1.7127016393001058e-13
2.66,-9.589149168528237e-14,-1.6903924107261103e-13
2.661,-9.454515135379317e-14,-1.6683731034422272e-13
2.662,-9.321782626479465e-14,-1.6466399619541214e-13
2.663,-9.190924644033121e-14,-1.625189279197044e-13
2.664,-9.0619145753097e-14,-1.6040173959151217e-13
2.665,-8.934726187130247e-14,-1.5831207000485383e-13
2.666,-8.809333620433282e-14,-1.562495626128502e-13
2.667,-8.685711384918693e-14,-1.542138654679907e-13
2.668,-8.563834353768548e-14,-1.522046311631589e-13
2.669,-8.443677758443736e-14,-1.5022151677340809e-13
2.67,-8.325217183555325e-14,-1.482641837984772e-13
2.671,-8.208428561809575e-14,-1.4633229810603828e-13
2.672,-8.093288169025538e-14,-1.4442552987566553e-13
2.673,-7.979772619224206e-14,-1.425435535435178e-13
2.674,-7.867858859788171e-14,-1.406860477477246e-13
2.675,-7.757524166690783e-14,-1.3885269527446741e-13
2.676,-7.64874613979382e-14,-1.3704318300474753e-13
2.677,-7.541502698212653e-14,-1.3525720186183118e-13
2.678,-7.43577207574797e-14,-1.334944467593643e-13
2.679,-7.331532816383065e-14,-1.3175461655014778e-13
2.68,-7.228763769845792e-14,-1.3003741397556512e-13
2.681,-7.127444087234202e-14,-1.283425456156546e-13
2.682,-7.027553216704994e-14,-1.2666972183981718e-13
2.683,-6.929070899223841e-14,-1.2501865675815268e-13
2.684,-6.831977164376719e-14,-1.2338906817341617e-13
2.685,-6.736252326241362e-14,-1.2178067753358646e-13
2.686,-6.641876979317958e-14,-1.201932098850394e-13
2.687,-6.548831994518268e-14,-1.1862639382631825e-13
2.688,-6.457098515212284e-14,-1.1707996146249319e-13
2.689,-6.366657953331641e-14,-1.1555364836010319e-13
2.69,-6.277491985528928e-14,-1.1404719350267242e-13
2.691,-6.189582549392132e-14,-1.1256033924679392e-13
2.692,-6.102911839713385e-14,-1.1109283127877386e-13
2.693,-6.017462304811253e-14,-1.0964441857182874e-13
2.694,-5.933216642905803e-14,-1.082148533438288e-13
2.695,-5.850157798545662e-14,-1.0680389101558088e-13
2.696,-5.768268959086355e-14,-1.0541129016964358e-13
2.697,-5.687533551219145e-14,-1.0403681250966826e-13
2.698,-5.607935237549694e-14,-1.0268022282025923e-13
2.699,-5.52945791322578e-14,-1.0134128892734632e-13
2.7,-5.4520857026134035e-14,-1.0001978165906361e-13
2.701,-5.375802956020567e-14,-9.871547480712783e-14
2.702,-5.300594246468044e-14,-9.742814508871012e-14
2.703,-5.226444366506471e-14,-9.615757210879482e-14
2.704,-5.1533383250790815e-14,-9.490353832301928e-14
2.705,-5.081261344429441e-14,-9.36658290009885e-14
2.706,-5.010198857053522e-14,-9.244423219005862e-14
2.707,-4.940136502695495e-14,-9.12385386795833e-14
2.708,-4.8710601253865884e-14,-9.004854196561718e-14
2.709,-4.802955770526421e-14,-8.887403821607063e-14
2.71,-4.735809682006178e-14,-8.771482623630994e-14
2.711,-4.669608299373033e-14,-8.657070743519754e-14
2.712,-4.6043382550352315e-14,-8.544148579156653e-14
2.713,-4.5399863715072365e-14,-8.43269678211239e-14
2.714,-4.476539658694378e-14,-8.322696254377734e-14
2.715,-4.413985311216419e-14,-8.214128145137994e-14
2.716,-4.3523107057694935e-14,-8.106973847588771e-14
2.717,-4.2915033985258606e-14,-8.001214995792444e-14
2.718,-4.2315511225709245e-14,-7.89683346157491e-14
2.719,-4.172441785376996e-14,-7.793811351462029e-14
2.72,-4.114163466313257e-14,-7.692131003655296e-14
2.721,-4.056704414191414e-14,-7.591774985046226e-14
2.722,-4.000053044846524e-14,-7.49272608826898e-14
2.723,-3.944197938752492e-14,-7.394967328790724e-14
2.724,-3.8891278386717314e-14,-7.298481942039258e-14
2.725,-3.834831647338513e-14,-7.203253380567437e-14
2.726,-3.7812984251755003e-14,-7.10926531125392e-14
2.727,-3.728517388043005e-14,-7.016501612539766e-14
2.728,-3.676477905020492e-14,-6.924946371700467e-14
2.729,-3.625169496219867e-14,-6.834583882152911e-14
2.73,-3.574581830630089e-14,-6.745398640796871e-14
2.731,-3.5247047239926626e-14,-6.657375345390576e-14
2.732,-3.4755281367075646e-14,-6.570498891959905e-14
2.733,-3.427042171769162e-14,-6.484754372240819e-14
2.734,-3.3792370727316984e-14,-6.400127071154567e-14
2.735,-3.3321032217039194e-14,-6.316602464315277e-14
2.736,-3.285631137372422e-14,-6.234166215569505e-14
2.737,-3.2398114730533065e-14,-6.152804174567343e-14
2.738,-3.1946350147717366e-14,-6.07250237436469e-14
2.739,-3.150092679369001e-14,-5.993247029056268e-14
2.74,-3.106175512636673e-14,-5.915024531439016e-14
2.741,-3.0628746874774967e-14,-5.837821450705467e-14
2.742,-3.020181502092601e-14,-5.761624530166714e-14
2.743,-2.9780873781946685e-14,-5.686420685004609e-14
2.744,-2.936583859246688e-14,-5.6121970000528136e-14
2.745,-2.895662608725918e-14,-5.538940727606322e-14
2.746,-2.855315408412708e-14,-5.466639285259115e-14
2.747,-2.8155341567038093e-14,-5.395280253769576e-14
2.748,-2.7763108669498335e-14,-5.3248513749533106e-14
2.749,-2.7376376658165054e-14,-5.25534054960303e-14
2.75,-2.699506791669372e-14,-5.186735835435147e-14
2.751,-2.6619105929816296e-14,-5.119025445062752e-14
2.752,-2.6248415267647375e-14,-5.0521977439946174e-14
2.753,-2.5882921570214897e-14,-4.9862412486599165e-14
2.754,-2.552255153221224e-14,-4.9211446244583204e-14
2.755,-2.5167232887968506e-14,-4.8568966838351456e-14
2.756,-2.4816894396633835e-14,-4.793486384381239e-14
2.757,-2.4471465827576725e-14,-4.730902826957286e-14
2.758,-2.4130877945990244e-14,-4.669135253842225e-14
2.759,-2.379506249870418e-14,-4.608173046905457e-14
2.76,-2.3463952200200163e-14,-4.5480057258025643e-14
2.761,-2.313748071882684e-14,-4.488622946194218e-14
2.762,-2.2815582663212224e-14,-4.430014497987986e-14
2.763,-2.2498193568870412e-14,-4.372170303602757e-14
2.764,-2.218524988499986e-14,-4.3150804162554784e-14
2.765,-2.1876688961470465e-14,-4.258735018269932e-14
2.766,-2.1572449035996778e-14,-4.203124419407265e-14
2.767,-2.1272469221494605e-14,-4.148239055217995e-14
2.768,-2.097668949361846e-14,-4.0940694854152153e-14
2.769,-2.068505067847719e-14,-4.040606392268738e-14
2.77,-2.0397494440525265e-14,-3.987840579019892e-14
2.771,-2.0113963270627195e-14,-3.935762968316727e-14
2.772,-1.983440047429259e-14,-3.8843646006693524e-14
2.773,-1.9558750160079424e-14,-3.8336366329251623e-14
2.774,-1.9286957228163067e-14,-3.783570336763681e-14
2.775,-1.9018967359068744e-14,-3.7341570972107913e-14
2.776,-1.8754727002565035e-14,-3.685388411172087e-14
2.777,-1.8494183366716144e-14,-3.637255885985115e-14
2.778,-1.823728440709062e-14,-3.589751237990252e-14
2.779,-1.798397881612434e-14,-3.5428662911199923e-14
2.78,-1.773421601263546e-14,-3.496592975506402e-14
2.781,-1.7487946131489258e-14,-3.450923326106506e-14
2.782,-1.7245120013410623e-14,-3.4058494813453905e-14
2.783,-1.700568919494213e-14,-3.3613636817767744e-14
2.784,-1.6769605898545598e-14,-3.3174582687608476e-14
2.785,-1.6536823022845064e-14,-3.2741256831591376e-14
2.786,-1.6307294133009162e-14,-3.2313584640461965e-14
2.787,-1.6080973451270895e-14,-3.189149247437892e-14
2.788,-1.5857815847582828e-14,-3.147490765036084e-14
2.789,-1.5637776830405785e-14,-3.1063758429894857e-14
2.79,-1.54208125376291e-14,-3.065797400670491e-14
2.791,-1.520687972762056e-14,-3.025748449467779e-14
2.792,-1.4995935770404165e-14,-2.986222091594475e-14
2.793,-1.4787938638963908e-14,-2.947211518911683e-14
2.794,-1.458284690067171e-14,-2.908710011767189e-14
2.795,-1.4380619708837788e-14,-2.8707109378491374e-14
2.796,-1.4181216794381658e-14,-2.8332077510544908e-14
2.797,-1.3984598457622068e-14,-2.796193990372085e-14
2.798,-1.3790725560184163e-14,-2.7596632787800904e-14
2.799,-1.3599559517022166e-14,-2.7236093221576945e-14
2.8,-1.3411062288555958e-14,-2.688025908210826e-14
2.801,-1.3225196372919911e-14,-2.652906905411739e-14
2.802,-1.3041924798322353e-14,-2.6182462619522765e-14
2.803,-1.2861211115514096e-14,-2.5840380047106426e-14
2.804,-1.2683019390364466e-14,-2.55027623823151e-14
2.805,-1.2507314196543274e-14,-2.5169551437192848e-14
2.806,-1.2334060608307238e-14,-2.4840689780443693e-14
2.807,-1.2163224193389332e-14,-2.45161207276225e-14
2.808,-1.1994771005989613e-14,-2.4195788331452466e-14
2.809,-1.1828667579866052e-14,-2.3879637372267633e-14
2.81,-1.166488092152395e-14,-2.356761334857877e-14
2.811,-1.1503378503502516e-14,-2.3259662467761064e-14
2.812,-1.1344128257757234e-14,-2.2955731636862087e-14
2.813,-1.118709856913661e-14,-2.2655768453528425e-14
2.814,-1.1032258268952e-14,-2.23597211970495e-14
2.815,-1.0879576628639135e-14,-2.2067538819517077e-14
2.816,-1.0729023353510066e-14,-2.1779170937098933e-14
2.817,-1.0580568576594212e-14,-2.149456782142527e-14
2.818,-1.043418285256725e-14,-2.121368039108638e-14
2.819,-1.028983715176658e-14,-2.0936460203240177e-14
2.82,-1.0147502854292124e-14,-2.066285944532813e-14
2.821,-1.0007151744191253e-14,-2.0392830926898264e-14
2.822,-9.868756003726613e-15,-2.0126328071533806e-14
2.823,-9.732288207725687e-15,-1.9863304908886144e-14
2.824,-9.597721318010906e-15,-1.9603716066810738e-14
2.825,-9.465028677909165e-15,-1.9347516763604703e-14
2.826,-9.33418400683961e-15,-1.9094662800344685e-14
2.827,-9.205161394978551e-15,-1.884511055332381e-14
2.828,-9.07793529800045e-15,-1.8598816966586398e-14
2.829,-8.952480531893827e-15,-1.835573954455919e-14
2.83,-8.828772267851072e-15,-1.8115836344777838e-14
2.831,-8.706786027231071e-15,-1.7879065970707458e-14
2.832,-8.586497676593606e-15,-1.7645387564656018e-14
2.833,-8.46788342280453e-15,-1.7414760800779347e-14
2.834,-8.350919808210657e-15,-1.7187145878176655e-14
2.835,-8.235583705883424e-15,-1.696250351407529e-14
2.836,-8.12185231493029e-15,-1.6740794937103715e-14
2.837,-8.00970315587294e-15,-1.652198188065144e-14
2.838,-7.899114066091322e-15,-1.6306026576314904e-14
2.839,-7.790063195332579e-15,-1.60928917474281e-14
2.84,-7.68252900128394e-15,-1.5882540602676953e-14
2.841,-7.576490245208672e-15,-1.567493682979626e-14
2.842,-7.471925987644178e-15,-1.5470044589348242e-14
2.843,-7.36881558416135e-15,-1.5267828508581586e-14
2.844,-7.267138681184315e-15,-1.5068253675369943e-14
2.845,-7.166875211869694e-15,-1.4871285632228896e-14
2.846,-7.068005392044541e-15,-1.4676890370410366e-14
2.847,-6.970509716202096e-15,-1.448503432407344e-14
2.848,-6.874368953554565e-15,-1.4295684364530675e-14
2.849,-6.779564144142069e-15,-1.4108807794568888e-14
2.85,-6.686076594996988e-15,-1.3924372342843439e-14
2.851,-6.5938878763629015e-15,-1.374234615834514e-14
2.852,-6.502979817967336e-15,-1.3562697804938764e-14
2.853,-6.413334505347559e-15,-1.33853962559723e-14
2.854,-6.324934276228665e-15,-1.3210410888955996e-14
2.855,-6.237761716953194e-15,-1.3037711480310328e-14
2.856,-6.151799658961551e-15,-1.2867268200181977e-14
2.857,-6.067031175322512e-15,-1.2699051607326952e-14
2.858,-5.983439577313079e-15,-1.2533032644059989e-14
2.859,-5.901008411047e-15,-1.2369182631269379e-14
2.86,-5.8197214541512405e-15,-1.220747326349636e-14
2.861,-5.73956271248974e-15,-1.2047876604078279e-14
2.862,-5.660516416933759e-15,-1.1890365080354654e-14
2.863,-5.582567020178165e-15,-1.1734911478935365e-14
2.864,-5.505699193602997e-15,-1.1581488941030145e-14
2.865,-5.429897824179657e-15,-1.1430070957838611e-14
2.866,-5.355148011421095e-15,-1.1280631366000007e-14
2.867,-5.2814350643753675e-15,-1.113314434310194e-14
2.868,-5.208744498661928e-15,-1.0987584403247308e-14
2.869,-5.137062033550065e-15,-1.0843926392678707e-14
2.87,-5.0663735890788665e-15,-1.0702145485459522e-14
2.871,-4.996665283218128e-15,-1.0562217179211031e-14
2.872,-4.9279234290696135e-15,-1.0424117290904756e-14
2.873,-4.860134532108101e-15,-1.0287821952709362e-14
2.874,-4.793285287461633e-15,-1.015330760789141e-14
2.875,-4.727362577230426e-15,-1.0020551006769242e-14
2.876,-4.662353467843874e-15,-9.889529202719344e-15
2.877,-4.598245207455112e-15,-9.76021954823449e-15
2.878,-4.535025223372597e-15,-9.632599691032997e-15
2.879,-4.472681119528184e-15,-9.506647570218442e-15
2.88,-4.411200673981167e-15,-9.382341412489183e-15
2.881,-4.350571836457786e-15,-9.259659728397039e-15
2.882,-4.290782725925676e-15,-9.138581308654504e-15
2.883,-4.2318216282027775e-15,-9.01908522048985e-15
2.884,-4.1736769936002e-15,-8.901150804049518e-15
2.885,-4.116337434598565e-15,-8.78475766884718e-15
2.886,-4.059791723557355e-15,-8.669885690258862e-15
2.887,-4.0040287904567764e-15,-8.556515006063548e-15
2.888,-3.949037720671698e-15,-8.444626013028658e-15
2.889,-3.8948077527771914e-15,-8.334199363539842e-15
2.89,-3.8413282763852255e-15,-8.22521596227449e-15
2.891,-3.788588830012078e-15,-8.117656962918429e-15
2.892,-3.7365790989760134e-15,-8.01150376492521e-15
2.893,-3.685288913324807e-15,-7.906738010317464e-15
2.894,-3.634708245792684e-15,-7.803341580529767e-15
2.895,-3.584827209786253e-15,-7.701296593292483e-15
2.896,-3.535636057399024e-15,-7.600585399556057e-15
2.897,-3.487125177454104e-15,-7.50119058045523e-15
2.898,-3.4392850935746597e-15,-7.403094944312666e-15
2.899,-3.3921064622817656e-15,-7.30628152368147e-15
2.9,-3.3455800711192345e-15,-7.210733572426114e-15
2.901,-3.2996968368050523e-15,-7.116434562841244e-15
2.902,-3.254447803409036e-15,-7.023368182807918e-15
2.903,-3.2098241405563404e-15,-6.931518332986749e-15
2.904,-3.165817141656449e-15,-6.840869124047506e-15
2.905,-3.122418222157278e-15,-6.751404873934691e-15
2.906,-3.0796189178240474e-15,-6.663110105168621e-15
2.907,-3.03741088304255e-15,-6.5759695421815604e-15
2.908,-2.99578588914649e-15,-6.48996810868846e-15
2.909,-2.9547358227685305e-15,-6.405090925091833e-15
2.91,-2.914252684214723e-15,-6.321323305920349e-15
2.911,-2.874328585861983e-15,-6.238650757300691e-15
2.912,-2.8349557505782806e-15,-6.157058974462261e-15
2.913,-2.7961265101652283e-15,-6.076533839274293e-15
2.914,-2.757833303822739e-15,-5.997061417814969e-15
2.915,-2.7200686766354494e-15,-5.918627957972113e-15
2.916,-2.6828252780805897e-15,-5.841219887075058e-15
2.917,-2.6460958605569994e-15,-5.764823809557285e-15
2.918,-2.609873277934989e-15,-5.6894265046494275e-15
2.919,-2.574150484126745e-15,-5.61501492410226e-15
2.92,-2.538920531676992e-15,-5.541576189939274e-15
2.921,-2.5041765703736205e-15,-5.469097592238454e-15
2.922,-2.4699118458779955e-15,-5.397566586942891e-15
2.923,-2.436119698374666e-15,-5.326970793699845e-15
2.924,-2.4027935612402032e-15,-5.257297993727894e-15
2.925,-2.3699269597308868e-15,-5.188536127711806e-15
2.926,-2.337513509688982e-15,-5.120673293724776e-15
2.927,-2.3055469162673306e-15,-5.0536977451776646e-15
2.928,-2.274020972672006e-15,-4.987597888794904e-15
2.929,-2.242929558922769e-15,-4.922362282616714e-15
2.93,-2.2122666406310735e-15,-4.857979634027285e-15
2.931,-2.1820262677953704e-15,-4.7944387978086044e-15
2.932,-2.1522025736134654e-15,-4.731728774219585e-15
2.933,-2.122789773311689e-15,-4.669838707100163e-15
2.934,-2.0937821629906343e-15,-4.608757882000054e-15
2.935,-2.0651741184872366e-15,-4.548475724331841e-15
2.936,-2.036960094252948e-15,-4.488981797548076e-15
2.937,-2.0091346222477964e-15,-4.43026580134209e-15
2.938,-1.9816923108500825e-15,-4.372317569872198e-15
2.939,-1.9546278437815124e-15,-4.315127070009006e-15
2.94,-1.9279359790475304e-15,-4.258684399605503e-15
2.941,-1.901611547892644e-15,-4.2029797857896635e-15
2.942,-1.8756494537705277e-15,-4.148003583279252e-15
2.943,-1.850044671328692e-15,-4.093746272718548e-15
2.944,-1.8247922454075143e-15,-4.040198459036708e-15
2.945,-1.7998872900534223e-15,-3.987350869827487e-15
2.946,-1.775324987546035e-15,-3.935194353750029e-15
2.947,-1.7511005874390616e-15,-3.883719878950473e-15
2.948,-1.727209405614755e-15,-3.832918531504087e-15
2.949,-1.7036468233517398e-15,-3.7827815138776695e-15
2.95,-1.680408286406015e-15,-3.733300143411968e-15
2.951,-1.657489304104947e-15,-3.68446585082383e-15
2.952,-1.6348854484540713e-15,-3.636270178727853e-15
2.953,-1.6125923532565162e-15,-3.588704780177269e-15
2.954,-1.5906057132448719e-15,-3.541761417223815e-15
2.955,-1.5689212832253279e-15,-3.49543195949635e-15
2.956,-1.5475348772339044e-15,-3.449708382797963e-15
2.957,-1.5264423677046047e-15,-3.4045827677213458e-15
2.958,-1.505639684649321e-15,-3.360047298282182e-15
2.959,-1.4851228148493254e-15,-3.3160942605703254e-15
2.96,-1.4648878010581826e-15,-3.2727160414185356e-15
2.961,-1.4449307412159209e-15,-3.2299051270885394e-15
2.962,-1.425247787674302e-15,-3.187654101974198e-15
2.963,-1.405835146433034e-15,-3.145955647321555e-15
2.964,-1.386689076386768e-15,-3.104802539965547e-15
2.965,-1.3678058885827293e-15,-3.06418765108316e-15
2.966,-1.3491819454888307e-15,-3.024103944962818e-15
2.967,-1.3308136602721171e-15,-2.984544477789793e-15
2.968,-1.3126974960873997e-15,-2.945502396447432e-15
2.969,-1.2948299653759289e-15,-2.906970937333988e-15
2.97,-1.277207629173969e-15,-2.8689434251948583e-15
2.971,-1.2598270964311309e-15,-2.831413271970031e-15
2.972,-1.2426850233383248e-15,-2.7943739756565348e-15
2.973,-1.2257781126651973e-15,-2.757819119185707e-15
2.974,-1.2091031131069185e-15,-2.7217423693150797e-15
2.975,-1.1926568186401846e-15,-2.6861374755346954e-15
2.976,-1.1764360678883065e-15,-2.650998268987672e-15
2.977,-1.1604377434952573e-15,-2.616318661404819e-15
2.978,-1.144658771508547e-15,-2.5820926440531342e-15
2.979,-1.1290961207708037e-15,-2.548314286697996e-15
2.98,-1.1137468023199368e-15,-2.514977736578871e-15
2.981,-1.0986078687977568e-15,-2.482077217398364e-15
2.982,-1.0836764138669383e-15,-2.44960702832444e-15
2.983,-1.0689495716362025e-15,-2.4175615430056396e-15
2.984,-1.0544245160936033e-15,-2.385935208599125e-15
2.985,-1.0400984605478063e-15,-2.3547225448113893e-15
2.986,-1.0259686570772424e-15,-2.3239181429514592e-15
2.987,-1.0120323959870257e-15,-2.293516664996438e-15
2.988,-9.98287005273529e-16,-2.2635128426692184e-15
2.989,-9.847298500965027e-16,-2.233901476528216e-15
2.99,-9.713583322586346e-16,-2.2046774350689597e-15
2.991,-9.58169889692444e-16,-2.1758356538373905e-15
2.992,-9.45161995954405e-16,-2.1473711345547123e-15
2.993,-9.323321597261973e-16,-2.1192789442536494e-15
2.994,-9.196779243229857e-16,-2.0915542144259553e-15
2.995,-9.07196867208623e-16,-2.0641921401810354e-15
2.996,-8.948865995176852e-16,-2.0371879794155312e-15
2.997,-8.827447655842368e-16,-2.0105370519937267e-15
2.998,-8.707690424772346e-16,-1.9842347389386384e-15
2.999,-8.589571395424723e-16,-1.958276481633647e-15
3.0,-8.473067979509772e-16,-1.9326577810345336e-15
3.001,-8.358157902537646e-16,-1.9073741968917864e-15
3.002,-8.244819199428611e-16,-1.8824213469830457e-15
3.003,-8.133030210185081e-16,-1.857794906355552e-15
3.004,-8.022769575624578e-16,-1.8334906065784685e-15
3.005,-7.914016233172754e-16,-1.8095042350049516e-15
3.006,-7.806749412715623e-16,-1.7858316340438404e-15
3.007,-7.70094863251017e-16,-1.762468700440839e-15
3.008,-7.596593695152507e-16,-1.7394113845690705e-15
3.009,-7.493664683602759e-16,-1.7166556897288819e-15
3.01,-7.392141957265886e-16,-1.6941976714567747e-15
3.011,-7.2920061481276375e-16,-1.6720334368433477e-15
3.012,-7.193238156944868e-16,-1.6501591438601306e-15
3.013,-7.095819149489448e-16,-1.6285710006951963e-15
3.014,-6.99973055284499e-16,-1.6072652650974346e-15
3.015,-6.90495405175568e-16,-1.5862382437293776e-15
3.016,-6.811471585026434e-16,-1.5654862915284616e-15
3.017,-6.719265341973695e-16,-1.5450058110766208e-15
3.018,-6.628317758926115e-16,-1.524793251978099e-15
3.019,-6.538611515774454e-16,-1.5048451102453768e-15
3.02,-6.450129532569971e-16,-1.4851579276931065e-15
3.021,-6.362854966170631e-16,-1.46572829133995e-15
3.022,-6.276771206934466e-16,-1.4465528328182189e-15
3.023,-6.191861875459391e-16,-1.4276282277912124e-15
3.024,-6.108110819368854e-16,-1.408951195378157e-15
3.025,-6.025502110142648e-16,-1.390518497586644e-15
3.026,-5.944020039992253e-16,-1.3723269387524706e-15
3.027,-5.863649118780089e-16,-1.3543733649867881e-15
3.028,-5.784374070982037e-16,-1.3366546636304606e-15
3.029,-5.706179832692636e-16,-1.3191677627155402e-15
3.03,-5.62905154867235e-16,-1.3019096304337691e-15
3.031,-5.552974569436304e-16,-1.2848772746120126e-15
3.032,-5.477934448383904e-16,-1.2680677421945366e-15
3.033,-5.403916938968769e-16,-1.2514781187320387e-15
3.034,-5.330907991908396e-16,-1.235105527877344e-15
3.035,-5.258893752433017e-16,-1.2189471308876822e-15
3.036,-5.187860557573061e-16,-1.2030001261334563e-15
3.037,-5.11779493348471e-16,-1.187261748613421e-15
3.038,-5.048683592812989e-16,-1.1717292694761864e-15
3.039,-4.980513432091868e-16,-1.156399995547965e-15
3.04,-4.913271529180855e-16,-1.1412712688664803e-15
3.041,-4.846945140737558e-16,-1.1263404662209565e-15
3.042,-4.781521699725712e-16,-1.1116049986981113e-15
3.043,-4.716988812958179e-16,-1.097062311234072e-15
3.044,-4.653334258674405e-16,-1.0827098821721396e-15
3.045,-4.590545984151874e-16,-1.0685452228263224e-15
3.046,-4.528612103351059e-16,-1.0545658770505667e-15
3.047,-4.46752089459341e-16,-1.0407694208136073e-15
3.048,-4.407260798271902e-16,-1.027153461779368e-15
3.049,-4.347820414593694e-16,-1.0137156388928365e-15
3.05,-4.289188501354442e-16,-1.0004536219713447e-15
3.051,-4.231353971743811e-16,-9.873651113011835e-16
3.052,-4.1743058921817633e-16,-9.744478372394807e-16
3.053,-4.118033480185172e-16,-9.616995598212776e-16
3.054,-4.062526102264342e-16,-9.49118068371731e-16
3.055,-4.007773271849015e-16,-9.367011811233795e-16
3.056,-3.9537646472434367e-16,-9.244467448384035e-16
3.057,-3.900490029610085e-16,-9.123526344358164e-16
3.058,-3.847939360981652e-16,-9.00416752623523e-16
3.059,-3.796102722300877e-16,-8.886370295351784e-16
3.06,-3.7449703314878437e-16,-8.770114223717902e-16
3.061,-3.694532541534352e-16,-8.65537915047996e-16
3.062,-3.644779838624981e-16,-8.542145178429615e-16
3.063,-3.5957028402844743e-16,-8.430392670558336e-16
3.064,-3.5472922935510635e-16,-8.320102246656926e-16
3.065,-3.499539073175377e-16,-8.211254779959436e-16
3.066,-3.4524341798445683e-16,-8.103831393830886e-16
3.067,-3.405968738431308e-16,-7.997813458498244e-16
3.068,-3.3601339962672906e-16,-7.893182587824067e-16
3.069,-3.314921321440906e-16,-7.789920636122282e-16
3.07,-3.270322201118749e-16,-7.688009695015529e-16
3.071,-3.226328239890607e-16,-7.587432090333544e-16
3.072,-3.1829311581376275e-16,-7.488170379052033e-16
3.073,-3.140122790423302e-16,-7.390207346271522e-16
3.074,-3.09789508390698e-16,-7.293526002235651e-16
3.075,-3.05624009677957e-16,-7.198109579388401e-16
3.076,-3.015149996721129e-16,-7.103941529469755e-16
3.077,-2.9746170593800275e-16,-7.011005520649273e-16
3.078,-2.934633666873387e-16,-6.919285434697108e-16
3.079,-2.8951923063084907e-16,-6.828765364191957e-16
3.08,-2.8562855683248713e-16,-6.739429609765478e-16
3.081,-2.8179061456567885e-16,-6.651262677382695e-16
3.082,-2.7800468317158004e-16,-6.56424927565791e-16
3.083,-2.7427005191931614e-16,-6.478374313205676e-16
3.084,-2.7058601986817474e-16,-6.393622896026364e-16
3.085,-2.669518957317253e-16,-6.309980324925876e-16
3.086,-2.6336699774383787e-16,-6.227432092969053e-16
3.087,-2.598306535265738e-16,-6.145963882966351e-16
3.088,-2.5634219995992364e-16,-6.065561564993331e-16
3.089,-2.5290098305336423e-16,-5.986211193942568e-16
3.09,-2.4950635781921114e-16,-5.907899007107508e-16
3.091,-2.4615768814774e-16,-5.830611421797906e-16
3.092,-2.4285434668405267e-16,-5.754335032986399e-16
3.093,-2.395957147066632e-16,-5.679056610985831e-16
3.094,-2.3638118200777933e-16,-5.604763099156897e-16
3.095,-2.332101467752568e-16,-5.531441611645752e-16
3.096,-2.300820154762008e-16,-5.459079431151167e-16
3.097,-2.2699620274219384e-16,-5.387664006720841e-16
3.098,-2.2395213125612554e-16,-5.317182951576519e-16
3.099,-2.2094923164060232e-16,-5.247624040967506e-16
3.1,-2.1798694234791482e-16,-5.17897521005223e-16
3.101,-2.150647095515413e-16,-5.111224551807478e-16
3.102,-2.1218198703916515e-16,-5.044360314964945e-16
3.103,-2.0933823610718535e-16,-4.97837090197474e-16
3.104,-2.0653292545669896e-16,-4.913244866995506e-16
3.105,-2.03765531090935e-16,-4.848970913910781e-16
3.106,-2.0103553621411915e-16,-4.785537894371297e-16
3.107,-1.9834243113174942e-16,-4.722934805862836e-16
3.108,-1.9568571315226268e-16,-4.661150789799348e-16
3.109,-1.9306488649007284e-16,-4.600175129640969e-16
3.11,-1.9047946216996122e-16,-4.539997249036641e-16
3.111,-1.8792895793280017e-16,-4.480606709990991e-16
3.112,-1.854128981425912e-16,-4.421993211055164e-16
3.113,-1.8293081369479926e-16,-4.3641465855413025e-16
3.114,-1.8048224192596494e-16,-4.3070567997603454e-16
3.115,-1.780667265245765e-16,-4.2507139512828655e-16
3.116,-1.7568381744318425e-16,-4.195108267222619e-16
3.117,-1.7333307081173995e-16,-4.1402301025425393e-16
3.118,-1.7101404885214356e-16,-4.0860699383828536e-16
3.119,-1.68726319793981e-16,-4.032618380411056e-16
3.12,-1.6646945779143566e-16,-3.9798661571934387e-16
3.121,-1.6424304284135782e-16,-3.9278041185879065e-16
3.122,-1.62046660702475e-16,-3.876423234157792e-16
3.123,-1.5987990281572786e-16,-3.8257145916064017e-16
3.124,-1.577423662257156e-16,-3.7756693952320187e-16
3.125,-1.5563365350323527e-16,-3.7262789644030997e-16
3.126,-1.5355337266889967e-16,-3.677534732053394e-16
3.127,-1.51501137117819e-16,-3.6294282431967375e-16
3.128,-1.4947656554533078e-16,-3.5819511534612507e-16
3.129,-1.4747928187376394e-16,-3.535095227642698e-16
3.13,-1.4550891518022222e-16,-3.488852338276755e-16
3.131,-1.4356509962537262e-16,-3.4432144642299293e-16
3.132,-1.4164747438322514e-16,-3.3981736893089083e-16
3.133,-1.397556835718893e-16,-3.3537222008880765e-16
3.134,-1.3788937618529452e-16,-3.3098522885549723e-16
3.135,-1.3604820602586015e-16,-3.26655634277345e-16
3.136,-1.3423183163810239e-16,-3.2238268535643194e-16
3.137,-1.3243991624316455e-16,-3.181656409203224e-16
3.138,-1.3067212767425814e-16,-3.140037694935544e-16
3.139,-1.2892813831300152e-16,-3.098963491708097e-16
3.14,-1.272076250266442e-16,-3.0584266749174143e-16
3.141,-1.255102691061636e-16,-3.018420213174384e-16
3.142,-1.2383575620522283e-16,-2.9789371670850377e-16
3.143,-1.2218377627997694e-16,-2.939970688047278e-16
3.144,-1.2055402352971584e-16,-2.9015140170633344e-16
3.145,-1.189461963383323e-16,-2.8635604835677434e-16
3.146,-1.1735999721660352e-16,-2.8261035042706504e-16
3.147,-1.1579513274527465e-16,-2.7891365820162306e-16
3.148,-1.1425131351893322e-16,-2.752653304656036e-16
3.149,-1.1272825409066332e-16,-2.7166473439370704e-16
3.15,-1.1122567291746894e-16,-2.6811124544044003e-16
3.151,-1.0974329230645496e-16,-2.6460424723181133e-16
3.152,-1.0828083836175612e-16,-2.6114313145844345e-16
3.153,-1.0683804093220288e-16,-2.577272977700818e-16
3.154,-1.0541463355971397e-16,-2.5435615367148296e-16
3.155,-1.040103534284057e-16,-2.5102911441966414e-16
3.156,-1.0262494131440771e-16,-2.4774560292249604e-16
3.157,-1.0125814153637556e-16,-2.445050496386214e-16
3.158,-9.990970190669015e-17,-2.4130689247868216e-16
3.159,-9.857937368333459e-17,-2.3815057670783813e-16
3.16,-9.72669115224389e-17,-2.3503555484955997e-16
3.161,-9.597207343148331e-17,-2.319612865906803e-16
3.162,-9.469462072315092e-17,-2.2892723868768606e-16
3.163,-9.343431796982055e-17,-2.259328848742363e-16
3.164,-9.219093295869102e-17,-2.2297770576988904e-16
3.165,-9.096423664752791e-17,-2.2006118879002173e-16
3.166,-8.975400312102408e-17,-2.1718282805692936e-16
3.167,-8.856000954776554e-17,-2.143421243120853e-16
3.168,-8.738203613779402e-17,-2.1153858482954911e-16
3.169,-8.621986610075793e-17,-2.087717233305069e-16
3.17,-8.507328560464374e-17,-2.0604105989892887e-16
3.171,-8.394208373507932e-17,-2.033461208983301e-16
3.172,-8.282605245520152e-17,-2.0068643888961952e-16
3.173,-8.172498656607993e-17,-1.9806155255002327e-16
3.174,-8.063868366768922e-17,-1.9547100659306825e-16
3.175,-7.95669441204223e-17,-1.9291435168961206e-16
3.176,-7.850957100713672e-17,-1.9039114438990557e-16
3.177,-7.746637009572704e-17,-1.8790094704667473e-16
3.178,-7.643714980221557e-17,-1.8544332773920822e-16
3.179,-7.542172115435451e-17,-1.8301786019843792e-16
3.18,-7.441989775573213e-17,-1.8062412373299907e-16
3.181,-7.343149575037618e-17,-1.7826170315625736e-16
3.182,-7.245633378784741e-17,-1.7593018871429043e-16
3.183,-7.149423298881637e-17,-1.7362917601481115e-16
3.184,-7.054501691111694e-17,-1.7135826595702047e-16
3.185,-6.960851151626971e-17,-1.691170646623777e-16
3.186,-6.868454513646885e-17,-1.6690518340627606e-16
3.187,-6.777294844202577e-17,-1.6472223855061201e-16
3.188,-6.687355440926355e-17,-1.6256785147723628e-16
3.189,-6.598619828885545e-17,-1.604416485222754e-16
3.19,-6.511071757460173e-17,-1.5834326091131212e-16
3.191,-6.42469519726382e-17,-1.562723246954137e-16
3.192,-6.3394743371071e-17,-1.5422848068799678e-16
3.193,-6.255393581003124e-17,-1.5221137440251812e-16
3.194,-6.172437545214386e-17,-1.5022065599098014e-16
3.195,-6.090591055340492e-17,-1.4825598018324093e-16
3.196,-6.009839143446161e-17,-1.4631700622711796e-16
3.197,-5.930167045228934e-17,-1.4440339782927515e-16
3.198,-5.851560197226041e-17,-1.4251482309688326e-16
3.199,-5.774004234059888e-17,-1.4065095448004332e-16
3.2,-5.697484985721602e-17,-1.3881146871496298e-16
3.201,-5.621988474892143e-17,-1.3699604676787632e-16
3.202,-5.5475009143004164e-17,-1.352043737796971e-16
3.203,-5.474008704117908e-17,-1.3343613901139607e-16
3.204,-5.401498429389306e-17,-1.3169103579009245e-16
3.205,-5.329956857498628e-17,-1.2996876145585103e-16
3.206,-5.2593709356703455e-17,-1.282690173091747e-16
3.207,-5.189727788505029e-17,-1.265915085591842e-16
3.208,-5.121014715549027e-17,-1.2493594427247555e-16
3.209,-5.0532191888977023e-17,-1.2330203732264632e-16
3.21,-4.986328850831774e-17,-1.2168950434048253e-16
3.211,-4.920331511486286e-17,-1.2009806566479672e-16
3.212,-4.855215146551758e-17,-1.1852744529390947e-16
3.213,-4.790967895007071e-17,-1.1697737083776539e-16
3.214,-4.727578056883648e-17,-1.1544757347067552e-16
3.215,-4.665034091060481e-17,-1.1393778788467802e-16
3.216,-4.6033246130896e-17,-1.124477522435089e-16
3.217,-4.542438393051537e-17,-1.1097720813717488e-16
3.218,-4.482364353440378e-17,-1.0952590053712054e-16
3.219,-4.4230915670779997e-17,-1.0809357775198201e-16
3.22,-4.364609255057066e-17,-1.0667999138391937e-16
3.221,-4.306906784712402e-17,-1.0528489628552039e-16
3.222,-4.2499736676203463e-17,-1.0390805051726805e-16
3.223,-4.193799557625686e-17,-1.0254921530556447e-16
3.224,-4.1383742488958e-17,-1.0120815500130398e-16
3.225,-4.0836876740016294e-17,-9.988463703898813e-17
3.226,-4.029729902025101e-17,-9.85784318963756e-17
3.227,-3.976491136692635e-17,-9.728931305465998e-17
3.228,-3.923961714534385e-17,-9.601705695916855e-17
3.229,-3.8721321030688367e-17,-9.476144298057521e-17
3.23,-3.820992899012424e-17,-9.352225337662077e-17
3.231,-3.77053482651382e-17,-9.229927325433422e-17
3.232,-3.7207487354125414e-17,-9.109229053274814e-17
3.233,-3.6716255995215484e-17,-8.990109590610186e-17
3.234,-3.6231565149335e-17,-8.872548280752616e-17
3.235,-3.57533269835033e-17,-8.756524737320301e-17
3.236,-3.52814548543583e-17,-8.642018840699427e-17
3.237,-3.4815863291909166e-17,-8.529010734553303e-17
3.238,-3.435646798351262e-17,-8.417480822377191e-17
3.239,-3.3903185758069913e-17,-8.307409764098183e-17
3.24,-3.345593457044125e-17,-8.198778472719591e-17
3.241,-3.301463348607476e-17,-8.091568111009213e-17
3.242,-3.257920266584701e-17,-7.985760088230957e-17
3.243,-3.214956335111207e-17,-7.881336056919201e-17
3.244,-3.1725637848956334e-17,-7.778277909695382e-17
3.245,-3.1307349517656195e-17,-7.676567776126208e-17
3.246,-3.089462275233572e-17,-7.576188019623007e-17
3.247,-3.048738297082165e-17,-7.477121234381622e-17
3.248,-3.008555659969289e-17,-7.37935024236236e-17
3.249,-2.968907106052188e-17,-7.282858090309441e-17
3.25,-2.9297854756305115e-17,-7.187628046809464e-17
3.251,-2.891183705808024e-17,-7.09364359938834e-17
3.252,-2.853094829172713e-17,-7.000888451646229e-17
3.253,-2.815511972495038e-17,-6.909346520429953e-17
3.254,-2.778428355444072e-17,-6.819001933042408e-17
3.255,-2.741837289321285e-17,-6.729839024488494e-17
3.256,-2.7057321758117312e-17,-6.641842334757078e-17
3.257,-2.670106505752388e-17,-6.554996606138524e-17
3.258,-2.6349538579174213e-17,-6.469286780577315e-17
3.259,-2.600267897820134e-17,-6.384697997059327e-17
3.26,-2.5660423765313727e-17,-6.301215589033282e-17
3.261,-2.5322711295141588e-17,-6.218825081865946e-17
3.262,-2.4989480754743258e-17,-6.137512190330617e-17
3.263,-2.4660672152269372e-17,-6.05726281612849e-17
3.264,-2.4336226305782666e-17,-5.978063045442443e-17
3.265,-2.4016084832231265e-17,-5.899899146522838e-17
3.266,-2.370019013657334e-17,-5.822757567304913e-17
3.267,-2.338848540105101e-17,-5.746624933057347e-17
3.268,-2.308091457461144e-17,-5.671488044061599e-17
3.269,-2.2777422362473126e-17,-5.597333873321609e-17
3.27,-2.247795421583529e-17,-5.5241495643034705e-17
3.271,-2.2182456321728508e-17,-5.451922428704686e-17
3.272,-2.18908755930045e-17,-5.3806399442526026e-17
3.273,-2.1603159658463266e-17,-5.3102897525316647e-17
3.274,-2.1319256853115604e-17,-5.240859656839095e-17
3.275,-2.103911620857914e-17,-5.172337620068636e-17
3.276,-2.0762687443606075e-17,-5.104711762621983e-17
3.277,-2.0489920954740774e-17,-5.037970360347553e-17
3.278,-2.0220767807105423e-17,-4.972101842506218e-17
3.279,-1.9955179725312e-17,-4.907094789763667e-17
3.28,-1.9693109084498773e-17,-4.8429379322090316e-17
3.281,-1.9434508901489687e-17,-4.7796201473994485e-17
3.282,-1.9179332826074815e-17,-4.717130458430205e-17
3.283,-1.8927535132410334e-17,-4.655458032030138e-17
3.284,-1.867907071053629e-17,-4.5945921766819634e-17
3.285,-1.843389505801055e-17,-4.534522340767195e-17
3.286,-1.8191964271657348e-17,-4.475238110735345e-17
3.287,-1.7953235039428828e-17,-4.416729209297083e-17
3.288,-1.771766463237803e-17,-4.3589854936410315e-17
3.289,-1.7485210896741777e-17,-4.3019969536739116e-17
3.29,-1.725583224613196e-17,-4.2457537102837035e-17
3.291,-1.7029487653833703e-17,-4.190246013625549e-17
3.292,-1.6806136645208955e-17,-4.135464241430073e-17
3.293,-1.6585739290204033e-17,-4.0813988973338565e-17
3.294,-1.6368256195959707e-17,-4.0280406092317446e-17
3.295,-1.6153648499522393e-17,-3.9753801276507284e-17
3.296,-1.594187786065506e-17,-3.9234083241450984e-17
3.297,-1.57329064547465e-17,-3.8721161897126073e-17
3.298,-1.552669696581756e-17,-3.821494833231354e-17
3.299,-1.5323212579623046e-17,-3.771535479917127e-17
3.3,-1.512241697684797e-17,-3.722229469800935e-17
3.301,-1.4924274326396774e-17,-3.673568256226463e-17
3.302,-1.472874927877439e-17,-3.625543404367188e-17
3.303,-1.4535806959557703e-17,-3.578146589762906e-17
3.304,-1.4345412962956305e-17,-3.531369596875409e-17
3.305,-1.415753334546124e-17,-3.485204317663063e-17
3.306,-1.3972134619580546e-17,-3.4396427501740404e-17
3.307,-1.3789183747660404e-17,-3.394676997157964e-17
3.308,-1.3608648135790693e-17,-3.35029926469572e-17
3.309,-1.3430495627793831e-17,-3.3065018608472016e-17
3.31,-1.32546944992957e-17,-3.2632771943167504e-17
3.311,-1.3081213451877571e-17,-3.2206177731360647e-17
3.312,-1.291002160730789e-17,-3.1785162033643395e-17
3.313,-1.2741088501852838e-17,-3.136965187805426e-17
3.314,-1.2574384080664554e-17,-3.0959575247417716e-17
3.315,-1.2409878692245998e-17,-3.0554861066849355e-17
3.316,-1.2247543082991359e-17,-3.015543919142452e-17
3.317,-1.2087348391800977e-17,-2.9761240394008345e-17
3.318,-1.1929266144769778e-17,-2.937219635324506e-17
3.319,-1.177326824994817e-17,-2.8988239641704486e-17
3.32,-1.1619326992174445e-17,-2.8609303714183657e-17
3.321,-1.1467415027977667e-17,-2.823532289616153e-17
3.322,-1.1317505380550108e-17,-2.7866232372404803e-17
3.323,-1.1169571434788245e-17,-2.750196817572289e-17
3.324,-1.1023586932401402e-17,-2.7142467175869976e-17
3.325,-1.0879525967087095e-17,-2.6787667068592396e-17
3.326,-1.0737362979772162e-17,-2.6437506364819312e-17
3.327,-1.0597072753918763e-17,-2.6091924379994877e-17
3.328,-1.0458630410894399e-17,-2.5750861223550004e-17
3.329,-1.0322011405405013e-17,-2.541425778851191e-17
3.33,-1.0187191520990354e-17,-2.5082055741249685e-17
3.331,-1.0054146865580719e-17,-2.4754197511354005e-17
3.332,-9.922853867114247e-18,-2.443062628164936e-17
3.333,-9.793289269213918e-18,-2.4111285978336945e-17
3.334,-9.665430126923458e-18,-2.3796121261266575e-17
3.335,-9.539253802501318e-18,-2.3485077514335935e-17
3.336,-9.414737961271938e-18,-2.3178100836015443e-17
3.337,-9.291860567533525e-18,-2.2875138029997147e-17
3.338,-9.170599880521538e-18,-2.2576136595966004e-17
3.339,-9.050934450427142e-18,-2.2281044720491918e-17
3.34,-8.93284311446987e-18,-2.198981126804101e-17
3.341,-8.816304993023734e-18,-2.17023857721045e-17
3.342,-8.701299485796072e-18,-2.141871842644372e-17
3.343,-8.5878062680584e-18,-2.1138760076449686e-17
3.344,-8.47580528692855e-18,-2.0862462210615743e-17
3.345,-8.365276757703385e-18,-2.0589776952121867e-17
3.346,-8.256201160241433e-18,-2.0320657050529032e-17
3.347,-8.148559235394698e-18,-2.0055055873582353e-17
3.348,-8.042331981489027e-18,-1.9792927399121438e-17
3.349,-7.937500650852329e-18,-1.9534226207096675e-17
3.35,-7.83404674639002e-18,-1.927890747168997e-17
3.351,-7.731952018207016e-18,-1.9026926953538603e-17
3.352,-7.631198460275669e-18,-1.8778240992060898e-17
3.353,-7.531768307148975e-18,-1.8532806497882276e-17
3.354,-7.433644030718489e-18,-1.8290580945360476e-17
3.355,-7.336808337016273e-18,-1.8051522365208578e-17
3.356,-7.24124416306032e-18,-1.7815589337214593e-17
3.357,-7.146934673742839e-18,-1.7582740983056326e-17
3.358,-7.053863258760811e-18,-1.735293695921027e-17
3.359,-6.962013529588249e-18,-1.7126137449953317e-17
3.36,-6.871369316489578e-18,-1.6902303160456068e-17
3.361,-6.781914665573583e-18,-1.6681395309966504e-17
3.362,-6.693633835887365e-18,-1.646337562508291e-17
3.363,-6.606511296549748e-18,-1.6248206333114796e-17
3.364,-6.520531723923616e-18,-1.6035850155530755e-17
3.365,-6.435679998826629e-18,-1.582627030149203e-17
3.366,-6.351941203779806e-18,-1.5619430461470742e-17
3.367,-6.269300620293445e-18,-1.5415294800951633e-17
3.368,-6.187743726189878e-18,-1.5213827954216214e-17
3.369,-6.107256192962556e-18,-1.5014995018208315e-17
3.37,-6.027823883170962e-18,-1.4818761546479875e-17
3.371,-5.949432847870862e-18,-1.4625093543215982e-17
3.372,-5.872069324079419e-18,-1.443395745733812e-17
3.373,-5.795719732274687e-18,-1.4245320176684584e-17
3.374,-5.7203706739290074e-18,-1.4059149022267058e-17
3.375,-5.646008929075865e-18,-1.3875411742602358e-17
3.376,-5.572621453909718e-18,-1.3694076508118373e-17
3.377,-5.5001953784183816e-18,-1.3515111905633205e-17
3.378,-5.4287180040474935e-18,-1.333848693290657e-17
3.379,-5.35817680139664e-18,-1.3164170993262507e-17
3.38,-5.288559407946701e-18,-1.2992133890282462e-17
3.381,-5.2198536258179956e-18,-1.2822345822567831e-17
3.382,-5.152047419558795e-18,-1.2654777378571048e-17
3.383,-5.085128913963802e-18,-1.248939953149431e-17
3.384,-5.0190863919221766e-18,-1.2326183634255089e-17
3.385,-4.953908292294711e-18,-1.2165101414517502e-17
3.386,-4.889583207819751e-18,-1.2006124969788747e-17
3.387,-4.826099883047478e-18,-1.1849226762579671e-17
3.388,-4.763447212302151e-18,-1.1694379615628714e-17
3.389,-4.701614237671947e-18,-1.1541556707188332e-17
3.39,-4.640590147026002e-18,-1.1390731566373125e-17
3.391,-4.5803642720583005e-18,-1.1241878068568838e-17
3.392,-4.520926086358026e-18,-1.1094970430901448e-17
3.393,-4.462265203506035e-18,-1.0949983207765557e-17
3.394,-4.404371375197078e-18,-1.0806891286411295e-17
3.395,-4.347234489387428e-18,-1.0665669882588984e-17
3.396,-4.290844568467562e-18,-1.0526294536250808e-17
3.397,-4.235191767459567e-18,-1.0388741107308733e-17
3.398,-4.180266372238911e-18,-1.0252985771447937e-17
3.399,-4.126058797780273e-18,-1.0119005015995043e-17
3.4,-4.072559586427082e-18,-9.986775635840425e-18
3.401,-4.019759406184452e-18,-9.856274729413869e-18
3.402,-3.967649049035198e-18,-9.727479694712916e-18
3.403,-3.916219429278605e-18,-9.600368225383174e-18
3.404,-3.865461581891653e-18,-9.47491830684993e-18
3.405,-3.815366660912386e-18,-9.351108212500393e-18
3.406,-3.7659259378451244e-18,-9.228916499915896e-18
3.407,-3.717130800087219e-18,-9.108322007153412e-18
3.408,-3.668972749377062e-18,-8.989303849075731e-18
3.409,-3.621443400263058e-18,-8.871841413729667e-18
3.41,-3.574534478593271e-18,-8.755914358771663e-18
3.411,-3.528237820025467e-18,-8.641502607940178e-18
3.412,-3.482545368557277e-18,-8.528586347574235e-18
3.413,-3.437449175076199e-18,-8.417146023177533e-18
3.414,-3.3929413959291757e-18,-8.307162336027533e-18
3.415,-3.3490142915114806e-18,-8.198616239828907e-18
3.416,-3.3056602248746448e-18,-8.091488937410792e-18
3.417,-3.2628716603531704e-18,-7.98576187746727e-18
3.418,-3.220641162209775e-18,-7.881416751340498e-18
3.419,-3.1789613932989098e-18,-7.778435489845937e-18
3.42,-3.13782511374831e-18,-7.676800260139144e-18
3.421,-3.097225179658324e-18,-7.576493462623541e-18
3.422,-3.057154541818788e-18,-7.477497727898687e-18
3.423,-3.0176062444432022e-18,-7.379795913748451e-18
3.424,-2.9785734239199724e-18,-7.283371102168625e-18
3.425,-2.940049307580489e-18,-7.188206596433432e-18
3.426,-2.9020272124838132e-18,-7.094285918200417e-18
3.427,-2.8645005442177405e-18,-7.00159280465323e-18
3.428,-2.827462795716027e-18,-6.9101112056818015e-18
3.429,-2.7909075460915493e-18,-6.819825281099423e-18
3.43,-2.754828459485189e-18,-6.730719397896238e-18
3.431,-2.7192192839302268e-18,-6.642778127528683e-18
3.432,-2.6840738502320287e-18,-6.5559862432444e-18
3.433,-2.649386070862828e-18,-6.470328717442154e-18
3.434,-2.6151499388713875e-18,-6.385790719066305e-18
3.435,-2.581359526807347e-18,-6.302357611035369e-18
3.436,-2.5480089856600523e-18,-6.220014947704243e-18
3.437,-2.5150925438116715e-18,-6.138748472359627e-18
3.438,-2.4826045060044016e-18,-6.0585441147482325e-18
3.439,-2.4505392523215817e-18,-5.979387988637332e-18
3.44,-2.4188912371825105e-18,-5.901266389407235e-18
3.441,-2.3876549883507974e-18,-5.824165791675271e-18
3.442,-2.3568251059560533e-18,-5.748072846950861e-18
3.443,-2.326396261528741e-18,-5.6729743813212824e-18
3.444,-2.2963631970480143e-18,-5.598857393167711e-18
3.445,-2.2667207240023573e-18,-5.525709050911158e-18
3.446,-2.237463722462862e-18,-5.453516690787903e-18
3.447,-2.2085871401689665e-18,-5.382267814654034e-18
3.448,-2.1800859916264837e-18,-5.311950087818722e-18
3.449,-2.15195535721776e-18,-5.242551336905851e-18
3.45,-2.1241903823237925e-18,-5.174059547743624e-18
3.451,-2.096786276458147e-18,-5.106462863281791e-18
3.452,-2.0697383124125175e-18,-5.039749581536135e-18
3.453,-2.0430418254137616e-18,-4.973908153559848e-18
3.454,-2.0166922122922713e-18,-4.9089271814414626e-18
3.455,-1.9906849306615074e-18,-4.8447954163289755e-18
3.456,-1.965015498108561e-18,-4.781501756479832e-18
3.457,-1.939679491395585e-18,-4.719035245336425e-18
3.458,-1.9146725456719513e-18,-4.657385069626781e-18
3.459,-1.8899903536969852e-18,-4.5965405574900955e-18
3.46,-1.8656286650731402e-18,-4.536491176626802e-18
3.461,-1.841583285489462e-18,-4.477226532472845e-18
3.462,-1.817850075975214e-18,-4.418736366397848e-18
3.463,-1.794424952163516e-18,-4.361010553926854e-18
3.464,-1.771303883564868e-18,-4.304039102985343e-18
3.465,-1.7484828928504217e-18,-4.247812152167206e-18
3.466,-1.7259580551448686e-18,-4.19231996902539e-18
3.467,-1.7037254973288144e-18,-4.1375529483849104e-18
3.468,-1.6817813973505131e-18,-4.0835016106779345e-18
3.469,-1.6601219835468302e-18,-4.030156600300653e-18
3.47,-1.6387435339733142e-18,-3.977508683991654e-18
3.471,-1.6176423757432517e-18,-3.925548749231516e-18
3.472,-1.5968148843755838e-18,-3.874267802663343e-18
3.473,-1.5762574831515646e-18,-3.823656968533962e-18
3.474,-1.5559666424800442e-18,-3.773707487155528e-18
3.475,-1.5359388792712588e-18,-3.724410713387251e-18
3.476,-1.5161707563190128e-18,-3.675758115136992e-18
3.477,-1.4966588816911403e-18,-3.6277412718824675e-18
3.478,-1.4773999081281338e-18,-3.5803518732118026e-18
3.479,-1.4583905324498279e-18,-3.5335817173831795e-18
3.48,-1.4396274949700334e-18,-3.487422709903339e-18
3.481,-1.42110757891901e-18,-3.4418668621246745e-18
3.482,-1.402827609873673e-18,-3.396906289860687e-18
3.483,-1.3847844551954321e-18,-3.3525332120195576e-18
3.484,-1.3669750234755551e-18,-3.3087399492555975e-18
3.485,-1.3493962639879583e-18,-3.2655189226383435e-18
3.486,-1.3320451661493208e-18,-3.2228626523390693e-18
3.487,-1.3149187589864258e-18,-3.1807637563344826e-18
3.488,-1.2980141106106305e-18,-3.1392149491273843e-18
3.489,-1.2813283276993671e-18,-3.0982090404840655e-18
3.49,-1.2648585549845834e-18,-3.05773893418823e-18
3.491,-1.2486019747480255e-18,-3.017797626811214e-18
3.492,-1.2325558063232725e-18,-2.978378206498304e-18
3.493,-1.2167173056044312e-18,-2.93947385177093e-18
3.494,-1.2010837645614031e-18,-2.9010778303445333e-18
3.495,-1.1856525107616305e-18,-2.863183497961902e-18
3.496,-1.1704209068982393e-18,-2.82578429724177e-18
3.497,-1.1553863503244898e-18,-2.7888737565424837e-18
3.498,-1.140546272594449e-18,-2.7524454888405346e-18
3.499,-1.1258981390098046e-18,-2.7164931906237643e-18
3.5,-1.1114394481727336e-18,-2.681010640799056e-18
3.501,-1.097167731544747e-18,-2.6459916996143117e-18
3.502,-1.0830805530114281e-18,-2.6114303075945383e-18
3.503,-1.0691755084529865e-18,-2.577320484491853e-18
3.504,-1.0554502253205474e-18,-2.5436563282492248e-18
3.505,-1.0419023622181016e-18,-2.510432013977778e-18
3.506,-1.0285296084900381e-18,-2.4776417929474746e-18
3.507,-1.015329683814184e-18,-2.4452799915909994e-18
3.508,-1.0023003378002776e-18,-2.413341010520684e-18
3.509,-9.89439349593805e-19,-2.381819323558289e-18
3.51,-9.767445274851207e-19,-2.35070947677748e-18
3.511,-9.642137085237885e-19,-2.3200060875588348e-18
3.512,-9.51844758138068e-19,-2.2897038436572097e-18
3.513,-9.396355697594785e-19,-2.2597975022813135e-18
3.514,-9.27584064452373e-19,-2.2302818891853174e-18
3.515,-9.156881905484532e-19,-2.2011518977723567e-18
3.516,-9.039459232861608e-19,-2.1724024882097554e-18
3.517,-8.923552644548774e-19,-2.144028686555831e-18
3.518,-8.809142420438696e-19,-2.1160255838981214e-18
3.519,-8.69620909895917e-19,-2.0883883355028867e-18
3.52,-8.584733473655559e-19,-2.0611121599757396e-18
3.521,-8.474696589818811e-19,-2.0341923384332552e-18
3.522,-8.366079741158418e-19,-2.0076242136854204e-18
3.523,-8.258864466519718e-19,-1.9814031894287788e-18
3.524,-8.153032546644949e-19,-1.9555247294501318e-18
3.525,-8.048566000977465e-19,-1.9299843568406568e-18
3.526,-7.945447084508523e-19,-1.9047776532203067e-18
3.527,-7.843658284666095e-19,-1.8799002579723606e-18
3.528,-7.743182318245099e-19,-1.855347867487981e-18
3.529,-7.644002128378543e-19,-1.831116234420662e-18
3.53,-7.546100881548986e-19,-1.8072011669504265e-18
3.531,-7.44946196463981e-19,-1.7835985280576502e-18
3.532,-7.354068982025737e-19,-1.7603042348063884e-18
3.533,-7.259905752702096e-19,-1.7373142576370756e-18
3.534,-7.166956307452295e-19,-1.7146246196684805e-18
3.535,-7.075204886052993e-19,-1.692231396008791e-18
3.536,-6.9846359345164715e-19,-1.6701307130757135e-18
3.537,-6.895234102369695e-19,-1.6483187479254674e-18
3.538,-6.8069842399695855e-19,-1.6267917275905548e-18
3.539,-6.719871395853998e-19,-1.6055459284261974e-18
3.54,-6.633880814127947e-19,-1.5845776754653205e-18
3.541,-6.548997931884594e-19,-1.5638833417819764e-18
3.542,-6.4652083766605295e-19,-1.5434593478630956e-18
3.543,-6.3824979639249e-19,-1.523302160988456e-18
3.544,-6.300852694601917e-19,-1.503408294618764e-18
3.545,-6.220258752626297e-19,-1.4837743077917406e-18
3.546,-6.140702502531212e-19,-1.4643968045261065e-18
3.547,-6.06217048706828e-19,-1.4452724332333664e-18
3.548,-5.9846494248592025e-19,-1.4263978861372856e-18
3.549,-5.908126208078599e-19,-1.407769898700963e-18
3.55,-5.832587900167631e-19,-1.3893852490613974e-18
3.551,-5.758021733577996e-19,-1.3712407574714511e-18
3.552,-5.684415107545905e-19,-1.3533332857491135e-18
3.553,-5.611755585895609e-19,-1.3356597367339688e-18
3.554,-5.540030894872102e-19,-1.318217053750774e-18
3.555,-5.469228921002612e-19,-1.3010022200800546e-18
3.556,-5.399337708986471e-19,-1.2840122584356239e-18
3.557,-5.330345459613012e-19,-1.2672442304489384e-18
3.558,-5.262240527707103e-19,-1.2506952361601985e-18
3.559,-5.195011420101937e-19,-1.234362413516105e-18
3.56,-5.128646793638747e-19,-1.2182429378741865e-18
3.561,-5.063135453193046e-19,-1.20233402151361e-18
3.562,-4.998466349727067e-19,-1.1866329131523907e-18
3.563,-4.934628578368034e-19,-1.1711368974709176e-18
3.564,-4.871611376511932e-19,-1.1558432946417112e-18
3.565,-4.809404121952422e-19,-1.1407494598653319e-18
3.566,-4.747996331034572e-19,-1.1258527829123602e-18
3.567,-4.687377656833076e-19,-1.1111506876713673e-18
3.568,-4.62753788735462e-19,-1.0966406317027986e-18
3.569,-4.568466943764087e-19,-1.082320105798692e-18
3.57,-4.510154878634274e-19,-1.068186633548157e-18
3.571,-4.452591874218807e-19,-1.0542377709085359e-18
3.572,-4.395768240747943e-19,-1.0404711057821741e-18
3.573,-4.339674414746963e-19,-1.0268842575987284e-18
3.574,-4.28430095737684e-19,-1.0134748769029364e-18
3.575,-4.229638552796887e-19,-1.00024064494778e-18
3.576,-4.175678006549107e-19,-9.871792732929678e-19
3.577,-4.122410243963932e-19,-9.742885034086729e-19
3.578,-4.0698263085870825e-19,-9.615661062844498e-19
3.579,-4.017917360627253e-19,-9.4900988204327e-19
3.58,-3.9666746754243597e-19,-9.366176595606042e-19
3.581,-3.9160896419380616e-19,-9.243872960884867e-19
3.582,-3.86615376125629e-19,-9.123166768844977e-19
3.583,-3.8168586451235255e-19,-9.004037148455987e-19
3.584,-3.7681960144885455e-19,-8.886463501467555e-19
3.585,-3.720157698071396e-19,-8.77042549884289e-19
3.586,-3.672735630949319e-19,-8.6559030772389235e-19
3.587,-3.625921853161395e-19,-8.542876435532474e-19
3.588,-3.579708508331639e-19,-8.431326031391898e-19
3.589,-3.53408784231031e-19,-8.321232577893545e-19
3.59,-3.4890522018331947e-19,-8.212577040182488e-19
3.591,-3.4445940331986125e-19,-8.105340632176912e-19
3.592,-3.400705880961924e-19,-7.999504813315622e-19
3.593,-3.3573803866472917e-19,-7.895051285348074e-19
3.594,-3.314610287476473e-19,-7.7919619891664115e-19
3.595,-3.2723884151144192e-19,-7.690219101678908e-19
3.596,-3.230707694431451e-19,-7.589805032724325e-19
3.597,-3.18956114228179e-19,-7.490702422026613e-19
3.598,-3.1489418662982335e-19,-7.392894136189443e-19
3.599,-3.1088430637027543e-19,-7.296363265730057e-19
3.6,-3.0692580201328087e-19,-7.201093122151889e-19
3.601,-3.0301801084831557e-19,-7.107067235055493e-19
3.602,-2.991602787762963e-19,-7.014269349287249e-19
3.603,-2.9535196019680157e-19,-6.922683422125355e-19
3.604,-2.9159241789678117e-19,-6.832293620502621e-19
3.605,-2.8788102294073495e-19,-6.743084318265597e-19
3.606,-2.842171545623421e-19,-6.65504009346953e-19
3.607,-2.8060020005752005e-19,-6.568145725708709e-19
3.608,-2.770295546788956e-19,-6.482386193481719e-19
3.609,-2.735046215316682e-19,-6.397746671591158e-19
3.61,-2.7002481147084763e-19,-6.314212528577351e-19
3.611,-2.665895429998475e-19,-6.231769324185633e-19
3.612,-2.6319824217041647e-19,-6.150402806866756e-19
3.613,-2.598503424838897e-19,-6.070098911309976e-19
3.614,-2.5654528479374224e-19,-5.990843756008412e-19
3.615,-2.532825172094285e-19,-5.912623640856239e-19
3.616,-2.5006149500148845e-19,-5.835425044777302e-19
3.617,-2.4688168050790637e-19,-5.759234623384748e-19
3.618,-2.4374254304170305e-19,-5.684039206671261e-19
3.619,-2.4064355879974663e-19,-5.609825796729497e-19
3.62,-2.375842107727654e-19,-5.536581565502343e-19
3.621,-2.345639886565464e-19,-5.464293852562584e-19
3.622,-2.31582388764304e-19,-5.392950162921609e-19
3.623,-2.2863891394020375e-19,-5.322538164866778e-19
3.624,-2.257330734740249e-19,-5.253045687827068e-19
3.625,-2.2286438301694734e-19,-5.184460720266621e-19
3.626,-2.2003236449844787e-19,-5.11677140760585e-19
3.627,-2.1723654604429064e-19,-5.049966050169728e-19
3.628,-2.1447646189559814e-19,-4.9840331011629e-19
3.629,-2.1175165232898689e-19,-4.91896116467128e-19
3.63,-2.0906166357775557e-19,-4.854738993689781e-19
3.631,-2.0640604775411e-19,-4.791355488175831e-19
3.632,-2.0378436277241212e-19,-4.72879969312835e-19
3.633,-2.0119617227343909e-19,-4.667060796691834e-19
3.634,-1.9864104554963901e-19,-4.606128128285248e-19
3.635,-1.9611855747137034e-19,-4.545991156755374e-19
3.636,-1.9362828841411158e-19,-4.486639488554308e-19
3.637,-1.9116982418662872e-19,-4.428062865940793e-19
3.638,-1.8874275596008744e-19,-4.370251165205069e-19
3.639,-1.8634668019809768e-19,-4.313194394916935e-19
3.64,-1.8398119858767824e-19,-4.256882694196718e-19
3.641,-1.8164591797112915e-19,-4.201306331008856e-19
3.642,-1.7934045027879967e-19,-4.146455700477786e-19
3.643,-1.7706441246274038e-19,-4.092321323225863e-19
3.644,-1.7481742643122723e-19,-4.0388938437330003e-19
3.645,-1.7259911898414623e-19,-3.98616402871777e-19
3.646,-1.7040912174922732e-19,-3.9341227655396663e-19
3.647,-1.6824707111911634e-19,-3.8827610606222574e-19
3.648,-1.6611260818927338e-19,-3.832070037896962e-19
3.649,-1.6400537869668764e-19,-3.782040937267168e-19
3.65,-1.6192503295939677e-19,-3.7326651130924403e-19
3.651,-1.5987122581680086e-19,-3.6839340326925396e-19
3.652,-1.5784361657076046e-19,-3.63583927487101e-19
3.653,-1.5584186892746777e-19,-3.5883725284580626e-19
3.654,-1.5386565094008133e-19,-3.541525590872521e-19
3.655,-1.5191463495211373e-19,-3.4952903667025585e-19
3.656,-1.499884975415626e-19,-3.4496588663050016e-19
3.657,-1.4808691946577487e-19,-3.404623204422941e-19
3.658,-1.4620958560703459e-19,-3.3601755988214224e-19
3.659,-1.4435618491886504e-19,-3.3163083689409697e-19
3.66,-1.4252641037303523e-19,-3.2730139345687175e-19
3.661,-1.407199589072618e-19,-3.2302848145269166e-19
3.662,-1.3893653137359688e-19,-3.188113625378587e-19
3.663,-1.3717583248749324e-19,-3.1464930801500918e-19
3.664,-1.3543757077753705e-19,-3.105415987070418e-19
3.665,-1.337214585358404e-19,-3.064875248326933e-19
3.666,-1.3202721176908387e-19,-3.0248638588374167e-19
3.667,-1.303545501502013e-19,-2.985374905038141e-19
3.668,-1.2870319697069771e-19,-2.946401563687801e-19
3.669,-1.270728790935926e-19,-2.9079371006870775e-19
3.67,-1.254633269069798e-19,-2.869974869913637e-19
3.671,-1.2387427427819596e-19,-2.832508312072362e-19
3.672,-1.2230545850858965e-19,-2.7955309535606117e-19
3.673,-1.207566202888833e-19,-2.759036405348319e-19
3.674,-1.1922750365511966e-19,-2.7230183618727313e-19
3.675,-1.1771785594518559e-19,-2.687470599947596e-19
3.676,-1.1622742775590516e-19,-2.652386977686611e-19
3.677,-1.1475597290069496e-19,-2.61776143344095e-19
3.678,-1.1330324836777354e-19,-2.583587984750676e-19
3.679,-1.1186901427891851e-19,-2.549860727309861e-19
3.68,-1.1045303384876332e-19,-2.5165738339452426e-19
3.681,-1.0905507334462698e-19,-2.4837215536082254e-19
3.682,-1.0767490204686967e-19,-2.4512982103800647e-19
3.683,-1.0631229220976724e-19,-2.419298202490055e-19
3.684,-1.0496701902289759e-19,-2.38771600134655e-19
3.685,-1.0363886057303251e-19,-2.3565461505806572e-19
3.686,-1.023275978065281e-19,-2.325783265102428e-19
3.687,-1.0103301449220716e-19,-2.295422030169388e-19
3.688,-9.975489718472717e-20,-2.2654572004672466e-19
3.689,-9.849303518842747e-20,-2.2358835992026215e-19
3.69,-9.724722052164917e-20,-2.2066961172076244e-19
3.691,-9.60172478815217e-20,-2.177889712056153e-19
3.692,-9.480291460920982e-20,-2.149459407191734e-19
3.693,-9.3604020655615e-20,-2.12140029106677e-19
3.694,-9.24203685475251e-20,-2.0937075162930341e-19
3.695,-9.125176335420662e-20,-2.0663762988032747e-19
3.696,-9.009801265443359e-20,-2.039401917023776e-19
3.697,-8.895892650394724e-20,-2.0127797110577373e-19
3.698,-8.783431740334099e-20,-1.9865050818793263e-19
3.699,-8.672400026636503e-20,-1.9605734905382681e-19
3.7,-8.562779238864493e-20,-1.9349804573748322e-19
3.701,-8.454551341680892e-20,-1.9097215612450807e-19
3.702,-8.347698531801841e-20,-1.884792438756244e-19
3.703,-8.242203234989645e-20,-1.860188783512092e-19
3.704,-8.138048103084884e-20,-1.8359063453681685e-19
3.705,-8.035216011077287e-20,-1.8119409296967632e-19
3.706,-7.933690054214836e-20,-1.7882883966614894e-19
3.707,-7.83345354515062e-20,-1.7649446605013447e-19
3.708,-7.734490011126924e-20,-1.7419056888241316e-19
3.709,-7.636783191196074e-20,-1.719167501909112e-19
3.71,-7.54031703347755e-20,-1.6967261720187786e-19
3.711,-7.445075692450895e-20,-1.6745778227196204e-19
3.712,-7.351043526283932e-20,-1.6527186282117694e-19
3.713,-7.258205094195861e-20,-1.631144812667408e-19
3.714,-7.166545153854719e-20,-1.6098526495778227e-19
3.715,-7.076048658808828e-20,-1.588838461108996e-19
3.716,-6.9867007559517e-20,-1.5680986174656178e-19
3.717,-6.898486783020037e-20,-1.5476295362634127e-19
3.718,-6.811392266124329e-20,-1.5274276819096686e-19
3.719,-6.72540291731166e-20,-1.507489564991865e-19
3.72,-6.640504632160287e-20,-1.4878117416742912e-19
3.721,-6.556683487405565e-20,-1.4683908131025497e-19
3.722,-6.473925738596826e-20,-1.4492234248158458e-19
3.723,-6.392217817784783e-20,-1.4303062661669568e-19
3.724,-6.31154633123908e-20,-1.4116360697497834e-19
3.725,-6.231898057195572e-20,-1.3932096108343825e-19
3.726,-6.153259943632955e-20,-1.375023706809385e-19
3.727,-6.07561910607837e-20,-1.3570752166317016e-19
3.728,-5.998962825441574e-20,-1.339361040283419e-19
3.729,-5.923278545877326e-20,-1.3218781182357973e-19
3.73,-5.848553872675616e-20,-1.3046234309202716e-19
3.731,-5.774776570179352e-20,-1.2875939982063667e-19
3.732,-5.701934559729175e-20,-1.270786878886437e-19
3.733,-5.630015917635016e-20,-1.25419917016714e-19
3.734,-5.55900887317406e-20,-1.237828007167556e-19
3.735,-5.488901806614776e-20,-1.2216705624238683e-19
3.736,-5.419683247266653e-20,-1.2057240454005147e-19
3.737,-5.35134187155532e-20,-1.1899857020077304e-19
3.738,-5.2838665011227114e-20,-1.1744528141253955e-19
3.739,-5.217246100951949e-20,-1.159122699133105e-19
3.74,-5.151469777516619e-20,-1.1439927094463813e-19
3.741,-5.0865267769541134e-20,-1.129060232058948e-19
3.742,-5.022406483262749e-20,-1.1143226880909846e-19
3.743,-4.9590984165223076e-20,-1.0997775323432875e-19
3.744,-4.8965922311377366e-20,-1.0854222528572547e-19
3.745,-4.834877714105673e-20,-1.071254370480624e-19
3.746,-4.773944783303507e-20,-1.0572714384388844e-19
3.747,-4.713783485800688e-20,-1.04347104191229e-19
3.748,-4.65438399619198e-20,-1.0298507976184004e-19
3.749,-4.595736614952377e-20,-1.0164083534000787e-19
3.75,-4.537831766813399e-20,-1.0031413878188722e-19
3.751,-4.480659999160488e-20,-9.900476097537078e-20
3.752,-4.4242119804512196e-20,-9.771247580048316e-20
3.753,-4.368478498654073e-20,-9.643706009029244e-20
3.754,-4.313450459707474e-20,-9.517829359233259e-20
3.755,-4.259118885998855e-20,-9.393595893052996e-20
3.756,-4.2054749148634703e-20,-9.270984156762741e-20
3.757,-4.152509797102705e-20,-9.149972976809936e-20
3.758,-4.100214895521616e-20,-9.030541456155166e-20
3.759,-4.0485816834854755e-20,-8.912668970659954e-20
3.76,-3.997601743495034e-20,-8.79633516552178e-20
3.761,-3.9472667657802977e-20,-8.681519951755671e-20
3.762,-3.8975685469125376e-20,-8.568203502721785e-20
3.763,-3.848498988434329e-20,-8.456366250698351e-20
3.764,-3.8000500955073565e-20,-8.345988883499413e-20
3.765,-3.752213975577772e-20,-8.237052341136763e-20
3.766,-3.70498283705886e-20,-8.129537812525493e-20
3.767,-3.6583489880308016e-20,-8.023426732232603e-20
3.768,-3.6123048349572985e-20,-7.91870077726809e-20
3.769,-3.56684288141884e-20,-7.815341863917976e-20
3.77,-3.5219557268624053e-20,-7.713332144618713e-20
3.771,-3.477636065367372e-20,-7.61265400487244e-20
3.772,-3.433876684427431e-20,-7.513290060202534e-20
3.773,-3.390670463748286e-20,-7.41522315314896e-20
3.774,-3.3480103740609495e-20,-7.318436350302875e-20
3.775,-3.305889475950411e-20,-7.22291293937998e-20
3.776,-3.2643009186994916e-20,-7.128636426332113e-20
3.777,-3.2232379391476814e-20,-7.035590532496591e-20
3.778,-3.182693860564762e-20,-6.943759191782798e-20
3.779,-3.142662091539026e-20,-6.85312654789553e-20
3.78,-3.1031361248798965e-20,-6.763676951594628e-20
3.781,-3.064109536534766e-20,-6.675394957990418e-20
3.782,-3.0255759845198624e-20,-6.588265323874487e-20
3.783,-2.9875292078649644e-20,-6.502273005085334e-20
3.784,-2.949963025571782e-20,-6.417403153908454e-20
3.785,-2.912871335585823e-20,-6.333641116510382e-20
3.786,-2.8762481137815735e-20,-6.250972430406265e-20
3.787,-2.840087412960818e-20,-6.169382821960531e-20
3.788,-2.804383361863923e-20,-6.088858203920207e-20
3.789,-2.7691301641939193e-20,-6.009384672980474e-20
3.79,-2.734322097653217e-20,-5.93094850738202e-20
3.791,-2.6999535129927838e-20,-5.8535361645398e-20
3.792,-2.666018833073627e-20,-5.777134278702763e-20
3.793,-2.6325125519404234e-20,-5.70172965864417e-20
3.794,-2.5994292339071257e-20,-5.627309285382081e-20
3.795,-2.5667635126544037e-20,-5.553860309929629e-20
3.796,-2.5345100903387585e-20,-5.481370051074687e-20
3.797,-2.5026637367131573e-20,-5.409825993188548e-20
3.798,-2.4712192882590418e-20,-5.3392157840632275e-20
3.799,-2.4401716473295597e-20,-5.269527232777033e-20
3.8,-2.4095157813038745e-20,-5.200748307588014e-20
3.801,-2.379246721752407e-20,-5.132867133854935e-20
3.802,-2.3493595636128702e-20,-5.065871991985415e-20
3.803,-2.319849464376953e-20,-4.999751315410873e-20
3.804,-2.2907116432875154e-20,-4.9344936885879253e-20
3.805,-2.2619413805461585e-20,-4.870087845025909e-20
3.806,-2.2335340165310356e-20,-4.806522665340158e-20
3.807,-2.2054849510247682e-20,-4.743787175330728e-20
3.808,-2.1777896424523367e-20,-4.681870544086214e-20
3.809,-2.150443607128817e-20,-4.6207620821123426e-20
3.81,-2.1234424185168345e-20,-4.560451239485015e-20
3.811,-2.0967817064936057e-20,-4.50092760402748e-20
3.812,-2.070457156627449e-20,-4.442180899511319e-20
3.813,-2.0444645094636357e-20,-4.3842009838809396e-20
3.814,-2.0187995598194615e-20,-4.3269778475012573e-20
3.815,-1.9934581560884217e-20,-4.270501611428276e-20
3.816,-1.9684361995533658e-20,-4.214762525702262e-20
3.817,-1.9437296437085195e-20,-4.159750967663215e-20
3.818,-1.9193344935902575e-20,-4.105457440288344e-20
3.819,-1.8952468051165124e-20,-4.0518725705512666e-20
3.82,-1.871462684434707e-20,-3.998987107802642e-20
3.821,-1.8479782872781027e-20,-3.9467919221719597e-20
3.822,-1.82478981833045e-20,-3.8952780029902064e-20
3.823,-1.8018935305988357e-20,-3.8444364572331404e-20
3.824,-1.7792857247946202e-20,-3.7942585079849004e-20
3.825,-1.7569627487223608e-20,-3.744735492921688e-20
3.826,-1.734920996676612e-20,-3.695858862815259e-20
3.827,-1.7131569088465092e-20,-3.64762018005596e-20
3.828,-1.6916669707280263e-20,-3.600011117195066e-20
3.829,-1.670447712543812e-20,-3.553023455506155e-20
3.83,-1.649495708670507e-20,-3.5066490835652786e-20
3.831,-1.628807577073441e-20,-3.460879995849679e-20
3.832,-1.6083799787486172e-20,-3.415708291354813e-20
3.833,-1.5882096171718886e-20,-3.3711261722294406e-20
3.834,-1.5682932377552335e-20,-3.3271259424285445e-20
3.835,-1.5486276273100348e-20,-3.2837000063838455e-20
3.836,-1.5292096135172765e-20,-3.240840867691687e-20
3.837,-1.5100360644045658e-20,-3.1985411278180586e-20
3.838,-1.4911038878298922e-20,-3.1567934848205356e-20
3.839,-1.4724100309720332e-20,-3.1155907320869144e-20
3.84,-1.4539514798275286e-20,-3.0749257570903234e-20
3.841,-1.435725258714128e-20,-3.0347915401605973e-20
3.842,-1.4177284297806352e-20,-2.995181153271701e-20
3.843,-1.3999580925230636e-20,-2.9560877588449887e-20
3.844,-1.382411383307018e-20,-2.917504608568102e-20
3.845,-1.3650854748962307e-20,-2.8794250422292907e-20
3.846,-1.3479775759871588e-20,-2.841842486566963e-20
3.847,-1.3310849307495794e-20,-2.80475045413426e-20
3.848,-1.3144048183730917e-20,-2.7681425421784694e-20
3.849,-1.2979345526194564e-20,-2.7320124315350665e-20
3.85,-1.281671481380697e-20,-2.6963538855362072e-20
3.851,-1.2656129862428849e-20,-2.661160748933478e-20
3.852,-1.2497564820555362e-20,-2.6264269468347165e-20
3.853,-1.2340994165065488e-20,-2.5921464836547183e-20
3.854,-1.2186392697026062e-20,-2.558313442079651e-20
3.855,-1.2033735537549774e-20,-2.5249219820449944e-20
3.856,-1.1882998123706451e-20,-2.4919663397268304e-20
3.857,-1.1734156204486896e-20,-2.4594408265463096e-20
3.858,-1.1587185836818631e-20,-2.4273398281871182e-20
3.859,-1.1442063381632868e-20,-2.395657803625783e-20
3.86,-1.1298765499982034e-20,-2.3643892841746386e-20
3.861,-1.1157269149207203e-20,-2.3335288725372957e-20
3.862,-1.101755157915479e-20,-2.3030712418764464e-20
3.863,-1.0879590328441867e-20,-2.273011134893847e-20
3.864,-1.0743363220769469e-20,-2.2433433629223145e-20
3.865,-1.0608848361283268e-20,-2.2140628050295845e-20
3.866,-1.0476024132981024e-20,-2.185164407133874e-20
3.867,-1.0344869193166163e-20,-2.1566431811309955e-20
3.868,-1.0215362469946932e-20,-2.128494204032871e-20
3.869,-1.0087483158780512e-20,-2.1007126171173003e-20
3.87,-9.961210719061522e-21,-2.0732936250888316e-20
3.871,-9.83652487075433e-21,-2.0462324952505937e-20
3.872,-9.713405591068604e-21,-2.0195245566869427e-20
3.873,-9.591833111177566e-21,-1.993165199456788e-20
3.874,-9.471787912978357e-21,-1.9671498737974486e-20
3.875,-9.353250725894013e-21,-1.941474089338912e-20
3.876,-9.236202523716475e-21,-1.9161334143283542e-20
3.877,-9.12062452149013e-21,-1.8911234748647854e-20
3.878,-9.006498172435338e-21,-1.8664399541436953e-20
3.879,-8.893805164911464e-21,-1.8420785917115627e-20
3.88,-8.782527419418843e-21,-1.8180351827300984e-20
3.881,-8.672647085639241e-21,-1.794305577250102e-20
3.882,-8.564146539514276e-21,-1.7708856794947992e-20
3.883,-8.457008380361315e-21,-1.7477714471525394e-20
3.884,-8.351215428026367e-21,-1.724958890678732e-20
3.885,-8.246750720073494e-21,-1.702444072606898e-20
3.886,-8.143597509010271e-21,-1.680223106868719e-20
3.887,-8.04173925954882e-21,-1.6582921581229698e-20
3.888,-7.941159645901964e-21,-1.6366474410932098e-20
3.889,-7.841842549114054e-21,-1.6152852199141278e-20
3.89,-7.74377205442601e-21,-1.594201807486423e-20
3.891,-7.646932448674146e-21,-1.5733935648401092e-20
3.892,-7.551308217722326e-21,-1.5528569005061362e-20
3.893,-7.456884043927043e-21,-1.5325882698962165e-20
3.894,-7.363644803634981e-21,-1.5125841746907513e-20
3.895,-7.271575564712635e-21,-1.492841162234749e-20
3.896,-7.180661584107606e-21,-1.4733558249416365e-20
3.897,-7.090888305441117e-21,-1.4541247997048494e-20
3.898,-7.002241356631391e-21,-1.4351447673171142e-20
3.899,-6.914706547547462e-21,-1.4164124518973085e-20
3.9,-6.828269867693043e-21,-1.3979246203248092e-20
3.901,-6.742917483920058e-21,-1.379678081681225e-20
3.902,-6.658635738171449e-21,-1.3616696866994227e-20
3.903,-6.575411145252905e-21,-1.3438963272197463e-20
3.904,-6.4932303906330986e-21,-1.3263549356533367e-20
3.905,-6.4120803282721076e-21,-1.3090424844524628e-20
3.906,-6.331947978477624e-21,-1.291955985587767e-20
3.907,-6.252820525788614e-21,-1.2750924900323378e-20
3.908,-6.1746853168860595e-21,-1.2584490872525208e-20
3.909,-6.097529858530447e-21,-1.2420229047053773e-20
3.91,-6.021341815525646e-21,-1.2258111073427073e-20
3.911,-5.9461090087088436e-21,-1.209810897121548e-20
3.912,-5.871819412966203e-21,-1.1940195125210643e-20
3.913,-5.798461155273904e-21,-1.17843422806575e-20
3.914,-5.726022512764249e-21,-1.1630523538548522e-20
3.915,-5.654491910816509e-21,-1.1478712350979432e-20
3.916,-5.5838579211721826e-21,-1.1328882516565556e-20
3.917,-5.514109260074367e-21,-1.118100817591804e-20
3.918,-5.445234786430921e-21,-1.1035063807179124e-20
3.919,-5.377223500001123e-21,-1.0891024221615737e-20
3.92,-5.310064539605502e-21,-1.0748864559270612e-20
3.921,-5.243747181358572e-21,-1.06085602846702e-20
3.922,-5.1782608369241485e-21,-1.0470087182588632e-20
3.923,-5.113595051792977e-21,-1.0333421353866986e-20
3.924,-5.049739503582368e-21,-1.0198539211287149e-20
3.925,-4.986684000357569e-21,-1.0065417475499565e-20
3.926,-4.924418478974593e-21,-9.934033171004146e-21
3.927,-4.8629330034442155e-21,-9.804363622183673e-21
3.928,-4.802217763316885e-21,-9.676386449388981e-21
3.929,-4.742263072088262e-21,-9.550079565075276e-21
3.93,-4.683059365625132e-21,-9.425421169988888e-21
3.931,-4.624597200611424e-21,-9.302389749403826e-21
3.932,-4.566867253014084e-21,-9.180964069407471e-21
3.933,-4.509860316568537e-21,-9.061123173234765e-21
3.934,-4.453567301283496e-21,-8.942846377650269e-21
3.935,-4.397979231964862e-21,-8.826113269377464e-21
3.936,-4.343087246758474e-21,-8.710903701574667e-21
3.937,-4.288882595711466e-21,-8.597197790356976e-21
3.938,-4.235356639351992e-21,-8.484975911363608e-21
3.939,-4.182500847287075e-21,-8.37421869637008e-21
3.94,-4.1303067968183665e-21,-8.26490702994461e-21
3.941,-4.078766171575566e-21,-8.157022046148178e-21
3.942,-4.027870760167281e-21,-8.050545125277679e-21
3.943,-3.977612454849108e-21,-7.945457890651597e-21
3.944,-3.927983250208712e-21,-7.841742205437644e-21
3.945,-3.878975241867676e-21,-7.73938016952183e-21
3.946,-3.83058062519992e-21,-7.638354116418402e-21
3.947,-3.782791694066468e-21,-7.538646610220134e-21
3.948,-3.73560083956635e-21,-7.44024044258844e-21
3.949,-3.689000548803446e-21,-7.343118629782777e-21
3.95,-3.642983403669049e-21,-7.247264409728837e-21
3.951,-3.597542079639961e-21,-7.152661239125028e-21
3.952,-3.552669344591912e-21,-7.059292790586711e-21
3.953,-3.508358057628109e-21,-6.967142949827754e-21
3.954,-3.464601167922726e-21,-6.87619581287885e-21
3.955,-3.421391713579132e-21,-6.78643568334219e-21
3.956,-3.378722820502679e-21,-6.6978470696819446e-21
3.957,-3.336587701287856e-21,-6.610414682550147e-21
3.958,-3.294979654119631e-21,-6.52412343214748e-21
3.959,-3.2538920616887887e-21,-6.4389584256185165e-21
3.96,-3.2133183901210987e-21,-6.354904964480978e-21
3.961,-3.1732521879201224e-21,-6.271948542088548e-21
3.962,-3.1336870849234967e-21,-6.190074841126816e-21
3.963,-3.0946167912725094e-21,-6.109269731141911e-21
3.964,-3.0560350963948066e-21,-6.029519266101402e-21
3.965,-3.0179358680000572e-21,-5.950809681987043e-21
3.966,-2.980313051088411e-21,-5.8731273944189485e-21
3.967,-2.943160666971583e-21,-5.7964589963107814e-21
3.968,-2.9064728123064116e-21,-5.7207912555555604e-21
3.969,-2.8702436581407155e-21,-5.6461111127416736e-21
3.97,-2.8344674489713065e-21,-5.572405678898722e-21
3.971,-2.799138501813994e-21,-5.499662233272777e-21
3.972,-2.7642512052854314e-21,-5.427868221130696e-21
3.973,-2.7298000186966466e-21,-5.357011251593097e-21
3.974,-2.6957794711581183e-21,-5.2870790954956254e-21
3.975,-2.6621841606962374e-21,-5.2180596832781446e-21
3.976,-2.6290087533810182e-21,-5.14994110290148e-21
3.977,-2.5962479824649057e-21,-5.082711597791364e-21
3.978,-2.563896647532549e-21,-5.0163595648092235e-21
3.979,-2.5319496136613855e-21,-4.950873552249455e-21
3.98,-2.500401810592913e-21,-4.886242257862848e-21
3.981,-2.469248231914499e-21,-4.822454526905816e-21
3.982,-2.438483934251603e-21,-4.759499350215082e-21
3.983,-2.408104036470272e-21,-4.6973658623075216e-21
3.984,-2.3781037188897806e-21,-4.636043339504787e-21
3.985,-2.348478222505285e-21,-4.575521198082432e-21
3.986,-2.3192228482203624e-21,-4.515788992443191e-21
3.987,-2.2903329560893117e-21,-4.45683641331411e-21
3.988,-2.2618039645690856e-21,-4.398653285967208e-21
3.989,-2.2336313497807378e-21,-4.341229568463375e-21
3.99,-2.205810644780257e-21,-4.284555349919187e-21
3.991,-2.178337438838671e-21,-4.2286208487963514e-21
3.992,-2.1512073767313042e-21,-4.1734164112134835e-21
3.993,-2.1244161580360648e-21,-4.118932509279919e-21
3.994,-2.0979595364406542e-21,-4.06515973945128e-21
3.995,-2.0718333190585804e-21,-4.012088820906509e-21
3.996,-2.0460333657538607e-21,-3.959710593946083e-21
3.997,-2.0205555884743086e-21,-3.908016018411149e-21
3.998,-1.9953959505932886e-21,-3.856996172123284e-21
3.999,-1.9705504662598373e-21,-3.806642249344635e-21
4.0,-1.9460151997570366e-21,-3.75694555925815e-21
