0.00000000, 7.95319048351514217154309274961333466330e-01, -2.79182448544518313758764398512767902311e+00, 1.00000000000000000000000000000000000000e+01, 0.00000000000000000000000000000000000000e+00, 5.50816220294089922084274046528891578541e+00, 6.54371592562789021701021162925237292271e-01, -2.0286736638985190e-01, -1.6497552877049223e+00
0.00100000, 7.95920878812434270370860306493017876210e-01, -2.79144309156431311575472487833933666609e+00, 9.99920497406737704333468453795852550652e+00, 2.79199843072127054784733663677602257220e-03, 5.50767939451572769280251624552918710653e+00, 6.55146542378577193338238020314034528616e-01, -1.9974313378623289e-01, -1.6574027075543733e+00
0.00200000, 7.96523422039336865323855118454809086871e-01, -2.79106121163740182090990539464745162296e+00, 9.99841053184785154951203719346909395544e+00, 5.58434474718591083911211627120973081226e-03, 5.50719592247482595202974761077593547583e+00, 6.55921947301363791109729694830238820098e-01, -1.9657911092823404e-01, -1.6650824714557510e+00
0.00300000, 7.97126679068463431148634315698503473331e-01, -2.79067884467176171274351024004665885229e+00, 9.99761666955671397502643119193776742521e+00, 8.37703894336584731788724431298062759058e-03, 5.50671178532334074005202348694062402769e+00, 6.56697807905993020118341252649476228657e-01, -1.9337493063936747e-01, -1.6727946560723759e+00
0.00400000, 7.97730650938568467770947324078765127383e-01, -2.79029598967110337934647770825157701529e+00, 9.99682338339966908362837096550933393508e+00, 1.11700810148065208030931445411084625866e-02, 5.50622698156229095501121288130480264780e+00, 6.57474124769059676788090412842492652574e-01, -1.9013022269954567e-01, -1.6805393372964198e+00
0.00500000, 7.98335338690929918614843215006832188799e-01, -2.78991264563552106269952049125083988587e+00, 9.99603066957280379047379015808779277948e+00, 1.39634709586184999536897095077071414755e-02, 5.50574150968854860893425469257886220131e+00, 6.58250898468909947671248578915986355985e-01, -1.8684461382215667e-01, -1.6883165902303339e+00
0.00600000, 7.98940743369359588949957006510362110816e-01, -2.78952881156147811787478857428049380355e+00, 9.99523852426255482728917504147260718943e+00, 1.67572087734690271056359077575942556569e-02, 5.50525536819481968196459675502948147045e+00, 6.59028129585642253004230705796583050429e-01, -1.8351772763099829e-01, -1.6961264891680046e+00
0.00700000, 7.99546866020213610117280766298077937460e-01, -2.78914448644179240554288022660916146898e+00, 9.99444694364567622755444011486949582877e+00, 1.95512944595734960764679120154818147697e-02, 5.50476855556962487313493762895454630312e+00, 6.59805818701108135021934414544813362547e-01, -1.8014918463707130e-01, -1.7039691075756328e+00
0.00800000, 8.00153707692402949874193585419845041311e-01, -2.78875966926562161737521188728610430005e+00, 9.99365592388920663069933269630036798814e+00, 2.23457280186868615298187927406056949844e-02, 5.50428107029728024725664501347458894015e+00, 6.60583966398913191040964251324403549979e-01, -1.7673860221523123e-01, -1.7118445180723335e+00
0.00900000, 8.00761269437403969101222348778903104437e-01, -2.78837435901844853392890061856912871777e+00, 9.99286546115043640430294543316127803085e+00, 2.51405094540949794886224786445490253230e-02, 5.50379291085787777749592246085430243939e+00, 6.61362573264418051322983563137309326716e-01, -1.7328559458069844e-01, -1.7197527924104523e+00
0.01000000, 8.01369552309269025114716316160515646142e-01, -2.78798855468206621459843356836963783913e+00, 9.99207555157687458327966945035847729805e+00, 2.79356387706058785821315246669237476536e-02, 5.50330407572726578320147095864365319154e+00, 6.62141639884739401730254058874437125492e-01, -1.6978977276542641e-01, -1.7276940014555946e+00
0.01100000, 8.01978557364637121831342960825274460490e-01, -2.78760225523456311921549735409474431934e+00, 9.99128619130621562502862590426335423214e+00, 3.07311159745409616082319502580666455082e-02, 5.50281456337702926254304355775774686692e+00, 6.62921166848751051186251670834982289705e-01, -1.6625074459432776e-01, -1.7356682151663647e+00
0.01200000, 8.02588285662744607032050409390429081713e-01, -2.78721545965030816087541625919796883130e+00, 9.99049737646630597951726960147490148711e+00, 3.35269410737261369888587153442115558437e-02, 5.50232437227447011951491919874798436049e+00, 6.63701154747085043955086761732263036930e-01, -1.6266811466135811e-01, -1.7436755025738098e+00
0.01300000, 8.03198738265435916974893305095539723299e-01, -2.78682816689993568956570142411493552649e+00, 9.98970910317511047326346465146651728571e+00, 3.63231140774828796926019836945151170503e-02, 5.50183350088258728485292585911427651220e+00, 6.64481604172132816754306970206963902068e-01, -1.5904148430545719e-01, -1.7517159317605668e+00
0.01400000, 8.03809916237174368607884096130375568047e-01, -2.78644037595033040616924361665875331709e+00, 9.98892136754067850617388842608123524724e+00, 3.91196349966192211948468761116809227770e-02, 5.50134194766005673040822274232065972135e+00, 6.65262515718046400716521991051923500116e-01, -1.5537045158634741e-01, -1.7597895698397068e+00
0.01500000, 8.04421820645052999634810752120956770672e-01, -2.78605208576461220641168948301541518345e+00, 9.98813416566111006019012596699988253091e+00, 4.19165038434206680420076283296758969945e-02, 5.50084971106121137651560608152805172231e+00, 6.66043889980739668216161283912585417276e-01, -1.5165461126018939e-01, -1.7678964829332740e+00
0.01600000, 8.05034452558805456688754856881035869255e-01, -2.78566329530212095431952520685817765272e+00, 9.98734749362452151868727198118851175522e+00, 4.47137206316410485826006269487829817452e-02, 5.50035678953602089188863286182342058792e+00, 6.66825727557889624578558037503674260089e-01, -1.4789355475509453e-01, -1.7760367361505152e+00
0.01700000, 8.05647813050816931869851037040418092894e-01, -2.78527400351840118475235203642629378117e+00, 9.98656134750901129556326125631602282310e+00, 4.75112853764932874240493841844523153387e-02, 5.49986318153007138556836099431052337582e+00, 6.67608029048937744689445628847172002518e-01, -1.4408687014649428e-01, -1.7842103935657957e+00
0.01800000, 8.06261903196135147905649888212800096059e-01, -2.78488420936518673456977497128890487839e+00, 9.98577572338262527295050027149259533322e+00, 5.03091980946401071702278084191163932999e-02, 5.49936888548454499044698282074901780241e+00, 6.68390795055091354523856254281725034333e-01, -1.4023414213236618e-01, -1.7924175181961977e+00
0.01900000, 8.06876724072481392194282078187043652760e-01, -2.78449391179038530199023882348404295691e+00, 9.98499061730332204647467252753559453134e+00, 5.31074588041846569908258090081383573680e-02, 5.49887389983619933788208090188830731703e+00, 6.69174026179325057614325318721646681245e-01, -1.3633495200831644e-01, -1.8006581719787975e+00
0.02000000, 8.07492276760261599992471266621375435008e-01, -2.78410310973806293369603467125045165652e+00, 9.98420602531893797697883722524916873973e+00, 5.59060675246610675696630136637626910827e-02, 5.49837822301734692291166045610558557288e+00, 6.69957723026382206479229501656356356559e-01, -1.3238887764251896e-01, -1.8089324157476173e+00
0.02100000, 8.08108562342577487012308010489350007289e-01, -2.78371180214842843923556419501786993040e+00, 9.98342194346715204762413492559664462862e+00, 5.87050242770249319750818448266254190101e-02, 5.49788185345583435957451117372931855580e+00, 6.70741886202776419033021124568725830890e-01, -1.2839549345051085e-01, -1.8172403092102465e+00
0.02200000, 8.08725581905237731692576052877637163528e-01, -2.78331998795781773227078930992399549309e+00, 9.98263836777545052527155427355968160182e+00, 6.15043290836437119915200641380814273059e-02, 5.49738478957502152583482203922965178300e+00, 6.71526516316793140001066478781929527240e-01, -1.2435437036984425e-01, -1.8255819109241304e+00
0.02300000, 8.09343336536769207412316449699363886225e-01, -2.78292766609867809821460966996682406391e+00, 9.98185529426109142504230029499806526357e+00, 6.43039819682870694472948144174359809018e-02, 5.49688702979376059760431584739489530553e+00, 6.72311613978491247362751091255547551676e-01, -1.2026507583459447e-01, -1.8339572782725204e+00
0.02400000, 8.09961827328428264916224005729841516881e-01, -2.78253483549955238779970079688718314282e+00, 9.98107271893106877694733671566169465209e+00, 6.71039829561171220695248259202032787527e-02, 5.49638857252637497134948489616004792512e+00, 6.73097179799704703847480466637278689617e-01, -1.1612717374972450e-01, -1.8423664674400813e+00
0.02500000, 8.10581055374212065223394600611575715480e-01, -2.78214149508506313611711056071562014339e+00, 9.98029063778207669346965173195863846804e+00, 6.99043320736786233929744640861716718566e-02, 5.49588941618263807476579546971666805065e+00, 6.73883214394044253509180607079109495772e-01, -1.1194022446530579e-01, -1.8508095333881535e+00
0.02600000, 8.11201021770869963292881320894880799318e-01, -2.78174764377589660665965128509286040113e+00, 9.97950904680047323697571820798525699813e+00, 7.27050293488890662454223319039611764531e-02, 5.49538955916775206499498577902843951286e+00, 6.74669718376899163405888539126832810216e-01, -1.0770378475059536e-01, -1.8592865298296629e+00
0.02700000, 8.11821727617914942721472010840928308536e-01, -2.78135328048878675990183864321603292108e+00, 9.97872794196224408582548490200325516447e+00, 7.55060748110287093279378502511255673730e-02, 5.49488899988232641385580958729774982654e+00, 6.75456692365439010412019133598783599097e-01, -1.0341740776796941e-01, -1.8677975092036762e+00
0.02800000, 8.12443174017635101751071048971377248164e-01, -2.78095840413649914594481652153019927693e+00, 9.97794731923296599804304455277586273396e+00, 7.83074684907305264041912693083300348713e-02, 5.49438773672235637955277539591933047031e+00, 6.76244136978615513191900656012236124687e-01, -9.9080643046713235e-02, -1.8763425226495964e+00
0.02900000, 8.13065362075105190865053986867425563056e-01, -2.78056301362781472075136892773126201369e+00, 9.97716717456777007140287699212003418862e+00, 8.11092104199700776086255549071547416686e-02, 5.49388576807920136432159837888067542635e+00, 6.77032052837164409364187700032856715983e-01, -9.4693036456667816e-02, -1.8849216199809937e+00
0.03000000, 8.13688292898198202254965290489619838912e-01, -2.78016710786751358549275557459924270800e+00, 9.97638750391130479877926040021157434274e+00, 8.39113006320553023789821832476514456262e-02, 5.49338309233956315746421880347700772398e+00, 6.77820440563607377887786404853776685954e-01, -9.0254130181733020e-02, -1.8935348496590678e+00
0.03100000, 8.14311967597597011440946942635570814462e-01, -2.77977068575635864852571674661329340865e+00, 9.97560830319769891759908088541371240520e+00, 8.67137391616162335142966998447976851993e-02, 5.49287970788546406322034603180888510211e+00, 6.78609300782254006700963111588317669794e-01, -8.5763462693227605e-02, -1.9021822587657369e+00
0.03200000, 8.14936387286806071331319239757830238968e-01, -2.77937374619107920951457521480392944705e+00, 9.97482956835052405223084924675619684973e+00, 8.95165260445946318550635840569382070883e-02, 5.49237561309422491291656092615478491838e+00, 6.79398634119203805646353847899819918507e-01, -8.1220568723106191e-02, -1.9108638929763478e+00
0.03300000, 8.15561553082163159008784890280640280893e-01, -2.77897628806435446520991806705831444264e+00, 9.97405129528275714813525355594196435364e+00, 9.23196613182335410778131354884592680537e-02, 5.49187080633844296082805114338117195705e+00, 6.80188441202348264715648220384153339827e-01, -7.6624979237033363e-02, -1.9195797965320042e+00
0.03400000, 8.16187466102851175532793639219969203576e-01, -2.77857831026479693639186912386028959863e+00, 9.97327347989674269659503656332304552325e+00, 9.51231450210667620918453854230239743325e-02, 5.49136528598596966318206295654668820042e+00, 6.80978722661372957648787418822920686171e-01, -7.1976221407315133e-02, -1.9283300122115066e+00
0.03500000, 8.16814127470909999049687251165922057645e-01, -2.77817981167693581548246286850468390031e+00, 9.97249611808415474883438737018743486102e+00, 9.79269771929082465213270537729308339946e-02, 5.49085905039988833972612943927427372943e+00, 6.81769479127759690923592075454423724428e-01, -6.7273818585687975e-02, -1.9371145813028998e+00
0.03600000, 8.17441538311248391504343927787990471538e-01, -2.77778079118120023432810328897090590120e+00, 9.97171920572595871833037679450295022009e+00, 1.00731157874841408751376934379784995678e-01, 5.49035209793849171727807763978942362446e+00, 6.82560711234788698172821657932337038495e-01, -6.2517290275965708e-02, -1.9459335435746234e+00
0.03700000, 8.18069699751655959249157265663786833277e-01, -2.77738124765390245164953545615038499696e+00, 9.97094273869237297011124486053707184419e+00, 1.03535687109208356012142409395882975683e-01, 5.48984442695525935466872630218703270044e+00, 6.83352419617540880066762890669052553499e-01, -5.7706152106544494e-02, -1.9547869372462596e+00
0.03800000, 8.18698612922815167848317825553957103109e-01, -2.77698117996722095965317379772477189370e+00, 9.97016671284283019582856633102055389590e+00, 1.06340564939599035970204673360995483703e-01, 5.48933603579883494848206030383692502311e+00, 6.84144604912900089700550381737805053994e-01, -5.2839915802766286e-02, -1.9636747989588739e+00
0.03900000, 8.19328278958313411377515436860685089706e-01, -2.77658058698918350929401861383878458503e+00, 9.96939112402593857338247563514359789585e+00, 1.09145791410840301291942291787133300352e-01, 5.48882692281300351899150780708533873254e+00, 6.84937267759555463526538169309300587178e-01, -4.7918089159141044e-02, -1.9725971637449433e+00
0.04000000, 8.19958698994655136521347654010122955066e-01, -2.77617946758365005367675116234890318690e+00, 9.96861596807944270987122538289791544235e+00, 1.11951366568984890638731525723157023627e-01, 5.48831708633666847568475070360588600878e+00, 6.85730408798003797873166282520234008983e-01, -4.2940176011428104e-02, -1.9815540649978671e+00
0.04100000, 8.20589874171274021772904469487675778050e-01, -2.77577782061029560907792735776663326603e+00, 9.96784124083018436662838234711758442514e+00, 1.14757290461300325549067016819269737944e-01, 5.48780652470382856176326778974179756828e+00, 6.86524028670551971092901628422744274685e-01, -3.7905676208577079e-02, -1.9905455344410548e+00
0.04200000, 8.21221805630545212042201627346149706035e-01, -2.77537564492459303306849051629673909652e+00, 9.96706693809406296510293078476236598008e+00, 1.17563563136257722657847536505745591626e-01, 5.48729523624355467699654277555713506022e+00, 6.87318128021319411382977562863127922432e-01, -3.2814085584528746e-02, -1.9995716020965865e+00
0.04300000, 8.21854494517797608982354828854142407100e-01, -2.77497293937779571921209437414436519550e+00, 9.96629305567599587232945469893372949759e+00, 1.20370184643520520698188143377952927017e-01, 5.48678321927996657830456521938455662573e+00, 6.88112707496240610323811374303806670044e-01, -2.7664895929876343e-02, -2.0086322962534393e+00
0.04400000, 8.22487941981326217344624937764341837176e-01, -2.77456970281692020781096853935092225508e+00, 9.96551958936987846472740754783250317812e+00, 1.23177155033933121726191845707792427057e-01, 5.48627047213220945743591130939596531562e+00, 6.88907767743067682181143603148325900091e-01, -2.2457594963387787e-02, -2.0177276434352760e+00
0.04500000, 8.23122149172404547675720137240139243457e-01, -2.77416593408472871216726933787941879627e+00, 9.96474653495854396896024941592821807335e+00, 1.25984474359509446004140307725808444149e-01, 5.48575699311443039510231259572976160333e+00, 6.89703309411372969019117634357592020478e-01, -1.7191666303389335e-02, -2.0268576683677896e+00
0.04600000, 8.23757117245297075673015026156889719798e-01, -2.77376163201971155982403940877827171009e+00, 9.96397388821372307857693720008013348386e+00, 1.28792142673421399972543841011319927393e-01, 5.48524278053575469092420381816501479903e+00, 6.90499333152551691672702339242174372541e-01, -1.1866589439011213e-02, -2.0360223939455973e+00
0.04700000, 8.24392847357271758515639033273727724968e-01, -2.77335679545606954824604911445963278964e+00, 9.96320164489600334514989234773188943632e+00, 1.31600160029987256736425453537729687968e-01, 5.48472783270026206853528537795486545703e+00, 6.91295839619824646629054706343190816036e-01, -6.4818397012958376e-03, -2.0452218411986811e+00
0.04800000, 8.25029340668612608491697439264003581657e-01, -2.77295142322369621439691158103116667457e+00, 9.96242980075478834261514252847634443090e+00, 1.34408526484659948486101651616459044884e-01, 5.48421214790696275518764126642474704381e+00, 6.92092829468240948868623396207885780963e-01, -1.0368882341692115e-03, -2.0544560292583665e+00
0.04900000, 8.25666598342632324244217896055554095062e-01, -2.77254551414816001766495068792972959214e+00, 9.96165835152825660351183773145203735507e+00, 1.37217242094015270267563562503855811296e-01, 5.48369572444977343519241888095426991820e+00, 6.92890303354680820718007987427042613297e-01, 4.4687980347238244e-03, -2.0637249753228352e+00
0.05000000, 8.26304621545684979960763789291250211389e-01, -2.77213906705068643558635730061267671506e+00, 9.96088729294332032580977706064139077537e+00, 1.40026306915739994512355321433182764172e-01, 5.48317856061749307652450262003863766219e+00, 6.93688261937858426767812360193137413334e-01, 1.0035756423319810e-02, -2.0730286946221660e+00
0.05100000, 8.26943411447178772834023273586824767336e-01, -2.77173208074813997181019319660569486893e+00, 9.96011662071558384900494934384087326104e+00, 1.42835721008619895731592095219799024492e-01, 5.48266065469377862991299793765653375049e+00, 6.94486705878324754909964199380906242650e-01, 1.5664528524571621e-02, -2.0823672003828978e+00
0.05200000, 8.27582969219588829123069493953981059041e-01, -2.77132455405300607574579418263636514304e+00, 9.95934633054930189815438796864401089552e+00, 1.45645484432527684773457139476761093102e-01, 5.48214200495712059973268613284375616589e+00, 6.95285635838470543550216004118465711029e-01, 2.1355660236017405e-02, -2.0917405037921084e+00
0.05300000, 8.28223296038470069147393564315136603086e-01, -2.77091648577337297332908354473021292471e+00, 9.95857641813733759451286749406672933223e+00, 1.48455597248410852038165447132255002804e-01, 5.48162260968081848600491202811926713081e+00, 6.96085052482529255052796279228123741016e-01, 2.7109701789482693e-02, -2.1011486139610040e+00
0.05400000, 8.28864393082470131548237481250796395862e-01, -2.77050787471291340834023391678508497601e+00, 9.95780687916112023142512593730246332152e+00, 1.51266059518279419038980376711490289368e-01, 5.48110246713295609680962632036176806990e+00, 6.96884956476580095475442771836399278326e-01, 3.2927207780914846e-02, -2.1105915378880130e+00
0.05500000, 8.29506261533342357154199485546871346921e-01, -2.77009871967086629370100959595366496204e+00, 9.95703770929060281411838157331245853561e+00, 1.54076871305193597692418679118082901187e-01, 5.48058157557637673040352123516239738275e+00, 6.97685348488551080654322721787563235865e-01, 3.8808737200348960e-02, -2.1200692804213780e+00
0.05600000, 8.30148902575958832790549625089828814686e-01, -2.76968901944201827217598197170970945065e+00, 9.95626890418421936203092597619893489863e+00, 1.56888032673251356715278095781286386864e-01, 5.48005993326865822633237164094449967232e+00, 6.98486229188222148699628136985782656508e-01, 4.4754853462004318e-02, -2.1295818442212402e+00
0.05700000, 8.30792317398323495374178601343092466655e-01, -2.76927877281668518589763776314565283672e+00, 9.95550045948884197230351523504659599826e+00, 1.59699543687575894500569698297762637272e-01, 5.47953753846208788481882343764218728492e+00, 6.99287599247228318963927106012398977565e-01, 5.0766124434510415e-02, -2.1391292297212088e+00
0.05800000, 8.31436507191585296638608581008677646203e-01, -2.76886797858069345413119286604327750706e+00, 9.95473237083973764305114814636248424329e+00, 1.62511404414303017838833894216215469115e-01, 5.47901438940363725369995627684387753689e+00, 7.00089459339062897546655143721674377746e-01, 5.6843122471261557e-02, -2.1487114350894109e+00
0.05900000, 8.32081473150051428836020709364601727445e-01, -2.76845663551536135869068348453520521210e+00, 9.95396463386052485502361306727824206135e+00, 1.65323614920568425845664044309842063987e-01, 5.47849048433493678218198794133815060264e+00, 7.00891810139080729399443556242213262139e-01, 6.2986424440899002e-02, -2.1583284561890147e+00
0.06000000, 8.32727216471200611765800758874723226229e-01, -2.76804474239748023641363054542011762301e+00, 9.95319724416312991025390334878807955723e+00, 1.68136175274494898450554427206671891452e-01, 5.47796582149225034067248245211795686718e+00, 7.01694652324501497098304836958271332736e-01, 6.9196611757919531e-02, -2.1679802865382187e+00
0.06100000, 8.33373738355696441481671874591584184538e-01, -2.76763229799929557809726284678523785210e+00, 9.95243019734774302628424419049881894607e+00, 1.70949085545179388796429345922322126879e-01, 5.47744039910644960594337261508615946657e+00, 7.02497986574413066350028193493255854158e-01, 7.5474270413409338e-02, -2.1776669172697021e+00
0.06200000, 8.34021040007400801032071927129786268318e-01, -2.76721930108848803329493865355316408053e+00, 9.95166348900277418455004069514632653604e+00, 1.73762345802680018893396990590538826822e-01, 5.47691421540298831087100969769244977117e+00, 7.03301813569774878301481488164527318234e-01, 8.1819991005902035e-02, -2.1873883370895284e+00
0.06300000, 8.34669122633387333591042747032228714541e-01, -2.76680575042815432036702419454650554449e+00, 9.95089711470480873149254717335739427732e+00, 1.76575956118002977864404739983309653067e-01, 5.47638726860187635799230766194187882088e+00, 7.04106133993421388721869183339468046872e-01, 8.8234368772359569e-02, -2.1971445322354967e+00
0.06400000, 8.35317987443954978339529685601438858372e-01, -2.76639164477678804117607040886603465712e+00, 9.95013107001856273096147067099816668385e+00, 1.79389916563089322114551383200845175798e-01, 5.47585955691765379610885629370207792719e+00, 7.04910948530065554129359352928995896451e-01, 9.4718003619274753e-02, -2.2069354864349327e+00
0.06500000, 8.35967635652641569459642723126119542045e-01, -2.76597698288826039981167600055293979866e+00, 9.94936535049683806645905657038527230148e+00, 1.82204227210801676749835748550504481958e-01, 5.47533107855936465916363607262176325605e+00, 7.05716257866302364934866488052072475845e-01, 1.0127150015389411e-01, -2.2167611808619140e+00
0.06600000, 8.36618068476237498607104924310889345282e-01, -2.76556176351180082472593505289341075102e+00, 9.94859995168047729176746025325077766147e+00, 1.85018888134910837565089909826101608814e-01, 5.47480183173053066660767713038516868312e+00, 7.06522062690612425677160726652344645846e-01, 1.0789546771555961e-01, -2.2266215940939217e+00
0.06700000, 8.37269287134799441229810623059803011492e-01, -2.76514598539197749365584078701722163097e+00, 9.94783486909831822849138550134985178792e+00, 1.87833899410082272914757965926061226821e-01, 5.47427181462912478446666455003539519908e+00, 7.07328363693365582424868313317198153942e-01, 1.1459052040716800e-01, -2.2365167020679122e+00
0.06800000, 8.37921292851664147103134507073300192815e-01, -2.76472964726867776070445317974591246392e+00, 9.94707009826714830903806683670358399744e+00, 1.90649261111862524774037817201224161529e-01, 5.47374102544754464631010196265113553252e+00, 7.08135161566824597422332588323065345316e-01, 1.2135727712674601e-01, -2.2464464780358013e+00
0.06900000, 8.38574086853462295455373971576674725829e-01, -2.76431274787708848494803673543539772114e+00, 9.94630563469165866354668864734483778465e+00, 1.93464973316665508291702844431792367440e-01, 5.47320946237258583331820429101382681822e+00, 7.08942457005148871057719657402746784358e-01, 1.2819636159914019e-01, -2.2564108925193544e+00
0.07000000, 8.39227670370132415059470927594826990415e-01, -2.76389528594767625993173538463504878902e+00, 9.94554147386439794926926797861369892967e+00, 1.96281036101758709129662381299429790562e-01, 5.47267712358541501263419795855822002026e+00, 7.09750250704398211233178151105545832522e-01, 1.3510840240781962e-01, -2.2664099132644753e+00
0.07100000, 8.39882044634934869669945892342686493375e-01, -2.76347726020616754341167390383844084192e+00, 9.94477761126572592089487955984874519259e+00, 1.99097449545249277878003800045899854985e-01, 5.47214400726154293318216230553707057667e+00, 7.10558543362536650218298191914809343956e-01, 1.4209403302678983e-01, -2.2764435051948855e+00
0.07200000, 8.40537210884465909186786868489175975354e-01, -2.76305866937352868669665905675997776915e+00, 9.94401404236376674029887023976538044481e+00, 2.01914213726070020827884338022520056049e-01, 5.47161011157079727812294870673574221606e+00, 7.11367335679436309069560897326808821347e-01, 1.4915389185261638e-01, -2.2865116303651886e+00
0.07300000, 8.41193170358671786930868448432627270916e-01, -2.76263951216594586293789848596473805285e+00, 9.94325076261436202418839477155298144556e+00, 2.04731328723965286378206909218797882930e-01, 5.47107543467729537311306333406757714992e+00, 7.12176628356881309699926508518287950350e-01, 1.5628862223655622e-01, -2.2966142479133102e+00
0.07400000, 8.41849924300862943418332974662575190746e-01, -2.76221978729480489371036086798832194251e+00, 9.94248776746102362810520506395273223501e+00, 2.07548794619476746345520492578791447395e-01, 5.47053997473941674952369501475430150715e+00, 7.12986422098571734684176599488474563600e-01, 1.6349887251679505e-01, -2.3067513140123072e+00
0.07500000, 8.42507473957728257024245665376264635446e-01, -2.76179949346667097322456661510055444757e+00, 9.94172505233488616523613983295307120950e+00, 2.10366611493929071440031684641546540759e-01, 5.47000372990977556176931055722933314312e+00, 7.13796717610127634887103844919545507914e-01, 1.7078529605078885e-01, -2.3169227818215383e+00
0.07600000, 8.43165820579349361928739595628017156167e-01, -2.76137862938326828950272408844665387690e+00, 9.94096261265465925847119027829227636679e+00, 2.13184779429415500163999058079949116450e-01, 5.46946669833519285788742560189747350568e+00, 7.14607515599093085003131562537034749399e-01, 1.7814855124770756e-01, -2.3271286014371889e+00
0.07700000, 8.43824965419215033741794530563356821729e-01, -2.76095719374145954184821150231469231652e+00, 9.94020044382657952413835919001293014786e+00, 2.16003298508783300382105483917478580680e-01, 5.46892887815666870250328884568937031843e+00, 7.15418816774940287097444755364653918145e-01, 1.8558930160097903e-01, -2.3373687198421410e+00
0.07800000, 8.44484909734235643205746063189844309382e-01, -2.76053518523322535393244906557281244304e+00, 9.93943854124436228583378497540239768950e+00, 2.18822168815619122806664950908485295047e-01, 5.46839026750935415130529072488034838734e+00, 7.16230621849073722240224720671076597795e-01, 1.9310821572093109e-01, -2.3476430808551820e+00
0.07900000, 8.45145654784757678377598541467705817165e-01, -2.76011260254564358181820903766172207563e+00, 9.93867690028915301675476769042806564108e+00, 2.21641390434234245633719041506845909741e-01, 5.46785086452252307614892365041063034920e+00, 7.17042931534834350327100527134671497489e-01, 2.0070596736752959e-01, -2.3579516250795435e+00
0.08000000, 8.45807201834578335696217107440783789717e-01, -2.75968944436086851623337288256176439261e+00, 9.93791551632947850893241045891835475522e+00, 2.24460963449649709559213484070936745224e-01, 5.46731066731954383989907899797240272368e+00, 7.17855746547503858180462853164263047984e-01, 2.0838323548321035e-01, -2.3682942898507622e+00
0.08100000, 8.46469552150960180342501046246052014723e-01, -2.75926570935610997840406419035162473887e+00, 9.93715438472119776774957585587506223946e+00, 2.27280887947581342397516472748597706472e-01, 5.46676967401785082011236557887912712853e+00, 7.18669067604308956027828892593832888806e-01, 2.1614070422580260e-01, -2.3786710091838551e+00
0.08200000, 8.47132707004645876303692789139358656687e-01, -2.75884139620361230875096310358877149447e+00, 9.93639350080745263011875209890591704522e+00, 2.30101164014424672517547100299264554378e-01, 5.46622788272891578065297456801979524116e+00, 7.19482895424425722455001336129502834052e-01, 2.2397906300154175e-01, -2.3890817137198006e+00
0.08300000, 8.47796667669872986556054568614141725056e-01, -2.75841650357063324774744223175078092093e+00, 9.93563285991861810468322740607529713793e+00, 2.32921791737239730304723648460441420421e-01, 5.46568529155821909032739614611509895605e+00, 7.20297230728983997933329896813055344677e-01, 2.3189900649816889e-01, -2.3995263306713171e+00
0.08400000, 8.48461435424388843783248124212519400422e-01, -2.75799103011942270823295505404176995071e+00, 9.93487245737225243239368180339068229459e+00, 2.35742771203735736849816981860644599947e-01, 5.46514189860522078761501272231435322650e+00, 7.21112074241071827021960536058153963539e-01, 2.3990123471811477e-01, -2.4100047837679313e+00
0.08500000, 8.49127011549465492050882246194087783183e-01, -2.75756497450720143846985518727769768049e+00, 9.93411228847304686580092315615154460386e+00, 2.38564102502255679058603244334189893291e-01, 5.46459770196333149056325183028908216783e+00, 7.21927426685739949347545536033280573419e-01, 2.4798645301176549e-01, -2.4205169932003268e+00
0.08600000, 8.49793397329914699860848564842632251614e-01, -2.75713833538613957522652821518369967544e+00, 9.93335234851277516539401740244416755090e+00, 2.41385785721760770368951803036848884108e-01, 5.46405269971988315090757791980082265006e+00, 7.22743288790006339465486928672756817382e-01, 2.5615537211080748e-01, -2.4310628755639652e+00
0.08700000, 8.50460594054103045012248092437008615079e-01, -2.75671111140333508616437661765612882567e+00, 9.93259263277024281130149102251159382437e+00, 2.44207820951814796254658260959256201354e-01, 5.46350688995609965146813557259152637180e+00, 7.23559661282860795708396607605630981462e-01, 2.6440870816164896e-01, -2.4416423438019714e+00
0.08800000, 8.51128603013967071698919851979449766694e-01, -2.75628330120079210080081227822387818841e+00, 9.93183313651123592866161581418958384727e+00, 2.47030208282568343687937689894173789719e-01, 5.46296027074706724586632642555704210699e+00, 7.24376544895269578129078794865997806704e-01, 2.7274718275891513e-01, -2.4522553071472728e+00
0.08900000, 8.51797425505028520276818733491193106419e-01, -2.75585490341539912931497965536872441014e+00, 9.93107385498846992495602118289142883691e+00, 2.49852947804742913725029343795401089223e-01, 5.46241284016170483959600754746804759547e+00, 7.25193940360180095646974489309545405056e-01, 2.8117152297901421e-01, -2.4629016710639854e+00
0.09000000, 8.52467062826409630137752759550992729130e-01, -2.75542591667890716845745554417816360195e+00, 9.93031478344153783758901650664849022843e+00, 2.52676039609614916371830309394666088207e-01, 5.46186459626273411147533944261705439458e+00, 7.26011848412525642508653169994935711924e-01, 2.8968246141377149e-01, -2.4735813371880368e+00
0.09100000, 8.53137516280848516129280473969056832293e-01, -2.75499633961790769381964798996142681404e+00, 9.92955591709685838998304480535766359743e+00, 2.55499483788999546878871141914156299734e-01, 5.46131553710664947449658649288970111569e+00, 7.26830269789230184174594449048862792308e-01, 2.9828073620412822e-01, -2.4842942032670174e+00
0.09200000, 8.53808787174714618963887450995009350783e-01, -2.75456617085381053771304690116903719327e+00, 9.92879725116762375444862802242396043021e+00, 2.58323280435234542607270816000870333639e-01, 5.46076566074368787508238073856184153445e+00, 7.27649205229213192746171650248754261556e-01, 3.0696709107390244e-01, -2.4950401630992504e+00
0.09300000, 8.54480876818024230063907219959913135874e-01, -2.75413540900282165190286179662520022941e+00, 9.92803878085374702007500280096897591677e+00, 2.61147429641163819599560585073387668070e-01, 5.46021496521779842974810066967832026966e+00, 7.28468655473394532048430519136388712377e-01, 3.1574227536360831e-01, -2.5058191064720720e+00
0.09400000, 8.55153786524456091292026477257485687577e-01, -2.75370405267592075443491745825814380609e+00, 9.92728050134180936387538278093270866497e+00, 2.63971931500120987981445867659478404231e-01, 5.45966344856661189816108937853552388494e+00, 7.29288621264699392485949537215884224066e-01, 3.2460704406433094e-01, -2.5166309190993118e+00
0.09500000, 8.55827517611367070020617582422528882162e-01, -2.75327210047883885978896558682703276990e+00, 9.92652240780500692340841822352496036378e+00, 2.66796786105912745312681340553813176070e-01, 5.45911110882140999157844022612473127169e+00, 7.30109103348063275790773707881491865826e-01, 3.3356215785165309e-01, -2.5274754825579645e+00
0.09600000, 8.56502071399807909996573278979615366762e-01, -2.75283955101203569158580941125076139218e+00, 9.92576449540309736908495524184313037156e+00, 2.69621993552802146997266281172596120592e-01, 5.45855794400709451563601231005161558823e+00, 7.30930102470437029783131298256724626035e-01, 3.4260838311963052e-01, -2.5383526742240435e+00
0.09700000, 8.57177449214539058461779617831525419501e-01, -2.75240640287067697706982811366476930070e+00, 9.92500675928234617435662412767826853694e+00, 2.72447553935491752855124122554761751109e-01, 5.45800395214215634645220168908142735078e+00, 7.31751619380791933267372954107768612640e-01, 3.5174649201481228e-01, -2.5492623672076051e+00
0.09800000, 8.57853652384046569992853468294297229273e-01, -2.75197265464461162258262842879357033509e+00, 9.92424919457547258197010825143594716429e+00, 2.75273467349106648949311412980210024233e-01, 5.45744913123864423900078671261832701789e+00, 7.32573654830124831187314951338745718662e-01, 3.6097726247030234e-01, -2.5602044302869373e+00
0.09900000, 8.58530682240558087527291059499399912530e-01, -2.75153830491834876923764137900027893716e+00, 9.92349179640159526445816080168887324363e+00, 2.78099733889177343754606148659474064796e-01, 5.45689347930213346669788610645360292724e+00, 7.33396209571463320166923206126921101751e-01, 3.7030147823985888e-01, -2.5711787278418988e+00
0.10000000, 8.59208540120058901046723985820838880393e-01, -2.75110335227103472799952233161470725325e+00, 9.92273455986617767702554524015787746734e+00, 2.80926353651622537745053004400339441588e-01, 5.45633699433169429113871585504305694256e+00, 7.34219284359870984564042137288332805296e-01, 3.7971992893202728e-01, -2.5821851197864016e+00
0.10100000, 8.59887227362308084391559320341969232197e-01, -2.75066779527642979336620192372420743449e+00, 9.92197748006097310097507578379377300537e+00, 2.83753326732731765469692546963796746861e-01, 5.45577967431986026091040456301423716013e+00, 7.35042879952452683166652661696566491275e-01, 3.8923341004430305e-01, -2.5932234615000263e+00
0.10200000, 8.60566745310854710684891199335166919301e-01, -2.75023163250288493484537339706982113579e+00, 9.92122055206396937580582548479840797817e+00, 2.86580653229147909177272293651247246942e-01, 5.45522151725259633839762603365136701648e+00, 7.35866997108359886662936611178665352156e-01, 3.9884272299732043e-01, -2.6042936037587594e+00
0.10300000, 8.61247095313054146847212760592341942839e-01, -2.74979486251331836541108802215185718136e+00, 9.92046377093933331810235054824239674110e+00, 2.89408333237849583042228680355015646443e-01, 5.45466252110926685348823142021923806833e+00, 7.36691636588796066018230793912221289787e-01, 4.0854867516906278e-01, -2.6153953926648424e+00
0.10400000, 8.61928278720084427687129934682006676140e-01, -2.74935748386519198611996406077027242088e+00, 9.91970713173735482532044938132335881560e+00, 2.92236366856133387035639825755017860412e-01, 5.45410268386260328307641062888368024923e+00, 7.37516799157022131893772893546702080554e-01, 4.1835207992909022e-01, -2.6265286695757237e+00
0.10500000, 8.62610296886962710056982599485620380267e-01, -2.74891949511048770606029560912622568254e+00, 9.91895062949439066256153247360582310099e+00, 2.95064754181596029476178609407804207006e-01, 5.45354200347867185525118281252746989250e+00, 7.38342485578361925243973515650721014425e-01, 4.2825375667278041e-01, -2.6376932710321008e+00
0.10600000, 8.63293151172561807566014316587629005789e-01, -2.74848089479568363680107516280900694961e+00, 9.91819425923280793041412351844393322067e+00, 2.97893495312116317287343199842173217268e-01, 5.45298047791684097704820791684044027838e+00, 7.39168696620207759230794066216943800246e-01, 4.3825453085557789e-01, -2.6488890286850439e+00
0.10700000, 8.63976842939626806347499578444032150537e-01, -2.74804168146173016050161732833402213855e+00, 9.91743801596092721192734214604659201746e+00, 3.00722590345837012978406943867019438471e-01, 5.45241810512974848463302443849155271603e+00, 7.39995433052026012595668895411173485628e-01, 4.4835523402724739e-01, -2.6601157692221894e+00
0.10800000, 8.64661373554791762380037516236182858658e-01, -2.74760185364402587083609024549094065066e+00, 9.91668189467296539676743318119655743997e+00, 3.03552039381146557357610620143054940748e-01, 5.45185488306326871477385193557912662427e+00, 7.40822695645362774631282378118383688016e-01, 4.5855670386612640e-01, -2.6713733142929930e+00
0.10900000, 8.65346744388596480867053661791963896729e-01, -2.74716140987239338588082544690717378212e+00, 9.91592589034897818059450538530722661184e+00, 3.06381842516660656977116619197394740469e-01, 5.45129080965647939645204948919520261497e+00, 7.41650485173849541897397449727147245821e-01, 4.6885978421337231e-01, -2.6826614804330308e+00
0.11000000, 8.66032956815503378182416938188116369658e-01, -2.74672034867105503210578552635359972176e+00, 9.91516999795480223768262310392405540988e+00, 3.09211999851203735300155779373615596227e-01, 5.45072588284162836144819233868446734872e+00, 7.42478802413208966826831691652525170082e-01, 4.7926532510719898e-01, -2.6939800789873384e+00
0.11100000, 8.66720012213914426893977891340193149185e-01, -2.74627866855860839860502156989137056739e+00, 9.91441421244199706479225601625592586130e+00, 3.12042511483790246571622514873313468797e-01, 5.45016010054410007273151737932033249243e+00, 7.43307648141260658369590489022218568918e-01, 4.8977418281709793e-01, -2.7053289160327755e+00
0.11200000, 8.67407911966188184380766591229744049178e-01, -2.74583636804800176069434827243478068900e+00, 9.91365852874778649428983416070119487114e+00, 3.14873377513605851364111639359568121290e-01, 5.44959346068238196947019318726985614593e+00, 7.44137023137927034825094187499130581377e-01, 5.0038721987803870e-01, -2.7167077922994068e+00
0.11300000, 8.68096657458656905563554952128610614293e-01, -2.74539344564650937199780345904635190522e+00, 9.91290294179499987449477646586777254688e+00, 3.17704598039988452762040027874279108084e-01, 5.44902596116803062746949078067540628623e+00, 7.44966928185239229014377684217223051258e-01, 5.1110530512464341e-01, -2.7281165030908855e+00
0.11400000, 8.68786250081643740272488775545027788831e-01, -2.74494989985570662413773979148029366720e+00, 9.91214744649201291521986001480353994383e+00, 3.20536173162409092137057072277055752841e-01, 5.44845759990563773383446648530843108417e+00, 7.45797364067343045946096628186137836499e-01, 5.2192931372532970e-01, -2.7395548382038295e+00
0.11500000, 8.69476691229480015779529940537685803776e-01, -2.74450572917144507313661919610136424711e+00, 9.91139203773268819645617306371592791525e+00, 3.23368102980452703458418862015084716828e-01, 5.44788837479279587464321708634872131844e+00, 7.46628331570504973132144509294352411233e-01, 5.3286012721641684e-01, -2.7510225818461787e+00
0.11600000, 8.70167982300522605027519190083308500700e-01, -2.74406093208382733163174442296244561179e+00, 9.91063671039631533813914626602805861416e+00, 3.26200387593798725072381243390288926802e-01, 5.44731828372006413440612894201497783937e+00, 7.47459831483118243710669515347061933885e-01, 5.4389863353618911e-01, -2.7625195125545208e+00
0.11700000, 8.70860124697171381091775229606323134724e-01, -2.74361550707718182599726655476618953902e+00, 9.90988145934755082891728244671079969860e+00, 3.29033027102201567874955446719206962044e-01, 5.44674732457093350607581592729528389593e+00, 7.48291864595708952536279268679989024068e-01, 5.5504572705891068e-01, -2.7740454031103742e+00
0.11800000, 8.71553119825886758414286708601596541389e-01, -2.74316945263003741746085163943227512730e+00, 9.90912627943635751183020444667713038454e+00, 3.31866021605470938792565881376332887444e-01, 5.44617549522179211036162497371296082796e+00, 7.49124431700942225399235555205342905154e-01, 5.6630230862878600e-01, -2.7856000204554166e+00
0.11900000, 8.72246969097207321354730446315199970641e-01, -2.74272276721509788629537332525978229445e+00, 9.90837116549794372478751181642933388422e+00, 3.34699371203452018475252032411209415097e-01, 5.44560279354189022309168157012955859506e+00, 7.49957533593628441537470068842867480845e-01, 5.7766928559385967e-01, -2.7971831256056468e+00
0.12000000, 8.72941673925767540606762339349350879914e-01, -2.74227544929921627815892083080102005361e+00, 9.90761611235270209372467927333684252928e+00, 3.37533075996005492097064187080877528515e-01, 5.44502921739330510935444987551114198588e+00, 7.50791171070729509607296154914980573727e-01, 5.8914757183984938e-01, -2.8087944735644668e+00
0.12100000, 8.73637235730315578032277108372669326888e-01, -2.74182749734336911164927217342450259583e+00, 9.90686111480614797629684162639539683141e+00, 3.40367136082987432148215002062915622435e-01, 5.44445476463090566314069204196868509456e+00, 7.51625344931365197280750691180125850978e-01, 6.0073808782390572e-01, -2.8204338132346734e+00
0.12200000, 8.74333655933731180470619762331502764899e-01, -2.74137890980263044613178069522289587670e+00, 9.90610616764885755395579008170516892114e+00, 3.43201551564229032093364707965597001788e-01, 5.44387943310231685119552791881170174641e+00, 7.52460055976819514639574740890923296341e-01, 6.1244176060829210e-01, -2.8321008873293460e+00
0.12300000, 8.75030935963043663084055745146227786244e-01, -2.74092968512614580889235793962247395859e+00, 9.90535126565640557023985222380973487053e+00, 3.46036322539516189760136041380655355204e-01, 5.44330322064788395977901845824690442265e+00, 7.53295305010547151537931596967303177659e-01, 6.2425952389397833e-01, -2.8437954322816175e+00
0.12400000, 8.75729077249449982805168549349654592811e-01, -2.74047982175710598065990721701913870564e+00, 9.90459640358930271309054126188298533041e+00, 3.48871449108568939311574789033399476093e-01, 5.44272612510063664302232281182257216656e+00, 7.54131092838179969108066460686175799881e-01, 6.3619231805414069e-01, -2.8555171781533170e+00
0.12500000, 8.76428081228332902456253505082263336819e-01, -2.74002931813272063853516911620169844340e+00, 9.90384157619293263899393806162576912642e+00, 3.51706931371020730645792104885764882042e-01, 5.44214814428625277155500922341934286529e+00, 7.54967420267533545585233415085567083880e-01, 6.4824109016756182e-01, -2.8672658485424702e+00
0.12600000, 8.77127949339279246115214857038975367772e-01, -2.73957817268419185535548212629289895056e+00, 9.90308677819748863672871076623373489656e+00, 3.54542769426397555055444488914413151504e-01, 5.44156927602302208006753230756707854921e+00, 7.55804288108613776630352717718581210298e-01, 6.6040679405192301e-01, -2.8790411604896460e+00
0.12700000, 8.77828683026098246306950506292696370869e-01, -2.73912638383668745451743778028980211643e+00, 9.90233200431790992848648014186493912484e+00, 3.57378963374096915969025453407171025170e-01, 5.44098951812180961246122305741352292040e+00, 7.56641697173623530331014906924504654160e-01, 6.7269039029698162e-01, -2.8908428243831341e+00
0.12800000, 8.78530283736839983603725302571594749907e-01, -2.73867395000931421927181965755603082941e+00, 9.90157724925381760611390284979776827711e+00, 3.60215513313366643585158394650933726269e-01, 5.44040886838601896322637184915791813251e+00, 7.57479648276969357063617950180796656827e-01, 6.8509284629762625e-01, -2.9026705438629430e+00
0.12900000, 8.79232752923813919222589914006013838868e-01, -2.73822086961509095549755852294908573057e+00, 9.90082250768945020020936832007484609018e+00, 3.63052419343283552200191968289720413291e-01, 5.43982732461155531367711768149514940857e+00, 7.58318142235268254401609824466567064562e-01, 6.9761513628680178e-01, -2.9145240157236028e+00
0.13000000, 8.79936092043607521212498468402116274548e-01, -2.73776714106092140695371116130660660739e+00, 9.90006777429359887979058643687965185416e+00, 3.65889681562731939018406256539038087156e-01, 5.43924488458678826165988777966738122737e+00, 7.59157179867354487257011671367315135358e-01, 7.1025824136829662e-01, -2.9264029298157611e+00
0.13100000, 8.80640302557104984828414749961297512077e-01, -2.73731276274756702200067740683420986111e+00, 9.89931304371954228023258148687837880554e+00, 3.68727300070381923223039123481260806243e-01, 5.43866154609251444334005936177392662329e+00, 7.59996761994286463444616180720433654628e-01, 7.2302314954938407e-01, -2.9383069689465570e+00
0.13200000, 8.81345385929506047694374149724090730637e-01, -2.73685773306961957077400777892676720306e+00, 9.89855831060498095715870139648425422260e+00, 3.71565274964667624075136276810324551367e-01, 5.43807730690191994565933865517560276630e+00, 7.60836889439353664860492295176726699647e-01, 7.3591085577330960e-01, -2.9502358087787611e+00
0.13300000, 8.82051343630344900362187213066118833293e-01, -2.73640205041547361178622232273646899135e+00, 9.89780356957197146395019880601163533758e+00, 3.74403606343765176795914573801039187313e-01, 5.43749216478054250804406999555669129345e+00, 7.61677563028083634468680865788944344291e-01, 7.4892236195161570e-01, -2.9621891177286656e+00
0.13400000, 8.82758177133509192877230914074043818050e-01, -2.73594571316729880692405901012972594337e+00, 9.89704881522686005052274059669633548497e+00, 3.77242294305570584976904896128924264182e-01, 5.43690611748623351193229885999769652653e+00, 7.62518783588249019292236699728442291759e-01, 7.6205867699629568e-01, -2.9741665568627126e+00
0.13500000, 8.83465887917259137967576129972229417703e-01, -2.73548871970101208380049667234164239951e+00, 9.89629404216021598100085368427006200999e+00, 3.80081338947677408250607329497917048549e-01, 5.43631916276911975667491578472906357932e+00, 7.63360551949874669607060702032483192208e-01, 7.7532081685176773e-01, -2.9861677797928452e+00
0.13600000, 8.84174477464246711477544609033341714821e-01, -2.73503106838624964441275218936914096881e+00, 9.89553924494676446790381578870350058406e+00, 3.82920740367354283942746263572793266961e-01, 5.43573129837156502035360209131258043138e+00, 7.64202868945244794539271702939735314021e-01, 7.8870980452666034e-01, -2.9981924325705674e+00
0.13700000, 8.84883947261534950671676447411255113859e-01, -2.73457275758633881904923382450636344036e+00, 9.89478441814531922043884903701482893367e+00, 3.85760498661522281415455205708535261881e-01, 5.43514252202813140404558197165979780785e+00, 7.65045735408910174269191262431135116480e-01, 8.0222667012539972e-01, -3.0102401535796990e+00
0.13800000, 8.85594298800617351040020143710576014455e-01, -2.73411378565826976438014142871859322331e+00, 9.89402955629871460447967019226140231121e+00, 3.88600613926732087798849395016998858780e-01, 5.43455283146554045805235752878792992270e+00, 7.65889152177695429047356438140758689459e-01, 8.1587245087959024e-01, -3.0223105734278101e+00
0.13900000, 8.86305533577437362240632119347863967000e-01, -2.73365415095266700465803900370599603663e+00, 9.89327465393373741179049254883075406925e+00, 3.91441086259141023796457514183829913051e-01, 5.43396222440263408859666258901158263584e+00, 7.66733120090706345230335378476580551486e-01, 8.2964819117917795e-01, -3.0344033148363209e+00
0.14000000, 8.87017653092407983820191617286492952270e-01, -2.73319385181376081494628505098652568470e+00, 9.89251970556105823603745959782762848498e+00, 3.94281915754489888237880713915943052931e-01, 5.43337069855033524347881623090448382637e+00, 7.67577639989337258546498848815211414665e-01, 8.4355494260338777e-01, -3.0465179925292530e+00
0.14100000, 8.87730658850431461358700565950819711854e-01, -2.73273288657935844528469048501148196907e+00, 9.89176470567516245311121793649510709766e+00, 3.97123102508079630039826563551943383582e-01, 5.43277825161160837517048674123791164636e+00, 7.68422712717278494804297606835718747336e-01, 8.5759376395142421e-01, -3.0586542131206150e+00
0.14200000, 8.88444552360919083689346768509262945232e-01, -2.73227125358081518469318188041592333966e+00, 9.89100964875428080326590504566777922152e+00, 3.99964646614747846224326181432939656327e-01, 5.43218488128141967981058981829000738045e+00, 7.69268339120523868258011107895637808010e-01, 8.7176572127292550e-01, -3.0708115750004101e+00
0.14300000, 8.89159335137811081849763104839939746489e-01, -2.73180895114300526390557867740471308587e+00, 9.89025452926031957256123494617301283240e+00, 4.02806548168845104630483425792084617878e-01, 5.43159058524669711055463999398973219989e+00, 7.70114520047378237848367539946146421643e-01, 8.8607188789816069e-01, -3.0829896682192479e+00
0.14400000, 8.89875008699596630426115774117923053131e-01, -2.73134597758429259571684589648542084848e+00, 9.88949934163879037107560980909435913330e+00, 4.05648807264211089943524372128871273123e-01, 5.43099536118629016371535011917342202144e+00, 7.70961256348465121537888859637490058377e-01, 9.0051334446795924e-01, -3.0951880743715472e+00
0.14500000, 8.90591574569333951956701425098346314878e-01, -2.73088233121650135181835811676875099104e+00, 9.88874408031873950533926675919003355567e+00, 4.08491423994150571652212082318926442429e-01, 5.43039920677092943611862901675252964548e+00, 7.71808548876734368963287529497385300297e-01, 9.1509117896336214e-01, -3.1074063664773128e+00
0.14600000, 8.91309034274670525067026789136589233514e-01, -2.73041801034488637498680514422478246779e+00, 9.88798873971267694241738478169443798487e+00, 4.11334398451409192532864584989661107821e-01, 5.42980211966318595208536070668037046007e+00, 7.72656398487469892629734245632401316353e-01, 9.2980648673498347e-01, -3.1196441088624714e+00
0.14700000, 8.92027389347863397013685623489008029229e-01, -2.72995301326810342548338412172558385737e+00, 9.88723331421650486305382520906309148242e+00, 4.14177730728149076245261721578007210819e-01, 5.42920409751743025843545857982421988138e+00, 7.73504806038297457874328304332625278647e-01, 9.4466037053207130e-01, -3.1319008570377506e+00
0.14800000, 8.92746641325799601319736870628256643971e-01, -2.72948733827817926051085598617931371199e+00, 9.88647779820944580126675909724765753275e+00, 4.17021420915924252612647738086493234391e-01, 5.42860513797979128589667316525157253709e+00, 7.74353772389192531828634595079010902260e-01, 9.5965394053125617e-01, -3.1441761575760853e+00
0.14900000, 8.93466791750016681189725429858491170768e-01, -2.72902098366048154556689532484858337786e+00, 9.88572218605397036776784425434615849903e+00, 4.19865469105655899144829873272897373630e-01, 5.42800523868811497528649130136673745714e+00, 7.75203298402488191612703740414403658445e-01, 9.7478831436497543e-01, -3.1564695479885349e+00
0.15000000, 8.94187842166723319397973312689529658574e-01, -2.72855394769368859652293097873127992938e+00, 9.88496647209572455455685209352723019879e+00, 4.22709875387607397350037348345969282727e-01, 5.42740439727192266682119617420300336484e+00, 7.76053384942883091995564846455200556132e-01, 9.9006461714956156e-01, -3.1687805565986961e+00
0.15100000, 8.94909794126820075349304711148143391500e-01, -2.72808622864975895124835933163251318869e+00, 9.88421065066345661802370816434536173614e+00, 4.25554639851359202367738723583782495448e-01, 5.42680261135236925089176039826544467687e+00, 7.76904032877449492759773900891738830486e-01, 1.0054839815129820e+00, -3.1811087024155932e+00
0.15200000, 8.95632649185920230016954152125139490190e-01, -2.72761782479390076959061224539902062793e+00, 9.88345471606894353786979847089877784645e+00, 4.28399762585783524441017159711873337149e-01, 5.42619987854220107863171664255483674815e+00, 7.77755243075641346010215280472924398174e-01, 1.0210475476222179e+00, -3.1934534950050318e+00
0.15300000, 8.96356408904370739468042950441430079812e-01, -2.72714873438454106051207618088476720030e+00, 9.88269866260691704914010479204319385194e+00, 4.31245243679018820733371295915287073032e-01, 5.42559619644571363058749078613491424345e+00, 7.78607016409302443669989332467696208923e-01, 1.0367564632102695e+00, -3.2058144343593970e+00
0.15400000, 8.97081074847273297692696123908528033015e-01, -2.72667895567329473517528729664029842151e+00, 9.88194248455498924463726443950289102766e+00, 4.34091083218444095980942804808027510674e-01, 5.42499156265870894178688974638733915686e+00, 7.79459353752674625408875802700931474999e-01, 1.0526118836027744e+00, -3.2181910107658804e+00
0.15500000, 8.97806648584505509458610316558911430573e-01, -2.72620848690493348475816834892151534060e+00, 9.88118617617357774496800146655325884413e+00, 4.36937281290653010457168763380475010967e-01, 5.42438597476845278148650846446241824170e+00, 7.80312255982406047252541227750654843240e-01, 1.0686149717442258e+00, -3.2305827046731192e+00
0.15600000, 8.98533131690742173918673618762351496152e-01, -2.72573732631735448177132612290025138545e+00, 9.88042973170583043345154549598739793470e+00, 4.39783837981427793712716326544640039367e-01, 5.42377943035363158586375654465790800795e+00, 7.81165723977559511123358525095150913940e-01, 1.0847668982237770e+00, -3.2429889865562293e+00
0.15700000, 8.99260525745476679705081008568861291293e-01, -2.72526547214154890363959199095354682426e+00, 9.87967314537754975309863927475047778470e+00, 4.42630753375712962539277327649382124092e-01, 5.42317192698430914190400319833761121910e+00, 7.82019758619620855566429139827395868316e-01, 1.1010688413006184e+00, -3.2554093167802161e+00
0.15800000, 8.99988832333042512249285006959624543378e-01, -2.72479292260157027730006209402155044228e+00, 9.87891641139711656284853496754081928228e+00, 4.45478027557588841591379861863659456971e-01, 5.42256346222188302071799789160980652196e+00, 7.82874360792507407917142480546210055205e-01, 1.1175219869289124e+00, -3.2678431454617452e+00
0.15900000, 9.00718053042634874073070586645008523347e-01, -2.72431967591450264355887663991751355356e+00, 9.87815952395541355022999023638798041334e+00, 4.48325660610244885085811119386798396645e-01, 5.42195403361904075850924187443694086092e+00, 7.83729531382576498169374243882037190047e-01, 1.1341275287822729e+00, -3.2802899123292555e+00
0.16000000, 9.01448189468332418802046951873947079813e-01, -2.72384573029042853993886896092350400230e+00, 9.87740247722574819759069646097004834642e+00, 4.51173652615952797983539193709996328424e-01, 5.42134363871971578339536099405397109994e+00, 7.84585271278634034806214833707318416526e-01, 1.1508866682777729e+00, -3.2927490465813967e+00
0.16100000, 9.02179243209119099658907074093439327358e-01, -2.72337108393239680074001331376348002243e+00, 9.87664526536377529901780115791122602548e+00, 4.54022003656039455044169744964217656972e-01, 5.42073227505904308627176126599599310298e+00, 7.85441581371943142857931677534894001361e-01, 1.1678006145994664e+00, -3.3052199667437739e+00
0.16200000, 9.02911215868906133199919390417032486103e-01, -2.72289573503639017302430496869655559749e+00, 9.87588788250741902505022285838036053685e+00, 4.56870713810859616127974680520631905647e-01, 5.42011994016331463388993397144049295184e+00, 7.86298462556232864454705082309169901166e-01, 1.1848705847214095e+00, -3.3177020805239814e+00
0.16300000, 9.03644109056554079064285420522147774031e-01, -2.72241968179129274722631594029413196462e+00, 9.87513032277679453226129748279452553710e+00, 4.59719783159768436105382836425405452357e-01, 5.41950663154993452230671493076787684279e+00, 7.87155915727706922144536611437450510250e-01, 1.2020978034301637e+00, -3.3301947846649060e+00
0.16400000, 9.04377924385895036512222811277443779581e-01, -2.72194292237885720108018376827770663911e+00, 9.87437258027412911476793866879051717402e+00, 4.62569211781093767718525396859916445670e-01, 5.41889234672737386884459141183904040647e+00, 7.88013941785052545249612064532654632656e-01, 1.2194835033467666e+00, -3.3426974647962842e+00
0.16500000, 9.05112663475754958533916062353504785694e-01, -2.72146545497367185554320805882140797061e+00, 9.87361464908368289469993860173572974045e+00, 4.65418999752108255723979848224029948639e-01, 5.41827708319512544068678818961398241485e+00, 7.88872541629449359537308264369568792685e-01, 1.2370289249481534e+00, -3.3552094952844920e+00
0.16600000, 9.05848327949976084317817512402222683868e-01, -2.72098727774312754138554902943653502864e+00, 9.87285652327166904864027868191755528464e+00, 4.68269147149001220630253983689418690970e-01, 5.41766083844365801821434988378985728459e+00, 7.89731716164578340484964268847627874810e-01, 1.2547353165880126e+00, -3.3677302390805509e+00
0.16700000, 9.06584919437439490873179673159484376453e-01, -2.72050838884738427510474303652542017144e+00, 9.87209819688617356702435883304880083114e+00, 4.71119654046850330327794187392648793994e-01, 5.41704360995437049117576814551665819903e+00, 7.90591466296630830420493599624898981617e-01, 1.2726039345170581e+00, -3.3802590475663296e+00
0.16800000, 9.07322439572087764608157294127685188049e-01, -2.72002878643933774281287096443519587579e+00, 9.87133966395707454346288838431364876018e+00, 4.73970520519593057893388248989339584231e-01, 5.41642539519954568576287780507516170930e+00, 7.91451792934317619823894887371717973582e-01, 1.2906360429027024e+00, -3.3927952603989242e+00
0.16900000, 9.08060889992947793671334236554661577410e-01, -2.71954846866458559073323536666510025317e+00, 9.87058091849596099092980819161905547260e+00, 4.76821746639997923834760582887518920447e-01, 5.41580619164230392064976397124480579886e+00, 7.92312696988878093077724253672684140536e-01, 1.3088329138481110e+00, -3.4053382053531961e+00
0.17000000, 9.08800272344153681871106952692333956452e-01, -2.71906743366139352093232030972283348285e+00, 9.86982195449605118173303092879787842086e+00, 4.79673332479635521024925225329867724454e-01, 5.41518599673655629003428051068724030746e+00, 7.93174179374089438957624062463648653823e-01, 1.3271958274106213e+00, -3.4178871981624497e+00
0.17100000, 9.09540588274969784993993732557381616236e-01, -2.71858567956066119090162290139779286364e+00, 9.86906276593211050816199217875564755350e+00, 4.82525278108849320559467608932046167229e-01, 5.41456480792695767170447753164692225172e+00, 7.94036241006275926157059664148346713907e-01, 1.3457260716195081e+00, -3.4304415423572298e+00
0.17200000, 9.10281839439813870349637530806221137939e-01, -2.71810320448588791559265639864379264923e+00, 9.86830334676036886068199696693000197847e+00, 4.85377583596726256753368099485099110503e-01, 5.41394262264885945813476962884149456009e+00, 7.94898882804318244143498711506263379820e-01, 1.3644249424930751e+00, -3.4430005291022195e+00
0.17300000, 9.11024027498280400377030763565876080849e-01, -2.71762000655313817049703048370908971572e+00, 9.86754369091843752052112256005618953548e+00, 4.88230249011067089477256833538293162860e-01, 5.41331943832826200859904587210287100362e+00, 7.95762105689662909646376840220481347904e-01, 1.3832937440550560e+00, -3.4555634370312184e+00
0.17400000, 9.11767154115163941153313619427693868782e-01, -2.71713608387100689435201365546430808794e+00, 9.86678379232522556347099653306843707053e+00, 4.91083274418356542016098705522403477500e-01, 5.41269525238176682027012497466197646732e+00, 7.96625910586331739080329274142214553713e-01, 1.4023337883503027e+00, -3.4681295320801821e+00
0.17500000, 9.12511220960482696653383818316981876028e-01, -2.71665143454058459004037457771627896192e+00, 9.86602364488085577169810709252545093140e+00, 4.93936659883733212616247585976322553398e-01, 5.41207006221652841625699287017759377840e+00, 7.97490298420931387210330535915016115812e-01, 1.4215463954597441e+00, -3.4806980673183023e+00
0.17600000, 9.13256229709502169615506042412408401911e-01, -2.71616605665542222224158251595337381670e+00, 9.86526324246658005033741821797613072738e+00, 4.96790405470959257869578151530376877075e-01, 5.41144386523020594851312315032324711127e+00, 7.98355270122662952368574220829255663852e-01, 1.4409328935145918e+00, -3.4932682827771074e+00
0.17700000, 9.14002182042758949875124128430218871231e-01, -2.71567994830149591037962052320545400662e+00, 9.86450257894469434561495309985123257865e+00, 4.99644511242389846066000193815268767247e-01, 5.41081665881091451353087153368464942752e+00, 7.99220826623331648536142033214207698942e-01, 1.4604946187097758e+00, -3.5058394052775635e+00
0.17800000, 9.14749079646084631036159232151711568488e-01, -2.71519310755717141540072763556678601839e+00, 9.86374164815845306122067334505925931586e+00, 5.02498977258942378628082046652400786372e-01, 5.41018844033717617871845179537695847130e+00, 8.00086968857356544605756301723856140994e-01, 1.4802329153165855e+00, -3.5184106482551556e+00
0.17900000, 9.15496924210629856356223243921359264539e-01, -2.71470553249316841890233682557968266242e+00, 9.86298044393198296962741619504901753182e+00, 5.05353803580065477723754903790440371647e-01, 5.40955920717787071733734040511337324986e+00, 8.00953697761780371145183297982351902939e-01, 1.5001491356944978e+00, -3.5309812115829275e+00
0.18000000, 9.16245717432888494729389446069545246563e-01, -2.71421722117252459312231264019394206523e+00, 9.86221896007019661502585523520808190757e+00, 5.08208990263707738135136344631302652755e-01, 5.40892895669218604985911849552225062668e+00, 8.01821014276279394984156201753198198922e-01, 1.5202446403021677e+00, -3.5435502813924607e+00
0.18100000, 9.16995461014721947657442466247603962059e-01, -2.71372817165055946028531510822909069184e+00, 9.86145719035870520451941942225922236974e+00, 5.11064537366286241443397370566133028641e-01, 5.40829768622956838958174068419817226623e+00, 8.02688919343173361951016808741029869672e-01, 1.5405207977075619e+00, -3.5561170298927702e+00
0.18200000, 9.17746156663383588107877709380864276310e-01, -2.71323838197483803979072341455587682861e+00, 9.86069512856373098419683834425688964875e+00, 5.13920444942654830571300683313499717096e-01, 5.40766539312967209032601864963020227108e+00, 8.03557413907435508088634392169603049914e-01, 1.5609789845972105e+00, -3.5686806151870975e+00
0.18300000, 9.18497806091543332164337368784310661933e-01, -2.71274785018513428171404276432992004183e+00, 9.85993276843201909667347605529296589098e+00, 5.16776713046072142706556788156063955585e-01, 5.40703207472230919401372113525394753243e+00, 8.04426498916702639682548838487369271640e-01, 1.5816205857845542e+00, -3.5812401810875784e+00
0.18400000, 9.19250411017312344382656556054849816125e-01, -2.71225657431339428508108954547778558654e+00, 9.85917010369074891666586916612971041383e+00, 5.19633341728169398610476733562867849096e-01, 5.40639772832739867590911912468433666813e+00, 8.05296175321285282437703617311309148054e-01, 1.6024469942173649e+00, -3.5937948569277642e+00
0.18500000, 9.20003973164267877773249790551550089015e-01, -2.71176455238369929936150207115725157855e+00, 9.85840712804744486113689466698864664703e+00, 5.22490331038917946297543833601018972368e-01, 5.40576235125491538528604316640124272558e+00, 8.06166444074177900143582656761278501633e-01, 1.6234596109842133e+00, -3.6063437573729763e+00
0.18600000, 9.20758494261478249338195802402921282051e-01, -2.71127178241222850761525556077390770076e+00, 9.85764383518988667052175672584981872249e+00, 5.25347681026596557052479464570047317537e-01, 5.40512594080483867926256707356082926311e+00, 8.07037306131069183171044122801602222140e-01, 1.6446598453199613e+00, -3.6188859822284703e+00
0.18700000, 9.21513976043527952099078086863840248507e-01, -2.71077826240722158971286929760101291399e+00, 9.85688021878601915751749693262285400758e+00, 5.28205391737758471732137860428479346687e-01, 5.40448849426710074752528630369591524577e+00, 8.07908762450352407147653794703258891641e-01, 1.6660491146102525e+00, -3.6314206162453893e+00
0.18800000, 9.22270420250542904559410670452990359458e-01, -2.71028399036894106403687976676150176120e+00, 9.85611627248386141989099660539609664612e+00, 5.31063463217198195280129604679678322255e-01, 5.40385000892153462564481802671179631172e+00, 8.08780813993135862161861542406260708993e-01, 1.6876288443949770e+00, -3.6439467289244841e+00
0.18900000, 9.23027828628215838553323887868838784884e-01, -2.70978896428963440605891469710358358122e+00, 9.85535198991141551373245026943049360648e+00, 5.33921895507918037362441054806430209538e-01, 5.40321048203782189466361098363188991905e+00, 8.09653461723253352849936704124333616573e-01, 1.7094004683706825e+00, -3.6564633743175775e+00
0.19000000, 9.23786202927831826440104409831361094591e-01, -2.70929318215349594217333795610906827591e+00, 9.85458736467657458355304366286599592365e+00, 5.36780688651094397012485037607587832507e-01, 5.40256991087544006461641446146588414275e+00, 8.10526706607274769723182297370183053140e-01, 1.7313654283919082e+00, -3.6689695908267516e+00
0.19100000, 9.24545544906293948612178101865531613465e-01, -2.70879664193662851715494281393945882785e+00, 9.85382239036703044559706498554313500061e+00, 5.39639842686043789153984591202944040899e-01, 5.40192829268360963962281477205982743956e+00, 8.11400549614516732096584341780655894517e-01, 1.7535251744714116e+00, -3.6814644010012342e+00
0.19200000, 9.25305856326149102292194338410402227741e-01, -2.70829934160700493359454982010492610886e+00, 9.85305706055018062070991192888777963878e+00, 5.42499357650188610849854045766224709716e-01, 5.40128562470124086217010220738657521114e+00, 8.12274991717053302983721500555818657358e-01, 1.7758811647792629e+00, -3.6939468113319629e+00
0.19300000, 9.26067138955613952603016961054723863295e-01, -2.70780127912442916165261402640553603808e+00, 9.85229136877303481307442661473295605046e+00, 5.45359233579022645104798046004431103618e-01, 5.40064190415688013418337920444315737995e+00, 8.13150033889726776326462136705935930464e-01, 1.7984348656407786e+00, -3.7064158120438041e+00
0.19400000, 9.26829394568601026902650979618887712229e-01, -2.70730245244049731745706312820460377541e+00, 9.85152530856212083109869320742599720448e+00, 5.48219470506076300028696911482644322817e-01, 5.39999712826865611245825901479065460647e+00, 8.14025677110158536931711113246027428768e-01, 1.8211877515332652e+00, -3.7188703768854024e+00
0.19500000, 9.27592624944744953384436205710866484438e-01, -2.70680285949855840845757185107969883683e+00, 9.85075887342338994670886589325688742970e+00, 5.51080068462881581146983664845636652538e-01, 5.39935129424422547600973113250414057740e+00, 8.14901922358759993491237630585804760591e-01, 1.8441413050815448e+00, -3.7313094629166404e+00
0.19600000, 9.28356831869428844951220125938177628698e-01, -2.70630249823367484403432713242480959310e+00, 9.84999205684212168927075535889906387661e+00, 5.53941027478936794623141762461979736267e-01, 5.39870439928071836286878265583714119972e+00, 8.15778770618743585064418482274732949184e-01, 1.8672970170522331e+00, -3.7437320102936821e+00
0.19700000, 9.29122017133810829380683322122924599072e-01, -2.70580136657258270964505187102111298118e+00, 9.84922485228282807033378702860893948545e+00, 5.56802347581670979137160637170884174544e-01, 5.39805644056468347383616117801213202528e+00, 8.16656222876133861407568719733466459103e-01, 1.8906563863467389e+00, -3.7561369420515800e+00
0.19800000, 9.29888182534850726807532495052789864581e-01, -2.70529946243365180277963075749846399558e+00, 9.84845725318915723536055128807554923669e+00, 5.59664028796408064142276178911712139916e-01, 5.39740741527203284068024222639147300300e+00, 8.17534280119778637537404250574909348910e-01, 1.9142209199929557e+00, -3.7685231638844199e+00
0.19900000, 9.30655329875336875556899523504370419246e-01, -2.70479678372684542897711845245234401989e+00, 9.84768925298379653857449184757175514881e+00, 5.62526071146330752200592776026464333580e-01, 5.39675732056798625624332017099859962141e+00, 8.18412943341360222920088761788839007483e-01, 1.9379921331356133e+00, -3.7808895639229813e+00
0.20000000, 9.31423460963913107371990879223271429994e-01, -2.70429332835367995614520662592903719200e+00, 9.84692084506837503702732036136183710727e+00, 5.65388474652444123076230027200228444477e-01, 5.39610615360701536389777334561934251497e+00, 8.19292213535406725681260971962170934378e-01, 1.9619715490252578e+00, -3.7932350125098888e+00
0.20100000, 9.32192577615105873087821019839787804957e-01, -2.70378909420718412540738057265713385408e+00, 9.84615202282336539995650047306251791420e+00, 5.68251239333538957242458189467007321609e-01, 5.39545391153278740377045927828304874352e+00, 8.20172091699303432236417994766411066490e-01, 1.9861606990058282e+00, -3.8055583619722316e+00
0.20200000, 9.32962681649351519811737004964089156393e-01, -2.70328407917185811668800671359302872841e+00, 9.84538277960798522947160961225506803432e+00, 5.71114365206154776436879298027059063474e-01, 5.39480059147810861313037179121184380073e+00, 8.21052578833304262745046963579490499048e-01, 2.0105611225007959e+00, -3.8178584463916257e+00
0.20300000, 9.33733774893023720680400446736773575422e-01, -2.70277828112363236723045770881079749093e+00, 9.84461310876009778857655910559944760077e+00, 5.73977852284542598876073093379618048278e-01, 5.39414619056486727831103564893119834424e+00, 8.21933675940543302795950454293960543509e-01, 2.0351743669978341e+00, -3.8301340813716961e+00
0.20400000, 9.34505859178461058271937947029299597951e-01, -2.70227169792982614122810054293676713090e+00, 9.84384300359611213250252943012087708648e+00, 5.76841700580627406718255802631260799205e-01, 5.39349070590397643551532371947868317825e+00, 8.22815384027046411735302085706971404195e-01, 2.0600019880319826e+00, -3.8423840638029541e+00
0.20500000, 9.35278936343994762761103332891590119706e-01, -2.70176432744910584873254318606486559098e+00, 9.84307245741088263929405463549498698787e+00, 5.79705910103970323339392794087964100498e-01, 5.39283413459531621782635354610882324198e+00, 8.23697704101742908053097415715475309161e-01, 2.0850455491672732e+00, -3.8546071716250450e+00
0.20600000, 9.36053008233976605914515234962358823981e-01, -2.70125616753144311198795564440916077600e+00, 9.84230146347760793555796496800786193168e+00, 5.82570480861730497964860473353503235368e-01, 5.39217647372767584572385204992748047310e+00, 8.24580637176477332247832333976156021117e-01, 2.1103066219767808e+00, -3.8668021635863420e+00
0.20700000, 9.36828076698806952032342827415252080816e-01, -2.70074721601807257732454973976530847867e+00, 9.84153001504772921325186637658215319738e+00, 5.85435412858626695175165797339279751258e-01, 5.39151772037869525838086600715099435524e+00, 8.25464184266021287593447030737294650149e-01, 2.1357867860210630e+00, -3.8789677790008624e+00
0.20800000, 9.37604143594962966952211841587981449953e-01, -2.70023747074144947072841711869270737698e+00, 9.84075810535082793335549666873994963528e+00, 5.88300706096898586780400697803656586630e-01, 5.39085787161480638299093914262823083745e+00, 8.26348346388085359236818756176858337711e-01, 2.1614876288249526e+00, -3.8911027375024795e+00
0.20900000, 9.38381210785026986240593269826301748389e-01, -2.69972692952520689518888509406673929939e+00, 9.83998572759452291223464737175741427289e+00, 5.91166360576267743534030741535964497121e-01, 5.39019692449117403935087129264658141530e+00, 8.27233124563331112058371439804810063342e-01, 2.1874107458526652e+00, -3.9032057387964073e+00
0.21000000, 9.39159280137715043706519494646633260378e-01, -2.69921559018411286790835324522071789851e+00, 9.83921287496436678647337456343906361235e+00, 5.94032376293898324132289688148051976517e-01, 5.38953487605163647689891821742198391359e+00, 8.28118519815383167732695286461686521227e-01, 2.2135577404811828e+00, -3.9152754624079319e+00
0.21100000, 9.39938353527905561382147926907894754138e-01, -2.69870345052402709544321850901297908055e+00, 9.83843954062374185191593775102458589791e+00, 5.96898753244357458920871381029059609269e-01, 5.38887172332864554138277935288726266187e+00, 8.29004533170841361430435181548395227442e-01, 2.2399302239718767e+00, -3.9273105674283645e+00
0.21200000, 9.40718432836668202124461643733970278834e-01, -2.69819050834185748482798102201761978661e+00, 9.83766571771375527262529993959064388763e+00, 5.99765491419575325705774728587156762888e-01, 5.38820746334320646830595211104213572361e+00, 8.29891165659292978607113607047173439380e-01, 2.2665298154403281e+00, -3.9393096922581911e+00
0.21300000, 9.41499519951292886002261023687516060277e-01, -2.69767676142551638871794544104496969107e+00, 9.83689139935313365543009094698687025994e+00, 6.02632590808804915040063471011433834339e-01, 5.38754209310481730027500225904197381783e+00, 8.30778418313325072329002281740113640890e-01, 2.2933581418243070e+00, -3.9512714543473936e+00
0.21400000, 9.42281616765318971642561037378915472403e-01, -2.69716220755387658256909107064511096297e+00, 9.83611657863811698569667635459621074516e+00, 6.05500051398581482332947014832979569991e-01, 5.38687560961140792534400738190243563977e+00, 8.31666292168536861590647390398136150297e-01, 2.3204168378498692e+00, -3.9631944499329169e+00
0.21500000, 9.43064725178564603720566733666179300291e-01, -2.69664684449672697185667703502560536424e+00, 9.83534124864235191992738275493249012800e+00, 6.08367873172681684101968848255410763188e-01, 5.38620800984927873342587137585004838174e+00, 8.32554788263552211083186560792084684964e-01, 2.3477075459955281e+00, -3.9750772537732553e+00
0.21600000, 9.43848847097156227787555645558529678738e-01, -2.69613067001472802731697409810319838824e+00, 9.83456540241678443075000264978932960235e+00, 6.11236056112082395663201881062275122540e-01, 5.38553929079303888781337920321104433624e+00, 8.33443907640032192877172194051031913582e-01, 2.3752319164544601e+00, -3.9869184188801351e+00
0.21700000, 9.44633984433558273641251420089411511963e-01, -2.69561368185936694617917068636676829272e+00, 9.83378903298955179982743590590091582176e+00, 6.14104600194919207528192401653405327592e-01, 5.38486944940554420882575959958473474494e+00, 8.34333651342687730488235869831076302866e-01, 2.4029916070947004e+00, -3.9987164762472644e+00
0.21800000, 9.45420139106603008453629060686738851448e-01, -2.69509587777291253733698530867536362190e+00, 9.83301213336587395417971548593565025706e+00, 6.16973505396444597749963088898700479195e-01, 5.38419848263783466656914585362940159635e+00, 8.35224020419292325798592856518488342143e-01, 2.4309882834172842e+00, -4.0104699345761274e+00
0.21900000, 9.46207313041520560881549880743841615415e-01, -2.69457725548836982839182897521243067320e+00, 9.83223469652794414137370959512435606180e+00, 6.19842771688985777433677496686276425548e-01, 5.38352638742907147977166793170636840585e+00, 8.36115015920694869312094788820327791806e-01, 2.4592236185122891e+00, -4.0221772799987949e+00
0.22000000, 9.46995508169969117396184739072441707697e-01, -2.69405781272943439248149745074280637264e+00, 9.83145671543481893899848672829456741077e+00, 6.22712399041902206600580442564044389781e-01, 5.38285316070647381762596980477174985700e+00, 8.37006638900832534225292868231626897570e-01, 2.4876992930127339e+00, -4.0338369757977262e+00
0.22100000, 9.47784726430065292077848511867198375183e-01, -2.69353754721044639279033226693580993037e+00, 9.83067818302230759380667063469143880958e+00, 6.25582387421542777566557536069158767131e-01, 5.38217879938525510154372052184800155618e+00, 8.37898890416743754801774040845444940517e-01, 2.5164169950462860e+00, -4.0454474621225365e+00
0.22200000, 9.48574969766414671133638216376014940465e-01, -2.69301645663634434261856937203902294545e+00, 9.82989909220286068586409516005406129420e+00, 6.28452736791202662969099393034278767079e-01, 5.38150330036855890369817298879507541262e+00, 8.38791771528581289541879063928168065168e-01, 2.5453784201847307e+00, -4.0570071557037022e+00
0.22300000, 9.49366240130142533406142917976881771852e-01, -2.69249453870261857887019309583600331702e+00, 9.82911943586545811301169045291416791366e+00, 6.31323447111079825548608573084860914005e-01, 5.38082666054739443920201713503541275326e+00, 8.39685283299625369644804747166494232099e-01, 2.5745852713911552e+00, -4.0685144495631797e+00
0.22400000, 9.50158539478924748152476719019936572623e-01, -2.69197179109526444680002871048420391554e+00, 9.82833920687549639090478826490540021691e+00, 6.34194518338231186761846579745886377102e-01, 5.38014887680057164873867072229737005775e+00, 8.40579426796296933265033513575556365901e-01, 2.6040392589647966e+00, -4.0799677127219105e+00
0.22500000, 9.50951869777018851383977953903578816554e-01, -2.69144821149073519384203720470694379132e+00, 9.82755839807467526385592111629360765970e+00, 6.37065950426528451276880963825915052031e-01, 5.37946994599463586843574796144700419110e+00, 8.41474203088170946070022343444552111844e-01, 2.6337421004835064e+00, -4.0913652899041855e+00
0.22600000, 9.51746232995295302068119425019139253448e-01, -2.69092379755589457032181886506261291989e+00, 9.82677700228088362166770397397886410812e+00, 6.39937743326613584370155214918393811801e-01, 5.37878986498380208373973980373968570687e+00, 8.42369613247989808611120724840155069788e-01, 2.6636955207437779e+00, -4.1027055012388436e+00
0.22700000, 9.52541631111268919505487348539393111428e-01, -2.69039854694796913483718575238800691554e+00, 9.82599501228808471760252378799784759877e+00, 6.42809896985853939217263212326184647524e-01, 5.37810863060988876402092666288645076188e+00, 8.43265658351676851024774026406202571977e-01, 2.6939012516982884e+00, -4.1139866419572771e+00
0.22800000, 9.53338066109130503206111893395389795805e-01, -2.68987245731450026207132502599172315060e+00, 9.82521242086620068259551769364875520176e+00, 6.45682411348297031039661989714907157717e-01, 5.37742623970225127460722075895742987949e+00, 8.44162339478349915586205330790350146637e-01, 2.7243610323908999e+00, -4.1252069820882176e+00
0.22900000, 9.54135539979778636600971062991216427354e-01, -2.68934552629329585078354312759444705176e+00, 9.82442922076099633077669080015117967339e+00, 6.48555286354624955039897855805971453915e-01, 5.37674268907771486291499756163605720843e+00, 8.45059657710335027642955826396698787457e-01, 2.7550766088890689e+00, -4.1363647661492754e+00
0.23000000, 9.54934054720851675936143475233293783152e-01, -2.68881775151238172970285288868946905306e+00, 9.82364540469396225132700509376053092977e+00, 6.51428521942108445027947868490251429688e-01, 5.37605797554050721531402020784170545335e+00, 8.45957614133180155460901965934693672394e-01, 2.7860497342136072e+00, -4.1474582128352076e+00
0.23100000, 9.55733612336759925708855646691275824872e-01, -2.68828913058995275902973943833567959276e+00, 9.82286096536219718165185787346560044253e+00, 6.54302118044560569610987596869130762211e-01, 5.37537209588219058133228348755222041384e+00, 8.46856209835669059520657385384767930541e-01, 2.8172821682657408e+00, -4.1584855147028847e+00
0.23200000, 9.56534214838718002016557002189989535171e-01, -2.68775966113432362523131410450634009625e+00, 9.82207589543828965681355704957422256079e+00, 6.57176074592290062788283292168470941827e-01, 5.37468504688159346177500119251649632895e+00, 8.47755445909835231807609667981713428644e-01, 2.8487756777514099e+00, -4.1694448378529335e+00
0.23300000, 9.57335864244777385202162349755788036021e-01, -2.68722934074387932679473603341679845434e+00, 9.82129018757019893012218725648722920054e+00, 6.60050391512054285761968243071035609151e-01, 5.37399682530474185730002841590109040215e+00, 8.48655323450975925644237074683286608500e-01, 2.8805320361027526e+00, -4.1803343216080254e+00
0.23400000, 9.58138562579859163190728337615301492015e-01, -2.68669816700702534858324668106449440568e+00, 9.82050383438113515974164069500780376734e+00, 6.62925068727011816743195383526991826874e-01, 5.37330742790479007395974483619603394031e+00, 8.49555843557666276618798994134940114806e-01, 2.9125530233967142e+00, -4.1911520781877867e+00
0.23500000, 9.58942311875786966925078817230220767441e-01, -2.68616613750213752241842031335308203916e+00, 9.81971682846943885612455550753056624407e+00, 6.65800106156674665501557271491442185033e-01, 5.37261685142195108218682212358209612034e+00, 8.50457007331773515169996749020999306840e-01, 2.9448404262707224e+00, -4.2018961923803016e+00
0.23600000, 9.59747114171320099320265464105637225734e-01, -2.68563324979751157149128180953921342683e+00, 9.81892916240845958504645782824070847600e+00, 6.68675503716860109373726434764535449534e-01, 5.37192509258342642566835432658292837624e+00, 8.51358815878471271392759198571126586773e-01, 2.9773960378353688e+00, -4.2125647212101833e+00
0.23700000, 9.60552971512186859169245864135006125898e-01, -2.68509950145131233618377899189637176342e+00, 9.81814082874643392096553691206952736502e+00, 6.71551261319642147414989803418158336453e-01, 5.37123214810333567651954033304936586969e+00, 8.52261270306253972635920974673315144108e-01, 3.0102216575840345e+00, -4.2231556936031850e+00
0.23800000, 9.61359885951118061444782983444891836620e-01, -2.68456489001152267886071796522950509738e+00, 9.81735182000636264539019134709486956220e+00, 6.74427378873302569344726483481312756863e-01, 5.37053801468264543313446810013752841470e+00, 8.53164371726951334468230866617705804002e-01, 3.0433190912993983e+00, -4.2336671100473248e+00
0.23900000, 9.62167859547880755455318948336846505825e-01, -2.68402941301589206517067407479091306693e+00, 9.81656212868588718489176365553494992594e+00, 6.77303856282281635903904387234293782310e-01, 5.36984268900909785705755710587067902705e+00, 8.54068121255742945594854521470718999652e-01, 3.0766901509567626e+00, -4.2440969422504975e+00
0.24000000, 9.62976894369312142325453831869485797716e-01, -2.68349306799188481937257558019434475866e+00, 9.81577174725716528335472589157823921350e+00, 6.80180693447128367209344081800235934774e-01, 5.36914616775713874518486412736981209041e+00, 8.54972520011172947312319957537750744929e-01, 3.1103366546241343e+00, -4.2544431327945470e+00
0.24100000, 9.63786992489353693284668156641598181293e-01, -2.68295585245662805118261946396407470164e+00, 9.81498066816674590301098539527968133118e+00, 6.83057890264450435655813455688394029569e-01, 5.36844844758784513356974367866259486543e+00, 8.55877569115164808095697111114070035508e-01, 3.1442604263589923e+00, -4.2647035947857726e+00
0.24200000, 9.64598155989085470261067580340033834302e-01, -2.68241776391685925161391638170881211705e+00, 9.81418888383544334875894284724187055792e+00, 6.85935446626863659882970183524161151269e-01, 5.36774952514885242907227386757551280885e+00, 8.56783269693036193917704475414633958318e-01, 3.1784632961016776e+00, -4.2748762115018417e+00
0.24300000, 9.65410386956760650290201251943392797924e-01, -2.68187879986887355525877201889150259307e+00, 9.81339638665821061022144931593877241115e+00, 6.88813362422941096289756187616503502433e-01, 5.36704939707428106505640662185331316884e+00, 8.57689622873513934905397578902305470493e-01, 3.2129470995653358e+00, -4.2849588360350845e+00
0.24400000, 9.66223687487840255262413152167449004977e-01, -2.68133895779847066644079241561630237843e+00, 9.81260316900401191594987016520286697459e+00, 6.91691637537161724544064989916955966307e-01, 5.36634805998466267730297369558002947902e+00, 8.58596629788749088946116332064993072698e-01, 3.2477136781223437e+00, -4.2949492909321415e+00
0.24500000, 9.67038059685028088545729921830395130250e-01, -2.68079823518090144664104849066411098049e+00, 9.81180922321569449413406649935124317203e+00, 6.94570271849858723500344600588192153321e-01, 5.36564551048686579627047204454462905997e+00, 8.59504291574332102860451901225048360895e-01, 3.2827648786871495e+00, -4.3048453678299403e+00
0.24600000, 9.67853505658305880034970816607955700407e-01, -2.68025662948081416057934733963534871890e+00, 9.81101454160985953413024421148910731673e+00, 6.97449265237167333902260922891566090428e-01, 5.36494174517402105179895943896319591584e+00, 8.60412609369308071766139509894460223249e-01, 3.3181025535954546e+00, -4.3146448270879723e+00
0.24700000, 9.68670027524968641191587107006962472791e-01, -2.67971413815220037830823216503584278787e+00, 9.81021911647673234307029154771108403795e+00, 7.00328617570972304211625032445202388006e-01, 5.36423676062544588631540888781295834062e+00, 8.61321584316192097262992197872641286960e-01, 3.3537285604796648e+00, -4.3243453974168465e+00
0.24800000, 9.69487627409660231652701090037848875138e-01, -2.67917075863834053065366614857803471319e+00, 9.80942294008003169176742322355685607769e+00, 7.03208328718854915868477516225182785265e-01, 5.36353055340656877256149384222315370360e+00, 8.62231217560984745075262871902508968145e-01, 3.3896447621405363e+00, -4.3339447755030908e+00
0.24900000, 9.70306307444409139001920536898830221430e-01, -2.67862648837174911531244539204459294153e+00, 9.80862600465683834408366728194553095935e+00, 7.06088398544039584250519676350010703131e-01, 5.36282312006885293182700042364251254882e+00, 8.63141510253187602794158756434446648679e-01, 3.4258530264149411e+00, -4.3434406256301775e+00
0.25000000, 9.71126069768664473308754533350001305723e-01, -2.67808132477411955089222939050980185633e+00, 9.80782830241746276387496475123630053134e+00, 7.08968826905340031562980097432142002862e-01, 5.36211445714971954863388321912362959270e+00, 8.64052463545818938369634407245444827473e-01, 3.4623552260396756e+00, -4.3528305792957461e+00
0.25100000, 9.71946916529332178057852962482488627322e-01, -2.67753526525626867615567148130365903305e+00, 9.80702982554531199357939636900178564257e+00, 7.11849613657105027852501063298428094246e-01, 5.36140456117247047777739256885246506668e+00, 8.64964078595429460007057604016499155578e-01, 3.4991532385112336e+00, -4.3621122348249968e+00
0.25200000, 9.72768849880811459103836041494911792091e-01, -2.67698830721808089170547341710446179911e+00, 9.80623056619675569846329973522837496270e+00, 7.14730758649163696300717744935133483592e-01, 5.36069342864621043959169874141358234662e+00, 8.65876356562118178130877521703747743266e-01, 3.5362489459414661e+00, -4.3712831569802308e+00
0.25300000, 9.73591871985031433302174085505891169850e-01, -2.67644044804845194132227468719081882555e+00, 9.80543051650099137048878873342377363893e+00, 7.17612261726770378914879058006247749563e-01, 5.35998105606576869926801688421855756908e+00, 8.66789298609548370084027437572888347899e-01, 3.5736442349090445e+00, -4.3803408765665106e+00
0.25400000, 9.74415985011487998481422785721697348849e-01, -2.67589168512523233014211546382184133184e+00, 9.80462966855990868571442932578816471595e+00, 7.20494122730549058694117631336566571058e-01, 5.35926743991162022601339101562154993889e+00, 8.67702905904963648238465715918961796085e-01, 3.6113409963066486e+00, -4.3892828900334154e+00
0.25500000, 9.75241191137280926437117532872378850434e-01, -2.67534201581517037683477904845214765752e+00, 9.80382801444795300908855623532083570341e+00, 7.23376341496437334310812397210881447479e-01, 5.35855257664980632779802038764834431704e+00, 8.68617179619204132198999792661906756577e-01, 3.6493411251837927e+00, -4.3981066590728667e+00
0.25600000, 9.76067492547151180642783489558722913988e-01, -2.67479143747385489691862236282758870431e+00, 9.80302554621198804044192784849292670627e+00, 7.26258917855629943306895802876893777354e-01, 5.35783646273185475739830201963905825280e+00, 8.69532120926722725789349236362110131379e-01, 3.6876465205852078e+00, -4.4068096102129988e+00
0.25700000, 9.76894891433518460388828040588720743542e-01, -2.67423994744565751432153826046949757443e+00, 9.80222225587115759543310610980160719854e+00, 7.29141851634521829764933374722952755086e-01, 5.35711909459469928540161373757766394561e+00, 8.70447731005601499516286582377071960856e-01, 3.7262590853846914e+00, -4.4153891344080496e+00
0.25800000, 9.77723389996518973075550776186145086073e-01, -2.67368754306367459827145807129776072798e+00, 9.80141813541674651514610836388028095111e+00, 7.32025142654650752373341097518727220003e-01, 5.35640046866059873579726723296749537165e+00, 8.71364011037568179214649427184582278238e-01, 3.7651807261143391e+00, -4.4238425866242476e+00
0.25900000, 9.78552990444043436402135161225233986300e-01, -2.67313422164966882257329364136842358306e+00, 9.80061317681204069798550308746070902374e+00, 7.34908790732639428764200485947475093738e-01, 5.35568058133705547973601498661860494951e+00, 8.72280962208012741583045147502943455250e-01, 3.8044133527890674e+00, -4.4321672854216698e+00
0.26000000, 9.79383694991775312209277411280982985578e-01, -2.67257998051401034430243195405473367161e+00, 9.79980737199218624745920522274849455478e+00, 7.37792795680137211960776938288432052652e-01, 5.35495942901673338299799281963073299176e+00, 8.73198585706004117327171503993450118860e-01, 3.8439588787263383e+00, -4.4403605125320477e+00
0.26100000, 9.80215505863229273749063755340757026407e-01, -2.67202481695561759891782893895747469727e+00, 9.79900071286404772938376327980053406126e+00, 7.40677157303761294730038514124155394816e-01, 5.35423700807737520266601569322929724792e+00, 8.74116882724307002634853245568185151525e-01, 3.8838192203609918e+00, -4.4484195124324963e+00
0.26200000, 9.81048425289789908171829163085214317971e-01, -2.67146872826189770877039896757713077622e+00, 9.79819319130606553199091334505794572685e+00, 7.43561875405037437593204137617927286466e-01, 5.35351331488171942845771246089232308533e+00, 8.75035854459398779714147604679254203620e-01, 3.9239962970550950e+00, -4.4563414919151443e+00
0.26300000, 9.81882455510750656036020725203868391739e-01, -2.67091171170868650195475943358175121717e+00, 9.79738479916811232235759836463255010072e+00, 7.46446949780340216204616789090364707043e-01, 5.35278834577741656412607978208504885315e+00, 8.75955502111486547133201237181646172457e-01, 3.9644920309027104e+00, -4.4641236196526403e+00
0.26400000, 9.82717598773352989663549198036440134955e-01, -2.67035376456018813842446230906306291762e+00, 9.79657552827134859252450823306685959351e+00, 7.49332380220832783766032828679050386255e-01, 5.35206209709694484429365045914233304112e+00, 8.76875826884524260707948697125700940615e-01, 4.0053083465294873e+00, -4.4717630257595131e+00
0.26500000, 9.83553857332825832179744785370350544589e-01, -2.66979488406891434026262319997848701571e+00, 9.79576537040807728861048089921278813439e+00, 7.52218166512406144099737438531297825499e-01, 5.35133456515752538204060109900309236646e+00, 8.77796829986229985691228945993545590843e-01, 4.0464471708869782e+00, -4.4792568013493645e+00
0.26600000, 9.84391233452425219093840083986833074704e-01, -2.66923506747562322297133969164188802284e+00, 9.79495431734159751617181040691243722795e+00, 7.55104308435617930959732438252512790938e-01, 5.35060574626103674252176218932693135187e+00, 8.78718512628103261024462690685051018594e-01, 4.0879104330415798e+00, -4.4866019980878696e+00
0.26700000, 9.85229729403474204292886346507017166510e-01, -2.66867431200925772461447112971682138164e+00, 9.79414236080605731499662794264547732353e+00, 7.57990805765630689115590507309903159374e-01, 5.34987563669392893784163429061188514237e+00, 8.79640876025442576420680552845823201932e-01, 4.1297000639579965e+00, -4.4937956277415657e+00
0.26800000, 9.86069347465403012339170924089079255440e-01, -2.66811261488688362961922782751725340844e+00, 9.79332949250630549646504990440150927991e+00, 7.60877658272149652698423142809430802163e-01, 5.34914423272713683837015087449897000884e+00, 8.80563921397362963055421236637754218020e-01, 4.1718179962771231e+00, -4.5008346617224067e+00
0.26900000, 9.86910089925789438978546079695246620651e-01, -2.66754997331362718401258538244123845997e+00, 9.79251570411774253654571598955202762544e+00, 7.63764865719360016252762415309546572371e-01, 5.34841153061599299563505509003671336329e+00, 8.81487649966813698649831040611183109384e-01, 4.2142661640882421e+00, -4.5077160306280610e+00
0.27000000, 9.87751959080399501784604475812419926800e-01, -2.66698638448261229883879563033095193226e+00, 9.79170098728617051743866349166645246990e+00, 7.66652427865863693892002600440353172521e-01, 5.34767752660013987187936803384920684155e+00, 8.82412062960596127738192325126659916126e-01, 4.2570465026954282e+00, -4.5144366237779349e+00
0.27100000, 9.88594957233228342881346733630218632761e-01, -2.66642184557489733847420602439811540611e+00, 9.79088533362764211081319447645538210173e+00, 7.69540344464615561908380817713706890978e-01, 5.34694221690344147132451346815643331404e+00, 8.83337161609381597920089988574721493734e-01, 4.3001609483780509e+00, -4.5209932887448981e+00
0.27200000, 9.89439086696541385704883758274615698205e-01, -2.66585635375941149052522010293132217019e+00, 9.79006873472830859552748326567390397899e+00, 7.72428615262859180141289572766276608901e-01, 5.34620559773389436813122181402548713803e+00, 8.84262947147729512905492728091439775889e-01, 4.3436114381452655e+00, -4.5273828308826934e+00
0.27300000, 9.90284349790915747782803281284918684037e-01, -2.66528990619289071396452936434875611850e+00, 9.78925118214426690265413559487068436781e+00, 7.75317240002061987360002161912205817172e-01, 5.34546766528353812600135799663915727633e+00, 8.85189420814105503169180984319566629866e-01, 4.3873999094843805e+00, -4.5336020128490109e+00
0.27400000, 9.91130748845281911528108572076538652852e-01, -2.66472250001981326212971740474532416550e+00, 9.78843266740140568057274073466980692654e+00, 7.78206218417849965868647757358331721115e-01, 5.34472841572836510431429659287367213043e+00, 8.86116583850899715039197132154587928709e-01, 4.4315283001029856e+00, -4.5396475541242070e+00
0.27500000, 9.91978286196965655063109830525225863620e-01, -2.66415413237233477717697664504324667306e+00, 9.78761318199525037282664649120251403989e+00, 7.81095550239941770492490058035123247261e-01, 5.34398784522822964564139689334522256078e+00, 8.87044437504445219052326834127016477524e-01, 4.4759985476647265e+00, -4.5455161305256506e+00
0.27600000, 9.92826964191730245107317740279371110753e-01, -2.66358480037022295255098238221570279627e+00, 9.78679271739080730137672695044263187550e+00, 7.83985235192082317055234984893781064482e-01, 5.34324594992675663943150301028127488469e+00, 8.87972983025036538418044690816661093365e-01, 4.5208125895186070e+00, -4.5512043737176782e+00
0.27700000, 9.93676785183818893982256416030020875147e-01, -2.66301450112079175999993418794082243672e+00, 9.78597126502240674781979662895730050486e+00, 7.86875272991975825407212249429073276543e-01, 5.34250272595124945660920301129619444985e+00, 8.88902221666948298440873591385411059209e-01, 4.5659723624216997e+00, -4.5567088707171410e+00
0.27800000, 9.94527751535997482805181929130556469909e-01, -2.66244323171883523763239673988299164929e+00, 9.78514881629354502507354476833442580511e+00, 7.89765663351218312013835865993447148665e-01, 5.34175816941259724977581911133903066748e+00, 8.89832154688453997759716692354912853565e-01, 4.6114798022551425e+00, -4.5620261633945268e+00
0.27900000, 9.95379865619597552962965188844545901725e-01, -2.66187098924656083547984684149770052654e+00, 9.78432536257672553196341219221346968803e+00, 7.92656405975229527062742853832141214961e-01, 5.34101227640518161365076098489298197744e+00, 8.90762783351844902271424957325379964644e-01, 4.6573368437332985e+00, -4.5671527479706405e+00
0.28000000, 9.96233129814559567976876668587168267217e-01, -2.66129777077352231499575644537660418692e+00, 9.78350089521329878307970266347733202242e+00, 7.95547500563184330996430429712556777580e-01, 5.34026504300678260033794894077647555850e+00, 8.91694108923449062614662915686035318518e-01, 4.7035454201059516e+00, -4.5720850745088284e+00
0.28100000, 9.97087546509476447888697809081304191089e-01, -2.66072357335655219888860866506431900416e+00, 9.78267540551330140620540316348939287385e+00, 7.98438946807943505325052775485046220927e-01, 5.33951646527848408394849560256734187096e+00, 8.92626132673650456099032004134538963344e-01, 4.7501074628534130e+00, -4.5768195464027308e+00
0.28200000, 9.97943118101637378318482448944343897252e-01, -2.66014839403969376765245070531645220465e+00, 9.78184888475529409954667499121770694813e+00, 8.01330744395983992521291727293913568255e-01, 5.33876653926457846905671632419716963922e+00, 8.93558855876908253973405819310216235696e-01, 4.7970249013744051e+00, -4.5813525198595487e+00
0.28300000, 9.98799846997071896364403908246463041964e-01, -2.65957222985413259912442996634345557783e+00, 9.78102132418619854092876196932641910938e+00, 8.04222893007328559745874124822956206424e-01, 5.33801526099247073741181220198268139444e+00, 8.94492279811776214936526130353430669932e-01, 4.8442996626665947e+00, -4.5856803033788113e+00
0.28400000, 9.99657735610594255535451997772644445384e-01, -2.65899507781812764736423282931186308849e+00, 9.78019271502113324105013516267432705534e+00, 8.07115392315474881098364628732163475909e-01, 5.33726262647258182727222747285125459198e+00, 8.95426405760922205802103893339321219967e-01, 4.8919336709996380e+00, -4.5897991572266318e+00
0.28500000, 1.00051678636584807192829189769811276690e+00, -2.65841693493694185711544529316977596493e+00, 9.77936304844324833281704707063344314643e+00, 8.10008241987324033033309008063775926998e-01, 5.33650863169825133967371745591236198067e+00, 8.96361235011147850239967111538698189084e-01, 4.9399288475806037e+00, -4.5937052929054387e+00
0.28600000, 1.00137700169535125388036623219529054040e+00, -2.65783779820277231007357613003136514617e+00, 9.77853231560355928870929384779912212037e+00, 8.12901441683108397526631557966645424834e-01, 5.33575327264563956588556603180967143677e+00, 8.97296768853408306524198552533831089275e-01, 4.9882871102116346e+00, -4.5973948726191728e+00
0.28700000, 1.00223838404054121735231548615449605207e+00, -2.65725766459467989914982191865877233291e+00, 9.77770050762077955805587322706849869778e+00, 8.15794991056318967521393666476640559211e-01, 5.33499654527362883025215487955755785002e+00, 8.98233008582832175228712441860485408661e-01, 5.0370103729397075e+00, -4.6008640087339371e+00
0.28800000, 1.00310093585182038931401292928691030370e+00, -2.65667653107851852688360450029671325343e+00, 9.77686761558115211602636984164507590330e+00, 8.18688889753632049125590734321181387335e-01, 5.33423844552372414255920210726644182789e+00, 8.99169955498741537820331700196426728516e-01, 5.0861005456983483e+00, -4.6041087632340934e+00
0.28900000, 1.00396465958860200142996123206713006718e+00, -2.65609439460686382412047031107746541353e+00, 9.77603363053827991607028983143724598540e+00, 8.21583137414835354977593681324581256366e-01, 5.33347896931995315400544720829116706531e+00, 9.00107610904672127109147495293425456636e-01, 5.1355595339411572e+00, -4.6071251471737933e+00
0.29000000, 1.00482955771935617636148181663935759574e+00, -2.65551125211894138503510284783256375944e+00, 9.77519854351295523746219412226178087581e+00, 8.24477733672753483137121053359141762474e-01, 5.33271811256876541080135401661827763968e+00, 9.01045976108393630525772280317857064240e-01, 5.1853892382669974e+00, -4.6099091201239387e+00
0.29100000, 1.00569563272165630902504756261771951287e+00, -2.65492710054055451454195932041981872030e+00, 9.77436234549298791953533561379691282443e+00, 8.27372678153172775801250068444717139804e-01, 5.33195587115893089935652497333163726081e+00, 9.01985052421930127205037548189202110559e-01, 5.2355915540366956e+00, -4.6124565896145635e+00
0.29200000, 1.00656288708222574516826770120645752042e+00, -2.65434193678401148409839536717560681848e+00, 9.77352502743303247411058061603654032232e+00, 8.30267970474765552085931488500430242101e-01, 5.33119224096143787695695987632911323907e+00, 9.02924841161580659865739730120394586453e-01, 5.2861683709811048e+00, -4.6147634105726304e+00
0.29300000, 1.00743132329698475964743354029733861319e+00, -2.65375575774805229186708252596080062132e+00, 9.77268658025441406755068002513172596790e+00, 8.33163610249013709053755537020646810408e-01, 5.33042721782938998177204157072942259248e+00, 9.03865343647939942486203511547383526202e-01, 5.3371215728003721e+00, -4.6168253847552399e+00
0.29400000, 1.00830094387109783681317806833696240325e+00, -2.65316856031777492316604685712241725809e+00, 9.77184699484495336379244159661062436082e+00, 8.36059597080131685108315647095455999200e-01, 5.32966079759790261596918082433166640933e+00, 9.04806561205919204785712858491538607706e-01, 5.3884530367542567e+00, -4.6186382601782444e+00
0.29500000, 1.00917175131902125543369452771471921952e+00, -2.65258034136456110709575853163059767410e+00, 9.77100626205879021963103180146194908976e+00, 8.38955930564988779814424943311633952653e-01, 5.32889297608399859565139386990641857296e+00, 9.05748495164767174532257793846320639168e-01, 5.4401646332433375e+00, -4.6201977305402682e+00
0.29600000, 1.01004374816455098060810181351611882685e+00, -2.65199109774600156519337608113312446224e+00, 9.77016437271620622345149455680298549948e+00, 8.41852610293030824141648237974135370354e-01, 5.32812374908650306126970960293133462396e+00, 9.06691146858091198707561011448397830254e-01, 5.4922582253809481e+00, -4.6214994346421290e+00
0.29700000, 1.01091693694087086514594116807664217568e+00, -2.65140082630582074792449003743566698713e+00, 9.76932131760344606852260489824630783845e+00, 8.44749635846201195066111035960565309649e-01, 5.32735311238593764209819988659216258457e+00, 9.07634517623878504570984365426970635187e-01, 5.5447356685556757e+00, -4.6225389558016622e+00
0.29800000, 1.01179132019060116291244227693052290622e+00, -2.65080952387380105478251347386669995360e+00, 9.76847708747253775188736856620499169413e+00, 8.47647006798861168402327546995980899908e-01, 5.32658106174441386829458638834572273814e+00, 9.08578608804517601674672746992983168666e-01, 5.5975988099842565e+00, -4.6233118212639477e+00
0.29900000, 1.01266690046584735666311074293666260992e+00, -2.65021718726570653372522603205331509808e+00, 9.76763167304111158980282354203566406279e+00, 8.50544722717709603672842825363927604439e-01, 5.32580759290552582400379127078721882629e+00, 9.09523421746819825893173509146343680990e-01, 5.6508494882546961e+00, -4.6238135016069415e+00
0.30000000, 1.01354368032824930291536628311434484384e+00, -2.64962381328320605563688783062825111166e+00, 9.76678506499221804059928668717442697386e+00, 8.53442783161701954758800591750253494551e-01, 5.32503270159424203489545716232449635364e+00, 9.10468957802041026541775095630087850963e-01, 5.7044895328594464e+00, -4.6240394101425156e+00
0.30100000, 1.01442166234903069642940516334174939412e+00, -2.64902939871379595946279458582712465511e+00, 9.76593725397414432574580756859779267356e+00, 8.56341187681968600009118605291675935392e-01, 5.32425638351679658345935427801897863371e+00, 9.11415218325903397668940573438127772942e-01, 5.7585207637184591e+00, -4.6239849023129099e+00
0.30200000, 1.01530084910904885689517471235134769779e+00, -2.64843394033072216362113962785225340785e+00, 9.76508823060022983982433191859695439644e+00, 8.59239935821732485419768077721483327971e-01, 5.32347863436057944531470934288522392688e+00, 9.12362204678617454619472084030374635587e-01, 5.8129449906919426e+00, -4.6236452750826030e+00
0.30300000, 1.01618124319884484044733563839526274813e+00, -2.64783743489290173925457649161525121097e+00, 9.76423798544868034002992845771495111608e+00, 8.62139027116226074427702851956548957591e-01, 5.32269944979402603972082193884120525391e+00, 9.13309918224904156976432569469894970897e-01, 5.8677640130826385e+00, -4.6230157663256084e+00
0.30400000, 1.01706284721869387865535275748906844245e+00, -2.64723987914484394084093153543827636757e+00, 9.76338650906238090572838434655861100978e+00, 8.65038461092607597796258063069312614397e-01, 5.32191882546650598740686875485602518039e+00, 9.14258360334017179001373275377753967677e-01, 5.9229796191274362e+00, -4.6220915542082055e+00
0.30500000, 1.01794566377865614766140012790155464707e+00, -2.64664126981657068963909365372846073001e+00, 9.76253379194870765851551552079378451148e+00, 8.67938237269876597000326779039674825221e-01, 5.32113675700821106876852452036957177688e+00, 9.15207532379765328704071289839949699097e-01, 5.9785935854781385e+00, -4.6208677565671146e+00
0.30600000, 1.01882969549862787016459601761706568023e+00, -2.64604160362353650540220157332452914075e+00, 9.76167982457933823313465765346542754108e+00, 8.70838355158788754450316558698357437849e-01, 5.32035324003004237540793954530786874022e+00, 9.16157435740535116684772581144326312279e-01, 6.0346076766711897e+00, -4.6193394302831288e+00
0.30700000, 1.01971494500839275297620020615491269298e+00, -2.64544087726654788174585234718439367268e+00, 9.76082459739006098951999038092038709096e+00, 8.73738814261770003823775697362603630792e-01, 5.31956827012349664792169702192166495711e+00, 9.17108071799313475903864510917145939746e-01, 6.0910236445861747e+00, -4.6175015706502157e+00
0.30800000, 1.02060141494767376289681448669482496617e+00, -2.64483908743168210051416128630827011785e+00, 9.75996810078058295614359047344094027472e+00, 8.76639614072829913702650742875150703680e-01, 5.31878184286055179276861765306451712443e+00, 9.18059441943710633545969515305865763604e-01, 6.1478432278928924e+00, -4.6153491107401032e+00
0.30900000, 1.02148910796618524369333058804525402187e+00, -2.64423623079020548044110741683976803311e+00, 9.75911032511433649475339742665761794571e+00, 8.79540754077474337642382093385200164062e-01, 5.31799395379355157097567368759670346655e+00, 9.19011547565983136157660487252704072874e-01, 6.2050681514868085e+00, -4.6128769207623671e+00
0.31000000, 1.02237802672368537698037183034227233316e+00, -2.64363230399849105535869324095641440123e+00, 9.75825126071828467649759593706657810037e+00, 8.82442233752617323726452419470749664057e-01, 5.31720459845508945136580783333965420481e+00, 9.19964390063057029250350309574082334586e-01, 6.2627001259126842e+00, -4.6100798074200385e+00
0.31100000, 1.02326817389002898983827946867123606867e+00, -2.64302730369793567715702665409702285803e+00, 9.75739089788272535933826218907058353672e+00, 8.85344052566492276586562419857677566828e-01, 5.31641377235789162091611338356852485659e+00, 9.20917970836551192572404963996304308395e-01, 6.3207408467761778e+00, -4.6069525132607511e+00
0.31200000, 1.02415955214522071202730572454457621731e+00, -2.64242122651487653865448977235926685215e+00, 9.75652922686109395656347294641497242424e+00, 8.88246209978562364794308998941012732586e-01, 5.31562147099469914477860866907667194444e+00, 9.21872291292800832267173689067151889449e-01, 6.3791919941432133e+00, -4.6034897160234498e+00
0.31300000, 1.02505216417946848568559687097982380286e+00, -2.64181406906050711148868750462319360566e+00, 9.75566623786976488611242606976884101009e+00, 8.91148705439430166455071164139899347792e-01, 5.31482768983814926841871989882174587491e+00, 9.22827352842881131146422825159002741528e-01, 6.4380552319269039e+00, -4.5996860279806863e+00
0.31400000, 1.02594601269323743042678539345603617096e+00, -2.64120582793079249409086122174660644259e+00, 9.75480192108785169033245607164634886942e+00, 8.94051538390746545758757439590442389549e-01, 5.31403242434065585424855966954133543624e+00, 9.23783156902631058321604344974355131852e-01, 6.4973322072618188e+00, -4.5955359952765259e+00
0.31500000, 1.02684110039730406678156422384551904138e+00, -2.64059649970638416475790299172904847404e+00, 9.75393626665700581569013629956776655174e+00, 8.96954708265118753165123874221220620303e-01, 5.31323566993428894505314182419373389405e+00, 9.24739704892677339448487733179914032534e-01, 6.5570245498653754e+00, -4.5910340972600937e+00
0.31600000, 1.02773743001281090095649242289201228217e+00, -2.63998608095253413478700662929769985506e+00, 9.75306926468121404186092776801461088884e+00, 8.99858214486017741823522115355357626445e-01, 5.31243742203065344642779465767737158118e+00, 9.25696998238458588853936992477895482518e-01, 6.6171338713861384e+00, -4.5861747458147907e+00
0.31700000, 1.02863500427132137391248461303436823026e+00, -2.63937456821900849658833621619327930542e+00, 9.75220090522659454952305082642172625842e+00, 9.02762056467684692748170683574406332559e-01, 5.31163767602076692036421126149374480612e+00, 9.26655038370249604827025292936791056692e-01, 6.6776617647388020e+00, -4.5809522846832122e+00
0.31800000, 1.02953382591487517779497014111500214638e+00, -2.63876195804000036164087364924510720161e+00, 9.75133117832119161608140686600304314655e+00, 9.05666233615036741190347509368413486007e-01, 5.31083642727493648204079543780479138258e+00, 9.27613826723185829370250358630439068033e-01, 6.7386098034256280e+00, -4.5753609887878017e+00
0.31900000, 1.03043389769604394277757664413446394111e+00, -2.63814824693404218310581692970698073236e+00, 9.75046007395476892844645006651566114214e+00, 9.08570745323571896568265791842901192084e-01, 5.31003367114263479179021128112044192150e+00, 9.28573364737287973720346347587134094281e-01, 6.7999795408441124e+00, -4.5693950635472776e+00
0.32000000, 1.03133522237798729741140072666386786261e+00, -2.63753343140391745786053297811548605668e+00, 9.74958758207860150189089051833842096021e+00, 9.11475590979273148233805952505866772814e-01, 5.30922940295237513413331121545159097246e+00, 9.29533653857486810962085010499478399836e-01, 6.8617725095806448e+00, -4.5630486441888714e+00
0.32100000, 1.03223780273450930560248022431252764241e+00, -2.63691750793657180266411529757262764667e+00, 9.74871369260526619390398649522406359339e+00, 9.14380769958511749272721341441409313450e-01, 5.30842361801158557568388778526144841429e+00, 9.30494695533648137072522629754562805211e-01, 6.9239902206899247e+00, -4.5563157950564196e+00
0.32200000, 1.03314164155011528337098247583683865289e+00, -2.63630047300302339911305026122199655249e+00, 9.74783839540843080185894158223462667559e+00, 9.17286281627949670451401685131097337356e-01, 5.30761631160648219364295543211424732534e+00, 9.31456491220597901747381999320683314193e-01, 6.9866341629598955e+00, -4.5491905089143511e+00
0.32300000, 1.03404674162006899857687567371513006842e+00, -2.63568232305827280199234850439109222759e+00, 9.74696168032264173320354797597449794241e+00, 9.20192125344441216338753135652724996174e-01, 5.30680747900194136651450624757360491276e+00, 9.32419042378147510375662901785728285970e-01, 7.0497058021619513e+00, -4.5416667062476189e+00
0.32400000, 1.03495310575045025682846029156379152573e+00, -2.63506305454121210557374208552147614055e+00, 9.74608353714311023677769657248451962064e+00, 9.23098300454933795546224092552559532084e-01, 5.30599711544137111858688447521556539271e+00, 9.33382350471119298543152603680738275235e-01, 7.1132065802861696e+00, -4.5337382345576228e+00
0.32500000, 1.03586073675821287682210944556356228503e+00, -2.63444266387453346235817585745171687267e+00, 9.74520395562549718375369324917014740775e+00, 9.26004806296367836942458432662288730579e-01, 5.30518521614658150963507433236369506448e+00, 9.34346416969372180460262295508759039185e-01, 7.1771379147613190e+00, -4.5253988676541764e+00
0.32600000, 1.03676963747124305839390555277449287389e+00, -2.63382114746463694870482486265053913706e+00, 9.74432292548569638658646463992198585874e+00, 9.28911642195575843611478916486446936013e-01, 5.30437177631765406120928031687846191653e+00, 9.35311243347827472724548659777214141189e-01, 7.2415011976593874e+00, -4.5166423049435716e+00
0.32700000, 1.03767981072841814659657058735038598142e+00, -2.63319850170153777173324041753667000479e+00, 9.74344043639961644425069110498214356709e+00, 9.31818807469180576234679662030568855460e-01, 5.30355679113281021078418412389922611406e+00, 9.36276831086494894843394410435923888589e-01, 7.3062977948843718e+00, -4.5074621707127986e+00
0.32800000, 1.03859125937966579514817346166967935116e+00, -2.63257472295877281182895764925166333284e+00, 9.74255647800296110193065471263549323734e+00, 9.34726301423492357487223806949554583063e-01, 5.30274025574827878495117297246934623143e+00, 9.37243181670498747957620303308818825523e-01, 7.3715290453450688e+00, -4.4978520134099817e+00
0.32900000, 1.03950398628602353263256549980608244937e+00, -2.63194980759330649502597824073470797352e+00, 9.74167103989100811321612087448224882644e+00, 9.37634123354405488948686732678038431400e-01, 5.30192216529816248274263566226053409212e+00, 9.38210296590104273222286404198844752940e-01, 7.4371962601115983e+00, -4.4878053049210923e+00
0.33000000, 1.04041799431969873486534862432093669882e+00, -2.63132375194543598948196555270278567265e+00, 9.74078411161838659274386859515794346022e+00, 9.40542272547293771935942207613876939866e-01, 5.30110251489430336008309995143269202640e+00, 9.39178177340744191316614996893499686397e-01, 7.5033007215553921e+00, -4.4773154398430087e+00
0.33100000, 1.04133328636412900687342581621918379223e+00, -2.63069655233869572020374652668517849956e+00, 9.73989568269885284710953068215229469010e+00, 9.43450748276905123573344017816021644396e-01, 5.30028129962614730626652254505936294890e+00, 9.40146825423045424570834138356635140910e-01, 7.5698436824723733e+00, -4.4663757347529878e+00
0.33200000, 1.04224986531404297797082477880963821237e+00, -2.63006820507976119612179710862878398336e+00, 9.73900574260506467175818606569206413891e+00, 9.46359549807255279321194376497916662581e-01, 5.29945851456060750326242555451106575181e+00, 9.41116242342856003213802288307930951631e-01, 7.6368263651890482e+00, -4.4549794274746256e+00
0.33300000, 1.04316773407552151344852876168737493533e+00, -2.62943870645835214355278651729625803171e+00, 9.73811428076835410144464573554487929585e+00, 9.49268676391520573088297703926175622750e-01, 5.29863415474192685855578494079643303826e+00, 9.42086429611272157261533465612335655158e-01, 7.7042499606512304e+00, -4.4431196763403792e+00
0.33400000, 1.04408689556605934643149848068733113747e+00, -2.62880805274713494002896153566365975051e+00, 9.73722128657849860173557561984805289132e+00, 9.52178127271929785958059092354489989240e-01, 5.29780821519153940212660115833144760122e+00, 9.43057388744665595583201870798211423832e-01, 7.7721156274951113e+00, -4.4307895594507321e+00
0.33500000, 1.04500735271462713349193138131275454573e+00, -2.62817624020162434241215601505617293699e+00, 9.73632674938349068890548769164188276156e+00, 9.55087901679655054460085537032373069287e-01, 5.29698069090793063807490369528266061786e+00, 9.44029121264710973697867765727582083845e-01, 7.8404244911003856e+00, -4.4179820739300836e+00
0.33600000, 1.04592910846173393764408459426139726334e+00, -2.62754326506008450314850370530017422744e+00, 9.73543065848930596545718814126809780789e+00, 9.57997998834701829220569216687841440466e-01, 5.29615157686649684129554293989071891026e+00, 9.45001628698413551872035568705707562526e-01, 7.9091776426251415e+00, -4.4046901351794515e+00
0.33700000, 1.04685216575949014238269136057236964097e+00, -2.62690912354342926845750497819762858859e+00, 9.73453300315966955837448181170809930958e+00, 9.60908417945797874724859905897937611854e-01, 5.29532086801940328950448801427981971890e+00, 9.45974912578137045105233605382798058632e-01, 7.9783761380222142e+00, -4.3909065761260757e+00
0.33800000, 1.04777652757167080046413308111335244859e+00, -2.62627381185512175218594047643301031901e+00, 9.73363377261582094709077823504109954898e+00, 9.63819158210281300824551922497987823186e-01, 5.29448855929544142081446087708607460271e+00, 9.46948974441631666608095801293231790340e-01, 8.0480209970367032e+00, -4.3766241464700192e+00
0.33900000, 1.04870219687377942116709617468671572937e+00, -2.62563732618107317899322753544959920360e+00, 9.73273295603627716803170926470649656850e+00, 9.66730218813987616519103541216853613755e-01, 5.29365464559988490695257781200078250364e+00, 9.47923815832062366394931909713882160850e-01, 8.1181132021843454e+00, -4.3618355119278628e+00
0.34000000, 1.04962917665311219980745039994214004048e+00, -2.62499966268954099047016858899341883396e+00, 9.73183054255659438246293395696476779300e+00, 9.69641598931135796438456982228760608451e-01, 5.29281912181434463210622183415302379617e+00, 9.48899438298037266630497788838685443627e-01, 8.1886536977104343e+00, -4.3465332534735971e+00
0.34100000, 1.05055746990882269332053908385184347708e+00, -2.62436081753102620772763473196599444225e+00, 9.73092652126912779424595525235696151115e+00, 9.72553297724213350348318105050534008333e-01, 5.29198198279662256727561573372457747492e+00, 9.49875843393636295388623977361957315487e-01, 8.2596433885289706e+00, -4.3307098665768165e+00
0.34200000, 1.05148707965198694576297776678641438897e+00, -2.62372078683817004392555208155884774537e+00, 9.73002088122278990397498712625286167490e+00, 9.75465314343860385893669747493069298982e-01, 5.29114322338056452990248733575913751541e+00, 9.50853032678440020498532622869060824604e-01, 8.3310831391417235e+00, -4.3143577604383276e+00
0.34300000, 1.05241800890566906762542217347238928094e+00, -2.62307956672564976014560330411478708900e+00, 9.72911361142280708583667194058367917803e+00, 9.78377647928752654688713933908942315942e-01, 5.29030283837591181843379770749899068798e+00, 9.51831007717558685173073002495947905422e-01, 8.4029737725368810e+00, -4.2974692572232850e+00
0.34400000, 1.05335026070498727288759529323437169878e+00, -2.62243715329007375794331126320959952653e+00, 9.72820470083047447340173719792523454088e+00, 9.81290297605483571752748364671356914444e-01, 5.28946082256815171136772082696951989197e+00, 9.52809770081661447131737804805200315029e-01, 8.4753160690669590e+00, -4.2800365912919755e+00
0.34500000, 1.05428383809718037778716293701359687353e+00, -2.62179354260987590184662564168908112276e+00, 9.72729413836290914042347996889864365457e+00, 9.84203262488445198181463853491681773504e-01, 5.28861717071836682021590068784366796482e+00, 9.53789321347005822950189436547605811482e-01, 8.5481107653056381e+00, -4.2620519084283729e+00
0.34600000, 1.05521874414167476531482376150152595249e+00, -2.62114873074520906499877588707798555104e+00, 9.72638191289280156258225685809916383153e+00, 9.87116541679708176831783596201932801574e-01, 5.28777187756308328570144971155158410783e+00, 9.54769663095467339387131355939377803508e-01, 8.6213585528831897e+00, -4.2435072650665941e+00
0.34700000, 1.05615498191015181948923983637993561715e+00, -2.62050271373783789107297405618288888093e+00, 9.72546801324816534597791814085835423846e+00, 9.90030134268900610685633956472370839739e-01, 5.28692493781411780639617112564233364204e+00, 9.55750796914569393458707351550347985463e-01, 8.6950600773001507e+00, -4.2243946275153883e+00
0.34800000, 1.05709255448661583350718390001090039485e+00, -2.61985548761103076551553805851738689365e+00, 9.72455242821208520803333701176947156529e+00, 9.92944039333085873443921185669253362423e-01, 5.28607634615842348888306780174189483272e+00, 9.56732724397513323050205378482244861018e-01, 8.7692159367188990e+00, -4.2047058711807986e+00
0.34900000, 1.05803146496746239590652612132273081136e+00, -2.61920704836945098910214822176644087506e+00, 9.72363514652246319633182882050778527371e+00, 9.95858255936639341786470218736205125066e-01, 5.28522609725793450841132077278617604039e+00, 9.57715447143208689874685687295042036945e-01, 8.8438266807327796e+00, -4.1844327797871396e+00
0.35000000, 1.05897171646154725892243318054597758188e+00, -2.61855739199904714671923666022299512366e+00, 9.72271615687176313076931052668647745801e+00, 9.98772783131124038616741181957299866940e-01, 5.28437418574940956889056179947306970184e+00, 9.58698966756303776608249253787030231304e-01, 8.9188928091124256e+00, -4.1635670445964398e+00
0.35100000, 1.05991331209025569326041262009885845836e+00, -2.61790651446694266420892808249650993396e+00, 9.72179544790675325425849688545338227096e+00, 1.00168761995516517649175699661242668991e+00, 5.28352060624427415094940514285839312918e+00, 9.59683284847216300052015719680107267103e-01, 8.9944147705289124e+00, -4.1421002636265016e+00
0.35200000, 1.06085625498757233355361262401779244408e+00, -2.61725441172132454604149071766916252447e+00, 9.72087300822824707707724628317216808945e+00, 1.00460276543432359031783165341858003349e+00, 5.28266535332846153665982301187122760958e+00, 9.60668403032164342191494029873219251530e-01, 9.0703929612533804e+00, -4.1200239408677416e+00
0.35300000, 1.06180054830015151881608868980826998159e+00, -2.61660107969133128650390508276655213627e+00, 9.71994882639084239980633457869845349110e+00, 1.00751821858096804827136325354171485339e+00, 5.28180842156225259940402554918401205475e+00, 9.61654322933197501044907610716266992991e-01, 9.1468277238327563e+00, -4.0973294854989730e+00
0.35400000, 1.06274619518738813224858119737254022502e+00, -2.61594651428693994701690429272337128201e+00, 9.71902289090265849965342836332870231752e+00, 1.01043397839414642978112834382800324912e+00, 5.28094980548011434723401791837694042759e+00, 9.62641046178228263213183251613240451518e-01, 9.2237193457411962e+00, -4.0740082111023038e+00
0.35500000, 1.06369319882148894479871890145907287837e+00, -2.61529071139885239211567027827276513699e+00, 9.71809519022507146480982801134909912526e+00, 1.01335004385945575928416368626508540535e+00, 5.28008949959053720794593194001948214399e+00, 9.63628574401063600065732872710209566051e-01, 9.3010680580068729e+00, -4.0500513348773260e+00
0.35600000, 1.06464156238754446692348023320086223249e+00, -2.61463366689838067655127319313506409375e+00, 9.71716571277244766133463371503680008289e+00, 1.01626641394891108434142734740403469210e+00, 5.27922749837587104396154532688307957106e+00, 9.64616909241436789517854196902243374662e-01, 9.3788740338137193e+00, -4.0254499768547808e+00
0.35700000, 1.06559128908360131304821446158043578251e+00, -2.61397537663733157589090383663474874239e+00, 9.71623444691187531690733202148428221720e+00, 1.01918308762081318657197150343006346178e+00, 5.27836379629215988497808506810453165752e+00, 9.65606052345039465377554177572653314077e-01, 9.4571373870777405e+00, -4.0001951591098864e+00
0.35800000, 1.06654238212073508326355582028490111701e+00, -2.61331583644789025291495827671919656039e+00, 9.71530138096289420563438352368756449796e+00, 1.02210006381961511373531293424518633909e+00, 5.27749838776897536621443972809241252397e+00, 9.66596005363553896261862118593277586158e-01, 9.5358581709974978e+00, -3.9742778049755274e+00
0.35900000, 1.06749484472312376684916334892899472850e+00, -2.61265504214250305202807702152817535152e+00, 9.71436650319722341793819128098339716322e+00, 1.02501734147578752116103179588600438711e+00, 5.27663126720924885994725481166272312162e+00, 9.67586769954685496105252087332409276116e-01, 9.6150363765783643e+00, -3.9476887382555051e+00
0.36000000, 1.06844868012812167226139524786436468507e+00, -2.61199298951375941381930484707899977733e+00, 9.71342980183848719939782089075125272466e+00, 1.02793491950568281059234254688018135582e+00, 5.27576242898910228789403198329409497825e+00, 9.68578347782195568305640866229675645751e-01, 9.6946719311301482e+00, -3.9204186824380592e+00
0.36100000, 1.06940389158633388827078694090789420392e+00, -2.61132967433427290182360833452525188406e+00, 9.71249126506193884225000319594151699704e+00, 1.03085279681139805437644014852960616800e+00, 5.27489186745767760186227251764653132176e+00, 9.69570740515934285576572791146123975100e-01, 9.7747646967376713e+00, -3.8924582599098768e+00
0.36200000, 1.07036048236169128098455484081922823997e+00, -2.61066509235656133345305268797443378668e+00, 9.71155088099418261309625533242213002009e+00, 1.03377097228063669279880679930136796091e+00, 5.27401957693696491994387321727125265557e+00, 9.70563949831873907597650939626953148208e-01, 9.8553144687038880e+00, -3.8637979911708108e+00
0.36300000, 1.07131845573152603153930120319187583748e+00, -2.60999923931292600698098366962146721332e+00, 9.71060863771289370019738078088743796905e+00, 1.03668944478656899222134608120078688327e+00, 5.27314555172162930539237408623943274818e+00, 9.71557977412142238579029892554306060688e-01, 9.9363209739651241e+00, -3.8344282940495386e+00
0.36400000, 1.07227781498664771929965774711775845012e+00, -2.60933211091533001637657046749917981556e+00, 9.70966452324653616357012951236340119536e+00, 1.03960821318769125154516871082712303703e+00, 5.27226978607883617517724582066436833701e+00, 9.72552824945056326879853411750716693711e-01, 1.0017783869478008e+01, -3.8043394829203974e+00
0.36500000, 1.07323856343141995544978535580114500116e+00, -2.60866370285527564570002675131264103165e+00, 9.70871852557407887093239005808451181530e+00, 1.04252727632768374437806295119068950986e+00, 5.27139227424807532506416578816374965806e+00, 9.73548494125156408844905649001756190750e-01, 1.0099702740577663e+01, -3.7735217679216434e+00
0.36600000, 1.07420070438383757191645271843375276968e+00, -2.60799401080368083468072560311472012893e+00, 9.70777063262470940237292087321723868421e+00, 1.04544663303526738414411862923224782901e+00, 5.27051301044098355792313732440589572999e+00, 9.74544986653240099048451807109920923068e-01, 1.0182077099306724e+01, -3.7419652541753856e+00
0.36700000, 1.07516424117560437061485694048393519305e+00, -2.60732303041075470701124473841922331111e+00, 9.70682083227754590644928279845586212333e+00, 1.04836628212405909922861171438981015415e+00, 5.26963198884116590181733216176205566029e+00, 9.75542304236396829159278474324384186581e-01, 1.0264906382714740e+01, -3.7096599410094556e+00
0.36800000, 1.07612917715221143806143277295985691068e+00, -2.60665075730587215280010653927573013728e+00, 9.70586911236134689024328146587526075778e+00, 1.05128622239242590510507125418074881220e+00, 5.26874920360401540427465248065436057404e+00, 9.76540448588042537666310199756995791962e-01, 1.0348189951127501e+01, -3.6765957211814836e+00
0.36900000, 1.07709551567301603045163316984664594377e+00, -2.60597718709744745653459775262880738749e+00, 9.70491546065421892572684146417143250469e+00, 1.05420645262333766024341644827431620560e+00, 5.26786464885653148899118986095985535907e+00, 9.77539421427954612729882407411411712558e-01, 1.0431927086385857e+01, -3.6427623801054561e+00
0.37000000, 1.07806326011132103435506149464043443296e+00, -2.60530231537280696181255087902987734674e+00, 9.70395986488332225461278589220082099338e+00, 1.05712697158421849244814268682365337358e+00, 5.26697831869713686106097528823367253352e+00, 9.78539224482307090449796688429210930016e-01, 1.0516116990053556e+01, -3.6081495950810432e+00
0.37100000, 1.07903241385445500823540412216069967006e+00, -2.60462613769806076400832766381160200492e+00, 9.70300231272457427368445810057949990624e+00, 1.06004777802679688212372498816630172951e+00, 5.26609020719549294666963886605167290472e+00, 9.79539859483706110867678185051681243375e-01, 1.0600758781593632e+01, -3.5727469345259882e+00
0.37200000, 1.08000298030385281005836082613853341505e+00, -2.60394864961797342194344883769676006017e+00, 9.70204279180235088241546904764709207365e+00, 1.06296887068695438881066853699536799730e+00, 5.26520030839231385303080107103072516101e+00, 9.80541328171225634047901599106620991037e-01, 1.0685851496512894e+01, -3.5365438572118645e+00
0.37300000, 1.08097496287513681630720875955702175137e+00, -2.60326984665583367953634722202217667301e+00, 9.70108128968918567450605545662469973951e+00, 1.06589024828457300717994161656450397814e+00, 5.26430861629917883418316986358643303868e+00, 9.81543632290443418608457831426024552133e-01, 1.0771394084474019e+01, -3.4995297115035126e+00
0.37400000, 1.08194836499819873778277372660870295945e+00, -2.60258972431332318830856714958774546582e+00, 9.70011779390546695477556210619653088424e+00, 1.06881190952338113851584838816573811295e+00, 5.26341512489834324810338986239032013883e+00, 9.82546773593477265100602992595652845895e-01, 1.0857385407374783e+01, -3.4616937346024791e+00
0.37500000, 1.08292319011728203762242966843471160301e+00, -2.60190827807038422152637523428067374943e+00, 9.69915229191913256266138693334106544865e+00, 1.07173385309079816355770950227683317797e+00, 5.26251982814254799042465074711679821202e+00, 9.83550753839021526663971225097677876536e-01, 1.0943824237393932e+01, -3.4230250517947891e+00
0.37600000, 1.08389944169106495703131385093320980328e+00, -2.60122550338508637065716896976562555950e+00, 9.69818477114536248338332054945601725698e+00, 1.07465607765777760240898878864856355306e+00, 5.26162271995482738988388122328968834267e+00, 9.84555574792383889412048248605068584127e-01, 1.1030709255003208e+01, -3.3835126757033953e+00
0.37700000, 1.08487712319274415427824132140526804908e+00, -2.60054139569349221471925330386359174017e+00, 9.69721521894626922763854219374187823032e+00, 1.07757858187864884705870517569838934440e+00, 5.26072379422831555045100091445582855870e+00, 9.85561238225522425031499693393418549380e-01, 1.1118039046945036e+01, -3.3431455055456544e+00
0.37800000, 1.08585623811011896256883812206203006351e+00, -2.59985595040952195300148380587438462900e+00, 9.69624362263058596049657153957270579236e+00, 1.08050136439095745189407098183232917741e+00, 5.25982304482605112492214357990995300152e+00, 9.86567745917082918107833136162145084322e-01, 1.1205812104175360e+01, -3.3019123263961939e+00
0.37900000, 1.08683678994567627246919900656308467289e+00, -2.59916916292481699152593063038377533667e+00, 9.69526996945335235996518913365918733998e+00, 1.08342442381530396741527078410857580811e+00, 5.25892046558078050458496871078056014267e+00, 9.87575099652436470719251419830900499786e-01, 1.1294026819771114e+01, -3.2598018084555412e+00
0.38000000, 1.08781878221667604461492266147390834334e+00, -2.59848102860860247352208221587619492785e+00, 9.69429424661559818549769611511724152622e+00, 1.08634775875518130219310870865974765850e+00, 5.25801605029475940938811192477752159812e+00, 9.88583301223717386870333555272591424172e-01, 1.1382681486801840e+01, -3.2168025063248999e+00
0.38100000, 1.08880221845523745850269651799102146961e+00, -2.59779154280754874407516328922190737737e+00, 9.69331644126402453650885428244007125178e+00, 1.08927136779681059793787522418139343208e+00, 5.25710979273955286286845421341652790203e+00, 9.89592352429861339367364611153887756151e-01, 1.1471774296164893e+01, -3.1729028582874675e+00
0.38200000, 1.08978710220842570322470515312727637172e+00, -2.59710070084563173900386973898881551652e+00, 9.69233654049068278076139811242723587337e+00, 1.09219524950897560237318588379302413491e+00, 5.25620168665583353590918200030016177430e+00, 9.90602255076643821767733954508291894041e-01, 1.1561303334383742e+01, -3.1280911855967003e+00
0.38300000, 1.09077343703833941607003220192278621713e+00, -2.59640849802399228791420443936137059407e+00, 9.69135453133265113227710805086696225175e+00, 1.09511940244285552443169197983244912242e+00, 5.25529172575317844321852959250425767726e+00, 9.91613010976718888066838581803577745429e-01, 1.1651266581368818e+01, -3.0823556917719446e+00
0.38400000, 1.09176122652219877498192698989746463176e+00, -2.59571492962079432126611402156797798075e+00, 9.69037040077170885821604584914997360694e+00, 1.09804382513185635611042426894736382427e+00, 5.25437990370986397623360782889487421002e+00, 9.92624621949658182817371768847777819211e-01, 1.1741661908140365e+01, -3.0356844619018624e+00
0.38500000, 1.09275047425243425092532528639412925750e+00, -2.59501999089108197117825746674373474700e+00, 9.68938413573400809395464395875868438520e+00, 1.10096851609144064514207279068682569396e+00, 5.25346621417265925596579185076342178303e+00, 9.93637089821990264407753679363115552919e-01, 1.1832487074512775e+01, -2.9880654619560944e+00
0.38600000, 1.09374118383677602628536039815530815695e+00, -2.59432367706663555558346348965750936044e+00, 9.68839572308974324537787753845280885761e+00, 1.10389347381895570245469481322749212324e+00, 5.25255065075661778911373065438850920846e+00, 9.94650416427240224258776841017565677198e-01, 1.1923739726739824e+01, -2.9394865381056149e+00
0.38700000, 1.09473335889834408548478818016324446575e+00, -2.59362598335582643523323493879499633280e+00, 9.68740514965281795718269446669939826434e+00, 1.10681869679346022820614502922609529224e+00, 5.25163320704486741057711454559576996756e+00, 9.95664603605969604730302584300333005685e-01, 1.2015417395120289e+01, -2.8899354160522451e+00
0.38800000, 1.09572700307573898407628954077679581526e+00, -2.59292690494347073293401447696798036863e+00, 9.68641240218050962576920033307645371787e+00, 1.10974418347554933999090268069657245074e+00, 5.25071387658839849530885630648616772912e+00, 9.96679653205816618563061832139256239286e-01, 1.2107517491563357e+01, -2.8393997003678051e+00
0.38900000, 1.09672212002313330263451895884875891950e+00, -2.59222643699068190428081592429317694822e+00, 9.68541746737313143507275560516819685996e+00, 1.11266993230717798662589414552808894652e+00, 5.24979265290585042224526968633203480824e+00, 9.97695567081536672714292345565529607412e-01, 1.2200037307113277e+01, -2.7878668738433991e+00
0.39000000, 1.09771871341036379184254990860629456746e+00, -2.59152457463472214903522880699510235119e+00, 9.68442033187369189346410437007582068682e+00, 1.11559594171148273072834093483653696897e+00, 5.24886952948329627285312599165464138500e+00, 9.98712347095043199480092125357852809203e-01, 1.2292974009432673e+01, -2.7353242968493394e+00
0.39100000, 1.09871678692302421523804060244669855096e+00, -2.59082131298885265217469848867495156438e+00, 9.68342098226755184961588100068006509555e+00, 1.11852221009260188310256571857354003981e+00, 5.24794449977402574662909667995651866766e+00, 9.99729995115448797831992729810703463521e-01, 1.2386324640243947e+01, -2.6817592067062321e+00
0.39200000, 1.09971634426255889615601901689006303147e+00, -2.59011664714218264351834904980114929186e+00, 9.68241940508207896500229498532355040206e+00, 1.12144873583549397175402601901606432954e+00, 5.24701755719832627568100690675694252712e+00, 1.00074851301910668793036452173890694319e+00, 1.2480086112728186e+01, -2.6271587170677588e+00
0.39300000, 1.10071738914635697547767787649832026045e+00, -2.58941057215951726471142876117779058827e+00, 9.68141558678629962046443658521928110959e+00, 1.12437551730575452814757909332303685221e+00, 5.24608869514326232031149121772602860166e+00, 1.00176790268965248181286617234549256538e+00, 1.2574255208880979e+01, -2.5715098173157049e+00
0.39400000, 1.10171992530784738686799146143889805560e+00, -2.58870308308120423222569614738713752311e+00, 9.68040951379054823403643794646166713603e+00, 1.12730255284943117312307416511861873048e+00, 5.24515790696245282731301661780594029006e+00, 1.00278816601804627329225113894148563909e+00, 1.2668828576824557e+01, -2.5147993719677998e+00
0.39500000, 1.10272395649659455625933032025342739713e+00, -2.58799417492297928490670547408548298637e+00, 9.67940117244611396698762618264427325455e+00, 1.13022984079283698467478084049745383611e+00, 5.24422518597584683246877799542592714552e+00, 1.00380930490261505013445245846932589746e+00, 1.2763802728075651e+01, -2.4570141200989494e+00
0.39600000, 1.10372948647839483241357097479345865553e+00, -2.58728384267581040447097086754852270865e+00, 9.67839054904488479479277652856770637827e+00, 1.13315737944236212959185590595037347482e+00, 5.24329052546949718853663353488126082267e+00, 1.00483132124909543162499237056934952813e+00, 1.2859174034768463e+01, -2.3981406747764564e+00
0.39700000, 1.10473651903537365547148948848444586845e+00, -2.58657208130574079722636465999886882898e+00, 9.67737762981898891949657408247261960201e+00, 1.13608516708428374074498476376687380659e+00, 5.24235391869533239977298979769454529799e+00, 1.00585421697067673466941346731452804176e+00, 1.2954938726832136e+01, -2.3381655225098412e+00
0.39800000, 1.10574505796608347047550455018552151429e+00, -2.58585888575373062515781404226540809660e+00, 9.67636240094043349968938039805748763573e+00, 1.13901320198457402158946787156113101929e+00, 5.24141535887092654383032334648814929604e+00, 1.00687799398804437161161188319594288823e+00, 1.3051092889122112e+01, -2.2770750227158915e+00
0.39900000, 1.10675510708560239293011195500393819226e+00, -2.58514425093549747438737639990505562647e+00, 9.67534484852074067405933409865809139449e+00, 1.14194148238870655923731540984307283723e+00, 5.24047483917926726163579312933128022230e+00, 1.00790265422942358299267926986499150130e+00, 1.3147632458504745e+01, -2.2148554071995859e+00
0.40000000, 1.10776667022563363354364272876679839223e+00, -2.58442817174135554888307311817998249521e+00, 9.67432495861058085423064993933537440480e+00, 1.14487000652146082723032302229310076704e+00, 5.23953235276852179562910958620811566695e+00, 1.00892819963062350851213789013736135402e+00, 1.3244553220894553e+01, -2.1514927796515541e+00
0.40100000, 1.10877975123460568937529657420921779210e+00, -2.58371064303605357715441907065479552771e+00, 9.67330271719940326233967483604015172765e+00, 1.14779877258672485892258518681999355012e+00, 5.23858789275180105650543605636438710861e+00, 1.00995463213508159949329122602987886540e+00, 1.3341850808243465e+01, -2.0869731151627528e+00
0.40200000, 1.10979435397777330869276598995027951697e+00, -2.58299165965861141953437495112871145104e+00, 9.67227811021506368853876812320923617871e+00, 1.15072777876729607215441721032815766214e+00, 5.23764145220692169837355824227456217367e+00, 1.01098195369390837619482030735179831963e+00, 1.3439520695481432e+01, -2.0212822597570559e+00
0.40300000, 1.11081048233731923692818975399825111100e+00, -2.58227121642215536350744614725087691769e+00, 9.67125112352344944335335179956371466378e+00, 1.15365702322468022567015791198606586391e+00, 5.23669302417616618200082010685890615697e+00, 1.01201016626593253335174298537167436860e+00, 1.3537558197407749e+01, -1.9544059299424741e+00
0.40400000, 1.11182814021245675120367315278210394067e+00, -2.58154930811375209440182863966219315719e+00, 9.67022174292810147954947917035045283723e+00, 1.15658650409888848749976795819761938488e+00, 5.23574260166604080557434071199928214484e+00, 1.01303927181774639737042923224307054560e+00, 1.3635958465532454e+01, -1.8863297122817404e+00
0.40500000, 1.11284733151953299098220231505749034094e+00, -2.58082592949424132861983266341302806174e+00, 9.66918995416983365789795076033791029446e+00, 1.15951621950823259528847798771337116150e+00, 5.23479017764703168216274638229939026802e+00, 1.01406927232375173864454005394213114428e+00, 1.3734716484867127e+01, -1.8170390629830123e+00
0.40600000, 1.11386806019213309248547748232499185947e+00, -2.58010107529806709643527136878059038531e+00, 9.66815574292634913094631758393033386571e+00, 1.16244616754911808831992981497832122974e+00, 5.23383574505335864281402558407016324907e+00, 1.01510016976620594250154075979114280098e+00, 1.3833827070664453e+01, -1.7465193075114679e+00
0.40700000, 1.11489033018118513460701148764808168892e+00, -2.57937474023310766123905679800189783380e+00, 9.66711909481185381863200599288606298251e+00, 1.16537634629583559073624605510958880518e+00, 5.23287929678272704397308856715370994851e+00, 1.01613196613526854233284132100942400088e+00, 1.3933284865105864e+01, -1.6747556402225856e+00
0.40800000, 1.11591414545506590413680187111048883188e+00, -2.57864691898050406196487102771240002530e+00, 9.66607999537666694928822678871134167996e+00, 1.16830675380035012521321062567746105060e+00, 5.23192082569607745764713776744413406175e+00, 1.01716466342904811850464775233266074674e+00, 1.4033084333936610e+01, -1.6017331240179245e+00
0.40900000, 1.11693950999970748820300495991351168300e+00, -2.57791760619448726527544772387486772917e+00, 9.66503843010682863930924471690004519516e+00, 1.17123738809208843610019610495079845099e+00, 5.23096032461733322248797495481387301913e+00, 1.01819826365364956669127943918291065940e+00, 1.4133219763047567e+01, -1.5274366900242376e+00
0.41000000, 1.11796642781870470192633519589634115970e+00, -2.57718679650220391393667955300316408171e+00, 9.66399438442370448445293269158149388831e+00, 1.17416824717772430078258441052023538611e+00, 5.22999778633314583369783296466438589523e+00, 1.01923276882322173931802888330794449944e+00, 1.4233685255003111e+01, -1.4518511372967749e+00
0.41100000, 1.11899490293342335937440060423412161837e+00, -2.57645448450354065765143034462419244318e+00, 9.66294784368358713546626716213427476751e+00, 1.17709932904096180776914442928740407943e+00, 5.22903320359263814939916847034062401325e+00, 1.02026818096000546384662343215724347188e+00, 1.4334474725514383e+01, -1.3749611325476551e+00
0.41200000, 1.12002493938310939599588346030472821414e+00, -2.57572066477094705246754756820721522462e+00, 9.66189879317729483042348513628847874615e+00, 1.18003063164231657974810296363036288451e+00, 5.22806656910714539083903158820518766192e+00, 1.02130450209438194168300438051706802754e+00, 1.4435581899857237e+01, -1.2967512099002040e+00
0.41300000, 1.12105654122499885080840212366122988940e+00, -2.57498533184925701471511003615557956355e+00, 9.66084721812976685586696688882583143447e+00, 1.18296215291889491959342168848032849041e+00, 5.22709787554995391352508114047571596011e+00, 1.02234173426492153153447878957411142982e+00, 1.4537000309234196e+01, -1.2172057706701839e+00
0.41400000, 1.12208971253442871670906417109016659819e+00, -2.57424848025550881526637672652521867878e+00, 9.65979310369965590853747783108301840124e+00, 1.18589389078417085703701989911196529651e+00, 5.22612711555603772611298313103604866161e+00, 1.02337987951843292109133507910898346794e+00, 1.4638723287079716e+01, -1.1363090831748599e+00
0.41500000, 1.12312445740494866737316118889150653275e+00, -2.57351010447876359974819366982195361609e+00, 9.65873643497891732917314404683119734740e+00, 1.18882584312776107345330694231629181433e+00, 5.22515428172179273358375541048176795744e+00, 1.02441893991001269095675675605702420161e+00, 1.4740743965308047e+01, -1.0540452825708727e+00
0.41600000, 1.12416077994843366930418100922922614950e+00, -2.57277019897992242017073487015186896908e+00, 9.65767719699239517954539338472381877611e+00, 1.19175800781519768192935473417717624820e+00, 5.22417936660476868096454358976700551779e+00, 1.02545891750309527479833161768904384615e+00, 1.4843055270503002e+01, -9.7039837072191152e-01
0.41700000, 1.12519868429519748769734325146557982292e+00, -2.57202875819154176326836760068925058949e+00, 9.65661537469740513358501160759925508045e+00, 1.19469038268769883951729412630084131011e+00, 5.22320236272339877355727093554067851396e+00, 1.02649981436950331974464871282413888946e+00, 1.4945649920048911e+01, -8.8535221609720769e-01
0.41800000, 1.12623817459410709487921854099037436684e+00, -2.57128577651764756067810894735210437922e+00, 9.65555095298331415313238389067170740754e+00, 1.19762296556193716828500260288886919458e+00, 5.22222326255672694934653611067078108229e+00, 1.02754163258949845110141479959696404057e+00, 1.5048520418202058e+01, -7.9889055370189112e-01
0.41900000, 1.12727925501269799018769084492532033557e+00, -2.57054124833354766590854543495114257628e+00, 9.65448391667111691852285795855814423207e+00, 1.20055575422980596149680743337156163770e+00, 5.22124205854413277896097399379859989895e+00, 1.02858437425183244551321878537413565188e+00, 1.5151659052101883e+01, -7.1099698504028142e-01
0.42000000, 1.12832192973729044025958644780267598177e+00, -2.56979516798564278287718665047301615587e+00, 9.65341425051300898389091743107404686458e+00, 1.20348874645818315096769955757691854470e+00, 5.22025874308505396826098210168268022503e+00, 1.02962804145379881674953970284810999780e+00, 1.5255057887721227e+01, -6.2165497811320935e-01
0.42100000, 1.12936620297310664879774300072955319180e+00, -2.56904752979123583061698209288854650283e+00, 9.65234193919195662674543261979012538751e+00, 1.20642193998869301134237974089700034251e+00, 5.21927330853870643832018290241953357088e+00, 1.03067263630128481834684444822303020025e+00, 1.5358708765754898e+01, -5.3084786745049252e-01
0.42200000, 1.13041207894438886499514897931096462179e+00, -2.56829832803833972857311255218186932758e+00, 9.65126696732126336103260020794402946571e+00, 1.20935533253746557675427949557826862353e+00, 5.21828574722380195725817395474114540597e+00, 1.03171816090882386739266932295668982651e+00, 1.5462603297445838e+01, -4.3855885417971625e-01
0.42300000, 1.13145956189451843990106930487248786810e+00, -2.56754755698548358672913707529571522963e+00, 9.65018931944413308256323108038739916322e+00, 1.21228892179489374501945348383640197289e+00, 5.21729605141826329806794557830219815202e+00, 1.03276461739964839379243818362231272121e+00, 1.5566732860348164e+01, -3.4477100613249907e-01
0.42400000, 1.13250865608613584012280871477776869474e+00, -2.56679521086151728461709732410735061592e+00, 9.64910898003322981533673415288199708460e+00, 1.21522270542538804421586511522963885478e+00, 5.21630421335893689626275070086363725207e+00, 1.03381200790574311941545378835111351070e+00, 1.5671088594026339e+01, -2.4946725798945077e-01
0.42500000, 1.13355936580126162836697298064630340827e+00, -2.56604128386541442307921555721781914422e+00, 9.64802593349023402694540944769848504450e+00, 1.21815668106712903619001927473200541262e+00, 5.21531022524130298084412347505641578135e+00, 1.03486033456789877157302208144077669632e+00, 1.5775661395689761e+01, -1.5263041146506034e-01
0.42600000, 1.13461169534141842043579192021027748101e+00, -2.56528577016607363245933262444492465804e+00, 9.64694016414539548088944088387103104837e+00, 1.22109084633181733122007093314565570431e+00, 5.21431407921918315176509080676211612322e+00, 1.03590959953576623533904630963392053886e+00, 1.5880441915762019e+01, -5.4243135533781344e-02
0.42700000, 1.13566564902775382840729037122730661902e+00, -2.56452866390211822071017965402743256967e+00, 9.64585165625708259327520222717786158503e+00, 1.22402519880442118774739005512515721007e+00, 5.21331576740444537673033142412772906692e+00, 1.03695980496791114928167393108888070350e+00, 1.5985420553384094e+01, 4.5712033301387568e-02
0.42800000, 1.13672123120116439984285733317183997860e+00, -2.56376995918169414470792228139126912965e+00, 9.64476039401132826100709121142809967961e+00, 1.22695973604292167076702486183223834153e+00, 5.21231528186670637983803658961356189402e+00, 1.03801095303186894923370947146658580242e+00, 1.6090587451850746e+01, 1.4725269069649757e-01
0.42900000, 1.13777844622242056298209317786757578824e+00, -2.56300965008226628786811938627794381045e+00, 9.64366636152137212821601871604304863713e+00, 1.22989445557805534214150910587526154257e+00, 5.21131261463303139422643975469155803165e+00, 1.03906304590420036478953631099558573046e+00, 1.6195932493979379e+01, 2.5039656410905903e-01
0.43000000, 1.13883729847229258800273443964384800754e+00, -2.56224773065041302695725875838994618436e+00, 9.64256954282719925729583264425441191049e+00, 1.23282935491305445577193538582151114392e+00, 5.21030775768763125054133277837207172607e+00, 1.04011608577054737327723566841849319440e+00, 1.6301445297410611e+01, 3.5516151239387163e-01
0.43100000, 1.13989779235167757454298989506933565320e+00, -2.56148419490161907079132858867667851973e+00, 9.64146992189507517054227921132991292214e+00, 1.23576443152338463022509528341666874925e+00, 5.20930070297155677268929581407985165336e+00, 1.04117007482568961601646791204397433637e+00, 1.6407115209839834e+01, 4.6156552535084832e-01
0.43200000, 1.14095993228172747580479553617151498698e+00, -2.56071903682006655330741416080724413933e+00, 9.64036748261707722800752596214519864213e+00, 1.23869968285647997107569665033938735351e+00, 5.20829144238239045198475726220375661355e+00, 1.04222501527360128173550622437459597585e+00, 1.6512931304179006e+01, 5.6962672322337233e-01
0.43300000, 1.14202372270397816967933517010425158442e+00, -2.55995225035842436328603084716628322628e+00, 9.63926220881062230679671802845591987525e+00, 1.24163510633147561487813586575618724567e+00, 5.20727996777393537043728851856393071048e+00, 1.04328090932750846208460235158886698071e+00, 1.6618882373647949e+01, 6.7936335614569173e-01
0.43400000, 1.14308916808047958746070372815795665622e+00, -2.55918382943763569279077400901227243626e+00, 9.63815408421799074664143771947895376245e+00, 1.24457069933893766633295423163904971327e+00, 5.20626627095590134355864340785663182483e+00, 1.04433775920994698424763579334346328089e+00, 1.6724956926794397e+01, 7.9079380353782075e-01
0.43500000, 1.14415627289392691083983837692270431455e+00, -2.55841376794670378617783942150326330819e+00, 9.63704309250584652618821207783387001699e+00, 1.24750645924059049985886748376405399651e+00, 5.20525034369358825269689048831510369752e+00, 1.04539556715282072571976878429064730631e+00, 1.6831143182442065e+01, 9.0393657344638113e-01
0.43600000, 1.14522504164779284799883509558940854053e+00, -2.55764205974247587131099938404778586219e+00, 9.63592921726475363403828681797949357408e+00, 1.25044238336904139642204897536369986689e+00, 5.20423217770756653652747265945625660272e+00, 1.04645433539746041638561758782179051153e+00, 1.6937429064565994e+01, 1.0188103018297796e+00
0.43700000, 1.14629547886646099975553288817781895861e+00, -2.55686869864942525439766394574915758884e+00, 9.63481244200868859816768009207912113428e+00, 1.25337846902750248611009240407858706943e+00, 5.20321176467335481094807597690518814973e+00, 1.04751406619468293310027412310131604668e+00, 1.7043802197094440e+01, 1.1354337517860807e+00
0.43800000, 1.14736758909536032683981209049357520725e+00, -2.55609367845943155963866708835557893256e+00, 9.63369275017454913694396647507129646676e+00, 1.25631471348950996656869960565844411422e+00, 5.20218909622109458623570999256638752586e+00, 1.04857476180485109204438930140973794798e+00, 1.7150249898636565e+01, 1.2538258127218947e+00
0.43900000, 1.14844137690110072951644565093950750910e+00, -2.55531699293155909465834686642954269473e+00, 9.63257012512165889453823975832982414037e+00, 1.25925111399864056704455214607287891104e+00, 5.20116416393522204993030541715655563585e+00, 1.04963642449793394419447955294487893364e+00, 1.7256759177135200e+01, 1.3740054994605631e+00
0.44000000, 1.14951684687160975090459165306276228775e+00, -2.55453863579183332245228817959668832378e+00, 9.63144455013126822310718055139129234323e+00, 1.26218766776822522739795000856205400617e+00, 5.20013695935413688350932994265045849368e+00, 1.05069905655356757932066015741855955729e+00, 1.7363316724443951e+01, 1.4959919512878823e+00
0.44100000, 1.15059400361627041548115105576495211416e+00, -2.55375860073301542035771797376524425308e+00, 9.63031600840605097369102787962934706518e+00, 1.26512437198105996106355295256884814760e+00, 5.19910747396986808051231650451541011753e+00, 1.05176266026111644399616281751678645952e+00, 1.7469908910827912e+01, 1.6198044309335663e+00
0.44200000, 1.15167285176606021439426652293904356189e+00, -2.55297688141437490631593530565770492267e+00, 9.62918448306959725733843807592370147971e+00, 1.26806122378911387054685500602838003174e+00, 5.19807569922773673336269525736353531069e+00, 1.05282723791973517917628049835526855727e+00, 1.7576521779387276e+01, 1.7454623234866089e+00
0.44300000, 1.15275339597369124935423669519707702976e+00, -2.55219347146146031245727204919558245617e+00, 9.62804995716590213752862299040903605494e+00, 1.27099822031323428364777343090670540485e+00, 5.19704162652601575571682450837008676042e+00, 1.05389279183843098297882037047016906780e+00, 1.7683141040403107e+01, 1.8729851352426606e+00
0.44400000, 1.15383564091375154701209625870301578276e+00, -2.55140836446586788579686237029156000088e+00, 9.62691241365885021451470510146613710098e+00, 1.27393535864284897820085223598538013337e+00, 5.19600524721558650674652846743665202342e+00, 1.05495932433612650437375662700064849484e+00, 1.7789752065604566e+01, 2.0023924924814963e+00
0.44500000, 1.15491959128284755588109717598692271467e+00, -2.55062155398500829558389783381150724288e+00, 9.62577183543169606175982021533133344585e+00, 1.27687263583566546271397720478929449368e+00, 5.19496655259959228333167080473848513495e+00, 1.05602683774172327356658031161803836493e+00, 1.7896339882356889e+01, 2.1337041401726008e+00
0.44600000, 1.15600525179974783800335250751738483239e+00, -2.54983303354187132659800658877264090764e+00, 9.62462820528654047417904826933501663837e+00, 1.27981004891736727987408317627415811294e+00, 5.19392553393308864570322069826916737636e+00, 1.05709533439416567493786484180314235207e+00, 1.8002889167769387e+01, 2.2669399406068603e+00
0.44700000, 1.15709262720552796771300398876200134215e+00, -2.54904279662478853743386501349022364673e+00, 9.62348150594380248743566691996691053950e+00, 1.28274759488130729946901205833153543544e+00, 5.19288218242269054163479848293692406450e+00, 1.05816481664250546848082583674872305382e+00, 1.8109384242722808e+01, 2.4021198719522961e+00
0.44800000, 1.15818172226371664999848113622844537016e+00, -2.54825083668719386255907303340065633822e+00, 9.62233172004168712706940712372292309590e+00, 1.28568527068819796684935721542103896507e+00, 5.19183648922621619383171545109618745125e+00, 1.05923528684596686575917481012463933904e+00, 1.8215809065815325e+01, 2.5392640267317353e+00
0.44900000, 1.15927254176044307111976693255361676218e+00, -2.54745714714738213667064360751698922450e+00, 9.62117883013564884575724920432880263181e+00, 1.28862307326579847262271021459335937827e+00, 5.19078844545232771471093913187523515424e+00, 1.06030674737401216648937138032919467922e+00, 1.8322147227226508e+01, 2.6783926102202611e+00
0.45000000, 1.16036509050458549429210748609200499748e+00, -2.54666172138826551961211516720082326037e+00, 9.62002281869785060652373468782788267641e+00, 1.29156099950859880883511148544591731068e+00, 5.18973804216016841230311184111030934081e+00, 1.06137920060640796193449147585176106473e+00, 1.8428381942498575e+01, 2.8195259387602421e+00
0.45100000, 1.16145937332792111340533549363956483025e+00, -2.54586455275712779984623461110248676519e+00, 9.61886366811661856922768453368656160482e+00, 1.29449904627750067645059754571864363125e+00, 5.18868527035899675053861477086718823427e+00, 1.06245264893329191138137364905247938080e+00, 1.8534496046234265e+01, 2.9626844379916836e+00
0.45200000, 1.16255539508527717790795550516883383862e+00, -2.54506563456537655420731829610416707802e+00, 9.61770136069589233715550763260994360955e+00, 1.29743721039949520848943257727939446183e+00, 5.18763012100781692670358864006888128568e+00, 1.06352709475524009805850663405618640470e+00, 1.8640471985710680e+01, 3.1078886409956017e+00
0.45300000, 1.16365316065468340214739918878612626556e+00, -2.54426496008829314138271873405168789237e+00, 9.61653587865467072004785216457313115569e+00, 1.30037548866733747272880799931728740886e+00, 5.18657258501500602836867911326201189570e+00, 1.06460254048333497093930377892747080187e+00, 1.8746291814408444e+01, 3.2551591863480613e+00
0.45400000, 1.16475267493752567262243797018413263419e+00, -2.54346252256478050629424373980708595026e+00, 9.61536720412645296937609241138573836527e+00, 1.30331387783921771740638511294292995189e+00, 5.18551265323793773160295282275243415068e+00, 1.06567898853923387896399955519773951629e+00, 1.8851937185455535e+01, 3.4045168160824739e+00
0.45500000, 1.16585394285870106677067618995545017090e+00, -2.54265831519710877226782980163385226352e+00, 9.61419531915867544116794887325937372454e+00, 1.30625237463842932289693582769760386407e+00, 5.18445031648260250178780771821355470623e+00, 1.06675644135523820430342613843922575414e+00, 1.8957389344985184e+01, 3.5559823735576923e+00
0.45600000, 1.16695696936677419708337858259310765290e+00, -2.54185233115065859759319855415499939996e+00, 9.61302020571214364115730216784849684043e+00, 1.30919097575303342185539593902510585220e+00, 5.18338556550322425784065719890194313796e+00, 1.06783490137436310137941074638100741301e+00, 1.9062629125407210e+01, 3.7095768012293887e+00
0.45700000, 1.16806175943413489451165042686590011366e+00, -2.54104456355366227278455936868002875784e+00, 9.61184184566045960650187141955092264518e+00, 1.31212967783552014983577345117266299396e+00, 5.18231839100187346014557635599104834199e+00, 1.06891437105040784844950425821087052714e+00, 1.9167636938592201e+01, 3.8653211383221447e+00
0.45800000, 1.16916831805715724530222685220339617211e+00, -2.54023500549694253455859600171702762559e+00, 9.61066022078944457777377397292383093918e+00, 1.31506847750246648790443806889192709792e+00, 5.18124878362807658196783363633489957274e+00, 1.06999485284802681865823643295411842890e+00, 1.9272392768967961e+01, 4.0232365183996271e+00
0.45900000, 1.17027665025635999557787993735629403064e+00, -2.53942365003364907224692352715467450502e+00, 9.60947531279655691438195161552224676676e+00, 1.31800737133419065826824220222949493365e+00, 5.18017673397842192360116292731420336543e+00, 1.07107634924280107755312119267716670765e+00, 1.9376876166527640e+01, 4.1833441668301643e+00
0.46000000, 1.17138676107656833815675957200189209499e+00, -2.53861049017899270205685476512146824943e+00, 9.60828710329030520603192339451967218317e+00, 1.32094635587440303343257154103550360769e+00, 5.17910223259616172796062762251675891125e+00, 1.07215886272131061416123593151752415113e+00, 1.9481066239749004e+01, 4.3456653981449807e+00
0.46100000, 1.17249865558707709628688848861995677116e+00, -2.53779551890997718428660320757865167956e+00, 9.60709557378965653226718883450648401554e+00, 1.32388542762985351889167522796348609656e+00, 5.17802526997081055578985535115865036320e+00, 1.07324239578120721282140125911284270831e+00, 1.9584941648424310e+01, 4.5102216132862865e+00
0.46200000, 1.17361233888181531915657609896421164006e+00, -2.53697872916512865828890085132333371937e+00, 9.60590070572343982156773810113988208423e+00, 1.32682458306997536883336048521915974696e+00, 5.17694583653773987809914290458157747902e+00, 1.07432695093128797306782221714932870777e+00, 1.9688480596400257e+01, 4.6770342967423587e+00
0.46300000, 1.17472781607951230422874325906956393185e+00, -2.53616011384422266966035190903573911519e+00, 9.60470248042974426090440546981835615545e+00, 1.32976381862652539381223060805131330206e+00, 5.17586392267776884289030605570206250052e+00, 1.07541253069156948496354969063769316844e+00, 1.9791660824227522e+01, 4.8461250135666887e+00
0.46400000, 1.17584509232386506163710511132028775287e+00, -2.53533966580800876381260327957142672392e+00, 9.60350087915531270606310524392054566644e+00, 1.33270313069322051880997264151317787741e+00, 5.17477951871675117265503639390908300177e+00, 1.07649913759336266738631299615622894838e+00, 1.9894459601719401e+01, 5.0175154062782070e+00
0.46500000, 1.17696417278370723607488680035970905619e+00, -2.53451737787793261975551476985576179278e+00, 9.60229588305493004246018870473041888132e+00, 1.33564251562537064955763361281472568531e+00, 5.17369261492515814855578225301363679028e+00, 1.07758677417934827687519366283263520855e+00, 1.9996853720419092e+01, 5.1912271916395333e+00
0.46600000, 1.17808506265317950180229305321354091332e+00, -2.53369324283585569759187984377928600598e+00, 9.60108747319080644556912819011170655059e+00, 1.33858196973950780444323135125777573574e+00, 5.17260320151765763661164581435541672979e+00, 1.07867544300365309475428910928395883091e+00, 2.0098819485975186e+01, 5.3672821573101331e+00
0.46700000, 1.17920776715190144659736412455028751654e+00, -2.53286725342377237288780319302763188501e+00, 9.59987563053195548946933911537093308405e+00, 1.34152148931301146876829474030332948145e+00, 5.17151126865268911061633324127657311106e+00, 1.07976514663192680035898684407520764428e+00, 2.0200332710424955e+01, 5.5457021583711967e+00
0.46800000, 1.18033229152514496067617507446399678458e+00, -2.53203940234352453074250531010423068968e+00, 9.59866033595356705141005944472323746326e+00, 1.34446107058373012754888330931049741157e+00, 5.17041680643203462591065610588541239568e+00, 1.08085588764141953830176927994828330697e+00, 2.0301368704385053e+01, 5.7265091137189878e+00
0.46900000, 1.18145864104400914681262129257384094471e+00, -2.53120968225651359203601565963603034000e+00, 9.59744157023637495965568317874632121618e+00, 1.34740070974959893248015948206071895672e+00, 5.16931980490038569751830434631971872948e+00, 1.08194766862106018782763128998806011287e+00, 2.0401902269149251e+01, 5.9097250023233401e+00
0.47000000, 1.18258682100559676809533003586987309697e+00, -2.53037808578340994398285266061109035125e+00, 9.59621931406601933124365178392636817190e+00, 1.35034040296825345809853809904796166946e+00, 5.16822025404490603553043450430636330086e+00, 1.08304049217153534242425303669703131628e+00, 2.0501907688692896e+01, 6.0953718593479116e+00
0.47100000, 1.18371683673319224996959585767764843776e+00, -2.52954460550385974676428665461206737459e+00, 9.59499354803240354564180460603382108309e+00, 1.35328014635663950158167395974736119792e+00, 5.16711814379479008999187995758798461331e+00, 1.08413436090536900796906593292039505949e+00, 2.0601358721583765e+01, 6.2834717721287320e+00
0.47200000, 1.18484869357644125342570846123339400726e+00, -2.52870923395618908765105593214331368265e+00, 9.59376425262904579963883309018580311998e+00, 1.35621993599061888002392337074436549201e+00, 5.16601346402081735689932709176377452560e+00, 1.08522927744700302781431719586612653647e+00, 2.0700228592799055e+01, 6.4740468760075086e+00
0.47300000, 1.18598239691153183641167696371470642952e+00, -2.52787196363710545366236872121366153613e+00, 9.59253140825242518813902839590445321152e+00, 1.35915976790457117841328160422544308625e+00, 5.16490620453490239626944449091107799932e+00, 1.08632524443287824333221648890620847564e+00, 2.0798489985448252e+01, 6.6671193500160805e+00
0.47400000, 1.18711795214137722076820803525414420967e+00, -2.52703278700139649343558718879055583853e+00, 9.59129499520132225486070942014033749903e+00, 1.36209963809099140091500356905885629341e+00, 5.16379635508964051257252966627815987842e+00, 1.08742226451151639856527559410799412214e+00, 2.0896115032401673e+01, 6.8627114124083372e+00
0.47500000, 1.18825536469580018220692111289847113921e+00, -2.52619169646162603860406269144666931430e+00, 9.59005499367615395625641730258223387700e+00, 1.36503954250008347743700584828651007782e+00, 5.16268390537784904715457467969614610666e+00, 1.08852034034360279775206875181973514160e+00, 2.0993075307824505e+01, 7.0608453160358383e+00
0.47600000, 1.18939464003171908107923713316997731911e+00, -2.52534868438782735459808277264454476130e+00, 9.58881138377830298128200941111272822487e+00, 1.36797947703934957681256765331994402597e+00, 5.16156884503210423158756996741838284525e+00, 1.08961947460206972462588793926702551154e+00, 2.1089341818616193e+01, 7.2615433435632978e+00
0.47700000, 1.19053578363333555191321427264767872937e+00, -2.52450374310719359039570605314415684484e+00, 9.58756414550944136894102400867710513116e+00, 1.37091943757317517728663633409615354700e+00, 5.16045116362427355019418299531381613784e+00, 1.09071966997218063251318552277892501091e+00, 2.1184884995755080e+01, 7.4648278025200114e+00
0.47800000, 1.19167880101232386992888239163372864695e+00, -2.52365686490376539635630575102703670977e+00, 9.58631325877084836481995683891986502694e+00, 1.37385941992240984433303700909411904639e+00, 5.15933085066504355928847981894728897203e+00, 1.09182092915161511439032890166477835020e+00, 2.1279674685548231e+01, 7.6707210201832313e+00
0.47900000, 1.19282369770802201297940568553039794876e+00, -2.52280804201811567886981885583651997658e+00, 9.58505870336272245710923036630097520290e+00, 1.37679941986394366516091971581042708065e+00, 5.15820789560344310995891432496254369050e+00, 1.09292325485055466219108139042494587320e+00, 2.1373680140786413e+01, 7.8792453382894044e+00
0.48000000, 1.19397047928762443760574001496471381641e+00, -2.52195726664703146014890689091775399670e+00, 9.58380045898348753187348001375840696690e+00, 1.37973943313027928858968217676425196047e+00, 5.15708228782636192049319936102985869306e+00, 1.09402664979176922479341503767073599227e+00, 2.1466870011804266e+01, 8.0904231075691123e+00
0.48100000, 1.19511915134637658813640819403705345884e+00, -2.52110453094319281107937478106182626767e+00, 9.58253850522909308659316106020461258848e+00, 1.38267945540909951828220957813977040129e+00, 5.15595401665806444380669983426412053843e+00, 1.09513111671070457425279970890050379644e+00, 2.1559212337445711e+01, 8.3042766821014638e+00
0.48200000, 1.19626971950777115801165500730415037921e+00, -2.52024982701484882462616373999905093581e+00, 9.58127282159230844024722338788461646010e+00, 1.38561948234283040662639915486223568675e+00, 5.15482307135969897448645005195852871650e+00, 1.09623665835557048999004492009397888089e+00, 2.1650674535934712e+01, 8.5208284134836040e+00
0.48300000, 1.19742218942374612276262692139512498585e+00, -2.51939314692549059686792749420362711648e+00, 9.58000338746201087744353433254862842970e+00, 1.38855950952819979584440802331219217704e+00, 5.15368944112880193930159205651001547732e+00, 1.09734327748742977078514397807945063021e+00, 2.1741223395651559e+01, 8.7401006448109206e+00
0.48400000, 1.19857656677488456433141358270996185951e+00, -2.51853448269352118230251176402248405075e+00, 9.57873018212246766332967457897375958178e+00, 1.39149953251579125218769535618892317414e+00, 5.15255311509879731425775043033569001450e+00, 1.09845097688028808457443238899828648941e+00, 2.1830825065814874e+01, 8.9621157044634338e+00
0.48500000, 1.19973285727061630667685470515178334220e+00, -2.51767382629192248962847589466514234525e+00, 9.57745318475261186523150715019824284224e+00, 1.39443954680959333834353893604060286794e+00, 5.15141408233849111048738989093068432796e+00, 1.09955975932118466619677373975711824452e+00, 2.1919445047069605e+01, 9.1868958996937704e+00
0.48600000, 1.20089106664942138287402356448212518700e+00, -2.51681116964791908376401195572646582283e+00, 9.57617237442531191617034048041948788399e+00, 1.39737954786654416843510209197506338771e+00, 5.15027233185156087047032865996949486539e+00, 1.10066962761028387338547694178697539714e+00, 2.2007048181981323e+01, 9.4144635100120292e+00
0.48700000, 1.20205120067903535418231502496095119986e+00, -2.51594650464263885941411747571757815375e+00, 9.57488773010663485460138531853908194382e+00, 1.40031953109607118924211713500615092399e+00, 5.14912785257604011526808250653945504632e+00, 1.10178058456096761145628058216107164625e+00, 2.2093598645437212e+01, 9.6448407803627511e+00
0.48800000, 1.20321326515665650182816113608668832027e+00, -2.51507982311077055103954804913356845243e+00, 9.57359923065510317389635025033395503048e+00, 1.40325949185962613050263908143757202395e+00, 5.14798063338379768263236660780442842938e+00, 1.10289263299992863729806604001297998385e+00, 2.2179059934954161e+01, 9.8780499140891144e+00
0.48900000, 1.20437726590915491252364149734523229333e+00, -2.51421111684021804361679793805713643611e+00, 9.57230685482094521426123683658440166038e+00, 1.40619942547021506637790833547255632031e+00, 5.14683066308001189501165556207785883363e+00, 1.10400577576726475343203506588867453037e+00, 2.2263394860894478e+01, 1.0114113065679378e+01
0.49000000, 1.20554320879328347902172080849512124732e+00, -2.51334037757175144810701081992962894331e+00, 9.57101058124533902893648396782438062868e+00, 1.40913932719192352937193888131366473221e+00, 5.14567793040263949562996210081117632800e+00, 1.10512001571657390306696497072670542063e+00, 2.2346565536589781e+01, 1.0353052333290499e+01
0.49100000, 1.20671109969589083729260570954495354277e+00, -2.51246759699865490507318703313196576943e+00, 9.56971038845964965567036952421833579906e+00, 1.41207919223943661719481126342539251533e+00, 5.14452242402187928994870369944186711945e+00, 1.10623535571505017724289195499308719055e+00, 2.2428533368373683e+01, 1.0594889751043751e+01
0.49200000, 1.20788094453413626219384200146296701242e+00, -2.51159276676637107939920371186746973421e+00, 9.56840625488465972358779947872868773749e+00, 1.41501901577755403224358504206918003393e+00, 5.14336413253963042894544005356011526887e+00, 1.10735179864358074532322822605197108354e+00, 2.2509259045523989e+01, 1.0839647281087072e+01
0.49300000, 1.20905274925570654379934791535439437569e+00, -2.51071587847214230857087334484621446438e+00, 9.56709815882979332469508997743873545866e+00, 1.41795879292069999254703722313284166128e+00, 5.14220304448894526975213508269704784368e+00, 1.10846934739684372026595050716586295202e+00, 2.2588702530115154e+01, 1.1087346805418765e+01
0.49400000, 1.21022651983903486684967704148878320695e+00, -2.50983692366464836647840534405012570934e+00, 9.56578607849233307836686248202380713762e+00, 1.42089851873242795217986090494424356751e+00, 5.14103914833347674829017160406117572200e+00, 1.10958800488340697027816677609663293092e+00, 2.2666823046781862e+01, 1.1338010117467068e+01
0.49500000, 1.21140226229352171608750513688102731407e+00, -2.50895589384364080419107246553951411540e+00, 9.56446999195663031625350751684969137237e+00, 1.42383818822492006829829730331259040885e+00, 5.13987243246692019761936686716264956149e+00, 1.11070777402582788863513639735570971257e+00, 2.2743579072394649e+01, 1.1591658913420016e+01
0.49600000, 1.21257998265975783054871915019060550143e+00, -2.50807278045957382863848511446815004375e+00, 9.56314987719330831412660653393689112560e+00, 1.42677779635848135108219527535905635585e+00, 5.13870288521244954478343935979042976855e+00, 1.11182865776075413362474944684733016147e+00, 2.2818928325648559e+01, 1.1848314783299911e+01
0.49700000, 1.21375968700974923019063687043395588726e+00, -2.50718757491323167960850480202353974151e+00, 9.56182571205845849624500726841835230660e+00, 1.42971733804102843198796185713533330914e+00, 5.13753049482214781798449299215601675022e+00, 1.11295065903902535076162862804440623688e+00, 2.2892827756565943e+01, 1.2107999201776575e+01
0.49800000, 1.21494138144714433855488567651884746900e+00, -2.50630026855535246493934373730761942584e+00, 9.56049747429282953687569475935614653664e+00, 1.43265680812757288482254698590887017573e+00, 5.13635524947643189495383983161431793422e+00, 1.11407378082577588960146787800775901513e+00, 2.2965233535914561e+01, 1.2370733518713516e+01
0.49900000, 1.21612507210746322548340464833228359191e+00, -2.50541085268624841324265843226461284472e+00, 9.55916514152100928264095259728669850192e+00, 1.43559620141969903324025265482386473922e+00, 5.13517713728347142240559735426563752232e+00, 1.11519802610053852767603320558352416050e+00, 2.3036101044542255e+01, 1.2636538949440954e+01
0.50000000, 1.21731076515832899423199319874145216317e+00, -2.50451931855542250294530617900244607439e+00, 9.55782869125059941838632706544704876084e+00, 1.43853551266503617734152363698119600984e+00, 5.13399614627860183546268540481927346722e+00, 1.11632339785734921426249269008567999724e+00, 2.3105384862629559e+01, 1.2905436564749599e+01
0.50100000, 1.21849846679970133765690052918148025831e+00, -2.50362565736118142587974637816848397248e+00, 9.55648810087138279827234619850675833241e+00, 1.44147473655672517111571113787840140999e+00, 5.13281226442373140493182063333187859671e+00, 1.11744989910485284689748468385629826659e+00, 2.3173038758861698e+01, 1.3177447280598925e+01
0.50200000, 1.21968818326411228848622449505772591651e+00, -2.50272986025024484308668308973828453638e+00, 9.55514334765448336278655722215330449828e+00, 1.44441386773287928151784483216938133532e+00, 5.13162547960674223927456511708481292089e+00, 1.11857753286641009374664852365015173055e+00, 2.3239015679521529e+01, 1.3452591847533578e+01
0.50300000, 1.22087992081690418902945859089575331709e+00, -2.50183191831735088991830699867224323116e+00, 9.55379440875151856135097538901331161756e+00, 1.44735290077603925900244016935464994476e+00, 5.13043577964088516707512814556320781042e+00, 1.11970630218020527514430455257468840441e+00, 2.3303267737505100e+01, 1.3730890839801449e+01
0.50400000, 1.22207368575646990602548627280539810660e+00, -2.50093182260485788694624734690764498188e+00, 9.55244126119374419916322601677690056729e+00, 1.45029183021262254835503885262308104774e+00, 5.12924315226416842474213653611192872443e+00, 1.12083621009935531782565578884837652377e+00, 2.3365746201261580e+01, 1.4012364644166807e+01
0.50500000, 1.22326948441449531668176915547855311191e+00, -2.50002956410234221258492727733648427405e+00, 9.55108388189119162585724567900043405389e+00, 1.45323065051236656766425795396928393182e+00, 5.12804758513874007310066383105366380502e+00, 1.12196725969201979558536970970488240200e+00, 2.3426401483659452e+01, 1.4297033448411777e+01
0.50600000, 1.22446732315620409231550810644130704512e+00, -2.49912513374619229273826628138694469301e+00, 9.54972224763179718250111899636550007305e+00, 1.45616935608776598226332874770557998895e+00, 5.12684906585026406543212031956435363531e+00, 1.12309945404151207031176471013052817535e+00, 2.3485183130780971e+01, 1.4584917229519331e+01
0.50700000, 1.22566720838060480637127423360748329066e+00, -2.49821852241919866216542460553035405399e+00, 9.54835633508052382236519009675212213791e+00, 1.45910794129350389944015599748615261437e+00, 5.12564758190728988840282544186708870738e+00, 1.12423279624641154756515305646381176782e+00, 2.3542039810646986e+01, 1.4876035741530826e+01
0.50800000, 1.22686914652074039395911255689397756678e+00, -2.49730972095014005163936679704900102958e+00, 9.54698612077847481979272298603024039649e+00, 1.46204640042587690866853242375625023462e+00, 5.12444312074061569618687642971337261041e+00, 1.12536728942067706109226368903208837779e+00, 2.3596919301874398e+01, 1.5170408503071000e+01
0.50900000, 1.22807314404393999043251916038458792437e+00, -2.49639872011336545434026190346587940434e+00, 9.54561158114199948038780777108650512491e+00, 1.46498472772221389105000591961484546002e+00, 5.12323566970264485693494977150987356862e+00, 1.12650293669376140089616908443657281427e+00, 2.3649768482268597e+01, 1.5468054784533227e+01
0.51000000, 1.22927920745207317690708932951315699340e+00, -2.49548551062837212428395955983209608848e+00, 9.54423269246179076460062930034847751587e+00, 1.46792291736028852057571736138312320434e+00, 5.12202521606673582956757595788688276823e+00, 1.12763974121072699971285760883908670082e+00, 2.3700533317353399e+01, 1.5768993594917681e+01
0.51100000, 1.23048734328180666100813822749885768782e+00, -2.49457008315937945893380413213824453915e+00, 9.54284943090197473563833503669848543608e+00, 1.47086096345772537871999710977482866695e+00, 5.12081174702654528767885643821193188221e+00, 1.12877770613236279298161546545863329449e+00, 2.3749158848841120e+01, 1.6073243668314946e+01
0.51200000, 1.23169755810486342152931789238858076546e+00, -2.49365242831489871748168943493700040647e+00, 9.54146177249919174146025773444840028582e+00, 1.47379886007139960276231486412196481126e+00, 5.11959524969536440612418088987492945652e+00, 1.12991683463530226763680164673582987016e+00, 2.3795589183045574e+01, 1.6380823450027478e+01
0.51300000, 1.23290985852828434608430782113544672909e+00, -2.49273253664729852561132680036728174523e+00, 9.54006969316166923942885768959512492341e+00, 1.47673660119682998710100043503406449557e+00, 5.11837571110544822463288130649898853065e+00, 1.13105712991214271529350858018680670339e+00, 2.3839767479240923e+01, 1.6691751082321183e+01
0.51400000, 1.23412425119469239124015652590818937892e+00, -2.49181039865236611687300814689498858229e+00, 9.53867316866828617098213482666391221886e+00, 1.47967418076756545567066579213985609283e+00, 5.11715311820733800153354785974680266614e+00, 1.13219859517156570564909595007388219884e+00, 2.3881635937969470e+01, 1.7006044389799258e+01
0.51500000, 1.23534074278255929503391592253174844226e+00, -2.49088600476886426010449800629728773933e+00, 9.53727217466762879246910232064824367002e+00, 1.48261159265456482240512836306536719421e+00, 5.11592745786917646940554289154682288017e+00, 1.13334123363845879617676329244303471293e+00, 2.3921135789301631e+01, 1.7323720864390293e+01
0.51600000, 1.23655934000647487219395936297664451834e+00, -2.48995934537808382162688508114085176506e+00, 9.53586668667703786704688412569360502504e+00, 1.48554883066556975549852218713326611502e+00, 5.11469871687601590317468857615783023895e+00, 1.13448504855403849444628852998407865573e+00, 2.3958207281051494e+01, 1.7644797649942506e+01
0.51700000, 1.23778004961741892281393012754172645665e+00, -2.48903041080339191022706163491233153036e+00, 9.53445668008164712127576550245818746617e+00, 1.48848588854447086000884042986113886746e+00, 5.11346688192911890985376731324932590777e+00, 1.13563004317597448967090715061804002920e+00, 2.3992789666951540e+01, 1.7969291526415845e+01
0.51800000, 1.23900287840303578566075533046074189763e+00, -2.48809919130977555220977053266394547448e+00, 9.53304213013341286876674858186606140910e+00, 1.49142275997066679212002614187107967346e+00, 5.11223193964525184778894987468817899450e+00, 1.13677622077851517034814520086983409116e+00, 2.4024821194790271e+01, 1.8297218893663543e+01
0.51900000, 1.24022783318791156773870811258932169548e+00, -2.48716567710338084306165348452203216423e+00, 9.53162301195013470193449757501219504243e+00, 1.49435943855841631713055697077233462840e+00, 5.11099387655597078191113417662996989524e+00, 1.13792358465261444513635613317664697480e+00, 2.4054239094516678e+01, 1.8628595754794597e+01
0.52000000, 1.24145492083385408217923896688359676910e+00, -2.48622985833104752151723409813908882239e+00, 9.53019930051446715158664691016899728756e+00, 1.49729591785618322196788538880836083344e+00, 5.10975267910689988010600787980973325454e+00, 1.13907213810605988438785686239955946661e+00, 2.4080979566315647e+01, 1.8963437699108470e+01
0.52100000, 1.24268414824017552698135801906422847512e+00, -2.48529172507983891105205538883150164163e+00, 9.52877097067292221273792973922902592929e+00, 1.50023219134597399173872290636965582912e+00, 5.10850833365700215440800237224180631586e+00, 1.14022188446360220004402484153540660252e+00, 2.4104977768658634e+01, 1.9301759884593197e+01
0.52200000, 1.24391552234397793758986976275352184298e+00, -2.48435126737656717305103856591467364360e+00, 9.52733799713486263367409605899067652146e+00, 1.50316825244266815851461099597309248577e+00, 5.10726082647784244929073633027169132426e+00, 1.14137282706708608188762096363003066918e+00, 2.4126167806334086e+01, 1.9643577019977934e+01
0.52300000, 1.24514905012044144676887862652605485245e+00, -2.48340847518731381511030871407147323904e+00, 9.52590035447148586390575388781046269723e+00, 1.50610409449334122922011144150898754044e+00, 5.10601014375284257786959677408162461795e+00, 1.14252496927558240844306082446735781216e+00, 2.4144482718462331e+01, 1.9988903346330819e+01
0.52400000, 1.24638473858311538570583920016472686290e+00, -2.48246333841694539712800918237313753539e+00, 9.52445801711479855524570070898577947656e+00, 1.50903971077658009813687485606993969172e+00, 5.10475627157652850535030741735306595152e+00, 1.14367831446552185111649038527889746713e+00, 2.4159854466499852e+01, 2.0337752618192911e+01
0.52500000, 1.24762259478421226076716327431400573233e+00, -2.48151584690862437702376099471330824919e+00, 9.52301095935658150881462518618303397185e+00, 1.51197509450179084816040021039114040598e+00, 5.10349919595376947755021131367696938031e+00, 1.14483286603082989047445533695488068749e+00, 2.4172213922238086e+01, 2.0690138084238791e+01
0.52600000, 1.24886262581490464082016435907982310616e+00, -2.48056599044331503709717235762387337269e+00, 9.52155915534734495932885251059158396924e+00, 1.51491023880849884354706395455981749366e+00, 5.10223890279900899078606031922445780268e+00, 1.14598862738306326387281347933278905981e+00, 2.4181490855802097e+01, 2.1046072467454283e+01
0.52700000, 1.25010483880562499053806942123614401147e+00, -2.47961375873928443119291724424786249071e+00, 9.52010257909527408654967410340207979093e+00, 1.51784513676564101546654961549217907743e+00, 5.10097537793548749786286031798207749032e+00, 1.14714560195154786396645627532371088906e+00, 2.4187613923654737e+01, 2.1405567944821598e+01
0.52800000, 1.25134924092636848561511073629009168493e+00, -2.47865914145159829198312676514596167660e+00, 9.51864120446516464227632894916231275084e+00, 1.52077978137085024022871367549507938097e+00, 5.09970860709445674331226044556658282546e+00, 1.14830379318351810795551267851141475091e+00, 2.4190510656612118e+01, 2.1768636126502065e+01
0.52900000, 1.25259583938699884633748472420787850986e+00, -2.47770212817161183680691297525530386385e+00, 9.51717500517734857974346629637085274881e+00, 1.52371416554973170858373808909788321533e+00, 5.09843857591438561941557776042982842827e+00, 1.14946320454425779775514188219605690310e+00, 2.4190107447876472e+01, 2.2135288034506457e+01
0.53000000, 1.25384464143755722648338944747040134258e+00, -2.47674270842645540962150685564823586773e+00, 9.51570395480660957073848590281753196826e+00, 1.52664828215513118299969171530397169354e+00, 5.09716526994015743290528585793408643981e+00, 1.15062383951724249161392166185872897508e+00, 2.4186329541092746e+01, 2.2505534080842765e+01
0.53100000, 1.25509565436857419506159148254537700166e+00, -2.47578087167851489571946983303208830529e+00, 9.51422802678108829418408165039929304728e+00, 1.52958212396639503830189048784693187556e+00, 5.09588867462225847056912530167071190234e+00, 1.15178570160428340805034878211895916892e+00, 2.4179101018435530e+01, 2.2879384045131151e+01
0.53200000, 1.25634888551138484894319295785802719045e+00, -2.47481660732490684495145505462246296027e+00, 9.51274719438117737833615738606506722651e+00, 1.53251568368862197951323787254200162026e+00, 5.09460877531595775028236227360135975170e+00, 1.15294879432567288332823434248436937062e+00, 2.4168344788733182e+01, 2.3256847051675625e+01
0.53300000, 1.25760434223844709499564103161226855638e+00, -2.47384990469694823826376859523364945717e+00, 9.51126143073840587712658118734587251963e+00, 1.53544895395190632916356169649881135032e+00, 5.09332555728047784226556437719593474387e+00, 1.15411312122033140404995039628936966693e+00, 2.4153982575636307e+01, 2.3637931545981874e+01
0.53400000, 1.25886203196366314089171891363243098691e+00, -2.47288075305962083141422375411457696587e+00, 9.50977070883431315953352736277340815019e+00, 1.53838192731057277473834924791840090403e+00, 5.09203900567815664360700167989341526278e+00, 1.15527868584595623681171886848501336033e+00, 2.4135934905838029e+01, 2.4022645270710495e+01
0.53500000, 1.26012196214270423433945735659178321242e+00, -2.47190914161103000876819942166882214738e+00, 9.50827500149931208918894615769049947613e+00, 1.54131459624240246531271771013829668885e+00, 5.09074910557359998729982693295971887147e+00, 1.15644549177917167723758771694710459705e+00, 2.4114121097353795e+01, 2.4410995241054755e+01
0.53600000, 1.26138414027333869106178976707108748922e+00, -2.47093505948185807909910574176940872264e+00, 9.50677428141154136973251121864698703733e+00, 1.54424695314785034476442894229062160853e+00, 5.08945584193282496522393870531245411814e+00, 1.15761354261568094108857435122894623312e+00, 2.4088459247868745e+01, 2.4802987719531834e+01
0.53700000, 1.26264857389576325244752799133182985787e+00, -2.46995849573481194432332015894568032688e+00, 9.50526852109570692969372611680069946411e+00, 1.54717899034925360727974289446673019080e+00, 5.08815919962239384265026902088523229797e+00, 1.15878284197041972053083849736533801480e+00, 2.4058866223161023e+01, 2.5198628190176382e+01
0.53800000, 1.26391527059293781439804864252223884639e+00, -2.46897943936406507108877107993803692191e+00, 9.50375769292191221892821501877718407132e+00, 1.55011070009003115915736794476863525530e+00, 5.08685916340853843996053365051404162785e+00, 1.15995339347771142904184607510189762822e+00, 2.4025257645609699e+01, 2.5597921332125024e+01
0.53900000, 1.26518423799092356950714482870929681274e+00, -2.46799787929469369410839476401322132223e+00, 9.50224176910447728685005969318051492690e+00, 1.55304207453387396917816315741684769588e+00, 5.08555571795627485535759535653140662505e+00, 1.16112520079142415883647658802939726637e+00, 2.3987547882796334e+01, 2.6000870992580366e+01
0.54000000, 1.26645548375922460533501272877635707914e+00, -2.46701380438210717908434680515079922263e+00, 9.50072072170074651088884537222639184350e+00, 1.55597310576392618804101919507246536834e+00, 5.08424884782850840038986089105365434436e+00, 1.16229826758512937510608774280654992525e+00, 2.3945650036209552e+01, 2.6407480159142841e+01
0.54100000, 1.26772901561113300217150829835735620308e+00, -2.46602720341147247200577878964818529608e+00, 9.49919452260988484175730036762572671693e+00, 1.55890378578195691556792172950178712848e+00, 5.08293853748512861812688972983922147266e+00, 1.16347259755226237178286572809536545820e+00, 2.3899475930062334e+01, 2.6817750931498631e+01
0.54200000, 1.26900484130407747432883246171006677344e+00, -2.46503806509713256052185233491365531031e+00, 9.49766314357166243024250622336080392152e+00, 1.56183410650752249255300179846817019777e+00, 5.08162477128209425180194990915191504344e+00, 1.16464819440628451396954562945308778252e+00, 2.3848936100232138e+01, 2.7231684492451734e+01
0.54300000, 1.27028296863997559965989389028003269450e+00, -2.46404637808201887199210832052914009238e+00, 9.49612655616522749833005240452282300597e+00, 1.56476405977711919227080723882948236296e+00, 5.08030753347050802967991229615818730012e+00, 1.16582506188084729261097640806196717955e+00, 2.3793939783334299e+01, 2.7649281078288100e+01
0.54400000, 1.27156340546558968266597186405064708034e+00, -2.46305213093705753169798276821172367605e+00, 9.49458473180786731553563600200215016371e+00, 1.56769363734332618476748084265881568195e+00, 5.07898680819568112981491201602748626175e+00, 1.16700320372995821742922617694399284000e+00, 2.3734394905939575e+01, 2.8070539948459623e+01
0.54500000, 1.27284615967288629723617739203579649717e+00, -2.46205531216056940356179886607495411003e+00, 9.49303764175375713935187443182560882155e+00, 1.57062283087393864513438385533239573146e+00, 5.07766257949618718623089153537548392722e+00, 1.16818262372814857459817862436957884345e+00, 2.3670208073947089e+01, 2.8495459354575636e+01
0.54600000, 1.27413123919939955575181313391032972611e+00, -2.46105591017766383456259552870429454492e+00, 9.49148525709269697671890691690972686535e+00, 1.57355163195109087500632403183294301100e+00, 5.07633483130290569588872473175884358466e+00, 1.16936332567064307609706796356421767224e+00, 2.3601284562124346e+01, 2.8924036508689387e+01
0.54700000, 1.27541865202859815199129099616661678442e+00, -2.46005391333962602286129702367542086496e+00, 9.48992754874883602139509519357661343342e+00, 1.57648003207036930453528808616772826347e+00, 5.07500354743805468359533915081502076618e+00, 1.17054531337353142815535062342596179919e+00, 2.3527528303826409e+01, 2.9356267550866883e+01
0.54800000, 1.27670840619025622598601485046776457550e+00, -2.45904930992329792845059768988159915286e+00, 9.48836448747938462003816886418893983581e+00, 1.57940802263991524006477729964448404921e+00, 5.07366871161421247976232146545447833890e+00, 1.17172859067394184668393536678092897335e+00, 2.3448841880906770e+01, 2.9792147516025295e+01
0.54900000, 1.27800050976082809970481403282618511772e+00, -2.45804208813045264392713426325420263315e+00, 9.48679604387331361770685623409513288542e+00, 1.58233559497951722066882614193623765173e+00, 5.07233030743332846363310829688362225455e+00, 1.17291316143021654808031354952601746795e+00, 2.3365126513832901e+01, 3.0231670300028032e+01
0.55000000, 1.27929497086382693318436576333609360059e+00, -2.45703223608716214174464077323164411817e+00, 9.48522218835004093135774375704909953596e+00, 1.58526274031969284462285605445468734684e+00, 5.07098831838572262226821248979219741685e+00, 1.17409902952208924429777747972492869795e+00, 2.3276282052019923e+01, 3.0674828625023424e+01
0.55100000, 1.28059179767020735147582137682741865401e+00, -2.45601974184315831304641345248116780212e+00, 9.48364289115810519774114879273674262702e+00, 1.58818944980075992473997394481672379510e+00, 5.06964272784907377320617673043567954525e+00, 1.17528619885086467158192287030542574322e+00, 2.3182206964396317e+01, 3.1121614004013840e+01
0.55200000, 1.28189099839875209354380776988241845752e+00, -2.45500459337118721189313258241388935171e+00, 9.48205812237382633989248933705569046940e+00, 1.59111571447189682933544581838174747087e+00, 5.06829351908739629630322630251348652265e+00, 1.17647467333960018280124284437898080631e+00, 2.3082798330216087e+01, 3.1572016704641934e+01
0.55300000, 1.28319258131646273503337287253614699577e+00, -2.45398677856635641739746232131692543593e+00, 9.48046785189995289417129412204626298654e+00, 1.59404152529019186337312280210839648601e+00, 5.06694067525000521779603574201735839109e+00, 1.17766445693328943383308373315971822067e+00, 2.2977951830132285e+01, 3.2026025712180589e+01
0.55400000, 1.28449655473895453761354913199715699337e+00, -2.45296628524547542494943641990502380391e+00, 9.47887204946429593751790536618014995039e+00, 1.59696687311968154209981578317755793092e+00, 5.06558417937046948712873535597722588450e+00, 1.17885555359904819501180130676010325642e+00, 2.2867561737547341e+01, 3.2483628691713019e+01
0.55500000, 1.28580292703085547841329474425222980271e+00, -2.45194310114638897636598562243182677995e+00, 9.47727068461834945227735746180382777946e+00, 1.59989174873037760718623548888779652871e+00, 5.06422401436555328453634792550151774413e+00, 1.18004796732630231920289100199378950733e+00, 2.2751520910256152e+01, 3.2944811949489334e+01
0.55600000, 1.28711170660620951388691752968106483775e+00, -2.45091721392730323742360975392412714099e+00, 9.47566372673589696358012522634147660557e+00, 1.60281614279728263306534947793095030349e+00, 5.06286016303414519478132756840166934296e+00, 1.18124170212697789863543485039183260376e+00, 2.2629720782398454e+01, 3.3409560393445825e+01
0.55700000, 1.28842290192888413328197595948581814466e+00, -2.44988861116610472983467200477828671329e+00, 9.47405114501160428186966608609154707062e+00, 1.60574004589939406879005108235587542160e+00, 5.06149260805617507979681455520098288074e+00, 1.18243676203569364320568583581239428113e+00, 2.2502051356737552e+01, 3.3877857492873050e+01
0.55800000, 1.28973652151298225773337728751609046134e+00, -2.44885728035967192330461221421546448134e+00, 9.47243290845959818072615624261188324724e+00, 1.60866344851869655832106477202494783463e+00, 5.06012133199151848029864290417163970749e+00, 1.18363315110995551355727917503085831099e+00, 2.2368401197283063e+01, 3.4349685237218738e+01
0.55900000, 1.29105257392325854187325191719600036427e+00, -2.44782320892317939185904670729098444123e+00, 9.47080898591203083765374909631975999364e+00, 1.61158634103914237970218625507125328391e+00, 5.05874631727888837368704051609812637403e+00, 1.18483087343035364284870875089268566149e+00, 2.2228657422275930e+01, 3.4825024094011421e+01
0.56000000, 1.29237106777554013572748058929291989394e+00, -2.44678638418939443715574008449683717635e+00, 9.46917934601762986297425523222038631235e+00, 1.61450871374561984108241357742703533217e+00, 5.05736754623471411276732021759729985357e+00, 1.18602993310076158173663246504164621732e+00, 2.2082705697554577e+01, 3.5303852965890610e+01
0.56100000, 1.29369201173715196556679809406967667274e+00, -2.44574679340796607999628359708371566356e+00, 9.46754395724023373940252960715303841547e+00, 1.61743055682290946900238792544269057182e+00, 5.05598500105200736697562663747105044750e+00, 1.18723033424853790173457725722411375318e+00, 2.1930430230321687e+01, 3.5786149146729236e+01
0.56200000, 1.29501541452734659329351236750140257027e+00, -2.44470442374470631972546805212666381660e+00, 9.46590278785731249226720751896057028371e+00, 1.62035186035462782177493035571706349022e+00, 5.05459866379921488489990653161930051002e+00, 1.18843208102473019275101563863320380036e+00, 2.1771713763331760e+01, 3.6271888276834004e+01
0.56300000, 1.29634128491773871487438657091200875434e+00, -2.44365926228086355965225736497360844901e+00, 9.46425580595847340768389214763531606241e+00, 1.62327261432215875815541357374020159790e+00, 5.05320851641905789393661249257846705706e+00, 1.18963517760428149126890175347951598341e+00, 2.1606437569520256e+01, 3.6761044297209232e+01
0.56400000, 1.29766963173274435927646696799961407172e+00, -2.44261129601238809504440050024086232714e+00, 9.46260297944395161328557950262607992838e+00, 1.62619280860357198881630565917610717035e+00, 5.05181454072735794991911010614082116233e+00, 1.19083962818623917630091566806978007235e+00, 2.1434481447095804e+01, 3.7253589402869682e+01
0.56500000, 1.29900046385002485032594152276044490237e+00, -2.44156051184918955863850069871014027802e+00, 9.46094427602308533336610849051525217203e+00, 1.62911243297252873541050347383119248176e+00, 5.05041671841184904649318876738743874296e+00, 1.19204543699396637094120799446401375822e+00, 2.1255723715117679e+01, 3.7749493995187815e+01
0.56600000, 1.30033379020093559489083128215202763157e+00, -2.44050689661438621696821484052760845601e+00, 9.45927966321277562749582148935217487808e+00, 1.63203147709717431922905371806535931933e+00, 5.04901503103097579089730214208385931930e+00, 1.19325260827535588803571029635853907340e+00, 2.1070041209581453e+01, 3.8248726633260869e+01
0.56700000, 1.30166961977097976178680482257937067527e+00, -2.43945043704354600914459266783983871672e+00, 9.45760910833593041882347069720674288150e+00, 1.63494993053901749862953314794715683681e+00, 5.04760946001267744962898396281525749060e+00, 1.19446114630304675920943647555605926864e+00, 2.0877309280036476e+01, 3.8751253984283110e+01
0.56800000, 1.30300796160026691682202947941604021813e+00, -2.43839111978391921802378203218831108854e+00, 9.45593257851989261538374298401717706413e+00, 1.63786778275179637153069728435652042112e+00, 5.04619998665315766424306879888230854350e+00, 1.19567105537464338722101251252460353018e+00, 2.0677401786759597e+01, 3.9257040772908554e+01
0.56900000, 1.30434882478397668043210420258672962691e+00, -2.43732893139366266196780517941750350696e+00, 9.45425004069485212478461482162545443787e+00, 1.64078502308033065633595644085220205748e+00, 5.04478659211563963423063724684808760944e+00, 1.19688233981293736236231236349747401197e+00, 2.0470191098510311e+01, 3.9766049729589459e+01
0.57000000, 1.30569221847282747541013866487568698572e+00, -2.43626385834105529364322100898855182414e+00, 9.45256146159224155965208079917326473496e+00, 1.64370164075936016166172232510171236764e+00, 5.04336925742910656056871282778294066279e+00, 1.19809500396613198438493243071149681318e+00, 2.0255548090893344e+01, 4.0278241537875855e+01
0.57100000, 1.30703815187355043331034140076305056974e+00, -2.43519588700370509050958339243056436249e+00, 9.45086680774311542816059330046693302378e+00, 1.64661762491236925220558632178291823764e+00, 5.04194796348702714010834572685831170139e+00, 1.19930905220806953221570215106755232160e+00, 2.0033342145355460e+01, 4.0793574780661373e+01
0.57200000, 1.30838663424936852919645493151558839709e+00, -2.43412500366774711982402525957908678597e+00, 9.44916604547651260087475296124412213595e+00, 1.64953296455039711499251494161410441559e+00, 5.04052269104606589748147738027248363833e+00, 1.20052448893846132452091092434950130304e+00, 1.9803441148844178e+01, 4.1312005885360651e+01
0.57300000, 1.30973767492048101551943587397431124736e+00, -2.43305119452703265912936623847316223633e+00, 9.44745914091780184197032157632044451718e+00, 1.65244764857083362708362587673951439408e+00, 5.03909342072477813765350904532546393358e+00, 1.20174131858312061499384987604532904938e+00, 1.9565711494156910e+01, 4.1833489068003607e+01
0.57400000, 1.31109128326455322704234018303662936925e+00, -2.43197444568230925130016647619919660614e+00, 9.44574605998701018968938883647046120959e+00, 1.65536166575620062262045998165802299038e+00, 5.03766013300228929862738353613856435379e+00, 1.20295954559419836707305021592394204830e+00, 1.9320018081009929e+01, 4.2357976276231901e+01
0.57500000, 1.31244746871721182988486483704239306416e+00, -2.43089474314039157129342311595056324066e+00, 9.44402676839713396761438428581407443795e+00, 1.65827500477291835380678324908840761542e+00, 5.03622280821695848011478549404814058599e+00, 1.20417917445042195364968928456653833874e+00, 1.9066224317857505e+01, 4.2885417131182944e+01
0.57600000, 1.31380624077254558893585423104667942220e+00, -2.42981207281332297978740452044988137634e+00, 9.44230123165243220501743321272033888790e+00, 1.66118765417005693709860331728887190839e+00, 5.03478142656502592022929081521255409784e+00, 1.20540020965733682819248387337940739702e+00, 1.8804192124492449e+01, 4.3415758868246892e+01
0.57700000, 1.31516760898361172907974923139814731125e+00, -2.42872642051752763689269956676099574252e+00, 9.44056941504670224115413055179346579112e+00, 1.66409960237807257248000324744390428038e+00, 5.03333596809924418842343391774532383255e+00, 1.20662265574755121460746353826823932057e+00, 1.8533781935460304e+01, 4.3948946276682113e+01
0.57800000, 1.31653158296294796690289660753423182144e+00, -2.42763777197295304708316670104655470288e+00, 9.43883128366153728492294406882035082158e+00, 1.66701083770752832024628769120495177889e+00, 5.03188641272749285898516003212607383741e+00, 1.20784651728098386405879263239234703647e+00, 1.8254852704320373e+01, 4.4484921638074703e+01
0.57900000, 1.31789817238309029078831440643960115221e+00, -2.42654611280220290442032364855576780725e+00, 9.43708680236456569780192328590398453387e+00, 1.66992134834779921619547923283315831679e+00, 5.03043274021137642542739923132103499730e+00, 1.20907179884511492790578001906727849917e+00, 1.7967261908787796e+01, 4.5023624663627759e+01
0.58000000, 1.31926738697709656857340373008559776016e+00, -2.42545142852966010503202918208215234224e+00, 9.43533593580767176440192161386781367294e+00, 1.67283112236576150254304061112339939947e+00, 5.02897493016480521204591205611891891168e+00, 1.21029850505523999686088477492507526716e+00, 1.7670865556791920e+01, 4.5564992430266199e+01
0.58100000, 1.32063923653907606323469950133082889403e+00, -2.42435370458059979165425988719941477734e+00, 9.43357864842519771133884477796288223881e+00, 1.67574014770446574822144473514321309980e+00, 5.02751296205255903478344690130577718424e+00, 1.21152664055472735744441346724654397402e+00, 1.7365518193487271e+01, 4.6108959315543083e+01
0.58200000, 1.32201373092472493837756386005684176151e+00, -2.42325292628029229285254492929906442241e+00, 9.43181490443212673142519784534705207910e+00, 1.67864841218179362850444915986070161219e+00, 5.02604681518883335932091033921708327789e+00, 1.21275621001527851780424294605361334190e+00, 1.7051072909254514e+01, 4.6655456931333554e+01
0.58300000, 1.32339088005186783664725933279370392082e+00, -2.42214907885309581730633820576542421802e+00, 9.43004466782224676641206443099305947900e+00, 1.68155590348909813010420160237334900227e+00, 5.02457646873576770001693571019706395996e+00, 1.21398721813719205598383996780939713102e+00, 1.6727381348729908e+01, 4.7204414056302656e+01
0.58400000, 1.32477069390100561554162049871207277701e+00, -2.42104214742153876126440749420859511389e+00, 9.42826790236629479767523207939581711864e+00, 1.68446260918982694402612025673743558524e+00, 5.02310190170195599893415287371983897427e+00, 1.21521966964963084475964852464731083037e+00, 1.6394293720902895e+01, 4.7755756567133539e+01
0.58500000, 1.32615318251586932649511059876013152871e+00, -2.41993211700539148496131104733893089169e+00, 9.42648457161008139033206235863691151639e+00, 1.68736851671812880453033377679644267717e+00, 5.02162309294093871972177997176365510121e+00, 1.21645356931089270823015633707852014694e+00, 1.6051658810322649e+01, 4.8309407368502732e+01
0.58600000, 1.32753835600398052451995422538391300640e+00, -2.41881897252072741142329897676830090533e+00, 9.42469463887259523229744485812057194162e+00, 1.69027361337744252853777114922442213595e+00, 5.02014002114967638656799895647741813519e+00, 1.21768892190868456642422858556859820033e+00, 1.5699323989455579e+01, 4.8865286321789430e+01
0.58700000, 1.32892622453721799713284279879547511347e+00, -2.41770269877897329868558326504682038740e+00, 9.42289806724408740573628922846642420276e+00, 1.69317788633906850573216425366854727853e+00, 5.01865266486700429379001741331412139192e+00, 1.21892573226040012530622126494672963320e+00, 1.5337135232237041e+01, 4.9423310172506028e+01
0.58800000, 1.33031679835239100276599332358645729409e+00, -2.41658328048594853399090743400241567276e+00, 9.42109481958413512424498212274308828312e+00, 1.69608132264072238544463036620570223609e+00, 5.01716100247206810689278997828474963127e+00, 1.22016400521340117069058736130063287578e+00, 1.4964937128861733e+01, 4.9983392476437361e+01
0.58900000, 1.33171008775181911035969404980719351994e+00, -2.41546070224089329604073280042186891797e+00, 9.41928485851968466489351427752197087784e+00, 1.69898390918507070216346353185803119089e+00, 5.01566501218274007109705543854118421332e+00, 1.22140374564530252573981287172123628436e+00, 1.4582572901858568e+01, 5.0545443524476517e+01
0.59000000, 1.33310610310391873336049840177425741679e+00, -2.41433494853548542882413721136055554365e+00, 9.41746814644307321998197837324470084375e+00, 1.70188563273824817718656755041864273684e+00, 5.01416467205401553841157309434105348207e+00, 1.22264495846426073290723123368184404219e+00, 1.4189884423497106e+01, 5.1109370266145345e+01
0.59100000, 1.33450485484379645290555066702394867575e+00, -2.41320600375284586795466420410799605440e+00, 9.41564464551002938900822462502339581584e+00, 1.70478647992835642952585275906938760156e+00, 5.01265995997638951930109614146779528264e+00, 1.22388764860926652240124750513486797975e+00, 1.3786712234573995e+01, 5.1675076231788227e+01
0.59200000, 1.33590635347384922655977813538593140309e+00, -2.41207385216653245780081075145986038567e+00, 9.41381431763765202690597371241507075289e+00, 1.70768643724394382468009474791161568581e+00, 5.01115085367421295987853065875495151522e+00, 1.22513182105044113049046049938005800071e+00, 1.3372895564629238e+01, 5.2242461453428032e+01
0.59300000, 1.33731060956437158058951461298609940083e+00, -2.41093847793952199500051957092951532739e+00, 9.41197712450236716009292163388957714459e+00, 1.71058549103246618531337277937509702643e+00, 5.00963733070402844032467276661897040689e+00, 1.22637748078933653224082484607767391546e+00, 1.2948272353643506e+01, 5.2811422384273643e+01
0.59400000, 1.33871763375416988540419517203958381430e+00, -2.40979986512318033120284051460147104593e+00, 9.41013302753786267726458384495281097843e+00, 1.71348362749872808320838126576694332572e+00, 5.00811936845288498490961528875403728906e+00, 1.22762463285923965457708900804229392585e+00, 1.2512679275269186e+01, 5.3381851816868884e+01
0.59500000, 1.34012743675118381547776340978035872417e+00, -2.40865799765622036507971090026730169332e+00, 9.40828198793300049718003052061576048693e+00, 1.71638083270330442710570534107357250441e+00, 5.00659694413663166855403406525276696463e+00, 1.22887328232548063689204422669101739348e+00, 1.2065951761649304e+01, 5.3953638799873203e+01
0.59600000, 1.34154002933311509677405869350235626196e+00, -2.40751285936364775079641511690781070672e+00, 9.40642396662970591090843222467792719985e+00, 1.71927709256094205618959012783593303767e+00, 5.00507003479818969932371030576535567906e+00, 1.23012343428574520778940965643940572821e+00, 1.1607924029879975e+01, 5.4526668553464991e+01
0.59700000, 1.34295542234806364644641715824699711810e+00, -2.40636443395569414721952924502378990416e+00, 9.40455892432083379113859313215067760175e+00, 1.72217239283894104403578287909660897651e+00, 5.00353861730580265059436694897300480104e+00, 1.23137509387039124794026958402010711104e+00, 1.1138429110173583e+01, 5.5100822383358979e+01
0.59800000, 1.34437362671517121136175932737619753739e+00, -2.40521270502673782917481728989727698240e+00, 9.40268682144801135619547974821315238294e+00, 1.72506671915551541279560792267163282067e+00, 5.00200266835126451085368074441189559235e+00, 1.23262826624276961045970186405304018214e+00, 1.0657298875781479e+01, 5.5675977593429799e+01
0.59900000, 1.34579465342527261381429977225532297338e+00, -2.40405765605421147904337235886263197559e+00, 9.40080761819945717135619316251630680213e+00, 1.72796005697813295225041506090786435015e+00, 5.00046216444812521322060178640135733048e+00, 1.23388295659954927167044876198456629411e+00, 1.0164364074736564e+01, 5.6252007396934414e+01
0.60000000, 1.34721851354155471464446922366662942164e+00, -2.40289927039749697390100823519124731460e+00, 9.39892127450777606491087126072238898035e+00, 1.73085239162183383312973884519659624647e+00, 4.99891708192987330075622814266537155312e+00, 1.23513917017104688661506322828500688017e+00, 9.6594543634778122e+00, 5.6828780826326844e+01
0.60100000, 1.34864521820022320586547487656268253643e+00, -2.40173753129680698026219206521616851899e+00, 9.39702775004772963116958433358080743465e+00, 1.73374370824752769874268081501012395003e+00, 4.99736739694809537751273844617463193722e+00, 1.23639691222156082520782168160850349739e+00, 9.1423983424204410e+00, 5.7406162641659353e+01
0.60200000, 1.35007477861117734682394755607877959514e+00, -2.40057242187205316528432240424959207032e+00, 9.39512700423398198727229358092948481655e+00, 1.73663399186026891352288554087845072108e+00, 4.99581308547061198901450523379260627149e+00, 1.23765618804970976648376140297121811356e+00, 8.6130235935371672e+00, 5.7984013237565019e+01
0.60300000, 1.35150720605869275988316210700590630102e+00, -2.39940392512170083001952025280455504697e+00, 9.39321899621882044521321622179747536559e+00, 1.73952322730750964153067308766801753933e+00, 4.99425412327958956948565188675944298670e+00, 1.23891700298877593000543651789419364396e+00, 8.0711567200177413e+00, 5.8562188548817489e+01
0.60400000, 1.35294251190211240361821744649361489345e+00, -2.39823202392160976696790109360701885566e+00, 9.39130368488985075494126974463662926069e+00, 1.74241139927733042228900545641418597023e+00, 4.99269048596962808662805988795787872484e+00, 1.24017936240705302512937913659244923454e+00, 7.5166233880757415e+00, 5.9140539954464571e+01
0.60500000, 1.35438070757654584355319379515468302768e+00, -2.39705670102386114078708503781292607975e+00, 9.38938102886766656874238362933275865100e+00, 1.74529849229664790555053236490206817317e+00, 4.99112214894582400811019057218043563408e+00, 1.24144327170819900051481827543170943633e+00, 6.9492483709734379e+00, 5.9718914180533256e+01
0.60600000, 1.35582180459357694255155685968706350068e+00, -2.39587793905557018754599533874486289675e+00, 9.38745098650349277134504646112643692674e+00, 1.74818449072939940069844995990545723242e+00, 4.98954908742180820714699055873037534476e+00, 1.24270873633159367797799522838567445781e+00, 6.3688555953374046e+00, 6.0297153201304779e+01
0.60700000, 1.35726581454198009509386452326009390118e+00, -2.39469572051768452437527066064118932206e+00, 9.38551351587680231431511949612431093718e+00, 1.75106937877470389047171843051767540275e+00, 4.98797127641775841763145860418749179598e+00, 1.24397576175270135655749736594590480303e+00, 5.7752681898394588e+00, 6.0875094139159335e+01
0.60800000, 1.35871274908844513184208601399960812317e+00, -2.39351002778376785776031307625592744432e+00, 9.38356857479290618731725558210787546046e+00, 1.75395314046499915257265908123672439804e+00, 4.98638869075838584221593954598985594618e+00, 1.24524435348343847446052190047878694952e+00, 5.1683085363194508e+00, 6.1452569162991206e+01
0.60900000, 1.36016261997831102309852505897607157877e+00, -2.39232084309876887504451176348702877973e+00, 9.38161612078051615271571583638424240587e+00, 1.75683575966415462645935880875404686337e+00, 4.98480130507089550953257180603626850164e+00, 1.24651451707254641840801869373158699326e+00, 4.5477983234284037e+00, 6.2029405385196203e+01
0.61000000, 1.36161543903630851202042971109676561719e+00, -2.39112814857777509995788109666141022801e+00, 9.37965611108927986376441473547566227948e+00, 1.75971722006555965624385130736815372222e+00, 4.98320909378291996938415740144555228872e+00, 1.24778625810596957178942219794609375248e+00, 3.9135586028725244e+00, 6.2605424757234575e+01
0.61100000, 1.36307121816731181074987956787659480010e+00, -2.38993192620475148915854882532568952282e+00, 9.37768850268728798029202283817218238098e+00, 1.76259750519018673410684956362139304618e+00, 4.98161203112042590722556934304035147770e+00, 1.24905958220723869497637748723454467669e+00, 3.2654098483406618e+00, 6.3180443963773810e+01
0.61200000, 1.36452996935709949496349856208307593468e+00, -2.38873215783126354286949989058697519154e+00, 9.37571325225855288932022551564873647146e+00, 1.76547659838462936199792979200160745303e+00, 4.98001009110559325158809298814031507053e+00, 1.25033449503785973313074040985132792889e+00, 2.6031720171998822e+00, 6.3754274315417143e+01
0.61300000, 1.36599170467312473473900704269891453393e+00, -2.38752882517518469870895456555020650584e+00, 9.37373031620045863145901898793518319600e+00, 1.76835448281911414261349397278742208294e+00, 4.97840324755466634027115565529431721283e+00, 1.25161100229770814887647068435853153012e+00, 1.9266646150459702e+00, 6.4326721640025014e+01
0.61400000, 1.36745643626529500207668592052102465327e+00, -2.38632190981938777374792102059506294515e+00, 9.37173965062118162719939591816241988391e+00, 1.77123114148548670373047005921411522706e+00, 4.97679147407577670313397832034346304029e+00, 1.25288910972542887928916113490496278405e+00, 1.2357067631978326e+00, 6.4897586172638232e+01
0.61500000, 1.36892417636676139790459120165743512715e+00, -2.38511139321042021568095039257886666383e+00, 9.36974121133708179036803520614337721719e+00, 1.77410655719517105291836940722634041913e+00, 4.97517474406673701115993295351969950515e+00, 1.25416882309884201879221766965666841225e+00, 5.3011726922699575e-01, 6.5466662444013194e+01
0.61600000, 1.37039493729471774393797055149645411173e+00, -2.38389725665716291976402722283293190540e+00, 9.36773495387006360901769505622199475107e+00, 1.77698071257710195245275165303980719760e+00, 4.97355303071280573313485747344697214611e+00, 1.25545014823535433173652539058627920886e+00, -1.9028529938435906e-01, 6.6033739167781171e+01
0.61700000, 1.37186873145120958735696498953183520167e+00, -2.38267948132947236385489054934186611614e+00, 9.36572083344490676689787064586249883237e+00, 1.77985359007562989690600529695322009512e+00, 4.97192630698442203277321298576096548225e+00, 1.25673309099237670068225093482023568922e+00, -9.2568253836109317e-01, 6.6598599126245455e+01
0.61800000, 1.37334557132395326891352868372821527955e+00, -2.38145804825680580948389098923649694088e+00, 9.36369880498656587137979665015755855508e+00, 1.78272517194839826839320796386428258022e+00, 4.97029454563491043043860477004522331171e+00, 1.25801765726774761869872793208426412831e+00, -1.6762561264304788e+00, 6.7161019054831952e+01
0.61900000, 1.37482546948716520777979910547660267368e+00, -2.38023293832682931238568453202876849575e+00, 9.36166882311743884629485027722974597279e+00, 1.78559544026419223679816465731219307245e+00, 4.96865771919815474473356042215108526011e+00, 1.25930385300016283635268448277700921316e+00, -2.4421877416948111e+00, 6.7720769525210801e+01
0.62000000, 1.37630843860240155920716114095380601281e+00, -2.37900413228400828133152838675588477306e+00, 9.35963084215460354058256085443543926565e+00, 1.78846437690075896449392431473462441203e+00, 4.96701579998624082017318480116839516414e+00, 1.26059168416961127646797847581568596148e+00, -3.2236589744784313e+00, 6.8277614827108578e+01
0.62100000, 1.37779449141940840387926724444020145569e+00, -2.37777161072818031941650663992997019773e+00, 9.35758481610702209593039232692734712546e+00, 1.79133196354259866709943900615824279847e+00, 4.96536876008706753790389602846303305352e+00, 1.26188115679781733221313605827023265078e+00, -4.0208512365438853e+00, 6.8831312848832782e+01
0.62200000, 1.37928364077698263071462988733982905820e+00, -2.37653535411311007717344528303339369476e+00, 9.35553069867271260871878432493022166446e+00, 1.79419818167872607367575323444545757934e+00, 4.96371657136192559697727540152897184360e+00, 1.26317227694868966660801793124031799202e+00, -4.8339456665694598e+00, 6.9381614956532548e+01
0.62300000, 1.38077589960384367780645528236305696051e+00, -2.37529534274502584200329034597321719784e+00, 9.35346844323588761355807642029647234152e+00, 1.79706301260040182145728983036383120961e+00, 4.96205920544304354403540057936305701862e+00, 1.26446505072877663413959591649727755038e+00, -5.6631230317778231e+00, 6.9928265872221810e+01
0.62400000, 1.38227128091951629918053685395089681866e+00, -2.37405155678113758342797209807406265199e+00, 9.35139800286405890751526868278396263782e+00, 1.79992643739883331173242759882876695464e+00, 4.96039663373110051940301432068869268643e+00, 1.26575948428772844784088989820930758982e+00, -6.5085636256029401e+00, 7.0471003550593650e+01
0.62500000, 1.38376979783522452810770772484961245452e+00, -2.37280397622813616858385314534056388515e+00, 9.34931933030510822577436610114751060688e+00, 1.80278843696284454482853171977461148652e+00, 4.95872882739270517750852003536407381984e+00, 1.26705558381876621791842897739626520377e+00, -7.3704471612798428e+00, 7.1009559054657043e+01
0.62600000, 1.38527146355479701082703550358948118422e+00, -2.37155258094067345717928546169746276584e+00, 9.34723237798432327095049521852601825960e+00, 1.80564899197651444331567922081865481910e+00, 4.95705575735784022926496740638884224528e+00, 1.26835335555915799081405318948537669112e+00, -8.2489526612392114e+00, 7.1543656430229944e+01
0.62700000, 1.38677629137558388772114023130527830056e+00, -2.37029735061982297983604187208914221728e+00, 9.34513709800139858958114999700450425933e+00, 1.80850808291678316351618440656840799124e+00, 4.95537739431727204352863681027611641196e+00, 1.26965280579070192045841454081718906756e+00, -9.1442583421860610e+00, 7.2073012579325408e+01
0.62800000, 1.38828429468938540223727735523833864545e+00, -2.36903826481152089831883447942102327015e+00, 9.34303344212740078044380038530864513419e+00, 1.81136569005102588618922291713338219675e+00, 4.95369370871992473401115018495150543347e+00, 1.27095394084021670641817989201104305824e+00, -1.0056541495739136e+01, 7.2597337132470392e+01
0.62900000, 1.38979548698339242116874258397545730813e+00, -2.36777530290498694062710951279365586161e+00, 9.34092136180169751029355667733432853219e+00, 1.81422179343459356784680880667376218999e+00, 4.95200467077021814704568377354371919582e+00, 1.27225676708003943665875721215830909588e+00, -1.0985978364504890e+01, 7.3116332319999895e+01
0.63000000, 1.39130988184113905330235682573124948733e+00, -2.36650844413112499827606682015740414124e+00, 9.33880080812884980337339332264033822794e+00, 1.81707637290832012454440459057678713721e+00, 4.95031025042536915439314142287347340699e+00, 1.27356129092853097574149928481028991222e+00, -1.1932744013457164e+01, 7.3629692842372314e+01
0.63100000, 1.39282749294346755690095253696865717411e+00, -2.36523766756090306732657058439485919813e+00, 9.33667173187546706161825453362443130236e+00, 1.81992940809599551017172105244143172379e+00, 4.94861041739265564381421930178052655120e+00, 1.27486751885058904245099005268011176488e+00, -1.2897012196490907e+01, 7.4137105739555194e+01
0.63200000, 1.39434833406950573002662742006270612170e+00, -2.36396295210371220883339755952193760291e+00, 9.33453408346702426284873412778853126202e+00, 1.82278087840180414124184292925545169081e+00, 4.94690514112664258842214984949070130091e+00, 1.27617545735816912410646233204436688340e+00, -1.3878955218015439e+01, 7.4638250259534045e+01
0.63300000, 1.39587241909765698132282277764527581445e+00, -2.36268427650570419836513358510930922429e+00, 9.33238781298464077442536969982453111206e+00, 1.82563076300772810993461545291853533670e+00, 4.94519439082636956386238801376541289409e+00, 1.27748511301081337815397673194011998746e+00, -1.4878743789449948e+01, 7.5132797726000481e+01
0.63400000, 1.39739976200660328256283411840005249489e+00, -2.36140161934810752810392100882828194495e+00, 9.33023287016182020980622204133704870103e+00, 1.82847904087091461668802397971689248172e+00, 4.94347813543249907013326287893270927506e+00, 1.27879649241618767506512904842837253775e+00, -1.5896546880481010e+01, 7.5620411405279776e+01
0.63500000, 1.39893037687632120804103122741309430179e+00, -2.36011495904552141875603845812217752750e+00, 9.32806920438115074521350626271473231232e+00, 1.83132569072100704294373109239898536563e+00, 4.94175634362442500235915710763595169510e+00, 1.28010960223062694008624209485543969466e+00, -1.6932531564939059e+01, 7.6100746372561797e+01
0.63600000, 1.40046427788911126973276393581145741656e+00, -2.35882427384418749209173404136212721762e+00, 9.32589676467096530316465519122728422366e+00, 1.83417069105743907373449245631475067943e+00, 4.94002898381734060204841263448834558946e+00, 1.28142444915968895499181154870412038525e+00, -1.7986862861147794e+01, 7.6573449377503451e+01
0.63700000, 1.40200147933064076108161943171062237666e+00, -2.35752954182023874838151919080688356553e+00, 9.32371549970196099895425077789128788886e+00, 1.83701402014669126864619308442028448888e+00, 4.93829602415926520730502882258679538503e+00, 1.28274103995871678470006905754633501635e+00, -1.9059703566597605e+01, 7.7038158709275020e+01
0.63800000, 1.40354199559100032629039093726562034500e+00, -2.35623074087792548630285775380712846637e+00, 9.32152535778377723528054263089060052534e+00, 1.83985565601950946828991253914322313252e+00, 4.93655743252802910710926613118468069144e+00, 1.28405938143340999740963889308996660165e+00, -2.0151214086791125e+01, 7.7494504061127234e+01
0.63900000, 1.40508584116577447609688387685853555499e+00, -2.35492784874781779605235471104852272091e+00, 9.31932628686153181908843234675275355391e+00, 1.84269557646808441177376353431061703942e+00, 4.93481317652821579113024819326259502085e+00, 1.28537948044040485081722333650200363275e+00, -2.1261552258106063e+01, 7.7942106394560576e+01
0.64000000, 1.40663303065712627520964796713770341531e+00, -2.35362084298498424941056566337207126526e+00, 9.31711823451231446334434262098833105303e+00, 1.84553375904319192876411058750181606920e+00, 4.93306322348806087257612288032249666806e+00, 1.28670134388786362097997330239973563189e+00, -2.2390873164517499e+01, 7.8380577803183156e+01
0.64100000, 1.40818357877489643086406304941865922467e+00, -2.35230970096714640336571714461525967967e+00, 9.31490114794163702486166818583281972516e+00, 1.84837018105129305756485055383972811821e+00, 4.93130754045630694731664815831244693817e+00, 1.28802497873607325449569427362530823426e+00, -2.3539328948018827e+01, 7.8809521376348522e+01
0.64200000, 1.40973750033771701633816312547364731836e+00, -2.35099439989280872660515155640825265294e+00, 9.31267497397983981745272647705300838316e+00, 1.85120481955159342821523609213853853574e+00, 4.92954609419901363792134978373251889024e+00, 1.28935039199805352889240968689836705006e+00, -2.4707068612577553e+01, 7.9228531062670019e+01
0.64300000, 1.41129481027414006774245795516476274367e+00, -2.34967491677936355072528611199993627449e+00, 9.31043965907845332758833812582888199500e+00, 1.85403765135306123690457629864138611930e+00, 4.92777885119632205633557602093582313250e+00, 1.29067759074017491044926053931832797084e+00, -2.5894237821459150e+01, 7.9637191533513772e+01
0.64400000, 1.41285552362378129697116838237367504683e+00, -2.34835122846117064038829075888742777119e+00, 9.30819514930651464739325831255305266937e+00, 1.85686865301140312501919908801957060250e+00, 4.92600577763917290365854628753672357515e+00, 1.29200658208278630311657049996235746607e+00, -2.7100978687749188e+01, 8.0035078046578025e+01
0.64500000, 1.41441965553847916837615844145720215565e+00, -2.34702331158761096886242151060223983144e+00, 9.30594139034683792718837115559727116394e+00, 1.85969780082599726286625807249616775075e+00, 4.92422683942597740988332172888823905546e+00, 1.29333737320085288676756639304501330897e+00, -2.8327429557900970e+01, 8.0421756309672495e+01
0.64600000, 1.41598722128346959150191886705973243070e+00, -2.34569114262111427741875311511954395493e+00, 9.30367832749223813690240115878240131568e+00, 1.86252507083678292455306482794833409819e+00, 4.92244200215924030049974403406937208740e+00, 1.29466997132460424770124134541023329631e+00, -2.9573724788132918e+01, 8.0796782344817510e+01
0.64700000, 1.41755823623857648710279592100503839426e+00, -2.34435469783515998891557935908055764615e+00, 9.30140590564170741251026276266860135126e+00, 1.86535043882110582663217295137989274648e+00, 4.92065123114213396053877703909933755466e+00, 1.29600438374019300912882340149099714977e+00, -3.0839994513497017e+01, 8.1159702352789108e+01
0.64800000, 1.41913271589941848865489997808805059068e+00, -2.34301395331225103757850835578431358345e+00, 9.29912406929654325020525432868794043296e+00, 1.86817388029051848894376947310665332580e+00, 4.91885449137502294994107392181753854758e+00, 1.29734061779036417431902572361652626435e+00, -3.2126364409436631e+01, 8.1510052578242863e+01
0.64900000, 1.42071067587863204667747619599480911772e+00, -2.34166888494186016847466481576384037558e+00, 9.29683276255642779727111268348628656865e+00, 1.87099537048753486159016047396206998515e+00, 4.91705174755193800705445088009953996853e+00, 1.29867868087513540015358798291364577762e+00, -3.3432955445649138e+01, 8.1847359175556148e+01
0.65000000, 1.42229213190711120839475574134649837957e+00, -2.34031946841834825147868162628369257693e+00, 9.29453192911545747458029241987510804222e+00, 1.87381488438233844715416501067074851537e+00, 4.91524296405699865959447765087538114776e+00, 1.30001858045248842405858154689472492867e+00, -3.4759883632065914e+01, 8.2171138075535633e+01
0.65100000, 1.42387709983526435060228841219002609980e+00, -2.33896567923885414563144418504110753469e+00, 9.29222151225812215129933590874084252525e+00, 1.87663239666944313211571675920658443560e+00, 4.91342810496078354452952115501676092712e+00, 1.30136032403907187263268438573069702035e+00, -3.6107259756759323e+01, 8.2480894853144303e+01
0.65200000, 1.42546559563428814905442342963558013259e+00, -2.33760749270115564069482874803621372734e+00, 9.28990145485523307772326646769133959674e+00, 1.87944788176430592592033913468496691889e+00, 4.91160713401664752006594107465138066041e+00, 1.30270391921091568579541217057781517495e+00, -3.7475189115583592e+01, 8.2776124596409967e+01
0.65300000, 1.42705763539745907326497380524412376915e+00, -2.33624488390150099340179285865218890646e+00, 9.28757169935979876718076879226228297510e+00, 1.88226131379989079030058331986271849977e+00, 4.90978001465698463420008170143225792165e+00, 1.30404937360415739593053769832309546930e+00, -3.8863771233353650e+01, 8.3056311776685227e+01
0.65400000, 1.42865323534144270131427444857171747988e+00, -2.33487782773241056638582586417073984557e+00, 9.28523218780284800264250096671833044965e+00, 1.88507266662318272523792133840017228051e+00, 4.90794670998943599516027658362566947534e+00, 1.30539669491578050730720539457108466693e+00, -4.0273099576363312e+01, 8.3320930120437219e+01
0.65500000, 1.43025241180762115508601534021866202035e+00, -2.33350629888044806804149187297165920148e+00, 9.28288286178919912801797080595287972031e+00, 1.88788191379165126136862702525020578260e+00, 4.90610718279304156947301286953311526914e+00, 1.30674589090436522702826625046228898534e+00, -4.1703261256041540e+01, 8.3569442482754016e+01
0.65600000, 1.43185518126343896231967845279283461767e+00, -2.33213027182396088161297980151326314783e+00, 9.28052366249317476813353501893953578642e+00, 1.89068902856966249167324429874803519074e+00, 4.90426139551433491334110052887935345025e+00, 1.30809696939085180488699276138352294012e+00, -4.3154336723542915e+01, 8.3801300722763570e+01
0.65700000, 1.43346156030376765796250270694059110953e+00, -2.33074972083078896162443617046075022552e+00, 9.27815453065426110503653410705095947282e+00, 1.89349398392483875793544246260515176999e+00, 4.90240931026337982250623579127924159840e+00, 1.30944993825931674581461708855612253099e+00, -4.4626399455065976e+01, 8.4015945581170298e+01
0.65800000, 1.43507156565228944354211224806657030201e+00, -2.32936461995594176534844880727119136559e+00, 9.27577540657271082155940534519891204941e+00, 1.89629675252436508970221136866603916710e+00, 4.90055088880974786477147403597782323703e+00, 1.31080480545776216507727063153485536264e+00, -4.6119515627690634e+01, 8.4212806560124072e+01
0.65900000, 1.43668521416290022966083489228597025507e+00, -2.32797494303924267635125297909059663572e+00, 9.27338623010508880599361431915537216553e+00, 1.89909730673124147531297587288846491459e+00, 4.89868609257843573786821810514277873303e+00, 1.31216157899891856303726545348796305122e+00, -4.7633743785523590e+01, 8.4391301805646314e+01
0.66000000, 1.43830252282113239323897594083447214891e+00, -2.32658066370294036624874611364898035635e+00, 9.27098694065975969425694548490371668781e+00, 1.90189561860048002597952185706881736619e+00, 4.89681488264572137335440291947188568375e+00, 1.31352026696106130313580390425309942815e+00, -4.9169134495938420e+01, 8.4550837992848226e+01
0.66100000, 1.43992350874559758781066810553711508267e+00, -2.32518175534928652964973879621579015527e+00, 9.26857747719231630807935862941946931831e+00, 1.90469165987524607488051988799413266627e+00, 4.89493721973495768471226050428733305521e+00, 1.31488087748884108378787562503593012103e+00, -5.0725729995694945e+01, 8.4690810214186913e+01
0.66200000, 1.44154818918944995200626884442472125742e+00, -2.32377819115807941584536302551461272746e+00, 9.26615777820094802947223848331513958207e+00, 1.90748540198294223377247364812198947786e+00, 4.89305306421230283476163829655870812909e+00, 1.31624341879412870211123789111901404953e+00, -5.2303563826720500e+01, 8.4810601871016191e+01
0.66300000, 1.44317658154187006834361055449606341025e+00, -2.32236994408417256911933167279795843513e+00, 9.26372778172174813307314090230739119914e+00, 1.91027681603123440970133571451161818063e+00, 4.89116237608238587390417599352795198294e+00, 1.31760789915687441484611371558665389502e+00, -5.3902660461333897e+01, 8.4909584568700411e+01
0.66400000, 1.44480870332957003160082959904549197421e+00, -2.32095698685494817759572022677284231123e+00, 9.26128742532395907886247815907214072896e+00, 1.91306587280401876401369985685816452836e+00, 4.88926511498390657655016862113454347728e+00, 1.31897432692598220946692814682933302613e+00, -5.5523034916691190e+01, 8.4987118015571460e+01
0.66500000, 1.44644457221831999336022763519195376733e+00, -2.31953929196775441830183768747670612956e+00, 9.25883664610515474821909117291997888673e+00, 1.91585254275732857500091163549549899414e+00, 4.88736124018516827833867764249170462565e+00, 1.32034271052019930634859829477628016623e+00, -5.7164692358230854e+01, 8.5042549926021445e+01
0.66600000, 1.44808420601449655679999520489297124120e+00, -2.31811683168730617359606542034843534934e+00, 9.25637538068635858630711759325594886828e+00, 1.91863679601517994415077868361915568419e+00, 4.88545071057954249142698134140167939427e+00, 1.32171305842902122093438197476045238990e+00, -5.8827627691894634e+01, 8.5075215928036264e+01
0.66700000, 1.44972762266665340347312040508219784066e+00, -2.31668957804304848128654434414430540839e+00, 9.25390356520709659335544769115843108264e+00, 1.92141860236535526411656333020656877785e+00, 4.88353348468086404918191189894302129402e+00, 1.32308537921361272316709045297934710522e+00, -6.0511825144899183e+01, 8.5084439475488473e+01
0.66800000, 1.45137484026711454165501124550384337557e+00, -2.31525750282648206763832397277080566794e+00, 9.25142113532038408649149737976046990476e+00, 1.92419793125512334412795866713965575111e+00, 4.88160952061875550503667459924416011892e+00, 1.32445968150774503999783997611089613538e+00, -6.2217257834832678e+01, 8.5069531765521452e+01
0.66900000, 1.45302587705359057386800894415208178353e+00, -2.31382057758845029902585438993580027807e+00, 9.24892802618764513241080735768036801654e+00, 1.92697475178689506564972778457142920688e+00, 4.87967877613387948306556822520476006967e+00, 1.32583597401874965558396118507036521970e+00, -6.3943887326849881e+01, 8.5029791661370986e+01
0.67000000, 1.45468075141081838940692835038105995244e+00, -2.31237877363638687422605995159344543671e+00, 9.24642417247356352929053193270945979567e+00, 1.92974903271381341762614135736701102406e+00, 4.87774120857311764995831203853286269352e+00, 1.32721426552848907283797024779569622435e+00, -6.5691663178738657e+01, 8.4964505620984934e+01
0.67100000, 1.45633948187222469610004028280882368154e+00, -2.31093206203152356525598181508944108765e+00, 9.24390950834086419397527634026233922909e+00, 1.93252074243527673661835705812543187717e+00, 4.87579677488467494952760831436661237252e+00, 1.32859456489434490930066377623967876288e+00, -6.7460522473630724e+01, 8.4872947631816726e+01
0.67200000, 1.45800208712161381414966460357704685178e+00, -2.30948041358605730022915187157575163164e+00, 9.24138396744502378756466457389647155052e+00, 1.93528984899239395253206586147464729830e+00, 4.87384543161310771163977573826591129636e+00, 1.32997688105022370989174255231697573670e+00, -6.9250389340129510e+01, 8.4754379152183977e+01
0.67300000, 1.45966858599488016371107919517831658597e+00, -2.30802379886027586692722720859612365001e+00, 9.23884748292890938909976740317552515322e+00, 1.93805632006337061542823470577737016530e+00, 4.87188713489427421749987756804176590096e+00, 1.33136122300758086894949643978534710054e+00, -7.1061174459628322e+01, 8.4608049059599603e+01
0.67400000, 1.46133899748174588689323145696745661015e+00, -2.30656218815964150064845389852444007349e+00, 9.23629998741734400306598552102485191705e+00, 1.94082012295882445309426477503424533132e+00, 4.86992184045020627253027519144025569701e+00, 1.33274759985646306411589348388694956468e+00, -7.2892774560592732e+01, 8.4433193606499397e+01
0.67500000, 1.46301334072752405410538921261279402347e+00, -2.30509555153183160439243238526875556113e+00, 9.23374141301159766188864237914563226412e+00, 1.94358122461702918260951892469173852404e+00, 4.86794950358390030663491662927100182773e+00, 1.33413602076656961506411941268280393678e+00, -7.4745071899582110e+01, 8.4229036383807213e+01
0.67600000, 1.46469163503490791413617682579295030959e+00, -2.30362385876373583356131350612829167955e+00, 9.23117169128380285947944204685812948524e+00, 1.94633959159908527205058885515890542798e+00, 4.86597007917402648942027404736346337466e+00, 1.33552649498833319081174097015045195078e+00, -7.6617933728786597e+01, 8.3994788292796567e+01
0.67700000, 1.46637389986578665704137110999184183049e+00, -2.30214707937840876109054229025769906118e+00, 9.22859075327129302618169225336390478947e+00, 1.94909519008401632072997233222257221527e+00, 4.86398352166955431492640772190119874320e+00, 1.33691903185402030042408338599660059191e+00, -7.8511211749857610e+01, 8.3729647525725748e+01
0.67800000, 1.46806015484308816884051851813393906940e+00, -2.30066518263197732225684214812052444969e+00, 9.22599852947086272914392612120593543455e+00, 1.95184798586378969792855578635626329871e+00, 4.86198978508429307658624913276429332663e+00, 1.33831364077885201329933133757151193331e+00, -8.0424741553812128e+01, 8.3432799555742398e+01
0.67900000, 1.46975041975264926718620104555010919031e+00, -2.29917813751050222133621792103011889522e+00, 9.22339494983294825520894903037595790014e+00, 1.95459794433826005094841442817172260666e+00, 4.85998882299134561845529477165035691152e+00, 1.33971033126214536694985649745988011269e+00, -8.2358342046793658e+01, 8.3103417136572918e+01
0.68000000, 1.47144471454511391758013284925564455885e+00, -2.29768591272679246478893109420742096413e+00, 9.22077994375572720582157167804290783061e+00, 1.95734503051003426345832080325115056263e+00, 4.85798058851747371321423394703974122403e+00, 1.34110911288847593226428935806603796583e+00, -8.4311814861475840e+01, 8.2740660312532166e+01
0.68100000, 1.47314305933785994037391712648521239816e+00, -2.29618847671717216771988664562249237394e+00, 9.21815344007913570521604378743836469070e+00, 1.96008920897925641450974676189001256562e+00, 4.85596503433737338101964237937876160372e+00, 1.34250999532886201866322253107688984010e+00, -8.6284943753898264e+01, 8.2343676439409520e+01
0.68200000, 1.47484547441695472971613878249634758226e+00, -2.29468579763819876198952234699460691352e+00, 9.21551536707880179422563043416141793741e+00, 1.96283044393831125724516801723329092358e+00, 4.85394211266785842593807455542061163249e+00, 1.34391298834197101435989385708599844986e+00, -8.8277493985528171e+01, 8.1911600216808735e+01
0.68300000, 1.47655198023914051679862603310887243468e+00, -2.29317784336333171551958044624862947943e+00, 9.21286565245989355244349099351139725509e+00, 1.96556869916644470418158897852321365331e+00, 4.85191177526195042842124538883070605532e+00, 1.34531810177534837011790522118622023537e+00, -9.0289211690346378e+01, 8.1443553732540936e+01
0.68400000, 1.47826259743384972122051102610842747626e+00, -2.29166458147955085303714667496585671192e+00, 9.21020422335088046113708881119850636238e+00, 1.96830393802429977300816867701568707789e+00, 4.84987397340287339303829257935174437589e+00, 1.34672534556666974847357584229910329703e+00, -9.2319823226761050e+01, 8.0938646519692707e+01
0.68500000, 1.47997734680525094603670508563520978864e+00, -2.29014597928392334871573239717937717833e+00, 9.20753100629720648825826202562620394588e+00, 1.97103612344836641306470873849254493184e+00, 4.84782865789795121044833953181529381575e+00, 1.34813472974501687437394665283872346788e+00, -9.4369034514158815e+01, 8.0395975627014515e+01
0.68600000, 1.48169624933432618409535640625138099994e+00, -2.28862200378011844089019999414416502056e+00, 9.20484592725487334507771211076577521861e+00, 1.97376521794534359804389099800353704131e+00, 4.84577577907240605134489010266604011818e+00, 1.34954626443217763758625301836898772669e+00, -9.6436530353909301e+01, 7.9814625703298680e+01
0.68700000, 1.48341932618097981560479149223440145193e+00, -2.28709262167486889822879962256742804739e+00, 9.20214891158393233138529178436751445200e+00, 1.97649118358641203496009617208817766032e+00, 4.84371528676305576780427958504191384957e+00, 1.35095995984397101207486049168892356312e+00, -9.8521973734646415e+01, 7.9193669096440719e+01
0.68800000, 1.48514659868617998951261514767412835077e+00, -2.28555779937437824542585512040640791781e+00, 9.19943988404188315281473797420267858698e+00, 1.97921398200141580302618090158575014902e+00, 4.84164713031190833409389506880444696250e+00, 1.35237582629159737283171162244266831734e+00, -1.0062500512165772e+02, 7.8532165967903313e+01
0.68900000, 1.48687808837413299423656852867036365155e+00, -2.28401750298067273461759743382574160679e+00, 9.19671876877697805965138214462343645271e+00, 1.98193357437295119875070958910172031244e+00, 4.83957125855965131451166206305455558686e+00, 1.35379387418301480640128476414188016761e+00, -1.0274524173022204e+02, 7.7829164423328178e+01
0.69000000, 1.48861381695449123656719258326607341493e+00, -2.28247169828789702630569986762725207288e+00, 9.19398548932142962144118445304078488382e+00, 1.98464992143036102528495806293595268130e+00, 4.83748761983903430020492759848787738152e+00, 1.35521411402434202757648709981338824201e+00, -1.0488227678274504e+02, 7.7083700660067964e+01
0.69100000, 1.49035380632459546117535649937848652016e+00, -2.28092035077855252058212290250317868828e+00, 9.19123996858452041581578337752136055870e+00, 1.98736298344363252478378341183070792566e+00, 4.83539616196814221012193102559091279472e+00, 1.35663655642128853147392881818016246357e+00, -1.0703567874955317e+02, 7.6294799132437841e+01
0.69200000, 1.49209807857175185711260739972951366076e+00, -2.27936342561967725586830943048118169389e+00, 9.18848212884561287315700673083686451679e+00, 1.99007272021719711226853907310084986804e+00, 4.83329683224355730324911132541415996965e+00, 1.35806121208061262744237703514424841455e+00, -1.0920499057321749e+02, 7.5461472735514743e+01
0.69300000, 1.49384665597554471199868612018579485629e+00, -2.27780088765896626819442762365903571713e+00, 9.18571189174705748102058142816060657507e+00, 1.99277909108363002816402000494129816594e+00, 4.83118957743340770004807987051191378054e+00, 1.35948809181160801903420170070054716212e+00, -1.1138972887629174e+02, 7.4582723008341298e+01
0.69400000, 1.49559956101018528925833962558254616793e+00, -2.27623270142083127923252403461468207394e+00, 9.18292917828699751359696047205962466122e+00, 1.99548205489724798429439204003113099574e+00, 4.82907434377030016049163805143349765530e+00, 1.36091720652761961259427192335339723091e+00, -1.1358938315236209e+02, 7.3657540357421293e+01
0.69500000, 1.49735681634689761880895611071862519934e+00, -2.27465883110239855584283185789429357181e+00, 9.18013390881206841188080668604877577093e+00, 1.99818157002760283463362844794084092538e+00, 4.82695107694413481427207345575869075332e+00, 1.36234856724758925591267100975385859246e+00, -1.1580341494032074e+02, 7.2684904301424141e+01
0.69600000, 1.49911844485634190702208466505322626526e+00, -2.27307924056944375777618785885290769039e+00, 9.17732600300998989962245443674123255148e+00, 2.00087759435286925748153842258493241210e+00, 4.82481972209479948557930777064003240487e+00, 1.36378218509763212786608982555818188224e+00, -1.1803125698179119e+02, 7.1663783738047198e+01
0.69700000, 1.50088446961107628759643678461755216669e+00, -2.27149389335226256337803535578246603287e+00, 9.17450537990204887851647540808711226092e+00, 2.00357008525312438994333854667917346386e+00, 4.82268022380474120028228470971290597110e+00, 1.36521807131264452005786241990621676887e+00, -1.2027231236164986e+02, 7.0593137234016933e+01
0.69800000, 1.50265491388805765119870106968610276953e+00, -2.26990275264147583564067617682553388900e+00, 9.17167195783547110341527710208286624310e+00, 2.00625899960351730859408026912402079690e+00, 4.82053252609141240735403612415820912396e+00, 1.36665623723794377217909894176278841605e+00, -1.2252595363160692e+02, 6.9471913339242967e+01
0.69900000, 1.50442980117118230836298563880107680950e+00, -2.26830578128376806272946200354339753887e+00, 9.16882565447567959460951929911623685337e+00, 2.00894429376732620197313290155075506784e+00, 4.81837657239958938891763496148773898215e+00, 1.36809669433094114417479408359496485157e+00, -1.2479152191682879e+02, 6.8299050926172695e+01
0.70000000, 1.50620915515386725720184901360548016670e+00, -2.26670294177755777814397492677332856830e+00, 9.16596638679843769936115000283840300282e+00, 2.01162592358890103104115633261125779953e+00, 4.81621230559356027431390431024470557566e+00, 1.36953945416284843033149240247654641383e+00, -1.2706832600560534e+02, 6.7073479555428844e+01
0.70100000, 1.50799299974167284498397922538299989450e+00, -2.26509419626859863594471277434176239535e+00, 9.16309407108187466887716076764428307527e+00, 2.01430384438648942290415453077957444044e+00, 4.81403966794918001305811046538579952333e+00, 1.37098452842041914313025715865850484601e+00, -1.2935564142208773e+02, 6.5794119868847609e+01
0.70200000, 1.50978135905496763058831114686144222164e+00, -2.26347950654550978595639940083389899342e+00, 9.16020862289839156973984636595117966759e+00, 2.01697801094494349092655765074425885170e+00, 4.81185860114578959941632493771517160546e+00, 1.37243192890772511815436695741761180174e+00, -1.3165270948214629e+02, 6.4459884011071228e+01
0.70300000, 1.51157425743163627326481416196666864459e+00, -2.26185883403523416252704711450008811001e+00, 9.15730995710644530042847675350888827399e+00, 2.01964837750830522077677022208166062962e+00, 4.80966904625799677754563971203192185972e+00, 1.37388166754796941553030742906292049922e+00, -1.3395873633242364e+02, 6.3069676080885790e+01
0.70400000, 1.51337171942983129203183283815426264532e+00, -2.26023213979842326825277369951970787539e+00, 9.15439798784220843394281118763825799165e+00, 2.02231489777226800693178352898238147577e+00, 4.80747094374731539065739992989559803444e+00, 1.37533375638533641833912549089614918464e+00, -1.3627289197268551e+02, 6.1622392613532818e+01
0.70500000, 1.51517376983076955943264921795222813529e+00, -2.25859938452474700104675896586089956049e+00, 9.15147262851110255663463743863639014311e+00, 2.02497752487651186766837251590611171487e+00, 4.80526423345366047042895888260474776428e+00, 1.37678820758688005418994046605221376910e+00, -1.3859430926160075e+02, 6.0116923095261730e+01
0.70600000, 1.51698043364157441327422894727851568018e+00, -2.25696052852812703901039653412925124170e+00, 9.14853379177920272113216712100204721808e+00, 2.02763621139690980854167001623069489602e+00, 4.80304885458669609385543072272785328311e+00, 1.37824503344445109272624507703761128651e+00, -1.4092208290611302e+02, 5.8552150511429577e+01
0.70700000, 1.51879173609816429039374772630381657047e+00, -2.25531553174189226272854699085585514457e+00, 9.14558138956451057766511524881231173016e+00, 2.03029090933760274475056362781193126959e+00, 4.80082474571703296384511866320588257394e+00, 1.37970424637666449926752342252753650432e+00, -1.4325526843459964e+02, 5.6926951929494562e+01
0.70800000, 1.52060770266818880745877934930778428332e+00, -2.25366435371385465883079694806615882244e+00, 9.14261533302809369312583943102639480908e+00, 2.03294157012294033156480499531348032671e+00, 4.79859184476727259706560810658249782786e+00, 1.38116585893090785310370656134947766549e+00, -1.4559288115404790e+02, 5.5240199118290662e+01
0.70900000, 1.52242835905401323532076522517661759502e+00, -2.25200695360130411190778556016262645527e+00, 9.13963553256508851079291558799815486616e+00, 2.03558814458928498909068983590574297199e+00, 4.79635008900289492778502835711975378601e+00, 1.38262988378539186818926893435247996745e+00, -1.4793389509151670e+02, 5.3490759205012290e+01
0.71000000, 1.52425373119575233552489184568597596307e+00, -2.25034329016592045411599262545435519335e+00, 9.13664189779556434575554299655586537366e+00, 2.03823058297667634302864818654267118505e+00, 4.79409941502298605966595040660497389739e+00, 1.38409633375124408415972259855111959345e+00, -1.5027724192019036e+02, 5.1677495371380195e+01
0.71100000, 1.52608384527435455024962001294984183464e+00, -2.24867332176860110301487621886405937821e+00, 9.13363433755524575166637047079803447784e+00, 2.04086883492035323667325579702996555223e+00, 4.79183975875080281859713856474220797580e+00, 1.38556522177464682674951436909754319991e+00, -1.5262180987037381e+02, 4.9799267590502827e+01
0.71200000, 1.52791872771473756022322789884049881587e+00, -2.24699700636420257832481823861386566342e+00, 9.13061275988609053347144453733146623038e+00, 2.04350284944213040116833671823290980054e+00, 4.78957105542417067862827047151035976830e+00, 1.38703656093902056886178883513016497827e+00, -1.5496644262582237e+02, 4.7854933405991055e+01
0.71300000, 1.52975840518897624906080598940236372930e+00, -2.24531430149619414733978767109235402513e+00, 9.12757707202672061817223302886302347736e+00, 2.04613257494162680089931833823532562811e+00, 4.78729323958571154984009762604871974789e+00, 1.38851036446725385676340849147963122816e+00, -1.5730993820584635e+02, 4.5843348754928432e+01
0.71400000, 1.53160290461954413700171917865045848149e+00, -2.24362516429122180664061477668992416047e+00, 9.12452718040270293141775964295018059781e+00, 2.04875795918734259882213915006392274610e+00, 4.78500624507289783147053417878288160633e+00, 1.38998664572398100019068232090971283589e+00, -1.5965104783368065e+02, 4.3763368836344154e+01
0.71500000, 1.53345225318260937222378076366027730033e+00, -2.24192955145358076449773825855466288279e+00, 9.12146299061667736175487931356506861843e+00, 2.05137894930758161243100461310396096583e+00, 4.78271000500792904575684129946583036553e+00, 1.39146541821790876059156613272906052691e+00, -1.6198847479166172e+02, 4.1613849026881325e+01
0.71600000, 1.53530647831138639378604505148356613069e+00, -2.24022741925959454388945179826489237374e+00, 9.11838440743832882663005171939109932387e+00, 2.05399549178121605489215605925767034809e+00, 4.78040445178742727767415583655810975450e+00, 1.39294669560419330833930095580992627318e+00, -1.6432087326381009e+02, 3.9393645845399201e+01
0.71700000, 1.53716560769954440682765150835736755436e+00, -2.23851872355189878035495475349339469198e+00, 9.11529133479420038468332979531068087455e+00, 2.05660753242829027755130466570969545048e+00, 4.77808951707194755297748541141244126603e+00, 1.39443049168686875757277110313941177195e+00, -1.6664684716647527e+02, 3.7101617968294586e+01
0.71800000, 1.53902966930467383794665055544592905431e+00, -2.23680341973362774191148165840687904023e+00, 9.11218367575734426744958564174704407791e+00, 2.05921501640046014948986514942311493933e+00, 4.77576513177529919161191746412717324669e+00, 1.39591682042132862639416049641893815143e+00, -1.6896494896776170e+02, 3.4736627297374504e+01
0.71900000, 1.54089869135181196672201504219442946854e+00, -2.23508146276250154995063050787138394398e+00, 9.10906133253680763022631134187696390098e+00, 2.06181788817126462698852198848013310694e+00, 4.77343122605367407556561111779256544008e+00, 1.39740569591686161053035056598102603738e+00, -1.7127367849651978e+02, 3.2297540082159605e+01
0.72000000, 1.54277270233702895814662215273478654649e+00, -2.23335280714481203034846721536032810659e+00, 9.10592420646694974652280224979254271672e+00, 2.06441609152622598058233922110038730805e+00, 4.77108772929457766952099741383653588405e+00, 1.39889713243924310028831019798484759852e+00, -1.7357148174175510e+02, 2.9783228098545371e+01
0.72100000, 1.54465173103107555033215842362589174323e+00, -2.23161740692930507293328570272273420880e+00, 9.10277219799658729311131177373303971105e+00, 2.06700956955277505978329096882585427817e+00, 4.76873457010555852912764811731996007385e+00, 1.40039114441338391375571600360163262760e+00, -1.7585674964338129e+02, 2.7192569885796117e+01
0.72200000, 1.54653580648309368225271355427457557609e+00, -2.22987521570095732490871951812278801632e+00, 9.09960520667796429319395369710906881022e+00, 2.06959826462999788542468885922621558771e+00, 4.76637167630273192528883631561020463795e+00, 1.40188774642603776376738968467904087114e+00, -1.7812781687531868e+02, 2.4524452043894748e+01
0.72300000, 1.54842495802439137753715031650716493624e+00, -2.22812618657464498978127710791257708230e+00, 9.09642313115554320351467611370325706101e+00, 2.07218211841819976686558644910325157265e+00, 4.76399897489909310343336264438316816125e+00, 1.40338695322856902222905212375727523949e+00, -1.8038296062202141e+02, 2.1777770593319441e+01
0.72400000, 1.55031921527228323242686659712391592913e+00, -2.22637027218870244774166598620463277795e+00, 9.09322586915461354731627743987511885732e+00, 2.07476107184828304589693314763631344194e+00, 4.76161639209261558424222449451440849852e+00, 1.40488877973978239301768370523248420933e+00, -1.8262039934960019e+02, 1.8951432399366456e+01
0.72500000, 1.55221860813399788901186527840830642759e+00, -2.22460742469836835624808304276139465948e+00, 9.09001331746971440879861630866139728181e+00, 2.07733506511093447102700588486528493144e+00, 4.75922385325412979662052693999841074466e+00, 1.40639324104881615391995818426871943751e+00, -1.8483829157279736e+02, 1.6044356663186329e+01
0.72600000, 1.55412316681065390877157909505009419344e+00, -2.22283759576911683070475633109879485449e+00, 9.08678537195286701610393337674277292956e+00, 2.07990403764561810480020643869765362519e+00, 4.75682128291497721474982754111015722420e+00, 1.40790035241810067898658550329793257792e+00, -1.8703473461916431e+02, 1.3055476481748455e+01
0.72700000, 1.55603292180130549630605145572269151281e+00, -2.22106073656987124456630767911449761270e+00, 9.08354192750161354876412803195171399444e+00, 2.08246792812936956282605106265707364378e+00, 4.75440860475443504872270144930372476197e+00, 1.40941012928638400533314846787400765318e+00, -1.8920776339188987e+02, 9.9837404789965178e+00
0.72800000, 1.55794790390705955897720512623412981604e+00, -2.21927679776609812587187191317275208411e+00, 9.08028287804685821191592141609425825577e+00, 2.08502667446538727616596961735471841069e+00, 4.75198574158690641244409308415233137705e+00, 1.41092258727182626287183084433471532512e+00, -1.9135534913283171e+02, 6.8281145105041813e+00
0.72900000, 1.55986814423526562501939277281586709222e+00, -2.21748572951277856306421157639066078919e+00, 9.07700811654050652334342790871270956185e+00, 2.08758021377141635854260119239619568897e+00, 4.74955261534887076307380346084422566101e+00, 1.41243774217516484178058880906849393476e+00, -1.9347539818741130e+02, 3.5875834439868450e+00
0.73000000, 1.56179367420378018055460719366943588587e+00, -2.21568748144725446691802502908927448911e+00, 9.07371753494289866046132244083560571098e+00, 2.09012848236792054639405484617598462692e+00, 4.74710914708558927316837030692487733935e+00, 1.41395560998295223077680030690503841815e+00, -1.9556575077314682e+02, 2.6115301807084281e-01
0.73100000, 1.56372452554530702489309993582102260338e+00, -2.21388200268194696742575893029395566424e+00, 9.07041102421003261262023141963210183291e+00, 2.09267141576603756298457941390975998596e+00, 4.74465525693755965974192606238822009758e+00, 1.41547620687086851953404838124264176234e+00, -1.9762417975371800e+02, -3.1521482182338266e+00
0.73200000, 1.56566073031181528354829489484030262932e+00, -2.21206924179694415450369045412472424447e+00, 9.06708847428057277951091070996327120364e+00, 2.09520894865531313748962330818435872445e+00, 4.74219086412671485358369623510012223893e+00, 1.41699954920711062093921096335294259431e+00, -1.9964838942058192e+02, -6.6532668828675704e+00
0.73300000, 1.56760232087903675958052459796943985373e+00, -2.21024914683245529931862237029991188596e+00, 9.06374977406263954887383085469683946198e+00, 2.09774101489120878607944759219718794178e+00, 4.73971588694235974721984920551059713877e+00, 1.41852565355586033341126926392230035656e+00, -2.0163601428429033e+02, -1.0243122652330099e+01
0.73400000, 1.56954932995104434624319668615214085045e+00, -2.20842166528112861882651445822010929296e+00, 9.06039481142037527609138080217041665468e+00, 2.10026754748237833440890476465202205161e+00, 4.73723024272684011076039465756583148503e+00, 1.42005453668083343027524296904825389780e+00, -2.0358461787779610e+02, -1.3922606064991360e+01
0.73500000, 1.57150179056491326747469637839437751496e+00, -2.20658674408022956968643132596567389483e+00, 9.05702347316028197445310441734235550992e+00, 2.10278847857770802945468463084556971515e+00, 4.73473384786093761139430856153174899376e+00, 1.42158621554891203228978955361957807153e+00, -2.0549169157418091e+02, -1.7692576233492603e+01
0.73600000, 1.57345973609546695759811809612938435790e+00, -2.20474432960367657899128084695699923174e+00, 9.05363564501732590783881257785178440466e+00, 2.10530373945311495319338727732865618633e+00, 4.73222661774898471435002712081802715990e+00, 1.42312070733386259095413222863069293670e+00, -2.0735465342138628e+02, -2.1553858463588512e+01
0.73700000, 1.57542320026010943769860613767978085212e+00, -2.20289436765393103816308622211166648049e+00, 9.05023121164080415715508372706970215301e+00, 2.10781326049809831104729493450697663822e+00, 4.72970846680369308058115620956339361474e+00, 1.42465802942014188426161129047688338146e+00, -2.0917084699668825e+02, -2.5507241776746362e+01
0.73800000, 1.57739221712374609358587058747841291663e+00, -2.20103680345373830281417432604348789554e+00, 9.04681005657996810797885669020155956344e+00, 2.11031697120203802419750352495767609972e+00, 4.72717930843068890912103808534024855610e+00, 1.42619819940679350321959024258666054487e+00, -2.1093754028382031e+02, -2.9553476333785648e+01
0.73900000, 1.57936682110379480905997346352064954612e+00, -2.19917158163771635529280679885936958231e+00, 9.04337206226939867939492900743575031941e+00, 2.11281480014023490662848323177934607269e+00, 4.72463905501274849982197313000150838738e+00, 1.42774123511143738681895833929952351416e+00, -2.1265192457582176e+02, -3.3693270756811884e+01
0.74000000, 1.58134704697528945842589181765321669131e+00, -2.19729864624378869792537120007923375021e+00, 9.03991711001412798284556696607712461956e+00, 2.11530667495968655497079310701853087317e+00, 4.72208761789372713489741449131425072515e+00, 1.42928715457435504531545976798184568826e+00, -2.1431111340686832e+02, -3.7927289346671570e+01
0.74100000, 1.58333292987607781389235388397214662996e+00, -2.19541794070445795354690669343670507281e+00, 9.03644507997450196481928484716784464956e+00, 2.11779252236459292169024698200500542182e+00, 4.71952490736217419515488404294924618214e+00, 1.43083597606267319678826963261767569497e+00, -2.1591214151653012e+02, -4.2256149193132051e+01
0.74200000, 1.58532450531211597669031992343367589550e+00, -2.19352940783791655568361846795751292377e+00, 9.03295585115077844826698154911881782772e+00, 2.12027226810158537976677305840778576264e+00, 4.71695083263462723887459001411433415437e+00, 1.43238771807464863008185933255617465995e+00, -2.1745196385009781e+02, -4.6680417174970425e+01
0.74300000, 1.58732180916286149550522511766341043330e+00, -2.19163298983899081361768510496092904682e+00, 9.02944930136745484461732870415084402295e+00, 2.12274583694467291954250404855860540524e+00, 4.71436530183857757777879010089633365734e+00, 1.43394239934405719853318618947654480409e+00, -2.1892745459882282e+02, -5.1200606847140244e+01
0.74400000, 1.58932487768676739218544147369450979833e+00, -2.18972862826991453742487015304146990534e+00, 9.02592530725731966103517861078828051740e+00, 2.12521315267989894571749607761973552813e+00, 4.71176822199509968526879501901447486365e+00, 1.43550003884468994346045521738899464392e+00, -2.2033540628413065e+02, -5.5817175212173902e+01
0.74500000, 1.59133374752687937271987968754812086457e+00, -2.18781626405092830482407987267248557228e+00, 9.02238374424522177598750698020600207476e+00, 2.12767413808970196434706894152229246904e+00, 4.70915949900113656689280740268591961923e+00, 1.43706065579495944437011624091665686842e+00, -2.2167252889008904e+02, -6.0530519372972622e+01
0.74600000, 1.59334845571653856122464719618649997877e+00, -2.18589583745070034520584327271923452903e+00, 9.01882448653155130010664652006762725434e+00, 2.13012871493697326595389658609501101290e+00, 4.70653903761143301165467648147277663004e+00, 1.43862426966261959435871610572082714626e+00, -2.2293544904864452e+02, -6.5340973064135528e+01
0.74700000, 1.59536903968519215619856120562002280704e+00, -2.18396728807656490640024692070285125597e+00, 9.01524740707542567862064045431074190311e+00, 2.13257680394880452130978587932467983562e+00, 4.70390674142010842508049475625341619928e+00, 1.44019090016960210438465735599701130064e+00, -2.2412070928238217e+02, -7.0248803058984639e+01
0.74800000, 1.59739553726431447165846600629738542809e+00, -2.18203055486457385648621086877013274566e+00, 9.01165237757757452610029321319222465561e+00, 2.13501832479991801085768146873368441220e+00, 4.70126251284186072071913493305635576608e+00, 1.44176056729697314910659866768786731462e+00, -2.2522476730981518e+02, -7.5254205449454503e+01
0.74900000, 1.59942798669344089100820657581334606127e+00, -2.18008557606935715611058443190413862328e+00, 9.00803926846291651379104751451133249813e+00, 2.13745319609577200691657724781429089879e+00, 4.69860625309279251574942523686616862365e+00, 1.44333329129001367998104897189377754538e+00, -2.2624399541847196e+02, -8.0357301796034014e+01
0.75000000, 1.60146642662631732869243514319070384099e+00, -2.17813228925378771624997852355994614464e+00, 9.00440794886282145418835847200286136360e+00, 2.13988133535533361951471973177954567485e+00, 4.69593786217085063837826091761133009396e+00, 1.44490909266342704843891228228234465616e+00, -2.2717467991132074e+02, -8.5558135144974337e+01
0.75100000, 1.60351089613716786390311504624977500485e+00, -2.17617063127844603197809877409541027368e+00, 9.00075828659705054660476969785561477745e+00, 2.14230265899351120169465501066142042287e+00, 4.69325723883586970951031674485031880621e+00, 1.44648799220667770338324933162941296559e+00, -2.2801302063235440e+02, -9.0856665910011495e+01
0.75200000, 1.60556143472708328190993819555781135116e+00, -2.17420053829087985445890276510590044975e+00, 8.99709014815536756108599578607034853418e+00, 2.14471708230323818818267440684962165963e+00, 4.69056428058921030851283740718692185153e+00, 1.44807001098946485313920853992497146608e+00, -2.2875513057745188e+02, -9.6252767615895616e+01
0.75300000, 1.60761808233053333204564338780951104377e+00, -2.17222194571465403092798631631545032700e+00, 8.99340339867881354597586088047251761856e+00, 2.14712451943720001216048190395303842220e+00, 4.68785888365298197254153261553229867347e+00, 1.44965517036733511252008534928464435724e+00, -2.2939703559693765e+02, -1.0174622250107187e+02
0.75400000, 1.60968087932200558706571737147555206519e+00, -2.17023478823818550570228762590239924040e+00, 8.98969790194063744651285231081565385558e+00, 2.14952488338919550825347353710467336934e+00, 4.68514094294884101058049232474992084256e+00, 1.45124349198743829103653403484806200419e+00, -2.2993467419657747e+02, -1.0733671697692149e+02
0.75500000, 1.61174986652277386659413490434706156643e+00, -2.16823899980335833411658141606777723775e+00, 8.98597352032687481786399360767663046987e+00, 2.15191808597512396548206110016508490484e+00, 4.68241035207635283681585645913324727519e+00, 1.45283499779443061866275534799083267928e+00, -2.3036389744407659e+02, -1.1302383694104566e+02
0.75600000, 1.61382508520779926774036047936356458285e+00, -2.16623451359391341556316940457449916599e+00, 8.98223011481656660575685303761661141038e+00, 2.15430403781358874152281788151040272192e+00, 4.67966700329090824293597581721825956895e+00, 1.45442971003652985118598690905553141300e+00, -2.3068046898848759e+02, -1.1880706294216158e+02
0.75700000, 1.61590657711276692880837165614218084700e+00, -2.16422126202360750134098791797082009039e+00, 8.97846754496160975114206231662400383650e+00, 2.15668264830610808889584036179454784315e+00, 4.67691078748118273514655940325588804410e+00, 1.45602765127172684821446987962097612704e+00, -2.3088006520028728e+02, -1.2468576519427901e+02
0.75800000, 1.61799438444126173739953158890005421666e+00, -2.16219917672413587762756682136834689813e+00, 8.97468566886623115188283301955198015550e+00, 2.15905382561692357432217617474725786977e+00, 4.67414159414612775881435746841645305770e+00, 1.45762884437415837362395399210746980796e+00, -2.3095827544024771e+02, -1.3065919843793896e+02
0.75900000, 1.62008854987208628222439627825890156422e+00, -2.16016818853281296339029068489964365658e+00, 8.97088434316607628409222403777856703919e+00, 2.16141747665239619415607162935810260743e+00, 4.67135931137148232140341780751877545701e+00, 1.45923331254064603081290237761673416720e+00, -2.3091060246560383e+02, -1.3672649664642352e+02
0.76000000, 1.62218911656672443867387515579515859816e+00, -2.15812822748000489726320607972782939017e+00, 8.96706342300690354818207042712750386343e+00, 2.16377350703998000115319311757866388348e+00, 4.66856382580579320242923376100185427567e+00, 1.46084107929740641385093571248777534430e+00, -2.3073246298241182e+02, -1.4288666757498982e+02
0.76100000, 1.62429612817695407175081172165294381909e+00, -2.15607922277630801613539621665626755254e+00, 8.96322276202287515969904280308566531656e+00, 2.16612182110676276053575044545826745556e+00, 4.66575502263593160720236031898514828588e+00, 1.46245216850693773069312802193406671875e+00, -2.3041918835339538e+02, -1.4913858715134137e+02
0.76200000, 1.62640962885261243642574472352347629308e+00, -2.15402110279946695122179998845486720213e+00, 8.95936221231443515234316680116579752973e+00, 2.16846232185756284599164186072754030051e+00, 4.66293278556209377882691225404822225726e+00, 1.46406660437508833635476830087650638396e+00, -2.2996602547099502e+02, -1.5548099370572877e+02
0.76300000, 1.62852966324951795495571280215986388262e+00, -2.15195379508102588450390085380135876400e+00, 8.95548162442576479992218219686847496835e+00, 2.17079491095257126851488113967830648718e+00, 4.66009699677227272991137349787351301140e+00, 1.46568441145831280256867758321818442237e+00, -2.2936813780576545e+02, -1.6191248203926978e+02
0.76400000, 1.63065627653755215329661988625020765774e+00, -2.14987722629270631941370157279300925817e+00, 8.95158084732180549511081910377514613778e+00, 2.17311948868452740245995336457297451800e+00, 4.65724753691618789137749621159217383421e+00, 1.46730561467112134626349042081380803015e+00, -2.2862060664071050e+02, -1.6843149732929711e+02
0.76500000, 1.63278951440890564455596274655968641045e+00, -2.14779132223250452425831589226093989953e+00, 8.94765972836483884546600469343167947317e+00, 2.17543595395541663342768508890208225266e+00, 4.65438428507865910024301214589238304251e+00, 1.46893023929372864250220800874997918801e+00, -2.2771843250260212e+02, -1.7503632887078344e+02
0.76600000, 1.63492942308649215658580963189875119305e+00, -2.14569600781050160490313999553419419699e+00, 8.94371811329061346089445377976278159495e+00, 2.17774420425267780119123003002310089793e+00, 4.65150711875241096091731435259730371348e+00, 1.47055831097990825861447194919280272029e+00, -2.2665653680180127e+02, -1.8172510365315669e+02
0.76700000, 1.63707604933253471342224750186246646136e+00, -2.14359120703437895439757301180023864766e+00, 8.93975584618400761136350335291155887367e+00, 2.18004413562490794735576923926394793053e+00, 4.64861591381029321498424000493928488090e+00, 1.47218985576505916546557787471386662365e+00, -2.2542976369258275e+02, -1.8849577977210809e+02
0.76800000, 1.63922944045732819645796260944934723919e+00, -2.14147684299463161127669550322853867481e+00, 8.93577276945421662876258534670751662684e+00, 2.18233564265705150135291684136170884741e+00, 4.64571054447690234223628736561502107652e+00, 1.47382490007449100946657098287228423618e+00, -2.2403288216646420e+02, -1.9534613967631121e+02
0.76900000, 1.64138964432818263111468614701129214214e+00, -2.13935283784947183493215726414782355522e+00, 8.93176872380945361212172939986468553170e+00, 2.18461861844506064920860568584947009448e+00, 4.64279088329958919043884991922359809055e+00, 1.47546347073193506539395186547792757082e+00, -2.2246058839155035e+02, -2.0227378324931416e+02
0.77000000, 1.64355670937855166849223980223193881245e+00, -2.13721911280941497543113849817988533526e+00, 8.92774354823115167052191280451556147766e+00, 2.18689295457001322677801488647473109602e+00, 4.63985680111883699249475336323756008076e+00, 1.47710559496828803572114644398924844722e+00, -2.2070750831142850e+02, -2.0927612072724115e+02
0.77100000, 1.64573068461735085914618769242871801659e+00, -2.13507558812153947617685773790115919520e+00, 8.92369707994765560262295034692431215029e+00, 2.18915854107167406227710493577188200248e+00, 4.63690816703799367688597087111628732942e+00, 1.47875130043059611734970825972883395389e+00, -2.1876820051768793e+02, -2.1635036545334585e+02
0.77200000, 1.64791161963847044792719897505128974056e+00, -2.13292218305341260053822444552459868425e+00, 8.91962915440739056540642415563681241730e+00, 2.19141526642148526139828540975113317661e+00, 4.63394484839234191001175568315698468083e+00, 1.48040061519128702176589181366393719908e+00, -2.1663715941068629e+02, -2.2349352647089879e+02
0.77300000, 1.65009956463048755484815162752386476352e+00, -2.13075881587667321770709037690838199612e+00, 8.91553960525149492708720914927518362716e+00, 2.19366301749497048149379662049465405697e+00, 4.63096671071748982682431047753804105340e+00, 1.48205356775765791015512362857572902611e+00, -2.1430881866374795e+02, -2.3070240095636701e+02
0.77400000, 1.65229457038658274738143804438586232443e+00, -2.12858540385026271823243036552998056168e+00, 8.91142826428590412977494938825174407159e+00, 2.19590167954353777863489871642934832846e+00, 4.62797361771706490847049198302136354935e+00, 1.48371018708162749131887294746216227890e+00, -2.1177755500655314e+02, -2.3797356649535814e+02
0.77500000, 1.65449668831466615458645570147341797548e+00, -2.12640186320329485558038480095711040289e+00, 8.90729496145287200593737597252438227776e+00, 2.19813113616566513217125961952317401285e+00, 4.62496543122969295194850997652334922740e+00, 1.48537050256976082781071600095888741823e+00, -2.0903769234406191e+02, -2.4530337320435553e+02
0.77600000, 1.65670597044771842318963300633693911910e+00, -2.12420810911755502631085275795894452141e+00, 8.90313952480191559858439796743219327604e+00, 2.20035126927745225505800651233947104848e+00, 4.62194201119524354653064715332096014707e+00, 1.48703454409357570501647705126901241637e+00, -2.0608350622791250e+02, -2.5268793570186816e+02
0.77700000, 1.65892246945435197035672871850671583896e+00, -2.12200405570961920766266618758894313461e+00, 8.89896178046016912789124224463715204753e+00, 2.20256195908252178399302347954514559092e+00, 4.61890321562032292431548600035578278178e+00, 1.48870234200013973944387995050087483150e+00, -2.0290922869783933e+02, -2.6012312493326132e+02
0.77800000, 1.66114623864959814758642950609811371707e+00, -2.11978961601258246710096817187589832459e+00, 8.89476155260213232622760679131650966171e+00, 2.20476308404125241058833591138014204213e+00, 4.61584890054299448716432317195894305711e+00, 1.49037392712296773677897904561757418513e+00, -1.9950905351126984e+02, -2.6760455985422418e+02
0.77900000, 1.66337733200592609509931704725845308748e+00, -2.11756470195738664328536256041032362676e+00, 8.89053866341879792875528570418774916224e+00, 2.20695452083932596262821244578812322478e+00, 4.61277891999670672883355320648355691860e+00, 1.49204933079322915785176146655273748725e+00, -1.9587714177988213e+02, -2.7512759897857109e+02
0.78000000, 1.66561580416449923648823274631120194890e+00, -2.11532922435373647153038917953167199367e+00, 8.88629293308614265737604200744744294950e+00, 2.20913614435556987215001500806303869947e+00, 4.60969312597340766870306313948982319680e+00, 1.49372858485127591209797599337978821614e+00, -1.9200762803253391e+02, -2.8268733179686698e+02
0.78100000, 1.66786171044667553943368446576163225261e+00, -2.11308309287059308869630142426507789091e+00, 8.88202417973296557131032198038182525116e+00, 2.21130782762907587379290277169911938396e+00, 4.60659136838582429146265336071658554444e+00, 1.49541172165850107400006420792700671617e+00, -1.8789462672460814e+02, -2.9027857007321789e+02
0.78200000, 1.67011510686575785017789528348593072834e+00, -2.11082621601623350209314274800943726397e+00, 8.87773221940805717739910789404126172517e+00, 2.21346944182557516172751318007493923193e+00, 4.60347349502888484477324827770680299888e+00, 1.49709877410953950895519901446353902876e+00, -1.8353223921445891e+02, -2.9789583902847643e+02
0.78300000, 1.67237605013900079740834316209806331183e+00, -2.10855850111786424390868168730684922388e+00, 8.87341686604668219675590101571420917738e+00, 2.21562085620304959560028611643049395018e+00, 4.60033935154026118356192306652214783364e+00, 1.49878977564482180169878160853885647509e+00, -1.7891456122828197e+02, -3.0553336841908445e+02
0.78400000, 1.67464459769988095544977194959330435902e+00, -2.10627985430077705636256807566165881186e+00, 8.86907793143635837103930136584220091682e+00, 2.21776193807655788435108130909697157592e+00, 4.59718878136000766450911908514204221255e+00, 1.50048476026349330348225246083385787628e+00, -1.7403569083537580e+02, -3.1318508352181239e+02
0.78500000, 1.67692080771063715743527133871796857314e+00, -2.10399018046703406270347316545365473698e+00, 8.86471522518191316072928655390597819799e+00, 2.21989255278225499050031884445595200980e+00, 4.59402162568927238668637143380698151853e+00, 1.50218376253671055437004693640510579562e+00, -1.6888973695639847e+02, -3.2084459603576193e+02
0.78600000, 1.67920473907508805666413935077570639266e+00, -2.10168938327366947473684413564790243294e+00, 8.86032855466979963870592341552059934764e+00, 2.22201256364058228551423617937544474045e+00, 4.59083772344805584341999683653551210952e+00, 1.50388681762132779501905069408539775083e+00, -1.6347082842786178e+02, -3.2850519491417802e+02
0.78700000, 1.68149645145173424890869417511018972196e+00, -2.09937736511039446820641485746308072869e+00, 8.85591772503165231445396402689716183349e+00, 2.22412183191860524805789717047123323574e+00, 4.58763691123199129547917470639427229025e+00, 1.50559396127398675890528945046617313241e+00, -1.5777312364673348e+02, -3.3615983713987265e+02
0.78800000, 1.68379600526715249026609258280463574798e+00, -2.09705402707679142243397836833828395669e+00, 8.85148253910706303662767493979176647856e+00, 2.22622021679147473019845766982874175452e+00, 4.58441902326812039577554343341081569388e+00, 1.50730522986562343197187936633786122039e+00, -1.5179082081963883e+02, -3.4380113845939873e+02
0.78900000, 1.68610346172968977453735751576865182255e+00, -2.09471926895898326950204252738072569923e+00, 8.84702279740555651375410427499788586147e+00, 2.22830757530298702073570173970227734082e+00, 4.58118389136963679004584347622487772837e+00, 1.50902066039640598293087100162363065859e+00, -1.4551816884176083e+02, -3.5142136409253363e+02
0.79000000, 1.68841888284346527133823304663876045881e+00, -2.09237298920576323026603774099923348912e+00, 8.84253829806774436374489038776734369596e+00, 2.23038376232521710856676058305402611839e+00, 4.57793134488956958556844063825832476788e+00, 1.51074029051111860483895426047991806884e+00, -1.3894947883113112e+02, -3.5901241943514004e+02
0.79100000, 1.69074233142268837150088613970550524681e+00, -2.09001508490416972889869275624711758342e+00, 8.83802883682563595180859996174758746601e+00, 2.23244863051719869103201367865907618996e+00, 4.57466121067337771990604065665175614341e+00, 1.51246415851500656800221499195669537501e+00, -1.3207913634457651e+02, -3.6656584077507396e+02
0.79200000, 1.69307387110630134011980493652060484483e+00, -2.08764545175449077375822889716429294357e+00, 8.83349420696208360245473109004780358561e+00, 2.23450203028262358117226014949923370541e+00, 4.57137331301042537300488204881109348616e+00, 1.51419230339009836670896981245331517761e+00, -1.2490161430213623e+02, -3.7407278604250698e+02
0.79300000, 1.69541356637295534015022811474259347364e+00, -2.08526398404468156935889608490207149379e+00, 8.82893419926933907366794743231054061194e+00, 2.23654380972653224232094964684092437974e+00, 4.56806747358430764771542580735091372126e+00, 1.51592476481202144874633510123882874315e+00, -1.1741148664728658e+02, -3.8152402561783003e+02
0.79400000, 1.69776148255632886111716857652993735450e+00, -2.08287057462417858129565460485406696095e+00, 8.82434860200669745907990733134669891902e+00, 2.23857381461096621695859648677474017543e+00, 4.56474351142199479489610896479188184563e+00, 1.51766158316732864817522299624125929346e+00, -1.0960344277079926e+02, -3.8890993322221031e+02
0.79500000, 1.70011768586079786858563168898584431322e+00, -2.08046511487709271228503990808155339374e+00, 8.81973720085720393610960679901639579371e+00, 2.24059188830955221769631661200108747741e+00, 4.56140124284176227864879614058395202778e+00, 1.51940279957135309951701013691118683207e+00, -1.0147230272651061e+02, -3.9622047691788883e+02
0.79600000, 1.70248224337746728094065505504236155185e+00, -2.07804749469476366214201156498186763838e+00, 8.81509977888339800357331477835921037439e+00, 2.24259787176098660998261697251556561389e+00, 4.55804048139987296380329950001360378697e+00, 1.52114845588661009648994638612196950193e+00, -9.3013033267686648e+01, -4.0344521024743649e+02
0.79700000, 1.70485522310057368110728691496914013410e+00, -2.07561760244765693658644171916284455529e+00, 8.81043611648206905013030581360403770545e+00, 2.24459160342138793691307143839799489209e+00, 4.55466103783597666037112009151119704528e+00, 1.52289859474176507192309772325573729135e+00, -8.4220764733026015e+01, -4.1057326354343675e+02
0.79800000, 1.70723669394426948249954892318641483794e+00, -2.07317532495658433828722046860769122962e+00, 8.80574599133799626403352705653156015701e+00, 2.24657291921548401455310006546483076603e+00, 4.55126272001719117713774340865948702325e+00, 1.52465325955118761872310557796309895615e+00, -7.5090808811643587e+01, -4.1759333544243836e+02
0.79900000, 1.70962672575979909113451914466564311166e+00, -2.07072054746322811748465533598848793629e+00, 8.80102917837664503385024175153934419354e+00, 2.24854165248659895955785151230382462094e+00, 4.54784533288082791762944220695721883069e+00, 1.52641249453511224608379962229934252928e+00, -6.5618677216613683e+01, -4.2449368463952638e+02
0.80000000, 1.71202538935307793991117838025301595972e+00, -2.06825315359994827781194842454605635460e+00, 8.79628544971579109791181423790884285038e+00, 2.25049763394540429759493157662431499494e+00, 4.54440867837572389510302272783552845209e+00, 1.52817634474042737187940880058347040179e+00, -5.5800101296815752e+01, -4.3126212192249876e+02
0.80100000, 1.71443275650268561698020195100404406511e+00, -2.06577302535885182444164751531035177705e+00, 8.79151457461604277599709150980317920321e+00, 2.25244069161739703905183013095694533189e+00, 4.54095255540214084764975699603036704862e+00, 1.52994485606211489279927665810563524960e+00, -4.5631052616908465e+01, -4.3788600252741540e+02
0.80200000, 1.71684889997828466838629296838000106854e+00, -2.06328004306010200523656363713655870620e+00, 8.78671631943023065884845453965490952334e+00, 2.25437065078906629554314639362086868644e+00, 4.53747675975019089861700073691494566515e+00, 1.53171807526536354976065508656798515811e+00, -3.5107764535250812e+01, -4.4435221886020949e+02
0.80300000, 1.71927389355947702623492935519399266858e+00, -2.06077408531944482995323756225907718259e+00, 8.78189044755163313820430830637750075437e+00, 2.25628733395270864451665135780298024097e+00, 4.53398108403674692992509679630913503279e+00, 1.53349605000838021903877782471355036429e+00, -2.4226754809481105e+01, -4.5064719363212444e+02
0.80400000, 1.72170781205511039802763204941821777231e+00, -2.05825502901492935643615673857142733648e+00, 8.77703671936100513068713005108513198402e+00, 2.25819056074985102737027955185070821340e+00, 4.53046531764079451503733780412532266553e+00, 1.53527882886592421101280959152322702326e+00, -1.2984849259245674e+01, -4.5675687345996687e+02
0.80500000, 1.72415073132304735105327836428798817311e+00, -2.05572274925279740479595425171028939563e+00, 8.77215489217237628162970025034688807332e+00, 2.26008014791323848639134832201036291906e+00, 4.52692924663718089282161885572881916792e+00, 1.53706646135359065014866164334860694580e+00, -1.3792065152269632e+00, -4.6266672298555266e+02
0.80600000, 1.72660272829041023837000259192325560978e+00, -2.05317711933251749936162922793073223521e+00, 8.76724472017758382820516280585517239113e+00, 2.26195590920734250484369268156132255159e+00, 4.52337265372871505176745529426171251059e+00, 1.53885899795287004360790146846725495033e+00, 1.0592656116857184e+01, -4.6836171957227331e+02
0.80700000, 1.72906388097431554053959406839582200055e+00, -2.05061801071093694224220980179201697191e+00, 8.76230595438950415343110408864623140770e+00, 2.26381765536734410985198988570744428106e+00, 4.51979531817657153438215854092094627418e+00, 1.54065649013701222354881344573001386143e+00, 2.2932835649238462e+01, -4.7382634864042838e+02
0.80800000, 1.73153426850311164048629052668431690670e+00, -2.04804529296552499006019972320625534427e+00, 8.75733834258394587205315648477400194453e+00, 2.26566519403654422641689796271067586764e+00, 4.51619701572894906242188400614558181347e+00, 1.54245899039772397171716504251600333860e+00, 3.5643015234813788e+01, -4.7904459970686062e+02
0.80900000, 1.73401397113813450827352112476538165070e+00, -2.04545883375667913518276036298908111481e+00, 8.75234162924016605421264426530137810064e+00, 2.26749832970215202984100285584998990087e+00, 4.51257751854793352319799787621082523287e+00, 1.54426655227273080634333872456965662148e+00, 4.8724434793309025e+01, -4.8399996319849762e+02
0.81000000, 1.73650307029599624888263800044802176847e+00, -2.04285849878906548285000939538316071273e+00, 8.74731555547996991131832351369871494278e+00, 2.26931686362940022979656953192173377140e+00, 4.50893659513451324376045153577372434905e+00, 1.54607923037423463279266109655040956519e+00, 6.2177860415775170e+01, -4.8867542811365138e+02
0.81100000, 1.73900164857142195992366048304076169546e+00, -2.04024415177196316416970973314145631264e+00, 8.74225985900535293874307721368092152261e+00, 2.27112059379393432879685308017707922235e+00, 4.50527401025169281146237607624509134308e+00, 1.54789708041830023307474989771841799592e+00, 7.6003552523683014e+01, -4.9305348060935748e+02
0.81200000, 1.74150978976065085832721345047930809084e+00, -2.03761565437858163010941448162281988869e+00, 8.73717427403464312983300196567375992442e+00, 2.27290931481242092734153155166815778706e+00, 4.50158952484564997435812452099902750137e+00, 1.54972015925520489752144689214015900464e+00, 9.0201232760497452e+01, -4.9711610359765230e+02
0.81300000, 1.74402757888541816620940995390344339953e+00, -2.03497286620431853137005369912485919000e+00, 8.73205853123709944313646965175305935340e+00, 2.27468281787131809370518436890689893664e+00, 4.49788289596487837112248238174848037232e+00, 1.55154852490078688710955175401367687750e+00, 1.0477004959548211e+02, -5.0084477743849122e+02
0.81400000, 1.74655510221753479705187567980267744654e+00, -2.03231564472392470126671538540104724854e+00, 8.72691235766592121752491960543291810051e+00, 2.27644089065374867423986544916709873053e+00, 4.49415387667725699567981774107469339923e+00, 1.55338223656882985955858897132818278958e+00, 1.1970854262163055e+02, -5.0422048182200543e+02
0.81500000, 1.74909244730408245491789232876956004136e+00, -2.02964384524754152126357922478255192847e+00, 8.72173547668962168567351034533172445596e+00, 2.27818331726441518597444000770518408716e+00, 4.49040221598498539441101861804501934377e+00, 1.55522135470452189911026673305476619409e+00, 1.3501460553206572e+02, -5.0722369893797951e+02
0.81600000, 1.75163970299324235249104839310591184665e+00, -2.02695732087557465928812000533566926513e+00, 8.71652760792171713277903001144819902708e+00, 2.27990987815249260279987038319279920863e+00, 4.48662765873732162150829850765803566105e+00, 1.55706594101902936154508397409122557893e+00, 1.5068544776201903e+02, -5.0983441803580751e+02
0.81700000, 1.75419695946077636917294702783852972881e+00, -2.02425592245236682694292769753832002238e+00, 8.71128846714868158188234994607259186418e+00, 2.28162035003243291498354108021766005191e+00, 4.48282994554105793854938575587993283299e+00, 1.55891605852522738538204374800381839098e+00, 1.6671755478662180e+02, -5.1203214148374982e+02
0.81800000, 1.75676430823718010925145748707117668616e+00, -2.02153949851863080067382259768588165697e+00, 8.70601776625611515708214007028341662017e+00, 2.28331450580261280426323222847250584076e+00, 4.47900881266866713536843914866891499949e+00, 1.56077177157463063033289853643140190266e+00, 1.8310664706824234e+02, -5.1379589244206497e+02
0.81900000, 1.75934184223552798323485882817412424159e+00, -2.01880789526260249113921245731097119439e+00, 8.70071521315307247849955601163006819256e+00, 2.28499211446175312817826048865883668664e+00, 4.47516399196405016844379505463082567901e+00, 1.56263314589556958806461449834149307714e+00, 1.9984763765101194e+02, -5.1510422427052620e+02
0.82000000, 1.76192965578003112387063804466009344615e+00, -2.01606095646987232161594658745672800854e+00, 8.69538051169449557517274479212758417425e+00, 2.28665294102303614217187032880089732872e+00, 4.47129521074581355786043469314045787561e+00, 1.56450024863265967141791547265752177982e+00, 2.1693458840453472e+02, -5.1593523179694731e+02
0.82100000, 1.76452784463532966321026801206120209368e+00, -2.01329852347185158728063540069181334608e+00, 8.69001336160169386107959595956307528842e+00, 2.28829674642584350062392123937625775603e+00, 4.46740219170800265191964850573877311858e+00, 1.56637314838761222982905330297480110819e+00, 2.3436066492360299e+02, -5.1626656457962923e+02
0.82200000, 1.76713650603654163947422737049845845447e+00, -2.01052043509282880947465359576914463814e+00, 8.68461345838081170201592257565774192935e+00, 2.28992328744503506231649493892328652196e+00, 4.46348465281821445706338822909569196877e+00, 1.56825191526143866434247607313251977505e+00, 2.5211809009607698e+02, -5.1607544230309061e+02
0.82300000, 1.76975573872009157360050303040204692097e+00, -2.00772652759556936928170027811501380859e+00, 8.67918049323922200374966131755181918385e+00, 2.29153231659768537554084960098880898864e+00, 4.45954230721301123727979547025588452166e+00, 1.57013662089810092896777180877103158836e+00, 2.7019809635697447e+02, -5.1533867245305086e+02
0.82400000, 1.77238564295534255646794773826923953068e+00, -2.00491663462540989942886606855613724032e+00, 8.67371415299978207122378062283159568178e+00, 2.29312358204719142641995043641160961719e+00, 4.45557486309055350880094692287170818514e+00, 1.57202733852966391006181622033009115326e+00, 2.8859087665329028e+02, -5.1403267042338166e+02
0.82500000, 1.77502632057705652017689545382677600258e+00, -2.00209058715279702898962567084509028668e+00, 8.66821412001288572091535959402663673922e+00, 2.29469682750466179397810049327114345056e+00, 4.45158202360036838985156855874269818764e+00, 1.57392414302300747590074398240107564164e+00, 3.0728553415117115e+02, -5.1213348221461679e+02
0.82600000, 1.77767787501870823181114339672311138002e+00, -1.99924821341421810774712060530664161376e+00, 8.66268007206624326992049213683511058658e+00, 2.29625179212749375958143857814627693887e+00, 4.44756348673016650852997408515903490451e+00, 1.57582711092815838880300353683614463678e+00, 3.2627003072485172e+02, -5.0961680989059349e+02
0.82700000, 1.78034041134667944723322099063703795785e+00, -1.99638933885146948228719740741850990572e+00, 8.65711168229231857188006455084427181505e+00, 2.29778821041504115873253103826238076652e+00, 4.44351894518961782158335586917489151141e+00, 1.57773632052830477639850180554835774966e+00, 3.4553113427525902e+02, -5.0645803996686983e+02
0.82800000, 1.78301403629536059718572424146800867787e+00, -1.99351378604920574963092660054707423059e+00, 8.65150861907334971724655420304254428637e+00, 2.29930581210127183152539610832793595402e+00, 4.43944808629099374977218797446989759179e+00, 1.57965185189155847140594806233059050736e+00, 3.6505436493546494e+02, -5.0263227491169899e+02
0.82900000, 1.78569885830318834986797125534574925066e+00, -1.99062137467071117195003148912169792406e+00, 8.64587054594387735916306686843527879831e+00, 2.30080432204430941558842339647716895811e+00, 4.43535059182657998850386829120133265369e+00, 1.58157378692453325525393724060725040058e+00, 3.8482394023025936e+02, -4.9811436794751359e+02
0.83000000, 1.78839498754964840489192904648276659413e+00, -1.98771192139183209285247479203786545261e+00, 8.64019712149070186170725510508872349900e+00, 2.30228346011274992280611882502592635538e+00, 4.43122613794276120216007806849332167499e+00, 1.58350220942780988491523001305555284313e+00, 4.0482271926808481e+02, -4.9287896134805089e+02
0.83100000, 1.79110253599327392484159478411583936057e+00, -1.98478523983300674683364966819628199947e+00, 8.63448799925018758953466921464774530318e+00, 2.30374294106863903874093869393246117450e+00, 4.42707439501067555365475561726457742552e+00, 1.58543720515336174945769066059369254484e+00, 4.2503214605547276e+02, -4.8690052843339555e+02
0.83200000, 1.79382161741067110440285069091719459984e+00, -1.98184114048932629343729594867250114794e+00, 8.62874282760282966188120123065810480457e+00, 2.30518247444699137114664472729156431545e+00, 4.42289502749333365374940687292374191477e+00, 1.58737886186401809827847297351752126233e+00, 4.4543219203700915e+02, -4.8015341947228979e+02
0.83300000, 1.79655234743660451512842904584013969647e+00, -1.97887943065855823084054361295436446542e+00, 8.62296124966499537403388953298347303827e+00, 2.30660176443172794036218983219871500497e+00, 4.41868769380909303392655722169792395986e+00, 1.58932726939504501220245214098034519552e+00, 4.6600129797779385e+02, -4.7261191170801451e+02
0.83400000, 1.79929484360517604838806264192241795448e+00, -1.97589991436706054403763267522378731621e+00, 8.61714290317774924005843113884025319417e+00, 2.30800050972790303816622025571872872636e+00, 4.41445204619137564848188733717668413648e+00, 1.59128251971792765721014344613157335912e+00, 4.8671631532040777e+02, -4.6425026373092687e+02
0.83500000, 1.80204922539213251206721756265056457538e+00, -1.97290239229351201428315978329059737436e+00, 8.61128742039266722579306924778949576667e+00, 2.30937840343008617066295136143720555093e+00, 4.41018773054451219213374088001533002242e+00, 1.59324470700644087433221675511486163433e+00, 5.0755244716462637e+02, -4.5504277442729039e+02
0.83600000, 1.80481561425833822037269198381404693406e+00, -1.96988666169038105235209733480138514346e+00, 8.60539442795454221458572159111523809422e+00, 2.31073513288675913206545590924728391485e+00, 4.40589438629559317494584326400817851325e+00, 1.59521392770509882422652035286459012437e+00, 5.2848318903558692e+02, -4.4496384674028781e+02
0.83700000, 1.80759413369445025305420273672500879645e+00, -1.96685251630305221149016398203943152370e+00, 8.59946354678087907334074109547470341532e+00, 2.31207037956058231620235862133509666604e+00, 4.40157164624220272267982262842071691200e+00, 1.59719028060007822736175387243698690030e+00, 5.4948026962489664e+02, -4.3398805648498942e+02
0.83800000, 1.81038490926683545296056145841951190400e+00, -1.96379974628652617927691831471782899422e+00, 8.59349439193807385618355249086192861966e+00, 2.31338381888437814676682167290029143304e+00, 4.39721913639590696368278897096276098923e+00, 1.59917386689271372699615427226278850758e+00, 5.7051359170933046e+02, -4.2209022646448030e+02
0.83900000, 1.81318806866476968175632675175950772443e+00, -1.96072813811960553319559337033885364192e+00, 8.58748657251416769010855842595595219124e+00, 2.31467512011267298047894508365209427160e+00, 4.39283647582136461879105642885935525109e+00, 1.60116479027566805889051616484849475636e+00, 5.9155117347338111e+02, -4.0924550613923572e+02
0.84000000, 1.81600374174896136561432147782174456914e+00, -1.95763747451647486423994020505575172126e+00, 8.58143969148806172362211680602482860489e+00, 2.31594394616863199327536727481311637100e+00, 4.38842327647092302408290348370790841044e+00, 1.60316315701188404576654506315221237834e+00, 6.1255909048506383e+02, -3.9542945710607533e+02
0.84100000, 1.81883206060144293871023539700342162606e+00, -1.95452753433558001765396934265612354881e+00, 8.57535334559507517748949909426434300551e+00, 2.31718995348621438125148315184591970764e+00, 4.38397914301455828309336095755358757578e+00, 1.60516907601642995294915747723838899471e+00, 6.3350141859911501e+02, -3.8061814464651137e+02
0.84200000, 1.82167315957687543548166939360812311979e+00, -1.95139809248570716065292989076699193295e+00, 8.56922712518872400766631742153997903765e+00, 2.31841279184736867722716317074566198200e+00, 4.37950367266501356062128405286996950877e+00, 1.60718265894135445164805883342578539983e+00, 6.5434017808813237e+02, -3.6478823560691085e+02
0.84300000, 1.82452717535531319615521835842399130740e+00, -1.94824891982915815393085938395739898257e+00, 8.56306061409859296530012376327421252554e+00, 2.31961210421408008127189607219535209644e+00, 4.37499645499798468967098752985900777469e+00, 1.60920402026367234536613791034810626452e+00, 6.7503527933035622e+02, -3.4791710287448150e+02
0.84400000, 1.82739424699647743745897321121902594455e+00, -1.94507978308191426656480266324787767558e+00, 8.55685338948416890779244508080217162468e+00, 2.32078752655507340894646255433850917135e+00, 4.37045707176719726137475927804999388719e+00, 1.61123327737660733058319079449696813714e+00, 6.9554447041275816e+02, -3.2998293671351604e+02
0.84500000, 1.83027451599558930539197250589656274777e+00, -1.94189044471067562160987963103278186022e+00, 8.55060502168449806825673201041204352249e+00, 2.32193868766696655280798063243416184013e+00, 4.36588509671421419976517693636347716888e+00, 1.61327055068422339294523131293679232877e+00, 7.1582328703995578e+02, -3.1096486322542711e+02
0.84600000, 1.83316812634081497329862715737983389471e+00, -1.93868066282665888062277112358003370525e+00, 8.54431507406352461767727330127744854656e+00, 2.32306520898966020799133523426586065539e+00, 4.36128009537280748365126168582021372872e+00, 1.61531596369958199265268602491526559274e+00, 7.3582500517327626e+02, -2.9084307019369568e+02
0.84700000, 1.83607522457237738040598390250229254305e+00, -1.93545019107603055723958493206831861308e+00, 8.53798310285096224345852157954237005295e+00, 2.32416670441574000713988355463418620703e+00, 4.35664162486772216104764231201533805305e+00, 1.61736964314656797570167417581200118724e+00, 7.5550059686011193e+02, -2.6959894057074446e+02
0.84800000, 1.83899595984339132778100771356171299456e+00, -1.93219877852684797971300957577238243879e+00, 8.53160865697854460801238601702502278227e+00, 2.32524278009365711784624107577492060794e+00, 4.35196923370765510184631048036399894672e+00, 1.61943171906553316934889967286800709020e+00, 7.7479868975160605e+02, -2.4721519385772048e+02
0.84900000, 1.84193048398248086497250363571907538681e+00, -1.92892616955237428613935720600483090737e+00, 8.52519127791149442904901262616245421961e+00, 2.32629303422444274973225810831324935522e+00, 4.34726246157226504571080838529620581874e+00, 1.62150232492291288902312108435389737024e+00, 7.9366553084673039e+02, -2.2367603561999628e+02
0.85000000, 1.84487895155824021631790507973376071781e+00, -1.92563210371062791929254095611378031323e+00, 8.51873049947504452608343142333336696371e+00, 2.32731705685170086931010832124985749623e+00, 4.34252083909302441826549544749627316619e+00, 1.62358159772497710837750640713397496314e+00, 8.1204495504301230e+02, -1.9896731537062318e+02
0.85100000, 1.84784151994560191622079593740260626587e+00, -1.92231631562002087494426492911602839156e+00, 8.51222584767583749135038033593620129860e+00, 2.32831442964461169798550310398271525605e+00, 4.33774388762771710302413673961735451979e+00, 1.62566967813588483282780275501908231009e+00, 8.2987835911857620e+02, -1.7307669304071980e+02
0.85200000, 1.85081834939417835316657157127745420542e+00, -1.91897853483093343174277648843791639376e+00, 8.50567684051802365302045612776477136898e+00, 2.32928472567366623922629038515603174323e+00, 4.33293111902837986232384105558088405791e+00, 1.62776671060021727836076703935555798333e+00, 8.4710468181680617e+02, -1.4599381423955653e+02
0.85300000, 1.85380960309864556871500167100879529928e+00, -1.91561848569306623457586288870655120363e+00, 8.49908298781386968864845107991113469609e+00, 2.33022750917883911020534631294891595377e+00, 4.32808203540247839063606939950486199744e+00, 1.62987284347017280025194295221518170044e+00, 8.6366039075382741e+02, -1.1771049448758093e+02
0.85400000, 1.85681544727124092643775618998953698418e+00, -1.91223588721840339819052269075177560659e+00, 8.49244379098868260054342683391307492929e+00, 2.33114233532989330411772918169026623856e+00, 4.32319612886710205047412640506022745216e+00, 1.63198822913761414920720738643894284979e+00, 8.7947947692014038e+02, -8.8220912582472920e+01
0.85500000, 1.85983605121644916340692268573796404158e+00, -1.90883045293961272384272759405752277990e+00, 8.48575874287984576461723538229549849510e+00, 2.33202874997849614249993416957516838940e+00, 4.31827288129595417674486897159787271581e+00, 1.63411302417116656388106766983658874837e+00, 8.9449345760110259e+02, -5.7521813231148517e+01
0.85600000, 1.86287158740795437047142138182709726393e+00, -1.90540189076370115781243773706351272751e+00, 8.47902732752975539156460103848803901186e+00, 2.33288628940181055036055334564590885817e+00, 4.31331176405890743136988924254423848972e+00, 1.63624738945857344715793530282526290850e+00, 9.0863138859649766e+02, -2.5612719049044040e+01
0.85700000, 1.86592223156793862473340904342035873476e+00, -1.90194990282073524430540785814621289266e+00, 8.47224901997243697413176804783624276652e+00, 2.33371448003720985619226727085071690635e+00, 4.30831223775388603736829379037913352002e+00, 1.63839149035452492727681992103598096653e+00, 9.2181988667709297e+02, 7.5038480084221110e+00
0.85800000, 1.86898816274881132641144787423245615324e+00, -1.89847418530742751270019675720385086240e+00, 8.46542328601361211569565522465576459214e+00, 2.33451283820774753651888236630749389967e+00, 4.30327375193082881079383778236190589756e+00, 1.64054549683418348187540314939207195692e+00, 9.3398316327577298e+02, 4.1822135759058956e+01
0.85900000, 1.87206956341745678125033481362994290682e+00, -1.89497442832538046487114149085145733169e+00, 8.45854958200397652104126399529946086152e+00, 2.33528086983799563999534344826279220646e+00, 4.29819574480747872972481555012489252865e+00, 1.64270958365264001107260341444380729616e+00, 9.4504307047241905e+02, 7.7332921476183860e+01
0.86000000, 1.87516661954209122799528132107054841255e+00, -1.89145031571377006535878917684303087948e+00, 8.45162735460543985632122184107253556840e+00, 2.33601807015984698537243418835675272644e+00, 4.29307764297673632092463220306110255516e+00, 1.64488393051054329217601762461537562061e+00, 9.5491916039502579e+02, 1.1402326221825953e+02
0.86100000, 1.87827952068182434801170672361527597558e+00, -1.88790152487624035662907611950266748236e+00, 8.44465604055006762642198777132999353644e+00, 2.33672392340785657346328666890280908689e+00, 4.28791886110530539496839606987860226494e+00, 1.64706872222615564041433230573886777050e+00, 9.6352875922439613e+02, 1.5187623594495078e+02
0.86200000, 1.88140846007902432140916167335393880931e+00, -1.88432772660176999281988990130462735700e+00, 8.43763506639145414743126240638747833985e+00, 2.33739790250367692440271629191041862879e+00, 4.28271880162335060672759133686132962006e+00, 1.64926414891409784362961757285640996957e+00, 9.7078705705589026e+02, 1.9087067362693443e+02
0.86300000, 1.88455363475458972227029789832082586103e+00, -1.88072858487926007543414447371520684211e+00, 8.43056384824824408093204454570430711371e+00, 2.33803946872912018268547598813608175081e+00, 4.27747685440487694616462548194318188081e+00, 1.65147040617105703984417892394144505780e+00, 9.7660721493881529e+02, 2.3098088263318682e+02
0.86400000, 1.88771524560623598685045328634151486664e+00, -1.87710375670558064842246961263461818477e+00, 8.42344179153950781488369513782389431598e+00, 2.33864807138735675403260377256424366328e+00, 4.27219239643853155918292202177415508328e+00, 1.65368769526874217000062561449998641619e+00, 9.8090049048176808e+02, 2.7217636176465203e+02
0.86500000, 1.89089349750990885583100777644411383632e+00, -1.87345289188680053066594247057367418314e+00, 8.41626829071166319029695687417912309977e+00, 2.33922314745173587568054339600898504052e+00, 4.26686479148851824312738925724276227465e+00, 1.65591622335438296803192626845796100653e+00, 9.8357638348015396e+02, 3.1442150839786105e+02
0.86600000, 1.89408859942444209875882328416701395062e+00, -1.86977563283231179114022091304609626034e+00, 8.40904272895662264897988064156749606393e+00, 2.33976412120168779576406487273889170867e+00, 4.26149338974530453810271808175520526586e+00, 1.65815620365908014979435009171322913172e+00, 9.8454280308969279e+02, 3.5767531830696151e+02
0.86700000, 1.89730076449958199059290371720839058324e+00, -1.86607161434154606340309377695621927907e+00, 8.40176447792083077816581493466404367617e+00, 2.34027040384514006317039328356554059049e+00, 4.25607752746579052335621557366638092501e+00, 1.66040785571432653315909725123688113140e+00, 9.8370625813640206e+02, 4.0189107884849861e+02
0.86800000, 1.90053021018750644283479604324247813682e+00, -1.86234046338296500593852384381012913519e+00, 8.39443289740484241311164548773059460256e+00, 2.34074139312685171581274828933472367954e+00, 4.25061652660259720519091521881637379566e+00, 1.66267140557703126423955175872554653418e+00, 9.8097207221863197e+02, 4.4701605632095649e+02
0.86900000, 1.90377715835797241228490989804844928950e+00, -1.85858179886499149457724207775368546450e+00, 8.38704733505307588628179474491061754678e+00, 2.34117647292203880562523121795817410199e+00, 4.24510969442212072441427205384885794384e+00, 1.66494708606339213834874735572093739252e+00, 9.7624462531943366e+02, 4.9299117845135451e+02
0.87000000, 1.90704183541723123761095692159377452491e+00, -1.85479523139853153053725410027963669011e+00, 8.37960712603335963601877432277927366580e+00, 2.34157501281463260883048730672531522550e+00, 4.23955632311098648957152295081706899009e+00, 1.66723513699197418615102771310527351386e+00, 9.6942762370696743e+02, 5.3975071311494323e+02
0.87100000, 1.91032447243085790764772156460404960998e+00, -1.85098036305071930673034443081462385659e+00, 8.37211159270587315990188594385964228974e+00, 2.34193636765947792895148474925663175383e+00, 4.23395568937052472635481267339147824934e+00, 1.66953580543636624100066761432088115748e+00, 9.6042439995577674e+02, 5.8722194456213359e+02
0.87200000, 1.91362530525064696725232927153226789381e+00, -1.84713678708949933601200848697638847250e+00, 8.36456004428106516604516088157873136431e+00, 2.34225987712774298848644737120251634116e+00, 4.22830705399887578917723896577499870926e+00, 1.67184934598780110592933861577570407672e+00, 9.4913824497139625e+02, 6.3532484861010315e+02
0.87300000, 1.91694457464573483991408953776515592439e+00, -1.84326408771863994384400076381935649331e+00, 8.35695177646611268329185076396825282406e+00, 2.34254486523477439545101928203287297720e+00, 4.22260966146031986936887874142692403045e+00, 1.67417602102813918907400393157709894447e+00, 9.3547277394360939e+02, 6.8397176845594855e+02
0.87400000, 1.92028252643811581633292654519616962665e+00, -1.83936183980275169555213451013109216272e+00, 8.34928607109946477837858589110746255065e+00, 2.34279063984959042618899208358364041612e+00, 4.21686273944141141248290801109372773471e+00, 1.67651610101363006283811773299999710619e+00, 9.1933232818823099e+02, 7.3306709298468266e+02
0.87500000, 1.92363941164272685205027788444653576328e+00, -1.83542960858186239110209415606567530904e+00, 8.34156219577299332990290048657949803603e+00, 2.34299649218516323905355210333885961950e+00, 4.21106549839348357611267370016028882918e+00, 1.67886986476988131019093419878151778218e+00, 9.0062241486189096e+02, 7.8250693967968648e+02
0.87600000, 1.92701548661228466439116846026320231237e+00, -1.83146694937507703870974747878525710990e+00, 8.33377940344125095565235698880775515015e+00, 2.34316169626859546705508174370042206977e+00, 4.20521713106107236461726856639557618749e+00, 1.68123759979847923352336353490184508827e+00, 8.7925018654705980e+02, 8.3217884449627120e+02
0.87700000, 1.93041101318706745135073117914266629361e+00, -1.82747340727282662733705829038065288056e+00, 8.32593693201731260650695429168029070760e+00, 2.34328550839024876195527793080860371610e+00, 4.19931681199579360647992305941594508376e+00, 1.68361960259572149624909897327949326337e+00, 8.5512496270339169e+02, 8.8196146133159760e+02
0.87800000, 1.93382625884984290720336533481740188224e+00, -1.82344851681718346544233391262306077942e+00, 8.31803400395465244583736040923993215317e+00, 2.34336716653083109548708097237583644322e+00, 4.19336369705518862402012640749321791184e+00, 1.68601617898393751998707862805799866354e+00, 8.2815879496403687e+02, 9.3172427401708982e+02
0.87900000, 1.93726149688615411902930896226246898596e+00, -1.81939180166969324049701741569448388531e+00, 8.31006982581448134085052529414398926411e+00, 2.34340588976539576958426090545434410242e+00, 4.18735692288603620520610907170888783527e+00, 1.68842764445588844176519352661592101815e+00, 7.9826707821930195e+02, 9.8132732407334493e+02
0.88000000, 1.94071700655018543575487169827402806457e+00, -1.81530277426614467438607668949236629803e+00, 8.30204358781794250748886282108063409887e+00, 2.34340087764314793599491254933291395341e+00, 4.18129560639160923453492862111673444288e+00, 1.69085432453275461297281459781636382397e+00, 7.6536920937205447e+02, 1.0306209578029467e+03
0.88100000, 1.94419307323644155092450479705690903087e+00, -1.81118093545766658923583219017641700697e+00, 8.29395446338253347147768048879831578806e+00, 2.34335130954189374952190186359378246083e+00, 4.17517884418233397396653990195906175168e+00, 1.69329655513623495682433514574633779662e+00, 7.2938929556641457e+02, 1.0794455966539820e+03
0.88200000, 1.94768998865748488036609565512061960453e+00, -1.80702577413750923281363727737926159335e+00, 8.28580160864209142483391303336677976109e+00, 2.34325634399590283387730206813122960720e+00, 4.16900571200928839221474235884143926477e+00, 1.69575468297529895096873840133354161895e+00, 6.9025691358007694e+02, 1.1276315351667049e+03
0.88300000, 1.95120805102798889852033645317562246244e+00, -1.80283676685283170895402687977819128989e+00, 8.27758416194964615039375156812622443284e+00, 2.34311511799588626111384634672586221515e+00, 4.16277526417995299296866229980988327276e+00, 1.69822906594814851841327160937377834524e+00, 6.4790792192724703e+02, 1.1749987712177677e+03
0.88400000, 1.95474756525537847948875461175190691936e+00, -1.79861337740078017231681635441733403343e+00, 8.26930124336240982751344546420518316440e+00, 2.34292674625971945032340690320447057604e+00, 4.15648653295560314470407676489603395626e+00, 1.70072007355996363939655645450319067756e+00, 6.0228532703948601e+02, 1.2213568737005686e+03
0.88500000, 1.95830884313734253294743071312212635560e+00, -1.79435505640810192232084173107702854904e+00, 8.26095195410813607993924609480771736171e+00, 2.34269032047246197158370014203996051044e+00, 4.15013852792970580251244741505317062793e+00, 1.70322808735702197972229372784676232195e+00, 5.5334020467119304e+02, 1.2665048932260874e+03
0.88600000, 1.96189220356651939874814148679420629299e+00, -1.79006124089349849970440654427713862363e+00, 8.25253537603204142982317468564778472324e+00, 2.34240490849414386503991631674824947929e+00, 4.14373023538665555023651333045603450443e+00, 1.70575350137779920181161965588507209767e+00, 5.0103267741007043e+02, 1.3102313218952708e+03
0.88700000, 1.96549797274267164126606970398988843421e+00, -1.78573135381187616826404604998747775115e+00, 8.24405057102344071469589411557604610725e+00, 2.34206955353370039354671629265257151263e+00, 4.13726061764015486933993181106626033584e+00, 1.70829672262167281164087369503322582290e+00, 4.4533294885536755e+02, 1.3523141086803698e+03
0.88800000, 1.96912648439268414616940988045387602272e+00, -1.78136480357960455606480118642052611195e+00, 8.23549658042120382712406817080668806634e+00, 2.34168327328734375195294741965459732305e+00, 4.13072861235051122221694530652210539164e+00, 1.71085817153586831982989005325955629641e+00, 3.8622239465220975e+02, 1.3925207374569033e+03
0.88900000, 1.97277807999873785662981412890870862518e+00, -1.77696098357984352021131411259734109124e+00, 8.22687242439709415406694388464301326043e+00, 2.34124505903956073607267692627870278311e+00, 4.12413313182008865413727136188339024003e+00, 1.71343828252130207419564556943476574361e+00, 3.2369471013268464e+02, 1.4306083752478550e+03
0.89000000, 1.97645310903503118971754789141520351080e+00, -1.77251927164694425418440156470640184335e+00, 8.21817710131599911134760803561746550370e+00, 2.34075387472481927348205623812472255815e+00, 4.11747306226611386712335169766333567154e+00, 1.71603750445799026368996970660633611928e+00, 2.5775711380693942e+02, 1.4663240987743802e+03
0.89100000, 1.98015192921344225264772575386702013737e+00, -1.76803902952887302370911541271277463794e+00, 8.20940958707200995557548657340878654679e+00, 2.34020865594795354160278540063525200917e+00, 4.11074726306999575917442033300304488441e+00, 1.71865630125070820348598789445965199015e+00, 1.8843160536326296e+02, 1.4994052079490236e+03
0.89200000, 1.98387490673854754859404795137473850381e+00, -1.76351960232654442093207422167529442284e+00, 8.20056883439925135738411524225838889241e+00, 2.33960830896107660868124764552796911898e+00, 4.10395456600227286795716008725763046211e+00, 1.72129515239559798625096773122097034939e+00, 1.1575627616748457e+02, 1.5295796354936984e+03
0.89300000, 1.98762241657243705006413641760224032785e+00, -1.75896031790888536782683636343430853259e+00, 8.19165377215630075853879446027174027001e+00, 2.33895170959474054620189624116284342234e+00, 4.09709377442225457473590559255205040719e+00, 1.72395455356843581864068268686816903953e+00, 3.9786669491109191e+01, 1.5565664624099197e+03
0.89400000, 1.99139484270979146377973456688467405053e+00, -1.75436048630238095192099674936027208348e+00, 8.18266330458297300789361079171595007714e+00, 2.33823770214092614167352242988627214648e+00, 4.09016366245136882207303475389157523520e+00, 1.72663501723528274404279726878372464082e+00, -3.9402813163859387e+01, 1.5800765495663877e+03
0.89500000, 1.99519257846371536771801187441276115392e+00, -1.74971939905377818485463212433915289955e+00, 8.17359631052817684518743276294910329524e+00, 2.33746509818529699689008628302833077035e+00, 4.08316297411917092598653439816899565473e+00, 1.72933707328625386898128873211831159140e+00, -1.2171746424609843e+02, 1.5998132961910670e+03
0.89600000, 1.99901602676284983663890365372653984330e+00, -1.74503632856454354861381715253732575686e+00, 8.16445164264747611334856829586933895046e+00, 2.33663267538599517487937951246542508716e+00, 4.07609042248090419884509283853378135766e+00, 1.73206126969315154639594331973395229964e+00, -2.0704078653354965e+02, 1.6154735365520723e+03
0.89700000, 2.00286560046032037195418462284521253962e+00, -1.74031052739558431130285194598583207100e+00, 8.15522812656890973025094608818869939416e+00, 2.33573917619608683653147781708674637206e+00, 4.06894468870543284489577379369649202408e+00, 1.73480817319171710979642903570967597105e+00, -2.9523298061666802e+02, 1.6267485865730106e+03
0.89800000, 2.00674172265511061860585967563161594951e+00, -1.73554122754065159011288286619328593541e+00, 8.14592456002554000170556461184818347246e+00, 2.33478330652658558750488610213895951983e+00, 4.06172442113229016100637179000157290726e+00, 1.73757836998926358656058546825713879983e+00, -3.8612941174578757e+02, 1.6333254525412086e+03
0.89900000, 2.01064482702648970964971558176577267160e+00, -1.73072763966674450591219292679965413496e+00, 8.13653971195310832767898143038616023352e+00, 2.33376373434678755612777150325582218229e+00, 4.05442823429649958943967188292996992437e+00, 1.74037246649845824079647258718288090749e+00, -4.7953906579970848e+02, 1.6348882144167389e+03
0.90000000, 2.01457535818216137516974523125709700468e+00, -1.72586895231972895523022400238835890184e+00, 8.12707232155108021420955309317099564708e+00, 2.33267908821844447001243711512047332617e+00, 4.04705470791973163806821268447196330133e+00, 1.74319109009802871012068875363956486683e+00, -5.7524300578466104e+02, 1.6311195965194144e+03
0.90100000, 2.01853377202084645790787832091965514546e+00, -1.72096433109327091108143990515961279700e+00, 8.11752109730525717197436699759924370349e+00, 2.33152795576007801713865869813616885826e+00, 4.03960238586625499729011967357972140762e+00, 1.74603488992116982420689733898667706470e+00, -6.7299284208778213e+02, 1.6217027385405313e+03
0.90200000, 2.02252053611005749353239374362456812061e+00, -1.71601291775906208407214410400831840165e+00, 8.10788471597002091760604552852478538775e+00, 2.33030888203749927709971432004905840910e+00, 4.03206977506202409953927732164517488087e+00, 1.74890453767242986294568036162293781216e+00, -7.7250923169503985e+02, 1.6063231798740551e+03
0.90300000, 2.02653613007987486987118442699271843631e+00, -1.71101382935618449318862327624406968575e+00, 8.09816182150815458865432339468909088779e+00, 2.32902036787633957519633646854541578093e+00, 4.02445534437511649600128713687630628129e+00, 1.75180072847385499083485898954246703966e+00, -8.7348042374711361e+02, 1.5846710701631132e+03
0.90400000, 2.03058104603358914239361806985318215789e+00, -1.70596615723731920143842449941479414152e+00, 8.08835102398605565744662345790289709569e+00, 2.32766086809212219161051679018064141975e+00, 4.01675752345559021074379173397041413898e+00, 1.75472418174116888688815556315136231954e+00, -9.7556087115375386e+02, 1.5564436186838887e+03
0.90500000, 2.03465578897613375692353795742618516693e+00, -1.70086896606935227286388631284555495364e+00, 8.07845089842201502157749563379532253925e+00, 2.32622878963310624018450421432943590216e+00, 4.00897470153267193734616695230938464398e+00, 1.75767564209076121252296775383167957449e+00, -1.0783699305215813e+03, 1.5213477947086209e+03
0.90600000, 2.03876087726129716204214307332857229957e+00, -1.69572129278576692065472654766731277002e+00, 8.06845998358508540724069602153489134738e+00, 2.32472248963081283363701068679140125423e+00, 4.00110522616700962767913608055796971374e+00, 1.76065588027825361190022790558257892451e+00, -1.1814906753739371e+03, 1.4791032902670282e+03
0.90700000, 2.04289684305877357765915502125415118181e+00, -1.69052214548803375543093935855036143514e+00, 8.05837678074189869290110322757673244203e+00, 2.32314027335279729887633582835282086765e+00, 3.99314740195552552370767824070122251253e+00, 1.76366569416940557199021326079288228031e+00, -1.2844688505533070e+03, 1.4294457557217474e+03
0.90800000, 2.04706423284218807076454404144893418997e+00, -1.68527050229301980863781320328405086576e+00, 8.04819975234861487884672002880235506161e+00, 2.32148039205185740680908368772425740153e+00, 3.98509948918618559114364702414455683687e+00, 1.76670590974411491258177182497793823615e+00, -1.3868119987926565e+03, 1.3721303172448031e+03
0.90900000, 2.05126360789931468174408965411737314088e+00, -1.67996531012323027149717951249849852439e+00, 8.03792732068499390090085743243754589059e+00, 2.31974104070546380473238265206153017072e+00, 3.97695970243975594601996429006416893124e+00, 1.76977738213425925221797232718614684561e+00, -1.4879887937131830e+03, 1.3069353835807822e+03
0.91000000, 2.05549554486579681843541163303252395638e+00, -1.67460548343647318578771490728397102343e+00, 8.02755786642737388107652179181261760537e+00, 2.31792035563876228621356033190642267174e+00, 3.96872620913534323889641114601194355949e+00, 1.77288099669611593893554796745185824748e+00, -1.5874286169389456e+03, 1.2336667473558594e+03
0.91100000, 2.05976063628377773793965044703083472491e+00, -1.66918990289129502006569227635182347891e+00, 8.01708972715711413368233013714630310547e+00, 2.31601641202402510236595817681523948145e+00, 3.96039712801621076260022646039309942433e+00, 1.77601767011808921159847370406298459803e+00, -1.6845214205939063e+03, 1.1521619835830240e+03
0.91200000, 2.06405949118695649850682424314990938142e+00, -1.66371741394427235610573029926897488562e+00, 8.00652119580081653533501133877101116812e+00, 2.31402722124891677104316779289982609713e+00, 3.95197052757202160016686282687016617463e+00, 1.77918835156446549191879161803758855724e+00, -1.7786179201372870e+03, 1.0622951448610998e+03
0.91300000, 2.06839273571370220867339864872107958435e+00, -1.65818682537495978686824056638155504216e+00, 7.99585051899837275671860831430028165561e+00, 2.31195072814538495905656385438007478348e+00, 3.94344442439328035166422452556666327427e+00, 1.78239402385591160595384099971417611106e+00, -1.8690301662634560e+03, 9.6398174900213713e+02
0.91400000, 2.07276101374998775517026090272891946615e+00, -1.65259690773398435505314493087103506492e+00, 7.98507589539459515612809876671477570617e+00, 2.30978480807038475335083919191715413967e+00, 3.93481678145332135380569828697693917069e+00, 1.78563570468742751832458386333245884182e+00, -1.9550325483975368e+03, 8.5718405037789864e+02
0.91500000, 2.07716498760404459829857964067200769330e+00, -1.64694639170943995223406047435127910493e+00, 7.97419547384987341412955994719391342835e+00, 2.30752726382899027689591555743269310388e+00, 3.92608550631271883394398035071163206259e+00, 1.78891444788446620299812806780936633093e+00, -2.0358632861007107e+03, 7.4191658107687023e+02
0.91600000, 2.08160533871479395756686363866746760241e+00, -1.64123396640636827860729842841792525680e+00, 7.96320735156495452939548042662890199073e+00, 2.30517582242973588025286296963063253974e+00, 3.91724844924046758992234302648370295857e+00, 1.79223134469794022955762291193204519956e+00, -2.1107264683895262e+03, 6.1825194193057781e+02
0.91700000, 2.08608276839627819237525097595457453953e+00, -1.63545827753371313585447743620987566583e+00, 7.95210957211456756731550010959592233085e+00, 2.30272813166125417703727730892776629279e+00, 3.90830340124569544839915651826029541608e+00, 1.79558752513884950333474780105929186035e+00, -2.1787947044858189e+03, 4.8632681652150762e+02
0.91800000, 2.09059799862050099868556652177469974145e+00, -1.62961792549269852952487825898347941192e+00, 7.94090012338420317001642108694610463816e+00, 2.30018175647843342872760114073242585273e+00, 3.89924809201301417907692700373934077846e+00, 1.79898415935328973168645700150744611528e+00, -2.2392124527449137e+03, 3.4634817334276013e+02
0.91900000, 2.09515177284128796537368743467344306974e+00, -1.62371146336010441981303215110253856207e+00, 7.92957693540390751370889816998369211895e+00, 2.29753417518539488014715942300367968662e+00, 3.89008018773388628517443496607536933900e+00, 1.80242245903863940141566806147581750650e+00, -2.2911000973365458e+03, 1.9859961225999607e+02
0.92000000, 2.09974485686200204575813974110740499368e+00, -1.61773739475939264144366663169875556768e+00, 7.91813787807245690015865865728154350393e+00, 2.29478277540158337756289330331050901751e+00, 3.88079728882557294036784698979207566113e+00, 1.80590367890177764242952097623618290264e+00, -2.3335588445298320e+03, 4.3447801249626247e+01
0.92100000, 2.10437803975019382021730233862387682818e+00, -1.61169417161206464677661348146760989277e+00, 7.90658075876473774675970787610770360208e+00, 2.29192484979616274162678830211359407486e+00, 3.87139692752832424807733630534990969183e+00, 1.80942911816026017916993597507388573388e+00, -2.3656765119899534e+03, -1.1865106202150729e+02
0.92200000, 2.10905213480253654261688517531684173261e+00, -1.60558019176100684337521170589687755903e+00, 7.89490331981456207012689574061900473236e+00, 2.28895759157470055513349117358587598022e+00, 3.86187656537046698631652198042695291690e+00, 1.81300012208748012641382618124176530503e+00, -2.3865342851312482e+03, -2.8714484191790508e+02
0.92300000, 2.11376798056369366796657262184225440491e+00, -1.59939379645689224826981326334432166511e+00, 7.88310323586449466327010387618577849178e+00, 2.28587808970080360513744713964864973346e+00, 3.85223359048992608110843035706523300425e+00, 1.81661808360296987533885688054149243344e+00, -2.3952145140595670e+03, -4.6137920206516366e+02
0.92400000, 2.11852644190309498730039269881544403608e+00, -1.59313326769795203976344407173015731226e+00, 7.87117811107354832619119316377969623413e+00, 2.28268332383391206138367623224875986255e+00, 3.84246531479947211568601035197687401682e+00, 1.82028444490916574588366860517138619383e+00, -2.3908096227125545e+03, -6.4059159575292915e+02
0.92500000, 2.12332841115396017556501899535505486933e+00, -1.58679682541259954263666125286623975239e+00, 7.85912547617281016102963793247936973550e+00, 2.27937015896286276853814125623237560442e+00, 3.83256897098160488751150765276630190040e+00, 1.82400069917616535573419542946609816118e+00, -2.3724321981698435e+03, -8.2390563404800597e+02
0.92600000, 2.12817480931930946193676706632230008707e+00, -1.58038262447347341241293199269360773538e+00, 7.84694278535818656325894793032749709324e+00, 2.27593533971307304840552541816396084461e+00, 3.82254170929744765779536674907620821523e+00, 1.82776839227626667922628380170688701491e+00, -2.3392263224164235e+03, -1.0103259744286969e+03
0.92700000, 2.13306658735014473965804945404949435457e+00, -1.57388875153045631207049332889339906820e+00, 7.83462741300848751424858996540386122328e+00, 2.27237548430325722299132106761776902587e+00, 3.81238059419232206439630005185752087878e+00, 1.83158912457039656041641274003578037949e+00, -2.2903802007203435e+03, -1.1987338923806911e+03
0.92800000, 2.13800472750147580391644495607866799781e+00, -1.56731322164910890028825086560740231641e+00, 7.82217665021600124417432280551882298472e+00, 2.26868707812544723445664526635707753467e+00, 3.80208260067878175686483421919672064431e+00, 1.83546455274892526150312852668027740828e+00, -2.2251401298054637e+03, -1.3878837192858074e+03
0.92900000, 2.14299024477241126417772900622092566577e+00, -1.56065397473972365631669124953978184822e+00, 7.80958770111552599728795829936163318882e+00, 2.26486646691972191743001817179155576367e+00, 3.79164461047578382774348550164114051507e+00, 1.83939639172983410199758079350152808886e+00, -2.1428258346914579e+03, -1.5764003519370748e+03
0.93000000, 2.14802418843713850427038114501931461383e+00, -1.55390887176083439119804379204580229124e+00, 7.79685767899651256898877788324446958315e+00, 2.26090984951242901228596581462478631062e+00, 3.78106340788034908083251872356259103060e+00, 1.84338641661776852707942924777902893432e+00, -2.0428471849221527e+03, -1.7627780619063110e+03
0.93100000, 2.15310764367428921456692964420670697935e+00, -1.54707569067949866913282114363255450601e+00, 7.78398360218151369537386569692556707210e+00, 2.25681327008377840523694135616007617231e+00, 3.77033567534548069432471452330935355122e+00, 1.84743646472818386771555604949082386969e+00, -1.9247222783515469e+03, -1.9453808564679011e+03
0.93200000, 2.15824173330293485517149770692149856851e+00, -1.54015212216898290205085692074946348536e+00, 7.77096238965251630384842013831339419202e+00, 2.25257260992745843406805266824551118314e+00, 3.75945798873524874473654881140387375320e+00, 1.85154843768159230953802000603078982464e+00, -1.7880968531062200e+03, -2.1224446664372277e+03
0.93300000, 2.16342761963428944450805026383966124190e+00, -1.53313576502260202590029975683868048567e+00, 7.75779085640492963638401730332632881445e+00, 2.24818357866133839024497790451092376802e+00, 3.74842681222477503877389524239702042924e+00, 1.85572430357386591262387517603597050307e+00, -1.6327649551603979e+03, -2.2920816595852184e+03
0.93400000, 2.16866650644912615992364568859887735273e+00, -1.52602412126037276350154778927332726419e+00, 7.74446570850699302546257097924487202144e+00, 2.24364170484432264487522949776535239744e+00, 3.73723849280933480195217351357735636501e+00, 1.85996609922966292797358367310762078564e+00, -1.4586907494869194e+03, -2.4522870005697992e+03
0.93500000, 2.17395964111195179203454874433229900872e+00, -1.51881459090280327913493990767417091891e+00, 7.73098353784012500887659860542570806076e+00, 2.23894232594996132593511807048686890817e+00, 3.72588925438289083389862624963903078866e+00, 1.86427593254734665603554991828519348195e+00, -1.2660313163116481e+03, -2.6009483987415400e+03
0.93600000, 2.17930831683414331872027725913302532133e+00, -1.51150446638353011272123673209677884701e+00, 7.71734081649323003838625854201895051571e+00, 2.23408057764243738872019524647093510262e+00, 3.71437519134204870060998304691924848994e+00, 1.86865598494528398954397888965648401819e+00, -1.0551602199326573e+03, -2.7358588027015809e+03
0.93700000, 2.18471387509955005894859595014341650905e+00, -1.50409092656958836184207875368119822978e+00, 7.70353389078117532280614633803531291843e+00, 2.22905138229496915375547837665735289674e+00, 3.70269226166661959960499500769766271874e+00, 1.87310851392117397728264129882760333241e+00, -8.2669157522856376e+02, -2.8547326138595066e+03
0.93800000, 2.19017770826752177602502345618140122592e+00, -1.49657103035482019574179840016327779415e+00, 7.68955897485450819429815147193532485080e+00, 2.22384943668440896740219545411025994636e+00, 3.69083627942264516695322900955232699844e+00, 1.87763585573809810051741358479517115794e+00, -5.8150426579095953e+02, -2.9552257989482252e+03
0.93900000, 2.19570126236995932790843064402384033076e+00, -1.48894170978824033092468507549814353141e+00, 7.67541214386395756161905326189173989871e+00, 2.21846919878878787359567134336807213848e+00, 3.67880290662781218869553914291270171345e+00, 1.88224042825334022454316640613036612610e+00, -3.2076588709037513e+02, -3.0349602817073301e+03
0.94000000, 2.20128604012082496428201294764589062541e+00, -1.48119976269502767408918608779670656081e+00, 7.66108932663929816014412646079059532959e+00, 2.21290487360664343945059245018411796488e+00, 3.66658764441259197047151548995356220135e+00, 1.88692473390873652879515324887397530372e+00, -4.5955897888410959e+01, -3.0915529846324033e+03
0.94100000, 2.20693360415862304226128724106753642666e+00, -1.47334184474313338228922170179119383389e+00, 7.64658629783769171325671952070170218296e+00, 2.20715039790804595473789990354469920310e+00, 3.65418582340309478301555257652922942682e+00, 1.89169136290443029559119334587331720139e+00, 2.4111263688303084e+02, -3.1226498703406376e+03
0.94200000, 2.21264558054470231682595319873667173763e+00, -1.46536446090320973660664622975294407212e+00, 7.63189866951158323590763035494325403923e+00, 2.20119942381715921164112078257772434595e+00, 3.64159259324343665298102085946290050945e+00, 1.89654299658147516614188222719784449273e+00, 5.3827343817511622e+02, -3.1259652958770629e+03
0.94300000, 2.21842366254287709210586888026533887030e+00, -1.45726395624358133882182322862122362049e+00, 7.61702188204054038521480401003338054611e+00, 2.19504530111476356033001206885911162955e+00, 3.62880291116625999102720674739257268554e+00, 1.90148241104281192575734633085608521505e+00, 8.4299038490591443e+02, -3.0993269389276622e+03
0.94350000, 2.22133804166664446183208952073241045493e+00, -1.45316634528810105307521889240715956904e+00, 7.60951107941447288952774553945567690547e+00, 2.19188989349883430319621133581970754814e+00, 3.62233276913270714489649026480024137672e+00, 1.90398593046317867188885957868258557795e+00, 9.9728552835648190e+02, -3.0741395799784889e+03
0.94400000, 2.22426961470886194015429100151417235765e+00, -1.44903650599519494957992589562184737752e+00, 7.60195119436498210547612763168147651605e+00, 2.18868105813622948481257277502615540667e+00, 3.61581152950979793692156798029677673561e+00, 1.90651248104680440208348890865255934499e+00, 1.1523448378951901e+03, -3.0407264787378292e+03
0.94450000, 2.22721861410522880195630956203396523139e+00, -1.44487393197021216749498036476382694176e+00, 7.59434160418179835098543871714880901839e+00, 2.18541786995630056347709144376416424840e+00, 3.60923850208607196924546334314783643611e+00, 1.90906243824323461969127608087317840716e+00, 1.3077424613337091e+03, -2.9988714928739029e+03
0.94500000, 2.23018527732141669057720832624553532307e+00, -1.44067810481377352962510574216038906239e+00, 7.58668167345243663296203860453379796585e+00, 2.18209938112572358919354534859636568839e+00, 3.60261298206836829379153559116869961943e+00, 1.91163618421283514567837891050987577167e+00, 1.4630280205232115e+03, -2.9483761124478327e+03
0.94550000, 2.23316984701278807206950837585776803354e+00, -1.43644849373647866899381700083702567858e+00, 7.57897075368549298821670631638991644622e+00, 2.17872462030774000015523974440564143179e+00, 3.59593424958247502612728138793660388275e+00, 1.91423410797855343957141366762696686020e+00, 1.6177267385160943e+03, -2.8890615399453318e+03
0.94600000, 2.23617257119096748468358187302575046233e+00, -1.43218455515761901374480037291038190590e+00, 7.57120818291866561697397439123971753290e+00, 2.17529259189067850516094449255741248918e+00, 3.58920156915024176463910193319101087523e+00, 1.91685660558451757280284437593148957290e+00, 1.7713396978666063e+03, -2.8207708550218290e+03
0.94650000, 2.23919370339762821360905343103819225540e+00, -1.42788573228707023372821838207871404750e+00, 7.56339328531071571050264024155530198935e+00, 2.17180227518417843687463808441380349642e+00, 3.58241418914189602187896376495277898958e+00, 1.91950408026195868825927565262453919826e+00, 1.9233442421500075e+03, -2.7433712602349030e+03
0.94700000, 2.24223350288587943174624817811359539291e+00, -1.42355145468948668534927131681171447692e+00, 7.55552537071653489698858730966963514309e+00, 2.16825262358143748372492192361636505502e+00, 3.57557134120223203179968070756324829612e+00, 1.92217694260297755334051974417778035369e+00, 2.0731945332647015e+03, -2.6567564030490702e+03
0.94750000, 2.24529223480966284696643330818308764699e+00, -1.41918113782986566634872921355697397173e+00, 7.54760373424443487516890743122556403395e+00, 2.16464256368570223434831990387869606322e+00, 3.56867223964926261154437045705709697268e+00, 1.92487561074271292604922097707271773006e+00, 2.2203222775354807e+03, -2.5608487683111479e+03
0.94800000, 2.24837017042159361360376123078272329074e+00, -1.41477418259949061094453958116629658072e+00, 7.53962765579471980250251193439175521700e+00, 2.16097099439910792601950757656191205034e+00, 3.56171608084384183668182950909633425353e+00, 1.92760051055050906957854875240057300807e+00, 2.3641376340498815e+03, -2.4556021342042468e+03
0.94850000, 2.25146758727970784126272512302520846270e+00, -1.41032997482119939261483719244375495450e+00, 7.53159639957854305820074390178565706167e+00, 2.15723678597185355313698207382726222805e+00, 3.55470204252867770380125284169620025022e+00, 1.93035207583072204999460496155815637183e+00, 2.5040303190238193e+03, -2.3410040833896978e+03
0.94900000, 2.25458476946360862089553656115113871396e+00, -1.40584788473285630099575181630495873888e+00, 7.52350921361598678859795712010392430706e+00, 2.15343877900956938126483572852036602963e+00, 3.54762928313505923208642917120309881588e+00, 1.93313074853384962936565062244286504567e+00, 2.6393709202961790e+03, -2.2170785596338788e+03
0.94950000, 2.25772200780053425434041217383208108003e+00, -1.40132726644783363185528432303616967520e+00, 7.51536532921223481051701312815501757366e+00, 2.14957578343659518025744614760639668511e+00, 3.54049694105552107773595842237867669297e+00, 1.93593697897871783629184044994751577050e+00, 2.7695124362826050e+03, -2.0838884586862540e+03
0.95000000, 2.26087960010190650281698984405392205702e+00, -1.39676745739123074906333597932093495228e+00, 7.50716396041063661187780103698417849935e+00, 2.14564657741273831978525345242345539848e+00, 3.53330413388056013279802254097817064122e+00, 1.93877122608650889022285710204958545290e+00, 2.8937920538627251e+03, -1.9415382405216882e+03
0.95050000, 2.26405785141095336349490486592101773950e+00, -1.39216777771047447842485591745558064050e+00, 7.49890430342138192573488124078190443312e+00, 2.14164990620092036723501394694318882721e+00, 3.52604995759740212765991259335499252499e+00, 1.94163395762747033020286110509846103381e+00, 3.0115331797173699e+03, -1.7901765482805014e+03
0.95100000, 2.26725707426204036184774820713175192247e+00, -1.38752752965885426370043901299408725516e+00, 7.49058553602442120180266821381504247228e+00, 2.13758448098294801017537951507722399353e+00, 3.51873348574869126609493844734123253137e+00, 1.94452565048120423224615427540577991491e+00, 3.1220477395563276e+03, -1.6299988173307530e+03
0.95150000, 2.27047758895238685324839535109239272580e+00, -1.38284599695044809378692195869307908866e+00, 7.48220681694517675126793910523734884775e+00, 2.13344897762045791634572186430957060982e+00, 3.51135376854884163615172323347886916778e+00, 1.94744679091149859923898121708797558145e+00, 3.2246387594644656e+03, -1.4612498558367290e+03
0.95200000, 2.27371972382688962617653273677216985268e+00, -1.37812244408479018028259360594453168746e+00, 7.47376728520149183975070584085859179874e+00, 2.12924203535788436029798397244742037424e+00, 3.50390983195564472511412751916697664786e+00, 1.95039787485673071038356593104360922089e+00, 3.3186032432245324e+03, -1.2842263760444604e+03
0.95250000, 2.27698381557682548399584164110665175721e+00, -1.37335611563951804858432055927393630640e+00, 7.46526605942015993821513411760334628713e+00, 2.12496225546408178644398144274437821227e+00, 3.49640067669457190271989673639747076954e+00, 1.95337940823694479508865250909007770882e+00, 3.4032353589266324e+03, -1.0992794531895654e+03
0.95300000, 2.28027020955325777443882330872663107334e+00, -1.36854623552911435715879820286070642705e+00, 7.45670223712126304005884319440907306997e+00, 2.12060819980900051147173669011873174361e+00, 3.48882527723304320935824499548002725064e+00, 1.95639190727878425823984213267816317419e+00, 3.4778299474232617e+03, -9.0681688649656241e+02
0.95350000, 2.28357926009602939036110841404334280622e+00, -1.36369200622772655677585731366569442277e+00, 7.44807489396842567437256714199899268503e+00, 2.11617838937156091741237310449689226869e+00, 3.48118258070175307505912673954235396442e+00, 1.95943589885954228185747247802594649117e+00, 3.5416863642089040e+03, -7.0730543417570320e+02
0.95400000, 2.28691133087928697308766675450106716755e+00, -1.35879260795390453793369631308603724877e+00, 7.43938308298295917491483614139137036995e+00, 2.11167130267459801042125823967208823534e+00, 3.47347150575994846318634461291689861261e+00, 1.96251192087168446176893909959381441263e+00, 3.5941126650663277e+03, -5.0127289163918874e+02
0.95450000, 2.29026679527454834249110537594449418436e+00, -1.35384719781494168996380290181499907841e+00, 7.43062583371972800214306680959348377919e+00, 2.10708537414245219915854475027869836752e+00, 3.46569094140134401129968897259881255814e+00, 1.96562052260929375988619056592891406149e+00, 3.6344301442975725e+03, -2.8930997936176103e+02
0.95500000, 2.29364603673239803287887110283601915858e+00, -1.34885490890833720384696311515817331684e+00, 7.42180215140241546845745887799122953882e+00, 2.10241899237646145831870547871417551150e+00, 3.45783974569713051595998252778544139750e+00, 1.96876226517799207552384701241041866081e+00, 3.6619782325135676e+03, -7.2072003912553333e+01
0.95550000, 2.29704944918397475854340979086280566102e+00, -1.34381484937771576969297463440504548994e+00, 7.41291101601569898682066568784443971640e+00, 2.09767049834326233971118403822186608923e+00, 3.44991674447228590040575416521879126009e+00, 1.97193772193000484245629925735760404931e+00, 3.6761197587575597e+03, 1.4971974729939007e+02
0.95600000, 2.30047743746350025183805381282092654267e+00, -1.33872610142034369491951314628177248405e+00, 7.40395138135166373535670123532405314870e+00, 2.09283818347042997545491458553272079570e+00, 3.44192072991112975365222402917654496544e+00, 1.97514747892615599684075582369156732135e+00, 3.6762465791469868e+03, 3.7527692007544638e+02
0.95650000, 2.30393041775319185773907643703973659782e+00, -1.33358772024316639912581914843686012074e+00, 7.39492217400758705977853757412897916278e+00, 2.08792028764357740292764207399278374738e+00, 3.43385045908777157204212079021134660237e+00, 1.97839213542671127397102400420071075364e+00, 3.6617855711968824e+03, 6.0374336187903065e+02
0.95700000, 2.30740881805200225106459639912968165450e+00, -1.32839873296405956028664725221123783128e+00, 7.38582229233201252926526366996896745420e+00, 2.08291499709858902989251202934692356633e+00, 3.42570465241678667614660322244624183093e+00, 1.98167230441312901332870613293471854406e+00, 3.6322049894940488e+03, 8.3419479340508494e+02
0.95750000, 2.31091307866973946476686736510609555448e+00, -1.32315813745473304280352901586225427923e+00, 7.37665060531580066288565414888855117540e+00, 2.07782044220217829574232372295972665244e+00, 3.41748199201910986694219921212194155757e+00, 1.98498861314293052275253383134122708722e+00, 3.5870211743819099e+03, 1.0656389350757308e+03
0.95800000, 2.31444365274823996873779181397239338851e+00, -1.31786490112145107156414634047767299296e+00, 7.36740595142459111117663873170082412295e+00, 2.07263469511343161610849231942570302496e+00, 3.40918111999776238670751865890038515371e+00, 1.98834170374006773540732405129780808486e+00, 3.5258056007463459e+03, 1.2970161433011518e+03
0.95850000, 2.31800100681139780821163567580451210295e+00, -1.31251795961943163352478465444261089888e+00, 7.35808713736883646143071206989864927601e+00, 2.06735576731842511792930401020578498453e+00, 3.40080063661761949898224615955602020988e+00, 1.99173223382334568510533788737672459091e+00, 3.4481922488167757e+03, 1.5272006142655044e+03
0.95900000, 2.32158562134599490291082950572677302934e+00, -1.30711621549646023129421101401907878432e+00, 7.34869293680726855181074353619677788369e+00, 2.06198160702937256757889347327857419215e+00, 3.39233909838298046967311527752639657896e+00, 1.99516087717565267727669463719968776195e+00, 3.3538852730673476e+03, 1.7550022157506242e+03
0.95950000, 2.32519799141543275497232518525752909610e+00, -1.30165853676089502537538886047843851685e+00, 7.33922208897933168060286612778307979240e+00, 2.05651009643907677988646234993118095910e+00, 3.38379501600621597727550891756827758009e+00, 1.99862832445696356867994435906947991477e+00, 3.2426669387730344e+03, 1.9791690100281217e+03
0.96000000, 2.32883862730863539319106119526081827786e+00, -1.29614375536884888960393932819589302322e+00, 7.32967329726176053635806567023405546182e+00, 2.05093904882070653706290180358562868189e+00, 3.37516685226023559796240287528954941896e+00, 2.00213528396431310906593807765589886502e+00, 3.1144057884979428e+03, 2.1983905330550094e+03
0.96050000, 2.33250805522657893553560761569838351135e+00, -1.29057066562490539275904175323978849644e+00, 7.32004522764409086846481555585790041091e+00, 2.04526620546209977653420699382399889817e+00, 3.36645301970693506813018575232876337598e+00, 2.00568248244218888488246374004393700237e+00, 2.9690649927227725e+03, 2.4113018970091207e+03
0.96100000, 2.33620681800910641004428425059018080172e+00, -1.28493802249025620049365423826811593018e+00, 7.31033650711746429960899336341649422100e+00, 2.03948923242289382677715693587070046086e+00, 3.35765187829314399346927593574001778720e+00, 2.00927066594706933313655778146247086879e+00, 2.8067108299121943e+03, 2.6164887844948438e+03
0.96150000, 2.33993547590490937663736619560997864541e+00, -1.27924453979163236655187989501151772804e+00, 7.30054572197062125162976863414814356113e+00, 2.03360571710179613760140040984287764735e+00, 3.34876173280489334345138618476313239712e+00, 2.01290060077013414331487956095710950105e+00, 2.6275212315418723e+03, 2.8124934034190050e+03
0.96200000, 2.34369460738780262034805124813481882390e+00, -1.27348888832383639296798049556612242069e+00, 7.29067141598646322163938498441564687455e+00, 2.02761316460022454928886671591387238909e+00, 3.33978083017005146777571150476712372386e+00, 2.01657307442250504291338170913027205052e+00, 2.4317943169154594e+03, 2.9978214714468824e+03
0.96250000, 2.34748481002268719538123114100515174311e+00, -1.26766969383806009152167002656491381530e+00, 7.28071208853200255223107745693968483903e+00, 2.02150899386735373385859544590789308076e+00, 3.33070735659852964568425653987419673691e+00, 2.02028889668773774453220225140325199646e+00, 2.2199568309781975e+03, 3.1709502979475034e+03
0.96300000, 2.35130670138489315733852581144690708060e+00, -1.26178553490748875317641629218530431752e+00, 7.27066619253389869511103622325049796119e+00, 2.01529053361029168629807006484344211974e+00, 3.32153943454832448070356661807585925934e+00, 2.02404890074668441950130278321515351818e+00, 1.9925723857598362e+03, 3.3303380292546096e+03
0.96350000, 2.35516092003691955323319402122516104297e+00, -1.25583494066093767901505281468913073155e+00, 7.26053213233109834854459926115680870866e+00, 2.00895501795166311396984358174372493218e+00, 3.31227511950463479263353922109341236879e+00, 2.02785394438028463773106058061335619670e+00, 1.7503493925523825e+03, 3.4744341197133365e+03
0.96400000, 2.35904812656694917975418009975653557428e+00, -1.24981638837443454617746554517466795770e+00, 7.25030826139534549770994634178704279567e+00, 2.00249958181527951301157286891683697229e+00, 3.30291239655815374124760364472710980188e+00, 2.03170491125632601210566693281278585703e+00, 1.4941485574609344e+03, 3.6016910861389178e+03
0.96450000, 2.36296900469391327257140869325026082651e+00, -1.24372830090974108744863613600537620193e+00, 7.23999287990949808897115891028233973797e+00, 1.99592125601881078222784490096101116994e+00, 3.29344917676737995265928147123791386763e+00, 2.03560271230674917844765195551840611261e+00, 1.2249897975920728e+03, 3.7105775967451792e+03
0.96500000, 2.36692426244432119463272038896092820545e+00, -1.23756904398778961446152741484615280747e+00, 7.22958423219267151188802006926346118002e+00, 1.98921696205042015328094629030777682464e+00, 3.28388329328839990305098995064379600342e+00, 2.03954828720266132716937728095359137050e+00, 9.4405841892254616e+02, 3.7995929370449305e+03
0.96550000, 2.37091463340655751021163843917792827259e+00, -1.23133692328388203327836203503846135875e+00, 7.21908050396021467167778064537933072024e+00, 1.98238350650415998804621116485387284659e+00, 3.27421249725405126340685750768613597397e+00, 2.04354260593487521614596302168509507454e+00, 6.5271037991038630e+02, 3.8672828843934067e+03
0.96600000, 2.37494087806888943893672189222327564117e+00, -1.22503018133024754857744837326413537234e+00, 7.20847981940540018058160087740115921822e+00, 1.97541757514652439443118583323453365076e+00, 3.26443445338266456387860765775157703301e+00, 2.04758667050851433757863818168186169909e+00, 3.5247644729720696e+02, 3.9122570094248678e+03
0.96650000, 2.37900378524802828013783582755015866083e+00, -1.21864699421016467194771485082310625437e+00, 7.19778023808846237099892690474281687023e+00, 1.96831572658388573668429230580900287272e+00, 3.25454673529467700820383486779722598990e+00, 2.05168151676102870123293717162474931354e+00, 4.5065032474689410e+01, 3.9332074062797480e+03
0.96700000, 2.38310417361575663737436165927743262810e+00, -1.21218546802630566356664280644334441581e+00, 7.18697975161722978627802069453348473943e+00, 1.96107438549757179054553219203553453050e+00, 3.24454682051329312401610381821784833681e+00, 2.05582821631385983937590150600453519261e+00, -2.6763652152643491e+02, 3.9289288338674424e+03
0.96750000, 2.38724289333187791816735845929971817606e+00, -1.20564363512423679161610852306046125587e+00, 7.17607628010205463593933044875321778178e+00, 1.95368983541002938830094847550781455328e+00, 3.23443208512300421046976030147425374737e+00, 2.06002787866898993827148858792510716468e+00, -5.8356245063407332e+02, 3.8983402270649670e+03
0.96800000, 2.39142082779257568405544763300378541796e+00, -1.19901945005008244243807479960888141854e+00, 7.16506766836601989597817489320734043923e+00, 1.94615821094182402449048803273457261512e+00, 3.22419979805714017371822363468817788970e+00, 2.06428165346272199934873124475297131193e+00, -9.0047114398836645e+02, 3.8405075092988229e+03
0.96850000, 2.39563889550419952969016309644395393709e+00, -1.19231078521920832004269693873270070600e+00, 7.15395168188948173397402072069003793171e+00, 1.93847548951509144877616956928976273003e+00, 3.21384711498267647727031779674018597198e+00, 2.06859073289028119739813032773195019845e+00, -1.2159500649261225e+03, 3.7546676059622781e+03
0.96900000, 2.39989805209353457560924166403366518289e+00, -1.18551542627036782559844024017694610075e+00, 7.14272600246585363532245286124840911524e+00, 1.93063748245442731983794809548352156046e+00, 3.20337107174721315190753045429991484857e+00, 2.07295635431622006456030115052966187678e+00, -1.5274233173742264e+03, 3.6402535211359540e+03
0.96950000, 2.40419929246677871447379277924058780115e+00, -1.17863106707705052720940341362850489859e+00, 7.13138822354312774223679321566714199003e+00, 1.92263982543100592088894804276321541358e+00, 3.19276857734933315264893638332914542463e+00, 2.07737980308717248445335982761887033737e+00, -1.8321621698653910e+03, 3.4969202976543707e+03
0.97000000, 2.40854365313076320409202822267280071316e+00, -1.17165530438473114478974967155773898796e+00, 7.11993584522292236689513332932615761892e+00, 1.91447796818987936777257761635727521284e+00, 3.18203640638937720250733867733144010870e+00, 2.08186241556525767142004004062035627186e+00, -2.1272988600560535e+03, 3.3245716322497115e+03
0.97050000, 2.41293221469142862630938451876785149657e+00, -1.16458563203929383214378603985138937926e+00, 7.10836626888580056276484004992646678349e+00, 1.90614716349383263910856372809736357498e+00, 3.17117119095297600155324123193091509095e+00, 2.08640558240241309045039738299699662565e+00, -2.4098440094678226e+03, 3.1233868628824778e+03
0.97100000, 2.41736610454623353244063521444216367248e+00, -1.15741943476804412892528898570768324735e+00, 7.09667679140817445747361083845634863593e+00, 1.89764245520975016100177270030007866151e+00, 3.16016941187438206321900843532956042931e+00, 2.09101075207816689459958244113245229604e+00, -2.6767079800576542e+03, 2.8938479840535308e+03
0.97150000, 2.42184649978905511251312459063912356271e+00, -1.15015398147035499864172935616862817876e+00, 7.08486459893223723599269305866176313379e+00, 1.88895866545506197384716026008486108435e+00, 3.14902738932065367399820715281113324940e+00, 2.09567943472588348305424679113140840941e+00, -2.9247264998145287e+03, 2.6367662775654247e+03
0.97200000, 2.42637463034827246044521928486244071477e+00, -1.14278641797004821394082711021008959782e+00, 7.07292676014598326345877403237781311635e+00, 1.88009038071233616082533466258267190665e+00, 3.13774127263095888672869075149027552857e+00, 2.10041320627537407609490771377651315725e+00, -3.1506908723232320e+03, 2.3533080706426240e+03
0.97250000, 2.43095178238114150669086824057672621187e+00, -1.13531375917599942322777281669498897589e+00, 7.06086021902540971424871456734354132289e+00, 1.87103193680929881954198194991134258123e+00, 3.12630702933756669795970647223741794087e+00, 2.10521371294300910887122142945151517798e+00, -3.3513830633192785e+03, 2.0450190504475098e+03
0.97300000, 2.43557930195032110678340889643042209116e+00, -1.12773288059107055378694297808976158905e+00, 7.04866178698534976470421593889162477600e+00, 1.86177740264929334911670486697432568974e+00, 3.11472043328633319514652867934509117789e+00, 2.11008267610416103049768659100285349506e+00, -3.5236159235962584e+03, 1.7138464739474469e+03
0.97350000, 2.44025859901154465951376940913844234624e+00, -1.12004050910219437580473248586431561593e+00, 7.03632813437896153011341632288921513574e+00, 1.85232056256320168432120413301601120406e+00, 3.10297705176450485795277905879388173353e+00, 2.11502189758701568945992083710482127801e+00, -3.6642787598288004e+03, 1.3621585151536346e+03
0.97400000, 2.44499115174501300401537781850319044363e+00, -1.11223321297611857440480623663879460629e+00, 7.02385578127856302673423985458410699861e+00, 1.84265489713786328140136898717305840913e+00, 3.09107223153225150569903733869575528103e+00, 2.12003326543160161108648690864557722391e+00, -3.7703884002264957e+03, 9.9275988864873807e+02
0.97450000, 2.44977851126718562627306313569007040806e+00, -1.10430739097578947278929662457714445041e+00, 7.01124108746211313111435433143012698101e+00, 1.83277356235771390869201873027217771291e+00, 3.07900108364127338417592311980274947037e+00, 2.12511876016339823525127093382277930298e+00, -3.8391458173786085e+03, 6.0890278015338752e+02
0.97500000, 2.45462230676435556027068285033034450048e+00, -1.09625926050141544245724881827075223488e+00, 6.99848024152001574893576463879153359268e+00, 1.82266936687533458408620274643579573363e+00, 3.06675846690882247027576984080013883318e+00, 2.13028046163721426375849152697312840913e+00, -3.8679982627740761e+03, 2.1429200329471385e+02
0.97550000, 2.45952425109481262131968543049266545508e+00, -1.08808484464765496744600351142747694954e+00, 6.98556924898585967789403422780771571767e+00, 1.81233474720238542840189224758081988025e+00, 3.05433896989820596471359106155801487332e+00, 2.13552055651431584661773821004109323286e+00, -3.8547067325207914e+03, -1.8691681094743870e+02
0.97600000, 2.46448614691265382933543832021599907374e+00, -1.07977995805383496779870807946070993458e+00, 6.97250391938194977975956599307664802067e+00, 1.80176174058444283895867238269968997862e+00, 3.04173689123690423144155425565136680265e+00, 2.14084134644419894402887546827688671879e+00, -3.7974184176420625e+03, -5.9012729626663016e+02
0.97650000, 2.46950989337353783903136911045447401548e+00, -1.07134019140727431699740327051497901298e+00, 6.95927985205573632432785153306763042263e+00, 1.79094195529089321554256889298503347952e+00, 3.02894621808036135639496292035602021844e+00, 2.14624525703214173688994277175075557680e+00, -3.6947435906036345e+03, -9.9032211303755719e+02
0.97700000, 2.47459749349108091534030216794256273442e+00, -1.06276089444024782916037194351406226731e+00, 6.94589242066614832814334102616586862494e+00, 1.77986653801345838810318863527021410313e+00, 3.01596060250272267494315295780879450845e+00, 2.15173484768498319910286072364658033456e+00, -3.5458361378134233e+03, -1.3820938914259943e+03
0.97720000, 2.47665088235296647689480581734936238311e+00, -1.05928901652499328149560719164626211474e+00, 6.94049062407618979517658820644853510591e+00, 1.77536271717533605854629042901169533597e+00, 3.01071028235641105269404204463850447373e+00, 2.15395527494376121048654669956699587135e+00, -3.4732558942044575e+03, -1.5351657266921258e+03
0.97740000, 2.47871496548491699559369521394653632291e+00, -1.05579370481281672985559902983925855539e+00, 6.93506159004822173083440600444058721831e+00, 1.77081588317473433203152928824518085390e+00, 3.00542725593461821358197506388185326196e+00, 2.15619002180927798045489625313471822135e+00, -3.3932520402013803e+03, -1.6855904723481077e+03
0.97760000, 2.48078988671885915561553185453757048543e+00, -1.05227462541699524179641701201679472589e+00, 6.92960498862716923255576511973629490914e+00, 1.76622539991329605493538805323294931995e+00, 3.00011106654632009690261395766154503931e+00, 2.15843927231788621152215462000927568305e+00, -3.3058603200286873e+03, -1.8329793337481681e+03
0.97780000, 2.48287579317602187792770637201970882975e+00, -1.04873143682445819329132506918788033725e+00, 6.92412048275454318845183567430346499677e+00, 1.76159061668032683491122780455998907152e+00, 2.99476124690120926778093562194732352108e+00, 2.16070321477627928447986679368111126150e+00, -3.2111364033816995e+03, -1.9769375573842401e+03
0.97800000, 2.48497283537250285316905299764621945300e+00, -1.04516378965162108567341966739699881598e+00, 6.91860772804702450087351340775441214741e+00, 1.75691086768444830330918296722767632995e+00, 2.98937731877160412716055573239927824172e+00, 2.16298204190309924670135587120466412272e+00, -3.1091567343896258e+03, -2.1170652747889962e+03
0.97820000, 2.48708116732919006790053358688311861063e+00, -1.04157132639012338903932844396275283570e+00, 6.91306637256606058325263364755667083774e+00, 1.75218547156586199930395497525334107318e+00, 2.98395879264048363617963056517205247958e+00, 2.16527595097641697405469932561260263392e+00, -3.0000193670680591e+03, -2.2529584198420006e+03
0.97840000, 2.48920094668625911073940371503641348739e+00, -1.03795368114195718396369472398799547151e+00, 6.90749605657802349850765477953039674399e+00, 1.74741373088823712056692054444528726684e+00, 2.97850516733494400788185771134752046974e+00, 2.16758514398738182477828229160291817379e+00, -2.8838447828550473e+03, -2.3842097219443299e+03
0.97860000, 2.49133233482248038000676177784936932566e+00, -1.03431047934344230926344233872512082252e+00, 6.90189641230445211192831026966144401439e+00, 1.74259493160917561269292907177590931514e+00, 2.97301592964433127946305826070722334796e+00, 2.16990982780035608551903198424393797852e+00, -2.7607766854690816e+03, -2.5104097774223280e+03
0.97880000, 2.49347549697958458707948033842261218905e+00, -1.03064133747747047188688083974016540420e+00, 6.89626706366187175010299528823042079713e+00, 1.73772834252814408534457965831257982704e+00, 2.96749055392225814622540283033652308465e+00, 2.17225021431986875758845058030681728875e+00, -2.6309827679557623e+03, -2.6311482013914390e+03
0.97900000, 2.49563060239195023501632099286026178386e+00, -1.02694586277340515966590061115126318067e+00, 6.89060762599065393923446224956865883104e+00, 1.73281321471069350798586283486362485749e+00, 2.96192850167166467341812754717177544861e+00, 2.17460652066474384722597660641245763787e+00, -2.4946554464027900e+03, -2.7460148621537190e+03
0.97920000, 2.49779782442189313243246546547977156250e+00, -1.02322365289398602654868294924915841569e+00, 6.88491770577234567657742277206556587909e+00, 1.72784878088771418211019633079819211978e+00, 2.95632922111203024166201913983183988685e+00, 2.17697896934978041838962452627402981212e+00, -2.3520125544006850e+03, -2.8546012000149510e+03
0.97940000, 2.49997734070085556776357630372994524590e+00, -1.01947429560854548330308681907696232225e+00, 6.87919690033486218819069513929055913527e+00, 1.72283425482839470605991878483488185195e+00, 2.95069214672778803911137716143856103194e+00, 2.17936778847538536161954275161251438293e+00, -2.2032979919098277e+03, -2.9565016321863134e+03
0.97960000, 2.50216933327681161702508434801872799471e+00, -1.01569736845180129541222102642399360161e+00, 6.87344479754489904865340014795791464584e+00, 1.71776883068546910151617626503470295890e+00, 2.94501669879693327581936637251745696541e+00, 2.18177321192558526036435783502370512229e+00, -2.0487823217638334e+03, -3.0513150451781712e+03
0.97980000, 2.50437398876822529612491415755881948140e+00, -1.01189243836744181342123953918518027278e+00, 6.86766097548687866953666204276016993355e+00, 1.71265168231124547487285996301664727147e+00, 2.93930228289875172061348013302849599924e+00, 2.18419547957487104172933044610946844150e+00, -1.8887633065959234e+03, -3.1386463757963987e+03
0.98000000, 2.50659149852492001402783871005616777275e+00, -1.00805906133566976513424823914704875988e+00, 6.86184500212770226880175416035480096987e+00, 1.70748196254281201378545743111218844554e+00, 2.93354828939952577353632494495957782983e+00, 2.18663483750435844048048491646332248284e+00, -1.7235663785201227e+03, -3.2181082815111671e+03
0.98020000, 2.50882205879624116407033787518268035374e+00, -1.00419678198381602345542266599630386965e+00, 6.85599643496653125621696851440156311475e+00, 1.70225880245471119061937047076700659522e+00, 2.92775409291500067724808170845663508322e+00, 2.18909153822777885701622507621005800550e+00, -1.5535450334343735e+03, -3.2893229005805461e+03
0.98040000, 2.51106587090691884832154412381693432572e+00, -1.00030513317907609904692558481399483864e+00, 6.85011482066877122904608577817568649594e+00, 1.69698131057726012598888149704720213302e+00, 2.92191905174831318891524562565487172698e+00, 2.19156584092784914231735447844879039537e+00, -1.3790811413399321e+03, -3.3519237018725810e+03
0.98060000, 2.51332314144106481860424171653053284431e+00, -9.96383635602358932031252536894150181435e-01, 6.84419969468337715911596357317164384277e+00, 1.69164857207857346102316103946541844893e+00, 2.91604250730199858648635740212103540604e+00, 2.19405801170360540454910181541699066292e+00, -1.2005851635930124e+03, -3.4055574238354944e+03
0.98080000, 2.51559408243476690733208591355645530360e+00, -9.92431797302169474876490405598800474129e-01, 6.83825058084253952818335178288497446104e+00, 1.68625964790821403192815002851798459147e+00, 2.91012378346259872785889298971304561071e+00, 2.19656832382932533248894724182171947814e+00, -1.0184962675232969e+03, -3.4498861015118708e+03
0.98100000, 2.51787891157777569822859315080855585515e+00, -9.88449113227373133137409976767315004094e-01, 6.83226699094274776106302652155508006092e+00, 1.68081357390025529439221595841437062905e+00, 2.90416218595629342245255505002284733589e+00, 2.19909705802570602255241522694195114491e+00, -8.3328232837287626e+02, -3.4845891798744576e+03
0.98120000, 2.52017785242481215652146142329511511907e+00, -9.84435064737610881868749332315291464269e-01, 6.82624842430615890582826507610899319880e+00, 1.67530935983338688359457797517718906235e+00, 2.89815700167386895654049740978327834422e+00, 2.20164450274401015645976034746336687305e+00, -6.4543980803217408e+02, -3.5093657110736712e+03
0.98140000, 2.52249113461706162640786010986334305610e+00, -9.80389119090048274575250299728827245152e-01, 6.82019436732112566677974154163890839478e+00, 1.66974598844552989937108972596607513033e+00, 2.89210749796322051431127914870038349834e+00, 2.20421095446394291125474984482292278504e+00, -4.5549349958084262e+02, -3.5239366324249597e+03
0.98160000, 2.52481899411445925967784294470482976420e+00, -9.76310728901049025605980303797532186905e-01, 6.81410429296065811201239704407101160795e+00, 1.66412241440025035235895447143860843577e+00, 2.88601292188745866001711341055519206012e+00, 2.20679671800607552951800707829778277159e+00, -2.6399612618653730e+02, -3.5280471211225862e+03
0.98180000, 2.52716167343941483839057848755827834958e+00, -9.72199331581263732614506822968803779280e-01, 6.80797766027750710523468094798130757784e+00, 1.65843756320206645613532693337651068546e+00, 2.87987249944655311423271295095209346663e+00, 2.20940210685968940720693848830103534593e+00, -7.1527782478712527e+01, -3.5214690207397257e+03
0.98200000, 2.52951942193267140024690963410752303610e+00, -9.68054348742515902359142417744757612450e-01, 6.80181391387446414576769381254577575989e+00, 1.65269033005753673302382526378984361797e+00, 2.87368543476029879873395135529073904090e+00, 2.21202744352697728057202444512493986467e+00, 1.2130479389521342e+02, -3.5040033335574700e+03
0.98220000, 2.53189249602204240378613758385876873426e+00, -9.63875185574749964675679641797156616640e-01, 6.79561248334837117227078873441160442045e+00, 1.64687957867878970277853011069717396471e+00, 2.86745090921022846657753103229914946341e+00, 2.21467305988460606655311633396281164346e+00, 3.1386913320020567e+02, -3.4754827716517527e+03
0.98240000, 2.53428115950482675372550234824061941684e+00, -9.59661230191178535670051114618807685246e-01, 6.78937278270622425420707914723308229343e+00, 1.64100414002591056686395461339702454998e+00, 2.86116808053792198847318098019706947321e+00, 2.21733929756371963615046907469578109901e+00, 5.0550814003338843e+02, -3.4357743584516394e+03
0.98260000, 2.53668568384476025691104522727381241633e+00, -9.55411852939627857501711041935110518371e-01, 6.78309420975163613996134948841907194760e+00, 1.63506281098433392787543747911508695413e+00, 2.85483608189697321666617704417917124091e+00, 2.22002650834953983521926214866666879808e+00, 6.9554140851823496e+02, -3.3847820711591948e+03
0.98280000, 2.53910634848442645387228456114495903784e+00, -9.51126405677930028290440465460110434597e-01, 6.77677614543979344187103676781347170965e+00, 1.62905435297310213136000495957425663099e+00, 2.84845402085566983221625426618763334440e+00, 2.22273505460181103080867699903571587831e+00, 8.8326675977723164e+02, -3.3224495129846306e+03
0.98300000, 2.54154344117411977797685228734877038868e+00, -9.46804221011047152734400523930340957189e-01, 6.77041795319890380573652597733057125058e+00, 1.62297749047953399473152218913240788241e+00, 2.84202097834721807777654150780080778548e+00, 2.22546530969742804103379975669163170651e+00, 1.0679620153307367e+03, -3.2487626025952165e+03
0.98320000, 2.54399725831823019874703213653611212332e+00, -9.42444611487434569641784240507213819064e-01, 6.76401897821597561221624273833460646498e+00, 1.61683090951550594684663893066356464755e+00, 2.83553600756410098076645803764707556847e+00, 2.22821765849669026713756214259408723752e+00, 1.2488870201240648e+03, -3.1637522664973496e+03
0.98340000, 2.54646810534030153723210936737777835239e+00, -9.38046868751956374295720094118746155797e-01, 6.75757854668460633940298988707718009147e+00, 1.61061325599017410447135589815020054596e+00, 2.82899813279289357141454521529616083664e+00, 2.23099249783473703928616160052616552582e+00, 1.4252859288341853e+03, -3.0674971182634608e+03
0.98360000, 2.54895629706800620089466517285449853726e+00, -9.33610262652454909751516553711593588606e-01, 6.75109596501227428619458492317344600886e+00, 1.60432313399355839455712621179874004075e+00, 2.82240634818556945594278120909436635921e+00, 2.23379023703984156199376951668017131508e+00, 1.5963897689344047e+03, -2.9601261065748888e+03
0.98380000, 2.55146215813937795627916483813085807566e+00, -9.29134040296844919238224547930188029893e-01, 6.74457051898443035969896938038849595981e+00, 1.59795910398496496215839964506629230118e+00, 2.81575961646301741614795635454442054441e+00, 2.23661129848037446054986994392301662269e+00, 1.7614192936806066e+03, -2.8418211119749956e+03
0.98400000, 2.55398602343175241495763053438263358643e+00, -9.24617425057350583463778619501624908282e-01, 6.73800147288247032929418077455855209524e+00, 1.59151968087973683522716157329373805862e+00, 2.80905686754614167746315240604251037120e+00, 2.23945611814239397086405046758558238126e+00, 1.9195881377044978e+03, -2.7128194700111091e+03
0.98420000, 2.55652823851498313135609572636891078606e+00, -9.20059615518227419268720050786308761523e-01, 6.73138806855243140112749118264790990571e+00, 1.58500333202729073094437983813916872302e+00, 2.80229699710954198982994283822804834057e+00, 2.24232514623997960741057979966805964998e+00, 2.0701062872339669e+03, -2.5734163960880058e+03
0.98440000, 2.55908916013063069773246151489057712121e+00, -9.15459784363008420425029389996579644037e-01, 6.72472952442099799193962195527531833362e+00, 1.57840847507281503167297173287947061663e+00, 2.79547886505235619345866930802892983352e+00, 2.24521884786060117318107925938126969896e+00, 2.2121838760817214e+03, -2.4239672848597426e+03
0.98460000, 2.56166915669896420365865755531973849426e+00, -9.10817077196981993943220104947763873735e-01, 6.71802503445511773689603478641414386881e+00, 1.57173347569436477436061689178288325907e+00, 2.78860129388039456039097664728312621230e+00, 2.24813770364800690917806583740690476237e+00, 2.3450353174217325e+03, -2.2648898543526709e+03
0.98480000, 2.56426860885577028926401894552098372805e+00, -9.06130611300244945355600086443998719683e-01, 6.71127376706121730772095663586295747325e+00, 1.56497664520638773901899674176241245586e+00, 2.78166306699319749117636034927846973693e+00, 2.25108221052532529303514865969804035402e+00, 2.4678837799767220e+03, -2.0966661022445893e+03
0.98500000, 2.56688791002113632133537018998009899505e+00, -9.01399474306273346682246761650566706836e-01, 6.70447486391966545662063104565344815150e+00, 1.55813623801994435939219008359483031834e+00, 2.77466292686910112774819140606993917719e+00, 2.25405288246130659611473395809733076695e+00, 2.5799660155339301e+03, -1.9198440388300935e+03
0.98520000, 2.56952746700256271537637058974493497500e+00, -8.96622722800513469860604228289944262539e-01, 6.69762743874975435850578695050941626570e+00, 1.55121044894903528740866377163517039202e+00, 2.76759957314079350996777784259181812203e+00, 2.25705025128288517352579793564983801176e+00, 2.6805375426524384e+03, -1.7350391581903024e+03
0.98540000, 2.57218770063496709748339594736618607609e+00, -8.91799380833009445052242451424767619044e-01, 6.69073057600005587199378429562966983532e+00, 1.54419741035151507604886275818959035057e+00, 2.76047166055318072286812258710968884736e+00, 2.26007486753752427610863321560898219171e+00, 2.7688781889817086e+03, -1.5429356059701989e+03
0.98560000, 2.57486904646037208901090224286993064684e+00, -8.86928438338548659637183686136552389147e-01, 6.68378332945855234014121052255350276742e+00, 1.53709518909203848709021899280657053158e+00, 2.75327779679465089595743009722293429444e+00, 2.26312730140911497259922052712907238586e+00, 2.8442979917325195e+03, -1.3442869989672311e+03
0.98580000, 2.57757195545032154305518729833743007065e+00, -8.82008849457214206745725059864249437241e-01, 6.67678472077643698008711085262085158010e+00, 1.52990178331334592448130452698691279855e+00, 2.74601654019201581858935627493604753134e+00, 2.26620814369154299122192099636559708677e+00, 2.9061434524792940e+03, -1.1399168484743664e+03
0.98600000, 2.58029689477434994442922739574212916699e+00, -8.77039530747579180156579403228253190242e-01, 6.66973373789892106887672453184441267422e+00, 1.52261511900093344484935178196962551809e+00, 2.73868639725851613116764184057755207838e+00, 2.26931800682441583219483229655528391067e+00, 2.9538041385743317e+03, -9.3071853602953557e+02
0.98620000, 2.58304434861813967612733565912489540493e+00, -8.72019359284052634736367324910393631442e-01, 6.66262933339576754845963915027780458675e+00, 1.51523304632475593625443497625353854596e+00, 2.73128582008328609293116868990874153513e+00, 2.27245752599586179704053754648940436909e+00, 2.9867196189634519e+03, -7.1765478693877779e+02
0.98640000, 2.58581481905534467980814571883181833012e+00, -8.66947170629082868449871428152611601797e-01, 6.65547042268358598158920562982279853271e+00, 1.50775333574006257478965438461714967165e+00, 2.72381320354957592131423961438361278719e+00, 2.27562736031777767107481597316241544826e+00, 3.0043867170491131e+03, -5.0175658370839739e+02
0.98660000, 2.58860882697744094267511445913557469388e+00, -8.61821756670030389921018132026434555041e-01, 6.64825588213116359697480699574150465422e+00, 1.50017367382774239688274531164987405526e+00, 2.71626688236781008554789602590465478273e+00, 2.27882819407941843391485163772417631850e+00, 3.0063670573878962e+03, -2.8412145839804881e+02
0.98680000, 2.59142691308638908028639656772724201081e+00, -8.56641863309529155025246887286097288047e-01, 6.64098454703826187908844595108884143237e+00, 1.49249165885264286358676396823113380448e+00, 2.70864512790820322808874994559092978070e+00, 2.28206073808579713073743394065680814485e+00, 2.9922948763678860e+03, -6.5911099959399094e+01
0.98700000, 2.59426963895536760779443041774631281385e+00, -8.51406187997047385082079264359717991612e-01, 6.63365520947736681554669001834198407292e+00, 1.48470479601619057532224067226791137933e+00, 2.70094614481614385280127986729678459479e+00, 2.28532573108800343628719986546316366053e+00, 2.9618850595188939e+03, 1.5165179006525844e+02
0.98720000, 2.59713758816336366979937681768694625867e+00, -8.46113377088123607019559197091045445456e-01, 6.62626661598683093665783622973240044791e+00, 1.47681049237726207427661588606208242619e+00, 2.69316806739186922797978449004347620680e+00, 2.28862394131326411108734292787464290539e+00, 2.9149413596936599e+03, 3.6728746244713433e+02
0.98740000, 2.60003136750999835009383876024843132834e+00, -8.40762023016372348024091684184959190574e-01, 6.61881746510267222063206378370892783396e+00, 1.46880605141259091240237862579449536909e+00, 2.68530895571406974428450379510873414972e+00, 2.29195616810336739876429066607065342739e+00, 2.8513647409492182e+03, 5.7966397661053772e+02
0.98760000, 2.60295160831762463463196150441910850359e+00, -8.35350661261807443512352990861569187869e-01, 6.61130640471498216399338786363678213979e+00, 1.46068866718501682578964863596720773990e+00, 2.67736679148495034389423351727937053418e+00, 2.29532324367096786131522431540916278606e+00, 2.7711617824829327e+03, 7.8740302050964516e+02
0.98780000, 2.60589896782847737920046051185142799856e+00, -8.29877767097296410177755814962590155914e-01, 6.60373202923342364582851199985215929888e+00, 1.45245541808454004421115977662666639117e+00, 2.66933947357190955977523491831049361282e+00, 2.29872603498429137040861373443424012443e+00, 2.6744530653678011e+03, 9.8908676665512688e+02
0.98800000, 2.60887413070548748467471763748181011453e+00, -8.24341752093010465052533372726421512189e-01, 6.59609287654464646769958673106729557743e+00, 1.44410326010338771088787093772284270557e+00, 2.66122481321833728016533573332790500185e+00, 2.30216544579188720502091356493448149154e+00, 2.5614814520212876e+03, 1.1832658364731770e+03
0.98820000, 2.61187781064630994434663854014761323282e+00, -8.18740960356541017474709726487573718600e-01, 6.58838742474258892878477373238277617707e+00, 1.43562901960207124685741158490892346640e+00, 2.65302052889303898211522250617619761050e+00, 2.30564241880034311213171775957465238747e+00, 2.4326201542731137e+03, 1.3684684435955780e+03
0.98840000, 2.61491075212117264648900181488389488491e+00, -8.13073664483879365690860159310260585686e-01, 6.58061408861053764940635358884680550809e+00, 1.42702938551864489863906457311708570649e+00, 2.64472424074441852937923699042547974655e+00, 2.30915793801931029077859797548984305934e+00, 2.2883804705228242e+03, 1.5432107836957250e+03
0.98860000, 2.61797373224634743188815298974399971036e+00, -8.07338061193660598910174908992499530720e-01, 6.57277121583145033410902651635501519169e+00, 1.41830090096798703343613335131516639216e+00, 2.63633346462173742172012470780421660868e+00, 2.31271303128980246375900492588872783673e+00, 2.1294190557655591e+03, 1.7060087338185837e+03
0.98880000, 2.62106756280639751718043013134389932001e+00, -8.01532266613907126916519331054950817787e-01, 6.56485708290036670738292691120207267185e+00, 1.40943995417182402949609370019422995040e+00, 2.62784560562144990801085174591725233477e+00, 2.31630877301356441542473982511340938102e+00, 1.9565445702032956e+03, 1.8553909174771020e+03
0.98900000, 2.62419309243989011022353819911266377199e+00, -7.95654311186915399777847364689436471815e-01, 6.55686989070969399837861653757228920315e+00, 1.40044276865329303318685068785422205010e+00, 2.61925795111171372765987305374533992146e+00, 2.31994628710338327019277739637599000919e+00, 1.7707235327659022e+03, 1.9899131827318845e+03
0.98920000, 2.62735120900500816074490695989614310479e+00, -7.89702134153845008034027334941602996050e-01, 6.54880775977469940820014765776648132931e+00, 1.39130539262196670502230627127605444400e+00, 2.61056766318260516854326433291668662101e+00, 2.32362675017657871300387723116940832405e+00, 1.5730851851954117e+03, 2.1081745286120123e+03
0.98940000, 2.63054284214348401194837883997002060814e+00, -7.83673577575914523199064771890297335268e-01, 6.54066872506260744707382061683234896097e+00, 1.38202368746629004978355524206574165738e+00, 2.60177177046321841236870201020579921068e+00, 2.32735139501660144536217345693482393971e+00, 1.3649251504991747e+03, 2.2088345000936005e+03
0.98960000, 2.63376896606354955459674518517539375283e+00, -7.77566379843791156378600686258015987706e-01, 6.53245073038420757585536107098281323144e+00, 1.37259331526012912578928469968929690701e+00, 2.59286715923957743323055209860556396965e+00, 2.33112151433074570390472071341097759142e+00, 1.1477076467147157e+03, 2.2906320528890589e+03
0.98980000, 2.63703060256519886607441490479903135253e+00, -7.71378168620672686776790685579500636403e-01, 6.52415162230173574872344346190495398933e+00, 1.36300972517839386845937404557941492477e+00, 2.58385056379898565664429557658763080993e+00, 2.33493846483550471139260369696389152949e+00, 9.2306599328945008e+02, 2.3524058659088177e+03
0.99000000, 2.64032882433404549494755278486662661256e+00, -7.65106453157570851125228206737724679836e-01, 6.51576914350089364698530412845958713202e+00, 1.35326813870322311695757245049575816886e+00, 2.57471855591690802644808281621084969885e+00, 2.33880367170514237401711810563027818951e+00, 6.9280112329613125e+02, 2.3931160507643571e+03
0.99020000, 2.64366475853349334123152463606717411583e+00, -7.58748615911261492497085582131372831634e-01, 6.50730092556808231838936755587303620092e+00, 1.34336353348671222408351803703351382699e+00, 2.56546753339151226864149456031753640196e+00, 2.34271863342370959697201246748309813473e+00, 4.5887779063368631e+02, 2.4118671733412599e+03
0.99040000, 2.64703959072890613926822143262349157493e+00, -7.52301903386084213872531306679628796250e-01, 6.49874448110609811853639050282004193582e+00, 1.33329062571826746266094949067693607181e+00, 2.55609370751834028801609677267228935293e+00, 2.34668492708610588609347760639020966667e+00, 2.2341813790449434e+02, 2.4079324614662961e+03
0.99060000, 2.65045456918205019701040329262262738356e+00, -7.45763416110032399243909458233576602070e-01, 6.49009719511248310934282226833070181143e+00, 1.32304385082396125341266892498393017559e+00, 2.54659308938293619158354514760568639514e+00, 2.35070421420000430576993488664944955234e+00, -1.1307731403295227e+01, 2.3807790241361620e+03
0.99080000, 2.65391100955941179730466961482721518651e+00, -7.39130097643107708196585465038897613113e-01, 6.48135631553421661988661615892107572132e+00, 1.31261734230122591481156994877384746019e+00, 2.53696147483226269900507283717067385127e+00, 2.35477824704767426495281780254407501858e+00, -2.4289455245977261e+02, 2.3300938507168585e+03
0.99100000, 2.65741030010419164021349798551147148535e+00, -7.32398722501400790743214773296163597332e-01, 6.47251894290021050276963319603477018995e+00, 1.30200490846424262657799953591599660139e+00, 2.52719442796595582921019295333354532418e+00, 2.35890887567513790258304000259766472935e+00, -4.6881846237454207e+02, 2.2558102919595593e+03
0.99120000, 2.66095390732902016494287240846195624829e+00, -7.25565882863413138042130755311153045041e-01, 6.46358201891880163406245960803487140574e+00, 1.29120000684270662916709608092081969337e+00, 2.51728726296536911632545444415299881696e+00, 2.36309805558590746739916367548078926983e+00, -6.8645772991810570e+02, 2.1581346475768757e+03
0.99140000, 2.66454338229492195308221761345564494689e+00, -7.18627973905280302604771126449355042172e-01, 6.45454231391072454444525525289809703774e+00, 1.28019571593836637637783212081586528439e+00, 2.50723502405129851592051873065872190096e+00, 2.36734785622804749100208616157453093233e+00, -8.9311805778557832e+02, 2.0375723964464520e+03
0.99160000, 2.66818036755203214505001513891513599850e+00, -7.11581177588215526152720933082030836915e-01, 6.44539641292840971681840741946256500919e+00, 1.26898470399872737064309518067434511120e+00, 2.49703246332946958200547118463186251707e+00, 2.37166047037682228552288286382114215433e+00, -1.0860628571292701e+03, 1.8949535042632943e+03
0.99180000, 2.67186660482933675427210646236735422884e+00, -7.04421444693954656190216555723207114426e-01, 6.43614070038929369993941535346080612618e+00, 1.25755919441421050255784517149524775760e+00, 2.48667401624534197928135964312360642024e+00, 2.37603822453113838945493555745266637091e+00, -1.2625488748825470e+03, 1.7314561287611371e+03
0.99200000, 2.67560394357464673918802843103917940371e+00, -6.97144474871371891340112899550331651297e-01, 6.42677134302341167194293378033112879435e+00, 1.24591092728216989630425077113948501746e+00, 2.47615377432534982155071349537726466602e+00, 2.38048359046088129279164993962005817351e+00, -1.4198675186331347e+03, 1.5486279137755849e+03
0.99220000, 2.67939435046258720760072003178979253998e+00, -6.89745694418665542912336527868418288942e-01, 6.41728427090296193140049021175155159385e+00, 1.23403111660641223658248408347506728851e+00, 2.46546545482887124289831591806133387503e+00, 2.38499919806470603874143793567399088200e+00, -1.5553921669472644e+03, 1.3484039200567680e+03
0.99240000, 2.68323992000816676278427735755170510875e+00, -6.82220231479231350076660551216169923419e-01, 6.40767515628265252868249534585300355129e+00, 1.22191040251161005436993190477279523412e+00, 2.45460236687216585494253978625921321687e+00, 2.38958784972465678840540369668332222919e+00, -1.6666316696263180e+03, 1.1331200829747462e+03
0.99260000, 2.68714288644721218461610848300689568867e+00, -6.74562888273855002765931817393993185547e-01, 6.39793938993304541510214394190521713800e+00, 1.20953879774500012400109345512718922678e+00, 2.44355737350992949071255980671522158726e+00, 2.39425253637614364833547302971574333726e+00, -1.7512901258357240e+03, 9.0552091593224697e+02
0.99280000, 2.69110563707352239120001611262947280929e+00, -6.66768109925034390441300347379391380087e-01, 6.38807205459301916504282219857455507346e+00, 1.19690562760889457550421132892496811525e+00, 2.43232284916909078889121625212929049352e+00, 2.39899645555053297096328479066319625420e+00, -1.8073328705734047e+03, 6.6875999526586140e+02
0.99300000, 2.69513072725716775441583147858494277249e+00, -6.58829949348387788089546330486863402425e-01, 6.37806789509961945995685111281472827136e+00, 1.18399946231160262264922383749088682911e+00, 2.42089063171934108501912228335731956844e+00, 2.40382303169447627482785028838410182923e+00, -1.8330583923217098e+03, 4.2639157097051768e+02
0.99320000, 2.69922089741040744074001145793355491714e+00, -6.50742027587780399395132685752433014567e-01, 6.36792128467108156286060648889888468519e+00, 1.17080804053473665025207960732897783665e+00, 2.40925196833097019211870132292399541309e+00, 2.40873593912710830472370117245729488230e+00, -1.8271756361676611e+03, 1.8235145298901863e+02
0.99340000, 2.70337909221910448979152433141976388648e+00, -6.42497488850603679981358726442797711488e-01, 6.35762618671800567093180545634020150484e+00, 1.15731818278306141160354101096568184217e+00, 2.39739745410688054007844044395813129264e+00, 2.41373912806594482089632414863350785781e+00, -1.7888858047113963e+03, -5.9074866977038096e+01
0.99360000, 2.70760848252071996332548563041118243878e+00, -6.34088949351885641553010120490679548268e-01, 6.34717611143378946928887212532912892545e+00, 1.14351569279807504183697013761912847903e+00, 2.38531696227443449832490674628623111585e+00, 2.41883685423800742681573679692168506656e+00, -1.7179673395015773e+03, -2.9329907157734713e+02
0.99380000, 2.71191249028812765783672040027131132379e+00, -6.25508438893208908958451476336212198432e-01, 6.33656406626229398910632371117631615837e+00, 1.12938524496413613137144515252685857220e+00, 2.37299956447400095019064236683907591140e+00, 2.42403371269868826420816463751454211473e+00, -1.6148622326528555e+03, -5.1549420587128952e+02
0.99400000, 2.71629481727575311207940044728150529238e+00, -6.16747333875094367897683706647828433819e-01, 6.32578249915025037691506325024879917879e+00, 1.11491025519751424729177855181760428055e+00, 2.36043343937154419045214109949433727444e+00, 2.42933467661276295582076780843208177421e+00, -1.4807611644178618e+03, -7.2067863627006907e+02
0.99410000, 2.71851659179414363281395189391420545336e+00, -6.12296166121605718532669560972107991939e-01, 6.32032561599446026755554196821047368797e+00, 1.10753799431945910326450190600797250285e+00, 2.35405314017229092571691381503414890685e+00, 2.43202586647127955232663510329722428908e+00, -1.4026839601746209e+03, -8.1531841567410626e+02
0.99420000, 2.72075947800637458709139246817875735977e+00, -6.07796280156806346648749180798241557970e-01, 6.31482323325343264709099830233679609548e+00, 1.10007273225961696335198163861717591972e+00, 2.34760576743496931432758313138096427000e+00, 2.43474514191718629240011984136419993959e+00, -1.3176841696919395e+03, -9.0382221718050920e+02
0.99430000, 2.72302403285515150930786712793382346791e+00, -6.03246377933009076185362654309264592307e-01, 6.30927421882231559846392191372545519281e+00, 1.09251197203877685945554088647204259885e+00, 2.34108954279203744978716426947592459250e+00, 2.43749325197390915067188955950606729047e+00, -1.2261557051289962e+03, -9.8557512679148067e+02
0.99440000, 2.72531083793061052981288155046027844106e+00, -5.98645103818460268321974088206051375077e-01, 6.30367739146492068118809502334354080158e+00, 1.08485310574305948603008617597454042779e+00, 2.33450260922508397351911118975212962243e+00, 2.44027097899374043531151019660544340691e+00, -1.1285525869059628e+03, -1.0599769705634273e+03
0.99450000, 2.72762050102025207125103007991648911992e+00, -5.93991040972765645218086523118552643950e-01, 6.29803151775247864335927411200629574797e+00, 1.07709340753662054464570401418783756092e+00, 2.32784302612251684648574974099938427478e+00, 2.44307914075706925644322087844478529730e+00, -1.0253903251785863e+03, -1.1264478738118221e+03
0.99460000, 2.72995365778643762004287859151039113573e+00, -5.89282707424049394634680857656117023001e-01, 6.29233530875178622744161429649995342205e+00, 1.06923002609917867334439411413754145167e+00, 2.32110876393091111694032149772972704865e+00, 2.44591859274451897578016449838000058838e+00, -9.1724692090727451e+02, -1.1844342656164247e+03
0.99470000, 2.73231097358452089200801021318277241357e+00, -5.84518551817303734206114520044308378123e-01, 6.28658741643715194124439591568208195835e+00, 1.06125997642945875103940306698927179590e+00, 2.31429769835842936025271843471719752089e+00, 2.44879023059971772755091735410023652083e+00, -8.0476341993598386e+02, -1.2334153307655842e+03
0.99480000, 2.73469314543629772300686813997012559647e+00, -5.79696948799620270703254906002331236507e-01, 6.28078642979739799738520226478030011748e+00, 1.05318013094837721357356509964661302986e+00, 2.30740760408360299006207148547308224058e+00, 2.45169499280261617727792469662980972923e+00, -6.8864394700388030e+02, -1.2729099058461479e+03
0.99490000, 2.73710090417530613310946655460140472492e+00, -5.74816194003682549824948396406746663738e-01, 6.27493087060556846178632717994267834371e+00, 1.04498720982747838520533388238838985333e+00, 2.30043614791689411570263857997957156832e+00, 2.45463386357577239449948123953593044838e+00, -5.6965513984161098e+02, -1.3024838095823925e+03
0.99500000, 2.73953501678262850106101076254645105147e+00, -5.69874498585949634543260569002422572514e-01, 6.26901918881485352859572639163280769533e+00, 1.03667777045858315213193657622878062876e+00, 2.29338088135572154765740794321894803500e+00, 2.45760787604890034010560778784486648955e+00, -4.4862489651625645e+02, -1.3217575895722402e+03
0.99510000, 2.74199628893428841762453344137074700116e+00, -5.64869983270264365261218009211391645561e-01, 6.26304975753947568290164498082959507789e+00, 1.02824819596962327779201893528850546797e+00, 2.28623923246588264349783914878747220874e+00, 2.46061811571028948000225516191356365799e+00, -3.2644034207197773e+02, -1.3304146580577474e+03
0.99520000, 2.74448556778415146196775493940034462199e+00, -5.59800671841046875798056928618868351055e-01, 6.25702086757378649688714618703314610991e+00, 1.01969468267895496463774897772681523116e+00, 2.27900849701335774203933091714556594293e+00, 2.46366572417752429290337597535754483871e+00, -2.0404491338596247e+02, -1.3282097780704302e+03
0.99530000, 2.74700374500949890192071008059883008774e+00, -5.54664484022627762583498570070391332461e-01, 6.25093072139646244218622553159985377061e+00, 1.01101322636577254646489143035921584219e+00, 2.27168582876013348027136677507250792444e+00, 2.46675190332435491466920789268908913285e+00, -8.2434454179992567e+01, -1.3149778479546761e+03
0.99540000, 2.74955176015022683580991496247860800395e+00, -5.49459227672448062103791591142993814666e-01, 6.24477742659930737527663259296664357766e+00, 1.00219960721721480501248356251915585179e+00, 2.26426822882566965175878325165552296541e+00, 2.46987791980570334285913702804618369517e+00, 3.7347794495424672e+01, -1.2906429166103034e+03
0.99550000, 2.75213060427702802692291889506920647508e+00, -5.44182590205577853516544126552086235017e-01, 6.23855898867157862722856787800906945627e+00, 9.93249373292934335436591963681274386115e-01, 2.25675253400165264940322190980122694175e+00, 2.47304511002876577120283870665010229796e+00, 1.5421742898588601e+02, -1.2552273434951342e+03
0.99560000, 2.75474132402905780687664984374187863077e+00, -5.38832129156006604513864636152424757018e-01, 6.23227330306072298780811200098641311951e+00, 9.84157822324753564750295190434002017244e-01, 2.24913540389135254597732464806580258842e+00, 2.47625488562515111330976253473397566956e+00, 2.6705646867708166e+02, -1.2088609961478660e+03
0.99570000, 2.75738502606761281549361838397595701772e+00, -5.33405261766101232680443551304499361815e-01, 6.22591814641865844715914321253617689702e+00, 9.74919981641912963247685113568089400424e-01, 2.24141330672577475763228660601013534030e+00, 2.47950873948717386662380244187632119527e+00, 3.7472242188840521e+02, -1.1517903533602331e+03
0.99580000, 2.76006288199943789644139135559961431508e+00, -5.27899253479102647773040704708699210849e-01, 6.21949116692892524481519045308213075312e+00, 9.65530585980537394077933452597592577707e-01, 2.23358250368631391559978762513157162726e+00, 2.48280825244103487950806082338953979535e+00, 4.7605896300430170e+02, -1.0843873537504121e+03
0.99590000, 2.76277613383163815882128487790669750265e+00, -5.22311205190035369595137917291765528200e-01, 6.21298987359373557978540046906305119159e+00, 9.55984052898335138555550761515803617288e-01, 2.22563903153709308898929684685701223156e+00, 2.48615510064096944095636615477420277893e+00, 5.6990835083017310e+02, -1.0071577969532166e+03
0.99600000, 2.76552610003007645286198375066349158997e+00, -5.16638039087317428225939567580418456890e-01, 6.20641162434065727936291982716807415379e+00, 9.46274455471004211298230617582171305666e-01, 2.21757868333876233350470670002499387589e+00, 2.48955106378187998548105787103470546298e+00, 6.5512571362855652e+02, -9.2074906752480304e+02
0.99610000, 2.76831418226491147057380669657678889341e+00, -5.10876482889910514768951828969009025063e-01, 6.19975361278573094501872423545071672337e+00, 9.36395491893869142391861078221983554320e-01, 2.20939698697819140145722915912420428423e+00, 2.49299803424394872319905903527711237238e+00, 7.3059531714580741e+02, -8.2595690954585960e+02
0.99620000, 2.77114187294098962372648923071199465278e+00, -5.05023052252085998406044657964097149423e-01, 6.19301285346244324380346762583603271850e+00, 9.26340451549061499224638343166733700281e-01, 2.20108918120392056693098156500977923500e+00, 2.49649802730180184314622230227364901649e+00, 7.9524891683391664e+02, -7.2373093241455396e+02
0.99630000, 2.77401076362765968910872101862304484030e+00, -4.99074031068602541564386047404753799519e-01, 6.18618616529316041671867230723442534043e+00, 9.16102177022776787427070540999029490162e-01, 2.19265018880380122918774298566788246455e+00, 2.50005319255367048045342426054786721330e+00, 8.4808627274231556e+02, -6.1517847513251330e+02
0.99640000, 2.77692255452288119124979331160179830467e+00, -4.93025449365787075120765894983733791046e-01, 6.17927015304010614718863080657395283017e+00, 9.05673021465878335838073470313199094954e-01, 2.18407458649691291065908196018169119945e+00, 2.50366582675354424698193179515125584742e+00, 8.8819787314971200e+02, -5.0156639730477185e+02
0.99650000, 2.77987906511106641597982106310940601000e+00, -4.86873058406772948676969913405492179180e-01, 6.17226118642515205919903901206379379259e+00, 8.95044800580690271721002966320829897409e-01, 2.17535657103398844996662489077464299858e+00, 2.50733838826265488521645911657610287949e+00, 9.1478986840692683e+02, -3.8432030008830574e+02
0.99660000, 2.78288224620397739561492641363327868465e+00, -4.80612302569544496711483836732904708592e-01, 6.16515537654954631036723388462695823053e+00, 8.84208738382532979979798623468930349761e-01, 2.16648992090590685566141625640370723365e+00, 2.51107351337717972113914977253590702682e+00, 9.2721115658453506e+02, -2.6502060971482128e+02
0.99670000, 2.78593419359053359394658282988980094254e+00, -4.74238287471347795731001962098963438148e-01, 6.15794854917363273737152852198221628996e+00, 8.73155405720388831018173500366957195117e-01, 2.15746795294408355628616836232952849138e+00, 2.51487403483863648405235455303648378744e+00, 9.2498248360325642e+02, -1.4539488069638666e+02
0.99680000, 2.78903716356630329316908444594385268100e+00, -4.67745743708429027333027253351781745889e-01, 6.15063621432925053662030341089308295693e+00, 8.61874650339279079679353141089477549276e-01, 2.14828347295432941476690194078397177429e+00, 2.51874300289440091643202898348245980757e+00, 9.0782731800462186e+02, -2.7305596743092123e+01
0.99690000, 2.79219359066900038133968196844200297914e+00, -4.61128985450724884993897405638374036032e-01, 6.14321353162948693704388149479618445978e+00, 8.50355517017393756020402285501735105108e-01, 2.13892871934985247787646717695790120234e+00, 2.52268370935116856580701251942698423055e+00, 8.7570412887987141e+02, 8.7267332967787712e+01
0.99700000, 2.79540610801543289905750846402812849714e+00, -4.54381862970206073678967950134104488086e-01, 6.13567527050606675356971973871117464760e+00, 8.38586156000531908026702287058128347334e-01, 2.12939529853022993554581760412406910580e+00, 2.52669971515799919526557369575649604886e+00, 8.2883952809909315e+02, 1.9625026269274246e+02
0.99710000, 2.79867757072193700553384259970247042246e+00, -4.47497707980027256249857357037491155196e-01, 6.12801576443635940963665763142025677610e+00, 8.26553717567540452731082017750116820943e-01, 2.11967411047909486473094911599750440369e+00, 2.53079488217310227583503636352527075219e+00, 7.6776152699618706e+02, 2.9750663529523559e+02
0.99720000, 2.80201108299955356659073296875375333047e+00, -4.40469270407435544075681263170286587840e-01, 6.12022885800972608253901593917334887046e+00, 8.14244230069974605563261023674215445637e-01, 2.10975526270760935710112939686992595225e+00, 2.53497340991676794834742452833315742918e+00, 6.9333189380239540e+02, 3.8887594990224743e+02
0.99730000, 2.80541002965401284464000269419312504024e+00, -4.33288644900380233606385450187777039652e-01, 6.11230784541323491590498618212134679323e+00, 8.01642458165969345220865752079996357270e-01, 2.09962797023157121800654889945647413243e+00, 2.53923987830125204722032288766773081452e+00, 6.0677627064415158e+02, 4.6822190646101559e+02
0.99740000, 2.80887811289840739497249878467744907108e+00, -4.25947184954046584391658010271016701892e-01, 6.10424539857136292093591826070366203914e+00, 7.88731737170046146217092574696914282153e-01, 2.08928043870745125631493064727181830340e+00, 2.54359929756977601000063693533949212786e+00, 5.0971030565780824e+02, 5.3349074656394145e+02
0.99750000, 2.81241939561615975016557289366969876443e+00, -4.18435402009107181143836572574187341142e-01, 6.09603348272814663901746424157549224640e+00, 7.75493778409394985678337961765869034622e-01, 2.07869972712600273992165448782281883862e+00, 2.54805716698862209519357603349885767710e+00, 4.0415956337976668e+02, 5.8278072843568058e+02
0.99760000, 2.81603835251140079081783958019544421046e+00, -4.10742846176807977433433026428770676650e-01, 6.08766325667868125222574642699644380731e+00, 7.61908439132913983825946374746087400258e-01, 2.06787158551486026067501126982533473343e+00, 2.55261954424285165216598304260918444505e+00, 2.9257038119462483e+02, 6.1442349347895674e+02
0.99770000, 2.81973993097820416428778402342004120000e+00, -4.02857964328891957277886965721648836336e-01, 6.07912495409135043946589753316166413125e+00, 7.47953448749668092177849182590625359626e-01, 2.05678026185465433878562809314854430413e+00, 2.55729312802143852920559987432105859030e+00, 1.7780812828130147e+02, 6.2707775665154347e+02
0.99780000, 2.82352962404479177029623461344458623044e+00, -3.94767930070262663561906468491968666662e-01, 6.07040774134383179352780216557682215373e+00, 7.33604080819148289605103448185992139588e-01, 2.04540827075440637419081653587055243176e+00, 2.56208535698981182226661694043067513146e+00, 6.3138486651135603e+01, 6.1983521970682108e+02
0.99790000, 2.82741355845491302754550283104566690079e+00, -3.86458438470503801708017307619367487885e-01, 6.06149954592575264285783284946102086281e+00, 7.18832757047716167102385959911507819457e-01, 2.03373611419999990475854083969176858166e+00, 2.56700452930628446331045033835562938537e+00, -4.7813589934428603e+01, 5.9233777698224286e+02
0.99800000, 2.83139860191063857153105839800921053499e+00, -3.77913456193703347427928364695073387653e-01, 6.05238684759441375650925911774569715410e+00, 7.03608565229677985225587825140453531243e-01, 2.02174194164894626176421909538937454101e+00, 2.57205994814479163361241321093949531455e+00, -1.5113365944283280e+02, 5.4490383660374272e+02
0.99801000, 2.83180295688447980126000741270741753272e+00, -3.77045329865494361609698259118074517881e-01, 6.05146376030911619092427646001506862963e+00, 7.02059934706064358189433217279989046325e-01, 2.02052389220112139433537834431543065959e+00, 2.57257337597494938768570073151724533603e+00, -1.6088900225175284e+02, 5.3909959194516855e+02
0.99802000, 2.83220840776762145222513667912569579895e+00, -3.76174650634651401882576920722121742042e-01, 6.05053846116117778225397475566199811291e+00, 7.00506393746159823882737469473526616264e-01, 2.01930235280060831346846780971980803484e+00, 2.57308828118524104945196796991227037433e+00, -1.7052291959086682e+02, 5.3310808174089420e+02
0.99803000, 2.83261496292987210758332869207820398675e+00, -3.75301398964849400481224193952547727189e-01, 6.04961093369749489558729655912129062817e+00, 6.98947904680609011287930158624838423191e-01, 2.01807729682952558921913387326020799341e+00, 2.57360467511643590927312960141301947923e+00, -1.8003124946632364e+02, 5.2693101208446894e+02
0.99804000, 2.83302263084767773738991229191442994090e+00, -3.74425555071128048979086662774405818529e-01, 6.04868116125685816563642737126262512188e+00, 6.97384429360434678119768168420176616004e-01, 2.01684869733164440682901827240514548391e+00, 2.57412256925396493582352531232835719957e+00, -1.8940982936406240e+02, 5.2057018557337528e+02
0.99805000, 2.83343142010603204410013934878712069403e+00, -3.73547098915443362272794195850488986027e-01, 6.04774912696623619207822297218108948170e+00, 6.95815929148455146274728553308441499223e-01, 2.01561652700633834851092853549229639335e+00, 2.57464197523051330840247257025123658611e+00, -1.9865449813961064e+02, 5.1402750255917085e+02
0.99806000, 2.83384133940043101310927875393494024784e+00, -3.72666010202116406367166095133208075818e-01, 6.04681481373697338909115899044061237612e+00, 6.94242364910503312302410478481092619445e-01, 2.01438075820239335282396854674661832908e+00, 2.57516290482867295098812026158325195931e+00, -2.0776109796535624e+02, 5.0730496238302974e+02
0.99807000, 2.83425239753887292448699570801320571836e+00, -3.71782268373176269524182482446486840134e-01, 6.04587820426089955228995628797799532702e+00, 6.92663697006441597480614300554368480502e-01, 2.01314136291167388162194598025109333209e+00, 2.57568536998365677325394531098330702708e+00, -2.1672547633631096e+02, 5.0040466459526224e+02
0.99808000, 2.83466460344390512445310150534443992102e+00, -3.70895852603594257817580898567946986651e-01, 6.04493928100634862408673348682088532728e+00, 6.91079885280967011954013695641557604903e-01, 2.01189831276264119064759271336757774885e+00, 2.57620938278607638131909926634953163448e+00, -2.2554348813538474e+02, 4.9332881015733307e+02
0.99809000, 2.83507796615471889919206738477479575682e+00, -3.70006741796406193758190566153172998965e-01, 6.04399802621408405312032006672936783402e+00, 6.89490889054200309835404872413668922430e-01, 2.01065157901371946069538392986388344781e+00, 2.57673495548478508080586573028468243732e+00, -2.3421099775919073e+02, 4.8607970262483851e+02
0.99810000, 2.83549249482929383938684100183348151965e+00, -3.69114914577719590251888210424840759636e-01, 6.04305442189312805465102854896832322404e+00, 6.87896667112053006836794488517175525568e-01, 2.00940113254650540164351452305057639618e+00, 2.57726210048978805693212789677669705431e+00, -2.4272388130540091e+02, 4.7865974930984026e+02
0.99811000, 2.83590819874659313144613398657146645807e+00, -3.68220349291602361541715407365450657314e-01, 6.04210844981649198656636244801187538193e+00, 6.86297177696365818546856627048218241316e-01, 2.00814694385881679131568747471671767529e+00, 2.57779083037522168097939127195076752136e+00, -2.5107802882266998e+02, 4.7107146242088968e+02
0.99812000, 2.83632508730881126088502107309068378035e+00, -3.67323023994849617778719828875510192435e-01, 6.04116009151680495972589077440658592355e+00, 6.84692378494811855535799232500419925141e-01, 2.00688898305757525481824416647220161399e+00, 2.57832115788240395965829010384922277021e+00, -2.5926934662414304e+02, 4.6331746017900981e+02
0.99813000, 2.83674317004367566478209010690681968641e+00, -3.66422916451624970263361041772484400432e-01, 6.04020932828183770162492238899610235966e+00, 6.83082226630557680664169614403073494978e-01, 2.00562721985151842743724284476854531884e+00, 2.57885309592295821375996136935966499304e+00, -2.6729375966555802e+02, 4.5540046790783357e+02
0.99814000, 2.83716245660680392376755213265357211440e+00, -3.65520004127972649991613680925015788061e-01, 6.03925614114991858860229736635740336680e+00, 6.81466678651675093894781447038581201973e-01, 2.00436162354373647508902320436096560911e+00, 2.57938665758201214515545081163175181260e+00, -2.7514721398894847e+02, 4.4732331909602620e+02
0.99815000, 2.83758295678411813969031206662833485971e+00, -3.64614264186196612707260415377314861992e-01, 6.03830051090523865387429410698532799444e+00, 6.79845690520296260132287549844568599545e-01, 2.00309216302402777039769111834390266984e+00, 2.57992185612147452681492876486720513614e+00, -2.8282567923294513e+02, 4.3908895643004635e+02
0.99816000, 2.83800468049431820306753134955671047088e+00, -3.63705673479102668973034770539844618136e-01, 6.03734241807304226635162341394592847093e+00, 6.78219217601504535696645589175982500016e-01, 2.00181880676106833940955427321995327139e+00, 2.58045870498339182919905592118787619122e+00, -2.9032515121066609e+02, 4.3070043279522512e+02
0.99817000, 2.83842763779141571474234867943077553255e+00, -3.62794208544099537585030609444482032916e-01, 6.03638184291470005828707570280071919584e+00, 6.76587214651953078505438240997524525592e-01, 2.00054152279438950341732212108768914832e+00, 2.58099721779338717826845437854544855279e+00, -2.9764165455617494e+02, 4.2216091224306405e+02
0.99818000, 2.83885183886733038897426940224355990928e+00, -3.61879845597154574711275090956451635799e-01, 6.03541876542266055809440269068060730789e+00, 6.74949635808203045401917908472446441574e-01, 1.99926027872615794200815240938170560167e+00, 2.58153740836418412561339935412351397178e+00, -3.0477124544047387e+02, 4.1347367092257277e+02
0.99819000, 2.83927729405455083057815048879058226046e+00, -3.60962560526599779167321712890692780361e-01, 6.03445316531527685795010577479784191842e+00, 6.73306434574772886801133018321221170628e-01, 1.99797504171275219690350388289401018726e+00, 2.58207929069921779998185934292205278921e+00, -3.1171001435798479e+02, 4.0464209797338389e+02
0.99820000, 2.83970401382886164683364889416434993160e+00, -3.60042328886783515965761119234586549815e-01, 6.03348502203150451380283588929635772912e+00, 6.71657563811889943388623830240443792260e-01, 1.99668577845612942104012869984067683801e+00, 2.58262287899633610194545418115770700139e+00, -3.1845408898445470e+02, 3.9566969637829710e+02
0.99821000, 2.84013200881213892583586547860812092058e+00, -3.59119125891563235394289158453326664616e-01, 6.03251431472546673792147196460700133407e+00, 6.70002975722935231419101348963117428803e-01, 1.99539245519497595324493885778604060207e+00, 2.58316818765159369976410092326871787570e+00, -3.2499963710720353e+02, 3.8656008377281592e+02
0.99822000, 2.84056128977521618688492860338471984917e+00, -3.58192926407634293074171351611352216868e-01, 6.03154102226088280085081442605037181205e+00, 6.68342621841571971619780308653182584837e-01, 1.99409503769563506535488466926333796991e+00, 2.58371523126314168487467287880293507651e+00, -3.3134286962861127e+02, 3.7731699320914950e+02
0.99823000, 2.84099186764082298555987328160682206210e+00, -3.57263704947689797396558023308125787897e-01, 6.03056512320535541033739261641916255392e+00, 6.66676453018548071165740612858746160120e-01, 1.99279349124280498527653875717187276346e+00, 2.58426402463521585003031798779675950011e+00, -3.3748004364371813e+02, 3.6794427387205779e+02
0.99824000, 2.84142375348659843644049330768336636893e+00, -3.56331435663406224079294620448202992256e-01, 6.02958659582451267914650471033976445648e+00, 6.65004419408162407989606090457989055035e-01, 1.99148778063000004579475101952485654962e+00, 2.58481458278222666215897660752045509598e+00, -3.4340746559278490e+02, 3.5844589174382143e+02
0.99825000, 2.84185695854818200018810025228443708105e+00, -3.55396092338249342963935579139998718371e-01, 6.02860541807600013140894228742520937350e+00, 6.63326470454384391105318019382223171240e-01, 1.99017787014976754442586445919683966675e+00, 2.58536692093295411570693189445012667802e+00, -3.4912149448963217e+02, 3.4882593021551791e+02
0.99826000, 2.84229149422238396903914256826974779483e+00, -3.54457648380094799193910941543820357859e-01, 6.02762156760331802788890489669578535929e+00, 6.61642554876615878917616828681274004906e-01, 1.98886372358365262374172542957547390564e+00, 2.58592105453485077081242504561027398845e+00, -3.5461854522654460e+02, 3.3908859064168236e+02
0.99827000, 2.84272737207043817588037102935185592351e+00, -3.53516076813657479171312656401257819563e-01, 6.02663502172949911401273124111891174976e+00, 6.59952620655084128865879515981575708204e-01, 1.98754530419190319381044008986639246590e+00, 2.58647699925845640435436599774575319292e+00, -3.5989509195649142e+02, 3.2923819283532555e+02
0.99828000, 2.84316460382133954714631131051158745837e+00, -3.52571350272723570750169353471636194298e-01, 6.02564575745062171028188150369067682464e+00, 6.58256615015854025380632982066677584294e-01, 1.98622257470290661812231417967734594768e+00, 2.58703477100192783099400051762260159778e+00, -3.6494767155337559e+02, 3.1927917550017192e+02
0.99829000, 2.84360320137526921900511763477414554118e+00, -3.51623440992178996533103523615431280029e-01, 6.02465375142915287243384334549238826645e+00, 6.56554484415447388134750023627724121156e-01, 1.98489549730234957097602637690026212116e+00, 2.58759438589568758603903250552989660499e+00, -3.6977288715098186e+02, 3.0921609659686837e+02
0.99830000, 2.84404317680711003988423039800604652573e+00, -3.50672320799827658415316471632271789120e-01, 6.02365897998711614801094887196280437010e+00, 6.54846174525056698021512009185210276960e-01, 1.98356403362209214713776082783322897944e+00, 2.58815586030719530259092158845262379634e+00, -3.7436741176124751e+02, 2.9905363363979833e+02
0.99831000, 2.84448454237005539055101759408066961676e+00, -3.49717961107992680157423439455727490485e-01, 6.02266141909907824642672644719125622579e+00, 6.53131630214340093208943263655268655258e-01, 1.98222814472874696296513996110847051533e+00, 2.58871921084584576228337231117686382863e+00, -3.7872799197242982e+02, 2.8879658392101640e+02
0.99832000, 2.84492731049931436593641169256841914995e+00, -3.48760332904893572230685112485456994920e-01, 6.02166104438494872073581952533745114566e+00, 6.51410795534783980969484321857709826617e-01, 1.98088779111195363137990109720259580783e+00, 2.58928445436799775229658778973330460337e+00, -3.8285145172768919e+02, 2.7844986465769598e+02
0.99833000, 2.84537149381591648091519191789332318657e+00, -3.47799406745791968898206183866579456777e-01, 6.02065783110258653064485026805422506122e+00, 6.49683613702619081672963094040458566946e-01, 1.97954293267233862030863394308486731535e+00, 2.58985160798213802156860163186200808731e+00, -3.8673469618454819e+02, 2.6801851305935627e+02
0.99834000, 2.84581710513061918559262542788212814614e+00, -3.46835152743898300874970659869559269622e-01, 6.01965175414020711734917816293069544667e+00, 6.47950027081275168203432967612271287595e-01, 1.97819352870915011467596401904624635077e+00, 2.59042068905418479657170707189317054586e+00, -3.9037471565562243e+02, 2.5750768631100473e+02
0.99835000, 2.84626415744792160456605547686511347776e+00, -3.45867540561031467315105716635544868514e-01, 6.01864278800858337101701441505298787609e+00, 6.46209977163359185895015400116664438132e-01, 1.97683953790755709486911245515565813569e+00, 2.59099171521293549204850173806453970587e+00, -3.9376858963095020e+02, 2.4692266146819771e+02
0.99836000, 2.84671266397018804941980423329660460794e+00, -3.44896539398023257636946244278110193455e-01, 6.01763090683303361061011354980098097549e+00, 6.44463404552140833586180938232913760254e-01, 1.97548091832560141888695525381930728048e+00, 2.59156470435566343509951863329123525342e+00, -3.9691349088217307e+02, 2.3626883525988471e+02
0.99837000, 2.84716263810188499467725190578125349694e+00, -3.43922117984858946106890456195325622400e-01, 6.01661608434518942263923831723290665770e+00, 6.42710248942529054198705059031656708419e-01, 1.97411762738079125017791976205796664556e+00, 2.59213967465386861239667304910223429934e+00, -3.9980668964873933e+02, 2.2555172379476046e+02
0.99838000, 2.84761409345393535489776549988241748733e+00, -3.42944244570545139411910073464478196115e-01, 6.01559829387453591977831185220516859671e+00, 6.40950449101522221909791574501571825995e-01, 1.97274962183632370744046556521761901845e+00, 2.59271664455918765050183576998463764876e+00, -4.0244555790621552e+02, 2.1477696216670422e+02
0.99839000, 2.84806704384819405490983216501724882248e+00, -3.41962886912695598864075161263146509089e-01, 6.01457750833971668134249184759859104052e+00, 6.39183942848114120971500431986570552579e-01, 1.97137685778692412532882322645745690634e+00, 2.59329563280946844876148825474201342441e+00, -4.0482757371669834e+02, 2.0395030395473699e+02
0.99840000, 2.84852150332204904667704272743144775268e+00, -3.40978012266825383557815954597393392220e-01, 6.01355370023959532477212078060797225240e+00, 6.37410667032637086918014091680476992340e-01, 1.96999929064428880493266815250498100736e+00, 2.59387665843501510351777800018365831305e+00, -4.0695032566121939e+02, 1.9307762061277432e+02
0.99841000, 2.84897748613315209538372326971892603943e+00, -3.39989587375343267851102866638953800985e-01, 6.01252684164406532971478830594584905151e+00, 6.35630557515522922569270072702598237906e-01, 1.96861687512211759887209659956080962105e+00, 2.59445974076500899194373542106742419637e+00, -4.0881151735392795e+02, 1.8216490074429623e+02
0.99842000, 2.84943500676428383440821569918316442203e+00, -3.38997578456231975021192271891263886965e-01, 6.01149690418459939327536692141873013270e+00, 6.33843549145461407067011046334822549175e-01, 1.96722956522072211658580667571789523457e+00, 2.59504489943411212422744379077040751988e+00, -4.1040897203772234e+02, 1.7121824925689454e+02
0.99843000, 2.84989407992835777435471459385033813862e+00, -3.38001951191405337853100745004362886269e-01, 6.01046385904452923567529225768647995686e+00, 6.32049575736935384234532431755199899987e-01, 1.96583731421119474953065827708178036395e+00, 2.59563215438925912468129358273909018839e+00, -4.1174063726087725e+02, 1.6024388639149377e+02
0.99844000, 2.85035472057356814569593163035413352086e+00, -3.37002670714731045192895228182641190818e-01, 6.00942767694904639904348914563927973125e+00, 6.30248570047110544785401150741017140851e-01, 1.96444007461912310211223323457578960414e+00, 2.59622152589664446625826552982477735809e+00, -4.1280458963408312e+02, 1.4924814662087269e+02
0.99845000, 2.85081694388868665832329663393889560932e+00, -3.35999701599707160011810247319681088326e-01, 6.00838832815491418741421596198916101812e+00, 6.28440463752057103145226980254951318919e-01, 1.96303779820783377069807414047343157245e+00, 2.59681303454891185957546691735506180136e+00, -4.1359903966717284e+02, 1.3823747741194125e+02
0.99846000, 2.85128076530851347492328390138376851455e+00, -3.34993007846780098085547228378175980112e-01, 6.00734578243988048223616512652144326534e+00, 6.26625187422279611586743083065505259455e-01, 1.96163043596114873840340101661398059813e+00, 2.59740670127255298757428443858056593864e+00, -4.1412233668466092e+02, 1.2721843784605047e+02
0.99847000, 2.85174620051948791914392603823378045472e+00, -3.33982552870291235726404166563998853440e-01, 6.00630000909178073374536930842480713255e+00, 6.24802670497530149561933358007809025158e-01, 1.96021793806563694575834356980485719678e+00, 2.59800254733552308112806201387059055299e+00, -4.1437297381905969e+02, 1.1619769709143251e+02
0.99848000, 2.85221326546546467456476599362389478858e+00, -3.32968299485038768765682414523362466551e-01, 6.00525097689731997329904644042483963936e+00, 6.22972841260879071943249354777918491536e-01, 1.95880025389234285503383570620364949006e+00, 2.59860059435508115002983381235545294272e+00, -4.1434959308076626e+02, 1.0518203272168323e+02
0.99849000, 2.85268197635366147715284128463970866333e+00, -3.31950209892440871737238695083814867834e-01, 6.00419865413052221401542407524591727420e+00, 6.21135626812016393593637339648882883063e-01, 1.95737733197797304697332289482905243188e+00, 2.59920086430586301869132609733074764948e+00, -4.1405099050313102e+02, 9.4178328874010777e+01
0.99850000, 2.85315234966078456283208140724734542452e+00, -3.30928245666285604436890978917838578685e-01, 6.00314300854083510554759993534532713679e+00, 6.19290953039755726332372060356269386816e-01, 1.95594912000552107087963628786851346547e+00, 2.59980337952819566744992037121375093741e+00, -4.1347612136112442e+02, 8.3193574240781396e+01
0.99851000, 2.85362440213933840371059170308703095638e+00, -3.29902367738052381106787370414693960110e-01, 6.00208400734087718218896938521623584332e+00, 6.17438744593711464824243916244370463133e-01, 1.95451556478430991023976807318550539154e+00, 2.60040816273666174955872633759173536560e+00, -4.1262410546181110e+02, 7.2234859887697168e+01
0.99852000, 2.85409815082412655214106330937525025271e+00, -3.28872536381789153695468518688490175557e-01, 6.00102161719381449032891784125478024450e+00, 6.15578924855118636867425967427121278239e-01, 1.95307661222943052399321986588571022510e+00, 2.60101523702892354173296051222751829499e+00, -4.1149423250462036e+02, 6.1309376891740276e+01
0.99853000, 2.85457361303895071192302823013518343889e+00, -3.27838711198528763139021810915645791268e-01, 5.99995580420035280002334157921594001314e+00, 6.13711415906763487450394389951454388404e-01, 1.95163220734055397566987765967945387193e+00, 2.60162462589481599361480606600904094823e+00, -4.1008596750916662e+02, 5.0424413791814819e+01
0.99854000, 2.85505080640351547143199089569621433747e+00, -3.26800851100227179443497739270159103790e-01, 5.99888653388533099448930006067561176202e+00, 6.11836138501991451021401424471418809017e-01, 1.95018229418009366628741185732373572451e+00, 2.60223635322571896983954116608587302004e+00, -4.0839895630812439e+02, 3.9587353844809990e+01
0.99855000, 2.85552974884054646517449343696099708002e+00, -3.25758914293205580443367879249662992218e-01, 5.99781377118390058894494609305271214914e+00, 6.09953012032757678650269574368585249896e-01, 1.94872681585069313927943209767568644442e+00, 2.60285044332421922875302118038063209771e+00, -4.0643303110239643e+02, 2.8805672079598035e+01
0.99856000, 2.85601045858313007917352484328473204034e+00, -3.24712858261077408248418802510810158734e-01, 5.99673748042727565454942601078982405811e+00, 6.08061954496683721883180631833095565969e-01, 1.94726571447201382381191975137122998074e+00, 2.60346692091407315553938771242514969714e+00, -4.0418821607553154e+02, 1.8086932141266904e+01
0.99857000, 2.85649295418228318270200063798348439129e+00, -3.23662639747140689208725033688812227171e-01, 5.99565762532803671228536164205167828350e+00, 6.06162882463082328535331682522877682716e-01, 1.94579893115679592342558924372425949286e+00, 2.60408581115048176594853131886003506983e+00, -4.0166473306404893e+02, 7.4387829176710757e+00
0.99858000, 2.85697725451476175528761455255118229981e+00, -3.22608214736215005203532847878467738906e-01, 5.99457416896497141337059571628839433715e+00, 6.04255711037910572568840251151136169680e-01, 1.94432640598616443659081575420550936210e+00, 2.60470713963069002143759975089177275494e+00, -3.9886300728000754e+02, -3.1310450598349057e+00
0.99859000, 2.85746337879111768476716177299531663939e+00, -3.21549538435901558505343201313326692261e-01, 5.99348707376743403494729122664698423606e+00, 6.02340353827609715372981677219692627247e-01, 1.94284807798415101082504795370101621258e+00, 2.60533093240492304893063749193932180360e+00, -3.9578367308182059e+02, -1.3614743449837001e+01
0.99860000, 2.85795134656401344070751057183443195823e+00, -3.20486565257243776513947640538656440043e-01, 5.99239630149920498998533841164486949770e+00, 6.00416722901788273659139123000791302328e-01, 1.94136388509140097859892028799474435352e+00, 2.60595721598767244023221705394313675607e+00, -3.9242757978895701e+02, -2.4004430177056421e+01
0.99861000, 2.85844117773680477905276957436437575988e+00, -3.19419248794764853230153913836777490450e-01, 5.99130181324183067600103444680726172964e+00, 5.98484728754702743885332993459771299692e-01, 1.93987376413803349718005320006964806544e+00, 2.60658601736934641919563040964976922707e+00, -3.8879579753579085e+02, -3.4292153760103471e+01
0.99862000, 2.85893289257240210981218708947480575794e+00, -3.18347541805857518168935923326030564263e-01, 5.99020356937742306560414493514127585901e+00, 5.96544280265488298311129608906811039480e-01, 1.93837765081562121138091118830441879062e+00, 2.60721736402829831095743013429283222601e+00, -3.8488962315945583e+02, -4.4469897899821428e+01
0.99863000, 2.85942651170242166147744765616099580329e+00, -3.17271396189500156994231249295814792219e-01, 5.98910152957089747013169346641315579969e+00, 5.94595284657089516693127353543200921961e-01, 1.93687547964825427313012020432287721278e+00, 2.60785128394324842895339908629713780318e+00, -3.8071058611613443e+02, -5.4529586337478019e+01
0.99864000, 2.85992205613663810526247784046326724462e+00, -3.16190762964272177746684073721669846339e-01, 5.98799565275162588258765942707885892464e+00, 5.92637647453838843034358568716329769716e-01, 1.93536718396265187978569996690218558954e+00, 2.60848780560611521421404741954541760848e+00, -3.7626045441975684e+02, -6.4463087992288805e+01
0.99865000, 2.86041954727275086091756956012041596195e+00, -3.15105592245640218123177912466702807008e-01, 5.98688589709448222444858555871618887670e+00, 5.90671272437627950962019109121816124540e-01, 1.93385269585728272870786440560724628784e+00, 2.60912695803527221994124843769198569277e+00, -3.7154124059660462e+02, -7.4262222387982979e+01
0.99866000, 2.86091900690647689562804411549496315874e+00, -3.14015833222485418562261533813148156929e-01, 5.98577222000025467904519166279624415035e+00, 5.88696061602614555945607990504602115073e-01, 1.93233194617045392297848982507660837962e+00, 2.60976877078924833509742127024922715432e+00, -3.6655520764880401e+02, -8.3918765378347075e+01
0.99867000, 2.86142045724198345034236194396712876461e+00, -3.12921434132840538296943898673804084880e-01, 5.98465457807539908836518877798356173288e+00, 5.86711915108404418812125070088049565848e-01, 1.93080486444732589604998248685740690936e+00, 2.61041327398088948637852373382401587160e+00, -3.6130487501915469e+02, -9.3424455181905053e+01
0.99868000, 2.86192392090267478590352648867472701940e+00, -3.11822342238804162131265033860100327621e-01, 5.98353292711110611614471145008068592984e+00, 5.84718731231645333361820191562035525577e-01, 1.92927137890580884483709922163355593194e+00, 2.61106049829200095136786983614564265178e+00, -3.5579302454916802e+02, -1.0277099873611333e+02
0.99869000, 2.86242942094234773685154860993270688747e+00, -3.10718503800597629199806468908451232371e-01, 5.98240722206165353363184950931813942378e+00, 5.82716406315966771146972628673935952803e-01, 1.92773141640129396415773251143037625322e+00, 2.61171047498849035996263779818833723224e+00, -3.5002270642158402e+02, -1.1195007838166561e+02
0.99870000, 2.86293698085673159615932591496216768906e+00, -3.09609864049728605716447255069938415130e-01, 5.98127741702201356070325593653843742229e+00, 5.80704834720195557716575586475617667623e-01, 1.92618490239017045278789442087234986032e+00, 2.61236323593603245963611100338637424896e+00, -3.4399724507799614e+02, -1.2095335888771383e+02
0.99871000, 2.86344662459542863207357706465299269434e+00, -3.08496367161223415631994740264024583120e-01, 5.98014346520468368903638187832221432446e+00, 5.78683908764774465120342554977515230806e-01, 1.92463176089207680446373939539557257243e+00, 2.61301881361627777629556913179323355487e+00, -3.3772024510153518e+02, -1.2977249482901667e+02
0.99872000, 2.86395837657427236146335779505126338449e+00, -3.07377956224888329673020826694636487075e-01, 5.97900531891570782035512439427884699461e+00, 5.76653518676306912609039893294274139024e-01, 1.92307191445083229707159612135782634097e+00, 2.61367724114362842022958887760685559873e+00, -3.3119559705384724e+02, -1.3839913832622525e+02
0.99873000, 2.86447226168812157564680367130101676064e+00, -3.06254573215557987414035868845093553520e-01, 5.97786292952985286554142518281537963215e+00, 5.74613552530147057730665779567728108033e-01, 1.92150528409399184048819702424479432689e+00, 2.61433855228260547000401277162917920205e+00, -3.2442748325484215e+02, -1.4682494716070462e+02
0.99874000, 2.86498830532410903781374248138761751632e+00, -3.05126158962286981304053726414775999118e-01, 5.97671624746490416336832863245886519209e+00, 5.72563896190950418854665280816326488593e-01, 1.91993178929096442782593717100427990838e+00, 2.61500278146583362056458893821253130368e+00, -3.1742038349288750e+02, -1.5504159327546829e+02
0.99875000, 2.86550653337536474937423324173954907508e+00, -3.03992653116438357819056784680484158568e-01, 5.97556522215504118401624233704847150873e+00, 5.70504433251095781911021725988628967270e-01, 1.91835134790963234518652453577593592941e+00, 2.61566996381267010997038559261799235644e+00, -3.1017908065227563e+02, -1.6304077167396974e+02
0.99876000, 2.86602697225523471959295481524428681180e+00, -3.02853994118620380418714331411902116692e-01, 5.97440980202325297512518130636233007056e+00, 5.68435044966884491967568827462223666423e-01, 1.91676387617140501957624184811667129749e+00, 2.61634013514850634721016335499104637822e+00, -3.0270866624389536e+02, -1.7081420972864708e+02
0.99877000, 2.86654964891201727275674602312633668147e+00, -3.01710119164420342353828545485286987727e-01, 5.97324993445275067909608885800757950425e+00, 5.66355610192418296053987248038555265684e-01, 1.91516928860463791062244483744087479191e+00, 2.61701333202477215692966532503087790175e+00, -2.9501454582409339e+02, -1.7835367691125319e+02
0.99878000, 2.86707459084424009422021296163476935793e+00, -3.00560964168881504477977595014057808833e-01, 5.97208556575733219126367505565797750334e+00, 5.64266005311051667837695956992191310397e-01, 1.91356749799634316540099480954746368088e+00, 2.61768959173967414153152934385142980666e+00, -2.8710244428571041e+02, -1.8565099495712133e+02
0.99879000, 2.86760182611650245567451429910114949897e+00, -2.99406463729666353150268298334902580259e-01, 5.97091664115065163034451364364869658597e+00, 5.62166104164308986303397214407111277838e-01, 1.91195841534211484221186129745275396925e+00, 2.61836895235970134337267241778170450479e+00, -2.7897841100422043e+02, -1.9269804847561232e+02
0.99880000, 2.86813138337590837594871282726281836471e+00, -2.98246551088846314304838323077785795967e-01, 5.96974310471434374542635745063940767778e+00, 5.60055777978151036765097157179571495206e-01, 1.91034194979418735253225483535747524182e+00, 2.61905145274193317654924026214554418166e+00, -2.7064882482078635e+02, -1.9948679601906189e+02
0.99881000, 2.86866329186911787204446406136402569978e+00, -2.97081158093254809101548833342453110414e-01, 5.96856489936495067714020202064283599797e+00, 5.57934895286469028824890399332941256181e-01, 1.90871800860754135337149399807895673433e+00, 2.61973713255718649644446482350114016337e+00, -2.6212039884286718e+02, -2.0600928162259168e+02
0.99882000, 2.86919758146004494182334492407082094343e+00, -2.95910215153337080539317539429958438153e-01, 5.96738196681959561313279953565932323474e+00, 5.55803321851677655802288998352970702614e-01, 1.90708649708396662620629550809092085327e+00, 2.62042603231404069383135828078909896508e+00, -2.5340018504176884e+02, -2.1225764682716212e+02
0.99883000, 2.86973428264823250118784198103492292578e+00, -2.94733651200426544179564545265418273604e-01, 5.96619424756034481720082369409951061934e+00, 5.53660920582271625069732124260740935312e-01, 1.90544731851398648344182380728111718326e+00, 2.62111819338378184752775563224659991387e+00, -2.4449557862521916e+02, -2.1822414319822541e+02
0.99884000, 2.87027342658793618161674935591359728209e+00, -2.93551393642373503656146655550248918343e-01, 5.96500168079719625412213870945768930376e+00, 5.51507551447202537692927868448151122068e-01, 1.90380037411654292713544933758810464341e+00, 2.62181365802630925475792108346718625721e+00, -2.3541432216166330e+02, -2.2390114535227842e+02
0.99885000, 2.87081504510795068599415531190106638759e+00, -2.92363368317447905587362977560092157850e-01, 5.96380420442962956389377379861024531193e+00, 5.49343071386924955296739583036100947753e-01, 1.90214556297633612396105702704712454749e+00, 2.62251246941705009161323750931927366117e+00, -2.2616450943151670e+02, -2.2928116450351408e+02
0.99886000, 2.87135917073221430988663564047509080163e+00, -2.91169499446433370065621529988967754492e-01, 5.96260175500664844413499792663053979850e+00, 5.47167334220951925892862963193568452391e-01, 1.90048278197870572955406458682005183340e+00, 2.62321467167493054829354892784425542781e+00, -2.1675458897907313e+02, -2.3435686254262027e+02
0.99887000, 2.87190583670122927052866986034889746428e+00, -2.89969709582825001722065908124295553846e-01, 5.96139426768524256090746025807392572760e+00, 5.44980190551751109219447547717355722847e-01, 1.89881192574193516680080313409821606005e+00, 2.62392030989145454703574476730730937328e+00, -2.0719336733714377e+02, -2.3912106665957235e+02
0.99888000, 2.87245507699433765626205998436498559883e+00, -2.88763919561038440371983105167610528004e-01, 5.96018167618719190778675918271749660177e+00, 5.42781487664802903348282863967208648564e-01, 1.89713288654685310632931663596050291406e+00, 2.62462943016094409768376623958507861793e+00, -1.9749001189479319e+02, -2.4356678452200335e+02
0.99889000, 2.87300692635289512533841425718960529386e+00, -2.87552048442532225490218878561658063272e-01, 5.95896391275413205077503123981855163002e+00, 5.40571069424631581682431064197847593281e-01, 1.89544555426359908088061798400902551835e+00, 2.62534207961199849070645229889537948988e+00, -1.8765405337673781e+02, -2.4768722002040714e+02
0.99890000, 2.87356142030438695601493986544290105370e+00, -2.86334013459739799237152706069046426456e-01, 5.95774090810079391094829985855267645051e+00, 5.38348776166609352799973136552196539031e-01, 1.89374981627541235305678735341699438903e+00, 2.62605830644023288530792157163570808028e+00, -1.7769538790107562e+02, -2.5147578959102891e+02
0.99891000, 2.87411859518753369190097112036980744332e+00, -2.85109729957701330196386379944889929966e-01, 5.95651259136632662409020509083466281001e+00, 5.36114444584321400355501767734015262435e-01, 1.89204555739929480976277676531151939173e+00, 2.62677815994236043759496317541044504820e+00, -1.6762427858001996e+02, -2.5492613912681455e+02
0.99892000, 2.87467848817843645075509629620599538652e+00, -2.83879111333278973667407145080520848933e-01, 5.95527889006360655142825237272576980488e+00, 5.33867907612267287122017138475554966964e-01, 1.89033265980338973473572946301992697000e+00, 2.62750169055168594850356843964692024213e+00, -1.5745135662620919e+02, -2.5803216148621854e+02
0.99893000, 2.87524113731781498576424236724463961522e+00, -2.82642068971832160842540909349852454736e-01, 5.95403973002642967016095611396554930044e+00, 5.31608994303660551703545475711821687689e-01, 1.88861100292090876746100678681288327495e+00, 2.62822894987508311286000060233505391794e+00, -1.4718762192495466e+02, -2.6078801460899904e+02
0.99894000, 2.87580658153939482140952865423841070980e+00, -2.81398512181221992073582394376860058227e-01, 5.95279503535447831647204047761245594017e+00, 5.29337529703073818189830692811821995400e-01, 1.88688046336042914303638800364968157795e+00, 2.62895999073153184081526750566684096635e+00, -1.3684444303046595e+02, -2.6318814024734841e+02
0.99895000, 2.87637486069950324839808983090702225344e+00, -2.80148348123005759013688004245236057881e-01, 5.95154472835594655418024929893929106992e+00, 5.27053334713661201460186165681166403230e-01, 1.88514091481237236924844532087270923970e+00, 2.62969486719229682410945213582128817631e+00, -1.2643355654165111e+02, -2.6522728331980656e+02
0.99896000, 2.87694601560793767242139949497420062064e+00, -2.78891481740673993418555814202819803535e-01, 5.95028872948770126308812480352525992984e+00, 5.24756225958673140426810024060255489087e-01, 1.88339222795146377546055710922266611483e+00, 2.63043363462283355745868899252397537053e+00, -1.1596706581052467e+02, -2.6690051189437064e+02
0.99897000, 2.87752008806017378999848016574307422619e+00, -2.77627815684773189557300737537753322977e-01, 5.94902695729284834319425547747637321253e+00, 5.22446015636960937039395608508187082761e-01, 1.88163427033495979868730685008898903767e+00, 2.63117634972651342739056779140479368944e+00, -1.0545743893356465e+02, -2.6820323780603449e+02
0.99898000, 2.87809712087098533356400455125492596435e+00, -2.76357250234747420897859459845195091601e-01, 5.94775932833556517131445199220183497497e+00, 5.20122511372149120719486928070296482583e-01, 1.87986690629641638531580287901101123491e+00, 2.63192307059026527721099914696324752254e+00, -9.4917505973534210e+01, -2.6913123791264976e+02
0.99899000, 2.87867715790955171152532748824700310086e+00, -2.75079683217321413553714147719258756866e-01, 5.94648575713305157840658274853586334722e+00, 5.17785516055133187116934712545281660290e-01, 1.87808999683475740565252018919071767515e+00, 2.63267385673223708040747413928497557709e+00, -8.4360455356322702e+01, -2.6968067599148193e+02
0.99900000, 2.87926024413613479378486828038648155826e+00, -2.73795009921236187144584437668432718178e-01, 5.94520615608444208767758982015428102135e+00, 5.15434827679538157469709439528007131284e-01, 1.87630339949838641891485388932974617706e+00, 2.63342876915158804172649499697039887614e+00, -7.3799829384256862e+01, -2.6984812527712074e+02
0.99901000, 2.87984642564041138827895285348939378596e+00, -2.72503123008136060586339263769989222107e-01, 5.94392043539651190914801258780656779357e+00, 5.13070239169749639833690621425737008270e-01, 1.87450696826406839654705652916408226861e+00, 2.63418787038052863488589980245882792113e+00, -6.3249518804084086e+01, -2.6963059163947637e+02
0.99902000, 2.88043574968155365129201235510141967821e+00, -2.71203912419392571728302963850393643179e-01, 5.94262850300599816413037034676516508315e+00, 5.10691538201103502898353473772607122223e-01, 1.87270055341029001107509398195978379777e+00, 2.63495122453873382167285201417820223900e+00, -5.2723756364430350e+01, -2.6902553739842927e+02
0.99903000, 2.88102826473015580863394524073985434594e+00, -2.69897265278636594334356905491307998909e-01, 5.94133026449834594542617731359521911249e+00, 5.08298507011792739971136326682504966901e-01, 1.87088400138478771558576339934992083073e+00, 2.63571889739026302651820966025897676542e+00, -4.2237109293982573e+01, -2.6803090576927908e+02
0.99904000, 2.88162402051211217461986724845311539548e+00, -2.68583065789754564301674915001068716143e-01, 5.94002562302267603170760997847641143527e+00, 5.05890922206020432527116288463813901244e-01, 1.86905715466591195392784550666186742376e+00, 2.63649095640312941567284714841184285168e+00, -3.1804470627935455e+01, -2.6664514593043217e+02
0.99905000, 2.88222306805455858337662940247985996894e+00, -2.67261195130088151003930691946759582331e-01, 5.93871447920275728590382936098179039835e+00, 5.03468554547895729894889922967023476556e-01, 1.86721985161747332044623109942783179748e+00, 2.63726747081167070815976807774884585947e+00, -2.1441049306373398e+01, -2.6486723870174917e+02
0.99906000, 2.88282545973399703876264213182615058256e+00, -2.65931531338558821160301056937348650833e-01, 5.93739673104375188765699875209303862830e+00, 5.01031168745535235584562710061818534225e-01, 1.86537192633669218365123465794871830664e+00, 2.63804851168188418980279278853161228547e+00, -1.1162358964227062e+01, -2.6269672281861437e+02
0.99907000, 2.88343124932673169627597257280096707673e+00, -2.64593949198419422639589390052889542330e-01, 5.93607227383448548014968735761420742912e+00, 4.98578523224794901716763537811587889212e-01, 1.86351320849484703899129287804133018462e+00, 2.63883415197989988129391143186261840929e+00, -9.8420532825022703e-01, -2.6013372178305415e+02
0.99908000, 2.88404049206175326912839630114532989698e+00, -2.63248320114314032888137334009578388958e-01, 5.93474100004497694280665353291251916970e+00, 4.96110369892017227702789297326776606403e-01, 1.86164352317018848356889003450174888635e+00, 2.63962446664377800302658773783059102548e+00, 9.0773278678941554e+00, -2.5717897126908518e+02
0.99909000, 2.88465324467621866340635846870959260876e+00, -2.61894511983304726408710973552214161404e-01, 5.93340279921894371322667842445242516820e+00, 4.93626453885134958244241623549464316419e-01, 1.85976269067265501348602473115351549474e+00, 2.64041953265883006778886241591967691576e+00, 1.9005894543868432e+01, -2.5383384705487697e+02
0.99910000, 2.88526956547368316266365468514726871781e+00, -2.60532389059499457940367166135689211609e-01, 5.93205755786097824129893473766781977529e+00, 4.91126513312425270087795063174896608204e-01, 1.85787052635989361519778675098646585525e+00, 2.64121942913667721072075779744681407251e+00, 2.8784903606322613e+01, -2.5010039344922186e+02
0.99911000, 2.88588951438525387641089071659356188356e+00, -2.59161811811888755784587291662069316685e-01, 5.93070515931806911883321656989706816347e+00, 4.88610278978157285317338076077871140103e-01, 1.85596684044405211545315186742897858630e+00, 2.64202423739827483741800387536091860232e+00, 3.8397538058924345e+01, -2.4598135217417347e+02
0.99912000, 2.88651315303384552393581142424573889351e+00, -2.57782636774970177237694419526103863771e-01, 5.92934548365511652648548991186782996943e+00, 4.86077474094320273261751442648955745397e-01, 1.85405143778877120404238300188758347007e+00, 2.64283404106114944998023913557824076235e+00, 4.7826775996676525e+01, -2.4148019165948911e+02
0.99913000, 2.88714054480173303796897133355539665112e+00, -2.56394716391708278262635091532841601964e-01, 5.92797840752406569598051407384038318194e+00, 4.83527813977559684376267052212928496305e-01, 1.85212411769576165477139157503718834523e+00, 2.64364892613111172379942076094706044713e+00, 5.7055413597561778e+01, -2.3660113669763613e+02
0.99914000, 2.88777175490161004537636992691218919827e+00, -2.54997898848343951527910431860631307424e-01, 5.92660380402625389957098396565271509215e+00, 4.80961005730382732861227317653222473459e-01, 1.85018467368030621566772921576099474693e+00, 2.64446898109872969547451290629752360133e+00, 6.6066090229798881e+01, -2.3134919840053575e+02
0.99915000, 2.88840685045137812925342048350720947611e+00, -2.53592027900530123233610067053969995152e-01, 5.92522154256753582811838220543960464034e+00, 4.78376747905624093944400274575533536969e-01, 1.84823289323497555595934221572989513868e+00, 2.64529429704086744049960032054786971432e+00, 7.4841315798353011e+01, -2.2573020439085160e+02
0.99916000, 2.88904590055290902633545551604386878169e+00, -2.52176942690230672215399589406995823080e-01, 5.92383148870571885702155795668721954908e+00, 4.75774730153084832406343250711704064359e-01, 1.84626855758079314067831817555463167471e+00, 2.64612496772761804187774178991477015599e+00, 8.3363500459789636e+01, -2.1975082915141193e+02
0.99917000, 2.88968897637504070785034624901042079148e+00, -2.50752477552775713392350143084004891656e-01, 5.92243350398980335031657777924569340315e+00, 4.73154632847173291651339573172025849665e-01, 1.84429144140502450379435129576634404947e+00, 2.64696108973498517082434749076326999505e+00, 9.1614986840076084e+01, -2.1341862444620187e+02
0.99918000, 2.89033615124108878947892541146598726138e+00, -2.49318461813418702389128203903271301945e-01, 5.92102744579048351090610734139188981665e+00, 4.70516126694284634572677395330340233074e-01, 1.84230131258470160586797373838786856855e+00, 2.64780276256369543369110034443542354236e+00, 9.9578084895485025e+01, -2.0674204971518877e+02
0.99919000, 2.89098750072117709405630923826082862460e+00, -2.47874719572688756875883298424758259131e-01, 5.91961316712132100669198198277288849795e+00, 4.67858872318555242926012058060388563060e-01, 1.84029793189492223230939750773021168079e+00, 2.64865008876455402565102344626281579063e+00, 1.0723510956230307e+02, -1.9973050233295272e+02
0.99920000, 2.89164310272971564697434635482298989564e+00, -2.46421069479774692078924802657075419495e-01, 5.91819051644995630575377101569011210372e+00, 4.65182519824518361569263869838390765129e-01, 1.83828105270088708751494412511566026654e+00, 2.64950317407078944031668620763931114506e+00, 1.1456842134655061e+02, -1.9239434760758079e+02
0.99921000, 2.89230303762838114044284861954072302296e+00, -2.44957324493115017372609241215687315268e-01, 5.91675933749867091044007259120522510762e+00, 4.62486708335067222447638940481043775800e-01, 1.83625042063255266793372438837985189301e+00, 2.65036212753786931611438655802508516065e+00, 1.2156047001032186e+02, -1.8474494838143428e+02
0.99922000, 2.89296738833498420706760355489826034690e+00, -2.43483291627299959998976770904654727296e-01, 5.91531946903355701047122744461374107002e+00, 4.59771065503000285196374120053551340172e-01, 1.83420577324068536847569977380179459984e+00, 2.65122706169130929199264718992196136312e+00, 1.2819384151659267e+02, -1.7679469407908739e+02
0.99923000, 2.89363624043863997417007963547099747915e+00, -2.41998771685316822283889049507315865446e-01, 5.91387074464148894042309736723637153439e+00, 4.57035206994278934980280357264051419718e-01, 1.83214683963300071065410837365040443935e+00, 2.65209809268304037517721149982467350323e+00, 1.3445130839934055e+02, -1.6855702902982831e+02
0.99924000, 2.89430968232169364095169279498364124672e+00, -2.40503558975087911446089249344729057178e-01, 5.91241299249402262216076981886242877902e+00, 4.54278735940969576992855517588147986211e-01, 1.83007334008896008744079829031688831960e+00, 2.65297534045694821729447129078826798727e+00, 1.4031588373048639e+02, -1.6004647987246280e+02
0.99925000, 2.89498780528889158329969545183743834665e+00, -2.38997441009160086028604752302780252281e-01, 5.91094603509727421692904918826299580667e+00, 4.51501242361667977743038467993215216048e-01, 1.82798498565167488479630860910626810972e+00, 2.65385892892425033068334276888330347294e+00, 1.4577087885939218e+02, -1.5127868182860325e+02
0.99926000, 2.89567070370433114282343278511672315454e+00, -2.37480198186305715656165686210903021587e-01, 5.90946968902674673735706265128134309273e+00, 4.48702302547012141455599931145105219631e-01, 1.82588147769523300737746809576950139300e+00, 2.65474898614943519331915461019583767628e+00, 1.5079996510430668e+02, -1.4227040360699178e+02
0.99927000, 2.89635847513676924583170574281109019603e+00, -2.35951603453685507661973081580783117253e-01, 5.90798376464598251021395679439985872576e+00, 4.45881478407678961279426512923064431614e-01, 1.82376250746561428838049977805750767327e+00, 2.65564564454755099716181993170383231669e+00, 1.5538723957809283e+02, -1.3303957067550146e+02
0.99928000, 2.89705122051392183118214860021788499861e+00, -2.34411421948103035249152529261032430814e-01, 5.90648806580781915685347486220594532722e+00, 4.43038316782027072109456952207074446932e-01, 1.82162775559319739804247607499458959493e+00, 2.65654904109370217908343014902485327151e+00, 1.5951729533262017e+02, -1.2360528660908334e+02
0.99929000, 2.89774904428644331712186815384394106586e+00, -2.32859410614747571114083342022712560395e-01, 5.90498238953691606071970703088926902179e+00, 4.40172348700291175638122448918299925451e-01, 1.81947689157467986692978643348694478777e+00, 2.65745931754568961511982361168354562598e+00, 1.6317529600715792e+02, -1.1398785219085452e+02
0.99930000, 2.89845205460233865732711625697314108936e+00, -2.31295317801674472262452665492202994811e-01, 5.90346652569209586194172588357106936816e+00, 4.37283088601948683324227514990546361475e-01, 1.81730957322203264994720209845486445403e+00, 2.65837662068081634156795037266065970944e+00, 1.6634705516571847e+02, -1.0420878190951621e+02
0.99931000, 2.89916036349263066493484615219598458690e+00, -2.29718882828109154019168953485825757391e-01, 5.90194025660690992846379873334381492841e+00, 4.34370033502564505314233877889165054607e-01, 1.81512544607588893568465587886411956258e+00, 2.65930110254797589476219748668898854596e+00, 1.6901912050629502e+02, -9.4290817459091700e+01
0.99932000, 2.89987408706918306224485967015566593217e+00, -2.28129835524479673875119546896314240732e-01, 5.90040335670668637436861813627381994782e+00, 4.31432662106070419549806518755025432045e-01, 1.81292414278052099063505494267547520745e+00, 2.66023292073624597835153204984248952249e+00, 1.7117886312098275e+02, -8.4257937806305859e+01
0.99933000, 2.90059334573566610281287862134546538924e+00, -2.26527895741881883813908315027238618685e-01, 5.89885559210015217395476749104670402861e+00, 4.28470433858047371263891961387685077751e-01, 1.81070528241728568287236082516837781054e+00, 2.66117223866132747602047893207063312889e+00, 1.7281457197968547e+02, -7.4135365346493237e+01
0.99934000, 2.90131826441274770833108435936006444363e+00, -2.24912772828457449931577156674460964295e-01, 5.89729672014353513561340026191298014629e+00, 4.25482787935147350566441649988361668983e-01, 1.80846846979311548667583842256581236057e+00, 2.66211922587129931783991854755828964381e+00, 1.7391555380104189e+02, -6.3949567620404411e+01
0.99935000, 2.90204897277870011992849952238156227583e+00, -2.23284165069915858312822358109800974595e-01, 5.89572648897484452732031685565235165263e+00, 4.22469142165310534348519523348989152644e-01, 1.80621329468029325877978141978014439091e+00, 2.66307405837330508395710390323374214522e+00, 1.7447223846183489e+02, -5.3728254011343896e+01
0.99936000, 2.90278560552673152138952237426440613766e+00, -2.21641759091153475214085803331515034112e-01, 5.89414463701579820449090968649252007313e+00, 4.19428891872896689990436942705240785186e-01, 1.80393933100337134632487689701903495728e+00, 2.66403691898294944436600409252647042734e+00, 1.7447629007986593e+02, -4.3500366784362231e+01
0.99937000, 2.90352830264048560383739837376608657800e+00, -2.19985229215611957072338220042461692593e-01, 5.89255089243860598546016136530758968702e+00, 4.16361408642249989864961582825949097905e-01, 1.80164613596867340557000349724985670698e+00, 2.66500799769836383353359499276868592843e+00, 1.7392072388437488e+02, -3.3296065766367469e+01
0.99938000, 2.90427720968930151159264637330935312517e+00, -2.18314236778670378034902796243421538054e-01, 5.89094497259453007056325892098412113383e+00, 4.13266038992544819332532362789308737198e-01, 1.79933324913134465628018073753942625244e+00, 2.66598749210110372920615366241876368824e+00, 1.7280002896173975e+02, -2.3146705897629498e+01
0.99939000, 2.90503247814499423409186427518977114735e+00, -2.16628429390975243614176970810905367034e-01, 5.88932658340081926223274977419157003148e+00, 4.10142102956007001764977429908798771696e-01, 1.79700019139438621990576384654825453885e+00, 2.66697560778626752914156422299819628725e+00, 1.7111029693143833e+02, -1.3084806810825755e+01
0.99940000, 2.90579426572210382945209028655624738912e+00, -2.14927440147174172467032628522108220038e-01, 5.88769541868224970627884108344943478232e+00, 4.06988892550758692316176320318394331931e-01, 1.79464646393351365361913072101059053438e+00, 2.66797255882448274780045551912593566559e+00, 1.6884935656697726e+02, -3.1440135131142656e+00
0.99941000, 2.90656273674377382601839088802608164951e+00, -2.13210886775025596990616490395043765730e-01, 5.88605115946309514852102935334794206157e+00, 4.03805670138582771619341143959556049665e-01, 1.79227154704100948223893127130603647016e+00, 2.66897856825869308583050937987963723130e+00, 1.6601691432739090e+02, 6.6409528406833617e+00
0.99942000, 2.90733806253565816981140010304192214703e+00, -2.11478370719300391050731267348693087189e-01, 5.88439347320488767594230282961766180673e+00, 4.00591666656828524275729081532519975000e-01, 1.78987489888098362465372832592410817469e+00, 2.66999386863900450389208659668506945141e+00, 1.6261470070546689e+02, 1.6234355190241264e+01
0.99943000, 2.90812042185052615183455598253169715504e+00, -2.09729476154262602443239917513278059968e-01, 5.88272201298480788975763201501735584809e+00, 3.97346079712466807453224397836114033145e-01, 1.78745595414760150847915338774456493134e+00, 2.67101870259921516877483044959252648433e+00, 1.5864662222730276e+02, 2.5599513035714792e+01
0.99944000, 2.90891000132654051038685761476561533002e+00, -2.07963768917804617817613421658337066587e-01, 5.88103641660895245264056850704437084367e+00, 3.94068071524928895930672139333181819943e-01, 1.78501412261687265400816055644671028651e+00, 2.67205332347906934947457742206511080402e+00, 1.5411891885208475e+02, 3.4698888445884617e+01
0.99945000, 2.90970699598253080325404186815740044597e+00, -2.06180795359504441703410971548127702071e-01, 5.87933630565405644564907867554846715337e+00, 3.90756766702804261552866275227882684334e-01, 1.78254878758149536585720950753550019633e+00, 2.67309799599674641609717407760556878766e+00, 1.4904032641871448e+02, 4.3494187044709609e+01
0.99946000, 2.91051160975397857112327949021452749337e+00, -2.04380081093954451457779362070921091236e-01, 5.87762128443048561852995780770740514481e+00, 3.87411249837699989878484599263447811815e-01, 1.78005930415700568890571482352960361197e+00, 2.67415299697663171035929663412093774438e+00, 1.4342224366430769e+02, 5.1946475538675941e+01
0.99947000, 2.91132405607388028443690311443806291120e+00, -2.02561129649664488394733622145838396422e-01, 5.87589093885844489433216324580383326090e+00, 3.84030562896544559842895107045340340213e-01, 1.77754499744605718190798101880074705650e+00, 2.67521861613802642211601938924293572712e+00, 1.3727890319541031e+02, 6.0016317481695354e+01
0.99948000, 2.91214455850316745318861222770971918914e+00, -2.00723421002646799763001917228973844252e-01, 5.87414483524835725326621953433180785321e+00, 3.80613702391311429893343254970775010056e-01, 1.77500516054603427065041461892395181967e+00, 2.67629515695115077007882406602413095779e+00, 1.3062754562224770e+02, 6.7663929116710723e+01
0.99949000, 2.91297335141595108418234576607280132686e+00, -1.98866409982421699727407279788103871280e-01, 5.87238251897523108141760698769278108148e+00, 3.77159616302496078083519709840367924426e-01, 1.77243905238334274154408741222087722908e+00, 2.67738293756759300764350504683437541013e+00, 1.2348859586504916e+02, 7.4849357283157303e+01
0.99950000, 2.91381068074553236088230952816083115549e+00, -1.96989524536611833183427225452344103753e-01, 5.87060351303553013791573892586314675487e+00, 3.73667200729647785147676006386637394188e-01, 1.76984589535558688371463746588975424595e+00, 2.67848229183327298811566361562957842383e+00, 1.1588584040435856e+02, 8.1532681536191656e+01
0.99951000, 2.91465680479789784686194962035203458577e+00, -1.95092163838485020100163191120186618473e-01, 5.86880731647355977869287260581613283262e+00, 3.70135296238767772283374623230652055328e-01, 1.76722487276038690582412163278895380314e+00, 2.67959357039304339378612591549562452081e+00, 1.0784660396830093e+02, 8.7674242785852703e+01
0.99952000, 2.91551199514031341979262450936058818457e+00, -1.93173696219719503708931113642406351392e-01, 5.86699340266265169227880968118859150967e+00, 3.66562683872358538145388797065319100485e-01, 1.76457512598675640745417866156117907442e+00, 2.68071714189726835811559022107919122248e+00, 9.9401923822099780e+01, 9.3234900930153807e+01
0.99953000, 2.91637653757366780577151352576022760954e+00, -1.91233456908251470978381027511579603855e-01, 5.86516121742442604595923026525524331865e+00, 3.62948080783249733145850559904167107616e-01, 1.76189575144168056500810407408879230646e+00, 2.68185339432212698430571574484973304998e+00, 9.0586719440679282e+01, 9.8176324122799806e+01
0.99954000, 2.91725073319841960632074737456808556719e+00, -1.89270745548263331879309627878779962528e-01, 5.86331017696708514507993457887088549200e+00, 3.59290135447918568073468962105714896555e-01, 1.75918579718073030574567313976003170973e+00, 2.68300273641702295605872382221621778741e+00, 8.1439954894581529e+01, 1.0246131247999599e+02
0.99955000, 2.91813489958540201468094387246166989105e+00, -1.87284823476110420654059354349856963656e-01, 5.86143966562098673449414496118475437368e+00, 3.55587422408728570980587322211428655585e-01, 1.75644425920711827131220569724422271473e+00, 2.68416559929438304055971366463937955616e+00, 7.2004790751819506e+01, 1.0605415918650630e+02
0.99956000, 2.91902937206437449445335555226102987479e+00, -1.85274910722176207346759954883672098838e-01, 5.85954903334658549097658264581542134662e+00, 3.51838436487160948249007345961516186266e-01, 1.75367007739843021775424222514557418095e+00, 2.68534243817934771291898979215212474599e+00, 6.2328721681076966e+01, 1.0892105210177921e+02
0.99957000, 2.91993450514512617841154291712376288438e+00, -1.83240182704185501587716408833120963231e-01, 5.85763759298612990524464684144546851119e+00, 3.48041586401502723549882290950969062286e-01, 1.75086213101420630015145999404471053016e+00, 2.68653373433945836117891910152916444889e+00, 5.2463695220279357e+01, 1.1103051908333536e+02
0.99958000, 2.92085067408818742265336735022529155667e+00, -1.81179766572261581999741256150584493120e-01, 5.85570461722615086547105736381748582387e+00, 3.44195187712334457447658025690394864976e-01, 1.74801923373042398559286479623214153462e+00, 2.68773999721750331880684737864382007446e+00, 4.2466206332162195e+01, 1.1235392032446210e+02
0.99959000, 2.92177827664486230773404794834831052497e+00, -1.79092737159827203893707107194329530553e-01, 5.85374933523264552770967926607757108737e+00, 3.40297455007219830723838178503508786084e-01, 1.74514012813853149052377240697205959242e+00, 2.68896176679429232506056953032050786621e+00, 3.2397361385673754e+01, 1.1286599103049384e+02
0.99960000, 2.92271773498944037857145970500152427307e+00, -1.76978112487124329888279543245181167468e-01, 5.85177092891478232563397507871684441806e+00, 3.36346493221860028702134797530247552692e-01, 1.74222347963673047352640015502561355859e+00, 2.69019961621240063950156376966441280228e+00, 2.2322904056641613e+01, 1.1254543771151038e+02
0.99961000, 2.92366949787018522568460144245569735533e+00, -1.74834848755419456710082421119288077971e-01, 5.84976852876572804251810097016271081599e+00, 3.32340287978167212189397410437770476698e-01, 1.73926786962937816322120194417213208385e+00, 2.69145415469700207806073314196322470009e+00, 1.2313194307750600e+01, 1.1137559122167614e+02
0.99962000, 2.92463404301016098035286357242380477864e+00, -1.72661834759567043368107405538549074009e-01, 5.84774120922057394642314132696743137985e+00, 3.28276694799647497056744626230292681325e-01, 1.73627178793625987188654621847916537587e+00, 2.69272603081597171459340397176200638366e+00, 2.4431300577936218e+00, 1.0934511939090183e+02
0.99963000, 2.92561187979430860622295576064478916199e+00, -1.70457885634142804285041150260269441290e-01, 5.84568798346099986245114824444832171433e+00, 3.24153427040431324494393677747236657120e-01, 1.73323362429655681500998511263924667045e+00, 2.69401593612870551195201513810760802092e+00, -7.2080006488832436e+00, 1.0644880162655868e+02
0.99964000, 2.92660355228562742279280179197238923842e+00, -1.68221735833353235186368948706937162479e-01, 5.84360779758386595776712928374763448304e+00, 3.19968042335324667902069112857243724057e-01, 1.73015165883195167730439127224940564176e+00, 2.69532460928185465923836424061510961094e+00, -1.6556751245557392e+01, 1.0268836715128663e+02
0.99965000, 2.92760964262111363218847137125813345727e+00, -1.65952031226772205869520241995660776375e-01, 5.84149952403585964907584062263078369807e+00, 3.15717927343209430940881674926919849695e-01, 1.72702405130865301123555279218106435117e+00, 2.69665284062076004695267974955578116350e+00, -2.5515848699091380e+01, 9.8073397509258877e+01
0.99966000, 2.92863077484758794522921812790714192202e+00, -1.63647320170878622095556213378021321235e-01, 5.83936195419800965856131765620622793298e+00, 3.11400280513507080208772855121566333395e-01, 1.72384882900813186457839034262250044116e+00, 2.69800147739824690675280309930478584211e+00, -3.3994645471067855e+01, 9.2622292516110529e+01
0.99967000, 2.92966761926913325453237649275475662973e+00, -1.61306043389382593924254017973054584993e-01, 5.83719378998149082684291112759484829404e+00, 3.07012092553328056439014615551577500544e-01, 1.72062387297970743038671249781175963173e+00, 2.69937142967817772811862397201005483243e+00, -4.1899714015618252e+01, 8.6363296815487168e+01
0.99968000, 2.93072089739210851572608788711256603081e+00, -1.58926522462155802111301655470867552610e-01, 5.83499363426862369055482693812084205739e+00, 3.02550124208898830432130571220593714918e-01, 1.71734690240306057631524267387718936254e+00, 2.70076367705050713596428248283173148462e+00, -4.9135610071480118e+01, 7.9335581467051165e+01
0.99969000, 2.93179138757131853439526967051774094989e+00, -1.56506946681567336445039982108123444023e-01, 5.83275997999894690713495918108400926052e+00, 2.98010880895689165769351404763918940572e-01, 1.71401545673304350360635496015195980852e+00, 2.70217927629850236423625516999336084865e+00, -5.5605835111919369e+01, 7.1590371305141571e+01
0.99970000, 2.93287993148283343103595980569514127705e+00, -1.54045357983999035775485262522257734659e-01, 5.83049119765790783527791904927841847949e+00, 2.93390583613165177093798947326269668206e-01, 1.71062687522984284068923955093762247180e+00, 2.70361937018855330504231330136272409029e+00, -6.1214032921140577e+01, 6.3192103886235226e+01
0.99971000, 2.93398744157639649485146562497450194391e+00, -1.51539633600410286007752747794212089543e-01, 5.82818552087270068520365068906568313683e+00, 2.88685135456740749993327095244885759114e-01, 1.70717827339075209656396974497877251189e+00, 2.70508519759026772391146655270082150088e+00, -6.5865460361952699e+01, 5.4219599312813021e+01
0.99972000, 2.93511490969497243255919321597219460016e+00, -1.48987465989229703947102711675685535207e-01, 5.82584102975292001134892428722896193055e+00, 2.83890082883933236570182693231974419841e-01, 1.70366651569034037425911859764335593097e+00, 2.70657810518155394892646462620729922252e+00, -6.9468777933523811e+01, 4.4767211594879801e+01
0.99973000, 2.93626341709296866603206175649392489041e+00, -1.46386339512451784385491402880698796816e-01, 5.82345563152874289797273952067787887172e+00, 2.79000570694069070275521918339764026018e-01, 1.70008818389671547731966797182883080433e+00, 2.70809956105312157227077729808884014018e+00, -7.1938211561815309e+01, 3.4945920855930076e+01
0.99974000, 2.93743414614099164939666907526588026093e+00, -1.43733503184671519752428842076220723493e-01, 5.82102703793054811041635480520188816248e+00, 2.74011289427736888748545178709400792263e-01, 1.69643954005344620215249207994132481346e+00, 2.70965117060332931447005291512665612697e+00, -7.3196142969916792e+01, 2.4884310785811146e+01
0.99975000, 2.93862839407776144799088834498253082661e+00, -1.41025938655396100070349929045307930501e-01, 5.81855273861333875255550256728362814136e+00, 2.68916413565206015608063606413431709481e-01, 1.69271648298662302125261325232603110061e+00, 2.71123469521312363229045987330390267604e+00, -7.3176191501263550e+01, 1.4729356221850276e+01
0.99976000, 2.93984758926465481417634276819240040792e+00, -1.38260322364172756281686054597769339984e-01, 5.81602996974613771684254248067179206899e+00, 2.63709528476819112864169950042796252186e-01, 1.68891449689662756721303931212247552190e+00, 2.71285207431962019123863883559787830199e+00, -7.1826854676430293e+01, 4.6469202199546396e+00
0.99977000, 2.94109331052319988005788797838009180670e+00, -1.35432980517435168970602006504893846166e-01, 5.81345567664537681106413876625390638765e+00, 2.58383543517353057544359148187419937769e-01, 1.68502859019941617011264238006327719547e+00, 2.71450545167643924870643280708949279527e+00, -6.9115776847614205e+01, -5.1781733232822737e+00
0.99978000, 2.94236731030193958318263516519454334346e+00, -1.32539835149354691455592989839463882337e-01, 5.81082646901050352449356800406219634600e+00, 2.52930587910057715505124705039432813070e-01, 1.68105322225699265010622466158618036444e+00, 2.71619720681447372031091134992652360248e+00, -6.5034713141085370e+01, -1.4542668801571241e+01
0.99979000, 2.94367154264257098681736331794473138809e+00, -1.29576339008798950384171577447906289074e-01, 5.80813856688838616296129436376961102784e+00, 2.47341885061971872008735393008341285115e-01, 1.67698221493019705079347929453746095002e+00, 2.71792999302028508857401903256227713142e+00, -5.9605246383424178e+01, -2.3226243409237147e+01
0.99980000, 2.94500819721972515979461237671752251873e+00, -1.26537396305908897476513277048252055036e-01, 5.80538773490508907899000729092872696570e+00, 2.41607599584320360882888239236089057499e-01, 1.67280864492448384402210927221263201759e+00, 2.71970678356279949216929596928048657444e+00, -5.2885293068103395e+01, -3.0994013533076273e+01
0.99981000, 2.94637974114912053897863217735743501908e+00, -1.23417265373513947907876107661060233121e-01, 5.80256920149173597575172660612780820955e+00, 2.35716649403397241412117571132124963968e-01, 1.66852471157059156631556160451287027204e+00, 2.72153092846987056291409233780846594842e+00, -4.4976393060599610e+01, -3.7600583292779412e+01
0.99982000, 2.94778897084780716167323665265614348747e+00, -1.20209437928007648944502043437080478853e-01, 5.79967755869370293837793219077403438223e+00, 2.29656472701669115538232195830819757268e-01, 1.66412157282038893062644875768769223114e+00, 2.72340622495616586184491259597942519374e+00, -3.6031704777814491e+01, -4.2796155087087519e+01
0.99983000, 2.94923907706883444256856911931057396120e+00, -1.16906487662955876484237351662535507697e-01, 5.79670663653284165687120538339314122956e+00, 2.23412735662127390989187450422634880511e-01, 1.65958913958776580851726579561516344594e+00, 2.72533700574274576816119543508326075867e+00, -2.6264504342376380e+01, -4.6335372419886131e+01
0.99984000, 2.95073372744806525132113207647468804313e+00, -1.13499878080875783173473571328834829870e-01, 5.79364934354531131808048387357392287737e+00, 2.16968961530325908192595928985791275984e-01, 1.65491581472355384402878442826460912967e+00, 2.72732825115931135828856008406051005521e+00, -1.5956784317012886e+01, -4.7989750171071549e+01
0.99985000, 2.95227717269719266750708340424571587753e+00, -1.09979715289448884190944265948888185602e-01, 5.79049746164864973274330117315480007619e+00, 2.10306053441434429210099192433288712489e-01, 1.65008815723715025239631576226611874405e+00, 2.72938573335968261327123045277314122652e+00, -5.4672186927541537e+00, -4.7564765824249586e+01
0.99986000, 2.95387438529060145840166212416563219387e+00, -1.06334425175767317833837970923393407036e-01, 5.78724137825154665941661801135116043943e+00, 2.03401671274222367923687769474811729984e-01, 1.64509044380345419327606709303814181791e+00, 2.73151620466637103143865645312963173796e+00, 4.7627674917108437e+00, -4.4922923985345061e+01
0.99987000, 2.95553124369449698958163791979208579705e+00, -1.02550324600608975254419954242715955111e-01, 5.78386973040788283451121214219291098705e+00, 1.96229403931616760473345826026917177592e-01, 1.63990408632166867693715351577733550933e+00, 2.73372764776517206713517304524382111623e+00, 1.4206929130209922e+01, -4.0014325146138993e+01
0.99988000, 2.95725478187195577522602107155505586522e+00, -9.86110407050747385869979614382410831235e-02, 5.78036892290737946749344703168823309430e+00, 1.88757648431700706618001262768270823955e-01, 1.63450684317262877297272141825054605865e+00, 2.73602961454989921799208442758021623893e+00, 2.2259579293411097e+01, -3.2916366049059445e+01
0.99989000, 2.95905353477655924521115081924563860612e+00, -9.44967068867036951084149114178331394720e-02, 5.77672246099511911618251327693211683688e+00, 1.80948057901893694240224354612523887519e-01, 1.62887172713895956922279814568401207383e+00, 2.73843369532796569039282958774650800667e+00, 2.8253983995563367e+01, -2.3883937672105088e+01
0.99990000, 2.96093802924164221644495982740847403088e+00, -9.01828205247272970156919970753138661127e-02, 5.77291000231476350442661262070857344774e+00, 1.72753336643570042192358627065200670623e-01, 1.62296545390079670287215779837159151952e+00, 2.74095418548636838551382291316570480168e+00, 3.1502671401487795e+01, -1.3410342431590568e+01
0.99991000, 2.96292150287015123584469592189830958232e+00, -8.56385703286154814905060804257804159864e-02, 5.76890596856882611396701588954145347242e+00, 1.64114011402669617624357769665467791967e-01, 1.61674617015882939024189381293016322865e+00, 2.74360906180388837273743457409566299543e+00, 3.1373672531542300e+01, -2.2959662112383709e+00
0.99992000, 2.96502099547710092546601667958699710870e+00, -8.08242971219678102568355071900648149800e-02, 5.76467743777928895749977311374816032763e+00, 1.54953529894777414633954311876809540446e-01, 1.61016000477124064836287107393193141515e+00, 2.74642146472584132065797094758493800779e+00, 2.7424234078144529e+01, 8.2860438465438760e+00
0.99993000, 2.96725908029389721730240771846148975405e+00, -7.56874666226245438399151808729657496850e-02, 5.76018080120456281365562621902777636055e+00, 1.45170487003904234769961484005547505971e-01, 1.60313559886451726777213348040524042578e+00, 2.74942204949940232114464953021713931723e+00, 1.9623365620897675e+01, 1.6755909204185879e+01
0.99994000, 2.96966676328105631348682290307029959258e+00, -7.01559254526752737865270154602144564792e-02, 5.75535616477438921126893372836679009248e+00, 1.34625606729314535686145145249655778819e-01, 1.59557494601316814003187549831801946360e+00, 2.75265292372034225344822654199250277683e+00, 8.7027652293758194e+00, 2.1194980580494093e+01
0.99995000, 2.97228868786529675356272481919262929467e+00, -6.41257952060223425815740749334671078060e-02, 5.75011729915368607866388933417375930585e+00, 1.23118373810987341299594524511032038802e-01, 1.58733694984533699683667344335215676934e+00, 2.75617471589012326397125350916796551196e+00, -3.3376120135110718e+00, 1.9676620650166548e+01
0.99996000, 2.97519338117947405308878681231093580654e+00, -5.74376403165614100073437808489060904824e-02, 5.74433185585072105399739355985247690701e+00, 1.10341029853806162657924922514287826654e-01, 1.57820505525855933781173131450943924983e+00, 2.76008049088334034601591939226421135420e+00, -1.2660495473949091e+01, 1.1218290045500537e+01
0.99997000, 2.97849621499456393754364497197414194032e+00, -4.98230584741608292769965913745060845890e-02, 5.73777703504291484112417050040373700232e+00, 9.57754748693508054213447560986940522563e-02, 1.56781470813867189592079596029683260269e+00, 2.76452693339806825108802819836119324628e+00, -1.3605948974870314e+01, -1.9386225530156031e+00
0.99997500, 2.98035917846059113884002680667926519436e+00, -4.55235560764981377161352811378764988426e-02, 5.73409091548124555919373374069527933809e+00, 8.75426050556802436695624736984153428116e-02, 1.56195094305651266366758419007222431976e+00, 2.76703743805352076641867424103405976663e+00, -9.3438431719078785e+00, -7.6644879341379284e+00
0.99998000, 2.98242216703479546489156667321412173903e+00, -4.07586661983173511764664983240533890133e-02, 5.73001841338785191428900257180882022189e+00, 7.84114092638152632207736751721785072418e-02, 1.55545504191522863755519238350554637124e+00, 2.76981958498193360161909195279578875960e+00, -2.2588423430945055e+00, -1.0107473455615951e+01
0.99998500, 2.98476676647977240698531038481015922959e+00, -3.53385666530033657414267394268139655709e-02, 5.72540200620106804657365385334941883295e+00, 6.80154664018042015786166867263401022485e-02, 1.54806919065515840593250776391201446874e+00, 2.77298417659402754938453697318589467282e+00, 5.0289285807186073e+00, -6.8867322077984037e+00
0.99999000, 2.98755204272942141539337871515285784449e+00, -2.88931247141903047654230096137791227430e-02, 5.71993459068081653740639700633514220898e+00, 5.56402923226922960153003453811658825651e-02, 1.53929068431739499166663716746591336902e+00, 2.77674724287978800836737550436281653425e+00, 6.3343279680805680e+00, 1.6153056954673457e+00
0.99999100, 2.98818864395461196867147399740916840015e+00, -2.74189446856615744677549914647994666428e-02, 5.71868750764462559256781693075345773736e+00, 5.28079704226889934749463609233107226867e-02, 1.53728358948520728145925167671882691974e+00, 2.77760788706234192500040558953535115350e+00, 5.1851713677036471e+00, 3.2312450030044818e+00
0.99999200, 2.98886196383496956816108019067741503539e+00, -2.58593234708154500450194829160917833048e-02, 5.71736952659375691693056416159334752767e+00, 4.98107185507039540810346687722385181291e-02, 1.53516044868512122524331077781792200133e+00, 2.77851839894468365668823085094533064687e+00, 3.5215949843437892e+00, 4.4418400843400828e+00
0.99999300, 2.98957914316136531100336065971297257501e+00, -2.41976444044004452657186207196857074655e-02, 5.71596686210755181623906987373759488511e+00, 4.66164606228162046374543633969342678975e-02, 1.53289869389471819186050631985182865290e+00, 2.77948847662607638303819171929861403865e+00, 1.4508654403267402e+00, 5.0049826567665960e+00
0.99999400, 2.99034998970098064890436925224227544685e+00, -2.24110856600736939717077330509007741719e-02, 5.71446058030301466035013182677936011727e+00, 4.31811423583904083333390400810611597105e-02, 1.53046732956717395967289313367853743800e+00, 2.78053144031083643284534415067436382920e+00, -7.7719156018788870e-01, 4.6693273628281811e+00
0.99999500, 2.99118862403144344798522019948535563734e+00, -2.04667916327053913818179547855695554254e-02, 5.71282342168217002925332746846526067812e+00, 3.94413406633468459959745620204894745650e-02, 1.52782173281673421283682753884664644673e+00, 2.78166646757059819012366366649333405012e+00, -2.7007083874767080e+00, 3.2566009485941137e+00
0.99999600, 2.99211671954731454110000318496504100887e+00, -1.83143360466432369660493252320432999025e-02, 5.71101354657949105882474228146210951302e+00, 3.52997146997216517288363320478808242464e-02, 1.52489341724132539885171325085573547957e+00, 2.78292299370610065893378827538907565300e+00, -3.5930730358249572e+00, 8.5947598292468936e-01
0.99999700, 2.99317076309989664426440693085719934240e+00, -1.58688317718149420156270351152392700174e-02, 5.70896051917809408976370624098856126390e+00, 3.05924017029910885238714282990792431247e-02, 1.52156709365448765909701759755297226901e+00, 2.78435057266823903547079258928438733354e+00, -2.5810173140257759e+00, -1.7366730976479656e+00
0.99999800, 2.99442190190891285546600136093922203823e+00, -1.29647565998482033219828654892564350432e-02, 5.70652699506641591526002286911842306206e+00, 2.49998839379547317082274460811782826187e-02, 1.51761795898786826149303528166220305368e+00, 2.78604583182882900666251916046122866750e+00, 4.4546223429148240e-01, -2.4126483817480220e+00
0.99999900, 2.99605380996717325833201511042537318092e+00, -9.17476274599455555446799934242166976449e-03, 5.70335840878889475115406516444821248116e+00, 1.76972249581123280426694353800457033937e-02, 1.51246561432183150266862204655032575075e+00, 2.78825822506424651877475071620927124210e+00, 1.3772038674793562e+00, 9.1492230609569832e-01
