0.00000000, 2.04539585518208695193357530555653269734e+00, -3.06624071986726691719375104917761564646e+00, 4.00000000000000000000000000000000000000e+01, 0.00000000000000000000000000000000000000e+00, 6.94808629749176871893803914353721758894e+00, 1.37203839912439489825696047815684213377e+00, -6.5372873003974651e+00, 7.4606672407596423e-01
0.00100000, 2.04576753114573082702294041181805979415e+00, -3.06616711783647709740566669701595127310e+00, 3.99996108475265837570658424286334917074e+01, 5.85276644525639750065051377010252311895e-04, 6.94785660645250672318429314899270549446e+00, 1.37234926239422002872824226216726923716e+00, -6.5523072068603942e+00, 7.3930555169216967e-01
0.00200000, 2.04613983747179525002197190116291061806e+00, -3.06609292589171012533999753705416942894e+00, 3.99992225872953617299737268910970365672e+01, 1.17301539551963771947189566089044557088e-03, 6.94762631635341352332015112888701832099e+00, 1.37266053264763595404969928567863837381e+00, -6.5673728694550208e+00, 7.3248252096200544e-01
0.00300000, 2.04651277472986613247369962739946347260e+00, -3.06601814346022444342718622514397265069e+00, 3.99988352174520899266790569269669652088e+01, 1.76321703399180049728510280048832667912e-03, 6.94739542641985083890937437315934580980e+00, 1.37297221010818793865822809881041758835e+00, -6.5824843480556664e+00, 7.2559722918604157e-01
0.00400000, 2.04688634349066539707541344664324148720e+00, -3.06594276996553574036221472410869083998e+00, 3.99984487361341775977376292839650380176e+01, 2.35588234184550454525036515102291546477e-03, 6.94716393587350617969572825286757432917e+00, 1.37328429499932490136872636514036446618e+00, -6.5976417016783616e+00, 7.1864927110009052e-01
0.00500000, 2.04726054432605550541219336280251163313e+00, -3.06586680482740787304531017386005129098e+00, 3.99980631414706727543917355835941925512e+01, 2.95101210187073809631303011951346398613e-03, 6.94693184393238321313341670833669719289e+00, 1.37359678754439908514472059840234204136e+00, -6.6128449884667721e+00, 7.1163823886082081e-01
0.00600000, 2.04763537780904398486209649454554594392e+00, -3.06579024746184372360224143714485333677e+00, 3.99976784315822475972369440808123774119e+01, 3.54860709773708168972284759092803290504e-03, 6.94669914981079207342437766784295352511e+00, 1.37390968796666570369542453502087034025e+00, -6.6280942656779654e+00, 7.0456372203130992e-01
0.00700000, 2.04801084451378795473518968009756623907e+00, -3.06571309728107599117545077389852194916e+00, 3.99972946045811838551965830418396367254e+01, 4.14866811398662706780152338240667645445e-03, 6.94646585271933961177758207839702311203e+00, 1.37422299648928256481605782512336177295e+00, -6.6433895896680128e+00, 6.9742530756653662e-01
0.00800000, 2.04838694501559865170809049950629242285e+00, -3.06563535369355791817492504499705500715e+00, 3.99969116585713580345290545571169594598e+01, 4.75119593602683415651442239037489736932e-03, 6.94623195186491958760354385503840805521e+00, 1.37453671333530967038687712716345528473e+00, -6.6587310158774292e+00, 6.9022257979881260e-01
0.00900000, 2.04876367989094595461515295640553728541e+00, -3.06555701610395395067535267521190737769e+00, 3.99965295916482265775912045674958121481e+01, 5.35619135012332584903552367679116808552e-03, 6.94599744645070280035529770505121765131e+00, 1.37485083872770879294498583053254439396e+00, -6.6741185988164453e+00, 6.8295512042315381e-01
0.01000000, 2.04914104971746290865690696531525052690e+00, -3.06547808391313033264373616677363010567e+00, 3.99961484018988109310790614479285401245e+01, 5.96365514339262030852529204600672825696e-03, 6.94576233567612716172513634701731626075e+00, 1.37516537288934302874159439205903874130e+00, -6.6895523920501129e+00, 6.7562250848259140e-01
0.01100000, 2.04951905507395024908583307828784201715e+00, -3.06539855651814563367923509890041794974e+00, 3.99957680874016825234653316006613272581e+01, 6.57358810379480050335429262483000957142e-03, 6.94552661873688770790441800878332891012e+00, 1.37548031604297632719600054060186491669e+00, -6.7050324481832411e+00, 6.6822432035342250e-01
0.01200000, 2.04989769654038092442902549800595974988e+00, -3.06531843331224120994460112306399779791e+00, 3.99953886462269476513511060950260000572e+01, 7.18599102012612068500093085896062003658e-03, 6.94529029482492655161175913915915035788e+00, 1.37579566841127299665614726250644027651e+00, -6.7205588188451610e+00, 6.6076012973040095e-01
0.01300000, 2.05027697469790461930676730462714645754e+00, -3.06523771368483159796613431510527935649e+00, 3.99950100764362322744472873886188494130e+01, 7.80086468201154951582944279312023230105e-03, 6.94505336312842277359291589018167933821e+00, 1.37611143021679718637419641192867669475e+00, -6.7361315546743178e+00, 6.5322950761186810e-01
0.01400000, 2.05065689012885227690551191172849406634e+00, -3.06515639702149484097663921835913269300e+00, 3.99946323760826667188992895095872047543e+01, 8.41820987989724955091398043346520348873e-03, 6.94481582283178225329363100352094938577e+00, 1.37642760168201234460412687530285905974e+00, -6.7517507053026891e+00, 6.4563202228482384e-01
0.01500000, 2.05103744341674062116323400319559285351e+00, -3.06507448270396274747338884979466550303e+00, 3.99942555432108702886665987059680931219e+01, 9.03802740504299277501612361068925580546e-03, 6.94457767311562743840468014827675404238e+00, 1.37674418302928065272692833881217326881e+00, -6.7674163193400259e+00, 6.3796723930993808e-01
0.01600000, 2.05141863514627667872458152797610099593e+00, -3.06499197011011108166061568521159484384e+00, 3.99938795758569357846668044089930520913e+01, 9.66031804951451189274619054841016672138e-03, 6.94433891315678705297629338894939745783e+00, 1.37706117448086243530751474080381553515e+00, -6.7831284443579170e+00, 6.3023472150650274e-01
0.01700000, 2.05180046590336230072272768300758847615e+00, -3.06490885861394968544354002941988433118e+00, 3.99935044720484139313917223458466076446e+01, 1.02850826061757870668431000162272747296e-02, 6.94409954212828574379705319143172821309e+00, 1.37737857625891554598602531575491608826e+00, -6.7988871268736725e+00, 6.2243402893732451e-01
0.01800000, 2.05218293627509868444428813562911610428e+00, -3.06482514758561253163841805099561669486e+00, 3.99931302298042977107012327058007956635e+01, 1.09123218686812677963930424548159465272e-02, 6.94385955919933366473028007983986311824e+00, 1.37769638858549472910471562960045180709e+00, -6.8146924123340264e+00, 6.1456471889355855e-01
0.01900000, 2.05256604684979089493313396425375953938e+00, -3.06474083639134770806054395482320216538e+00, 3.99927568471350066024984463435999227315e+01, 1.15420366314680296236736279461474426833e-02, 6.94361896353531599869881061495998799232e+00, 1.37801461168255095697016604380304570505e+00, -6.8305443450986562e+00, 6.0662634587948333e-01
0.02000000, 2.05294979821695238658839486842418352045e+00, -3.06465592439350733214957311360312421313e+00, 3.99923843220423707319877910264894726582e+01, 1.21742276897478653551572756873193632522e-02, 6.94337775429778241700694965181441554697e+00, 1.37833324577193074264905050214872824586e+00, -6.8464429684235167e+00, 5.9861846159721673e-01
0.02100000, 2.05333419096730952481141005454771197736e+00, -3.06457041095053739578894531443772645903e+00, 3.99920126525196149232155776268146140595e+01, 1.28088958394993104790351711880087783412e-02, 6.94313593064443647568623972379948298023e+00, 1.37865229107537542819421428339726717295e+00, -6.8623883244439872e+00, 5.9054061493137379e-01
0.02200000, 2.05371922569280610775584577909777239376e+00, -3.06448429541696753997357942931170379467e+00, 3.99916418365513426585905628604916405077e+01, 1.34460418774596024584309203570943994648e-02, 6.94289349172912494854953476714888753728e+00, 1.37897174781452044819630527692320051592e+00, -6.8783804541578299e+00, 5.8239235193366618e-01
0.02300000, 2.05410490298660788823465876388726260042e+00, -3.06439757714340075897738261774265851968e+00, 3.99912718721135199440799706021024206987e+01, 1.40856666011165735762608486894760791400e-02, 6.94265043670182709663569311391523860483e+00, 1.37929161621089456855468928847893512585e+00, -6.8944193974079578e+00, 5.7417321580744370e-01
0.02400000, 2.05449122344310709583704352469498207440e+00, -3.06431025547650303366946844323339280352e+00, 3.99909027571734590797743678984856212972e+01, 1.47277708087004770044655017099359975073e-02, 6.94240676470864387372501561467323607001e+00, 1.37961189648591910035985573910509381373e+00, -6.9105051928650092e+00, 5.6588274689217799e-01
0.02500000, 2.05487818765792695930795901109495440666e+00, -3.06422232975899289362530885769612823971e+00, 3.99905344896898023355127144824901245284e+01, 1.53723552991757457670840705379891698430e-02, 6.94216247489178706760334877279801962244e+00, 1.37993258886090708877798575068672351989e+00, -6.9266378780097288e+00, 5.5752048264788881e-01
0.02600000, 2.05526579622792622924228577733471795287e+00, -3.06413379932963090767635470314757967445e+00, 3.99901670676125055312568157843871000216e+01, 1.60194208722326842633699628034355911630e-02, 6.94191756638956837675054974815256757107e+00, 1.38025369355706247682680988414188666123e+00, -6.9428174891151516e+00, 5.4908595763951308e-01
0.02700000, 2.05565404975120370114511912655597988073e+00, -3.06404466352320910253894801920583082702e+00, 3.99898004888828215219023090770567472424e+01, 1.66689683282790920138513310761327205887e-02, 6.94167203833638842212676988562961133303e+00, 1.38057521079547924393032757690380834782e+00, -6.9590440612285889e+00, 5.4057870352121694e-01
0.02800000, 2.05604294882710273890915622805255034659e+00, -3.06395492167054030916061684785479134981e+00, 3.99894347514332835862112003985980140404e+01, 1.73209984684318192889248233720531976497e-02, 6.94142588986272569372775590813534496372e+00, 1.38089714079714051913839448011212115813e+00, -6.9753176281534136e+00, 5.3199824902065119e-01
0.02900000, 2.05643249405621579875958603358945972183e+00, -3.06386457309844743641908921124680154307e+00, 3.99890698531876887195488461979512025979e+01, 1.79755120945082542762338960200293236309e-02, 6.94117912009512543157809294775853323812e+00, 1.38121948378291766889560728635965284038e+00, -6.9916382224306435e+00, 5.2334411992315036e-01
0.03000000, 2.05682268604038895371633984749737658792e+00, -3.06377361712975267180658731970435226634e+00, 3.99887057920610808301061381703405171401e+01, 1.86325100090177414397244890158701500847e-02, 6.94093172815618844082902103509628864723e+00, 1.38154223997356935924232812823220696935e+00, -7.0080058753203200e+00, 5.1461583905587572e-01
0.03100000, 2.05721352538272641862300756919241328560e+00, -3.06368205308326660872916565930273077745e+00, 3.99883425659597338382855024140693768086e+01, 1.92919930151529307198904666605022488307e-02, 6.94068371316455984062514638562324383643e+00, 1.38186540958974059232909207718290717942e+00, -7.0244206167826810e+00, 5.0581292627190256e-01
0.03200000, 2.05760501268759507579116985827855613907e+00, -3.06358988027377730004803722322107447092e+00, 3.99879801727811346789271647720328659719e+01, 1.99539619167810572213187283699217350863e-02, 6.94043507423491774640204067275705472931e+00, 1.38218899285196171712403154110485832148e+00, -7.0408824754591248e+00, 4.9693489843425210e-01
0.03300000, 2.05799714856062900130833970322463565348e+00, -3.06349709801203923748699059818389162741e+00, 3.99876186104139662060499629432074057613e+01, 2.06184175184351510302190505101890060265e-02, 6.94018581047796188527437531758634433833e+00, 1.38251298998064741419133030554526384562e+00, -7.0573914786529639e+00, 4.8798126939986834e-01
0.03400000, 2.05838993360873399205714803594711902191e+00, -3.06340370560476225652713670449223058107e+00, 3.99872578767380899997788025836543466843e+01, 2.12853606253051768011762822368232240538e-02, 6.93993592100040214417187351130336536509e+00, 1.38283740119609565441708744469610538104e+00, -7.0739476523099666e+00, 4.7895155000354018e-01
0.03500000, 2.05878336844009209349284705706180819728e+00, -3.06330970235460036640733752102615073565e+00, 3.99868979696245290751286590849039005922e+01, 2.19547920432291027488922366976652551018e-02, 6.93968540490494705037798007294505401978e+00, 1.38316222671848663155732719955446799625e+00, -7.0905510209986835e+00, 4.6984524804176929e-01
0.03600000, 2.05917745366416612822564175007973283126e+00, -3.06321508756014050484575990877927538567e+00, 3.99865388869354504923128189409933685109e+01, 2.26267125786838986771912414639976970388e-02, 6.93943426129029218412374818530742462247e+00, 1.38348746676788166848123503600265351028e+00, -7.1072016078905577e+00, 4.6066186825658396e-01
0.03700000, 2.05957218989170422545379459679284888356e+00, -3.06311986051589121709506547946085503107e+00, 3.99861806265241478682408345142932466864e+01, 2.33011230387764626740465843110575463023e-02, 6.93918248925110852288702239755253739531e+00, 1.38381312156422209698103230760843147726e+00, -7.1238994347398161e+00, 4.5140091231929948e-01
0.03800000, 2.05996757773474435129288068928042149005e+00, -3.06302402051227125894079213885615876620e+00, 3.99858231862350237888694335042873228247e+01, 2.39780242312344760978447558252324109858e-02, 6.93893008787803071704455888423201490877e+00, 1.38413919132732811101822210782531752984e+00, -7.1406445218631398e+00, 4.4206187881422536e-01
0.03900000, 2.06036361780661884004600019449238395795e+00, -3.06292756683559812324950426522221724308e+00, 3.99854665639035721220673794317426379428e+01, 2.46574169643971864765401898169881650351e-02, 6.93867705625764529652226665581375796490e+00, 1.38446567627689759327424685364082618527e+00, -7.1574368881191112e+00, 4.3264426322231978e-01
0.04000000, 2.06076031072195892645918239271420332329e+00, -3.06283049876807648967028625610612609328e+00, 3.99851107573563602306530218916169634705e+01, 2.53393020472061179377648748800670359450e-02, 6.93842339347247880808627707236211368345e+00, 1.38479257663250491487189374574004546305e+00, -7.1742765508874357e+00, 4.2314755790479183e-01
0.04100000, 2.06115765709669927900564020821798150201e+00, -3.06273281558778659709012818552147285895e+00, 3.99847557644110110852610051193473531906e+01, 2.60236802891957087843444920125938919859e-02, 6.93816909860098588291505346525011552658e+00, 1.38511989261359970813206734556948573870e+00, -7.1911635260479369e+00, 4.1357125208665190e-01
0.04200000, 2.06155565754808253424195620522110367962e+00, -3.06263451656867253844070234811784213551e+00, 3.99844015828761852766923204739197172588e+01, 2.67105525004838758260353579691211001725e-02, 6.93791417071753723409023776554536564962e+00, 1.38544762443950561222881894241301053379e+00, -7.2080978279593204e+00, 4.0391483184021070e-01
0.04300000, 2.06195431269466383227870036039511748712e+00, -3.06253560098053047745095531631769110833e+00, 3.99840482105515629273995926837436272783e+01, 2.73999194917625050746341534905642441415e-02, 6.93765860889240758364139661426941260046e+00, 1.38577577232941899160377999728288568553e+00, -7.2250794694377070e+00, 3.9417778006852734e-01
0.04400000, 2.06235362315631535340739646939462170348e+00, -3.06243606808899678693684158661618340602e+00, 3.99836956452278255017571810435839538994e+01, 2.80917820742878684059249188596144084250e-02, 6.93740241219176351877727532972052994847e+00, 1.38610433650240762699939158706342530420e+00, -7.2421084617349310e+00, 3.8435957648880711e-01
0.04500000, 2.06275358955423085592516772331062503703e+00, -3.06233591715553610821640172631470479664e+00, 3.99833438846866375147633551076913532657e+01, 2.87861410598709657882148329727399264890e-02, 6.93714557967765127693359416946832018016e+00, 1.38643331717740937896855327230430334234e+00, -7.2591848145166022e+00, 3.7445969761574927e-01
0.04600000, 2.06315421251093021519780272498614798856e+00, -3.06223514743742933123523993356597255526e+00, 3.99829929267006281388194697102083259243e+01, 2.94829972608677926734715804181984925864e-02, 6.93688811040798445926482738681688306250e+00, 1.38676271457323082371653301410948482521e+00, -7.2763085358399290e+00, 3.6447761674484551e-01
0.04700000, 2.06355549265026396400139092743210836402e+00, -3.06213375818776149498428287110859076318e+00, 3.99826427690333727082287162726059329697e+01, 3.01823514901695321433103754755123497384e-02, 6.93663000343653167220479147916154192160e+00, 1.38709252890854586112918450683111684809e+00, -7.2934796321313003e+00, 3.5441280393562953e-01
0.04800000, 2.06395743059741783418208108908230435763e+00, -3.06203174865540960778850330448062728806e+00, 3.99822934094393741210546662423424040797e+01, 3.08842045611926713982876715086067172018e-02, 6.93637125781290409671823459271525356906e+00, 1.38742276040189429483970940922044959336e+00, -7.3106981081636241e+00, 3.4426472599487843e-01
0.04900000, 2.06436002697891729967291777451415438677e+00, -3.06192911808503038704206824347818782039e+00, 3.99819448456640441379774480594543710509e+01, 3.15885572878690421751409553139450079331e-02, 6.93611187258254298486296411683435405348e+00, 1.38775340927168038418437928109271506294e+00, -7.3279639670334196e+00, 3.3403284645976625e-01
0.05000000, 2.06476328242263212090610910496398186082e+00, -3.06182586571704791796212172342800585908e+00, 3.99815970754436845777830111800279159559e+01, 3.22954104846357846727695223751238954474e-02, 6.93585184678670708327937390218888654377e+00, 1.38808447573617136789579539750862299564e+00, -7.3452772101376621e+00, 3.2371662558097047e-01
0.05100000, 2.06516719755778089065847380013737209272e+00, -3.06172199078764123093013684031868787522e+00, 3.99812500965054684091185293083882818426e+01, 3.30047649664252345638794617699551456067e-02, 6.93559117946245998322153609912362590263e+00, 1.38841596001349595938041384831419144608e+00, -7.3626378371503761e+00, 3.1331552030573192e-01
0.05200000, 2.06557177301493558136720697032722298021e+00, -3.06161749252873179698646993838791260071e+00, 3.99809039065674207381445800136334042967e+01, 3.37166215486547326653169570808353562593e-02, 6.93532986964265739674130516281196504042e+00, 1.38874786232164281342519826621662461059e+00, -7.3800458459989764e+00, 3.0282898426086877e-01
0.05300000, 2.06597700942602609395249203377786324483e+00, -3.06151237016797094104042170532980910883e+00, 3.99805585033383996917123092403545672013e+01, 3.44309810472163568361871377494293374296e-02, 6.93506791635593435863414293551563058703e+00, 1.38908018287845896417638298823881556081e+00, -7.3975012328403521e+00, 2.9225646773574526e-01
0.05400000, 2.06638290742434480818287046583584976513e+00, -3.06140662292872717235475512131182100412e+00, 3.99802138845180771956913467768688874455e+01, 3.51478442784665756689007968038090821084e-02, 6.93480531862669235375261371694072925600e+00, 1.38941292190164823423143526842590917418e+00, -7.4150039920366947e+00, 2.8159741766519579e-01
0.05500000, 2.06678946764455113461866175014592862258e+00, -3.06130025003007343186023849339772079484e+00, 3.99798700477969196480717824251551269514e+01, 3.58672120592158235343080258841837605553e-02, 6.93454207547508636929071669303181537419e+00, 1.38974607960876961468339614729309121828e+00, -7.4325541161310636e+00, 2.7085127761240494e-01
0.05600000, 2.06719669072267606816810281358624610484e+00, -3.06119325068677425585237294414063219451e+00, 3.99795269908561684864610423323458128917e+01, 3.65890852067179965380659042847003968683e-02, 6.93427818591701187163941983145470102178e+00, 1.39007965621723561595485556708127588962e+00, -7.4501515958226896e+00, 2.6001748775174435e-01
0.05700000, 2.06760457729612674329024930054170667228e+00, -3.06108562410927285561902746684082969976e+00, 3.99791847113678206495940206007776944233e+01, 3.73134645386598689413465097299895066084e-02, 6.93401364896409170741093418652915206841e+00, 1.39041365194431058925687812093752686980e+00, -7.4677964199420132e+00, 2.4909548485156689e-01
0.05800000, 2.06801312800369099087805019237552619702e+00, -3.06097736950367811254424076246043490526e+00, 3.99788432069946089324723227982120228888e+01, 3.80403508731504295949213863318284346987e-02, 6.93374846362366292822642030366921594796e+00, 1.39074806700710901850624125628036813770e+00, -7.4854885754254534e+00, 2.3808470225695903e-01
0.05900000, 2.06842234348554189685437241758538292053e+00, -3.06086848607175148822995728402464357195e+00, 3.99785024753899822347459652471551916354e+01, 3.87697450287101379315588982030159234445e-02, 6.93348262889876353885894888777939572977e+00, 1.39108290162259378253237763355206943802e+00, -7.5032280472899071e+00, 2.2698456987245203e-01
0.06000000, 2.06883222438324236251311313923861249554e+00, -3.06075897301089384917394498043333343090e+00, 3.99781625141980857019483468867607597185e+01, 3.95016478242600990575413011499672288585e-02, 6.93321614378811916832064591395122941374e+00, 1.39141815600757438740342748506592746294e+00, -7.5210148186069745e+00, 2.1579451414469281e-01
0.06100000, 2.06924277133974966663689426008044327977e+00, -3.06064882951413220553859389718860913099e+00, 3.99778233210537407591927689763666369188e+01, 4.02360600791111574799485623223379304617e-02, 6.93294900728612966348003772270458651835e+00, 1.39175383037870516869880503652653563361e+00, -7.5388488704769086e+00, 2.0451395804507521e-01
0.06200000, 2.06965398499942002942218626248898117877e+00, -3.06053805477010636354171779812915055381e+00, 3.99774848935824250369362218493723116652e+01, 4.09729826129529090021656282222972088908e-02, 6.93268121838285560479267416448518071239e+00, 1.39208992495248346355366515584404504221e+00, -7.5567301820022863e+00, 1.9314232105233241e-01
0.06300000, 2.07006586600801317824205670956334540101e+00, -3.06042664796305549099687505862327857432e+00, 3.99771472294002521884135872322080602427e+01, 4.17124162458426303158486615414587923024e-02, 6.93241277606400474372514734577566770819e+00, 1.39242643994524775229862218787145239856e+00, -7.5746587302613977e+00, 1.8167901913509143e-01
0.06400000, 2.07047841501269691527608248347911957240e+00, -3.06031460827280459552708998280791375713e+00, 3.99768103261139515983428192171664321121e+01, 4.24543617981941258133334102544728133325e-02, 6.93214367931091836144963978664122449247e+00, 1.39276337557317576951602222541564552976e+00, -7.5926344902813518e+00, 1.7012346473439045e-01
0.06500000, 2.07089163266205168703630403526440195575e+00, -3.06020193487475091497219114856483042459e+00, 3.99764741813208479824990667206852588815e+01, 4.31988200907664911401850084524786129337e-02, 6.93187392710055754838312862945864140365e+00, 1.39310073205228258433200265998690530263e+00, -7.6106574350108959e+00, 1.5847506674615986e-01
0.06600000, 2.07130551960607515581743447279540407225e+00, -3.06008862693985021950628911435937662691e+00, 3.99761387926088408777530850703704084335e+01, 4.39457919446527930032728045493036955279e-02, 6.93160351840548940414234174160564905661e+00, 1.39343850959841864976148855183936250372e+00, -7.6287275352929442e+00, 1.4673323050366788e-01
0.06700000, 2.07172007649618677309886612654135725758e+00, -3.05997468363460302497819155932569276980e+00, 3.99758041575563840221666541439512082131e+01, 4.46952781812686647454059325066131457471e-02, 6.93133245219387315748250692961715787964e+00, 1.39377670842726782092117395737365729911e+00, -7.6468447598368158e+00, 1.3489735775993167e-01
0.06800000, 2.07213530398523235492534220985074045694e+00, -3.05986010412104071698379939666570364851e+00, 3.99754702737324646247350751300400116332e+01, 4.54472796223408171931849460958667007993e-02, 6.93106072742944620578485682529730424548e+00, 1.39411532875434534192341765022767911680e+00, -7.6650090751901761e+00, 1.2296684667009487e-01
0.06900000, 2.07255120272748865929248123578261627545e+00, -3.05974488755671158517574232220815037040e+00, 3.99751371386965825243641573918264146657e+01, 4.62017970898954642803115821263991158368e-02, 6.93078834307151007365474910998722414134e+00, 1.39445437079499580126184646549640791704e+00, -7.6832204457106817e+00, 1.1094109177377247e-01
0.07000000, 2.07296777337866796556265686802186868612e+00, -3.05962903309466676731169635356006730241e+00, 3.99748047499987292376664309877173798378e+01, 4.69588314062466629441522598481805561722e-02, 6.93051529807491629018913440401043454270e+00, 1.39479383476439105549730557741337986777e+00, -7.7014788335373239e+00, 9.8819483977363993e-02
0.07100000, 2.07338501659592265593604577058836086348e+00, -3.05951253988344610253897889639534795334e+00, 3.99744731051793668951586290337088820929e+01, 4.77183833939845667888709108185622556182e-02, 6.93024159139005218446895215451704591196e+00, 1.39513372087752812105062318017235820471e+00, -7.7197841985614684e+00, 8.6601410536335988e-02
0.07200000, 2.07380293303784979900096068009314617299e+00, -3.05939540706706389340913845575700115463e+00, 3.99741422017694070654397771764412365339e+01, 4.84804538759635930039328134027855197837e-02, 6.92996722196282659882885799465403757076e+00, 1.39547402934922703390646706777970431149e+00, -7.7381364983975894e+00, 7.4286255037474827e-02
0.07300000, 2.07422152336449573538688525435140756012e+00, -3.05927763378499457611234600143634343538e+00, 3.99738120372901894669265048781702868416e+01, 4.92450436752905020222329222791781620950e-02, 6.92969218873465551945348410617184720199e+00, 1.39581476039412867703036228802048393627e+00, -7.7565356883536934e+00, 6.1873397381110849e-02
0.07400000, 2.07464078823736066554292115026212578790e+00, -3.05915921917215829841745290407627738949e+00, 3.99734826092534605667194548892201040755e+01, 5.00121536153123893975193758431903344642e-02, 6.92941649064244762384620688002693715365e+00, 1.39615591422669257529871216158271618044e+00, -7.7749817214014315e+00, 4.9362213763314893e-02
0.07500000, 2.07506072831940323966364614891047112087e+00, -3.05904016235890640479960598604296333428e+00, 3.99731539151613520661719130930244102480e+01, 5.07817845196045893761650696888090436284e-02, 6.92914012661858974471314341684191898861e+00, 1.39649749106119465773941929154559302932e+00, -7.7934745481458959e+00, 3.6752076658068318e-02
0.07600000, 2.07548134427504514978366487259646592862e+00, -3.05892046247100682823330327857539516385e+00, 3.99728259525063592727290107459788513581e+01, 5.15539372119584896336870352248667966844e-02, 6.92886309559093224980181992059952146391e+00, 1.39683949111172498687843851984234962754e+00, -7.8120141167950984e+00, 2.4042354799407606e-02
0.07700000, 2.07590263677017572406141062153470005287e+00, -3.05880011862962938812473424131416064072e+00, 3.99724987187713193576030648905862892455e+01, 5.23286125163692566417244881412553414233e-02, 6.92858539648277433723065059178576714317e+00, 1.39718191459218545498530989258105600105e+00, -7.8306003731291272e+00, 1.1232413163544673e-02
0.07800000, 2.07632460647215652327202799071513356796e+00, -3.05867912995133099385317517585572371559e+00, 3.99721722114293894988478202865566928614e+01, 5.31058112570234711264614373661105507623e-02, 6.92830702821284924584203499520095648731e+00, 1.39752476171628744700841634942048828648e+00, -7.8492332604689804e+00, -1.6783870490359502e-03
0.07900000, 2.07674725404982593952843110207457304194e+00, -3.05855749554804075338710404203585294306e+00, 3.99718464279440249093915374705945496639e+01, 5.38855342582866730747182931008589662152e-02, 6.92802798969530938010852483536899867447e+00, 1.39786803269754946998838782524414105218e+00, -7.8679127196450708e+00, -1.4690688431501889e-02
0.08000000, 2.07717058017350379724889139469395438672e+00, -3.05843521452704498643655855147004652410e+00, 3.99715213657689567495860364107367466998e+01, 5.46677823446908157391386004524936429047e-02, 6.92774827983971134911812738912190834189e+00, 1.39821172774929474873573051432871836585e+00, -7.8866386889654012e+00, -2.7805137388618446e-02
0.08100000, 2.07759458551499595638876184596243427317e+00, -3.05831228599097214159908695138353095356e+00, 3.99711970223481699238259535536493946935e+01, 5.54525563409216280890614672380733686937e-02, 6.92746789755100091916140228839963375715e+00, 1.39855584708464878755639696469112257742e+00, -7.9054111041834057e+00, -4.1022384154713630e-02
0.08200000, 2.07801927074759891795319113803338760611e+00, -3.05818870903777761695243200348364754485e+00, 3.99708733951158807607896017607957700423e+01, 5.62398570718058851487970609746931413317e-02, 6.92718684172949787943957068210133708216e+00, 1.39890039091653689780662920736535078131e+00, -7.9242298984654546e+00, -5.4343082811661449e-02
0.08300000, 2.07844463654610443180692152366189391946e+00, -3.05806448276072848354284498468176869000e+00, 3.99705504814965145768499375785738015588e+01, 5.70296853622985856601113272243027404819e-02, 6.92690511127088082040939079707659464204e+00, 1.39924535945768169105600304343753080690e+00, -7.9430950023580185e+00, -6.7767891306882163e-02
0.08400000, 2.07887068358680410679649786958499973871e+00, -3.05793960624838811121364776252407892053e+00, 3.99702282789046831222012383742921889873e+01, 5.78220420374700365007764316999720493503e-02, 6.92662270506617182427706132576087364189e+00, 1.39959075292060053763517666953340725917e+00, -7.9620063437544906e+00, -8.1297471471358195e-02
0.08500000, 2.07929741254749402319944244859659169174e+00, -3.05781407858460069621434679841071624433e+00, 3.99699067847451619092441729792844311979e+01, 5.86169279224928432860549502013082189762e-02, 6.92633962200172106714989364980440823832e+00, 1.39993657151760299034240077620307820955e+00, -7.9809638478616618e+00, -9.4932489037664357e-02
0.08600000, 2.07972482410747934751417039665437513127e+00, -3.05768789884847569002625297270795153431e+00, 3.99695859964128674227690134967939138385e+01, 5.94143438426288065749581178050861018975e-02, 6.92605586095919133235094542111528058610e+00, 1.40028281546078817308037985665792116099e+00, -7.9999674371658464e+00, -1.0867361365801101e-01
0.08700000, 2.08015291894757894960363423065769988371e+00, -3.05756106611437212883617507075241232708e+00, 3.99692659112928342114737827389096852201e+01, 6.02142906232157230980510919470848132606e-02, 6.92577142081554243439823121734105457184e+00, 1.40062948496204213419258546620402672828e+00, -8.0190170313986549e+00, -1.2252151892229876e-01
0.08800000, 2.08058169775013002220489231649576001409e+00, -3.05743357945188286308533227696062592448e+00, 3.99689465267601918603511612363610705276e+01, 6.10167690896540914184707690776796447613e-02, 6.92548630044301555314652061873444765926e+00, 1.40097658023303516426561132331282165031e+00, -8.0381125475024109e+00, -1.3647688237618332e-01
0.08900000, 2.08101116119899270281599556473242210645e+00, -3.05730543792581868651617175158790373662e+00, 3.99686278401801418434749897991155015963e+01, 6.18217800673937214326738032218285920779e-02, 6.92520049870911747758609986582735857505e+00, 1.40132410148521907816162718657209677672e+00, -8.0572538995952085e+00, -1.5054038553914890e-01
0.09000000, 2.08144130997955469797077879059413780319e+00, -3.05717664059619236413528096322864246266e+00, 3.99683098489079342567141980753454700699e+01, 6.26293243819202471122436845169790127635e-02, 6.92491401447660475878920999804180418772e+00, 1.40167204892982446104243311990279260725e+00, -8.0764409989356061e+00, -1.6471271392258893e-01
0.09100000, 2.08187214477873590991132798204809972422e+00, -3.05704718651820255850605056827860218961e+00, 3.99679925502888444298989663414625705508e+01, 6.34394028587415418828556198095653666800e-02, 6.92462684660346777149118178536419685252e+00, 1.40202042277785787814403781063860302873e+00, -8.0956737538869552e+00, -1.7899455704789227e-01
0.09200000, 2.08230366628499306566707204952359073790e+00, -3.05691707474221765378017191087151838661e+00, 3.99676759416581494179608867357277203876e+01, 6.42520163233740360312260844550260602706e-02, 6.92433899394291468378956558894227289980e+00, 1.40236922324009904805808376763501843311e+00, -8.1149520698813589e+00, -1.9338660846453362e-01
0.09300000, 2.08273587518832434854861735658024153027e+00, -3.05678630431375947687244330401706166354e+00, 3.99673600203411043705658312007443349909e+01, 6.50671656013289355255598489504003895989e-02, 6.92405045534335533444080225971859858280e+00, 1.40271845052709797927381823280969146925e+00, -8.1342758493832566e+00, -2.0788956576816638e-01
0.09400000, 2.08316877218027403206360532439526266876e+00, -3.05665487427348691517871078169723815171e+00, 3.99670447836529187797551564033676500833e+01, 6.58848515180983416296505858110976598951e-02, 6.92376122964838501723019904209495862582e+00, 1.40306810484917206973166121970511346045e+00, -8.1536449918526339e+00, -2.2250413061871642e-01
0.09500000, 2.08360235795393711626102753463009126346e+00, -3.05652278365717943023208161550518196162e+00, 3.99667302288987326051077807307909495079e+01, 6.67050748991412706853913865238002472982e-02, 6.92347131569676817188716192452096742990e+00, 1.40341818641640316913675097403615655062e+00, -8.1730593937078507e+00, -2.3723100875847510e-01
0.09600000, 2.08403663320396396650957889379431751108e+00, -3.05639003149572046668782219705928785777e+00, 3.99664163533735922759325549944965401237e+01, 6.75278365698695734330082162104943352481e-02, 6.92318071232242198101379270047091947763e+00, 1.40376869543863460377815205786780380813e+00, -8.1925189482880867e+00, -2.5207091003018985e-01
0.09700000, 2.08447159862656495471476743482328562220e+00, -3.05625661681508075602258552392074897180e+00, 3.99661031543624265699972165842058334143e+01, 6.83531373556337532328420509182827175230e-02, 6.92288941835439987249108489839916679320e+00, 1.40411963212546816359669191205029855422e+00, -8.2120235458153994e+00, -2.6702454839515055e-01
0.09800000, 2.08490725491951510297862908379656415881e+00, -3.05612253863630151432880711306043782528e+00, 3.99657906291400223682970663758659491240e+01, 6.91809780817086825469737205920768034923e-02, 6.92259743261687492682304743203161794065e+00, 1.40447099668626105124164786862566335092e+00, -8.2315730733563918e+00, -2.8209264195127011e-01
0.09900000, 2.08534360278215872970501707549357772675e+00, -3.05598779597547753358026131894442319807e+00, 3.99654787749710002853633385841197526503e+01, 7.00113595732792170334088564131489162925e-02, 6.92230475392912318887514803401638195315e+00, 1.40482278933012279285373788069241451501e+00, -8.2511674147834849e+00, -2.9727591295115727e-01
0.10000000, 2.08578064291541409815254852310635874285e+00, -3.05585238784374016573988236577788698038e+00, 3.99651675891097901746080458327804908953e+01, 7.08442826554257065999183460925989809733e-02, 6.92201138110550688345949998491865984481e+00, 1.40517501026591211030907442298872513329e+00, -8.2708064507357933e+00, -3.1257508782017988e-01
0.10100000, 2.08621837602177806743639479552916860943e+00, -3.05571631324724019907602552391755284807e+00, 3.99648570688006065081988748678335363994e+01, 7.16797481531094027589618618087250406052e-02, 6.92171731295545753421521505131311054826e+00, 1.40552765970223375465592180023249572802e+00, -8.2904900585795984e+00, -3.2799089717451693e-01
0.10200000, 2.08665680280533074597919768914215444018e+00, -3.05557957118713062604837337324842929334e+00, 3.99645472112774236309544824267781452811e+01, 7.25177568911577616194078647417633098272e-02, 6.92142254828345898522831261389039998914e+00, 1.40588073784743530047325218669002140130e+00, -8.3102181123684166e+00, -3.4352407583919716e-01
0.10300000, 2.08709592397174014741047975709699889984e+00, -3.05544216065954930211967960145083176729e+00, 3.99642380137639508877472956751587619479e+01, 7.33583096942496418450025245554768121381e-02, 6.92112708588903032483150940869138563702e+00, 1.40623424490960390087722481078503738447e+00, -8.3299904828026582e+00, -3.5917536286612261e-01
0.10400000, 2.08753574022826684891299443324060265411e+00, -3.05530408065560149484448787825138512186e+00, 3.99639294734736076238976571944662644278e+01, 7.42014073869003969037317336044693642385e-02, 6.92083092456670871102011582846717970423e+00, 1.40658818109656300289881549061527937196e+00, -8.3498070371888735e+00, -3.7494550155207499e-01
0.10500000, 2.08797625228376865201352961364383388934e+00, -3.05516533016134232258086561926375764208e+00, 3.99636215876094980580398706228490573531e+01, 7.50470507934468609263643508833262102256e-02, 6.92053406310603209791613304037574103906e+00, 1.40694254661586902295289991433360414989e+00, -8.3696676393985827e+00, -3.9083523945670277e-01
0.10600000, 2.08841746084870524581473698809676700406e+00, -3.05502590815775908216605149175062192746e+00, 3.99633143533643860269373995779785174557e+01, 7.58952407380322274865604813627145166900e-02, 6.92023650029152186270847997135753012614e+00, 1.40729734167480798211614333425907120473e+00, -8.3895721498266850e+00, -4.0684532842048728e-01
0.10700000, 2.08885936663514287266360849691770530124e+00, -3.05488581362075346489173090195813275381e+00, 3.99630077679206696017211492957570220604e+01, 7.67459780445908206089754787080654237884e-02, 6.91993823490266533249308019109538897701e+00, 1.40765256648039210092807139251173494478e+00, -8.4095204253494431e+00, -4.2297652458268529e-01
0.10800000, 2.08930197035675899625126067316869974747e+00, -3.05474504552112366010942501742705087026e+00, 3.99627018284503555750214173642068974759e+01, 7.75992635368327573057879444590287894606e-02, 6.91963926571389821043230557885455633683e+00, 1.40800822123935635342669130248484814729e+00, -8.4295123192820401e+00, -4.3922958839924632e-01
0.10900000, 2.08974527272884697213771716315521041231e+00, -3.05460360282454634579120569111512633618e+00, 3.99623965321150338184607368827711763226e+01, 7.84550980382285009360277701886123938972e-02, 6.91933959149458690064900608596739045878e+00, 1.40836430615815498012699925447313910925e+00, -8.4495476813357045e+00, -4.5560528466070236e-01
0.11000000, 2.09018927446832072069439924327542701811e+00, -3.05446148449155856536563053586997322598e+00, 3.99620918760658515099714521963925336773e+01, 7.93134823719933046759777111349281166148e-02, 6.91903921100901073126605258834204016569e+00, 1.40872082144295795964764837143207299612e+00, -8.4696263575743981e+00, -4.7210438251002770e-01
0.11100000, 2.09063397629371940245604351129354366373e+00, -3.05431868947753949014342891166436456789e+00, 3.99617878574434872303984639031756937682e+01, 8.01744173610715443827685649627389497041e-02, 6.91873812301634407499798244798684479633e+00, 1.40907776729964743868796148454006502779e+00, -8.4897481903710652e+00, -4.8872765546046684e-01
0.11200000, 2.09107937892521209587276496538418155523e+00, -3.05417521673269206664206029318291142264e+00, 3.99614844733781249288441559752971211503e+01, 8.10379038281209401270832267372252539309e-02, 6.91843632627063836669696465075333729448e+00, 1.40943514393381412005435409653593641887e+00, -8.5099130183634372e+00, -5.0547588141332805e-01
0.11300000, 2.09152548308460247745197223327086850318e+00, -3.05403106520202454811281093615316752991e+00, 3.99611817209894277562090734252713643102e+01, 8.19039425954966656646281642939867417573e-02, 6.91813381952080401725089293762448961877e+00, 1.40979295155075360843208481839186513201e+00, -8.5301206764093888e+00, -5.2234984267574020e-01
0.11400000, 2.09197228949533350427881961286400028257e+00, -3.05388623382533190956859250669786692729e+00, 3.99608795973865117663784538529303431377e+01, 8.27725344852353451097216646575244422364e-02, 6.91783060151059222322697087390301167673e+00, 1.41015119035546271359507296251223325878e+00, -8.5503709955418434e+00, -5.3935032597837065e-01
0.11500000, 2.09241979888249209890284766933165608210e+00, -3.05374072153717714560505692347329464489e+00, 3.99605780996679194845012302807770523863e+01, 8.36436803190389360679859938895938779139e-02, 6.91752667097857667164967197622019185622e+00, 1.41050986055263571074331551009337788257e+00, -8.5706638029232207e+00, -5.5647812249310163e-01
0.11600000, 2.09286801197281383657742023375218957133e+00, -3.05359452726687245030204462699113561294e+00, 3.99602772249215933418046157840336842163e+01, 8.45173809182584984787148357654836111616e-02, 6.91722202665813513929744050962670677463e+00, 1.41086896234666055765419799427509354454e+00, -8.5909989217994254e+00, -5.7373402785066268e-01
0.11700000, 2.09331692949468763483751059551481530532e+00, -3.05344764993846027848673836879248599668e+00, 3.99599769702248489763838524030450205338e+01, 8.53936371038778484110174690666930925571e-02, 6.91691666727743098589794404094829524251e+00, 1.41122849594161506833072560290915560916e+00, -8.6113761714533705e+00, -5.9111884215821674e-01
0.11800000, 2.09376655217816044540032330240754049995e+00, -3.05330008847069428763420093444385384538e+00, 3.99596773326443483994031575450796315563e+01, 8.62724496964970960513165431149318166694e-02, 6.91661059155939454059709695142634960435e+00, 1.41158846154126304282640164966632838862e+00, -8.6317953671580327e+00, -6.0863337001689712e-01
0.11900000, 2.09421688075494194837216010462225565152e+00, -3.05315184177702015967523250288216350138e+00, 3.99593783092360730261403303943777146408e+01, 8.71538195163160671131964444385623263668e-02, 6.91630379822170438107244452924331530637e+00, 1.41194885934905035292315013010484703444e+00, -8.6522563201290346e+00, -6.2627842053929297e-01
0.12000000, 2.09466791595840924874384902525050624045e+00, -3.05300290876555630197569111944944868704e+00, 3.99590798970452965713038886069300570312e+01, 8.80377473831176068939635359781834536979e-02, 6.91599628597676850465682963513558075723e+00, 1.41230968956810098333531700627786775688e+00, -8.6727588374767494e+00, -6.4405480736688045e-01
0.12100000, 2.09511965852361157515595413151724280951e+00, -3.05285328833907442674557753474066224720e+00, 3.99587820931065578080479916223590464991e+01, 8.89242341162507661955874095819664797485e-02, 6.91568805353170539083355791261682866244e+00, 1.41267095240121302810939078119954107855e+00, -8.6933027221579251e+00, -6.6196334868739694e-01
0.12200000, 2.09557210918727498091387013698741128668e+00, -3.05270297939498000813029294450172093895e+00, 3.99584848944436331901067711308437741479e+01, 8.98132805346138683209431319743779201267e-02, 6.91537909958832495445953274544192634491e+00, 1.41303264805085464188565646038299844980e+00, -8.7138877729268226e+00, -6.8000486725215558e-01
0.12300000, 2.09602526868780704723178030193770624241e+00, -3.05255198082529261623053446020700172513e+00, 3.99581882980695093364660314387291869796e+01, 9.07048874566374563494676867680273281272e-02, 6.91506942284310938906804729223946831829e+00, 1.41339477671915994568453777464292159980e+00, -8.7345137842858630e+00, -6.9818019039329722e-01
0.12400000, 2.09647913776530158868331803130661736856e+00, -3.05240029151662612729129794308451326821e+00, 3.99578923009863553779866025317300872244e+01, 9.15990557002671198894788168151497461792e-02, 6.91475902198719389959809759142847969920e+00, 1.41375733860792488687689017486566720525e+00, -8.7551805464357822e+00, -7.1649015004097708e-01
0.12500000, 2.09693371716154336083562190901527916388e+00, -3.05224791035016880929441063816702454716e+00, 3.99575969001854951653899263879305144003e+01, 9.24957860829462004974806420931931368625e-02, 6.91444789570634732389221756456331785058e+00, 1.41412033391860305299398121938685849706e+00, -8.7758878452252849e+00, -7.3493558274048312e-01
0.12600000, 2.09738900762001277004231046345047848742e+00, -3.05209483620166328218291633574205415045e+00, 3.99573020926473793380127323915293453336e+01, 9.33950794215983749477971515798637147466e-02, 6.91413604268095264229993338528410984443e+00, 1.41448376285230143902933516726493033117e+00, -8.7966354621001963e+00, -7.5351732966928316e-01
0.12700000, 2.09784500988589058536972653850939043921e+00, -3.05194106794138635193948304598854117669e+00, 3.99570078753415572527339103889270293316e+01, 9.42969365326101155288313196669159336478e-02, 6.91382346158598737471899075242164488539e+00, 1.41484762560977616788102447071149679744e+00, -8.8174231740521059e+00, -7.7223623665399778e-01
0.12800000, 2.09830172470606265262961155230490891060e+00, -3.05178660443412871773479687351313989809e+00, 3.99567142452266487724729198567069285460e+01, 9.52013582318130265351435482535747786478e-02, 6.91351015109100386440152373397637511589e+00, 1.41521192239142816357936202711193988463e+00, -8.8382507535664990e+00, -7.9109315418729594e-01
0.12900000, 2.09875915282912461049016696335655010657e+00, -3.05163144453917455135564539100953896479e+00, 3.99564211992503159136552806607418466472e+01, 9.61083453344660561173777475238238900732e-02, 6.91319610986010944784730765420626193416e+00, 1.41557665339729877694128410051889509177e+00, -8.8591179685703713e+00, -8.1008893744471016e-01
0.13000000, 2.09921729500538660863624373119624785636e+00, -3.05147558711028094811607879855049165817e+00, 3.99561287343492343520368748204354613383e+01, 9.70178986552375826448359973442693998038e-02, 6.91288133655194651010117059550359185691e+00, 1.41594181882706536328901434443937683445e+00, -8.8800245823793223e+00, -8.2922444630136810e-01
0.13100000, 2.09967615198687802794817025152908274967e+00, -3.05131903099565724844866697431940105046e+00, 3.99558368474490647862749493943483604339e+01, 9.79300190081873747282127259542880151622e-02, 6.91256582981967242476652809269917951288e+00, 1.41630741888003681186686393744487443556e+00, -8.9009703536441225e+00, -8.4850054534863735e-01
0.13200000, 2.10013572452735220266748495947146007034e+00, -3.05116177503794422936644462510418555508e+00, 3.99555455354644241586298479144894636192e+01, 9.88447072067484240426460447386222747526e-02, 6.91224958831093937804185311843817531932e+00, 1.41667345375514902658625106089758445644e+00, -8.9219550362967502e+00, -8.6791810391068011e-01
0.13300000, 2.10059601338229114451658131930592133254e+00, -3.05100381807419316497965457571871162209e+00, 3.99552547952988567321776115566735324744e+01, 9.97619640637086500838266217133257906153e-02, 6.91193261066787407608169809876639128464e+00, 1.41703992365096035772521437912509373523e+00, -8.9429783794958930e+00, -8.8747799606091436e-01
0.13400000, 2.10105701930891026873800004426142170322e+00, -3.05084515893584475524486023462070143471e+00, 3.99549646238448050239096812828155837450e+01, 1.00681790391192475982422588924869647637e-01, 6.91161489552705733497864705835206263890e+00, 1.41740682876564698420484939677706895254e+00, -8.9640401275719090e+00, -9.0718110063837827e-01
0.13500000, 2.10151874306616312201781590088427426913e+00, -3.05068579644870792211740187104584518565e+00, 3.99546750179835805930919983660744564950e+01, 1.01604187000642274494531779840175529300e-01, 6.91129644151950355265729367096237657355e+00, 1.41777416929699824606121313074471741863e+00, -8.9851400199712437e+00, -9.2702830126399422e-01
0.13600000, 2.10198118541474611225626413261475299754e+00, -3.05052572943293847227151696333810657908e+00, 3.99543859745853346842518428485476601737e+01, 1.02529154702799683278259394054921850393e-01, 6.91097724727064006196601457480180239286e+00, 1.41814194544241192672732100452730817655e+00, -9.0062777912002972e+00, -9.4702048635672898e-01
0.13700000, 2.10244434711710324014743416636456736432e+00, -3.05036495670301762554573194878755984675e+00, 3.99540974905090287241567674198873074074e+01, 1.03456694307686788558839292718415786515e-01, 6.91065731140028636424693639170541734111e+00, 1.41851015739888948473589980555506178246e+00, -9.0274531707687369e+00, -9.6715854914964651e-01
0.13800000, 2.10290822893743083252852562142508157658e+00, -3.05020347706773040826436063567289778075e+00, 3.99538095626024046721459777788303198488e+01, 1.04386806624587176276969835706722201725e-01, 6.91033663252263324265907904724241235704e+00, 1.41887880536303123444956148957156311662e+00, -9.0486658831322511e+00, -9.8744338770584961e-01
0.13900000, 2.10337283164168227745781349619228596892e+00, -3.05004128933014391057911273527231900090e+00, 3.99535221877019552231704795822380001876e+01, 1.05319492462026849807219769706919788874e-01, 6.91001520924622175452419680442368119854e+00, 1.41924788953103147542102411409727722793e+00, -9.0699156476347393e+00, -1.0078759049343069e+00
0.14000000, 2.10383815599757276097910553623754927509e+00, -3.04987839228758540696792383564329783649e+00, 3.99532353626328938628942564307846176684e+01, 1.06254752627755013325475446035479464080e-01, 6.90969304017392210195933147139798504027e+00, 1.41961741009867356998192777302812681039e+00, -9.0912021784499319e+00, -1.0284570086055610e+00
0.14100000, 2.10430420277458400552909495540153496399e+00, -3.04971478473162033902116506355047750815e+00, 3.99529490842091247742046628188237723645e+01, 1.07192587928724719896446861230092361208e-01, 6.90937012390291238005453909326312571640e+00, 1.41998736726132496865467461871652826714e+00, -9.1125251845224382e+00, -1.0491876113673147e+00
0.14200000, 2.10477097274396900994261565496779294027e+00, -3.04955046544803015963837605281360313076e+00, 3.99526633492332125944761104190312113623e+01, 1.08132999171073383344225937149091600167e-01, 6.90904645902465720184865165538516002468e+00, 1.42035776121393218297756242286463172273e+00, -9.1338843695082136e+00, -1.0700686307598905e+00
0.14300000, 2.10523846667875679100939462656811878062e+00, -3.04938543321679003775158803644322088013e+00, 3.99523781544963520229269953099405953071e+01, 1.09075987160103152960795347200755364322e-01, 6.90872204412488619935028847130592409551e+00, 1.42072859215101570532928016386125185869e+00, -9.1552794317144440e+00, -1.0911009892315598e+00
0.14400000, 2.10570668535375712653446709108224512408e+00, -3.04921968681204642268416427915300489258e+00, 3.99520934967783372774056576151491378121e+01, 1.10021552700261150099219299809819267778e-01, 6.90839687778357239984563755869387608967e+00, 1.42109986026666487533459135056897787940e+00, -9.1767100640388412e+00, -1.1122856141537381e+00
0.14500000, 2.10617562954556529985297387398277627375e+00, -3.04905322500209446724688203205388063389e+00, 3.99518093728475313999369833343920182330e+01, 1.10969696595119565690008249297518704799e-01, 6.90807095857491047672878497344082548361e+00, 1.42147156575453269242874570981305745511e+00, -9.1981759539083441e+00, -1.1336234378360417e+00
0.14600000, 2.10664530003256684574859729962105814899e+00, -3.04888604654935530866571308127759918540e+00, 3.99515257794608354103570507354080185592e+01, 1.11920419647355617710836749468294466067e-01, 6.90774428506729487408457932177818062074e+00, 1.42184370880783057415383197969710470358e+00, -9.2196767832172205e+00, -1.1551153975412016e+00
0.14700000, 2.10711569759494229772341125179530306378e+00, -3.04871815021035320642842812845058184194e+00, 3.99512427133636573073589903670019007457e+01, 1.12873722658731367631406819193485697740e-01, 6.90741685582329780424817904524320899176e+00, 1.42221628961932305975591336000935484831e+00, -9.2412122282645659e+00, -1.1767624354998302e+00
0.14800000, 2.10758682301467193656542274114852295831e+00, -3.04854953473569253612975302753183944966e+00, 3.99509601712898809162689683723244263208e+01, 1.13829606430073394846787466251559452505e-01, 6.90708866939964711755954111068795265902e+00, 1.42258930838132245864737216481858649703e+00, -9.2627819596911911e+00, -1.1985654989250382e+00
0.14900000, 2.10805867707554054015856608363448535015e+00, -3.04838019887003463838734164632529791741e+00, 3.99506781499618345828669171504233065892e+01, 1.14788071761252328104023620865353816246e-01, 6.90675972434720404352517096961244578643e+00, 1.42296276528568344329443088503188769342e+00, -9.2843856424158969e+00, -1.2205255400268940e+00
0.15000000, 2.10853126056314213447837636710078122635e+00, -3.04821014135207452189330015126395135650e+00, 3.99503966460902597125623253557614125651e+01, 1.15749119451162232918193860044520891426e-01, 6.90643001921094080259346460528760535595e+00, 1.42333666052379758608531267796104010522e+00, -9.3060229355711277e+00, -1.2426435160267245e+00
0.15100000, 2.10900457426488474571501600006403373312e+00, -3.04803936091451741965840015253871510597e+00, 3.99501156563742791542310605607520747245e+01, 1.16712750297699853965405145192197495657e-01, 6.90609955252991808774393368476927136929e+00, 1.42371099428658783972995472811953914109e+00, -9.3276934924380004e+00, -1.2649203891712510e+00
0.15200000, 2.10947861896999515346375652949345966569e+00, -3.04786785628405519749845270732345586942e+00, 3.99498351775013654280148324554284892739e+01, 1.17678965097743711431443526470827688797e-01, 6.90576832283726241508451379328361804682e+00, 1.42408576676450296073759243329344479411e+00, -9.3493969603807033e+00, -1.2873571267465550e+00
0.15300000, 2.10995339546952364492142731072635316959e+00, -3.04769562618134261380458096796616618230e+00, 3.99495552061473087963805120400491230379e+01, 1.18647764647133050285951556833221930282e-01, 6.90543632866014334264501296275048031357e+00, 1.42446097814751187551389042049750135261e+00, -9.3711329807802583e+00, -1.3099547010918718e+00
0.15400000, 2.11042890455634877002573273665884210154e+00, -3.04752266932097342963132557793693989500e+00, 3.99492757389761851777321026985458056150e+01, 1.19619149740646641443075165670967558213e-01, 6.90510356851975055654856272138601071480e+00, 1.42483662862509798861460743910857650177e+00, -9.3929011889676427e+00, -1.3327140896132035e+00
0.15500000, 2.11090514702518209747271030547273554334e+00, -3.04734898441145636812864305143652376420e+00, 3.99489967726403239018637121399439254822e+01, 1.20593121171981433760514116421679662852e-01, 6.90477004093127082373668618912712189421e+00, 1.42521271838625343268804565779789593740e+00, -9.4147012141562636e+00, -1.3556362747967498e+00
0.15600000, 2.11138212367257297154595254294152270929e+00, -3.04717457015519092233591260519390951633e+00, 3.99487183037802753065373997768162440341e+01, 1.21569679733731055819820054244464972168e-01, 6.90443574440386481041729682048152170385e+00, 1.42558924761947325963375024547496991426e+00, -9.4365326793737813e+00, -1.3787222442221501e+00
0.15700000, 2.11185983529691326968954640949641709085e+00, -3.04699942524844301034805051726538915017e+00, 3.99484403290247781744652719889559269208e+01, 1.22548826217364166421613669257355440038e-01, 6.90410067744064376539858674339859129739e+00, 1.42596621651274957250009177490364006601e+00, -9.4583952013932742e+00, -1.4019729905755313e+00
0.15800000, 2.11233828269844216075499402248230640563e+00, -3.04682354838132047685574233346524881719e+00, 3.99481628449907270099706677101421267118e+01, 1.23530561413202652720136778146601338045e-01, 6.90376483853864606746535474552165566149e+00, 1.42634362525356559763848137443214866795e+00, -9.4802883906637410e+00, -1.4253895116623582e+00
0.15900000, 2.11281746667925086385066801515389267880e+00, -3.04664693823774844005364138490805192740e+00, 3.99478858482831391545987186883815114010e+01, 1.24514886110399674912215272470799339750e-01, 6.90342822618881363594786029787667240966e+00, 1.42672147402888969662703608465742698427e+00, -9.5022118512399346e+00, -1.4489728104200792e+00
0.16000000, 2.11329738804328740772062333665840570486e+00, -3.04646959349544448290214636904165483757e+00, 3.99476093354951217409419824164852997121e+01, 1.25501801096917556386283995778967111710e-01, 6.90309083887596820362677105527968171146e+00, 1.42709976302516931747152896176671045226e+00, -9.5241651807115213e+00, -1.4727238949305633e+00
0.16100000, 2.11377804759636139057783446810930690949e+00, -3.04629151282589368772006042192929684177e+00, 3.99473333032078384839422309203107277161e+01, 1.26491307159505518227613783517008207933e-01, 6.90275267507878745111119650149351094322e+00, 1.42747849242832488458642450929820863784e+00, -9.5461479701315603e+00, -1.4966437784323227e+00
0.16200000, 2.11425944614614874031515258128083724426e+00, -3.04611269489432351307704840313466328564e+00, 3.99470577479904763089248351353671648945e+01, 1.27483405083677256966283208945075391831e-01, 6.90241373326978100182016927874071415673e+00, 1.42785766242374362705371440914814140213e+00, -9.5681598039442984e+00, -1.5207334793325155e+00
0.16300000, 2.11474158450219647501548078660694778804e+00, -3.04593313835967851194634724930894782864e+00, 3.99467826664002118156175123065491542030e+01, 1.28478095653688364444752093685564594886e-01, 6.90207401191526627669124771314592082649e+00, 1.42823727319627334465213064721074286902e+00, -9.5902002599122722e+00, -1.5449940212187231e+00
0.16400000, 2.11522446347592746368084698990146319693e+00, -3.04575284187459489006964544249330059403e+00, 3.99465080549821775774005025171789920163e+01, 1.29475379652513588672119621110809739821e-01, 6.90173350947534420773316757178544355241e+00, 1.42861732493021611114412236772682822067e+00, -9.6122689090427151e+00, -1.5694264328704963e+00
0.16500000, 2.11570808388064518709821268200529938651e+00, -3.04557180408537490347743108922783050478e+00, 3.99462339102694282750305098978650268885e+01, 1.30475257861823934522285981752219945717e-01, 6.90139222440387480953266760913401458983e+00, 1.42899781780932191430273851405264103204e+00, -9.6343653155132603e+00, -1.5940317482706650e+00
0.16600000, 2.11619244653153849875799189744494990488e+00, -3.04539002363196109409941301265477112653e+00, 3.99459602287829066640759840873298579767e+01, 1.31477731061963603123281918467903771573e-01, 6.90105015514845260781875142073867959166e+00, 1.42937875201678223215525988501336810275e+00, -9.6564890365969361e+00, -1.6188110066164056e+00
0.16700000, 2.11667755224568638573936726767776690670e+00, -3.04520749914791036239084480851976967264e+00, 3.99456870070314093752965279196315624803e+01, 1.32482800031926768774984350308998169648e-01, 6.90070730015038192418072695382187091043e+00, 1.42976012773522354491507101008525515303e+00, -9.6786396225864467e+00, -1.6437652523300590e+00
0.16800000, 2.11716340184206272947457922754794332306e+00, -3.04502422926036787589172718454214870811e+00, 3.99454142415115525471943978972619345061e+01, 1.33490465549334192222297451663016791264e-01, 6.90036365784465201602938415603621263713e+00, 1.43014194514670078206785356999517941855e+00, -9.7008166167177332e+00, -1.6688955350696952e+00
0.16900000, 2.11764999614154106630242967147717311667e+00, -3.04484021259004081262692825878418485427e+00, 3.99451419287077372899612145785031972609e+01, 1.34500728390409669100646149688286141796e-01, 6.90001922665991207088363009642159161402e+00, 1.43052420443269070407271830028906314324e+00, -9.7230195550928086e+00, -1.6942029097394170e+00
0.17000000, 2.11813733596689934771928235523950787243e+00, -3.04465544775117193824624399453396504646e+00, 3.99448700650921149800381203600767147796e+01, 1.35513589329956312360301969077178854163e-01, 6.89967400501844605405779888217990918804e+00, 1.43090690577408521813337074395044433410e+00, -9.7452479666018604e+00, -1.7196884364993969e+00
0.17100000, 2.11862542214282470023385875170143147820e+00, -3.04446993335151301579432074522893966452e+00, 3.99445986471245523845027120713147098210e+01, 1.36529049141332667465638477864850712797e-01, 6.89932799133614740881769023031208668192e+00, 1.43129004935118462748882718667731787959e+00, -9.7675013728446160e+00, -1.7453531807756409e+00
0.17200000, 2.11911425549591818473011954155922680393e+00, -3.04428366799229804699117811163708390096e+00, 3.99443276712525966144911351114924007136e+01, 1.37547108596428659154894238526886379429e-01, 6.89898118402249360806616503720712566869e+00, 1.43167363534369081366755992773845505473e+00, -9.7897792880509641e+00, -1.7711982132694734e+00
0.17300000, 2.11960383685469955524048809484819399189e+00, -3.04409665026821634389480210345031670321e+00, 3.99440571339114399068587543541094691874e+01, 1.38567768465641368535404100146372458072e-01, 6.89863358148052055661183811823607187982e+00, 1.43205766393070035114325501445771632973e+00, -9.8120812190008264e+00, -1.7972246099667356e+00
0.17400000, 2.12009416704961201702961281278638222858e+00, -3.04390887876738542980792506709605842777e+00, 3.99437870315238842332778145062153476729e+01, 1.39591029517850639278543822954852899302e-01, 6.89828518210679684306705685306090262627e+00, 1.43244213529069755382460999445945483366e+00, -9.8344066649432728e+00, -1.8234334521466921e+00
0.17500000, 2.12058524691302698388677968420847236459e+00, -3.04372035207132376828166909916946559206e+00, 3.99435173605003057359654688416146128118e+01, 1.40616892520394511667817336693598042999e-01, 6.89793598429139784041393915389414506563e+00, 1.43282704960154745280578340298298258283e+00, -9.8567551175148756e+00, -1.8498258263906374e+00
0.17600000, 2.12107707727924883452297449312915712311e+00, -3.04353106875492331905920280829903619510e+00, 3.99432481172386189892304900171226314773e+01, 1.41645358239044483242599317126539417009e-01, 6.89758598641787965426976434983478066001e+00, 1.43321240704048870479823087983511518901e+00, -9.8791260606572948e+00, -1.8764028245901973e+00
0.17700000, 2.12156965898451966796645541528253683289e+00, -3.04334102738642191979294640485408387035e+00, 3.99429792981242410860218798229977912544e+01, 1.42676427437980594769027126119282924290e-01, 6.89723518686325291787546562039756953598e+00, 1.43359820778412643065872426962673800590e+00, -9.9015189705340899e+00, -1.9031655439553170e+00
0.17800000, 2.12206299286702405784853087791325131672e+00, -3.04315022652737549235915626442635795010e+00, 3.99427108995300555486574660031607817695e+01, 1.43710100879766340258414392599593209674e-01, 6.89688358399795643282336187834740681594e+00, 1.43398445200842498342234905816471950308e+00, -9.9239333154467506e+00, -1.9301150870219291e+00
0.17900000, 2.12255707976689380546904413932837727940e+00, -3.04295866473263007258392639344655553868e+00, 3.99424429178163760629054134976055976446e+01, 1.44746379325323399742332494049956015480e-01, 6.89653117618583065453258985193163109480e+00, 1.43437113988870064524321128604679226629e+00, -9.9463685557499416e+00, -1.9572525616592950e+00
0.18000000, 2.12305192052621269152884467793844360411e+00, -3.04276634055029366218475967870305651342e+00, 3.99421753493309100345863843971711825228e+01, 1.45785263533906193502174797394690362053e-01, 6.89617796178409102147295289855676556708e+00, 1.43475827159961425263945689677157134502e+00, -9.9688241437659540e+00, -1.9845790810770114e+00
0.18100000, 2.12354751598902122641427676431796811222e+00, -3.04257325252170790172188547094543500540e+00, 3.99419081904087219678588553471163293416e+01, 1.46826754263076256439580587328269567785e-01, 6.89582393914330112713009113778649109063e+00, 1.43514584731516374943301355036385798507e+00, -9.9912995236983581e+00, -2.0120957638316757e+00
0.18200000, 2.12404386700132139891643711812580824827e+00, -3.04237939918141956334343096902520695051e+00, 3.99416414373721966643448428771442280410e+01, 1.47870852268676431262549988861640672745e-01, 6.89546910660734573369699715598485295909e+00, 1.43553386720867666676820648402064250150e+00, -1.0013794131544850e+01, -2.0398037338332017e+00
0.18300000, 2.12454097441108142326564591270903582557e+00, -3.04218477905715186209839105666886961857e+00, 3.99413750865310022422479959569608074737e+01, 1.48917558304804879150426705013180153675e-01, 6.89511346251340362646895213548399884437e+00, 1.43592233145280252958707523791704213933e+00, -1.0036307395009289e+01, -2.0677041203507791e+00
0.18400000, 2.12503883906824048435923816618802043426e+00, -3.04198939066977558458108370903796180221e+00, 3.99411091341820529746106907623121945033e+01, 1.49966873123788906549160852134089004397e-01, 6.89475700519192030791093811797580862222e+00, 1.43631124021950518893282618615903273745e+00, -1.0058838733412912e+01, -2.0957980580184678e+00
0.18500000, 2.12553746182471348105841532516260337157e+00, -3.04179323253328003366042482913075575455e+00, 3.99408435766094719458514049698087158803e+01, 1.51018797476158606736388382265036699765e-01, 6.89439973296658053035849253764702806108e+00, 1.43670059368005507944639600864484463960e+00, -1.0081387557604728e+01, -2.1240866868404209e+00
0.18600000, 2.12603684353439576742749917623578875750e+00, -3.04159630315474378803690638147245035662e+00, 3.99405784100845535257182576616742449793e+01, 1.52073332110620314783875317853650777290e-01, 6.89404164415428066630481045962429109931e+00, 1.43709039200502140141457268749335878357e+00, -1.0103953269871082e+01, -2.1525711521957264e+00
0.18700000, 2.12653698505316789178650167554316898453e+00, -3.04139860103430527535961393715474188779e+00, 3.99403136308657256597891758947225735665e+01, 1.53130477774029874532773058366209795215e-01, 6.89368273706510091521866743119699352058e+00, 1.43748063536426422672152247924016437030e+00, -1.0126535263844375e+01, -2.1812526048428610e+00
0.18800000, 2.12703788723890033344546442540379140304e+00, -3.04120012466513315762497319277401042026e+00, 3.99400492351985119756436899511162836997e+01, 1.54190235211365716184914105419224538709e-01, 6.89332301000227734582943078698249100054e+00, 1.43787132392692652804890275789242718773e+00, -1.0149132924410951e+01, -2.2101322009237478e+00
0.18900000, 2.12753955095145823698652990175459376927e+00, -3.04100087253339652756816862659976570121e+00, 3.99397852193154937038258660204684931625e+01, 1.55252605165701743101044432833888136478e-01, 6.89296246126217377280704892685023828767e+00, 1.43826245786142613066300078989777435661e+00, -1.0171745627618123e+01, -2.2392111019674084e+00
0.19000000, 2.12804197705270614395718269146353274770e+00, -3.04080084311823491474733014640985706481e+00, 3.99395215794362714127123573411686751659e+01, 1.56317588378180026384438125257486859142e-01, 6.89260108913425346675645578131809559338e+00, 1.43865403733544758612052652471136114559e+00, -1.0194372740580349e+01, -2.2684904748932019e+00
0.19100000, 2.12854516640651272183554247368818238932e+00, -3.04060003489172810000963429033279205537e+00, 3.99392583117674265563939924299241343157e+01, 1.57385185587983305815770533262893517218e-01, 6.89223889190105069643730065959842840806e+00, 1.43904606251593396721780248723680740147e+00, -1.0217013621384540e+01, -2.2979714920136422e+00
0.19200000, 2.12904911987875549012600080629177964086e+00, -3.04039844631886573701741417750207979688e+00, 3.99389954125024828346737217277955404287e+01, 1.58455397532307295692436738273523549696e-01, 6.89187586783814210211131119876679092987e+00, 1.43943853356907858350113495281268992407e+00, -1.0239667618994506e+01, -2.3276553310367843e+00
0.19300000, 2.12955383833732554344087048236185028490e+00, -3.04019607585751677950121586923459516891e+00, 3.99387328778218673642781115627730925116e+01, 1.59528224946332794112691265786172850569e-01, 6.89151201521411789891091844875846071801e+00, 1.43983145066031661664911687183834799290e+00, -1.0262334073154513e+01, -2.3575431750681714e+00
0.19400000, 2.13005932265213227142105882168659032667e+00, -3.03999292195839871289547698062880015120e+00, 3.99384707038928716603739065464174343727e+01, 1.60603668563197594232051392865855825359e-01, 6.89114733229055290911401747892069613926e+00, 1.44022481395431667503050357801505307075e+00, -1.0285012314291970e+01, -2.3876362126123332e+00
0.19500000, 2.13056557369510807534608426928782548518e+00, -3.03978898306504658900113515055604726458e+00, 3.99382088868696124274754781574329245756e+01, 1.61681729113968196006348712410410235882e-01, 6.89078181732197742220090351116182284600e+00, 1.44061862361497226673411623799810060541e+00, -1.0307701663419215e+01, -2.4179356375738267e+00
0.19600000, 2.13107259234021308128102859240264628487e+00, -3.03958425761378186230799819521609048515e+00, 3.99379474228929921588232380893411035069e+01, 1.62762407327611316922630472616961243443e-01, 6.89041546855584788156051169739046741514e+00, 1.44101287980539319035996434535957981458e+00, -1.0330401432034413e+01, -2.4484426492578102e+00
0.19700000, 2.13158037946343984960525429611375475154e+00, -3.03937874403368102659812328340865959053e+00, 3.99376863080906595433073197227103897146e+01, 1.63845703930965200205802219342446651519e-01, 6.89004828423251739670409748142449148622e+00, 1.44140758268789684285343638019340149960e+00, -1.0353110922021544e+01, -2.4791584523701408e+00
0.19800000, 2.13208893594281808076491810635310186448e+00, -3.03917244074654405043975811335686822576e+00, 3.99374255385769696790050195936521746449e+01, 1.64931619648710718975465028857571548625e-01, 6.88968026258520607983542322570872944719e+00, 1.44180273242399944365698608701425155028e+00, -1.0375829425549486e+01, -2.5100842570169860e+00
0.19900000, 2.13259826265841931708847598006941928492e+00, -3.03896534616686261016959166030385697054e+00, 3.99371651104529440923946427374451823960e+01, 1.66020155203342274813832709151818034555e-01, 6.88931140183997120561736464009324891898e+00, 1.44219832917440717444623969470830316507e+00, -1.0398556224970179e+01, -2.5412212787039397e+00
0.20000000, 2.13310836049236164050150257128970661870e+00, -3.03875745870178811894914440608570045116e+00, 3.99369050198062305623025110560916263934e+01, 1.67111311315138489191915332616630150605e-01, 6.88894170021567719296561671380461639482e+00, 1.44259437309900723370986582723741340153e+00, -1.0421290592715867e+01, -2.5725707383346332e+00
0.20100000, 2.13361923032881436597423787633886946194e+00, -3.03854877675109955046909684706621132787e+00, 3.99366452627110627476339721572010920211e+01, 1.68205088702132686187323887400934384617e-01, 6.88857115592396540769086250383547017538e+00, 1.44299086435685880542488383359942811659e+00, -1.0444031791195405e+01, -2.6041338622088301e+00
0.20200000, 2.13413087305400273053232536160130339589e+00, -3.03833929870717105586320928133082770401e+00, 3.99363858352282196179332872036782795657e+01, 1.69301488080083164913085227176917226099e-01, 6.88819976716922378480136844544743379556e+00, 1.44338780310618394107133678800291282501e+00, -1.0466779072689636e+01, -2.6359118820199961e+00
0.20300000, 2.13464328955621257765821869505188340646e+00, -3.03812902295493937238122416133784050260e+00, 3.99361267334049846858112799630805031235e+01, 1.70400510162443260062755369809805161931e-01, 6.88782753214855626926848598630555567684e+00, 1.44378518950435835422242145070933484533e+00, -1.0489531679245818e+01, -2.6679060348523324e+00
0.20400000, 2.13515648072579503690770770251418649584e+00, -3.03791794787187102235776341091582063828e+00, 3.99358679532751050402735952150253511101e+01, 1.71502155660331188962881036744632586949e-01, 6.88745444905175207404797045861648740428e+00, 1.44418302370790212693824799730500161400e+00, -1.0512288842571102e+01, -2.7001175631772638e+00
0.20500000, 2.13567044745517119856294778728169460714e+00, -3.03770607182792930100173577711978599084e+00, 3.99356094908587501799763427264860093173e+01, 1.72606425282499683509482610729337451031e-01, 6.88708051606125475414037333779375200432e+00, 1.44458130587247032718339626625765136957e+00, -1.0535049783925056e+01, -2.7325477148493686e+00
0.20600000, 2.13618519063883678314027021519431339220e+00, -3.03749339318554105151815223430372590445e+00, 3.99353513421624706454297928990415442719e+01, 1.73713319735305405350714875135802251982e-01, 6.88670573135213109546402252636310807360e+00, 1.44498003615284353648034157444914858809e+00, -1.0557813714011216e+01, -2.7651977431017415e+00
0.20700000, 2.13670071117336680556790279596911151498e+00, -3.03727991029956322606150938066505465804e+00, 3.99350935031791564491646416890044226767e+01, 1.74822839722678142663203420141722022245e-01, 6.88633009309203981730427617315064932225e+00, 1.44537921470291828700264072670438591811e+00, -1.0580579832867676e+01, -2.7980689065407778e+00
0.20800000, 2.13721700995742023384554099651998424787e+00, -3.03706562151724923100704035163749774387e+00, 3.99348359698879953028691752597130892884e+01, 1.75934985946089786854752876839208679898e-01, 6.88595359944120008709281790561080745216e+00, 1.44577884167569740730349660248518134529e+00, -1.0603347329756686e+01, -2.8311624691403673e+00
0.20900000, 2.13773408789174464199447780551868626449e+00, -3.03685052517821505501314868915405912375e+00, 3.99345787382544306404994388030828519701e+01, 1.77049759104523087511176568045045231013e-01, 6.88557624855235984626075432292108216193e+00, 1.44617891722328027586695653058350887159e+00, -1.0626115383053282e+01, -2.8644797002354882e+00
0.21000000, 2.13825194587918085710372612413880447105e+00, -3.03663461961440517833523150419293788329e+00, 3.99343218042301194363582488217383650526e+01, 1.78167159894440183889904122706052357707e-01, 6.88519803857076394589917826467097514843e+00, 1.44657944149685298166054443568225084820e+00, -1.0648883160132905e+01, -2.8980218745151875e+00
0.21100000, 2.13877058482466760027424947047189448494e+00, -3.03641790315005826183786278908550026662e+00, 3.99340651637528898171325836497578199685e+01, 1.79287189009750911247782447958107902057e-01, 6.88481896763412209095067281996451322348e+00, 1.44698041464667839085957831884220390769e+00, -1.0671649817258035e+01, -2.9317902720149378e+00
0.21200000, 2.13929000563524612126005473015465396443e+00, -3.03620037410167261413894449622603214388e+00, 3.99338088127466984668725428643746367419e+01, 1.80409847141780880275094527609502986158e-01, 6.88443903387257659164495034966071707280e+00, 1.44738183682208611890478186182555400575e+00, -1.0694414499463810e+01, -2.9657861781083584e+00
0.21300000, 2.13981020922006482660149392975369665256e+00, -3.03598203077797143530594060476797993105e+00, 3.99335527471215878238886822571320568625e+01, 1.81535134979239327892278136168766824969e-01, 6.88405823540866992088144702505331476651e+00, 1.44778370817146240704606065167394767377e+00, -1.0717176340442635e+01, -3.0000108834982880e+00
0.21400000, 2.14033119649038390104266990954266204823e+00, -3.03576287147986783551068643335833124807e+00, 3.99332969627736430685381069443011566929e+01, 1.82663053208186737650131020925890508214e-01, 6.88367657035731207625122559380983671299e+00, 1.44818602884223990251647852038218131541e+00, -1.0739934462427770e+01, -3.0344656842071986e+00
0.21500000, 2.14085296835957992202134267611523306046e+00, -3.03554289450042962703551049450964648492e+00, 3.99330414555849489008632407553056747192e+01, 1.83793602512002227958438687455864616551e-01, 6.88329403682574774537997631210415985038e+00, 1.44858879898088734147153658213622751937e+00, -1.0762687976075889e+01, -3.0691518815669359e+00
0.21600000, 2.14137552574315046701618846081390811210e+00, -3.03532209812484388800951777698878990744e+00, 3.99327862214235461070406849960352603284e+01, 1.84926783571350706351953881420050214074e-01, 6.88291063291352327326324726349264556219e+00, 1.44899201873289913381982550850240830581e+00, -1.0785435980348609e+01, -3.1040707822077760e+00
0.21700000, 2.14189886955871871353267142543771752721e+00, -3.03510048063038129623986002112228105730e+00, 3.99325312561433879135910337920104981203e+01, 1.86062597064149787986491425322715643572e-01, 6.88252635671245343025427964223201916291e+00, 1.44939568824278484906198917480512874257e+00, -1.0808177562392968e+01, -3.1392236980467840e+00
0.21800000, 2.14242300072603803150514786039865359639e+00, -3.03487804028636023148865883481263239429e+00, 3.99322765555842961282939262242930002064e+01, 1.87201043665536476541576454724075292744e-01, 6.88214120630658797935397002243672718667e+00, 1.44979980765405860224570378666928452121e+00, -1.0830911797420865e+01, -3.1746119462754627e+00
0.21900000, 2.14294792016699656788913392060011942678e+00, -3.03465477535411064453194988384310220775e+00, 3.99320221155719170667459871278995897245e+01, 1.88342124047833605689596493963591631158e-01, 6.88175517977217804144152916459961478241e+00, 1.45020437710922833913503968535235807204e+00, -1.0853637748587438e+01, -3.2102368493466782e+00
0.22000000, 2.14347362880562182321392973872078357713e+00, -3.03443068408693769132257935887453411486e+00, 3.99317679319176772634926384765687598233e+01, 1.89485838880516039274756383910022356912e-01, 6.88136827517764225707335451614621750606e+00, 1.45060939674978501968313194788804873181e+00, -1.0876354466868378e+01, -3.2460997349608488e+00
0.22100000, 2.14400012756808521986200443178488188335e+00, -3.03420576473008513056440593495459321281e+00, 3.99315140004187389666580514765455988934e+01, 1.90632188830176628328317968077093586845e-01, 6.88098049058353274346648022003430425834e+00, 1.45101486671619169888753933960648387067e+00, -1.0899060990936175e+01, -3.2822019360513836e+00
0.22200000, 2.14452741738270666183770735177046266487e+00, -3.03398001552069848299044094005612933350e+00, 3.99312603168579554149907555823398154999e+01, 1.91781174560491923029621780009912168823e-01, 6.88059182404250084527171312056179695029e+00, 1.45142078714787250409801782098578035545e+00, -1.0921756347035292e+01, -3.3185447907693581e+00
0.22300000, 2.14505549917995908578398019066966920992e+00, -3.03375343468778795062269486071497988838e+00, 3.99310068770038258962356243751672146662e+01, 1.92932796732187637705233852158805262179e-01, 6.88020227359926267773020490242193870966e+00, 1.45182715818320150783667331876467015936e+00, -1.0944439548856243e+01, -3.3551296424674118e+00
0.22400000, 2.14558437389247300300180149005036017724e+00, -3.03352602045219109427648803945572656203e+00, 3.99307536766104505857361193552798246546e+01, 1.94087056003003866941235258810888362045e-01, 6.87981183729056446079574805971381879637e+00, 1.45223397995949149518058748531593098035e+00, -1.0967109597408589e+01, -3.3919578396828553e+00
0.22500000, 2.14611404245504103222309896884182551700e+00, -3.03329777102653526755682584495255753864e+00, 3.99305007114174851641637909371911940932e+01, 1.95243953027660050866173163310192285971e-01, 6.87942051314514764279351579615780640971e+00, 1.45264125261298262474702831445479826149e+00, -1.0989765480892834e+01, -3.4290307361199706e+00
0.22600000, 2.14664450580462242288381510355091894807e+00, -3.03306868461519980557913208645004950131e+00, 3.99302479771500952132651110457952110153e+01, 1.96403488457819687644517988665774710478e-01, 6.87902829918371381217429212411973252936e+00, 1.45304897627883098231126336136809662700e+00, -1.1012406174571210e+01, -3.4663496906314918e+00
0.22700000, 2.14717576488034756863970679370464240386e+00, -3.03283875941427796663117734337722425154e+00, 3.99299954695189103885087434347818200115e+01, 1.97565662942054791202619871924420335133e-01, 6.87863519341888939591145726386781756269e+00, 1.45345715109109702607678551537409729678e+00, -1.1035030640637358e+01, -3.5039160671992517e+00
0.22800000, 2.14770782062352251086329993164616594951e+00, -3.03260799361153862497742951339927108927e+00, 3.99297431842199783675093459291552728075e+01, 1.98730477125810092191126772528206776562e-01, 6.87824119385519014307610383898628601658e+00, 1.45386577718273392260743836359346636329e+00, -1.1057637828084879e+01, -3.5417312349139775e+00
0.22900000, 2.14824067397763343185620346766923912650e+00, -3.03237638538638771299129055071868919309e+00, 3.99294911169347185730969429730289426022e+01, 1.99897931651366980169614434055555464863e-01, 6.87784629848898539211366019967061361132e+00, 1.45427485468557577242048870852962878166e+00, -1.1080226672574770e+01, -3.5797965679542226e+00
0.23000000, 2.14877432588835113750671430460587551312e+00, -3.03214393290982941078476435361567005169e+00, 3.99292392633298756698938068835833293634e+01, 2.01068027157807184980782772283466804020e-01, 6.87745050530846212033328735060449342765e+00, 1.45468438373032572422913629029771013727e+00, -1.1102796096301713e+01, -3.6181134455644189e+00
0.23100000, 2.14930877730353552911831324389327065974e+00, -3.03191063434442708148902432707537692481e+00, 3.99289876190574728332536418129430417518e+01, 2.02240764280976195262992079334724523202e-01, 6.87705381229358877410909426923513023463e+00, 1.45509436444654397681227372185483238485e+00, -1.1125345007859230e+01, -3.6566832520320323e+00
0.23200000, 2.14984402917324006413026239891338591096e+00, -3.03167648784426395032311353238104414554e+00, 3.99287361797547647894106753420268896934e+01, 2.03416143653446412031143566250304742738e-01, 6.87665621741607887827988171542305786403e+00, 1.45550479696263566747851155959145689667e+00, -1.1147872302103694e+01, -3.6955073766638082e+00
0.23300000, 2.15038008244971620544706513946213119508e+00, -3.03144149155490352557161375838033864014e+00, 3.99284849410441906256790286139124979465e+01, 2.04594165904480035236950060285881765268e-01, 6.87625771863935442322167578331958344777e+00, 1.45591568140583864608056276772590006243e+00, -1.1170376860017172e+01, -3.7345872137610891e+00
0.23400000, 2.15091693808741785908903986916350119821e+00, -3.03120564361334975957556050421338000139e+00, 3.99282338985333263695354566982076328153e+01, 2.05774831659991681200491946998305450608e-01, 6.87585831391850902805474824620201554274e+00, 1.45632701790221113352503603763202005900e+00, -1.1192857548569119e+01, -3.7739241625941893e+00
0.23500000, 2.15145459704300579987168788804682839901e+00, -3.03096894214800694782415692360746948099e+00, 3.99279830478148373354112262011527784639e+01, 2.06958141542510728785608491603747352090e-01, 6.87545800120027087843413999659920658871e+00, 1.45673880657661926371151691558194090540e+00, -1.1215313220576893e+01, -3.8135196273758098e+00
0.23600000, 2.15199306027535208481690236464025536316e+00, -3.03073138527863936421794939659948052704e+00, 3.99277323844664302380115267370845160277e+01, 2.08144096171143392172133252023114940695e-01, 6.87505677842296543735990537536673908693e+00, 1.45715104755272450782351787566442272865e+00, -1.1237742714565098e+01, -3.8533750172334761e+00
0.23700000, 2.15253232874554445399436913161063322890e+00, -3.03049297111633063055706869285343714732e+00, 3.99274819040508050709733964934616406327e+01, 2.09332696161534518058242141988743423189e-01, 6.87465464351647792743037768852466752957e+00, 1.45756374095297097988245172798271742826e+00, -1.1260144854623742e+01, -3.8934917461809836e+00
0.23800000, 2.15307240341689071848674970831192041162e+00, -3.03025369776344281829091177530026256371e+00, 3.99272316021156067496656794915254844022e+01, 2.10523942125829105106241522315398297451e-01, 6.87425159440221558294871848968374635417e+00, 1.45797688689857262246422543232081846890e+00, -1.1282518450265205e+01, -3.9338712330888320e+00
0.23900000, 2.15361328525492313516741171078239038056e+00, -3.03001356331357528054823824361017600944e+00, 3.99269814741933765169270230051299915684e+01, 2.11717834672633543424979168520460761094e-01, 6.87384762899306967027985400454619955779e+00, 1.45839048550950027146636182817053362383e+00, -1.1304862296280011e+01, -3.9745149016536322e+00
0.24000000, 2.15415497522740276797458068879872852909e+00, -3.02977256585152321244908028992917728137e+00, 3.99267315158015031105303676883342619059e+01, 2.12914374406976571861710730421369106622e-01, 6.87344274519337727484162012363938943884e+00, 1.45880453690446859880173330406358456347e+00, -1.1327175172591389e+01, -4.0154241803664673e+00
0.24100000, 2.15469747430432383536082947021572861035e+00, -3.02953070345323593768211386589359828682e+00, 3.99264817224421736911547800147348408724e+01, 2.14113561930269950855695981161818854675e-01, 6.87303694089888285310053140688768476529e+00, 1.45921904120092293188303229978421352724e+00, -1.1349455844108630e+01, -4.0566005024801911e+00
0.24200000, 2.15524078345791804359179532004181870428e+00, -3.02928797418577491931320954697903689096e+00, 3.99262320896023245296378263847327236318e+01, 2.15315397840268848585030335928666325067e-01, 6.87263021399669954792905823082685491676e+00, 1.45963399851502594875000702762370600675e+00, -1.1371703060579224e+01, -4.0980453059756441e+00
0.24300000, 2.15578490366265890556292064571623040338e+00, -3.02904437610727149277277230947279690687e+00, 3.99259826127535914522739904472948143959e+01, 2.16519882731031938117235360184748939602e-01, 6.87222256236527026566763825322398046466e+00, 1.46004940896164424767925515253444962903e+00, -1.1393915556439768e+01, -4.1397600335267707e+00
0.24400000, 2.15632983589526604479784859595784116793e+00, -3.02879990726688431895118806309856781934e+00, 3.99257332873522600429168895464415507777e+01, 2.17727017192881203252934808048297085408e-01, 6.87181398387432851322086244243448873471e+00, 1.46046527265433479010399160041433378578e+00, -1.1416092050665644e+01, -4.1817461324646176e+00
0.24500000, 2.15687558113470948428686968809650830257e+00, -3.02855456570475655531321923911842617963e+00, 3.99254841088392156006352524757169123953e+01, 2.18936801812361450730527626268004419627e-01, 6.87140447638485899350336067650970558386e+00, 1.46088158970533121565868735840468406278e+00, -1.1438231246619457e+01, -4.2240050547401944e+00
0.24600000, 2.15742214036221391981850852212401352161e+00, -3.02830834945197274292352992401650450035e+00, 3.99252350726398928516647786422449513397e+01, 2.20149237172199526438133788677260098351e-01, 6.87099403774905795753686600082694354822e+00, 1.46129836022553002815081225527256635865e+00, -1.1460331831898232e+01, -4.2665382568861788e+00
0.24700000, 2.15796951456126297745195964710668685266e+00, -3.02806125653051540725667083057048816176e+00, 3.99249861741642254143901080415862004731e+01, 2.21364323851263233257230218041095033896e-01, 6.87058266581029331148575866807876101225e+00, 1.46171558432447665124910440219300117527e+00, -1.1482392478179349e+01, -4.3093471999774447e+00
0.24800000, 2.15851770471760345477262766926139516978e+00, -3.02781328495322137064581366232627765579e+00, 3.99247374088065950160831918614255037994e+01, 2.22582062424519948140309801728108496143e-01, 6.87017035840306447690407968012558314634e+00, 1.46213326211035135266483034694150036270e+00, -1.1504411841065229e+01, -4.3524333495903956e+00
0.24900000, 2.15906671181924954556749764670384475338e+00, -3.02756443272373777420529097806380647976e+00, 3.99244887719457804601163648021514580986e+01, 2.23802453462994936002583975983430978532e-01, 6.86975711335296200245255730065083993685e+00, 1.46255139368995503558939113351573935689e+00, -1.1526388559926742e+01, -4.3957981757610818e+00
0.25000000, 2.15961653685648704755145660277239971962e+00, -3.02731469783647780704256929602599436474e+00, 3.99242402589449063423603820617274123957e+01, 2.25025497533729357985205868049997515669e-01, 6.86934292847662692532960748758911880427e+00, 1.46296997916869489613836842345304020069e+00, -1.1548321257745357e+01, -4.4394431529420823e+00
0.25100000, 2.16016718082187755277000449012218143778e+00, -3.02706407827657614055565766173241454753e+00, 3.99239918651513915154695961171513651850e+01, 2.26251195199737971624713838767531097857e-01, 6.86892780158170988064554896521327062111e+00, 1.46338901865056994553868965617169087777e+00, -1.1570208540953998e+01, -4.4833697599581298e+00
0.25200000, 2.16071864471026262029803201647414893770e+00, -3.02681257201984406559212897798394385406e+00, 3.99237435858968972997483106816975983367e+01, 2.27479547019966520440381718343923865538e-01, 6.86851173046682995695441426110389237913e+00, 1.46380851223815639578201990733970308337e+00, -1.1592048999276622e+01, -4.5275794799604589e+00
0.25300000, 2.16127092951876793084850224749876516072e+00, -3.02656017703272433022590477227196138039e+00, 3.99234954164972754392841612627103989202e+01, 2.28710553549248810427909297003180990268e-01, 6.86809471292153329614273799956095390918e+00, 1.46422846003259290745375862216345126249e+00, -1.1613841205566504e+01, -4.5720738003798560e+00
0.25400000, 2.16182403624680742289895166253561275692e+00, -3.02630689127224567588772343713787518170e+00, 3.99232473522525158020261333259580311776e+01, 2.29944215338263470924391906409764169632e-01, 6.86767674672625143585956157975401935503e+00, 1.46464886213356569843312970155250816672e+00, -1.1635583715643221e+01, -4.6168542128783890e+00
0.25500000, 2.16237796589608740993772316634070668213e+00, -3.02605271268597706956477497539358159342e+00, 3.99229993884466938224765399267783171533e+01, 2.31180532933490397285768356858312610169e-01, 6.86725782965225939265660756605356829069e+00, 1.46506971863929351214580142123753811254e+00, -1.1657275068128331e+01, -4.6619222132997962e+00
0.25600000, 2.16293271947061067842575724807327263296e+00, -3.02579763921198162976433953680830085152e+00, 3.99227515203479176856579405331815968483e+01, 2.32419506877166872793959191849109027310e-01, 6.86683795946163348399214615393787788232e+00, 1.46549102964651244403625625544657124380e+00, -1.1678913784279740e+01, -4.7072793016185118e+00
0.25700000, 2.16348829797668056606359680185768824574e+00, -3.02554166877877024391541013775714333287e+00, 3.99225037432082752510075913799045424745e+01, 2.33661137707243367186669260901630202958e-01, 6.86641713390720888723649840418878075265e+00, 1.46591279525046062491274771604437885859e+00, -1.1700498367824753e+01, -4.7529269818873052e+00
0.25800000, 2.16404470242290501994700483706020526019e+00, -3.02528479930525487486120947141592518346e+00, 3.99222560522637807148435747938247111698e+01, 2.34905425957339009178337030218683763227e-01, 6.86599535073253693380139499927475722982e+00, 1.46633501554486275980312963301928188317e+00, -1.1722027304791795e+01, -4.7988667621835122e+00
0.25900000, 2.16460193382020063418825114716490697740e+00, -3.02502702870070155407422417308335865501e+00, 3.99220084427343210100382602594183196174e+01, 2.36152372156696730315964847350117603260e-01, 6.86557260767184213649953348907991580092e+00, 1.46675769062191452094512068984375319685e+00, -1.1743499063340808e+01, -4.8451001545538357e+00
0.26000000, 2.16515999318179666657369269044222045011e+00, -3.02476835486468305920387480108617058099e+00, 3.99217609098236019415262032879724669683e+01, 2.37401976830138077488556509329190020504e-01, 6.86514890244997894822464976015814147095e+00, 1.46718082057226679351967125311343034295e+00, -1.1764912093592309e+01, -4.8916286749576910e+00
0.26100000, 2.16571888152323903382175166013309776126e+00, -3.02450877568703127354521359425889936533e+00, 3.99215134487190940562649891566424625068e+01, 2.38654240498017691383617873074739368988e-01, 6.86472423278238825002623916640034195690e+00, 1.46760440548500977272102833365963186151e+00, -1.1786264827455102e+01, -4.9384538432090735e+00
0.26200000, 2.16627859986239428499878366297911225888e+00, -3.02424828904778922499509220533005652753e+00, 3.99212660545919782462588770345280373622e+01, 2.39909163676177448158639770998628372510e-01, 6.86429859637505356663672776332959507410e+00, 1.46802844544765691074184558731365602078e+00, -1.1807555678452642e+01, -4.9855771829169247e+00
0.26300000, 2.16683914921945355264362473832882832654e+00, -3.02398689281716280204006548572742304656e+00, 3.99210187225970910832463956549061762866e+01, 2.41166746875900261569676991598804573732e-01, 6.86387199092445700749240273787554340120e+00, 1.46845294054612871223625627605591561187e+00, -1.1828783041548051e+01, -5.0330002214239723e+00
0.26400000, 2.16740053061693648114480877047240915703e+00, -3.02372458485547214429789237780059525004e+00, 3.99207714478728698836442842686718883235e+01, 2.42426990603863542773059350666553422913e-01, 6.86344441411753493127276174563303395271e+00, 1.46887789086473637680821569937193138152e+00, -1.1849945292967766e+01, -5.0807244897440194e+00
0.26500000, 2.16796274507969513190755478768831540593e+00, -3.02346136301310270511185838766030060189e+00, 3.99205242255412975023313618679312910361e+01, 2.43689895362092314989917667746867904844e-01, 6.86301586363163333196613176375569756497e+00, 1.46930329648616528705662337228330701300e+00, -1.1871040790023818e+01, -5.1287515224976582e+00
0.26600000, 2.16852579363491786484063529441825598164e+00, -3.02319722513045598367427326362755030170e+00, 3.99202770507078468538470433456261507213e+01, 2.44955461647911980196575486047741466355e-01, 6.86258633713446294445243752526345071927e+00, 1.46972915749145834069275173727603631866e+00, -1.1892067870934751e+01, -5.1770828578463840e+00
0.26700000, 2.16908967731213319568615071764537552124e+00, -3.02293216903789992413238965451981088253e+00, 3.99200299184614251595703031032134493449e+01, 2.46223689953900734976943300089786055913e-01, 6.86215583228405406757686588490460963362e+00, 1.47015547395999912522933498374858352228e+00, -1.1913024854645152e+01, -5.2257200374250818e+00
0.26800000, 2.16965439714321362870804981212607710115e+00, -3.02266619255571897910664089599725788237e+00, 3.99197828238743179194359143811266427416e+01, 2.47494580767841632645852507990021737193e-01, 6.86172434672871110267087382256072737297e+00, 1.47058224596949493372430610662207339651e+00, -1.1933910040643804e+01, -5.2746646062728623e+00
0.26900000, 2.17021995416237946424794998599325023849e+00, -3.02239929349406383502750586323643214291e+00, 3.99195357620021326067357660146145197163e+01, 2.48768134572674288724777863685246685087e-01, 6.86129187810696680545952244150680643556e+00, 1.47100947359595962004561012524486954953e+00, -1.1954721708780443e+01, -5.3239181127622186e+00
0.27000000, 2.17078634940620258064942347958312815348e+00, -3.02213146965290079667347318902801595573e+00, 3.99192887278837420845439771605344876295e+01, 2.50044351846446226823616402605434914845e-01, 6.86085842404753624927648546860577706436e+00, 1.47143715691369629210676382784087856635e+00, -1.1975458119081136e+01, -5.3734821085264786e+00
0.27100000, 2.17135358391361019004442363372190911980e+00, -3.02186271882196082826849319567359313984e+00, 3.99190417165412277422953945501349831498e+01, 2.51323233062263861954114140310145834735e-01, 6.86042398216927049749027659339222405413e+00, 1.47186529599527984150587489137980603540e+00, -1.1996117511562242e+01, -5.4233581483855258e+00
0.27200000, 2.17192165872588856748792857273164941607e+00, -3.02159303878068824847297070684213376861e+00, 3.99187947229798223510378657516655559969e+01, 2.52604778688243118272155738751656965964e-01, 6.85998855008110998302726365308475580041e+00, 1.47229389091153930798367309991155562842e+00, -1.2016698106042981e+01, -5.4735477902697611e+00
0.27300000, 2.17249057488668675291917593126853698830e+00, -3.02132242729818907657776253375510403162e+00, 3.99185477421878526358694355292620029869e+01, 2.53888989187459678217453193141069085803e-01, 6.85955212538203759285888731911088296199e+00, 1.47272294173154007709874095566859580324e+00, -1.2037198101956592e+01, -5.5240525951422776e+00
0.27400000, 2.17306033344202022542005017716775677952e+00, -3.02105088213317902718579687192142123108e+00, 3.99183007691366815640623104171053245204e+01, 2.55175865017898859990183759849851383257e-01, 6.85911470566103145530217568385701027378e+00, 1.47315244852256590950055751709188404334e+00, -1.2057615678160068e+01, -5.5748741269192211e+00
0.27500000, 2.17363093544027454923326200387974480201e+00, -3.02077840103393115064082506411230333744e+00, 3.99180537987806503473660788482543958922e+01, 2.56465406632405120274831119623508492593e-01, 6.85867628849701742796414207778111979839e+00, 1.47358241135010080016318503718023210798e+00, -1.2077948992742490e+01, -5.6260139523883076e+00
0.27600000, 2.17420238193220899099492553931992310088e+00, -3.02050498173822311643744610650863070576e+00, 3.99178068260570201569732603455732782389e+01, 2.57757614478631179091873398405899792050e-01, 6.85823687145882128414196963775809971764e+00, 1.47401283027781066592443010468154436781e+00, -1.2098196182831918e+01, -5.6774736411254686e+00
0.27700000, 2.17477467397096010762799207039317474741e+00, -3.02023062197328413682090778173736327279e+00, 3.99175598458859135496207871595442204391e+01, 2.59052488998986763628033347878546004014e-01, 6.85779645210512059547202064558524240905e+00, 1.47444370536752485965709665915675992289e+00, -1.2118355364400867e+01, -5.7292547654095959e+00
0.27800000, 2.17534781261204530433473691492317241380e+00, -3.01995531945574152775928223763331456319e+00, 3.99173128531702556032914950882633467080e+01, 2.60350030630586967865555866091668131581e-01, 6.85735502798439630860165948568604249272e+00, 1.47487503667921750938051456675851631275e+00, -1.2138424632070345e+01, -5.7813589001353553e+00
0.27900000, 2.17592179891336636211811725904225866763e+00, -3.01967907189156690444443499524677141821e+00, 3.99170658427957147609701168045032348465e+01, 2.61650239805200224800402210309417824449e-01, 6.85691259663488401363864323435130298842e+00, 1.47530682427098868060187147230301732757e+00, -1.2158402058912458e+01, -5.8337876227240406e+00
0.28000000, 2.17649663393521293425332146464443654199e+00, -3.01940187697602200845175152292669548402e+00, 3.99168188096306433808986306116031336813e+01, 2.62953116949195888008344761977116672231e-01, 6.85646915558452490211341136658952762006e+00, 1.47573906819904536015799440754809832725e+00, -1.2178285696251571e+01, -5.8865425130324359e+00
0.28100000, 2.17707231874026601112221275670402756705e+00, -3.01912373239360416366185137152460561090e+00, 3.99165717485260179917661199246907874422e+01, 2.64258662483491419286707036892556207152e-01, 6.85602470235091641216999380386104956439e+00, 1.47617176851768225980911811455512407384e+00, -1.2198073573464025e+01, -5.9396251532596574e+00
0.28200000, 2.17764885439360135281463051413605615528e+00, -3.01884463581799135802050310176591702152e+00, 3.99163246543153792512585436994058427771e+01, 2.65566876823499179067916727569334197758e-01, 6.85557923444126255868145245516205858305e+00, 1.47660492527926243781683617129965209899e+00, -1.2217763697776408e+01, -5.9930371278519417e+00
0.28300000, 2.17822624196269288889164877154267934898e+00, -3.01856458491198694818565047747171183843e+00, 3.99160775218147716063840052825308945895e+01, 2.66877760379072816269120799952123458273e-01, 6.85513274935232394596577342879012121865e+00, 1.47703853853419773671885567394770730941e+00, -1.2237354054062370e+01, -6.0467800234053505e+00
0.28400000, 2.17880448251741608469690212437856220856e+00, -3.01828357732746398408286823175971140339e+00, 3.99158303458226826539792365160962091247e+01, 2.68191313554453254209846867992395562997e-01, 6.85468524457036746075793309118920280473e+00, 1.47747260833092903549336328029906155705e+00, -1.2256842604637985e+01, -6.1008554285663589e+00
0.28500000, 2.17938357713005127359297211860114068425e+00, -3.01800161070530915036268067645922547374e+00, 3.99155831211199821997930851697868429857e+01, 2.69507536748214269197080005577238400227e-01, 6.85423671757111564307346897558322104438e+00, 1.47790713471590631428575664917421485155e+00, -1.2276227289055653e+01, -6.1552649339302954e+00
0.28600000, 2.17996352687528695449058046915687157654e+00, -3.01771868267536632172499501060552407842e+00, 3.99153358424698610145328066899715602677e+01, 2.70826430353207658344154537088583206185e-01, 6.85378716581969573257829402389185567795e+00, 1.47834211773356852985019747108725764345e+00, -1.2295506023896540e+01, -6.2100101319376005e+00
0.28700000, 2.18054433283022305402895713015844313523e+00, -3.01743479085637972904741983824048679778e+00, 3.99150885046177692852489156245881888268e+01, 2.72147994756507993156531828471253255480e-01, 6.85333658677058838805869758175971508997e+00, 1.47877755742632329983789707848132114947e+00, -1.2314676702561552e+01, -6.2650926167678709e+00
0.28800000, 2.18112599607437415275623934232177991838e+00, -3.01714993285593673322545452770326701874e+00, 3.99148411022913547604242477018556604929e+01, 2.73472230339356955383843274102971281278e-01, 6.85288497786757607756447673300882510633e+00, 1.47921345383452639404324970239001708395e+00, -1.2333737195060841e+01, -6.3205139842316557e+00
0.28900000, 2.18170851768967267464911028712729376963e+00, -3.01686410627041020360344298497660612323e+00, 3.99145936302004005871227202010653789242e+01, 2.74799137477107251603518075082739493762e-01, 6.85243233654369113677693470419851165175e+00, 1.47964980699646103069787841032575627049e+00, -1.2352685347801840e+01, -6.3762758316599698e+00
0.29000000, 2.18229189876047203930110082664522526754e+00, -3.01657730868490049784578247455073788246e+00, 3.99143460830367628385430557527255992563e+01, 2.76128716539166102966883505080395076259e-01, 6.85197866022116349313206691281517059030e+00, 1.48008661694831697588135117079567123709e+00, -1.2371518983375830e+01, -6.4323797577914915e+00
0.29100000, 2.18287614037354977609905291427979810330e+00, -3.01628953767317704006816055531054265573e+00, 3.99140984554743077303124528438877603616e+01, 2.77460967888938306503816572201063397432e-01, 6.85152394631136805320762746694707346834e+00, 1.48052388372416944409575584521586667146e+00, -1.2390235900343017e+01, -6.4888273626574080e+00
0.29200000, 2.18346124361811059969717650238763478010e+00, -3.01600079079761949401855720859164111176e+00, 3.99138507421688485238448448871143989017e+01, 2.78795891883768864346835658354215873698e-01, 6.85106819221477175086092721525762111632e+00, 1.48096160735595779802948965820794169658e+00, -1.2408833873016150e+01, -6.5456202474638731e+00
0.29300000, 2.18404720958578944608792099105971972759e+00, -3.01571106560915852806739097231284168660e+00, 3.99136029377580821150779885466868512293e+01, 2.80133488874885177199944136734772057150e-01, 6.85061139532088025358215643052278147465e+00, 1.48139978787346404551351723951082420109e+00, -1.2427310651242647e+01, -6.6027600144720435e+00
0.29400000, 2.18463403937065446855852526667464340977e+00, -3.01542035964721616873550345882635666541e+00, 3.99133550368615253068931609157704900729e+01, 2.81473759207338798341570354037527442674e-01, 6.85015355300818432450574849618093118716e+00, 1.48183842530429113165097800847763123375e+00, -1.2445663960185239e+01, -6.6602482668756541e+00
0.29500000, 2.18522173406920999281160494198184612279e+00, -3.01512867043964573945766207224587854423e+00, 3.99131070340804507635107239200226874162e+01, 2.82816703219946744414584872233934572973e-01, 6.84969466264410583749980313248513772919e+00, 1.48227751967384102407837477418653014488e+00, -1.2463891500101144e+01, -6.7180866086760983e+00
0.29600000, 2.18581029478039943051747926818229682706e+00, -3.01483599550267138124791204771449699934e+00, 3.99128589239978226451442328075620537328e+01, 2.84162321245232359219611583932840354573e-01, 6.84923472158494344273086629679155079122e+00, 1.48271707100529258929364718390352443053e+00, -1.2481990946119738e+01, -6.7762766445549748e+00
0.29700000, 2.18639972260560815055513104371219953424e+00, -3.01454233234082715190142205055601007491e+00, 3.99126107011782319211851235978471226094e+01, 2.85510613609365726690679266801593426795e-01, 6.84877372717581788007841644133375131938e+00, 1.48315707931957925796322224690593157051e+00, -1.2499959948018761e+01, -6.8348199797440627e+00
0.29800000, 2.18699001864866630718772835677857097459e+00, -3.01424767844689570033543838290791636166e+00, 3.99123623601678313601793117330466291518e+01, 2.86861580632103629194679278981582144815e-01, 6.84831167675061693775023080143020917947e+00, 1.48359754463536647709663570908230411549e+00, -1.2517796129999021e+01, -6.8937182198926884e+00
0.29900000, 2.18758118401585162440751479366884872039e+00, -3.01395203130184651263958717903885336286e+00, 3.99121138954942701948462707399774001483e+01, 2.88215222626729047258098302056315822621e-01, 6.84784856763194005342639827680099864390e+00, 1.48403846696902894695352861756451320499e+00, -1.2535497090457622e+01, -6.9529729709324431e+00
0.30000000, 2.18817321981589213567359240826742803918e+00, -3.01365538837477372637303760144008896779e+00, 3.99118653016666284603803353087166260895e+01, 2.89571539899990196786077123449692396835e-01, 6.84738439713104255523610468692182783674e+00, 1.48447984633462764052373899598396581928e+00, -1.2553060401759699e+01, -7.0125858389392143e+00
0.30100000, 2.18876612715996887825467682647046195137e+00, -3.01335774712283350961295769399803500163e+00, 3.99116165731753510042630876708398716270e+01, 2.90930532752039099800002156966663605934e-01, 6.84691916254777953984743912514315739997e+00, 1.48492168274388660339682509163306476499e+00, -1.2570483610008671e+01, -7.0725584299924897e+00
0.30200000, 2.18935990716171854137729385861730392898e+00, -3.01305910499118100122525386401218477167e+00, 3.99113677044921811658047393665545815613e+01, 2.92292201476369684680560396555273513351e-01, 6.84645286117054938492635417089568595946e+00, 1.48536397620616953181267003651444764170e+00, -1.2587764234815008e+01, -7.1328923500318947e+00
0.30300000, 2.18995456093723606736810937917884104885e+00, -3.01275945941290680879478055042328730867e+00, 3.99111186900700941236214122820218119239e+01, 2.93656546359755411863475378371691592058e-01, 6.84598549027623689319655517773942597322e+00, 1.48580672672845612665982380342828936249e+00, -1.2604899769063503e+01, -7.1935892047109212e+00
0.30400000, 2.19055008960507720496713642977251610655e+00, -3.01245880780897306061803403037404937186e+00, 3.99108695243432299092441530778805418719e+01, 2.95023567682186420894986008929000934559e-01, 6.84551704713015606530749203771911711158e+00, 1.48624993431531822116293279110448917184e+00, -1.2621887678679076e+01, -7.2546505992478085e+00
0.30500000, 2.19114649428626101397644289087832115616e+00, -3.01215714758814900812679899836791585459e+00, 3.99106202017268260850443836853640640701e+01, 2.96393265716806194713526245375228958028e-01, 6.84504752898599249869277799683929418005e+00, 1.48669359896889567997498592987823311830e+00, -1.2638725402391074e+01, -7.3160781382735327e+00
0.30600000, 2.19174377610427232039668698818498375367e+00, -3.01185447614694617507629393835265908527e+00, 3.99103707166171500846492972915447378874e+01, 2.97765640729847736983005953286350811360e-01, 6.84457693308574540957626149635559992657e+00, 1.48713772068887206736416448714117448691e+00, -1.2655410351496103e+01, -7.3778734256768636e+00
0.30700000, 2.19234193618506412119133364632448071767e+00, -3.01155079086955304979605675294407578321e+00, 3.99101210633914312140094540506508546629e+01, 2.99140692980569258261576104739328844879e-01, 6.84410525665966927525762583995251451706e+00, 1.48758229947245008215881632896149989446e+00, -1.2671939909619377e+01, -7.4400380644464464e+00
0.30800000, 2.19294097565705993780574952635270948050e+00, -3.01124608912776931676612090606658608167e+00, 3.99098712364077923112695135311403595507e+01, 3.00518422721189366747779022058806231411e-01, 6.84363249692621509378378490332069159770e+00, 1.48802733531432675708747975251607441077e+00, -1.2688311432474578e+01, -7.5025736565098631e+00
0.30900000, 2.19354089565115611755553568888527415357e+00, -3.01094036828093962374494970134687338228e+00, 3.99096212300051810635816615321656882250e+01, 3.01898830196821759303530746738187104307e-01, 6.84315865109197125808647824090550295007e+00, 1.48847282820666842012395256633310829391e+00, -1.2704522247622252e+01, -7.5654818025696330e+00
0.31000000, 2.19414169730072408198543137135991791115e+00, -3.01063362567588688063911741898580783355e+00, 3.99093710385033009789898472791229852158e+01, 3.03281915645409408410451862622073094898e-01, 6.84268371635160404164034290012392824435e+00, 1.48891877813908541542013421503372751905e+00, -1.2720569654226723e+01, -7.6287641019361047e+00
0.31100000, 2.19474338174161252128690746759071842390e+00, -3.01032585864684508626784596240328480353e+00, 3.99091206562025420115014430443039585431e+01, 3.04667679297658240672649188005188072890e-01, 6.84220768988779769266934908582957147924e+00, 1.48936518509860658138175770456531065335e+00, -1.2736450922811536e+01, -7.6924221523571962e+00
0.31200000, 2.19534595011214953384916101494739736308e+00, -3.01001706451539167913821944906477838504e+00, 3.99088700773839108374513718509069116884e+01, 3.06056121376970302435147548567668461177e-01, 6.84173056887119413390282955069953070831e+00, 1.48981204906965348341416909298534063342e+00, -1.2752163295013438e+01, -7.7564575498449386e+00
0.31300000, 2.19594940355314471000461934485224507063e+00, -3.00970724059037940830920177541462454450e+00, 3.99086192963089607812521200301945044866e+01, 3.07447242099376408042772141642281009124e-01, 6.84125235046033226485540520725978306995e+00, 1.49025937003401439883700050749080273420e+00, -1.2767703983334885e+01, -7.8208718884987750e+00
0.31400000, 2.19655374320789115901626150205837229225e+00, -3.00939638416786772038446848207129216754e+00, 3.99083683072197213886113599437684239322e+01, 3.08841041673468266219381504375460857066e-01, 6.84077303180158686357790891399142733510e+00, 1.49070714797081805143791309283923101642e+00, -1.2783070170895100e+01, -7.8856667603255700e+00
0.31500000, 2.19715897022216747834006200319790845790e+00, -3.00908449253105365863552906009566711598e+00, 3.99081171043386276452871540953573580981e+01, 3.10237520300330080001942417289166992751e-01, 6.84029261002910708479893259320409786586e+00, 1.49115538285650709310655397600416604978e+00, -1.2798259011179661e+01, -7.9508437550562822e+00
0.31600000, 2.19776508574423966418165484992813068881e+00, -3.00877156295020227021765391826300301745e+00, 3.99078656818684488394388950872694837122e+01, 3.11636678173469615618014733791039156507e-01, 6.83981108226475455134886666576126171100e+00, 1.49160407466481132996047115619555566357e+00, -1.2813267627788653e+01, -8.0164044599592508e+00
0.31700000, 2.19837209092486296235190074901851788680e+00, -3.00845759268257651740172624812742631013e+00, 3.99076140339922170656202563825887142493e+01, 3.13038515478748735648769556957937342321e-01, 6.83932844561804103573026207222342018456e+00, 1.49205322336672069034495702921990568105e+00, -1.2828093114183358e+01, -8.0823504596500505e+00
0.31800000, 2.19897998691728365841141448013761334544e+00, -3.00814257897236668870530757766733943103e+00, 3.99073621548731553684484865811726516580e+01, 3.14443032394313391772691726072274075265e-01, 6.83884469718606572867002068724492333395e+00, 1.49250282893045793205863978182260519759e+00, -1.2842732533431519e+01, -8.1486833358978626e+00
0.31900000, 2.19958877487724080607926899705019066113e+00, -3.00782651905061930576593141984428892864e+00, 3.99071100386546055239723748807299100032e+01, 3.15850229090523072337610471107603377772e-01, 6.83835983405345209146030648007800830830e+00, 1.49295289132145108612610681537157869224e+00, -1.2857182917951158e+01, -8.2154046674283157e+00
0.32000000, 2.20019845596296789286603479949414397733e+00, -3.00750941013516552175891654775563049417e+00, 3.99068576794599554567491475585056629909e+01, 3.17260105729879699960653491895800192610e-01, 6.83787385329228428886616404448805302130e+00, 1.49340341050230563440792026682490707750e+00, -1.2871441269252971e+01, -8.2825160297227447e+00
0.32100000, 2.20080903133519444187603396518943897767e+00, -3.00719124943054900712081443416185842187e+00, 3.99066050713925662906284246690717349522e+01, 3.18672662466955974307122670887560837844e-01, 6.83738675196204319934862979113818633209e+00, 1.49385438643277641830706609239277556866e+00, -1.2885504557681296e+01, -8.3500189948138165e+00
0.32200000, 2.20142050215714754870818452118925631671e+00, -3.00687203412795331829796857247824443697e+00, 3.99063522085356990312291727142822402725e+01, 3.20087899448323155150137086107055539681e-01, 6.83689852710954199932262079807268822574e+00, 1.49430581906973927579915948445573183144e+00, -1.2899369722153674e+01, -8.4179151310774736e+00
0.32300000, 2.20203286959455335236907903997078066708e+00, -3.00655176140512874519756096159517728128e+00, 3.99060990849524408780833328180039910624e+01, 3.21505816812478280763173805454706417091e-01, 6.83640917576886131813908364191989232473e+00, 1.49475770836716240398160493727506029049e+00, -1.2913033669898997e+01, -8.4862060030211411e+00
0.32400000, 2.20264613481563843909597788798787356072e+00, -3.00623042842631863297594711996816733743e+00, 3.99058456946856311644074849569713361367e+01, 3.22926414689770816647351864191806715148e-01, 6.83591869496128396045077703297850163745e+00, 1.49521005427607744430437330583383052708e+00, -1.2926493276194254e+01, -8.5548931710681461e+00
0.32500000, 2.20326029899113117797119879236046009692e+00, -3.00590803234218517375602964496624096672e+00, 3.99055920317577869224515270974037908239e+01, 3.24349693202328729544442499810743481777e-01, 6.83542708169522919259064425753910294628e+00, 1.49566285674455028761210486915681275962e+00, -1.2939745384099898e+01, -8.6239781913382966e+00
0.32600000, 2.20387536329426298719294662313687674276e+00, -3.00558457028973466382188551772376217626e+00, 3.99053380901710280723609037136981769346e+01, 3.25775652463983981635141682785072536819e-01, 6.83493433296618658956100075310253215980e+00, 1.49611611571765159609387077789831463387e+00, -1.2952786804193817e+01, -8.6934626154245646e+00
0.32700000, 2.20449132890076952985094674989435037331e+00, -3.00526003939224222179483795322420235084e+00, 3.99050838639070022324764111812231897172e+01, 3.27204292580197439770101671138322038309e-01, 6.83444044575664943920071502486610479290e+00, 1.49656983113742703920311930637682755984e+00, -1.2965614314303943e+01, -8.7633479901658208e+00
0.32800000, 2.20510819698889183803831819454081031641e+00, -3.00493443675917596325064340554651302723e+00, 3.99048293469268091489830380128331828416e+01, 3.28635613647983194528579055914884527255e-01, 6.83394541703604770006619392844266877989e+00, 1.49702400294286724057609191780362458711e+00, -1.2978224659239494e+01, -8.8336358574155652e+00
0.32900000, 2.20572596873937736411394517453597903058e+00, -3.00460775948612062719244206725946548629e+00, 3.99045745331709247428066659335396467041e+01, 3.30069615755832283846309767617659202644e-01, 6.83344924376068050953029242234768319307e+00, 1.49747863106987743294231106852927928905e+00, -1.2990614550520869e+01, -8.9043277538065968e+00
0.33000000, 2.20634464533548095791217355395517810921e+00, -3.00428000465470064974858946928011645771e+00, 3.99043194165591247716447634580913489018e+01, 3.31506298983635815900358882472901096561e-01, 6.83295192287364823857124951642502084526e+00, 1.49793371545124681798561060550746799771e+00, -1.3002780666108195e+01, -8.9754252105115688e+00
0.33100000, 2.20696422796296576867896816837329849723e+00, -3.00395116933250268041844112245684646434e+00, 3.99040639909904081050044470635500053036e+01, 3.32945663402607485884206790030549472063e-01, 6.83245345130478408969140254455110282749e+00, 1.49838925601661762807859413442786172165e+00, -1.3014719650128551e+01, -9.0469297529993693e+00
0.33200000, 2.20758471781010407049571386962412787240e+00, -3.00362125057299753614259498254753875812e+00, 3.99038082503429196101084663585009649142e+01, 3.34387709075205481251215232393769411958e-01, 6.83195382597058523437274725987998038900e+00, 1.49884525269245388677736033676395985662e+00, -1.3026428112601874e+01, -9.1188429007872720e+00
0.33300000, 2.20820611606767800993362328469394233528e+00, -3.00329024541546158842700121108406219005e+00, 3.99035521884738726465167889815574706028e+01, 3.35832436055053769948858654985038038145e-01, 6.83145304377414348644338772890673718772e+00, 1.49930170540200986492682027233384197464e+00, -1.3037902629165558e+01, -9.1911661671887974e+00
0.33400000, 2.20882842392898027466322346509219450494e+00, -3.00295815088489757870271849643546889554e+00, 3.99032957992194711672985184680143638675e+01, 3.37279844386862766109699854417890133109e-01, 6.83095110160507550769555367854321466505e+00, 1.49975861406529822918994349548393240020e+00, -1.3049139740797765e+01, -9.2639010590572272e+00
0.33500000, 2.20945164258981468172462751261234777118e+00, -3.00262496399195485705492424696861404922e+00, 3.99030390763948314245758741734720745517e+01, 3.38729934106349367608025584595035780475e-01, 6.83044799633945254206214987084756559749e+00, 1.50021597859905787977680050706585397860e+00, -1.3060135953539456e+01, -9.3370490765247092e+00
0.33600000, 2.21007577324849668414525152458451112046e+00, -3.00229068173284903940606532899853332055e+00, 3.99027820137939032772488967208774878626e+01, 3.40182705240156359833328978116905302832e-01, 6.82994372483972967462473823581258729005e+00, 1.50067379891672147411131172232496345847e+00, -1.3070887738215164e+01, -9.4106117127368964e+00
0.33700000, 2.21070081710585379457230735183458660597e+00, -3.00195530108928107818875965482023962033e+00, 3.99025246051893910986964155423481791153e+01, 3.41638157805771179973422621686793051607e-01, 6.82943828395467461169143482596616282247e+00, 1.50113207492838263313516070808218789642e+00, -1.3081391530152510e+01, -9.4845904535830554e+00
0.33800000, 2.21132677536522592456778317470338102552e+00, -3.00161881902835574149421968872532702547e+00, 3.99022668443326742822356271351816045441e+01, 3.43096291811444036040880029362015761431e-01, 6.82893167051929597814842605854170962045e+00, 1.50159080654076282690937477077706505296e+00, -1.3091643728900497e+01, -9.5589867774215859e+00
0.33900000, 2.21195364923246563819371216813380070633e+00, -3.00128123250249949563155958777177165212e+00, 3.99020087249537273421093838750684135295e+01, 3.44557107256105374816725094797553174040e-01, 6.82842388135477112825366802081958525303e+00, 1.50204999365717793613461178590265854500e+00, -1.3101640697946584e+01, -9.6338021548008856e+00
0.34000000, 2.21258143991593831849531985845004208362e+00, -3.00094253844937778598236088186757245743e+00, 3.99017502407610396077569838783125336868e+01, 3.46020604129282692824809750201607239088e-01, 6.82791491326837346600582461851423136752e+00, 1.50250963617750448617121105922521756413e+00, -1.3111378764432557e+01, -9.7090380481755002e+00
0.34100000, 2.21321014862652224546912840396718379536e+00, -3.00060273379181171098329987192697893644e+00, 3.99014913854415345091108827459912434970e+01, 3.47486782411016684389130259165460947390e-01, 6.82740476305339927118562077907786406816e+00, 1.50296973399814555009956049332376779444e+00, -1.3120854218869226e+01, -9.7846959116174932e+00
0.34200000, 2.21383977657760858408227610892102430094e+00, -3.00026181543769408401747572608884164051e+00, 3.99012321526604884506483183417385299092e+01, 3.48955642071776720764422930734191618605e-01, 6.82689342748909402713053146077934289716e+00, 1.50343028701199631732029477199572632588e+00, -1.3130063314849955e+01, -9.8607771905229713e+00
0.34300000, 2.21447032498510128088817807181386568286e+00, -2.99991978027990487794231391434034570694e+00, 3.99009725360614492719133503550741254912e+01, 3.50427183072375654267741033045893118025e-01, 6.82638090334057824626709148891314967424e+00, 1.50389129510840932415226192066168215643e+00, -1.3139002268763050e+01, -9.9372833213137002e+00
0.34400000, 2.21510179506741686776220395647709152738e+00, -2.99957662519622604692854736320593758374e+00, 3.99007125292661542922112676069135995137e+01, 3.51901405363883941275336636453759374529e-01, 6.82586718735877278938809081152051690124e+00, 1.50435275817315934284407057976406723392e+00, -1.3147667259503018e+01, -1.0014215731133745e+01
0.34500000, 2.21573418804548417125927635164523458774e+00, -2.99923234704925572023078964428688960010e+00, 3.99004521258744479371637082057131531426e+01, 3.53378308887543077885044215728395624887e-01, 6.82535227628032367462451015133876543917e+00, 1.50481467608840792537234964081120006396e+00, -1.3156054428180730e+01, -1.0091575837541068e+01
0.34600000, 2.21636750514274392607319285903816508415e+00, -2.99888694268632176245560262945097646618e+00, 3.99001913194641989447991711244486373949e+01, 3.54857893574678341979477131478668487055e-01, 6.82483616682752637202424868410321416747e+00, 1.50527704873266759835660741330323525701e+00, -1.3164159877832497e+01, -1.0169365048194018e+01
0.34700000, 2.21700174758514829105504163736047424289e+00, -2.99854040893939469483771723188260302541e+00, 3.98999301035912171488398729238727828985e+01, 3.56340159346610835359693488028650918884e-01, 6.82431885570824957961149369379399101040e+00, 1.50573987598076570537676095678371528051e+00, -1.3171979673128083e+01, -1.0247584760532640e+01
0.34800000, 2.21763691660116026622530825515551482248e+00, -2.99819274262499997197918186911389734054e+00, 3.98996684717891698368321206011290762141e+01, 3.57825106114568819552554074890965068321e-01, 6.82380033961585847676197748236692214394e+00, 1.50620315770380789293500923424954264176e+00, -1.3179509840077688e+01, -1.0326236361454740e+01
0.34900000, 2.21827301342175300919115590069052626096e+00, -2.99784394054412960844968077539641779265e+00, 3.98994064175694976807535313216226912231e+01, 3.59312733779598338827771736036598125258e-01, 6.82328061522913745069035442499121882900e+00, 1.50666689376914123625873779441071920600e+00, -1.3186746365737908e+01, -1.0405321226986630e+01
0.35000000, 2.21891003928040904935689569853431765736e+00, -2.99749399948215314958907477899883479086e+00, 3.98991439344213302377165325453624451655e+01, 3.60803042232473123892628015359987466348e-01, 6.82275967921221229180650618172687024911e+00, 1.50713108404031700109555910645108604984e+00, -1.3193685197916714e+01, -1.0484840721948495e+01
0.35100000, 2.21954799541311939829184342991287002290e+00, -2.99714291620872798079536204478165258793e+00, 3.98988810158114010183736222592186609029e+01, 3.62296031353603769663498581161995927682e-01, 6.82223752821447185365774086181573393787e+00, 1.50759572837705303760540264755031556441e+00, -1.3200322244877458e+01, -1.0564796199614289e+01
0.35200000, 2.22018688305838255459557758832133871195e+00, -2.99679068747770896952272683818920132528e+00, 3.98986176551839621206158591698679826950e+01, 3.63791701012946180443672860743433260715e-01, 6.82171415887048917313358748442145951410e+00, 1.50806082663519580240776343347394123398e+00, -1.3206653375041947e+01, -1.0645189001366114e+01
0.35300000, 2.22082670345720340157606556374485113264e+00, -2.99643731002705743415513174102531543718e+00, 3.98983538459606984261419873191937029847e+01, 3.65290051069909275766464479858826678308e-01, 6.82118956779994204656919542416759386140e+00, 1.50852637866668200479478779392855082485e+00, -1.3212674416692601e+01, -1.0726020456342987e+01
0.35400000, 2.22146745785309199603120387629387687292e+00, -2.99608278057874943386100396035116938708e+00, 3.98980895815406413574614792002153393340e+01, 3.66791081373261950091276297622561582249e-01, 6.82066375160753305734222464211440357010e+00, 1.50899238431949987307281158736643540749e+00, -1.3218381157673735e+01, -1.0807291881083937e+01
0.35500000, 2.22210914749206224639901870684608198166e+00, -2.99572709583868337347396030669547992002e+00, 3.98978248553000821928806066486090605600e+01, 3.68294791761039279468095684833298957733e-01, 6.82013670688290905051655128943295041144e+00, 1.50945884343765003694625933448706715432e+00, -1.3223769345091971e+01, -1.0889004579165347e+01
0.35600000, 2.22275177362263047851608832584159409091e+00, -2.99537025249658691738319883035098874511e+00, 3.98975596605924849370064201603600307185e+01, 3.69801182060447968212840671722718988200e-01, 6.81960843020058005004410957327836941780e+00, 1.50992575586110602180845338285575670672e+00, -1.3228834685015845e+01, -1.0971159840832478e+01
0.35700000, 2.22339533749581388719767312080957506655e+00, -2.99501224722592320635514861327420076588e+00, 3.98972939907483987442892354650141370674e+01, 3.71310252087771028562043975956814715359e-01, 6.81907891811983761399373936739096218648e+00, 1.51039312142577435075386049820886170415e+00, -1.3233572842174599e+01, -1.1053758942625084e+01
0.35800000, 2.22403984036512887182656537723604374462e+00, -2.99465307668379637114520329982934472581e+00, 3.98970278390753698931098918192017047005e+01, 3.72822001648271686200537823559569234758e-01, 6.81854816718467262323300464187863196921e+00, 1.51086093996345425007560935406291812553e+00, -1.3237979439656227e+01, -1.1136803146997053e+01
0.35900000, 2.22468528348658925411079327226437675307e+00, -2.99429273751085633669485895331900837870e+00, 3.98967611988578533079036602580461684086e+01, 3.74336430536096504480075825738445110730e-01, 6.81801617392369249894558501761474204986e+00, 1.51132921130179695396073624184266428174e+00, -1.3242050058604777e+01, -1.1220293701929994e+01
0.36000000, 2.22533166811870437614302507808482273574e+00, -2.99393122633120291064532294583623688427e+00, 3.98964940633571236267982426635941634939e+01, 3.75853538534177720070186723065162087930e-01, 6.81748293485003784432301619199378965164e+00, 1.51179793526426460404354776638445626167e+00, -1.3245780237916966e+01, -1.1304231840540690e+01
0.36100000, 2.22597899552247707686681360655590974679e+00, -2.99356853975228914983364788098829018611e+00, 3.98962264258111858122288147205351133678e+01, 3.77373325414134782704986120031214090967e-01, 6.81694844646129850572525913586946637874e+00, 1.51226711167008873942471797675510116211e+00, -1.3249165473938129e+01, -1.1388618780682338e+01
0.36200000, 2.22662726696140154502669060442514604683e+00, -2.99320467436482399837166292029338363916e+00, 3.98959582794346853019785284022254170769e+01, 3.78895790936175091611163784742320835182e-01, 6.81641270523942904855980725702186205320e+00, 1.51273674033422837271025279015629991416e+00, -1.3252201220157537e+01, -1.1473455724539497e+01
0.36300000, 2.22727648370146104665055915400155542143e+00, -2.99283962674267419084141409325197229897e+00, 3.98956896174188176980783033682094620520e+01, 3.80420934848993921122902866558277225337e-01, 6.81587570765066364308378952238153194529e+00, 1.51320682106732764757024600441735591998e+00, -1.3254882886903132e+01, -1.1558743858216665e+01
0.36400000, 2.22792664701112552508383204818876435211e+00, -2.99247339344276541407347482543585321665e+00, 3.98954204329312379909851023945045622387e+01, 3.81948756889673527909060480790753726794e-01, 6.81533745014543035528779011566828434864e+00, 1.51367735367567307326240779310508635580e+00, -1.3257205841035709e+01, -1.1644484351320400e+01
0.36500000, 2.22857775816134907156531836634647117371e+00, -2.99210597100498272090633747162829669247e+00, 3.98951507191159693164432045698766922420e+01, 3.83479256783581432156533318712950756934e-01, 6.81479792915826483797387579154907923696e+00, 1.51414833796115033150965728805130663375e+00, -1.3259165405642576e+01, -1.1730678356534909e+01
0.36600000, 2.22922981842556726430496172504847478761e+00, -2.99173735595207018925613538879940925125e+00, 3.98948804690933112424182623795731793499e+01, 3.85012434244267864971333856986604964727e-01, 6.81425714110772341709359480961762578378e+00, 1.51461977372120065106462444588780773992e+00, -1.3260756859730756e+01, -1.1817327009191009e+01
0.36700000, 2.22988282907969437399317443112674074481e+00, -2.99136754478952981975616216417909653268e+00, 3.98946096759597475834791559022094424325e+01, 3.86548288973362374175498752990266708655e-01, 6.81371508239629556836448025342848015045e+00, 1.51509166074877674523669145077933500215e+00, -1.3261975437919741e+01, -1.1904431426828398e+01
0.36800000, 2.23053679140212043364068440573840308379e+00, -2.99099653400551966515503900291656735201e+00, 3.98943383327878537399878401416916051904e+01, 3.88086820660469580593527303772686287677e-01, 6.81317174941031577913584964666879306898e+00, 1.51556399883229830759920881840311152028e+00, -1.3262816330133869e+01, -1.1991992708751122e+01
0.36900000, 2.23119170667370817061650852392865962919e+00, -2.99062432007075118459092178952224008612e+00, 3.98940664326262035594425210173632936783e+01, 3.89628028983064076836590387823031260532e-01, 6.81262713851987479042643597766533935915e+00, 1.51603678775560706103573433700614982750e+00, -1.3263274681294352e+01, -1.2080011935576185e+01
0.37000000, 2.23184757617778979871987903208569933772e+00, -2.99025089943838581578682461222628369517e+00, 3.98937939684992757173045927933462465985e+01, 3.91171913606384460506244857393457963866e-01, 6.81208124607873021400760636323632139041e+00, 1.51651002729792135522455201446673075724e+00, -1.3263345591010993e+01, -1.2168490168775188e+01
0.37100000, 2.23250440120016366808967093235268720438e+00, -2.98987626854393075813895505458854028657e+00, 3.98935209334073596146248258328424746068e+01, 3.92718474183326493651820443443078788867e-01, 6.81153406842421651935661737184756643661e+00, 1.51698371723379030760032110023302062282e+00, -1.3263024113273668e+01, -1.2257428450208923e+01
0.37200000, 2.23316218302909077072209948106355600691e+00, -2.98950042380513395959589661667897261183e+00, 3.98932473203264607897693096457400253530e+01, 3.94267710354335380227001192293017336598e-01, 6.81098560187715438525451415147292179127e+00, 1.51745785733304748277046961886031889344e+00, -1.3262305256143579e+01, -1.2346827801654836e+01
0.37300000, 2.23382092295529109933416991343109827122e+00, -2.98912336162187830015152335609039155023e+00, 3.98929731222082058415306334302459810705e+01, 3.95819621747297153201386364120869627062e-01, 6.81043584274175941075289755463946646441e+00, 1.51793244736076410530187008146899073172e+00, -1.3261183981444368e+01, -1.2436689224327264e+01
0.37400000, 2.23448062227193985727655770525814528837e+00, -2.98874507837607496469867918588364690025e+00, 3.98926983319797468608947259058421023671e+01, 3.97374207977429162891971450424274100380e-01, 6.80988478730555018018285292368129248639e+00, 1.51840748707720180073040431566213544828e+00, -1.3259655204453105e+01, -1.2527013698390356e+01
0.37500000, 2.23514128227466351716526848807311049841e+00, -2.98836557043155599791388700005939174227e+00, 3.98924229425436653687186794534625820925e+01, 3.98931468647169657987523139215973474078e-01, 6.80933243183925567682784951058041869943e+00, 1.51888297623776485958222664129366647580e+00, -1.3257713793591231e+01, -1.2617802182463592e+01
0.37600000, 2.23580290426153572586656336503754469127e+00, -2.98798483413396603376565850088766478071e+00, 3.98921469467778757565597517218654690582e+01, 4.00491403346066450645717064406716945593e-01, 6.80877877259672203983037398965748489915e+00, 1.51935891459295201913085666819850951693e+00, -1.3255354570115494e+01, -1.2709055613119808e+01
0.37700000, 2.23646548953307305343422889095400752090e+00, -2.98760286581065319216034167277466362959e+00, 3.98918703375355282278805722749018368120e+01, 4.02054011650664656948648169743172762767e-01, 6.80822380581481865884944842269846047228e+00, 1.51983530188830775754866132902283115823e+00, -1.3252572307808931e+01, -1.2800774904375629e+01
0.37800000, 2.23712903939223058356231227883369636175e+00, -2.98721966177055913515985649035018122603e+00, 3.98915931076449112368403839379204391290e+01, 4.03619293124393503906894402565929819581e-01, 6.80766752771334360093299551177752126715e+00, 1.52031213786437309504480668516468495103e+00, -1.3249361732671957e+01, -1.2892960947174226e+01
0.37900000, 2.23779355514439734307992221112086266173e+00, -2.98683521830410827512511767668251109081e+00, 3.98913152499093534218669196961909061654e+01, 4.05187247317452194105698883735065402702e-01, 6.80710993449492836401524509276329857473e+00, 1.52078942225663589651435962502317154027e+00, -1.3245717522613625e+01, -1.2985614608860293e+01
0.38000000, 2.23845903809739156797760453118629990711e+00, -2.98644953168309612705741295683573986727e+00, 3.98910367571071250311882577967175447311e+01, 4.06757873766694818989017078696615899329e-01, 6.80655102234494195139501855954516969689e+00, 1.52126715479548067015488364439297895481e+00, -1.3241634307143092e+01, -1.3078736732647156e+01
0.38100000, 2.23912548956145580341713046418897274919e+00, -2.98606259816057679732748289827083744494e+00, 3.98907576219913388374887116505850699340e+01, 4.08331171995514311678136964007848193848e-01, 6.80599078743139426149577515098137939361e+00, 1.52174533520613785643758705238730824444e+00, -1.3237106667061382e+01, -1.3172328137075920e+01
0.38200000, 2.23979291084925183513827308531752336905e+00, -2.98567441397074960089852050544489637719e+00, 3.98904778372898505388374988214830688793e+01, 4.09907141513725430121304624267386678644e-01, 6.80542922590483878715274857210893687530e+00, 1.52222396320863260174983153206890706015e+00, -1.3232129134153483e+01, -1.3266389615466549e+01
0.38300000, 2.24046130327585544963728555914343248797e+00, -2.98528497532884479906476144727069792845e+00, 3.98901973957051586430235964661206789188e+01, 4.11485781817446761269257739752975139963e-01, 6.80486633389827461861633695671063595291e+00, 1.52270303851773301095457910372365095122e+00, -1.3226696190880854e+01, -1.3360921935360786e+01
0.38400000, 2.24113066815875102045232207614754076693e+00, -2.98489427843100844964175513859447656024e+00, 3.98899162899143038324148307674381226500e+01, 4.13067092388981736868767376885757801858e-01, 6.80430210752704774440412631284320152233e+00, 1.52318256084289787304013103788174043543e+00, -1.3220802270074407e+01, -1.3455925837956826e+01
0.38500000, 2.24180100681782591785094908606441127994e+00, -2.98450231945418636145777865259211772411e+00, 3.98896345125687678064438669315825814092e+01, 4.14651072696698651362196437251493420573e-01, 6.80373654288875164407651983250728143211e+00, 1.52366252988822385396027773427978365292e+00, -1.3214441754628020e+01, -1.3551402037535616e+01
0.38600000, 2.24247232057536473917416985835132654014e+00, -2.98410909455600714490816517477477754261e+00, 3.98893520562943715988083660218925127760e+01, 4.16237722194909672275682840488589920243e-01, 6.80316963606312716695290519924721734476e+00, 1.52414294535239215069071834870644167732e+00, -1.3207608977192667e+01, -1.3647351220878709e+01
0.38700000, 2.24314461075604335705001888110638588681e+00, -2.98371459987466435024555176503038727992e+00, 3.98890689136911733664571571540791083507e+01, 4.17827040323748833371828510050560072364e-01, 6.80260138311196169072661160156672627443e+00, 1.52462380692861460045230707117163039591e+00, -1.3200298219871214e+01, -1.3743774046677563e+01
0.38800000, 2.24381787868692278264776323804388296858e+00, -2.98331883152879768518919269108361180873e+00, 3.98887850773333656474188403134847095378e+01, 4.19419026509049000734702705844036594908e-01, 6.80203178007898755387757976322610835310e+00, 1.52510511430457923897532322251613903675e+00, -1.3192503713913976e+01, -1.3840671144934168e+01
0.38900000, 2.24449212569744284110106477533467498938e+00, -2.98292178561737330334551942580600620473e+00, 3.98885005397691720845137882770029710154e+01, 4.21013680162217801845531115193568159431e-01, 6.80146082298977975572168403908037783101e+00, 1.52558686716239530160152825111196897206e+00, -1.3184219639415085e+01, -1.3938043116352927e+01
0.39000000, 2.24516735311941565618509827864434201179e+00, -2.98252345821956315484004122056688862851e+00, 3.98882152935207436119750578920218773566e+01, 4.22611000680112507596620983495153000050e-01, 6.80088850785165291787499749879529179109e+00, 1.52606906517853766094224750241295188148e+00, -1.3175440125009766e+01, -1.4035890531723661e+01
0.39100000, 2.24584356228701894128857550965785274592e+00, -2.98212384539462339046745539972126432179e+00, 3.98879293310840541019882534110875013912e+01, 4.24210987444913857078847741902038733044e-01, 6.80031483065355750084997082712003430210e+00, 1.52655170802379069473108123925262250524e+00, -1.3166159247572580e+01, -1.4134213931295646e+01
0.39200000, 2.24652075453678909367688107241534815461e+00, -2.98172294318177181057245834964701799560e+00, 3.98876426449287954681449098994869149849e+01, 4.25813639823998814864380063318108436843e-01, 6.79973978736597526943849559844745679873e+00, 1.52703479536319157742909045372002900014e+00, -1.3156371031916730e+01, -1.4233013824142585e+01
0.39300000, 2.24719893120761408899707174785160254035e+00, -2.98132074760006434977820053748922362663e+00, 3.98873552274982722227884851880549730405e+01, 4.27418957169812250391227724566259324953e-01, 6.79916337394081400047413371720217728689e+00, 1.52751832685597298905840087673011966495e+00, -1.3146069450494495e+01, -1.4332290687518389e+01
0.39400000, 2.24787809364072617292931398395446546732e+00, -2.98091725464827058858259547957717689309e+00, 3.98870670712092954852165667702704345539e+01, 4.29026938819737528939639423850096364239e-01, 6.79858558631130142650240912672607125910e+00, 1.52800230215550523465710529874630766457e+00, -1.3135248423098890e+01, -1.4432044966203674e+01
0.39500000, 2.24855824317969434684242226740282403951e+00, -2.98051246030474828274475682437419005255e+00, 3.98867781684520764376874178485894150438e+01, 4.30637584095966003572334822175895338161e-01, 6.79800642039187840882396673935259412889e+00, 1.52848672090923776766410159360175973877e+00, -1.3123901816566624e+01, -1.4532277071842870e+01
0.39600000, 2.24923938117041664426350150890368479655e+00, -2.98010636052731690128468279991945051139e+00, 3.98864885115901192261635069017120922447e+01, 4.32250892305365397291005234771196814992e-01, 6.79742587207809133331059827833312943486e+00, 1.52897158275864011045706309961135934678e+00, -1.3112023444482454e+01, -1.4632987382271819e+01
0.39700000, 2.24992150896111219492327649261666928474e+00, -2.97969895125313016381891611985886125756e+00, 3.98861980929601133027091902300159196168e+01, 4.33866862739347064540438943267309828104e-01, 6.79684393724648372232860658319488728581e+00, 1.52945688733914216518008034829668817806e+00, -1.3099607066885016e+01, -1.4734176240835765e+01
0.39800000, 2.25060462790231307308949777461357675565e+00, -2.97929022839854756785326269842722455952e+00, 3.98859069048718252064442495767716850370e+01, 4.35485494673732121068998035084737226920e-01, 6.79626061175448705603772003333524665236e+00, 1.52994263428007390790961930259145292472e+00, -1.3086646389974233e+01, -1.4835843955697626e+01
0.39900000, 2.25128873934685592685083282671523475921e+00, -2.97888018785900489655073657594052483660e+00, 3.98856149396079897799395298341772308783e+01, 4.37106787368616431029971654596893232779e-01, 6.79567589144031079626676809233691285511e+00, 1.53042882320460445911829170004037921711e+00, -1.3073135065820385e+01, -1.4937990799136421e+01
0.40000000, 2.25197384464987338496287012165915305951e+00, -2.97846882550888369738869341037439125632e+00, 3.98853221894242008179254778240717246423e+01, 4.38730740068234440082532864505357566276e-01, 6.79508977212283160609957845093684038776e+00, 1.53091545372968052330550787771861444446e+00, -1.3059066692074936e+01, -1.5040617006835770e+01
0.40100000, 2.25265994516878523781626840066419149866e+00, -2.97805613720137972201360257570689824839e+00, 3.98850286465488011451689550760926222988e+01, 4.40357352000821843123609894098033506556e-01, 6.79450224960148175823604661265197624367e+00, 1.53140252546596419057236132212523552092e+00, -1.3044434811683233e+01, -1.5143722777162322e+01
0.40200000, 2.25334704226328938903465945311675541663e+00, -2.97764211876837031749506986772740574135e+00, 3.98847343031827721203582883801126243394e+01, 4.41986622378477075152923951286969919097e-01, 6.79391331965613672512405066349182051927e+00, 1.53189003801777009282505652252315033132e+00, -1.3029232912599151e+01, -1.5247308270434018e+01
0.40300000, 2.25403513729535257415664600385469149819e+00, -2.97722676602028075907254030747708449732e+00, 3.98844391514996225628211347228028850160e+01, 4.43618550397021613642721177512132136149e-01, 6.79332297804700194378782791291291718461e+00, 1.53237799098300190719681653234507915378e+00, -1.3013454427501812e+01, -1.5351373608178076e+01
0.40400000, 2.25472423162920084280211211005035577437e+00, -2.97681007474594951437856451161007608027e+00, 3.98841431836452770988843751787882897259e+01, 4.45253135235859080651311524391812266818e-01, 6.79273122051449874820758647864162376634e+00, 1.53286638395308819918247261453548246287e+00, -1.2997092733514460e+01, -1.5455918872378566e+01
0.40500000, 2.25541432663130980066806690531735503843e+00, -2.97639204071249242901158322859032074943e+00, 3.98838463917379639246699186570092988363e+01, 4.46890376057833132785397732868140544378e-01, 6.79213804277914946203348397744118027189e+00, 1.53335521651291759788282374209931472422e+00, -1.2980141151925621e+01, -1.5560944104713479e+01
0.40600000, 2.25610542367039460764335840074489907617e+00, -2.97597265966516582321885327606499613679e+00, 3.98835487678681019821049944401244061800e+01, 4.48530272009084126980308205864426674309e-01, 6.79154344054146164434465741259858522453e+00, 1.53384448824077329565733644139148598781e+00, -1.2962592947912643e+01, -1.5666449305781161e+01
0.40700000, 2.25679752411739972827480688176024042674e+00, -2.97555192732722848933638430446389455083e+00, 3.98832503040981875449102456346842081776e+01, 4.50172822218904549929612985220766225289e-01, 6.79094740948181148109072312139790401742e+00, 1.53433419870826686438381300981864727058e+00, -1.2944441330267729e+01, -1.5772434434315998e+01
0.40800000, 2.25749062934548843075960145413721521606e+00, -2.97512983939980257951755928616599197366e+00, 3.98829509924626802113137075085570333919e+01, 4.51818025799593198856176461496794118230e-01, 6.79034994526032631477907313414942045795e+00, 1.53482434748027138042226562143614129651e+00, -1.2925679451126594e+01, -1.5878899406393241e+01
0.40900000, 2.25818474073003203058016242166645212013e+00, -2.97470639156173337316545179910104030914e+00, 3.98826508249678883002235688689963094040e+01, 4.53465881846308101175457629842312873369e-01, 6.78975104351676630489636423814071814154e+00, 1.53531493411485385027737195831934536255e+00, -1.2906300405699837e+01, -1.5985844094622836e+01
0.41000000, 2.25887985964859887483808004687414049498e+00, -2.97428157946944791336570912284480317021e+00, 3.98823497935918536475774748748867979934e+01, 4.55116389436918160458781997850220062163e-01, 6.78915069987040521147681803667062122848e+00, 1.53580595816320692884953106476054130075e+00, -1.2886297232007173e+01, -1.6093268327332162e+01
0.41100000, 2.25957598748094306328318016869397859038e+00, -2.97385539875681250149722064665261074392e+00, 3.98820478902842357995710398336303184142e+01, 4.56769547631853515959351558352766100451e-01, 6.78854890991991029415331380858179842387e+00, 1.53629741916957992205866198675996135393e+00, -1.2865662910614633e+01, -1.6201171887737532e+01
0.41200000, 2.26027312560899290197222212381803457068e+00, -2.97342784503498903907661451730535248223e+00, 3.98817451069661955994532025716023097475e+01, 4.58425355473954602816903024823395289334e-01, 6.78794566924322131894975033095312899483e+00, 1.53678931667120906551746787352509667973e+00, -1.2844390364374864e+01, -1.6309554513104362e+01
0.41300000, 2.26097127541683908542918711438152641393e+00, -2.97299891389229020576989990138592448633e+00, 3.98814414355302781645610789659668759528e+01, 4.60083811988319899908141801832666167771e-01, 6.78734097339742866499476720853365273991e+00, 1.53728165019824707082189958612044326063e+00, -1.2822472458170655e+01, -1.6418415893895863e+01
0.41400000, 2.26167043829072260311554792594461957985e+00, -2.97256860089403346238027542335046470566e+00, 3.98811368678402952502520503806944544402e+01, 4.61744916182152352159341481277899506090e-01, 6.78673481791865052325763969599669659211e+00, 1.53777441927369193091597004063162851766e+00, -1.2799901998661821e+01, -1.6527755672910150e+01
0.41500000, 2.26237061561902236595430573132699711688e+00, -2.97213690158239386749523363349203093364e+00, 3.98808313957312069973759773766565173288e+01, 4.63408667044604453984777102931774135398e-01, 6.78612719832190917932698239531746743789e+00, 1.53826762341331497587586761439423903606e+00, -1.2776671734035576e+01, -1.6637573444405639e+01
0.41600000, 2.26307180879224254858591827828577594891e+00, -2.97170381147625569634858376265907743006e+00, 3.98805250110090030599156496034666680484e+01, 4.65075063546621980359925605510275777439e-01, 6.78551811010100637217180530494320983532e+00, 1.53876126212558817034446760583864601651e+00, -1.2752774353760541e+01, -1.6747868753214604e+01
0.41700000, 2.26377401920299964296750736137445780702e+00, -2.97126932607106285032386716913552548305e+00, 3.98802177054505831094088797942416349526e+01, 4.66744104640786351881588947794535954324e-01, 6.78490754872839772074244908459064566498e+00, 1.53925533491161064373181813077726080417e+00, -1.2728202488344517e+01, -1.6858641093844785e+01
0.41800000, 2.26447724824600921885890307086350276607e+00, -2.97083344083866804539482803838853866838e+00, 3.98799094708036367127510269679831743099e+01, 4.68415789261155620008243930974902159884e-01, 6.78429550965506621018597352233316017855e+00, 1.53974984126503444417995364831659694431e+00, -1.2702948709096169e+01, -1.6969889909568900e+01
0.41900000, 2.26518149731807238667013847837576657864e+00, -2.97039615122718076766610193804510086261e+00, 3.98796002987865225799621961248147108541e+01, 4.70090116323104058512966933733531258246e-01, 6.78368198831039472936667233812779411306e+00, 1.54024478067198950717143773470709514617e+00, -1.2677005527890772e+01, -1.7081614591501960e+01
0.42000000, 2.26588676781806195807493137004636964845e+00, -2.96995745266081398404307224996802233986e+00, 3.98792901810881471784889138598765287858e+01, 4.71767084723160347018190199695811304420e-01, 6.78306698010203765129752676311786047320e+00, 1.54074015261100782954032845926800257361e+00, -1.2650365396940163e+01, -1.7193814477666236e+01
0.42100000, 2.26659306114690829972345920202820172366e+00, -2.96951734053972959592389439520634011890e+00, 3.98789791093678427105957265248407976781e+01, 4.73446693338844332316287091111515443511e-01, 6.78245048041579144800257777188822177659e+00, 1.54123595655294683952176594831857344766e+00, -1.2623020708567053e+01, -1.7306488852043776e+01
0.42200000, 2.26730037870758487531532906884246773080e+00, -2.96907581023988262366897483048749406800e+00, 3.98786670752552444503879150773785933259e+01, 4.75128941028502353012524411097594103418e-01, 6.78183248461546433124338023007453958436e+00, 1.54173219196091195335207311536318381917e+00, -1.2594963794983855e+01, -1.7419636943616325e+01
0.42300000, 2.26800872190509347122004518341109558573e+00, -2.96863285711286410946369031232249883141e+00, 3.98783540703501674369923739708449792914e+01, 4.76813826631141112857227527667202952228e-01, 6.78121298804274491045488920465708968280e+00, 1.54222885829017830880510722214990954700e+00, -1.2566186928076190e+01, -1.7533257925392533e+01
0.42400000, 2.26871809214644910075746080343576738389e+00, -2.96818847648574272604881676590385825792e+00, 3.98780400862224825204096658917599688130e+01, 4.78501348966260087962045084412207394285e-01, 6.78059198601706985914730675661683847566e+00, 1.54272595498811166592257150764596858746e+00, -1.2536682319191226e+01, -1.7647350913422315e+01
0.42500000, 2.26942849084066458217464792224504669919e+00, -2.96774266366090507864997970625206838565e+00, 3.98777251144119917565363455484701303626e+01, 4.80191506833682452920940473464863978332e-01, 6.77996947383549058094057401626886066597e+00, 1.54322348149408846506606162016436937846e+00, -1.2506442118931026e+01, -1.7761914965798244e+01
0.42600000, 2.27013991939873478527830417003640522953e+00, -2.96729541391589468729241255269939484763e+00, 3.98774091464283031478428499060333226217e+01, 4.81884299013384510679942324329517857372e-01, 6.77934544677253886630731538228876463877e+00, 1.54372143723941503228674948829245199074e+00, -1.2475458416951067e+01, -1.7876949081643833e+01
0.42700000, 2.27085237923362054160321960797168868389e+00, -2.96684672250324963654038793001528311654e+00, 3.98770921737507047261785852675081144860e+01, 4.83579724265323610820720794642572680099e-01, 6.77871990008009153100811626659758372037e+00, 1.54421982164724592187476547090324237740e+00, -1.2443723241764102e+01, -1.7992452200088592e+01
0.42800000, 2.27156587176023221291742336575158110481e+00, -2.96639658465033887955184228870085509690e+00, 3.98767741878280379741623096044958378152e+01, 4.85277781329264540741684611656558748045e-01, 6.77809282898723402711002973555290438531e+00, 1.54471863413250138581449545143767290395e+00, -1.2411228560549556e+01, -1.8108423199229721e+01
0.42900000, 2.27228039839541291278339784520188152190e+00, -2.96594499555919718318791757684293922664e+00, 3.98764551800785705816025178946852014665e+01, 4.86978468924604374036479179542686277346e-01, 6.77746422870012301738514730394508564489e+00, 1.54521787410178395973412970526327975545e+00, -1.2377966278968611e+01, -1.8224860895080310e+01
0.43000000, 2.27299596055792137581216249980463812429e+00, -2.96549195040635870076436646711535542371e+00, 3.98761351418898685333792954610137060014e+01, 4.88681785750195760183471597108715605993e-01, 6.77683409440184790379092147433327189576e+00, 1.54571754095329415479785098008880980576e+00, -1.2343928240985190e+01, -1.8341764040503919e+01
0.43100000, 2.27371255966841446916306554463411534689e+00, -2.96503744434268915887698052449841322696e+00, 3.98758140646186675252060161351003563957e+01, 4.90387730484168639470996457832865202305e-01, 6.77620242125229130063767865167006058129e+00, 1.54621763407674524484699577518405267712e+00, -1.2309106228693012e+01, -1.8459131324135401e+01
0.43200000, 2.27443019714942934075675541433519195031e+00, -2.96458147249321664457637395279920402133e+00, 3.98754919395907437036763353801044877939e+01, 4.92096301783750366891768527143195493950e-01, 6.77556920438798844295139689009586355355e+00, 1.54671815285327713795233013826927622885e+00, -1.2273491962148913e+01, -1.8576961369287841e+01
0.43300000, 2.27514887442536519858200893980423025272e+00, -2.96412402995696097900855895249652106439e+00, 3.98751687581007837269891703871824295468e+01, 4.93807498285084228545905860009255507517e-01, 6.77493443892198552044132944765929584722e+00, 1.54721909665536932139321362510013970672e+00, -1.2237077099212633e+01, -1.8695252732845479e+01
0.43400000, 2.27586859292246471538884412750874095720e+00, -2.96366511180676166347675153306443405165e+00, 3.98748445114122541427317768808995895027e+01, 4.95521318603046333895410023895792880790e-01, 6.77429811994369692738241804975850235939e+00, 1.54772046484675286893084593159910880855e+00, -1.2199853235393264e+01, -1.8814003904142484e+01
0.43500000, 2.27658935406879505297061565784005425607e+00, -2.96320471308910438371671761789189903785e+00, 3.98745191907572700790886334065066589830e+01, 4.97237761331060867013678543692942593544e-01, 6.77366024251876141862164461679537291891e+00, 1.54822225678232149909196298408463847683e+00, -1.2161811903702566e+01, -1.8933213303827449e+01
0.43600000, 2.27731115929422850014655380703613574721e+00, -2.96274282882394605801267671209224126157e+00, 3.98741927873364632458316359037215274034e+01, 4.98956825040913679771637516511429100468e-01, 6.77302080168889716181550232611036460008e+00, 1.54872447180804167302623514491628322680e+00, -1.2122944574515357e+01, -1.9052879282713464e+01
0.43700000, 2.27803401003042271846343494392268413164e+00, -2.96227945400453841461329200117262296501e+00, 3.98738652923188492414350962842176280408e+01, 5.00678508282564209697337886869653885797e-01, 6.77237979247175567590261138708552932970e+00, 1.54922710926086172034518114296575157447e+00, -1.2083242655437186e+01, -1.9173000120613658e+01
0.43800000, 2.27875790771080058954073601580691168651e+00, -2.96181458359725008373755870589068044469e+00, 3.98735366968416941626472366242201112804e+01, 5.02402809583955705038314746854501058030e-01, 6.77173720986077464571114674726769282320e+00, 1.54973016846861998119260813984603247946e+00, -1.2042697491179520e+01, -1.9293574025162053e+01
0.43900000, 2.27948285377052965788769791833007603134e+00, -2.96134821254138718928842348603866700193e+00, 3.98732069920103805128382837799211728536e+01, 5.04129727450823739345622126360414749631e-01, 6.77109304882502960249516885126743350311e+00, 1.55023364874995195263638103320190389776e+00, -1.2001300363442637e+01, -1.9414599130619606e+01
0.44000000, 2.28020884964650116292317417416132032699e+00, -2.96088033574901242521769276004286327069e+00, 3.98728761688982724054339062775892554874e+01, 5.05859260366502997685182221876830582066e-01, 6.77044730430908446008713907405110739589e+00, 1.55073754941419642730867197246309867173e+00, -1.1959042490806491e+01, -1.9536073496665315e+01
0.44100000, 2.28093589677730865382994217625246465421e+00, -2.96041094810476260130918252104192047261e+00, 3.98725442185465800587316049990547979852e+01, 5.07591406791732316365883282244484265273e-01, 6.76979997123284089624584287060344337574e+00, 1.55124186976130061205670265543928495972e+00, -1.1915915028629733e+01, -1.9657995107172243e+01
0.44200000, 2.28166399660322618077427404050402739786e+00, -2.95994004446566464296809154233584984570e+00, 3.98722111319642235783867804904664491336e+01, 5.09326165164457957854679063200441601740e-01, 6.76915104449138656866962014012818625000e+00, 1.55174660908172421419832504590218173585e+00, -1.1871909068957163e+01, -1.9780361868968337e+01
0.44300000, 2.28239315056618605591897191117444373694e+00, -2.95946761966095002942320815004020831234e+00, 3.98718769001276960238445619246276362489e+01, 5.11063533899635102326738734825720805836e-01, 6.76850051895484215503419769833234133874e+00, 1.55225176665634248280654767165318734794e+00, -1.1827015640435825e+01, -1.9903171610581903e+01
0.44400000, 2.28312336010975617755373680162577771004e+00, -2.95899366849186765456475177744053452748e+00, 3.98715415139809257549831053509219178073e+01, 5.12803511389027537073422436384350994758e-01, 6.76784838946820720630251677449813963518e+00, 1.55275734175634819227426079098565577263e+00, -1.1781225708239998e+01, -2.0026422080971607e+01
0.44500000, 2.28385462667911691056062853137799583652e+00, -2.95851818573149509445436747675189850597e+00, 3.98712049644351380552239616335674643500e+01, 5.14546096001005524762466569275626012996e-01, 6.76719465085120480244073257198780612214e+00, 1.55326333364315255523489979048278230107e+00, -1.1734530174005339e+01, -2.0150110948240873e+01
0.44600000, 2.28458695172103751632445418940902085451e+00, -2.95804116612454826535499700527918781587e+00, 3.98708672423687160273552874326939848825e+01, 5.16291286080341831313205821815092326634e-01, 6.76653929789812499956001640210577259682e+00, 1.55376974156828505173656669545098268935e+00, -1.1686919875772410e+01, -2.0274235798336542e+01
0.44700000, 2.28532033668385212508816030368711094315e+00, -2.95756260438718945593700595122642944056e+00, 3.98705283386270607583041360164698102351e+01, 5.18039079948005893914886407556185031347e-01, 6.76588232537766705738789674908545983002e+00, 1.55427656477329216138615827449420382613e+00, -1.1638385587939877e+01, -2.0398794133731657e+01
0.44800000, 2.28605478301743524364166534314757997899e+00, -2.95708249520683371712301390627093490083e+00, 3.98701882440224507490848291750681034589e+01, 5.19789475900956109478086791327243098441e-01, 6.76522372803278043585561664934855867672e+00, 1.55478380248963498499627866440229223863e+00, -1.1588918021227614e+01, -2.0523783372092255e+01
0.44900000, 2.28679029217317679111901944563808180597e+00, -2.95660083324195359283731456211621912057e+00, 3.98698469493339006061414878904736423919e+01, 5.21542472211930223567907118320111096074e-01, 6.76456350058050454946934354288236769441e+00, 1.55529145393858574208109659925247445549e+00, -1.1538507822650004e+01, -2.0649200844928019e+01
0.45000000, 2.28752686560395665556328177335978215325e+00, -2.95611761312188217472654477709978370973e+00, 3.98695044453070189902941988420788005649e+01, 5.23298067129233799622864603628814167846e-01, 6.76390163771180726801302661819797458057e+00, 1.55579951833112313035779315446103803103e+00, -1.1487145575499695e+01, -2.0775043796226673e+01
0.45100000, 2.28826450476411876380102634483996312883e+00, -2.95563282944661446371632542072153063415e+00, 3.98691607226538658194900277365136095141e+01, 5.25056258876526748015286325620962983295e-01, 6.76323813409142215200923772928631186217e+00, 1.55630799486782653321778543704384559489e+00, -1.1434821799342104e+01, -2.0901309381071976e+01
0.45200000, 2.28900321110944465704888754165818111080e+00, -2.95514647678660702106391076393553115678e+00, 3.98688157720528087215521705864138888259e+01, 5.26817045652607894257369312759077966402e-01, 6.76257298435768441124143707947203061375e+00, 1.55681688273876906093645394127051474744e+00, -1.1381526950020937e+01, -2.1027994664245204e+01
0.45300000, 2.28974298609712656455299894831723217647e+00, -2.95465854968257589135940524478177660067e+00, 3.98684695841483787331129724853372632412e+01, 5.28580425631197565401925691729415478828e-01, 6.76190618312236557451675566797158479224e+00, 1.55732618112340941119159444729306426624e+00, -1.1327251419675025e+01, -2.1155096618809972e+01
0.45400000, 2.29048383118573996743852519462237471707e+00, -2.95416904264529277971779379126099500782e+00, 3.98681221495511252409093525146219214748e+01, 5.30346396960718173428092183907062843736e-01, 6.76123772497050685872256436078840817996e+00, 1.55783588919048253425920648135014178365e+00, -1.1271985536766777e+01, -2.1282612124680279e+01
0.45500000, 2.29122574783521564482069668503310534530e+00, -2.95367795015537946519084098706897824946e+00, 3.98677734588374701616123658821202448397e+01, 5.32114957764072774139901624738937595755e-01, 6.76056760446025122510278551129078331413e+00, 1.55834600609788908805046558032246479770e+00, -1.1215719566122531e+01, -2.1410537967171643e+01
0.45600000, 2.29196873750681119410079136809399044622e+00, -2.95318526666310043221180094008400944659e+00, 3.98674235025495613563562232800539162037e+01, 5.33886106138421579839531663499539103392e-01, 6.75989581612267411055107819969063855383e+00, 1.55885653099258366794575097846377597758e+00, -1.1158443708985130e+01, -2.1538870835535207e+01
0.45700000, 2.29271280166308201724032504889926456932e+00, -2.95269098658815370166679872205030057530e+00, 3.98670722711951252761260861542425594646e+01, 5.35659840154956403767203586052286178720e-01, 6.75922235446161282158767301306305793304e+00, 1.55936746301046179617035787329673486578e+00, -1.1100148103079027e+01, -2.1667607321474675e+01
0.45800000, 2.29345794176785176467427036625352122545e+00, -2.95219510431945984296464988482990478199e+00, 3.98667197552473188341583788500254438208e+01, 5.37436157858673014026042457907132368187e-01, 6.75854721395349457855472721979903858272e+00, 1.55987880127624565524195706754718974970e+00, -1.1040822822688233e+01, -2.1796743917645972e+01
0.45900000, 2.29420415928618222838938177269777912735e+00, -2.95169761421494914825173023399431523797e+00, 3.98663659451445805015022185567604549155e+01, 5.39215057268141374432667616090927903099e-01, 6.75787038904716319743159631539202084883e+00, 1.56039054490336854980191636188693553845e+00, -1.0980457878747439e+01, -2.1926277016139490e+01
0.46000000, 2.29495145568434267555661612095033223949e+00, -2.95119851060134694969024636575278769291e+00, 3.98660108312904806218858761027970624574e+01, 5.40996536375273749452797972431568685347e-01, 6.75719187416370439653635307750692599264e+00, 1.56090269299385808092120830396135576921e+00, -1.0919043218946637e+01, -2.2056202906944795e+01
0.46100000, 2.29569983242977861396716132815804091184e+00, -2.95069778777395706048684024588255971768e+00, 3.98656544040535709420279598304496842344e+01, 5.42780593145090650095666552141520099386e-01, 6.75651166369626971524321004770503797413e+00, 1.56141524463821801674673735127442374414e+00, -1.0856568727849584e+01, -2.2186517776397693e+01
0.46200000, 2.29644929099107998037967369568930386982e+00, -2.95019543999644332012383929799141581898e+00, 3.98652966537672333535292762740942199051e+01, 5.44567225515484597351478980857132277820e-01, 6.75582975200989903170719506504809285542e+00, 1.56192819891530884312546457708738575805e+00, -1.0793024227026445e+01, -2.2317217705609506e+01
0.46300000, 2.29719983283794874274193150490298702714e+00, -2.94969146150060922400758719696925920432e+00, 3.98649375707295278424780808468309329183e+01, 5.46356431396981679462455905710341003015e-01, 6.75514613344134166644747114947576107273e+00, 1.56244155489222697761162694235075230912e+00, -1.0728399475200957e+01, -2.2448298668878462e+01
0.46400000, 2.29795145944116590710319122705660159191e+00, -2.94918584648617561750710909509487376874e+00, 3.98645771452030396428987052998671358488e+01, 5.48148208672500879020103078576384759912e-01, 6.75446080229887605849906042968974018305e+00, 1.56295531162418263002657685492050720898e+00, -1.0662684168412494e+01, -2.2579756532083070e+01
0.46500000, 2.29870417227255791988403483612424356979e+00, -2.94867858912055643411182672926068336063e+00, 3.98642153674147255901713528672292861913e+01, 5.49942555197111145579187338159689665531e-01, 6.75377375286212800069940541016279906857e+00, 1.56346946815437629250124097531021134139e+00, -1.0595867940193364e+01, -2.2711587051057367e+01
0.46600000, 2.29945797280496245601837305171381831851e+00, -2.94816968353863245718909126093609811977e+00, 3.98638522275557596705492036967327261399e+01, 5.51739468797786189172393083138159968925e-01, 6.75308497938188742053115786978231055980e+00, 1.56398402351387384168784846812985186780e+00, -1.0527940361761729e+01, -2.2843785869947915e+01
0.46700000, 2.30021286251219358332746959486709166150e+00, -2.94765912384252308457089136810082145556e+00, 3.98634877157813777628978897945629292613e+01, 5.53538947273156969798721873523685045548e-01, 6.75239447607992369279580398810257355471e+00, 1.56449897672148023558034030181390730961e+00, -1.0458890942230513e+01, -2.2976348519552445e+01
0.46800000, 2.30096884286900629332832439288264426958e+00, -2.94714690410135607494416669495153759745e+00, 3.98631218222107215687818981333997853563e+01, 5.55340988393261857643306110754032909763e-01, 6.75170223714879947024419152089335943691e+00, 1.56501432678361178713167359958977623248e+00, -1.0388709128832686e+01, -2.3109270415640036e+01
0.46900000, 2.30172591535106038851844672845917036372e+00, -2.94663301835103525476065697978543532379e+00, 3.98627545369266817270225611225781350422e+01, 5.57145589899294438466363619465590548549e-01, 6.75100825675168301813969831689055151874e+00, 1.56553007269416699660100791843597269970e+00, -1.0317384307163301e+01, -2.3242546857252703e+01
0.47000000, 2.30248408143488371601590910454721455401e+00, -2.94611746059400616412008876969479963252e+00, 3.98623858499757401088530141272515010652e+01, 5.58952749503348938274449362053515839790e-01, 6.75031252902215903857764820666809743549e+00, 1.56604621343439592430443177064064024353e+00, -1.0244905801438703e+01, -2.3376173024988311e+01
0.47100000, 2.30324334259783473726754447859276305093e+00, -2.94560022479901961981468735631218762783e+00, 3.98620157513678112897968594625768270855e+01, 5.60762464888163241057888097454882187710e-01, 6.74961504806403797023061702510811442735e+00, 1.56656274797276808517938437934075896594e+00, -1.0171262874773283e+01, -2.3510143979264686e+01
0.47200000, 2.30400370031806442336917775019675086435e+00, -2.94508130490089317345344319293443600282e+00, 3.98616442310760831943992950989503057719e+01, 5.62574733706859473044220817587540218894e-01, 6.74891580795116374903345466866131312738e+00, 1.56707967526483884630517480365240079348e+00, -1.0096444729474212e+01, -2.3644454658564837e+01
0.47300000, 2.30476515607447746536981003281006323473e+00, -2.94456069480027044231120032323488211904e+00, 3.98612712790368569099421645387346086218e+01, 5.64389553582682126578590133745855239120e-01, 6.74821480272722001516415474632298368434e+00, 1.56759699425311430824992193170682195699e+00, -1.0020440507354562e+01, -2.3779099877663177e+01
0.47400000, 2.30552771134669278875664317066456948010e+00, -2.94403838836337829027040896939257037763e+00, 3.98608968851493856652777828439087653624e+01, 5.66206922108733696398145893966240116872e-01, 6.74751202640553475151710735546890627039e+00, 1.56811470386691465083775666258599191548e+00, -9.9432392900652427e+00, -2.3914074325832647e+01
0.47500000, 2.30629136761500336113968281644611572046e+00, -2.94351437942178183594223403743763806532e+00, 3.98605210392757129709205140386375545801e+01, 5.68026836847707800718691193121215070796e-01, 6.74680747296888333870374828081896724963e+00, 1.56863280302223592364916258005974148205e+00, -9.8648300994461765e+00, -2.4049372565032648e+01
0.47600000, 2.30705612636033528197333054679752877238e+00, -2.94298866177213726476857346482733876786e+00, 3.98601437312405099165399390771494807794e+01, 5.69849295331619759197828112513157725417e-01, 6.74610113636929001145214463751511557598e+00, 1.56915129062161026128180268567364646555e+00, -9.7852018978971698e+00, -2.4184989028077685e+01
0.47700000, 2.30782198906420614296780706006836704122e+00, -2.94246122917594242161735152409098646934e+00, 3.98597649508309116220050838318803881744e+01, 5.71674295061534599479718007473937182127e-01, 6.74539301052782770111160749488378431713e+00, 1.56967016555396450310900481958965879980e+00, -9.7043435887689119e+00, -2.4320918016786636e+01
0.47800000, 2.30858895720868264765537625757541875680e+00, -2.94193207535928516009014774940225727831e+00, 3.98593846877963528381355962912729821132e+01, 5.73501833507292463662157422138300207524e-01, 6.74468308933441624880097083603700660252e+00, 1.57018942669447719697817312296076452714e+00, -9.6222440167745673e+00, -2.4457153700112545e+01
0.47900000, 2.30935703227633747838509939472390763841e+00, -2.94140119401258942446373626927523267195e+00, 3.98590029318484026933229951436092273324e+01, 5.75331908107231385656900650951351479375e-01, 6.74397136664761897356969750932741921168e+00, 1.57070907290443396599167147276065966547e+00, -9.5388919684224199e+00, -2.4593690112252872e+01
0.48000000, 2.31012621575020539882517356421944362493e+00, -2.94086857879035903988537604174665259731e+00, 3.98586196726605985821931825725654239462e+01, 5.77164516267907410038944884161323087587e-01, 6.74325783629443757976944045548633296525e+00, 1.57122910303108121720809971824391877249e+00, -9.4542761724700441e+00, -2.4730521150740102e+01
0.48100000, 2.31089650911373857985373219477379004662e+00, -2.94033422331091918613564164369079639027e+00, 3.98582348998682791924903474552009962962e+01, 5.78999655363812022599743431327121287870e-01, 6.74254249207010538766007495536438773021e+00, 1.57174951590747817079226548138632296364e+00, -9.3683853004004812e+00, -2.4867640574512646e+01
0.48200000, 2.31166791385076113651723822892372959321e+00, -2.93979812115615552996214749729969982382e+00, 3.98578486030684166663722069477908915370e+01, 5.80837322737086862432934705482250378469e-01, 6.74182532773787887109849810176788948927e+00, 1.57227031035234718782745217143599725899e+00, -9.2812079669209087e+00, -2.5005042001965945e+01
0.48300000, 2.31244043144542286353021292232948962711e+00, -2.93926026587125099067262512335878849754e+00, 3.98574607718194478923172710612866724449e+01, 5.82677515697235684989075760742568443152e-01, 6.74110633702882748598063797325834886629e+00, 1.57279148516992237468370479217253568476e+00, -9.1927327304843013e+00, -2.5142718908983715e+01
0.48400000, 2.31321406338215215658094301506482906258e+00, -2.93872065096442011335639133292217296062e+00, 3.98570713956411049238564933541921852757e+01, 5.84520231520833545137953759717157009906e-01, 6.74038551364162177292709954660596404468e+00, 1.57331303914979644151070430165745682763e+00, -9.1029480938345864e+00, -2.5280664626949262e+01
0.48500000, 2.31398881114560810649492304997736904432e+00, -2.93817926990664102377922206299015880597e+00, 3.98566804640142445213543191085794897389e+01, 5.86365467451233168873219582626904336367e-01, 6.73966285124231971752066934305209167558e+00, 1.57383497106676579209328201474785549858e+00, -9.0118425045758095e+00, -2.5418872340736800e+01
0.48600000, 2.31476467622063175309104296124694470573e+00, -2.93763611613138493866794737584809409757e+00, 3.98562879663806768130777888404472810923e+01, 5.88213220698268481884245846425429534971e-01, 6.73893834346415135121947791958791885554e+00, 1.57435727968067382197163915716508981591e+00, -8.9194043557658302e+00, -2.5557335086682714e+01
0.48700000, 2.31554166009219648534484721787284521853e+00, -2.93709118303434320476763218963521897202e+00, 3.98558938921429930718070290169609353597e+01, 5.90063488437955262804156001501193629861e-01, 6.73821198390730157588294998700637505471e+00, 1.57487996373625240138678252391350843869e+00, -8.8256219865350823e+00, -2.5696045750536702e+01
0.48800000, 2.31631976424535757424849261708827346999e+00, -2.93654446397315183971592744286046548820e+00, 3.98554982306643926032561934713381523187e+01, 5.91916267812188888520799152966718061126e-01, 6.73748376613869119465872719361349966432e+00, 1.57540302196296151926446255603317266833e+00, -8.7304836827309360e+00, -2.5834997065392763e+01
0.48900000, 2.31709899016520082452823742284644948031e+00, -2.93599595226711354743598908422075704374e+00, 3.98551009712685087425907390755186772341e+01, 5.93771555928439138508952126725582455740e-01, 6.73675368369175613178749912065922516025e+00, 1.57592645307482706409790022845146471950e+00, -8.6339776775882126e+00, -2.5974181609599960e+01
0.49000000, 2.31787933933679033114732334193801668035e+00, -2.93544564119691718040118757303006803320e+00, 3.98547021032392339553448594198749664771e+01, 5.95629349859442024707109417723469147928e-01, 6.73602173006622482368909408383130050071e+00, 1.57645025577027671723070700053038336906e+00, -8.5360921524264101e+00, -2.6113591804652931e+01
0.49100000, 2.31866081324511532628488045760380207897e+00, -2.93489352400435462077158708435544129667e+00, 3.98543016158205440390619930626927618214e+01, 5.97489646642888613020764365363491052472e-01, 6.73528789872789376349723283943989365105e+00, 1.57697442873197393367652859651764697185e+00, -8.4368152373742069e+00, -2.6253219913062096e+01
0.49200000, 2.31944341337503610223990851355599183592e+00, -2.93433959389203505204377847532831457831e+00, 3.98538994982163214220016017128868009356e+01, 5.99352443281110802085980499858162940605e-01, 6.73455218310840118101200478915351103478e+00, 1.57749897062664998524096719755274318637e+00, -8.3361350121218212e+00, -2.6393058036203547e+01
0.49300000, 2.32022714121122899546337881613508821117e+00, -2.93378384402309659249201892395516179984e+00, 3.98534957395901775552769127415328439504e+01, 6.01217736740764024472187706229919753362e-01, 6.73381457660499883983835691458541799673e+00, 1.57802388010493404033414409739149665153e+00, -8.2340395067018117e+00, -2.6533098112148562e+01
0.49400000, 2.32101199823813041667097055091935046184e+00, -2.93322626752091526130967810844056069364e+00, 3.98530903290652743948110748301555621487e+01, 6.03085523952506835041398741331248373807e-01, 6.73307507258032193327565921650059668605e+00, 1.57854915580118125447874002165497068598e+00, -8.1305167022989176e+00, -2.6673331913472747e+01
0.49500000, 2.32179798593987991173381259515390251872e+00, -2.93266685746881124798562840302305640911e+00, 3.98526832557241449695232214341210370226e+01, 6.04955801810677350712310619435335946994e-01, 6.73233366436215706031769525559691246683e+00, 1.57907479633329884512837476744429237535e+00, -8.0255545320895421e+00, -2.6813751045044775e+01
0.49600000, 2.32258510580026223778475405576003986068e+00, -2.93210560690975245507035578420225959166e+00, 3.98522745086085130321813110995709742389e+01, 6.06828567172966505401913138252583465574e-01, 6.73159034524320826291419047055001582234e+00, 1.57960080030257012401464077615004290641e+00, -7.9191408821114958e+00, -2.6954346941794714e+01
0.49700000, 2.32337335930264843871303883781752717496e+00, -2.93154250884605528410111830507249695253e+00, 3.98518640767191117893853545331212737715e+01, 6.08703816860088083434151766601310414810e-01, 6.73084510848086110543420186362919073948e+00, 1.58012716629347645983786339884157292611e+00, -7.8112635921646260e+00, -2.7095110866461926e+01
0.49800000, 2.32416274792993590395071452127892218070e+00, -2.93097755623908263406434778648361851041e+00, 3.98514519490155017071727847017240161750e+01, 6.10581547655445494214760359160896662109e-01, 6.73009794729694477705831757187132899711e+00, 1.58065389287351714370659808783429841566e+00, -7.7019104567429679e+00, -2.7236033907322564e+01
0.49900000, 2.32495327316448739417956452268559902433e+00, -2.93041074200893908137658378524389753046e+00, 3.98510381144158873887673181850519061975e+01, 6.12461756304795250473464440720896336159e-01, 6.72934885487749219761062055396772250466e+00, 1.58118097859302712931386307446772906462e+00, -7.5910692259990626e+00, -2.7377106975896638e+01
0.50000000, 2.32574493648806901730771357814832817541e+00, -2.92984205903416320996245120325159718840e+00, 3.98506225617969335210237346243819051628e+01, 6.14344439515907111869229436538219121808e-01, 6.72859782437249810712272348177470399911e+00, 1.58170842198499261941401412440845629320e+00, -7.4787276067411002e+00, -2.7518320804634694e+01
0.50100000, 2.32653773938178713778021639126886821848e+00, -2.92927150015141705959944661287386249310e+00, 3.98502052799935798861536086091499981610e+01, 6.16229593958220855240959076849293768709e-01, 6.72784484889567511920084787995430371969e+00, 1.58223622156486446973286181771211534202e+00, -7.3648732634635523e+00, -2.7659665944584108e+01
0.50200000, 2.32733168332602420199779193134453487281e+00, -2.92869905815517266028448421734323301899e+00, 3.98497862577988554353512080324564255495e+01, 6.18117216262499632264903615826464813128e-01, 6.72708992152420771804286514060221657429e+00, 1.58276437583036938100497480599227555985e+00, -7.2494938194119739e+00, -2.7801132763035019e+01
0.50300000, 2.32812676980037346232230307271732646921e+00, -2.92812472579739561995616923736598241021e+00, 3.98493654839636914209745692957678261306e+01, 6.20007303020479874750879252188710294169e-01, 6.72633303529850417872540536498089245973e+00, 1.58329288326131884938596511871901246161e+00, -7.1325768576826604e+00, -2.7942711441145957e+01
0.50400000, 2.32892300028357258184649235129607660335e+00, -2.92754849578722573247951144941553715461e+00, 3.98489429471967335839742183965018330812e+01, 6.21899850784517707272090369966423240611e-01, 6.72557418322194639015153674165939464773e+00, 1.58382174231941584503377136553700398863e+00, -7.0141099223578600e+00, -2.8084391971549176e+01
0.50500000, 2.32972037625343610179875642250077673618e+00, -2.92697036079065457236615972856870103643e+00, 3.98485186361641533933011747472985823294e+01, 6.23794856067231826277743403344962678748e-01, 6.72481335826063755981708762302796949054e+00, 1.58435095144805918819139716026675359595e+00, -6.8940805196772501e+00, -2.8226164155935766e+01
0.50600000, 2.33051889918678675314125864705450581835e+00, -2.92639031343020004226312296046951757660e+00, 3.98480925394894583340667996542222244548e+01, 6.25692315341142804283601001876919834212e-01, 6.72405055334314777931838944415885274356e+00, 1.58488050907214559163407676286874660151e+00, -6.7724761192463990e+00, -2.8368017602620591e+01
0.50700000, 2.33131857055938559360132282387548058715e+00, -2.92580834628457783879623479508212549499e+00, 3.98476646457533012412697831027348911693e+01, 6.27592225038308777173000669137163769565e-01, 6.72328576136025742928602454029794080292e+00, 1.58541041359786933786627615467935284743e+00, -6.6492841552829444e+00, -2.8509941724087115e+01
0.50800000, 2.33211939184586095105170049195700507632e+00, -2.92522445188836980190120861202263326633e+00, 3.98472349434932886759501515578175699366e+01, 6.29494581549957472069503251524453736551e-01, 6.72251897516469840218803172688316651543e+00, 1.58594066341251955896814068251522550311e+00, -6.5244920279012316e+00, -2.8651925734512202e+01
0.50900000, 2.33292136451963615382483577217968254816e+00, -2.92463862273168911231490188588964179334e+00, 3.98468034212037883406766779194991641970e+01, 6.31399381226114532662090730642991629663e-01, 6.72175018757089312120191673488192384616e+00, 1.58647125688427508649681190373273548672e+00, -6.3980871044361656e+00, -2.8793958647270953e+01
0.51000000, 2.33372449005285602820953896281722947480e+00, -2.92405085125984230143225091049180850510e+00, 3.98463700673357355313225360141079093522e+01, 6.33306620375228098274543910057495170191e-01, 6.72097939135469133310769632847946434412e+00, 1.58700219236199683834529485801166804664e+00, -6.2700567208070433e+00, -2.8936029272421696e+01
0.51100000, 2.33452876991631214303539372863728104801e+00, -2.92346112987298803726013044868217541467e+00, 3.98459348702964386221345208947676263456e+01, 6.35216295263789592372139929995657769047e-01, 6.72020657925310465290403581102970748617e+00, 1.58753346817501770895009777157778622940e+00, -6.1403881829221427e+00, -2.9078126214171209e+01
0.51200000, 2.33533420557936678090063049442232013217e+00, -2.92286945092579264971801901656804958709e+00, 3.98454978184493835811537090840635256190e+01, 6.37128402115950675590955128298492757687e-01, 6.71943174396403883759628084050736028210e+00, 1.58806508263292992871852074299291021871e+00, -6.0090687681248573e+00, -2.9220237868320293e+01
0.51300000, 2.33614079850987561524296533060048029868e+00, -2.92227580672708235804668765085442872868e+00, 3.98450589001140375131001175314719371526e+01, 6.39042937113136317757675453790800091565e-01, 6.71865487814602376634879676917773676417e+00, 1.58859703402536985801706624989622429065e+00, -5.8760857266821786e+00, -2.9362352419689827e+01
0.51400000, 2.33694855017410907208989088820416900639e+00, -2.92168018953949216259005433079972841243e+00, 3.98446181035656512268907958353284985089e+01, 6.40959896393653942740736046485954653682e-01, 6.71787597441794110393447238292610077029e+00, 1.58912932062180018052380665866266070650e+00, -5.7414262833163368e+00, -2.9504457839527418e+01
0.51500000, 2.33775746203667235495497233873808066624e+00, -2.92108259157911136271173159098035325544e+00, 3.98441754170350608250199141365307519043e+01, 6.42879276052298599336662030634406270167e-01, 6.71709502535874962415147977778387424601e+00, 1.58966194067128946019949285526036137109e+00, -5.6050776387804256e+00, -2.9646541882894794e+01
0.51600000, 2.33856753556042411096970210919917426131e+00, -2.92048300501512566209651275381955365101e+00, 3.98437308287084883120908516005901238069e+01, 6.44801072139954110748488938382251070535e-01, 6.71631202350720816961136755156479881624e+00, 1.59019489240228902557454033457526354199e+00, -5.4670269714788476e+00, -2.9788592086036105e+01
0.51700000, 2.33937877220639371595625447194074995812e+00, -2.91988142196945582216796169571864624108e+00, 3.98432843267273412198541118116416102074e+01, 6.46725280663190154555924950720058062334e-01, 6.71552696136159622403325942478613494707e+00, 1.59072817402240714448159733293983064565e+00, -5.3272614391334290e+00, -2.9930595763727272e+01
0.51800000, 2.34019117343369715575490336040756870003e+00, -2.91927783451639282382625872993657501054e+00, 3.98428358991880112461711576720744919099e+01, 6.48651897583855224409296230264821379224e-01, 6.71473983137943207290629329356147198417e+00, 1.59126178371818045178599257427088685738e+00, -5.1857681804960644e+00, -3.0072540006606577e+01
0.51900000, 2.34100474069945148072076926604182883340e+00, -2.91867223468222949717537511269274568356e+00, 3.98423855341416719053930372673873087238e+01, 6.50580918818665424001105336633066170300e-01, 6.71395062597718852810642455125765679040e+00, 1.59179571965484259207878250234652680892e+00, -5.0425343171087657e+00, -3.0214411678486676e+01
0.52000000, 2.34181947545868780989778529693970602566e+00, -2.91806461444488857836536235115241847003e+00, 3.98419332195940751877140331666557420525e+01, 6.52512340238789043180041677718504321423e-01, 6.71315933753000619177428982413321705260e+00, 1.59232997997609003869916983932035638629e+00, -4.8975469551120010e+00, -3.0356197413648233e+01
0.52100000, 2.34263537916426286096315636091278267191e+00, -2.91745496573354715212390877985301462978e+00, 3.98414789435053472251345821999508409767e+01, 6.54446157669426865372319004737780155957e-01, 6.71236595837140423447794011160526907409e+00, 1.59286456280384504984454296296179303779e+00, -4.7507931871022214e+00, -3.0497883614115384e+01
0.52200000, 2.34345245326676898161296314626065979452e+00, -2.91684328042825743799119096022898022323e+00, 3.98410226937897829617444542185142978723e+01, 6.56382366889388154764081095917985894845e-01, 6.71157048079298866239786229965026799821e+00, 1.59339946623801572190708051916836971728e+00, -4.6022600940394874e+00, -3.0639456446913266e+01
0.52300000, 2.34427069921444265762876444634648716829e+00, -2.91622955035956387770328479269190273951e+00, 3.98405644583156398261167220060729733762e+01, 6.58320963630662270976112043600203582443e-01, 6.71077289704415804798177125327687993245e+00, 1.59393468835625309954556493073888990368e+00, -4.4519347472061195e+00, -3.0780901841307833e+01
0.52400000, 2.34509011845307147242590380752333654761e+00, -2.91561376730811648059185146388074879178e+00, 3.98401042249049304036854777009142298227e+01, 6.60261943577985858228006985833501161719e-01, 6.70997319933180669822312684908679193926e+00, 1.59447022721370530135953443048814709130e+00, -4.2998042102173078e+00, -3.0922205486028232e+01
0.52500000, 2.34591071242589949243655183816564832251e+00, -2.91499592300428038328132428190770448905e+00, 3.98396419813332141070656332211218007384e+01, 6.62205302368405555243093613840603089406e-01, 6.70917137982002523442016657008981921951e+00, 1.59500608084276861937995358118660183275e+00, -4.1458555410846326e+00, -3.1063352826471980e+01
0.52600000, 2.34673248257353105222413202697405307808e+00, -2.91437600912774157936923896598776127627e+00, 3.98391777153293878423615648128784013863e+01, 6.64151035590836171387531041624824878489e-01, 6.70836743062979855697139937062889671321e+00, 1.59554224725283554992596971954166665951e+00, -3.9900757943334573e+00, -3.1204329061893249e+01
0.52700000, 2.34755543033383291276049956721045658813e+00, -2.91375401730710877417051396690029619939e+00, 3.98387114145754756696029087171806370919e+01, 6.66099138785614273766933043665338814813e-01, 6.70756134383870116845893467793915592399e+00, 1.59607872443003971270081516086157670083e+00, -3.8324520231751695e+00, -3.1345119142574531e+01
0.52800000, 2.34837955714183476582287910650155172903e+00, -2.91312993911951131899223777915456914265e+00, 3.98382430667064174555405720883604809937e+01, 6.68049607444047129221345255355887293287e-01, 6.70675311148058982796267540714005411063e+00, 1.59661551033699761431127500078164982223e+00, -3.6729712817352598e+00, -3.1485707766982012e+01
0.52900000, 2.34920486442962805698392371546050864575e+00, -2.91250376609019317878169274358297056033e+00, 3.98377726593098565171340790378821437887e+01, 6.70002437007956944364224198934593917272e-01, 6.70594272554529350923623903765279985966e+00, 1.59715260291254721169412539414737889834e+00, -3.5116206273382398e+00, -3.1626079378904969e+01
0.53000000, 2.35003135362626309917513429458078734859e+00, -2.91187548969210288635677214567657512993e+00, 3.98373001799259262541628167482759409439e+01, 6.71957622869220346002988861290375291124e-01, 6.70513017797830063505943897194892289852e+00, 1.59769000007148323021930936407685716278e+00, -3.3483871228504158e+00, -3.1766218164579540e+01
0.53100000, 2.35085902615764444830107202839081208953e+00, -2.91124510134547943578445887544627174035e+00, 3.98368256160470357694986741910124763738e+01, 6.73915160369303043457507228429847870686e-01, 6.70431546068044355976221194558582658114e+00, 1.59822769970428919051310309339026166946e+00, -3.1832578390815453e+00, -3.1906108049797228e+01
0.53200000, 2.35168788344642451186909744793992159656e+00, -2.91061259241743406681945561599025596973e+00, 3.98363489551176544756860718008294418778e+01, 6.75875044798789613458300091552866930973e-01, 6.70349856550758027159096808816486015674e+00, 1.59876569967686609730487625159285112186e+00, -3.0162198572464206e+00, -3.2045732696998508e+01
0.53300000, 2.35251792691189536107656434136591566369e+00, -2.90997795422152789165121118978483878137e+00, 3.98358701845340956865875628168043788252e+01, 6.77837271396908347458047088567693031580e-01, 6.70267948427027328626041979154678209831e+00, 1.59930399783025774284800043086443230866e+00, -2.8472602714874335e+00, -3.2185075502351941e+01
0.53400000, 2.35334915796987871626426625936964960489e+00, -2.90934117801734531453329459493425100491e+00, 3.98353892916442991929691468769240755064e+01, 6.79801835351051100327914818888984873852e-01, 6.70185820873346570270196480585956055217e+00, 1.59984259198037257669873952295813672716e+00, -2.6763661914591915e+00, -3.2324119592819198e+01
0.53500000, 2.35418157803261407510125360679576367430e+00, -2.90870225501006319418414317795924947790e+00, 3.98349062637476128210192775733323753483e+01, 6.81768731796288078534038321165273068594e-01, 6.70103473061615439168360847769609947250e+00, 1.60038147991770209285628814185932789946e+00, -2.5035247449762675e+00, -3.2462847823206438e+01
0.53600000, 2.35501518850864495231168087490402517112e+00, -2.90806117635001569815246649943171682824e+00, 3.98344210880945729729193745884776598710e+01, 6.83737955814877504998914336093796002858e-01, 6.70020904159106028763615983427238024292e+00, 1.60092065940703568447222607030024493145e+00, -2.3287230807251805e+00, -3.2601242773202476e+01
0.53700000, 2.35584999080270319918887156777233540840e+00, -2.90741793313225479763383127667361828559e+00, 3.98339337518866841487115771899660449409e+01, 6.85709502435770096947241324009806424007e-01, 6.69938113328429575367597591517550663965e+00, 1.60146012818717191552823892519208645323e+00, -2.1519483710417161e+00, -3.2739286744404224e+01
0.53800000, 2.35668598631559137056506231986044995462e+00, -2.90677251639610635050699011747542064875e+00, 3.98334442422761974488416117016558605422e+01, 6.87683366634108292115595413386684291240e-01, 6.69855099727502898946580752368214662331e+00, 1.60199988397062615805672204285878957046e+00, -1.9731878147547114e+00, -3.2876961757329880e+01
0.53900000, 2.35752317644406310631706134619916311030e+00, -2.90612491712472171962914855536233436299e+00, 3.98329525463658880568911065984969906113e+01, 6.89659543330720157769985950424286392656e-01, 6.69771862509514545120226613189192966724e+00, 1.60253992444333454263953356639209946749e+00, -1.7924286400974425e+00, -3.3014249548420400e+01
0.54000000, 2.35836156258070149388807756485963245594e+00, -2.90547512624462487268838822544113795730e+00, 3.98324586512088317021545937587950200769e+01, 6.91638027391607916024505987054610084482e-01, 6.69688400822890625266103430782643077354e+00, 1.60308024726435416906538463848851643113e+00, -1.6096581076877635e+00, -3.3151131567029756e+01
0.54100000, 2.35920114611379537769398727868590871602e+00, -2.90482313462525490915867196233160448334e+00, 3.98319625438081801018619050638246477634e+01, 6.93618813627431017987692896213788200868e-01, 6.69604713811260351586912858365536574208e+00, 1.60362085006555952315583323620004555634e+00, -1.4248635135781650e+00, -3.3287588972404557e+01
0.54200000, 2.36004192842721358065804077891360894931e+00, -2.90416893307850395913803817205693063270e+00, 3.98314642111169353829968352155089594650e+01, 6.95601896792983698280547341736027461903e-01, 6.69520800613421263960724156951056794279e+00, 1.60416173045133504488326013663555049187e+00, -1.2380321923769287e+00, -3.3423602630653600e+01
0.54300000, 2.36088391090027700248120083701141288133e+00, -2.90351251235825039807353188687339633274e+00, 3.98309636400377234838179230388532198004e+01, 6.97587271586666940471123911959753916537e-01, 6.69436660363304145357438633241254444109e+00, 1.60470288599826379200122003933491356576e+00, -1.0491515204415711e+00, -3.3559153111707949e+01
0.54400000, 2.36172709490762855860567143537312865130e+00, -2.90285386315988732058689907061364649648e+00, 3.98304608174225665353471368721855410897e+01, 6.99574932649954782954896419775591463763e-01, 6.69352292189937622567168718562694028679e+00, 1.60524431425481214248783973054200952657e+00, -8.5820891914578338e-01, -3.3694220686272166e+01
0.54500000, 2.36257148181910092316643418496081306325e+00, -2.90219297611984621581286528183912384770e+00, 3.98299557300726542232572707862165378647e+01, 7.01564874566854893777401313770096144344e-01, 6.69267695217412448948215324457686515235e+00, 1.60578601274101047816613238204119856847e+00, -6.6519185822108643e-01, -3.3828785322767347e+01
0.54600000, 2.36341707299958203854947072377930197893e+00, -2.90152984181511578584670157434604283031e+00, 3.98294483647381141307591069141794940012e+01, 7.03557091863363341845653391040150425556e-01, 6.69182868564845465863858017739289508546e+00, 1.60632797894812979091085875117345914669e+00, -4.7008785917443527e-01, -3.3962826684266631e+01
0.54700000, 2.36426386980887835348551393912407970924e+00, -2.90086445076275584806951684724156616318e+00, 3.98289387081177810632650185697139336502e+01, 7.05551579006913490907181875102201961012e-01, 6.69097811346343239438229689849143743273e+00, 1.60687021033835415187953020297907016832e+00, -2.7288449878302022e-01, -3.4096324125423868e+01
0.54800000, 2.36511187360157575090433379578946886830e+00, -2.90019679341940626127806945683042608842e+00, 3.98284267468589653557868264857053781348e+01, 7.07548330405818941589917856296109377338e-01, 6.69012522670965369222125253049316516869e+00, 1.60741270434444898321494481569670381857e+00, -7.3569412667525922e-02, -3.4229256689396194e+01
0.54900000, 2.36596108572689812605641210734688982587e+00, -2.89952686018079081469061975617566045305e+00, 3.98279124675572201642125279084819839441e+01, 7.09547340408710445692234972749132709595e-01, 6.68927001642687465319686943340116482359e+00, 1.60795545836942507065789754521000547134e+00, 1.2786970105487726e-01, -3.4361603104761236e+01
0.55000000, 2.36681150752856357467607432337415675969e+00, -2.89885464138121601803120249897453660428e+00, 3.98273958567561077417991511014391616038e+01, 7.11548603303966715789855710295590079595e-01, 6.68841247360363790486511475372744848196e+00, 1.60849846978619825448102096826370077763e+00, 3.3144507803652108e-01, -3.4493341782429751e+01
0.55100000, 2.36766314034463815021239702231250556531e+00, -2.89818012729306473001143196880729990538e+00, 3.98268769009469647024176060369954395831e+01, 7.13552113319139052084730112003436350892e-01, 6.68755258917689563668830971950467444931e+00, 1.60904173593724473510769800103555160061e+00, 5.3716888388290485e-01, -3.4624450812554478e+01
0.55200000, 2.36851598550738714839116092202344916527e+00, -2.89750330812628456163130647549695060060e+00, 3.98263555865686662722901701105067038927e+01, 7.15557864620369707260008751285401764515e-01, 6.68669035403162921412024640835607240134e+00, 1.60958525413425192871323652160936187028e+00, 7.4505321025272326e-01, -3.4754907961436058e+01
0.55300000, 2.36937004434312387659242618035974253636e+00, -2.89682417402787098980819055676021460625e+00, 3.98258319000073895321723345862364677057e+01, 7.17565851311803908924496546193654132122e-01, 6.68582575900046533524815923701186608615e+00, 1.61012902165776480701859292156991980351e+00, 9.5511007087292828e-01, -3.4884690668426876e+01
0.55400000, 2.37022531817205586473361637303257220534e+00, -2.89614271508134511591595564010006579400e+00, 3.98253058275963756521483168757364595911e+01, 7.19576067434995458029109474391453506612e-01, 6.68495879486328869343094595261030173300e+00, 1.61067303575682765437945253013004379672e+00, 1.1673513974674832e+00, -3.5013776042833725e+01
0.55500000, 2.37108180830812847353694787770928038808e+00, -2.89545892130622600287388049222395025573e+00, 3.98247773556156911214337941824342664702e+01, 7.21588506968305820416475489222845509495e-01, 6.68408945234685110894369315464390857397e+00, 1.61121729364862117414498495174505484553e+00, 1.3817890355984541e+00, -3.5142140860820205e+01
0.55600000, 2.37193951605886585523226155238216537098e+00, -2.89477278265749752346707346001111198026e+00, 3.98242464702919879758105190310407133956e+01, 7.23603163826296627422528650055448823417e-01, 6.68321772212437709220397677983226966601e+00, 1.61176179251809487511064684088754936361e+00, 1.5984347404180713e+00, -3.5269761562309832e+01
0.55700000, 2.37279844272520922090142343899157768850e+00, -2.89408428902506965160659563085734869958e+00, 3.98237131577982630255556253693749766652e+01, 7.25620031859115500185337893821641552782e-01, 6.68234359481516580071552072987535609547e+00, 1.61230652951759466771754829921679233339e+00, 1.8173001723303788e+00, -3.5396614247890832e+01
0.55800000, 2.37365858960135236780807114171375596775e+00, -2.89339343023323412724784822499401461190e+00, 3.98231774042536160869738191911222716478e+01, 7.27639104851875111031076534273430303744e-01, 6.68146706098418935141954887408044636982e+00, 1.61285150176648559845666603492906413183e+00, 2.0383968925610801e+00, -3.5522674675723645e+01
0.55900000, 2.37451995797457441917619318242653598350e+00, -2.89270019604011442467984353780415733758e+00, 3.98226391957230072208934693186623683802e+01, 7.29660376524025393999554135523635593543e-01, 6.68058811114168744969349876711236296484e+00, 1.61339670635076964971909983137994049072e+00, 2.2617363586341728e+00, -3.5647918258452200e+01
0.56000000, 2.37538254912506972798243068504452570765e+00, -2.89200457613710995287540535336031152747e+00, 3.98220985182170129817480770331160322434e+01, 7.31683840528718815241668420160978343456e-01, 6.67970673574275829578062115246161394755e+00, 1.61394214032269853109314065493789649337e+00, 2.4873299197539539e+00, -3.5772320060120054e+01
0.56100000, 2.37624636432577489540966457609248427516e+00, -2.89130656014833441555283461455311843490e+00, 3.98215553576915816811329183266302122407e+01, 7.33709490452168612668051574648796841268e-01, 6.67882292518694572897230907819331581755e+00, 1.61448780070038138684464928581416654103e+00, 2.7151888120909657e+00, -3.5895854793092512e+01
0.56200000, 2.37711140484219285367296694921578680486e+00, -2.89060613763004825754281567503431591039e+00, 3.98210097000477876700030362870111509159e+01, 7.35737319812999912851633400416360101582e-01, 6.67793666981782256939772549940565885509e+00, 1.61503368446738734302862224952309987284e+00, 2.9453241539704388e+00, -3.6018496814985905e+01
0.56300000, 2.37797767193221396197291132254031478658e+00, -2.88990329807008512298000770252660994331e+00, 3.98204615311315846439634362147534016992e+01, 7.37767322061593631786364153984573616425e-01, 6.67704795992257011680236973717127362040e+00, 1.61557978857234281636632349659962194523e+00, 3.1777469409617778e+00, -3.6140220125605212e+01
0.56400000, 2.37884516684593406335510107590893738290e+00, -2.88919803088727224974653825379037598177e+00, 3.98199108367335579763955315061650996848e+01, 7.39799490579423064679463546885413849719e-01, 6.67615678573155376521858217957739078436e+00, 1.61612610992852350568344971109780671211e+00, 3.4124680408676236e+00, -3.6260998363891286e+01
0.56500000, 2.37971389082546944925812479864463463791e+00, -2.88849032543084472348415852964981003001e+00, 3.98193576025886760844658395703983340741e+01, 7.41833818678383068504809916363529941959e-01, 6.67526313741789469194657416704477294899e+00, 1.61667264541344098533992553723602095892e+00, 3.6494981886110148e+00, -3.6380804804878941e+01
0.56600000, 2.38058384510476867751450625241905360285e+00, -2.88778017097985351336279235644463437407e+00, 3.98188018143760408333738761999359205768e+01, 7.43870299600111739569965221772188426657e-01, 6.67436700509703757877432710029566208353e+00, 1.61721939186842381869053050351955651090e+00, 3.8888479810191596e+00, -3.6499612356667235e+01
0.56700000, 2.38145503090942118853009771313523050726e+00, -2.88706755674256721064526657107720312422e+00, 3.98182434577186369845163928597337356256e+01, 7.45908926515304486848346717634221205311e-01, 6.67346837882631432286857245600852284110e+00, 1.61776634609819310819706664859110135708e+00, 4.1305278715023177e+00, -3.6617393557403303e+01
0.56800000, 2.38232744945646266330626873015976357589e+00, -2.88635247185586738992079512942134407704e+00, 3.98176825181830806935748003401038276264e+01, 7.47949692523020400300693348865653910413e-01, 6.67256724860450369426698365027599543595e+00, 1.61831350487043239736659566209380317434e+00, 4.3745481646262846e+00, -3.6734120572281140e+01
0.56900000, 2.38320110195417706588565518923823875172e+00, -2.88563490538463751169294154897032090047e+00, 3.98171189812793670648720874484326217007e+01, 7.49992590649980811855711284364992764332e-01, 6.67166360437138689639362269558139575062e+00, 1.61886086491535183821580342804255624954e+00, 4.6209190105769545e+00, -3.6849765190556779e+01
0.57000000, 2.38407598960189531169563021798096328315e+00, -2.88491484632114528380093542879213250731e+00, 3.98165528324606167686950457046331720890e+01, 7.52037613849859945138084187572405994638e-01, 6.67075743600729898550553061855121822378e+00, 1.61940842292524653645817033669324065351e+00, 4.8696503995154354e+00, -3.6964298822581367e+01
0.57100000, 2.38495211358979050213349966633789655337e+00, -2.88419228358441839792599234579021298695e+00, 3.98159840571228217286374288835007328563e+01, 7.54084755002567548422353629205439578123e-01, 6.66984873333267610445807207324032981137e+00, 1.61995617555404898507770482622504326442e+00, 5.1207521558221737e+00, -3.7077692496853644e+01
0.57200000, 2.38582947509866966458315749264351716120e+00, -2.88346720601961355618629820902308611802e+00, 3.98154126406045898863900961939672527413e+01, 7.56134006913523403652955179393149318899e-01, 6.66893748610759848565018313628147490345e+00, 1.62050411941687549538988721800994764945e+00, 5.3742339322285416e+00, -3.7189916857093433e+01
0.57300000, 2.38670807529976193587399298975679988916e+00, -2.88273960239737870155517701325200781719e+00, 3.98148385681868890517855045720250760649e+01, 7.58185362312923602703365467820514854203e-01, 6.66802368403132917747796879795623059663e+00, 1.62105225108956653309650717977611554787e+00, 5.6301052038343279e+00, -3.7300942159337757e+01
0.57400000, 2.38758791535450312598864033258407762549e+00, -2.88200946141320836454626458775212033190e+00, 3.98142618250927898462964321011042077355e+01, 7.60238813854998480350291454118946918389e-01, 6.66710731674184844808609536144763248786e+00, 1.62160056710822086521558110225324898825e+00, 5.8883752620095682e+00, -3.7410738269061250e+01
0.57500000, 2.38846899641431659759610427687001328577e+00, -2.88127677168679203729685179248481439527e+00, 3.98136823964872077485928427657075885327e+01, 7.62294354117262091711518866375479127272e-01, 6.66618837381538381966106537864512831477e+00, 1.62214906396872342210980874026898972832e+00, 6.1490532081791389e+00, -3.7519274658322597e+01
0.57600000, 2.38935131962039039573027134398026540070e+00, -2.88054152176135548484552157736705957255e+00, 3.98131002674766442511766633542087848932e+01, 7.64351975599753120137822459643668130718e-01, 6.66526684476593568595869183894433502390e+00, 1.62269773812626677714635805917536468777e+00, 6.4121479474885341e+00, -3.7626520402938776e+01
0.57700000, 2.39023488610345056065019489757214801351e+00, -2.87980370010299490204235960786439656295e+00, 3.98125154231089271375422663486489224424e+01, 7.66411670724267099759602962725747490192e-01, 6.66434271904479846519984750450842738219e+00, 1.62324658599486614479642227290066610493e+00, 6.6776681823492383e+00, -3.7732444179688921e+01
0.57800000, 2.39111969698353055560718016808980091019e+00, -2.87906329510000382314893310238427446511e+00, 3.98119278483729498897509775787726396490e+01, 7.68473431833579835067016854109141864994e-01, 6.66341598604007723990379849059370432174e+00, 1.62379560394686779622422454249852121243e+00, 6.9456224058620981e+00, -3.7837014263549685e+01
0.57900000, 2.39200575336973673990392965765651923529e+00, -2.87832029506219268978046336958377538885e+00, 3.98113375281984102367613035822881051361e+01, 7.70537251190661898047653613576668425976e-01, 6.66248663507619983465708294639541013770e+00, 1.62434478831245078962118627249625094253e+00, 7.2160188951170941e+00, -3.7940198524964040e+01
0.58000000, 2.39289305636000981626216126238436307644e+00, -2.87757468822020098141371123242095381536e+00, 3.98107444474555478543231604133368064952e+01, 7.72603120977884081517624298128285619225e-01, 6.66155465541342428223791117396218784251e+00, 1.62489413537912191071103801452732466331e+00, 7.4888657043679055e+00, -3.8041964427145496e+01
0.58100000, 2.39378160704088218011648383942632835100e+00, -2.87682646272480181123058853679563209768e+00, 3.98101485909548812277245528979655029049e+01, 7.74671033296213685359573573644967923077e-01, 6.66062003624734162793138862229158324792e+00, 1.62544364139120371698493183828260641155e+00, 7.7641706580796581e+00, -3.8142279023419775e+01
0.58200000, 2.39467140648723109702319242503127914897e+00, -2.87607560664619888858893100818342163272e+00, 3.98095499434469436891732816019203429086e+01, 7.76740980164401510423917626250263002867e-01, 6.65968276670837402127944459397793211732e+00, 1.62599330254931557732128486245652211565e+00, 8.0419413438482390e+00, -3.8241108954606051e+01
0.58300000, 2.39556245576202763291229359685051814362e+00, -2.87532210797331574790773564839571971438e+00, 3.98089484896220186421047356668225575618e+01, 7.78812953518159432856829767414445058025e-01, 6.65874283586126804391113475286650028179e+00, 1.62654311500984759670229914272230013590e+00, 8.3221851051895614e+00, -3.8338420446439900e+01
0.58400000, 2.39645475591608126041873686028264829485e+00, -2.87456595461307714222398730665749409067e+00, 3.98083442141098739852300662028675749591e+01, 7.80886945209328429589414884486637207156e-01, 6.65780023270458322149392311982468854207e+00, 1.62709307488442731375699590606024982329e+00, 8.6049090341971566e+00, -3.8434179307040189e+01
0.58500000, 2.39734830798778006300373672665181139419e+00, -2.87380713438968249812147127604992880944e+00, 3.98077371014794957496774418716850367832e+01, 7.82962947005036923656387378215747522917e-01, 6.65685494617017566723458871703353197894e+00, 1.62764317823937905683828316786091804202e+00, 8.8901199640664712e+00, -3.8528350924422168e+01
0.58600000, 2.39824311300282645701842807355355646679e+00, -2.87304563504387132714817839507532977216e+00, 3.98071271362388209631330925428438042530e+01, 7.85040950586849315908632011696742255045e-01, 6.65590696512267680373949401434059565059e+00, 1.62819342109517584227813379458581453341e+00, 9.1778244614842443e+00, -3.8620900264059111e+01
0.58700000, 2.39913917197396835026908900144176657820e+00, -2.87228144423218048722753194597865057696e+00, 3.98065143028344697554588878474584739459e+01, 7.87120947549904567541502817796039887497e-01, 6.65495627835896710941804869973300007763e+00, 1.62874379942588369635945195163667329850e+00, 9.4680288188813387e+00, -3.8711791866494911e+01
0.58800000, 2.40003648590072565401495350935578163771e+00, -2.87151454952619318592916629496549631695e+00, 3.98058985856514767208497273515006854522e+01, 7.89202929402044695678803585250672806555e-01, 6.65400287460764483498025620245230598546e+00, 1.62929430915859828039469199242558650115e+00, 9.7607390465474029e+00, -3.8800989845010093e+01
0.58900000, 2.40093505576911206366536127180461036967e+00, -2.87074493841177961579681900719815419787e+00, 3.98052799690130215521975034834077908533e+01, 7.91286887562933042030277788004928178324e-01, 6.65304674252848963493919641272022651536e+00, 1.62984494617287369610878345919967194460e+00, 1.0055960864605738e+01, -3.8888457883343768e+01
0.59000000, 2.40183488255135202174177089868748848264e+00, -2.86997259828832911023350275913272356029e+00, 3.98046584371801589639493165284158697744e+01, 7.93372813363162172377280601908648785159e-01, 6.65208787071192105838213225237725587728e+00, 1.63039570630014334628640244005836941880e+00, 1.0353699694846750e+01, -3.8974159233474149e+01
0.59100000, 2.40273596720559277493108983949909352920e+00, -2.86919751646797370671693053994006577203e+00, 3.98040339743515479203864663266206097669e+01, 7.95460698043351262336255995290182962077e-01, 6.65112624767845184261958786827873177361e+00, 1.63094658532313272336008103572403627367e+00, 1.0653960652418362e+01, -3.9058056713460272e+01
0.59200000, 2.40363831067561143527891764049449983963e+00, -2.86841968017480300236059499826148453954e+00, 3.98034065646631801869080257347797147024e+01, 7.97550532753232822501823083551988852158e-01, 6.65016186187813595266019170075030830665e+00, 1.63149757897526399628500491639330753743e+00, 1.0956748537371787e+01, -3.9140112705347687e+01
0.59300000, 2.40454191389051695375370349646581780139e+00, -2.86763907654407018504735552641254953862e+00, 3.98027761921881082225790394135541218884e+01, 7.99642308550728613679792965416727621711e-01, 6.64919470169001130879026984446966477382e+00, 1.63204868294005226366752875252758375298e+00, 1.1262067826061025e+01, -3.9220289153140900e+01
0.59400000, 2.40544677776444691255450195979687553501e+00, -2.86685569262138912154225723285890001387e+00, 3.98021428409361724328991265641717410531e+01, 8.01736016401014600484374215835733109033e-01, 6.64822475542153714386107728499387313484e+00, 1.63259989285049333868632786763206204174e+00, 1.1569922662394509e+01, -3.9298547560845475e+01
0.59500000, 2.40635290319625904063496359815166558557e+00, -2.86606951536192238213897377076941756984e+00, 3.98015064948537278024630523340876355633e+01, 8.03831647175574789092244812114918186748e-01, 6.64725201130802593120313220612351846318e+00, 1.63315120428844292886656051976927115899e+00, 1.1880316848937280e+01, -3.9374848990582734e+01
0.59600000, 2.40726029106921735497338417272971563198e+00, -2.86528053162956007950909718654513567130e+00, 3.98008671378233699279212407091795330023e+01, 8.05929191651243792418111287715735155867e-01, 6.64627645751206982339633933696872667736e+00, 1.63370261278398707123726825707892930608e+00, 1.2193253837862116e+01, -3.9449154060780092e+01
0.59700000, 2.40816894225067282813199209211148288687e+00, -2.86448872819608939750484502803012393604e+00, 3.98002247536636604724058197985103330225e+01, 8.08028640509237963400860606907804147914e-01, 6.64529808212296154142642237662198396451e+00, 1.63425411381480368081929122483720653914e+00, 1.2508736721748025e+01, -3.9521422944440141e+01
0.59800000, 2.40907885759173848061708589470701976810e+00, -2.86369409174035468371295647503385787690e+00, 3.97995793261288520633672240443911864208e+01, 8.10129984334174934465431808103682751144e-01, 6.64431687315610965305260560534812829557e+00, 1.63480570280551506775398962194259161098e+00, 1.2826768224224540e+01, -3.9591615367491664e+01
0.59900000, 2.40999003792695879447401772780382096508e+00, -2.86289660884740797756992953857798219055e+00, 3.97989308389086126565682507214242127906e+01, 8.12233213613081398552064362088861239884e-01, 6.64333281855244817849846630591131015543e+00, 1.63535737512703127569077841376753502990e+00, 1.3147350690460256e+01, -3.9659690607225848e+01
0.60000000, 2.41090248407397334242620071455064444261e+00, -2.86209626600764984382562015189505568410e+00, 3.97982792756277493898074224856538464993e+01, 8.14338318734388964380565619065008038094e-01, 6.64234590617784046085740092382369484917e+00, 1.63590912609588409130260391177253549529e+00, 1.3470486077494065e+01, -3.9725607490821048e+01
0.60100000, 2.41181619683317452469411138275031236490e+00, -2.86129304961596037908287605988565769690e+00, 3.97976246198459319507922053550146652216e+01, 8.16445289986917915841602926563652717200e-01, 6.64135612382247723787619042058062914257e+00, 1.63646095097355157199168830996742967378e+00, 1.3796175944407558e+01, -3.9789324393959528e+01
0.60200000, 2.41273117698735930340744382116573770746e+00, -2.86048694597082025704459335698002122232e+00, 3.97969668550574154844557539129638189096e+01, 8.18554117558848702578663655271524963153e-01, 6.64036345920026885104469871818258573618e+00, 1.63701284496577293598177752440850699018e+00, 1.4124421442337080e+01, -3.9850799239539700e+01
0.60300000, 2.41364742530137482224989698784093867079e+00, -2.85967794127342167596562526469185302107e+00, 3.97963059646907630659091048477907329676e+01, 8.20664791536680985942108884639241784127e-01, 6.63936789994823152717678065948662568663e+00, 1.63756480322185365606634894549038525560e+00, 1.4455223304323942e+01, -3.9909989496487464e+01
0.60400000, 2.41456494252175779665025286165585267550e+00, -2.85886602162676906963458924354328623729e+00, 3.97956419321085677661448395024003938241e+01, 8.22777301904180061559517346650219357843e-01, 6.63836943362586766691700434861994062332e+00, 1.63811682083396059529333262751256303985e+00, 1.4788581835001321e+01, -3.9966852178670338e+01
0.60500000, 2.41548372937636755745410726915862568694e+00, -2.85805117303476944099904141958611508003e+00, 3.97949747406071743385589311418078294778e+01, 8.24891638541310476773091227554035403541e-01, 6.63736804771454007384980280239520323283e+00, 1.63866889283640701981439801218422509816e+00, 1.5124496900116375e+01, -4.0021343843918150e+01
0.60600000, 2.41640378657401262857648663206735905183e+00, -2.85723338140131217529593147164203533712e+00, 3.97943043734164005553355509810086610606e+01, 8.27007791223156658144062030727621259611e-01, 6.63636372961684005712216135682291132373e+00, 1.63922101420492732100924579846356768892e+00, 1.5462967915886148e+01, -4.0073420593154178e+01
0.60700000, 2.41732511480407071664522386813022332505e+00, -2.85641263252933818725691436083463911270e+00, 3.97936308136992582237458198238585965829e+01, 8.29125749618830361114551231357666854386e-01, 6.63535646665594933971792439188479139680e+00, 1.63977317985594127581106847945602104192e+00, 1.5803993838185859e+01, -4.0123038069640690e+01
0.60800000, 2.41824771473610198809693727698772078952e+00, -2.85558891211989825462415787287686264545e+00, 3.97929540445516739134466747081041102946e+01, 8.31245503290364750747935332751363881629e-01, 6.63434624607499570374127640729929296820e+00, 1.64032538464580767090680982809685684523e+00, 1.6147573151568181e+01, -4.0170151458342934e+01
0.60900000, 2.41917158701945550658027902170662141379e+00, -2.85476220577120038783590925872395861958e+00, 3.97922740490022094269310123753337946254e+01, 8.33367041691594919238135905119957884342e-01, 6.63333305503640230327893188826900752960e+00, 1.64087762337006711316342750988720275028e+00, 1.6493703858112160e+01, -4.0214715485415751e+01
0.61000000, 2.42009673228286870085327462903291107934e+00, -2.85393249897764608332141434692122388637e+00, 3.97915908100117820463759395200236872092e+01, 8.35490354167024642585068488778475321872e-01, 6.63231688062123057461507443936173617892e+00, 1.64142989076267384523736491291004438119e+00, 1.6842383466100436e+01, -4.0256684417817046e+01
0.61100000, 2.42102315113405973063149862774642259665e+00, -2.85309977712885530538094365578128665864e+00, 3.97909043104733845912631959816791305957e+01, 8.37615429950679175476373772076775128471e-01, 6.63129770982851667277014242383612573127e+00, 1.64198218149521638185714442497275139932e+00, 1.7193608978523489e+01, -4.0296012063052462e+01
0.61200000, 2.42195084415931261504991654195918866235e+00, -2.85226402550868003911777836271185968944e+00, 3.97902145332118053223055410903453416375e+01, 8.39742258164943879993120903248394103203e-01, 6.63027552957460136252419559674196543712e+00, 1.64253449017612677872663499483619821334e+00, 1.7547376881409624e+01, -4.0332651769055721e+01
0.61300000, 2.42287981192305498554181676295890588580e+00, -2.85142522929420625433413096590142909775e+00, 3.97895214609833477284060533198028498296e+01, 8.41870827819388480267982765822720372235e-01, 6.62925032669245329126785072712986279990e+00, 1.64308681134987834237730481016703114064e+00, 1.7903683131979488e+01, -4.0366556424209177e+01
0.61400000, 2.42381005496742832201165701647280514763e+00, -2.85058337355474411770118748517580900876e+00, 3.97888250764755502346048665369194301621e+01, 8.44001127809576731666968134205354529528e-01, 6.62822208793098557019868604580259798091e+00, 1.64363913949617158559977952206803085927e+00, 1.8262523146623921e+01, -4.0397678457509231e+01
0.61500000, 2.42474157381185052818311029818436264717e+00, -2.84973844325080628786380592274213392766e+00, 3.97881253623069058702308599478529696467e+01, 8.46133146915861289438651477492868103925e-01, 6.62719079995436558954863325890902465143e+00, 1.64419146902910822930637171589126203321e+00, 1.8623891788703986e+01, -4.0425969838881378e+01
0.61600000, 2.42567436895257069893731522413898849264e+00, -2.84889042323307412544191423468916470752e+00, 3.97874223010265819377752720144608510107e+01, 8.48266873802163558076426528367985600422e-01, 6.62615644934131799268825756570153507082e+00, 1.64474379429635304781496071990803798115e+00, 1.8987783356172092e+01, -4.0451382079649757e+01
0.61700000, 2.42660844086221592931746499681812049103e+00, -2.84803929824135164714232352034825610179e+00, 3.97867158751141397243411920584340913872e+01, 8.50402297014738298868045400966439534692e-01, 6.62511902258442073310703371341399835263e+00, 1.64529610957828335059866265756201867095e+00, 1.9354191569013125e+01, -4.0473866233166172e+01
0.61800000, 2.42754378998933001166250356669335188156e+00, -2.84718505290350705039548976362245808341e+00, 3.97860060669792542988985011972046830607e+01, 8.52539404980922769260972910001532080100e-01, 6.62407850608939413741483047238460072435e+00, 1.64584840908712588951306345991027353139e+00, 1.9723109556504590e+01, -4.0493372895603677e+01
0.61900000, 2.42848041675790386404287801873878886092e+00, -2.84632767173440163208067896486243507212e+00, 3.97852928589614344399892252845936785649e+01, 8.54678186007870163750227702165814399719e-01, 6.62303488617438289664889603874258844370e+00, 1.64640068696608097639126058339658915612e+00, 2.0094529844294791e+01, -4.0509852206919942e+01
0.62000000, 2.42941832156689752980300694211849652182e+00, -2.84546713913480592199895152763280282007e+00, 3.97845762333297427399846008387121620208e+01, 8.56818628281267121995698667362291945955e-01, 6.62198814906923090730278036997040097680e+00, 1.64695293728843359168438261125956701927e+00, 2.0468444341298150e+01, -4.0523253851995684e+01
0.62100000, 2.43035750478975358456629122192021641484e+00, -2.84460343939030284879529435551405269487e+00, 3.97838561722825159334936514565428653595e+01, 8.58960719864035065796675457955599735822e-01, 6.62093828091474888261893395259953619168e+00, 1.64750515405665126051938017253411787539e+00, 2.0844844326406787e+01, -4.0533527061953631e+01
0.62200000, 2.43129796677390178352698160133258147227e+00, -2.84373655667017775301798116379505248391e+00, 3.97831326579470854990649758472873066925e+01, 8.61104448695015122390731061276131148939e-01, 6.61988526776197465380529209715182536881e+00, 1.64805733120146846814439554789890243313e+00, 2.1223720435017596e+01, -4.0540620615663540e+01
0.62300000, 2.43223970784025477823682945751566356018e+00, -2.84286647502629505893369620089280495918e+00, 3.97824056723794985849100475325504194339e+01, 8.63249802587636387300312955214471235303e-01, 6.61882909557142607994810562558251631126e+00, 1.64860946258095738223254739274023775526e+00, 2.1605062645374052e+01, -4.0544482841438957e+01
0.62400000, 2.43318272828269472839092215920708169222e+00, -2.84199317839196141358995179769058540928e+00, 3.97816751975642393110089492113510774708e+01, 8.65396769228567275621562376403396691624e-01, 6.61776975021234648449873930457012958098e+00, 1.64916154197958464491507131913401028829e+00, 2.1988860264722096e+01, -4.0545061618931497e+01
0.62500000, 2.43412702836755063032411440103918663031e+00, -2.84111665058077509843067793540474043029e+00, 3.97809412154139505016394824771902878932e+01, 8.67545336176349706234066569986431144767e-01, 6.61670721746194253531126612699908702616e+00, 1.64971356310725399271192946895964744987e+00, 2.2375101915279490e+01, -4.0542304381228569e+01
0.62600000, 2.43507260833306618004461580600106694389e+00, -2.84023687528546151552534787954385062212e+00, 3.97802037077691559040994200848258129826e+01, 8.69695490860015858905486174652003417985e-01, 6.61564148300461448430058764850582160344e+00, 1.65026551959833445771966617496386550056e+00, 2.2763775520018103e+01, -4.0536158117160565e+01
0.62700000, 2.43601946838885798465211590907987783279e+00, -2.83935383607669454716538630749925991247e+00, 3.97794626563979829511707622277501105917e+01, 8.71847220577687239669269076700091638703e-01, 6.61457253243117868187766926997967405091e+00, 1.65081740501067389849979440016461955983e+00, 2.3154868288258688e+01, -4.0526569373823706e+01
0.62800000, 2.43696760871536393191178044139653399950e+00, -2.83846751640190358421261597082253200454e+00, 3.97787180429958861267057256126173250750e+01, 8.74000512495155785164892061695455330571e-01, 6.61350035123808228039946857803676596003e+00, 1.65136921282459760408362730765643887659e+00, 2.3548366701077743e+01, -4.0513484259324803e+01
0.62900000, 2.43791702946328152357992232395480765746e+00, -2.83757789958406601515183811735823378789e+00, 3.97779698491853709955983877734509290373e+01, 8.76155353644446731846138872795873443164e-01, 6.61242492482661003994644193702475742550e+00, 1.65192093644189170936842361806392689076e+00, 2.3944256496526187e+01, -4.0496848445754381e+01
0.63000000, 2.43886773075299597379944384363297610743e+00, -2.83668496882048496430198395640964183209e+00, 3.97772180565157189613450319277004928763e+01, 8.78311730922362971081650413800819011873e-01, 6.61134623850208314881034081819030767925e+00, 1.65247256918477115492211874948682135276e+00, 2.4342522654659607e+01, -4.0476607172394705e+01
0.63100000, 2.43981971267399786950048966828336763407e+00, -2.83578870718155206407626297619445618057e+00, 3.97764626464627128163919439131586574477e+01, 8.80469631089010606191136962305322546901e-01, 6.61026427747304997013957092270543555604e+00, 1.65302410429483191883680990681024612981e+00, 2.4743149382379980e+01, -4.0452705249169401e+01
0.63200000, 2.44077297528429018525128724227842478476e+00, -2.83488909760949504254998211130622291181e+00, 3.97757036004283631525234096029013254102e+01, 8.82629040766305422377933571307640395074e-01, 6.60917902685046862524891551542113291500e+00, 1.65357553493198724277151302816472809797e+00, 2.5146120098088816e+01, -4.0425087060341481e+01
0.63300000, 2.44172751860978444040293958291600364185e+00, -2.83398612291710990389379969678411379367e+00, 3.97749408997406357006567108167757777149e+01, 8.84789946436459975331659963581736796693e-01, 6.60809047164688132315516724387852108244e+00, 1.65412685417338756869938790901922732423e+00, 2.5551417416151797e+01, -4.0393696568466744e+01
0.63400000, 2.44268334264368578165694496646872774994e+00, -2.83307976578647747545866009416040519881e+00, 3.97741745256531796715868390710184082189e+01, 8.86952334440450998981206583747971216135e-01, 6.60699859677558034495043477032932625318e+00, 1.65467805501232389712042172998922895700e+00, 2.5959023131175072e+01, -4.0358477318609628e+01
0.63500000, 2.44364044734586676935232643022411017668e+00, -2.83217000876766409145504652578557327216e+00, 3.97734044593450571714633172359473223806e+01, 8.89116190976466827475638588071233785007e-01, 6.60590338704976559067087430891419859050e+00, 1.65522913035711427161416641256801426844e+00, 2.6368918202093491e+01, -4.0319372442828766e+01
0.63600000, 2.44459883264222964081724496904856604123e+00, -2.83125683427740617925197537685443478021e+00, 3.97726306819204737680868778162028513912e+01, 8.91281502098334520956355291470321493500e-01, 6.60480482718169359536064283486757953919e+00, 1.65578007302997308858514366338827411901e+00, 2.6781082736071138e+01, -4.0276324664939601e+01
0.63700000, 2.44555849842405681905452975457660989735e+00, -2.83034022459777851032878529575555216238e+00, 3.97718531744085102864867945653552315686e+01, 8.93448253713926379055364373256002597103e-01, 6.60370290178181792006930010623152155510e+00, 1.65633087576586292489246840565749001886e+00, 2.7195495972214685e+01, -4.0229276305561588e+01
0.63800000, 2.44651944454734942982827183114185338869e+00, -2.82942016187484587384366423539678830160e+00, 3.97710719177628559146824680573694944669e+01, 8.95616431583545520309161077119141050049e-01, 6.60259759535792082255604203671265180267e+00, 1.65688153121132856975150188893043370273e+00, 2.7612136265100155e+01, -4.0178169287457636e+01
0.63900000, 2.44748167083215358488597556219160478432e+00, -2.82849662811729792663538683430607863563e+00, 3.97702868928615427030475596265414826932e+01, 8.97786021318290199812706613000341840142e-01, 6.60148889231423611150639123509098337574e+00, 1.65743203192331294084523252626948283405e+00, 2.8030981068113847e+01, -4.0122945141173602e+01
0.64000000, 2.44844517706187418358411798942726155313e+00, -2.82756960519506696924724642638605678548e+00, 3.97694980805066815432837554916793865033e+01, 8.99957008378396531450569667983522440294e-01, 6.60037677695056308709668710163412896605e+00, 1.65798237036795455798279166144774632931e+00, 2.8452006916608293e+01, -4.0063545010985778e+01
0.64100000, 2.44940996298257597958059235109672354270e+00, -2.82663907483792839325296632665475496874e+00, 3.97687054614241997156763998639296058678e+01, 9.02129378071559274929549818010040064404e-01, 6.59926123346137146976931681551988635308e+00, 1.65853253891936624088812971831832082248e+00, 2.8875189410874235e+01, -3.9999909661164471e+01
0.64200000, 2.45037602830227165351155542597689390904e+00, -2.82570501863408354077173148609749974026e+00, 3.97679090162635800960481131425953316476e+01, 9.04303115551230341596085830326869268666e-01, 6.59814224593489721810754371531688287524e+00, 1.65908252985839469078937923485660702138e+00, 2.9300503198929769e+01, -3.9931979482561938e+01
0.64300000, 2.45134337269019662667868740445418354433e+00, -2.82476741802872471258162266683076891753e+00, 3.97671087255976021166515370954624724445e+01, 9.06478205814894666649431993921010934192e-01, 6.59701979835222913572348079654542712012e+00, 1.65963233537136060840467226122461753212e+00, 2.9727921959127951e+01, -3.9859694499533056e+01
0.64400000, 2.45231199577607034473171303814778062604e+00, -2.82382625432258205667584949280908728738e+00, 3.97663045699220845781510315370258985683e+01, 9.08654633702323088854848624367182046800e-01, 6.59589387458638616609671137175754463701e+00, 1.66018194754877899367889734214434507915e+00, 3.0157418382584276e+01, -3.9782994377197281e+01
0.64500000, 2.45328189714934375413600224190084183813e+00, -2.82288150867045206445241370749228108191e+00, 3.97654965296556304128380778213960319507e+01, 9.10832383893801872216703649705637880426e-01, 6.59476445840138527332479192126989651454e+00, 1.66073135838405926521368852160591932809e+00, 3.0588964155425651e+01, -3.9701818429050605e+01
0.64600000, 2.45425307635843268786181411212971958938e+00, -2.82193316207970739698329550157766547630e+00, 3.97646845851393735023090008048082887654e+01, 9.13011440908338497286141188579025318162e-01, 6.59363153345129980577092924531930635492e+00, 1.66128055977218482974532011975454529114e+00, 3.1022529940862590e+01, -3.9616105624936365e+01
0.64700000, 2.45522553290993687021578163884075409022e+00, -2.82098119540878775897200684678093488943e+00, 3.97638687166367276560091692163731991656e+01, 9.15191789101843342848473931724281975816e-01, 6.59249508327930823861908195014016121443e+00, 1.66182954350837172425748885056710452186e+00, 3.1458085361086565e+01, -3.9525794599383900e+01
0.64800000, 2.45619926626784424405192589582384996313e+00, -2.82002558936567153307641559933321974858e+00, 3.97630489043331378603179332731936551099e+01, 9.17373412665286871658243217517318333038e-01, 6.59135509131673319037320459072402810746e+00, 1.66237830128670594536341513039330338738e+00, 3.1895598978994610e+01, -3.9430823660324245e+01
0.64900000, 2.45717427585272031674406356320205688484e+00, -2.81906632450632788224508716663366015970e+00, 3.97622251283358339112161621312551944290e+01, 9.19556295622831926661416266378122909616e-01, 6.59021154088207060736597533061533833111e+00, 1.66292682469875907244936326834335720667e+00, 3.2335038279743448e+01, -3.9331130798192164e+01
0.65000000, 2.45815056104088221426900533772977972307e+00, -2.81810338123314902258794542905043664473e+00, 3.97613973686735865470464056436054894126e+01, 9.21740421829940736760811766912008587517e-01, 6.58906441518000900937380462384117592584e+00, 1.66347510523218178273449531087636362513e+00, 3.2776369652135604e+01, -3.9226653695424009e+01
0.65100000, 2.45912812116355712553535470400122730398e+00, -2.81713673979336236407370322786235313600e+00, 3.97605656052964662014475807736995094668e+01, 9.23925774971456223638823122145379544826e-01, 6.58791369730043868846993072449634524532e+00, 1.66402313426927484786471518261765723742e+00, 3.3219558369840169e+01, -3.9117329736361044e+01
0.65200000, 2.46010695550602481169076539570945499536e+00, -2.81616638027742221101508905164627909979e+00, 3.97597298180756045002249350813252384833e+01, 9.26112338559657193447003115964604460389e-01, 6.58675937021745075228672481020907103524e+00, 1.66457090308553719291545295371887394579e+00, 3.3664568572451066e+01, -3.9003096017568024e+01
0.65300000, 2.46108706330674384754579394660907368969e+00, -2.81519228261738070886618561389732377696e+00, 3.97588899868029586297052403504547873988e+01, 9.28300095932286989301141262592938552708e-01, 6.58560141678832590190275253822238935144e+00, 1.66511840284819058972464802613408666033e+00, 3.4111363246385890e+01, -3.8883889358576983e+01
0.65400000, 2.46206844375646125445941105396068249986e+00, -2.81421442658523771831193281038341175416e+00, 3.97580460911910787080302052627488709967e+01, 9.30489030250555172479056092636417799584e-01, 6.58443981975251283362051161392603710814e+00, 1.66566562461468054730681390948192979577e+00, 3.4559904205628598e+01, -3.8759646313066348e+01
0.65500000, 2.46305109599730517603405384031232911622e+00, -2.81323279179126929197571591455042630725e+00, 3.97571981108728782948615720249549658642e+01, 9.32679124497111792002280126362480909974e-01, 6.58327456173059615295797347343925286570e+00, 1.66621255933115295270613445703685321455e+00, 3.5010152072319558e+01, -3.8630303180485648e+01
0.65600000, 2.46403501912186023976086779802254410917e+00, -2.81224735768233442330459135778483840130e+00, 3.97563460254014081791130057500497038416e+01, 9.34870361473993793887863647007992985964e-01, 6.58210562522325368824203599778389750638e+00, 1.66675919783090600602500400354554806179e+00, 3.5462066257196689e+01, -3.8495796018136245e+01
0.65700000, 2.46502021217222523933236855956694043098e+00, -2.81125810354015973131067514100294690326e+00, 3.97554898142496335885905521305495925465e+01, 9.37062723800543112778276967314740015226e-01, 6.58093299261020309026572756812615160756e+00, 1.66730553083281698350805166293634698146e+00, 3.5915604939891676e+01, -3.8356060653718687e+01
0.65800000, 2.46600667413905276369381828219486514375e+00, -2.81026500847960173884905629680903988489e+00, 3.97546294568102149698191154235775664629e+01, 9.39256193911295979891342576158782026332e-01, 6.57975664614913760355452712215449176290e+00, 1.66785154893974335246406477417860665805e+00, 3.6370725049085463e+01, -3.8211032698357429e+01
0.65900000, 2.46699440396057039002962331188458052957e+00, -2.80926805144688639599476749963025575978e+00, 3.97537649323952924908612187022090477317e+01, 9.41450754053842972273648231543953037469e-01, 6.57857656797465089388157112761781405774e+00, 1.66839724263689775146273534362304510955e+00, 3.6827382242527514e+01, -3.8060647560113827e+01
0.66000000, 2.46798340052158304877027090609380319523e+00, -2.80826721121782549384125748778191450711e+00, 3.97528962202362744246005173178181648152e+01, 9.43646386286659319185222901928860760877e-01, 6.57739274009715081577795464050562986870e+00, 1.66894260229019633864298261233727367052e+00, 3.7285530886923575e+01, -3.7904840457998481e+01
0.66100000, 2.46897366265245615935176568430401942930e+00, -2.80726246639600960767781771001240974482e+00, 3.97520232994836295747705573334910408560e+01, 9.45843072476904972085512120028812971942e-01, 6.57620514440176200290400779698258936453e+00, 1.66948761814458000010773323332786777750e+00, 3.7745124037696951e+01, -3.7743546436494145e+01
0.66200000, 2.46996518912807912585600638048067471357e+00, -2.80625379541097720201081128384273202345e+00, 3.97511461492066839119636687575803918674e+01, 9.48040794298193935125846049990852142890e-01, 6.57501376264721716328161180801403397344e+00, 1.67003228032230789924923204553369983714e+00, 3.8206113418628587e+01, -3.7576700380600595e+01
0.66300000, 2.47095797866680877179963020730038702674e+00, -2.80524117651635952327056786833963848493e+00, 3.97502647483934215919603825278176833058e+01, 9.50239533228332343276492157062532372662e-01, 6.57381857646473696053764602776814425995e+00, 1.67057657882122283644175335546814703305e+00, 3.8668449401381533e+01, -3.7404237031412987e+01
0.66400000, 2.47195202992939228321287165130052714200e+00, -2.80422458778800089928961319465284376991e+00, 3.97493790759502905339812484813814973532e+01, 9.52439270547024765221721933145277002610e-01, 6.57261956735689836147593493485008235428e+00, 1.67112050351298787684729799645310803339e+00, 3.9132080984915691e+01, -3.7226091002245410e+01
0.66500000, 2.47294734151786921875100809548506569913e+00, -2.80320400712205405774560309980014816496e+00, 3.97484891107020127418854676023481005818e+01, 9.54639987333548197938647826666951899030e-01, 6.57141671669649132948106787273228224334e+00, 1.67166404414129369209657123465664449361e+00, 3.9596955774799011e+01, -3.7042196795311470e+01
0.66600000, 2.47394391197445213490080783683935108972e+00, -2.80217941223305006873097052218316795874e+00, 3.97475948313913995569295712035251476614e+01, 9.56841664464393209429301077096606789499e-01, 6.57021000572536374246374751123595675153e+00, 1.67220719032003604932407179790277777810e+00, 4.0063019962421667e+01, -3.6852488818973919e+01
0.66700000, 2.47494173978038536337459710781494162280e+00, -2.80115078065194250943784544748133825662e+00, 3.97466962166791720364599015419558191297e+01, 9.59044282610871675394766255606880888112e-01, 6.56899941555325441328551654633839687353e+00, 1.67274993153146286844406052034477368292e+00, 4.0530218304120048e+01, -3.6656901405575479e+01
0.66800000, 2.47594082335478146651638079869053812239e+00, -2.80011808972412544162818013004633634879e+00, 3.97457932451437866588504824538810492241e+01, 9.61247822236690544719245866454560533689e-01, 6.56778492715661408985253018344986859822e+00, 1.67329225712429025564483392697191847980e+00, 4.0998494100217739e+01, -3.6455368829863158e+01
0.66900000, 2.47694116105343488496885454246582025406e+00, -2.79908131660742478509204403846171848345e+00, 3.97448858952812665611188225513925576364e+01, 9.63452263595491057464614568516486035189e-01, 6.56656652137741431134528509951915671719e+00, 1.67383415631178690784314817446950636063e+00, 4.1467789173991023e+01, -3.6247825328018506e+01
0.67000000, 2.47794275116761227995779950140936626595e+00, -2.79804043827006266267851354938920673536e+00, 3.97439741455050385219622803901298883668e+01, 9.65657586728352827656082855474912411058e-01, 6.56534417892194399635577522336273851737e+00, 1.67437561816982626926958652180820464459e+00, 4.1938043850566806e+01, -3.6034205117306423e+01
0.67100000, 2.47894559192281906033160835131849150815e+00, -2.79699543148859428471016736714799450016e+00, 3.97430579741457759094630671198295345615e+01, 9.67863771461262191460593788646678612856e-01, 6.56411788035959363803740720566454050232e+00, 1.67491663163490580743961344536012941577e+00, 4.2409196935761211e+01, -3.5814442416355222e+01
0.67200000, 2.47994968147754157193857977697165151798e+00, -2.79594627284581693266053372728210409968e+00, 3.97421373594512478194172152709025423464e+01, 9.70070797402544209414911574267676261742e-01, 6.56288760612162698073825979498284032133e+00, 1.67545718550213276149418527875372400047e+00, 4.2881185694867499e+01, -3.5588471466080854e+01
0.67300000, 2.48095501792196441402283088707229721898e+00, -2.79489293872865059388046877312493804538e+00, 3.97412122795861746371585803286268629679e+01, 9.72278643940257699143228350674610035662e-01, 6.56165333649994005198710167428386403416e+00, 1.67599726842317570125795523121047626778e+00, 4.3353945831402353e+01, -3.5356226551268287e+01
0.67400000, 2.48196159927666233406055492192769325320e+00, -2.79383540532598979090085010742509342547e+00, 3.97402827126320902628800813262090633958e+01, 9.74487290239552662507523619300633752742e-01, 6.56041505164580742313629103308032398337e+00, 1.67653686890418122035186318275336587320e+00, 4.3827411465819985e+01, -3.5117642022823185e+01
0.67500000, 2.48296942349126613883087606795398630457e+00, -2.79277364862652614041154088498098201283e+00, 3.97393486365872112478080927426628112504e+01, 9.76696715239989458350668646534282020109e-01, 6.55917273156861557143868104332909977924e+00, 1.67707597530365507129944893917576326104e+00, 4.4301515114203904e+01, -3.4872652320707163e+01
0.67600000, 2.48397848844310204550832924122056246193e+00, -2.79170764441654116841663434867293991532e+00, 3.97384100293663130961695952366490000874e+01, 9.78906897652819058914980247654355061020e-01, 6.55792635613458321584948210796994991033e+00, 1.67761457583030703477143903133027213223e+00, 4.4776187666946682e+01, -3.4621191997570016e+01
0.67700000, 2.48498879193580388216523597947064963206e+00, -2.79063736827766889928976230467124574122e+00, 3.97374668688006139957130677787872142721e+01, 9.81117815958223714639987661414213747189e-01, 6.55667590506546849840134344762849909251e+00, 1.67815265854085879890954320945644554408e+00, 4.5251358367428419e+01, -3.4363195743092434e+01
0.67800000, 2.48600033169789753226976959374859660435e+00, -2.78956279558462772749689753373684249081e+00, 3.97365191326376662476111275215526843162e+01, 9.83329448402517338354757817746109184665e-01, 6.55542135793726288260450401066120687965e+00, 1.67869021133781410804610073301267311912e+00, 4.5726954790705144e+01, -3.4098598409052837e+01
0.67900000, 2.48701310538135700254669566189503416657e+00, -2.78848390150292107161366986170568894648e+00, 3.97355667985412556748938545175408516034e+01, 9.85541772995304905874178519924288645606e-01, 6.55416269417887163997665437769706076709e+00, 1.67922722196719042307900030384710757712e+00, 4.6202902822218780e+01, -3.3827335035132083e+01
0.68000000, 2.48802711056013147791959483390767798856e+00, -2.78740066098650630093573384588675456644e+00, 3.97346098440913092971451350959513550805e+01, 9.87754767506600155676844434495171523746e-01, 6.55289989307078079551222022752474634242e+00, 1.67976367801621131825852816919253701946e+00, 4.6679126636540855e+01, -3.3549340875469882e+01
0.68100000, 2.48904234472864271116232917431460391909e+00, -2.78631304877543141546007152247595423772e+00, 3.97336482467838115680490918259539759901e+01, 9.89968409463900855676106752295298004419e-01, 6.55163293374371040266134828607642016173e+00, 1.68029956691095882118143488965786427706e+00, 4.7155548676162590e+01, -3.3264551425986886e+01
0.68200000, 2.49005880530025207833963751495915641453e+00, -2.78522103939343895029809711873994312762e+00, 3.97326819840307294815089359720568029552e+01, 9.92182676149220890086666784854019756450e-01, 6.55036179517725401820833029458263125018e+00, 1.68083487591398488435408757458862741428e+00, 4.7632089630344515e+01, -3.2972902452486473e+01
0.68300000, 2.49107648960569661409758950415621625669e+00, -2.78412460714553656566377325661273578211e+00, 3.97317110331599468614859144812798347923e+01, 9.94397544596078404027795029768340705185e-01, 6.54908645619850424732108835825072525746e+00, 1.68136959212188115776718767219747454908e+00, 4.8108668414039315e+01, -3.2674330019550377e+01
0.68400000, 2.49209539489149332335923691989169885245e+00, -2.78302372611553377345728015389947855881e+00, 3.97307353714152081604313134713679881203e+01, 9.96612991586439227781556370657339488691e-01, 6.54780689548066422899138915078080366346e+00, 1.68190370246280621250482720886708017110e+00, 4.8585202146902099e+01, -3.2368770520242355e+01
0.68500000, 2.49311551831831104797369441626740014230e+00, -2.78191837016354424113263838988186918798e+00, 3.97297549759560721012199749412153019367e+01, 9.98828993647614786530764302926249005830e-01, 6.54652309154164493210356042504996122663e+00, 1.68243719369396934547580085210424926838e+00, 4.9061606132402890e+01, -3.2056160706634181e+01
0.68600000, 2.49413685695930914834203539142087794785e+00, -2.78080851292345310299151575088586950940e+00, 3.97287698238578755078501140825723304300e+01, 1.00104552704911368492693825949979640819e+00, 6.54523502274264813246174796573609642997e+00, 1.68297005239907007488977214727257122737e+00, 4.9537793837056659e+01, -3.1736437721168307e+01
0.68700000, 2.49515940779844224098421139979795354157e+00, -2.77969412780034869828059797036981597733e+00, 3.97277798921117076808624175772576170229e+01, 1.00326256779944613897317585067650535570e+00, 6.54394266728673494127647185960353022754e+00, 1.68350226498569241508928964308597673943e+00, 5.0013676869786841e+01, -3.1409539128871595e+01
0.68800000, 2.49618316772873021340051694760345461645e+00, -2.77857518796791814448162354253790422287e+00, 3.97267851576243956844628963853640150837e+01, 1.00548009164288041044015626467802630772e+00, 6.54264600321737975586492526814424829934e+00, 1.68403381768265299777441904648081423930e+00, 5.0489164961438845e+01, -3.1075402950434567e+01
0.68900000, 2.49720813355049271740113638108545397169e+00, -2.77745166636580614296662781587457283596e+00, 3.97257855972185009237206255326315383179e+01, 1.00769807405615038135473535630970229479e+00, 6.54134500841700950366083460775346363232e+00, 1.68456469653730208450301546775202279337e+00, 5.0964165944460711e+01, -3.0733967696170645e+01
0.69000000, 2.49823430196954732130960215563902320997e+00, -2.77632353569693640274116540849556250390e+00, 3.97247811876323274019656394519189605911e+01, 1.00991649024511338799873341619104610131e+00, 6.54003966060552805106372600968033804306e+00, 1.68509488741277649259895765886321864414e+00, 5.1438585732768673e+01, -3.0385172400869916e+01
0.69100000, 2.49926166959537048007148094859781170153e+00, -2.77519076842479505631023603113424813960e+00, 3.97237719055199420606466392524164853166e+01, 1.01213531514135741531918259945528762183e+00, 6.53872993733882564918932017145612225911e+00, 1.68562437598520343323497377736198229645e+00, 5.1912328301816045e+01, -3.0028956659561925e+01
0.69200000, 2.50029023293922046029851747240469117258e+00, -2.77405333677067542977017846723646859578e+00, 3.97227577274512076164360651451643718194e+01, 1.01435452339875673366878431122372912616e+00, 6.53741581600727328921796119976542374278e+00, 1.68615314774085423645737155561908863060e+00, 5.2385295668884517e+01, -2.9665260664202041e+01
0.69300000, 2.50131998841222133463032480070253306366e+00, -2.77291121271088351704966897637224422837e+00, 3.97217386299118283233052527581703858753e+01, 1.01657408938997504035457089018039039600e+00, 6.53609727383420184078219605982856472619e+00, 1.68668118797324691326778458608346780745e+00, 5.2857387873617613e+01, -2.9294025241295924e+01
0.69400000, 2.50235093232340713647929342784365911526e+00, -2.77176436797390349578880768599599170525e+00, 3.97207145893034091006491088869076390838e+01, 1.01879398720291514856135441236611739335e+00, 6.53477428787436584769386034150166629249e+00, 1.68720848178019647955205122881832922263e+00, 5.3328502958816768e+01, -2.8915191890476589e+01
0.69500000, 2.50338306087772524221770819060342475070e+00, -2.77061277403752260965163818634781179852e+00, 3.97196855819435284823328376681004623523e+01, 1.02101419063711424582169072921202439143e+00, 6.53344683501239185629158668482324219977e+00, 1.68773501406081194062797055252287120910e+00, 5.3798536951521207e+01, -2.8528702824048552e+01
0.69600000, 2.50441637017399802314632113505216624963e+00, -2.76945640212591472890875377606504499882e+00, 3.97186515840658258557781168109814481843e+01, 1.02323467320008372331261793723607430007e+00, 6.53211489196121115279813505842546942708e+00, 1.68826076951243880845064952100903016882e+00, 5.4267383844393506e+01, -2.8134501007513478e+01
0.69700000, 2.50545085620284178412720546203687106204e+00, -2.76829522320668188789722362909788892789e+00, 3.97176125718201034749187508025912201222e+01, 1.02545540810359255585777846381922967941e+00, 6.53077843526047678732027210368657863676e+00, 1.68878573262754599604446172627449284236e+00, 5.4734935577433511e+01, -2.7732530201091706e+01
0.69800000, 2.50648651484454197954612100014072929594e+00, -2.76712920798785308445914055973718440936e+00, 3.97165685212724437460528148819223102702e+01, 1.02767636825989319058772718117499499872e+00, 6.52943744127496476350936097849288172194e+00, 1.68930988769055590550152325218938492887e+00, 5.5201082020044012e+01, -2.7322735002253937e+01
0.69900000, 2.50752334186688367026546467513116117319e+00, -2.76595832691483961267175735069693355434e+00, 3.97155194084053423013168923270639520727e+01, 1.02989752627788887974686663667208448596e+00, 6.52809188619295927443597929131170332357e+00, 1.68983321877461649687451894968363447071e+00, 5.5665710953472395e+01, -2.6905060889277277e+01
0.70000000, 2.50856133292293615741183250446192256160e+00, -2.76478255016734618610543982513390415023e+00, 3.97144652091178573907261087708037590092e+01, 1.03211885445924137011770087177147958473e+00, 6.52674174602462186692474871461088479039e+00, 1.69035570973831409547233669972558602245e+00, 5.6128708053653265e+01, -2.6479454265839740e+01
0.70100000, 2.50960048354879070018497999543259869652e+00, -2.76360184765623709447441135561845076495e+00, 3.97134058992257761404798878694965487715e+01, 1.03434032479441783794667740664824449346e+00, 6.52538699660034441845451414962822269964e+00, 1.69087734422232566441510272836082301503e+00, 5.6589956874477873e+01, -2.6045862506667165e+01
0.70200000, 2.51064078916125019534921797642829112880e+00, -2.76241618902035662187327472530436354324e+00, 3.97123414544617982425470256590055788093e+01, 1.03656190895867593408504376162303766759e+00, 6.52402761356908581276284117360970461076e+00, 1.69139810564600923779480090999048094651e+00, 5.7049338831517017e+01, -2.5604234004246360e+01
0.70300000, 2.51168224505546966564464719555131614270e+00, -2.76122554362330293981324253378070557012e+00, 3.97112718504757376584348960816796330121e+01, 1.03878357830798577928665098135391962232e+00, 6.52266357239669220251172638277400682522e+00, 1.69191797720393117739174191400110717150e+00, 5.7506733186224956e+01, -2.5154518216618136e+01
0.70400000, 2.51272484640254637300364441628105731842e+00, -2.76002988055015467297944601204971560741e+00, 3.97101970628347429385372362371174251548e+01, 1.04100530387488772421576643058171113075e+00, 6.52129484836420074978310610891986113210e+00, 1.69243694186232888258782365301328168172e+00, 5.7962017030652716e+01, -2.4696665716263686e+01
0.70500000, 2.51376858824705834014604755245170464096e+00, -2.75882916860414932001807377168062994516e+00, 3.97091170670235367775647184587121257868e+01, 1.04322705636428466269447344323086264655e+00, 6.51992141656612673778834877178221078490e+00, 1.69295498235550754886591745858464164988e+00, 5.8415065272700125e+01, -2.4230628240097579e+01
0.70600000, 2.51481346550455003082173811345562104341e+00, -2.75762337630331269572275698395391271533e+00, 3.97080318384446754463149570093256812340e+01, 1.04544880614916766004336845267803267555e+00, 6.51854325190873395000606638066716715097e+00, 1.69347208118216953506093703634436344890e+00, 5.8865750621936780e+01, -2.3756358740580402e+01
0.70700000, 2.51585947295896390463773520203004648941e+00, -2.75641247187703854471679752220711660195e+00, 3.97069413524188287604571747456543886016e+01, 1.04767052326627363102270208537876904499e+00, 6.51716032910828821601844544161640351374e+00, 1.69398822060167486330126045093721144009e+00, 5.9313943576023098e+01, -2.3273811437963812e+01
0.70800000, 2.51690660526001652701315310449047632789e+00, -2.75519642326261746011465485884938634426e+00, 3.97058455841850812681158579956679172569e+01, 1.04989217741167377384496910734437751414e+00, 6.51577262268929402660958942685555242947e+00, 1.69450338263023133831714806438495084250e+00, 5.9759512407763580e+01, -2.2782941873680527e+01
0.70900000, 2.51795485692051787831274406707505160208e+00, -2.75397519810171422368558378095517370389e+00, 3.97047445089012553598627188577831173473e+01, 1.05211373793629143798476866642685644057e+00, 6.51438010698271412423237286885093085899e+00, 1.69501754903701273446246604991685208277e+00, 6.0202323152825363e+01, -2.2283706964891431e+01
0.71000000, 2.51900422231363246858015607775745925750e+00, -2.75274876373679266672736125220954946744e+00, 3.97036381016442570272935425665499345741e+01, 1.05433517384134807403746293453571334325e+00, 6.51298275612417197875592506680082580899e+00, 1.69553070134020345936304189586324870008e+00, 6.0642239598156140e+01, -2.1776065060201683e+01
0.71100000, 2.52005469567008082548592733650782208299e+00, -2.75151708720748713318146704044952486287e+00, 3.97025263374104450197034639715246426482e+01, 1.05655645377373588365406718884235774615e+00, 6.51158054405213706248761903707141896277e+00, 1.69604282080296806253377678902667808020e+00, 6.1079123271136552e+01, -2.1259975996557331e+01
0.71200000, 2.52110627107527988308153597946326582431e+00, -2.75028013524691960847559837845974592468e+00, 3.97014091911160241725094396574298653968e+01, 1.05877754602131575658457107890292757143e+00, 6.51017344450609284283553621275186022073e+00, 1.69655388842934391556037907680319696568e+00, 6.1512833429503175e+01, -2.0735401157333578e+01
0.71300000, 2.52215894246642075766685884929859259275e+00, -2.74903787427796155915761517786889054391e+00, 3.97002866375974637060318652728666797055e+01, 1.06099841850813905007351653558556404956e+00, 6.50876143102468741565470866143909733615e+00, 1.69706388496005534748209986949237504713e+00, 6.1943227052079288e+01, -2.0202303531625397e+01
0.71400000, 2.52321270362948235448984449881652597438e+00, -2.74779027040943950957944538426361130595e+00, 3.96991586516119413190693431497785981478e+01, 1.06321903878959173324745108202859991273e+00, 6.50734447694386670731864468886520972300e+00, 1.69757279086824747479960840080711909772e+00, 6.2370158830351670e+01, -1.9660647774750765e+01
0.71500000, 2.52426754819617920505802492744051203319e+00, -2.74653728943228336269255463134644840845e+00, 3.96980252078378139284137061709944645354e+01, 1.06543937404745938569043301888076720544e+00, 6.50592255539499017889313189492945878990e+00, 1.69808058635513792002617420428126693516e+00, 6.2793481160932783e+01, -1.9110400269976320e+01
0.71600000, 2.52532346964084188950382960372985465864e+00, -2.74527889681561645242063758740210910450e+00, 3.96968862808751159330900400344415260307e+01, 1.06765939108491150509694814491313996603e+00, 6.50449563930292897147930968280273445095e+00, 1.69858725134558456585817300080549115371e+00, 6.3213044138948799e+01, -1.8551529191474691e+01
0.71700000, 2.52638046127722835165979871563411453177e+00, -2.74401505770278629507247447758407107994e+00, 3.96957418452460859107034834155645611051e+01, 1.06987905632140354369650686307775299285e+00, 6.50306370138414643785559256551666639831e+00, 1.69909276548356744381860609671823274554e+00, 6.3628695552395051e+01, -1.7984004568522240e+01
0.71800000, 2.52743851625526436621403675657164093358e+00, -2.74274573690733498684059155512238260337e+00, 3.96945918753957226828673274522564067596e+01, 1.07209833578749505703514001529546200521e+00, 6.50162671414476101200218799767255730759e+00, 1.69959710812758280657921514792407873011e+00, 6.4040280877501662e+01, -1.7407798350945349e+01
0.71900000, 2.52849762755771136747687606098691361368e+00, -2.74147089890890817359157304715230554802e+00, 3.96934363456923717173131881178429920057e+01, 1.07431719511958231164950309694406374296e+00, 6.50018464987859137495761575626524598740e+00, 1.70010025834594738204561043131345345028e+00, 6.4447643275153262e+01, -1.6822884475822766e+01
0.72000000, 2.52955778799675979784087469849687179149e+00, -2.74019050784910149788363294787774012724e+00, 3.96922752304283428659831631377710834477e+01, 1.07653559955454366015199283378328790712e+00, 6.49873748066518388275472301897529807040e+00, 1.70060219491201075464659811518434872430e+00, 6.4850623588407869e+01, -1.6229238935450853e+01
0.72100000, 2.53061899021054608089987162652328553317e+00, -2.73890452752724340643834816169254811389e+00, 3.96911085038205604712169261288576088385e+01, 1.07875351392429595323196989759287188221e+00, 6.49728517836782222993616964733640681439e+00, 1.70110289629927376505276884685645467954e+00, 6.5249060341161277e+01, -1.5626839846577888e+01
0.72200000, 2.53168122665959126934845969216281415978e+00, -2.73761292139611317913820964736718741879e+00, 3.96899361400112469061163875142868675187e+01, 1.08097090265026021803976098924008002453e+00, 6.49582771463151933037930193151072495165e+00, 1.70160234067641076370769300197137032307e+00, 6.5642789738004439e+01, -1.5015667520912797e+01
0.72300000, 2.53274448962315936114808556451838195892e+00, -2.73631565255759301801175351987403502381e+00, 3.96887581130686406503413917197175273639e+01, 1.08318772973773479132654808570630520929e+00, 6.49436506088099140589196832348373171844e+00, 1.70210050590219349603309570777233981498e+00, 6.6031645665322648e+01, -1.4395704536912934e+01
0.72400000, 2.53380877119553321895468576897932846465e+00, -2.73501268375825301159534586043530543892e+00, 3.96875743969877500390083269892235113294e+01, 1.08540395877017405353354748019085274045e+00, 6.49289718831861428229960394929458224844e+00, 1.70259736952031433791045774336183337146e+00, 6.6415459693686523e+01, -1.3766935812854649e+01
0.72500000, 2.53487406328220596738731764775189860637e+00, -2.73370397738486776651704859276369509650e+00, 3.96863849656911438600778646244681761679e+01, 1.08761955290337086672604851549545701780e+00, 6.49142406792236190255655045632787801709e+00, 1.70309290875410653898678563112401459872e+00, 6.6794061081586129e+01, -1.3129348681189513e+01
0.72600000, 2.53594035759598568030688096137466620873e+00, -2.73238949545986347412521541257053905118e+00, 3.96851897930297800146787389373789810597e+01, 1.08983447485954077481890701091798260917e+00, 6.48994567044372707680916177338227038726e+00, 1.70358710050115906844078604023763748630e+00, 6.7167276780560810e+01, -1.2482932964188146e+01
0.72700000, 2.53700764565301110579510421540089499842e+00, -2.73106919963669415547438656702347020112e+00, 3.96839888527838734952740969994123307431e+01, 1.09204868692130597890589493469961626459e+00, 6.48846196640562450034427257879618292189e+00, 1.70407992132782359301403674575993831953e+00, 6.7534931441778661e+01, -1.1827681050872566e+01
0.72800000, 2.53807591876867610989983131143811162754e+00, -2.72974305119514580297551771691387056468e+00, 3.96827821186638049784903066042926347600e+01, 1.09426215092557705365072153327629950293e+00, 6.48697292610027608200506769394824586789e+00, 1.70457134746361105029424477706314994959e+00, 6.7896847424120863e+01, -1.1163587975236953e+01
0.72900000, 2.53914516805346045136348242117516682984e+00, -2.72841101103656711150847361675564735900e+00, 3.96815695643110713728523840493952854248e+01, 1.09647482825733032258625212898855497029e+00, 6.48547851958707863797985438709202035518e+00, 1.70506135479547521136610383893521245227e+00, 6.8252844803827452e+01, -1.0490651495755638e+01
0.73000000, 2.54021538440866442839428157815085244985e+00, -2.72707303967902546577397553533232493155e+00, 3.96803511632992797066650272499692567933e+01, 1.09868667984327876076297520169507749813e+00, 6.48397871669045401890193045061088094907e+00, 1.70554991886198055594879135025077781013e+00, 6.8602741385762456e+01, -9.8088721761759315e+00
0.73100000, 2.54128655852204486498790666182720253348e+00, -2.72572909725238682412181578678989431630e+00, 3.96791268891351857879058318649030958022e+01, 1.10089766614543424244940798114945036602e+00, 6.48247348699768175197662947483598448891e+00, 1.70603701484735170994425765039672503400e+00, 6.8946352716357674e+01, -9.1182534675922080e+00
0.73200000, 2.54235868086334982827049380160698186760e+00, -2.72437914349331811202423747987751383186e+00, 3.96778967152597791163225488053124963974e+01, 1.10310774715455889947593167742270390125e+00, 6.48096279985671429441252051669143362079e+00, 1.70652261757540161985081306643483394466e+00, 6.9283492098295777e+01, -8.4188017917963970e+00
0.73300000, 2.54343174167974938971852640586329733073e+00, -2.72302313774021071076012945449878520363e+00, 3.96766606150494155780169620818937842044e+01, 1.10531688238350330228825713839918783463e+00, 6.47944662437397500981738927244829447905e+00, 1.70700670150333556067283077819503287135e+00, 6.9613970606994783e+01, -7.7105266258986515e+00
0.73400000, 2.54450573099115966181923530720630129282e+00, -2.72166103892802359872944934704241881909e+00, 3.96754185618169995047248438675236096385e+01, 1.10752503086042912079474465864654718880e+00, 6.47792492941213899546782023392273929779e+00, 1.70748924071542799369730997606907613855e+00, 6.9937597108957348e+01, -6.9934405882105855e+00
0.73500000, 2.54558063858545725766479376992977236203e+00, -2.72029280558304467412056944978818402488e+00, 3.96741705288132167338383044260868106251e+01, 1.10973215112191386560915356494139216972e+00, 6.47639768358789690551787380331636775152e+00, 1.70797020891656920772604711783805897781e+00, 7.0254178282049757e+01, -6.2675595253819763e+00
0.73600000, 2.54665645401358123401856860841501589331e+00, -2.71891839581756875839874062250511018600e+00, 3.96729164892278203610407811741903573254e+01, 1.11193820120593525226165752912966530176e+00, 6.47486485526970193332371620195335002734e+00, 1.70844957942567859195937702727545815045e+00, 7.0563518637776867e+01, -5.5329026007802833e+00
0.73700000, 2.54773316658451948844124236621522307324e+00, -2.71753776732449075026451289450684507301e+00, 3.96716564161909709353164012684856787259e+01, 1.11414313864473267132922452202967487426e+00, 6.47332641257550013517571094029347048535e+00, 1.70892732516898130063153336565046839023e+00, 7.0865420545620717e+01, -4.7894923841007091e+00
0.73800000, 2.54881076536017648800329415742901416438e+00, -2.71615087737181236933991930213212249316e+00, 3.96703902827746329061385835732993317371e+01, 1.11634692045754318617328423446742988414e+00, 6.47178232337044429789853677410294787569e+00, 1.70940341867314497860268356934744602199e+00, 7.1159684259511925e+01, -4.0373549421928315e+00
0.73900000, 2.54988923915011911081772738883835515829e+00, -2.71475768279706089787099842517204688764e+00, 3.96691180619940291949253508491408596536e+01, 1.11854950314320941701796071793015669382e+00, 6.47023255526459157405713454212728376300e+00, 1.70987783205827312331888572084783618522e+00, 7.1446107946504417e+01, -3.2765199310880570e+00
0.74000000, 2.55096857650619728197750463415098575397e+00, -2.71335814000161829718161230322305220210e+00, 3.96678397268091558274626715001431660217e+01, 1.12075084267265660540436167456562192954e+00, 6.46867707561058513094828355092629055555e+00, 1.71035053703075156175492532026958110305e+00, 7.1724487717725488e+01, -2.5070206892102891e+00
0.74100000, 2.55204876571703598234492765812305811125e+00, -2.71195220494495904346969944709294303647e+00, 3.96665552501263586310381432136290709662e+01, 1.12295089448123608656211780184432180767e+00, 6.46711585150132008322390406397197277786e+00, 1.71082150487594442104844167217994747989e+00, 7.1994617661674608e+01, -1.7288943317502632e+00
0.74200000, 2.55312979480239510187855275508044723762e+00, -2.71053983313879499479770232355453086702e+00, 3.96652646047999740695957038249002461072e+01, 1.12514961346093232889342954188306550290e+00, 6.46554884976759400394543305185802006638e+00, 1.71129070645073586840488304725843137797e+00, 7.2256289879945812e+01, -9.4218184618197433e-01
0.74300000, 2.55421165150739349865459198458152915817e+00, -2.70912097964112556778901607121559188852e+00, 3.96639677636340363624225922181481783772e+01, 1.12734695395243062951036273515807168339e+00, 6.46397603697574233517477551100514177426e+00, 1.71175811217591378938509980264644767618e+00, 7.2509294525449961e+01, -1.4692818889750930e-01
0.74400000, 2.55529432329659351029533493772131382500e+00, -2.70769559905019146859754286400713235187e+00, 3.96626646993840531068220434716986372392e+01, 1.12954286973704248254422036176541246120e+00, 6.46239737942525904693581860336502649160e+00, 1.71222369202839146375958882422747903253e+00, 7.2753419843214562e+01, 6.5681761706561356e-01
0.74500000, 2.55637779734794204600163205005687096987e+00, -2.70626364549833018816401806365715449854e+00, 3.96613553847588517030237604178339321769e+01, 1.13173731402848556269574576204798052888e+00, 6.46081284314640292260440469593624283777e+00, 1.71268741553326318459946022717331080986e+00, 7.2988452213840254e+01, 1.4690023832327905e+00
0.74600000, 2.55746206054656426463777734466194423913e+00, -2.70482507264573143660756975290309027112e+00, 3.96600397924224989603588953485702176925e+01, 1.13393023946451519015391868816901959617e+00, 6.45922239389778987958095993456908181419e+00, 1.71314925175568964904293832220865788315e+00, 7.3214176199694471e+01, 2.2895686558669565e+00
0.74700000, 2.55854709947840571716592308664389405882e+00, -2.70337983367409065582157787827654627751e+00, 3.96587178949962963476024670817030790968e+01, 1.13612159809840406451435124233045889577e+00, 6.45762599716397176654972600500503980655e+00, 1.71360916929260882809114933178753551646e+00, 7.3430374593924176e+01, 3.1184546151425754e+00
0.74800000, 2.55963290042371869999664969522925922766e+00, -2.70192788128015871294770993808283596274e+00, 3.96573896650608534374950050416398798390e+01, 1.13831134139026697460879542358615220129e+00, 6.45602361815300211281712393991221272272e+00, 1.71406713626426789770605407892166389420e+00, 7.3636828472370938e+01, 3.9555939733546806e+00
0.74900000, 2.56071944935038842932782498263859883230e+00, -2.70046916766918584039030698568506223335e+00, 3.96560550751582421859340319684811823173e+01, 1.14049942019822710814584242217331654320e+00, 6.45441522179398934123913485726102684273e+00, 1.71452312030557168425882347445588743260e+00, 7.3833317248472979e+01, 4.8009158722013559e+00
0.75000000, 2.56180673190709450509248028443515338744e+00, -2.69900364454825785040532827665898867116e+00, 3.96547140977942347803184635549097100074e+01, 1.14268578476942049968804253104721712309e+00, 6.45280077273463799418848152144660107547e+00, 1.71497708855724294385484031038098565210e+00, 7.4019618731240142e+01, 5.6543447791808590e+00
0.75100000, 2.56289473341630298652650319796435678321e+00, -2.69753126311952261405515379354550463957e+00, 3.96533667054406278891855529857963493321e+01, 1.14487038473083506767855595935050866802e+00, 6.45118023533877856197670255061189249607e+00, 1.71542900765678965708162676758822313527e+00, 7.4195509186389055e+01, 6.5158003831475073e+00
0.75200000, 2.56398343886708424938779814042352863261e+00, -2.69605197407330475546517995145973083302e+00, 3.96520128705376562467581670697737021900e+01, 1.14705316907998060090476894827632018762e+00, 6.44955357368388654523918260732734936429e+00, 1.71587884372927437812151434521886739189e+00, 7.4360763400727026e+01, 7.3851974890734906e+00
0.75300000, 2.56507283290775163728995101261915719839e+00, -2.69456572758110647285409548250746951780e+00, 3.96506525654964986114849304129597080049e+01, 1.14923408617538596186826369377866953888e+00, 6.44792075155859142712378903304850727036e+00, 1.71632656237788052976805105646032004532e+00, 7.4515154749874467e+01, 8.2624459120669223e+00
0.75400000, 2.56616289983831575622508500938348362350e+00, -2.69307247328849235774216429570587579180e+00, 3.96492857627018792472799396460364244336e+01, 1.15141308372691967893869663087085733556e+00, 6.44628173246017627781294508268836938000e+00, 1.71677212867427038350301402467523019132e+00, 7.4658455269416852e+01, 9.1474503706997175e+00
0.75500000, 2.56725362360274909190171946459946367584e+00, -2.69157216030785604307747450935213682705e+00, 3.96479124345147681901334072412397453889e+01, 1.15359010878593000081940942640643912099e+00, 6.44463647959206876307809178424027433999e+00, 1.71721550714872930624094446790863666263e+00, 7.4790435729578390e+01, 1.0040110379702286e+01
0.75600000, 2.56834498778105545376219833510492067646e+00, -2.69006473721106646976731475093058601887e+00, 3.96465325532751836812595034040807967264e+01, 1.15576510773520038565808513098364343041e+00, 6.44298495586132438034464589314025387469e+00, 1.71765666178009069243392803771269048651e+00, 7.4910865713510709e+01, 1.0940320142085545e+01
0.75700000, 2.56943697558113856720718469789333242523e+00, -2.68855015202199151927081108638989575440e+00, 3.96451460913051002711717241819070361753e+01, 1.15793802627871629300671641641786560706e+00, 6.44132712387610280027197568934387887553e+00, 1.71809555598543583174622728802419959132e+00, 7.5019513699290957e+01, 1.1847968440754422e+01
0.75800000, 2.57052956983046394636616835453529477503e+00, -2.68702835220889671751188907173988943197e+00, 3.96437530209114662272378461200197229037e+01, 1.16010880943123903967886374145211121136e+00, 6.43966294594313824927136504232668592642e+00, 1.71853215260956278824301461589600081801e+00, 7.5116147145724715e+01, 1.2762938529680786e+01
0.75900000, 2.57162275296750798342443064338526253108e+00, -2.68549928467671667242286821403221053282e+00, 3.96423533143893340105845873865182095019e+01, 1.16227740150768237027288707106916448548e+00, 6.43799238406520492884818760432034776164e+00, 1.71896641391421818676749365796427902040e+00, 7.5200532582050127e+01, 1.3685108024707678e+01
0.76000000, 2.57271650703298798674650283956130357230e+00, -2.68396289575919686394525842054523913753e+00, 3.96409469440251077269258102506054056354e+01, 1.16444374611228727962862643513087583554e+00, 6.43631539993857853132379859817767072232e+00, 1.71939830156708561567431684916412011765e+00, 7.5272435701640526e+01, 1.4614348794060785e+01
0.76100000, 2.57381081366086668850772230957640695037e+00, -2.68241913121090336131487857561003212487e+00, 3.96395338820999116002180426550087327091e+01, 1.16660778612759050765972991137246382979e+00, 6.43463195495049497853816581544409691768e+00, 1.71982777663052416210269068415081175300e+00, 7.5331621459803704e+01, 1.5550526848647255e+01
0.76200000, 2.57490565406912452292801414858988060437e+00, -2.68086793619909799796530819213293746021e+00, 3.96381141008930836682556892604817130127e+01, 1.16876946370318200674898324612259095149e+00, 6.43294201017660758073569301618823583866e+00, 1.72025479955005039625783250027605573712e+00, 7.5377854175776700e+01, 1.6493502232226364e+01
0.76300000, 2.57600100905029274814881326939722714962e+00, -2.67930925529547648942198926533736990278e+00, 3.96366875726857990556704563288378614889e+01, 1.17092872024424655810063719010368110874e+00, 6.43124552637844388718378666898059008600e+00, 1.72067933014255691446158299025241472225e+00, 7.5410897639015716e+01, 1.7443128911540981e+01
0.76400000, 2.57709685896174024794191229772548915950e+00, -2.67774303246776693415737430151437373407e+00, 3.96352542697648273425733094604546337004e+01, 1.17308549639988458599936036214220038131e+00, 6.42954246400086357836689094144283985611e+00, 1.72110132758426033675771269235217058955e+00, 7.5430515219881319e+01, 1.8399254666503454e+01
0.76500000, 2.57819318371570660340744273536692406129e+00, -2.67616921107118609156728708159968869521e+00, 3.96338141644264287165646837845306953276e+01, 1.17523973205120708771391530332528910539e+00, 6.42783278316951883204967743766620044663e+00, 1.72152075039837143332862454145866673513e+00, 7.5436469984819632e+01, 1.9361720980534323e+01
0.76600000, 2.57928996276907376920837670801967366290e+00, -2.67458773383975078504590777804298609755e+00, 3.96323672289803937723462849152227841256e+01, 1.17739136629919946168504960660638797117e+00, 6.42611644368831868233551935429044045359e+00, 1.72193755644247982459913248246983638136e+00, 7.5428524816140591e+01, 2.0330362931157238e+01
0.76700000, 2.58038717511286842328285377137860102036e+00, -2.67299854287744173162148585827852601138e+00, 3.96309134357542320070177214310803764315e+01, 1.17954033745234887752762901270165528640e+00, 6.42439340503689898229670638694077114477e+00, 1.72235170289564546235812944802376569049e+00, 7.5406442536494677e+01, 2.1305009080958542e+01
0.76800000, 2.58148479926148678293502535790134296333e+00, -2.67140157964921705281153648738925973240e+00, 3.96294527570975142506717697289212567375e+01, 1.18168658301402968812895280819499558680e+00, 6.42266362636809967707094914927227902575e+00, 1.72276314624518885319492365313779740375e+00, 7.5369986038149681e+01, 2.2285481369025297e+01
0.76900000, 2.58258281324163339327037786241381928279e+00, -2.66979678497187267431432394862892263992e+00, 3.96279851653863744714688786304971212023e+01, 1.18383003966964123660663296399543058660e+00, 6.42092706650545119576876564797922452002e+00, 1.72317184227317173068417959874919594499e+00, 7.5318918417169156e+01, 2.3271595002980920e+01
0.77000000, 2.58368119458096509563058809237883177175e+00, -2.66818409900474677492764561128899251771e+00, 3.96265106330281766023483392668531674493e+01, 1.18597064327349225896433784051299299806e+00, 6.41918368394067187739770322969859269902e+00, 1.72357774604255961870710453291509143906e+00, 7.5253003112594112e+01, 2.4263158351743263e+01
0.77100000, 2.58477992029643107349015284896218820289e+00, -2.66656346124026539773684353725656588729e+00, 3.96250291324663522533133372738439682159e+01, 1.18810832883542592681174073591171834562e+00, 6.41743343683117845857750791501689969609e+00, 1.72398081188305745469640101953987619388e+00, 7.5172004050729321e+01, 2.5259972839135677e+01
0.77200000, 2.58587896688229955067163728946431384134e+00, -2.66493481049432628920838245655364443099e+00, 3.96235406361854153992231101521689671350e+01, 1.19024303050717941335139601837083630628e+00, 6.41567628299761176940790097758938178960e+00, 1.72438099337660915805170430232286262095e+00, 7.5075685794635239e+01, 2.6261832838487622e+01
0.77300000, 2.58697831029786138116141874258433826194e+00, -2.66329808489651798443680712731819431644e+00, 3.96220451167161603686723222319548217202e+01, 1.19237468156847169983068598151919096283e+00, 6.41391217992137990878832585026874539866e+00, 1.72477824334255173508659697031091983684e+00, 7.4963813698926021e+01, 2.7268525568367439e+01
0.77400000, 2.58807792595480042067853898230150952171e+00, -2.66165322188017110950232199342871402637e+00, 3.96205425466410497052928613983806189374e+01, 1.19450321441281316865749885749527518614e+00, 6.41214108474222130212696052792870771528e+00, 1.72517251382241420721557527848347910524e+00, 7.4836154069973453e+01, 2.8279830989596246e+01
0.77500000, 2.58917778870422020685173556231774375521e+00, -2.66000015817223882479244617823682042087e+00, 3.96190328985997987291578191291480111839e+01, 1.19662856053303035322522959073810237190e+00, 6.41036295425579018308504272221339490018e+00, 1.72556375606435133322825394432053953463e+00, 7.4692474331615738e+01, 2.9295521703698369e+01
0.77600000, 2.59027787282331609674905055728145174023e+00, -2.65833882978300328632159531596385525975e+00, 3.96175161452951638934080244725327783651e+01, 1.19875065050649903302251154811617281395e+00, 6.40857774491126718717452716713098736389e+00, 1.72595192050720176896742179378834716788e+00, 7.4532543196469027e+01, 3.0315362852950380e+01
0.77700000, 2.59137815200168161690318735681948592191e+00, -2.65666917199560495565372458687469733840e+00, 3.96159922594989423102915355804069925843e+01, 1.20086941398007867564731528741559500135e+00, 6.40678541280899789907787452134919504678e+00, 1.72633695676415996804516238016261777635e+00, 7.4356130842938363e+01, 3.1339112022197644e+01
0.77800000, 2.59247859932723737117219367285438184254e+00, -2.65499111935539154311208003687986907629e+00, 3.96144612140581901120676638890033347333e+01, 1.20298477965474103473017433683104019907e+00, 6.40498591369816235792860760686166911206e+00, 1.72671881360605077489304475014882853469e+00, 7.4163009098023210e+01, 3.2366519142614298e+01
0.77900000, 2.59357918727177042502097973169847572069e+00, -2.65330460565908332367426580554113342825e+00, 3.96129229819016676162711278097775391660e+01, 1.20509667526988551431867000130149178684e+00, 6.40317920297447869594664554680691657827e+00, 1.72709743894419529592124805775919157259e+00, 7.3952951626011066e+01, 3.3397326397589776e+01
0.78000000, 2.59467988767607164031818467001913966192e+00, -2.65160956394375152043962377959891423005e+00, 3.96113775360465195822822742234807465540e+01, 1.20720502758733370580106329403177646844e+00, 6.40136523567794426625773751632870588098e+00, 1.72747277981285625530611079834386550558e+00, 7.3725734123150775e+01, 3.4431268130932373e+01
0.78100000, 2.59578067173465797168803325455283924137e+00, -2.64990592647560640697144497660904001203e+00, 3.96098248496051991776630672679245859453e+01, 1.20930976237499529276194456366893650286e+00, 6.39954396649061780596567632475761290113e+00, 1.72784478235125064835931243963341080377e+00, 7.3481134518394911e+01, 3.5468070757587911e+01
0.78200000, 2.59688150998006625296834027069563121476e+00, -2.64819362473859173732466025791744193149e+00, 3.96082648957926446189884495303142003784e+01, 1.21141080439019730207246128865448231138e+00, 6.39771534973444638114512463035077008192e+00, 1.72821339178511709695137754530457828622e+00, 7.3218933180298249e+01, 3.6507452677079298e+01
0.78300000, 2.59798237226670449948875753176795521777e+00, -2.64647258942278207135115569292701428819e+00, 3.96066976479337178136592029071868398160e+01, 1.21350807736266845582214413895466662179e+00, 6.39587933936914107197127223066432121563e+00, 1.72857855240782488743613592137180900008e+00, 7.2938913130156586e+01, 3.7549124189880720e+01
0.78400000, 2.59908322775424622773494494111845738337e+00, -2.64474275041257952312659992901454413521e+00, 3.96051230794709147071960556979151223303e+01, 1.21560150397717014819317916913351506388e+00, 6.39403588899010557932549351003522640493e+00, 1.72894020756101123129048855063150293720e+00, 7.2640860261467177e+01, 3.8592787416948292e+01
0.78500000, 2.60018404489055274749125318011902391086e+00, -2.64300403677470642227896203084330452863e+00, 3.96035411639723574355983970534351714666e+01, 1.21769100585576533385027349384444540784e+00, 6.39218495182642216957727038220613333535e+00, 1.72929829961473283155376626729401710838e+00, 7.2324563565788768e+01, 3.9638136222637295e+01
0.78600000, 2.60128479139410781168992871124998471526e+00, -2.64125637674599034185290085080308984128e+00, 3.96019518751400787953624526851639794798e+01, 1.21977650353971636965362726855999862318e+00, 6.39032648073889962254623975512451997105e+00, 1.72965276994711736339915246610062902407e+00, 7.1989815365075551e+01, 4.0684856141244591e+01
0.78700000, 2.60238543423594841481541450978350184783e+00, -2.63949969772093791236948705581126770660e+00, 3.96003551868186099755987517109749366318e+01, 1.22185791647100259927704555852387831394e+00, 6.38846042821818810964214068005444086011e+00, 1.73000355892349998403803512357420521526e+00, 7.1636411550555405e+01, 4.1732624307423427e+01
0.78800000, 2.60348593962107491063477310916688091450e+00, -2.63773392623909381021292025948581004373e+00, 3.95987510730038829483234196370313802873e+01, 1.22393516297344821040051006657434438846e+00, 6.38658674638296620565886840268847289282e+00, 1.73035060587502947485292609653853100292e+00, 7.1264151828218486e+01, 4.2781109390726699e+01
0.78900000, 2.60458627296932297300297482956373982920e+00, -2.63595898797218127969456157880290715646e+00, 3.95971395078524593854322677431076721796e+01, 1.22600816023345062631376476338597570349e+00, 6.38470538697820552950545584977678192558e+00, 1.73069384907672808634429022231645774358e+00, 7.0872839970977481e+01, 4.3829971534543665e+01
0.79000000, 2.60568639889567924821103795771249753428e+00, -2.63417480771102052243510831995688803950e+00, 3.95955204656910984651678937836091728411e+01, 1.22807682428029941777648379672972777042e+00, 6.38281630137351881718806253565708446253e+00, 1.73103322572498860329028012366963249678e+00, 7.0462284077555816e+01, 4.4878862299704300e+01
0.79100000, 2.60678628119002184242096650135725228148e+00, -2.63238130935222126542147096421740797653e+00, 3.95938939210266764481857680025589930123e+01, 1.23014106996607543658797847742989926136e+00, 6.38091944056159755556579026481861564979e+00, 1.73136867191449157254343201700868460688e+00, 7.0032296838154548e+01, 4.5927424613034767e+01
0.79200000, 2.60788588279626605170399060496555038353e+00, -2.63057841588464580061954737933839240259e+00, 3.95922598485564714448076713499050633121e+01, 1.23220081094511957927666466681267209286e+00, 6.37901475515674564880239712192133952669e+00, 1.73170012261452503816860831578788322487e+00, 6.9582695806942794e+01, 4.6975292721156930e+01
0.79300000, 2.60898516579089497352786092899208753604e+00, -2.62876604937563877477409900224821360065e+00, 3.95906182231788273619804601947535484799e+01, 1.23425595965306028737325062651858531239e+00, 6.37710219539351595210308904848496517225e+00, 1.73202751164468850715970025528573663606e+00, 6.9113303681410127e+01, 4.8022092149834467e+01
0.79400000, 2.61008409136085383560037772036908648590e+00, -2.62694413095701999845430797436091846860e+00, 3.95889690200042116121683206437193435310e+01, 1.23630642728538857962374668034803133312e+00, 6.37518171112545689040659958323924684487e+00, 1.73235077164996222270834664880628145261e+00, 6.8623948588612573e+01, 4.9067439669177882e+01
0.79500000, 2.61118261978078603905575167695597627434e+00, -2.62511258081083653899878467263234134660e+00, 3.95873122143666817883082221000944889916e+01, 1.23835212377556909096648679381024328248e+00, 6.37325325182397678441725785247697799339e+00, 1.73266983407512214983489879412862107478e+00, 6.8114464378336451e+01, 5.0110943265030588e+01
0.79600000, 2.61228071038958803625847013815715154505e+00, -2.62327131815487036330891437144858195744e+00, 3.95856477818357771605443137240481857632e+01, 1.24039295777267526287489498037236016046e+00, 6.37131676657733393400779031705788273599e+00, 1.73298462913848037897534917617077991071e+00, 6.7584690923196493e+01, 5.1152202116868267e+01
0.79700000, 2.61337832156625924708582459834583915927e+00, -2.62142026122789780401172556340068437690e+00, 3.95839756982288515333083012170542524252e+01, 1.24242883661853648948460574588682016261e+00, 6.36937220408976096098334186055609234312e+00, 1.73329508580492992563702129500056401538e+00, 6.7034474425676270e+01, 5.2190806582553800e+01
0.79800000, 2.61447541070502225941778235708924816030e+00, -2.61955932727469713698908033489342112010e+00, 3.95822959396238647171034695986675778306e+01, 1.24445966632438467350649541220520855532e+00, 6.36741951268073239094270763531843246317e+00, 1.73360113175827214722044316056008877589e+00, 6.6463667732110021e+01, 5.3226338190300319e+01
0.79900000, 2.61557193418968755758039495021145317215e+00, -2.61768843253080058032807897168272300399e+00, 3.95806084823726506198534169575789456320e+01, 1.24648535154698728500036524800002290219e+00, 6.36545864028438495907238014006764581122e+00, 1.73390269337280421022274894886331805469e+00, 6.5872130653595431e+01, 5.4258369638205234e+01
0.80000000, 2.61666784736723597440463490209635894262e+00, -2.61580749220698705512473817491218613034e+00, 3.95789133031146807497720221740518046352e+01, 1.24850579556425364436969282849265085572e+00, 6.36348953444910065883416943492866863394e+00, 1.73419969568414322089147847806863497074e+00, 6.5259730293816829e+01, 5.5286464801728477e+01
0.80100000, 2.61776310452059096599640810083012250356e+00, -2.61391642047351208806813693533682928094e+00, 3.95772103787913427473907771513377465827e+01, 1.25052090025030076815714715082879645456e+00, 6.36151214233726311743971738863878537914e+00, 1.73449206235926277852021814795489492550e+00, 6.4626341383747436e+01, 5.6310178749498672e+01
0.80200000, 2.61885765884055166074921873255227813136e+00, -2.61201513044407128521177055461201474526e+00, 3.95754996866607544307557160921607059527e+01, 1.25253056604996472209430019353440280133e+00, 6.35952641072519847964541527660845511956e+00, 1.73477971566571682143013590319801741720e+00, 6.3971846623187952e+01, 5.7329057767841451e+01
0.80300000, 2.61995146239685643290747720159965320391e+00, -2.61010353415949386674253171125154419778e+00, 3.95737812043131347471193583584573520647e+01, 1.25453469195274302010877611995000519212e+00, 6.35753228600331261377613458987225010157e+00, 1.73506257644002470964884282705036977346e+00, 6.3296137029086618e+01, 5.8342639394434650e+01
0.80400000, 2.62104446610834549329070216162311719936e+00, -2.60818154257116282490477209733618605522e+00, 3.95720549096867539790807457784994581324e+01, 1.25653317546615319034149524444320504640e+00, 6.35552971417643712315893994691982256617e+00, 1.73534056405519052368465967457316007242e+00, 6.2599112290573107e+01, 5.9350452461505690e+01
0.80500000, 2.62213661971218967263812670754615495669e+00, -2.60624906552415835263279697694169890034e+00, 3.95703207810844865555922024472110531280e+01, 1.25852591258849219940248074241440184404e+00, 6.35351864086439735462768621219218123713e+00, 1.73561359638732855382032786297392143948e+00, 6.1880681130625030e+01, 6.0352017148996972e+01
0.80600000, 2.62322787173215119327657673440838401737e+00, -2.60430601174012129008908243018197725336e+00, 3.95685787971909908712341500440934861120e+01, 1.26051279778098098382745391259353355088e+00, 6.35149901130281634591188571071400301254e+00, 1.73588158978136590714666185714759450413e+00, 6.1140761674271572e+01, 6.1346845048135622e+01
0.80700000, 2.62431816944584077911373733645641693044e+00, -2.60235228879983345149836421241840832411e+00, 3.95668289370905416235049184807671159640e+01, 1.26249372393927788272718414438572041982e+00, 6.34947077034416944818244261878677823572e+00, 1.73614445901579206816124866763614922915e+00, 6.0379281823223612e+01, 6.2334439235854374e+01
0.80800000, 2.62540745885093393877860674365387469836e+00, -2.60038780312551182682088432537043912963e+00, 3.95650711802855413406045968020663137409e+01, 1.26446858236434429769375101271400420468e+00, 6.34743386245910520160742822719997453471e+00, 1.73640211726642411110929079349031900314e+00, 5.9596179636803829e+01, 6.3314294360520762e+01
0.80900000, 2.62649568463030766832558920901005053410e+00, -2.59841245996281380345288068710077867332e+00, 3.95633055067157389945242552542381153209e+01, 1.26643726273264542489962604569499738548e+00, 6.34538823173804893348177317694406886407e+00, 1.73665447606915507617871445322753014975e+00, 5.8791403719033456e+01, 6.4285896739442033e+01
0.81000000, 2.62758279011605715431915392386920357682e+00, -2.59642616336255072394069938889348875578e+00, 3.95615318967781848796012573497326351436e+01, 1.26839965306566840976703231253020964551e+00, 6.34333382189310649355301193385465473581e+00, 1.73690144528165178490638350343700504132e+00, 5.7964913611714746e+01, 6.5248724468623332e+01
0.81100000, 2.62866871725235031111483829288700247156e+00, -2.59442881616210728845034885955019008463e+00, 3.95597503313479522887021763410082983103e+01, 1.27035563969873976638258176683714671687e+00, 6.34127057626028654301286250802629758076e+00, 1.73714293304396708031864086940519928918e+00, 5.7116680193329624e+01, 6.6202247545266670e+01
0.81200000, 2.62975340655707615328818708393804953761e+00, -2.59242031996656452740478014633476900326e+00, 3.95579607917996579417139455070902766346e+01, 1.27230510724912338179103723411343949052e+00, 6.33919843780206087594470925503529522919e+00, 1.73737884573803013190874456687674932993e+00, 5.6246686083555502e+01, 6.7145928003507918e+01
0.81300000, 2.63083679708224108070383927434237648169e+00, -2.59040057512952431241232678138433844834e+00, 3.95561632600298146181772087607424830626e+01, 1.27424793858337988925021030205902992162e+00, 6.33711734911028337875305877652429196476e+00, 1.73760908794597704191042784089735453398e+00, 5.5354926053178783e+01, 6.8079220063898592e+01
0.81400000, 2.63191882637306513464153186760407099452e+00, -2.58836948073363364466981494812619531851e+00, 3.95543577184800510220659359703092573790e+01, 1.27618401478396764432122139491833947109e+00, 6.33502725240948942847560892571916008247e+00, 1.73783356240728252469161054305048789687e+00, 5.4441407439165087e+01, 6.9001570297148428e+01
0.81500000, 2.63299943042572816337543558292906495142e+00, -2.58632693457080726193986769414393216460e+00, 3.95525441501612355665724107059544855683e+01, 1.27811321511506497319059105629928679979e+00, 6.33292808956059879941592742160397639127e+00, 1.73805216997465190255559679659190775379e+00, 5.3506150564622743e+01, 6.9912417802653645e+01
0.81600000, 2.63407854364371360898049078207799705077e+00, -2.58427283312214744069733885661065556699e+00, 3.95507225386785425152710068903316833850e+01, 1.28003541698759278379520440382196046351e+00, 6.33081980206504649408387339375771093426e+00, 1.73826480956863106574160780680776160085e+00, 5.2549189163372541e+01, 7.0811194402344341e+01
0.81700000, 2.63515609879269528790601397400530672476e+00, -2.58220707153756024207389381514892034558e+00, 3.95488928682575007585102939240083863870e+01, 1.28195049592341603711242755104954422045e+00, 6.32870233106936734419096058966102715629e+00, 1.73847137813089037874965873465114479580e+00, 5.1570570808812060e+01, 7.1697324850392593e+01
0.81800000, 2.63623202695391007962999929974273344887e+00, -2.58012954361506786201876241117724419456e+00, 3.95470551237710674459755584650141501777e+01, 1.28385832551870196839832378511174223220e+00, 6.32657561737026174599568915735120978446e+00, 1.73867177057613677590085770935225034930e+00, 5.0570357346737146e+01, 7.2570227059330504e+01
0.81900000, 2.63730625747595685370441878388252063735e+00, -2.57804014177981720113405741410922335512e+00, 3.95452092907677707441052005758774638038e+01, 1.28575877740641232627540417020156108367e+00, 6.32443960142017150761386468776050930879e+00, 1.73886587974260647273599262692613914740e+00, 4.9548625331756154e+01, 7.3429312343134585e+01
0.82000000, 2.63837871792495924851220975713898909092e+00, -2.57593875706278527173679080048390605850e+00, 3.95433553555009681468726042126951809130e+01, 1.28765172121790626151970945263543252327e+00, 6.32229422333339650042549266186255439550e+00, 1.73905359634108882272549837881127836075e+00, 4.8505466466904488e+01, 7.4273985677839419e+01
0.82100000, 2.63944933403302705741353600113403023136e+00, -2.57382527907918261298225872349036171505e+00, 3.95414933049592690472335045635613835096e+01, 1.28953702454362984738001524668134938789e+00, 6.32013942289278462932266163607939784722e+00, 1.73923480890242986689619970556734940395e+00, 4.7440988046037640e+01, 7.5103645980249513e+01
0.82200000, 2.64051802964494797150700657512970599538e+00, -2.57169959600655649385417764131237461118e+00, 3.95396231268981726816290605521072383897e+01, 1.29141455289286754956715603131826593470e+00, 6.31797513955702957466516794611168179366e+00, 1.73940940372346205325979541883663840330e+00, 4.6355313398550375e+01, 7.5917686405323480e+01
0.82300000, 2.64158472666303826429330244330973654836e+00, -2.56956159456259635338264550122837731919e+00, 3.95377448098729750991712996558798075764e+01, 1.29328416965253028706060540817241826131e+00, 6.31580131246861282041099806442113855177e+00, 1.73957726481130443903191881700841182572e+00, 4.5248582335937890e+01, 7.6715494662809137e+01
0.82400000, 2.64264934499007767286792886671782024495e+00, -2.56741115998264466292267183756632489431e+00, 3.95358583432730014889057843617221855511e+01, 1.29514573604495403508111446517385053144e+00, 6.31361788046242867653627479006790738442e+00, 1.73973827382597542701757440057124921266e+00, 4.4120951599681651e+01, 7.7496453353711777e+01
0.82500000, 2.64371180247025022305263172345648574816e+00, -2.56524817599691720251922694018625475215e+00, 3.95339637173572230318136750079860160754e+01, 1.29699911108468221958206100728404570076e+00, 6.31142478207513333877294908217935156085e+00, 1.73989231002125772343896496020643305126e+00, 4.2972595309908178e+01, 7.8259940327180568e+01
0.82600000, 2.64477201482800905162757085594051670034e+00, -2.56307252480743762862397385724501990695e+00, 3.95320609232913204385756428277248771806e+01, 1.29884415153420443916487802126905660430e+00, 6.30922195555526151479516495537508227626e+00, 1.74003925018375273288595650062749913275e+00, 4.1803705414233284e+01, 7.9005329058399759e+01
0.82700000, 2.64582989560477938638968871589246567404e+00, -2.56088408706469218060621279296350802604e+00, 3.95301499531862594998416361348889941157e+01, 1.30068071185862332632704985892902223397e+00, 6.30700933887415679396195115929799176216e+00, 1.74017896857005902171803327110374720018e+00, 4.0614492136167112e+01, 7.9731989048072020e+01
0.82800000, 2.64688535609340974224409439016252397591e+00, -2.55868274184401143612953874134314483477e+00, 3.95282308001384473238282864186992506926e+01, 1.30250864417922062648108195912882427712e+00, 6.30478686973776475908603898011070473526e+00, 1.74031133684200677861819921053635991414e+00, 3.9405184422416794e+01, 8.0439286244080726e+01
0.82900000, 2.64793830527027706625576173444182805625e+00, -2.55646836662168718874007980480066983062e+00, 3.95263034582715414782779049560263705886e+01, 1.30432779822589283151320397314797115096e+00, 6.30255448559934084585345740659479841827e+00, 1.74043622399987737429925671091468706429e+00, 3.8176030388383637e+01, 8.1126583485916195e+01
0.83000000, 2.64898864972494700302692470349693075367e+00, -2.55424083725083379387107280170770160070e+00, 3.95243679227799880027822121507638090195e+01, 1.30613802128842595627733112897848125364e+00, 6.30031212367312816184546249499489925494e+00, 1.74055349631353416551164749198316937873e+00, 3.6927297761110374e+01, 8.1793240972447763e+01
0.83100000, 2.65003629358728563949653101529243074025e+00, -2.55200002793700472166802795614003382199e+00, 3.95224241899743682267338598638876815005e+01, 1.30793915816657829308940351336258701145e+00, 6.29805972094906389704786177397333052904e+00, 1.74066301725138759512320634174229951387e+00, 3.5659274318891234e+01, 8.2438616753618944e+01
0.83200000, 2.65108113845191400988873817832711817165e+00, -2.54974581121357657723083222449633512473e+00, 3.95204722573286385322364569244129694563e+01, 1.30973105111893922302801284660498835515e+00, 6.29579721420857660685350148202493823550e+00, 1.74076464740711440344977530750024152161e+00, 3.4372268326713370e+01, 8.3062067246636786e+01
0.83300000, 2.65212308329989128063558695716043851852e+00, -2.54747805791691451268884880262238283348e+00, 3.95185121235293516557579923265113677891e+01, 1.31151353981053140600483212179664060208e+00, 6.29352454004154054369762249935443393218e+00, 1.74085824442404737920629717104451777856e+00, 3.3066608966652487e+01, 8.3662947777218594e+01
0.83400000, 2.65316202441750687411793797019834527927e+00, -2.54519663716133477368654401025612594783e+00, 3.95165437885269528438791734054523313806e+01, 1.31328646125912291684524865764752939017e+00, 6.29124163486445737279313662327146555499e+00, 1.74094366291714853408346019042233464791e+00, 3.1742646762298382e+01, 8.4240613146449595e+01
0.83500000, 2.65419785531205581026558083788692197221e+00, -2.54290141631388210925989346378313502955e+00, 3.95145672535892491851330185804265744296e+01, 1.31504964978021514511946625032094836585e+00, 6.28894843493994005060699199904347913739e+00, 1.74102075439247487535476198243825653154e+00, 3.0400753996237528e+01, 8.4794418223793442e+01
0.83600000, 2.65523046662446522640510771903841882572e+00, -2.54059226096894194392993604822611212304e+00, 3.95125825213571557509615905609530704431e+01, 1.31680293693067153574192528882923409820e+00, 6.28664487639757839299664541807945078033e+00, 1.74108936716404206804873349694468356080e+00, 2.9041325119569765e+01, 8.5323718566783828e+01
0.83700000, 2.65625974603863335683689030419875413712e+00, -2.53826903492270958076393332497712699696e+00, 3.95105895959028278149871420847098655402e+01, 1.31854615145095151947384910859832105448e+00, 6.28433089525627093631075108695151750553e+00, 1.74114934626798721368299003465418737468e+00, 2.7664777152384700e+01, 8.5827871067909579e+01
0.83800000, 2.65728557818733519157371006821926293461e+00, -2.53593160014754129236724393262491187393e+00, 3.95085884827902944034354762936236815820e+01, 1.32027911920591327205136824311096332490e+00, 6.28200642744811312415737485599475366989e+00, 1.74120053337392771758004638021698242700e+00, 2.6271550074070511e+01, 8.6306234629187405e+01
0.83900000, 2.65830784455454156400591807508860413989e+00, -2.53357981676621498321582909809527843332e+00, 3.95065791891387147846867887544665529745e+01, 1.32200166312414825299140046694768024008e+00, 6.27967140884393766193866712216361750448e+00, 1.74124276669340876221844333647584052207e+00, 2.4862107202273494e+01, 8.6758170864895745e+01
0.84000000, 2.65932642337399051378488213772804223481e+00, -2.53121354302613119327701890729764960338e+00, 3.95045617236883862584339643260338539611e+01, 1.32371360313580981618989708765404439254e+00, 6.27732577528060909988975559000826385279e+00, 1.74127588088532724037945543622829653378e+00, 2.3436935559271061e+01, 8.7183044832919820e+01
0.84100000, 2.66034118952384140591448742181464481200e+00, -2.52883263527348858345801812537523469457e+00, 3.95025360968696387826679616593069462063e+01, 1.32541475610889756102098860655579904796e+00, 6.27496946259018136496060323139382414767e+00, 1.74129970695821511910222151895101425396e+00, 2.1996546224463773e+01, 8.7580225795131812e+01
0.84200000, 2.66135201441723342991174724837500553386e+00, -2.52643694792747172435402416659770689317e+00, 3.95005023208747596097186485444082167767e+01, 1.32710493578395851247791664948614351916e+00, 6.27260240663103409686225682334563082439e+00, 1.74131407216926009334008460439225308214e+00, 2.0541474671633724e+01, 8.7949088007200953e+01
0.84300000, 2.66235876588856072182169692204449541621e+00, -2.52402633345449302989095941675298885963e+00, 3.94984604097330992232422602246361050795e+01, 1.32878395270716569069500943380554666576e+00, 6.27022454332111129133475726162080133518e+00, 1.74131879991993603601061756953718952791e+00, 1.9072281089556908e+01, 8.8289011538195999e+01
0.84400000, 2.66336130807526641244596883360556062797e+00, -2.52160064234253506845298173558734415317e+00, 3.94964103793895185113009250283384311320e+01, 1.33045161416173416382917527150031452436e+00, 6.26783580867339395478315132351038166626e+00, 1.74131370964811014776049122772339201128e+00, 1.7589550684496462e+01, 8.8599383120306940e+01
0.84500000, 2.66435950129494737051185834709494458929e+00, -2.51915972307564428076175698000472326122e+00, 3.94943522477863463142353621390333279120e+01, 1.33210772409763428492408610708697076265e+00, 6.26543613883374727300432338256083009616e+00, 1.74129861671648784376095924483854977406e+00, 1.6093893963041692e+01, 8.8879597028973624e+01
0.84600000, 2.66535320191755024017300460756616288143e+00, -2.51670342210863237440162462805858713695e+00, 3.94922860349490262906120555254235403718e+01, 1.33375208305956150564545215097057891519e+00, 6.26302547012129224079440175909984418524e+00, 1.74127333229725027439157748620745494240e+00, 1.4585946993694803e+01, 8.9129055993666096e+01
0.84700000, 2.66634226223242752585908235197105359603e+00, -2.51423158384204739155821789198912687663e+00, 3.94902117630756424941305686282726234196e+01, 1.33538448811312195190807901824741111028e+00, 6.26060373907146184102876967478768765530e+00, 1.74123766325273294960808900802499721698e+00, 1.3066371645543314e+01, 8.9347172139514688e+01
0.84800000, 2.66732653031000990869206622558320424236e+00, -2.51174405059748270559139992118647476324e+00, 3.94881294566305241965693391706194196410e+01, 1.33700473276919285449698732687013321448e+00, 6.25817088248191275823913679291843315856e+00, 1.74119141201198721067437336458586543721e+00, 1.1535855802291265e+01, 8.9533367959936920e+01
0.84900000, 2.66830584985783763878886293513282831380e+00, -2.50924066259329904452537055084094937380e+00, 3.94860391424421423780733197392477570630e+01, 1.33861260690641696996420736680296826341e+00, 6.25572683746147532477259517467490233629e+00, 1.74113437644305925505907043198905419065e+00, 9.9951135498567662e+00, 8.9687077320353084e+01
0.85000000, 2.66928006007067968457091298131123004830e+00, -2.50672125792084212164424605348249791108e+00, 3.94839408498055229920135240902723283399e+01, 1.34020789669179032383491203630030528671e+00, 6.25327154148233699490732331512695378244e+00, 1.74106634972081405774180813292976190425e+00, 8.4448853356771839e+00, 8.9807746493022507e+01
0.85100000, 2.67024899547445427769929420928471296218e+00, -2.50418567252124663714143164210724067130e+00, 3.94818346105894156575499628819943729287e+01, 1.34179038449930298257700619472287589178e+00, 6.25080493243566819757679498970134976925e+00, 1.74098712019012383189253587705633462003e+00, 6.8859380977965655e+00, 8.9894835222967926e+01
0.85200000, 2.67121248576364851036373433566330820886e+00, -2.50163374016292636861076723740651741261e+00, 3.94797204593484709041972960498536864525e+01, 1.34335984882659313892622926176372207958e+00, 6.24832694869091401214709769916930227943e+00, 1.74089647122423262077950655199998290397e+00, 5.3190653617428233e+00, 8.9947817824885785e+01
0.85300000, 2.67217035563191765590044621428573117959e+00, -2.49906529241985986763906299348882848008e+00, 3.94775984334406945598921106039529343688e+01, 1.34491606420957560639319721035124994740e+00, 6.24583752915899083197747021592798789594e+00, 1.74079418107810019777940953556099946255e+00, 3.7450873031349807e+00, 8.9966184310865409e+01
0.85400000, 2.67312242459552682490325763136627402904e+00, -2.49648015865079200834146824761131022058e+00, 3.94754685731504644140301952399167503229e+01, 1.34645880113500689624476374847211977318e+00, 6.24333661335964412345181846325468771641e+00, 1.74068002273651965964090241891675755628e+00, 2.1648507738935701e+00, 8.9949441548659643e+01
0.85500000, 2.67406850680927836286233747232229608554e+00, -2.49387816597948338367214436015741798239e+00, 3.94733309218174119829403965735184863252e+01, 1.34798782595095043132414339562527030964e+00, 6.24082414149324165901598521713612023291e+00, 1.74055376375679391716158111749446457692e+00, 5.7922928986028382e-01, 8.9897114450163471e+01
0.85600000, 2.67500841087454796220822918589051796345e+00, -2.49125913927615241886638411472923198257e+00, 3.94711855259714911476697858727740062629e+01, 1.34950290077510717791428648477608517017e+00, 6.23830005451729631667492516738774564035e+00, 1.74041516610574670517572237111569091202e+00, -1.0108770224335566e+00, 8.9808747189665061e+01
0.85700000, 2.67594193963903071590592443053527970852e+00, -2.48862290114026918150107952064491516745e+00, 3.94690324354745757209371849158901270987e+01, 1.35100378340097909702822576164498179242e+00, 6.23576429422803382157562331324711679625e+00, 1.74026398599083373896711376072645216560e+00, -2.6045415221759889e+00, 8.9683904451335350e+01
0.85800000, 2.67686888998777518961641819713316070074e+00, -2.48596927188487533968934756970966542644e+00, 3.94668717036689497383418880240836392325e+01, 1.35249022720183538371556936387243602823e+00, 6.23321680334734379604927129358963915241e+00, 1.74009997368510922669608916672732474278e+00, -4.2008111962520155e+00, 8.9522172705317499e+01
0.85900000, 2.67778905262505893638524929264693420915e+00, -2.48329806952262169278297126651433285420e+00, 3.94647033875330775743719004187134499335e+01, 1.35396198103245453781210928766272647685e+00, 6.23065752561547733455355795341234883741e+00, 1.73992287334579209829468664832139555661e+00, -5.7987068492446064e+00, 8.9323161511665996e+01
0.86000000, 2.67870221184663261609791557646740882984e+00, -2.48060910975373332681524458839887775213e+00, 3.94625275478450659826054889099458880590e+01, 1.35541878912861896046876564525837847130e+00, 6.22808640588988119592805314830221889857e+00, 1.73973242282616502341544283697903906445e+00, -7.3972233439759471e+00, 8.9086504851266618e+01
0.86100000, 2.67960814530183189813325691529404256262e+00, -2.47790220595613290099447922875809488372e+00, 3.94603442493542569890541616173070643406e+01, 1.35686039100434307508971463322214626964e+00, 6.22550339025058779026345322725118264028e+00, 1.73952835348052755950459084677478369322e+00, -8.9953298951659257e+00, 8.8811862482742633e+01
0.86200000, 2.68050662374502649809764959637220934815e+00, -2.47517716917797504215217585570200893849e+00, 3.94581535609614193773764798592674985491e+01, 1.35828652134682101636059483637139868659e+00, 6.22290842611261163269277135232901154555e+00, 1.73931038996191259375988908231244176799e+00, -1.0591970418842738e+01, 8.8498921324219310e+01
0.86300000, 2.68139741077584389781304535334228484241e+00, -2.47243380813286952283234791598873093976e+00, 3.94559555559080374575984512567928183519e+01, 1.35969690990908581564273374237295458157e+00, 6.22030146234583706290889358831370997107e+00, 1.73907825001226262089883387982627831947e+00, -1.2186063940195707e+01, 8.8147396858677634e+01
0.86400000, 2.68228026256757138209745416272889109475e+00, -2.46967192919809806132086535715439883387e+00, 3.94537503119752290835651065410558736403e+01, 1.36109128140037884689398038145767418784e+00, 6.21768244940291903093708884371661620559e+00, 1.73883164424474933777795376311795064238e+00, -1.3776505062612526e+01, 8.7757034561479022e+01
0.86500000, 2.68315492758310384662824442618829459476e+00, -2.46689133641615947089763227609516434900e+00, 3.94515379116928606722477699481476833814e+01, 1.36246935537423621092204513904255361329e+00, 6.21505133945575889521473490672635091446e+00, 1.73857027591790654656783761027850316761e+00, -1.5362164500691739e+01, 8.7327611348485397e+01
0.86600000, 2.68402114627776622810577583958279432575e+00, -2.46409183150001079371049826419959098019e+00, 3.94493184425594654914949877121578944650e+01, 1.36383084611430787039979130024784776589e+00, 6.21240808654116076451440745712036722495e+00, 1.73829384070123245722259732525276736287e+00, -1.6941889680065818e+01, 8.6858937043033043e+01
0.86700000, 2.68487865078829820970655671701041245178e+00, -2.46127321384240830865679731820898595073e+00, 3.94470919972736129524263263625716704599e+01, 1.36517546251793586595224823937293381084e+00, 6.20975264671632126752607470605734615089e+00, 1.73800202643190319172567839872788014840e+00, -1.8514505406910202e+01, 8.6350855859844017e+01
0.86800000, 2.68572716460724487838966862591868718216e+00, -2.45843528052979226749628152221431419640e+00, 3.94448586739774213202210541161729599657e+01, 1.36650290797753002875509896575280907691e+00, 6.20708497822485711395707585208589940606e+00, 1.73769451286222465043746258230008028592e+00, -2.0078814610048628e+01, 8.5803247903775254e+01
0.86900000, 2.68656640224195006067524228649094529970e+00, -2.45557782636120329716816001139731421839e+00, 3.94426185765129544176152514106118975543e+01, 1.36781288025979346621610657225810200644e+00, 6.20440504167413081779101435385239395737e+00, 1.73737097139743494907198910527532013555e+00, -2.1633599158594286e+01, 8.5216030681112710e+01
0.87000000, 2.68739606885729893191473062629392532075e+00, -2.45270064387276706558376775572457381497e+00, 3.94403718146922948395991252902013039187e+01, 1.36910507138286597145353209654748546347e+00, 6.20171280022469592820278478778717347020e+00, 1.73703106482345443066188583891401152632e+00, -2.3177620758089316e+01, 8.4589160620915750e+01
0.87100000, 2.68821585990130295940237499426557320452e+00, -2.44980352336833755448643869049021071752e+00, 3.94381185045821422542392877410745182866e+01, 1.37037916749147166372787771345739374052e+00, 6.19900821979274954513218704387792447563e+00, 1.73667444702416487315641760847931035453e+00, -2.4709621928121179e+01, 8.3922634603705302e+01
0.87200000, 2.68902546071256306685504836109846348512e+00, -2.44688625295694868973600401692743099379e+00, 3.94358587688038458926373806558202829246e+01, 1.37163484873017791192483512052144355711e+00, 6.19629126926655232597666979895855017836e+00, 1.73630076268778404141803549303395078331e+00, -2.6228327064402767e+01, 8.3216491494567941e+01
0.87300000, 2.68982454610858584781558168144176078641e+00, -2.44394861859778979008051277287118967303e+00, 3.94335927368498457239288536963585138395e+01, 1.37287178911489627507601476778199395799e+00, 6.19356192073785521747530313303325165978e+00, 1.73590964700188628582931847594281149886e+00, -2.7732443588303160e+01, 8.2470813677516872e+01
0.87400000, 2.69061277995386244541613749416589171793e+00, -2.44099040415349303294439801084196879641e+00, 3.94313205454175674991044692420246822733e+01, 1.37408965640278320959487135208185723451e+00, 6.19082014974945843865837525527042906400e+00, 1.73550072533660460830395887000339114914e+00, -2.9220663186806778e+01, 8.1685728587709703e+01
0.87500000, 2.69138981470655007882848436366228538728e+00, -2.43801139145260171271679051718543227539e+00, 3.94290423387618933010899200059523076322e+01, 1.37528811196072909477492188557000212291e+00, 6.18806593556012253641575494376319852187e+00, 1.73507361291553467132134913011170952894e+00, -3.0691663145859629e+01, 8.0861410237871743e+01
0.87600000, 2.69215529094252184239024589652727925161e+00, -2.43501136036217739818820719505592424237e+00, 3.94267582690674119732437206483303433696e+01, 1.37646681063265923227266145062721998863e+00, 6.18529926142815445692488862979533375697e+00, 1.73462791447384682498511010503756791729e+00, -3.2144107780031529e+01, 7.9998080735012470e+01
0.87700000, 2.69290883685547102905519385837868288312e+00, -2.43199008887160321171553040473477663339e+00, 3.94244684968417433782851111034738854017e+01, 1.37762540060591047118331018659562732881e+00, 6.18252011491510443837002497044154278576e+00, 1.73416322390309862355071435621922447860e+00, -3.3576649961381706e+01, 7.9096011783251532e+01
0.87800000, 2.69365006773167152152604552942731831039e+00, -2.42894735318875051564211939930687032332e+00, 3.94221731913313274820610773475105001466e+01, 1.37876352327699267164254565349002986381e+00, 6.17972848821113315111132091495858851392e+00, 1.73367912388222780138316362068497619818e+00, -3.4987932750361209e+01, 7.8155526168289428e+01
0.87900000, 2.69437858539790542910172125530643026074e+00, -2.42588292784979861358708353446552713099e+00, 3.94198725309611744372686179367178831912e+01, 1.37988081311709611752656399154337880004e+00, 6.17692437848374402490563947852151082912e+00, 1.73317518549419464624915319226178668901e+00, -3.6376591131518065e+01, 7.7176999218766782e+01
0.88000000, 2.69509397764097279654451989174017745309e+00, -2.42279658584413313832743911000605206527e+00, 3.94175667038001859007348294618954022927e+01, 1.38097689753776510569893364526723380688e+00, 6.17410778825172437349020918502926463830e+00, 1.73265096782773358662983995088773709646e+00, -3.7741253856689256e+01, 7.6160860239455056e+01
0.88100000, 2.69579581759709554144383321379652722923e+00, -2.41968809875590028176722464462194241668e+00, 3.94152559080537815630381901673073855168e+01, 1.38205139675722528767761213483064442885e+00, 6.17127872578630216578862527566403460070e+00, 1.73210601756366712874119859631382473519e+00, -3.9080545398266254e+01, 7.5107593910910730e+01
0.88200000, 2.69648366310941845986628036620417973591e+00, -2.41655723692396282592420569316501366547e+00, 3.94129403525856991855924444667695462753e+01, 1.38310392366792908147588111991932520432e+00, 6.16843720554170467569994225433897749372e+00, 1.73153986854523167208282771982888742511e+00, -4.0393088015007162e+01, 7.4017741649904746e+01
0.88300000, 2.69715705605169385771841085928126164270e+00, -2.41340376962219221114110825698811601925e+00, 3.94106202574709822942543265886335838142e+01, 1.38413408370597094178239775246470946876e+00, 6.16558324861750252939310892658288022114e+00, 1.73095204133186495778024609099945929054e+00, -4.1677503932737338e+01, 7.2891902924609466e+01
0.88400000, 2.69781552161611281745900174693774186587e+00, -2.41022746526224107384817238699012023493e+00, 3.94082958545823281251926278579039317341e+01, 1.38514147472312401137250338164414289193e+00, 6.16271688325533982883527961968421958445e+00, 1.73034204273590986771015607906878338175e+00, -4.2932417642130796e+01, 7.1730736518186960e+01
0.88500000, 2.69845856756311502773481031014094448015e+00, -2.40702809162117557931003120495596174283e+00, 3.94059673882121406088867467852816033383e+01, 1.38612568686236344439441456038419789634e+00, 6.15983814537289026564397641059521622732e+00, 1.72970936534170007625514095735445183892e+00, -4.4156458315595600e+01, 7.0534961734075446e+01
0.88600000, 2.69908568343087026443864276511750223333e+00, -2.40380541609660962503614874655862595143e+00, 3.94036351157328203649537896752819515275e+01, 1.38708630243787153231928050805079252895e+00, 6.15694707913814291648724316073018570395e+00, 1.72905348700651095183081365340037404235e+00, -4.5348262345096928e+01, 6.9305359535915530e+01
0.88700000, 2.69969633970197785842657932686229036934e+00, -2.40055920599227719658997492110384004749e+00, 3.94012993082980272266117907336917276943e+01, 1.38802289582066803017383622063653169538e+00, 6.15404373758741249300676452847923317316e+00, 1.72837387034288565299929977569349512635e+00, -4.6506476002540473e+01, 6.8042773614695085e+01
0.88800000, 2.70028998692477575083538180463406413984e+00, -2.39728922883730892197194445046812560537e+00, 3.93989602515878721972722018515848070634e+01, 1.38893503333117849538467394332697719847e+00, 6.15112818329079030237521323427646633905e+00, 1.72766996218188340272164436127520097691e+00, -4.7629758224105427e+01, 6.6748111375321578e+01
0.88900000, 2.70086605478648807651593707978844495016e+00, -2.39399525274284887578628316364033972759e+00, 3.93966182466012365626424107059245974915e+01, 1.38982227314024716339425912547181794405e+00, 6.14820048906910753176777615567132881032e+00, 1.72694119301684664830010943176652277452e+00, -4.8716783519659582e+01, 6.5422344834454054e+01
0.89000000, 2.70142395113526984596123637789756652859e+00, -2.39067704680006327965745995302063441283e+00, 3.93942736104986778650621252592938174982e+01, 1.39068416518032254244665497238323445906e+00, 6.14526073876687559686628257720537692395e+00, 1.72618697642734884286768103593455109663e+00, -4.9766245008108234e+01, 6.4066511421044314e+01
0.89100000, 2.70196306094802964439607245795590827251e+00, -2.38733438152406004969396395961313476129e+00, 3.93919266774996674457874299603529909625e+01, 1.39152025106879774882616389984350314205e+00, 6.14230902808610356244464988842386204220e+00, 1.72540670848306804422999412641499532389e+00, -5.0776857579222895e+01, 6.2681714670648718e+01
0.89200000, 2.70248274524072703656995580688838937856e+00, -2.38396702934876416145240116281671191677e+00, 3.93895777998382142560870315376498473408e+01, 1.39233006404577854282457496230179145167e+00, 6.13934546548637495831444874516134088888e+00, 1.72459976712743715456818317206443330402e+00, -5.1747361182164644e+01, 6.1269124804179095e+01
0.89300000, 2.70298233991765161515148985199989531125e+00, -2.38057476517838656868251014771948013920e+00, 3.93872273487812667323782672801867076242e+01, 1.39311312892888578804457338512514296924e+00, 6.13637017315710118314345081757341756029e+00, 1.72376551154105388609096814086646046241e+00, -5.2676524240559883e+01, 5.9829979181363969e+01
0.89400000, 2.70346115455599687240744183983099788444e+00, -2.37715736700179313896604079986382241873e+00, 3.93848757157146509391865205146952597280e+01, 1.39386896208808230968259690452085036079e+00, 6.13338328806846229195748452589441108931e+00, 1.72290328148499777576011517783216727229e+00, -5.3563147193602973e+01, 5.8365582618790265e+01
0.89500000, 2.70391847112184640323184594396312863950e+00, -2.37371461657683534119448160337251066292e+00, 3.93825233133017012147441095257482117452e+01, 1.39459707144395464905967178903369698305e+00, 6.13038496310820523423996297212427960485e+00, 1.72201239662440418293303799308508619801e+00, -5.4406066162250649e+01, 5.6877307561991147e+01
0.89600000, 2.70435354261349519664007159368080539432e+00, -2.37024630019255840497564436687029282138e+00, 3.93801705767201715795940048281198414722e+01, 1.39529695649338708777722772175760924917e+00, 6.12737536831220232379770367693814784546e+00, 1.72109215583289385175307099192583395529e+00, -5.5204156739137440e+01, 5.5366594100637964e+01
0.89700000, 2.70476559162783871610604279952252254307e+00, -2.36675220951816937308232523449801573707e+00, 3.93778179649834845801328412117390003763e+01, 1.39596810836714917404108071222116616248e+00, 6.12435469219748759121338703762327205980e+00, 1.72014183647876049888160169759558101584e+00, -5.5956337900380047e+01, 5.3834949815483276e+01
0.89800000, 2.70515380884538207070557467080601145032e+00, -2.36323214254874301196559069879032738036e+00, 3.93754659623528813834875435743439361004e+01, 1.39661000992459127634622735152679437921e+00, 6.12132314320739544590389185019625590296e+00, 1.71916069369418903586744326891910402543e+00, -5.6661576036952580e+01, 5.2283949445287399e+01
0.89900000, 2.70551735142925730965422738815965440266e+00, -2.35968590465888652025219036303928784666e+00, 3.93731150798475850291606369608395464658e+01, 1.39722213589142002057068888166939490723e+00, 6.11828095127943565487904862769585697855e+00, 1.71814795962922672448183301352601157515e+00, -5.7318889102804936e+01, 5.0715234361541806e+01
0.90000000, 2.70585534133349710790997723210136350429e+00, -2.35611330977699582028113222237464036311e+00, 3.93707658568606797272423890820293727109e+01, 1.39780395304742399086395201333112528524e+00, 6.11522836954766318283372256744289077902e+00, 1.71710284269277476448709904953531916232e+00, -5.7927350876365197e+01, 4.9130511838377779e+01
0.90100000, 2.70616686351570863198511991454764748090e+00, -2.35251418169434167462989727834378748120e+00, 3.93684188628890444899341365212476152121e+01, 1.39835492047205997105075621732823905206e+00, 6.11216567619255445192595708687154615806e+00, 1.71602452678352777385922272197159345692e+00, -5.8486095331515875e+01, 4.7531554104615538e+01
0.90200000, 2.70645096404923600462651055343511846745e+00, -2.34888835552505150248545454303194642639e+00, 3.93660746993863600419307522588784875335e+01, 1.39887448985701503758388197764978373987e+00, 6.10909317645279805483421673036630796631e+00, 1.71491217051458656652569394976128789255e+00, -5.8994321113565984e+01, 4.5920197164464432e+01
0.90300000, 2.70670664812991118573948899087013604400e+00, -2.34523567933513556505960473180101649877e+00, 3.93637340017489337406295401705734842848e+01, 1.39936210589625801459494472253960532153e+00, 6.10601120481496442824526043180860416781e+00, 1.71376490643643362525435314334935244664e+00, -5.9451296115159759e+01, 4.4298339372923892e+01
0.90400000, 2.70693287797259376693880757344563687378e+00, -2.34155601596108223672437658309264932871e+00, 3.93613974414448566044092431107869916352e+01, 1.39981720676571825955286357302088575843e+00, 6.10292012739875360863455052504301340387e+00, 1.71258184026412466366761269138758728939e+00, -5.9856362146472428e+01, 4.2667939751451413e+01
0.90500000, 2.70712857059291878204019579649285472456e+00, -2.33784924504126035671560611550809060055e+00, 3.93590657282978159736883678160987571297e+01, 1.40023922470661958483916402981953847010e+00, 6.09982034455745270154412356682775237881e+00, 1.71136205011595481713294786777952545125e+00, -6.0208939693448771e+01, 4.1031016028949010e+01
0.90600000, 2.70729259547004456440070904982222856510e+00, -2.33411526528646790873092332972995599635e+00, 3.93567396129377305566125994448629863794e+01, 1.40062758672869863105135793802315221503e+00, 6.09671229371538639007513765653088766414e+00, 1.71010458577255422702645429509952581545e+00, -6.0508532757246737e+01, 3.9389642392561921e+01
0.90700000, 2.70742377208676614928844514386255113943e+00, -2.33035399701951399528823890393186678368e+00, 3.93544198894312416361249276946912170671e+01, 1.40098171545210502965142263071438533853e+00, 6.09359645246653732364307532362087683194e+00, 1.70880846796741576344431802540971557242e+00, -6.0754733767462654e+01, 3.7745946932167585e+01
0.90800000, 2.70752086734419237699500281443125199538e+00, -2.32656538501778258417302058032812724448e+00, 3.93521073981059699504548549574960367601e+01, 1.40130103010978023525005412874629102691e+00, 6.09047334196117217789121991067038803453e+00, 1.70747268772233121247583930581528861429e+00, -6.0947228561143237e+01, 3.6102108761739289e+01
0.90900000, 2.70758259284935112406040644692183011261e+00, -2.32274940169737912673516289580828974479e+00, 3.93498030285833102539417554328677825946e+01, 1.40158494773562008832940417449690783564e+00, 6.08734353061025753065488865039874067973e+00, 1.70609620574420143426240467283367414582e+00, -6.1085801419040272e+01, 3.4460354799971577e+01
0.91000000, 2.70760760207568142412665952058627337487e+00, -2.31890605068279341889295805746784714127e+00, 3.93475077230353536450663769378808154005e+01, 1.40183288456783450350273687028978353556e+00, 6.08420763814071079320504075755891960082e+00, 1.70467795190330061621494423560825159367e+00, -6.1170340150043662e+01, 3.2822956191620552e+01
0.91100000, 2.70759448739851353705950983025346591455e+00, -2.31503537081212496035545325463240040807e+00, 3.93452224796822578840243838385454337158e+01, 1.40204425770173478202475334375050436178e+00, 6.08106634003812645959800480181460330241e+00, 1.70321682481744903310495574023966328019e+00, -6.1200841214244530e+01, 3.1192224349898912e+01
0.91200000, 2.70754177701048057399357463917519440075e+00, -2.31113744063492506655902153907112102285e+00, 3.93429483565469680737342978574630076492e+01, 1.40221848703183379755758396915079963120e+00, 6.07792037241756367331748343096458774148e+00, 1.70171169157184692522560750055639667208e+00, -6.1177414874637578e+01, 2.9570506598918612e+01
0.91300000, 2.70744793172554163809252545932561415429e+00, -2.30721238346774197996553677588268675992e+00, 3.93406864754845421819571003998967308010e+01, 1.40235499752978951019141097473668624693e+00, 6.07477053736728662779562344147493450276e+00, 1.70016138761074540521641761451312951506e+00, -6.1100290367073591e+01, 2.7960181393523983e+01
0.91400000, 2.70731134168517277230969538624359019420e+00, -2.30326037308165479297421626915713987840e+00, 3.93384380265033465265145840983487508273e+01, 1.40245322191253887226518001751596148220e+00, 6.07161770881501117818140963189326739140e+00, 1.69856471684492537779153869784788376948e+00, -6.0969821077716661e+01, 2.6363653091816562e+01
0.91500000, 2.70713032298661167599429401483287242600e+00, -2.29928164010660682839922230262711309312e+00, 3.93362042723949050397778619975942185839e+01, 1.40251260376417102111954182393005521623e+00, 6.06846283897120643109081688668603011626e+00, 1.69692045202842496518317590680615292372e+00, -6.0786489716936243e+01, 2.4783346253127575e+01
0.91600000, 2.70690311426122436286603348414463493919e+00, -2.29527647924936893926548447449576513189e+00, 3.93339865536880103645276959406958747134e+01, 1.40253260118592759678662873249502106738e+00, 6.06530696540927701611302103824600924231e+00, 1.69522733546947138373243739424103789139e+00, -6.0550913478249123e+01, 2.3221699431002511e+01
0.91700000, 2.70662787324160563250114690972122623858e+00, -2.29124525743565521584344017670871086584e+00, 3.93317862939405628724374379705157233709e+01, 1.40251269106148950191783056714467266289e+00, 6.06215121884791520440055924162343240064e+00, 1.69348408015459064763992388524770064779e+00, -6.0263849170579524e+01, 2.1681158426744411e+01
0.91800000, 2.70630267336957971818216085256928585964e+00, -2.28718842300245429914687836559269190933e+00, 3.93296050053791316605382042464158600653e+01, 1.40245237403975777296011463001102944949e+00, 6.05899683170640436400207400586832863203e+00, 1.69168937138194741091829120181112594634e+00, -5.9926198311657399e+01, 2.0164168963990771e+01
0.91900000, 2.70592550051466152718948465476299834374e+00, -2.28310651608419057082631790805738908512e+00, 3.93274442948909429552784226876851122940e+01, 1.40235118035505930623402832708953293916e+00, 6.05584514750892853189701247689505427252e+00, 1.68984186902079342955027473900084823695e+00, -5.9539012169714131e+01, 1.8673168738386554e+01
0.92000000, 2.70549424989483059853529240428311175323e+00, -2.27900018035601497322961875774627812412e+00, 3.93253058703652463965837089033443715885e+01, 1.40220867662556001404650549015610983083e+00, 6.05269763121862022921741988587634995444e+00, 1.68794021053931525879785665997113381295e+00, -5.9103496739588777e+01, 1.7210578788302794e+01
0.92100000, 2.70500672332000994312520263124400770400e+00, -2.27487017631939552110683459261615818665e+00, 3.93231915473699214311118542308919801799e+01, 1.40202447379515758448197835978530443324e+00, 6.04955588058559973360845151728097534039e+00, 1.68598301497419251796598876689373277107e+00, -5.8621017637664302e+01, 1.5778794122286351e+01
0.92200000, 2.70446062691515331644841766514409682257e+00, -2.27071739633915370725378884964302821453e+00, 3.93211032561336086482093891818495906965e+01, 1.40179823641280912509378258443980435534e+00, 6.04642163859480395718186400324730944930e+00, 1.68396888805304831538200314685685420408e+00, -5.8093104897319635e+01, 1.4380173525951986e+01
0.92300000, 2.70385356952652216001752614693679914111e+00, -2.26654288166688148168138939127969025342e+00, 3.93190430487820445789769507418624218625e+01, 1.40152969347670770375043171960174302376e+00, 6.04329680709778588680033424726686692953e+00, 1.68189642872718878355144246433901553808e+00, -5.7521457642229408e+01, 1.3017028454653000e+01
0.92400000, 2.70318306207436699485295742893109973329e+00, -2.26234784171263775466764065253828726360e+00, 3.93170131067475942415369061112679313412e+01, 1.40121865110952416285674497442625209733e+00, 6.04018346170618555509309409065866613984e+00, 1.67976423742837358611832916392228906989e+00, -5.6907948608016903e+01, 1.1691610897650225e+01
0.92500000, 2.70244651819134955833614698630474240523e+00, -2.25813367585379129090256232726024954892e+00, 3.93150157482304908879424169816396789410e+01, 1.40086500737555723153436557028397168784e+00, 6.03708386801080848279721105778665784889e+00, 1.67757092643193212258602163290441658228e+00, -5.6254628472224849e+01, 1.0406100073633212e+01
0.92600000, 2.70164125658309881765738628275677642536e+00, -2.25390199809485418175653751251953132675e+00, 3.93130534355353969008939349211659770174e+01, 1.40046876960135360857696687759701176950e+00, 6.03400049916576666495969247490170917262e+00, 1.67531513279175571892053138099291282156e+00, -5.5563729936511413e+01, 9.1625877851540167e+00
0.92700000, 2.70076450567084000525787925500839121965e+00, -2.24965466491189685038659751524601514818e+00, 3.93111287820328218132678900293936410863e+01, 1.40003007461801683954105810832736008634e+00, 6.03093605483710491386131569052214001889e+00, 1.67299553441324178734714398428638854165e+00, -5.4837671480803436e+01, 7.9630622194902366e+00
0.92800000, 2.69981341123292300521471153931628010083e+00, -2.24539380662454358214640965971917936080e+00, 3.93092445583953944959268046976993384315e+01, 1.39954921240510731064481008376281222408e+00, 6.02789348145296825495027001278952098588e+00, 1.67061086995097213475103862565868114251e+00, -5.4079060673107043e+01, 6.8093899342720427e+00
0.92900000, 2.69878504796060743453882788326793890674e+00, -2.24112186262973194249016220550553766636e+00, 3.93074036976257807150615461172235855055e+01, 1.39902665368053742512214037240693149171e+00, 6.02487599359819554621005901793660517289e+00, 1.66815996336146467783060829329987300206e+00, -5.3290696865441798e+01, 5.7032957066180098e+00
0.93000000, 2.69767643609342410442765783256524036019e+00, -2.23684162079240345817189244442356619790e+00, 3.93056092982155431847227448956869926543e+01, 1.39846308204383855041715526862434921057e+00, 6.02188709625711118363905064872666011122e+00, 1.66564175410974960180429640725322507350e+00, -5.2475573028333864e+01, 4.6463398537391625e+00
0.93100000, 2.69648456461186588920163345331189098573e+00, -2.23255626120112543862228251917094616991e+00, 3.93038646245389065532293089025255971230e+01, 1.39785943133382588965211594468355989846e+00, 6.01893060740613149148762751679947950087e+00, 1.66305533422211518323525155214397406866e+00, -5.1636876362774753e+01, 3.6398925513676631e+00
0.93200000, 2.69520642285158975279039027513648856372e+00, -2.22826940433474361300156388912988470222e+00, 3.93021731032752886664089003287218296399e+01, 1.39721692889277534413429513244871714867e+00, 6.01601068016791852792402875445927598631e+00, 1.66039999359307783109022495305763743365e+00, -5.0777987164618221e+01, 2.6851045867106093e+00
0.93300000, 2.69383904287397342213941382771384083300e+00, -2.22398516341065524536915625890764053680e+00, 3.93005383142491439430393741959506854326e+01, 1.39653714541605789862603984034250428560e+00, 6.01313182332798852528926886869248834863e+00, 1.65767527518309641676761545010616643723e+00, -4.9902475181623625e+01, 1.7828738921905117e+00
0.93400000, 2.69237955548814122065907740703912601517e+00, -2.21970820024010094765506190822966299235e+00, 3.92989639735517490056511077844757106100e+01, 1.39582205197414935546944497196609297442e+00, 6.01029891843910623126222567080727317564e+00, 1.65488104196436181302131309209668354573e+00, -4.9014092370453292e+01, 9.3380713036250013e-01
0.93500000, 2.69082526346326742227259194280403598993e+00, -2.21544378322152314505754334403491499743e+00, 3.92974539061428692594703266137657933841e+01, 1.39507408456912092747541891672039339298e+00, 6.00751723094237720901089522002970854157e+00, 1.65201755764605152106913630938994264547e+00, -4.8116760494761550e+01, 1.3817556839548814e-01
0.93600000, 2.68917373616738652486001864927136505972e+00, -2.21119784504947784230508862484834859634e+00, 3.92960120043010243979592173020492072052e+01, 1.39429621614797024487647765079250740843e+00, 6.00479241164817792238077532889726502717e+00, 1.64908558326804384682493151782883481129e+00, -4.7214551363681630e+01, -6.0413545503356675e-01
0.93700000, 2.68742293054645556008637162784989338847e+00, -2.20697703615646397224462054097311944900e+00, 3.92946421672948635685350911816817810656e+01, 1.39349203521847218769880211151864909252e+00, 6.00213048346786229524046632285537103651e+00, 1.64608649157494142789197457781811658287e+00, -4.6311656647257177e+01, -1.2936839164944121e+00
0.93800000, 2.68557134386394568897157818336103299070e+00, -2.20278876765108188670081781387446505100e+00, 3.92933482165166268484605289798048776941e+01, 1.39266582892414024172847670833555767441e+00, 5.99953780639542128013145464076356163990e+00, 1.64302240047759447916638875916208981650e+00, -4.5412343086252375e+01, -1.9315352083154048e+00
0.93900000, 2.68361820367593842371043533155196413076e+00, -2.19864123435054228403395863337240720316e+00, 3.92921337791569577701733834198441768878e+01, 1.39182266639203586545226231265588157480e+00, 5.99702101136737280883734110341901348211e+00, 1.63989632557538053778761603395132628160e+00, -4.4520887541983961e+01, -2.5193316592426708e+00
0.94000000, 2.68156369963261721944574881322596398452e+00, -2.19454340421876208527316291538436837905e+00, 3.92910021325501391278536689338036480343e+01, 1.39096847506077185244380132719335937333e+00, 5.99458689083400339008966967221540053365e+00, 1.63671234919849811255547289538987567355e+00, -4.3641484809636278e+01, -3.0593641149172880e+00
0.94100000, 2.67940925908149207927666849700026743771e+00, -2.19050495500675459272863982924848517651e+00, 3.92899560010572405088341186167788822214e+01, 1.39011009817467421163939361279781807384e+00, 5.99224223091872322172502063627856715588e+00, 1.63347579910327335869623710642863097301e+00, -4.2778119756618849e+01, -3.5546387688182285e+00
0.94200000, 2.67715786289887321002808270072499389407e+00, -2.18653613234921670070869146842128440844e+00, 3.92889972986333478565514032190564317059e+01, 1.38925531539485897347729025222334999331e+00, 5.98999356758976179112290836776354783320e+00, 1.63019342301181089174107350171318929428e+00, -4.1934394847032127e+01, -4.0089270565542040e+00
0.94300000, 2.67481438784136393221856552089762901499e+00, -2.18264749688002094190273267928475736979e+00, 3.92881268144309811974972524998289043828e+01, 1.38841280051076150232471691960911633095e+00, 5.98784684868145329962013970311412278358e+00, 1.62687353478598162873603532077012995266e+00, -4.1113305824794275e+01, -4.4267786908188209e+00
0.94400000, 2.67238594506194045384626634136661495763e+00, -2.17884952325621193103329245744670375590e+00, 3.92873438479490526957840914638268201195e+01, 1.38759198125515256736164805969164388779e+00, 5.98580698731155946170834762067228224347e+00, 1.62352609366996329396903678092763777432e+00, -4.0316964520511256e+01, -4.8134680043543404e+00
0.94500000, 2.66988215977486460279386941821883421820e+00, -2.17515201558210911705105337592144795364e+00, 3.92866458168400763745411610958307784745e+01, 1.38680275845881143559705496933191180068e+00, 5.98387730404064448588029439948078202400e+00, 1.62016266044157701480823696271957085003e+00, -3.9546281635900190e+01, -5.1748334670298396e+00
0.94600000, 2.66731530498265546604596457572650834420e+00, -2.17156331862254070431156437770706746064e+00, 3.92860278866568013432845162301732888056e+01, 1.38605503999883076813201779594930709167e+00, 5.98205887994710770519952566381270272547e+00, 1.61679615693563838245776636834283234138e+00, -3.8800647292034193e+01, -5.5169644700402120e+00
0.94700000, 2.66470016843975753815023535589324329553e+00, -2.16808934175319309478480352406956257570e+00, 3.92854827071780975379436374617506529414e+01, 1.38535805732872591859237647084704246273e+00, 5.98034988512110213431836210114792030119e+00, 1.61344034650444588263913253445322419228e+00, -3.8077683926051410e+01, -5.8456978006463603e+00
0.94800000, 2.66205351145673588749763095468831214658e+00, -2.16473248117778800917547024329627740920e+00, 3.92850003778733758054023402931256966884e+01, 1.38471946956556610303471274783274315773e+00, 5.97874500675661276218022843864554917044e+00, 1.61010896712207511254068569703632554124e+00, -3.7373187745051101e+01, -6.1659223699560510e+00
0.94900000, 2.65939299680654554852634121501645363595e+00, -2.16149062450466608230587361483478483556e+00, 3.92845687882691678610142424627876112327e+01, 1.38414433081402771654586098641074850975e+00, 5.97723516613476703698988450855728746647e+00, 1.60681450487455930624172090677396947017e+00, -3.6681399845693069e+01, -6.4807660573050380e+00
0.95000000, 2.65673555230147816099021132888143000311e+00, -2.15835652690028943726176425778594873067e+00, 3.92841744586941335456285457488528942695e+01, 1.38363409671426490033065460964516322486e+00, 5.97580775358041853021741105660358317629e+00, 1.60356670678290458189694986428685576826e+00, -3.5995719212644188e+01, -6.7908462708324760e+00
0.95100000, 2.65409531250030690980377750335292426108e+00, -2.15531790469470610450375012636041615977e+00, 3.92838039130100569642749919311969616493e+01, 1.38318594615198279108357863722660410660e+00, 5.97444757736773509082163979719665033935e+00, 1.60037108661325282545587020022059120890e+00, -3.5309851870627777e+01, -7.0938618129369076e+00
0.95200000, 2.65148151104253155189633545575703910081e+00, -2.15235852655219491718859703298401051374e+00, 3.92834454419362553636363518936487045711e+01, 1.38279273406886845814958199680264636313e+00, 5.97313857556217009735303404686706273609e+00, 1.59722781998054454318719799570881720410e+00, -3.4619191353150557e+01, -7.3848068105394835e+00
0.95300000, 2.64889688095537187339400140981423708295e+00, -2.14946034998067767163965108322141760133e+00, 3.92830909119367985525162602497916380250e+01, 1.38244380700639797705827509472195878067e+00, 5.97186608847049629253119531493571886141e+00, 1.59413146319734517324460925255410689591e+00, -3.3922033953099980e+01, -7.6569298152666455e+00
0.95400000, 2.64633713038524843269456803050128759430e+00, -2.14660640082921167663271694848763368409e+00, 3.92827371418744800192839953526291496586e+01, 1.38212668936916770022753121213165591895e+00, 5.97061922502652116379933702554913339312e+00, 1.59107178862007731250057710922506295750e+00, -3.3220189165414081e+01, -7.9032726108132534e+00
0.95500000, 2.64379183242903592483410215321040475026e+00, -2.14378377783405810371128576537794429227e+00, 3.92823864041872470403539943855646054471e+01, 1.38182936094208573016194026573747452983e+00, 5.96939271935163899258195356368594152774e+00, 1.58803572482664070258902131101761451847e+00, -3.2518728948216095e+01, -8.1183601005296922e+00
0.95600000, 2.64124667840052518116611062177405185491e+00, -2.14098604910770630034592806063951908336e+00, 3.92820458183575415746887248227723813255e+01, 1.38154263058165193442211527351817722550e+00, 5.96818775382454917259499799608043155996e+00, 1.58501005136181730933186217396625160100e+00, -3.1824939933402200e+01, -8.2995497691098763e+00
0.95700000, 2.63868667527664321728021442351287465420e+00, -2.13821444215723539032034430135856250806e+00, 3.92817256924828383343229120793154488917e+01, 1.38126206465588863634120497205330562517e+00, 5.96701148220138333774010663789931012332e+00, 1.58198428063651616117326546362653781113e+00, -3.1146797960508178e+01, -8.4477161703920238e+00
0.95800000, 2.63609966349706914094805021958038073879e+00, -2.13547751018296902268160071196524667006e+00, 3.92814371039271419246647673241380410557e+01, 1.38098903664163300232024596843906928225e+00, 5.96587528330696799577915353491259928684e+00, 1.57895312667956373235995126154624975156e+00, -3.0491339889344535e+01, -8.5671959709936144e+00
0.95900000, 2.63347949104137727070110133895798237969e+00, -2.13278923256477400294046567316861676206e+00, 3.92811891372372007455035047651004088431e+01, 1.38073062804336603455684866101764428699e+00, 5.96479199915527314002680204668069416508e+00, 1.57591804797773587867555990222183178952e+00, -2.9863208924034094e+01, -8.6650747366540374e+00
0.96000000, 2.63082819401037270665241901742729226602e+00, -2.13016571608435059736709366351470979969e+00, 3.92809862658920921288382827456729965433e+01, 1.38049825227110327217050740104985650933e+00, 5.96377256200278269429397131126253954486e+00, 1.57288745312353703979723055489337456792e+00, -2.9263555326574188e+01, -8.7499070430594447e+00
0.96100000, 2.62815651766603710680538988968960885371e+00, -2.12762088861567625642288539237526626179e+00, 3.92808264585388774310286724889417588992e+01, 1.38030501616133033883376343616962160004e+00, 5.96282258909064385382363413101808504036e+00, 1.56987524566216215170844024050548490835e+00, -2.8689506731267657e+01, -8.8299321649700323e+00
0.96200000, 2.62548213923397888582290960788916208382e+00, -2.12516196614665135409427379512260243072e+00, 3.92807007137462091238548948747224535417e+01, 1.38016210131642908544327845639367438178e+00, 5.96193979763249447688377331514038147972e+00, 1.56689757483796336182608835137117626051e+00, -2.8134554836114481e+01, -8.9109586613963709e+00
0.96300000, 2.62282529883618910480110970168371428387e+00, -2.12278604534702378661395770815558955300e+00, 3.92805947063007943553647281961194737016e+01, 1.38007494941822791076362915670431031962e+00, 5.96111336207420355819714000860248781605e+00, 1.56396815963524262337538036631878013119e+00, -2.7590219851538118e+01, -8.9944498251167326e+00
0.96400000, 2.62020250709737961768873765722560985387e+00, -2.12047958248903924715203353344131904548e+00, 3.92804927416323318249385496426249144424e+01, 1.38004065286147653783112655713217216019e+00, 5.96032622027674794610103799827120760749e+00, 1.56109343540063851431354795697235795310e+00, -2.7048934175632032e+01, -9.0767749102362052e+00
0.96500000, 2.61762043804619232809157217399616082819e+00, -2.11822205483877624161508783250995153081e+00, 3.92803830983105228423898845627603875257e+01, 1.38004816679424545679690870774401613994e+00, 5.95956037498959754620571205760171731449e+00, 1.55826962869897167593979901092973259587e+00, -2.6507185389599810e+01, -9.1505528075367696e+00
0.96600000, 2.61507306555244665235292733557663203137e+00, -2.11599330272250057519992634429752642381e+00, 3.92802625623858830525074938218835736418e+01, 1.38008211826882793228186346059108501908e+00, 5.95880351036775584527488543036060735943e+00, 1.55548379063892379342032928269889650873e+00, -2.5967221299779316e+01, -9.2080365341702970e+00
0.96700000, 2.61254429785884247932589255823435951521e+00, -2.11378164753220429979499696824294067258e+00, 3.92801376159852416300601234118186295209e+01, 1.38012911418424386402571969826735381819e+00, 5.95805382508206062874991380011419384669e+00, 1.55271919860006049251271700163292162027e+00, -2.5436015753450538e+01, -9.2450303001880856e+00
0.96800000, 2.61001570146509973600429265435076716456e+00, -2.11158866073816532944144508469752980948e+00, 3.92800210547854443601602538580734572296e+01, 1.38018367907280274891678108080279057138e+00, 5.95732023004921262998741517362367807852e+00, 1.54996305881644337702318187814230252218e+00, -2.4921747971208318e+01, -9.2631947746759217e+00
0.96900000, 2.60747594314252362843392041786262445959e+00, -2.10942759451447457231500716427640732763e+00, 3.92799251756561901877098946370848989670e+01, 1.38025062549379293273212102315622952401e+00, 5.95661716288140842194438311063834002612e+00, 1.54721275496118569238329424907958634868e+00, -2.4429528608139417e+01, -9.2693947575360699e+00
0.97000000, 2.60492708099461989381432606587180691156e+00, -2.10731545101196019336435519816118001759e+00, 3.92798547458430679996998178364195602994e+01, 1.38034207326123406679935698152065294361e+00, 5.95595609176360364232490326125792328687e+00, 1.54447706280093959821344690297276966557e+00, -2.3958553500397689e+01, -9.2722200609658193e+00
0.97100000, 2.60238354793070751271197568386480694886e+00, -2.10526220561662231982690709482289382814e+00, 3.92798037840315266925890834439674184874e+01, 1.38046993555891139784839507893460714715e+00, 5.95533806918502593079233848221810200785e+00, 1.54177079685148849390422771715560197590e+00, -2.3502446409384930e+01, -9.2771930556863226e+00
0.97200000, 2.59986297170583416672134076008720325504e+00, -2.10326355969615367335962572016464682303e+00, 3.92797590365993658670161448224524895768e+01, 1.38063778995953849452122653077255296442e+00, 5.95475236599250401791776052387792198585e+00, 1.53910500348132471800189834577147044844e+00, -2.3053312105728469e+01, -9.2834111926177534e+00
0.97300000, 2.59737375414750635600469638948752150263e+00, -2.10130338678603358278143495595775725552e+00, 3.92797091179646709903701719062894636623e+01, 1.38083801454569986980335353407069891178e+00, 5.95418357209593318272920119061139583158e+00, 1.53647894420413870270565650749554272064e+00, -2.2607436033543596e+01, -9.2845998796352290e+00
0.97400000, 2.59490908009694605029639075408314898408e+00, -2.09936591732252968743792226244295775685e+00, 3.92796529038496147154811019276654391548e+01, 1.38105772937389230286552129032452778929e+00, 5.95362304363384636958757323326690089913e+00, 1.53388094332966747307704034299296756266e+00, -2.2168005478564799e+01, -9.2747813389563420e+00
0.97500000, 2.59245398375764039321581598820849973137e+00, -2.09744821593191367525946421631994288132e+00, 3.92795993386480081201194215841590631464e+01, 1.38128966552453604504535617940605423156e+00, 5.95307496633361297277969338203939194587e+00, 1.53129887613122431107099963372858161893e+00, -2.1741642137748910e+01, -9.2539584332067914e+00
0.97600000, 2.59000026636918696161486822626664885680e+00, -2.09556068749989576793815153118340039277e+00, 3.92795576690936564992633167006916246277e+01, 1.38153790339981594019988949828255899317e+00, 5.95255033677997787941568519343028011565e+00, 1.52873124194338690283030426128179588977e+00, -2.1331488578453556e+01, -9.2280003778183058e+00
0.97700000, 2.58755429767887900864379462150149554094e+00, -2.09371379469744612519919717352281102287e+00, 3.92795274234235778644022751389992487996e+01, 1.38181182881123130023281261413792342917e+00, 5.95205396378378657816492414048584471547e+00, 1.52618714826606989580146469002520615613e+00, -2.0933978933517420e+01, -9.2022772892178552e+00
0.97800000, 2.58512801631588728169139280037593257799e+00, -2.09190504298395846043040423778479139601e+00, 3.92794997119613238137386325248475658138e+01, 1.38211416963807090818564478585967486651e+00, 5.95157886944766040731744479044895408472e+00, 1.52367419825803812039186601487057214956e+00, -2.0543456733708584e+01, -9.1758944414319380e+00
0.97900000, 2.58272327641668808282570373205669797781e+00, -2.09012289842862793097119124055946623662e+00, 3.92794691263636244186077346540584729316e+01, 1.38243794272517393722009534974672268220e+00, 5.95111583939948747785550209705982563282e+00, 1.52118880962460259677134204560713385486e+00, -2.0159396430385624e+01, -9.1441437632787776e+00
0.98000000, 2.58033134786784665874425736310818139974e+00, -2.08836300308694641315995976057889026773e+00, 3.92794399574796435788742557000907597917e+01, 1.38277714045861285274354362805992422516e+00, 5.95066539402427851222088409402321932370e+00, 1.51872280166733797407072194371192904872e+00, -1.9785886508604821e+01, -9.1062457690084216e+00
0.98100000, 2.57794853180330775796560438976744956258e+00, -2.08663163250363606835055100150664164479e+00, 3.92794169720500222624848602791721420160e+01, 1.38313471931771211694628407383795494058e+00, 5.95023359953723844080292174098292560392e+00, 1.51627618965549487312397396610140345136e+00, -1.9423944470846878e+01, -9.0661520376404102e+00
0.98200000, 2.57558084168832077477059075683087329355e+00, -2.08493099734899875064799364540349377778e+00, 3.92793969292760065260652245604670133934e+01, 1.38351442495434098493901453615027094988e+00, 5.94981942253615468276257775475922612099e+00, 1.51385427127947374214560277672610449960e+00, -1.9070174187703858e+01, -9.0251302370466179e+00
0.98300000, 2.57323009075157950370269440901045192299e+00, -2.08325510464640616202592588935669516220e+00, 3.92793764356280080373872912186195066693e+01, 1.38391295217385099164171308813141572437e+00, 5.94941770314241293074663856436316586962e+00, 1.51145579119062999892411911769065911184e+00, -1.8723882415395278e+01, -8.9807235279209411e+00
0.98400000, 2.57089197347133668089387912252929110768e+00, -2.08160286202517922448131226618423328993e+00, 3.92793580020548946434167137838924667536e+01, 1.38432807331344312601747689870044865988e+00, 5.94902944574563280367185944713972247142e+00, 1.50907717563561005406755091184935389662e+00, -1.8386985945797899e+01, -8.9334176332486320e+00
0.98500000, 2.56856756786283679643686401696504540896e+00, -2.07997648355901533999853812613368607425e+00, 3.92793417075460943550488836503529628061e+01, 1.38476174811852947961966718289398583931e+00, 5.94865573362874760316887501197165089200e+00, 1.50672015203535082959961246687473156475e+00, -1.8058358693531868e+01, -8.8848064773848673e+00
0.98600000, 2.56625805771047879772275873972556316986e+00, -2.07837338433649706639659139715291568028e+00, 3.92793258120776065662010774008015779354e+01, 1.38521272993021565500864627671911415121e+00, 5.94829414721082061431816466427691601925e+00, 1.50438446453155705187709960453300231621e+00, -1.7737346694922099e+01, -8.8339765394005198e+00
0.98700000, 2.56396195390600693287916109850247800850e+00, -2.07679319821255742349925577159267419259e+00, 3.92793111911161038476259496721394549306e+01, 1.38568029780402643609711969733767250580e+00, 5.94794501388326061348203063185069278338e+00, 1.50206888322306781552847944287082668009e+00, -1.7424428233892217e+01, -8.7814691513182980e+00
0.98800000, 2.56168000235203076615012353016430953479e+00, -2.07523548298100101462644785042966550163e+00, 3.92792971776009675380306256947974218157e+01, 1.38616449179952889170550208807977789193e+00, 5.94760764897478566500695802861011577784e+00, 1.49977375337816609055347279720776709134e+00, -1.7118904475253263e+01, -8.7274562683457426e+00
0.98900000, 2.55941171981830374287315067095758830181e+00, -2.07369937282667820680016666894228132613e+00, 3.92792837827866104782854504762132550858e+01, 1.38666461462021287338000922992535633077e+00, 5.94728159259657368231034304345035374131e+00, 1.49749835385706893909730839940827874740e+00, -1.6820812872958660e+01, -8.6720354775993259e+00
0.99000000, 2.55715718903572666987196810681159164740e+00, -2.07218433104017338213186297881244561002e+00, 3.92792707529893398543354764716998223935e+01, 1.38718039704436337617057261904537194055e+00, 5.94696638011824546501431071702998368514e+00, 1.49524251092136101159041210333562537834e+00, -1.6529828581864193e+01, -8.6153675926569201e+00
0.99100000, 2.55491623370284089627518369694735847950e+00, -2.07068975652788134648918914928488383827e+00, 3.92792579863967874132222895034351674293e+01, 1.38771142974157198166533737633983669597e+00, 5.94666161357464166608293837536402568245e+00, 1.49300583664835431585506515370017521624e+00, -1.6245791285908180e+01, -8.5575991154038280e+00
0.99200000, 2.55268876106560712389303048396368243098e+00, -2.06921506154669020322034267517591312915e+00, 3.92792453285956588679533823514121862525e+01, 1.38825734122452867259353038657825439664e+00, 5.94636687031205649239321950044403593398e+00, 1.49078800833569490296276838021655655593e+00, -1.5968496860041629e+01, -8.4988438775072559e+00
0.99300000, 2.55047465873737476554940539833798435944e+00, -2.06775969875386925117510412956302438055e+00, 3.92792326527164217822136331101804239303e+01, 1.38881777864079884348231020113530269552e+00, 5.94608176663329924296749413083831203000e+00, 1.48858870613484695068198336253457704414e+00, -1.5697751586546805e+01, -8.4392209301639284e+00
0.99400000, 2.54827380853018287387965040428982240328e+00, -2.06632313750251080741014421158137533316e+00, 3.92792198414042500944205938521053398987e+01, 1.38939239674297849735531138167857448199e+00, 5.94580593478702180727446556502043848335e+00, 1.48640761283971561431079595349291427327e+00, -1.5433369309910836e+01, -8.3788389013703343e+00
0.99500000, 2.54608608978645886159868834931738686445e+00, -2.06490486686404288477310090048712110996e+00, 3.92792067857007014440326982643660717166e+01, 1.38998086122432008977001500908041660992e+00, 5.94553902363689597288054955609512372433e+00, 1.48424441761915013388467704883096710957e+00, -1.5175168820159395e+01, -8.3177982539861078e+00
0.99600000, 2.54391137909322045570573299218642792060e+00, -2.06350439540239158704676310172888501889e+00, 3.92791933852014726673741234948004971862e+01, 1.39058284851634669380917586333763474193e+00, 5.94528069855894003119675887503309620883e+00, 1.48209881575754722387059633738759345858e+00, -1.4922974143747563e+01, -8.2561924629430030e+00
0.99700000, 2.54174955087684078346585145354211536843e+00, -2.06212125012184743157415378619884650403e+00, 3.92791795473062850397446861711380663900e+01, 1.39119804534338427143068805332764315498e+00, 5.94503064037122168916293163547680494019e+00, 1.47997050866626918751352191480332574183e+00, -1.4676614408090365e+01, -8.1941083323016726e+00
0.99800000, 2.53960047774747599786360124620911661803e+00, -2.06075497560858603364510611747993057471e+00, 3.92791651867077213946989962041195441801e+01, 1.39182614831496092595101541822343460935e+00, 5.94478854451305455065711050383287550317e+00, 1.47785920379569979925640211478278187163e+00, -1.4435923822735656e+01, -8.1316264430058478e+00
0.99900000, 2.53746403089240429633343351940649097370e+00, -2.05940513324213649050937159144064912322e+00, 3.92791502248692273662383740796377113163e+01, 1.39246686358201473662058669674399424772e+00, 5.94455412025591270049756924595153531079e+00, 1.47576461460901715710755767020434624842e+00, -1.4200741574408308e+01, -8.0688215669762906e+00
0.99910000, 2.53725107565886448600360493030076639156e+00, -2.05927103636920101536947835303951743473e+00, 3.92791486927836737467824562420819985078e+01, 1.39253161774816398385661640645548496526e+00, 5.94453108896963474890540248492801699663e+00, 1.47555606419960211396488376757081444324e+00, -1.4177520262742283e+01, -8.0625260300661791e+00
0.99920000, 2.53703824525942790171321141143871356891e+00, -2.05913709916531898646588618490095707231e+00, 3.92791471538895195275110521543322165372e+01, 1.39259649490380425970607782803598926909e+00, 5.94450813134212113479372411713178401002e+00, 1.47534767785913635298942683614469437100e+00, -1.4154352317805315e+01, -8.0562280274428972e+00
0.99930000, 2.53682553956363997300163305870092738615e+00, -2.05900332121803675331200481774055140849e+00, 3.92791456081184197710970559065734670057e+01, 1.39266149477013499859948351595843242792e+00, 5.94448524710395063196243793372549307305e+00, 1.47513945531090380651715105120788443637e+00, -1.4131237586776948e+01, -8.0499276250850286e+00
0.99940000, 2.53661295844097602364218418768213635876e+00, -2.05886970211641868437698947826811702654e+00, 3.92791440554026051314811556555892709480e+01, 1.39272661706923653030354176944421417924e+00, 5.94446243598692738925798665933943543946e+00, 1.47493139627877788371366488850455233427e+00, -1.4108175917310578e+01, -8.0436248884724608e+00
0.99950000, 2.53640050176084412979458672911479860239e+00, -2.05873624145104027766980262507847109175e+00, 3.92791424956748776612292738300700994923e+01, 1.39279186152406687525020021212739471118e+00, 5.94443969772407428559758284682601225568e+00, 1.47472350048722078960368083280826837197e+00, -1.4085167157532309e+01, -8.0373198825898192e+00
0.99960000, 2.53618816939258794659308738501440620768e+00, -2.05860293881398130609376449963607418469e+00, 3.92791409288686066508898760774064613873e+01, 1.39285722785845855022514712047340074245e+00, 5.94441703204962632585001531225320673615e+00, 1.47451576766128283404320195677860683675e+00, -1.4062211156039808e+01, -8.0310126719298759e+00
0.99970000, 2.53597596120548950348770507376761128838e+00, -2.05846979379881899740199627494586751686e+00, 3.92791393549177245000914190048300178300e+01, 1.39292271579711538442289889336469952737e+00, 5.94439443869902407730388182554487858990e+00, 1.47430819752660173081241263683202601499e+00, -1.4039307761901160e+01, -8.0247033204969374e+00
0.99980000, 2.53576387706877196865288625874687851991e+00, -2.05833680600062124858463233919685698658e+00, 3.92791377737567226201224014074553514554e+01, 1.39298832506560934587475040604498100082e+00, 5.94437191740890714645584184578969930217e+00, 1.47410078980940188700492094048707188579e+00, -1.4016456824653713e+01, -8.0183918918102079e+00
0.99996000, 2.53542480014823705343721225419020302551e+00, -2.05812435152833772928204439258890736534e+00, 3.92791352287401526629131052224723699972e+01, 1.39309355157877028096023449086718818145e+00, 5.94433603257660286830072857854509795133e+00, 1.47376927460858100294988797436558735591e+00, -1.3980004061179984e+01, -8.0082894423857856e+00
0.99997000, 2.53540361836162711001057559435973669636e+00, -2.05811108641539056423387921244375096752e+00, 3.92791350690522163642427054238657495860e+01, 1.39310013850013204308892010919616198843e+00, 5.94433379585304382089003807187759514263e+00, 1.47374856866530833928452005544948063572e+00, -1.3977730195570145e+01, -8.0076578739357114e+00
0.99998000, 2.53538243781198731434903379457356958367e+00, -2.05809782286375260040783111963335646381e+00, 3.92791349092904372929505790593414687647e+01, 1.39310672662742502937095283995324097306e+00, 5.94433155984303731244626184127455693805e+00, 1.47372786433884731408423779622407089415e+00, -1.3975456850489693e+01, -8.0070262864045378e+00
0.99999000, 2.53536125849918671671906573789411970567e+00, -2.05808456087302370474757140961532755908e+00, 3.92791347494547517298046385426739237571e+01, 1.39311331596037761182083092924020126037e+00, 5.94432932454632383567109542575584717949e+00, 1.47370716162892605358053322794870984216e+00, -1.3973184025789681e+01, -8.0063946798542299e+00
0.99999100, 2.53535914063592777113782869602048772063e+00, -2.05808323475978541318011060183634365091e+00, 3.92791347334671158648701841610580573139e+01, 1.39311397495997369273238035688143409132e+00, 5.94432910105587361720944422448756983897e+00, 1.47370509144683314919066575111618732739e+00, -1.3972956771934871e+01, -8.0063315181555309e+00
0.99999200, 2.53535702278503577703767102829961865093e+00, -2.05808190866215181240213838615248175471e+00, 3.92791347174787402346887981322381733985e+01, 1.39311463397162338261602878622692222509e+00, 5.94432887757255347574399762056877877668e+00, 1.47370302128090265246255677978640320680e+00, -1.3972729523282228e+01, -8.0062683562673218e+00
0.99999300, 2.53535490494651060346084640781648877081e+00, -2.05808058258012250252232730099823513843e+00, 3.92791347014896247756309456692525753879e+01, 1.39311529299532640998504622812920855111e+00, 5.94432865409636315196124136307043160456e+00, 1.47370095113113429161877969343453748516e+00, -1.3972502279831602e+01, -8.0062051941896643e+00
0.99999400, 2.53535278712035211944912538464074948703e+00, -2.05807925651369708366399381345190178433e+00, 3.92791346854997694240725244201084876057e+01, 1.39311595203108250336126066166426121090e+00, 5.94432843062730238655939965602552835114e+00, 1.47369888099752779488774606044374578559e+00, -1.3972275041582845e+01, -8.0061420319226203e+00
0.99999500, 2.53535066930656019404379564894285336986e+00, -2.05807793046287515596509765571208159378e+00, 3.92791346695091741163948640716726750651e+01, 1.39311661107889139127505772136964065130e+00, 5.94432820716537092024843452363839840526e+00, 1.47369681088008289050370556295178726632e+00, -1.3972047808535808e+01, -8.0060788694662518e+00
0.99999600, 2.53534855150513469628566229408075192700e+00, -2.05807660442765631957824116160777858466e+00, 3.92791346535178387889847259535923071074e+01, 1.39311727013875280226538038449305875948e+00, 5.94432798371056849375004517553301392754e+00, 1.47369474077879930670674592168878227842e+00, -1.3971820580690342e+01, -8.0060157068206205e+00
0.99999700, 2.53534643371607549521504807965716809443e+00, -2.05807527840804017467066860314210641721e+00, 3.92791346375257633782343026422460624749e+01, 1.39311792921066646487972865825133009868e+00, 5.94432776026289484779766737204032714853e+00, 1.47369267069367677174279282080610139930e+00, -1.3971593358046298e+01, -8.0059525439857884e+00
0.99999800, 2.53534431593938245987179369454744641776e+00, -2.05807395240402632142426552706959558377e+00, 3.92791346215329478205412175647254733625e+01, 1.39311858829463210767415926709971526406e+00, 5.94432753682234972313647278952462897309e+00, 1.47369060062471501386360983269638747645e+00, -1.3971366140603528e+01, -8.0058893809618173e+00
0.99999900, 2.53534219817505545929525801989798389746e+00, -2.05807262641561436003555809150710059805e+00, 3.92791346055393920523085246028465059855e+01, 1.39311924739064945921328534001165637736e+00, 5.94432731338893286052336838574892631026e+00, 1.47368853057191376132679834280471231581e+00, -1.3971138928361882e+01, -8.0058262177487691e+00
