0.00000000, 2.26664820294518206481698528978464567957e+00, -1.76420554226330837437252042429970492627e+00, 4.00000000000000000000000000000000000000e+01, 0.00000000000000000000000000000000000000e+00, 5.97974473313429243267052876865939904735e+00, 1.19112288843329125548511933320694560602e+00, -5.9732324848335438e-01, -2.2655484598412695e+00
0.00100000, 2.26599696781540684797352618157440115705e+00, -1.76424490253442826192608884255078607534e+00, 4.00008630711918734517617729832628225954e+01, -6.71437892697648148539208678012161565446e-04, 5.98017683955677758904784832189378174890e+00, 1.19076695251997298343138241779195945670e+00, -6.0035343613859849e-01, -2.2571797049328056e+00
0.00200000, 2.26534640278487666974752120643894451350e+00, -1.76428397731860843991481863662293218106e+00, 4.00017253162613454188874604122354586136e+01, -1.34159537396552914800190913018521912239e-03, 5.98060829432617886195335288519331035724e+00, 1.19041129109417376586955809966696469510e+00, -6.0334852460682105e-01, -2.2488386784795736e+00
0.00300000, 2.26469650679517968619148361051664612805e+00, -1.76432276720889248825012181042039549066e+00, 4.00025867375335058204326748512034249445e+01, -2.01047305421290149603298334451910011455e-03, 5.98103909874741176132091391922486398731e+00, 1.19005590386339712775576751050014987981e+00, -6.0630878181661579e-01, -2.2405253393490905e+00
0.00400000, 2.26404727879061467640064919673646308228e+00, -1.76436127279613609195358659071751737395e+00, 4.00034473373271035097695507415506155114e+01, -2.67807154411531635420817098420337199375e-03, 5.98146925412134701418676964810825420226e+00, 1.18970079053555413468107939992973870656e+00, -6.0923447388834302e-01, -2.2322396457870174e+00
0.00500000, 2.26339871771818145272133388945523103711e+00, -1.76439949466901555233801307657378120326e+00, 4.00043071179545660497601697429829921427e+01, -3.34439145460906055147221278715600273034e-03, 5.98189876174482614524582764117401470409e+00, 1.18934595081896286001596598403986241314e+00, -6.1212586514494699e-01, -2.2239815554280099e+00
0.00600000, 2.26275082252757131187127483818831431200e+00, -1.76443743341403625424029163219334032203e+00, 4.00051660817220194034701398286474848971e+01, -4.00943339688563731903106552385496319023e-03, 5.98232762291067698096760617876616243859e+00, 1.18899138442234784883592237779399446283e+00, -6.1498321812272597e-01, -2.2157510253064393e+00
0.00700000, 2.26210359217115752674883670246274718932e+00, -1.76447508961554108956647337881211151228e+00, 4.00060242309293075408457352764025059355e+01, -4.67319798238628451101728767102506162599e-03, 5.98275583890772907771706832672630706857e+00, 1.18863709105483957866694289249724497072e+00, -6.1780679358205475e-01, -2.2075480118669872e+00
0.00800000, 2.26145702560398587870933849254295936570e+00, -1.76451246385571883740758676610030954053e+00, 4.00068815678700119617754352440933824392e+01, -5.33568582279653006707533214767423328531e-03, 5.98318341102082907432258589571307607724e+00, 1.18828307042597391708912945313650227307e+00, -6.2059685051805980e-01, -2.1993724709751128e+00
0.00900000, 2.26081112178376523008812006076658685616e+00, -1.76454955671461250098297300422473077764e+00, 4.00077380948314711359541471522891056937e+01, -5.99689753004078447482648475712979739676e-03, 5.98361034053085596953027715840341361824e+00, 1.18792932224569157623629349404246774233e+00, -6.2335364617124673e-01, -2.1912243579273969e+00
0.01000000, 2.26016587967085813675132112679062607688e+00, -1.76458636877012760166614598976745626016e+00, 4.00085938140947998599658674805526071670e+01, -6.65683371627696999197168649010693270765e-03, 5.98403662871473632478099213599587174708e+00, 1.18757584622433756422900288113851435578e+00, -6.2607743603808018e-01, -2.1831036274617613e+00
0.01100000, 2.25952129822827150045668965775338780731e+00, -1.76462290059804043034642913901028852617e+00, 4.00094487279349085319980166712333527380e+01, -7.31549499389118638957460537436086861352e-03, 5.98446227684545939274327224337375615457e+00, 1.18722264207266063357811964198374042466e+00, -6.2876847388151605e-01, -2.1750102337675671e+00
0.01200000, 2.25887737642164726080807059103811095708e+00, -1.76465915277200625637788212873851943308e+00, 4.00103028386205223445981864875452946759e+01, -7.97288197549241297983720862402406847865e-03, 5.98488728619209217203268689982734014329e+00, 1.18686970950181272659547251825877949640e+00, -6.3142701174148592e-01, -2.1669441304955916e+00
0.01300000, 2.25823411321925312658855036208552244739e+00, -1.76469512586356749436530481695900070317e+00, 4.00111561484142003958815572511383782136e+01, -8.62899527390724669343585669108866003548e-03, 5.98531165801979438854504817135416941077e+00, 1.18651704822334841784791054713578140339e+00, -6.3405329994533377e-01, -2.1589052707678858e+00
0.01400000, 2.25759150759197334625854756093126406602e+00, -1.76473082044216182903539345421274415518e+00, 4.00120086595723547195947787505450637838e+01, -9.28383550217467597322772443806837580987e-03, 5.98573539358983340382812541514447253346e+00, 1.18616465794922435369058998644147227680e+00, -6.3664758711820486e-01, -2.1508936071875136e+00
0.01500000, 2.25694955851329951740644536651372963445e+00, -1.76476623707513029843942558210692971679e+00, 4.00128603743452692344396621290736058173e+01, -9.93740327354089025286527677427675481160e-03, 5.98615849415959905091362505269916301250e+00, 1.18581253839179868891495688245177435894e+00, -6.3921012019338680e-01, -2.1429090918481742e+00
0.01600000, 2.25630826495932143494065727427699019698e+00, -1.76480137632772533573216463206702511144e+00, 4.00137112949771186130576005934356294070e+01, -1.05896992014541247905707112356318128439e-02, 5.98658096098261839802836581277965916770e+00, 1.18546068926383052054650139779450699757e+00, -6.4174114442260273e-01, -2.1349516763437089e+00
0.01700000, 2.25566762590871797781330411645247049795e+00, -1.76483623876311876977000306803244647466e+00, 4.00145614237059870710732241983529857520e+01, -1.12407238995595406300228514275777303063e-02, 5.98700279530857044060076686856520373997e+00, 1.18510911027847931882697762998308153161e+00, -6.4424090338625660e-01, -2.1270213117774922e+00
0.01800000, 2.25502764034274803406695755122102515915e+00, -1.76487082494240978476970384693631139276e+00, 4.00154107627638870765933981244998256146e+01, -1.18904779816941394619960550747400323786e-02, 5.98742399838330072197597505634302493873e+00, 1.18475780114930435541540401870684331333e+00, -6.4670963900363061e-01, -2.1191179487717113e+00
0.01900000, 2.25438830724524146399717314162892256914e+00, -1.76490513542463283926745388648859273022e+00, 4.00162593143767779805552946454962229575e+01, -1.25389620618817131620644095183999942655e-02, 5.98784457144883588325018761894369259149e+00, 1.18440676159026412884178452275360537737e+00, -6.4914759154303473e-01, -2.1112415374765320e+00
0.02000000, 2.25374962560259010122479493187442169300e+00, -1.76493917076676554461631001829745935108e+00, 4.00171070807645845683149062435478631891e+01, -1.31861767543278277813449455826485010399e-02, 5.98826451574339814263197848091903218525e+00, 1.18405599131571578724711950636532040100e+00, -6.5155499963190824e-01, -2.1033920275791547e+00
0.02100000, 2.25311159440373879147326313094290042797e+00, -1.76497293152373650325849745408696940277e+00, 4.00179540641412155328650209531516032370e+01, -1.38321226734148417689009263334412555953e-02, 5.98868383250141970473570875088116826843e+00, 1.18370549004041454844290767138949163690e+00, -6.5393210026687345e-01, -2.0955693683127597e+00
0.02200000, 2.25247421264017646884739720443067133658e+00, -1.76500641824843310700741299315622166676e+00, 4.00188002667145818700693508596380533541e+01, -1.44768004336969582060605777679364956721e-02, 5.98910252295355710020939577797571431128e+00, 1.18335525747951311732297636767483945721e+00, -6.5627912882374148e-01, -2.0877735084653445e+00
0.02300000, 2.25183747930592726941135842698615870231e+00, -1.76503963149170929557258994080422407663e+00, 4.00196456906866151962971906269170546404e+01, -1.51202106498953108345280401379551635974e-02, 5.98952058832670545609672948438717450521e+00, 1.18300529334856110066011717208015006972e+00, -6.5859631906747010e-01, -2.0800043963884539e+00
0.02400000, 2.25120139339754168186471883168666515875e+00, -1.76507257180239327555929888180640503212e+00, 4.00204903382532859888406848504746504557e+01, -1.57623539368930836617719465441744312150e-02, 5.98993802984401269733025967602967440884e+00, 1.18265559736350441931964670894760801290e+00, -6.6088390316207381e-01, -2.0722619800058030e+00
0.02500000, 2.25056595391408773511677757978985756855e+00, -1.76510523972729520017288795281359953889e+00, 4.00213342116046217494945008024017947171e+01, -1.64032309097306639287729936313494111997e-02, 5.99035484872489367975013342282454278504e+00, 1.18230616924068471792165925507604478185e+00, -6.6314211168048587e-01, -2.0645462068217957e+00
0.02600000, 2.24993115985714222256047113494376412515e+00, -1.76513763581121480985640797643255506133e+00, 4.00221773129247250916754366310819606773e+01, -1.70428421836008282267952705575809825855e-02, 5.99077104618504425504013722355745174177e+00, 1.18195700869683877198338769366267500927e+00, -6.6537117361437271e-01, -2.0568570239299386e+00
0.02700000, 2.24929701023078196284842032976833211908e+00, -1.76516976059694903408852165244696755815e+00, 4.00230196443917917514572441762880495134e+01, -1.76811883738439615514170686958604393601e-02, 5.99118662343645526797019435525961466542e+00, 1.18160811544909789257274281831395785286e+00, -6.6757131638390033e-01, -2.0491943780211529e+00
0.02800000, 2.24866350404157509697484552877097238250e+00, -1.76520161462529955456716184387576904517e+00, 4.00238612081781285228937101390836375783e+01, -1.83182700959433090836155164642612586281e-02, 5.99160158168742648633188338203870361818e+00, 1.18125948921498732850375780440506447886e+00, -6.6974276584745306e-01, -2.0415582153919832e+00
0.02900000, 2.24803064029857242146826068824442692184e+00, -1.76523319843508033000288174407367467283e+00, 4.00247020064501711180008192844082615578e+01, -1.89540879655202604892457809111657752155e-02, 5.99201592214258046395097909359810681858e+00, 1.18091112971242566610432482553415835410e+00, -6.7188574631130450e-01, -2.0339484819527065e+00
0.03000000, 2.24739841801329875750102825892118061095e+00, -1.76526451256312508274432926358694313945e+00, 4.00255420413685019517666185329328594761e+01, -1.95886425983296665297898587826691459908e-02, 5.99242964600287633715847199124692248012e+00, 1.18056303665972422658627426270204850799e+00, -6.7400048053924076e-01, -2.0263651232353414e+00
0.03100000, 2.24676683619974435572301963792102910968e+00, -1.76529555754429474745677923069978260400e+00, 4.00263813150878678525552110991342237332e+01, -2.02219346102551877787722523008245605380e-02, 5.99284275446562355509899667253641374332e+00, 1.18021520977558646104751369866358353240e+00, -6.7608718976213609e-01, -2.0188080844015581e+00
0.03200000, 2.24613589387435633662778031952294212678e+00, -1.76532633391148488207316985723416565146e+00, 4.00272198297571976982691351370335786673e+01, -2.08539646173046752397501952760153707659e-02, 5.99325524872449554425309291986329867151e+00, 1.17986764877910734313561387553782337570e+00, -6.7814609368748085e-01, -2.0112773102504915e+00
0.03300000, 2.24550559005603016626074508551968602865e+00, -1.76535684219563304123561428185354527864e+00, 4.00280575875196199786322215471839278707e+01, -2.14847332356055826632846689301024421542e-02, 5.99366712996954330754723581012452499630e+00, 1.17952035338977275940190198649810170420e+00, -6.8017741050886191e-01, -2.0037727452264579e+00
0.03400000, 2.24487592376610116708018658078536235719e+00, -1.76538708292572611244389376847975036264e+00, 4.00288945905124802839528805628059738634e+01, -2.21142410814004103617853283689245424097e-02, 5.99407839938720895842310257001061863503e+00, 1.17917332332745889737479903882986789813e+00, -6.8218135691539557e-01, -1.9962943334265752e+00
0.03500000, 2.24424689402833606378271050303036707671e+00, -1.76541705662880761512598621001797136906e+00, 4.00297308408673587207256363550082693438e+01, -2.27424887710421803225977534579895911516e-02, 5.99448905816033919023509404453794571641e+00, 1.17882655831243163138081753284938557000e+00, -6.8415814810111301e-01, -1.9888420186082899e+00
0.03600000, 2.24361849986892456390623246178603396034e+00, -1.76544676382998496284424187088826366334e+00, 4.00305663407100872544266130633318576754e+01, -2.33694769209899424211652443741152054535e-02, 5.99489910746819868134269736621511072599e+00, 1.17848005806534590614131831648781346027e+00, -6.8610799777429840e-01, -1.9814157441968101e+00
0.03700000, 2.24299074031647097302448539413130238013e+00, -1.76547620505243668884938770029992322910e+00, 4.00314010921607669798565742559743567095e+01, -2.39952061478043115375498037947615903200e-02, 5.99530854848648343626186355158846560136e+00, 1.17813382230724511817281116648866858633e+00, -6.8803111816677958e-01, -1.9740154532924458e+00
0.03800000, 2.24236361440198584434821232665883180226e+00, -1.76550538081741963519312196710979134598e+00, 4.00322350973337853193830307424983525422e+01, -2.46196770681430353810380850387113783996e-02, 5.99571738238733406323717915507640185406e+00, 1.17778785075956049501827238222167744294e+00, -6.8992772004317162e-01, -1.9666410886778585e+00
0.03900000, 2.24173712115887766254929730723010386848e+00, -1.76553429164427610560865231271568052726e+00, 4.00330683583378331494308587901135282069e+01, -2.52428902987565928289880380161791875053e-02, 5.99612561033934898859423462271325292164e+00, 1.17744214314411047233664442551168963697e+00, -6.9179801271007307e-01, -1.9592925928252195e+00
0.04000000, 2.24111125962294456162517755818508977069e+00, -1.76556293805044098236713249788720790767e+00, 4.00339008772759218555688120232055484923e+01, -2.58648464564838225874908511598444448815e-02, 5.99653323350759760822923345786897000706e+00, 1.17709669918310006887737736839234686866e+00, -6.9364220402521524e-01, -1.9519699079032795e+00
0.04100000, 2.24048602883236607662196238629919479545e+00, -1.76559132055144880731656604075143876817e+00, 4.00347326562454003165372655060874594616e+01, -2.64855461582475819828306652240702479289e-02, 5.99694025305363337659054558581913017007e+00, 1.17675151859912025936656958943679599944e+00, -6.9546050040656427e-01, -1.9446729757843492e+00
0.04200000, 2.23986142782769492903575918482128881964e+00, -1.76561943966094082730836851523126893118e+00, 4.00355636973379718175604996133379023979e+01, -2.71049900210504356941215206579031146748e-02, 5.99734667013550683350458523426643981488e+00, 1.17640660111514734533096575774570931333e+00, -6.9725310684137646e-01, -1.9374017380511927e+00
0.04300000, 2.23923745565184884571277403974557426997e+00, -1.76564729589067200421541441185100694836e+00, 4.00363940026397108932848141738689530483e+01, -2.77231786619703742388871899551819417765e-02, 5.99775248590777856919608808402641375102e+00, 1.17606194645454232388577363157368653523e+00, -6.9902022689520656e-01, -1.9301561360038339e+00
0.04400000, 2.23861411135010241106981406589700701730e+00, -1.76567488975051798974403906660695243309e+00, 4.00372235742310801006817599282675885419e+01, -2.83401126981565620247250348253855568199e-02, 5.99815770152153212785057424095004730080e+00, 1.17571755434105025451196754606600993214e+00, -7.0076206272086938e-01, -1.9229361106662774e+00
0.04500000, 2.23799139397007895245787070774665702326e+00, -1.76570222174848206524112115003299646922e+00, 4.00380524141869467222537844591310458451e+01, -2.89557927468251147815599091707939526909e-02, 5.99856231812438685006451259101138137342e+00, 1.17537342449879962384845564210192443943e+00, -7.0247881506735469e-01, -1.9157416027931451e+00
0.04600000, 2.23736930256174245849250790389813417953e+00, -1.76572929239070204669603648999697294327e+00, 4.00388805245765993998776133371309648277e+01, -2.95702194252549061903484957635904026052e-02, 5.99896633686051065452644818095260560458e+00, 1.17502955665230170852419986656353641400e+00, -7.0417068328869549e-01, -1.9085725528762280e+00
0.04700000, 2.23674783617738953017581629115915241142e+00, -1.76575610218145715513594949130102777551e+00, 4.00397079074637646996187241683597332649e+01, -3.01833933507834035254384093699028370937e-02, 5.99936975887063275927011727392279826599e+00, 1.17468595052644993605509252455495849528e+00, -7.0583786535278988e-01, -1.9014289011509561e+00
0.04800000, 2.23612699387164136463572457178043923991e+00, -1.76578265162317485261159402681218405050e+00, 4.00405345649066236078483214289940402252e+01, -3.07953151408025321291200131696963104516e-02, 5.99977258529205634283835452147803096780e+00, 1.17434260584651924383011065758316106705e+00, -7.0748055785017638e-01, -1.8943105876027857e+00
0.04900000, 2.23550677470143577130948184304633218035e+00, -1.76580894121643764396939132341776909319e+00, 4.00413604989578279589922833301996141756e+01, -3.14059854127545685382322691082722763661e-02, 6.00017481725867114569439312976650968947e+00, 1.17399952233816543621098973018997315203e+00, -7.0909895600276308e-01, -1.8872175519735059e+00
0.05000000, 2.23488717772601922039914014867313462923e+00, -1.76583497145998984460445796719289210152e+00, 4.00421857116645167952396283691185275988e+01, -3.20154047841280620839971658655084697738e-02, 6.00057645590096601221497183965189489773e+00, 1.17365669972742453976938100301123344818e+00, -7.1069325367251053e-01, -1.8801497337674642e+00
0.05100000, 2.23426820200693892342787481264990777854e+00, -1.76586074285074431438777262219211098936e+00, 4.00430102050683326585361385912157661765e+01, -3.26235738724537847875604291726526914988e-02, 6.00097750234604137359749185017978720398e+00, 1.17331413774071215668518252505568519170e+00, -7.1226364337006854e-01, -1.8731070722577136e+00
0.05200000, 2.23364984660803494572698131398564892331e+00, -1.76588625588378915795949531343490908968e+00, 4.00438339812054378151868788165646520179e+01, -3.32304932953007093750094061332420198625e-02, 6.00137795771762167201131235570176389396e+00, 1.17297183610482281632946186476483085975e+00, -7.1381031626336701e-01, -1.8660895064920809e+00
0.05300000, 2.23303211059543235068438161056186157948e+00, -1.76591151105239439157916808492830120141e+00, 4.00446570421065304133894660700228858762e+01, -3.38361636702720152369223150730897428454e-02, 6.00177782313606772632113500394668182121e+00, 1.17262979454692932505511949105468812645e+00, -7.1533346218616088e-01, -1.8590969752991569e+00
0.05400000, 2.23241499303753337558645997670152598634e+00, -1.76593650884801857672227042671903002779e+00, 4.00454793897968605740180711057381268476e+01, -3.44405856150011221587765514902034645770e-02, 6.00217709971838903970830518143879535406e+00, 1.17228801279458211421817508526395778133e+00, -7.1683326964652931e-01, -1.8521294172942101e+00
0.05500000, 2.23179849300500963888602863644634396832e+00, -1.76596124976031542061135699051921643144e+00, 4.00463010262962464149762741339058641965e+01, -3.50437597471477516498075243208610979066e-02, 6.00257578857825604951375146122248916104e+00, 1.17194649057570858645229498624356537339e+00, -7.1830992583532922e-01, -1.8451867708850251e+00
0.05600000, 2.23118260957079437873019680670116346035e+00, -1.76598573427714034386876870168954107606e+00, 4.00471219536190900094350495468926783959e+01, -3.56456866843940156991636495991756820472e-02, 6.00297389082601231962419367441464334148e+00, 1.17160522761861246021891741750987773947e+00, -7.1976361663460331e-01, -1.8382689742776642e+00
0.05700000, 2.23056734181007472258288326470497197145e+00, -1.76600996288455701547668134733157383094e+00, 4.00479421737743932782703195082649715030e+01, -3.62463670444405327894477344833891617093e-02, 6.00337140756868667572117476144044777495e+00, 1.17126422365197311265507309152181149851e+00, -7.2119452662594262e-01, -1.8313759654821568e+00
0.05800000, 2.22995268880028398777767227560359984110e+00, -1.76603393606684385522903799771852203240e+00, 4.00487616887657738170126936182695884434e+01, -3.68458014450025709989701265829423437265e-02, 6.00376833991000528371041169189911722126e+00, 1.17092347840484492074074220608466637237e+00, -7.2260283909880387e-01, -1.8245076823181131e+00
0.05900000, 2.22933864962109401283766571065113410381e+00, -1.76605765430650050385870312380091160774e+00, 4.00495805005914806576202014100461058539e+01, -3.74439905038062180252647637953657738818e-02, 6.00416468895040367164691618603203149802e+00, 1.17058299160665660080733471626218397298e+00, -7.2398873605878157e-01, -1.8176640624202673e+00
0.06000000, 2.22872522335440751939993050671932909122e+00, -1.76608111808425426102197693030918739759e+00, 4.00503986112444099653830260702559598874e+01, -3.80409348385845779636357199277952989749e-02, 6.00456045578703869546930659909213520188e+00, 1.17024276298721054640862905689846670771e+00, -7.2535239823583511e-01, -1.8108450432439467e+00
0.06100000, 2.22811240908435050458308031485920754736e+00, -1.76610432787906649132141815600930303831e+00, 4.00512160227121206712674614246259282872e+01, -3.86366350670739946757090819462741620657e-02, 6.00495564151380044885471801707795656311e+00, 1.16990279227668216457525518108934039092e+00, -7.2669400509247094e-01, -1.8040505620704716e+00
0.06200000, 2.22750020589726466363746331070101074166e+00, -1.76612728416813899854674232463484510567e+00, 4.00520327369768500400045397926401584258e+01, -3.92310918070103015841630957219630380476e-02, 6.00535024722132411750371823399761661385e+00, 1.16956307920561921047356084414270210069e+00, -7.2801373483187993e-01, -1.7972805560124835e+00
0.06300000, 2.22688861288169984271835474311866252232e+00, -1.76614998742692036831239008731201329963e+00, 4.00528487560155291742270157065684668066e+01, -3.98243056761250977309985578329174394266e-02, 6.00574427399700177816265271391651032981e+00, 1.16922362350494112048945547643835030373e+00, -7.2931176440603013e-01, -1.7905349620192046e+00
0.06400000, 2.22627762912840652162347293000476231202e+00, -1.76617243812911227926919680600372315670e+00, 4.00536640817997984549566396192494371838e+01, -4.04162772921420499378914897978821444556e-02, 6.00613772292499414268887176350368138335e+00, 1.16888442490593834375758372811051683617e+00, -7.3058826952371492e-01, -1.7838137168816278e+00
0.06500000, 2.22566725373032832633705112094865742405e+00, -1.76619463674667578306643981441092632448e+00, 4.00544787162960229187419165043760293117e+01, -4.10070072727732209083412857956008974836e-02, 6.00653059508624224746233783173943622734e+00, 1.16854548314027167215594080986038425613e+00, -7.3184342465855683e-01, -1.7771167572376393e+00
0.06600000, 2.22505748578259457122360498539942608596e+00, -1.76621658374983755323939378535350146961e+00, 4.00552926614653075717448165950336926131e+01, -4.15964962357154231124898524643354675593e-02, 6.00692289155847908844516999310866286439e+00, 1.16820679793997156878580407394671670419e+00, -7.3307740305696707e-01, -1.7704440195770734e+00
0.06700000, 2.22444832438251283071543650041704335351e+00, -1.76623827960709610319638726005918789131e+00, 4.00561059192635126410731893242376395384e+01, -4.21847447986465982966408360678686092777e-02, 6.00731461341624120218875614031266150453e+00, 1.16786836903743749495661985423875854928e+00, -7.3429037674606097e-01, -1.7637954402467011e+00
0.06800000, 2.22383976862956154033880975283546294504e+00, -1.76625972478522797347822458383846493508e+00, 4.00569184916412687636539267392678600789e+01, -4.27717535792222224606529337311988877877e-02, 6.00770576173088019308615109471178261846e+00, 1.16753019616543723569525139113525721487e+00, -7.3548251654152938e-01, -1.7571709554551526e+00
0.06900000, 2.22323181762538262692462268462918507689e+00, -1.76628091974929388846171717380270415041e+00, 4.00577303805439921129402291745012597109e+01, -4.33575231950717361475175864624210400609e-02, 6.00809633757057420716558062086822940058e+00, 1.16719227905710622379876268339260008399e+00, -7.3665399205546628e-01, -1.7505705012777746e+00
0.07000000, 2.22262447047377416785028114512395344388e+00, -1.76630186496264488267795614773753404787e+00, 4.00585415879118994637446437007094898628e+01, -4.39420542637949998905591264611725064543e-02, 6.00848634200033935271898709027027159664e+00, 1.16685461744594686244968431194383872695e+00, -7.3780497170415267e-01, -1.7439940136614240e+00
0.07100000, 2.22201772628068307916035781664586328923e+00, -1.76632256088692839691485479977023122638e+00, 4.00593521156800231954878747386672831617e+01, -4.45253474029587746648147732531517712155e-02, 6.00887577608204106805768216422316536856e+00, 1.16651721106582784641248064835072477447e+00, -7.3893562271579686e-01, -1.7374414284291969e+00
0.07200000, 2.22141158415419783241448869807809188060e+00, -1.76634300798209434427239414951146819919e+00, 4.00601619657782262341517061483505582898e+01, -4.51074032300932271902628152866605596287e-02, 6.00926464087440543668531524367504663965e+00, 1.16618005965098348182971337057368815234e+00, -7.4004611113823141e-01, -1.7309126812850953e+00
0.07300000, 2.22080604320454120011182391000468722036e+00, -1.76636320670640114633791774898910559952e+00, 4.00609711401312169332227249996532502047e+01, -4.56882223626884599356699479073999119189e-02, 6.00965293743303045017652345213364903177e+00, 1.16584316293601300463617383946711105612e+00, -7.4113660184656676e-01, -1.7244077078186312e+00
0.07400000, 2.22020110254406302954220767168149927199e+00, -1.76638315751642173964774303863850803315e+00, 4.00617796406585638939118990147731169077e+01, -4.62678054181910656729231365496992986678e-02, 6.01004066681039721904779946557609252412e+00, 1.16550652065587989760903661924006097592e+00, -7.4220725855080171e-01, -1.7179264435093695e+00
0.07500000, 2.21959676128723304491511443960546825368e+00, -1.76640286086704955260028573320972726766e+00, 4.00625874692747107249334322652589060125e+01, -4.68461530140007064327976063419733244956e-02, 6.01042783005588113190529747013162048313e+00, 1.16517013254591120607186823272759357838e+00, -7.4325824380339098e-01, -1.7114688237314092e+00
0.07600000, 2.21899301855063367761821443518384921278e+00, -1.76642231721150445298483092465623759876e+00, 4.00633946278889907421247070279099265616e+01, -4.74232657674667167141906962623829829603e-02, 6.01081442821576296315249480510650336399e+00, 1.16483399834179685227010910658495230680e+00, -7.4428971900676989e-01, -1.7050347837578059e+00
0.07700000, 2.21838987345295292445828216977572529159e+00, -1.76644152700133866628902974645568483249e+00, 4.00642011184056416081875136736900800698e+01, -4.79991442958847307999214269899098523658e-02, 6.01120046233323992953883732739983141167e+00, 1.16449811777958894843543256156242099745e+00, -7.4530184442083640e-01, -1.6986242587649328e+00
0.07800000, 2.21778732511497723373799614364662807479e+00, -1.76646049068644266494715348756069405173e+00, 4.00650069427238199128291750036514250484e+01, -4.85737892164933340332577855269967274812e-02, 6.01158593344843669582872010629506612634e+00, 1.16416249059570110855617261818145176432e+00, -7.4629477917039058e-01, -1.6922371838367844e+00
0.07900000, 2.21718537265958441902300669522028717489e+00, -1.76647920871505102869009791006888273915e+00, 4.00658121027376156935805864773146868903e+01, -4.91472011464707379103879947379427825960e-02, 6.01197084259841632986839161874966984232e+00, 1.16382711652690775887080229797298972223e+00, -7.4726868125253173e-01, -1.6858734939692211e+00
0.08000000, 2.21658401521173660045447205212989171699e+00, -1.76649768153374827615709914911288719157e+00, 4.00666166003360668975666192244445805148e+01, -4.97193807029314788450984797389086925007e-02, 6.01235519081719120732661905935698230210e+00, 1.16349199531034344710123598473494529394e+00, -7.4822370754401328e-01, -1.6795331240741567e+00
0.08100000, 2.21598325189847317346308002929213268529e+00, -1.76651590958747466792809889336986454434e+00, 4.00674204374031737845027685137605998191e+01, -5.02903285029231404629599325547827966657e-02, 6.01273897913573386638321460179266600156e+00, 1.16315712668350215044252324901167611321e+00, -7.4916001380855563e-01, -1.6732160089836886e+00
0.08200000, 2.21538308184890380474138457450856589639e+00, -1.76653389331953198113468049752552841351e+00, 4.00682236158179132711903763955626518414e+01, -5.08600451634230992833538779732457965961e-02, 6.01312220858198781263779734640367884596e+00, 1.16282251038423658232529731240172769738e+00, -7.5007775470411699e-01, -1.6669220834541717e+00
0.08300000, 2.21478350419420145533209252153234236454e+00, -1.76655163317158925580648920212796570808e+00, 4.00690261374542532177812134638926153089e+01, -5.14285313013352936486955228152226820408e-02, 6.01350488018087827450945315921188605643e+00, 1.16248814615075749796713901677959573124e+00, -7.5097708379012263e-01, -1.6606512821702371e+00
0.08400000, 2.21418451806759543069073651635340825899e+00, -1.76656912958368851310904867023087528362e+00, 4.00698280041811666560806710227021610259e+01, -5.19957875334870157612244930378882743851e-02, 6.01388699495432290939625454947865598445e+00, 1.16215403372163299872881674770026461224e+00, -7.5185815353465234e-01, -1.6544035397487549e+00
0.08500000, 2.21358612260436445758196517652208546893e+00, -1.76658638299425044562789253332034868401e+00, 4.00706292178626459601572913151902639265e+01, -5.25618144766257266887433927282542606618e-02, 6.01426855392124246086191504552396803105e+00, 1.16182017283578783529116422197547238686e+00, -7.5272111532158656e-01, -1.6481787907427435e+00
0.08600000, 2.21298831694182978766947116716400081934e+00, -1.76660339384008007985294351107041364123e+00, 4.00714297803577169595248498122729653654e+01, -5.31266127474158942016850200773045813827e-02, 6.01464955809757136711517711203875455129e+00, 1.16148656323250270966816136770585191358e+00, -7.5356611945771124e-01, -1.6419769696452244e+00
0.08700000, 2.21239110021934832766036207210078452935e+00, -1.76662016255637241101609387086190813034e+00, 4.00722296935204529951616997819355160453e+01, -5.36901829624358533048826112062670281244e-02, 6.01503000849626832104586940790062748892e+00, 1.16115320465141357607158868216290665022e+00, -7.5439331517978149e-01, -1.6357980108930240e+00
0.08800000, 2.21179447157830579586555774499393474365e+00, -1.76663668957671801043396946465806477935e+00, 4.00730289591999889186305954034899965831e+01, -5.42525257381746893284037160278359425814e-02, 6.01540990612732678207991801362327092024e+00, 1.16082009683251094064243243027836219045e+00, -7.5520285066154428e-01, -1.6296418488705227e+00
0.08900000, 2.21119843016210990503857128414114850224e+00, -1.76665297533310860550689526423383381073e+00, 4.00738275792405350345607254776257685165e+01, -5.48136416910291434427873033720814749372e-02, 6.01578925199778544011395706504649266699e+00, 1.16048723951613916006402682575230136414e+00, -7.5599487302072046e-01, -1.6235084179133522e+00
0.09000000, 2.21060297511618357135579892560019052163e+00, -1.76666902025594263252412315291860274983e+00, 4.00746255554813909867522152433049455530e+01, -5.53735314373005404649955070274257097705e-02, 6.01616804711173863178855691859178293242e+00, 1.16015463244299573907172989976730633112e+00, -7.5676952832594592e-01, -1.6173976523120409e+00
0.09100000, 2.21000810558795814940220703248071447153e+00, -1.76668482477403076242443266548118123095e+00, 4.00754228897569595881618888753276939112e+01, -5.59321955931917388223561212171256099897e-02, 6.01654629247034670935747244811983013150e+00, 1.15982227535413062687374209101825296309e+00, -7.5752696160367247e-01, -1.6113094863156086e+00
0.09200000, 2.20941382072686669302706201297903191940e+00, -1.76670038931460139966027234063749807937e+00, 4.00762195838967605950276298316722484710e+01, -5.64896347748041025427295938701813245814e-02, 6.01692398907184636240871023974389697085e+00, 1.15949016799094551249749066745194399377e+00, -7.5826731684502828e-01, -1.6052438541351115e+00
0.09300000, 2.20882011968433724193510146515142977976e+00, -1.76671571430330615431267330649417922928e+00, 4.00770156397254444253872302779888431804e+01, -5.70458495981344951400849088203958160607e-02, 6.01730113791156089269162121533941272621e+00, 1.15915831009519311907581889716168598181e+00, -7.5899073701263822e-01, -1.5992006899471362e+00
0.09400000, 2.20822700161378613387929216131531018203e+00, -1.76673080016422528760323760217164921894e+00, 4.00778110590628058222461842689638499717e+01, -5.76008406790722952656124532007944711793e-02, 6.01767773998191044230264448525142453147e+00, 1.15882670140897649708703640589012889022e+00, -7.5969736404740416e-01, -1.5931799278972458e+00
0.09500000, 2.20763446567061134232206268779456316604e+00, -1.76674564731987313094858149350798021429e+00, 4.00786058437237974616474521443153566613e+01, -5.81546086333964339954387926750249774651e-02, 6.01805379627242217548075891397791848710e+00, 1.15849534167474831656270637433471359272e+00, -7.6038733887524550e-01, -1.5871815021033765e+00
0.09600000, 2.20704251101218583943263568462300057798e+00, -1.76676025619120347870169861226646180819e+00, 4.00793999955185435058948056331505377757e+01, -5.87071540767724536269382831102698303317e-02, 6.01842930776974041426214088836494838098e+00, 1.15816423063531015827686612288199403099e+00, -7.6106080141379998e-01, -1.5812053466591864e+00
0.09700000, 2.20645113679785098428881672260365646110e+00, -1.76677462719761495472379908229556773696e+00, 4.00801935162523531021799543870909575057e+01, -5.92584776247495878565596906658576729966e-02, 6.01880427545763672824198001587360983481e+00, 1.15783336803381180393020018765855327625e+00, -7.6171789057908508e-01, -1.5752513956373572e+00
0.09800000, 2.20586034218890993615232394929103888820e+00, -1.76678876075695635292927883875723384077e+00, 4.00809864077257338268622550132978827780e+01, -5.98085798927578632130025303423597841915e-02, 6.01917870031701997868986886136391333848e+00, 1.15750275361375052534250919319442037301e+00, -7.6235874429211995e-01, -1.5693195830928479e+00
0.09900000, 2.20527012634862109268746476820218726318e+00, -1.76680265728553195194557804447863815150e+00, 4.00817786717344050756484130872052268894e+01, -6.03574614961052216204877225829080171961e-02, 6.01955258332594631726365826598349034791e+00, 1.15717238711897037266664365704362698139e+00, -7.6298349948550831e-01, -1.5634098430661033e+00
0.10000000, 2.20468048844219155299368302374322402905e+00, -1.76681631719810680402879880781259145159e+00, 4.00825703100693113999182070258432911113e+01, -6.09051230499746639677704648035519301343e-02, 6.01992592545962913956515619334113185377e+00, 1.15684226829366146163689930406429569470e+00, -7.6359229210998230e-01, -1.5575221095862152e+00
0.10100000, 2.20409142763677060532321248452487380787e+00, -1.76682974090791199837507025671413728968e+00, 4.00833613245166357894408900311084176510e+01, -6.14515651694214145594399755059678675454e-02, 6.02029872769044899377954532916434517348e+00, 1.15651239688235925986469950656865318672e+00, -7.6418525714090745e-01, -1.5516563166740397e+00
0.10200000, 2.20350294310144323935577988619123460936e+00, -1.76684292882664989896677337213656821972e+00, 4.00841517168578129017255625037394934281e+01, -6.19967884693701063269410481435910056048e-02, 6.02067099098796344463890273484330596735e+00, 1.15618277262994387219422108522369800916e+00, -7.6476252858474908e-01, -1.5458123983452681e+00
0.10300000, 2.20291503400722368290300344755605738748e+00, -1.76685588136449935709186877887327853848e+00, 4.00849414888695422382474523191756604585e+01, -6.25407935646119866776362049226919721772e-02, 6.02104271631891689294872363717902166891e+00, 1.15585339528163932513045188859700171835e+00, -7.6532423948550015e-01, -1.5399902886134545e+00
0.10400000, 2.20232769952704896291583064638493919365e+00, -1.76686859893012089867370788264650965088e+00, 4.00857306423238012677906940824957258380e+01, -6.30835810698021438611047214810287731176e-02, 6.02141390464725035091488084157330502988e+00, 1.15552426458301285035200230094750277182e+00, -7.6587052193107075e-01, -1.5341899214929987e+00
0.10500000, 2.20174093883577249066905216893786593334e+00, -1.76688108193066188654785127805868027984e+00, 4.00865191789878584971468608784104133354e+01, -6.36251515994567537327459556678795022035e-02, 6.02178455693411117350699119987080322929e+00, 1.15519538027997416732082809277170319725e+00, -7.6640150705963952e-01, -1.5284112310020870e+00
0.10600000, 2.20115475111015767099761736545761938155e+00, -1.76689333077176165782156818292545173218e+00, 4.00873071006242864894071730414474984712e+01, -6.41655057679503467956193107362004820611e-02, 6.02215467413786274609271096388643781793e+00, 1.15486674211877476500085881140845171101e+00, -7.6691732506596700e-01, -1.5226541511655880e+00
0.10700000, 2.20056913552887153546016028692706424743e+00, -1.76690534585755663645084673090655501011e+00, 4.00880944089909748300849880292080419265e+01, -6.47046441895130954023118479571468452261e-02, 6.02252425721409412857604262886459106051e+00, 1.15453834984600718269736419451928137964e+00, -7.6741810520767119e-01, -1.5169186160179086e+00
0.10800000, 2.19998409127247839930582448110455735278e+00, -1.76691712759068542116890722709665275048e+00, 4.00888811058411430413038635265630697326e+01, -6.52425674782281209994770883118632492139e-02, 6.02289330711562965627130693599324896487e+00, 1.15421020320860429002873086249482731204e+00, -7.6790397581146545e-01, -1.5112045596058056e+00
0.10900000, 2.19939961752343354212114922227759567504e+00, -1.76692867637229384889937889163705709916e+00, 4.00896671929233534442851823800959241629e+01, -6.57792762480288212985349593684580332720e-02, 6.02326182479253849774301497863860547194e+00, 1.15388230195383856604216279194817852168e+00, -7.6837506427935895e-01, -1.5055119159911577e+00
0.11000000, 2.19881571346607691203444977326255286290e+00, -1.76693999260204003378647513620556225229e+00, 4.00904526719815239703680327996714757725e+01, -6.63147711126962172568632031117471697627e-02, 6.02362981119214416984046676289533207690e+00, 1.15355464582932137748466177675663462895e+00, -7.6883149709481972e-01, -1.4998406192536955e+00
0.11100000, 2.19823237828662685335578966355408058167e+00, -1.76695107667809938197368298961994078553e+00, 4.00912375447549409207927504079238814759e+01, -6.68490526858563197546449142977975544774e-02, 6.02399726725903401015450402980030464813e+00, 1.15322723458300225624048823107258036496e+00, -7.6927339982890069e-01, -1.4941906034936916e+00
0.11200000, 2.19764961117317385753130384754414672451e+00, -1.76696192899716958226166886436890140566e+00, 4.00920218129782716754782501093886850186e+01, -6.73821215809775158533652773369302317573e-02, 6.02436419393506860712245657527514110159e+00, 1.15290006796316817594614826596354129885e+00, -7.6970089714632858e-01, -1.4885618028346101e+00
0.11300000, 2.19706741131567433729128801446454905025e+00, -1.76697254995447557277529538871057167026e+00, 4.00928054783815773510220053301421350238e+01, -6.79139784113679745227730627988916049801e-02, 6.02473059215939118800594262638731285848e+00, 1.15257314571844282779379996363391315995e+00, -7.7011411281155618e-01, -1.4829541514257171e+00
0.11400000, 2.19648577790594442387212128996157098235e+00, -1.76698293994377448376884247252672243144e+00, 4.00935885426903254081502698878159065114e+01, -6.84446237901730717239390819668513460069e-02, 6.02509646286843696496481497138576281479e+00, 1.15224646759778589553382016644918602412e+00, -7.7051316969477783e-01, -1.4773675834446519e+00
0.11500000, 2.19590471013765378719273713051995260226e+00, -1.76699309935736055669773008328657289427e+00, 4.00943710076254022088448835328758295072e+01, -6.89740583303728347368546285848842502102e-02, 6.02546180699594243944918541939617142030e+00, 1.15192003335049232968712287829876892718e+00, -7.7089818977790853e-01, -1.4718020330999592e+00
0.11600000, 2.19532420720631947886700039857998824794e+00, -1.76700302858607003968425033557034454921e+00, 4.00951528749031255233717559977129782322e+01, -6.95022826447794056218180097507945079913e-02, 6.02582662547295466513011070755430009405e+00, 1.15159384272619162097767152941345180987e+00, -7.7126929416052673e-01, -1.4662574346335834e+00
0.11700000, 2.19474426830929979793398745013501113887e+00, -1.76701272801928605950403239835665216848e+00, 4.00959341462352569874348861434919135196e+01, -7.00292973460345237046566310730153145856e-02, 6.02619091922784046958818310328747393217e+00, 1.15126789547484707299547986896086929087e+00, -7.7162660306578098e-01, -1.4607337223233255e+00
0.11800000, 2.19416489264578817918880059959215095731e+00, -1.76702219804494347021918535382589008830e+00, 4.00967148233290145096785424494003127366e+01, -7.05551030466070269766258025779100078030e-02, 6.02655468918629563497793859266527091039e+00, 1.15094219134675507410025010908330160229e+00, -7.7197023584626065e-01, -1.4552308304852615e+00
0.11900000, 2.19358607941680710399717858020154405582e+00, -1.76703143904953367858329145531630145763e+00, 4.00974949078870846297590085889778005579e+01, -7.10797003587903723006135188379473093521e-02, 6.02691793627135403788467462813225362045e+00, 1.15061673009254436857565213616496580259e+00, -7.7230031098983086e-01, -1.4497486934761255e+00
0.12000000, 2.19300782782520203347779062362417022668e+00, -1.76704045141810944634265518623458159113e+00, 4.00982744016076348272060831280613740961e+01, -7.16030898947001743160629863867142544472e-02, 6.02728066140339674858895785706353668439e+00, 1.15029151146317532704410411680925284237e+00, -7.7261694612543177e-01, -1.4442872456956545e+00
0.12100000, 2.19243013707563536393672357017614867940e+00, -1.76704923553428966955745207251086071438e+00, 4.00990533061843257812933154035189371569e+01, -7.21252722662717629358016702714385802097e-02, 6.02764286550016108995279999365132319580e+00, 1.14996653520993921615177264419772052472e+00, -7.7292025802884250e-01, -1.4388464215888990e+00
0.12200000, 2.19185300637458040443928902266391230148e+00, -1.76705779178026413506566530533515285329e+00, 4.00998316233063235821347603467523251592e+01, -7.26462480852577593287371557326510150503e-02, 6.02800454947674965614018695848203422259e+00, 1.14964180108445746753336968225706932735e+00, -7.7321036262840964e-01, -1.4334261556484963e+00
0.12300000, 2.19127643493031537640489100196510067232e+00, -1.76706612053679825421194784554572122863e+00, 4.01006093546583118932248433467867112343e+01, -7.31660179632256702831462162500572037626e-02, 6.02836571424563929138336252127950399242e+00, 1.14931730883868094606618395757879231080e+00, -7.7348737501074081e-01, -1.4280263824169099e+00
0.12400000, 2.19070042195291743511130388182014167486e+00, -1.76707422218323777396280276367290758961e+00, 4.01013865019205040656367421509190915818e+01, -7.36845825115555008460441909050288084265e-02, 6.02872636071669002900499287177949917197e+00, 1.14899305822488921742264610965421007561e+00, -7.7375140942636321e-01, -1.4226470364886329e+00
0.12500000, 2.19012496665425671299531560363846688579e+00, -1.76708209709751346552873507817146910321e+00, 4.01021630667686552040935162231101768688e+01, -7.42019423414373851348771471339235739788e-02, 6.02908648979715399090507274129749029825e+00, 1.14866904899568981493058982617377454797e+00, -7.7400257929534737e-01, -1.4172880525123580e+00
0.12600000, 2.18955006824799038463729232920580703547e+00, -1.76708974565614579061329424707643860785e+00, 4.01029390508740741851250448687440000947e+01, -7.47180980638692352185293840363129251486e-02, 6.02944610239168424772017683360552929937e+00, 1.14834528090401750575023534949412162575e+00, -7.7424099721289640e-01, -1.4119493651931132e+00
0.12700000, 2.18897572594955675331781780947751713368e+00, -1.76709716823424954540819770384385598362e+00, 4.01037144559036356275226737366536183438e+01, -7.52330502896544079653836606186556386829e-02, 6.02980519940234363986141232920718780584e+00, 1.14802175370313355637678713062991573507e+00, -7.7446677495490073e-01, -1.4066309092943631e+00
0.12800000, 2.18840193897616935903515386038989231045e+00, -1.76710436520553848245300236551253446648e+00, 4.01044892835197918153023149734545803949e+01, -7.57467996293993897569111564682697808760e-02, 6.03016378172861355963618903355943357584e+00, 1.14769846714662499747740401613949236218e+00, -7.7468002348345864e-01, -1.4013326196400782e+00
0.12900000, 2.18782870654681110787285747081170183189e+00, -1.76711133694232991047707283993916253629e+00, 4.01052635353805845733855992797011728832e+01, -7.62593466935114989660026327504091501931e-02, 6.03052185026740269465769327940468496247e+00, 1.14737542098840388807116816903062419822e+00, -7.7488085295236271e-01, -1.3960544311167705e+00
0.13000000, 2.18725602788222842260747525215086773815e+00, -1.76711808381554927234088207847455727564e+00, 4.01060372131396570962075383510666333068e+01, -7.67706920921966060999816021069000964357e-02, 6.03087940591305573274472989890697813973e+00, 1.14705261498270657906054793542854229523e+00, -7.7506937271255231e-01, -1.3907962786754971e+00
0.13100000, 2.18668390220492541444681720225212336220e+00, -1.76712460619473470119297242118360355384e+00, 4.01068103184462657294580236299486197250e+01, -7.72808364354568715089645796341677681287e-02, 6.03123644955736202851338338608373740870e+00, 1.14673004888409297612272006246060411819e+00, -7.7524569131753239e-01, -1.3855580973338314e+00
0.13200000, 2.18611232873915807578988912636513042547e+00, -1.76713090444804155495820232404350911369e+00, 4.01075828529452917051633618933310165884e+01, -7.77897803330885005609527158832432848274e-02, 6.03159298208956423186074470802264148646e+00, 1.14640772244744580196898803798220479511e+00, -7.7540991652875866e-01, -1.3803398221778028e+00
0.13300000, 2.18554130671092849390013656319431107198e+00, -1.76713697894224692927220650231762049505e+00, 4.01083548182772528303129299115194712628e+01, -7.82975243946795161857533486354245274955e-02, 6.03194900439636687853975402908265111217e+00, 1.14608563542796985798040584788038355785e+00, -7.7556215532098941e-01, -1.3751413883638049e+00
0.13400000, 2.18497083534797908538422273219994431277e+00, -1.76714283004275414897630473267994251417e+00, 4.01091262160783151292349191800452494231e+01, -7.88040692296075486905392945784439638674e-02, 6.03230451736194494302302182078260179565e+00, 1.14576378758119128522759012034972281896e+00, -7.7570251388760397e-01, -1.3699627311204732e+00
0.13500000, 2.18440091387978685136912887701833432814e+00, -1.76714845811359723828640709019175986064e+00, 4.01098970479803044399240375045384130452e+01, -7.93094154470376427505580760894586913349e-02, 6.03265952186795235385231137702973302758e+00, 1.14544217866295682488257843746387052276e+00, -7.7583109764588828e-01, -1.3648037857505314e+00
0.13600000, 2.18383154153755765327092745649766513888e+00, -1.76715386351744536974878091678448403206e+00, 4.01106673156107179645229369570458061235e+01, -7.98135636559200814792027829130147482251e-02, 6.03301401879353047166919457594530099370e+00, 1.14512080842943307803046753140803831752e+00, -7.7594801124228737e-01, -1.3596644876326083e+00
0.13700000, 2.18326271755422050904913695657527815421e+00, -1.76715904661560729209486728770194745899e+00, 4.01114370205927357741580473738477690766e+01, -8.03165144649882274823509440378309102255e-02, 6.03336800901531653012122976257220636298e+00, 1.14479967663710576488844213485300117004e+00, -7.7605335855762522e-01, -1.3545447722230244e+00
0.13800000, 2.18269444116442190984112169000252076924e+00, -1.76716400776803573710666212395933171432e+00, 4.01122061645452322683294110814394046970e+01, -8.08182684827563808025676716061027660525e-02, 6.03372149340745203983685580851834392372e+00, 1.14447878304277898343968341121524548482e+00, -7.7614724271229201e-01, -1.3494445750575488e+00
0.13900000, 2.18212671160452015687155084348920705814e+00, -1.76716874733333180560350935517865444817e+00, 4.01129747490827875890530378715073331518e+01, -8.13188263175176536594544759635782819668e-02, 6.03407447284159115566104967296272411953e+00, 1.14415812740357446748952514015150244187e+00, -7.7622976607139898e-01, -1.3443638317531274e+00
0.14000000, 2.18155952811257971853247824971050283334e+00, -1.76717326566874933266049063138843021351e+00, 4.01137427758156989899532293503578280260e+01, -8.18181885773418618931055783620254675463e-02, 6.03442694818690900734265608283336870361e+00, 1.14383770947693084415110616588300595128e+00, -7.7630103024990103e-01, -1.3393024780095820e+00
0.14100000, 2.18099288992836560753014793110126952562e+00, -1.76717756313019923216793797808311037260e+00, 4.01145102463499921605012586166272055819e+01, -8.23163558700734330183093043989468436091e-02, 6.03477892031010999386316720729596896881e+00, 1.14351752902060289076764902025181674326e+00, -7.7636113611768728e-01, -1.3342604496112807e+00
0.14200000, 2.18042679629333777799517040955227372024e+00, -1.76718164007225382084094244990763563117e+00, 4.01152771622874325055957347269008008731e+01, -8.28133288033293307978032657237560759314e-02, 6.03513039007543604159560736244009830087e+00, 1.14319758579266079127837709830601435915e+00, -7.7641018380463969e-01, -1.3292376824287806e+00
0.14300000, 2.17986124645064554245325112690595027248e+00, -1.76718549684815112178708322896839005287e+00, 4.01160435252255363806789315461302757497e+01, -8.33091079844969962435585682198573012251e-02, 6.03548135834467482648106278621055721871e+00, 1.14287787955148939203496628133005278834e+00, -7.7644827270566001e-01, -1.3242341124204422e+00
0.14400000, 2.17929623964512200855418510120632885455e+00, -1.76718913380979914773995769849855559850e+00, 4.01168093367575822825823173028916220689e+01, -8.38036940207323049557302598195967377007e-02, 6.03583182597716796040928931172082438858e+00, 1.14255841005578745707531146032755413424e+00, -7.7647550148566505e-01, -1.3192496756340172e+00
0.14500000, 2.17873177512327853545736117846289854994e+00, -1.76719255130778016406545376626491960182e+00, 4.01175745984726219962934844333599007617e+01, -8.42970875189575407095686880252214369421e-02, 6.03618179382981914198873128013480414490e+00, 1.14223917706456692286127400188047622457e+00, -7.7649196808455066e-01, -1.3142843082082076e+00
0.14600000, 2.17816785213329920977254495451294290629e+00, -1.76719574969135493164707107985028495733e+00, 4.01183393119554916978356490575507794031e+01, -8.47892890858593852012394134681644531038e-02, 6.03653126275710227189019321385407716696e+00, 1.14192018033715215248696280801176549804e+00, -7.7649776972212441e-01, -1.3093379463741994e+00
0.14700000, 2.17760446992503534095523166148118770497e+00, -1.76719872930846692975596773324767048317e+00, 4.01191034787868230134498656424168858404e+01, -8.52802993278869238641478584917373910068e-02, 6.03688023361106953294732155884864512574e+00, 1.14160141963317918936398924223465825128e+00, -7.7649300290300715e-01, -1.3044105264571694e+00
0.14800000, 2.17704162774999997605637906320987656855e+00, -1.76720149050574655901078357683467219266e+00, 4.01198671005430540352690850246736739920e+01, -8.57701188512496676680089955184751015519e-02, 6.03722870724135943519597714416894907563e+00, 1.14128289471259501039002481555152717293e+00, -7.7647776342150377e-01, -1.2995019848777652e+00
0.14900000, 2.17647932486136243372684570853931409897e+00, -1.76720403362851532453167027683934279067e+00, 4.01206301787964402936721729480078235992e+01, -8.62587482619155908135421352750938663837e-02, 6.03757668449520482603350984002156429419e+00, 1.14096460533565677860688013904275988193e+00, -7.7645214636644312e-01, -1.2946122581535601e+00
0.15000000, 2.17591756051394285737737177493526760377e+00, -1.76720635902078999939234179224602011305e+00, 4.01213927151150656865050015711891849260e+01, -8.67461881656091842363062958927970540413e-02, 6.03792416621744086567788516681822536617e+00, 1.14064655126293109535421424423808149902e+00, -7.7641624612598736e-01, -1.2897412829004818e+00
0.15100000, 2.17535633396420678739544822196804980833e+00, -1.76720846702528676847334691340380748671e+00, 4.01221547110628533653547279825150315051e+01, -8.72324391678095248338227562643419288500e-02, 6.03827115325051296810555826034289383373e+00, 1.14032873225529325192487493916672968051e+00, -7.7637015639241090e-01, -1.2848889958342165e+00
0.15200000, 2.17479564447025975232092508863892250963e+00, -1.76721035798342535281915790437205253449e+00, 4.01229161681995765790623815692621007001e+01, -8.77175018737483603307582562990302955814e-02, 6.03861764643448470764594357713247796621e+00, 1.14001114807392648072776339741691237586e+00, -7.7631397016684912e-01, -1.2800553337715873e+00
0.15300000, 2.17423549129184187888271153442238257218e+00, -1.76721203223533311460106607754067925473e+00, 4.01236770880808694746578960960529356084e+01, -8.82013768884082096975649380440098936515e-02, 6.03896364660704569140928897431994674067e+00, 1.13969379848032120596400966037617410916e+00, -7.7624777976401690e-01, -1.2752402336319083e+00
0.15400000, 2.17367587369032252079941866485878808618e+00, -1.76721349011984914278727627186470489969e+00, 4.01244374722582378559007425012469732784e+01, -8.86840648165204790385915599035241646155e-02, 6.03930915460351939772373026500426908221e+00, 1.13937668323627429382214015984799539966e+00, -7.7617167681689730e-01, -1.2704436324383146e+00
0.15500000, 2.17311679092869490624729132211440417174e+00, -1.76721473197452831962099767300674930883e+00, 4.01251973222790698996083446839725680009e+01, -8.91655662625635928662947959555929719513e-02, 6.03965417125687098075627697961970496060e+00, 1.13905980210388830219781373031866234021e+00, -7.7608575228140042e-01, -1.2656654673190677e+00
0.15600000, 2.17255824227157080389926688246363400333e+00, -1.76721575813564536800673817293012349219e+00, 4.01259566396866468299534928848900771705e+01, -8.96458818307611406787895879094714096611e-02, 6.03999869739771504149146180217250570019e+00, 1.13874315484557072994359886825087177401e+00, -7.7599009644099267e-01, -1.2609056755088373e+00
0.15700000, 2.17200022698517520743948770929557311246e+00, -1.76721656893819887990442348645311511675e+00, 4.01267154260201535509110076202192835913e+01, -9.01250121250800387585835825442122328874e-02, 6.04034273385432336524037494445194766589e+00, 1.13842674122403326565416220097059966727e+00, -7.7588479891129657e-01, -1.2561641943499598e+00
0.15800000, 2.17144274433734103845807928497666683237e+00, -1.76721716471591532583038049166836482296e+00, 4.01274736828146892370329514703096144392e+01, -9.06029577492287071109426962042946238895e-02, 6.04068628145263262585180051871733700316e+00, 1.13811056100229103599213624114962399849e+00, -7.7576994864466128e-01, -1.2514409612936734e+00
0.15900000, 2.17088579359750386763148821050536843495e+00, -1.76721754580125304556364670893421443198e+00, 4.01282314116012778827307363107407124172e+01, -9.10797193066552614609328334993263110110e-02, 6.04102934101625205679617471767808483563e+00, 1.13779461394366185355983351581922306166e+00, -7.7564563393470396e-01, -1.2467359139013301e+00
0.16000000, 2.17032937403669665409415324098676658097e+00, -1.76721771252540622015549444861799665928e+00, 4.01289886139068788102415297656020687338e+01, -9.15552974005457202287767828719530909014e-02, 6.04137191336647108929209525803327850264e+00, 1.13747889981176546432187406262478398484e+00, -7.7551194242082220e-01, -1.2420489898455856e+00
0.16100000, 2.16977348492754450290775833997155575028e+00, -1.76721766521830882533948891044822131256e+00, 4.01297452912543971364554267195253418533e+01, -9.20296926338222264037553499886177931152e-02, 6.04171399932226695764412803907756237600e+00, 1.13716341837052279458369407208159613861e+00, -7.7536896109267761e-01, -1.2373801269115663e+00
0.16200000, 2.16921812554425944053478940890536314439e+00, -1.76721740420863856643883437701820105293e+00, 4.01305014451626941987789196078642110950e+01, -9.25029056091412842374679035182876855661e-02, 6.04205559970031227195968026000877822949e+00, 1.13684816938415519753080511444471485998e+00, -7.7521677629465078e-01, -1.2327292629980140e+00
0.16300000, 2.16866329516263520822358590140834345583e+00, -1.76721692982382079486720158075099859004e+00, 4.01312570771465979402092748740848734792e+01, -9.29749369288920106778497290632323217546e-02, 6.04239671531498255841173927812282592031e+00, 1.13653315261718369933357591507580181977e+00, -7.7505547373026766e-01, -1.2280963361184098e+00
0.16400000, 2.16810899306004207321254498776584226371e+00, -1.76721624239003240631867230782381356335e+00, 4.01320121887169132537935024012118316457e+01, -9.34457871951944014659219477864406907241e-02, 6.04273734697836376721331322501764615984e+00, 1.13621836783442824482221202458131500820e+00, -7.7488513846659775e-01, -1.2234812844020753e+00
0.16500000, 2.16755521851542165766159931460282618426e+00, -1.76721534223220572074188430476178927708e+00, 4.01327667813804322866446898516475840465e+01, -9.39154570098976118178242883625001990965e-02, 6.04307749550025974846845277964411571912e+00, 1.13590381480100694273651296130117831452e+00, -7.7470585493862395e-01, -1.2188840460952530e+00
0.16600000, 2.16700197080928178521954972981254168298e+00, -1.76721422967403234419291054451062289781e+00, 4.01335208566399447036875646487406586559e+01, -9.43839469745782516152517357125859785124e-02, 6.04341716168819969606378347635403185295e+00, 1.13558949328233531055489147582388497042e+00, -7.7451770695358445e-01, -1.2143045595621657e+00
0.16700000, 2.16644924922369134513629163482073940192e+00, -1.76721290503796701266086185990704334431e+00, 4.01342744159942479113042427663112957867e+01, -9.48512576905386950279830487517059929754e-02, 6.04375634634744555976353445424144162981e+00, 1.13527540304412551890704549205772378225e+00, -7.7432077769528682e-01, -1.2097427632860549e+00
0.16800000, 2.16589705304227517382942790643194853156e+00, -1.76721136864523141795966083496539018587e+00, 4.01350274609381572410502255214603279587e+01, -9.53173897588054044927523729943116586745e-02, 6.04409505028099942567011258270683262802e+00, 1.13496154385238563557458000904851546474e+00, -7.7411514972839421e-01, -1.2051985958701987e+00
0.16900000, 2.16534538155020895381521261990030106793e+00, -1.76720962081581801577889762992055138223e+00, 4.01357799929625160936098131541894206030e+01, -9.57823437801272689732747029868070958366e-02, 6.04443327428961086521134037936011768465e+00, 1.13464791547341886908378379433632660965e+00, -7.7390090500268417e-01, -1.2006719960389098e+00
0.17000000, 2.16479423403421412991421812440781978762e+00, -1.76720766186849381598614507639762415027e+00, 4.01365320135542060431592170877549742181e+01, -9.62461203549739564267918045560125981220e-02, 6.04477101917178425281455202259260360546e+00, 1.13433451767382281189467405540503826090e+00, -7.7367812485727994e-01, -1.1961629026385129e+00
0.17100000, 2.16424360978255284264256339256985283906e+00, -1.76720549212080415527258088655166509094e+00, 4.01372835241961569023047713596664703597e+01, -9.67087200835342804030574179169740334815e-02, 6.04510828572378605242682400526989522675e+00, 1.13402135022048868319033143300003597042e+00, -7.7344689002485456e-01, -1.1916712546383025e+00
0.17200000, 2.16369350808502287869998400751231947673e+00, -1.76720311188907645223323914691894407360e+00, 4.01380345263673567477627677585209193376e+01, -9.71701435657145807022291596518504371333e-02, 6.04544507473965207303970553130789628840e+00, 1.13370841288060057127045761115319815951e+00, -7.7320728063580781e-01, -1.1871969911314815e+00
0.17300000, 2.16314392823295263846646368491184670140e+00, -1.76720052148842394497269138667147377810e+00, 4.01387850215428619069465686604291824081e+01, -9.76303914011371180186795540810003446986e-02, 6.04578138701119469337590857707129311450e+00, 1.13339570542163467555299857612441180015e+00, -7.7295937622241631e-01, -1.1827400513360800e+00
0.17400000, 2.16259486951919612041958387343375931366e+00, -1.76719772123274941132643939383942368485e+00, 4.01395350111938069056257863949185338392e+01, -9.80894641891384824982800819740709869343e-02, 6.04611722332801005589451857865071079052e+00, 1.13308322761135854818758807268894759675e+00, -7.7270325572295666e-01, -1.1783003745958554e+00
0.17500000, 2.16204633123812792238518175536451918887e+00, -1.76719471143474887178778757497224111039e+00, 4.01402844967874143768214581484581480365e+01, -9.85473625287680161372500660206522591923e-02, 6.04645258447748523027039391859409147072e+00, 1.13277097921783033528447809389358979053e+00, -7.7243899748580215e-01, -1.1738779003811736e+00
0.17600000, 2.16149831268563825953433789988054905961e+00, -1.76719149240591527522945198699835835973e+00, 4.01410334797870049311002908990051467064e+01, -9.90040870187862489511966468785026403034e-02, 6.04678747124480534650253572643959970257e+00, 1.13245896000939801776253629227357025391e+00, -7.7216667927349277e-01, -1.1694725682898713e+00
0.17700000, 2.16095081315912799904014292413746064020e+00, -1.76718806445654216750865618830116165480e+00, 4.01417819616520069884302016323466413027e+01, -9.94596382576633488435030695802134968899e-02, 6.04712188441296069780532893165469635362e+00, 1.13214716975469865181980400934718986726e+00, -7.7188637826677902e-01, -1.1650843180481005e+00
0.17800000, 2.16040383195750371130811781186405682541e+00, -1.76718442789572734304396073307564852017e+00, 4.01425299438379665717585340859370821991e+01, -9.99140168435775851027500260025465191002e-02, 6.04745582476275381343568097094199437837e+00, 1.13183560822265760903002317884280636424e+00, -7.7159817106863950e-01, -1.1607130895111543e+00
0.17900000, 2.15985736838117273769458504491548026985e+00, -1.76718058303137647945157344291834368855e+00, 4.01432774277965570624734944640981179986e+01, -1.00367223374413805459378913143251734720e-01, 6.04778929307280650160821601031659222308e+00, 1.13152427518248781606845566049735860158e+00, -7.7130213370827239e-01, -1.1563588226642755e+00
0.18000000, 2.15931142173203827462770743964216364028e+00, -1.76717653017020675532839150661516891034e+00, 4.01440244149755889179085149358344619421e+01, -1.00819258447761926632326597027454833048e-01, 6.04812229011956686264981995225426203718e+00, 1.13121317040368899407023459840622161709e+00, -7.7099834164506111e-01, -1.1520214576234464e+00
0.18100000, 2.15876599131349447404632856618102954238e+00, -1.76717226961775045126853395773875969598e+00, 4.01447709068190193510484252293725427460e+01, -1.01270122660915438296878645864191025670e-01, 6.04845481667731627254397481628727340758e+00, 1.13090229365604689762440416388535998190e+00, -7.7068686977251425e-01, -1.1477009346361625e+00
0.18200000, 2.15822107643042156007216288394187059074e+00, -1.76716780167835853419963413468495316193e+00, 4.01455169047669619725954892423695441253e+01, -1.01719816610869920405502041045014297935e-01, 6.04878687351817633701447026478317509069e+00, 1.13059164470963255340672153078713746612e+00, -7.7036779242217983e-01, -1.1433971940821879e+00
0.18300000, 2.15767667638918096183129526956948028902e+00, -1.76716312665520422512467631412865838629e+00, 4.01462624102556963955525452603591415514e+01, -1.02168340894321573793929117941779241324e-01, 6.04911846141211581629723505174293637419e+00, 1.13028122333480149845421313442295734022e+00, -7.7004118336753416e-01, -1.1391101764742942e+00
0.18400000, 2.15713279049761046234135846329198468003e+00, -1.76715824485028655035467880174495904903e+00, 4.01470074247176778024796750854547460619e+01, -1.02615696107665764005271957212047056837e-01, 6.04944958112695752074819195911957203220e+00, 1.12997102930219301808439617699419281197e+00, -7.6970711582784539e-01, -1.1348398224589825e+00
0.18500000, 2.15658941806501936338116313445695166392e+00, -1.76715315656443387631704733882508632472e+00, 4.01477519495815464755800190899447104081e+01, -1.03061882846995578265450668223989009809e-01, 6.04978023342838517743420631056430871664e+00, 1.12966106238272938346199595609480231593e+00, -7.6936566247201194e-01, -1.1305860728171884e+00
0.18600000, 2.15604655840218366625995878570746747681e+00, -1.76714786209730742802394771573999151648e+00, 4.01484959862721372897695508927733768817e+01, -1.03506901708100395543720005809617008657e-01, 6.05011041907995026785337037518531525975e+00, 1.12935132234761508881590990187324073977e+00, -7.6901689542237583e-01, -1.1263488684649717e+00
0.18700000, 2.15550421082134126840390459601922642885e+00, -1.76714236174740479128457494890402198707e+00, 4.01492395362104891688848269788548505498e+01, -1.03950753286464469632576566164768424039e-01, 6.05044013884307883693004385273490490193e+00, 1.12904180896833608830909020634717645853e+00, -7.6866088625851124e-01, -1.1221281504541884e+00
0.18800000, 2.15496237463618717567772756392733892979e+00, -1.76713665581206339874472825301935591456e+00, 4.01499826008138545051819331098198360009e+01, -1.04393438177265525181823443435287471086e-01, 6.05076939347707827342925412585273664590e+00, 1.12873252201665903256393860874160514964e+00, -7.6829770602098830e-01, -1.1179238599731481e+00
0.18900000, 2.15442104916186873035994097180165081873e+00, -1.76713074458746399983663630120250251435e+00, 4.01507251814957085422790607785136384133e+01, -1.04834956975373366622060721241735829303e-01, 6.05109818373914406193424903415651393802e+00, 1.12842346126463050484572925722814993648e+00, -7.6792742521511231e-01, -1.1137359383472547e+00
0.19000000, 2.15388023371498085469038926792983666684e+00, -1.76712462836863411472151588858200057589e+00, 4.01514672796657587216943632069642885267e+01, -1.05275310275348499913358548763858152807e-01, 6.05142651038436650653018952900033895882e+00, 1.12811462648457625690649859380836858236e+00, -7.6755011381463856e-01, -1.1095643270396319e+00
0.19100000, 2.15333992761356130990927597325190606287e+00, -1.76711830744945147230688907679482785409e+00, 4.01522088967299539931299614474953836411e+01, -1.05714498671440767055354834480690058357e-01, 6.05175437416573742633616966686423054135e+00, 1.12780601744910044449176489910260002083e+00, -7.6716584126546279e-01, -1.1054089676517337e+00
0.19200000, 2.15280013017708597070721918153837812497e+00, -1.76711178212264743242022917438821427874e+00, 4.01529500340904940886521969882911908240e+01, -1.06152522757587993295501807479980547331e-01, 6.05208177583415682302695695418099139645e+00, 1.12749763393108486251236448134161550224e+00, -7.6677467648928759e-01, -1.1012698019239386e+00
0.19300000, 2.15226084072646411500626465316560210636e+00, -1.76710505267981039222005447854883409600e+00, 4.01536906931458387609174578574032514404e+01, -1.06589383127414646972664871438376297645e-01, 6.05240871613843952048505702786489611319e+00, 1.12718947570368817988361649284129675162e+00, -7.6637668788726472e-01, -1.0971467717361304e+00
0.19400000, 2.15172205858403372899216942083314532323e+00, -1.76709811941138917692514054413129385090e+00, 4.01544308752907169855921405325364635748e+01, -1.07025080374230511933753334749873749138e-01, 6.05273519582532177672292300512552125620e+00, 1.12688154254034517403395400166718523095e+00, -7.6597194334361361e-01, -1.0930398191082625e+00
0.19500000, 2.15118378307355682731864924787790006945e+00, -1.76709098260669641494207683414247065469e+00, 4.01551705819161361281145499678316326221e+01, -1.07459615091029372461535766455989709763e-01, 6.05306121563946786821435152490014745901e+00, 1.12657383421476596508508523012809487076e+00, -7.6556051022921613e-01, -1.0889488862009091e+00
0.19600000, 2.15064601352021478840466122342729084632e+00, -1.76708364255391189747095191935734186456e+00, 4.01559098144093910749457847133769846238e+01, -1.07892987870487710652262926013715621989e-01, 6.05338677632347664677333449331305601466e+00, 1.12626635050093524970567578930313031740e+00, -7.6514245540518773e-01, -1.0848739153158010e+00
0.19700000, 2.15010874925060370474616826053223372593e+00, -1.76707609954008592266851291149321068796e+00, 4.01566485741540733294559033986804040078e+01, -1.08325199304963416182188469730417075823e-01, 6.05371187861788806911786779918319552443e+00, 1.12595909117311153464047028419589029641e+00, -7.6471784522642522e-01, -1.0808148488963475e+00
0.19800000, 2.14957198959272974816420530053585557372e+00, -1.76706835385114262444770951244664832598e+00, 4.01573868625300800725909227484036109627e+01, -1.08756249986494508402541971901090130748e-01, 6.05403652326118969925545574528368403295e+00, 1.12565205600582636991669983157866538564e+00, -7.6428674554513117e-01, -1.0767716295281445e+00
0.19900000, 2.14903573387600454991143763604813333566e+00, -1.76706040577188328599210091978955820013e+00, 4.01581246809136231884654557681228208922e+01, -1.09186140506797870702970238106130984422e-01, 6.05436071098982318382629260965229177870e+00, 1.12534524477388358172955081645659687737e+00, -7.6384922171431516e-01, -1.0727441999394682e+00
0.20000000, 2.14849998143124059555976996266759408531e+00, -1.76705225558598963806317482450888651505e+00, 4.01588620306772382550250617507967099374e+01, -1.09614871457267997083921455372819032114e-01, 6.05468444253819070053935057191775335850e+00, 1.12503865725235850500839960772823604017e+00, -7.6340533859127203e-01, -1.0687325030017555e+00
0.20100000, 2.14796473159064663459193057255452070556e+00, -1.76704390357602714217820184953119536215e+00, 4.01595989131897934999216472822843685516e+01, -1.10042443428975750878902442381094436856e-01, 6.05500771863866137983585617580753280592e+00, 1.12473229321659721566544795348799838573e+00, -7.6295516054103719e-01, -1.0647364817300710e+00
0.20200000, 2.14742998368782310462031852752983019024e+00, -1.76703535002344825873582598576063617492e+00, 4.01603353298164987217445294381876888717e+01, -1.10468857012667135567992155819959528779e-01, 6.05533054002157769991389551450952969993e+00, 1.12442615244221576252832437601242772459e+00, -7.6249875143981922e-01, -1.0607560792835602e+00
0.20300000, 2.14689573705775757015676271184374918168e+00, -1.76702659520859570016617186522674494289e+00, 4.01610712819189141767490488362485209221e+01, -1.10894112798762077624444699398705486939e-01, 6.05565290741526185524715138444744534968e+00, 1.12412023470509939895814808036170881196e+00, -7.6203617467840979e-01, -1.0567912389658900e+00
0.20400000, 2.14636199103682017585720038130326080183e+00, -1.76701763941070566918183304772310981874e+00, 4.01618067708549594312239011104932583575e+01, -1.11318211377353221336662392720364582256e-01, 6.05597482154602209873004371967197145015e+00, 1.12381453978140181415448367333663979286e+00, -7.6156749316557115e-01, -1.0528419042256758e+00
0.20500000, 2.14582874496275911416563921212363911012e+00, -1.76700848290791108220569186744016313643e+00, 4.01625417979789221796376406774948963930e+01, -1.11741153338204735548264010877663261542e-01, 6.05629628313815905758081765814037359569e+00, 1.12350906744754436414854735594530229682e+00, -7.6109276933140125e-01, -1.0489080186568965e+00
0.20600000, 2.14529599817469610728212092561686519795e+00, -1.76699912597724477805111076915900041551e+00, 4.01632763646414670287041003439482065900e+01, -1.12162939270751132259415124691481833153e-01, 6.05661729291397202313340156762344537488e+00, 1.12320381748021530248595819729827752472e+00, -7.6061206513067660e-01, -1.0449895259992956e+00
0.20700000, 2.14476375001312190337975633947210381302e+00, -1.76698956889464271192962743936357963498e+00, 4.01640104721896442475057643308834549037e+01, -1.12583569764096097033026578250087155745e-01, 6.05693785159376521464814023810189462792e+00, 1.12289878965636901060026161577057357663e+00, -7.6012544204617314e-01, -1.0410863701387714e+00
0.20800000, 2.14423199981989178699625118862969121870e+00, -1.76697981193494713486088138611116900802e+00, 4.01647441219668984838134306361550747959e+01, -1.13003045407011331149863556912013801879e-01, 6.05725795989585401727079619484475888418e+00, 1.12259398375322522787838627920484390851e+00, -7.5963296109196503e-01, -1.0371984951077534e+00
0.20900000, 2.14370074693822110352568928419550113917e+00, -1.76696985537190975855909792281912253785e+00, 4.01654773153130774467398012964302697484e+01, -1.13421366787935405457041447112019560976e-01, 6.05757761853657119426850466773871744478e+00, 1.12228939954826828141913028480413160913e+00, -7.5913468281670174e-01, -1.0333258450855677e+00
0.21000000, 2.14316999071268079773668455296971215829e+00, -1.76695969947819490587005674560043942848e+00, 4.01662100535644405558639460160826835992e+01, -1.13838534494972625854815790883014412255e-01, 6.05789682823027307367066513398244219406e+00, 1.12198503681924631548570768615065155902e+00, -7.5863066730686337e-01, -1.0294683643987895e+00
0.21100000, 2.14263973048919296624335623834388373714e+00, -1.76694934452538264683207644190689857475e+00, 4.01669423380536675569628957766980359724e+01, -1.14254549115891910367002114523225649010e-01, 6.05821558968934570944205449938015081833e+00, 1.12168089534417052065332219452414010889e+00, -7.5812097418999448e-01, -1.0256259975215847e+00
0.21200000, 2.14210996561502642385592206081328048825e+00, -1.76693879078397192043415331068646864338e+00, 4.01676741701098671044859384010662694806e+01, -1.14669411238125677740787283665649481809e-01, 6.05853390362421101731475386484902536440e+00, 1.12137697490131436265267118946941419413e+00, -7.5760566263791640e-01, -1.0217986890760386e+00
0.21300000, 2.14158069543879228373804244830845647722e+00, -1.76692803852338364214400279187313167759e+00, 4.01684055510585853109065075935252434941e+01, -1.15083121448768747522117327338715443585e-01, 6.05885177074333288540479240635939283125e+00, 1.12107327526921281091022002452408804857e+00, -7.5708479136991833e-01, -1.0179863838324743e+00
0.21400000, 2.14105191931043955129838506801361036004e+00, -1.76691708801196379727836457681504566621e+00, 4.01691364822218142630858806885023021556e+01, -1.15495680334577251553267402461396671333e-01, 6.05916919175322325973872814559287783912e+00, 1.12076979622666156678602400336525404409e+00, -7.5655841865592724e-01, -1.0141890267097593e+00
0.21500000, 2.14052363658125073174421283724404995805e+00, -1.76690593951698652028754808239334328738e+00, 4.01698669649180005057822281854495070580e+01, -1.15907088481967556839617758438288749186e-01, 6.05948616735844820481470627264314930583e+00, 1.12046653755271629150981332462448197670e+00, -7.5602660231965671e-01, -1.0104065627756003e+00
0.21600000, 2.13999584660383745122513037612968799157e+00, -1.76689459330465716002581340143902510549e+00, 4.01705970004620534924378901056711183590e+01, -1.16317346477015199733075229784729594471e-01, 6.05980269826163393932186116887769517698e+00, 1.12016349902669183381599474556417118139e+00, -7.5548939974173489e-01, -1.0066389372468277e+00
0.21700000, 2.13946854873213609149545350401878238866e+00, -1.76688304964011533107880407213610461628e+00, 4.01713265901653540033770902495894004065e+01, -1.16726454905453831379992953523345088355e-01, 6.06011878516347284714125833567648800597e+00, 1.11986068042816145727816269106938293354e+00, -7.5494686786281167e-01, -1.0028860954896688e+00
0.21800000, 2.13894174232140343802399388929460871361e+00, -1.76687130878743795121887202108727907936e+00, 4.01720557353357625315456395367830222120e+01, -1.17134414352674174381851697787690926655e-01, 6.06043442876272946375090703147923538727e+00, 1.11955808153695606734365203040544368904e+00, -7.5439906318664513e-01, -9.9914798302001060e-01
0.21900000, 2.13841542672821234148037635320238923620e+00, -1.76685937100964226505876181045954487682e+00, 4.01727844372776276359235237508602991365e+01, -1.17541225403722990617374418815308967194e-01, 6.06074962975624643815671352398517545014e+00, 1.11925570213316343806860475539342033045e+00, -7.5384604178316758e-01, -9.9542454550365134e-01
0.22000000, 2.13788960131044739252732961672706805663e+00, -1.76684723656868885397375084112930604682e+00, 4.01735126972917942627406191622978935083e+01, -1.17946888643302060175151455315545053003e-01, 6.06106438883895047047058844529705764656e+00, 1.11895354199712743855396331558607481067e+00, -7.5328785929153107e-01, -9.9171572875654209e-01
0.22100000, 2.13736426542730060984871247985533454634e+00, -1.76683490572548463236197441317857072891e+00, 4.01742405166756120346251316403849776270e+01, -1.18351404655767171346257141896971997786e-01, 6.06137870670385822525626976438168969133e+00, 1.11865160090944725908274439426118194379e+00, -7.5272457092313269e-01, -9.8802147874501779e-01
0.22200000, 2.13683941843926714134335654890799578253e+00, -1.76682237873988583031229950478433944672e+00, 4.01749678967229435078137109661623735646e+01, -1.18754774025127121626739596512804198320e-01, 6.06169258404208222076277533278729093301e+00, 1.11834987865097663695888843921380312720e+00, -7.5215623146461969e-01, -9.8434174158601815e-01
0.22300000, 2.13631505970814097841512369415209287204e+00, -1.76680965587070096274874878297907917544e+00, 4.01756948387241723975515520977319236868e+01, -1.19156997335042729680264030246756017134e-01, 6.06200602154283669416475578572110536396e+00, 1.11804837500282308204792229010206827724e+00, -7.5158289528087458e-01, -9.8067646354729838e-01
0.22400000, 2.13579118859701068328989144060807641534e+00, -1.76679673737569378512011668758500466632e+00, 4.01764213439662117718101590937249248394e+01, -1.19558075168825858211586160573153253896e-01, 6.06231901989344344292837976120949158666e+00, 1.11774708974634710201961476521077408948e+00, -7.5100461631798028e-01, -9.7702559104763014e-01
0.22500000, 2.13526780447025512929049248377019337886e+00, -1.76678362351158623570306241563813027572e+00, 4.01771474137325122134498152464455253700e+01, -1.19958008109438447701926200682194410903e-01, 6.06263157977933764242074890524699056086e+00, 1.11744602266316142729274808072251121166e+00, -7.5042144810616552e-01, -9.7338907065699260e-01
0.22600000, 2.13474490669353925400094549267547475960e+00, -1.76677031453406136458661026077340243458e+00, 4.01778730493030699509531746898237653652e+01, -1.20356796739491560957705466605548736619e-01, 6.06294370188407363988020993094824213480e+00, 1.11714517353513023568207147075582866976e+00, -7.4983344376273058e-01, -9.6976684909675386e-01
0.22700000, 2.13422249463380982525162332910995246482e+00, -1.76675681069776624940563601344638663928e+00, 4.01785982519544349578557663055928015984e+01, -1.20754441641244438424496909594827321507e-01, 6.06325538688933072486430506535009372914e+00, 1.11684454214436837674744735242235314006e+00, -7.4924065599495344e-01, -9.6615887323984287e-01
0.22800000, 2.13370056765929121985731178735661329042e+00, -1.76674311225631489789056898677841544783e+00, 4.01793230229597190209985801310048727545e+01, -1.21150943396603564218427862227446628631e-01, 6.06356663547491887629148051951715251842e+00, 1.11654412827324059584514483289709989202e+00, -7.4864313710297655e-01, -9.6256509011091195e-01
0.22900000, 2.13317912513948121504041695730070414377e+00, -1.76672921946229113730019268263972952740e+00, 4.01800473635886037777272896500680931637e+01, -1.21546302587121742827658001619635412875e-01, 6.06387744831878448619205512706991728609e+00, 1.11624393170436075788118028096441215785e+00, -7.4804093898267426e-01, -9.5898544688649001e-01
0.23000000, 2.13265816644514679247188234835377416031e+00, -1.76671513256725149080408313688710268643e+00, 4.01807712751073487221620503050554708696e+01, -1.21940519793997186436938000341777695749e-01, 6.06418782609701606028333798450714682817e+00, 1.11594395222059107076655007972029651186e+00, -7.4743411312850108e-01, -9.5541989089512672e-01
0.23100000, 2.13213769094831995486267799588546387074e+00, -1.76670085182172804088088256515484703941e+00, 4.01814947587787991806612052734283867470e+01, -1.22333595598072612828634573433538398615e-01, 6.06449776948384989548317476529698489747e+00, 1.11564418960504130857414653615252370315e+00, -7.4682271063632090e-01, -9.5186836961752755e-01
0.23200000, 2.13161769802229355503902291891735657467e+00, -1.76668637747523127979826705511380005367e+00, 4.01822178158623942566016239950330306653e+01, -1.22725530579834353813985656432806556463e-01, 6.06480727915167573447559734046327068074e+00, 1.11534464364106803439709424330238296805e+00, -7.4620678220621718e-01, -9.4833083068668004e-01
0.23300000, 2.13109818704161713743479952090154341285e+00, -1.76667170977625294724013070166027669358e+00, 4.01829404476141747445977970833566179090e+01, -1.23116325319411474148725282543122089829e-01, 6.06511635577104239744165039332608784428e+00, 1.11504531411227382290819096780318511900e+00, -7.4558637814528443e-01, -9.4480722188797127e-01
0.23400000, 2.13057915738209279193491383755367245286e+00, -1.76665684897226885514617474221871625833e+00, 4.01836626552867910142812130908386689770e+01, -1.23505980396574900887591384802073128717e-01, 6.06542500001066339106787183743156709334e+00, 1.11474620080250648262008436600402968376e+00, -7.4496154837040087e-01, -9.4129749115929665e-01
0.23500000, 2.13006060842077102000364894992317518836e+00, -1.76664179530974169982875890452367125503e+00, 4.01843844401295108637609480999693720554e+01, -1.23894496390736563132601249065987326924e-01, 6.06573321253742249494431100701684041569e+00, 1.11444730349585827784576351188289091335e+00, -7.4433234241098253e-01, -9.3780158659116026e-01
0.23600000, 2.12954253953594661303235041006124739600e+00, -1.76662654903412386143154331331661398044e+00, 4.01851058033882273428858082575989586182e+01, -1.24281873880948542130348703337822377952e-01, 6.06604099401637932546337976132041953569e+00, 1.11414862197666515035889234583666202687e+00, -7.4369880941171888e-01, -9.3431945642676676e-01
0.23700000, 2.12902495010715454284107218360215323928e+00, -1.76661111038986019079412289991927417799e+00, 4.01858267463054665464277781381334516093e+01, -1.24668113445902231673944365836335507964e-01, 6.06634834511077487733024680060973710941e+00, 1.11385015602950594075346072155901128308e+00, -7.4306099813529010e-01, -9.3085104906210502e-01
0.23800000, 2.12850783951516586426909941103151249263e+00, -1.76659547962039078378653230433596460098e+00, 4.01865472701203953773059441908835809247e+01, -1.25053215663927508765585405494544299189e-01, 6.06665526648203704279490460612284077297e+00, 1.11355190543920160950217773497663675766e+00, -7.4241895696506606e-01, -9.2739631304602361e-01
0.23900000, 2.12799120714198362978955024001709874378e+00, -1.76657965696815374317717773823914383383e+00, 4.01872673760688292799694824767204502878e+01, -1.25437181112991914496104311402852149030e-01, 6.06696175878978610871546146159813557069e+00, 1.11325386999081445771298146105260350336e+00, -7.4177273390778719e-01, -9.2395519708029824e-01
0.24000000, 2.12747505237083881608354309747952510833e+00, -1.76656364267458792809743317388915775247e+00, 4.01879870653832399440577234085026164562e+01, -1.25820010370699845098207139056351179050e-01, 6.06726782269184023156163796430177101372e+00, 1.11295604946964734758298909766836164078e+00, -7.4112237659622731e-01, -9.2052765001969123e-01
0.24100000, 2.12695937458618626250969806455458500977e+00, -1.76654743698013569116582152385072137034e+00, 4.01887063392927629784547332577758631144e+01, -1.26201704014291753130470617967925585210e-01, 6.06757345884422089046687826228129646804e+00, 1.11265844366124292254916181729450134644e+00, -7.4046793229183861e-01, -9.1711362087200322e-01
0.24200000, 2.12644417317370062140502150263569470548e+00, -1.76653104012424560333438716455034073667e+00, 4.01894251990232055558552827564814489067e+01, -1.26582262620643358749524383973042950198e-01, 6.06787866790115831843692093601661840898e+00, 1.11236105235138282713490935332895952390e+00, -7.3980944788737870e-01, -9.1371305879811715e-01
0.24300000, 2.12592944752027232015350176659160148046e+00, -1.76651445234537516651955421865957233813e+00, 4.01901436457970540279585071864831491388e+01, -1.26961686766264871028199456946852474001e-01, 6.06818345051509691182211295095881697789e+00, 1.11206387532608692649181049543851547521e+00, -7.3914696990952013e-01, -9.1032591311203464e-01
0.24400000, 2.12541519701400353495902074425784522258e+00, -1.76649767388099351407945543251067376350e+00, 4.01908616808334815114049998914487711639e+01, -1.27339977027300219277776937112973907359e-01, 6.06848780733670061816019241710959389617e+00, 1.11176691237161252563557723364653856911e+00, -7.3848054452144220e-01, -9.0695213328090486e-01
0.24500000, 2.12490142104420417625946109154658661080e+00, -1.76648070496758409919940925090748295276e+00, 4.01915793053483554445725221449761776007e+01, -1.27717133979526294332821756946092557762e-01, 6.06879173901485830249571197747463682445e+00, 1.11147016327445358837534227097157448853e+00, -7.3781021752540539e-01, -9.0359166892504610e-01
0.24600000, 2.12438811900138788571916240207496681632e+00, -1.76646354584064737124691778856963700668e+00, 4.01922965205542451153449567459815655656e+01, -1.28093158198352199757435217024575250305e-01, 6.06909524619668909228172448380683834674e+00, 1.11117362782133995593530201588461090151e+00, -7.3713603436530840e-01, -9.0024446981795997e-01
0.24700000, 2.12387529027726804473715117106499188010e+00, -1.76644619673470344015725581095649650248e+00, 4.01930133276604291599685805675781920021e+01, -1.28468050258818512932106969110747575462e-01, 6.06939832952754770096880618063039611297e+00, 1.11087730579923656526769996550720625290e+00, -7.3645804012922796e-01, -8.9691048588633851e-01
0.24800000, 2.12336293426475379440883929732790736377e+00, -1.76642865788329472891042055340094151845e+00, 4.01937297278729030331091825394400946603e+01, -1.28841810735596555980692104130816226532e-01, 6.06970098965102973038594988239932918116e+00, 1.11058119699534266705608859514957142138e+00, -7.3577627955194145e-01, -8.9358966721006419e-01
0.24900000, 2.12285105035794606687915402624581568396e+00, -1.76641092951898861415991421251264220753e+00, 4.01944457223943864492230081766034780575e+01, -1.29214440202987676497382072369973429798e-01, 6.07000322720897695201732156929180129953e+00, 1.11028530119709104340776147636035041788e+00, -7.3509079701743259e-01, -8.9028196402220298e-01
0.25000000, 2.12233963795213362802532868255914256467e+00, -1.76639301187338005507353522398206223961e+00, 4.01951613124243307953539697606056520074e+01, -1.29585939234922538033879323739028700987e-01, 6.07030504284148256727833842027398257424e+00, 1.10998961819214722523420135104285311878e+00, -7.3440163656138011e-01, -8.8698732670899057e-01
0.25100000, 2.12182869644378913140784828614109024009e+00, -1.76637490517709421044606098265237560637e+00, 4.01958764991589265154690226127554141231e+01, -1.29956308404960420307324822927817805147e-01, 6.07060643718689644689399452358263988627e+00, 1.10969414776840870931834429034156754418e+00, -7.3370884187362964e-01, -8.8370570580981180e-01
0.25200000, 2.12131822523056518342830719839515963348e+00, -1.76635660965978904414341345057316308464e+00, 4.01965912837911104664430725552864574135e+01, -1.30325548286288529089864983032308432838e-01, 6.07090741088183034948183233077065258637e+00, 1.10939888971400417506741486091446477396e+00, -7.3301245630064893e-01, -8.8043705201717343e-01
0.25300000, 2.12080822371129041963319732298080798944e+00, -1.76633812555015791893761012337714333705e+00, 4.01973056675105732458042476154417485206e+01, -1.30693659451721315741080087096272349379e-01, 6.07120796456116311944143332722674435945e+00, 1.10910384381729270095004240491798859857e+00, -7.3231252284796642e-01, -8.7718131617667043e-01
0.25400000, 2.12029869128596559210290509371360718149e+00, -1.76631945307593217879151607152166946284e+00, 4.01980196515037664913498382716038244789e+01, -1.31060642473699806344829945089995944466e-01, 6.07150809885804586425178035610688914446e+00, 1.10880900986686298061632411062003287367e+00, -7.3160908418259330e-01, -8.7393844928694570e-01
0.25500000, 2.11978962735575966786545353608555787934e+00, -1.76630059246388371965212822762412611723e+00, 4.01987332369539101527426850510114302266e+01, -1.31426497924290940412404379179979818814e-01, 6.07180781440390711127732653057986342405e+00, 1.10851438765153253869945650513896803678e+00, -7.3090218263542927e-01, -8.7070840249964353e-01
0.25600000, 2.11928103132300593827478209822232274316e+00, -1.76628154393982754881084074132901474244e+00, 4.01994464250409997351972700471294775331e+01, -1.31791226375186919114196157624997810641e-01, 6.07210711182845794418309167806420626980e+00, 1.10821997696034694629751333654090270458e+00, -7.3019186020365186e-01, -8.6749112711935667e-01
0.25700000, 2.11877290259119813929361172347978780640e+00, -1.76626230772862433288886005602824338467e+00, 4.02001592169418135153642499132632560228e+01, -1.32154828397704563002442222044126842759e-01, 6.07240599175969711905859675677886888512e+00, 1.10792577758257903613390452660930699890e+00, -7.2947815855308973e-01, -8.6428657460356737e-01
0.25800000, 2.11826524056498658262119579145489649457e+00, -1.76624288405418293450566036458731957435e+00, 4.02008716138299197295216520895780992627e+01, -1.32517304562784679187905488800081896797e-01, 6.07270445482391616034993964669346495947e+00, 1.10763178930772811739500796526649683667e+00, -7.2876111902057976e-01, -8.6109469656258221e-01
0.25900000, 2.11775804465017429760650909804784102524e+00, -1.76622327313946293768809426139875294514e+00, 4.02015836168756837341804434155027953399e+01, -1.32878655440991437933694167365790862779e-01, 6.07300250164570443669881212128097767788e+00, 1.10733801192551919024342338014980105781e+00, -7.2804078261630824e-01, -8.5791544475946102e-01
0.26000000, 2.11725131425371318388767698939824966982e+00, -1.76620347520647716207749971309663553924e+00, 4.02022952272462751392116708509099331766e+01, -1.33238881602511758629738441214696020997e-01, 6.07330013284795421678675763096549331454e+00, 1.10704444522590216000525534753966800088e+00, -7.2731719002613613e-01, -8.5474877110993985e-01
0.26100000, 2.11674504878370017469869511999260009712e+00, -1.76618349047629416599187290774542866306e+00, 4.02030064461056749136018677599795616809e+01, -1.33597983617154705111765514299458164507e-01, 6.07359734905186570528247275162265381462e+00, 1.10675108899905105102979071105406600538e+00, -7.2659038161390861e-01, -8.5159462768234816e-01
0.26200000, 2.11623924764937341078473708290187814291e+00, -1.76616331916904073839990709999858654325e+00, 4.02037172746146824639429160839129128626e+01, -1.33955962054350890288933452746785887964e-01, 6.07389415087695205898946174991532431160e+00, 1.10645794303536322021989423965298235330e+00, -7.2586039742374886e-01, -8.4845296669752029e-01
0.26300000, 2.11573391026110842486759237078889601957e+00, -1.76614296150390437986343023545980706286e+00, 4.02044277139309226857620547254668198672e+01, -1.34312817483151890044601961069683115996e-01, 6.07419053894104438329086366979582629099e+00, 1.10616500712545857023140528396620720549e+00, -7.2512727718233635e-01, -8.4532374052870126e-01
0.26400000, 2.11522903603041433660302078078905045371e+00, -1.76612241769913577250450889923540558775e+00, 4.02051377652088529877972275725695651151e+01, -1.34668550472229666375034238939518178374e-01, 6.07448651386029670898778462952193827129e+00, 1.10587228106017876233977747723213041992e+00, -7.2439106030116962e-01, -8.4220690170144708e-01
0.26500000, 2.11472462436993005797205148531666860602e+00, -1.76610168797205123905322297951661513151e+00, 4.02058474295997702893224707831433393924e+01, -1.35023161589875999731138382212224205091e-01, 6.07478207624919094962698461453672490829e+00, 1.10557976463058642897216317171761483409e+00, -7.2365178587881370e-01, -8.3910240289351954e-01
0.26600000, 2.11422067469342050904849556491685000784e+00, -1.76608077253903519103185435516275752699e+00, 4.02065567082518179906275482219298019860e+01, -1.35376651404001930528669434196022673097e-01, 6.07507722672054183941328793724770501125e+00, 1.10528745762796438590310430091894661605e+00, -7.2290949270313220e-01, -8.3601019693477565e-01
0.26700000, 2.11371718641577284408517984904131702463e+00, -1.76605967161554256613097389496773167356e+00, 4.02072656023099929167555562659693484673e+01, -1.35729020482137209792624173700693707006e-01, 6.07537196588550185180160968897858128944e+00, 1.10499535984381484411195170969814826670e+00, -7.2216421925350432e-01, -8.3293023680705181e-01
0.26800000, 2.11321415895299268786164744658443548923e+00, -1.76603838541610125483265408399006955760e+00, 4.02079741129161522346017345619400073408e+01, -1.36080269391429758901870058727829136619e-01, 6.07566629435356609886301691119902309766e+00, 1.10470347106985862130009569640103050880e+00, -7.2141600370302664e-01, -8.2986247564404271e-01
0.26900000, 2.11271159172220038223630638061789913212e+00, -1.76601691415431451633577965752641156959e+00, 4.02086822412090203434762377094782724734e+01, -1.36430398698645138400357442144637283388e-01, 6.07596021273257721151877284177827737290e+00, 1.10441179109803435306605156058319949205e+00, -7.2066488392070009e-01, -8.2680686673117518e-01
0.27000000, 2.11220948414162724284624228139334396230e+00, -1.76599525804286338383817571463283250855e+00, 4.02093899883241957392331442436820342618e+01, -1.36779408970166025841570251618213429664e-01, 6.07625372162873020073584542683986550883e+00, 1.10412031972049770373640534492403412563e+00, -7.1991089747360190e-01, -8.2376336350547688e-01
0.27100000, 2.11170783563061182589814414866392761021e+00, -1.76597341729350905923002188927802922069e+00, 4.02100973553941578520675036811750777146e+01, -1.37127300771991702633174793651622693739e-01, 6.07654682164657729977689730936878276940e+00, 1.10382905672962057685058669795866054859e+00, -7.1915408162904278e-01, -8.2073191955544016e-01
0.27200000, 2.11120664560959620499402377897070195000e+00, -1.76595139211709529725277226708297412990e+00, 4.02108043435482738580817497614719906905e+01, -1.37474074669737549849129213828745944811e-01, 6.07683951338903278759731369175780762292e+00, 1.10353800191799032529739786316226509273e+00, -7.1839447335670949e-01, -8.1771248862088091e-01
0.27300000, 2.11070591350012225793563957594959559256e+00, -1.76592918272355077917755383810441668417e+00, 4.02115109539128054647223383431381041639e+01, -1.37819731228634552976817435305719127006e-01, 6.07713179745737779348136680085958070783e+00, 1.10324715507840896110119021747341382816e+00, -7.1763210933079267e-01, -8.1470502459279266e-01
0.27400000, 2.11020563872482796345176413208298501687e+00, -1.76590678932189147605677136030007502261e+00, 4.02122171876109156701870016867443954564e+01, -1.38164271013528815567071118040882254336e-01, 6.07742367445126508300916114088393915484e+00, 1.10295651600389236485554253637251074860e+00, -7.1686702593210030e-01, -8.1170948151319594e-01
0.27500000, 2.10970582070744370779266219873061849989e+00, -1.76588421212022300160240356332050652799e+00, 4.02129230457626754969025470583611336772e+01, -1.38507694588881081755241344984997352396e-01, 6.07771514496872382544555228185620716738e+00, 1.10266608448766949480225825100246339696e+00, -7.1609925925015661e-01, -8.0872581357498293e-01
0.27600000, 2.10920645887278860113637145775464331712e+00, -1.76586145132574295474423463735817291834e+00, 4.02136285294850706991726667029404224603e+01, -1.38850002518766267621778361107052056071e-01, 6.07800620960616434264178357970369995691e+00, 1.10237586032318159555346238343038001922e+00, -7.1532884508528682e-01, -8.0575397512175763e-01
0.27700000, 2.10870755264676680375160288257203407927e+00, -1.76583850714474325192102591630170141151e+00, 4.02143336398920084450947682511647723077e+01, -1.39191195366873001361072779252377566241e-01, 6.07829686895838283954013993889652866372e+00, 1.10208584330408140645454259693585503718e+00, -7.1455581895068747e-01, -8.0279392064767141e-01
0.27800000, 2.10820910145636386186230043893762137948e+00, -1.76581537978261244915739556784745013084e+00, 4.02150383780943239728443795210776875257e+01, -1.39531273696503172227605235860166587783e-01, 6.07858712361856611637147549062547057155e+00, 1.10179603322423236958564287714188795874e+00, -7.1378021607448282e-01, -7.9984560479725418e-01
0.27900000, 2.10771110472964305315912143603904704614e+00, -1.76579206944383805397893893506616573921e+00, 4.02157427451997872214252294420865781439e+01, -1.39870238070571488228743541845577635782e-01, 6.07887697417829626263503284960207085391e+00, 1.10150642987770783739938276488193189014e+00, -7.1300207140176698e-01, -7.9690898236524122e-01
0.28000000, 2.10721356189574174190331900637291880838e+00, -1.76576857633200882721788892386423124442e+00, 4.02164467423131094359826574488931573021e+01, -1.40208089051605042533816941714713528130e-01, 6.07916642122755533294953541171813616666e+00, 1.10121703305879027999243979095843038332e+00, -7.1222141959663230e-01, -7.9398400829639562e-01
0.28100000, 2.10671647238486774356872697811615726040e+00, -1.76574490064981707476138448856992435023e+00, 4.02171503705359497477775571518475056172e+01, -1.40544827201742888569386179365319140271e-01, 6.07945546535473000486410094416191333436e+00, 1.10092784256197049200859781446598205285e+00, -7.1143829504418375e-01, -7.9107063768532662e-01
0.28200000, 2.10621983562829569896776481600097166758e+00, -1.76572104259906092929418582336637705017e+00, 4.02178536309669217289176163735545644541e+01, -1.40880453082735623770915684068441672561e-01, 6.07974410714661621871709448046844813180e+00, 1.10063885818194679917082933823135496035e+00, -7.1065273185253956e-01, -7.8816882577630375e-01
0.28300000, 2.10572365105836345780759635568564587124e+00, -1.76569700238064662208744731043286829602e+00, 4.02185565247015999219421747348302463975e+01, -1.41214967255944981961340346763573614838e-01, 6.08003234718842379963061124684591768516e+00, 1.10035007971362426443994556530204056534e+00, -7.0986476385481822e-01, -7.8527852796306681e-01
0.28400000, 2.10522791810846847162279075187319432425e+00, -1.76567278019459074488493359648944504069e+00, 4.02192590528325263443565818619809723054e+01, -1.41548370282343434327304066870358991965e-01, 6.08032018606378106172785599458297713286e+00, 1.10006150695211389379731396746749879252e+00, -7.0907442461111185e-01, -7.8239969978863199e-01
0.28500000, 2.10473263621306419603104741150067420929e+00, -1.76564837624002250193784035810708054344e+00, 4.02199612164492169682115039576648429767e+01, -1.41880662722513798964130525064264380014e-01, 6.08060762435473939466026367816876952866e+00, 1.09977313969273184164910945872866436623e+00, -7.0828174741044604e-01, -7.7953229694509391e-01
0.28600000, 2.10423780480765650225875869968672688904e+00, -1.76562379071518595223915936288200076124e+00, 4.02206630166381681748221939152108264997e+01, -1.42211845136648858960868489524943870199e-01, 6.08089466264177783253078788185993883134e+00, 1.09948497773099861584953190168080905989e+00, -7.0748676527272632e-01, -7.7667627527342385e-01
0.28700000, 2.10374342332880009788339489721610366133e+00, -1.76559902381744224200830732870798918556e+00, 4.02213644544828631847223103472758881583e+01, -1.42541918084550988997034403591065521742e-01, 6.08118130150380760529936774086754781182e+00, 1.09919702086263828234038962121465516412e+00, -7.0668951095067127e-01, -7.7383159076326414e-01
0.28800000, 2.10324949121409495673990526353957308935e+00, -1.76557407574327182747651981733742482470e+00, 4.02220655310637784629464438302853037419e+01, -1.42870882125631790422954042994957341232e-01, 6.08146754151817667275617130931686105846e+00, 1.09890926888357766940441585607574189134e+00, -7.0589001693173238e-01, -7.7099819955271882e-01
0.28900000, 2.10275600790218275793853712790812025938e+00, -1.76554894668827668802329496171625552684e+00, 4.02227662474583900997350843225288745333e+01, -1.43198737818911734795882682260224027777e-01, 6.08175338326067424114780337800474973736e+00, 1.09862172158994557152965264299018872770e+00, -7.0508831544000076e-01, -7.6817605792814061e-01
0.29000000, 2.10226297283274333394168170262509414617e+00, -1.76552363684718252971395720981780834905e+00, 4.02234666047411801667553420824990090619e+01, -1.43525485723019815844359483686604555709e-01, 6.08203882730553526254125862323665797747e+00, 1.09833437877807195288220449863645273903e+00, -7.0428443843810081e-01, -7.6536512232391422e-01
0.29100000, 2.10177038544649112764756079572385600419e+00, -1.76549814641384097928819846158433505601e+00, 4.02241666039836430489303154816016874226e+01, -1.43851126396193209833526729786035381566e-01, 6.08232387422544491700999665630349681070e+00, 1.09804724024448715038463244012010725754e+00, -7.0347841762907082e-01, -7.6256534932223618e-01
0.29200000, 2.10127824518517165842877280484860499056e+00, -1.76547247558123176864924297090311642617e+00, 4.02248662462542917519695828584158673143e+01, -1.44175660396276944304418072146179011709e-01, 6.08260852459154307772611402423537497879e+00, 1.09776030578592107639722736322698598413e+00, -7.0267028445823077e-01, -7.5977669565289111e-01
0.29300000, 2.10078655149155799707391930887223830917e+00, -1.76544662454146490990307317217532115607e+00, 4.02255655326186641856928819870095026924e+01, -1.44499088280723575160492177464009936387e-01, 6.08289277897342875904218946926045040940e+00, 1.09747357519930242099937057805624324906e+00, -7.0186007011503721e-01, -7.5699911819302460e-01
0.29400000, 2.10029530380944724958073524792052393407e+00, -1.76542059348578286099694616194933937456e+00, 4.02262644641393294232386298163497290373e+01, -1.44821410606592872074959025801899893883e-01, 6.08317663793916454764598276995877580839e+00, 1.09718704828175785386815838216793304962e+00, -7.0104780553492550e-01, -7.5423257396691264e-01
0.29500000, 2.09980450158365704974934610503364894728e+00, -1.76539438260456268200622491134319012350e+00, 4.02269630418758939362485268685990012521e+01, -1.45142627930551512192715667770158251945e-01, 6.08346010205528101687077424462571171741e+00, 1.09690072483061122575143693065037167107e+00, -7.0023352140113934e-01, -7.5147702014572785e-01
0.29600000, 2.09931414426002206052447468268601185326e+00, -1.76536799208731818211834439571785192991e+00, 4.02276612668850078061190850482147577435e+01, -1.45462740808872782100976487040587526960e-01, 6.08374317188678112424374148017654727476e+00, 1.09661460464338276953236333908325819442e+00, -6.9941724814654772e-01, -7.4873241404730238e-01
0.29700000, 2.09882423128539048403561801375972669221e+00, -1.76534142212270205736253069551713389093e+00, 4.02283591402203709114105145985321245999e+01, -1.45781749797436288042949952962622260742e-01, 6.08402584799714459235438204149788135833e+00, 1.09632868751778830088257892783725749092e+00, -6.9859901595544946e-01, -7.4599871313588761e-01
0.29800000, 2.09833476210762058028441166823917490565e+00, -1.76531467289850801913369073767859851587e+00, 4.02290566629327390915030055352890234808e+01, -1.46099655451727674349179495614830998970e-01, 6.08430813094833227312460580008064493465e+00, 1.09604297325173841850105078313487883168e+00, -6.9777885476536525e-01, -7.4327587502191074e-01
0.29900000, 2.09784573617557719442859422273183323044e+00, -1.76528774460167291355869170194846441628e+00, 4.02297538360699302865900410748489971483e+01, -1.46416458326838350061430502818852112212e-01, 6.08459002130079049556173808078593020500e+00, 1.09575746164333770393560837045766164536e+00, -6.9695679426881747e-01, -7.4056385746172830e-01
0.30000000, 2.09735715293912829261217895875013633054e+00, -1.76526063741827883175305220229088183339e+00, 4.02304506606768306540979853463030258949e+01, -1.46732158977465223724268535820740847450e-01, 6.08487151961345539707529504556143371394e+00, 1.09547215249088392098417278790870712435e+00, -6.9613286391509764e-01, -7.3786261835737661e-01
0.30100000, 2.09686901184914150629163295629334834309e+00, -1.76523335153355521101587216194248189720e+00, 4.02311471377954006616207950189164911112e+01, -1.47046757957910446319735697768999045040e-01, 6.08515262644375723843801559683747614086e+00, 1.09518704559286721467264738974629224570e+00, -6.9530709291202187e-01, -7.3517211575631928e-01
0.30200000, 2.09638131235748068500805566038836982904e+00, -1.76520588713188092701063482318446399093e+00, 4.02318432684646811564583143773744657248e+01, -1.47360255822081162320792676964815627389e-01, 6.08543334234762470247125957531105201588e+00, 1.09490214074796930980640994224339484499e+00, -6.9447951022767406e-01, -7.3249230785119184e-01
0.30300000, 2.09589405391700245755553972858372163884e+00, -1.76517824439678637697932256132768773358e+00, 4.02325390537207994118462258249244967584e+01, -1.47672653123489268839453335217204268521e-01, 6.08571366787948917653451013112658872573e+00, 1.09461743775506270909231819407995099506e+00, -6.9365014459213725e-01, -7.2982315297954341e-01
0.30400000, 2.09540723598155280149608652560039135344e+00, -1.76515042351095555403709809855478854828e+00, 4.02332344945969751499653427768907281606e+01, -1.47983950415251182845796830506640146871e-01, 6.08599360359228901889834884846296092277e+00, 1.09433293641320989082811275045073218769e+00, -6.9281902449921292e-01, -7.2716460962357566e-01
0.30500000, 2.09492085800596362097163702604527210646e+00, -1.76512242465622811259461432904264191187e+00, 4.02339295921235265418175494123185572224e+01, -1.48294148250087616434299162462787753714e-01, 6.08627315003747380907990548574415676479e+00, 1.09404863652166250615607343281359615906e+00, -6.9198617820812856e-01, -7.2451663640987899e-01
0.30600000, 2.09443491944604933276396612586630435288e+00, -1.76509424801360142495482926418522438143e+00, 4.02346243473278761840553117679985417547e+01, -1.48603247180323360114181718727293426722e-01, 6.08655230776500858221942004173754939355e+00, 1.09376453787986057587775788358270072348e+00, -6.9115163374523336e-01, -7.2187919210916594e-01
0.30700000, 2.09394941975860346055337445661270965668e+00, -1.76506589376323262913101757781835548719e+00, 4.02353187612345570528513071752163743388e+01, -1.48911247757887074100728889849236756381e-01, 6.08683107732337804757619325644504478868e+00, 1.09348064028743168682662403599157828202e+00, -6.9031541890568232e-01, -7.1925223563600208e-01
0.30800000, 2.09346435840139523732729675205982374188e+00, -1.76503736208444066793248686826126055749e+00, 4.02360128348652184348943440437970258663e+01, -1.49218150534311087584780119612594626411e-01, 6.08710945925959079122184258980780000698e+00, 1.09319694354419018779531121274448235101e+00, -6.8947756125510866e-01, -7.1663572604853418e-01
0.30900000, 2.09297973483316621589012964282887038941e+00, -1.76500865315570831936432504896207111614e+00, 4.02367065692386318355973714789798007851e+01, -1.49523956060731205957853876202439747996e-01, 6.08738745411918346300842417583633626700e+00, 1.09291344745013638501432804190399518743e+00, -6.8863808813128478e-01, -7.1402962254821590e-01
0.31000000, 2.09249554851362688742576445970293074141e+00, -1.76497976715468421838732522487075838576e+00, 4.02373999653706968646030081631101118050e+01, -1.49828664887886525970611976877119021556e-01, 6.08766506244622494788862720996754585281e+00, 1.09263015180545573717886908372141177990e+00, -6.8779702664577168e-01, -7.1143388447953095e-01
0.31100000, 2.09201179890345330806449221879975163740e+00, -1.76495070425818487008405599974723162868e+00, 4.02380930242744470986716523349045998629e+01, -1.50132277566119258802622484242461675250e-01, 6.08794228478332052166489567848136516161e+00, 1.09234705641051805002045604682670244430e+00, -6.8695440368555702e-01, -7.0884847132971384e-01
0.31200000, 2.09152848546428373340612844996188082899e+00, -1.76492146464219665427686838290565155750e+00, 4.02387857469600559220368695430877397188e+01, -1.50434794645374561021628025154351703800e-01, 6.08821912167161599124398326604502378582e+00, 1.09206416106587667042007373540954896847e+00, -6.8611024591468195e-01, -7.0627334272846816e-01
0.31300000, 2.09104560765871526095138492198102135323e+00, -1.76489204848187782164345531493660615044e+00, 4.02394781344348423443123921275662081723e+01, -1.50736216675200373410773872959522588825e-01, 6.08849557365080181947310066637225762717e+00, 1.09178146557226768005944540982443250474e+00, -6.8526457977585656e-01, -7.0370845844768259e-01
0.31400000, 2.09056316495030048039369362286723510840e+00, -1.76486245595156048137540630335124526310e+00, 4.02401701877032767960347040791643292738e+01, -1.51036544204747267642496489391993636149e-01, 6.08877164125911723463347035718638820743e+00, 1.09149896973060908860706706055305959526e+00, -6.8441743149206434e-01, -7.0115377840114455e-01
0.31500000, 2.09008115680354413172386557855067780411e+00, -1.76483268722475258042502774354613199648e+00, 4.02408619077669869019248270375578582407e+01, -1.51335777782768300778018453064478568448e-01, 6.08904732503335432466676216987365134887e+00, 1.09121667334200002643559518879814196494e+00, -6.8356882706815540e-01, -6.9860926264425160e-01
0.31600000, 2.08959958268389977110014324737564056156e+00, -1.76480274247413987438552919076000511006e+00, 4.02415532956247632319525676957873459380e+01, -1.51633917957618877571639816140649314895e-01, 6.08932262550886211620954367223579608449e+00, 1.09093457620771993686715805533476853809e+00, -6.8271879229242880e-01, -6.9607487137372061e-01
0.31700000, 2.08911844205776644443638031869181521122e+00, -1.76477262187158789004950713762404056210e+00, 4.02422443522725650302861337780839641170e+01, -1.51930965277256620559258938376060305864e-01, 6.08959754321955063851054247554224933889e+00, 1.09065267812922776794313600180979046495e+00, -6.8186735273820387e-01, -6.9355056492729487e-01
0.31800000, 2.08863773439248536866125677991071292825e+00, -1.76474232558814387969049073240977763190e+00, 4.02429350787035259222096750352814906747e+01, -1.52226920289241247910797757124450190103e-01, 6.08987207869789497230518306069886335880e+00, 1.09037097890816116371493236468556062378e+00, -6.8101453376538068e-01, -6.9103630378344888e-01
0.31900000, 2.08815745915633662060161010568821717694e+00, -1.76471185379403876711214833814133266636e+00, 4.02436254759079595990909573485029739194e+01, -1.52521783540734459026447271894993277904e-01, 6.09014623247493928372152857896161668651e+00, 1.09008947834633565505223269073104168684e+00, -6.8016036052198977e-01, -6.8853204856109128e-01
0.32000000, 2.08767761581853583344313537349738493219e+00, -1.76468120665868908550958987542145962691e+00, 4.02443155448733654814810320368869383283e+01, -1.52815555578499827856888761309600475782e-01, 6.09042000508030084329142830651024091405e+00, 1.08980817624574384996522642365889399482e+00, -6.7930485794573105e-01, -6.8603776001926559e-01
0.32100000, 2.08719820384923090072187802981726998799e+00, -1.76465038435069890718703750525736651681e+00, 4.02450052865844343604274188187454992324e+01, -1.53108236948902703927884917464502701291e-01, 6.09069339704217403014034400574970045257e+00, 1.08952707240855462343724196350893433902e+00, -6.7844805076550215e-01, -6.8355339905684902e-01
0.32200000, 2.08671922271949868780011292850110153705e+00, -1.76461938703786176517597638556667169810e+00, 4.02456947020230540170819795677165892293e+01, -1.53399828197910121049872686286652694365e-01, 6.09096640888733432142900335592742591452e+00, 1.08924616663711230676422300303259197529e+00, -6.7758996350291617e-01, -6.8107892671224935e-01
0.32300000, 2.08624067190134175078037214558743362735e+00, -1.76458821488716256679773796967241437726e+00, 4.02463837921683148206843210262767874219e+01, -1.53690329871090713693426150955566133881e-01, 6.09123904114114226711970584815049244998e+00, 1.08896545873393587639745131801489720801e+00, -6.7673062047380885e-01, -6.7861430416309986e-01
0.32400000, 2.08576255086768506281155195083768231887e+00, -1.76455686806477949921431060030521537611e+00, 4.02470725579965153050012279786124873151e+01, -1.53979742513614641011693297221162284726e-01, 6.09151129432754745013978608187655802851e+00, 1.08868494850171814228589873058421839740e+00, -6.7587004578973542e-01, -6.7615949272595244e-01
0.32500000, 2.08528485909237274774119619355007489325e+00, -1.76452534673608592701101598183723045870e+00, 4.02477610004811677233022940335976577625e+01, -1.54268066670253518491144962797895044371e-01, 6.09178316896909243201442123825915448110e+00, 1.08840463574332493571456877553832809480e+00, -6.7500826335945698e-01, -6.7371445385596885e-01
0.32600000, 2.08480759605016482106821924661174628668e+00, -1.76449365106565228185453548016273253557e+00, 4.02484491205930035819515851168878129618e+01, -1.54555302885380357212207706189187215834e-01, 6.09205466558691668404065362728157917736e+00, 1.08812452026179429663516667902009424985e+00, -6.7414529689041661e-01, -6.7127914914661022e-01
0.32700000, 2.08433076121673393815049655617735434224e+00, -1.76446178121724794426961709736931337497e+00, 4.02491369192999791526948410094022764443e+01, -1.54841451702969510701584741452748748630e-01, 6.09232578470076050407418559744889517125e+00, 1.08784460186033566048541460599751767131e+00, -6.7328116989020529e-01, -6.6885354032932477e-01
0.32800000, 2.08385435406866214962191477264600928746e+00, -1.76442973735384311757764239073561267261e+00, 4.02498243975672809637213927883188079297e+01, -1.55126513666596629358300482640667998595e-01, 6.09259652682896891900019274606325422351e+00, 1.08756488034232904449330774745996790899e+00, -6.7241590566801757e-01, -6.6643758927323392e-01
0.32900000, 2.08337837408343766397363639956293763557e+00, -1.76439751963761069404008254633792045977e+00, 4.02505115563573312695796488168321651591e+01, -1.55410489319438622435734632947526632791e-01, 6.09286689248849557295909226202598210480e+00, 1.08728535551132423346258569958288312575e+00, -6.7154952733609725e-01, -6.6403125798481659e-01
0.33000000, 2.08290282073945161725449589848560256549e+00, -1.76436512822992811324972427040813967327e+00, 4.02511983966297935000246789811142547290e+01, -1.55693379204273627562141146910307125880e-01, 6.09313688219490660139789635903503341847e+00, 1.08700602717103996503567273491299992887e+00, -6.7068205781117293e-01, -6.6163450860759205e-01
0.33100000, 2.08242769351599484984560523748702930475e+00, -1.76433256329137921281239912038551677815e+00, 4.02518849193415776878761061780377641921e+01, -1.55975183863480987782375797186796685557e-01, 6.09340649646238449101747610242443980978e+00, 1.08672689512536311443031997948994818345e+00, -6.6981351981588368e-01, -6.5924730342180105e-01
0.33200000, 2.08195299189325469026440697655696146929e+00, -1.76429982498175607136180435623669803674e+00, 4.02525711254468458759641956062631263631e+01, -1.56255903839041236103783498282318419793e-01, 6.09367573580373192568575848526976359915e+00, 1.08644795917834787864616218938079360077e+00, -6.6894393588019476e-01, -6.5686960484408545e-01
0.33300000, 2.08147871535231174595357215241391357919e+00, -1.76426691346006084394985934504134515169e+00, 4.02532570158970175032417161973113693630e+01, -1.56535539672536087529422985812583787972e-01, 6.09394460073037561838657935640660962392e+00, 1.08616921913421496013738176502322932437e+00, -6.6807332834280354e-01, -6.5450137542716638e-01
0.33400000, 2.08100486337513670101029846584298561009e+00, -1.76423382888450758985489899207737544593e+00, 4.02539425916407747701388345334188131134e+01, -1.56814091905148438562031929125119321623e-01, 6.09421309175237012927361673242312837546e+00, 1.08589067479735074994765285174033625987e+00, -6.6720171935253564e-01, -6.5214257785952085e-01
0.33500000, 2.08053143544458712081172159428585824882e+00, -1.76420057141252409284986459377932325828e+00, 4.02546278536240679832379898265540649534e+01, -1.57091561077662374162360074922490334148e-01, 6.09448120937840166989853312533541003061e+00, 1.08561232597230651030351884952317515420e+00, -6.6632913086973139e-01, -6.4979317496505700e-01
0.33600000, 2.08005843104440426349230885866717561195e+00, -1.76416714120075367397251290613809945446e+00, 4.02553128027901208793453889693276306939e+01, -1.57367947730463182145721587434729602576e-01, 6.09474895411579189368216177547718776980e+00, 1.08533417246379755666233739442322109596e+00, -6.6545558466762264e-01, -6.4745312970278790e-01
0.33700000, 2.07958584965920989822925997395862056733e+00, -1.76413353840505699683952609057709830447e+00, 4.02559974400794359290354533050873779924e+01, -1.57643252403537375000840374101502003646e-01, 6.09501632647050167269728008316919098378e+00, 1.08505621407670243921090787742929977994e+00, -6.6458110233370003e-01, -6.4512240516650398e-01
0.33800000, 2.07911369077450313029209421534856148810e+00, -1.76409976318051386554626853235799762354e+00, 4.02566817664297996197442435928096462625e+01, -1.57917475636472719115283872000658075526e-01, 6.09528332694713486083122407111122230251e+00, 1.08477845061606212381087783432591204549e+00, -6.6370570527107071e-01, -6.4280096458444419e-01
0.33900000, 2.07864195387665723281275704366894997776e+00, -1.76406581568142501519380131848233676116e+00, 4.02573657827762877184875866540989665787e+01, -1.58190617968458271392001526681866151497e-01, 6.09554995604894204339631037038871835517e+00, 1.08450088188707917238700607157246325759e+00, -6.6282941469980664e-01, -6.4048877131896578e-01
0.34000000, 2.07817063845291648523273206247801051226e+00, -1.76403169606131389508463140726694078347e+00, 4.02580494900512705142793263764240118125e+01, -1.58462679938284423241704028844043442565e-01, 6.09581621427782427325574699482625108494e+00, 1.08422350769511692275434218856488640032e+00, -6.6195225165828355e-01, -6.3818578886621289e-01
0.34100000, 2.07769974399139301838379613243159460826e+00, -1.76399740447292844462854021474917884181e+00, 4.02587328891844180403248231004598271547e+01, -1.58733662084342951936038292574877372776e-01, 6.09608210213433679353243103956729790009e+00, 1.08394632784569866788036421562948666395e+00, -6.6107423700451054e-01, -6.3589198085578388e-01
0.34200000, 2.07722926998106366615920655380135203833e+00, -1.76396294106824286199970547834988408208e+00, 4.02594159811027052760645289319838036899e+01, -1.59003564944627079306731168721149495441e-01, 6.09634762011769274696775039871911795138e+00, 1.08366934214450683457809840966862228039e+00, -6.6019539141745042e-01, -6.3360731105039747e-01
0.34300000, 2.07675921591176682373225945269713744424e+00, -1.76392830599845936558620083037630628497e+00, 4.02600987667304173291421721821829042337e+01, -1.59272389056731537776091995381210012244e-01, 6.09661276872576687199722763227168031615e+00, 1.08339255039738216162622783547218398502e+00, -6.5931573539833090e-01, -6.3133174334555770e-01
0.34400000, 2.07628958127419931227930787818740975484e+00, -1.76389349941400994827282951763381295436e+00, 4.02607812469891545973717919465599469609e+01, -1.59540134957852643704480301437505376840e-01, 6.09687754845509918560956721296896361893e+00, 1.08311595241032287731217921029886350283e+00, -6.5843528927194665e-01, -6.2906524176921781e-01
0.34500000, 2.07582036555991325016447664352841972478e+00, -1.76385852146455812459812213334212057312e+00, 4.02614634227978379107775737740544049920e+01, -1.59806803184788378040560305339857136766e-01, 6.09714195980089865305539253815816545934e+00, 1.08283954798948387639416060241601475407e+00, -6.5755407318795223e-01, -6.2680777048144293e-01
0.34600000, 2.07535156826131293054345863253536908804e+00, -1.76382337229900067082620307848788616629e+00, 4.02621452950727136537801494467843170481e+01, -1.60072394273938474260378296802440670103e-01, 6.09740600325704684447168628873513327962e+00, 1.08256333694117589647810595089357998248e+00, -6.5667210712214611e-01, -6.2455929377407186e-01
0.34700000, 2.07488318887165170534392414916262671661e+00, -1.76378805206546935797410673651763931064e+00, 4.02628268647273588676027380793252095860e+01, -1.60336908761304513581512560413489436761e-01, 6.09766967931610157848767694609871541179e+00, 1.08228731907186469380546601413109355122e+00, -6.5578941087774568e-01, -6.2231977607037761e-01
0.34800000, 2.07441522688502887558022092199366334174e+00, -1.76375256091133267783500202276878412487e+00, 4.02635081326726863329702220471121832822e+01, -1.60600347182490027438758204032444317091e-01, 6.09793298846930055287764552756636719053e+00, 1.08201149418817021844776925844013619251e+00, -6.5490600408665335e-01, -6.2008918192472712e-01
0.34900000, 2.07394768179638658796018759294525841143e+00, -1.76371689898319756203766305319514881290e+00, 4.02641890998169496331739696589129325202e+01, -1.60862710072700607208021097852042933003e-01, 6.09819593120656496232585986011867384495e+00, 1.08173586209686578890386036561865578061e+00, -6.5402190621071395e-01, -6.1786747602223990e-01
0.35000000, 2.07348055310150673774204792841834590760e+00, -1.76368106642691109418240416076813274733e+00, 4.02648697670657481975749369909900456631e+01, -1.61123997966744021165306118652087815661e-01, 6.09845850801650310336857897084795309794e+00, 1.08146042260487726609570846997706477059e+00, -6.5313713654296318e-01, -6.1565462317844576e-01
0.35100000, 2.07301384029700787779949659871665131236e+00, -1.76364506338756221509357936748267735600e+00, 4.02655501353220323256173038932548106050e+01, -1.61384211399030338667895034518898230397e-01, 6.09872071938641396657780741938754225129e+00, 1.08118517551928222675866193087563003443e+00, -6.5225171420886755e-01, -6.1345058833894160e-01
0.35200000, 2.07254754288034213385323018512500637977e+00, -1.76360889000948342122862969028332988621e+00, 4.02662302054861081914246238532025469744e+01, -1.61643350903572061545018664533695074018e-01, 6.09898256580229081605121862228005106852e+00, 1.08091012064730913622201140670293307119e+00, -6.5136565816755549e-01, -6.1125533657904738e-01
0.35300000, 2.07208166034979212582731910089729458470e+00, -1.76357254643625245628354631561985586801e+00, 4.02669099784556428290501941545876722130e+01, -1.61901417013984262685536411960983003071e-01, 6.09924404774882475627240741117484481801e+00, 1.08063525779633652057570822058852008170e+00, -6.5047898721304001e-01, -6.0906883310346114e-01
0.35400000, 2.07161619220446789528895735983964491826e+00, -1.76353603281069399603450371497001249621e+00, 4.02675894551256690984530815876071601610e+01, -1.62158410263484731810343904543830746427e-01, 6.09950516570940828640537521548041565326e+00, 1.08036058677389213821907049724957714581e+00, -6.4959171997543275e-01, -6.0689104324591324e-01
0.35500000, 2.07115113794430383893026760146338363324e+00, -1.76349934927488132645530418781013081133e+00, 4.02682686363885906322709698488606172854e+01, -1.62414331184894128417436287819341576428e-01, 6.09976592016613884208689635527150094462e+00, 1.08008610738765215078729530449971971883e+00, -6.4870387492214958e-01, -6.0472193246881983e-01
0.35600000, 2.07068649707005564805097849208583942660e+00, -1.76346249597013801515016410450760050932e+00, 4.02689475231341867634607277056752745810e+01, -1.62669180310636141887760713020377647677e-01, 6.10002631159982232478016096158076542067e+00, 1.07981181944544029345158105240380937262e+00, -6.4781547035910779e-01, -6.0256146636293549e-01
0.35700000, 2.07022226908329725400093057402315805214e+00, -1.76342547303703957614126227484289928422e+00, 4.02696261162496174338773319837402777469e+01, -1.62922958172737658740196746178083453703e-01, 6.10028634048997661875283899848835467735e+00, 1.07953772275522704458865068818000338511e+00, -6.4692652443191489e-01, -6.0040961064700514e-01
0.35800000, 2.06975845348641777954150483738238667086e+00, -1.76338828061541512805036238378585268001e+00, 4.02703044166194280838615164626859495976e+01, -1.63175665302828937024207805466979246843e-01, 6.10054600731483509574246073453752139509e+00, 1.07926381712512879481545277609077340774e+00, -6.4603705512704916e-01, -5.9826633116741527e-01
0.35900000, 2.06929504978261849608520574814206782772e+00, -1.76335091884434904571371431024798938962e+00, 4.02709824251255545229062568246526608775e+01, -1.63427302232143787838910315557301149491e-01, 6.10080531255135010737176178990806587773e+00, 1.07899010236340701538480436911804046733e+00, -6.4514708027303188e-01, -5.9613159389784437e-01
0.36000000, 2.06883205747590978677276718942100438242e+00, -1.76331338786218260526933337235959941099e+00, 4.02716601426473277814719428894858943333e+01, -1.63677869491519763967510056608880202344e-01, 6.10106425667519646537639556050741651948e+00, 1.07871657827846742593772666360138638523e+00, -6.4425661754159143e-01, -5.9400536493891288e-01
0.36100000, 2.06836947607110811534728576727149375147e+00, -1.76327568780651562275565211997817315303e+00, 4.02723375700614789440198324805167750835e+01, -1.63927367611398355616257187342485652768e-01, 6.10132284016077490970717238080563976168e+00, 1.07844324467885916160821177967792384011e+00, -6.4336568444881924e-01, -5.9188761051783228e-01
0.36200000, 2.06790730507383300078502120518263447053e+00, -1.76323781881420808626043621727794722057e+00, 4.02730147082421439633331263905705476199e+01, -1.64175797121825193247272642077974625063e-01, 6.10158106348121556456874322403657756445e+00, 1.07817010137327393947614662977114127732e+00, -6.4247429835631761e-01, -5.8977829698805373e-01
0.36300000, 2.06744554399050399764263810991688103972e+00, -1.76319978102138178165875422110338948306e+00, 4.02736915580608684561947510526006046772e+01, -1.64423158552450257494799046388189641749e-01, 6.10183892710838138245640604158024955300e+00, 1.07789714817054522436410772503509274444e+00, -6.4158247647233958e-01, -5.8767739082891604e-01
0.36400000, 2.06698419232833768208079724249408313555e+00, -1.76316157456342191197869066004868896477e+00, 4.02743681203866124804906846569653286908e+01, -1.64669452432528096154628970672526953591e-01, 6.10209643151287157625247500327503185737e+00, 1.07762438487964739397372892609880235790e+00, -6.4069023585292076e-01, -5.8558485864529310e-01
0.36500000, 2.06652324959534464352413757923709838999e+00, -1.76312319957497871043339275075727886539e+00, 4.02750443960857552938074135917226186406e+01, -1.64914679290918048236662251028625807790e-01, 6.10235357716402503944341690750046035024e+00, 1.07735181130969490335733257023075597900e+00, -6.3979759340300330e-01, -5.8350066716724076e-01
0.36600000, 2.06606271530032648191782290594757484544e+00, -1.76308465618996904715794334757680816582e+00, 4.02757203860221000935918592073663845458e+01, -1.65158839656084475070742257753986296621e-01, 6.10261036452992375451872487461575264874e+00, 1.07707942726994144872050310273986347085e+00, -6.3890456587755192e-01, -5.8142478324964318e-01
0.36700000, 2.06560258895287281054095846062654294196e+00, -1.76304594454157802968945630536212921996e+00, 4.02763960910568787389418700172043589873e+01, -1.65401934056096998456118389036068781308e-01, 6.10286679407739618961226711030198481517e+00, 1.07680723256977913055127130666026259320e+00, -6.3801116988266222e-01, -5.7935717387185876e-01
0.36800000, 2.06514287006335826433731423382040933718e+00, -1.76300706476226059722869533884732817833e+00, 4.02770715120487564540951315331907871397e+01, -1.65643963018630745845078716219537555228e-01, 6.10312286627202068344661801717702533752e+00, 1.07653522701873761607156646217375219296e+00, -6.3711742187666114e-01, -5.7729780613736544e-01
0.36900000, 2.06468355814293951372392195777913253402e+00, -1.76296801698374310872142368161189460836e+00, 4.02777466498538365136841049986736389409e+01, -1.65884927070966602551492612738321440119e-01, 6.10337858157812881864065023444391315994e+00, 1.07626341042648330100658327647444326619e+00, -6.3622333817119982e-01, -5.7524664727340576e-01
0.37000000, 2.06422465270355228383824257327252960184e+00, -1.76292880133702492479759937929842748211e+00, 4.02784215053256649098243673084655153129e+01, -1.66124826739991470975198366569305059107e-01, 6.10363394045880878344043928707914267145e+00, 1.07599178260281847066770020657238240180e+00, -6.3532893493233865e-01, -5.7320366463063132e-01
0.37100000, 2.06376615325790837918473006322844502762e+00, -1.76288941795237998360643989150030649537e+00, 4.02790960793152350011034873972504381828e+01, -1.66363662552198536833365211040791408700e-01, 6.10388894337590872193330741902206612193e+00, 1.07572034335768046034457585259146253131e+00, -6.3443422818162491e-01, -5.7116882568274692e-01
0.37200000, 2.06330805931949271364174599243188602972e+00, -1.76284986695935837058528982077545956253e+00, 4.02797703726709921435373393240233510786e+01, -1.66601435033687542390152916085392034875e-01, 6.10414359079004007280460985991545402821e+00, 1.07544909250114081500204042819499405689e+00, -6.3353923379716267e-01, -5.6914209802615434e-01
0.37300000, 2.06285037040256034578990689944998418518e+00, -1.76281014848678788220013703175166968419e+00, 4.02804443862388383035605191775312508457e+01, -1.66838144710165066676185066572775281166e-01, 6.10439788316058089669664522316493945077e+00, 1.07517802984340444827738991865106890267e+00, -6.3264396751467537e-01, -5.6712344937959570e-01
0.37400000, 2.06239308602213351952307385781084589007e+00, -1.76277026266277558369553516451129170857e+00, 4.02811181208621366531173017701275912983e+01, -1.67073792106944812689544421137985141520e-01, 6.10465182094567919222885194549538007283e+00, 1.07490715519480880077368141653864283009e+00, -6.3174844492856079e-01, -5.6511284758379651e-01
0.37500000, 2.06193620569399870990332006534680525450e+00, -1.76273020961470936089160458066642412372e+00, 4.02817915773817161469193438697250752399e+01, -1.67308377748947901570190298817369970177e-01, 6.10490540460225620073823464591720162991e+00, 1.07463646836582299764461928103157745201e+00, -6.3085268149293873e-01, -5.6311026060110842e-01
0.37600000, 2.06147972893470367422133824059129166075e+00, -1.76268998946925946606569910409282759495e+00, 4.02824647566358760819361134363728996442e+01, -1.67541902160703173739888786634457885907e-01, 6.10515863458600969979874799627530723186e+00, 1.07436596916704700546661319994740177377e+00, -6.2995669252269131e-01, -5.6111565651515168e-01
0.37700000, 2.06102365526155450822387491026612834778e+00, -1.76264960235238005795624252756078281639e+00, 4.02831376594603906391837989762058777336e+01, -1.67774365866347496999936703796796516198e-01, 6.10541151135141728557815114760393308894e+00, 1.07409565740921078839358094520417433900e+00, -6.2906049319449594e-01, -5.5912900353045728e-01
0.37800000, 2.06056798419261270746990336928136527551e+00, -1.76260904838931073592615674790704135475e+00, 4.02838102866885134078782296960034238952e+01, -1.68005769389626081579149702062828520567e-01, 6.10566403535173964409063293768604531837e+00, 1.07382553290317346359006060291470725034e+00, -6.2816409854785112e-01, -5.5715026997210888e-01
0.37900000, 2.06011271524669223377737119135807561488e+00, -1.76256832770457806832322256240184082688e+00, 4.02844826391509818920171156313204370892e+01, -1.68236113253892802124773631742954119987e-01, 6.10591620703902381140329700691435656117e+00, 1.07355559545992245593818933001299950609e+00, -6.2726752348609495e-01, -5.5517942428538449e-01
0.38000000, 2.05965784794335658672248167143830558397e+00, -1.76252744042199711507463460409038387576e+00, 4.02851547176760219994566973251490705401e+01, -1.68465397982110526629166363275434332655e-01, 6.10616802686410642285438656323670701429e+00, 1.07328584489057265201409824103179406678e+00, -6.2637078277741657e-01, -5.5321643503539797e-01
0.38100000, 2.05920338180291588015359149752545465017e+00, -1.76248638666467294455293361068449830680e+00, 4.02858265230893525135476769474544169908e+01, -1.68693624096851452285284629866929191230e-01, 6.10641949527661695134092085416972900633e+00, 1.07301628100636555332926586243986170412e+00, -6.2547389105586042e-01, -5.5126127090674024e-01
0.38200000, 2.05874931634642392368192928656062602740e+00, -1.76244516655500214475042220664577646760e+00, 4.02864980562141895473950869638868722155e+01, -1.68920792120297448264197151747347692758e-01, 6.10667061272498093473320941617349658605e+00, 1.07274690361866842883236570883847152595e+00, -6.2457686282232354e-01, -5.4931390070312048e-01
0.38300000, 2.05829565109567530911146138344218864843e+00, -1.76240378021467432879909462807737101606e+00, 4.02871693178712509808065385797720287818e+01, -1.69146902574240405408031321534367080006e-01, 6.10692137965642319247350587075148347416e+00, 1.07247771253897346666713693637252634898e+00, -6.2367971244554578e-01, -5.4737429334700696e-01
0.38400000, 2.05784238557320250177035252139206574603e+00, -1.76236222776467363487303633161106874909e+00, 4.02878403088787608799930801984517704933e+01, -1.69371955980082592831946077346526336892e-01, 6.10717179651697103141586041419234131587e+00, 1.07220870757889692518180071502550310608e+00, -6.2278245416309310e-01, -5.4544241787926796e-01
0.38500000, 2.05738951930227293670658958261757496408e+00, -1.76232050932528022051017619836434233049e+00, 4.02885110300524539000866860366075180643e+01, -1.69595952858837021428908269894345734712e-01, 6.10742186375145744096402919568235359812e+00, 1.07193988855017828318553893415965931859e+00, -6.2188510208233395e-01, -5.4351824345881238e-01
0.38600000, 2.05693705180688611971045678766623918069e+00, -1.76227862501607175139020206901523051864e+00, 4.02891814822055796705381868288210621795e+01, -1.69818893731127814271233846002717522542e-01, 6.10767158180352427756409948843073604924e+00, 1.07167125526467938944754611588353926305e+00, -6.2098767018140879e-01, -5.4160173936223037e-01
0.38700000, 2.05648498261177073312667018707735644033e+00, -1.76223657495592488460537962290850052090e+00, 4.02898516661489071634592482248755202078e+01, -1.70040779117190583903038527998255346118e-01, 6.10792095111562543860829192236565866496e+00, 1.07140280753438361143415995975585493897e+00, -6.2009017231019279e-01, -5.3969287498343385e-01
0.38800000, 2.05603331124238174641909833695344983315e+00, -1.76219435926301674646094513971249187497e+00, 4.02905215826907290449717980317963976030e+01, -1.70261609536872816517925370192978510465e-01, 6.10816997212903002580620505683834724619e+00, 1.07113454517139498327957078117521627309e+00, -6.1919262219125175e-01, -5.3779161983329689e-01
0.38900000, 2.05558203722489753145111451796335546285e+00, -1.76215197805482640484167445338030127203e+00, 4.02911912326368660096281008740802334337e+01, -1.70481385509634263016418624308464715991e-01, 6.10841864528382549807957321963662117426e+00, 1.07086646798793735298560523579455193148e+00, -6.1829503342079135e-01, -5.3589794353929619e-01
0.39000000, 2.05513116008621698244474381210459902315e+00, -1.76210943144813633618116342195916474543e+00, 4.02918606167906710979644781357272089021e+01, -1.70700107554547336937834749047507433491e-01, 6.10866697101892081403641581653720267277e+00, 1.07059857579635352884607514470177738759e+00, -6.1739741946959961e-01, -5.3401181584515138e-01
0.39100000, 2.05468067935395664058188579035587261045e+00, -1.76206671955903388707028949010487190642e+00, 4.02925297359530339972514722024270452476e+01, -1.70917776190297519261462159005712434652e-01, 6.10891494977204956408026521575566053889e+00, 1.07033086840910442509117795121753366445e+00, -6.1649979368398288e-01, -5.3213320661046539e-01
0.39200000, 2.05423059455644782321101049420338485192e+00, -1.76202384250291273054125941099944234013e+00, 4.02931985909223853255030570374581228599e+01, -1.71134391935183770072101428533004084727e-01, 6.10916258197977309220997082617898598968e+00, 1.07006334563876820674743135129871667088e+00, -6.1560216928669507e-01, -5.3026208581036483e-01
0.39300000, 2.05378090522273375762284182199312299944e+00, -1.76198080039447431706358491778410454044e+00, 4.02938671824947008988073019965322539381e+01, -1.71349955307118947085197150751629979582e-01, 6.10940986807748360756538910944047017479e+00, 1.06979600729803943370862094705405049148e+00, -6.1470455937786050e-01, -5.2839842353514032e-01
0.39400000, 2.05333161088256671935865836421356514138e+00, -1.76193759334772932028826608868777212795e+00, 4.02945355114635059820407025110064674147e+01, -1.71564466823630231026971504397204561704e-01, 6.10965680849940728577408298602795146987e+00, 1.06952885319972820401323637815511961756e+00, -6.1380697693589010e-01, -5.2654218998988694e-01
0.39500000, 2.05288271106640517501495717722292353728e+00, -1.76189422147599907757640133187314108805e+00, 4.02952035786198795230281998417130093480e+01, -1.71777927001859557865147805094179272644e-01, 6.10990340367860736015396940706846293435e+00, 1.06926188315675929632386829037209646240e+00, -6.1290943481839131e-01, -5.2469335549414466e-01
0.39600000, 2.05243420530541092950834094967872858621e+00, -1.76185068489191702534838332279473653203e+00, 4.02958713847524583702107225233236475192e+01, -1.71990336358564057886029916665733289232e-01, 6.11014965404698720282667075862371150089e+00, 1.06899509698217131160403570551601083967e+00, -6.1201194576307145e-01, -5.2285189048153889e-01
0.39700000, 2.05198609313144627776460350708740526854e+00, -1.76180698370743012928978185575885880358e+00, 4.02965389306474414738818943779277199217e+01, -1.72201695410116501613880375606603598744e-01, 6.11039556003529339579614423673496637040e+00, 1.06872849448911581398791086419609290645e+00, -6.1111452238863479e-01, -5.2101776549942108e-01
0.39800000, 2.05153837407707116079610262455461679699e+00, -1.76176311803380030944995741962376566112e+00, 4.02972062170885940710553680726975811424e+01, -1.72412004672505752568716441349253507543e-01, 6.11064112207311879204698337159995543434e+00, 1.06846207549085647083840642349798182993e+00, -6.1021717719567326e-01, -5.1919095120850944e-01
0.39900000, 2.05109104767554032613162268307641142990e+00, -1.76171908798160586026939337244470520628e+00, 4.02978732448572518540240591265412231832e+01, -1.72621264661337226858819029799710398438e-01, 6.11088634058890556671660748072861708222e+00, 1.06819583980076819198908800748220730109e+00, -6.0931992256755096e-01, -5.1737141838252975e-01
0.40000000, 2.05064411346080049256304281766560887365e+00, -1.76167489366074286557167986865305270785e+00, 4.02985400147323251226723730309692446444e+01, -1.72829475891833359604424621117315083781e-01, 6.11113121600994825839537798634200112230e+00, 1.06792978723233626816537353084743676037e+00, -6.0842277077128230e-01, -5.1555913790785630e-01
0.40100000, 2.05019757096748751917323887336299846885e+00, -1.76163053518042660855602918239718412678e+00, 4.02992065274903029206023377375693785522e+01, -1.73036638878834078189244758107646675544e-01, 6.11137574876239680060850523433424585632e+00, 1.06766391759915550858047944678405613064e+00, -6.0752573395840411e-01, -5.1375408078315301e-01
0.40200000, 2.04975141973092357860975971485143522165e+00, -1.76158601264919297682614976933469821223e+00, 4.02998727839052571551343751750915032961e+01, -1.73242754136797282336631672072314448445e-01, 6.11161993927125954353343569354778738368e+00, 1.06739823071492937770157311057469982608e+00, -6.0662882416584146e-01, -5.1195621811901465e-01
0.40300000, 2.04930565928711433456893023409295271096e+00, -1.76154132617489986249125531385507909549e+00, 4.03005387847488467012432686898718448720e+01, -1.73447822179799331007381891632562047570e-01, 6.11186378796040626600623718770401320003e+00, 1.06713272639346913118158980252288124365e+00, -6.0573205331676746e-01, -5.1016552113760828e-01
0.40400000, 2.04886028917274612345514477527265436827e+00, -1.76149647586472855737493511686638232986e+00, 4.03012045307903214894897083509063557027e+01, -1.73651843521535536116342409972207820520e-01, 6.11210729525257117787032911092291310419e+00, 1.06686740444869295095217261898200888516e+00, -6.0483543322145698e-01, -5.0838196117231485e-01
0.40500000, 2.04841530892518314018022565449488733807e+00, -1.76145146182518514336756348836971189873e+00, 4.03018700227965265780076229221261619055e+01, -1.73854818675320663065156110122872453305e-01, 6.11235046156935591272073539424299689416e+00, 1.06660226469462507947319342031758039925e+00, -6.0393897557813428e-01, -5.0660550966737097e-01
0.40600000, 2.04797071808246462806783200028238792610e+00, -1.76140628416210187795787831657455242984e+00, 4.03025352615319062086073359762050366573e+01, -1.74056748154089438088654679271215160707e-01, 6.11259328733123251109687031785297063072e+00, 1.06633730694539495313431332129773354434e+00, -6.0304269197381477e-01, -5.0483613817751097e-01
0.40700000, 2.04752651618330207282801428713235798686e+00, -1.76136094298063857497931268881214676244e+00, 4.03032002477585078470544141034786875512e+01, -1.74257632470397062412578184471413323436e-01, 6.11283577295754639417670109485397000419e+00, 1.06607253101523633480404182443390638081e+00, -6.0214659388514073e-01, -5.0307381836760910e-01
0.40800000, 2.04708270276707640056711968534918287015e+00, -1.76131543838528398060661833655064113700e+00, 4.03038649822359862075839074532826042667e+01, -1.74457472136419733220470836400618499658e-01, 6.11307791886651932802496648031797736222e+00, 1.06580793671848644552175463197629649197e+00, -6.0125069267921121e-01, -5.0131852201232202e-01
0.40900000, 2.04663927737383517979836271327633113314e+00, -1.76126977047985714463827576500365607534e+00, 4.03045294657216072617095169302891053600e+01, -1.74656267663955171427772237641612469643e-01, 6.11331972547525237844796747727410434184e+00, 1.06554352386958509532813142943022970041e+00, -6.0035499961440597e-01, -4.9957022099573154e-01
0.41000000, 2.04619623954428982741848466007513342851e+00, -1.76122393936750878710014320478325778952e+00, 4.03051936989702522313870582523799819017e+01, -1.74854019564423156261292600093068560836e-01, 6.11356119319972885650728451216609249729e+00, 1.06527929228307381322947651445158470748e+00, -5.9945952584120369e-01, -4.9782888731098755e-01
0.41100000, 2.04575358881981281861603385554197368770e+00, -1.76117794515072266020575498643951808403e+00, 4.03058576827344215665914307564285049628e+01, -1.75050728348866066642429025108001181233e-01, 6.11380232245481725474461522945415256992e+00, 1.06501524177359497629138705168428920311e+00, -5.9856428240299440e-01, -4.9609449305995138e-01
0.41200000, 2.04531132474243490067690710532584188901e+00, -1.76113178793131690570863958624257072285e+00, 4.03065214177642389073661383113477846722e+01, -1.75246394527949429372647972395984620729e-01, 6.11404311365427417416976830160012143484e+00, 1.06475137215589093785723596843298234011e+00, -5.9766928023688606e-01, -4.9436701045283927e-01
0.41300000, 2.04486944685484231065290049252509664187e+00, -1.76108546781044540768198842091956058568e+00, 4.03071849048074550304042509612199652027e+01, -1.75441018611962474119926502081791140550e-01, 6.11428356721074724206369135993978174932e+00, 1.06448768324480315488693906996183862944e+00, -5.9677453017450559e-01, -4.9264641180786626e-01
0.41400000, 2.04442795470037399685912527723801927897e+00, -1.76103898488859914076096847800760552416e+00, 4.03078481446094517802195389726448070392e+01, -1.75634601110818695205011761015816296898e-01, 6.11452368353577802064825531721732207162e+00, 1.06422417485527131441147884864918851375e+00, -5.9588004294279412e-01, -4.9093266955089033e-01
0.41500000, 2.04398684782301884416625181146155919480e+00, -1.76099233926560751388293505480307507595e+00, 4.03085111379132459849663557970926968306e+01, -1.75827142534056420186524501839828824709e-01, 6.11476346303980490667436296718533301286e+00, 1.06396084680233245909866069021025489664e+00, -5.9498582916479668e-01, -4.8922575621505694e-01
0.41600000, 2.04354612576741290305365123503516988772e+00, -1.76094553104063970956076524038367074504e+00, 4.03091738854594933569666930785351321529e+01, -1.76018643390839385244098173721121528883e-01, 6.11500290613216602197979680405363360063e+00, 1.06369769890112011192558074476081777432e+00, -5.9409189936044630e-01, -4.8752564444044380e-01
0.41700000, 2.04310578807883662238961123638420914035e+00, -1.76089856031220601872449830968736546780e+00, 4.03098363879864923780026792365372820763e+01, -1.76209104189957317358910309310968889284e-01, 6.11524201322110209506806949813839386384e+00, 1.06343473096686339995328863269722455700e+00, -5.9319826394734251e-01, -4.8583230697370604e-01
0.41800000, 2.04266583430321208590490835691666140450e+00, -1.76085142717815917116643590401303027165e+00, 4.03104986462301881694326433329769733497e+01, -1.76398525439826523291127555527220158183e-01, 6.11548078471375933375939038729827361308e+00, 1.06317194281488617719913239730780227746e+00, -5.9230493324152441e-01, -4.8414571666772180e-01
0.41900000, 2.04222626398710025232612519736926403218e+00, -1.76080413173569566162482274645030521029e+00, 4.03111606609241763471887178843093536477e+01, -1.76586907648490485353949758309436612122e-01, 6.11571922101619228896471269016687955053e+00, 1.06290933426060614660227769983301601509e+00, -5.9141191745823823e-01, -4.8246584648123804e-01
0.42000000, 2.04178707667769819913520645550094960607e+00, -1.76075667408135707154119768156622211680e+00, 4.03118224327997068617138080085954919289e+01, -1.76774251323620463984102015587411546604e-01, 6.11595732253336670963367891036185766783e+00, 1.06264690511953398107789818051304719997e+00, -5.9051922671269943e-01, -4.8079266947851688e-01
0.42100000, 2.04134827192283636992185299462490985281e+00, -1.76070905431103138652647503411456637006e+00, 4.03124839625856878228956097951869310891e+01, -1.76960556972516107108786560314880828814e-01, 6.11619508966916238892713607437177012897e+00, 1.06238465520727244365553918318908325480e+00, -5.8962687102084949e-01, -4.7912615882898224e-01
0.42200000, 2.04090984927097582529545811890363303933e+00, -1.76066127251995430957078764955786853476e+00, 4.03131452510086893100552180528987230548e+01, -1.77145825102106066309268728459786303446e-01, 6.11643252282637600166474802333364293527e+00, 1.06212258433951550669716266347669997939e+00, -5.8873486030010724e-01, -4.7746628780686691e-01
0.42300000, 2.04047180827120549732339492146853918974e+00, -1.76061332880271057003209550779326625014e+00, 4.03138062987929471670477226276638266373e+01, -1.77330056218948619781433107155852282993e-01, 6.11666962240672393309808895409692568965e+00, 1.06186069233204747019038707365548182370e+00, -5.8784320437011494e-01, -4.7581302979086000e-01
0.42400000, 2.04003414847323944746256798264883808973e+00, -1.76056522325323522843853748866895909690e+00, 4.03144671066603667825320532810557596221e+01, -1.77513250829232302093807247587797643938e-01, 6.11690638881084509905946077154233974509e+00, 1.06159897900074207911244234349876440494e+00, -5.8695191295347905e-01, -4.7416635826375490e-01
0.42500000, 2.03959686942741412795124683530184223007e+00, -1.76051695596481497713947871170848267229e+00, 4.03151276753305268554671956847683329073e+01, -1.77695409438776540743711067319461621014e-01, 6.11714282243830375753653656584344067949e+00, 1.06133744416156163986036675761258267394e+00, -5.8606099567650576e-01, -4.7252624681209754e-01
0.42600000, 2.03915997068468564662830248984588176999e+00, -1.76046852703008943684018187099017651846e+00, 4.03157880055206831458917654112855465636e+01, -1.77876532553032299512350259330447431362e-01, 6.11737892368759231172279365901881693137e+00, 1.06107608763055613574297956880631730324e+00, -5.8517046206993130e-01, -4.7089266912583518e-01
0.42700000, 2.03872345179662703514707193054216169623e+00, -1.76041993654105244905500813744690517367e+00, 4.03164480979457722110437928857554998703e+01, -1.78056620677082728619831671587144949878e-01, 6.11761469295613410459356216855464127288e+00, 1.06081490922386234153017058595325107274e+00, -5.8428032156964706e-01, -4.6926559899796564e-01
0.42800000, 2.03828731231542552055117886430705844189e+00, -1.76037118458905336451403150306700119432e+00, 4.03171079533184151268774401067531651721e+01, -1.78235674315643821681237723057155805413e-01, 6.11785013064028620505737890594798408414e+00, 1.06055390875770293705505573612281005570e+00, -5.8339058351741962e-01, -4.6764501032418698e-01
0.42900000, 2.03785155179387980017974213133432148117e+00, -1.76032227126479832755792989272454744857e+00, 4.03177675723489211950332395424909921482e+01, -1.78413693973065079465055481135423854377e-01, 6.11808523713534218573220165863375618306e+00, 1.06029308604838561986455572691472362155e+00, -5.8250125716160564e-01, -4.6603087710254761e-01
0.43000000, 2.03741616978539731986950608055987902944e+00, -1.76027319665835155655599696780036786486e+00, 4.03184269557452916353183169624853123130e+01, -1.78590680153330180455414042873041618589e-01, 6.11832001283553489239590548885033880025e+00, 1.06003244091230221691396342836734876185e+00, -5.8161235165786164e-01, -4.6442317343309696e-01
0.43100000, 2.03698116584399155542152988002295261661e+00, -1.76022396085913662038210028955068946761e+00, 4.03190861042132232637529330711407306980e+01, -1.78766633360057658219741339506902546751e-01, 6.11855445813403920516035061654336418639e+00, 1.05977197316592779530107445704831340310e+00, -5.8072387606984885e-01, -4.6282187351753653e-01
0.43200000, 2.03654653952427929730017517999896726049e+00, -1.76017456395593771098339439753550682004e+00, 4.03197450184561121562395536676626951945e+01, -1.78941554096501585583608421834926155654e-01, 6.11878857342297479141818072941016282117e+00, 1.05951168262581977203546468049756085971e+00, -5.7983583936993297e-01, -4.6122695165887157e-01
0.43300000, 2.03611229038147793853223378295624907568e+00, -1.76012500603690091207658138755076865119e+00, 4.03204036991750572979105346646967259795e+01, -1.79115442865552265614685684155811804251e-01, 6.11902235909340885061138117568889327638e+00, 1.05925156910861702283850797064480568110e+00, -5.7894825043987896e-01, -4.5963838226106311e-01
0.43400000, 2.03567841797140276577413900649506438974e+00, -1.76007528718953546400649674265508986634e+00, 4.03210621470688642182103866547254830626e+01, -1.79288300169736929417891347915777460131e-01, 6.11925581553535885087049843836891491528e+00, 1.05899163243103898996973752276127043839e+00, -5.7806111807154100e-01, -4.5805613982868064e-01
0.43500000, 2.03524492185046425351530626106133925506e+00, -1.76002540750071502480178447829968664428e+00, 4.03217203628340486117684638171933607092e+01, -1.79460126511220440743967853932194045374e-01, 6.11948894313779525757329555724736844703e+00, 1.05873187240988478907516442455732936077e+00, -5.7717445096754745e-01, -4.5648019896655523e-01
0.43600000, 2.03481180157566536138575001100784658774e+00, -1.75997536705667892746241310653550676399e+00, 4.03223783471648399451178038092910129601e+01, -1.79630922391806007413876605082986215819e-01, 6.11972174228864425387149275181765640213e+00, 1.05847228886203231505317791086342664594e+00, -5.7628825774198097e-01, -4.5491053437943319e-01
0.43700000, 2.03437905670459883453622575314492018375e+00, -1.75992516594303343351377250307841100778e+00, 4.03230361007531850493157288780941836453e+01, -1.79800688312935899561555760581344204498e-01, 6.11995421337479045323411839751609558409e+00, 1.05821288160443734693366287562366335961e+00, -5.7540254692105385e-01, -4.5334712087163031e-01
0.43800000, 2.03394668679544450705924693894617328660e+00, -1.75987480424475298286208147297404944802e+00, 4.03236936242887516985217037701438255827e+01, -1.79969424775692174697739509250320454601e-01, 6.12018635678207960405587271457147056202e+00, 1.05795365045413265176598173741435366697e+00, -5.7451732694377849e-01, -4.5178993334668658e-01
0.43900000, 2.03351469140696660841942789274119255943e+00, -1.75982428204618143998582665404853166670e+00, 4.03243509184589321745878330954651539353e+01, -1.80137132280797409597690443356119562090e-01, 6.12041817289532128637878503682649249947e+00, 1.05769459522822708751147967013062119741e+00, -5.7363260616263318e-01, -4.5023894680702150e-01
0.44000000, 2.03308307009851107286170474624972290256e+00, -1.75977359943103333649794537060584304839e+00, 4.03250079839488468177172696253950911952e+01, -1.80303811328615439015849317269158686185e-01, 6.12064966209829160077532533168754280384e+00, 1.05743571574390470493618451965219622539e+00, -5.7274839284422307e-01, -4.4869413635358998e-01
0.44100000, 2.03265182243000285176608722742792183376e+00, -1.75972275648239511011345815130140489899e+00, 4.03256648214413475632456955664190022869e+01, -1.80469462419152101230558607146848116046e-01, 6.12088082477373584944101173609560146384e+00, 1.05717701181842384849938543302700306553e+00, -5.7186469516993651e-01, -4.4715547718553873e-01
0.44200000, 2.03222094796194322891769481656924394596e+00, -1.75967175328272634005725085316236662881e+00, 4.03263214316170214646009311545622125897e+01, -1.80634086052055990422167889551589163318e-01, 6.12111166130337120954443825141115676098e+00, 1.05691848326911625623378733185256449571e+00, -5.7098152123659672e-01, -4.4562294459986329e-01
0.44300000, 2.03179044625540713866093132271819020420e+00, -1.75962058991386097894670168673375413831e+00, 4.03269778151541942024956189558477966180e+01, -1.80797682726619215887980128943035124432e-01, 6.12134217206788939888253039671100549476e+00, 1.05666012991338615861295186897810538250e+00, -5.7009887905710875e-01, -4.4409651399106565e-01
0.44400000, 2.03136031687204048690675234652811267873e+00, -1.75956926645700858118384491371501598160e+00, 4.03276339727289335804078280370821632077e+01, -1.80960252941778168097648506757540990046e-01, 6.12157235744695933388872154957404950295e+00, 1.05640195156870937640174942031474819587e+00, -5.6921677656110194e-01, -4.4257616085081238e-01
0.44500000, 2.03093055937405747496208038956434777468e+00, -1.75951778299275552789176058663776376312e+00, 4.03282899050150530064043196869807533055e+01, -1.81121797196114291592783438683017281517e-01, 6.12180221781922978004162890038179374295e+00, 1.05614394805263241748556098438051254229e+00, -5.6833522159556778e-01, -4.4106186076759344e-01
0.44600000, 2.03050117332423792615052255258770128797e+00, -1.75946613960106624842987841856045219662e+00, 4.03289456126841149613611156196681538285e+01, -1.81282315987854864734678912057668418461e-01, 6.12203175356233199472169540489844236762e+00, 1.05588611918277157267398359420711817346e+00, -5.6745422192549318e-01, -4.3955358942638155e-01
0.44700000, 2.03007215828592461519364584444440377742e+00, -1.75941433636128443852288370787062236613e+00, 4.03296010964054344536359105802039646100e+01, -1.81441809814873786304216232300123049175e-01, 6.12226096505288236256315283487175044916e+00, 1.05562846477681201047480799241609884369e+00, -5.6657378523448929e-01, -4.3805132260829219e-01
0.44800000, 2.02964351382302060032216510675834706713e+00, -1.75936237335213427503791419755422668089e+00, 4.03302563568460824602467739943747545733e+01, -1.81600279174692368958151696079989596212e-01, 6.12248985266648502334855099208030675402e+00, 1.05537098465250687083405288368489784617e+00, -5.6569391912541585e-01, -4.3655503619024421e-01
0.44900000, 2.02921523949998655808649845561896841480e+00, -1.75931025065172162744473881819087702042e+00, 4.03309113946708893546114897619830623211e+01, -1.81757724564480139546142609655305754929e-01, 6.12271841677773449249298936214100957731e+00, 1.05511367862767635783785606255514066415e+00, -5.6481463112100106e-01, -4.3506470614462105e-01
0.45000000, 2.02878733488183812083624495786128643986e+00, -1.75925796833753526599361244795181066955e+00, 4.03315662105424483209017894837386872605e+01, -1.81914146481055646293013443459499768623e-01, 6.12294665776021827416507993500100815621e+00, 1.05485654652020683137203912170423045707e+00, -5.6393592866445702e-01, -4.3358030853893263e-01
0.45100000, 2.02835979953414321683823900434992063722e+00, -1.75920552648644806664550511951340850493e+00, 4.03322208051211187550666423361495906253e+01, -1.82069545420887272850910758567254976457e-01, 6.12317457598651946709156360391313031951e+00, 1.05459958814804989773517927956029962357e+00, -5.6305781912009089e-01, -4.3210181953547779e-01
0.45200000, 2.02793263302301941300293552394237956539e+00, -1.75915292517471821278940951156339793149e+00, 4.03328751790650296525786744661054090037e+01, -1.82223921880094059226141856986794433335e-01, 6.12340217182821936309239746839699016039e+00, 1.05434280332922149920103912967542193457e+00, -5.6218030977391157e-01, -4.3062921539100749e-01
0.45300000, 2.02750583491513126018897980758418049226e+00, -1.75910016447799039378143707998977190284e+00, 4.03335293330300829829577021667830779803e+01, -1.82377276354446529585637895624826461743e-01, 6.12362944565590003839302650380554261006e+00, 1.05408619188180100252622281080251380438e+00, -5.6130340783423215e-01, -4.2916247245638856e-01
0.45400000, 2.02707940477768764105591529037536376006e+00, -1.75904724447129700034042080943392152736e+00, 4.03341832676699570511252762187696006843e+01, -1.82529609339367526948127462987181082803e-01, 6.12385639783914693776045041525600029486e+00, 1.05382975362393028639894522940090926839e+00, -5.6042712043226800e-01, -4.2770156717626815e-01
0.45500000, 2.02665334217843912043508217857122145229e+00, -1.75899416522905931683475129819855257674e+00, 4.03348369836361098456440496346304869768e+01, -1.82680921329933054765251347878400889345e-01, 6.12408302874655145150959506147253968884e+00, 1.05357348837381282782481953861135736504e+00, -5.5955145462273068e-01, -4.2624647608873884e-01
0.45600000, 2.02622764668567529818885931649717447443e+00, -1.75894092682508871049518272707519276944e+00, 4.03354904815777823738956976313430765521e+01, -1.82831212820873125397993430140209939466e-01, 6.12430933874571348542639760917390889717e+00, 1.05331739594971278744558709291422294572e+00, -5.5867641738441753e-01, -4.2479717582500438e-01
0.45700000, 2.02580231786822216452850117345781045225e+00, -1.75888752933258781758835620405101291153e+00, 4.03361437621420019842510369729010653303e+01, -1.82980484306572615493946294342139093495e-01, 6.12453532820324402365391555568915124283e+00, 1.05306147616995409378673355907000277205e+00, -5.5780201562079709e-01, -4.2335364310904614e-01
0.45800000, 2.02537735529543945776092130112417883228e+00, -1.75883397282415172658580002063319260661e+00, 4.03367968259735856752859118748689255899e+01, -1.83128736281072128271073307754870121799e-01, 6.12476099748476768458767193118526037978e+00, 1.05280572885291952642995477492798463737e+00, -5.5692825616059040e-01, -4.2191585475729023e-01
0.45900000, 2.02495275853721802443487307584493994715e+00, -1.75878025737176915836317950026090086352e+00, 4.03374496737151433920963354436606600888e+01, -1.83275969238068862713771513271948221885e-01, 6.12498634695492526982635235694601432537e+00, 1.05255015381704979810645631170020643805e+00, -5.5605514575834805e-01, -4.2048378767827525e-01
0.46000000, 2.02452852716397718185707800613209271906e+00, -1.75872638304682364346458336353613171431e+00, 4.03381023060070813097662991358234803120e+01, -1.83422183670917489687181765498587150054e-01, 6.12521137697737630622387418727348066674e+00, 1.05229475088084263570709151579126966961e+00, -5.5518269109502321e-01, -4.1905741887232082e-01
0.46100000, 2.02410466074666208294895136154020350538e+00, -1.75867234992009469646664887737681529923e+00, 4.03387547234876051040415879666591155760e+01, -1.83567380072631034975834083223510818642e-01, 6.12543608791480158108875369453178306242e+00, 1.05203951986285186020536408674179406381e+00, -5.5431089877854051e-01, -4.1763672543119671e-01
0.46200000, 2.02368115885674108341467437364242997236e+00, -1.75861815806175898747734449426559871031e+00, 4.03394069267927232092628661731972897237e+01, -1.83711558935881769252857203082931296407e-01, 6.12566048012890567057660416437216919306e+00, 1.05178446058168646548934299181052858475e+00, -5.5343977534436089e-01, -4.1622168453779274e-01
0.46300000, 2.02325802106620311119146178119437280525e+00, -1.75856380754139151080424622212675966992e+00, 4.03400589165562500636112267439790044583e+01, -1.83854720753002104986121796491935242688e-01, 6.12588455398041946132150584604058214989e+00, 1.05152957285600969609855972874799891085e+00, -5.5256932725604242e-01, -4.1481227346578929e-01
0.46400000, 2.02283524694755503815297304828960708593e+00, -1.75850929842796675082716259360711142541e+00, 4.03407106934098093417193286674906432015e+01, -1.83996866015985500287826753859756454129e-01, 6.12610830982910266535189794566043056753e+00, 1.05127485650453812386198062999827427350e+00, -5.5169956090579708e-01, -4.1340846957932864e-01
0.46500000, 2.02241283607381905403691518480530269784e+00, -1.75845463078985984510998282426304785957e+00, 4.03413622579828371747011779226396244554e+01, -1.84137995216487369714177345648251836337e-01, 6.12633174803374632833655325330535533206e+00, 1.05102031134604072343317005753482183292e+00, -5.5083048261504362e-01, -4.1201025033268689e-01
0.46600000, 2.02199078801853004256798475120466970718e+00, -1.75839980469484774478664356096637234920e+00, 4.03420136109025853576535421386511473535e+01, -1.84278108845826002021942937828195076202e-01, 6.12655486895217533120610755234483453374e+00, 1.05076593719933794671878397145605397796e+00, -5.4996209863495643e-01, -4.1061759326994671e-01
0.46700000, 2.02156910235573295974739634333288831506e+00, -1.75834482021011037225613152333969872933e+00, 4.03426647527941245446819244885125533610e+01, -1.84417207394983484888820268510438016658e-01, 6.12677767294125088519552866678823466088e+00, 1.05051173388330079619655747103543750190e+00, -5.4909441514701049e-01, -4.0923047602467072e-01
0.46800000, 2.02114777865998021428034463577875337571e+00, -1.75828967740223177622146233082298531105e+00, 4.03433156842803474315039597499619732534e+01, -1.84555291354606636604666081676734074846e-01, 6.12700016035687302035282385401202802341e+00, 1.05025770121684989711897450787418285407e+00, -5.4822743826352248e-01, -4.0784887631957564e-01
0.46900000, 2.02072681650632905011284692327617519536e+00, -1.75823437633720128410759988466206039646e+00, 4.03439664059819719256830345714217746821e+01, -1.84692361215007944740800161629354759251e-01, 6.12722233155398306755919924118421041031e+00, 1.05000383901895456859883306091078965758e+00, -5.4736117402818794e-01, -4.0647277196620716e-01
0.47000000, 2.02030621547033893104951304712569286157e+00, -1.75817891708041465189330583630402072251e+00, 4.03446169185175443045448748176705608196e+01, -1.84828417466166511804716516563577777809e-01, 6.12744418688656613410580112876494791031e+00, 1.04975014710863189357294464610535620265e+00, -5.4649562841661465e-01, -4.0510214086461556e-01
0.47100000, 2.01988597512806892742388963640152302419e+00, -1.75812329969667521139193491998901569470e+00, 4.03452672225034423608297854419305402016e+01, -1.84963460597729007887676620009052179690e-01, 6.12766572670765357287208623853964657176e+00, 1.04949662530494578764023311347694923501e+00, -5.4563080733685221e-01, -4.0373696100303200e-01
0.47200000, 2.01946609505607510479312574048754271184e+00, -1.75806752425019501501621925634810942933e+00, 4.03459173185538785361331726379647978657e+01, -1.85097491099010630312794233173282742261e-01, 6.12788695136932544515078636161685765746e+00, 1.04924327342700606677052426470405447104e+00, -5.4476671662991773e-01, -4.0237721045754566e-01
0.47300000, 2.01904657483140791462880718900747227243e+00, -1.75801159080459597806211314415600412395e+00, 4.03465672072809030421869240683201140182e+01, -1.85230509458996070291356397762920497719e-01, 6.12810786122271297716435235859536840961e+00, 1.04899009129396751388034490961103619519e+00, -5.4390336207031793e-01, -4.0102286739178149e-01
0.47400000, 2.01862741403160958697590739627060991354e+00, -1.75795549942291101854679934764656597636e+00, 4.03472168892944069700341707436478200519e+01, -1.85362516166340486595259705887266291106e-01, 6.12832845661800101031768307457830808570e+00, 1.04873707872502894427207757350281821853e+00, -5.4304074936656733e-01, -3.9967391005657884e-01
0.47500000, 2.01820861223471152505190283877415768044e+00, -1.75789925016758519463598845557662066244e+00, 4.03478663652021253871499036437632214847e+01, -1.85493511709370486253574919315223032075e-01, 6.12854873790443044523186645080148661642e+00, 1.04848423553943226993284517345626732827e+00, -5.4217888416170286e-01, -3.9833031678967076e-01
0.47600000, 2.01779016901923170175820208495542869694e+00, -1.75784284310047683969567453411418277439e+00, 4.03485156356096404225598694244815573031e+01, -1.85623496576085112281386422734061380026e-01, 6.12876870543030067960358293727076158171e+00, 1.04823156155646156268952860434611151341e+00, -5.4131777203379473e-01, -3.9699206601536406e-01
0.47700000, 2.01737208396417205807613805518098240418e+00, -1.75778627828285869500354301722180607546e+00, 4.03491647011203843400101225460558285831e+01, -1.85752471254156838449185852737929882120e-01, 6.12898835954297203993474523189857463441e+00, 1.04797905659544211621634931862731502446e+00, -5.4045741849645366e-01, -3.9565913624422016e-01
0.47800000, 2.01695435664901590331987414584434194826e+00, -1.75772955577541904015526057408993535240e+00, 4.03498135623356425992395658900415385889e+01, -1.85880436230932571101231543967708904027e-01, 6.12920770058886820717687338612915387690e+00, 1.04772672047573950689147865180194520958e+00, -5.3959782899933445e-01, -3.9433150607273669e-01
0.47900000, 2.01653698665372531721867597340955779039e+00, -1.75767267563826282120091156192938299482e+00, 4.03504622198545569054077684024693391807e+01, -1.86007391993434658031417173962348719494e-01, 6.12942672891347863633463041988752437081e+00, 1.04747455301675865349916584218968266870e+00, -5.3873900892863599e-01, -3.9300915418302985e-01
0.48000000, 2.01611997355873855380110179131586304717e+00, -1.75761563793091277654688161263058383265e+00, 4.03511106742741282467303065132037180250e+01, -1.86133339028361904425324166614695558547e-01, 6.12964544486136097007287077482709150662e+00, 1.04722255403794287577390742325598987705e+00, -5.3788096360759767e-01, -3.9169205934251752e-01
0.48100000, 2.01570331694496744705376611392201200220e+00, -1.75755844271231056065852591200752913132e+00, 4.03517589261892199203738360352297449967e+01, -1.86258277822090595877263028319692543224e-01, 6.12986384877614344637148219923662059003e+00, 1.04697072335877295178321193352513521190e+00, -5.3702369829699224e-01, -3.9038020040360321e-01
0.48200000, 2.01528701639379481832743275623262597414e+00, -1.75750109004081786559899780912618418146e+00, 4.03524069761925605466630629443062576828e+01, -1.86382208860675528491238838545254046791e-01, 6.13008194100052730027223099555652662802e+00, 1.04671906079876617414554569724723202423e+00, -5.3616721819561508e-01, -3.8907355630336067e-01
0.48300000, 2.01487107148707188546329537517044554378e+00, -1.75744357997421754043965253912251845317e+00, 4.03530548248747470716517448799581727791e+01, -1.86505132629851046074905595148931660863e-01, 6.13029972187628915976175096720660521811e+00, 1.04646756617747540508007778276561259044e+00, -5.3531152844077008e-01, -3.8777210606321942e-01
0.48400000, 2.01445548180711567361240568683809513163e+00, -1.75738591256971470857748105448692288288e+00, 4.03537024728242477581098203941976180414e+01, -1.86627049615032084435703021726522672391e-01, 6.13051719174428343583474787030563059026e+00, 1.04621623931448813028487514924564548865e+00, -5.3445663410875194e-01, -3.8647582878865093e-01
0.48500000, 2.01404024693670642772131184379433008506e+00, -1.75732808788393788299507023556309463595e+00, 4.03543499206274051649787299057468806898e+01, -1.86747960301315222788497776948298330046e-01, 6.13073435094444470678142370283278656263e+00, 1.04596508002942551164023245041702672347e+00, -5.3360254021532506e-01, -3.8518470366885566e-01
0.48600000, 2.01362536645908502665707199613991590844e+00, -1.75727010597294007949862808950351174817e+00, 4.03549971688684391153469609960077359169e+01, -1.86867865173479742284178761466850908894e-01, 6.13095119981579009674305874380841546156e+00, 1.04571408814194143873385498062326524212e+00, -5.3274925171619896e-01, -3.8389870997645088e-01
0.48700000, 2.01321083995795039894491083949847160014e+00, -1.75721196689219992796965594665250350532e+00, 4.03556442181294496529978211097414465048e+01, -1.86986764715988691668783393735539450708e-01, 6.13116773869642164857962388312472431175e+00, 1.04546326347172157920464782817536440481e+00, -5.3189677350750032e-01, -3.8261782706715925e-01
0.48800000, 2.01279666701745694009188998116340553537e+00, -1.75715367069662278166589412279206740137e+00, 4.03562910689904199875814128995889586722e+01, -1.87104659412989960082858319041116423704e-01, 6.13138396792352869109323145370380169883e+00, 1.04521260583848242790189944821863505655e+00, -5.3104511042624167e-01, -3.8134203437949819e-01
0.48900000, 2.01238284722221193147006624218391028116e+00, -1.75709521744054182460721303337300511716e+00, 4.03569377220292194284627613804058904604e+01, -1.87221549748317357010884023225934318157e-01, 6.13159988783339020065116948666811347458e+00, 1.04496211506197035485668358652551824344e+00, -5.3019426725078660e-01, -3.8007131143447013e-01
0.49000000, 2.01196938015727296073271556744649571025e+00, -1.75703660717771917708216832023953205467e+00, 4.03575841778216063072980177381826545866e+01, -1.87337436205491699390718240865913336079e-01, 6.13181549876137715725220205214406149873e+00, 1.04471179096196065206233978134294425691e+00, -5.2934424870131177e-01, -3.7880563783525340e-01
0.49100000, 2.01155626540814534373730404738495564641e+00, -1.75697783996134699931098618090027781335e+00, 4.03582304369412308893906420703733407443e+01, -1.87452319267721905893137873905630914873e-01, 6.13203080104195489507975711814700829578e+00, 1.04446163335825657906092954720619856549e+00, -5.2849505944026550e-01, -3.7754499326689407e-01
0.49200000, 2.01114350256077954794899167337819000277e+00, -1.75691891584404859330079377354895660817e+00, 4.03588764999596382738794465211102047042e+01, -1.87566199417906098381683367670102655759e-01, 6.13224579500868544758556315267883240283e+00, 1.04421164207068840733260280707503062256e+00, -5.2764670407282313e-01, -3.7628935749599851e-01
0.49300000, 2.01073109120156861729855886377551363789e+00, -1.75685983487787950292895930622501776382e+00, 4.03595223674462712828103612174112218146e+01, -1.87679077138632710563133123425408084097e-01, 6.13246048099422988714723650466599950516e+00, 1.04396181691911246348484719188083638879e+00, -5.2679918714733910e-01, -3.7503871037042679e-01
0.49400000, 2.01031903091734559846875051847329154022e+00, -1.75680059711432861229045720414325920079e+00, 4.03601680399684733391437681125081580014e+01, -1.87790952912181603839058556810843150153e-01, 6.13267485933035065934326342263303575770e+00, 1.04371215772341017123863147426170121233e+00, -5.2595251315579572e-01, -3.7379303181898683e-01
0.49500000, 2.00990732129538096858313739675238778751e+00, -1.75674120260431924234522558370981689859e+00, 4.03608135180914913337492323012780348920e+01, -1.87901827220525190369032835989053417615e-01, 6.13288893034791391188876340099453168139e+00, 1.04346266430348709220849365060700160642e+00, -5.2510668653424885e-01, -3.7255230185112944e-01
0.49600000, 2.00949596192338006427169997541794343188e+00, -1.75668165139821024590153614346062544895e+00, 4.03614588023784784814394465919312961074e+01, -1.88011700545329563356188148644146939320e-01, 6.13310269437689181827536437750471145729e+00, 1.04321333647927196547366403727382891181e+00, -5.2426171166327022e-01, -3.7131650055664411e-01
0.49700000, 2.00908495238948051208744564195422035649e+00, -1.75662194354579710097145050946948191133e+00, 4.03621038933904971660951930991080189844e+01, -1.88120573367955634565937549298360765302e-01, 6.13331615174636489615846513666778506153e+00, 1.04296417407071574593735420774904803293e+00, -5.2341759286838669e-01, -3.7008560810535564e-01
0.49800000, 2.00867429228224966024847612025872366741e+00, -1.75656207909631300253449204401917066166e+00, 4.03627487916865217749331153679042598134e+01, -1.88228446169460279088798024022936812401e-01, 6.13352930278452432053510609771898016954e+00, 1.04271517689779064147138367242534341250e+00, -5.2257433442051632e-01, -3.6885960474682154e-01
0.49900000, 2.00826398119068201168002842444121739788e+00, -1.75650205809842995274571813983370029987e+00, 4.03633934978234415219680860476711436681e+01, -1.88335319430597487358371374605636867072e-01, 6.13374214781867423175561647706247465501e+00, 1.04246634478048914884335789638583565228e+00, -5.2173194053640126e-01, -3.6763847081003034e-01
0.50000000, 2.00785401870419665833111939910322970290e+00, -1.75644188060025984962443507623479939838e+00, 4.03640380123560632607219484103081240776e+01, -1.88441193631819524435658864632170899404e-01, 6.13395468717523403841215360871780808557e+00, 1.04221767753882308842365356803520784946e+00, -5.2089041537903760e-01, -3.6642218670310060e-01
0.50100000, 2.00744440441263471674053104244019918276e+00, -1.75638154664935557425985560649210726343e+00, 4.03646823358371142862304050518483549286e+01, -1.88546069253278096571004281676778473257e-01, 6.13416692117974071514719897729168462750e+00, 1.04196917499282263766950997749794724567e+00, -5.2004976305810207e-01, -3.6521073291298084e-01
0.50200000, 2.00703513790625676482698133146924080906e+00, -1.75632105629271207657005857564232218314e+00, 4.03653264688172451263998239300781027227e+01, -1.88649946774825525055078148721489322339e-01, 6.13437885015685109542502526115919507777e+00, 1.04172083696253536338356894338524895821e+00, -5.1920998763037570e-01, -3.6400409000515022e-01
0.50300000, 2.00662621877574027987843318676836498727e+00, -1.75626040957676745965067003339311603253e+00, 4.03659704118450323227657304764431485750e+01, -1.88752826676015927370433259785016054823e-01, 6.13459047443034415930909939379935476358e+00, 1.04147266326802525274424994480710585747e+00, -5.1837109310016445e-01, -3.6280223862332010e-01
0.50400000, 2.00621764661217707771560253745603700688e+00, -1.75619960654740406274974650561409468423e+00, 4.03666141654669812007047548793019953265e+01, -1.88854709436106405655278515198707577782e-01, 6.13480179432312331628833832346591900875e+00, 1.04122465372937174310539197740769886939e+00, -5.1753308341971675e-01, -3.6160515948913634e-01
0.50500000, 2.00580942100707075300483518593215143528e+00, -1.75613864724994954290540331853587727941e+00, 4.03672577302275286291518057694458915159e+01, -1.88955595534058242491234186582976240434e-01, 6.13501281015721868319508678045590978722e+00, 1.04097680816666875056263916279981206590e+00, -5.1669596248963809e-01, -3.6041283340188256e-01
0.50600000, 2.00540154155233412069563133638286404792e+00, -1.75607753172917795528279413029024429290e+00, 4.03679011066690457698742454495048002632e+01, -1.89055485448538104026947245823576565343e-01, 6.13522352225378935725763994202344161174e+00, 1.04072912640002369728409330517387590484e+00, -5.1585973415930262e-01, -3.5922524123818407e-01
0.50700000, 2.00499400784028665855820625151377643987e+00, -1.75601626002931083224711211296354553140e+00, 4.03685442953318408163548474982095913222e+01, -1.89154379657919250449560241598997863423e-01, 6.13543393093312568433008841232090412526e+00, 1.04048160824955653760280341220249005058e+00, -5.1502440222726176e-01, -3.5804236395171278e-01
0.50800000, 2.00458681946365195079658554876200701487e+00, -1.75595483219401826120934854300911866164e+00, 4.03691872967541617223353250503239704970e+01, -1.89252278640282753816141396548895371888e-01, 6.13564403651465152234221840346562175549e+00, 1.04023425353539878286870968483185161677e+00, -5.1418997044164991e-01, -3.5686418257289279e-01
0.50900000, 2.00417997601555513271284415074314338500e+00, -1.75589324826641996128161089675111807424e+00, 4.03698301114721989200722273052613783639e+01, -1.89349182873418723257297123184150420136e-01, 6.13585383931692650001215640874597733406e+00, 1.03998706207769252505770763736423272341e+00, -5.1335644250058715e-01, -3.5569067820860696e-01
0.51000000, 2.00377347708952033639820887536186149842e+00, -1.75583150828908635877886990886161915706e+00, 4.03704727400200880283570128538544292505e+01, -1.89445092834827537565301012210856514073e-01, 6.13606333965764827086440499490008091149e+00, 1.03974003369658945913554684064419005850e+00, -5.1252382205257918e-01, -3.5452183204190417e-01
0.51100000, 2.00336732227946813742685609935582202308e+00, -1.75576961230403966160407343312495522848e+00, 4.03711151829299125503521212353646962644e+01, -1.89540009001721085179185528065563875858e-01, 6.13627253785365476259587460211030405921e+00, 1.03949316821224990417432829245608213516e+00, -5.1169211269691423e-01, -3.5335762533170754e-01
0.51200000, 2.00296151117971300252834786560514718201e+00, -1.75570756035275493255363434450698100668e+00, 4.03717574407317065612948787475505728637e+01, -1.89633931851024011579354148032456972871e-01, 6.13648143422092642183247542263006884599e+00, 1.03924646544484182321941461574910019727e+00, -5.1086131798405721e-01, -3.5219803941252339e-01
0.51300000, 2.00255604338496073821476223993162337351e+00, -1.75564535247616116158037013747967631396e+00, 4.03723995139534573861210909334162462237e+01, -1.89726861859374974104382498131886253262e-01, 6.13669002907458845431879352654990452747e+00, 1.03899992521453984190461817239260879489e+00, -5.1003144141604096e-01, -3.5104305569415110e-01
0.51400000, 2.00215091849030594033868666799381705268e+00, -1.75558298871464233705104330563797349562e+00, 4.03730414031211082670601923611344579416e+01, -1.89818799503127904202787165732475498768e-01, 6.13689832272891306058333641085499725040e+00, 1.03875354734152426581358376323019039096e+00, -5.0920248644685475e-01, -3.4989265566139375e-01
0.51500000, 2.00174613609122944455835654797166761111e+00, -1.75552046910803851603572402977720559351e+00, 4.03736831087585610212538443005812853918e+01, -1.89909745258353277132650300145504844848e-01, 6.13710631549732166712179506034486528895e+00, 1.03850733164598009658533486968325228526e+00, -5.0837445648282987e-01, -3.4874682087376964e-01
0.51600000, 2.00134169578359577768633523079636003420e+00, -1.75545779369564689366627015363304175056e+00, 4.03743246313876786884498926829762141390e+01, -1.89999699600839389122096842810449715149e-01, 6.13731400769238715314073242087683528298e+00, 1.03826127794809604676200538352902912669e+00, -5.0754735488302253e-01, -3.4760553296522463e-01
0.51700000, 2.00093759716365060989824619754261195971e+00, -1.75539496251622287160129388624281533320e+00, 4.03749659715282881688236223113401752669e+01, -1.90088663006093642003729252474277504204e-01, 6.13752139962583607290407189143820619508e+00, 1.03801538606806355337683247525470962964e+00, -5.0672118495959398e-01, -3.4646877364384533e-01
0.51800000, 2.00053383982801820777818325414016831493e+00, -1.75533197560798112563506013515314951848e+00, 4.03756071296981828509782686709435407198e+01, -1.90176635949343835336231902303438452287e-01, 6.13772849160855087372472403640624545370e+00, 1.03776965582607579028054067311737683304e+00, -5.0589594997818785e-01, -3.4533652469157310e-01
0.51900000, 2.00013042337369888817754023771381792846e+00, -1.75526883300859667248783784322197961444e+00, 4.03762481064131252301767758727108455580e+01, -1.90263618905539466026463919344149889449e-01, 6.13793528395057210964365519765794005945e+00, 1.03752408704232667920430237030332615695e+00, -5.0507165315830479e-01, -3.4420876796391894e-01
0.52000000, 1.99972734739806647286411795761676209634e+00, -1.75520553475520593581530317125359980678e+00, 4.03768889021868495168568182507940910897e+01, -1.90349612349353035465465106259330752588e-01, 6.13814177696110065083866804255804069499e+00, 1.03727867953700989955751585200163139521e+00, -5.0424829767367441e-01, -3.4308548538967917e-01
0.52100000, 1.99932461149886574393848290862669159655e+00, -1.75514208088440781147467183683431777122e+00, 4.03775295175310642354811339303553538616e+01, -1.90434616755181364191904724812619638050e-01, 6.13834797094849988880513131287679057698e+00, 1.03703343313031789695869854344371054352e+00, -5.0342588665262456e-01, -3.4196665897065200e-01
0.52200000, 1.99892221527420989999466970492965197089e+00, -1.75507847143226473208531738413477482272e+00, 4.03781699529554548137752512851634866704e+01, -1.90518632597146914096607324031386793050e-01, 6.13855386622029793735086413593654848647e+00, 1.03678834764244089049785052970783015124e+00, -5.0260442317844783e-01, -3.4085227078135488e-01
0.52300000, 1.99852015832257801300243720258233189762e+00, -1.75501470643430373092171261770310559631e+00, 4.03788102089676861624047236190775755645e+01, -1.90601660349099118181893457147867583364e-01, 6.13875946308318982944734921730358196300e+00, 1.03654342289356587872870149407624404567e+00, -5.0178391028976558e-01, -3.3974230296874276e-01
0.52400000, 1.99811844024281248588840691633415480106e+00, -1.75495078592551750517661288293905212197e+00, 4.03794502860734052451440236330466458918e+01, -1.90683700484615717889576043972493786599e-01, 6.13896476184303970997941904864669758201e+00, 1.03629865870387564438931306973073906244e+00, -5.0096435098088916e-01, -3.3863673775192715e-01
0.52500000, 1.99771706063411651079353160527884169578e+00, -1.75488670994036547863248231451817187917e+00, 4.03800901847762436395892872821018106577e+01, -1.90764753477004108011555292873216040473e-01, 6.13916976280488302443552992947118432960e+00, 1.03605405489354775784956820538393338480e+00, -5.0014574820217867e-01, -3.3753555742189603e-01
0.52600000, 1.99731601909605152798446181212055410982e+00, -1.75482247851277486377924759898873376665e+00, 4.03807299055778200884671364871695986594e+01, -1.90844819799302689197056492490566537982e-01, 6.13937446627292870358071011177110906237e+00, 1.03580961128275357928413951490928510165e+00, -4.9932810486039900e-01, -3.3643874434123462e-01
0.52700000, 1.99691531522853468539649870426944798446e+00, -1.75475809167614172341654820650821323172e+00, 4.03813694489777430415918518466238727123e+01, -1.90923899924282228070655611075696704619e-01, 6.13957887255056134415424072666411737081e+00, 1.03556532769165725956958972002926329315e+00, -4.9851142381907339e-01, -3.3534628094384698e-01
0.52800000, 1.99651494863183629878594279297037280984e+00, -1.75469354946333203177873743659199152857e+00, 4.03820088154736131885232099945623955467e+01, -1.91001994324447224975337494156135170893e-01, 6.13978298194034338563410133619103401018e+00, 1.03532120394041473990431920956158571085e+00, -4.9769570789883440e-01, -3.3425814973467846e-01
0.52900000, 1.99611491890657731246977001071945564083e+00, -1.75462885190668273522097499113751176222e+00, 4.03826480055610259819773455790993694714e+01, -1.91079103472037289354930522262626519971e-01, 6.13998679474401728311018596605908924778e+00, 1.03507723984917275015013843455706628224e+00, -4.9688095987777232e-01, -3.3317433328943898e-01
0.53000000, 1.99571522565372676063068921889760152719e+00, -1.75456399903800281250483913213836295997e+00, 4.03832870197335741520430449867758439417e+01, -1.91155227839028522790359872733173183673e-01, 6.14019031126250767630827031053398353926e+00, 1.03483343523806780589430634187474905276e+00, -4.9606718249178106e-01, -3.3209481425432719e-01
0.53100000, 1.99531586847459922916575850846720602289e+00, -1.75449899088857433472197479864117582053e+00, 4.03839258584828502112559279207856831341e+01, -1.91230367897134909704259016081691297693e-01, 6.14039353179592355480668645326300722196e+00, 1.03458978992722520423094032535193173282e+00, -4.9525437843490160e-01, -3.3101957534575544e-01
0.53200000, 1.99491684697085231805686165841703049402e+00, -1.75443382748915352489438334480040676235e+00, 4.03845645222984489505830237533862068958e+01, -1.91304524117809715748575760903596377045e-01, 6.14059645664356041948763791182832062642e+00, 1.03434630373675801826076824979560354333e+00, -4.9444255035966289e-01, -3.2994859935007559e-01
0.53300000, 1.99451816074448410424147084113761433084e+00, -1.75436850886997181729004981547755998796e+00, 4.03852030116679699263703022189097203366e+01, -1.91377696972246893889905034504326677733e-01, 6.14079908610390244026506508354323736391e+00, 1.03410297648676609030825898464074890134e+00, -4.9363170087742027e-01, -3.2888186912330572e-01
0.53400000, 1.99411980939783060496224712286234576446e+00, -1.75430303506073691649269489478550302405e+00, 4.03858413270770199383057724955238419962e+01, -1.91449886931382498207375641983909231106e-01, 6.14100142047462461013094923963879381633e+00, 1.03385980799733502385523457741862013008e+00, -4.9282183255869151e-01, -3.2781936759085762e-01
0.53500000, 1.99372179253356324157415651257333271614e+00, -1.75423740609063385626453084331540627287e+00, 4.03864794690092154984508210436217756093e+01, -1.91521094465896105418012476884606895447e-01, 6.14120346005259489556192207873296339329e+00, 1.03361679808853517419013470831878277620e+00, -4.9201294793349035e-01, -3.2676107774726517e-01
0.53600000, 1.99332410975468630378790627626205423664e+00, -1.75417162198832605824099387846932460739e+00, 4.03871174379461852913925167287825995612e+01, -1.91591320046212244144589054091061263641e-01, 6.14140520513387638332802750248577936665e+00, 1.03337394658042063777217240231230477513e+00, -4.9120504949165766e-01, -3.2570698265591353e-01
0.53700000, 1.99292676066453441432863396712777911356e+00, -1.75410568278195639049651954626600164626e+00, 4.03877552343675726255696717599567905983e+01, -1.91660564142501831941077792732309138956e-01, 6.14160665601372942374546271074000147600e+00, 1.03313125329302824030968914076509332445e+00, -4.9039813968319019e-01, -3.2465706544876921e-01
0.53800000, 1.99252974486676999398891013822725318240e+00, -1.75403958849914822602052267904510146401e+00, 4.03883928587510378758255088212395888756e+01, -1.91728827224683620090897185528637526759e-01, 6.14180781298661377041510692431205327432e+00, 1.03288871804637652355208751648053696096e+00, -4.8959222091856693e-01, -3.2361130932611098e-01
0.53900000, 1.99213306196538072705524501435270503142e+00, -1.75397333916700650114283952846216325288e+00, 4.03890303115722609172398484706351386173e+01, -1.91796109762425646193245843395742723160e-01, 6.14200867634619071648862802497781317416e+00, 1.03264634066046473079479042097487295596e+00, -4.8878729556907310e-01, -3.2256969755626158e-01
0.54000000, 1.99173671156467702708741951666768846182e+00, -1.75390693481211877394798660378084151358e+00, 4.03896675933049435502937964239320729415e+01, -1.91862412225146694552903392091967501867e-01, 6.14220924638532522750394014810046337379e+00, 1.03240412095527179109674744684765949057e+00, -4.8798336596712182e-01, -3.2153221347532032e-01
0.54100000, 1.99134069326928950303009196908809354091e+00, -1.75384037546055628271768862840832849177e+00, 4.03903047044208119174199777385537219682e+01, -1.91927735082017764388967313084358736632e-01, 6.14240952339608807083176876774210901291e+00, 1.03216205875075530221008173773883774315e+00, -4.8718043440657343e-01, -3.2049884048689655e-01
0.54200000, 1.99094500668416642563626358183594443975e+00, -1.75377366113787500444122684950119601602e+00, 4.03909416453896189109914341633627839929e+01, -1.91992078801963545878083055313076466098e-01, 6.14260950766975794177506407091667683135e+00, 1.03192015386685051222154392997328863539e+00, -4.8637850314305246e-01, -3.1946956206184388e-01
0.54300000, 1.99054965141457119418231841735435294538e+00, -1.75370679186911671343325869284708628519e+00, 4.03915784166791465728023720282415833493e+01, -1.92055443853663904047812089732111920899e-01, 6.14280919949682358636298842076752541397e+00, 1.03167840612346929990551411002825837448e+00, -4.8557757439426238e-01, -3.1844436173799533e-01
0.54400000, 1.99015462706607980345448700925221867849e+00, -1.75363976767881004009886044459432622609e+00, 4.03922150187552084850940210141856012861e+01, -1.92117830705555370535869025861158141523e-01, 6.14300859916698592088118945173667134827e+00, 1.03143681534049915378836786689769422465e+00, -4.8477765034029796e-01, -3.1742322311989931e-01
0.54500000, 1.98975993324457831098671713860712810277e+00, -1.75357258859097152988564625918383281423e+00, 4.03928514520816521531789389729897178532e+01, -1.92179239825832643231044450444994098165e-01, 6.14320770696916014818005681703871419698e+00, 1.03119538133780214992409855478379545380e+00, -4.8397873312395548e-01, -3.1640612987855639e-01
0.54600000, 1.98936556955626030453007048631586932159e+00, -1.75350525462910670246291933539723630783e+00, 4.03934877171203613797171746577217682621e+01, -1.92239671682450093811714773910757201407e-01, 6.14340652319147787080264781372346112054e+00, 1.03095410393521392838116480586742420334e+00, -4.8318082485104057e-01, -3.1539306575115698e-01
0.54700000, 1.98897153560762436973389998782694012827e+00, -1.75343776581621111116791456606683811518e+00, 4.03941238143312586306977787834121844929e+01, -1.92299126743123283197924071748891969519e-01, 6.14360504812128920097395503702495702403e+00, 1.03071298295254266844061015177682413587e+00, -4.8238392759067391e-01, -3.1438401454081980e-01
0.54800000, 1.98857783100547155801919973016282264540e+00, -1.75337012217477140275929634792375850860e+00, 4.03947597441723073931792342640836500201e+01, -1.92357605475330484933105676209654748785e-01, 6.14380328204516486749317785722431515364e+00, 1.03047201820956806250558033240347372743e+00, -4.8158804337559467e-01, -3.1337896011633125e-01
0.54900000, 1.98818445535690285462465716334773039487e+00, -1.75330232372676637751818053244819137075e+00, 4.03953955070995145248424587697382549454e+01, -1.92415108346314216511593099672824560561e-01, 6.14400122524889831957064886252689244235e+00, 1.03023120952604028872244349855350622324e+00, -4.8079317420246172e-01, -3.1237788641188555e-01
0.55000000, 1.98779140826931664680607626196687045479e+00, -1.75323437049366804973705570251749116056e+00, 4.03960311035669325954101169175434502038e+01, -1.92471635823082778668150745461774820030e-01, 6.14419887801750782765105646405184538972e+00, 1.02999055672167898231379905725495272922e+00, -4.7999932203215270e-01, -3.1138077742682577e-01
0.55100000, 1.98739868935040619216998008042573521905e+00, -1.75316626249644270863708606913972355108e+00, 4.03966665340266622199860654575374499399e+01, -1.92527188372411802645834775360752181872e-01, 6.14439624063523858126459560748734501111e+00, 1.02975005961617220562374237208024322482e+00, -4.7920648879006090e-01, -3.1038761722538568e-01
0.55200000, 1.98700629820815708712234191044422707492e+00, -1.75309799975555197975438629355536984139e+00, 4.03973017989288543843688427370273330378e+01, -1.92581766460845805458573446160272739740e-01, 6.14459331338556478394766997376277763328e+00, 1.02950971802917541687583492233799992320e+00, -4.7841467636638994e-01, -3.0939838993643246e-01
0.55300000, 1.98661423445084473541353598436423747884e+00, -1.75302958229095388683596744835710476052e+00, 4.03979368987217127623932035317880612567e+01, -1.92635370554699753164934190581237761281e-01, 6.14479009655119174527476117166592486868e+00, 1.02926953178031043764431285121896320215e+00, -4.7762388661644638e-01, -3.0841307975321024e-01
0.55400000, 1.98622249768703181676074138598646291677e+00, -1.75296101012210391428616313281070321197e+00, 4.03985718338514960253537920184874390360e+01, -1.92688001120060632169621691171352474439e-01, 6.14498659041405797004307322207408173357e+00, 1.02902950068916441903915110076118175906e+00, -4.7683412136093014e-01, -3.0743167093308445e-01
0.55500000, 1.98583108752556575552917654496072009263e+00, -1.75289228326795607020445544797636938855e+00, 4.03992066047625201435651392337494787089e+01, -1.92739658622789028569327169361104844665e-01, 6.14518279525533724465155409970799045858e+00, 1.02878962457528880660568554767491981784e+00, -4.7604538238622285e-01, -3.0645414779728703e-01
0.55600000, 1.98544000357557618945368641437401223972e+00, -1.75282340174696395005573211216851012080e+00, 4.03998412118971606801122668232037449024e+01, -1.92790343528520715559624075819405840805e-01, 6.14537871135544072071589022733906705074e+00, 1.02854990325819830393958172551565648517e+00, -4.7525767144467406e-01, -3.0548049473066253e-01
0.55700000, 1.98504924544647243838235017731454631485e+00, -1.75275436557708180101411845231349820672e+00, 4.04004756556958550768462762310152478984e+01, -1.92840056302668248919679312443898473918e-01, 6.14557433899401899596106460241357700940e+00, 1.02831033655736983501802585232342938166e+00, -4.7447099025488541e-01, -3.0451069618141493e-01
0.55800000, 1.98465881274794097302392411010254683089e+00, -1.75268517477576558702164133734922533554e+00, 4.04011099365971049326794017189986373373e+01, -1.92888797410422570591622030514545580863e-01, 6.14576967844996419243306467027833827792e+00, 1.02807092429224150524810198559948989128e+00, -4.7368534050199271e-01, -3.0354473666085539e-01
0.55900000, 1.98426870508994288368108206089711095935e+00, -1.75261582935997405460309632135549563940e+00, 4.04017440550374782742341067367270969747e+01, -1.92936567316754620371483923361121630926e-01, 6.14596473000141203207132213472270813976e+00, 1.02783166628221156123340820533894367985e+00, -4.7290072383794593e-01, -3.0258260074315082e-01
0.56000000, 1.98387892208271134895156489590188484317e+00, -1.75254632934616979947860433192585398448e+00, 4.04023780114516118189009061922696067554e+01, -1.92983366486416955728695754847792045017e-01, 6.14615949392574390968346360845699742933e+00, 1.02759256234663734926005478778390173684e+00, -4.7211714188178724e-01, -3.0162427306507323e-01
0.56100000, 1.98348946333674910437950023485272899635e+00, -1.75247667475032033401546016862028196577e+00, 4.04030118062722132303597020995320054840e+01, -1.93029195383945379771194626434944195969e-01, 6.14635397049958896336394834643751792288e+00, 1.02735361230483427250327838463954345842e+00, -4.7133459621992695e-01, -3.0066973832575000e-01
0.56200000, 1.98310032846282591103930485639182370274e+00, -1.75240686558789915556099186231971684677e+00, 4.04036454399300633666195269048210344126e+01, -1.93074054473660577373265174784801265290e-01, 6.14654815999882614239816726657526772515e+00, 1.02711481597607474695599827176971448728e+00, -4.7055308840641743e-01, -2.9971898128641489e-01
0.56300000, 1.98271151707197602403473431589119545672e+00, -1.75233690187388681569826758399598904981e+00, 4.04042789128540185206316975243601837262e+01, -1.93117944219669759483305497948487086093e-01, 6.14674206269858627269357603822252031829e+00, 1.02687617317958715608073378495371685823e+00, -4.6977261996322513e-01, -2.9877198677015994e-01
0.56400000, 1.98232302877549566089579759692305691866e+00, -1.75226678362277199046660527578466738132e+00, 4.04049122254710126535314937582048795216e+01, -1.93160865085868315628775120093256420590e-01, 6.14693567887325411977943420175376387006e+00, 1.02663768373455480418639612526611377904e+00, -4.6899319238050048e-01, -2.9782873966168821e-01
0.56500000, 1.98193486318494046985640902658552394913e+00, -1.75219651084855255158895950318392694553e+00, 4.04055453782060596205635872864535970649e+01, -1.93202817535941474635647711353792764628e-01, 6.14712900879647044941672206531879314642e+00, 1.02639934746011486853156280019052072408e+00, -4.6821480711684593e-01, -2.9688922490706728e-01
0.56600000, 1.98154701991212299799580523804327756956e+00, -1.75212608356473663874838018948936879894e+00, 4.04061783714822553897465619029290050360e+01, -1.93243802033365973579755569443466841103e-01, 6.14732205274113408585980750015939800407e+00, 1.02616116417535735015593907587956348361e+00, -4.6743746559958203e-01, -2.9595342751348366e-01
0.56700000, 1.98115949856911015922691167475878479063e+00, -1.75205550178434373295585888690977933913e+00, 4.04068112057207802533319820016830386675e+01, -1.93283819041411734987476031730674258836e-01, 6.14751481097940396781143571639804306220e+00, 1.02592313369932402344180795823842125748e+00, -4.6666116922501144e-01, -2.9502133254899799e-01
0.56800000, 1.98077229876822070211500101385805246393e+00, -1.75198476551990573105200005779539120127e+00, 4.04074438813409010321135846048101073449e+01, -1.93322869023143552303272009029369625526e-01, 6.14770728378270120211261663951517962731e+00, 1.02568525585100738440736840297916604432e+00, -4.6588591935868123e-01, -2.9409292514230103e-01
0.56900000, 1.98038542012202267751014495484481578481e+00, -1.75191387478346802138507747855638251241e+00, 4.04080763987599732726422904081548977701e+01, -1.93360952441422783641659703695675381645e-01, 6.14789947142171111520898661635537156662e+00, 1.02544753044934959773396068473619963335e+00, -4.6511171733564305e-01, -2.9316819048247056e-01
0.57000000, 1.97999886224333090597712108845969722495e+00, -1.75184282958659056070815933256662349631e+00, 4.04087087583934434374028514265688055583e+01, -1.93398069758909053841236282953747260696e-01, 6.14809137416638530243522385090030504910e+00, 1.02520995731324144252927814004607806162e+00, -4.6433856446071155e-01, -2.9224711381872902e-01
0.57100000, 1.97961262474520444500659804294913178691e+00, -1.75177162994034895233810982094953641271e+00, 4.04093409606548510880080768443659462272e+01, -1.93434221438061964838458811748840878685e-01, 6.14828299228594367515910019661213626737e+00, 1.02497253626152125682876584580199973419e+00, -4.6356646200872082e-01, -2.9132968046020202e-01
0.57200000, 1.97922670724094405599158481549732123559e+00, -1.75170027585533552561940018584342899622e+00, 4.04099730059558310614667046214893643869e+01, -1.93469407941142814378923095763143319802e-01, 6.14847432604887650582675570620979053727e+00, 1.02473526711297388083750921104544237163e+00, -4.6279541122477906e-01, -2.9041587577567770e-01
0.57300000, 1.97884110934408967095329414927926472073e+00, -1.75162876734166041673578790365597222585e+00, 4.04106048947061156395811142735219507721e+01, -1.93503629730216323083947232313636617665e-01, 6.14866537572294647095078665355220233942e+00, 1.02449814968632959891501895303283437796e+00, -4.6202541332452125e-01, -2.8950568519336679e-01
0.57400000, 1.97845583066841785900073502577151478810e+00, -1.75155710440895265091304945995247887277e+00, 4.04112366273135367115312060359329145600e+01, -1.93536887267152369890319602327452349671e-01, 6.14885614157519069208274258805571144735e+00, 1.02426118380026308030542350581805970771e+00, -4.6125646949436009e-01, -2.8859909420066366e-01
0.57500000, 1.97807087082793929250851582192845664839e+00, -1.75148528706636122605607955688737954161e+00, 4.04118682041840279297009033416730834696e+01, -1.93569181013627735881124747967794321546e-01, 6.14904662387192277481163335188775275586e+00, 1.02402436927339231861568557855229525186e+00, -4.6048858089173508e-01, -2.8769608834390804e-01
0.57600000, 1.97768622943689621299750744697539812898e+00, -1.75141331532255619786379782228462066083e+00, 4.04124996257216268588038691882185228161e+01, -1.93600511431127856525613055133370396485e-01, 6.14923682287873484583005287610467961226e+00, 1.02378770592427757004456634877698050674e+00, -4.5972174864535973e-01, -2.8679665322814767e-01
0.57700000, 1.97730190610975989670318483832626254014e+00, -1.75134118918572976646543308029573175435e+00, 4.04131308923284771183651625471723835240e+01, -1.93630878980948582346131385208447228081e-01, 6.14942673886049958810953296591537717134e+00, 1.02355119357142029036516865065455527201e+00, -4.5895597385546701e-01, -2.8590077451690164e-01
0.57800000, 1.97691790046122811981663557500455744345e+00, -1.75126890866359736462188500060092141117e+00, 4.04137620044048305186156984782912328696e+01, -1.93660284124197948030181763191786140509e-01, 6.14961637208137227422674717925885322614e+00, 1.02331483203326207066399950685059583609e+00, -4.5819125759405300e-01, -2.8500843793192472e-01
0.57900000, 1.97653421210622262338339607449338733623e+00, -1.75119647376339874753599345984594453272e+00, 4.04143929623490491898565150519860354782e+01, -1.93688727321797950005723916633460936149e-01, 6.14980572280479279788219228871411284779e+00, 1.02307862112818357183960246318000479072e+00, -4.5742760090511875e-01, -2.8411962925297231e-01
0.58000000, 1.97615084065988657784544888978568129942e+00, -1.75112388449189908431567721879159860840e+00, 4.04150237665576077053499915615995870426e+01, -1.93716209034486332497884858470853715678e-01, 6.14999479129348770365298268617048331617e+00, 1.02284256067450345786392142471263151307e+00, -4.5666500480491034e-01, -2.8323433431756635e-01
0.58100000, 1.97576778573758204721188903223163075278e+00, -1.75105114085539005113403553474677503538e+00, 4.04156544174250951977953058206787861219e+01, -1.93742729722818382085284803549624571225e-01, 6.15018357780947221502140143435659203332e+00, 1.02260665049047732780967006837712040567e+00, -4.5590347028215726e-01, -2.8235253902076197e-01
0.58200000, 1.97538504695488745284394302732845977105e+00, -1.75097824285969092613063908439896508799e+00, 4.04162849153442174694455635925945156454e+01, -1.93768289847168730774233489870875893404e-01, 6.15037208261405226072086048086012697428e+00, 1.02237089039429664664709442780576381295e+00, -4.5514299829830896e-01, -2.8147422931491498e-01
0.58300000, 1.97500262392759503684020157966946763419e+00, -1.75090519051014968609837006017114328209e+00, 4.04169152607057990959241803917211157917e+01, -1.93792889867733167609094427808247114087e-01, 6.15056030596782649944093182019431591683e+00, 1.02213528020408767481363091884991458964e+00, -4.5438358978776970e-01, -2.8059939120945013e-01
0.58400000, 1.97462051627170832500810529472540255570e+00, -1.75083198381164410500030551662681056016e+00, 4.04175454538987855237982450284311688322e+01, -1.93816530244530458837156709931269848186e-01, 6.15074824813068834293312110922800224479e+00, 1.02189981973791039656007790650921001088e+00, -4.5362524565813174e-01, -2.7972801077063022e-01
0.58500000, 1.97423872360343958940790289389119056505e+00, -1.75075862276858285436127297500254636872e+00, 4.04181754953102451619667453458004768534e+01, -1.93839211437404176646394766753182485104e-01, 6.15093590936182797755906540226178030977e+00, 1.02166450881375744707701591362397053581e+00, -4.5286796679040669e-01, -2.7886007412132601e-01
0.58600000, 1.97385724553920731045548278027302072870e+00, -1.75068510738490660557884293633607679540e+00, 4.04188053853253714669216896155132607288e+01, -1.93860933906024536494535835647337640398e-01, 6.15112328991973438432284726548962911530e+00, 1.02142934724955303840532974626501908516e+00, -4.5211175403925530e-01, -2.7799556744078690e-01
0.58700000, 1.97347608169563363857066168105124230988e+00, -1.75061143766408913419865929942193458965e+00, 4.04194351243274850219403120253174508255e+01, -1.93881698109890243047892907156112041943e-01, 6.15131039006219735742912854773881571682e+00, 1.02119433486315188413480516802550431729e+00, -4.5135660823321546e-01, -2.7713447696441243e-01
0.58800000, 1.97309523168954185535769842302788520756e+00, -1.75053761360913842619914572138693042155e+00, 4.04200647126980356102667076017597773687e+01, -1.93901504508330344748457510614005439058e-01, 6.15149721004630952140881851635269261034e+00, 1.02095947147233812289489330310158014904e+00, -4.5060253017492864e-01, -2.7627678898352463e-01
0.58900000, 1.97271469513795383430498670630590007953e+00, -1.75046363522259778633076368832928322072e+00, 4.04206941508166042823414007710305288265e+01, -1.93920353560506097027781884940335607873e-01, 6.15168375012846834685400290490972166018e+00, 1.02072475689482424064185769388870673908e+00, -4.4984952064136453e-01, -2.7542248984514107e-01
0.59000000, 1.97233447165808750099106804215968971282e+00, -1.75038950250654694855513647337691736377e+00, 4.04213234390609054171375125687121012133e+01, -1.93938245725412834186213835997732687922e-01, 6.15187001056437816480387265411109911622e+00, 1.02049019094824999174664189058228285778e+00, -4.4909758038404415e-01, -2.7457156595174882e-01
0.59100000, 1.97195456086735429278429483030927475470e+00, -1.75031521546260318862949224173218942407e+00, 4.04219525778067887776623542671394230039e+01, -1.93955181461881849956079894284240887759e-01, 6.15205599160905217982340374948632182152e+00, 1.02025577345018131888791961573778203403e+00, -4.4834671012926127e-01, -2.7372400376107911e-01
0.59200000, 1.97157496238335661802366388332605306397e+00, -1.75024077409192243888201930869210865069e+00, 4.04225815674282415606834398979698455060e+01, -1.93971161228582286767443241004999308857e-01, 6.15224169351681448181655256034159040565e+00, 1.02002150421810927175491493371654173571e+00, -4.4759691057830222e-01, -2.7287978978588287e-01
0.59300000, 1.97119567582388531466853257715514257331e+00, -1.75016617839520040522386695904316366744e+00, 4.04232104082973904407380768083895590663e+01, -1.93986185484023033735092251681385958143e-01, 6.15242711654130205661574445430279674993e+00, 1.01978738306944892456470647123575317627e+00, -4.4684818240766407e-01, -2.7203891059370698e-01
0.59400000, 1.97081670080691710840512323217189716799e+00, -1.75009142837267368644366628627296347233e+00, 4.04238391007845036084858620030543841025e+01, -1.94000254686554633385443399179227019591e-01, 6.15261226093546679538944719148669436446e+00, 1.01955340982153829239885758868822402877e+00, -4.4610052626927123e-01, -2.7120135280667139e-01
0.59500000, 1.97043803695061207019791632428763863480e+00, -1.75001652402412089583058719922678548339e+00, 4.04244676452579928034635825912115028255e+01, -1.94013369294371197142068647001555530917e-01, 6.15279712695157750290963468228436053124e+00, 1.01931958429163724636434350034801486174e+00, -4.4535394279069045e-01, -2.7036710310124699e-01
0.59600000, 1.97005968387331107327422970592589913123e+00, -1.74994146534886378517209006353881202401e+00, 4.04250960420844153413021911802455185234e+01, -1.94025529765512329588582333373549693731e-01, 6.15298171484122190472096111338279579924e+00, 1.01908590629692642758387669289599464165e+00, -4.4460843257534421e-01, -2.6953614820803427e-01
0.59700000, 1.96968164119353324953047919780363168315e+00, -1.74986625234576837117267338661993926587e+00, 4.04257242916284761354657015338391859530e+01, -1.94036736557865061527645881374979284069e-01, 6.15316602485530865325348019831389700216e+00, 1.01885237565450616002086360376301715703e+00, -4.4386399620272261e-01, -2.6870847491154277e-01
0.59800000, 1.96930390852997344534881571002369777322e+00, -1.74979088501324606434006250928107672357e+00, 4.04263523942530297135720262456684071846e+01, -1.94046990129165791854870454324668783092e-01, 6.15335005724406933292075938174231980936e+00, 1.01861899218139536214435840148980464349e+00, -4.4312063422859367e-01, -2.6788407004997136e-01
0.59900000, 1.96892648550149967681303548072039603146e+00, -1.74971536334925480038542842516554869283e+00, 4.04269803503190822283559565686231701760e+01, -1.94056290937002238266417892816179612929e-01, 6.15353381225706046424525421102790521182e+00, 1.01838575569453045743951386754679604675e+00, -4.4237834718521202e-01, -2.6706292051498920e-01
0.60000000, 1.96854937172715058431286309815636408455e+00, -1.74963968735130017418437060186579292598e+00, 4.04276081601857934633346648854481737110e+01, -1.94064639438815396819118904115722387636e-01, 6.15371729014316550705282377437206783051e+00, 1.01815266601076428376916482076158653435e+00, -4.4163713558152617e-01, -2.6624501325151762e-01
0.60100000, 1.96817256682613288652591171355640941770e+00, -1.74956385701643657634554301557204521020e+00, 4.04282358242104788332362926098409115692e+01, -1.94072036091901510361944509780878900956e-01, 6.15390049115059686277828408203215725382e+00, 1.01791972294686500159231625959521188911e+00, -4.4089699990338418e-01, -2.6543033525751268e-01
0.60200000, 1.96779607041781883376683127294269960507e+00, -1.74948787234126833243394852486118219256e+00, 4.04288633427486113792523705677659841978e+01, -1.94078481353414045857682176907215170080e-01, 6.15408341552689787592391252551720834797e+00, 1.01768692631951500104544643193140709073e+00, -4.4015794061373784e-01, -2.6461887358374854e-01
0.60300000, 1.96741988212174366069336371271811497117e+00, -1.74941173332195084489607318915077676627e+00, 4.04294907161538237591750051272985714450e+01, -1.94083975680365680613681845770491215323e-01, 6.15426606351894483471283307911810747657e+00, 1.01745427594530980789267438474528310594e+00, -4.3941995815284531e-01, -2.6381061533360161e-01
0.60400000, 1.96704400155760303835923389169251862355e+00, -1.74933543995419173773417917363469165937e+00, 4.04301179447779102324799515218728964743e+01, -1.94088519529630297440549205061626504092e-01, 6.15444843537294897097922869823088118676e+00, 1.01722177164075698835098220495926428293e+00, -4.3868305293847238e-01, -2.6300554766283551e-01
0.60500000, 1.96666842834525052560401658767190559700e+00, -1.74925899223325200397722246524801845337e+00, 4.04307450289708286404168859464761955878e+01, -1.94092113357944988757674038511591483199e-01, 6.15463053133445845933734440925880430665e+00, 1.01698941322227505279682414594295015618e+00, -4.3794722536609209e-01, -2.6220365777938673e-01
0.60600000, 1.96629316210469501977033318569346656620e+00, -1.74918239015394715599600974329274951596e+00, 4.04313719690807023811683800991038518733e+01, -1.94094757621912069664490256420233725990e-01, 6.15481235164836041567126186588087773588e+00, 1.01675720050619235836059814944607028219e+00, -4.3721247580908300e-01, -2.6140493294315114e-01
0.60700000, 1.96591820245609820673894674359941179553e+00, -1.74910563371064837871035739354743382701e+00, 4.04319987654538223801392758905993350603e+01, -1.94096452778001099996371315227043994251e-01, 6.15499389655888289498744365550173314353e+00, 1.01652513330874601041559992825328210694e+00, -4.3647880461892595e-01, -2.6060936046577122e-01
0.60800000, 1.96554354901977201027254095505537580759e+00, -1.74902872289728368573616481558291485822e+00, 4.04326254184346490554383540546775895594e+01, -1.94097199282550915384070100426952638306e-01, 6.15517516630959688867206336699813809372e+00, 1.01629321144608076296822577850594297593e+00, -4.3574621212539940e-01, -2.5981692771042410e-01
0.60900000, 1.96516920141617604065918715653862960142e+00, -1.74895165770733907852046383905150673651e+00, 4.04332519283658142786143883562165510487e+01, -1.94096997591771667335615985317490910829e-01, 6.15535616114341832119515536559204670918e+00, 1.01606143473424791795633765044440384510e+00, -4.3501469863677329e-01, -2.5902762209161034e-01
0.61000000, 1.96479515926591504264672395949653026689e+00, -1.74887443813385970851265622518698995794e+00, 4.04338782955881233307088770194504617389e+01, -1.94095848161746872359583662584819762365e-01, 6.15553688130261004630363635184562735579e+00, 1.01582980298920422346285273028473962330e+00, -4.3428426444000147e-01, -2.5824143107494347e-01
0.61100000, 1.96442142218973634265949634810133903092e+00, -1.74879706416945104242030187376307833724e+00, 4.04345045204405568536879448780684156672e+01, -1.94093751448435470148648459757242621826e-01, 6.15571732702878384274526909831889507904e+00, 1.01559831602681077085176988205989739534e+00, -4.3355490980091280e-01, -2.5745834217694034e-01
0.61200000, 1.96404798980852729528912518314299272664e+00, -1.74871953580628003059797147225931032333e+00, 4.04351306032602727973161135858738242730e+01, -1.94090707907673890842341175079731401245e-01, 6.15589749856290240956565724817633399724e+00, 1.01536697366283189083399677453372671333e+00, -4.3282663496440072e-01, -2.5667834296481217e-01
0.61300000, 1.96367486174331272905120400998962305135e+00, -1.74864185303607627861782890175991959325e+00, 4.04357565443826083615348430189588595688e+01, -1.94086717995178131387911989236974167248e-01, 6.15607739614528136102037871368684060929e+00, 1.01513577571293404847049438274606485466e+00, -4.3209944015461148e-01, -2.5590142105625644e-01
0.61400000, 1.96330203761525239140004789963250644050e+00, -1.74856401585013322207076074177906300077e+00, 4.04363823441410819344089547475558599767e+01, -1.94081782166545841018207702261776000027e-01, 6.15625702001559122114438401773277408619e+00, 1.01490472199268473712040981437799131870e+00, -4.3137332557513100e-01, -2.5512756411924947e-01
0.61500000, 1.96292951704563839299384877308569027968e+00, -1.74848602423930930464702268221056110541e+00, 4.04370080028673950257042581570064040931e+01, -1.94075900877258415865459395437204765620e-01, 6.15643637041285941802080486661879652591e+00, 1.01467381231755137134202407594883504742e+00, -4.3064829140917031e-01, -2.5435675987183978e-01
0.61600000, 1.96255729965589265120282328733997362048e+00, -1.74840787819402915954552554321573348536e+00, 4.04376335208914341961599114516951978180e+01, -1.94069074582683102729868606401797522509e-01, 6.15661544757547227779133731602698511857e+00, 1.01444304650290017875449847088017303052e+00, -4.2992433781974964e-01, -2.5358899608194222e-01
0.61700000, 1.96218538506756433285317291222572268472e+00, -1.74832957770428479426103691118879058573e+00, 4.04382588985412729825192633822805995138e+01, -1.94061303738075112021869213204420478873e-01, 6.15679425174117701845038308216530296997e+00, 1.01421242436399509086856181869497977831e+00, -4.2920146494988116e-01, -2.5282426056713284e-01
0.61800000, 1.96181377290232729619991131850806047093e+00, -1.74825112275963677879872810889962136572e+00, 4.04388841361431738183831370939585117702e+01, -1.94052588798579739896929430775499371130e-01, 6.15697278314708374346515184515118834010e+00, 1.01398194571599663289444061006781727319e+00, -4.2847967292275035e-01, -2.5206254119444456e-01
0.61900000, 1.96144246278197753212185164494861875101e+00, -1.74817251334921543736565031825510750413e+00, 4.04395092340215899509497350005528030463e+01, -1.94042930219234499601743612069959335901e-01, 6.15715104202966743526394677949429881277e+00, 1.01375161037396081253549557410652811174e+00, -4.2775896184189604e-01, -2.5130382588016347e-01
0.62000000, 1.96107145432843060453228563258509347433e+00, -1.74809374946172204358887815240920736837e+00, 4.04401341924991673537055630445518475156e+01, -1.94032328454971262050646896718809680520e-01, 6.15732902862476994863487501510905034626e+00, 1.01352141815283800777619094012484380445e+00, -4.2703933179138912e-01, -2.5054810258962605e-01
0.62100000, 1.96070074716371908999912802480460665551e+00, -1.74801483108543001931021381757449705628e+00, 4.04407590118967466351319941053106117167e+01, -1.94020783960618405651067142963859173283e-01, 6.15750674316760200407724426939734553497e+00, 1.01329136886747185367318693425067111035e+00, -4.2632078283600994e-01, -2.4979535933701697e-01
0.62200000, 1.96033034090999001656854304865613326111e+00, -1.74793575820818613700750020104585144789e+00, 4.04413836925333649434923136648971528217e+01, -1.94008297190902975396807994344727984778e-01, 6.15768418589274518114792648427463023644e+00, 1.01306146233259812815851176949206561011e+00, -4.2560331502142436e-01, -2.4904558418516777e-01
0.62300000, 1.95996023518950230178631523303222508914e+00, -1.74785653081741172589274675765752254091e+00, 4.04420082347262578677643161317481313620e+01, -1.93994868600452851247934351298212724771e-01, 6.15786135703415391184498893912792162697e+00, 1.01283169836284363686393657432996440399e+00, -4.2488692837435856e-01, -2.4829876524535621e-01
0.62400000, 1.95959042962462418991147429965555770265e+00, -1.74777714890010388173742792898795095610e+00, 4.04426326387908613347837474545549599833e+01, -1.93980498643798925816006919593864152676e-01, 6.15803825682515747407091297903132562424e+00, 1.01260207677272509697584536749291870106e+00, -4.2417162290277249e-01, -2.4755489067710635e-01
0.62500000, 1.95922092383783068831693340006833369176e+00, -1.74769761244283668047547000474313744593e+00, 4.04432569050408135026641188306514875647e+01, -1.93965187775377291373385872280414333477e-01, 6.15821488549846198521774018441917701725e+00, 1.01237259737664802013006233325392525694e+00, -4.2345739859603209e-01, -2.4681394868798945e-01
0.62600000, 1.95885171745170100307215158291036513547e+00, -1.74761792143176239563459881033927237542e+00, 4.04438810337879566505586474225103373713e+01, -1.93948936449531436205294969306610081422e-01, 6.15839124328615239591650550102233371884e+00, 1.01214325998890559435627029032178635133e+00, -4.2274425542508020e-01, -2.4607592753342553e-01
0.62700000, 1.95848281008891597370308507758283696079e+00, -1.74753807585261271964687736502567077803e+00, 4.04445050253423390648303130405442488024e+01, -1.93931745120514450323306708795113204104e-01, 6.15856733041969448399333653427796758589e+00, 1.01191406442367756508182738611610378823e+00, -4.2203219334260623e-01, -2.4534081551648571e-01
0.62800000, 1.95811420137225550712494778985630028797e+00, -1.74745807569069998908941968700218166636e+00, 4.04451288800122169216962547278861335962e+01, -1.93913614242491240558876215514107613608e-01, 6.15874314712993684867461787757055298255e+00, 1.01168501049502911520496369483986635892e+00, -4.2132121228321455e-01, -2.4460860098769524e-01
0.62900000, 1.95774589092459601074355933904802117668e+00, -1.74737792093091841390642421175667823103e+00, 4.04457525981040561664129680906888564425e+01, -1.93894544269540755055516584669247974691e-01, 6.15891869364711290508363897536821718115e+00, 1.01145609801690974424751556020626932976e+00, -4.2061131216359165e-01, -2.4387927234483734e-01
0.63000000, 1.95737787836890782472131904204653875534e+00, -1.74729761155774531066382782294484003003e+00, 4.04463761799225343890690030531091005525e+01, -1.93874535655658217178171271825991602425e-01, 6.15909397020084287907116360727308041947e+00, 1.01122732680315214659753320983120480613e+00, -4.1990249288267208e-01, -2.4315281803275769e-01
0.63100000, 1.95701016332825265340410648370650872251e+00, -1.74721714755524233988803925702240883198e+00, 4.04469996257705426970521024767470967385e+01, -1.93853588854757368858299831502658135167e-01, 6.15926897702013580242237860376683436091e+00, 1.01099869666747108885227638604754505900e+00, -4.1919475432180310e-01, -2.4242922654316968e-01
0.63200000, 1.95664274542578099590567372300491046933e+00, -1.74713652890705674754036861878302589356e+00, 4.04476229359491875842579647669929718863e+01, -1.93831704320672723393151836517173821281e-01, 6.15944371433339150848269885543392311662e+00, 1.01077020742346228627229349509193289229e+00, -4.1848809634490815e-01, -2.4170848641446044e-01
0.63300000, 1.95627562428472957584636078689341116929e+00, -1.74705575559642261067892792001165380802e+00, 4.04482461107577927971080581904255291085e+01, -1.93808882507161827717660136130584747379e-01, 6.15961818236840262824492504098374175243e+00, 1.01054185888460127835746208110036330258e+00, -4.1778251879864914e-01, -2.4099058623149748e-01
0.63400000, 1.95590879952841877024323491607535879872e+00, -1.74697482760616208735993591248691748013e+00, 4.04488691504939011974441611449194845586e+01, -1.93785123867907534167338711848942650791e-01, 6.15979238135235658694026976163772227088e+00, 1.01031365086424230355605229094626281898e+00, -4.1707802151258747e-01, -2.4027551462543617e-01
0.63500000, 1.95554227078025003754902506607373111128e+00, -1.74689374491868667083051901419940991361e+00, 4.04494920554532766223675510540936970316e+01, -1.93760428856520281750522243698522580582e-01, 6.15996631151183760117578691643145991903e+00, 1.01008558317561717311806041846346688351e+00, -4.1637460429934390e-01, -2.3956326027352788e-01
0.63600000, 1.95517603766370334483749645005118995570e+00, -1.74681250751599844806525880833053848106e+00, 4.04501148259299057410910148966764284133e+01, -1.93734797926540386948234084989450991158e-01, 6.16013997307282867666075817060644996159e+00, 1.00985765563183414410424660979314996879e+00, -4.1567226695475721e-01, -2.3885381189892883e-01
0.63700000, 1.95481009980233459413318545402513571235e+00, -1.74673111537969136269889541247878465995e+00, 4.04507374622159999088721066256218712560e+01, -1.93708231531440344059916637977049846849e-01, 6.16031336626071360656460924329567748731e+00, 1.00962986804587679156249938323103824684e+00, -4.1497100925804171e-01, -2.3814715827050973e-01
0.63800000, 1.95444445681977304788369307753500343035e+00, -1.74664956849095248240775495483378189253e+00, 4.04513599646019970180963308775772334417e+01, -1.93680730124627135113203104201250203503e-01, 6.16048649130027897054894745677109862539e+00, 1.00940222023060287988333977475644655347e+00, -4.1427083097194353e-01, -2.3744328820266602e-01
0.63900000, 1.95407910833971875357301517062592000030e+00, -1.74656786683056327079262843827337268292e+00, 4.04519823333765633465791884166056102439e+01, -1.93652294159444549355852229250352002980e-01, 6.16065934841571613451633053311052266932e+00, 1.00917471199874323334656967209846585671e+00, -4.1357173184289585e-01, -2.3674219055512895e-01
0.64000000, 1.95371405398593996747467016838492978680e+00, -1.74648601037890086381598840626630172658e+00, 4.04526045688265954031562766927900000369e+01, -1.93622924089175512347907949709593019852e-01, 6.16083193783062325111839498060972572794e+00, 1.00894734316290060587126225340958408459e+00, -4.1287371160117282e-01, -2.3604385423277729e-01
0.64100000, 1.95334929338227057754366978438719254537e+00, -1.74640399911593935084658902935447194193e+00, 4.04532266712372217706308987221880715008e+01, -1.93592620367044424672083757406171605184e-01, 6.16100425976800726106599056682653726748e+00, 1.00872011353554854998148740901633982645e+00, -4.1217676996104251e-01, -2.3534826818544975e-01
0.64200000, 1.95298482615260752544666523147341711212e+00, -1.74632183302125106036465449099228358081e+00, 4.04538486408918049461488952051195994349e+01, -1.93561383446219510280307099874655183756e-01, 6.16117631445028589528398531287039130013e+00, 1.00849302292903028500036160391266520512e+00, -4.1148090662091859e-01, -2.3465542140775818e-01
0.64300000, 1.95262065192090822772989100948793696471e+00, -1.74623951207400785038101984954054511983e+00, 4.04544704780719431790706783903241055317e+01, -1.93529213779815174494292213199640505931e-01, 6.16134810209928967795342314937513343962e+00, 1.00826607115555756448520984223452730282e+00, -4.1078612126351096e-01, -2.3396530293890138e-01
0.64400000, 1.95225677031118799612482015216732051892e+00, -1.74615703625298240362374787192632972029e+00, 4.04550921830574723064107116583290480333e+01, -1.93496111820894371677940410841159452887e-01, 6.16151962293626393048373383330384511534e+00, 1.00803925802720954291682723045082246435e+00, -4.1009241355597520e-01, -2.3327790186247970e-01
0.64500000, 1.95189318094751745699173907649508820736e+00, -1.74607440553654952754590465633696659975e+00, 4.04557137561264675859149461334486876955e+01, -1.93462078022470982599295006343295319247e-01, 6.16169087718187077645771192097757720454e+00, 1.00781258335593164165602911093659219783e+00, -4.0939978315006099e-01, -2.3259320730631030e-01
0.64600000, 1.95152988345401996990174684474492923678e+00, -1.74599161990268745920833616853456960828e+00, 4.04563351975552455268469948350434743996e+01, -1.93427112837512201499703705434159957979e-01, 6.16186186505619114759199851099599705228e+00, 1.00758604695353441418088185943529476027e+00, -4.0870822968225934e-01, -2.3191120844224307e-01
0.64700000, 1.95116687745486904535798274934010571862e+00, -1.74590867932897917509144709094301354078e+00, 4.04569565076183657185540959396828143583e+01, -1.93391216718940932887764440248015924169e-01, 6.16203258677872679075581609538215987437e+00, 1.00735964863169241061821121610376919864e+00, -4.0801775277394877e-01, -2.3123189448597737e-01
0.64800000, 1.95080416257428576165718768077746573736e+00, -1.74582558379261370589014260732337682250e+00, 4.04575776865886326568841896411613807114e+01, -1.93354390119638198075551211376171278650e-01, 6.16220304256840227609072317254429694694e+00, 1.00713338820194304158319145776373958241e+00, -4.0732835203154040e-01, -2.3055525469687933e-01
0.64900000, 1.95044173843653618089300875641547511594e+00, -1.74574233327038745634625290013126218513e+00, 4.04581987347370975685257078592265248413e+01, -1.93316633492445551474534528156805093316e-01, 6.16237323264356700627417126556528693640e+00, 1.00690726547568544134102682601314051440e+00, -4.0664002704662195e-01, -2.2988127837779995e-01
0.65000000, 1.95007960466592876410276319011776996111e+00, -1.74565892773870553017291920381612229448e+00, 4.04588196523330602333419526544996225300e+01, -1.93277947290167506668526469856003631388e-01, 6.16254315722199722696966263781718011316e+00, 1.00668128026417933030494640929239505954e+00, -4.0595277739610069e-01, -2.2920995487489380e-01
0.65100000, 1.94971776088681178555968638678196413914e+00, -1.74557536717358306012557921641411560191e+00, 4.04594404396440708047722176503442721847e+01, -1.93238331965573972280893205820569343180e-01, 6.16271281652089803850632228871581860437e+00, 1.00645543237854387688494514412393300467e+00, -4.0526660264234527e-01, -2.2854127357743852e-01
0.65200000, 1.94935620672357074621300076886515683042e+00, -1.74549165155064654327434850459475219347e+00, 4.04600610969359316283720870360823342925e+01, -1.93197787971402697653187986782101096505e-01, 6.16288221075690540883071272919047402010e+00, 1.00622972162975655870191675877068030742e+00, -4.0458150233332658e-01, -2.2787522391765491e-01
0.65300000, 1.94899494180062578627845590133050195539e+00, -1.74540778084513518153275322439557461168e+00, 4.04606816244726990585656288235214051370e+01, -1.93156315760361728352265127583139981504e-01, 6.16305134014608818777373456260493189159e+00, 1.00600414782865202318203933866642042265e+00, -4.0389747600275745e-01, -2.2721179537052775e-01
0.65400000, 1.94863396574242909698230709415948762326e+00, -1.74532375503190222749792800151949844078e+00, 4.04613020225166852736824829435714370533e+01, -1.93113915785131871522840318839059964307e-01, 6.16322020490395012267547001573620824119e+00, 1.00577871078592094754649075428407665438e+00, -4.0321452317023143e-01, -2.2655097745362732e-01
0.65500000, 1.94827327817346233146201884486484663173e+00, -1.74523957408541633565755115132855308607e+00, 4.04619222913284600893531304949283328656e+01, -1.93070588498369171102364706440948188203e-01, 6.16338880524543187541084025914790635465e+00, 1.00555341031210889821178946570248209347e+00, -4.0253264334136044e-01, -2.2589275972693156e-01
0.65600000, 1.94791287871823401482730125444632858798e+00, -1.74515523797976291901894754934712109749e+00, 4.04625424311668527703359179853174662779e+01, -1.93026334352707392914979538180284617185e-01, 6.16355714138491304085896060988514687143e+00, 1.00532824621761518961627621103092415736e+00, -4.0185183600791143e-01, -2.2523713179264897e-01
0.65700000, 1.94755276700127695338541192608533944781e+00, -1.74507074668864551121594736773601463257e+00, 4.04631624422889538408496997303407693202e+01, -1.92981153800760519661214770809733081752e-01, 6.16372521353621416685909050470930527136e+00, 1.00510321831269174248847380502223476442e+00, -4.0117210064794205e-01, -2.2458408329504212e-01
0.65800000, 1.94719294264714564303498285368441319089e+00, -1.74498610018538713414924655110959291077e+00, 4.04637823249501168934862526880663722750e+01, -1.92935047295125255819988833058772716696e-01, 6.16389302191259877569608745176900847257e+00, 1.00487832640744194157328572656199169614e+00, -4.0049343672593521e-01, -2.2393360392025189e-01
0.65900000, 1.94683340528041367683296144421150436325e+00, -1.74490129844293167121617229527843019044e+00, 4.04644020794039603967769109014343709609e+01, -1.92888015288383542479357724850694105202e-01, 6.16406056672677538715828599519682070124e+00, 1.00465357031181949283221936611827225794e+00, -3.9981584369293280e-01, -2.2328568339612238e-01
0.66000000, 1.94647415452567115173958711077106245867e+00, -1.74481634143384524618591389378764949714e+00, 4.04650217059023695014881613874031659441e+01, -1.92840058233105082112349774411084992456e-01, 6.16422784819089954321073404299797941130e+00, 1.00442894983562728013404674346856528287e+00, -3.9913932098666821e-01, -2.2264031149202646e-01
0.66100000, 1.94611519000752207454665983943145644178e+00, -1.74473122913031760777643610800281999651e+00, 4.04656412046954978457212397433843705587e+01, -1.92791176581849873314107647150231311699e-01, 6.16439486651657583432672969596801512048e+00, 1.00420446478851622145254419882173905166e+00, -3.9846386803169805e-01, -2.2199747801869202e-01
0.66200000, 1.94575651135058176699469478910081603441e+00, -1.74464596150416351998944867522514506402e+00, 4.04662605760317693588910619295431890980e+01, -1.92741370787170755516441577016758639206e-01, 6.16456162191485992752061195628915369298e+00, 1.00398011497998412458818301349401476584e+00, -3.9778948423953275e-01, -2.2135717282802890e-01
0.66300000, 1.94539811817947427008489734713929893113e+00, -1.74456053852682415825996167388438351172e+00, 4.04668798201578800646601286213812376816e+01, -1.92690641301615963695777246172803052278e-01, 6.16472811459626059612476837079863204185e+00, 1.00375590021937454243087513618428287763e+00, -3.9711616900876626e-01, -2.2071938581295644e-01
0.66400000, 1.94504001011882974759223615087072145006e+00, -1.74447496016936851147711219298333847802e+00, 4.04674989373187998829033402018458330419e+01, -1.92638988577731693090358245889657783137e-01, 6.16489434477074175135383175742063877235e+00, 1.00353182031587562778111218416445992488e+00, -3.9644392172520473e-01, -2.2008410690723174e-01
0.66500000, 1.94468218679328188878623741362058751303e+00, -1.74438922640249478993310308210454175544e+00, 4.04681179277577744307799638669664576052e+01, -1.92586413068064673942436583907611453462e-01, 6.16506031264772447569904665546939042627e+00, 1.00330787507851898774707166182471280132e+00, -3.9577274176199429e-01, -2.1945132608527858e-01
0.66600000, 1.94432464782746531036647248023325762586e+00, -1.74430333719653183925724946561960167447e+00, 4.04687367917163268229892994444117168482e+01, -1.92532915225164756281055234388440526855e-01, 6.16522601843608905819579401286152770929e+00, 1.00308406431617853773550189839030440269e+00, -3.9510262847974783e-01, -2.1882103336201697e-01
0.66700000, 1.94396739284601295762006189804059025225e+00, -1.74421729252144056039228316717312816122e+00, 4.04693555294342594712868973608553657711e+01, -1.92478495501587504760894229101745235256e-01, 6.16539146234417703160726985695411085403e+00, 1.00286038783756935505443655858285003246e+00, -3.9443358122667079e-01, -2.1819321879269340e-01
0.66800000, 1.94361042147355350480887344175750996882e+00, -1.74413109234681533567021918467966480872e+00, 4.04699741411496558833384907318618265210e+01, -1.92423154349896803572516235559886000026e-01, 6.16555664457979321156732027181656091213e+00, 1.00263684545124653214603073078553571592e+00, -3.9376559933868614e-01, -2.1756787247271171e-01
0.66900000, 1.94325373333470875479444849151112979690e+00, -1.74404473664188546104524185833001772153e+00, 4.04705926270988824609891137771279279201e+01, -1.92366892222667471439208932229162020451e-01, 6.16572156535020773772544090415061657161e+00, 1.00241343696560402946805355306426376733e+00, -3.9309868213955830e-01, -2.1694498453746465e-01
0.67000000, 1.94289732805409103790905094886613172202e+00, -1.74395822537551658454122136053005990382e+00, 4.04712109875165902980251906740769213686e+01, -1.92309709572487886715479745321954183828e-01, 6.16588622486215811693695442352370248216e+00, 1.00219016218887352804281710429096856173e+00, -3.9243282894101616e-01, -2.1632454516216606e-01
0.67100000, 1.94254120525630061008159550293669599119e+00, -1.74387155851621215097162358308671636733e+00, 4.04718292226357169775076925434690926290e+01, -1.92251606851962622602113628487935821159e-01, 6.16605062332185126854138385064139611738e+00, 1.00196702092912328169256787162693449310e+00, -3.9176803904287525e-01, -2.1570654456168373e-01
0.67200000, 1.94218536456592305022757754406810751115e+00, -1.74378473603211485298972837882554655262e+00, 4.04724473326874883687547755010904777254e+01, -1.92192584513715092492556518292325788849e-01, 6.16621476093496557177204342044786734741e+00, 1.00174401299425696898061551268546110297e+00, -3.9110431173315889e-01, -2.1509097299037290e-01
0.67300000, 1.94182980560752665691249538266747350080e+00, -1.74369775789100808852722240740024673423e+00, 4.04730653179014204240526295986680018167e+01, -1.92132643010390205465235856864683898531e-01, 6.16637863790665291533987164513291916776e+00, 1.00152113819201254487772386665233718773e+00, -3.9044164628821852e-01, -2.1447782074191040e-01
0.67400000, 1.94147452800565984429862668204275363944e+00, -1.74361062406031742467938351327759698417e+00, 4.04736831785053209751735870036338451385e+01, -1.92071782794657031936275110541998481547e-01, 6.16654225444154074923453346569317112425e+00, 1.00129839632996109217354123925993134487e+00, -3.8978004197285307e-01, -2.1386707814912944e-01
0.67500000, 1.94111953138484853738539517299156137169e+00, -1.74352333450711206809522360240400435262e+00, 4.04743009147252915297808579196560247370e+01, -1.92010004319211479486901501584728693495e-01, 6.16670561074373413878581980942370450483e+00, 1.00107578721550567265310089745770391835e+00, -3.8911949804042746e-01, -2.1325873558385505e-01
0.67600000, 1.94076481536959356655394080072122638023e+00, -1.74343588919810634193110635724304804839e+00, 4.04749185267857290677995845161286582326e+01, -1.91947308036778978879685180835849381927e-01, 6.16686870701681782102837348431315566191e+00, 1.00085331065588017805867846647864339971e+00, -3.8846001373299023e-01, -2.1265278345674018e-01
0.67700000, 1.94041037958436806142688647776812888947e+00, -1.74334828809966116942650481178564032763e+00, 4.04755360149093278378342265029638843415e+01, -1.91883694400117180277583774095522444576e-01, 6.16703154346385826341277011931436457212e+00, 1.00063096645814818085755053025400598301e+00, -3.8780158828139025e-01, -2.1204921221710235e-01
0.67800000, 1.94005622365361484405467759613660910397e+00, -1.74326053117778556416071177254909114877e+00, 4.04761533793170811537126169446613922961e+01, -1.91819163862018659679598605426489722638e-01, 6.16719412028740572490598178122459387081e+00, 1.00040875442920178483645820116847239810e+00, -3.8714422090539257e-01, -2.1144801235276109e-01
0.67900000, 1.93970234720174382144025640404276328693e+00, -1.74317261839813812704946329197527387626e+00, 4.04767706202282831912373534420846312213e+01, -1.91753716875313635586677907871453285870e-01, 6.16735643768949631952424894361937875662e+00, 1.00018667437576047554384075226707050670e+00, -3.8648791081379342e-01, -2.1084917438987588e-01
0.68000000, 1.93934874985312937741422229349781747655e+00, -1.74308454972602855014058185018933715379e+00, 4.04773877378605307852255179086954526717e+01, -1.91687353892872695911327947293638611439e-01, 6.16751849587165408234138362995187509345e+00, 9.99964726104369970601167599416267514935e-01, -3.8583265720453432e-01, -2.1025268889278477e-01
0.68100000, 1.93899543123210776387302099049289719300e+00, -1.74299632512641912726789155266652298831e+00, 4.04780047324297252269180478169548501873e+01, -1.91620075367609535144215179242931676938e-01, 6.16768029503489303801552278038831529305e+00, 9.99742909421401069904961987674217346027e-01, -3.8517845926481535e-01, -2.0965854646384368e-01
0.68200000, 1.93864239096297449139310060566394992450e+00, -1.74290794456392627162280247755068617903e+00, 4.04786216041500740618404129766599821384e+01, -1.91551881752483701790861302758630884846e-01, 6.16784183537971927187734617885586987113e+00, 9.99521224133048505741376680224019782011e-01, -3.8452531617120755e-01, -2.0906673774326625e-01
0.68300000, 1.93828962866998171923437050584999917588e+00, -1.74281940800282204030310527944475407375e+00, 4.04792383532340928881965846163363542700e+01, -1.91482773500503356091348339562103230179e-01, 6.16800311710613300362276760160999826476e+00, 9.99299670045329792835450774546477801981e-01, -3.8387322708976451e-01, -2.0847725340896434e-01
0.68400000, 1.93793714397733564474670002164997530274e+00, -1.74273071540703566589866024841506463342e+00, 4.04798549798926071558786177573210600759e+01, -1.91412751064728038035762622745896661163e-01, 6.16816414041363066365310118968386635482e+00, 9.99078246964084078357447483823026387829e-01, -3.8322219117613311e-01, -2.0789008417638924e-01
0.68500000, 1.93758493650919389219359812858256390970e+00, -1.74264186674015509517380720537461346338e+00, 4.04804714843347539661745035834395180040e+01, -1.91341814898271445687914796270181191745e-01, 6.16832490550120697210569738298301503774e+00, 9.98856954694970991908945326520973554044e-01, -3.8257220757566337e-01, -2.0730522079837337e-01
0.68600000, 1.93723300588966290100762244531543704111e+00, -1.74255286196542853490646385928110429188e+00, 4.04810878667679838722572857024708125313e+01, -1.91269965454304223829677575636842393541e-01, 6.16848541256735702061803406147473397190e+00, 9.98635793043469495511629668263161687096e-01, -3.8192327542351759e-01, -2.0672265406497267e-01
0.68700000, 1.93688135174279531349247619711334760781e+00, -1.74246370104576600494402052873890860151e+00, 4.04817041273980626805387728538839476396e+01, -1.91197203186056762938084071195675964928e-01, 6.16864566181007835686823879665358952959e+00, 9.98414761814876733622007961846883174674e-01, -3.8127539384477856e-01, -2.0614237480330967e-01
0.68800000, 1.93652997369258736198716521151689979399e+00, -1.74237438394374089853627841135054720422e+00, 4.04823202664290732529715207252656198629e+01, -1.91123528546822008507126898682432234252e-01, 6.16880565342687307193500730182123509197e+00, 9.98193860814306883195550337957184548805e-01, -3.8062856195455702e-01, -2.0556437387741703e-01
0.68900000, 1.93617887136297625550800356155960579498e+00, -1.74228491062159155000581683892861769295e+00, 4.04829362840634173103830970817905757374e+01, -1.91048941989958280725992066699923923726e-01, 6.16896538761474989051987126009725287508e+00, 9.97973089846690003824037414900431864983e-01, -3.7998277885809830e-01, -2.0498864218808185e-01
0.69000000, 1.93582804437783756588467616470718453885e+00, -1.74219528104122280981631215554147703213e+00, 4.04835521805018172369269873730301177138e+01, -1.90973443968892104525251707706092015487e-01, 6.16912486457022626407475568169331550137e+00, 9.97752448716770887970179324623563314262e-01, -3.7933804365088811e-01, -2.0441517067269048e-01
0.69100000, 1.93547749236098261340698949819643440552e+00, -1.74210549516420762709946696809469756831e+00, 4.04841679559433178857348423430518712936e+01, -1.90897034937121050002326077313560140449e-01, 6.16928408448933046687775177386754469452e+00, 9.97531937229107911323853998314150108137e-01, -3.7869435541875764e-01, -2.0384395030507402e-01
0.69200000, 1.93512721493615585199936761848382478468e+00, -1.74201555295178863970134351519380955585e+00, 4.04847836105852883858551149165069445307e+01, -1.90819715348216583237307855853885623623e-01, 6.16944304756760369510001597497832853514e+00, 9.97311555188071883304598721797912077422e-01, -3.7805171323798776e-01, -2.0327497209535440e-01
0.69300000, 1.93477721172703225394057988889100313599e+00, -1.74192545436487977180902874851804823104e+00, 4.04853991446234239505634807482712011924e+01, -1.90741485655826927510020615611587654402e-01, 6.16960175400010216890668928484187055137e+00, 9.97091302397844897735276862433124711461e-01, -3.7741011617541247e-01, -2.0270822708979102e-01
0.69400000, 1.93442748235721469414661923993933347021e+00, -1.74183519936406783921869139066139166476e+00, 4.04860145582517476871307852899135672960e+01, -1.90662346313679934928958336160077491487e-01, 6.16976020398139923763471329364579953452e+00, 9.96871178662419183712131488779947464860e-01, -3.7676956328852163e-01, -2.0214370637062810e-01
0.69500000, 1.93407802645023133403508542585720548280e+00, -1.74174478790961416230622269284177317304e+00, 4.04866298516626124081346100251763039914e+01, -1.90582297775585968482524027984443044507e-01, 6.16991839770558748809040034727778240582e+00, 9.96651183785595956696729355394070955668e-01, -3.7613005362556283e-01, -2.0158140105594255e-01
0.69600000, 1.93372884362953300498986661275256121661e+00, -1.74165421996145618676178283318996033162e+00, 4.04872450250467024444009016407986036515e+01, -1.90501340495440794522752830085751725279e-01, 6.17007633536628085600959506420340106108e+00, 9.96431317570984269855592410914932548884e-01, -3.7549158622564253e-01, -2.0102130229949247e-01
0.69700000, 1.93337993351849059144535475326709046524e+00, -1.74156349547920911214970383932482936818e+00, 4.04878600785930354596624603100788886180e+01, -1.90419474927228485691468349441628402378e-01, 6.17023401715661674072324291389591458864e+00, 9.96211579821999865673609611302809134791e-01, -3.7485416011882646e-01, -2.0046340129056627e-01
0.69800000, 1.93303129574039241360987558333013270424e+00, -1.74147261442216752835532755508922351107e+00, 4.04884750124889642670214369558867807092e+01, -1.90336701525024334298580477846188620219e-01, 6.17039144326925812307115875502003395568e+00, 9.95991970341864027867619384594349432821e-01, -3.7421777432623922e-01, -1.9990768925383235e-01
0.69900000, 1.93268292991844160984846273293204448023e+00, -1.74138157674930705998048346781519878932e+00, 4.04890898269201786473033443083837826269e+01, -1.90253020742997776161988423453167567016e-01, 6.17054861389639568660676408865395619928e+00, 9.95772488933602433626852601712028261538e-01, -3.7358242786016318e-01, -1.9935415744918940e-01
0.70000000, 1.93233483567575351874555738851761176105e+00, -1.74129038241928601874943613612988145629e+00, 4.04897045220707071693904427611162953572e+01, -1.90168433035415324918304198871903633732e-01, 6.17070552922974994213553628316309513796e+00, 9.95553135400044006207227362347744953575e-01, -3.7294811972413656e-01, -1.9880279717161728e-01
0.70100000, 1.93198701263535306086867019339148190195e+00, -1.74119903139044706398725547558815945275e+00, 4.04903190981229190126227194376689628774e+01, -1.90082938856643516813359283379855647506e-01, 6.17086218946057335562988614809229197540e+00, 9.95333909543819767906790308258348945009e-01, -3.7231484891305085e-01, -1.9825359975102855e-01
0.70200000, 1.93163946042017212025450063800959449939e+00, -1.74110752362081887123268523647332358829e+00, 4.04909335552575257913550374896091370598e+01, -1.89996538661151865981200592073382221488e-01, 6.17101859477965247956315194961017560699e+00, 9.95114811167361693449904530818247964834e-01, -3.7168261441324748e-01, -1.9770655655212049e-01
0.70300000, 1.93129217865304692563947108762780007397e+00, -1.74101585906811780904770561074987266233e+00, 4.04915478936535833817593924345446303762e+01, -1.89909232903515830220021207831314159555e-01, 6.17117474537731008770536824442114042429e+00, 9.94895840072901563808091447568530762293e-01, -3.7105141520261367e-01, -1.9716165897422780e-01
0.70400000, 1.93094516695671543145709783375637875370e+00, -1.74092403768974962408610499885177408879e+00, 4.04921621134884937509615732899145984171e+01, -1.89821022038419787273206530961294167883e-01, 6.17133064144340731342343673727019257373e+00, 9.94676996062469820485743285817497487019e-01, -3.7042125025067771e-01, -1.9661889845117581e-01
0.70500000, 1.93059842495381469862509015132853261163e+00, -1.74083205944281113448349351687025898353e+00, 4.04927762149380067886018883424187685084e+01, -1.89731906520660021623407544384314568143e-01, 6.17148628316734579152829371362819869003e+00, 9.94458278937894420299234031952663678862e-01, -3.6979211851870338e-01, -1.9607826645113439e-01
0.70600000, 1.93025195226687827514554030836592001232e+00, -1.74073992428409193163130679554993625953e+00, 4.04933901981762221409099785931644513860e+01, -1.89641886805147721807279747137585949875e-01, 6.17164167073806980371163443809557384092e+00, 9.94239688500799690678269884718992861560e-01, -3.6916401895978375e-01, -1.9553975447647228e-01
0.70700000, 1.92990574851833357654204282197679817644e+00, -1.74064763217007609039746297874786362485e+00, 4.04940040633755910473841062126907932624e+01, -1.89550963346911988258248943693341887301e-01, 6.17179680434406842761471921454788198221e+00, 9.94021224552605185518635390830403704073e-01, -3.6853695051893422e-01, -1.9500335406361216e-01
0.70800000, 1.92955981333049926615805999633804118484e+00, -1.74055518305694388785644853474803616321e+00, 4.04946178107069181801656707056443538079e+01, -1.89459136601102851684383458861729753055e-01, 6.17195168417337768957174854992471668015e+00, 9.93802886894524541615808543264833818357e-01, -3.6791091213318488e-01, -1.9446905678288618e-01
0.70900000, 1.92921414632558263534133292729644018450e+00, -1.74046257690057353059171951279655664109e+00, 4.04952314403393634862000718992660310842e+01, -1.89366407022994301988166445539180533276e-01, 6.17210631041358272107025602350175802685e+00, 9.93584675327564335709237187622873009698e-01, -3.6728590273167217e-01, -1.9393685423839217e-01
0.71000000, 1.92886874712567698353962272659769665757e+00, -1.74036981365654289063341417282436168701e+00, 4.04958449524404440322754063098472133967e+01, -1.89272775067987327734671732861140279100e-01, 6.17226068325181991897092701096376004336e+00, 9.93366589652522942167390111000881414609e-01, -3.6666192123572984e-01, -1.9340673806785032e-01
0.71100000, 1.92852361535275899833355571854461006568e+00, -1.74027689328013125009448045159808832946e+00, 4.04964583471760358530308518833633675304e+01, -1.89178241191612966174352092915914127030e-01, 6.17241480287477910952920932090252502568e+00, 9.93148629669989391344019181752281404039e-01, -3.6603896655897924e-01, -1.9287869994246051e-01
0.71200000, 1.92817875062868613543283880493671026198e+00, -1.74018381572632105456842746617692017608e+00, 4.04970716247103758020269655266325552717e+01, -1.89082805849535363826349852488053015289e-01, 6.17256866946870571626103804359812239631e+00, 9.92930795180342228636393867908943668455e-01, -3.6541703760741889e-01, -1.9235273156676021e-01
0.71300000, 1.92783415257519399866260709209141969494e+00, -1.74009058094979967535201415789235836653e+00, 4.04976847852060634059704882192030173567e+01, -1.88986469497554847627936409658713370842e-01, 6.17272228321940293169495146101345941868e+00, 9.92713085983748374276596387341592334561e-01, -3.6479613327951341e-01, -1.9182882467848286e-01
0.71400000, 1.92748982081389371996716523802848559963e+00, -1.73999718890496118055629020909273115480e+00, 4.04982978288240627221866237989643023746e+01, -1.88889232591611006655379400753165980744e-01, 6.17287564431223389305282769556183604443e+00, 9.92495501880161983887294634193785454652e-01, -3.6417625246628178e-01, -1.9130697104841699e-01
0.71500000, 1.92714575496626933945888681974434365668e+00, -1.73990363954590811516950448223317868610e+00, 4.04989107557237041994321297210006646174e+01, -1.88791095587785784421223968274359279371e-01, 6.17302875293212386190142285592463104743e+00, 9.92278042669323309833740883771463785357e-01, -3.6355739405138490e-01, -1.9078716248026568e-01
0.71600000, 1.92680195465367518554054235092876959894e+00, -1.73980993282645329013549439781630284092e+00, 4.04995235660626865421429311738436847030e+01, -1.88692058942306581752657772207163053467e-01, 6.17318160926356240781684074334241661422e+00, 9.92060708150757563404077101752561512696e-01, -3.6293955691121248e-01, -1.9026939081050682e-01
0.71700000, 1.92645841949733325512983641028351381780e+00, -1.73971606870012158051126584511215715971e+00, 4.05001362599970785782103438739891736620e+01, -1.88592123111549370255308032463432014451e-01, 6.17333421349060559610401168352863177255e+00, 9.91843498123773777850362472938807538802e-01, -3.6232273991496936e-01, -1.8975364790825374e-01
0.71800000, 1.92611514911833059401544768037107712006e+00, -1.73962204712015173276756736806316754747e+00, 4.05007488376813211303803656218490697868e+01, -1.88491288552041816366492956241011444206e-01, 6.17348656579687817961320371962201625727e+00, 9.91626412387463672323075519238198847807e-01, -3.6170694192476106e-01, -1.8923992567511651e-01
0.71900000, 1.92577214313761667737438255700466279576e+00, -1.73952786803949818129635444850412426970e+00, 4.05013612992682288913708722633076097120e+01, -1.88389555720466416001619357605958233493e-01, 6.17363866636557579469553321217451284900e+00, 9.91409450740700516732181895365471234863e-01, -3.6109216179567873e-01, -1.8872821604506375e-01
0.72000000, 1.92542940117600079048097337970987456221e+00, -1.73943353141083287418912967963252090130e+00, 4.05019736449089923028019300334015896403e+01, -1.88286925073663639797083084533502185387e-01, 6.17379051537946716133938381464829550469e+00, 9.91192612982137997568199632889837837395e-01, -3.6047839837588352e-01, -1.8821851098428503e-01
0.72100000, 1.92508692285414940963837626463121322862e+00, -1.73933903718654710835023244402091417618e+00, 4.05025858747531794380348133345656593336e+01, -1.88183397068635088952688997761064770855e-01, 6.17394211302089628752958279866299173406e+00, 9.90975898910209084717036247538381935934e-01, -3.5986565050669018e-01, -1.8771080249105381e-01
0.72200000, 1.92474470779258358336395100206723853753e+00, -1.73924438531875337400923734147806049613e+00, 4.05031979889487378890156947931494608967e+01, -1.88078972162546661676262662865274598207e-01, 6.17409345947178467787112176349730548271e+00, 9.90759308323124899302716729653900212408e-01, -3.5925391702265017e-01, -1.8720508259559092e-01
0.72300000, 1.92440275561167631386043652099686799126e+00, -1.73914957575928720869670401148256706708e+00, 4.05038099876419966572203529158496324303e+01, -1.87973650812731730232776588674914714468e-01, 6.17424455491363354651914485012489043283e+00, 9.90542841018873582592468001758439690415e-01, -3.5864319675163399e-01, -1.8670134335992860e-01
0.72400000, 1.92406106593164993880537003165416076535e+00, -1.73905460845970906074760212110978425371e+00, 4.05044218709776680487966218031792058108e+01, -1.87867433476694328599959738128378453375e-01, 6.17439539952752603445686166218106982002e+00, 9.90326496795219165998973948412161012189e-01, -3.5803348851491305e-01, -1.8619957687777509e-01
0.72500000, 1.92371963837257351349173614331246466057e+00, -1.73895948337130616239681410036178822420e+00, 4.05050336390988495740016871405359852834e+01, -1.87760320612112350732000118591037924625e-01, 6.17454599349412943116297414535560023345e+00, 9.90110275449700442214965599875072979825e-01, -3.5742479112724077e-01, -1.8569977527437977e-01
0.72600000, 1.92337847255436019335337402658210679239e+00, -1.73886420044509441253119466023688096831e+00, 4.05056452921470258510317130487855464814e+01, -1.87652312676840759432586494040358572802e-01, 6.17469633699369740071013666324041624807e+00, 9.89894176779629837515663480136361510380e-01, -3.5681710339693316e-01, -1.8520193070639887e-01
0.72700000, 1.92303756809676461690921605607352133796e+00, -1.73876875963182026916274018201679842365e+00, 4.05062568302620705143416653050341049590e+01, -1.87543410128914805838166617945593423623e-01, 6.17484643020607221233589640189639382862e+00, 9.89678200582092285264943509094846847191e-01, -3.5621042412594874e-01, -1.8470603536176163e-01
0.72800000, 1.92269692461938028916098033832271322053e+00, -1.73867316088196265168749267601616179753e+00, 4.05068682535822481275535779094532567341e+01, -1.87433613426553259511925829624729140104e-01, 6.17499627331068697552748700741924549336e+00, 9.89462346653944100661454175235970310930e-01, -3.5560475210996791e-01, -1.8421208145953716e-01
0.72900000, 1.92235654174163696547949210923406017240e+00, -1.73857740414573485299487213096999197606e+00, 4.05074795622442161010518919441810163970e+01, -1.87322923028161649148611354837414562714e-01, 6.17514586648656787966177198047519535154e+00, 9.89246614791811856761270965992526143507e-01, -3.5500008613847162e-01, -1.8372006124980166e-01
0.73000000, 1.92201641908279803601536518250000756998e+00, -1.73848148937308646149219766750200048264e+00, 4.05080907563830266143648781135330473688e+01, -1.87211339392335513889944169829263268447e-01, 6.17529520991233643824155578884996087667e+00, 9.89031004792091261814034254786852854029e-01, -3.5439642499481957e-01, -1.8322996701350632e-01
0.73100000, 1.92167655626195791067033445275367718636e+00, -1.73838541651370529310922192651923862237e+00, 4.05087018361321285434315372386046339174e+01, -1.87098862977863665249971793421525117017e-01, 6.17544430376621173776939988303263402141e+00, 9.88815516450946037949878992968323197309e-01, -3.5379376745632767e-01, -1.8274179106234569e-01
0.73200000, 1.92133695289803940466609391155089300558e+00, -1.73828918551701933334756452134702755120e+00, 4.05093128016233693928537562709326041280e+01, -1.86985494243731459649321830466995359215e-01, 6.17559314822601269129999778007771209280e+00, 9.88600149564306801254828637663197251923e-01, -3.5319211229434508e-01, -1.8225552573862658e-01
0.73300000, 1.92099760860979112474806172731582429593e+00, -1.73819279633219868943998911601001879197e+00, 4.05099236529869972332338810558324914633e+01, -1.86871233649124081556917468483590465849e-01, 6.17574174346916029671207808660838742591e+00, 9.88384903927869943272691758866541448332e-01, -3.5259145827433050e-01, -1.8177116341513754e-01
0.73400000, 1.92065852301578485606206467846807002085e+00, -1.73809624890815755268452471596700422756e+00, 4.05105343903516626436982510824516501489e+01, -1.86756081653429837237312393939948448816e-01, 6.17589008967267989974071673181375940851e+00, 9.88169779337096513971867706587396570315e-01, -3.5199180415592801e-01, -1.8128869649501881e-01
0.73500000, 1.92031969573441294974250861811714299194e+00, -1.73799954319355617101848502613268694153e+00, 4.05111450138444206597076257701081869671e+01, -1.86640038716243459101393711908902279353e-01, 6.17603818701320346181084974444098829566e+00, 9.87954775587211106215837576901497982095e-01, -3.5139314869304224e-01, -1.8080811741163283e-01
0.73600000, 1.91998112638388571125117969468571955945e+00, -1.73790267913680283189749019811037126660e+00, 4.05117555235907327262558164242411789089e+01, -1.86523105297369420657787389032758771022e-01, 6.17618603566697183271268560269804940812e+00, 9.87739892473200741776488489493007387000e-01, -3.5079549063391303e-01, -1.8032941862843532e-01
0.73700000, 1.91964281458222878950640276100689716055e+00, -1.73780565668605585554464290778379509584e+00, 4.05123659197144686565582228148967558923e+01, -1.86405281856825262061881461373257738315e-01, 6.17633363580983702815962148109033571775e+00, 9.87525129789813758929792873526103491664e-01, -3.5019882872118951e-01, -1.7985259263884676e-01
0.73800000, 1.91930475994728056684286877990687898453e+00, -1.73770847578922559863505542896923560198e+00, 4.05129762023379085963323583502245280968e+01, -1.86286568854844926258957722173862480191e-01, 6.17648098761726451226917058176160050287e+00, 9.87310487331558701673740048049073705906e-01, -3.4960316169200358e-01, -1.7937763196612456e-01
0.73900000, 1.91896696209668954984303208177359797029e+00, -1.73761113639397646848096615153224361224e+00, 4.05135863715817449937728330005530082428e+01, -1.86166966751882105717492796282877908844e-01, 6.17662809126433548500730813796426664417e+00, 9.87095964892703210608794871886057009872e-01, -3.4900848827804288e-01, -1.7890452916323560e-01
0.74000000, 1.91862942064791176108157105352529775231e+00, -1.73751363844772894778272278567495973364e+00, 4.05141964275650845753236484383267482041e+01, -1.86046476008613599748254384432930154397e-01, 6.17677494692574917463654158173546554621e+00, 9.86881562267272915521537620117376761569e-01, -3.4841480720562319e-01, -1.7843327681272940e-01
0.74100000, 1.91829213521820813182500224278742722616e+00, -1.73741598189766163001094525007427290335e+00, 4.05148063704054503273510452580756171907e+01, -1.85925097085942682404377988230287976354e-01, 6.17692155477582513520790574441567604513e+00, 9.86667279249050329712520513501404456755e-01, -3.4782211719576025e-01, -1.7796386752661171e-01
0.74200000, 1.91795510542464189572913794966671557973e+00, -1.73731816669071326548521391189866270518e+00, 4.05154162002187834838205275906758228816e+01, -1.85802830445002480957163572090456036513e-01, 6.17706791498850554913697677485277217637e+00, 9.86453115631573746109759476968490536211e-01, -3.4723041696424109e-01, -1.7749629394621874e-01
0.74300000, 1.91761833088407598357768115462616872716e+00, -1.73722019277358481821465838277921741248e+00, 4.05160259171194455200820758889508168677e+01, -1.85679676547159364941880348012757694802e-01, 6.17721402773735753490388868334688747878e+00, 9.86239071208136135209664726742568767224e-01, -3.4663970522169475e-01, -1.7703054874209177e-01
0.74400000, 1.91728181121317041910585909759890098538e+00, -1.73712206009274153356584842751113490592e+00, 4.05166355212202201528679440981120995764e+01, -1.85555635854016345767411149603768139827e-01, 6.17735989319557545991722401679808620541e+00, 9.86025145771784044887600675539005726363e-01, -3.4604998067366252e-01, -1.7656662461385237e-01
0.74500000, 1.91694554602837971595360798324769910785e+00, -1.73702376859441501682341166219550913556e+00, 4.05172450126323153466078227950811929154e+01, -1.85430708827416486883105659769180859574e-01, 6.17750551153598325858153510913398987230e+00, 9.85811339115316502120654394163092620884e-01, -3.4546124202066761e-01, -1.7610451429007810e-01
0.74600000, 1.91660953494595027579343614242088014152e+00, -1.73692531822460532270882255590350120522e+00, 4.05178543914653653261665351452488262975e+01, -1.85304895929446324495744038677024758706e-01, 6.17765088293103675560813459776132239422e+00, 9.85597651031283916665582467897763392517e-01, -3.4487348795828434e-01, -1.7564421052817869e-01
0.74700000, 1.91627377758191778767871153223131037900e+00, -1.73682670892908305592282375458906177214e+00, 4.05184636578274325961098176430539649063e+01, -1.85178197622439298829039231687623497676e-01, 6.17779600755282599460867341817665127359e+00, 9.85384081311986986735298529213669701033e-01, -3.4428671717720668e-01, -1.7518570611427277e-01
0.74800000, 1.91593827355210462865874170826412870262e+00, -1.73672794065339148277695386735233776582e+00, 4.05190728118250099666041225326921676832e+01, -1.85050614368979195917627387742592878257e-01, 6.17794088557307757201090125149134117006e+00, 9.85170629749475606717658026134089705905e-01, -3.4370092836331645e-01, -1.7472899386306509e-01
0.74900000, 1.91560302247211726570764035327488807747e+00, -1.73662901334284865397966554235141704812e+00, 4.05196818535630225860567635055246226280e+01, -1.84922146631903599927011354066908585721e-01, 6.17808551716315697633587836981027955457e+00, 9.84957296135547776980692889294094032011e-01, -3.4311612019775083e-01, -1.7427406661772425e-01
0.75000000, 1.91526802395734365901460409804758909203e+00, -1.73652992694254953864252386139075889963e+00, 4.05202907831448299806031106990331366016e+01, -1.84792794874307355990432099895593251214e-01, 6.17822990249407093287577896832353996415e+00, 9.84744080261748515808846681274998343558e-01, -3.4253229135696947e-01, -1.7382091724976090e-01
0.75100000, 1.91493327762295066668385672210801982709e+00, -1.73643068139736816957197774682461059424e+00, 4.05208996006722281005479251355678696454e+01, -1.84662559559546043553147127296879601743e-01, 6.17837404173646975381129435663042810276e+00, 9.84530981919368773515160539768592629741e-01, -3.4194944051282105e-01, -1.7336953865890649e-01
0.75200000, 1.91459878308388145089315487458449601049e+00, -1.73633127665195979991219614987603873739e+00, 4.05215083062454513738683064942137824947e+01, -1.84531441151239460214093418115481370029e-01, 6.17851793506064969380750977105880302405e+00, 9.84318000899444348774761751794138894044e-01, -3.4136756633260928e-01, -1.7291992377299246e-01
0.75300000, 1.91426453995485288556039020810746423155e+00, -1.73623171265076307120445622338969627520e+00, 4.05221168999631747668861114618394055815e+01, -1.84399440113275116054405209778873606152e-01, 6.17866158263655531112699103025013690888e+00, 9.84105136992754807225410109479683645718e-01, -3.4078666747915852e-01, -1.7247206554783002e-01
0.75400000, 1.91393054785035296556846727024620122394e+00, -1.73613198933800219292856242164226540614e+00, 4.05227253819225158522180828151953109987e+01, -1.84266556909811738441743856465401807064e-01, 6.17880498463378183429867675357352924375e+00, 9.83892389989822402381262288410491857488e-01, -3.4020674261087876e-01, -1.7202595696709029e-01
0.75500000, 1.91359680638463821759928464616580981068e+00, -1.73603210665768913359176346199297784660e+00, 4.05233337522190368841123117996303134126e+01, -1.84132792005282787298878183293741429599e-01, 6.17894814122157753438102836137267192129e+00, 9.83679759680910998906421346477461754486e-01, -3.3962779038183023e-01, -1.7158159104218508e-01
0.75600000, 1.91326331517173111262829869108102770008e+00, -1.73593206455362582343061827436403095417e+00, 4.05239420109467468812800382458409559747e+01, -1.83998145864399980824429047231782202890e-01, 6.17909105256884610285774354284495561488e+00, 9.83467245856024998295247053412520744113e-01, -3.3904980944178741e-01, -1.7113896081214802e-01
0.75700000, 1.91293007382541748013180472936775549631e+00, -1.73583186296940636879124240092632454133e+00, 4.05245501581981037173321741577297796987e+01, -1.83862618952156831653161246923444642253e-01, 6.17923371884414903520418927655323970989e+00, 9.83254848304908267006813117306491901873e-01, -3.3847279843630262e-01, -1.7069805934351632e-01
0.75800000, 1.91259708195924392405972982609714912464e+00, -1.73573150184841927825334273569288608766e+00, 4.05251581940640162189303171649975309306e+01, -1.83726211733832193442669442295363179526e-01, 6.17937614021570802016255778507720347235e+00, 9.83042566817043067101309462538717980944e-01, -3.3789675600676913e-01, -1.7025887973021289e-01
0.75900000, 1.91226433918651524062739415304795326488e+00, -1.73563098113384970056342095738876205549e+00, 4.05257661186338462717624002160191966647e+01, -1.83588924674993817872762321456199601760e-01, 6.17951831685140733476359296387069868650e+00, 9.82830401181648989426601521514214327599e-01, -3.3732168079048372e-01, -1.6982141509342904e-01
0.76000000, 1.91193184512029183798036457122976340549e+00, -1.73553030076868167444249445400628986193e+00, 4.05263739319954109344535031417433179869e+01, -1.83450758241501922043300854993583590279e-01, 6.17966024891879624513257580960327219329e+00, 9.82618351187681889403574017842789585266e-01, -3.3674757142070883e-01, -1.6938565858150761e-01
0.76100000, 1.91159959937338715778719433143734973089e+00, -1.73542946069570039033364790854014107742e+00, 4.05269816342349845605227302010988924968e+01, -1.83311712899512766255692074397297557208e-01, 6.17980193658509141311709514958028971025e+00, 9.82406416623832825459303928172719737670e-01, -3.3617442652673422e-01, -1.6895160336982660e-01
0.76200000, 1.91126760155836509881551674869625554573e+00, -1.73532846085749446415468895683760877180e+00, 4.05275892254373009284974353733819176169e+01, -1.83171789115482242162679370224774842342e-01, 6.17994338001717930877396450556436554259e+00, 9.82194597278527000157526200499947674111e-01, -3.3560224473393813e-01, -1.6851924266068332e-01
0.76300000, 1.91093585128753744254763833050566854900e+00, -1.73522730119645822312113738424660493680e+00, 4.05281967056855553802964539434053440866e+01, -1.83030987356169471270503795157737911900e-01, 6.18008457938161862875247717662596487382e+00, 9.81982892939922704076276364722280713787e-01, -3.3503102466384802e-01, -1.6808856968317894e-01
0.76400000, 1.91060434817296128089245812689288120999e+00, -1.73512598165479400370472914138854267691e+00, 4.05288040750614069679943747803029566165e+01, -1.82889308088640413776938245814031446544e-01, 6.18022553484464272061101956055757597756e+00, 9.81771303395910262483016382421290815481e-01, -3.3446076493420079e-01, -1.6765957769310355e-01
0.76500000, 1.91027309182643644605122501631792094043e+00, -1.73502450217451446179256397416055442842e+00, 4.05294113336449806090792625896369659498e+01, -1.82746751780271487728117653776012064400e-01, 6.18036624657216201310388731578011019202e+00, 9.81559828434110984857973932867565844939e-01, -3.3389146415900261e-01, -1.6723225997282178e-01
0.76600000, 1.90994208185950294259533323874993115030e+00, -1.73492286269744489511196862186087083788e+00, 4.05300184815148692503166132691113209981e+01, -1.82603318898753198476503409645137298981e-01, 6.18050671472976645247497015930276405011e+00, 9.81348467841876117316850806198556405585e-01, -3.3332312094858821e-01, -1.6680660983115874e-01
0.76700000, 1.90961131788343838181504872860352644046e+00, -1.73482106316522557798608628265857614574e+00, 4.05306255187481360403326982683578670900e+01, -1.82459009912093778421729143076771328965e-01, 6.18064693948272794479478886478568885790e+00, 9.81137221406285797984483157355000475300e-01, -3.3275573390967980e-01, -1.6638262060328657e-01
0.76800000, 1.90928079950925541839875467797334666597e+00, -1.73471910351931410848513731966847952317e+00, 4.05312324454203165110308254899365090857e+01, -1.82313825288622837015477655918068667215e-01, 6.18078692099600280437718233158478030607e+00, 9.80926088914148015371465050021396515158e-01, -3.3218930164544548e-01, -1.6596028565061135e-01
0.76900000, 1.90895052634769918950300426650557474819e+00, -1.73461698370098776803822592546769497816e+00, 4.05318392616054207679544147182422232088e+01, -1.82167765496995021010935224183863088137e-01, 6.18092665943423420831175340418768709667e+00, 9.80715070151997569806176972430522205695e-01, -3.3162382275555723e-01, -1.6553959836066062e-01
0.77000000, 1.90862049800924475627437161952350839809e+00, -1.73451470365134589357049261947896306906e+00, 4.05324459673759356897111547711792197553e+01, -1.82020831006193684936759617277127633028e-01, 6.18106615496175465714798939491194939069e+00, 9.80504164906095037975092819982071444159e-01, -3.3105929583624844e-01, -1.6512055214697119e-01
0.77100000, 1.90829071410409454788479879136026103073e+00, -1.73441226331131226223033296237716268281e+00, 4.05330525628028271365728774813500065500e+01, -1.81873022285534571774881999413041698835e-01, 6.18120540774258844176677696423913475844e+00, 9.80293372962425740624672196295373895606e-01, -3.3049571948037104e-01, -1.6470314044897758e-01
0.77200000, 1.90796117424217580814284690637033240612e+00, -1.73430966262163748877131867533652645419e+00, 4.05336590479555421683661501735816071544e+01, -1.81724339804669503820840348672578399823e-01, 6.18134441794045411647483110569171141466e+00, 9.80082694106698713478579767249413502514e-01, -3.2993309227745214e-01, -1.6428735673190081e-01
0.77300000, 1.90763187803313804474397351535577511278e+00, -1.73420690152290143565336838997200667771e+00, 4.05342654229020112717689534576994669299e+01, -1.81574784033590083704713123746203945531e-01, 6.18148318571876697835735442859341206872e+00, 9.79872128124345681424409794018305756683e-01, -3.2937141281375027e-01, -1.6387319448663773e-01
0.77400000, 1.90730282508635048122367572914468071793e+00, -1.73410397995551563592762146734514621166e+00, 4.05348716877086505971291748427448516416e+01, -1.81424355442631405550086597711572375559e-01, 6.18162171124064155292403569514555355262e+00, 9.79661674800520036024531852915644408248e-01, -3.2881067967231118e-01, -1.6346064722965073e-01
0.77500000, 1.90697401501089951167805976221485245304e+00, -1.73400089785972572896936965117212861027e+00, 4.05354778424403642049210108438504194323e+01, -1.81273054502475776247847532836927143874e-01, 6.18175999466889408608328561064601931130e+00, 9.79451333920095816406113103411076883229e-01, -3.2825089143302323e-01, -1.6304970850285803e-01
0.77600000, 1.90664544741558615831712214539374280308e+00, -1.73389765517561390912329770082472199056e+00, 4.05360838871605463219557308376280795863e+01, -1.81120881684156446820944661373112133508e-01, 6.18189803616604504247939314991050553992e+00, 9.79241105267666693585813271932757628395e-01, -3.2769204667267231e-01, -1.6264037187352429e-01
0.77700000, 1.90631712190892353191675603502403518396e+00, -1.73379425184310138732517552295740875937e+00, 4.05366898219310836074636148674175286222e+01, -1.80967837459061353855607735801265868297e-01, 6.18203583589432161022706719145767504371e+00, 9.79030988627544958285090758532327447457e-01, -3.2713414396499641e-01, -1.6223263093415178e-01
0.77800000, 1.90598903809913429523622774319902549452e+00, -1.73369068780195086576403062540117070501e+00, 4.05372956468123574291642348466716492173e+01, -1.80813922298936870973851689508817060059e-01, 6.18217339401566021207760588611908802930e+00, 9.78820983783760512292501926229328584275e-01, -3.2657718188073969e-01, -1.6182647930237195e-01
0.77900000, 1.90566119559414812946860382577119236863e+00, -1.73358696299176902564871089178532224867e+00, 4.05379013618632461494426040970364320427e+01, -1.80659136675891570321425677108568921476e-01, 6.18231071069170902305070997065998385914e+00, 9.78611090520059863429820678481685301213e-01, -3.2602115898770624e-01, -1.6142191062083748e-01
0.78000000, 1.90533359400159920379234777723279927263e+00, -1.73348307735200902814262365830962419554e+00, 4.05385069671411274217490738265770439948e+01, -1.80503481062399994044692414604744885533e-01, 6.18244778608383049456572611188104051337e+00, 9.78401308619905124179251847903343396470e-01, -3.2546607385081332e-01, -1.6101891855711477e-01
0.78100000, 1.90500623292882364809304757904674841146e+00, -1.73337903082197302853030780299590475748e+00, 4.05391124627018804973412069417027914611e+01, -1.80346955931306435729242285639478590996e-01, 6.18258462035310388510587229455445677197e+00, 9.78191637866473014029459687763187362022e-01, -3.2491192503214424e-01, -1.6061749680357687e-01
0.78200000, 1.90467911198285702892498101472495843915e+00, -1.73327482334081470367936097009102000245e+00, 4.05397178485998885424862094315798260001e+01, -1.80189561755828731772359093708670731069e-01, 6.18272121366032779744875920938130732020e+00, 9.77982078042653865598581855178728339162e-01, -3.2435871109100087e-01, -1.6021763907729690e-01
0.78300000, 1.90435223077043182878297478442614828270e+00, -1.73317045484754179286110408524713126879e+00, 4.05403231248880409662428474034497985882e+01, -1.80031299009562062660760094402880665284e-01, 6.18285756616602272249627951680676826028e+00, 9.77772628931050634592849679020969985710e-01, -3.2380643058395571e-01, -1.5981933911994186e-01
0.78400000, 1.90402558889797492875576600694313478886e+00, -1.73306592528101865199321990753672784426e+00, 4.05409282916177357589421236178814463333e+01, -1.79872168166482764124332009601194304232e-01, 6.18299367803043358973669072077919559112e+00, 9.77563290313977913659887193655335044801e-01, -3.2325508206490353e-01, -1.5942259069766692e-01
0.78500000, 1.90369918597160509463283066988383171234e+00, -1.73296123457996882136745144882765359326e+00, 4.05415333488388818414863310104817853295e+01, -1.79712169700952148135877080635455583228e-01, 6.18312954941353232437146714509358246610e+00, 9.77354061973460950196214368559853319148e-01, -3.2270466408511270e-01, -1.5902738760101015e-01
0.78600000, 1.90337302159713046653740296116846862403e+00, -1.73285638268297760692528960580357244019e+00, 4.05421382965999014255864421262185394534e+01, -1.79551304087720333726168833586705860338e-01, 6.18326518047502041113924212545052974941e+00, 9.77144943691234668168934149903935076792e-01, -3.2215517519327604e-01, -1.5863372364478769e-01
0.78700000, 1.90304709538004605215917216754462713800e+00, -1.73275136952849467514441723092438295718e+00, 4.05427431349477323850581325688104672444e+01, -1.79389571801930087582896081248051660827e-01, 6.18340057137433146486890297434877392851e+00, 9.76935935248742694012038329168051600762e-01, -3.2160661393556134e-01, -1.5824159266798936e-01
0.78800000, 1.90272140692553122366090993885802478581e+00, -1.73264619505483666159850905154001555176e+00, 4.05433478639278306382970734145002861096e+01, -1.79226973319120674401345747405426681637e-01, 6.18353572227063380779363850490601103349e+00, 9.76727036427136386658223841172114158074e-01, -3.2105897885566146e-01, -1.5785098853367469e-01
0.78900000, 1.90239595583844721833405016981895926256e+00, -1.73254085920018979325281326656908444598e+00, 4.05439524835841725420544619901247159268e+01, -1.79063509115231716953940344819895438679e-01, 6.18367063332283305365747187509996912865e+00, 9.76518247007273871767568844295833440260e-01, -3.2051226849484408e-01, -1.5746190512886945e-01
0.79000000, 1.90207074172333464307901652278409109419e+00, -1.73243536190261252455776124271264649361e+00, 4.05445569939592572966340924022402121665e+01, -1.78899179666607065845004343874620213426e-01, 6.18380530468957469864554019711148179395e+00, 9.76309566769719080214876823552779328908e-01, -3.1996648139200101e-01, -1.5707433636446250e-01
0.79100000, 1.90174576418441098278686868373848264278e+00, -1.73232970310003818740266643189098079239e+00, 4.05451613950941093626325966589652100875e+01, -1.78733985449998678916385209880301538766e-01, 6.18393973652924671916910670875126394279e+00, 9.76100995494740790897956956348974879521e-01, -3.1942161608369719e-01, -1.5668827617510321e-01
0.79200000, 1.90142102282556811269961778660856753439e+00, -1.73222388273027765499138237298677911698e+00, 4.05457656870282808893448140802836293262e+01, -1.78567926942570510268799539499666490712e-01, 6.18407392899998217653601128662949578819e+00, 9.75892532962311677929570064532611440298e-01, -3.1887767110421928e-01, -1.5630371851909924e-01
0.79300000, 1.90109651725036981482734403493715395746e+00, -1.73211790073102201970159235829554717656e+00, 4.05463698697998541549565708762509937960e+01, -1.78401004621902408863012467029694858760e-01, 6.18420788225966182853698065500356068175e+00, 9.75684178952107362276231617523494366303e-01, -3.1833464498562387e-01, -1.5592065737831471e-01
0.79400000, 1.90077224706204929850103537075167894277e+00, -1.73201175703984528498919997229718627753e+00, 4.05469739434454440186474732155904485753e+01, -1.78233218965994026664189316145008672041e-01, 6.18434159646591674797793077129422548920e+00, 9.75475933243505467907526422177858534334e-01, -3.1779253625778533e-01, -1.5553908675806891e-01
0.79500000, 1.90044821186350672514085506336430824766e+00, -1.73190545159420707139908018117982730403e+00, 4.05475779080002003847266357386016832490e+01, -1.78064570453268736291982319342141904157e-01, 6.18447507177613094818810051023705239500e+00, 9.75267795615584682520053807349520044266e-01, -3.1725134344844332e-01, -1.5515900068703536e-01
0.79600000, 1.90012441125730673732033829031895636700e+00, -1.73179898433145533674323489941531086829e+00, 4.05481817634978106789245832164738942188e+01, -1.77895059562577558138132093336637176547e-01, 6.18460830834744401553355788464431403846e+00, 9.75059765847123822900587256075250362775e-01, -3.1671106508324988e-01, -1.5478039321714127e-01
0.79700000, 1.89980084484567599220781313245364901250e+00, -1.73169235518882911050717491779654188251e+00, 4.05487855099705023369648758516375084731e+01, -1.77724686773203096912573422086792662912e-01, 6.18474130633675374896531759287581718721e+00, 9.74851843716600904993498526629532526061e-01, -3.1617169968581621e-01, -1.5440325842346754e-01
0.79800000, 1.89947751223050069946713987802220531152e+00, -1.73158556410346124254512167864061235296e+00, 4.05493891474490453055393184776504472513e+01, -1.77553452564863487578237738422417389927e-01, 6.18487406590071880663100163241449102975e+00, 9.74644029002192218737963305511181837221e-01, -3.1563324577775908e-01, -1.5402759040414907e-01
0.79900000, 1.89915441301332416370066409919151829771e+00, -1.73147861101238116612438756103257619281e+00, 4.05499926759627545558109205785326953537e+01, -1.77381357417716350633940489366543691322e-01, 6.18500658719576135957866302645587708521e+00, 9.74436321481771407740933320347796666543e-01, -3.1509570187874684e-01, -1.5365338328027553e-01
0.80000000, 1.89883154679534433151808359939510708040e+00, -1.73137149585251767537905202448702132541e+00, 4.05505960955394926095690775319734220852e+01, -1.77208401812362756703930298534654366152e-01, 6.18513887037806975258107633717806012426e+00, 9.74228720932908553852328577791665280453e-01, -3.1455906650654516e-01, -1.5328063119579259e-01
0.80100000, 1.89850891317741134331573700258784723175e+00, -1.73126421856070171723280308545692898857e+00, 4.05511994062056720781617437132682532870e+01, -1.77034586229851200391858481331419102520e-01, 6.18527091560360117210847754638019664276e+00, 9.74021227132869266709372949238018037480e-01, -3.1402333817706233e-01, -1.5290932831740350e-01
0.80200000, 1.89818651176002508985163243522257369693e+00, -1.73115677907366919785055909971095839204e+00, 4.05518026079862582143296650013245371373e+01, -1.76859911151681583356102005371239426464e-01, 6.18540272302808432147741003248063704297e+00, 9.73813839858613778317466673571732571354e-01, -3.1348851540439429e-01, -1.5253946883447115e-01
0.80300000, 1.89786434214333277370234840776383932839e+00, -1.73104917732806380367822462649655465310e+00, 4.05524057009047714770680317280161463127e+01, -1.76684377059809206562540400448825366912e-01, 6.18553429280702210320300272346882497458e+00, 9.73606558886796042735460448528581520653e-01, -3.1295459670086925e-01, -1.5217104695892050e-01
0.80400000, 1.89754240392712647568875560296182360407e+00, -1.73094141326043983712966618915435940863e+00, 4.05530086849832901096412031302846460849e+01, -1.76507984436648771670047390803616664904e-01, 6.18566562509569430858167101933522916910e+00, 9.73399383993762840933667607462670627634e-01, -3.1242158057709204e-01, -1.5180405692514145e-01
0.80500000, 1.89722069671084072635832779030314992651e+00, -1.73083348680726506697971895278437129577e+00, 4.05536115602424527308764408226693396446e+01, -1.76330733765078391503111129193141050668e-01, 6.18579672004916031453089071579985411968e+00, 9.73192314955552890893423392593229861781e-01, -3.1188946554198801e-01, -1.5143849298989211e-01
0.80600000, 1.89689922009355008261263247657824599119e+00, -1.73072539790492359352175364381516773865e+00, 4.05542143267014609398628716276934801214e+01, -1.76152625528443609565142839774156933797e-01, 6.18592757782226178771234988487999674799e+00, 9.72985351547895963017473504836921175336e-01, -3.1135825010284675e-01, -1.5107434943220251e-01
0.80700000, 1.89657797367396670956941713706157283039e+00, -1.73061714648971872854804436982344713879e+00, 4.05548169843780819341821792033157308403e+01, -1.75973660210561428545172407879086082639e-01, 6.18605819856962539596443343806332501130e+00, 9.72778493546212000920947899212593374366e-01, -3.1082793276536528e-01, -1.5071162055327868e-01
0.80800000, 1.89625695705043796774953491524940486139e+00, -1.73050873249787589021088229142791843579e+00, 4.05554195332886511417977992103413232182e+01, -1.75793838295724347769760972905856905887e-01, 6.18618858244566552706963987569402240137e+00, 9.72571740725610247673150168046598858974e-01, -3.1029851203369113e-01, -1.5035030067640714e-01
0.80900000, 1.89593616982094400567978449544236255784e+00, -1.73040015586554551282207728208795575912e+00, 4.05560219734480748667296641874310495686e+01, -1.75613160268704409551084869704610319188e-01, 6.18631872960458701488216947278391324268e+00, 9.72365092860888377560867775733054889542e-01, -3.0976998641046487e-01, -1.4999038414685987e-01
0.81000000, 1.89561561158309535800357240483521839714e+00, -1.73029141652880597164817971654197861788e+00, 4.05566243048698329486418117655908115708e+01, -1.75431626614757254381262308604413358221e-01, 6.18644864020038787284055782801452870524e+00, 9.72158549726531633444383841947130655752e-01, -3.0924235439686249e-01, -1.4963186533179959e-01
0.81100000, 1.89529528193413054919214225245088355616e+00, -1.73018251442366652275843728461827463653e+00, 4.05572265275659814364704332755000938352e+01, -1.75249237819626184922103969714990389889e-01, 6.18657831438686203488985827043444129531e+00, 9.71952111096711969777847077706289014506e-01, -3.0871561449263735e-01, -1.4927473862018547e-01
0.81200000, 1.89497518047091370294995432261432543837e+00, -1.73007344948607025798217716427050049267e+00, 4.05578286415471552762201990967620873712e+01, -1.75065994369546238738571199089868271902e-01, 6.18670775231760210383750103856645937801e+00, 9.71745776745287201366132822659213631098e-01, -3.0818976519616183e-01, -1.4891899842267931e-01
0.81300000, 1.89465530678993215740864047120146169659e+00, -1.72996422165189707503197193580051430728e+00, 4.05584306468225710130569521844363590945e+01, -1.74881896751248269723320719076605059943e-01, 6.18683695414600210716657638066827392527e+00, 9.71539546445800157930804873984543545131e-01, -3.0766480500446870e-01, -1.4856463917155203e-01
0.81400000, 1.89433566048729408620480338321592231489e+00, -1.72985483085696666284860820804948695449e+00, 4.05590325434000295078251120006396434247e+01, -1.74696945451963038158802689647882753237e-01, 6.18696592002526026032990273415023681246e+00, 9.71333419971477844558264898221753871173e-01, -3.0714073241329214e-01, -1.4821165532059061e-01
0.81500000, 1.89401624115872612553777589903465956119e+00, -1.72974527703704150222352998643663264222e+00, 4.05596343312859186681183774924520342875e+01, -1.74511140959425309362459569269398040047e-01, 6.18709465010838173754784988812932094960e+00, 9.71127397095230608103653637541200876533e-01, -3.0661754591710843e-01, -1.4786004134500543e-01
0.81600000, 1.89369704839957100730430526169850271781e+00, -1.72963556012782988175407427153841334731e+00, 4.05602360104852161940325597060132774407e+01, -1.74324483761877960859646511117904422446e-01, 6.18722314454818145013249047735144993662e+00, 9.70921477589651309624545821078362572085e-01, -3.0609524400917634e-01, -1.4750979174133799e-01
0.81700000, 1.89337808180478519840797873575928824950e+00, -1.72952568006498892918645416473524089600e+00, 4.05608375810014923387296120239943728184e+01, -1.74136974348076098027959982064546418321e-01, 6.18735140349728683236025125989259336784e+00, 9.70715661227014502918958629075619821384e-01, -3.0557382518157725e-01, -1.4716090102736903e-01
0.81800000, 1.89305934096893654634206105535265133589e+00, -1.72941563678412765820107480349143494883e+00, 4.05614390428369126839421587723299526666e+01, -1.73948613207291178155719897293717656428e-01, 6.18747942710814063491482835689106637534e+00, 9.70509947779275619242671691134500393338e-01, -3.0505328792525492e-01, -1.4681336374202705e-01
0.81900000, 1.89274082548620193114527053032608985846e+00, -1.72930543022081003069438968214780425456e+00, 4.05620403959922409305480509742335995336e+01, -1.73759400829315142856401812916889413290e-01, 6.18760721553300372592171794190630654751e+00, 9.70304337018070158281334887693040046730e-01, -3.0453363073005492e-01, -1.4646717444529722e-01
0.82000000, 1.89242253495036492383087932844783802289e+00, -1.72919506031055803461111926365959122367e+00, 4.05626416404668417043447012464190242729e+01, -1.73569337704464558779859603329042178418e-01, 6.18773476892395789959529572228501850868e+00, 9.70098828714712885453318623083589375423e-01, -3.0401485208476387e-01, -1.4612232771813067e-01
0.82100000, 1.89210446895481345139038441202848118866e+00, -1.72908452698885477738026018237346447888e+00, 4.05632427762586833771531681447343908501e+01, -1.73378424323584766560215560903603020771e-01, 6.18786208743290869251895491719793785044e+00, 9.69893422640197035619739705734707727556e-01, -3.0349695047714825e-01, -1.4577881816235422e-01
0.82200000, 1.89178662709253746847385879081348011872e+00, -1.72897383019114759500791170648498878786e+00, 4.05638438033643409033821735839976972888e+01, -1.73186661178054037939323985199853769212e-01, 6.18798917121158820757838326896254497233e+00, 9.69688118565193523278574462153385208595e-01, -3.0297992439399300e-01, -1.4543664040058042e-01
0.82300000, 1.89146900895612663584995811088612105123e+00, -1.72886296985285117687953639995185719123e+00, 4.05644447217789986721824451889050342952e+01, -1.72994048759787741003736070155354079869e-01, 6.18811602041155794556762488818798313261e+00, 9.69482916260050159320249181511413246041e-01, -3.0246377232113980e-01, -1.4509578907611805e-01
0.82400000, 1.89115161413776800574942508170964173222e+00, -1.72875194590935070632385402598635466042e+00, 4.05650455314964533753219784879736054370e+01, -1.72800587561242513472108244479273899333e-01, 6.18824263518421164448713239160073059817e+00, 9.69277815494790874422576391563151751418e-01, -3.0194849274352502e-01, -1.4475625885288295e-01
0.82500000, 1.89083444222924371419680379949631353285e+00, -1.72864075829600501699014159637915275171e+00, 4.05656462325091168909130116483778757662e+01, -1.72606278075420443969003067121039237837e-01, 6.18836901568077812655256880670651923801e+00, 9.69072816039114949163383758188437167043e-01, -3.0143408414521746e-01, -1.4441804441530928e-01
0.82600000, 1.89051749282192868043594760298279017546e+00, -1.72852940694814976509027802132878083643e+00, 4.05662468248080191831216978733395307353e+01, -1.72411120795873261220031321491576898909e-01, 6.18849516205232415293266705243705637378e+00, 9.68867917662396250929660533373736209896e-01, -3.0092054500945568e-01, -1.4408114046826114e-01
0.82700000, 1.89020076550678831355577764457024571241e+00, -1.72841789180110061755642898163652861781e+00, 4.05668473083828112179916475518405065383e+01, -1.72215116216706531102276085062518321208e-01, 6.18862107444975728623399742249652453197e+00, 9.68663120133682477702524402545515848317e-01, -3.0040787381868520e-01, -1.4374554173694457e-01
0.82800000, 1.88988425987437622642362482179408944615e+00, -1.72830621279015645616481635751052145666e+00, 4.05674476832217678955126936685466825507e+01, -1.72018264832583861482924271847286523940e-01, 6.18874675302382876075003036130325295448e+00, 9.68458423221694408797789253815976944412e-01, -2.9989606905459525e-01, -1.4341124296681996e-01
0.82900000, 1.88956797551483195703436503633666862613e+00, -1.72819436985060259767555673421621715666e+00, 4.05680479493117909980664097549666328561e+01, -1.71820567138731114778008451659771690940e-01, 6.18887219792513636049141289442820526925e+00, 9.68253826694825162642391760188128787328e-01, -2.9938512919815534e-01, -1.4307823892351477e-01
0.83000000, 1.88925191201787869738443687437036780440e+00, -1.72808236291771403003808509280990182397e+00, 4.05686481066384121553800796953414278491e+01, -1.71622023630940628162131640344501853806e-01, 6.18899740930412730501390231965489189118e+00, 9.68049330321139461667411681717965277633e-01, -2.9887505272965157e-01, -1.4274652439273674e-01
0.83100000, 1.88893606897282102998071167596042859638e+00, -1.72797019192675866471120271258857626491e+00, 4.05692481551857958261209828961942571938e+01, -1.71422634805575441359010228593636558247e-01, 6.18912238731110114305992014480290406367e+00, 9.67844933868372904398897407993978545536e-01, -2.9836583812872254e-01, -1.4241609418018735e-01
0.83200000, 1.88862044596854267209506852456056401998e+00, -1.72785785681300060514630248908112323467e+00, 4.05698480949367422962630165898017632389e+01, -1.71222401159573531941625273564363645502e-01, 6.18924713209621265402920273804249951082e+00, 9.67640637103931244828184421337120828519e-01, -2.9785748387439511e-01, -1.4208694311147577e-01
0.83300000, 1.88830504259350422787641088123721540783e+00, -1.72774535751170343148183023580491644760e+00, 4.05704479258726906943578292713371624603e+01, -1.71021323190452058069720018189074147774e-01, 6.18937164380947475729353269955686589745e+00, 9.67436439794889679143870016433871582565e-01, -2.9734998844511982e-01, -1.4175906603203308e-01
0.83400000, 1.88798985843574094843274735203248926481e+00, -1.72763269395813350149653701805857268264e+00, 4.05710476479737220238427853686518024883e+01, -1.70819401396311608591321729597214645659e-01, 6.18949592260076142937003653426975837226e+00, 9.67232341707992139908082710591769100322e-01, -2.9684335031880605e-01, -1.4143245780702696e-01
0.83500000, 1.88767489308286049999684634962099351471e+00, -1.72751986608756326786856509119196891945e+00, 4.05716472612185622125182211135018074188e+01, -1.70616636275840460433898763086085927280e-01, 6.18961996861981062896702976835705537157e+00, 9.67028342609650597760159267662036209912e-01, -2.9633756797285693e-01, -1.4110711332127670e-01
0.83600000, 1.88736014612204074028986312985075801845e+00, -1.72740687383527461178688851261354809529e+00, 4.05722467655845851793265851237100374620e+01, -1.70413028328318843209689165122648501815e-01, 6.18974378201622722991588017203780787443e+00, 9.66824442265944370731316084426882682662e-01, -2.9583263988420395e-01, -1.4078302747916855e-01
0.83700000, 1.88704561714002750319822778651325622486e+00, -1.72729371713656219296109889484596780112e+00, 4.05728461610478159185661843168294537074e+01, -1.70208578053623210958655132368258170025e-01, 6.18986736293948596200184319256709325649e+00, 9.66620640442619441254374796723361628559e-01, -2.9532856452934130e-01, -1.4046019520457152e-01
0.83800000, 1.88673130572313239187997420929575096321e+00, -1.72718039592673681607498699487823721903e+00, 4.05734454475829336016723763562231354829e+01, -1.70003285952230520951428249049595281447e-01, 6.18999071153893435970630102954878680767e+00, 9.66416936905087780953074298896404464009e-01, -2.9482534038436001e-01, -1.4013861144075349e-01
0.83900000, 1.88641721145723058041758268475988730996e+00, -1.72706691014112881372882182162126961973e+00, 4.05740446251632746966991637783157908568e+01, -1.69797152525222519473513638439795854298e-01, 6.19011382796379571887230796502526232057e+00, 9.66213331418426683295972878764399226381e-01, -2.9432296592498176e-01, -1.3981827115029769e-01
0.84000000, 1.88610333392775862413530268168062648410e+00, -1.72695325971509144591467061728317898642e+00, 4.05746436937608361056342521626589664277e+01, -1.69590178274290034510916992997222089624e-01, 6.19023671236317206130480955892066585440e+00, 9.66009823747378104200414794860427153399e-01, -2.9382143962659243e-01, -1.3949916931501955e-01
0.84100000, 1.88578967271971227869981734236639850419e+00, -1.72683944458400431606853535887467561770e+00, 4.05752426533462783196807350812890606364e+01, -1.69382363701737275256246900027965859376e-01, 6.19035936488604710731636210222506519111e+00, 9.65806413656348010672505306292646763466e-01, -2.9332075996427546e-01, -1.3918130093588395e-01
0.84200000, 1.88547622741764432812400723173442408815e+00, -1.72672546468327680374250426188461379424e+00, 4.05758415038889285926386619968942778472e+01, -1.69173709310486138353225964757841898591e-01, 6.19048178568128925622863125200056040399e+00, 9.65603100909405737569506850449719426618e-01, -2.9282092541284488e-01, -1.3886466103292279e-01
0.84300000, 1.88516299760566242179446790586916532517e+00, -1.72661131994835151393953007861135047209e+00, 4.05764402453567841325198316661478810512e+01, -1.68964215604080520796417960573362877799e-01, 6.19060397489765457483939502035051669715e+00, 9.65399885270283352571536691550075334347e-01, -2.9232193444687810e-01, -1.3854924464515289e-01
0.84400000, 1.88484998286742692064433378033893414682e+00, -1.72649701031470774315285069801884478172e+00, 4.05770388777165153115292328401728116021e+01, -1.68753883086690639401844618073459824499e-01, 6.19072593268378979386421622070305751532e+00, 9.65196766502375029449912874570107004610e-01, -2.9182378554074851e-01, -1.3823504683049435e-01
0.84500000, 1.88453718278614875259385953332799620488e+00, -1.72638253571786496215146160178316150175e+00, 4.05776374009334688945466260328024905453e+01, -1.68542712263117356763024712634559646801e-01, 6.19084765918823531236138305621336069321e+00, 9.64993744368736429719960654540776023444e-01, -2.9132647716865774e-01, -1.3792206266568921e-01
0.84600000, 1.88422459694458727738210979614394103692e+00, -1.72626789609338631555243404204778115102e+00, 4.05782358149716712862418247427883771345e+01, -1.68330703638796513605819837630918717779e-01, 6.19096915455942821014814373419916542459e+00, 9.64790818632084092766555670008711545167e-01, -2.9083000780466775e-01, -1.3761028724622043e-01
0.84700000, 1.88391222492504816091400808920297018247e+00, -1.72615309137688213822024731013704742405e+00, 4.05788341197938317969572916614444385201e+01, -1.68117857719803267454315671513825714726e-01, 6.19109041894570526821568177503245609915e+00, 9.64587989054794834531142930327704549145e-01, -2.9033437592273259e-01, -1.3729971568623127e-01
0.84800000, 1.88360006630938125924789677932765413319e+00, -1.72603812150401348853266809210110239114e+00, 4.05794323153613459274917149648592974278e+01, -1.67904175012856437518804676939908254490e-01, 6.19121145249530599714969302189877779408e+00, 9.64385255398905154849432127365237097529e-01, -2.8983957999673002e-01, -1.3699034311844508e-01
0.84900000, 1.88328812067897851234966118708234026433e+00, -1.72592298641049569855206458670366528809e+00, 4.05800304016342986729182716715808992668e+01, -1.67689656025322855715766025425702718095e-01, 6.19133225535637567356283321773421052064e+00, 9.64182617426110653529429800434419641451e-01, -2.8934561850049278e-01, -1.3668216469408530e-01
0.85000000, 1.88297638761477184774037278270459473402e+00, -1.72580768603210194114038772475634740056e+00, 4.05806283785714678455713191338097167167e+01, -1.67474301265221723728561139055668702129e-01, 6.19145282767696838454470636624777405067e+00, 9.63980074897765455259927415322806020669e-01, -2.8885248990783971e-01, -1.3637517558279597e-01
0.85100000, 1.88266486669723109416530859655786418797e+00, -1.72569222030466681405538640622331144708e+00, 4.05812262461303274173352819132458534686e+01, -1.67258111241228976016378600148675421232e-01, 6.19157316960505008013445890439210469510e+00, 9.63777627574881643440021399982611605480e-01, -2.8836019269260655e-01, -1.3606937097256248e-01
0.85200000, 1.88235355750636190541310645432233913470e+00, -1.72557658916408994106494809418837131820e+00, 4.05818240042670508813695194618478331954e+01, -1.67041086462681648677770320174905078053e-01, 6.19169328128850163382043295349509151086e+00, 9.63575275218128703020696545834755429275e-01, -2.8786872532867659e-01, -1.3576474606963271e-01
0.85300000, 1.88204245962170369441471834654279974174e+00, -1.72546079254633959011577030377445754054e+00, 4.05824216529365146334029700723117659177e+01, -1.66823227439582254073921801423515960192e-01, 6.19181316287512191107071355543687657574e+00, 9.63373017587832972449957869049195565194e-01, -2.8737808629001101e-01, -1.3546129609843853e-01
0.85400000, 1.88173157262232757775272707363601367918e+00, -1.72534483038745630859187243088932016553e+00, 4.05830191920923013727323683719217151912e+01, -1.66604534682603161115593090909541828354e-01, 6.19193281451263084589777980907740044313e+00, 9.63170854443977104813447964186223297543e-01, -2.8688827405067902e-01, -1.3515901630151763e-01
0.85500000, 1.88142089608683433071249418677846037977e+00, -1.72522870262355657569775091198760190813e+00, 4.05836166216867035230578270948326070141e+01, -1.66385008703090981116453638895211626932e-01, 6.19205223634867252545983817134734992617e+00, 9.62968785546199538262937006068752257937e-01, -2.8639928708488774e-01, -1.3485790193943571e-01
0.85600000, 1.88111042959335235300751008677420821067e+00, -1.72511240919083647200026382393842378905e+00, 4.05842139416707266732895588695348006803e+01, -1.66164650013070959114313758480351821283e-01, 6.19217142853081828270077784816909853229e+00, 9.62766810653793975825520796814695499424e-01, -2.8591112386701194e-01, -1.3455794829070899e-01
0.85700000, 1.88080017271953564531221986033678351166e+00, -1.72499595002557536616260365493885845742e+00, 4.05848111519940930384594901873625949295e+01, -1.65943459125251370560527763473159237946e-01, 6.19229039120656979703004314426526709466e+00, 9.62564929525708874686808544959823704377e-01, -2.8542378287162341e-01, -1.3425915065172711e-01
0.85800000, 1.88049012504256179673650093826342563975e+00, -1.72487932506413961890297903592064007660e+00, 4.05854082526052449408714874610425666717e+01, -1.65721436553027923276609165875820329146e-01, 6.19240912452336220304306583997508816896e+00, 9.62363141920546945041826333170312216335e-01, -2.8493726257352021e-01, -1.3396150433667630e-01
0.85900000, 1.88018028613912998337687086354617550454e+00, -1.72476253424298630420987765011292858524e+00, 4.05860052434513483116238740254817948369e+01, -1.65498582810488164575856569718553632227e-01, 6.19252762862856720728224208992099968362e+00, 9.62161447596564658607804410061276633610e-01, -2.8445156144775568e-01, -1.3366500467746298e-01
0.86000000, 1.87987065558545897808040526911214762958e+00, -1.72464557749866694784502326976529194304e+00, 4.05866021244782962126378669617839431505e+01, -1.65274898412415893446540133794882516101e-01, 6.19264590366949621303777296570303083122e+00, 9.61959846311671766893456459238113677212e-01, -2.8396667796966718e-01, -1.3336964702363765e-01
0.86100000, 1.87956123295728517155824749291897919971e+00, -1.72452845476783128316436983729988684467e+00, 4.05871988956307123793255036248377168356e+01, -1.65050383874295577691942722484351495948e-01, 6.19276394979340345318701556617602401150e+00, 9.61758337823430829319796783249944228974e-01, -2.8348261061490466e-01, -1.3307542674231910e-01
0.86200000, 1.87925201782986060498649200959253702982e+00, -1.72441116598723102428669464754369402305e+00, 4.05877955568519547840305596092125250861e+01, -1.64825039712316775921287152955350625896e-01, 6.19288176714748913107031256820154688032e+00, 9.61556921889056751287976819329952301740e-01, -2.8299935785945898e-01, -1.3278233921811900e-01
0.86300000, 1.87894300977795101423312393845640991541e+00, -1.72429371109372365663856093279615654586e+00, 4.05883921080841192203758824814746530037e+01, -1.64598866443378564284311311558920794761e-01, 6.19299935587890256940058216247841728080e+00, 9.61355598265416332290055504488740005284e-01, -2.8251691817969002e-01, -1.3249037985306683e-01
0.86400000, 1.87863420837583388585059620216717947668e+00, -1.72417609002427624490361743834837917870e+00, 4.05889885492680429086504788228566407087e+01, -1.64371864585093967840976386387977559063e-01, 6.19311671613474536720325748806947145286e+00, 9.61154366709027824159048655867912581256e-01, -2.8203529005235458e-01, -1.3219954406653509e-01
0.86500000, 1.87832561319729652497452436145802234973e+00, -1.72405830271596925840338883816538632659e+00, 4.05895848803433081223695958474334470557e+01, -1.64144034655794396456510082328865360455e-01, 6.19323384806207456478246492100599584472e+00, 9.60953226976060499555030653646523844058e-01, -2.8155447195463406e-01, -1.3190982729516491e-01
0.86600000, 1.87801722381563413526987664164415022601e+00, -1.72394034910600041393588601471209423921e+00, 4.05901811012482458361409329700593563822e+01, -1.63915377174534085110696486342129027020e-01, 6.19335075180790581670862386284733575593e+00, 9.60752178822334230784487232867539356693e-01, -2.8107446236416191e-01, -1.3162122499279197e-01
0.86700000, 1.87770903980364791106693309620642025251e+00, -1.72382222913168853609752924976375680901e+00, 4.05907772119199393949700030773048416171e+01, -1.63685892661094538509027272385596368620e-01, 6.19346742751921657282193699082940411259e+00, 9.60551222003319079050541031209881739927e-01, -2.8059525975905093e-01, -1.3133373263037271e-01
0.86800000, 1.87740106073364314183018312129990507811e+00, -1.72370394273047743511303018140461529456e+00, 4.05913732122942282051375377850456124715e+01, -1.63455581635988979882025216899289243220e-01, 6.19358387534294926724551924933746621454e+00, 9.60350356274134894232091625118538532283e-01, -2.8011686261792025e-01, -1.3104734569591097e-01
0.86900000, 1.87709328617742732910422454048959024556e+00, -1.72358548983993980219701991370819125197e+00, 4.05919691023057114467816955292876650445e+01, -1.63224444620466803857740578042683640176e-01, 6.19370009542601451540118616054052591098e+00, 9.60149581389550925290329039215139159734e-01, -2.7963926941992223e-01, -1.3076205969438483e-01
0.87000000, 1.87678571570630831608162011814989758996e+00, -1.72346687039778112247034085776227773717e+00, 4.05925648818877518083176858129117136164e+01, -1.62992482136518033291103817230294719220e-01, 6.19381608791529431902018728836338735252e+00, 9.59948897103985441401494055188866651445e-01, -2.7916247864476905e-01, -1.3047787014767392e-01
0.87100000, 1.87647834889109242993855852822515408586e+00, -1.72334808434184360545303867425121910655e+00, 4.05931605509724792428272672005068510148e+01, -1.62759694706877779932494453671988257317e-01, 6.19393185295764527914042888337838075029e+00, 9.59748303171505363915169997307394564422e-01, -2.7868648877275915e-01, -1.3019477259448693e-01
0.87200000, 1.87617118530208263708505639656940880314e+00, -1.72322913161011013315519801780212208083e+00, 4.05937561094907947465504105961362829598e+01, -1.62526082855030708816555586726115296931e-01, 6.19404739069990181708098084610836687643e+00, 9.59547799345825909237798952435302806353e-01, -2.7821129828480345e-01, -1.2991276259028953e-01
0.87300000, 1.87586422450907671147732594268524971594e+00, -1.72311001214070822578586159138732924397e+00, 4.05943515573723741596112428341293062085e+01, -1.62291647105215506250946843483747740413e-01, 6.19416270128887940338390715270111246599e+00, 9.59347385380310242741520512400013957291e-01, -2.7773690566245137e-01, -1.2963183570723258e-01
0.87400000, 1.87555746608136541614081886186178716628e+00, -1.72299072587191402509935624550058309462e+00, 4.05949468945456719891101985398190197884e+01, -1.62056387982429351283385258134219784089e-01, 6.19427778487137779471269577064869822430e+00, 9.59147061027969143798833024351624449756e-01, -2.7726330938791664e-01, -1.2935198753408068e-01
0.87500000, 1.87525090958773069805334130164748879140e+00, -1.72287127274215629539742244245556599438e+00, 4.05955421209379252547141104541561066211e+01, -1.61820306012432390523973914790278696808e-01, 6.19439264159418427869579383451423042959e+00, 9.58946826041460682043975918324905803715e-01, -2.7679050794410293e-01, -1.2907321367614104e-01
0.87600000, 1.87494455459644389653851698613266400500e+00, -1.72275165269002044220460429249717095804e+00, 4.05961372364751573568757598415650535153e+01, -1.61583401721752216198462137526116086246e-01, 6.19450727160407692670297643447812963905e+00, 9.58746680173089904962326867684966975912e-01, -2.7631849981462927e-01, -1.2879550975519267e-01
0.87700000, 1.87463840067526396532075561517715311691e+00, -1.72263186565425254863340649762840705293e+00, 4.05967322410821819678141890921506951800e+01, -1.61345675637688347306718642845449250760e-01, 6.19462167504782785454149277658321783540e+00, 9.58546623174808536909499243933445068605e-01, -2.7584728348385528e-01, -1.2851887140941588e-01
0.87800000, 1.87433244739143570839376149968546851236e+00, -1.72251191157376342945476185397486056911e+00, 4.05973271346826069453868480649437317545e+01, -1.61107128288316713759330434598150209227e-01, 6.19473585207220649105814168617935425170e+00, 9.58346654798214689662213468136902941119e-01, -2.7537685743690619e-01, -1.2824329429332210e-01
0.87900000, 1.87402669431168802985549287315177526025e+00, -1.72239179038763270288837840766393136918e+00, 4.05979219171988382699844039754941752848e+01, -1.60867760202494143363865374972663117664e-01, 6.19484980282398285463262942927717590119e+00, 9.58146774794552584603400351938553163015e-01, -2.7490722015969768e-01, -1.2796877407768408e-01
0.88000000, 1.87372114100223219786335532747859089523e+00, -1.72227150203511288012654887683097054499e+00, 4.05985165885520840045787915856617225142e+01, -1.60627571909862851530955364614104950843e-01, 6.19496352744993083754675660505740383369e+00, 9.57946982914712286644375275913264226883e-01, -2.7443837013896052e-01, -1.2769530644946630e-01
0.88100000, 1.87341578702876012286428323968159676839e+00, -1.72215104645563347260400648845528734355e+00, 4.05991111486623582780548159824855640787e+01, -1.60386563940854933568969968712509190890e-01, 6.19507702609683149821316740210928448778e+00, 9.57747278909229449987298985370190465521e-01, -2.7397030586226507e-01, -1.2742288711175578e-01
0.88200000, 1.87311063195644265025523076634949037365e+00, -1.72203042358880511702540087900477011585e+00, 4.05997055974484852919553442128243258115e+01, -1.60144736826696859434657194196610633025e-01, 6.19519029891147636124657379728567610902e+00, 9.57547662528285075831513806306825342486e-01, -2.7350302581804547e-01, -1.2715151178369320e-01
0.88300000, 1.87280567534992786763045886410648987628e+00, -1.72190963337442371816094511883011462714e+00, 4.06002999348281033507698343470425780604e+01, -1.59902091099413970805729017661728997227e-01, 6.19530334604067072535953929630754594256e+00, 9.57348133521705282127713109047854560928e-01, -2.7303652849562380e-01, -1.2688117620040428e-01
0.88400000, 1.87250091677333942677286672495115671026e+00, -1.72178867575247460941975018919249979871e+00, 4.06008941607176689158956510541227049955e+01, -1.59658627291834980339964247657802525590e-01, 6.19541616763123697906407155713296580877e+00, 9.57148691638961085484266785404772731011e-01, -2.7257081238523391e-01, -1.2661187611293154e-01
0.88500000, 1.87219635579027488054747487199317172050e+00, -1.72166755066313673120931631583895195545e+00, 4.06014882750324606834013053576899285317e+01, -1.59414345937596472983990443378662357216e-01, 6.19552876383001792415943068910559859369e+00, 9.56949336629168195330386267481061620328e-01, -2.7210587597804516e-01, -1.2634360728816631e-01
0.88600000, 1.87189199196380403485602281920186733462e+00, -1.72154625804678682708859139309780677612e+00, 4.06020822776865836857204327828100124705e+01, -1.59169247571147409193489971165320820492e-01, 6.19564113478388010698571017228401860260e+00, 9.56750068241086820441169112309065714733e-01, -2.7164171776618595e-01, -1.2607636550878110e-01
0.88700000, 1.87158782485646731581249653238535541084e+00, -1.72142479784400365772093526734669546790e+00, 4.06026761685929734174049884720911398661e+01, -1.58923332727753629925152928744084083522e-01, 6.19575328063971715742189018219687305669e+00, 9.56550886223121487929915315400673460473e-01, -2.7117833624276703e-01, -1.2581014657316230e-01
0.88800000, 1.87128385403027415230024981045093902762e+00, -1.72130316999557223263224483907609644820e+00, 4.06032699476633999850657899214282659196e+01, -1.58676601943502363259271674599693016051e-01, 6.19586520154445313560619862645648400176e+00, 9.56351790323320874813455206365564157290e-01, -2.7071572990190471e-01, -1.2554494629534307e-01
0.88900000, 1.87098007904670137407222900741447716717e+00, -1.72118137444248805977839874019710044875e+00, 4.06038636148084722816281776353175711752e+01, -1.58429055755306732510438137839347004278e-01, 6.19597689764504588635574339291118539485e+00, 9.56152780289377652256571928621289815285e-01, -2.7025389723874381e-01, -1.2528076050493671e-01
0.89000000, 1.87067649946669162555665210663053155750e+00, -1.72105941112596141292507170020383795218e+00, 4.06044571699376421850301911035174803738e+01, -1.58180694700910265682366025524720294224e-01, 6.19608836908849040126150016688411964656e+00, 9.55953855868628342601940019797551706779e-01, -2.6979283674948047e-01, -1.2501758504707019e-01
0.89100000, 1.87037311485065179553133090795182828958e+00, -1.72093727998742161684184758471836606452e+00, 4.06050506129592087814902719292639785478e+01, -1.57931519318891406121415564624204989479e-01, 6.19619961602182218843385369095043320487e+00, 9.55755016808053189292335395920570576231e-01, -2.6933254693138479e-01, -1.2475541578231807e-01
0.89200000, 1.87006992475845146283065886328432706582e+00, -1.72081498096852135031142642719773171596e+00, 4.06056439437803226134711075684473297643e+01, -1.57681530148668024221948591068193228667e-01, 6.19631063859212064987299650893432383994e+00, 9.55556262854276039792201006343242237046e-01, -2.6887302628282327e-01, -1.2449424858663669e-01
0.89300000, 1.86976692874942135825011676221475701938e+00, -1.72069251401114096695357453452981406509e+00, 4.06062371623069899524658178431904181193e+01, -1.57430727730501930035186707205465274460e-01, 6.19642143694651246643758805153628470505e+00, 9.55357593753564241615976472450546185011e-01, -2.6841427330328110e-01, -1.2423407935129871e-01
0.89400000, 1.86946412638235184281397389162617325208e+00, -1.72056987905739283386230788625004037260e+00, 4.06068302684440770967322620460988513631e+01, -1.57179112605503386631784951329775348287e-01, 6.19653201123217499038416838030299123528e+00, 9.55159009251828551570919055506274208892e-01, -2.6795628649338427e-01, -1.2397490398282785e-01
0.89500000, 1.86916151721549140257268333470340839757e+00, -1.72044707604962568805362752256409875246e+00, 4.06074232620953146941008069269579850587e+01, -1.56926685315635624066868040699637808830e-01, 6.19664236159633964544890500651540815928e+00, 9.54960509094623058322457221010906188423e-01, -2.6749906435492149e-01, -1.2371671840293407e-01
0.89600000, 1.86885910080654516009728659732876871153e+00, -1.72032410493042901071994138669878440707e+00, 4.06080161431633020899804450256437534000e+01, -1.56673446403719353794805846208300246814e-01, 6.19675248818629533444232793991097894254e+00, 9.54762093027145118390426781315805379313e-01, -2.6704260539086596e-01, -1.2345951854844895e-01
0.89700000, 1.86855687671267340283895461408964846798e+00, -1.72020096564263741928611011183046478264e+00, 4.06086089115495117006876885572559803528e+01, -1.56419396413437283379529417956162511931e-01, 6.19686239114939185432677749783199665513e+00, 9.54563760794235305684843007005141468602e-01, -2.6658690810539699e-01, -1.2320330037126140e-01
0.89800000, 1.86825484449049012852259925112217002443e+00, -1.72007765812933507726084448255715023320e+00, 4.06092015671542934122221862417084980674e+01, -1.56164535889338631344708693613556507687e-01, 6.19697207063304331874535141822034846844e+00, 9.54365512140377374690160102053268121803e-01, -2.6613197100392138e-01, -1.2294805983825367e-01
0.89900000, 1.86795300369606160774429154660600546437e+00, -1.71995418233386012187595971729981844985e+00, 4.06097941098768790046125189739432198177e+01, -1.55908865376843642006628074628559425289e-01, 6.19708152678473158797019247064627916199e+00, 9.54167346809698237407261938655974460989e-01, -2.6567779259309473e-01, -1.2269379293123769e-01
0.90000000, 1.86765135388490496394301996836391117691e+00, -1.71983053819980910950475627399355362070e+00, 4.06103865396153866019551249263074503111e+01, -1.55652385422248100131106439848346595422e-01, 6.19719075975200970623700505003928186807e+00, 9.53969264545967954162714844913917185632e-01, -2.6522437138084251e-01, -1.2244049564689165e-01
0.90100000, 1.86734989461198677091811377681737432281e+00, -1.71970672567104147884954854097245099037e+00, 4.06109788562668251482687854352058309675e+01, -1.55395096572727845254313974638241483640e-01, 6.19729976968250534643172917075709461261e+00, 9.53771265092599738395094431546614957637e-01, -2.6477170587638098e-01, -1.2218816399669688e-01
0.90200000, 1.86704862543172166806444301427528612423e+00, -1.71958274469168403188710150326167868888e+00, 4.06115710597270989092865697237195774593e+01, -1.55136999376343285505839520606990848387e-01, 6.19740855672392426209433285787385856853e+00, 9.53573348192649975528473831208678200862e-01, -2.6431979459023800e-01, -1.2193679400687511e-01
0.90300000, 1.86674754589797099349828755061270164279e+00, -1.71945859520613543255946123797087523958e+00, 4.06121631498910120003065890243540443869e+01, -1.54878094382043910770859092952205805955e-01, 6.19751712102405374670370916291068263268e+00, 9.53375513588818256043430203787604898387e-01, -2.6386863603427362e-01, -1.2168638171832593e-01
0.90400000, 1.86644665556404143524754285192045656368e+00, -1.71933427715907072319637785877173225742e+00, 4.06127551266522729402223488653985526999e+01, -1.54618382139672805026748867477238822023e-01, 6.19762546273076610020668191853591809161e+00, 9.53177761023447422856189830660074174442e-01, -2.6341822872170048e-01, -1.2143692318656454e-01
0.90500000, 1.86614595398268370068069955242802039958e+00, -1.71920979049544585865421926743063089883e+00, 4.06133469899034992318529120446376233215e+01, -1.54357863199971157687974407642429033165e-01, 6.19773358199202210275313489795278526680e+00, 9.52980090238523633116789477007755581350e-01, -2.6296857116710419e-01, -1.2118841448165990e-01
0.90600000, 1.86584544070609120434979734934494553597e+00, -1.71908513516050225815496075022478408880e+00, 4.06139387395362219686924940095497064003e+01, -1.54096538114582773791572285646449836702e-01, 6.19784147895587449559828226776750559581e+00, 9.52782500975676434537382840048491216496e-01, -2.6251966188646338e-01, -1.2094085168817305e-01
0.90700000, 1.86554511528589877442331105232729724651e+00, -1.71896031109977137480750905027043034899e+00, 4.06145303754408904681985068680308491803e+01, -1.53834407436058582854020654451326992299e-01, 6.19794915377047146913209412718003401644e+00, 9.52584992976178856362065717903290394618e-01, -2.6207149939716969e-01, -1.2069423090509579e-01
0.90800000, 1.86524497727318137788567764982877607768e+00, -1.71883531825907928279228002613402559572e+00, 4.06151218975068769317364479426243299330e+01, -1.53571471717861146228771855761087242132e-01, 6.19805660658406015799487952155438883837e+00, 9.52387565980947515089831923654844340878e-01, -2.6162408221804763e-01, -1.2044854824578963e-01
0.90900000, 1.86494502621845286468091784809840773294e+00, -1.71871015658455128218859634673299633033e+00, 4.06157133056224811312993935289583178109e+01, -1.53307731514369162792192910074485819408e-01, 6.19816383754499014323701061611819199419e+00, 9.52190219730542735062503826209580191193e-01, -2.6117740886937416e-01, -1.2020379983792499e-01
0.91000000, 1.86464526167166473097854353818152511686e+00, -1.71858482602261652142310584798787601126e+00, 4.06163045996749351231192082005472752144e+01, -1.53043187380881972784128838846617471572e-01, 6.19827084680171696147974572815731359099e+00, 9.51992953965168684029706617500110440534e-01, -2.6073147787289828e-01, -1.1995998182342081e-01
0.91100000, 1.86434568318220490174067389380482399031e+00, -1.71845932652001263731604216488902342462e+00, 4.06168957795504079882859144924971274605e+01, -1.52777839873624059627769327268489604983e-01, 6.19837763450280562103307565720661887679e+00, 9.51795768424673523803173877410845158582e-01, -2.6028628775186034e-01, -1.1971709035838426e-01
0.91200000, 1.86404629029889653277000713901443091941e+00, -1.71833365802379041270075703193981759379e+00, 4.06174868451340106004909869714332804153e+01, -1.52511689549749549551961362942025597129e-01, 6.19848420079693412492547723715113884106e+00, 9.51598662848549576112883626042327728166e-01, -2.5984183703101124e-01, -1.1947512161305093e-01
0.91300000, 1.86374708256999683241901228812748491516e+00, -1.71820782048131845159054819513496048080e+00, 4.06180777963098004210096384338980810100e+01, -1.52244736967346708837569296514503458701e-01, 6.19859054583289700079941027778221592090e+00, 9.51401636975933503777728709437033852033e-01, -2.5939812423663150e-01, -1.1923407177172513e-01
0.91400000, 1.86344805954319590314141518990280558010e+00, -1.71808181384028787186538818100246662522e+00, 4.06186686329607863210364541466074865359e+01, -1.51976982685442438507939382866484611961e-01, 6.19869666975960883762533908333336855084e+00, 9.51204690545606507303622950988822342899e-01, -2.5895514789655016e-01, -1.1899393703272063e-01
0.91500000, 1.86314922076561560306775583950243923139e+00, -1.71795563804871701544972720555574433324e+00, 4.06192593549689334314880025257204233489e+01, -1.51708427264006766281978395458850392024e-01, 6.19880257272610782918599755019328470264e+00, 9.51007823295994537022134907207146727471e-01, -2.5851290654016352e-01, -1.1875471360830156e-01
0.91600000, 1.86285056578380842778748899119550674009e+00, -1.71782929305495617595109826256720609643e+00, 4.06198499622151680203853073254256793208e+01, -1.51439071263957335606805483699379981725e-01, 6.19890825488155932428154747492556847346e+00, 9.50811034965168520882924183511239110878e-01, -2.5807139869845376e-01, -1.1851639772462366e-01
0.91700000, 1.86255209414375641252078744597316954431e+00, -1.71770277880769234372779389223636317099e+00, 4.06204404545793823979283071458443683205e+01, -1.51168915247163891585383187483748811672e-01, 6.19901371637525938360520316772337390440e+00, 9.50614325290844608013430982952426841471e-01, -2.5763062290400740e-01, -1.1827898562167578e-01
0.91800000, 1.86225380539087005486388683416292797207e+00, -1.71757609525595396835241228550797855256e+00, 4.06210308319404398493736527540474731118e+01, -1.50897959776452763612977560241597188599e-01, 6.19911895735663834323781178755341158686e+00, 9.50417694010384428159437767335862457872e-01, -2.5719057769103360e-01, -1.1804247355322170e-01
0.91900000, 1.86195569906998725829248209536419732009e+00, -1.71744924234911573843658521502503576150e+00, 4.06216210941761795958264012179019370440e+01, -1.50626205415611344534738809772897226243e-01, 6.19922397797526438470878801682947213263e+00, 9.50221140860795367120282494745187165870e-01, -2.5675126159538237e-01, -1.1780685778674215e-01
0.92000000, 1.86165777472537229660834900694414521219e+00, -1.71732222003690337878070179162894041283e+00, 4.06222112411634217830553580589530782300e+01, -1.50353652729392566135132874856741196464e-01, 6.19932877838084711156970380011708767111e+00, 9.50024665578730858292655748061809806648e-01, -2.5631267315456253e-01, -1.1757213460337721e-01
0.92100000, 1.86136003190071479951501885706767489899e+00, -1.71719502826939846481093021774957740300e+00, 4.06228012727779724984409944165833799612e+01, -1.50080302283519370768391047093432387545e-01, 6.19943335872324113242572890902492650291e+00, 9.49828267900490690437059073309715748566e-01, -2.5587481090775967e-01, -1.1733830029786892e-01
0.92200000, 1.86106247013912875950898052669766445845e+00, -1.71706766699704325426431453994262867670e+00, 4.06233911888946288161640254607318998753e+01, -1.49806154644689178937579255826736515825e-01, 6.19953771915244965036900609131694662121e+00, 9.49631947562021331781138891651279814360e-01, -2.5543767339585384e-01, -1.1710535117850416e-01
0.92300000, 1.86076508898315156027352166388519635555e+00, -1.71694013617064553608118488791679927224e+00, 4.06239809893871838707418788745316929301e+01, -1.49531210380578352628321095507042890497e-01, 6.19964185981862805875692554494456627775e+00, 9.49435704298916270574239321233838926069e-01, -2.5500125916143717e-01, -1.1687328356705786e-01
0.92400000, 1.86046788797474302676294912846332564277e+00, -1.71681243574138349646256782406502302090e+00, 4.06245706741284319590194080319120936971e+01, -1.49255470059846654201639227823303548576e-01, 6.19974578087208754327713745705796497377e+00, 9.49239537846416372207638030996618906015e-01, -2.5456556674883134e-01, -1.1664209379873642e-01
0.92500000, 1.86017086665528449716554828025594108772e+00, -1.71668456566081060204871821494294478740e+00, 4.06251602429901736707193133997035482250e+01, -1.48978934252141700648808575790920532280e-01, 6.19984948246329869024000839537847489721e+00, 9.49043447939410253015041733691858044078e-01, -2.5413059470410490e-01, -1.1641177822212148e-01
0.92600000, 1.85987402456557791693425080222558592446e+00, -1.71655652588086050017331547527866786118e+00, 4.06257496958432210476568275808855927663e+01, -1.48701603528103413009541886295592922057e-01, 6.19995296474289510103808746724382816307e+00, 9.48847434312434670868021995006349160834e-01, -2.5369634157509046e-01, -1.1618233319911387e-01
0.92700000, 1.85957736124584495507458141354825339995e+00, -1.71642831635385193614627512871183754620e+00, 4.06263390325574027717222941677979209504e+01, -1.48423478459368460753253916051764841467e-01, 6.20005622786167701271100140420938035869e+00, 9.48651496699674932681167574610853277733e-01, -2.5326280591140172e-01, -1.1595375510487791e-01
0.92800000, 1.85928087623572614288004485719581586233e+00, -1.71629993703249368751652138214407541376e+00, 4.06269282530015693817343280745368045637e+01, -1.48144559618574700921574840370088871608e-01, 6.20015927197061492455304412274154681773e+00, 9.48455634834965318941816407615053381452e-01, -2.5282998626445044e-01, -1.1572604032778595e-01
0.92900000, 1.85898456907428003530569576185580141853e+00, -1.71617138786988951526444782879394884792e+00, 4.06275173570435985192652851502419292745e+01, -1.47864847579365611828706643519630401213e-01, 6.20026209722085323069956589113535827316e+00, 9.48259848451789525379308465257151072297e-01, -2.5239788118746315e-01, -1.1549918526936317e-01
0.93000000, 1.85868843929998239517120519741542019495e+00, -1.71604266881954313187216148713272761046e+00, 4.06281063445504002035397915241395272863e+01, -1.47584342916394721114638374950463118858e-01, 6.20036470376371385862710003762256854834e+00, 9.48064137283281121888769985307177142308e-01, -2.5196648923549784e-01, -1.1527318634423266e-01
0.93100000, 1.85839248645072540038529878415055820060e+00, -1.71591377983536318621796015909058077758e+00, 4.06286952153879221355060881844135735865e+01, -1.47303046205330027944657400505947953111e-01, 6.20046709175069991350099120445682212356e+00, 9.47868501062224028824499818827247379231e-01, -2.5153580896546047e-01, -1.1504803998006080e-01
0.93200000, 1.85809671006381687438399189444956726542e+00, -1.71578472087166826523983456346532046596e+00, 4.06292839694211550311789336323940383669e+01, -1.47020958022858419147014297465523004685e-01, 6.20056926133349932830310852877993743642e+00, 9.47672939521053010778079783457899024242e-01, -2.5110583893612133e-01, -1.1482374261750281e-01
0.93300000, 1.85780110967597953997558761752875099984e+00, -1.71565549188319191231111488350285502933e+00, 4.06298726065141379843517769681753394281e+01, -1.46738078946690079079018994458242136544e-01, 6.20067121266398851967103985598032513868e+00, 9.47477452391854187956372826780577626458e-01, -2.5067657770813133e-01, -1.1460029071014872e-01
0.93400000, 1.85750568482335029678593255624241005998e+00, -1.71552609282508766226969627730915422212e+00, 4.06304611265299638587748653414644932111e+01, -1.46454409555562893010265301796790275383e-01, 6.20077294589423604937896920923763499699e+00, 9.47282039406365565274605368695461358118e-01, -2.5024802384403808e-01, -1.1437768072446943e-01
0.93500000, 1.85721043504147952249794400376906483487e+00, -1.71539652365293409304057955427678761431e+00, 4.06310495293307847098948832309526976949e+01, -1.46169950429246843810100276611797334767e-01, 6.20087446117650629138923929570303564289e+00, 9.47086700295977579279753290978554905426e-01, -2.4982017590830189e-01, -1.1415590913976320e-01
0.93600000, 1.85691535986533039807992941862903691833e+00, -1.71526678432273989378975164029071935680e+00, 4.06316378147778172362506363864732872473e+01, -1.45884702148548401724874084521574835708e-01, 6.20097575866326310440239387251224512611e+00, 9.46891434791733663019464556758814816569e-01, -2.4939303246731164e-01, -1.1393497244810228e-01
0.93700000, 1.85662045882927825719771519008267335449e+00, -1.71513687479094894954570566141715487086e+00, 4.06322259827313482606181903712730189649e+01, -1.45598665295314907028925321857022705315e-01, 6.20107683850717350983228137332730223427e+00, 9.46696242624330828971755253805468899843e-01, -2.4896659208940052e-01, -1.1371486715427986e-01
0.93800000, 1.85632573146710996000608627237863372186e+00, -1.71500679501444544222316249447503984773e+00, 4.06328140330507402409977523684867128205e+01, -1.45311840452438945331676318284101479651e-01, 6.20117770086111137513158135866491535979e+00, 9.46501123524120270150709844177494603000e-01, -2.4854085334486161e-01, -1.1349558977575727e-01
0.93900000, 1.85603117731202329151551117446959218200e+00, -1.71487654495055896798180448986828488115e+00, 4.06334019655944368115334451589879469444e+01, -1.45024228203862715321632919844961137619e-01, 6.20127834587816110239188915277332247659e+00, 9.46306077221107979503400449636215384564e-01, -2.4811581480596341e-01, -1.1327713684261146e-01
0.94000000, 1.85573679589662638473058782960343130825e+00, -1.71474612455706967085106779599738357755e+00, 4.06339897802199683534559638308599782777e+01, -1.44735829134582388726503830005278891290e-01, 6.20137877371162132214126151972699212005e+00, 9.46111103444955387713213987683825703092e-01, -2.4769147504696511e-01, -1.1305950489748271e-01
0.94100000, 1.85544258675293716875709484357718239975e+00, -1.71461553379221339255026233633144015627e+00, 4.06345774767839575961369287385416556079e+01, -1.44446643830652462267075936499000688827e-01, 6.20147898451500859226088746677624496648e+00, 9.45916201924980019524739777358124828487e-01, -2.4726783264413193e-01, -1.1284269049552261e-01
0.94200000, 1.85514854941238284207496933740282045120e+00, -1.71448477261468683843149804287222699772e+00, 4.06351650551421252483425523881171846182e+01, -1.44156672879190101380904352073254228062e-01, 6.20157897844206110194130330048417573277e+00, 9.45721372390156168705323736963205324043e-01, -2.4684488617575013e-01, -1.1262669020434233e-01
0.94300000, 1.85485468340579937117495686473970486778e+00, -1.71435384098365275947109246858080316183e+00, 4.06357525151492956597730231812477567826e+01, -1.43865916868379475490299327351040915760e-01, 6.20167875564674238059731995909748921383e+00, 9.45526614569115591758338377524127999245e-01, -2.4642263422214205e-01, -1.1241150060396107e-01
0.94400000, 1.85456098826343101475709050084490007079e+00, -1.71422273885874515023331842392469341076e+00, 4.06363398566594025129727752020794881012e+01, -1.43574376387476084587516935870209579158e-01, 6.20177831628324501165957346286054504816e+00, 9.45331928190148220503150335515126911109e-01, -2.4600107536568095e-01, -1.1219711828675487e-01
0.94500000, 1.85426746351492987368955497123184536755e+00, -1.71409146620007446272852084888673384724e+00, 4.06369270795254945456955603785124682511e+01, -1.43282052026811076908486669076880140634e-01, 6.20187766050599435115934612417451209566e+00, 9.45137312981202893636689065755055427885e-01, -2.4558020819080576e-01, -1.1198353985740559e-01
0.94600000, 1.85397410868935546692687741708681167960e+00, -1.71396002296823283608578978371593441331e+00, 4.06375141835997413038069672921350993298e+01, -1.42988944377795557464836999034630649547e-01, 6.20197678846965225102203700487323641460e+00, 9.44942768669888107391431409572813672953e-01, -2.4516003128403569e-01, -1.1177076193285020e-01
0.94700000, 1.85368092331517433358675888229342739678e+00, -1.71382840912429934195852108389655806217e+00, 4.06381011687334389248057395518542123454e+01, -1.42695054032924887202409757475752511005e-01, 6.20207570032912078698338506336070091652e+00, 9.44748294983472785404516943572433604582e-01, -2.4474054323398474e-01, -1.1155878114223028e-01
0.94800000, 1.85338790692025966138521965434640661310e+00, -1.71369662462984524557932848413100766695e+00, 4.06386880347770159520439358880400212322e+01, -1.42400381585782972552886032420984661244e-01, 6.20217439623954599104126756655106637642e+00, 9.44553891648887067912598179614597187580e-01, -2.4432174263137605e-01, -1.1134759412684183e-01
0.94900000, 1.85309505903189094163007699837186364083e+00, -1.71356466944693928237888980183489315162e+00, 4.06392747815800391797246438714634718680e+01, -1.42104927631046545143580391018349077690e-01, 6.20227287635632158835460971879665459098e+00, 9.44359558392723120386907705928779447624e-01, -2.4390362806905623e-01, -1.1113719754008528e-01
0.95000000, 1.85280237917675365097310538899767853074e+00, -1.71343254353815295008141653440796422156e+00, 4.06398614089912195287546093204271460061e+01, -1.41808692764489431428896794825132070618e-01, 6.20237114083509273849964915232667420526e+00, 9.44165294941235961722891111454991117914e-01, -2.4348619814200942e-01, -1.1092758804741575e-01
0.95100000, 1.85250986688093896012154686724903071828e+00, -1.71330024686656581618752990049718250845e+00, 4.06404479168584179535277739376977403621e+01, -1.41511677582986812005378779040858427186e-01, 6.20246918983175978099250100292728886956e+00, 9.43971101020344312098609899409502213885e-01, -2.4306945144737138e-01, -1.1071876232629365e-01
0.95200000, 1.85221752166994346970994242655127079505e+00, -1.71316777939577084075340756020464972257e+00, 4.06410343050286513797143244250151176903e+01, -1.41213882684519470370728519990030578887e-01, 6.20256702350248198498566583419451070760e+00, 9.43776976355631460615962450464049595928e-01, -2.4265338658444335e-01, -1.1051071706613539e-01
0.95300000, 1.85192534306866897353354416015195315901e+00, -1.71303514108987971437313388180796543504e+00, 4.06416205733480986731284471674515816425e+01, -1.40915308668178030885614517482819436830e-01, 6.20266464200368130304481374896633266855e+00, 9.43582920672346152838603319597735815693e-01, -2.4223800215470591e-01, -1.1030344896826447e-01
0.95400000, 1.85163333060142224934484207797446689582e+00, -1.71290233191352821126924276467245362056e+00, 4.06422067216621066397465534746278883874e+01, -1.40615956134167185695535974814382000064e-01, 6.20276204549204612891086371454134358521e+00, 9.43388933695403498340261622406014228031e-01, -2.4182329676183258e-01, -1.1009695474586272e-01
0.95500000, 1.85134148379191487741499881956110747780e+00, -1.71276935183188155739448574381215188121e+00, 4.06427927498151960569462912242295908090e+01, -1.40315825683809910368463775594970468492e-01, 6.20285923412453505915105750785303326876e+00, 9.43195015149385898376967865239334716388e-01, -2.4140926901170346e-01, -1.0989123112392187e-01
0.95600000, 1.85104980216326308706222974617774257922e+00, -1.71263620081063981344588945774391216674e+00, 4.06433786576510677360351894904828955067e+01, -1.40014917919551668002433442058407683766e-01, 6.20295620805838065860140283852303379568e+00, 9.43001164758543993796495177850201396713e-01, -2.4099591751241864e-01, -1.0968627483919530e-01
0.95700000, 1.85075828523798763134939488353517932662e+00, -1.71250287881604327269018562722238431296e+00, 4.06439644450126086161362932729588711221e+01, -1.39713233444964601555724824926912564322e-01, 6.20305296745109322950153021410146462457e+00, 9.42807382246797633298105396175279548334e-01, -2.4058324087431153e-01, -1.0948208264015008e-01
0.95800000, 1.85046693253801369015328270053515578164e+00, -1.71236938581487787349770354011616980411e+00, 4.06445501117418978894966356876727176759e+01, -1.39410772864751714150726733489580830555e-01, 6.20314951246046458422167305707700659245e+00, 9.42613667337736862155462695482725040425e-01, -2.4017123770996213e-01, -1.0927865128691924e-01
0.95900000, 1.85017574358467080180826354200063511357e+00, -1.71223572177448062647980974171279596820e+00, 4.06451356576802131582828648630411119899e+01, -1.39107536784751037101052481672989782964e-01, 6.20324584324457182148014055349362100383e+00, 9.42420019754622931515337369500109320719e-01, -2.3975990663421010e-01, -1.0907597755125426e-01
0.96000000, 1.84988471789869282352717247698462171837e+00, -1.71210188666274505612296226742607797120e+00, 4.06457210826680366229267922197194402846e+01, -1.38803525811939785409944619153019628261e-01, 6.20334195996178110594830779617850805386e+00, 9.42226439220389328384469768565422539224e-01, -2.3934924626416781e-01, -1.0887405821647787e-01
0.96100000, 1.84959385500021792080244717093508907959e+00, -1.71196788044812665681041740623074713901e+00, 4.06463063865450613020820577293178913490e+01, -1.38498740554438500486484155794537727420e-01, 6.20343786277075145113879807145518899352e+00, 9.42032925457642826416699228729612349812e-01, -2.3893925521923318e-01, -1.0867289007743702e-01
0.96200000, 1.84930315440878858599069593120201709943e+00, -1.71183370309964836312058573090092016787e+00, 4.06468915691501972842515160679768180511e+01, -1.38193181621515179824601594932039905220e-01, 6.20353355183043850547117771844061325783e+00, 9.41839478188664557612184923680417031078e-01, -2.3852993212110251e-01, -1.0847246994045613e-01
0.96300000, 1.84901261564335168628400410212084823255e+00, -1.71169935458690603428898106076905898070e+00, 4.06474766303215780111433352341218493701e+01, -1.37886849623589393388374290440257578999e-01, 6.20362902730009834140812495813695015265e+00, 9.41646097135411105040254832152956831594e-01, -2.3812127559378313e-01, -1.0827279462329060e-01
0.96400000, 1.84872223822225854127140328877744167429e+00, -1.71156483488007395271864122251619959663e+00, 4.06480615698965665928121661146794275230e+01, -1.37579745172236386445587260601884103993e-01, 6.20372428933929124755367054094593918041e+00, 9.41452782019515616697115315167781874635e-01, -2.3771328426360597e-01, -1.0807386095508050e-01
0.96500000, 1.84843202166326503029402725773264195377e+00, -1.71143014394991033642182303552025656084e+00, 4.06486463877117621546400875918212009762e+01, -1.37271868880191168590032857057941017316e-01, 6.20381933810788552360374009327333896927e+00, 9.41259532562288940609337020266756888047e-01, -2.3730595675923803e-01, -1.0787566577630457e-01
0.96600000, 1.84814196548353172979756058826704941015e+00, -1.71129528176776286527368596442145373551e+00, 4.06492310836030062162103570161135001110e+01, -1.36963221361352588691528830400607081403e-01, 6.20391417376606127803785575577876489839e+00, 9.41066348484720781293702854450066828705e-01, -2.3689929171169472e-01, -1.0767820593873439e-01
0.96700000, 1.84785206919962408088565101856365338175e+00, -1.71116024830557422095657944955727529652e+00, 4.06498156574053891021253001669927246529e+01, -1.36653803230787395511144588183936013453e-01, 6.20400879647431422843947819870643655645e+00, 9.40873229507480877683660474600762056827e-01, -2.3649328775435211e-01, -1.0748147830538888e-01
0.96800000, 1.84756233232751258727800373683201857762e+00, -1.71102504353588764047143814539310565972e+00, 4.06504001089532563848179581150493906799e+01, -1.36343615104734283717642041391182198033e-01, 6.20410320639345950433108947667811808302e+00, 9.40680175350920202632265014986564182867e-01, -2.3608794352295906e-01, -1.0728547975048891e-01
0.96900000, 1.84727275438257304387690539656796809375e+00, -1.71088966743185248309066727054638025717e+00, 4.06509844380802153594053706320667122754e+01, -1.36032657600607925039660618966650442972e-01, 6.20419740368463545240873255135217675374e+00, 9.40487185735072184101127487469997418686e-01, -2.3568325765564927e-01, -1.0709020715941230e-01
0.97000000, 1.84698333487958679614593717656563399413e+00, -1.71075411996722981062476710591059323907e+00, 4.06515686446191415506296169056510211705e+01, -1.35720931337002984286706036295343556485e-01, 6.20429138850930744405933477241125375783e+00, 9.40294260379653948144500333228426481948e-01, -2.3527922879295318e-01, -1.0689565742864889e-01
0.97100000, 1.84669407333274103050462954836879961255e+00, -1.71061840111639798087280147811463495594e+00, 4.06521527284021852519309542493213409954e+01, -1.35408436933698119970539474027138665541e-01, 6.20438516102927168504275027435141903563e+00, 9.40101399004067583797233857375294278410e-01, -2.3487585557780982e-01, -1.0670182746575602e-01
0.97200000, 1.84640496925562909594278634479945056677e+00, -1.71048251085435825412465994545407560775e+00, 4.06527366892607780966955942020276636111e+01, -1.35095175011659969257108202046442946484e-01, 6.20447872140665902721906022938946794592e+00, 9.39908601327401429974925622597622214486e-01, -2.3447313665557852e-01, -1.0650871418931407e-01
0.97300000, 1.84611602216125085705816203112046962405e+00, -1.71034644915674041258089747684595266190e+00, 4.06533205270256396617188328314392210313e+01, -1.34781146193047116977710615445094106975e-01, 6.20457206980393878220027030833813519176e+00, 9.39715867068431384494159197948618894159e-01, -2.3407107067405052e-01, -1.0631631452888238e-01
0.97400000, 1.84582723156201307872111355325126884935e+00, -1.71021021599980839255375879864192174316e+00, 4.06539042415267841029224081434867387336e+01, -1.34466351101214048426648382924519897242e-01, 6.20466520638392253680414165636003382500e+00, 9.39523195945622235320288837901654728322e-01, -2.3366965628346048e-01, -1.0612462542495532e-01
0.97500000, 1.84553859696972984256976656315740058129e+00, -1.71007381136046592931080739967577589890e+00, 4.06544878325935268233630922094024724114e+01, -1.34150790360715085671186193075924967328e-01, 6.20475813130976797018648530592936852195e+00, 9.39330587677129014149772588831049240037e-01, -2.3326889213649793e-01, -1.0593364382891861e-01
0.97600000, 1.84525011789562299553913498793366593238e+00, -1.70993723521626221442038155516657571600e+00, 4.06550713000544911735676389061104454048e+01, -1.33834464597308307098215672478438817289e-01, 6.20485084474498267252684034393369163724e+00, 9.39138041980798372433587869915945743168e-01, -2.3286877688831850e-01, -1.0574336670300587e-01
0.97700000, 1.84496179385032263062751260404517848869e+00, -1.70980048754539756545589178157252834628e+00, 4.06556546437376151842272999839347706255e+01, -1.33517374437959449920604695585453806050e-01, 6.20494334685342796514104344446987964950e+00, 9.38945558574169979947780638305072548147e-01, -2.3246930919655522e-01, -1.0555379102025545e-01
0.97800000, 1.84467362434386760010331528956352159892e+00, -1.70966356832672910791375599681742950316e+00, 4.06562378634701583312831924873416910121e+01, -1.33199520510845795364806766051680149617e-01, 6.20503563779932272189278169637592746986e+00, 9.38753137174477946016701710058452865821e-01, -2.3207048772132954e-01, -1.0536491376446738e-01
0.97900000, 1.84438560888570606135539274298509024462e+00, -1.70952647753977646919754046623553941691e+00, 4.06568209590787083334318493224449346122e+01, -1.32880903445360036259907680627474552720e-01, 6.20512771774724719177480211975987632556e+00, 9.38560777498652263493971555338241497729e-01, -2.3167231112526242e-01, -1.0517673193016068e-01
0.98000000, 1.84409774698469605558964846540146593746e+00, -1.70938921516472748451863649998787200360e+00, 4.06574039303891879820783119544678006144e+01, -1.32561523872114126746898550163399416053e-01, 6.20521958686214682252903000563250402968e+00, 9.38368479263320275605687805639409574419e-01, -2.3127477807348517e-01, -1.0498924252253077e-01
0.98100000, 1.84381003814910611957460649160707293687e+00, -1.70925178118244391456155497164002847190e+00, 4.06579867772268620037621297970437550866e+01, -1.32241382422943113825585709771688556609e-01, 6.20531124530933608517342435614733971483e+00, 9.38176242184808165759847690288688123002e-01, -2.3087788723365028e-01, -1.0480244255740724e-01
0.98200000, 1.84352248188661593063834251356039895231e+00, -1.70911417557446717475966319228711820524e+00, 4.06585694994163439550796147935573504186e+01, -1.31920479730908950455179365904328966710e-01, 6.20540269325450229930197238086476373282e+00, 9.37984065979142470425400547454860626543e-01, -2.3048163727594214e-01, -1.0461632906121172e-01
0.98300000, 1.84323507770431698511895545506727978292e+00, -1.70897639832302407602492164549396128295e+00, 4.06591520967816031501236619617600568691e+01, -1.31598816430304289923244268110931057308e-01, 6.20549393086370945902279634989523772730e+00, 9.37791950362051615183773320693404254571e-01, -2.3008602687308764e-01, -1.0443089907091606e-01
0.98400000, 1.84294782510871331047049301849619128131e+00, -1.70883844941103257677290171403757218440e+00, 4.06597345691459716204603872524376711907e+01, -1.31276393156656261196347525555082843124e-01, 6.20558495830340205939791525279828796996e+00, 9.37599895048967474055124445541818664378e-01, -2.2969105470036668e-01, -1.0424614963400074e-01
0.98500000, 1.84266072360572221122596102193720220507e+00, -1.70870032882210754608207996188151711199e+00, 4.06603169163321511076597529395110292666e+01, -1.30953210546730224964401182938330350607e-01, 6.20567577574040892324677079983119593662e+00, 9.37407899755026952200978642626759242737e-01, -2.2929671943562259e-01, -1.0406207780841340e-01
0.98600000, 1.84237377270067504901874126799328680353e+00, -1.70856203654056653782410992912286605047e+00, 4.06608991381622200883952478939722775115e+01, -1.30629269238533510089370599150424270457e-01, 6.20576638334194702817419246872565052428e+00, 9.37215964195073592104276755698262036833e-01, -2.2890301975927244e-01, -1.0387868066252774e-01
0.98700000, 1.84208697189831805686341602324575748256e+00, -1.70842357255143557559946891225197694201e+00, 4.06614812344576408321255654816879504031e+01, -1.30304569871319130167704308457749757720e-01, 6.20585678127562533368203968685600424709e+00, 9.37024088083659203327240797378225960854e-01, -2.2850995435431727e-01, -1.0369595527510254e-01
0.98800000, 1.84180032070281318789664873069307354519e+00, -1.70828493684045494831056499866578341209e+00, 4.06620632050392664913690754524128322247e+01, -1.29979113085589479914537163942880584305e-01, 6.20594696970944860822232098875004374539e+00, 9.36832271135045515946804685489278064699e-01, -2.2811752190635221e-01, -1.0351389873524094e-01
0.98900000, 1.84151381861773899877840011692303219029e+00, -1.70814612939408501620206886799896666883e+00, 4.06626450497273482245797180443543784126e+01, -1.29652899523100011076426443638113058049e-01, 6.20603694881182125604815024775319635781e+00, 9.36640513063205857766695662817594550364e-01, -2.2772572110357651e-01, -1.0333250814234993e-01
0.99000000, 1.84122746514609156795336618275478020085e+00, -1.70800715019951202719590573183327257151e+00, 4.06632267683415423516307586082715155135e+01, -1.29325929826862887578100520590179390448e-01, 6.20612671875155114371745899573379569461e+00, 9.36448813581826855404569988203865066235e-01, -2.2733455063680349e-01, -1.0315178060610007e-01
0.99100000, 1.84094125979028544897210947244897566220e+00, -1.70786799924465394334600542940498451294e+00, 4.06638083607009175419106293533567606247e+01, -1.28998204641150619607431939978559304081e-01, 6.20621627969785342610294156553007065377e+00, 9.36257172404310159351909063069843287545e-01, -2.2694400919947032e-01, -1.0297171324638544e-01
0.99200000, 1.84065520205215465907091729480318111425e+00, -1.70772867651816627723556330510448562494e+00, 4.06643898266239620350328513330590814975e+01, -1.28669724611499676341591592179036816087e-01, 6.20630563182035437176026646898648210789e+00, 9.36065589243774193103668611999868134905e-01, -2.2655409548764786e-01, -1.0279230319328378e-01
0.99300000, 1.84036929143295370320896001264302056362e+00, -1.70758918200944793813721124227418272128e+00, 4.06649711659285908941597745246702661163e+01, -1.28340490384714077016098404852266937511e-01, 6.20639477528909518750514321258523328379e+00, 9.35874063813055926453943766972028525511e-01, -2.2616480820005023e-01, -1.0261354758701685e-01
0.99400000, 1.84008352743335863376083891919739524895e+00, -1.70744951570864708775413729887485193257e+00, 4.06655523784321532919375968171662775470e+01, -1.28010502608868960037249885995075312530e-01, 6.20648371027453584204838880860669959580e+00, 9.35682595824712673053166811507859980312e-01, -2.2577614603804439e-01, -1.0243544357791107e-01
0.99500000, 1.83979790955346814606210637515538071011e+00, -1.70730967760666700535782396922188189573e+00, 4.06661334639514398290378239158883290252e+01, -1.27679761933314129837203221360618792579e-01, 6.20657243694755888853669272029077714536e+00, 9.35491184991023912321591823721658818272e-01, -2.2538810770565961e-01, -1.0225798832635829e-01
0.99600000, 1.83951243729280471000481058417460633553e+00, -1.70716966769517196213569937082511386876e+00, 4.06667144223026898852980116118037893248e+01, -1.27348269008677581169774753335489545899e-01, 6.20666095547947328584533304454305368583e+00, 9.35299831023993135813041417476017368562e-01, -2.2500069190959687e-01, -1.0208117900277683e-01
0.99700000, 1.83922711015031573787956343340817775905e+00, -1.70702948596659310455961281846252386666e+00, 4.06672952533015990034522895622000652443e+01, -1.27016024486869000543837835495041661753e-01, 6.20674926604201821846765054734140971503e+00, 9.35108533635349718122095121233697552506e-01, -2.2461389735923805e-01, -1.0190501278757272e-01
0.99800000, 1.83894192762437478866005201628014511503e+00, -1.70688913241413434658365649448551769500e+00, 4.06678759567633263054398017069303759262e+01, -1.26683029021083244490025560486277130442e-01, 6.20683736880736691484464088923882872858e+00, 9.34917292536550812427086558584780530551e-01, -2.2422772276665522e-01, -1.0172948687110116e-01
0.99900000, 1.83865688921278280892531258523506581759e+00, -1.70674860703177827047745845395418486373e+00, 4.06684565325025019412768127212848854808e+01, -1.26349283265803794355285993030674836939e-01, 6.20692526394813046397657917739726557686e+00, 9.34726107438783270760447407905635796914e-01, -2.2384216684661967e-01, -1.0155459845362819e-01
0.99930000, 1.83857140571645401606090952787419726418e+00, -1.70670641590943853235831161818696392735e+00, 4.06686306802905798156348668028716906925e+01, -1.26249013330773269419578857439745277549e-01, 6.20695159202942519209018830350643483749e+00, 9.34668762786443426365301357306532110843e-01, -2.2372662051994790e-01, -1.0150225582334912e-01
0.99960000, 1.83848593513158637340418433859977913520e+00, -1.70666420932180423499966631142015626562e+00, 4.06688048165618731945584293688395807614e+01, -1.26148675946427922845375626794308280347e-01, 6.20697790144475918481923173694173112312e+00, 9.34611423140370999600795737887923988709e-01, -2.2361112972377958e-01, -1.0144997024167187e-01
0.99990000, 1.83840047744459045446300616446626504550e+00, -1.70662198726875434592131556289942796111e+00, 4.06689789413113498003517217522582535951e+01, -1.26048271130506910189265431465952907216e-01, 6.20700419219881627941915945154781817332e+00, 9.34554088492753949658875180918174848023e-01, -2.2349569442355632e-01, -1.0139774163352260e-01
0.99993000, 1.83839193238475047686464251331649742336e+00, -1.70661776421284703154962418990140383003e+00, 4.06689963531524036724914427098636831200e+01, -1.26038226940861418318395545526680440074e-01, 6.20700682024803219538657862434242250800e+00, 9.34548355302606462699195897114796773925e-01, -2.2348415394448113e-01, -1.0139252190336374e-01
0.99996000, 1.83838338745373968336083173353328689682e+00, -1.70661354100228429887688645625192819262e+00, 4.06690137648781839775777672967240659832e+01, -1.26028182077095413210520642241716643923e-01, 6.20700944811068690347700501957506419750e+00, 9.34542622162357574018084313843037974218e-01, -2.2347261401998548e-01, -1.0138730274211519e-01
0.99999000, 1.83837484265154447691883307787393767652e+00, -1.70660931763706603748901824026661745183e+00, 4.06690311764886856765316692223558064405e+01, -1.26018136539226651365657907588720250889e-01, 6.20701207578678509351602498913090482927e+00, 9.34536889071999468032392953263289499188e-01, -2.2346107465003486e-01, -1.0138208414970203e-01
0.99999300, 1.83837398817840929006352692872934402056e+00, -1.70660889529203815303919865896241138199e+00, 4.06690329176433953290729856356367626707e+01, -1.26017131948364807217275346036599587812e-01, 6.20701233854413448459623935111865839899e+00, 9.34536315765707349575728545993671986843e-01, -2.2345992074353845e-01, -1.0138156232174377e-01
0.99999600, 1.83837313370656210950653804522394543340e+00, -1.70660847294546371209458940579752272841e+00, 4.06690346587969521401187062774565232333e+01, -1.26016127350762130834305310636505118354e-01, 6.20701260129961836208792289829350449017e+00, 9.34535742459914052972306128204904405834e-01, -2.2345876684258710e-01, -1.0138104049947305e-01
0.99999900, 1.83837227923600292165007359418376016346e+00, -1.70660805059734271454584055355826833213e+00, 4.06690363999493561046290749419902419494e+01, -1.26015122746418639974983584399772897680e-01, 6.20701286405323673068150153949083673277e+00, 9.34535169154619570406189100993205758852e-01, -2.2345761294718080e-01, -1.0138051868288978e-01
