0.00000000, 2.32654012370211918645982212610579297682e+00, -1.35718196196503026985679893827707179771e+00, 4.00000000000000000000000000000000000000e+01, 0.00000000000000000000000000000000000000e+00, 5.68546446784823913449455753364336022476e+00, 1.06888258172774348316240906875252463179e+00, 1.0418578260630611e+00, 6.9872856632912665e-01
0.00100000, 2.32654032464892262736893315088085548809e+00, -1.35718185488350939888641126994617208853e+00, 3.99999996251383242480055794515192156254e+01, 6.62946354411695571281480331913094584052e-07, 5.68546427646683383086420354180101536596e+00, 1.06888266817543449913981065631382242527e+00, 1.0418576404693633e+00, 6.9873046273002770e-01
0.00200000, 2.32654092748979014828725486157342203761e+00, -1.35718153363825542519108543193789833015e+00, 3.99999985005517428146444851698920210027e+01, 2.65178546023251565048450097379975500517e-06, 5.68546370232176677366996545074944840538e+00, 1.06888292751847532407169523533071258093e+00, 1.0418570836680679e+00, 6.9873615194553832e-01
0.00300000, 2.32654193222609334621194936782814777052e+00, -1.35718099822719425558366137839586640282e+00, 3.99999966262355931541763663383716584392e+01, 5.96651744521163346698461493440377704913e-06, 5.68546274541048451315846476085661832542e+00, 1.06888335975676928454569023299906796835e+00, 1.0418561555985680e+00, 6.9874563401408076e-01
0.00400000, 2.32654333886011822421891100515174561098e+00, -1.35718024864686903196963631798176073004e+00, 3.99999940021821043116775540159757018885e+01, 1.06071425222375811882009319146568361336e-05, 5.68546140572873126359429792457340605083e+00, 1.06888396489015524350290920694627940750e+00, 1.0418548561598505e+00, 6.9875890899969165e-01
0.00500000, 2.32654514739506520358359808596286898352e+00, -1.35717928489244007717215250224271003900e+00, 3.99999906283803968550055904951400570144e+01, 1.65736609892981139567121782136447959361e-05, 5.68545968327054884903942454732756013932e+00, 1.06888474291840757817976464545075595944e+00, 1.0418531852104922e+00, 6.9877597699202122e-01
0.00600000, 2.32654735783504914074998837164812364000e+00, -1.35717810695768481908466379130717553743e+00, 3.99999865048164827795478818357175806657e+01, 2.38660732294240172610043570727876216555e-05, 5.68545757802827662744240537673622490591e+00, 1.06888569384123614922492789492633312778e+00, 1.0418511425686562e+00, 6.9879683810633232e-01
0.00700000, 2.32654997018509934914744923203477422026e+00, -1.35717671483499769314896452008536034335e+00, 3.99999816314732653857527849590478551553e+01, 3.24843797106168553584779619861731125941e-05, 5.68545508999255139303558449869674401685e+00, 1.06888681765828626098985809033865138892e+00, 1.0418487280120855e+00, 6.9882149248349910e-01
0.00800000, 2.32655298445115962585525365740593183103e+00, -1.35717510851539002315560213932408838655e+00, 3.99999760083305391294409581532371209719e+01, 4.24285809857606578172974903829612502877e-05, 5.68545221915230725703776557935433651493e+00, 1.06888811436913861299087088366833970272e+00, 1.0418459412780968e+00, 6.9884994029000541e-01
0.00900000, 2.32655640064008828311441342883304459721e+00, -1.35717328798848988036303290829162169985e+00, 3.99999696353649894448943212551032669823e+01, 5.36986776925175405914523095087053123185e-05, 5.68544896549477550665938731658490290214e+00, 1.06888958397330924254026654404453693313e+00, 1.0418427820635722e+00, 6.9888218171794291e-01
0.01000000, 2.32656021875965818468644082226351746882e+00, -1.35717125324254192093121753646786004476e+00, 3.99999625125501925407194891236605981027e+01, 6.62946705532072573909782697917629704806e-05, 5.68544532900548444240665847217348531697e+00, 1.06889122647024945854358560939453436576e+00, 1.0418392500249495e+00, 6.9891821698500889e-01
0.01100000, 2.32656443881855678705859020754866035840e+00, -1.35716900426440720166469107729951223402e+00, 3.99999546398566151684820592927431884822e+01, 8.02165603746706764566263560607833465621e-05, 5.68544130966825919368056792500996845524e+00, 1.06889304185934576645960867202719725986e+00, 1.0418353447782118e+00, 6.9895804633450377e-01
0.01200000, 2.32656906082638618549507079248777380681e+00, -1.35716654103956297405947853474230831887e+00, 3.99999460172516143641076518745941411678e+01, 9.54643480481171771953206062686769446286e-05, 5.68543690746522151266614009505296940403e+00, 1.06889503013991978441926504810582698646e+00, 1.0418310658988759e+00, 6.9900167003532836e-01
0.01300000, 2.32657408479366316493366154104358784197e+00, -1.35716386355210245664756451982935133273e+00, 3.99999366446994371620451168701809601617e+01, 1.12038034548955960479484980391825601229e-04, 5.68543212237678954650676081621231058440e+00, 1.06889719131122815049916298206417678133e+00, 1.0418264129219787e+00, 6.9904908838198080e-01
0.01400000, 2.32657951073181925572709895118294061758e+00, -1.35716097178473458563196185673215489262e+00, 3.99999265221612202821868410138342083175e+01, 1.29937620936611265759700272265681808152e-04, 5.68542695438167758775785326234303943821e+00, 1.06889952537246242114500164024574698715e+00, 1.0418213853420630e+00, 6.9910030169455316e-01
0.01500000, 2.32658533865320079422854789832811257313e+00, -1.35715786571878374380476025255189982914e+00, 3.99999156495949897895406031277471235277e+01, 1.49163108354321487486139938397923442070e-04, 5.68542140345689580311363783289291375696e+00, 1.06890203232274896073967242194094448416e+00, 1.0418159826131621e+00, 6.9915531031872786e-01
0.01600000, 2.32659156857106898822040512216355255452e+00, -1.35715454533418946773987197920094073669e+00, 3.99999040269556607266469436741170589839e+01, 1.69714498028922182679790252039442211847e-04, 5.68541546957774994040016396205306847746e+00, 1.06890471216114882231040402906722446165e+00, 1.0418102041487827e+00, 6.9921411462577366e-01
0.01700000, 2.32659820049959998718562414450432833504e+00, -1.35715101060950613325152693598901914551e+00, 3.99998916541950367187355307574543544997e+01, 1.91591791270612960839547824331826646293e-04, 5.68540915271784101382725560616883726741e+00, 1.06890756488665761936885225645728232215e+00, 1.0418040493218865e+00, 6.9927671501254144e-01
0.01800000, 2.32660523445388495742068944104874713700e+00, -1.35714726152190261910890443466544940919e+00, 3.99998785312618095516135212350290569863e+01, 2.14794989472708246715868574998396844377e-04, 5.68540245284906496749146566730217159602e+00, 1.06891059049820538887758156152534823774e+00, 1.0417975174648715e+00, 6.9934311190145971e-01
0.01900000, 2.32661267044993016198930653703642614964e+00, -1.35714329804716194899662354140581989556e+00, 3.99998646581015587222784318277689585965e+01, 2.39324094111371905825678948983141436405e-04, 5.68539536994161231712158780481263390138e+00, 1.06891378899465644533593111336651253077e+00, 1.0417906078695507e+00, 6.9941330574052971e-01
0.02000000, 2.32662050850465704551581334301701524862e+00, -1.35713912015968091171014778925279390562e+00, 3.99998500346567509622475511753615078601e+01, 2.65179106745335721926714784108048041928e-04, 5.68538790396396777005772695023946258322e+00, 1.06891716037480922597780317545982377572e+00, 1.0417833197871306e+00, 6.9948729700332030e-01
0.02100000, 2.32662874863590232381725647897850941255e+00, -1.35713472783246965957449350647149828569e+00, 3.99998346608667397335954396360446785919e+01, 2.92360029015601715012287911803265259895e-04, 5.68538005488290982345438235220567571503e+00, 1.06892070463739612707345631139684052162e+00, 1.0417756524281879e+00, 6.9956508618896257e-01
0.02200000, 2.32663739086241807837301453983291243028e+00, -1.35713012103715128507396385776722728310e+00, 3.99998185366677646976905792817948519627e+01, 3.20866862645128287729657440886855631747e-04, 5.68537182266351034069744911609256442032e+00, 1.06892442178108333132692998769765182971e+00, 1.0417676049626450e+00, 6.9964667382214404e-01
0.02300000, 2.32664643520387185563078821952493968023e+00, -1.35712529974396137567996293290119325832e+00, 3.99998016619929511566217519715297542487e+01, 3.50699609438500187466663801760691795315e-04, 5.68536320726913410602449594639716595833e+00, 1.06892831180447062636027065000740057364e+00, 1.0417591765197446e+00, 6.9973206045310272e-01
0.02400000, 2.32665588168084677114771492159740898436e+00, -1.35712026392174754686327580744877903377e+00, 3.99997840367723094673042385867376348264e+01, 3.81858271281582270692031026554819576189e-04, 5.68535420866143835733712812651528107235e+00, 1.06893237470609121427527223693328452259e+00, 1.0417503661880225e+00, 6.9982124665762068e-01
0.02500000, 2.32666573031484161856530292766099424471e+00, -1.35711501353796895327653140974723765734e+00, 3.99997656609327344282554474738158555015e+01, 4.14342850141157055474718360646777615146e-04, 5.68534482680037229719369565969709699055e+00, 1.06893661048441151228298633757098253734e+00, 1.0417411730152797e+00, 6.9991423303701752e-01
0.02600000, 2.32667598112827098341681735858540399793e+00, -1.35710954855869577809189522289975043468e+00, 3.99997465343980046390290948435481236829e+01, 4.48153348064546047446868030059008202957e-04, 5.68533506164417658197005692458915595070e+00, 1.06894101913783094439079876240435149401e+00, 1.0417315960085527e+00, 7.0001102021814334e-01
0.02700000, 2.32668663414446536176568703302452662422e+00, -1.35710386894860870047836829741211577365e+00, 3.99997266570887818322965743187645014275e+01, 4.83289767179214823813213648303045052419e-04, 5.68532491314938278917555814757076625305e+00, 1.06894560066468172413641015070165115130e+00, 1.0417216341340830e+00, 7.0011160885337157e-01
0.02800000, 2.32669768938767128367343789073997867256e+00, -1.35709797467099834120239771495479233508e+00, 3.99997060289226101785636669845063497434e+01, 5.19752109692361859347245086295620144519e-04, 5.68531438127081286291083844045728802888e+00, 1.06895035506322862835759834866565743472e+00, 1.0417112863172849e+00, 7.0021599962059139e-01
0.02900000, 2.32670914688305144149559489068387089639e+00, -1.35709186568776468633483149312757164604e+00, 3.99996846498139155635102571691533350511e+01, 5.57540377890491077650932328052200139395e-04, 5.68530346596157853745351907449510504818e+00, 1.06895528233166876198617962924247847829e+00, 1.0417005514427126e+00, 7.0032419322319990e-01
0.03000000, 2.32672100665668482300393020248642785265e+00, -1.35708554195941648904657792115868125815e+00, 3.99996625196740048379402327581548655102e+01, 5.96654574138968110290354494859040116654e-04, 5.68529216717308073895728403830631286599e+00, 1.06896038246813131385412435439871222444e+00, 1.0416894283540256e+00, 7.0043619039009391e-01
0.03100000, 2.32673326873556684933337107136535152063e+00, -1.35707900344507064947465543333489305977e+00, 3.99996396384110650403282621024366935040e+01, 6.37094700881560245754122364103991024051e-04, 5.68528048485500896524930673692170112000e+00, 1.06896565547067730349932037150503128869e+00, 1.0416779158539528e+00, 7.0055199187566153e-01
0.03200000, 2.32674593314760951775181593698165979099e+00, -1.35707225010245157263964432671043742851e+00, 3.99996160059301625919496525194172959157e+01, 6.78860760639960049514984775964354243091e-04, 5.68526841895534064371042490960762750769e+00, 1.06897110133729931895801425480169470004e+00, 1.0416660127042557e+00, 7.0067159845977337e-01
0.03300000, 2.32675899992164154925104221281159562817e+00, -1.35706528188789050439487587828986484948e+00, 3.99995916221332424645790079840599348738e+01, 7.21952756013292635807432666050038130245e-04, 5.68525596942034046722191245415663297552e+00, 1.06897672006592124553049641826915471875e+00, 1.0416537176256899e+00, 7.0079501094777342e-01
0.03400000, 2.32677246908740854095682357053493346593e+00, -1.35705809875632484538701768036409150803e+00, 3.99995664869191273207429158586964556637e+01, 7.66370689677606571065420350303891151810e-04, 5.68524313619455970816214282295446918386e+00, 1.06898251165439798550613110499892065665e+00, 1.0416410292979660e+00, 7.0092223017046966e-01
0.03500000, 2.32678634067557312335630861005195759439e+00, -1.35705070066129744300703625686884291419e+00, 3.99995406001835166265114044016788920386e+01, 8.12114564385348388294473293250027930362e-04, 5.68522991922083551043588397970847474953e+00, 1.06898847610051516883336626767984208273e+00, 1.0416279463597083e+00, 7.0105325698412435e-01
0.03600000, 2.32680061471771512234064641627451433776e+00, -1.35704308755495586130983921432569424204e+00, 3.99995139618189857368124243144353819484e+01, 8.59184382964820690981405989967643100458e-04, 5.68521631844029015951840955344331684978e+00, 1.06899461340198885471989136231309051642e+00, 1.0416144674084128e+00, 7.0118809227044398e-01
0.03700000, 2.32681529124633172606077769497350738404e+00, -1.35703525938805162888021928383651690359e+00, 3.99994865717149849532531187224178885081e+01, 9.07580148319623824472593765255556169062e-04, 5.68520233379233033049605477642683501990e+00, 1.06900092355646522414764304987869386183e+00, 1.0416005910004043e+00, 7.0132673693656890e-01
0.03800000, 2.32683037029483765659424292782945702430e+00, -1.35702721610993946462204159137198352345e+00, 3.99994584297578385544311567259205115775e+01, 9.57301863428081092078189117784924727213e-04, 5.68518796521464631408428902323432231420e+00, 1.06900740656152026328688970543087848937e+00, 1.0415863156507912e+00, 7.0146919191506267e-01
0.03900000, 2.32684585189756534642079127748657612164e+00, -1.35701895766857648144693331778193424022e+00, 3.99994295358307437987189159900081274719e+01, 1.00834953134264749248480748493533919708e-03, 5.68517321264321122060381925731266252872e+00, 1.06901406241465943779315543792887136941e+00, 1.0415716398334201e+00, 7.0161545816390102e-01
0.04000000, 2.32686173608976511970450579285344080957e+00, -1.35701048401052136783805154303388961893e+00, 3.99993998898137698995028097570147204187e+01, 1.06072315518930195438298963939770330940e-03, 5.68515807601228016189468041724924311010e+00, 1.06902089111331735797027299383795069714e+00, 1.0415565619808283e+00, 7.0176553666646056e-01
0.04100000, 2.32687802290760537838009179905893229039e+00, -1.35700179508093354726382047654324856364e+00, 3.99993694915838569728595631484377611406e+01, 1.11442273816692304353813890374823019887e-03, 5.68514255525438941114770971553069405550e+00, 1.06902789265485743478238241987647240601e+00, 1.0415410804841955e+00, 7.0191942843150713e-01
0.04200000, 2.32689471238817279304090619122788695293e+00, -1.35699289082357231541584342239304853050e+00, 3.99993383410148149576507526637577498069e+01, 1.16944828354664811685459142131261579765e-03, 5.68512665030035554063224195590171020322e+00, 1.06903506703657152669721866183946713141e+00, 1.0415251936932940e+00, 7.0207713449318381e-01
0.04300000, 2.32691180456947249862623567238504471315e+00, -1.35698377118079595524450767995923278502e+00, 3.99993064379773225080164313699387266489e+01, 1.22579979467121589730196716971618113938e-03, 5.68511036107927453729830227947413201706e+00, 1.06904241425567957734255634368310736361e+00, 1.0415088999164381e+00, 7.0223865591099859e-01
0.04400000, 2.32692929949042829490526176905571923835e+00, -1.35697443609356082976511210207157885850e+00, 3.99992737823389258582481703953041083237e+01, 1.28347727495429244289092844490491089979e-03, 5.68509368751852089623101120242086230744e+00, 1.06904993430932924395720377037229066544e+00, 1.0414921974204311e+00, 7.0240399376981179e-01
0.04500000, 2.32694719719088285175507970916148609228e+00, -1.35696488550142045260665718936641193848e+00, 3.99992403739640376600213549833204111263e+01, 1.34248072787978048220190125051792302163e-03, 5.68507662954374669193435438730694851094e+00, 1.06905762719459551661746069561836120203e+00, 1.0414750844305126e+00, 7.0257314917982305e-01
0.04600000, 2.32696549771159791923006694118851843009e+00, -1.35695511934252453627474635584120449695e+00, 3.99992062127139357919660805137469364922e+01, 1.40281015700111208828515334437911815503e-03, 5.68505918707888062742090627370816891182e+00, 1.06906549290848032821947555768205134828e+00, 1.0414575591303029e+00, 7.0274612327655804e-01
0.04700000, 2.32698420109425454241982519683746702843e+00, -1.35694513755361801809935432161744183459e+00, 3.99991712984467621415555005488099191411e+01, 1.46446556594052466206383043296377602207e-03, 5.68504136004612706108353245954962419787e+00, 1.06907353144791215519745767887504536450e+00, 1.0414396196617474e+00, 7.0292291722085479e-01
0.04800000, 2.32700330738145328109284753687047661798e+00, -1.35693494007004006383752443926645588339e+00, 3.99991356310175213592899850987225660490e+01, 1.52744695838832019568308884333614580117e-03, 5.68502314836596501132453055032298994678e+00, 1.06908174280974560895721831311629452008e+00, 1.0414212641250591e+00, 7.0310353219884975e-01
0.04900000, 2.32702281661671443412298875699552993679e+00, -1.35692452682572304890036110435588642358e+00, 3.99990992102780795851549529121854917417e+01, 1.59175433810210778555828847914334441247e-03, 5.68500455195714713891710305672595461239e+00, 1.06909012699076101800403137660429002875e+00, 1.0414024905786598e+00, 7.0328796942196342e-01
0.05000000, 2.32704272884447826869574385263021931311e+00, -1.35691389775319151717298620362484156351e+00, 3.99990620360771631473297466716530486462e+01, 1.65738770890602936418328337981855732971e-03, 5.68498557073669870707348879997950782089e+00, 1.06909868398766400074332017493227456710e+00, 1.0413832970391201e+00, 7.0347623012688574e-01
0.05100000, 2.32706304411010525429126493344052931161e+00, -1.35690305278356111739542977977412653323e+00, 3.99990241082603572331244244983279169219e+01, 1.72434707468996861906612800192622796476e-03, 5.68496620461991651919351115573948995489e+00, 1.06910741379708502893219041123518955997e+00, 1.0413636814810984e+00, 7.0366831557556100e-01
0.05200000, 2.32708376245987630144097202574232074869e+00, -1.35689199184653751707172470452949140452e+00, 3.99989854266701045321208451362372778289e+01, 1.79263243940874306646396453156649787816e-03, 5.68494645352036783426673230970122308887e+00, 1.06911631641557898175934218950392797493e+00, 1.0413436418372780e+00, 7.0386422705517253e-01
0.05300000, 2.32710488394099300525453758818167079346e+00, -1.35688071487041529387377311554843868191e+00, 3.99989459911457038514939275765375144506e+01, 1.86224380708127924689142906773612486741e-03, 5.68492631734988925990083248822383773743e+00, 1.06912539183962469053040458017322860295e+00, 1.0413231759983037e+00, 7.0406396587812696e-01
0.05400000, 2.32712640860157789371394827848135856267e+00, -1.35686922178207680450584865192212190722e+00, 3.99989058015233087034884686905796590063e+01, 1.93318118178977100867757118362779139877e-03, 5.68490579601858562294826184304741936652e+00, 1.06913464006562447393524555647000300805e+00, 1.0413022818127161e+00, 7.0426753338203818e-01
0.05500000, 2.32714833649067468073127053126735773620e+00, -1.35685751250699103099489308137764490199e+00, 3.99988648576359258650264046514342516796e+01, 2.00544456767882084514498081197092619058e-03, 5.68488488943482881770264028786320121663e+00, 1.06914406108990366387331770462789803402e+00, 1.0412809570868855e+00, 7.0447493092971086e-01
0.05600000, 2.32717066765824852396666882378829026923e+00, -1.35684558696921240437105871359134268001e+00, 3.99988231593134139094189035267120204687e+01, 2.07903396895456425028151708491485996800e-03, 5.68486359750525663163580708349409169050e+00, 1.06915365490871012181260602359999882341e+00, 1.0412591995849444e+00, 7.0468615990912372e-01
0.05700000, 2.32719340215518628740314710233165306172e+00, -1.35683344509137960570223900193071716656e+00, 3.99987807063824817101571774088166779402e+01, 2.15394938988377705706969399564476683929e-03, 5.68484192013477154864584732506563792662e+00, 1.06916342151821374565724832483944318870e+00, 1.0412370070287178e+00, 7.0490122173341235e-01
0.05800000, 2.32721654003329680867440470184248919989e+00, -1.35682108679471434444561891397085920489e+00, 3.99987374986666869167554028004198218501e+01, 2.23019083479296572193135567514188184946e-03, 5.68481985722653952978584667605724878191e+00, 1.06917336091450596709840118440461287568e+00, 1.0412143770976535e+00, 7.0512011784085172e-01
0.05900000, 2.32724008134531117114211819908007976871e+00, -1.35680851199902011407856396266585836083e+00, 3.99986935359864344026186376811480166372e+01, 2.30775830806744051803572765714480899402e-03, 5.68479740868198877144254869772558713865e+00, 1.06918347309359923942242505224777748256e+00, 1.0411913074287502e+00, 7.0534284969483827e-01
0.06000000, 2.32726402614488298071887997991882730949e+00, -1.35679572062268092497045219834579844438e+00, 3.99986488181589746849081227344122644512e+01, 2.38665181415037159950721752439438781745e-03, 5.68477457440080844093351091523518548127e+00, 1.06919375805142651574996095105530886469e+00, 1.0411677956164844e+00, 7.0556941878387172e-01
0.06100000, 2.32728837448658864743294285831681782012e+00, -1.35678271258266001445633692986509969527e+00, 3.99986033449984023163758525991850616547e+01, 2.46687135754182789785541639605954156819e-03, 5.68475135428094738949077632100640163233e+00, 1.06920421578384071767896816323738885743e+00, 1.0411438392127364e+00, 7.0579982662153636e-01
0.06200000, 2.32731312642592767173083784213676217091e+00, -1.35676948779449853407260943421580700365e+00, 3.99985571163156542491398007185361939271e+01, 2.54841694279779881123357925207700391878e-03, 5.68472774821861284259849631832977702707e+00, 1.06921484628661419430428737324720888165e+00, 1.0411194357267146e+00, 7.0603407474648216e-01
0.06300000, 2.32733828201932293551384908339520041332e+00, -1.35675604617231421391411039056274408258e+00, 3.99985101319185081703706783730728998932e+01, 2.63128857452919864641339432939574513721e-03, 5.68470375610826906765135913117068518225e+00, 1.06922564955543817158578686679022916825e+00, 1.0410945826248788e+00, 7.0627216472240529e-01
0.06400000, 2.32736384132412099790424616150969496958e+00, -1.35674238762880000407141619963147640971e+00, 3.99984623916115808098606048012921560932e+01, 2.71548625740085377264304681069711813363e-03, 5.68467937784263601890009442620982426066e+00, 1.06923662558592219203664055192017956809e+00, 1.0410692773308617e+00, 7.0651409813802846e-01
0.06500000, 2.32738980439859239573708911146726253956e+00, -1.35672851207522269310630168520958620409e+00, 3.99984138951963262194435609084434562252e+01, 2.80100999613047244583239660576741233346e-03, 5.68465461331268795964974028738246910735e+00, 1.06924777437359354470277572257431302468e+00, 1.0410435172253896e+00, 7.0675987660708070e-01
0.06600000, 2.32741617130193194877333600818954192085e+00, -1.35671441942142150352265388357849790573e+00, 3.99983646424710340242369939390223051352e+01, 2.88785979548759726078348084812052563946e-03, 5.68462946240765206167577272827813009422e+00, 1.06925909591389668540401559564351887733e+00, 1.0410172996462014e+00, 7.0700950176827686e-01
0.06700000, 2.32744294209425906962989643723990016626e+00, -1.35670010957580666418938267119261419628e+00, 3.99983146332308276456734346236724934335e+01, 2.97603566029254018845647524084217241375e-03, 5.68460392501500698182261060046379150726e+00, 1.06927059020219264720692668087043897014e+00, 1.0409906218879669e+00, 7.0726297528529671e-01
0.06800000, 2.32747011683661807842218680380092104193e+00, -1.35668558244535795967114282292157402591e+00, 3.99982638672676624962904816972760406090e+01, 3.06553759541530015453066082567594491234e-03, 5.68457800102048141574842003275431717870e+00, 1.06928225723375844109886395118371057396e+00, 1.0409634812022026e+00, 7.0752029884676360e-01
0.06900000, 2.32749769559097852211465513981855209428e+00, -1.35667083793562325642194869456504299273e+00, 3.99982123443703241462470013095628552240e+01, 3.15636560577446311478680014761759233710e-03, 5.68455169030805262877955239426260917258e+00, 1.06929409700378644683218753176391005420e+00, 1.0409358747971876e+00, 7.0778147416622274e-01
0.07000000, 2.32752567842023549857465384650525196297e+00, -1.35665587595071700579602704586801122850e+00, 3.99981600643244264615328807008895880073e+01, 3.24851969633608458210158495923884855976e-03, 5.68452499275994496383735818924190062250e+00, 1.06930610950738379390710318123988999363e+00, 1.0409077998378770e+00, 7.0804650298211910e-01
0.07100000, 2.32755406538820998532494863903259865085e+00, -1.35664069639331872382951552547103500097e+00, 3.99981070269124097138391665821335305698e+01, 3.34199987211255455910643215229363242707e-03, 5.68449790825662832639952624073681262304e+00, 1.06931829473957173266105515976049670222e+00, 1.0408792534458147e+00, 7.0831538705777488e-01
0.07200000, 2.32758285655964917299006082510556137335e+00, -1.35662529916467144774587398851675265614e+00, 3.99980532319135386620549089271403747041e+01, 3.43680613816144482982183089483211180573e-03, 5.68447043667681664645750297927252660026e+00, 1.06933065269528499543207412788403997326e+00, 1.0408502326990446e+00, 7.0858812818136662e-01
0.07300000, 2.32761205200022680343154793194286898137e+00, -1.35660968416458016913713307222055578054e+00, 3.99979986791039006053565203470749877855e+01, 3.53293849958433856283463714043960334195e-03, 5.68444257789746631743095059854591928407e+00, 1.06934318336937114776295445866075969233e+00, 1.0408207346320201e+00, 7.0886472816590181e-01
0.07400000, 2.32764165177654351256723457960031516454e+00, -1.35659385129141024377235927564247240416e+00, 3.99979433682564034078549498565762416906e+01, 3.63039696152564217783912668320843100319e-03, 5.68441433179377461199960524858027912633e+00, 1.06935588675658992961260473410881723880e+00, 1.0407907562355134e+00, 7.0914518884919514e-01
0.07500000, 2.32767165595612717786931136503643966455e+00, -1.35657780044208577798396813803288294914e+00, 3.99978872991407734947654576500381096315e+01, 3.72918152917137942661320944508980411120e-03, 5.68438569823917807481229728423488993989e+00, 1.06936876285161258654038219742749583823e+00, 1.0407602944565217e+00, 7.0942951209384439e-01
0.07600000, 2.32770206460743327053612435316063814402e+00, -1.35656153151208799158176694614822400769e+00, 3.99978304715235538200642644708612906811e+01, 3.82929220774796763874893015141226553909e-03, 5.68435667710535089203229484941698192680e+00, 1.06938181164902119082868650444230835764e+00, 1.0407293461981742e+00, 7.0971769978720574e-01
0.07700000, 2.32773287779984521233238155050546913029e+00, -1.35654504439545355724385568534075312718e+00, 3.99977728851681018055958352653781656575e+01, 3.93072900252097608170118818426098497293e-03, 5.68432726826220323767752973084591196164e+00, 1.06939503314330795250855022238604401741e+00, 1.0406979083196354e+00, 7.1000975384136883e-01
0.07800000, 2.32776409560367473709240544616353203402e+00, -1.35652833898477291633275964232698608855e+00, 3.99977145398345872515940420545888630882e+01, 4.03349191879386638396045616535339693912e-03, 5.68429747157787959671366043571140477020e+00, 1.06940842732887452025242312139429375049e+00, 1.0406659776360094e+00, 7.1030567619313128e-01
0.07900000, 2.32779571809016225688096232511068253812e+00, -1.35651141517118857108440912944961098953e+00, 3.99976554352799902185799353191021098132e+01, 4.13758096190671496939411642383884986465e-03, 5.68426728691875706485732181091549833709e+00, 1.06942199420003127209780435399281882750e+00, 1.0406335509182407e+00, 7.1060546880397276e-01
0.08000000, 2.32782774533147723280609957273492244887e+00, -1.35649427284439335311682119089031905128e+00, 3.99975955712580988805983366640006673048e+01, 4.24299613723491745003682041038868631107e-03, 5.68423671414944362504630320357940837791e+00, 1.06943573375099659596483108008455089012e+00, 1.0406006248930155e+00, 7.1090913366002875e-01
0.08100000, 2.32786017740071855047832157788229747528e+00, -1.35647691189262866820457483039155017709e+00, 3.99975349475195073497549480990019145674e+01, 4.34973745018787492384296152969934647333e-03, 5.68420575313277640053278813884036976365e+00, 1.06944964597589615993038392895727897763e+00, 1.0405671962426603e+00, 7.1121667277206370e-01
0.08200000, 2.32789301437191490011033308643799566464e+00, -1.35645933220268271726440522712872159562e+00, 3.99974735638116134720151549235193083737e+01, 4.45780490620766212314388972001813351862e-03, 5.68417440372981988455517773728764163584e+00, 1.06946373086876217222071885482018780118e+00, 1.0405332616050398e+00, 7.1152808817544386e-01
0.08300000, 2.32792625632002516125147593964249794578e+00, -1.35644153365988869349647354076268933648e+00, 3.99974114198786165942251799343154738062e+01, 4.56719851076767735877883908551268638124e-03, 5.68414266579986414654340758623770187481e+00, 1.06947798842353263088408139726486505273e+00, 1.0404988175734532e+00, 7.1184338193010960e-01
0.08400000, 2.32795990332093879215088103209580889623e+00, -1.35642351614812295562509720750997262128e+00, 3.99973485154615153023157264636439608327e+01, 4.67791826937127420409164039012135552541e-03, 5.68411053920042301481205349188994627190e+00, 1.06949241863405056310420306149192312731e+00, 1.0404638606965294e+00, 7.1216255612054728e-01
0.08500000, 2.32799395545147622374325202465824662535e+00, -1.35640527954980317718195105520088700479e+00, 3.99972848502981051306477265963819306961e+01, 4.78996418755037486220510038048567295581e-03, 5.68407802378723223569490544861591060923e+00, 1.06950702149406325411502044353262064750e+00, 1.0404283874781204e+00, 7.1248561285576071e-01
0.08600000, 2.32802841278938925825109082797601788024e+00, -1.35638682374588647177397207544550804386e+00, 3.99972204241229762424592887939444910430e+01, 4.90333627086406515920140157262804564716e-03, 5.68404511941424760907407124251223817263e+00, 1.06952179699722146567639580113301646533e+00, 1.0403923943771940e+00, 7.1281255426924208e-01
0.08700000, 2.32806327541336147239706711373433726622e+00, -1.35636814861586749427742024367055555895e+00, 3.99971552366675110813724160590342905115e+01, 5.01803452489717110504996088126697733648e-03, 5.68401182593364310025605133409943835641e+00, 1.06953674513707864407005296928160521675e+00, 1.0403558778077241e+00, 7.1314338251894246e-01
0.08800000, 2.32809854340300862522012509338629612800e+00, -1.35634925403777651789876433118378699022e+00, 3.99970892876598819939175416968157904124e+01, 5.13405895525881696333383457392665348923e-03, 5.68397814319580892814660501479697242471e+00, 1.06955186590709011757437479808917083133e+00, 1.0403188341385809e+00, 7.1347809978724183e-01
0.08900000, 2.32813421683887907048881050826095819869e+00, -1.35633013988817748704227516560073754347e+00, 3.99970225768250488230334046532184523321e+01, 5.25140956758096477003192148461105667106e-03, 5.68394407104934962967560427858424081250e+00, 1.06956715930061228337613760712012934625e+00, 1.0402812596934183e+00, 7.1381670828091862e-01
0.09000000, 2.32817029580245417370518918067806366133e+00, -1.35631080604216604592341922474030387342e+00, 3.99969551038847564724992603280809983874e+01, 5.37008636751693524081684691814656905963e-03, 5.68390960934108210042244636901124545254e+00, 1.06958262531090178387668446128106267140e+00, 1.0402431507505615e+00, 7.1415921023111877e-01
0.09100000, 2.32820678037614873369261556286505038718e+00, -1.35629125237336754286635275204036848866e+00, 3.99968868685575324422558956580723548301e+01, 5.49008936073991000552745661035982815726e-03, 5.68387475791603361139196852730630468946e+00, 1.06959826393111467234946233564784617684e+00, 1.0402045035428919e+00, 7.1450560789332429e-01
0.09200000, 2.32824367064331140876049546877467617364e+00, -1.35627147875393501022302071600971966765e+00, 3.99968178705586843345713891300950609140e+01, 5.61141855294141510767026357023889350976e-03, 5.68383951661743980189017905450398102376e+00, 1.06961407515430556790526840650676533396e+00, 1.0401653142577311e+00, 7.1485590354732140e-01
0.09300000, 2.32828096668822514743907156283923330662e+00, -1.35625148505454711985056585932962590612e+00, 3.99967481096002973310070272085341327946e+01, 5.73407394982978570599592039800465603875e-03, 5.68380388528674264844848738395454350877e+00, 1.06963005897342679972096773943734111204e+00, 1.0401255790367235e+00, 7.1521009949716807e-01
0.09400000, 2.32831866859610762377714318857912244501e+00, -1.35623127114440611408295075182030457854e+00, 3.99966775853912316401382584276084824116e+01, 5.85805555712861191438478521363754770312e-03, 5.68376786376358840974448241485335038189e+00, 1.06964621538132754048685849820163697050e+00, 1.0400852939757180e+00, 7.1556819807116112e-01
0.09500000, 2.32835677645311167719551372792334382407e+00, -1.35621083689123571213189013222459533998e+00, 3.99966062976371199159850351015728357984e+01, 5.98336338057516571545985979150280391965e-03, 5.68373145188582554746667285702624517608e+00, 1.06966254437075292902727142593464707486e+00, 1.0400444551246470e+00, 7.1593020162180285e-01
0.09600000, 2.32839529034632575688883886801315650285e+00, -1.35619018216127899185138185301812770779e+00, 3.99965342460403646471053602289759045347e+01, 6.10999742591880888252575270293541427580e-03, 5.68369464948950262306996575651126595830e+00, 1.06967904593434318204839770773790939480e+00, 1.0400030584874056e+00, 7.1629611252576705e-01
0.09700000, 2.32843421036377437076842789486247136583e+00, -1.35616930681929624679931238636777771946e+00, 3.99964614303001355163053237009864116028e+01, 6.23795769891938184360880671698406585403e-03, 5.68365745640886617036801968477653426266e+00, 1.06969572006463269496674336602079768593e+00, 1.0399611000217282e+00, 7.1666593318386461e-01
0.09800000, 2.32847353659441853893842741104989688278e+00, -1.35614821072856281852879706381133199778e+00, 3.99963878501123667309183773563448324511e+01, 6.36724420534557342054607656465753244394e-03, 5.68361987247635854390796725589987958661e+00, 1.06971256675404913177100902123534041097e+00, 1.0399185756390640e+00, 7.1703966602100856e-01
0.09900000, 2.32851326912815625169769266592068716500e+00, -1.35612689375086690404109596284813131363e+00, 3.99963135051697543236060627451895276082e+01, 6.49785695097327137523939826162337242569e-03, 5.68358189752261574307235765979912132663e+00, 1.06972958599491250386959112509759629316e+00, 1.0398754812044515e+00, 7.1741731348617857e-01
0.10000000, 2.32855340805582293205952596967440420391e+00, -1.35610535574650733833112357578070626945e+00, 3.99962383951617534236318686592577121981e+01, 6.62979594158389369435530199425060977623e-03, 5.68354353137646521185252373963421128968e+00, 1.06974677777943423787529459472574849950e+00, 1.0398318125363913e+00, 7.1779887805238493e-01
0.10100000, 2.32859395346919190278133441508422814157e+00, -1.35608359657429135195574405493574367386e+00, 3.99961625197745754985593575452035776243e+01, 6.76306118296270054291193424346176308186e-03, 5.68350477386492361423692977169345029587e+00, 1.06976414209971623227823709774881135153e+00, 1.0397875654067173e+00, 7.1818436221663203e-01
0.10200000, 2.32863490546097485789613033009765387975e+00, -1.35606161609153230355421387865734699952e+00, 3.99960858786911855663251608294502591274e+01, 6.89765268089708681635041813795104622557e-03, 5.68346562481319458515740550021301161791e+00, 1.06978167894774990295731201339428951569e+00, 1.0397427355404664e+00, 7.1857376849988124e-01
0.10300000, 2.32867626412482233873766750864640275392e+00, -1.35603941415404738724930017877465312139e+00, 3.99960084715912993776369029355554216587e+01, 7.03357044117485521984014042453517618361e-03, 5.68342608404466645693551911134566769229e+00, 1.06979938831541521747996027553480226984e+00, 1.0396973186157478e+00, 7.1896709944701328e-01
0.10400000, 2.32871802955532421445087429286248703948e+00, -1.35601699061615531485676566689399774467e+00, 3.99959302981513805686455723569925296556e+01, 7.17081446958246980271525498912934753624e-03, 5.68338615138090996117068667346980569340e+00, 1.06981727019447971813938084298637893893e+00, 1.0396513102636091e+00, 7.1936435762679005e-01
0.10500000, 2.32876020184801016697911098454696564672e+00, -1.35599434533067397283007004787031744483e+00, 3.99958513580446377838413155480167628933e+01, 7.30938477190328987508318226132116901562e-03, 5.68334582664167590601095809868654770556e+00, 1.06983532457659753367768539196075694928e+00, 1.0396047060679029e+00, 7.1976554563181585e-01
0.10600000, 2.32880278109935018051964382392680765203e+00, -1.35597147814891805386629296790981469846e+00, 3.99957716509410217691210856013968717721e+01, 7.44928135391578423278500642182497475012e-03, 5.68330510964489282874675986605710111712e+00, 1.06985355145330837964287493706338407041e+00, 1.0395575015651503e+00, 7.2017066607849811e-01
0.10700000, 2.32884576740675503543859086598806989899e+00, -1.35594838892069666309843486539805512243e+00, 3.99956911765072224349760326827688866749e+01, 7.59050422139172561602237306210583502145e-03, 5.68326400020666462366721256414230491329e+00, 1.06987195081603654732688441180239069229e+00, 1.0395096922444042e+00, 7.2057972160700747e-01
0.10800000, 2.32888916086857680663645648527727168114e+00, -1.35592507749431089879839952789837103578e+00, 3.99956099344066658897459769757379846158e+01, 7.73305338009436532609571339473823604694e-03, 5.68322249814126814511797673187045799737e+00, 1.06989052265608988123130572805232562474e+00, 1.0394612735471103e+00, 7.2099271488123733e-01
0.10900000, 2.32893296158410936635523092506318654880e+00, -1.35590154371655140751410566169655080692e+00, 3.99955279242995114428877574481716841587e+01, 7.87692883577658792382431147074988990914e-03, 5.68318060326115078569891347571635454750e+00, 1.06990926696465874500676043673166012186e+00, 1.0394122408669674e+00, 7.2140964858876286e-01
0.11000000, 2.32897716965358889141788925194925303288e+00, -1.35587778743269591356331430335547449595e+00, 3.99954451458426485782037010669594617592e+01, 8.02213059417904593233983192382804305279e-03, 5.68313831537692802953917689055102236763e+00, 1.06992818373281497581124977914220922633e+00, 1.0393625895497852e+00, 7.2183052544079931e-01
0.11100000, 2.32902178517819437489098025797500138094e+00, -1.35585380848650672280589439826435257281e+00, 3.99953615986896938969759071544479426521e+01, 8.16865866102827446606138093153074930932e-03, 5.68309563429738098058668338413244026278e+00, 1.06994727295151082703216259961900076632e+00, 1.0393123148933421e+00, 7.2225534817215984e-01
0.11200000, 2.32906680826004814216085024424378648304e+00, -1.35582960672022820061538029109503813011e+00, 3.99952772824909880309514903834032699516e+01, 8.31651304203478570677192535913890763714e-03, 5.68305255982945386584822857375332788552e+00, 1.06996653461157789931597023458256840239e+00, 1.0392614121472402e+00, 7.2268411954121271e-01
0.11300000, 2.32911223900221637141389919820839608437e+00, -1.35580518197458422396980216907894763976e+00, 3.99951921968935925251233734373291967371e+01, 8.46569374289114314682288702367046894701e-03, 5.68300909177825151351584546062902351992e+00, 1.06998596870372605984898204959292325780e+00, 1.0392098765127595e+00, 7.2311684232983782e-01
0.11400000, 2.32915807750870961851111761572090518763e+00, -1.35578053408877560758089362244794504751e+00, 3.99951063415412866902506666079275197235e+01, 8.61620076927001551859590286222680126031e-03, 5.68296522994703680591431806566668619097e+00, 1.07000557521854234983187571297963424463e+00, 1.0391577031427108e+00, 7.2355351934338272e-01
0.11500000, 2.32920432388448334624700109333025949691e+00, -1.35575566290047750397989938828180225947e+00, 3.99950197160745644250621165500945761139e+01, 8.76803412682221032844803927041414234868e-03, 5.68292097413722810720408260165978789059e+00, 1.07002535414648988009005252004718564031e+00, 1.0391048871412864e+00, 7.2399415341061793e-01
0.11600000, 2.32925097823543845798278680034508687541e+00, -1.35573056824583677747732097509548667025e+00, 3.99949323201306310080855500557935380642e+01, 8.92119382117468691245911132956699568495e-03, 5.68287632414839666577306353393421299736e+00, 1.07004530547790671476120006328259140321e+00, 1.0390514235639102e+00, 7.2443874738369171e-01
0.11700000, 2.32929804066842183564380100785366811365e+00, -1.35570524995946935191304817618078869085e+00, 3.99948441533433998590456810301397744287e+01, 9.07567985792854893038712597319163468747e-03, 5.68283127977826399125030451615016130178e+00, 1.07006542920300474300077222854266849671e+00, 1.0389973074170854e+00, 7.2488730413808411e-01
0.11800000, 2.32934551129122688207054997691634203387e+00, -1.35567970787445753211243042006125489541e+00, 3.99947552153434892697720898448217177369e+01, 9.23149224265701621332018282598644789652e-03, 5.68278584082269920607356415233304677124e+00, 1.07008572531186853864541983155110124498e+00, 1.0389425336582420e+00, 7.2533982657256045e-01
0.11900000, 2.32939339021259406771302766394737186323e+00, -1.35565394182234729896294342616890522486e+00, 3.99946655057582191045586238943128690221e+01, 9.38863098090337587959036751514725621002e-03, 5.68274000707571637154235380214085679734e+00, 1.07010619379445420777372413942438203298e+00, 1.0388870971955812e+00, 7.2579631760912415e-01
0.12000000, 2.32944167754221148165755286102992912741e+00, -1.35562795163314557802520368241291130725e+00, 3.99945750242116074699149064779972739130e+01, 9.54709607817891263258719928955122851505e-03, 5.68269377832947178828719918562660945510e+00, 1.07012683464058822410289999415303291810e+00, 1.0388309928879199e+00, 7.2625678019296886e-01
0.12100000, 2.32949037339071538697528552541872239790e+00, -1.35560173713531748159117578775259792301e+00, 3.99944837703243673536500780651423993901e+01, 9.70688753996081815317498692218662591601e-03, 5.68264715437426127108520932795059674899e+00, 1.07014764783996625215944521431450851974e+00, 1.0387742155445323e+00, 7.2672121729243003e-01
0.12200000, 2.32953947786969078038140713834804419007e+00, -1.35557529815578352410150565593516242226e+00, 3.99943917437139032332283295584479728727e+01, 9.86800537169007949847994279166744878057e-03, 5.68260013499851739795133538514125383385e+00, 1.07016863338215195816101834264721085807e+00, 1.0387167599249911e+00, 7.2718963189893568e-01
0.12300000, 2.32958899109167195619378294075135595304e+00, -1.35554863451991681083299590459066244806e+00, 3.99942989439943076533352213445427695011e+01, 1.00304495787693464178690429532773483337e-02, 5.68255271998880673343399808047311131307e+00, 1.07018979125657580854612757486133224148e+00, 1.0386586207390068e+00, 7.2766202702695663e-01
0.12400000, 2.32963891317014307457975479458507026660e+00, -1.35552174605154019976631840492010780350e+00, 3.99942053707763577725932146951878029725e+01, 1.01942201665607774959933386628999510974e-02, 5.68250490912982702604305582857576734128e+00, 1.07021112145253385608750979311561650285e+00, 1.0385997926462651e+00, 7.2813840571395596e-01
0.12500000, 2.32968924421953873407954218480310104913e+00, -1.35549463257292343654313288893843152890e+00, 3.99941110236675118793642734499975448346e+01, 1.03593171403838650318136594773837874621e-02, 5.68245670220440437973737610213148509660e+00, 1.07023262395918651352436997938072308064e+00, 1.0385402702562635e+00, 7.2861877102033786e-01
0.12600000, 2.32973998435524454839455548001097487161e+00, -1.35546729390478026242084965095449840296e+00, 3.99940159022719058765768238591646478687e+01, 1.05257405055132385615663365101279254690e-02, 5.68240809899349039939856017495403192849e+00, 1.07025429876555731464793784238173919350e+00, 1.0384800481281458e+00, 7.2910312602939570e-01
0.12700000, 2.32979113369359772742874998048714264102e+00, -1.35543972986626549513233868463290728039e+00, 3.99939200061903497355137889819534350212e+01, 1.06934902671764469326606529714693275560e-02, 5.68235909927615931021665602623060589276e+00, 1.07027614586053166277408019941102457196e+00, 1.0384191207705357e+00, 7.2959147384725949e-01
0.12800000, 2.32984269235188766257097147132585278073e+00, -1.35541194027497208255694701316658804859e+00, 3.99938233350203239184978411126306312779e+01, 1.08625664305517188345281335769419586685e-02, 5.68230970282960505091297588448364388936e+00, 1.07029816523285556653598445297244943210e+00, 1.0383574826413679e+00, 7.3008381760284257e-01
0.12900000, 2.32989466044835651620606393634024377914e+00, -1.35538392494692812910824044400181866420e+00, 3.99937258883559757704094413290791887206e+01, 1.10329690007657016914664500702511768201e-02, 5.68225990942913834072441359696899855297e+00, 1.07032035687113436292920033339501636181e+00, 1.0382951281477189e+00, 7.3058016044778761e-01
0.13000000, 2.32994703810219981544232774514978559380e+00, -1.35535568369659389474293545702793646751e+00, 3.99936276657881158789726594196775566120e+01, 1.12046979828911788215375817836751489007e-02, 5.68220971884818372007293270123686163485e+00, 1.07034272076383142754059388315835638272e+00, 1.0382320516456353e+00, 7.3108050555641188e-01
0.13100000, 2.32999982543356705004273197131574389922e+00, -1.35532721633685876649453136162081384670e+00, 3.99935286669042144037431901302426321708e+01, 1.13777533819447647645908621363038309153e-02, 5.68215913085827656484316872077268585194e+00, 1.07036525689926687189202937710314271927e+00, 1.0381682474399609e+00, 7.3158485612565181e-01
0.13200000, 2.33005302256356227454709750289949471376e+00, -1.35529852267903820243419217847424613499e+00, 3.99934288912883973737324028740864886689e+01, 1.15521352028845786814865980213613175612e-02, 5.68210814522906007419035877620224073367e+00, 1.07038796526561622782885144482572144766e+00, 1.0381037097841625e+00, 7.3209321537500680e-01
0.13300000, 2.33010662961424471457227823747873600485e+00, -1.35526960253287064796046186143840050990e+00, 3.99933283385214429536006817537188360745e+01, 1.17278434506078957255950024042870249191e-02, 5.68205676172828223180007806754600528303e+00, 1.07041084585090911888249102671215214335e+00, 1.0380384328801537e+00, 7.3260558654648226e-01
0.13400000, 2.33016064670862937727717588019852755037e+00, -1.35524045570651442431842541688600249451e+00, 3.99932270081807776783527309416715799414e+01, 1.19048781299487762866381638584040546994e-02, 5.68200498012179274052052611136358581137e+00, 1.07043389864302791853576489204365483751e+00, 1.0379724108781176e+00, 7.3312197290453194e-01
0.13500000, 2.33021507397068766597922965424054791853e+00, -1.35521108200654458924795214732197574219e+00, 3.99931248998404726564669371496010278693e+01, 1.20832392456756730059296223821337996082e-02, 5.68195280017353993028736577911995957360e+00, 1.07045712362970639531867921464474985100e+00, 1.0379056378763276e+00, 7.3364237773599947e-01
0.13600000, 2.33026991152534799890882555619330531843e+00, -1.35518148123794976965967558551354442110e+00, 3.99930220130712397413902960685502963127e+01, 1.22629268024890154610467603035947445279e-02, 5.68190022164556763926037514937318265367e+00, 1.07048052079852834466178307633193398506e+00, 1.0378381079209667e+00, 7.3416680435005915e-01
0.13700000, 2.33032515949849643208787061186704610436e+00, -1.35515165320412896623637763840919695403e+00, 3.99929183474404276713298232783843500775e+01, 1.24439408050187724169455814666608604756e-02, 5.68184724429801206809042592592767231142e+00, 1.07050409013692620743334768807535828012e+00, 1.0377698150059456e+00, 7.3469525607815596e-01
0.13800000, 2.33038081801697728631857587842396997213e+00, -1.35512159770688832985645196918663317244e+00, 3.99928139025120181772707821903411387406e+01, 1.26262812578219915394954717308589750116e-02, 5.68179386788909860723455265627591973838e+00, 1.07052783163217967508587151985821349134e+00, 1.0377007530727187e+00, 7.3522773627394474e-01
0.13900000, 2.33043688720859377826828766322162903870e+00, -1.35509131454643790973512365315376730272e+00, 3.99927086778466220591514720928172116852e+01, 1.28099481653803164663731390648507836249e-02, 5.68174009217513863723612417867880575676e+00, 1.07055174527141428133663034867935750631e+00, 1.0376309160100987e+00, 7.3576424831322867e-01
0.14000000, 2.33049336720210865563599955505480021667e+00, -1.35506080352138837317809859073180220813e+00, 3.99926026730014752301237283064134508092e+01, 1.29949415320974811292100515570789510176e-02, 5.68168591691052630188637260118046158690e+00, 1.07057583104159998030620440537909152608e+00, 1.0375602976540701e+00, 7.3630479559389685e-01
0.14100000, 2.33055025812724483638596835570839974244e+00, -1.35503006442874769684130698975613972970e+00, 3.99924958875304347288276938094416245549e+01, 1.31812613622967812198362553163250932299e-02, 5.68163134184773525418277564064223869826e+00, 1.07060008892954971103812225976734908745e+00, 1.0374888917876003e+00, 7.3684938153586112e-01
0.14200000, 2.33060756011468605203364482469557963130e+00, -1.35499909706391782938939038078744350239e+00, 3.99923883209839746996088274591191388842e+01, 1.33689076602185226924053897127413709179e-02, 5.68157636673731537499902529328967785369e+00, 1.07062451892191794832196276408823638247e+00, 1.0374166921404499e+00, 7.3739800958099209e-01
0.14300000, 2.33066527329607749496891527315478521074e+00, -1.35496790122069132544456104354179317841e+00, 3.99922799729091823406045180961911217618e+01, 1.35578804300174471921209523470429501358e-02, 5.68152099132788946438054953892664153192e+00, 1.07064912100519923974145221074640324601e+00, 1.0373436923889808e+00, 7.3795068319305425e-01
0.14400000, 2.33072339780402646980143242912497372139e+00, -1.35493647669124795071643633999315297494e+00, 3.99921708428497538196270763714003682841e+01, 1.37481796757601343002123275628454817762e-02, 5.68146521536614990537878406736357485102e+00, 1.07067389516572672886828378441413650908e+00, 1.0372698861559630e+00, 7.3850740585764033e-01
0.14500000, 2.33078193377210304871259361041555904197e+00, -1.35490482326615125820241820979323957964e+00, 3.99920609303459901577692770608137009248e+01, 1.39398054014223804837307066584193566697e-02, 5.68140903859685530033661782606404931681e+00, 1.07069884138967066452157033347396265869e+00, 1.0371952670103799e+00, 7.3906818108210479e-01
0.14600000, 2.33084088133484073079850104723601268633e+00, -1.35487294073434513534714992556051851253e+00, 3.99919502349347930806580239332988745623e+01, 1.41327576108865546376497210188814379706e-02, 5.68135246076282707953665949071641688576e+00, 1.07072395966303689601201938293820564839e+00, 1.0371198284672316e+00, 7.3963301239549642e-01
0.14700000, 2.33090024062773710538801315843573681818e+00, -1.35484082888315032204853806802089129983e+00, 3.99918387561496608372811068872755623921e+01, 1.43270363079389301056633063657938742567e-02, 5.68129548160494608212319172341484532609e+00, 1.07074924997166535428909109159229104944e+00, 1.0370435639873371e+00, 7.4020190334849014e-01
0.14800000, 2.33096001178725451931976666599571529891e+00, -1.35480848749826089939677750218414024700e+00, 3.99917264935206839863114170751403516980e+01, 1.45226414962669930649739417668357605840e-02, 5.68123810086214910920789627426265786317e+00, 1.07077471230122851890856545055206608239e+00, 1.0369664669771347e+00, 7.4077485751331788e-01
0.14900000, 2.33102019495082074816181759525321679563e+00, -1.35477591636374074903176085349075570623e+00, 3.99916134465745411498523800724506161813e+01, 1.47195731794567271592578848854765165976e-02, 5.68118031827142544906864556921331675708e+00, 1.07080034663722987073710435846977615800e+00, 1.0368885307884802e+00, 7.4135187848369858e-01
0.15000000, 2.33108079025682967135731441574308204844e+00, -1.35474311526201998300319153446844527412e+00, 3.99914996148344947345277598150671395770e+01, 1.49178313609898742628802784568875985948e-02, 5.68112213356781337434986537740821729036e+00, 1.07082615296500233030954721936637105909e+00, 1.0368097487184446e+00, 7.4193296987476731e-01
0.15100000, 2.33114179784464195127937879158150142133e+00, -1.35471008397389134401665069472289150382e+00, 3.99913849978203866198383770110835328832e+01, 1.51174160442411712583119547771239066613e-02, 5.68106354648439661117217843256740735647e+00, 1.07085213126970668175382532093388624793e+00, 1.0367301140091094e+00, 7.4251813532300351e-01
0.15200000, 2.33120321785458571617812859263631547372e+00, -1.35467682227850657594779349639576012088e+00, 3.99912695950486338137076750256580981825e+01, 1.53183272324755627075713370535215050045e-02, 5.68100455675230078005824046239417888231e+00, 1.07087828153632998219752039188324973524e+00, 1.0366496198473600e+00, 7.4310737848615829e-01
0.15300000, 2.33126505042795724700253392950931670617e+00, -1.35464332995337276450576878940787793863e+00, 3.99911534060322240751374538260219879459e+01, 1.55205649288453892973789500832641107277e-02, 5.68094516410068980858087792456398834912e+00, 1.07090460374968395656922633356201649792e+00, 1.0365682593646786e+00, 7.4370070304318081e-01
0.15400000, 2.33132729570702166807954997733412998749e+00, -1.35460960677434864792586851122554035592e+00, 3.99910364302807115038944784512439902002e+01, 1.57241291363875519365686285265370260041e-02, 5.68088536825676231563883082462018420685e+00, 1.07093109789440337770700009998607379770e+00, 1.0364860256369341e+00, 7.4429811269414375e-01
0.15500000, 2.33138995383501364163272020584086513937e+00, -1.35457565251564089757031889940158381613e+00, 3.99909186673002120971480526271330301209e+01, 1.59290198580206513831484689593632356201e-02, 5.68082516894574796726459426677141145640e+00, 1.07095776395494443168530798726417196328e+00, 1.0364029116841715e+00, 7.4489961116016781e-01
0.15600000, 2.33145302495613806612219029586193466789e+00, -1.35454146694980036831502481610304213298e+00, 3.99908001165933992729780305713705742240e+01, 1.61352370965421032772458311761268942268e-02, 5.68076456589090380386803882979523126923e+00, 1.07098460191558306827098711307223895157e+00, 1.0363189104703987e+00, 7.4550520218334533e-01
0.15700000, 2.33151650921557077838781645478507741763e+00, -1.35450704984771831859897107608557467390e+00, 3.99906807776594993606721207180744821369e+01, 1.63427808546252284550041734100442696789e-02, 5.68070355881351053881867243345439484257e+00, 1.07101161176041333641784854355800133666e+00, 1.0362340149033726e+00, 7.4611488952666284e-01
0.15800000, 2.33158040675945925957679200425289664956e+00, -1.35447240097862260001187057643628289528e+00, 3.99905606499942870577307140250651165590e+01, 1.65516511348163184173251230903600202241e-02, 5.68064214743286882826858503231838180246e+00, 1.07103879347334570470864828229267072535e+00, 1.0361482178343826e+00, 7.4672867697392273e-01
0.15900000, 2.33164471773492334483695296103001076847e+00, -1.35443752011007381629452818068343091519e+00, 3.99904397330900808534968467017709367211e+01, 1.67618479395316758261668565801906150134e-02, 5.68058033146629551211729220978139733705e+00, 1.07106614703810536665224509635840980119e+00, 1.0360615120580330e+00, 7.4734656832966391e-01
0.16000000, 2.33170944229005593675665682428319558442e+00, -1.35440240700796145162526164383819391806e+00, 3.99903180264357384193282826016891267235e+01, 1.69733712710546298999195044360613516368e-02, 5.68051811062911982601886451134230606349e+00, 1.07109367243823053074284984033753293871e+00, 1.0359738903120235e+00, 7.4796856741908150e-01
0.16100000, 2.33177458057392372253185887692095259701e+00, -1.35436706143649996806458631033017786422e+00, 3.99901955295166519652280741514012908150e+01, 1.71862211315325265781798287630917212578e-02, 5.68045548463467958433089611865944121698e+00, 1.07112136965707069518734947105858455099e+00, 1.0358853452769283e+00, 7.4859467808794544e-01
0.16200000, 2.33184013273656789484073696198452601222e+00, -1.35433148315822487202922880482563708336e+00, 3.99900722418147435628493325292106079375e+01, 1.74003975229736933250407511300928318414e-02, 5.68039245319431733390402919014458534317e+00, 1.07114923867778490720576024488979610429e+00, 1.0357958695759733e+00, 7.4922490420251824e-01
0.16300000, 2.33190609892900487640593886372681099685e+00, -1.35429567193398874966538639722999545410e+00, 3.99899481628084604347893078514743261333e+01, 1.76159004472443784387963574272546559979e-02, 5.68032901601737647860990884537869946805e+00, 1.07117727948334000680892857480408500615e+00, 1.0357054557748112e+00, 7.4985924964947151e-01
0.16400000, 2.33197247930322704822424606279266257749e+00, -1.35425962752295727098999308787784301387e+00, 3.99898232919727702100872483646989486837e+01, 1.78327299060656647347396834065916601234e-02, 5.68026517281119737450459831471158541364e+00, 1.07120549205650885495665461523201231169e+00, 1.0356140963812960e+00, 7.5049771833580165e-01
0.16500000, 2.33203927401220348144316370113004227462e+00, -1.35422334968260516266759065654990565054e+00, 3.99896976287791561458398740675775050858e+01, 1.80508859010103574664988040842067358097e-02, 5.68020092328111339552363417717346265736e+00, 1.07123387637986854599846275692852425713e+00, 1.0355217838452545e+00, 7.5114031418874435e-01
0.16600000, 2.33210648320988067286365903968762628025e+00, -1.35418683816871214928923287850989348691e+00, 3.99895711726956123148476647906013984939e+01, 1.82703684334998463501164235683903170393e-02, 5.68013626713044696960404783423283808276e+00, 1.07126243243579860429828476895271085110e+00, 1.0354285105582572e+00, 7.5178704115568814e-01
0.16700000, 2.33217410705118328404797947482021743174e+00, -1.35415009273535886301867376063730855355e+00, 3.99894439231866387592045255329880768434e+01, 1.84911775048009415538292002864920573412e-02, 5.68007120406050558512782137876510503992e+00, 1.07129116020647916494335523682224054651e+00, 1.0353342688533867e+00, 7.5243790320408680e-01
0.16800000, 2.33224214569201488401118625130829238305e+00, -1.35411311313492272146990591878213790103e+00, 3.99893158797132366097427527888391564811e+01, 1.87133131160226835152453562983104964696e-02, 5.68000573377057776758038378246084900148e+00, 1.07132005967388913843664513054853090749e+00, 1.0352390510050049e+00, 7.5309290432137070e-01
0.16900000, 2.33231059928925869547474132412497283394e+00, -1.35407589911807377367892303093879606246e+00, 3.99891870417329031712445846781872748088e+01, 1.89367752681131264463526178810853133334e-02, 5.67993985595792902631688680523956502839e+00, 1.07134913081980435927117770833563558829e+00, 1.0351428492285180e+00, 7.5375204851485711e-01
0.17000000, 2.33237946800077834466018233011068303227e+00, -1.35403845043377051403138058639639238647e+00, 3.99890574086996269733309749255085215229e+01, 1.91615639618560953855131265130024130472e-02, 5.67987357031779777132812919130712704596e+00, 1.07137837362579571828358143513292247016e+00, 1.0350456556801403e+00, 7.5441533981165937e-01
0.17100000, 2.33244875198541861460061428652843140407e+00, -1.35400076682925566400662183474250966915e+00, 3.99889269800638827869375860900768701044e+01, 1.93876791978679166543175526061913457403e-02, 5.67980687654339119989712252239277035027e+00, 1.07140778807322727868323708300304944674e+00, 1.0349474624566561e+00, 7.5508278225859490e-01
0.17200000, 2.33251845140300620194743638747654205177e+00, -1.35396284805005192159732084594938502834e+00, 3.99887957552726266062873509410275330546e+01, 1.96151209765941215758771458504524558193e-02, 5.67973977432588115303641251333675291828e+00, 1.07143737414325437565237059456245573614e+00, 1.0348482615951792e+00, 7.5575437992209218e-01
0.17300000, 2.33258856641435047724940807214817465953e+00, -1.35392469383995767826277184861851090534e+00, 3.99886637337692905962683024770938753492e+01, 1.98438892983061233098297719858118363639e-02, 5.67967226335439994159538552230992903886e+00, 1.07146713181682169941142954284644261778e+00, 1.0347480450729120e+00, 7.5643013688809654e-01
0.17400000, 2.33265909718124424868084034116939633751e+00, -1.35388630394104270327262344205219240144e+00, 3.99885309149937780051247228087126096787e+01, 2.00739841630978666580240215325235212766e-02, 5.67960434331603614192590157109054787570e+00, 1.07149706107466136164305902122371746809e+00, 1.0346468048069015e+00, 7.5711005726197478e-01
0.17500000, 2.33273004386646452919537604833693109075e+00, -1.35384767809364379529661780278806089871e+00, 3.99883972983824580423690089406911141543e+01, 2.03054055708824506935241359150889955858e-02, 5.67953601389583036099370219338288792636e+00, 1.07152716189729094516696245490763260405e+00, 1.0345445326537942e+00, 7.5779414516841871e-01
0.17600000, 2.33280140663377330708149654401752715436e+00, -1.35380881603636040109464855057747579944e+00, 3.99882628833681607218209994091496317395e+01, 2.05381535213887240642476840926810810484e-02, 5.67946727477677097082214391433913283099e+00, 1.07155743426501153675689404973643966487e+00, 1.0344412204095894e+00, 7.5848240475134742e-01
0.17700000, 2.33287318564791831989556154164679535150e+00, -1.35376971750605020116019642487995927497e+00, 3.99881276693801716696808497293574225067e+01, 2.07722280141578528212075409389951643467e-02, 5.67939812563978981215390607526275223577e+00, 1.07158787815790574298998229184604515383e+00, 1.0343368598093903e+00, 7.5917484017380843e-01
0.17800000, 2.33294538107463383174785436793068617957e+00, -1.35373038223782466216893927251166542684e+00, 3.99879916558442268975408866938628029469e+01, 2.10076290485398606199796689932088591342e-02, 5.67932856616375786721541501677066824217e+00, 1.07161849355583568901752799031797965316e+00, 1.0342314425271535e+00, 7.5987145561787765e-01
0.17900000, 2.33301799308064141391676578762386115413e+00, -1.35369080996504455608306198120749239575e+00, 3.99878548421825075402412117155819471966e+01, 2.12443566236901411426583887194871295896e-02, 5.67925859602548090146781528413353669086e+00, 1.07164928043844100014535571958154306563e+00, 1.0341249601754368e+00, 7.6057225528455809e-01
0.18000000, 2.33309102183365072876590631160580879023e+00, -1.35365100041931544576051283296078736798e+00, 3.99877172278136345584731616309950945665e+01, 2.14824107385659425861911390397782794597e-02, 5.67918821489969507422740248257747165845e+00, 1.07168023878513676611072407404648729417e+00, 1.0340174043051450e+00, 7.6127724339367733e-01
0.18100000, 2.33316446750236031693858924821192801499e+00, -1.35361095333048313691716521485759720839e+00, 3.99875788121526634060340716571642956244e+01, 2.17217913919228240616050786927309805681e-02, 5.67911742245906251803751165031273734691e+00, 1.07171136857511148794171779792848470018e+00, 1.0339087664052745e+00, 7.6198642418378385e-01
0.18200000, 2.33323833025645838780377468755281291152e+00, -1.35357066842662909628854763282195365061e+00, 3.99874395946110786616361195259280328172e+01, 2.19624985823110837472481580336893422662e-02, 5.67904621837416688667292949506819691192e+00, 1.07174266978732500728395350130245797154e+00, 1.0337990379026550e+00, 7.6269980191204201e-01
0.18300000, 2.33331261026662361312720806134700532336e+00, -1.35353014543406583583650044365750410141e+00, 3.99872995745967886251713621924731046730e+01, 2.22045323080721586377673973933522331706e-02, 5.67897460231350887165696851788345796766e+00, 1.07177414240050641807833022087593480972e+00, 1.0336882101616905e+00, 7.6341738085412582e-01
0.18400000, 2.33338730770452592394112584039424709291e+00, -1.35348938407733226284480457074940882722e+00, 3.99871587515141198783344069267984213848e+01, 2.24478925673349957291369382645016242558e-02, 5.67890257394350168717040588758778025653e+00, 1.07180578639315196047244643159973099535e+00, 1.0335762744840980e+00, 7.6413916530411144e-01
0.18500000, 2.33346242274282731058553526132948105494e+00, -1.35344838407918899574650561582987462300e+00, 3.99870171247638118095034870387745503587e+01, 2.26925793580123944786278826270356842047e-02, 5.67883013292846652323054989233462949921e+00, 1.07183760174352289684718616278417390793e+00, 1.0334632221086444e+00, 7.6486515957436834e-01
0.18600000, 2.33353795555518262589370465612279902250e+00, -1.35340714516061364552432613966531947791e+00, 3.99868746937430111027800389541162775375e+01, 2.29385926777973203771808979111302139494e-02, 5.67875727893062796701775184213598588628e+00, 1.07186958842964336983884851858469404571e+00, 1.0333490442108814e+00, 7.6559536799544924e-01
0.18700000, 2.33361390631624039149412593361647723842e+00, -1.35336566704079606252421937404324525569e+00, 3.99867314578452661910862018433192669104e+01, 2.31859325241591894702009337050223195765e-02, 5.67868401161010939222573138973724355885e+00, 1.07190174642929824223605704522823818729e+00, 1.0332337319028793e+00, 7.6632979491597865e-01
0.18800000, 2.33369027520164360720083097318570739785e+00, -1.35332394943713354852076916096126106241e+00, 3.99865874164605216732189835023124417430e+01, 2.34345988943401236613410636031019402783e-02, 5.67861033062492831631112833739065865785e+00, 1.07193407572003091862953792277424762281e+00, 1.0331172762329579e+00, 7.6706844470254015e-01
0.18900000, 2.33376706238803056346355907661258257440e+00, -1.35328199206522603387178340666924003318e+00, 3.99864425689751126947591566862448922921e+01, 2.36845917853511766323793228126656602846e-02, 5.67853623563099172551673406493392856178e+00, 1.07196657627914114869169878306572478561e+00, 1.0329996681854163e+00, 7.6781132173956228e-01
0.19000000, 2.33384426805303565684888312497073501499e+00, -1.35323979463887121959806170168171722398e+00, 3.99862969147717592927322686006168958880e+01, 2.39359111939685302108183495185783028356e-02, 5.67846172628209136754189071068339370097e+00, 1.07199924808368281196177296226084278916e+00, 1.0328808986802611e+00, 7.6855843042920312e-01
0.19100000, 2.33392189237529020852300764147747457736e+00, -1.35319735687005968422294190582065707908e+00, 3.99861504532295607039184627511965508368e+01, 2.41885571167296610153525447308761952466e-02, 5.67838680222989901173257612144246548289e+00, 1.07203209111046168401111707927262723775e+00, 1.0327609585729316e+00, 7.6930977519123341e-01
0.19200000, 2.33399993553442328570655250686713518700e+00, -1.35315467846896995520484534178615556229e+00, 3.99860031837239896367071268403182834792e+01, 2.44425295499294772078512295476431010308e-02, 5.67831146312396167666271732164975101008e+00, 1.07206510533603318386206288279411131850e+00, 1.0326398386540244e+00, 7.7006536046291842e-01
0.19300000, 2.33407839771106252607123154808805685835e+00, -1.35311175914396354479464569295245883955e+00, 3.99858551056268865063916928668866367788e+01, 2.46978284896164251789987875287140592382e-02, 5.67823570861169682497729479440266588514e+00, 1.07209829073670010253252722042750730440e+00, 1.0325175296490153e+00, 7.7082519069889829e-01
0.19400000, 2.33415727908683496504792556045878204865e+00, -1.35306859860157995014828267155944726436e+00, 3.99857062183064536337992260355294169208e+01, 2.49544539315885659932139191948724255733e-02, 5.67815953833838752536681417865548392145e+00, 1.07213164728851031257737664370063268207e+00, 1.0323940222179801e+00, 7.7158927037106701e-01
0.19500000, 2.33423657984436786601523446347661721836e+00, -1.35302519654653161752362792196071207406e+00, 3.99855565211272494071487475018549782805e+01, 2.52124058713896214169397904552941811632e-02, 5.67808295194717758154173102697939752784e+00, 1.07216517496725445849632546121398238114e+00, 1.0322693069553124e+00, 7.7235760396845001e-01
0.19600000, 2.33431630016728955333717316609027007217e+00, -1.35298155268169887038918735907050690959e+00, 3.99854060134501824070315423708449549405e+01, 2.54716843043049893528549108367411524946e-02, 5.67800594907906662807441799636871920246e+00, 1.07219887374846362787691787641461532849e+00, 1.0321433743894407e+00, 7.7313019599708023e-01
0.19700000, 2.33439644024023024821825026244996845691e+00, -1.35293766670812480127079112281378806465e+00, 3.99852546946325054944060087194151151691e+01, 2.57322892253577285010009134429885442066e-02, 5.67792852937290519297526221997275307067e+00, 1.07223274360740700313990608294630746781e+00, 1.0320162149825431e+00, 7.7390705097987278e-01
0.19800000, 2.33447700024882290734373782712987976852e+00, -1.35289353832501012716097946262736114059e+00, 3.99851025640278098614989057276495011353e+01, 2.59942206293045120662579081888322018328e-02, 5.67785069246538972686847358942609975941e+00, 1.07226678451908949375308672438309327609e+00, 1.0318878191302596e+00, 7.7468817345649810e-01
0.19900000, 2.33455798037970406427250426193848969562e+00, -1.35284916722970800831434005848919532622e+00, 3.99849496209860190455041592718942668719e+01, 2.62574785106315503300206234684789462447e-02, 5.67777243799105759863217222454797092043e+00, 1.07230099645824934877839784040034026107e+00, 1.0317581771614037e+00, 7.7547356798325366e-01
0.20000000, 2.33463938082051467354934029620424092292e+00, -1.35280455311771883025058944236459082217e+00, 3.99847958648533829049696815527208479044e+01, 2.65220628635504819023390183208528258222e-02, 5.67769376558228205736630547829766538146e+00, 1.07233537939935574961580720082483632622e+00, 1.0316272793376709e+00, 7.7626323913293410e-01
0.20100000, 2.33472120175990095750326078949759162272e+00, -1.35275969568268494878571821133502483301e+00, 3.99846412949724715587619574978663156233e+01, 2.67879736819942334691853154676970093550e-02, 5.67761467486926716055092137853004307737e+00, 1.07236993331660638280624065403468923044e+00, 1.0314951158533459e+00, 7.7705719149469995e-01
0.20200000, 2.33480344338751525569781185990639919627e+00, -1.35271459461638539791003652517822604496e+00, 3.99844859106821692874974447909691909498e+01, 2.70552109596128478478953522699010402030e-02, 5.67753516548004266825629640261988311240e+00, 1.07240465818392499275450566708804715264e+00, 1.0313616768350081e+00, 7.7785542967394465e-01
0.20300000, 2.33488610589401687699895399111513599815e+00, -1.35266924960873056033046286012499877312e+00, 3.99843297113176683973291264277874214890e+01, 2.73237746897692801622056474274755942903e-02, 5.67745523704045890326538087455237737771e+00, 1.07243955397495891423186049070322200790e+00, 1.0312269523412344e+00, 7.7865795829216022e-01
0.20400000, 2.33496918947107295422562708565004851350e+00, -1.35262366034775680049289504941816838293e+00, 3.99841726962104630459758446893705890039e+01, 2.75936648655351619466685106881819779062e-02, 5.67737488917418157696798502455014165460e+00, 1.07247462066307658451656322045190410096e+00, 1.0310909323623008e+00, 7.7946478198680115e-01
0.20500000, 2.33505269431135930134763285683401363913e+00, -1.35257782651962105989898818178164588777e+00, 3.99840148646883430308813333433373532129e+01, 2.78648814796865329885757542591617186281e-02, 5.67729412150268658088508281647281626870e+00, 1.07250985822136503502940732260960157746e+00, 1.0309536068198818e+00, 7.8027590541114691e-01
0.20600000, 2.33513662060856127319499341441797950294e+00, -1.35253174780859541453013885175538329008e+00, 3.99838562160753875393891507371807030301e+01, 2.81374245246995407138569701321121058682e-02, 5.67721293364525474368055898563759030830e+00, 1.07254526662262736231991082405238711384e+00, 1.0308149655667477e+00, 7.8109133323416268e-01
0.20700000, 2.33522096855737462764246232375873584984e+00, -1.35248542389706159418993946098088439962e+00, 3.99836967496919588608190002288140084598e+01, 2.84112939927461069217407879854513804457e-02, 5.67713132521896655351666729672795497437e+00, 1.07258084583938017825747520407054083081e+00, 1.0306749983864601e+00, 7.8191107014035855e-01
0.20800000, 2.33530573835350639023237573008752971003e+00, -1.35243885446550546357481965597256178930e+00, 3.99835364648546960603292061070384239390e+01, 2.86864898756895616712768933046851743182e-02, 5.67704929583869684560840478524987803159e+00, 1.07261659584385103928046694429999953527e+00, 1.0305336949930657e+00, 7.8273512082964712e-01
0.20900000, 2.33539093019367572119853626119386965428e+00, -1.35239203919251146488103445383879784341e+00, 3.99833753608765086144493927861521705515e+01, 2.89630121650802441211127331767798950734e-02, 5.67696684511710945483093764353164219043e+00, 1.07265251660797585455479956208522354223e+00, 1.0303910450307877e+00, 7.8356349001719936e-01
0.21000000, 2.33547654427561478485332127609465784472e+00, -1.35234497775475702175459005008574758408e+00, 3.99832134370665700081666926126719597744e+01, 2.92408608521510701222016348867855626651e-02, 5.67688397266465183323313941032411255107e+00, 1.07268860810339627289220664201993793542e+00, 1.0302470380737155e+00, 7.8439618243329882e-01
0.21100000, 2.33556258079806962129969953534585824148e+00, -1.35229766982700690438911861840662578716e+00, 3.99830506927303112934480830964808567894e+01, 2.95200359278130663613883756904132032668e-02, 5.67680067808954963230922117822660632800e+00, 1.07272487030145704827699675828983182433e+00, 1.0301016636254920e+00, 7.8523320282319423e-01
0.21200000, 2.33564903996080102042932645095838603479e+00, -1.35225011508210755557512249667729534551e+00, 3.99828871271694146090807277722922030813e+01, 2.98005373826508708520739353490429951927e-02, 5.67671696099780124987934660183044167353e+00, 1.07276130317320338384866911345766862602e+00, 1.0299549111190000e+00, 7.8607455594695030e-01
0.21300000, 2.33573592196458539816736764976499422883e+00, -1.35220231319098137750240590077179483357e+00, 3.99827227396818066617114662090205980308e+01, 3.00823652069181995664030992518591369745e-02, 5.67663282099317234142903152783457363634e+00, 1.07279790668937825418634407273188877111e+00, 1.0298067699160451e+00, 7.8692024657929685e-01
0.21400000, 2.33582322701121567492417357188696416557e+00, -1.35215426382262097911589861187443002593e+00, 3.99825575295616521679658679136363766164e+01, 3.03655193905332790016466209200538647503e-02, 5.67654825767719029575602903244890567119e+00, 1.07283468082041970573952541032374692024e+00, 1.0296572293070381e+00, 7.8777027950947619e-01
0.21500000, 2.33591095530350215621339414296367082531e+00, -1.35210596664408338382345083635308670273e+00, 3.99823914960993472575265320217762847648e+01, 3.06499999230742444716636587297325002869e-02, 5.67646327064913867477229549697101377303e+00, 1.07287162553645813524826086851972257371e+00, 1.0295062785106741e+00, 7.8862465954108872e-01
0.21600000, 2.33599910704527341539558212127449757380e+00, -1.35205742132048419735254153167616712924e+00, 3.99822246385815128370495797294913325545e+01, 3.09358067937745039125300317597568873383e-02, 5.67637785950605161730752203511820423759e+00, 1.07290874080731354599430442136665018017e+00, 1.0293539066736105e+00, 7.8948339149193681e-01
0.21700000, 2.33608768244137717850578644397107965277e+00, -1.35200862751499173555119381804769620558e+00, 3.99820569562909879147975493990144560612e+01, 3.12229399915180669896033513258497318827e-02, 5.67629202384270820675959806094335369486e+00, 1.07294602660249278172340729265618126821e+00, 1.0292001028701426e+00, 7.9034648019386683e-01
0.21800000, 2.33617668169768121112308269443370933219e+00, -1.35195958488882111192673054317652934771e+00, 3.99818884485068228858661651665930296121e+01, 3.15113995048348392914671341453485745884e-02, 5.67620576325162680243625000919173928608e+00, 1.07298348289118673807737515993150435886e+00, 1.0290448561018775e+00, 7.9121393049260937e-01
0.21900000, 2.33626610502107420723942659825449497909e+00, -1.35191029310122828471433052568126769977e+00, 3.99817191145042727778817086928138307602e+01, 3.18011853218958813943524448991423085988e-02, 5.67611907732305933443096814580690845044e+00, 1.07302110964226755137302593869145647506e+00, 1.0288881552974053e+00, 7.9208574724761769e-01
0.22000000, 2.33635595261946668008464814040220324087e+00, -1.35186075180950406326566135886764063706e+00, 3.99815489535547904570449804263082415030e+01, 3.20922974305086325787773034817039122245e-02, 5.67603196564498556187519798981480571094e+00, 1.07305890682428576456366593842464657457e+00, 1.0287299893119690e+00, 7.9296193533190424e-01
0.22100000, 2.33644622470179185486382839148000379730e+00, -1.35181096066896807354616779780494258580e+00, 3.99813779649260197943970914014250189274e+01, 3.23847358181120989782708772552426563716e-02, 5.67594442780310729440763006366398337809e+00, 1.07309687440546747021717186755932095900e+00, 1.0285703469271322e+00, 7.9384249963187537e-01
0.22200000, 2.33653692147800656336271834624202652183e+00, -1.35176091933296268252788556456755365904e+00, 3.99812061478817887921815791608692211782e+01, 3.26785004717720059381612114667387109545e-02, 5.67585646338084257670027245174228814094e+00, 1.07313501235371143034322198923481180880e+00, 1.0284092168504444e+00, 7.9472744504716413e-01
0.22300000, 2.33662804315909214037626892112039185736e+00, -1.35171062745284688126292877397097838317e+00, 3.99810335016821026701765918872181795336e+01, 3.29735913781759143605017804651791499787e-02, 5.67576807195931983587983493050342636986e+00, 1.07317332063658617290066154371974948089e+00, 1.0282465877151043e+00, 7.9561677649046113e-01
0.22400000, 2.33671958995705532191474363668597511326e+00, -1.35166008467799012642106498886250850813e+00, 3.99808600255831369118701332447516753704e+01, 3.32700085236283008092933157728326254817e-02, 5.67567925311737199168179119250736369499e+00, 1.07321179922132706481441520439341802263e+00, 1.0280824480796218e+00, 7.9651049888734354e-01
0.22500000, 2.33681156208492914514128033178421302183e+00, -1.35160929065576614007304504272626971147e+00, 3.99806857188372302703506067776168537615e+01, 3.35677518940456011482230301874556588743e-02, 5.67559000643153052917331687460499336890e+00, 1.07325044807483336132977266886201737239e+00, 1.0279167864274770e+00, 7.9740861717610211e-01
0.22600000, 2.33690395975677384999415542340161264739e+00, -1.35155824503154666749959509968052459356e+00, 3.99805105806928777337841429847690490893e+01, 3.38668214749512174811933541391842016908e-02, 5.67550033147601953388012567119032244145e+00, 1.07328926716366523153027234969220894703e+00, 1.0277495911667775e+00, 7.9831113630756619e-01
0.22700000, 2.33699678318767778244638364375160080718e+00, -1.35150694744869519280420583846816220603e+00, 3.99803346103947234503494343995117212337e+01, 3.41672172514704881639464741445431673139e-02, 5.67541022782274968915104372042580182398e+00, 1.07332825645404075984379236337867761247e+00, 1.0275808506299136e+00, 7.9921806124492683e-01
0.22800000, 2.33709003259375829935465775599771002011e+00, -1.35145539754856061210606802728194835733e+00, 3.99801578071835536125000441452772030978e+01, 3.44689392083256206531091544511039721062e-02, 5.67531969504131223559297364795526012047e+00, 1.07336741591183292335982746274500239453e+00, 1.0274105530732117e+00, 8.0012939696355781e-01
0.22900000, 2.33718370819216267484899637357373848818e+00, -1.35140359497047086408770497865217633567e+00, 3.99799801702962893004233915233782100027e+01, 3.47719873298305869569843713046481028094e-02, 5.67522873269897289240770409200566139639e+00, 1.07340674550256654477928505646649394907e+00, 1.0272386866765852e+00, 8.0104514845083468e-01
0.23000000, 2.33727781020106900821382358505096973492e+00, -1.35135153935172651767004031548780833045e+00, 3.99798016989659792845648542170168077482e+01, 3.50763615998859814504020325266860055188e-02, 5.67513734036066574046081816891060740182e+00, 1.07344624519141522081647284747048914139e+00, 1.0270652395431834e+00, 8.0196532070595175e-01
0.23100000, 2.33737233883968713321055151548114909756e+00, -1.35129923032759431658581401692795379510e+00, 3.99796223924217927870846606734344550799e+01, 3.53820620019738408139103294510753088741e-02, 5.67504551758898706691174512174873238975e+00, 1.07348591494319822587127473547423632899e+00, 1.0268901996990385e+00, 8.0288991873973698e-01
0.23200000, 2.33746729432825952879107613333483651312e+00, -1.35124666753130068062042072103518855843e+00, 3.99794422498890122021144781576760161094e+01, 3.56890885191524258555419082592917795008e-02, 5.67495326394418917123278327958014738234e+00, 1.07352575472237739078782030189032274200e+00, 1.0267135550927102e+00, 8.0381894757446481e-01
0.23300000, 2.33756267688806223115092743544862005461e+00, -1.35119385059402516328739161452266146527e+00, 3.99792612705890257746798318623627041411e+01, 3.59974411340509649713248862181499364215e-02, 5.67486057898417413244369939310395851113e+00, 1.07356576449305395651424625993601094826e+00, 1.0265352935949285e+00, 8.0475241224366689e-01
0.23400000, 2.33765848674140574707013750533002775776e+00, -1.35114077914489386570387481048883670881e+00, 3.99790794537393202381537183138603006830e+01, 3.63071198288643589986276064039834193694e-02, 5.67476746226448753738727935668973684320e+00, 1.07360594421896540247642553931808831389e+00, 1.0263554029982343e+00, 8.0569031779194061e-01
0.23500000, 2.33775472411163596848920373591343294123e+00, -1.35108745281097280642958877521993298939e+00, 3.99788967985534734101060021424303408960e+01, 3.66181245853478472143277516153049605509e-02, 5.67467391333831216986996822871712055672e+00, 1.07364629386348224947680101171835244297e+00, 1.0261738710166177e+00, 8.0663266927475557e-01
0.23600000, 2.33785138922313508826682962819138168001e+00, -1.35103387121726124703082898502895786261e+00, 3.99787133042411467464124090889161980646e+01, 3.69304553848116342276808520129306283302e-02, 5.67457993175646166049049327387465107324e+00, 1.07368681338960483692770607693948386310e+00, 1.0259906852851541e+00, 8.0757947175825778e-01
0.23700000, 2.33794848230132251706542191243171098532e+00, -1.35098003398668497312919944317363585124e+00, 3.99785289700080778534861499102166556196e+01, 3.72441122081154775156301475027645913558e-02, 5.67448551706737409697811242422978295239e+00, 1.07372750275996007422678324449880461145e+00, 1.0258058333596387e+00, 8.0853073031907173e-01
0.23800000, 2.33804600357265580130961017787058421764e+00, -1.35092594074008953069281783328710971614e+00, 3.99783437950560729584944296276392043303e+01, 3.75590950356632353461490291308841204610e-02, 5.67439066881710559486087204202070228862e+00, 1.07376836193679816608032428421498039788e+00, 1.0256193027162183e+00, 8.0948645004410021e-01
0.23900000, 2.33814395326463154216233362733507299472e+00, -1.35087159109623341732580579641829027426e+00, 3.99781577785829993374213143440442024907e+01, 3.78754038473973748330387061302340736436e-02, 5.67429538654932382828299211759829882340e+00, 1.07380939088198931157855130245664835929e+00, 1.0254310807510212e+00, 8.1044663603032187e-01
0.24000000, 2.33824233160578631546230888121674606623e+00, -1.35081698467178122830992395945381504704e+00, 3.99779709197827777008376436457759065696e+01, 3.81930386227934398634171472572067564306e-02, 5.67419966980530152078922400195339837405e+00, 1.07385058955702037682503704672350960733e+00, 1.0252411547797847e+00, 8.1141129338458657e-01
0.24100000, 2.33834113882569759256595282512057145502e+00, -1.35076212108129675715024477789656805472e+00, 3.99777832178453745372378904124693400675e+01, 3.85119993408544786369305453546116398598e-02, 5.67410351812390989589274540582082198850e+00, 1.07389195792299154092062466657011944484e+00, 1.0250495120374810e+00, 8.1238042722340833e-01
0.24200000, 2.33844037515498466203608521037123135308e+00, -1.35070699993723605037477484898516241236e+00, 3.99775946719567944138030816911296508004e+01, 3.88322859801054305534953694794511921606e-02, 5.67400693104161208724186964731107209058e+00, 1.07393349594061291510035187794436514291e+00, 1.0248561396779403e+00, 8.1335404267275614e-01
0.24300000, 2.33854004082530955211897695785970735926e+00, -1.35065162084994041633594196398344457607e+00, 3.99774052812990722344481041600834285033e+01, 3.91538985185874721841373143566968357116e-02, 5.67390990809245650819955094806985589200e+00, 1.07397520357020113482001180307763884484e+00, 1.0246610247734720e+00, 8.1433214486784221e-01
0.24400000, 2.33864013606937795395054176339134650629e+00, -1.35059598342762938775985066191524345664e+00, 3.99772150450502654550109256236630639106e+01, 3.94768369338523220572329453718914227683e-02, 5.67381244880807018064836491462895384114e+00, 1.07401708077167592458709249928396179619e+00, 1.0244641543144838e+00, 8.1531473895290811e-01
0.24500000, 2.33874066112094014543169053511202016786e+00, -1.35054008727639363778718328055833455677e+00, 3.99770239623844462554404699504621267924e+01, 3.98011012029565039901803798724661852923e-02, 5.67371455271765202283233314725121554770e+00, 1.07405912750455663532892915539669189361e+00, 1.0242655152090985e+00, 8.1630183008100829e-01
0.24600000, 2.33884161621479191571208028750360788429e+00, -1.35048393200018784924758133234587538463e+00, 3.99768320324716936688390869078510710648e+01, 4.01266913024555686942267513328237267909e-02, 5.67361621934796609604564314339034316185e+00, 1.07410134372795875408897692990656995010e+00, 1.0240650942827686e+00, 8.1729342341379135e-01
0.24700000, 2.33894300158677549022069124699632716428e+00, -1.35042751720082353690728431985521329160e+00, 3.99766392544780856672147604648401119440e+01, 4.04536072083982733778622790975167615168e-02, 5.67351744822333480997698925692801256812e+00, 1.07414372940059038584016823376551451858e+00, 1.0238628782778885e+00, 8.1828952412127882e-01
0.24800000, 2.33904481747378045618085796494335546725e+00, -1.35037084247796182242772970338051081344e+00, 3.99764456275656912037973993465144199861e+01, 4.07818488963207190718533180965636943208e-02, 5.67341823886563208651692738750732128902e+00, 1.07418628448074870720235572464978099554e+00, 1.0236588538534054e+00, 8.1929013738164149e-01
0.24900000, 2.33914706411374468854656205637713435951e+00, -1.35031390742910616177072849594706951390e+00, 3.99762511508925622117727519388735284263e+01, 4.11114163412404453966295932504001983778e-02, 5.67331859079427648183429525629063543177e+00, 1.07422900892631639184886117732981947618e+00, 1.0234530075844264e+00, 8.2029526838097326e-01
0.25000000, 2.33924974174565527629596565776206421559e+00, -1.35025671164959502478372574195061253235e+00, 3.99760558236127255592866840762534111485e+01, 4.14423095176504824903637333258854530761e-02, 5.67321850352622426652640152491982793963e+00, 1.07427190269475800738515052347262879624e+00, 1.0232453259618251e+00, 8.2130492231306247e-01
0.25100000, 2.33935285060954944901732569230753163734e+00, -1.35019925473259452669653378595869618977e+00, 3.99758596448761749605717528084218160816e+01, 4.17745283995133598136840077753999297874e-02, 5.67311797657596246364633058278857626790e+00, 1.07431496574311638348063650818106095196e+00, 1.0230357953918447e+00, 8.2231910437916069e-01
0.25200000, 2.33945639094651550372157941400394614182e+00, -1.35014153626909101125878860829033550281e+00, 3.99756626138288628430472019553062172058e+01, 4.21080729602550715445436344999803564807e-02, 5.67301700945550184440934551324620171313e+00, 1.07435819802800895103257238197461081217e+00, 1.0228244021956993e+00, 8.2333781978774904e-01
0.25300000, 2.33956036299869373181503133632682899975e+00, -1.35008355584788358524522544260842597613e+00, 3.99754647296126921702426961291067174142e+01, 4.24429431727589982743319613171221486072e-02, 5.67291560167436988137899950119516962224e+00, 1.07440159950562405213894262547491236758e+00, 1.0226111326091733e+00, 8.2436107375430177e-01
0.25400000, 2.33966476700927734616470040166781168292e+00, -1.35002531305557660405369924533639724937e+00, 3.99752659913655082203952989518187217690e+01, 4.27791390093597847138540218329615083675e-02, 5.67281375273960365893218571173576291271e+00, 1.07444517013171722065517967709936162520e+00, 1.0223959727822181e+00, 8.2538887150104739e-01
0.25500000, 2.33976960322251340818800397433293519646e+00, -1.34996680747657210811868820325466640091e+00, 3.99750663982210903205683884370968618866e+01, 4.31166604418371731153252178967276313996e-02, 5.67271146215574274080096740093182852551e+00, 1.07448890986160743310743878646600091883e+00, 1.0221789087785468e+00, 8.2642121825672703e-01
0.25600000, 2.33987487188370375489756180289701535500e+00, -1.34990803869306220986081418872876757433e+00, 3.99748659493091435361403879556982230627e+01, 4.34555074414097921140269741380440842491e-02, 5.67260872942482199448763366416858768094e+00, 1.07453281865017332973304623037409205535e+00, 1.0219599265752264e+00, 8.2745811925635026e-01
0.25700000, 2.33998057323920592583099835445403761251e+00, -1.34984900628502143089069274481608139575e+00, 3.99746646437552903155103748808381897045e+01, 4.37956799787289006907469313203153319815e-02, 5.67250555404636437234802173356576097059e+00, 1.07457689645184940541659898404234567516e+00, 1.0217390120622680e+00, 8.2849957974094813e-01
0.25800000, 2.34008670753643408979470572960404490276e+00, -1.34978970983019898918318664668565147056e+00, 3.99744624806810620898668109317001995757e+01, 4.41371780238720869535833782055777309649e-02, 5.67240193551737364913673405198930792438e+00, 1.07462114322062217028803631511596589748e+00, 1.0215161510422146e+00, 8.2954560495732350e-01
0.25900000, 2.34019327502385997134960157669698616957e+00, -1.34973014890411103593588118159207060080e+00, 3.99742594592038908278648184187330459945e+01, 4.44800015463369214351279478651022778084e-02, 5.67229787333232711580645742574321196152e+00, 1.07466555891002627974682543657835392471e+00, 1.0212913292297266e+00, 8.3059620015779872e-01
0.26000000, 2.34030027595101377696597688880026725899e+00, -1.34967032308003284182332585581417632448e+00, 3.99740555784371005450566050625780346886e+01, 4.48241505150345645984529031341265719389e-02, 5.67219336698316822935216233927056748478e+00, 1.07471014347314063367420408930303900005e+00, 1.0210645322511654e+00, 8.3165137059996041e-01
0.26100000, 2.34040771056848512077357713698504771394e+00, -1.34961023192899093235629611074970103225e+00, 3.99738508374898987679188168294983855718e+01, 4.51696248982833282427193841209771207156e-02, 5.67208841595929921848952295128744476920e+00, 1.07475489686258444459320249509825383579e+00, 1.0208357456441738e+00, 8.3271112154640155e-01
0.26200000, 2.34051557912792394983209671675342613824e+00, -1.34954987501975517205301964748352204913e+00, 3.99736452354673679523197733207261231648e+01, 4.55164246638021904965905629100507766975e-02, 5.67198301974757364495545233073930289716e+00, 1.07479981903051327453392529360155070580e+00, 1.0206049548572555e+00, 8.3377545826446064e-01
0.26300000, 2.34062388188204146884629100664393405476e+00, -1.34948925191883079712698495382811693160e+00, 3.99734387714704568562687136925882786428e+01, 4.58645497787042640849785190334974965663e-02, 5.67187717783228892021719308072678765477e+00, 1.07484490992861504035931061544082712572e+00, 1.0203721452493507e+00, 8.3484438602595813e-01
0.26400000, 2.34073261908461106424892230308938113689e+00, -1.34942836219045039639360443273625230847e+00, 3.99732314445959718667883528907286788776e+01, 4.62140002094902175519755837081932117550e-02, 5.67177088969517877737494058691146444640e+00, 1.07489016950810598730429811111729341603e+00, 1.0201373020894108e+00, 8.3591791010692988e-01
0.26500000, 2.34084179099046922757375534520676102768e+00, -1.34936720539656584009564097721603821277e+00, 3.99730232539365682807512181780351005177e+01, 4.65647759220416491201196685859969759677e-02, 5.67166415481540569804150466159975081589e+00, 1.07493559771972663047903030873681152724e+00, 1.0199004105559700e+00, 8.3699603578735768e-01
0.26600000, 2.34095139785551647803980491700616925276e+00, -1.34930578109684015634492475397212653394e+00, 3.99728141985807415395194045455864187992e+01, 4.69168768816144128634184607240802915415e-02, 5.67155697266955329398103528333830817379e+00, 1.07498119451373766408438186986009582823e+00, 1.0196614557367148e+00, 8.3807876835089695e-01
0.26700000, 2.34106143993671828426701195000172958917e+00, -1.34924408884863935487548617389981564187e+00, 3.99726042776128184172265546433783513155e+01, 4.72703030528318968688090920314871024872e-02, 5.67144934273161864328734940197021933212e+00, 1.07502695983991583808575890435487368565e+00, 1.0194204226280511e+00, 8.3916611308460135e-01
0.26800000, 2.34117191749210598504248548170369969112e+00, -1.34918212820702419780081136861200768785e+00, 3.99723934901129481625400343778673399197e+01, 4.76250543996782530579577384473370652324e-02, 5.67134126447300458088089833814745752047e+00, 1.07507289364754980208873524232716810336e+00, 1.0191772961346691e+00, 8.4025807527864446e-01
0.26900000, 2.34128283078077770905539558807160463488e+00, -1.34911989872474191706548778310227730133e+00, 3.99721818351570935937404393223728462688e+01, 4.79811308854915783385073288609463368784e-02, 5.67123273736251194310190910164061983056e+00, 1.07511899588543591615769419117791515150e+00, 1.0189320610691063e+00, 8.4135466022603841e-01
0.27000000, 2.34139418006289929351753683157932807067e+00, -1.34905739995221787827904955852358262101e+00, 3.99719693118170221469547296007817908086e+01, 4.83385324729570467510609010166846665100e-02, 5.67112376086633176617571793172600802777e+00, 1.07516526650187402831622257281189979443e+00, 1.0186847021513066e+00, 8.4245587322234944e-01
0.27100000, 2.34150596559970520158550267968000478328e+00, -1.34899463143754719061735503732081279185e+00, 3.99717559191602968773784519623035189194e+01, 4.86972591240999922753428834646063810294e-02, 5.67101433444803743832479047268762603549e+00, 1.07521170544466321846555848126050768355e+00, 1.0184352040081795e+00, 8.4356171956541035e-01
0.27200000, 2.34161818765349943849931857745378765928e+00, -1.34893159272648626247433179535599214736e+00, 3.99715416562502674133216673935592660113e+01, 4.90573108002789419561104584848831922528e-02, 5.67090445756857680530039018520800179207e+00, 1.07525831266109750845492496267692775527e+00, 1.0181835511731545e+00, 8.4467220455502994e-01
0.27300000, 2.34173084648765646635127472703167216345e+00, -1.34886828336244430254440791028065326885e+00, 3.99713265221460608629123608432336063383e+01, 4.94186874621785990064919176168424259741e-02, 5.67079412968626422910531480723867792162e+00, 1.07530508809796153803508843295898754673e+00, 1.0179297280857350e+00, 8.4578733349269913e-01
0.27400000, 2.34184394236662211739757895660073588529e+00, -1.34880470288647476601341152861051995309e+00, 3.99711105159025726732902664939073471713e+01, 4.97813890698027755435083030413319213821e-02, 5.67068335025677259967756986288746607162e+00, 1.07535203170152620642396284517597322966e+00, 1.0176737190910484e+00, 8.4690711168129402e-01
0.27500000, 2.34195747555591450582431517259421840743e+00, -1.34874085083726674553316401039292838608e+00, 3.99708936365704574421231975364524481570e+01, 5.01454155824672746075883759379288725165e-02, 5.67057211873312529930328832193668006682e+00, 1.07539914341754427921053812839520408261e+00, 1.0174155084393956e+00, 8.4803154442477572e-01
0.27600000, 2.34207144632212493787804359679981571849e+00, -1.34867672675113630665241482293985981961e+00, 3.99706758831961196812771236163175147255e+01, 5.05107669587927211149148056339429669992e-02, 5.67046043456568811952563648277499976059e+00, 1.07544642319124596032084396710327359796e+00, 1.0171550802857958e+00, 8.4916063702788686e-01
0.27700000, 2.34218585493291882027021510985453223383e+00, -1.34861233016201776737416873498710846725e+00, 3.99704572548217045324703920608991787125e+01, 5.08774431566973413884411666432582297115e-02, 5.67034829720216113031486793471093858263e+00, 1.07549387096733442876706729864395594567e+00, 1.0168924186895314e+00, 8.5029439479584493e-01
0.27800000, 2.34230070165703656676339336569917196185e+00, -1.34854766060145492150683753921917325686e+00, 3.99702377504850884347416406966439357956e+01, 5.12454441333896909103945974849402829611e-02, 5.67023570608757050126309999873519950762e+00, 1.07554148668998133989832369412309879302e+00, 1.0166275076136885e+00, 8.5143282303403218e-01
0.27900000, 2.34241598676429450284608471726034073869e+00, -1.34848271759859220547400931196676625820e+00, 3.99700173692198697435601005581700452216e+01, 5.16147698453613299360275455278650185678e-02, 5.67012266066426027456579029568775791067e+00, 1.07558927030282229086893877191650832368e+00, 1.0163603309246962e+00, 8.5257592704768235e-01
0.28000000, 2.34253171052558576840176720855186189655e+00, -1.34841750068016580824496790982910897178e+00, 3.99697961100553593014061361151209547724e+01, 5.19854202483794466053036231766037541239e-02, 5.67000916037188408955028499432350345490e+00, 1.07563722174895225003742568475602857698e+00, 1.0160908723918634e+00, 8.5372371214156381e-01
0.28100000, 2.34264787321288121827648574656168879758e+00, -1.34835200937049472404541380796121889733e+00, 3.99695739720165709596490188322276867453e+01, 5.23573952974794271860969567037674897779e-02, 5.66989520464739685851019479580985138108e+00, 1.07568534097092095000664823045449867263e+00, 1.0158191156869124e+00, 8.5487618361965948e-01
0.28200000, 2.34276447509923032064814086907961309468e+00, -1.34828624319147174750513430591896695954e+00, 3.99693509541242120515480769717400894167e+01, 5.27306949469573730793512411786088460777e-02, 5.66978079292504639360272976258219120561e+00, 1.07573362791072824401293596830744691371e+00, 1.0155450443835112e+00, 8.5603334678484319e-01
0.28300000, 2.34288151645876205309934307069585010435e+00, -1.34822020166255441089664636453242948942e+00, 3.99691270553946738162025105835824701288e+01, 5.31053191503625642134837414645793639131e-02, 5.66966592463636498456448964508623460523e+00, 1.07578208250981942536916758023170306658e+00, 1.0152686419568027e+00, 8.5719520693855260e-01
0.28400000, 2.34299899756668579629443323449820561850e+00, -1.34815388430075586311608868966205304773e+00, 3.99689022748400217732743056469383252415e+01, 5.34812678604898684521304153377474714555e-02, 5.66955059921016092699956234662229714517e+00, 1.07583070470908050966406129638487532330e+00, 1.0149898917829318e+00, 8.5836176938045863e-01
0.28500000, 2.34311691869929222515998213468050368594e+00, -1.34808729062063569005487094236543075297e+00, 3.99686766114679860483078253681757987535e+01, 5.38585410293720966361108925096872373853e-02, 5.66943481607251000099212954116937170965e+00, 1.07587949444883347941710620438816592306e+00, 1.0147087771385697e+00, 8.5953303940813128e-01
0.28600000, 2.34323528013395419746677801569892736962e+00, -1.34802042013429067600779692453135023064e+00, 3.99684500642819516484687997458782031155e+01, 5.42371386082723028772459317004254973286e-02, 5.66931857464674689979411516863068907666e+00, 1.07592845166883149088573537075218423558e+00, 1.0144252812004365e+00, 8.6070902231670193e-01
0.28700000, 2.34335408214912763970999070427395400047e+00, -1.34795327235134550576056505705291801241e+00, 3.99682226322809486885245767271350508641e+01, 5.46170605476760297183849027215958681430e-02, 5.66920187435345660833673952336986215164e+00, 1.07597757630825404271848061040864450636e+00, 1.0141393870448204e+00, 8.6188972339852201e-01
0.28800000, 2.34347332502435243018286335603678612611e+00, -1.34788584677894340699671322478907992011e+00, 3.99679943144596425668866396441967631930e+01, 5.49983067972834977706965044264263350200e-02, 5.66908471461046573131315887220713413496e+00, 1.07602686830570210614495912938325391830e+00, 1.0138510776470957e+00, 8.6307514794281799e-01
0.28900000, 2.34359300904025327913792856062682116211e+00, -1.34781814292173673266121589760602135636e+00, 3.99677651098083240915355361822656758983e+01, 5.53808773060017394359420317599599529249e-02, 5.66896709483283377057767793428382974388e+00, 1.07607632759919321639062381683722534289e+00, 1.0135603358812371e+00, 8.6426530123534268e-01
0.29000000, 2.34371313447854060592837390624747961969e+00, -1.34775016028187748291505913640585625102e+00, 3.99675350173128995556475039339210104092e+01, 5.57647720219366763180867421289444818179e-02, 5.66884901443284435160532007450965475002e+00, 1.07612595412615652500126135236553026939e+00, 1.0132671445193327e+00, 8.6546018855802286e-01
0.29100000, 2.34383370162201141302079301274554584501e+00, -1.34768189835900776631221344193610736240e+00, 3.99673040359548807627412166909808704154e+01, 5.61499908923851399252109357267548873529e-02, 5.66873047281999639875382765188575015744e+00, 1.07617574782342781275924519510667820329e+00, 1.0129714862310934e+00, 8.6665981518860310e-01
0.29200000, 2.34395471075455015676915125379126159702e+00, -1.34761335665025019982749518499374491642e+00, 3.99670721647113750011622140592282929501e+01, 5.65365338638268352592579457674035466347e-02, 5.66861146940099525906844257113357663426e+00, 1.07622570862724446287054360150709017984e+00, 1.0126733435833613e+00, 8.6786418640028576e-01
0.29300000, 2.34407616216112961483837067318860812449e+00, -1.34754453465019824736085435000370032478e+00, 3.99668394025550749677217148053456284971e+01, 5.69244008819162468877010188893512130346e-02, 5.66849200357974377436808465813619194169e+00, 1.07627583647324039409844574313572395407e+00, 1.0123726990396143e+00, 8.6907330746136724e-01
0.29400000, 2.34419805612781175016449572406673694364e+00, -1.34747543185090649634064930840318324595e+00, 3.99666057484542486403056516098466369980e+01, 5.73135918914744870877247359415880691471e-02, 5.66837207475733330134980296419795195086e+00, 1.07632613129644095351690142537947064367e+00, 1.0120695349594688e+00, 8.7028718363487027e-01
0.29500000, 2.34432039294174857133694018582095186410e+00, -1.34740604774188087204546809024661311888e+00, 3.99663712013727290992689016572869866715e+01, 5.77041068364810856499988581494533937108e-02, 5.66825168233203467944662244864833975259e+00, 1.07637659303125776855327149870767984346e+00, 1.0117638335981805e+00, 8.7150582017817231e-01
0.29600000, 2.34444317289118298928683570206225769497e+00, -1.34733638181006878926102991629536948139e+00, 3.99661357602699042974288237993976646711e+01, 5.80959456600657209255729589536398790636e-02, 5.66813082569928914617214564157688284954e+00, 1.07642722161148355798715645888517169885e+00, 1.0114555771061415e+00, 8.7272922234263006e-01
0.29700000, 2.34456639626544967016400359007876668540e+00, -1.34726643353984924088565036077215643443e+00, 3.99658994241007067784713489331812266602e+01, 5.84891083044998916958385897481686738055e-02, 5.66800950425169919968349579634535350875e+00, 1.07647801697028690156880959926294684323e+00, 1.0111447475283765e+00, 8.7395739537319987e-01
0.29800000, 2.34469006335497588428355365164576688445e+00, -1.34719620241302282309467820698754303559e+00, 3.99656621918156033435820058009548190504e+01, 5.88835947111885294418916968423901956350e-02, 5.66788771737901940829240465298324613021e+00, 1.07652897904020696791744805107095655828e+00, 1.0108313268040349e+00, 8.7519034450805424e-01
0.29900000, 2.34481417445128235102157641628576345139e+00, -1.34712568790880169667121160205691335293e+00, 3.99654240623605846661133997007170553962e+01, 5.92794048206615505859812221310138360632e-02, 5.66776546446814716665245419679311929289e+00, 1.07658010775314820035654976616946111870e+00, 1.0105152967658818e+00, 8.7642807497819418e-01
0.30000000, 2.34493872984698407953783831767358462287e+00, -1.34705488950379948410727527859400335701e+00, 3.99651850346771548540997966523683404146e+01, 5.96765385725653482740499423861936269139e-02, 5.66764274490311339834867765980342315245e+00, 1.07663140304037496033996659632540252954e+00, 1.0101966391397857e+00, 8.7767059200705748e-01
0.30100000, 2.34506372983579120520181248470907621851e+00, -1.34698380667202110207648915404912138026e+00, 3.99649451077023209604286004589725948433e+01, 6.00749959056542232646602892727571231460e-02, 5.66751955806507320461391042461903891785e+00, 1.07668286483250612811939273470052638510e+00, 1.0098753355442041e+00, 8.7891790081012285e-01
0.30200000, 2.34518917471250982159678086020025970270e+00, -1.34691243888485252887608130347360942682e+00, 3.99647042803685824404776448946223631824e+01, 6.04747767577817534858507978476491912008e-02, 5.66739590333229645889445639943895474907e+00, 1.07673449305950966030040353533550682570e+00, 1.0095513674896666e+00, 8.8017000659450984e-01
0.30300000, 2.34531506477304280797512597787525415479e+00, -1.34684078561105050643289488789386907605e+00, 3.99644625516039205570263580052597172881e+01, 6.08758810658921018176876053381905848619e-02, 5.66727178008015834698579978844791520277e+00, 1.07678628765069710393092173693134177636e+00, 1.0092247163782555e+00, 8.8142691455857455e-01
0.30400000, 2.34544140031439065203629266468399572476e+00, -1.34676884631673217646480886484247000831e+00, 3.99642199203317877322479902912319264657e+01, 6.12783087660112616544597104404104497363e-02, 5.66714718768112985245724593257579106791e+00, 1.07683824853471806676257600552410326577e+00, 1.0088953635030836e+00, 8.8268862989150112e-01
0.30500000, 2.34556818163465226789724091846951151921e+00, -1.34669662046536465038573596428993380885e+00, 3.99639763854710968465892334171908605366e+01, 6.16820597932382397966161483707186629772e-02, 5.66702212550476818708251799111915618142e+00, 1.07689037563955464332199008943580418219e+00, 1.0085632900477703e+00, 8.8395515777288880e-01
0.30600000, 2.34569540903302580912353096573388520363e+00, -1.34662410751775451253907823429131321087e+00, 3.99637319459362104843426911345225444687e+01, 6.20871340817361762186574766194625851651e-02, 5.66689659291770716599146862454525298541e+00, 1.07694266889251579642557935717135410289e+00, 1.0082284770859143e+00, 8.8522650337233478e-01
0.30700000, 2.34582308280980947668747975123342852565e+00, -1.34655130693203725634121019579996449006e+00, 3.99634866006369301257167993737685710015e+01, 6.24935315647234002552726349695844245276e-02, 5.66677058928364752725618747282119333544e+00, 1.07699512822023169376793466796064490206e+00, 1.0078909055805644e+00, 8.8650267184901254e-01
0.30800000, 2.34595120326640232171810456747878522702e+00, -1.34647821816366665291322204262837923997e+00, 3.99632403484784852852069280410611410819e+01, 6.29012521744644227440549709838685143227e-02, 5.66664411396334719562289605197823829759e+00, 1.07704775354864799921034100382686042673e+00, 1.0075505563836878e+00, 8.8778366835124582e-01
0.30900000, 2.34607977070530504290582391093002971733e+00, -1.34640484066540405177579012537941893329e+00, 3.99629931883615225960705330066925948093e+01, 6.33102958422608636591376348577235131955e-02, 5.66651716631461149009912166476987364171e+00, 1.07710054480302011839240966491436197675e+00, 1.0072074102356356e+00, 8.8906949801607808e-01
0.31000000, 2.34620878543012077842311766182108013460e+00, -1.34633117388730761317864890984002230408e+00, 3.99627451191820948407083631805313047521e+01, 6.37206624984423147660582671607080940035e-02, 5.66638974569228327510373098995608162865e+00, 1.07715350190790739828619768489066316984e+00, 1.0068614477646060e+00, 8.9036016596883744e-01
0.31100000, 2.34633824774555589222055803113538579126e+00, -1.34625721727672147163271744089195463573e+00, 3.99624961398316499267528645047621428021e+01, 6.41323520723571368240955472307992687333e-02, 5.66626185144823305488548213000863159114e+00, 1.07720662478716728030854604408174580115e+00, 1.0065126494861052e+00, 8.9165567732269707e-01
0.31200000, 2.34646815795742075455580910219623282582e+00, -1.34618297027826483020948381005491593482e+00, 3.99622462491970198086640602378178225209e+01, 6.45453644923631908582153522739532519499e-02, 5.66613348293134901091382101028428782877e+00, 1.07725991336394940660368882305249772403e+00, 1.0061609958024053e+00, 8.9295603717823094e-01
0.31300000, 2.34659851637263051661135591237669708598e+00, -1.34610843233382098516877295345323461550e+00, 3.99619954461604093546323251346197676562e+01, 6.49596996858185030186216066913487732720e-02, 5.66600463948752698194370408570887169692e+00, 1.07731336756068967910446822189077495855e+00, 1.0058064670020003e+00, 8.9426125062296490e-01
0.31400000, 2.34672932329920587905486356509736354316e+00, -1.34603360288252628047251602989408837931e+00, 3.99617437295993851585866101294360415935e+01, 6.53753575790718625417259825897925799402e-02, 5.66587532045966038645427427587963392621e+00, 1.07736698729910427097673493855478626984e+00, 1.0054490432590589e+00, 8.9557132273092315e-01
0.31500000, 2.34686057904627385439418252179745775923e+00, -1.34595848136075899173860337593319402987e+00, 3.99614910983868642971058139827256459228e+01, 6.57923380974533523221310462049792581269e-02, 5.66574552518763008715925086873836430627e+00, 1.07742077250018359004771931606407453711e+00, 1.0050887046328759e+00, 8.9688625856216984e-01
0.31600000, 2.34699228392406852297710768181835387415e+00, -1.34588306720212813918533733379442412191e+00, 3.99612375513911030310301391481085262995e+01, 6.62106411652648116009628270032345692064e-02, 5.66561525300829419728491675951018892829e+00, 1.07747472308418619381532549045361966266e+00, 1.0047254310673197e+00, 8.9820606316234595e-01
0.31700000, 2.34712443824393178248406579459261758444e+00, -1.34580735983746222911340582373054902243e+00, 3.99609830874756854515684109378488707323e+01, 6.66302667057702302715907079345098400976e-02, 5.66548450325547782830959777878342874955e+00, 1.07752883897063265563142805123097622259e+00, 1.0043592023902784e+00, 8.9953074156220131e-01
0.31800000, 2.34725704231831409075994783817000347908e+00, -1.34573135869479792346867210718298949543e+00, 3.99607277054995120706964820047065376373e+01, 6.70512146411860742994345835315497775845e-02, 5.66535327525996277885652896520638733417e+00, 1.07758312007829938164833801003129743630e+00, 1.0039899983131030e+00, 9.0086029877712174e-01
0.31900000, 2.34739009646077520182931991136880664155e+00, -1.34565506319936863702542048060617679036e+00, 3.99604714043167883556409883064462269058e+01, 6.74734848926715417481809895102555177398e-02, 5.66522156834947716442999140854052808497e+00, 1.07763756632521237811365170212570806116e+00, 1.0036177984300481e+00, 9.0219473980665126e-01
0.32000000, 2.34752360098598489493723758953508389209e+00, -1.34557847277359306172601136909644667367e+00, 3.99602141827770132072418681704901373376e+01, 6.78970773803187489003109507704252167346e-02, 5.66508938184868498768258068245958788268e+00, 1.07769217762864096859470215461933733893e+00, 1.0032425822177098e+00, 9.0353406963400930e-01
0.32100000, 2.34765755620972369645585424715692258300e+00, -1.34550158683706361770918216835340979521e+00, 3.99599560397249673819862029260347552528e+01, 6.83219920231428459553821970369481868047e-02, 5.66495671507917564889943385874451284593e+00, 1.07774695390509146070979697405910070561e+00, 1.0028643290344622e+00, 9.0487829322560288e-01
0.32200000, 2.34779196244888359449495321079470276683e+00, -1.34542440480653483055548192464276180503e+00, 3.99596969740007018575050859174260756924e+01, 6.87482287390720617850067248410334260863e-02, 5.66482356735945339638319660113930266652e+00, 1.07780189507030076193934945843246637351e+00, 1.0024830181198897e+00, 9.0622741553053374e-01
0.32300000, 2.34792682002146874605244642450392234237e+00, -1.34534692609591163427454825422967310283e+00, 3.99594369844395261413243766558622186664e+01, 6.91757874449376772189210042921765415973e-02, 5.66468993800492671642145483438936956369e+00, 1.07785700103922994408588994196569447499e+00, 1.0020986285942182e+00, 9.0758144148010033e-01
0.32400000, 2.34806212924659617653876823379950161889e+00, -1.34526915011623759955512349235860340157e+00, 3.99591760698719965226593485089330142823e+01, 6.96046680564639263319599973996341272477e-02, 5.66455582632789766251628692873167316503e+00, 1.07791227172605775594778184754787066233e+00, 1.0017111394577435e+00, 9.0894037598729460e-01
0.32500000, 2.34819789044449647150695156492332151062e+00, -1.34519107627568308679486363063141720508e+00, 3.99589142291239042670423917737215118743e+01, 7.00348704882578251971171248652631146840e-02, 5.66442123163755112355351218977990188884e+00, 1.07796770704417408376726105679603553851e+00, 1.0013205295902566e+00, 9.1030422394629360e-01
0.32600000, 2.34833410393651446041800483036837145699e+00, -1.34511270397953332342311785113326268356e+00, 3.99586514610162637535720893360771498803e+01, 7.04663946537989275651999385582196864643e-02, 5.66428615323994403058711965639153662321e+00, 1.07802330690617335900916751139269624375e+00, 1.0009267777504669e+00, 9.1167299023194578e-01
0.32700000, 2.34847077004510989226901096080055329624e+00, -1.34503403263017640502594809359030030083e+00, 3.99583877643653005545711394954476579622e+01, 7.08992404654290069268750704780874209957e-02, 5.66415059043799450191225774339107393768e+00, 1.07807907122384791302244392481922440241e+00, 1.0005298625754235e+00, 9.1304667969925199e-01
0.32800000, 2.34860788909385810290914467402238779686e+00, -1.34495506162709121977871679306739191616e+00, 3.99581231379824394574397600429218262579e+01, 7.13334078343416644081355739479159769313e-02, 5.66401454253147092609805008128414182142e+00, 1.07813499990818127813213759813659924609e+00, 1.0001297625799327e+00, 9.1442529718284104e-01
0.32900000, 2.34874546140745067386655006448532964239e+00, -1.34487579036683529568759639218996877285e+00, 3.99578575806742924284903694338995711472e+01, 7.17688966705718619454185818706669429402e-02, 5.66387800881698098264937596133894383807e+00, 1.07819109286934143470525707781415734915e+00, 9.9972645615597420e-01, 9.1580884749643992e-01
0.33000000, 2.34888348731169608250673744776787776913e+00, -1.34479621824303257013734615264873962578e+00, 3.99575910912426465185485050125422050002e+01, 7.22057068829853801817508076733817484868e-02, 5.66374098858796059996461505234661224017e+00, 1.07824735001667400372940524210351540108e+00, 9.9931992157211417e-01, 9.1719733543233844e-01
0.33100000, 2.34902196713352034334084573364849846653e+00, -1.34471634464636108123865985192155910847e+00, 3.99573236684844517101041048418448390209e+01, 7.26438383792682005204033292538965233589e-02, 5.66360348113466285025420547644226376630e+00, 1.07830377125869538443863382287855948530e+00, 9.9891013697291597e-01, 9.1859076576084845e-01
0.33200000, 2.34916090120096764029977403365169753498e+00, -1.34463616896454058046431183585603253719e+00, 3.99570553111918087057964488923489885355e+01, 7.30832910659158107675948416301493729049e-02, 5.66346548574414678108270187777097949933e+00, 1.07836035650308583651644082335921922597e+00, 9.9849708037834844e-01, 9.1998914322975735e-01
0.33300000, 2.34930028984320094978781333336828031285e+00, -1.34455569058232006605921828613385160827e+00, 3.99567860181519566580152272683131727124e+01, 7.35240648482224337907936513953188401244e-02, 5.66332700170026618319484575249695477667e+00, 1.07841710565668250640126123312934068446e+00, 9.9808072968319164e-01, 9.2139247256377604e-01
0.33400000, 2.34944013339050265432700546989819597691e+00, -1.34447490888146523670538513079268032735e+00, 3.99565157881472608393993779293695145834e+01, 7.39661596302701786141326212879787339211e-02, 5.66318802828365829428397399546866741751e+00, 1.07847401862547239721518231795638015581e+00, 9.9766106265644012e-01, 9.2280075846398117e-01
0.33500000, 2.34958043217427514660102193811729554988e+00, -1.34439382324074586491853344996987526449e+00, 3.99562446199552002540145141278018617013e+01, 7.44095753149181133673675563738784586806e-02, 5.66304856477173243835889332239469167450e+00, 1.07853109531458528183194701382655830435e+00, 9.9723805694070373e-01, 9.2421400560725158e-01
0.33600000, 2.34972118652704142370488878795131362056e+00, -1.34431243303592308964897717882977429150e+00, 3.99559725123483551889889426588228443332e+01, 7.48543118037912594996776490090935992628e-02, 5.66290861043865860036313791214665253424e+00, 1.07858833562828655859559201602886885173e+00, 9.9681169005160590e-01, 9.2563221864569903e-01
0.33700000, 2.34986239678244567140438564432894552495e+00, -1.34423073763973662755507605310911946322e+00, 3.99556994640943947063874581486422257130e+01, 7.53003689972695066644260566735767626321e-02, 5.66276816455535593569830524817637509266e+00, 1.07864573946997004919630045166754064637e+00, 9.9638193937717947e-01, 9.2705540220609299e-01
0.33800000, 2.35000406327525383820641625182272297366e+00, -1.34414873642189190241329874459259408927e+00, 3.99554254739560640751012861205993704460e+01, 7.57477467944764476757689578760267625601e-02, 5.66262722638948121430093068832792012418e+00, 1.07870330674215073820523197707940814343e+00, 9.9594878217726008e-01, 9.2848356088927954e-01
0.33900000, 2.35014618634135419903908448088598745473e+00, -1.34406642874904709212460665567602987288e+00, 3.99551505406911721425317386239782153394e+01, 7.61964450932681329327219936968707260820e-02, 5.66248579520541719892011472681287558217e+00, 1.07876103734645745376522516241888337943e+00, 9.9551219558287698e-01, 9.2991669926959431e-01
0.34000000, 2.35028876631775790833761298955111271146e+00, -1.34398381398480009277250754235792316728e+00, 3.99548746630525786458443409270945975718e+01, 7.66464637902217437009633272603477189464e-02, 5.66234387026426095724085820005808190038e+00, 1.07881893118362548892934751890365352148e+00, 9.9507215659564153e-01, 9.3135482189426938e-01
0.34100000, 2.35043180354259954232961126464841842518e+00, -1.34390089148967539918372966866681307369e+00, 3.99545978397881814625693863126204972289e+01, 7.70978027806241836372721055835601808965e-02, 5.66220145082381210749578979980840522780e+00, 1.07887698815348916313429688715988857425e+00, 9.9462864208713309e-01, 9.3279793328283411e-01
0.34200000, 2.35057529835513763031053511480700558606e+00, -1.34381766062111090143803121457714968669e+00, 3.99543200696409038003240785187377423664e+01, 7.75504619584605879360693468104878385346e-02, 5.66205853613856099720568716360620484326e+00, 1.07893520815497432329063352745261179145e+00, 9.9418162879828252e-01, 9.3424603792650977e-01
0.34300000, 2.35071925109575517469748039197060591239e+00, -1.34373412073344459676918581250271154596e+00, 3.99540413513486813254306279975750915393e+01, 7.80044412164027494720446535943277859706e-02, 5.66191512545967681468689748699404835669e+00, 1.07899359108609078396674451633314583053e+00, 9.9373109333875325e-01, 9.3569914028759805e-01
0.34400000, 2.35086366210596015964671931055964132254e+00, -1.34365027117790121629467301978715020066e+00, 3.99537616836444492302038790686458222096e+01, 7.84597404457974613073161168798151286108e-02, 5.66177121803499563296145601704024672283e+00, 1.07905213684392470613831033358738665320e+00, 9.9327701218631981e-01, 9.3715724479886327e-01
0.34500000, 2.35100853172838604801761773868427661770e+00, -1.34356611130257876600705188819862304733e+00, 3.99534810652561292386812603890843096953e+01, 7.89163595366547749259817637650648425041e-02, 5.66162681310900838570338091776756748279e+00, 1.07911084532463091396985718463456112813e+00, 9.9281936168624404e-01, 9.3862035586290820e-01
0.34600000, 2.35115386030679226646276577210249491677e+00, -1.34348164045243498145540620487287447687e+00, 3.99531994949066165505670711071042478783e+01, 7.93742983776361735532783522879468602060e-02, 5.66148190992284877485229082066741978224e+00, 1.07916971642342514908973700500966351435e+00, 9.9235811805064873e-01, 9.4008847785154365e-01
0.34700000, 2.35129964818606467842131128014945277981e+00, -1.34339685796927369554062108763022720968e+00, 3.99529169713137667231623397763628520953e+01, 7.98335568560426599108666521956993230004e-02, 5.66133650771428110952314686482915263651e+00, 1.07922875003457626181457958545383840173e+00, 9.9189325735788892e-01, 9.4156161510515146e-01
0.34800000, 2.35144589571221604478960643784858379590e+00, -1.34331176319173111884358205288096705354e+00, 3.99526334931903824910507227563421754352e+01, 8.02941348578027577540109947620095979914e-02, 5.66119060571768807583856416970005094409e+00, 1.07928794605139833877390718040149021897e+00, 9.9142475555192072e-01, 9.4303977193204109e-01
0.34900000, 2.35159260323238647204036002693463125628e+00, -1.34322635545526203190067906473511802031e+00, 3.99523490592442005233101435804749997277e+01, 8.07560322674604265306142406090421834634e-02, 5.66104420316405843730776844881718248014e+00, 1.07934730436624276638019065292086355263e+00, 9.9095258844166776e-01, 9.4452295260779962e-01
0.35000000, 2.35173977109484384755853299042312632223e+00, -1.34314063409212588883624904426120338088e+00, 3.99520636681778781180191148161351130409e+01, 8.12192489681628884962068096393217541350e-02, 5.66089729928097466537389184606616717515e+00, 1.07940682487049022958415699061685584994e+00, 9.9047673170038515e-01, 9.4601116137463508e-01
0.35100000, 2.35188739964898426195922084315385251595e+00, -1.34305459843137283175680048938838653408e+00, 3.99517773186889798338259294489950816039e+01, 8.16837848416483676130694421382392881000e-02, 5.66074989329260049974890803956140392154e+00, 1.07946650745454264534963021625693789604e+00, 9.8999716086502110e-01, 9.4750440244071317e-01
0.35200000, 2.35203548924533241814973354946409416842e+00, -1.34296824779882961530703284646036417637e+00, 3.99514900094699640583481599825398737052e+01, 8.21496397682337395556933085304637634513e-02, 5.66060198441966843815310019597470491235e+00, 1.07952635200781503027660062186794563709e+00, 9.8951385133557610e-01, 9.4900267997948713e-01
0.35300000, 2.35218404023554202689501084628569202763e+00, -1.34288158151708544078279069808857791884e+00, 3.99512017392081695131691604393878887109e+01, 8.26168136268020921387473438400148823665e-02, 5.66045357187946715507353645540497894839e+00, 1.07958635841872730179557017490799114677e+00, 9.8902677837445971e-01, 9.5050599812902090e-01
0.35400000, 2.35233305297239618864239817529491007188e+00, -1.34279459890547769919117829926484331828e+00, 3.99509125065858016951975294760232508161e+01, 8.30853062947901954776306312245874402525e-02, 5.66030465488582884915359627053753094439e+00, 1.07964652657469601235051417005858647233e+00, 9.8853591710584501e-01, 9.5201436099130529e-01
0.35500000, 2.35248252780980776135865484325665996428e+00, -1.34270729928007762264310311158346635531e+00, 3.99506223102799192541547620720024813598e+01, 8.35551176481758811855366694863411811043e-02, 5.66015523264911651882314710230602612486e+00, 1.07970685636212601598203001138005677640e+00, 9.8804124251502055e-01, 9.5352777263156731e-01
0.35600000, 2.35263246510281971412887119944960893812e+00, -1.34261968195367584345851735711913987473e+00, 3.99503311489624203059555929280622101311e+01, 8.40262475614653299047457974180379644792e-02, 5.66000530437621116577651467756866341080e+00, 1.07976734766640206671641267903552739810e+00, 9.8754272944774010e-01, 9.5504623707757238e-01
0.35700000, 2.35278286520760546626373493904315385754e+00, -1.34253174623576786035958383853150970433e+00, 3.99500390213000286817448170082734753922e+01, 8.44986959076802664635912711078895118545e-02, 5.65985486927049892590292123412205177468e+00, 1.07982800037188034816050222523112258831e+00, 9.8704035260956991e-01, 9.5656975831891956e-01
0.35800000, 2.35293372848146921165830753935649387224e+00, -1.34244349143253941112190594610416208657e+00, 3.99497459259542801123536617970427365038e+01, 8.49724625583450619442128493595937168199e-02, 5.65970392653185812727158490808303458136e+00, 1.07988881436187993369619080873996406787e+00, 9.8653408656523362e-01, 9.5809834030632955e-01
0.35900000, 2.35308505528284622814214973160175428572e+00, -1.34235491684685175104883148768888822057e+00, 3.99494518615815083479380820241366171446e+01, 8.54475473834737419398185801330387943907e-02, 5.65955247535664627477117965340256397362e+00, 1.07994978951867417666245456012495090333e+00, 9.8602390573795495e-01, 9.5963198695092555e-01
0.36000000, 2.35323684597130317155726921510937784878e+00, -1.34226602177822683662866532212768223336e+00, 3.99491568268328312125606510560779823934e+01, 8.59239502515569002737201327169399331940e-02, 5.65940051493768696100084881997013281942e+00, 1.08001092572348202990668820462136820475e+00, 9.8550978440879790e-01, 9.6117070212350682e-01
0.36100000, 2.35338910090753835429695393671121568962e+00, -1.34217680552283241372940633504361787837e+00, 3.99488608203541365934770340806612498645e+01, 8.64016710295485174458888138478084139809e-02, 5.65924804446425670300744675420815453271e+00, 1.08007222285645929408096708084481724519e+00, 9.8499169671600470e-01, 9.6271448965381483e-01
0.36200000, 2.35354182045338200803509957878347740983e+00, -1.34208726737346700968035964844039485941e+00, 3.99485638407860683648873468478469246743e+01, 8.68807095828526830661976610351946366941e-02, 5.65909506312207170446115152493399360637e+00, 1.08013368079668979405264119536613292601e+00, 9.8446961665433152e-01, 9.6426335332979207e-01
0.36300000, 2.35369500497179653037213981047429697738e+00, -1.34199740661954482858466467894391140633e+00, 3.99482658867640122459120303043303102597e+01, 8.73610657753102215268690348942457308587e-02, 5.65894157009327454285904812023282099603e+00, 1.08019529942217648279237844997305815455e+00, 9.8394351807438169e-01, 9.6581729689683336e-01
0.36400000, 2.35384865482687671512014173394674415563e+00, -1.34190722254708054920142332644246965346e+00, 3.99479669569180815925512062046617558007e+01, 8.78427394691852201599362382868942409311e-02, 5.65878756455642078134372521280060034598e+00, 1.08025707860983247209641836412675854259e+00, 9.8341337468193684e-01, 9.6737632405702955e-01
0.36500000, 2.35400277038384996594603616804772294845e+00, -1.34181671443867402473070975405731522964e+00, 3.99476670498731031233858219376498054616e+01, 8.83257305251514591187511694076561354483e-02, 5.65863304568646550472135985841684449549e+00, 1.08031901823547198949337267336535199469e+00, 9.8287916003728563e-01, 9.6894043846840365e-01
0.36600000, 2.35415735200907649308831231341779831761e+00, -1.34172588157349488382929347652920182510e+00, 3.99473661642486025787782446164156381645e+01, 8.88100388022787422157271563057225967707e-02, 5.65847801265474977926118328375246217584e+00, 1.08038111817380126067941428834651415030e+00, 9.8234084755455021e-01, 9.7050964374413923e-01
0.36700000, 2.35431240007004949285881828405602900750e+00, -1.34163472322726703217941036793888736844e+00, 3.99470642986587903133293251922752737808e+01, 8.92956641580191279415962011084662115430e-02, 5.65832246462898703585562724665668457487e+00, 1.08044337829840931681913041134645766566e+00, 9.8179841050101054e-01, 9.7208394345180105e-01
0.36800000, 2.35446791493539530963757230958906049963e+00, -1.34154323867225305392737128782882599182e+00, 3.99467614517125468213483232199608659907e+01, 8.97826064481930598844821544066415139583e-02, 5.65816640077324937611784432769310883526e+00, 1.08050579848175872604267827903524224839e+00, 9.8125182199642632e-01, 9.7366334111254786e-01
0.36900000, 2.35462389697487358006470343913086057487e+00, -1.34145142717723851230320485980553116888e+00, 3.99464576220134081950914621829700864739e+01, 9.02708655269753957600451063857103187286e-02, 5.65800982024795380099067695161109096793e+00, 1.08056837859517624846317217297387850510e+00, 9.8070105501235680e-01, 9.7524784020033724e-01
0.37000000, 2.35478034655937735912980463099789852065e+00, -1.34135928800751614872688906699679183404e+00, 3.99461528081595515155242742466240883754e+01, 9.07604412468813342568367752460433664278e-02, 5.65785272220984836143851895961927014621e+00, 1.08063111850884341403144714217448692540e+00, 9.8014608237147833e-01, 9.7683744414112252e-01
0.37100000, 2.35493726406093322785509450202407311688e+00, -1.34126682042486997970103529857575428599e+00, 3.99458470087437801753622922115419203113e+01, 9.12513334587522388938211404436218157459e-02, 5.65769510581199823079087017818305409819e+00, 1.08069401809178702253848743362678814013e+00, 9.7958687674689973e-01, 9.7843215631204154e-01
0.37200000, 2.35509464985270138226484603502494352749e+00, -1.34117402368755929078414783101344572417e+00, 3.99455402223535091341440555658738701022e+01, 9.17435420117413580797582446817912868501e-02, 5.65753697020377169830372868050950727738e+00, 1.08075707721186956506887503391105693608e+00, 9.7902341066147543e-01, 9.8003198004059735e-01
0.37300000, 2.35525250430897570332955049202317067842e+00, -1.34108089705030252693279099262612535148e+00, 3.99452324475707501050898171603985284489e+01, 9.22370667532994405568212018467829720986e-02, 5.65737831453082608350229733839274484942e+00, 1.08082029573577956620160508331264398495e+00, 9.7845565648711651e-01, 9.8163691860383064e-01
0.37400000, 2.35541082780518380756924193264381584436e+00, -1.34098743976426107849515497192920420278e+00, 3.99449236829720966734987674416498256506e+01, 9.27319075291602454034162166210996896093e-02, 5.65721913793509357086580084279059567510e+00, 1.08088367352902184624752931692381878587e+00, 9.7788358644409952e-01, 9.8324697522748390e-01
0.37500000, 2.35556962071788707799631135947903192630e+00, -1.34089365107702296213261891658928578943e+00, 3.99446139271287093464370346654270666821e+01, 9.32280641833259457637020545959992812824e-02, 5.65705943955476696441251666221799675011e+00, 1.08094721045590770280552518687416555940e+00, 9.7730717260037319e-01, 9.8486215308515716e-01
0.37600000, 2.35572888342478067507398886228282214276e+00, -1.34079953023258639593996615334946017952e+00, 3.99443031786063005334681723729396359548e+01, 9.37255365580524254637580993405563131086e-02, 5.65689921852428536174041844238469492709e+00, 1.08101090637954501091224598582672956281e+00, 9.7672638687086303e-01, 9.8648245529745538e-01
0.37700000, 2.35588861630469352736246645671146849729e+00, -1.34070507647134326802891055880181198383e+00, 3.99439914359651194581773099469032303340e+01, 9.42243244938344676667280856951813989303e-02, 5.65673847397431974707611316493996510991e+00, 1.08107476116182824105298517174823801956e+00, 9.7614120101677378e-01, 9.8810788493112719e-01
0.37800000, 2.35604881973758830152037284597322131242e+00, -1.34061028903006249783354484051555798393e+00, 3.99436786977599370002396185835687107526e+01, 9.47244278293908347115689876721028464561e-02, 5.65657720503175850288202401711163014471e+00, 1.08113877466342839429378522285175171701e+00, 9.7555158664488982e-01, 9.8973844499819508e-01
0.37900000, 2.35620949410456135132499329889234586797e+00, -1.34051516714187328939022025759532063411e+00, 3.99433649625400304677832338334500874496e+01, 9.52258464016492382722605362811652193625e-02, 5.65641541081969283956902941984523846722e+00, 1.08120294674378285378743675209942332782e+00, 9.7495751520687347e-01, 9.9137413845507695e-01
0.38000000, 2.35637063978784264537025244775182447572e+00, -1.34041971003624827583821262458012614464e+00, 3.99430502288491682997962772991504912826e+01, 9.57285800457311989664796091406621347276e-02, 5.65625309045740214285901506525358072879e+00, 1.08126727726108515189844629258371119095e+00, 9.7435895799856127e-01, 9.9301496820169875e-01
0.38100000, 2.35653225717079567309704426442341466048e+00, -1.34032391693898655438132080354722254500e+00, 3.99427344952255946983271344602096096262e+01, 9.62326285949367945348144218102185500816e-02, 5.65609024306033923833903017343665542276e+00, 1.08133176607227465218440012540364757433e+00, 9.7375588615925819e-01, 9.9466093708059843e-01
0.38200000, 2.35669434663791732880600096245077965115e+00, -1.34022778707219661094428079267899340295e+00, 3.99424177602020141902266732557962971854e+01, 9.67379918807292957035852023498242719001e-02, 5.65592686774011557274596154593839194536e+00, 1.08139641303302614546341574414884971969e+00, 9.7314827067102986e-01, 9.9631204787602083e-01
0.38300000, 2.35685690857483777329824027262189338206e+00, -1.34013131965427913375156045715193016923e+00, 3.99421000223055761181806293363876967736e+01, 9.72446697327196888362499775190109239174e-02, 5.65576296360448631151784942351500256393e+00, 1.08146121799773935918955100534942189414e+00, 9.7253608235799279e-01, 9.9796830331300364e-01
0.38400000, 2.35701994336832027278501761463560343702e+00, -1.34003451389990971504972640718904066796e+00, 3.99417812800578590607799391420342960238e+01, 9.77526619786510844702053629091827761341e-02, 5.65559852975733535214516770816882622447e+00, 1.08152618081952837935013265933208055970e+00, 9.7191929188560261e-01, 9.9962970605645420e-01
0.38500000, 2.35718345140626101470253528980996276909e+00, -1.33993736902002144018814499103266960294e+00, 3.99414615319748551813763715309384111564e+01, 9.82619684443830108275419414224304604012e-02, 5.65543356529866025285257784572948953092e+00, 1.08159130135021098409096973427674586948e+00, 9.7129786975994035e-01, 1.0012962587102172e+00
0.38600000, 2.35734743307768890006342408886772995471e+00, -1.33983988422178736326629331533808954628e+00, 3.99411407765669545054703929283350974965e+01, 9.87725889538755913799810356607138200306e-02, 5.65526806932455707613884065142068876721e+00, 1.08165657944029788826733208748519796784e+00, 9.7067178632699684e-01, 1.0029679638161328e+00
0.38700000, 2.35751188877276531197161277133422916870e+00, -1.33974205870860286854941310526410951172e+00, 3.99408190123389291263778002595868199610e+01, 9.92845233291736055398035201450705234731e-02, 5.65510204092720514669973366630902211667e+00, 1.08172201493898189811039925750888398606e+00, 9.7004101177195511e-01, 1.0046448238530861e+00
0.38800000, 2.35767681888278385992243684265484798833e+00, -1.33964389168006791684763953982724552095e+00, 3.99404962377899173389212706477100924258e+01, 9.97977713903904315400808582741073040350e-02, 5.65493547919485172325597333055247657631e+00, 1.08178760769412697519061845015764837648e+00, 9.6940551611847100e-01, 1.0063268412360463e+00
0.38900000, 2.35784222380017009950490903223151137370e+00, -1.33954538233196917604707840861694116657e+00, 3.99401724514134077008926073762987098618e+01, 1.00312332955691870558932855102639289457e-01, 5.65476838321179658380528142709691418648e+00, 1.08185335755225720885105195741300754597e+00, 9.6876526922795184e-01, 1.0080140183150969e+00
0.39000000, 2.35800810391848122711807894721514574633e+00, -1.33944652985626203497458749267875057323e+00, 3.99398476516972230220311083335179429572e+01, 1.00828207841279851133864747906913145418e-01, 5.65460075205837652381486396803987118155e+00, 1.08191926435854569627534241315103641150e+00, 9.6812024079883329e-01, 1.0097063573744562e+00
0.39100000, 2.35817445963240574930834761646510914193e+00, -1.33934733344105249977124142937711597248e+00, 3.99395218371235042802631464586498631593e+01, 1.01345395861376012903477258480594895226e-01, 5.65443258481094976686768805050828113385e+00, 1.08198532795680332934637789075248941445e+00, 9.6747040036585443e-01, 1.0114038606314879e+00
0.39200000, 2.35834129133776312632947310613600063407e+00, -1.33924779227057897194262292761270059439e+00, 3.99391950061686944649477320144562762242e+01, 1.01863896828205168704996139260832622728e-01, 5.65426388054188028727304828898547872813e+00, 1.08205154818946748744309678750359712478e+00, 9.6681571729933098e-01, 1.0131065302357021e+00
0.39300000, 2.35850859943150338952180512834472947640e+00, -1.33914790552519390724718650026865505199e+00, 3.99388671573035223468725242191742953392e+01, 1.02383710551978644047131583367389021914e-01, 5.65409463831952204414900933027310798872e+00, 1.08211792489759063531413354627136299565e+00, 9.6615616080442681e-01, 1.0148143682677462e+00
0.39400000, 2.35867638431170673210201860847828719804e+00, -1.33904767238134535457698331465518254532e+00, 3.99385382889929861747444753120976950790e+01, 1.02904836840877492968751648524385724166e-01, 5.65392485720820312648139477378871075081e+00, 1.08218445792082882515816934789796134764e+00, 9.6549169992042366e-01, 1.0165273767383862e+00
0.39500000, 2.35884464637758307294927754157427502462e+00, -1.33894709201155837397801676352181991861e+00, 3.99382083996963372979190239254488989010e+01, 1.03427275501035589284736566976412722684e-01, 5.65375453626820980866106565629725177300e+00, 1.08225114709743010203191576403257776678e+00, 9.6482230351998923e-01, 1.0182455575874775e+00
0.39600000, 2.35901338602947159296835015573626868838e+00, -1.33884616358441633295041735843968733445e+00, 3.99378774878670637151115071299865749748e+01, 1.03951026336522592211171466393453493023e-01, 5.65358367455577051599829362369947180839e+00, 1.08231799226422281169762276972405037562e+00, 9.6414794030844349e-01, 1.0199689126829259e+00
0.39700000, 2.35918260366884024360471339763898393613e+00, -1.33874488626454208016148196853594681656e+00, 3.99375455519528735488342321584049054233e+01, 1.04476089149326785352732586850765911614e-01, 5.65341227112303969971008511513982385287e+00, 1.08238499325660381001286424191375924698e+00, 9.6346857882302340e-01, 1.0216974438196381e+00
0.39800000, 2.35935229969828522708112803350908610136e+00, -1.33864325921257899569741569015951934369e+00, 3.99372125903956784453024400436129460341e+01, 1.05002463739337788025725510572516861226e-01, 5.65324032501808162087335344330165478365e+00, 1.08245214990852657295611286150907173222e+00, 9.6278418743214599e-01, 1.0234311527184619e+00
0.39900000, 2.35952247452153044791953417473884437460e+00, -1.33854128158517191697234415146461674559e+00, 3.99368786016315768995522047018171892701e+01, 1.05530149904329137880742176224921694361e-01, 5.65306783528485404283386569115997051878e+00, 1.08251946205248920637227092389995161793e+00, 9.6209473433466983e-01, 1.0251700410251159e+00
0.40000000, 2.35969312854342693530640973098397384976e+00, -1.33843895253494793940582923940409791475e+00, 3.99365435840908375055131428153455315241e+01, 1.06059147439940743779315467646521925073e-01, 5.65289480096319183155791098660211917413e+00, 1.08258692951952235451287265969036347322e+00, 9.6140018755915493e-01, 1.0269141103091090e+00
0.40100000, 2.35986426216995223585395008972438228477e+00, -1.33833627121049709097272148937813797823e+00, 3.99362075361978821307786627088907063655e+01, 1.06589456139661207869264874891990842709e-01, 5.65272122108879046341064609437713751196e+00, 1.08265455213917700643611597106793170977e+00, 9.6070051496312116e-01, 1.0286633620626491e+00
0.40200000, 2.36003587580820977630356512810977272766e+00, -1.33823323675635287972171709876787372534e+00, 3.99358704563712690158163547561992070026e+01, 1.07121075794810015793643037436776918262e-01, 5.65254709469318943984207351733155021611e+00, 1.08272232973951219932221567933548938079e+00, 9.5999568423230504e-01, 1.0304177976995405e+00
0.40300000, 2.36020796986642819571224837226566347125e+00, -1.33812984831297271335145610858390576169e+00, 3.99355323430236757973610222025859899694e+01, 1.07654006194519593958309796491649519066e-01, 5.65237242080375560845859656886494497774e+00, 1.08279026214708261774979511782677000483e+00, 9.5928566287991522e-01, 1.0321774185540714e+00
0.40400000, 2.36038054475396064665635160614106221584e+00, -1.33802610501671818992540013103425587164e+00, 3.99351931945618824557327701521082254562e+01, 1.08188247125717232773176593648868272661e-01, 5.65219719844366638995507531465566859000e+00, 1.08285834918692608796914683607167031112e+00, 9.5857041824588640e-01, 1.0339422258798899e+00
0.40500000, 2.36055360088128406498119535445642402805e+00, -1.33792200599983525879906246826796936266e+00, 3.99348530093867541858225123667523859807e+01, 1.08723798373106874772078531292693337589e-01, 5.65202142663189291037927703839821251062e+00, 1.08292659068255096619819493195415877202e+00, 9.5784991749613190e-01, 1.0357122208488690e+00
0.40600000, 2.36072713865999840761876026308346116978e+00, -1.33781755039043425082542994689649751515e+00, 3.99345117858932241914872209886106205747e+01, 1.09260659719150766506043017684998769739e-01, 5.65184510438318303819757512390340510617e+00, 1.08299498645592341995687970669578974307e+00, 9.5712412762179486e-01, 1.0374874045499609e+00
0.40700000, 2.36090115850282585798943529840641641744e+00, -1.33771273731246977689661365683949261659e+00, 3.99341695224702764030972338650303148340e+01, 1.09798830944050973094431504103639185181e-01, 5.65166823070804432562770113084083864630e+00, 1.08306353632745460144545853220577472450e+00, 9.5639301543849805e-01, 1.0392677779880393e+00
0.40800000, 2.36107566082360999849744469016966275660e+00, -1.33760756588572049387189439894766003419e+00, 3.99338262175009281179779483818472711729e+01, 1.10338311825730754308033216811523099088e-01, 5.65149080461272685370129654625495303318e+00, 1.08313224011598771196187360223503483061e+00, 9.5565654758559250e-01, 1.0410533420827310e+00
0.40900000, 2.36125064603731494962313543715558313680e+00, -1.33750203522576873693438737571707663133e+00, 3.99334818693622125634882701524342101557e+01, 1.10879102139815801047685812962966584201e-01, 5.65131282509920598051594339772279821747e+00, 1.08320109763878495634287615932398417915e+00, 9.5491469052540473e-01, 1.0428440976672362e+00
0.41000000, 2.36142611456002447510877975046784780766e+00, -1.33739614444398001741053885982541655341e+00, 3.99331364764251613824782501426333728956e+01, 1.11421201659615331071386352681454762533e-01, 5.65113429116516499213327680211456639390e+00, 1.08327010871151438640301638083486655518e+00, 9.5416741054248287e-01, 1.0446400454871363e+00
0.41100000, 2.36160206680894105272793077519035004404e+00, -1.33728989264748238507858459736712940808e+00, 3.99327900370547870408684354169658463980e+01, 1.11964610156103042812135671038949772274e-01, 5.65095520180397765557669778850876184185e+00, 1.08333927314823663233490688185219785464e+00, 9.5341467374284153e-01, 1.0464411861991913e+00
0.41200000, 2.36177850320238491012166403868374332762e+00, -1.33718327893914565398394489226994757689e+00, 3.99324425496100651570935772643505599818e+01, 1.12509327397897926117928930620757918512e-01, 5.65077555600469067337911157387498517923e+00, 1.08340859076139152102334424293258617248e+00, 9.5265644605320556e-01, 1.0482475203701245e+00
0.41300000, 2.36195542415979302517824003435475471809e+00, -1.33707630241756049077130401569379404319e+00, 3.99320940124439167531534866079241446558e+01, 1.13055353151244928734363600199725115130e-01, 5.65059535275200603912801509163842677191e+00, 1.08347806136178458021492556888791557055e+00, 9.5189269322025270e-01, 1.0500590484753958e+00
0.41400000, 2.36213283010171809042583385531221386853e+00, -1.33696896217701736453482112400156477398e+00, 3.99317444239031904270140009411192130036e+01, 1.13602687179995477339282085352264257930e-01, 5.65041459102626329345214818931742462663e+00, 1.08354768475857342747372428279230589064e+00, 9.5112338080985514e-01, 1.0518757708979628e+00
0.41500000, 2.36231072144982744090099451485214377305e+00, -1.33686125730748535717954558038328570505e+00, 3.99313937823286444461012301905333425082e+01, 1.14151329245587851927698465178770785288e-01, 5.65023326980342167989080574255466121949e+00, 1.08361746075925404284238958821858778403e+00, 9.5034847420632012e-01, 1.0536976879270302e+00
0.41600000, 2.36248909862690194494841818183222700153e+00, -1.33675318689459083327866078209880126901e+00, 3.99310420860549287616324815270399499996e+01, 1.14701279107027412333975982975784112486e-01, 5.65005138805504220008378320703638296874e+00, 1.08368738916964692411670570224933456718e+00, 9.4956793861162949e-01, 1.0555247997567865e+00
0.41700000, 2.36266796205683485740044464970933899813e+00, -1.33664475001959596840265661569875420919e+00, 3.99306893334105669435275258841566517430e+01, 1.15252536520866675666822799670823571030e-01, 5.64986894474826956771679608270300124945e+00, 1.08375746979388312363018846059473942871e+00, 9.4878173904467838e-01, 1.0573571064851290e+00
0.41800000, 2.36284731216463063457741355835886125909e+00, -1.33653594575937713488793080901772962606e+00, 3.99303355227179380356441624635978198730e+01, 1.15805101241185243421156733394903853833e-01, 5.64968593884581406065407463987230859975e+00, 1.08382770243439016543370659101221162391e+00, 9.4798984034051297e-01, 1.0591946081123757e+00
0.41900000, 2.36302714937640371054264478649645569623e+00, -1.33642677318640314400364302812357635570e+00, 3.99299806522932583310823624917358949239e+01, 1.16358973019569577019253947256492467212e-01, 5.64950236930593327068668930606960010679e+00, 1.08389808689187784174339118698129510301e+00, 9.4719220714956742e-01, 1.0610373045399654e+00
0.42000000, 2.36320747411937723403833459664908631103e+00, -1.33631723136871334346689188103705304594e+00, 3.99296247204465630673016306300030091111e+01, 1.16914151605092620521840464723022907799e-01, 5.64931823508241375032200959539971976903e+00, 1.08396862296532388751823801274198283367e+00, 9.4638880393689997e-01, 1.0628851955691447e+00
0.42100000, 2.36338828682188176552108408922822669005e+00, -1.33620731936989556924745333353782325173e+00, 3.99292677254816880407966124430337266345e+01, 1.17470636744293269237907626345514229610e-01, 5.64913353512455255603654064758118517290e+00, 1.08403931045195953201681153321378853902e+00, 9.4557959498142840e-01, 1.0647382808996422e+00
0.42200000, 2.36356958791335393370809783002977637407e+00, -1.33609703624906395059440870570717406615e+00, 3.99289096656962511410763999101181632849e+01, 1.18028428181155682950031774813802602059e-01, 5.64894826837713868741121660833554361121e+00, 1.08411014914725492617032526487154907526e+00, 9.4476454437516465e-01, 1.0665965601283306e+00
0.42300000, 2.36375137782433505103730665637163923664e+00, -1.33598638106083656720800068529647774754e+00, 3.99285505393816338036934448616812593065e+01, 1.18587525657088442459853172836587627248e-01, 5.64876243378043442156505951260323343564e+00, 1.08418113884490444459709843996291401719e+00, 9.4394361602244890e-01, 1.0684600327478748e+00
0.42400000, 2.36393365698646968743677811792288245323e+00, -1.33587535285531295747098594411932528216e+00, 3.99281903448229623820684831805123960067e+01, 1.19147928910903548146118008623266972982e-01, 5.64857603027015654229993632204324143548e+00, 1.08425227933681186107097229648564962114e+00, 9.4311677363918301e-01, 1.0703286981453674e+00
0.42500000, 2.36411642583250420179077922243368735267e+00, -1.33576395067805147664460224928859969199e+00, 3.99278290802990894378584013891969382891e+01, 1.19709637678795259215308898303566747954e-01, 5.64838905677745746336596562277255953916e+00, 1.08432357041307539624370875610807623614e+00, 9.4228398075206344e-01, 1.0722025556009512e+00
0.42600000, 2.36429968479628523048174756352810474288e+00, -1.33565217357004650392503568936496380102e+00, 3.99274667440825749496145426271513993938e+01, 1.20272651694318772312382107722478437351e-01, 5.64820151222890624525393952214105975084e+00, 1.08439501186197263640868801341123113206e+00, 9.4144520069781361e-01, 1.0740816042864282e+00
0.42700000, 2.36448343431275813237920691269513846080e+00, -1.33554002056770549724695904770717894573e+00, 3.99271033344396674394795517942659792341e+01, 1.20836970688368738146492324508748503870e-01, 5.64801339554646950491793581809591775798e+00, 1.08446660346994532208036778949607411408e+00, 9.4060039662241594e-01, 1.0759658432638549e+00
0.42800000, 2.36466767481796538963833034117097609212e+00, -1.33542749070282589471131470711091802141e+00, 3.99267388496302850176715006100511546961e+01, 1.21402594389157614773816734284343197272e-01, 5.64782470564749221782810088492638257308e+00, 1.08453834502158400515096383315980281138e+00, 9.3974953148034339e-01, 1.0778552714841244e+00
0.42900000, 2.36485240674904496366240625504416453896e+00, -1.33531458300257186150503401101000460079e+00, 3.99263732879079963445047133295072401392e+01, 1.21969522522193856166687893620799609370e-01, 5.64763544144467841175038526867173967358e+00, 1.08461023629961257337265679015650229064e+00, 9.3889256803379075e-01, 1.0797498877855348e+00
0.43000000, 2.36503763054422860557489870865684172428e+00, -1.33520129648945088117081898112581996826e+00, 3.99260066475200015096974337076208078632e+01, 1.22537754810259934685207930005217402002e-01, 5.64744560184607175164681206845998405491e+00, 1.08468227708487264090032288643637356622e+00, 9.3802946885190564e-01, 1.0816496908923433e+00
0.43100000, 2.36522334664284012053811131134296035768e+00, -1.33508763018129019007546093772621894568e+00, 3.99256389267071128287172343674692102052e+01, 1.23107290973390196054343400464836112547e-01, 5.64725518575503601508665316146674938799e+00, 1.08475446715630780361632303951501323250e+00, 9.3716019631001930e-01, 1.0835546794133073e+00
0.43200000, 2.36540955548529358524666223853996560620e+00, -1.33497358309121305391543311903189603097e+00, 3.99252701237037355559158718728172103169e+01, 1.23678130728848545436189151858638079688e-01, 5.64706419207023545755568058494875899926e+00, 1.08482680629094775794526505158719404547e+00, 9.3628471258887721e-01, 1.0854648518402104e+00
0.43300000, 2.36559625751309151791505455137789321033e+00, -1.33485915422761488508867007741453097196e+00, 3.99249002367378485142061354219675016951e+01, 1.24250273791105963173639174622365862835e-01, 5.64687261968561506704745030603817881094e+00, 1.08489929426389228185287445013176818440e+00, 9.3540297967386966e-01, 1.0873802065463751e+00
0.43400000, 2.36578345316882300006957944283522469142e+00, -1.33474434259413919975153466268260524738e+00, 3.99245292640309846410341250696651536429e+01, 1.24823719871817848768111136361493476855e-01, 5.64668046749038070731736358729247020478e+00, 1.08497193084829507670916930076804985236e+00, 9.3451495935426226e-01, 1.0893007417851604e+00
0.43500000, 2.36597114289616174944561835965240067582e+00, -1.33462914718965341336997300194601660004e+00, 3.99241572037982114504013276696017108259e+01, 1.25398468679801191640237411265949705829e-01, 5.64648773436897914917703760374197121029e+00, 1.08504471581534746868203086958787891964e+00, 9.3362061322242651e-01, 1.0912264556884461e+00
0.43600000, 2.36615932713986414328211136550542723330e+00, -1.33451356700822447356376826046918159808e+00, 3.99237840542481114106918362507582117056e+01, 1.25974519921011567208557355500508898427e-01, 5.64629441920107798920330230775909018640e+00, 1.08511764893426196831299327662764757798e+00, 9.3271990267307044e-01, 1.0931573462651009e+00
0.43700000, 2.36634800634576719129553175198776738657e+00, -1.33439760103909432903262432192465525744e+00, 3.99234098135827622380610822537401630941e+01, 1.26551873298519956807221667381111347404e-01, 5.64610052086154545523292520619754029372e+00, 1.08519072997225568691263914864004846871e+00, 9.3181278890246947e-01, 1.0950934113994378e+00
0.43800000, 2.36653718096078645760614888021033817258e+00, -1.33428124826665523334254005708795301119e+00, 3.99230344799977171051435209340410628010e+01, 1.27130528512489389949548244154789540010e-01, 5.64590603822043009801095015722992134049e+00, 1.08526395869453360839838260909780002265e+00, 9.3089923290769743e-01, 1.0970346488496527e+00
0.43900000, 2.36672685143291393087967062826462351601e+00, -1.33416450767042488234057274899688302843e+00, 3.99226580516819847648378292822030768848e+01, 1.27710485260151407429948314184544749636e-01, 5.64571097014294036835732097235905970742e+00, 1.08533733486427171518264356835851840092e+00, 9.2997919548585796e-01, 1.0989810562462495e+00
0.44000000, 2.36691701821121584193753167934663130710e+00, -1.33404737822502138395563469585284475492e+00, 3.99222805268180095889293440295906721753e+01, 1.28291743235782343742270073423865952867e-01, 5.64551531548942407921324599560672666188e+00, 1.08541085824259996670446599939149849695e+00, 9.2905263723331622e-01, 1.1009326310904497e+00
0.44100000, 2.36710768174583042807913223244157419551e+00, -1.33392985890013805913241920058134346310e+00, 3.99219019035816515213106857358761296424e+01, 1.28874302130679427277982856615143513866e-01, 5.64531907311534775192554641381791096445e+00, 1.08548452858858512918250547653736239422e+00, 9.2811951854493107e-01, 1.1028893707525862e+00
0.44200000, 2.36729884248796564334923154153351545092e+00, -1.33381194866051807263491025231366710897e+00, 3.99215221801421659455627846431029143941e+01, 1.29458161633136696752846274013465144286e-01, 5.64512224187127584612401933011268360400e+00, 1.08555834565921345515200545800231228369e+00, 9.2717979961328779e-01, 1.1048512724704829e+00
0.44300000, 2.36749050088989681397345994820849220793e+00, -1.33369364646592889244519337863622830665e+00, 3.99211413546621834666598460042996744850e+01, 1.30043321428420732295773969697322189907e-01, 5.64492482060284987254363712167504503209e+00, 1.08563230920937321133289531773802644609e+00, 9.2623344042793132e-01, 1.1068183333478177e+00
0.44400000, 2.36768265740496423817452969208142530080e+00, -1.33357495127113657647245256104177921102e+00, 3.99207594252976896065631680456159355152e+01, 1.30629781198746199618508912215034041569e-01, 5.64472680815076738814019783267520832847e+00, 1.08570641899183705336047365813127848483e+00, 9.2528040077460024e-01, 1.1087905503524706e+00
0.44500000, 2.36787531248757072957119665691976471249e+00, -1.33345586202587988527610891661395071792e+00, 3.99203763901980044134701557143838160697e+01, 1.31217540623251205669474595156451331655e-01, 5.64452820335076087284483786738508681018e+00, 1.08578067475724424589428560872126598103e+00, 9.2432064023446142e-01, 1.1107679203148555e+00
0.44600000, 2.36806846659317910335135019774571657856e+00, -1.33333637767484421949603020784983038802e+00, 3.99199922475057619844863590373171033116e+01, 1.31806599377972464159752364881090900111e-01, 5.64432900503357648729961860683911512267e+00, 1.08585507625408272660476025280428361711e+00, 9.2335411818334559e-01, 1.1127504399262371e+00
0.44700000, 2.36826212017830960439978412196840284013e+00, -1.33321649715763538067161529522043431953e+00, 3.99196069953568899014899074209855298268e+01, 1.32396957135820269333557443370924541698e-01, 5.64412921202495271091320334960673330778e+00, 1.08592962322867101252094160526236250561e+00, 9.2238079379098367e-01, 1.1147381057370302e+00
0.44800000, 2.36845627370053727655022655786781335369e+00, -1.33309621940875315412033353343285093411e+00, 3.99192206318805885799593117507205217250e+01, 1.32988613566553276339843191673413565520e-01, 5.64392882314559885957245076415344552437e+00, 1.08600431542513994720622123993711008632e+00, 9.2140062602024419e-01, 1.1167309141550846e+00
0.44900000, 2.36865092761848927212007759383755784506e+00, -1.33297554335756471253497496656262277435e+00, 3.99188331551993105305372658868462891363e+01, 1.33581568336753086545752856412728878085e-01, 5.64372783721117348234256644390054402821e+00, 1.08607915258541428721236024823609317088e+00, 9.2041357362637173e-01, 1.1187288614439519e+00
0.45000000, 2.36884608239184210087501893359718902161e+00, -1.33285446792827783894744212779453585859e+00, 3.99184445634287395331047993443055504672e+01, 1.34175821109798636116558527935336925043e-01, 5.64352625303226263648527580010554533411e+00, 1.08615413444919412624527018299185752209e+00, 9.1941959515622654e-01, 1.1207319437211376e+00
0.45100000, 2.36904173848131881755921707200839103786e+00, -1.33273299203991396769538741934955183007e+00, 3.99180548546777697231419148226177400412e+01, 1.34771371545840386170476359900498253550e-01, 5.64332406941435804012131005274911547489e+00, 1.08622926075393615545900444869189289661e+00, 9.1841864894752527e-01, 1.1227401569563352e+00
0.45200000, 2.36923789634868614711523830246727162164e+00, -1.33261111460628104201637055460355698189e+00, 3.99176640270484845901526891009153596914e+01, 1.35368219301774312800323278836011838033e-01, 5.64312128515783510186033314381518021501e+00, 1.08630453123483475827719065156902292246e+00, 9.1741069312808323e-01, 1.1247534969696443e+00
0.45300000, 2.36943455645675154670602783217123686149e+00, -1.33248883453594618688247749918648814309e+00, 3.99172720786361358879347249252512682403e+01, 1.35966364031215695237381446599480782079e-01, 5.64291789905793082671828167659141512586e+00, 1.08637994562480293812370809538946245183e+00, 9.1639568561505784e-01, 1.1267719594297717e+00
0.45400000, 2.36963171926936020363937398010138921904e+00, -1.33236615073220819567650485724079488193e+00, 3.99168790075291224564748162150825656786e+01, 1.36565805384472700416060602698641800219e-01, 5.64271390990472159763894317303047197950e+00, 1.08645550365445307742678023947978368656e+00, 9.1537358411419370e-01, 1.1287955398522153e+00
0.45500000, 2.36982938525139196828317940006582320693e+00, -1.33224306209306982929887081379553129124e+00, 3.99164848118089689552547305508498611668e+01, 1.37166543008519762180993056252064551865e-01, 5.64250931648310083193346075158497920955e+00, 1.08653120505207752624280682612203659319e+00, 9.1434434611906926e-01, 1.1308242335974307e+00
0.45600000, 2.37002755486875822104759200423169462211e+00, -1.33211956751120992628236465972691202654e+00, 3.99160894895503045077531228488181923604e+01, 1.37768576546970753361059443269091631011e-01, 5.64230411757275651194832549213485380265e+00, 1.08660704954362901882820179905845323896e+00, 9.1330792891034507e-01, 1.1328580358689813e+00
0.45700000, 2.37022622858839867249760621806199466098e+00, -1.33199566587395532247969068199628442526e+00, 3.99156930388208412569317737831625123781e+01, 1.38371905640051948917523312877347267478e-01, 5.64209831194814858926930202406598896911e+00, 1.08668303685270091646922829969242438180e+00, 9.1226428955501391e-01, 1.1348969417116695e+00
0.45800000, 2.37042540687827809564712779183481353121e+00, -1.33187135606325257887649788341922191828e+00, 3.99152954576813528314965973059132737386e+01, 1.38976529924574778355947029525528862478e-01, 5.64189189837848626176562901961855243187e+00, 1.08675916670050727486132813037662546256e+00, 9.1121338490565278e-01, 1.1369409460096516e+00
0.45900000, 2.37062509020738298947270000218500018802e+00, -1.33174663695563951607021368248465290620e+00, 3.99148967441856527227261849975064187766e+01, 1.39582449033908365573868224538124914155e-01, 5.64168487562770512277574508912872169548e+00, 1.08683543880586273431072726362515237744e+00, 9.1015517159967677e-01, 1.1389900434845343e+00
0.46000000, 2.37082527904571817267211303276056640945e+00, -1.33162150742221655394251650885083527703e+00, 3.99144968963805725716630524369525158518e+01, 1.40189662597951854298332920980452084555e-01, 5.64147724245444418173271287048488170630e+00, 1.08691185288516223101215836124591525769e+00, 9.0908960605859513e-01, 1.1410442286934533e+00
0.46100000, 2.37102597386430330667995891697558786214e+00, -1.33149596632861785504068812307757427064e+00, 3.99140959123059403664652258222051393305e+01, 1.40798170243106517249306285352419844772e-01, 5.64126899761202275552445071615469435664e+00, 1.08698840865236052763737291714599364661e+00, 9.0801664448726947e-01, 1.1431034960271336e+00
0.46200000, 2.37122717513516934693884890555140145546e+00, -1.33137001253498227017038061380033114699e+00, 3.99136937899945585497183572383833406982e+01, 1.41407971592247647146712496050238907082e-01, 5.64106013984841722988083316355595000205e+00, 1.08706510581895156144971658002664897330e+00, 9.0693624287317417e-01, 1.1451678397079323e+00
0.46300000, 2.37142888333135492141147569065694494165e+00, -1.33124364489592408468951442077687279206e+00, 3.99132905274721820355111858339273232204e+01, 1.42019066264696227660389202507778216632e-01, 5.64085066790623769007668920678721162266e+00, 1.08714194409394760814040843409957787088e+00, 9.0584835698565930e-01, 1.1472372537878621e+00
0.46400000, 2.37163109892690263530497673583477169858e+00, -1.33111686226050356398009145195532519243e+00, 3.99128861227574961360798713225818075766e+01, 1.42631453876190382383577193620332523250e-01, 5.64064058052270442023671217116968661212e+00, 1.08721892318385825956229546209530008157e+00, 9.0475294237521596e-01, 1.1493117321465970e+00
0.46500000, 2.37183382239685530096513413987984808678e+00, -1.33098966347219729656166045596521551634e+00, 3.99124805738620943978295173131384924626e+01, 1.43245134038856599891699884770040174878e-01, 5.64042987642962427052529765149492160919e+00, 1.08729604279266921351674398739036208743e+00, 9.0364995437274422e-01, 1.1513912684894584e+00
0.46600000, 2.37203705421725209188382807050035527452e+00, -1.33086204736886833329700932247030290075e+00, 3.99120738787904563465440766413459121157e+01, 1.43860106361180732929117726621174660756e-01, 5.64021855435336689150134745913038773291e+00, 1.08737330262182087372897745004219039782e+00, 9.0253934808882380e-01, 1.1534758563453834e+00
0.46700000, 2.37224079486512461974884185995245208651e+00, -1.33073401278273612112737995118873406041e+00, 3.99116660355399251415987908335295404211e+01, 1.44476370447978769747267264398897771418e-01, 5.64000661301484083491511880555832660588e+00, 1.08745070237018675812657123004679465808e+00, 9.0142107841298759e-01, 1.1555654890648732e+00
0.46800000, 2.37244504481849293345059433206580811437e+00, -1.33060555854034622976110479101340444091e+00, 3.99112570421006851389923627960976068396e+01, 1.45093925900367375598110933280285830290e-01, 5.63979405112946952022126002897519582863e+00, 1.08752824173405171351496716091172454085e+00, 9.0029510001299810e-01, 1.1576601598179227e+00
0.46900000, 2.37264980455636143894564575165330066803e+00, -1.33047668346253986972604913396634008452e+00, 3.99108468964557393630191975593380202491e+01, 1.45712772315734202367129334243664477020e-01, 5.63958086740716706607925807041308571985e+00, 1.08760592040708993472276960323150044555e+00, 8.9916136733412695e-01, 1.1597598615919304e+00
0.47000000, 2.37285507455871473886188482721545516706e+00, -1.33034738636442320018260878069111824558e+00, 3.99104355965808868864052722017460200728e+01, 1.46332909287707964310180236077594758597e-01, 5.63936706055231398610962967689697094079e+00, 1.08768373808034278626822815115389131801e+00, 8.9801983459843760e-01, 1.1618645871895895e+00
0.47100000, 2.37306085530651339071515227975243562538e+00, -1.33021766605533642488025779651112950707e+00, 3.99100231404447001187345147711373864582e+01, 1.46954336406128277838425404125749697966e-01, 5.63915262926373274817131902874791030413e+00, 1.08776169444219642457669585777566883171e+00, 8.9687045580407133e-01, 1.1639743292267585e+00
0.47200000, 2.37326714728168958259168838682487858136e+00, -1.33008752133882267462676476724303672906e+00, 3.99096095260085020029959849648200126309e+01, 1.47577053257015263275185045303000291774e-01, 5.63893757223466319642292026111622601592e+00, 1.08783978917835921875697287482487625570e+00, 8.9571318472453668e-01, 1.1660890801303120e+00
0.47300000, 2.37347395096714272513520434212343434122e+00, -1.32995695101259667462519725535487485098e+00, 3.99091947512263431200856584328732132934e+01, 1.48201059422538906488017631842807184929e-01, 5.63872188815273783542752530915662079689e+00, 1.08791802197183896792230014588080959257e+00, 8.9454797490800246e-01, 1.1682088321359723e+00
0.47400000, 2.37368126684673495866156690411212026629e+00, -1.32982595386851319501971205913656906071e+00, 3.99087788140449787011002237625121518642e+01, 1.48826354480988178278537541954904426661e-01, 5.63850557569995697555820681370615938981e+00, 1.08799639250291991301935276075110062671e+00, 8.9337477967659440e-01, 1.1703335772861196e+00
0.47500000, 2.37388909540528657420804925632604690223e+00, -1.32969452869253528297688239591406494780e+00, 3.99083617124038455472640084613412041783e+01, 1.49452938006739909391471721486696677463e-01, 5.63828863355266373895838367111680739353e+00, 1.08807490044913954110589421214836074020e+00, 8.9219355212569563e-01, 1.1724633074275832e+00
0.47600000, 2.37409743712857134730783482535819051607e+00, -1.32956267426470227461494126689493630061e+00, 3.99079434442350388573339595948577460367e+01, 1.50080809570227418983216782388454497679e-01, 5.63807106038151892530858441837942172429e+00, 1.08815354548526517999478748523166792337e+00, 8.9100424512325114e-01, 1.1745980142094106e+00
0.47700000, 2.37430629250331178326396150345737142002e+00, -1.32943038935909758507882201433318984865e+00, 3.99075240074632889623315181995218866458e+01, 1.50709968737908894368686934691559953888e-01, 5.63785285485147573664842226503386064559e+00, 1.08823232728327038115881299598058977987e+00, 8.8980681130907629e-01, 1.1767376890806172e+00
0.47800000, 2.37451566201717427268015774728595744777e+00, -1.32929767274381627504425144628252514038e+00, 3.99071034000059379674542462773171593688e+01, 1.51340415072235519843538189659030100863e-01, 5.63763401562175436049992650030331493387e+00, 1.08831124551231108876721316442644892957e+00, 8.8860120309416956e-01, 1.1788823232879145e+00
0.47900000, 2.37472554615876415598904576139465967869e+00, -1.32916452318093239191939687195105220504e+00, 3.99066816197729163010241932116222722310e+01, 1.51972148131619352356912630635177041533e-01, 5.63741454134581641053573953339373841889e+00, 1.08839029983870159270106509999674288964e+00, 8.8738737266002961e-01, 1.1810319078734173e+00
0.48000000, 2.37493594541762069570096675435467442895e+00, -1.32903093942646608399768495015921858857e+00, 3.99062586646667191703342269991887987040e+01, 1.52605167470400941787665449428533296377e-01, 5.63719443067133922403308831593787122583e+00, 1.08846948992589026337047267223658969598e+00, 8.8616527195797692e-01, 1.1831864336723298e+00
0.48100000, 2.37514686028421195507921534757583821625e+00, -1.32889692023035048580039639028882979105e+00, 3.99058345325823829242579069828411768816e+01, 1.53239472638816693554614080578852681035e-01, 5.63697368224019001535187473087628459956e+00, 1.08854881543443506613216327086857966843e+00, 8.8493485270848004e-01, 1.1853458913106102e+00
0.48200000, 2.37535829124992958192975083127865942212e+00, -1.32876246433639837283249524229108596158e+00, 3.99054092214074613224929410507489977368e+01, 1.53875063182965971268680290201363616274e-01, 5.63675229468839988467270312893212738455e+00, 1.08862827602197885308136889997847810635e+00, 8.8369606640048661e-01, 1.1875102712026134e+00
0.48300000, 2.37557023880708349617547824679244038640e+00, -1.32862757048226858395987375011822498869e+00, 3.99049827290220017113128538409733704059e+01, 1.54511938644777937111879612327042269157e-01, 5.63653026664613768122817600486161202047e+00, 1.08870787134322442996686192223859028350e+00, 8.8244886429075933e-01, 1.1896795635487128e+00
0.48400000, 2.37578270344889647986695831444117992993e+00, -1.32849223739943220960078249929536177638e+00, 3.99045550532985211057061956991652999783e+01, 1.55150098561978127604945160856101296709e-01, 5.63630759673768372025834231960378165820e+00, 1.08878760104990939595269873459669567828e+00, 8.8119319740321711e-01, 1.1918537583328992e+00
0.48500000, 2.37599568566949866826290804299642624803e+00, -1.32835646381313854390866984000888422482e+00, 3.99041261921019821777874473728776678883e+01, 1.55789542468054762401951631121702184993e-01, 5.63608428358140335291877871704208379146e+00, 1.08886746479078075392459582396457786820e+00, 8.7992901652828132e-01, 1.1940328453203580e+00
0.48600000, 2.37620918596392194059508940628526205576e+00, -1.32822024844238079910797328582745481787e+00, 3.99036961432897691513687251242985947914e+01, 1.56430269892224783726627257532473589836e-01, 5.63586032578972038836742341888444226515e+00, 1.08894746221156928901291786960876502327e+00, 8.7865627222222759e-01, 1.1962168140550240e+00
0.48700000, 2.37642320482809420911314764520415609559e+00, -1.32808358999986158012858774699757768094e+00, 3.99032649047116636025864675878626940515e+01, 1.57072280359399624041103592516911532216e-01, 5.63563572196909036725396751042148542295e+00, 1.08902759295496371297799261908096648142e+00, 8.7737491480654308e-01, 1.1984056538571139e+00
0.48800000, 2.37663774275883360498564937202353588720e+00, -1.32794648719195811766878002663148037677e+00, 3.99028324742098201664824918218047445978e+01, 1.57715573390150699513652160077079696347e-01, 5.63541047071997368583334029547335662405e+00, 1.08910785666058457207687789810701884733e+00, 8.7608489436728954e-01, 1.2005993538206358e+00
0.48900000, 2.37685280025384255961397947298454631748e+00, -1.32780893871868725780022495718394156342e+00, 3.99023988496187421494441441840119624154e+01, 1.58360148500674626827490220646970362043e-01, 5.63518457063680856992260608301835861878e+00, 1.08918825296495791600378799307008861592e+00, 8.7478616075447222e-01, 1.2027979028108762e+00
0.49000000, 2.37706837781170177989588050970818867540e+00, -1.32767094327367020621260485148094433139e+00, 3.99019640287652570474137445332685464795e+01, 1.59006005202758160848001931110108935293e-01, 5.63495802030798389791842089457180486696e+00, 1.08926878150148872546913537759460329835e+00, 8.7347866358141490e-01, 1.2050012894618633e+00
0.49100000, 2.37728447593186411595525452398059964660e+00, -1.32753249954409702517883955448307121389e+00, 3.99015280094684919697831324989597834246e+01, 1.59653143003742850640712925286274952215e-01, 5.63473081831581187209008091648918585353e+00, 1.08934944190043409595455489021647889656e+00, 8.7216235222414108e-01, 1.2072095021738079e+00
0.49200000, 2.37750109511464831983439039614495307211e+00, -1.32739360621069088130549827564991400342e+00, 3.99010907895398489688948749093415008805e+01, 1.60301561406489411307072568089722786157e-01, 5.63450296323650053736113187449445173424e+00, 1.08943023378887617515334649319813450902e+00, 8.7083717582076166e-01, 1.2094225291105202e+00
0.49300000, 2.37771823586123269362402566344455220420e+00, -1.32725426194767204211628552364224888876e+00, 3.99006523667829802750775867074825669962e+01, 1.60951259909341809079535604203887773013e-01, 5.63427445364012614679050173272055789524e+00, 1.08951115679069485157749507431131227260e+00, 8.6950308327086912e-01, 1.2116403581968032e+00
0.49400000, 2.37793589867364862548559536550081055120e+00, -1.32711446542272161949969082157604410007e+00, 3.99002127389937634371488566559740400124e+01, 1.61602238006091057091590343546312270193e-01, 5.63404528809060537296217011560167555340e+00, 1.08959221052654019178379675014519087988e+00, 8.6816002323493855e-01, 1.2138629771158226e+00
0.49500000, 2.37815408405477401199865736810966671892e+00, -1.32697421529694505803494441883464082411e+00, 3.98997719039602763683254567326851614607e+01, 1.62254495185938719212250575319251149776e-01, 5.63381546514566736449049856369110656014e+00, 1.08967339461380462364263608171545900683e+00, 8.6680794413373555e-01, 1.2160903733064517e+00
0.49600000, 2.37837279250832656524480896497518460930e+00, -1.32683351022483536619332790185283159783e+00, 3.98993298594627722974868533027425126758e+01, 1.62908030933460119308109714177466958171e-01, 5.63358498335682564684651815698927493368e+00, 1.08975470866659486304361274464241890958e+00, 8.6544679414773133e-01, 1.2183225339605936e+00
0.49700000, 2.37859202453885700301741853264028500349e+00, -1.32669234885423608839464840951637983656e+00, 3.98988866032736546257445319264339747013e+01, 1.63562844728567253269344849470889734033e-01, 5.63335384126934986670870721331353254000e+00, 1.08983615229570358140250466302770378575e+00, 8.6407652121652507e-01, 1.2205594460204776e+00
0.49800000, 2.37881178065174212052418369962096291787e+00, -1.32655072982630401588129704831427058228e+00, 3.98984421331574516882762990973657835133e+01, 1.64218936046471401109051944002443429684e-01, 5.63312203742223737904009378597156817885e+00, 1.08991772510858081130397250580279584626e+00, 8.6269707303827385e-01, 1.2228010961759317e+00
0.49900000, 2.37903206135317774192688888823752587077e+00, -1.32640865177547163435477504915352062022e+00, 3.98979964468707914213915364281187768294e+01, 1.64876304357645436417987923069691550797e-01, 5.63288957034818467609188768668493764444e+00, 1.08999942670930508758395277447898016075e+00, 8.6130839706913021e-01, 1.2250474708616301e+00
0.50000000, 2.37925286715017155003976511581864037361e+00, -1.32626611332940930630188418473774386663e+00, 3.98975495421623759348003590009556286354e+01, 1.65534949127785830429187276473823007011e-01, 5.63265643857355865753228694051529414654e+00, 1.09008125669855432112484842893164154647e+00, 8.5991044052268772e-01, 1.2272985562543160e+00
0.50100000, 2.37947419855053579248454843566093825537e+00, -1.32612311310898718591993994885085217251e+00, 3.98971014167729559890667730300419140745e+01, 1.66194869817774347919006491898133128673e-01, 5.63242264061836774089761618682989104673e+00, 1.09016321467357640260540197841016222103e+00, 8.5850315036943458e-01, 1.2295543382699987e+00
0.50200000, 2.37969605606287986257668510659390720764e+00, -1.32597964972823686453237596467435474439e+00, 3.98966520684353053782332419537372595064e+01, 1.66856065883639432142925530795519931610e-01, 5.63218817499623281156154187587423675433e+00, 1.09024530022815953341552101091711146512e+00, 8.5708647333621554e-01, 1.2318148025611257e+00
0.50300000, 2.37991844019660275319313616537125898927e+00, -1.32583572179431274436796501935880478841e+00, 3.98962014948741952176115579699896682374e+01, 1.67518536776517275975897987410945219499e-01, 5.63195304021435801141677353173164850515e+00, 1.09032751295260228091431497415841718477e+00, 8.5566035590570237e-01, 1.2340799345137292e+00
0.50400000, 2.38014135146188538184788611191587069202e+00, -1.32569132790745313855858500089127827592e+00, 3.98957496938063681367425812898420998020e+01, 1.68182281942612576398186833560088364188e-01, 5.63171723477350136546240427371894297689e+00, 1.09040985243368335517718930924053392118e+00, 8.5422474431587302e-01, 1.2363497192445464e+00
0.50500000, 2.38036479036968278517655438704958449592e+00, -1.32554646666094109519200582916250384526e+00, 3.98952966629405123775352555258832715739e+01, 1.68847300823158969438446997589351558224e-01, 5.63148075716794524548886968222503998934e+00, 1.09049231825463110434502335200301292304e+00, 8.5277958455949978e-01, 1.2386241415981143e+00
0.50600000, 2.38058875743171618100643861735956619477e+00, -1.32540113664106494323756521867326713021e+00, 3.98948423999772357976033382350688706069e+01, 1.69513592854379142656315661901891387471e-01, 5.63124360588546667005141449386842850600e+00, 1.09057490999509272565522625705448031665e+00, 8.5132482238364654e-01, 1.2409031861438377e+00
0.50700000, 2.38081325316046489616287952055290882431e+00, -1.32525533642707855814383578293794251706e+00, 3.98943869026090397788265043495785402230e+01, 1.70181157467444622216942250447222466042e-01, 5.63100577940730743992195410781779951514e+00, 1.09065762723110318920081498874435312327e+00, 8.4986040328917547e-01, 1.2431868371730319e+00
0.50800000, 2.38103827806915815813702311030143564486e+00, -1.32510906459116134488846259299285700918e+00, 3.98939301685202930411708907774819876512e+01, 1.70849994088435231579728730587144773987e-01, 5.63076727620814410820830513574171202384e+00, 1.09074046953505387142958450462289136161e+00, 8.4838627253026332e-01, 1.2454750786959369e+00
0.50900000, 2.38126383267176674871386051878931458452e+00, -1.32496231969837793624126784287334529861e+00, 3.98934721953872053618127566319685208616e+01, 1.71520102138298218793053141265583768765e-01, 5.63052809475605778432893895148341434137e+00, 1.09082343647566089536093689309285384515e+00, 8.4690237511392756e-01, 1.2477678944387068e+00
0.51000000, 2.38148991748299451763284337619820268180e+00, -1.32481510030663760398247676808660299234e+00, 3.98930129808778011996177392229925972356e+01, 1.72191481032807049355911202963926491905e-01, 5.63028823351250377103068717782107418720e+00, 1.09090652761793317446299759894832623970e+00, 8.4540865579956253e-01, 1.2500652678403709e+00
0.51100000, 2.38171653301826975432639715736070789015e+00, -1.32466740496665338079851543032300760128e+00, 3.98925525226518932250371950633782366124e+01, 1.72864130182519861576228438589138713712e-01, 5.63004769093228103363620113796881034351e+00, 1.09098974252314015709726707649560293446e+00, 8.4390505909848597e-01, 1.2523671820497677e+00
0.51200000, 2.38194367979373641575428003309583265768e+00, -1.32451923222190089055826545154244976075e+00, 3.98920908183610557554923317249336586891e+01, 1.73538048992737581324064364312699929624e-01, 5.62980646546350150070744141850624372162e+00, 1.09107308074877926840222926407789219384e+00, 8.4239152927349609e-01, 1.2546736199224518e+00
0.51300000, 2.38217135832624520832395424997958616251e+00, -1.32437058060857688465293228960607813750e+00, 3.98916278656485980963262645299849463268e+01, 1.74213236863461693046046873053151403096e-01, 5.62956455554755919531105182778177829228e+00, 1.09115654184854304645105810494033507583e+00, 8.4086801033843939e-01, 1.2569845640175729e+00
0.51400000, 2.38239956913334452185894450470078967798e+00, -1.32422144865555748206279124066910330562e+00, 3.98911636621495377874137759613643282927e+01, 1.74889693189351663875134759360363678474e-01, 5.62932195961909919607115725059653489285e+00, 1.09124012537228596948182378984215201855e+00, 8.3933444605778954e-01, 1.2592999965947267e+00
0.51500000, 2.38262831273327121354854666757816585127e+00, -1.32407183488435611079401808448176677501e+00, 3.98906982054905737555284195827132876917e+01, 1.75567417359682017637205201968857680242e-01, 5.62907867610598642719492033035856271381e+00, 1.09132383086599097096139522127487935444e+00, 8.3779077994623759e-01, 1.2616198996107783e+00
0.51600000, 2.38285758964494123978321392491961387162e+00, -1.32392173780908114830858822105556573037e+00, 3.98902314932900593725766985280717789765e+01, 1.76246408758299055522996658237425623691e-01, 5.62883470342927427665610076294004252504e+00, 1.09140765787173563920655806319819941444e+00, 8.3623695526829367e-01, 1.2639442547166565e+00
0.51700000, 2.38308740038794013375047922118691913860e+00, -1.32377115593639325854983835458502168831e+00, 3.98897635231579754198193656775578265339e+01, 1.76926666763577220160601711497125721284e-01, 5.62859004000317304172188654775978924734e+00, 1.09149160592765809824771221918538303740e+00, 8.3467291503790051e-01, 1.2662730432541202e+00
0.51800000, 2.38331774548251332663636594577343217496e+00, -1.32362008776546242314572734772521159997e+00, 3.98892942926959029582104430040008330713e+01, 1.77608190748375099789994575292812935754e-01, 5.62834468423501820100841217504649437993e+00, 1.09157567456792256658187215951471268949e+00, 8.3309860201805908e-01, 1.2686062462524955e+00
0.51900000, 2.38354862544955631024688616687884357063e+00, -1.32346853178792466435110689255290561246e+00, 3.98888237994969961049953458620078214170e+01, 1.78290980079991069206989773286543224285e-01, 5.62809863452523851225064787782803978791e+00, 1.09165986332268459042256158487727201593e+00, 8.3151395872046649e-01, 1.2709438444253846e+00
0.52000000, 2.38378004081060463883342029059409751049e+00, -1.32331648648783845726941723231432933082e+00, 3.98883520411459547167205288950666950180e+01, 1.78975034120118564109557503681977646019e-01, 5.62785188926732393497274026891557596590e+00, 1.09174417171805594801456376757492880763e+00, 8.2991892740516656e-01, 1.2732858181673442e+00
0.52100000, 2.38401199208782376787450662178674275785e+00, -1.32316395034164082887315744192899449569e+00, 3.98878790152189969788183485493302397756e+01, 1.79660352224800985444562833205752925440e-01, 5.62760444684779337724541152683845432520e+00, 1.09182859927606922154135375133491048440e+00, 8.2831345008021330e-01, 1.2756321475505360e+00
0.52200000, 2.38424447980399872753483660826294481876e+00, -1.32301092181810314132124287048345694764e+00, 3.98874047192838319019423677904092480082e+01, 1.80346933744386230317745565477375064368e-01, 5.62735630564616226571768548595638330668e+00, 1.09191314551464203311239152217667791451e+00, 8.2669746850134744e-01, 1.2779828123213465e+00
0.52300000, 2.38447750448252362849004412105118565700e+00, -1.32285739937828655704995341545515384046e+00, 3.98869291508996317252401165037975120565e+01, 1.81034778023480845994110755762138020769e-01, 5.62710746403490993811100830821503713986e+00, 1.09199780994754094127628929077803406429e+00, 8.2507092417168657e-01, 1.2803377918969771e+00
0.52400000, 2.38471106664739099777318739590255712393e+00, -1.32270338147549718309259450133549105007e+00, 3.98864523076170042267623713006047547091e+01, 1.81723884400903803479851708056489876177e-01, 5.62685792037944685736477274040109239278e+00, 1.09208259208434499446417405737460247512e+00, 8.2343375834142891e-01, 1.2826970653620047e+00
0.52500000, 2.38494516682318094226564254072561597383e+00, -1.32254886655524089206123715601715896089e+00, 3.98859741869779649412203362284107299696e+01, 1.82414252209639887140473145761538068798e-01, 5.62660767303808164662334225633930243033e+00, 1.09216749143040893772534146806555937379e+00, 8.2178591200757121e-01, 1.2850606114649111e+00
0.52600000, 2.38517980553505013742144997698499854045e+00, -1.32239385305517781720197361513402161518e+00, 3.98854947865159092853146964848082464746e+01, 1.83105880776792696772917293009686982641e-01, 5.62635672036198794425590870729296053131e+00, 1.09225250748682606907453131851986106807e+00, 8.2012732591364085e-01, 1.2874284086145825e+00
0.52700000, 2.38541498330872063877997187391753909302e+00, -1.32223833940507651891301965375187427339e+00, 3.98850141037555845908733860353925985375e+01, 1.83798769423537258512214983222291779039e-01, 5.62610506069517107810190861107450782384e+00, 1.09233763975039074172684151540274215367e+00, 8.1845794054944278e-01, 1.2898004348767780e+00
0.52800000, 2.38565070067046851378702146173761446239e+00, -1.32208232402676782009271358147260066956e+00, 3.98845321362130620460480625418015094686e+01, 1.84492917465072240915482711397890601933e-01, 5.62585269237443455813627315462093207661e+00, 1.09242288771356050845242835970001508995e+00, 8.1677769615082121e-01, 1.2921766679705674e+00
0.52900000, 2.38588695814711229140940584555148842350e+00, -1.32192580533409830766200379594933475677e+00, 3.98840488813957085448327248107028038411e+01, 1.85188324210571772527959796626072472679e-01, 5.62559961372934638675049972026998610805e+00, 1.09250825086441790423870905473895540996e+00, 8.1508653269943673e-01, 1.2945570852647370e+00
0.53000000, 2.38612375626600122699207421752921239415e+00, -1.32176878173288349758338124655233653519e+00, 3.98835643368021584451816447939339258563e+01, 1.85884988963136857197222493471037428174e-01, 5.62534582308220518584741272990151258754e+00, 1.09259372868663186340277964170120749797e+00, 8.1338438992255888e-01, 1.2969416637741648e+00
0.53100000, 2.38636109555500337977077467086946169586e+00, -1.32161125162086066067539941173259444954e+00, 3.98830784999222852360178238289194885519e+01, 1.86582911019746383362718899120451988986e-01, 5.62509131874800613994953339606077272208e+00, 1.09267932065941876725118029324558828291e+00, 8.1167120729287472e-01, 1.2993303801561635e+00
0.53200000, 2.38659897654249350041628650040843291802e+00, -1.32145321338764130649893176051760834082e+00, 3.98825913682371731134375272479697768968e+01, 1.87282089671207723508334702822508468148e-01, 5.62483609903440675452320624553677838374e+00, 1.09276502625750311833797210623401177176e+00, 8.0994692402831361e-01, 1.3017232107067921e+00
0.53300000, 2.38683739975734072594890212925344584506e+00, -1.32129466541466332256814449438133627661e+00, 3.98821029392190884664311087637248986138e+01, 1.87982524202106919925820011189721528052e-01, 5.62458016224169242872303981930377407854e+00, 1.09285084495107783732532716890425974828e+00, 8.0821147909188849e-01, 1.3041201313571346e+00
0.53400000, 2.38707636572889607932387467653698300027e+00, -1.32113560607514276611581001922552405985e+00, 3.98816132103314512724553123345797874294e+01, 1.88684213890758452896576393719664829999e-01, 5.62432350666274184176381464677349107001e+00, 1.09293677620576417840346856267487568074e+00, 8.0646481119155418e-01, 1.3065211176695471e+00
0.53500000, 2.38731587498697977095001457367102892293e+00, -1.32097603373402530561905347322597082529e+00, 3.98811221790288064032075408296748967127e+01, 1.89387158009154587358515603350183435413e-01, 5.62406613058299215212979845093790359197e+00, 1.09302281948257125917882080408802897011e+00, 8.0470685878008286e-01, 1.3089261448338713e+00
0.53600000, 2.38755592806186829936450228540543061133e+00, -1.32081594674793730926791015690848629480e+00, 3.98806298427567948409682141742885163672e+01, 1.90091355822914294083451752159061300069e-01, 5.62380803228040400883439169133298016115e+00, 1.09310897423785520089063563001408480253e+00, 8.0293756005495711e-01, 1.3113351876636169e+00
0.53700000, 2.38779652548428134824727467954099515170e+00, -1.32065534346513657753517532755168492662e+00, 3.98801361989521248058933113171518699710e+01, 1.90796806591231741348771616174399597616e-01, 5.62354921002542637394621124182468376495e+00, 1.09319523992327787476713445114340234497e+00, 8.0115685295828101e-01, 1.3137482205921085e+00
0.53800000, 2.38803766778536847691803033638879770581e+00, -1.32049422222546271698194901109707416195e+00, 3.98796412450425427946555070054831211868e+01, 1.91503509566824353044937697491342536093e-01, 5.62328966208096115560111160168790182879e+00, 1.09328161598576525028234859544896799652e+00, 7.9936467517670947e-01, 1.3161652176686017e+00
0.53900000, 2.38827935549669560141797435328213207893e+00, -1.32033258136028715240901676240497263088e+00, 3.98791449784468045308489827984477698032e+01, 1.92211463995880429117710115836533645455e-01, 5.62302938670232765072324704954104736482e+00, 1.09336810186746534102433286197307382809e+00, 7.9756096414139625e-01, 1.3185861525543633e+00
0.54000000, 2.38852158915023126323687607119666878520e+00, -1.32017041919246277443976221247729723224e+00, 3.98786473965746458275900189479630076656e+01, 1.92920669118006324200820701726998065789e-01, 5.62276838213722679668210019811855949125e+00, 1.09345469700570574383426800828680752003e+00, 7.9574565702796106e-01, 1.3210109985187199e+00
0.54100000, 2.38876436927833268270383355067307958412e+00, -1.32000773403627321959567835642458106377e+00, 3.98781484968267533627628668183331301462e+01, 1.93631124166173180251190122246992832228e-01, 5.62250664662570523111644825380077782635e+00, 1.09354140083295076682414457792193783564e+00, 7.9391869075647603e-01, 1.3234397284350709e+00
0.54200000, 2.38900769641373159401731630087650942110e+00, -1.31984452419738177990073147085125352122e+00, 3.98776482765947353673781676354328684399e+01, 1.94342828366663208954640726967564779605e-01, 5.62224417840011915916051382402711732844e+00, 1.09362821277675814182822478415990212885e+00, 7.9208000199147205e-01, 1.3258723147768676e+00
0.54300000, 2.38925157108951985884658229104241344063e+00, -1.31968078797277993902583395291603088528e+00, 3.98771467332610922275293299284886782539e+01, 1.95055780939015519625418229828506662390e-01, 5.62198097568509802731205838265483093143e+00, 1.09371513225973531679030172072478092300e+00, 7.9022952714196527e-01, 1.3283087296135585e+00
0.54400000, 2.38949599383913485539242604103213815643e+00, -1.31951652365073553195949993262652412616e+00, 3.98766438641991870004508125764941199282e+01, 1.95769981095971488277688451956895524876e-01, 5.62171703669750800318692967438434655390e+00, 1.09380215869949532353490655306585671059e+00, 7.8836720236150417e-01, 1.3307489446064990e+00
0.54500000, 2.38974096519634463975040080833857408372e+00, -1.31935172951074052516538995162530625221e+00, 3.98761396667732158452011905706175637143e+01, 1.96485428043419663501515183856909875466e-01, 5.62145235964641526040957573617595427241e+00, 1.09388929150861221631604500705880380953e+00, 7.8649296354823767e-01, 1.3331929310048267e+00
0.54600000, 2.38998648569523287637415858825886028390e+00, -1.31918640382345841416189809374275344015e+00, 3.98756341383381783685132142805268643981e+01, 1.97202120980340204729645760488567540508e-01, 5.62118694273304906789429430636113519192e+00, 1.09397653009457607648176473041060398557e+00, 7.8460674634500461e-01, 1.3356406596413010e+00
0.54700000, 2.39023255587018353439035565890796228298e+00, -1.31902054485067123543319650575641801832e+00, 3.98751272762398478863728181496575772011e+01, 1.97920059098748848434726090139423495942e-01, 5.62092078415076468277750380319800771764e+00, 1.09406387385974757853685513353926300337e+00, 7.8270848613944500e-01, 1.3380921009281077e+00
0.54800000, 2.39047917625586534646966737791884815257e+00, -1.31885415084522618955522811654282630476e+00, 3.98746190778147416019091994849878796506e+01, 1.98639241583640397749330481229318429961e-01, 5.62065388208500604626710756182867998221e+00, 1.09415132220131211282925115945079627089e+00, 7.8079811806413357e-01, 1.3405472248526278e+00
0.54900000, 2.39072634738721602691083232205955852857e+00, -1.31868722005098187239402845093940956938e+00, 3.98741095403900907001986806566556417896e+01, 1.99359667612931730953417446192354949334e-01, 5.62038623471326828168108355908470792572e+00, 1.09423887451123346002824198299388791808e+00, 7.7887557699673592e-01, 1.3430060009731700e+00
0.55000000, 2.39097406979942624554629090444007003575e+00, -1.31851975070275411120746169113906720316e+00, 3.98735986612838103606060970538282674648e+01, 2.00081336357404324225504436156905694689e-01, 5.62011784020505999395377452940464352665e+00, 1.09432653017620701250436465235021678329e+00, 7.7694079756018776e-01, 1.3454683984146677e+00
0.55100000, 2.39122234402792335402888535359618938816e+00, -1.31835174102626140245497456335932989753e+00, 3.98730864378044696873089271973836982754e+01, 2.00804246980646284004985813505710687656e-01, 5.61984869672186536989498544905109363516e+00, 1.09441428857761253766188076794592811706e+00, 7.7499371412289768e-01, 1.3479343858643389e+00
0.55200000, 2.39147117060835486100923423526078949391e+00, -1.31818318923806994809330427288757630927e+00, 3.98725728672512615586713093021632811361e+01, 2.01528398638993884263592871693197084991e-01, 5.61957880241710607849392427723279409553e+00, 1.09450214909146647821498090711848342770e+00, 7.7303426079897386e-01, 1.3504039315673099e+00
0.55300000, 2.39172055007657165266277317171298544475e+00, -1.31801409354553828710922368240130461525e+00, 3.98720579469139723961574793035932136975e+01, 2.02253790481472603934005863550580850014e-01, 5.61930815543610297056725520362959112912e+00, 1.09459011108837378433832595855850889072e+00, 7.7106237144847525e-01, 1.3528770033222019e+00
0.55400000, 2.39197048296861095497405148201348228333e+00, -1.31784445214676151901336838871949345075e+00, 3.98715416740729518534970280875791207553e+01, 2.02980421649737659693069231368472319708e-01, 5.61903675391603757705807925282762008463e+00, 1.09467817393347927256120598920942336394e+00, 7.6907797967768756e-01, 1.3553535684766808e+00
0.55500000, 2.39222096982067903413367932825208083923e+00, -1.31767426323051511599196652201649182059e+00, 3.98710240459990824268377197451953001491e+01, 2.03708291278014029245925904539338107767e-01, 5.61876459598591340530052291077329413789e+00, 1.09476633698641850621246473507621975665e+00, 7.6708101883942462e-01, 1.3578335939229688e+00
0.55600000, 2.39247201116913363135031858557715149601e+00, -1.31750352497619832038588324949937307216e+00, 3.98705050599537489866454476592732930237e+01, 2.04437398493035960205667932844475583505e-01, 5.61849167976651703257280962712334656127e+00, 1.09485459960126819216039013802277292910e+00, 7.6507142203335553e-01, 1.3603170460933195e+00
0.55700000, 2.39272360755046612832628980904474441374e+00, -1.31733223555377712413879845565239361676e+00, 3.98699847131888082321352408549227854378e+01, 2.05167742413985959610792073686284116615e-01, 5.61821800337037899627021996234975612210e+00, 1.09494296112649608852799723742367252459e+00, 7.6304912210635815e-01, 1.3628038909554542e+00
0.55800000, 2.39297575950128343959071387032275134151e+00, -1.31716039312372682682855830130638271962e+00, 3.98694630029465580690420792425789174788e+01, 2.05899322152433259069843396120216607644e-01, 5.61794356490173448003822233764262611444e+00, 1.09503142090491041799951770322446620891e+00, 7.6101405165289928e-01, 1.3652940940079609e+00
0.55900000, 2.39322846755828962782860637028851232342e+00, -1.31698799583697416886777980918093860465e+00, 3.98689399264597069115656432826316245946e+01, 2.06632136812271750469120577779402919595e-01, 5.61766836245648379521528655755506477157e+00, 1.09511997827360878126844873861694277050e+00, 7.5896614301544218e-01, 1.3677876202756538e+00
0.56000000, 2.39348173225826723828798184979732816679e+00, -1.31681504183483903643164282908398663565e+00, 3.98684154809513429093490215414621489268e+01, 2.07366185489657387125196354598012243769e-01, 5.61739239412215265694448546367975258407e+00, 1.09520863256392656511119119539529653673e+00, 7.5690532828488182e-01, 1.3702844343048958e+00
0.56100000, 2.39373555413805834828978892826997738783e+00, -1.31664152924897573464247631880945696092e+00, 3.98678896636349031003778391345854546690e+01, 2.08101467272945045209268466690838429693e-01, 5.61711565797785225432295540618020688196e+00, 1.09529738310138483950311057638105951805e+00, 7.5483153930100841e-01, 1.3727845001588808e+00
0.56200000, 2.39398993373454532780737235944048815617e+00, -1.31646745620131382551223652899799212946e+00, 3.98673624717141424907132619211000671462e+01, 2.08837981242624840214993282722458025003e-01, 5.61683815209423911396863306739468118476e+00, 1.09538622920563773812577302217728970282e+00, 7.5274470765299974e-01, 1.3752877814128776e+00
0.56300000, 2.39424487158463130702312891565868408985e+00, -1.31629282080399852711528417143505812532e+00, 3.98668339023831030619998864994667402584e+01, 2.09575726471257893185458861971998290384e-01, 5.61655987453347475639442413662508132714e+00, 1.09547517019041931654512909865142834448e+00, 7.5064476467994277e-01, 1.3777942411494345e+00
0.56400000, 2.39450036822522034671007605090982654228e+00, -1.31611762115933067043499683041759669198e+00, 3.98663039528260827077176557541543958338e+01, 2.10314702023411541358319236608878270969e-01, 5.61628082334918514459109824137245986336e+00, 1.09556420536348988227052874907228374054e+00, 7.4853164147138519e-01, 1.3803038419535440e+00
0.56500000, 2.39475642419319730722517024225495417706e+00, -1.31594185535970621029870267909149133674e+00, 3.98657726202176040991756553386051466926e+01, 2.11054906955593987830829800847396999126e-01, 5.61600099658641992423175444183351806335e+00, 1.09565333402658179083363850802315145213e+00, 7.4640526886791721e-01, 1.3828165459077681e+00
0.56600000, 2.39501304002540741183938029877754588777e+00, -1.31576552148755528678619300636744205764e+00, 3.98652399017223834822749597060249755125e+01, 2.11796340316188384788587438635415817418e-01, 5.61572039228161145492267278237436509065e+00, 1.09574255547534470195458417326452412425e+00, 7.4426557746178437e-01, 1.3853323145873232e+00
0.56700000, 2.39527021625863550006672401563897987646e+00, -1.31558861761528083346766525367238734989e+00, 3.98647057944952994060976190053225054994e+01, 2.12539001145386344783180892669977457244e-01, 5.61543900846253363193777039722193565239e+00, 1.09583186899929028978994559743111984980e+00, 7.4211249759753184e-01, 1.3878511090551254e+00
0.56800000, 2.39552795342958496659069832314945076086e+00, -1.31541114180519672879736640521752081399e+00, 3.98641702956813613844094224755226362420e+01, 2.13282888475120874484689285219359587117e-01, 5.61515684314826049788672626602564075900e+00, 1.09592127388173640118357191294562551709e+00, 7.3994595937268072e-01, 1.3903728898567945e+00
0.56900000, 2.39578625207485638132175724190682926238e+00, -1.31523309210946548695944996703752491783e+00, 3.98636334024156784911952522744492175847e+01, 2.14028001328998725275021980731242041549e-01, 5.61487389434912464378013793929985421604e+00, 1.09601076939975065576655197594670755534e+00, 7.3776589263843699e-01, 1.3928976170156175e+00
0.57000000, 2.39604511273092578605370192545295235274e+00, -1.31505446657003548443262980402233369062e+00, 3.98630951118234278913776665936716686820e+01, 2.14774338722232154987463391456157701335e-01, 5.61459016006667539896883769385048567242e+00, 1.09610035482409348167705255716230093197e+00, 7.3557222700043361e-01, 1.3954252500274718e+00
0.57100000, 2.39630453593412266312002598217192564885e+00, -1.31487526321857771851011227805794525997e+00, 3.98625554210198233079018353251702524277e+01, 2.15521899661570095036464054751726194371e-01, 5.61430563829363680944873618871701195075e+00, 1.09619002941916058059411207962934796520e+00, 7.3336489181950649e-01, 1.3979557478557061e+00
0.57200000, 2.39656452222060757138338995392164687539e+00, -1.31469548007642209398101604757149585617e+00, 3.98620143271100834264031086010483296696e+01, 2.16270683145228717119696463152048619375e-01, 5.61402032701386540403729059856488118529e+00, 1.09627979244292481570183657403502808403e+00, 7.3114381621250476e-01, 1.4004890689259806e+00
0.57300000, 2.39682507212634944482246382542254627327e+00, -1.31451511515449323414904826204692908971e+00, 3.98614718271894002387073416381809265608e+01, 2.17020688162821393611662738725714226790e-01, 5.61373422420230774794292350689765829005e+00, 1.09636964314687751612177286786238339218e+00, 7.2890892905313605e-01, 1.4030251711210655e+00
0.57400000, 2.39708618618710254891035797524083122920e+00, -1.31433416645324581233359854044849294981e+00, 3.98609279183429073264486421699384633975e+01, 2.17771913695288045704693268897136461549e-01, 5.61344732782495778326446093292421902584e+00, 1.09645958077596919127151752425752507157e+00, 7.2666015897284738e-01, 1.4055640117755972e+00
0.57500000, 2.39734786493838308990774297453217267576e+00, -1.31415263196259939996764000302332507688e+00, 3.98603825976456480861244633005213205412e+01, 2.18524358714823873289002743058260414976e-01, 5.61315963583881395597392542104578481713e+00, 1.09654960456854964852684418213448018720e+00, 7.2439743436174228e-01, 1.4081055476707926e+00
0.57600000, 2.39761010891544547212151869489255550911e+00, -1.31397050966187282737589179574505095829e+00, 3.98598358621625438969439491217558894920e+01, 2.19278022184807460498564453310852939217e-01, 5.61287114619183612895282611583128600996e+00, 1.09663971375630750748278200135013383990e+00, 7.2212068336953472e-01, 1.4106497350291210e+00
0.57700000, 2.39787291865325819810651458041499749214e+00, -1.31378779751971805328560219492538232749e+00, 3.98592877089483622328621674254999742571e+01, 2.20032903059728250783916977991436245493e-01, 5.61258185682290228066944545762849048439e+00, 1.09672990756420910402613896353833666307e+00, 7.1982983390654061e-01, 1.4131965295089335e+00
0.57800000, 2.39813629468647940671316662165301146943e+00, -1.31360449349405353909105782481976729814e+00, 3.98587381350476847202303481615531871399e+01, 2.20789000285113385306621106799116491199e-01, 5.61229176566176498910254515588444111195e+00, 1.09682018521043677734792069252330791748e+00, 7.1752481364470734e-01, 1.4157458861990496e+00
0.57900000, 2.39840023754943204380840315655617334535e+00, -1.31342059553199712386151521563234859425e+00, 3.98581871374948751425305030682823874742e+01, 2.21546312797453898382930669126637959104e-01, 5.61200087062900770053541633911811031826e+00, 1.09691054590632653293893290221295341070e+00, 7.1520555001868226e-01, 1.4182977596133001e+00
0.58000000, 2.39866474777607866042006139108229068367e+00, -1.31323610156979839605068846359304808563e+00, 3.98576347133140473937018465871960851003e+01, 2.22304839524130263636320294656442195641e-01, 5.61170916963600078286329447915154277435e+00, 1.09700098885630507452555800803587857190e+00, 7.1287197022692050e-01, 1.4208521036850278e+00
0.58100000, 2.39892982589999583297702940907613684987e+00, -1.31305100953277055783421386191604197451e+00, 3.98570808595190333816062865251222273447e+01, 2.23064579383337284449817493965542143823e-01, 5.61141666058485736307686341378040069665e+00, 1.09709151325782619781524809082983020881e+00, 7.1052400123283303e-01, 1.4234088717615439e+00
0.58200000, 2.39919547245434820023794400331709455557e+00, -1.31286531733522177796965193215594317218e+00, 3.98565255731133508832209210323514624911e+01, 2.23825531284008322239607147991953879664e-01, 5.61112334136838894860489945983240741128e+00, 1.09718211830130653883266130457366980571e+00, 7.0816156976597555e-01, 1.4259680165985408e+00
0.58300000, 2.39946168797186211142065212440486893494e+00, -1.31267902288038602904158233287019107993e+00, 3.98559688510901713531869827350005447885e+01, 2.24587694125738856001104814865546057697e-01, 5.61082920987006083222007148105707062377e+00, 1.09727280317006066953757077838848399261e+00, 7.0578460232327889e-01, 1.4285294903544612e+00
0.58400000, 2.39972847298479887996274196277301554845e+00, -1.31249212406035340492220084713932303069e+00, 3.98554106904322876873870280437845459734e+01, 2.25351066798709366507622402106019191003e-01, 5.61053426396394728023353147458286419260e+00, 1.09736356704023553332467766515344306289e+00, 7.0339302517032168e-01, 1.4310932445848227e+00
0.58500000, 2.39999582802492763726024713077531374099e+00, -1.31230461875599991424554340559792754534e+00, 3.98548510881120819432653968512800852446e+01, 2.26115648183607538469866838376924883369e-01, 5.61023850151468650372621875485913540057e+00, 1.09745440908074421291324659712714169814e+00, 7.0098676434264599e-01, 1.4336592302364986e+00
0.58600000, 2.40026375362349778064710219673544121428e+00, -1.31211650483691674566104340838167586668e+00, 3.98542900410914930186510824678518428126e+01, 2.26881437151549773891810464605258946123e-01, 5.60994192037743541258777550986799661357e+00, 1.09754532845319902304103556074201957137e+00, 6.9856574564711667e-01, 1.4362273976419530e+00
0.58700000, 2.40053225031121100979205765559009506536e+00, -1.31192778016133900059957916248568727344e+00, 3.98537275463219842908871715326721095263e+01, 2.27648432564002009784941928425976505367e-01, 5.60964451839782415215764913035164224291e+00, 1.09763632431184392028229600768481112179e+00, 6.9612989466332512e-01, 1.4387976965134326e+00
0.58800000, 2.40080131861819294560252462309603019685e+00, -1.31173844257607388925249192430536234750e+00, 3.98531636007445112181169569359694307250e+01, 2.28416633272699833328539314520537068795e-01, 5.60934629341191042228735441197845801801e+00, 1.09772739580348622221365555621542612246e+00, 6.9367913674503824e-01, 1.4413700759371121e+00
0.58900000, 2.40107095907396432563619103455214159146e+00, -1.31154848991642838543125588944495380336e+00, 3.98525982012894889046237120401307682880e+01, 2.29186038119567887488393909800799770765e-01, 5.60904724324613357866800404894683303649e+00, 1.09781854206742762805444735088138336978e+00, 6.9121339702169335e-01, 1.4439444843671949e+00
0.59000000, 2.40134117220741176993120842968839508476e+00, -1.31135792000613633594256375310258835212e+00, 3.98520313448767596321689606098470801167e+01, 2.29956645936638560030344147843178862973e-01, 5.60874736571726851629310673429288422848e+00, 1.09790976223539453280949925002767801013e+00, 6.8873260039993981e-01, 1.4465208696199689e+00
0.59100000, 2.40161195854675811107426761359416907032e+00, -1.31116673065728502008055962155836551024e+00, 3.98514630284155603593229031634738661567e+01, 2.30728455545969948788045591454397162868e-01, 5.60844665863237933495329703832717154257e+00, 1.09800105543146762684252447011401265568e+00, 6.8623667156522813e-01, 1.4490991788678155e+00
0.59200000, 2.40188331861953228223293827837195054333e+00, -1.31097491967024115480480973918435524179e+00, 3.98508932488044901908304866448173951301e+01, 2.31501465759563095966594915083638071301e-01, 5.60814511978877278668711886580999410030e+00, 1.09809242077201077270704486428168368809e+00, 6.8372553498344743e-01, 1.4516793586331740e+00
0.59300000, 2.40215525295253875678421730137529599458e+00, -1.31078248483357634113935556680751316752e+00, 3.98503220029314778191074504980358057479e+01, 2.32275675379278484184934289500351317560e-01, 5.60784274697395150514025395102495632106e+00, 1.09818385736559915095921013689119641143e+00, 6.8119911490261195e-01, 1.4542613547824588e+00
0.59400000, 2.40242776207182653307528771617368925098e+00, -1.31058942392399194729484828396790784409e+00, 3.98497492876737489400125689340063924665e+01, 2.33051083196751786880377830292804249766e-01, 5.60753953796556701681468824739262335637e+00, 1.09827536431294666657293223695917985056e+00, 6.7865733535459746e-01, 1.4568451125199314e+00
0.59500000, 2.40270084650265765775500964967244668568e+00, -1.31039573470624342398232409130749251000e+00, 3.98491750998977936450952573532729693514e+01, 2.33827687993308865618114261855780506161e-01, 5.60723549053137253421926237824899135872e+00, 1.09836694070683260747241492416655032153e+00, 6.7610012015692849e-01, 1.4594305763815253e+00
0.59600000, 2.40297450676947528101561974815362125199e+00, -1.31020141493306404735365129276201813058e+00, 3.98485994364593337925717419196416302976e+01, 2.34605488539880006767140015173307354701e-01, 5.60693060242917553096387818650548655068e+00, 1.09845858563202754659040480300936668862e+00, 6.7352739291461709e-01, 1.4620176902286244e+00
0.59700000, 2.40324874339587123698348023048534973729e+00, -1.31000646234508808497006881164625017039e+00, 3.98480222942032903593381269821037074556e+01, 2.35384483596913389921754900504941426906e-01, 5.60662487140679009887135298806132695524e+00, 1.09855029816521847875230246185044721907e+00, 6.7093907702205400e-01, 1.4646063972417951e+00
0.59800000, 2.40352355690455314239546569324599380212e+00, -1.30981087467077338016654755744098689840e+00, 3.98474436699637507763849576942672046406e+01, 2.36164671914287780364498489963028882619e-01, 5.60631829520198908721354802993283614471e+00, 1.09864207737493318357663096625672966869e+00, 6.6833509566495319e-01, 1.4671966399144703e+00
0.59900000, 2.40379894781731100659367765728106813161e+00, -1.30961464962632335014594718235417152808e+00, 3.98468635605639362500352875134839347097e+01, 2.36946052231224437782209561365843560879e-01, 5.60601087154245602421197002176066941640e+00, 1.09873392232146380547124381377704393474e+00, 6.6571537182235053e-01, 1.4697883600465875e+00
0.60000000, 2.40407491665498334576560560934742996950e+00, -1.30941778491560839310311778177930348145e+00, 3.98462819628161690714868454801693554112e+01, 2.37728623276198233361743482991453224699e-01, 5.60570259814573682097757711325262960077e+00, 1.09882583205678964169204527302465462815e+00, 6.6307982826865749e-01, 1.4723814987381789e+00
0.60100000, 2.40435146393742279424958048223844564567e+00, -1.30922027823008669964521580416436390775e+00, 3.98456988735218399171986799654422027451e+01, 2.38512383766847967305773287587740489204e-01, 5.60539347271919125810003652919393725575e+00, 1.09891780562449912931687225303660437323e+00, 6.6042838757577091e-01, 1.4749759963829140e+00
0.60200000, 2.40462859018346120561636315467047911393e+00, -1.30902212724872446374057292595680346431e+00, 3.98451142894713751427236581066402438658e+01, 2.39297332409885878722019362726908561456e-01, 5.60508349295994425513320399401230517537e+00, 1.09900984205971102187152766309552264179e+00, 6.5776097211523946e-01, 1.4775717926615946e+00
0.60300000, 2.40490629591087423612694714810709930923e+00, -1.30882332963791548839448328631506839826e+00, 3.98445282074442040726504481009074147421e+01, 2.40083467901006339751190085342776755802e-01, 5.60477265655483692326114938580992063677e+00, 1.09910194038899474622773954409224733968e+00, 6.5507750406048813e-01, 1.4801688265356020e+00
0.60400000, 2.40518458163634540305410123964080922286e+00, -1.30862388305140018121626593105015448621e+00, 3.98439406242087262893821300839366485248e+01, 2.40870788924793725709861207317891826206e-01, 5.60446096118037740146766363511580864738e+00, 1.09919409963028993027402672516137658349e+00, 6.5237790538910122e-01, 1.4827670362402961e+00
0.60500000, 2.40546344787542961024080365496094462834e+00, -1.30842378513018393500792355877075904926e+00, 3.98433515365222789235433961936933117398e+01, 2.41659294154629452934465158656002289187e-01, 5.60414840450269147657187419347763142911e+00, 1.09928631879282509174005875600322969143e+00, 6.4966209788516523e-01, 1.4853663592783668e+00
0.60600000, 2.40574289514251613315249376965690857163e+00, -1.30822303350245488847066398318155102556e+00, 3.98427609411311039488744378508686879716e+01, 2.42448982252598175921492425509563339164e-01, 5.60383498417747298753339650980416302337e+00, 1.09937859687703547843308348317590264432e+00, 6.4693000314167222e-01, 1.4879667324131362e+00
0.60700000, 2.40602292395079105556195819680220374476e+00, -1.30802162578350106209148573830709533163e+00, 3.98421688347703154845371050673980078425e+01, 2.43239851869393135266915482705000454621e-01, 5.60352069784993401447238355216210425294e+00, 1.09947093287448005002133769750446158429e+00, 6.4418154256298492e-01, 1.4905680916618131e+00
0.60800000, 2.40630353481219914988564358014820829659e+00, -1.30781955957562686423796290832489684235e+00, 3.98415752141638671078277860669063880283e+01, 2.44031901644220647814721067346242245332e-01, 5.60320554315475485289293181399527316745e+00, 1.09956332576775759137403231984791206487e+00, 6.4141663736736440e-01, 1.4931703722886986e+00
0.60900000, 2.40658472823740519306821558165317276588e+00, -1.30761683246806896245530585730098033156e+00, 3.98409800760245191803617235804253308812e+01, 2.44825130204703730330268479189606008028e-01, 5.60288951771603377364258840642608487787e+00, 1.09965577453042194734049087229296973934e+00, 6.3863520858956140e-01, 1.4957735087983433e+00
0.61000000, 2.40686650473575470978822910582467890737e+00, -1.30741344203691151492573372023467962096e+00, 3.98403834170538061908651853620586999782e+01, 2.45619536166784847918969649528646234076e-01, 5.60257261914723656918620838331171130107e+00, 1.09974827812689636872229547606226952786e+00, 6.3583717708347227e-01, 1.4983774349286550e+00
0.61100000, 2.40714886481523413463180480755991485789e+00, -1.30720938584500075701618131757774425560e+00, 3.98397852339420041177850698407188842268e+01, 2.46415118134627778314500457813283549536e-01, 5.60225484505114588681916367072158670048e+00, 1.09984083551238695906183501477577887829e+00, 6.3302246352486059e-01, 1.5009820836439581e+00
0.61200000, 2.40743180898243038475318685024704703583e+00, -1.30700466144185893780638797275133516280e+00, 3.98391855233680978150001830799050871978e+01, 2.47211874700518583063391681153221553973e-01, 5.60193619301981034949293486812512653984e+00, 1.09993344563279521173843180300964819468e+00, 6.3019098841414554e-01, 1.5035873871280036e+00
0.61300000, 2.40771533774248983441095157098276481503e+00, -1.30679926636359760145548933972691974457e+00, 3.98385842819997484239946006711059926098e+01, 2.48009804444765676534401488605343775463e-01, 5.60161666063449346497545545507227426492e+00, 1.10002610742462962672922221631148365144e+00, 6.2734267207925799e-01, 1.5061932767769296e+00
0.61400000, 2.40799945159907668263641040195257863013e+00, -1.30659319813283020823136698284343198069e+00, 3.98379815064932608159312587834474223831e+01, 2.48808905935598983581528960532217271768e-01, 5.60129624546562232411925600137396627159e+00, 1.10011881981491639625615908916211968295e+00, 6.2447743467856553e-01, 1.5087996831921730e+00
0.61500000, 2.40828415105433070515636669039751428427e+00, -1.30638645425858408999321570740727654255e+00, 3.98373771934935510671432339242229989758e+01, 2.49609177729068176588879115792927422443e-01, 5.60097494507273608906250601165313021456e+00, 1.10021158172110914840286479746959757339e+00, 6.2159519620386736e-01, 1.5114065361733317e+00
0.61600000, 2.40856943660882438155580790911473039013e+00, -1.30617903223621173488407756019154206845e+00, 3.98367713396341139716411032832333814125e+01, 2.50410618368939982523823733543802481069e-01, 5.60065275700443427224150596945617735961e+00, 1.10030439205099773764556904239450976707e+00, 6.1869587648346030e-01, 1.5140137647109767e+00
0.61700000, 2.40885530876151938852730445464572920212e+00, -1.30597092954730139595647648915012671717e+00, 3.98361639415369905943173597636085516537e+01, 2.51213226386594550522008207991388529621e-01, 5.60032967879832480714807569491087693656e+00, 1.10039724970261607110098937603947405503e+00, 6.1577939518527692e-01, 1.5166212969794154e+00
0.61800000, 2.40914176800972244991280542382315631446e+00, -1.30576214365958701842078181310811218105e+00, 3.98355549958127358686131215565572641686e+01, 2.52017000300920870423722101833351616519e-01, 5.60000570798097191182165180515626605684e+00, 1.10049015356414895915073009166989246512e+00, 6.1284567182009701e-01, 1.5192290603294046e+00
0.61900000, 2.40942881484904053410013139523621643793e+00, -1.30555267202685748017254531676328343827e+00, 3.98349444990603862424983597139886843718e+01, 2.52821938618211232575969281807868395458e-01, 5.59968084206784374612378219856807923038e+00, 1.10058310251383797895656057654740371130e+00, 6.0989462574483346e-01, 1.5218369812808142e+00
0.62000000, 2.40971644977333538919072458408280788976e+00, -1.30534251208886514022180985068141696919e+00, 3.98343324478674273767046036461496909076e+01, 2.53628039832054719108231832496949698947e-01, 5.59935507856325986390212524008998333667e+00, 1.10067609541988633923376162764587453438e+00, 6.0692617616589382e-01, 1.5244449855152405e+00
0.62100000, 2.41000467327467740620708734800839183219e+00, -1.30513166127123368961429117643030756894e+00, 3.98337188388097618992386095899722486477e+01, 2.54435302423229716782409651630757395387e-01, 5.59902841496033846121206273165474906656e+00, 1.10076913114036273450057129031147182387e+00, 6.0394024214261864e-01, 1.5270529978685700e+00
0.62200000, 2.41029348584329880045777974443408654190e+00, -1.30492011698536529940140436498135433499e+00, 3.98331036684516772202968273758407033913e+01, 2.55243724859595441408724030054501208550e-01, 5.59870084874094342182665671324869462512e+00, 1.10086220852310417687059392431570286357e+00, 6.0093674259079773e-01, 1.5296609423234936e+00
0.62300000, 2.41058288796754610102481379603491271454e+00, -1.30470787662834706018335677431402562478e+00, 3.98324869333458134117937135496488691922e+01, 2.56053305595982463709487914509833363304e-01, 5.59837237737563116132995946090363657779e+00, 1.10095532640561779330183055283318940288e+00, 5.9791559628626577e-01, 1.5322687420019699e+00
0.62400000, 2.41087288013383193818273369027513243176e+00, -1.30449493758285670771697748928000197088e+00, 3.98318686300331311558120521490302404313e+01, 2.56864043074082226401557252490018339492e-01, 5.59804299832359727115466345348239163657e+00, 1.10104848361498157606071792392843020997e+00, 5.9487672186857826e-01, 1.5348763191576392e+00
0.62500000, 2.41116346282658611840056394863597565782e+00, -1.30428129721706762904761465668361001669e+00, 3.98312487550428797663804970520672195153e+01, 2.57675935722335542155976150656542006855e-01, 5.59771270903262296399279423986332863307e+00, 1.10114167896774407400220062080257283775e+00, 5.9182003784476915e-01, 1.5374835951681871e+00
0.62600000, 2.41145463652820597641709751336456882015e+00, -1.30406695288455314359232452592469028271e+00, 3.98306273048925652890825814942021072867e+01, 2.58488981955820061979802886047094142005e-01, 5.59738150693902132207764568768824166431e+00, 1.10123491126982301210737719868109897157e+00, 5.8874546259319151e-01, 1.5400904905276584e+00
0.62700000, 2.41174640171900599371663779763420128765e+00, -1.30385190192419005356971694417752720029e+00, 3.98300042760879186831024915986537007414e+01, 2.59303180176136703450343462019544618755e-01, 5.59704938946758334990647665952599292805e+00, 1.10132817931640282655862959734793486744e+00, 5.8565291436744231e-01, 1.5426969248387203e+00
0.62800000, 2.41203875887716667256625732039492189849e+00, -1.30363614166006145814022990604577642128e+00, 3.98293796651228640904160129530788442195e+01, 2.60118528771295028116013799024847899095e-01, 5.59671635403152383304667438094364821114e+00, 1.10142148189183110246833656529695129554e+00, 5.8254231130037279e-01, 1.5453028168048761e+00
0.62900000, 2.41233170847868265460684408586850258810e+00, -1.30341966940135882558929950825018557297e+00, 3.98287534684794871969402746260422878366e+01, 2.60935026115597557260790231554584594040e-01, 5.59638239803242700474318731434731295081e+00, 1.10151481776951390121125781223216698850e+00, 5.7941357140818568e-01, 1.5479080842226287e+00
0.63000000, 2.41262525099731007281862803630595290014e+00, -1.30320248244228331785489095311264991976e+00, 3.98281256826280036905632766751688441413e+01, 2.61752670569523015110680228333534431373e-01, 5.59604751886019202212208497233984245459e+00, 1.10160818571180996414242705072913473101e+00, 5.7626661259462049e-01, 1.5505126439735934e+00
0.63100000, 2.41291938690451312550746553877418088022e+00, -1.30298457806194636167018139895538777285e+00, 3.98274963040267278210837391864359541524e+01, 2.62571460479608488440840694865871214848e-01, 5.59571171389297825386416062318573217165e+00, 1.10170158446992377931187965651346623017e+00, 5.7310135265522844e-01, 1.5531164120165620e+00
0.63200000, 2.41321411666940986078086094850836411774e+00, -1.30276595352426946056185748579927379031e+00, 3.98268653291220410672035981599357058961e+01, 2.63391394178330491420879445189921678519e-01, 5.59537498049715038130360320216363486530e+00, 1.10179501278379749761473472330842983740e+00, 5.6991770928173815e-01, 1.5557193033795154e+00
0.63300000, 2.41350944075871715980247094718866881351e+00, -1.30254660607788324191453100307804369594e+00, 3.98262327543483609158295420277922416416e+01, 2.64212469983984924413486097490117978291e-01, 5.59503731602722331498997603138562863548e+00, 1.10188846938200168464002185842348069450e+00, 5.6671560006651367e-01, 1.5583212321515872e+00
0.63400000, 2.41380535963669490693061883254981589640e+00, -1.30232653295602573328220788385886428563e+00, 3.98255985761281097590563791285379701368e+01, 2.65034686200565915317841483055223879672e-01, 5.59469871782580692883710242178977119734e+00, 1.10198195298162489430415989839464223605e+00, 5.6349494250710612e-01, 1.5609221114749773e+00
0.63500000, 2.41410187376508933466009059318270813483e+00, -1.30210573137643986209859174033084859179e+00, 3.98249627908716839143237989313090009590e+01, 2.65858041117643531924239467670752258542e-01, 5.59435918322355061407002333690796460784e+00, 1.10207546228816205017512725352808488314e+00, 5.6025565401090043e-01, 1.5635218535368153e+00
0.63600000, 2.41439898360307553109713989046177110839e+00, -1.30188419854127017290928751596138427478e+00, 3.98243253949774227733592870745770035228e+01, 2.66682533010240353620011765715196712577e-01, 5.59401870953908765527101271778457789277e+00, 1.10216899599540162021108094510482318949e+00, 5.5699765189985861e-01, 1.5661203695609746e+00
0.63700000, 2.41469668960719909750514151835502431827e+00, -1.30166193163695875622071834722495017765e+00, 3.98236863848315780856436262610672410200e+01, 2.67508160138706890659164874693863000051e-01, 5.59367729407897943091776573751205659827e+00, 1.10226255278531157045245240516403942788e+00, 5.5372085341536097e-01, 1.5687175697998364e+00
0.63800000, 2.41499499223131694326264811512646801144e+00, -1.30143892783414038303280506182962080246e+00, 3.98230457568082833822616126899135994876e+01, 2.68334920748595839079108773402607001072e-01, 5.59333493413765944090136939441079066182e+00, 1.10235613132792408301934129069999039122e+00, 5.5042517572314679e-01, 1.5713133635260050e+00
0.63900000, 2.41529389192653720537666750031077927702e+00, -1.30121518428753683909520940894777177183e+00, 3.98224035072695235461293930421577982170e+01, 2.69162813070535159217469728616841359043e-01, 5.59299162699737716360858000490454036244e+00, 1.10244973028121902357631214687073274624e+00, 5.4711053591835591e-01, 1.5739076590239723e+00
0.64000000, 2.41559338914115827949173167977982098644e+00, -1.30099069813585045290023652253345499181e+00, 3.98217596325651045347212331990554464441e+01, 2.69991835320099965650224787866252093918e-01, 5.59264736992814174525232621034903511679e+00, 1.10254334829100614323444066534483222599e+00, 5.4377685103067288e-01, 1.5765003635817345e+00
0.64100000, 2.41589348432060694912971599149895410650e+00, -1.30076546650165681139935757496401025563e+00, 3.98211141290326232615526211200656766105e+01, 2.70821985697683216239263781014487057170e-01, 5.59230216018766552423628833857138738544e+00, 1.10263698399080599966562415749876382970e+00, 5.4042403802957492e-01, 1.5790913834823585e+00
0.64200000, 2.41619417790737559968632974513568771884e+00, -1.30053948649129665740477933726635434013e+00, 3.98204669929974376428134380419130123436e+01, 2.71653262388365187842966540141710346968e-01, 5.59195599502130739344393604863840951999e+00, 1.10273063600172958200673203934731343367e+00, 5.3705201382968561e-01, 1.5816806239955003e+00
0.64300000, 2.41649547034095850349767871432043333162e+00, -1.30031275519476696261258364344025962944e+00, 3.98198182207726368156845609567187721926e+01, 2.72485663561781726107469363575982616331e-01, 5.59160887166201600344959827449476475752e+00, 1.10282430293235662393109365877842474705e+00, 5.3366069529623551e-01, 1.5842679893688734e+00
0.64400000, 2.41679736205778716207423461266271921751e+00, -1.30008526968561117015971777551305097530e+00, 3.98191678086590115350137429580687566034e+01, 2.73319187371991256618976454304799065202e-01, 5.59126078733027280975905619295088326578e+00, 1.10291798337861258906206945374453751891e+00, 5.3024999925063162e-01, 1.5868533828196699e+00
0.64500000, 2.41709985349116469137987581577113941499e+00, -1.29985702702080860060356878494495060804e+00, 3.98185157529450247551720155040854939170e+01, 2.74153831957340544558740296584117075451e-01, 5.59091173923403496729985641863439560170e+00, 1.10301167592364431269799369922369429106e+00, 5.2681984247613710e-01, 1.5894367065259321e+00
0.64600000, 2.41740294507119923581032460735080595092e+00, -1.29962802424066301519003404415574886866e+00, 3.98178620499067824040602281803742109243e+01, 2.74989595440329189862181033884902200619e-01, 5.59056172456867807549710457560136757453e+00, 1.10310537913769428360957919076905188261e+00, 5.2337014172366291e-01, 1.5920178616178765e+00
0.64700000, 2.41770663722473639629823557035553593889e+00, -1.29939825836869033025394126775276565964e+00, 3.98172066958080043563867486734216117299e+01, 2.75826475927472844742030421481035487001e-01, 5.59021074051693877738898711081250083297e+00, 1.10319909157797354945990206080298491424e+00, 5.1990081371767311e-01, 1.5945967481691696e+00
0.64800000, 2.41801093037529065774132275581628040537e+00, -1.29916772641150547657440936700366053486e+00, 3.98165496868999956134918512104123788913e+01, 2.76664471509165140292362615392898852918e-01, 5.58985878424885721635775163158430947972e+00, 1.10329281178853322918330420075616769424e+00, 5.1641177516220536e-01, 1.5971732651881560e+00
0.64900000, 2.41831582494297580071518416580424319885e+00, -1.29893642535870839748731346950542668216e+00, 3.98158910194216176971519898397084444002e+01, 2.77503580259538308745903930054192881278e-01, 5.58950585292171935417642477449758425590e+00, 1.10338653830013461544292687625636592267e+00, 5.1290294274700842e-01, 1.5997473106090387e+00
0.65000000, 2.41862132134443428219382397060061887279e+00, -1.29870435218276917953746110572295125473e+00, 3.98152306895992602649580491326653356701e+01, 2.78343800236322487811089005418517874513e-01, 5.58915194367999915419923496883258199984e+00, 1.10348026963011785006708722661219546518e+00, 5.0937423315379836e-01, 1.6023187812830130e+00
0.65100000, 2.41892741999276556975821767741678541597e+00, -1.29847150383891230943444101837198709322e+00, 3.98145686936468129550258560865163993904e+01, 2.79185129480703693367944092640884858817e-01, 5.58879705365530063365461052138663729959e+00, 1.10357400428226915514229433722754586974e+00, 5.0582556306263513e-01, 1.6048875729693530e+00
0.65200000, 2.41923412129745341352654394111193487658e+00, -1.29823787726500005105841163603563112860e+00, 3.98139050277656374679647915232411258165e+01, 2.80027566017180446653022201335956248647e-01, 5.58844117996629978913381809830807737623e+00, 1.10366774074668660221533812528265832453e+00, 5.0225684915842134e-01, 1.6074535803264510e+00
0.65300000, 2.41954142566429203978884842857740958659e+00, -1.29800346938141493624539461669466073830e+00, 3.98132396881445398942013268835986610074e+01, 2.80871107853419041913282755837455861998e-01, 5.58808431971868639950587163255767978207e+00, 1.10376147749964440182853681095852303284e+00, 4.9866800813752496e-01, 1.6100166969028120e+00
0.65400000, 2.41984933349531125007383848186157336080e+00, -1.29776827709094136306597299809952074403e+00, 3.98125726709597432949288042623132898506e+01, 2.81715752980107440356993605089720937605e-01, 5.58772647000510571063035754907201065368e+00, 1.10385521300345569538086145752718341111e+00, 4.9505895671452783e-01, 1.6125768151280006e+00
0.65500000, 2.42015784518870040911615940803563247377e+00, -1.29753229727864629529670775874811100947e+00, 3.98119039723748605451328465854280863810e+01, 2.82561499370807776076429478219686391755e-01, 5.58736762790510000638437151276641824523e+00, 1.10394894570633383107323293410838698848e+00, 4.9142961162910166e-01, 1.6151338263035442e+00
0.65600000, 2.42046696113873130492879994821403402230e+00, -1.29729552681175905677012678627207549297e+00, 3.98112335885408674473235053043717188359e+01, 2.83408344981807459462342386884456572968e-01, 5.58700779048505007066792918597994914260e+00, 1.10404267404225210545877145570792817161e+00, 4.8777988965301356e-01, 1.6176876205937895e+00
0.65700000, 2.42077668173567986391714047183368138147e+00, -1.29705796253955021427685362451918636082e+00, 3.98105615155960761247907007612240243791e+01, 2.84256287751968863473880531108943601099e-01, 5.58664695479811654520408527831032675746e+00, 1.10413639643080195187813515752070839141e+00, 4.8410970759726276e-01, 1.6202380870167150e+00
0.65800000, 2.42108700736574670369851604994223416515e+00, -1.29681960129320954268237869033525051064e+00, 3.98098877496661087033887629652967395695e+01, 2.85105325602577577969827846285152999835e-01, 5.58628511788418118810566010632979258044e+00, 1.10423011127704955681627534630347790700e+00, 4.8041898231935061e-01, 1.6227851134346995e+00
0.65900000, 2.42139793841097650601393982534056125543e+00, -1.29658043988572306591118323352659941158e+00, 3.98092122868638712910490170575372816891e+01, 2.85955456437189217147721728979038531857e-01, 5.58592227676978803834002170390715507935e+00, 1.10432381697139088496992534453239142977e+00, 4.7670763073068554e-01, 1.6253285865452458e+00
0.66000000, 2.42170947524917619183674073907964701216e+00, -1.29634047511174916744245807654085183649e+00, 3.98085351232895282644164590524149213668e+01, 2.86806678141474764976577428689695617287e-01, 5.58555842846808449138689716502401132803e+00, 1.10441751188940509356489024017336013042e+00, 4.7297556980412521e-01, 1.6278683918716620e+00
0.66100000, 2.42202161825383188049623307244413960503e+00, -1.29609970374749376395456868005627741988e+00, 3.98078562550304768722077160796466562207e+01, 2.87658988583064443346600281829116854175e-01, 5.58519356997876229155178452084756744896e+00, 1.10451119439170631620867925928380544048e+00, 4.6922271658165750e-01, 1.6304044137536993e+00
0.66200000, 2.42233436779402461434307144146275605344e+00, -1.29585812255058453574976060046272598826e+00, 3.98071756781613221650927655965325082930e+01, 2.88512385611390087495398066278585991002e-01, 5.58482769828799844656930349782048361230e+00, 1.10460486282379379630718363261297471872e+00, 4.6544898818222259e-01, 1.6329365353381478e+00
0.66300000, 2.42264772423434483018657047783352548814e+00, -1.29561572825994420758643194700293960032e+00, 3.98064933887438522621123859926879568146e+01, 2.89366867057526013104812451069728963631e-01, 5.58446081036839607030685976107297945177e+00, 1.10469851551590034981391334640180419388e+00, 4.6165430180967794e-01, 1.6354646385693899e+00
0.66400000, 2.42296168793480555843289868736064389337e+00, -1.29537251759566287354368082256454206104e+00, 3.98058093828270139638571145783018065469e+01, 2.90222430734028359295568520480031589914e-01, 5.58409290317892515955940490270580070228e+00, 1.10479215078283913681672855535144117790e+00, 4.5783857476090831e-01, 1.6379886041799136e+00
0.66500000, 2.42327625925075433054660471706597197251e+00, -1.29512848725886935954182660962323056071e+00, 3.98051236564468887228516879181303133598e+01, 2.91079074434772891578492939361978036147e-01, 5.58372397366486331111095812839550307342e+00, 1.10488576692384872119999809974570415173e+00, 4.5400172443408283e-01, 1.6405083116807835e+00
0.66600000, 2.42359143853278377514631386888697028803e+00, -1.29488363393160161714326691830868774666e+00, 3.98044362056266689818116255370476368430e+01, 2.91936795934791248651073358372010342715e-01, 5.58335401875773638542802248458167247823e+00, 1.10497936222243639734965083700446600057e+00, 4.5014366833706120e-01, 1.6430236393520731e+00
0.66700000, 2.42390722612664088272855409666002398433e+00, -1.29463795427667614226043159052859212753e+00, 3.98037470263766348906658848177218630491e+01, 2.92795592990105616756623611304089601533e-01, 5.58298303537525912354418828464228290326e+00, 1.10507293494621976259461763664755980833e+00, 4.4626432409595116e-01, 1.6455344642332574e+00
0.66800000, 2.42422362237313491869144336096522309870e+00, -1.29439144493755641240179792165697277792e+00, 3.98030561146941314134714580645923715069e+01, 2.93655463337561815150281254819627551766e-01, 5.58261102042127572389418150693027700212e+00, 1.10516648334676651380065511958527958493e+00, 4.4236360946381929e-01, 1.6480406621135658e+00
0.66900000, 2.42454062760804396400230204226498319073e+00, -1.29414410253822033609300587461897855486e+00, 3.98023634665635458365824998797117189112e+01, 2.94516404694660776041496842607005873723e-01, 5.58223797078570038605950042371578666294e+00, 1.10526000565943244625145874693989964068e+00, 4.3844144232955736e-01, 1.6505421075222983e+00
0.67000000, 2.42485824216202006252005155746619515645e+00, -1.29389592368302670811812932369871075704e+00, 3.98016690779562856896781639182540630685e+01, 2.95378414759388402206579518687959387665e-01, 5.58186388334445782859670741911966315607e+00, 1.10535350010319763266727487633502288410e+00, 4.3449774072690629e-01, 1.6530386737191033e+00
0.67100000, 2.42517646636049295364442828155247870123e+00, -1.29364690495658066423619229280397493123e+00, 3.98009729448307570914998946155934188603e+01, 2.96241491210043785287243306826098630238e-01, 5.58148875495942378833352554192074517441e+00, 1.10544696488050075992287111962847901850e+00, 4.3053242284364014e-01, 1.6555302326842197e+00
0.67200000, 2.42549530052357236861948367953640522098e+00, -1.29339704292359812904014303926536400259e+00, 3.98002750631323435324005656174288053249e+01, 2.97105631705065767611955889111352100347e-01, 5.58111258247836550873725439481054504288e+00, 1.10554039817707160073468401200339931699e+00, 4.2654540703091205e-01, 1.6580166551086818e+00
0.67300000, 2.42581474496594886846845896244364277149e+00, -1.29314633412876925063979131972075938264e+00, 3.97995754287933851060646886212260925262e+01, 2.97970833882857830196230542522233737646e-01, 5.58073536273488222518479403781032778462e+00, 1.10563379816176159729119496066973911303e+00, 4.2253661181276471e-01, 1.6604978103844911e+00
0.67400000, 2.42613479999679320118081575492304306627e+00, -1.29289477509662081586675531549099409325e+00, 3.97988740377331582030210426275698591185e+01, 2.98837095361611289395826921765636300342e-01, 5.58035709254834565519387827795803000973e+00, 1.10572716298637253350105209600796364409e+00, 4.1850595589580731e-01, 1.6629735665947519e+00
0.67500000, 2.42645546591965415540987174509902960027e+00, -1.29264236233137763971833703533793845993e+00, 3.97981708858578556788366049820833700107e+01, 2.99704413739126784503143110969143712892e-01, 5.57997776872384050191110274659431935228e+00, 1.10582049078548327223011953075214694057e+00, 4.1445335817906155e-01, 1.6654437905037752e+00
0.67600000, 2.42677674303235488757102898680452935410e+00, -1.29238909231682292277853365991795358983e+00, 3.97974659690605675101537151907411916046e+01, 3.00572786592634038391896313563571476738e-01, 5.57959738805210497939412444025474440842e+00, 1.10591377967627453359145932193683885131e+00, 4.1037873776397888e-01, 1.6679083475471489e+00
0.67700000, 2.42709863162688769885588769196563412004e+00, -1.29213496151615757037818498919449271003e+00, 3.97967592832212619520110858413583760890e+01, 3.01442211478609873128510174698109891151e-01, 5.57921594730947136847314710303160250539e+00, 1.10600702775835169004119797978776429550e+00, 4.0628201396463129e-01, 1.6703671018217777e+00
0.67800000, 2.42742113198930723829650356328883564088e+00, -1.29187996637185846728264436290535389336e+00, 3.97960508242067672101737100389393529949e+01, 3.02312685932594462280461510459310664324e-01, 5.57883344325780661223063348898938988969e+00, 1.10610023311356555371826173832964168547e+00, 4.0216310631807824e-01, 1.6728199160758914e+00
0.67900000, 2.42774424439962210762656385714509637413e+00, -1.29162410330553570172443540377790039332e+00, 3.97953405878707536424870220400906692038e+01, 3.03184207469005801462197685106190526389e-01, 5.57844987264445296039824712516667997580e+00, 1.10619339380583113114704629446812314536e+00, 3.9802193459491182e-01, 1.6752666516990243e+00
0.68000000, 2.42806796913168484329221660342152184346e+00, -1.29136736871778873263021582311303676076e+00, 3.97946285700537165035669702821094295746e+01, 3.04056773580952378468128665109570535982e-01, 5.57806523220216867223647217453465162369e+00, 1.10628650788094432009918090959246879238e+00, 3.9385841880998288e-01, 1.6777071687119659e+00
0.68100000, 2.42839230645308025056457718145704343200e+00, -1.29110975898806149392611143444132983058e+00, 3.97939147665829592474400853815292257634e+01, 3.04930381740044024149636669989703864347e-01, 5.57767951864906878773534344751082822967e+00, 1.10637957336639652308361753382020603214e+00, 3.8967247923331036e-01, 1.6801413257566840e+00
0.68200000, 2.42871725662501206429844344758569504771e+00, -1.29085127047449642984321060337222722448e+00, 3.97931991732725774030562982203432279593e+01, 3.05805029396200924999044316757132798676e-01, 5.57729272868856597725439628811519637991e+00, 1.10647258827118715160328718856121695901e+00, 3.8546403640117641e-01, 1.6825689800862219e+00
0.68300000, 2.42904281990218791046735975112670711428e+00, -1.29059189951378745518582692571769336356e+00, 3.97924817859234430379123159559890445571e+01, 3.06680713977460778208053449570027071111e-01, 5.57690485900931148000647849738129960672e+00, 1.10656555058563399498148284550842712634e+00, 3.8123301112740979e-01, 1.6849899875545697e+00
0.68400000, 2.42936899653270254218376459732829452359e+00, -1.29033164242103183456915451503965189872e+00, 3.97917626003231898253449304643224216523e+01, 3.07557432889784069771326995170320906635e-01, 5.57651590628513614208361804647997849592e+00, 1.10665845828118142722191551493032715882e+00, 3.7697932451486006e-01, 1.6874042026065125e+00
0.68500000, 2.42969578675791932348441775055504366513e+00, -1.29007049548958097468026777292905795173e+00, 3.97910416122461987313818509618326774301e+01, 3.08435183516857456007652082939840100856e-01, 5.57612586717499156502387942566722432640e+00, 1.10675130931020642502301372013891016954e+00, 3.7270289796706517e-01, 1.6898114782674546e+00
0.68600000, 2.43002319081234993372550973213402546523e+00, -1.28980845499089012366717122184435497400e+00, 3.97903188174535843373726598487235318341e+01, 3.09313963219895228671512627586170739435e-01, 5.57573473832289137622624047416923593304e+00, 1.10684410160582236971946202196653677471e+00, 3.6840365320011498e-01, 1.6922116661332236e+00
0.68700000, 2.43035120892353226498868763203800335125e+00, -1.28954551717436697181490374753924648265e+00, 3.97895942116931818149644306076632218717e+01, 3.10193769337438843626933379883267521073e-01, 5.57534251635785263283615699008739872099e+00, 1.10693683308168060557216836513112573755e+00, 3.6408151225471333e-01, 1.6946046163598527e+00
0.68800000, 2.43067984131190648444856174746139621908e+00, -1.28928167826721914772566791209872055038e+00, 3.97888677906995345703355643286686088461e+01, 3.11074599185154492853156431308729370706e-01, 5.57494919789383737104783512530697275877e+00, 1.10702950163176972647177995980088515159e+00, 3.5973639750844142e-01, 1.6969901776533454e+00
0.68900000, 2.43100908819068923319396174265515607117e+00, -1.28901693447430060428171509305868887054e+00, 3.97881395501938825749576456198765189740e+01, 3.11956450055628699348098237842599128392e-01, 5.57455477952969431310048667407013981786e+00, 1.10712210513021256276050106506476265332e+00, 3.5536823168822497e-01, 1.6993681972594218e+00
0.69000000, 2.43133894976574593252916086955595041773e+00, -1.28875128197795688873540117120223384100e+00, 3.97874094858841514005187409468388346912e+01, 3.12839319218161914290635000055314971903e-01, 5.57415925784910074458518946390995467087e+00, 1.10721464143106083951227200574206739041e+00, 3.5097693788300796e-01, 1.7017385209532490e+00
0.69100000, 2.43166942623546116830735247821958653103e+00, -1.28848471693786929134056939428301253712e+00, 3.97866775934649419760127176516692322551e+01, 3.13723203918560095616603030368615542422e-01, 5.57376262942050457502660831158223481666e+00, 1.10730710836808747724231640721067537042e+00, 3.4656243955663577e-01, 1.7041009930291575e+00
0.69200000, 2.43200051779060712336671285093617015340e+00, -1.28821723549089786701335504118553578747e+00, 3.97859438686175210853780081268451331187e+01, 3.14608101378924246956006690580079321051e-01, 5.57336489079706659505995023961989491657e+00, 1.10739950375457650564362318933851022768e+00, 3.4212466056095025e-01, 1.7064554562903430e+00
0.69300000, 2.43233222461421002764928466327595409039e+00, -1.28794883375092332458878296705612010029e+00, 3.97852083070098126244559422680806999936e+01, 3.15494008797437895670329610725122967553e-01, 5.57296603851660294388833446499940100747e+00, 1.10749182538311056057007243461643959123e+00, 3.3766352514909969e-01, 1.7088017520385583e+00
0.69400000, 2.43266454688141459508453052452815294256e+00, -1.28767950780868777832229072642814647094e+00, 3.97844709042963896364334872068800171155e+01, 3.16380923348152488519077178538136240212e-01, 5.57256606910152780107946156626564174828e+00, 1.10758407102535593410361191664935419558e+00, 3.3317895798906637e-01, 1.7111397200637942e+00
0.69500000, 2.43299748475934641581259854970356671592e+00, -1.28740925373163435637270791361176445227e+00, 3.97837316561184671453381346835145268554e+01, 3.17268842180770683273773727795656301646e-01, 5.57216497905879631714328071385084235270e+00, 1.10767623843184514715611695581041795641e+00, 3.2867088417741462e-01, 1.7134691986339520e+00
0.69600000, 2.43333103840697227180697228148346687695e+00, -1.28713806756374566109541238827325291184e+00, 3.97829905581038958075639350484581960427e+01, 3.18157762420427514385632582463754194393e-01, 5.57176276487984779772449754195485285717e+00, 1.10776832533175701366529457592922253228e+00, 3.2413922925326210e-01, 1.7157900244845104e+00
0.69700000, 2.43366520797495834343210406563307786654e+00, -1.28686594532538107607152666079958803432e+00, 3.97822476058671564018274681538744549360e+01, 3.19047681167469410600049463682989751476e-01, 5.57135942304054915664546202949062805568e+00, 1.10786032943269416504819906483433379218e+00, 3.1958391921247742e-01, 1.7181020328081863e+00
0.69800000, 2.43399999360552627393871076844485142803e+00, -1.28659288301311291490127825881471697478e+00, 3.97815027950093551783810443627705150603e+01, 3.19938595497231042196980361103305972200e-01, 5.57095495000113865344645489512986853381e+00, 1.10795224842045800317558664417017887340e+00, 3.1500488052210673e-01, 1.7204050572445936e+00
0.69900000, 2.43433539543230705835749811260864081274e+00, -1.28631887659956140689719675921336417810e+00, 3.97807561211182200887478263474682369286e+01, 3.20830502459809975321196814004256644103e-01, 5.57054934220616993149188724973930843378e+00, 1.10804407995882104972543001932007978236e+00, 3.1040204013503243e-01, 1.7226989298699001e+00
0.70000000, 2.43467141358019272270102751785650697780e+00, -1.28604392203322851492583288719251142236e+00, 3.97800075797680979176900408694052136326e+01, 3.21723399079839110650410122672218511220e-01, 5.57014259608445637314268196984457296271e+00, 1.10813582168929665936441851972253498088e+00, 3.0577532550486688e-01, 1.7249834811864854e+00
0.70100000, 2.43500804816518575882309779649988542448e+00, -1.28576801523833058076534250661997422633e+00, 3.97792571665199523395771998145860268047e+01, 3.22617282356256883432369372718250081199e-01, 5.56973470804901578893736260102817980537e+00, 1.10822747123090606379216727505256374209e+00, 3.0112466460108410e-01, 1.7272585401126018e+00
0.70200000, 2.43534529929424627971523201296529543131e+00, -1.28549115211462979347076677642820521728e+00, 3.97785048769213629217864658517930157083e+01, 3.23512149262075201704317036168154491641e-01, 5.56932567449701545817738860996684796778e+00, 1.10831902617994271326413192804375835391e+00, 2.9644998592439252e-01, 1.7295239339720394e+00
0.70300000, 2.43568316706513685944048392058811070853e+00, -1.28521332853726447636935117829753168857e+00, 3.97777507065065250982421786721587958574e+01, 3.24407996744145099289683825626734906193e-01, 5.56891549180971753877630255275328386524e+00, 1.10841048410973388178585798350655316885e+00, 2.9175121852235174e-01, 1.7317794884837983e+00
0.70400000, 2.43602165156626502131565329720034271345e+00, -1.28493454035657818844497828093916233377e+00, 3.97769946507962511366863054646516985138e+01, 3.25304821722920079947677823302367931445e-01, 5.56850415635242486470755946605375849300e+00, 1.10850184257039950174317205811472306199e+00, 2.8702829200523649e-01, 1.7340250277517699e+00
0.70500000, 2.43636075287652333735396788360079515948e+00, -1.28465478339794763601394571182278647874e+00, 3.97762367052979721237664008846646156916e+01, 3.26202621092217128831531088727273446237e-01, 5.56809166447442714987276208778587504219e+00, 1.10859309908860819330023395372321202769e+00, 2.8228113656215078e-01, 1.7362603742544290e+00
0.70600000, 2.43670047106512710137119217118121174751e+00, -1.28437405346160939074411171617135683324e+00, 3.97754768655057409925327683609805701964e+01, 3.27101391718975367190672489601200662814e-01, 5.56767801250894761771070441434577768448e+00, 1.10868425116733045346000356874254127849e+00, 2.7750968297739541e-01, 1.7384853488345400e+00
0.70700000, 2.43704080619144953753879869331012816049e+00, -1.28409234632248541022607207554289610089e+00, 3.97747151269002366174521215962995548022e+01, 3.28001130443012326031064160440404877140e-01, 5.56726319677309007637841425907675030745e+00, 1.10877529628558896923962725524874198748e+00, 2.7271386264709206e-01, 1.7406997706888777e+00
0.70800000, 2.43738175830485450553812248521781318303e+00, -1.28380965773000735746874672187852209170e+00, 3.97739514849487690025713724244427983408e+01, 3.28901834076777814226439898893070560066e-01, 5.56684721356778645985857332043012407212e+00, 1.10886623189820601896650863813062112109e+00, 2.6789360759606692e-01, 1.7429034573579675e+00
0.70900000, 2.43772332744452666282914876410346449274e+00, -1.28352598340793971586277150317198100165e+00, 3.97731859351052855890024431925239880785e+01, 3.29803499405105356351289578534566686482e-01, 5.56643005917774485588357815532415715946e+00, 1.10895705543554792524939582089391951860e+00, 2.6304885049499736e-01, 1.7450962247158456e+00
0.71000000, 2.43806551363929904389659047187895392767e+00, -1.28324131905420169633364651376475625400e+00, 3.97724184728103787084474475452939030145e+01, 3.30706123184961175284220536140668970893e-01, 5.56601172987139804211539182916693618839e+00, 1.10904776430326652272268949427447598106e+00, 2.5817952467782461e-01, 1.7472778869598425e+00
0.71100000, 2.43840831690747801567402701106383711681e+00, -1.28295566034068793359293057142907246745e+00, 3.97716490934912942100434366005669700477e+01, 3.31609702145190694407874893696198109236e-01, 5.56559222190085255258253557616735060922e+00, 1.10913835588203760320135655597983932245e+00, 2.5328556415943584e-01, 1.7494482566003918e+00
0.71200000, 2.43875173725666556767392726790934927741e+00, -1.28266900291308796859014248390615608009e+00, 3.97708777925619412883774064969512688822e+01, 3.32514232986262534008974823630417634398e-01, 5.56517153150183829695140166748283532843e+00, 1.10922882752729630041832603427873844578e+00, 2.4836690365361890e-01, 1.7516071444508682e+00
0.71300000, 2.43909577468357889466719593856922807838e+00, -1.28238134239070451447069189506983752417e+00, 3.97701045654229035411056515118410956757e+01, 3.33419712380009976259393841683748676174e-01, 5.56474965489365875579885955424754207433e+00, 1.10931917656896937604605589673611624055e+00, 2.4342347859129296e-01, 1.7537543596174561e+00
0.71400000, 2.43944042917386722906028746462504596768e+00, -1.28209267436627050355638166701353011628e+00, 3.97693294074614512852070726867283308928e+01, 3.34326136969369872936503509902288025500e-01, 5.56432658827914177565721169298647013996e+00, 1.10940940031120436822910130273180937200e+00, 2.3845522513901842e-01, 1.7558897094890521e+00
0.71500000, 2.43978570070192587941074990821111242143e+00, -1.28180299440576491308507383228917129893e+00, 3.97685523140515551615079684994332600762e+01, 3.35233503368118969818518019231886418304e-01, 5.56390232784459098822127567613462580985e+00, 1.10949949603209556337500084037246024930e+00, 2.3346208021778955e-01, 1.7580129997272047e+00
0.71600000, 2.44013158923070743080311340270046321233e+00, -1.28151229804822736767527422693385342161e+00, 3.97677732805539010577364000629811307049e+01, 3.36141808160607621468255100966409958839e-01, 5.56347686975973787874107590278530067688e+00, 1.10958946098340675146664448741282514231e+00, 2.2844398152211292e-01, 1.7601240342560933e+00
0.71700000, 2.44047809471153006207614416730553244243e+00, -1.28122058080557151671995750846160526754e+00, 3.97669923023159063809977023064542077965e+01, 3.37051047901490869896756400846448231906e-01, 5.56305021017769452927267985925396653111e+00, 1.10967929239029072467051623288952993600e+00, 2.2340086753937546e-01, 1.7622226152525508e+00
0.71800000, 2.44082521708388293414946349102027980014e+00, -1.28092783816239718516222356951458957914e+00, 3.97662093746717377112093736173858980047e+01, 3.37961219115456860376674535678577547032e-01, 5.56262234523490706312447845016166451354e+00, 1.10976898745100547852184002025098458192e+00, 2.1833267756950512e-01, 1.7643085431361311e+00
0.71900000, 2.44117295627522860294219788455466410062e+00, -1.28063406557580129636365650246630990356e+00, 3.97654244929423298676936939187769006363e+01, 3.38872318296952567454353304531731631270e-01, 5.56219327105110981751706272371149383968e+00, 1.10985854333662707446972838724417805567e+00, 2.1323935174492794e-01, 1.7663816165592266e+00
0.72000000, 2.44152131220080240960849641759673986014e+00, -1.28033925847518756604486556646769584897e+00, 3.97646376524354064218002750376444999013e+01, 3.39784341909906803989222966635506844519e-01, 5.56176298372928027217217563990699156649e+00, 1.10994795719075912206297147488238715570e+00, 2.0812083105082475e-01, 1.7684416323972377e+00
0.72100000, 2.44187028476340880003423713864381455222e+00, -1.28004341226207496655695082454499252211e+00, 3.97638488484455016891186230111395950645e+01, 3.40697286387450485829630601006790111881e-01, 5.56133147935559476226041118101690706417e+00, 1.11003722612923883855014688071412182972e+00, 2.0297705734569113e-01, 1.7704883857387983e+00
0.72200000, 2.44221987385321452474585789106408773676e+00, -1.27974652230990496103289075133478749705e+00, 3.97630580762539842355429808736897378197e+01, 3.41611148131634124515658459525653995571e-01, 5.56089875399938500486879731781991773694e+00, 1.11012634723983964315631960519118941373e+00, 1.9780797338220409e-01, 1.7725216698760604e+00
0.72300000, 2.44257007934753866957579776458926248762e+00, -1.27944858396384750726944166886670176223e+00, 3.97622653311290819321685194599900071916e+01, 3.42525923513142520181988912523738238612e-01, 5.56046480371309546889854682141695053882e+00, 1.11021531758197024278278230977839398772e+00, 1.9261352282839892e-01, 1.7745412762950412e+00
0.72400000, 2.44292090111063946660933238875197021956e+00, -1.27914959254060583150342615476084050666e+00, 3.97614706083259085947296557072643792717e+01, 3.43441608871006626617597143870801227277e-01, 5.56002962453224161907051303618741933458e+00, 1.11030413418637016535611048593621238495e+00, 1.8739365028915998e-01, 1.7765469946660375e+00
0.72500000, 2.44327233899349783410443644452662220777e+00, -1.27884954332821997257163698711202989251e+00, 3.97606739030864922440382116823895743615e+01, 3.44358200512312560224142568779280723256e-01, 5.55959321247536906550167879412047000576e+00, 1.11039279405480169652833136571964987171e+00, 1.8214830132802869e-01, 1.7785386128341088e+00
0.72600000, 2.44362439283359759322951600470816770391e+00, -1.27854843158586909728137304797988097571e+00, 3.97598752106398050246415980002197634661e+01, 3.45275694711907724401543950133046579583e-01, 5.55915556354401365112077806176089252145e+00, 1.11048129415973817490129140096987791899e+00, 1.7687742248933259e-01, 1.7805159168096359e+00
0.72700000, 2.44397706245470230860322625512739759661e+00, -1.27824625254367258816924342340723070369e+00, 3.97590745262017948196995335082813245078e+01, 3.46194087712104020677525086991047660445e-01, 5.55871667372266251001535441401776558750e+00, 1.11056963144404860041542254233730996766e+00, 1.7158096132063894e-01, 1.7824786907589562e+00
0.72800000, 2.44433034766662869874593030635691126157e+00, -1.27794300140248990518972677113491591147e+00, 3.97582718449754186008723264198313723877e+01, 3.47113375722378117688078480659576759941e-01, 5.55827653897871613064666133156141126847e+00, 1.11065780282067851000612600221772748795e+00, 1.6625886639553646e-01, 1.7844267169950809e+00
0.72900000, 2.44468424826501656166346464543168200056e+00, -1.27763867333371922325246780608917305531e+00, 3.97574671621506775528247741682851427569e+01, 3.48033554919068748907991575198205338090e-01, 5.55783515526245145873328071708907391379e+00, 1.11074580517232707408999360277837347544e+00, 1.6091108733674893e-01, 1.7863597759684991e+00
0.73000000, 2.44503876403109515988055782162211298846e+00, -1.27733326347909484791885661653592974175e+00, 3.97566604729046540127776302694420018759e+01, 3.48954621445071009824999599767102596048e-01, 5.55739251850698607548966303706834257779e+00, 1.11083363535112036689815767150471048971e+00, 1.5553757483958424e-01, 1.7882776462580707e+00
0.73100000, 2.44539389473144600832330189323315272661e+00, -1.27702676695048341197450716812579059349e+00, 3.97558517724015502663836830995366316199e+01, 3.49876571409527625047964118176923556363e-01, 5.55694862462824348781247149101343519736e+00, 1.11092129017828076312529409692672427096e+00, 1.5013828069572264e-01, 1.7901801045620150e+00
0.73200000, 2.44574964011776200751730094183805350160e+00, -1.27671917882967885601527939483783466752e+00, 3.97550410557927292420681470553227450714e+01, 3.50799400887517155638928638644987821124e-01, 5.55650346952491956793615145404237784731e+00, 1.11100876644379241281030011877975019312e+00, 1.4471315781734779e-01, 1.7920669256889971e+00
0.73300000, 2.44610599992660286362031693930400234352e+00, -1.27641049416819619662093861801632074518e+00, 3.97542283182167571468536411228339371507e+01, 3.51723105919739116761181985020218325659e-01, 5.55605704907845018103006472899748751980e+00, 1.11109606090606274580853672489862746797e+00, 1.3926216026162433e-01, 1.7939378825493184e+00
0.73400000, 2.44646297387914673584519930819104912862e+00, -1.27610070798706408614289424579373737546e+00, 3.97534135547994480875888903410412670495e+01, 3.52647682512195975540785223985985116703e-01, 5.55560935915298004018335746002285289729e+00, 1.11118317029157995665588102741542184662e+00, 1.3378524325552577e-01, 1.7957927461462147e+00
0.73500000, 2.44682056168093805085041918550768785807e+00, -1.27578981527661616860119840796766719646e+00, 3.97525967606539107224178058265647008318e+01, 3.53573126635871998847616454009427960809e-01, 5.55516039559533282922101470667417174687e+00, 1.11127009129456642006180075120902084228e+00, 1.2828236322101628e-01, 1.7976312855672671e+00
0.73600000, 2.44717876302163142268143102882852196462e+00, -1.27547781099628123667162045189436445173e+00, 3.97517779308805969882621597636193933963e+01, 3.54499434226408920514096718714209974955e-01, 5.55471015423498263481584994313577098772e+00, 1.11135682057662798670237360329927418534e+00, 1.2275347780059021e-01, 1.7994532679759310e+00
0.73700000, 2.44753757757473161583615110125611938055e+00, -1.27516469007437219524666600212685216780e+00, 3.97509570605673529510470610047108864134e+01, 3.55426601183778397325626429213278045272e-01, 5.55425863088402673040705315324038838150e+00, 1.11144335476639910841477035530769456619e+00, 1.1719854588317311e-01, 1.8012584586031867e+00
0.73800000, 2.44789700499732948800187297563498108783e+00, -1.27485044740787383757541579263669019656e+00, 3.97501341447894718263742498146148657908e+01, 3.56354623371951222936641726225456875930e-01, 5.55380582133715975550695875511431964982e+00, 1.11152969045918374132235284620606286851e+00, 1.1161752763038790e-01, 1.8030466207393184e+00
0.73900000, 2.44825704492983384796873325212428330856e+00, -1.27453507786222944052657165259406813852e+00, 3.97493091786097492193442692505370223357e+01, 3.57283496618563268690361343493373270984e-01, 5.55335172137164933507448958152538034652e+00, 1.11161582421659197484436742508190823832e+00, 1.0601038450319001e-01, 1.8048175157258257e+00
0.74000000, 2.44861769699569916316619542243729176097e+00, -1.27421857627112618607768295946955628021e+00, 3.97484821570785406332452455043263116878e+01, 3.58213216714578120149014682127716913068e-01, 5.55289632674731318475689435593118192673e+00, 1.11170175256617233396641139719340969439e+00, 1.0037707928887532e-01, 1.8065709029474735e+00
0.74100000, 2.44897896080114905019373616540710354194e+00, -1.27390093743627941671177127310756311999e+00, 3.97476530752338212978637374934974322873e+01, 3.59143779413946377974910062172630634877e-01, 5.55243963320649774895154612034935706535e+00, 1.11178747200103970156759621545691246306e+00, 9.4717576128464498e-02, 1.8083065398244851e+00
0.74200000, 2.44934083593489548062479715010760545269e+00, -1.27358215612721573300107551568168163074e+00, 3.97468219281012483692323218700563610464e+01, 3.60075180433261591641419130306265632755e-01, 5.55198163647405841981734452840094714247e+00, 1.11187297897949880701781894868380450021e+00, 8.9031840544467695e-02, 1.8100241818048852e+00
0.74300000, 2.44970332196785363325390860709551960979e+00, -1.27326222708105494227702430518292170072e+00, 3.97459887106942255537096958310110018304e+01, 3.61007415451412794297131786278508959687e-01, 5.55152233225734138657131678546813600586e+00, 1.11195826992466322667398698091858149715e+00, 8.3319839469033291e-02, 1.8117235823569970e+00
0.74400000, 2.45006641845285232283050181870709443267e+00, -1.27294114500229086792644327047708781952e+00, 3.97451534180139702103925467680594264199e+01, 3.61940480109233606956400753606544624693e-01, 5.55106171624616716564100587492749100748e+00, 1.11204334122406984131763602169379969131e+00, 7.7581541272484437e-02, 1.8134044929621005e+00
0.74500000, 2.45043012492433993417911119973867075516e+00, -1.27261890456257102951707930890161003181e+00, 3.97443160450495829869847027610296928458e+01, 3.62874370009147880045583902963802599089e-01, 5.55059978411281586350785101650898155276e+00, 1.11212818922928869498836696411258037805e+00, 7.1816915792247238e-02, 1.8150666631072576e+00
0.74600000, 2.45079444089808578944422958946400270301e+00, -1.27229550040047520464144579187878199023e+00, 3.97434765867781200453985969141849664610e+01, 3.63809080714811840196856767234218469679e-01, 5.55013653151201422537169968605342299140e+00, 1.11221281025552819907814464175499706151e+00, 6.6025934362174307e-02, 1.8167098402783098e+00
0.74700000, 2.45115936587087687501883170879347213664e+00, -1.27197092712129288407745727155262148620e+00, 3.97426350381646679345373151766319063638e+01, 3.64744607750752710050872249254400172762e-01, 5.54967195408092452409255405753073121314e+00, 1.11229720058123562496100648413441824742e+00, 6.0208569842267484e-02, 1.8183337699530550e+00
0.74800000, 2.45152489932020985351833185670212668389e+00, -1.27164517929679963259804401735743294831e+00, 3.97417913941624211689029231669429922539e+01, 3.65680946602003768706168442020193421116e-01, 5.54920604743913534522337420994655497020e+00, 1.11238135644769282784139106124358462948e+00, 5.4364796648803463e-02, 1.8199381955946097e+00
0.74900000, 2.45189104070397828494630699435018920838e+00, -1.27131825146503236852065112980007712996e+00, 3.97409456497127625728988622544610363310e+01, 3.66618092713735820337462624206287382907e-01, 5.54873880718865432533797868989996932238e+00, 1.11246527405860714391239997746976988956e+00, 4.8494590784866111e-02, 1.8215228586449638e+00
0.75000000, 2.45225778946015497996451265174449644668e+00, -1.27099013813006357587199071091978353011e+00, 3.97400977997453464519414564336932703669e+01, 3.67556041490885038397228989003953542854e-01, 5.54827022891390290228155915158933801437e+00, 1.11254894957969740232315141259742234382e+00, 4.2597929871289202e-02, 1.8230874985187328e+00
0.75100000, 2.45262514500646940692736728769322607831e+00, -1.27066083376177446385440712776354208000e+00, 3.97392478391781846527684751918163378745e+01, 3.68494788297777152715664434265425031379e-01, 5.54780030818171313742883551365075123137e+00, 1.11263237913827499286228579972155422396e+00, 3.6674793178013320e-02, 1.8246318525971172e+00
0.75200000, 2.45299310674008007307000534229691353478e+00, -1.27033033279562708913853573359178827793e+00, 3.97383957629177355766317576137480376049e+01, 3.69434328457747946723742056917862437159e-01, 5.54732904054132667152721395444199425525e+00, 1.11271555882281992967297643266067902429e+00, 3.0725161655860645e-02, 1.8261556562220729e+00
0.75300000, 2.45336167403724179894902893760567517953e+00, -1.26999862963243545737340850479198564259e+00, 3.97375415658589962103866316057182664981e+01, 3.70374657252760031942994042755973729351e-01, 5.54685642152439587723028185426463064281e+00, 1.11279848468255185072383043018854698980e+00, 2.4749017968731343e-02, 1.8276586426907023e+00
0.75400000, 2.45373084625296780392605630111354085716e+00, -1.26966571863813562120063357471123270757e+00, 3.97366852428855972418437797985992893863e+01, 3.71315769923015866814430119527100430454e-01, 5.54638244664498727299140867376886829292e+00, 1.11288115272699589217020686033703089338e+00, 1.8746346526225232e-02, 1.8291405432498717e+00
0.75500000, 2.45410062272068651915590983166265852002e+00, -1.26933159414355479298462157541449625906e+00, 3.97358267888699013271298391323255561501e+01, 3.72257661666566986878078458020339266011e-01, 5.54590711139958726458896465753542175072e+00, 1.11296355892554337615211629222303288052e+00, 1.2717133516692420e-02, 1.8306010870910632e+00
0.75600000, 2.45447100275189304319365210149693987456e+00, -1.26899625044417949142694697750817264384e+00, 3.97349661986731045792119113184636426749e+01, 3.73200327638919413264545418206502879181e-01, 5.54543041126711028219458311726620015736e+00, 1.11304569920700724998840665833026405414e+00, 6.6613669407165427e-03, 1.8320400013454694e+00
0.75700000, 2.45484198563579515396751375076824860121e+00, -1.26865968179992274222073982533121250510e+00, 3.97341034671453413481788516131578189915e+01, 3.74143762952635206421260793870039582492e-01, 5.54495234170890938257485813256497659008e+00, 1.11312756945917221414281166321531724991e+00, 5.7903664503424525e-04, 1.8334570110793366e+00
0.75800000, 2.45521357063895378947791939700826596354e+00, -1.26832188243489035392145129957494560849e+00, 3.97332385891257923653392471780280567307e+01, 3.75087962676930131969258220893677408778e-01, 5.54447289816878938773578764928102721834e+00, 1.11320916552833947575608901231522996919e+00, -5.5298656431055044e-03, 1.8348518392895667e+00
0.75900000, 2.45558575700491790817616954967594695951e+00, -1.26798284653714629126440132253781727833e+00, 3.97323715594427963246929556096490257075e+01, 3.76032921837267405572008946789351064949e-01, 5.54399207607302263307906086370688048800e+00, 1.11329048321886606396037763366781129532e+00, -1.1665346281138696e-02, 1.8362242068995851e+00
0.76000000, 2.45595854395385363854974882262803364531e+00, -1.26764256825847716924820161065054324472e+00, 3.97315023729139649768605190830538240051e+01, 3.76978635414947483696575445332593274333e-01, 5.54350987083036739994088630754691114683e+00, 1.11337151829269864261755013349294522318e+00, -1.7827409675936610e-02, 1.8375738327554820e+00
0.76100000, 2.45633193068216762599458232689707098118e+00, -1.26730104171415589242748530118481640776e+00, 3.97306310243463018121132783109879545442e+01, 3.77925098346693867159795837574005060848e-01, 5.54302627783208910922842046241391429754e+00, 1.11345226646890175555324733674750123296e+00, -2.4016058248105711e-02, 1.8389004336224372e+00
0.76200000, 2.45670591636212448358774058358586552761e+00, -1.26695826098270446501942587776441127824e+00, 3.97297575085363244107371696813907488713e+01, 3.78872305524234884378990150585044920181e-01, 5.54254129245198435475696298795656802084e+00, 1.11353272342318043879299932365953048768e+00, -3.0231292395833613e-02, 1.8402037241814361e+00
0.76300000, 2.45708050014145825188699557499374502709e+00, -1.26661422010565599862738491427025519221e+00, 3.97288818202701905405855931425609497673e+01, 3.79820251793881421288458257914833848435e-01, 5.54205491004640785682393064762880941169e+00, 1.11361288478739713374693133025074155742e+00, -3.6473110458277718e-02, 1.8414834170262853e+00
0.76400000, 2.45745568114297777137616365097949530594e+00, -1.26626891308731594562281222928973649050e+00, 3.97280039543238280833319903616152553191e+01, 3.80768931956100564940504608120917611415e-01, 5.54156712595430241853422486996587392748e+00, 1.11369274614908283473561976402086013284e+00, -4.2741508678493127e-02, 1.8427392226609388e+00
0.76500000, 2.45783145846416586964725268199735703699e+00, -1.26592233389452258750438702746520171992e+00, 3.97271239054630688726214830698555732971e+01, 3.81718340765085127883589659022053160538e-01, 5.54107793549723196941700515767730073221e+00, 1.11377230305094240370232808623148731010e+00, -4.9036481165896491e-02, 1.8439708494971408e+00
0.76600000, 2.45820783117677226386199035421820731627e+00, -1.26557447645640680887252049908966408026e+00, 3.97262416684437865290437088947063554173e+01, 3.82668472928319020501211647304269688106e-01, 5.54058733397941778294713051927407139379e+00, 1.11385155099035398441676840214088749993e+00, -5.5358019858262524e-02, 1.8451780038523985e+00
0.76700000, 2.45858479832640007746628936927758573483e+00, -1.26522533466415118901895834674141065223e+00, 3.97253572380120383786064826996778598662e+01, 3.83619323106138438604031427959828564997e-01, 5.54009531668777795670671295148272833968e+00, 1.11393048541886244794338669481433751157e+00, -6.1706114483249934e-02, 1.8463603899482906e+00
0.76800000, 2.45896235893208586854155817363963788534e+00, -1.26487490237074844453657903534775056550e+00, 3.97244706089042115431827394918743300222e+01, 3.84570885911288833695362163641978554994e-01, 5.53960187889197024609444111005014187853e+00, 1.11400910174166680062367379635441383849e+00, -6.8080752519453609e-02, 1.8475177099091244e+00
0.76900000, 2.45934051198587306556646129004895572790e+00, -1.26452317339075925780486834313489519145e+00, 3.97235817758471732932320217877145168784e+01, 3.85523155908477633477278177726582272719e-01, 5.53910701584443834471370041324980251330e+00, 1.11408739531710148530790936330266192196e+00, -7.4481919156979938e-02, 1.8486496637609498e+00
0.77000000, 2.45971925645237870473175480411678143555e+00, -1.26417014150006952770328691991790810518e+00, 3.97226907335584257549632087594613600247e+01, 3.86476127613922680332106826355243583310e-01, 5.53861072278046170684618124871508858933e+00, 1.11416536145611150606783544370910873909e+00, -8.0909597257542210e-02, 1.8497559494309406e+00
0.77100000, 2.46009859126835336129916932352160646077e+00, -1.26381580043564708044919559312882567148e+00, 3.97217974767462650660079024709536974990e+01, 3.87429795494896355702838288715675431142e-01, 5.53811299491820900974679479431533704057e+00, 1.11424299542172130612884834520534964721e+00, -8.7363767314073121e-02, 1.8508362627471548e+00
0.77200000, 2.46047851534223416582300081890884923331e+00, -1.26346014389529788005056122757419049635e+00, 3.97209020001099450756145509422856082274e+01, 3.88384153969265358506937224427259450511e-01, 5.53761382745879535587949326106439688080e+00, 1.11432029242849732827924799534421281990e+00, -9.3844407409851473e-02, 1.8518902974386821e+00
0.77300000, 2.46085902755369079436013304744441021387e+00, -1.26310316553742177950777066121170310091e+00, 3.97200042983398456873526682610119285295e+01, 3.89339197405026105952116878441121418516e-01, 5.53711321558634331765322727527566006704e+00, 1.11439724764200418654578672731674766394e+00, -1.0035149317714023e-01, 1.8529177451361928e+00
0.77400000, 2.46124012675316432008070654165118407670e+00, -1.26274485898076785559500765563378591667e+00, 3.97191043661176459443350845386195231861e+01, 3.90294920119835725380824173715824140453e-01, 5.53661115446804792971399905000037089343e+00, 1.11447385617825437747014815273818928500e+00, -1.0688499775533319e-01, 1.8539182953728956e+00
0.77500000, 2.46162181176139881195764126180161024561e+00, -1.26238521780418937180131434919952371695e+00, 3.97182021981165019590247054295962099173e+01, 3.91251316380538606053502666418523396372e-01, 5.53610763925424573640403974817784236112e+00, 1.11455011310315145888103659109123729000e+00, -1.1344489174860757e-01, 1.8548916355859188e+00
0.77600000, 2.46200408136896556445880705042458069365e+00, -1.26202423554639841581622216672382401950e+00, 3.97172977890012297917914702922894395362e+01, 3.92208380402688480090204457387348705274e-01, 5.53560266507848800461382929996973801097e+00, 1.11462601343192662363228646406294474215e+00, -1.2003114318307999e-01, 1.8558374511181237e+00
0.77700000, 2.46238693433577984039093457742265686507e+00, -1.26166190570572025980629763935382276141e+00, 3.97163911334284933845257635195030869773e+01, 3.93166106350066002126905428568526189693e-01, 5.53509622705761821492828577111262062875e+00, 1.11470155212856859536987179175723093988e+00, -1.2664371746346332e-01, 1.8567554252203647e+00
0.77800000, 2.46277036939061000724950990936708244933e+00, -1.26129822173984749364874956794298049618e+00, 3.97154822260469976577971539198458658368e+01, 3.94124488334191797608072570642295791663e-01, 5.53458832029185394670630069644370518927e+00, 1.11477672410524677300101742061779168792e+00, -1.3328257732922200e-01, 1.8576452390542051e+00
0.77900000, 2.46315438523057894561406372955250175863e+00, -1.26093317706559398326807320763260182145e+00, 3.97145710614976868822727158836184771669e+01, 3.95083520413834950031809919134214229868e-01, 5.53407893986487327553423078208490189788e+00, 1.11485152422172755016794292472811940495e+00, -1.3994768281022362e-01, 1.8585065716951039e+00
0.78000000, 2.46353898052065760629364372658951177103e+00, -1.26056676505864870826329780601171238923e+00, 3.97136576344139484373780313634948561396e+01, 3.96043196594516897889484422930970859494e-01, 5.53356808084390580436034192207720754197e+00, 1.11492594728478373567831421613990386654e+00, -1.4663899118188450e-01, 1.8593391001360833e+00
0.78100000, 2.46392415389315059107306600231866330138e+00, -1.26019897905332953511853543290848817835e+00, 3.97127419394218220724969952680874365985e+01, 3.97003510828010712499361448173622098217e-01, 5.53305573827982845254992812590642847598e+00, 1.11499998804759700051549553799475553187e+00, -1.5335645691980734e-01, 1.8601424992918920e+00
0.78200000, 2.46430990394717363003702842618062813872e+00, -1.25982981234233698446002857846727770426e+00, 3.97118239711402147883644639146503589188e+01, 3.97964457011835728424762286289984391471e-01, 5.53254190720726613010130789335575974684e+00, 1.11507364120915327674549821265037050499e+00, -1.6010003165390881e-01, 1.8609164420036752e+00
0.78300000, 2.46469622924812282655661687820370618000e+00, -1.25945925817650805306063694733627930841e+00, 3.97109037241811214587093147639483972038e+01, 3.98926028988747498692939320866305620763e-01, 5.53202658264469742733256852676159204314e+00, 1.11514690141363103335548056846881055463e+00, -1.6686966412203553e-01, 1.8616605990441662e+00
0.78400000, 2.46508312832713553911145847574576204675e+00, -1.25908730976457015359961528436255926116e+00, 3.97099811931498513146553460695583107249e+01, 3.99888220546223047592641828353105878174e-01, 5.53150975959456545348924198723448150224e+00, 1.11521976324978235380219203347835056364e+00, -1.7366530012306655e-01, 1.8623746391234119e+00
0.78500000, 2.46547059968054276719112316069332154530e+00, -1.25871396027289523756358961442798692093e+00, 3.97090563726452604168843592472004862431e+01, 4.00851025415941394427658739668720527829e-01, 5.53099143304339396093553359776109416199e+00, 1.11529222125030673981935965099187655768e+00, -1.8048688246950086e-01, 1.8630582288950469e+00
0.78600000, 2.46585864176931290657173208378410105337e+00, -1.25833920282525416912586637166770043327e+00, 3.97081292572599902431104575922566148934e+01, 4.01814437273259322241966198128107938530e-01, 5.53047159796190889487778865866589160934e+00, 1.11536426989121756583223569410490528881e+00, -1.8733435093952866e-01, 1.8637110329631286e+00
0.78700000, 2.46624725301848673729852232145473548619e+00, -1.25796303050257142036768774901112232423e+00, 3.97071998415807125210077855608147462827e+01, 4.02778449736682366211021251498997323684e-01, 5.52995024930516551193009518248152632724e+00, 1.11543590359120110815697365791267066501e+00, -1.9420764222858490e-01, 1.8643327138895500e+00
0.78800000, 2.46663643181660350572280750738290399042e+00, -1.25758543634268016080891134234318702762e+00, 3.97062681201883804393763457522143555410e+01, 4.03743056367330997114825692267071276360e-01, 5.52942738201268121426982832482071464842e+00, 1.11550711671096807302385667357215288286e+00, -2.0110668990038429e-01, 1.8649229322020420e+00
0.78900000, 2.46702617651511795994287064251842998388e+00, -1.25720641334007781689903192469621874874e+00, 3.97053340876584863730228871861623109267e+01, 4.04708250668401976073288105009095999768e-01, 5.52890299100857424964710972952865146868e+00, 1.11557790355259754735841672296701481102e+00, -2.0803142433743668e-01, 1.8654813464027826e+00
0.79000000, 2.46741648542780819598338135086553414582e+00, -1.25682595444568217988472320133896738387e+00, 3.97043977385613262595768773918194849239e+01, 4.05674026084624857534846519276762391419e-01, 5.52837707120170843110816976452896902837e+00, 1.11564825835887329618497631070425870830e+00, -2.1498177269104207e-01, 1.8660076129776251e+00
0.79100000, 2.46780735683017417001754518090400747171e+00, -1.25644405256658814331946011107037856929e+00, 3.97034590674622707692559679495990988476e+01, 4.06640376001713618367046119864808397079e-01, 5.52784961748584403397006969102225324226e+00, 1.11571817531261233048501244175624407393e+00, -2.2195765883076481e-01, 1.8665013864059640e+00
0.79200000, 2.46819878895882672989101696350944978819e+00, -1.25606070056582515441664840546504416739e+00, 3.97025180689220434114418499614304135544e+01, 4.07607293745813391804623953216387409877e-01, 5.52732062473979503134479120778587146594e+00, 1.11578764853598566934995913811288975856e+00, -2.2895900329338653e-01, 1.8669623191712517e+00
0.79300000, 2.46859078001086701714734574443175675494e+00, -1.25567589126211546647245801471850023528e+00, 3.97015747374970057248266786906042196064e+01, 4.08574772582942285968525361592657676929e-01, 5.52679008782759283335597882224107294055e+00, 1.11585667208983122031668269619141786373e+00, -2.3598572323133756e-01, 1.8673900617721819e+00
0.79400000, 2.46898332814325608868212233551284452275e+00, -1.25528961742963328270071075169370004387e+00, 3.97006290677394497008430250857115177638e+01, 4.09542805718428267680118900660147042416e-01, 5.52625800159865669912329100237464985692e+00, 1.11592523997295870186601982803266536999e+00, -2.4303773236060705e-01, 1.8677842627345584e+00
0.79500000, 2.46937643147217460506788665096882752799e+00, -1.25490187179776488503225345142548390550e+00, 3.96996810541978975930972782005176289757e+01, 4.10511386296341093360707675369795582364e-01, 5.52572436088797099460906182015059570601e+00, 1.11599334612144653220268511382303214263e+00, -2.5011494090813176e-01, 1.8681445686238625e+00
0.79600000, 2.46977008807237243049509581206196444790e+00, -1.25451264705086984473785958307123482398e+00, 3.96987306914174092685882597987014076877e+01, 4.11480507398919269929343279916717107926e-01, 5.52518916051626947353149564667981642905e+00, 1.11606098440793060862084224664560220337e+00, -2.5721725555866423e-01, 1.8684706240585382e+00
0.79700000, 2.47016429597650798716699412539214380928e+00, -1.25412193582804341513951431186357369229e+00, 3.96977779739398972596101935052127972915e+01, 4.12450162045992029794091800299517406821e-01, 5.52465239529022676274962943203037656099e+00, 1.11612814864088490199609702361457851127e+00, -2.6434457940112088e-01, 1.8687620717240108e+00
0.79800000, 2.47055905317447720486906770427852314658e+00, -1.25372973072288021018268329689671764083e+00, 3.96968228963044496784127567453884897324e+01, 4.13420343194396305275509705268771314156e-01, 5.52411406000265723781953144364047017124e+00, 1.11619483256389379123410807488283313818e+00, -2.7149681187441091e-01, 1.8690185523874568e+00
0.79900000, 2.47095435761273190430798482161600846502e+00, -1.25333602428323927625464333916554282239e+00, 3.96958654530476611599213820494443705789e+01, 4.14391043737388689108465245582638874406e-01, 5.52357414943272147881040743815942243930e+00, 1.11626102985491606285102192826826604720e+00, -2.7867384871274735e-01, 1.8692397049133436e+00
0.80000000, 2.47135020719358745068166642708943835383e+00, -1.25294080901101066835402928462380942947e+00, 3.96949056387039720011088977343244914690e+01, 4.15362256504052369041968979442306839090e-01, 5.52303265834614050095521346947519573051e+00, 1.11632673412554050126422251709158392323e+00, -2.8587558189044146e-01, 1.8694251662797547e+00
0.80100000, 2.47174659977451951180262478593782833854e+00, -1.25254407736188364554736004637887737506e+00, 3.96939434478060156689556223897836271602e+01, 4.16333974258699025998814698508269107049e-01, 5.52248958149541795929479895795862364856e+00, 1.11639193892023299583624788967501637649e+00, -2.9310189956618235e-01, 1.8695745715955211e+00
0.80200000, 2.47214353316744975295225750899575847953e+00, -1.25214582174511660459244965839792532790e+00, 3.96929788748849748523397502633289515667e+01, 4.17306189700265686770119757600997687616e-01, 5.52194491362007053115930464140090065594e+00, 1.11645663771557509124308448954511593484e+00, -3.0035268602680368e-01, 1.8696875541181761e+00
0.80300000, 2.47254100513802029849577922928233856373e+00, -1.25174603452330887466935895540222632100e+00, 3.96920119144709462366638622601518949595e+01, 4.18278895461706523806915313313433074837e-01, 5.52139864944686668511730677968130351431e+00, 1.11652082391949390833343113182972264979e+00, -3.0762782163053979e-01, 1.8697637452727524e+00
0.80400000, 2.47293901340485678813739197892078728772e+00, -1.25134470801217450034004233412023054105e+00, 3.96910425610933141835472239037347507458e+01, 4.19252084109379596334481617360392756008e-01, 5.52085078369007404991382784645774790234e+00, 1.11658449087048336331107715255679040240e+00, -3.1492718274977364e-01, 1.8698027746714415e+00
0.80500000, 2.47333755563881985354470846766372361639e+00, -1.25094183448031814416130596307900426423e+00, 3.96900708092811335014977164532640482162e+01, 4.20225748142428528757948741456364438878e-01, 5.52030131105171560191462666959567220823e+00, 1.11664763183681661381152987173519459354e+00, -3.2225064171327968e-01, 1.8698042701341339e+00
0.80600000, 2.47373662946224483892201720133194741073e+00, -1.25053740614901324480540475552150622717e+00, 3.96890966535635214971222924965582732178e+01, 4.21199879992159124152676939868010825216e-01, 5.51975022622183489467794283132073337302e+00, 1.11671024001574966125984859483029568388e+00, -3.2959806674796452e-01, 1.8697678577098607e+00
0.80700000, 2.47413623244816958696548313197705471311e+00, -1.25013141519198257110192422440054696631e+00, 3.96881200884700595001412251700955455913e+01, 4.22174472021410912543074362412235922838e-01, 5.51919752387877055948790780245559097366e+00, 1.11677230853271603979281860893762034061e+00, -3.3696932192010921e-01, 1.8696931616991560e+00
0.80800000, 2.47453636211955010949168657578691522424e+00, -1.24972385373518131710695232589494658187e+00, 3.96871411085312040592395709371097303292e+01, 4.23149516523923635671879723535258867910e-01, 5.51864319868944031100795468144228710116e+00, 1.11683383044051252300878570879165872596e+00, -3.4436426707611681e-01, 1.8695798046773619e+00
0.80900000, 2.47493701594846395989600143719254347371e+00, -1.24931471385658288813445199982682140187e+00, 3.96861597082787080096195948820372386218e+01, 4.24125005723698672051708753843564727241e-01, 5.51808724530963469764956230251111504829e+00, 1.11689479871847578087646484958756751358e+00, -3.5178275778276940e-01, 1.8694274075188945e+00
0.81000000, 2.47533819135530112247130203617409813307e+00, -1.24890398758596753265377839555692396547e+00, 3.96851758822460516170107822381145212716e+01, 4.25100931774355408275111627920772664931e-01, 5.51752965838432084180335492271250876942e+00, 1.11695520627164992029377372489276381320e+00, -3.5922464526699939e-01, 1.8692355894224950e+00
0.81100000, 2.47573988570794223150258771288186893705e+00, -1.24849166690471398007010187387672173818e+00, 3.96841896249688840068498069788801158770e+01, 4.26077286758482564841893457534204207993e-01, 5.51697043254795642074773429853208127336e+00, 1.11701504592994484404330928859630902050e+00, -3.6668977635517975e-01, 1.8690039679374848e+00
0.81200000, 2.47614209632092393095167394418612593387e+00, -1.24807774374559424966483038152951828553e+00, 3.96832009309854750913617303333131288160e+01, 4.27054062686984487146497029339704421626e-01, 5.51640956242481414483662393745934544671e+00, 1.11707431044728536424672090586463138639e+00, -3.7417799341193876e-01, 1.8687321589910476e+00
0.81300000, 2.47654482045459118346059806525258908967e+00, -1.24766220999257180138477999003866824666e+00, 3.96822097948371782113559941454919032898e+01, 4.28031251498422414757430963921907761703e-01, 5.51584704262931699547431834907773661372e+00, 1.11713299250075100788033384436670193085e+00, -3.8168913427850493e-01, 1.8684197769165603e+00
0.81400000, 2.47694805531423633533544487377812957617e+00, -1.24724505748060320473570342047859878608e+00, 3.96812162110689037136966402099546312455e+01, 4.29008845058350744718753931983657889319e-01, 5.51528286776638449141359802999865450309e+00, 1.11719108468970645348349967094993769022e+00, -3.8922303221058829e-01, 1.8680664344829955e+00
0.81500000, 2.47735179804922474212667443296990466938e+00, -1.24682627799544350776181229316353190452e+00, 3.96802201742296036896157564444612086115e+01, 4.29986835158648307314317703911520618847e-01, 5.51471703243179025806491703244710241797e+00, 1.11724857953492253987402200440549491723e+00, -3.9677951581580474e-01, 1.8676717429254170e+00
0.81600000, 2.47775604575210675740064362487399932640e+00, -1.24640586327345549398215452687611434531e+00, 3.96792216788727681033124946957359727752e+01, 4.30965213516844675562767372511795701254e-01, 5.51414953121253118078129232571171848169e+00, 1.11730546947768778948652623702338422911e+00, -4.0435840899065041e-01, 1.8672353119765935e+00
0.81700000, 2.47816079545771588530292364804309943879e+00, -1.24598380500142302121124426398139048978e+00, 3.96782207195569325446171309592637950790e+01, 4.31943971775441532659255219022672613376e-01, 5.51358035868720842948719142531808271239e+00, 1.11736174687891039087488798701873885704e+00, -4.1195953085703369e-01, 1.8667567498997520e+00
0.81800000, 2.47856604414225289555046057292022247779e+00, -1.24556009481636864241937367407731705355e+00, 3.96772172908461978439004874838553242166e+01, 4.32923101501229124652627837234756921720e-01, 5.51300950942642064855186187838383085430e+00, 1.11741740401821058697406890052727328478e+00, -4.1958269569837285e-01, 1.8662356635224952e+00
0.81900000, 2.47897178872235569756000883800786373178e+00, -1.24513472430537571519182449681981037397e+00, 3.96762113873107617918734764984172385635e+01, 4.33902594184597828848802961528401979153e-01, 5.51243697799316961246976975202264278434e+00, 1.11747243309300341790538137621052580067e+00, -4.2722771289526787e-01, 1.8656716582719074e+00
0.82000000, 2.47937802605415476852816976486186983853e+00, -1.24470768500541521293007679948213174292e+00, 3.96752030035274632114493494189567819129e+01, 4.34882441238844871766600791404430497210e-01, 5.51186275894327865470466760887703887755e+00, 1.11752682621757176943796267619855601870e+00, -4.3489438686075542e-01, 1.8650643382108733e+00
0.82100000, 2.47978475293231392842755592770314873855e+00, -1.24427896840317745770649092838420637848e+00, 3.96741921340803386334321539899997418295e+01, 4.35862633999476233946004397060973974476e-01, 5.51128684682582418398080041442095862678e+00, 1.11758057542212968069393189254282701583e+00, -4.4258251697515658e-01, 1.8644133060756329e+00
0.82200000, 2.48019196608905625307803806382023624302e+00, -1.24384856593490900164129595707736055050e+00, 3.96731787735611918324485385412640417214e+01, 4.36843163723503782525400002516970650324e-01, 5.51070923618358060936633120904620911211e+00, 1.11763367265187586731138587999193227442e+00, -4.5029189752052750e-01, 1.8637181633145998e+00
0.82300000, 2.48059966219317491469587618139729953242e+00, -1.24341646898625489082160489326927756036e+00, 3.96721629165701764842559285111153099569e+01, 4.37824021588737676268633537784124048739e-01, 5.51012992155347900269161806777603833155e+00, 1.11768610976603741906433151992485524946e+00, -4.5802231761472348e-01, 1.8629785101284662e+00
0.82400000, 2.48100783784902873762116252421277680998e+00, -1.24298266889210655313121370878967973055e+00, 3.96711445577163922103376683264659936976e+01, 4.38805198693074091639698715166754583791e-01, 5.50954889746707983417982455698869449007e+00, 1.11773787853690363388834019422036140869e+00, -4.6577356114508794e-01, 1.8621939455116219e+00
0.82500000, 2.48141648959552225528000156034486808876e+00, -1.24254715693645555891181577100707948425e+00, 3.96701236916184942805342998340637068336e+01, 4.39786686053778322597671743251306863128e-01, 5.50896615845106012464074947587282203721e+00, 1.11778897064884995338186075784953768588e+00, -4.7354540670177796e-01, 1.8613640672949120e+00
0.82600000, 2.48182561390507005285703917727884217664e+00, -1.24210992435225351113572901919849628950e+00, 3.96691003129053172493589539964016265806e+01, 4.40768474606763311022403107758286350411e-01, 5.50838169902771536519189022136710352860e+00, 1.11783937769735196815268664281504942853e+00, -4.8133762751073900e-01, 1.8604884721897601e+00
0.82700000, 2.48223520718254517864138459182051686508e+00, -1.24167096232127832974210718897796877370e+00, 3.96680744162165128066029650504645772443e+01, 4.41750555205863669087891682947198980802e-01, 5.50779551371547656322469248073136095660e+00, 1.11788909118798946486422694631168880647e+00, -4.8914999136634187e-01, 1.8595667558336838e+00
0.82800000, 2.48264526576421140556994530023759283041e+00, -1.24123026197400720297776632841741360273e+00, 3.96670459962032021278542505821375419614e+01, 4.42732918622105259480777275407920882132e-01, 5.50720759702944278122967688265896162888e+00, 1.11793810253544049051441188709893769547e+00, -4.9698226056369563e-01, 1.8585985128372293e+00
0.82900000, 2.48305578591663912313227514776159987153e+00, -1.24078781438949648699513952352368747425e+00, 3.96660150475286430156245796543087354054e+01, 4.43715555542970404121726225045716752667e-01, 5.50661794348192954313255707228225214749e+00, 1.11798640306246541335895344609416430079e+00, -5.0483419183065106e-01, 1.8575833368323516e+00
0.83000000, 2.48346676383560463852604220346897254695e+00, -1.24034361059526884359846666392626639106e+00, 3.96649815648689121269112770249451494051e+01, 4.44698456571658796993540486938142253587e-01, 5.50602654758303349097534758569825858703e+00, 1.11803398399888096397822481810009565611e+00, -5.1270553625950967e-01, 1.8565208205222692e+00
0.83100000, 2.48387819564497266476825750116621609499e+00, -1.23989764156720791490017391901736819706e+00, 3.96639455429136025882027394118391264773e+01, 4.45681612226344201817643835482316130182e-01, 5.50543340384121368310245660524265060661e+00, 1.11808083648052424429142564932920061553e+00, -5.2059603923845424e-01, 1.8554105557328197e+00
0.83200000, 2.48429007739556177238085661550961249376e+00, -1.23944989822946084275758827508185198327e+00, 3.96629069763665373041737680728273151378e+01, 4.46665012939427020656402722437780160814e-01, 5.50483850676388993348238966261099617704e+00, 1.11812695154820669685144459959812934252e+00, -5.2850544038271741e-01, 1.8542521334653453e+00
0.83300000, 2.48470240506399258028678128731133858169e+00, -1.23900037145434895021079778724057214820e+00, 3.96618658599464982716043837526098652534e+01, 4.47648649056782825058902709704612306174e-01, 5.50424185085805860041133554912344644660e+00, 1.11817232014665803151767663029396373737e+00, -5.3643347346550576e-01, 1.8530451439511360e+00
0.83400000, 2.48511517455151846068136624885137756662e+00, -1.23854905206228691174077798301861406652e+00, 3.96608221883879722153925438372922016786e+01, 4.48632510837006947118871037816790754063e-01, 5.50364343063092624160579257148965566204e+00, 1.11821693312346011161104596958552901393e+00, -5.4437986634869751e-01, 1.8517891767074594e+00
0.83500000, 2.48552838168283853189091779396829952800e+00, -1.23809593082171074901806179605839179646e+00, 3.96597759564419128689149016888511250538e+01, 4.49616588450655233782128686408522215458e-01, 5.50304324059056156159758541888288123080e+00, 1.11826078122797080691496656306078815615e+00, -5.5234434091333278e-01, 1.8504838205952061e+00
0.83600000, 2.48594202220489271260353085681824251587e+00, -1.23764099844901499892146426988673829781e+00, 3.96587271588765202264181146433295303435e+01, 4.50600871979481073934160375916390434238e-01, 5.50244127524656608639600783981928366305e+00, 1.11830385511023782640757974484284963676e+00, -5.6032661298991621e-01, 1.8491286638781799e+00
0.83700000, 2.48635609178563861036443291372630420320e+00, -1.23718424560849941097893463733746293003e+00, 3.96576757904780371005936952627591945354e+01, 4.51585351415668814223171659156448647043e-01, 5.50183752911076400957810289349784431529e+00, 1.11834614531990254940429067014241003284e+00, -5.6832639228855266e-01, 1.8477232942840610e+00
0.83800000, 2.48677058601281001687782842559111289342e+00, -1.23672566291232554202376185203360219488e+00, 3.96566218460515633239992695328863333484e+01, 4.52570016661063686237597782898967870183e-01, 5.50123199669791166330875745055487997611e+00, 1.11838764230509387986564145257562349501e+00, -5.7634338232893735e-01, 1.8462672990670743e+00
0.83900000, 2.48718550039265678245808254790296406095e+00, -1.23626524092048362677437645179077277844e+00, 3.96555653204218879385353879270762842573e+01, 4.53554857526398374566856060727009866832e-01, 5.50062467252642707727662138419625311118e+00, 1.11842833641131215499449138269706927374e+00, -5.8437728037022302e-01, 1.8447602650723899e+00
0.84000000, 2.48760083034866584193424999721455763782e+00, -1.23580297014077011424014161848628563519e+00, 3.96545062084343397227665235269758162487e+01, 4.54539863730516362437787596187040639086e-01, 5.50001555111914009815891402455773185956e+00, 1.11846821788030314591923195120883431884e+00, -5.9242777734078740e-01, 1.8432017788022879e+00
0.84100000, 2.48801657122026316444294751087564779111e+00, -1.23533884102877627133406927661771002370e+00, 3.96534445049556564124841269594212869997e+01, 4.55525024899592199044490743511532829752e-01, 5.49940462700406355199675390367393012260e+00, 1.11850727684892219524758962605517042745e+00, -6.0049455776792524e-01, 1.8415914264841171e+00
0.84200000, 2.48843271826149639985532442519256655742e+00, -1.23487284398788826684157347099806105670e+00, 3.96523802048748729755448674150653828950e+01, 4.56510330566348840384063847388263392125e-01, 5.49879189471518594177128266771166601116e+00, 1.11854550334798854359004599252910459723e+00, -6.0857729970749028e-01, 1.8399287941400774e+00
0.84300000, 2.48884926663969799508477316231204309090e+00, -1.23440496936929916095739405000037000121e+00, 3.96513133031042293076744709873410194133e+01, 4.57495770169272223383286005427103222397e-01, 5.49817734879328618251781032387266472301e+00, 1.11858288730112990480496346366684772900e+00, -6.1667567467351331e-01, 1.8382134676588579e+00
0.84400000, 2.48926621143412855422385186298517625999e+00, -1.23393520747203323796585951566474164591e+00, 3.96502437945800977216025783975730520871e+01, 4.58481333051823241359790805145170361243e-01, 5.49756098378677088649844876199162118310e+00, 1.11861941852361735772142893545822284828e+00, -6.2478934756782379e-01, 1.8364450328691601e+00
0.84500000, 2.48968354763460021737293660730688861712e+00, -1.23346354854298313230782748328340393870e+00, 3.96491716742639306075821835022927553128e+01, 4.59467008461647297414329559877214410709e-01, 5.49694279425253472127086892688346988239e+00, 1.11865508672119063046326022238257215598e+00, -6.3291797660970324e-01, 1.8346230756151387e+00
0.84600000, 2.49010127014007983416112728660858475482e+00, -1.23298998277696021125599874043232073400e+00, 3.96480969371432286490435595543244428945e+01, 4.60452785549781621206958772914088974425e-01, 5.49632277475684437393922268365391296965e+00, 1.11868988148887386224156840380309505384e+00, -6.4106121326559996e-01, 1.8327471818337895e+00
0.84700000, 2.49051937375727170933413677314423385947e+00, -1.23251450031675869071382273408316019359e+00, 3.96470195782325299828318720880826233246e+01, 4.61438653369860543738282674957241646251e-01, 5.49570091987624666544986457476599015251e+00, 1.11872379230978193661711113735697989927e+00, -6.4921870217893554e-01, 1.8308169376343165e+00
0.84800000, 2.49093785319917969940704210407098743554e+00, -1.23203709125323397426678250831213516409e+00, 3.96459395925744206991743015760570119533e+01, 4.62424600877318934246275654854667323010e-01, 5.49507722419850136949586360853867299502e+00, 1.11875680855391748977116072446591804495e+00, -6.5739008110003497e-01, 1.8288319293795100e+00
0.84900000, 2.49135670308364844126513681175783492793e+00, -1.23155774562539571955324209962986263359e+00, 3.96448569752405670822104707128717318400e+01, 4.63410616928594013148918035570279386372e-01, 5.49445168232353930141658161019340201205e+00, 1.11878891947695870727887955207849948300e+00, -6.6557498081621315e-01, 1.8267917437691653e+00
0.85000000, 2.49177591793188349575750309595600537684e+00, -1.23107645342051615028991156004667534810e+00, 3.96437717213327699975929167777216993236e+01, 4.64396690280325765122293247083998973513e-01, 5.49382428886444625341755785152030916123e+00, 1.11882011421903803326676227421652091969e+00, -6.7377302508205186e-01, 1.8246959679255755e+00
0.85100000, 2.49219549216695019177968582813209688585e+00, -1.23059320457425414688884493589251968023e+00, 3.96426838259840418393154886096781500555e+01, 4.65382809588556186912477943308217795070e-01, 5.49319503844847336348687491002028340627e+00, 1.11885038180351192667047490547260666640e+00, -6.8198383054990248e-01, 1.8225441894811287e+00
0.85200000, 2.49261542011225095909893581400594303035e+00, -1.23010798897079566354308524263621451122e+00, 3.96415932843597064535496741625143605257e+01, 4.66368963407927615347240049465106510297e-01, 5.49256392571807451654190729833657270133e+00, 1.11887971113572181060669381009572122507e+00, -6.9020700670065106e-01, 1.8203359966680411e+00
0.85300000, 2.49303569598998094125342678029760997902e+00, -1.22962079644301103494077814227392524064e+00, 3.96405000916585224628543269402258586665e+01, 4.67355140190880392250138134698742491244e-01, 5.49193094533197138759918870584568342438e+00, 1.11890809100174637264801490820641447446e+00, -6.9844215577478351e-01, 1.8180709784102579e+00
0.85400000, 2.49345631391956168327177709270060681474e+00, -1.22913161677262975139676171017190806960e+00, 3.96394042431138304196649408669484430711e+01, 4.68341328286850134575143044825605025277e-01, 5.49129609196624674811386094744456036342e+00, 1.11893551006714538605975460147240272436e+00, -7.0668887270379003e-01, 1.8157487244175530e+00
0.85500000, 2.49387726791605269272788708534204829163e+00, -1.22864043969043329717004857423238663707e+00, 3.96383057339947242234559198787056884988e+01, 4.69327515941464890084587118106790594707e-01, 5.49065936031546666807701268089459551498e+00, 1.11896195687569523483798657292502769704e+00, -7.1494674504194932e-01, 1.8133688252818589e+00
0.85600000, 2.49429855188854067678594343872553834697e+00, -1.22814725487646666306874624504834028825e+00, 3.96372045596072472413940892473968973189e+01, 4.70313691295742471297442428272207701707e-01, 5.49002074509383225798181231806529748870e+00, 1.11898741984811633869633944881280524353e+00, -7.2321535289853446e-01, 1.8109308725758591e+00
0.85700000, 2.49472015963850626241951178578477742597e+00, -1.22765205196026916113403589299660163530e+00, 3.96361007152956135776543585155828366844e+01, 4.71299842385288273249132169664770970097e-01, 5.48938024103636160636469806570322981712e+00, 1.11901188728079268800220506091064397913e+00, -7.3149426887048362e-01, 1.8084344589538718e+00
0.85800000, 2.49514208485816801192568494042773083370e+00, -1.22715482052112518624477334928967417536e+00, 3.96349941964434549418387757422525927180e+01, 4.72285957139493893838915112238593370794e-01, 5.48873784290010258028736334836956276488e+00, 1.11903534734448371307875952817579821684e+00, -7.3978305797558038e-01, 1.8058791782550585e+00
0.85900000, 2.49556432112880355121972048601680950519e+00, -1.22665555008833558689668429891042909933e+00, 3.96338849984750935721174372992677692055e+01, 4.73272023380736889207101249482536900178e-01, 5.48809354546537716783953208765815271547e+00, 1.11905778808302872728565954734499678152e+00, -7.4808127758618983e-01, 1.8032646256089866e+00
0.86000000, 2.49598686191904763420764544561541685899e+00, -1.22615423014151032518723529741823935847e+00, 3.96327731168568416737824630386095616890e+01, 4.74258028823582010692819056658415571563e-01, 5.48744734353705805350149314829757822439e+00, 1.11907919741204419888691725968948582968e+00, -7.5638847736359811e-01, 1.8005903975435770e+00
0.86100000, 2.49640970058316697281481608109612030374e+00, -1.22565085011088312418091947432452273490e+00, 3.96316585470983278388625130568100221828e+01, 4.75243961073984284484724082312550643165e-01, 5.48679923194587812899823083623791559539e+00, 1.11909956311761412292814097480999819975e+00, -7.6470419919300456e-01, 1.7978560920954671e+00
0.86200000, 2.49683283035931166901903453004040506403e+00, -1.22514539937764881934132222648760502221e+00, 3.96305412847538509172724569701867009714e+01, 4.76229807628494310102966559582148204496e-01, 5.48614920554977365409212058106948199708e+00, 1.11911887285497378119630163159553170887e+00, -7.7302797711921724e-01, 1.7950613089228195e+00
0.86300000, 2.49725624436774309251994310029200477630e+00, -1.22463786727432414959688942203606815194e+00, 3.96294213254237618146574782286919044924e+01, 4.77215555873466169352049009930423801616e-01, 5.48549725923526179358608557880403682996e+00, 1.11913711414718719584306879040271628300e+00, -7.8135933728310429e-01, 1.7922056494206049e+00
0.86400000, 2.49767993560903805549522528860937246273e+00, -1.22412824308513274285727252922024768981e+00, 3.96282986647558736966190672169893155544e+01, 4.78201193084268353372090053056418318355e-01, 5.48484338791885326863047725941088843182e+00, 1.11915427438381860043754649182826083763e+00, -7.8969779785885490e-01, 1.7892887168383901e+00
0.86500000, 2.49810389696226914427262124538363151070e+00, -1.22361651604641507041639826427328359358e+00, 3.96271732984469010833672566106464953855e+01, 4.79186706424498131901697968724394908364e-01, 5.48418758654850087223046942686844278409e+00, 1.11917034081959827109627871904955685855e+00, -7.9804286899210569e-01, 1.7863101164006587e+00
0.86600000, 2.49852812118316107670970881244856609367e+00, -1.22310267534706416466635239585509803214e+00, 3.96260452222439283230135473082820565295e+01, 4.80172082945199805860402654789664018347e-01, 5.48352985010508461062119125651467318314e+00, 1.11918530057308307993838416680221181304e+00, -8.0639405273898971e-01, 1.7832694554296936e+00
0.86700000, 2.49895260090222296364643167731349905948e+00, -1.22258671012898791490150286831033728989e+00, 3.96249144319459079356859385302280798355e+01, 4.81157309584087301873659155128582598012e-01, 5.48287017360393424389889961754700102513e+00, 1.11919914062531215345265246733200990695e+00, -8.1475084300616716e-01, 1.7801663434710484e+00
0.86800000, 2.49937732862285636300493792238594649328e+00, -1.22206860948759877671307187143807123915e+00, 3.96237809234051893243941655948236175829e+01, 4.82142373164771585410066314588417928931e-01, 5.48220855209639001095087378298201469401e+00, 1.11921184781845803946273988183085535678e+00, -8.2311272549189852e-01, 1.7770003924216358e+00
0.86900000, 2.49980229671943902598474494164090690984e+00, -1.22154836247233175155793765142903156365e+00, 3.96226446925290783520816663711111831199e+01, 4.83127260395993387789848533184264562708e-01, 5.48154498067140233529595978579186491685e+00, 1.11922340885447380825789440045400265750e+00, -8.3147917762822274e-01, 1.7737712166604599e+00
0.87000000, 2.50022749743538424636675765057410316535e+00, -1.22102595808719151452837382590655469845e+00, 3.96215057352814282875520632539885690439e+01, 4.84111957870861761466972094282501383797e-01, 5.48087945445717131991218836365717471844e+00, 1.11923381029373653614185310737001809088e+00, -8.3984966852430471e-01, 1.7704784331820165e+00
0.87100000, 2.50065292288117573622630233543920281571e+00, -1.22050138529132959014746371642031661210e+00, 3.96203640476842626259322690804250646812e+01, 4.85096452066098997695565213797088714209e-01, 5.48021196862282685046681528297685525869e+00, 1.11924303855368764316388382733147795920e+00, -8.4822365891101833e-01, 1.7671216617323898e+00
0.87200000, 2.50107856503237796439305351425716769134e+00, -1.21997463299965249816292857719027569085e+00, 3.96192196258194302920109648874600823129e+01, 4.86080729341292460975518977223081092256e-01, 5.47954251838015013755539305496747471501e+00, 1.11925107990747058115581970931688846434e+00, -8.5660060108683315e-01, 1.7637005249480667e+00
0.87300000, 2.50150441572762190781537854768558357529e+00, -1.21944569008346181380401359198857435196e+00, 3.96180724658302937371484396534183933703e+01, 4.87064775938153915543050851672527935228e-01, 5.47887109898533753957666270195435199325e+00, 1.11925792048256639342999962212384894354e+00, -8.6497993886507446e-01, 1.7602146484974947e+00
0.87400000, 2.50193046666656618061996190962975975081e+00, -1.21891454537112710979481793754989470569e+00, 3.96169225639234504424689021824791462978e+01, 4.88048577979786940640216188486100700235e-01, 5.47819770574080751869435809339462548764e+00, 1.11926354625942769361809804501976499901e+00, -8.7336110752262887e-01, 1.7566636612254055e+00
0.87500000, 2.50235670940783352113726566253469532987e+00, -1.21838118764879277057490650208530387006e+00, 3.96157699163704883426956055099744691228e+01, 4.89032121469963053373239493848555697457e-01, 5.47752233399705159293921152626808237358e+00, 1.11926794307011163817287044351761586312e+00, -8.8174353375016891e-01, 1.7530471952999252e+00
0.87600000, 2.50278313536692263352301622186575141871e+00, -1.21784560566111969265494304060468649739e+00, 3.96146145195097756862476214730222434393e+01, 4.90015392292407180663232012812114018212e-01, 5.47684497915453015785681025911228650200e+00, 1.11927109659691249503692850042565341504e+00, -8.9012663560397268e-01, 1.7493648863624933e+00
0.87700000, 2.50320973581409539787997670923446667868e+00, -1.21730778811206290882098036992315788475e+00, 3.96134563697482858480589156011037668497e+01, 4.90998376210093145114192440833651824529e-01, 5.47616563666561406118019668239310598596e+00, 1.11927299237099443992793860440184336147e+00, -8.9850982245941609e-01, 1.7456163736806085e+00
0.87800000, 2.50363650187223948100818048235728522734e+00, -1.21676772366568619798420317930968205234e+00, 3.96122954635634576119784066497706707196e+01, 4.91981058864549853581637959247367638649e-01, 5.47548430203657282376933002636387564744e+00, 1.11927361577102524162127798230846905096e+00, -9.0689249496621759e-01, 1.7418013003034215e+00
0.87900000, 2.50406342451470639912188765818263378730e+00, -1.21622540094701476684026557854315611076e+00, 3.96111317975050914395356825193834125128e+01, 4.92963425775178901829878710453356306605e-01, 5.47480097082961040948015618602571168982e+00, 1.11927295202181152855233670516596837498e+00, -9.1527404500551710e-01, 1.7379193132201897e+00
0.88000000, 2.50449049456312510410501110444748257199e+00, -1.21568080854292711413939398005127057188e+00, 3.96099653681972822412815088706780853044e+01, 4.93945462338584333925486779272018286602e-01, 5.47411563866494945566974314584034012247e+00, 1.11927098619293636103439985782871567741e+00, -9.2365385564887307e-01, 1.7339700635216125e+00
0.88100000, 2.50491770268519118617176682338784744722e+00, -1.21513393500308721325912254912833964826e+00, 3.96087961723403891658044921153455772139e+01, 4.94927153827915320937085392761834373354e-01, 5.47342830122296488467460465353534428107e+00, 1.11926770319739986641733482519750296491e+00, -9.3203130111926361e-01, 1.7299532065640582e+00
0.88200000, 2.50534503939243180819484619171905047155e+00, -1.21458476884091817389828518051529316167e+00, 3.96076242067130429198532558796727988598e+01, 4.95908485392222550104812031606478131677e-01, 5.47273895424636782477895446371002276761e+00, 1.11926308779026372861990941396772863032e+00, -9.4040574675417963e-01, 1.7258684021366985e+00
0.88300000, 2.50577249503794651049936404824371855139e+00, -1.21403329853461856905441405313719061447e+00, 3.96064494681741911307239668243851918361e+01, 4.96889442055829142913699459710130913895e-01, 5.47204759354244077687827035496177808654e+00, 1.11925712456730035867699137920882037114e+00, -9.4877654897090022e-01, 1.7217153146315598e+00
0.88400000, 2.50620005981412404963793756811386467494e+00, -1.21347951252822263898592542530282360092e+00, 3.96052719536651822591713743949940925818e+01, 4.97870008717716948460109506244080665918e-01, 5.47135421498532497019926014238618756926e+00, 1.11924979796364760927432172173788374802e+00, -9.5714305523404251e-01, 1.7174936132165020e+00
0.88500000, 2.50662772375033546060205415719930338151e+00, -1.21292339923270560957247482301840282688e+00, 3.96040916602118885675317175183539112664e+01, 4.98850170150929087144846278060000060008e-01, 5.47065881451836085701609960515923591782e+00, 1.11924109225246993371980980607936821665e+00, -9.6550460402548035e-01, 1.7132029720111315e+00
0.88600000, 2.50705547671060355912975031916599215519e+00, -1.21236494702713538834673592626264941509e+00, 3.96029085849268686434705137566352950780e+01, 4.99829911001989649065460479981578210223e-01, 5.46996138815648270225850603671199017339e+00, 1.11923099154362692844268868264828390189e+00, -9.7386052481672839e-01, 1.7088430702656558e+00
0.88700000, 2.50748330839124912928267386769996640990e+00, -1.21180414425987192745163255842507582000e+00, 3.96017227250115699747485761783717200531e+01, 5.00809215790341481517443821179911055361e-01, 5.46926193198866822919146856847273020020e+00, 1.11921947978235023794115260462930298934e+00, -9.8221013804389026e-01, 1.7044135925426826e+00
0.88800000, 2.50791120831851407133069655310969874563e+00, -1.21124097924981556884959203096258807632e+00, 3.96005340777585720645953462274326026976e+01, 5.01788068907803030752449528111817143044e-01, 5.46856044218044428690865479999915848539e+00, 1.11920654074792984213538017009136371646e+00, -9.9055275508527163e-01, 1.6999142289019650e+00
0.88900000, 2.50833916584616181624392983559262409653e+00, -1.21067544028770571324327298744910416033e+00, 3.95993426405538705706480616495811273745e+01, 5.02766454618045234583264591953772041992e-01, 5.46785691497644950916869366973045149333e+00, 1.11919215805241078834547814906563021240e+00, -9.9888767824176121e-01, 1.6953446750880943e+00
0.89000000, 2.50876717015305534579546113231217134524e+00, -1.21010751563747118032664567296969780740e+00, 3.95981484108792029429151776288117014633e+01, 5.03744357056089494570772522624896891241e-01, 5.46715134670305493706033667414837453217e+00, 1.11917631513930147362135840532440973682e+00, -1.0072142007200847e+00, 1.6907046327211350e+00
0.89100000, 2.50919521024071319146914677404286543310e+00, -1.20953719353763365413495981402965018796e+00, 3.95969513863144160278080931484841184122e+01, 5.04721760227827789377129507701966830853e-01, 5.46644373377104358005109787341406769721e+00, 1.11915899528229462792141074298047022502e+00, -1.0155316066190393e+00, 1.6859938094901999e+00
0.89200000, 2.50962327493084382109167365744509276478e+00, -1.20896446220276563336310082944455022247e+00, 3.95957515645398760959103379131286815270e+01, 5.05698648009566024420059678938611430219e-01, 5.46573407267834989109401399512515437350e+00, 1.11914018158400219468549881083701404920e+00, -1.0238391709188176e+00, 1.6812119193499553e+00
0.89300000, 2.51005135286285885941359676332220799622e+00, -1.20838930982500433253244979088400040780e+00, 3.95945489433389217407701359938710344011e+01, 5.06675004147591747212363743929483485185e-01, 5.46502236001286013157570688181671770600e+00, 1.11911985697470535269051304721022404583e+00, -1.0321361594735334e+00, 1.6763586827200484e+00
0.89400000, 2.51047943249136562779732267963224869084e+00, -1.20781172457562300576211184026686899439e+00, 3.95933435206003600845613103457894175190e+01, 5.07650812257767392713710373056196504776e-01, 5.46430859245527460092038143410662837493e+00, 1.11909800421112097172734744320146673225e+00, -1.0404218290070619e+00, 1.6714338266874418e+00
0.89500000, 2.51090750208363952877849217132395700767e+00, -1.20723169460666119059376883740157376476e+00, 3.95921352943210067139078904379643890328e+01, 5.08626055825150258652185572822273139614e-01, 5.46359276678203270355045919365882537093e+00, 1.11907460587518584460912289950535507413e+00, -1.0486954271123113e+00, 1.6664370852116412e+00
0.89600000, 2.51133554971707684359858358320377078797e+00, -1.20664920805261539477984900955647361871e+00, 3.95909242626082697554570251792965694078e+01, 5.09600718203640447082803903560786964648e-01, 5.46287487986830182257417989145041743404e+00, 1.11904964437286008932252138942383062554e+00, -1.0569561922540426e+00, 1.6613681993327960e+00
0.89700000, 2.51176356327662855490859452654842887399e+00, -1.20606425303219177411836387304031720990e+00, 3.95897104236827784858588053292524235312e+01, 5.10574782615658045429256515154740581718e-01, 5.46215492869103096494984298755703041601e+00, 1.11902310193295116777619213073991722486e+00, -1.0652033537753579e+00, 1.6562269173826522e+00
0.89800000, 2.51219153045221585276415056254362407097e+00, -1.20547681765012237424745764738713573126e+00, 3.95884937758810568546147165907082330386e+01, 5.11548232151850857891606573871259515455e-01, 5.46143291033207013688869819813707323328e+00, 1.11899496060596002158935593160211896214e+00, -1.0734361319079800e+00, 1.6510129951983317e+00
0.89900000, 2.51261943873612802981901569555433800540e+00, -1.20488688999904653373777693537489112422e+00, 3.95872743176582422807314715007824729575e+01, 5.12521049770834036382336648887916253180e-01, 5.46070882198135640082422409456901194799e+00, 1.11896520226295088070484730753112294182e+00, -1.0816537377864448e+00, 1.6457261963389084e+00
0.90000000, 2.51304727542040352132418325957186228005e+00, -1.20429445816145906977691195926911522304e+00, 3.95860520475908500652051566224968945173e+01, 5.13493218298962999059735419166795911055e-01, 5.45998266094016755631212276862528778384e+00, 1.11893380859444635730646134951547048849e+00, -1.0898553734663354e+00, 1.6403662923047520e+00
0.90100000, 2.51347502759419489720057626690750506760e+00, -1.20369951021172689115935131144354149128e+00, 3.95848269643795837410017101713239271990e+01, 5.14464720430141064042309064307376542132e-01, 5.45925442462444437664731125551817435086e+00, 1.11890076110934949557067199259705472129e+00, -1.0980402319466829e+00, 1.6349330627595997e+00
0.90200000, 2.51390268214111866712143047106873775929e+00, -1.20310203421817570610571865186510460889e+00, 3.95835990668521916603319470235736582598e+01, 5.15435538725663265989392854595692036199e-01, 5.45852411056818232070302687376621434762e+00, 1.11886604113389450718491015599057638203e+00, -1.1062074971966654e+00, 1.6294262957553196e+00
0.90300000, 2.51433022573659081526153654068925477100e+00, -1.20250201824524851456060335508928080757e+00, 3.95823683539663700955794439656547228332e+01, 5.16405655614097863897397765471499496149e-01, 5.45779171642689362542140161471958429665e+00, 1.11882962981062798331306494425126579351e+00, -1.1143563441867348e+00, 1.6238457879593199e+00
0.90400000, 2.51475764484514903918969188121080552684e+00, -1.20189945035573759597900290684321238820e+00, 3.95811348248127131051629381706675980078e+01, 5.17375053391207089661277160989188548493e-01, 5.45705723998114066842000616617447936023e+00, 1.11879150809742243577499025454867071505e+00, -1.1224859389243057e+00, 1.6181913448845575e+00
0.90500000, 2.51518492571776272734193271916170943160e+00, -1.20129431861309172412294468007610630374e+00, 3.95798984786177093888354547095439753948e+01, 5.18343714219908728656946111557035032711e-01, 5.45632067914014147222741025596370927395e+00, 1.11875165676652408361848547226392528069e+00, -1.1305954384941410e+00, 1.6124627811220931e+00
0.90600000, 2.51561205438913177165912426058682912914e+00, -1.20068661108380035996354214295561750573e+00, 3.95786593147467863283728289307640115837e+01, 5.19311620130280165779457039554529792426e-01, 5.45558203194544820162224138871171822932e+00, 1.11871005640363686598378726362225389611e+00, -1.1386839911035687e+00, 1.6066599205761372e+00
0.90700000, 2.51603901667497537634457851150357378831e+00, -1.20007631583985659232634889500490969906e+00, 3.95774173327074013792160440904321714562e+01, 5.20278753019606572987307165943077648834e-01, 5.45484129657469948332105122142284178711e+00, 1.11866668740704472817251796559875527500e+00, -1.1467507361326704e+00, 1.6007825967015251e+00
0.90800000, 2.51646579816931209033517575423480981792e+00, -1.19946342096130061333155796776628328961e+00, 3.95761725321521809463351102655581190894e+01, 5.21245094652474957415380029492972651092e-01, 5.45409847134544735273406356243705024689e+00, 1.11862152998677429511162806150711901723e+00, -1.1547948041895773e+00, 1.5948306527435560e+00
0.90900000, 2.51689238424173236002071148263744471623e+00, -1.19884791453884553186276592394618925730e+00, 3.95749249128821068433062299722586028413e+01, 5.22210626660915832484059464158579291420e-01, 5.45335355471905960557521070550314654883e+00, 1.11857456416380011492010655697915816993e+00, -1.1628153171710169e+00, 1.5888039419801247e+00
0.91000000, 2.51731876003466497002644285105765028702e+00, -1.19822978467658734314124284003390255360e+00, 3.95736744748497503972669054652605574662e+01, 5.23175330544594318102472993155194871935e-01, 5.45260654530469830266153484853991574628e+00, 1.11852576976929472500941513969319588878e+00, -1.1708113883282496e+00, 1.5827023279660710e+00
0.91100000, 2.51774491046063881352620924741494713182e+00, -1.19760901949480088587452836652916290578e+00, 3.95724212181625542239627419877709523512e+01, 5.24139187671052519988030196965778517405e-01, 5.45185744186337514415201507607611757188e+00, 1.11847512644392586404008572347007568178e+00, -1.1787821223385388e+00, 1.5765256847796660e+00
0.91200000, 2.51817082019954150960848434557795708080e+00, -1.19698560713282363027127041242489193254e+00, 3.95711651430861616564515346136268213973e+01, 5.25102179276005082246574850091752643943e-01, 5.45110624331208439463944433766326494105e+00, 1.11842261363720322507382182401791609919e+00, -1.1867266153822983e+00, 1.5702738972711475e+00
0.91300000, 2.51859647369587646370270935207379626185e+00, -1.19635953575202915034596097205118581179e+00, 3.95699062500477937681107174660288713229e+01, 5.26064286463689851617279273640523757202e-01, 5.45035294872801400280078081254893585533e+00, 1.11836821060687721835433376170427580183e+00, -1.1946439552260592e+00, 1.5639468613132149e+00
0.91400000, 2.51902185515602004801236563809109192373e+00, -1.19573079353889214224981472003231607423e+00, 3.95686445396396738853288542601163341150e+01, 5.27025490207275636118952462579988280264e-01, 5.44959755735283551860859524903312200149e+00, 1.11831189641839228626673194072669331561e+00, -1.2025332213114040e+00, 1.5575444840533846e+00
0.91500000, 2.51944694854548066231492441679926492021e+00, -1.19509936870814685672441186596671072686e+00, 3.95673800126224994375756996558707941190e+01, 5.27985771349329085169959085644257203131e-01, 5.44884006859707336728363144586302212890e+00, 1.11825364994439738810414247120469320602e+00, -1.2103934848500098e+00, 1.5510666841681029e+00
0.91600000, 2.51987173758616152139351770719671629270e+00, -1.19446524950604081804448382329148100740e+00, 3.95661126699289609423634708501644790348e+01, 5.28945110602342762517681134136315049259e-01, 5.44808048204455399209868590794927046259e+00, 1.11819344986431634824433472518539728413e+00, -1.2182238089249495e+00, 1.5445133921185074e+00
0.91700000, 2.52029620575362910377300216337297974327e+00, -1.19382842421368570385157752727330779161e+00, 3.95648425126673078698594081645496766667e+01, 5.29903488549326527425407938809919523989e-01, 5.44731879745693532769755798744083267017e+00, 1.11813127466398083813476594791919814860e+00, -1.2260232485983940e+00, 1.5378845504077212e+00
0.91800000, 2.52072033627438928735138622851021479736e+00, -1.19318888115050725993210552759138386033e+00, 3.95635695421249610765118127298269583117e+01, 5.30860885644464383439313291848519403547e-01, 5.44655501477831701163845113323120969067e+00, 1.11806710263532884002058504647848886916e+00, -1.2337908510258625e+00, 1.5311801138395576e+00
0.91900000, 2.52114411212317329094857235796196475205e+00, -1.19254660867779612110687089925065633594e+00, 3.95622937597721714389343667949561079525e+01, 5.31817282213838997604767691862580153483e-01, 5.44578913413993168427603063844989937181e+00, 1.11800091187617151853830974140565152261e+00, -1.2415256555771658e+00, 1.5244000497785080e+00
0.92000000, 2.52156751602023563673468699302528336126e+00, -1.19190159520236140381453342680359942821e+00, 3.95610151672657242583832477445942231719e+01, 5.32772658456226136122843851388537859129e-01, 5.44502115586491766572610231419620188109e+00, 1.11793268029003150504174613596619708681e+00, -1.2492266939641876e+00, 1.5175443384108769e+00
0.92100000, 2.52199053042866644694060502021323940889e+00, -1.19125382918028892752325389506384350867e+00, 3.95597337664526889423859255929720658647e+01, 5.33726994443961305031729837603154155036e-01, 5.44425108047317323337620517487382391016e+00, 1.11786238558605567872168802163508832980e+00, -1.2568929903756479e+00, 1.5106129730069232e+00
0.92200000, 2.52241313755172048917786588304541828249e+00, -1.19060329912080591062217168161367264279e+00, 3.95584495593742134033684574919222065255e+01, 5.34680270123880926454930162536043853282e-01, 5.44347890868629265407813729394579182427e+00, 1.11779000527900560811387503823227982104e+00, -1.2645235616189921e+00, 1.5036059601838587e+00
0.92300000, 2.52283531933016548808137605665202075606e+00, -1.18994999359025397175141695461679063223e+00, 3.95571625482693625444100222398702966003e+01, 5.35632465318340422163335859408599226205e-01, 5.44270464143258405164790169446499909761e+00, 1.11771551668932889633853979093511979739e+00, -1.2721174172695474e+00, 1.4965233201695479e+00
0.92400000, 2.52325705743965232680607764580901925226e+00, -1.18929390121617224944482836528237180729e+00, 3.95558727355790001294617440241613727381e+01, 5.36583559726311616529696406911165657773e-01, 5.44192827985216911246798235863976788018e+00, 1.11763889694331475324829193362879098044e+00, -1.2796735598270878e+00, 1.4893650870667470e+00
0.92500000, 2.52367833328810987012025275977516033718e+00, -1.18863501069149243129716894352953937807e+00, 3.95545801239497132594361619623891375946e+01, 5.37533532924561910283274704740963420305e-01, 5.44114982530216454969970647739957802723e+00, 1.11756012297333719743810060099182850101e+00, -1.2871909848799464e+00, 1.4821313091177105e+00
0.92600000, 2.52409912801316725139707536237242544316e+00, -1.18797331077884745843621348339832604433e+00, 3.95532847162377785964412517803107633926e+01, 5.38482364368917714664232856546072402243e-01, 5.44036927936194515973385409041503168076e+00, 1.11747917151818937064079723224668847238e+00, -1.2946686812768122e+00, 1.4748220489689895e+00
0.92700000, 2.52451942247960657865727338430935380273e+00, -1.18730879031499564168367867884511646863e+00, 3.95519865155131693960389421381292817022e+01, 5.39430033395614672489337333264030528610e-01, 5.43958664383848821290089365130971239987e+00, 1.11739601912351252623256189685000126136e+00, -1.3021056313063462e+00, 1.4674373839362347e+00
0.92800000, 2.52493919727684912989475762181142290943e+00, -1.18664143821536189222709927552856080387e+00, 3.95506855250636023216962448560789358790e+01, 5.40376519222737228123548100064677187742e-01, 5.43880192077179882399510462495702176342e+00, 1.11731064214232333223335760174622675026e+00, -1.3095008108847489e+00, 1.4599774062688116e+00
0.92900000, 2.52535843271647822514927641361514560047e+00, -1.18597124347869773169263358214607401606e+00, 3.95493817483986229265149298708904676018e+01, 5.41321800951750142249417927175399131584e-01, 5.43801511244041584670836560259701825157e+00, 1.11722301673564320712434041005659429692e+00, -1.3168531897514088e+00, 1.4524422234140288e+00
0.93000000, 2.52577710882980208209051050716806517808e+00, -1.18529819519186170399759622700510092231e+00, 3.95480751892537285948249090266591514317e+01, 5.42265857569124579474115797656580427659e-01, 5.43722622136699772949117834413543328156e+00, 1.11713311887323348382370875158103211668e+00, -1.3241617316727581e+00, 1.4448319582807678e+00
0.93100000, 2.52619520536546008315039024333588640053e+00, -1.18462228253472176405873629189122767327e+00, 3.95467658515945276402637023210054418612e+01, 5.43208667948061427041050699466967165586e-01, 5.43643525032398765853546474432762990362e+00, 1.11704092433444027305848269691468115413e+00, -1.3314253946544581e+00, 1.4371467495023002e+00
0.93200000, 2.52661270178707600537700162176596609340e+00, -1.18394349478518116612201308826312315681e+00, 3.95454537396209331575013660797170522363e+01, 5.44150210850314531040803815679576521989e-01, 5.43564220233935719638460347581400181459e+00, 1.11694640870915297192466979890719424779e+00, -1.3386431311620325e+00, 1.4293867516980671e+00
0.93300000, 2.52702957727096188906422312038719098551e+00, -1.18326182132432931694300870619273546943e+00, 3.95441388577713901217746707960881367858e+01, 5.45090464928116562358178440867352589324e-01, 5.43484708070242750200440933675170295963e+00, 1.11684954739888043641238882283004766601e+00, -1.3458138883500637e+00, 1.4215521357341873e+00
0.93400000, 2.52744581070387634770336667417933688047e+00, -1.18257725164171899606276294456672463530e+00, 3.95428212107271341238400619780967120894e+01, 5.46029408726210247954936955482474555099e-01, 5.43404988896976708988290481558252501833e+00, 1.11675031561794890784361966956893257169e+00, -1.3529366083000623e+00, 1.4136430889824539e+00
0.93500000, 2.52786138068084124976036086642243875008e+00, -1.18188977534077127676828025398020943443e+00, 3.95415008034164800178228490493147394446e+01, 5.46967020683987723770000130202932540792e-01, 5.43325063097116495176139909983180877624e+00, 1.11664868839482585227356766320692453938e+00, -1.3600102282671126e+00, 1.4056598155775712e+00
0.93600000, 2.52827626550302083204422234195412957378e+00, -1.18119938214430940677527949685129289419e+00, 3.95401776410191386457184542988505871127e+01, 5.47903279137740783311858826645563710743e-01, 5.43244931081567772483597381716044791914e+00, 1.11654464057357393867463367834296303624e+00, -1.3670336809353954e+00, 1.3976025366723734e+00
0.93700000, 2.52869044317566743482498194842446009773e+00, -1.18050606190022282699703706025753932747e+00, 3.95388517289705596849868131954571875490e+01, 5.48838162323024810705618519761459331560e-01, 5.43164593289774944461599109771402323450e+00, 1.11643814681543944587419322757999951641e+00, -1.3740058946826803e+00, 1.3894714906907603e+00
0.93800000, 2.52910389140613818019202603377865284212e+00, -1.17980980458726241974120682558892608409e+00, 3.95375230729662985447782619458673943998e+01, 5.49771648377139198316094622270168043111e-01, 5.43084050190340226900218127370180849010e+00, 1.11632918160057944946027649847052264131e+00, -1.3809257938538744e+00, 1.3812669335780777e+00
0.93900000, 2.52951658760198704721147579960007660016e+00, -1.17911060032096798408045921219582757358e+00, 3.95361916789664051118529536274491064329e+01, 5.50703715341727056868174506778658381759e-01, 5.43003302281649640247811125239024264895e+00, 1.11621771922993219789613875782862678868e+00, -1.3877922990437089e+00, 1.3729891390486583e+00
0.94000000, 2.52992850886913693002204388741231497662e+00, -1.17840843935972883574795558142971100988e+00, 3.95348575531998320192305140597821121542e+01, 5.51634341165497029988749712113780793026e-01, 5.42922350092505728553258341307748604014e+00, 1.11610373382723514157577142406488407668e+00, -1.3946043273886350e+00, 1.3646383988302368e+00
0.94100000, 2.53033963201013639786432564268181736862e+00, -1.17770331211097832149226593870480617589e+00, 3.95335207021688599790674959722836867555e+01, 5.52563503707070025056619747640162090819e-01, 5.42841194182766794449527989075526830883e+00, 1.11598719934119512917461455195315727376e+00, -1.4013607928679958e+00, 1.3562150229049383e+00
0.94200000, 2.53074993352250600891300739615869952773e+00, -1.17699520913752292316831504514807597721e+00, 3.95321811326535375862538347859167580900e+01, 5.53491180737953667917087547663663640834e-01, 5.42759835143992422083458619385283560657e+00, 1.11586808954781533205696704790477977872e+00, -1.4080606066145308e+00, 1.3477193397465369e+00
0.94300000, 2.53115938959717916240158505625704218284e+00, -1.17628412116400650472495028043793729093e+00, 3.95308388517161328608046882149836446963e+01, 5.54417349945647280139510226338784836911e-01, 5.42678273600095041660922066692683296802e+00, 1.11574637805288349933472967494672257831e+00, -1.4147026772342620e+00, 1.3391516965536696e+00
0.94400000, 2.53156797611704260560328503831790036337e+00, -1.17557003908351012546405865417088121849e+00, 3.95294938667055936553723302403668725982e+01, 5.55341988936880163805988038652053295523e-01, 5.42596510207997270417275242404137185217e+00, 1.11562203829462618305921034881810977691e+00, -1.4212859111358010e+00, 1.3305124594786859e+00
0.94500000, 2.53197566865558184344977129796551984936e+00, -1.17485295396428770528479642438177524735e+00, 3.95281461852620139091993123592491584479e+01, 5.56265075240985960049370107900892418223e-01, 5.42514545658294745340659234471374699916e+00, 1.11549504354653360458423379790543036673e+00, -1.4278092128691072e+00, 1.3218020138518034e+00
0.94600000, 2.53238244247563682860173551596555057573e+00, -1.17413285705663768189018365743263315765e+00, 3.95267958153211025816783522781834795144e+01, 5.57186586313415823435535528437622599203e-01, 5.42432380675924142872361575393167722748e+00, 1.11536536692035985896790386943129542937e+00, -1.4342714854737168e+00, 1.3130207644002337e+00
0.94700000, 2.53278827252827343828411754359893706837e+00, -1.17340973979991064593073768997403912979e+00, 3.95254427651186519474908604266689783776e+01, 5.58106499539393124530701486420142660752e-01, 5.42350016020836060088017076029318676869e+00, 1.11523298136930317397333064399113004856e+00, -1.4406716308364519e+00, 1.3041691354619379e+00
0.94800000, 2.53319313345177637079540435757058802496e+00, -1.17268359382965277760879860268089119719e+00, 3.95240870431950017811949543671229005326e+01, 5.59024792237712357327637209273752406951e-01, 5.42267452488672410531691872426505671718e+00, 1.11509785969137095336526080868788269293e+00, -1.4470085500586086e+00, 1.2952475711936583e+00
0.94900000, 2.53359699957076921890728813101756632863e+00, -1.17195441098488473719598259968341639416e+00, 3.95227286583994958022720539487440172205e+01, 5.59941441664684886340170508388131145681e-01, 5.42184690911447965939716977308907861336e+00, 1.11495997453293434034871729745328593810e+00, -1.4532811438326091e+00, 1.2862565357728742e+00
0.95000000, 2.53399984489546759898000054421926249388e+00, -1.17122218331551548206478958905512466988e+00, 3.95213676198949265921827685799117506707e+01, 5.60856425018234119825730776807715995138e-01, 5.42101732158235652562513585246716635681e+00, 1.11481929839247703571603512690152286513e+00, -1.4594883128280943e+00, 1.2771965135933164e+00
0.95100000, 2.53440164312107133310183993121251860606e+00, -1.17048690308989029405694650494162963891e+00, 3.95200039371619650331098356450368933958e+01, 5.61769719442142640471530192059207359531e-01, 5.42018577135855187682869209991459185685e+00, 1.11467580362454309610904915170463194657e+00, -1.4656289580874170e+00, 1.2680680094536731e+00
0.95200000, 2.53480236762730179647058016824153633683e+00, -1.16974856280247210317335109056274976519e+00, 3.95186376200035701539790867651295412547e+01, 5.62681302030453762691007420777478936520e-01, 5.41935226789564618252878817117037515032e+00, 1.11452946244388842030382665661903890035e+00, -1.4717019814304854e+00, 1.2588715487391140e+00
0.95300000, 2.53520199147809065310129997399956040612e+00, -1.16900715518165498655736872460976733095e+00, 3.95172686785493751032689222409251720386e+01, 5.63591149832029916132919455351507784877e-01, 5.41851682103754299346293094510408764587e+00, 1.11438024692984060511853196772351771104e+00, -1.4777062858688917e+00, 1.2496076775952522e+00
0.95400000, 2.53560048742142630928142629377345277173e+00, -1.16826267319770850545627825979102625658e+00, 3.95158971232600448002847179170403212560e+01, 5.64499239855270177816420426786916393692e-01, 5.41767944102642825368214876792368193049e+00, 1.11422812903087181695616314139031931305e+00, -1.4836407760292463e+00, 1.2402769630941612e+00
0.95500000, 2.53599782788936451549141629892017033958e+00, -1.16751511007085131720569665726370792476e+00, 3.95145229649316006472477994105657593821e+01, 5.65405549072989190183984045159058943627e-01, 5.41684013850974401702641011458830647061e+00, 1.11407308056938927964263774298927665845e+00, -1.4895043585856249e+00, 1.2308799933920583e+00
0.95600000, 2.53639398499820964324104012838089445176e+00, -1.16676445927945226423061133314819625780e+00, 3.95131462146997075140111939690851151983e+01, 5.66310054427459609025514665936784844078e-01, 5.41599892454717118735859140122482872230e+00, 1.11391507324674792362209611004960647140e+00, -1.4952959427010183e+00, 1.2214173778782632e+00
0.95700000, 2.53678893054887325289018369361837619303e+00, -1.16601071456835689755862611009565634432e+00, 3.95117668840439180357702375915518051342e+01, 5.67212732835620123391077309347946558820e-01, 5.41515581061761563998808633923956736154e+00, 1.11375407864848967523718562400775728117e+00, -1.5010144404776617e+00, 1.2118897473150361e+00
0.95800000, 2.53718263602741665146449506645387792270e+00, -1.16525386995733713838496625166061817221e+00, 3.95103849847918690921115431467144473413e+01, 5.68113561194450979001467454235214574879e-01, 5.41431080862619181555985074296134444867e+00, 1.11359006824981378726256676420984434119e+00, -1.5066587674161024e+00, 1.2022977539678981e+00
0.95900000, 2.53757507260578421515724097617036849477e+00, -1.16449391974966151782961337126443872480e+00, 3.95090005291234251634878926001701598966e+01, 5.69012516386518817017262189498720555806e-01, 5.41346393091119760767356163958749034729e+00, 1.11342301342128252258481710067393135606e+00, -1.5122278428828489e+00, 1.1926420717260339e+00
0.96000000, 2.53796621114273431902955150075114243247e+00, -1.16373085854078316222750510355074790755e+00, 3.95076135295747630890915705056556198121e+01, 5.69909575285692511078195991517011739127e-01, 5.41261519025107409201486038742344387844e+00, 1.11325288543476640144266565918463832133e+00, -1.5177205905864278e+00, 1.1829233962123758e+00
0.96100000, 2.53835602218497477576578225511285261264e+00, -1.16296468122714240916563057983562815465e+00, 3.95062239990423925785203054601317976401e+01, 5.70804714763031547025544377826431572499e-01, 5.41176459987134336824534528513597203886e+00, 1.11307965546963310847272792856789287552e+00, -1.5231359390616569e+00, 1.1731424448829665e+00
0.96200000, 2.53874447596850973557786605718069399239e+00, -1.16219538301508064813023605091529209297e+00, 3.95048319507871066590079207083899777025e+01, 5.71697911692848341431793319368944318305e-01, 5.41091217345151750676482119298177208202e+00, 1.11290329461918402846752390965226716718e+00, -1.5284728221619264e+00, 1.1632999571151997e+00
0.96300000, 2.53913154242020503983717365389452568459e+00, -1.16142295942986167919076712762862232836e+00, 3.95034373984378560707695731367769547162e+01, 5.72589142958945736758218321304817001761e-01, 5.41005792513197131121967360521734588608e+00, 1.11272377389734223877173034625334129238e+00, -1.5337301795592602e+00, 1.1533966942845356e+00
0.96400000, 2.53951719115957905108685876787879408453e+00, -1.16064740632479657379736246461194967701e+00, 3.95020403559955414556566999569968821015e+01, 5.73478385461030742430659683847679919325e-01, 5.40920186952077132481391368124915451043e+00, 1.11254106424559563115599605746035636955e+00, -1.5389069572519121e+00, 1.1434334398292930e+00
0.96500000, 2.53990139150082600108309943642253726594e+00, -1.15986871989046770371543538757305853587e+00, 3.95006408378367170193211679441545408402e+01, 5.74365616121305412171644793980062083115e-01, 5.40834402170045322465136966360156134627e+00, 1.11235513654019866636366110483173399073e+00, -1.5440021080792340e+00, 1.1334109993031197e+00
0.96600000, 2.54028411245507890575174486819948329957e+00, -1.15908689666404727761268028983123846331e+00, 3.94992388587171991849672520286186634456e+01, 5.75250811891235558376090844910564435574e-01, 5.40748439723473946410432781256931709491e+00, 1.11216596159963607988698647036912563707e+00, -1.5490145922435317e+00, 1.1233302004147464e+00
0.96700000, 2.54066532273291909074161833858010729069e+00, -1.15830193353870539013979535023856954382e+00, 3.94978344337755735980633084384646119658e+01, 5.76133949758497804011136578810013823826e-01, 5.40662301217518873921048573590589451844e+00, 1.11197351019235165747537604097074207925e+00, -1.5539433778386061e+00, 1.1131918930546342e+00
0.96800000, 2.54104499074713935291536100511505480857e+00, -1.15751382777310224583762258668470946860e+00, 3.94964275785365936866550955784052242123e+01, 5.77015006754105261323128847954115500896e-01, 5.40575988306776857203072185221427246598e+00, 1.11177775304474498300730055811065029113e+00, -1.5587874413846596e+00, 1.1029969493081295e+00
0.96900000, 2.54142308461576775094787188564800624180e+00, -1.15672257700095887023542919734313550004e+00, 3.94950183089144638317553079074264908190e+01, 5.77893959959711904435234595578316930678e-01, 5.40489502695934202247895621925900731023e+00, 1.11157866084943882929110852681657303164e+00, -1.5635457683692247e+00, 1.0927462634547471e+00
0.97000000, 2.54179957216535897150443966986466011346e+00, -1.15592817924070026349826819672554263546e+00, 3.94936066412160000572870355777739300346e+01, 5.78770786515095469632242355713152188589e-01, 5.40402846140405926112605560730162854106e+00, 1.11137620427381961374354388253638012173e+00, -1.5682173537937554e+00, 1.0824407519532082e+00
0.97100000, 2.54217442093456015555006493334832481583e+00, -1.15513063290516458840323163265205825557e+00, 3.94921925921436610098621591657885302324e+01, 5.79645463625818472697445888726216586596e-01, 5.40316020446964445968567510676744545278e+00, 1.11117035396885307540247660937843416812e+00, -1.5728012027255005e+00, 1.0720813534118676e+00
0.97200000, 2.54254759817795799150652484022396966007e+00, -1.15432993681137161479068119294534652848e+00, 3.94907761787984418659294689485288193799e+01, 5.80517968571066677062609876431782395763e-01, 5.40229027474356818415373566481057239598e+00, 1.11096108057817704706701451674901008051e+00, -1.5772963308542574e+00, 1.0616690285441751e+00
0.97300000, 2.54291907087021378753932729959482986928e+00, -1.15352609019034326751246531170059538338e+00, 3.94893574186826236782015822105533542121e+01, 5.81388278711664079760470653963159361771e-01, 5.40141869133909520877624218795477239218e+00, 1.11074835474747289626288966945032431249e+00, -1.5817017650535886e+00, 1.0512047601088224e+00
0.97400000, 2.54328880571049312354730555532416542170e+00, -1.15271909269696874490061256897306966351e+00, 3.94879363297023705554530315138426746416e+01, 5.82256371498263204268683497706038773299e-01, 5.40054547390119740808167120798591666209e+00, 1.11053214713411689098025428163002016097e+00, -1.5860165439460595e+00, 1.0406895528342414e+00
0.97500000, 2.54365676912719655378040115796772094302e+00, -1.15190894441990629057455780582306286282e+00, 3.94865129301701669604798542425414510939e+01, 5.83122224479709200379407520286394263178e-01, 5.39967064261232113009055822435507469774e+00, 1.11031242841711241054185587525928833771e+00, -1.5902397184720387e+00, 1.0301244333271302e+00
0.97600000, 2.54402292728299768277937241997211701422e+00, -1.15109564589151331371258172300224410242e+00, 3.94850872388070873109448717547076541080e+01, 5.83985815311575951332836076027784596647e-01, 5.39879421819799820749840183557576194147e+00, 1.11008916930730356839299816249099346014e+00, -1.5943703524615841e+00, 1.0195104499646939e+00
0.97700000, 2.54438724608019476988741559454919454251e+00, -1.15027919809779616250687818774615474195e+00, 3.94836592747448899777377420461249209841e+01, 5.84847121764872077769167037484607556706e-01, 5.39791622193228952614520793953886250526e+00, 1.10986234055787044196900793345811932620e+00, -1.5984075232089151e+00, 1.0088486727703070e+00
0.97800000, 2.54474969116638183032373758615213315893e+00, -1.14945960248837046322807921099061734010e+00, 3.94822290575279276961019490192651525438e+01, 5.85706121734914406777183969599377588305e-01, 5.39703667564304984249530032571971480569e+00, 1.10963191297510571505001584677116097706e+00, -1.6023503220489566e+00, 9.9814019327231229e-01
0.97900000, 2.54511022794044499315552568462325913210e+00, -1.14863686098642254402449099297874205385e+00, 3.94807966071148663368792423281141846884e+01, 5.86562793250366142688311102704319294292e-01, 5.39615560171700232524460439127178335084e+00, 1.10939785742947213016959179734547561809e+00, -1.6061978549354201e+00, 9.8738612434569436e-01
0.98000000, 2.54546882155888964791075987168045649118e+00, -1.14781097599866206920780557984918729935e+00, 3.94793619438802039295604430236247409923e+01, 5.87417114482436634568187041149787006228e-01, 5.39527302310461109166823959413092885015e+00, 1.10916014486693972277333538132021775197e+00, -1.6099492430198702e+00, 9.7658760003637780e-01
0.98100000, 2.54582543694250366152781915104439237957e+00, -1.14698195042525561731824411794270478518e+00, 3.94779250886155817861800143019385784554e+01, 5.88269063754239283926659403235141648465e-01, 5.39438896332473981806380501742274681799e+00, 1.10891874632060136505670031185100300494e+00, -1.6136036232312058e+00, 9.6574577536792233e-01
0.98200000, 2.54618003878336167536552680920137652420e+00, -1.14614978766973054575856225965903269296e+00, 3.94764860625308795462230273215569877735e+01, 5.89118619550303775384189528908393323243e-01, 5.39350344646908432680340782980415400490e+00, 1.10867363292256468594277132428653236840e+00, -1.6171601488549717e+00, 9.5486182613040494e-01
0.98300000, 2.54653259155217519766879726183283529054e+00, -1.14531449164883809733094080398649813898e+00, 3.94750448872550859483996173539075941909e+01, 5.89965760526238443331439274983348807050e-01, 5.39261649720636689126872384459635855404e+00, 1.10842477591611795475207092914778493277e+00, -1.6206179901118973e+00, 9.4393694865130033e-01
0.98400000, 2.54688305950599288981724131271017641837e+00, -1.14447606680236432074749294204341297021e+00, 3.94736015848369371361530484016032768579e+01, 5.90810465518538209485077862782156971655e-01, 5.39172814078627985551355236037487615807e+00, 1.10817214666816702009948657680559974794e+00, -1.6239763347350457e+00, 9.3297235954819278e-01
0.98500000, 2.54723140669625510454534181834109243070e+00, -1.14363451810287699930773012062595004571e+00, 3.94721561777453143208660744597509566524e+01, 5.91652713554533140215962586861146006617e-01, 5.39083840304316603909604149566118181602e+00, 1.10791571668193988283282718585618894023e+00, -1.6272343885449400e+00, 9.2196929546317541e-01
0.98600000, 2.54757759697720637083739913536718880746e+00, -1.14278985106539641068672430646710988632e+00, 3.94707086888693926606697169168699260469e+01, 5.92492483862472279199851012534680166409e-01, 5.38994731039942329037592005101249073606e+00, 1.10765545760995495288389705578076170983e+00, -1.6303913760220231e+00, 9.1092901277881650e-01
0.98700000, 2.54792159401466913315289342063525639520e+00, -1.14194207175697737744384083588677674312e+00, 3.94692591415185332642789990889881090788e+01, 5.93329755881737010965310262638630627108e-01, 5.38905488986862046491363369020111031100e+00, 1.10739134126724849529529005844181248993e+00, -1.6334465408757912e+00, 8.9985278731559752e-01
0.98800000, 2.54826336129518164187736727714267936114e+00, -1.14109118680618971377545591876708277126e+00, 3.94678075594219102991048648119434888908e+01, 5.94164509273177804994400198935417289013e-01, 5.38816116905831204067171668137506197371e+00, 1.10712333964485621105416711237750203772e+00, -1.6363991466099310e+00, 8.8874191401075324e-01
0.98900000, 2.54860286213550245733849851882187481296e+00, -1.14023720341248383056866932884166912783e+00, 3.94663539667278652717230583168166963217e+01, 5.94996723929567778931689095990826710870e-01, 5.38726617617253853973319445909167269774e+00, 1.10685142492354332443091684811235092944e+00, -1.6392484770827813e+00, 8.7759770657847113e-01
0.99000000, 2.54894005969248357136803826036038818385e+00, -1.13938012935542792937724217415099126593e+00, 3.94648983880029806572971239941379133502e+01, 5.95826379986166103995897184626374479250e-01, 5.38636994001399990843705117033145681918e+00, 1.10657556948777696109360068789843425857e+00, -1.6419938370624281e+00, 8.6642149715143457e-01
0.99100000, 2.54927491697331366829648289993897187168e+00, -1.13851997300380289798086800091992352553e+00, 3.94634408482308651834031452088653776301e+01, 5.96653457831383856742651932879833556631e-01, 5.38547248998588901539176673697351559985e+00, 1.10629574593993400124284567639436221058e+00, -1.6446345527757339e+00, 8.5521463590372310e-01
0.99200000, 2.54960739684613254158897667827312159985e+00, -1.13765674332454071718011424432224900909e+00, 3.94619813728106432235047130364911812815e+01, 5.97477938117544499829913557617052443599e-01, 5.38457385609337246094916818413384276362e+00, 1.10601192711473698036872055720879341951e+00, -1.6471699724505983e+00, 8.4397849065511181e-01
0.99300000, 2.54993746205101715330368529005655488483e+00, -1.13679044989149190192410885483362848166e+00, 3.94605199875551409266570209969473864671e+01, 5.98299801771730751379201790669153074427e-01, 5.38367406894470595356059703985215966798e+00, 1.10572408609390998804242305304121450062e+00, -1.6495994668507371e+00, 8.3271444645684197e-01
0.99400000, 2.55026507521133927150261816624825137126e+00, -1.13592110289400723129035774299678415606e+00, 3.94590567186887619034164615567087978763e+01, 5.99119030006709178950753359617065527478e-01, 5.38277315975197159912152537488145437120e+00, 1.10543219622104588358223554766169050356e+00, -1.6519224298022650e+00, 8.2142390515896553e-01
0.99500000, 2.55059019884549404608723940994455359833e+00, -1.13504871314531877277699791350516367572e+00, 3.94575915928450455038881835326707275024e+01, 5.99935604331923431158232209501944590313e-01, 5.38187116033142457002641973152881944249e+00, 1.10513623111667550772595084051553125678e+00, -1.6541382787113647e+00, 8.1010828495939690e-01
0.99600000, 2.55091279537899828678090071189398134652e+00, -1.13417329209070497838002459120127892779e+00, 3.94561246370639009627998059192284775656e+01, 6.00749506564546598690305732347431290240e-01, 5.38096810310343677224483438675314593526e+00, 1.10483616469352892294131038164754734942e+00, -1.6562464550723232e+00, 7.9876901993483728e-01
0.99700000, 2.55123282715695658874998231369648660393e+00, -1.13329485181542442457029331203032317313e+00, 3.94546558787885109488309597947018796172e+01, 6.01560718840582778184787504813558777359e-01, 5.38006402109202531228256375626605836514e+00, 1.10453197117197806314151869402960906906e+00, -1.6582464249652153e+00, 7.8740755955376851e-01
0.99800000, 2.55155025645689281236033567011277952846e+00, -1.13241340505240258711610301948368380426e+00, 3.94531853458618983414821966908474325298e+01, 6.02369223626007498267226868132951652236e-01, 5.37915894792395378233974292153418663254e+00, 1.10422362509564951786222439986131188669e+00, -1.6601376795425182e+00, 7.7602536817174576e-01
0.99900000, 2.55186504550194376462415263862631695061e+00, -1.13152896518965588626927678179257769194e+00, 3.94517130665231503687958362618423352093e+01, 6.03175003727936258416941915994403732224e-01, 5.37825291782739463218711642901096623764e+00, 1.10391110134719551800360767070289252645e+00, -1.6619197355039435e+00, 7.6462392450925088e-01
0.99930000, 2.55195896171284048767206510781561535060e+00, -1.13126305165945277623557744686298336650e+00, 3.94512710464413196284230191777934165648e+01, 6.03416203918158638940323283036490361924e-01, 5.37798092738847587314677393234616222421e+00, 1.10381652586505253619444683331342991922e+00, -1.6624329895090156e+00, 7.6119995999926289e-01
0.99960000, 2.55205263587575163365881958983581883651e+00, -1.13099687040128872999766360542511017832e+00, 3.94508288725364109649413973975956177114e+01, 6.03657156920350951243987617162330692336e-01, 5.37770885490726697806510628227313478572e+00, 1.10372157149909676530152833565460329067e+00, -1.6629363624166940e+00, 7.5777443755770619e-01
0.99990000, 2.55214606696885582804014611164506577281e+00, -1.13073042181165825089070254303320383708e+00, 3.94503865455914183599158724800574177130e+01, 6.03897862289100764496705245543886101512e-01, 5.37743670133945086205918180847870790895e+00, 1.10362623759019919408750510507465804442e+00, -1.6634298425571742e+00, 7.5434739782580894e-01
0.99993000, 2.55215539666998209151728944911120045427e+00, -1.13070376226489217968684557239014877078e+00, 3.94503423045099527807262352426271072681e+01, 6.03921919189077362556089428626503997055e-01, 5.37740948155984369368430652519080089667e+00, 1.10361668329916295949698165431070488312e+00, -1.6634786460261919e+00, 7.5400461196947035e-01
0.99996000, 2.55216472392916862758817587340257296836e+00, -1.13067710004923134920920187666770235162e+00, 3.94502980619067327185206709381987185326e+01, 6.03945973607852147551966457832033054705e-01, 5.37738226097993473334722986290392378915e+00, 1.10360712520547993624351976061321173888e+00, -1.6635273504414908e+00, 7.5366181138840588e-01
0.99999000, 2.55217404874539338236375009250549096048e+00, -1.13065043516508125642994377577872941317e+00, 3.94502538177825463033577231657780283334e+01, 6.03970025544984666398048057031622768486e-01, 5.37735503960068762494660331184069786682e+00, 1.10359756330849609908404297219723921423e+00, -1.6635759557917586e+00, 7.5331899612342902e-01
0.99999300, 2.55217498109261361047180999826409313874e+00, -1.13064776852991496568197653852414660237e+00, 3.94502493932865048646904628736736878629e+01, 6.03972430602190645244313430777415941526e-01, 5.37735231741883643063003813644382845475e+00, 1.10359660690959099997018233663132793422e+00, -1.6635808108777738e+00, 7.5328471379088778e-01
0.99999600, 2.55217591341539297805833965608496716475e+00, -1.13064510186806824864520197665728924215e+00, 3.94502449687752624352505811378547340527e+01, 6.03974835634575359696251559351451966276e-01, 5.37734959522900246008335371555941654924e+00, 1.10359565047264570179693784913153404479e+00, -1.6635856649730145e+00, 7.5325043131195647e-01
0.99999900, 2.55217684571373046305180767512980684917e+00, -1.13064243517954151171936343636501324928e+00, 3.94502405442488198036798163332109334682e+01, 6.03977240642138369801082345026466294525e-01, 5.37734687303118667774543361337441963842e+00, 1.10359469399765955105577611755331715456e+00, -1.6635905180774694e+00, 7.5321614868667593e-01
