0.00000000, 3.38598806186087321087612938560557597219e-01, -2.39121610827169361569492005934346742758e+00, 4.00000000000000000000000000000000000000e+00, 0.00000000000000000000000000000000000000e+00, 4.52245222884727609000282545969765377707e+00, 2.99946255932551586891529120813520421184e-01, -1.4243357493077923e+00, 1.3701175685689879e+00
0.00100000, 3.38965372703365648835547810659183293374e-01, -2.39069234523799150936700742439871127936e+00, 3.99954907593599271616957574032161921133e+00, 3.18788768953042046266225110645148642245e-03, 4.52190504365174502234153086505731288099e+00, 3.00576332381813911075105014250971191574e-01, -1.4299243065016899e+00, 1.3731043170713100e+00
0.00200000, 3.39332946438757449196854106229701506529e-01, -2.39016805878603370282052570931460625984e+00, 3.99909922935106106926255681146686094836e+00, 6.37497372774040896970353833135479369311e-03, 4.52135762415364479869196858292026581345e+00, 3.01207349861965124693181087477976554983e-01, -1.4355388099393152e+00, 1.3760885595763474e+00
0.00300000, 3.39701528052915791814873456684418678394e-01, -2.38964325067864748472698323713297885625e+00, 3.99865045342423946494319704737320001890e+00, 9.56125701677226488467634001516818744195e-03, 4.52080997156322280463236135325712948908e+00, 3.01839306425043327317777092816510257007e-01, -1.4411794168875640e+00, 1.3790701907566300e+00
0.00400000, 3.40071118187379025838589504082854411276e-01, -2.38911792267284682823271836043444950003e+00, 3.99820274132554671051968858520425014972e+00, 1.27467364782439523579442042873191679358e-02, 4.52026208706710507840869543365761892610e+00, 3.02472200117759873734893888534513432935e-01, -1.4468462855431337e+00, 1.3820491044422577e+00
0.00500000, 3.40441717464630733560458877205648503766e-01, -2.38859207651960786160471029704627981462e+00, 3.99775608621614355799465818166646072891e+00, 1.59314110532126579139647305505789442771e-02, 4.51971397182832153178529981950185883239e+00, 3.03106028981667617427147781630061781373e-01, -1.4525395750329546e+00, 1.3850251936140765e+00
0.00600000, 3.40813326488162443222209320690428306810e-01, -2.38806571396364532755121633708738682893e+00, 3.99731048124848956301648380755584816489e+00, 1.91152797021359981232595378028769242193e-02, 4.51916562698633191470743939518266096572e+00, 3.03740791053327594601336795016744125288e-01, -1.4582594454145758e+00, 1.3879983503967313e+00
0.00700000, 3.41185945842539079122011838295829993270e-01, -2.38753883674319007275771956126874172675e+00, 3.99686591956649922563668024624153335128e+00, 2.22983414048308892019501912079035258567e-02, 4.51861705365705249570756831607124571647e+00, 3.04376484364474169088995915829802251818e-01, -1.4640060576765066e+00, 1.3909684660515917e+00
0.00800000, 3.41559576093467126422244683022386773811e-01, -2.38701144658976760866463260515817197541e+00, 3.99642239430569737907447807993900744087e+00, 2.54805951604300909552664521908793298765e-02, 4.51806825293288343101193471236176738632e+00, 3.05013106942178658587948000412483408186e-01, -1.4697795737385125e+00, 1.3939354309695526e+00
0.00900000, 3.41934217787865487336020318626111301531e-01, -2.38648354522797778398476075009291094292e+00, 3.99597989859337379299689601099658833325e+00, 2.86620399873364380470672125264956495336e-02, 4.51751922588273679631452475601965654809e+00, 3.05650656809011462822033808589855491332e-01, -1.4755801564518679e+00, 1.3968991346637053e+00
0.01000000, 3.42309871453939004663048396951948187809e-01, -2.38595513437527560891605021081433045407e+00, 3.99553842554873695814085802959981928877e+00, 3.18426749231747721349100211912765229335e-02, 4.51696997355206525618020536324199536456e+00, 3.06289131983202714275555549387070278595e-01, -1.4814079695995648e+00, 1.3998594657618797e+00
0.01100000, 3.42686537601254627951553442453334878243e-01, -2.38542621574175327044901030013730492001e+00, 3.99509796828306701943300491025160078216e+00, 3.50224990247415889593240518340263831528e-02, 4.51642049696289134701773354230858666380e+00, 3.06928530478801472209446178721860046744e-01, -1.4872631778964780e+00, 1.4028163119990564e+00
0.01200000, 3.43064216720820196883139042495970977795e-01, -2.38489679102992337759878307817245332329e+00, 3.99465851989986782510255884138004967274e+00, 3.82015113679524150164525503066803343582e-02, 4.51587079711383735052545046074799166979e+00, 3.07568850305833480688738763313429795374e-01, -1.4931459469894880e+00, 1.4057695602096455e+00
0.01300000, 3.43442909285165815811963133145218558473e-01, -2.38436686193450347480952918278720994215e+00, 3.99422007349501805963268037933514382995e+00, 4.13797110477869289749102617400059941460e-02, 4.51532087498015573545741356180909101142e+00, 3.08210089470457511346516783701354149963e-01, -1.4990564434575606e+00, 1.4087190963196335e+00
0.01400000, 3.43822615748427792738622027904581372729e-01, -2.38383643014220186118399761033337480203e+00, 3.99378262215692142875596308769346039938e+00, 4.45570971782318435203323573255024878777e-02, 4.51477073151376014648492382917701614229e+00, 3.08852245975120311579139183816742929678e-01, -1.5049948348117853e+00, 1.4116648053385948e+00
0.01500000, 3.44203336546435115362982985081694321443e-01, -2.38330549733150475258424949359369624797e+00, 3.99334615896665586506979313410686437003e+00, 4.77336688922215638244646445243891068410e-02, 4.51422036764325691983739972988426791872e+00, 3.09495317818710178812115461533418256438e-01, -1.5109612894953714e+00, 1.4146065713515676e+00
0.01600000, 3.44585072096798436239093307493429731178e-01, -2.38277406517246482303091565409849848409e+00, 3.99291067699812172322700420945856561650e+00, 5.09094253415766393395585287738417585345e-02, 4.51366978427397710629689477391592774612e+00, 3.10139302996709181396517306793378005326e-01, -1.5169559768836036e+00, 1.4175442775107938e+00
0.01700000, 3.44967822799001538449453218582837562230e-01, -2.38224213532649116119849378106366063312e+00, 3.99247616931818893404632356974512968192e+00, 5.40843656969400261130940707806390618556e-02, 4.51311898228800898299184980227662517790e+00, 3.10784199501344046593213157571607786574e-01, -1.5229790672837560e+00, 1.4204778060273194e+00
0.01800000, 3.45351589034495252625583027669217185749e-01, -2.38170970944614067716344666846359540451e+00, 3.99204262898684308728526990773526815073e+00, 5.72584891477111773022740040479446928238e-02, 4.51256796254423103628754858739190896894e+00, 3.11430005321735735977456043400626320752e-01, -1.5290307319349663e+00, 1.4234070381624565e+00
0.01900000, 3.45736371166793795567143246559626060314e-01, -2.38117678917491099391066507126120700512e+00, 3.99161004905733041322516147796379944090e+00, 6.04317949019779800421319579101770149841e-02, 4.51201672587834539890287662902639567370e+00, 3.12076718444047728450394115192170119568e-01, -1.5351111430080696e+00, 1.4263318542191045e+00
0.02000000, 3.46122169541573500153068055183234658283e-01, -2.38064337614703485744262797462413613072e+00, 3.99117842257630163363345322131149511041e+00, 6.36042821864465572853084226303205701231e-02, 4.51146527310291172519507389972358816673e+00, 3.12724336851633030877852520714963205120e-01, -1.5412204736053929e+00, 1.4292521335329298e+00
0.02100000, 3.46508984486773905695424341382798283838e-01, -2.38010947198727609866475308663427716288e+00, 3.99074774258395465309247106532955925258e+00, 6.67759502463689536854051447068058477554e-02, 4.51091360500738148934596289462134259941e+00, 3.13372858525179936191193233600252871492e-01, -1.5473588977605103e+00, 1.4321677544634025e+00
0.02200000, 3.46896816312701177360174737786762709709e-01, -2.37957507831072717954040759503285175907e+00, 3.99031800211417606211547356730568767835e+00, 6.99467983454687250391775569430864410661e-02, 4.51036172235813269195439742110418086622e+00, 3.14022281442856548581126783766414063683e-01, -1.5535265904379590e+00, 1.4350785943846892e+00
0.02300000, 3.47285665312133822768855680804864346503e-01, -2.37904019672260835532027247302297295447e+00, 3.98988919419468142391056627355512292579e+00, 7.31168257658644512355184358702643643267e-02, 4.50980962589850496129022162294157335923e+00, 3.14672603580454095193948559635745671076e-01, -1.5597237275329172e+00, 1.4379845296764008e+00
0.02400000, 3.47675531760430673401520308895172894211e-01, -2.37850482881806848395365367516169331576e+00, 3.98946131184715431710004069466452497890e+00, 7.62860318079911930810851871711127451294e-02, 4.50925731634883503619469116004044991635e+00, 3.15323822911529043501714822434907595915e-01, -1.5659504858708440e+00, 1.4408854357141941e+00
0.02500000, 3.48066415915641097944268544732660919386e-01, -2.37796897618198751308434285153808961036e+00, 3.98903434808738410715692344408895579981e+00, 7.94544157905199137833970088703652901098e-02, 4.50870479440649261832095866303759339168e+00, 3.15975937407544043264261662238686017728e-01, -1.5722070432070810e+00, 1.4437811868602258e+00
0.02600000, 3.48458318018617414264408294021289036788e-01, -2.37743264038878067432118239800668777789e+00, 3.98860829592540241978161560350055925265e+00, 8.26219770502748862721537888784999388718e-02, 4.50815206074591658209576308422933684872e+00, 3.16628945038007711732594392252732061255e-01, -1.5784935782264174e+00, 1.4466716564534586e+00
0.02700000, 3.48851238293129466252865479533790686190e-01, -2.37689582300220441375401930715925944083e+00, 3.98818314836561828990918970162381636161e+00, 8.57887149421491079282911851792393177222e-02, 4.50759911601865153144981613495849466220e+00, 3.17282843770613280460913790607969621183e-01, -1.5848102705426167e+00, 1.4495567167998177e+00
0.02800000, 3.49245176945981331346977605145746450503e-01, -2.37635852557516408695967446298753801993e+00, 3.98775889840695196051190220092623538084e+00, 8.89546288390177446677792581930195225523e-02, 4.50704596085338469300950571835485889713e+00, 3.17937631571376121799264806004145692045e-01, -1.5911573006979082e+00, 1.4524362391621962e+00
0.02900000, 3.49640134167130124137344614410268291123e-01, -2.37582074964952344601034396405346979749e+00, 3.98733553904296730584148213788261214493e+00, 9.21197181316496266932967368573649370441e-02, 4.50649259585598313606642062508493390554e+00, 3.18593306404770172831344986920896963858e-01, -1.5975348501624410e+00, 1.4553100937503099e+00
0.03000000, 3.50036110129806861070038851902954518955e-01, -2.37528249675591594525892179916089623267e+00, 3.98691306326200285424147954239601679899e+00, 9.52839822286168185815790718531169147564e-02, 4.50593902160953131024385373287287515709e+00, 3.19249866233863274203231967092721021675e-01, -1.6039431013337022e+00, 1.4581781497103983e+00
0.03100000, 3.50433104990639350880247887950812207713e-01, -2.37474376841355789193252321894575805050e+00, 3.98649146404730138615110762160464515812e+00, 9.84474205562022867173635218262407435198e-02, 4.50538523867436889236089907118256574567e+00, 3.19907309020451440959505087708439145697e-01, -1.6103822375358995e+00, 1.4610402751147733e+00
0.03200000, 3.50831118889777075035382905976256699868e-01, -2.37420456613006346681742903118288685284e+00, 3.98607073437713808341829698944834862720e+00, 1.01610032558305687416364359716827768161e-01, 4.50483124758812893455508254422401360321e+00, 3.20565632725192082164253599459982837646e-01, -1.6168524430193080e+00, 1.4638963369512116e+00
0.03300000, 3.51230151951018022124862595606453662542e-01, -2.37366489140126163956619514117447775063e+00, 3.98565086722494720654080465483098597703e+00, 1.04771817696347299399539641072618175226e-01, 4.50427704886577630626374171297331793936e+00, 3.21224835307736185736574984780479562965e-01, -1.6233539029595820e+00, 1.4667462011121931e+00
0.03400000, 3.51630204281937439810197713619899198679e-01, -2.37312474571101500240120972832146767420e+00, 3.98523185555944727695989112298642689235e+00, 1.07932775449170124588999606930721717246e-01, 4.50372264299964642318270445667071360405e+00, 3.21884914726859484574147596968423850929e-01, -1.6298868034570315e+00, 1.4695897323839811e+00
0.03500000, 3.52031275974018467642662808183670795393e-01, -2.37258413053104054522896135467826084728e+00, 3.98481369234476474204100199916462680962e+00, 1.11092905312940181492205414992054974013e-01, 4.50316803045948425681833904735724764458e+00, 3.22545868940592619675071123277031841189e-01, -1.6364513315358644e+00, 1.4724267944355456e+00
0.03600000, 3.52433367102784613766745787763763084691e-01, -2.37204304732073239441613166673632214730e+00, 3.98439637054055610088977242909373082093e+00, 1.14252206801045015725573118235426025363e-01, 4.50261321169248361872590957889233892036e+00, 3.23207695906350315598148313062846905606e-01, -1.6430476751433934e+00, 1.4752572498073279e+00
0.03700000, 3.52836477727934038255698529619815145303e-01, -2.37150149752698653671277025223520538875e+00, 3.98397988310212846966922064558681545372e+00, 1.17410679443990452501197093489308839468e-01, 4.50205818712332671398354119665888593016e+00, 3.23870393581059583225856456670501375388e-01, -1.6496760231492098e+00, 1.4780809598998453e+00
0.03800000, 3.53240607893475605570846923441901793654e-01, -2.37095948258402754903966786068297205750e+00, 3.98356422298055856560491867606154494909e+00, 1.20568322789295616161112691087724445434e-01, 4.50150295715422395888716866442721503435e+00, 3.24533959921286964413133939994538440921e-01, -1.6563365653443217e+00, 1.4808977849621354e+00
0.03900000, 3.53645757627866668398820033795123307134e-01, -2.37041700391323735408703563279998482587e+00, 3.98314938312281008938893276257785126063e+00, 1.23725136401386242092310658798574810677e-01, 4.50094752216495405826781714845762046634e+00, 3.25198392883364832719474431038238979046e-01, -1.6630294924402597e+00, 1.4837075840800385e+00
0.04000000, 3.54051926944152544900478046690185483201e-01, -2.36987406292298602090013678813598778173e+00, 3.98273535647184948622012332927142008144e+00, 1.26881119861486306592584438859764264216e-01, 4.50039188251290433822867064357490274733e+00, 3.25863690423516764032349140499249631592e-01, -1.6697549960681477e+00, 1.4865102151643179e+00
0.04100000, 3.54459115840107651201999325760474180750e-01, -2.36933066100846462885501421392574009401e+00, 3.98232213596676006624769590079162147347e+00, 1.30036272767508000482231833087795852683e-01, 4.49983603853311133047586254881320889910e+00, 3.26529850497981990497317851238417133342e-01, -1.6765132687777408e+00, 1.4893055349386166e+00
0.04200000, 3.54867324298378250772259787099491692735e-01, -2.36878679955152021265431936608759918436e+00, 3.98190971454285446571641335834896751198e+00, 1.33190594733940072469648310199140891230e-01, 4.49927999053830160477403136750966725045e+00, 3.27196871063138950774975013895648023057e-01, -1.6833045040364295e+00, 1.4920933989272496e+00
0.04300000, 3.55276552286626782161224202266371857233e-01, -2.36824247992049280519987730676825028464e+00, 3.98149808513178543064533127721117763993e+00, 1.36344085391734568479951273080000144270e-01, 4.49872373881893284639569384413612050645e+00, 3.27864750075627949247722261454180701958e-01, -1.6901288962282101e+00, 1.4948736614428307e+00
0.04400000, 3.55686799757677726421480194217284663136e-01, -2.36769770347005459442541745451444814209e+00, 3.98108724066165490540701880893303270259e+00, 1.39496744388191993344981039519670831319e-01, 4.49816728364323517575268332517646728889e+00, 3.28533485492472936400858311532533040434e-01, -1.6969866406526228e+00, 1.4976461755737336e+00
0.04500000, 3.56098066649664975399182986114509669756e-01, -2.36715247154105120940025276815312285053e+00, 3.98067717405712140911069686138612934837e+00, 1.42648571386844921430360384262942827709e-01, 4.49761062525725270769858094806929827596e+00, 3.29203075271202422203207425577109128820e-01, -1.7038779335236554e+00, 1.5004107931713856e+00
0.04600000, 3.56510352886180661961434139833640175782e-01, -2.36660678546034515024298959171086605647e+00, 3.98026787823950568323028480535229258852e+00, 1.45799566067340082940792535189835579850e-01, 4.49705376388488534827354172955123091012e+00, 3.29873517369969533913025261667280135175e-01, -1.7108029719686146e+00, 1.5031673648373932e+00
0.04700000, 3.56923658376425413124372893419300354813e-01, -2.36606064654066137561397889463761683442e+00, 3.97985934612689459445672080344273909769e+00, 1.48949728125318952798476711839126026563e-01, 4.49649669972793082692750833867932738266e+00, 3.30544809747671229335763804034605190375e-01, -1.7177619540269639e+00, 1.5059157399104988e+00
0.04800000, 3.57337983015359986959887382219714630630e-01, -2.36551405608043506078655422759375826887e+00, 3.97945157063424327729283608784046734676e+00, 1.52099057272296869131466625364648298895e-01, 4.49593943296612696250484438054887678712e+00, 3.31216950364066676161963615627647622074e-01, -1.7247550786491287e+00, 1.5086557664533682e+00
0.04900000, 3.57753326683858254088719135023429789633e-01, -2.36496701536366153853051367269641401794e+00, 3.97904454467347550144825001936646024083e+00, 1.55247553235540708539043468376354292451e-01, 4.49538196375719416150324816094507380094e+00, 3.31889937179894807616571327734272633152e-01, -1.7317825456952675e+00, 1.5113872912392066e+00
0.05000000, 3.58169689248861484513693155011755889264e-01, -2.36441952565974843427715769239071452723e+00, 3.97863826115358224963094355899280943085e+00, 1.58395215757945145419779980554547797309e-01, 4.49482429223687814733277785137030298124e+00, 3.32563768156991064255833338358894576431e-01, -1.7388445559340108e+00, 1.5141101597382037e+00
0.05100000, 3.58587070563533900508704496205451678868e-01, -2.36387158822337000627385116165741319395e+00, 3.97823271298071849187110015865395129179e+00, 1.61542044597907522755001742021809421331e-01, 4.49426641851899291949728859908001610342e+00, 3.33238441258403331355054394500956089236e-01, -1.7459413110411660e+00, 1.5168242161038062e+00
0.05200000, 3.59005470467419456256769130939889147880e-01, -2.36332320429432370067788869074333920061e+00, 3.97782789305829814305121473847246532753e+00, 1.64688039529201361835877733374053309190e-01, 4.49370834269546394180091773004212906984e+00, 3.33913954448507080940374403811924916793e-01, -1.7530730135983899e+00, 1.5195293031588169e+00
0.05300000, 3.59424888786599804923732651073182044990e-01, -2.36277437509738893078475370721977618605e+00, 3.97742379428708719085410664292365805842e+00, 1.67833200340848538506472329662115222911e-01, 4.49315006483637155884682878618848704697e+00, 3.34590305693119727130731961822649271195e-01, -1.7602398670918265e+00, 1.5222252623813200e+00
0.05400000, 3.59845325333853413862947759491309895408e-01, -2.36222510184218808883501299650160060316e+00, 3.97702040956529498187707825736629326251e+00, 1.70977526836990153567849148102758192937e-01, 4.49259158498999464024461774056530246444e+00, 3.35267492959614203072753515775577341887e-01, -1.7674420759107128e+00, 1.5249119338904314e+00
0.05500000, 3.60266779908815788670195872218370491885e-01, -2.36167538572304979809741189199054472130e+00, 3.97661773178866365419578817372216852163e+00, 1.74121018836756125049823240746692616126e-01, 4.49203290318285445207697968471040857512e+00, 3.35945514217031767371819116739728356563e-01, -1.7746798453459496e+00, 1.5275891564318729e+00
0.05600000, 3.60689252298140766847147482934531043366e-01, -2.36112522791887441218355635655081764755e+00, 3.97621575385055570519521126454036927466e+00, 1.77263676174133530107307368117471806128e-01, 4.49147401941975875529582057540994114505e+00, 3.36624367436194047547377294235833351985e-01, -1.7819533815886389e+00, 1.5302567673633697e+00
0.05700000, 3.61112742275662841885531252072485186128e-01, -2.36057462959300176781220485643327440328e+00, 3.97581446864203968401709671983457038024e+00, 1.80405498697833724337491366348340632776e-01, 4.49091493368384613082336926183068589863e+00, 3.37304050589814327670062526925851537891e-01, -1.7892628917285877e+00, 1.5329146026398714e+00
0.05800000, 3.61537249602560478652707337270341374586e-01, -2.36002359189308119650895585997317798011e+00, 3.97541386905197399850337222090369738162e+00, 1.83546486271158266342437132934085130570e-01, 4.49035564593663053122539636320437837699e+00, 3.37984561652608086972640943844410402636e-01, -1.7966085837527768e+00, 1.5355624967985931e+00
0.05900000, 3.61962774027520381042304063455339353017e-01, -2.35947211595094380000030914029843753205e+00, 3.97501394796708882704274552370430671241e+00, 1.86686638771863675379176894805051371320e-01, 4.48979615611804605890177777049273354363e+00, 3.38665898601402795866587425005362365861e-01, -1.8039906665437954e+00, 1.5382002829438784e+00
0.06000000, 3.62389315286902672950760203925026970732e-01, -2.35892020288247699333999632644363668118e+00, 3.97461469827206612625309581862394286725e+00, 1.89825956092025049946185600014547257370e-01, 4.48923646414649197080475291399665454405e+00, 3.39348059415246975441476858862373018240e-01, -1.8114093498782406e+00, 1.5408277927318824e+00
0.06100000, 3.62816873104906953751793521411447849585e-01, -2.35836785378750131909040607880145333263e+00, 3.97421611284961772595490290832069614018e+00, 1.92964438137898575151280762569528274156e-01, 4.48867656991887790974772438356517649169e+00, 3.40031042075518526175633422928916101268e-01, -1.8188648444250826e+00, 1.5434448563550733e+00
0.06200000, 3.63245447193739189565759728657450688641e-01, -2.35781506974964953517315175264647210496e+00, 3.97381818458056150341071375026534641448e+00, 1.96102084829782946691710853066166754260e-01, 4.48811647331066936240772996584177705822e+00, 3.40714844566032331243886902895128653095e-01, -1.8263573617439931e+00, 1.5460513025265523e+00
0.06300000, 3.63675037253779401759339183364987671526e-01, -2.35726185183624797830061639452280960410e+00, 3.97342090634389562932227925223900244734e+00, 1.99238896101879739252556855069745872567e-01, 4.48755617417593334415319514247046102781e+00, 3.41399464873147139472080110270782541334e-01, -1.8338871142836393e+00, 1.5486469584641921e+00
0.06400000, 3.64105642973750114262750796259473940603e-01, -2.35670820109820020420492528911918912588e+00, 3.97302427101687087859030023661322465386e+00, 2.02374871902152747094725744043586836494e-01, 4.48699567234738431084564803951874337672e+00, 3.42084900985871732658385882429054031841e-01, -1.8414543153799403e+00, 1.5512316498745904e+00
0.06500000, 3.64537264030885521456498287694890482391e-01, -2.35615411856987290519249582238723876193e+00, 3.97262827147506099935149597496488596757e+00, 2.05510012192186324558898423830742136638e-01, 4.48643496763643029777015369729752291026e+00, 3.42771150895970381658739366525848281320e-01, -1.8490591792542884e+00, 1.5538052009368403e+00
0.06600000, 3.64969900091101338557252950826438879688e-01, -2.35559960526898410487134575101755242641e+00, 3.97223290059243113431375240772112120104e+00, 2.08644316947042754156951122541103716987e-01, 4.48587405983321928584470333079918330502e+00, 3.43458212598067595317968958517526454334e-01, -1.8567019210117316e+00, 1.5563674342861159e+00
0.06700000, 3.65403550809165296622614997851355045895e-01, -2.35504466219649362922494342854341181075e+00, 3.97183815124140428891222593878571721628e+00, 2.11777786155118669857745296695141801932e-01, 4.48531294870668579524407852971913033696e+00, 3.44146084089752166019699614066266932511e-01, -1.8643827566391205e+00, 1.5589181709970710e+00
0.06800000, 3.65838215828868244496913834131309850862e-01, -2.35448929033649585254078820248056403959e+00, 3.97144401629292584130728349514848855770e+00, 2.14910419818000563099927283467837080699e-01, 4.48475163400459770654919978632246327013e+00, 3.44834763371680515326972387940418425313e-01, -1.8721019030032152e+00, 1.5614572305670517e+00
0.06900000, 3.66273894783195820234643867306473306591e-01, -2.35393349065611471604433880042630526943e+00, 3.97105048861652608973886651379622507490e+00, 2.18042217950319398980649339952942259875e-01, 4.48419011545360330949906072941184369001e+00, 3.45524248447679342891926342495182625709e-01, -1.8798595778487553e+00, 1.5639844308991222e+00
0.07000000, 3.66710587294500654764320813968633969031e-01, -2.35337726410540101643957643561451308804e+00, 3.97065756108038083324109704619568649361e+00, 2.21173180579604369976075707698918789645e-01, 4.48362839275927857937943867947445419840e+00, 3.46214537324847581526961318521372957866e-01, -1.8876559997964894e+00, 1.5664995882849007e+00
0.07100000, 3.67148292974675070793214732570271391501e-01, -2.35282061161723196091660356346790553567e+00, 3.97026522655136998220552491892947994362e+00, 2.24303307746135814447331488555983101282e-01, 4.48306646560617468103105024301996123290e+00, 3.46905628013657661051666331316897414131e-01, -1.8954913883411662e+00, 1.5690025173872071e+00
0.07200000, 3.67587011425324240202297985266679972977e-01, -2.35226353410721298455443628300793874957e+00, 3.96987347789513419576117784369379973110e+00, 2.27432599502797327074351946605191101161e-01, 4.48250433365786570040007581106121579005e+00, 3.47597518528056083259568666927750644755e-01, -1.9033659638494839e+00, 1.5714930312225211e+00
0.07300000, 3.68026742237939763440564049716104689129e-01, -2.35170603247358182542373745850031749132e+00, 3.96948230797612954341435887237685466526e+00, 2.30561055914927088240061706117272487179e-01, 4.48194199655699660348639340765632911947e+00, 3.48290206885563310086529869586622567938e-01, -1.9112799475579996e+00, 1.5739709411432477e+00
0.07400000, 3.68467484994073634698349097082226082783e-01, -2.35114810759711485207983948011940670949e+00, 3.96909170965768018886078036942923778876e+00, 2.33688677060168439258626185011467481898e-01, 4.48137945392533142246982062292181736500e+00, 3.48983691107372966808470490668264658675e-01, -1.9192335615709967e+00, 1.5764360568197929e+00
0.07500000, 3.68909239265512556920142807856411482307e-01, -2.35058976034103563753119252255971692862e+00, 3.96870167580202909434697885842587014268e+00, 2.36815463028319730204342947656273972986e-01, 4.48081670536380166871253920683945698901e+00, 3.49677969218450361850116833938759773010e-01, -1.9272270288583096e+00, 1.5788881862224454e+00
0.07600000, 3.69352004614452571008326298293521880366e-01, -2.35003099155092577317251013940233216594e+00, 3.96831219927038674441687425323273049906e+00, 2.39941413921183466952252244370523331682e-01, 4.48025375045255497224704142004629126050e+00, 3.50373039247630324548688833580150233432e-01, -1.9352605732531058e+00, 1.5813271356030656e+00
0.07700000, 3.69795780593673963870039813981627326893e-01, -2.34947180205463791558552462018758975637e+00, 3.96792327292297788833267910669624549652e+00, 2.43066529852414783887919728066622399263e-01, 4.47969058875100394726375656204370362322e+00, 3.51068899227714361986935591815300170153e-01, -1.9433344194496234e+00, 1.5837527094765797e+00
0.07800000, 3.70240566746716420269676046689649370988e-01, -2.34891219266221105853355696723474758655e+00, 3.96753488961908630090699304900341969589e+00, 2.46190810947369268582258071309074603013e-01, 4.47912721979787528301135109419709603656e+00, 3.51765547195567135788709403067441164552e-01, -1.9514487930008646e+00, 1.5861647106022788e+00
0.07900000, 3.70686362608054383769030318200943162171e-01, -2.34835216416578802190918954678416505369e+00, 3.96714704221709756192470444216090347278e+00, 2.49314257342950164557887624660699776252e-01, 4.47856364311125905941590181112723093316e+00, 3.52462981192212259557374563421605845658e-01, -1.9596039203162428e+00, 1.5885629399649224e+00
0.08000000, 3.71133167703272592365629199584302203808e-01, -2.34779171733953514883733409985239763655e+00, 3.96675972357453985476914079351833228717e+00, 2.52436869187454978096570676087699071246e-01, 4.47799985818865828661306822703170511441e+00, 3.53161199262927417432787381736767037944e-01, -1.9678000286591843e+00, 1.5909471967556440e+00
0.08100000, 3.71580981549241754776916357433478411079e-01, -2.34723085293956420158903631763401282505e+00, 3.96637292654812278529664243915544147182e+00, 2.55558646640421514852872087837711711611e-01, 4.47743586450703866747038142963001746880e+00, 3.53860199457338804046361629053819786721e-01, -1.9760373461446811e+00, 1.5933172783526595e+00
0.08200000, 3.72029803654294333663509943867512675169e-01, -2.34666957170385644642456489585854467858e+00, 3.96598664399377422242726664733349338429e+00, 2.58679589872473371847585218216371163761e-01, 4.47687166152287858205515967312353798576e+00, 3.54559979829514885965842195877911696460e-01, -1.9843161017367969e+00, 1.5956729803017765e+00
0.08300000, 3.72479633518400402438370747718906254801e-01, -2.34610787435218891695780409277461946711e+00, 3.96560086876667516233655323811530069468e+00, 2.61799699065164910215801360128040327037e-01, 4.47630724867221929287768717374905264655e+00, 3.55260538438059484541832304057611099028e-01, -1.9926365252461229e+00, 1.5980140962967044e+00
0.08400000, 3.72930470633343542670145565273261800217e-01, -2.34554576158606284511780251495539879764e+00, 3.96521559372129261854409509737761346809e+00, 2.64918974410825733878979731983073955254e-01, 4.47574262537071536960947669328643070313e+00, 3.55961873346204179896830261491066491371e-01, -2.0009988473271834e+00, 1.6003404181591630e+00
0.08500000, 3.73382314482896749457886904804158455777e-01, -2.34498323408863424827761738528588172269e+00, 3.96483081171141054059895998148949982363e+00, 2.68037416112404699098180478883533878375e-01, 4.47517779101368533184299666642721564653e+00, 3.56663982621900035634495527231377039235e-01, -2.0094032994757902e+00, 1.6026517358187906e+00
0.08600000, 3.73835164542998312530509607753578589185e-01, -2.34442029252464666062541528294801605528e+00, 3.96444651559015876445971150380549509434e+00, 2.71155024383313479646943024510374311213e-01, 4.47461274497616250832249119136549840925e+00, 3.57366864337908643692037260673611188934e-01, -2.0178501140263445e+00, 1.6049478372928488e+00
0.08700000, 3.74289020281927641207439180416894175494e-01, -2.34385693754036599636822187973637355743e+00, 3.96406269821003999805779021497391232070e+00, 2.74271799447269712117314852219770140501e-01, 4.47404748661294611093576060399300026293e+00, 3.58070516571892488611949824951593341620e-01, -2.0263395241490853e+00, 1.6072285086657248e+00
0.08800000, 3.74743881160481001746648248928013600502e-01, -2.34329316976351753188482143459641794693e+00, 3.96367935242295484591725855641489952452e+00, 2.77387741538139745641450190569264668857e-01, 4.47348201525865252161429902863268922241e+00, 3.58774937406504630370749295488625783240e-01, -2.0348717638472828e+00, 1.6094935340682284e+00
0.08900000, 3.75199746632147136002380177634057376395e-01, -2.34272898980322499348115105914727492605e+00, 3.96329647108022487708130973136889109906e+00, 2.80502850899781020074193201155319742983e-01, 4.47291633022776679014429356727294907584e+00, 3.59480124929477704771825766491000938170e-01, -2.0434470679543760e+00, 1.6117426956566844e+00
0.09000000, 3.75656616143282730717037255981867921532e-01, -2.34216439824995173694916684854630648649e+00, 3.96291404703261374096641893809308996084e+00, 2.83617127785884096439325306150932375447e-01, 4.47235043081469434074396078485131622669e+00, 3.60186077233712240286943858483648977288e-01, -2.0520656721310536e+00, 1.6139757735918186e+00
0.09100000, 3.76114489133287707179681009098655984648e-01, -2.34159939567544400468862331435979811065e+00, 3.96253207313034633612850982079521981944e+00, 2.86730572459814363193880425891725681658e-01, 4.47178431629381288511380573178005409552e+00, 3.60892792417364290116217190832028842115e-01, -2.0607278128622756e+00, 1.6161925460174366e+00
0.09200000, 3.76573365034780301397071671303907653361e-01, -2.34103398263267624572054131145218883497e+00, 3.96215054222312603728195837828262235420e+00, 2.89843185194453441611304150609232135635e-01, 4.47121798591952453951590544751227099493e+00, 3.61600268583932378129464090538610421345e-01, -2.0694337274542364e+00, 1.6183927890388937e+00
0.09300000, 3.77033243273771905341881909007068704113e-01, -2.34046815965579848350137280787148990835e+00, 3.96176944716014998626160492271821886972e+00, 2.92954966272040313325441991009875518335e-01, 4.47065143892630814328650386016987031039e+00, 3.62308503842343757252627706720930277673e-01, -2.0781836540312657e+00, 1.6205762767013568e+00
0.09400000, 3.77494123269841640266377572393202477162e-01, -2.33990192726008571603802634793066217693e+00, 3.96138878079012245296014097015518169755e+00, 2.96065915984012192813576175650602323845e-01, 4.47008467452877177603331196578205216690e+00, 3.63017496307039978771314410969034807542e-01, -2.0869778315326678e+00, 1.6227427809678553e+00
0.09500000, 3.77956004436310633498188697766305956948e-01, -2.33933528594188933240601092238308100253e+00, 3.96100853596126627260823605275429187439e+00, 2.99176034630845167328177788633494304638e-01, 4.46951769192170547061518241509831190866e+00, 3.63727244098061770939364810747466187180e-01, -2.0958164997094968e+00, 1.6248920716971205e+00
0.09600000, 3.78418886180415970567522461812392153828e-01, -2.33876823617859052938599740456260353491e+00, 3.96062870552133236609252810123847023523e+00, 3.02285322521894626513888509832415268763e-01, 4.46895049028013411884750996576384184454e+00, 3.64437745341133225203611629703195968723e-01, -2.1046998991212665e+00, 1.6270239166212137e+00
0.09700000, 3.78882767903484294952023933306349667860e-01, -2.33820077842855571155808828524982421262e+00, 3.96024928231760735032708376942004778629e+00, 3.05393779975235503668680194083905481162e-01, 4.46838306875937056672203000418399538197e+00, 3.65148998167745288286482991470332732257e-01, -2.1136282711325940e+00, 1.6291380813229396e+00
0.09800000, 3.79347649001105028166200396821635777567e-01, -2.33763291313109385782802414965285738393e+00, 3.95987025919691924600711008822838384454e+00, 3.08501407317502350326346473264246560089e-01, 4.46781542649506889577487035802009632188e+00, 3.65861000715238558305758598167733405795e-01, -2.1226018579097747e+00, 1.6312343292130468e+00
0.09900000, 3.79813528863303183366623494561916457037e-01, -2.33706464070641583700542878941468051735e+00, 3.95949162900564129037953901393166391107e+00, 3.11608204883729265551642946025172627245e-01, 4.46724756260327788708197329168727120327e+00, 3.66573751126885383055455977353835558098e-01, -2.1316209024172872e+00, 1.6333124215072117e+00
0.10000000, 3.80280406874711746091745982458345065757e-01, -2.33649596155559565471098736429496002130e+00, 3.95911338458969386296358921107274520111e+00, 3.14714173017189701049694676952701353013e-01, 4.46667947618049466420655383756684279279e+00, 3.67287247551971258523386472542402747215e-01, -2.1406856484142278e+00, 1.6353721172028064e+00
0.10100000, 3.80748282414743596205854974070445416159e-01, -2.33592687606053361355714082583273027879e+00, 3.95873551879454453244551671302973064534e+00, 3.17819312069236162897913779218169289009e-01, 4.46611116630371851126929897466065260466e+00, 3.68001488145875525679244386138058392049e-01, -2.1497963404506711e+00, 1.6374131730554486e+00
0.10200000, 3.81217154857762945570172641675316586263e-01, -2.33535738458392136822543610445133590779e+00, 3.95835802446520623325548427267764954073e+00, 3.20923622399139830411796595054264735489e-01, 4.46554263203050486215873374375171825843e+00, 3.68716471070151363532042667936801299410e-01, -2.1589532238639561e+00, 1.6394353435553334e+00
0.10300000, 3.81687023573256266420153115137584714643e-01, -2.33478748746920885675306071305106752385e+00, 3.95798089444623358061079892508878655405e+00, 3.24027104373930112355778783224339223635e-01, 4.46497387239901945674677195513989960019e+00, 3.69432194492605076427146674789318487623e-01, -2.1681565447748966e+00, 1.6414383809033446e+00
0.10400000, 3.82157887926002685886358706548523245488e-01, -2.33421718504057308904127210576110416009e+00, 3.95760412158171733307868345605127466057e+00, 3.27129758368234160406995316553441436625e-01, 4.46440488642809265982311017375765735095e+00, 3.70148656587374673530942853171710310987e-01, -2.1774065500839123e+00, 1.6434220349869449e+00
0.10500000, 3.82629747276243822556680929506874636599e-01, -2.33364647760288877330936046943953668999e+00, 3.95722769871527701197325919259060060016e+00, 3.30231584764116359473497215277128583496e-01, 4.46383567311727393831198638561446756180e+00, 3.70865855535007738435168171288431109406e-01, -2.1867034874670808e+00, 1.6453860533558449e+00
0.10600000, 3.83102600979853041439856917094279745720e-01, -2.33307536544170076093940733299802261360e+00, 3.95685161869005168715552797286132810685e+00, 3.33332583950917814159392319185228229373e-01, 4.46326623144688649218607420676339731034e+00, 3.71583789522538586802972870295505840901e-01, -2.1960476053721081e+00, 1.6473301811974475e+00
0.10700000, 3.83576448388504104153978217937101374545e-01, -2.33250384882319828988936491664337439195e+00, 3.95647587434868893905185747384958503866e+00, 3.36432756325095850357676269302659989384e-01, 4.46269656037808203434507762663129590080e+00, 3.72302456743564709974745646865061727892e-01, -2.2054391530142144e+00, 1.6492541613120687e+00
0.10800000, 3.84051288849839191628758712249523637683e-01, -2.33193192799419100659482086702079011521e+00, 3.95610045853333200694580734182104749453e+00, 3.39532102290063550637372992120925930535e-01, 4.46212665885289571458108097894441868990e+00, 3.73021855398322502453446906451022316437e-01, -2.2148783803719354e+00, 1.6511577340879325e+00
0.10900000, 3.84527121707636277076487478241504201298e-01, -2.33135960318208674603316334035150360215e+00, 3.95572536408560513383009866260657205804e+00, 3.42630622256029341775180269218114686206e-01, 4.46155652579430118260903804493598431662e+00, 3.73741983693762271196520810414342045035e-01, -2.2243655381828358e+00, 1.6530406374759383e+00
0.11000000, 3.85003946301975827453610669686268160785e-01, -2.33078687459487104938765090961774451431e+00, 3.95535058384659711833014483078253387625e+00, 3.45728316639836652463282319177336299815e-01, 4.46098616010626578499908998148135894703e+00, 3.74462839843622524654237667200930551212e-01, -2.2339008779391333e+00, 1.6549026069642015e+00
0.11100000, 3.85481761969406812102537610804983947405e-01, -2.33021374242108839852304444243555365785e+00, 3.95497611065684308442785006482525290303e+00, 3.48825185864803658904512505365323079005e-01, 4.46041556067380589070781441483940403792e+00, 3.75184422068503539512400809167950864308e-01, -2.2434846518832311e+00, 1.6567433755523629e+00
0.11200000, 3.85960568043111997731328179772542578129e-01, -2.32964020682982514626889338859302230778e+00, 3.95460193735630447992436844508761772456e+00, 3.51921230360563135683787933727715822207e-01, 4.45984472636304233976815114405910928162e+00, 3.75906728595940203120581521271854725549e-01, -2.2531171130031569e+00, 1.6585626737256691e+00
0.11300000, 3.86440363853072509357173043212877175398e-01, -2.32906626797069412130120195519383425761e+00, 3.95422805678434731478323064466609819345e+00, 3.55016450562902428980854208471629206063e-01, 4.45927365602125600956274046265662366109e+00, 3.76629757660474129615266168427305314620e-01, -2.2627985150279067e+00, 1.6603602294288202e+00
0.11400000, 3.86921148726231637307811492830709350564e-01, -2.32849192597382088621794237101129808058e+00, 3.95385446177971865069072005355071050051e+00, 3.58110846913603568864031065475258528122e-01, 4.45870234847694349297285865204595979972e+00, 3.77353507503725047780355180856616667520e-01, -2.2725291124226897e+00, 1.6621357680395841e+00
0.11500000, 3.87402921986657870843033818557330686752e-01, -2.32791718094983162721863975463738813410e+00, 3.95348114518052135335865059487641501612e+00, 3.61204419860283537077993746068794886593e-01, 4.45813080253987288256514586441668829079e+00, 3.78077976374461458725187422629101953373e-01, -2.2823091603840745e+00, 1.6638890123421770e+00
0.11600000, 3.87885682955707139425980906230826214023e-01, -2.32734203298984265362292902751271105124e+00, 3.95310809982418711927580419193089468770e+00, 3.64297169856234706410814142289851398236e-01, 4.45755901700113965485099226500729195282e+00, 3.78803162528670561502518940278329771402e-01, -2.2921389148350323e+00, 1.6656196825004075e+00
0.11700000, 3.88369430952184243140881976419480478061e-01, -2.32676648216545148529747814940073833520e+00, 3.95273531854744778878826862608425369529e+00, 3.67389097360265467396670813959642004031e-01, 4.45698699063322264852887065545432794828e+00, 3.79529064229627444835505427940788479536e-01, -2.3020186324198755e+00, 1.6673274960305836e+00
0.11800000, 3.88854165292503454219965362143637303790e-01, -2.32619052852872950590487942111468469135e+00, 3.95236279418630495755582146062893916574e+00, 3.70480202836541057780966314707578539660e-01, 4.45641472219004013049816352111319512100e+00, 3.80255679747963543173566396409819786889e-01, -2.3119485704990901e+00, 1.6690121677741817e+00
0.11900000, 3.89339885290848272107344647390214240287e-01, -2.32561417211221615974192399384418396754e+00, 3.95199051957599789859138070096172615680e+00, 3.73570486754424609844209681289236461629e-01, 4.45584221040700594331420928298822134302e+00, 3.80983007361734355351889785969422606066e-01, -2.3219289871440585e+00, 1.6706734098702745e+00
0.12000000, 3.89826590259330314951535493766886404507e-01, -2.32503741292891466979798306909125234381e+00, 3.95161848755096980724343860485174771997e+00, 3.76659949588318430350074654919240138790e-01, 4.45526945400108572763846043405615123932e+00, 3.81711045356486424188112912055423393605e-01, -2.3319601411316709e+00, 1.6723109317277195e+00
0.12100000, 3.90314279508147330880713686097160445985e-01, -2.32446025097228925453690846675784676287e+00, 3.95124669094483238162736491924129742804e+00, 3.79748591817505527551670796230134123998e-01, 4.45469645167085321312487346593521763382e+00, 3.82439792025323575412234130825417238505e-01, -2.3420422919388220e+00, 1.6739244399971025e+00
0.12200000, 3.90802952345740312875703450250796651288e-01, -2.32388268621626382078781820452888134072e+00, 3.95087512259032875115056576240778916047e+00, 3.82836413925991399358403036734861588260e-01, 4.45412320209654657107399975616554881434e+00, 3.83169245668972414391915213059522002783e-01, -2.3521756997367924e+00, 1.6755136385424394e+00
0.12300000, 3.91292608078949701514812585008465497034e-01, -2.32330471861522211002122956435113550204e+00, 3.95050377531929476590877284616790050690e+00, 3.85923416402346096433980584597946136764e-01, 4.45354970394012482207977517185835620479e+00, 3.83899404595847079184873815174946087750e-01, -2.3623606253855099e+00, 1.6770782284126302e+00
0.12400000, 3.91783246013170660321837594463764932761e-01, -2.32272634810400927518712023431986066681e+00, 3.95013264196261865985627559449245843960e+00, 3.89009599739546573664300941701147532293e-01, 4.45297595584532429179076603489879512620e+00, 3.84630267122113248522886405089707607031e-01, -2.3725973304276895e+00, 1.6786179078126676e+00
0.12500000, 3.92274865452507408903682554853758722519e-01, -2.32214757459793486520051238186985210772e+00, 3.94976171535019910077175911883991532654e+00, 3.92094964434819343102208801140577898451e-01, 4.45240195643771510780766709874871235276e+00, 3.85361831571751403407873507993334872696e-01, -2.3828860770828492e+00, 1.6801323720745965e+00
0.12600000, 3.92767465699926599516909211537582374931e-01, -2.32156839799277719407795741754563109413e+00, 3.94939098831090164015363932315088848466e+00, 3.95179510989483441164639701947916907351e-01, 4.45182770432475773064220507743767472214e+00, 3.86094096276619341079471472958871767177e-01, -2.3932271282411987e+00, 1.6816213136282233e+00
0.12700000, 3.93261046057409723153006660119161056423e-01, -2.32098881816478907165472097547452684909e+00, 3.94902045367251357628446011578955219557e+00, 3.98263239908793722526528635850318316588e-01, 4.45125319809585951156931590335168347623e+00, 3.86827059576513940195259850494881190191e-01, -2.4036207474573984e+00, 1.6830844219715742e+00
0.12800000, 3.93755605826104531680085373778342995072e-01, -2.32040883497070487274739638136526974420e+00, 3.94865010426169724380310630853897459245e+00, 4.01346151701784492825215617736591453480e-01, 4.45067843632243127011456735268188233686e+00, 3.87560719819232176149264181069072115837e-01, -2.4140671989441864e+00, 1.6845213836411001e+00
0.12900000, 3.94251144306475463023915318711078355591e-01, -2.31982844824774892156997674041574606041e+00, 3.94827993290394174321636072248218060985e+00, 4.04428246881113491959031993229353947600e-01, 4.45010341755794388383231839941023509841e+00, 3.88295075360631385541345437920416177037e-01, -2.4245667475658695e+00, 1.6859318821816269e+00
0.13000000, 3.94747660798453056813599035408668556789e-01, -2.31924765781364516816295505562573685292e+00, 3.94790993242351312386776857599243480391e+00, 4.07509525962906239434418553632364851375e-01, 4.44952814033798488294706555885447859132e+00, 3.89030124564688778899476198427419636262e-01, -2.4351196588316769e+00, 1.6873155981160502e+00
0.13100000, 3.95245154601582348356559991845774906858e-01, -2.31866646346662813355466107610936505879e+00, 3.94754009564340303396194142974607184756e+00, 4.10589989466600752887422084210430527100e-01, 4.44895260318031504235084309541139787644e+00, 3.89765865803560200848548323969533611124e-01, -2.4457261988889723e+00, 1.6886722089147714e+00
0.13200000, 3.95743625015170229243800910886195453213e-01, -2.31808486498545510034164389629276066775e+00, 3.94717041538527585131641349659621738035e+00, 4.13669637914792650577850635107640092945e-01, 4.44837680458492496337343258057888606537e+00, 3.90502297457638137013117913909210177548e-01, -2.4563866345163220e+00, 1.6900013889648753e+00
0.13300000, 3.96243071338431763319417335842111349404e-01, -2.31750286212941952535033025824441501584e+00, 3.94680088446941430858103325095607970552e+00, 4.16748471833080648327846543419216367936e-01, 4.44780074303409163766950806176189689030e+00, 3.91239417915608967037232968714446707756e-01, -2.4671012331164171e+00, 1.6913028095390462e+00
0.13400000, 3.96743492870635447178014124705070427501e-01, -2.31692045463836565102528831309220732485e+00, 3.94643149571466362672671273783159064830e+00, 4.19826491749912461051264134161308178857e-01, 4.44722441699243498549770221713523084529e+00, 3.91977225574509463202072027260954225392e-01, -2.4778702627088440e+00, 1.6925761387642220e+00
0.13500000, 3.97244888911247404779847033603960041785e-01, -2.31633764223270429218006234567307874381e+00, 3.94606224193837417066124692826670359469e+00, 4.22903698196431118696117286179782199078e-01, 4.44664782490697436060092864736597821369e+00, 3.92715718839782534221414653896153643890e-01, -2.4886939919227033e+00, 1.6938210415899829e+00
0.13600000, 3.97747258760074506196082694791926782157e-01, -2.31575442461342977474457166441685175341e+00, 3.94569311595634264087993835046901244019e+00, 4.25980091706321706099588981543855233546e-01, 4.44607096520718501383513448495184693078e+00, 3.93454896125332213895835869493641599485e-01, -2.4995726899890717e+00, 1.6950371797566759e+00
0.13700000, 3.98250601717406400915427168847546637890e-01, -2.31517080146213800314834156501250488606e+00, 3.94532411058275181510300172713172019850e+00, 4.29055672815658535933765998322730921547e-01, 4.44549383630505450763498078259394372357e+00, 3.94194755853577894408837542558794684594e-01, -2.5105066267333046e+00, 1.6962242117632703e+00
0.13800000, 3.98754917084156456558409301507625593493e-01, -2.31458677244104563299121022292758851080e+00, 3.94495521863010885389026429747925262736e+00, 4.32130442062752763600469616527769747352e-01, 4.44491643659513907334974720076010938214e+00, 3.94935296455507804151773799102969472900e-01, -2.5214960725671760e+00, 1.6973817928349441e+00
0.13900000, 3.99260204162001594256718146549624543689e-01, -2.31400233719301032567248607584661880586e+00, 3.94458643290918218425660578881890208966e+00, 4.35204399988000452615387277767416879969e-01, 4.44433876445461990343102053727153294700e+00, 3.95676516370731730069270464096779093729e-01, -2.5325412984808527e+00, 1.6985095748904003e+00
0.14000000, 3.99766462253521012362085851379813301866e-01, -2.31341749534155206167566864373791513154e+00, 3.94421774622893697533898450143433008244e+00, 4.38277547133731098705257405444614039233e-01, 4.44376081824335937040543859898992644764e+00, 3.96418414047532984622758622329440321098e-01, -2.5436425760346984e+00, 1.6996072065089090e+00
0.14100000, 4.00273690662333790552185045846672836438e-01, -2.31283224649087548923864423534286752704e+00, 3.94384915139646922018786046109073626502e+00, 4.41349884044056620527204042618990170426e-01, 4.44318259630395716452090368790334470249e+00, 3.97160987942919617576620252323324035107e-01, -2.5548001773509065e+00, 1.7006743328970762e+00
0.14200000, 4.00781888693235366799783570101110577879e-01, -2.31224659022589328517857866019455942887e+00, 3.94348064121693843777244168017695872561e+00, 4.44421411264720824606540754745120469520e-01, 4.44260409696180634191323247495807084745e+00, 3.97904236522674872919162711120006105650e-01, -2.5660143751049551e+00, 1.7017105958553355e+00
0.14300000, 4.01291055652332880065884161056186101192e-01, -2.31166052611225050468640368638655701102e+00, 3.94311220849349900930053460662660077923e+00, 4.47492129342949351778542712710586144317e-01, 4.44202531852514927510214733438120735099e+00, 3.98648158261406891339084328596296368935e-01, -2.5772854425168832e+00, 1.7027156337441617e+00
0.14400000, 4.01801190847179371967691473930455272335e-01, -2.31107405369634989695768416776156685512e+00, 3.94274384602723016295996485955612898263e+00, 4.50562038827300112110897555788602412158e-01, 4.44144625928513349759081165486614929851e+00, 3.99392751642597658787153765738255251590e-01, -2.5886136533423839e+00, 1.7036890814500050e+00
0.14500000, 4.02312293586906841057916629604350744351e-01, -2.31048717250537816358461005201104696908e+00, 3.94237554661706462118963998427257491832e+00, 4.53631140267514214976862290335061390890e-01, 4.44086691751586743431173897318539562207e+00, 4.00138015158651201762391945430076902603e-01, -2.5999992818637101e+00, 1.7046305703509430e+00
0.14600000, 4.02824363182358143733077483159043343023e-01, -2.30989988204733313669773344380129724896e+00, 3.94200730305971592458444336923365855571e+00, 4.56699434214367400644645102805723153964e-01, 4.44028729147447600963383124474577417245e+00, 4.00883947310941030072010726924047827193e-01, -2.6114426028803904e+00, 1.7055397282820486e+00
0.14700000, 4.03337398946217736165012133841633167514e-01, -2.30931218181105185391571722851588900655e+00, 3.94163910814960444652936927568947067613e+00, 4.59766921219521979446264809728309645431e-01, 4.43970737940115612462049105701907941969e+00, 4.01630546609856827924623140945469545412e-01, -2.6229438916997497e+00, 1.7064161795004735e+00
0.14800000, 4.03851400193141252021728914468851341288e-01, -2.30872407126623950723663037273755754684e+00, 3.94127095467878211264472514998144728229e+00, 4.62833601835379284289181270986640280956e-01, 4.43912717951923199520716973073174441214e+00, 4.02377811574850394326694645018047652939e-01, -2.6345034241272334e+00, 1.7072595446502433e+00
0.14900000, 4.04366366239883911110907168854756809646e-01, -2.30813554986349924308506812341725142162e+00, 3.94090283543685583910593135531844547844e+00, 4.65899476614932641976399302783554245887e-01, 4.43854669003521034294831951956920129295e+00, 4.03125740734480833862754861722537336652e-01, -2.6461214764565283e+00, 1.7080694407267637e+00
0.15000000, 4.04882296405427754441782339290594754489e-01, -2.30754661703436279081544553822157574788e+00, 3.94053474321090970387853276869658511640e+00, 4.68964546111620868505585623898656690233e-01, 4.43796590913883542996847295569452585578e+00, 4.03874332626458999050438647631434655182e-01, -2.6577983254594787e+00, 1.7088454810410355e+00
0.15100000, 4.05399190011107701558742804105137672638e-01, -2.30695727219132189706306318191682489825e+00, 3.94016667078542586488159412766631706837e+00, 4.72028810879182293225059695967635005491e-01, 4.43738483500314392974003331176970854018e+00, 4.04623585797691185571880791399352256266e-01, -2.6695342483757926e+00, 1.7095872751835760e+00
0.15200000, 4.05917046380736426352684801338601231650e-01, -2.30636751472786054343082806441203240565e+00, 3.93979861094220423906077450030964993735e+00, 4.75092271471509316434378908336469801925e-01, 4.43680346578451962530128285503461123477e+00, 4.05373498804322081793259503768793586673e-01, -2.6813295229025340e+00, 1.7102944289880460e+00
0.15300000, 4.06435864840728047903969572674144963677e-01, -2.30577734401848792510068526039658662654e+00, 3.93943055646028095631615877981368636402e+00, 4.78154928442503504729687763397550730751e-01, 4.43622179962274792652205403241148664644e+00, 4.06124070211776974094282150690697060449e-01, -2.6931844271833981e+00, 1.7109665444945789e+00
0.15400000, 4.06955644720220633253661074492460852377e-01, -2.30518675941877216806473113853061599879e+00, 3.93906250011584560218945867313200597452e+00, 4.81216782345931228109088342786772592829e-01, 4.43563983464107019802141530894035331602e+00, 4.06875298594803209639047062732815830891e-01, -2.7050992397977644e+00, 1.7116032199128112e+00
0.15500000, 4.07476385351197509337554267847461485990e-01, -2.30459576026537476278149352881235543149e+00, 3.93869443468215726317057521538922000058e+00, 4.84277833735279842571061664644268007169e-01, 4.43505756894623788934154893054553585898e+00, 4.07627182537510918328915050913954054724e-01, -2.7170742397495235e+00, 1.7122040495846116e+00
0.15600000, 4.07998086068607381650297614728368069587e-01, -2.30400434587608569217783411887250713718e+00, 3.93832635292945938843483224903558888330e+00, 4.87338083163614421659470379032183418211e-01, 4.43447500062856645898469182325871007596e+00, 4.08379720633412995786703435384010991351e-01, -2.7291097064556744e+00, 1.7127686239465069e+00
0.15700000, 4.08520746210483257534636868271878518163e-01, -2.30341251554985923203621147069993132858e+00, 3.93795824762489348176953825309220788444e+00, 4.90397531183435040131943943519630809505e-01, 4.43389212776198908392552127869225833474e+00, 4.09132911485464349329596544522403548732e-01, -2.7412059197346866e+00, 1.7132965294918035e+00
0.15800000, 4.09044365118060172313431773443352578412e-01, -2.30282026856685040193049786005395446522e+00, 3.93759011153241163739200487673011028900e+00, 4.93456178346534612654526908712306905556e-01, 4.43330894840411014621964088412099727562e+00, 4.09886753706100408995574980876667730757e-01, -2.7533631597946238e+00, 1.7137873487323999e+00
0.15900000, 4.09568942135891716799597379021806680669e-01, -2.30222760418845204500102929037765765010e+00, 3.93722193741268793330083674502126271859e+00, 4.96514025203857290154395778240618263960e-01, 4.43272546059625848833980507055915616908e+00, 4.10641245917274905794829290844930986650e-01, -2.7655817072210244e+00, 1.7142406601602920e+00
0.16000000, 4.10094476611965365031474984203458280776e-01, -2.30163452165733251499094626831107153860e+00, 3.93685371802302869573830047399717461025e+00, 4.99571072305357416194254299014596149006e-01, 4.43214166236354042888515735924175588994e+00, 4.11396386750496919463472413905371382991e-01, -2.7778618429645336e+00, 1.7146560382087652e+00
0.16100000, 4.10620967897816601388325114460873494992e-01, -2.30104102019747394910101517204109912673e+00, 3.93648544611728164827397290901123817691e+00, 5.02627320199859045466732887337713313695e-01, 4.43155755171489253032499160792422265722e+00, 4.12152174846867198101832383890929797569e-01, -2.7902038483282843e+00, 1.7150330532132741e+00
0.16200000, 4.11148415348641846542640211818462112238e-01, -2.30044709901421110535886945162679347101e+00, 3.93611711444574395894875053109050645690e+00, 5.05682769434916026244774836530348095470e-01, 4.43097312664313411045732013609950461019e+00, 4.12908608857113752183627709123236021351e-01, -2.8026080049550201e+00, 1.7153712713720058e+00
0.16300000, 4.11676818323410182002784795782442104130e-01, -2.29985275729427074334084091186494391434e+00, 3.93574871575506919884376445630533883447e+00, 5.08737420556672648364617381786461339054e-01, 4.43038838512501948928378958800076697559e+00, 4.13665687441626725525340686490366637189e-01, -2.8150745948139569e+00, 1.7156702547061258e+00
0.16400000, 4.12206176184973873291075486132850441919e-01, -2.29925799420581152723012971841384285501e+00, 3.93538024278817322536087868529506504855e+00, 5.11791274109724858061594824403503109627e-01, 4.42980332512128996302616610195644218030e+00, 4.14423409270492545907049113994073992379e-01, -2.8276039001873793e+00, 1.7159295610197042e+00
0.16500000, 4.12736488300177692088805113715635170528e-01, -2.29866280889846443034385469556245021036e+00, 3.93501168828413900342034291067246266207e+00, 5.14844330636982040725626792327115167553e-01, 4.42921794457672549703565648206962088394e+00, 4.15181773023527358136797427776246237533e-01, -2.8401962036569640e+00, 1.7161487438593187e+00
0.16600000, 4.13267754039967037960889599629294376024e-01, -2.29806720050337362041340153732899030228e+00, 3.93464304497812037769691435025517974290e+00, 5.17896590679529372392928274450883484848e-01, 4.42863224142019612937468173624953996894e+00, 4.15940777390309742450229608967304977749e-01, -2.8528517880898291e+00, 1.7163273524733347e+00
0.16700000, 4.13799972779494860548771489897720304201e-01, -2.29747116813323780505731579328386994041e+00, 3.93427430560124480892844422097227268467e+00, 5.20948054776490740543208174836910117270e-01, 4.42804621356471307688131318443628400118e+00, 4.16700421070212721235616093486823309490e-01, -2.8655709366243012e+00, 1.7164649317708579e+00
0.16800000, 4.14333143898227383390950769130618835962e-01, -2.29687471088235201704364149108901056573e+00, 3.93390546288051508724063142771377974649e+00, 5.23998723464892234527426618011353608119e-01, 4.42745985890747953555935856246399435073e+00, 4.17460702772435057171535558123105654888e-01, -2.8783539326553973e+00, 1.7165610222803584e+00
0.16900000, 4.14867266780048630796035194647309230986e-01, -2.29627782782664981909895814608978381105e+00, 3.93353650953871003533846595244656546520e+00, 5.27048597279526205710072931867388389226e-01, 4.42687317532994116717198500790494312031e+00, 4.18221621216031845960272373443764294555e-01, -2.8912010598200152e+00, 1.7166151601079638e+00
0.17000000, 4.15402340813363759453514749012150762318e-01, -2.29568051802374590818429340006772063906e+00, 3.93316743829428421431890370995782838959e+00, 5.30097676752815897171919021530509828011e-01, 4.42628616069783626395372608573367084626e+00, 4.18983175129944406934416539800547098673e-01, -2.9041126019818285e+00, 1.7166268768954197e+00
0.17100000, 4.15938365391201196722576196551144439265e-01, -2.29508278051297909932346196516400922589e+00, 3.93279824186126664476061895263141509307e+00, 5.33145962414680642584307694833677699934e-01, 4.42569881286124558339467944300401063882e+00, 4.19745363253029474907162160291693732174e-01, -2.9170888432158792e+00, 1.7165956997777137e+00
0.17200000, 4.16475339911313587789194807386754776651e-01, -2.29448461431545566923708191874690358145e+00, 3.93242891294915855564535453831894724205e+00, 5.36193454792401633634261506020784759206e-01, 4.42511112965464184509159846212181619726e+00, 4.20508184334087696728352293509165365895e-01, -2.9301300677928650e+00, 1.7165211513403624e+00
0.17300000, 4.17013263776277554126484037661305515950e-01, -2.29388601843409304020542637923815728568e+00, 3.93205944426283017356151858918552519425e+00, 5.39240154410488255151052117673425779600e-01, 4.42452310889693888170335350064413707363e+00, 4.21271637131891436098373907996750430257e-01, -2.9432365601631130e+00, 1.7164027495763584e+00
0.17400000, 4.17552136393592265932865512735365208354e-01, -2.29328699185366378475526358288483149065e+00, 3.93168982850241656453434148965827594004e+00, 5.42286061790544986859358522306064045625e-01, 4.42393474839154043609282400819269492686e+00, 4.22035720415211890280530330039574037961e-01, -2.9564086049402375e+00, 1.7162400078427744e+00
0.17500000, 4.18091957175776831457058397785173873316e-01, -2.29268753354083993193980450672467171475e+00, 3.93132005836321254071819215346471868128e+00, 5.45331177451138870461768448677765296175e-01, 4.42334604592638859678362005739585358330e+00, 4.22800432962845522439475860489707058918e-01, -2.9696464868844738e+00, 1.7160324348170237e+00
0.17600000, 4.18632725540466506348198596765338742118e-01, -2.29208764244423755615669933507088183101e+00, 3.93095012653556664407563849387779272302e+00, 5.48375501907667540534142932596042569918e-01, 4.42275699927401186390805874163269647153e+00, 4.23565773563639813418656042892316488725e-01, -2.9829504908856842e+00, 1.7157795344527726e+00
0.17700000, 4.19174440910507726393605660942991227731e-01, -2.29148731749446162962658892089520085723e+00, 3.93058002570477421905460459976223796012e+00, 5.51419035672227817501269723159211548421e-01, 4.42216760619157283787247572154987684585e+00, 4.24331741016518336853427346937060492174e-01, -2.9963209019460289e+00, 1.7154808059355042e+00
0.17800000, 4.19717102714051967225842235404980236222e-01, -2.29088655760415111983391342804325310755e+00, 3.93020974855096958615960585360967163260e+00, 5.54461779253484860747275666061212186897e-01, 4.42157786442091552301717335600785205555e+00, 4.25098334130505161598603745385217880226e-01, -3.0097580051622980e+00, 1.7151357436377308e+00
0.17900000, 4.20260710384648434794782641396691404701e-01, -2.29028536166802431341239785500511990175e+00, 3.92983928774901732819561176450493242751e+00, 5.57503733156541879705448617877637343000e-01, 4.42098777168861223860103295718954933417e+00, 4.25865551724748585529568730039506153751e-01, -3.0232620857078969e+00, 1.7147438370738519e+00
0.18000000, 4.20805263361335590609450925578930282616e-01, -2.28968372856292434813976527291356659274e+00, 3.92946863596840270084367228409676668831e+00, 5.60544897882810400565431421499810883592e-01, 4.42039732570601012949498865015418657547e+00, 4.26633392628544204854775576617636190214e-01, -3.0368334288144805e+00, 1.7143045708546559e+00
0.18100000, 4.21350761088731515958433306762972546706e-01, -2.28908165714786493488966734785874806616e+00, 3.92909778587312117910612348068235873011e+00, 5.63585273929881086032188136669155019246e-01, 4.41980652416927726902411328389443943893e+00, 4.27401855681357323154413854354722687661e-01, -3.0504723197532298e+00, 1.7138174246414635e+00
0.18200000, 4.21897203017123119516746015251540348189e-01, -2.28847914626407625157346391260397507469e+00, 3.92872673012156715103603829970365861447e+00, 5.66624861791395105370698736555377891169e-01, 4.41921536475944834645494236895681913353e+00, 4.28170939732844704435225848035189455764e-01, -3.0641790438157642e+00, 1.7132818730999093e+00
0.18300000, 4.22444588602554192941179280882848444241e-01, -2.28787619473505099129022673199369045512e+00, 3.92835546136642177004068233687261873159e+00, 5.69663661956916051773004099895052264810e-01, 4.41862384514246993168280002586118815402e+00, 4.28940643642875674564894079632263870270e-01, -3.0779538862946850e+00, 1.7126973858533610e+00
0.18400000, 4.22992917306912319245375483811079841541e-01, -2.28727280136659054709008677995774932983e+00, 3.92798397225453997692214664051511931156e+00, 5.72701674911802403889988219826288308098e-01, 4.41803196296924530973323176165674021024e+00, 4.29710966281552575521073600762000583755e-01, -3.0917971324637413e+00, 1.7120634274359715e+00
0.18500000, 4.23542188598014638930269544322031749313e-01, -2.28666896494685131594369081521825111211e+00, 3.92761225542683670269013202539691989960e+00, 5.75738901137080528179137649886949429871e-01, 4.41743971587567887775213335057621594565e+00, 4.30481906529230576959995005619256115191e-01, -3.1057090675576155e+00, 1.7113794572453637e+00
0.18600000, 4.24092401949692479025059247047539406432e-01, -2.28606468424639110469898520561344008151e+00, 3.92724030351817226305212362636498401582e+00, 5.78775341109318218531446552378076641776e-01, 4.41684710148272009722073447360967334472e+00, 4.31253463276536849677602687349606886584e-01, -3.1196899767513178e+00, 1.7106449294949442e+00
0.18700000, 4.24643556841874850368620507493652597254e-01, -2.28545995801821562099570810653475986400e+00, 3.92686810915723695535499076218855746491e+00, 5.81810995300498769455625284648843859119e-01, 4.41625411739640699419419189126646473760e+00, 4.32025635424389105602405857375233480594e-01, -3.1337401451391873e+00, 1.7098592931658434e+00
0.18800000, 4.25195652760670818631277055671096829717e-01, -2.28485478499782503229775245047667466928e+00, 3.92649566496643486861944483342189568893e+00, 5.84845864177895578915806016746223073839e-01, 4.41566076120790920042611216064310102822e+00, 4.32798421884013509023596981090250541458e-01, -3.1478598577134902e+00, 1.7090219919584813e+00
0.18900000, 4.25748689198450754742116358575541247946e-01, -2.28424916390326057639387086064616208453e+00, 3.92612296356176691717485504855755749381e+00, 5.87879948203947276740004001702099270359e-01, 4.41506703049357052830580122459149281277e+00, 4.33571821576961963820524811828774607569e-01, -3.1620493993426096e+00, 1.7081324642437535e+00
0.19000000, 4.26302665653926470547655762648154961764e-01, -2.28364309343515120690794057586223503307e+00, 3.92574999755271310826672524747139747228e+00, 5.90913247836133374340670258835801522261e-01, 4.41447292281495107260037117284259825120e+00, 4.34345833435128781520289886231904754499e-01, -3.1763090547488200e+00, 1.7071901430138387e+00
0.19100000, 4.26857581632230245683647890604631520392e-01, -2.28303657227676025755110468450674547267e+00, 3.92537675954211405387274083155320634780e+00, 5.93945763526850431315741919109335759392e-01, 4.41387843571886883205996731699171960386e+00, 4.35120456400766735069053394947386161737e-01, -3.1906391084856404e+00, 1.7061944558326216e+00
0.19200000, 4.27413436644992751793216448161188009271e-01, -2.28242959909403210903947023134017763513e+00, 3.92500324212605173682576754487804262096e+00, 5.96977495723288734328640592613814272371e-01, 4.41328356673744084401125631131298584088e+00, 4.35895689426502503259611396528079292747e-01, -3.2050398449147570e+00, 1.7051448247857312e+00
0.19300000, 4.27970230210419880371377996144054822079e-01, -2.28182217253563884279259079929122071717e+00, 3.92462943789372954120358717113414343286e+00, 6.00008444867309483498666096233279219941e-01, 4.41268831338812382513188395371276363500e+00, 4.36671531475351510812882407872885865316e-01, -3.2195115481825109e+00, 1.7040406664301914e+00
0.19400000, 4.28527961853368480658378115417772848429e-01, -2.28121429123302686571960958790306241886e+00, 3.92425533942735155680555156486321543849e+00, 6.03038611395322481369160977402323267239e-01, 4.41209267317375431166681578763073007341e+00, 4.37447981520732169164185823306133501821e-01, -3.2340545021959419e+00, 1.7028813917436811e+00
0.19500000, 4.29086631105421014142198857684332057860e-01, -2.28060595380046349059160930602090050886e+00, 3.92388093930200116739578712444519217476e+00, 6.06067995738164319359657785300454885465e-01, 4.41149664358258829241626169573967828163e+00, 4.38225038546479523056551020157833376313e-01, -3.2486689905983821e+00, 1.7016664060734009e+00
0.19600000, 4.29646237504959132364126431904792338015e-01, -2.27999715883508345669032974216231927883e+00, 3.92350623008551893225114699031738676654e+00, 6.09096598320977056449942351904532787354e-01, 4.41090022208834032789420507527301450999e+00, 4.39002701546858308092793286239325702984e-01, -3.2633552967445917e+00, 1.7003951090845459e+00
0.19700000, 4.30206780597236184850452545243447711559e-01, -2.27938790491693537561489691551528049188e+00, 3.92313120433837977040984691585383574958e+00, 6.12124419563087384688547945855773971579e-01, 4.41030340615022214912635642124177401828e+00, 4.39780969526575424445724949005095189193e-01, -3.2781137036754296e+00, 1.6990668947083792e+00
0.19800000, 4.30768259934448664118269293551133751171e-01, -2.27877819060902808731948534784915691867e+00, 3.92275585461356945687369075818307904511e+00, 6.15151459877886275965611696363560814184e-01, 4.40970619321298072962657950512294752812e+00, 4.40559841500791831971641562591050545796e-01, -3.2929444940920504e+00, 1.6976811510899063e+00
0.19900000, 4.31330675075806594823956297362125057349e-01, -2.27816801445737691164583518593316723246e+00, 3.92238017345646043987304956696454892847e+00, 6.18177719672709104340249981346203582413e-01, 4.40910858070693582416144590363921092419e+00, 4.41339316495133872016138112581041673870e-01, -3.3078479503296227e+00, 1.6962372605351465e+00
0.20000000, 4.31894025587602874239400897611352290696e-01, -2.27755737499104978080519843788135141689e+00, 3.92200415340468698815935985305029023921e+00, 6.21203199348716238065616581096877385514e-01, 4.40851056604801696798351129246156546738e+00, 4.42119393545704021243374415144011689565e-01, -3.3228243543305574e+00, 1.6947345994579986e+00
0.20100000, 4.32458311043281571353289279996298731598e-01, -2.27694627072221323845452508370713804310e+00, 3.92162778698801967714490618672527613553e+00, 6.24227899300774095310568614942949578195e-01, 4.40791214663779993028512637912839721396e+00, 4.42900071699091082860128754501102784753e-01, -3.3378739876172412e+00, 1.6931725383266996e+00
0.20200000, 4.33023531023505192003010587334312212941e-01, -2.27633470014617829120145371145245922511e+00, 3.92125106672823922256410404780440147268e+00, 6.27251819917336657435352186822453079517e-01, 4.40731331986354261569604914369768973862e+00, 4.43681350012379820644361870828108274304e-01, -3.3529971312642657e+00, 1.6915504416098729e+00
0.20300000, 4.33589685116220917546880138892532857922e-01, -2.27572266174144609856187784523135530625e+00, 3.92087398513900967018445292103077714779e+00, 6.30274961580327433539903165877985427328e-01, 4.40671408309822040771976655923544918952e+00, 4.44463227553160041224568204732409158047e-01, -3.3681940658701448e+00, 1.6898676677221637e+00
0.20400000, 4.34156772916725824686565027532498446029e-01, -2.27511015396975348758245528360780564680e+00, 3.92049653472575094994883794975376726503e+00, 6.33297324665021869867208867267836885395e-01, 4.40611443370056094807521739942762593192e+00, 4.45245703399535130090927286522018985495e-01, -3.3834650715285112e+00, 1.6881235689694599e+00
0.20500000, 4.34724794027731094145839278504325752292e-01, -2.27449717527611827852835233693900567261e+00, 3.92011870798551080278397083844098749953e+00, 6.36318909539930197510663202298082374235e-01, 4.40551436901507834598248818471365058294e+00, 4.46028776640130046852195690716297088272e-01, -3.3988104277987856e+00, 1.6863174914936942e+00
0.20600000, 4.35293748059425216004160499917315438889e-01, -2.27388372408888440822370837305484046584e+00, 3.91974049740683608816252580425280437736e+00, 6.39339716566680711743440170593550365775e-01, 4.40491388637210681150298771021536840131e+00, 4.46812446374098785283410284072955849074e-01, -3.4142304136763081e+00, 1.6844487752172276e+00
0.20700000, 4.35863634629536199572099967913564432292e-01, -2.27326979881976683781871081854484923236e+00, 3.91936189546964348035899176321375180005e+00, 6.42359746099903476159576844042379375649e-01, 4.40431298308783370711654874412858527903e+00, 4.47596711711131303738818631515109494139e-01, -3.4297253075619244e+00, 1.6825167537868090e+00
0.20800000, 4.36434453363392795780428123905321979777e-01, -2.27265539786389623194273070107138229938e+00, 3.91898289464508956119147401613470024995e+00, 6.45378998487114444690665184321925073504e-01, 4.40371165646433201178981606125258978001e+00, 4.48381571771459931532025233152210753919e-01, -3.4452953872310187e+00, 1.6805207545171104e+00
0.20900000, 4.37006203893984740135712552752670389156e-01, -2.27204051959986339638762963766167672546e+00, 3.91860348739544031689368277343075463930e+00, 6.48397474068599994438769581141586971405e-01, 4.40310990378959219186211653488445555359e+00, 4.49167025685865256911156348284239154099e-01, -3.4609409298019831e+00, 1.6784600983338349e+00
0.21000000, 4.37578885862022024372680938045500831223e-01, -2.27142516238976346164905823506655118326e+00, 3.91822366617394004661318611453593401025e+00, 6.51415173177301862145380859653414517509e-01, 4.40250772233755347314672898073934729617e+00, 4.49953072595681502280915842430877945468e-01, -3.4766622117041154e+00, 1.6763340997163938e+00
0.21100000, 4.38152498915993205007392737482394918908e-01, -2.27080932457923979983627219077275883351e+00, 3.91784342342467968988372450033274716074e+00, 6.54432096138702476997854197443771309220e-01, 4.40190510936813450871703913733092756623e+00, 4.50739711652801392345744783202558405201e-01, -3.4924595086449377e+00, 1.6741420666401519e+00
0.21200000, 4.38727042712222757065506040106418767090e-01, -2.27019300449752766264264662639399981065e+00, 3.91746275158246458027102473264613107651e+00, 6.57448243270710682358824007509579703748e-01, 4.40130206212726343691843976679108893429e+00, 4.51526942019680520868924077793016623101e-01, -3.5083330955769230e+00, 1.6718833005182383e+00
0.21300000, 4.39302516914927481326676043342445281466e-01, -2.26957620045749752824962362720902530438e+00, 3.91708164307268163224315418152655465938e+00, 6.60463614883547838890509081936837787877e-01, 4.40069857784690732421797943689036732228e+00, 4.52314762869341221761388579396604952172e-01, -3.5242832466636255e+00, 1.6695570961429190e+00
0.21400000, 4.39878921196271973489434705394030705353e-01, -2.26895891075569814521623647885723693711e+00, 3.91670009031116596816806099693473275382e+00, 6.63478211279634301434581480442580833697e-01, 4.40009465374510098757463904680966737914e+00, 4.53103173385375950231269673140881315190e-01, -3.5403102352452005e+00, 1.6671627416265301e+00
0.21500000, 4.40456255236423163720833336589119536240e-01, -2.26834113367239926158457213757876913741e+00, 3.91631808570406699219259163383150987637e+00, 6.66492032753476261899337772822189176313e-01, 4.39949028702597519108368641161328986616e+00, 4.53892172761950179740768824847646656616e-01, -3.5564143338033080e+00, 1.6646995183419696e+00
0.21600000, 4.41034518723603935111737173108332700607e-01, -2.26772286747163402760851805170663080871e+00, 3.91593562164771391760900103447045370220e+00, 6.69505079591552950299245968865478251610e-01, 4.39888547487978421171879092462945785869e+00, 4.54681760203804820530904907496260909290e-01, -3.5725958139253883e+00, 1.6621667008627433e+00
0.21700000, 4.41613711354145829611999310394386356077e-01, -2.26710411040124106068884910993935642267e+00, 3.91555269052848075416680986326136473937e+00, 6.72517352072204185987510161360264199234e-01, 4.39828021448293276906543804707288695619e+00, 4.55471934926258165486991778684625379815e-01, -3.5888549462683009e+00, 1.6595635569025647e+00
0.21800000, 4.42193832832540850069866713818024931738e-01, -2.26648486069290616127210527709267773390e+00, 3.91516928472265076163985287099554309792e+00, 6.75528850465518271020061662169192936810e-01, 4.39767450299800231400863357349616228646e+00, 4.56262696155207369128408504828537008573e-01, -3.6051920005213162e+00, 1.6568893472545058e+00
0.21900000, 4.42774882871492367046939263772392634551e-01, -2.26586511656220366864375192893556060577e+00, 3.91478539659628037581053733884332873849e+00, 6.78539575033220217489314072307615312485e-01, 4.39706833757377667140689759836097042626e+00, 4.57054043127129465515342191764759962650e-01, -3.6216072453684502e+00, 1.6541433257296948e+00
0.22000000, 4.43356861191965139123869735987315235233e-01, -2.26524487620863744571776601725961663516e+00, 3.91440101850506261288572416085649410297e+00, 6.81549526028560300568073910221184036258e-01, 4.39646171534526703185308603182178323848e+00, 4.57845975089081930872732376362818290390e-01, -3.6381009484501324e+00, 1.6513247390955614e+00
0.22100000, 4.43939767523234455452813954214244642398e-01, -2.26462413781568148209501642865209442661e+00, 3.91401614279418995821128900059206034693e+00, 6.84558703696202928908141536721506482728e-01, 4.39585463343373628769061240534437962205e+00, 4.58638491298702796737646533744145212524e-01, -3.6546733763241963e+00, 1.6484328270136248e+00
0.22200000, 4.44523601602934409350471627406791446106e-01, -2.26400289955082010483157210743113686226e+00, 3.91363076179821674500534863961284417533e+00, 6.87567108272115823944332382679357721306e-01, 4.39524708894672270852114444278059271748e+00, 4.59431591024210319440788991356127581015e-01, -3.6713247944261820e+00, 1.6454668219768230e+00
0.22300000, 4.45108363177105311760454974205381914380e-01, -2.26338115956558778652534395081037884144e+00, 3.91324486784092102868337867428596656777e+00, 6.90574739983459499562858962965868095164e-01, 4.39463907897806295150678916544607573478e+00, 4.60225273544402211735811277311016603297e-01, -3.6880554670289400e+00, 1.6424259492463811e+00
0.22400000, 4.45694052000240253445739327206767216380e-01, -2.26275891599560854049521477874730860532e+00, 3.91285845323516596220203269034195394955e+00, 6.93581599048477033503202757278531242905e-01, 4.39403060060791440183612870188730663966e+00, 4.61019538148654442391571834519938476172e-01, -3.7048656572015272e+00, 1.6393094267882171e+00
0.22500000, 4.46280667835330824801142463481000570976e-01, -2.26213616696063489299100580445857761967e+00, 3.91247151028276067770242856872711635284e+00, 6.96587685676384121774734538119940671796e-01, 4.39342165090277683878919886414310545245e+00, 4.61814384136919609562508553222520124622e-01, -3.7217556267673812e+00, 1.6361164652088804e+00
0.22600000, 4.46868210453912002202202150190293822042e-01, -2.26151291056458642253523927869472127204e+00, 3.91208403127432067958802231928398388411e+00, 6.99593000067259407283374802279324509680e-01, 4.39281222691551342290158713285389350739e+00, 4.62609810819724893750860417665347486603e-01, -3.7387256362617654e+00, 1.6328462676910246e+00
0.22700000, 4.47456679636106209830528785449267447579e-01, -2.26088914489558785665865794384398710513e+00, 3.91169600848912775402697053252774812761e+00, 7.02597542411935073779485197851200683172e-01, 4.39220232568537099979223997646969199813e+00, 4.63405817518169596171626665410160658314e-01, -3.7557759448884706e+00, 1.6294980299284082e+00
0.22800000, 4.48046075170666565936756230069101090616e-01, -2.26026486802600671645082647860749396262e+00, 3.91130743419498939972411499277537611918e+00, 7.05601312891887696155909743832794420561e-01, 4.39159194423799971628328623184178135825e+00, 4.64202403563922268326905366752277012784e-01, -3.7729068104757642e+00, 1.6260709400604249e+00
0.22900000, 4.48636396855019322520652835013298014856e-01, -2.25964007801249049950484335535511153204e+00, 3.91091830064809778466343210637721603068e+00, 7.08604311679129338044603666792409492149e-01, 4.39098107958547194450317920632738283184e+00, 4.64999568299217438590630580367023028261e-01, -3.7901184894315743e+00, 1.6225641786061579e+00
0.23000000, 4.49227644495305507423839815989765145674e-01, -2.25901477289600339199120981009728566911e+00, 3.91052860009288823337799956792492210879e+00, 7.11606538936098887581560241792723742135e-01, 4.39036972872630050972671162242776311480e+00, 4.65797311076851941597750727692150244783e-01, -3.8074112366978965e+00, 1.6189769183979590e+00
0.23100000, 4.49819817906421777843948709546122475702e-01, -2.25838895070186250075021347939375595634e+00, 3.91013832476189724916126623236133142576e+00, 7.14607994815553622132734510895872559020e-01, 4.38975788864545621776694168806219041336e+00, 4.66595631260180856223583194253574986558e-01, -3.8247853057044140e+00, 1.6153083245145477e+00
0.23200000, 4.50412916912060494289986500197612234406e-01, -2.25776260943977359644476640547503242947e+00, 3.90974746687562007549069072878372228829e+00, 7.17608679460460992698329540988584475344e-01, 4.38914555631438467779476337794647085757e+00, 4.67394528223113057929464175445204854142e-01, -3.8422409483213160e+00, 1.6115575542136307e+00
0.23300000, 4.51006941344749024007218590838835314637e-01, -2.25713574710386635896647041788124811072e+00, 3.90935601864236780079266133241805235079e+00, 7.20608593003890618639118357434038286379e-01, 4.38853272869102241652173814899270467089e+00, 4.68194001350106391239911304112422061332e-01, -3.8597784148113046e+00, 1.6077237568640378e+00
0.23400000, 4.51601891045888282906078157068107529160e-01, -2.25650836167272911643674836164625854309e+00, 3.90896397225812401053604455150480756995e+00, 7.23607735568906483296385254680277718508e-01, 4.38791940271981227974085822516748309196e+00, 4.68994050036162468104352577722770199583e-01, -3.8773979537807772e+00, 1.6038060738773730e+00
0.23500000, 4.52197765865790525033517224988901215495e-01, -2.25588045110944306929215935588012426348e+00, 3.90857131990640099050075250289977338626e+00, 7.26606107268459321006546275959456636872e-01, 4.38730557533171811727811344926734652939e+00, 4.69794673686821097883071558204642146864e-01, -3.8950998121301712e+00, 1.5998036386391792e+00
0.23600000, 4.52794565663716388626881258045317740578e-01, -2.25525201336161599108849340846143930362e+00, 3.90817805375809548492738834553449690752e+00, 7.29603708205279185942512754260930039203e-01, 4.38669124344423874746506540847481086855e+00, 4.70595871718154354682398807832692316111e-01, -3.9128842350034602e+00, 1.5957155764396133e+00
0.23700000, 4.53392290307911207789865905109532644667e-01, -2.25462304636141539780189951271483751152e+00, 3.90778416597134401311434291408891973719e+00, 7.32600538471768193146356457256970906280e-01, 4.38607640396142119729907570748815768308e+00, 4.71397643556760287748366138079058425697e-01, -3.9307514657367865e+00, 1.5915410044036312e+00
0.23800000, 4.53990939675640598827452166321752231269e-01, -2.25399354802560117754712707094595801033e+00, 3.90738964869137774788969155790084140260e+00, 7.35596598149893422051782692050861267845e-01, 4.38546105377387321451337219849228950839e+00, 4.72199988639756280611056584280250753189e-01, -3.9487017458062195e+00, 1.5872790314206795e+00
0.23900000, 4.54590513653225330271964422306983967298e-01, -2.25336351625555767277293939434212920862e+00, 3.90699449405037695924689457982412027265e+00, 7.38591887311079972730281396212700946822e-01, 4.38484518975877504783375068159264391237e+00, 4.73002906414772064653752170705990814428e-01, -3.9667353147746246e+00, 1.5829287580738934e+00
0.24000000, 4.55191012136075485625603911450777851845e-01, -2.25273294893732520713287736825280215356e+00, 3.90659869416732502629565336392294801469e+00, 7.41586406016104165031568557872430483662e-01, 4.38422880877989049175238374050674969076e+00, 4.73806396339942392761726569753297900823e-01, -3.9848524102376312e+00, 1.5784892765687972e+00
0.24100000, 4.55792435028723927836027200147976723192e-01, -2.25210184394163104936579935417711829626e+00, 3.90620224114786202054233231093704791663e+00, 7.44580154314986870727014162209059916581e-01, 4.38361190768757719220192731997822182083e+00, 4.74610457883899378685173719757138367126e-01, -4.0030532677686849e+00, 1.5739596706615078e+00
0.24200000, 4.56394782244859074510813338656770138476e-01, -2.25147019912391980665498916798190137198e+00, 3.90580512708413786337813836566335717388e+00, 7.47573132246886968704141261510681157322e-01, 4.38299448331879620956486438098297182723e+00, 4.75415090525764507729329330164680154086e-01, -4.0213381208631706e+00, 1.5693390155864372e+00
0.24300000, 4.56998053707356992864042581341881519403e-01, -2.25083801232438324006709758275362464200e+00, 3.90540734405466506051776880196694593642e+00, 7.50565339839994913200936842257877009747e-01, 4.38237653249712083550378912643512961720e+00, 4.76220293755140324362352885564110547810e-01, -4.0397072008815936e+00, 1.5646263779834946e+00
0.24400000, 4.57602249348312823373741100440847270599e-01, -2.25020528136798949480275519754133177985e+00, 3.90500888412417101599650690613735580335e+00, 7.53556777111426405010602180035608612771e-01, 4.38175805203274466014810114233562647630e+00, 4.77026067072101802308016095470787111275e-01, -4.0581607369918029e+00, 1.5598208158247839e+00
0.24500000, 4.58207369109071541112676828410396558001e-01, -2.24957200406451173811935749879099270486e+00, 3.90460973934344992819977645467717685802e+00, 7.56547444067116155530451738429459859557e-01, 4.38113903872248888622133323289441206496e+00, 4.77832409987187402665712464756834828767e-01, -4.0766989561102441e+00, 1.5549213783407979e+00
0.24600000, 4.58813412940258063696967673771640512189e-01, -2.24893817820855619791326917078229348147e+00, 3.90420990174921427026597092906641578860e+00, 7.59537340701711733472908939027546638513e-01, 4.38051948934980888674106723369532714981e+00, 4.78639322021389825574784412837745979924e-01, -4.0953220828422262e+00, 1.5499271059461048e+00
0.24700000, 4.59420380801806714777230566489549312995e-01, -2.24830380157958959507351765602546813016e+00, 3.90380936336394585707096309599636916703e+00, 7.62526466998467484001908022510875129796e-01, 4.37989940068480000297008674749638347517e+00, 4.79446802706146460913681661178870011862e-01, -4.1140303394211887e+00, 1.5448370301645276e+00
0.24800000, 4.60028272662990051975603240082499379800e-01, -2.24766887194196596284193989496081979951e+00, 3.90340811619574650087108510696261410379e+00, 7.65514822929138510004457618071898308248e-01, 4.37927876948420257934306322579218428366e+00, 4.80254851583329543497039819657314463950e-01, -4.1328239456469536e+00, 1.5396501735538138e+00
0.24900000, 4.60637088502447068148954922190684366859e-01, -2.24703338704495284653570613022112339077e+00, 3.90300615223818825755055820125075202343e+00, 7.68502408453874705154617595912111479121e-01, 4.37865759249140623213766134634065872500e+00, 4.81063468205236018205423470927056957516e-01, -4.1517031188229470e+00, 1.5343655496297950e+00
0.25000000, 4.61246828308210774834011184709088455752e-01, -2.24639734462275687710716644113660393015e+00, 3.90260346347016326528935337563971270607e+00, 7.71489223521114828375650531290052786336e-01, 4.37803586643645334870247099800712040471e+00, 4.81872652134577120453235662073122786865e-01, -4.1706680736923757e+00, 1.5289821627900335e+00
0.25100000, 4.61857492077735176703995522544082278073e-01, -2.24576074239454871213304580744463980002e+00, 3.90220004185573317733828834976262135360e+00, 7.74475268067480609255597080914833828734e-01, 4.37741358803604181409661670752697362111e+00, 4.82682402944467677370177483569468276265e-01, -4.1897190223733430e+00, 1.5234990082369563e+00
0.25200000, 4.62469079817921645838778627199422257559e-01, -2.24512357806448733794014922551984393199e+00, 3.90179587934397819045981955156860845880e+00, 7.77460542017670873921955378193840407720e-01, 4.37679075399352696203725188612957206464e+00, 4.83492720218415135040669090972275340919e-01, -4.2088561742928880e+00, 1.5179150719004747e+00
0.25300000, 4.63081591545144704581468050350950869408e-01, -2.24448584932174372668792764262129701380e+00, 3.90139096786884567046547783620343076673e+00, 7.80445045284355680832483005700420462525e-01, 4.37616736099892274709140621286344834968e+00, 4.84303603550308317113838664304861352642e-01, -4.2280797361199331e+00, 1.5122293303600873e+00
0.25400000, 4.63695027285277225723907673526786987459e-01, -2.24384755384052384233949682892063341292e+00, 3.90098529934899837615422983072180127353e+00, 7.83428777768070455891351217152623241144e-01, 4.37554340572890213508781168636364499666e+00, 4.85115052544405920064069769177838246475e-01, -4.2473899116971220e+00, 1.5064407507664674e+00
0.25500000, 4.64309387073715058731729176800293381707e-01, -2.24320868928009098956199401439768753876e+00, 3.90057886568766228283022920993426201957e+00, 7.86411739357110116252930081121838117853e-01, 4.37491888484679670876237874067690967204e+00, 4.85927066815324750348691544961285347285e-01, -4.2667869019715341e+00, 1.5005482907625320e+00
0.25600000, 4.64924670955401090686446995982553007539e-01, -2.24256925328478749970450104522474970801e+00, 3.90017165877247400645345935893949348283e+00, 7.89393929927423172129335541048985822338e-01, 4.37429379500259548568792118668736134498e+00, 4.86739645988027708675221050112142182527e-01, -4.2862709049242573e+00, 1.4945508984039918e+00
0.25700000, 4.65540878984848750587653935180513465365e-01, -2.24192924348405574810715843508641483117e+00, 3.89976367047532782935266574221567398962e+00, 7.92375349342505795872490683994505820898e-01, 4.37366813283294294557453092947246008123e+00, 4.87552789697811526555643675026895993110e-01, -4.3058421154988025e+00, 1.4884475120793822e+00
0.25800000, 4.66158011226164965622695915180157022433e-01, -2.24128865749245849709854306001626086851e+00, 3.89935489265222232830673734047209462063e+00, 7.95355997453295847556809657372263690093e-01, 4.37304189496113626406167419978580522418e+00, 4.88366497590294260289566293465775525657e-01, -4.3255007255283436e+00, 1.4822370604295738e+00
0.25900000, 4.66776067753072577974319935491178874543e-01, -2.24064749290969855913988499601418294715e+00, 3.89894531714310660567832569689047476473e+00, 7.98335874098066846244669766093362974636e-01, 4.37241507799712175015661464417934706888e+00, 4.89180769321402547481719035270897078548e-01, -4.3452469236617646e+00, 1.4759184622667611e+00
0.26000000, 4.67395048648932230698737246923481063107e-01, -2.24000574732063777467425829896816542644e+00, 3.89853493577172612416199090801495751303e+00, 8.01314979102321876073561646481782680897e-01, 4.37178767853749048450615969337228990390e+00, 4.89995604557358631162235255098766908143e-01, -4.3650808952884980e+00, 1.4694906264929303e+00
0.26100000, 4.68014954006763731167361398957403892971e-01, -2.23936341829531529933649907590746327621e+00, 3.89812374034546814558853930020901036889e+00, 8.04293312278687416261165602282949272513e-01, 4.37115969316547315571997024151949424855e+00, 4.90811002974667156540425225687552871230e-01, -4.3850028224621349e+00, 1.4629524520178044e+00
0.26200000, 4.68635783929266900525205056340595999644e-01, -2.23872050338896519527528520379602614732e+00, 3.89771172265520677410747008644551853319e+00, 8.07270873426807084082560988701812453091e-01, 4.37053111845093409199376529600875259325e+00, 4.91626964260101745384396827198210439277e-01, -4.4050128838227901e+00, 1.4563028276762652e+00
0.26300000, 4.69257538528841917577586473682645182134e-01, -2.23807700014203332143255921556071208112e+00, 3.89729887447514760395058008620262975260e+00, 8.10247662333235279832301963895012778748e-01, 4.36990195095036448530968876916472839709e+00, 4.92443488110691352979885303876688300111e-01, -4.4251112545182040e+00, 1.4495406321452520e+00
0.26400000, 4.69880217927609165474441863265068846486e-01, -2.23743290608019351771729336336307381858e+00, 3.89688518756267197186178826153529713537e+00, 8.13223678771330722743154251421406103216e-01, 4.36927218720687480551888123360497100247e+00, 4.93260574233706412582053017655963809677e-01, -4.4452981061235622e+00, 1.4426647338601379e+00
0.26500000, 4.70503822257428589518198564248557877568e-01, -2.23678821871436307810048831069162015345e+00, 3.89647065365818081416113659750138310115e+00, 8.16198922501149866792851267681544087794e-01, 4.36864182375018640163791187707882085754e+00, 4.94078222346644772233827776599294875374e-01, -4.4655736065600146e+00, 1.4356739909305805e+00
0.26600000, 4.71128351659918574376870282051325100744e-01, -2.23614293554071750774626935829369922380e+00, 3.89605526448493812829470154404172371930e+00, 8.19173393269340185290261800694536915918e-01, 4.36801085709662228771617205512148328222e+00, 4.94896432177217428783583209884657972945e-01, -4.4859379200118750e+00, 1.4285672510558504e+00
0.26700000, 4.71753806286474348938823463238150615320e-01, -2.23549705404070455938000205368607962689e+00, 3.89563901174891403860681124658343670458e+00, 8.22147090809033313092833356586734310029e-01, 4.36737928374909711065560908352818813836e+00, 4.95715203463334063893644975693624346443e-01, -4.5063912068424819e+00, 1.4213433514396345e+00
0.26800000, 4.72380186298285926999566240210034052010e-01, -2.23485057168105754417849835105145305828e+00, 3.89522188713862746595650814175195427289e+00, 8.25120014839738035268053535206637237465e-01, 4.36674710019710629738728490687933126691e+00, 4.96534535953088386789250214669876877998e-01, -4.5269336235087013e+00, 1.4140011187043166e+00
0.26900000, 4.73007491866355591923960846903849798008e-01, -2.23420348591380791254963144366153280912e+00, 3.89480388232498840068662382227926949904e+00, 8.28092165067233110972924815588771954778e-01, 4.36611430291671437883117701882354141120e+00, 4.97354429404743288455212201719234891283e-01, -4.5475653224740510e+00, 1.4065393688047331e+00
0.27000000, 4.73635723171514933379488887736840681237e-01, -2.23355579417629710024902861880574038669e+00, 3.89438498896113977834114265460897775073e+00, 8.31063541183459921287044627077598841458e-01, 4.36548088837054248808639680337174474374e+00, 4.98174883586715811944664912636138600296e-01, -4.5682864521204279e+00, 1.3989569069414066e+00
0.27100000, 4.74264880404441444187637645487556710237e-01, -2.23290749389118763535997397188217498631e+00, 3.89396519868229895741472138183560636173e+00, 8.34034142866414929696791496624633263924e-01, 4.36484685300775503031858192594834719886e+00, 4.98995898277561943420900223309969205878e-01, -4.5890971566584166e+00, 1.3912525274732556e+00
0.27200000, 4.74894963765674685291155442090262846528e-01, -2.23225858246647350173923388432307537408e+00, 3.89354450310559879830730243763541266425e+00, 8.37003969780041943890308583071188663825e-01, 4.36421219326404552182962343238103225186e+00, 4.99817473265961228509480412955360806968e-01, -4.6099975760361590e+00, 1.3834250138297818e+00
0.27300000, 4.75525973465632026784875018022586211665e-01, -2.23160905729548975460622546240780519321e+00, 3.89312289382992834254670717516818302052e+00, 8.39973021574124167485417462855490159001e-01, 4.36357690556162159581211399869540362430e+00, 5.00639608350701218493526961730567097411e-01, -4.6309878458467650e+00, 1.3754731384227360e+00
0.27400000, 4.76157909724623972907055468211168745920e-01, -2.23095891575692138402578959897992559777e+00, 3.89270036243577309123291959820509935336e+00, 8.42941297884176030275257287385894403764e-01, 4.36294098630918917230695077046063326244e+00, 5.01462303340661750840369425267498773858e-01, -4.6520680972342426e+00, 1.3673956625572626e+00
0.27500000, 4.76790772772869078836774363388355213053e-01, -2.23030815521481142210581419599428916096e+00, 3.89227690048505488154946907867148796859e+00, 8.45908798331334785539297299426038533095e-01, 4.36230443190193578989739415355604871421e+00, 5.02285558054799068502601234748508998716e-01, -4.6732384567979253e+00, 1.3591913363425236e+00
0.27600000, 4.77424562850508467090840597686211206236e-01, -2.22965677301856828980008788643399403476e+00, 3.89185249952097136007988926382226078095e+00, 8.48875522522251862930384322586317228158e-01, 4.36166723872151309668657273435079243038e+00, 5.03109372322129782391048102366148580946e-01, -4.6944990464953767e+00, 1.3508588986018036e+00
0.27700000, 4.78059280207619951261022944854211979982e-01, -2.22900476650297237927405909415252002172e+00, 3.89142715106783505156066693609176474291e+00, 8.51841470048983965411631610710406381671e-01, 4.36102940313601849811793442161428453082e+00, 5.03933745981714681371224487797658855284e-01, -4.7158499835437490e+00, 1.3423970767820964e+00
0.27800000, 4.78694925104231774779126395699825462876e-01, -2.22835213298818186785663849108320577193e+00, 3.89100084663091202159639572862436679843e+00, 8.54806640488883898680201985384634409556e-01, 4.36039092149997595920947534954730728312e+00, 5.04758678882642394088549167738680894703e-01, -4.7372913803195734e+00, 1.3338045868631752e+00
0.27900000, 4.79331497810335972343624620326757509992e-01, -2.22769886977973775966482410738345629696e+00, 3.89057357769626013175801178982559631363e+00, 8.57771033404491121478357357625479544557e-01, 4.35975179015431595878273171505601318361e+00, 5.05584170884012906880926898464224474029e-01, -4.7588233442569608e+00, 1.3250801332661463e+00
0.28000000, 4.79968998605901361587198299402779836428e-01, -2.22704497416856815104975699512200339064e+00, 3.89014533573056688538100794217563189616e+00, 8.60734648343422005155509614664229932207e-01, 4.35911200542635459327649640624800896553e+00, 5.06410221854920941990293705130884247455e-01, -4.7804459777441886e+00, 1.3162224087614896e+00
0.28100000, 4.80607427780886172509660968357873914081e-01, -2.22639044343099171607284111976145487252e+00, 3.88971611218098686227739555613033559514e+00, 8.63697484838259790808385776278200436195e-01, 4.35847156362977182774302307645202121435e+00, 5.07236831674439200237382387565263834187e-01, -4.8021593780186509e+00, 1.3072300943765863e+00
0.28200000, 4.81246785635250322145401210624673060379e-01, -2.22573527482872040827879392861691516555e+00, 3.88928589847497874047290498202153705993e+00, 8.66659542406444232289784837729930768372e-01, 4.35783046106458889163110648254493492794e+00, 5.08064000231601472276305998125495619998e-01, -4.8239636370601492e+00, 1.2981018593027362e+00
0.28300000, 4.81887072478967341878656742446803063325e-01, -2.22507946560886137508894387462769713168e+00, 3.88885468602014190297948144463712572529e+00, 8.69620820550160913339726594901303128610e-01, 4.35718869401714481696588087268606087259e+00, 5.08891727425385622497593600548436073321e-01, -4.8458588414824989e+00, 1.2888363608016664e+00
0.28400000, 4.82528288632035964763685806244444229764e-01, -2.22442301300391808119276827791493953476e+00, 3.88842246620405262751253907965293997317e+00, 8.72581318756230227056045992364064308778e-01, 4.35654625876007211653945958313851988200e+00, 5.09720013164696449600057516572067492618e-01, -4.8678450724234280e+00, 1.2794322441115333e+00
0.28500000, 4.83170434424491380150237422256247262212e-01, -2.22376591423179063736857966309938529506e+00, 3.88798923039409985696267634056195679841e+00, 8.75541036495996005884642368818406771287e-01, 4.35590315155227159972965055581653015868e+00, 5.10548857368348427803337145417854550924e-01, -4.8899224054327435e+00, 1.2698881423524207e+00
0.28600000, 4.83813510196416162857666970050894333027e-01, -2.22310816649577533121543163734191163335e+00, 3.88755496993732054833262618989489633399e+00, 8.78499973225213790272623836807415246694e-01, 4.35525936863888632356592614041504439439e+00, 5.11378259965048332624163614152641558672e-01, -4.9120909103587403e+00, 1.2602026764313358e+00
0.28700000, 4.84457516297950884083619258460250201559e-01, -2.22244976698456335632773712477489914941e+00, 3.88711967616023459775210897754762653482e+00, 8.81458128383938724090465580474634947690e-01, 4.35461490625127467666260336533205013581e+00, 5.12208220893377755090333976797767163310e-01, -4.9343506512328282e+00, 1.2503744549467067e+00
0.28800000, 4.85102453089304411175429120028572471664e-01, -2.22179071287223873649178312039853214861e+00, 3.88668334036867933908596918655575050577e+00, 8.84415501396413064891999954177576550069e-01, 4.35396976060698259363880505434389810847e+00, 5.13038740101775508217085096974581101779e-01, -4.9567016861523510e+00, 1.2404020740923823e+00
0.28900000, 4.85748320940763903334290513844714189851e-01, -2.22113100131827544152929795327054245980e+00, 3.88624595384764361355450360253808827658e+00, 8.87372091670953297043548992728630774316e-01, 4.35332392790971489764322506332025758914e+00, 5.13869817548519929521027070881080565136e-01, -4.9791440671615714e+00, 1.2302841175611403e+00
0.29000000, 4.86395120232704510263839477089548634247e-01, -2.22047062946753369145749033640917785037e+00, 3.88580750786110140768922208099098478233e+00, 8.90327898599836835715769583141269597697e-01, 4.35267740434930576859901496495762946139e+00, 5.14701453201711083297045100432036343475e-01, -5.0016778401307977e+00, 1.2200191564477039e+00
0.29100000, 4.87042851355598780716103832814234510013e-01, -2.21980959445025544567754529902374233282e+00, 3.88536799365184505685241693275717691862e+00, 8.93282921559188309693781582208695040314e-01, 4.35203018610168833478024728281070767336e+00, 5.15533647039252866333617814554094883183e-01, -5.0243030446336223e+00, 1.2096057491512715e+00
0.29200000, 4.87691514710025787828812609767927534344e-01, -2.21914789338205907394444159322530928727e+00, 3.88492740244131801145484685917259285507e+00, 8.96237159908865410922863276516474861047e-01, 4.35138226932886338532639453549719816294e+00, 5.16366399048835020691839542452710085100e-01, -5.0470197138222490e+00, 1.1990424412775638e+00
0.29300000, 4.88341110706679978088849403169217888240e-01, -2.21848552336393320591015955791770646008e+00, 3.88448572542944716291256004046003795545e+00, 8.99190612992344298668400648564145897575e-01, 4.35073365017886720129509666012332977707e+00, 5.17199709227915057123084027578075569814e-01, -5.0698278743008786e+00, 1.1883277655403905e+00
0.29400000, 4.88991639766379750697194624998663389559e-01, -2.21782248148222975606988898091964759185e+00, 3.88404295379447472629138197683498110150e+00, 9.02143280136604546129841002095929092138e-01, 4.35008432478573850284617469089130519758e+00, 5.18033577583700092649717275821790880344e-01, -5.0927275459971271e+00, 1.1774602416627414e+00
0.29500000, 4.89643102320075774051049463674938149414e-01, -2.21715876480865612097673454889756332233e+00, 3.88359907869278967649587043953003778969e+00, 9.05095160652013617309101865622206917421e-01, 4.34943428926948451014138880500770951804e+00, 5.18868004133128605782567076983692582726e-01, -5.1157187420314488e+00, 1.1664383762774058e+00
0.29600000, 4.90295498808859045998986589038985164881e-01, -2.21649437040026654562466337504806730319e+00, 3.88315409125875873476858572945860303486e+00, 9.08046253832210861894197171971410283288e-01, 4.34878353973604611553483701684512568950e+00, 5.19702988902852112797995326263087365192e-01, -5.1388014685845337e+00, 1.1552606628271246e+00
0.29700000, 4.90948829683968704464945885819576921496e-01, -2.21582929529945265593205623852973429847e+00, 3.88270798260455690217533257607992961025e+00, 9.10996558953991015878739118239810466099e-01, 4.34813207227726216461814997192465021111e+00, 5.20538531929216768446405385425905247864e-01, -5.1619757247626534e+00, 1.1439255814642799e+00
0.29800000, 4.91603095406799594976703961921423628363e-01, -2.21516353653393315428922297067278510291e+00, 3.88226074381999753666259354797076536426e+00, 9.13946075277187195597430633226534423848e-01, 4.34747988297083284367276059235889328548e+00, 5.21374633258244894412858826677359176036e-01, -5.1852415024609242e+00, 1.1324315989501259e+00
0.29900000, 4.92258296448909601574109545125282944592e-01, -2.21449709111674267516263430706884390833e+00, 3.88181236597236197018468580510838726866e+00, 9.16894802044553372816654976260807109135e-01, 4.34682696788028217106851793420426592006e+00, 5.22211292945616438799182144671158559436e-01, -5.2085987862244593e+00, 1.1207771685535676e+00
0.30000000, 4.92914433292026747511908349837771335220e-01, -2.21382995604621979777641892229243128175e+00, 3.88136284010622866231022632940913006310e+00, 9.19842738481646318477770785003590340867e-01, 4.34617332305491959013377575879023347830e+00, 5.23048511056650369845522236283881607669e-01, -5.2320475531073794e+00, 1.1089607299494912e+00
0.30100000, 4.93571506428056072111395274793341826979e-01, -2.21316212830599421291788670209060005088e+00, 3.88091215724330188663027827337891742253e+00, 9.22789883796707002648708163310089867786e-01, 4.34551894452980066100682125671482185527e+00, 5.23886287666286007057767151824597402654e-01, -5.2555877725296517e+00, 1.0969807091166524e+00
0.30200000, 4.94229516359086290054443112352880052499e-01, -2.21249360486497304093847900168225232199e+00, 3.88046030838223994620406554290955425243e+00, 9.25736237180541438196909592046655361542e-01, 4.34486382832568684896212138860635962874e+00, 5.24724622859064292855593019657354507524e-01, -5.2792194061317264e+00, 1.0848355182351283e+00
0.30300000, 4.94888463597396239352679063516202641150e-01, -2.21182438267732629804462508436385313589e+00, 3.88000728449848291419237688973865826618e+00, 9.28681797806400955653544145035677031591e-01, 4.34420797044900440668735673994540336651e+00, 5.25563516729109007804136030732365768915e-01, -5.3029424076269407e+00, 1.0725235555833384e+00
0.30400000, 4.95548348665461124163726542361594756862e-01, -2.21115445868247150799451250123365963823e+00, 3.87955307654407989574372728355430538830e+00, 9.31626564829861896695220434036654258871e-01, 4.34355136689180234796858896617516995243e+00, 5.26402969380107932440426520910272593940e-01, -5.3267567226516567e+00, 1.0600432054346415e+00
0.30500000, 4.96209172095958558565512836012657672262e-01, -2.21048382980505745633676919586257748802e+00, 3.87909767544751580711399576284002387458e+00, 9.34570537388704713625108766688644786877e-01, 4.34289401363170951022117117981808963813e+00, 5.27242980925293958653766777829317187466e-01, -5.3506622886131037e+00, 1.0473928379535148e+00
0.30600000, 4.96870934431774417338675517480135011685e-01, -2.20981249295494708434551789148656001777e+00, 3.87864107211353766791660788165655175963e+00, 9.37513714602792462190432191272194379657e-01, 4.34223590663189070328316436106431355227e+00, 5.28083551487426153527191187227658575943e-01, -5.3746590345348907e+00, 1.0345708090913217e+00
0.30700000, 4.97533636226008499746093989410837023478e-01, -2.20914044502719951982321008925918477997e+00, 3.87818325742298040231736979219886145891e+00, 9.40456095573948675027675564321697896224e-01, 4.34157704184100194186607041606713698171e+00, 5.28924681198770778495022375422796813823e-01, -5.3987468809001571e+00, 1.0215754604816760e+00
0.30800000, 4.98197278041980012237538617066897868419e-01, -2.20846768290205124195808896629437332233e+00, 3.87772422223259214490578241338116328178e+00, 9.43397679385834602980567779361015679332e-01, 4.34091741519314475903463721709345694397e+00, 5.29766370201082266619335448230195931173e-01, -5.4229257394923285e+00, 1.0084051193354087e+00
0.30900000, 4.98861860453232875946379593577374682455e-01, -2.20779420344489637743707874275117877459e+00, 3.87726395737485904689306049115144880206e+00, 9.46338465103825811488891225425849249239e-01, 4.34025702260781959806333617965518156849e+00, 5.30608618645584160735869315313213989930e-01, -5.4471955132334435e+00, 9.9505809833514673e-01
0.31000000, 4.99527384043540864784241534150847560106e-01, -2.20712000350626612502736375202356312060e+00, 3.87680245365782957820614509427410684141e+00, 9.49278451774888119198440905586068794069e-01, 4.33959585998987827999186199207594315167e+00, 5.31451426692950015167584162672949456088e-01, -5.4715560960200181e+00, 9.8153269552950977e-01
0.31100000, 5.00193849406912579878437947684646722370e-01, -2.20644507992180730585091448796669412448e+00, 3.87633970186493832096672163395396527387e+00, 9.52217638427452865893970050946447479061e-01, 4.33893392322947554417566031997570112678e+00, 5.32294794513284263651661832496745738811e-01, -5.4960073725564123e+00, 9.6782719422693452e-01
0.31200000, 5.00861257147596266035981882852417036450e-01, -2.20576942951226003658575122973904447540e+00, 3.87587569275482924976463126344791329129e+00, 9.55156024071291496807696231242453239235e-01, 4.33827120820201965910005594312220337234e+00, 5.33138722286103056073285325967699488432e-01, -5.5205492181856644e+00, 9.5393986288913465e-01
0.31300000, 5.01529607880084475856954464633478844603e-01, -2.20509304908343452283581928526815892329e+00, 3.87541041706117849405608391977749739599e+00, 9.58093607697389450305878704412067742818e-01, 4.33760771076812210069803409508286756057e+00, 5.33983210200315066547018698653911015811e-01, -5.5451814987177577e+00, 9.3986895502420519e-01
0.31400000, 5.02198902229118587059030579104014785973e-01, -2.20441593542618696991799418534715868652e+00, 3.87494386549251657793873873329093743495e+00, 9.61030388277819335905090972701744013161e-01, 4.33694342677354629538212498111255604241e+00, 5.34828258454202275334042809571705569956e-01, -5.5699040702552836e+00, 9.2561270907938074e-01
0.31500000, 5.02869140829693178514019066097939319574e-01, -2.20373808531639460831995094320186613639e+00, 3.87447602873205013247800448183441713819e+00, 9.63966364765613389518079217657042173252e-01, 4.33627835204915542497015871985048083941e+00, 5.35673867255400727030888957229330895010e-01, -5.5947167790164635e+00, 9.1116934833345689e-01
0.31600000, 5.03540324327060270436381466999021315276e-01, -2.20305949551492983108642930962969268190e+00, 3.87400689743748307568182165036286561665e+00, 9.66901536094635192776494548203099372276e-01, 4.33561248241085929065289841723272148614e+00, 5.36520036820881267412654337013271278601e-01, -5.6196194611554953e+00, 8.9653708078888487e-01
0.31700000, 5.04212453376733434102856268061973235522e-01, -2.20238016276763344039381723645644048373e+00, 3.87353646224083725514471094126901250978e+00, 9.69835901179450643224291968405083026960e-01, 4.33494581365956023311872581399749118626e+00, 5.37366767376930261260983138480698537319e-01, -5.6446119425801841e+00, 8.8171409906354952e-01
0.31800000, 5.04885528644491776421541896220411784877e-01, -2.20170008380528700057396783559673227364e+00, 3.87306471374827254830600326008155048431e+00, 9.72769458915198162121178878130297524115e-01, 4.33427834158109810591664997415148795183e+00, 5.38214059159130293454357330319664559367e-01, -5.6696940387668215e+00, 8.6669858028224135e-01
0.31900000, 5.05559550806383804608088285169885790433e-01, -2.20101925534358429484777119686215323038e+00, 3.87259164253990641519189580276937271949e+00, 9.75702208177458126540148048853859781751e-01, 4.33361006194619429910393776477664600843e+00, 5.39061912412340855545463825668005546968e-01, -5.6948655545722737e+00, 8.5148868596783344e-01
0.32000000, 5.06234520548731176166020062877432857704e-01, -2.20033767408310188302723159469338690422e+00, 3.87211723916963289843630046017734371182e+00, 9.78634147822121512386821714958037345432e-01, 4.33294097051039481018862831849168641150e+00, 5.39910327390679019997591562074652975527e-01, -5.7201262840432408e+00, 8.3608256193217478e-01
0.32100000, 5.06910438568132339307670357687424521815e-01, -2.19965533670926875744166283815770342974e+00, 3.87164149416494106530135694118448585458e+00, 9.81565276685257734911042087412926331294e-01, 4.33227106301401235934009510245283447315e+00, 5.40759304357500104199164561062036964095e-01, -5.7454760102226468e+00, 8.2047833816671162e-01
0.32200000, 5.07587305571466068891748535217374268786e-01, -2.19897223989233509433911963773993166597e+00, 3.87116439802673288634496645700683218043e+00, 9.84495593582981673222846677717717749712e-01, 4.33160033518206754580266140451205070712e+00, 5.41608843585378326322636457172713349067e-01, -5.7709145049531212e+00, 8.0467412873284894e-01
0.32300000, 5.08265122275894902893203139139459202666e-01, -2.19828838028734009800834058245692809008e+00, 3.87068594122914054530975521683885679098e+00, 9.87425097311319865265641802132721728513e-01, 4.33092878272422904240806067551721485883e+00, 5.42458945356087455041059224703044337604e-01, -5.7964415286775312e+00, 7.8866803165206477e-01
0.32400000, 5.08943889408868484360777817332959975517e-01, -2.19760375453407893485929821146107976415e+00, 3.87020611421934317473549313131602296699e+00, 9.90353786646075859639012040884371880034e-01, 4.33025640133475282504226484537156503363e+00, 5.43309609960581455062694516362128282798e-01, -5.8220568302365243e+00, 7.7245812879579013e-01
0.32500000, 5.09623607708126813757497601248786771780e-01, -2.19691835925706875469194315567411694040e+00, 3.86972490741738301172516484123199116133e+00, 9.93281660342694710602154804071493360919e-01, 4.32958318669242043388088398550326077184e+00, 5.44160837698975130391060512498794106178e-01, -5.8477601466630395e+00, 7.5604248577506807e-01
0.32600000, 5.10304277921703416519269734047897864052e-01, -2.19623219106551379637290170390505960348e+00, 3.86924231121598096822361039039074943546e+00, 9.96208717136126602526385077759855998327e-01, 4.32890913446047626316497196189951954235e+00, 5.45012628880524767164800530418145004734e-01, -5.8735512029737443e+00, 7.3941915183000560e-01
0.32700000, 5.10985900807928430606841112440328995898e-01, -2.19554524655326957512874855437992131947e+00, 3.86875831598035161009691452401306522070e+00, 9.99134955740689590001493478803532674459e-01, 4.32823424028656387624565736137574701847e+00, 5.45864983823608777878721647292351222782e-01, -5.8994297119573570e+00, 7.2258615971903286e-01
0.32800000, 5.11668477135431618766526759194914712504e-01, -2.19485752229880614865203793656855371199e+00, 3.86827291204801753923051977814333229853e+00, 1.00206037484993143973593853391472999378e+00, 4.32755849980266134258155923693141535978e+00, 5.46717902855708348734281753442342212606e-01, -5.9253953739598088e+00, 7.0554152560798410e-01
0.32900000, 5.12352007683145310155413663581795025724e-01, -2.19416901486517045920254556625658303805e+00, 3.86778608972862317279436237620885757873e+00, 1.00498497313649056032488921987614544976e+00, 4.32688190862501559332744526739032912599e+00, 5.47571386313388091814701002044188713237e-01, -5.9514478766662038e+00, 6.8828324895901585e-01
0.33000000, 5.13036493240307275927154549344008728750e-01, -2.19347972079994774887115970922292686546e+00, 3.86729783930374791375417470122215400153e+00, 1.00790874925195600589298385755093238696e+00, 4.32620446235407579210604782421073975880e+00, 5.48425434542276703726737504771302895132e-01, -5.9775868948795321e+00, 6.7080931241937782e-01
0.33100000, 5.13721934606463543314999039778644177701e-01, -2.19278963663522204515757049656475935398e+00, 3.86680815102671870663945709573770428033e+00, 1.01083170182672653955031403372313847973e+00, 4.32552615657442571750737314416273457910e+00, 5.49280047897047632297996011025865226754e-01, -6.0038120902960909e+00, 6.5311768171005277e-01
0.33200000, 5.14408332591471152689367328056260006795e-01, -2.19209875888753571399535091642420071919e+00, 3.86631701512242197251048838583319921311e+00, 1.01375382946986874253055490790411893059e+00, 4.32484698685471515381122217491304840532e+00, 5.50135226741399752865430594887895467734e-01, -6.0301231112775691e+00, 6.3520630551428197e-01
0.33300000, 5.15095688015500862008055527631195905186e-01, -2.19140708405784807733920879650672016834e+00, 3.86582442178711491699911236382842641282e+00, 1.01667513076897415480932360067205681044e+00, 4.32416694874759028637899043757280909068e+00, 5.50990971448038055637456176261629984436e-01, -6.0565195926197484e+00, 6.1707311536599351e-01
0.33400000, 5.15784001709039803018073734092004389191e-01, -2.19071460863149309240912461576368672990e+00, 3.86533036118823620523090014028888616152e+00, 1.01959560429001543292873288255383705634e+00, 4.32348603778962309811013007102938489280e+00, 5.51847282398654345558796863054941868747e-01, -6.0830011553177749e+00, 5.9871602553815107e-01
0.33500000, 5.16473274512894093509158502835662148329e-01, -2.19002132907813608966478299840765985736e+00, 3.86483482346421599736963954640319907048e+00, 1.02251524857720151068069558021678860447e+00, 4.32280424950123976330694160870137890784e+00, 5.52704159983907956053869186925502339458e-01, -6.1095674063279551e+00, 5.8013293293104139e-01
0.33600000, 5.17163507278191409860171631529853877449e-01, -2.18932724185172956656116393317035133877e+00, 3.86433779872428533845893650944275024015e+00, 1.02543406215283174822680344125474441206e+00, 4.32212157938664803523861739412703157694e+00, 5.53561604603406477971122609267517472724e-01, -6.1362179383260258e+00, 5.6132171696051942e-01
0.33700000, 5.17854700866383524060897198671825198194e-01, -2.18863234339046803411239063492233345608e+00, 3.86383927704828489617002353696302459146e+00, 1.02835204351714905515653005418650605950e+00, 4.32143802293376362364168415348090780130e+00, 5.54419616665686504997335216042241325945e-01, -6.1629523294618531e+00, 5.4228023944623024e-01
0.33800000, 5.18546856149248809333178789940568908698e-01, -2.18793663011674191326594185719394167214e+00, 3.86333924848647303999965125865700723550e+00, 1.03126919114819197290806815655353108875e+00, 4.32075357561413555833919027527381292219e+00, 5.55278196588194396757386045777645954309e-01, -6.1897701431105087e+00, 5.2300634449982785e-01
0.33900000, 5.19239974008894718416898459555685207520e-01, -2.18724009843709047806313452666261009341e+00, 3.86283770305933325539718465083326240580e+00, 1.03418550350164570189728457079731263502e+00, 4.32006823288287053510515484091527479033e+00, 5.56137344797267060761493477571132354528e-01, -6.2166709276196751e+00, 5.0349785841321131e-01
0.34000000, 5.19934055337760238527987621014239340748e-01, -2.18654274474215384253437477737565719265e+00, 3.86233463075738088623573050825238407731e+00, 1.03710097901069205862003830735407700417e+00, 4.31938199017855623984394131922747132707e+00, 5.56997061728112754308317745461972703173e-01, -6.2436542160533299e+00, 4.8375258954679936e-01
0.34100000, 5.20629101038618326937476818825916635640e-01, -2.18584456540662398824906860373298152478e+00, 3.86183002154096919897828147561986755508e+00, 1.04001561608585834791143621575596608373e+00, 4.31869484292318364709633986983093226885e+00, 5.57857347824791907398670869752885722177e-01, -6.2707195259316571e+00, 4.6376832821786522e-01
0.34200000, 5.21325112024578331062534962981065379260e-01, -2.18514555678919482941028403295128756908e+00, 3.86132386534009476182646919857507161395e+00, 1.04292941311486513546247301560661819943e+00, 4.31800678652206828882523905058981408037e+00, 5.58718203540197967660854759915275154117e-01, -6.2978663589671355e+00, 4.4354284658895398e-01
0.34300000, 5.22022089219088396902517560231816152971e-01, -2.18444571523251131235327135958215296100e+00, 3.86081615205420213207656974664686141287e+00, 1.04584236846247290560989558101536668368e+00, 4.31731781636377048937384091653699112878e+00, 5.59579629336038268234853330282564460108e-01, -6.3250942007967505e+00, 4.2307389855640555e-01
0.34400000, 5.22720033555937869595235888944783268377e-01, -2.18374503706311754627478281858709881616e+00, 3.86030687155198784484489340130527675960e+00, 1.04875448047032758932902187135735377555e+00, 4.31662792782001456242842342095261844067e+00, 5.60441625682814919508732288917068190365e-01, -6.3524025207102772e+00, 4.0235921963900688e-01
0.34500000, 5.23418945979259689810972766150385509362e-01, -2.18304351859140396198679414210366367070e+00, 3.85979601367120369626261335660272507885e+00, 1.05166574745680494727160968423157408059e+00, 4.31593711624560696575568093621285668642e+00, 5.61304193059805725546645649171106867045e-01, -6.3797907713745823e+00, 3.8139652686679776e-01
0.34600000, 5.24118827443532789644203067969867605123e-01, -2.18234115611155349545372360024174939609e+00, 3.85928356821845931417843918132516580941e+00, 1.05457616771685379260168613176766614138e+00, 4.31524537697835340942167771709719616220e+00, 5.62167331955045125993805536871713613767e-01, -6.4072583885538882e+00, 3.6018351867005525e-01
0.34700000, 5.24819678913584491605525703756665472438e-01, -2.18163794590148679283657502780045252351e+00, 3.85876952496902400934631654607412005035e+00, 1.05748573952183803829149197307189269874e+00, 4.31455270533897491313543020688149583546e+00, 5.63031042865305164189635814668344658672e-01, -6.4348047908259476e+00, 3.3871787476848245e-01
0.34800000, 5.25521501364592914258975221994776772109e-01, -2.18093388422280643373060545308107031570e+00, 3.85825387366662790001453040994801176669e+00, 1.06039446111937755344734211632523396474e+00, 4.31385909663102280829509206948527356200e+00, 5.63895326296076482166094435965831953813e-01, -6.4624293792940698e+00, 3.1699725606062809e-01
0.34900000, 5.26224295782089387992652251744838426329e-01, -2.18022896732074016924514054379571157153e+00, 3.85773660402326230277220045587486045538e+00, 1.06330233073318781314123104827411402247e+00, 4.31316454614079268024865040858639813653e+00, 5.64760182761549343153808016668341245701e-01, -6.4901315372949459e+00, 2.9501930451356414e-01
0.35000000, 5.26928063161960884353488865616152274089e-01, -2.17952319142408317153503724452324887824e+00, 3.85721770571897938244918111536775808198e+00, 1.06620934656291832612839583573766882618e+00, 4.31246904913723724621395235146382028828e+00, 5.65625612784594682164208341238655357612e-01, -6.5179106301022127e+00, 2.7278164305284931e-01
0.35100000, 5.27632804510452462319943697402344582959e-01, -2.17881655274513929135302757956618441304e+00, 3.85669716840169105380581027968840409121e+00, 1.06911550678398982473376571016473570485e+00, 4.31177260087187816423476742947928440352e+00, 5.66491616896745185161287592015253371670e-01, -6.5457660046257004e+00, 2.5028187545280731e-01
0.35200000, 5.28338520844169734829497969407889377240e-01, -2.17810904747966132015077531597954476428e+00, 3.85617498168696712768978720043078257754e+00, 1.07202080954743020109125197975151240367e+00, 4.31107519657871676848045222882881213803e+00, 5.67358195638176397281889922257600946825e-01, -6.5736969891063044e+00, 2.2751758622714916e-01
0.35300000, 5.29045213190081358820992893047169203705e-01, -2.17740067180679025321394250687070054854e+00, 3.85565113515783269427869778711613919739e+00, 1.07492525297970917381914084530681292699e+00, 4.31037683147414372612661871554867275992e+00, 5.68225349557687860508624221188136378192e-01, -6.6017028928064216e+00, 2.0448634051997002e-01
0.35400000, 5.29752882585521551995106316437357765483e-01, -2.17669142188899355027290014817978961099e+00, 3.85512561836456473596834137000641056657e+00, 1.07782883518257166911242019351818124522e+00, 4.30967750075684761098301540830551510038e+00, 5.69093079212684281144508901689187676178e-01, -6.6297830056958934e+00, 1.8118568399715163e-01
0.35500000, 5.30461530078192639439606823001906647685e-01, -2.17598129387200238998593036611009097502e+00, 3.85459842082448796240904408461942658577e+00, 1.08073155423286990012867500141870591636e+00, 4.30897719960772238896260998004310766171e+00, 5.69961385169156727383336356532448306631e-01, -6.6579365981333927e+00, 1.5761314273820230e-01
0.35600000, 5.31171156726167633209441258293132809971e-01, -2.17527028388474791464586058922342376701e+00, 3.85406953202176986013456764159405212158e+00, 1.08363340818239412843819982766336554181e+00, 4.30827592318977381041261156097463355261e+00, 5.70830268001663857214464173878769491453e-01, -6.6861629205431954e+00, 1.3376622312856727e-01
0.35700000, 5.31881763597892847895201105611633363465e-01, -2.17455838803929646141404672929572588206e+00, 3.85353894140721494917103588798571185315e+00, 1.08653439505770209120117602352240830390e+00, 4.30757366664802470425388948252529855595e+00, 5.71699728293313176845293791206856953963e-01, -6.7144612030872730e+00, 1.0964241175244317e-01
0.35800000, 5.32593351772190555157068176590827931927e-01, -2.17384560243078377633748597640173188545e+00, 3.85300663839805823895650299092974909939e+00, 1.08943451285994707762512061067036181587e+00, 4.30687042510941916879993078136140675865e+00, 5.72569766635742329769076228251963388204e-01, -6.7428306553326443e+00, 8.5239175286131275e-02
0.35900000, 5.33305922338261680144954367602936403396e-01, -2.17313192313734820735559368159397329986e+00, 3.85247261237775787584537426554431058280e+00, 1.09233375956470463814430788549783458994e+00, 4.30616619368272565405012965519688184226e+00, 5.73440383629100416549879817207782546998e-01, -6.7712704659139230e+00, 6.0553960391964869e-02
0.36000000, 5.34019476395688542669217098252329210724e-01, -2.17241734622006287245282602687416181362e+00, 3.85193685269578697441586185191380403349e+00, 1.09523213312179790964946815524912465560e+00, 4.30546096745843893017481625120602698773e+00, 5.74311579882029345340557097578494820920e-01, -6.7997798021909950e+00, 3.5584193612847385e-02
0.36100000, 5.34734015054437645930044540485565344910e-01, -2.17170186772286679906187363509488466346e+00, 3.85139934866742462474301109517060931019e+00, 1.09812963145512153998075480966339788918e+00, 4.30475474150868093683100753922229881295e+00, 5.75183356011645213093347628864989375934e-01, -6.8283578099017635e+00, 1.0327281267438651e-02
0.36200000, 5.35449539434862515557355616206326958062e-01, -2.17098548367249503076959361602923530943e+00, 3.85086008957354606774456832647606469744e+00, 1.10102625246246419477971518079478882837e+00, 4.30404751088710050786839728234497411918e+00, 5.76055712643519717366340469812456193197e-01, -6.8570036128098925e+00, -1.5219390653972349e-02
0.36300000, 5.36166050667706591656841441530650808168e-01, -2.17026819007840769732419123871958521658e+00, 3.85031906466041203065207576984095866956e+00, 1.10392199401532962967677611156653105979e+00, 4.30333927062877196590459281446956888707e+00, 5.76928650411661598572384256954019030597e-01, -6.8857163123474845e+00, -4.1058456592868766e-02
0.36400000, 5.36883549894106176501579583575959569671e-01, -2.16954998293271804388740971927047745295e+00, 3.84977626313945721460507376555720848594e+00, 1.10681685395875631066953537150521175377e+00, 4.30263001575009258116705085473982681869e+00, 5.77802169958498112460163669625152624404e-01, -6.9144949872526240e+00, -6.7192571525140825e-02
0.36500000, 5.37602038265593440452472029512828695657e-01, -2.16883085821011941541963956746498155746e+00, 3.84923167418707792631216393381781236742e+00, 1.10971083011113556542390831238687017072e+00, 4.30191974124867888891656015925024222573e+00, 5.78676271934856532560047776186638327368e-01, -6.9433386932017182e+00, -9.3624411062912906e-02
0.36600000, 5.38321516944099488634583706978203964544e-01, -2.16811081186781119202891938984494920758e+00, 3.84868528694441884566893910959306841780e+00, 1.11260392026402824810488848117828270828e+00, 4.30120844210326185968346249530152117120e+00, 5.79550956999945682269947197618635681220e-01, -6.9722464624365663e+00, -1.2035667155552025e-01
0.36700000, 5.39041987101957490840281998977745986820e-01, -2.16738983984542367105676964087589962574e+00, 3.84813709051715892116941695576556184956e+00, 1.11549612218197990021631407651515418904e+00, 4.30049611327358091646309212591573647733e+00, 5.80426225821337496198781775900492747704e-01, -7.0012173033860873e+00, -1.4739207018959158e-01
0.36800000, 5.39763449921905877073889922490965283145e-01, -2.16666793806494189161468098190393970881e+00, 3.84758707397529638489462449246409133114e+00, 1.11838743360233438979956165396224369407e+00, 4.29978274970027679293114445245773078078e+00, 5.81302079074948610327246763888669060283e-01, -7.0302502002826351e+00, -1.7473334508819302e-01
0.36900000, 5.40485906597091601096357142237324850386e-01, -2.16594510243062839722487087888268245484e+00, 3.84703522635293287880937105273772341514e+00, 1.12127785223504601120948658465762279208e+00, 4.29906834630478322665285325848215456413e+00, 5.82178517445021980487361418092169307327e-01, -7.0593441127728302e+00, -2.0238325540898718e-01
0.37000000, 5.41209358331073474272214118523196378841e-01, -2.16522132882894493215762686809222935096e+00, 3.84648153664805668404601838118599517317e+00, 1.12416737576249002755216839825131616537e+00, 4.29835289798921748117195954245597000525e+00, 5.83055541624108528603776919004192682950e-01, -7.0884979755228340e+00, -2.3034458144136058e-01
0.37100000, 5.41933806337825571964795482858030318950e-01, -2.16449661312847306699517336285923513780e+00, 3.84592599382232504480221003987713031669e+00, 1.12705600183927163773306994935264059154e+00, 4.29763639963626969077648947133672995146e+00, 5.83933152313048816080998091056261537098e-01, -7.1177106978179941e+00, -2.5862012470247096e-01
0.37200000, 5.42659251841740714669388930115019416917e-01, -2.16377095117983374888853157707829544465e+00, 3.84536858680084557842805960313667793504e+00, 1.12994372809203334992605369249521576009e+00, 4.29691884610909102164832061782569802880e+00, 5.84811350220954743661522450175253938001e-01, -7.1469811631567846e+00, -2.8721270803216513e-01
0.37300000, 5.43385696077634026017574933056582306920e-01, -2.16304433881560577190928951164081081705e+00, 3.84480930447195676322722026673403918128e+00, 1.13283055211926074313328728179916592838e+00, 4.29620023225118064301240028414133836488e+00, 5.85690136065191277020407350707255121241e-01, -7.1763082288389683e+00, -3.1612517568671652e-01
0.37400000, 5.44113140290746569729559531833530140757e-01, -2.16231677185024316283256119145834247508e+00, 3.84424813568700749544556976137615853615e+00, 1.13571647149108659836338496021227699529e+00, 4.29548055288627150180928312288658599052e+00, 5.86569510571358197301927785543232150955e-01, -7.2056907255479027e+00, -3.4536039343133048e-01
0.37500000, 5.44841585736749067534756118856339518171e-01, -2.16158824607999147762069145287774500662e+00, 3.84368506926013570687094648346075644373e+00, 1.13860148374909338081014117768903340175e+00, 4.29475980281821489432137303528188423674e+00, 5.87449474473271875743769730990889868065e-01, -7.2351274569269145e+00, -3.7492124863136407e-01
0.37600000, 5.45571033681745700024231000089491371196e-01, -2.16085875728280300380945435896126264232e+00, 3.84312009396804603441746852854317981975e+00, 1.14148558640611405426688865400166699749e+00, 4.29403797683086382808888188871002387552e+00, 5.88330028512947071473602501266721140049e-01, -7.2646171991496644e+00, -4.0481065034220560e-01
0.37700000, 5.46301485402277992341879716736560366720e-01, -2.16012830121825086392959935449479935260e+00, 3.84255319854978653301846018658966719008e+00, 1.14436877694603120886182441568032496248e+00, 4.29331506968795516735605021494785019296e+00, 5.89211173440578751501873724563075620147e-01, -7.2941587004844227e+00, -4.3503152939775805e-01
0.37800000, 5.47032942185328786564334480139313617002e-01, -2.15939687362744201502661895132573912359e+00, 3.84198437170652442310290415383866882918e+00, 1.14725105282357448304756357460582270933e+00, 4.29259107613299055519160782929732898516e+00, 5.90092910014523931873257265088889650631e-01, -7.3237506808521780e+00, -4.6558683849746890e-01
0.37900000, 5.47765405328326302562605101986792153538e-01, -2.15866447023292913927054424225347323063e+00, 3.84141360210132086388163633304498711767e+00, 1.15013241146411626062367080748013725913e+00, 4.29186599088911610532978018676147830751e+00, 5.90975239001283538877342333525467114371e-01, -7.3533918313784962e+00, -4.9647955229184763e-01
0.38000000, 5.48498876139148289081313653224844423398e-01, -2.15793108673862142057541886009666907322e+00, 3.84084087835890474362120811810103959725e+00, 1.15301285026346562341395230440510386147e+00, 4.29113980865900085667936403838172231321e+00, 5.91858161175484289156865435790409729053e-01, -7.3830808139390505e+00, -5.2771266746641061e-01
0.38100000, 5.49233355936126266714083583215539736244e-01, -2.15719671882969420207485690749804247977e+00, 3.84026618906544547803546337272099350992e+00, 1.15589236658766054006083467032135524792e+00, 4.29041252412471398334849817934396994049e+00, 5.92741677319860587489039629000584634384e-01, -7.4128162606987384e+00, -5.5928920282399172e-01
0.38200000, 5.49968846048049864396173659697019682554e-01, -2.15646136217249751922575446066209432028e+00, 3.83968952276832480787741920377772580880e+00, 1.15877095777275827123717979122886402588e+00, 4.28968413194760075293173623783958370651e+00, 5.93625788225236440952311339084865475912e-01, -7.4425967736443036e+00, -5.9121219936535538e-01
0.38300000, 5.50705347814171250977791988728867644039e-01, -2.15572501241446350323679587370860455351e+00, 3.83911086797590758676700680091263408503e+00, 1.16164862112462397141135353223710971131e+00, 4.28895462676815722570388282460179076014e+00, 5.94510494690507388127156928860453041090e-01, -7.4724209241103778e+00, -6.2348472036804730e-01
0.38400000, 5.51442862584209663383671331136791432075e-01, -2.15498766518401264944187345644239758637e+00, 3.83853021315731155024362719316997500906e+00, 1.16452535391871746713424843024713105888e+00, 4.28822400320590368726177606997256628665e+00, 5.95395797522622441915302092155738082399e-01, -7.5022872522988573e+00, -6.5610985146341651e-01
0.38500000, 5.52181391718356032806419382553311724612e-01, -2.15424931609045894516092014416318858410e+00, 3.83794754674217605698631332383149156579e+00, 1.16740115339987819164722298458454567406e+00, 4.28749225585925680705078257905675843192e+00, 5.96281697536566044496989407624716511257e-01, -7.5321942667915290e+00, -6.8909070071174078e-01
0.38600000, 5.52920936587277710322861703046385092450e-01, -2.15350996072391385151193730175942207262e+00, 3.83736285712042979309857137517328596991e+00, 1.17027601678210825543752901980587624623e+00, 4.28675937930540051510720893569316380650e+00, 5.97168195555340032880615043127005531389e-01, -7.5621404440558576e+00, -7.2243039867538576e-01
0.38700000, 5.53661498572123293264055279855823331312e-01, -2.15276959465518913355818138561766619947e+00, 3.83677613264205743030970825070772710641e+00, 1.17314994124835363219271975424531500350e+00, 4.28602536810015558924112072194155287374e+00, 5.98055292409945613433186288284687546574e-01, -7.5921242279438469e+00, -7.5613209848992664e-01
0.38800000, 5.54403079064527553610851623025210147784e-01, -2.15202821343569853309355120829358546791e+00, 3.83618736161686522889964647611781876863e+00, 1.17602292395028343942773007700077455178e+00, 4.28529021677784794477618907125302288881e+00, 5.98942988939365343713598535132021686250e-01, -7.6221440291838847e+00, -7.9019897593315910e-01
0.38900000, 5.55145679466616469627813792899490908840e-01, -2.15128581259735827828718919833484990109e+00, 3.83559653231424557610989092267895321904e+00, 1.17889496200806729287776209038642022618e+00, 4.28455391985117561885414936136894330553e+00, 5.99831285990545119863674339442201973430e-01, -7.6521982248654835e+00, -8.2463422949192514e-01
0.39000000, 5.55889301191012361888925422829714177570e-01, -2.15054238765248642432517231136989233784e+00, 3.83500363296294045075945258986489489822e+00, 1.18176605251015071356675773456520892118e+00, 4.28381647181107444120124994030496535032e+00, 6.00720184418376167744228674657970578660e-01, -7.6822851579168238e+00, -8.5944108042667679e-01
0.39100000, 5.56633945660839134788854824138516185360e-01, -2.14979793409370101910291792412540888539e+00, 3.83440865175080380474116261057743873428e+00, 1.18463619251302856627506033163122061943e+00, 4.28307786712658238314268377164162994165e+00, 6.01609685085677035935103406732078857227e-01, -7.7124031365750089e+00, -8.9462277283369978e-01
0.39200000, 5.57379614309727624573536443002275623652e-01, -2.14905244739381708793656373225277923146e+00, 3.83381157682456285203093458095564665090e+00, 1.18750537904101650794082174920918778329e+00, 4.28233810024470257653842543404239357933e+00, 6.02499788863175588649129908298449663178e-01, -7.7425504338489382e+00, -9.3018257370491644e-01
0.39300000, 5.58126308581821054863487678601017025541e-01, -2.14830592300574243117509478491884624170e+00, 3.83321239628957825580016571194399931046e+00, 1.19037360908602042433776468632563078285e+00, 4.28159716559026499420013271003874356682e+00, 6.03390496629490996540310689512917976457e-01, -7.7727252869747048e+00, -9.6612377298518610e-01
0.39400000, 5.58874029931780600582573358517320120117e-01, -2.14755835636237222850738154168803359499e+00, 3.83261109820960320417961813660709371787e+00, 1.19324087960730383317702293113069133842e+00, 4.28085505756578678323380859278039716047e+00, 6.04281809271115723316137595830184187556e-01, -7.8029258968634221e+00, -1.0024496836270185e+00
0.39500000, 5.59622779824791061143844575124113944998e-01, -2.14680974287648244366955625753233167630e+00, 3.83200767060654136518180252370233142120e+00, 1.19610718753125323158291843208921308253e+00, 4.28011177055133124263674831661740541109e+00, 6.05173727682397505992863696770991348361e-01, -7.8331504275413839e+00, -1.0391636416426144e+00
0.39600000, 5.60372559736566643682594266563867640363e-01, -2.14606007794062202316828692790777346670e+00, 3.83140210146020371124810904932763643904e+00, 1.19897252975114136569165424955142686767e+00, 4.27936729890436543635990921728869019531e+00, 6.06066252765521326560696184105400834455e-01, -7.8633970055824598e+00, -1.0762690061531449e+00
0.39700000, 5.61123371153356857064869597790448388481e-01, -2.14530935692700388254450410786346338500e+00, 3.83079437870806420384670845062010011920e+00, 1.20183690312688839991796797818898875973e+00, 4.27862163695961643292823094012255822948e+00, 6.06959385430491372753255656387088229107e-01, -7.8936637195326290e+00, -1.1137691594351798e+00
0.39800000, 5.61875215571952517337341141700143473432e-01, -2.14455757518739467360999162063646004926e+00, 3.83018449024501432850759161003901487746e+00, 1.20470030448482096322776158459893555373e+00, 4.27787477902892616259159168234368355948e+00, 6.07853126595112985542229847467945677561e-01, -7.9239486193265524e+00, -1.1516675069641716e+00
0.39900000, 5.62628094499691865221630910631250480675e-01, -2.14380472805300332599596277045200560144e+00, 3.82957242392311647064204378762293884121e+00, 1.20756273061742904954456077715190832475e+00, 4.27712671940110488285800457470548249307e+00, 6.08747477184974590903913422421260600920e-01, -7.9542497156960833e+00, -1.1899674774549025e+00
0.40000000, 5.63382009454466796192924821051360058812e-01, -2.14305081083436835625830426584236952629e+00, 3.82895816755135612245537374932489576180e+00, 1.21042417828312074920431945209252773787e+00, 4.27637745234178324313832863044179285745e+00, 6.09642438133429613329245673072865186778e-01, -7.9845649795706146e+00, -1.2286725228987949e+00
0.40100000, 5.64136961964729203618919100179740132785e-01, -2.14229581882124393768857555600559326348e+00, 3.82834170889539291122385379106545009988e+00, 1.21328464420597478815653131229744295767e+00, 4.27562697209326293910818242590980358976e+00, 6.10538010381578368473010039670007626767e-01, -8.0148923414691614e+00, -1.2677861185979894e+00
0.40200000, 5.64892953569497435370852898838809287714e-01, -2.14153974728248472388309641514695533334e+00, 3.82772303567731043916958984706172947075e+00, 1.21614412507549085138979972989176060000e+00, 4.27487527287436594726789719697600294217e+00, 6.11434194878249932261018081872371456110e-01, -8.0452296908840743e+00, -1.3073117631960871e+00
0.40300000, 5.65649985818362864253538911640084064612e-01, -2.14078259146592941902453493093588778271e+00, 3.82710213557536492513044798811316908344e+00, 1.21900261754633766683690603307886296832e+00, 4.27412234888028233005522056974507069967e+00, 6.12330992579983983696340001309811457831e-01, -8.0755748756562799e+00, -1.3472529787054522e+00
0.40400000, 5.66408060271496572535897580704335876239e-01, -2.14002434659828308773131593839369777760e+00, 3.82647899622373263818623184307585032672e+00, 1.22186011823809882578796275734072927088e+00, 4.27336819428241660173807378932073316852e+00, 6.13228404451012618526937711624239231565e-01, -8.1059257013419424e+00, -1.3876133105309713e+00
0.40500000, 5.67167178499656150797505424495877456673e-01, -2.13926500788499819722990058938402404215e+00, 3.82585360521225611336705270600106003089e+00, 1.22471662373501631561039852141690868154e+00, 4.27261280322823264518596502805539236214e+00, 6.14126431463242130857377833006185178142e-01, -8.1362799305704396e+00, -1.4283963274901578e+00
0.40600000, 5.67927342084192611240060625268041408974e-01, -2.13850457051015438450353518641042186211e+00, 3.82522595008618913953527894080361378206e+00, 1.22757213058573174034125096155596103225e+00, 4.27185616984109716948865997627907501427e+00, 6.15025074596234759706623358287761717808e-01, -8.1666352823935468e+00, -1.4696056218294922e+00
0.40700000, 5.68688552617057415545425136476057047059e-01, -2.13774302963633694096842549189954370973e+00, 3.82459601834594050949861312918033513558e+00, 1.23042663530302520448049884738113850302e+00, 4.27109828822012169825939914644872525941e+00, 6.15924334837190397432196014709030208183e-01, -8.1969894316257180e+00, -1.5112448092368846e+00
0.40800000, 5.69450811700809617293997606413007445678e-01, -2.13698038040451400712445513511907560753e+00, 3.82396379744681652237874435522228782011e+00, 1.23328013436355183507389873363308838233e+00, 4.27033915244000307832731973298905370830e+00, 6.16824213180928256858237851504936664925e-01, -8.2273400081753557e+00, -1.5533175288501427e+00
0.40900000, 5.70214120948623118888580177220301927463e-01, -2.13621661793391246952252699530238703699e+00, 3.82332927479876222822767999602361138271e+00, 1.23613262420757591692995924746369747697e+00, 4.26957875655086249838977891896928546708e+00, 6.17724710629868493861151031407523767497e-01, -8.2576845963669589e+00, -1.5958274432613260e+00
0.41000000, 5.70978481984294042859598967909940460569e-01, -2.13545173732189255228435789298301843158e+00, 3.82269243776610140485229811107424407946e+00, 1.23898410123870261556824068198496017220e+00, 4.26881709457808300705997554157250227505e+00, 6.18625828194013782081529284605083424458e-01, -8.2880207342540357e+00, -1.6387782385168661e+00
0.41100000, 5.71743896442248217357496469730301900957e-01, -2.13468573364382109530309276043174168199e+00, 3.82205327366727525677690053999660618580e+00, 1.24183456182360726224506160074755383394e+00, 4.26805416052214551960861823887808100457e+00, 6.19527566890930836344982451147290265052e-01, -8.3183459129226687e+00, -1.6821736241133267e+00
0.41200000, 5.72510365967548775567307267737324753441e-01, -2.13391860195294351114441771417042608141e+00, 3.82141176977457982624361152165111676492e+00, 1.24468400229176217514787960661462870054e+00, 4.26728994835846330256038070535983961432e+00, 6.20429927745731881287165796534442015298e-01, -8.3486575757856192e+00, -1.7260173329886780e+00
0.41300000, 5.73277892215903868708828948005233661340e-01, -2.13315033728025441255793498731717018589e+00, 3.82076791331390210612138130113558141764e+00, 1.24753241893516099059104154678113118060e+00, 4.26652445203721492516650847752471119528e+00, 6.21332911791056061589826474854516136475e-01, -8.3789531178668533e+00, -1.7703131215089535e+00
0.41400000, 5.74046476853674492213379634458893088971e-01, -2.13238093463436690239740921087106366419e+00, 3.82012169146445484456614395087360930556e+00, 1.25037980800804047778321975905089024360e+00, 4.26575766548317566663418664302398855207e+00, 6.22236520067050790144938094236941984683e-01, -8.4092298850763757e+00, -1.8150647694501575e+00
0.41500000, 5.74816121557882424594863572207772625870e-01, -2.13161038900138051763609662191927280985e+00, 3.81947309135851003124736957027710166717e+00, 1.25322616572659981047061533740345385729e+00, 4.26498958259554736785113380287184348773e+00, 6.23140753621353030372977575434045408384e-01, -8.4394851734752524e+00, -1.8602760799752862e+00
0.41600000, 5.75586828016218278458717140593594295936e-01, -2.13083869534474781904971883397973850176e+00, 3.81882210008113105492987015835967732575e+00, 1.25607148826871726848986589860033274743e+00, 4.26422019724778671620034420540320486563e+00, 6.24045613509070508829072440017385039052e-01, -8.4697162285307038e+00, -1.9059508796063239e+00
0.41700000, 5.76358597927049663017249584537071885370e-01, -2.13006584860513961802473309394019807583e+00, 3.81816870466990352217429375361791050412e+00, 1.25891577177366434199049231182906859781e+00, 4.26344950328743195191494680659454157332e+00, 6.24951100792762854137076646858842183486e-01, -8.4999202443611493e+00, -1.9520930181910710e+00
0.41800000, 5.77131432999429457403894867658947277301e-01, -2.12929184370030883183337359086275326281e+00, 3.81751289211466472689530187506404743101e+00, 1.26175901234181721080860389799456570113e+00, 4.26267749453592798427677659906248684053e+00, 6.25857216542422658196583697274375695843e-01, -8.5300943629710824e+00, -1.9987063688646592e+00
0.41900000, 5.77905334953104194001921954265626888107e-01, -2.12851667552495295859948535290829986171e+00, 3.81685464935723176049300086462594082413e+00, 1.26460120603436557119140153164461846415e+00, 4.26190416478844990581444931116800740591e+00, 6.26763961835456455511420772405005046353e-01, -8.5602356734756542e+00, -2.0457948280056034e+00
0.42000000, 5.78680305518522550925178390945951808524e-01, -2.12774033895057516306043541080508759670e+00, 3.81619396329112825225081945613594725494e+00, 1.26744234887301878178571892098211112466e+00, 4.26112950781372489250748484774473419699e+00, 6.27671337756665616390250194312522207816e-01, -8.5903412113148426e+00, -2.0933623151862402e+00
0.42100000, 5.79456346436843952709433428514136222014e-01, -2.12696282882534396411035692650280049436e+00, 3.81553082076130972967172488450634466957e+00, 1.27028243683970930051336933842175419348e+00, 4.26035351735385247785232688946973677812e+00, 6.28579345398227149670496761159466025834e-01, -8.6204079574570839e+00, -2.1414127731173953e+00
0.42200000, 5.80233459459947278192808504971203238773e-01, -2.12618413997395151498865246024108234858e+00, 3.81486520856388758840448130676631685768e+00, 1.27312146587629338366136265535712921421e+00, 4.25957618712412318849394508337373258527e+00, 6.29487985859674410515882927369852655157e-01, -8.6504328375922405e+00, -2.1899501675871212e+00
0.42300000, 5.81011646350439674482600342803397913976e-01, -2.12540426719747046685504392776230654501e+00, 3.81419711344585166139261157208873246120e+00, 1.27595943188424901821606930803568752039e+00, 4.25879751081283552897307137265751075953e+00, 6.30397260247877708735348977609580543549e-01, -8.6804127213137800e+00, -2.2389784873933430e+00
0.42400000, 5.81790908881665475823480062466785249682e-01, -2.12462320527320940636850040849229315712e+00, 3.81352652210479137686086195036995347264e+00, 1.27879633072437105816707655949003455313e+00, 4.25801748208111130298400230144352110968e+00, 6.31307169677024812967022019930166417132e-01, -8.7103444212900371e+00, -2.2885017442702448e+00
0.42500000, 5.82571248837715226098554642625442860351e-01, -2.12384094895456685776209201309820816456e+00, 3.81285342118861549473732600138210449596e+00, 1.28163215821646353519875004979253798123e+00, 4.25723609456270925838128360833929182676e+00, 6.32217715268601345965134664676900834917e-01, -8.7402246924244318e+00, -2.3385239728082273e+00
0.42600000, 5.83352668013434803610068012182279153662e-01, -2.12305749297088383977919959828181620312e+00, 3.81217779729527041109399625790759679383e+00, 1.28446691013902911387532120613763786061e+00, 4.25645334186383704301547106437528743252e+00, 6.33128898151371066120339632114660870887e-01, -8.7700502310045126e+00, -2.3890492303672624e+00
0.42700000, 5.84135168214434646700560445740249575800e-01, -2.12227283202729496770854721125727440994e+00, 3.81149963697245702017441998478553571126e+00, 1.28730058222895566110860880267718708915e+00, 4.25566921756296145831852124885938630289e+00, 6.34040719461356030234677296188957450599e-01, -8.7998176738396961e+00, -2.4400815969834663e+00
0.42800000, 5.84918751257099078688058298976576454720e-01, -2.12148696080457809062620763390215270251e+00, 3.81081892671734612356437843333357988827e+00, 1.29013317018119989937619011579691235782e+00, 4.25488371521061699739819669085089650547e+00, 6.34953180341816632461485438033112612065e-01, -8.8295235973875706e+00, -2.4916251752687106e+00
0.42900000, 5.85703418968595730500292127681519764237e-01, -2.12069987395900245382205205420838301383e+00, 3.81013565297629237605012953816702785111e+00, 1.29296466964846811283190210882296453460e+00, 4.25409682832921265423816040834570151177e+00, 6.35866281943231514207749402278641206867e-01, -8.8591645168686315e+00, -2.5436840903030835e+00
0.43000000, 5.86489173186885059302999643816324130563e-01, -2.11991156612217537625606340190934742493e+00, 3.80944980214454675769879506765237092041e+00, 1.29579507624089387511991337923208751621e+00, 4.25330855041283699043617420752302774428e+00, 6.36780025423277339681730588031016901929e-01, -8.8887368853693151e+00, -2.5962624895200134e+00
0.43100000, 5.87276015760729961326019606538738881495e-01, -2.11912203190088743275649983712755799313e+00, 3.80876136056596756168697940995239656834e+00, 1.29862438552571276736819975847985286051e+00, 4.25251887492706144574699200552905350875e+00, 6.37694411946808431652134921250529535594e-01, -8.9182370929331964e+00, -2.6493645425838586e+00
0.43200000, 5.88063948549705476998081507469938492166e-01, -2.11833126587695613053707078172828023456e+00, 3.80807031453272988739672446562470555736e+00, 1.30145259302693405449701607140360193138e+00, 4.25172779530874187852914275470392038010e+00, 6.38609442685836261866542768906573867920e-01, -8.9476614656402149e+00, -2.7029944412597660e+00
0.43300000, 5.88852973424208586406900694001585083679e-01, -2.11753926260706806947406315966145543260e+00, 3.80737665028503362829248101862152373640e+00, 1.30427969422500928763281828093052630636e+00, 4.25093530496581832202581612222178673446e+00, 6.39525118819508790456268730969381916374e-01, -8.9770062646737924e+00, -2.7571563992755943e+00
0.43400000, 5.89643092265468093005355288288486368763e-01, -2.11674601662261957544672051846343835381e+00, 3.80668035401080994408896048679954694114e+00, 1.30710568455649780006798773242454722857e+00, 4.25014139727711294223948677981793579065e+00, 6.40441441534089648532203861986707888104e-01, -9.0062676853757055e+00, -2.8118546521756963e+00
0.43500000, 5.90434306965554593387104782710403602336e-01, -2.11595152242955579590512272563353650401e+00, 3.80598141184542620671757269239326800844e+00, 1.30993055941372906385157514945592780784e+00, 4.24934606559212618298772887049187451580e+00, 6.41358412022937158051462995433737334864e-01, -9.0354418562885727e+00, -2.8670934571663466e+00
0.43600000, 5.91226619427390530855964352270206636084e-01, -2.11515577450820824668932919642086017922e+00, 3.80527980987138940959870743285146097550e+00, 1.31275431414446187373604809443588977341e+00, 4.24854930323083108355386986309501132654e+00, 6.42276031486483182907763697340684563896e-01, -9.0645248381858196e+00, -2.9228770929525980e+00
0.43700000, 5.92020031564760330412626467823907706443e-01, -2.11435876731313079898162428524445541879e+00, 3.80457553411804802972843401721871745690e+00, 1.31557694405154032483962245022600941788e+00, 4.24775110348346575417070154522551158683e+00, 6.43194301132211805069347519096830058812e-01, -9.0935126230889783e+00, -2.9792098595663467e+00
0.43800000, 5.92814545302320612679873960216851564596e-01, -2.11356049527293409513032968607119935566e+00, 3.80386857056129233209132910707762782965e+00, 1.31839844439254655001311572572144462859e+00, 4.24695145961032399439839435733821394975e+00, 6.44113222174637819456864014039602495252e-01, -9.1224011332721824e+00, -3.0360960781853782e+00
0.43900000, 5.93610162575610484183206776181748530061e-01, -2.11276095279011838193881552238137978932e+00, 3.80315890512325310591615645581150922159e+00, 1.32121881037945018252430621399045149097e+00, 4.24615036484154403927903871852795792359e+00, 6.45032795835285041119917562877986278461e-01, -9.1511862202537137e+00, -3.0935400909431633e+00
0.44000000, 5.94406885331061901297757617131974161318e-01, -2.11196013424090474986703931748743418157e+00, 3.80244652367199882229807156421020205121e+00, 1.32403803717825450929144474628960469128e+00, 4.24534781237689541796985259505608823564e+00, 6.45953023342664418134869296077229610617e-01, -9.1798636637744585e+00, -3.1515462607291681e+00
0.44100000, 5.95204715526010105064447599018267662088e-01, -2.11115803397506476644516024931383342454e+00, 3.80173141202123120271997080017108063837e+00, 1.32685611990863927951077142022008218674e+00, 4.24454379538556390937503756201781416697e+00, 6.46873905932251943507932894903763583198e-01, -9.2084291707631283e+00, -3.2101189709794358e+00
0.44200000, 5.96003655128704123968478923267488367073e-01, -2.11035464631574849204950502267182316824e+00, 3.80101355592997918801661100086041329911e+00, 1.32967305364360013313056357159020515452e+00, 4.24373830700593457911252535215748591547e+00, 6.47795444846466359226544063286776127443e-01, -9.2368783742881006e+00, -3.2692626254571940e+00
0.44300000, 5.96803706118317341661422951856542861029e-01, -2.10954996555931086604039134154448649870e+00, 3.80029294110229129733825677578977097945e+00, 1.33248883340908461322630763281852865738e+00, 4.24293134034537288196642283196481857995e+00, 6.48717641334646645458357901602938141494e-01, -9.2652068324957345e+00, -3.3289816480232346e+00
0.44400000, 5.97604870484958126494283385034554525541e-01, -2.10874398597513645110903534046482873951e+00, 3.79956955318692636668593545593990181634e+00, 1.33530345418362472592796947530815295458e+00, 4.24212288848000381378882507802481860744e+00, 6.49640496653029287750973803510156547077e-01, -9.2934100275350126e+00, -3.3892804823958093e+00
0.44500000, 5.98407150229680519612938469796698669261e-01, -2.10793670180546252352697045514670132423e+00, 3.79884337777704265660796274998568442146e+00, 1.33811691089796601114095732641414041926e+00, 4.24131294445448909662581347015091456147e+00, 6.50564012064725314936539936392574874391e-01, -9.3214833644683646e+00, -3.4501635918997769e+00
0.44600000, 5.99210547364494978249234977689082228612e-01, -2.10712810726520049683607711616693986798e+00, 3.79811440040988531866731666080190717441e+00, 1.34092919843469308688714918265508968449e+00, 4.24050150128180238065187835033182291187e+00, 6.51488188839697100293683492771387526628e-01, -9.3494221701685212e+00, -3.5116354592047329e+00
0.44700000, 6.00015063912379170720660337245995102805e-01, -2.10631819654175566636045540451846616454e+00, 3.79738260656647221031175625558267388867e+00, 1.34374031162785162967121243487516650991e+00, 4.23968855194300244630469386543358535666e+00, 6.52413028254734918364681854527030135225e-01, -9.3772216922012519e+00, -3.5737005860518473e+00
0.44800000, 6.00820701907288819528896605786727794090e-01, -2.10550696379484526176295652441963000969e+00, 3.79664798167127804780338089017283397304e+00, 1.34655024526256675285029561315526160991e+00, 4.23887408938700438981811634925719679017e+00, 6.53338531593433249668365198489374235548e-01, -9.4048770976938353e+00, -3.6363634929691292e+00
0.44900000, 6.01627463394168588822598256382980959768e-01, -2.10469440315631479470921378939149196042e+00, 3.79591051109191688689168219324778837515e+00, 1.34935899407465774455193797802701845794e+00, 4.23805810653034877515546743944869748533e+00, 6.54264700146166825388852920292269258639e-01, -9.4323834721891128e+00, -3.6996287189748306e+00
0.45000000, 6.02435350428963012362370860272313926933e-01, -2.10388050872995268854047000865350046532e+00, 3.79517018013882292094413562730088400556e+00, 1.35216655275024912624563813591247260721e+00, 4.23724059625696873514758971848138674345e+00, 6.55191535210066403956802977263916462091e-01, -9.4597358184849729e+00, -3.7635008212686973e+00
0.45100000, 6.03244365078627457996093926442280055553e-01, -2.10306527459130317669337600448755232342e+00, 3.79442697406492958628109331567988334552e+00, 1.35497291592537799262786270760863218294e+00, 4.23642155141795500444081690281154107069e+00, 6.56119038088994271273321607422229772731e-01, -9.4869290554591164e+00, -3.8279843749107666e+00
0.45200000, 6.04054509421139124520361081948648125879e-01, -2.10224869478747745644022487779169497087e+00, 3.79368087806534696449726012939672563584e+00, 1.35777807818559759302827384050578230830e+00, 4.23560096483131886665887362179375932696e+00, 6.57047210093519456156965927552628536726e-01, -9.5139580168789480e+00, -3.8930839724874050e+00
0.45300000, 6.04865785545508066668835458654229644443e-01, -2.10143076333696308435677906025061410107e+00, 3.79293187727703747159044842449242223446e+00, 1.36058203406557711408652226755624225787e+00, 4.23477882928175299797980304270491222249e+00, 6.57976052540892652421296962479331987514e-01, -9.5408174501964434e+00, -3.9588042237642754e+00
0.45400000, 6.05678195551788243830666926290337284524e-01, -2.10061147422943159975693275384045952580e+00, 3.79217995677848982375970363467755935428e+00, 1.36338477804869762298400162977876009021e+00, 4.23395513752039018912430571807379410413e+00, 6.58905566755020838814127234937503928334e-01, -9.5675020153278367e+00, -4.0251497553259116e+00
0.45500000, 6.06491741551088587961718275890864008917e-01, -2.09979082142554436216392179710075840810e+00, 3.79142510158939126977936622012743500632e+00, 1.36618630456664413004339954018271995353e+00, 4.23312988226455992754535207809936179791e+00, 6.59835754066441587869874840803061092743e-01, -9.5940062834179751e+00, -4.0921252102015755e+00
0.45600000, 6.07306425665584086008125428376893269756e-01, -2.09896879885675658871663719167179902955e+00, 3.79066729667029807990328113753895164560e+00, 1.36898660799899372903061969959997045903e+00, 4.23230305619754282140059632131888429613e+00, 6.60766615812297054543202755011753847015e-01, -9.6203247355891865e+00, -4.1597352474770640e+00
0.45700000, 6.08122250028526872015596207223911079978e-01, -2.09814540042511957723680850983415263373e+00, 3.78990652692230428130428281714533873026e+00, 1.37178568267279977300859426482857999083e+00, 4.23147465196832284667896378575066105069e+00, 6.61698153336307635305303834741192679226e-01, -9.6464517616745040e+00, -4.2279845418921229e+00
0.45800000, 6.08939216784257323948755278734685787839e-01, -2.09732062000308110050839039686943702439e+00, 3.78914277718670863010837338453066399684e+00, 1.37458352286217204310056224749865181858e+00, 4.23064466219133739864080030656021463019e+00, 6.62630367988745288193702501659328646307e-01, -9.6723816589350936e+00, -4.2968777834231223e+00
0.45900000, 6.09757328088215160092689704140096630786e-01, -2.09649445143328395714440078512952975368e+00, 3.78837603224467981014077939796647948914e+00, 1.37738012278785286702146224723926204756e+00, 4.22981307944622512851715408643805890855e+00, 6.63563261126406504112195253648465436629e-01, -9.6981086307617283e+00, -4.3664196768506374e+00
0.46000000, 6.10576586106950529753558355872597160322e-01, -2.09566688852836266423871486268298095970e+00, 3.78760627681691984856242569854172322055e+00, 1.38017547661678914373007916576425162756e+00, 4.22897989627757154619810215364257530836e+00, 6.64496834112584919479453750577930533460e-01, -9.7236267853601533e+00, -4.4366149413115707e+00
0.46100000, 6.11396993018135092816615378284146184813e-01, -2.09483792507073827682090612805676003697e+00, 3.78683349556332573864041535982451979000e+00, 1.38296957846170023004139617509685854721e+00, 4.22814510519465236942252894942473903384e+00, 6.65431088317043560122773868621270589586e-01, -9.7489301344201858e+00, -4.5074683098354466e+00
0.46200000, 6.12218551010573082558176978076029515898e-01, -2.09400755481241131895113709928404274141e+00, 3.78605767308264925996496679718337354247e+00, 1.38576242238064164451813516738634129043e+00, 4.22730869867117459976240884511126103294e+00, 6.66366025115986706107377255186561788767e-01, -9.7740125917683935e+00, -4.5789845288644987e+00
0.46300000, 6.13041262284212345942844016076812025766e-01, -2.09317577147475281110932978078002754838e+00, 3.78527879391215498649805092536487887442e+00, 1.38855400237656454343261980150673187026e+00, 4.22647066914501530547343282617823899149e+00, 6.67301645892031366981461717412286365249e-01, -9.7988679720041949e+00, -4.6511683577571632e+00
0.46400000, 6.13865129050155355468589831544008219287e-01, -2.09234256874829337834838246166986712201e+00, 3.78449684252727647291581445926188525720e+00, 1.39134431239687092305476223403996052874e+00, 4.22563100901795809106074812542039297308e+00, 6.68237952034178356702754101243805199159e-01, -9.8234899891192251e+00, -4.7240245682745843e+00
0.46500000, 6.14690153530670186450040880856209450829e-01, -2.09150794029251042349503776710154651415e+00, 3.78371180334127060978789531605872278605e+00, 1.39413334633296450197905335937171241797e+00, 4.22478971065542723318364474237292365152e+00, 6.69174944937782957293542648166408205003e-01, -9.8478722550998108e+00, -4.7975579440497261e+00
0.46600000, 6.15516337959201453454322195347740830539e-01, -2.09067187973561334949414038178430352772e+00, 3.78292366070487013822206164032338843741e+00, 1.39692109801979723665282107803738242411e+00, 4.22394676638621946229622165943413648221e+00, 6.70112626004525160047951195506302205859e-01, -9.8720082785123972e+00, -4.8717732800386819e+00
0.46700000, 6.16343684580381199424113037227730464354e-01, -2.08983438067432681480244513652368505545e+00, 3.78213239890593431469237015579051649308e+00, 1.39970756123541142270960445301949962234e+00, 4.22310216850223336919239590337555070329e+00, 6.71050996642379472887458551764212620932e-01, -9.8958914630717710e+00, -4.9466753819537576e+00
0.46800000, 6.17172195650039730838960668276435265833e-01, -2.08899543667367200554684119394726932319e+00, 3.78133800216909771686337925741367611333e+00, 1.40249272970047733414516476949531786288e+00, 4.22225590925819641539307782425979100224e+00, 6.71990058265584282228253897192674651758e-01, -9.9195151061919235e+00, -5.0222690656779011e+00
0.46900000, 6.18001873435216392078329515817138454187e-01, -2.08815504126674590796884029005997777974e+00, 3.78054045465541718132200851220642434209e+00, 1.40527659707782635179930711790105885505e+00, 4.22140798087138952608092520188731268885e+00, 6.72929812294610757486841458236290353183e-01, -9.9428723975193966e+00, -5.0985591566600376e+00
0.47000000, 6.18832720214170271958214288092173949969e-01, -2.08731318795449856448243121197807645928e+00, 3.77973974046201686423255428554257076623e+00, 1.40805915697197953202420625493690660289e+00, 4.22055837552136924405380691949254254496e+00, 6.73870260156131286108250598489120810966e-01, -9.9659564174489578e+00, -5.1755504892908643e+00
0.47100000, 6.19664738276390835217311138600007350014e-01, -2.08646987020550829647592420166033839320e+00, 3.77893584362173141603930065563400106463e+00, 1.41084040292867156582920467700238304212e+00, 4.21970708534968742293195462834069062316e+00, 6.74811403282987426754153691430331687805e-01, -9.9887601356214467e+00, -5.2532479062586449e+00
0.47200000, 6.20497929922608471528610431099372066565e-01, -2.08562508145575487679019353569186867976e+00, 3.77812874810274726145525971401010683250e+00, 1.41362032843437007819296399777535389646e+00, 4.21885410245960843761575955467872337261e+00, 6.75753243114157368036023666709209950204e-01, -1.0011276409403641e+01, -5.3316562578845382e+00
0.47300000, 6.21332297464804954407734804225644279097e-01, -2.08477881510839063460577041914112473459e+00, 3.77731843780824197609499448561139972691e+00, 1.41639892691579021662628619088705342408e+00, 4.21799941891582388975128373065134652008e+00, 6.76695781094722879921052993143549236200e-01, -1.0033497982349982e+01, -5.4107804014369826e+00
0.47400000, 6.22167843226223802180280952988863703952e-01, -2.08393106453350947526953836677470436723e+00, 3.77650489657602175123438450889415426311e+00, 1.41917619173940447745276076210839672879e+00, 4.21714302674416478571880373465918243709e+00, 6.77639018675835744675780105556245297282e-01, -1.0055417482646018e+01, -5.4906252004246495e+00
0.47500000, 6.23004569541380532956713713239121393756e-01, -2.08308182306791379738833682158949296966e+00, 3.77568810817815693831075696572181008921e+00, 1.42195211621094771764951754834833159533e+00, 4.21628491793131116441609473412186857441e+00, 6.78582957314683653944098832276795885457e-01, -1.0077027421533393e+01, -5.5711955238674684e+00
0.47600000, 6.23842478756072805344884452631805240336e-01, -2.08223108401487928931158388061460085531e+00, 3.77486805632061566491319856279485933933e+00, 1.42472669357491729945665105702834258418e+00, 4.21542508442449915186269847069468278566e+00, 6.79527598474455558282428990678165947516e-01, -1.0098320191716252e+01, -5.6524962455452141e+00
0.47700000, 6.24681573227390436406877067345841940020e-01, -2.08137884064391758691808430557967497628e+00, 3.77404472464289551415526376113762634495e+00, 1.42749991701406831432120785787307377470e+00, 4.21456351813122541940410710614086026617e+00, 6.80472943624306455195166480559686516015e-01, -1.0119288065748890e+01, -5.7345322432231399e+00
0.47800000, 6.25521855323725288138495429098774611444e-01, -2.08052508619053677441349381416789568669e+00, 3.77321809671765325947088740471535240609e+00, 1.43027177964890383208986865007243038133e+00, 4.21370021091894902204564295462785841271e+00, 6.81418994239321601427970058069437256081e-01, -1.0139923194404509e+01, -5.8173083978541241e+00
0.47900000, 6.26363327424781013516163942250477447437e-01, -2.07966981385599970963446501504955700144e+00, 3.77238815605033264702928380899956668753e+00, 1.43304227453716012070348469968302105509e+00, 4.21283515461479059319483062286235280626e+00, 6.82365751800480134984837211196823773705e-01, -1.0160217605024929e+01, -5.9008295927567906e+00
0.48000000, 6.27205991921582652917182530113481212077e-01, -2.07881301680708015514330506076952290471e+00, 3.77155488607879021812616511579159600220e+00, 1.43581139467328678097631612933435180725e+00, 4.21196834100522887183825273777783224745e+00, 6.83313217794618092037127339467323043243e-01, -1.0180163199851103e+01, -5.9851007127690515e+00
0.48100000, 6.28049851216486071475019902604973253309e-01, -2.07795468817581669618303173678040204843e+00, 3.77071827017291916407694023964640830032e+00, 1.43857913298792174036303709270649820660e+00, 4.21109976183579453792426431071811968548e+00, 6.84261393714390803588557289552226731183e-01, -1.0199751754334293e+01, -6.0701266433765067e+00
0.48200000, 6.28894907723187227681501747969213208398e-01, -2.07709482105926442634702571072799337423e+00, 3.76987829163427120631286909642412830048e+00, 1.44134548234736104892718850984244316593e+00, 4.21022940881076133146652624931335547558e+00, 6.85210281058234656449569006489687314327e-01, -1.0218974915427757e+01, -6.1559122698151263e+00
0.48300000, 6.29741163866731263292207173337123599289e-01, -2.07623340851924438160004534424497119899e+00, 3.76903493369567649456365830653968152842e+00, 1.44411043555302342002563937724041413051e+00, 4.20935727359283443062511936194078252404e+00, 6.86159881330328202757194583637745220204e-01, -1.0237824199858810e+01, -6.2424624761476261e+00
0.48400000, 6.30588622083521404329977068760524468825e-01, -2.07537044358209070306820105921049994900e+00, 3.76818817952086151619991390233545325877e+00, 1.44687398534090945751462756068570927789e+00, 4.20848334780283606376203164455068007724e+00, 6.87110196040552601952459349923841225295e-01, -1.0256290992381112e+01, -6.3297821443129388e+00
0.48500000, 6.31437284821327662714007895236860479560e-01, -2.07450591923839550879458396728027258846e+00, 3.76733801220406501000644004110459956444e+00, 1.44963612438105551056395354186446408554e+00, 4.20760762301938833020609046439829728647e+00, 6.88061226704451378796303788887453312087e-01, -1.0274366544007045e+01, -6.4178761531481656e+00
0.48600000, 6.32287154539295327768395424976088699105e-01, -2.07363982844275145443461455732613126149e+00, 3.76648441476965187786282343708569766005e+00, 1.45239684527698209643675717704414445016e+00, 4.20673009077859320419895582776438686563e+00, 6.89012974843189480666800849471920946292e-01, -1.0292041970220034e+01, -6.5067493773823850e+00
0.48700000, 6.33138233707953236584042717680546760153e-01, -2.07277216411349196264082901027460376062e+00, 3.76562737017172508802131129369978449191e+00, 1.45515614056513683085287772659674905952e+00, 4.20585074257370969622862127931020242444e+00, 6.89965441983511617034923118528614780359e-01, -1.0309308249166693e+01, -6.5964066866016788e+00
0.48800000, 6.33990524809221811921388304714876394189e-01, -2.07190291913242910066076162699154084354e+00, 3.76476686129373556389392328463996980710e+00, 1.45791400271433180480393904365226936841e+00, 4.20496956985482814569000691788956280724e+00, 6.90918629657699863663096522594327608395e-01, -1.0326156219828637e+01, -6.6868529441847247e+00
0.48900000, 6.34844030336420856048272932503687294506e-01, -2.07103208634458908544382155319493010881e+00, 3.76390287094809005249129039083491683338e+00, 1.46067042412517534592787090473554003731e+00, 4.20408656402854161854369814342809920769e+00, 6.91872539403530513710081341322763726285e-01, -1.0342576580173855e+01, -6.7780930062082891e+00
0.49000000, 6.35698752794277088607270471289160523318e-01, -2.07015965855794539532361135397412093962e+00, 3.76303538187575696689514761879734709717e+00, 1.46342539712949810177942827569437288133e+00, 4.20320171645761438337370959748893888717e+00, 6.92827172764230157557160338196401537274e-01, -1.0358559885287490e+01, -6.8701317203219418e+00
0.49100000, 6.36554694698931416299780201988326915992e-01, -2.06928562854314946711100622570866752745e+00, 3.76216437674587019739499418706941865420e+00, 1.46617891398977338155125529377158002973e+00, 4.20231501846064743897336384708812006857e+00, 6.93782531288430972793995969877760824979e-01, -1.0374096545481922e+01, -6.9629739245912991e+00
0.49200000, 6.37411858577945921859928284485633768431e-01, -2.06840998903325895720051930322368656523e+00, 3.76128983815533088617745221163132944584e+00, 1.46893096689853169200701057953237632613e+00, 4.20142646131174106631499829191841077019e+00, 6.94738616530125205417647248176438617736e-01, -1.0389176824386011e+01, -7.0566244463090869e+00
0.49300000, 6.38270246970310559469665432124602100372e-01, -2.06753273272346354505803563115691969319e+00, 3.76041174862840716072459019803453156125e+00, 1.47168154797776940258387404360348894345e+00, 4.20053603624015437748428333055571227608e+00, 6.95695430048618822904910186388595162606e-01, -1.0403790837013391e+01, -7.1510881007733023e+00
0.49400000, 6.39129862426449543437180185545579517309e-01, -2.06665385227080825722192143400403238838e+00, 3.75953009061633182135522637713983964475e+00, 1.47443064927835147380623969979725157104e+00, 4.19964373442996183388348405521888930744e+00, 6.96652973408484319416156976360512993331e-01, -1.0417928547809699e+01, -7.2463696900317356e+00
0.49500000, 6.39990707508227416623671929860987915595e-01, -2.06577334029391428971182443118651719681e+00, 3.75864484649689797863129366051904453160e+00, 1.47717826277940818232540941947345220361e+00, 4.19874954701970670573006308356354142731e+00, 6.97611248179512652977985904372894789121e-01, -1.0431579768678610e+01, -7.3424740015921006e+00
0.49600000, 6.40852784788954784758438732806158581849e-01, -2.06489118937269730650019484730534610361e+00, 3.75775599857405263665004651445558994732e+00, 1.47992438038772577506148254932600827174e+00, 4.19785346510205144459764248268708797456e+00, 6.98570255936664294072038842854441321785e-01, -1.0444734156986591e+01, -7.4394058070970043e+00
0.49700000, 6.41716096853393702428920403773944809433e-01, -2.06400739204808319146069694041087777164e+00, 3.75686352907748821855254363404907161085e+00, 1.48266899393713098407322756295899690337e+00, 4.19695547972342494046555958254794434790e+00, 6.99529998260019364628072647258019718182e-01, -1.0457381213546242e+01, -7.5371698609629727e+00
0.49800000, 6.42580646297762696170579331516148095767e-01, -2.06312194082172123096527060194254126476e+00, 3.75596742016223203089978201550288647810e+00, 1.48541209518786933291936433670606896509e+00, 4.19605558188366663446110899800947206069e+00, 7.00490476734726845980555857603834760175e-01, -1.0469510280578139e+01, -7.6357708989827310e+00
0.49900000, 6.43446435729741409711077170467411021895e-01, -2.06223482815569470405766705707049441431e+00, 3.75506765390823366390043105359239119360e+00, 1.48815367582597716440021736407151075590e+00, 4.19515376253566745819510837941631343370e+00, 7.01451692950952833899467722054925520544e-01, -1.0481110539651076e+01, -7.7352136368899230e+00
0.50000000, 6.44313467768474856043884727775243917418e-01, -2.06134604647222885688584908427841119874e+00, 3.75416421231995032481867323071972056880e+00, 1.49089372746264731868195761207218354275e+00, 4.19425001258500757030670822537160945153e+00, 7.02413648503827818347361583031560895833e-01, -1.0492171009600603e+01, -7.8355027688854343e+00
0.50100000, 6.45181745044577260618009587604239400675e-01, -2.06045558815339623782874372511766399009e+00, 3.75325707732593010224756515803104445087e+00, 1.49363224163358838990646837726528762127e+00, 4.19334432288959086054743951473227473035e+00, 7.03376344993392965145871667426447665265e-01, -1.0502680544425789e+01, -7.9366429661244703e+00
0.50200000, 6.46051270200135479532698759390354924012e-01, -2.05956344554081936950449558757012660095e+00, 3.75234623077839315930296460500184082897e+00, 1.49636920979837748847808127175383027547e+00, 4.19243668425927619144741313799045918875e+00, 7.04339784024545376255437411223880585222e-01, -1.0512627831164096e+01, -8.0386388751635180e+00
0.50300000, 6.46922045888711976218522954864073647193e-01, -2.05866961093537073359762524851900801815e+00, 3.75143165445281085417581257009066690960e+00, 1.49910462333980643529386347855328502597e+00, 4.19152708745550534731841165187560933812e+00, 7.05303967206982304881832088890560729249e-01, -1.0522001387744321e+01, -8.1414951163663082e+00
0.50400000, 6.47794074775347339668919128634976959926e-01, -2.05777407659687004419138599562686155964e+00, 3.75051333004748278687681305086950083876e+00, 1.50183847356322131324662606283092985104e+00, 4.19061552319092766005940973869214423626e+00, 7.06268896155144301121845337986147883755e-01, -1.0530789560817498e+01, -8.2452162822678712e+00
0.50500000, 6.48667359536562326858795740113102065192e-01, -2.05687683474377878503917176129227217290e+00, 3.74959123918311177141772777945233679394e+00, 1.50457075169585530037919311409079470066e+00, 4.18970198212902128093989153787679666906e+00, 7.07234572488157263347907768758366429441e-01, -1.0538980523565708e+01, -8.3498069358957643e+00
0.50600000, 6.49541902860359411548920618644318362531e-01, -2.05597787755289198595510072985228607895e+00, 3.74866536340237673309802215679192353635e+00, 1.50730144888615470810454885132721395863e+00, 4.18878645488371106724527112048894627810e+00, 7.08200997829773370007278596364289871430e-01, -1.0546562273488735e+01, -8.4552716090475290e+00
0.50700000, 6.50417707446223821226236656882344550091e-01, -2.05507719715902721324892659278433315192e+00, 3.74773568416950353100489824987302491300e+00, 1.51003055620309814692908892331756818520e+00, 4.18786893201898305237684112160355558107e+00, 7.09168173808310865975355062709482442206e-01, -1.0553522630168503e+01, -8.5616148005234156e+00
0.50800000, 6.51294776005124043470700423341249442855e-01, -2.05417478565471074887425946625946440029e+00, 3.74680218286983370628928066520854986854e+00, 1.51275806463550874112516572936550347905e+00, 4.18694940404849546770605235594474992953e+00, 7.10136102056592677054408609425597171387e-01, -1.0559849233011249e+01, -8.6688409743133959e+00
0.50900000, 6.52173111259511782568419832180930314595e-01, -2.05327063508986093270176071045140197738e+00, 3.74586484080939115725054481431507522547e+00, 1.51548396509135931279425682685485280766e+00, 4.18602786143518628418964681819374280631e+00, 7.11104784211883825648302738429748087959e-01, -1.0565529538967382e+01, -8.7769545577374611e+00
0.51000000, 6.53052715943321346708477711174715041672e-01, -2.05236473747146864207056303029676410246e+00, 3.74492363921444674274917219190310099238e+00, 1.51820824839707045474321997426975778755e+00, 4.18510429459087724145831496554553886369e+00, 7.12074221915827620070188572571535434019e-01, -1.0570550820229003e+01, -8.8859599395381849e+00
0.51100000, 6.53933592801968445606558512181641818330e-01, -2.05145708476327488251171525033934949186e+00, 3.74397855923108081596957611408011530719e+00, 1.52093090529680141056304615029276512203e+00, 4.18417869387587433179721739271388394818e+00, 7.13044416814380589353485299463727746421e-01, -1.0574900161905042e+01, -8.9958614679245094e+00
0.51200000, 6.54815744592348377892026873104258538234e-01, -2.05054766888544546327701936989033460075e+00, 3.74302958192474369107557136761913897464e+00, 1.52365192645173367925209957489345150804e+00, 4.18325104959856470614199757221500585809e+00, 7.14015370557746134836304372715509813094e-01, -1.0578564459674001e+01, -9.1066634485656883e+00
0.51300000, 6.55699174082833587076111681079885062739e-01, -2.04963648171424273104527876653592877366e+00, 3.74207668827981404583888547890833169344e+00, 1.52637130243934726066385647984695754155e+00, 4.18232135201500996891891791881479705578e+00, 7.14987084800306869175530167675615284488e-01, -1.0581530417414282e+01, -9.2183701425343053e+00
0.51400000, 6.56583884053270564386990901854320238681e-01, -2.04872351508169433491577724819330704692e+00, 3.74111985919915526387726702043525978188e+00, 1.52908902375268945698243588382867736708e+00, 4.18138959132853582826258297080024869414e+00, 7.15959561200555612818678284912101517186e-01, -1.0583784544812097e+01, -9.3309857641972578e+00
0.51500000, 6.57469877294976076212504432536413581593e-01, -2.04780876077525899553582941480605592541e+00, 3.74015907550366972071369336996249287350e+00, 1.53180508079963614433756833018318201952e+00, 4.18045575768931806784948335691197818361e+00, 7.16932801421025017319059072857857002663e-01, -1.0585313154946966e+01, -9.4445144790535769e+00
0.51600000, 6.58357156610732693332588522927988639813e-01, -2.04689221053748925094555784318978154482e+00, 3.73919431793185101846248963266353354631e+00, 1.53451946390214542756388356827065489350e+00, 4.17951984119396480629042052976438808451e+00, 7.17906807128215784222311806620719830915e-01, -1.0586102361854811e+01, -9.5589604015179320e+00
0.51700000, 6.59245724814783598550959731641881093793e-01, -2.04597385606569115145874049502954738703e+00, 3.73822556713933417456243276552781468500e+00, 1.53723216329550358998732540317283958744e+00, 4.17858183188509500972987902411593571877e+00, 7.18881579992523447579668035286626991440e-01, -1.0586138078068669e+01, -9.6743275926486414e+00
0.51800000, 6.60135584732826648748702385988806731901e-01, -2.04505368901158087563371537345087535907e+00, 3.73725280369844377061173934066495281418e+00, 1.53994316912756324898393014728256030257e+00, 4.17764171975091322300573045467498416828e+00, 7.19857121688163687454964446664134738916e-01, -1.0585406012137050e+01, -9.7906200578189922e+00
0.51900000, 6.61026739202007666780843842236570976999e-01, -2.04413170098093823912301627529898328501e+00, 3.73627600809774006801584977371613037071e+00, 1.54265247145797362690294193838012599631e+00, 4.17669949472478048442841825717902445650e+00, 7.20833433893096141088059280101594160878e-01, -1.0583891666119997e+01, -9.9078417443306415e+00
0.52000000, 6.61919191070912938020338205441143619340e-01, -2.04320788353325706792473571226333091478e+00, 3.73529516074156309783677365061962700433e+00, 1.54536006025740284577709028992542419895e+00, 4.17575514668478138894512766052182559308e+00, 7.21810518288946677656504154653589561978e-01, -1.0581580333062880e+01, -1.0025996538967854e+01
0.52100000, 6.62812943199560885721711904741159958384e-01, -2.04228222818139240729266586930461073696e+00, 3.73431024194957473293311756948297481932e+00, 1.54806592540675215305762833069300894647e+00, 4.17480866545328726416154190575382066781e+00, 7.22788376560928101839666391870632386391e-01, -1.0578457094448005e+01, -1.0145088265491297e+01
0.52200000, 6.63707998459392898728532249902912189897e-01, -2.04135472639120453729615817056269538260e+00, 3.73332123195629875120346702137744580264e+00, 1.55077005669636198441022915361679541149e+00, 4.17386004079651542340178092541221859669e+00, 7.23767010397759250634555305245677993054e-01, -1.0574506817624096e+01, -1.0265120682070100e+01
0.52300000, 6.64604359733263284384409356682979330173e-01, -2.04042536958119976575447436420267716706e+00, 3.73232811091065889949324707646369923699e+00, 1.55347244382520976838986666438928596975e+00, 4.17290926242408445969617776748586287109e+00, 7.24746421491582447099937556676882353135e-01, -1.0569714153213760e+01, -1.0386097478650840e+01
0.52400000, 6.65502029915428318825986708299093962936e-01, -2.03949414912216796900429038111444885221e+00, 3.73133085887551496849727499695334494263e+00, 1.55617307640009937657816979250315877743e+00, 4.17195631998856554429684408788826646581e+00, 7.25726611537879273914477502278901848347e-01, -1.0564063532499004e+01, -1.0508022274262116e+01
0.52500000, 6.66401011911534366137857367013782958296e-01, -2.03856105633681685069307780328116895046e+00, 3.73032945582719688978769623228067110493e+00, 1.55887194393484212151523785994718638251e+00, 4.17100120308502969303269035753709722241e+00, 7.26707582235384628825141969898673193120e-01, -1.0557539164784950e+01, -1.0630898614253324e+01
0.52600000, 6.67301308638605037133089478569418101054e-01, -2.03762608249940288852545195724563205005e+00, 3.72932388165503686692064206942775627994e+00, 1.56156903584942920348934283588897207707e+00, 4.17004390125059096352888890726594601168e+00, 7.27689335285999023233485811344971900039e-01, -1.0550125034741843e+01, -1.0754729967466217e+01
0.52700000, 6.68202923025027357788570593918931816636e-01, -2.03668921883535893862437217772014905161e+00, 3.72831411616089955342556543153090598936e+00, 1.56426434146919550596212338465516466440e+00, 4.16908440396394554603089735012056593351e+00, 7.28671872394699084319192334666951998286e-01, -1.0541804899725512e+01, -1.0879519723337830e+01
0.52800000, 6.69105858010536916611185770676073750422e-01, -2.03575045652091846690444708241078505212e+00, 3.72730013905871029135962907586961713133e+00, 1.56695785002397463810359812146714857206e+00, 4.16812270064490671029030434064877757824e+00, 7.29655195269446220231875233664276427954e-01, -1.0532562287076439e+01, -1.1005271188933295e+01
0.52900000, 6.70010116546201959438415209064728104201e-01, -2.03480978668273637659068112975364793904e+00, 3.72628192997398142501659191971753646008e+00, 1.56964955064724512159039338576663764915e+00, 4.16715878065393557068913678258716407572e+00, 7.30639305621093406993135783835844582992e-01, -1.0522380491397586e+01, -1.1131987585907053e+01
0.53000000, 6.70915701594406399384744164758865933452e-01, -2.03386720039750640075295091521007630852e+00, 3.72525946844333670531624550651488033646e+00, 1.57233943237526761748179631323144092107e+00, 4.16619263329166763150110527028393714412e+00, 7.31624205163290054840676342886700336883e-01, -1.0511242571811193e+01, -1.1259672047390944e+01
0.53100000, 6.71822616128831708832776480534608072861e-01, -2.03292268869157502846448077961960836202e+00, 3.72423273391403380136750259733512781451e+00, 1.57502748414621308763140950948641414039e+00, 4.16522424779843507391280101335240294981e+00, 7.32609895612384910814349212554928879671e-01, -1.0499131349194724e+01, -1.1388327614807610e+01
0.53200000, 6.72730863134437659534572800047484757270e-01, -2.03197624254055193293176542177351780385e+00, 3.72320170574348493669667113061470052029e+00, 1.57771369479928178371710213253017820725e+00, 4.16425361335378474615534192648009866554e+00, 7.33596378687326953429804032325974892374e-01, -1.0486029403396200e+01, -1.1517957234607636e+01
0.53300000, 6.73640445607441876033918474983121452247e-01, -2.03102785286891686968393861825941048281e+00, 3.72216636319877566866322660112405658539e+00, 1.58039805307381295557842724552995449537e+00, 4.16328071907599181782765850512925079227e+00, 7.34583656109564234308306684993220804417e-01, -1.0471919070429138e+01, -1.1648563754928810e+01
0.53400000, 6.74551366555298166743370535573127937816e-01, -2.03007751054962301265169672512936870512e+00, 3.72112668545618183064952218534029222646e+00, 1.58308054760838516913851130397302244472e+00, 4.16230555402156905922678391978401829676e+00, 7.35571729602940620630741582273846269719e-01, -1.0456782439647370e+01, -1.1780149922175848e+01
0.53500000, 6.75463628996673596110426595516990633616e-01, -2.02912520640369669570974718082820349806e+00, 3.72008265160068465770937827729095523865e+00, 1.58576116693990712275642402025145862828e+00, 4.16132810718477170623845212965643989280e+00, 7.36560600893590391259163844764269522646e-01, -1.0440601350899994e+01, -1.1912718377518905e+01
0.53600000, 6.76377235961424260384371934280619169824e-01, -2.02817093119983352700256888820176622185e+00, 3.71903424062548411749443382032194507366e+00, 1.58843989950269884940601228142686836688e+00, 4.16034836749709787108331024907088110745e+00, 7.37550271709830638319907766401306442129e-01, -1.0423357391666767e+01, -1.2046271653309155e+01
0.53700000, 6.77292190490569728548646399619883384416e-01, -2.02721467565399084312125599197987771826e+00, 3.71798143143151046944761707519257544087e+00, 1.59111673362756319060793843570552016988e+00, 4.15936632382678445896042775727023810659e+00, 7.38540743782051424967534805562104165665e-01, -1.0405031894174252e+01, -1.2180812169409698e+01
0.53800000, 6.78208495636266109012263198889321713675e-01, -2.02625643042897646994959219634974144514e+00, 3.71692420282693407646123436078287157698e+00, 1.59379165754084742655301098298510693199e+00, 4.15838196497829855038086019056934793319e+00, 7.39532018842603648948151658268664515700e-01, -1.0385605932493045e+01, -1.2316342229439997e+01
0.53900000, 6.79126154461777701657220330512553576679e-01, -2.02529618613403375675050297121842647148e+00, 3.71586253352667349444414907929069918637e+00, 1.59646465936349494534664635424609619670e+00, 4.15739527969182420874013793797590250213e+00, 7.40524098625684560453161415517236893707e-01, -1.0365060319616447e+01, -1.2452864016932034e+01
0.54000000, 6.80045170041447193816265183665442649117e-01, -2.02433393332442284981990239066033305402e+00, 3.71479640215190186652953457816561667042e+00, 1.59913572711008683277626814213993526192e+00, 4.15640625664274467244005599628171837693e+00, 7.41516984867220881599623674825980273005e-01, -1.0343375604520958e+01, -1.2590379591396333e+01
0.54100000, 6.80965545460664357706075497897951892098e-01, -2.02336966250099817179394604872452027457e+00, 3.71372578722955164998297629570215904561e+00, 1.60180484868787326245545148701272007332e+00, 4.15541488444111989063740804440257849575e+00, 7.42510679304749473690368081988578732788e-01, -1.0320532069209000e+01, -1.2728890884295945e+01
0.54200000, 6.81887283815833205764155503582106796537e-01, -2.02240336410978207245808961463939317635e+00, 3.71265066719181770524155428330342407925e+00, 1.60447201189579456463047480787035813174e+00, 4.15442115163115936147072433122141046225e+00, 7.43505183677295497195084859692886127626e-01, -1.0296509725734287e+01, -1.2868399694926485e+01
0.54300000, 6.82810388214337559232742328773301730946e-01, -2.02143502854153461667241473529118192586e+00, 3.71157102037565877792928094935653116345e+00, 1.60713720442349185034647134158868046694e+00, 4.15342504669069023139604101883005647401e+00, 7.44500499725248008152038965816412775697e-01, -1.0271288313210311e+01, -1.3008907686200232e+01
0.54400000, 6.83734861774504984198979202602053760361e-01, -2.02046464613131947479771382167108140400e+00, 3.71048682502229740615426773734036184008e+00, 1.60980041385030706606140516904386501435e+00, 4.15242655803062061404966989017916508580e+00, 7.45496629190232933418033293180530524371e-01, -1.0244847294802407e+01, -1.3150416380332307e+01
0.54500000, 6.84660707625569048136719286488297642173e-01, -2.01949220715806588078113001975414952054e+00, 3.70939805927671828689965954798541606999e+00, 1.61246162764427235216646058619493651026e+00, 4.15142567399439808685029127944119844665e+00, 7.46493573814983365890969930291204914399e-01, -1.0217165854703915e+01, -1.3292927154426866e+01
0.54600000, 6.85587928907629848800733164645877260242e-01, -2.01851770184412662283904979663931252041e+00, 3.70830470118716513687516376020805523478e+00, 1.61512083316108857722096409540450685869e+00, 4.15042238285746332335491849715255881533e+00, 7.47491335343207119493992894090413305994e-01, -1.0188222895096969e+01, -1.3436441235961240e+01
0.54700000, 6.86516528771612766097934739259220884674e-01, -2.01754112035483203145877928779995211627e+00, 3.70720672870463608480041557542208160020e+00, 1.61777801764309291803849387673017456823e+00, 4.14941667282669881919385769742573032175e+00, 7.48489915519451482341882943046661120459e-01, -1.0157997033098476e+01, -1.3580959698165882e+01
0.54800000, 6.87446510379225386301618870213540374816e-01, -2.01656245279803992922965348829468385874e+00, 3.70610411968237763374701575194805553754e+00, 1.62043316821821535406821636197309319081e+00, 4.14840853203987266922921271140708093969e+00, 7.49489316088965105108232446151656817692e-01, -1.0126466597691885e+01, -1.3726483455297962e+01
0.54900000, 6.88377876902912546682696844928973154559e-01, -2.01558168922368150680899724652598493070e+00, 3.70499685187537723387445369708626808859e+00, 1.62308627189892394280157302026078759680e+00, 4.14739794856507735341028119637667819783e+00, 7.50489538797556960175047767883535281965e-01, -1.0093609626645368e+01, -1.3873013257806393e+01
0.55000000, 6.89310631525809447305571957531883870227e-01, -2.01459881962330308912916331848060218179e+00, 3.70388490293985450765794359956349552716e+00, 1.62573731558115874119907822619380601053e+00, 4.14638491040016348863790047619905715107e+00, 7.51490585391452305673873977915219715397e-01, -1.0059403863417059e+01, -1.4020549687386047e+01
0.55100000, 6.90244777441692775374637533754681988759e-01, -2.01361383392960375575911743479993519296e+00, 3.70276825043275117152516303192890134000e+00, 1.62838628604325423637504318510932939673e+00, 4.14536940547216850379899617257868069094e+00, 7.52492457617145587018350644861838878369e-01, -1.0023826754048073e+01, -1.4169093151918855e+01
0.55200000, 6.91180317854929786119394253771433106614e-01, -2.01262672201596877914814363017066475441e+00, 3.70164687181121969969575726845598960933e+00, 1.63103316994485014699938044216813250486e+00, 4.14435142163674019499285616474554751077e+00, 7.53495157221250206981298918431980529470e-01, -9.9868554440439932e+00, -1.4318643880299449e+01
0.55300000, 6.92117255980425282770832403267608823214e-01, -2.01163747369599884430064421039966437367e+00, 3.70052074443211077795408123256506726004e+00, 1.63367795382579045507514521255555810370e+00, 4.14333094667755511784261412381591422658e+00, 7.54498685950345093783991229240629289489e-01, -9.9484667752456207e+00, -1.4469201917142972e+01
0.55400000, 6.93055595043566436707935730609016202954e-01, -2.01064607872303501326016674763376766649e+00, 3.69938984555145959708387703452420593370e+00, 1.63632062410501052592801854238862121195e+00, 4.14230796830573177366972500367760041114e+00, 7.55503045550817995040118327167190535550e-01, -9.9086372826897634e+00, -1.4620767117372605e+01
0.55500000, 6.93995338280165387339832076161802322738e-01, -2.00965252678967939761818514515961983656e+00, 3.69825415232397103775537282318746687809e+00, 1.63896116707941217239942686430446257791e+00, 4.14128247415923854620652129640086659880e+00, 7.56508237768705423731066106045963335016e-01, -9.8673431914609148e+00, -1.4773339140684352e+01
0.55600000, 6.94936488936399559735103128017027168941e-01, -2.00865680752731150210929442170959315350e+00, 3.69711364180250380078264645069845937641e+00, 1.64159956892272651736832604344159701304e+00, 4.14025445180229634543295430097599664542e+00, 7.57514264349529180681337324699515400010e-01, -9.8245604135346942e+00, -1.4926917445886539e+01
0.55700000, 6.95879050268749636413897781169656199363e-01, -2.00765891050560020220987325547024590491e+00, 3.69596829093755353886409971508164734627e+00, 1.64423581568436450683776888262938716494e+00, 4.13922388872477591504907989686942707631e+00, 7.58521127038129376252159082105898016100e-01, -9.7802645446139687e+00, -1.5081501285111461e+01
0.55800000, 6.96823025543935118079560692557473131247e-01, -2.00665882523201131852247179516045569352e+00, 3.69481807657673504818367867077650585927e+00, 1.64686989328825492391114753453833540965e+00, 4.13819077234158976003550546271693003846e+00, 7.59528827578493872176330424751964336213e-01, -9.7344308609586173e+00, -1.5237089697896546e+01
0.55900000, 6.97768418038847406383242421674644198122e-01, -2.00565654115131075060376656626061201041e+00, 3.69366297546426358058726653163524723082e+00, 1.64950178753166975204939228977059044861e+00, 4.13715508999207865071066836408660673034e+00, 7.60537367713584062616975933753343962159e-01, -9.6870343162099433e+00, -1.5393681505132373e+01
0.56000000, 6.98715231040480340086114112981497098130e-01, -2.00465204764506313278048678793536501076e+00, 3.69250296424043533945975524765496977326e+00, 1.65213148408403673404436419527032005726e+00, 4.13611682893939265966729556903023626697e+00, 7.61546749185156911645835143500514345961e-01, -9.6380495382107845e+00, -1.5551275302874792e+01
0.56100000, 6.99663467845858114208042220397528298875e-01, -2.00364533403112597439588102159838399464e+00, 3.69133801944110722491603306446119649354e+00, 1.65475896848573897116516267182192332708e+00, 4.13507597636986668796156256195923206898e+00, 7.62556973733583162401752059521930096946e-01, -9.5874508258224195e+00, -1.5709869456018397e+01
0.56200000, 7.00613131761960509927520303795711466765e-01, -2.00263638956313924683971153456899819142e+00, 3.69016811749717589648595002652270106947e+00, 1.65738422614690140493305675438113863450e+00, 4.13403251939239043693822883334158053033e+00, 7.63568043097661631205813886055431121611e-01, -9.5352121457394172e+00, -1.5869462091828504e+01
0.56300000, 7.01564226105645361123895882410486868975e-01, -2.00162520343001037963811680967837803741e+00, 3.68899323473405622412176458725270608550e+00, 1.66000724234616402195723098554806729325e+00, 4.13298644503777278210431628171654662525e+00, 7.64579959014429497874764304836201279425e-01, -9.4813071293036254e+00, -1.6030051093328743e+01
0.56400000, 7.02516754203568181528017166069262550974e-01, -2.00061176475539462781668123425956511442e+00, 3.68781334737115920108923961201533410102e+00, 1.66262800222944162021752176493529072381e+00, 4.13193774025810050551369538441321228128e+00, 7.65592723218968501387484942268260908986e-01, -9.4257090693185481e+00, -1.6191634092541341e+01
0.56500000, 7.03470719392098874469858207824581566102e-01, -1.99959606259717077270143768173665074568e+00, 3.68662843152136939512313969780148081586e+00, 1.66524649080866997311183177094453214710e+00, 4.13088639192609134319627321772312495236e+00, 7.66606337444206947919058142081217064935e-01, -9.3683909168654143e+00, -1.6354208463577089e+01
0.56600000, 7.04426125017235445179915669070730367606e-01, -1.99857808594691211828907889723830470815e+00, 3.68543846319052201713716879489769842722e+00, 1.66786269296053822549499197772059610297e+00, 4.12983238683444130425940206998906477451e+00, 7.67620803420717436061711073664539466910e-01, -9.3093252781222960e+00, -1.6517771315571936e+01
0.56700000, 7.05382974434514633513611460101732409673e-01, -1.99755782372935274530017710391302941586e+00, 3.68424341827687968978025603216408213320e+00, 1.67047659342520735382255539002776928065e+00, 4.12877571169516621840675754788905522437e+00, 7.68636122876510201800267573150909237329e-01, -9.2484844111876932e+00, -1.6682319485467117e+01
0.56800000, 7.06341271008919382822938349441780004864e-01, -1.99653526480184898502855368672282630031e+00, 3.68304327257060900122852369955810272192e+00, 1.67308817680501452037743730087980155023e+00, 4.12771635313893746876242801585214820754e+00, 7.69652297536821983500026324874216515626e-01, -9.1858402229100593e+00, -1.6847849530629627e+01
0.56900000, 7.07301018114783058495453708478277998092e-01, -1.99551039795383607511698521079709047934e+00, 3.68183800175325693279833011411152652400e+00, 1.67569742756316314939956911969682520178e+00, 4.12665429771441186705651944694393010001e+00, 7.70669329123900304795621355158337464018e-01, -9.1213642657248055e+00, -1.7014357721309827e+01
0.57000000, 7.08262219135690327415709764241543935767e-01, -1.99448321190627995942510044287472190628e+00, 3.68062758139722725226365106175479276328e+00, 1.67830433002239855075893556438820211119e+00, 4.12558953188755562842446912484831909871e+00, 7.71687219356783070838734061662143203042e-01, -9.0550277345003838e+00, -1.7181840032932881e+01
0.57100000, 7.09224877464374607276501562607054818680e-01, -1.99345369531112419421057824439697169823e+00, 3.67941198696525696816403374882370770670e+00, 1.68090886836366891461067210985043876698e+00, 4.12452204204096240329678942503960624348e+00, 7.72705969951073370868795749030161394350e-01, -8.9868014633951153e+00, -1.7350292138220693e+01
0.57200000, 7.10188996502611992275053515875684427975e-01, -1.99242183675073192292060347465598170263e+00, 3.67819119380989294390082526564809453503e+00, 1.68351102662477149824749132050407014930e+00, 4.12345181447316532411049617022065842702e+00, 7.73725582618709377512274772500076054032e-01, -8.9166559227264980e+00, -1.7519709399140909e+01
0.57300000, 7.11154579661111559270529933554231565880e-01, -1.99138762473732288198802702421020869477e+00, 3.67696517717296877404285749110304128212e+00, 1.68611078869898382411979138389026611235e+00, 4.12237883539794302485943996521071495719e+00, 7.74746059067729230590958418798294350186e-01, -8.8445612158547981e+00, -1.7690086858679522e+01
0.57400000, 7.12121630359401955952061109429285825443e-01, -1.99035104771240540014690273646381210895e+00, 3.67573391218508202900189582273336115528e+00, 1.68870813833367970572761584893030954295e+00, 4.12130309094361959181963921770813082654e+00, 7.75767401002030790525937011275698472025e-01, -8.7704870760828006e+00, -1.7861419232433542e+01
0.57500000, 7.13090152025714169968777864864909685979e-01, -1.98931209404620335392618254297256577322e+00, 3.67449737386507197809668773463191490311e+00, 1.69130305912892991580144980261001562362e+00, 4.12022456715235840413905915392776632312e+00, 7.76789610121126143659840003360463491944e-01, -8.6944028635736733e+00, -1.8033700900020113e+01
0.57600000, 7.14060148096860375303031984958528141852e-01, -1.98827075203707804214953636012838889925e+00, 3.67325553711949790500626502475175520570e+00, 1.69389553453608730888095741560110980243e+00, 4.11914324997944982337070680687378013626e+00, 7.77812688119890738983265944866819885801e-01, -8.6162775622889696e+00, -1.8206925896298415e+01
0.57700000, 7.15031622018108749422868112125887011872e-01, -1.98722700991094494246477256241488092584e+00, 3.67200837674211813372227990080679591958e+00, 1.69648554785635620807252722281430875026e+00, 4.11805912529259269145510112085970797139e+00, 7.78836636688307032840234544718079068349e-01, -8.5360797769488826e+00, -1.8381087902400608e+01
0.57800000, 7.16004577243054151927654776065549526183e-01, -1.98618085582068531314947053489794670327e+00, 3.67075586741336988735074689902795377132e+00, 1.69907308223934586341827037743391497336e+00, 4.11697217887116959712488501160445092838e+00, 7.79861457511202515199751492139984446924e-01, -8.4537777300169385e+00, -1.8556180236568012e+01
0.57900000, 7.16979017233484552499256355558307168594e-01, -1.98513227784555260369155869524276745948e+00, 3.66949798369985010648992013020639118308e+00, 1.70165812068160778694132873828560897735e+00, 4.11588239640551587121240214748878406506e+00, 7.80887152267981988014032612373571006227e-01, -8.3693392587114091e+00, -1.8732195844788636e+01
0.58000000, 7.17954945459243092987837042701959560140e-01, -1.98408126399057363792609918202826808269e+00, 3.66823470005379735842760678604308277605e+00, 1.70424064602515676704545124844669567661e+00, 4.11478976349618227189237294520649378902e+00, 7.81913722632353963036334115852270820407e-01, -8.2827318120458062e+00, -1.8909127291232124e+01
0.58100000, 7.18932365398085665393858042176121609340e-01, -1.98302780218594453382395643707757836329e+00, 3.66696599081257497306260510534017555485e+00, 1.70682064095597536254129020713522817639e+00, 4.11369426565319132148836058801125094388e+00, 7.82941170272051043240362215321783294519e-01, -8.1939224479009137e+00, -1.9086966748478074e+01
0.58200000, 7.19911280535533884353505924882299622725e-01, -1.98197188028642132437587882716744847792e+00, 3.66569183019815554626591922006151557059e+00, 1.70939808800250167414830219111057619817e+00, 4.11259588829528725711559227219505761012e+00, 7.83969496848544148666499348876753898089e-01, -8.1028778301309097e+00, -1.9265705987533669e+01
0.58300000, 7.20891694364723329491036056078560655095e-01, -1.98091348607070524439842617043381423640e+00, 3.66441219231660695636287068757991113261e+00, 1.71197296953410018888010959334599487978e+00, 4.11149461674917955812605522212506922015e+00, 7.84998704016750444115123532438057179513e-01, -8.0095642257062218e+00, -1.9445336367636412e+01
0.58400000, 7.21873610386246929665607415253092211680e-01, -1.97985260724082264850781875399973080456e+00, 3.66312705115758004454229444214885807906e+00, 1.71454526775951549026333847705134044797e+00, 4.11039043624878001406687531453911551415e+00, 7.86028793424734822611574236290432233830e-01, -7.9139475018958670e+00, -1.9625848825837765e+01
0.58500000, 7.22857032107993357709312331827329919545e-01, -1.97878923142149952596592680364336427479e+00, 3.66183638059379811528895021741516478552e+00, 1.71711496472530862486600254871371359746e+00, 4.10928333193443329766215860620139787762e+00, 7.87059766713404794978216841363931704258e-01, -7.8159931234921232e+00, -1.9807233866363340e+01
0.58600000, 7.23841963044980300724363352126626727828e-01, -1.97772334615953057860110281430406430375e+00, 3.66054015438054841839555809235164212468e+00, 1.71968204231427591312221592487675731866e+00, 4.10817328885214100818418317634908866319e+00, 7.88091625516198632163881797126793462277e-01, -7.7156661500804934e+00, -1.9989481549745263e+01
0.58700000, 7.24828406719182467377791383794263654477e-01, -1.97665493892314282854730333060836367499e+00, 3.65923834615517577974712844134736789115e+00, 1.72224648224384998993621523272438999953e+00, 4.10706029195277915149462566354077287681e+00, 7.89124371458766603196924485510412393877e-01, -7.6129312333580287e+00, -2.0172581481722239e+01
0.58800000, 7.25816366659354189898437971787517225863e-01, -1.97558399710135372312995720641910263377e+00, 3.65793092943657855388834991353925453738e+00, 1.72480826606448285803124599166055187864e+00, 4.10594432609130902401305810768735812839e+00, 7.90158006158645147742401999691218339273e-01, -7.5077526145031938e+00, -2.0356522801902752e+01
0.58900000, 7.26805846400846474640291948669617686081e-01, -1.97451050800332370485840826594477999333e+00, 3.65661787762470707739077712184933509559e+00, 1.72736737515801073447877970258142261282e+00, 4.10482537602598146891103459481774301738e+00, 7.91192531224923818253439380562877498944e-01, -7.4000941216005750e+00, -2.0541294172186777e+01
0.59000000, 7.27796849485418351125023497892667546398e-01, -1.97343445885770321516467847356982501016e+00, 3.65529916400006480823668844551349565912e+00, 1.72992379073600046830180999585243901261e+00, 4.10370342641753447393860108872049202193e+00, 7.92227948257904822608714542349202795779e-01, -7.2899191671238521e+00, -2.0726883764941288e+01
0.59100000, 7.28789379461042365411494750758176550849e-01, -1.97235583681197410125904683721103290091e+00, 3.65397476172321234283725061730404199051e+00, 1.73247749383807730449373883578082105551e+00, 4.10257846182838408146902721312243141932e+00, 7.93264258848754993918987823163955573206e-01, -7.1771907454805828e+00, -2.0913279250924758e+01
0.59200000, 7.29783439881704059457550630236475065812e-01, -1.97127462893178539625690412329542559693e+00, 3.65264464383427450891074664591079385348e+00, 1.73502846533023376723279861049540176996e+00, 4.10145046672180858260012669680139658989e+00, 7.94301464579150009862500833316278150367e-01, -7.0618714306224760e+00, -2.1100467786955769e+01
0.59300000, 7.30779034307195273835875382899309512090e-01, -1.97019082220028344357101457409935243990e+00, 3.65130878325245073926905097482397592149e+00, 1.73757668590311943250234010391673515824e+00, 4.10031942546112596847999005405179656079e+00, 7.95339567020910679468531233639570237295e-01, -6.9439233737249658e+00, -2.1288436003320777e+01
0.59400000, 7.31776166302901106737377039591482227247e-01, -1.96910440351743633746129420968426048908e+00, 3.64996715277552893860447119553983106347e+00, 1.74012213607031135775101743925087018776e+00, 4.09918532230886461343472639495376846943e+00, 7.96378567735631110706972332305348607147e-01, -6.8233083009400358e+00, -2.1477169990915962e+01
0.59500000, 7.32774839439580357638546922486231753730e-01, -1.96801535969935265259321748189028687956e+00, 3.64861972507940306264197574142522881410e+00, 1.74266479616656493364538212339519170573e+00, 4.09804814142592716596947601899301149020e+00, 7.97418468274298567555958502304859371630e-01, -6.6999875112263858e+00, -2.1666655288118034e+01
0.59600000, 7.33775057293139279319517952069394519740e-01, -1.96692367747759443647882727268345430399e+00, 3.64726647271759463653141411722671288863e+00, 1.74520464634604492038222302868025304573e+00, 4.09690786687074762529524054275433302918e+00, 7.98459270176904820405617930069260381933e-01, -6.5739218742611815e+00, -2.1856876867378768e+01
0.59700000, 7.34776823444398457092963701168402579014e-01, -1.96582934349848443976401095382325113158e+00, 3.64590736812077844710860845346189282535e+00, 1.74774166658053642844082748400581883140e+00, 4.09576448259844158270687237607690125890e+00, 7.99500974972048788710226995110028643637e-01, -6.4450718284377785e+00, -2.2047819121537940e+01
0.59800000, 7.35780141478852629136251085731776932107e-01, -1.96473234432240756048531286730214484923e+00, 3.64454238359631265166143681609406840174e+00, 1.75027583665763560106797265421138064418e+00, 4.09461797245994960890592786278630787689e+00, 8.00543584176530269719471140576089800168e-01, -6.3133973789539702e+00, -2.2239465849849267e+01
0.59900000, 7.36785014986423256705950958614176944123e-01, -1.96363266642310647965231453845336821706e+00, 3.64317149132777355410582114526602029586e+00, 1.75280713617891975320278633882303045277e+00, 4.09346832020117377023025110203343201694e+00, 8.01587099294934541898168647343113254583e-01, -6.1788580959954720e+00, -2.2431800243713845e+01
0.60000000, 7.37791447561203647750341782194145626801e-01, -1.96253029618697146682090586542527231967e+00, 3.64179466337449530801576574728459438551e+00, 1.75533554455809671896666720443493747187e+00, 4.09231550946210725872453420412157929857e+00, 8.02631521819207626278543226514532431178e-01, -6.0414131130195195e+00, -2.2624804872115497e+01
0.60100000, 7.38799442801196432017177244675677822969e-01, -1.96142521991232433571212199063576808352e+00, 3.64041187167111481477047590722643955960e+00, 1.75786104101913315726738280039653001239e+00, 4.09115952377595712306730158350259086838e+00, 8.03676853228221983475665359196147572767e-01, -5.9010211251436343e+00, -2.2818461666752348e+01
0.60200000, 7.39809004308043180175835086130857610761e-01, -1.96031742380869653140431790421825728137e+00, 3.63902308802712209418966283856007964037e+00, 1.76038360459436156249856474314000424745e+00, 4.09000034656826008956459769160501329773e+00, 8.04723094987332418430612740619676251011e-01, -5.7576403876447872e+00, -2.3012751906858831e+01
0.60300000, 7.40820135686745953729962470101864762789e-01, -1.95920689399610133218714746265341395590e+00, 3.63762828412641641443529842317157075394e+00, 1.76290321412256572475853574005599242066e+00, 4.08883796115599146473413488373663794942e+00, 8.05770248547921959122679866270474881771e-01, -5.6112287145743742e+00, -2.3207656203712278e+01
0.60400000, 7.41832840545380566583653083112585016658e-01, -1.95809361650430015081812948913265009468e+00, 3.63622743152686847767456702918021880807e+00, 1.76541984824704438146832849190198802987e+00, 4.08767235074666711344101448965072552787e+00, 8.06818315346937469506904955701386056826e-01, -5.4617434774946109e+00, -2.3403154484818093e+01
0.60500000, 7.42847122494801333035625939040344706996e-01, -1.95697757727206292167072563981272345721e+00, 3.63482050165988896803519035689370398309e+00, 1.76793348541365279974065048830878618477e+00, 4.08650349843743850911283105126228476256e+00, 8.07867296806414750781439960257866264546e-01, -5.3091416043421468e+00, -2.3599225977767460e+01
0.60600000, 7.43862985148337070706235528519306146595e-01, -1.95585876214642256211121643150410089938e+00, 3.63340746583000377875167956704325869640e+00, 1.77044410386882202634234137266263672371e+00, 4.08533138721418085526370663269150851308e+00, 8.08917194332992878765874099415752257288e-01, -5.1533795784249045e+00, -2.3795849193761408e+01
0.60700000, 7.44880432121478120445647607911558703890e-01, -1.95473715688192349839483462377302783032e+00, 3.63198829521443624611080322369993228742e+00, 1.77295168165755553960567187055713927569e+00, 4.08415599995057428039952745669831689494e+00, 8.09968009317417518671382805789012341728e-01, -4.9944134375583586e+00, -2.3993001910794965e+01
0.60800000, 7.45899467031554138622188102948943583404e-01, -1.95361274713986424843439733964806185427e+00, 3.63056296086269672886847324409481800099e+00, 1.77545619662140303518194695232180580835e+00, 4.08297731940717811136657731080369367385e+00, 8.11019743134032951861198385018720963785e-01, -4.8321987733476829e+00, -2.4190661156495038e+01
0.60900000, 7.46920093497402410341534215930791270945e-01, -1.95248551848753405597208474695215894044e+00, 3.62913143369617988324060075700682581603e+00, 1.77795762639641107509780374045900893782e+00, 4.08179532823049823334936147964251036642e+00, 8.12072397140262542329903697652394611378e-01, -4.6666907306224216e+00, -2.4388803190605551e+01
0.61000000, 7.47942315139026425093675850280084026803e-01, -1.95135545639744357298228530434128928794e+00, 3.62769368450776999537996630998943900217e+00, 1.78045594841105032717405151748135287737e+00, 4.08061000895204754802745586814697785952e+00, 8.13125972676077363566779153699248221682e-01, -4.4978440070305670e+00, -2.4587403487113265e+01
0.61100000, 7.48966135577244449058822379991208041117e-01, -1.95022254624654958955604423852209284252e+00, 3.62624968396145474545295866643191537294e+00, 1.78295113988411911950282543598293682221e+00, 4.07942134398739954487276006535451041912e+00, 8.14180471063452699206049826813632021445e-01, -4.3256128527991653e+00, -2.4786436716007606e+01
0.61200000, 7.49991558433327820818828720257234486377e-01, -1.94908677331547381307134014970839804319e+00, 3.62479940259194779003782384555539666830e+00, 1.78544317782262303235539128134195828735e+00, 4.07822931563523500421495259661862566296e+00, 8.15235893605812123399361373490002392762e-01, -4.1499510706688189e+00, -2.4985876724667739e+01
0.61300000, 7.51018587328628689510195232470921111403e-01, -1.94794812278771570114416154042810297856e+00, 3.62334281080432056259399636235720345694e+00, 1.78793203901963024761456849673722165814e+00, 4.07703390607638185453193860190432516820e+00, 8.16292241587458859166946743985125931553e-01, -3.9708120160097050e+00, -2.5185696518869982e+01
0.61400000, 7.52047225884196906510944919223499646088e-01, -1.94680657974885935568941997328402005703e+00, 3.62187987887364370521484783089201620737e+00, 1.79041770005210237359711726670814671246e+00, 4.07583509737284821044168145353141658221e+00, 8.17349516272994105087318449211240124011e-01, -3.7881485971269929e+00, -2.5385868243408597e+01
0.61500000, 7.53077477720385773569133639744952218637e-01, -1.94566212918577448840466391568118674918e+00, 3.62041057694463855878901956099619584816e+00, 1.79290013727870046095752362815490485247e+00, 4.07463287146684862209041248356703107565e+00, 8.18407718906722012564317013258417210691e-01, -3.6019132757638122e+00, -2.5586363162322854e+01
0.61600000, 7.54109346456446341847578941579309184080e-01, -1.94451475598581147113019011257620074040e+00, 3.61893487503133915307420768084924660288e+00, 1.79537932683756592325066644722844545315e+00, 4.07342721017982357105858076452607958641e+00, 8.19466850712040987558137730007074074079e-01, -3.4120580678102045e+00, -2.5787151638723172e+01
0.61700000, 7.55142835710109947669504616130410822693e-01, -1.94336444493599048784364323380847013089e+00, 3.61745274301676515304823300819846478879e+00, 1.79785524464407607368242085810101213587e+00, 4.07221809521145225254919028122492004726e+00, 8.20526912890820982076499573811903153441e-01, -3.2185345442267752e+00, -2.5988203114209039e+01
0.61800000, 7.56177949097158661794815356999127367587e-01, -1.94221118072218480852303281347400238713e+00, 3.61596415065260623326245718980518565246e+00, 1.80032786638857398760022736990035027310e+00, 4.07100550813865868849293407808435086342e+00, 8.21587906622766431886141741289976031926e-01, -3.0212938321920650e+00, -2.6189486087871289e+01
0.61900000, 7.57214690230983319827972979958157463119e-01, -1.94105494792829820876710551819749310118e+00, 3.61446906755891836779974207196966650129e+00, 1.80279716753407239837625865654688745405e+00, 4.06978943041461122131075885524798123525e+00, 8.22649833064764487815832244485002915357e-01, -2.8202866164829598e+00, -2.6390968094871229e+01
0.62000000, 7.58253062722128791846976043827019433837e-01, -1.93989573103543656290437644138455221147e+00, 3.61296746322383253985149338386826572548e+00, 1.80526312331393133252063134917497612957e+00, 4.06856984336771544342760911641767436586e+00, 8.23712693350218178672306937776995936004e-01, -2.6154631410977832e+00, -2.6592615684588983e+01
0.62100000, 7.59293070177826139539470447162922488602e-01, -1.93873351442107364236040801338325142012e+00, 3.61145930700327639189487344804728227685e+00, 1.80772570872950918813810179567531339434e+00, 4.06734672820060062324200345966725034041e+00, 8.24776488588364134172036615702637641509e-01, -2.4067732111320349e+00, -2.6794394398333316e+01
0.62200000, 7.60334716201511299026939004538143323344e-01, -1.93756828235821115529608658895020150730e+00, 3.60994456812070935499171734579710694429e+00, 1.81018489854778695921621679520617396820e+00, 4.06612006598909969413617081552234247968e+00, 8.25841219863574486396199270764718536763e-01, -2.1941661949170798e+00, -2.6996268746605108e+01
0.62300000, 7.61378004392329917141298055684960204933e-01, -1.93640001901453306798705588880725826877e+00, 3.60842321566687181386549362183435117046e+00, 1.81264066729896530671374884005047044464e+00, 4.06488983768122287927261578083260037695e+00, 8.26906888234642558095205609370855677677e-01, -1.9775910264324417e+00, -2.7198202185906511e+01
0.62400000, 7.62422938344627958179787225545438302835e-01, -1.93522870845155425309592793981859623554e+00, 3.60689521859954888316303913403877857999e+00, 1.81509298927403417601366152307896990889e+00, 4.06365602409612503137761853423642443041e+00, 8.27973494734051935693807892085438300055e-01, -1.7569962080027119e+00, -2.7400157095087746e+01
0.62500000, 7.63469521647427687093133829043160856235e-01, -1.93405433462376351490466526355219423212e+00, 3.60536054574334938969579803156863988148e+00, 1.81754183852231465902352493978651513297e+00, 4.06241860592306677347329456048786326405e+00, 8.29041040367228514069153878076236664468e-01, -1.5323298132904574e+00, -2.7602094751223358e+01
0.62600000, 7.64517757883888623647593273220476607742e-01, -1.93287688137776104673534866484999038715e+00, 3.60381916578950067550377445463356814628e+00, 1.81998718884897279805742852785767862341e+00, 4.06117756372036953360101685188636825565e+00, 8.30109526111775089082778380294764046454e-01, -1.3035394905968952e+00, -2.7803975305009672e+01
0.62700000, 7.65567650630753050332212699779597364766e-01, -1.93169633245139038120464862158651956541e+00, 3.60227104729565985731810582524127734473e+00, 1.82242901381250502762673725251447467221e+00, 4.05993287791436457399442621516169730983e+00, 8.31178952916688062433805270200561244220e-01, -1.0705724664824958e+00, -2.8005757755675050e+01
0.62800000, 7.66619203457775644646738967270287983958e-01, -1.93051267147286489964246451579226041450e+00, 3.60071615868574219943972312264670833111e+00, 1.82486728672219494941277433942056439736e+00, 4.05868452879833612292475414910670538231e+00, 8.32249321701555811654605216803923724101e-01, -8.3337554972008693e-01, -2.8207399925394477e+01
0.62900000, 7.67672419927136793890781715693223177101e-01, -1.92932588195988897297069385027284936314e+00, 3.59915446824976727922757361131680071400e+00, 1.82730198063554113500353857531670027538e+00, 4.05743249653145872557026082689499480889e+00, 8.33320633355738265981543760203779432239e-01, -5.9189513559345139e-01, -2.8408858433199867e+01
0.63000000, 7.68727303592839137668506372757203973163e-01, -1.92813594731877381259682862765187105767e+00, 3.59758594414372364732690824726306631693e+00, 1.82973306835565565046033779053383395766e+00, 4.05617676113772893877145634982763154699e+00, 8.34392888737527216391657579626804186745e-01, -3.4607721055484714e-01, -2.8610088668377400e+01
0.63100000, 7.69783858000086870012184534853474986368e-01, -1.92694285084354811644253831969190671419e+00, 3.59601055438945270849376912235821613098e+00, 1.83216052242863299645084992708030436231e+00, 4.05491730250489150344137352794062151140e+00, 8.35466088673286875290173223020336862432e-01, -9.5867357255329540e-02, -2.8811044763343070e+01
0.63200000, 7.70842086684647319298823344899914913941e-01, -1.92574657571506360211371273296955111967e+00, 3.59442826687455257341470246986938280138e+00, 1.83458431514088915755539817007881157376e+00, 4.05365410038336013772321570582948196311e+00, 8.36540233956574188152442993784685688675e-01, 1.5878924003778193e-01, -2.9011679565987554e+01
0.63300000, 7.71901993172194309972806921489460117874e-01, -1.92454710500009552644039354268560100109e+00, 3.59283904935230265731062572248397701636e+00, 1.83700441851647045443665523046412358076e+00, 4.05238713438513310374474517639673832164e+00, 8.37615325347238385855468963532445242388e-01, 4.1794778962146944e-01, -2.9211944611481377e+01
0.63400000, 7.72963580977632795479492366987249278964e-01, -1.92334442165043829818810868241364267933e+00, 3.59124286944160982738159876890304743921e+00, 1.83942080431433189287384103107822011887e+00, 4.05111638398270371102918787806302143544e+00, 8.38691363570499252466699980908443484018e-01, 6.8166388612029721e-01, -2.9411790093531253e+01
0.63500000, 7.74026853604404236744978448072537254263e-01, -1.92213850850199629868256047005707213225e+00, 3.58963969462697692832709278247997423155e+00, 1.84183344402558470421581538876384201890e+00, 4.04984182850796593030648037839489970690e+00, 8.39768349316003568878818562523555693743e-01, 9.4999350381657757e-01, -2.9611164835078417e+01
0.63600000, 7.75091814543772184990243455750546862544e-01, -1.92092934827387003341439697197470341160e+00, 3.58802949225849454329756357162222487765e+00, 1.84424230887071277261920523019551117796e+00, 4.04856344715111530264758124628622436444e+00, 8.40846283236859177875992352451887915337e-01, 1.2229929895310655e+00, -2.9810016258429605e+01
0.63700000, 7.76158467274087511627416266473234839213e-01, -1.91971692356743774641771490267913259790e+00, 3.58641222955185687673236595747678276474e+00, 1.84664736979675764552464836935950251796e+00, 4.04728121895954534054049518970110123525e+00, 8.41925165948646100976351488278447779864e-01, 1.5007190550372795e+00, -3.0008290354811300e+01
0.63800000, 7.77226815260032711435417114509267511441e-01, -1.91850121686543263836364743460159666309e+00, 3.58478787358840267565228683616115830222e+00, 1.84904859747447182520412771859402757590e+00, 4.04599512283673962976282535318809814737e+00, 8.43004998028404121703655132411101831469e-01, 1.7832287689919841e+00, -3.0205931653337729e+01
0.63900000, 7.78296861951844688134306967363125693941e-01, -1.91728221053101583889841801133653357913e+00, 3.58315639131518213713962832429929256287e+00, 1.85144596229544004090394884398973612433e+00, 4.04470513754115985370636353803699465357e+00, 8.44085780013596233784185084007554805385e-01, 2.0705795483637861e+00, -3.0402883189383032e+01
0.64000000, 7.79368610784515413854529349631527489361e-01, -1.91605988680684529380406285449532795857e+00, 3.58151774954505078199370283908382351212e+00, 1.85383943436916820313096602031582784091e+00, 4.04341124168512997519986489351592145828e+00, 8.45167512401047336128367741011899268240e-01, 2.3628291493411999e+00, -3.0599086472347909e+01
0.64100000, 7.80442065176969835810294403269362333251e-01, -1.91483422781414073809109342265422934899e+00, 3.57987191495679130793519658580932061034e+00, 1.85622898352013974400507985761206719324e+00, 4.04211341373371682488333145739098476935e+00, 8.46250195645857539325539391826681596197e-01, 2.6600356577009122e+00, -3.0794481452810996e+01
0.64200000, 7.81517228531220384716463283505799992298e-01, -1.91360521555174493716817004455571239567e+00, 3.57821885409526447029109028744412874602e+00, 1.85861457928483905035087370888880050188e+00, 4.04081163200360735983868792967825713429e+00, 8.47333830160289430739228203353867379737e-01, 2.9622574786163421e+00, -3.0989006489055101e+01
0.64300000, 7.82594104231497420115582461554679949633e-01, -1.91237283189518138979795716198768317512e+00, 3.57655853337159007386632122630424124896e+00, 1.86099619090874169934882021422613225183e+00, 4.03950587466198287150681581496672582685e+00, 8.48418416312628627123443061353282343618e-01, 3.2695533258859241e+00, -3.1182598312958399e+01
0.64400000, 7.83672695643354927785627996861606909351e-01, -1.91113705859570869866543524208458751705e+00, 3.57489091906335919674447371598923195138e+00, 1.86337378734327121013636942671535005084e+00, 4.03819611972539043795002765964492481755e+00, 8.49503954426016924971354266089647122186e-01, 3.5819822105598654e+00, -3.1375191995240553e+01
0.64500000, 7.84753006112750763758255119234399504783e-01, -1.90989787727937182708095673093649301537e+00, 3.57321597731487880510463187713414933266e+00, 1.86574733724272202876739696196741813659e+00, 4.03688234505861193228415457026254175702e+00, 8.50590444777257339539535906517842805580e-01, 3.8996034289434192e+00, -3.1566720910053716e+01
0.64600000, 7.85835038965100718169858204193771454694e-01, -1.90865526944605047364241271687053012086e+00, 3.57153367413744995784412008907312363357e+00, 1.86811680896114846843236759167390044127e+00, 4.03556452837353091663893540960266728679e+00, 8.51677887595590303646204851712856943513e-01, 4.2224765499539863e+00, -3.1757116698908254e+01
0.64700000, 7.86918797504305650170697177992529268406e-01, -1.90740921646850481061750374413585630359e+00, 3.56984397540968084090813625651634524619e+00, 1.87048217054921933184011340552096454538e+00, 4.03424264722799776934436237601997107458e+00, 8.52766283061440276902691421807223365873e-01, 4.5506614018086094e+00, -3.1946309233922997e+01
0.64800000, 7.88004285011750922407094642157697918285e-01, -1.90615969959141884640815178353192691180e+00, 3.56814684687783591380021772630453199144e+00, 1.87284338975103794819591278763042395311e+00, 4.03291667902469341222074040851139146206e+00, 8.53855631305131994985216881001742054440e-01, 4.8842180580176396e+00, -3.2134226580389751e+01
0.64900000, 7.89091504745277340143770386614123524638e-01, -1.90490669993044168775588015171093915235e+00, 3.56644225415622249483714319255085205256e+00, 1.87520043400092736331187493994195994661e+00, 4.03158660100999202490988296388459298997e+00, 8.54945932405575566869873847310209715176e-01, 5.2232068226595595e+00, -3.2320794958641780e+01
0.65000000, 7.90180459938122775882404508835308083492e-01, -1.90365019847122699337238885095167888505e+00, 3.56473016272761615737553499974189468423e+00, 1.87755327042018042808858036096033515751e+00, 4.03025239027282315416434770134568163118e+00, 8.56037186388919605617870064961236112032e-01, 5.5676882149111092e+00, -3.2505938705215874e+01
0.65100000, 7.91271153797833635332255894391382111931e-01, -1.90239017606847092746804352080646043774e+00, 3.56301053794372635653463993279847434355e+00, 1.87990186581377453794750653073077430381e+00, 4.02891402374353364795308513019093766398e+00, 8.57129393227171555290373469946278024320e-01, 5.9177229528060117e+00, -3.2689580233297643e+01
0.65200000, 7.92363589505145294771927559766423202479e-01, -1.90112661344494893923875409682063701637e+00, 3.56128334502570375493246947595270261255e+00, 1.88224618666705078381000445219615327142e+00, 4.02757147819274986718951948513413918718e+00, 8.58222552836784352871849618455083165945e-01, 6.2733719361947023e+00, -3.2871639992439585e+01
0.65300000, 7.93457770212830613180019596018206180246e-01, -1.89985949119055171279670759282737091800e+00, 3.55954854906469076670509013537277525825e+00, 1.88458619914235728395064307806994863214e+00, 4.02622473023024065188820914232373200210e+00, 8.59316665077208539666152259340926370600e-01, 6.6346962288765559e+00, -3.3052036427541500e+01
0.65400000, 7.94553699044515594977303238253778764709e-01, -1.89858878976132065133248039198666564138e+00, 3.55780611502241689165837271727850620292e+00, 1.88692186907565647554301683019766998348e+00, 4.02487375630378154365737279014939007020e+00, 8.60411729749408911478719113536266823728e-01, 7.0017570398751577e+00, -3.3230685937082774e+01
0.65500000, 7.95651379093461250784014481292116506492e-01, -1.89731448947848327951700827832392476207e+00, 3.55605600773184046587763080213139903721e+00, 1.88925316197309615500941113368003695373e+00, 4.02351853269802079268758274827341300396e+00, 8.61507746594344770988292668229617638538e-01, 7.3746157038261872e+00, -3.3407502830596077e+01
0.65600000, 7.96750813421310674221665481391853590473e-01, -1.89603657052748896933563679037467864062e+00, 3.55429819189783851156580235060645911834e+00, 1.89158004300754406742935592154259881212e+00, 4.02215903553334770485513867655561829252e+00, 8.62604715291412819019220791129183781696e-01, 7.7533336604464755e+00, -3.3582399285371990e+01
0.65700000, 7.97852005056800322447067562678380807650e-01, -1.89475501295704541673909944715086470112e+00, 3.55253263209794642737057591953131072380e+00, 1.89390247701508585730604443132216820523e+00, 4.02079524076476391327794367598325793439e+00, 8.63702635456851693926507163702460550716e-01, 8.1379724330517518e+00, -3.3755285302384119e+01
0.65800000, 7.98954956994434456763572617592737029188e-01, -1.89346979667815631974617071637444213689e+00, 3.55075929278314932107360029710705173763e+00, 1.89622042849148620598664731757090391142e+00, 4.01942712418075818870072213097535782755e+00, 8.64801506642107139975598605080114850651e-01, 8.5285936060895192e+00, -3.3926068661424264e+01
0.65900000, 8.00059672193121667276214274845772789622e-01, -1.89218090146316073299073412313142942793e+00, 3.54897813827872684933228125323590759084e+00, 1.89853386158861299503848099594158304801e+00, 4.01805466140218543450660632711330478175e+00, 8.65901328332156756411932729954078269369e-01, 8.9252588016523816e+00, -3.4094654875437237e+01
0.66000000, 8.01166153574772372107594026900889353764e-01, -1.89088830694477459922546787684527337576e+00, 3.54718913278515349427160387753754120049e+00, 1.90084274011082434995671443320660050920e+00, 4.01667782788115054501793483517241749254e+00, 8.67002099943793248845325708883558385142e-01, 9.3280296549359966e+00, -3.4260947144044986e+01
0.66100000, 8.02274404022856147132881421663240414920e-01, -1.88959199261513498503134486153163572065e+00, 3.54539224037905627420830885991238577763e+00, 1.90314702751131843478307167107764625682e+00, 4.01529659889989784012815799204288424034e+00, 8.68103820823865073594428169003095407493e-01, 9.7369677886046350e+00, -3.4424846306249728e+01
0.66200000, 8.03384426380917706486754411535807392227e-01, -1.88829193782484757599556758808191839744e+00, 3.54358742501423195574456825232338734924e+00, 1.90544668688844588561458342699086484841e+00, 4.01391094956970682526995513925662948222e+00, 8.69206490247473333719049630836806504671e-01, 1.0152134786026100e+01, -3.4586250792305880e+01
0.66300000, 8.04496223451050317202729068130792663251e-01, -1.88698812178203801597229228866781674248e+00, 3.54177465052272590698876002576829782228e+00, 1.90774168098198478964636347551564631366e+00, 4.01252085482979506334643882522844618127e+00, 8.70310107416123752584730273339829705609e-01, 1.0573592163336486e+01, -3.4745056574750652e+01
0.66400000, 8.05609797992325393224967270291224383267e-01, -1.88568052355140770579556347923021788991e+00, 3.53995388061597480684663384414733834526e+00, 1.91003197216937813639608221166452598313e+00, 4.01112628944622898461072119908323630278e+00, 8.71414671455832516925345641033602101435e-01, 1.1001401340293944e+01, -3.4901157118583275e+01
0.66500000, 8.06725152719176974641730082854645063989e-01, -1.88436912205329470904061638976293896779e+00, 3.53812507888601550328075194682469458030e+00, 1.91231752246193368917790325367619682499e+00, 4.00972722801084350165606986454249690121e+00, 8.72520181415184746465819731284318868203e-01, 1.1435623609879252e+01, -3.5054443330582965e+01
0.66600000, 8.07842290299739757284115385919590554844e-01, -1.88305389606274044619993458842410639890e+00, 3.53628820880676239426746374488805090168e+00, 1.91459829350098624781217956402650845046e+00, 4.00832364494017133976036197560898947019e+00, 8.73626636263344311207474539804352233796e-01, 1.1876320106599613e+01, -3.5204803507755850e+01
0.66700000, 8.08961213354139295768016050584497388106e-01, -1.88173482420856289402967639167155532158e+00, 3.53444323373535578900111795817096331000e+00, 1.91687424655402229806089013233829516637e+00, 4.00691551447438303790480031335317917777e+00, 8.74734034888013680431659168124697568750e-01, 1.2323551773450599e+01, -3.5352123284901251e+01
0.66800000, 8.10081924452732959584231706826592582714e-01, -1.88041188497243704390968497189781025730e+00, 3.53259011691358379382160526197509343499e+00, 1.91914534251076706945930404158592047037e+00, 4.00550281067623862295261718359795677664e+00, 8.75842376093342449310794529900470411950e-01, 1.2777379327489717e+01, -3.5496285581287884e+01
0.66900000, 8.11204426114300176912625156211379906298e-01, -1.87908505668798341192973834393989371683e+00, 3.53072882146938035749530827509381752100e+00, 1.92141154187923405116859433442251622127e+00, 4.00408550743005200882822011939312924074e+00, 8.76951658597783149696770099905459002326e-01, 1.3237863223973468e+01, -3.5637170546430744e+01
0.67000000, 8.12328720804180454400738710474940326318e-01, -1.87775431753986543415374963854510433735e+00, 3.52885931041840220398774148743599302027e+00, 1.92367280478173704530454808809758492625e+00, 4.00266357844066922418536010563388653843e+00, 8.78061881031892911150880874456439146372e-01, 1.3705063619008206e+01, -3.5774655504959671e+01
0.67100000, 8.13454810932357613153275993468829889235e-01, -1.87641964556289662321461097270888060382e+00, 3.52698154666568747786040196797429012667e+00, 1.92592909095086486901246761087254129502e+00, 4.00123699723246162610409671138089311415e+00, 8.79173041936079496552556517008721172250e-01, 1.4179040330663406e+01, -3.5908614900570810e+01
0.67200000, 8.14582698851488631572457438968163712795e-01, -1.87508101864115840715239227339482418042e+00, 3.52509549300739902804183166170497567947e+00, 1.92818035972541885047239204559667615166e+00, 3.99980573714833531392577591660134394702e+00, 8.80285139758290193640593570070959376490e-01, 1.4659852798494267e+01, -3.6038920239052486e+01
0.67300000, 8.15712386854875434414817392206006716058e-01, -1.87373841450712961832981910171708867931e+00, 3.52320111213265536010644555046978038679e+00, 1.93042657004631330015304462865350776740e+00, 3.99836977134875801654391079082370772094e+00, 8.81398172851641999564269271908927030447e-01, 1.5147560041418766e+01, -3.6165440030377285e+01
0.67400000, 8.16843877174377914430021492948065626330e-01, -1.87239181074082864944885075842610780847e+00, 3.52129836662545239549299388495052159903e+00, 1.93266768045243917711557042110907966724e+00, 3.99692907281080478844386039737035720592e+00, 8.82512139471991489915647938210120328848e-01, 1.5642220613892470e+01, -3.6288039729852477e+01
0.67500000, 8.17977171978266418162340091061186292323e-01, -1.87104118476896934526387539599926250874e+00, 3.51938721896667928846238503055034975032e+00, 1.93490364907649121113471701248990105203e+00, 3.99548361432722391465907422389265335171e+00, 8.83627037775442716740901942006242085018e-01, 1.6143892560322500e+01, -3.6406581678321259e+01
0.67600000, 8.19112273369011870864164917458160232342e-01, -1.86968651386413175265958028159337231562e+00, 3.51746763153623166819313025843465451665e+00, 1.93713443364075878499901552952420443448e+00, 3.99403336850552449272672542337012661121e+00, 8.84742865815791431649150503256205367208e-01, 1.6652633367660071e+01, -3.6520925041407705e+01
0.67700000, 8.20249183381011656930055364964816706826e-01, -1.86832777514394890846025291769894015769e+00, 3.51553956661522579440962400384527012281e+00, 1.93935999145288092772444435557126969474e+00, 3.99257830776708723082825769320542157204e+00, 8.85859621541903880313064149845198756949e-01, 1.7168499916108999e+01, -3.6630925747798721e+01
0.67800000, 8.21387903978249311743858958070865484274e-01, -1.86696494557031090379404238279564061624e+00, 3.51360298638831724050846324440902586879e+00, 1.94158027940156581872851925467084181244e+00, 3.99111840434630007574570636130466289193e+00, 8.86977302795028363346515624916292665715e-01, 1.7691548427885475e+01, -3.6736436426556769e+01
0.67900000, 8.22528437051886018272991521168144897633e-01, -1.86559800194858752618945732442866041583e+00, 3.51165785294612784847281869800791469813e+00, 1.94379525395227525543360995660809364260e+00, 3.98965363028972036221554440782456141222e+00, 8.88095907306037705710470634587681840412e-01, 1.8221834413962213e+01, -3.6837306343457630e+01
0.68000000, 8.23670784417781837073377302771084126676e-01, -1.86422692092687084597836124966254387779e+00, 3.50970412828778483513373117821796891182e+00, 1.94600487114287459247929966158221422926e+00, 3.98818395745526525688952769950283842765e+00, 8.89215432692600722398103809958774863375e-01, 1.8759412618727834e+01, -3.6933381336348010e+01
0.68100000, 8.24814947813944531514053457046523214741e-01, -1.86285167899523918217398902029718578257e+00, 3.50774177432357606974710495524601181004e+00, 1.94820908657924871991405003510455841076e+00, 3.98670935751143235559665957013394278665e+00, 8.90335876456280712142253020065444466400e-01, 1.9304336962490008e+01, -3.7024503749518383e+01
0.68200000, 8.25960928897903780918035878712950354457e-01, -1.86147225248504395494630675372889000269e+00, 3.50577075287772568861115900944132797545e+00, 1.95040785543088471060772074816374352934e+00, 3.98522980193655238213133854620765816093e+00, 8.91457235979558953230758190385757814138e-01, 1.9856660481748486e+01, -3.7110512367087109e+01
0.68300000, 8.27108729244008502869468442077271151662e-01, -1.86008861756822100730130218961112058843e+00, 3.50379102569129436376461951340719722161e+00, 1.95260113242642183389184757261182639105e+00, 3.98374526201807603056916010821532125958e+00, 8.92579508522781116165516384385303763966e-01, 2.0416435267161625e+01, -3.7191242345392517e+01
0.68400000, 8.28258350340644932077788600685359475635e-01, -1.85870075025662805776561971794368240032e+00, 3.50180255442520869990316093978085568255e+00, 1.95478887184916970331977123226638099541e+00, 3.98225570885189709134320163503430000798e+00, 8.93702691221024446816422485270682413695e-01, 2.0983712399127456e+01, -3.7266525144390420e+01
0.68500000, 8.29409793587373026836769747344713156749e-01, -1.85730862640141002897312097977651855063e+00, 3.49980530066342439676176889796580423800e+00, 1.95697102753259540168279689880953450794e+00, 3.98076111334171410422030109124398355294e+00, 8.94826781080883510858690380840663396747e-01, 2.1558541880897650e+01, -3.7336188458055275e+01
0.68600000, 8.30563060291978695186624693007121117712e-01, -1.85591222169239408424546511361986537760e+00, 3.49779922591622798357447506299438016224e+00, 1.95914755285578050627473259812645129027e+00, 3.97926144619843288913069482855530100189e+00, 8.95951774977172225598131680774109325850e-01, 2.2140972569139977e+01, -3.7400056143784091e+01
0.68700000, 8.31718151667439251295281107369794588777e-01, -1.85451151165751629576547914221338799271e+00, 3.49578429162368210809077282662000380628e+00, 1.96131840073884902213356520905608027252e+00, 3.97775667793961241876936430832810914063e+00, 8.97077669649539838740517302162362645619e-01, 2.2731052101861991e+01, -3.7457948150803061e+01
0.68800000, 8.32875068828799428232483039422238523164e-01, -1.85310647166228196398217021627876401477e+00, 3.49376045915921954526061191386974916590e+00, 1.96348352363836732088974716634219789150e+00, 3.97624677888895661526028123574660976691e+00, 8.98204461698998445204934663352706851165e-01, 2.3328826823605702e+01, -3.7509680447577912e+01
0.68900000, 8.34033812789955186127143745073864886826e-01, -1.85169707690926170869403500117800526663e+00, 3.49172768983339128036841540284847566326e+00, 1.96564287354271727821652735805045920627e+00, 3.97473171917585477722563172422732401695e+00, 8.99332147584359562674053331288335072398e-01, 2.3934341707819920e+01, -3.7555064948229972e+01
0.69000000, 8.35194384460342464581577538584717731939e-01, -1.85028330243762555807993097164057134446e+00, 3.48968594489777421838326611302872074523e+00, 1.96779640196744390402783005247679601867e+00, 3.97321146873497347361545057936900792592e+00, 9.00460723618577214173753064860636665226e-01, 2.4547640276313796e+01, -3.7593909437961122e+01
0.69100000, 8.36356784641527935070672243290154854327e-01, -1.84886512312271737304477045793614445999e+00, 3.48763518554904427589086856080381922977e+00, 1.96994405995057886684126117027243565717e+00, 3.97168599730590287692830960562233883974e+00, 9.01590185964994891538505504621152592684e-01, 2.5168764515691771e+01, -3.7626017497491952e+01
0.69200000, 8.37521014023698712782138732407878601205e-01, -1.84744251367567206089553350779464025973e+00, 3.48557537293322082448852700687970621235e+00, 1.97208579804794142747600862463611489803e+00, 3.97015527443286065130600522226097091579e+00, 9.02720530633493697105808665168066285925e-01, 2.5797754790666745e+01, -3.7651188426518781e+01
0.69300000, 8.38687073182047887855733216412256305786e-01, -1.84601544864307815485151540753460018995e+00, 3.48350646815008867527486932856799432637e+00, 1.97422156632841841786727781864163522736e+00, 3.96861926946445666074650551932262694457e+00, 9.03851753476538882352359623816439815382e-01, 2.6434649754144754e+01, -3.7669217166196528e+01
0.69400000, 8.39854962573052633152503767036696315943e-01, -1.84458390240668846452723747157687936963e+00, 3.48142843225780402338177974421882422749e+00, 1.97635131436922502865284583972806905210e+00, 3.96707795155352191969929423656141942051e+00, 9.04983850185121921397194663173430455809e-01, 2.7079486253970780e+01, -3.7679894220655915e+01
0.69500000, 8.41024682530641539425095838794891181884e-01, -1.84314784918318163762984917658361241349e+00, 3.47934122627769100972053854331461922529e+00, 1.97847499125114830474994014841153739192e+00, 3.96553128965700537295384065028649362555e+00, 9.06116816284595174314843029760921927423e-01, 2.7732299236221522e+01, -3.7683005577565055e+01
0.69600000, 8.42196233262247718960175576122258840245e-01, -1.84170726302397761502579248488541325451e+00, 3.47724481119923580460469885694972267245e+00, 1.98059254555377539184430888454930521325e+00, 3.96397925253594226439301867601763995989e+00, 9.07250647130396109988475352772044743196e-01, 2.8393121644927076e+01, -3.7678332627747130e+01
0.69700000, 8.43369614844744105315171444489951860829e-01, -1.84026211781511011041354106741504081841e+00, 3.47513914798528537504006861071183001981e+00, 1.98270392535070872903777269034818225783e+00, 3.96242180875549803526741500284967807368e+00, 9.08385337903657970754980077402809781357e-01, 2.9061984318099356e+01, -3.7665652083867688e+01
0.69800000, 8.44544827220257259562834828230235381720e-01, -1.83881238727715940246992170500223193623e+00, 3.47302419757745836462321934142019543296e+00, 1.98480907820477054435453848343206893714e+00, 3.96085892668509188258401111208836424671e+00, 9.09520883606703671319184535266802020407e-01, 2.9738915879940924e+01, -3.7644735898206959e+01
0.69900000, 8.45721870191855872375704154396030005123e-01, -1.83735804496524889191758856209466159489e+00, 3.47089992090177579256521336659015974755e+00, 1.98690795116319918092983724550451515175e+00, 3.95929057449860430744721342600713180723e+00, 9.10657279058419632314176504174596547579e-01, 3.0423942629103531e+01, -3.7615351179534650e+01
0.70000000, 8.46900743419110026213779878038849579097e-01, -1.83589906426910904891376684825639480898e+00, 3.46876627887451956677331662857763194887e+00, 1.98900049075283996306961392343447968257e+00, 3.95771672017467319221955739802589186504e+00, 9.11794518889506154433252563365195196325e-01, 3.1117088422861136e+01, -3.7577260109106843e+01
0.70100000, 8.48081446413517152706335002147912036322e-01, -1.83443541841321255793223089505144995502e+00, 3.46662323240832710561302622152612986123e+00, 1.99108664297533350358459203627087038249e+00, 3.95613733149708316468731138670154781264e+00, 9.12932597537600842234530797691676793447e-01, 3.1818374557057537e+01, -3.7530219855806918e+01
0.70200000, 8.49263978533790486925154409840838245843e-01, -1.83296708045698465837354816429182268454e+00, 3.46447074241853067438506224899297102196e+00, 1.99316635330230455751077064676312161762e+00, 3.95455237605525323755355410022036751433e+00, 9.14071509242271487504094866314178931098e-01, 3.2527819641683857e+01, -3.7473982490454916e+01
0.70300000, 8.50448338981005682512806771805756844736e-01, -1.83149402329509287999138749671223628217e+00, 3.46230876982975036615342279535782605678e+00, 1.99523956667055474321553004262751990112e+00, 3.95296182124482795309773513911473871829e+00, 9.15211248039874720444917053673111403824e-01, 3.3245439471936154e+01, -3.7408294899312350e+01
0.70400000, 8.51634526793601109436098759181225880403e-01, -1.83001621965782058339176727665771948113e+00, 3.46013727558274999283514512539168689891e+00, 1.99730622747726268068031713556931826596e+00, 3.95136563426837751632624655848130199999e+00, 9.16351807758276632929474886507228241686e-01, 3.3971246894598201e+01, -3.7332898696812286e+01
0.70500000, 8.52822540842227209361348543355885125554e-01, -1.82853364211152893790390046921287621875e+00, 3.45795622064156550191211509901928094985e+00, 1.99936627957519533921837812632974851321e+00, 3.94976378213621266601519092215516978473e+00, 9.17493182011431471612878173442455759963e-01, 3.4705251669589101e+01, -3.7247530137547501e+01
0.70600000, 8.54012379824440132174015825556889632252e-01, -1.82704626305921220262371015505069862680e+00, 3.45576556600091589727075925955617752186e+00, 2.00141966626793464384782515114012750523e+00, 3.94815623166732031237025013392973947506e+00, 9.18635364193814389856405598428331327245e-01, 3.5447460326509828e+01, -3.7151920027552671e+01
0.70700000, 8.55204042259234720870179591386124775819e-01, -1.82555405474115142201547186081349013039e+00, 3.45356527269390702005643389770196051784e+00, 2.00346633030512366186573128416051432300e+00, 3.94654294949042626329103371411205011691e+00, 9.19778347474704136172411892573466122936e-01, 3.6197876016017018e+01, -3.7045793634919941e+01
0.70800000, 8.56397526481411750811629684408728779616e-01, -1.82405698923567190578009073619613439541e+00, 3.45135530180003893760499989275545035548e+00, 2.00550621387773697978110734685260720534e+00, 3.94492390204519166915799656641043868067e+00, 9.20922124792311443293206078185471579626e-01, 3.6956498355846307e+01, -3.6928870599790803e+01
0.70900000, 8.57592830635774163041345981204261802543e-01, -1.82255503846001013445441035054908546696e+00, 3.44913561445352809606359993601798112392e+00, 2.00753925861338018664405163224083756883e+00, 3.94329905558355013942836230912337847231e+00, 9.22066688847748766021150049080967581513e-01, 3.7723323271301357e+01, -3.6800864843771052e+01
0.71000000, 8.58789952671146859885020637955585014920e-01, -1.82104817417129601812852673983334295467e+00, 3.44690617185195581583555743853592138498e+00, 2.00956540557162370399666816532078788673e+00, 3.94166837617119282394503233920142422623e+00, 9.23212032098836897778286205021604168824e-01, 3.8498342830018252e+01, -3.6661484478819635e+01
0.71100000, 8.59988890334214454302563696600229901699e-01, -1.81953636796765673653323284983872008230e+00, 3.44466693526525514910085777730039383802e+00, 2.01158459523937654627511186720746423819e+00, 3.94003182968920910858530850117711198340e+00, 9.24358146753743875296889607139274706249e-01, 3.9281545070808297e+01, -3.6510431715666557e+01
0.71200000, 8.61189641163171182289877359306652437586e-01, -1.81801959128944870537786012456090417348e+00, 3.44241786604504857601519852050366196852e+00, 2.01359676752630595968713798902487366096e+00, 3.93838938183589094960756618860923539340e+00, 9.25505024764451458246651308389564631352e-01, 4.0072913826375359e+01, -3.6347402771819608e+01
0.71300000, 8.62392202481176999958204413696564890448e-01, -1.81649781542062454707750336556522373260e+00, 3.44015892563434949143982723749646534697e+00, 2.01560186176030927362529570410684651540e+00, 3.93674099812870926474664524179438939856e+00, 9.26652657820044345864008798083925558930e-01, 4.0872428539696737e+01, -3.6172087779224571e+01
0.71400000, 8.63596571389613693633553572166056565830e-01, -1.81497101149024229481547394716526300704e+00, 3.43789007557764092788565770646006223370e+00, 2.01759981668304470788036866033451836675e+00, 3.93508664390647121276803963225292836103e+00, 9.27801037339817165935435665151592821392e-01, 4.1680064073849144e+01, -3.5984170691648797e+01
0.71500000, 8.64802744761134632325506333242458637588e-01, -1.81343915047412442821233051187975403773e+00, 3.43561127753134547347458716089892798979e+00, 2.01959057044552831270435300416845811870e+00, 3.93342628433166762787778031799782180170e+00, 9.28950154466194142908783773792677379816e-01, 4.2495790515053732e+01, -3.5783329191863570e+01
0.71600000, 8.66010719232501587123628381000787012932e-01, -1.81190220319667472774358148671757813549e+00, 3.43332249327470087685652902072077566572e+00, 2.02157406060380467863770454154566660402e+00, 3.93175988439302033221860797029482938237e+00, 9.30100000057456221605009004930859572746e-01, 4.3319572968706120e+01, -3.5569234598706599e+01
0.71700000, 8.67220491197201831409631896844005130948e-01, -1.81036014033286134455016119608775649421e+00, 3.43102368472105638492231589275573768164e+00, 2.02355022411469954055711215508407144269e+00, 3.93008740890823952984487389753890183341e+00, 9.31250564680270291139400198349222483998e-01, 4.4151371348149195e+01, -3.5341551774112230e+01
0.71800000, 8.68432056797838519153066332333641947560e-01, -1.80881293241037491356802936368087531627e+00, 3.42871481392960543459199805752465386015e+00, 2.02551899733166291731398058759614681413e+00, 3.92840882252700199030516856930975121855e+00, 9.32401838602015020424338671939091543930e-01, 4.4991140155937902e+01, -3.5099939030203684e+01
0.71900000, 8.69645411918287115927770616980122433776e-01, -1.80726054981197099218140953179218435940e+00, 3.42639584311757091772842468363617150068e+00, 2.02748031600071197642402765570743783993e+00, 3.92672408973416126058852446573474836764e+00, 9.33553811782897682229756824089711078152e-01, 4.5838828257336454e+01, -3.4844048036548695e+01
0.72000000, 8.70860552175610428598905713470014026765e-01, -1.80570296277800658516460338239371519873e+00, 3.42406673467285985914184189650909417746e+00, 2.02943411525648339445342497272370702360e+00, 3.92503317485320170209558100742604901614e+00, 9.34706473867856207468311151798485428348e-01, 4.6694378645779233e+01, -3.4573523727687511e+01
0.72100000, 8.72077472911724544854570133110481258209e-01, -1.80414014140918102088118872363579037955e+00, 3.42172745116720499254779604632041255567e+00, 2.03138032961840560006735194132199471777e+00, 3.92333604204994873594564230079682059714e+00, 9.35859814178240575428742260640944959710e-01, 4.7557728200017208e+01, -3.4288004211050240e+01
0.72200000, 8.73296169184807752877596211630948547291e-01, -1.80257205566949197499721811684283347293e+00, 3.41937795536981138907316527226656304107e+00, 2.03331889298700194033340785439192920774e+00, 3.92163265533654829687058765106963574615e+00, 9.37013821703267509418659388403109126788e-01, 4.8428807432661931e+01, -3.3987120675389093e+01
0.72300000, 8.74516635760444264477712943068829301937e-01, -1.80099867538941799786126540312142266808e+00, 3.41701821026152698834810328855664899241e+00, 2.03524973864033650411438092886097185324e+00, 3.91992297857572914480927018269573262491e+00, 9.38168485091242311053221227264982129290e-01, 4.9307540229829006e+01, -3.3670497299860169e+01
0.72400000, 8.75738867102494311959870982901921208694e-01, -1.79941997026933949182226448572726838040e+00, 3.41464817904955660426757905257785821628e+00, 2.03717279923061507169946413440135465089e+00, 3.91820697548536236582392915231635992241e+00, 9.39323792640541530639525804471641238230e-01, 5.0193843581572499e+01, -3.3337751163899111e+01
0.72500000, 8.76962857363681929944598357089223870134e-01, -1.79783590988321070680371241483471905496e+00, 3.41226782518273972706425322295835846393e+00, 2.03908800678095443982459370727559760830e+00, 3.91648460964333311193119986279617723380e+00, 9.40479732290350036207464729315876585889e-01, 5.1087627302790879e+01, -3.2988492158045268e+01
0.72600000, 8.78188600375891468362922161599809079223e-01, -1.79624646368249597823740345694599369366e+00, 3.40987711236741322132892031724031016349e+00, 2.04099529268233419870334867410733597964e+00, 3.91475584449274038479309669746424782336e+00, 9.41636291611145910229478736268870444164e-01, 5.1988793744273889e+01, -3.2622322895879969e+01
0.72700000, 8.79416089640163612036092518776754696828e-01, -1.79465160100038412289450001114118058633e+00, 3.40747600458388082698301446220362648996e+00, 2.04289458769074591559069492407153191921e+00, 3.91302064334744146297253482137202074117e+00, 9.42793457794926471516077126048857026298e-01, 5.2897237493548184e+01, -3.2238838627256151e+01
0.72800000, 8.80645318316381405769827383086115372128e-01, -1.79305129105629563726134646142518901966e+00, 3.40506446610351220789780862936966776257e+00, 2.04478582192455561088413846967876683329e+00, 3.91127896939795840876006644581536293024e+00, 9.43951217645168590797729718059803692537e-01, 5.3812845065167547e+01, -3.1837627153009050e+01
0.72900000, 8.81876279212636501935524690675263574482e-01, -1.79144550296069811203529040806401374378e+00, 3.40264246150649516182298784624410998217e+00, 2.04666892486209640118485616127869552546e+00, 3.90953078571776497067795064761475534509e+00, 9.45109557566516342804179511735709945051e-01, 5.4735494580081180e+01, -3.1418268741350826e+01
0.73000000, 8.83108964774265560313907185670994061836e-01, -1.78983420572024608733047069939371693225e+00, 3.40020995570026550649405326480074200691e+00, 2.04854382533950923266561722941728935349e+00, 3.90777605526997312404307247907527190939e+00, 9.46268463554188916004321516541415460862e-01, 5.5665055433700741e+01, -3.0980336046166094e+01
0.73100000, 8.84343367072546437827863046377869910995e-01, -1.78821736824326242868619837005968414694e+00, 3.39776691393864009119533320476821321669e+00, 2.05041045154885074132370701364385504562e+00, 3.90601474091443946693101555103780937692e+00, 9.47427921183101584433515906563827543238e-01, 5.6601387952273652e+01, -3.0523394027440278e+01
0.73200000, 8.85579477793043509035659914510534681006e-01, -1.78659495934557920650255115008466717498e+00, 3.39531330184167935162174243476860565076e+00, 2.05226873103648845828199193861295186969e+00, 3.90424680541531271517693244854219635474e+00, 9.48587915596692435163609730675447273620e-01, 5.7544343037156551e+01, -3.0046999874068662e+01
0.73300000, 8.86817288223591157301433670305469805645e-01, -1.78496694775675701377877046653483916200e+00, 3.39284908541630682955805611335809293802e+00, 2.05411859070180483254760435396895524737e+00, 3.90247221144904462046683637606097619223e+00, 9.49748431495447441018998934216234936577e-01, 5.8493761796568762e+01, -2.9550702929310974e+01
0.73400000, 8.88056789241904171885594204880996980660e-01, -1.78333330212670266184641416869075582264e+00, 3.39037423107771411861557253808646643639e+00, 2.05595995679623287513192752032324333195e+00, 3.90069092161288777306007753047527648487e+00, 9.50909453125116372276267695326364610582e-01, 5.9449475164391160e+01, -2.9034044619174381e+01
0.73500000, 8.89297971302803478360650318134216998938e-01, -1.78169399103270625418309614100011946109e+00, 3.38788870567158077394834522928078567235e+00, 2.05779275492264764206078733786568127912e+00, 3.89890289843390494834483757589858020741e+00, 9.52070964264611954593805983669754473453e-01, 6.0411303505560919e+01, -2.8496558384027043e+01
0.73600000, 8.90540824425045319402095396220225709288e-01, -1.78004898298691975755121136340971672828e+00, 3.38539247649713983840245851744340653866e+00, 2.05961691003513927475916910586593830343e+00, 3.89710810437851591753660364954812058089e+00, 9.53232948213584604723285447324826643788e-01, 6.1379056207597284e+01, -2.7937769613764834e+01
0.73700000, 8.91785338177741690870160325529121372497e-01, -1.77839824644430037100135456827076109358e+00, 3.38288551133112079078353202337486519436e+00, 2.06143234643919491011602357544003960906e+00, 3.89530650186260897083466811893022126960e+00, 9.54395387779665012224828766425566912365e-01, 6.2352531257777732e+01, -2.7357195586875646e+01
0.73800000, 8.93031501666359525034229312283268494844e-01, -1.77674174981104324027940582259959087750e+00, 3.38036777845260291466528490586012768032e+00, 2.06323898779231846511570197564843302207e+00, 3.89349805326224579988911051589880459739e+00, 9.55558265265366786169477775135599258040e-01, 6.3331514805467648e+01, -2.6754345413768956e+01
0.73900000, 8.94279303518285799763880337016067398517e-01, -1.77507946145352938165260755015523636326e+00, 3.37783924666881331915436697643496165545e+00, 2.06503675710511909853849757775177669313e+00, 3.89168272092498985933027033813100460968e+00, 9.56721562454641352567757368142799874638e-01, 6.4315780709090024e+01, -2.6128719984763041e+01
0.74000000, 8.95528731867945440616388386500343205421e-01, -1.77341134970781606911367591977419144453e+00, 3.37529988534190511695364916338380556321e+00, 2.06682557674290106156473421177968560537e+00, 3.88986046718188987840791789277139445706e+00, 9.57885260599077273103725737608401052723e-01, 6.5305090067204547e+01, -2.5479811923148623e+01
0.74100000, 8.96779774341458573232691978497193977393e-01, -1.77173738288969840655222004366220253466e+00, 3.37274966441675258052497707533749484015e+00, 2.06860536842778967727768062871399673460e+00, 3.88803125436015182772484649790902220245e+00, 9.59049340403736160979789327272181136174e-01, 6.6299190733148011e+01, -2.4807105543775790e+01
0.74200000, 8.98032418040823377715098456223228477475e-01, -1.77005752930537235625968328934355348823e+00, 3.37018855444980145464212366803626039128e+00, 2.07037605324143034362241543186553771115e+00, 3.88619504479653436709897418575038035600e+00, 9.60213782012617397815640264136606902876e-01, 6.7297816812669991e+01, -2.4110076817640960e+01
0.74300000, 8.99286649527610496280150184863486373117e-01, -1.76837175726273113177158347593376610728e+00, 3.36761652663901400352893949049008276893e+00, 2.07213755162829974340112680474375222773e+00, 3.88435180085150461345151721556108011163e+00, 9.61378564993743909369625621343949357547e-01, 6.8300688143979483e+01, -2.3388193342982551e+01
0.74400000, 9.00542454806154652234073147118685721352e-01, -1.76668003508332859152975430090594647720e+00, 3.36503355285494981334513934838756155318e+00, 2.07388978339967087694984454328621453610e+00, 3.88250148492419297724137605993240781423e+00, 9.62543668323861340407753296669592558958e-01, 6.9307509759599493e+01, -2.2640914323427968e+01
0.74500000, 9.01799819306228854196328921102283804603e-01, -1.76498233111504509542870650908182559669e+00, 3.36243960567302485610465328128218877860e+00, 2.07563266773827611737853014907006262439e+00, 3.88064405946818782754537255435834754616e+00, 9.63709070372743083674430774626069386578e-01, 7.0317971329407528e+01, -2.1867690553770735e+01
0.74600000, 9.03058727865186286726463528229617167060e-01, -1.76327861374549321454961502571975135226e+00, 3.35983465840699284909969550615518090331e+00, 2.07736612320371523438295047342641313703e+00, 3.87877948700821286488113517425307696966e+00, 9.64874748887093768281690358993537662585e-01, 7.1331746584220626e+01, -2.1067964413995173e+01
0.74700000, 9.04319164709554729579437139143800793001e-01, -1.76156885141620272114697528808725868772e+00, 3.35721868514369451425989995021394029392e+00, 2.07909006773865825099199831435813672307e+00, 3.87690773015773231301795966576345892864e+00, 9.66040680974044002942626635081360424174e-01, 7.2348492719263929e+01, -2.0241169872207131e+01
0.74800000, 9.05581113436068105501265484673163360336e-01, -1.75985301263762643742420545184298802013e+00, 3.35459166077912195406336943946792828670e+00, 2.08080441867589609919727867229032137014e+00, 3.87502875163753139233745406322963918637e+00, 9.67206843084229403724963886630479110218e-01, 7.3367849776841907e+01, -1.9386732497173114e+01
0.74900000, 9.06844556992119533872837208545943877267e-01, -1.75813106600501079434126025037358203270e+00, 3.35195356105584701382577756933455939378e+00, 2.08250909274629533692197169177467443597e+00, 3.87314251429532201409929743038377746081e+00, 9.68373210994447219203639370696622441673e-01, 7.4389440007511382e+01, -1.8504069481216831e+01
0.75000000, 9.08109477655620068055807446736355478556e-01, -1.75640298021517735251897772198128580045e+00, 3.34930436260186419330457904029432483786e+00, 2.08420400608771669266415303320104274303e+00, 3.87124898112642624384885065063109154713e+00, 9.69539759789884203312473049699876934447e-01, 7.5412867209035256e+01, -1.7592589674271993e+01
0.75100000, 9.09375857014247121813434308782195882373e-01, -1.75466872408426407348940949567418066596e+00, 3.34664404297090040209501470368056638216e+00, 2.08588907425496092862250644340906742531e+00, 3.86934811529559283009399240926399014288e+00, 9.70706463845909783594121632175045379012e-01, 7.6437716042375690e+01, -1.6651693629943227e+01
0.75200000, 9.10643675944066448913971782403756037340e-01, -1.75292826656647780872073561120736673384e+00, 3.34397258068424562139049709486593747309e+00, 2.08756421223080947223778214316879693703e+00, 3.86743988016000498851825682281226050295e+00, 9.71873296809429036222415309978889930951e-01, 7.7463551323965316e+01, -1.5680773664483533e+01
0.75300000, 9.11912914587511434678601383365786741098e-01, -1.75118157677391230405052806788880736212e+00, 3.34128995527416033700817432251464322403e+00, 2.08922933443823147479873578655461721170e+00, 3.86552423929354067995158143923670534141e+00, 9.73040231579790516005283910795665290105e-01, 7.8489917293474980e+01, -1.4679213929656984e+01
0.75400000, 9.13183552330703394019528214706389660899e-01, -1.74942862399748900683695348480450525870e+00, 3.33859614732891744230783699213748326887e+00, 2.09088435475383342993276995271001442864e+00, 3.86360115651234982998578683113107471716e+00, 9.74207240289244607090291428922456143041e-01, 7.9516336856276777e+01, -1.3646390500519625e+01
0.75500000, 9.14455567780096553191132387543853381886e-01, -1.74766937772908112115703358162042427986e+00, 3.33589113853953817135252291527043157691e+00, 2.09252918652263224127551838306258726308e+00, 3.86167059590181631773250851304561180994e+00, 9.75374294282948766501582448965534117882e-01, 8.0542310799781681e+01, -1.2581671479219974e+01
0.75600000, 9.15728938738431428420278518273060526768e-01, -1.74590380768488469205916931578457035920e+00, 3.33317491174828350832180455585086551597e+00, 2.09416374257423768526999243643649756508e+00, 3.85973252184497611934889719456572566936e+00, 9.76541364098516836903114410316487366720e-01, 8.1567316982812208e+01, -1.1484417115993522e+01
0.75700000, 9.17003642179980410829383088102892805976e-01, -1.74413188383010402298311974297868170716e+00, 3.33044745099896442402091802921811939362e+00, 2.09578793524053559085253769274590010522e+00, 3.85778689905246673751297740040321792238e+00, 9.77708419445110516892923967321179382943e-01, 8.2590809497152299e+01, -1.0353979948603370e+01
0.75800000, 9.18279654225069531385145327098010116729e-01, -1.74235357640502245122972923736656709883e+00, 3.32770874158913620874841872352175387894e+00, 2.09740167637496877285164544037269904041e+00, 3.85583369259408699026615433949758872384e+00, 9.78875429182072107359959746206858766095e-01, 8.3612217800399326e+01, -9.1897049615620037e+00
0.75900000, 9.19556950113860620562373934632536866137e-01, -1.74056885595253343550579006503595990797e+00, 3.32495877012424409630454151350222941258e+00, 2.09900487737351883156960177597963039634e+00, 3.85387286793205038113843675340566706086e+00, 9.80042361297098812616359267890234439391e-01, 8.4630945819226851e+01, -7.9909297665574670e+00
0.76000000, 9.20835504179378404444048927749030025244e-01, -1.73877769334721105828077782055988062346e+00, 3.32219752457378929904344106554735286610e+00, 2.10059744919749838980779641488408765918e+00, 3.85190439095601963714121598961496982855e+00, 9.81209182883960177838045348903223701762e-01, 8.5646371022151884e+01, -6.7569848056012393e+00
0.76100000, 9.22115289819767502477209358363890333733e-01, -1.73698005982600342565468956856979977874e+00, 3.31942499432958648996865472967779039879e+00, 2.10217930239827020442282570547195898397e+00, 3.84992822802001459227466128180248337512e+00, 9.82375860119761703623893439358019247384e-01, 8.6657843460887111e+01, -5.4871935785152575e+00
0.76200000, 9.23396279469764823502539018507840386114e-01, -1.73517592702063707082351194616324406894e+00, 3.31664117026618566505954175966665338644e+00, 2.10375034714401688762549238317365654279e+00, 3.84794434598129042216974051814494611796e+00, 9.83542358241759309266712101346530409265e-01, 8.7664684779347181e+01, -4.1808728964821644e+00
0.76300000, 9.24678444571373508543495814954096008417e-01, -1.73336526699182534670385085736788052494e+00, 3.31384604480353318601587621621381271028e+00, 2.10531049324869273035317184588747998451e+00, 3.84595271224128831115980101329517420692e+00, 9.84708641523731134997552819753726785037e-01, 8.8666187189369105e+01, -2.8373331634963986e+00
0.76400000, 9.25961755543725354988222645668561508647e-01, -1.73154805226537894198713617988591294910e+00, 3.31103961197194862758279570755291647621e+00, 2.10685965020329736433943406002330528901e+00, 3.84395329478876596748924519820192054717e+00, 9.85874673251915197838863960783089518548e-01, 8.9661612412200393e+01, -1.4558786876745628e+00
0.76500000, 9.27246181752119592385301332415286722884e-01, -1.72972425587032208645477689902715572571e+00, 3.30822186747949582000808069779177562255e+00, 2.10839772720961976069469183479221763876e+00, 3.84194606224522100676080599717489688678e+00, 9.87040415700523665160052826509046220778e-01, 9.0650190584805280e+01, -3.5808024512070900e-02
0.76600000, 9.28531691476226981735231425988128661942e-01, -1.72789385137912373987146110452778143103e+00, 3.30539280878182816951399835894646170736e+00, 2.10992463321661037220843764806866592759e+00, 3.83993098391272610950492132863844415210e+00, 9.88205830106847005632546705756876655148e-01, 9.1631119130039742e+01, 1.4235856456901893e+00
0.76700000, 9.29818251877449496127063587809986308256e-01, -1.72605681295015909868705147166213582316e+00, 3.30255243515458993934296506367036020186e+00, 2.11144027695954911713126740021583778441e+00, 3.83790802982430103743946077404728100091e+00, 9.89370876645964041908601321625574967408e-01, 9.2603561589750505e+01, 2.9230141038600604e+00
0.76800000, 9.31105828965427330818247629892398362366e-01, -1.72421311537252312101727961470383944707e+00, 3.29970074776845666002126102904389423964e+00, 2.11294456700218740850892892750548458152e+00, 3.83587717079695307613222251677273183087e+00, 9.90535514405076987836059536837110339025e-01, 9.3566646419862580e+01, 4.4631936391255678e+00
0.76900000, 9.32394387563686707250220979681446430416e-01, -1.72236273411332447819194407165082031148e+00, 3.29683774976689918644739589427609738836e+00, 2.11443741178205359153834184599830630267e+00, 3.83383837848752427090172355047864292312e+00, 9.91699701357493932317344365156603659255e-01, 9.4519465746534646e+01, 6.0448445540358853e+00
0.77000000, 9.33683891274423901948243312408803422180e-01, -1.72050564536759540610716492880929361427e+00, 3.29396344634675710485975791368506633132e+00, 2.11591871965912299993589032375540275644e+00, 3.83179162545149094928253480192711679383e+00, 9.92863394336284961242800771199485451276e-01, 9.5461074082482728e+01, 7.6686906251698481e+00
0.77100000, 9.34974302442423173909750255844685233619e-01, -1.71864182611096036747617579485652821552e+00, 3.29107784484170818512533375875727660829e+00, 2.11738839896806642071954466634957018024e+00, 3.82973688520486848838720013988428714228e+00, 9.94026549007642219933122016432485077727e-01, 9.6390487002600818e+01, 9.3354585160851880e+00
0.77200000, 9.36265582118108811485040538223883079612e-01, -1.71677125415521426276839271667584928258e+00, 3.28818095480872134009650723668724109931e+00, 2.11884635807430410659844416323272027174e+00, 3.82767413228938209979448512620956048451e+00, 9.95189119843978745487481736283175598683e-01, 9.7306679778043443e+01, 1.1045877139365663e+01
0.77300000, 9.37557690019734403041916951822877999528e-01, -1.71489390820696915913154844280389603182e+00, 3.28527278811758105716333053762512499232e+00, 2.12029250543410663952213239619696604586e+00, 3.82560334234107257843888166221561929450e+00, 9.96351060096805878431676561728105260569e-01, 9.8208585967980705e+01, 1.2800676964315597e+01
0.77400000, 9.38850584494715688833512121803619404832e-01, -1.71300976792953715880259956840242507591e+00, 3.28235335904357146654277675615550219810e+00, 2.12172674965899897270017862005393779246e+00, 3.82352449216251450492829503155694587186e+00, 9.97512321769434536171439517445808503255e-01, 9.9095095968292211e+01, 1.4600589266631507e+01
0.77500000, 9.40144222480117011432766725132920745886e-01, -1.71111881400822611710486048447526692533e+00, 3.27942268436340806064672760855056228013e+00, 2.12314899958473990796875623595033190441e+00, 3.82143755979883331143667925072916711049e+00, 9.98672855589551640258546151266490919977e-01, 9.9965055516533896e+01, 1.6446345316148031e+01
0.77600000, 9.41438559462305489089631631246478312647e-01, -1.70922102821923446038409470973266102718e+00, 3.27648078345450452836295237800408407768e+00, 2.12455916434516614863005549558047271027e+00, 3.81934252461771692733604776930365053999e+00, 9.99832610981729582059563493568693421488e-01, 1.0081726415259248e+02, 1.8338675498509706e+01
0.77700000, 9.42733549435791634135209357050463072909e-01, -1.70731639350234136084443904679497891764e+00, 3.27352767839766116105399605038843307868e+00, 2.12595715345120795402689770545583907284e+00, 3.81723936739362741817971469008277545752e+00, 1.00099153603993383739072858776196279693e+00, 1.0165047363453786e+02, 2.0278308366360966e+01
0.77800000, 9.44029144861280274573876613645528679612e-01, -1.70540489403759901206693481502932025796e+00, 3.27056339408325976128445044868461379879e+00, 2.12734287687540236148594144826333924417e+00, 3.81512807039642812495437207456894779189e+00, 1.00214957750010175419968645097549820040e+00, 1.0246338630929566e+02, 2.2265969615373524e+01
0.77900000, 9.45325296622961362748380188612440661471e-01, -1.70348651532624472878803723955469823114e+00, 3.26758795832104787191030933029573892489e+00, 2.12871624514224998512586085921325985331e+00, 3.81300861748465230205971106133419533494e+00, 1.00330668071287419664653429473033505696e+00, 1.0325465343789308e+02, 2.4302380980142772e+01
0.78000000, 9.46621953985076626184134442189519720364e-01, -1.70156124427606207862299233821125619510e+00, 3.26460140195359236623275113181182685664e+00, 2.13007716942478260125817077434210073213e+00, 3.81088099420365014218051605282646888976e+00, 1.00446278961657119644862330410568804151e+00, 1.0402287347518210e+02, 2.6388259044682719e+01
0.78100000, 9.47919064547805092710597324095114868467e-01, -1.69962906929143225139546856440386390738e+00, 3.26160375897347891568817851456592473439e+00, 2.13142556164773113884539773270306129504e+00, 3.80874518788886236112146016159568407101e+00, 1.00561784671051310507747836000123961979e+00, 1.0476659030411876e+02, 2.8524313961932073e+01
0.78200000, 9.49216574202518369828883606020764566772e-01, -1.69768998036832939093220125383684478453e+00, 3.25859506664432948784704596115837688083e+00, 2.13276133459770736268795378605696523154e+00, 3.80660118777448018941038942823417721676e+00, 1.00677179302880002999045321981911293865e+00, 1.0548429142487733e+02, 3.0711248076352336e+01
0.78300000, 9.50514427086465247242263158986879144889e-01, -1.69574396919452665926640175063868461880e+00, 3.25557536562570472304466343096160793327e+00, 2.13408440204083751795498477934178708433e+00, 3.80444898510776366969873425527194269832e+00, 1.00792456811467465107541276201652918757e+00, 1.0617440609930662e+02, 3.2949754443352241e+01
0.78400000, 9.51812565536954797038499799459146403172e-01, -1.69379102925529337559898198629626001838e+00, 3.25254470010195168165711595586203748909e+00, 2.13539467884831254730335051910789830839e+00, 3.80228857326930257473856073154882034971e+00, 1.00907610999560693145156811259255915637e+00, 1.0683530345149644e+02, 3.5240515238911823e+01
0.78500000, 9.53110930045117749363026354753567124329e-01, -1.69183115594487766966647420406122222104e+00, 3.24950311791504992417966536822011435781e+00, 2.13669208113034724403191696394081782371e+00, 3.80011994789951701969949506036501555888e+00, 1.01022635515925384644245137486943269830e+00, 1.0746529052551740e+02, 3.7584200052404324e+01
0.78600000, 9.54409459209337609539615691172268562624e-01, -1.68986434668408370436674569123110329753e+00, 3.24645067070150004983753529397074440836e+00, 2.13797652637906991145678089663100817508e+00, 3.79794310703170791837020063277236976771e+00, 1.01137523853046314792336319990818608569e+00, 1.0806261030173185e+02, 3.9981464055225594e+01
0.78700000, 9.55708089688455848511716881392602428073e-01, -1.68789060104426764323973114588192955654e+00, 3.24338741403328853131223893174766147172e+00, 2.13924793362089480098295614086646323741e+00, 3.79575805123198079189757776908592560870e+00, 1.01252269344950745566285154305866314732e+00, 1.0862543967345107e+02, 4.2432946037439851e+01
0.78800000, 9.57006756154869641431010775026115324925e-01, -1.68590992087809214606450842638935942442e+00, 3.24031340756295078524650378482669941083e+00, 2.14050622357896183507588480748538355102e+00, 3.79356478374638003965171071221043366310e+00, 1.01366865165175372533724885423219217553e+00, 1.0915188738613839e+02, 4.4939266304238709e+01
0.78900000, 9.58305391247656154768784528834259779757e-01, -1.68392231045739524451119674603427403601e+00, 3.23722871517274073876040024001049343957e+00, 2.14175131884626191588661857272682204603e+00, 3.79136331065558457393470377410492931169e+00, 1.01481304324899349240758200873240002424e+00, 1.0963999194183467e+02, 4.7501024423589203e+01
0.79000000, 9.59603925525874402397280439959926526756e-01, -1.68192777661854594516070635992546539259e+00, 3.23413340512789950509879159949327699053e+00, 2.14298314407010149695817415494990629419e+00, 3.78915364103752964260210159498846645665e+00, 1.01595579671268134482135217875500555665e+00, 1.1008771947201652e+02, 5.0118796816018268e+01
0.79100000, 9.60902287422214323939927844616303465080e-01, -1.67992632891567578528933788994280790994e+00, 3.23102755023399796542204809795905068176e+00, 2.14420162614859706563670191067818297358e+00, 3.78693578713833364358546742420847484479e+00, 1.01709683885935295304155431033620076037e+00, 1.1049296158269399e+02, 5.2793134177048561e+01
0.79200000, 9.62200403197183108766951819092221772656e-01, -1.67791797978219277254721220766839045864e+00, 3.22791122799830785155465957191785116635e+00, 2.14540669443992874695021529033051110552e+00, 3.78470976455192268700917413330662941803e+00, 1.01823609483851980495299010105956129198e+00, 1.1085353317621966e+02, 5.5524558722367005e+01
0.79300000, 9.63498196894041026676514794311562223955e-01, -1.67590274470100160535486532792128707329e+00, 3.22478452079513310280846254520214556757e+00, 2.14659828098512238087587931306104507915e+00, 3.78247559240875948357883638093089952368e+00, 1.01937348812336568110457636262964210354e+00, 1.1116717025502078e+02, 5.8313561245377317e+01
0.79400000, 9.64795590294723267393429235861520129874e-01, -1.67388064238387171448625686981772264829e+00, 3.22164751603500757866726918855236766642e+00, 2.14777632074517111214390392253053634582e+00, 3.78023329357409671524047116635970267666e+00, 1.02050894050459999065239608618169903986e+00, 1.1143152771328713e+02, 6.1160597976365759e+01
0.79500000, 9.66092502877010676235907700297738904274e-01, -1.67185169496041238968273532014926947869e+00, 3.21850030633763638108506171367440730985e+00, 2.14894075185335071301669678038899609847e+00, 3.77798289485618824053833209226595570724e+00, 1.02164237208785550012197971844779548697e+00, 1.1164417712355686e+02, 6.4066087232101783e+01
0.79600000, 9.67388851773240947342733668476775788173e-01, -1.66981592817713194179285705378167009602e+00, 3.21534298970842579140858828083696868799e+00, 2.15009151588362745937151188814295574560e+00, 3.77572442722490414713962778979294000080e+00, 1.02277370129505285592144527680569343052e+00, 1.1180260452614716e+02, 6.7030405844308836e+01
0.79700000, 9.68684551730882946280087005425752971924e-01, -1.66777337160707536394386178179295330187e+00, 3.21217566971841085686385694308049544665e+00, 2.15122855813610329616942140250233472629e+00, 3.77345792604120760978469929933262260750e+00, 1.02390284487019175629931755458752983999e+00, 1.1190420823048475e+02, 7.0053885355084029e+01
0.79800000, 9.69979515075330529623196285922887988300e-01, -1.66572405887055213486885170005334697788e+00, 3.20899845568734965357817058817041919588e+00, 2.15235182794049012576597634283106382806e+00, 3.77118343129796254102569773843182587331e+00, 1.02502971789006879465118355705269744741e+00, 1.1194629663860985e+02, 7.3136807967028254e+01
0.79900000, 9.71273651675308658752238456667997820032e-01, -1.66366802786748246859578499761553369499e+00, 3.20581146286970887587033003646455103328e+00, 2.15346127897865316104629276362554943692e+00, 3.76890098787255090522481798307225048687e+00, 1.02615423378046499333236492745884582931e+00, 1.1192608610246419e+02, 7.6279402235582118e+01
0.80000000, 9.72566868911323914389454925048519344309e-01, -1.66160532102190624401109371687238665775e+00, 3.20261481264321631054194178944178100465e+00, 2.15455686962731219318678811431063969430e+00, 3.76661064579178704484569568169837007119e+00, 1.02727630433839198609275091511011250719e+00, 1.1184069882803757e+02, 7.9481838490860995e+01
0.80100000, 9.73859071647633847541138519530530841454e-01, -1.65953598553921380116595920147947327051e+00, 3.19940863269960159490697141700456044291e+00, 2.15563856332203907201575010451400781831e+00, 3.76431246050962315190973083704809429705e+00, 1.02839583976103478603310954425605375200e+00, 1.1168716084104459e+02, 8.2744223976159786e+01
0.80200000, 9.75150162208255082697526245710810519748e-01, -1.65746007367667149053505421155213851683e+00, 3.19619305723708706550335285094172161539e+00, 2.15670632894373937326308995148456278230e+00, 3.76200649319814478242333706100268500454e+00, 1.02951274868208117588097425194598411105e+00, 1.1146240003054254e+02, 8.6066597690272153e+01
0.80300000, 9.76440040357578838454173555495661644794e-01, -1.65537764302782699180133034923660042932e+00, 3.19296822715412511461796559248793663830e+00, 2.15776014122885575931422119679684228175e+00, 3.75969281105235769714512586891168359924e+00, 1.03062693821618303782488762269164485984e+00, 1.1116324428878787e+02, 8.9448924920859998e+01
0.80400000, 9.77728603286214649150444663191225221375e-01, -1.65328875682138962522858469502027375557e+00, 3.18973429024380691957064528085867139066e+00, 2.15879998120457948917693937189107097328e+00, 3.75737148760926691937478863673234582112e+00, 1.03173831401235343280053216620273616370e+00, 1.1078641976767007e+02, 9.2891091456339622e+01
0.80500000, 9.79015745602738634764019968921802621981e-01, -1.65119348423518876349247193150575196945e+00, 3.18649140138828933928659841016881106770e+00, 2.15982583665040438530868949325737815459e+00, 3.75504260308174529035644940762847432282e+00, 1.03284678031716494106918442896334103669e+00, 1.1032854927426127e+02, 9.6392897464146918e+01
0.80600000, 9.80301359332081720464078354758213897202e-01, -1.64909190072581857143711257239177344962e+00, 3.18323972275250184487129557478457471389e+00, 2.16083770258740372315830601399125998263e+00, 3.75270624470768149450074351727248013497e+00, 1.03395224004867964175696914332222453627e+00, 1.0978615083038168e+02, 9.9954051023834276e+01
0.80700000, 9.81585333921355758417147112024736644483e-01, -1.64698408837457916378761261744572901899e+00, 3.17997942397630325321245307395253649109e+00, 2.16183558179665428628400247041043020254e+00, 3.75036250711488599636198857154990477486e+00, 1.03505459488210904177576756477228880698e+00, 1.0915563642360567e+02, 1.0357416130426895e+02
0.80800000, 9.82867556253981511059159765572989335201e-01, -1.64487013625032233412265606963691825062e+00, 3.17671068236415849137583031026640402856e+00, 2.16281948536827243898026340103979519499e+00, 3.74801149270221701268292311097293094694e+00, 1.03615374534827310539656006325813765795e+00, 1.0843331097981959e+02, 1.0725273137528283e+02
0.80900000, 9.84147910673051816668970070355302509970e-01, -1.64275014078980367814618538122365330928e+00, 3.17343368307129841428963649962951022274e+00, 2.16378943328256361513260745234027122698e+00, 3.74565331203736692719155020697460536529e+00, 1.03724959094600105230312722322738654845e+00, 1.0761537159028565e+02, 1.1098915064550690e+02
0.81000000, 9.85426279014935803180385491275714386382e-01, -1.64062420619613156349697252811642644818e+00, 3.17014861928521067889525949815383962210e+00, 2.16474545502481809650157705907372144882e+00, 3.74328808427172179430856869051040922945e+00, 1.03834203026969246510887769198044805155e+00, 1.0669790702915740e+02, 1.1478268691985480e+02
0.81100000, 9.86702540654205488187201915997936927658e-01, -1.63849244485588628757099491712218688935e+00, 3.16685569240118678516406400885644983956e+00, 2.16568759023531122264419133692056697322e+00, 3.74091593757267208479035237337776251236e+00, 1.03943096115333505654805283180756715520e+00, 1.0567689760051778e+02, 1.1863247807224660e+02
0.81200000, 9.87976572561044144681327141085273252504e-01, -1.63635497777545916393342553485802601118e+00, 3.16355511219051968292605696825489971134e+00, 2.16661588939608397537072575473346466531e+00, 3.73853700957371088435822654549187889092e+00, 1.04051628083235465362626110693188805318e+00, 1.0454821535725142e+02, 1.2253752333174032e+02
0.81300000, 9.89248249372375947455171387378443327558e-01, -1.63421193503713038938460942750068501587e+00, 3.16024709695980800963603640819369513910e+00, 2.16753041455608881541167839395182904988e+00, 3.73615144784260562435421401142969470282e+00, 1.04159788612475288709479892537597040117e+00, 1.0330762473739096e+02, 1.2649667418332004e+02
0.81400000, 9.90517443478038030524650844830111305046e-01, -1.63206345627536552842699950383842867421e+00, 3.15693187369967743726253184883326124619e+00, 2.16843124009628418241166904118088544288e+00, 3.73375941036787034655637354937852736664e+00, 1.04267567363306790074611041993895281151e+00, 1.0195078366695954e+02, 1.3050862488823844e+02
0.81500000, 9.91784025123398408025471105062722684872e-01, -1.62990969117376243711158736275350004255e+00, 3.15360967822107734443328056682699177009e+00, 2.16931845353624752785312167264527999844e+00, 3.73136106606369672751931352562079666903e+00, 1.04374953996877211113041560360529336310e+00, 1.0047324518172185e+02, 1.3457190263309133e+02
0.81600000, 9.93047862529905283303142226389063197700e-01, -1.62775079998302253938919098375741872399e+00, 3.15028075527715292010909679811332484051e+00, 2.17019215638384932537776214227249439002e+00, 3.72895659529342287351776586089422844255e+00, 1.04481938200079745076955002586734686563e+00, 9.8870459623599935e+01, 1.3868485732178083e+02
0.81700000, 9.94308822035133928311740704543727134273e-01, -1.62558695406025166483877085855865657328e+00, 3.14694535866852996943542926703760878130e+00, 2.17105246502948725815156253883518505829e+00, 3.72654619041152854690609796347357799761e+00, 1.04588509712995119118411500153251606292e+00, 9.7137777470738074e+01, 1.4284565103027136e+02
0.81800000, 9.95566768253975157288859639120652486747e-01, -1.62341833642981526883182266306524526568e+00, 3.14360375132968359835161814648911384079e+00, 2.17189951168631866818893006616311382247e+00, 3.72413005632404336629082262873530098075e+00, 1.04694658359105269417175871260838948400e+00, 9.5270452863230254e+01, 1.4705224715062930e+02
0.81900000, 9.96821564262682780248416522598523051662e-01, -1.62124514236587993493689651845960553722e+00, 3.14025620539389446917772555952364456599e+00, 2.17273344537784822366934855972141602629e+00, 3.72170841106714010345431468439909566548e+00, 1.04800374078468133809625474792911406776e+00, 9.3263647889255214e+01, 1.5130239925833397e+02
0.82000000, 9.98073071807564344967322712627866419625e-01, -1.61906757999666682428255223217838235610e+00, 3.13690300223412977421782073050665708664e+00, 2.17355443297412440741330308428204013943e+00, 3.71928148640355808552693741237605433765e+00, 1.04905646964047617285170109662545006634e+00, 9.1112437698679377e+01, 1.5559363974532059e+02
0.82100000, 9.99321151540157679591515458665237896900e-01, -1.61688587093032251493498695665195601662e+00, 3.13354443247702332418098483338918325970e+00, 2.17436266027767061575361370456839961607e+00, 3.71684952843636169360027341540186405306e+00, 1.05010467301396601719531139526320692997e+00, 8.8811816512950173e+01, 1.5992326827073043e+02
0.82200000, 1.00056566328078259828029799836793950081e+00, -1.61470025090217794694558272393503026777e+00, 3.13018079598697364381252370332445941569e+00, 2.17515833316012216766490342046199450663e+00, 3.71441279823938606224785761681746822658e+00, 1.05114825611893183137658909118349026185e+00, 8.6356704601151851e+01, 1.6428834009195141e+02
0.82300000, 1.00180646631238961615934380611905711865e+00, -1.61251097044301664456615461661074354488e+00, 3.12681240181723482623260996755566018408e+00, 2.17594167875035723091195052745791380864e+00, 3.71197157250355666711753892892690723597e+00, 1.05218712699730802700414076241197444825e+00, 8.3741956292250874e+01, 1.6868565435028087e+02
0.82400000, 1.00304341970664221942067883171039532500e+00, -1.61031829556780898729400245518953138258e+00, 3.12343956812474697771550750443976154798e+00, 2.17671294667469561166262756788369546848e+00, 3.70952614419809225755734574737900847281e+00, 1.05322119702861229802311393763245465103e+00, 8.0962369092611932e+01, 1.7311174239845654e+02
0.82500000, 1.00427638268416230897223574490725462295e+00, -1.60812250848419035305142043023404113366e+00, 3.12006262204534705629006271150876702460e+00, 2.17747241034949282369576620837529828171e+00, 3.70707682324541272774940801030395385864e+00, 1.05425038148085058222871797772891695407e+00, 7.8012693975587791e+01, 1.7756285627139132e+02
0.82600000, 1.00550521501083559995575736446394137574e+00, -1.60592390831976819762072864263398871676e+00, 3.11668189952592332348260601759434697290e+00, 2.17822036832617652577536846834145540110e+00, 3.70462393720837675746593290030487199764e+00, 1.05527460010477053417947445124218158302e+00, 7.4887646906120837e+01, 1.8203495741669416e+02
0.82700000, 1.00672977743201028853872844402945252725e+00, -1.60372281186713782778481271455466006837e+00, 3.11329774511003498841673837624533877673e+00, 2.17895714568845747459571351526263061656e+00, 3.70216783198827078384612913598470872920e+00, 1.05629377777322869684926938349648864603e+00, 7.1581921657562470e+01, 1.8652370581791169e+02
0.82800000, 1.00794993214632302618041131481658748491e+00, -1.60151955434527066597087694031225688866e+00, 3.10991051167352142859744794335865106917e+00, 2.17968309550109743742045943067455314897e+00, 3.69970887253176424814342018304595214379e+00, 1.05730784516728836609240062183292877288e+00, 6.8090203970017796e+01, 1.9102444966079728e+02
0.82900000, 1.00916554332074558412638545464665194095e+00, -1.59931449017571483245414265713688913094e+00, 3.10652056010668216617025036428099470446e+00, 2.18039860030923274170164679582761993678e+00, 3.69724744354484014225510584582736551246e+00, 1.05831673951047163600859456134153415084e+00, 6.4407187089139173e+01, 1.9553221571116841e+02
0.83000000, 1.01037647764825757595607861807399599586e+00, -1.59710799377181939817674462584647119237e+00, 3.10312825893973017211033978763675312558e+00, 2.18110407368683605541908547471104039895e+00, 3.69478395021150971508740430473104518381e+00, 1.05932040535234476838505936572416635689e+00, 6.0527588711092022e+01, 2.0004170059186510e+02
0.83100000, 1.01158260494930893153959235006358523770e+00, -1.59490046033896519747905823211132371181e+00, 3.09973398390841873832732382722010437426e+00, 2.18179996183245360872848100471464276403e+00, 3.69231881891493198047199825197448662473e+00, 1.06031879540231519300513432557896967164e+00, 5.6446169343063564e+01, 2.0454726316572185e+02
0.83200000, 1.01278379881793392548823518982015220531e+00, -1.59269230668356227857611247163863679662e+00, 3.09633811745702880813235752016691177370e+00, 2.18248674520988491218396589968103519466e+00, 3.68985249795838984893822260153988010392e+00, 1.06131187141415544989148768283472062688e+00, 5.2157752068847263e+01, 2.0904291825099984e+02
0.83300000, 1.01397993731300974784211321461174866848e+00, -1.59048397202836381792012004720511015772e+00, 3.09294104817629296654163733878032966581e+00, 2.18316494023098339097765172664662973655e+00, 3.68738545828343411622066641716367656625e+00, 1.06229960512133868332959937199355476200e+00, 4.7657243685396012e+01, 2.1352233191500632e+02
0.83400000, 1.01517090369471012979532835337476519705e+00, -1.58827591883145693018818650282387555525e+00, 3.08954317017433880272687932657777145892e+00, 2.18383510097725755564812127644888950382e+00, 3.68491819418240449729278913036240754669e+00, 1.06328197922276663011254875036995091283e+00, 4.2939657148509033e+01, 2.1797881861019034e+02
0.83500000, 1.01635658720568179813353658395312609087e+00, -1.58606863360613206886759844218087106960e+00, 3.08614488237937331524667465220531513044e+00, 2.18449782095645397090869685492781611345e+00, 3.68245122400248528183007889349649728973e+00, 1.06425898841788962585075809571844601472e+00, 3.8000135233762083e+01, 2.2240534043430410e+02
0.83600000, 1.01753688389586223641579131707057073969e+00, -1.58386262773871602861853033498683653357e+00, 3.08274658777361718939370063703577951698e+00, 2.18515373488981850314034605979716250936e+00, 3.67998509083846552030417001349750466061e+00, 1.06523064048955488849997541327748992727e+00, 3.2833975282235824e+01, 2.2679450881163529e+02
0.83700000, 1.01871169748915560578019043387213882425e+00, -1.58165843830139198262231332316371702690e+00, 3.07934869255894913808242649163892353623e+00, 2.18580352052527701727884420393103439635e+00, 3.67752036321146509544237593923785844892e+00, 1.06619695743217105698877952068047928865e+00, 2.7436654859460871e+01, 2.3113858890515544e+02
0.83800000, 1.01988094028938469711796930142329267857e+00, -1.57945662885703824913150395195673490602e+00, 3.07595160525585201042333713458461752088e+00, 2.18644790047136968395718378905559283959e+00, 3.67505763573107538441971613081174772611e+00, 1.06715797662194166587118617457726403241e+00, 2.1803858110310541e+01, 2.3542950707893571e+02
0.83900000, 1.02104453412203640879161135211013900687e+00, -1.57725779025321196719695038422510518398e+00, 3.07255573573857957533564825718755995168e+00, 2.18708764404643622801411566805623039154e+00, 3.67259752973866481245536535554839963133e+00, 1.06811375202499734565027690220777277312e+00, 1.5931502542503206e+01, 2.3965886173555587e+02
0.84000000, 1.02220241130731365602504265122626668187e+00, -1.57506254140260252117939187702197839790e+00, 3.06916149421100052656436784811960884312e+00, 2.18772356913730776349746667552187389602e+00, 3.67014069393003517968599745870980948733e+00, 1.06906435543824713129465982327340750010e+00, 9.8157659172579465e+00, 2.4381793785365520e+02
0.84100000, 1.02335451565889645747179894541284327749e+00, -1.57287153004760173814339225039295872770e+00, 3.06576929012933787508111697745916442103e+00, 2.18835654406164228883987198841752810640e+00, 3.66768780495620513543058613407186920231e+00, 1.07000987775667627937326107862252951529e+00, 3.4531128679997974e+00, 2.4789772554543801e+02
0.84200000, 1.02450080350159949124588752763354446898e+00, -1.57068543350710410127114304068077640695e+00, 3.06237953108001943883893359271989738557e+00, 2.18898748942807622737352270174434500189e+00, 3.66523956800186439058982723366714312198e+00, 1.07095043025964639050895688367129567123e+00, -3.1596791924383488e+00, 2.5188894294210114e+02
0.84300000, 1.02564124469979471780035993486317446202e+00, -1.56850495940428181242114393371637489959e+00, 3.05899262162309858936275276667970747881e+00, 2.18961737998858679176670175803333585798e+00, 3.66279671734200852602137785863870816920e+00, 1.07188614590751044032537074924485894841e+00, -1.0025495377971674e+01, 2.5578206369615107e+02
0.84400000, 1.02677582368704958861413222394391839335e+00, -1.56633084637489823640841891222512974629e+00, 3.05560896211420150880597715808430989526e+00, 2.19024724647790450857165469749156275902e+00, 3.66036001687845195906546230536407160450e+00, 1.07281718063854959707268228331015341493e+00, -1.7146860413606533e+01, 2.5956734936294827e+02
0.84500000, 1.02790454048591946997456373507777671929e+00, -1.56416386475675069292114413173137603261e+00, 3.05222894752071330397059518623661355013e+00, 2.19087817743551817994000963669757998662e+00, 3.65793026065934770014487137610676133903e+00, 1.07374371465488132389264906649307462408e+00, -2.4525918125043525e+01, 2.6323488688931942e+02
0.84600000, 1.02902741170523423213468901762118436328e+00, -1.56200481726209063864328585504580290831e+00, 3.04885296625093344309356520160619444926e+00, 2.19151132100681228072065379887944802561e+00, 3.65550827338653786653917751413215710707e+00, 1.07466595368459151425917344126117934428e+00, -3.2164414020511622e+01, 2.6677463139479366e+02
0.84700000, 1.03014447150054147498926803892660348008e+00, -1.55985453963637552500767451879430718544e+00, 3.04548139901821216491852867503837002405e+00, 2.19214788672120468892299111316116944266e+00, 3.65309491091753779843646922577834389768e+00, 1.07558413020592033286213172990688343579e+00, -4.0063681707566832e+01, 2.7017645438143011e+02
0.84800000, 1.03125577248162078846168284667515304270e+00, -1.55771390130847944210283843394177076248e+00, 3.04211461776562350688913602221361380940e+00, 2.19278914724684373502116010803281577918e+00, 3.65069106077123611337188386421685381090e+00, 1.07649850461789488287790450347076546437e+00, -4.8224633937297430e+01, 2.7343019745228227e+02
0.84900000, 1.03236138654917213209097418833117003900e+00, -1.55558380603954363681204224195596605756e+00, 3.03875298468053703105475779076858145099e+00, 2.19343644012350686103388009275379450765e+00, 3.64829764264898747120677154021768969433e+00, 1.07740936634036316659067811193872749495e+00, -5.6647759110055759e+01, 2.7652573155783803e+02
0.85000000, 1.03346140564091191997619552306352795413e+00, -1.55346519257999412755299649373446168547e+00, 3.03539685133252040665041299867517507130e+00, 2.19409116947784199150498564929853100145e+00, 3.64591560898569537179751195527087495131e+00, 1.07831703482495126405609021358498274532e+00, -6.5333124108534472e+01, 2.7945302172649379e+02
0.85100000, 1.03455594236538360345832749687165078216e+00, -1.55135903534689870960622285031060335894e+00, 3.03204655797234393387146616697440636072e+00, 2.19475480772802267745796176546907947988e+00, 3.64354594554873671673355066862822132692e+00, 1.07922186045704216550054494512477417108e+00, -7.4280384343904314e+01, 2.8220219717221156e+02
0.85200000, 1.03564513049979982878778657110295116614e+00, -1.54926634513678166173239146303409636951e+00, 3.02870243303447820741631015584186347723e+00, 2.19542889728825517389896417010284574696e+00, 3.64118967210617242214955317170883820383e+00, 1.08012422532745533075602525471120800059e+00, -8.3488801907258982e+01, 2.8476362661371754e+02
0.85300000, 1.03672912532616559218239702223760332405e+00, -1.54718816989225826523666544617666824727e+00, 3.02536479289040095846190918001866779118e+00, 2.19611505228737412908356230178582490980e+00, 3.63884784318962015173327690201036331943e+00, 1.08102454385107489804537321031945060334e+00, -9.2957272710567332e+01, 2.8712799858952817e+02
0.85400000, 1.03780810377775835090560317633369105592e+00, -1.54512559554438429247834184472159404486e+00, 3.02203394190529844937507485578135302882e+00, 2.19681496031997395898364710611094110616e+00, 3.63652154898143470822307052715414280401e+00, 1.08192326320820092891695227015994091342e+00, -1.0268436347800098e+02, 2.8928640651721984e+02
0.85500000, 1.03888226436571696007302341413599160002e+00, -1.54307974695642399584393242653601725492e+00, 3.01871017285642276365476282568781332821e+00, 2.19753038425310975280972521327384815318e+00, 3.63421191636044557664245818944147697881e+00, 1.08282086358283255907092786714995398826e+00, -1.1266835940976999e+02, 2.9123043823008834e+02
0.85600000, 1.03995182685295002552739021213057891136e+00, -1.54105178899880472688387261022042894241e+00, 3.01539376777754078473054757073469047120e+00, 2.19826316411651101483227059716032776561e+00, 3.63192011014543602387511950447592967702e+00, 1.08371785817036080452799535262760705989e+00, -1.2290732328702092e+02, 2.9295226973699301e+02
0.85700000, 1.04101703163972188040714772491705332361e+00, -1.53904292778932317990152657670610295118e+00, 3.01208499930071383717100532190063618860e+00, 2.19901521910940937118914486247887229315e+00, 3.62964733458081184439639972987051509727e+00, 1.08461479292514856705544899177078838010e+00, -1.3339916671920209e+02, 2.9444476300001339e+02
0.85800000, 1.04207813882198312376935187668297712825e+00, -1.53705441213716892225795167402774467586e+00, 3.00878413257425768492298239882922561527e+00, 2.19978854976238971221659113754846819055e+00, 3.62739483511450139025065885269015514570e+00, 1.08551224601606593956625521042011337219e+00, -1.4414173415653383e+02, 2.9570156761880722e+02
0.85900000, 1.04313542687961321804306373842517584907e+00, -1.53508753523400254707261191547826620657e+00, 3.00549142784439008054509569080980685801e+00, 2.20058524029800800606390239029738357656e+00, 3.62516390052405830348603704390882797966e+00, 1.08641082695504538097542628305164124576e+00, -1.5513290020235700e+02, 2.9671722646055327e+02
0.86000000, 1.04418919094701522892459002253832616933e+00, -1.53314363664013099613773700553429733486e+00, 3.00220714379809081339364789409671873602e+00, 2.20140746123912069741320882814602506968e+00, 3.62295586545321785245870256716613723055e+00, 1.08731117535988455935681969450592813057e+00, -1.6637068066602395e+02, 2.9748728549160394e+02
0.86100000, 1.04523974061266631911129397327279886730e+00, -1.53122410461871790817335328542315661354e+00, 2.99893154177648106826987542749356606276e+00, 2.20225747231874277133974706475385495586e+00, 3.62077211342780876868873038234878105331e+00, 1.08821395930754950461706813678663234938e+00, -1.7785335769945512e+02, 2.9800840836444349e+02
0.86200000, 1.04628739718692662201147074007229077529e+00, -1.52933037887589986513099864554326066736e+00, 2.99566489098208807755366228672678233667e+00, 2.20313762574954576027348377474125235181e+00, 3.61861408042697519771095956931598364149e+00, 1.08911987322773150731408860911866823446e+00, -1.8957961926171452e+02, 2.9827849670611112e+02
0.86300000, 1.04733249036819768176531226717803744363e+00, -1.52746395376958322198495110987601665074e+00, 2.99240747482034252555107533441372000363e+00, 2.20405036991450715562012813906328941719e+00, 3.61648325909315447716800542901587033803e+00, 1.09002963527790343236703292876327363789e+00, -2.0154871305674811e+02, 2.9829681755926588e+02
0.86400000, 1.04837535422584317127744753249116110168e+00, -1.52562638205447978791355274196698347597e+00, 2.98915959853636352897779471697727403263e+00, 2.20499825354232066636599889577353127011e+00, 3.61438120367222389438430904098257943806e+00, 1.09094398412999787716193123092212905350e+00, -2.1376061498802713e+02, 2.9806414006529193e+02
0.86500000, 1.04941632240344640244726026233650235888e+00, -1.52381927923547233868181160563881980605e+00, 2.98592159833351360479421110501689620067e+00, 2.20598393043143609458089533834648254947e+00, 3.61230953578370251602727871707360003706e+00, 1.09186367508433105145773166804508491703e+00, -2.2621621206438562e+02, 2.9758288427562628e+02
0.86600000, 1.05045572242712000606985123439962488027e+00, -1.52204432860548834681034097356106475201e+00, 2.98269385219157761549595401605597162851e+00, 2.20701016478430087735998798838832208922e+00, 3.61026995112987547577778316809685147890e+00, 1.09278947540756969310230502045905357488e+00, -2.3891749956170784e+02, 2.9685728596442787e+02
0.86700000, 1.05149386897963195623804366704400298242e+00, -1.52030328704740739101386461307627972528e+00, 2.97947679264123484482229248243106979692e+00, 2.20807983720754797692412278525923270392e+00, 3.60826422726214568833608942800529255888e+00, 1.09372215876718584007341796917741517246e+00, -2.5186779207387333e+02, 2.9589358253272685e+02
0.86800000, 1.05253105597073509051165101018728582861e+00, -1.51859799168168371259892140803624866102e+00, 2.97627092179958247850319251274553045201e+00, 2.20919595142317525023265067972027823070e+00, 3.60629423253265973878679571867962263241e+00, 1.09466249860345404970205450468447150784e+00, -2.6507194783848525e+02, 2.9470022659219056e+02
0.86900000, 1.05356754719562135984328276291521336825e+00, -1.51693036744164213376197837694111910450e+00, 2.97307682903105656366796986213451711201e+00, 2.21036164171832400509675205859417736326e+00, 3.60436193636897885048769044639983289862e+00, 1.09561126023970226132444950634561553744e+00, -2.7853660534365152e+02, 2.9328813566066283e+02
0.87000000, 1.05460356532479156404380154445006989928e+00, -1.51530243565575685678467642547159778963e+00, 2.96989521167187236322413024953910138631e+00, 2.21158018113447464908655336047315368835e+00, 3.60246942101867434881463923864437217860e+00, 1.09656919147979541022047213321643801444e+00, -2.9227043062814295e+02, 2.9167098867453453e+02
0.87100000, 1.05563927890724619979853520580004068439e+00, -1.51371632370906709466603413562953201068e+00, 2.96672689934729535677681202709693087520e+00, 2.21285499035705132116473932615464814858e+00, 3.60061889491818417485153844729104739042e+00, 1.09753701137560490081663378205852705066e+00, -3.0628437275380347e+02, 2.8986558282937803e+02
0.87200000, 1.05667478699153835030418657668754832297e+00, -1.51217427584184398381808782667541635449e+00, 2.96357288252347839914929912043772909301e+00, 2.21418964720835503806507556952169647727e+00, 3.59881270784435495698195340475963623350e+00, 1.09851539676253314813081660345299372887e+00, -3.2059192347088283e+02, 2.8789226773004970e+02
0.87300000, 1.05771010087189095405383254706044687117e+00, -1.51067866511914461331568669668063543271e+00, 2.96043434607370002125892691013641785959e+00, 2.21558789656303874382505454492109872059e+00, 3.59705336800504392782800017900522512498e+00, 1.09950496605296452717096386818248878927e+00, -3.3520937484043377e+02, 2.8577547812194030e+02
0.87400000, 1.05874512234436938293945058584164183966e+00, -1.50923200656467599320735456692313649968e+00, 2.95731270880761021200718174792274484250e+00, 2.21705366038550642366716886614618507560e+00, 3.59534356121258906344943177065107687715e+00, 1.10050625963937697545918679507683116317e+00, -3.5015606512016046e+02, 2.8354439176901548e+02
0.87500000, 1.05977961770510812126492830483922447412e+00, -1.50783697138858361648884121937261373948e+00, 2.95420967011684999986068129274715023133e+00, 2.21859104741775139447345111196881459156e+00, 3.59368617225404700742002525490606991896e+00, 1.10151971608266965121752554687320828528e+00, -3.6545459796862347e+02, 2.8123374553946320e+02
0.87600000, 1.06081318653189209140447054071236356597e+00, -1.50649640213973928622428548780995936809e+00, 2.95112726513622827626569521929234691511e+00, 2.22020436180305618045373757422003738105e+00, 3.59208430851430148404626521604387011287e+00, 1.10254564303696174355185552024704822346e+00, -3.8113101210745986e+02, 2.7888485064100756e+02
0.87700000, 1.06184522405426083659276388676738317580e+00, -1.50521332846164981822500238154733541199e+00, 2.94806793011015519317909001096756609316e+00, 2.22189810958558124781036161822027931683e+00, 3.59054132580628934954634097706138075351e+00, 1.10358418157743916143861221173792322122e+00, -3.9721486672766570e+02, 2.7654685732625346e+02
0.87800000, 1.06287487562788535590958762412857268845e+00, -1.50399098290194925972980479392644106022e+00, 2.94503457998918839996771461530165723700e+00, 2.22367700153560064262410060612373943142e+00, 3.58906085619202470140254691606326565960e+00, 1.10463526223843108305517221705919262541e+00, -4.1373919027474322e+02, 2.7427833017812082e+02
0.87900000, 1.06390098147987179724775801941763650056e+00, -1.50283281588148614179055973016555241971e+00, 2.94203070065339341363241654813472323984e+00, 2.22554595005505267675811562738719474106e+00, 3.58764683730144606200329834392508288097e+00, 1.10569855061914549978007775743041122456e+00, -4.3074021410691172e+02, 2.7214920676862633e+02
0.88000000, 1.06492200948123303824337377426041584151e+00, -1.50174250841621675289299045997649177151e+00, 2.93906045854437984022129314328653760387e+00, 2.22751005693449054230876565514306243639e+00, 3.58630354221704414594601183390234011110e+00, 1.10677337985964441776094869693359191069e+00, -4.4825677404314412e+02, 2.7024322367363520e+02
0.88100000, 1.06593597324055726705984139614518129120e+00, -1.50072398042539509734334895864176230946e+00, 2.93612883083436462991518431128805940752e+00, 2.22957458734533520642501524650937725961e+00, 3.58503560830655473497345492614727383872e+00, 1.10785866662089319986229704856542897297e+00, -4.6632920661944886e+02, 2.6866090147376018e+02
0.88200000, 1.06694033233154782239385863738095259692e+00, -1.49978139134179811824911109201570381030e+00, 2.93324175946516169985935067022973507472e+00, 2.23174492350594047685769561652871993984e+00, 3.58384806232931769085045416918154245347e+00, 1.10895280642760287544071731675035392644e+00, -4.8499748568276351e+02, 2.6752317837122818e+02
0.88300000, 1.06793187104407851988908068336443621993e+00, -1.49891912810949492246710979180938682689e+00, 2.93040633225993626648668710585346784266e+00, 2.23402648875691518453900488941725813479e+00, 3.58274633753360200212718318803704001422e+00, 1.11005354339521710549551521037960897260e+00, -5.0429822956051435e+02, 2.6697575883804952e+02
0.88400000, 1.06890655184402354079734059534492438466e+00, -1.49814177330556805904920111741179861529e+00, 2.92763099350148850163883008064071361146e+00, 2.23642462908117874266585750090242158196e+00, 3.58173627604731920130354096633988669145e+00, 1.11115780858130329095107008323806376239e+00, -5.2426004917940870e+02, 2.6719417827484855e+02
0.88500000, 1.06985934004899962861846185422820476869e+00, -1.49745404279707333383278076699098557526e+00, 2.92492578428859647877384446403766436968e+00, 2.23894443416111303674484042440607026349e+00, 3.58082410629958738778878432001683553546e+00, 1.11226152073757138641986898453003969250e+00, -5.4489649510552645e+02, 2.6838944031087004e+02
0.88600000, 1.07078399763426398766314973849469901423e+00, -1.49686067776571053934273075424849670771e+00, 2.92230260863806490127976713846685639596e+00, 2.24159047372185166878125820166141882164e+00, 3.58001638007028229875174912325623219177e+00, 1.11335934361110441185625107628628380501e+00, -5.6619559932827862e+02, 2.7081379884873677e+02
0.88700000, 1.07167284754130060478186848325393543207e+00, -1.49636626990252334354429684493776369897e+00, 2.91977551312207291347386296340752199869e+00, 2.24436641732677202797803657880972069881e+00, 3.57931984661007180109221374914315926704e+00, 1.11444439611724989217305274576676272631e+00, -5.8810472906949948e+02, 2.7476573612649126e+02
0.88800000, 1.07251651694589898361970172195940000422e+00, -1.49597499122724278920852328336063044289e+00, 2.91736095347382266051215293088378474217e+00, 2.24727449792797465714467753003121274107e+00, 3.57874123186702277823889093165344936129e+00, 1.11550791736457564843650493523453876801e+00, -6.1050927917099883e+02, 2.8059229469752105e+02
0.88900000, 1.07330368101667672082458376585207370732e+00, -1.49569019232814262970748446417161665858e+00, 2.91507799792756149985790028800826667244e+00, 2.25031477400272357578502000619715125732e+00, 3.57828687968578782945375320245658031182e+00, 1.11653890037278389560233941498121741263e+00, -6.3320387478750154e+02, 2.8868549834042166e+02
0.89000000, 1.07402085083767869876997471128421182950e+00, -1.49551382775057118210493525354066511144e+00, 2.91294838076715456054157419882617610678e+00, 2.25348414793757132344584399856193047138e+00, 3.57796220121472280371703903010190704502e+00, 1.11752373030857623616397963692248071371e+00, -6.5585573930772001e+02, 2.9946755786590809e+02
0.89100000, 1.07465228325926947624576700175186233877e+00, -1.49544567121409528611468427503576465212e+00, 2.91099626932191665132481392039964034816e+00, 2.25677512065740647501479993220725093933e+00, 3.57777087471010561110493618610537288031e+00, 1.11844589972818817054633548202944874218e+00, -6.7796256657030931e+02, 3.1335713899090274e+02
0.89200000, 1.07518013626210258939100286810332377451e+00, -1.49548230812771326899037342803464967484e+00, 2.90924754946620346817261724992029881170e+00, 2.26017432228437731646338462970419502634e+00, 3.57771375289653540256350146785892004967e+00, 1.11928592725938284124117361164575437339e+00, -6.9881277348405662e+02, 3.3070725803096436e+02
0.89300000, 1.07558504126463786844294684671785172947e+00, -1.49561595587882784754417008242311482420e+00, 2.90772839169820401690444277319715170973e+00, 2.26366097773778251657347039152080011845e+00, 3.57778748955227339142638262304781897362e+00, 1.12002167137400999528324466620669379790e+00, -7.1746514516422463e+02, 3.5170707907992523e+02
0.89400000, 1.07584728456268971443969024718778652025e+00, -1.49583328002920823176686552518557385914e+00, 2.90646288441016216224525054538679288482e+00, 2.26720565578612427183342046225247918067e+00, 3.57798301521049617868739352571250899483e+00, 1.12062928083851949925946270236306025577e+00, -7.3277596014735793e+02, 3.7624970413277057e+02
0.89500000, 1.07594872846119484649766722388380521221e+00, -1.49611454157900747699285941099001389137e+00, 2.90546969487343590834404051153087064782e+00, 2.27076987557749418698175642467596000361e+00, 3.57828418149197537913579794990680645028e+00, 1.12108499892117702586314003444470476123e+00, -7.4350731224804552e+02, 4.0379055023033426e+02
0.89600000, 1.07587539370106920268949699393933293329e+00, -1.49643356396715597686245357113163982681e+00, 2.90475811068432112315579493137632227289e+00, 2.27430727903973304582782465833224448012e+00, 3.57866710428860455537488456321997306301e+00, 1.12136785646433632171801006688652893753e+00, -7.4853599282129896e+02, 4.3325325957209341e+02
0.89700000, 1.07562025982069217619771560243415702356e+00, -1.49675900632630549739448914167335962813e+00, 2.90432437007472351919921398496234832956e+00, 2.27776689982605730684361773367648257702e+00, 3.57910082108860188697171904012472644152e+00, 1.12146290646607366869802701936172994749e+00, -7.4713506564880729e+02, 4.6306166508942999e+02
0.89800000, 1.07518546430443991914569155033438397625e+00, -1.49705711406734247622679740074130163102e+00, 2.90414961170083736005369705781008188479e+00, 2.28109839891090115411440700157402606762e+00, 3.57954963752483791516165391185729699325e+00, 1.12136418417476602941029088775292239279e+00, -7.3923247177124755e+02, 4.9135122254423306e+02
0.89900000, 1.07458299863039526472275889721689739850e+00, -1.49729550088129054423268637450579809289e+00, 2.90420060575097277411176376726628556392e+00, 2.28425815701838755753057271811148073106e+00, 3.57997691251427376327397921352209601187e+00, 1.12107634268602524430538123958607492398e+00, -7.2551589273037830e+02, 5.1632579622654458e+02
0.90000000, 1.07383344167219379770906568149825320006e+00, -1.49744692585704878446930800095814385718e+00, 2.90443347211101959857617147442334299288e+00, 2.28721442597702989106505319445163873358e+00, 3.58034930814222469772112110363784585774e+00, 1.12061423571681537409474396444042806869e+00, -7.0730710171255089e+02, 5.3662532884809287e+02
0.90100000, 1.07296307450012730859076776977916426280e+00, -1.49749192698118731495464819566707266352e+00, 2.90479931850977828785381681308527252581e+00, 2.28994996914738624067518293385485422985e+00, 3.58064023148738744581241522361304119608e+00, 1.12000053521825149400327150263730849764e+00, -6.8625361926249277e+02, 5.5154787389025278e+02
0.90200000, 1.07200035636950841186773654594129094510e+00, -1.49741969104708768397751448472011386766e+00, 2.90525001162879501007806218075962069243e+00, 2.29246171468083139740659352292990197006e+00, 3.58083158637334608911085492596951829915e+00, 1.11926226004338112633987629307803493053e+00, -6.6398052139328515e+02, 5.6105586159599886e+02
0.90300000, 1.07097280312584123755733457166824990508e+00, -1.49722730364050875510722011022532781231e+00, 2.90574256562609271288914572727032902087e+00, 2.29475813687742085772835860646455178311e+00, 3.58091373678918664986743769610414112193e+00, 1.11842733820632192211989170282231726486e+00, -6.4183638236008082e+02, 5.6561525170504072e+02
0.90400000, 1.06990488016641442495835875269654628896e+00, -1.49691802633598220254720578460467061441e+00, 2.90624152591772860186623423502212300868e+00, 2.29685564174303684465774212897926017118e+00, 3.58088421228172614146414807723737730387e+00, 1.11752199668798126579846163795422582833e+00, -6.2078435061757022e+02, 5.6597429053338958e+02
0.90500000, 1.06881699353339097328846223490461051181e+00, -1.49649930776884942476555382871043588951e+00, 2.90671955830403385672585637424539456065e+00, 2.29877507074201662263845359155305372461e+00, 3.58074587372479675057588685216094070988e+00, 1.11656923446146956929229135878226629252e+00, -6.0141208468347715e+02, 5.6296976335276314e+02
0.90600000, 1.06772533005953735562987205038818373212e+00, -1.49598100923734110364268216103266904375e+00, 2.90715685117602986703011236650061618733e+00, 2.30053893417716589177003336321679673895e+00, 3.58050510085560601702422896412942481294e+00, 1.11558823297735734290668649324174199810e+00, -5.8400479365515935e+02, 5.5739836131284773e+02
0.90700000, 1.06664220750676756578680025158716053732e+00, -1.49537405061139608086956420404286639708e+00, 2.90753994387888802941463674908191093595e+00, 2.30216952493003581430271458304805725455e+00, 3.58017029715557347362719843088132553732e+00, 1.11459439894365275521702705381960348737e+00, -5.6863421465368651e+02, 5.4995135863760298e+02
0.90800000, 1.06557665215388635058478834937798825911e+00, -1.49468949021465702668049251252423583897e+00, 2.90786041663395786282014925568181993597e+00, 2.30368779850120026916526947284489843537e+00, 3.57975079351479838042076258968697539930e+00, 1.11359974760975528957412755342198053920e+00, -5.5523727578807542e+02, 5.4119413220453839e+02
0.90900000, 1.06453502116085711733441922605782700231e+00, -1.49393796148424005264378361550696161754e+00, 2.90811368234596742400308225800248690200e+00, 2.30511281506747177745724079594618601793e+00, 3.57925611348053340842943756014099503087e+00, 1.11261341749824574583072386826418435313e+00, -5.4367535764293024e+02, 5.3157116838267936e+02
0.91000000, 1.06352157390112428360649602215351716890e+00, -1.49312936740159469627706703543850039499e+00, 2.90829797835402550456695499424044029123e+00, 2.30646154769073139053601872505755013641e+00, 3.57869551948525743486717557884989279065e+00, 1.11164219307079270783891802793555476129e+00, -5.3377452999438576e+02, 5.2142247645015784e+02
0.91100000, 1.06253895427136114440514411031300194848e+00, -1.49227274512386940164964398929754275513e+00, 2.90841357392995767012689482734877888739e+00, 2.30774890580184117874018484819147866086e+00, 3.57807775767190933702751489309755461837e+00, 1.11069097490390822535993540254629220488e+00, -5.2535073072312352e+02, 5.1100305906907667e+02
0.91200000, 1.06158857817297601479631632348549021581e+00, -1.49137623479451161717762178979857210818e+00, 2.90846217081545357710998182459200955295e+00, 2.30898787114989578047340335600445521010e+00, 3.57741093379999759811479350662264356958e+00, 1.10976317566437158248379785441580361231e+00, -5.1822431457101971e+02, 5.0050127685149673e+02
0.91300000, 1.06067093536706731212671708920003767364e+00, -1.49044710718305420451903725066563068582e+00, 2.90844646121773954995984428477283940520e+00, 2.31018968191887651252906433148686773694e+00, 3.57670247073805652534078721473763056302e+00, 1.10886104073991988558754131723254971244e+00, -5.1222763916984524e+02, 4.9005446375332941e+02
0.91400000, 1.05978582011848172891402020063817329640e+00, -1.48949182094788196605708658040432067318e+00, 2.90836980749713170725370492037593106450e+00, 2.31136402767144978617363097643714452033e+00, 3.57595911366267083608500007654355294299e+00, 1.10798590164704647977294368478512197740e+00, -5.0720834855017722e+02, 4.7976146546188536e+02
0.91500000, 1.05893250538364646760952608783692916263e+00, -1.48851609168371644320116654431698163223e+00, 2.90823601269802185790579765538189171721e+00, 2.31251923516339028605919036755816770887e+00, 3.57518696086708969342145631122361242048e+00, 1.10713837338295506224446265233320583701e+00, -5.0303014139184837e+02, 4.6969236261635000e+02
0.91600000, 1.05810987358792796027380671053514526917e+00, -1.48752496243169773061511614718809018798e+00, 2.90804915725297766613314415228489658827e+00, 2.31366243563834176964383668767205384525e+00, 3.57439150632890008095136412952489567231e+00, 1.10631850688424241672321117896526628064e+00, -4.9957216453880836e+02, 4.5989584329009485e+02
0.91700000, 1.05731651473415412386654446869153043907e+00, -1.48652287008811691856567114675155075276e+00, 2.90781348294940771427414255603177732124e+00, 2.31479971031610866083150662824714242247e+00, 3.57357768569470172431743751132915110881e+00, 1.10552590647670794716467467575821098105e+00, -4.9672773114156885e+02, 4.5040470760098911e+02
0.91800000, 1.05655080034705471465438533824517444734e+00, -1.48551370506005996599138064121376342871e+00, 2.90753331002280750344160934542173885794e+00, 2.31593621412827041953744169132450380361e+00, 3.57274992090575437140829706066199512658e+00, 1.10475982055627988164269671721180683353e+00, -4.9440277688347734e+02, 4.4123993092699646e+02
0.91900000, 1.05581093983766236265972298422899905173e+00, -1.48450086324610385249005342252636635382e+00, 2.90721297697099504783720588691638508900e+00, 2.31707627945756673014149654889454157060e+00, 3.57191216094615698317340206804262364022e+00, 1.10401921214726046578736546114412321202e+00, -4.9251428898956983e+02, 4.3241363477044652e+02
0.92000000, 1.05509502431832600602276622995283848023e+00, -1.48348729041706803883996103401717606733e+00, 2.90685679550805026996521202332913921704e+00, 2.31822350240735046933310428217889739500e+00, 3.57106791760124323103870823489971006467e+00, 1.10330281460053635070100397884302475308e+00, -4.9098883409738031e+02, 4.2393123958713736e+02
0.92100000, 1.05440106168011354626614126353773599316e+00, -1.48247551962643699341641457641763489139e+00, 2.90646901518420479998934909543397396631e+00, 2.31938081438899127305971931971520190135e+00, 3.57022029597983143308316712618232186299e+00, 1.10260917655552892320355400630398033964e+00, -4.8976124675297697e+02, 4.1579301055966796e+02
0.92200000, 1.05372700579923212342515650671082093931e+00, -1.48146770257437901241354214795341325612e+00, 2.90605379376823362323657393269331468135e+00, 2.32055054181459823850429771993377185194e+00, 3.56937202008404671401811149521309009997e+00, 1.10193669937497499355363875723860054563e+00, -4.8877350318641991e+02, 4.0799515704469396e+02
0.92300000, 1.05307078200430528977864379969546822886e+00, -1.48046563599352806576471917106400675870e+00, 2.90561517067103822238006236529634829116e+00, 2.32173445655601110116711156463517194732e+00, 3.56852545403468441657552215738903535824e+00, 1.10128366953098188544485539240353760837e+00, -4.8797378416614905e+02, 4.0053060806444574e+02
0.92400000, 1.05243031035621276415493874273768596042e+00, -1.47947078418290443407161966968917495092e+00, 2.90515704159834842254885351018723997248e+00, 2.32293381964846112013885435793391672281e+00, 3.56768261975851249770726572289628587138e+00, 1.10064828783110982309898464764207223583e+00, -4.8731571926627689e+02, 3.9338955759936796e+02
0.92500000, 1.05180352782191021937443754173441116784e+00, -1.47848429882317521717530349369065307300e+00, 2.90468313334140255745556636661063656167e+00, 2.32414942050899149685763268923591652107e+00, 3.56684521206326526510571395045431325748e+00, 1.10002869688582476265999444547896872509e+00, -4.8675779858016726e+02, 3.8655985232961935e+02
0.92600000, 1.05118841002958912560486073039550060266e+00, -1.47750703717807132152758153596558940098e+00, 2.90419697820573353202012363177526971520e+00, 2.32538161371328644371168437436198228673e+00, 3.56601461209116252405050673305978411066e+00, 1.09942300780216504647028846522756222800e+00, -4.8626293424130526e+02, 3.8002727885396197e+02
0.92700000, 1.05058299295156431507895605505494270168e+00, -1.47653957972805454078512448057089013922e+00, 2.90370188807695005497364881394362835014e+00, 2.32663035512543573849685104845600753087e+00, 3.56519190016309835495842672867323041045e+00, 1.09882932671974661449873723470124140882e+00, -4.8579815161588184e+02, 3.7377579558858796e+02
0.92800000, 1.04998539455972098355562269286594174357e+00, -1.47558224819177627491717792950019368632e+00, 2.90320092854814026614352973118684335328e+00, 2.32789523889369020978948669667841421281e+00, 3.56437786900476510652293475149223415576e+00, 1.09824578146954927065069671161297193168e+00, -4.8533438797043226e+02, 3.6778774513938797e+02
0.92900000, 1.04939383623095333446598655753494100010e+00, -1.47463512476431576394014681466204346823e+00, 2.90269689389138307985704654690247685830e+00, 2.32917553650181979701690891262365871475e+00, 3.56357303827966107727914561501211993770e+00, 1.09767054832668919146193293439157598546e+00, -4.8484637453428167e+02, 3.6204407487549882e+02
0.93000000, 1.04880666344870426201767671744098075314e+00, -1.47369807323474445945982607983004660868e+00, 2.90219228393991184597887355699553189134e+00, 2.33047023869472604756122291334714654250e+00, 3.56277767123747971168441638817772770110e+00, 1.09710187854659056476725796132092303614e+00, -4.8431257624442892e+02, 3.5652458592790112e+02
0.93100000, 1.04822236515900436357448912710647229282e+00, -1.47277076243811314214773508823143109573e+00, 2.90168928414435953352238841834641440676e+00, 2.33177810068016827082514650294927799141e+00, 3.56199179411661665840980890142188082684e+00, 1.09653812412718648459114316876705357893e+00, -4.8371516237205297e+02, 3.5120822340488570e+02
0.93200000, 1.04763959100640851676223779105167829921e+00, -1.47185269225210142548374591338494122132e+00, 2.90118975015954921495030679292689439435e+00, 2.33309769055686459529402524582327384106e+00, 3.56121521871734361882054677017190232556e+00, 1.09597776204047738985239954101685436816e+00, -4.8303998109160132e+02, 3.4607341306325680e+02
0.93300000, 1.04705716560904115566659746274373655518e+00, -1.47094322207587024341743836940950247691e+00, 2.90069519829215705595137183730731568497e+00, 2.33442744045394164883962406734449768419e+00, 3.56044756829445670813004763400052608364e+00, 1.09541941603996571539364454365287263320e+00, -4.8227651227967055e+02, 3.4109844209675432e+02
0.93400000, 1.04647409904277502196020240710862776963e+00, -1.47004160144390298407946825561581873087e+00, 2.90020680298507022683791946654165262564e+00, 2.33576569941794569262656531319803716711e+00, 3.55968830661876249602369970484126936260e+00, 1.09486187509073944681783322651719247387e+00, -4.8141777573501091e+02, 3.3626187445480908e+02
0.93500000, 1.04588959279773902199472719093908808516e+00, -1.46914700215188626011101805944798723679e+00, 2.89972540223253125211448958052584188724e+00, 2.33711078668782053683702744020410111788e+00, 3.55893676974619734895908852408816373001e+00, 1.09430410749715124906204116850560340509e+00, -4.8046017670713686e+02, 3.3154298472626867e+02
0.93600000, 1.04530304064399025744425569857666273226e+00, -1.46825855102918205005278604192125925497e+00, 2.89925151142551928263520599640659471279e+00, 2.33846104369343711116493202252819612909e+00, 3.55819219973735077666805793775533927730e+00, 1.09374526992322223076525373527562896582e+00, -4.7940327695519918e+02, 3.2692218973567946e+02
0.93700000, 1.04471402408678891111948842383833703465e+00, -1.46737536230739662832049312660142151695e+00, 2.89878534564745500828867365949887465123e+00, 2.33981488293337967245781136887358279598e+00, 3.55745377931650096611007440537597578576e+00, 1.09318471070820150776838253600524198000e+00, -4.7824948708897126e+02, 3.2238145417449600e+02
0.93800000, 1.04412230238645279625221524590631664786e+00, -1.46649656842756737250012010671206001927e+00, 2.89832684991641981653113983534824075414e+00, 2.34117083185687568611151050906273741133e+00, 3.55672066627415665123632412061681291042e+00, 1.09262196715946570101194765880670913248e+00, -4.7700368398129591e+02, 3.1790464621285453e+02
0.93900000, 1.04352779743738034457616412213871826805e+00, -1.46562134811318849749499220755664755715e+00, 2.89787573634951708854791377468356485323e+00, 2.34252757000267379311236515088325922660e+00, 3.55599202632114358186066630348474233571e+00, 1.09205675683362461183879589819197163963e+00, -4.7567276475074349e+02, 3.1347782120884763e+02
0.94000000, 1.04293057411589815311961013206075083333e+00, -1.46474895061690602165658608502960053924e+00, 2.89743152675723838912433727187662582509e+00, 2.34388395792714423384822852678217769519e+00, 3.55526706310723426615006485035252975854e+00, 1.09148896316454096164351703803552081562e+00, -4.7426515535247211e+02, 3.0908941611708909e+02
0.94100000, 1.04233081698761167638045731551787393854e+00, -1.46387871521917456376554016457374679720e+00, 2.89699359880515579817744727466230388898e+00, 2.34523905686128076521479160431903048337e+00, 3.55454504422422107845186057463379356850e+00, 1.09091861613177589343637807062858309462e+00, -4.7279029648353618e+02, 3.0473034345196361e+02
0.94200000, 1.04172880448641742428878811188352339801e+00, -1.46301008530200009400038997036251766476e+00, 2.89656123364050941546538399739219116170e+00, 2.34659213853477894252579196460241051345e+00, 3.55382532221239449815973529437008906298e+00, 1.09034586895437131003207904941724870296e+00, -4.7125813186664483e+02, 3.0039398091824951e+02
0.94300000, 1.04112488182086933532067364798024009059e+00, -1.46214261661756441597423179717692045060e+00, 2.89613366279117525908263195185727638137e+00, 2.34794268515016454850701269280732979728e+00, 3.55310734986174139779873639528693589786e+00, 1.08977097201815014233671644476437381271e+00, -4.6967862390878480e+02, 2.9607606023121334e+02
0.94400000, 1.04051943391959018728323211439296791726e+00, -1.46127597969380378476822823587974215486e+00, 2.89571011220710812849683924361156819328e+00, 2.34929038003447333230931825961937020092e+00, 3.55239068941992100709705579409176258323e+00, 1.08919424538338601529739962684527988874e+00, -4.6806131944208676e+02, 2.9177446541517825e+02
0.94500000, 1.03991285969522862523649987408617743895e+00, -1.46040995664048602017904680837245593875e+00, 2.89528984151829652445680398476203677105e+00, 2.35063508999758513292247017329564721018e+00, 3.55167501566092119593163117386835928066e+00, 1.08861605126655038351064883187007917291e+00, -4.6641498419796806e+02, 2.8748895637481412e+02
0.94600000, 1.03930554879309215448442503974467578047e+00, -1.45954443291640001367967450819637520593e+00, 2.89487217690625115969693615192476130638e+00, 2.35197684085042372800461332022145024269e+00, 3.55096011310499756141376595757121080328e+00, 1.08803676784633358115093545054882797879e+00, -4.6474731943802408e+02, 2.8322083740198110e+02
0.94700000, 1.03869786180852742307080024067189637710e+00, -1.45867938487207927081579859355363926391e+00, 2.89445653639923744300890308966057093869e+00, 2.35331578785840628806151014725959264569e+00, 3.55024586798938595139377865613765125049e+00, 1.08745676561856456547313592554854907371e+00, -4.6306476838682638e+02, 2.7897259239188200e+02
0.94800000, 1.03809011472191517573070634587664887428e+00, -1.45781486407959224686716551135886357751e+00, 2.89404244687366181397539693201802480921e+00, 2.35465218311138697944964240107559039311e+00, 3.54953225585257884982833464828250874325e+00, 1.08687638732982876233885636141195554845e+00, -4.6137241432917583e+02, 2.7474750898703125e+02
0.94900000, 1.03748256802832030966498377933151639454e+00, -1.45695097959294207151578447148220080726e+00, 2.89362955254478222942070228520384163468e+00, 2.35598634187496689488846393750528683047e+00, 3.54881932579987417200679364530975682102e+00, 1.08629593227054969166918537566482258551e+00, -4.5967396685987966e+02, 2.7054931287640101e+02
0.95000000, 1.03687542074658043060434848721829982930e+00, -1.45608787934509201797406053987475124844e+00, 2.89321761523108016804995683017306861556e+00, 2.35731860994967458840126316917533116585e+00, 3.54810718265584048301930225394460599457e+00, 1.08571564542072166187827239886743936253e+00, -4.5797182807072199e+02, 2.6638183133712809e+02
0.95100000, 1.03626880919538934585758836351009384437e+00, -1.45522573187891191957082819593498444715e+00, 2.89280650715239222059712109242596746094e+00, 2.35864933390849333083406194086865269165e+00, 3.54739596827473374897114439018016247082e+00, 1.08513571163093104735042748751793313751e+00, -4.5626722656380804e+02, 2.6224870209265336e+02
0.95200000, 1.03566281013681356618346801025364501631e+00, -1.45436470952971783169121748501567454331e+00, 2.89239619744780920378117978176865836226e+00, 2.35997883581686695062802003366554828964e+00, 3.54668584326927264584241960321002481743e+00, 1.08455625470343855313825774172258583852e+00, -4.5456040415148402e+02, 2.5815313989724404e+02
0.95300000, 1.03505744762609623532422134127776593462e+00, -1.45350497402869348312503452052702721162e+00, 2.89198673395112414810769960706688510073e+00, 2.36130739367326869427938658274331864001e+00, 3.54597697032985192459099639781038154915e+00, 1.08397734092940185676952956165055306130e+00, -4.5285083797530053e+02, 2.5409776910693363e+02
0.95400000, 1.03445270268692691647821314747472272505e+00, -1.45264666528405215456805752599536736629e+00, 2.89157822201455122937255611980553547625e+00, 2.36263522835808214969692689671984800590e+00, 3.54526950014097087053632806623313900308e+00, 1.08339898635693683286262248720949307960e+00, -4.5113747960414973e+02, 2.5008452599077840e+02
0.95500000, 1.03384852477085929443901057773666254742e+00, -1.45178989382899860265882915815522371791e+00, 2.89117080230126516766077286772380393383e+00, 2.36396249736641271727240121844365539950e+00, 3.54456356066397308356302540409631611585e+00, 1.08282116683074927748961502893330896595e+00, -4.4941899254700115e+02, 2.4611462981311059e+02
0.95600000, 1.03324484387532391252943186379573828618e+00, -1.45093473711663877965566171075489143075e+00, 2.89076462945280573073038959430534487543e+00, 2.36528929505820404445834708817361565232e+00, 3.54385925025557361683791064822122631430e+00, 1.08224382967886425106725561930503561416e+00, -4.4769397065591612e+02, 2.4218861697394405e+02
0.95700000, 1.03264158220132503141020558303770143126e+00, -1.45008123951300904265875084727899721879e+00, 2.89035985336478248518014930915994784276e+00, 2.36661565862838793715775346028038379761e+00, 3.54315663474822173996990011424116256957e+00, 1.08166690584606475723505150207877033000e+00, -4.4596112219909753e+02, 2.3830642802021621e+02
0.95800000, 1.03203866433831386203839554738710154814e+00, -1.44922941551830441555876493249224977250e+00, 2.88995660447272157603824238346306239691e+00, 2.36794157853101063189746434720104327167e+00, 3.54245574825788445674034204246149078630e+00, 1.08109032130335948425570358271234077711e+00, -4.4421940796766992e+02, 2.3446753352285536e+02
0.95900000, 1.03143602516937141512013046769298470564e+00, -1.44837925546643003926851246059684874871e+00, 2.88955498397659319128816575305246758163e+00, 2.36926701173867792819713303266401231847e+00, 3.54175659714202758153087211075938686383e+00, 1.08051400670603372714789718769723704498e+00, -4.4246812650908503e+02, 2.3067108210651368e+02
0.96000000, 1.03083361498159343050256152448839722837e+00, -1.44753073274914998905347564747243613793e+00, 2.88915505935642229938804177818194961731e+00, 2.37059189603311126366408358694575945143e+00, 3.54105916624510109615333786934757210547e+00, 1.07993790452483501965522569869344089114e+00, -4.4070694511969603e+02, 2.2691605276522546e+02
0.96100000, 1.03023140161709337867425556858022092007e+00, -1.44668381151464441376465312484824861637e+00, 2.88875686491287577776166786645023549094e+00, 2.37191616354178084840424312676038256248e+00, 3.54036342638017099307796866483112649252e+00, 1.07936197321509488888671056627239632071e+00, -4.3893588103372815e+02, 2.2320139433432410e+02
0.96200000, 1.02962936986863227702402313743527414624e+00, -1.44583845382231634665167086674940975823e+00, 2.88836040648314112253910371677248110015e+00, 2.37323975197372539313198780358000408641e+00, 3.53966934193575159883018447114062663519e+00, 1.07878618838011337769417101145963923865e+00, -4.3715524260249594e+02, 2.1952613773591119e+02
0.96300000, 1.02902751866055417750130444176903891420e+00, -1.44499462540081333510827666441648918159e+00, 2.88796566901806083481084901753416057374e+00, 2.37456261244719929265729723800308322495e+00, 3.53897687758383474204349002921854221615e+00, 1.07821054127709102016033895890164681472e+00, -4.3536554438393764e+02, 2.1588947118757249e+02
0.96400000, 1.02842585680837371933379347435034531702e+00, -1.44415229943792289946221837451142377332e+00, 2.88757262543843896204648112704948937239e+00, 2.37588471338933045074610440008987708492e+00, 3.53828600329458710953193438713146693919e+00, 1.07763503534790717276893079454463553612e+00, -4.3356741224883810e+02, 2.1229077443570610e+02
0.96500000, 1.02782439827448338888422902153267981246e+00, -1.44331145819032012934609650683734508898e+00, 2.88718124517002979006303994446117018648e+00, 2.37720604063708021915490477957066492622e+00, 3.53759669720594916134866245095643849517e+00, 1.07705968167689155966556419450946101911e+00, -4.3176149438074187e+02, 2.0872961440915762e+02
0.96600000, 1.02722315780651048159533273605686893991e+00, -1.44247209258003744233906607309479121864e+00, 2.88679150100192776462385451962534978915e+00, 2.37852659447074146764786763907754639061e+00, 3.53690894629870805804098004823082346019e+00, 1.07648449434111500063866578533939071412e+00, -4.2994839130591141e+02, 2.0520571044798710e+02
0.96700000, 1.02662214765949309395994727176363287470e+00, -1.44163420027436478502019125830733487189e+00, 2.88640337338581676489269342563953592164e+00, 2.37984638475369215911307954416386674298e+00, 3.53622274521792814227602337514023866475e+00, 1.07590948650891199434664168056016881330e+00, -4.2812861321706281e+02, 2.0171888138776997e+02
0.96800000, 1.02602137579607700301186564592483014495e+00, -1.44079778296077385689767886819264637979e+00, 2.88601685190614507446906780382908295246e+00, 2.38116542554378123175356546298134907012e+00, 3.53553809388297271723843393129447407213e+00, 1.07533466787681535348023293635908418168e+00, -4.2630256671180153e+02, 1.9826898842265101e+02
0.96900000, 1.02542084559359910186936913314249720113e+00, -1.43996284358137969292287282003151817231e+00, 2.88563193427571420260020458518092823557e+00, 2.38248373043791408873484236984546346454e+00, 3.53485499467575338997655600684408897229e+00, 1.07476004366777780517183023878602463653e+00, -4.2447056689012089e+02, 1.9485588642823603e+02
0.97000000, 1.02482055674641286332215577463400427252e+00, -1.43912938416972890966408723748234562931e+00, 2.88524862370417576691573010425602617759e+00, 2.38380130953431142821274244951751147713e+00, 3.53417344995600535392315851619513855171e+00, 1.07418561502792526576615393386170006987e+00, -4.2263286592141148e+02, 1.9147939252967007e+02
0.97100000, 1.02422050682010793012223891126403166529e+00, -1.43829740466768613403340350442251961033e+00, 2.88486692572677941471113155426060530855e+00, 2.38511816834166303035977034275260806974e+00, 3.53349346043468214648159543979052568833e+00, 1.07361138035057711826140678097209807346e+00, -4.2078968687508216e+02, 1.8813927507706469e+02
0.97200000, 1.02362069285142049334890447274238527855e+00, -1.43746690276572865040101044392254803247e+00, 2.88448684550719835711733826993179341499e+00, 2.38643430838371028729830587570395540915e+00, 3.53281502460372735922174280557902606943e+00, 1.07303733690617460895240337379837160362e+00, -4.1894125240336532e+02, 1.8483526032583766e+02
0.97300000, 1.02302111250641391916952132252572039156e+00, -1.43663787450588752058136600514464656197e+00, 2.88410838627261453121224653299815301044e+00, 2.38774972881256807066558089764493110956e+00, 3.53213813907332899203164199775759388059e+00, 1.07246348220372969987961106566652364109e+00, -4.1708780148459611e+02, 1.8156704969518861e+02
0.97400000, 1.02242176456347551116794948427279500576e+00, -1.43581031520807186851903292910663833904e+00, 2.88373154902796015254216002111170095332e+00, 2.38906442818652731542155485705730615181e+00, 3.53146279941730903604383800956360282590e+00, 1.07188981472915555017430228381651344846e+00, -4.1522959265559732e+02, 1.7833433882712715e+02
0.97500000, 1.02182264877996580025061165703234143756e+00, -1.43498422028137101183775165188964869762e+00, 2.88335633321713736405222210032869934609e+00, 2.39037840572556702344421394334039313022e+00, 3.53078900105421140203837070981359952601e+00, 1.07131633401101057983281601436391811583e+00, -4.1336689712007360e+02, 1.7513683121630974e+02
0.97600000, 1.02122376541789959519161214860964741566e+00, -1.43415958564683420131268091472426157007e+00, 2.88298273773192194981090433071509962975e+00, 2.39169166174464549495523903797305868993e+00, 3.53011673980890278354314960928074124559e+00, 1.07074304023191821534122988883753673837e+00, -4.1149998797928553e+02, 1.7197424312915170e+02
0.97700000, 1.02062511476278715013654059004578271972e+00, -1.43333640774153982201861543933857447139e+00, 2.88261076170369154982679646999588868848e+00, 2.39300419739624228732594239794615566217e+00, 3.52944601203857782731338996871837407644e+00, 1.07016993372688362410290596940995500187e+00, -4.0962913160557386e+02, 1.6884630104461977e+02
0.97800000, 1.02002669686409102369807296735140944901e+00, -1.43251468327459850113596315885654688691e+00, 2.88224040479540219429440803979114870588e+00, 2.39431601412675804937385181045308957816e+00, 3.52877681444350689181409562290505780303e+00, 1.06959701465030843935258308833875701501e+00, -4.0775458431678899e+02, 1.6575273582972017e+02
0.97900000, 1.01942851153379286916554792609155302890e+00, -1.43169440897006585092333128311542692207e+00, 2.88187166706202890628869859137201790430e+00, 2.39562711325311621116443093623367013804e+00, 3.52810914379871185515517849822401846611e+00, 1.06902428290937158583852128328532021324e+00, -4.0587659379443051e+02, 1.6269327804251510e+02
0.98000000, 1.01883055848274211197023702278669135197e+00, -1.43087558144900654466523988011019216651e+00, 2.88150454866091100107062119639315890285e+00, 2.39693749584426277894610109916721561965e+00, 3.52744299679612891159221329104662949786e+00, 1.06845173827667133407816623776169427665e+00, -4.0399540229340740e+02, 1.5966765650244831e+02
0.98100000, 1.01823283744035084680487675103968208307e+00, -1.43005819725480090489070564858065414824e+00, 2.88113904966868803049907493844163558236e+00, 2.39824716282943113171544822178413382793e+00, 3.52677837004071335105012589974696972457e+00, 1.06787938052179573193680995850979028705e+00, -4.0211124879913446e+02, 1.5667559942269413e+02
0.98200000, 1.01763534818397592601107497410544441934e+00, -1.42924225292753352155459581947729558144e+00, 2.88077517007436672543903313542814314324e+00, 2.39955611513727781975957404826661484346e+00, 3.52611526012077631073939142588128782886e+00, 1.06730720946093905060855644401085856341e+00, -4.0022436924168498e+02, 1.5371683599389639e+02
0.98300000, 1.01703809050731574372141465559441440439e+00, -1.42842774504288131174140487953251800089e+00, 2.88041290985331061333923710478312827741e+00, 2.40086435374251005054023552736042189673e+00, 3.52545366365669146366905238202622416404e+00, 1.06673522493373849903204021955843498693e+00, -3.9833499573738195e+02, 1.5079109698224394e+02
0.98400000, 1.01644106419143795415621029438652765665e+00, -1.42761467020469454951950456991217792528e+00, 2.88005226901105555258953043536346583510e+00, 2.40217187963747013835153607064499299119e+00, 3.52479357730050815393926625804400875255e+00, 1.06616342677109494396455883407574508076e+00, -3.9644335611732520e+02, 1.4789811445275702e+02
0.98500000, 1.01584426900322615415161578181474611758e+00, -1.42680302502820187704046863966846021532e+00, 2.87969324757653311342076197925132141132e+00, 2.40347869380355138182638569449684219898e+00, 3.52413499771878639513678004796696403901e+00, 1.06559181478928738629285043762545819246e+00, -3.9454967403603412e+02, 1.4503762145000271e+02
0.98600000, 1.01524770470375931928862823193254284378e+00, -1.42599280613708192175406765112758437948e+00, 2.87933584558663039420455079254169260297e+00, 2.40478479721114225318749024872516645616e+00, 3.52347792158741040523423967852110173864e+00, 1.06502038879800570714030167252735022649e+00, -3.9265416920430816e+02, 1.4220935200227998e+02
0.98700000, 1.01465137105022834119328715366868531561e+00, -1.42518401016730036932537865392104988785e+00, 2.87898006308526602408497994782967040476e+00, 2.40609019082714466818324716423454374443e+00, 3.52282234559512566110234623579320316308e+00, 1.06444914860334381203128622034996677496e+00, -3.9075705745754826e+02, 1.3941304122723472e+02
0.98800000, 1.01405526779422651652810830014942960466e+00, -1.42437663376792954445497197062840510957e+00, 2.87862590012677779622056452746875428054e+00, 2.40739487561544097707453031957773596832e+00, 3.52216826644484196815613907932257147799e+00, 1.06387809400622982707643603704535306395e+00, -3.8885855076562251e+02, 1.3664842535672583e+02
0.98900000, 1.01345939468151857285069662945167257420e+00, -1.42357067360040770248587344904300458645e+00, 2.87827335677597273909562619776380281359e+00, 2.40869885253560692292489422407702489282e+00, 3.52151568085292674074879927644609658293e+00, 1.06330722480200602291963511584520537534e+00, -3.8695885728105902e+02, 1.3391524173664157e+02
0.99000000, 1.01286375145229920613068854311777450427e+00, -1.42276612633851540142292082022709423201e+00, 2.87792243310777058033340417155464703999e+00, 2.41000212254309368158413154543216006409e+00, 3.52086458554912402701127974742859631805e+00, 1.06273654078070394894280935468917861210e+00, -3.8505818139325772e+02, 1.3121322884385200e+02
0.99100000, 1.01226833784115595109994560440972995993e+00, -1.42196298866841924515304920375701209425e+00, 2.87757312920737728154845314990772207010e+00, 2.41130468658935353270772345442495495342e+00, 3.52021497727661947458183295154054820666e+00, 1.06216604172702720071343675302501090306e+00, -3.8315672377555742e+02, 1.2854212630242443e+02
0.99200000, 1.01167315357706086585008508709318740443e+00, -1.42116125728863277760171431428692630425e+00, 2.87722544517036336144296953267784684077e+00, 2.41260654562184381658915804664657664793e+00, 3.51956685279201117380430693170421983274e+00, 1.06159572742034318224226467798882396109e+00, -3.8125468143296298e+02, 1.2590167489763871e+02
0.99300000, 1.01107819838337123382552956269524904401e+00, -1.42036092890999670250935109989518407882e+00, 2.87687938110273824859748884415508340353e+00, 2.41390770058406801692863638490913111418e+00, 3.51892020886529841373915316169689216725e+00, 1.06102559763468922124952038138871370560e+00, -3.7935224774952733e+02, 1.2329161658994467e+02
0.99400000, 1.01048347197782637904098013078903817991e+00, -1.41956200025565784313695911935563250096e+00, 2.87653493712103040879954804397339355454e+00, 2.41520815241561229463029778430780892995e+00, 3.51827504227987009117712048246107833697e+00, 1.06045565213877426706511095121219271633e+00, -3.7744961253522030e+02, 1.2071169452833607e+02
0.99500000, 1.00988897407254450322328054641641110484e+00, -1.41876446806104886336349100841295451868e+00, 2.87619211335236789663042812643306391541e+00, 2.41650790205218308788484209181409042070e+00, 3.51763134983249389179323585793186477765e+00, 1.05988589069598078193709201715904987184e+00, -3.7554696207236322e+02, 1.1816165306322072e+02
0.99600000, 1.00929470437401895717605899212600884056e+00, -1.41796832907386865702030735518222988381e+00, 2.87585090993456026873307973946912455304e+00, 2.41780695042564529076107933439700132805e+00, 3.51698912833330629704211887435471470890e+00, 1.05931631306436618700015895417549646674e+00, -3.7364447916161786e+02, 1.1564123775879081e+02
0.99700000, 1.00870066258311400005947960437034840547e+00, -1.41717358005406342812237197847513923746e+00, 2.87551132701618179229700881383666943129e+00, 2.41910529846406108421504476202455991820e+00, 3.51634837460580342772169120378797539375e+00, 1.05874691899666392559425179922263300595e+00, -3.7174234316753269e+02, 1.1315019540490371e+02
0.99800000, 1.00810684839506004014206008460626144958e+00, -1.41638021777380847372633710990020947648e+00, 2.87517336475665597660227875785737184495e+00, 2.42040294709172944075750160977182073716e+00, 3.51570908548683273907525694054844103213e+00, 1.05817770824028414085180484650486420611e+00, -3.6984073006364815e+02, 1.1068827402848324e+02
0.99900000, 1.00751326149944835403586991758889728682e+00, -1.41558823901749068367031077370353143304e+00, 2.87483702332634145129347386153678820098e+00, 2.42169989722922633040753718215491949795e+00, 3.51507125782658558407229614593330550781e+00, 1.05760868053731396875516633219453451481e+00, -3.6793981247716269e+02, 1.0825522290445074e+02
0.99930000, 1.00733522970568886180339827954893736929e+00, -1.41535091469853329319475702737122496254e+00, 2.87473643698576985819907636386034161193e+00, 2.42208884620206321570729884602794763198e+00, 3.51488019404371123084709986804484696785e+00, 1.05743800788262328719368273246660994597e+00, -3.6736969822684334e+02, 1.0753089993809851e+02
0.99960000, 1.00715721833121032647032692655847388758e+00, -1.41511371452206102198685327545751864230e+00, 2.87463599654116747531091695965315366520e+00, 2.42247773241802195439364386901149148543e+00, 3.51468926142529786805597088468050712021e+00, 1.05726735167188377198140482702932528448e+00, -3.6679966634891160e+02, 1.0680914612041198e+02
0.99970000, 1.00709788574250349116881639065567228952e+00, -1.41503467536889105761742651852157644047e+00, 2.87460254881518621498208551623177270675e+00, 2.42260734721496546236288919807928936566e+00, 3.51462564635223720910090752376014633676e+00, 1.05721046992126451099708571231500383893e+00, -3.6660967480437522e+02, 1.0656913127758499e+02
0.99980000, 1.00703855542131921146337911817527657385e+00, -1.41495564999656478857938755906868166023e+00, 2.87456911730063738344333224859209408679e+00, 2.42273695504257574561279238323388622943e+00, 3.51456204584051210422416146700982473483e+00, 1.05715358999667705235640597224708596240e+00, -3.6641969307678939e+02, 1.0632940090283910e+02
0.99990000, 1.00697922736733436942091882806904308520e+00, -1.41487663840189401953927611888374742701e+00, 2.87453570199771625328760320015027138509e+00, 2.42286655590176514890639678403470194388e+00, 3.51449845988700274652818480975135595339e+00, 1.05709671189785150563558332677713017253e+00, -3.6622972133140773e+02, 1.0608995474829365e+02
0.99993000, 1.00696142939319443125522460388132520553e+00, -1.41485293760965912618446882974103891497e+00, 2.87452568056813664717236559552600406148e+00, 2.42290543480081624935499893381011116124e+00, 3.51447938693933576316957343126186141501e+00, 1.05707964882418700015869178057047238666e+00, -3.6617273177898869e+02, 1.0601817628782668e+02
0.99996000, 1.00694363162306456543140513784548095432e+00, -1.41482923805704036437017087110324935872e+00, 2.87451566059762652391031215501788498567e+00, 2.42294431307281616888168313162082297490e+00, 3.51446031530154334987788582433396677513e+00, 1.05706258591480942157215702714995682785e+00, -3.6611574314426153e+02, 1.0594642337819201e+02
0.99999000, 1.00692583405693601798156838897162471448e+00, -1.41480553974395171687520628161559417946e+00, 2.87450564208619121475829417488016598440e+00, 2.42298319071778952181576902160464983415e+00, 3.51444124497354134203618660853201513287e+00, 1.05704552316971145480263212597045984694e+00, -3.6605875543167114e+02, 1.0587469601270359e+02
0.99999300, 1.00692405431154289858265200812914405764e+00, -1.41480316998081369704424413808781902087e+00, 2.87450464031529700414313955288138191690e+00, 2.42298707844780134351125808424487203365e+00, 3.51443933801277637353610615560078092227e+00, 1.05704381690423675501661137862380017005e+00, -3.6605305671130067e+02, 1.0586752468082541e+02
0.99999600, 1.00692227456818969602467836599426090952e+00, -1.41480080023007003227271436130088675626e+00, 2.87450363855899360041018243191559805440e+00, 2.42299096617154317026717130643358967942e+00, 3.51443743106510838339551419774085497943e+00, 1.05704211064040477083670025866048789584e+00, -3.6604735800020044e+02, 1.0586035360431516e+02
0.99999900, 1.00692049482687640154611790443687990235e+00, -1.41479843049172063655965282275214669972e+00, 2.87450263681728100890564563951921841419e+00, 2.42299485388901502669302738674518937383e+00, 3.51443552413053728746760527125033073256e+00, 1.05704040437821549494070945992945967713e+00, -3.6604165929837488e+02, 1.0585318278316615e+02
