0.00000000, 1.85644667340401890235163939817846895901e-01, -3.40768234441227105400201387212086673553e+00, 4.00000000000000000000000000000000000000e+00, 0.00000000000000000000000000000000000000e+00, 7.44718659787294327539955288834460226212e+00, 1.71938868484040868238007244244092098155e-01, -5.0197216913650486e+00, 4.3931199294083733e+00
0.00100000, 1.85764843088769375204188140465359223196e-01, -3.40629985676369745379995224028073038821e+00, 3.99975444057873414362265034508699508020e+00, 4.54196554005355805090315817404457588952e-03, 7.44585748258223505749182941704191254478e+00, 1.72571676717243282002059130544661096282e-01, -5.0163567660547136e+00, 4.4298227595843136e+00
0.00200000, 1.85896768743498608629921984353068860345e-01, -3.40491219101882804151396387472572300812e+00, 3.99951277663094614322975929722368204849e+00, 9.08069456661689715716419957953543407762e-03, 7.44452476129081511967574628378779084627e+00, 1.73214801687711942861053297185913167779e-01, -5.0123955960030244e+00, 4.4661102462203257e+00
0.00300000, 1.86040568992014676565789395697696671226e-01, -3.40351962980956995510029966894818968819e+00, 3.99927495040684872590532483344354198982e+00, 1.36161663335697447710782184976918593428e-02, 7.44318867881041994467119242190893789151e+00, 1.73868349104219177471683786804628830703e-01, -5.0078571423397847e+00, 4.5019585205759130e+00
0.00400000, 1.86196357118018462339845817214443572827e-01, -3.40212246058506166761006138174293131906e+00, 3.99904090348407602157133151744085265848e+00, 1.81483618116521035060182116482363395686e-02, 7.44184948437660270550388299588337922127e+00, 1.74532414607245705343540288617048574960e-01, -5.0027615364071980e+00, 4.5373448310702552e+00
0.00500000, 1.86364234766979780702032068477519473181e-01, -3.40072097497836076796028880925000466499e+00, 3.99881057685272490578526817587475206264e+00, 2.26772637189018929544227887454637942881e-02, 7.44050743108080756911017122847402352128e+00, 1.75207083550075487576440483891737064503e-01, -4.9971299947198971e+00, 4.5722476152927171e+00
0.00600000, 1.86544291756577447005092059500482888427e-01, -3.39931546816008175682233390933673837875e+00, 3.99858391100204447981212698801814829186e+00, 2.72028565454674803343489120358919377940e-02, 7.43916277529022647383978778569030099987e+00, 1.75892430820498661143330944093773194324e-01, -4.9909847287240249e+00, 4.6066465642320650e+00
0.00700000, 1.86736605932823948387517105204950933105e-01, -3.39790623818285374024958120261164722392e+00, 3.99836084600831200475274976861434371157e+00, 3.17251265727020666655684778254287309514e-02, 7.43781577605894590012951788542238241025e+00, 1.76588520703818576784235478555613274432e-01, -4.9843488501839794e+00, 4.6405226783098098e+00
0.00800000, 1.86941243072223201417411609905753632122e-01, -3.39649358532049703741225092508092637420e+00, 3.99814132162342955049260689223317875440e+00, 3.62440618864917909299009092598974887080e-02, 7.43646669453391996722528549352837416347e+00, 1.77295406787505582071529001876040001022e-01, -4.9772462730592149e+00, 4.6738583149031186e+00
0.00900000, 1.87158256829923219485416544460688691579e-01, -3.39507781140580246118349520067754015838e+00, 3.99792527736377656268468101739830334473e+00, 4.07596523848141191395165911918698868530e-02, 7.43511579335929463256195313989401224963e+00, 1.78013131907488851174030804592770636920e-01, -4.9697016127538746e+00, 4.7066372271451171e+00
0.01000000, 1.87387688733446977291957582309553142974e-01, -3.39365921917073854662564033443663807064e+00, 3.99771265259885937620793878183135421613e+00, 4.52718897795669784370019205917569394751e-02, 7.43376333608255687252857381760040798758e+00, 1.78741728135733363711337700520858431806e-01, -4.9617400836290042e+00, 4.7388445938931810e+00
0.01100000, 1.87629568221219656415803742793447440611e-01, -3.39223811159281222362721893971496905499e+00, 3.99750338663930921221023082987355841814e+00, 4.97807675927515885988340900834516632313e-02, 7.43240958656589421075146893203574165730e+00, 1.79481216808416915673074402470245680433e-01, -4.9533873956609545e+00, 4.7704670408570887e+00
0.01200000, 1.87883912724763685329581979281029513742e-01, -3.39081479125116998487035755537241173746e+00, 3.99729741882379511193642278663756347327e+00, 5.42862811471324872182047126743823660135e-02, 7.43105480840602619711994045963597872894e+00, 1.80231608593706277720176263922686839119e-01, -4.9446696511108815e+00, 4.8014926529768930e+00
0.01300000, 1.88150727793108946813019097159416687385e-01, -3.38938955969585273138318991588282685750e+00, 3.99709468860443724011777372677367871424e+00, 5.87884275515363457317085586658363470776e-02, 7.42969926436561335323865906530572424839e+00, 1.80992903597836318115673248901908585374e-01, -4.9356132420398505e+00, 4.8319109782333989e+00
0.01400000, 1.88430007257668032423270159747885320782e-01, -3.38796271683341194385024084859979079399e+00, 3.99689513563032863206395436759767032692e+00, 6.32872056809863979770689665439626504537e-02, 7.42834321581916408656896448731197171877e+00, 1.81765091507924571214052567535551821696e-01, -4.9262447494629799e+00, 4.8617130231607585e+00
0.01500000, 1.88721733435558655252611685376021825374e-01, -3.38653456033186179698149563798907075642e+00, 3.99669869982879931352241414747880620928e+00, 6.77826161519012856943785499825366360051e-02, 7.42698692221614991126209381290322434087e+00, 1.82548151769709270400504554303781849609e-01, -4.9165908448855715e+00, 4.8908912404096521e+00
0.01600000, 1.89025877369119788644743376678037130628e-01, -3.38510538504768577258946915780041180243e+00, 3.99650532148408530792663005426897164375e+00, 7.22746612926155732916915678353041715824e-02, 7.42563064056380804810110251076501468476e+00, 1.83342053798183573803182341689865903898e-01, -4.9066781949056474e+00, 4.9194395087798094e+00
0.01700000, 1.89342399099166583684218812545388817168e-01, -3.38367548247734188465593629420510375961e+00, 3.99631494131309585630740423796478923149e+00, 7.67633451095038790530361309506025841782e-02, 7.42427462493186232967113490566050177503e+00, 1.84146757218914256461031073219632850447e-01, -4.8965333695022104e+00, 4.9473531062014601e+00
0.01800000, 1.89671247969362740736506490860867730782e-01, -3.38224514023542252918830838523677591402e+00, 3.99612750053800469466567595256697937464e+00, 8.12486732490113686401385762236827712970e-02, 7.42291912598113260002604417282966785741e+00, 1.84962212137680555946625348265030736429e-01, -4.8861827545584117e+00, 4.9746286761961855e+00
0.01900000, 1.90012362958958202507123901276038359660e-01, -3.38081464156132790209464954826981164350e+00, 3.99594294095542494651390443889112645056e+00, 8.57306529559101895857598260892720114442e-02, 7.42156439051773373366792258053143434064e+00, 1.85788359435948556093437949975208391277e-01, -4.8756524690951564e+00, 5.0012641883882925e+00
0.02000000, 1.90365673041044589350444407018781116695e-01, -3.37938426485601044723808860938179437668e+00, 3.99576120500196159044817140906923181943e+00, 9.02092930281142929953938939074756389147e-02, 7.42021066107429215306325841730480487954e+00, 1.86625131089608307702874184822086587617e-01, -4.8649682876150233e+00, 5.0272588936682317e+00
0.02100000, 1.90731097563419911124510088988494501187e-01, -3.37795428325004624316916083566162951318e+00, 3.99558223581597007077546656192686662531e+00, 9.46846037683940566536618756525617977858e-02, 7.41885817551933424744172021210564523525e+00, 1.87472450508344108176187452683205786350e-01, -4.8541555678801390e+00, 5.0526132746299048e+00
0.02200000, 1.91108546649126431026521825256043633838e-01, -3.37652496420399165609546411390803978835e+00, 3.99540597729538397933983628745344772507e+00, 9.91565969333373171620967378062285852128e-02, 7.41750716669573107381692584801851912559e+00, 1.88330232892981800640983098864709275332e-01, -4.8432391843721683e+00, 5.0773289919143509e+00
0.02300000, 1.91497921613729329430637994969728661578e-01, -3.37509656914169366878972969903144230914e+00, 3.99523237415150843080422229963959115916e+00, 1.03625285679905014768564910817052039407e-01, 7.41615786208882051867247108162894848044e+00, 1.89198385608158990632999412189888814387e-01, -4.8322434676090699e+00, 5.1014088270938099e+00
0.02400000, 1.91899115396436834463598333014926609403e-01, -3.37366935311694332849374071965884154685e+00, 3.99506137195870840530929393758524489027e+00, 1.08090684509927874800075477497171348945e-01, 7.41481048352457471590679674634245237723e+00, 1.90076808567692742013123159491160491680e-01, -4.8211921494227837e+00, 5.1248566227232331e+00
0.02500000, 1.92312013002222253484961356568301641260e-01, -3.37224356451359659423972814173809870149e+00, 3.99489291719995261067531555430977445287e+00, 1.12552809212885652080024297569091240889e-01, 7.41346524689793955895013160027945068492e+00, 1.90965394630072344830412980543014533123e-01, -4.8101083142354795e+00, 5.1476772201717473e+00
0.02600000, 1.92736491952192123788867869654300459336e-01, -3.37081944477903790342179014941664376710e+00, 3.99472695730820303814256991707562447308e+00, 1.17011676807302735594868942766506073717e-01, 7.41212236193124680514008606851057788827e+00, 1.91864030001579672076882964679984990955e-01, -4.7990143563101488e+00, 5.1698763958252643e+00
0.02700000, 1.93172422739549610750205503418941638204e-01, -3.36939722819063095562215820167793759579e+00, 3.99456344070366811717577610154221316725e+00, 1.21467305481083656310071929776777391993e-01, 7.41078203196238932200057211024667858006e+00, 1.92772594644633838858707650828397601566e-01, -4.7879319428947530e+00, 5.1914607962242963e+00
0.02800000, 1.93619669288625339177805901467394369064e-01, -3.36797714165459000910632732369556348813e+00, 3.99440231682696303119712134597247435693e+00, 1.25919714531099580178952874169561456078e-01, 7.40944445376225782671076862450738647400e+00, 1.93690962689067644327735376015429835887e-01, -4.7768819831282758e+00, 5.2124378726690499e+00
0.02900000, 1.94078089414586049925026769921533932074e-01, -3.36655940453651444159018614504855758773e+00, 3.99424353616824420013281205659632978105e+00, 1.30368924302322525017461844136226573119e-01, 7.40810981738076397930169627934130664468e+00, 1.94619002844167890954126742826396900150e-01, -4.7658846025321290e+00, 5.2328158157879755e+00
0.03000000, 1.94547535281581868956693024758228274802e-01, -3.36514422852266006439697767063083057558e+00, 3.99408705029240607581228358428828533013e+00, 1.34814956126788136675663942037582288375e-01, 7.40677830602062048487538527172124970895e+00, 1.95556578809447448351975055124399669883e-01, -4.7549591228715688e+00, 5.2526034905270865e+00
0.03100000, 1.95027853857252691465812536200313186766e-01, -3.36373181751087293440274917949595523885e+00, 3.99393281186044718361756409646880754780e+00, 1.39257832262650712329799275790005617429e-01, 7.40545009593791416659316445695100693724e+00, 1.96503549682261252393998085974371845256e-01, -4.7441240471390834e+00, 5.2718103719764172e+00
0.03200000, 1.95518887361680486205797470594277075684e-01, -3.36232236752998506772249900085656628055e+00, 3.99378077464712876845774281656118644547e+00, 1.43697575833576070129107395350537350593e-01, 7.40412535636839269656151678092018451098e+00, 1.97459770360528819249135426300010641909e-01, -4.7333970493849984e+00, 5.2904464824077897e+00
0.03300000, 1.96020473709044653519789392570860532911e-01, -3.36091606668636609931541587506458522623e+00, 3.99363089355506349028729390511922109131e+00, 1.48134210768699121970118255366780694607e-01, 7.40280424947828944046383816772878420527e+00, 1.98425091938979977722742523134465179325e-01, -4.7227949690996088e+00, 5.3085223298553779e+00
0.03400000, 1.96532446940409562794199783601007357222e-01, -3.35951309513623986184629429229061648061e+00, 3.99348312462538341988357294652071181489e+00, 1.52567761743353877374631839153921120247e-01, 7.40148693033843306352675470172233676472e+00, 1.99399362097496231984418963589493970085e-01, -4.7123338098356743e+00, 5.3260488485280683e+00
0.03500000, 1.97054637646244909256936847640396270145e-01, -3.35811362508230915808460392411802048889e+00, 3.99333742504514619164593493237773798377e+00, 1.56998254120764336793463040611935249342e-01, 7.40017354692032833395970232678622128802e+00, 2.00382425480275509743857307441031249862e-01, -4.7020287417497663e+00, 5.3430373413009267e+00
0.03600000, 1.97586873377448656982496477869619568036e-01, -3.35671782079318457359783144578475544851e+00, 3.99319375315164568085260507859040606726e+00, 1.61425713894865543850477781231397270909e-01, 7.39886424011285095172567665231548336048e+00, 2.01374124064701288635770257073426896136e-01, -4.6918941077353117e+00, 5.3594994244927034e+00
0.03700000, 1.98128979043807404583711132574738649574e-01, -3.35532583864408277798668680916024732472e+00, 3.99305206843379910973804235602379792406e+00, 1.65850167634405155008013994329555842521e-01, 7.39755914375817110148555283785987400765e+00, 2.02374297518946703524124841968877497753e-01, -4.6819434328187982e+00, 5.3754469750976789e+00
0.03800000, 1.98680777298988591911331820248683705757e-01, -3.35393782717724504721633061047569738851e+00, 3.99291233153078618497896078759121512797e+00, 1.70271642428457423659188088808009188902e-01, 7.39625838470550655975773406009356318486e+00, 2.03382783547488914809082302462887868133e-01, -4.6721894364930325e+00, 5.3908920806036084e+00
0.03900000, 1.99242088911311864768525232549166865811e-01, -3.35255392718052629250135949091087584206e+00, 3.99277450422811787330507768162943533740e+00, 1.74690165833463630563821402479306816154e-01, 7.39496208288130529603818630154390631549e+00, 2.04399418223847671427620738379147106205e-01, -4.6626440476671048e+00, 5.4058469914933465e+00
0.04000000, 1.99812733119692161115171784935793949428e-01, -3.35117427178261725277117409389777282665e+00, 3.99263854945131288260354142549778937404e+00, 1.79105765821895846378380592537779188539e-01, 7.39367035137446828090020291415147589641e+00, 2.05424036309993746663198122554800498612e-01, -4.6533184219213381e+00, 5.4203240764961053e+00
0.04100000, 2.00392527974283921597242252875656974238e-01, -3.34979898656338624098617220447285991849e+00, 3.99250443125735898652550838357352865613e+00, 1.83518470732624584078252690815824447718e-01, 7.39238329653524432890821385041267082050e+00, 2.06456471561997069514943057856940299592e-01, -4.6442229607665437e+00, 5.4343357806253541e+00
0.04200000, 2.00981290661483704030372395888502422247e-01, -3.34842818967786049030678455315583825497e+00, 3.99237211482413416473077222423497010611e+00, 1.87928309223055466737447941702401791502e-01, 7.39110101808645895408686199713893785388e+00, 2.07496557021600410087144269468400979225e-01, -4.6353673326199239e+00, 5.4478945860141752e+00
0.04300000, 2.01578837813067023055244587978368917526e-01, -3.34706199199240932400691069704236698469e+00, 3.99224156643795927965059223068477070017e+00, 1.92335310223085556520365568244282877584e-01, 7.38982360924577712903509176575789362910e+00, 2.08544125293512061526429346524576844346e-01, -4.6267604952245510e+00, 5.4610129755354509e+00
0.04400000, 2.02184985799344234935947390976669211987e-01, -3.34570049723174072893533750244822805743e+00, 3.99211275347944982073777614282728584398e+00, 1.96739502890916502402071765883311220891e-01, 7.38855115685774429454831585083211731898e+00, 2.09599008808309900995334227555752156374e-01, -4.6184107192551233e+00, 5.4737033991735502e+00
0.04500000, 2.02799551006319682347159381084470914416e-01, -3.34434380213537817211663890792576605765e+00, 3.99198564440782925927470448856052887339e+00, 2.01140916570749188905387360996778584430e-01, 7.38728374153439980703726949029809401813e+00, 2.10661040070939449094051297213483763399e-01, -4.6103256128693172e+00, 5.4859782430961336e+00
0.04600000, 2.03422350096928172004953132369525638509e-01, -3.34299199662234447008057026846815880959e+00, 3.99186020874386090422290230570372401169e+00, 2.05539580752373113034872363078998373459e-01, 7.38602143780331115118434919780153494809e+00, 2.11730051894870138788831607780183204658e-01, -4.6025121469811909e+00, 5.4978498013591930e+00
0.04700000, 2.04053200256503356001696534920217851148e-01, -3.34164516396284309500325590468893586320e+00, 3.99173641705154895726420644439469437521e+00, 2.09935525032653275659591391210773281066e-01, 7.38476431426193467993154219236483555469e+00, 2.12805877622047109181494980679199078193e-01, -4.5949766810504794e+00, 5.5093302501653734e+00
0.04800000, 2.04691919422703994878137543843151174237e-01, -3.34030338095579346774405233140148231486e+00, 3.99161424091875284899557254372254026149e+00, 2.14328779078907929791702774741916535362e-01, 7.38351243373726845191142224451715281265e+00, 2.13888351328840698457392027673592193183e-01, -4.5877249891990116e+00, 5.5204316245848272e+00
0.04900000, 2.05338326500186741677918417765631564604e-01, -3.33896671811114462749397797919556525834e+00, 3.99149365293685200460597987173688365904e+00, 2.18719372594162055110064806764619202163e-01, 7.38226585344982408298789395215891479687e+00, 2.14977308018252735262496351675919406992e-01, -4.5807622864826535e+00, 5.5311657976391739e+00
0.05000000, 2.05992241560368406587859322414016870836e-01, -3.33763523983596035860448819579933809225e+00, 3.99137462667959103300548043522814306186e+00, 2.23107335284253891567882318270438804058e-01, 7.38102462518100666550849822595165014564e+00, 2.16072583798688084776952455302289302866e-01, -4.5740932551639793e+00, 5.5415444616424115e+00
0.05100000, 2.06653486026667092417422211409649092654e-01, -3.33630900462333766892094132437492877832e+00, 3.99125713668122804531624448428677929279e+00, 2.27492696826765224717753922053160301228e-01, 7.37978879544305407348273307649659144520e+00, 2.17174016049642103154021440769339227328e-01, -4.5677220708471287e+00, 5.5515791116876699e+00
0.05200000, 2.07321882845650616462170637457695979179e-01, -3.33498806524328881359355836698725741152e+00, 3.99114115841410146435294319394999383638e+00, 2.31875486841740326449008457543063547158e-01, 7.37855840565074878444205947925609239028e+00, 2.18281443574690130462501415984946868328e-01, -4.5616524283519187e+00, 5.5612810311653483e+00
0.05300000, 2.07997256644552760339222033034321377818e-01, -3.33367246893478429427081300805697722648e+00, 3.99102666826572335443887284600662190296e+00, 2.36255734864153468643203450659274687273e-01, 7.37733349229417620888268850699945563869e+00, 2.19394706742194366469460892257846867676e-01, -4.5558875672191423e+00, 5.5706612791962536e+00
0.05400000, 2.08679433875643633998434110560883132101e-01, -3.33236225759821996881904057993604362759e+00, 3.99091364351550003998739033046174854154e+00, 2.40633470318080692951350438907759316001e-01, 7.37611408711186300072627772161935605598e+00, 2.20513647614166895013695313432632155396e-01, -4.5504302967530385e+00, 5.5797306798626998e+00
0.05500000, 2.09368242947960324139065214922167461646e-01, -3.33105746798763519152049634552149321558e+00, 3.99080206231117364270191994483650434908e+00, 2.45008722492527985271353956281306413828e-01, 7.37490021726368657216217129795836057114e+00, 2.21638110063745723734778951101842489033e-01, -4.5452830205201098e+00, 5.5884998131209722e+00
0.05600000, 2.10063514346918537157489839143482493520e-01, -3.32975813190207044977461619728683190356e+00, 3.99069190364507119413617129327517811323e+00, 2.49381520518865115865291761002830412624e-01, 7.37369190550300276351628806644431548724e+00, 2.22767939881753955083942589890912150336e-01, -4.5404477602357649e+00, 5.5969790072799591e+00
0.05700000, 2.10765080742335648424900624946521944619e-01, -3.32846427637551201774611460100906966594e+00, 3.99058314733024120855389791429996182850e+00, 2.53751893349812112969310553058484438701e-01, 7.37248917034749209285118945943438680176e+00, 2.23902984872821060927479651680466943618e-01, -4.5359261789816627e+00, 5.6051783329329562e+00
0.05800000, 2.11472777085400923457690892332023247146e-01, -3.32717592386492751651226746328174496831e+00, 3.99047577397655105969417541477472344471e+00, 2.58119869739923587655951609849766920061e-01, 7.37129202624827605416682326223767370578e+00, 2.25043094941550141667150550512287707461e-01, -4.5317196037071313e+00, 5.6131075982325396e+00
0.05900000, 2.12186440695130153105339256017132185464e-01, -3.32589309243594981358254441818822305771e+00, 3.99036976496681221726050455145570645315e+00, 2.62485478227514870436861780916337724897e-01, 7.37010048375690341904623658305373924647e+00, 2.26188122169216438921189359968260321284e-01, -4.5278290469776388e+00, 5.6207763454018412e+00
0.06000000, 2.12905911334839992264081661507543502174e-01, -3.32461579594581731896249332135053924323e+00, 3.99026510243299438230140443757237657140e+00, 2.66848747117973107264372210719455319386e-01, 7.36891454968985233906238172874703604990e+00, 2.27337920881480645166967017755892017525e-01, -4.5242552279420302e+00, 5.6281938483794537e+00
0.06100000, 2.13631031279172332914251481367795309197e-01, -3.32334404422322638851275417430392953161e+00, 3.99016176923258382782597228189489550246e+00, 2.71209704468396047936937762170559690860e-01, 7.36773422729023719771339349800923381714e+00, 2.28492347707596098472060247291629084284e-01, -4.5209985924981404e+00, 5.6353691114994271e+00
0.06200000, 2.14361645372191474093627166798308380121e-01, -3.32207784324479621263478311510138924028e+00, 3.99005974892513581034929422420619093820e+00, 2.75568378073501199519503806510272106229e-01, 7.36655951638644960643662275252618589834e+00, 2.29651261631582125662207254148661177701e-01, -4.5180593326434836e+00, 5.6423108691123143e+00
0.06300000, 2.15097601077067043010864196859307737748e-01, -3.32081719530788826475471492852953648699e+00, 3.98995902574906577413258328678722738171e+00, 2.79924795452748269855909598219459914595e-01, 7.36539041354750069296590061508565878798e+00, 2.30814524035826938290848293587375340098e-01, -4.5154374050040441e+00, 5.6490275860579013e+00
0.06400000, 2.15838748517843914393274488253432985598e-01, -3.31956209919956115144941457861865225062e+00, 3.98985958459871922391070139773029813182e+00, 2.84278983838618352799046814834434149882e-01, 7.36422691223486692949654501607939991729e+00, 2.31981998737572902715450544696569803617e-01, -4.5131325485397965e+00, 5.6555274589050377e+00
0.06500000, 2.16584940513787083226303635639677397066e-01, -3.31831255036147760811472043823286889643e+00, 3.98976141100175559228856163074886845168e+00, 2.88630970165994071313161374263959138026e-01, 7.36306900295067425037101980815069874070e+00, 2.33153552018724983482174299631377338199e-01, -4.5111443014305072e+00, 5.6618184178788206e+00
0.06600000, 2.17336032606774855960982816806318040061e-01, -3.31706854105061350259013787252486206279e+00, 3.98966449109687717073681544064438411270e+00, 2.92980781062585863692041361206940061745e-01, 7.36191667338208518826981597597664319504e+00, 2.34329052649409958414422452420034896406e-01, -4.5094720171496624e+00, 5.6679081294002168e+00
0.06700000, 2.18091883082198097286395823704578519865e-01, -3.31583006049564914035824200811862322222e+00, 3.98956881161193020221583010194839534539e+00, 2.97328442840350741021917646451792754088e-01, 7.36076990854178130132829243500937805801e+00, 2.35508371905699860625883107287895440356e-01, -4.5081148797380732e+00, 5.6738039991679916e+00
0.06800000, 2.18852352983806838486031004998196752033e-01, -3.31459709504895101632624135907021314236e+00, 3.98947435984240154124369667264634927408e+00, 3.01673981487851132529329454987821116173e-01, 7.35962869090445836860382577602257331503e+00, 2.36691383581898230356425957896708567413e-01, -4.5070719182918791e+00, 5.6795131757175155e+00
0.06900000, 2.19617306122928529741675373263727011585e-01, -3.31336962833407754569966951710448103200e+00, 3.98938112363033086470848280591804476604e+00, 3.06017422663502843935270993598682271798e-01, 7.35849300053927480297702898632197744934e+00, 2.37877963997772349229504906630656550736e-01, -4.5063420206823409e+00, 5.6850425543956069e+00
0.07000000, 2.20386609082464790060328030930662734090e-01, -3.31214764138876535194632243421007072037e+00, 3.98928909134365525387568239409709092554e+00, 3.10358791689662659142098539026813861398e-01, 7.35736281523821457939531799588551273719e+00, 2.39067992001098851549626569832314445697e-01, -4.5059239465270407e+00, 5.6903987816950145e+00
0.07100000, 2.21160131216055840731915757579664647695e-01, -3.31093111280337351897207825507174671144e+00, 3.98919825185600005404109755400271021689e+00, 3.14698113547507696559147255086618491227e-01, 7.35623811064034481631519608129065425480e+00, 2.40261348965874112281418595880435637852e-01, -4.5058163394339172e+00, 5.6955882598964363e+00
0.07200000, 2.21937744642784047179994682351050477614e-01, -3.30972001885478195494837631576722304403e+00, 3.98910859452692724174709598120239422543e+00, 3.19035412872660269347514335701303506101e-01, 7.35511886035196509497899010661824778496e+00, 2.41457918786524731754164415431097901660e-01, -4.5060177385410131e+00, 5.7006171519700813e+00
0.07300000, 2.22719324237770266853933168209826387591e-01, -3.30851433363575679461974490644299911058e+00, 3.98902010918265007866873075394873401389e+00, 3.23370713951513677093746291662196607381e-01, 7.35400503606266077077962258968228444236e+00, 2.42657587868437388312628835028536019258e-01, -4.5065265893759243e+00, 5.7054913866927146e+00
0.07400000, 2.23504747618999117303575749088608426658e-01, -3.30731402917981071222921234945643580784e+00, 3.98893278609722059423877274937520378581e+00, 3.27704040718216060070115184809947418446e-01, 7.35289660765728603850856376670838211721e+00, 2.43860245115111411823788652837133785788e-01, -4.5073412540597631e+00, 5.7102166639398617e+00
0.07500000, 2.24293895130691932846965542949925777822e-01, -3.30611907558159925313935477784961424787e+00, 3.98884661597419440381500683655055732486e+00, 3.32035416752271163238117850785104515647e-01, 7.35179354332391447189555863945479297660e+00, 2.45065781912221728530087477921790589091e-01, -4.5084600208810034e+00, 5.7147984601163875e+00
0.07600000, 2.25086649823529149947639158048006543715e-01, -3.30492944111290594045440609850874081951e+00, 3.98876158992877552376295543612132690059e+00, 3.36364865276716574068021647108247851174e-01, 7.35069580965780527791540502553061194205e+00, 2.46274092108864413501363522099577133525e-01, -4.5098811132649066e+00, 5.7192420336920102e+00
0.07700000, 2.25882897432007217146966721364567608719e-01, -3.30374509233427909133879454020436952395e+00, 3.98867769947044217746378379835512159864e+00, 3.40692409156841706149109187878737435691e-01, 7.34960337176144269480661110961554816536e+00, 2.47485071996242021292725340609408523190e-01, -4.5116026981643509e+00, 5.7235524308114513e+00
0.07800000, 2.26682526349198919939805452290085240745e-01, -3.30256599420239209980112191225799120523e+00, 3.98859493648605308544271714588823709322e+00, 3.45018070899409490895654466213414235038e-01, 7.34851619334071392261797491544447340580e+00, 2.48698620284031198062593864941315077136e-01, -4.5136228938978377e+00, 5.7277344909518705e+00
0.07900000, 2.27485427599170288541280731953423198132e-01, -3.30139211017320651720835310338378813912e+00, 3.98851329322343238734844438314336282561e+00, 3.49341872652347405107447996752082720662e-01, 7.34743423679729780502848491001899405087e+00, 2.49914638074660849425133805623152134590e-01, -4.5159397774602479e+00, 5.7317928526029916e+00
0.08000000, 2.28291494807292051818598328058530223178e-01, -3.30022340230102369236013405129566860393e+00, 3.98843276227543014257094977500999715694e+00, 3.53663836204875096550912920732747327215e-01, 7.34635746331734227520715536650256665253e+00, 2.51133028835715379200036722550061068101e-01, -4.5185513913315887e+00, 5.7357319589478905e+00
0.08100000, 2.29100624168668940110324317656822468490e-01, -3.29905983133351611794099772380671845065e+00, 3.98835333656445428944880996943989705065e+00, 3.57983982988037467942279885989745981912e-01, 7.34528583295651342581863038384744734434e+00, 2.52353698370664248852928715291530667942e-01, -4.5214557498085330e+00, 5.7395560635248060e+00
0.08200000, 2.29912714414896042171401777615722444564e-01, -3.29790135680283406252485834409389749849e+00, 3.98827500932746900031465809816615574669e+00, 3.62302334075613637513587420433751962742e-01, 7.34421930472150304825307648101727643508e+00, 2.53576554788106352934875330706209644984e-01, -4.5246508448830178e+00, 5.7432692358525421e+00
0.08300000, 2.30727666779337899506090053696680042363e-01, -3.29674793711288663453324351998725946560e+00, 3.98819777410145354155006090181475649561e+00, 3.66618910185373708325001211124339985651e-01, 7.34315783664808468813572108149718507121e+00, 2.54801508469705473467674839365371891871e-01, -4.5281346516915637e+00, 5.7468753670040816e+00
0.08400000, 2.31545384961113081652335242174325417757e-01, -3.29559952962289920872935468869075548094e+00, 3.98812162470931502533539994611881544050e+00, 3.70933731680656745986341114077896854077e-01, 7.34210138587581075760189583592055324181e+00, 2.56028472036981372072533139715948262624e-01, -4.5319051335583057e+00, 5.7503781751149083e+00
0.08500000, 2.32365775087954630418243306884445137187e-01, -3.29445609072735122370738366214807755302e+00, 3.98804655524624781433546416638210470940e+00, 3.75246818572244783450258371470379376976e-01, 7.34104990871944509930712333496109688586e+00, 2.57257360317109904335722309394068668327e-01, -4.5359602466540094e+00, 5.7537812108142761e+00
0.08600000, 2.33188745678104987283353264136977596326e-01, -3.29331757593239980193436500530320868823e+00, 3.98797256006653180408859058414960283566e+00, 3.79558190520509040596125826241635905878e-01, 7.34000336073722667753795027091332854087e+00, 2.58488090307874894249514330998535942277e-01, -4.5402979442925918e+00, 5.7570878625692494e+00
0.08700000, 2.34014207601392820209670145244329973735e-01, -3.29218393992889551867932499325642738548e+00, 3.98789963377076135277531861034273335342e+00, 3.83867866837805864497280867186413428628e-01, 7.33896169679606083835752014082226096868e+00, 2.59720581141904382103410204238650686964e-01, -4.5449161808858852e+00, 5.7603013619327959e+00
0.08800000, 2.34842074039628534975365339443096918197e-01, -3.29105513666209701419683930890289262407e+00, 3.98782777119349624720995232324975418646e+00, 3.88175866491101163053357121347730409630e-01, 7.33792487113373488928468714661411851526e+00, 2.60954754050314248724817702606765757626e-01, -4.5498129155765842e+00, 5.7634247886885403e+00
0.08900000, 2.35672260446445180338771964633754322129e-01, -3.28993111939819106171123751649716111400e+00, 3.98775696739132578066119856349754612134e+00, 3.92482208104803319952813248961992519988e-01, 7.33689283741825465113828871957079133149e+00, 2.62190532325873111986569500087278792820e-01, -4.5549861155685044e+00, 5.7664610758859969e+00
0.09000000, 2.36504684506701922279871081532660333617e-01, -3.28881184078772422449677526874062461844e+00, 3.98768721763133676624589207992542245157e+00, 3.96786909963785742914395704482135621889e-01, 7.33586554880439817789274902274105048907e+00, 2.63427841285793775639088936492729233656e-01, -4.5604337591724713e+00, 5.7694130147611953e+00
0.09100000, 2.37339266095558254997057157403049968579e-01, -3.28769725292605140684649250101800601893e+00, 3.98761851737997611336016204665122745829e+00, 4.01089990016581310325562109944187397928e-01, 7.33484295798758206834703868949976373506e+00, 2.64666608234248371901394598686729765567e-01, -4.5661538385853435e+00, 5.7722832595386081e+00
0.09200000, 2.38175927237318618687649378321066295007e-01, -3.28658730741090547013083737348980862236e+00, 3.98755086229229844853297230557362820274e+00, 4.05391465878732044472704573643405272924e-01, 7.33382501725513474611987843707415884300e+00, 2.65906762424696662779222941459380205996e-01, -4.5721443624188754e+00, 5.7750743321111835e+00
0.09300000, 2.39014592064139088835597323179896460583e-01, -3.28548195539719068684434425427925452867e+00, 3.98748424820158916121742461210695919419e+00, 4.09691354836278353462185237810651001858e-01, 7.33281167853506979852778517530519542383e+00, 2.67148235022109734783590913673535962855e-01, -4.5784033579943248e+00, 5.7777886265960963e+00
0.09400000, 2.39855186774680270461925176705662051032e-01, -3.28438114764910117934777395587076487636e+00, 3.98741867110935319475806835829956716968e+00, 4.13989673849373149746212202919013704766e-01, 7.33180289344245097363014862616112289551e+00, 2.68390959065164520952142925554739661196e-01, -4.5849288734179411e+00, 5.7804284137645515e+00
0.09500000, 2.40697639592783454762177478416996734885e-01, -3.28328483458966366942905790532960728705e+00, 3.98735412717565987882373710721410975705e+00, 4.18286439556007072110062145658254426345e-01, 7.33079861332343876846727300826046363800e+00, 2.69634869428478195737569712395745587745e-01, -4.5917189794517001e+00, 5.7829958453446225e+00
0.09600000, 2.41541880726240455672784790284611873513e-01, -3.28219296634780188021738812546142860972e+00, 3.98729061270983410804521789020816627112e+00, 4.22581668275831911369849278708587396700e-01, 7.32979878929710672778411952171959870678e+00, 2.70879902784945495074157263861035633342e-01, -4.5987717711929193e+00, 5.7854929581966839e+00
0.09700000, 2.42387842325721320977206313139825578492e-01, -3.28110549280301781088737631006539743920e+00, 3.98722812416148420883018549339729441274e+00, 4.26875376014070169278034483908872402106e-01, 7.32880337229511363621121120709324361757e+00, 2.72125997568236398320795425692536451922e-01, -4.6060853695756605e+00, 5.7879216783615090e+00
0.09800000, 2.43235458443918287426586020107679913775e-01, -3.28002236362778287179632868770202364079e+00, 3.98716665811185689902486673675586299611e+00, 4.31167578465499466703696947515314941285e-01, 7.32781231309931575041597195278507083504e+00, 2.73373093935506353403202388349743886985e-01, -4.6136579227061367e+00, 5.7902838249815535e+00
0.09900000, 2.44084664994958903021491775778404785850e-01, -3.27894352832772954553338280205751208726e+00, 3.98710621126550983021056794394676885370e+00, 4.35458291018501262555994595354465802032e-01, 7.32682556237740110133863905899465768558e+00, 2.74621133730366314093437447689588285100e-01, -4.6214876070436638e+00, 5.7925811140963450e+00
0.10000000, 2.44935399714136153370784290334338079448e-01, -3.27786893627973184785411757511133762823e+00, 3.98704678044229230718037320360888760468e+00, 4.39747528759164050689319299401626039248e-01, 7.32584307071662571839979795137026369959e+00, 2.75870060446155271979065535988594350102e-01, -4.6295726284380524e+00, 5.7948151623132447e+00
0.10100000, 2.45787602117998684566071890553798631393e-01, -3.27679853676796041954138487537500464670e+00, 3.98698836256962490099562628493871059469e+00, 4.44035306475431869718173999280915809997e-01, 7.32486478865572940370506234736532455349e+00, 2.77119819189553688630587020269248576373e-01, -4.6379112230337141e+00, 5.7969874903551491e+00
0.10200000, 2.46641213464839794379063166679582732549e-01, -3.27573227901799560183937574064242031130e+00, 3.98693095467506880865693076054867657386e+00, 4.48321638661289591831435234514626635922e-01, 7.32389066671510642920520312346755310991e+00, 2.78370356644572249517590785013052159657e-01, -4.6465016580501583e+00, 5.7990995264869607e+00
0.10300000, 2.47496176715619749394457198206998995736e-01, -3.27467011222907934843438484284944492410e+00, 3.98687455387917596173313312202843412074e+00, 4.52606539520977052873973304357562707383e-01, 7.32292065542530425630684039827071524101e+00, 2.79621621036946654548534132318633386232e-01, -4.6553422324479870e+00, 5.8011526098228759e+00
0.10400000, 2.48352436495352161065035309901820272399e-01, -3.27361198560458431854835738057703420796e+00, 3.98681915738861104636080326967803391795e+00, 4.56890022973224648686546603985262442680e-01, 7.32195470535392109689728949523328786963e+00, 2.80873562098965715407762496572685046574e-01, -4.6644312774889497e+00, 5.8031479935167327e+00
0.10500000, 2.49209939054981602327459092046611947921e-01, -3.27255784838077598962216351104467543141e+00, 3.98676476248953676612231887305301049436e+00, 4.61172102655503553466734576095343697645e-01, 7.32099276713097085712104816483409521727e+00, 2.82126131034756832353976593376512873206e-01, -4.6737671571980994e+00, 5.8050868478378110e+00
0.10600000, 2.50068632233776352658088315895208837610e-01, -3.27150764985394113398462545153222801861e+00, 3.98671136654125385586490942940199074036e+00, 4.65452791928284216209116531036112677516e-01, 7.32003479147278173926432836058704010901e+00, 2.83379280486049958593040144494642905370e-01, -4.6833482687355991e+00, 5.8069702631346138e+00
0.10700000, 2.50928465422257108207965832836046584439e-01, -3.27046133940595353028128894586756756738e+00, 3.98665896697008753712108863794418392758e+00, 4.69732103879297262542252817024362377415e-01, 7.31908072920449253038490633250099454893e+00, 2.84632964498438415074715512529503159174e-01, -4.6931730426852531e+00, 5.8087992526892597e+00
0.10800000, 2.51789389525679670493705731226647089433e-01, -3.26941886652834533459921457810941723446e+00, 3.98660756126351229315894657372074071828e+00, 4.74010051327791372905357844677709390282e-01, 7.31813053128120838546523643589814249386e+00, 2.85887138488152379489930744592977865766e-01, -4.7032399432663945e+00, 5.8105747554651981e+00
0.10900000, 2.52651356928087018227474892548496803390e-01, -3.26838018084495012447659854855622851474e+00, 3.98655714696450703268459295009251478087e+00, 4.78286646828783125359692707575555664433e-01, 7.31718414880787572354199765911763977229e+00, 2.87141759209358527840410290611520579769e-01, -4.7135474684753341e+00, 5.8122976387510238e+00
0.11000000, 2.53514321456943759066622705322541421696e-01, -3.26734523213318125671304933983075658276e+00, 3.98650772166613290481351529652413793080e+00, 4.82561902677294183725919333277753942614e-01, 7.31624153305793370231544188320693037173e+00, 2.88396784721997143267930029372371679849e-01, -4.7240941501621755e+00, 5.8139687007032085e+00
0.11100000, 2.54378238348363738799007024015289870545e-01, -3.26631397034400685165063867715559929482e+00, 3.98645928300632622320679763800988365672e+00, 4.86835830912571580451006016566930963956e-01, 7.31530263549079762425510390865845705790e+00, 2.89652174360166013486769356075874640807e-01, -4.7348785540484195e+00, 5.8155886727905956e+00
0.11200000, 2.55243064212939542816711148411920982208e-01, -3.26528634562068043618190343071351308253e+00, 3.98641182866289915341606005381098579937e+00, 4.91108443322287189862485809928162037779e-01, 7.31436740776822755860566039464232696820e+00, 2.90907888701058604340851116106717287044e-01, -4.7458992796904250e+00, 5.8171582221435209e+00
0.11300000, 2.56108757002180747335151356767776110384e-01, -3.26426230831628404829141942998146307068e+00, 3.98636535634874101377304991928695103836e+00, 4.95379751446712812442703418082865139978e-01, 7.31343580176963344176140488138742676183e+00, 2.92163889534462312436005333563584201019e-01, -4.7571549603934504e+00, 5.8186779538104178e+00
0.11400000, 2.56975275975566054941794864628186140537e-01, -3.26324180901013842998327884043244205863e+00, 3.98631986380721323595490830038310291932e+00, 4.99649766582867595582690970895308115060e-01, 7.31250776960636594547934336508278812115e+00, 2.93420139832821054742375875738034097454e-01, -4.7686442630806818e+00, 5.8201484129247635e+00
0.11500000, 2.57842581668212870536216968794950937139e-01, -3.26222479852313281498115615836093531357e+00, 3.98627534880773122608918772649359463465e+00, 5.03918499788634802038929126653378668744e-01, 7.31158326363504048011295791909000875370e+00, 2.94676603721865038306776609367046516545e-01, -4.7803658881213531e+00, 5.8215700867851948e+00
0.11600000, 2.58710635859166429932391968635617519785e-01, -3.26121122793202475412524722100492055315e+00, 3.98623180914152656043789695804755154223e+00, 5.08185961886845205054204381483285085915e-01, 7.31066223646993982981238080173872449564e+00, 2.95933246451809260047745389769597780476e-01, -4.7923185691217766e+00, 5.8229434068516019e+00
0.11700000, 2.59579401540309275251067094296445472752e-01, -3.26020104858275841602064494649107942574e+00, 3.98618924261758314088432567251401711287e+00, 5.12452163469324639807715279744394309255e-01, 7.30974464099453909940930727958065869186e+00, 2.97190034369121106800902675864470965632e-01, -4.8045010726828378e+00, 5.8242687506599689e+00
0.11800000, 2.60448842885890670165683630895670385719e-01, -3.25919421210284785392778004736960360266e+00, 3.98614764705874112426441679138794237751e+00, 5.16717114900903475475917061690789937519e-01, 7.30883043037219488910405058531897201629e+00, 2.98446934888856351580289284803865882877e-01, -4.8169121981272544e+00, 5.8255464436586907e+00
0.11900000, 2.61318925222674456004655165454677080924e-01, -3.25819067041286984250860490176620101427e+00, 3.98610702029796262571203505470586246773e+00, 5.20980826323385991616492828090067407453e-01, 7.30791955805603890341591994439986742661e+00, 2.99703916467561866112715189530147487443e-01, -4.8295507771996659e+00, 5.8267767609690477e+00
0.12000000, 2.62189615000702859054335930025258005013e-01, -3.25719037573710905994186652146511969791e+00, 3.98606736017475337934749352090309735777e+00, 5.25243307659477847692357522590510310490e-01, 7.30701197779811454520195267238691829235e+00, 3.00960948576742485206676199989411367537e-01, -4.8424156737423955e+00, 5.8279599290724713e+00
0.12100000, 2.63060879764672863001629339344211095169e-01, -3.25619328061339662193172813380211989886e+00, 3.98602866453173471959631644901794236744e+00, 5.29504568616670026147924111375170672900e-01, 7.30610764365779344371859721058907872693e+00, 3.02218001676888658965705582265751553444e-01, -4.8555057833495200e+00, 5.8290961274271757e+00
0.12200000, 2.63932688125920951585463929510575949084e-01, -3.25519933790218126386886658361288401651e+00, 3.98599093121136042298375459682596133069e+00, 5.33764618691077808312616781648365506158e-01, 7.30520651000950731732209889592204060768e+00, 3.03475047192060808170507699636614733116e-01, -4.8688200330016874e+00, 5.8301854900166750e+00
0.12300000, 2.64805009735011298885919649855299504473e-01, -3.25420850079487081528266672674325669096e+00, 3.98595415805277312324767644225750335037e+00, 5.38023467171233509274246765455523356780e-01, 7.30430853154982907592923843106683622776e+00, 3.04732057485025650630260222776491395923e-01, -4.8823573806839387e+00, 5.8312281068326451e+00
0.12400000, 2.65677815254921832353037201553936568615e-01, -3.25322072282148001600283316687673879347e+00, 3.98591834288879518191662537217172176313e+00, 5.42281123141831853437043876963311203826e-01, 7.30341366330393562509553116788088398692e+00, 3.05989005832939186591019200068666942720e-01, -4.8961168149886207e+00, 5.8322240252945250e+00
0.12500000, 2.66551076334822011119677514748457333783e-01, -3.25223595785761918524337556320459427495e+00, 3.98588348354304906200719399790041945835e+00, 5.46537595487427017419197722712231607415e-01, 7.30252186063148344169142665594718906807e+00, 3.07245866403570514374680636454586435222e-01, -4.9100973547053141e+00, 5.8331732516081926e+00
0.12600000, 2.67424765584435644161272414812245740552e-01, -3.25125416013085677212715619791504856634e+00, 3.98584957782720241412628673670158881469e+00, 5.50792892896080501881156480023892789689e-01, 7.30163307923192664974015498716659850388e+00, 3.08502614232060188610845702387805729238e-01, -4.9242980483995532e+00, 5.8340757520659802e+00
0.12700000, 2.68298856548981614599898997598817920037e-01, -3.25027528422648738788112332354868452975e+00, 3.98581662353833324196225144371084753804e+00, 5.55047023862959119403667758471510941243e-01, 7.30074727514930603300628527595238999273e+00, 3.09759225198206428323493701732733928880e-01, -4.9387179739819734e+00, 5.8349314542902357e+00
0.12800000, 2.69173323684684973355594393185174671330e-01, -3.24929928509273554486499824411289268449e+00, 3.98578461845641066787683102433798452277e+00, 5.59299996693882502216631654165711217945e-01, 7.29986440477653617730113555596440996355e+00, 3.11015676004272126637275547021259471627e-01, -4.9533562382693895e+00, 5.8357402484225629e+00
0.12900000, 2.70048142334850513176299868352612029357e-01, -3.24832611804542400449702253087328507214e+00, 3.98575356034188696904741842972694031485e+00, 5.63551819508819641948692148750266703434e-01, 7.29898442485921673905002263325806361961e+00, 3.12271944153305304136693175181377808529e-01, -4.9682119765391903e+00, 5.8365019882608163e+00
0.13000000, 2.70923288706490628861894180537854995719e-01, -3.24735573877213436370423020013673360239e+00, 3.98572344693339670035161731830038203721e+00, 5.67802500245334074126349851327004972345e-01, 7.29810729249899268625037986853875230081e+00, 3.13528007927965380361844182534497455591e-01, -4.9832843520783150e+00, 5.8372164923458531e+00
0.13100000, 2.71798739847499007534452562123068647505e-01, -3.24638810333588628640606423456232172168e+00, 3.98569427594555886194263784396165460347e+00, 5.72052046661977413375639496590432403800e-01, 7.29723296515648725230681780311685624992e+00, 3.14783846369847409212775091650013545642e-01, -4.9985725557279770e+00, 5.8378835449999862e+00
0.13200000, 2.72674473624361470642126689345466381501e-01, -3.24542316817836061136403017778722565038e+00, 3.98566604506687820725555714546193434323e+00, 5.76300466341631031617983797641454670955e-01, 7.29636140065383028110130487947476338073e+00, 3.16039439259296231042342520941151923194e-01, -5.0140758054251962e+00, 5.8385028973190133e+00
0.13300000, 2.73550468700395103798096946991904454854e-01, -3.24446089012269043910165696420377823214e+00, 3.98563875195774192104235500624607778592e+00, 5.80547766694795751428407990857066929447e-01, 7.29549255717680362176874997668949090833e+00, 3.17294767095702334038536070350720541567e-01, -5.0297933457421124e+00, 5.8390742681196371e+00
0.13400000, 2.74426704514506658549308895055391904700e-01, -3.24350122637584321711212183453007899952e+00, 3.98561239424850802699839096820600540914e+00, 5.84793954962829500538616740474110017785e-01, 7.29462639327662425271583945910078995943e+00, 3.18549811078271087424583861193496823940e-01, -5.0457244474239658e+00, 5.8395973448440269e+00
0.13500000, 2.75303161260461088949406840065035795421e-01, -3.24254413453061580281532701052705230290e+00, 3.98558696953768201066297412528795005641e+00, 5.89039038221132941596488583594579921980e-01, 7.29376286787138487515667137082717327813e+00, 3.19804553087256906519223137319955301547e-01, -5.0618684069265482e+00, 5.8400717844232116e+00
0.13600000, 2.76179819866650992777783985958303206778e-01, -3.24158957256726348629431983189778716982e+00, 3.98556247539017826560699857643691606895e+00, 5.93283023382283154092740560129252427359e-01, 7.29290194024717081555819361072868783882e+00, 3.21058975665653832456392284686137030108e-01, -5.0782245459538585e+00, 5.8404972141009337e+00
0.13700000, 2.77056661976357659985427343602824873469e-01, -3.24063749885478299833316118813091496194e+00, 3.98553890933566308952214003671908140319e+00, 5.97525917199115503169801180984157598185e-01, 7.29204357005887121261539356042928868756e+00, 3.22313062001333955184203129040705468498e-01, -5.0947922109966245e+00, 5.8408732322195355e+00
0.13800000, 2.77933669928494387212358986617612922660e-01, -3.23968787215186861230805821234736861716e+00, 3.98551626886697607176455536227027781529e+00, 6.01767726267753883152859174385254583373e-01, 7.29118771733070163644670346626315407173e+00, 3.23566795909625075222735448307062225201e-01, -5.1115707728722884e+00, 5.8411994089693904e+00
0.13900000, 2.78810826738822694924939457312140100177e-01, -3.23874065160755956968128601676586115461e+00, 3.98549455143862682525117269943484043424e+00, 6.06008457030589572385826362717648518880e-01, 7.29033434245645449436640447623511657533e+00, 3.24820161816318985678943534175442675043e-01, -5.1285596262669966e+00, 5.8414752871033368e+00
0.14000000, 2.79688116081632080927733074377378874341e-01, -3.23779579676159621686428062876232405127e+00, 3.98547375446536412343161173455774439950e+00, 6.10248115779208980595391473216385128105e-01, 7.28948340619949281762445428849250004637e+00, 3.26073144741101759450128984698735490623e-01, -5.1457581892800769e+00, 5.8417003826175168e+00
0.14100000, 2.80565522271873958917679328867055945243e-01, -3.23685326754450143472708124182348531119e+00, 3.98545387532081460743932032371747009509e+00, 6.14486708657270610807843637729634565363e-01, 7.28863486969250229569861771609496717561e+00, 3.27325730281397445776987529102892516248e-01, -5.1631659029714361e+00, 5.8418741853999700e+00
0.14200000, 2.81443030247740461702528123184109842877e-01, -3.23591302427740316973695784092359495007e+00, 3.98543491133618832953954990832568419484e+00, 6.18724241663331595053774596989425099423e-01, 7.28778869443701572789672736314435143939e+00, 3.28577904596616613833526294259648101678e-01, -5.1807822309122648e+00, 5.8419961598482787e+00
0.14300000, 2.82320625553678834157785938817155323681e-01, -3.23497502767161313633869120801479407704e+00, 3.98541685979904849671880161124412166779e+00, 6.22960720653624196948317395024762077099e-01, 7.28694484230272339502204468754821057908e+00, 3.29829654392801227475118648313340757068e-01, -5.1986066587393897e+00, 5.8420657454575140e+00
0.14400000, 2.83198294323832199517970726529199154223e-01, -3.23403923882797605250153754513045376251e+00, 3.98539971795214287278097323854383534968e+00, 6.27196151344782704948577609845671152760e-01, 7.28610327552658221554322678528668999432e+00, 3.31080966907657393321849326827199645791e-01, -5.2166386937135758e+00, 5.8420823573796801e+00
0.14500000, 2.84076023265897552866658866226681487770e-01, -3.23310561923600309314353621772156284769e+00, 3.98538348299229438871096493280398667077e+00, 6.31430539316521167871608083615225783069e-01, 7.28526395671173593999218459113298895689e+00, 3.32331829895967592842740072719632128417e-01, -5.2348778642820441e+00, 5.8420453869558098e+00
0.14600000, 2.84953799645391916483053212775697758281e-01, -3.23217413077280259822480619031206957749e+00, 3.98536815206934859941866349369789852303e+00, 6.35663890014262449299569740795231499656e-01, 7.28442684882625805311753784572474102572e+00, 3.33582231615374086928009570267275216980e-01, -5.2533237196454309e+00, 5.8419542022218172e+00
0.14700000, 2.85831611270317681890880710812041871005e-01, -3.23124473570182045253303336599998111877e+00, 3.98535372228517571036677600832782038879e+00, 6.39896208751719099985861672485969124411e-01, 7.28359191520172849460800532470344308215e+00, 3.34832160812525267575647927673087129600e-01, -5.2719758293293906e+00, 5.8418081483891697e+00
0.14800000, 2.86709446476218261995170770822444737410e-01, -3.23031739667140196145509193940496633338e+00, 3.98534019069272498009644536978327003099e+00, 6.44127500713426567478260988314969044006e-01, 7.28275911953165477495909423789973120353e+00, 3.36081606709576824837874276643742036746e-01, -5.2908337827610084e+00, 5.8416065483013988e+00
0.14900000, 2.87587294111615282621353495117624040649e-01, -3.22939207671318648026097588122439269590e+00, 3.98532755429512938437600186364003771251e+00, 6.48357770957229280053398964343427504891e-01, 7.28192842586974755230888953272104159532e+00, 3.37330558991039697207910129030301065865e-01, -5.3098971888501638e+00, 5.8413487028674286e+00
0.15000000, 2.88465143523818655201749783082707925671e-01, -3.22846873924034551257604679981838547006e+00, 3.98531581004485850469094747605908234241e+00, 6.52587024416720157862366391786641916522e-01, 7.28109979862806024786652272240373969272e+00, 3.38579007790966879381157793282884371980e-01, -5.3291656755759643e+00, 5.8410338914726607e+00
0.15100000, 2.89342984545100990469435166630341420372e-01, -3.22754734804567447577487836698710855719e+00, 3.98530495484291767814682274047084122410e+00, 6.56815265903634118061842735685255238261e-01, 7.28027320257500181098279092328279566127e+00, 3.39826943680471272063646732681900371820e-01, -5.3486388895783402e+00, 5.8406613723687153e+00
0.15200000, 2.90220807479227936066253170318497383430e-01, -3.22662786729954783601809006978718069227e+00, 3.98529498553809151764942947698645408458e+00, 6.61042500110196152782172293360943214523e-01, 7.27944860283323129907981374274337739893e+00, 3.41074357655566873549536713726320705729e-01, -5.3683164957548763e+00, 5.8402303830426928e+00
0.15300000, 2.91098603088336148258568945361558788231e-01, -3.22571026154774684262914470256969434665e+00, 3.98528589892622998053627044150336767587e+00, 6.65268731611424569188398302976329251012e-01, 7.27862596487744251170931343512661701064e+00, 3.42321241125325731528177395717864334471e-01, -5.3881981768629316e+00, 5.8397401405667835e+00
0.15400000, 2.91976362580150738845603715380254037582e-01, -3.22479449570916863956058655029147623765e+00, 3.98527769174957523073503131877081864117e+00, 6.69493964867389989739862433678868209119e-01, 7.27780525453204651112078505410619773613e+00, 3.43567585900343195440100898564118096083e-01, -5.4082836331270861e+00, 5.8391898419290189e+00
0.15500000, 2.92854077595534172257589276193301125222e-01, -3.22388053507342509995039311994656305036e+00, 3.98527036069612760409410646937916904711e+00, 6.73718204225430718158799164894250508904e-01, 7.27698643796875947309466811012561949831e+00, 3.44813384181504134157899222389059872079e-01, -5.4285725818519322e+00, 5.8385786643459264e+00
0.15600000, 2.93731740196358724239826891357751928580e-01, -3.22296834529833931737252230742242250870e+00, 3.98526390239904904883973421160859148434e+00, 6.77941453922325082681811432442542968376e-01, 7.27616948170410294066376125938371457501e+00, 3.46058628549042910343533715267021015971e-01, -5.4490647570402183e+00, 5.8379057655578143e+00
0.15700000, 2.94609342853694751914434782679472529128e-01, -3.22205789240734729352599214723495030623e+00, 3.98525831343610247323591371994483038911e+00, 6.82163718086421372987208238268336233387e-01, 7.27535435259682319896901123835768435881e+00, 3.47303311951890031090209497406683578349e-01, -5.4697599090163359e+00, 5.8371702841073881e+00
0.15800000, 2.95486878436307164956399406227902130193e-01, -3.22114914278681198599899465244838420832e+00, 3.98525359032912549052700196577624465563e+00, 6.86385000739725990856891273762814355506e-01, 7.27454101784523615116165052739890916295e+00, 3.48547427697298523994211087966757622021e-01, -5.4906578040551298e+00, 5.8363713396023663e+00
0.15900000, 2.96364340199452628705625019679216208231e-01, -3.22024206318325652063338773096959753066e+00, 3.98524972954353710719719785628783744171e+00, 6.90605305799950437229099487678579275820e-01, 7.27372944498450375228769995713765236219e+00, 3.49790969440743218254704038878576951968e-01, -5.5117582240160017e+00, 5.8355080329627353e+00
0.16000000, 2.97241721773970171889136919415836056009e-01, -3.21933662070052303017414981024031102629e+00, 3.98524672748787595455282853620942207212e+00, 6.94824637082517759907826942013616808105e-01, 7.27291960188384774981469233687226499995e+00, 3.51033931176086241434556145135016485585e-01, -5.5330609659822647e+00, 5.8345794466532606e+00
0.16100000, 2.98119017155658013907950541156620512146e-01, -3.21843278279686325361991259525066692669e+00, 3.98524458051336871568761013742990335749e+00, 6.99042998302529086891072053539886001060e-01, 7.27211145674370618525134860387321437461e+00, 3.52276307226002173829862286183574671175e-01, -5.5545658419057000e+00, 5.8335846449018396e+00
0.16200000, 2.98996220694929569042810033902767349245e-01, -3.21753051728196671832377579572093982743e+00, 3.98524328491352745009133387021425283687e+00, 7.03260393076690870133489055623143590272e-01, 7.27130497809283783056099215875895541302e+00, 3.53518092232656433715037642858439053096e-01, -5.5762726782562563e+00, 5.8325226739042597e+00
0.16300000, 2.99873327086741727172098780653838196644e-01, -3.21662979231393202878408868419976036714e+00, 3.98524283692377456657051620379985952983e+00, 7.07476824925203463635292439833422906718e-01, 7.27050013478537946519502726815370836318e+00, 3.54759281148630597804801945424477382518e-01, -5.5981813156768272e+00, 5.8313925620159023e+00
0.16400000, 3.00750331360788652420303812660808742047e-01, -3.21573057639618650159434511592435753382e+00, 3.98524323272109424182555431841038715350e+00, 7.11692297273611658110038406237427651045e-01, 7.26969689599786064401355831534637738163e+00, 3.55999869228088491878671146367017313118e-01, -5.6202916086430348e+00, 5.8301933199309071e+00
0.16500000, 3.01627228871954482337561975109108308593e-01, -3.21483283837435911459630602816458349848e+00, 3.98524446842370912703127450578576492349e+00, 7.15906813454617792186879011382579395021e-01, 7.26889523122618036257858230710302390458e+00, 3.57239852018177016444298152840504849615e-01, -5.6426034251279398e+00, 5.8289239408492917e+00
0.16600000, 3.02504015291018450543775714663118341943e-01, -3.21393654743311147933158354038180466387e+00, 3.98524654009078122815321700261119435229e+00, 7.20120376709858057202074034818388936446e-01, 7.26809511028254979378546524807497896841e+00, 3.58479225350655801390123107648055457271e-01, -5.6651166462715972e+00, 5.8275834006325004e+00
0.16700000, 3.03380686595606095069247103169435946796e-01, -3.21304167309293129886815358849473760811e+00, 3.98524944372213588755568272393120330966e+00, 7.24332990191642609180507671618983772494e-01, 7.26729650329240504804611510542205527022e+00, 3.59717985333749911631079917474312572927e-01, -5.6878311660553675e+00, 5.8261706579478330e+00
0.16800000, 3.04257239061380352721762544379825079508e-01, -3.21214818520689253746608114675569079893e+00, 3.98525317525800783477296347614455068078e+00, 7.28544656964660097647991448836514353472e-01, 7.26649938069129369777834244155793316405e+00, 3.60956128344219952636698144499077321051e-01, -5.7107468909808931e+00, 5.8246846544021894e+00
0.16900000, 3.05133669253466476559434176168037283998e-01, -3.21125605395738630383933592710276891816e+00, 3.98525773057880831317416911635374170742e+00, 7.32755380007647216493481369522060968043e-01, 7.26570371322173860533603526466229924768e+00, 3.62193651019644050317996602491773117543e-01, -5.7338637397536429e+00, 5.8231243146655434e+00
0.17000000, 3.06009974018104848817691211290001595794e-01, -3.21036524985282623548708196000099428146e+00, 3.98526310550491232670495337577744322846e+00, 7.36965162215023877258361709484803516389e-01, 7.26490947193008240129866602140765848980e+00, 3.63430550250906303922014507769452560628e-01, -5.7571816429709283e+00, 5.8214885465845427e+00
0.17100000, 3.06886150474525895311107109181308104924e-01, -3.20947574372433196724755518788742502209e+00, 3.98526929579646508698497170413176817900e+00, 7.41174006398494600006314838393477824310e-01, 7.26411662816331577680931539309130025476e+00, 3.64666823174886433238201532480693277111e-01, -5.7807005428142866e+00, 5.8197762412866166e+00
0.17200000, 3.07762196007041439303707703014525306593e-01, -3.20858750672239407242934297625268425647e+00, 3.98527629715320677582530233474597220185e+00, 7.45381915288616711358133364465892984263e-01, 7.26332515356589257900849719032783879590e+00, 3.65902467167345462469249215763356760113e-01, -5.8044203927461310e+00, 5.8179862732749533e+00
0.17300000, 3.08638108257346963025348356456603899731e-01, -3.20770051031352367917599099918307573598e+00, 3.98528410521431477175105530938071817204e+00, 7.49588891536335933394881866181732343431e-01, 7.26253502007653453217422986407194918448e+00, 3.67137479836002402481874974793556526379e-01, -5.8283411572105590e+00, 5.8161175005146955e+00
0.17400000, 3.09513885117029373328813845318319992095e-01, -3.20681472627688978771581432087202444101e+00, 3.98529271555826252141525172722413760286e+00, 7.53794937714489940971585855935521455916e-01, 7.26174619992502824858097238468409254136e+00, 3.68371859013797010762739125492667481921e-01, -5.8524628113382138e+00, 5.8141687645106883e+00
0.17500000, 3.10389524720274994365483505273589330054e-01, -3.20593012670094714545229895519747373360e+00, 3.98530212370269426791361717054423337155e+00, 7.58000056319280458571518257337351002201e-01, 7.26095866562901704198086234523066303850e+00, 3.69605602752333824202983231242570435552e-01, -5.8767853406550892e+00, 5.8121388903770962e+00
0.17600000, 3.11265025436772634549687149524178408657e-01, -3.20504668398005737609088030189953666430e+00, 3.98531232510431487799764499519367818339e+00, 7.62204249771714461195596904279255096593e-01, 7.26017238999078991265487072333194837615e+00, 3.70838709315502773772646086172414729052e-01, -5.9013087407951685e+00, 5.8100266868991962e+00
0.17700000, 3.12140385864806697435368572887769933574e-01, -3.20416437081110590582046596920829529754e+00, 3.98532331515879403907523290009374546497e+00, 7.66407520419015036947974636477783246678e-01, 7.25938734609406993585820337311626684731e+00, 3.72071177173271802182441412043987523166e-01, -5.9260330172167873e+00, 5.8078309465876374e+00
0.17800000, 3.13015604824535426403863596731681967076e-01, -3.20328316019011708363344394116402859970e+00, 3.98533508920068412472314059521804543196e+00, 7.70609870536002461971429887926857225029e-01, 7.25860350730080415488661095656238423235e+00, 3.73303004995647015731556461883906068610e-01, -5.9509581849226092e+00, 5.8055504457254473e+00
0.17900000, 3.13890681351449491226643994476356903113e-01, -3.20240302540886975385139825170061742842e+00, 3.98534764250335105425092777669335315300e+00, 7.74811302326446031226849319188794336212e-01, 7.25782084724795695562462656240699012366e+00, 3.74534191646796009679588470758183943333e-01, -5.9760842681831021e+00, 5.8031839444080514e+00
0.18000000, 3.14765614690006240596938321472002417255e-01, -3.20152394005151540651476572433762087265e+00, 3.98536097027891749768812481388417743629e+00, 7.79011817924387181320599918538902429440e-01, 7.25703933984430878102233339458478825846e+00, 3.75764736179330112638066111605354812642e-01, -6.0014113002634057e+00, 5.8007301865765628e+00
0.18100000, 3.15640404287435058600771423090590387419e-01, -3.20064587799120090519616112520112321239e+00, 3.98537506767821780245015771453024667946e+00, 7.83211419395434434181140956612429944277e-01, 7.25625895926726193121553811004661096521e+00, 3.76994637828741399637500690027442621933e-01, -6.0269393231534760e+00, 5.7981879000445855e+00
0.18200000, 3.16515049787709374808550843807732312212e-01, -3.19976881338669767172499861151147489254e+00, 3.98538992979076404190780216926156456368e+00, 7.87410108738030682889699616546195842620e-01, 7.25547967995965508769841087180633187185e+00, 3.78223896007990425680067861580508016666e-01, -6.0526683873013981e+00, 5.7955557965187666e+00
0.18300000, 3.17389551025680987205560100854212237211e-01, -3.19889272067903909299370297135917277270e+00, 3.98540555164472260917233517052470035303e+00, 7.91607887884693333395833212510501813981e-01, 7.25470147662658809783224170061182546565e+00, 3.79452510302240731731051544275419546313e-01, -6.0785985513497541e+00, 5.7928325716133210e+00
0.18400000, 3.18263908021372464541105497852032597354e-01, -3.19801757458816780619350814274120013903e+00, 3.98542192820690080164562546201108484969e+00, 7.95804758703227808212640895291713159117e-01, 7.25392432423225845879424180746240259326e+00, 3.80680480463736273233593280438489212396e-01, -6.1047298818749366e+00, 5.7900169048587440e+00
0.18500000, 3.19138120974423499863486041457441434821e-01, -3.19714335010959441525227095714672454072e+00, 3.98543905438274286330161024057091414558e+00, 8.00000722997914910502567532631644541459e-01, 7.25314819799681084761191812932750114437e+00, 3.81907806406818017354474904956651233541e-01, -6.1310624531292974e+00, 5.7871074597049157e+00
0.18600000, 3.20012190258687190027253033535805679420e-01, -3.19627002251106909268050614582763202831e+00, 3.98545692501633497229234816850105762187e+00, 8.04195782510672539246413819763942764704e-01, 7.25237307339320095597700382210846954735e+00, 3.83134488203076049290526255323232721212e-01, -6.1575963467860217e+00, 5.7841028835187962e+00
0.18700000, 3.20886116416972316819808355710185418666e-01, -3.19539756732926742724806500385318440911e+00, 3.98547553489041868133650209634925379277e+00, 8.08389938922192238447599324443937685341e-01, 7.25159892614407480488325511443895020310e+00, 3.84360526076633620095868759152679547721e-01, -6.1843316516866190e+00, 5.7810018075768967e+00
0.18800000, 3.21759900155927804068888849512164616350e-01, -3.19452596036649178869564884528634222932e+00, 3.98549487872641233747808619801258554852e+00, 8.12583193853051055572267896947996569729e-01, 7.25082573221866463458872239385599604539e+00, 3.85585920399559658642507786084773361211e-01, -6.2112684635909229e+00, 5.7778028470527100e+00
0.18900000, 3.22633542341065621676421196579956864337e-01, -3.19365517768738939582537835036043245264e+00, 3.98551495118444002622505296335088223819e+00, 8.16775548864799176673963074403333157351e-01, 7.25005346782970238977815665631577652970e+00, 3.86810671687406358516257718310146756170e-01, -6.2384068849294920e+00, 5.7745046009992705e+00
0.19000000, 3.23507043991918501995720353357236322084e-01, -3.19278519561568819361482267536032642398e+00, 3.98553574686336760281631194216874765666e+00, 8.20967005461023797909010837285227071293e-01, 7.24928210943035174791612271924966698532e+00, 3.88034780594868536894397459769329201940e-01, -6.2657470245583068e+00, 5.7711056523270095e+00
0.19100000, 3.24380406277328926348469920158024226600e-01, -3.19191599073095156826990633962535572452e+00, 3.98555726030084539044668519960507453399e+00, 8.25157565088389685424345876891001611410e-01, 7.24851163371115957046521515116502574843e+00, 3.89258247911561546770622261908192579269e-01, -6.2932889975156550e+00, 5.7676045677770653e+00
0.19200000, 3.25253630510865929787845244775944927394e-01, -3.19104753986535285619304306474014232259e+00, 3.98557948597335714172586885532363615842e+00, 8.29347229137656867901512214781004972474e-01, 7.24774201759702759173318024160405061440e+00, 3.90481074557914606308399998322216063660e-01, -6.3210329247811036e+00, 5.7639998978901966e+00
0.19300000, 3.26126718146366360478819004308872973678e-01, -3.19017982010047053352082201966823186797e+00, 3.98560241829627487548260283625756473971e+00, 8.33535998944675898376500569721814176102e-01, 7.24697323824420509845168647188035318736e+00, 3.91703261581176489638972291167277081481e-01, -6.3489789330364523e+00, 5.7602901769714484e+00
0.19400000, 3.26999670773597316312025297354142205288e-01, -3.18931280876410490701541409444106164541e+00, 3.98562605162391921627105907623514036844e+00, 8.37723875791361114331870692407837778867e-01, 7.24620527303730329462886886276776219449e+00, 3.92924810151530602099580414261208827973e-01, -6.3771271544285664e+00, 5.7564739230507053e+00
0.19500000, 3.27872490114036565620853933659205540325e-01, -3.18844648342711706451775187952770903647e+00, 3.98565038024962487861426585466040927163e+00, 8.41910860906642317481580480060614327822e-01, 7.24543809958633199061517005331224866665e+00, 3.94145721558316539756882004541549713266e-01, -6.4054777263339893e+00, 5.7525496378392677e+00
0.19600000, 3.28745178016767841161220823460633652486e-01, -3.18758082190029078373768059429887526518e+00, 3.98567539840581095214976007449938594155e+00, 8.46096955467395287145891949323479197413e-01, 7.24467169572375920254135086965666983130e+00, 3.95365997206355308106854066035546732353e-01, -6.4340307911252319e+00, 5.7485158066825786e+00
0.19700000, 3.29617736454487976869280481189750830399e-01, -3.18671580223121804172261932503993552502e+00, 3.98570110026405565744543616569191830173e+00, 8.50282160599351533648922477106589093017e-01, 7.24390603950159419819887089909536882365e+00, 3.96585638612375448113553561669255161150e-01, -6.4627864959386428e+00, 5.7443708985092219e+00
0.19800000, 3.30490167519622935364673030148358679593e-01, -3.18585140270120871377418573576920167472e+00, 3.98572747993517525534786975273808085888e+00, 8.54466477377987690769654955540225746022e-01, 7.24314110918849447791199038995620780300e+00, 3.97804647401537389273499659644562505188e-01, -6.4917449924437592e+00, 5.7401133657763098e+00
0.19900000, 3.31362473420549850746941893891002746991e-01, -3.18498760182222499974024525214395714491e+00, 3.98575453146930680532968380145093383004e+00, 8.58649906829394938942861925997131729304e-01, 7.24237688326689713387932714042725375281e+00, 3.99023025304053419199362559331266794852e-01, -6.5209064366140425e+00, 5.7357416444113731e+00
0.20000000, 3.32234656477922285972351296864645528868e-01, -3.18412437833384106737234824534949240409e+00, 3.98578224885599448043458338100682914097e+00, 8.62832449931128843643367196491533258572e-01, 7.24161334043017498872694210264277776596e+00, 4.00240774151900727335828104852276729927e-01, -6.5502709884989032e+00, 5.7312541537508592e+00
0.20100000, 3.33106719121095977029807842176249381450e-01, -3.18326171120022835668553554186532525982e+00, 3.98581062602427915809566502371169046489e+00, 8.67014107613039986198903679223697276685e-01, 7.24085045957981787350713397236354105290e+00, 4.01457895875625046882108299083922786966e-01, -6.5798388119969202e+00, 5.7266492964753443e+00
0.20200000, 3.33978663884652407290673302122668124224e-01, -3.18239957960716694587441387547656974840e+00, 3.98583965684279101734104637837416589082e+00, 8.71194880758085757166702643410764958023e-01, 7.24008821982263936699366235275876849377e+00, 4.02674392501232483830059282456223434669e-01, -6.6096100746301616e+00, 5.7219254585415564e+00
0.20300000, 3.34850493405017624820964894025546769185e-01, -3.18153796295908333821675190428635760684e+00, 3.98586933511984488371670706014628472949e+00, 8.75374770203123675379700532476503163858e-01, 7.23932660046800928176639964070998017610e+00, 4.03890266147167185264956407821623258094e-01, -6.6395849473195133e+00, 5.7170810091113054e+00
0.20400000, 3.35722210417173783148995690772397560731e-01, -3.18067684087611499042905297993283279042e+00, 3.98589965460353807366505576524747230828e+00, 8.79553776739686588822389770090386049707e-01, 7.23856558102511214815217817259588214327e+00, 4.05105519021372560748518253802055270721e-01, -6.6697636041609267e+00, 5.7121143004774111e+00
0.20500000, 3.36593817751460952010252364527543596699e-01, -3.17981619319120186602773988883054453463e+00, 3.98593060898185050011396314662580786921e+00, 8.83731901114740106636087307424796828667e-01, 7.23780514120023191450383496902996070169e+00, 4.06320153418433830741703398047129798266e-01, -6.7001462222024923e+00, 5.7070236679867163e+00
0.20600000, 3.37465318330466808977626150791292671110e-01, -3.17895599994720526229933615866244792514e+00, 3.98596219188274681066911313675423452778e+00, 8.87909144031422604780689739848121937979e-01, 7.23704526089406305147019567266919993425e+00, 4.07534171716799734659072636427817205370e-01, -6.7307329812222531e+00, 5.7018074299602706e+00
0.20700000, 3.38336715166001885662368794504134554504e-01, -3.17809624139405412640222602985325066374e+00, 3.98599439687428033907630178541427891104e+00, 8.92085506149768141196509151828984330021e-01, 7.23628592019904821875388615260706932289e+00, 4.08747576376081288308013351002110172012e-01, -6.7615240635066672e+00, 5.6964638876107631e+00
0.20800000, 3.39208011356158103372616911714120049551e-01, -3.17723689798591904482418919351617966564e+00, 3.98602721746469865954303073051550524858e+00, 8.96260988087412609716981457870603187837e-01, 7.23552709939674262529301663218999222919e+00, 4.09960369934425536185656750295973877397e-01, -6.7925196536296354e+00, 5.6909913249572837e+00
0.20900000, 3.40079210082448392775154286712937214852e-01, -3.17637795037841406082081381195965297993e+00, 3.98606064710255054209320218595134302255e+00, 9.00435590420283455482127068184133944558e-01, 7.23476877895520518776208380698978026540e+00, 4.11172555005962298414524943324374992991e-01, -6.8237199382320047e+00, 5.6853880087374871e+00
0.21000000, 3.40950314607025250255210688056619209414e-01, -3.17551937942582644648070361365563552136e+00, 3.98609467917679411538726236961562830333e+00, 9.04609313683273268194632166328884430896e-01, 7.23401093952641656769539120919507662742e+00, 4.12384134278321965025268546522610802201e-01, -6.8551251058014655e+00, 5.6796521883172299e+00
0.21100000, 3.41821328269976140341241351670877569987e-01, -3.17466116617837452962829160237305247151e+00, 3.98612930701690605138465404772644066076e+00, 9.08782158370897563246124133312848809837e-01, 7.23325356194372414432463156072271047614e+00, 4.13595110510222441871505371343257790055e-01, -6.8867353464527571e+00, 5.6737820955977516e+00
0.21200000, 3.42692254486693708789231531852139313705e-01, -3.17380329187949365081164287898421348443e+00, 3.98616452389299159386739048408069958014e+00, 9.12954124937937054521273304294988075211e-01, 7.23249662721931395832582210741989740879e+00, 4.14805486529123402717683095908684559413e-01, -6.9185508517080990e+00, 5.6677759449204643e+00
0.21300000, 3.43563096745318824736252331435388995158e-01, -3.17294573796315030206171810146702468427e+00, 3.98620032301589526019400269038692085925e+00, 9.17125213800064716562235078524559913562e-01, 7.23174011654170964102729291711606894215e+00, 4.16015265228946051005696195515853680018e-01, -6.9505718142777654e+00, 5.6616319329694158e+00
0.21400000, 3.44433858604254522767540947336155116762e-01, -3.17208848605118447688513489443679792449e+00, 3.98623669753731205272269036614729378752e+00, 9.21295425334457927745966508919220925913e-01, 7.23098401127329832418046819762065441406e+00, 4.17224449567856642508990308585014857883e-01, -6.9827984278407224e+00, 5.6553482386714870e+00
0.21500000, 3.45304543689748966826702421603050896713e-01, -3.17123151795068024000143774093553618412e+00, 3.98627364054989902314149019575270240699e+00, 9.25464759880395980192281675818641900679e-01, 7.23022829294788350708200685157679124866e+00, 4.18433042566112066553029344466875898533e-01, -7.0152308868252470e+00, 5.6489230230943833e+00
0.21600000, 3.46175155693545607665746291529582795836e-01, -3.17037481565136450559803852297130495019e+00, 3.98631114508738703948155791805323346110e+00, 9.29633217739843236281189615960127184343e-01, 7.22947294326826484060530128181083098611e+00, 4.19641047303965828746847076922333808539e-01, -7.0478693861894489e+00, 5.6423544293424769e+00
0.21700000, 3.47045698370598754011177066279789099386e-01, -3.16951836132303399429380440904376074212e+00, 3.98634920412469261187677955160981114788e+00, 9.33800799178018205914004006651099607548e-01, 7.22871794410384477149964421259587402944e+00, 4.20848466919632822260123151099812502787e-01, -7.0807141212016165e+00, 5.6356405824505545e+00
0.21800000, 3.47916175536852824844411673626376863594e-01, -3.16866213731301032152082405934865868046e+00, 3.98638781057802963917807399873517116446e+00, 9.37967504423948813003728751455279227783e-01, 7.22796327748826197509717442824944402861e+00, 4.22055304607311317621566691806954586733e-01, -7.1137652872203083e+00, 5.6287795892755249e+00
0.21900000, 3.48786591067083596189105574533923430329e-01, -3.16780612614362315360073057478556087426e+00, 3.98642695730502094434278289654186936329e+00, 9.42133333671014114126007352703113768805e-01, 7.22720892561705149028385261892519570544e+00, 4.23261563615260642834684131487332083017e-01, -7.1470230794741145e+00, 5.6217695383861356e+00
0.22000000, 3.49656948892799800593770035835253745713e-01, -3.16695031050972135235701969703987356726e+00, 3.98646663710480947210700219711454949335e+00, 9.46298287077472726802079773361359430084e-01, 7.22645487084533145719618297629618052112e+00, 4.24467247243933066333136362969594482599e-01, -7.1804876928410108e+00, 5.6146084999507503e+00
0.22100000, 3.50527253000203481124114475207345560095e-01, -3.16609467327621201462025425061064834785e+00, 3.98650684271816902781982246478124345600e+00, 9.50462364766978219519233455464854450736e-01, 7.22570109568551634555721042996375887861e+00, 4.25672358844158434956288536981408190957e-01, -7.2141593216272295e+00, 5.6072945256232339e+00
0.22200000, 3.51397507428207544164119003872742032868e-01, -3.16523919747562729940322986379454645585e+00, 3.98654756682761444148114208232879197062e+00, 9.54625566829081710321599414240406911805e-01, 7.22494758280505654982246235760826536436e+00, 4.26876901815380157742200027014149234148e-01, -7.2480381593455732e+00, 5.5998256484269909e+00
0.22300000, 3.52267716266508996695705329926310259598e-01, -3.16438386630571892280449471515314190984e+00, 3.98658880205751104598664287939359418848e+00, 9.58787893319721915624189905975625823261e-01, 7.22419431502420421632980413871182525215e+00, 4.28080879603941163935703571334493813202e-01, -7.2821243984930972e+00, 5.5921998826372031e+00
0.22400000, 3.53137883653716394011297782744565748661e-01, -3.16352866312708018879944033282051538366e+00, 3.98663054097418336335203751883105706782e+00, 9.62949344261702885815093411927452422667e-01, 7.22344127531380515739925559391114819130e+00, 4.29284295701418500218422665821254270266e-01, -7.3164182303280852e+00, 5.5844152236613101e+00
0.22500000, 3.54008013775530063038311160827163367121e-01, -3.16267357146079541295876702569728988062e+00, 3.98667277608602289727091163192145369539e+00, 9.67109919645159659213966220441824149958e-01, 7.22268844679311669777398471024676260526e+00, 4.30487153643005267810142541523662905471e-01, -7.3509198446462486e+00, 5.5764696479177731e+00
0.22600000, 3.54878110862973704645917989440046837235e-01, -3.16181857498611658575653075927252768380e+00, 3.98671549984359493476323308818961523167e+00, 9.71269619428012061048562259334257029527e-01, 7.22193581272765128989789359217453238329e+00, 4.31689457005938634790974049696209313650e-01, -7.3856294295560734e+00, 5.5683611127131649e+00
0.22700000, 3.55748179190676015488071056333520160201e-01, -3.16096365753816711245797100779874642594e+00, 3.98675870463974426390147968927507468114e+00, 9.75428443536406869294147722093118148568e-01, 7.22118335652704572625592708125714352966e+00, 4.32891209407972692774845663815759492183e-01, -7.4205471712532460e+00, 5.5600875561176248e+00
0.22800000, 3.56618223075201006137910296257700865357e-01, -3.16010880310567245757631578787702289517e+00, 3.98680238280969971866469957301601865728e+00, 9.79586391865148564492332209063224450574e-01, 7.22043106174295576932943561934516851376e+00, 4.34092414505894959950163157732955795790e-01, -7.4556732537940848e+00, 5.5516468968387164e+00
0.22900000, 3.57488246873425727512075073009285704578e-01, -3.15925399582871751352474354753458909237e+00, 3.98684652663117746587378973730208612876e+00, 9.83743464278118876025150003551488371059e-01, 7.21967891206697601261099394569929320356e+00, 4.35293075994085364515648988851385193139e-01, -7.4910078588679071e+00, 5.5430370340937276e+00
0.23000000, 3.58358254980964151893270070792837332466e-01, -3.15839921999653050533313304930067302688e+00, 3.98689112832448295290975915081295108143e+00, 9.87899660608685332766143127421540421277e-01, 7.21892689132858477955275063901035996251e+00, 4.36493197603116573700598299001643194226e-01, -7.5265511655682620e+00, 5.5342558474804472e+00
0.23100000, 3.59228251830635988259381405177776660910e-01, -3.15754446004529323611906452265824551838e+00, 3.98693618005261143851642151701752856747e+00, 9.92054980660099021561698363043863578984e-01, 7.21817498349311386126268564213990421772e+00, 4.37692783098394563890776984077100938504e-01, -7.5623033501629586e+00, 5.5253011968464553e+00
0.23200000, 3.60098241890979244140687754832380495774e-01, -3.15668970055597747137002843662483827250e+00, 3.98698167392134703244532004422979815714e+00, 9.96209424205881752611910620471217493688e-01, 7.21742317265974288818834204702934259501e+00, 4.38891836278838356905180662679130795005e-01, -7.5982645858628198e+00, 5.5161709221569619e+00
0.23300000, 3.60968229664805377875933928045427383368e-01, -3.15583492625220725398153908237953585308e+00, 3.98702760197936017301900469126087306998e+00, 1.00036299099020282651969624671622948062e+00, 7.21667144305951812591311069417583379561e+00, 4.40090360975597876205646343071427756461e-01, -7.6344350425890944e+00, 5.5068628433612271e+00
0.23400000, 3.61838219687795915945406208723816239171e-01, -3.15498012199814693637767384390745037813e+00, 3.98707395621830347487415163741730067229e+00, 1.00451568072824559355865100848682199075e+00, 7.21591977905339548051254278386690902502e+00, 4.41288361050808904791173629472747155030e-01, -7.6708148867394567e+00, 5.4973747602575965e+00
0.23500000, 3.62708216527139440046349991996850427991e-01, -3.15412527279641471089149322489585113656e+00, 3.98712072857290588220334062064708343298e+00, 1.00866749310656399157310798494237213471e+00, 7.21516816513030749465508268470030557959e+00, 4.42485840396384153751624303848635790959e-01, -7.7074042809525273e+00, 5.4877044523571850e+00
0.23600000, 3.63578224780207877764290811302812616114e-01, -3.15327036378602141487900841320858675132e+00, 3.98716791092106506574831555544124923145e+00, 1.01281842778342924486685334345522293022e+00, 7.21441658590525411176171309215156129888e+00, 4.43682802932839476950630448863064764892e-01, -7.7442033838708460e+00, 5.4778496787462392e+00
0.23700000, 3.64448249073271059103766038773169798188e-01, -3.15241538024033438275910796595575672365e+00, 3.98721549508393800461280298430578722594e+00, 1.01696848438916690245884185330707765171e+00, 7.21366502611741698204193097942867026033e+00, 4.44879252608154293094007312260475675242e-01, -7.7812123499022300e+00, 5.4678081779472109e+00
0.23800000, 3.65318294060248528793874526549533754640e-01, -3.15156030756506611329142864903555713542e+00, 3.98726347282602969666384138821499787426e+00, 1.02111766252648439018384645221316582077e+00, 7.21291347062829708107980556109660022394e+00, 4.46075193396665301536252043037061769569e-01, -7.8184313289794492e+00, 5.4575776677785728e+00
0.23900000, 3.66188364421497631197661948771888835675e-01, -3.15070513129628751690384673972079708704e+00, 3.98731183585527994388131257505730042870e+00, 1.02526596177078924729209546130920279118e+00, 7.21216190441987540883508382419132635124e+00, 4.47270629297992602601892392393306828691e-01, -7.8558604663181527e+00, 5.4471558452134048e+00
0.24000000, 3.67058464862636910848972509558378223307e-01, -3.14984983709846550474131367946905250830e+00, 3.98736057582314816150004087886618307385e+00, 1.02941338167049821445340832888516742362e+00, 7.21141031259279653443273499306615037510e+00, 4.48465564335997356968180936048712680222e-01, -7.8934999021729788e+00, 5.4365403862367822e+00
0.24100000, 3.67928600113403897134847095825360146917e-01, -3.14899441076252467830930930223909718147e+00, 3.98740968432469616217136509964104372460e+00, 1.03355992174733733639694217304103425939e+00, 7.21065868036457474992310910311632234474e+00, 4.49660002557770141788138744630425287041e-01, -7.9313497715917822e+00, 5.4257289457019950e+00
0.24200000, 3.68798774926546366454217356504397515006e-01, -3.14813883820393287611024895212796135955e+00, 3.98745915289866886865527747985889802627e+00, 1.03770558149663323881620974284162794453e+00, 7.20990699306782259428795323912089794291e+00, 4.50853948032649183745050841895543275469e-01, -7.9694102041679122e+00, 5.4147191571856258e+00
0.24300000, 3.69668994076746199332474833793310412795e-01, -3.14728310546081033150259753389099007097e+00, 3.98750897302757291074371132258176678174e+00, 1.04185036038759573563932603389757008686e+00, 7.20915523614850150732955366378475562901e+00, 4.52047404851267671137609064453612999063e-01, -8.0076813237904759e+00, 5.4035086328415169e+00
0.24400000, 3.70539262359574973473988718148893752962e-01, -3.14642719869206219413384478948505589662e+00, 3.98755913613775306421385914492308442334e+00, 1.04599425786359191930528701206683273664e+00, 7.20840339516419437169663653104294564227e+00, 4.53240377124629368414989650823324630574e-01, -8.0461632483925191e+00, 5.3920949632536534e+00
0.24500000, 3.71409584590480456607881577788756809833e-01, -3.14557110417553416569426846347962220019e+00, 3.98760963359946649162090362828355833939e+00, 1.05013727334241188329728253480859392429e+00, 7.20765145578239970015742758784914753884e+00, 4.54432868983211777328852566304012635692e-01, -8.0848560896970609e+00, 5.3804757172879906e+00
0.24600000, 3.72279965603803185243005787038430020040e-01, -3.14471480830619099939366413767648607074e+00, 3.98766045672695474666550785618372880070e+00, 1.05427940621652622286240225610524629460e+00, 7.20689940377884722431415515122705293058e+00, 4.55624884576096109059779945671911242951e-01, -8.1237599529609144e+00, 5.3686484419432540e+00
0.24700000, 3.73150410251822337112338172266070006359e-01, -3.14385829759431761146375084238991911078e+00, 3.98771159677851350571598434445670761031e+00, 1.05842065585333545659241776503504398315e+00, 7.20614722503583464025161405082940213330e+00, 4.56816428070123351323875370696608561626e-01, -8.1628749367162290e+00, 5.3566106622007392e+00
0.24800000, 3.74020923403830126170765887052208930949e-01, -3.14300155866374255212122762491984941475e+00, 3.98776304495655999183127452356532786451e+00, 1.06256102159541150835143135264474267389e+00, 7.20539490554058526611311712800017526760e+00, 4.58007503649075733585595147754364394208e-01, -8.2022011325096878e+00, 5.3443598808731388e+00
0.24900000, 3.74891509945233969528915367438140689857e-01, -3.14214457825008358277754529517791812757e+00, 3.98781479240769805832164155757999109207e+00, 1.06670050276073138591189279308665247971e+00, 7.20464243138362636628873734423508253248e+00, 4.59198115512882912109483739958258435418e-01, -8.2417386246392952e+00, 5.3318935784524241e+00
0.25000000, 3.75762174776685695674332354429171275657e-01, -3.14128734319901510583905839565090577383e+00, 3.98786683022278090050212316809933728774e+00, 1.07083909864290318959962874488196255665e+00, 7.20388978875718789677222036576351531611e+00, 4.60388267876852214690087127223877179658e-01, -8.2814874898886885e+00, 5.3192092129568086e+00
0.25100000, 3.76632922813237082764627588869777069999e-01, -3.14042984046455719319359864629157593380e+00, 3.98791914943697136584201836754561939112e+00, 1.07497680851138458124994130449249736224e+00, 7.20313696395362142628387394443535891666e+00, 4.61577964970922302519319245281072171402e-01, -8.3214477972589083e+00, 5.3063042197768207e+00
0.25200000, 3.77503758983521034689460214752094686998e-01, -3.13957205710738595941547540839028398950e+00, 3.98797174102979983419460469684577204492e+00, 1.07911363161169384083935825530387156426e+00, 7.20238394336383898795715914209757487655e+00, 4.62767211038939623797014315009395423536e-01, -8.3616196076975618e+00, 5.2931760115205125e+00
0.25300000, 3.78374688228957721003374531814489108370e-01, -3.13871398029316502582979843208109521805e+00, 3.98802459592521964120741738819361012447e+00, 1.08324956716561363528011266205591367266e+00, 7.20163071347577161673713330635040562379e+00, 4.63956010337957050376033057376314703986e-01, -8.4020029738253138e+00, 5.2798219778578318e+00
0.25400000, 3.79245715502985024743113746821188865160e-01, -3.13785559729089782184867184588462902823e+00, 3.98807770499166001936719363431969491503e+00, 1.08738461437138762104575897428988849765e+00, 7.20087726087284732813028965090732784495e+00, 4.65144367137554104970496729829040143285e-01, -8.4425979396596396e+00, 5.2662394853641847e+00
0.25500000, 3.80116845770312659574335669816138398545e-01, -3.13699689547130047041654339346923971544e+00, 3.98813105904207653242733007655211854564e+00, 1.09151877240390999953537293549303944826e+00, 7.20012357223248829456909717020595764405e+00, 4.66332285719178202256572063541688093478e-01, -8.4834045403357734e+00, 5.2524258773632163e+00
0.25600000, 3.80988084006199334676537148276391698993e-01, -3.13613786230519500497058415393333856382e+00, 3.98818464883399898020167059080997905946e+00, 1.09565204041490814137942100712953141883e+00, 7.19936963432462697640247187025358105767e+00, 4.67519770375506342571481344065231920082e-01, -8.5244228018247874e+00, 5.2383784737688362e+00
0.25700000, 3.81859435195752362284009716052363733125e-01, -3.13527848536192266602563324580400534172e+00, 3.98823846506957675188880303001927788672e+00, 1.09978441753311839324152130476453958899e+00, 7.19861543401024096538770252974099888223e+00, 4.68706825409826711879517333333811831285e-01, -8.5656527406487357e+00, 5.2240945709265170e+00
0.25800000, 3.82730904333249118867025338309838566725e-01, -3.13441875230777702632359864851892475493e+00, 3.98829249839562160721788702855641982175e+00, 1.10391590286445517807586417738725535186e+00, 7.19786095823990629953258255993204988550e+00, 4.69893455135439656234955214847692829645e-01, -8.6070943635927951e+00, 5.2095714414538925e+00
0.25900000, 3.83602496421479786573096218811529406713e-01, -3.13355865090445669443628744029001127627e+00, 3.98834673940364786578237308387826788029e+00, 1.10804649549217349725894127526837747147e+00, 7.19710619405236900921159285290167526995e+00, 4.71079663875077513141733379065545204610e-01, -8.6487476674143396e+00, 5.1948063340806849e+00
0.26000000, 3.84474216471110816764662828216948129057e-01, -3.13269816900753734777085559771350391102e+00, 3.98840117862990998595374499349124219539e+00, 1.11217619447702494052538508957043440332e+00, 7.19635112857313465565020925109561800371e+00, 4.72265455960342795999195995635854082221e-01, -8.6906126385488798e+00, 5.1797964734879871e+00
0.26100000, 3.85346069500068572298231793926171096229e-01, -3.13183729456496284709119212037466071854e+00, 3.98845580655543751574549138622126779812e+00, 1.11630499885740730720009776338508797300e+00, 7.19559574901307562413036912846699308463e+00, 4.73450835731164241242348245384779862127e-01, -8.7326892528128020e+00, 5.1645390601469305e+00
0.26200000, 3.86218060532942619601805187965859663179e-01, -3.13097601561555518592970537000894106548e+00, 3.98851061360606739892968710390636317402e+00, 1.12043290764950793983141339885119978803e+00, 7.19484004266705593561173277836382778144e+00, 4.74635807535270240843992710225661055510e-01, -8.7749774751028398e+00, 5.1490312701567644e+00
0.26300000, 3.87090194600408155633120205486293485006e-01, -3.13011432028754302961561395963817786331e+00, 3.98856559015247362059657510386519072867e+00, 1.12455991984744086899177095024983100130e+00, 7.19408399691257334188182258994539640442e+00, 4.75820375727679195554549784389857562960e-01, -8.8174772590922117e+00, 5.1332702550823786e+00
0.26400000, 3.87962476738667068451175378040763304941e-01, -3.12925219679710860008173029427223949561e+00, 3.98862072651019417719305426535005963835e+00, 1.12868603442337786572226802455022610397e+00, 7.19332759920841847083790617819318366002e+00, 4.77004544670206336622813689298262258963e-01, -8.8601885469233573e+00, 5.1172531417912956e+00
0.26500000, 3.88834911988907143417902292128830779822e-01, -3.12838963344695266412593491494884304899e+00, 3.98867601293965535688060654957112645520e+00, 1.13281125032767349585452668985447161201e+00, 7.19257083709335079005936978394362006658e+00, 4.78188318730986575776603259915446449985e-01, -8.9031112688972054e+00, 5.1009770322901635e+00
0.26600000, 3.89707505396778939975526845428729893303e-01, -3.12752661862487738439043646035286927615e+00, 3.98873143964619331681848780054809797548e+00, 1.13693556648898426824655228555138847428e+00, 7.19181369818479115844632545126770652829e+00, 4.79371702284012954955230751814947811928e-01, -8.9462453431589053e+00, 5.0844390035607792e+00
0.26700000, 3.90580262011889876527765133154339740055e-01, -3.12666314080238679397613402994756877223e+00, 3.98878699678007294470545249319067124104e+00, 1.14105898181438196681774129196222086503e+00, 7.19105617017753073737357707809265368867e+00, 4.80554699708690278684689347084436170450e-01, -8.9895906753799549e+00, 5.0676361073956717e+00
0.26800000, 3.91453186887315073198873578915952215569e-01, -3.12579918853330465732584864684122806832e+00, 3.98884267443650399260432139071220700531e+00, 1.14518149518946125416094517486369496420e+00, 7.19029824084245603453433987233257633600e+00, 4.81737315389403523079972881332419660611e-01, -9.0331471584366563e+00, 5.0505653702332762e+00
0.26900000, 3.92326285079124514162828452543434839534e-01, -3.12493475045240948178402308130395088804e+00, 3.98889846265565447172971684394782173025e+00, 1.14930310547844163244558901501026553936e+00, 7.18953989802528985542099387304578129077e+00, 4.82919553715100626255282737573733617600e-01, -9.0769146720848319e+00, 5.0332237929927304e+00
0.27000000, 3.93199561645926102834410333098316307667e-01, -3.12406981527408644606709992498392144555e+00, 3.98895435142266129750161675837081513427e+00, 1.15342381152426384530435656012361595013e+00, 7.18878112964534793920659902481886177027e+00, 4.84101419078889275430116882645230737892e-01, -9.1208930826307307e+00, 5.0156083509083242e+00
0.27100000, 3.94073021648424194503340732250138104080e-01, -3.12320437179099601375380178214579377386e+00, 3.98901033066763817475729924607111463802e+00, 1.15754361214868080241598165514638211498e+00, 7.18802192369431105764705622877435556874e+00, 4.85282915877647316245227199896134108051e-01, -9.1650822425980571e+00, 4.9977159933636349e+00
0.27200000, 3.94946670148993201980255828654282092076e-01, -3.12233840887275900182379953779635371225e+00, 3.98906639026568071357300238393017189463e+00, 1.16166250615234310655733902900117360438e+00, 7.18726226823501235751601129438419583932e+00, 4.86464048511646419754814192558217245702e-01, -9.2094819903910529e+00, 4.9795436437253802e+00
0.27300000, 3.95820512211265880517375288326173440681e-01, -3.12147191546465787623281921689496668301e+00, 3.98912252003686876667539827595039649907e+00, 1.16578049231487926099842898477945263182e+00, 7.18650215140023972900939936839262149876e+00, 4.87644821384188652247536865528590240852e-01, -9.2540921499535617e+00, 4.9610881991770226e+00
0.27400000, 3.96694552899735908675181809447022565448e-01, -3.12060488058635404850835940175056102448e+00, 3.98917870974626597992292461895731644876e+00, 1.16989756939497063325313908426282687732e+00, 7.18574156139155298451062740058470398803e+00, 4.88825238901255602476182994381369206323e-01, -9.2989125304240075e+00, 4.9423465305521580e+00
0.27500000, 3.97568797279374391937004467289800855414e-01, -3.11973729333062094937931499667342857347e+00, 3.98923494910391654780923452608007275173e+00, 1.17401373613042124937599439584396396087e+00, 7.18498048647811563408767314000617408595e+00, 4.90005305471169730051207895066442451032e-01, -9.3439429257862153e+00, 4.9233154821677235e+00
0.27600000, 3.98443250415259925733622588657271799535e-01, -3.11886914286209265751155716072853619973e+00, 3.98929122776483916638657980730754514458e+00, 1.17812899123822249120964370505103382357e+00, 7.18421891499554104609688530339021025044e+00, 4.91185025504267607683654115355067563219e-01, -9.3891831145160047e+00, 4.9039918716570591e+00
0.27700000, 3.99317917372221864137199908709275532090e-01, -3.11800041841602786350670540104829290402e+00, 3.98934753532901817642685805674054387515e+00, 1.18224333341461276723875406198495404301e+00, 7.18345683534475278329220037877672935096e+00, 4.92364403412584738654870113527737055254e-01, -9.4346328592234841e+00, 4.8843724898028572e+00
0.27800000, 4.00192803214496449825146303534519912350e-01, -3.11713110929708895142991423352245548032e+00, 3.98940386134139189003331546794793140671e+00, 1.18635676133513222599249623288442350561e+00, 7.18269423599085890688019455503129549274e+00, 4.93543443609551639350431799247530159490e-01, -9.4802919062909748e+00, 4.8644541003700388e+00
0.27900000, 4.01067913005395470006818755053338031355e-01, -3.11626120487813598226161018274114643883e+00, 3.98946019529183809428745427750416982287e+00, 1.19046927365467257925910928031638158985e+00, 7.18193110546204004301835330471223768746e+00, 4.94722150509700884930039258375047378681e-01, -9.5261599855064931e+00, 4.8442334399385907e+00
0.28000000, 4.01943251806987111856058902519191115419e-01, -3.11539069459903536581503328709091650971e+00, 3.98951652661515672586445969680589049451e+00, 1.19458086900752210073135792258665875561e+00, 7.18116743234845100832378976057566811230e+00, 4.95900528528384824220042825296435819611e-01, -9.5722368096927172e+00, 4.8237072177364019e+00
0.28100000, 4.02818824679788699606983216085036876809e-01, -3.11451956796548300982358323021790392604e+00, 3.98957284469104971087731556919923998299e+00, 1.19869154600740586409027975536107241451e+00, 7.18040320530113579304012832965291726392e+00, 4.97078582081503677716611479714073045798e-01, -9.6185220743313676e+00, 4.8028721154721382e+00
0.28200000, 4.03694636682471003855577095962978097013e-01, -3.11364781454784173707690411122800383304e+00, 3.98962913884409796451556730610970709926e+00, 1.20280130324752128295571289477581897548e+00, 7.17963841303095570259926670362421020897e+00, 4.98256315585243740181193152816466968631e-01, -9.6650154571829266e+00, 4.7817247871681926e+00
0.28300000, 4.04570692871573821771706317160107994740e-01, -3.11277542397999276367005558896798445482e+00, 3.98968539834373554533022970423740080530e+00, 1.20691013930056901358496381890614064945e+00, 7.17887304430753046041022919694494144537e+00, 4.99433733455825416701473322691395583503e-01, -9.7117166179016236e+00, 4.7602618589937526e+00
0.28400000, 4.05446998301232534871189716811120528080e-01, -3.11190238595820103362382906534782060783e+00, 3.98974161240422095928241022642510920762e+00, 1.21101805271877927968489935362858815775e+00, 7.17810708795819207680743032015536823340e+00, 5.00610840109260828286003442300703419965e-01, -9.7586251976456128e+00, 4.7384799290980232e+00
0.28500000, 4.06323558022915358731453104317259183356e-01, -3.11102869023999420733421278601133719367e+00, 3.98979777018460560892057994868665055365e+00, 1.21512504203393367721701843986462086941e+00, 7.17734053286695129119358913101124362513e+00, 5.01787639961120730064382364168589040041e-01, -9.8057408186822678e+00, 4.7163755674436490e+00
0.28600000, 4.07200377085171006562723417443082838615e-01, -3.11015432664305510351324049081499125218e+00, 3.98985386078869938328080090759840886139e+00, 1.21923110575738251561898430378619654563e+00, 7.17657336797347639651658300895794095392e+00, 5.02964137426310491982524018635294047339e-01, -9.8530630839885185e+00, 4.6939453156403758e+00
0.28700000, 4.08077460533386495875285880204902270696e-01, -3.10927928504412739649013469946003704121e+00, 3.98990987326503338431630888412469343264e+00, 1.22333624238005775043899474023032290606e+00, 7.17580558227208425732311149116683908215e+00, 5.04140336918854898519183027185072804470e-01, -9.9005915768461544e+00, 4.6711856867789956e+00
0.28800000, 4.08954813409554834617425611024657949980e-01, -3.10840355537793437294904188135526068020e+00, 3.98996579660681978585832715981108147403e+00, 1.22744045037248156098056909402565462146e+00, 7.17503716481074333473365619772187651962e+00, 5.05316242851691530410448218059398694834e-01, -9.9483258604320196e+00, 4.6480931652656194e+00
0.28900000, 4.09832440752052330103571653827560891000e-01, -3.10752712763611055438611567527931468805e+00, 3.99002161975190882128949642477604151750e+00, 1.23154372818477062518417956616676742152e+00, 7.17426810469008853378145892280400187575e+00, 5.06491859636472497658129084721412627604e-01, -9.9962654774030208e+00, 4.6246642066563209e+00
0.29000000, 4.10710347595425270812975193857521660544e-01, -3.10664999186614599377269345352334057902e+00, 3.99007733158274289627547118159881829879e+00, 1.23564607424663614262800858978358937488e+00, 7.17349839106244769065176756084178102679e+00, 5.07667191683374299220498048260146652360e-01, -1.0044409949475873e+01, 4.6008952374921999e+00
0.29100000, 4.11588538970185737720964630387037716912e-01, -3.10577213817034305711137833610418768961e+00, 3.99013292092630782304965236566772693946e+00, 1.23974748696737965521234247161450354811e+00, 7.17272801313087951944516922104095448544e+00, 5.08842243400915590744230488941346096194e-01, -1.0092758777001505e+01, 4.5767826551349088e+00
0.29200000, 4.12467019902616308232272254009005938639e-01, -3.10489355670478550276661651754175139629e+00, 3.99018837655408117288127534398650454165e+00, 1.24384796473588471380009570471030785874e+00, 7.17195696014822284016926809846600885189e+00, 5.10017019195782647498999467560965062615e-01, -1.0141311438534047e+01, 4.5523228276026926e+00
0.29300000, 4.13345795414583422023832417121224450847e-01, -3.10401423767831967363956350232760635323e+00, 3.99024368718197774347870579541698736131e+00, 1.24794750592060443781909374199963166591e+00, 7.17118522141615691173517113107887784207e+00, 5.11191523472662315325306829631297401503e-01, -1.0190067390394316e+01, 4.5275120934069905e+00
0.29400000, 4.14224870523359184177392625197114304353e-01, -3.10313417135154761943745550207565105518e+00, 3.99029884147029213818834582124427428683e+00, 1.25204610886954501358942979783028124100e+00, 7.17041278628427269579818472404786619305e+00, 5.12365760634082247905923618665468091204e-01, -1.0239026066227736e+01, 4.5023467613896479e+00
0.29500000, 4.15104250241451386894715162930308138796e-01, -3.10225334803583196845921100885253058520e+00, 3.99035382802363845394553112294095014489e+00, 1.25614377191024517592087025608586381502e+00, 7.16963964414915487933483394058050745707e+00, 5.13539735080258234025812937397160834367e-01, -1.0288186876556587e+01, 4.4768231105607919e+00
0.29600000, 4.15983939576441536844414264586334019603e-01, -3.10137175809231237048052032332127239929e+00, 3.99040863539088707501769961659626817953e+00, 1.26024049334975171633034178478365879514e+00, 7.16886578445347448588988699862527020089e+00, 5.14713451208948423698549094358943030460e-01, -1.0337549208326532e+01, 4.4509373899374203e+00
0.29700000, 4.16863943530830680793790622316404985168e-01, -3.10048939193093333447224283471875034028e+00, 3.99046325206509856965240580572790640508e+00, 1.26433627147459106005743081339424536627e+00, 7.16809119668509190745665750160116543077e+00, 5.15886913415314267112851585640960768692e-01, -1.0387112424447317e+01, 4.4246858183827585e+00
0.29800000, 4.17744267101892827635494221087965823123e-01, -3.09960624000948328702459251327839465782e+00, 3.99051766648345468680389863545689609018e+00, 1.26843110455073695290601320864252970278e+00, 7.16731587037617019097067588951955976176e+00, 5.17060126091787985294639690678292594643e-01, -1.0436875863327578e+01, 4.3980645844464388e+00
0.29900000, 4.18624915281535770231459094301852865256e-01, -3.09872229283264467947548184261685070770e+00, 3.99057186702718645016241074214329179073e+00, 1.27252499082357429781207025175581576252e+00, 7.16653979510229841540013519094699755303e+00, 5.18233093627946396191599561041661454221e-01, -1.0486838838403659e+01, 4.3710698462055563e+00
0.30000000, 4.19505893056169115669191644752947689246e-01, -3.09783754095105497385370187887271392154e+00, 3.99062584202149934675044427945049595206e+00, 1.27661792851785917993090852932226786520e+00, 7.16576296048162499740564047272947656198e+00, 5.19405820410390924572157659654875974876e-01, -1.0537000637662381e+01, 4.3436977311066608e+00
0.30100000, 4.20387205406579337561933716370733498372e-01, -3.09695197496037833984558518878107403813e+00, 3.99067957973549560738058668615514948952e+00, 1.28070991583767511795086875895312671513e+00, 7.16498535617400076551609122110047452716e+00, 5.20578310822633628692392651869580598470e-01, -1.0587360523157647e+01, 4.3159443358087393e+00
0.30200000, 4.21268857307811668928135585964002846636e-01, -3.09606558550038789707672564700436314778e+00, 3.99073306838209357629013684919493288673e+00, 1.28480095096638557827467485538821063836e+00, 7.16420697188013164472641225721214099688e+00, 5.21750569244989081126118781766790497093e-01, -1.0637917730520832e+01, 4.2878057260272516e+00
0.30300000, 4.22150853729058658960635152517789633741e-01, -3.09517836325405833906756110044552777944e+00, 3.99078629611794416727944080603377635938e+00, 1.28889103206658278766334281073801223599e+00, 7.16342779734074079536577662978780065780e+00, 5.22922600054471945478372429089477617095e-01, -1.0688671468464848e+01, 4.2592779363792777e+00
0.30400000, 4.23033199633555221645422990872107053766e-01, -3.09429029894666877727255600119471814767e+00, 3.99083925104334440368368438144128048749e+00, 1.29298015728003287891055227070553366889e+00, 7.16264782233574005201142991287006739736e+00, 5.24094407624700094913976112132341262507e-01, -1.0739620918281811e+01, 4.2303569702298397e+00
0.30500000, 4.23915899978480008717258911370820038137e-01, -3.09340138334491564564679082778606441685e+00, 3.99089192120214803950231171019288740052e+00, 1.29706832472761740310710485833126812281e+00, 7.16186703668341051013276579149665242025e+00, 5.25265996325803122533800441787965448026e-01, -1.0790765233334228e+01, 4.2010387995394615e+00
0.30600000, 4.24798959714862943847982281879739671468e-01, -3.09251160725603550820045606814276260108e+00, 3.99094429458167325899656349943917080907e+00, 1.30115553250927124106508473226593359991e+00, 7.16108543023959211004249171951610518356e+00, 5.26437370524336097624770171170943600444e-01, -1.0842103538539602e+01, 4.1713193647130306e+00
0.30700000, 4.25682383787498759256323960483197113994e-01, -3.09162096152693761400058425573439228301e+00, 3.99099635911260745204417395872179409690e+00, 1.30524177870391694549914037380546509166e+00, 7.16030299289688206960617050551888396421e+00, 5.27608534583198425698459539602310392750e-01, -1.0893634929848391e+01, 4.1411945744500289e+00
0.30800000, 4.26566177134866380108493340255626490712e-01, -3.09072943704334604605989643741500783671e+00, 3.99104810266890906251133465630119460391e+00, 1.30932706136939554460747320413686253629e+00, 7.15951971458384201901777257536979972747e+00, 5.28779492861557674020109138024650676133e-01, -1.0945358473715209e+01, 4.1106603055961992e+00
0.30900000, 4.27450344689054006149805951228166915947e-01, -3.08983702472895131251448883654873775344e+00, 3.99109951306770650686591894598875391024e+00, 1.31341137854239383675720841275253152152e+00, 7.15873558526421369278680021143561867015e+00, 5.29950249714778228017808822613347116172e-01, -1.0997273206563197e+01, 4.0797124029967177e+00
0.31000000, 4.28334891375689743972079007640620730465e-01, -3.08894371554457123043487574934459974165e+00, 3.99115057806919416021294200053729595602e+00, 1.31749472823836820505740526966319094261e+00, 7.15795059493614303590175564544014543928e+00, 5.31120809494354647553090946899809343730e-01, -1.1049378134241474e+01, 4.0483466793509415e+00
0.31100000, 4.29219822113877647182317689334894851176e-01, -3.08804950048732095453830354824218294165e+00, 3.99120128537652540688357741383640816116e+00, 1.32157710845146497969761583042715333818e+00, 7.15716473363141258293495479255976425629e+00, 5.32291176547849595531854495886522184415e-01, -1.1101672231475570e+01, 4.0165589150688051e+00
0.31200000, 4.30105141816139025498129222565418937347e-01, -3.08715437058979200497395731712866837111e+00, 3.99125162263570275265301930734004143756e+00, 1.32565851715443737504020847622090877478e+00, 7.15637799141468197063470039629856221502e+00, 5.33461355218836214740911689336308991757e-01, -1.1154154441310758e+01, 3.9843448581289385e+00
0.31300000, 4.30990855388358887457044504238972811295e-01, -3.08625831691924015023642531928441837411e+00, 3.99130157743546499560031578709781649396e+00, 1.32973895229855902758023066154196827379e+00, 7.15559035838273644631241112785375034729e+00, 5.34631349846844832112963318545876648924e-01, -1.1206823674548194e+01, 3.9517002239385822e+00
0.31400000, 4.31876967729737384993133821252605010351e-01, -3.08536133057678200312632481581663823489e+00, 3.99135113730717145255524209465259745653e+00, 1.33381841181353416002699624879615131657e+00, 7.15480182466374323607427007499604475746e+00, 5.35801164767313872853849389444249391441e-01, -1.1259678809173770e+01, 3.9186206951953770e+00
0.31500000, 4.32763483732746131607538113961975201361e-01, -3.08446340269660018952011024932105292036e+00, 3.99140028972468323800355664912939079564e+00, 1.33789689360740439591645758240712586489e+00, 7.15401238041651563866914367567231284854e+00, 5.36970804311544870012804178692031639860e-01, -1.1312718689779593e+01, 3.8851019217511070e+00
0.31600000, 4.33650408283089269242294393675123980614e-01, -3.08356452444515695153359153288474793132e+00, 3.99144902210424159224280763579710864350e+00, 1.34197439556645224833237953139865458345e+00, 7.15322201582978471242678914197043006811e+00, 5.38140272806661458141422708301103117954e-01, -1.1365942126977986e+01, 3.8511395204774759e+00
0.31700000, 4.34537746259669162261539660031603248370e-01, -3.08266468702041604846542034438173321268e+00, 3.99149732180434325549643992021328170044e+00, 1.34605091555510130549699832712415200902e+00, 7.15243072112147842444259425190397268705e+00, 5.39309574575572242672310333887042501176e-01, -1.1419347896807939e+01, 3.8167290751339991e+00
0.31800000, 4.35425502534556600153192296800861077828e-01, -3.08176388165107282068761299410622158323e+00, 3.99154517612561288460449106150547880720e+00, 1.35012645141581313518785588129396644684e+00, 7.15163848653800813282717721543204611346e+00, 5.40478713936937439556070045665903874242e-01, -1.1472934740133891e+01, 3.7818661362380957e+00
0.31900000, 4.36313681972965393689829606566344630819e-01, -3.08086209959579228340994831993240031975e+00, 3.99159257231067250881485172660936509090e+00, 1.35420100096898092914649148954525499835e+00, 7.15084530235356227448103389483872595370e+00, 5.41647695205139182527456286070081425620e-01, -1.1526701362036766e+01, 3.7465462209374665e+00
0.32000000, 4.37202289433231252331938630466283201889e-01, -3.07995933214245511898370733830116525891e+00, 3.99163949754400802110008229535432375119e+00, 1.35827456201281990786629571270157543445e+00, 7.15005115886940713247599027483966571065e+00, 5.42816522690255398130205961358553447878e-01, -1.1580646431197162e+01, 3.7107648128848451e+00
0.32100000, 4.38091329766794833622187767523446233200e-01, -3.07905557060741143812762654896888108810e+00, 3.99168593895183270132129837624871663862e+00, 1.36234713232325450538074113603217536570e+00, 7.14925604641319455872645158571246677777e+00, 5.43985200698037151317208090680634025167e-01, -1.1634768579270596e+01, 3.6745173621152123e+00
0.32200000, 4.38980807818188858207963037441971085703e-01, -3.07815080633474218215505563039205919050e+00, 3.99173188360194776745283014559352145980e+00, 1.36641870965380235291906388706596983236e+00, 7.14845995533827652921430333986933784245e+00, 5.45153733529889367060200805209341805659e-01, -1.1689066400254708e+01, 3.6377992849255654e+00
0.32300000, 4.39870728425029186943191827832213612607e-01, -3.07724503069552803995609678831074186363e+00, 3.99177731850359995096938331043378430665e+00, 1.37048929173545507955394724131468903963e+00, 7.14766287602302641059179590523170851073e+00, 5.46322125482854835952943667763418564164e-01, -1.1743538449848329e+01, 3.6006059637573355e+00
0.32400000, 4.40761096418009759261439550934823586430e-01, -3.07633823508712575514192751780195609075e+00, 3.99182223060733609238143538516664465077e+00, 1.37455887627655594723452995620506673092e+00, 7.14686479887016681852682910089634147694e+00, 5.47490380849601414275609337672136679311e-01, -1.1798183244802317e+01, 3.5629327470815488e+00
0.32500000, 4.41651916620901294682357478315741659641e-01, -3.07543041093245170039055663074029734197e+00, 3.99186660680485475278473529589626638860e+00, 1.37862746096267433687780919098209965063e+00, 7.14606571430610394967475566866012114345e+00, 5.48658503918412331407726993824591904231e-01, -1.1852999262262055e+01, 3.5247749492868302e+00
0.32600000, 4.42543193850553661914677047850469119988e-01, -3.07452154967927259764393515641130452709e+00, 3.99191043392885483716617589061336718282e+00, 1.38269504345647710148191934532944181488e+00, 7.14526561278026827066016358305594387889e+00, 5.49826498973179519834098285722903122430e-01, -1.1907984939101515e+01, 3.4861278505703473e+00
0.32700000, 4.43434932916901822552929776200465791410e-01, -3.07361164279950326439565281386151858652e+00, 3.99195369875288122508111014812768003732e+00, 1.38676162139759680152553839764665121842e+00, 7.14446448476446144893110972750093291006e+00, 5.50994370293399885284355970375433722762e-01, -1.1963138671248799e+01, 3.4469866968317985e+00
0.32800000, 4.44327138622975258833715316208704545327e-01, -3.07270068178851126787642364356546960744e+00, 3.99199638799116740418650898858810790319e+00, 1.39082719240249683722850288593505087395e+00, 7.14366232075220941180700496609313582746e+00, 5.52162122154174436783861595207876818748e-01, -1.2018458813003036e+01, 3.4073466995705489e+00
0.32900000, 4.45219815764910797322387427306082404328e-01, -3.07178865816442837049123955743656025874e+00, 3.99203848829847510198033188905530217790e+00, 1.39489175406433349156930797802615299803e+00, 7.14285911125812142147984664681012980259e+00, 5.53329758826210198573013364916563121032e-01, -1.2073943676342547e+01, 3.3672030357860193e+00
0.33000000, 4.46112969131968742744175772985517979273e-01, -3.07087556346746865138749779023160880499e+00, 3.99207998626993091096021555658875468785e+00, 1.39895530395281489728524230333032875295e+00, 7.14205484681725505514682208770327205158e+00, 5.54497284575824827975287644473158639867e-01, -1.2129591530224183e+01, 3.3265508478814384e+00
0.33100000, 4.47006603506552238456661759147565008213e-01, -3.06996138925925319053764786681108410122e+00, 3.99212086844085990227418973114737542180e+00, 1.40301783961405694042017616397993927636e+00, 7.14124951798448698085053744895596996419e+00, 5.55664703664953865362954750613497672976e-01, -1.2185400599873707e+01, 3.2853852435710688e+00
0.33200000, 4.47900723664229772284785724523260560930e-01, -3.06904612712214120320302600956284275720e+00, 3.99216112128661622279270646405355720731e+00, 1.40707935857043611233320969539199462406e+00, 7.14044311533388942098134063829837128237e+00, 5.56832020351160544384838662565536407195e-01, -1.2241369066067154e+01, 3.2437012957910191e+00
0.33300000, 4.48795334373760748606743971360052994248e-01, -3.06812976865856751410762944865124794096e+00, 3.99220073122241067038491847627002792251e+00, 1.41113985832043932143822314973772171709e+00, 7.13963562945811219675449226481376290471e+00, 5.57999238887648092584138597886245793812e-01, -1.2297495064403028e+01, 3.2014940426137600e+00
0.33400000, 4.49690440397124049690758497592276748286e-01, -3.06721230549038626209171808640878632900e+00, 3.99223968460313524203295700587119691762e+00, 1.41519933633851067530958860725621063153e+00, 7.13882705096777024831339001409152193338e+00, 5.59166363523274454447567366849801060450e-01, -1.2353776684565262e+01, 3.1587584871664600e+00
0.33500000, 4.50586046489549511340249975120637360423e-01, -3.06629372925822072743541272091819404399e+00, 3.99227796772318464926602867245944271280e+00, 1.41925779007489524316264006354382287645e+00, 7.13801737049083652642877066306018411825e+00, 5.60333398502569370791219172953707927759e-01, -1.2410211969576816e+01, 3.1154895975532640e+00
0.33600000, 4.51482157399552239909855755708612634562e-01, -3.06537403162081917544199140898073163927e+00, 3.99231556681627479524155845798113256663e+00, 1.42331521695547980809870096407005165970e+00, 7.13720657867204015306290792848815282467e+00, 5.61500348065753750204954051523137657727e-01, -1.2466798915043817e+01, 3.0716823067816362e+00
0.33700000, 4.52378777868969699708410947819889058793e-01, -3.06445320425441661124947941784388576285e+00, 3.99235246805525820764343160434508655745e+00, 1.42737161438163061789328369221483296580e+00, 7.13639466617226974934740677701858322689e+00, 5.62667216448761270046938268964335929399e-01, -1.2523535468390133e+01, 3.0273315126928943e+00
0.33800000, 4.53275912633001501708815663234043606087e-01, -3.06353123885210234219750096683187435652e+00, 3.99238865755193642140770642651895790695e+00, 1.43142697973002814250225784134666328815e+00, 7.13558162366798183078338429144947945933e+00, 5.63834007883262146204536404395333923237e-01, -1.2580419528082274e+01, 2.9824320778970632e+00
0.33900000, 4.54173566420251826339972486811341638626e-01, -3.06260812712319324541433602244496429766e+00, 3.99242412135686930512405394625666757268e+00, 1.43548131035249884586409152081716869893e+00, 7.13476744185061417071374709223464410928e+00, 5.65000726596689012518204939389705551953e-01, -1.2637448942844509e+01, 2.9369788297121791e+00
0.34000000, 4.55071743952774414943986528557171021809e-01, -3.06168386079261263960683179749363752260e+00, 3.99245884545918132479669606505943672093e+00, 1.43953460357584397898646518031343634700e+00, 7.13395211142600403433905349227745060113e+00, 5.66167376812264852402550121087623220961e-01, -1.2694621510864103e+01, 2.8909665601081789e+00
0.34100000, 4.55970449946120066243832855523701727388e-01, -3.06075843160027466133339048437907125064e+00, 3.99249281578636473848182504179224393698e+00, 1.44358685670166540072240760837508606088e+00, 7.13313562311381118675121691004171986159e+00, 5.67333962749032926794414359006327391615e-01, -1.2751934978986545e+01, 2.8443900256555112e+00
0.34200000, 4.56869689109386575883935737481698424137e-01, -3.05983183130047404731783103575857891881e+00, 3.99252601820407971514945290918441655791e+00, 1.44763806700618843206438028147245387341e+00, 7.13231796764694557964320117064995343504e+00, 5.68500488621888644112844645785876424254e-01, -1.2809387041900680e+01, 2.7972439474786081e+00
0.34300000, 4.57769466145271058779761252468433171628e-01, -3.05890405166128122561964675559733424696e+00, 3.99255843851595137094641613468722007435e+00, 1.45168823174008174921421470433681869957e+00, 7.13149913577099962251801713254576691278e+00, 5.69666958641613319431142940807220682837e-01, -1.2866975341313623e+01, 2.7495230112143617e+00
0.34400000, 4.58669785750124595643757778897904133371e-01, -3.05797508446394261971419932306650294410e+00, 3.99259006246336371586390080193464152100e+00, 1.45573734812827432012226745987344879856e+00, 7.13067911824368494536689556559727237645e+00, 5.70833377014909771537942733594987840318e-01, -1.2924697465115345e+01, 2.7012218669757497e+00
0.34500000, 4.59570652614009146644915134768015118320e-01, -3.05704492150228607075485451015473971124e+00, 3.99262087572525050363740599326592796323e+00, 1.45978541336976938863038301772061076975e+00, 7.12985790583427356091462807590660256376e+00, 5.71999747944439708003410646921571562348e-01, -1.2982550946532827e+01, 2.6523351293207592e+00
0.34600000, 4.60472071420756676708949841657464457441e-01, -3.05611355458213128448812943022801509937e+00, 3.99265086391788297752957377785024934523e+00, 1.46383242463745550980003244096337448725e+00, 7.12903548932304333563988325475513460713e+00, 5.73166075628862849769222184981768241419e-01, -1.3040533263273660e+01, 2.6028573772267604e+00
0.34700000, 4.61374046848030438476729096101366415319e-01, -3.05518097552070521047274279805720827867e+00, 3.99268001259465450446682600424115396703e+00, 1.46787837907791463945911825271902176700e+00, 7.12821185950072767986996840890000827825e+00, 5.74332364262877748147865273618324977411e-01, -1.3098641836658995e+01, 2.5527831540704851e+00
0.34800000, 4.62276583567388360411058908510188335766e-01, -3.05424717614606226241419818698168660160e+00, 3.99270830724586208981930068214047631235e+00, 1.47192327381122728045819681607066846049e+00, 7.12738700716796936832316938108589060145e+00, 5.75498618037264248449016960820629532570e-01, -1.3156874030745715e+01, 2.5021069676137676e+00
0.34900000, 4.63179686244348488977394169193206256289e-01, -3.05331214829650928956834780804082323509e+00, 3.99273573329848476493021091154485295101e+00, 1.47596710593077468758906814770711415694e+00, 7.12656092313477840352761490645139062308e+00, 5.76664841138927555749125332735346269876e-01, -1.3215227151437728e+01, 2.4508232899952098e+00
0.35000000, 4.64083359538456435223364797484912932328e-01, -3.05237588382003521029044518412825200023e+00, 3.99276227611595883931549104768808714565e+00, 1.48000987250303813258562110471590338097e+00, 7.12573359821999383558373188735272277385e+00, 5.77831037750943859585793734957010556916e-01, -1.3273698445586261e+01, 2.3989265577279345e+00
0.35100000, 4.64987608103354777446211065423589795340e-01, -3.05143837457374521991066536696443106981e+00, 3.99278792099795000926747931587370642768e+00, 1.48405157056739523009830470927639312865e+00, 7.12490502325074945275793929714499417296e+00, 5.78997212052607475591967421735239699790e-01, -1.3332285100079045e+01, 2.3464111717035961e+00
0.35200000, 4.65892436586854372967215590688995492451e-01, -3.05049961242329948620311875854431697341e+00, 3.99281265318012231440744201113876993569e+00, 1.48809219713591332500943264546583372154e+00, 7.12407518906194325839842749649694880994e+00, 5.80163368219479463287100361470968280635e-01, -1.3390984240918274e+01, 2.2932714972028176e+00
0.35300000, 4.66797849631007533328917480220231696843e-01, -3.04955958924235624678317822478628799898e+00, 3.99283645783390393354099778300223960715e+00, 1.49213174919313994093652950656927592620e+00, 7.12324408649571065064984367796252018645e+00, 5.81329510423437680414246239964234041479e-01, -1.3449792932287233e+01, 2.2395018639122324e+00
0.35400000, 4.67703851872183018495179659175833471681e-01, -3.04861829691201922381764923834218298687e+00, 3.99285932006624981097797489927396451491e+00, 1.49617022369589028925490912351650219557e+00, 7.12241170640090122241261062832597352687e+00, 5.82495642832728235354165036188027190436e-01, -1.3508708175605465e+01, 2.1850965659483058e+00
0.35500000, 4.68610447941142806866914051798265902725e-01, -3.04767572732028927246411039763121955186e+00, 3.99288122491940110428395100543331360385e+00, 1.50020761757303183745845521324426084186e+00, 7.12157803963255909994460308298164923897e+00, 5.83661769612018300260835991227902122510e-01, -1.3567726908572376e+01, 2.1300498618881204e+00
0.35600000, 4.69517642463120599128288675745480503345e-01, -3.04673187236152018046980870443974201676e+00, 3.99290215737064144423470264294588474002e+00, 1.50424392772526593516897352558796690272e+00, 7.12074307705140673943815192638651921701e+00, 5.84827894922450248647969805474435913081e-01, -1.3626846004199156e+01, 2.0743559748073111e+00
0.35700000, 4.70425440057902015110361351673217349342e-01, -3.04578672393587853735698284412145687681e+00, 3.99292210233204999754704732732574623364e+00, 1.50827915102490649559932635696254134420e+00, 7.11990680952333210182399970352573001295e+00, 5.85994022921697082213947869769823275616e-01, -1.3686062269828901e+01, 2.0180090923253380e+00
0.35800000, 4.71333845339906444002100503087911658275e-01, -3.04484027394880759260058115902951418309e+00, 3.99294104465025132276010882444299556420e+00, 1.51231328431565572977367121552167587213e+00, 7.11906922791887912695604958348864012121e+00, 5.87160157764019112723795134074027248701e-01, -1.3745372446144821e+01, 1.9610033666582916e+00
0.35900000, 4.72242862918270509353437312319283467162e-01, -3.04389251431049502316621198291655685336e+00, 3.99295896910616200943988882446193200002e+00, 1.51634632441237693030933471890630621145e+00, 7.11823032311274142921669204425021725900e+00, 5.88326303600321865772007733387377638052e-01, -1.3804773206166418e+01, 1.9033329146794280e+00
0.36000000, 4.73152497396933111402097762942784506124e-01, -3.04294343693534453172098548332846911730e+00, 3.99297586041473409067719590018424045760e+00, 1.52037826810086430106899223058631462243e+00, 7.11739008598325913745231672903688661657e+00, 5.89492464578215174229980157621504755714e-01, -1.3864261154233521e+01, 1.8449918179876336e+00
0.36100000, 4.74062753374722010316220423402872090389e-01, -3.04199303374145119775785098587967563930e+00, 3.99299170322469521864447389860061210838e+00, 1.52440911213760982849872755822501891891e+00, 7.11654850741191880300247824556086734514e+00, 5.90658644842073430137065050580571892731e-01, -1.3923832824978048e+01, 1.7859741229840260e+00
0.36200000, 4.74973635445441914978889470713032950909e-01, -3.04104129665008050478527450374653245809e+00, 3.99300648211828559277089330598116957500e+00, 1.52843885324956718997705194873224048803e+00, 7.11570557828285630042424058843504797374e+00, 5.91824848533096964725589674827432510760e-01, -1.3983484682283399e+01, 1.7262738409569006e+00
0.36300000, 4.75885148197964042949396878362511996391e-01, -3.04008821758515096762881003619940456598e+00, 3.99302018161099162988722536886149803602e+00, 1.53246748813391269401190668113950711824e+00, 7.11486128948236264633563105709594890308e+00, 5.92991079789374527178067725332880944508e-01, -1.4043213118231347e+01, 1.6658849481752349e+00
0.36400000, 4.76797296216317118219969075572743412261e-01, -3.03913378847272028476946676473012599181e+00, 3.99303278615127636548251278998311679462e+00, 1.53649501345780324663690012587456655490e+00, 7.11401563189839266260904584856774760125e+00, 5.94157342745946833599988041987925766523e-01, -1.4103014452036314e+01, 1.6048013859909705e+00
0.36500000, 4.77710084079779774346510116971450484419e-01, -3.03817800124047494150593354080996431412e+00, 3.99304428012030657500338387169516716688e+00, 1.54052142585813133787438176290647185394e+00, 7.11316859642007641093701979257897421440e+00, 5.95323641534871158554521323435327292327e-01, -1.4162884928966918e+01, 1.5430170609502926e+00
0.36600000, 4.78623516362974331468266573757810784916e-01, -3.03722084781722319057386223063894119852e+00, 3.99305464783167660391402860196763717788e+00, 1.54454672194127704165127802338384133588e+00, 7.11232017393723332656915476926710684608e+00, 5.96489980285286942346835023722184515501e-01, -1.4222820719254674e+01, 1.4805258449141355e+00
0.36700000, 4.79537597635961916644833232759465576689e-01, -3.03626232013239133768570188499388168305e+00, 3.99306387353112889502036330315934102606e+00, 1.54857089828285702207375569570311094876e+00, 7.11147035533988897978034685621880054686e+00, 5.97656363123482388066002865249296860342e-01, -1.4282817916989722e+01, 1.4173215751881443e+00
0.36800000, 4.80452332464338897830201162747134892414e-01, -3.03530241011552326026918468054952350231e+00, 3.99307194139627120134575145311930138732e+00, 1.55259395142747053848858776632633230465e+00, 7.11061913151779439437691160109386138417e+00, 5.98822794172962023192281692929318262670e-01, -1.4342872539003483e+01, 1.3533980546623276e+00
0.36900000, 4.81367725409334602673192749678620935052e-01, -3.03434110969578308848165939942609218012e+00, 3.99307883553629047262781697932543322876e+00, 1.55661587788844244128242562003081756812e+00, 7.10976649335994785327892909694115808237e+00, 5.99989277554515201357333216045201178943e-01, -1.4402980523738106e+01, 1.2887490519606434e+00
0.37000000, 4.82283781027910294182208397266589552373e-01, -3.03337841080146097836121497488281417869e+00, 3.99308453999166340328637607624092383896e+00, 1.56063667414756314989488402961372652827e+00, 7.10891243175411912193426344117838989794e+00, 6.01155817386285520605306043432811099378e-01, -1.4463137730102604e+01, 1.2233683016007611e+00
0.37100000, 4.83200503872859376120288152854600614917e-01, -3.03241430535948190774410017873363365128e+00, 3.99308903873386362949131632234098313808e+00, 1.56465633665482560404727663360419489298e+00, 7.10805693758637602102240090972950296660e+00, 6.02322417783841135244065220046270547834e-01, -1.4523339936315553e+01, 1.1572495041642506e+00
0.37200000, 4.84117898492908801804615311230250827569e-01, -3.03144878529491742633148937298249107562e+00, 3.99309231566506556273635809709750162547e+00, 1.56867486182815917871585666381933602227e+00, 7.10720000174061328059464246380435802233e+00, 6.03489082860245939098749893740139514063e-01, -1.4583582838734243e+01, 1.0903863264774526e+00
0.37300000, 4.85035969432821660773290573672739503879e-01, -3.03048184253050029202733049909257177519e+00, 3.99309435461784484710003218146392936891e+00, 1.57269224605316055290637922768814713446e+00, 7.10634161509808360847142211956315259738e+00, 6.04655816726131598684729585136086788875e-01, -1.4643862050670157e+01, 1.0227724018032902e+00
0.37400000, 4.85954721233500918552003230030351212377e-01, -3.02951346898614192639300075940478972936e+00, 3.99309513935487542714888680807935214578e+00, 1.57670848568282152181556774678070173274e+00, 7.10548176853693090637774468552265614954e+00, 6.05822623489770415504378086050847586319e-01, -1.4704173101190677e+01, 9.5440133004428588e-01
0.37500000, 4.86874158432094285504625229962751328146e-01, -3.02854365657845262277394683803023843817e+00, 3.99309465356862321320988386305048420049e+00, 1.58072357703725374149450000113024959487e+00, 7.10462045293172556794408413298729709848e+00, 6.06989507257148997342341379603890641650e-01, -1.4764511433906877e+01, 8.8526667795705380e-01
0.37600000, 4.87794285562100191485246932869590109110e-01, -3.02757239722026444134855748796711797847e+00, 3.99309288088103633050914273064111960682e+00, 1.58473751640341039465889188844297460155e+00, 7.10375765915300179333269537249456554604e+00, 6.08156472132042719087580416625641916078e-01, -1.4824872405747311e+01, 8.1536197937854316e-01
0.37700000, 4.88715107153474843725239023762224152407e-01, -3.02659968282015672603036268752836313623e+00, 3.99308980484323193844262549592645016610e+00, 1.58875030003480476582161413717576682026e+00, 7.10289337806679685586830361527251101029e+00, 6.09323522216090954247847831543985046218e-01, -1.4885251285717666e+01, 7.4468073546431192e-01
0.37800000, 4.89636627732740346088030382915075700041e-01, -3.02562550528198417882142943385232385714e+00, 3.99308540893517960601101176916188673726e+00, 1.59276192415122571345339480968831194167e+00, 7.10202760053419225665768109884039524683e+00, 6.10490661608873058943825257113743978814e-01, -1.4945643253646172e+01, 6.7321641493911750e-01
0.37900000, 4.90558851823093858506891345820542668052e-01, -3.02464985650440742786768191622089359667e+00, 3.99307967656538122921586699952370798353e+00, 1.59677238493845002640840577060128569433e+00, 7.10116031741085670377483314905628018053e+00, 6.11657894407985090776309413421561984134e-01, -1.5006043398914648e+01, 6.0096245436011531e-01
0.38000000, 4.91481783944517776087548777114946449716e-01, -3.02367272838042602610596380223101129899e+00, 3.99307259107054747597724540264334298817e+00, 1.60078167854795165138217286812218200305e+00, 7.10029151954659085316752480030058543697e+00, 6.12825224709117245550984602288133929117e-01, -1.5066446719175081e+01, 5.2791225839296219e-01
0.38100000, 4.92405428613890908008365262500088580884e-01, -3.02269411279691381801813131977136868922e+00, 3.99306413571527074389406702748375571577e+00, 1.60478980109660777769985703309686692485e+00, 7.09942119778487374900681399240271821250e+00, 6.13992656606131995421840308310253315760e-01, -1.5126848119051612e+01, 4.5405920010112728e-01
0.38200000, 4.93329790345100636986509926005742022799e-01, -3.02171400163415661261946446953904837235e+00, 3.99305429369169461592794644410743689626e+00, 1.60879674866640176526329759297846798482e+00, 7.09854934296241090175424419329672618116e+00, 6.15160194191142912576558921785790415281e-01, -1.5187242408827825e+01, 3.7939662124871867e-01
0.38300000, 4.94254873649156040699442513057452702192e-01, -3.02073238676539210140735485871065175621e+00, 3.99304304811917979884860539813167826045e+00, 1.61280251730412290101516161971399554559e+00, 7.09767594590868394276151260965666291367e+00, 6.16327841554594163135574012527290773959e-01, -1.5247624303119226e+01, 3.0391783261714022e-01
0.38400000, 4.95180683034301957157524520489965350975e-01, -3.01974926005635196058171513308632516527e+00, 3.99303038204396652903454986898660410317e+00, 1.61680710302106296880797686168490300294e+00, 7.09680099744550179474489232801680916878e+00, 6.17495602785340656471338443641249040551e-01, -1.5307988419530799e+01, 2.2761611433589854e-01
0.38500000, 4.96107223006133976616050137382818301107e-01, -3.01876461336480607742099762095063105381e+00, 3.99301627843883342997630859315469073786e+00, 1.62081050179270961709461446006969398705e+00, 7.09592448838655329799156806825130147435e+00, 6.18663481970728835675989014828077077355e-01, -1.5368329277299527e+01, 1.5048471622788678e-01
0.38600000, 4.97034498067714343193834454668435301900e-01, -3.01777843854010884125724736671668267311e+00, 3.99300072020275280558118958309185388674e+00, 1.62481270955843650838480580334776904617e+00, 7.09504640953696123265746390529720929681e+00, 6.19831483196678095414386357037429163766e-01, -1.5428641295921772e+01, 7.2516858169477491e-02
0.38700000, 4.97962512719688749931075981383205631653e-01, -3.01679072742274744004038393900848165248e+00, 3.99298369016054235312818682632657579911e+00, 1.62881372222119023393940093345507107511e+00, 7.09416675169283767800621335987394385833e+00, 6.20999610547762813895772795895420954024e-01, -1.5488918793765408e+01, -6.2942695342364781e-03
0.38800000, 4.98891271460404011571884714039581320045e-01, -3.01580147184389210401604186635117803060e+00, 3.99296517106251327946933357016848939269e+00, 1.63281353564717397670018005157876906763e+00, 7.09328550564084064991676155068866350646e+00, 6.22167868107294986181345667876039445450e-01, -1.5549155986666592e+01, -8.5955505758707934e-02
0.38900000, 4.99820778786026599896986410016961624801e-01, -3.01481066362494823856293378768654515284e+00, 3.99294514558411480381942282930385669104e+00, 1.63681214566552790497799176009192021238e+00, 7.09240266215773195845280733580611738987e+00, 6.23336259957407446517199624074563324303e-01, -1.5609346986511071e+01, -1.6647371815335636e-01
0.39000000, 5.00751039190662026960019956514769258187e-01, -3.01381829457711038874496376965979527240e+00, 3.99292359632557503021957051680481095694e+00, 1.64080954806800627894568925685280982419e+00, 7.09151821200993622774100004903352808670e+00, 6.24504790179137667842651233841391401600e-01, -1.5669485799799924e+01, -2.4785580271878577e-01
0.39100000, 5.01682057166475062096870759440156200258e-01, -3.01282435650091797863033894464774957048e+00, 3.99290050581153817250155150573234250594e+00, 1.64480573860865125150464691124372444490e+00, 7.09063214595310102084660784466218662030e+00, 6.25673462852512127073217292421676480775e-01, -1.5729566326199628e+01, -3.3010868336743426e-01
0.39200000, 5.02613837203810769081953408812440292669e-01, -3.01182884118581276891483169253984027054e+00, 3.99287585649069811431916269587116403284e+00, 1.64880071300346334461444319286427134919e+00, 7.08974445473165801276537785910237523005e+00, 6.26842282056631225195761587819365138815e-01, -1.5789582357076349e+01, -4.1323931146728353e-01
0.39300000, 5.03546383791316350298587796616104877332e-01, -3.01083174040969797685925586143395979868e+00, 3.99284963073542828655002762362510040576e+00, 1.65279446693006858169447098959975057341e+00, 7.08885512907838515506861519782278438932e+00, 6.28011251869754751640832998889175823849e-01, -1.5849527574014356e+01, -4.9725466536824950e-01
0.39400000, 5.04479701416063785272912660975069340271e-01, -3.00983304593849900301226062490759583100e+00, 3.99282181084140784410622127815976714748e+00, 1.65678699602738225622366258723819001666e+00, 7.08796415971396977614521872387525308405e+00, 6.29180376369387882814262946924739483490e-01, -1.5909395547318462e+01, -5.8216174991086816e-01
0.39500000, 5.05413794563673251392449719307340145554e-01, -3.00883274952572570963883391095902598282e+00, 3.99279237902724412392482767991183481444e+00, 1.66077829589526931618007403180860862955e+00, 7.08707153734657256137962505867756785338e+00, 6.30349659632367705076937629662085415709e-01, -1.5969179734500389e+01, -6.6796759591688371e-01
0.39600000, 5.06348667718437315091763077072997423843e-01, -3.00783084291203619621256107955576987239e+00, 3.99276131743409136564001169603804411074e+00, 1.66476836209420134347564265016550999368e+00, 7.08617725267139235798842413029357788554e+00, 6.31519105734950252858568496230254955694e-01, -1.6028873478748966e+01, -7.5467925966133869e-01
0.39700000, 5.07284325363445882238938039821535240912e-01, -3.00682731782480201775581859511567686856e+00, 3.99272860812526567616635492893529529280e+00, 1.66875719014491010705289285352457433653e+00, 7.08528129637023174961091375884624269975e+00, 6.32688718752898052978504767714914887202e-01, -1.6088470007384056e+01, -8.4230382232575833e-01
0.39800000, 5.08220771980711896898109234159745202460e-01, -3.00582216597767479222680950392788029031e+00, 3.99269423308585621914903690488924174039e+00, 1.67274477552803766781959992989879789357e+00, 7.08438365911106334611014860035063802195e+00, 6.33858502761568166624409669448051072330e-01, -1.6147962430294133e+01, -9.3084838943201407e-01
0.39900000, 5.09158012051297778075271510089136215377e-01, -3.00481537907015414355577798588326553985e+00, 3.99265817422233260995989997256109179549e+00, 1.67673111368378301310431048010485646873e+00, 7.08348433154759673439119942694091052788e+00, 6.35028461836000720808196295241889674741e-01, -1.6207343738357410e+01, -1.0203200902564432e+00
0.40000000, 5.10096050055442584477373126884148475250e-01, -3.00380694878715692732498223298956270952e+00, 3.99262041336214849663948124055614849943e+00, 1.68071620001154519782004275249860302635e+00, 7.08258330431884603638245904465856881747e+00, 6.36198600051007921478222394979567606545e-01, -1.6266606801846429e+01, -1.1107260772237945e+00
0.40100000, 5.11034890472689897728477297590743248312e-01, -3.00279686679858768646816426170437675000e+00, 3.99258093225334130690368867359552274240e+00, 1.68470002986956296902533176800421402498e+00, 7.08168056804869802065399566884986342186e+00, 6.37368921481263540817602600657104374827e-01, -1.6325744368816027e+01, -1.2020735252805602e+00
0.40200000, 5.11974537782016414891836949417400047297e-01, -3.00178512475891028473543555332413957516e+00, 3.99253971256412814104990145553926810779e+00, 1.68868259857455085007092423454887821611e+00, 7.08077611334548071446424550331819959488e+00, 6.38539430201392871600832587863425782582e-01, -1.6384749063474604e+01, -1.2943696312472500e+00
0.40300000, 5.12914996461961241543303975386049230294e-01, -3.00077171430672066602879990583102907754e+00, 3.99249673588249779031084644060930042929e+00, 1.69266390140133166001674826645273064988e+00, 7.07986993080153246333283349177647476835e+00, 6.39710130286063141814947640795329935335e-01, -1.6443613384538591e+01, -1.3876216131491495e+00
0.40400000, 5.13856270990755877029827663816336541648e-01, -2.99975662706432068806205854452487288587e+00, 3.99245198371579885991560167941337455016e+00, 1.69664393358246544349716424157113826826e+00, 7.07896201099277138553309229118398905593e+00, 6.40881025810074383077367756213491829983e-01, -1.6502329703570057e+01, -1.4818367095251036e+00
0.40500000, 5.14798365846454883927120849881008412804e-01, -2.99873985463729297913668404978532991707e+00, 3.99240543749032397582546255632082386893e+00, 1.70062269030787478570282704495883947065e+00, 7.07805234447826516918298968798318562933e+00, 6.42052120848450746700617114743063387145e-01, -1.6560890263297378e+01, -1.5770221787138501e+00
0.40600000, 5.15741285507067234083114348247377929974e-01, -2.99772138861407676715250338694074454389e+00, 3.99235707855089005381813314889202418526e+00, 1.70460016672446648663463761841616279551e+00, 7.07714092179980115988774683778045011790e+00, 6.43223419476532261564446561102965910400e-01, -1.6619287175918875e+01, -1.6731852981174269e+00
0.40700000, 5.16685034450688323998802522572670502321e-01, -2.99670122056554463028878832738450585720e+00, 3.99230688816041460929673136638286505449e+00, 1.70857635793574956826911412647303019253e+00, 7.07622773348145668715150441719849955789e+00, 6.44394925770067028258727666285396068797e-01, -1.6677512421389372e+01, -1.7703333634411620e+00
0.40800000, 5.17629617155632652655722118181770988399e-01, -2.99567934204458011909770358481635139447e+00, 3.99225484749948808590037680007461981476e+00, 1.71255125900144958775495088947236589413e+00, 7.07531277002916957802903925405536822099e+00, 6.45566643805303844256015030812973882898e-01, -1.6735557845689598e+01, -1.8684736879097504e+00
0.40900000, 5.18575038100567155249814136162413444159e-01, -2.99465574458565620004809649812093237876e+00, 3.99220093766594218069061978997781103241e+00, 1.71652486493711922923743696637052910641e+00, 7.07439602193030880673181612675311457892e+00, 6.46738577659085255161073934775605129581e-01, -1.6793415159078365e+01, -1.9676136014589110e+00
0.41000000, 5.19521301764645186635000828435059064692e-01, -2.99363041970441447084341220311325358082e+00, 3.99214513967441414338262295588430221459e+00, 1.72049717071374514638065600363299388766e+00, 7.07347747965324522913564172894596356747e+00, 6.47910731408941027366122750027857944394e-01, -1.6851075934327462e+01, -2.0677604499021094e+00
0.41100000, 5.20468412627641148616668113721676990285e-01, -2.99260335889724509811316776614736058023e+00, 3.99208743445590702678177553908407468459e+00, 1.72446817125735102712686443156286137954e+00, 7.07255713364692235135993146725507632764e+00, 6.49083109133182037715218626123511759907e-01, -1.6908531604939211e+01, -2.1689215940718206e+00
0.41200000, 5.21416375170085755565574262273731267021e-01, -2.99157455364086742834299820638389489758e+00, 3.99202780285734586527525874353459535213e+00, 1.72843786144859685169802558683791102412e+00, 7.07163497434042708180116363486229454494e+00, 6.50255714910994576049291309004171172256e-01, -1.6965773463346627e+01, -2.2711044089347993e+00
0.41300000, 5.22365193873401933146700253894383538752e-01, -2.99054399539191122316387489884017029765e+00, 3.99196622564112975791393844457065854963e+00, 1.73240623612237431430604169556001810778e+00, 7.07071099214256041620553606789526112502e+00, 6.51428552822535056764969673410216619654e-01, -1.7022792659096129e+01, -2.3743162826808137e+00
0.41400000, 5.23314873220041345275402863283530877987e-01, -2.98951167558649847036676840093203559545e+00, 3.99190268348467983230279094250009995945e+00, 1.73637329006739837849565216710354734572e+00, 7.06978517744140800555821177707244918587e+00, 6.52601626949025135775710542257572225463e-01, -1.7079580197012759e+01, -2.4785646157842906e+00
0.41500000, 5.24265417693621544725110882918458008467e-01, -2.98847758563982572224485683992179905906e+00, 3.99183715697998306519781786753590136092e+00, 1.74033901802579493549713305698148688704e+00, 7.06885752060391055674889403140755701797e+00, 6.53774941372847229512987408058477595964e-01, -1.7136126935347868e+01, -2.5838568200383090e+00
0.41600000, 5.25216831779063743116896223812496739658e-01, -2.98744171694574691309143888154851520037e+00, 3.99176962663313193538402707384677949813e+00, 1.74430341469268453441471596976304202191e+00, 7.06792801197543401614585737400233404930e+00, 6.54948500177640432848581533352114626015e-01, -1.7192423583909220e+01, -2.6902003175603692e+00
0.41700000, 5.26169119962731196321728979604253080139e-01, -2.98640406087635660789806590049685628906e+00, 3.99170007286385988408249576406549887781e+00, 1.74826647471576215252092153736458403790e+00, 7.06699664187933948637302613295113740524e+00, 6.56122307448396833056489455679941478940e-01, -1.7248460702173489e+01, -2.7976025397693554e+00
0.41800000, 5.27122286732568201601258831629084294735e-01, -2.98536460878157363450412790615875762745e+00, 3.99162847600507255780473771353838046777e+00, 1.75222819269487297336664865615005296966e+00, 7.06606340061655282673728085255999503088e+00, 6.57296367271558217164765222655849292132e-01, -1.7304228697381122e+01, -2.9060709263330997e+00
0.41900000, 5.28076336578239703102720349372149470431e-01, -2.98432335198872505164627634304721631401e+00, 3.99155481630237480823951504421378264008e+00, 1.75618856318158413985175086830228561739e+00, 7.06512827846513388789592804709887166051e+00, 6.58470683735113170273895096250221500136e-01, -1.7359717822613524e+01, -3.0156129240859425e+00
0.42000000, 5.29031273991271502608198856158027398721e-01, -2.98328028180213040554370607096224450349e+00, 3.99147907391359342342081242913797758328e+00, 1.76014758067875244883083978849263811484e+00, 7.06419126567984533148722974054788549526e+00, 6.59645260928694562639195748467469788267e-01, -1.7414918174852570e+01, -3.1262359859156776e+00
0.42100000, 5.29987103465191072718174863458514866724e-01, -2.98223538950268622783350830857019891491e+00, 3.99140122890829556408587295015319322885e+00, 1.76410523964008795325405560678734477444e+00, 7.06325235249172098557009400170414688107e+00, 6.60820102943677423530369366762015773030e-01, -1.7469819693022408e+01, -3.2379475696192569e+00
0.42200000, 5.30943829495668969924143239103740013139e-01, -2.98118866634745072783910345483637718084e+00, 3.99132126126730287878892429822962410759e+00, 1.76806153446971343726240883639270025284e+00, 7.06231152910763368683251134315336958049e+00, 6.61995213873277200091872419372548080073e-01, -1.7524412156013553e+01, -3.3507551367266193e+00
0.42300000, 5.31901456580660845295329309266143697165e-01, -2.98014010356922863231422253161685129018e+00, 3.99123915088220127098944495880107422631e+00, 1.77201645952171972907189705746840859898e+00, 7.06136878570986256063211727850283628835e+00, 6.63170597812648399633287588551761152991e-01, -1.7578685180689266e+01, -3.4646661512919985e+00
0.42400000, 5.32859989220550050770245580101683426802e-01, -2.97908969237615612595508124995118858565e+00, 3.99115487755484629098347496175812973409e+00, 1.77597000909971681588980586779524631862e+00, 7.06042411245565969002639899994084357124e+00, 6.64346258858983613979555807798268042070e-01, -1.7632628219874215e+01, -3.5796880786520520e+00
0.42500000, 5.33819431918290839305193913487620735003e-01, -2.97803742395128584611433181068613263089e+00, 3.99106842099686412519250632354857937465e+00, 1.77992217745638072451028396496878535837e+00, 7.05947749947681612503457214038287414492e+00, 6.65522201111612924706849520091089638467e-01, -1.7686230560325430e+01, -3.6958283841501436e+00
0.42600000, 5.34779789179552157388959741316757904170e-01, -2.97698328945217188528213261129675687328e+00, 3.99097976082914815496683521123811778030e+00, 1.78387295879299613063430652622008523744e+00, 7.05852893687922718344805762756119897558e+00, 6.66698428672103688281168209968848622578e-01, -1.7739481320685559e+01, -3.8130945318260977e+00
0.42700000, 5.35741065512862028686005014101110402198e-01, -2.97592728001045475502229083467083369787e+00, 3.99088887658135105669886096688193773712e+00, 1.78782234725899465935137594002975479356e+00, 7.05757841474245699457181203694450360827e+00, 6.67874945644360700303528954476734705400e-01, -1.7792369449418450e+01, -3.9314939830707365e+00
0.42800000, 5.36703265429752527819579723639231594456e-01, -2.97486938673144626516495091609649790283e+00, 3.99079574769137241467661539293835596915e+00, 1.79177033695148883860662039309338613458e+00, 7.05662592311930223733452852617337381631e+00, 6.69051756134726738248021264406966317134e-01, -1.7844883722727079e+01, -4.0510341952444947e+00
0.42900000, 5.37666393444905343551469687768499551416e-01, -2.97380960069371427216176427897663093759e+00, 3.99070035350484181773873714817327164066e+00, 1.79571692191480166685720348655255195548e+00, 7.05567145203535502425194790464152551190e+00, 6.70228864252083482257107077428605357716e-01, -1.7897012742453862e+01, -4.1717226202593975e+00
0.43000000, 5.38630454076297930856709595743162149131e-01, -2.97274791294866725060492133708726834866e+00, 3.99060267327459741041910784349541622157e+00, 1.79966209613999175549601530027370687370e+00, 7.05471499148856488276421677015802996387e+00, 6.71406274107952813732480872967301509394e-01, -1.7948744933963384e+01, -4.2935667031236749e+00
0.43100000, 5.39595451845350251629641014148827184414e-01, -2.97168431452013864199789210101555897809e+00, 3.99050268616015986889237462311628733391e+00, 1.80360585356437400598833913933812034956e+00, 7.05375653144879978549541562969425677976e+00, 6.72583989816598491629666255284137427828e-01, -1.8000068544007592e+01, -4.4165738804482711e+00
0.43200000, 5.40561391277072103992308326814605458944e-01, -2.97061879640397093494324099660215633073e+00, 3.99040037122720177165053387951207257011e+00, 1.80754818807103578102843916935739771991e+00, 7.05279606185740618100106579300233696728e+00, 6.73762015495128206530416111425075176998e-01, -1.8050971638573516e+01, -4.5407515789144997e+00
0.43300000, 5.41528276900211040407481942096662519775e-01, -2.96955134956759943098148657762762658313e+00, 3.99029570744701233445557652470001071697e+00, 1.81148909348834852837765140150537328188e+00, 7.05183357262676797657761843975337901398e+00, 6.74940355263596012729003142248342649602e-01, -1.8101442100713562e+01, -4.6661072137020781e+00
0.43400000, 5.42496113247400875026695472389830220754e-01, -2.96848196494963565037469724079095701076e+00, 3.99018867369595747872383018743717683465e+00, 1.81542856358947481539344163435702238860e+00, 7.05086905363986442470663903189834559981e+00, 6.76119013245105138726733233088256861910e-01, -1.8151467628358462e+01, -4.7926481868767639e+00
0.43500000, 5.43464904855310780928697386302004432163e-01, -2.96741063345945033217937704563116616609e+00, 3.99007924875493520210401009158313894833e+00, 1.81936659209187073159987503982491640684e+00, 7.04990249474982686469562914986241380058e+00, 6.77297993565911176683580382769567344102e-01, -1.8201035732112952e+01, -4.9203818857368044e+00
0.43600000, 5.44434656264794978125760827899583722956e-01, -2.96633734597675598299522618958170755416e+00, 3.98996741130882621961303944841805706809e+00, 1.82330317265678361598387751482907472732e+00, 7.04893388577949427105717739937786710701e+00, 6.78477300355525651526820976050168937259e-01, -1.8250133733034263e+01, -5.0493156811173949e+00
0.43700000, 5.45405372021043013434478498559230566672e-01, -2.96526209335118892880958113578286542033e+00, 3.98985313994593984329135219043476767664e+00, 1.82723829888874506502841145256554862180e+00, 7.04796321652096756013840033008849863399e+00, 6.79656937746819970564026979197354776688e-01, -1.8298748760393522e+01, -5.1794569256523287e+00
0.43800000, 5.46377056673730633524101019415939180638e-01, -2.96418486640189082438177004401996781343e+00, 3.98973641315745506793257496659449677378e+00, 1.83117196433505917681308922961521470338e+00, 7.04699047673516260647341992181591598464e+00, 6.80836909876129754591849817593479566048e-01, -1.8346867749420168e+01, -5.3108129519920104e+00
0.43900000, 5.47349714777171252669263125055733554604e-01, -2.96310565591708957462727787222529764268e+00, 3.98961720933685683003112962799360999280e+00, 1.83510416248528598582465568275365000651e+00, 7.04601565615136192028292024271577486584e+00, 6.82017220883359551632774713558812122248e-01, -1.8394477439029498e+01, -5.4433910709769868e+00
0.44000000, 5.48323350890468016945186313203903626701e-01, -2.96202445265367962246851780468218829086e+00, 3.98949550677936740667532899755844247467e+00, 1.83903488677072004242403354377921640528e+00, 7.04503874446676493748662398623460211664e+00, 6.83197874912087934569532432186243631077e-01, -1.8441564369533455e+01, -5.5771985697661401e+00
0.44100000, 5.49297969577666466812251030400479096809e-01, -2.96094124733680155761716467315291647326e+00, 3.98937128368137292069288347921756109252e+00, 1.84296413056386409021308869304845822672e+00, 7.04405973134603687352681886727589335319e+00, 6.84378876109672984081202921718775266791e-01, -1.8488114880334814e+01, -5.7122427099186695e+00
0.44200000, 5.50273575407907800243295922742883814903e-01, -2.95985603065942100074243255445916509649e+00, 3.98924451813984491793031884584656674194e+00, 1.84689188717789779383277870554543657828e+00, 7.04307860642085609222383090187794368918e+00, 6.85560228627358158416312422733981218522e-01, -1.8534115107604879e+01, -5.8485307254289786e+00
0.44300000, 5.51250172955582738751223972517250218955e-01, -2.95876879328190671746038116760308516388e+00, 3.98911518815175698211755003999173385091e+00, 1.85081814986614146900474000339046771718e+00, 7.04209535928945994079757047838309385659e+00, 6.86741936620378551666489449071434266116e-01, -1.8579550981944875e+01, -5.9860698207135657e+00
0.44400000, 5.52227766800485998876571422482827248423e-01, -2.95767952583160791655132009207811016069e+00, 3.98898327161349635233368455983184091578e+00, 1.85474291182151476590048542601126940836e+00, 7.04110997951618900209294937670457252295e+00, 6.87924004248067542329580866692219300856e-01, -1.8624408226031182e+01, -6.1248671685490049e+00
0.44500000, 5.53206361527971371894719364262602101990e-01, -2.95658821890243068677564983700847753505e+00, 3.98884874632027050764996334137319671323e+00, 1.85866616617599025618606247818188176642e+00, 7.04012245663102971494106147204140178510e+00, 6.89106435673963834073610478110418738825e-01, -1.8668672352244589e+01, -6.2649299079600880e+00
0.44600000, 5.54185961729107414700492057173057269754e-01, -2.95549486305441352661303566363637486923e+00, 3.98871158996550868308050714514685795909e+00, 1.86258790600004187334509801452597752498e+00, 7.03913278012915531347251316188386146542e+00, 6.90289235065918890732660580228043289310e-01, -1.8712328660283766e+01, -6.4062651420571829e+00
0.44700000, 5.55166572000833755024081044840862889326e-01, -2.95439944881330192119565265268411916952e+00, 3.98857178014025828052114125091556770141e+00, 1.86650812430208815512946050628439840699e+00, 7.03814093947046503607415538115648646019e+00, 6.91472406596204767682741625477996229084e-01, -1.8755362234763144e+01, -6.5488799358218511e+00
0.44800000, 5.56148196946118014326648875877607280285e-01, -2.95330196667012192064336525038014631945e+00, 3.98842929433257613790093845455125070419e+00, 1.87042681402793023622413683068654758475e+00, 7.03714692407912155454567861263015191244e+00, 6.92655954441622341860054350294745902140e-01, -1.8797757942795421e+01, -6.6927813138397483e+00
0.44900000, 5.57130841174113351916688024421850471645e-01, -2.95220240708075267393710543492055412067e+00, 3.98828410992691461931016638003096053503e+00, 1.87434396806018453844117485934052619020e+00, 7.03615072334308657386805412511339540490e+00, 6.93839882783609942795808801477318329305e-01, -1.8839500431558920e+01, -6.8379762579798201e+00
0.45000000, 5.58114509300316634019325199065730298159e-01, -2.95110076046549787238638229544567753345e+00, 3.98813620420350248840196511083616305296e+00, 1.87825957921771010497651168515226610223e+00, 7.03515232661365455284160470246448362735e+00, 6.95024195808352387151010182625143612502e-01, -1.8880574125850037e+01, -6.9844717050187872e+00
0.45100000, 5.59099205946727231720352869729019120427e-01, -2.94999701720865605665778133708548826513e+00, 3.98798555433772052689322894084490847418e+00, 1.88217364025503052447301328880769671030e+00, 7.03415172320498449568752961978728721637e+00, 6.96208897706890419341415325284358352415e-01, -1.8920963225621027e+01, -7.1322745442098987e+00
0.45200000, 5.60084935742006451894921320858762339668e-01, -2.94889116765808974123348088674963086206e+00, 3.98783213739947185951273413967012273822e+00, 1.88608614386175038983291539676778478624e+00, 7.03314890239362976453295215195086284429e+00, 6.97393992675230560947267241396197916084e-01, -1.8960651703503407e+01, -7.2813916147949187e+00
0.45300000, 5.61071703321637605417617240186053930942e-01, -2.94778320212479331006220976990758917298e+00, 3.98767593035254694626145415311586136158e+00, 1.88999708266196623591289516614486612776e+00, 7.03214385341806586251596133004122753634e+00, 6.98579484914455371704488465299085044219e-01, -1.8999623302317239e+01, -7.4318297034582905e+00
0.45400000, 5.62059513328086717136168803798639176639e-01, -2.94667311088245963704967666568120045845e+00, 3.98751691005398320236114435887830108947e+00, 1.89390644921367189941503437452610821304e+00, 7.03113656547821613705363813093998600100e+00, 6.99765378630834124973815064271638918803e-01, -1.9037861532566611e+01, -7.5835955417224132e+00
0.45500000, 5.63048370410963882275331142012885846985e-01, -2.94556088416704538491129643065815222226e+00, 3.98735505325341920577256869799754773749e+00, 1.89781423600815824345676943563725560526e+00, 7.03012702773497535261264217921487578130e+00, 7.00951678035933900681939131521490624136e-01, -1.9075349669921609e+01, -7.7366958032829408e+00
0.45600000, 5.64038279227185274120697428410285696920e-01, -2.94444651217633493577699889728627044395e+00, 3.98719033659244345166408708791627905081e+00, 1.90172043546940718846237138888892118019e+00, 7.02911522930973108210853796775320651020e+00, 7.02138387346731098824153681039508448187e-01, -1.9112070752687113e+01, -7.8911371012830061e+00
0.45700000, 5.65029244441135808014325875440397462597e-01, -2.94332998506950290679600535234812193004e+00, 3.98702273660393761270463090609777047383e+00, 1.90562503995347999016736667793733119436e+00, 7.02810115928388286583660637120143354568e+00, 7.03325510785723376711314142169058705593e-01, -1.9148007579258768e+01, -8.0469259855252471e+00
0.45800000, 5.66021270724832466875246725915621336937e-01, -2.94221129296667520383866868494142867623e+00, 3.98685222971141426354226792668511901790e+00, 1.90952804174789970466540069433644252417e+00, 7.02708480669835908660336181340750213810e+00, 7.04513052581042013235197734950074103156e-01, -1.9183142705566485e+01, -8.2040689396205020e+00
0.45900000, 5.67014362758088293638189859813131147882e-01, -2.94109042594848856623276409195032213298e+00, 3.98667879222834902731050027972005861782e+00, 1.91342943307102777955416129498466046744e+00, 7.02606616055313150948431898046767617526e+00, 7.05701016966564703515607189416662241980e-01, -1.9217458442505842e+01, -8.3625723780720198e+00
0.46000000, 5.68008525228677056183325770849957357565e-01, -2.93996737405564855530295468390978645708e+00, 3.98650240035750710147905010621078684242e+00, 1.91732920607143470935291623243643342517e+00, 7.02504520980672743437966368469961383998e+00, 7.06889408182028787379878541263131028465e-01, -1.9250936853357796e+01, -8.5224426432940145e+00
0.46100000, 5.69003762832498590508512252765300130748e-01, -2.93884212728848593930450417880210229400e+00, 3.98632303019026411983406683526119481588e+00, 1.92122735282726469246877086254037725883e+00, 7.02402194337573940927531570875387299918e+00, 7.08078230473144915210862805872842001875e-01, -1.9283559751197115e+01, -8.6836860025633782e+00
0.46200000, 5.70000080273744828073557023607363341407e-01, -2.93771467560651142715562831005194824135e+00, 3.98614065770592130683433502145537642945e+00, 1.92512386534559422608171150440794523048e+00, 7.02299635013433245184235957624298496704e+00, 7.09267488091711154783005670954938723301e-01, -1.9315308696289948e+01, -8.8463086449033445e+00
0.46300000, 5.70997482265066513423412608677059853207e-01, -2.93658500892796870317712616165708465148e+00, 3.98595525877101488004506840667332686817e+00, 1.92901873556178457439965292658607191373e+00, 7.02196841891374872672289161338200000037e+00, 7.10457185295727542787894207636631149261e-01, -1.9346164993481014e+01, -9.0103166778978816e+00
0.46400000, 5.71995973527740618374083089709049632792e-01, -2.93545311712938571484306825887631315110e+00, 3.98576680913861965579913857725421127297e+00, 1.93291195533882804480383965548117433474e+00, 7.02093813850180962555491478459938193595e+00, 7.11647326349511084830620046288973136872e-01, -1.9376109689570858e+01, -9.1757161244355722e+00
0.46500000, 5.72995558791838459221410929597853328585e-01, -2.93431899004512416533229307168525774682e+00, 3.98557528444764681267699781949637113144e+00, 1.93680351646668800546184063159437424633e+00, 7.01990549764241519648292996101900282387e+00, 7.12837915523811207756568402544945411171e-01, -1.9405123570683671e+01, -9.3425129193817229e+00
0.46600000, 5.73996242796394523608893287856618343420e-01, -2.93318261746692716244722809404074374991e+00, 3.98538066022213576683100632148339290304e+00, 1.94069341066163257702980202478377612737e+00, 7.01887048503504086958424379377901553853e+00, 7.14028957095925668244824544154881053200e-01, -1.9433187159626210e+01, -9.5107129061774231e+00
0.46700000, 5.74998030289576013866317549339844829386e-01, -2.93204398914346497523405356249426852347e+00, 3.98518291187054011260725272216430241916e+00, 1.94458162956556193009735688927437732989e+00, 7.01783308933423142431365638007919491206e+00, 7.15220455349816921679335427238421787991e-01, -1.9460280713238313e+01, -9.6803218333642593e+00
0.46800000, 5.76000926028853113806370941043261630403e-01, -2.93090309477987884939641111801793817453e+00, 3.98498201468500758133815133548965329888e+00, 1.94846816474532911904740211159388111162e+00, 7.01679329914909214473102044278615864775e+00, 7.16412414576228955382314886732010880666e-01, -1.9486384219735615e+01, -9.8513453510333704e+00
0.46900000, 5.77004934781169986141534136255893626288e-01, -2.92975992403732283234366844033625132991e+00, 3.98477794384065397059199447792224085325e+00, 1.95235300769205438200860820134759907665e+00, 7.01575110304277710792708861798640582784e+00, 7.17604839072804590366175469566729604589e-01, -1.9511477396045004e+01, -1.0023789007197509e+01
0.47000000, 5.78010061323116507858577990019865567702e-01, -2.92861446653250355845412341156108020467e+00, 3.98457067439483099557111759708920288712e+00, 1.95623614982043283557078732839819211558e+00, 7.01470648953197455070299425187272266312e+00, 7.18797733144203255830547247091825291126e-01, -1.9535539685133454e+01, -1.0197658244084756e+01
0.47100000, 5.79016310441100751062909720066680242859e-01, -2.92746671183721794486340415463268775551e+00, 3.98436018128638801374827978957974726185e+00, 1.96011758246803549191186697186490347389e+00, 7.01365944708638925918754816920480003958e+00, 7.19991101102219240699741223143881466015e-01, -1.9558550253330838e+01, -1.0372958394352526e+01
0.47200000, 5.80023686931522216979923041685743372124e-01, -2.92631664947788874780862791264495160354e+00, 3.98414643933492757322115227544515150438e+00, 1.96399729689460352494995379181732191684e+00, 7.01260996412822192569418019538690278217e+00, 7.21184947265900426563368767195824385726e-01, -1.9580487987647405e+01, -1.0549694677220453e+01
0.47300000, 5.81032195600945830975458510558778077100e-01, -2.92516426893509792926955283804587292104e+00, 3.98392942324005473464731991020100316228e+00, 1.96787528428133571108457376678521821864e+00, 7.01155802903164541672570743836406365437e+00, 7.22379275961667506448774385071742409081e-01, -1.9601331493086569e+01, -1.0727872194520773e+01
0.47400000, 5.82041841266276706632537615324302257813e-01, -2.92400955964311778334892004333517872450e+00, 3.98370910758062011599681124054353500031e+00, 1.97175153573016896902738479186832265794e+00, 7.01050363012227789563006570502710858109e+00, 7.23574091523433693918511686685763858043e-01, -1.9621059089953744e+01, -1.0907495926664751e+01
0.47500000, 5.83052628754935687096758480538368428516e-01, -2.92285251098943977152536343746501330421e+00, 3.98348546681395660872575421745073973307e+00, 1.97562604226305192214421686510720091308e+00, 7.00944675567665274299358672696310097598e+00, 7.24769398292724927049325292899240106864e-01, -1.9639648811161938e+01, -1.1088570728523719e+01
0.47600000, 5.84064562905035672078193412025087286953e-01, -2.92169311231430101559358362252573217520e+00, 3.98325847527510971333317858745047694385e+00, 1.97949879482121140563693819251550389564e+00, 7.00838739392168521743022938818023109870e+00, 7.25965200618800571911027411686878200685e-01, -1.9657078399534888e+01, -1.1271101325223248e+01
0.47700000, 5.85077648565558739073369527517805349011e-01, -2.92053135291020839677785808243370354015e+00, 3.98302810717606144161312111026826361652e+00, 1.98336978426441183978510382585524146015e+00, 7.00732553303413579898526161731798041075e+00, 7.27161502858774630224308794845267914150e-01, -1.9673325305108504e+01, -1.1455092307848973e+01
0.47800000, 5.86091890596534067547003552310758868027e-01, -2.91936722202146020916630859160547350327e+00, 3.98279433660494773225590277686156516588e+00, 1.98723900137020738934334283881009381495e+00, 7.00626116114007015692012115996727366482e+00, 7.28358309377737455935930784714999694805e-01, -1.9688366682431461e+01, -1.1640548129062549e+01
0.47900000, 5.87107293869216674989660340787484860070e-01, -2.91820070884366531526458060378579924116e+00, 3.98255713752526932578560251470870126524e+00, 1.99110643683318682805070168072268778032e+00, 7.00519426631431568318143455757629781902e+00, 7.29555624548877985507938355355888898180e-01, -1.9702179387865781e+01, -1.1827473098626234e+01
0.48000000, 5.88123863266266973944471293226873197871e-01, -2.91703180252325975110861757018824048855e+00, 3.98231648377509604414521151873109003556e+00, 1.99497208126421102605240135260833126984e+00, 7.00412483657991453238131709091850238998e+00, 7.30753452753606486774542797125882176232e-01, -1.9714739976888284e+01, -1.2015871378834520e+01
0.48100000, 5.89141603681931159273542753150272559042e-01, -2.91586049215702072800694168527585582560e+00, 3.98207234906626441955657600198366379024e+00, 1.99883592518964297686239544051537471140e+00, 7.00305285990757310862798119296272768384e+00, 7.31951798381677831276175531224433289338e-01, -1.9726024701393830e+01, -1.2205746979851273e+01
0.48200000, 5.90160520022222435112764602411690106699e-01, -2.91468676679157797760318421071006233240e+00, 3.98182470698356861658888104988675082184e+00, 2.00269795905057027930644059615319457594e+00, 7.00197832421510793904521206642593557388e+00, 7.33150665831315295034939222729840923215e-01, -1.9736009507001283e+01, -1.2397103754950768e+01
0.48300000, 5.91180617205103091142454288449104447635e-01, -2.91351061542292238655944272118214028375e+00, 3.98157353098394459066694912786363336612e+00, 2.00655817320201998867981120240977399109e+00, 7.00090121736688787330628823699640732679e+00, 7.34350059509334892789305862411680608797e-01, -1.9744670030363200e+01, -1.2589945395661030e+01
0.48400000, 5.92201900160667437980699881643100304728e-01, -2.91233202699591186676027543726256198233e+00, 3.98131879439564742553887583802731731297e+00, 2.01041655791216575013100065820452036190e+00, 6.99982152717327254798228886756065513735e+00, 7.35549983831270250758460024701273337333e-01, -1.9751981596480233e+01, -1.2784275426807840e+01
0.48500000, 5.93224373831325611686455754574430663719e-01, -2.91115099040377440652566694934077459402e+00, 3.98106047041742179150135235647546962114e+00, 2.01427310336152712604244232390047321852e+00, 6.99873924139004705396629217320174295665e+00, 7.36750443221498023058184552870085436075e-01, -1.9757919216021315e+01, -1.2980097201457751e+01
0.48600000, 5.94248043171988257540454237022425779203e-01, -2.90996749448760824789900433575242759152e+00, 3.98079853211766546545027557179502975200e+00, 2.01812779964216102792113732460241536028e+00, 6.99765434771785274468357945534105711065e+00, 7.37951442113363856940660214604272867280e-01, -1.9762457582650708e+01, -1.3177413895758462e+01
0.48700000, 5.95272913150252103453884153280246196435e-01, -2.90878152803587913464287368289375409522e+00, 3.98053295243358585308376754717108088298e+00, 2.02198063675684516203577190323749055988e+00, 6.99656683380161412223346221553903947502e+00, 7.39152984949308912080024438963849692772e-01, -1.9765571070363033e+01, -1.3376228503674834e+01
0.48800000, 5.96298988746586433537610429374791370113e-01, -2.90759307978391457513120652229587508447e+00, 3.98026370417034945283435704211115982530e+00, 2.02583160461825339674211565569628417207e+00, 6.99547668722996173803058640053452637576e+00, 7.40355076180996939174030415805451912788e-01, -1.9767233730827454e+01, -1.3576543831618859e+01
0.48900000, 5.97326274954520472548525850136814493376e-01, -2.90640213841339506387085230385721544977e+00, 3.97999076000022420034665613527424276336e+00, 2.02968069304812295812487945758352323797e+00, 6.99438389553465104392237467022528673622e+00, 7.41557720269441923179689250918259340714e-01, -1.9767419290742208e+01, -1.3778362492971833e+01
0.49000000, 5.98354776780831692114494408526491055240e-01, -2.90520869255184220491890166304545938044e+00, 3.97971409246171463154623028841869499080e+00, 2.03352789177641335925143764367020816748e+00, 6.99328844618997712915447691108759719248e+00, 7.42760921685136296547386490629270927639e-01, -1.9766101149200735e+01, -1.3981686902496980e+01
0.49100000, 5.99384499245735049825323386712719736772e-01, -2.90401273077210367998390713627035857056e+00, 3.97943367395868980156434334420662085377e+00, 2.03737319044045696698053607015814113992e+00, 6.99219032661218527793753884673465067818e+00, 7.43964684908179727863661464093530299591e-01, -1.9763252375070676e+01, -1.4186519270640769e+01
0.49200000, 6.00415447383073172464346240418124695259e-01, -2.90281424159183500350941058383547801281e+00, 3.97914947675950389599168981606059380478e+00, 2.04121657858410110889696258178253809618e+00, 6.99108952415887728173609182130147515488e+00, 7.45169014428408491357644197368931271840e-01, -1.9758845704387082e+01, -1.4392861597721105e+01
0.49300000, 6.01447626240507494843568490912233023348e-01, -2.90161321347297800653675351244890375468e+00, 3.97886147299610947013193219837568611935e+00, 2.04505804565684162155078894139813656279e+00, 6.98998602612841343975373235549373112990e+00, 7.46373914745525422770080152113953803249e-01, -1.9752853537761195e+01, -1.4600715668000596e+01
0.49400000, 6.02481040879710365894982224171870547095e-01, -2.90040963482123599063087747334097791087e+00, 3.97856963466316325111266455995743632905e+00, 2.04889758101294773976683644509411427961e+00, 6.98887981975931018042781193195020153247e+00, 7.47579390369230467126957130448886682332e-01, -1.9745247937806217e+01, -1.4810083043643054e+01
0.49500000, 6.03515696376558133861649640787516544402e-01, -2.89920349398554549262757251356563691721e+00, 3.97827393361712443688714584331878260870e+00, 2.05273517391057822535609723888951341289e+00, 6.98777089222963323607140493152173721131e+00, 7.48785445819351824002000150320859418936e-01, -1.9736000626581528e+01, -1.5020965058551366e+01
0.49600000, 6.04551597821325222624550734826270504026e-01, -2.89799477925754460042325401923269560982e+00, 3.97797434157534542532460427056525978207e+00, 2.05657081351088863210557862625512064065e+00, 6.98665923065638630211017014713797740518e+00, 7.49992085625977695893737114750426336482e-01, -1.9725082983056866e+01, -1.5233362812084876e+01
0.49700000, 6.05588750318879211395043131440055918022e-01, -2.89678347887103775947868986110360587429e+00, 3.97767083011515490573992190848007101052e+00, 2.06040448887712960244603995585504080692e+00, 6.98554482209489511165666834672289834851e+00, 7.51199314329588645383478264381521712017e-01, -1.9712466040598025e+01, -1.5447277162654348e+01
0.49800000, 6.06627158988876930198152122370609443409e-01, -2.89556958100145700914600402526180868263e+00, 3.97736337067293324435487621714666317320e+00, 2.06423618897373608969796508270732943154e+00, 6.98442765353818685544453941705506157588e+00, 7.52407136481190566780412725477954551712e-01, -1.9698120484475665e+01, -1.5662708721192630e+01
0.49900000, 6.07666828965961583768854990721521587200e-01, -2.89435307376531958735358914223971300126e+00, 3.97705193454318009431265026131667403944e+00, 2.06806590266540739827445434206052853674e+00, 6.98330771191636487640946705497366792883e+00, 7.53615556642448277999122383410417557880e-01, -1.9682016649398916e+01, -1.5879657844499047e+01
0.50000000, 6.08707765399960916682105070557507213363e-01, -2.89313394521968184159610346902804963709e+00, 3.97673649287757415998482860722989309235e+00, 2.07189361871617793267511709234441314024e+00, 6.98218498409597856745285092545097732658e+00, 7.54824579385819738453162701686332499845e-01, -1.9664124517075461e+01, -1.6098124628455578e+01
0.50100000, 6.09749973456086432737617206089599158728e-01, -2.89191218336158938357633850033244094732e+00, 3.97641701668402504441537153059037735571e+00, 2.07571932578847854453707981442765414144e+00, 6.98105945687938840015734450943554789361e+00, 7.56034209294690898785977293310371724638e-01, -1.9644413713799875e+01, -1.6318108901112843e+01
0.50200000, 6.10793458315133681822467256333001662206e-01, -2.89068777612752342423224759954963795133e+00, 3.97609347682571710783890208157470162401e+00, 2.07954301244218836541746797617922150726e+00, 6.97993111700412601144067493506964157310e+00, 7.57244450963511188297312815980955945788e-01, -1.9622853508072038e+01, -1.6539610215643884e+01
0.50300000, 6.11838225173683627678404295051214556216e-01, -2.88946071139284322525564541823955849254e+00, 3.97576584402014526429084105416759360335e+00, 2.08336466713367701136573651114519411387e+00, 6.97879995114224927433520682188201312671e+00, 7.58455308997929645959497351845336759784e-01, -1.9599412808247495e+01, -1.6762627843163739e+01
0.50400000, 6.12884279244305110206495837531029635614e-01, -2.88823097697122460256883936589617313430e+00, 3.97543408883814264239427237797580338181e+00, 2.08718427821483704370356940681119236542e+00, 6.97766594589969227826530784047495927441e+00, 7.59666788014931700953452566352625805017e-01, -1.9574060160221684e+01, -1.6987160765412751e+01
0.50500000, 6.13931625755758416149384864739240168855e-01, -2.88699856061409441657155024402807602692e+00, 3.97509818170290003546270031906465012569e+00, 2.09100183393210656876429040897033348357e+00, 6.97652908781561014336247583512253437880e+00, 7.60878892642976608689140820856711928156e-01, -1.9546763745150051e+01, -1.7213207667301575e+01
0.50600000, 6.14980269953199972201094146122141493996e-01, -2.88576345001006098330272682139566072478e+00, 3.97475809288897706509885052413434679330e+00, 2.09481732242548185765236215303654586881e+00, 6.97538936336171859250914665890507662310e+00, 7.62091627522135548309315731039933237712e-01, -1.9517491377206068e+01, -1.7440766929315789e+01
0.50700000, 6.16030217098388174806030404782965963195e-01, -2.88452563278434033998006116978207354584e+00, 3.97441379252130498149714561689126497017e+00, 2.09863073172751986536612892885282622820e+00, 6.97424675894162820393586304990367686128e+00, 7.63304997304230387708960605703434396971e-01, -1.9486210501379303e+01, -1.7669836619778011e+01
0.50800000, 6.17081472469890371122680759576331663122e-01, -2.88328509649817829768396559672125473049e+00, 3.97406525057418102267122477943757810692e+00, 2.10244204976233052688299823311707385222e+00, 6.97310126089017326631278656665226104653e+00, 7.64519006652973122135675459628610603116e-01, -1.9452888191315697e+01, -1.7900414486965429e+01
0.50900000, 6.18134041363291005843519701961783920904e-01, -2.88204182864826821324227052932946775772e+00, 3.97371243687025425382764323045162091967e+00, 2.10625126434455870603526817399983463281e+00, 6.97195285547273515737510922773460517574e+00, 7.65733660244105992468521072417029832543e-01, -1.9417491147202296e+01, -1.8132497951080583e+01
0.51000000, 6.19187929091400948780920284372012053320e-01, -2.88079581666616441164673308225243232789e+00, 3.97335532107950280709244503972289627225e+00, 2.11005836317835567120629181054415351179e+00, 6.97080152888456016620249515667558991883e+00, 7.66948962765542289304458582138086121310e-01, -1.9379985693698756e+01, -1.8366084096073263e+01
0.51100000, 6.20243140984468018349452485030846573110e-01, -2.87954704791769118959239037779946188199e+00, 3.97299387271820244076841008060209498499e+00, 2.11386333385633997005011579130437938940e+00, 6.96964726725007167833497484877356106813e+00, 7.68164918917507849012545601549068272151e-01, -1.9340337777917989e+01, -1.8601169661311350e+01
0.51200000, 6.21299682390388716297919787686639437591e-01, -2.87829550970234732997562670475285378545e+00, 3.97262806114788633625718729588249757886e+00, 2.11766616385854757358261914287765674511e+00, 6.96849005662217664195143868535423051053e+00, 7.69381533412683247946474598555664891577e-01, -1.9298512967458409e+01, -1.8837751033098420e+01
0.51300000, 6.22357558674921189269897464312465086983e-01, -2.87704118925270605641632055809675359950e+00, 3.97225785557429604972199130722864329548e+00, 2.12146684055137115810797824128811594437e+00, 6.96732988298156623236173832541571648547e+00, 7.70598810976346701035875599841883033878e-01, -1.9254476448490285e+01, -1.9075824236035888e+01
0.51400000, 6.23416775221899432999459172305436407264e-01, -2.87578407373381035608336216761276122716e+00, 3.97188322504632353449280238924336184433e+00, 2.12526535118648839153045468215017630164e+00, 6.96616673223601063106910403545863033148e+00, 7.71816756346517671006062006558316650297e-01, -1.9208193023898815e+01, -1.9315384924227502e+01
0.51500000, 6.24477337433448755179279312931804263320e-01, -2.87452415024256359830094427901244317179e+00, 3.97150413845494414912681069303344475732e+00, 2.12906168289977908865749182216897262593e+00, 6.96500059021964783464581529089863381795e+00, 7.73035374274101194504583849170436659847e-01, -1.9159627111486566e+01, -1.9556428372323916e+01
0.51600000, 6.25539250730202513271444955782737574929e-01, -2.87326140580711537559508287034845408892e+00, 3.97112056453214056493191904889302073711e+00, 2.13285582271023109812534988602695396913e+00, 6.96383144269226640763150634962046528459e+00, 7.74254669523032931441075101809121545847e-01, -1.9108742742238048e+01, -1.9798949466405125e+01
0.51700000, 6.26602520551520143767171632754781324090e-01, -2.87199582738624249300556841811566260700e+00, 3.97073247184981748564019427192237660828e+00, 2.13664775751883478157243397206324997035e+00, 6.96265927533858209260982589870069509905e+00, 7.75474646870424943874448227490842106700e-01, -1.9055503558649239e+01, -2.0042942694698466e+01
0.51800000, 6.27667152355706499640261403371967448975e-01, -2.87072740186872503063772447634835032608e+00, 3.97033982881870709078095895253741847268e+00, 2.14043747410746594364748759954075246112e+00, 6.96148407376750818954507077841550421786e+00, 7.76695311106712210808506997638952943626e-01, -1.8999872813124967e+01, -2.0288402138129925e+01
0.51900000, 6.28733151620232512980639625319183454965e-01, -2.86945611607271740356069473430776291386e+00, 3.96994260368726511314946317948786991828e+00, 2.14422495913775706936933820192879971939e+00, 6.96030582351141961536554103368823974876e+00, 7.77916667035799885283524450465730916495e-01, -1.8941813366447136e+01, -2.0535321460706436e+01
0.52000000, 6.29800523841957200038730074364910430739e-01, -2.86818195674511434227422211453187889390e+00, 3.96954076454055745959648196907597585761e+00, 2.14801019914995672325127952103228859260e+00, 6.95912451002541055366437217965470115221e+00, 7.79138719475211300177272819798481947162e-01, -1.8881287686316887e+01, -2.0783693899726886e+01
0.52100000, 6.30869274537351026158848636654913209241e-01, -2.86690491056091171606374717722678462876e+00, 3.96913427929913728317645720024267063074e+00, 2.15179318056177696246583600425688913826e+00, 6.95794011868654560325113768159520425176e+00, 7.80361473256236729154402148288540770867e-01, -1.8818257845973827e+01, -2.1033512255819481e+01
0.52200000, 6.31939409242720648330286915560277733622e-01, -2.86562496412256212064385486275907548188e+00, 3.96872311571791241348664468148574293084e+00, 2.15557388966722861415394004230829227866e+00, 6.95675263479310433312821919302539257758e+00, 7.81584933224082909227949442236238302968e-01, -1.8752685522895608e+01, -2.1284768882803156e+01
0.52300000, 6.33010933514435053338392944896200078609e-01, -2.86434210395932515055234848640816339826e+00, 3.96830724138500305080683383480771051930e+00, 2.15935231263544426477581508313337680418e+00, 6.95556204356381915028444471126098505383e+00, 7.82809104238023331421125554610203497057e-01, -1.8684531997581171e+01, -2.1537455677370683e+01
0.52400000, 6.34083852929153109754812025578660728330e-01, -2.86305631652661227580123111345718171305e+00, 3.96788662372058962840826960698251055825e+00, 2.16312843550948880715843377718950267764e+00, 6.95436833013710638549441764635807652088e+00, 7.84033991171549306041377005959633340301e-01, -1.8613758152421108e+01, -2.1791564068591107e+01
0.52500000, 6.35158173084052552266202841603696567823e-01, -2.86176758820532624131632321739251336855e+00, 3.96746122997575074614110770749826093730e+00, 2.16690224420515738861563407601009988959e+00, 6.95317147957029050108491632626517115808e+00, 7.85259598912521809102058763028904851737e-01, -1.8540324470658660e+01, -2.2047085007229175e+01
0.52600000, 6.36233899597060417104269932550134794076e-01, -2.86047590530119490670383095358529070272e+00, 3.96703102723129107713175295046099160669e+00, 2.17067372450976060120113729736534411128e+00, 6.95197147683882132337933827592556149732e+00, 7.86485932363324116449885273347787197316e-01, -1.8464191035444986e+01, -2.2304008954879352e+01
0.52700000, 6.37311038107084947606931942393585640858e-01, -2.85918125404409944286958327084807794191e+00, 3.96659598239655914812443775433778415164e+00, 2.17444286208089675280111588536069702151e+00, 6.95076830683548420125699223989496217619e+00, 7.87712996441015232178654072830521937956e-01, -1.8385317528992427e+01, -2.2562325872912064e+01
0.52800000, 6.38389594274248989210955676413148079974e-01, -2.85788362058739680098455279286526147946e+00, 3.96615606220825489268505857806471932301e+00, 2.17820964244521105538088551841202825938e+00, 6.94956195436960299096568962481108149946e+00, 7.88940796077484117931561907208847050528e-01, -1.8303663231829593e+01, -2.2822025211229781e+01
0.52900000, 6.39469573780124893450509977089028226908e-01, -2.85658299100723636823833168153170164358e+00, 3.96571123322922687514926038477346117511e+00, 2.18197405099714156426901188026357117849e+00, 6.94835240416623576600313259916842034397e+00, 7.90169336219604729715759996469183596670e-01, -1.8219187022162212e+01, -2.3083095896830525e+01
0.53000000, 6.40550982327970950813913164364730418183e-01, -2.85527935130187072375010852082904871481e+00, 3.96526146184725908184069440323110931059e+00, 2.18573607299765169989087692633674732173e+00, 6.94713964086536314953460559083536782958e+00, 7.91398621829391868873624880445466291128e-01, -1.8131847375343775e+01, -2.3345526322176440e+01
0.53100000, 6.41633825642969372592446995926949065457e-01, -2.85397268739096040691403666351383904950e+00, 3.96480671427384717470891676163818270245e+00, 2.18949569357294918085177719413096485392e+00, 6.94592364902106916544100754427100643839e+00, 7.92628657884157853875555867539357511946e-01, -1.8041602363460131e+01, -2.3609304333364978e+01
0.53200000, 6.42718109472465842140573884366804348459e-01, -2.85266298511487260934234137286910751054e+00, 3.96434695654296410113918207951156946035e+00, 2.19325289771319119471614582246135814751e+00, 6.94470441310071450269186108041615074661e+00, 7.93859449376670019618950720865244556429e-01, -1.7948409655032296e+01, -2.3874417218100343e+01
0.53300000, 6.43803839586210656256308973321018713795e-01, -2.85135023023397370043471707580632610631e+00, 3.96388215450981495226804655868712333692e+00, 2.19700767027117563023370213549946455636e+00, 6.94348191748410208631213831709742144442e+00, 7.95091001315309050937358711207422404958e-01, -1.7852226514841846e+01, -2.4140851693462745e+01
0.53400000, 6.44891021776601477683952599139532870760e-01, -2.85003440842791549544614324260046307302e+00, 3.96341227384958096069885174009862646448e+00, 2.20075999596101819212442267404677482331e+00, 6.94225614646263484675907762712095063691e+00, 7.96323318724228157042664999798099590794e-01, -1.7753009803883393e+01, -2.4408593893473093e+01
0.53500000, 6.45979661858927720038971130575888932923e-01, -2.84871550529491517374681526626885106128e+00, 3.96293728005615252704942743069157012510e+00, 2.20450985935681521685136286254727055130e+00, 6.94102708423846557804514625844352913599e+00, 7.97556406643513093641522544054709019918e-01, -1.7650715979448749e+01, -2.4677629356450692e+01
0.53600000, 6.47069765671616586756616221753134338089e-01, -2.84739350635102875376705380220178669590e+00, 3.96245713844085116328033703497928235828e+00, 2.20825724489129200508268880369751966770e+00, 6.93979471492363877343543464199650541844e+00, 7.98790270129343039485117006731547973030e-01, -1.7545301095347526e+01, -2.4947943012161571e+01
0.53700000, 6.48161339076480785971986768400622375746e-01, -2.84606839702941802989642184378696548333e+00, 3.96197181413114023924528928575970844740e+00, 2.21200213685443648377093556270499880247e+00, 6.93855902253922432601154213988286146347e+00, 8.00024914254152334128725757101179334191e-01, -1.7436720802269014e+01, -2.5219519168755023e+01
0.53800000, 6.49254387958967943549758606978757950127e-01, -2.84474016267961087535943357031741794241e+00, 3.96148127206932441737554756668265621334e+00, 2.21574451939211800795760472939533994502e+00, 6.93731999101444297982891209386045981060e+00, 8.01260344106793083694412848488362878002e-01, -1.7324930348290338e+01, -2.5492341499485976e+01
0.53900000, 6.50348918228411736796830220269003296454e-01, -2.84340878856675481381976343555764743675e+00, 3.96098547701123765885686364397452587161e+00, 2.21948437650469110954384399358529638754e+00, 6.93607760418578341580006558654974800234e+00, 8.02496564792698641446586309337974001273e-01, -1.7209884579536011e+01, -2.5766393029220810e+01
0.54000000, 6.51444935818284771710756137237102246910e-01, -2.84207425987086376117032908557637309100e+00, 3.96048439352491968308022004819176964613e+00, 2.22322169204558399735218942341130984942e+00, 6.93483184579611085481172542388283449655e+00, 8.03733581434047970006030267158366557182e-01, -1.7091537940994120e+01, -2.6041656120724241e+01
0.54100000, 6.52542446686453226941162862878250546595e-01, -2.84073656168605783764758858621035654335e+00, 3.95997798598928076054604912532436536967e+00, 2.22695644971987160983925163752709454806e+00, 6.93358269949376705892885913228128011865e+00, 8.04971399169930892043410010271282308150e-01, -1.6969844477494558e+01, -2.6318112460724915e+01
0.54200000, 6.53641456815433287970466418316555504008e-01, -2.83939567901979614906441202407995198634e+00, 3.95946621859275471777516244335185933563e+00, 2.23068863308283301880382422485879089601e+00, 6.93233014883166160985263413677651221426e+00, 8.06210023156514236308130356646752942471e-01, -1.6844757834854799e+01, -2.6595743045757356e+01
0.54300000, 6.54741972212649395354239188537834639193e-01, -2.83805159679210243458650034144731037960e+00, 3.95894905533194003112791809518898661442e+00, 2.23441822553849297936819978748040836659e+00, 6.93107417726635434208158859756915403355e+00, 8.07449458567208885862803517743803811062e-01, -1.6716231261198914e+01, -2.6874528167777935e+01
0.54400000, 6.55843998910694331200611998057859274439e-01, -2.83670429983478347708206015348525869947e+00, 3.95842646001022888475571233116277620076e+00, 2.23814521033814741839148763894823585565e+00, 6.92981476815712880647538312527659776194e+00, 8.08689710592837735407448492759129634095e-01, -1.6584217608455617e+01, -2.7154447399552533e+01
0.54500000, 6.56947542967591168412252409992895887970e-01, -2.83535377289064017065282126454567476835e+00, 3.95789839623642406620523306036191833048e+00, 2.24186957057887265030140731817408556806e+00, 6.92855190476505663813770358608326444970e+00, 8.09930784441804564590895977141622884597e-01, -1.6448669334041326e+01, -2.7435479579813611e+01
0.54600000, 6.58052610467057107563841488039784816187e-01, -2.83400000061267113850601148815818408759e+00, 3.95736482742334357146557335626321072141e+00, 2.24559128920201810610433104226348773860e+00, 6.92728557025205270071861126075008035075e+00, 8.11172685340263834219706486758872173206e-01, -1.6309538502734338e+01, -2.7717602798184396e+01
0.54700000, 6.59159207518769226642690119030573653001e-01, -2.83264296756326879285107761339957246576e+00, 3.95682571678641278949078032909300957723e+00, 2.24931034899168235805119036814064115369e+00, 6.92601574767992087738624721037516789671e+00, 8.12415418532291412287220147921002018556e-01, -1.6166776788746394e+01, -2.8000794379867931e+01
0.54800000, 6.60267340258632169240306099639876567312e-01, -2.83128265821340772700124669632167397817e+00, 3.95628102734224413444520535169684055079e+00, 2.25302673257317221909814843220607153397e+00, 6.92474242000939037683264161699135501826e+00, 8.13658989280056236757139237859037203944e-01, -1.6020335477998067e+01, -2.8285030870098760e+01
0.54900000, 6.61377014849047797148460427751547835740e-01, -2.82991905694182532832793107837475413977e+00, 3.95573072190720399210561179230002656374e+00, 2.25674042241144469290454580704796213925e+00, 6.92346557009914242075778985954562756821e+00, 8.14903402863992922047293524291031569434e-01, -1.5870165470604551e+01, -2.8570288018355047e+01
0.55000000, 6.62488237479186833684723802529109129271e-01, -2.82855214803419449915495418823881579766e+00, 3.95517476309596684501186138737843060506e+00, 2.26045140080953154665540712847044355713e+00, 6.92218518070482717731945350299472527304e+00, 8.16148664582975316169947777761829524868e-01, -1.5716217283578615e+01, -2.8856540762328945e+01
0.55100000, 6.63601014365262524449672799560225320852e-01, -2.82718191568228837108906027449812228041e+00, 3.95461311332005643908660431823428835963e+00, 2.26415964990694627548057372936433128190e+00, 6.92090123447807080304262878953140557625e+00, 8.17394779754491015495174132477335643506e-01, -1.5558441053757643e+01, -2.9143763211653107e+01
0.55200000, 6.64715351750806342601122563162821982184e-01, -2.82580834398313689666260490895740201543e+00, 3.95404573478637385254319367310846081277e+00, 2.26786515167807322366610512158531597054e+00, 6.91961371396547245365158403266056473095e+00, 8.18641753714816844113422448004903237488e-01, -1.5396786540961852e+01, -2.9431928631381198e+01
0.55300000, 6.65831255906945766119954671562604097632e-01, -2.82443141693817520051312640813746977334e+00, 3.95347258949571232596947334665613759721e+00, 2.27156788793053862421474323379961583460e+00, 6.91832260160759112221807037467444885649e+00, 8.19889591819195304782472251632902275345e-01, -1.5231203131390957e+01, -2.9721009425220384e+01
0.55400000, 6.66948733132684154937503185787967399101e-01, -2.82305111845238357064207978800204359870e+00, 3.95289363924125871051257866015036930382e+00, 2.27526784030356331460970451477470436904e+00, 6.91702787973792216091101055850230423867e+00, 8.21138299442012008452432570684176549643e-01, -1.5061639841266747e+01, -3.0010977118513753e+01
0.55500000, 6.68067789755182756196169543427849653071e-01, -2.82166743233341896858076924122973203405e+00, 3.95230884560708138909585794634784609813e+00, 2.27896499026629688286857507779890913920e+00, 6.91572953058186334048490318525076758589e+00, 8.22387881976974089370362918534259903173e-01, -1.4888045320729179e+01, -3.0301802340970702e+01
0.55600000, 6.69188432130044866323091380312765662264e-01, -2.82028034229073793554482301994236981447e+00, 3.95171816996660452357287536187677027344e+00, 2.28265931911613299414032308749801437365e+00, 6.91442753625567029945556306558973907185e+00, 8.23638344837289612773411368121443301435e-01, -1.4710367857993829e+01, -3.0593454809143370e+01
0.55700000, 6.70310666641602179011427830605847730938e-01, -2.81888983193471076987878215152545548145e+00, 3.95112157348106847866458175463275314525e+00, 2.28635080797700564419707132318834367445e+00, 6.91312187876540123268185115872374192610e+00, 8.24889693455847982186095086689966277210e-01, -1.4528555383778707e+01, -3.0885903308647241e+01
0.55800000, 6.71434499703203348625283516656768052147e-01, -2.81749588477572684927887290588886824389e+00, 3.95051901709797627143351985738494432976e+00, 2.29003943779766608220192196329757423482e+00, 6.91181254000585066679991095096452819459e+00, 8.26141933285401353343475529164341586964e-01, -1.4342555476008625e+01, -3.1179115676124087e+01
0.55900000, 6.72559937757504798972617394830699785182e-01, -2.81609848422329096943413846098608034102e+00, 3.94991046154952589292272726064239337785e+00, 2.29372518934994014109339496499021358068e+00, 6.91049950175947216764128350580348704773e+00, 8.27395069798747061767494863649529293382e-01, -1.4152315364805533e+01, -3.1473058780945519e+01
0.56000000, 6.73686987276763807825816006229558572948e-01, -2.81469761358511056884313829183487807675e+00, 3.94929586735102834642616659344314618640e+00, 2.29740804322696570981449920367525790849e+00, 6.90918274569528982240726271290455621397e+00, 8.28649108488911071028631850055021972484e-01, -1.3957781937773422e+01, -3.1767698506655429e+01
0.56100000, 6.74815654763133898012101741745413952287e-01, -2.81329325606617370764468898217002002014e+00, 3.94867519479931124466138402434196025292e+00, 2.30108797984141007742863763767951459017e+00, 6.90786225336779833696809722035580800285e+00, 8.29904054869332448729293575992026562620e-01, -1.3758901745586598e+01, -3.2062999732149707e+01
0.56200000, 6.75945946748962566345746920357805381454e-01, -2.81188539476781766634590560795345773925e+00, 3.94804840397110780588299701213766423543e+00, 2.30476497942366687490395681614009746860e+00, 6.90653800621585158620624724297058527047e+00, 8.31159914474048877248972977219988647532e-01, -1.3555621007890355e+01, -3.2358926312591671e+01
0.56300000, 6.77077869797091382131328537635453645646e-01, -2.81047401268678802833837997489028534900e+00, 3.94741545472143108670684776719664618023e+00, 2.30843902202003233601085565124778503789e+00, 6.90520998556153945282694281222693977922e+00, 8.32416692857883206294159272015267483168e-01, -1.3347885619523259e+01, -3.2655441060061743e+01
0.56400000, 6.78211430501158487432144585861755447394e-01, -2.80905909271428810806295501934619905806e+00, 3.94677630668193328710852249830633888389e+00, 2.31211008749086059436260222346448305506e+00, 6.90387817260905278751582326952831073425e+00, 8.33674395596631054298277187902600968988e-01, -1.3135641157070528e+01, -3.2952505723939951e+01
0.56500000, 6.79346635485903531770582466274327295168e-01, -2.80764061763501858461446018702592769889e+00, 3.94613091925924996071570499735575081257e+00, 2.31577815550869772913476838636137764276e+00, 6.90254254844353632073150183715179594492e+00, 8.34933028287249465718538546344859152274e-01, -1.2918832885758140e+01, -3.3250080971019961e+01
0.56600000, 6.80483491407475074407848360862132207041e-01, -2.80621857012620719846917909639524427464e+00, 3.94547925163332896113076726024957552108e+00, 2.31944320555639426742384129587438393326e+00, 6.90120309402992935377950703061675448021e+00, 8.36192596548046631277503304325675015834e-01, -1.2697405766697600e+01, -3.3548126365353406e+01
0.56700000, 6.81622004953740487839202321661294650391e-01, -2.80479293275662836686892825253119897113e+00, 3.94482126275574395259734409014571921902e+00, 2.32310521692519584654723228624686786298e+00, 6.89985979021179405412219418538097384042e+00, 8.37453106018872678197352949989333697332e-01, -1.2471304464491485e+01, -3.3846600347823379e+01
0.56800000, 6.82762182844598396637869847621075259450e-01, -2.80336368798561257120561497755716685265e+00, 3.94415691134799231086162062996406125563e+00, 2.32676416871281173484426174053846315248e+00, 6.89851261771013117713586112540946787781e+00, 8.38714562361311537474363135325554117328e-01, -1.2240473355210118e+01, -3.4145460215446061e+01
0.56900000, 6.83904031832293686286293296229189979128e-01, -2.80193081816204536751817555428581906202e+00, 3.94348615589977723757489197556201303453e+00, 2.33042003982146090470879916885324132036e+00, 6.89716155712218303373038303169379149487e+00, 8.39976971258873895239810022147679876360e-01, -1.2004856534750007e+01, -3.4444662100399567e+01
0.57000000, 6.85047558701735117147526033550820748781e-01, -2.80049430552335586893901234222134258314e+00, 3.94280895466727390903782524656182965314e+00, 2.33407280895589534666728543199423287061e+00, 6.89580658892022352039711863489132840743e+00, 8.41240338417191235251540928199162725529e-01, -1.1764397827584862e+01, -3.4744160948779181e+01
0.57100000, 6.86192770270815579252543256252404780767e-01, -2.79905413219449454660857232249394204960e+00, 3.94212526567137947749794147947312087628e+00, 2.33772245462140030830902211655692414438e+00, 6.89444769345033502534652279290866869398e+00, 8.42504669564210979557668880725214512044e-01, -1.1519040795920316e+01, -3.5043910499078284e+01
0.57200000, 6.87339673390735024111234608237775576634e-01, -2.79761028018690019321363913629828172751e+00, 3.94143504669594674057929366556204664280e+00, 2.34136895512177113677700195616648357618e+00, 6.89308485093117202143669255900140108107e+00, 8.43769970450392734370296482970843142024e-01, -1.1268728749263679e+01, -3.5343863260394420e+01
0.57300000, 6.88488274946326110296048055040477690814e-01, -2.79616273139745589089632460530617870968e+00, 3.94073825528600129174628539003466117394e+00, 2.34501228855726639833525056835855676266e+00, 6.89171804145271115357681094652816417959e+00, 8.45036246848905648182820409805988229629e-01, -1.1013404754420341e+01, -3.5643970490360011e+01
0.57400000, 6.89638581856382600097869388409666391909e-01, -2.79471146760743382282570023829485415124e+00, 3.94003484874594196198116956143018160726e+00, 2.34865243282253694324068535789445184438e+00, 6.89034724497498762521394269832960498435e+00, 8.46303504555826889159196666236534007438e-01, -1.0753011645928700e+01, -3.5944182172797457e+01
0.57500000, 6.90790601073990545113949175710822331416e-01, -2.79325647048142876522153790723180347790e+00, 3.93932478413772436008608639230346652534e+00, 2.35228936560453057876185783345392051695e+00, 6.88897244132681768537665868174060801520e+00, 8.47571749390341248817540712030064273285e-01, -1.0487492036945730e+01, -3.6244446995098408e+01
0.57600000, 6.91944339586862299197735580092872044755e-01, -2.79179772156628009406874199297351568470e+00, 3.93860801827902731620462135557961998360e+00, 2.35592306438037200770156909199190503510e+00, 6.88759361020450701455326977424281858713e+00, 8.48840987194941879023577364485584872889e-01, -1.0216788330595619e+01, -3.6544712325327212e+01
0.57700000, 6.93099804417673397780548695271095978202e-01, -2.79033520228998213816073922421529702425e+00, 3.93788450774140203029384353160052657319e+00, 2.35955350641521768419312459351919093549e+00, 6.88621073117054480442475673251651219408e+00, 8.50111223835632169301724160440648181915e-01, -9.9408427317941434e+00, -3.6844924189048660e+01
0.57800000, 6.94257002624402343165356234647321356544e-01, -2.78886889396058270745930899874130901792e+00, 3.93715420884840372436465726031899081153e+00, 2.36318066876008523284876351244679762825e+00, 6.88482378365228332315147793538446996645e+00, 8.51382465202128771462969133333540130548e-01, -9.6595972595617468e+00, -3.7145027245880328e+01
0.57900000, 6.95415941300673335993703030481914937447e-01, -2.78739877776506962305602283978083755301e+00, 3.93641707767370559434507789285106686383e+00, 2.36680452824965707154134872122623208256e+00, 6.88343274694060275452707855537010331102e+00, 8.52654717208065778539169702086467899271e-01, -9.3729937598385793e+00, -3.7444964765769986e+01
0.58000000, 6.96576627576101993698334488655105036254e-01, -2.78592483476824507226552761513793640801e+00, 3.93567307003919485440671558704683690399e+00, 2.37042506150005787219447218267063383366e+00, 6.88203760018856109586133640366364999367e+00, 8.53927985791200065002932941944877708268e-01, -9.0809739188150244e+00, -3.7744678604998701e+01
0.58100000, 6.97739068616644097376468918513837579847e-01, -2.78444704591158760957223751750023968970e+00, 3.93492214151305066352828613440089399315e+00, 2.37404224490660548793939969458685625920e+00, 6.88063832241002889593455155883951559118e+00, 8.55202276913617795240817675254618078600e-01, -8.7834792767915558e+00, -3.8044109181910496e+01
0.58200000, 6.98903271624947409152253031689642475235e-01, -2.78296539201210162128845162314230072098e+00, 3.93416424740780372095030748838856623581e+00, 2.37765605464153496886737576744122986016e+00, 6.87923489247830861077807457218075638237e+00, 8.56477596561942107235203730389995957839e-01, -8.4804512425820552e+00, -3.8343195452369557e+01
0.58300000, 7.00069243840706602741922054781436670320e-01, -2.78147985376115406886231620722465055099e+00, 3.93339934277837731400120323908247471915e+00, 2.38126646665169528236030440937041456200e+00, 6.87782728912473835137719175010441403057e+00, 8.57753950747541978396780893178958972654e-01, -8.1718311084750299e+00, -3.8641874884946248e+01
0.58400000, 7.01236992541021350591829823081967418560e-01, -2.77999041172329832279720428597234383695e+00, 3.93262738242010959854571286103894674050e+00, 2.38487345665621834761922698595539770022e+00, 6.87641549093727979366232956900097481638e+00, 8.59031345506742280475196405863826509202e-01, -7.8575600657674778e+00, -3.8940083435833355e+01
0.58500000, 7.02406525040757611628069892623834679521e-01, -2.77849704633508489610875999354755170279e+00, 3.93184832086675688902067047045493017719e+00, 2.38847700014415998752578656312976061567e+00, 6.87499947635909001735085013447355891518e+00, 8.60309786901035030459941596990472994475e-01, -7.5375792208864627e+00, -3.9237755523494233e+01
0.58600000, 7.03577848692912164337137252563062003589e-01, -2.77699973790385888315079303179780678351e+00, 3.93106211238847773167969990843914508209e+00, 2.39207707237211239436439028750407271298e+00, 6.87357922368707703632299383205656765594e+00, 8.61589281017291844367030938272085139837e-01, -7.2118296121137820e+00, -3.9534824003044753e+01
0.58700000, 7.04750970888980430590249090035516923686e-01, -2.77549846660654390648511811853584610141e+00, 3.93026871098979753126599789159297162233e+00, 2.39567364836178769919938543171434938929e+00, 6.87215471107043877926015258736309391729e+00, 8.62869833967977600789405440469001373183e-01, -6.8802522269294300e+00, -3.9831220140371181e+01
0.58800000, 7.05925899059327636329826208714346735743e-01, -2.77399321248841237125199374505470236975e+00, 3.92946807040755349786992451794475068390e+00, 2.39926670289757222783951402909157833683e+00, 6.87072591650918527523995562588419398286e+00, 8.64151451891365321070251059781450189900e-01, -6.5427880199898950e+00, -4.0126873585986391e+01
0.58900000, 7.07102640673563355955514771368166657262e-01, -2.77248395546184182321566848683853958280e+00, 3.92866014410881967720434873114434796225e+00, 2.40285621052405101932840236960282482417e+00, 6.86929281785264379486890586530516074674e+00, 8.65434140951752272938535238827778789476e-01, -6.1993779317576546e+00, -4.0421712348627039e+01
0.59000000, 7.08281203240919487979288544470603475688e-01, -2.77097067530505720331230276150694274566e+00, 3.92784488528881182394433317789131672132e+00, 2.40644214554350217577200359345753586958e+00, 6.86785539279794669333776292007211078414e+00, 8.66717907339677304425003699458521085195e-01, -5.8499629077985795e+00, -4.0715662768594661e+01
0.59100000, 7.09461594310631710264909362003159783732e-01, -2.76945335166085878811377586229010215507e+00, 3.92702224686877187412748581001891796304e+00, 2.41002448201336060504880265735959398796e+00, 6.86641361888850169750572807473531231206e+00, 8.68002757272139414854617271836431037202e-01, -5.4944839187642940e+00, -4.1008649490843867e+01
0.59200000, 7.10643821472324463926639965094624954754e-01, -2.76793196403533560213915333274057255359e+00, 3.92619218149383176889582115939665071237e+00, 2.41360319374365071054319950831111644535e+00, 6.86496747351244437475490229803906539149e+00, 8.69288696992817569687916292640659832795e-01, -5.1328819810768925e+00, -4.1300595437821166e+01
0.59300000, 7.11827892356399515735908068385253168411e-01, -2.76640649179656408439438278351988774731e+00, 3.92535464153085637807789720184918587599e+00, 2.41717825429438757449372085970043503738e+00, 6.86351693390107251690456886980591095017e+00, 8.70575732772291765959048603791945534422e-01, -4.7650981783337641e+00, -4.1591421782058229e+01
0.59400000, 7.13013814634428149672930508088984298846e-01, -2.76487691417329178789857404934235533302e+00, 3.92450957906626526825992619288496369812e+00, 2.42074963697294617385241001695421914138e+00, 6.86206197712726216793365827666322131017e+00, 8.71863870908265355032156349848909898715e-01, -4.3910736834506336e+00, -4.1881047918523720e+01
0.59500000, 7.14201596019547039063446618893368800583e-01, -2.76334321025360588726043054111651446230e+00, 3.92365694590383305607506830182799309784e+00, 2.42431731483139815970666617471342822847e+00, 6.86060258010386501962729652975048917814e+00, 8.73153117725788629370455762034536222016e-01, -4.0107497815612917e+00, -4.2169391436738181e+01
0.59600000, 7.15391244266857851559013697989926623437e-01, -2.76180535898358626559942152739421756888e+00, 3.92279669356246808344973931015836042741e+00, 2.42788126066381572331662773009675477268e+00, 6.85913871958208689453758046255551593408e+00, 8.74443479577483679983631308677659539568e-01, -3.6240678936928527e+00, -4.2456368092656775e+01
0.59700000, 7.16582767173830640053126065155228808145e-01, -2.76026333916594294826146790629757458686e+00, 3.92192877327396914748299667258816431612e+00, 2.43144144700354206366651424450521660904e+00, 6.85767037214984703082757463406108085093e+00, 8.75734962843770531189068576064897271179e-01, -3.2309696012357499e+00, -4.2741891780325083e+01
0.59800000, 7.17776172580711073475082972566075450290e-01, -2.75871712945863764685656295819867458269e+00, 3.92105313598076001349837407514001402033e+00, 2.43499784612042796311366987698557060652e+00, 6.85619751423011787864884075483555741729e+00, 8.77027573933094559290935809280779053785e-01, -2.8313966712280562e+00, -4.3025874503313496e+01
0.59900000, 7.18971468370931562269408498312548030797e-01, -2.75716670837348917314412771235464461526e+00, 3.92016973233360143559533808590209917986e+00, 2.43855043001803396924081152233939075413e+00, 6.85472012207924511268439394920074907404e+00, 8.78321319282155201748158164331766900225e-01, -2.4252910824740963e+00, -4.3308226345936157e+01
0.60000000, 7.20168662471526334251086762273249032092e-01, -2.75561205427476247820922678017750922408e+00, 3.91927851268928040473822798789221454542e+00, 2.44209917043079767237151220170419457739e+00, 6.85323817178524756036857631535867078773e+00, 8.79616205356135963367876548372570685436e-01, -2.0125950525177030e+00, -4.3588855444260809e+01
0.60100000, 7.21367762853550517426295937922708032386e-01, -2.75405314537774106820721817318235777769e+00, 3.91837942710827634005245833930526663308e+00, 2.44564403882116555939248723953843947915e+00, 6.85175163926609674007063498026910764304e+00, 8.80912238648935726025008761879787574178e-01, -1.5932510654908593e+00, -4.3867667956916302e+01
0.60200000, 7.22568777532503287285091899661911642138e-01, -2.75248995974728254370410632768679460640e+00, 3.91747242535240393454921958313447944220e+00, 2.44918500637668891553494570728693961210e+00, 6.85026050026797569819741754306327557577e+00, 8.82209425683401368370997960026947672188e-01, -1.1672019008588607e+00, -4.4144568035704997e+01
0.60300000, 7.23771714568755137007004225893608330222e-01, -2.75092247529635700530288979391858396677e+00, 3.91655745688243236196916978545356853056e+00, 2.45272204400708323659717369019466095966e+00, 6.84876473036351682873011968752824050344e+00, 8.83507773011561701955704809569790547817e-01, -7.3439066308353011e-01, -4.4419457796027706e+01
0.60400000, 7.24976582067979329973171236406339810780e-01, -2.74935066978456806382057284246604118761e+00, 3.91563447085568054682089211666682685775e+00, 2.45625512234125060473758046954613726353e+00, 6.84726430495001835315794215553872033659e+00, 8.84807287214862730145636843194148787446e-01, -2.9476081222642009e-01, -4.4692237287129315e+01
0.60500000, 7.26183388181587594949874928344670696652e-01, -2.74777452081665618876422175155143196891e+00, 3.91470341612358819498937573727952617730e+00, 2.45978421172426447142751239274281836622e+00, 6.84575919924763913310527685149367503739e+00, 8.86107974904404236179272225555913934890e-01, 1.5174380448566058e-01, -4.4962804462173708e+01
0.60600000, 7.27392141107170125298570141600363519167e-01, -2.74619400584098412424541759518475522425e+00, 3.91376424122926227750159474312851367124e+00, 2.46330928221431628142196517582197801169e+00, 6.84424938829757148216601768565722238321e+00, 8.87409842721177706656085360888006638623e-01, 6.0517892011004611e-01, -4.5231055148157128e+01
0.60700000, 7.28602849088939944577175317099871722317e-01, -2.74460910214800409676855996260690762839e+00, 3.91281689440499865515849662070458246155e+00, 2.46683030357962336167953827638668724348e+00, 6.84273484696019163755608548931341045682e+00, 8.88712897336305596709977492286541032927e-01, 1.0655998144293797e+00, -4.5496883015669625e+01
0.60800000, 7.29815520418181701926956666257892266668e-01, -2.74301978686870653452752684251867992071e+00, 3.91186132356977852677340622182323468764e+00, 2.47034724529529748903609782556674940766e+00, 6.84121554991318754617050213200472968168e+00, 8.90017145451281943070114741385558027067e-01, 1.5330612793609697e+00, -4.5760179548514785e+01
0.60900000, 7.31030163433704961689257224317530598607e-01, -2.74142603697305001294495457663175423301e+00, 3.91089747632673937869399229371501101170e+00, 2.47386007654017354010505568835655536700e+00, 6.83969147164966361348150854343576226983e+00, 8.91322593798214331162636048763897289811e-01, 2.0076175833103414e+00, -4.6020834013198526e+01
0.61000000, 7.32246786522302052767073175925635923164e-01, -2.73982782926837213618656939166540598574e+00, 3.90992529996062010812646914208694277432e+00, 2.47736876619359761633622177245654063671e+00, 6.83816258647622205743638180418256782062e+00, 8.92629249140067222355270384413213380549e-01, 2.4893224344445674e+00, -4.6278733428298287e+01
0.61100000, 7.33465398119210544338550738671511357321e-01, -2.73822514039778105927721931445756124956e+00, 3.90894474143517998752450200000910556618e+00, 2.48087328283217402641001356168126047210e+00, 6.83662886851102050310477817266040355642e+00, 8.93937118270906647393551627035925116115e-01, 2.9782289428605354e+00, -4.6533762533724589e+01
0.61200000, 7.34686006708580415643369537047907775305e-01, -2.73661794683852735023310095748722655916e+00, 3.90795574739059113194918346113840715493e+00, 2.48437359472647049716945496315860598622e+00, 6.83509029168180544728254320794169162079e+00, 8.95246208016146272021994912368039255583e-01, 3.4743895816228845e+00, -4.6785803759887534e+01
0.61300000, 7.35908620823945988699208011413039306953e-01, -2.73500622490035588630366455711559223062e+00, 3.90695826414080412584822710195795908768e+00, 2.48786966983768097309378140908316268293e+00, 6.83354682972392121557883705435639956686e+00, 8.96556525232794840726253294293448047207e-01, 3.9778561466459127e+00, -4.7034737196781505e+01
0.61400000, 7.37133249048702693964582063902944748147e-01, -2.73338995072383747298426184073939797708e+00, 3.90595223767088646013990361417788883759e+00, 2.49136147581424535288937305253553834796e+00, 6.83199845617829402769288878654518494652e+00, 8.97868076809705004472860527851519441185e-01, 4.4886797153933257e+00, -4.7280440563001948e+01
0.61500000, 7.38359900016588740146853219458127251659e-01, -2.73176910027867986891415621102945237773e+00, 3.90493761363433342481788645861596891503e+00, 2.49484897998842550011081016051623460810e+00, 6.83044514438939077962239860243732159228e+00, 8.99180869667823538261635950962305056218e-01, 5.0069106043692647e+00, -4.7522789174708875e+01
0.61600000, 7.39588582412171760560675187519286365140e-01, -2.73014364936201789411135512632910015456e+00, 3.90391433735035109651468021277689451372e+00, 2.49833214937283685282159182204570743295e+00, 6.82888686750315214443414199361381578972e+00, 9.00494910760442954242131085782312927501e-01, 5.5325983253736162e+00, -4.7761655914552396e+01
0.61700000, 7.40819304971340509673161160293505207519e-01, -2.72851357359668229321309047258165566186e+00, 3.90288235380111105457121555068139059607e+00, 2.50181095065693494515484424355949504120e+00, 6.82732359846489958596519584872053144439e+00, 9.01810207073454516079583961639080734047e-01, 6.0657915404941700e+00, -4.7996911200576385e+01
0.61800000, 7.42052076481801684728197465058082189568e-01, -2.72687884842944701948583037280744135612e+00, 3.90184160762897645315598664369325629676e+00, 2.50528535020345614123338339273560501510e+00, 6.82575531001721587240680870086259872588e+00, 9.03126765625602660187664520902608045854e-01, 6.6065380158077578e+00, -4.8228422955117108e+01
0.61900000, 7.43286905783581948624207459524150264528e-01, -2.72523944912925459933854544390365632398e+00, 3.90079204313369907085619065319672481690e+00, 2.50875531404481186924985124560111437305e+00, 6.82418197469779866914858506316176962454e+00, 9.04444593468740829374790024565372853529e-01, 7.1548845737620640e+00, -4.8456056573714496e+01
0.62000000, 7.44523801769535231527904661794648324857e-01, -2.72359535078541923091458587113409188869e+00, 3.89973360426958695292304838111504845297e+00, 2.51222080787943563058522106575069325209e+00, 6.82260356483728678252455625826236591458e+00, 9.05763697688088724377909316131447715129e-01, 7.7108770442093668e+00, -4.8679674894054522e+01
0.62100000, 7.45762773385855390041805093166404733550e-01, -2.72194652830580726404788407741083314756e+00, 3.89866623464264225499111406537811723627e+00, 2.51568179706808204565150906496987753565e+00, 6.82102005255705861820097379046845447673e+00, 9.07084085402490978682344291786077456852e-01, 8.2745602140630286e+00, -4.8899138164962043e+01
0.62200000, 7.47003829632594304106152497679216867695e-01, -2.72029295641499470244512941542365408577e+00, 3.89758987750766889060412323086471885742e+00, 2.51913824663007718467561515457729187823e+00, 6.81943140976700240987428669027105141201e+00, 9.08405763764677261948480092995662853834e-01, 8.8459777755471208e+00, -4.9114304015464324e+01
0.62300000, 7.48246979564185493207121632260153197550e-01, -2.71863460965240136239382885577337317180e+00, 3.89650447576534957826490923362193149761e+00, 2.52259012123951941788925069789008392012e+00, 6.81783760816325776570264283911138280472e+00, 9.09728739961523817285755487137741805116e-01, 9.4251722730091320e+00, -4.9325027423946389e+01
0.62400000, 7.49492232289973334883398261385441237148e-01, -2.71697146237040131559344560531827595739e+00, 3.89540997195929187698119458360883167197e+00, 2.52603738522143000554812624772294312042e+00, 6.81623861922592807147116510894609338504e+00, 9.11053021214316437531463708994211906358e-01, 1.0012185048265276e+01, -4.9531160687420292e+01
0.62500000, 7.50739596974747969973203438155806096210e-01, -2.71530348873240923685967969458511115851e+00, 3.89430630827304279239960704430668201368e+00, 2.52948000254785263386501561555736851318e+00, 6.81463441421676328088585945070611072579e+00, 9.12378614779014885606272756335109160870e-01, 1.0607056184447485e+01, -4.9732553390931372e+01
0.62600000, 7.51989082839285980524267873192616620919e-01, -2.71363066271094227045691099954221478603e+00, 3.89319342652707152860397709740540582276e+00, 2.53291793683390108829884565713035537874e+00, 6.81302496417681261459885769939439306141e+00, 9.13705527946518763930052807571611259811e-01, 1.1209824448320753e+01, -4.9929052377125584e+01
0.62700000, 7.53240699160896927800924270669617150819e-01, -2.71195295808565702166725969234247895801e+00, 3.89207126817571995349765385970074030638e+00, 2.53635115133375424068825263427481442632e+00, 6.81141023992404668058420367500395349022e+00, 9.15033768042934837790496094877431640999e-01, 1.1820527231039045e+01, -5.0120501716003018e+01
0.62800000, 7.54494455273975839366147538922034567508e-01, -2.71027034844136127290292618812471447662e+00, 3.89093977430412033838995667222799189612e+00, 2.53977960893659751144556628373392813316e+00, 6.80979021205094851930385119500049394529e+00, 9.16363342429845817463069265534961127232e-01, 1.2439200487307614e+01, -5.0306742674883823e+01
0.62900000, 7.55750360570561735792833065375663238872e-01, -2.70858280716600001620764432716600243835e+00, 3.88979888562507992496059695021079555324e+00, 2.54320327216250995242819777744437977433e+00, 6.80816485092207306772312021976988588174e+00, 9.17694258504580603783987062390140069717e-01, 1.3065878672919092e+01, -5.0487613688613849e+01
0.63000000, 7.57008424500902289168683031751987835536e-01, -2.70689030744861538636930433033237862577e+00, 3.88864854247593186517950625856078476610e+00, 2.54662210315829608017097304401885380003e+00, 6.80653412667157452664858112749789988031e+00, 9.19026523700486001778075155218154667818e-01, 1.3700594680630368e+01, -5.0662950330038490e+01
0.63100000, 7.58268656574024707203614992419180556968e-01, -2.70519282227728007107505373482273160566e+00, 3.88748868481535207200944510286201834809e+00, 2.55003606369326157288690697633153750835e+00, 6.80489800920070110606409673765266231539e+00, 9.20360145487199906840534322603725056419e-01, 1.4343379774346812e+01, -5.0832585280774376e+01
0.63200000, 7.59531066358312938428485100257146814410e-01, -2.70349032443700376657833065397617631228e+00, 3.88631925222014151081139921227004300574e+00, 2.55344511515493192801687191968343875969e+00, 6.80325646817525661312729360691393239977e+00, 9.21695131370925967865662167219820339921e-01, 1.4994263521580054e+01, -5.0996348302309815e+01
0.63300000, 7.60795663482091295690025211528451625358e-01, -2.70178278650761223921007428132925963066e+00, 3.88514018388197345330435322120446946117e+00, 2.55684921854471316012196026551838728520e+00, 6.80160947302302833725365702794967100858e+00, 9.23031488894709731606465507509421000475e-01, 1.5653273724145083e+01, -5.1154066207466134e+01
0.63400000, 7.62062457634214596900149573552162386147e-01, -2.70007018086159854474942332354869677174e+00, 3.88395141860410520769772007797359868142e+00, 2.56024833447349360155722338368711109152e+00, 6.79995699293118067625319445049566970569e+00, 9.24369225638716272436739032285011830431e-01, 1.6320436347062109e+01, -5.1305562832253393e+01
0.63500000, 7.63331458564664923789140888541905899412e-01, -2.69835247966194594916806180230497737458e+00, 3.88275289479805383021254681544752231835e+00, 2.56364242315718585063279033016767203782e+00, 6.79829899684361393678947897201856254799e+00, 9.25708349220509311571525420304731282109e-01, 1.6995775445628196e+01, -5.1450659008155272e+01
0.63600000, 7.64602676085155101242653216456413647255e-01, -2.69662965485992208557238441886539421314e+00, 3.88154455048023531463255292406472727667e+00, 2.56703144441220789384878047363816521856e+00, 6.79663545345828773149699529246054501995e+00, 9.27048867295331829682839826967504232145e-01, 1.7679313090623365e+01, -5.1589172534879344e+01
0.63700000, 7.65876120069739001672975315973959809942e-01, -2.69490167819284387328408065517361214636e+00, 3.88032632326856674777391325147040742942e+00, 2.57041535765090241027431522093163292581e+00, 6.79496633122450838391402507527790955775e+00, 9.28390787556388176725067608262234625325e-01, 1.8371069291615481e+01, -5.1720918153610383e+01
0.63800000, 7.67151800455428780786617427477950196772e-01, -2.69316852118181271591769331829513946509e+00, 3.87909815037903090982918369172636216655e+00, 2.57379412187689324721842830573256274156e+00, 6.79329159834017974095861448373824465611e+00, 9.29734117735127682658457894905190577640e-01, 1.9071061918327909e+01, -5.1845707520805814e+01
0.63900000, 7.68429727242819153064082921258017643147e-01, -2.69143015512941948602816948159064639055e+00, 3.87785996862220278942147558951612209260e+00, 2.57716769568037803700161834034856063239e+00, 6.79161122274901678098807325415860693106e+00, 9.31078865601529772629566036390882791791e-01, 1.9779306620033606e+01, -5.1963349182573969e+01
0.64000000, 7.69709910496718817264761428138693051971e-01, -2.68968655111741879440722231499401317844e+00, 3.87661171439973747389538069818421207045e+00, 2.58053603723335590487074341896461586292e+00, 6.78992517213772139353138783953377775847e+00, 9.32425038964390590034273342277423270806e-01, 2.0495816742938974e+01, -5.2073648549677371e+01
0.64100000, 7.70992360346789144311362924752826036803e-01, -2.68793768000437203239914555718443638626e+00, 3.87535332370081886586657190491552522281e+00, 2.58389910428478919789619372166715888988e+00, 6.78823341393311969456212716423131457551e+00, 9.33772645671611130752060813288289063387e-01, 2.1220603245520561e+01, -5.2176407873204888e+01
0.64200000, 7.72277086988190241995367930262754343978e-01, -2.68618351242325866567909991294810162392e+00, 3.87408473209856866734766314521163313022e+00, 2.58725685415569814403775965208965445165e+00, 6.78653591529926022867991898166233590711e+00, 9.35121693610486891699462134697060604763e-01, 2.1953674611777337e+01, -5.2271426220958285e+01
0.64300000, 7.73564100682234513078798138527383498079e-01, -2.68442401877905524778419623144302154673e+00, 3.87280587474641506285887623786565557217e+00, 2.59060924373418732945299302701851551974e+00, 6.78483264313447239678421637511333071220e+00, 9.36472190707999036705997244284765827287e-01, 2.2695036762361087e+01, -5.2358499454600423e+01
0.64400000, 7.74853411757047825549451847273979828238e-01, -2.68265916924628161130414486036971451827e+00, 3.87151668637442052281326351130617667878e+00, 2.59395622947040286053746800138568887484e+00, 6.78312356406838443474748775228082010557e+00, 9.37824144931107082567318217681384244625e-01, 2.3444692963547170e+01, -5.2437420207614122e+01
0.64500000, 7.76145030608238416017874876805082045249e-01, -2.68088893376651368401786690535334157490e+00, 3.87021710128556813813245866604711431218e+00, 2.59729776737141905511818516200428164658e+00, 6.78140864445890025521856466738272310796e+00, 9.39177564287043107977710857915330708418e-01, 2.4202643734007695e+01, -5.2507977864122538e+01
0.64600000, 7.77438967699573649526065106603416531828e-01, -2.67911328204586236639914054756781067434e+00, 3.86890705335200588649481004087493841257e+00, 2.60063381299605348465708206679266611170e+00, 6.77968785038913445100286260885887831278e+00, 9.40532456823607487887415065111833918463e-01, 2.4968886749348951e+01, -5.2569958538623809e+01
0.64700000, 7.78735233563664761371592906800969066136e-01, -2.67733218355241789580177421529285702374e+00, 3.86758647601124821983777120901464709759e+00, 2.60396432144960916624851816418991318578e+00, 6.77796114766430474446651363913882448302e+00, 9.41888830629466155669381764699114808850e-01, 2.5743416744374766e+01, -5.2623145056694625e+01
0.64800000, 7.80033838802659708937858472725118778898e-01, -2.67554560751365911126646339832288783729e+00, 3.86625530226233435172490455903972495354e+00, 2.60728924737854267959962816209106725534e+00, 6.77622850180858115308784254144447015734e+00, 9.43246693834449395315001132515306986994e-01, 2.6526225413037320e+01, -5.2667316936719434e+01
0.64900000, 7.81334794088944263963042042043413890109e-01, -2.67375352291382702126071332896737109842e+00, 3.86491346466194261193894987836859408218e+00, 2.61060854496505696005214546339395746572e+00, 6.77448987806189112662356114883300605756e+00, 9.44606054609852165708943745478125863171e-01, 2.7317301306036786e+01, -5.2702250372703990e+01
0.65000000, 7.82638110165851478178421218792367147798e-01, -2.67195589849126206476311241951276275050e+00, 3.86356089532046022417010683196937156456e+00, 2.61392216792161749402485738015241507428e+00, 6.77274524137667989635977711082411512422e+00, 9.45966921168735958859481373666196519835e-01, 2.8116629726031124e+01, -5.2727718218234124e+01
0.65100000, 7.83943797848379657802665210343906660686e-01, -2.67015270273570444392673424458130052649e+00, 3.86219752589800785092678597771716297431e+00, 2.61723006948539061801303630913965693555e+00, 6.77099455641462526157038050324711290241e+00, 9.47329301766232193782426454839422355895e-01, 2.8924192620417255e+01, -5.2743489971642762e+01
0.65200000, 7.85251868023918984994051518829284490309e-01, -2.66834390388555689409623147753897414574e+00, 3.86082328760041823779822348462591602115e+00, 2.62053220241260259646035147679595540264e+00, 6.76923778754330602259828143891196055760e+00, 9.48693204699847147554078867014569319086e-01, 2.9739968471644818e+01, -5.2749331762450485e+01
0.65300000, 7.86562331652986927038919882547010425977e-01, -2.66652946992510924420174854357508851791e+00, 3.85943811117516827693796728912472064886e+00, 2.62382851897281812740483216478685034528e+00, 6.76747489883282325389874224354634693856e+00, 9.50058638309768424861226633188917209961e-01, 3.0563932185023733e+01, -5.2745006339147207e+01
0.65400000, 7.87875199769972576793766818818353337847e-01, -2.66470936858172410750238114744392678534e+00, 3.85804192690726379710756926148223442952e+00, 2.62711897094313689777791189618050743121e+00, 6.76570585405237359392880856682223572215e+00, 9.51425610979172967184246262889571188556e-01, 3.1396054973986812e+01, -5.2730273058384947e+01
0.65500000, 7.89190483483890070701932128897406207925e-01, -2.66288356732298302929457839166576573720e+00, 3.85663466461507637481389958043500168278e+00, 2.63040350960230678258846437059456923581e+00, 6.76393061666677371192242676022516897935e+00, 9.52794131134536602552622829828737416406e-01, 3.2236304242768758e+01, -5.2704887875654101e+01
0.65600000, 7.90508193979141233575632739070667609852e-01, -2.66105203335379240452840509060252936447e+00, 3.85521625364613144798416783048567647988e+00, 2.63368208572475225393560565314103465622e+00, 6.76214914983293509434676370927646574209e+00, 9.54164207245945136610695809757838450969e-01, 3.3084643466463002e+01, -5.2668603337518129e+01
0.65700000, 7.91828342516287602272014339691231811606e-01, -2.65921473361344846427849827640618528525e+00, 3.85378662287284700024260643856298571277e+00, 2.63695464957451653684795668273519976988e+00, 6.76036141639628827618072536521098290039e+00, 9.55535847827406985525072590823549366940e-01, 3.3941032068418006e+01, -5.2621168575484171e+01
0.65800000, 7.93150940432831983399833243155543925787e-01, -2.65737163477266061568814660622851802020e+00, 3.85234570068822207017423877608166410207e+00, 2.64022115089911601932560679109965110920e+00, 6.75856737888715562408057756214625971322e+00, 9.56909061437167351053878396933370955167e-01, 3.4805425294934847e+01, -5.2562329301589731e+01
0.65900000, 7.94475999144009703273328542627350178832e-01, -2.65552270323053240533521323362188550118e+00, 3.85089341500147432597637835433948928513e+00, 2.64348153892330539364624505938825348937e+00, 6.75676699951707175998844298324455595988e+00, 9.58283856678023937881772994640490176141e-01, 3.5677774087228203e+01, -5.2491827805788328e+01
0.66000000, 7.95803530143589711483842281935863713932e-01, -2.65366790511149936094835653372047297601e+00, 3.84942969323362593159940971655569001480e+00, 2.64673576234275197497034849255313105302e+00, 6.75496024017505069478546495527504474254e+00, 9.59660242197644213103408101850263089245e-01, 3.6558024950613122e+01, -5.2409402955219792e+01
0.66100000, 7.97133545004685702689905154809017431852e-01, -2.65180720626222295102164040446661830776e+00, 3.84795446231303691585666106601896985640e+00, 2.64998376931761761152289694791887106402e+00, 6.75314706242379872218041159449381671771e+00, 9.61038226688884207511675650508437073665e-01, 3.7446119820880365e+01, -5.2314790195453776e+01
0.66200000, 7.98466055380577424535010012869297483507e-01, -2.64994057224843988612533527241992536734e+00, 3.84646764867088524103021233674422171085e+00, 2.65322550746604656812121514314498775268e+00, 6.75132742749587210314388555625175623201e+00, 9.62417818890108858115660825167976986013e-01, 3.8341995927823519e+01, -5.2207721553798008e+01
0.66300000, 7.99801073005542342991401247222885019569e-01, -2.64806796835176596958035798471789536818e+00, 3.84496917823659275220644398989906460554e+00, 2.65646092385755773154002125407778299843e+00, 6.74950129628977855083515849026584650078e+00, 9.63799027585513891076624498917952807689e-01, 3.9245585655881566e+01, -5.2087925644765844e+01
0.66400000, 8.01138609695697839900247138383899115083e-01, -2.64618935956645368864293563934204159173e+00, 3.84345897643319617293290025557430088383e+00, 2.65968996500633945213477788394395594701e+00, 6.74766862936602150510961539398025819108e+00, 9.65181861605449244008561754047775770339e-01, 4.0156816401861151e+01, -5.1955127677800801e+01
0.66500000, 8.02478677349854121035945893891091239213e-01, -2.64430471059610272042393306001750127110e+00, 3.84193696817266229678721023438372962517e+00, 2.66291257686444530126155121603251945578e+00, 6.74582938694308616432610539101729545939e+00, 9.66566329826744026342886622488670768540e-01, 4.1075610429703404e+01, -5.1809049467358956e+01
0.66600000, 8.03821287950378016667537905103362076693e-01, -2.64241398585032250943274860792804522587e+00, 3.84040307785114650807968085572792388726e+00, 2.66612870481488898831369171317727151334e+00, 6.74398352889336622028095338349549564368e+00, 9.67952441173033016204554182451661328625e-01, 4.2001884722260861e+01, -5.1649409445453376e+01
0.66700000, 8.05166453564067860325835841834430235087e-01, -2.64051714944134605587730382908755191392e+00, 3.83885722934419374816374138054369537198e+00, 2.66933829366463664461998355862266996473e+00, 6.74213101473903021966434611686402069838e+00, 9.69340204615084691989432652338914150308e-01, 4.2935550830050801e+01, -5.1475922676768118e+01
0.66800000, 8.06514186343039635313608546346660859035e-01, -2.63861416518059403565761540714787246122e+00, 3.83729934600188102669235767571735893628e+00, 2.67254128763749464399200099400040100973e+00, 6.74027180364782645245015858665753572626e+00, 9.70729629171130796569970526155125801712e-01, 4.3876514716952154e+01, -5.1288300876452797e+01
0.66900000, 8.07864498525624582420724712516073250052e-01, -2.63670499657518835434855767348946556486e+00, 3.83572935064390055962319560293281177694e+00, 2.67573763036689109134606697804434425274e+00, 6.73840585442882524407644579871790594906e+00, 9.72120723907197431788165655219600305269e-01, 4.4824676602814055e+01, -5.1086252430712269e+01
0.67000000, 8.09217402437278466329434625898930305552e-01, -2.63478960682441421836513043512215432006e+00, 3.83414716555458259782970626451054121548e+00, 2.67892726488854907153249601640727418322e+00, 6.73653312552809750413470838788664679695e+00, 9.73513497937437680621541993279658081783e-01, 4.5779930802945153e+01, -5.0869482420309607e+01
0.67100000, 8.10572910491502702319899421464588025313e-01, -2.63286795881612978692787176149932328550e+00, 3.83255271247785699180808871295436943664e+00, 2.68211013363304971025600954882625292402e+00, 6.73465357502432835954505296491270876733e+00, 9.74907960424465754129292744776204488333e-01, 4.6742165564453860e+01, -5.0637692647104292e+01
0.67200000, 8.11931035190777549115728115661692496027e-01, -2.63094001512312244838361793465914000051e+00, 3.83094591261215251916954968090058127945e+00, 2.68528617841828305773983143371310471083e+00, 6.73276716062436467483438221863919006478e+00, 9.76304120579692660001983802200287900710e-01, 4.7711262899410959e+01, -5.0390581663751335e+01
0.67300000, 8.13291789127507578046822166447761519934e-01, -2.62900573799941074387380537767564157233e+00, 3.82932668660523298236133740808702709322e+00, 2.68845534044178476354466936737674488623e+00, 6.73087383965869523613808813547662938612e+00, 9.77701987663663389249268151747224400154e-01, 4.8687098414807258e+01, -5.0127844806691004e+01
0.67400000, 8.14655184984979633155537382553799493667e-01, -2.62706508937649094026468226966027227713e+00, 3.82769495454896906435619692671020244149e+00, 2.69161756027295646767437747219103961247e+00, 6.72897356907686234889413631218504687232e+00, 9.79101570986395617265992526612806034063e-01, 4.9669541139280409e+01, -4.9849174232562801e+01
0.67500000, 8.16021235538333501435452962548636191336e-01, -2.62511803085952723264644305981001627892e+00, 3.82605063597404490987528836936657858440e+00, 2.69477277784516778875350350160935647626e+00, 6.72706630544280357187308151943467301198e+00, 9.80502879907719915217947891187646735711e-01, 5.0658453346586519e+01, -4.9554258958181468e+01
0.67600000, 8.17389953655545517073408933116949940123e-01, -2.62316452372348453455623523071259969569e+00, 3.82439364984459837905091571495302709662e+00, 2.69792093244773774461816381373242275971e+00, 6.72515200493012228216899355230063260843e+00, 9.81905923837621467384406162143899693618e-01, 5.1653690375793817e+01, -4.9242784904217005e+01
0.67700000, 8.18761352298425328368585327742440144062e-01, -2.62120452890920279136754110283781847136e+00, 3.82272391455279389927887915442221972650e+00, 2.70106196271779339408982610959216593267e+00, 6.72323062331728573704441275408961196439e+00, 9.83310712236583289785593913945526710035e-01, 5.2655100448177387e+01, -4.8914434942724991e+01
0.67800000, 8.20135444523626060931030909975933576483e-01, -2.61923800701941172899942581521992215328e+00, 3.82104134791332681934168201303289638437e+00, 2.70419580663200344096969933714205020651e+00, 6.72130211598274926905655375503088119704e+00, 9.84717254615930945109494219986510825913e-01, 5.3662524480795880e+01, -4.8568888948677892e+01
0.67900000, 8.21512243483668115820126255842570560746e-01, -2.61726491831468492621685596027544276674e+00, 3.81934586715785814768851133287116497546e+00, 2.70732240149818449236660283076807889940e+00, 6.71936643790000522067060980678183760402e+00, 9.86125560538178748633973789551473808982e-01, 5.4675795896733109e+01, -4.8205823855652580e+01
0.68000000, 8.22891762427976846475049931643615558455e-01, -2.61528522270933207430047513260313673926e+00, 3.81763738892937853402069636103696988368e+00, 2.71044168394677761331943285971725753601e+00, 6.71742354363255519356704806171371900453e+00, 9.87535639617377459517358279426819595596e-01, 5.5694740431989614e+01, -4.7824913715833868e+01
0.68100000, 8.24274014703934363618622049026335680118e-01, -2.61329887976722826274304972474579680522e+00, 3.81591582927650033003654699599716693188e+00, 2.71355358992219276826159673114575013163e+00, 6.71547338732880415605036525981749557071e+00, 9.88947501519463451503400426133061216256e-01, 5.6719175939011559e+01, -4.7425829764498609e+01
0.68200000, 8.25659013757945722787298146792037298427e-01, -2.61130584869757910386186020494760552843e+00, 3.81418110364767654132086969365827150486e+00, 2.71665805467401868716284848225987794981e+00, 6.71351592271687491934327108849765499564e+00, 9.90361155962609356755303827053484500925e-01, 5.7748912186846797e+01, -4.7008240489149709e+01
0.68300000, 8.27046773136519754758113170584635689598e-01, -2.60930608835062048278259050292327012840e+00, 3.81243312688534545790528496874944870698e+00, 2.71975501274809564013647550693461682504e+00, 6.71155110309934146007827288973885597062e+00, 9.91776612717576176198306112053994695611e-01, 5.8783750657920556e+01, -4.6571811703474349e+01
0.68400000, 8.28437306487364804912735940494575932458e-01, -2.60729955721325169213111035673969595664e+00, 3.81067181321999972595838891837835649731e+00, 2.72284439797744854887818343288334035205e+00, 6.70957888134787953195292339755434533722e+00, 9.93193881608066849411543215036090334878e-01, 5.9823484341425946e+01, -4.6116206626305719e+01
0.68500000, 8.29830627560499653504372590070317390910e-01, -2.60528621340460068294464722580564289391e+00, 3.80889707626417859737187594322152989692e+00, 2.72592614347307780646748680283248611495e+00, 6.70759920989783297426948835856392607815e+00, 9.94612972511081276767796013417117816887e-01, 6.0867897523327508e+01, -4.5641085965772749e+01
0.68600000, 8.31226750209379894880122527813892130475e-01, -2.60326601467152013476222138554637408971e+00, 3.80710882900638206767141656238684846345e+00, 2.72900018161460511877181852439299904221e+00, 6.70561204074269408890753959103357663330e+00, 9.96033895357272786174578863349802563842e-01, 6.1916765572979081e+01, -4.5146108008827509e+01
0.68700000, 8.32625688392040059964806008434354429690e-01, -2.60123891838401301855418157837339033024e+00, 3.80530698380490558568016446397566359358e+00, 2.73206644404077162090546099768150158948e+00, 6.70361732542849642015111537787165798733e+00, 9.97456660131306036422218733820000240016e-01, 6.2969854726360682e+01, -4.4630928716345375e+01
0.68800000, 8.34027456172251772737714473747286911227e-01, -2.59920488153058629607981002230511538667e+00, 3.80349145238159399067838250541342860081e+00, 2.73512486163978546086592341516946801460e+00, 6.70161501504811823368180145875547423377e+00, 9.98881276872216348794483760038560847021e-01, 6.4026921865942529e+01, -4.4095201823998460e+01
0.68900000, 8.35432067720698238036861079584202526441e-01, -2.59716386071353136839708761198987514002e+00, 3.80166214581551330441426335986397486785e+00, 2.73817536453951597955424717304070772636e+00, 6.69960506023549495192557708189145191588e+00, 1.00030775567377045824538183458262582760e+00, 6.5087714297188163e+01, -4.3538578949108417e+01
0.69000000, 8.36839537316165364812027950314186912263e-01, -2.59511581214412985456585920374163915740e+00, 3.79981897453653897620728706999329155331e+00, 2.74121788209753155183612330972639813263e+00, 6.69758741115973876277372641462394503467e+00, 1.00173610668482867509243788987891861377e+00, 6.6151969521712499e+01, -4.2960709703690381e+01
0.69100000, 8.38249879346749835924348353226886380395e-01, -2.59306069163778324906003512654126528915e+00, 3.79796184831885914952436068949179012933e+00, 2.74425234289097808706931075960599465373e+00, 6.69556201751916357745466198203721443520e+00, 1.00316634010970844782259449609540944323e+00, 6.7219415007114866e+01, -4.2361241813905619e+01
0.69200000, 8.39663108311084442762697226701164760511e-01, -2.59099845460906497301048146710222105887e+00, 3.79609067627439148777769498683251976198e+00, 2.74727867470629511955970307638078650824e+00, 6.69352882853521347098117006961183502011e+00, 1.00459846620854931725243670332435706075e+00, 6.8289767953511481e+01, -4.1739821246146329e+01
0.69300000, 8.41079238819581010322415771627803082431e-01, -2.58892905606669330011138174058080320376e+00, 3.79420536684611206566824284466772617159e+00, 2.75029680452876634966188872351456777133e+00, 6.69148779294629269510225272530682102255e+00, 1.00603249529767925193034560554870283246e+00, 6.9362735056796479e+01, -4.1096092339982053e+01
0.69400000, 8.42498285595691245976752474057462251124e-01, -2.58685245060842360281167671610684125490e+00, 3.79230582780129480015505518696875424058e+00, 2.75330665853190142465684247281250533997e+00, 6.68943885900149530901510572955709442678e+00, 1.00746843774998235431512139414602342388e+00, 7.0438012268665520e+01, -4.0429697948203245e+01
0.69500000, 8.43920263477185852973027345238622248010e-01, -2.58476859241585832825133977366816025910e+00, 3.79039196622465986204371799799667283560e+00, 2.75630816206664567506433702561069210894e+00, 6.68738197445423242720430335390789427881e+00, 1.00890630399526792691433415184784078640e+00, 7.1515284553441188e+01, -3.9740279584203780e+01
0.69600000, 8.45345187417452257711370494729439276464e-01, -2.58267743524917307626037000713578889606e+00, 3.78846368851142947522980954344657847590e+00, 2.75930123965041444662377976447626076306e+00, 6.68531708655575503663414572161364272358e+00, 1.01034610452064088721697539079672383774e+00, 7.2594225641744848e+01, -3.9027477576950462e+01
0.69700000, 8.46773072486811308121704728340639972739e-01, -2.58057893244175711358610952586822769090e+00, 3.78652090036028947577878905016149339206e+00, 2.76228581495594859074553614541617890494e+00, 6.68324414204857028708722006825374515417e+00, 1.01178784987087351990978406323571971101e+00, 7.3674497781065391e+01, -3.8290931233794050e+01
0.69800000, 8.48203933873853308952505311981163103015e-01, -2.57847303689476661932037794628703999076e+00, 3.78456350676625496724362250969111561507e+00, 2.76526181079998759673447443563387597715e+00, 6.68116308715974910867700810014086154378e+00, 1.01323155064877855452587415101084463819e+00, 7.4755751483281332e+01, -3.7530279011382776e+01
0.69900000, 8.49637786886793768531180130303432444550e-01, -2.57635970107158891622942519596443135514e+00, 3.78259141201343837188644791461060920267e+00, 2.76822914913175676745545600188290985624e+00, 6.67907386759412295942287644257541475212e+00, 1.01467721751558355633904735719050930702e+00, 7.5837625269199095e+01, -3.6745158694946007e+01
0.70000000, 8.51074646954849240559418728177454095207e-01, -2.57423887699221590131314604279253510352e+00, 3.78060451966771813975027078242743471953e+00, 2.77118775102126475628164643482072813726e+00, 6.67697642852736745321856111913963230437e+00, 1.01612486119130661798857410322473803633e+00, 7.6919745410177030e+01, -3.5935207586222349e+01
0.70100000, 8.52514529629633653776670909774108623111e-01, -2.57211051622752484640049708900386906141e+00, 3.77860273256930633878951386597290236554e+00, 2.77413753664740769707344469566120476081e+00, 6.67487071459897056450529289908692976916e+00, 1.01757449245513333899850559992739508402e+00, 7.8001725666911706e+01, -3.5100062700313332e+01
0.70200000, 8.53957450586575531870526995312621450055e-01, -2.56997456989346469588949162255721862106e+00, 3.77658595282521330948148897903670773776e+00, 2.77707842528587607050880842113402523348e+00, 6.67275666990508305043138667591548358817e+00, 1.01902612214579508004407925263203696962e+00, 7.9083167025470449e+01, -3.4239360971750669e+01
0.70300000, 8.55403425626356515844073622056224797178e-01, -2.56783098864514594382511446564530641462e+00, 3.77455408180160752647054283271448249365e+00, 2.78001033529686035925267223170814346620e+00, 6.67063423799124867419313441716070774229e+00, 1.02047976116194847851695005935529769827e+00, 8.0163657430661810e+01, -3.3352739470072091e+01
0.70400000, 8.56852470676371611177600296157584205597e-01, -2.56567972267083212633825399864199504942e+00, 3.77250702011606876780749014641051894259e+00, 2.78293318411255145113938935558442625805e+00, 6.66850336184501175455715101281368724753e+00, 1.02193542046255621165239192600755007977e+00, 8.1242771516843817e+01, -3.2439835625207774e+01
0.70500000, 8.58304601792211592556080253044540229021e-01, -2.56352072168583091800315621645337023408e+00, 3.77044466762973264920237543844795081198e+00, 2.78584688822443165367045434920708665657e+00, 6.66636398388839950621006226647302625406e+00, 1.02339311106726899320696250602110081670e+00, 8.2320070336278386e+01, -3.1500287462986530e+01
0.70600000, 8.59759835159168009685851764540640418201e-01, -2.56135393492628277186838288946229566676e+00, 3.76836692343932453637058167968615890784e+00, 2.78875136317035208462026757606318940622e+00, 6.66421604597027657351384089369576850664e+00, 1.02485284405680878941624763136664606524e+00, 8.3395101085149206e+01, -3.0533733851078138e+01
0.70700000, 8.61218187093761248805572280234595915947e-01, -2.55917931114284499273371405437132791491e+00, 3.76627368586908080298134139892056310731e+00, 2.79164652352139210231265970016594998136e+00, 6.66205948935856909640846936605182285006e+00, 1.02631463057335323972117766688951508413e+00, 8.4467396827369811e+01, -2.9539814755695436e+01
0.70800000, 8.62679674045292115920003163895125058241e-01, -2.55699679859426908163821945976304782008e+00, 3.76416485246255535487278048464334185608e+00, 2.79453228286849633509467526810075794176e+00, 6.65989425473235558154017027821295774568e+00, 1.02777848182092126753017644902824383952e+00, 8.5536476216318359e+01, -2.8518171509387156e+01
0.70900000, 8.64144312597417419563233836930550460506e-01, -2.55480634504086913644655017854792687646e+00, 3.76204031997430929303610930674518151712e+00, 2.79740855380888476260306293227410613080e+00, 6.65772028217382178414329717429260841068e+00, 1.02924440906575986608537065452133194409e+00, 8.6601843214645934e+01, -2.7468447090259839e+01
0.71000000, 8.65612119469750043043854992993521203085e-01, -2.55260789773787903882339086993415030237e+00, 3.75989998436148153834916594349394430330e+00, 2.80027524793223119150123828804246802852e+00, 6.65553751116007673670500445254927386225e+00, 1.03071242363673204432674090795437761951e+00, 8.7662986812315957e+01, -2.6390286412974617e+01
0.71100000, 8.67083111519484008652210834062597167578e-01, -2.55040140342869610172022115758100445819e+00, 3.75774374077523819011015595499707134470e+00, 2.80313227580660535536511066479413172837e+00, 6.65334588055482698892958696751584405369e+00, 1.03218253692570591750111668764543212463e+00, 8.8719380743043543e+01, -2.5283336631872112e+01
0.71200000, 8.68557305743045049233684643794964165756e-01, -2.54818680833800879371248075388623756001e+00, 3.75557148355209833803823384337977338158e+00, 2.80597954696417375221664088442729344434e+00, 6.65114532859990604992706532866431473639e+00, 1.03365476038794492714619358961142859015e+00, 8.9770483199315463e+01, -2.4147247456586202e+01
0.71300000, 8.70034719277767215867131272802816399916e-01, -2.54596405816480609706542487367680607995e+00, 3.75338310620513399351872855620619856986e+00, 2.80881696988665421374233881821807439746e+00, 6.64893579290665594780885280356231495632e+00, 1.03512910554249917499639452322745977075e+00, 9.0815736546183646e+01, -2.2981671480514926e+01
0.71400000, 8.71515369403596064149874160227152584070e-01, -2.54373309807526599521791110262037252914e+00, 3.75117850141504175042552027850191157212e+00, 2.81164445199051907738446622723151735071e+00, 6.64671721044715774391022473913917849937e+00, 1.03660558397259785531075490437791103464e+00, 9.1854567034038080e+01, -2.1786264522524338e+01
0.71500000, 8.72999273544818975796657116780427304408e-01, -2.54149387269552052239752029414426972605e+00, 3.74895756102108372879742233400361500330e+00, 2.81446189961194170614601776571140601463e+00, 6.64448951754530775860015202779385910961e+00, 1.03808420732604277011669007262968296553e+00, 9.2886384510578406e+01, -2.0560685982268654e+01
0.71600000, 8.74486449271823186926856629244305163322e-01, -2.53924632610429474325806746607982389966e+00, 3.74672017601189529592330948674931689194e+00, 2.81726921799148097099318233671316466103e+00, 6.64225264986773618300635229127355240412e+00, 1.03956498731560291190137863594491370510e+00, 9.3910582132217563e+01, -1.9304599209517566e+01
0.71700000, 8.75976914302882109560182784436797541397e-01, -2.53699040182541696369974048021714291068e+00, 3.74446623651615699894376391945394851128e+00, 2.82006631125849817705338613488667279160e+00, 6.64000654241456466589669764299709003537e+00, 1.04104793571941009836873887103309569934e+00, 9.4926536075165518e+01, -1.8017671887889091e+01
0.71800000, 8.77470686505970548484920505666482228087e-01, -2.53472604282019740532850816158062427930e+00, 3.74219563179312808084437849486040812750e+00, 2.82285308241530077727134693683915955401e+00, 6.63775112950999937733385780614500212617e+00, 1.04253306438135564401907120848498021484e+00, 9.5933605246456460e+01, -1.6699576433393795e+01
0.71900000, 8.78967783900609431824256158136085234066e-01, -2.53245319147967250526831801495691670390e+00, 3.73990825022303888763423968690902241414e+00, 2.82562943332100707567352443666387804598e+00, 6.63548634479275596047150261909783819127e+00, 1.04402038521148805350520903792682189790e+00, 9.6931130995198781e+01, -1.5349990408203665e+01
0.72000000, 8.80468224659740690326086278263482654125e-01, -2.53017178961671193018766549010476979780e+00, 3.73760397929733940850654618318603404749e+00, 2.82839526467512597677199010445931343673e+00, 6.63321212120631268989744067350391680511e+00, 1.04550991018641172197864370648265749705e+00, 9.7918436824343895e+01, -1.3968596950066220e+01
0.72100000, 8.81972027111632937661572518599283154031e-01, -2.52788177845798531836941904484118685679e+00, 3.73528270560880112279807384404902224678e+00, 2.83115047600084568777628900695473987819e+00, 6.63092839098898805915814076605066564221e+00, 1.04700165134968662796713479015936670822e+00, 9.8894828103287312e+01, -1.2555085217791769e+01
0.72200000, 8.83479209741818621860267450350195500825e-01, -2.52558309863578568636462128200200454462e+00, 3.73294431484146925752864431724113068837e+00, 2.83389496562802512603552614713212124711e+00, 6.62863508566383892142293673950298815448e+00, 1.04849562081222900472776418669173748178e+00, 9.9859591781633515e+01, -1.1109150853248844e+01
0.72300000, 8.84989791195063336458642049363602457871e-01, -2.52327569017970635714976767930318395762e+00, 3.73058869176046248713622420024199406282e+00, 2.83662863067588162535665103306640760399e+00, 6.62633213602837520556382004214941761692e+00, 1.04999183075271297650266608254686497357e+00, 1.0081199610447511e+02, -9.6304964603099377e+00
0.72400000, 8.86503790277367999019182576431274457250e-01, -2.52095949250816818467219740336195174813e+00, 3.72821572020161703264991738595270122173e+00, 2.83935136703536837138726115120784882280e+00, 6.62401947214408712513307769025807792476e+00, 1.05149029341797314667566287373554613269e+00, 1.0175129032955635e+02, -8.1188321011965564e+00
0.72500000, 8.88021225958004624414971106588048896297e-01, -2.51863444441979376513598794404107578920e+00, 3.72582528306097204088071424459710494336e+00, 2.84206306935123482795505386164416619039e+00, 6.62169702332578068970699663977330778781e+00, 1.05299102112340812549416678050613759666e+00, 1.0267670444671177e+02, -6.5738758106793735e+00
0.72600000, 8.89542117371586440697157916034771321329e-01, -2.51630048408462523826413035238523576303e+00, 3.72341726228409304517371791739422008045e+00, 2.84476363100376324295828075007705928133e+00, 6.61936471813071721671596831673104729143e+00, 1.05449402625338498578992027089984094778e+00, 1.0358744889999180e+02, -4.9953541285958311e+00
0.72700000, 8.91066483820173116498640647179013860467e-01, -2.51395754903518219198136783124579526245e+00, 3.72099153885523022776728791715010391709e+00, 2.84745294409017414393300621377725878612e+00, 6.61702248434755242708161749491979106630e+00, 1.05599932126164463601298151488779493196e+00, 1.0448271431290966e+02, -3.3830026511539112e+00
0.72800000, 8.92594344775411890806650542601015818030e-01, -2.51160557615735609140194194011223631664e+00, 3.71854799278630811975186599780755824540e+00, 2.85013089940569354960804943490835874400e+00, 6.61467024898507058960736546563156348557e+00, 1.05750691867170810089497566184553013996e+00, 1.0536167121726695e+02, -1.7365666014969266e+00
0.72900000, 8.94125719880715418591353902813889136035e-01, -2.50924450168113755757992878250743968858e+00, 3.71608650310574328791786053353047205332e+00, 2.85279738642427443441493484034284547329e+00, 6.61230793826070905699251633370387180000e+00, 1.05901683107728370118986101700760814955e+00, 1.0622346978603914e+02, -5.5801420010055314e-02
0.73000000, 8.95660628953477169240111149541805255300e-01, -2.50687426117117272308530724870197933326e+00, 3.71360694784708646832728059912925808515e+00, 2.85545229327896478785878381656102970493e+00, 6.60993547758886841042878596233728148434e+00, 1.06052907114267512521385199589788852210e+00, 1.0706723957082760e+02, 1.6595266251450743e+00
0.73100000, 8.97199091987325239052447496536412776920e-01, -2.50449478951714479000078143232700674489e+00, 3.71110920403748551413276606493475320674e+00, 2.85809550674191440968040635304302680666e+00, 6.60755279156900329985406501857240043009e+00, 1.06204365160319038633201896310653418617e+00, 1.0789208924441046e+02, 3.4096398067761808e+00
0.73200000, 8.98741129154415464235568926652564572184e-01, -2.50210602092397681128285384965360864544e+00, 3.70859314768596542989048272542443409756e+00, 2.86072691220401237464591128562707676540e+00, 6.60515980397348893293739958794341266418e+00, 1.06356058526555166212959499422999189714e+00, 1.0869710634895187e+02, 5.1947482861900361e+00
0.73300000, 9.00286760807764746942733493617951513650e-01, -2.49970788890185160848147763955735849826e+00, 3.70605865377152166625531866331294308614e+00, 2.86334639365414688737610531582256106337e+00, 6.60275643773525802760209990859515613387e+00, 1.06507988500830601277419220799100052810e+00, 1.0948135705045706e+02, 7.0150494390050889e+00
0.73400000, 9.01836007483625533957231635215801531802e-01, -2.49730032625604462744695960270285064693e+00, 3.70350559623102274738800079921458982003e+00, 2.86595383365807902765376073073296777576e+00, 6.60034261493520290020483522434125034901e+00, 1.06660156378223697803494490441943202611e+00, 1.1024388590009017e+02, 8.8707271587419286e+00
0.73500000, 9.03388889903902415685463936116638166639e-01, -2.49488326507656541874698395349908560998e+00, 3.70093384794691819851874419424701266663e+00, 2.86854911333692165989392843995432267050e+00, 6.59791825678933721421541718497213744198e+00, 1.06812563461077705459104925711096804647e+00, 1.1098371560300164e+02, 1.0761951137682888e+01
0.73600000, 9.04945428978611842228125142616829171702e-01, -2.49245663672760331094199295289091134964e+00, 3.69834328073474763276968505289170718447e+00, 2.87113211234521454669338401823225757872e+00, 6.59548328363571176221589062096773959046e+00, 1.06965211059042105765134563772472912866e+00, 1.1169984679534372e+02, 1.2688876124488971e+01
0.73700000, 9.06505645808385983495599745224259887101e-01, -2.49002037183677272248975500144714897889e+00, 3.69573376533044674440140174882248912969e+00, 2.87370270884858646534326622838076233974e+00, 6.59303761492107849708270465691376453047e+00, 1.07118100489114037353574435096499138946e+00, 1.1239125783018531e+02, 1.4651641158059737e+01
0.73800000, 9.08069561687021791671566801214314690243e-01, -2.48757440028415343173034215521968463550e+00, 3.69310517137744583997368319590142830291e+00, 2.87626077950099487763756796059944814367e+00, 6.59058116918729686614896248642533400469e+00, 1.07271233075679811275693634279630687632e+00, 1.1305690457307092e+02, 1.6650368777119813e+01
0.73900000, 9.09637198104076356859290342590551038597e-01, -2.48511865119112099399575677754291724093e+00, 3.69045736741355641934702476606533118320e+00, 2.87880619942153344697284272976769092812e+00, 6.58811386405747633477420654270056071822e+00, 1.07424610150556517630680893825348545983e+00, 1.1369572020800392e+02, 1.8685164205014397e+01
0.74000000, 9.11208576747509680522648649813409381635e-01, -2.48265305290896236024292041186622323324e+00, 3.68779022085764119484170179145057895954e+00, 2.88133884217079743233424133049955680130e+00, 6.58563561622184881287802088407467628305e+00, 1.07578233053033725131759586988209199007e+00, 1.1430661505467056e+02, 2.0756114509195529e+01
0.74100000, 9.12783719506376026416024659252356483174e-01, -2.48017753300727161256722253319540815281e+00, 3.68510359799606280905081123273352531198e+00, 2.88385857972679671601175518456377336874e+00, 6.58314634142336451941365509202871298366e+00, 1.07732103129915275605586985432180282577e+00, 1.1488847639775898e+02, 2.2863287734881038e+01
0.74200000, 9.14362648473565045144187188501455036428e-01, -2.47769201826212058835231745920918248441e+00, 3.68239736396890637959964091137919702329e+00, 2.88636528246040594048881851012966372031e+00, 6.58064595444300463525282784606944684059e+00, 1.07886221735561175834253241451940206348e+00, 1.1544016832926639e+02, 2.5006732012369087e+01
0.74300000, 9.15945385948593906368919292260642056765e-01, -2.47519643464399901647948720839227069742e+00, 3.67967138275597086237508908374081587153e+00, 2.88885881911034093958175704174143753493e+00, 6.57813436908480390429757686562309915989e+00, 1.08040590231929589600024663473923203130e+00, 1.1596053160472841e+02, 2.7186474637493063e+01
0.74400000, 9.17531954440451712050504778633076196300e-01, -2.47269070730551863577861101858553520444e+00, 3.67692551716252408322583722596780361132e+00, 2.89133905675765034925903523527261718514e+00, 6.57561149816057614559456233572223292534e+00, 1.08195209988618933283948055962313655717e+00, 1.1644838351434606e+02, 2.9402521124704400e+01
0.74500000, 9.19122376670497505050010071383572891285e-01, -2.47017476056887560756704277251260336628e+00, 3.67415962880481614165757331675436497310e+00, 2.89380586079971097429689243746138016952e+00, 6.57307725347433543555657669417142156422e+00, 1.08350082382910078903571753597564289117e+00, 1.1690251777002969e+02, 3.1654854232274720e+01
0.74600000, 9.20716675575413229997193997761312208922e-01, -2.46764851791306537049908088508397579224e+00, 3.67137357809534573840903502495092362846e+00, 2.89625909492371516768222374129440169403e+00, 6.57053154580640550883955286629364345921e+00, 1.08505208799808669055587968552916645702e+00, 1.1732170440942369e+02, 3.3943432959113613e+01
0.74700000, 9.22314874310213047627529500335407704511e-01, -2.46511190196084391683558127296892865005e+00, 3.66856722422787382177498016896392246897e+00, 2.89869862107963815008971504570333986719e+00, 6.56797428489720970871439191614298500520e+00, 1.08660590632087548859639732255772182224e+00, 1.1770468971802252e+02, 3.6268191512704460e+01
0.74800000, 9.23916996251310449893254624529982616050e-01, -2.46256483446542929443036305361500446553e+00, 3.66574042516217878491153414088003778017e+00, 2.90112429945267285645873054484494788658e+00, 6.56540537943073359263312095639781027190e+00, 1.08816229280329320683597031195175308744e+00, 1.1805019617053646e+02, 3.8629038247668028e+01
0.74900000, 9.25523064999644671145217308743954850261e-01, -2.46000723629693695799812503186935517857e+00, 3.66289303760854727787638959346720739385e+00, 2.90353598843511954528125110102242525075e+00, 6.56282473701765206582772845985528667060e+00, 1.08972126152969028172295816355505562405e+00, 1.1835692239271514e+02, 4.1025854574472253e+01
0.75000000, 9.27133104383867940657062143605360847050e-01, -2.45743902742854240634892702575519716274e+00, 3.66002491701199452356761383529642317318e+00, 2.90593354459771704327409570943621551660e+00, 6.56023226417811267489421591325840727321e+00, 1.09128282666336976905347744010568660932e+00, 1.1862354314488825e+02, 4.3458493837816702e+01
0.75100000, 9.28747138463595173818744764197932172620e-01, -2.45486012692236434900830765158172379531e+00, 3.65713591753620784576412902191616478961e+00, 2.90831682266040212321867597196433823462e+00, 6.55762786632416644408726307628787476999e+00, 1.09284700244701699879778986618876548890e+00, 1.1884870932853571e+02, 4.5926780164231872e+01
0.75200000, 9.30365191532717753565687648912129810315e-01, -2.45227045291506144574087045271646503667e+00, 3.65422589204720692985851596014931059475e+00, 2.91068567546248312546396342060692187327e+00, 6.55501144774183737915168730829564744179e+00, 1.09441380320313076954891602025971083630e+00, 1.1903104801725416e+02, 4.8430507278446658e+01
0.75300000, 9.31987288122783110142212668969895487291e-01, -2.44966992260313545569888889508485865581e+00, 3.65129469209671414231459395881912116249e+00, 2.91303995393221353343911192794689369286e+00, 6.55238291157282149660010172111397221192e+00, 1.09598324333445618415171371796793498604e+00, 1.1916916251354335e+02, 5.0969437288092376e+01
0.75400000, 9.33613453006441866238540178696432455026e-01, -2.44705845222793341895501025241963353959e+00, 3.64834216790522803306905167446650297717e+00, 2.91537950705575080002796183013018513367e+00, 6.54974215979580596005089011413625382994e+00, 1.09755533732441923907991565577411240404e+00, 1.1926163243289389e+02, 5.3543299436328457e+01
0.75500000, 9.35243711200964376011603705533306246838e-01, -2.44443595706034127176642377544041876209e+00, 3.64536816834479293570303653359168051484e+00, 2.91770418184548529431505614679513531467e+00, 6.54708909320739861918963294267163274499e+00, 1.09913009973756329202400943185727877990e+00, 1.1930701381671784e+02, 5.6151788821993777e+01
0.75600000, 9.36878087971828550630221213072442770552e-01, -2.44180235138516106776136507357027924126e+00, 3.64237254092145736289388878814755987520e+00, 2.92001382330772379649742577162527312621e+00, 6.54442361140265795071621219310317622668e+00, 1.10070754521998754500004329473027720343e+00, 1.1930383927572585e+02, 5.8794565086908366e+01
0.75700000, 9.38516608836380929911324923532772143035e-01, -2.43915754848516374002894021031277109783e+00, 3.63935513175741366905901444484488385737e+00, 2.92230827440971151212191479969264685438e+00, 6.54174561275521309387687838218540304619e+00, 1.10228768849978769415896594607159781122e+00, 1.1925061816541765e+02, 6.1471251069973343e+01
0.75800000, 9.40159299567573029480511247634955918070e-01, -2.43650146062480909350763934208327299342e+00, 3.63631578557281121784409791839306862384e+00, 2.92458737604597610468495740419004841589e+00, 6.53905499439696335542467861648504057256e+00, 1.10387054438749891244366995868717819321e+00, 1.1914583679541879e+02, 6.4181431427742307e+01
0.75900000, 9.41806186197775065850171270601535713548e-01, -2.43383399903362446276986092957199687740e+00, 3.63325434566723504878718105721091633806e+00, 2.92685096700397675742726003478810740166e+00, 6.53635165219734622965218906212142420155e+00, 1.10545612777654134738780825727127696395e+00, 1.1898795867446385e+02, 6.6924651221165292e+01
0.76000000, 9.43457295022669238024007501207704723247e-01, -2.43115507388923320693749422089587384422e+00, 3.63017065390084178468794573486190852219e+00, 2.92909888392904077025151769983478306141e+00, 6.53363548074216263802611016761246359287e+00, 1.10704445364366833376400807807970497812e+00, 1.1877542479289578e+02, 6.9700414468236944e+01
0.76100000, 9.45112652605224823879601644710915027426e-01, -2.42846459430002394066950470870455794316e+00, 3.62706455067514425848455583554161326945e+00, 2.93133096128856967544265112531630063592e+00, 6.53090637331194773943083339088179378818e+00, 1.10863553704941753956310374609748327813e+00, 1.1850665394462235e+02, 7.2508182662313858e+01
0.76200000, 9.46772285779757432832935356795886599720e-01, -2.42576246828745111755233923648687107180e+00, 3.62393587491343606532134983923288273123e+00, 2.93354703133549631560527536234886716259e+00, 6.52816422185987529558155351156217164639e+00, 1.11022939313856528402119818761025080081e+00, 1.1818004309054430e+02, 7.5347373255902309e+01
0.76300000, 9.48436221656074843343424544164356978845e-01, -2.42304860276795728939621398752325392572e+00, 3.62078446404084696148675718794590175452e+00, 2.93574692407097376825177181544492744314e+00, 6.52540891698918319625680571031861046572e+00, 1.11182603714058428821598719642692789458e+00, 1.1779396776554488e+02, 7.8217358109756994e+01
0.76400000, 9.50104487623711944879861025258696494959e-01, -2.42032290353450706147510705770785180341e+00, 3.61761015396401973649222889336554265975e+00, 2.93793046720627642304609457082332172154e+00, 6.52264034793010735506008772200631397868e+00, 1.11342548437010514224415161204303854272e+00, 1.1734678253120791e+02, 8.1117461907174118e+01
0.76500000, 9.51777111356257399253910268900500414404e-01, -2.41758527523772244920652071734440755854e+00, 3.61441277905039887720120523080606312695e+00, 2.94009748612389291907168446227837684108e+00, 6.51985840251631077785852984602966977851e+00, 1.11502775022738179829273907435700649851e+00, 1.1683682147651073e+02, 8.4046960533408353e+01
0.76600000, 9.53454120815774735969072015164489602587e-01, -2.41483562136660901568966640241392940286e+00, 3.61119217210712102302318091383400366483e+00, 2.94224780383779002985227792036474248449e+00, 6.51706296716079418224347908385030136137e+00, 1.11663285019876142616367264169614394785e+00, 1.1626239876882004e+02, 8.7005079420193096e+01
0.76700000, 9.55135544257320700674089916220396055712e-01, -2.41207384422886183142740534042071430872e+00, 3.60794816435949687815036894371533110948e+00, 2.94438124095282594238347996445481458306e+00, 6.51425392683127410666403075353561319314e+00, 1.11824079985715899714626967933545634839e+00, 1.1562180925760132e+02, 8.9990991855397260e+01
0.76800000, 9.56821410233563785210719650495930134135e-01, -2.40929984493073994694563367582059949902e+00, 3.60468058542907389998748192120259113487e+00, 2.94649761562329071226646982454959411261e+00, 6.51143116502501399161968452657938614979e+00, 1.11985161486253699371322035956067926082e+00, 1.1491332913333851e+02, 9.3003817257909732e+01
0.76900000, 9.58511747599505982382799089540950901815e-01, -2.40651352335649770536814788361937337105e+00, 3.60138926331126872162632043560368855508e+00, 2.94859674351055098927149068102037108544e+00, 6.50859456374309324174956665235082823207e+00, 1.12146531096239067650785138899973491409e+00, 1.1413521664424738e+02, 9.6042619417904902e+01
0.77000000, 9.60206585517310928740336287938716365568e-01, -2.40371477814736084475524571924603950632e+00, 3.59807402435255788972483857503091182399e+00, 2.95067843773977539535712174750094759116e+00, 6.50574400346409878607591308605559118513e+00, 1.12308190399223937667429051440716633628e+00, 1.1328571287345527e+02, 9.9106404702709508e+01
0.77100000, 9.61905953461241724681028339935776043883e-01, -2.40090350668003494859463325324704700982e+00, 3.59473469322721510670239830111257853234e+00, 2.95274250885571619935015024018570634811e+00, 6.50287936311722314326553240832190788347e+00, 1.12470140987612432095055274057306822661e+00, 1.1236304257941128e+02, 1.0219412022856270e+02
0.77200000, 9.63609881222711853354282226164121562162e-01, -2.39807960504473339664089559047557768576e+00, 3.59137109291358275695221594822674614660e+00, 2.95478876477752216812582595409161547281e+00, 6.50000052005475246874355396305401476079e+00, 1.12632384462711353930545634996990569403e+00, 1.1136541510238336e+02, 1.0530465199863794e+02
0.77300000, 9.65318398915452758562697803173145684852e-01, -2.39524296802271154670381957283497480331e+00, 3.58798304466986506994482552993631449697e+00, 2.95681701075255668215038152674362488244e+00, 6.49710735002392750996769844510075752560e+00, 1.12794922434781445047732995374699453521e+00, 1.1029102533999419e+02, 1.0843682300777759e+02
0.77400000, 9.67031536980801787469087880779741454395e-01, -2.39239348906329344032547140837295744307e+00, 3.58457036800942982774906007339135120924e+00, 2.95882704930919438254120702508334114215e+00, 6.49419972713815982424522902889469697963e+00, 1.12957756523089476980644112150061667811e+00, 1.0913805479484366e+02, 1.1158939131447854e+02
0.77500000, 9.68749326193114356833773590627265463845e-01, -2.38953106026037687086913725327270308945e+00, 3.58113288067560505967269136763030352720e+00, 2.96081868020856876620040348291975259948e+00, 6.49127752384758501920090349903679139286e+00, 1.13120888355961243650312982168505835529e+00, 1.0790467269736445e+02, 1.1476104808076115e+02
0.77600000, 9.70471797665304362153480907546031937303e-01, -2.38665557232840218064522239017801371194e+00, 3.57767039861595668140986434215708237754e+00, 2.96279170039524226386896821795871667206e+00, 6.48834061090893415838813208598763513945e+00, 1.13284319570835531423881295819247275316e+00, 1.0658903720715671e+02, 1.1795041558065342e+02
0.77700000, 9.72198982854517017903962807271981681283e-01, -2.38376691457776966356068953094814656251e+00, 3.57418273595603252920274871534757032704e+00, 2.96474590394676942186256845732839354747e+00, 6.48538885735470383253334318489130472728e+00, 1.13448051814319147998785085341086509579e+00, 1.0518929669614960e+02, 1.2115604517812905e+02
0.77800000, 9.73930913567938494587678577513658428217e-01, -2.38086497488968994060408688246460091358e+00, 3.57066970497255770994186451581334287959e+00, 2.96668108202212286046092942790915330002e+00, 6.48242213046160472941951109160193755992e+00, 1.13612086742243098170842429923021053257e+00, 1.0370359111703986e+02, 1.2437641527545095e+02
0.77900000, 9.75667621968746904971740413115395703081e-01, -2.37794963969045114643409298762802785254e+00, 3.56713111606606563463599149113643224060e+00, 2.96859702280895069904817953524435270563e+00, 6.47944029571826784129838363087833417954e+00, 1.13776426019720001607879407427959623574e+00, 1.0213005346056206e+02, 1.2760992923299274e+02
0.78000000, 9.77409140582209388320538681334323500600e-01, -2.37502079392508621555220681758065379072e+00, 3.56356677773294852399771020504787616820e+00, 2.97049351146963311869700821660069830714e+00, 6.47644321679218672676390086720941811478e+00, 1.13941071321202855347739280494256963723e+00, 1.0046681130525035e+02, 1.3085491326173859e+02
0.78100000, 9.79155502301930248169523461854905537860e-01, -2.37207832103042298509411976340794589121e+00, 3.55997649653691056965534235189694580527e+00, 2.97237033008610467544749046272845908976e+00, 6.47343075549587349295247042105375294949e+00, 1.14106024330545251911616412623434229510e+00, 9.8711988463457921e+01, 1.3410961428979794e+02
0.78200000, 9.80906740396255316878684374842633743868e-01, -2.36912210290749923720962604526969394670e+00, 3.55636007707980630127356426034959806927e+00, 2.97422725760340788047770457968952447672e+00, 6.47040277175220538242579719092222037872e+00, 1.14271286741063172714306322228687266706e+00, 9.6863706727507632e+01, 1.3737219780441606e+02
0.78300000, 9.82662888514837949515969767350510178461e-01, -2.36615201989332418631143930447248456947e+00, 3.55271732197184604711105339994072835728e+00, 2.97606406977194242505415328303257082166e+00, 6.46735912355893803573775778870524643237e+00, 1.14436860255598485909250031715970762441e+00, 9.4920087719955322e+01, 1.4064074567111453e+02
0.78400000, 9.84423980695372291267502589119034703461e-01, -2.36316795073196727410397723958724065275e+00, 3.54904803180114968163642913321812567209e+00, 2.97788053908837324686931188942416056808e+00, 6.46429966695236065401580705584490882562e+00, 1.14602746586584287978955851024813895677e+00, 9.2879254852055641e+01, 1.4391325393175798e+02
0.78500000, 9.86190051370499717317305251789895232597e-01, -2.36016977254495446714777416413462774278e+00, 3.54535200510262912703354230164525543663e+00, 2.97967643473515940832949201291132283624e+00, 6.46122425597006740435165367249037238088e+00, 1.14768947456112239325287446068851620482e+00, 9.0739335394629078e+01, 1.4718763058351544e+02
0.78600000, 9.87961135374894612801363872848152998012e-01, -2.35715736080095155661352735622771967053e+00, 3.54162903832617931391467092459303109423e+00, 2.98145152251866448467775044308988638945e+00, 6.45813274261281849276793002172024422952e+00, 1.14935464596002055888326267063569490177e+00, 8.8498462665637597e+01, 1.5046169334086639e+02
0.78700000, 9.89737267952535943892929165694368934247e-01, -2.35413058928471323661510782184473045879e+00, 3.53787892580415650836931532611231628358e+00, 2.98320556480580783857050846538331955006e+00, 6.45502497680546337329582551073838324414e+00, 1.15102299747873331490849821242215469288e+00, 8.6154778338884847e+01, 1.5373316738299423e+02
0.78800000, 9.91518484764171370252591210538947978501e-01, -2.35108933006527598480691598891063654755e+00, 3.53410145971812207552587272939482239095e+00, 2.98493832045921478583365829663918849988e+00, 6.45190080635689756546304049026545885935e+00, 1.15269454663219879236792003071021003847e+00, 8.3706434878364922e+01, 1.5699968308911297e+02
0.78900000, 9.93304821894980964978065894776508412522e-01, -2.34803345346337198544898867396316020439e+00, 3.53029643006482887187838067598762636076e+00, 2.98664954477082223247542391361676146488e+00, 6.44876007691902351435827863859576973672e+00, 1.15436931103486794960743711534454584104e+00, 8.1151598102890800e+01, 1.6025877376448818e+02
0.79000000, 9.95096315862447941885543533200826798520e-01, -2.34496282801804051947886415725835409428e+00, 3.52646362462142653737216174917903526705e+00, 2.98833898939389488340698543120602905697e+00, 6.44560263194468484541538508315907869137e+00, 1.15604730840150461511945344448102046821e+00, 7.8488449885739547e+01, 1.6350787336013965e+02
0.79100000, 9.96893003624444142593601048045381957414e-01, -2.34187732045241239680902733846154246597e+00, 3.52260282890986099113828258369114813562e+00, 2.99000640227340558639854981983703672142e+00, 6.44242831264454223805042460333594688990e+00, 1.15772855654801729647109120939286611410e+00, 7.5715190994155731e+01, 1.6674431418945277e+02
0.79200000, 9.98694922587538408690623591583938066693e-01, -2.33877679563864212154700606724852101224e+00, 3.51871382616044241914021530800864651127e+00, 2.99165152757473177815768288828329076642e+00, 6.43923695794285796608163042963601050802e+00, 1.15941307339232529595581281492966618850e+00, 7.2830044073656817e+01, 1.6996532464517801e+02
0.79300000, 1.00050211061553635856414340493275439727e+00, -2.33566111656196155949004996935123978296e+00, 3.51479639727455497499327483472928001891e+00, 2.99327410561061834053262434398650484267e+00, 6.43602840443215492614210856971193838199e+00, 1.16110087695526187049197371050475410113e+00, 6.9831256782184194e+01, 1.7316802692056365e+02
0.79400000, 1.00231460603826050566723995140853458874e+00, -2.33253014428382791737614373842014751810e+00, 3.51085032078648029379515113958097283220e+00, 2.99487387276635545108095283622097180561e+00, 6.43280248632671469561252512912773530448e+00, 1.16279198536151738527319915374198854192e+00, 6.6717105079240393e+01, 1.7634943473864725e+02
0.79500000, 1.00413244766058009660738326800127314327e+00, -2.32938373790413784319245613383849814500e+00, 3.50687537282430573971771917448588182967e+00, 2.99645056142311822085474556280913285512e+00, 6.42955903541487782638011733616505712888e+00, 1.16448641684062563893536667577807090697e+00, 6.3485896675246397e+01, 1.7950645109402601e+02
0.79600000, 1.00595567477170051509160001222517159542e+00, -2.32622175452247841447786663193634825461e+00, 3.50287132706988706789163835029498739563e+00, 2.99800389987941305037083645343752179581e+00, 6.42629788101010818725866960821355572370e+00, 1.16618418972799678382601048112786786986e+00, 6.0135974646442283e+01, 1.8263586601173671e+02
0.79700000, 1.00778432715472259319262598325079773836e+00, -2.32304404919838469504240364610527599777e+00, 3.49883795471783387606709167263335159338e+00, 2.99953361227057369937030349113432992034e+00, 6.42301884990078171332434546170588686826e+00, 1.16788532246600052973210947996571844906e+00, 5.6665721220738964e+01, 1.8573435432820177e+02
0.79800000, 1.00961844509648269648655355056789197571e+00, -2.31985047491057240780105581074749850650e+00, 3.49477502443348484770572587871090644709e+00, 3.00103941848624805400979076200979208806e+00, 6.41972176629865840172444976395926682653e+00, 1.16958983360510360464386714032436435862e+00, 5.3073561740007938e+01, 1.8879847349954126e+02
0.79900000, 1.01145806939768500636518958558308332711e+00, -2.31664088251511309031894218700816745020e+00, 3.49068230230983834132936399626317029151e+00, 3.00252103408581448332273505204501053558e+00, 6.41640645178599480752894951949428785072e+00, 1.17129774180506575343195332493237879467e+00, 4.9357968804368971e+01, 1.9182466144291031e+02
0.80000000, 1.01330324138333801340789917273183416987e+00, -2.31341512070251786791956446955125354651e+00, 3.48655955182340235660859505350891979384e+00, 3.00397817021166450175991708555279894670e+00, 6.41307272526125263657614318108407112060e+00, 1.17300906583619888645559412655981028021e+00, 4.5517466604101634e+01, 1.9480923441689980e+02
0.80100000, 1.01515400291350786243241600649621454847e+00, -2.31017303595369469443699187623307066877e+00, 3.48240653378892630099453233965451938496e+00, 3.00541053350028619284551238331352613835e+00, 6.40972040288335730149253433881394752169e+00, 1.17472382458069434700761286636635276107e+00, 4.1550635444864889e+01, 1.9774838494743459e+02
0.80200000, 1.01701039639440185523170723160715094388e+00, -2.30691447249474257039922603912161335311e+00, 3.47822300631297528651924549498772866762e+00, 3.00681782599108049680299261082441536694e+00, 6.40634929801445849843102629908726965051e+00, 1.17644203703402365120856543050378501947e+00, 3.7456116471958363e+01, 2.0063817980601949e+02
0.80300000, 1.01887246478979612373400174283304817305e+00, -2.30363927225054484999491853195996919496e+00, 3.47400872474630589919214854168900813886e+00, 3.00819974503284001860337508866212898138e+00, 6.40295922116114297165869121480047617816e+00, 1.17816372230641846872782046475755378873e+00, 3.3232616599398735e+01, 2.0347455804761891e+02
0.80400000, 1.02074025163282223729033523712912864329e+00, -2.30034727479712228885323821691707166984e+00, 3.46976344163500049728899750370872465222e+00, 3.00955598318781746830377175070965225453e+00, 6.39954997991404765681148736844011096514e+00, 1.17988889962443605996632364299467739076e+00, 2.8878913649613604e+01, 2.0625332911591283e+02
0.80500000, 1.02261380103812830611542925033796429364e+00, -2.29703831731270496157848398786275027304e+00, 3.46548690667031510343571651845747591156e+00, 3.01088622813330819865960738137322578357e+00, 6.39612137888581932707078165081409922882e+00, 1.18161758833261686772130892790130723338e+00, 2.4393861709572195e+01, 2.0897017102414926e+02
0.80600000, 1.02449315771443099194096194604482778311e+00, -2.29371223452748058811006294551400979750e+00, 3.46117886663719385194781032335445927135e+00, 3.01219016256066855153413849098178211526e+00, 6.39267321964736470512188192226544134809e+00, 1.18334980789524148172910360041127617338e+00, 1.9776396709176103e+01, 2.1162062862031349e+02
0.80700000, 1.02637836697747574030341111081804693950e+00, -2.29036885867197514816351004346581807334e+00, 3.45683906536140073012753900204757578855e+00, 3.01346746407168886015845620425045354367e+00, 6.38920530066233274269563879270771978569e+00, 1.18508557789819475595446040378712831903e+00, 1.5025542227722536e+01, 2.1420011194585697e+02
0.80800000, 1.02826947476342351048206278841233633458e+00, -2.28700801942401992993797649483940726886e+00, 3.45246724365521700235040256830950529779e+00, 3.01471780507223697421592194824543537942e+00, 6.38571741721976840367570549794857857994e+00, 1.18682491805094546443582713011760740789e+00, 1.0140415534225928e+01, 2.1670389469777476e+02
0.80900000, 1.03016652764268330313287649765126974668e+00, -2.28362954385425734948265039829754809434e+00, 3.44806313926165022042894502908206133388e+00, 3.01594085266308507427494521361578096711e+00, 6.38220936136487481080466559120625348359e+00, 1.18856784818865053556815862244079468449e+00, 5.1202338673397120e+00, 2.1912711280439083e+02
0.81000000, 1.03206957283421087666885316042018598879e+00, -2.28023325637013598696948122233948009768e+00, 3.44362648679709809395410631272554007248e+00, 3.01713626852782931634660917284040552341e+00, 6.37868092182781802427867863776547255954e+00, 1.19031438827439361088732008548589461145e+00, -3.5679039443099203e-02, 2.2146476312580564e+02
0.81100000, 1.03397865822029520631541588924012957804e+00, -2.27681897865834331182506918536868120161e+00, 3.43915701769240771045226659860313836016e+00, 3.01830370881780849120816140691962936313e+00, 6.37513188395050600701197607777503018133e+00, 1.19206455840156843703711957384435466134e+00, -5.3278861817158217e+00, 2.2371170229058095e+02
0.81200000, 1.03589383236185547980863748029633237306e+00, -2.27338652962562250625972003279018936707e+00, 3.43465446013226764691865399265432916978e+00, 3.01944282403392439135647282770060819267e+00, 6.37156202961127048978528667342650019346e+00, 1.19381837879641842335260399737397274752e+00, -1.0756830251722395e+01, 2.2586264568088402e+02
0.81300000, 1.03781514451427274661736348837206227498e+00, -2.26993572533791764204630536658600067922e+00, 3.43011853899286739048610587842144829370e+00, 3.02055325890526294562418768650773401687e+00, 6.36797113714737747323134199069830337985e+00, 1.19557586982074458749380438472485891702e+00, -1.6322826344203219e+01, 2.2791216657898664e+02
0.81400000, 1.03974264464378174953009937252980938864e+00, -2.26646637895778921411103054618869014823e+00, 3.42554897577775517472425290409085111161e+00, 3.02163465226441140203724341117031505762e+00, 6.36435898127528898566307040629891562862e+00, 1.19733705197479507337409047617492373198e+00, -2.2026054395323692e+01, 2.2985469548871595e+02
0.81500000, 1.04167638344444997512665485693411148051e+00, -2.26297830068003968207835037832964012028e+00, 3.42094548855182182650409401847322514315e+00, 3.02268663691936290769882211135438082841e+00, 6.36072533300859544874652821461688375309e+00, 1.19910194590035046529876590043789675496e+00, -2.7866551349673636e+01, 2.3168451964618309e+02
0.81600000, 1.04361641235577257026897949842100160634e+00, -2.25947129766548621264502229334068522077e+00, 3.41630779187333449270446338872828562236e+00, 3.02370883952189574449466059136765938086e+00, 6.35706995957353457919628097837025067084e+00, 1.20087057238402024635068527452221952024e+00, -3.3844203050544228e+01, 2.3339578273487364e+02
0.81700000, 1.04556278358091349310198702018722853145e+00, -2.25594517397281524662784051396724156746e+00, 3.41163559672394016143112264754085074095e+00, 3.02470088043231022524228359728614947579e+00, 6.35339262432200916584627605364533621733e+00, 1.20264295236076696480471794023787221475e+00, -3.9958735848941491e+01, 2.3498248482097036e+02
0.81800000, 1.04751555010562510760227679874944355160e+00, -2.25239973048845082961937445858293245221e+00, 3.40692861043655469288528354757361864265e+00, 3.02566237358040183045195958043159236283e+00, 6.34969308664201229900991636039191687825e+00, 1.20441910691767598753686003301202449566e+00, -4.6209707927084477e+01, 2.3643848252559574e+02
0.81900000, 1.04947476571788039959793537650038981934e+00, -2.24883476485436583907664701460208011918e+00, 3.40218653662104861335103199851963766050e+00, 3.02659292632254456493317303974959202259e+00, 6.34597110186536468391959100842593323271e+00, 1.20619905729799014253273035218521404138e+00, -5.2596500332465049e+01, 2.3775748945150773e+02
0.82000000, 1.05144048502825409931362568912486719002e+00, -2.24525007139376230783609373663047078044e+00, 3.39740907508763618344039571315478275838e+00, 3.02749213929475372979554096637497124650e+00, 6.34222642117266453268302729869054004154e+00, 1.20798282490543009297714794859490250186e+00, -5.9118307718917523e+01, 2.3893307688265882e+02
0.82100000, 1.05341276349109125160698403912350303304e+00, -2.24164544103454397876830062924921330591e+00, 3.39259592176786920877698746930678656699e+00, 3.02835960626159233263754793905042256778e+00, 6.33845879149534618956944267116383859100e+00, 1.20977043130882295314417831223186328090e+00, -6.5774128791563808e+01, 2.3995867477593568e+02
0.82200000, 1.05539165742650419179095979435902603915e+00, -2.23802066123050102163130932505159701059e+00, 3.38774676863313169619858699527318458402e+00, 3.02919491396078019055422466520018134731e+00, 6.33466795541473909198286427938178209774e+00, 1.21156189824706346244752859628167116307e+00, -7.2562756452966478e+01, 2.4082757306533425e+02
0.82300000, 1.05737722404324147489951567014065062051e+00, -2.23437551588012349502908161908251329479e+00, 3.38286130361052574811958966330666975174e+00, 3.02999764194335941071204337807349207203e+00, 6.33085365105801389309499068589041591734e+00, 1.21335724763443399060359515362542851126e+00, -7.9482767648342109e+01, 2.4153292329979341e+02
0.82400000, 1.05936952146247508313764548683647449529e+00, -2.23070978524295663742052919156535018108e+00, 3.37793921049603300689995251957860079882e+00, 3.03076736240926435538956988898768867902e+00, 6.32701561199089756013867171599858608077e+00, 1.21515650156631176705638079075777267124e+00, -8.6532512908264154e+01, 2.4206774063690926e+02
0.82500000, 1.06136860874255521491286354797359945190e+00, -2.22702324585340741486412872288512569803e+00, 3.37298016886482948293079434847645642527e+00, 3.03150364003813840644097951801866645533e+00, 6.32315356710703400257016773387697258708e+00, 1.21695968232529402597691583102964374529e+00, -9.3710105587922773e+01, 2.4242490621578108e+02
0.82600000, 1.06337454590478515539648678759108592366e+00, -2.22331567043190793296841311380413927731e+00, 3.36798385397862469554511391626575179886e+00, 3.03220603181523383216646957012637328060e+00, 6.31926724051386126386157418184092783781e+00, 1.21876681238777424996782091690306348024e+00, -1.0101341080271268e+02, 2.4259716993329947e+02
0.82700000, 1.06538739396027216051684970305694605876e+00, -2.21958682779333732954750989185704466824e+00, 3.36294993668988869335790821412146358728e+00, 3.03287408685222482188822359582082070214e+00, 6.31535635141487051613795021148570009539e+00, 1.22057791443100539821872878485487482903e+00, -1.0844003406069400e+02, 2.4257715364927536e+02
0.82800000, 1.06740721493791397266188387008217439241e+00, -2.21583648275259959582748598444462882184e+00, 3.35787808334282266628803160207417332537e+00, 3.03350734620275728479856314985919270272e+00, 6.31142061398810601415159349743353789598e+00, 1.22239301134068893700857409221535685795e+00, -1.1598730959332015e+02, 2.4235735484692596e+02
0.82900000, 1.06943407191358454783282366560145250554e+00, -2.21206439602725042069273215728695653827e+00, 3.35276795567092047865086043184196684512e+00, 3.03410534267255230498178022033440174171e+00, 6.30745973726075877947206550798922976233e+00, 1.22421212621913167262554422585754078411e+00, -1.2365228838675605e+02, 2.4193015077637878e+02
0.83000000, 1.07146802904058683301104349245453350862e+00, -2.20827032413706160732208053694676724337e+00, 3.34761921069095950172611837883653811131e+00, 3.03466760062387319959242166363531827298e+00, 6.30347342497970008189823683325328955578e+00, 1.22603528239401584138639621188766393588e+00, -1.3143172591712518e+02, 2.4128780311002600e+02
0.83100000, 1.07350915158144501350713104688436178619e+00, -2.20445401930040686754673732246180863345e+00, 3.34243150059324956229488669111228572726e+00, 3.03519363577415893838329739907112925027e+00, 6.29946137547779374694609289306026651569e+00, 1.22786250342783166300643827572721910506e+00, -1.3932206959413061e+02, 2.4042246313975859e+02
0.83200000, 1.07555750594111357963054556879236107960e+00, -2.20061522932734784930957461468745076913e+00, 3.33720447262795860453711414986283916531e+00, 3.03568295498861924736135143510078090850e+00, 6.29542328153581892915731394850539127531e+00, 1.22969381312802563894091507262788826730e+00, -1.4731944591869976e+02, 2.3932617754732923e+02
0.83300000, 1.07761315970168586906650197036344802549e+00, -2.19675369750929408976357645615130687288e+00, 3.33193776898732273636550112148128504471e+00, 3.03613505606657903560037696030430403939e+00, 6.29135883023982723358559526537730552541e+00, 1.23152923555792230587640941793669573574e+00, -1.5541964736161083e+02, 2.3799089478033457e+02
0.83400000, 1.07967618165869045734840793819398032087e+00, -2.19286916250510520404175944965239052241e+00, 3.32663102668353664365419686727115691802e+00, 3.03654942752135185170723741746622873579e+00, 6.28726770283374992419523772802794208506e+00, 1.23336879504848196848528146369988046348e+00, -1.6361811897147862e+02, 2.3640847206756795e+02
0.83500000, 1.08174664185906992803716865083905965486e+00, -2.18896135822349801105906561048463666266e+00, 3.32128387742210784840171657339322336361e+00, 3.03692554835341389617851535921798474003e+00, 6.28314957456706240948759964543190604479e+00, 1.23521251621096217013249970108815308106e+00, -1.7190994472201463e+02, 2.3457068310877007e+02
0.83600000, 1.08382461164094319398269187662242544369e+00, -2.18503001370161545674730472066266960669e+00, 3.31589594747044489636746703376520645937e+00, 3.03726288781664169074116768873486451225e+00, 6.27900411453730422332300410464151484444e+00, 1.23706042395055635409124837260394614428e+00, -1.8028983361013947e+02, 2.3246922647509481e+02
0.83700000, 1.08591016367525970200194426829547077488e+00, -2.18107485297960811626696627810630443736e+00, 3.31046685752143521768165715275484358928e+00, 3.03756090517736784070192144976410257236e+00, 6.27483098552724330297635979258308300493e+00, 1.23891254348108936335087433160864100886e+00, -1.8875210551832162e+02, 2.3009573475790647e+02
0.83800000, 1.08800337200946157975887813186560529736e+00, -2.17709559497107273503843482693877652027e+00, 3.30499622255175303627987013921682830131e+00, 3.03781904946600042878360169314194017755e+00, 6.27062984383646348684964028403646268608e+00, 1.24076890034085617074987978673368044716e+00, -1.9729067685645471e+02, 2.2744178450482882e+02
0.83900000, 1.09010431211327812385178985348237864516e+00, -2.17309195332918569978785684022216000144e+00, 3.29948365167462123061068371377869270293e+00, 3.03803675922094245927156217481030229012e+00, 6.26640033910714379049459707480771311859e+00, 1.24262952040969757390151014539317495942e+00, -2.0589904600067366e+02, 2.2449890698327111e+02
0.84000000, 1.09221306092678603472941468511824725798e+00, -2.16906363630836251216350924220632926618e+00, 3.29392874798673338218406507948932105610e+00, 3.03821346222453844331664266399575503164e+00, 6.26214211414378715095299456979079138951e+00, 1.24449442992741458711691062937039009210e+00, -2.1457027854875705e+02, 2.2125859981295612e+02
0.84100000, 1.09432969691087853444576841210978426125e+00, -2.16501034662126726710483568649746944405e+00, 3.28833110840902329632879394452224656557e+00, 3.03834857523076569771665736120914725208e+00, 6.25785480472664493506490439016987120245e+00, 1.24636365551363197663793184407302346984e+00, -2.2329699241417998e+02, 2.1771233951026436e+02
0.84200000, 1.09645430010029701999304242295848871721e+00, -2.16093178129098881589040301609840678680e+00, 3.28269032352094893947033129636440746230e+00, 3.03844150368437824284168496974375972406e+00, 6.25353803941857156655491408247695115352e+00, 1.24823722418923088333321917306390782470e+00, -2.3207134278347581e+02, 2.1385159498848033e+02
0.84300000, 1.09858695215939027625804345074160473678e+00, -2.15682763149819272143831800528755297803e+00, 3.27700597738793589946868613000941037377e+00, 3.03849164143120135838636106275883805735e+00, 6.24919143936503111888286649309190713101e+00, 1.25011516339948083255241500098146603377e+00, -2.4088500696434967e+02, 2.0966784205927301e+02
0.84400000, 1.10072773644077857295687903693129226720e+00, -2.15269758242305029509761428441652296659e+00, 3.27127764738160202122727593001474190862e+00, 3.03849837041926492238400540553574849183e+00, 6.24481461808696462607649651562230149738e+00, 1.25199750103901272530317380101496042242e+00, -2.4972916915496971e+02, 2.0515257898195655e+02
0.84500000, 1.10287673804711328039783135556289863427e+00, -2.14854131308173794675636251621195101348e+00, 3.26550490399235967036364054152735356221e+00, 3.03846106039045366070017552287449385699e+00, 6.24040718126621316293565427431494030433e+00, 1.25388426547878672753698582031426782398e+00, -2.5859450516805697e+02, 2.0029734310824730e+02
0.84600000, 1.10503404389613704815968478707378638361e+00, -2.14435849615729179383314220175342677000e+00, 3.25968731063396499423885519102007333619e+00, 3.03837906856234242070316121450611294291e+00, 6.23596872652317742123130092011407397571e+00, 1.25577548559522242312151297354567199498e+00, -2.6747116714681158e+02, 1.9509372867135153e+02
0.84700000, 1.10719974278926519534987349025581598543e+00, -2.14014879782459397379525263989488390953e+00, 3.25382442343955443184587419909625197727e+00, 3.03825173929987461331536343566183508887e+00, 6.23149884318637954362627692655949112623e+00, 1.25767119080167327873634762639812724613e+00, -2.7634876831336481e+02, 1.8953340576927149e+02
0.84800000, 1.10937392548392586638732076248249505064e+00, -2.13591187756925840811775522120954290729e+00, 3.24791579104867740963985976066221913874e+00, 3.03807840377653211265770199469767170947e+00, 6.22699711205357735806503351393886440592e+00, 1.25957141108244350379928585634863438710e+00, -2.8521636779434544e+02, 1.8360814059319411e+02
0.84900000, 1.11155668476991482715136933055948009389e+00, -2.13164738800017489743791962844571995262e+00, 3.24196095438480047406422873077412533699e+00, 3.03785837962463524532770844770511642120e+00, 6.22246310514406487125185027460857648801e+00, 1.26147617702956290566344692568726459621e+00, -2.9406245557230775e+02, 1.7730981695271304e+02
0.85000000, 1.11374811555004063815703571230769728042e+00, -2.12735497465546141893989362481974061358e+00, 3.23595944642272186409732589747188682952e+00, 3.03759097057440214010521280237783500137e+00, 6.21789638544177592316332484495953585383e+00, 1.26338551988255448264659500757747422046e+00, -3.0287493761620082e+02, 1.7063045915041411e+02
0.85100000, 1.11594831492535748076662235261831216907e+00, -2.12303427580156538622082423223143392928e+00, 3.22991079194529651457898768158816220113e+00, 3.03727546608138775867057306065404426197e+00, 6.21329650662879027250991177268413137383e+00, 1.26529947157145042203418990039915701958e+00, -3.1164112124877850e+02, 1.6356225625901243e+02
0.85200000, 1.11815738228530627821404680407186395191e+00, -2.11868492222524546647687365068798581843e+00, 3.22381450728882948350857534467041604149e+00, 3.03691114094191452341341930560806787892e+00, 6.20866301280882307853909063311218187599e+00, 1.26721806476333504964732793551223379230e+00, -3.2034770081387013e+02, 1.5609758785474528e+02
0.85300000, 1.12037541940311010760478990564191685121e+00, -2.11430653701815638769771924528564620348e+00, 3.21767010007645057725290476048916083094e+00, 3.03649725489609875672775288462850530453e+00, 6.20399543822025977739097178612806753248e+00, 1.26914133291271830155413154361063288119e+00, -3.2898074371176879e+02, 1.4822905126108020e+02
0.85400000, 1.12260253053679741869056982745242938574e+00, -2.10989873535375007977927688089376732573e+00, 3.21147706893873425217493113809187182558e+00, 3.03603305221807033023743119596083754762e+00, 6.19929330693827873969255506079136264303e+00, 1.27106931031607066540854102549447349406e+00, -3.3752567687666106e+02, 1.3994949035697010e+02
0.85500000, 1.12483882253625645233094549922345361608e+00, -2.10546112425619756241498289411666685112e+00, 3.20523490322077642633351950849020494671e+00, 3.03551776129297720466147382555333896859e+00, 6.19455613256558386880116435774366140209e+00, 1.27300203217088049761267845141426974531e+00, -3.4596727377603546e+02, 1.3125202600385191e+02
0.85600000, 1.12708440495675669520135161465635883608e+00, -2.10099330236102732026738936853072696602e+00, 3.19894308267488334766854473018844490754e+00, 3.03495059418036216791959880026251339139e+00, 6.18978341791124849705272891402507676341e+00, 1.27493953463962741436170212462583621736e+00, -3.5428964201838013e+02, 1.2213008814531739e+02
0.85700000, 1.12933939017940844466153320729380265554e+00, -2.09649485966716761253760531513334550734e+00, 3.19260107713796682201630792905668130279e+00, 3.03433074616349633588127079384540697454e+00, 6.18497465465715061636193025812114497115e+00, 1.27688185491910135554353114297691284517e+00, -3.6247621166223162e+02, 1.1257744963285438e+02
0.85800000, 1.13160389353906983537679290570087951050e+00, -2.09196537728007239238752778853462150447e+00, 3.18620834619267457072100011260182134227e+00, 3.03365739528425319669883119312099449563e+00, 6.18012932301145771313975794348810251444e+00, 1.27882903131553623314719630926855103870e+00, -3.7050972432677857e+02, 1.0258826183023464e+02
0.85900000, 1.13387803346025226470299010987781907180e+00, -2.08740442714560343056771071252554017294e+00, 3.17976433881121390709986968764266979059e+00, 3.03292970186310853675185391944568194071e+00, 6.17524689134859736047833894202776931281e+00, 1.28078110332607013223752892885756342362e+00, -3.7837222321177526e+02, 9.2157092047974919e+01
0.86000000, 1.13616193160162033658155716410186391927e+00, -2.08281157177433504617988874257482701337e+00, 3.17326849298075091514950511027050729715e+00, 3.03214680800385592303569537372894529625e+00, 6.17032681583512737278333964018044988958e+00, 1.28273811172709119644995978683461001730e+00, -3.8604504414249375e+02, 8.1278962857786750e+01
0.86100000, 1.13845571300973153681851101358748682680e+00, -2.07818636395594277998490517707858000919e+00, 3.16672023530918548226406000616544189816e+00, 3.03130783708263503926881178815155062536e+00, 6.16536854004089689919407457861206150190e+00, 1.28470009867007999965802942632953061104e+00, -3.9350880776385659e+02, 6.9949393335016470e+01
0.86200000, 1.14075950628271419399264201925966584480e+00, -2.07352834646333367696052010637543594402e+00, 3.16011898061001445854549057773742649559e+00, 3.03041189322088166329114695413736757359e+00, 6.16037149453486750715569225029289714602e+00, 1.28666710778561581667975099225622458441e+00, -4.0074341301675963e+02, 5.8164442274718399e+01
0.86300000, 1.14307344374464023364386479281420842201e+00, -2.06883705174617389692265136162614870063e+00, 3.15346413146490044633293344308292615125e+00, 3.02945806074182410088013189986849455242e+00, 6.15533509646494131294676511059769267306e+00, 1.28863918429627623470040165443541757298e+00, -4.0772803203893084e+02, 4.5920753424154998e+01
0.86400000, 1.14539766163141218955101590627171805705e+00, -2.06411200161346952143846240606432217476e+00, 3.14675507776246180413921019363771350797e+00, 3.02844540361017222486777127088960683907e+00, 6.15025874912112182741049414357161780702e+00, 1.29061637513922751299699029572663083720e+00, -4.1444110664249151e+02, 3.3215602771128165e+01
0.86500000, 1.14773230028905231318864562859683436856e+00, -2.05935270690485911146138271951622400818e+00, 3.13999119621168990276445875427281135539e+00, 3.02737296485467279093816225920160968376e+00, 6.14514184148131273587766520916562901837e+00, 1.29259872909937756753385485839042950077e+00, -4.2086034653070304e+02, 2.0046947923562720e+01
0.86600000, 1.15007750438535586723085781416837631102e+00, -2.05455866715028230535458675429964809823e+00, 3.13317184982828200965829945838967564599e+00, 3.02623976597323942477675633922290587974e+00, 6.13998374773904072237493245488424499936e+00, 1.29458629695404504454090024083487925819e+00, -4.2696272942721004e+02, 6.4134796111290906e+00
0.86700000, 1.15243342313595127547946345568882936541e+00, -2.04972937021769812748455731479900563002e+00, 3.12629638739205190596868383111546550750e+00, 3.02504480632040875895378742479068791226e+00, 6.13478382681237116026833592466993049479e+00, 1.29657913163018732114407674929236431133e+00, -4.3272450330243896e+02, -7.6853246656539682e+00
0.86800000, 1.15480021054589723109377222391396245477e+00, -2.04486429194854039648342741185500417344e+00, 3.11936414287344496546865596260517954147e+00, 3.02378706247692696964919136704577544111e+00, 6.12954142183327059823920554882934661974e+00, 1.29857728837532815433241818302594728735e+00, -4.3812119089369172e+02, -2.2249144819519864e+01
0.86900000, 1.15717802566804166405585771917849298924e+00, -2.03996289578061648436394456892629472194e+00, 3.11237443482703946264117082272294098991e+00, 3.02246548760133494166180989498956198758e+00, 6.12425585961665815466039036119369779635e+00, 1.30058082494343287200867609034787319276e+00, -4.4312759672789456e+02, -3.7276760181413070e+01
0.87000000, 1.15956703287947018640334417448103024122e+00, -2.03502463235818061622647940747876773553e+00, 3.10532656574976086873891832022227956485e+00, 3.02107901076349721062502544162826780635e+00, 6.11892645010838000512853918980617324675e+00, 1.30258980179709630023753613195287285704e+00, -4.4771781686893020e+02, -5.2765989321856152e+01
0.87100000, 1.16196740217748283692102198178476389578e+00, -2.03004893912894499646104002487304031139e+00, 3.09821982140137041898411724650122067501e+00, 3.01962653626011167557128136495357224797e+00, 6.11355248581133806584139648525459520857e+00, 1.30460428232753694697764777188100896521e+00, -4.5186525162499983e+02, -6.8713627693170952e+01
0.87200000, 1.16437930949665821445385994872496157602e+00, -2.02503523992783255209646124776327211384e+00, 3.09105347008461293030750696728600941716e+00, 3.01810694291234610322154195929293361763e+00, 6.10813324118900687165417587561024786254e+00, 1.30662433309403127099463952326286364365e+00, -4.5554262146553346e+02, -8.5115383106982024e+01
0.87300000, 1.16680293704869400253411746426362649358e+00, -2.01998294454732544313656877799849173946e+00, 3.08382676188222144175385894923720379065e+00, 3.01651908334587623294896980753194983731e+00, 6.10266797204558285561513095378117588507e+00, 1.30865002408457516780671497084041572386e+00, -4.5872198641178990e+02, -1.0196580907258702e+02
0.87400000, 1.16923847368685302054135412595092046146e+00, -2.01489144829432537248536848278836055421e+00, 3.07653892784777758141793453683203673650e+00, 3.01486178325375176906356313175349310728e+00, 6.09715591488202932455049257757498258741e+00, 1.31068142899972716620190959115470691049e+00, -4.6137476918045577e+02, -1.1925823603420297e+02
0.87500000, 1.17168611529699483660447590311606789556e+00, -2.00976013153351705895876288859743614784e+00, 3.06918917914721663530698052051239137744e+00, 3.01313384064269404577036093554298101463e+00, 6.09159628622731023283437537834505109024e+00, 1.31271862556177035632166682426155148342e+00, -4.6347178237525764e+02, -1.3698470055888742e+02
0.87600000, 1.17414606521733514843616348708732709898e+00, -2.00458835921731723211975221444601938665e+00, 3.06177670614754531399486937056764242590e+00, 3.01133402506363644986352447181019594345e+00, 6.08598828194414853900320993565819449507e+00, 1.31476169585152890240549654904259208711e+00, -4.6498326003782624e+02, -1.5513587254219082e+02
0.87700000, 1.17661853468924901238580450513783195321e+00, -1.99937548040260071578958744668170295867e+00, 3.05430067744910866169974586649385662817e+00, 3.00946107682756006943471698700240821379e+00, 6.08033107650870300705232664704720588863e+00, 1.31681072667539128364604061615130219321e+00, -4.6587889388577746e+02, -1.7370098051542773e+02
0.87800000, 1.17910374334161990504691055915821816693e+00, -1.99412082775452551435439142025978007858e+00, 3.04676023885750125517832938349153808184e+00, 3.00751370620795734622371082099599585978e+00, 6.07462382226363372656918976022344851281e+00, 1.31886580996532730012720545621960033975e+00, -4.6612787458317275e+02, -1.9266773515696862e+02
0.87900000, 1.18160191971143471427349473814342967131e+00, -1.98882371703793365684747400530914499674e+00, 3.03915451229096806192087113235810959645e+00, 3.00549059263158120889782056754087603666e+00, 6.06886564864412479844838104455834296630e+00, 1.32092704321494048202174071814871621066e+00, -4.6569893840615660e+02, -2.1202225113026268e+02
0.88000000, 1.18411330180353505333030647545194968614e+00, -1.98348344659698772641250703647685694769e+00, 3.03148259461888388748991700846788385178e+00, 3.00339038385951240470559720271632758781e+00, 6.06305566137655654773592525487743307151e+00, 1.32299452995487287106344733126645576389e+00, -4.6456041968459612e+02, -2.3174896739351985e+02
0.88100000, 1.18663813769265747826428908349493502963e+00, -1.97809929682391888970788912416574100788e+00, 3.02374355642663975174438010938145532349e+00, 3.00121169516101043007815919137164202189e+00, 6.05719294164967390197098027042606585644e+00, 1.32506838027117608791184304533515749139e+00, -4.6268030941891198e+02, -2.5183056615022081e+02
0.88200000, 1.18917668617112861386807343942782747426e+00, -1.97267052961801583454496053625682314123e+00, 3.01593644070200316502999794789157096378e+00, 2.99895310848311130775879847101516224207e+00, 6.05127654525828756036716377095946538697e+00, 1.32714871137058183204509624400463123086e+00, -4.6002632048992222e+02, -2.7224789063600053e+02
0.88300000, 1.19172921744582474605859067406668886420e+00, -1.96719638783628099654403626608543155673e+00, 3.00806026143776156420130956487798013346e+00, 2.99661317161950707157980243914899232326e+00, 6.04530550171977645288656807675361582248e+00, 1.32923564819694685540674357347484566557e+00, -4.5656595989833929e+02, -2.9297986196607584e+02
0.88400000, 1.19429601388825741487690130003883970146e+00, -1.96167609473752723102153488543168475177e+00, 3.00011400214520985978853434321079689527e+00, 2.99419039738289674099301845436812997329e+00, 6.03927881336394086340842107695154224640e+00, 1.33132932410351196163503375460013666001e+00, -4.5226660848946433e+02, -3.1400339529836494e+02
0.88500000, 1.19687737084190448764879509861568607314e+00, -1.95610885342209191487322949587960674900e+00, 2.99209661427281148834355090186826047804e+00, 2.99168326278574731941463094489176672657e+00, 6.03319545439709363919400198947662099563e+00, 1.33342988158600109679143571946283978488e+00, -4.4709560863749210e+02, -3.3529331560087680e+02
0.88600000, 1.19947359749116670320375471875554226568e+00, -1.95049384626981449322016211697662211959e+00, 2.98400701552415686160533032149814278368e+00, 2.98909020823525746424578148847246986172e+00, 6.02705436994168148392671130282557132001e+00, 1.33553747308199374928162715009302332406e+00, -4.4102036038252874e+02, -3.5682227334791844e+02
0.88700000, 1.20208501779658816544983296556405483064e+00, -1.94483023437946682987583638179058447261e+00, 2.97584408806917533364003851204392482361e+00, 2.98640963674928848562217571919909816125e+00, 6.02085447505321010191475454223813454463e+00, 1.33765226184242931439402382600504916569e+00, -4.3400842653176070e+02, -3.7856066050825078e+02
0.88800000, 1.20471197150122966099461934118750872241e+00, -1.93911715701345351144024554118154151121e+00, 2.96760667664244131438039289714732473882e+00, 2.98363991320113072443551850480192782442e+00, 6.01459465371681804076964677989832113207e+00, 1.33977442288154217599131413502211800907e+00, -4.2602764725398685e+02, -4.0047652722957587e+02
0.88900000, 1.20735481521331808682027378598794012460e+00, -1.93335373105232267874274584884803003232e+00, 2.95929358652236994096835126719344341467e+00, 2.98077936360222247510568988668264887278e+00, 6.00827375782651815625226630302866116221e+00, 1.34190414401197575630172843189579879550e+00, -4.1704626471368865e+02, -4.2253549966768926e+02
0.89000000, 1.21001392357050355923510385903267143069e+00, -1.92753905046445926242859732290965430703e+00, 2.95090358138514490935644359991746438509e+00, 2.97782627443334845100975601371255051218e+00, 6.00189060615091806936399053967604688072e+00, 1.34404162697227535715441913563111104301e+00, -4.0703305830666513e+02, -4.4470069945528391e+02
0.89100000, 1.21268969049122504561425207905589796197e+00, -1.92167218579728494653344192188492084703e+00, 2.94243538102738772656753961755402090542e+00, 2.97477889203643069493975048906708542236e+00, 5.99544398329015894819485159870978041178e+00, 1.34618708865440333186242165203896591811e+00, -3.9595749107364095e+02, -4.6693266535471309e+02
0.89200000, 1.21538253051879938605214087223837650237e+00, -1.91575218369737695355271903626349728705e+00, 2.93388765895189666529801772097188224875e+00, 2.97163542208080207829601929136045286760e+00, 5.98893263862989438691255074669701606998e+00, 1.34834076243934280540246218727832145446e+00, -3.8378986788073404e+02, -4.8918927769093212e+02
0.89300000, 1.21809288026388708546406257186628553930e+00, -1.90977806646815573422043453959235740559e+00, 2.92525903981129485797483248529290566344e+00, 2.96839402911983564352643421027860709874e+00, 5.98235528529938882336640986441146917394e+00, 1.35050289964924059163377027174958034641e+00, -3.7050150596572205e+02, -5.1142568621521942e+02
0.89400000, 1.22082119995092614171128674517407635713e+00, -1.90374883167519515324428413301951215014e+00, 2.91654809670517806572629037417395904837e+00, 2.96505283625600493003570412687617187167e+00, 5.97571059914227025288660645908425561636e+00, 1.35267377112486397144145718018077042464e+00, -3.5606491845604630e+02, -5.3359424210694249e+02
0.89500000, 1.22356797507393153414398847154642818145e+00, -1.89766345181079300472177354735804847840e+00, 2.90775334832740082942958758435610402596e+00, 2.96160992493488114346529067109046071234e+00, 5.96899721771014877693411442562852347797e+00, 1.35485366893738136802014954841023888473e+00, -3.4045401146767459e+02, -5.5564443487934207e+02
0.89600000, 1.22633371816669509149952813856970925297e+00, -1.89152087403121910046259936197520790579e+00, 2.89887325596155279140556153931181375973e+00, 2.95806333489123816319697873717079815199e+00, 5.96221373929123552715334957440334854572e+00, 1.35704290824358811300495760289425391306e+00, -3.2364429539239267e+02, -5.7752283501574361e+02
0.89700000, 1.22911897069184253000040733560208290483e+00, -1.88532001998204541367320924455024285285e+00, 2.88990622032453495672766654351647851531e+00, 2.95441106427333488758471374265622609251e+00, 5.95535872198829069248461347791518211239e+00, 1.35924182929364103570059008847910743873e+00, -3.0561311097369146e+02, -5.9917304322438684e+02
0.89800000, 1.23192430505235643738906277370893535442e+00, -1.87905978572916736902222389849777780383e+00, 2.88085057826054213025981490668949608457e+00, 2.95065106997456582638219580901418279075e+00, 5.94843068286271883592773003513104880313e+00, 1.36145079960008459982921119670607032874e+00, -2.8633987075681649e+02, -6.2053564726273819e+02
0.89900000, 1.23475032672799014833769096777207381721e+00, -1.87273904181555194514089529710981815347e+00, 2.87170459929080124881480882972755063575e+00, 2.94678126820499170273441529345981452514e+00, 5.94142809716443607154245993534414851500e+00, 1.36367021627637942156880826044692921134e+00, -2.6580631647511527e+02, -6.4154818734519992e+02
0.90000000, 1.23759767653740004852919785306380739031e+00, -1.86635663346639404861578710569351269254e+00, 2.86246648202823038797398443716830583482e+00, 2.94279953533874113388322745524763888422e+00, 5.93434939767027403797691457674545054460e+00, 1.36590050855219943549290733849663938493e+00, -2.4399679290058808e+02, -6.6214513121099135e+02
0.90100000, 1.24046703302472177321652099876929119519e+00, -1.85991138096821441220966389445425808658e+00, 2.85313435047091107077119133095861114860e+00, 2.93870370907684805142649032101785393196e+00, 5.92719297415716947488362489931571831511e+00, 1.36814214047134833458768114887320423593e+00, -2.2089853863914662e+02, -6.8225785999106810e+02
0.90200000, 1.24335911496660356136780033885036293653e+00, -1.85340208025046238300408233071217907896e+00, 2.84370625019406484334234404644448200726e+00, 2.93449158996866309422913488230345480275e+00, 5.91995717304021366397027264167432125013e+00, 1.37039561377614206611054002773790349890e+00, -1.9650199428766854e+02, -7.0181466607370979e+02
0.90300000, 1.24627468399226721042566492888606858560e+00, -1.84682750370134822307582012464101254759e+00, 2.83418014446726675478605394599708784696e+00, 2.93016094333841789980075731716956069764e+00, 5.91264029720978457505405541083295290987e+00, 1.37266147097937431524243369752235032837e+00, -1.7080112828711189e+02, -7.2074076422738321e+02
0.90400000, 1.24921454730485827341261097679684852090e+00, -1.84018640125284905186307837062467502119e+00, 2.82455391033209827122140945243461741698e+00, 2.92570950166664761236855131290223446626e+00, 5.90524060610641471557023135808285489159e+00, 1.37494029862136610829201379749581167819e+00, -1.4379378069970372e+02, -7.3895831729641067e+02
0.90500000, 1.25217956048702332796285115177632321203e+00, -1.83347750177300414246357114601784896646e+00, 2.81482533468553162700333441331057289450e+00, 2.92113496747874741413922882936512993438e+00, 5.89775631607668656910362315241477863854e+00, 1.37723273070491620915400042611824983077e+00, -1.1548202500382789e+02, -7.5638647783990374e+02
0.90600000, 1.25517063036715359301979023483318141277e+00, -1.82669951480659051125204037945387446446e+00, 2.80499211042623554863723071552230162201e+00, 2.91643501679463855963560292052078517156e+00, 5.89018560105818082868640413762216163466e+00, 1.37953945229501117623938704287324423237e+00, -8.5872547832242486e+01, -7.7294144713793894e+02
0.90700000, 1.25818871791489574752165260324925380591e+00, -1.81985113270784753224085285245619627871e+00, 2.79505183273487161641163313840729923709e+00, 2.91160730319394576256155977016411519838e+00, 5.88252659364616242669876310548859921627e+00, 1.38186120326269903278954046990775526866e+00, -5.4977046371416974e+01, -7.8853655304238233e+02
0.90800000, 1.26123484112519057814324624278473929542e+00, -1.81293103321083432792576427087325819149e+00, 2.78500199557544894901553787014414355008e+00, 2.90664946254973607468840751582603182705e+00, 5.87477738659903969345964389226221405822e+00, 1.38419878214334166780709222693277079301e+00, -2.2812642885109864e+01, -8.0308234820550000e+02
0.90900000, 1.26431007783911220516054591964230203349e+00, -1.80593788248391395466684799218023079296e+00, 2.77483998852299821422949458094184650622e+00, 2.90155911848011861960200250126212556490e+00, 5.86693603484335268058172643526720742456e+00, 1.38655305006829879901089775690979712653e+00, 1.0597684483804093e+01, -8.1648673028132614e+02
0.91000000, 1.26741556843703381159559099230362329611e+00, -1.79887033871433295161724391959871452740e+00, 2.76456309404319253507504908697820441387e+00, 2.89633388856010628240749589111116879895e+00, 5.85900055804171579937437978300605518858e+00, 1.38892493471573450442887664834717650051e+00, 4.5224655850799608e+01, -8.2865508576835794e+02
0.91100000, 1.27055251832508861729449643377335100059e+00, -1.79172705626637281207946551381895735067e+00, 2.75416848537191759004322944040363688562e+00, 2.89097139132521318478794490104854467064e+00, 5.85096894378821584812621101077909090599e+00, 1.39131543421048701995999280230973168115e+00, 8.1032230325963223e+01, -8.3949045925548973e+02
0.91200000, 1.27372220011956926332478610057110118205e+00, -1.78450669045145325143133214520052641653e+00, 2.74365322516681009160450610031756508546e+00, 2.88546925408229471715205622067801197626e+00, 5.84283915149457177516634847834371096975e+00, 1.39372562088468503531046444048190929087e+00, 1.1797713552821439e+02, -8.4889374995697538e+02
0.91300000, 1.27692595541599284615631648374516121546e+00, -1.77720790294011954960920003396969036146e+00, 2.73301426512780671540971663529749743668e+00, 2.87982512152100874557564582957198806647e+00, 5.83460911702607210146247098914679090879e+00, 1.39615664479002509683507364327200534480e+00, 1.5600838865965733e+02, -8.5676393759063600e+02
0.91400000, 1.28016519601041898122235818864571795108e+00, -1.76982936783320313731643122296447416882e+00, 2.72224844680878845774114117694468355156e+00, 2.87403666508979586995646979560658732698e+00, 5.82627675813794411238120699867892780173e+00, 1.39860973682951271637364729408342345859e+00, 1.9506681261130670e+02, -8.6299833988401669e+02
0.91500000, 1.28344140442086041586559874784954455217e+00, -1.76236977839168863941080948176315926434e+00, 2.71135250386604605802004743587904415323e+00, 2.86810159306225171675757972285779919339e+00, 5.81783998074926066441346414503408588983e+00, 1.40108621135142430493635193055544021921e+00, 2.3508455134460763e+02, -8.6749290430668292e+02
0.91600000, 1.28675613353720267782411005474699753520e+00, -1.75482785440100957597743649689008130849e+00, 2.70032306600958602318725019261934270660e+00, 2.86201766117211241793808742851376559106e+00, 5.80929668607153424919022470261615065195e+00, 1.40358746802200263512460338217213200163e+00, 2.7598458964171658e+02, -8.7014253704712785e+02
0.91700000, 1.29011100521026896509920779007020442283e+00, -1.74720235011473892284831867407399031952e+00, 2.68915666493770369531802232446894652248e+00, 2.85578268363697808684650645801441037159e+00, 5.80064477858151922250924995715940627022e+00, 1.40611499276710508927238442106683403665e+00, 3.1768028322344139e+02, -8.7084147280510896e+02
0.91800000, 1.29350770757629188107808688253389241988e+00, -1.73949206268421552904524291367969123819e+00, 2.67784974254059082482926599515380271908e+00, 2.84939454432201680939066726638149011180e+00, 5.79188217479123745726439352948225789714e+00, 1.40867035754833793920067257008106066721e+00, 3.6007490616724630e+02, -8.6948368967891793e+02
0.91900000, 1.29694799090433033513588424752230662279e+00, -1.73169584093414955412840557519597110180e+00, 2.66639866165121519271904250477962515980e+00, 2.84285120771562560333908918162172710546e+00, 5.78300681272186834607110044955951067766e+00, 1.41125521871837288591115727410306620186e+00, 4.0306122347479742e+02, -8.6596337431149882e+02
0.92000000, 1.30043366175382272403812470164352301117e+00, -1.72381259428979528265785130621026501866e+00, 2.65479971959697717419574558157114527400e+00, 2.83615072930083824972834453887424292535e+00, 5.77401666193132982244229789455004713418e+00, 1.41387131368602695889023775310143600627e+00, 4.4652109747939446e+02, -8.6017544352841848e+02
0.92010000, 1.30078479620276510866749891879084637719e+00, -1.72301944329428212711313922131970301560e+00, 2.65363154891376685680328838913923648886e+00, 2.83547196674318069836763278353332272750e+00, 5.77311125649464018926465297391681431147e+00, 1.41413471022870058344428470209256214472e+00, 4.5088824813242130e+02, -8.5946792175722976e+02
0.92020000, 1.30113640492500649947622882754959189250e+00, -1.72222541079367719800068647551041785334e+00, 2.65246185835419736208787454481124738488e+00, 2.83479161244902334544210043848728082518e+00, 5.77220468127980816065113718713615993268e+00, 1.41439843903732188478706289244899942427e+00, 4.5525871430373807e+02, -8.5873658168354279e+02
0.92030000, 1.30148848980349052023852940394237356096e+00, -1.72143049581551116895631754082619139077e+00, 2.65129064414250571518644539535967414701e+00, 2.83410966464267779672067816182878499482e+00, 5.77129693432984521593887189664181952594e+00, 1.41466250197153624885734503158782671713e+00, 4.5963235915704046e+02, -8.5798132065555873e+02
0.92040000, 1.30184105272485103839929855599376075964e+00, -1.72063469739527082360738680450069048100e+00, 2.65011790250038403079994557959301063651e+00, 2.83342612155940060078557753609567777070e+00, 5.77038801369320572738741666848674699349e+00, 1.41492690089767441620105306468937087515e+00, 4.6400904469469243e+02, -8.5720203623162815e+02
0.92050000, 1.30219409557929794094545453315653012725e+00, -1.71983801457647819129622934711990747437e+00, 2.64894362964720048346086654496464827819e+00, 2.83274098144545274336878728515040007280e+00, 5.76947791742388983167612464244350748258e+00, 1.41519163768865939012862131950450316374e+00, 4.6838863175519584e+02, -8.5639862618742512e+02
0.92060000, 1.30254762026050066645926154248908203536e+00, -1.71904044641076874987725707586147099702e+00, 2.64776782180022347054834854398997899535e+00, 2.83205424255815651751907089329886861117e+00, 5.76856664358154585901127736942626104147e+00, 1.41545671422391080835889895018667764723e+00, 4.7277098001072616e+02, -8.5557098852320738e+02
0.92070000, 1.30290162866546948497394314027028698682e+00, -1.71824199195796865055654922652177377742e+00, 2.64659047517484896074501482203636433843e+00, 2.83136590316594969265767163915883065481e+00, 5.76765419023157227480802935059447961429e+00, 1.41572213238924675819967166356703096740e+00, 4.7715594796473518e+02, -8.5471902147116397e+02
0.92080000, 1.30325612269443451799204124915271046423e+00, -1.71744265028617091908431857583870551341e+00, 2.64541158598483101913304713282716586148e+00, 2.83067596154843690486253732597211367864e+00, 5.76674055544521908803594631460137802067e+00, 1.41598789407678301592056132265388722594e+00, 4.8154339294962168e+02, -8.5384262350285128e+02
0.92090000, 1.30361110425072249179070738638067098172e+00, -1.71664242047181058695993361011376659366e+00, 2.64423115044251549859610004838086295591e+00, 2.82998441599643819002598388817812670749e+00, 5.76582573729968867944278196790033171076e+00, 1.41625400118482969160628703341446998843e+00, 4.8593317112447125e+02, -8.5294169333671881e+02
0.92100000, 1.30396657524063121792555505390454980498e+00, -1.71584130159973870566693644565752147683e+00, 2.64304916475907688562858952526522218414e+00, 2.82929126481203458086050758944049857580e+00, 5.76490973387823600199979285529413515087e+00, 1.41652045561778526143736716694561130442e+00, 4.9032513747286584e+02, -8.5201612994572591e+02
0.92110000, 1.30432253757330179565598444246883857363e+00, -1.71503929276329519632242557828520353376e+00, 2.64186562514475828705480999051239260207e+00, 2.82859650630861068808312883832389374885e+00, 5.76399254327026810504404730968723974160e+00, 1.41678725928602797003161895983191528198e+00, 4.9471914580076442e+02, -8.5106583256505049e+02
0.92120000, 1.30467899316058853185012111639238132169e+00, -1.71423639306438048650199540168220225577e+00, 2.64068052780911454252740044054648487540e+00, 2.82790013881089418549142122993318007302e+00, 5.76307416357144293272956933687627982340e+00, 1.41705441410580458619356659936596424708e+00, 4.9911504873445540e+02, -8.5009070069989120e+02
0.92130000, 1.30503594391692657478677915797714535558e+00, -1.71343260161352588538887920042809593475e+00, 2.63949386896125844600809690128019703548e+00, 2.82720216065499211805547630286673079265e+00, 5.76215459288376734654051850004571851336e+00, 1.41732192199911649616038011449064934796e+00, 5.0351269771858192e+02, -8.4909063413336409e+02
0.92140000, 1.30539339175919725915523708165728272782e+00, -1.71262791752996264779478146997383543049e+00, 2.63830564481011005773371693371221140086e+00, 2.82650257018842395159072036349629544289e+00, 5.76123382931569432076670886739398163134e+00, 1.41758978489360311920249950051886018373e+00, 5.0791194301424088e+02, -8.4806553293449517e+02
0.92150000, 1.30575133860659116046115236337069540157e+00, -1.71182233994168967701087522348253806489e+00, 2.63711585156464908643720128094551695126e+00, 2.82580136577015128204798998047679666524e+00, 5.76031187098221925899539972132088916516e+00, 1.41785800472242263123489741913282480566e+00, 5.1231263369715669e+02, -8.4701529746630999e+02
0.92160000, 1.30610978638046885797866754325083680382e+00, -1.71101586798553981587136011392925036156e+00, 2.63592448543417031982760763693567387821e+00, 2.82509854577060412196085453678310049620e+00, 5.75938871600497537883425307702922357202e+00, 1.41812658342412998292122731254764646110e+00, 5.1671461765593062e+02, -8.4593982839402168e+02
0.92170000, 1.30646873700421940634468583287943750102e+00, -1.71020850080724467484962043018991218020e+00, 2.63473154262854207953457212753694715240e+00, 2.82439410857170368112712538817985014462e+00, 5.75846436251232811124947218091549339604e+00, 1.41839552294255219960810037802116027348e+00, 5.2111774159036668e+02, -8.4483902669331854e+02
0.92180000, 1.30682819240311651687140290763307425341e+00, -1.70940023756149794545919356778755508592e+00, 2.63353701935846767489232757577876177532e+00, 2.82368805256688155817309916219151044306e+00, 5.75753880863946846008125381668742993586e+00, 1.41866482522666095131062291528552128779e+00, 5.2552185100987497e+02, -8.4371279365875266e+02
0.92190000, 1.30718815450417245065743686113421376703e+00, -1.70859107741201714669927673938068548496e+00, 2.63234091183574982807633903140774867986e+00, 2.82298037616109525925664343736566545921e+00, 5.75661205252850526648666659070099543743e+00, 1.41893449223044238188327232445534846533e+00, 5.2992679023195327e+02, -8.4256103091223081e+02
0.92200000, 1.30754862523598962660623899431096617462e+00, -1.70778101953160375176819132544887733363e+00, 2.63114321627355804121247534310863303560e+00, 2.82227107777083995981004960806851311614e+00, 5.75568409232855632225878658525048315841e+00, 1.41920452591276418745234068587637628575e+00, 5.3433240238074801e+02, -8.4138364041160886e+02
0.92210000, 1.30790960652860994851280836778254905683e+00, -1.70697006310220164176893019798556138764e+00, 2.62994392888669887415491458615047845073e+00, 2.82156015582415642490695928103154747378e+00, 5.75475492619583827518127769259007517326e+00, 1.41947492823723993515765159268677500019e+00, 5.3873852938569513e+02, -8.4018052445939120e+02
0.92220000, 1.30827110031336185645596156902307126004e+00, -1.70615820731495383264948378578700707930e+00, 2.62874304589188909967526060467363442060e+00, 2.82084760876063500356093083615472546999e+00, 5.75382455229375526880051062051706463710e+00, 1.41974570117209061425215698553326845671e+00, 5.4314501198024199e+02, -8.3895158571153633e+02
0.92230000, 1.30863310852270510883338842580099616241e+00, -1.70534545137025742115793554116669815169e+00, 2.62754056350803170082225421291096625561e+00, 2.82013343503141561202766885930826169648e+00, 5.75289296879298625823370278137698723528e+00, 1.42001684669000341263841951726949533813e+00, 5.4755168970065109e+02, -8.3769672718637015e+02
0.92240000, 1.30899563309007330250028995961200338647e+00, -1.70453179447781669514920583929296064202e+00, 2.62633647795649467319966978857559653499e+00, 2.81941763309918362098990989904740700462e+00, 5.75196017387157094288237805689517095896e+00, 1.42028836676798771298092996824184853523e+00, 5.5195840088488631e+02, -8.3641585227360816e+02
0.92250000, 1.30935867594971413961935453509313831858e+00, -1.70371723585669435315768257856994137246e+00, 2.62513078546139259287021864284113739184e+00, 2.81870020143816156135476263366053991210e+00, 5.75102616571499425618665345844010363869e+00, 1.42056026338722830362271915748120441426e+00, 5.5636498267158265e+02, -8.3510886474348801e+02
0.92260000, 1.30972223903652745099996130503319540025e+00, -1.70290177473536077774869184977534167100e+00, 2.62392348224987090852630653371148113834e+00, 2.81798113853409656328925707046749367665e+00, 5.75009094251626935183843673339404175314e+00, 1.42083253853293580065379262297219141118e+00, 5.6077127099910022e+02, -8.3377566875601382e+02
0.92270000, 1.31008632428590098689755690395998938074e+00, -1.70208541035174130678272481985541520833e+00, 2.62271456455239291447513596005734441012e+00, 2.81726044288424344306228102659353844843e+00, 5.74915450247601902517155718564210113623e+00, 1.42110519419419427862750835479405738765e+00, 5.6517710060466324e+02, -8.3241616887031346e+02
0.92280000, 1.31045093363354398745985228047361935334e+00, -1.70126814195326144637044524131390541935e+00, 2.62150402860302935886677721173778943567e+00, 2.81653811299734335225128356493392308018e+00, 5.74821684380255550776515729942056417932e+00, 1.42137823236380610859906770688303003391e+00, 5.6958230502358482e+02, -8.3103027005411048e+02
0.92290000, 1.31081606901531854624452141472332715581e+00, -1.70044996879688996896465867985028958229e+00, 2.62029187063975063945037984792387555577e+00, 2.81581414739359790391140877902067579875e+00, 5.74727796471195857263436409806921054789e+00, 1.42165165503813400336770137206212272239e+00, 5.7398671658857834e+02, -8.2961787769331176e+02
0.92300000, 1.31118173236706878149311107314252461280e+00, -1.69963089014917983972853679385527266437e+00, 2.61907808690472153697663477302495386467e+00, 2.81508854460463869039438585041240199181e+00, 5.74633786342815188674036766734656183019e+00, 1.42192546421694027104077858108902131986e+00, 5.7839016642915612e+02, -8.2817889760171258e+02
0.92310000, 1.31154792562444783112751748811444244026e+00, -1.69881090528630691403836820571195980089e+00, 2.61786267364459843417495555839578469318e+00, 2.81436130317349210764582934119404553995e+00, 5.74539653818297754693160245033493081187e+00, 1.42219966190322327930378868382656580383e+00, 5.8279248447111608e+02, -8.2671323603082020e+02
0.92320000, 1.31191465072274268873824622309358355567e+00, -1.69799001349410634872486435729614472787e+00, 2.61664562711082896602270857067163747696e+00, 2.81363242165453940100387223125835734303e+00, 5.74445398721626873482980781358768962381e+00, 1.42247425010305113407474689970138644120e+00, 5.8719349943611721e+02, -8.2522079967979769e+02
0.92330000, 1.31228190959669689915730673012216228684e+00, -1.69716821406810666943049816704573372392e+00, 2.61542694355995404479232101233373772191e+00, 2.81290189861347184777052462703984948465e+00, 5.74351020877592042560040061678750390897e+00, 1.42274923082539257754483302054435553276e+00, 5.9159303884134441e+02, -8.2370149570552915e+02
0.92340000, 1.31264970418033113355253081998427450053e+00, -1.69634550631356143626240940714982108465e+00, 2.61420661925391220111142451379933407487e+00, 2.81216973262724099213106909155728436458e+00, 5.74256520111795808499689533244568008680e+00, 1.42302460608194511195872090765121660899e+00, 5.9599092899926340e+02, -8.2215523173280785e+02
0.92350000, 1.31301803640676166534383785266982261863e+00, -1.69552188954547844975198666992074127489e+00, 2.61298465046034618000259430269930468199e+00, 2.81143592228400384835739724784902774131e+00, 5.74161896250660428854513549665521189398e+00, 1.42330037788696035686779955931412610884e+00, 6.0038699501746644e+02, -8.2058191586464873e+02
0.92360000, 1.31338690820801676962495762604960506042e+00, -1.69469736308864643899424268811092661105e+00, 2.61176103345291172858401986611761656540e+00, 2.81070046618306298864967001268033054452e+00, 5.74067149121434319623593929379965951489e+00, 1.42357654825706664899698844331869280701e+00, 6.0478106079860942e+02, -8.1898145669272655e+02
0.92370000, 1.31375632151485107017578822413384668463e+00, -1.69387192627765917373344544820500316892e+00, 2.61053576451158850981194706328210184431e+00, 2.80996336293480143244823196678278041999e+00, 5.73972278552198281562550266656152351466e+00, 1.42385311921108889530073829749006376564e+00, 6.0917294904044084e+02, -8.1735376330794128e+02
0.92380000, 1.31412627825655785957029839047043598681e+00, -1.69304557845693694208705533639381741990e+00, 2.60930883992299307433137361951459487583e+00, 2.80922461116061225458549134589408907641e+00, 5.73877284371871498580264052375158971662e+00, 1.42413009276986569124567303520684645352e+00, 6.1356248123592355e+02, -8.1569874531111193e+02
0.92390000, 1.31449678036077941932203419399026810491e+00, -1.69221831898074533555874608603208937490e+00, 2.60808025598069382017472480738920970810e+00, 2.80848420949282283024662705089982393697e+00, 5.73782166410217301427177845260593870053e+00, 1.42440747095606371784571907462948753314e+00, 6.1794947767344950e+02, -8.1401631282380049e+02
0.92400000, 1.31486782975331536846317333177075420011e+00, -1.69139014721321128298404511238680621201e+00, 2.60685000898552786771060403615585873617e+00, 2.80774215657461363536961049764507111790e+00, 5.73686924497848689842163366268438993503e+00, 1.42468525579398943248999594213929800402e+00, 6.2233375743714824e+02, -8.1230637649926705e+02
0.92410000, 1.31523942835792907042296611764448536003e+00, -1.69056106252833627507979911016285095561e+00, 2.60561809524591977489777922589696397008e+00, 2.80699845105993152184020979853911432205e+00, 5.73591558466233606290284499373062379034e+00, 1.42496344930939807014367658898220974259e+00, 6.2671513840728975e+02, -8.1056884753355789e+02
0.92420000, 1.31561157809615212955655177990071138886e+00, -1.68973106431000672133212599496612240693e+00, 2.60438451107820201554496030891543333492e+00, 2.80625309161339738762742026811271993050e+00, 5.73496068147699954392452711801356767974e+00, 1.42524205352929997306689667970226711727e+00, 6.3109343726078187e+02, -8.0880363767672753e+02
0.92430000, 1.31598428088708701017474663123221665534e+00, -1.68890015195200138105761569331245163146e+00, 2.60314925280693714091633063615191053763e+00, 2.80550607691020816286014662791531673214e+00, 5.73400453375440355120093067534683126250e+00, 1.42552107048176426878598670558007907526e+00, 6.3546846947176307e+02, -8.0701065924419655e+02
0.92440000, 1.31635753864720781243863403886032116633e+00, -1.68806832485799581061013865501332556769e+00, 2.60191231676524154265795434399101379049e+00, 2.80475740563603303376791869128453898752e+00, 5.73304713983516633803618137420599673020e+00, 1.42580050219571991766416450363443339133e+00, 6.3984004931229093e+02, -8.0518982512824613e+02
0.92450000, 1.31673135329015924100877439584556363929e+00, -1.68723558244156376888154696796665454326e+00, 2.60067369929511073265288547480789320779e+00, 2.80400707648690382739788354115779895618e+00, 5.73208849806864030982853522301106036321e+00, 1.42608035070075415305466128196590398356e+00, 6.4420798985312669e+02, -8.0334104880965106e+02
0.92460000, 1.31710572672655380387668829634339632483e+00, -1.68640192412617552345962776062960235722e+00, 2.59943339674774605304489863929173093122e+00, 2.80325508816909948107817030721055991822e+00, 5.73112860681295130110680540421750836266e+00, 1.42636061802690833867732106398708328697e+00, 6.4857210296461646e+02, -8.0146424436945238e+02
0.92470000, 1.31748066086376728035500197257062598952e+00, -1.68556734934519300006169429468447506610e+00, 2.59819140548388272730414356667933190671e+00, 2.80250143939902452172481040447467155421e+00, 5.73016746443503495108166190978114728083e+00, 1.42664130620447126953922749043719697308e+00, 6.5293219931766931e+02, -7.9955932650087097e+02
0.92480000, 1.31785615760573249876129721200439466956e+00, -1.68473185754186171815796029742633601994e+00, 2.59694772187411916084464705696911052124e+00, 2.80174612890308148128651061274254404836e+00, 5.72920506931067010760444099723889755524e+00, 1.42692241726376994442004514478240639367e+00, 6.5728808838483280e+02, -7.9762621052136368e+02
0.92490000, 1.31823221885273146589825730251925437353e+00, -1.68389544816929945603610101275490376076e+00, 2.59570234229924739734544653684225708372e+00, 2.80098915541753717588946256528554496780e+00, 5.72824141982450918937697925777942559196e+00, 1.42720395323495783966264273656821894336e+00, 6.6163957844146608e+02, -7.9566481238482294e+02
0.92500000, 1.31860884650118589200808746646120658260e+00, -1.68305812069048158893790175639796330300e+00, 2.59445526315058463457629041764714037548e+00, 2.80023051768838277758372130892579355031e+00, 5.72727651437010543624884475032657143151e+00, 1.42748591614780071574827583767691772225e+00, 6.6598647656701113e+02, -7.9367504869392159e+02
0.92510000, 1.31898604244344615646131691608327251188e+00, -1.68221987457822304432134967039671574813e+00, 2.59320648083030570118738133399615707249e+00, 2.79947021447118760900413365561067663140e+00, 5.72631035134993697747419833681274693132e+00, 1.42776830803145998989218598600534057347e+00, 6.7032858864636228e+02, -7.9165683671260388e+02
0.92520000, 1.31936380856757876102782729444676764770e+00, -1.68138070931515681876763010933105514716e+00, 2.59195599175177639359271625921133073202e+00, 2.79870824453094659274292246539130324968e+00, 5.72534292917542764788038832229336674360e+00, 1.42805113091427370966891461030132925076e+00, 6.7466571937133431e+02, -7.8961009437872415e+02
0.92530000, 1.31974214675715231917012942406449382359e+00, -1.68054062439370900156291223621437239899e+00, 2.59070379233988756976038586250943092794e+00, 2.79794460664192128878835403114973302177e+00, 5.72437424626696448202524840823291208614e+00, 1.42833438682353516446588328142823981533e+00, 6.7899767224222946e+02, -7.8753474031683430e+02
0.92540000, 1.32012105889102213139432130462919481849e+00, -1.67969961931607025054018723546573009516e+00, 2.58944987903138989442297253020295483190e+00, 2.79717929958747445501488800435729450782e+00, 5.72340430105391181659090000587417008399e+00, 1.42861807778526917336776029117127251569e+00, 6.8332424956950354e+02, -7.8543069385112142e+02
0.92550000, 1.32050054684311339829156375746498652432e+00, -1.67885769359416366636736536708732848207e+00, 2.58819424827522912793921372917919619758e+00, 2.79641232215989806741522335833712809787e+00, 5.72243309197462193147960001612290606348e+00, 1.42890220582400608989167674859003721257e+00, 6.8764525247553135e+02, -7.8329787501849673e+02
0.92560000, 1.32088061248220312450102937120889976916e+00, -1.67801484674960901211492154404576129230e+00, 2.58693689653288184877669795708764091951e+00, 2.79564367316023473854403276748013170253e+00, 5.72146061747644216034274495400013897049e+00, 1.42918677296255356582328788121816789938e+00, 6.9196048089647159e+02, -7.8113620458183701e+02
0.92570000, 1.32126125767170076842280422895320648872e+00, -1.67717107831368322563014653720279556324e+00, 2.58567782027869149734689732364252836599e+00, 2.79487335139809247449717460265358115499e+00, 5.72048687601571840158843636633922761858e+00, 1.42947178122176611824476724081133414877e+00, 6.9626973358423147e+02, -7.7894560404337984e+02
0.92580000, 1.32164248426942769410480515701840802702e+00, -1.67632638782727717298602060862733275522e+00, 2.58441701600020462671071466711413747638e+00, 2.79410135569145271267896732224811033646e+00, 5.71951186605779496127689741491124449130e+00, 1.42975723262031254569679914062173014210e+00, 7.0057280810853111e+02, -7.7672599565827358e+02
0.92590000, 1.32202429412739548332003965980961230272e+00, -1.67548077484084859206134995894326186562e+00, 2.58315448019850724348737072704998670646e+00, 2.79332768486647158461381155711320590923e+00, 5.71853558607701065972734284811804876380e+00, 1.43004312917444124127618026705557509251e+00, 7.0486950085906790e+02, -7.7447730244828345e+02
0.92600000, 1.32240668909158316743807073312558989090e+00, -1.67463423891437117614552708894678480629e+00, 2.58189020938856112014434868624167767015e+00, 2.79255233775727435013707989843439203373e+00, 5.71755803455669113412544899732730245974e+00, 1.43032947289774345233739412278259801446e+00, 7.0915960704778082e+02, -7.7219944821565464e+02
0.92610000, 1.32278967100171344027591245045389124631e+00, -1.67378677961727974834648721917847122232e+00, 2.58062420009953995772375122687502733639e+00, 2.79177531320574295145371337811912968699e+00, 5.71657920998913726993811763133585527262e+00, 1.43061626580091453833907816180365166703e+00, 7.1344292071121501e+02, -7.6989235755713356e+02
0.92620000, 1.32317324169102791468730229598322622280e+00, -1.67293839652841147851448578196398530910e+00, 2.57935644887516527597334003590335888100e+00, 2.79099661006129663778123559498089454254e+00, 5.71559911087560969451251231489056013814e+00, 1.43090350989151328025321747175636184289e+00, 7.1771923471298633e+02, -7.6755595587814844e+02
0.92630000, 1.32355740298606148721387108957059792607e+00, -1.67208908923594309537752485295199585442e+00, 2.57808695227404190580127689988803881062e+00, 2.79021622718066561359670560810192220828e+00, 5.71461773572630926686006529891647067174e+00, 1.43119120717371929683468357484633050953e+00, 7.2198834074634620e+02, -7.6519016940714995e+02
0.92640000, 1.32394215670641587667563130089473430758e+00, -1.67123885733732404761687240825154649640e+00, 2.57681570686999295696475051090482512447e+00, 2.78943416342765766588417875942281944074e+00, 5.71363508306035349830396401385336607827e+00, 1.43147935964808862492986471894144640174e+00, 7.2625002933684668e+02, -7.6279492521011317e+02
0.92650000, 1.32432750466453240411987298458552157399e+00, -1.67038770043920556869336409114814229885e+00, 2.57554270925239413193685637426998712563e+00, 2.78865041767291772823014262918007685234e+00, 5.71265115140574883940114419226511976421e+00, 1.43176796931130752288403760438666477191e+00, 7.3050408984510564e+02, -7.6037015120520161e+02
0.92660000, 1.32471344866546408307541132309762262801e+00, -1.66953561815736560136722121131405690051e+00, 2.57426795602650725497591955686162385596e+00, 2.78786498879368034213866605173306565063e+00, 5.71166593929935876933761294239592014524e+00, 1.43205703815594455798620384219218835100e+00, 7.3475031046967216e+02, -7.5791577617759433e+02
0.92670000, 1.32509999050664709057156451604813633242e+00, -1.66868261011662953903607974403476231793e+00, 2.57299144381381288354954752493573048023e+00, 2.78707787567351497853507393934161214080e+00, 5.71067944528686762483952537640095475233e+00, 1.43234656817020104076571395722883723254e+00, 7.3898847824999201e+02, -7.5543172979447694e+02
0.92680000, 1.32548713197767169087662650283015330476e+00, -1.66782867595078674224787070019696232068e+00, 2.57171316925234186744472126659960938634e+00, 2.78628907720206418509617799533738947076e+00, 5.70969166792274010654232057766544702864e+00, 1.43263656133765987082544738747901228336e+00, 7.4321837906947322e+02, -7.5291794262019731e+02
0.92690000, 1.32587487486005268538728563602935567871e+00, -1.66697381530250279002713726452774255021e+00, 2.57043312899700571912783452809416928962e+00, 2.78549859227477452778569703818863308022e+00, 5.70870260577017640171681501869035339366e+00, 1.43292701963703286075989346234291279942e+00, 7.4743979765865150e+02, -7.5037434613158692e+02
0.92700000, 1.32626322092699946355675835538696507182e+00, -1.66611802782322742698527929201247923492e+00, 2.56915131971992565720743622134580770984e+00, 2.78470641979262029778463824673480576450e+00, 5.70771225740106286326483069070959700638e+00, 1.43321794504190660656143672622518552662e+00, 7.5165251759845564e+02, -7.4780087273344836e+02
0.92710000, 1.32665217194318573118366882189474151502e+00, -1.66526131317309816856698634110530781592e+00, 2.56786773811076018320018501556164973102e+00, 2.78391255866181995788713225428889065653e+00, 5.70672062139591818596802440400316535950e+00, 1.43350933952048697476270879923631897134e+00, 7.5585632132357251e+02, -7.4519745577420990e+02
0.92720000, 1.32704172966451899379420809627265227478e+00, -1.66440367102083952821660478725925355797e+00, 2.56658238087703105020985163470129297947e+00, 2.78311700779354530538147188752984003127e+00, 5.70572769634383502210235189169550827965e+00, 1.43380120503534227839521600790106024140e+00, 7.6005099012591174e+02, -7.4256402956174769e+02
0.92730000, 1.32743189583790987423513246561587336409e+00, -1.66354510104365783172917294599476954789e+00, 2.56529524474444748060276233472888521598e+00, 2.78231976610362333145274765832458151147e+00, 5.70473348084241697971725632021796227828e+00, 1.43409354354314521566274587270641508899e+00, 7.6423630415816980e+02, -7.3990052937937616e+02
0.92740000, 1.32782267220104134495298051782216147446e+00, -1.66268560292713158558108142375262033056e+00, 2.56400632645722848830351665433421624149e+00, 2.78152083251223076022625299590678641030e+00, 5.70373797349771094812336752163634025914e+00, 1.43438635699441364703042736495134147422e+00, 7.6841204243749331e+02, -7.3720689150200736e+02
0.92750000, 1.32821406048213795676376305212030263309e+00, -1.66182517636509736761444446361636375175e+00, 2.56271562277842315994477156212553917884e+00, 2.78072020594358125371839680114946651507e+00, 5.70274117292413469643532706463959031570e+00, 1.43467964733325028821487519399766450231e+00, 7.7257798284924149e+02, -7.3448305321247948e+02
0.92760000, 1.32860606239973514721556145483781392047e+00, -1.66096382105953121007691059461891964293e+00, 2.56142313049022874778698391616044316730e+00, 2.77991788532560527217275562386257145714e+00, 5.70174307774439969237734425252254797804e+00, 1.43497341649708139832566912607792771238e+00, 7.7673390215084745e+02, -7.3172895281805534e+02
0.92770000, 1.32899867966244871291220554351570644103e+00, -1.66010153672042544669434351067067930881e+00, 2.56012884639430642608084468784493800091e+00, 2.77911386958962258253156466480236526854e+00, 5.70074368658942908997820447638296953589e+00, 1.43526766641639454415156566988923808965e+00, 7.8087957597577818e+02, -7.2894452966709099e+02
0.92780000, 1.32939191396874453139773434130215058488e+00, -1.65923832306566099717704927940893004904e+00, 2.55883276731209456137929822449650154816e+00, 2.77830815767000741112572412831562600624e+00, 5.69974299809827083625959382294360559991e+00, 1.43556239901447552330435203751713505682e+00, 7.8501477883759305e+02, -7.2612972416587493e+02
0.92790000, 1.32978576700670861939691482573137178352e+00, -1.65837417982087506433043171957414715093e+00, 2.55753489008511934622006590591661010716e+00, 2.77750074850384624005751932385634753317e+00, 5.69874101091800584855660527868378893139e+00, 1.43585761620714453062715438800298790470e+00, 7.8913928413410042e+02, -7.2328447779563820e+02
0.92800000, 1.33018024045381761536494760767425429076e+00, -1.65750910671932422075747683150720981478e+00, 2.55623521157530264459600109511514458727e+00, 2.77669164103058825019784920402411053978e+00, 5.69773772370365121570191678485742768799e+00, 1.43615331990249165394031219890652589935e+00, 7.9325286415161241e+02, -7.2040873312973568e+02
0.92810000, 1.33057533597670977541787155403981243148e+00, -1.65664310350174286400258629703988440243e+00, 2.55493372866526689671186947348773204805e+00, 2.77588083419168841722185437785237578488e+00, 5.69673313511805837795507459922261402753e+00, 1.43644951200061178683462370286981954533e+00, 7.9735529006929734e+02, -7.1750243385099858e+02
0.92820000, 1.33097105523095657279234450045578010538e+00, -1.65577616991619702089321948370212803565e+00, 2.55363043825863692969471253761553612431e+00, 2.77506832693024327066135367631616746863e+00, 5.69572724383180624226520078465903974522e+00, 1.43674619439333904782683894340254904497e+00, 8.0144633196362968e+02, -7.1456552476925859e+02
0.92830000, 1.33136739986083499201768600585504934855e+00, -1.65490830571793348378671620216750308535e+00, 2.55232533728033852018320338837658102116e+00, 2.77425411819061932955725606305871724186e+00, 5.69472004852308919121882292803948817950e+00, 1.43704336896398079676370471514900175839e+00, 8.0552575881293734e+02, -7.1159795183904338e+02
0.92840000, 1.33176437149910060997259345672672535698e+00, -1.65403951066922426342364427311457609322e+00, 2.55101842267689355407168406379136102226e+00, 2.77343820691807423194782700028208157536e+00, 5.69371154787759994584387594538948492867e+00, 1.43734103758705134089662194104028617711e+00, 8.0959333850204589e+02, -7.0859966217744378e+02
0.92850000, 1.33216197176676155694207154857798006736e+00, -1.65316978453920634512506453234238717669e+00, 2.54970969141671162812916916905643758197e+00, 2.77262059205837057912696790778670160313e+00, 5.69270174058840724431565440559639942232e+00, 1.43763920212800542454703099190295197478e+00, 8.1364883782701959e+02, -7.0557060408215248e+02
0.92860000, 1.33256020227285345168515070875414114275e+00, -1.65229912710371673714818097784033706218e+00, 2.54839914049037793775473912992363537110e+00, 2.77180127255738251934802533496020328120e+00, 5.69169062535582830053992847002628571068e+00, 1.43793786444297159774096453719660421341e+00, 8.1769202249999891e+02, -7.0251072704967399e+02
0.92870000, 1.33295906461421540536923521265145895996e+00, -1.65142753814512280213182694051628689082e+00, 2.54708676691093729477059235256649026621e+00, 2.77098024736069509943049391600773502306e+00, 5.69067820088729600857183068746552384892e+00, 1.43823702637848556060777440199725340754e+00, 8.2172265715413427e+02, -6.9941998179370604e+02
0.92880000, 1.33335856037526719002076157907641213944e+00, -1.65055501745214786471894291824555616088e+00, 2.54577256771417411889467539685340313117e+00, 2.77015751541319641654662622201247414745e+00, 5.68966446589722086086565133343105183954e+00, 1.43853668977122358171082837893137647035e+00, 8.2574050534861583e+02, -6.9629832026369172e+02
0.92890000, 1.33375869112778766788263227441753431579e+00, -1.64968156481969209063637353049954318544e+00, 2.54445653995888824637828816118032287873e+00, 2.76933307565866260631962802980406227314e+00, 5.68864941910684755043944644540767183050e+00, 1.43883685644773608980497386090329993387e+00, 8.2974532957379899e+02, -6.9314569566354250e+02
0.92900000, 1.33415945843069457875501657977633994704e+00, -1.64880718004864863474162765567155805948e+00, 2.54313868072716639924231451739969618713e+00, 2.76850692703933570725191845265310483731e+00, 5.68763305924410622917838730982054898654e+00, 1.43913752822418153979477846936391483316e+00, 8.3373689125642542e+02, -6.8996206247053142e+02
0.92910000, 1.33456086382982578302600811429347149359e+00, -1.64793186294571505781031754669790679094e+00, 2.54181898712464915860062417247815812618e+00, 2.76767906849549444541789630544666555404e+00, 5.68661538504345839669100712432598128951e+00, 1.43943870690606065489699966519851795222e+00, 8.3771495076493936e+02, -6.8674737645435621e+02
0.92920000, 1.33496290885772205867075893319752795861e+00, -1.64705561332320001413536302668508457473e+00, 2.54049745628079328572250960304665540008e+00, 2.76684949896501798729771096809060654100e+00, 5.68559639524573739637179599887476105269e+00, 1.43974039428795114818844003936665755336e+00, 8.4167926741489898e+02, -6.8350159469637166e+02
0.92930000, 1.33536559503341155101057172447457923604e+00, -1.64617843099882521433819290590379155290e+00, 2.53917408534912923475945368932331029682e+00, 2.76601821738294271259353265808814948811e+00, 5.68457608859798349761074728820867619810e+00, 1.44004259215324302784436842685511271948e+00, 8.4562959947448262e+02, -6.8022467560899086e+02
0.92940000, 1.33576892386219597447556211967534419966e+00, -1.64530031579552267015150915401672100416e+00, 2.53784887150751370144666600347312697984e+00, 2.76518522268101206285451161275921771567e+00, 5.68355446385327354542417624626103230381e+00, 1.44034530227387459144110965217440539632e+00, 8.4956570417008963e+02, -6.7691657895525444e+02
0.92950000, 1.33617289683543866600448242025274805734e+00, -1.64442126754122723032104705501010808947e+00, 2.53652181195837705258817705450127156779e+00, 2.76435051378721952573768256173267267148e+00, 5.68253151977054516116004798869043940985e+00, 1.44064852641006921570733595310978114539e+00, 8.5348733769203570e+02, -6.7357726586856724e+02
0.92960000, 1.33657751543035459004175111400046657857e+00, -1.64354128606866441918844984509752767956e+00, 2.53519290392896548174723610691418829163e+00, 2.76351408962534481874610352662448181894e+00, 5.68150725511441548035371994859993953749e+00, 1.44095226631007304906017042730674371813e+00, 8.5739425520034252e+02, -6.7020669887260152e+02
0.92970000, 1.33698278110980239535333236554209313234e+00, -1.64266037121513359195709992635536160364e+00, 2.53386214467157773729260883197966516027e+00, 2.76267594911448334030903222015650463294e+00, 5.68048166865499441627490145934284043152e+00, 1.44125652370989371515261109523665463463e+00, 8.6128621083062153e+02, -6.6680484190136593e+02
0.92980000, 1.33738869532207862407857996742642872341e+00, -1.64177852282228642310567012895898884820e+00, 2.53252953146379626979729480751542968986e+00, 2.76183609116856896009838063605189942579e+00, 5.67945475916769244021216029490594462761e+00, 1.44156130033304013648621496071939007189e+00, 8.6516295770005183e+02, -6.6337166031943912e+02
0.92990000, 1.33779525950071417356327842682072761188e+00, -1.64089574073590074689837725608798196191e+00, 2.53119506160871264675024609958396160383e+00, 2.76099451469589022450741961636220692501e+00, 5.67842652543302287208578764507348688606e+00, 1.44186659789026358790569735684515088019e+00, 8.6902424791345183e+02, -6.5990712094236720e+02
0.93000000, 1.33820247506427311157871376149063271242e+00, -1.64001202480564977144447753836151816178e+00, 2.52985873243514708362481297655067934162e+00, 2.76015121859860005724803412011055099266e+00, 5.67739696623639867756151890728074109853e+00, 1.44217241807930009048839976155414932606e+00, 8.7286983256944495e+02, -6.5641119205722375e+02
0.93010000, 1.33861034341615394552158120254738856887e+00, -1.63912737488486669028042422142621352767e+00, 2.52852054129786194155069551889939432167e+00, 2.75930620177221903904799751662574604351e+00, 5.67636608036792377045467380241737360422e+00, 1.44247876258461425696980360578272829884e+00, 8.7669946176671898e+02, -6.5288384344333131e+02
0.93020000, 1.33901886594439344610884126993585897463e+00, -1.63824179083030471798424100313100649172e+00, 2.52718048557776904315983944688971835789e+00, 2.75845946310513235444592163770268279574e+00, 5.67533386662217882186482898431045824862e+00, 1.44278563307714470040481369057667609916e+00, 8.8051288461037927e+02, -6.4932504639314313e+02
0.93030000, 1.33942804402147312592928908777110310568e+00, -1.63735527250189257888092816754346302306e+00, 2.52583856268213065962155113736164819546e+00, 2.75761100147808049768487628465390071818e+00, 5.67430032379800158016320153221138854568e+00, 1.44309303121405111825185210890764609094e+00, 8.8430984921839571e+02, -6.4573477373328372e+02
0.93040000, 1.33983787900412847298869100280524850886e+00, -1.63646781976248548045793688519264114588e+00, 2.52449477004475402344855887625263511353e+00, 2.75676081576364383369223527589947266174e+00, 5.67326545069826170866646471684314785905e+00, 1.44340095863846316448139881348928339058e+00, 8.8809010272814353e+02, -6.4211299984574694e+02
0.93050000, 1.34024837223316103908702393940947358724e+00, -1.63557943247761160567869841844787212942e+00, 2.52314910512617922334411828147384730663e+00, 2.75590890482572111409912867486100535383e+00, 5.67222924612963015056963229493164260524e+00, 1.44370941697923122265105550987809471290e+00, 8.9185339130303799e+02, -6.3845970068925011e+02
0.93060000, 1.34065952503325348249385503515343103817e+00, -1.63469011051521416095760966640499035995e+00, 2.52180156541386033917071510484286049747e+00, 2.75505526751900205219395504989478762834e+00, 5.67119170890234303347476205697996638853e+00, 1.44401840785067919315412641109795705008e+00, 8.9559946013926309e+02, -6.3477485382074257e+02
0.93070000, 1.34107133871278766394052510069603855334e+00, -1.63379985374538901913944145193898227622e+00, 2.52045214842233967705348336063346163060e+00, 2.75419990268843406461669079934788288404e+00, 5.67015283782996012863930678624861808616e+00, 1.44432793285235940803680039797521202456e+00, 8.9932805347259446e+02, -6.3105843841706700e+02
0.93080000, 1.34148381456366589442492937618851101579e+00, -1.63290866204011799940749667959356938482e+00, 2.51910085169341496668601302953885580593e+00, 2.75334280916868329148015307581900535904e+00, 5.66911263172911788287568226168513575208e+00, 1.44463799356880978688905197413908788316e+00, 9.0303891458531659e+02, -6.2731043529677193e+02
0.93090000, 1.34189695386113543272578206460326142184e+00, -1.63201653527299782862560879031512922149e+00, 2.51774767279629938508250628263134893679e+00, 2.75248398578359001044683142507197270259e+00, 5.66807108941927704385966850590024968104e+00, 1.44494859156931334734519360978733612124e+00, 9.0673178581323466e+02, -6.2353082694207361e+02
0.93100000, 1.34231075786361632984784759451410772248e+00, -1.63112347331896483119680775859417780077e+00, 2.51639260932777427331784375473239930504e+00, 2.75162343134561856409128460274461061627e+00, 5.66702820972246490244719556757811004199e+00, 1.44525972840766018368052590716296561034e+00, 9.1040640855278122e+02, -6.1971959752096524e+02
0.93110000, 1.34272522781253271686734513730081366108e+00, -1.63022947605401539709372923054747585749e+00, 2.51503565891233441521548317535437627995e+00, 2.75076114465530192363427340647902017073e+00, 5.66598399146301217845441708228866643105e+00, 1.44557140562191202685973934893629225569e+00, 9.1406252326821815e+02, -6.1587673290947186e+02
0.93120000, 1.34314036493214763181729237453857499986e+00, -1.62933454335492228028011039294740249371e+00, 2.51367681920232574948152112995698012592e+00, 2.74989712450068101584163037190319283960e+00, 5.66493843346728457922221963110539861215e+00, 1.44588362473416949917969839211895679239e+00, 9.1769986949893406e+02, -6.1200222071404871e+02
0.93130000, 1.34355617042940148034574563355179343963e+00, -1.62843867509894678229648513215620729551e+00, 2.51231608787807538944084216674552840081e+00, 2.74903136965673894353421367688381847404e+00, 5.66389153456340906316087990346842975407e+00, 1.44619638725034217635314550797384061159e+00, 9.2131818586683787e+02, -6.0809605029412100e+02
0.93140000, 1.34397264549375422389560066270276494532e+00, -1.62754187116354687832391880305760115207e+00, 2.51095346264801382730704183381544328176e+00, 2.74816387888483023375102066365420219067e+00, 5.66284329358099484335084466077061727929e+00, 1.44650969465992156949994613494471405014e+00, 9.2491721008384870e+02, -6.0415821278476307e+02
0.93150000, 1.34438979129703138809281605395377957530e+00, -1.62664413142608134556474711066479286782e+00, 2.50958894124878920281057124224159577619e+00, 2.74729465093210525114152143272506236659e+00, 5.66179370935084916915890677954674955751e+00, 1.44682354843575713904809106902649514419e+00, 9.2849667895948292e+02, -6.0018870111951448e+02
0.93160000, 1.34480760899327398289067577171611328830e+00, -1.62574545576350995628622508554296413689e+00, 2.50822252144537351901798524693403703170e+00, 2.74642368453092991763140689644704659958e+00, 5.66074278070468792671268024134542228073e+00, 1.44713795003383545199720752074825986869e+00, 9.3205632840853876e+02, -5.9618751005333091e+02
0.93170000, 1.34522609971859242480117740177372373621e+00, -1.62484584405208980035915854489538518686e+00, 2.50685420103116069129780392151823284067e+00, 2.74555097839830088280414316201196846136e+00, 5.65969050647484110195749691829831991374e+00, 1.44745290089306259336232437248806259496e+00, 9.3559589345887917e+02, -5.9215463618566735e+02
0.93180000, 1.34564526459102455025107156346089896339e+00, -1.62394529616706780458637976962175646837e+00, 2.50548397782805631862368193478691006449e+00, 2.74467653123525629276492885735742404873e+00, 5.65863688549395315289588401144802481736e+00, 1.44776840243504994189470709416282996589e+00, 9.3911510825931373e+02, -5.8809007798369131e+02
0.93190000, 1.34606510471039780772983336743163597008e+00, -1.62304381198236951855273341980431457875e+00, 2.50411184968655906975153179987559358523e+00, 2.74380034172628230849984314426888560597e+00, 5.65758191659467834047782879405253599147e+00, 1.44808445606390341936943684203926426579e+00, 9.4261370608758026e+02, -5.8399383580562323e+02
0.93200000, 1.34648562115819571495036257640650930086e+00, -1.62214139137028423913644775231792623899e+00, 2.50273781448583358026201912449888919905e+00, 2.74292240853871552790717060978155566715e+00, 5.65652559860937107046726647680609161499e+00, 1.44840106316601632183586929184012242102e+00, 9.4609141935842709e+02, -5.7986591192420184e+02
0.93210000, 1.34690681499742866572102542397409632715e+00, -1.62123803420114654819877135942392282386e+00, 2.50136187013377476002134130909651889597e+00, 2.74204273032214146875616413672621143932e+00, 5.65546793036977130145378474559743433888e+00, 1.44871822510986584024708549856219616136e+00, 9.4954797963179678e+02, -5.7570631055027155e+02
0.93220000, 1.34732868727250916963040502242078910013e+00, -1.62033374034301434031195370440014157161e+00, 2.49998401456706341427916300926646951231e+00, 2.74116130570778927281698201636741331941e+00, 5.65440891070668507700555353320368093700e+00, 1.44903594324581337681795571224816792721e+00, 9.5298311762111238e+02, -5.7151503785648920e+02
0.93230000, 1.34775123900913160597455341205910860024e+00, -1.61942850966134341969244480132530695599e+00, 2.49860424575121308539060781369260631332e+00, 2.74027813330792279430039583299611658494e+00, 5.65334853844966024276707507247422417925e+00, 1.44935421890590876230859754506822363300e+00, 9.5639656320166722e+02, -5.6729210200114746e+02
0.93240000, 1.34817447121415657161146852539364556069e+00, -1.61852234201865874777400484618847977354e+00, 2.49722256168060802601674161937817220637e+00, 2.73939321171522823854336334060040153079e+00, 5.65228681242665741209061099251097616304e+00, 1.44967305340369847819104702833033221899e+00, 9.5978804541911938e+02, -5.6303751315211189e+02
0.93250000, 1.34859838487549990060988310296846084646e+00, -1.61761523727422242508168506476621359262e+00, 2.49583896037853221862232654061829845263e+00, 2.73850653950219851957302182171729808174e+00, 5.65122373146371624655017760684757593926e+00, 1.44999244803403798633220567065381552716e+00, 9.6315729249809192e+02, -5.5875128351086882e+02
0.93260000, 1.34902298096202643167027666572525652543e+00, -1.61670719528369849324982433675318139913e+00, 2.49445343989718936014792626472434373464e+00, 2.73761811522051450777348858886531852409e+00, 5.65015929438461712041890294949986257302e+00, 1.45031240407290826741601610153097492145e+00, 9.6650403185088036e+02, -5.5443342733668099e+02
0.93270000, 1.34944826042344859733642975447961379862e+00, -1.61579821589881464516278536072315017068e+00, 2.49306599831771373488271239558597103798e+00, 2.73672793740042334136354911133993779602e+00, 5.64909350001053824089140705324832577910e+00, 1.45063292277723666783289808216979984068e+00, 9.6982799008626852e+02, -5.5008396097084791e+02
0.93280000, 1.34987422419022990698705197036432394026e+00, -1.61488829896702093328364156993347569658e+00, 2.49167663375017190280142351762593813394e+00, 2.73583600455011397776545510084623111110e+00, 5.64802634715970829849980443097470025490e+00, 1.45095400538472215318539821597047425246e+00, 9.7312889301845434e+02, -5.4570290286106788e+02
0.93290000, 1.35030087317349339350034781235942289924e+00, -1.61397744433114556827096729281255931232e+00, 2.49028534433355513495059369964594160889e+00, 2.73494231515509016320232887453092060002e+00, 5.64695783464705472480204955633486800205e+00, 1.45127565311366506489653128923109715190e+00, 9.7640646567608697e+02, -5.4129027358589841e+02
0.93300000, 1.35072820826493509132124768802417782584e+00, -1.61306565182904790196486164555666362222e+00, 2.48889212823576253187198971499622129225e+00, 2.73404686767754100100086527272520901607e+00, 5.64588796128384763701178242491751898031e+00, 1.45159786716280147466228765307642659011e+00, 9.7966043231141697e+02, -5.3684609587931183e+02
0.93310000, 1.35115623033674261143293034153313231814e+00, -1.61215292129326869074797547805644030777e+00, 2.48749698365357476553164030176685457848e+00, 2.73314966055570930109403780061767104196e+00, 5.64481672587733955178673175103461643774e+00, 1.45192064871114222966322627317369881160e+00, 9.8289051640956105e+02, -5.3237039465534282e+02
0.93320000, 1.35158494024151887644279441451758781289e+00, -1.61123925255067773715327971606223871489e+00, 2.48609990881261838977724327088150207535e+00, 2.73225069220325789511236732459199523591e+00, 5.64374412723040095289527185347792180332e+00, 1.45224399891781677954305157999492865446e+00, 9.8609644069788327e+02, -5.2786319703282454e+02
0.93330000, 1.35201433881221107663988916373006447721e+00, -1.61032464542211900939533113878552564862e+00, 2.48470090196732066897131131653742671999e+00, 2.73134996100863410321913741092862879278e+00, 5.64267016414115179993510817919566826534e+00, 1.45256791892192187417577579365218840719e+00, 9.8927792715549438e+02, -5.2332453236020985e+02
0.93340000, 1.35244442686204490546776525069660635032e+00, -1.60940909972205334024362950429595297548e+00, 2.48329996140085487913826071597032456654e+00, 2.73044746533443254048200551661399065419e+00, 5.64159483540258906768152105853305969906e+00, 1.45289240984237521917879519513280540432e+00, 9.9243469702287141e+02, -5.1875443224047427e+02
0.93350000, 1.35287520518446413038562146486596018219e+00, -1.60849261525819880833314632544961295221e+00, 2.48189708542507604071674072530302471478e+00, 2.72954320351675645207816172535694650615e+00, 5.64051813980221040799240043753631496106e+00, 1.45321747277777417398836265724344436826e+00, 9.9556647081159931e+02, -5.1415293055609724e+02
0.93360000, 1.35330667455307555256345348166099688383e+00, -1.60757519183116890661612944470919518412e+00, 2.48049227238044704681971859701868902852e+00, 2.72863717386457776800006238734448531660e+00, 5.63944007612163402849077056266610745776e+00, 1.45354310880625957509802787556754757882e+00, 9.9867296831423689e+02, -5.0952006349411789e+02
0.93370000, 1.35373883572159940627569115891284981181e+00, -1.60665682923410860419880208082795827632e+00, 2.47908552063595515576994536288179894310e+00, 2.72772937465909606916149341415336094959e+00, 5.63836064313621488447999365943475486425e+00, 1.45386931898538476477125253826136975265e+00, 1.0017539086143092e+03, -5.0485586957126200e+02
0.93380000, 1.35417168942382524622465763124669399225e+00, -1.60573752725232840927460134110540955989e+00, 2.47767682858901882159310224839930062204e+00, 2.72681980415309665789712306014445588234e+00, 5.63727983961465728271976682837905484335e+00, 1.45419610435198990317830316442479444429e+00, 1.0048090100964284e+03, -5.0016038965913640e+02
0.93390000, 1.35460523637357336834229161169875855383e+00, -1.60481728566293654226023183914063782985e+00, 2.47626619466538484111074566267610925243e+00, 2.72590846057030792680076462921187852756e+00, 5.63619766431862399779985276250167283649e+00, 1.45452346592208163947649247283907624969e+00, 1.0078379904565461e+03, -4.9543366700948706e+02
0.93400000, 1.35503947726466180688821510038962813294e+00, -1.60389610423446932956021239276926019874e+00, 2.47485361731901580127562230027528553267e+00, 2.72499534210475822065641963486129489533e+00, 5.63511411600234200389073757858690575687e+00, 1.45485140469071821485379188980704306674e+00, 1.0108405667123389e+03, -4.9067574727951727e+02
0.93410000, 1.35547441277087894788674678545522821670e+00, -1.60297398272651992962801331279281005398e+00, 2.47343909503196781542842653534282163234e+00, 2.72408044692013238688010556583588855896e+00, 5.63402919341220492662367633659821520794e+00, 1.45517992163190006799078006876042477907e+00, 1.0138164552137299e+03, -4.8588667855726214e+02
0.93420000, 1.35591004354596179612727190548806636763e+00, -1.60205092088936550415564539449821654523e+00, 2.47202262631425854222295715978700151052e+00, 2.72316377314912821040794745171376476142e+00, 5.63294289528637232175452423161671141558e+00, 1.45550901769846601076692561802782848261e+00, 1.0167653716535490e+03, -4.8106651138701550e+02
0.93430000, 1.35634637022357993009396467108074647155e+00, -1.60112691846359294830708068728505299699e+00, 2.47060420970372548606116888401947428450e+00, 2.72224531889281292933565405761023651996e+00, 5.63185522035436588909408574764883975602e+00, 1.45583869382199503934651832479619752040e+00, 1.0196870310783348e+03, -4.7621529879480557e+02
0.93440000, 1.35678339341732517629476604925423322558e+00, -1.60020197517972329491265812276387757299e+00, 2.46918384376587458299601385974882885034e+00, 2.72132508221998002783510341626391138431e+00, 5.63076616733666273194024714309389313617e+00, 1.45616895091271384302944223679274019536e+00, 1.0225811478992805e+03, -4.7133309631391540e+02
0.93450000, 1.35722111372070703152835502636289827057e+00, -1.59927609075783490846024300602377093622e+00, 2.46776152709371908119338327122510444464e+00, 2.72040306116650650294429755841263107951e+00, 5.62967573494428577392177026515282413934e+00, 1.45649978985941007044479189906710179536e+00, 1.0254474359033266e+03, -4.6641996201044420e+02
0.93460000, 1.35765953170715385866427977702429738500e+00, -1.59834926490718558555304996430383443717e+00, 2.46633725830760873018999466517836535581e+00, 2.71947925373471080174655773994109538714e+00, 5.62858392187839144675828118562826956394e+00, 1.45683121152935140980351837416719417742e+00, 1.0282856082644047e+03, -4.6147595650890576e+02
0.93470000, 1.35809864793001987851815438547293180583e+00, -1.59742149732583367925248133619648055082e+00, 2.46491103605504929833679251973384711072e+00, 2.71855365789271162522284248378181146765e+00, 5.62749072682985476395373491637380118603e+00, 1.45716321676821053701238240063514536866e+00, 1.0310953775548331e+03, -4.5650114301785984e+02
0.93480000, 1.35853846292259797738364453581000350983e+00, -1.59649278770025836538595205786099924223e+00, 2.46348285901051244297236961302090254956e+00, 2.71762627157378779467698493222785250713e+00, 5.62639614847885189686961638330572848500e+00, 1.45749580639999598248809228727039095851e+00, 1.0338764557568702e+03, -4.5149558735557275e+02
0.93490000, 1.35897897719813834673867540340629421664e+00, -1.59556313570497916947344269594826660539e+00, 2.46205272587523596302308100196815891421e+00, 2.71669709267573937609714887478381175311e+00, 5.62530018549444037096757953537801684175e+00, 1.45782898122698896450029063217511695467e+00, 1.0366285542744266e+03, -4.4645935797570297e+02
0.93500000, 1.35942019124987296857775219336557922396e+00, -1.59463254100217487341152120600579168758e+00, 2.46062063537701446887089812241666265497e+00, 2.71576611906025025712776322569967862405e+00, 5.62420283653413700126745840520133173353e+00, 1.45816274202968623381777238435414297747e+00, 1.0393513839449404e+03, -4.4139252599300793e+02
0.93510000, 1.35986210555104595673838150368607543028e+00, -1.59370100324130192144898191231778444102e+00, 2.45918658626998050946161367776277567725e+00, 2.71483334855225237048466586645443056022e+00, 5.62310410024349368723403237926266689724e+00, 1.45849708956674897133677797220867607115e+00, 1.0420446550514194e+03, -4.3629516520906784e+02
0.93520000, 1.36030472055494976149024665043599153947e+00, -1.59276852205871244529335327524987844642e+00, 2.45775057733437620173973083993431658544e+00, 2.71389877893929175665240787950132884144e+00, 5.62200397525567118838312071149296023374e+00, 1.45883202457495777723628126116813745246e+00, 1.0447080773346527e+03, -4.3116735213802256e+02
0.93530000, 1.36074803669496724154397832075593092635e+00, -1.59183509707727202840171740476013887192e+00, 2.45631260737631541258722886767521975117e+00, 2.71296240797089665755706193070911733510e+00, 5.62090246019101100288315044409438997054e+00, 1.45916754776917378703581216953213938270e+00, 1.0473413600055963e+03, -4.2600916603231745e+02
0.93540000, 1.36119205438461960451505445860022674940e+00, -1.59090072790597732963206547211855684664e+00, 2.45487267522753654850637891939716181174e+00, 2.71202423335794783161105300288546219313e+00, 5.61979955365660547232102602275604764914e+00, 1.45950365984230594672950001904667487119e+00, 1.0499442117579360e+03, -4.2082068890845418e+02
0.93550000, 1.36163677401762021375056178804914524091e+00, -1.58996541413957368646239506532548443156e+00, 2.45343077974514601331689488243396128181e+00, 2.71108425277205127907928007280279994297e+00, 5.61869525424586623659977551505229729402e+00, 1.45984036146528447593872692811275579470e+00, 1.0525163407808316e+03, -4.1560200557274230e+02
0.93560000, 1.36208219596793425629527365277582779524e+00, -1.58902915535817281792365936467034497473e+00, 2.45198691981135239912997721781376916068e+00, 2.71014246384491356511910238383517718923e+00, 5.61758956053809116363901589073597113802e+00, 1.46017765328704054476811581947066692395e+00, 1.0550574547718454e+03, -4.1035320364704763e+02
0.93570000, 1.36252832058984426364177438425431193100e+00, -1.58809195112687074723933607837955017635e+00, 2.45054109433319148081130990984968191036e+00, 2.70919886416771992610178593143773589354e+00, 5.61648247109802987915683951735149029937e+00, 1.46051553593449218676865970388961918371e+00, 1.0575672609500610e+03, -4.0507437359453326e+02
0.93580000, 1.36297514821802147378022584179729242815e+00, -1.58715380099536606391874024655968938760e+00, 2.44909330224224208904690991312562841005e+00, 2.70825345129051534293108907719392455929e+00, 5.61537398447544802232246152967492823800e+00, 1.46085401001253646711077776852574198688e+00, 1.0600454660693940e+03, -3.9976560874538916e+02
0.93590000, 1.36342267916760301993986633250637369533e+00, -1.58621470449757864471331506183661927778e+00, 2.44764354249433294197506226943802199752e+00, 2.70730622272158876303733580497790617002e+00, 5.61426409920469035348218461960725890636e+00, 1.46119307610404792175213989195034043722e+00, 1.0624917764321003e+03, -3.9442700532254621e+02
0.93600000, 1.36387091373427492829949309560575577074e+00, -1.58527466115126895241516654438557175972e+00, 2.44619181406924052013961592147180963047e+00, 2.70635717592686065054428454741019324062e+00, 5.61315281380424284047635279421801885355e+00, 1.46153273476988328005344074612783896210e+00, 1.0649058979024864e+03, -3.8905866246737064e+02
0.93610000, 1.36431985219436090384103767148032684932e+00, -1.58433367045765803095534094597920656047e+00, 2.44473811597037807424994239127974629226e+00, 2.70540630832927404178322949591254261789e+00, 5.61204012677629385028151568989464300818e+00, 1.46187298654889247995315483494379024741e+00, 1.0672875359208244e+03, -3.8366068226533464e+02
0.93620000, 1.36476949480491688043191842749147572639e+00, -1.58339173190104831464616946979498418687e+00, 2.44328244722447585989621992455552531419e+00, 2.70445361730818928086612321347702956038e+00, 5.61092603660629457282966605791432666668e+00, 1.46221383195793598146290802484800812914e+00, 1.0696363955174782e+03, -3.7823316977165924e+02
0.93630000, 1.36521984180383130815115029714179215144e+00, -1.58244884494844536870792574076749274663e+00, 2.44182480688125269796082527827612073758e+00, 2.70349910019878260742930818354347498742e+00, 5.60981054176251880387492063036453112198e+00, 1.46255527149190838089171400810629884792e+00, 1.0719521813272430e+03, -3.7277623303692521e+02
0.93640000, 1.36567089340993114782419226034830163442e+00, -1.58150500904918067742567034079339183460e+00, 2.44036519401307896398300466873895370992e+00, 2.70254275429144876592408200451365704187e+00, 5.60869364069562221369728433774362887865e+00, 1.46289730562376832485320677489201183481e+00, 1.0742345976039054e+03, -3.6728998313264790e+02
0.93650000, 1.36612264982309353970517745267206073521e+00, -1.58056022363453559539821606480755563028e+00, 2.43890360771463111417025665430015836479e+00, 2.70158457683120780296235141811515624583e+00, 5.60757533183820122825318558052862666471e+00, 1.46323993480457471975841513730614155436e+00, 1.0764833482350261e+03, -3.6177453417681202e+02
0.93660000, 1.36657511122436311024542914614993363542e+00, -1.57961448811736657636846822451786352628e+00, 2.43744004710253786010169319575725991778e+00, 2.70062456501711621622776929213866908752e+00, 5.60645561360435164910343190843451265998e+00, 1.46358315946352922915083183083309353182e+00, 1.0786981367569513e+03, -3.5623000335936223e+02
0.93670000, 1.36702827777607487791691481240737942371e+00, -1.57866780189173179306391433344151243641e+00, 2.43597451131501810843185567214106825354e+00, 2.69966271600168261533786685828097118036e+00, 5.60533448438922713807136687336547210573e+00, 1.46392698000802504790377860828584274700e+00, 1.0808786663700573e+03, -3.5065651096764545e+02
0.93680000, 1.36748214962198271612138886359403402670e+00, -1.57772016433251926032880050689709929419e+00, 2.43450699951151078607396587569517574205e+00, 2.69869902689028805179381302307248541422e+00, 5.60421194256859769210768524212620634012e+00, 1.46427139682370193897559775757001908592e+00, 1.0830246399542328e+03, -3.4505418041180088e+02
0.93690000, 1.36793672688739332831323920193425406988e+00, -1.57677157479507657259668553000754829936e+00, 2.43303751087229667541542042392260257261e+00, 2.69773349474061117178472208853006514006e+00, 5.60308798649840823326407913768538053068e+00, 1.46461641027450751510922931458492139843e+00, 1.0851357600846046e+03, -3.3942313825009368e+02
0.93700000, 1.36839200967930568759925388437799062432e+00, -1.57582203261484236543485751316423247905e+00, 2.43156604459811238809164567932343170154e+00, 2.69676611656205834212620099842142307887e+00, 5.60196261451433743800625377213894593021e+00, 1.46496202070276474457245876888379415410e+00, 1.0872117290475102e+03, -3.3376351421418823e+02
0.93710000, 1.36884799808655589025438218858927958186e+00, -1.57487153710697960949188214636971472614e+00, 2.43009259990975660971350241269536276715e+00, 2.69579688931519889601152388971753401641e+00, 5.60083582493135692932859665699091613072e+00, 1.46530822842924565676671153801748551292e+00, 1.0892522488567237e+03, -3.2807544123435701e+02
0.93720000, 1.36930469217996736981174500372593395548e+00, -1.57392008756601084369777338272294551711e+00, 2.42861717604768875170468184672334116415e+00, 2.69482580991120564154202279749102221435e+00, 5.59970761604329095426875227435705835578e+00, 1.46565503375325122028886488241424061641e+00, 1.0912570212699395e+03, -3.2235905546462102e+02
0.93730000, 1.36976209201250641565026043110528409937e+00, -1.57296768326545545300447995019160247327e+00, 2.42713977227162015005552271667900712735e+00, 2.69385287521130077218469155885829659099e+00, 5.59857798612237666846150270132359369464e+00, 1.46600243695269736281524527807734062977e+00, 1.0932257478055186e+03, -3.1661449630781789e+02
0.93740000, 1.37022019761944293731683748580893748367e+00, -1.57201432345746909431420028683640446744e+00, 2.42566038786009795433510131493055588817e+00, 2.69287808202620731438343730808197545011e+00, 5.59744693341882514831875317584087625077e+00, 1.46635043828420709899283810296604118428e+00, 1.0951581297595031e+03, -3.1084190644059347e+02
0.93750000, 1.37067900901851641318463397612400888796e+00, -1.57106000737248537252620031998352295035e+00, 2.42417902211008185372114979498809406809e+00, 2.69190142711560624352981566243483078911e+00, 5.59631445616038325027724975051185265732e+00, 1.46669903798320872937276941446028132218e+00, 1.0970538682229044e+03, -3.0504143183831321e+02
0.93760000, 1.37113852621010695946678504823261589425e+00, -1.57010473421885986684112620827074328228e+00, 2.42269567433651379010434111574465044616e+00, 2.69092290718759939538349387884332131605e+00, 5.59518055255189643531920163433123432290e+00, 1.46704823626404007030828886824539423092e+00, 1.0989126640992690e+03, -2.9921322179988918e+02
0.93770000, 1.37159874917741145307862510413137398428e+00, -1.56914850318251660559717519118409720975e+00, 2.42121034387188081149689684878443968510e+00, 2.68994251889817829582624346448091826771e+00, 5.59404522077487267564463683925370274380e+00, 1.46739803332005867166669614009476879980e+00, 1.1007342181225292e+03, -2.9335742897251892e+02
0.93780000, 1.37205967788662463937301073329983752920e+00, -1.56819131342659708597689053629315322069e+00, 2.41972303006577122202264137556129888474e+00, 2.68896025885069902754020631902390354872e+00, 5.59290845898704755895958272089220531872e+00, 1.46774842932375797617475952216434398667e+00, 1.1025182308751426e+03, -2.8747420937633213e+02
0.93790000, 1.37252131228712515336509008832640806629e+00, -1.56723316409111193291883746588461241450e+00, 2.41823373228442418768402062765629606257e+00, 2.68797612359536324782582989903473901400e+00, 5.59177026532195070434262976354704204553e+00, 1.46809942442688937123296088926558956705e+00, 1.1042644028065259e+03, -2.8156372242894144e+02
0.93800000, 1.37298365231166638071685725344820833894e+00, -1.56627405429259528949712641086227021408e+00, 2.41674244991027295988886951153413345121e+00, 2.68699010962870546732163072371665073796e+00, 5.59063063788847360206580192818629678678e+00, 1.46845101876059008109808554912902776094e+00, 1.1059724342517892e+03, -2.7562613096989319e+02
0.93810000, 1.37344669787657208247009664699199032695e+00, -1.56531398312376202889587926414868713817e+00, 2.41524918234148188137366245352052617173e+00, 2.68600221339308669486129855670899381607e+00, 5.58948957477043898807570904635584128693e+00, 1.46880321243551684444890780348953350371e+00, 1.1076420254507757e+03, -2.6966160128501457e+02
0.93820000, 1.37391044888193670530079339331507154268e+00, -1.56435294965316787590755186944392856314e+00, 2.41375392899147734167860035677779236379e+00, 2.68501243127619454910813865052349645031e+00, 5.58834707402617186208957648912101865830e+00, 1.46915600554198531951857857175800510405e+00, 1.1092728765674121e+03, -2.6367030313065318e+02
0.93830000, 1.37437490521183029692060249588528602812e+00, -1.56339095292487252362586350475317143168e+00, 2.41225668928847285171133233009041684477e+00, 2.68402075961054993294706828459108873163e+00, 5.58720313368807225642990313186671543689e+00, 1.46950939815011515620229795599872348488e+00, 1.1108646877093762e+03, -2.5765240975780514e+02
0.93840000, 1.37484006673450794417328246928772965024e+00, -1.56242799195810582868833281399846154785e+00, 2.41075746267498840917871463063019280302e+00, 2.68302719467302036189498988984378866643e+00, 5.58605775176218986081324355615220045228e+00, 1.46986339030998067183237023126178400855e+00, 1.1124171589480859e+03, -2.5160809793612809e+02
0.93850000, 1.37530593330262364936776404244244464378e+00, -1.56146406574693716605252627137276797789e+00, 2.40925624860736432876828174433538744690e+00, 2.68203173268434003301605414201206936129e+00, 5.58491092622780060632507859124106154762e+00, 1.47021798205176706465712467274823624392e+00, 1.1139299903390164e+03, -2.4553754797783521e+02
0.93860000, 1.37577250475344855845630221826767171500e+00, -1.56049917325994802186658814846454730757e+00, 2.40775304655526971292173247767827958340e+00, 2.68103436980863671600383740017537536616e+00, 5.58376265503698530975614112989539789253e+00, 1.47057317338593209646768934487501905076e+00, 1.1154028819423503e+03, -2.3944094376146645e+02
0.93870000, 1.37623978090909345280741365596279521945e+00, -1.55953331343990790052098588745143908585e+00, 2.40624785600120574086058288220718239902e+00, 2.68003510215296554322255338000288195519e+00, 5.58261293611421047734818657623691537917e+00, 1.47092896430337317328938339151308433855e+00, 1.1168355338439665e+03, -2.3331847275553334e+02
0.93880000, 1.37670776157673541454039551496710491910e+00, -1.55856648520345361944726090796187050107e+00, 2.40474067644000395519825221380243894499e+00, 2.67903392576684977058888599903980463858e+00, 5.58146176735591136480139377944573425239e+00, 1.47128535477559975059461125802366083779e+00, 1.1182276461767745e+03, -2.2717032604203354e+02
0.93890000, 1.37717644654884857368242092695758720862e+00, -1.55759868744077206266355050833672534462e+00, 2.40323150737831972700245140637934596007e+00, 2.67803083664182857622967101673667051077e+00, 5.58030914663007738813377289243061096538e+00, 1.47164234475491098710356988017539657104e+00, 1.1195789191423979e+03, -2.2099669833983147e+02
0.93900000, 1.37764583560343884378167325942570255269e+00, -1.55662991901528646145840494463085561712e+00, 2.40172034833412108155623800730997285746e+00, 2.67702583071101195887327831688851994341e+00, 5.57915507177583997765762270957142978290e+00, 1.47199993417457856891969067457289222561e+00, 1.1208890530332141e+03, -2.1479778802790125e+02
0.93910000, 1.37811592850428255106177723529615989448e+00, -1.55566017876334626795665898646852967986e+00, 2.40020719883617306830506777972819844508e+00, 2.67601890384864279292896490685313730262e+00, 5.57799954060306296495176035807138592150e+00, 1.47235812294903462350030686673583872737e+00, 1.1221577482547553e+03, -2.0857379716842838e+02
0.93920000, 1.37858672500116886073486778676682322432e+00, -1.55468946549392068462654972609955635527e+00, 2.39869205842351785957036929831170484277e+00, 2.67501005186966609218348477968569534285e+00, 5.57684255089193559026353240024051591688e+00, 1.47271691097406464079123740186777695255e+00, 1.1233847053484775e+03, -2.0232493152976632e+02
0.93930000, 1.37905822483014590270386178003174523106e+00, -1.55371777798829591006864482070203071418e+00, 2.39717492664495076355752824971983265415e+00, 2.67399927052930552900264582395920291920e+00, 5.57568410039256821527414877537743563209e+00, 1.47307629812700531675838327413468437055e+00, 1.1245696250149011e+03, -1.9605140060924441e+02
0.93940000, 1.37953042771377049757961414375227746565e+00, -1.55274511499977615867721827171701952864e+00, 2.39565580305849233798780207143672642520e+00, 2.67298655552264725087206535928143865515e+00, 5.57452418682459082360734420638996106948e+00, 1.47343628426694723253150879532499314345e+00, 1.1257122081371307e+03, -1.8975341765582342e+02
0.93950000, 1.38000333336136138271629514915714234623e+00, -1.55177147525338850898625855156134901565e+00, 2.39413468723085679133987542328963656716e+00, 2.67197190248423103105083636875325341571e+00, 5.57336280787675438885749026828034988348e+00, 1.47379686923494228043649242154557793093e+00, 1.1268121558047592e+03, -1.8343119969259516e+02
0.93960000, 1.38047694146925583682906230733445715757e+00, -1.55079685744559163270810006780948001867e+00, 2.39261157873691685919796626745869823997e+00, 2.67095530698764878504888340529738244123e+00, 5.57219996120653518726181530294381188986e+00, 1.47415805285421574633373665965624036663e+00, 1.1278691693381613e+03, -1.7708496753912232e+02
0.93970000, 1.38095125172106960070235745622931128529e+00, -1.54982126024398845364552251070148656349e+00, 2.39108647715916534357022327513354312107e+00, 2.66993676454515047957812668672027371180e+00, 5.57103564443974212944512985413949784884e+00, 1.47451983493038295590327491787698332672e+00, 1.1288829503131825e+03, -1.7071494583361516e+02
0.93980000, 1.38142626378795999052527257826012201909e+00, -1.54884468228704278281085349696358711083e+00, 2.38955938208717350326440627490677826465e+00, 2.66891627060725745557380367539767677843e+00, 5.56986985517012718292721997060362774376e+00, 1.47488221525167039082244819083935181860e+00, 1.1298532005862299e+03, -1.6432136305494113e+02
0.93990000, 1.38190197732889209950262933979355433492e+00, -1.54786712218379997322092493285662005870e+00, 2.38803029311704648348846418722580170425e+00, 2.66789382056238318183998410372137355351e+00, 5.56870259095899895430569941246941750019e+00, 1.47524519358914117917078159614444199711e+00, 1.1307796223197682e+03, -1.5790445154446405e+02
0.94000000, 1.38237839199090798258683778399832161746e+00, -1.54688857851361163495745231497973648469e+00, 2.38649920985087597278273118402769706073e+00, 2.66686940973646145084696143361629624527e+00, 5.56753384933483949721346203086158955067e+00, 1.47560876969692486286969736176922039671e+00, 1.1316619180082298e+03, -1.5146444752770903e+02
0.94010000, 1.38285550740939871845626834644270727526e+00, -1.54590904982586444819129719806902615948e+00, 2.38496613189619027518932028521127169265e+00, 2.66584303339258202320224942618566560332e+00, 5.56636362779292440930281819306570991422e+00, 1.47597294331245134352267614979166383488e+00, 1.1324997905043414e+03, -1.4500159113584959e+02
0.94020000, 1.38333332320837924223071758609184033170e+00, -1.54492853463971310896888954332872992082e+00, 2.38343105886540198522432603011880674490e+00, 2.66481468673063372233572313827000208528e+00, 5.56519192379494627863081381076523774361e+00, 1.47633771415668890666503388370797043302e+00, 1.1332929430458748e+03, -1.3851612642701325e+02
0.94030000, 1.38381183900076584186340204611433865445e+00, -1.54394703144381743965256282368604090066e+00, 2.38189399037525345274122534097346296840e+00, 2.66378436488695497598730791360243466280e+00, 5.56401873476864153691500155166121052770e+00, 1.47670308193438622316212019865847469279e+00, 1.1340410792828262e+03, -1.3200830140740216e+02
0.94040000, 1.38429105438865621068150932147819723903e+00, -1.54296453869608369299640195467312222985e+00, 2.38035492604626022416110458821789598927e+00, 2.66275206293399179616674339768946389691e+00, 5.56284405810742077419894566313697949389e+00, 1.47706904633431822531086383913265877616e+00, 1.1347439033050304e+03, -1.2547836805222478e+02
0.94050000, 1.38477096896361194816330764379941447643e+00, -1.54198105482341007592810712656920357848e+00, 2.37881386550215264579889853762892857392e+00, 2.66171777587996318437344961540406516572e+00, 5.56166789117000256651487497767625810241e+00, 1.47743560702953575410247998692096228423e+00, 1.1354011196702141e+03, -1.1892658232643527e+02
0.94060000, 1.38525158230694340073870782329646065643e+00, -1.54099657822143651619799003809961378169e+00, 2.37727080836931581413669721357063626691e+00, 2.66068149866853394402442280189253409922e+00, 5.56049023128005086516002535948832036677e+00, 1.47780276367761887309399931670612473119e+00, 1.1360124334324959e+03, -1.1235320420527674e+02
0.94070000, 1.38573289398999673418143458306180357729e+00, -1.54001110725429869215116378074344005225e+00, 2.37572575427622805688748556784068922606e+00, 2.65964322617849487724331606849531725888e+00, 5.55931107572581599321619301508226365240e+00, 1.47817051592093374341315881614030691550e+00, 1.1365775501713354e+03, -1.0575849769462476e+02
0.94080000, 1.38621490357444312902395818452525264536e+00, -1.53902464025438634298084749782273861809e+00, 2.37417870285289812755768111890502832212e+00, 2.65860295322345033841823770435197498064e+00, 5.55813042175977929194169727918287145406e+00, 1.47853886338689295358508713539125050821e+00, 1.1370961760209399e+03, -9.9142730851127342e+01
0.94090000, 1.38669761061256999037033352757132299804e+00, -1.53803717552210587393202534779172138423e+00, 2.37262965373030129495690148460097297169e+00, 2.65756067455151311224304476970757580977e+00, 5.55694826659830145665414892369695017837e+00, 1.47890780568821919711999770203723712001e+00, 1.1375680177001314e+03, -9.2506175802137734e+01
0.94100000, 1.38718101464757406350627835954883608301e+00, -1.53704871132564726804797606530805626420e+00, 2.37107860653981450772101907487646986991e+00, 2.65651638484500657932062763504103732276e+00, 5.55576460742127459870393675000090456803e+00, 1.47927734242321219013854604867965445817e+00, 1.1379927825426808e+03, -8.5849108765436323e+01
0.94110000, 1.38766511521385634680929694236930643910e+00, -1.53605924590075531318987773685984379614e+00, 2.36952556091265081241234804809716299536e+00, 2.65547007872017412783036369570886970403e+00, 5.55457944137177806711495228313987540389e+00, 1.47964747317601872073529020086414900831e+00, 1.1383701785281139e+03, -7.9171810068737778e+01
0.94120000, 1.38814991183731869364344142774339347073e+00, -1.53506877745050515021419593472440272656e+00, 2.36797051647929320214146932858102392647e+00, 2.65442175072689576524893899478255676820e+00, 5.55339276555573806044350924078709109095e+00, 1.48001819751690572129039431384082814127e+00, 1.1386999143129946e+03, -7.2474564168979732e+01
0.94130000, 1.38863540403566199518234259771646710711e+00, -1.53407730414508214536623337770998183516e+00, 2.36641347286892807092154439880431505345e+00, 2.65337139534841187966734692868103193821e+00, 5.55220457704159105638138538152966185675e+00, 1.48038951500253625453482107842000585144e+00, 1.1389816992626896e+03, -6.5757659671389137e+01
0.94140000, 1.38912159131868583643930093184281989824e+00, -1.53308482412156608714335209144362554012e+00, 2.36485442970887844712090453690786717647e+00, 2.65231900700105409587020127233548380435e+00, 5.55101487285995108360708502616456963460e+00, 1.48076142517624830385416021528441921556e+00, 1.1392152434836217e+03, -5.9021389348322466e+01
0.94150000, 1.38960847318858951819330138628707140936e+00, -1.53209133548371970510021337181644224541e+00, 2.36329338662403717742622582027265187767e+00, 2.65126458003398316703954706562837267802e+00, 5.54982365000328085737341475915107915696e+00, 1.48113392756833625808024080263442003959e+00, 1.1394002578560140e+03, -5.2266050157875861e+01
0.94160000, 1.39009604914027433798352371230049595417e+00, -1.53109683630178150531309554183930875274e+00, 2.36173034323630023066979235404242850056e+00, 2.65020810872893383871698855086082554701e+00, 5.54863090542556679731186122391203458286e+00, 1.48150702169633498086698845194337655773e+00, 1.1395364540671322e+03, -4.5491943262261316e+01
0.94170000, 1.39058431866164702390092009495455698847e+00, -1.53010132461226291449306120662936598173e+00, 2.36016529916400028871337000767165474534e+00, 2.64914958729996661750791772054329973982e+00, 5.54743663604199794293758904114037978088e+00, 1.48188070706530635467674322782546896433e+00, 1.1396235446450285e+03, -3.8699374045944939e+01
0.94180000, 1.39107328123392421553231443197922128017e+00, -1.52910479841774972204050687375404347673e+00, 2.35859825402134078932129227451918162308e+00, 2.64808900989322637294252584816172189505e+00, 5.54624083872864877935561814629713015538e+00, 1.48225498316812818941449661282287848998e+00, 1.1396612429927932e+03, -3.1888652133543280e+01
0.94190000, 1.39156293633193788710877239934238159104e+00, -1.52810725568670780666842463711421442488e+00, 2.35702920741783058359979734817445623896e+00, 2.64702637058670769692258402672541352576e+00, 5.54504351032216598270131884818773039559e+00, 1.48262984948578538583920149924589845716e+00, 1.1396492634233171e+03, -2.5060091407473677e+01
0.94200000, 1.39205328342444160867416999489025759376e+00, -1.52710869435329313159045634240467709023e+00, 2.35545815895771936813181077052070271618e+00, 2.64596166339002694128302088942723329313e+00, 5.54384464761945909189914874510158397791e+00, 1.48300530548766324405234652866273762322e+00, 1.1395873211945715e+03, -1.8214010025354549e+01
0.94210000, 1.39254432197441754192036681706799346175e+00, -1.52610911231716598967437382997379297470e+00, 2.35388510823943404939965586100973037580e+00, 2.64489488224420085018530210652220114261e+00, 5.54264424737739511039485839422814207095e+00, 1.48338135063184280761317897465898244426e+00, 1.1394751325454080e+03, -1.1350730437151450e+01
0.94220000, 1.39303605143938406823053328210666095492e+00, -1.52510850744330947740375190189240408333e+00, 2.35231005485501619546605875691391114089e+00, 2.64382602102143170033758393753711796917e+00, 5.54144230631249703861046106356512854928e+00, 1.48375798436539813415605110206916791297e+00, 1.1393124147318856e+03, -4.4705794020647336e+00
0.94230000, 1.39352847127170394743030394071500636592e+00, -1.52410687756185217397201849270128173213e+00, 2.35073299838956072717980402450457712343e+00, 2.64275507352489885840648964679742605935e+00, 5.54023882110064633499028120317684544270e+00, 1.48413520612469538378702732546112703364e+00, 1.1390988860641264e+03, 2.4261119948454772e+00
0.94240000, 1.39402158091889290676580216404934161449e+00, -1.52310422046789499935540033522777389715e+00, 2.34915393842065599839003599890901130197e+00, 2.64168203348855666144892073679136063040e+00, 5.53903378837678930065248605026153833166e+00, 1.48451301533569361701273186251318952959e+00, 1.1388342659437070e+03, 9.3390083263012851e+00
0.94250000, 1.39451537982392856070643263245174588634e+00, -1.52210053392134222277608863509382410633e+00, 2.34757287451782541179606793350918843606e+00, 2.64060689457693852275120254411551863186e+00, 5.53782720473464737983571711806943881313e+00, 1.48489141141424719450298493963791236938e+00, 1.1385182749015887e+03, 1.6267769806720386e+01
0.94260000, 1.39500986742555956330685621181537691395e+00, -1.52109581564673659057570865636219160482e+00, 2.34598980624197071413125978687431632757e+00, 2.63952965038496716211857375275473877448e+00, 5.53661906672643136553675604000834971161e+00, 1.48527039376640967160855681661424359394e+00, 1.1381506346365912e+03, 2.3212052276405236e+01
0.94270000, 1.39550504315861489605490017049533745569e+00, -1.52009006333309854017329399565416123855e+00, 2.34440473314481711138368099222650702138e+00, 2.63845029443777085641192026866756800472e+00, 5.53540937086255949697449431382506780520e+00, 1.48564996178873908124479388429432541415e+00, 1.1377310680544130e+03, 3.0171507186012530e+01
0.94280000, 1.39600090645431319537843606369385936418e+00, -1.51908327463376946448276794820175920136e+00, 2.34281765476836034169652711546575760474e+00, 2.63736882019050560298194517379453056970e+00, 5.53419811361137943278966857260113153608e+00, 1.48603011486860449950931810607186618997e+00, 1.1372592993072047e+03, 3.7145781581307580e+01
0.94290000, 1.39649745674057202528256959528586325051e+00, -1.51807544716625898891367048276834416186e+00, 2.34122857064431584047125908089963760658e+00, 2.63628522102818308560473947519433613200e+00, 5.53298529139889408120063814688194792053e+00, 1.48641085238449378922579896674291150244e+00, 1.1367350538336969e+03, 4.4134518088208237e+01
0.94300000, 1.39699469344231700193689701301731037474e+00, -1.51706657851209622087671181588396828293e+00, 2.33963748029357012901983535030638938913e+00, 2.63519949026550432957791726085830813670e+00, 5.53177090060849126568461116675564892719e+00, 1.48679217370632241749422859598635696875e+00, 1.1361580583998891e+03, 5.1137354898123096e+01
0.94310000, 1.39749261598179067842913402091300117080e+00, -1.51605666621668492956377622239509733310e+00, 2.33804438322563455488286511681860148623e+00, 2.63411162114669892979391189257997662540e+00, 5.53055493758067720214278482082814087660e+00, 1.48717407819574324427943577168642052263e+00, 1.1355280411403007e+03, 5.8153925753588797e+01
0.94320000, 1.39799122377886109934413917230212682213e+00, -1.51504570778916261167125823118587995510e+00, 2.33644927893810150865167244311751851999e+00, 2.63302160684536973286737069918440531089e+00, 5.52933739861281376093839357284045486888e+00, 1.48755656520645718008195349945995310144e+00, 1.1348447315997910e+03, 6.5183859934211307e+01
0.94330000, 1.39849051625132993631424120978066600899e+00, -1.51403370070226339668702537486523504345e+00, 2.33485216691610323880776473334405665764e+00, 2.63192944046434285175737504980232920488e+00, 5.52811827995885948467011775959986676706e+00, 1.48793963408452461180697202515896473331e+00, 1.1341078607759490e+03, 7.2226782242916179e+01
0.94340000, 1.39899049281524011721583252962011057839e+00, -1.51302064239218474336572698381719512928e+00, 2.33325304663177338272666567246595280926e+00, 2.63083511503552288879286033368162373959e+00, 5.52689757782911433006107781122021892822e+00, 1.48832328416867749707609577291573253046e+00, 1.1333171611620594e+03, 7.9282312992512835e+01
0.94350000, 1.39949115288518286325639233197264945297e+00, -1.51200653025845787707538940858507405421e+00, 2.33165191754371132858810402885770227871e+00, 2.62973862351975324058139675375858808132e+00, 5.52567528838996809990703181587702036073e+00, 1.48870751479063202841108048514961998486e+00, 1.1324723667906458e+03, 8.6350067992578057e+01
0.94360000, 1.39999249587460404980342933448079060940e+00, -1.51099136166382191581095971498134973049e+00, 2.33004877909644951949472165620893414304e+00, 2.62863995880668135595757046603224809536e+00, 5.52445140776365252863763320190860021002e+00, 1.48909232527540176995673106637997053291e+00, 1.1315732132775965e+03, 9.3429658536663926e+01
0.94370000, 1.40049452119610980845025719172548219655e+00, -1.50997513393410163083831100900110670045e+00, 2.32844363071992380763032326868362917865e+00, 2.62753911371462881590760429549514266152e+00, 5.52322593202799698270283913013206901904e+00, 1.48947771494161117069974344020834137916e+00, 1.1306194378668757e+03, 1.0052069138983556e+02
0.94380000, 1.40099722826177128949100665035567501950e+00, -1.50895784435808878615575596957325653337e+00, 2.32683647182894696278974985688148670570e+00, 2.62643608099046610229148464856361583357e+00, 5.52199885721618773470385826510238337068e+00, 1.48986368310180935947950729824148781250e+00, 1.1296107794758224e+03, 1.0762276877654410e+02
0.94390000, 1.40150061648342850568680914931145135232e+00, -1.50793949018742699923980871296557152946e+00, 2.32522730182268543608919169467681595718e+00, 2.62533085330949192017250333762773422660e+00, 5.52077017931653076794537982071278732966e+00, 1.49025022906278412847376632301308977948e+00, 1.1285469787410424e+03, 1.1473548836884052e+02
0.94400000, 1.40200468527299317994463348133257782322e+00, -1.50692006863650006387819245591785298764e+00, 2.32361612008413947612159846059904920877e+00, 2.62422342327531693665645000018699175654e+00, 5.51953989427221806589414670544332458670e+00, 1.49063735212587601327455997662954964561e+00, 1.1274277780648943e+03, 1.2185844327493591e+02
0.94410000, 1.40250943404275052129780366483382142059e+00, -1.50589957688232367428624211074348106927e+00, 2.32200292597962669126017989057505902227e+00, 2.62311378341975179733825882337210104161e+00, 5.51830799798109733888905880741984960940e+00, 1.49102505158729237914603729465178971430e+00, 1.1262529216625737e+03, 1.2899122202811396e+02
0.94420000, 1.40301486220565985537076532034202494640e+00, -1.50487801206444048815315540618452060919e+00, 2.32038771885826914823715786987746826989e+00, 2.62200192620269927975216758613796069061e+00, 5.51707448629544513836067506115917349044e+00, 1.49141332673842142457352170598615188590e+00, 1.1250221556097983e+03, 1.3613340857600160e+02
0.94430000, 1.40352096917565403732820472150656616362e+00, -1.50385537128481846477219098541895379257e+00, 2.31877049805148409353821418171763984721e+00, 2.62088784401205044162172494450630183378e+00, 5.51583935502174330678390515449029432651e+00, 1.49180217686614601477059541881441537726e+00, 1.1237352278910971e+03, 1.4328458227020370e+02
0.94440000, 1.40402775436793757714817901205197117872e+00, -1.50283165160775241297401519356456213585e+00, 2.31715126287247838055870508537627553911e+00, 2.61977152916358462020751608139424010325e+00, 5.51460259992045870960744763655961113492e+00, 1.49219160125315725940593926602217433556e+00, 1.1223918884487056e+03, 1.5044431785630806e+02
0.94450000, 1.40453521719928340891852453830671439437e+00, -1.50180685005976868220501069587079406099e+00, 2.31553001261574668186885276969759289540e+00, 2.61865297390087313765239862421959567055e+00, 5.51336421670582619347766951297580207699e+00, 1.49258159917826775044218699448500825388e+00, 1.1209918892320705e+03, 1.5761218546426677e+02
0.94460000, 1.40504335708832823773352880396126714649e+00, -1.50078096362953292877246261965587096959e+00, 2.31390674655657356233488024695912795665e+00, 2.61753217039518656592538341486337333583e+00, 5.51212420104563471320358749010809521549e+00, 1.49297216991672437764311346611116057731e+00, 1.1195349842479659e+03, 1.6478775059916041e+02
0.94470000, 1.40555217345586639966175764739569922627e+00, -1.49975398926776088801604923846735057470e+00, 2.31228146395053948524447079248509107712e+00, 2.61640911074540540376499707855552313644e+00, 5.51088254856101656809378379907326134062e+00, 1.49336331274052064100106219235566422573e+00, 1.1180209296112242e+03, 1.7197057413235150e+02
0.94480000, 1.40606166572514217216412390161888047661e+00, -1.49872592388713208195983823444681353702e+00, 2.31065416403303081999097798375192277799e+00, 2.61528378697793401691987314835351604239e+00, 5.50963925482623968653577866169802880883e+00, 1.49375502691870838106162614141605375596e+00, 1.1164494835960825e+03, 1.7916021229303381e+02
0.94490000, 1.40657183332214047426189366688086065622e+00, -1.49769676436220639085081810633156144233e+00, 2.30902484601875391628438969076302030500e+00, 2.61415619104661769197719609088060996969e+00, 5.50839431536850289598382455852503203921e+00, 1.49414731171770884987523546075931491984e+00, 1.1148204066881495e+03, 1.8635621666018429e+02
0.94500000, 1.40708267567587589768550559595081811812e+00, -1.49666650752934341589860875434578833425e+00, 2.30739350910125330628098823321594905349e+00, 2.61302631483266265315714446553271699911e+00, 5.50714772566773411387245234407896746661e+00, 1.49454016640162304708349922842446904397e+00, 1.1131334616369914e+03, 1.9355813415492445e+02
0.94510000, 1.40759419221868001217501083281747286019e+00, -1.49563515018662455949606843054501945343e+00, 2.30576015245243409246070373592022702216e+00, 2.61189415014455889063224200423412278183e+00, 5.50589948115639139338048533173975338770e+00, 1.49493359023254124744993447036210926640e+00, 1.1113884135093426e+03, 2.0076550703329815e+02
0.94520000, 1.40810638238648689004984115030629139043e+00, -1.49460268909377774822166199204255575620e+00, 2.30412477522208857553400611018350495925e+00, 2.61075968871800564820304854061859487101e+00, 5.50464957721926675643367716577659624192e+00, 1.49532758247085164796815190568163505014e+00, 1.1095850297429407e+03, 2.0797787287947304e+02
0.94530000, 1.40861924561911679711772786129543857318e+00, -1.49356912097210472300123860743183442505e+00, 2.30248737653742717313142218052695632295e+00, 2.60962292221583941752435363169376742368e+00, 5.50339800919329274485358956573313687481e+00, 1.49572214237554806452373238570655671658e+00, 1.1077230802009878e+03, 2.1519476459937279e+02
0.94540000, 1.40913278136055799894820600863828850944e+00, -1.49253444250441081993879346641483684901e+00, 2.30084795550261367652091728266780016099e+00, 2.60848384222796428552735258852076830357e+00, 5.50214477236735161913570992148127043852e+00, 1.49611726920453660994702176376010732160e+00, 1.1058023372272419e+03, 2.2241571041474760e+02
0.94550000, 1.40964698905924663349356471633294546163e+00, -1.49149865033493716451231411191857408317e+00, 2.29920651119830488911388269213899426372e+00, 2.60734244027128448122150039603793530203e+00, 5.50088986198208713297095701689647820236e+00, 1.49651296221494128717102075323290798848e+00, 1.1038225757017374e+03, 2.2964023385769056e+02
0.94560000, 1.41016186816834460299770008010007297604e+00, -1.49046174106929520107134493429805317458e+00, 2.29756304268119468706167626335212377680e+00, 2.60619870778963896768310507358002526296e+00, 5.49963327322971881031141605839481713368e+00, 1.49690922066340843309960267241764810358e+00, 1.1017835730971379e+03, 2.3686785376560739e+02
0.94570000, 1.41067741814601544008948464640665059749e+00, -1.48942371127440347886680298200186078607e+00, 2.29591754898356253881384459593757103998e+00, 2.60505263615373792474443204771099466194e+00, 5.49837500125385865052310301705327921361e+00, 1.49730604380640995069463679375306723227e+00, 1.0996851095357224e+03, 2.4409808427664770e+02
0.94580000, 1.41119363845569810491041998305424104182e+00, -1.48838455747842661519015904096190309841e+00, 2.29427002911282651710849708149750133528e+00, 2.60390421666110096768528466422886056422e+00, 5.49711504114933018596544731523334120566e+00, 1.49770343090054526870443946229948875699e+00, 1.0975269678470061e+03, 2.5133043482560545e+02
0.94590000, 1.41171052856637867207495931076485251276e+00, -1.48734427617071635559763104877969730316e+00, 2.29262048205110083349690599817512145368e+00, 2.60275344053599694709679229111816065170e+00, 5.49585338796198981518861009220804123271e+00, 1.49810138120284197037856217494407779303e+00, 1.0953089336259971e+03, 2.5856441014029701e+02
0.94600000, 1.41222808795285986820449047012003264140e+00, -1.48630286380175465064475212684038891264e+00, 2.29096890675475792217028698613967048573e+00, 2.60160029892938517503251911679828155838e+00, 5.49459003668855033384527824714533717581e+00, 1.49849989397105503444353168594837310910e+00, 1.0930307952920900e+03, 2.6579951023842487e+02
0.94610000, 1.41274631609602842271111294883865300336e+00, -1.48526031678309866805676329318863388575e+00, 2.28931530215399509655879877337718662433e+00, 2.60044478291885792258300325228755393824e+00, 5.49332498227640658437269622944493973780e+00, 1.49889896846396463354909293027668402833e+00, 1.0906923441485978e+03, 2.7303523042493573e+02
0.94620000, 1.41326521248312019643362687024717861173e+00, -1.48421663148732765880989441358826158281e+00, 2.28765966715240579891293109217696529130e+00, 2.59928688350858403410440719577076532225e+00, 5.49205821962346314451287254924149885558e+00, 1.49929860394167243733311819949059952318e+00, 1.0882933744429227e+03, 2.8027106128988132e+02
0.94630000, 1.41378477660798305464422129827760901426e+00, -1.48317180424799159519685402280954834162e+00, 2.28600200062655545985737948495651750551e+00, 2.59812659162925350349803133666339836781e+00, 5.49078974357796397380353294274948369948e+00, 1.49969879966589636919401992423046444426e+00, 1.0858336834273665e+03, 2.8750648870679092e+02
0.94640000, 1.41430500797133745284889308728305263046e+00, -1.48212583135956149859583389648449628205e+00, 2.28434230142556198172890226801607942339e+00, 2.59696389813802285817290382566822497706e+00, 5.48951954893832393628884802613968571574e+00, 1.50009955490026376780066240086481903463e+00, 1.0833130714205811e+03, 2.9474099383156432e+02
0.94650000, 1.41482590608103470569638004827822635392e+00, -1.48107870907738137435510100543529742422e+00, 2.28268056837068085637409851884561033953e+00, 2.59579879381846119662637577341784391604e+00, 5.48824763045296211686655729476437647672e+00, 1.50050086891060290630987211111587420142e+00, 1.0807313418696613e+03, 3.0197405310189451e+02
0.94660000, 1.41534747045231291118813322105587520725e+00, -1.48003043361762167094382180060424275754e+00, 2.28101680025489492499203013312617579652e+00, 2.59463126938049672594545780826148932535e+00, 5.48697398282013684790611883502977171435e+00, 1.50090274096523282419919961380425149473e+00, 1.0780883014128773e+03, 3.0920513823722916e+02
0.94670000, 1.41586970060805050424440824731269028203e+00, -1.47898100115723418030313843165311247791e+00, 2.27935099584250878456154303539878803676e+00, 2.59346131546036364596234778951845551891e+00, 5.48569860068778236204017062583227189170e+00, 1.50130517033525142855613231956846813515e+00, 1.0753837599430504e+03, 3.1643371623928048e+02
0.94680000, 1.41639259607901741552779713144276045773e+00, -1.47793040783390829615866494537790903883e+00, 2.27768315386874784239534401171181184482e+00, 2.59228892262054922728901628616325560615e+00, 5.48442147865334698634809244879583584599e+00, 1.50170815629482182359308283920723620106e+00, 1.0726175306715698e+03, 3.2365924939309292e+02
0.94690000, 1.41691615640412381325436733207008177018e+00, -1.47687864974602854692544180754691196366e+00, 2.27601327303936201741359668256416592264e+00, 2.59111408134974093100561691806733446007e+00, 5.48314261126363279251496892744355282156e+00, 1.50211169812145682907881082127270915307e+00, 1.0697894301930521e+03, 3.3088119526867850e+02
0.94700000, 1.41744038113066640753298992819056952949e+00, -1.47582572295263331974790584401344663373e+00, 2.27434135203023408383016472553811936716e+00, 2.58993678206277341838364083465214747734e+00, 5.48186199301463661696090185729938524441e+00, 1.50251579509630165029014941217730505733e+00, 1.0668992785506429e+03, 3.3809900672322970e+02
0.94710000, 1.41796526981457229856443387370622529080e+00, -1.47477162347337469216950692896715878014e+00, 2.27266738948699265009572085372165729550e+00, 2.58875701510057529968489691958411942882e+00, 5.48057961835139236439349956513160948963e+00, 1.50292044650441466399171669588523083214e+00, 1.0639468993019596e+03, 3.4531213190392010e+02
0.94720000, 1.41849082202064035180243693568113731772e+00, -1.47371634728847928791812177050593211961e+00, 2.27099138402462976314474184654292542968e+00, 2.58757477073011547178932358900801415018e+00, 5.47929548166781450773954829192813934920e+00, 1.50332565163504628684445801311324559072e+00, 1.0609321195856771e+03, 3.5252001425130279e+02
0.94730000, 1.41901703732278008492834006795948398325e+00, -1.47265989033871007332325238145790247398e+00, 2.26931333422712312524882705669734927211e+00, 2.58639003914434889516607237794317547941e+00, 5.47800957730654269695938315421004487778e+00, 1.50373140978191589452519188696890777668e+00, 1.0578547701887536e+03, 3.5972209250331728e+02
0.94740000, 1.41954391530424805321814122219079171651e+00, -1.47160224852532901094801161109791857693e+00, 2.26763323864706290808763369988986962294e+00, 2.58520281046216166151099500567106929939e+00, 5.47672189955878738883833550912174414690e+00, 1.50413772024348676170767028499447350503e+00, 1.0547146856142981e+03, 3.6691780069991530e+02
0.94750000, 1.42007145555788172158518348930007283801e+00, -1.47054341771006048712193745353078553322e+00, 2.26595109580528314601176097765592459563e+00, 2.58401307472831520422736312897120626479e+00, 5.47543244266417640948282660525192583466e+00, 1.50454458232323899490990814370618931287e+00, 1.0515117041500779e+03, 3.7410656818831645e+02
0.94760000, 1.42059965768633081326238327862171844197e+00, -1.46948339371505543019857813158296444018e+00, 2.26426690419049768788980276648360793925e+00, 2.58282082191338950482310671975261971614e+00, 5.47414120081060236092316884511605761811e+00, 1.50495199532994043205162773759097317557e+00, 1.0482456679376650e+03, 3.8128781962890456e+02
0.94770000, 1.42112852130228612674421464759128525487e+00, -1.46842217232285603653337863970173636684e+00, 2.26258066225894068440511464736183986267e+00, 2.58162604191372514923483297426546041093e+00, 5.47284816813407078293986977725925596293e+00, 1.50535995857791548438858615931304960082e+00, 1.0449164230422215e+03, 3.8846097500177588e+02
0.94780000, 1.42165804602870581423992853899524278419e+00, -1.46735974927636102138149668059266737541e+00, 2.26089236843401158519711964283598821266e+00, 2.58042872455136408906415216956512013739e+00, 5.47155333871854898098413519759483548123e+00, 1.50576847138731189829633974693519199057e+00, 1.0415238195229223e+03, 3.9562544961395067e+02
0.94790000, 1.42218823149903911649507772984988803617e+00, -1.46629612027879131215059621434114595199e+00, 2.25920202110592461782764864504970153077e+00, 2.57922885957398896372317080658299721875e+00, 5.47025670659581543085524452363758934367e+00, 1.50617753308436541616372380571795102851e+00, 1.0380677115040144e+03, 4.0278065410725931e+02
0.94800000, 1.42271907735744755041776091587129388099e+00, -1.46523128099365610170922047315713258177e+00, 2.25750961863136271819524446915186480876e+00, 2.57802643665486084053121040238232031922e+00, 5.46895826574530967062641663176694034868e+00, 1.50658714300166231742511054074454632871e+00, 1.0345479572465104e+03, 4.0992599446691499e+02
0.94810000, 1.42325058325902354749855716258160817207e+00, -1.46416522704471917974584095284855801700e+00, 2.25581515933313587971985052075117056644e+00, 2.57682144539275523088168303592617569652e+00, 5.46765801009398259017557670395579609213e+00, 1.50699730047839982250951870317564246228e+00, 1.0309644192205166e+03, 4.1706087203078462e+02
0.94820000, 1.42378274887000654253840240066210016273e+00, -1.46309795401596546049592105962860224522e+00, 2.25411864149984388637708511959872430934e+00, 2.57561387531189624170443079580832235341e+00, 5.46635593351614702857694143347146406158e+00, 1.50740800486064434421309559684669327932e+00, 1.0273169641781924e+03, 4.2418468349937011e+02
0.94830000, 1.42431557386799651369621236972011016169e+00, -1.46202945745156762550312947578792116245e+00, 2.25242006338554339247553231219826054900e+00, 2.57440371586188872258256410621916077089e+00, 5.46505202983332858954241795808102717107e+00, 1.50781925550158757270863058644474976537e+00, 1.0236054632273402e+03, 4.3129682094651229e+02
0.94840000, 1.42484905794216497633747255982869746705e+00, -1.46095973285585280045499720028321548958e+00, 2.25071942320941930994225586997892987916e+00, 2.57319095641764827004178373268079353348e+00, 5.46374629281411658506730912735040023137e+00, 1.50823105176180038209088776199919592356e+00, 1.0198297919056235e+03, 4.3839667183082976e+02
0.94850000, 1.42538320079346343460592717299577731946e+00, -1.45988877569326918553164480368467602181e+00, 2.24901671915546046181109783528675624275e+00, 2.57197558627932895171223677539959812507e+00, 5.46243871617401501743157494391075705847e+00, 1.50864339300948454801900606033491690914e+00, 1.0159898302554116e+03, 4.4548361900790546e+02
0.94860000, 1.42591800213482929605257784355306710787e+00, -1.45881658138835255912752804832799941564e+00, 2.24731194937213945859522739047255750182e+00, 2.57075759467224861426605693926085882392e+00, 5.46112929357529350973475229197183018139e+00, 1.50905627862072226765639300229734700074e+00, 1.0120854628992486e+03, 4.5255704074323362e+02
0.94870000, 1.42645346169138925603915994589489617817e+00, -1.45774314532569257524928136518018436104e+00, 2.24560511197209675226977100237019330150e+00, 2.56953697074681164025581927326892929561e+00, 5.45981801862683809519841314429364036178e+00, 1.50946970797972347472386079642231019563e+00, 1.0081165791159438e+03, 4.5961631072594016e+02
0.94880000, 1.42698957920066015998684929557736802810e+00, -1.45666846284989877535650697361418642835e+00, 2.24389620503182882069203369995220172469e+00, 2.56831370357842902021817294815713225917e+00, 5.45850488488400177555357321028499326065e+00, 1.50988368047907094407269028016206629136e+00, 1.0040830729172824e+03, 4.6666079808328966e+02
0.94890000, 1.42752635441274735286495196551237756364e+00, -1.45559252926556623589559753563595492697e+00, 2.24218522659138043344561078571085391740e+00, 2.56708778216743560766090549316485815197e+00, 5.45718988584845475894057482497921405644e+00, 1.51029819551996318175036967803129980351e+00, 9.9998484312535173e+02, 4.7368986739599229e+02
0.94900000, 1.42806378709054052660856850001558502571e+00, -1.45451533983724077327823569786340733480e+00, 2.24047217465404094831033182622529328717e+00, 2.56585919543900442581867195940437703388e+00, 5.45587301496803428788448594776664777284e+00, 1.51071325251245509807249272839939715422e+00, 9.9582179345048290e+02, 4.8070287871432423e+02
0.94910000, 1.42860187700990707741856048042097540203e+00, -1.45343688978938362857493793366856880615e+00, 2.23875704718604458583216465865457944504e+00, 2.56462793224305789634065831534485014617e+00, 5.45455426563659396806880866501712045092e+00, 1.51112885087569646272930557747542147002e+00, 9.9159383256980242e+02, 4.8769918757507538e+02
0.94920000, 1.42914062395988298613147647930342797515e+00, -1.45235717430633555472876664559330499519e+00, 2.23703984211627462779557624199608277306e+00, 2.56339398135417586136063856166364739871e+00, 5.45323363119385250881310506881355731982e+00, 1.51154499003816814244429438853232241813e+00, 9.8730087420639235e+02, 4.9467814501933818e+02
0.94930000, 1.42968002774286123605134413903758257848e+00, -1.45127618853228022964399897022220679002e+00, 2.23532055733597148378499087449392499087e+00, 2.56215733147150027169436206906860407169e+00, 5.45191110492524178636485875053725773366e+00, 1.51196166943791612316467476584737367932e+00, 9.8294283720905485e+02, 5.0163909761115172e+02
0.94940000, 1.43022008817477778380936657535943381319e+00, -1.45019392757120691906800099824386006898e+00, 2.23359919069844456846144947181674348835e+00, 2.56091797121863641520913881998253004693e+00, 5.45058668006175414134133389476321961253e+00, 1.51237888852278332019938644141154473557e+00, 9.7851964563267809e+02, 5.0858138745701554e+02
0.94950000, 1.43076080508529509996156767084193654671e+00, -1.44911038648687231376071324750373761010e+00, 2.23187574001878793067485654800423559635e+00, 2.55967588914355056071407854423248483819e+00, 5.44926034977978882190221420194327099085e+00, 1.51279664675063918112895570849768470187e+00, 9.7403122881919959e+02, 5.1550435222628743e+02
0.94960000, 1.43130217831798329714833622525322332237e+00, -1.44802556030276146603392223842602944983e+00, 2.23015020307359957408076189589016252110e+00, 2.55843107371846389402492452028854614244e+00, 5.44793210720099748449725036711733764660e+00, 1.51321494358960708769314337079824104335e+00, 9.6947752147916343e+02, 5.2240732517248003e+02
0.94970000, 1.43184420773049886472367752800891067850e+00, -1.44693944400204775134080362203240311323e+00, 2.22842257760070440753287861600349095925e+00, 2.55718351333974262416308041779014600338e+00, 5.44660194539212866431387496907356803859e+00, 1.51363377851828956421646229556785317496e+00, 9.6485846377386719e+02, 5.2928963515547118e+02
0.94980000, 1.43238689319476102981587589816940896018e+00, -1.44585203252755178120401953086218469272e+00, 2.22669286129888076217786614540609440549e+00, 2.55593319632778413895257290528283392949e+00, 5.44526985736487112784662328681389706481e+00, 1.51405315102599130145827516169772032401e+00, 9.6017400139809446e+02, 5.3615060666464292e+02
0.94990000, 1.43293023459712576580531431559743236891e+00, -1.44476332078169919438689762809906588901e+00, 2.22496105182759041088664739578328495413e+00, 2.55468011092689909057967581197195058819e+00, 5.44393583607569602032210307107333661177e+00, 1.51447306061294000607315230682256651642e+00, 9.5542408566342863e+02, 5.4298955984296453e+02
0.95000000, 1.43347423183855747019952568869818575126e+00, -1.44367330362647725383588918310316777394e+00, 2.22322714680671202441598905404965846119e+00, 2.55342424530518929297613384197674708730e+00, 5.44259987442569772103907120133815694126e+00, 1.51489350679050508713839691421070288932e+00, 9.5060867358214334e+02, 5.4980581051203510e+02
0.95010000, 1.43401888483479833485032884360130316447e+00, -1.44258197588339017755259287785261135378e+00, 2.22149114381627799750452633762695341987e+00, 2.55216558755442131417679440648757905027e+00, 5.44126196526043332002179700257716885257e+00, 1.51531448908141419244907703021889215538e+00, 9.4572772795166485e+02, 5.5659867019810106e+02
0.95020000, 1.43456419351653543239332027798773743991e+00, -1.44148933233341313218915190648382337229e+00, 2.21975304039621457696809944771758499597e+00, 2.55090412568989564808445331645175117068e+00, 5.43992210136976062973522906414797589265e+00, 1.51573600701996760849651871539749242807e+00, 9.4078121743960139e+02, 5.6336744615906481e+02
0.95030000, 1.43511015782956554369626342982196778870e+00, -1.44039536771694481880081413503838441031e+00, 2.21801283404608522276940045876378009151e+00, 2.54963984765031135134735134541704895124e+00, 5.43858027548767464597145539482757045155e+00, 1.51615806015225053923401948826097905883e+00, 9.3576911666933435e+02, 5.7011144141250022e+02
0.95040000, 1.43565677773495775198027703039252166039e+00, -1.43930007673375858083293679634710213942e+00, 2.21627052222483713199569044527181204056e+00, 2.54837274129762603231657085246918370023e+00, 5.43723648029214237238748941157504771689e+00, 1.51658064803634327989357250109097733971e+00, 9.3069140630616588e+02, 5.7682995476469137e+02
0.95050000, 1.43620405320921383012643144959338471665e+00, -1.43820345404295196506578519062531537816e+00, 2.21452610235055085468489524592294919099e+00, 2.54710279441691108030016096815976946251e+00, 5.43589070840493592355347398364634886544e+00, 1.51700377024252930324971393447141592475e+00, 9.2554807314401750e+02, 5.8352228084071085e+02
0.95060000, 1.43675198424442644850069626765508433563e+00, -1.43710549426289466688820485794220873558e+00, 2.21277957180019292949385802993144312911e+00, 2.54582999471620202456679189538019623308e+00, 5.43454295239146382175693410955441216582e+00, 1.51742742635350127683131027530830058663e+00, 9.2033911019267363e+02, 5.9018771011555434e+02
0.95070000, 1.43730057084843523142244317624157402379e+00, -1.43600619197117479191974358116517841862e+00, 2.21103092790937146630202874293923028119e+00, 2.54455432982634391377276857695278123851e+00, 5.43319320476060040320170204677573286239e+00, 1.51785161596456503065930589500100388781e+00, 9.1506451676556439e+02, 5.9682552894634807e+02
0.95080000, 1.43784981304498069116621439867796137309e+00, -1.43490554170454336664918766722854654117e+00, 2.20928016797209460198849455461720942419e+00, 2.54327578730083160769102542649341479103e+00, 5.43184145796451324963857823731697250597e+00, 1.51827633868384149613829725139508747370e+00, 9.0972429856808117e+02, 6.0343501960564635e+02
0.95090000, 1.43839971087385606912355496616074596147e+00, -1.43380353795885703140490012376173724703e+00, 2.20752728924053175480907221578191731127e+00, 2.54199435461564487430802009454065150587e+00, 5.43048770439848856186768412403587210918e+00, 1.51870159413246663775245488002010291526e+00, 9.0431846778641860e+02, 6.1001546031583620e+02
0.95100000, 1.43895026439105711446173145977858259301e+00, -1.43270017518901884961797020662116539892e+00, 2.20577228892477760203224557264719884430e+00, 2.54071001916907818652302718311727340679e+00, 5.42913193640075439195883180647866617993e+00, 1.51912738194478940021196815953452019292e+00, 8.9884704317693627e+02, 6.1656612528466643e+02
0.95110000, 1.43950147366892983129949058630661113413e+00, -1.43159544780891716798218780458361203910e+00, 2.20401516419261870476707594309785994515e+00, 2.53942276828156511383302271948338276625e+00, 5.42777414625230165144511957180688780730e+00, 1.51955370176856769466505300765973219874e+00, 8.9331005015603318e+02, 6.2308628474191887e+02
0.95120000, 1.44005333879631622607703393587889184930e+00, -1.43048935019136246275444559931609388654e+00, 2.20225591216930270323186145378196142358e+00, 2.53813258919549720551400545709986985485e+00, 5.42641432617670281315541733620379025603e+00, 1.51998055326516244853287296856656895867e+00, 8.8770752089052781e+02, 6.2957520497723928e+02
0.95130000, 1.44060585987869808742850068502152774494e+00, -1.42938187666802210807457018581563801673e+00, 2.20049452993731000506828230891802112604e+00, 2.53683946907503726291511781451838580548e+00, 5.42505246833992822476250442741797631689e+00, 1.52040793610972974444073386178527378445e+00, 8.8203949438853637e+02, 6.3603214837914602e+02
0.95140000, 1.44115903703833883147087166327353672965e+00, -1.42827302152935300281403360682339502855e+00, 2.19873101453612788870103900198827368945e+00, 2.53554339500592689956424090467924754319e+00, 5.42368856485015995253445343014252182879e+00, 1.52083584999141107460889512853541739774e+00, 8.7630601659084150e+02, 6.4245637347523448e+02
0.95150000, 1.44171287041442344600376262180064810173e+00, -1.42716277902453199308776221792238911297e+00, 2.19696536296202694317655591334429627175e+00, 2.53424435399528828884181487241507361904e+00, 5.42232260775760307418652469982704053934e+00, 1.52126429461352173793058976872570989872e+00, 8.7050714046274359e+02, 6.4884713497359565e+02
0.95160000, 1.44226736016319656767050012432135354001e+00, -1.42605114336138402818162350527962627360e+00, 2.19519757216783976538516066029712961108e+00, 2.53294233297142000001248416508214650051e+00, 5.42095458905429434013847066445826539298e+00, 1.52169326969373740780366964035411007041e+00, 8.6464292608638640e+02, 6.5520368380546725e+02
0.95170000, 1.44282250645809872666261965708746966527e+00, -1.42493810870630798825943626310831127222e+00, 2.19342763906274183507822925940492693963e+00, 2.53163731878358682441082966729068308394e+00, 5.41958450067390812288688866396758957728e+00, 1.52212277496427889959602114125355135137e+00, 8.5871344075354862e+02, 6.6152526716913610e+02
0.95180000, 1.44337830948990079405795197962300730523e+00, -1.42382366918420012281683792109171829390e+00, 2.19165556051203448763407133759443087994e+00, 2.53032929820180349455700324111085844347e+00, 5.41821233449155957460326483384526502100e+00, 1.52255281017209516741387121580425322336e+00, 8.5271875905889254e+02, 6.6781112857511057e+02
0.95190000, 1.44393476946683666736723949060478655936e+00, -1.42270781887837503944439685521869027332e+00, 2.18988133333692990410277565550870283983e+00, 2.52901825791661219992963705762320186910e+00, 5.41683808232360491346479600158224668181e+00, 1.52298337507904456060668373809382164952e+00, 8.4665896299366086e+02, 6.7406050789258217e+02
0.95200000, 1.44449188661473423032622719148869710786e+00, -1.42159055183048418304833866287944529960e+00, 2.18810495431433803766979727342963603686e+00, 2.52770418453885380404610598292231933560e+00, 5.41546173592743875961615588983977720297e+00, 1.52341446946207437118290450223511058732e+00, 8.4053414203981231e+02, 6.8027264139719542e+02
0.95210000, 1.44504966117714462340988831424559962454e+00, -1.42047186204043174625354427540739962757e+00, 2.18632642017665539531969394115794738226e+00, 2.52638706459943266839325517462899574792e+00, 5.41408328700128844204529782872708181531e+00, 1.52384609311339870402773573759244546150e+00, 8.3434439326458648e+02, 6.8644676182014548e+02
0.95220000, 1.44560809341546986196336561500094808131e+00, -1.41935174346628795227947404757935143602e+00, 2.18454572761155559315405891161993676587e+00, 2.52506688454907498961427840898819116686e+00, 5.41270272718400519803438790618224024878e+00, 1.52427824584067470250780744905098850576e+00, 8.2808982141548797e+02, 6.9258209839862301e+02
0.95230000, 1.44616718360908883924083493944208394723e+00, -1.41823019002419965213479399136810614276e+00, 2.18276287326178160352029762898487537216e+00, 2.52374363075808055718878868436883295881e+00, 5.41132004805485218721728670541406822030e+00, 1.52471092746717716271847411130457645694e+00, 8.2177053901567967e+02, 6.9867787692762612e+02
0.95240000, 1.44672693205548175201933290211512088679e+00, -1.41710719558829817852016500601107294745e+00, 2.18097785372493961183940397242352483187e+00, 2.52241728951606783964253549986566433222e+00, 5.40993524113328924263690850577103447040e+00, 1.52514413783197157027792366686163192973e+00, 8.1538666645977456e+02, 7.0473331981315917e+02
0.95250000, 1.44728733907035298681014542730570517922e+00, -1.41598275399060439936035843212567966818e+00, 2.17919066555329440078025633087291379531e+00, 2.52108784703171230808999724601770954360e+00, 5.40854829787875428154856528423383453284e+00, 1.52557787679008559419877417831385297196e+00, 8.0893833211001541e+02, 7.1074764612683873e+02
0.95260000, 1.44784840498775250502614293323077501888e+00, -1.41485685902093091440605460851938258040e+00, 2.17740130525356617921412507836218218917e+00, 2.51975528943247790664654611796685653181e+00, 5.40715920969044129905834733531708940262e+00, 1.52601214421267907297279436414952877559e+00, 8.0242567239283099e+02, 7.1672007166192672e+02
0.95270000, 1.44841013016019576577998935494809377063e+00, -1.41372950442678133885185606619459452861e+00, 2.17560976928672877319501417237552905897e+00, 2.51841960276434157994640919108468839094e+00, 5.40576796790707486801801799924986010339e+00, 1.52644693998721252858826909669625869487e+00, 7.9584883189575742e+02, 7.2264980899081146e+02
0.95280000, 1.44897251495878222528596742963561331671e+00, -1.41260068391324661840971160863126414533e+00, 2.17381605406780909604810741996602923974e+00, 2.51708077299151076866762284282619469771e+00, 5.40437456380668106891913871169513437019e+00, 1.52688226401761424476279955259991895019e+00, 7.8920796346471297e+02, 7.2853606752395693e+02
0.95290000, 1.44953555977331245211777574277032770820e+00, -1.41147039114289832075562684232901063017e+00, 2.17202015596568781450891569769879858630e+00, 2.51573878599613378459501550606483422667e+00, 5.40297898860635477383854069220463702133e+00, 1.52731811622444594621744749552238974874e+00, 7.8250322830161383e+02, 7.3437805357034127e+02
0.95300000, 1.45009926501240389783659001961139198176e+00, -1.41033861973567884873177241578553667333e+00, 2.17022207130290112773869150723343767306e+00, 2.51439362757800297734639876523222657719e+00, 5.40158123346202320878418563282876775856e+00, 1.52775449654506711634157851868023432309e+00, 7.7573479606231871e+02, 7.4017497039940539e+02
0.95310000, 1.45066363110360536274846959678888562184e+00, -1.40920536326878852113545125144251179457e+00, 2.16842179635544357594626402463005987112e+00, 2.51304528345425060544506717267261541298e+00, 5.40018128946820571907429026486611422519e+00, 1.52819140493379799110201069204854354326e+00, 7.6890284495488907e+02, 7.4592601830453267e+02
0.95320000, 1.45122865849351019677835844490934416096e+00, -1.40807061527656946736042426473271068249e+00, 2.16661932735257179527163014076488714134e+00, 2.51169373925903732494289524846125081890e+00, 5.39877914765776966265272489855579864348e+00, 1.52862884136208126753561936861445778981e+00, 7.6200756183815208e+02, 7.5163039466808129e+02
0.95330000, 1.45179434764786827566000752383409740928e+00, -1.40693436925038628257440981963656893527e+00, 2.16481466047660913553140095720139924313e+00, 2.51033898054323320928229168369518175143e+00, 5.39737479900168235649954557762272888607e+00, 1.52906680581864256563187744482350005328e+00, 7.5504914232055238e+02, 7.5728729402799038e+02
0.95340000, 1.45236069905169679283766061580902169317e+00, -1.40579661863850339051876994764071139252e+00, 2.16300779186275105738954263020395681577e+00, 2.50898099277409121453156401753661252197e+00, 5.39596823440875900153651009006973115069e+00, 1.52950529830964968286141922038589050395e+00, 7.4802779085927891e+02, 7.6289590814598168e+02
0.95350000, 1.45292771320938990765682760804857438872e+00, -1.40465735684595906140209534065503459225e+00, 2.16119871759887122549776749684237763923e+00, 2.50761976133491300453642179021331144049e+00, 5.39455944472540651165300121715763036719e+00, 1.52994431885887068103910522297476094015e+00, 7.4094372085965233e+02, 7.6845542607737852e+02
0.95360000, 1.45349539064482729058844509165635261045e+00, -1.40351657723443603272823479438371414986e+00, 2.15938743372532821414743705188620124102e+00, 2.50625527152470705089998283093577976452e+00, 5.39314842073536317268739219946799316438e+00, 1.53038386750783084562573846224248595010e+00, 7.3379715477475831e+02, 7.7396503424256389e+02
0.95370000, 1.45406373190148160638372039440578068227e+00, -1.40237427312212868125093047196163482455e+00, 2.15757393623477274198795285645315569331e+00, 2.50488750855783892303434610551725430978e+00, 5.39173515315943405739200944076973710947e+00, 1.53082394431596855797204599472890597406e+00, 7.2658832420531148e+02, 7.7942391650009980e+02
0.95380000, 1.45463273754252497619649634333367910529e+00, -1.40123043778360669458127886232184272414e+00, 2.15575822107195535239436487505099079880e+00, 2.50351645756367368381817443235124355186e+00, 5.39031963265522212258595965243183982080e+00, 1.53126454936079012139230229259148698207e+00, 7.1931746999973456e+02, 7.8483125422153003e+02
0.95390000, 1.45520240815093445983658264341048636583e+00, -1.40008506444967519129041241014068988640e+00, 2.15394028413353445610835922766087387578e+00, 2.50214210358621030664642829337814284420e+00, 5.38890184981685491485868998735219974923e+00, 1.53170568273802358232354355174107383088e+00, 7.1198484235443664e+02, 7.9018622636788864e+02
0.95400000, 1.45577274432959659943169580236103900665e+00, -1.39893814630723123864777484114367652973e+00, 2.15212012126788465283094959253495089521e+00, 2.50076443158370802987006182396919431227e+00, 5.38748179517470681132775018625708555268e+00, 1.53214734456177158818021709214594187436e+00, 7.0459070091427410e+02, 7.9548800956793681e+02
0.95410000, 1.45634374670141106587795029382218292980e+00, -1.39778967649911671741484265845664415038e+00, 2.15029772827490524851115003695440320578e+00, 2.49938342642830456479480383930121753692e+00, 5.38605945919511672207634786409500556280e+00, 1.53258953496466332385384080912325553384e+00, 6.9713531487317753e+02, 8.0073577819815048e+02
0.95420000, 1.45691541590939344954976330458234740771e+00, -1.39663964812396748337483626548043325450e+00, 2.14847310090582888515172457200641881587e+00, 2.49799907290562607353878557780220306294e+00, 5.38463483228010118099946643420052504343e+00, 1.53303225409800556913332829965693067001e+00, 6.8961896307492720e+02, 8.0592870446448183e+02
0.95430000, 1.45748775261677723682008474245543391329e+00, -1.39548805423605877552058800925294548741e+00, 2.14664623486303020003987432968197803024e+00, 2.49661135571438883313844209009688969142e+00, 5.38320790476706275187109614987011307420e+00, 1.53347550213193291963458014284525025385e+00, 6.8204193411405940e+02, 8.1106595848591715e+02
0.95440000, 1.45806075750711501401155031098825002869e+00, -1.39433488784514682104502321649653723073e+00, 2.14481712579983443140653271321516676273e+00, 2.49522025946599250234051858208402700683e+00, 5.38177866692849367650906997068314783631e+00, 1.53391927925555721412826507347938883147e+00, 6.7440452643688546e+02, 8.1614670837985452e+02
0.95450000, 1.45863443128437894045898158465620407915e+00, -1.39318014191630658748140638381751340272e+00, 2.14298576932032588762189981127683327790e+00, 2.49382576868410490752488166622513034514e+00, 5.38034710897167469195766592129163862214e+00, 1.53436358567711621144293019492973120747e+00, 6.6670704844260477e+02, 8.2117012034932412e+02
0.95460000, 1.45920877467306053241412217948679184967e+00, -1.39202380936976563252336028345716679526e+00, 2.14115216097915619714607947947494306685e+00, 2.49242786780423826416790504188410085390e+00, 5.37891322103836894363111520340933008674e+00, 1.53480842162412156039719986401521103773e+00, 6.5894981858449266e+02, 8.2613535877207475e+02
0.95470000, 1.45978378841826979956509795961629464478e+00, -1.39086588308073400221744242132064769616e+00, 2.13931629628135225657131766515807358614e+00, 2.49102654117331675017921689570588463271e+00, 5.37747699320451092136302941369464700625e+00, 1.53525378734350610648036024888433583048e+00, 6.5113316547114356e+02, 8.3104158629154974e+02
0.95480000, 1.46035947328583377597631180970953745752e+00, -1.38970635587923012836353150045224891677e+00, 2.13747817068212379421552299426476716107e+00, 2.48962177304923534732531930308284036736e+00, 5.37603841547989034528712919177433438471e+00, 1.53569968310177057925559118352556453879e+00, 6.4325742796774920e+02, 8.3588796390977590e+02
0.95490000, 1.46093583006239448727981511677161356135e+00, -1.38854522054990267608021520287010550601e+00, 2.13563777958667046685463698302145076794e+00, 2.48821354760040986679178398722426708593e+00, 5.37459747780783092843312791153487887132e+00, 1.53614610918512970470500747912571654195e+00, 6.3532295529739142e+02, 8.4067365108218918e+02
0.95500000, 1.46151285955550639596711907183626870870e+00, -1.38738246983184829259356657985687211559e+00, 2.13379511834998840731318060514189927598e+00, 2.48680184890531807473116778875662028337e+00, 5.37315417006486394285781366815399179572e+00, 1.53659306589965778697101498571870036805e+00, 6.2733010714232820e+02, 8.4539780581442062e+02
0.95510000, 1.46209056259373336664139444460929374262e+00, -1.38621809641842520838794401740672391028e+00, 2.13195018227667614076711799634969106014e+00, 2.48538666095203183339625604974181519279e+00, 5.37170848206039651604490496595616021306e+00, 1.53704055357143380417477688587655951755e+00, 6.1927925374525153e+02, 8.5005958476106666e+02
0.95520000, 1.46266894002674519309452857768266017847e+00, -1.38505209295706264191655054605092583588e+00, 2.13010296662073978775024103058369521219e+00, 2.48396796763774017316751998849548059856e+00, 5.37026040353637458419776200123577612917e+00, 1.53748857254668606321032495018665979780e+00, 6.1117077601049468e+02, 8.5465814332646757e+02
0.95530000, 1.46324799272541372907202759494920776818e+00, -1.38388445204906595910725020153441758674e+00, 2.12825346658539747199379713083357308593e+00, 2.48254575276826321044955757891885927522e+00, 5.36880992416694042891615527086841107496e+00, 1.53793712319193645862253812987274825749e+00, 6.0300506560516625e+02, 8.5919263576751819e+02
0.95540000, 1.46382772158190866458172934315963360691e+00, -1.38271516624941753891537634515201354233e+00, 2.12640167732288285136827628905847853757e+00, 2.48112000005755682603357352065311114592e+00, 5.36735703355808472359167214590353266176e+00, 1.53838620589414438087934338024385067635e+00, 5.9478252506018772e+02, 8.6366221529853499e+02
0.95550000, 1.46440812750979298959018193078366050650e+00, -1.38154422806657329616979911284594407095e+00, 2.12454759393424769033537365698542090310e+00, 2.47969069312720801810144335067582432302e+00, 5.36590172124729301567563198900765994365e+00, 1.53883582106085031954356443199169937475e+00, 5.8650356787121064e+02, 8.6806603419820376e+02
0.95560000, 1.46498921144411818693379178038676234375e+00, -1.38037162996225481293117147876325177687e+00, 2.12269121146916339245639544468324126624e+00, 2.47825781550592084358140321264598206199e+00, 5.36444397670318657076823908142704317054e+00, 1.53928596912031920703834358117023213935e+00, 5.7816861859938895e+02, 8.7240324391863226e+02
0.95570000, 1.46557097434151919625089602896905767730e+00, -1.37919736435123702953187554089368609402e+00, 2.12083252492572141164003477043831219747e+00, 2.47682135062899286105571590582560594925e+00, 5.36298378932515750424779305018446356760e+00, 1.53973665052168354888247632312046867079e+00, 5.6977811297198157e+02, 8.7667299519653203e+02
0.95580000, 1.46615341718030919071620327323585178221e+00, -1.37802142360113144639557661100565447989e+00, 2.11897152925023246094677931278804317189e+00, 2.47538128183778198786659243213198268525e+00, 5.36152114844299812590376643373255806396e+00, 1.54018786573508638644881219216508381734e+00, 5.6133249798275950e+02, 8.8087443816655405e+02
0.95590000, 1.46673654096057420833100461850954937803e+00, -1.37684380003216478764030041434547219245e+00, 2.11710821933702443789850499315740088186e+00, 2.47393759237916368346800360476115701900e+00, 5.36005604331652442275712058836016819188e+00, 1.54063961525182413847056726200626875787e+00, 5.5283223199219141e+02, 8.8500672247680251e+02
0.95600000, 1.46732034670426767949160845315114548416e+00, -1.37566448591695307735241947418034067262e+00, 2.11524259002823898536935229254841810774e+00, 2.47249026540497837042760523869628478456e+00, 5.35858846313519360494504023832480032698e+00, 1.54109189958448936768744047473604327065e+00, 5.4427778482738068e+02, 8.8906899740655152e+02
0.95610000, 1.46790483545530489252501616680546688338e+00, -1.37448347348027107927971282778210879661e+00, 2.11337463611362660725707880306374870477e+00, 2.47103928397146900379462869282973472877e+00, 5.35711839701771563921500287146452947648e+00, 1.54154471926711351918629956153440798765e+00, 5.3566963788172662e+02, 8.9306041198618909e+02
0.95620000, 1.46849000827965743884534511600403259005e+00, -1.37330075489881705052959536638153270485e+00, 2.11150435233034025825204948119626950873e+00, 2.46958463103870869881605979107456965986e+00, 5.35564583401165869421444399712219241895e+00, 1.54199807485530967715037118066835760252e+00, 5.2700828421428173e+02, 8.9698011511941329e+02
0.95630000, 1.46907586626544767934732659885876752259e+00, -1.37211632230097275967354816382058919076e+00, 2.10963173336272732713319248106774392651e+00, 2.46812628947001832620454439340042255314e+00, 5.35417076309304842137691750459478318682e+00, 1.54245196692641538688679847358466856383e+00, 5.1829422864877624e+02, 9.0082725570770513e+02
0.95640000, 1.46966241052304327361476166054949748252e+00, -1.37093016776655871945056965390390069373e+00, 2.10775677384211993312595230148152401466e+00, 2.46666424203137398333701559207847223886e+00, 5.35269317316596099479326836496275428228e+00, 1.54290639607963558915557798333033176031e+00, 5.0952798787228059e+02, 9.0460098277710298e+02
0.95650000, 1.47024964218515181348250161266551882620e+00, -1.36974228332658458403096114553336131173e+00, 2.10587946834662345495586318213884295967e+00, 2.46519847139080424889282888903985816761e+00, 5.35121305306210983301662048631368916063e+00, 1.54336136293618571397371322012823841747e+00, 5.0071009053347575e+02, 9.0830044560730324e+02
0.95660000, 1.47083756240691560245072281889082006381e+00, -1.36855266096299466054681142459974836501e+00, 2.10399981140090321232220490043051772420e+00, 2.46372896011777712752400597465591032112e+00, 5.34973039154042592528262435923525978318e+00, 1.54381686813943498121737647408504902476e+00, 4.9184107734050062e+02, 9.1192479386311202e+02
0.95670000, 1.47142617236600662241037043664187341694e+00, -1.36736129260840848431700694130316968543e+00, 2.10211779747596921959866153939584824967e+00, 2.46225569068257659018780733524360113719e+00, 5.34824517728663168413109634714316746112e+00, 1.54427291235504995549240207782822928020e+00, 4.8292150115834522e+02, 9.1547317772827270e+02
0.95680000, 1.47201547326272172909903157675823096273e+00, -1.36616817014585640689231912123465759900e+00, 2.10023342098895893164136286800949781761e+00, 2.46077864545566861476305484313546497678e+00, 5.34675739891280824589160316608806537800e+00, 1.54472949627113840288998746000611863174e+00, 4.7395192710575726e+02, 9.1894474804169405e+02
0.95690000, 1.47260546632007811766753729099208075337e+00, -1.36497328540851014571996099202170119504e+00, 2.09834667630291790164853913307442190543e+00, 2.45929780670705663051617649851014416987e+00, 5.34526704495695613994338981012636533261e+00, 1.54518662059839349739049319631080542805e+00, 4.6493293265162952e+02, 9.2233865643610374e+02
0.95700000, 1.47319615278390909969965190432324528380e+00, -1.36377663017940824387681301806674612283e+00, 2.09645755772657827106966444862276840307e+00, 2.45781315660562626888060743920829651216e+00, 5.34377410388254924707900444506524707797e+00, 1.54564428607023842482414601593324909188e+00, 4.5586510771083428e+02, 9.2565405547915198e+02
0.95710000, 1.47378753392296023299064898603498733172e+00, -1.36257819619117638794614291615411938141e+00, 2.09456605951413501160481213582318555129e+00, 2.45632467721847932186370641786378454932e+00, 5.34227856407808196669072565234657897826e+00, 1.54610249344297143244369151337918185988e+00, 4.4674905473947044e+02, 9.2889009881699012e+02
0.95720000, 1.47437961102898584535575182423995115268e+00, -1.36137797512574253171393470802375815535e+00, 2.09267217586501983936641697296416968336e+00, 2.45483235051025680819847802521688157507e+00, 5.34078041385660951185912991459569670180e+00, 1.54656124349591137231104434285700381319e+00, 4.3758538882948845e+02, 9.3204594132034872e+02
0.95730000, 1.47497238541684599370668346786176900080e+00, -1.36017595861404677293774466290418092179e+00, 2.09077590092367272129516281351464860607e+00, 2.45333615834245104611286083120148938707e+00, 5.33927964145528125075353199425507337737e+00, 1.54702053703154378684816722064860751128e+00, 4.2837473780265695e+02, 9.3512073923314000e+02
0.95740000, 1.47556585842460389960427287671143064199e+00, -1.35897213823574592999315988962049807063e+00, 2.08887722877931089392872634347013660768e+00, 2.45183608247270663029687240060043283041e+00, 5.33777623503486701205426652639218840146e+00, 1.54748037487566758505219656837899310221e+00, 4.1911774230383471e+02, 9.3811365032360915e+02
0.95750000, 1.47616003141362390246754004753646953184e+00, -1.35776650551891276473029003776206594727e+00, 2.08697615346569531461605393902109063099e+00, 2.45033210455411020930720447096995038199e+00, 5.33627018267927627137653096612668243147e+00, 1.54794075787754235802663875897265307458e+00, 4.0981505589351021e+02, 9.4102383403805898e+02
0.95760000, 1.47675490576866997159526977674718191044e+00, -1.35655905193972979737511143592277289897e+00, 2.08507266896089446525018151289641794705e+00, 2.44882420613446895825963400058100698768e+00, 5.33476147239507013491444934059422419758e+00, 1.54840168691003638263469964306978087598e+00, 4.0046734513957097e+02, 9.4385045165717262e+02
0.95770000, 1.47735048289800481813511175915834567979e+00, -1.35534976892217765878773990677489224974e+00, 2.08316676918704542855878721462195570993e+00, 2.44731236865557764022154405763613476279e+00, 5.33325009211096603573181001634385394055e+00, 1.54886316286977536223789069499915008480e+00, 3.9107528970826319e+02, 9.4659266645495850e+02
0.95780000, 1.47794676423348964811804008164537638456e+00, -1.35413864783771792484166323721541273109e+00, 2.08125844801011215694316128437871295904e+00, 2.44579657345247414822960491885442268766e+00, 5.33173602967733505730224100841363832515e+00, 1.54932518667729195364338357207941157373e+00, 3.8163958245430219e+02, 9.4924964386034194e+02
0.95790000, 1.47854375123068459766288935662586101687e+00, -1.35292568000497037711444215168994921862e+00, 2.07934769923964085379256039359564519403e+00, 2.44427680175268341832090842918756759347e+00, 5.33021927286569179804606999181963394736e+00, 1.54978775927717612954756357239566638289e+00, 3.7216092951009269e+02, 9.5182055162142762e+02
0.95800000, 1.47914144536894989144697482978430915230e+00, -1.35171085668938463348121007827269812530e+00, 2.07743451662851238712146594354056968961e+00, 2.44275303467544960237922099321048162367e+00, 5.32869980936817668972342407672366741851e+00, 1.55025088163822642593126055649504002405e+00, 3.6264005037401745e+02, 9.5430455997245705e+02
0.95810000, 1.47973984815154776553481258449261284168e+00, -1.35049416910290609157728220238094563765e+00, 2.07551889387269165528157353018892899347e+00, 2.44122525323095638796115039922888648768e+00, 5.32717762679703068162290122395269069988e+00, 1.55071455475360212403460935003059948270e+00, 3.5307767799775187e+02, 9.5670084180348485e+02
0.95820000, 1.48033896110574519565799211656563814011e+00, -1.34927560840363612744513283461502166717e+00, 2.07360082461097382438789622044944174710e+00, 2.43969343831953535057952075981681691441e+00, 5.32565271268406220153202877782517394041e+00, 1.55117877964097641671680340854119915049e+00, 3.4347455887256108e+02, 9.5900857283279792e+02
0.95830000, 1.48093878578291747204562175806038130784e+00, -1.34805516569548649100372052976996970701e+00, 2.07168030242472735696866474127428613934e+00, 2.43815757073086222218271312853747042800e+00, 5.32412505448010630348934558798951016100e+00, 1.55164355734269060918854563852737429449e+00, 3.3383145311453551e+02, 9.6122693178210091e+02
0.95840000, 1.48153932375865266191676856582960577705e+00, -1.34683283202782783927442984760755716251e+00, 2.06975732083763375120125530479039354634e+00, 2.43661763114314095777873430167995274300e+00, 5.32259463955447591129792544779586570559e+00, 1.55210888892590940429315600506089551122e+00, 3.2414913454871955e+02, 9.6335510055449179e+02
0.95850000, 1.48214057663285700076424559057075009461e+00, -1.34560859839513234756754754038700920335e+00, 2.06783187331542390993067715182309241691e+00, 2.43507360012227548031088229207014985279e+00, 5.32106145519440506572611573338165003610e+00, 1.55257477548277732270645157762036187302e+00, 3.1442839079208748e+02, 9.6539226441525060e+02
0.95860000, 1.48274254602986125358325465934263320633e+00, -1.34438245573661033807598254247936716854e+00, 2.06590395326561105848271758862839563861e+00, 2.43352545812102898199762453955142853966e+00, 5.31952548860448408223280211276845913166e+00, 1.55304121813057630862605317950641411354e+00, 3.0467002333531950e+02, 9.6733761217546471e+02
0.95870000, 1.48334523359852808722906239038932553831e+00, -1.34315439493584086453864915983798018010e+00, 2.06397355403722013008018652723057184488e+00, 2.43197318547817065840221522045781415586e+00, 5.31798672690608652493122473620349835831e+00, 1.55350821801188457172807372647325757782e+00, 2.9487484762332997e+02, 9.6919033637851350e+02
0.95880000, 1.48394864101236049512535844045660180996e+00, -1.34192440682039619082432915339924345690e+00, 2.06204066892051353744734272919957313915e+00, 2.43041676241760974949715204297519322576e+00, 5.31644515713678790134685045768656488965e+00, 1.55397577629473671638358445842562279118e+00, 2.8504369313449895e+02, 9.7094963348943513e+02
0.95890000, 1.48455276996961131558950234583676923485e+00, -1.34069248216146010044767055238995844667e+00, 2.06010529114671324894404028937120685408e+00, 2.42885616904751675993429089197644639324e+00, 5.31490076624977598133062623317231229314e+00, 1.55444389417278520934921242778590679735e+00, 2.7517740345855713e+02, 9.7261470408719795e+02
0.95900000, 1.48515762219339388509279038638152273890e+00, -1.33945861167343997316201994709198806681e+00, 2.05816741388771908730692893332379707646e+00, 2.42729138535943172862275738956101317451e+00, 5.31335354111325264225866707937352239787e+00, 1.55491257286546323737606988672174345983e+00, 2.6527683637307320e+02, 9.7418475305989879e+02
0.95910000, 1.48576319943179386783344573613404013297e+00, -1.33822278601357256387876260009866810581e+00, 2.05622703025582316878969992687448763890e+00, 2.42572239122735941555315451492390586437e+00, 5.31180346850982714138262287333638309074e+00, 1.55538181361814900641932611097151084876e+00, 2.5534286391849184e+02, 9.7565898980291012e+02
0.95920000, 1.48636950345798230306753044930483206784e+00, -1.33698499578152341823949348596107915011e+00, 2.05428413330342040018741679582648910939e+00, 2.42414916640685127158737872523001862250e+00, 5.31025053513590071489116517039866836220e+00, 1.55585161770233153437747582233405494728e+00, 2.4537637247166931e+02, 9.7703662841999768e+02
0.95930000, 1.48697653607032991171867107099920718170e+00, -1.33574523151897985821538505004711635762e+00, 2.05233871602271495090093368458683871940e+00, 2.42257169053407405465801389810397014740e+00, 5.30869472760104240190176928455509809594e+00, 1.55632198641577798954610564889542740911e+00, 2.3537826281785271e+02, 9.7831688792743019e+02
0.95940000, 1.48758429909252270387165338313066452881e+00, -1.33450348370923747012726664088034065341e+00, 2.05039077134542261684581172504029051906e+00, 2.42098994312486495348913906226577461012e+00, 5.30713603242735599022275659472070218354e+00, 1.55679292108270262723607993154309018694e+00, 2.2534945022104789e+02, 9.7949899246110200e+02
0.95950000, 1.48819279437367892884784674403502240472e+00, -1.33325974277678002646988825124419801415e+00, 2.04844029214246899263552310769844234079e+00, 2.41940390357377307756080361289389542501e+00, 5.30557443604883797930791270078945906468e+00, 1.55726442305393737728092781210723729473e+00, 2.1529086449271980e+02, 9.8058217148668955e+02
0.95960000, 1.48880202378846740966233382933596126302e+00, -1.33201399908685277188429851631663774555e+00, 2.04648727122368336807061124710561378217e+00, 2.41781355115308716959170826870774012812e+00, 5.30400992481072645436940022913854857659e+00, 1.55773649370710413544318252684410918897e+00, 2.0520345005876833e+02, 9.8156566001286204e+02
0.95970000, 1.48941198923722730377381514085440162941e+00, -1.33076624294502900255290367005322630577e+00, 2.04453170133748826454338039861642218795e+00, 2.41621886501184939430807088399228102803e+00, 5.30244248496884076411861811676856060993e+00, 1.55820913444678881202486844218919466231e+00, 1.9508816602472103e+02, 9.8244869880756630e+02
0.95980000, 1.49002269264608933215909607544344316441e+00, -1.32951646459676986719225846710011102852e+00, 2.04257357517058452652114502855133047805e+00, 2.41461982417485505470051584701908523341e+00, 5.30087210268891189306858466096505757572e+00, 1.55868234670471719129361875461730702320e+00, 1.8494598623908361e+02, 9.8323053461740553e+02
0.95990000, 1.49063413596709851887451335247247438685e+00, -1.32826465422697731668862796328167459195e+00, 2.04061288534763188279960224800473240946e+00, 2.41301640754163808434433891548530865896e+00, 5.29929876404590341775478678335380892637e+00, 1.55915613193993265565340419317260071243e+00, 1.7477789935478755e+02, 9.8391042039013111e+02
0.96000000, 1.49124632117833848340728218010598252490e+00, -1.32701080195954012826049405799842354364e+00, 2.03864962443092489172102168103720999072e+00, 2.41140859388544216167087223315839641566e+00, 5.29772245502332293461367426074567580968e+00, 1.55963049163897582881792811979308805069e+00, 1.6458490888867303e+02, 9.8448761550026629e+02
0.96010000, 1.49185925028405732827071018568721165846e+00, -1.32575489785687292884009350060194791621e+00, 2.03668378492006418402919567659938928514e+00, 2.40979636185217728932808399856446126542e+00, 5.29614316151252384559850017095597974573e+00, 1.56010542731606619258576431444355222986e+00, 1.5436803327894466e+02, 9.8496138597788015e+02
0.96020000, 1.49247292531479516445879305208486746837e+00, -1.32449693191944814114238202950358545200e+00, 2.03471535925162291648397518112149896831e+00, 2.40817968995936167895614089897272270852e+00, 5.29456086931199738591041559898412626994e+00, 1.56058094051328573216964948674636112703e+00, 1.4412830594053565e+02, 9.8533100474052962e+02
0.96030000, 1.49308734832751331754814414077049898593e+00, -1.32323689408532077463412613432428184174e+00, 2.03274433979880834878224574421353176517e+00, 2.40655855659504877882755531377911568150e+00, 5.29297556412665477647799835212035943319e+00, 1.56105703280076466539836328207844107554e+00, 1.3386677531831543e+02, 9.8559575182838698e+02
0.96040000, 1.49370252140572525741878046555142841398e+00, -1.32197477422964598232771918871793441861e+00, 2.03077071887111845572888291924212417563e+00, 2.40493294001673927886081822569058310392e+00, 5.29138723156709938203009457026153153600e+00, 1.56153370577686931148870569244878314954e+00, 1.2358450493807428e+02, 9.8575491464256974e+02
0.96050000, 1.49431844665962929476025493137285256657e+00, -1.32071056216418930300337745056743687119e+00, 2.02879448871399348597007115064726160392e+00, 2.40330281835027792451013521101396898189e+00, 5.28979585714888875377432256211084931742e+00, 1.56201096106839215547758838018831294381e+00, 1.1328257345521722e+02, 9.8580778818668916e+02
0.96060000, 1.49493512622624308773625512772530360592e+00, -1.31944424763682950710915377311329774379e+00, 2.02681564150846237794187454812239282176e+00, 2.40166816958873496796105610951476428403e+00, 5.28820142629178643381615457485068752809e+00, 1.56248880033074416481056737383069780594e+00, 1.0296207470109846e+02, 9.8575367531163315e+02
0.96070000, 1.49555256226954000239934839324924687193e+00, -1.31817582033105396320025753992871805109e+00, 2.02483416937078394299860570638207626777e+00, 2.40002897159127208192140430585638782092e+00, 5.28660392431900339653045929391412859198e+00, 1.56296722524814941500363692681585891612e+00, 9.2624117726926141e+01, 9.8559188696359879e+02
0.96080000, 1.49617075698058737067830868298258970442e+00, -1.31690526986544644035701723349427004511e+00, 2.02285006435208272496783794434558966644e+00, 2.39838520208199255808791945179501865422e+00, 5.28500333645642900012803999344198302252e+00, 1.56344623753384208173015746916088199784e+00, 8.2269826845166063e+01, 9.8532174243538891e+02
0.96090000, 1.49678971257768669000368165818436521103e+00, -1.31563258579316726056397981098996371766e+00, 2.02086331843797944463132854314504613348e+00, 2.39673683864877560909034267176890686997e+00, 5.28339964783185131964330366114059443104e+00, 1.56392583893026585713478663954532702471e+00, 7.1900341668371678e+01, 9.8494256962098672e+02
0.96100000, 1.49740943130651580889320066088421841686e+00, -1.31435775760142571354060461228985693753e+00, 2.01887392354821593685314030842079096735e+00, 2.39508385874209458936517397345139510854e+00, 5.28179284347416673050498663567170735770e+00, 1.56440603120927584864160643526224489589e+00, 6.1516817145366377e+01, 9.8445370527342166e+02
0.96110000, 1.49802991544027314308762995284797547231e+00, -1.31308077471094464498625760346059837215e+00, 2.01688187153627448726733311729102821628e+00, 2.39342623967381894698985836761563853191e+00, 5.28018290831257860973906149441934886750e+00, 1.56488681617234301900467988987539863329e+00, 5.1120423594702800e+01, 9.8385449526593904e+02
0.96120000, 1.49865116727982396710985700487035589632e+00, -1.31180162647541712763820545191758798884e+00, 2.01488715418899147459720505723367944584e+00, 2.39176395861599971501351228526266745496e+00, 5.27856982717578501969075427134409477913e+00, 1.56536819565076122684641926230405490068e+00, 4.0712346735322518e+01, 9.8314429485648521e+02
0.96130000, 1.49927318915384882641585927568489558064e+00, -1.31052030218095512294049119230778910378e+00, 2.01288976322616522380564479049212081600e+00, 2.39009699259963834725124806692993111159e+00, 5.27695358479115523694018303558865519162e+00, 1.56585017150585692744280022497712961331e+00, 3.0293787714338130e+01, 9.8232246895551946e+02
0.96140000, 1.49989598341899411561581198047223839067e+00, -1.30923679104553003948336840853189036284e+00, 2.01088969030015797437115425884308275358e+00, 2.38842531851343869986441402098664404067e+00, 5.27533416578389498682263651140885309349e+00, 1.56633274562920159404501285613669968500e+00, 1.9865963131858451e+01, 9.8138839239716268e+02
0.96150000, 1.50051955246002486856736383862539579180e+00, -1.30795108221840509269678413775251752380e+00, 2.00888692699549186704594551891046986209e+00, 2.38674891310254195632732186396957298435e+00, 5.27371155467620024164906777943861736422e+00, 1.56681591994282692057500472181731323470e+00, 9.4301050627760626e+00, 9.8034145021369247e+02
0.96160000, 1.50114389868997980648127285553381559405e+00, -1.30666316477955936856661767318361185573e+00, 2.00688146482843885148062891974887753186e+00, 2.38506775296724428958092092701358770536e+00, 5.27208573588639943835408038149532803970e+00, 1.56729969639944286709795310879075682320e+00, -1.0125389245648518e+00, 9.7918103791339317e+02
0.96170000, 1.50176902455032869053245237164497236486e+00, -1.30537302773910349238836852300998586364e+00, 2.00487329524660441609380280823983856421e+00, 2.38338181456169705129399454569854005224e+00, 5.27045669372808396887660303744383279262e+00, 1.56778407698265861005841677864708209305e+00, -1.1460705752903911e+01, 9.7790656176176853e+02
0.96180000, 1.50239493251113202583732110385833628909e+00, -1.30408066003668680177908669946635909242e+00, 2.00286240962850504052372696719274553069e+00, 2.38169107419258927419134921882345937418e+00, 5.26882441240922679410162807068267178140e+00, 1.56826906370720645986918212717348959312e+00, -2.1913116823888101e+01, 9.7651743906612385e+02
0.96190000, 1.50302162507120316404147584543841504505e+00, -1.30278605054089592133387575088672934983e+00, 2.00084879928313926992260066106618924120e+00, 2.37999550801781226936464645118753410542e+00, 5.26718887603128902965884287257306218770e+00, 1.56875465861916880906305979336522382703e+00, -3.2368478009269873e+01, 9.7501309846352351e+02
0.96200000, 1.50364910475827285216041223139166549898e+00, -1.30148918804864463443757519451943297057e+00, 1.99883245544955230924114661786183879483e+00, 2.37829509204510609635344892469036164976e+00, 5.26555006858831434928469981716503967226e+00, 1.56924086379620817485853712017079182102e+00, -4.2825479645567593e+01, 9.7339298021212864e+02
0.96210000, 1.50427737412915627573061236339146473741e+00, -1.30019006128455494582452356601219031637e+00, 1.99681336929639403450158658036594213607e+00, 2.37658980213068767957012704717148648332e+00, 5.26390797396601104880740481657457506969e+00, 1.56972768134780040065068743401845414915e+00, -5.3282796532277626e+01, 9.7165653648591893e+02
0.96220000, 1.50490643576992264475910775153899596143e+00, -1.29888865890032922651887251251359340923e+00, 1.99479153192147031687003061428172471840e+00, 2.37487961397786034034086011635465586437e+00, 5.26226257594082161110838455514092090425e+00, 1.57021511341547108161952370463409622471e+00, -6.3739087933728833e+01, 9.6980323167280122e+02
0.96230000, 1.50553629229606737140692667301958629555e+00, -1.29758496947411333078399898778757346510e+00, 1.99276693435128755411412528184506344257e+00, 2.37316450313560450944437900295098750154e+00, 5.26061385817897960964791239756052459315e+00, 1.57070316217303528034951376732605114441e+00, -7.4192997584671741e+01, 9.6783254267610679e+02
0.96240000, 1.50616694635268688880596674288639688129e+00, -1.29627898150985057266135523354420883539e+00, 1.99073956754059030276783428851412719852e+00, 2.37144444499714938054859340939185828330e+00, 5.25896180423555378531559587004049320737e+00, 1.57119182982684059907670647660328616687e+00, -8.4643153699696160e+01, 9.6574395921947769e+02
0.96250000, 1.50679840061465616089012198225767437559e+00, -1.29497068343662644758578859391367716342e+00, 1.98870942237189190302176295789076664328e+00, 2.36971941479852526037103240150273755829e+00, 5.25730639755347912847718420262213998484e+00, 1.57168111861601367592432037193017272574e+00, -9.5088168986572549e+01, 9.6353698415514172e+02
0.96260000, 1.50743065778680893362027067161744730019e+00, -1.29366006360800398242511356554610071928e+00, 1.98667648965499798701377236949868333120e+00, 2.36798938761709636672025368373386990415e+00, 5.25564762146257479513643841448514313704e+00, 1.57217103081271017325419443619792741286e+00, -1.0552664066361398e+02, 9.6121113377557413e+02
0.96270000, 1.50806372060412077849933379468837864304e+00, -1.29234711030134959510565893009179220121e+00, 1.98464076012652275981003084261472716636e+00, 2.36625433837007382081014088481205292954e+00, 5.25398545917854868311337957698137111217e+00, 1.57266156872236832705067877304181019653e+00, -1.1595715048115706e+02, 9.5876593812854302e+02
0.96280000, 1.50869759183189497980838851611781830406e+00, -1.29103181171714934275174859236943084263e+00, 1.98260222444939794094037278649919031400e+00, 2.36451424181300857537534763975827765705e+00, 5.25231989380198849105681801993751516784e+00, 1.57315273468396612706584507396196408259e+00, -1.2637826474726186e+02, 9.5620094133553405e+02
0.96290000, 1.50933227426595131754811842192911300552e+00, -1.28971415597831543498468353564377006889e+00, 1.98056087321237425288311267989258512941e+00, 2.36276907253826401515204252463849435146e+00, 5.25065090831733907995835523897635950404e+00, 1.57364453107028219829082564820726722190e+00, -1.3678853435773219e+02, 9.5351570191354885e+02
0.96300000, 1.50996777073281779864206096429531604978e+00, -1.28839413112948288669482348764402881752e+00, 1.97851669692951534138251110574770597937e+00, 2.36101880497346796122147975308005736842e+00, 5.24897848559186595361569103660322064962e+00, 1.57413696028816045517815852752888683330e+00, -1.4718649483055965e+02, 9.5070979310026987e+02
0.96310000, 1.51060408408992538954953905554993800660e+00, -1.28707172513629618221784079926271044281e+00, 1.97646968603968401092610675097580821564e+00, 2.35926341337994380554262503837673777355e+00, 5.24730260837460467120367189008008740502e+00, 1.57463002477877860092474806316546975514e+00, -1.5757066634489587e+02, 9.4778280318258334e+02
0.96320000, 1.51124121722580580404721233959436217961e+00, -1.28574692588468582041212617778398967188e+00, 1.97441983090602065710828914182231700561e+00, 2.35750287185112049672189882840330742332e+00, 5.24562325929529600175065348099248998697e+00, 1.57512372701792054503497961820198186901e+00, -1.6793955378465952e+02, 9.4473433582845018e+02
0.96330000, 1.51187917306029240056923689354397957871e+00, -1.28441972118013460764762616795830064919e+00, 1.97236712181541377595994659120567125655e+00, 2.35573715431092109268078983244815610562e+00, 5.24394042086330662688395031595029984394e+00, 1.57561806951625281331919877100293984586e+00, -1.7829164678688599e+02, 9.4156401042211348e+02
0.96340000, 1.51251795454472424414747116673773618619e+00, -1.28309009874693356317601406864950867953e+00, 1.97031154897796242863091550307097004823e+00, 2.35396623451212959038330318679791361353e+00, 5.24225407546653519469989560865280505751e+00, 1.57611305481960502544473691952236620587e+00, -1.8862541979492932e+02, 9.3827146240262923e+02
0.96350000, 1.51315756466215338866541102445943566128e+00, -1.28175804622742729875693544498609608314e+00, 1.96825310252643053807139130028352876089e+00, 2.35219008603473573717253398365390348238e+00, 5.24056420537030352402977871024511176746e+00, 1.57660868550925451614550550256819355314e+00, -1.9893933211662773e+02, 9.3485634360570582e+02
0.96360000, 1.51379800642755543583298736365546884107e+00, -1.28042355118124873176398951040901621884e+00, 1.96619177251569289256952488147520555207e+00, 2.35040868228425752253662203936973510602e+00, 5.23887079271623275471106421106347752852e+00, 1.57710496420221517721247205749346249565e+00, -2.0923182798754564e+02, 9.3131832260883567e+02
0.96370000, 1.51443928288804342800443517605870555397e+00, -1.27908660108454298828593730302547050555e+00, 1.96412754892217272916418449249561888983e+00, 2.34862199649004104327639921995979428485e+00, 5.23717381952110423573217919083681230031e+00, 1.57760189355153059843166796352527567033e+00, -2.1950133663940679e+02, 9.2765708507970093e+02
0.96380000, 1.51508139712308513269857253926324507218e+00, -1.27774718332918034997216065967090290753e+00, 1.96206042164327076806334896759824563223e+00, 2.34683000170353742907756362723357124072e+00, 5.23547326767570493929708842169372519100e+00, 1.57809947624657158670936855145501244365e+00, -2.2974627237383476e+02, 9.2387233412783332e+02
0.96390000, 1.51572435224472377744045172197388499383e+00, -1.27640528522195809554539043485750817970e+00, 1.95999038049678556725882627017220932209e+00, 2.34503267079655650939650644615177868333e+00, 5.23376911894365718495111840417495149468e+00, 1.57859771501333814372635400968369136509e+00, -2.3996503464151886e+02, 9.1996379065950626e+02
0.96400000, 1.51636815139780229432591321759462188548e+00, -1.27506089398379108501789921067317753309e+00, 1.95791741522032506453594614946746664913e+00, 2.34322997645949689634819986085699558305e+00, 5.23206135496023245392024665703939362735e+00, 1.57909661261476598359534156743554985183e+00, -2.5015600812692517e+02, 9.1593119373583560e+02
0.96410000, 1.51701279776019113451654922338214292938e+00, -1.27371399674889093169839592339606345118e+00, 1.95584151547070917203151482628889555710e+00, 2.34142189119955215193397023635594219878e+00, 5.23034995723114906974049792229052062306e+00, 1.57959617185103767315842838057692632412e+00, -2.6031756283867391e+02, 9.1177430093406339e+02
0.96420000, 1.51765829454301971370243976743006329927e+00, -1.27236458056393360406441140259015332751e+00, 1.95376267082336328639357159330892216188e+00, 2.33960838733889270146358905872751507037e+00, 5.22863490713135351709028617566437946753e+00, 1.58009639555989847875536873921150674872e+00, -2.7044805420570650e+02, 9.0749288871199680e+02
0.96430000, 1.51830464499091155042424844678937127700e+00, -1.27101263238721529649762868671711856401e+00, 1.95168087077170257544125115196079342015e+00, 2.33778943701282314840688920565709072387e+00, 5.22691618590378516648455837819239854816e+00, 1.58059728661697700451941334647309311574e+00, -2.8054582317936699e+02, 9.0308675277557271e+02
0.96440000, 1.51895185238222316002535430217330424975e+00, -1.26965813908779640473595283205023256760e+00, 1.94959610472650690001119994424298246250e+00, 2.33596501216791463915194283720396855966e+00, 5.22519377465812416814342457449966495377e+00, 1.58109884793611070851596408829385153011e+00, -2.9060919634152451e+02, 8.9855570844951572e+02
0.96450000, 1.51959992002928676790916352924248543344e+00, -1.26830108744463343868465207684033136402e+00, 1.94750836201528622740735666095462931839e+00, 2.33413508456011191924651653765694418270e+00, 5.22346765436952227390753341580467963620e+00, 1.58160108246967638433116404386528518295e+00, -3.0063648601886497e+02, 8.9389959105105579e+02
0.96460000, 1.52024885127865690670711487770601181983e+00, -1.26694146414569870194811239576696056167e+00, 1.94541763188163639054229092908228118411e+00, 2.33229962575281471565375388091906193901e+00, 5.22173780587731634153564734531176418304e+00, 1.58210399320892569704348672731912807586e+00, -3.1062599040348217e+02, 8.8911825626666884e+02
0.96470000, 1.52089864951136096291970511362272643672e+00, -1.26557925578708756409206261059769124616e+00, 1.94332390348458504446947068149998361782e+00, 2.33045860711493307235843488827317961451e+00, 5.22000420988372427108450140815297990881e+00, 1.58260758318432586387216671872318265941e+00, -3.2057599367989999e+02, 8.8421158053180171e+02
0.96480000, 1.52154931814315373957666973709453388016e+00, -1.26421444887211314822193316225537239697e+00, 1.94122716589792766955553395909616419736e+00, 2.32861199981891625931323772399876871109e+00, 5.21826684695252311833484503576859952402e+00, 1.58311185546590557119270136760303075285e+00, -3.3048476615865933e+02, 8.7917946141354028e+02
0.96490000, 1.52220086062477610247382820508536834933e+00, -1.26284702981038825296464685272792870137e+00, 1.93912740810955346802857512738678105119e+00, 2.32675977483875486721159173187981310764e+00, 5.21652569750770912538825369679100552864e+00, 1.58361681316360622104244564906257544817e+00, -3.4035056441660500e+02, 8.7402181799617703e+02
0.96500000, 1.52285328044221777858362670229527428168e+00, -1.26147698491689432436689403372899048816e+00, 1.93702461902076099806128196943493061855e+00, 2.32490190294795569291127044046746520398e+00, 5.21478074183213940361447699864490536315e+00, 1.58412245942763860170933580620645255815e+00, -3.5017163144400975e+02, 8.6873859126963199e+02
0.96510000, 1.52350658111698437630468560644825978626e+00, -1.26010430041103728957105739523515960345e+00, 1.93491878744556338690510395139619155081e+00, 2.32303835471748901250702994170976650163e+00, 5.21303196006615499907631321580679620996e+00, 1.58462879744884507850484988587653046713e+00, -3.5994619679867402e+02, 8.6332974452067804e+02
0.96520000, 1.52416076620636869831330040994772431969e+00, -1.25872896241569006039861062334165670215e+00, 1.93280990210998296188207888235693595832e+00, 2.32116910051370783105744407111324010949e+00, 5.21127933220618506539574840112201802980e+00, 1.58513583045906740236930463598431159781e+00, -3.6967247676714231e+02, 8.5779526372691919e+02
0.96530000, 1.52481583930372641890748838008187371602e+00, -1.25735095695622151115815557548525382529e+00, 1.93069795165133513526304032063980167044e+00, 2.31929411049623868980660240022150402998e+00, 5.20952283810333186374877975321558436072e+00, 1.58564356173152023554438140429630433023e+00, -3.7934867453317818e+02, 8.5213515795346738e+02
0.96540000, 1.52547180403875619889247082712595154420e+00, -1.25597026995951173109936442355174357485e+00, 1.92858292461750137621317461843232578824e+00, 2.31741335461584360340138352220254616585e+00, 5.20776245746193630428429162124798540263e+00, 1.58615199458117049517527530755331306005e+00, -3.8897298035364216e+02, 8.4634945975226063e+02
0.96550000, 1.52612866407778431224610303199822845183e+00, -1.25458688725295334795298033987006475919e+00, 1.92646480946619110006675441168270699849e+00, 2.31552680261225269108533839927527729946e+00, 5.20599816983812373775182536928048552103e+00, 1.58666113236512261737400319185150235260e+00, -3.9854357174191832e+02, 8.4043822556396249e+02
0.96560000, 1.52678642312405386002440017022502143764e+00, -1.25320079456343871492866872526231910649e+00, 1.92434359456419230220076001311598314180e+00, 2.31363442401196705714643764888840667951e+00, 5.20422995463832970049125902685054985245e+00, 1.58717097848300984598714328171588702084e+00, -4.0805861365903713e+02, 8.3440153612237947e+02
0.96570000, 1.52744508491801864822166707561433318274e+00, -1.25181197751633274938480704595959896693e+00, 1.92221926818661076071038089737775225919e+00, 2.31173618812603146700354699666461704956e+00, 5.20245779111780531018138536613003425808e+00, 1.58768153637739165206659559569534764661e+00, -4.1751625871264386e+02, 8.2823949686133024e+02
0.96580000, 1.52810465323764180758755179567329218923e+00, -1.25042042163443120713509999542584117938e+00, 1.92009181851609762894638815315877313884e+00, 2.30983206404777635623086078437017206931e+00, 5.20068165837910200386115987715578959404e+00, 1.58819280953415739184185691588334713867e+00, -4.2691464736396362e+02, 8.2195223832389712e+02
0.96590000, 1.52876513189869923472535791378618519116e+00, -1.24902611233690417201398962800235505293e+00, 1.91796123364206523575335832264828743099e+00, 2.30792202065052870053587419349502964486e+00, 5.19890153537053530372390859392085641121e+00, 1.58870480148293631283783500316468840208e+00, -4.3625190814291584e+02, 8.1553991657398706e+02
0.96600000, 1.52942652475508793515294048542248742619e+00, -1.24762903493822453588391389050189469494e+00, 1.91582750155989090794693184242962150826e+00, 2.30600602658529126521990222733736642702e+00, 5.19711740088462729003787619029900659711e+00, 1.58921751579751401967445037746544391477e+00, -4.4552615787153259e+02, 8.0900271361012599e+02
0.96610000, 1.53008883569913935040026942658217126657e+00, -1.24622917464708123973020107831737626392e+00, 1.91369061017010862618587561823340941829e+00, 2.30408405027838974295560649805254995263e+00, 5.19532923355652745426290163993253408466e+00, 1.58973095609625551302428667477835586922e+00, -4.5473550189583709e+02, 8.0234083778140683e+02
0.96620000, 1.53075206866193775264708964024055302360e+00, -1.24482651656527704185135251513540718502e+00, 1.91155054727758832192880562556902404487e+00, 2.30215605992908727880827168788930585187e+00, 5.19353701186241159900938172653547695093e+00, 1.59024512604253491719347948686495835509e+00, -4.6387803432634014e+02, 7.9555452420550812e+02
0.96630000, 1.53141622761364379187088023419793402902e+00, -1.24342104568661057441117033042636045078e+00, 1.90940730059070261961407288617514041391e+00, 2.30022202350716587130133310318898067319e+00, 5.19174071411785844491857389128932694117e+00, 1.59076002934517201383003762869631756560e+00, -4.7295183828731424e+02, 7.8864403518869624e+02
0.96640000, 1.53208131656382328198038164141311292165e+00, -1.24201274689574244477206732532082089979e+00, 1.90726085772048082456252856826265797206e+00, 2.29828190875047412797638999916248670385e+00, 5.18994031847620359782915078393796708716e+00, 1.59127566975887570135406175749253607703e+00, -4.8195498617500637e+02, 7.8160966064772078e+02
0.96650000, 1.53274733956178131395421048381726580547e+00, -1.24060160496704513307331167552028963009e+00, 1.90511120617974995337460611042757115696e+00, 2.29633568316244084331798058722739524604e+00, 5.18813580292687052273009719151294474559e+00, 1.59179205108469450184708890948051044351e+00, -4.9088553992495267e+02, 7.7445171853350844e+02
0.96660000, 1.53341430069690178558843504890292382546e+00, -1.23918760456343643245119275584212289293e+00, 1.90295833338226259977327408817962115120e+00, 2.29438331400955385609791242633277578308e+00, 5.18632714529367816398077656411399415668e+00, 1.59230917717047423933430859215810850563e+00, -4.9974155128855917e+02, 7.6717055525655714e+02
0.96670000, 1.53408220409899243908238380366435684940e+00, -1.23777073023519617311734745041712239234e+00, 1.90080222664181142493074410671315793237e+00, 2.29242476831880363213693400620092119138e+00, 5.18451432323312484410141969017816922423e+00, 1.59282705191132301564496352817458392485e+00, -5.0852106211911496e+02, 7.5976654611392779e+02
0.96680000, 1.53475105393863549935937797029626125327e+00, -1.23635096641876596621387783884631890295e+00, 1.89864287317133005730711955870040255412e+00, 2.29046001287509100717682137528705207800e+00, 5.18269731423264806609741904163324317692e+00, 1.59334567925008361234420032730521188646e+00, -5.1722210466740537e+02, 7.5224009571772699e+02
0.96690000, 1.53542085442754400772951825453359060859e+00, -1.23492829743553169794645458387343258772e+00, 1.89648026008198018292113297715267614528e+00, 2.28848901421859851299717762476853299718e+00, 5.18087609560885983677454849692009255022e+00, 1.59386506317781344959534520497188489652e+00, -5.2584270188709451e+02, 7.4459163842496983e+02
0.96700000, 1.53609160981892394725614662305787404096e+00, -1.23350270749058849895628104083446530040e+00, 1.89431437438222460276436225204229325691e+00, 2.28651173864212469809185553923986508905e+00, 5.17905064450575712082534819314596220082e+00, 1.59438520773427223523646017977872632924e+00, -5.3438086775004786e+02, 7.3682163876870731e+02
0.96710000, 1.53676332440784225798720867097431757920e+00, -1.23207418067148790822544553730019227207e+00, 1.89214520297688602975838823492638870528e+00, 2.28452815218838084213317413990717998230e+00, 5.17722093789290702761507202942708230073e+00, 1.59490611700841743984053995891917441762e+00, -5.4283460757176729e+02, 7.2893059189029855e+02
0.96720000, 1.53743600253160084205855454140231946512e+00, -1.23064270094696694501457416728499477426e+00, 1.88997273266619139323673377358125327555e+00, 2.28253822064724945109106818506507986193e+00, 5.17538695256360632456431599902067553536e+00, 1.59542779513890773607633548225254991976e+00, -5.5120191834711228e+02, 7.2091902397270334e+02
0.96730000, 1.53810964857011666056936337548192096514e+00, -1.22920825216565879640347783770958053414e+00, 1.88779695014480141440750665928787822182e+00, 2.28054190955300390723184026412259310568e+00, 5.17354866513301486281012142043203626991e+00, 1.59595024631461454329807729804453517403e+00, -5.5948078909648253e+02, 7.1278749267466575e+02
0.96740000, 1.53878426694630802607151866190305295199e+00, -1.22777081805478482194122944911450418729e+00, 1.88561784200082521161577766732993206668e+00, 2.27853918418148863528991997519041732293e+00, 5.17170605203626249242323357901694685229e+00, 1.59647347477514182096890641818453824844e+00, -5.6766920122263854e+02, 7.0453658756565471e+02
0.96750000, 1.53945986212648719650609547626191920591e+00, -1.22633038221882757070827128448889163784e+00, 1.88343539471481968947410030885225316406e+00, 2.27653000954725913287839680841519225405e+00, 5.16985908952652903586140716515456569887e+00, 1.59699748481135425726623475368291213893e+00, -5.7576512887833822e+02, 6.9616693056142246e+02
0.96760000, 1.54013643862075937846237753868802894237e+00, -1.22488692813818449974609396351548606090e+00, 1.88124959465877346106237810639976206664e+00, 2.27451435040068119967227967118632988115e+00, 5.16800775367309687954215311661013250388e+00, 1.59752228076591400202923278797598127820e+00, -5.8376653934496871e+02, 6.8767917636003674e+02
0.96770000, 1.54081400098342824972927178442277178187e+00, -1.22344043916780207631599207176533030660e+00, 1.87906042809507504741157900321481319413e+00, 2.27249217122498868605441000435981745410e+00, 5.16615202035937573441793427790731320827e+00, 1.59804786703382609609090995178489001157e+00, -5.9167139342235410e+02, 6.7907401287823716e+02
0.96780000, 1.54149255381340811325693890736012357193e+00, -1.22199089853578993980351996822539530385e+00, 1.87686788117546509337656679570223838338e+00, 2.27046343623329906774943972498440965720e+00, 5.16429186528089910722720136226429329061e+00, 1.59857424806299275199159604058178820579e+00, -5.9947764582992074e+02, 6.7035216168796105e+02
0.96790000, 1.54217210175464279684925821001750309244e+00, -1.22053828934201479228555961260061392009e+00, 1.87467193993997233376845625086907574999e+00, 2.26842810936558613847775359066280947384e+00, 5.16242726394329201467031712140661528388e+00, 1.59910142835477664409888617485820846007e+00, -6.0718324561940321e+02, 6.6151437845287841e+02
0.96800000, 1.54285264949653141516678344496525930582e+00, -1.21908259455667367981826516939377652562e+00, 1.87247259031583303825319698125292921136e+00, 2.26638615428560909782988492329467475167e+00, 5.16055819166020946311468063604861881508e+00, 1.59962941246457336926316861752811292159e+00, -6.1478613659927504e+02, 6.5256145336477003e+02
0.96810000, 1.54353420177436111293655516270719059234e+00, -1.21762379701884631938233666529817222088e+00, 1.87026981811639365802724837176770104088e+00, 2.26433753437779729638379556274226618886e+00, 5.15868462355124520656239921252173808207e+00, 1.60015820500239324231966260313242852298e+00, -6.2228425777108926e+02, 6.4349421157957697e+02
0.96820000, 1.54421676336974691064099043773576324280e+00, -1.21616187943502611913273843810598384616e+00, 1.86806360903999639164981986991685893364e+00, 2.26228221274408988455304302885102502123e+00, 5.15680653453981028551064960128846044925e+00, 1.60068781063345259400945946974086131400e+00, -6.2967554377791515e+02, 6.3431351365294390e+02
0.96830000, 1.54490033911107877639459429244709086562e+00, -1.21469682437762953213862593791597760828e+00, 1.86585394866884738164070922623073323245e+00, 2.26022015220072959575373467614218117295e+00, 5.15492389935098083899322752093167204786e+00, 1.60121823407877474223545295265885958192e+00, -6.3695792536505809e+02, 6.2502025597507244e+02
0.96840000, 1.54558493387397605021599727871202751185e+00, -1.21322861428348337616124773764765935622e+00, 1.86364082246786724753965929706129333103e+00, 2.25815131527500987820237221796055777092e+00, 5.15303669250931467150532040362157219085e+00, 1.60174948011580081099639453975171636252e+00, -6.4412932985325080e+02, 6.1561537120469457e+02
0.96850000, 1.54627055258174934946543772132893913624e+00, -1.21175723145228974419817763801834639849e+00, 1.86142421578352365506364374120567444708e+00, 2.25607566420197457299502031211964896526e+00, 5.15114488833663604567567348630497666823e+00, 1.60228155357901057485581335730747472020e+00, -6.5118768162450447e+02, 6.0609982870197001e+02
0.96860000, 1.54695720020587008684594253117115714043e+00, -1.21028265804506812251648719944072085263e+00, 1.85920411384264561478874004730880574756e+00, 2.25399316092106931906017764432927675876e+00, 5.14924846094978816045427295801810303064e+00, 1.60281445936055351040446041106876988166e+00, -6.5813090262080964e+02, 5.9647463496010445e+02
0.96870000, 1.54764488176644773506183664644982362488e+00, -1.20880487608257432470032312437407933082e+00, 1.85698050175121919741929242126884735510e+00, 2.25190376707274384811245314348146991695e+00, 5.14734738425835276322245269713988628972e+00, 1.60334820241089023986760687567193572129e+00, -6.6495691285587681e+02, 5.8674083403547958e+02
0.96880000, 1.54833360233271497499260113068953455622e+00, -1.20732386744369584184458133702049701832e+00, 1.85475336449316434618482167192972880071e+00, 2.24980744399500431485048511655496962859e+00, 5.14544163196233633259873882642147233782e+00, 1.60388278773944455579435004962136681112e+00, -6.7166363094010770e+02, 5.7689950797607826e+02
0.96890000, 1.54902336702352086707533231846774536677e+00, -1.20583961386382320043058325248450052373e+00, 1.85252268692909246022039169373506007108e+00, 2.24770415271991478932897393537791234089e+00, 5.14353117754982225680035204254719315412e+00, 1.60441822041526621964753736400833286403e+00, -6.7824897461898834e+02, 5.6695177724798183e+02
0.96900000, 1.54971418100783218849701510944499924322e+00, -1.20435209693319691061630522552752949638e+00, 1.85028845379504441593454831959539009105e+00, 2.24559385397004701967935974398648263911e+00, 5.14161599429458842021943462273936900552e+00, 1.60495450556770473109256401528869026434e+00, -6.8471086132509569e+02, 5.5689880115970910e+02
0.96910000, 1.55040604950524308178045785549034395522e+00, -1.20286129809522957865706222741244515395e+00, 1.84805064970120868634602616334830152096e+00, 2.24347650815487755414432724709299110973e+00, 5.13969605525368959837686257853541279587e+00, 1.60549164838709426886376833628087212365e+00, -6.9104720874390974e+02, 5.4674177828415921e+02
0.96920000, 1.55109897778649316340705090853543791767e+00, -1.20136719864480274793669532432264229849e+00, 1.84580925913061921117155204294062575143e+00, 2.24135207536713129171534065235003830909e+00, 5.13777133326500404861680315722130512659e+00, 1.60602965412545000827115797404706436720e+00, -6.9725593539362321e+02, 5.3648194687791339e+02
0.96930000, 1.55179297117399424425757589572668385475e+00, -1.19986977972653802362816852753043599233e+00, 1.84356426643783266306749385516412148868e+00, 2.23922051537907051050678980399446085705e+00, 5.13584180094474367079358906939653494397e+00, 1.60656852809717602470055126718514449164e+00, -7.0333496121914115e+02, 5.2612058529764258e+02
0.96940000, 1.55248803504236581687124389064980095144e+00, -1.19836902233304202630976182680034120248e+00, 1.84131565584758474786289532493686751821e+00, 2.23708178763872840235164233404229870720e+00, 5.13390743068492709877034576675507491696e+00, 1.60710827567978499685980169279642344978e+00, -7.0928220820046253e+02, 5.1565901241336046e+02
0.96950000, 1.55318417481897946782518146863218358899e+00, -1.19686490730312470993227367371336964405e+00, 1.83906341145342516886552849244439633277e+00, 2.23493585126608612094790343632656664052e+00, 5.13196819465081506978719712342979206419e+00, 1.60764890231462992803556952002044938255e+00, -7.1509560097563605e+02, 5.0509858801825313e+02
0.96960000, 1.55388139598451237692398801225789759951e+00, -1.19535741531999056935713319436083486076e+00, 1.83680751721633087737075507336304005310e+00, 2.23278266504919232920840552288569419099e+00, 5.13002406477830740465657691650939084124e+00, 1.60819041350764810825218848595356351617e+00, -7.2077306747848183e+02, 4.9444071323480867e+02
0.96970000, 1.55457970407351006836410206980425668020e+00, -1.19384652690940225225817361650911685067e+00, 1.83454795696329722334981667814710514573e+00, 2.23062218744022420925375401811829262395e+00, 5.12807501277130091729468635860052434461e+00, 1.60873281483011754496971826854934183517e+00, -7.2631253959127052e+02, 4.8368683091696146e+02
0.96980000, 1.55527910467495858260296074279349100724e+00, -1.19233222243781607949391836750018294580e+00, 1.83228471438590661193410212450177720547e+00, 2.22845437655148887572444521600005649791e+00, 5.12612101009900755729165816882756329841e+00, 1.60927611191942609482554825994267670766e+00, -7.3171195381255054e+02, 4.7283842604795750e+02
0.96990000, 1.55597960343286624132081346338532354627e+00, -1.19081448211048896710523790845150927272e+00, 1.83001777303887426273921966258576606488e+00, 2.22627919015136410975756634629146919039e+00, 5.12416202799323207404840009727886510153e+00, 1.60982031047985353391630126175910178939e+00, -7.3696925194031394e+02, 4.6189702613363836e+02
0.97000000, 1.55668120604685518161614010396647079377e+00, -1.18929328596955623186757185836613344508e+00, 1.82774711633857066028140074022081534695e+00, 2.22409658566017730705990523704639293754e+00, 5.12219803744560847545495761191632899251e+00, 1.61036541628336680923776161913445927178e+00, -7.4208238177068997e+02, 4.5086420159083238e+02
0.97010000, 1.55738391827276283942658645787848227441e+00, -1.18776861389207975081975769806371533603e+00, 1.82547272756152027472275738357680961897e+00, 2.22190652014602150899603767828106510705e+00, 5.12022900920479453814278481058142404611e+00, 1.61091143517042871915371691699995635110e+00, -7.4704929781235505e+02, 4.3974156613053264e+02
0.97020000, 1.55808774592325356611891731932607397943e+00, -1.18624044558806593339479326771406752626e+00, 1.82319458984287612293488765109468077462e+00, 2.21970895032050736047978893431607086439e+00, 5.11825491377362361000042698545376748167e+00, 1.61145837305082027615366708503999522550e+00, -7.5186796201684630e+02, 4.2853077713553208e+02
0.97030000, 1.55879269486844056624653754982835722229e+00, -1.18470876059845295268325399976816496252e+00, 1.82091268617486973038574919042406645162e+00, 2.21750383253444981269259065762204613013e+00, 5.11627572140621292888732212766836077822e+00, 1.61200623590447701068815054422831217795e+00, -7.5653634452496461e+02, 4.1723353603217628e+02
0.97040000, 1.55949877103651834863457598369853821996e+00, -1.18317353829306666995898641492005229165e+00, 1.81862699940523604462586472731914077155e+00, 2.21529112277348836223430950311044364039e+00, 5.11429140210502766430187583208620584208e+00, 1.61255502978233948054291859942911314873e+00, -7.6105242442945197e+02, 4.0585158865588519e+02
0.97050000, 1.56020598041440588722339286941903169780e+00, -1.18163475786854467388022674069603958936e+00, 1.81633751223561284116983170295228566032e+00, 2.21307077665363959122214722460322498964e+00, 5.11230192561789987114542449609563547924e+00, 1.61310476080721825603343952866631351886e+00, -7.6541419055412562e+02, 3.9438672561008477e+02
0.97060000, 1.56091432904840069248478498618393031984e+00, -1.18009239834622784273827833299888883736e+00, 1.81404420721991415233060118927325619422e+00, 2.21084274941678074507162523776769777198e+00, 5.11030726143500152666054776796391550086e+00, 1.61365543517467365727344836258440366809e+00, -7.6961964224965036e+02, 3.8284078261817959e+02
0.97070000, 1.56162382304484399872435251969366252936e+00, -1.17854643857001882475085511321733767317e+00, 1.81174706676267723905965411470708690145e+00, 2.20860699592606305620025175348293057747e+00, 5.10830737878577080309738341496743309477e+00, 1.61420705915391052589983028509721479062e+00, -7.7366679020612773e+02, 3.7121564086818714e+02
0.97080000, 1.56233446857079727720179349736193655191e+00, -1.17699685720420681767838139523449794800e+00, 1.80944607311738261506837835074479012190e+00, 2.20636347066125349266834668269215198801e+00, 5.10630224663579070966167001267531660079e+00, 1.61475963908868831992553041959291259074e+00, -7.7755365728267891e+02, 3.5951322734964396e+02
0.97090000, 1.56304627185473028974175052708401468026e+00, -1.17544363273125801496883066728430030308e+00, 1.80714120838474662144672943973820390258e+00, 2.20411212771400358079110254378638812787e+00, 5.10429183368361921780928689674722937128e+00, 1.61531318139824682684706352079808510124e+00, -7.8127827935419553e+02, 3.4773551518238301e+02
0.97100000, 1.56375923918722090237481037407335552441e+00, -1.17388674344957107119965333356659426238e+00, 1.80483245451098603864647121652482969023e+00, 2.20185292078304391999901149354874572497e+00, 5.10227610835756996395971036649377467531e+00, 1.61586769257824779675834964530525625078e+00, -7.8483870617542992e+02, 3.3588452393677077e+02
0.97110000, 1.56447337692166688354502745843993568603e+00, -1.17232616747119692477320702434138664394e+00, 1.80251979328605421104950086607189132487e+00, 2.19958580316930297666727533034849278462e+00, 5.10025503881244260319021912869059334128e+00, 1.61642317920173280402298048060774838411e+00, -7.8823300226259341e+02, 3.2396231994498129e+02
0.97120000, 1.56518869147500991655070816172635743635e+00, -1.17076188271952230062372584580656997258e+00, 1.80020320634184814738824692068426812485e+00, 2.19731072777094871125495895008719457845e+00, 5.09822859292620186642852727859675564025e+00, 1.61697964792009765303774406512392679848e+00, -7.9145924779262806e+02, 3.1197101660287310e+02
0.97130000, 1.56590518932847206115308144745352228411e+00, -1.16919386692691620009773881623032219815e+00, 1.79788267515038604801587931575107221993e+00, 2.19502764707835155986687837859246349837e+00, 5.09619673829660435206795647826088773302e+00, 1.61753710546408365078659163921851962433e+00, -7.9451553952031379e+02, 2.9991277466202326e+02
0.97140000, 1.56662287702830490469695198185411798987e+00, -1.16762209763233866916407998355534009429e+00, 1.79555818102195469742977844525855020692e+00, 2.19273651316896725725014112479897516830e+00, 5.09415944223777206076990828891297206453e+00, 1.61809555864478607624168417708103440227e+00, -7.9739999171336927e+02, 2.8778980251146078e+02
0.97150000, 1.56734176118655164864268046950550477792e+00, -1.16604655217891111968193170504872804188e+00, 1.79322970510322614752275433053281754595e+00, 2.19043727770213795323663665643114881592e+00, 5.09211667177671165947634234348346462548e+00, 1.61865501435468018422235541782525483225e+00, -8.0011073710570067e+02, 2.7560435644863003e+02
0.97160000, 1.56806184848182238211419963324267796907e+00, -1.16446720771144746159300297358935343243e+00, 1.79089722837534310376294385019051056445e+00, 2.18812989191381003871548264488527878916e+00, 5.09006839364977843731271701990709635307e+00, 1.61921547956866508907961013741359354955e+00, -8.0264592786894846e+02, 2.6335874093910187e+02
0.97170000, 1.56878314566008279992773729137073708917e+00, -1.16288404117394528659383211247795954768e+00, 1.78856073165197241287486507568895575826e+00, 2.18581430661116706033742660874273537938e+00, 5.08801457429908389210132748866089186157e+00, 1.61977696134512588153917471947932232717e+00, -8.0500373660247763e+02, 2.5105530886453815e+02
0.97180000, 1.56950565953545662858511666517717099523e+00, -1.16129702930703632607273816170533487588e+00, 1.78622019557732603660014763955344820129e+00, 2.18349047216717606528749081480376820666e+00, 5.08595517986884586160749063325918118377e+00, 1.62033946682701434021636936012983930092e+00, -8.0718235734195187e+02, 2.3869646175840227e+02
0.97190000, 1.57022939699104202989873261972174204437e+00, -1.15970614864539538784908661473916247508e+00, 1.78387560062414888174600131693019845568e+00, 2.18115833851504567858275299085116973463e+00, 5.08389017620168008838725183449428773438e+00, 1.62090300324294860771762645821226743640e+00, -8.0918000658662710e+02, 2.2628465002889546e+02
0.97200000, 1.57095436497974225826751901366087818582e+00, -1.15811137551510695751576248543748835850e+00, 1.78152692709167284197117288177133803563e+00, 2.17881785514259417542807577488762435544e+00, 5.08181952883483208117524085750177742664e+00, 1.62146757790833220987300618086926353877e+00, -8.1099492434549417e+02, 2.1382237316858542e+02
0.97210000, 1.57168057052511085414955463567847221800e+00, -1.15651268603098863094403943557445095249e+00, 1.77917415510353639160122779845797678020e+00, 2.17646897108652577016177141357490576578e+00, 5.07974320299634810912431557919879268159e+00, 1.62203319822649280550845365619960928125e+00, -8.1262537520239464e+02, 2.0131217995018012e+02
0.97220000, 1.57240802072221166298270756207640407347e+00, -1.15491005609387052474786428464225025102e+00, 1.77681726460566905619533064752745377321e+00, 2.17411163492661330121245063911414796991e+00, 5.07766116360118413786332628009351827729e+00, 1.62259987168984106327293460438864057003e+00, -8.1406964940022728e+02, 1.8875666860788627e+02
0.97230000, 1.57313672273849397569537735820674457178e+00, -1.15330346138782979120587241161287259786e+00, 1.77445623536414006859272170259436102289e+00, 2.17174579477978544823334763530818673781e+00, 5.07557337524725148825359674324329619555e+00, 1.62316760588105007139135432786698221682e+00, -8.1532606394435639e+02, 1.7615848700377776e+02
0.97240000, 1.57386668381468309403063841681953322265e+00, -1.15169287737737934328758600820995546598e+00, 1.77209104696297050273579951028709877151e+00, 2.16937139829411657314574071274652371656e+00, 5.07347980221139796987567424242164564717e+00, 1.62373640847425569582693994474564879331e+00, -8.1639296372532589e+02, 1.6352033277858517e+02
0.97250000, 1.57459791126568663118479001834207208395e+00, -1.15007827930460987400802113233608098018e+00, 1.76972167880190816068467442408069811332e+00, 2.16698839264271723117197180404096377598e+00, 5.07138040844532321164187795396937298574e+00, 1.62430628723627831221444258554663490500e+00, -8.1726872266097578e+02, 1.5084495348630327e+02
0.97260000, 1.57533041248151686574155815286566304979e+00, -1.14845964218628423232453873508461436717e+00, 1.76734811009416447089134350375212855439e+00, 2.16459672451752335103299765373319643962e+00, 5.06927515757142688148267971969269751350e+00, 1.62487725002786634707626397417075782131e+00, -8.1795174485804969e+02, 1.3813514671199848e+02
0.97270000, 1.57606419492822947457226193268844704113e+00, -1.14683694081088319517279427912186540571e+00, 1.76497031986411263797585688645784557041e+00, 2.16219634012298203528604207924717558163e+00, 5.06716401287858845577063202707080240641e+00, 1.62544930480496207426588383253137629631e+00, -8.1844046579337396e+02, 1.2539376017218364e+02
0.97280000, 1.57679926614887897827666530638330851309e+00, -1.14521014973560165199599838823670654628e+00, 1.76258828694494626592710118889011167644e+00, 2.15978718516963188224404079610008003157e+00, 5.06504693731787716699817633920751894553e+00, 1.62602245961999012330550972026094002106e+00, -8.1873335351467992e+02, 1.1262369179711198e+02
0.97290000, 1.57753563376449124086572360731960827941e+00, -1.14357924328329419423365335964717730830e+00, 1.76020198997629765782169659363005689695e+00, 2.15736920486757568000802156095894557003e+00, 5.06292389349819072518805794680823502087e+00, 1.62659672262316916730674485045187755941e+00, -8.1882890986113186e+02, 9.9827889794327154e+01
0.97300000, 1.57827330547505337374298302661712240050e+00, -1.14194419553936907768203534368444249196e+00, 1.75781140740181497580002912969622816830e+00, 2.15494234391984327081269491010085385729e+00, 5.06079484368182137455911945558617662086e+00, 1.62717210206384726949364634803390497777e+00, -8.1872567170361336e+02, 8.7009352692790336e+01
0.97310000, 1.57901228906052140263322537290720694653e+00, -1.14030498034862950039778204123361536143e+00, 1.75541651746669742514209367728611117709e+00, 2.15250654651564233008914680363181451162e+00, 5.05865974977994781206682514788336748265e+00, 1.62774860629186137899653158214777866946e+00, -8.1842221220481467e+02, 7.4171129366889664e+01
0.97320000, 1.57975259238184606494255326436721963992e+00, -1.13866157131206111286609934288862943757e+00, 1.75301729821518760583049723039188277673e+00, 2.15006175632349474933981541215649744043e+00, 5.05651857334805145855682806560557693217e+00, 1.62832624375892147856233275254022745995e+00, -8.1791714209915279e+02, 6.1316319039621152e+01
0.97330000, 1.58049422338201711412123184459147642945e+00, -1.13701394178356465047361210509092799606e+00, 1.75061372748802015395594939102684983870e+00, 2.14760791648425625505141700350898363582e+00, 5.05437127558125553637999923801747558154e+00, 1.62890502302001989914360633797745945862e+00, -8.1720911099254481e+02, 4.8448071264213950e+01
0.97340000, 1.58123719008712651694726920507949414853e+00, -1.13536206486663255088923407318160564354e+00, 1.74820578291982577369350026585720505501e+00, 2.14514496960401683739093643512010659650e+00, 5.05221781730958536938624309614096296959e+00, 1.62948495273486632899425219414534158238e+00, -8.1629680868204326e+02, 3.5569585883456253e+01
0.97350000, 1.58198150060745093926324416931405029980e+00, -1.13370591341096839074025245015325178731e+00, 1.74579344193648973833667129340680594084e+00, 2.14267285774687950228618201923987307301e+00, 5.05005815899314828220860998692497259262e+00, 1.63006604166934905792675089895437590957e+00, -8.1517896649532945e+02, 2.2684112965961398e+01
0.97360000, 1.58272716313855392558989183235481974372e+00, -1.13204546000904794694986538314599717420e+00, 1.74337668175246391600177667956940199332e+00, 2.14019152242761479863180593742322994376e+00, 5.04789226071723143563396078357126237591e+00, 1.63064829869702301078485253456437649276e+00, -8.1385435865004832e+02, 9.7949527185966888e+00
0.97370000, 1.58347418596240818821636068198370293287e+00, -1.13038067699262065825051099826033891316e+00, 1.74095547936803135208575794823145886271e+00, 2.13770090460418850872823543757978732783e+00, 5.04572008218731589359575616576947610401e+00, 1.63123173280062513796912781393633190235e+00, -8.1232180363295390e+02, -3.0945446257196928e+00
0.97380000, 1.58422257744853843183811062822662137631e+00, -1.12871153642915023167736670722273963485e+00, 1.73852981156652241635662062023311962255e+00, 2.13520094467015982459673551112625385552e+00, 5.04354158272400517488114126845014809628e+00, 1.63181635307361774503303946716086011250e+00, -8.1058016559882097e+02, -1.5980978945665811e+01
0.97390000, 1.58497234605518515058871611310120994636e+00, -1.12703801011819310725026786372945729422e+00, 1.73609965491148149765417295403089616489e+00, 2.13269158244694726545880034616620224990e+00, 5.04135672125786649897972010988626051309e+00, 1.63240216872176035795707542304156280653e+00, -8.0862835578906269e+02, -2.8860900395436840e+01
0.97400000, 1.58572350033048984540131035641152109292e+00, -1.12536006958771346154085419034117288905e+00, 1.73366498574378320355752783268289577806e+00, 2.13017275717595952236001333326740624567e+00, 5.03916545632418289057519141260788341269e+00, 1.63298918906471073572134214790568583738e+00, -8.0646533396997906e+02, -4.1730809595787263e+01
0.97410000, 1.58647604891370212104935794465730624127e+00, -1.12367768609033339736478569028562759559e+00, 1.73122578017869699601121715852482627691e+00, 2.12764440751058834459289375660579529534e+00, 5.03696774605761426095180131456726976782e+00, 1.63357742353765565724667130493036222038e+00, -8.0409010989054398e+02, -5.4587157853060018e+01
0.97420000, 1.58723000053640913396555488894414082768e+00, -1.12199083059951693240504435615823012247e+00, 1.72878201410289916676939807533543739924e+00, 2.12510647150806050916314398103827141647e+00, 5.03476354818676553701227736606586115997e+00, 1.63416688169297212567507835855214521126e+00, -8.0150174475962199e+02, -6.7426347407086453e+01
0.97430000, 1.58798536402378787403300412870550117644e+00, -1.12029947380568636412915782550962204002e+00, 1.72633366317143102859221930201217493072e+00, 2.12255888662114583897971883929306168369e+00, 5.03255282002865985963786275281884311734e+00, 1.63475757320191964932718908934968178453e+00, -7.9869935274248759e+02, -8.0244731708859381e+01
0.97440000, 1.58874214829588077599588714761671139393e+00, -1.11860358611226955187693885736866609767e+00, 1.72388070280460216938374747988810525292e+00, 2.12000158968971815765926495254220195109e+00, 5.03033551848311482271792714033521973145e+00, 1.63534950785636427552243049574392285934e+00, -7.9568210247650135e+02, -9.3038615728900135e+01
0.97450000, 1.58950036236889516895956334134206765855e+00, -1.11690313763167661943106143119967864828e+00, 1.72142310818483758686973961099044535324e+00, 2.11743451693216598874503176896602951440e+00, 5.02811160002701967228831615744766617978e+00, 1.63594269557053507079335010143499083585e+00, -7.9244921860577753e+02, -1.0580425629725928e+02
0.97460000, 1.59026001535652708565473756749852244309e+00, -1.11519809818120454270420808026564237053e+00, 1.71896085425346749094778878222687457650e+00, 2.11485760393664972467184011039236621283e+00, 5.02588102070851133179423683207196354060e+00, 1.63653714638281375888496220421336226986e+00, -7.8899998333465734e+02, -1.1853786247610958e+02
0.97470000, 1.59102111647130996673986587974555373315e+00, -1.11348843727886804734597311358400147408e+00, 1.71649391570745852947271373873540750463e+00, 2.11227078565220190588168492657839863154e+00, 5.02364373614104706448330399763860177335e+00, 1.63713287045755824632072168600390877628e+00, -7.8533373799978096e+02, -1.3123559596590900e+02
0.97480000, 1.59178367502598880942362536313579129795e+00, -1.11177412413915520005111647692641967805e+00, 1.71402226699608516093615928506130145866e+00, 2.10967399637966716302557635248074566173e+00, 5.02139970149737152728367833227628768919e+00, 1.63772987808696078425644258140512739135e+00, -7.8144988466052880e+02, -1.4389357154613053e+02
0.97490000, 1.59254770043492032411886444955663069731e+00, -1.11005512766870603509757162696165533002e+00, 1.71154588231753986422973284021811210242e+00, 2.10706716976247828508964124890905689465e+00, 5.01914887150337591217525655245478649062e+00, 1.63832817969294153485072977854216814642e+00, -7.7734788770757977e+02, -1.5650785755157521e+02
0.97500000, 1.59331320221549967770530689629302990005e+00, -1.10833141646191251411570848688221972632e+00, 1.70906473561548084141294226130656973227e+00, 2.10445023877726478346736108530510091836e+00, 5.01689120043184681096074956572512154991e+00, 1.63892778582907833047449936018169071202e+00, -7.7302727548930978e+02, -1.6907447638530420e+02
0.97510000, 1.59408018998961441729528305861092545463e+00, -1.10660295879643807224601645139458028556e+00, 1.70657880057551583410680178480125132620e+00, 2.10182313572429022637170677528057171781e+00, 5.01462664209610237742811144174331782486e+00, 1.63952870718257343478287815279449479524e+00, -7.6848764195572889e+02, -1.8158940506924501e+02
0.97520000, 1.59484867348512618418035190317268326694e+00, -1.10486972262865495763519771816140415869e+00, 1.70408805062162063776602621266758735714e+00, 2.09918579221771451944384631407098563233e+00, 5.01235514984351329710375841896176248524e+00, 1.64013095457625813600090932048981633612e+00, -7.6372864831962899e+02, -1.9404857583354713e+02
0.97530000, 1.59561866253738084390289451523325968298e+00, -1.10313167558899752360348949624134378972e+00, 1.70159245891249086061068269461175808963e+00, 2.09653813917567720686829664565769383560e+00, 5.01007667654890600906253320500747859553e+00, 1.64073453897063602475155504208598914152e+00, -7.5875002473458696e+02, -2.0644787674578171e+02
0.97540000, 1.59639016709074767516226025308435899862e+00, -1.10138878497722958373987770480365571765e+00, 1.69909199833782543538405704073201273861e+00, 2.09388010681019776264320670946053805744e+00, 5.00779117460784555651810583818698795406e+00, 1.64133947146596583140281321500474983906e+00, -7.5355157198943963e+02, -2.1878315238109973e+02
0.97550000, 1.59716319720018827754712953389512150249e+00, -1.09964101775762388959583011119528786032e+00, 1.69658664151454035230789843737066280530e+00, 2.09121162461688873377015517969521881605e+00, 5.00549859592979537309652077343357583406e+00, 1.64194576330438472125354873408087055503e+00, -7.4813316321881731e+02, -2.3105020453448331e+02
0.97560000, 1.59793776303285587590239303746267321183e+00, -1.09788834055405173849937928414380274412e+00, 1.69407636078291104058819012283778136263e+00, 2.08853262136447748590743039610255231649e+00, 5.00319889193115123972323232626925666272e+00, 1.64255342587207296993897623018365268732e+00, -7.4249474562929225e+02, -2.4324479297624401e+02
0.97570000, 1.59871387486972571750870639647880448320e+00, -1.09613071964498066524486517841808685966e+00, 1.69156112820264178354162269594901005412e+00, 2.08584302508413218735679848400499412910e+00, 5.00089201352814657285469990372667105736e+00, 1.64316247070146096624165283585419126601e+00, -7.3663634224066599e+02, -2.5536263625194251e+02
0.97580000, 1.59949154310725727719536279139139657661e+00, -1.09436812095837811597227731462756558714e+00, 1.68904091554886050882083311499787575509e+00, 2.08314276305858754900419310477025235400e+00, 4.99857791112962612828095055527870169671e+00, 1.64377290947347951506835712060518852525e+00, -7.3055805364188676e+02, -2.6739941252792330e+02
0.97590000, 1.60027077825908900504239548668550356758e+00, -1.09260051006651894537453018080116932653e+00, 1.68651569430803725026929972598188745043e+00, 2.08043176181106571588267580943712701111e+00, 4.99625653462968512583386676215030571436e+00, 1.64438475401985443972437455079009256407e+00, -7.2426005976105325e+02, -2.7935076048367818e+02
0.97600000, 1.60105159095776637147683507885282688984e+00, -1.09082785218069451939941538687940002749e+00, 1.68398543567382453158683252693741214771e+00, 2.07770994709398758023947108643871245304e+00, 4.99392783340017071897249104530442212835e+00, 1.64499801632544650981257588409515080508e+00, -7.1774262164892551e+02, -2.9121228025227180e+02
0.97610000, 1.60183399195650398535258816451402820314e+00, -1.08905011214582114478118891146734047091e+00, 1.68145011054281787418426780596086675384e+00, 2.07497724387746965623065614250414316886e+00, 4.99159175628304264929314391579003671930e+00, 1.64561270853063774913446884998390357182e+00, -7.1100608327532618e+02, -3.0297953441008219e+02
0.97620000, 1.60261799213098258204612686919012100453e+00, -1.08726725443494548397798707610640044585e+00, 1.67890968951023458229970353846951167352e+00, 2.07223357633760152249445982950744149180e+00, 4.98924825158258983943688552597577564184e+00, 1.64622884293376520690449076789819011145e+00, -7.0405087333777688e+02, -3.1464804901712870e+02
0.97630000, 1.60340360248118170072463728495474536490e+00, -1.08547924314364454933604885794933278079e+00, 1.67636414286550890758478359714060370158e+00, 2.06947886784449870071862712821231606031e+00, 4.98689726705749958854438466263447103189e+00, 1.64684643199360330543876624369029949922e+00, -6.9687750708167422e+02, -3.2621331470927884e+02
0.97640000, 1.60419083413324889277396774730690731413e+00, -1.08368604198431780347777571329119988127e+00, 1.67381344058780164289240280752323431549e+00, 2.06671304095012569576445931845540385270e+00, 4.98453874991277594223931065791801578804e+00, 1.64746548833189590827821932819992538662e+00, -6.8948658813126826e+02, -3.3767078784364500e+02
0.97650000, 1.60497969834140632693612850389033679836e+00, -1.08188761428036882394277108140673598207e+00, 1.67125755234142214084877545095746941131e+00, 2.06393601737588377577919509618977756266e+00, 4.98217264679150371400262989390925908038e+00, 1.64808602473593928448746279045949213159e+00, -6.8187881033066311e+02, -3.4901589169850048e+02
0.97660000, 1.60577020648989568102673500127097435537e+00, -1.08008392296027391892089300117941518161e+00, 1.66869644747116069691276866095711073414e+00, 2.06114771799995791885204715947610116999e+00, 4.97979890376645453662415984348577905676e+00, 1.64870805416121717767082611301268210132e+00, -6.7405495959401439e+02, -3.6024401772906314e+02
0.97670000, 1.60656237009496223520924481062876747863e+00, -1.07827493055153500742254412815712973478e+00, 1.66613009499752917895099458533518345035e+00, 2.05834806284441719597329137271880158308e+00, 4.97741746633153122107250677392022646117e+00, 1.64933158973408922210220606274356779109e+00, -6.6601591576405176e+02, -3.7135052688051310e+02
0.97680000, 1.60735620080687910772382311927099034876e+00, -1.07646059917451400134908434770175831001e+00, 1.66355846361190772582308125890372324711e+00, 2.05553697106206269815899591657604362670e+00, 4.97502827939304659549359168197053506853e+00, 1.64995664475453398331461134486712572280e+00, -6.5776265447800665e+02, -3.8233075095962903e+02
0.97690000, 1.60815171041201260073406717383043996331e+00, -1.07464089053614584856705112820068293595e+00, 1.66098152167159527600984247550724916627e+00, 2.05271436092301694841745859680996859535e+00, 4.97263128726083288901005359329042476996e+00, 1.65058323269894793657838028922632116635e+00, -6.4929624903997506e+02, -3.9317999406644483e+02
0.97700000, 1.60894891083492965159573599164735572041e+00, -1.07281576592352731516181901152279935926e+00, 1.65839923719476162385700292496008756339e+00, 2.04988014980104856656053964913412457607e+00, 4.97022643363917761342258890079790954505e+00, 1.65121136722300173395577548497584382217e+00, -6.4061787229869371e+02, -4.0389353408734603e+02
0.97710000, 1.60974781414054841340046011119210510225e+00, -1.07098518619737850145359943009061240640e+00, 1.65581157785529863547506281818704310491e+00, 2.04703425415962577649898757089957775961e+00, 4.96781366161758178067816622988028613050e+00, 1.65184106216455514909741749721444958515e+00, -6.3172879852965409e+02, -4.1446662425104137e+02
0.97720000, 1.61054843253633301813787974378698787288e+00, -1.06914911178537400000144576636570248653e+00, 1.65321851097756818865512550108683536935e+00, 2.04417658953769216139213537471430802924e+00, 4.96539291366133617493197994833380059033e+00, 1.65247233154663212868802332756759636426e+00, -6.2263040532042325e+02, -4.2489449474886147e+02
0.97730000, 1.61135077837453360628691294242046745529e+00, -1.06730750267534051459516401094548041386e+00, 1.65062000353104433125120590336442574666e+00, 2.04130707053515788162660092332116201738e+00, 4.96296413160191127504715422583692826980e+00, 1.65310518958045742050225478723306859973e+00, -6.1332417545798276e+02, -4.3517235442085184e+02
0.97740000, 1.61215486415447273812748918827738435194e+00, -1.06546031840831766703232645274488985028e+00, 1.64801602212484708025850972009506432978e+00, 2.03842561079809937384407427805265739032e+00, 4.96052725662715629629974922067745568792e+00, 1.65373965066855629044521311792082291214e+00, -6.0381169881683748e+02, -4.4529539250914217e+02
0.97750000, 1.61296070252487933459623300781259910781e+00, -1.06360751807147862318494138323241606402e+00, 1.64540653300216520919777166329751605472e+00, 2.03553212300366034588330413471384837415e+00, 4.95808222927130268873141957538934629451e+00, 1.65437572940791888477735049343351609069e+00, -5.9409467424658417e+02, -4.5525878048008821e+02
0.97760000, 1.61376830628627132913298690790879509397e+00, -1.06174906029090707135993378260517738546e+00, 1.64279150203456529430768010941394947402e+00, 2.03262651884464667229409929864816959427e+00, 4.95562898940476729385640779625371835276e+00, 1.65501344059323083901356909659015275277e+00, -5.8417491145756616e+02, -4.6505767391669554e+02
0.97770000, 1.61457768839338824672114295891600942469e+00, -1.05988490322422698412659255853557717086e+00, 1.64017089471618421035660593223091751406e+00, 2.02970870901380757775885651479116273113e+00, 4.95316747622375022111479220628302440292e+00, 1.65565279922017178179655832666513954846e+00, -5.7405433290317407e+02, -4.7468721448284736e+02
0.97780000, 1.61538886195767496225668609039006297210e+00, -1.05801500455308148949441683554577169149e+00, 1.63754467615780218451322562719148847959e+00, 2.02677860318779527104584009554090958466e+00, 4.95069762823962236039419116919916239543e+00, 1.65629382048878343043285114900860646842e+00, -5.6373497565728441e+02, -4.8414253196086948e+02
0.97790000, 1.61620184024981792753365892008350004741e+00, -1.05613932147545706844269916517484568457e+00, 1.63491281108079343156094644221798045850e+00, 2.02383611001079495973237147170926566126e+00, 4.94821938326809729693401775771753536105e+00, 1.65693651980690902480699999092802536642e+00, -5.5321899328525706e+02, -4.9341874636397678e+02
0.97800000, 1.61701663670233519455438488437111867918e+00, -1.05425781069784918318927962220079061319e+00, 1.63227526381095130569670466134541700507e+00, 2.02088113707781693557704415439563129761e+00, 4.94573267841818223978851115559935018118e+00, 1.65758091279370589811760329543511157140e+00, -5.4250865770683976e+02, -5.0251097012515422e+02
0.97810000, 1.61783326491222160261019992999842016275e+00, -1.05237042842726532409468586580333803461e+00, 1.62963199827218481310954896570472246468e+00, 2.01791359091764217177687813151120064381e+00, 4.94323745008090241455745481239968146350e+00, 1.65822701528323303637428482248208559328e+00, -5.3160636104925200e+02, -5.1141431036403440e+02
0.97820000, 1.61865173864365053768372468507097786443e+00, -1.05047713036306134257747386528799565621e+00, 1.62698297798008323537248465854631254610e+00, 2.01493337697541261609316684086636354236e+00, 4.94073363391779320508832060931407785437e+00, 1.65887484332811553392560348580032999102e+00, -5.2051461748864287e+02, -5.2012387123334004e+02
0.97830000, 1.61947207183073371525015685367696487995e+00, -1.04857787168860681270846644676791198374e+00, 1.62432816603534551628137335652240197449e+00, 2.01194039959485709762957113127478094198e+00, 4.93822116484915415709300675318256656645e+00, 1.65952441320328790952568753926335541317e+00, -5.0923606507803668e+02, -5.2863475634646586e+02
0.97840000, 1.62029427858034048155829837211571230384e+00, -1.04667260706277503509022249996093973071e+00, 1.62166752511707096401103450418471998412e+00, 2.00893456200014348954372578656181346755e+00, 4.93569997704205877887923374259605061301e+00, 1.66017574140981830666669283448532688971e+00, -4.9777346755979691e+02, -5.3694207128777821e+02
0.97850000, 1.62111837317497817401010924787012599138e+00, -1.04476129061125316304059288354850546247e+00, 1.61900101747590771619935123016210706674e+00, 2.00591576627734748479948589468187867931e+00, 4.93317000389811389043384339642469472707e+00, 1.66082884467881566318279449171437021939e+00, -4.8612971616055319e+02, -5.4504092620721363e+02
0.97860000, 1.62194437007573512839110838200661324597e+00, -1.04284387591766779280506741848743896838e+00, 1.61632860492705530767764260443436216614e+00, 2.00288391335552804683471342961951282416e+00, 4.93063117804096208166497986592112581423e+00, 1.66148373997542199855057106469546926600e+00, -4.7430783136644705e+02, -5.5292643850075826e+02
0.97870000, 1.62277228392528796949620647919390799079e+00, -1.04092031601452121633315181062397902971e+00, 1.61365024884311756889627366718833207589e+00, 1.99983890298739929132565540003923636060e+00, 4.92808343130352064345362133285023385442e+00, 1.66214044450289203295515584924029070844e+00, -4.6231096467646070e+02, -5.6059373557838920e+02
0.97880000, 1.62360212955097487221265070200672327401e+00, -1.03899056337393338687211750854949942782e+00, 1.61096591014680196749853247540974564061e+00, 1.99678063372958823865180728537973457697e+00, 4.92552669471495013101176429114168958257e+00, 1.66279897570676242015000205680650778197e+00, -4.5014240033149862e+02, -5.6803795772105629e+02
0.97890000, 1.62443392196793653243272415399910241191e+00, -1.03705456989818449405112515960031068369e+00, 1.60827554930346138581665024282622654900e+00, 1.99370900292246754876394407661419660660e+00, 4.92296089848734550761213331716763220244e+00, 1.66345935127911294650307787667945437233e+00, -4.3780555701679403e+02, -5.7525426102827758e+02
0.97900000, 1.62526767638232664134580584982429358877e+00, -1.03511228691005288603457178893912573370e+00, 1.60557912631347420313793088944637001757e+00, 1.99062390666955201047197705289346363019e+00, 4.92038597200214259774718949483489923795e+00, 1.66412158916292212149045986072186277917e+00, -4.2530398953511209e+02, -5.8223782045791517e+02
0.97910000, 1.62610340819459371277773318490564382625e+00, -1.03316366514294291149037578066196158263e+00, 1.60287660070445842324541326928985995558e+00, 1.98752523981644720521667673883937423145e+00, 4.91780184379623235188458534617425090784e+00, 1.66478570755651966037066528827973241731e+00, -4.1264139044811765e+02, -5.8898383295968827e+02
0.97920000, 1.62694113300283617138389961213616767368e+00, -1.03120865473079708331130309247060235396e+00, 1.60016793152331545479774118579304778405e+00, 1.98441289592933840066622525984027619751e+00, 4.91520844154777518988908328206058631438e+00, 1.66545172491813843795526062973598075263e+00, -3.9982159168316873e+02, -5.9548752070396879e+02
0.97930000, 1.62778086660623266974352215500423023598e+00, -1.02924720519778678899902829487177190720e+00, 1.59745307732809901439031226784729818651e+00, 1.98128676727300735145795042460223372997e+00, 4.91260569206170744653949665980651239084e+00, 1.66611965997056857339370483865106970373e+00, -3.8684856610268691e+02, -6.0174413440739026e+02
0.97940000, 1.62862262500854966483213951312455974652e+00, -1.02727926544777558911370194980154179174e+00, 1.59473199617970447943918230402245417355e+00, 1.97814674478836429253598163368709425055e+00, 4.90999352125493169003000785123254551551e+00, 1.66678953170591638982847172655679994133e+00, -3.7372642903314203e+02, -6.0774895675678316e+02
0.97950000, 1.62946642442172834905771060954511932117e+00, -1.02530478375354895493667607279834708605e+00, 1.59200464563337387014657121698321944080e+00, 1.97499271806948200423984086452071177348e+00, 4.90737185414118242253844968453438935915e+00, 1.66746135939047107977097642721039165073e+00, -3.6045943975057233e+02, -6.1349730593293008e+02
0.97960000, 1.63031228126955309812688025446974106594e+00, -1.02332370774580409920844720293044740961e+00, 1.58927098273001148652874328799536184586e+00, 1.97182457534011840697305899332033219713e+00, 4.90474061481555840048274786674693623055e+00, 1.66813516256968199722599966368480592357e+00, -3.4705200291944037e+02, -6.1898453923560998e+02
0.97970000, 1.63116021219140366756062530663765366848e+00, -1.02133598440189334919229607224555946936e+00, 1.58653096398730506759027274785872012590e+00, 1.96864220342971370629234118546022958280e+00, 4.90209972643871253056552285114986976170e+00, 1.66881096107324959108429819059732234102e+00, -3.3350866998150179e+02, -6.2420605681137440e+02
0.97980000, 1.63201023404609344180573405911050569088e+00, -1.01934156003431429906708814156052656890e+00, 1.58378454539064717497967171067739754337e+00, 1.96544548774884765594430451917380768522e+00, 4.89944911122069000570157587080963630200e+00, 1.66948877502033309124819345395715171874e+00, -3.1983414049123644e+02, -6.2915730548546789e+02
0.97990000, 1.63286236391579611469836271650874150775e+00, -1.01734038027893975844614615072902485770e+00, 1.58103168238385133261559534528035958091e+00, 1.96223431226414203604468102377753914383e+00, 4.89678869040440504198930069669987791794e+00, 1.67016862482487815949788799680298804122e+00, -3.0603326339426043e+02, -6.3383378269927057e+02
0.98000000, 1.63371661911006325764128044882659273496e+00, -1.01533239008298028531348163704824703599e+00, 1.57827232985965727657446275329520970531e+00, 1.95900855947259295551736804452988434389e+00, 4.89411838424874626355951143474850578192e+00, 1.67085053120106782139861161228971576517e+00, -2.9211103824500324e+02, -6.3823104055460271e+02
0.98010000, 1.63457301716993531237571210425258017867e+00, -1.01331753369267185450820130330704974375e+00, 1.57550644215001948571143143707794844753e+00, 1.95576811037531708132625986069031984769e+00, 4.89143811201130045592606084610631533772e+00, 1.67153451516890010374913791698115647467e+00, -2.7807261635979540e+02, -6.4234468996618855e+02
0.98020000, 1.63543157587214862878587589239082822753e+00, -1.01129575464068096669970532437287267515e+00, 1.57273397301617297276667922495602856389e+00, 1.95251284445069537114320222786778917777e+00, 4.88874779193068406986083032495193395242e+00, 1.67222059805989591434695203309035046931e+00, -2.6392330190137038e+02, -6.4617040492352966e+02
0.98030000, 1.63629231323344125489925432565878817252e+00, -1.00926699573321924718947008711377366317e+00, 1.56995487563847011779400947764489349772e+00, 1.94924263962689734006385883825798015193e+00, 4.88604734120847150628542517584334323608e+00, 1.67290880152294081736852590787736778867e+00, -2.4966855289063809e+02, -6.4970392686338630e+02
0.98040000, 1.63715524751496027627440530301030993245e+00, -1.00723119903685931843987646993510714286e+00, 1.56716910260598212033102145627676106206e+00, 1.94595737225376832493226957586169304063e+00, 4.88333667599070884765144658892949186174e+00, 1.67359914753026447861724150818225111003e+00, -2.3531398214143762e+02, -6.5294106915400853e+02
0.98050000, 1.63802039722677359544333341073176169545e+00, -1.00518830586504345453682011003733741879e+00, 1.56437660590585843348684433322720472657e+00, 1.94265691707406162084404560229001904300e+00, 4.88061571134900132218139211545141459129e+00, 1.67429165838356168046774584419735086060e+00, -2.2086535811382308e+02, -6.5587772169219661e+02
0.98060000, 1.63888778113248913914660691495965715525e+00, -1.00313825676427623938974709585334415311e+00, 1.56157733691243732171655180334235927257e+00, 1.93934114719399675250191978785008270423e+00, 4.87788436126116239354505420232597330792e+00, 1.67498635672025893673442606932647851805e+00, -2.0632860568127849e+02, -6.5850985561420267e+02
0.98070000, 1.63975741825398458192329074101335031121e+00, -1.00108099149999215288708587556716690445e+00, 1.55877124637610045412632164753641065744e+00, 1.93600993405312450728252837849049588986e+00, 4.87514253859141195940330472298936608024e+00, 1.67568326551993087312350259149560366642e+00, -1.9170980680709606e+02, -6.6083352812141162e+02
0.98080000, 1.64062932787625077935878746069045827780e+00, -9.99016449042088699960130158121837301176e-01, 1.55595828441186420633840582316618239596e+00, 1.93266314739347869607634897139650709266e+00, 4.87239015507011071708184178775220063617e+00, 1.67638240811087067961346732781906637640e+00, -1.7701520112498614e+02, -6.6284488742165974e+02
0.98090000, 1.64150352955235221312431849619126444421e+00, -9.96944567550115376042862635041277572796e-01, 1.55313840048770009585008485484889142687e+00, 1.92930065522799392106713488039993606865e+00, 4.86962712127301731272744649849918015311e+00, 1.67708380817681908727858250027441658321e+00, -1.6225118641881763e+02, -6.6454017778696257e+02
0.98100000, 1.64238004310850786304302043581367657008e+00, -9.94865284358108428201480748949423918802e-01, 1.55031154341257651803689211000710559727e+00, 1.92592232380816791545047337720974917382e+00, 4.86685334660005443089843975418381672661e+00, 1.67778748976385647396765699645054432494e+00, -1.4742431899621334e+02, -6.6591574472833031e+02
0.98110000, 1.64325888864929603897942768536793697742e+00, -9.92778535959061023670419202995844194360e-01, 1.54747766132421368204820563823637095392e+00, 1.92252801759094627742168227438832171693e+00, 4.86406873925356950386152350636193782419e+00, 1.67849347728746286113012589043229783923e+00, -1.3254131395054717e+02, -6.6696804028824816e+02
0.98120000, 1.64414008656298682757087344975565057888e+00, -9.90684257989018076067286630243452891922e-01, 1.54463670167654336737220837926853293045e+00, 1.91911759920480664829719149739452598170e+00, 4.86127320621607522308140743660997671578e+00, 1.67920179553975072821106926172174141073e+00, -1.1760904530570760e+02, -6.6769362845129022e+02
0.98130000, 1.64502365752700593591045901661734535922e+00, -9.88582385210784603532440993256468423831e-01, 1.54178861122686483233412394713758816634e+00, 1.91569092941501858101099268343150455239e+00, 4.85846665322745451862788882371072101803e+00, 1.67991246969687574169711764661415816490e+00, -1.0263454603780622e+02, -6.6808919067321911e+02
0.98140000, 1.64590962251353384647164526422791481275e+00, -9.86472851497236101782548715745034230538e-01, 1.53893333602268790473973505614165473544e+00, 1.91224786708805450901923125469049825223e+00, 4.85564898476161413457328609442271052684e+00, 1.68062552532663067338125056311280279129e+00, -8.7625007967819743e+01, -6.6815153152879801e+02
0.98150000, 1.64679800279524433506526287054061817239e+00, -9.84355589814219007879726883395672115601e-01, 1.53607082138825397176363381796582206314e+00, 1.90878826915512635534855177134187255913e+00, 4.85282010400257036895031203142500742222e+00, 1.68134098839622796703628786577234414406e+00, -7.2587781518959727e+01, -6.6787758447840729e+02
0.98160000, 1.64768881995118654668361931036120378802e+00, -9.82230532203028906660811663237642667394e-01, 1.53320101191072526046014514665973765607e+00, 1.90531199057482141555661826851647281832e+00, 4.84997991281994996447599530854434070293e+00, 1.68205888528027660477016560970602216914e+00, -5.7530375332366484e+01, -6.6726441775341447e+02
0.98170000, 1.64858209587281497296861212657766303231e+00, -9.80097609762453690468640356547846239694e-01, 1.53032385142603246136818647273221362739e+00, 1.90181888429481020507332294464233761039e+00, 4.84712831174388852995806005705125649274e+00, 1.68277924276895912422331204668503693016e+00, -4.2460455734521411e+01, -6.6630924036009183e+02
0.98180000, 1.64947785277017183000966373649433145154e+00, -9.77956752630368423262134922452604662452e-01, 1.52743928300437039498375355019643524769e+00, 1.89830880121259797900860717677081686849e+00, 4.84426519993930824096773037400802729205e+00, 1.68350208807641484581964404116882802036e+00, -2.7385846049566377e+01, -6.6500940820171204e+02
0.98190000, 1.65037611317822649651505909453521758470e+00, -9.75807889964868181494680985529510911720e-01, 1.52454724893533105374834638715363272440e+00, 1.89478159013529060920557282434350662820e+00, 4.84139047517955591081004340729349607436e+00, 1.68422744884933558587655895918783273881e+00, -1.2314525749509260e+01, -6.6336243031827652e+02
0.98200000, 1.65127689996337684040373546704630209314e+00, -9.73650949924924645435651075158605702531e-01, 1.52164769071266296997860170640366735633e+00, 1.89123709773834443714630224328111555470e+00, 4.83850403381938183781014403844096360715e+00, 1.68495535317578035691416055407969443985e+00, 2.7453705649183867e+00, -6.6136597524314416e+02
0.98210000, 1.65218023633011743684608511889660986438e+00, -9.71485859650551694914699177108447837923e-01, 1.51874054901864546213695379442166984501e+00, 1.88767516852326861024008224963521536603e+00, 4.83560577076723912115668476853477969318e+00, 1.68568582959421579139901342555716387340e+00, 1.7785554360202132e+01, -6.5901787747562886e+02
0.98220000, 1.65308614582787986307062677570947009710e+00, -9.69312545242464721788530414359725925820e-01, 1.51582576370806589727371094823100018847e+00, 1.88409564477424725088791683697994004579e+00, 4.83269557945688239362676169875857133907e+00, 1.68641890710278926985418660615058524270e+00, 3.2797584550454514e+01, -6.5631614406842218e+02
0.98230000, 1.65399465235805044519457370409749407363e+00, -9.67130931741217806707183349317241250541e-01, 1.51290327379178767557690813313973393048e+00, 1.88049836651364760025604405303008919306e+00, 4.82977335181824414401246508747447920440e+00, 1.68715461516884198922975891002961907159e+00, 4.7772869070187627e+01, -6.5325896132847185e+02
0.98240000, 1.65490578018117103029483860587267923372e+00, -9.64940943105802318876282687255935356953e-01, 1.50997301741989619292579001795288033166e+00, 1.87688317145637901951482740556905031736e+00, 4.82683897824756599345069552504379614844e+00, 1.68789298373866947314553980056536830118e+00, 6.2702666647568269e+01, -6.4984470162970710e+02
0.98250000, 1.65581955392432856329578393417060840655e+00, -9.62742502191689883297504744273820803004e-01, 1.50703493186440956829119451105345181831e+00, 1.87324989496306641788816069004785563567e+00, 4.82389234757676144651620576514511079572e+00, 1.68863404324753730260587567176707206816e+00, 7.7578088786504375e+01, -6.4607193033574765e+02
0.98260000, 1.65673599858873946341557097237424096294e+00, -9.60535530728302019181723880198629696192e-01, 1.50408895350154043384955719685398033669e+00, 1.86959836999200030655496840917676061980e+00, 4.82093334704198575817592993942250547035e+00, 1.68937782462996013458812249317004290485e+00, 9.2390101966142854e+01, -6.4193941283046248e+02
0.98270000, 1.65765513955753501931063445153698275346e+00, -9.58319949295888084559960846631892494746e-01, 1.50113501779349457581581497008368343651e+00, 1.86592842704982424744498173490456491618e+00, 4.81796186225138763973054538439879238939e+00, 1.69012435933025237709407776072736228166e+00, 1.0712953006659264e+02, -6.3744612165395893e+02
0.98280000, 1.65857700260375425613710420581559151585e+00, -9.56095677301792464186078105830095995511e-01, 1.49817305926979168224125937542851793455e+00, 1.86223989414091897331720986932486128651e+00, 4.81497777715201656879813396082664672067e+00, 1.69087367931335920343089054268480902173e+00, 1.2178705702992237e+02, -6.3259124374127865e+02
0.98290000, 1.65950161389855097198293859191407184496e+00, -9.53862632956091209175237728728773077374e-01, 1.49520301150809289929739617940894298082e+00, 1.85853259671544089707839572743503400102e+00, 4.81198097399585846823124795641820625809e+00, 1.69162581707597691629120505272230234468e+00, 1.3635322976571922e+02, -6.2737418776075586e+02
0.98300000, 1.66042900001962189601517495577966331214e+00, -9.51620733246577575915133494469083119135e-01, 1.49222480711451931874971280978751335549e+00, 1.85480635761597110079257948431439294025e+00, 4.80897133330497147449788854527978707294e+00, 1.69238080565797201430302351560978567081e+00, 1.5081846131073406e+02, -6.2179459154865333e+02
0.98310000, 1.66135918795986318676069704075249404498e+00, -9.49369893913075116998165925544446290550e-01, 1.48923837770344491522758214174496754104e+00, 1.85106099702272919476854055033769782067e+00, 4.80594873383569242527600056930942803787e+00, 1.69313867865410867082660273814335464543e+00, 1.6517303425237693e+02, -6.1585232963633165e+02
0.98320000, 1.66229220513626276675322534397225861684e+00, -9.47110029421056146535447838335665818789e-01, 1.48624365387674682126423377061705489564e+00, 1.84729633239730466080912646028108280015e+00, 4.80291305254188355646172533537922215093e+00, 1.69389947022609470763663155786425579067e+00, 1.7940710442606674e+02, -6.0954752086582723e+02
0.98330000, 1.66322807939903627992191942859022968236e+00, -9.44841052934542534413612607918091334606e-01, 1.48324056520249516958990705150508721735e+00, 1.84351217842485643727564228069070781972e+00, 4.79986416453718770799213974749563647847e+00, 1.69466321511495653553281385913385703204e+00, 1.9351070489667808e+02, -6.0288053608931259e+02
0.98340000, 1.66416683904101476118914447148177613539e+00, -9.42562876288264876924895881897598518445e-01, 1.48022904019306404441396448821502527674e+00, 1.83970834695472956294923202096790110005e+00, 4.79680194305625909321010334887077880099e+00, 1.69542994865375394070507894522422476468e+00, 2.0747375023456674e+02, -5.9585200594748837e+02
0.98350000, 1.66510851280729242444280129463755329795e+00, -9.40275409959055142711579190405676526447e-01, 1.47720900628264436495117764233958862988e+00, 1.83588464693943566741038135627689633489e+00, 4.79372625941493538517795492204071625634e+00, 1.69619970678064602072244407427126621910e+00, 2.2128604109689275e+02, -5.8846282872150869e+02
0.98360000, 1.66605312990514330604565717433800531333e+00, -9.37978563036446900971936050870879645784e-01, 1.47418038980413877367325165003247906427e+00, 1.83204088437194197320620098860872786124e+00, 4.79063698296931551244361314778450637135e+00, 1.69697252605232001824872943875330290720e+00, 2.3493726912519455e+02, -5.8071417825256909e+02
0.98370000, 1.66700072001421584707351165540206514244e+00, -9.35672243192456201105690672573139159823e-01, 1.47114311596541781704967844235019895807e+00, 1.82817686222121125456374860882431302820e+00, 4.78753398107370613317196151883927669427e+00, 1.69774844365779526499889498246623616942e+00, 2.4841702217040034e+02, -5.7260751192278830e+02
0.98380000, 1.66795131329701485931113625255927079993e+00, -9.33356356650515087029061191934648742416e-01, 1.46809710882491588613842182124104253851e+00, 1.82429238036593287368154824852162216494e+00, 4.78441711903739826698939174134093315452e+00, 1.69852749743261493407850291777831331668e+00, 2.6171478985669136e+02, -5.6414457869049027e+02
0.98390000, 1.66890494040968069849996639504163974442e+00, -9.31030808153528592717430482158526281823e-01, 1.46504229126654452645240516578961989833e+00, 1.82038723552638258323181785145057604080e+00, 4.78128626008023400486973140134002555805e+00, 1.69930972587343880679786604107313572508e+00, 2.7481996949585546e+02, -5.5532742717244003e+02
0.98400000, 1.66986163251307586429249106687090738420e+00, -9.28695500931024875441357819697166531847e-01, 1.46197858497389982911096100830290413801e+00, 1.81646122119434623684987127045754135574e+00, 4.77814126528692158522906786997761098020e+00, 1.70009516815305079148825186515340117877e+00, 2.8772187236398841e+02, -5.4615841376500482e+02
0.98410000, 1.67082142128418966074403116084631137111e+00, -9.26350336665366896791940144131160069278e-01, 1.45890591040373967632107650683349476901e+00, 1.81251412756103988194652770786599624013e+00, 4.77498199356005541518911083994723090941e+00, 1.70088386413579548800495090941664663362e+00, 3.0040973035261189e+02, -5.3664021079559951e+02
0.98420000, 1.67178433892787198493614365429597455918e+00, -9.23995215456992755915858020818835028420e-01, 1.45582418675870563153490202098206663172e+00, 1.80854574144295591465770913951848688885e+00, 4.77180830157179582557341556845122009304e+00, 1.70167585439345867378886701477448086227e+00, 3.1287270300648156e+02, -5.2677581469513095e+02
0.98430000, 1.67275041818890776550797986311939509644e+00, -9.21630035788650411187250370449155999867e-01, 1.45273333195926323588183827679875945086e+00, 1.80455584620556204825349986387295462112e+00, 4.76862004371416147222792234521242287759e+00, 1.70247118022160719696002581282410920175e+00, 3.2509988496055388e+02, -5.1656855418147845e+02
0.98440000, 1.67371969236444404856483737661063022199e+00, -9.19254694488591092426078606213256345286e-01, 1.44963326261483339522212948081311344342e+00, 1.80054422168477677655837497481151586658e+00, 4.76541707204788533005021946730236173923e+00, 1.70326988365640440040133007085209816088e+00, 3.3708031378876516e+02, -5.0602209844333573e+02
0.98450000, 1.67469219531678222679476790725490995134e+00, -9.16869086692684202115684655145173993600e-01, 1.44652389399408641381399667838190339809e+00, 1.79651064410614179512918031525225647310e+00, 4.76219923624978316472955731181912826497e+00, 1.70407200749191786971565874728079183142e+00, 3.4880297827744942e+02, -4.9514046531299193e+02
0.98460000, 1.67566796148654842988232892458648674215e+00, -9.14473105805414927038074570806277860766e-01, 1.44340513999436904837108830840444879537e+00, 1.79245488600160846686395859183008055418e+00, 4.75896638355858120539695685745850771996e+00, 1.70487759529793699895489865403899558517e+00, 3.6025682713638160e+02, -4.8392802941584389e+02
0.98470000, 1.67664702590625564176599598502902191932e+00, -9.12066643459724127258545748461379347357e-01, 1.44027691311023371728746119679943508385e+00, 1.78837671612385187662844910451514223245e+00, 4.75571835871914747359221889760415200032e+00, 1.70568669143831860287719753340009429686e+00, 3.7143077816057689e+02, -4.7238953028360827e+02
0.98480000, 1.67762942421427168432475179473900700205e+00, -9.09649589475648333121953990432355977681e-01, 1.43713912440103770092114234437372642201e+00, 1.78427589935802230209785660227340161084e+00, 4.75245500392506884425581398052009173034e+00, 1.70649934108987957504753466812838714139e+00, 3.8231372785610487e+02, -4.6053008041733738e+02
0.98490000, 1.67861519266920780916750575027360914036e+00, -9.07221831817715858269774870925116668394e-01, 1.43399168345757880676180932422440247542e+00, 1.78015219663084002544550728216417632026e+00, 4.74917615875951341656119185964551440635e+00, 1.70731559026185639933026563965920759504e+00, 3.9289456154328557e+02, -4.4835517328543647e+02
0.98500000, 1.67960436816474327089488882371936497374e+00, -9.04783256551053122758050908502407647139e-01, 1.43083449836773254456704234712822475083e+00, 1.77600536481693531226919886561295251929e+00, 4.74588166013431514963294655154074600841e+00, 1.70813548581595217032688641218208962797e+00, 4.0316216395072219e+02, -4.3587069124093050e+02
0.98510000, 1.68059698824490191816256155063832544735e+00, -9.02333747796153269948143203893264962353e-01, 1.42766747568105435742125293150653703152e+00, 1.77183515664233107906417346144446798201e+00, 4.74257134222721496343993013843750661181e+00, 1.70895907548699266831526330201920359308e+00, 4.1310543031368892e+02, -4.2308291334123336e+02
0.98520000, 1.68159309111979753485851607924605150297e+00, -8.99873187682257048418672257657906447197e-01, 1.42449052037230888120556301836792244763e+00, 1.76764132058496124674709017073369213072e+00, 4.73924503641718961084675444534771973922e+00, 1.70978640790421396861561261675955101880e+00, 4.2271327799043034e+02, -4.0999852305263092e+02
0.98530000, 1.68259271568186539458538169671693206371e+00, -8.97401456299293709815139886288081588083e-01, 1.42130353580388655297063435531970671810e+00, 1.76342360077211302256026714015205912562e+00, 4.73590257121779658490230371970377275125e+00, 1.71061753261320504656127839642476101396e+00, 4.3197465860993797e+02, -3.9662461582059916e+02
0.98540000, 1.68359590152259825940312788493176532240e+00, -8.94918431648327339038189219514448589172e-01, 1.41810642368706615371657018951284346858e+00, 1.75918173687467635267075166929265164918e+00, 4.73254377220846012736845734235249773752e+00, 1.71145250009852987006720023774814407509e+00, 4.4087857076474693e+02, -3.8296870648593843e+02
0.98550000, 1.68460268894980586055616734559208385951e+00, -8.92423989590451577787161304410863661185e-01, 1.41489908404208004835835321697835653267e+00, 1.75491546399807852857502677322680516838e+00, 4.72916846196362004111559019897378632424e+00, 1.71229136180705455501631405218974297171e+00, 4.4941407326223812e+02, -3.6903873652551293e+02
0.98560000, 1.68561311900541774693688179379116211601e+00, -8.89918003794073119097845594303032715315e-01, 1.41168141515693697014036882119616121767e+00, 1.75062451256977639673362760293835375473e+00, 4.72577645997966147060329005650854727349e+00, 1.71313417017200629735880551645381884785e+00, 4.5757029894783581e+02, -3.5484308109513883e+02
0.98570000, 1.68662723348385027872687890034332141121e+00, -8.87400345680521631545703509086867909971e-01, 1.40845331354495518308073466905608357098e+00, 1.74630860822317279638353022350085723114e+00, 4.72236758259954009085135104251647606794e+00, 1.71398097863779199317363480956224954926e+00, 4.6533646911335268e+02, -3.4039055585086402e+02
0.98580000, 1.68764507495095948156698503361512582465e+00, -8.84870884367920909125578683921193547830e-01, 1.40521467390095673844596782870733016407e+00, 1.74196747167781771781485859717789049511e+00, 4.71894164293501322502295371486723413580e+00, 1.71483184168560571742058989336222265942e+00, 4.7270190850355098e+02, -3.2569042352352471e+02
0.98590000, 1.68866668676360246346500140548772269650e+00, -8.82329486613253027819293021098737246571e-01, 1.40196538905607131367323030244798189702e+00, 1.73760081861574821398862359228925581666e+00, 4.71549845078638328218262120304415409159e+00, 1.71568681485985555738633924791786734846e+00, 4.7965606093375504e+02, -3.1075240022004813e+02
0.98600000, 1.68969211308983113536569164200760424005e+00, -8.79776016752544113292375951528818487231e-01, 1.39870534993109577806142942364434265440e+00, 1.73320835955381429239444604914748291712e+00, 4.71203781255965555735245966910100973766e+00, 1.71654595479544169181584296159779054597e+00, 4.8618850553106204e+02, -2.9558666142349418e+02
0.98610000, 1.69072139892974306998400444359402281519e+00, -8.77210336639096976160899196056834220885e-01, 1.39543444548835316200062617211723410281e+00, 1.72878979971183084033190838756389937742e+00, 4.70855953118100785221074012376560632255e+00, 1.71740931924591907559971646462912373405e+00, 4.9228897361135054e+02, -2.8020384766229099e+02
0.98620000, 1.69175459013701548545294069705523647405e+00, -8.74632305579692341303460562394431546421e-01, 1.39215256268199210809252279934407449002e+00, 1.72434483887638807272429467097615858792e+00, 4.70506340600846454227463750233693296158e+00, 1.71827696711257963711936465819356881380e+00, 4.9794736620387418e+02, -2.6461506981751790e+02
0.98630000, 1.69279173344114955409932864691715840778e+00, -8.72041780268676674498793363682281867653e-01, 1.38885958640666514532359838026373449393e+00, 1.71987317126014501295383237704757808626e+00, 4.70154923274066261980949522802011044415e+00, 1.71914895847449052569873578646392251770e+00, 5.0315377223474533e+02, -2.4883191403542315e+02
0.98640000, 1.69383287647045351601346719535089464554e+00, -8.69438614719850681199997893441133806251e-01, 1.38555539944452124303867755410429166028e+00, 1.71537448535642209817476030076646878842e+00, 4.69801680332259186456783900585814085618e+00, 1.72002535461952666516435990947258744903e+00, 5.0789848738005511e+02, -2.3286644621063141e+02
0.98650000, 1.69487806777579442606178037412393014478e+00, -8.66822660196068405621873131172302795472e-01, 1.38223988241044506079901825971179713465e+00, 1.71084846378890011343284221333242036381e+00, 4.69446590584818561918944999466948099668e+00, 1.72090621807643768171496985117257156680e+00, 5.1217203359873483e+02, -2.1673121600369629e+02
0.98660000, 1.69592735685514978592518075641333255850e+00, -8.64193765136452479718575657673118117199e-01, 1.37891291369547210364446313889134254744e+00, 1.70629478315622327406086080103229772963e+00, 4.69089632445963265385593550208014429958e+00, 1.72179161264799118596754947944586510781e+00, 5.1596517935453346e+02, -2.0043926035478470e+02
0.98670000, 1.69698079417899181425158145515409320420e+00, -8.61551775081126446284222046391465990667e-01, 1.37557436940830560949123522310603285174e+00, 1.70171311387129436148457641436091134223e+00, 4.68730783924327427541888218905849664643e+00, 1.72268160344523640640457753104293722019e+00, 5.1926896053565818e+02, -1.8400410645334182e+02
0.98680000, 1.69803843121653869303621770472811502893e+00, -8.58896532593360192479988681833675531355e-01, 1.37222412331485742533916831381689421887e+00, 1.69710311999503933974321248703018940174e+00, 4.68370022612194414809636687739951859301e+00, 1.72357625692293430116317915313063775478e+00, 5.2207470207969318e+02, -1.6743977412157679e+02
0.98690000, 1.69910032046290880218648811985172655437e+00, -8.56227877179019362595901536626189051763e-01, 1.36886204677573135980766948610830436240e+00, 1.69246445906440780222727054975217383020e+00, 4.68007325674360122278708762556399954360e+00, 1.72447564091620252432025329291922725680e+00, 5.2437404031036687e+02, -1.5076077756753005e+02
0.98700000, 1.70016651546721572256611087813653715018e+00, -8.53545645203204153577554472485967692777e-01, 1.36548800868156351859960491138593211790e+00, 1.68779678191436388123571480941140051494e+00, 4.67642669836609869523075435878948296466e+00, 1.72537982467842599918912643493088388790e+00, 5.2615894599157075e+02, -1.3398212646133150e+02
0.98710000, 1.70123707086164365673282140665933614752e+00, -8.50849669803957114236906271693783962705e-01, 1.36210187538612992322869933695439361373e+00, 1.68309973249360985495783340258750576186e+00, 4.67276031373792400297513761823746902709e+00, 1.72628887892048636285580376217184061957e+00, 5.2742174810273509e+02, -1.1711932628603673e+02
0.98720000, 1.70231204239154489261294198058252475279e+00, -8.48139780802913448128593483464264196771e-01, 1.35870351063712726717926191715136305669e+00, 1.67837294767377156229438721219180243010e+00, 4.66907386097473649875516406451702053631e+00, 1.72720287585136620204604786794331471229e+00, 5.2815515833822633e+02, -1.0018837791213391e+02
0.98730000, 1.70339148694660302550111900341780144635e+00, -8.45415804612760838253953052359427310672e-01, 1.35529277550452796197632056809589051471e+00, 1.67361605705176083709374366735551114130e+00, 4.66536709343152057268052939642744837316e+00, 1.72812188922018680987306079344582212717e+00, 5.2835229633183884e+02, -8.3205776342449335e+01
0.98740000, 1.70447546259310786555746822703554936796e+00, -8.42677564141368944808662121442620878156e-01, 1.35186952830640565166130649390799871648e+00, 1.66882868274501544780324516399073543263e+00, 4.66163975957016260449440466372214658920e+00, 1.72904599435974116621219006830385065414e+00, 5.2800671560569747e+02, -6.6188508571745005e+01
0.98750000, 1.70556402860739029947994085591516599359e+00, -8.39924878692441449039466557141759803874e-01, 1.34843362453212210988336286938971369275e+00, 1.66401043917930142019853912844508097806e+00, 4.65789160282225017453995052802851488884e+00, 1.72997526823158699228210529948568871248e+00, 5.2711243024095393e+02, -4.9154050502798216e+01
0.98760000, 1.70665724551046785494559701278528278574e+00, -8.37157563862535798858233051771189203401e-01, 1.34498491676276085987483586799688750407e+00, 1.65916093286874606946018292103531840689e+00, 4.65412236144688140968097069800058868404e+00, 1.73090978947276806419801886535866622342e+00, 5.2566394226553839e+02, -3.2120362858183954e+01
0.98770000, 1.70775517510395434408611526992676417612e+00, -8.34375431434287624961095316071768706688e-01, 1.34152325458868695317065200291717115021e+00, 1.65427976218775250849368460133154650750e+00, 4.65033176838326114706093633499547907799e+00, 1.73184963844423550340557427186931390022e+00, 5.2365626975190170e+02, -1.5105886024347393e+01
0.98780000, 1.70885788050728974774802520109545518168e+00, -8.31578289265668107262615164325131005277e-01, 1.33804848452410608566509609547876744890e+00, 1.64936651713442776208679613615156883766e+00, 4.64651955109784871985848744376213651238e+00, 1.73279489728104450756996617399535378028e+00, 5.2108497561513966e+02, 1.8704662381400242e+00
0.98790000, 1.70996542619634945641752894881412833450e+00, -8.28765941175093345386463201991158402123e-01, 1.33456044991848959537291083475124788560e+00, 1.64442077908513682585841758499956773657e+00, 4.64268543142580955725586761126992562344e+00, 1.73374564994440595829387656351518074170e+00, 5.1794619709911328e+02, 1.8789314286997844e+01
0.98800000, 1.71107787804349511813344610464494937289e+00, -8.25938186822194985902517782414709378124e-01, 1.33105899086472484911193822107594092479e+00, 1.63944212053977398363651540919716190024e+00, 4.63882912540650939406878935094128599784e+00, 1.73470198227567655771415764455995631790e+00, 5.1423667593515010e+02, 3.5630821364986212e+01
0.98810000, 1.71219530335913267105193529523525681526e+00, -8.23094821584050942111881254387169952003e-01, 1.32754394410384305726890863681225864010e+00, 1.63443010485732034911574733543330864982e+00, 4.63495034311277564819304553653622791151e+00, 1.73566398205237562155756179802728096800e+00, 5.0995378915461516e+02, 5.2374703715494745e+01
0.98820000, 1.71331777093484667213718497506992003925e+00, -8.20235636426663965336662471557948584489e-01, 1.32401514292616862666972293865745089047e+00, 1.62938428598123283257529109678049659950e+00, 4.63104878847363538605714249318859286114e+00, 1.73663173904632140993722185250555816723e+00, 5.0509558053305600e+02, 6.9000242124364392e+01
0.98830000, 1.71444535108818378838643986195029225292e+00, -8.17360417771464042194484676084376506683e-01, 1.32047241706872573878321526255113620192e+00, 1.62430420815418444862339959748723992017e+00, 4.62712415909022319263926361375532565306e+00, 1.73760534508398492881965954259241473234e+00, 4.9966079263973543e+02, 8.5486294968253670e+01
0.98840000, 1.71557811570916230888398293856003523766e+00, -8.14468947356598048676784561187748093343e-01, 1.31691559260872888887518876780635122383e+00, 1.61918940562164896558406960766796404555e+00, 4.62317614604453512303990113934710742876e+00, 1.73858489410916450605101145569062519242e+00, 4.9364889946214685e+02, 1.0181131285279968e+02
0.98850000, 1.71671613830858878192615035102542810356e+00, -8.11561002092756733226653389356631101495e-01, 1.31334449185297460329709739306993347402e+00, 1.61403940232379423137188898802171856075e+00, 4.61920443370068666107080530886922385104e+00, 1.73957048224809015919631996753538043967e+00, 4.8706013957053810e+02, 1.1795335492677383e+02
0.98860000, 1.71785949406826739997386398111785102877e+00, -8.08636353913274867035205359634458287010e-01, 1.30975893322294142575267995902402618629e+00, 1.60885371157511796471495694255579138735e+00, 4.61520869949831316451679531582182889089e+00, 1.74056220787707285320073114141110240107e+00, 4.7989554978252728e+02, 1.3389010696137943e+02
0.98870000, 1.71900825989319256630047500501783122629e+00, -8.05694769618225225016724831179354440223e-01, 1.30615873113539448467873440039955884086e+00, 1.60363183573122723375276669446154841595e+00, 4.61118861373773054747946330913751510245e+00, 1.74156017169282022107074834334803580903e+00, 4.7215699928255370e+02, 1.4959890128676953e+02
0.98880000, 1.72016251446582020260558773563152978603e+00, -8.02736010712210874448036025655164603728e-01, 1.30254369587827947466735853589607135175e+00, 1.59837326584212810388814901575063682920e+00, 4.60714383935645184085348068420968797224e+00, 1.74256447678554721969289554810842355966e+00, 4.6384722414514228e+02, 1.6505673868076062e+02
0.98890000, 1.72132233830251882007423706283751265969e+00, -7.99759833235542973110812644273691766739e-01, 1.29891363348167865299157828926199967452e+00, 1.59307748129135485789392065097551316733e+00, 4.60307403169663167764979341356852641353e+00, 1.74357522871501754731263879940622122864e+00, 4.5496986220474430e+02, 1.8024031230756466e+02
0.98900000, 1.72248781381230720288004412292462053038e+00, -7.96765987588472831409715976409222843167e-01, 1.29526834558358841122454625382243073395e+00, 1.58774394942022859407704857836577746860e+00, 4.59897883826298555672307960237838498434e+00, 1.74459253558965949353675176155060416538e+00, 4.4552948820822113e+02, 1.9512603380713445e+02
0.98910000, 1.72365902535799177064461719373253769219e+00, -7.93754218348127282586662119734351083362e-01, 1.29160762929026407030474730377367173955e+00, 1.58237212513649269767145829730340133163e+00, 4.59485789847070382280975743140704498073e+00, 1.74561650814890826439369268795405530424e+00, 4.3553164917883281e+02, 2.0969006163839421e+02
0.98920000, 1.72483605931982332494497482791175981967e+00, -7.90724264077775333128559647738039904079e-01, 1.28793127703086269856794560348569497944e+00, 1.57696145050652744442925772912251321385e+00, 4.59071084338285152818614864435348495517e+00, 1.74664725984893576461521220497583022980e+00, 4.2498289991284636e+02, 2.2390833178217893e+02
0.98930000, 1.72601900416179997729590330065522586705e+00, -7.87675857128031524403446274708522651208e-01, 1.28423907640609889383783896432436136669e+00, 1.57151135433029760279715636734291172422e+00, 4.58653729543671456543778561691183100190e+00, 1.74768490695193837105697487292785927237e+00, 4.1389083852155889e+02, 2.3775659091210443e+02
0.98940000, 1.72720795050075063768833385938760366995e+00, -7.84608723429577309551343708573373599795e-01, 1.28053081003061152390223331024767389203e+00, 1.56602125169813510077957336202682637860e+00, 4.58233686815851952252942331502557711389e+00, 1.74872956861916344311341463890778928100e+00, 4.0226414192260297e+02, 2.5121043214379863e+02
0.98950000, 1.72840299117834155245812660503691363436e+00, -7.81522582276955909312324328830106273667e-01, 1.27680625536872129890290663158995543673e+00, 1.56049054352840334174170027145020571599e+00, 4.57810916586591943705031353016594753429e+00, 1.74978136700786624043102268536361295680e+00, 3.9011260117483127e+02, 2.6424533347490715e+02
0.98960000, 1.72960422133615706018280311361790859190e+00, -7.78417146102968417875903614309290337701e-01, 1.27306518456323966099100381843146598250e+00, 1.55491861608503029134030139302090340752e+00, 4.57385378335759982695402122786777662994e+00, 1.75084042737240061221048883041208958735e+00, 3.7744715654082829e+02, 2.7683669902999829e+02
0.98970000, 1.73081173849401503046676501004090760941e+00, -7.75292120243169233369384199200506622891e-01, 1.26930736425696871928935233346664805093e+00, 1.54930484047383368953653913450207576552e+00, 4.56957030558931884381026219732741175831e+00, 1.75190687816965934810664913972847800970e+00, 3.6427993215013076e+02, 2.8895990322588725e+02
0.98980000, 1.73202564263168741309511653552631627255e+00, -7.72147202689927021666597120583865873354e-01, 1.26553255540650972073962652900173375050e+00, 1.54364857211649331121429280979629869441e+00, 4.56525830733565190599178431311721263226e+00, 1.75298085116909350607549678216843882493e+00, 3.5062427012451727e+02, 3.0059033797392254e+02
0.98990000, 1.73324603627420700896703154573091662680e+00, -7.68982083835483205763349089933014884774e-01, 1.26174051308797370856881254578664705362e+00, 1.53794915020095171709577091937607697222e+00, 4.56091735283666447678749758918436818908e+00, 1.75406248156755443164767824031785858250e+00, 3.3649476401421209e+02, 3.1170346303637090e+02
0.99000000, 1.73447302458095303943444847517618018398e+00, -7.65796446203403207971309470051200690044e-01, 1.25793098629416244739787752482787952501e+00, 1.53220589710694597758794434111348419260e+00, 4.55654699542868648643901736168228111896e+00, 1.75515190810921763712538931847390799651e+00, 3.2190729138049763e+02, 3.2227485965413264e+02
0.99010000, 1.73570671543872040279706737833248432123e+00, -7.62589964167776141748443955734518228376e-01, 1.25410371772276024251319225891774664685e+00, 1.52641811780528794961605812923396198641e+00, 4.55214677715830796220414821563614141734e+00, 1.75624927321086430685687538805224969324e+00, 3.0687904534600517e+02, 3.3228028756254619e+02
0.99020000, 1.73694721955899073761766045310405081639e+00, -7.59362303659476116417106668847224058326e-01, 1.25025844355504779186114639407079449162e+00, 1.52058509922941932935433279153813516634e+00, 4.54771622837865740309295274182006157675e+00, 1.75735472309281403325727993608519968395e+00, 2.9142856491881214e+02, 3.4169574551091506e+02
0.99030000, 1.73819465057963764101904524823423080251e+00, -7.56113121858752520581791293728166909038e-01, 1.24639489322461750903456180935310069296e+00, 1.51470610961766933144733883178557131331e+00, 4.54325486732696196087477477779289135651e+00, 1.75846840791582157420393312699779672362e+00, 2.7557576388037740e+02, 3.5049753539952393e+02
0.99040000, 1.73944912517131370266812502056800313172e+00, -7.52842066873367302470074418771743835147e-01, 1.24251278917553565317913139314886630672e+00, 1.50878039782453684231259759444961178025e+00, 4.53876219968232117653958538745644138998e+00, 1.75959048192427107280856906810592801079e+00, 2.5934195801025306e+02, 3.5866233014520303e+02
0.99050000, 1.74071076314878350670813982711132604094e+00, -7.49548777401444053073894099875502265706e-01, 1.23861184660935988796809368208674646490e+00, 1.50280719259920458499092179184273421522e+00, 4.53423771810255344328376514164545289415e+00, 1.76072110359602342384540263301280300669e+00, 2.4274989040238357e+02, 3.6616724538284044e+02
0.99060000, 1.74197968758748452887320388734397348675e+00, -7.46232882378136274793170858079730560483e-01, 1.23469177322038133645556119624021340529e+00, 1.49678570182936947168052062940358097670e+00, 4.52968090173889605213744121315668402333e+00, 1.76186043579929644856785068045371680167e+00, 2.2582375460860410e+02, 3.7298991510551026e+02
0.99070000, 1.74325602494561702930831835688470401387e+00, -7.42894000605160203232804237643772630128e-01, 1.23075226891841754857456095191273442302e+00, 1.49071511174834008826306291831569274506e+00, 4.52509121572725510582561334517013494483e+00, 1.76300864595698340676921351430228523826e+00, 2.0858921532464468e+02, 3.7910857133994534e+02
0.99080000, 1.74453990519208473979920668525755270946e+00, -7.39531740362170522905287723984111622885e-01, 1.22679302553843677452725025548114408266e+00, 1.48459458610320824981906062011515521961e+00, 4.52046811065461018866504137287508464931e+00, 1.76416590621884330304549119412179069159e+00, 1.9107342631250430e+02, 3.8450212794678971e+02
0.99090000, 1.74583146194063050677391149580690158422e+00, -7.36145698998884815505407153644328617784e-01, 1.22281372653624423302379562048226884868e+00, 1.47842326528174579110530704622087746446e+00, 4.51581102199907982454641801912316643305e+00, 1.76533239364202662223933171294014983247e+00, 1.7330504523045250e+02, 3.8915026862625503e+02
0.99100000, 1.74713083259053523266540181462193938599e+00, -7.32735462506784090440491936189966950675e-01, 1.21881404666940733915493449158818757875e+00, 1.47220026539550911099534675067205252617e+00, 4.51111936954204674483102421386665802068e+00, 1.76650829038043276558098471007152250393e+00, 1.5531424501812326e+02, 3.9303353919929927e+02
0.99110000, 1.74843815847427462831627527719077735765e+00, -7.29300605069131705694698292514539508307e-01, 1.21479365166253873801456813898922430779e+00, 1.46592467731645125859705527979993476765e+00, 4.50639255675062605331304444543808914663e+00, 1.76769378388343078464889524005890497929e+00, 1.3713272145917272e+02, 3.9613344422204805e+02
0.99120000, 1.74975358501255663647135706737741554083e+00, -7.25840688587960766766475057452477665522e-01, 1.21075219785599306272074982375672487508e+00, 1.45959556566414318495655365697965221484e+00, 4.50162997012863366412189226962087197045e+00, 1.76888906710451328005170584492399635437e+00, 1.1879369651777207e+02, 3.9843254797667539e+02
0.99130000, 1.75107726187719311972624303753944007123e+00, -7.22355262186579998638489942269047734776e-01, 1.20668933183696514050551017978447486587e+00, 1.45321196774049069640627458539493398146e+00, 4.49683097853407595647073593373324744382e+00, 1.77009433872049482826914547479403264218e+00, 1.0033191701780286e+02, 3.9991457986511549e+02
0.99140000, 1.75240934316229275699022645294587764423e+00, -7.18843861686039351059391307317874132974e-01, 1.20260469005190339958877042725941045488e+00, 1.44677289240859997932325846261055074696e+00, 4.49199493246103339035800771758502915925e+00, 1.77130980336191133676982061326062562094e+00, 8.1783648205030557e+01, 4.0056454421253361e+02
0.99150000, 1.75374998756429831749572202491225380274e+00, -7.15306009053878366372831780537670118008e-01, 1.19849789839907191833064357294999039703e+00, 1.44027731891219048418692503948190830470e+00, 4.48712116328364969693034299362218547751e+00, 1.77253567185532565231008907460326246492e+00, 6.3186661702783446e+01, 4.0036883446516122e+02
0.99160000, 1.75509935857143086621896504389951620384e+00, -7.11741211823351661748790476676286884503e-01, 1.19436857180000727967361214036179291904e+00, 1.43372419563167741689023371526861832245e+00, 4.48220898245976290353934625774533126132e+00, 1.77377216147829794702401742769071911574e+00, 4.4580217340806334e+01, 3.9931535174159216e+02
0.99170000, 1.75645762466314631709475980851284382569e+00, -7.08148962481185696531515513746779672788e-01, 1.19021631374852145060640949411361736660e+00, 1.42711243877274481379171502029515893088e+00, 4.47725768069152343774096812305663629962e+00, 1.77501949622783731207665973053433078058e+00, 2.6005038305060260e+01, 3.9739362766760862e+02
0.99180000, 1.75782495952025644477818234020166968441e+00, -7.04528737821768132042542826828902712388e-01, 1.18604071583579852131204852551209130072e+00, 1.42044093098290164029672686259115497657e+00, 4.47226652704013627312248139219148816524e+00, 1.77627790710321407907860396189150854433e+00, 7.5032790233939291e+00, 3.9459495139169619e+02
0.99190000, 1.75920154224641738710190636504021429392e+00, -7.00879998265504230531779940480202278468e-01, 1.18184135725002044517931091744586083229e+00, 1.41370851989115472356146269576742382334e+00, 4.46723476799163674369555266368929421670e+00, 1.77754763240408120055587879755531885035e+00, -1.0881514831658533e+01, 3.9091250064122139e+02
0.99200000, 1.76058755760174426031157067687071433353e+00, -6.97202187138892412747443040469641955853e-01, 1.17761780424883395108294927080067718857e+00, 1.40691401656554044932930083690790144140e+00, 4.46216162647036126364861238626510091614e+00, 1.77882891804492815077589007232115514935e+00, -2.9104454876040434e+01, 3.8634147663735714e+02
0.99210000, 1.76198319624937126158733500504408545205e+00, -6.93494729913671655954414494817571322343e-01, 1.17336960960283647084432837480651193569e+00, 1.40005619388282848686530312181412342799e+00, 4.45704630079650250912870555373921687970e+00, 1.78012201788697292649878178402957621687e+00, -4.7119367771200388e+01, 3.8087924263978935e+02
0.99220000, 1.76338865501584310166926801474482101197e+00, -6.89757033402175024576846045297109101231e-01, 1.16909631200811202535042986958540296640e+00, 1.39313378480424139530999845998867615608e+00, 4.45188796358384114311648289265837999560e+00, 1.78142719408868758370873270155261082215e+00, -6.4878862927943310e+01, 3.7452546583952374e+02
0.99230000, 1.76480413716629641546067813146040801619e+00, -6.85988484905784217985942706116674585605e-01, 1.16479743546568718292538943941687996741e+00, 1.38614548055051936805873635731325436418e+00, 4.44668576057342008291195166583338629939e+00, 1.78274471747625118253640171250469154735e+00, -8.2334410915059836e+01, 3.6728226225919981e+02
0.99240000, 1.76622985269546963786219893767262774752e+00, -6.82188451313117273284644752370749754826e-01, 1.16047248862560091629611657604525742797e+00, 1.37908992866909459936962158227771633705e+00, 4.44143880939856946501619447512823137999e+00, 1.78407486793533197390427711704884491070e+00, -9.9436433365276622e+01, 3.5915434425463262e+02
0.99250000, 1.76766601863566749072523979159626019399e+00, -6.78356278144292863947748193222601199413e-01, 1.15612096409308872236589363611718291745e+00, 1.37196573098551919574942417772736280198e+00, 4.43614619827629730228721983871935160718e+00, 1.78541793482571921188534414285853048437e+00, -1.1613440520482281e+02, 3.5014917013822697e+02
0.99260000, 1.76911285938290258929130474448394598147e+00, -6.74491288537297045562855356062754897405e-01, 1.15174233769416879716561678119485510744e+00, 1.36477144143060787882272644065450962482e+00, 4.43080698461962835112229063559361975569e+00, 1.78677421742045531449270858486345464593e+00, -1.3237697006532121e+02, 3.4027709536378484e+02
0.99270000, 1.77057060704254274125178290886938055368e+00, -6.70592782172128497376637926316764192998e-01, 1.14733606769768419368992555338191976555e+00, 1.35750556373400479899144939933966718850e+00, 4.42542019356499739604944193320045244534e+00, 1.78814402537126257618271180757915682212e+00, -1.4811206976718749e+02, 3.2955152462235595e+02
0.99280000, 1.77203950179590940739929721481350442672e+00, -6.66660034128012540114189630478140503708e-01, 1.14290159399059726566268622979704680292e+00, 1.35016654897405453346145856322319597353e+00, 4.41998481640827791147803510584870346304e+00, 1.78952767920221678810500320819070005954e+00, -1.6328708879155120e+02, 3.1798906409942391e+02
0.99290000, 1.77351979228940179796979187270026215944e+00, -6.62692293668548228214760948462707524919e-01, 1.13843833720304852277903639662766685523e+00, 1.34275279297294164624354482837533474675e+00, 4.41449980894244709759065413575931464871e+00, 1.79092551083379468013095622690607738944e+00, -1.7784901468206938e+02, 3.0560967303409684e+02
0.99300000, 1.77501173604786364309508797710973609470e+00, -6.58688782949181800781414723879584698926e-01, 1.13394569777937812581276672611791644750e+00, 1.33526263352505068675282884547572768363e+00, 4.40896408968924705794049484661257302735e+00, 1.79233786413961502787338704636325706959e+00, -1.9174461533791872e+02, 2.9243681360026500e+02
0.99310000, 1.77651559991406744678798021602654879662e+00, -6.54648695640878258192389776752288047096e-01, 1.12942305499096103601282952670192228108e+00, 1.32769434744537743628000315174598142744e+00, 4.40337653801649194886693304680020955766e+00, 1.79376509553840680224171574208922771844e+00, -2.0492063417359424e+02, 2.7849759799705103e+02
0.99320000, 1.77803166051636588690427725405096885434e+00, -6.50571195463284584141519463601392896123e-01, 1.12486976588632220921012805220525595346e+00, 1.32004614742357919555862327383637136480e+00, 4.39773599213188381847094606131044533532e+00, 1.79520757462397442160734683228886520756e+00, -2.1732400412860119e+02, 2.6382293149043426e+02
0.99330000, 1.77956020476675409717075888393627910313e+00, -6.46455414620036058477127690269403642848e-01, 1.12028516417357152474446569632492989246e+00, 1.31231617866787168785062630484838520056e+00, 4.39204124694332591458123609112941980908e+00, 1.79666568483619289756606841161376291291e+00, -2.2890208150917979e+02, 2.4844764998878647e+02
0.99340000, 1.78110153039180230503997595085556129743e+00, -6.42300452128143099341804566985686915884e-01, 1.11566855902972403314917241438196129522e+00, 1.30450251532144531074632833112759074732e+00, 4.38629105177475045580998843835072583000e+00, 1.79813982417635775824765826841906621603e+00, -2.3960290063309416e+02, 2.3241065056130939e+02
0.99350000, 1.78265594649915849787091652078818072097e+00, -6.38105372032600859952324600679697425663e-01, 1.11101923383094349560217351561963366016e+00, 1.29660315663236407569741419788720874250e+00, 4.38048410792539561789251995578729211795e+00, 1.79963040597053988154430348491840791498e+00, -2.4937545022522296e+02, 2.1575501311912124e+02
0.99360000, 1.78422377418258865794646373302722311964e+00, -6.33869201496476754267685340611498780291e-01, 1.10633644479715907928605412594923710877e+00, 1.28861602285600377929385370040308858498e+00, 4.37461906605925933384693702440899775235e+00, 1.80113785968495812570979099419349102200e+00, -2.5816997247388163e+02, 1.9852811127312972e+02
0.99370000, 1.78580534716882133145333988362918973767e+00, -6.29590928755739983998277474222841819588e-01, 1.10161941954384843099324880863102919948e+00, 1.28053895086695550947918577048440680257e+00, 4.36869452341010883676721333037432654609e+00, 1.80266263179778790770562570607805836847e+00, -2.6593828560281544e+02, 1.8078171016003373e+02
0.99380000, 1.78740101250979812467031367525622124346e+00, -6.25269500926987928751618750483103956784e-01, 1.09686735553304592510073078800927390251e+00, 1.27236968945493629359778686542852380678e+00, 4.36270902078591557576331448857757980232e+00, 1.80420518673227741075371790954000381391e+00, -2.7263413073857318e+02, 1.6257204878707353e+02
0.99390000, 1.78901113132430705420193682886030425780e+00, -6.20903821654980724628883171162212755729e-01, 1.09207941841481199624826519202356061015e+00, 1.26410589427657569579573130388241603071e+00, 4.35666103935489316208714127685419282040e+00, 1.80576600785655155079105242990576668331e+00, -2.7821354375401318e+02, 1.4395990418687489e+02
0.99400000, 1.79063607959339718782086659982504429418e+00, -6.16492748585498745804177823993853260945e-01, 1.08725474024947577622811580213095816577e+00, 1.25574512243194518279529220109186055224e+00, 4.35054899719341586671069953724005908199e+00, 1.80734559855605488873912908096102720857e+00, -2.8263525264203019e+02, 1.2501063439544559e+02
0.99410000, 1.79227624901444727328570212965954395462e+00, -6.12035090647466294128430727627360427766e-01, 1.08239241759992444883655049418703093719e+00, 1.24728482663131942036332731219504090954e+00, 4.34437124557395736106633918978690439626e+00, 1.80894448338522726030132911000144602385e+00, -2.8586110081470160e+02, 1.0579419696884029e+02
0.99420000, 1.79393204791929570582840351747585024422e+00, -6.07529605126513361901554875224127535851e-01, 1.07749150948204218953559182795204842324e+00, 1.23872234891385112454534879306154178289e+00, 4.33812606496877957150989909712972405321e+00, 1.81056320930573037282622531410793502072e+00, -2.8785649652680548e+02, 8.6385139437262222e+01
0.99430000, 1.79560390226244313344313168426864579218e+00, -6.02974994510146486521645205679973921877e-01, 1.07255103516007990406838139253107543856e+00, 1.23005491387554055589307937108839631210e+00, 4.33181166074237977556260927363568425074e+00, 1.81220234701936206595115992508986216241e+00, -2.8859088838325465e+02, 6.6862557759843325e+01
0.99440000, 1.79729225668602264061064271049316160935e+00, -5.98369903082435175989956406646330791004e-01, 1.06756997177224161067208913802308158209e+00, 1.22127962135901354714736825261408827589e+00, 4.32542615850262380145882596098075718477e+00, 1.81386249240472145421902871199201914517e+00, -2.8803826660086577e+02, 4.7310018489947375e+01
0.99450000, 1.79899757566900796169018079179961547513e+00, -5.93712913243552029630452042862141492424e-01, 1.06254725177007775399828088289573913894e+00, 1.21239343855210189765400749974460958662e+00, 4.31896759907699987083794850500917260718e+00, 1.81554426806773928272324273960588604889e+00, -2.8617768934865762e+02, 2.7815439991092738e+01
0.99460000, 1.80072034476901185131239162384394716284e+00, -5.89002541526585434154447763381791341746e-01, 1.05748176015334892381273915112042969380e+00, 1.20339319143594591885884242590211210255e+00, 4.31243393307645726879627637695219688542e+00, 1.81724832501738292462629569150611320798e+00, -2.8299383307925907e+02, 8.4709276597778386e+00
0.99470000, 1.80246107196603141328681782896778091716e+00, -5.84237234280718196017179575920301646424e-01, 1.05237233147982880418208765713920498708e+00, 1.19427555551619189203456333195905748676e+00, 4.30582301500477136547670754296229942630e+00, 1.81897534447920736613737600294021600460e+00, -2.7847756527772162e+02, -1.0627442283148249e+01
0.99480000, 1.80422028911864473728098036931629780563e+00, -5.79415362986068327482436839822558370196e-01, 1.04721774662700952492411540776733994673e+00, 1.18503704576269681844942853998524624043e+00, 4.29913259686621274077946881931281961510e+00, 1.82072603986097922209974581864505697689e+00, -2.7262653748271842e+02, -2.9379896271976327e+01
0.99490000, 1.80599855354447715196186765498854614386e+00, -5.74535219161142101686162810268511532720e-01, 1.04201672927980480927421151376302324772e+00, 1.17567400567381297934086866837670124669e+00, 4.29236032121838818792152166910801362114e+00, 1.82250115888638223408628121643002443304e+00, -2.6544579576725566e+02, -4.7683300387480096e+01
0.99500000, 1.80779644973826373581276442074640475912e+00, -5.69595008818862633452897855306040095181e-01, 1.03676794211505570192477486474715260404e+00, 1.16618259537060829051611363158376995899e+00, 4.28550371361034045244794161441892612038e+00, 1.82430148591485775339572241552965656147e+00, -2.5694840508887925e+02, -6.5431567495571786e+01
0.99510000, 1.80961459124257075414503260335560685447e+00, -5.64592846421400314593810223948282307216e-01, 1.03146998264985789156471395206875008473e+00, 1.15655877861405042944672583166579110104e+00, 4.27856017433819316677135689190919428918e+00, 1.82612784446798760532446612891309589204e+00, -2.4715608301888687e+02, -8.2516141546255934e+01
0.99520000, 1.81145362268824225369329386878869370803e+00, -5.59526748277413834951023518226424469758e-01, 1.02612137871636225402229985059702503503e+00, 1.14679830862396271052914611888461270446e+00, 4.27152696944163011570778194007410320370e+00, 1.82798109998554351320529121728755777997e+00, -2.3609983732087403e+02, -9.8826566393976112e+01
0.99530000, 1.81331422202395694322331049633906394772e+00, -5.54394625317655686671774619065009967158e-01, 1.02072058352064753377431418879299075610e+00, 1.13689671256211140001339128808555427244e+00, 4.26440122085409099262201478528790321858e+00, 1.82986216283747176993339463357746252642e+00, -2.2382060065431528e+02, -1.1425114680346003e+02
0.99540000, 1.81519710295697227002035818218281301219e+00, -5.49194275176015613832583795977535317975e-01, 1.01526597023740122292064254743006109936e+00, 1.12684927452270302117887314651524195698e+00, 4.25717989560749326370872916793302493837e+00, 1.83177199162173214727623729910410101385e+00, -2.1036985431074462e+02, -1.2867770954351438e+02
0.99550000, 1.81710301763026681589009428327262426660e+00, -5.43923373492741971375980645960953281368e-01, 1.00975582608532086858045998282559034176e+00, 1.11665101685136766969109668546274561341e+00, 4.24985979397824263289003642810386857212e+00, 1.83371159678216046900835997865754102917e+00, -1.9581023132914382e+02, -1.4199447262064904e+02
0.99560000, 1.81903275956495315310335646027657528496e+00, -5.38579464344518665877338570700493185216e-01, 1.00418834582018032008636756415049212271e+00, 1.10629667958778824976351274058729185408e+00, 4.24243753644489831668757729043948092779e+00, 1.83568204458548928777012386780858565577e+00, -1.8021608756299076e+02, -1.5409103073502268e+02
0.99570000, 1.82098716690112388399573626134505091189e+00, -5.33159949691948680898609918284321270146e-01, 9.98561624573171067218739054630904564179e-01, 1.09578069779678513227684861900735950632e+00, 4.23490954930865803254727534347756767387e+00, 1.83768446150248008927753579956291130220e+00, -1.6367402726288440e+02, -1.6485946491631597e+02
0.99580000, 1.82296712597533942710349441445980805474e+00, -5.27662077718393999326388728264235094014e-01, 9.92873649951155436732275978760629812132e-01, 1.08509717651700020206531246098300529684e+00, 4.22727204880526415782770462665900956532e+00, 1.83972003904496388768456160101288539984e+00, -1.4628336747420794e+02, -1.7419558397193273e+02
0.99590000, 1.82497357527892160887710340439772160739e+00, -5.22082929914542570601353850380861259239e-01, 9.87122293302521474514966418490374008918e-01, 1.07423986301426240714808937432225306861e+00, 4.21952102351032309631245744492693544041e+00, 1.84179003911866440041194442736097751410e+00, -1.2815652300765512e+02, -1.8200030479983627e+02
0.99600000, 1.82700750984827280943609206395153629885e+00, -5.16419406739895018713614646660752722777e-01, 9.81305300036996109574103243983915238939e-01, 1.06320211597692554291785574129883877572e+00, 4.21165221480853129446413754959767838834e+00, 1.84389579996124763625045343430666829649e+00, -1.0941929090154974e+02, -1.8818117771712715e+02
0.99610000, 1.82906998614683254271490518982033376731e+00, -5.10668211664817864807244403559228414528e-01, 9.75420278869542025062090739031122111795e-01, 1.05197687123129630337573476997780603064e+00, 4.20366109515986891516516627122401437604e+00, 1.84603874274642413113920360854175627390e+00, -9.0211010141126618e+01, -1.9265406165303644e+02
0.99620000, 1.83116212750830631677779675392634013269e+00, -5.04825833363938378314077948018888375001e-01, 9.69464689836697118018849840502857026418e-01, 1.04055660348465987172377304660506112945e+00, 4.19554284385115517514630284616331630317e+00, 1.84822037894852450833956315583829685139e+00, -7.0684568917927189e+01, -1.9534495225464935e+02
0.99630000, 1.83328513022282417904901707285285420692e+00, -4.98888525792259945033657876606627698110e-01, 9.63435830907615220201455928710683721426e-01, 1.02893328351878715467971999816054608455e+00, 4.18729231986782976051002739385081488280e+00, 1.85044231857827566819293280422903759643e+00, -5.1006227895440372e+01, -1.9619196353898971e+02
0.99640000, 1.83544027036217295352173096628463700702e+00, -4.92852285827947257353565685341623592290e-01, 9.57330822980627643882554401666524552507e-01, 1.01709833015493228118603326943129279658e+00, 4.17890403145638369927205025279835550559e+00, 1.85270627942015364195831652015338907663e+00, -3.1355223798215188e+01, -1.9514746055628643e+02
0.99650000, 1.83762891145778516359591172341759722360e+00, -4.86712828108357850037410208513394541037e-01, 9.51146593018093995278352226682159053805e-01, 1.00504255618810015354340332733287790991e+00, 4.17037210186991727052750151511517037744e+00, 1.85501409742547790141167481392182121852e+00, -1.1923113178280371e+01, -1.9218033643878911e+02
0.99660000, 1.83985251316650880158394238900250863908e+00, -4.80465556616148386448064044456147893349e-01, 9.44879855026025411194192409691346081721e-01, 9.92756107338559166874339319835912765967e-01, 4.16169023069454960582283466483924336444e+00, 1.85736773844435757838306881662134440247e+00, 7.0871885276278914e+00, -1.8727842199710710e+02
0.99670000, 1.84211264108528711307355018423750136423e+00, -4.74105532487043613635814961247294605554e-01, 9.38527088528363841084573388055263890618e-01, 9.80228393085500649282451308678802500151e-01, 4.15285165003861250279670004972441405695e+00, 1.85976931151500679524219731386108292326e+00, 2.5462722488228307e+01, -1.8045100945277862e+02
0.99680000, 1.84441097790798809982257166691506552774e+00, -4.67627437406101387662571816215493950784e-01, 9.32084514116201980133966931866227167004e-01, 9.67448008022768715135993602578117965868e-01, 4.14384907472426958069514310226879806714e+00, 1.86222108397249805160846146310694043800e+00, 4.2982211412347485e+01, -1.7173146367729022e+02
0.99690000, 1.84674933615735417081413501199731805050e+00, -4.61025531829812924701688004218705056501e-01, 9.25548065566138856472306004737157030192e-01, 9.54402642098481477346184790872615413464e-01, 4.13467464544531692739826935797989674703e+00, 1.86472549869290902804872865123542046618e+00, 5.9418253834388362e+01, -1.6117988410656970e+02
0.99700000, 1.84912967277450875174043004689726163192e+00, -4.54293607110302234677308968978177038766e-01, 9.18913357914812922752410885737995598450e-01, 9.41078977754447674753532572453070866453e-01, 4.12531986363615576452996451534463175187e+00, 1.86728519385590801360660706848123532528e+00, 7.4540052387924294e+01, -1.4888576791670651e+02
0.99710000, 1.85155410591045238941980876530372408007e+00, -4.47424930396205059615632215347003182394e-01, 9.12175650742399956387016983305920303595e-01, 9.27462571548168445268697281767379942851e-01, 4.11577551652302711978418164380751148830e+00, 1.86990302569290485414368279716594031287e+00, 8.8116744831729841e+01, -1.3497060961043381e+02
0.99720000, 1.85402493434222654396225201730005131154e+00, -4.40412180930502520414968190249317919823e-01, 9.05329805748467690217114557335438526608e-01, 9.13537717294108777315641805557783346280e-01, 4.10603159048325692380199368268434290939e+00, 1.87258209479401307891087140857403306266e+00, 9.9921409658210596e+01, -1.1959035332200828e+02
0.99730000, 1.85654466003591845395268881119020422647e+00, -4.33247376042528462751356492966943325642e-01, 8.98370237488241923012321485636589751806e-01, 8.99287287067195288516734031205435907890e-01, 4.09607717039958471808569808771783434713e+00, 1.87532577668200416098830136971243336632e+00, 1.0973581948281214e+02, -1.0293759125544641e+02
0.99740000, 1.85911601450620795213167179858109939439e+00, -4.25921784717698071386709119202329899793e-01, 8.91290855861409662778040580764329866191e-01, 8.84692545523202555400713041603549625848e-01, 4.08590032213496584682674454984765782319e+00, 1.87813775753438392427600202342283617352e+00, 1.1735601420687842e+02, -8.5243373980462722e+01
0.99750000, 1.86174198978701307533811946859920813257e+00, -4.18425826094278382478977810733859148633e-01, 8.84084998588988713413976847459827773418e-01, 8.69732931843545845420793009431010930472e-01, 4.07548795452791221432338363934957852611e+00, 1.88102207615828896308566891319621954959e+00, 1.2259876095846855e+02, -6.6778464965685652e+01
0.99760000, 1.86442587504285642488967896919846545514e+00, -4.10748949540290658424657771297492707013e-01, 8.76745351448720088740684936666535878701e-01, 8.54385802117013168458941491624585372244e-01, 4.06482565636322218254551066286341383882e+00, 1.88398317361455257033250151080174739448e+00, 1.2530895738839568e+02, -4.7853831763530307e+01
0.99770000, 1.86717130013390581791751047766670020697e+00, -4.02879492047347444139232167155510046674e-01, 8.69263853426911054490612707486086528814e-01, 8.38626123003504110566821307147658427487e-01, 4.05389750252906843786809298291023036344e+00, 1.88702595227150851530948253925470670568e+00, 1.2536801675596708e+02, -2.8820118610061892e+01
0.99780000, 1.86998228782487575496079090093953566013e+00, -3.94804507459547593887620644152245579654e-01, 8.61631583129347879287612388632288827594e-01, 8.22426104908122342724362225679755539288e-01, 4.04268582191714005223489359013241499457e+00, 1.89015584658064390085379658444145573888e+00, 1.2270324424845728e+02, -1.0065788734759549e+01
0.99790000, 1.87286331683600014134420196845250121352e+00, -3.86509560416113239783009797492673536334e-01, 8.53838621696210577728681710807545049584e-01, 8.05754759373861233862597645185310944389e-01, 4.03117091739726464828331710354216492057e+00, 1.89337890855509420608661002820054098105e+00, 1.1729816981551983e+02, 7.9864417351613123e+00
0.99800000, 1.87581939862697165268443209605424348120e+00, -3.77978475653577742017057164615024258788e-01, 8.45873885969642688320189823939601518687e-01, 7.88577360606900170642361478143379039967e-01, 4.01933072516738616111012843945313437249e+00, 1.89670191187122978189590404273831121737e+00, 1.0920373746392297e+02, 2.4885333715686608e+01
0.99801000, 1.87611934577724471281063922941252755628e+00, -3.77111697661375717443382724282592122982e-01, 8.45067498523719410955405057564934803634e-01, 7.86830323711569617874575634421558620322e-01, 4.01812788515805837555397273220206624676e+00, 1.89703999432128046093137742542176913639e+00, 1.0825064065412608e+02, 2.6493760395954073e+01
0.99802000, 1.87642010524563024334615309702792337321e+00, -3.76242358602899864519183834879238349531e-01, 8.44259256868812616202499046873913431774e-01, 7.85077797557407737289848252899983095626e-01, 4.01692151997442748541327234923446966040e+00, 1.89737915972391082963601363070810733245e+00, 1.0727205437214168e+02, 2.8085468443242364e+01
0.99803000, 1.87672168312281570793854612380371674556e+00, -3.75370438779162044796212558006002668064e-01, 8.43449147565992104504127141578646899621e-01, 7.83319739849739455647997569707726530852e-01, 4.01571160276065720090890027931539157771e+00, 1.89771941631499029355372378795250230182e+00, 1.0626816536574304e+02, 2.9659977799070108e+01
0.99804000, 1.87702408557607405107759664929114889418e+00, -3.74495918241200382102113891986291213567e-01, 8.42637157009298545270739183634446532545e-01, 7.81556107756960276533567729137469489450e-01, 4.01449810632101620408098782150603789948e+00, 1.89806077243416162703127862787022027577e+00, 1.0523916977531063e+02, 3.1216807787823586e+01
0.99805000, 1.87732731885063286686887742037521778338e+00, -3.73618776785622339332241567116207946072e-01, 8.41823271422773677387472466365969350176e-01, 7.79786857900964190083045209980420955611e-01, 4.01328100311382396630754278073975743806e+00, 1.89840323652669742653904444287352787422e+00, 1.0418527325625751e+02, 3.2755477262951142e+01
0.99806000, 1.87763138927107532325656833133400202829e+00, -3.72738993950045001137014190065551611100e-01, 8.41007476857421818689104575980723653898e-01, 7.78011946347350849688030654152301386896e-01, 4.01206026524525700675021864562504576927e+00, 1.89874681714539962527228053955279625632e+00, 1.0310669110112670e+02, 3.4275504757482186e+01
0.99807000, 1.87793630324277374680833556239788358048e+00, -3.71856549008429647460321478998152719226e-01, 8.40189759188100729511540847023534720199e-01, 7.76231328595405756764624706902694434772e-01, 4.01083586446301163547793180602109424124e+00, 1.89909152295254329629657723770112961662e+00, 1.0200364836128819e+02, 3.5776408638955702e+01
0.99808000, 1.87824206725335680380678340445235945882e+00, -3.70971420966307604640191696893658634999e-01, 8.39370104110339809333371121309089656411e-01, 7.74444959567846983750227185472217120785e-01, 4.00960777214981909171690444788837480563e+00, 1.89943736272186601303099905259650409578e+00, 1.0087637996816019e+02, 3.7257707268844368e+01
0.99809000, 1.87854868787421124522550825600821673890e+00, -3.70083588555894258697365958096560170936e-01, 8.38548497137083536834576965394375549669e-01, 7.72652793600331746313006651129062382041e-01, 4.00837595931680884916257196184242837035e+00, 1.89978434534060407902179726924342298980e+00, 9.9725130853876222e+01, 3.8718919166561491e+01
0.99810000, 1.87885617176201921625687354955294922806e+00, -3.69193030231088009339459874265407299851e-01, 8.37724923595357992305756564418641758086e-01, 7.70854784430715907969071114363117562955e-01, 4.00714039659671571633251212096622077252e+00, 1.90013247981157698382097229344733677287e+00, 9.8550156071316155e+01, 4.0159563178139149e+01
0.99811000, 1.87916452566033216545968254881566294210e+00, -3.68299724162350832918328025539577514114e-01, 8.36899368622858227118705601349642645807e-01, 7.69050885188059263512066923762955676984e-01, 4.00590105423692621029638663379413291563e+00, 1.90048177525532148842395563038771659244e+00, 9.7351720913416142e+01, 4.1579158649667032e+01
0.99812000, 1.87947375640118242436720205019914390931e+00, -3.67403648231467007907338408975309350492e-01, 8.36071817164454167790162580760208448385e-01, 7.67241048381369201464343454003151642647e-01, 4.00465790209235952653282650131545083308e+00, 1.90083224091227679221955859490380878047e+00, 9.6130101031668667e+01, 4.2977225605582602e+01
0.99813000, 1.87978387090673356560173871765255826228e+00, -3.66504780026176437215219398142905187310e-01, 8.35242253968612661900835284498771679551e-01, 7.65425225888075089732236620010458103166e-01, 4.00341090961817826586528240945713056378e+00, 1.90118388614502228384748845758616917464e+00, 9.4885582553720447e+01, 4.4353284931904321e+01
0.99814000, 1.88009487619097068624662087731162141922e+00, -3.65603096834678877615581656098391854652e-01, 8.34410663583733189630470550425286288753e-01, 7.63603368942225462343081478389237955098e-01, 4.00216004586232391113646254423711762963e+00, 1.90153672044056943083285488842491485705e+00, 9.3618462199972083e+01, 4.5706858564500778e+01
0.99815000, 1.88040677936143180349877689980808142955e+00, -3.64698575640005257527106279338253839793e-01, 8.33577030354394677788484280009326815944e-01, 7.61775428122399808088022564148861963623e-01, 4.00090527945787187119700278879332641179e+00, 1.90189075341270941746641997641147172451e+00, 9.2329047399079460e+01, 4.7037469682489636e+01
0.99816000, 1.88071958762098159153745774443650936169e+00, -3.63791193114252130098430558407375763160e-01, 8.32741338417510762802665575387937054368e-01, 7.59941353339326473598131622047067604480e-01, 3.99964657861520072759609469875216920065e+00, 1.90224599480441819722193001707906123051e+00, 9.1017656402252869e+01, 4.8344642906861396e+01
0.99817000, 1.88103330826962873217310602512623367042e+00, -3.62880925612675168791750860058364437357e-01, 8.31903571698390755011764971043074769247e-01, 7.58101093823197893321788045225071326440e-01, 3.99838391111397012974142508424475972004e+00, 1.90260245449032068515083473898503895283e+00, 8.9684618396245631e+01, 4.9627904504424013e+01
0.99818000, 1.88134794870638819726497246013129325111e+00, -3.61967749167637467165305344982093796273e-01, 8.31063713906703458618887376789428128841e-01, 7.56254598110674046501721651775016800814e-01, 3.99711724429490158689737363999731980978e+00, 1.90296014247921587727855223762060957931e+00, 8.8330273614919642e+01, 5.0886782597165427e+01
0.99819000, 1.88166351643118982820106296388107465692e+00, -3.61051639482408253059087613955149348226e-01, 8.30221748532340899620015360600857507184e-01, 7.54401814031564715994964969917478739722e-01, 3.99584654505135619985032778540417004301e+00, 1.90331906891666474815936384928554805351e+00, 8.6954973449270799e+01, 5.2120807377132079e+01
0.99820000, 1.88198001904683462700804517122831272900e+00, -3.60132571924807469608175385080924943271e-01, 8.29377658841178907734605808730682253990e-01, 7.52542688695180785032367231616753887870e-01, 3.99457177982070316100545329748792432982e+00, 1.90367924408764284454922752407204034112e+00, 8.5559080555792580e+01, 5.3329511326922458e+01
0.99821000, 1.88229746426100022499523007637026858681e+00, -3.59210521520691511146821669492531701585e-01, 8.28531427870731387631829396992153850501e-01, 7.50677168476344455138421677975967421540e-01, 3.99329291457547262868732651024295153240e+00, 1.90404067841925956275385496774492480531e+00, 8.4142968963051245e+01, 5.4512429445895652e+01
0.99822000, 1.88261585988829704833402661080148998317e+00, -3.58285462947275230811045538516179277108e-01, 8.27683038425694999354737045911689162603e-01, 7.48805199001047900755190271386977774173e-01, 3.99200991481428634907309635506048057411e+00, 1.90440338248354616973662495351092688039e+00, 8.2707024176341120e+01, 5.5669099482195809e+01
0.99823000, 1.88293521385237675573596855138858343708e+00, -3.57357370526285158168248783395385308633e-01, 8.26832473073380847572168323209715927907e-01, 7.46926725131749492928413546386656167635e-01, 3.99072274555255915704423147420191309499e+00, 1.90476736700031470366776410974192178539e+00, 8.1251643280283240e+01, 5.6799062170694272e+01
0.99824000, 1.88325553418809458152774243111239209771e+00, -3.56426218216938679152030833401143174020e-01, 8.25979714139029653899263896409285183857e-01, 7.45041690952296324973772725919428703422e-01, 3.98943137131296423483032263505765313978e+00, 1.90513264284008996841074717537329306880e+00, 7.9777235039225279e+01, 5.7901861476951977e+01
0.99825000, 1.88357682904372727804572893710966367366e+00, -3.55491979608743736592759969691043450677e-01, 8.25124743701006755773960439039894783277e-01, 7.43150039752461356560725189092627576056e-01, 3.98813575611565474413929640507606768883e+00, 1.90549922102711691863010306785761129658e+00, 7.8284219995295125e+01, 5.8977044847305516e+01
0.99826000, 1.88389910668324841450681043017543061953e+00, -3.54554627914113407323564235214874774935e-01, 8.24267543585873138997269634647002110460e-01, 7.41251714012083058301633983076185140181e-01, 3.98683586346823417299920454700063478721e+00, 1.90586711274244581793131801213010086849e+00, 7.6773030563954691e+01, 6.0024163465180962e+01
0.99827000, 1.88422237548866285548465061413759032798e+00, -3.53614135960789500800105094770410519357e-01, 8.23408095363328568763577397853534181914e-01, 7.39346655384794985841018445455003910726e-01, 3.98553165635546745222531518684595186191e+00, 1.90623632932709764188187947115228320901e+00, 7.5244111126894594e+01, 6.1042772513740277e+01
0.99828000, 1.88454664396240231096643649856082930965e+00, -3.52670476184069103971277056373601510804e-01, 8.22546380341022735532542909863596014067e-01, 7.37434804681332239681563140824155978793e-01, 3.98422309722872459769001548852891793716e+00, 1.90660688228531229109585141826130719570e+00, 7.3697918122104144e+01, 6.2032431444965715e+01
0.99829000, 1.88487192072978392182679835528591885845e+00, -3.51723620618827767323566136704783900106e-01, 8.21682379559230177119189179111096159546e-01, 7.35516101852401273586930492527874819948e-01, 3.98291014799514832279729289246539856526e+00, 1.90697878328788227698601539686248732365e+00, 7.2134920130944678e+01, 6.2992704255288217e+01
0.99830000, 1.88519821454153391958385621476913011311e+00, -3.50773540891332787115710033122183249020e-01, 8.20816073785384576579084604307500387505e-01, 7.33590485971098999339183722463270117321e-01, 3.98159277000653674009934592132139233306e+00, 1.90735204417557464450163767626549624514e+00, 7.0555597962047606e+01, 6.3923159767866252e+01
0.99831000, 1.88552553427637847765609579216925166554e+00, -3.49820208210839788317265718379891306516e-01, 8.19947443508467866498550860335757061332e-01, 7.31657895214866597816007693190706986399e-01, 3.98027092404793193115492517738302716538e+00, 1.90772667696264400239186601218568176564e+00, 6.8960444731851689e+01, 6.4823371921622012e+01
0.99832000, 1.88585388894370395318604207381069774048e+00, -3.48863593360965551130993901689146003428e-01, 8.19076468933249393803699682716886585868e-01, 7.29718266846962884644117024051068854790e-01, 3.97894457032590480879348605406722094579e+00, 1.90810269384043964249232008410035992345e+00, 6.7349965941586894e+01, 6.5692920067142166e+01
0.99833000, 1.88618328768628880401500304349530068830e+00, -3.47903666690829750650677244503117398532e-01, 8.18203129974370214794361622382219149302e-01, 7.27771537197441491869576219885243008637e-01, 3.97761366845652632515132457166044074808e+00, 1.90848010718110984546624546748536411438e+00, 6.5724679550504786e+01, 6.6531389269550638e+01
0.99834000, 1.88651373978310955477016755501705965911e+00, -3.46940398105957993587034658303334050376e-01, 8.17327406250267397385347704758407649575e-01, 7.25817641643615513883563771014648407522e-01, 3.97627817745301469137717548362920452249e+00, 1.90885892954140659159602362119423055235e+00, 6.4085116045147751e+01, 6.7338370618461013e+01
0.99835000, 1.88684525465222327945951289630453865142e+00, -3.45973757058938237454547661625470659061e-01, 8.16449277076933006070480275127266199847e-01, 7.23856514589992624900385155430661948161e-01, 3.97493805571304786991055733714441714297e+00, 1.90923917366659402188485785314489152187e+00, 6.2431818504441375e+01, 6.8113461545116232e+01
0.99836000, 1.88717784185372916567123518918244278465e+00, -3.45003712539822365484705190512529096397e-01, 8.15568721461502234462235000622642316420e-01, 7.21888089447663005172253019637035844925e-01, 3.97359326100573017681245082350704254565e+00, 1.90962085249446412717662570039037652481e+00, 6.0765342660386080e+01, 6.8856266146823151e+01
0.99837000, 1.88751151109281182766489622424418275106e+00, -3.44030233066264364111156776691950398486e-01, 8.14685718095664929923149989869995023720e-01, 7.19912298613121712328458590688773391611e-01, 3.97224375045820138881825107488941885401e+00, 1.91000397915946328153528926151571937664e+00, 5.9086256954115547e+01, 6.9566395518789356e+01
0.99838000, 1.88784627222286914255632084674138531030e+00, -3.43053286673386208413129480152918728580e-01, 8.13800245348894524287883324573682152678e-01, 7.17929073446506401142629188301598741561e-01, 3.97088948054187628657507290564535066561e+00, 1.91038856699693338106259406899772455023e+00, 5.7395142587080617e+01, 7.0243468093469311e+01
0.99839000, 1.88818213524872749568646311642201007285e+00, -3.42072840903362203614960042008067720183e-01, 8.12912281261488143440623962210163098847e-01, 7.15938344249230527964257908846510805497e-01, 3.96953040705830208084769248670662150000e+00, 1.91077462954747150101153750069558218600e+00, 5.5692593567108142e+01, 7.0887109987526462e+01
0.99840000, 1.88851911032994743838972358270850873780e+00, -3.41088862794712156784764920615509291165e-01, 8.12021803537411415993402237383892462112e-01, 7.13940040240991373202792850214223828331e-01, 3.96816648512462066119462916574252087106e+00, 1.91116218056141214283071761221656007396e+00, 5.3979216749074749e+01, 7.1496955356517280e+01
0.99841000, 1.88885720778422288401900542464203305997e+00, -3.40101318871293361367387398198556843968e-01, 8.11128789536941236904764183746816011763e-01, 7.11934089536131374720617637958625238289e-01, 3.96679766915862207552556124474721898750e+00, 1.91155123400343630902996265766690227098e+00, 5.2255631869925588e+01, 7.2072646757402510e+01
0.99842000, 1.88919643809087709653937256464314295956e+00, -3.39110175130980967186026095440288640624e-01, 8.10233216269099464947223287959626325483e-01, 7.09920419119330384757650162345356114977e-01, 3.96542391286337509277892368932745514517e+00, 1.91194180405731181789209525736638158821e+00, 5.0522471577757876e+01, 7.2613835518989878e+01
0.99843000, 1.88953681189445886058363291105074637974e+00, -3.38115397034025879056966705503894456042e-01, 8.09335060383870242799326058520066663680e-01, 7.07898954820605540935930629580165557604e-01, 3.96404516921142011835289819052150885790e+00, 1.91233390513076945249504879684471589083e+00, 4.8780381454678416e+01, 7.3120182120411439e+01
0.99844000, 1.88987834000844236290471636021587477695e+00, -3.37116949491078877125820730505677071167e-01, 8.08434298164193324486407998249687162812e-01, 7.05869621289594475708711613948539978765e-01, 3.96266139042850912145092949433915833137e+00, 1.91272755186051972970444117184572235132e+00, 4.7030020033133264e+01, 7.3591356577737382e+01
0.99845000, 1.89022103341903446301492864438239717035e+00, -3.36114796850869180330370156715693554110e-01, 8.07530905517725476161643824706515202064e-01, 7.03832341969096575918058409601198186333e-01, 3.96127252797687659364382659000686185731e+00, 1.91312275911741527522835267096545841712e+00, 4.5272058805396226e+01, 7.4027038838826551e+01
0.99846000, 1.89056490328909318584637975217094841316e+00, -3.35108902887525179834435898090300606179e-01, 8.06624857968361681997422031544494660821e-01, 7.01787039067845942352891011145535338893e-01, 3.95987853253802488709052917314292172802e+00, 1.91351954201176400100217521847713331588e+00, 4.3507182225891049e+01, 7.4426919186512200e+01
0.99847000, 1.89090996096216143189870306148624053301e+00, -3.34099230787524550595500983815092067308e-01, 8.05716130647507536387946599924959072071e-01, 6.99733633532488585642945480576932723022e-01, 3.95847935399500657728511530986481943843e+00, 1.91391791589879850163223721656570881055e+00, 4.1736087706009817e+01, 7.4790698650219425e+01
0.99848000, 1.89125621796662007098304659830762669023e+00, -3.33085743136260405083901336585319168949e-01, 8.04804698285093835835322165953894739737e-01, 6.97672045018735226601766558663012998515e-01, 3.95707494141418575708839720487359760554e+00, 1.91431789638430731794638404804111154666e+00, 3.9959485601077302e+01, 7.5118089426108460e+01
0.99849000, 1.89160368601996476477525734602315100129e+00, -3.32068401904209582136986772367915819659e-01, 8.03890535200323997834023837620783252638e-01, 6.95602191861659843181620659848164545648e-01, 3.95566524302645939422435052733567320521e+00, 1.91471949933043395848775157217138879650e+00, 3.8178099189097753e+01, 7.5408815305835417e+01
0.99850000, 1.89195237703321105143465350845142520342e+00, -3.31047168432688564491602172187358783198e-01, 8.02973615292144528752181893924763869746e-01, 6.93523991045112819270217523174063533492e-01, 3.95425020620791907131861367942355249432e+00, 1.91512274086164982469308634475298947009e+00, 3.6392664640906857e+01, 7.5662612114019187e+01
0.99851000, 1.89230230311543242303668051876342169411e+00, -3.30022003419181889080199716880521464814e-01, 8.02053912029428337036598240879405660849e-01, 6.91437358170216199181918136944193663534e-01, 3.95282977745993257374190690531959478623e+00, 1.91552763737090745320886263930334416212e+00, 3.4603930981337309e+01, 7.5879228154499992e+01
0.99852000, 1.89265347657843633404955222274071140875e+00, -3.28992866902227252984538717992174259977e-01, 8.01131398440860240875775238350571126612e-01, 6.89342207422907132192164123064617301783e-01, 3.95140390238862389366934459716883779672e+00, 1.91593420552598077005100450702706788610e+00, 3.2812660040991634e+01, 7.6058424665471513e+01
0.99853000, 1.89300590994158329713307339918793380339e+00, -3.27959718245840823190625785158557474794e-01, 8.00206047104513549500247817238646438138e-01, 6.87238451540494099913862057555079511298e-01, 3.94997252568372927640156699357677985123e+00, 1.91634246227599934688842948294909005381e+00, 3.1019626398200488e+01, 7.6199976283564596e+01
0.99854000, 1.89335961593675445176601787262500319116e+00, -3.26922516123465528035461471420670893084e-01, 7.99277830137106103260397792700878600907e-01, 6.85126001777188951545315192106294952354e-01, 3.94853559109680594447944816420148979389e+00, 1.91675242485818396045877651811371792266e+00, 2.9225617310728742e+01, 7.6303671516956172e+01
0.99855000, 1.89371460751347323227060342108472731779e+00, -3.25881218501424340409740482892409742280e-01, 7.98346719182923638090573416736420051331e-01, 6.83004767868576123585897636387882638365e-01, 3.94709304141876909365307555367615439618e+00, 1.91716411080479108289281137611285119972e+00, 2.7431432636775039e+01, 7.6369313227572280e+01
0.99856000, 1.89407089784418701539569360805985363181e+00, -3.24835782621859755174441205394210265950e-01, 7.97412685402397793443986234684684138425e-01, 6.80874657994978686781120487875345745955e-01, 3.94564481845673165934568825303727929431e+00, 1.91757753795027427447667695803016301521e+00, 2.5637884744793333e+01, 7.6396719122448813e+01
0.99857000, 1.89442850032971489448747850346636556716e+00, -3.23786164985139813510937073886658821103e-01, 7.96475699460325507665349994637506707856e-01, 6.78735578743679038773062111745611594953e-01, 3.94419086301012019969450563591252493657e+00, 1.91799272443867081212551340853871925087e+00, 2.3845798411647061e+01, 7.6385722254307920e+01
0.99858000, 1.89478742860486800821023422961313633208e+00, -3.22732321331710132544997994730874176048e-01, 7.95535731513715939350664070317078581253e-01, 6.76587435069950140809215552629001618494e-01, 3.94273111484603902815077971983894288071e+00, 1.91840968873122226765234722881160024610e+00, 2.2056010708588026e+01, 7.6336171531401687e+01
0.99859000, 1.89514769654424914762629215241677772952e+00, -3.21674206623370456887785299366704190634e-01, 7.94592751199250415704367492422852256950e-01, 6.74430130256851175155503719924319506519e-01, 3.94126551267385345135084577647566823231e+00, 1.91882844961423815093905657791583443008e+00, 2.0269370874532854e+01, 7.6247932236667935e+01
0.99860000, 1.89550931826823867710676531869835841000e+00, -3.20611775023953256863920437471015456508e-01, 7.93646727620340237298508043772867617969e-01, 6.72263565873739370432415671763465978763e-01, 3.93979399411896162265327251317286803684e+00, 1.91924902620721215557575781629809653175e+00, 1.8486740176089854e+01, 7.6120886556235524e+01
0.99861000, 1.89587230814917413298764266248992087060e+00, -3.19544979879380853095867268129662835578e-01, 7.92697629333766460889282363607075825760e-01, 6.70087641733447498394685212246337584851e-01, 3.93831649569572310423582189884451016157e+00, 1.91967143797120098973864415634242254381e+00, 1.6708991753768379e+01, 7.5954934117308448e+01
0.99862000, 1.89623668081773121014055717317235829051e+00, -3.18473773697076445524143756765952356598e-01, 7.91745424335885035833446871660330598289e-01, 6.67902255848074180703723625175307156483e-01, 3.93683295277951073653782536945416895352e+00, 1.92009570471747624442140786735967890333e+00, 1.4937010453781207e+01, 7.5749992535449263e+01
0.99863000, 1.89660245116951421179613529427839407600e+00, -3.17398108124703263378260496346819028778e-01, 7.90790080048379882797366407489675887632e-01, 6.65707304383331650514274954628422735464e-01, 3.93534329957785083839177768465884436118e+00, 1.92052184661646024611576485631452604100e+00, 1.3171692644828082e+01, 7.5505997971272839e+01
0.99864000, 1.89696963437186442321938606389639754579e+00, -3.16317933928204827345539576770551252729e-01, 7.89831563303545673326293548308099664214e-01, 6.63502681611392983208624233251166581018e-01, 3.93384746910061509935703301729835360118e+00, 1.92094988420695736325018592840355640460e+00, 1.1413946019225285e+01, 7.5222905696551094e+01
0.99865000, 1.89733824587089527645285851565845581360e+00, -3.15233200969118022224905642425716596175e-01, 7.88869840329081192724228565541313794554e-01, 6.61288279862178034799059352678646807907e-01, 3.93234539312922577213922388778294921764e+00, 1.92137983840569278685273836215677538146e+00, 9.6646893777219629e+00, 7.4900690669718224e+01
0.99866000, 1.89770830139876360266523777607148537576e+00, -3.14143858181129313429867577387512452145e-01, 7.87904876732373243676802136485008912086e-01, 6.59063989473014396214164755980592158774e-01, 3.93083700218483392176077239532014148460e+00, 1.92181173051717138783482955181706937590e+00, 7.9248523973188605e+00, 7.4539348120753819e+01
0.99867000, 1.89807981698118672211781912412374062326e+00, -3.13049853545842999245338517353760968372e-01, 7.86936637484250071015385174147448546032e-01, 6.56829698736606577067581269766808484631e-01, 3.92932222549542853313863238345236386105e+00, 1.92224558224386986795886451458637856669e+00, 6.1953753813790279e+00, 7.4138894145408186e+01
0.99868000, 1.89845280894521560093987832860874597202e+00, -3.11951134067728867845392103965964909873e-01, 7.85965086902182255630915882911868615426e-01, 6.54585293847243363056912053350748518633e-01, 3.92780099096183221327930179124366938273e+00, 1.92268141569677607105632672910136686397e+00, 4.4772089912930224e+00, 7.3699366308720087e+01
0.99869000, 1.89882729392727481044945090720498677175e+00, -3.10847645748215018488745871487571095487e-01, 7.84990188632907934220267853541369453181e-01, 6.52330658845169835574407116227884540372e-01, 3.92627322512253704129300569607964373072e+00, 1.92311925340629000765745347894765134527e+00, 2.7713139589330057e+00, 7.3220824257761834e+01
0.99870000, 1.89920328888148056045269371766193753052e+00, -3.09739333558889904389026776109400730352e-01, 7.84011905634458047445140154363086874067e-01, 6.50065675559046888328978669496060119538e-01, 3.92473885311733181121582110348052389696e+00, 1.92355911833350187229755826636029728844e+00, 1.0786607791009294e+00, 7.2703350343530249e+01
0.99871000, 1.89958081108824864471805252643530326575e+00, -3.08626141413775854458229365343084474129e-01, 7.83030200157556098080313028677868763020e-01, 6.47790223546417210793821928144522500332e-01, 3.92319779864966947100775047860782580728e+00, 1.92400103388186310097369324955074523819e+00, -5.9977061885432821e-01, 7.2147050251884228e+01
0.99872000, 1.89995987816320473670779895196807375326e+00, -3.07508012140634425948258844728319031582e-01, 7.82045033726365608396633169027606043264e-01, 6.45504180032092618159751772185471914405e-01, 3.92164998394772097725835905111573139959e+00, 1.92444502390926732932627299182765316885e+00, -2.2629912211075323e+00, 7.1552053643410534e+01
0.99873000, 1.90034050806641010886937722227255257881e+00, -3.06384887451261922987898969301498955392e-01, 7.81056367118557097606178975752502407401e-01, 6.43207419844373277208291620553555891106e-01, 3.92009532972405904961646016195074264349e+00, 1.92489111274055897310882996066394851148e+00, -3.9100033020047525e+00, 7.0918514802078820e+01
0.99874000, 1.90072271911191652171874267657365528620e+00, -3.05256707910731279628560654870095490758e-01, 7.80064160344664950577176620467165207784e-01, 6.40899815349004791014246282893326057475e-01, 3.91853375513391241159394962425468405975e+00, 1.92533932518048806460563080511561503571e+00, -5.5398008202115087e+00, 7.0246613292524695e+01
0.99875000, 1.90110652997766474214378466730604345977e+00, -3.04123412905534242202411226167820848999e-01, 7.79068372626703012701512965651952068416e-01, 6.38581236380774245321509405208612067069e-01, 3.91696517773192803423508624342289253693e+00, 1.92578968652713094532572737665591478406e+00, -7.1513698393201106e+00, 6.9536554625775707e+01
0.99876000, 1.90149195971574190656947083160101684195e+00, -3.02984940610575385876937406290309202698e-01, 7.78068962376006116845226788746026341395e-01, 6.36251550172641167165145996271919480136e-01, 3.91538951342737564441675357909331254732e+00, 1.92624222258579744027188478758998418087e+00, -8.7436889739115878e+00, 6.8788570933209420e+01
0.99877000, 1.90187902776301374682074700413336018383e+00, -3.01841227954966954909785991123025142294e-01, 7.77065887170263020353535498338067920346e-01, 6.33910621282293881762683949298999502675e-01, 3.91380667643772530757387871529562716085e+00, 1.92669695968344622636940487838671000115e+00, -1.0315729862105711e+01, 6.8002921648505013e+01
0.99878000, 1.90226775395214854788760503627351366774e+00, -3.00692210586570815192066422796900240413e-01, 7.76059103729704396243364503035620916367e-01, 6.31558311516015955239256022249507094403e-01, 3.91221657924052523176712622784107728086e+00, 1.92715392468363126157037679448950130398e+00, -1.1866457665672176e+01, 6.7179894197320070e+01
0.99879000, 1.90265815852305061078199665917119278907e+00, -2.99537822835230940356027755569464697335e-01, 7.75048567892407575587041053756924139134e-01, 6.29194479849741255067760421461763576702e-01, 3.91061913252350305150099607568940791018e+00, 1.92761314500200336638903716486986872200e+00, -1.3394831598817123e+01, 6.6319804694392139e+01
0.99880000, 1.90305026213472195399287923347662691809e+00, -2.98377997674636807298196778524241685169e-01, 7.74034234588677669675464346181506464941e-01, 6.26818982347169622044494169964750951887e-01, 3.90901424513280971967442890994424684279e+00, 1.92807464862239235120737617331637144797e+00, -1.4899805486801835e+01, 6.5422998647730155e+01
0.99881000, 1.90344408587757200770349108389683886403e+00, -2.97212666682754840785981928386023066059e-01, 7.73016057814462502216617634830057049801e-01, 6.24431672074808200034665137994860481643e-01, 3.90740182401932074735734004943110894269e+00, 1.92853846411349646605084579128473771128e+00, -1.6380328355594777e+01, 6.4489851669523730e+01
0.99882000, 1.90383965128619614026541754749184820047e+00, -2.96041760000761606216701979700680145505e-01, 7.71993990603756444252650058584186936305e-01, 6.22032399013796083290113325579197983510e-01, 3.90578177418290486521753071506948831966e+00, 1.92900462064620742054174252953590877939e+00, -1.7835345053804121e+01, 6.3520770193358444e+01
0.99883000, 1.90423698035264501110889444766357335566e+00, -2.94865206290408789822997026510429894018e-01, 7.70967984999945757588952087686538025952e-01, 6.19621009968362084176360730455728239219e-01, 3.90415399861456521736112809077129283040e+00, 1.92947314801160078673698544482829560444e+00, -1.9263796908185678e+01, 6.2516192197282346e+01
0.99884000, 1.90463609554020797337177118754005176031e+00, -2.93682932689746110706166998808320946755e-01, 7.69937992026045405422893498665873443358e-01, 6.17197348470757062381318713023469495586e-01, 3.90251839823635291645520100987443661717e+00, 1.92994407663962326340951521852889557059e+00, -2.0664622414070700e+01, 6.1476587932222790e+01
0.99885000, 1.90503701979773505853090268637801486860e+00, -2.92494864767124161757206523663885642028e-01, 7.68903961653774469742894411513927552640e-01, 6.14761254682493353033752655887394235167e-01, 3.90087487183894716485594038001327319362e+00, 1.93041743761851005446485461852786037053e+00, -2.2036757962109433e+01, 6.0402460655203136e+01
0.99886000, 1.90543977657452347015455584584664699693e+00, -2.91300926473394758091744120838259138418e-01, 7.67865842771414311166265994213373501130e-01, 6.12312565291714345485106969097659535466e-01, 3.89922331601679015471294358288852367789e+00, 1.93089326271496750463923828977552433646e+00, -2.3379138602779675e+01, 5.9294347366755527e+01
0.99887000, 1.90584438983579600099468781122852067423e+00, -2.90101040092221661814758195853936965622e-01, 7.66823583150390404353578752020750027685e-01, 6.09851113406507153298126093138255007042e-01, 3.89756362510065857318448505974806868464e+00, 1.93137158439515815111918044122527454197e+00, -2.4690698850164887e+01, 5.8152819551868628e+01
0.99888000, 1.90625088407880037397892387614234016590e+00, -2.88895126188409528770687587305983293379e-01, 7.65777129410515365966001937439886338632e-01, 6.07376728443960532067345950470030161817e-01, 3.89589569108754672718924505813716920151e+00, 1.93185243584652749970656815987643684890e+00, -2.5970373526563828e+01, 5.6978483923747607e+01
0.99889000, 1.90665928434956020081338542334948226565e+00, -2.87683103554153562582508287189917795968e-01, 7.64726426983827046028886517387850525653e-01, 6.04889236014758693885605486052086955066e-01, 3.89421940356772903321245358562675002162e+00, 1.93233585100051412888594356447015987961e+00, -2.7217098649553099e+01, 5.5771983169597312e+01
0.99890000, 1.90706961626031006008972648842523232125e+00, -2.86464889153106637851654383645079733778e-01, 7.63671420076951659838090901632833128646e-01, 6.02388457803089379990481882742945629204e-01, 3.89253464964886185648074235274915799239e+00, 1.93282186455618717577111539527087261745e+00, -2.8429812363185650e+01, 5.4533996697568359e+01
0.99891000, 1.90748190600764912893664521251954593843e+00, -2.85240398062154539749641109126785743414e-01, 7.62612051631917776968657762233103356937e-01, 5.99874211441631425985403005467118395250e-01, 3.89084131387697639218296807034224537732e+00, 1.93331051200485787652266021735120405490e+00, -2.9607455915072103e+01, 5.3265241383929187e+01
0.99892000, 1.90789618039144986808384710743674927266e+00, -2.84009543410783430793838658338915704612e-01, 7.61548263285342535608691351306201904536e-01, 5.97346310381373021364806992159676773562e-01, 3.88913927815420541787392361384950789006e+00, 1.93380182965571463360227291215298801475e+00, -3.0748974681157832e+01, 5.1966472319444656e+01
0.99893000, 1.90831246683456047028973141624005870352e+00, -2.82772236317916664077915407102696321079e-01, 7.60479995325906691587336748981854725475e-01, 5.94804563755996855421455172580718776095e-01, 3.88742842165307726562658787983822882642e+00, 1.93429585466253407749383964840408679340e+00, -3.1853319240077125e+01, 5.0638483553853113e+01
0.99894000, 1.90873079340334214794103871254862915911e+00, -2.81528385826090579372295792850832735574e-01, 7.59407186650030017307666313267635474548e-01, 5.92248776240552277154862052877469678002e-01, 3.88570862072720021575119745525509800066e+00, 1.93479262505152379688223192751109660503e+00, -3.2919446499036476e+01, 4.9282108837238377e+01
0.99895000, 1.90915118882908486981858399531046540944e+00, -2.80277898832830904813835581683576638938e-01, 7.58329774715653109314538888967117107795e-01, 5.89678747904117392716373599860430484399e-01, 3.88397974881814964741409409789807775489e+00, 1.93529217975035584575217702366314025752e+00, -3.3946320873252122e+01, 4.7898222356990428e+01
0.99896000, 1.90957368253034787323458023572131429739e+00, -2.79020680019082799274323071993048710211e-01, 7.57247695494025814949984219551398639616e-01, 5.87094274056135587706386208268676435834e-01, 3.88224167635835863684454382528427864440e+00, 1.93579455861845381701062996149922823207e+00, -3.4932915521042481e+01, 4.6487739468938065e+01
0.99897000, 1.90999830463627419093757310164379951052e+00, -2.77756631774538361894136848222550859614e-01, 7.56160883419396216295637614230514673294e-01, 5.84495145086091192295038152861521278560e-01, 3.88049427066980020724040592165003671087e+00, 1.93629980247860022030960997163341691180e+00, -3.5878213636754000e+01, 4.5051617421117805e+01
0.99898000, 1.91042508601093155869007557936506338014e+00, -2.76485654119695554298803115683899833957e-01, 7.55069271336487378212970993789239811191e-01, 5.81881146296167794340141465436069287344e-01, 3.87873739585823603630170475817994051789e+00, 1.93680795314993513889288774923065477530e+00, -3.6781209803779301e+01, 4.3590856068515221e+01
0.99899000, 1.91085405827873542712008790431115582828e+00, -2.75207644624471871489986417195468293949e-01, 7.53972790445641838317575255225216249169e-01, 5.79252057726509928789539029089540242899e-01, 3.87697091270279204135502623134635736048e+00, 1.93731905348242169072143011814997000732e+00, -3.7640911410009239e+01, 4.2106498576976935e+01
0.99900000, 1.91128525385101340988801342201735560482e+00, -2.73922498323184697825010787896137298463e-01, 7.52871370245506048080399032803745418794e-01, 5.76607653972684398662782460852723563465e-01, 3.87519467854060580491499024311491722591e+00, 1.93783314739285870934945566781606655719e+00, -3.8456340128145627e+01, 4.0599632114342909e+01
0.99901000, 1.91171870595377438081905887637607583079e+00, -2.72630107625698027517086629031544128358e-01, 7.51764938473118619837189952493068448119e-01, 5.73947703994911169212554582745772927020e-01, 3.87340854714627418395230712784661115013e+00, 1.93835027990252631905508029734767602607e+00, -3.9226533463388878e+01, 3.9071388526688538e+01
0.99902000, 1.91215444865674960891776142713440646987e+00, -2.71330362224522040865679888631181876420e-01, 7.50653421041257243763861678113194796465e-01, 5.71271970918605463954933912199799738851e-01, 3.87161236860581156400321865411510909312e+00, 1.93887049717655573840545696912865270409e+00, -3.9950546371104594e+01, 3.7522944997393502e+01
0.99903000, 1.91259251690377781788354535458275442434e+00, -2.70023148997637826946684799056792203883e-01, 7.49536741972889456374261625001969151266e-01, 5.68580211825742205200582391337121144047e-01, 3.86980598918480996473167237082068389575e+00, 1.93939384656512074168472689756117539794e+00, -4.0627452947165110e+01, 3.5955524686568312e+01
0.99904000, 1.91303294654461090419869128624229103749e+00, -2.68708351906804241779449293165831077416e-01, 7.48414823332562006894546148561981195820e-01, 5.65872177536521091499333071918890159225e-01, 3.86798925119047145602283994281028240677e+00, 1.93992037664655477679980449968544257829e+00, -4.1256348193756045e+01, 3.4370397348168864e+01
0.99905000, 1.91347577436822227619279207545625259992e+00, -2.67385851891087390233474007456796354511e-01, 7.47287585154552312984868938001128881987e-01, 5.63147612380775180048422885249670797946e-01, 3.86616199282716097055038060129849767578e+00, 1.94045013727250482358453007586414955868e+00, -4.1836349863533912e+01, 3.2768879921912963e+01
0.99906000, 1.91392103813770541995871989602456514378e+00, -2.66055526755335412520527384391606036129e-01, 7.46154945367593349004871672437439951087e-01, 5.60406253958527612563764542017071238895e-01, 3.86432404804510345412467987820655772060e+00, 1.94098317961524072426575564375709423360e+00, -4.2366600385118521e+01, 3.1152337096879261e+01
0.99907000, 1.91436877662685639434141742695661992241e+00, -2.64717251053302023504595926123763384256e-01, 7.45016819715970187160843315460943772421e-01, 5.57647832889059833901299361312072093670e-01, 3.86247524638182321830774313322779282035e+00, 1.94151955621724697936790522866615311570e+00, -4.2846268873003138e+01, 2.9522181843417098e+01
0.99908000, 1.91481902965854054805311859843907532798e+00, -2.63370895965101464570813222338483643958e-01, 7.43873121676772224902817342415100179148e-01, 5.54872072547810023287978297528020466298e-01, 3.86061541279589517361758436428764064833e+00, 1.94205932104323293389616222320668846887e+00, -4.3274553225065704e+01, 2.7879875909723569e+01
0.99909000, 1.91527183814495088321523763670324580715e+00, -2.62016329168655039204066048191113592027e-01, 7.42723762373069782044672825940873432091e-01, 5.52078688790372178758138078747618397312e-01, 3.85874436749254713063271052202078450529e+00, 1.94260252953470694248329138053384006761e+00, -4.3650682310965667e+01, 2.6226930279150313e+01
0.99910000, 1.91572724412987321203458295273981943822e+00, -2.60653414704765055410013085700687884908e-01, 7.41568650482767129080412284996968505097e-01, 5.49267389662814024236827748496839529381e-01, 3.85686192574061934445951123611326713359e+00, 1.94314923866727056706972576697586315269e+00, -4.3973918254812549e+01, 2.4564905583984928e+01
0.99911000, 1.91618529083308162301895666312762999631e+00, -2.59282012835425614461667535506192602373e-01, 7.40407692142865993307183100945667886955e-01, 5.46437875097475267382803996351704194698e-01, 3.85496789768035170648056320506133695537e+00, 1.94369950701080020266237147266849844864e+00, -4.4243558815593832e+01, 2.2895412471108688e+01
0.99912000, 1.91664602269699685227446879653489926058e+00, -2.57901979894951071095660921139049926731e-01, 7.39240790848854047931266845879961308195e-01, 5.43589836593346305996788179687903350852e-01, 3.85306208812143019161515706729033704176e+00, 1.94425339479269582999319519826938441316e+00, -4.4458939868950454e+01, 2.1220111914561128e+01
0.99913000, 1.91710948543575001289621383905126567509e+00, -2.56513168133471929002267871307340255292e-01, 7.38067847348911673115059570425542780625e-01, 5.40722956880060797340044651644811149037e-01, 3.85114429633068205640315935565849696753e+00, 1.94481096396438995181747389624911138131e+00, -4.4619437993987425e+01, 1.9540715469640549e+01
0.99914000, 1.91757572608680484771724518593336580178e+00, -2.55115425552314187347129286044171159433e-01, 7.36888759532607222447677796793001553652e-01, 5.37836909564463053052147546774290251440e-01, 3.84921431580876352786169990825312394610e+00, 1.94537227827132428573927038452045252097e+00, -4.4724473168903847e+01, 1.7858985462735083e+01
0.99915000, 1.91804479306530332265688496333082593038e+00, -2.53708595730741452628334693325701236519e-01, 7.35703422313725950860543537234601057487e-01, 5.34931358758632430362297094754340790763e-01, 3.84727193405513396400156982666619250534e+00, 1.94593740332661757591232346822561642950e+00, -4.4773511579320140e+01, 1.6176735110608613e+01
0.99916000, 1.91851673622131206408726152740648798684e+00, -2.52292517643499179013505262974067561897e-01, 7.34511727506850457312954785516502474758e-01, 5.32005958688161121632928418200025736914e-01, 3.84531693232055630234579092409851309957e+00, 1.94650640668866507674738104260296289319e+00, -4.4766068543269012e+01, 1.4495828562356436e+01
0.99917000, 1.91899160690016096923357310205780389309e+00, -2.50867025468556869375755147989874574351e-01, 7.33313563697280741295121242388492002773e-01, 5.29060353279388290402033089022268824115e-01, 3.84334908534630459538061115758214360917e+00, 1.94707935794292899641950672131033496986e+00, -4.4701711556899576e+01, 1.2818180856693641e+01
0.99918000, 1.91946945800608040095864642591910119013e+00, -2.49431948384396590595020895560774790104e-01, 7.32108816103849513959440108561229382781e-01, 5.26094175724191573040557066740548908412e-01, 3.84136816108919506280721429298681731111e+00, 1.94765632878819962546545608545410588942e+00, -4.4580063465019110e+01, 1.1145757786640873e+01
0.99919000, 1.91995034406935984833517837146509008432e+00, -2.47987110356144319560493411078604143283e-01, 7.30897366434152960736755013741111884962e-01, 5.23107048020825679082954322893991655606e-01, 3.83937392043148681296659731530739260016e+00, 1.94823739312762919355236471892367668591e+00, -4.4400805760662489e+01, 9.4805756630233422e+00
0.99920000, 1.92043432131726893859731040746307220660e+00, -2.46532329909783981588484221403247673851e-01, 7.29679092731678407659058808433048734086e-01, 5.20098580489176194567024020579678640487e-01, 3.83736611687462157754648431416896236658e+00, 1.94882262716486489396123030480750558514e+00, -4.4163682017932957e+01, 7.8247009674949935e+00
0.99921000, 1.92092144774900138827863787184213278303e+00, -2.45067419893632056812854671464601733730e-01, 7.28453869214267945746004516345497355179e-01, 5.17068371258663618172254954302575580362e-01, 3.83534449621568776812730068933739610927e+00, 1.94941210950563421251229050402431807634e+00, -4.3868501462397082e+01, 6.1802498850356736e+00
0.99922000, 1.92141178321492406528544529770144677041e+00, -2.43592187226182736630438102369792401800e-01, 7.27221566103310621570646057893176993232e-01, 5.14016005726886903226486116877222007054e-01, 3.83330879620540211967789078724559118158e+00, 1.95000592126516494444939091839469883407e+00, -4.3515142683338353e+01, 4.5493877050393832e+00
0.99923000, 1.92190538950043700550696696104269608902e+00, -2.42106432629359165188592865145171341756e-01, 7.25982049443004863988782859890296371402e-01, 5.10941055986935952223243404893742816136e-01, 3.83125874618630125871443040513997397364e+00, 1.95060414618185435854547222383493327971e+00, -4.3103557492174401e+01, 2.9343280792102165e+00
0.99924000, 1.92240233041477621908045099869445185363e+00, -2.40609950346124573819345584641305883930e-01, 7.24735180908976888497874033581552842030e-01, 5.07843080221127054931798496637262311878e-01, 3.82919406670972473791269116810291510874e+00, 1.95120687073763718637700873773307337513e+00, -4.2633774931318109e+01, 1.3373321235027271e+00
0.99925000, 1.92290267188511969347467291150857671987e+00, -2.39102527841317291716635229421179839021e-01, 7.23480817605479340669005721506278580065e-01, 5.04721622058722421327811179561098344156e-01, 3.82711446913004930636625815480521554706e+00, 1.95181418428554082977167002197396742217e+00, -4.2105905437708111e+01, -2.3929264972212536e-01
0.99926000, 1.92340648205638844720867628157138881071e+00, -2.37583945484474772493257296791082222649e-01, 7.22218811850326776027070320921767497883e-01, 5.01576209894982758008318153614055381620e-01, 3.82501965517450018631805690827787709141e+00, 1.95242617918495878928297842562224256339e+00, -4.1520145165143816e+01, -1.7931935843136190e+00
0.99927000, 1.92391383139716914130513985940250560608e+00, -2.36053976213302873208559348884563047454e-01, 7.20949010946650011492280809371707937620e-01, 4.98406356168668037995954347211702679964e-01, 3.82290931648671749293759268423580576300e+00, 1.95304295094522027101659670291654896080e+00, -4.0876780469427575e+01, -3.3219743339706060e+00
0.99928000, 1.92442479281222299094043951156288547892e+00, -2.34512385176326483723437570266885742431e-01, 7.19671256940469115494646869325617055329e-01, 4.95211556594843693482615929494432279224e-01, 3.82078313414209306916028793891611456531e+00, 1.95366459837808573688785961451663505929e+00, -4.0176192560134474e+01, -4.8231965345278938e+00
0.99929000, 1.92493944176208796243825400066058481562e+00, -2.32958929353124897626811448193996586429e-01, 7.18385386362993915505146633164895561806e-01, 4.91991289349564559036514602106127888025e-01, 3.81864077813271310705536910258775472052e+00, 1.95429122375985540054664378552059877377e+00, -3.9418862322589613e+01, -6.2943817140112960e+00
0.99930000, 1.92545785639032797319239542616686417301e+00, -2.31393357150408530256843777737560745322e-01, 7.17091229956460355375728576099128806252e-01, 4.88745014202693764632949470644350207870e-01, 3.81648190681954294228713578619491649394e+00, 1.95492293300384099135816128478458342593e+00, -3.8605375313323565e+01, -7.7330134612150358e+00
0.99931000, 1.92598011765903458253844879153978353834e+00, -2.29815407972031007260760908085042723536e-01, 7.15788612382199651403103876058397372821e-01, 4.85472171594764736792619142545160236372e-01, 3.81430616634927001139615328904025362544e+00, 1.95555983584402125472470599389085490275e+00, -3.7736426931886989e+01, -9.1365398753349749e+00
0.99932000, 1.92650630949324409413500619959322722441e+00, -2.28224811760850313935551880796144344329e-01, 7.14477351909513633125438850413356429003e-01, 4.82172181653407315419286337202366837383e-01, 3.81211319003297650335604442065776781229e+00, 1.95620204603077947420610189154804747589e+00, -3.6812827771421425e+01, -1.0502376321132889e+01
0.99933000, 1.92703651893499679681861718210228979093e+00, -2.26621288510152382145331186760163194638e-01, 7.13157260083792381750362014516728780514e-01, 4.78844443144428947885405483358469410507e-01, 3.80990259768354169581584792452472120862e+00, 1.95684968153970775360871952040008420196e+00, -3.5835509149788983e+01, -1.1827908516226381e+01
0.99934000, 1.92757083630783606436043111835466450461e+00, -2.25004547742127651238487454857565922714e-01, 7.11828141372157546872422432566695094582e-01, 4.75488332352163513003169775782908974673e-01, 3.80767399490837189088220828035780579336e+00, 1.95750286479455898715404394002346451345e+00, -3.4805528822340301e+01, -1.3110495979413193e+01
0.99935000, 1.92810935539262414593528712562960323201e+00, -2.23374287950642857086599358398333518469e-01, 7.10489792784744528825884656242102469484e-01, 4.72103201883167297455325468618504912412e-01, 3.80542697235371930430579882236782891925e+00, 1.95816172290553463409183689383958265773e+00, -3.3724076876525895e+01, -1.4347475871466599e+01
0.99936000, 1.92865217361563977603267707669980459843e+00, -2.21730196005273236026903680229127960043e-01, 7.09142003469546763608855549868476430965e-01, 4.68688379386746818631609479119984616774e-01, 3.80316110489647568437285810157074596678e+00, 1.95882638792421604704019402980190790298e+00, -3.2592481807505517e+01, -1.5536167262600891e+01
0.99937000, 1.92919939225002144191501554813616570094e+00, -2.20071946513250636308875337963445508578e-01, 7.07784554278533001220725920363427413764e-01, 4.65243166185138312538725663605471342757e-01, 3.80087595077890663565386841245132655863e+00, 1.95949699711658084307370767661102322247e+00, -3.1412216772653532e+01, -1.6673875863825607e+01
0.99938000, 1.92975111663173068146820212267606450387e+00, -2.18399201135636284598081489510072415248e-01, 7.06417217302510687963124519713880370574e-01, 4.61766835805414285427447404880990749089e-01, 3.79857105068132260193878212097842778088e+00, 1.96017369325569556725051591705981740316e+00, -3.0184906021360983e+01, -1.7757899262708874e+01
0.99939000, 1.93030745639133377493533089861732775803e+00, -2.16711607853638053824352059883176298009e-01, 7.05039755371941842269271336808592245069e-01, 4.58258632404357602123173101751774527631e-01, 3.79624592672715530271859719075003732235e+00, 1.96085662493584388880568720482765655102e+00, -2.8912331494756261e+01, -1.8785532707681464e+01
0.99940000, 1.93086852570303952640251037580876374612e+00, -2.15008800180555116612344699766360659364e-01, 7.03651921520618096526658740591411708992e-01, 4.54717769076605475982047344625397304422e-01, 3.79390008141431611584061630098490531310e+00, 1.96154594691003834540347410549459088866e+00, -2.7596439587858567e+01, -1.9754075488963598e+01
0.99941000, 1.93143444355258769102095964792071590134e+00, -2.13290396314341001328080797995429817877e-01, 7.02253458408764163268528283530880621337e-01, 4.51143426035309740398921074547354319314e-01, 3.79153299646604617917347166739915267781e+00, 1.96224182045307617203795051133847406312e+00, -2.6239348064185807e+01, -2.0660837968518672e+01
0.99942000, 1.93200533402575953167333905800463471257e+00, -2.11555998225221343086353616166950886098e-01, 7.00844097701758411272182128420805732818e-01, 4.47534748653368846575583003609945103792e-01, 3.78914413159371606841975600217177652712e+00, 1.96294441375253945917291291801714013198e+00, -2.4843353109895804e+01, -2.1503149316167149e+01
0.99943000, 1.93258132661948194224575485290456151981e+00, -2.09805190672175777939160818636413978496e-01, 6.99423559400229144451656292568800944263e-01, 4.43890845351941261777745192448188345436e-01, 3.78673292316318324391189152482913714896e+00, 1.96365390233041078687382028432889199996e+00, -2.3410936511069694e+01, -2.2278366014168015e+01
0.99944000, 1.93316255657772300765508776962778742174e+00, -2.08037540141383650750955104300770078220e-01, 6.97991551116798137115830031361231504968e-01, 4.40210785321426118955036232979067584592e-01, 3.78429878275535339003853288410523808731e+00, 1.96437046949828225684075047786967941538e+00, -2.1944772933658596e+01, -2.2983881198235567e+01
0.99945000, 1.93374916525463382620553862778896971648e+00, -2.06252593698927836935155289544787464338e-01, 6.96547767294190299709674177261856926562e-01, 4.36493596058367913808648793295835009564e-01, 3.78184109561050014038719780209648146920e+00, 1.96509430684948396925094849865782361700e+00, -2.0447737280802337e+01, -2.3617134909149810e+01
0.99946000, 1.93434130050768364274462953921935750661e+00, -2.04449877749135157161311610367968484814e-01, 6.95091888358799826455042468952223935025e-01, 4.32738260699775859141895931763048502513e-01, 3.77935921894465635304375925791157963972e+00, 1.96582561479185389415001149231947132546e+00, -1.8922912096566316e+01, -2.4175625335886247e+01
0.99947000, 1.93493911712386841585724144950124233763e+00, -2.02628896688888105050603603519785525667e-01, 6.93623579803086802582112550473884727394e-01, 4.28943715134107643716049781668202284820e-01, 3.77685248012497537399556412586536515302e+00, 1.96656460312532233280928536038986108751e+00, -1.7373594978480629e+01, -2.4656921138584550e+01
0.99948000, 1.93554277728245345989229137306999154573e+00, -2.00789131447050270332181848723169014429e-01, 6.92142491189359852301916378198068737719e-01, 4.25108844865607489110848565134286707075e-01, 3.77432017468934462938563126519398518953e+00, 1.96731149166899968146495498931088562098e+00, -1.5803305953428222e+01, -2.5058674947746630e+01
0.99949000, 1.93615245105814656469419840987076497788e+00, -1.98930037896782489845736241657200644360e-01, 6.90648255066563214296460420811262713634e-01, 4.21232481605757093416275395047308056197e-01, 3.77176156419368330551312018839226856711e+00, 1.96806651094304656684473268548853514853e+00, -1.4215794762207353e+01, -2.5378638144855242e+01
0.99950000, 1.93676831696909826566484076167141683920e+00, -1.97051045126959382553207223061348117772e-01, 6.89140485790610722311677764300600555653e-01, 4.17313399562233002771578437204342574940e-01, 3.76917587386823148901791798036159177664e+00, 1.96882990291128316821082963466280020761e+00, -1.2615047987240010e+01, -2.5614677039186484e+01
0.99951000, 1.93739056257470174732099524134416499896e+00, -1.95151553557091961554299141491251323999e-01, 6.87618778237570822208959570760221907400e-01, 4.13350311391890958536542741675579158577e-01, 3.76656229006169311130816034824537408866e+00, 1.96960192179127462024800963231949019010e+00, -1.1005295945117325e+01, -2.5764790566003229e+01
0.99952000, 1.93801938512882939922136570452505793232e+00, -1.93230932878080161689508842761406650481e-01, 6.86082706397577626379229954953825066903e-01, 4.09341863779828148369671256847481105785e-01, 3.76391995744927339523786796348240129516e+00, 1.97038283493952966508363758650457636599e+00, -9.3910192506141500e+00, -2.5827129642606952e+01
0.99953000, 1.93865499229491211282871471783950358955e+00, -1.91288519798709843147615967161683018904e-01, 6.84531821835689102473301135070531487579e-01, 4.05286632601401696423760895571095977716e-01, 3.76124797597738611218219593079043696009e+00, 1.97117292382049160518680920033855518090e+00, -7.7769549410483298e+00, -2.5800018330929091e+01
0.99954000, 1.93929760293016003432606960613146945788e+00, -1.89323615575012518430387996138321624470e-01, 6.82965652003993917286350184769375061691e-01, 4.01183117618078174559551690500476380837e-01, 3.75854539751401604000232593212357837595e+00, 1.97197248506920987064281302436757942133e+00, -6.1681020289045562e+00, -2.5681976968482947e+01
0.99955000, 1.93994744794726264608437003226899872310e+00, -1.87335483296350696164583909368359633416e-01, 6.81383698387033814493379141110028417825e-01, 3.97029736650999803855411871838083858155e-01, 3.75581122216930998656541952692815319463e+00, 1.97278183165898827606280107766475218255e+00, -4.5697263258871740e+00, -2.5471747443575048e+01
0.99956000, 1.94060477126311959180090605691275536654e+00, -1.85323344898290027828285786538625471932e-01, 6.79785434459998814473298833979768687001e-01, 3.92824819167990879727943070989054234930e-01, 3.75304439424581728663022501171078743659e+00, 1.97360129418695003489426333222462078163e+00, -2.9873643522899942e+00, -2.5168320805661707e+01
0.99957000, 1.94126983084557549064143758754810271355e+00, -1.83286377867865084286835258880342235699e-01, 6.78170303436095097901976031917542882150e-01, 3.88566599210164567398464319425680793362e-01, 3.75024379777176374201654317824977265936e+00, 1.97443122229238574804900245237081223075e+00, -1.4268261109070048e+00, -2.4770967417558693e+01
0.99958000, 1.94194289987080354321217253092131278959e+00, -1.81223711601608625066869890363585577079e-01, 6.76537715775891084904021948440507449016e-01, 3.84253207573046560896442923837902493733e-01, 3.74740825156364545157692927712152979456e+00, 1.97527198622501502341855064133762200529e+00, 1.0580353638880782e-01, -2.4279269872732672e+01
0.99959000, 1.94262426800595488700002220452265740240e+00, -1.79134423370535089276440035447289223917e-01, 6.74887046427206588164345564918468396240e-01, 3.79882663143865581678531201929126736389e-01, 3.74453650375605463720047357003068576647e+00, 1.97612397858296402187992714156197993173e+00, 1.6041652000615952e+00, -2.3693158917897361e+01
0.99960000, 1.94331424283402614193111126530100532262e+00, -1.77017533838950914659223880235697828848e-01, 6.73217631759088145761987310625745059228e-01, 3.75452863280948729427526072373855135447e-01, 3.74162722572673170299282268881156719266e+00, 1.97698761624342503903307072017820664233e+00, 3.0616273709960346e+00, -2.3012952638257331e+01
0.99961000, 1.94401315144067412207879276260693990057e+00, -1.74872002075263254491869918898698751968e-01, 6.71528766147443643197635278930521093319e-01, 3.70961573102478559568527184721048584677e-01, 3.73867900533304582136946623201662389397e+00, 1.97786334251272550499220050368575224941e+00, 4.4712913429968050e+00, -2.2239399179470584e+01
0.99962000, 1.94472134218602105668640348665607290046e+00, -1.72696719982570894066303627233452252753e-01, 6.69819698162783070598622683807942629751e-01, 3.66406413529566128578129701301237825266e-01, 3.73569033936202862147374113137712456008e+00, 1.97875162952702361369013428891342990222e+00, 5.8259991698408807e+00, -2.1373723295986407e+01
0.99963000, 1.94543918668846699607579220593355102135e+00, -1.70490506064366278501057826118319104501e-01, 6.68089626301969338692757837133568390176e-01, 3.61784847901853384242904123621855515110e-01, 3.73265962507920660072562168526941663066e+00, 1.97965298094023026450843828896706141333e+00, 7.1183452754477004e+00, -2.0417677028785803e+01
0.99964000, 1.94616708205231081986446862814756000353e+00, -1.68252098425676675284854522990534542428e-01, 6.66337694195595804549993645600209978542e-01, 3.57094166951650987067916380363207986496e-01, 3.72958515074114877743705386686747265332e+00, 1.98056793494223861143203063734049210169e+00, 8.3406924535255218e+00, -1.9373594825195994e+01
0.99965000, 1.94690545337677036452506320243478436861e+00, -1.65980146891819275908022304033407204510e-01, 6.64562985210160785544807195346192076788e-01, 3.52331471883642068159699919242201678910e-01, 3.72646508491204523403964475281810983189e+00, 1.98149706765838463305529835138927935386e+00, 9.4851931342661251e+00, -1.8244453417252281e+01
0.99966000, 1.94765475659103133197200334139687018399e+00, -1.63673204104867129918083558632175948934e-01, 6.62764516349075764394223557098438400981e-01, 3.47493655259780206177757746389888182529e-01, 3.72329746439471297884440268432507924571e+00, 1.98244099699059756422509868485638480646e+00, 1.0543816965248231e+01, -1.7033936770094988e+01
0.99967000, 1.94841548166855865902596190027032218119e+00, -1.61329715430930074462562873879528085024e-01, 6.60941231338046502377093540029230825733e-01, 3.42577379331055111242996099218518763021e-01, 3.72008018054984631927530717258050923148e+00, 1.98340038697235422740804265823604679288e+00, 1.1508385957728703e+01, -1.5746506394031194e+01
0.99968000, 1.94918815628447904869233277580915146086e+00, -1.58948007478169445488259871032927620275e-01, 6.59091992757631947480295552617228928601e-01, 3.37579051386548466830323666571683492459e-01, 3.71681096373235820118199149431969716085e+00, 1.98437595272387640353790263280488342204e+00, 1.2370618695356998e+01, -1.4387477277504567e+01
0.99969000, 1.94997334999291700190600243862038811999e+00, -1.56526274984426498629971888447738669239e-01, 6.57215573057680621918346604329609265973e-01, 3.32494795602089047912778785771360614664e-01, 3.71348736551804627124084542525595460098e+00, 1.98536846611172008245552102357000956306e+00, 1.3122185399100551e+01, -1.2963099635475212e+01
0.99970000, 1.95077167901742950866060782341714526219e+00, -1.54062565782277274139288874155604167122e-01, 6.55310644253383864487695465572763666284e-01, 3.27320420761170856891854651625297421122e-01, 3.71010673832461582736230068373093767578e+00, 1.98637876223893515792960950541202676327e+00, 1.3754776000882985e+01, -1.1480646567779564e+01
0.99971000, 1.95158381176804757141029976919636900531e+00, -1.51554763485360490120470768899699533225e-01, 6.53375766058911895622073516175616769382e-01, 3.22051383083456906313490524246902939947e-01, 3.70666621194441166720087932580532518891e+00, 1.98740774691955791824261806302998755216e+00, 1.4260183812602818e+01, -9.9485075698956570e+00
0.99972000, 1.95241047522410788257809487875110568251e+00, -1.49000567459138973407720809357242667045e-01, 6.51409372159407463539708200552570581693e-01, 3.16682743222950151652400890164867725803e-01, 3.70316266639687478982998143182519202709e+00, 1.98845640532597820183942768608220524935e+00, 1.4630407903199246e+01, -8.3762876133085175e+00
0.99973000, 1.95325246235467196658395437487021225106e+00, -1.46397469536717534129567040973986606009e-01, 6.49409754252006793094521751841142052447e-01, 3.11209116277753456236162286244146047294e-01, 3.69959270036979478727308131254686379258e+00, 1.98952581204190184268519644251604121071e+00, 1.4857777934032896e+01, -6.7749111852660879e+00
0.99974000, 1.95411064079008715939564948544319849208e+00, -1.43742726808993329366652184101783861034e-01, 6.47375043396801595060593600963285520711e-01, 3.05624613371322787357455206070487772097e-01, 3.69595259434044715470215488084073808247e+00, 1.99061714281019284179690632493792433132e+00, 1.4935105975678561e+01, -5.1567302074563231e+00
0.99975000, 1.95498596301216115754422416161369496876e+00, -1.41033329648728592266226197001964647539e-01, 6.45303188102764888449570346665856782286e-01, 2.99922773000779183164310537509636283074e-01, 3.69223826723777394734976320626481343170e+00, 1.99173168833791565875897233909839972236e+00, 1.4855870765085252e+01, -3.5356340828842053e+00
0.99976000, 1.95587947840067461022444028256969626046e+00, -1.38265963906914067186292379562552958002e-01, 6.43191928422665181360522521957396814404e-01, 2.94096479872850717706400274704947259589e-01, 3.68844522520700642475955188847592173139e+00, 1.99287087061606165054821639433905625625e+00, 1.4614440992864955e+01, -1.9271591693513515e+00
0.99977000, 1.95679234756638921519039401753702715554e+00, -1.35436965928548021001321968971028430313e-01, 6.41038765132328026932242360916051983056e-01, 2.88137868322671069442709625520723289184e-01, 3.68456850064349167205556615410576372202e+00, 1.99403626233665241242887242296292526292e+00, 1.4206345571382348e+01, -3.4859363204472187e-01
0.99978000, 1.95772585952360744302077121555407245473e+00, -1.32542268647465494709154426292270553794e-01, 6.38840922805466934004854251770223539637e-01, 2.82038206578655830450475346298852142244e-01, 3.68060257913743938275212766336852497375e+00, 1.99522961015639003639148275127653710974e+00, 1.3628600461216396e+01, 1.1809282764207756e+00
0.99979000, 1.95868145242060895090666839931999959335e+00, -1.29577336498407128158280198572741105694e-01, 6.36595305240116579481497056431374127653e-01, 2.75787757017042691859096837742187216555e-01, 3.67654131126475891037421433657203221673e+00, 1.99645286277989612182230307154925571496e+00, 1.2880103557410177e+01, 2.6403511570107255e+00
0.99980000, 1.95966073877128408176844802418223580825e+00, -1.26537086174097457675786433526882030031e-01, 6.34298441209166692870928087459995815147e-01, 2.69375606024278127752042598317738081585e-01, 3.67237780519656571465167444765722671385e+00, 1.99770820514035855790836161355120070548e+00, 1.1962111372202858e+01, 4.0066551032657591e+00
0.99981000, 1.96066553644171478223628317217863522291e+00, -1.23415789274149153811750689689951721275e-01, 6.31946417840376722392678869396002351254e-01, 2.62789454979131842165074248689999757152e-01, 3.66810429477079668494824250834764548214e+00, 1.99899810037591246553209932758396770198e+00, 1.0878813773117184e+01, 5.2548619685962201e+00
0.99982000, 1.96169790708006032288958275935252883682e+00, -1.20206951518110975722772277561597734776e-01, 6.29534797997307733798674697655295856489e-01, 2.56015360915084485639005829993436525133e-01, 3.66371197580702152057321816431534325379e+00, 2.00032534188880088284877991303118608675e+00, 9.6380257378181114e+00, 6.3581169939873845e+00
0.99983000, 1.96276020429638773403119494768407375320e+00, -1.16903161237864812424145016563816923284e-01, 6.27058516704005674900241851469945052098e-01, 2.49037411221184535379826583581861023811e-01, 3.65919080079381159799208149716085737496e+00, 2.00169311861189042174877684643540030266e+00, 8.2520177003375451e+00, 7.2878827470462422e+00
0.99984000, 1.96385513479433466444222292561237466239e+00, -1.13495897028158398979548700587026529177e-01, 6.24511749732581312910948522896106829761e-01, 2.41837310649128223254400242970070540734e-01, 3.65452921823495537119343716802338677882e+00, 2.00310509781983179463055317794513715668e+00, 6.7385080011060844e+00, 8.0142985486120610e+00
0.99985000, 1.96498583697836834376121510132610280486e+00, -1.09975280241965943871996177508534098691e-01, 6.21887744632525759902026648984425067289e-01, 2.34393849892887348495449489319698097243e-01, 3.64971383726098765599080755121150826473e+00, 2.00456553161279656014268130991545236823e+00, 5.1218410235652832e+00, 8.5067821737626610e+00
0.99985200, 1.96521658241629067153510873304479092049e+00, -1.09256571344470077259031232892391983433e-01, 6.21353002948664342657392186403178908243e-01, 2.32873843529011297933237411239910223844e-01, 3.64873097248869842941274543979290569542e+00, 2.00486385617214242488690734808484739449e+00, 4.7888176489817015e+00, 8.5745178474927613e+00
0.99985400, 1.96544893579826280557569731937362279462e+00, -1.08532771029035396343624526807420406233e-01, 6.20814790790172610021097741119088838362e-01, 2.31342906204885614129763726044612000801e-01, 3.64774120034734343039177112633980144691e+00, 2.00516435882438725494882761508713262587e+00, 4.4532331221792154e+00, 8.6314390308018650e+00
0.99985600, 1.96568293053021841405234903723115461251e+00, -1.07803774159839072841384355571324217490e-01, 6.20273036295501574800578554036224308402e-01, 2.29800812193362122247935222337805951954e-01, 3.64674437833067123653456100618026434136e+00, 2.00546708482842706479441226996336986343e+00, 4.1154049522235663e+00, 8.6773107286436467e+00
0.99985800, 1.96591860118404795336291753182069507098e+00, -1.07069471931055117270344227868262483759e-01, 6.19727665096490924117737723423827758992e-01, 2.28247327887489403275100372395403698596e-01, 3.64574035895902577812579254813693173078e+00, 2.00577208102264366701495125462230065138e+00, 3.7756670792682615e+00, 8.7119017076931710e+00
0.99986000, 1.96615598355519641745026595064603474784e+00, -1.06329751685045085678645313604191817723e-01, 6.19178600194578387617403269544040124367e-01, 2.26682211410138971904380853038779499761e-01, 3.64472898953299391688510332593601808471e+00, 2.00607939590292780338295161933001659172e+00, 3.4343704498474719e+00, 8.7349851865611468e+00
0.99986200, 1.96639511472396752346794227910683788149e+00, -1.05584496718809106331287828022702566884e-01, 6.18625761829044621271602316418921839112e-01, 2.25105212198423813650000602961570016243e-01, 3.64371011187114671006200584280183115453e+00, 2.00638907970572309754313275470597952309e+00, 3.0918836028326904e+00, 8.7463395844956814e+00
0.99986400, 1.96663603312083004382006926606281957402e+00, -1.04833586077757654096472618901586657125e-01, 6.18069067336658267696786750142555822286e-01, 2.23516070560891782112563381179628129190e-01, 3.64268356203060136655911271752428711514e+00, 2.00670118449649141112180015853380850302e+00, 2.7485932648989962e+00, 8.7457493332010745e+00
0.99986600, 1.96687877859605029734776832341213510506e+00, -1.04076894335774345159319990236913331394e-01, 6.17508431002025051707123004763731253669e-01, 2.21914517205282769678913389466851886731e-01, 3.64164917000900875698640001199844110906e+00, 2.00701576426403852596548193975378370985e+00, 2.4049049540882863e+00, 8.7330057567762161e+00
0.99986800, 1.96712339249400628924097035273378271962e+00, -1.03314291360439740268854200263146442908e-01, 6.16943763897877149484435588283892986970e-01, 2.20300272734423226824247341198828707050e-01, 3.64060675942643547151535449113503826469e+00, 2.00733287502118171604135178659729035483e+00, 2.0612435897583949e+00, 8.7079080251785511e+00
0.99987000, 1.96736991773257404989828005824299026361e+00, -1.02545642062174421677482473115812915278e-01, 6.16374973714463751080386241054336310796e-01, 2.18673047107591705108642331320603719497e-01, 3.63955614718545805427411722986750859416e+00, 2.00765257491228826838307448397708816307e+00, 1.7180541068626971e+00, 8.6702641870556743e+00
0.99987200, 1.96761839888801583728740057946252185081e+00, -1.01770806125934945875591246217348870510e-01, 6.15801964577119709784826933261255589830e-01, 2.17032539064421413025680293939992020769e-01, 3.63849714310761814674366275892471131404e+00, 2.00797492432826699986207216598347028837e+00, 1.3758020721077523e+00, 8.6198922882578394e+00
0.99987400, 1.96786888228584357518399266307014183013e+00, -1.00989637723956946072083630942418340757e-01, 6.15224636850995278740855909236887411606e-01, 2.15378435508106597820013821247503170961e-01, 3.63742954954419850805718331312151456660e+00, 2.00829998602965402680049375075994426883e+00, 1.0349742990789093e+00, 8.5566215828535289e+00
0.99987600, 1.96812141609817982246046984432802775397e+00, -1.00201985207883678912659546729262426709e-01, 6.14642886931824840212513102139256153529e-01, 2.13710410844344635283727041657477828248e-01, 3.63635316095906855637810976013248626252e+00, 2.00862782527850031944597355767222529903e+00, 6.9607945889645298e-01, 8.4802938440193385e+00
0.99987800, 1.96837605044819342337603465440718382207e+00, -9.94076907784433874263110166587311803806e-02, 6.14056607021494696057591049740582623848e-01, 2.12028126272070102364986511822606488340e-01, 3.63526776348111108782915887149115149133e+00, 2.00895850997984288446682074507963225052e+00, 3.5964868235730806e-01, 8.3907647827674129e+00
0.99988000, 1.96863283752224860465837092080843209561e+00, -9.86065901306423365888966215705711080660e-02, 6.13465684887037628501717610403096710949e-01, 2.10331229021615133754427636193574412169e-01, 3.63417313442347558751103129088301643083e+00, 2.00929211083362488907361051107348217481e+00, 2.6236148817329915e-02, 8.2879055831111732e+00
0.99988200, 1.96889183169047562288230240407810617626e+00, -9.77985120722191978484416862370329347781e-02, 6.12870003601532994577070153548604349045e-01, 2.08619351535455428418126503727823049811e-01, 3.63306904176660388998525349588389798556e+00, 2.00962870149802397178281877664724208457e+00, -3.0358034373730929e-01, 8.1716045629556585e+00
0.99988400, 1.96915308963654924134397200133262397484e+00, -9.69832781128570465581433375385738786370e-02, 6.12269441265223188395177060643515147758e-01, 2.06892110586165714011826003958038405901e-01, 3.63195524360163604046235729934157605671e+00, 2.00996835876525388923813371016889733005e+00, -6.2919883391057570e-01, 8.0417689707348824e+00
0.99988600, 1.96941667049754962892142749540177105845e+00, -9.61607020213674367522200119078644462588e-02, 6.11663870704967601440497653824379531841e-01, 2.05149106325603374810352321580329165943e-01, 3.63083148753042242405266193585324426607e+00, 2.01031116275102428654565735028807080699e+00, -9.4999268496120790e-01, 7.8983269286073197e+00
0.99988800, 1.96968263601488024139775479400796940574e+00, -9.53305893477419809033874372734741128047e-02, 6.11053159149940473906728746077764373078e-01, 2.03389921258653887541562469470833183915e-01, 3.62969751001793599789155654260952346489e+00, 2.01065719709897880553395509929219134420e+00, -1.2653101144993608e+00, 7.7412295338637040e+00
0.99989000, 1.96995105069733064392970203891548167916e+00, -9.44927369066049116648931078896682382403e-02, 6.10437167881235446322943063410816137566e-01, 2.01614119134094500183157817884606623766e-01, 3.62855303569238808927724750141326239615e+00, 2.01100654920158536660932627817720839619e+00, -1.5744737760284534e+00, 7.5704531310998307e+00
0.99989200, 1.97022198199750114530576676293333875624e+00, -9.36469322181885767163621957629213104337e-02, 6.09815751852762715413833285607755117797e-01, 1.99821243744248927470223900793954375523e-01, 3.62739777658779368743822656493862061671e+00, 2.01135931043912709810314756357045960889e+00, -1.8767804041907097e+00, 7.3860017686612074e+00
0.99989400, 1.97049550050295299206978199800321991610e+00, -9.27929529024848780580356988249573928357e-02, 6.09188759280509205658047510572456267036e-01, 1.98010817624098891836062752769448076009e-01, 3.62623143132309683758062087209064508950e+00, 2.01171557643864136366619680272985145783e+00, -2.1715005374752035e+00, 7.1879098538751510e+00
0.99989600, 1.97077168014361560669737278096066487230e+00, -9.19305660216900632313957194041940412362e-02, 6.08556031196871874536992269469639565751e-01, 1.96182340639368247038113234108987213065e-01, 3.62505368421124111151872926727841932068e+00, 2.01207544735488157293583753653765690488e+00, -2.4578783343436159e+00, 6.9762450226465557e+00
0.99989800, 1.97105059841717437311100116443443483875e+00, -9.10595273654470598291203566749088327296e-02, 6.07917400966361820586340809597911663656e-01, 1.94335288451778675107333074259741596499e-01, 3.62386420429073934719681124587600188284e+00, 2.01243902817563659248264270231253430486e+00, -2.7351315012694302e+00, 6.7511112401010413e+00
0.99990000, 1.97133233663438284023944119024767242551e+00, -9.01795806726857188802826583764074006833e-02, 6.07272693758503527978229645609156138190e-01, 1.92469110848164636504281510718781315047e-01, 3.62266264427134331123258605312260319027e+00, 2.01280642905404111047273910556162888304e+00, -3.0024513541272887e+00, 6.5126521501055057e+00
0.99990200, 1.97161698018649677178862278417332556318e+00, -8.92904567830514180718796642220042895636e-02, 6.06621725973208961014211203259276743682e-01, 1.90583229918396140444975738087628843938e-01, 3.62144863938431667349788157765474933895e+00, 2.01317776567085380892149689951255004253e+00, -3.2590030377768771e+00, 6.2610546926691597e+00
0.99990400, 1.97190461883732000331112762913634322005e+00, -8.83918727099779767788360528218376939193e-02, 6.05964304613277891460661268662460916711e-01, 1.88677038065051272392990765747176483935e-01, 3.62022180612654863352416543814502176372e+00, 2.01355315963007649971906374903278192176e+00, -3.5039259326378213e+00, 5.9965530094105519e+00
0.99990600, 1.97219534704269051280559472112083614770e+00, -8.74835306263795763542035796278394117024e-02, 6.05300226597948903369284216826894348966e-01, 1.86749895825458652643011720790951528518e-01, 3.61898174088628066294349876128839398438e+00, 2.01393273889174588244523369261053065637e+00, -3.7363342816403302e+00, 5.7194326584435460e+00
0.99990800, 1.97248926430062781533173776530861899096e+00, -8.65651167526816797396417002799713892101e-02, 6.04629278010582047827163237379607374495e-01, 1.84801129484035811759073179698687538869e-01, 3.61772801843651897921150577155472248718e+00, 2.01431663824626159142193088072353651118e+00, -3.9553180762688285e+00, 5.4300351611542045e+00
0.99991000, 1.97278647553581983639393760709295482593e+00, -8.56363001354505823545439844240258972757e-02, 6.03951233272572464016450079524572430491e-01, 1.82830028449713666503769222508306689481e-01, 3.61646019028022689040526386417733052573e+00, 2.01470499983523337373623136375954587886e+00, -4.1599442466203222e+00, 5.1287629043656508e+00
0.99991200, 1.97308709152266102526739662892091850169e+00, -8.46967313031761388730099641924661368359e-02, 6.03265854234448194680055376644831473920e-01, 1.80835842369575986186773744925289043394e-01, 3.61517778282908112831857426908721110845e+00, 2.01509797372455313726095236026909477205e+00, -4.3492582076268525e+00, 4.8160844222582011e+00
0.99991400, 1.97339122935167851579049466057510268843e+00, -8.37460407837648525995724824697140640222e-02, 6.02572889173762952183082788813526465537e-01, 1.78817777945553861790686589784077698406e-01, 3.61388029539487030463416236683995940219e+00, 2.01549571853624438394662259311475397376e+00, -4.5222858220211700e+00, 4.4925400830459764e+00
0.99991600, 1.97369901294491781478516777984728980208e+00, -8.27838374659527737037160136094321055192e-02, 6.01872071687816679182549689740597993693e-01, 1.76774995415973947124627357846868967075e-01, 3.61256719796943295451896669435835372753e+00, 2.01589840214663683719365912687448655095e+00, -4.6780358504691556e+00, 4.1587482057008178e+00
0.99991800, 1.97401057362672612519451692734739068225e+00, -8.18097067840781926940601344691905421806e-02, 6.01163119467375444622332121891958634560e-01, 1.74706604657812453799421253934080518402e-01, 3.61123792876528062890456909852693709601e+00, 2.01630620245958813227162154072467882908e+00, -4.8155029708039197e+00, 3.8154116318167879e+00
0.99992000, 1.97432605075739753038325005601623105996e+00, -8.08232087023749658146891760790219423277e-02, 6.00445732935358381757611212759294286868e-01, 1.72611660858465654878622165399910592413e-01, 3.60989189148460898188977291769882502907e+00, 2.01671930826486457344740670476074536456e+00, -4.9336714617751917e+00, 3.4633247768354582e+00
0.99992200, 1.97464559243836400421889401998598591966e+00, -7.98238754710494703702317000008661130800e-02, 5.99719593731839722422659931407684801930e-01, 1.70489159697477936513702135162196567674e-01, 3.60852845227911910511332247561743399809e+00, 2.01713792019344540424182251565186398780e+00, -5.0315196625311163e+00, 3.1033811830553438e+00
0.99992400, 1.97496935629907207094769453256456977801e+00, -7.88112091217519320801509236759339770635e-02, 5.98984363023587235733797304986869368320e-01, 1.68338031968678789639379725068946292433e-01, 3.60714693635676860707449681645678880023e+00, 2.01756225178348736923054448730772450309e+00, -5.1080253376040943e+00, 2.7365815938015033e+00
0.99992600, 1.97529751037743013127695393668732934630e+00, -7.77846786644762982280089487199277434413e-02, 5.98239679612610266816544887688694762161e-01, 1.66157137561205747016222318638809469423e-01, 3.60574662418401695473441126789119909195e+00, 2.01799253067305065704176905353630160840e+00, -5.1621720989861954e+00, 2.3640425634031326e+00
0.99992800, 1.97563023410781298249202547882186322485e+00, -7.67437169412081206405062822483894228528e-02, 5.97485157813677239355497891678095489850e-01, 1.63945258703472000229726235452800765854e-01, 3.60432674722303270017115765647450105253e+00, 2.01842899993853435572224541557771898001e+00, -5.1929570625594315e+00, 1.9870056106507848e+00
0.99993000, 1.97596771943315270382689571087417150143e+00, -7.56877170835163878604659686325395494352e-02, 5.96720385065301799798787243667008528857e-01, 1.61701092356694073373828768321653777203e-01, 3.60288648313232470880363006601425128400e+00, 2.01887191960121422604166497564776575731e+00, -5.1993999464153932e+00, 1.6068469134320051e+00
0.99993200, 1.97631017206073689021780931782502494564e+00, -7.46160285114082013970799567278657201344e-02, 5.95944919232056734732782737741939262940e-01, 1.59423241623386318826596250353009542177e-01, 3.60142495034587839546078357907202033140e+00, 2.01932156832846427099280235062613699769e+00, -5.1805538543199866e+00, 1.2250875282845751e+00
0.99993400, 1.97665781288511469764703618831012632985e+00, -7.35279523986928424916990910488181126177e-02, 5.95158285547957962793177370609204759820e-01, 1.57110206010306517348501416544055423318e-01, 3.59994120192952274922968936957752372007e+00, 2.01977824536136388686789468589273494538e+00, -5.1355180297789485e+00, 8.4340409934747781e-01
0.99993600, 1.97701087960615706173510509002138292309e+00, -7.24227365152641113055587482352167302306e-02, 5.94359973140683430182933212072165674936e-01, 1.54760370353476555769640765212120097927e-01, 3.59843421859315235875549289822786442678e+00, 2.02024227270668648954349009044837539782e+00, -5.0634529160571855e+00, 4.6363999488544959e-01
0.99993800, 1.97736962857606210990657171274880350178e+00, -7.12995693383661572899804465025151478328e-02, 5.93549431064054682830197334964651739702e-01, 1.52371992173513597835561435377307933599e-01, 3.59690290071257729090028505005895426341e+00, 2.02071399763904819037782312399177898494e+00, -4.9635979165402733e+00, 8.7816773884253102e-02
0.99994000, 1.97773433691624448291138306492410783583e+00, -7.01575733020886717819770650864082626147e-02, 5.92726063750858833940814042999184561888e-01, 1.49943187180508211305628126444253376117e-01, 3.59534605918385883810950290337618531540e+00, 2.02119379556867857624666928580728724325e+00, -4.8352923196911424e+00, -2.8185416295966792e-01
0.99994200, 1.97810530495399967770623444665495715202e+00, -6.89957970257626825446856323915500718866e-02, 5.91889225778863049338645227655077162007e-01, 1.47471912586328967001183584149269354492e-01, 3.59376240489427728784089395143165967721e+00, 2.02168207334240409254466951401774620743e+00, -4.6779999355155962e+00, -6.4295994839746541e-01
0.99994400, 1.97848285904012633445934725286509111901e+00, -6.78132063258954458509388421781210436014e-02, 5.91038215818624280980424101062134292192e-01, 1.44955947804861712193430808765398129981e-01, 3.59215053654526206227298001114381874301e+00, 2.02217927306073235364538806162505750271e+00, -4.4913380881588616e+00, -9.9287494770925106e-01
0.99994600, 1.97886735482303886452519499928493644605e+00, -6.66086737705056688629309200912612716316e-02, 5.90172269600881417864952767020063972764e-01, 1.42392872022396600511422093266760023502e-01, 3.59050892650059730644011345718614299989e+00, 2.02268587651336597768045675298185373291e+00, -4.2751117245305643e+00, -1.3287501967937708e+00
0.99994800, 1.97925918107328399438255397817537292449e+00, -6.53809664760991388012336490151195962157e-02, 5.89290551701843638004789610866874297729e-01, 1.39780037994501968024872829955833111671e-01, 3.58883590425379837363581201628585280636e+00, 2.02320241036037686634391501119877436866e+00, -4.0293535344077018e+00, -1.6475041522751051e+00
0.99995000, 1.97965876417612214872677336364941178232e+00, -6.41287317718154217932943842728714092281e-02, 5.88392145893691913177479633552744754362e-01, 1.37114541263157671110900473475309411326e-01, 3.58712963700598659613662057595856340720e+00, 2.02372945221844412345955853479842976505e+00, -3.7543711360171561e+00, -1.9458155396577244e+00
0.99995200, 1.98006657344079642514154915093033379392e+00, -6.28504802566026776368692014874916653559e-02, 5.87476043741121304526717957664537072039e-01, 1.34393183776044575143976058019696970789e-01, 3.58538810671191077482923005612465563833e+00, 2.02426763785350506620896155802472874889e+00, -3.4508025650201135e+00, -2.2201193737293322e+00
0.99995400, 1.98048312741587835904209771599851980575e+00, -6.15445656454095806108039108892093187591e-02, 5.86541131037207890144011980957977308290e-01, 1.31612430611029362088311607715124409157e-01, 3.58360908277582403040104581277950461374e+00, 2.02481766973639806656040971491232110061e+00, -3.1196815154276580e+00, -2.4666076166606759e+00
0.99995600, 1.98090900145432637236163385054505331436e+00, -6.02091606276474214531148788051551829818e-02, 5.85586171555392937563968890172877617955e-01, 1.28768358137979316182348818469037646696e-01, 3.58179008934490943060893458384606678170e+00, 2.02538032729156789240870616044980458926e+00, -2.7625140172517647e+00, -2.6812364728042898e+00
0.99995800, 1.98134483684490699958642913615910153258e+00, -5.88422277287889706727773271575593831439e-02, 5.84609787437584597697113141038383190672e-01, 1.25856591451054100669783772474470679361e-01, 3.57992836583312071026789207901665048667e+00, 2.02595647926782178835211682587021913729e+00, -2.3813684919704226e+00, -2.8597430505490500e+00
0.99996000, 1.98179135192612856858736381885651128671e+00, -5.74414838494494381979888215666389022183e-02, 5.83610435324710880016066223466337690007e-01, 1.22872228224977971093216811335074879971e-01, 3.57802081887949545892147865522510764399e+00, 2.02654709879492363650648523005377166879e+00, -1.9789813886988398e+00, -2.9976751299252624e+00
0.99996100, 1.98201886319569617618634245503311565774e+00, -5.67276416458047290815592409676104560787e-02, 5.83101611637730994603617512671376816680e-01, 1.21351124139130607203631538662574014351e-01, 3.57704878969850382055099884250019836142e+00, 2.02684817099988084553932967548718682388e+00, -1.7708900693642560e+00, -3.0499939788367876e+00
0.99996200, 1.98224935573626858447594097257414781832e+00, -5.60043567193469776446071288044056114203e-02, 5.82586377040937032626020115697409894955e-01, 1.19809745210569951717125886617605884450e-01, 3.57606396335304088470737193289409813734e+00, 2.02715328187600156460757609616540105810e+00, -1.5588808406590924e+00, -3.0904391739108588e+00
0.99996300, 1.98248294762411497271508565605947019560e+00, -5.52712535035462450543160398235906935149e-02, 5.82064477863289485387776641376613976181e-01, 1.18247285011045500690328835795795501430e-01, 3.57506583099820545658903454317141944942e+00, 2.02746259138160541556303796039204887254e+00, -1.3435420814690858e+00, -3.1184264438462327e+00
0.99996400, 1.98271976494571319027538864607768627460e+00, -5.45279308914324197144874356517469544783e-02, 5.81535643229093252697002528227964002661e-01, 1.16662882270477405793824307656879479140e-01, 3.57405384918703679864686494323916549509e+00, 2.02777627032672280234732825610951764827e+00, -1.1255309330209989e+00, -3.1333736769411154e+00
0.99996500, 1.98295994258166133166025305514850964057e+00, -5.37739597365007896015464303917299755596e-02, 5.80999583374478247439844447551884640045e-01, 1.15055615510780125782630683481800752469e-01, 3.57302743648481923257518826327710230750e+00, 2.02809450143510622105142261324206289736e+00, -9.0557911078362216e-01, -3.1347053261853387e+00
0.99996600, 1.98320362509223521669727836729479443543e+00, -5.30088800300874412577496042233446634703e-02, 5.80455987745599572113505296634362265427e-01, 1.13424496984990794518959827909121746393e-01, 3.57198596964508141961175034257703824024e+00, 2.02841748054394806975691314945738767621e+00, -6.8449912591335781e-01, -3.1218576981124617e+00
0.99996700, 1.98345096772119295733215136369358241219e+00, -5.22321977024859912944157459281209948638e-02, 5.79904522842907995048861399401923110231e-01, 1.11768465808482489488320417183377393572e-01, 3.57092877927585619006577737303414411069e+00, 2.02874541796379564348375438649943281772e+00, -4.6319092154606610e-01, -3.0942852857542613e+00
0.99996800, 1.98370213753773135310250086989944584414e+00, -5.14433809846069396101564807607411710383e-02, 5.79344829768747514346860431325336875470e-01, 1.10086380146560793999861691426576229410e-01, 3.56985514491058225996638691895388821485e+00, 2.02907854002562951929166478734545147469e+00, -2.4264891959933918e-01, -3.0514683364794354e+00
0.99996900, 1.98395731474058495955068901893054545486e+00, -5.06418562540353849840181218417550801041e-02, 5.78776521426762469347241868436494652006e-01, 1.08377008294945204254068870002945844339e-01, 3.56876428938049118867627552070221181655e+00, 2.02941709084760720176821189888482674294e+00, -2.3969459837304155e-02, -2.9929218821555430e+00
0.99997000, 1.98421669415334423760816916244504851497e+00, -4.98270032732369403686687805083856715226e-02, 5.78199179310676141136034741548364022501e-01, 1.06639018455054155270742373147220357776e-01, 3.56765537236350346456309261422344091778e+00, 2.02976133436086357932389277025289370111e+00, 1.9164140682537145e-01, -2.9182065033010471e+00
0.99997100, 1.98448048694644059874615745056797580632e+00, -4.89981497074913423635772173928934368067e-02, 5.77612349806321116356392717198810404685e-01, 1.04870966962702473268165181162070624767e-01, 3.56652748295733185220768959365988378760e+00, 2.03011155664239140758740889377143918958e+00, 4.0285983662715842e-01, -2.8269411523458053e+00
0.99997200, 1.98474892262928469126577280687833346505e+00, -4.81545647846951777114975994008000390555e-02, 5.77015539913540132041141159993578890974e-01, 1.03071284674199199671095271936202052399e-01, 3.56537963109002794493152272762822055526e+00, 2.03046806861391522104732790223292591299e+00, 6.0823592760724130e-01, -2.7188184258062816e+00
0.99997300, 1.98502225136626211642060449815563180250e+00, -4.72954519268534341628611273335911014175e-02, 5.76408212272634828417230400372911841995e-01, 1.01238261144432275566955628456941459995e-01, 3.56421073753742009011957997551393465006e+00, 2.03083120917951465534746952022726393133e+00, 8.0618542947721180e-01, -2.5936227535426618e+00
0.99997400, 1.98530074668338254831474073296361834352e+00, -4.64199401416833971124760142146263015779e-02, 5.75789779351927204852114848052493236179e-01, 9.93700261426403756732061218844882949003e-02, 3.56301962226080948530609038614521971620e+00, 2.03120134889248917322268166917077636543e+00, 9.9498166284305803e-01, -2.4512520682200762e+00
0.99997500, 1.98558470864929564058850552214050685405e+00, -4.55270739092830905605013164170324978540e-02, 5.75159596616671013975644952341294852985e-01, 9.74645279367581977154664174995308326445e-02, 3.56180499070585115120823357754569736898e+00, 2.03157889426487489369782880505171282152e+00, 1.1727479864636842e+00, -2.2917436330934506e+00
0.99997600, 1.98587446763644825347741155809866419338e+00, -4.46158012291151402453596191799534667935e-02, 5.74516954452177389234483092182625506410e-01, 9.55195076275584164514916016116005124360e-02, 3.56056541760911891236634548647661293420e+00, 2.03196429286291130975777435959278406648e+00, 1.3374512967168988e+00, -2.1153048452433672e+00
0.99997700, 1.98617038879720948928624834680239547519e+00, -4.36849594008050287599761994095601822042e-02, 5.73861068551634403497185901981394323768e-01, 9.35324686168033128902897814788425694214e-02, 3.55929932773455306918806253602342594216e+00, 2.03235803937111339526951151639246729251e+00, 1.4868972463870804e+00, -1.9223499987807937e+00
0.99997800, 1.98647287742845370531783516294925871256e+00, -4.27332579901930532018687793896838255552e-02, 5.73191068396075976744733941928236552222e-01, 9.15006400315319771719743158437913275789e-02, 3.55800497279662982125114379834103621206e+00, 2.03276068285998355508184675713320113500e+00, 1.6187281540186662e+00, -1.7135441927486852e+00
0.99997900, 1.98678238545013670018390497754145079953e+00, -4.17592582678384777829199704066489645808e-02, 5.72505983342196915061403087510856552528e-01, 8.94209325739503304520325880070653941276e-02, 3.55668040360458733843038047487881323823e+00, 2.03317283556290481905648789001784082216e+00, 1.7304249747318519e+00, -1.4898558052054799e+00
0.99998000, 1.98709941929432824802685630330482291482e+00, -4.07613481834271122122850015173544985499e-02, 5.71804725681404019920038462455638392089e-01, 8.72898847859600880300523861784448830793e-02, 3.55532343615892346191043493579908295778e+00, 2.03359518356384470907684696659862760945e+00, 1.8193152686956453e+00, -1.2526192296855411e+00
0.99998100, 1.98742454959913282827267099444120171509e+00, -3.97377116305943404427913255134990553625e-02, 5.71086069823120654222469119648211950728e-01, 8.51035970540071516339730667884435551188e-02, 3.55393161001284726950806907830359967478e+00, 2.03402849993021968275902044976984962756e+00, 1.8825899082532186e+00, -1.0036098787765259e+00
0.99998200, 1.98775842323924676569411385543073595207e+00, -3.86862903237996172481703980003319364564e-02, 5.70348626460496486859856733507264920190e-01, 8.28576497504565838737029168259620352068e-02, 3.55250213662493213935433934753040498915e+00, 2.03447366101129534527768736074525937514e+00, 1.9173324188739970e+00, -7.4513378606010883e-01
0.99998300, 1.98810177842048472175406025125276412136e+00, -3.76047359925146665843169683040840741761e-02, 5.69590810156686110247796026443386821944e-01, 8.05470005842205358418931744312341609599e-02, 3.55103183459419221867810355633106215239e+00, 2.03493166688745961128670877555413876573e+00, 1.9205665177789308e+00, -4.8013444248155725e-01
0.99998400, 1.98845546384915962450017224152479898098e+00, -3.64903497046314276673242605570067247183e-02, 5.68810798180977753060210659186057009052e-01, 7.81658543151463059181148993583714881730e-02, 3.54951704745854067680989355993672906065e+00, 2.03540366733983668248098635911689268461e+00, 1.8893298478691201e+00, -2.1231969972407102e-01
0.99998500, 1.98882046340641132613254930737780002166e+00, -3.53400038105206674962151771921122752558e-02, 5.68006477523861533274513906781207420386e-01, 7.57074951513394938314174215222300872087e-02, 3.54795353794869214714057218274416740825e+00, 2.03589099527761957726689735115233013034e+00, 1.8207854876226115e+00, 5.3688517299074305e-02
0.99998600, 1.98919792839101450033547599232777041427e+00, -3.41500400042377806887262006433863933916e-02, 5.67175375659921399461103465347842769281e-01, 7.31640678650600552377998346419529937423e-02, 3.54633634988696405021647257836476184053e+00, 2.03639521041861830805576581765206217387e+00, 1.7123881439288835e+00, 3.1217968348885852e-01
0.99998700, 1.98958922037499356344949150546922204416e+00, -3.29161339097448910928282890930209708037e-02, 5.66314568521322400197782893974927637064e-01, 7.05262870309028519113666913881948635429e-02, 3.54465962473616431264531760721016565171e+00, 2.03691815734721093446245419259543436797e+00, 1.5621299291925018e+00, 5.5615542701030435e-01
0.99998800, 1.98999596927746300544658075558869143339e+00, -3.16331116840166474583334619246937075447e-02, 5.65420555792460870597274049871787740103e-01, 6.77830432342875893774758890622973846177e-02, 3.54291635314388890351346873445100540556e+00, 2.03746204418869578081671722826480206608e+00, 1.3689027297357742e+00, 7.7711055808127152e-01
0.99998900, 1.99042015382601532665871988932616397971e+00, -3.02946960541409705060546829652196982478e-02, 5.64489088130753299061534135961796798099e-01, 6.49208577600737428194808276422426139698e-02, 3.54109803088843817944378393524565713594e+00, 2.03802955161235870886337983093345369181e+00, 1.1330326278524896e+00, 9.6480997948382364e-01
0.99999000, 1.99086421594046022284558822457635956906e+00, -2.88931454537228043659921129351600400547e-02, 5.63514921544338530321822800342169210965e-01, 6.19231077430571694332306509061002891276e-02, 3.53919417000260787057823558103901950000e+00, 2.03862398778946691450599452548989739292e+00, 8.5707002917168111e-01, 1.1070994213281504e+00
0.99999100, 1.99133122832476254345869854513109261507e+00, -2.74187254977352845281344823778701767264e-02, 5.62491457513303474938435683284136270262e-01, 5.87688913138551669924783073491367721560e-02, 3.53719158276085428843310829262904706586e+00, 2.03924951543268573694830748351850613554e+00, 5.4696182865424567e-01, 1.1898347353666997e+00
0.99999200, 1.99182514901168179345805412832339144644e+00, -2.58589064447206810731977176469072908256e-02, 5.61410196393360554855642414686064672007e-01, 5.54313043814633419533639576674086560491e-02, 3.53507329445315629969072733417106744454e+00, 2.03991149663042660681740127339041618440e+00, 2.1379441535870586e-01, 1.1971135255025715e+00
0.99999300, 1.99235122521840586705810082417933473495e+00, -2.41970899999583932018039197052240227197e-02, 5.60259870197417783701354273397450765015e-01, 5.18747068097607722054376979495469601140e-02, 3.53281681854396199949359347582897737121e+00, 2.04061703995244370443510212220140785927e+00, -1.2362136142999448e-01, 1.1122070481748531e+00
0.99999400, 1.99291666974406393549442108326432596246e+00, -2.24104765171492024994845994041246269484e-02, 5.59024990136787232358375927534155434363e-01, 4.80501428422863958627813471027778974179e-02, 3.53039126730754489170346702296664726227e+00, 2.04137591676644687641412529377094713470e+00, -4.3498115631955508e-01, 9.2006752022480913e-01
0.99999500, 1.99353187494599162455398765405238128722e+00, -2.04662350857208835720332542230208334017e-02, 5.57683239800337835667906429450479438461e-01, 4.38871174463019679026936508320316951522e-02, 3.52775216334555071873893431526677841404e+00, 2.04220220580863365845933086017193882851e+00, -6.7330477979091284e-01, 6.1338814033140108e-01
0.99999600, 1.99421280110917746395958362797734756661e+00, -1.83139609952143573374440916295116641428e-02, 5.56200346527143602759457301744759529874e-01, 3.92774008170527407251301556147609216947e-02, 3.52483122154613624626091570339585427964e+00, 2.04311752869503849435757009320531445989e+00, -7.6920211014748106e-01, 2.0682656593806952e-01
0.99999700, 1.99498632210027725685394756902651696331e+00, -1.58687665751245475952543890954180359333e-02, 5.54518602559808056143009461608739187994e-01, 3.40387205824629756658155879506375870002e-02, 3.52151344193828980851131528122401600549e+00, 2.04415829164572964853898914571830605904e+00, -6.3122952763581629e-01, -2.2969604385298987e-01
0.99999800, 1.99590480828690040598133325782466985144e+00, -1.29650451660296717278288009018331356972e-02, 5.52525551066541140946795611095743289000e-01, 2.78154823496458045956612598305331633861e-02, 3.51757447310426318669535849349836863099e+00, 2.04539544090493064599222171384594430152e+00, -1.8873520564286168e-01, -4.9570229213818565e-01
0.99999900, 1.99710318123215139213826176124241791838e+00, -9.17508533766079325371170625455625441402e-03, 5.49931473940044305283476671993897752307e-01, 1.96892917911919246005548265299272844027e-02, 3.51243488704921298600109442575648801865e+00, 2.04701175486509226094126086328138293119e+00, 3.1746470494656290e-01, -1.6458177405291182e-01
