0.00000000, 1.96539152161688159190124517017323742835e+00, -9.60656912028150195341480797162056348302e-01, 2.80000000000000000000000000000000000000e+01, 0.00000000000000000000000000000000000000e+00, 4.61335101506468683136969482763406097983e+00, 8.27723380184790906406733430771661719513e-01, 2.9973287963122664e-01, -3.1248486203734584e-01
0.00100000, 1.96554266102446137179387885008053957611e+00, -9.60652735050007523085144422237676312842e-01, 2.79997376410194099122740078546410333732e+01, 1.28455129313153760613545233700989329101e-04, 4.61324335588362331861978941209341564210e+00, 8.27780604454734622617485788234695207758e-01, 3.0009638691714557e-01, -3.1253780829441695e-01
0.00200000, 1.96569414556727444343887089943477977266e+00, -9.60648410557506793210230432384029703346e-01, 2.79994746681646260986203831264408407401e+01, 2.57645366833046797463150594222425536969e-04, 4.61313536082785343527126213919869996343e+00, 8.27837958054464816396569636839325708578e-01, 3.0046123328882013e-01, -3.1259027925429374e-01
0.00300000, 1.96584597548255211702837562104651960402e+00, -9.60643938441824524256098399763710772672e-01, 2.79992110809559257003736825462931906018e+01, 3.87570751714819321081337983058109619829e-04, 4.61302702960534527582387310290091288664e+00, 8.27895441036150124530988743583892552946e-01, 3.0082742124545046e-01, -3.1264227198698370e-01
0.00400000, 1.96599815100846314190844984738450975499e+00, -9.60639318593139288734997707792927576177e-01, 2.79989468789115089652203059141809868650e+01, 5.18231323077042108985179466326467350773e-04, 4.61291836192252354464589481696715285197e+00, 8.27953053451958931414639688737880447083e-01, 3.0119495329217334e-01, -3.1269378354335456e-01
0.00500000, 1.96615067238411561646815664456897475292e+00, -9.60634550900629994044209588782943348591e-01, 2.79986820615474960809987473425587203403e+01, 6.49627120000608635981644727366261367198e-04, 4.61280935748426637328532997791500929091e+00, 8.28010795354059273617304266122898321545e-01, 3.0156383194004994e-01, -3.1274481095504356e-01
0.00600000, 1.96630353984955890643053729863225477798e+00, -9.60629635252474146734529433788545069172e-01, 2.79984166283779239898531560985491875735e+01, 7.81758181527616874723923929521109463762e-04, 4.61270001599390211611176232390745240770e+00, 8.28068666794618738798701811551568781921e-01, 3.0193405970605345e-01, -3.1279535123436603e-01
0.00700000, 1.96645675364578557158120591422347965219e+00, -9.60624571535846100080919193154840985198e-01, 2.79981505789147431826829007767999268709e+01, 9.14624546660240724836322153406375301947e-04, 4.61259033715320612420798270458069383075e+00, 8.28126667825804358949054070519048717197e-01, 3.0230563911305624e-01, -3.1284540137422357e-01
0.00800000, 1.96661031401473330097045827853142632161e+00, -9.60619359636915284900600359882807896388e-01, 2.79978839126678144738304114166018150202e+01, 1.04822625435959102849098336220085460371e-03, 4.61248032066239749742989249827047280580e+00, 8.28184798499782497937295114815757310195e-01, 3.0267857268981690e-01, -3.1289495834801164e-01
0.00900000, 1.96676422119928685662492506046168674290e+00, -9.60613999440844423563295781680261833139e-01, 2.79976166291449057559491530885617971145e+01, 1.18256334354456612988302125529066137874e-03, 4.61236996622013581455254284477335019698e+00, 8.28243058868718733347737095852972378317e-01, 3.0305286297096688e-01, -3.1294401910952660e-01
0.01000000, 1.96691847544328002580493892861643534851e+00, -9.60608490831787727137763349272722423894e-01, 2.79973487278516887349931614023002580745e+01, 1.31763585309069193561158426147244963220e-03, 4.61225927352351784141952077104084314588e+00, 8.28301448984777732585679255611641172663e-01, 3.0342851249699684e-01, -3.1299258059287216e-01
0.01100000, 1.96707307699149758184392578301053279198e+00, -9.60602833692889075618196425821195988011e-01, 2.79970802082917356452691453117634346543e+01, 1.45344382182895143253293496694085026885e-03, 4.61214824226807421701224214120561356105e+00, 8.28359968900123123232122579507912616898e-01, 3.0380552381424276e-01, -3.1304063971236537e-01
0.01200000, 1.96722802608967725360627200637660293611e+00, -9.60597027906280181173494682490389470512e-01, 2.79968110699665159444917355031499367058e+01, 1.58998728854460361920775293945741153684e-03, 4.61203687214776611735505642796593828115e+00, 8.28418618666917357627425744205249510221e-01, 3.0418389947487166e-01, -3.1308819336244200e-01
0.01300000, 1.96738332298451170360026245306096588591e+00, -9.60591073353078734361834755443548517690e-01, 2.79965413123753929887820275263895985793e+01, 1.72726629197599180661854646488055439739e-03, 4.61192516285498189717140954622578251443e+00, 8.28477398337321571663409562398387072322e-01, 3.0456364203686710e-01, -3.1313523841756135e-01
0.01400000, 1.96753896792365051478282780862517487711e+00, -9.60584969913386533252392806671436362127e-01, 2.79962709350156206875491376587176848505e+01, 1.86528087081334124338425521696288936570e-03, 4.61181311408053370920564837835177150294e+00, 8.28536307963495437763086930569169272276e-01, 3.0494475406401434e-01, -3.1318177173211053e-01
0.01500000, 1.96769496115570218609298497311369747798e+00, -9.60578717466287595395490621702639929940e-01, 2.79959999373823401381940562521857481719e+01, 2.00403106369754602024781418962498764593e-03, 4.61170072551365410112438411954175329439e+00, 8.28595347597597012026863319200411137657e-01, 3.0532723812588512e-01, -3.1322779014030818e-01
0.01600000, 1.96785130293023613675100024733199798466e+00, -9.60572315889846252581853277744406369837e-01, 2.79957283189685762405746479998618260237e+01, 2.14351690921894520815860097611338047145e-03, 4.61158799684199258991066114740411908450e+00, 8.28654517291782575523719082272323244405e-01, 3.0571109679782225e-01, -3.1327329045610760e-01
0.01700000, 1.96800799349778471936045233624125323337e+00, -9.60565765061105228331079632262884781635e-01, 2.79954560792652342911702111418078073690e+01, 2.28373844591608818381527511192117871306e-03, 4.61147492775161221366350373744668802347e+00, 8.28713817098206469705549278203742771630e-01, 3.0609633266092377e-01, -3.1331826947309936e-01
0.01800000, 1.96816503310984524185052052859149226821e+00, -9.60559064856083698048836880262569565146e-01, 2.79951832177610965568835681053814959473e+01, 2.42469571227448909607551092286618189720e-03, 4.61136151792698606071473457101260835001e+00, 8.28773247069020925922499261687798828472e-01, 3.0648294830202684e-01, -3.1336272396441326e-01
0.01900000, 1.96832242201888199829597286909405227366e+00, -9.60552215149775331791697174135746224932e-01, 2.79949097339428188284182184185852510666e+01, 2.56638874672537042617749513277180419234e-03, 4.61124776705099377597427657923923868012e+00, 8.28832807256375889016794998859507825449e-01, 3.0687094631369130e-01, -3.1340665068261981e-01
0.02000000, 1.96848016047832830865247971072113309791e+00, -9.60545215816146319577937758224816772242e-01, 2.79946356272949269531676409335506637409e+01, 2.70881758764439559425377816227317698385e-03, 4.61113367480491804441446320052948940200e+00, 8.28892497712418834972225850469531852438e-01, 3.0726032929418291e-01, -3.1345004635963108e-01
0.02100000, 1.96863824874258856744502972209308254134e+00, -9.60538066728133379182026206203563260126e-01, 2.79943608972998133475533864331756875032e+01, 2.85198227335039056415110414313535772928e-03, 4.61101924086844105160319156420025758674e+00, 8.28952318489294582596094432566989728755e-01, 3.0765109984745621e-01, -3.1349290770660098e-01
0.02200000, 1.96879668706704030144737823038459666033e+00, -9.60530767757641746349909127793627696361e-01, 2.79940855434377334887481535506698801261e+01, 2.99588284210405439810016950638919438980e-03, 4.61090446491964092119505841350470114680e+00, 8.29012269639145099210103074749564887006e-01, 3.0804326058313710e-01, -3.1353523141382496e-01
0.02300000, 1.96895547570803623639061170579422665312e+00, -9.60523318775543147371616096668401686833e-01, 2.79938095651868023857195905924536697234e+01, 3.14051933210665871230684367354520641385e-03, 4.61078934663498812928891971091534213943e+00, 8.29072351214109300326299325244744805397e-01, 3.0843681411650504e-01, -3.1357701415063915e-01
0.02400000, 1.96911461492290637273906724145524839680e+00, -9.60515719651673753947080507856301923941e-01, 2.79935329620229910295301133025225523917e+01, 3.28589178149873598406119775201724467826e-03, 4.61067388568934189555961179090752307486e+00, 8.29132563266322843283853872651153420076e-01, 3.0883176306847496e-01, -3.1361825256531886e-01
0.02500000, 1.96927410496996007057200205483035914664e+00, -9.60507970254832120280465564453503847332e-01, 2.79932557334201228228275738239346555885e+01, 3.43200022835875666048269783760912813106e-03, 4.61055808175594655107086460370181041839e+00, 8.29192905847917914822093138585633947621e-01, 3.0922811006557874e-01, -3.1365894328497658e-01
0.02600000, 1.96943394610848814360956533527022330956e+00, -9.60500070452777102337666583620059825873e-01, 2.79929778788498699884611590833011416153e+01, 3.57884471070179501853909794960199592604e-03, 4.61044193450642788267572599041095480021e+00, 8.29253379011023012564855616021710974509e-01, 3.0962585773994643e-01, -3.1369908291545928e-01
0.02700000, 1.96959413859876496242178318970074973617e+00, -9.60492020112225759201040264000074202704e-01, 2.79926993977817499571564375297267359212e+01, 3.72642526647818372549288291801844892276e-03, 4.61032544361078945391010000838759136404e+00, 8.29313982807762720390885756816595102829e-01, 3.1002500872928704e-01, -3.1373866804124519e-01
0.02800000, 1.96975468270205056685942699654167820034e+00, -9.60483819098851236454787433919726514039e-01, 2.79924202896831217341830115831168664906e+01, 3.87474193357215704844253261476899837339e-03, 4.61020860873740890228428204756982682631e+00, 8.29374717290257477664621820628736203014e-01, 3.1042556567686904e-01, -3.1377769522533998e-01
0.02900000, 1.96991557868059278774579616918611702951e+00, -9.60475467277280631533788064722876384435e-01, 2.79921405540191822449477692705735573566e+01, 4.02379474980048266113637443073047340174e-03, 4.61009142955303421287664880624824072093e+00, 8.29435582510623342301374557718129235732e-01, 3.1082753123150042e-01, -3.1381616100917230e-01
0.03000000, 1.97007682679762937786860815695426694016e+00, -9.60466964511092840968055948848755829106e-01, 2.79918601902529626594462623360589094854e+01, 4.17358375291108199574432925988458280134e-03, 4.60997390572277996813293208958980277471e+00, 8.29496578520971747640531881356288686992e-01, 3.1123090804750850e-01, -3.1385406191248876e-01
0.03100000, 1.97023842731739015231135147567209259039e+00, -9.60458310662816389454345369881972137139e-01, 2.79915791978453246955042695798058817385e+01, 4.32410898058163908677740561735334607051e-03, 4.60985603691012357377377181779401695966e+00, 8.29557705373409253100060762875082299374e-01, 3.1163569878471922e-01, -3.1389139443324827e-01
0.03200000, 1.97040038050509913816362166424442893694e+00, -9.60449505593927240685803293646446543301e-01, 2.79912975762549569007411333021719422707e+01, 4.47537047041819785384632479272714614244e-03, 4.60973782277690146071250554394543611983e+00, 8.29618963120037288585211424637132862296e-01, 3.1204190610843623e-01, -3.1392815504751577e-01
0.03300000, 1.97056268662697673365012531014867417349e+00, -9.60440549164846589869918046995843493143e-01, 2.79910153249383709131859834737094662429e+01, 4.62736825995374776944913476695437998368e-03, 4.60961926298330526288440914516154258173e+00, 8.29680351812951892623960484056280323573e-01, 3.1244953268941944e-01, -3.1396434020935543e-01
0.03400000, 1.97072534595024187671820367805564872217e+00, -9.60431441234938637864369085482891547148e-01, 2.79907324433498977004774886109906991988e+01, 4.78010238664679785747305938184263421671e-03, 4.60950035718787797088785612488547586664e+00, 8.29741871504243444201358985629682026735e-01, 3.1285858120386329e-01, -3.1399994635072308e-01
0.03500000, 1.97088835874311422312389501420290435718e+00, -9.60422181662508346859732243460100197800e-01, 2.79904489309416837775772942878726289619e+01, 4.93357288787993896758809906248833163700e-03, 4.60938110504751006133711110917823376624e+00, 8.29803522245996388264578217909205724317e-01, 3.1326905433337464e-01, -3.1403496988135818e-01
0.03600000, 1.97105172527481633405672328714555543439e+00, -9.60412770304799177537340770944396016765e-01, 2.79901647871636874029268297359899301837e+01, 5.08777980095839427019901710309069935068e-03, 4.60926150621743560182571659532996500306e+00, 8.29865304090288954870070818331781972921e-01, 3.1368095476495020e-01, -3.1406940718867511e-01
0.03700000, 1.97121544581557587334357096556127288444e+00, -9.60403207017990807629944451012443132227e-01, 2.79898800114636747529766800677667734914e+01, 5.24272316310855791610827771259999579810e-03, 4.60914156035122833139867077640287896343e+00, 8.29927217089192871943886890483093231471e-01, 3.1409428519095364e-01, -3.1410325463765375e-01
0.03800000, 1.97137952063662781427216442838761445472e+00, -9.60393491657196831812147119497121394562e-01, 2.79895946032872160750172362714570327613e+01, 5.39840301147652180452521498083685764098e-03, 4.60902126710079771643082827946675475533e+00, 8.29989261294773071625804665063498104115e-01, 3.1450904830909228e-01, -3.1413650857072960e-01
0.03900000, 1.97154395001021665607487275424662153160e+00, -9.60383624076462442846936934911243794856e-01, 2.79893085620776818182388472618443840786e+01, 5.55481938312659040253617169251472779253e-03, 4.60890062611638498180818487697588786581e+00, 8.30051436759087390167552596673370792985e-01, 3.1492524682239334e-01, -3.1416916530768317e-01
0.04000000, 1.97170873420959865011369394841551658934e+00, -9.60373604128762093913953730077935703805e-01, 2.79890218872762387429492079033158615263e+01, 5.71197231503978355862651922918294324743e-03, 4.60877963704655911730793161830024804616e+00, 8.30113743534186261355014672384318727871e-01, 3.1534288343917990e-01, -3.1420122114552870e-01
0.04100000, 1.97187387350904403580747713911155385382e+00, -9.60363431665997142044463676803575968702e-01, 2.79887345783218460078752240349902820866e+01, 5.86986184411232725231832011608839409233e-03, 4.60865829953821285907238333984972637375e+00, 8.30176181672112403423923083489970392589e-01, 3.1576196087304627e-01, -3.1423267235840236e-01
0.04200000, 1.97203936818383928634260491317759983342e+00, -9.60353106538993472587333269649918278798e-01, 2.79884466346512512354761001012299837521e+01, 6.02848800715413222145688826297470617060e-03, 4.60853661323655864607110110515066528308e+00, 8.30238751224900499438152247138223602877e-01, 3.1618248184283315e-01, -3.1426351519744973e-01
0.04300000, 1.97220521851028936420853676701223641994e+00, -9.60342628597499104629612242659864405398e-01, 2.79881580556989865551938970058506575017e+01, 6.18785084088726040814560349417198923992e-03, 4.60841457778512455144473775792289528062e+00, 8.30301452244576871099335427761447225385e-01, 3.1660444907260223e-01, -3.1429374589071265e-01
0.04400000, 1.97237142476571998659979262443843777399e+00, -9.60331997690181777294648431627079225088e-01, 2.79878688408973646245673072451954833765e+01, 6.34795038194437916379101114842471322681e-03, 4.60829219282575018862334039857667900276e+00, 8.30364284783159145956129867086277776666e-01, 3.1702786529161043e-01, -3.1432336064301545e-01
0.04500000, 1.97253798722847990072613452182705101005e+00, -9.60321213664626516839966741677791983963e-01, 2.79875789896764746281338912143467089026e+01, 6.50878666686720315317944863889501731670e-03, 4.60816945799858259211104317415108388922e+00, 8.30427248892655917981058353479446129305e-01, 3.1745273323428370e-01, -3.1435235563585051e-01
0.04600000, 1.97270490617794316907288488488837324214e+00, -9.60310276367333184476449232698092640139e-01, 2.79872885014641782540455128023641972845e+01, 6.67035973210492389696215288296146488859e-03, 4.60804637294207207282827825972892518448e+00, 8.30490344625066401482454513640777526142e-01, 3.1787905564019039e-01, -3.1438072702726320e-01
0.04700000, 1.97287218189451146465350132384366598882e+00, -9.60299185643714004829653850271900476158e-01, 2.79869973756861056483212039766827749261e+01, 6.83266961401262689137797911870787444633e-03, 4.60792293729296804790182226159721482315e+00, 8.30553572032380078318635759066736846785e-01, 3.1830683525401421e-01, -3.1440847095173613e-01
0.04800000, 1.97303981465961637629671055693827079957e+00, -9.60287941338091074963405463705243317221e-01, 2.79867056117656513466611769836462867172e+01, 6.99571634884969624349146619026396650492e-03, 4.60779915068631484479217944430912957637e+00, 8.30616931166576338381021732858710505481e-01, 3.1873607482552672e-01, -3.1443558352007275e-01
0.04900000, 1.97320780475572172401068793923160435397e+00, -9.60276543293693853885084581440652646277e-01, 2.79864132091239701837451890414443132868e+01, 7.15949997277820675966897896468353505450e-03, 4.60767501275544747964698213039770202897e+00, 8.30680422079624113312507245620241818026e-01, 3.1916677710955937e-01, -3.1446206081928033e-01
0.05000000, 1.97337615246632588446695412709149936522e+00, -9.60264991352656632451326353373674295127e-01, 2.79861201671799731799379479531449390399e+01, 7.32402052186130342445700787977815990431e-03, 4.60755052313198740976826229746352838332e+00, 8.30744044823481503426987028352866810752e-01, 3.1959894486597518e-01, -3.1448789891245224e-01
0.05100000, 1.97354485807596412664684665164769728131e+00, -9.60253285356015983592125194552985117873e-01, 2.79858264853503234053237279006393337826e+01, 7.48927803206156820646437113618772424219e-03, 4.60742568144583826008061675699272710147e+00, 8.30807799450095397795515131088807346647e-01, 3.2003258085963982e-01, -3.1451309383864956e-01
0.05200000, 1.97371392187021095769361160945968830653e+00, -9.60241425143708192770618530372301696710e-01, 2.79855321630494318209918427745437910170e+01, 7.65527253923937412728400883510107436308e-03, 4.60730048732518152348645129645044482582e+00, 8.30871686011401087464164423845867313679e-01, 3.2046768786039238e-01, -3.1453764161278206e-01
0.05300000, 1.97388334413568247901334930868627083918e+00, -9.60229410554566668595096724152361441759e-01, 2.79852371996894530974940997297107147664e+01, 7.82200407915122652892024219499801118649e-03, 4.60717494039647223499364675443810862250e+00, 8.30935704559321871768231376394170351240e-01, 3.2090426864301561e-01, -3.1456153822548848e-01
0.05400000, 1.97405312516003875266823753698725428342e+00, -9.60217241426319333499055158076826374221e-01, 2.79849415946802814103948282101050915275e+01, 7.98947268744809147461375629470634290960e-03, 4.60704904028443461950014213109960958792e+00, 8.30999855145768657707008070003879588862e-01, 3.2134232598720567e-01, -3.1458477964301612e-01
0.05500000, 1.97422326523198617810564714614060132876e+00, -9.60204917595585994404368651500515506055e-01, 2.79846453474295462128335494393840782250e+01, 8.15767839967371121737911268879724420403e-03, 4.60692278661205771311907646521048003289e+00, 8.31064137822639552342917192190844449962e-01, 3.2178186267754147e-01, -3.1460736180709979e-01
0.05600000, 1.97439376464127987926695688083929893119e+00, -9.60192438897875693281927870002357500055e-01, 2.79843484573426079850198183034038124328e+01, 8.32662125126290666998826948850376385715e-03, 4.60679617900059095792727228777626439485e+00, 8.31128552641819448188376548557167234348e-01, 3.2222288150345352e-01, -3.1462928063484007e-01
0.05700000, 1.97456462367872610212006781827851001358e+00, -9.60179805167584037523332057111701951711e-01, 2.79840509238225539605792336367500598079e+01, 8.49630127753986680954834151738579731829e-03, 4.60666921706953977001897894138256901675e+00, 8.31193099655179601543327357866471108769e-01, 3.2266538525919225e-01, -3.1465053201858086e-01
0.05800000, 1.97473584263618462265981243391057201748e+00, -9.60167016237990510036482260885754178576e-01, 2.79837527462701938296690741457786620051e+01, 8.66671851371642494923263200913844641241e-03, 4.60654190043666108074592388644602304326e+00, 8.31257778914577203745925240891898128318e-01, 3.2310937674379594e-01, -3.1467111182578627e-01
0.05900000, 1.97490742180657116542064917010646656161e+00, -9.60154071941255758977164181531663481473e-01, 2.79834539240840554187814755339377209918e+01, 8.83787299489032180913076973727120930736e-03, 4.60641422871795885102384425096020457430e+00, 8.31322590471854945298454333379117228305e-01, 3.2355485876105805e-01, -3.1469101589891683e-01
0.06000000, 1.97507936148385983254623046140806082244e+00, -9.60140972108418867027949785701396905080e-01, 2.79831544566603803471515198195536306977e+01, 9.00976475604345531758655081956400454935e-03, 4.60628620152767955858478926993821812797e+00, 8.31387534378840572830083311380813274474e-01, 3.2400183411949416e-01, -3.1471024005530494e-01
0.06100000, 1.97525166196308554346063046559303462138e+00, -9.60127716569394600134981869166856099871e-01, 2.79828543433931196596870603298716212161e+01, 9.18239383204011707379077173145406036089e-03, 4.60615781847830765805359685472168998316e+00, 8.31452610687346438857637275596092193436e-01, 3.2445030563230834e-01, -3.1472878008702970e-01
0.06200000, 1.97542432354034648518621826692747613656e+00, -9.60114305152970635612435753101514301255e-01, 2.79825535836739294363365553958679863343e+01, 9.35576025762521540179090793539244122509e-03, 4.60602907918056101372605428042075499543e+00, 8.31517819449169044305111362185160109377e-01, 3.2490027611735905e-01, -3.1474663176079102e-01
0.06300000, 1.97559734651280657335336305978881928757e+00, -9.60100737686804769523677220511960333830e-01, 2.79822521768921663778106303379593757582e+01, 9.52986406742248492546989926341297994554e-03, 4.60589998324338630492535383130174993248e+00, 8.31583160716088573742200592463458340480e-01, 3.2535174839712451e-01, -3.1476379081778299e-01
0.06400000, 1.97577073117869792394735979035835903365e+00, -9.60087013997422103247355588396048478448e-01, 2.79819501224348833675725309008311617706e+01, 9.70470529593268259343250668120029524824e-03, 4.60577053027395440381254914783938712938e+00, 8.31648634539868423301665804182207709715e-01, 3.2580472529866759e-01, -3.1478025297356660e-01
0.06500000, 1.97594447783732333583816693437678599992e+00, -9.60073133910212209135885417425927511438e-01, 2.79816474196868250100120718436403755147e+01, 9.88028397753177008211966284086173675875e-03, 4.60564071987765572552580692384431477520e+00, 8.31714240972254721234897483676480200971e-01, 3.2625920965360015e-01, -3.1479601391794169e-01
0.06600000, 1.97611858678905878413875252311073726051e+00, -9.60059097249426275172979733385247426427e-01, 2.79813440680304231447171218971079745032e+01, 1.00566001464690825048489080425761814522e-02, 4.60551055165809555052233145556245825731e+00, 8.31779980064975841064577901535556087386e-01, 3.2671520429804683e-01, -3.1481106931481823e-01
0.06700000, 1.97629305833535592443805020078932690960e+00, -9.60044903838174228536101721795556896376e-01, 2.79810400668457923367561007386284070123e+01, 1.02336538368654833538523406332067526071e-02, 4.60538002521708931899591629446329241269e+00, 8.31845851869741907292877104772342403478e-01, 3.2717271207260840e-01, -3.1482541480208687e-01
0.06800000, 1.97646789277874460795473400794581688238e+00, -9.60030553498421837968900607251463509502e-01, 2.79807354155107253428843949874577088238e+01, 1.04114450827115056017524728439713320812e-02, 4.60524914015465789724214784867621540683e+00, 8.31911856438244293623149995503871027503e-01, 3.2763173582232451e-01, -3.1483904599148878e-01
0.06900000, 1.97664309042283540765822873946198693241e+00, -9.60016046050987794867890789585412367240e-01, 2.79804301134006885535870284610975315545e+01, 1.05899739178654788882809255862413756815e-02, 4.60511789606902281584235016132097401342e+00, 8.31977993822155113652629889279220975921e-01, 3.2809227839663586e-01, -3.1485195846848475e-01
0.07000000, 1.97681865157232215540358212679387334985e+00, -9.60001381315540772986821227267302410298e-01, 2.79801241598888174108693470378098068041e+01, 1.07692403760516427174049743625234834494e-02, 4.60498629255660147953641821346597380827e+00, 8.32044264073126703993138554386500090192e-01, 3.2855434264934593e-01, -3.1486414779212357e-01
0.07100000, 1.97699457653298449012703574400079506929e+00, -9.59986559110596466661364481101126492445e-01, 2.79798175543459118017069004152475718220e+01, 1.09492444908582455893825283832457012450e-02, 4.60485432921200234865373890082180614908e+00, 8.32110667242791099776353745319626620706e-01, 3.2901793143858207e-01, -3.1487560949490966e-01
0.07200000, 1.97717086561169041714934343995868166616e+00, -9.59971579253514607455931704517712247359e-01, 2.79795102961404314270651218177770226184e+01, 1.11299862957356299916171409755634523520e-02, 4.60472200562802009197044426174436970539e+00, 8.32177203382759502499692617267280794655e-01, 3.2948304762675609e-01, -3.1488633908267005e-01
0.07300000, 1.97734751911639887863409925767700769378e+00, -9.59956441560495959133591136299147931130e-01, 2.79792023846384911463988222613308377061e+01, 1.13114658239943031715310657815998870130e-02, 4.60458932139563071086028053440912252823e+00, 8.32243872544621740168383101769946376173e-01, 3.2994969408052423e-01, -3.1489633203442050e-01
0.07400000, 1.97752453735616233524855121912845454326e+00, -9.59941145846579290849233262633172836911e-01, 2.79788938192038562975409283105401431794e+01, 1.14936831088029936140161440062846382932e-02, 4.60445627610398663460540913736562555180e+00, 8.32310674779945719688805293931280586226e-01, 3.3041787367074664e-01, -3.1490558380223097e-01
0.07500000, 1.97770192064112935907459303362241848696e+00, -9.59925691925638328465285712712596339902e-01, 2.79785845991979379918893013342379445158e+01, 1.16766381831866931453593866027237261483e-02, 4.60432286934041178673248164383887972854e+00, 8.32377610140276871467691105702140102690e-01, 3.3088758927244619e-01, -3.1491408981109030e-01
0.07600000, 1.97787966928254723781784273269596230502e+00, -9.59910079610378683888435079889297899647e-01, 2.79782747239797883847998820578337315319e+01, 1.18603310800246845848724548619323064504e-02, 4.60418910069039662223835019936421525880e+00, 8.32444678677137586171272834289246760630e-01, 3.3135884376476680e-01, -3.1492184545877022e-01
0.07700000, 1.97805778359276459036293544795402922100e+00, -9.59894308712334762324961162378202944689e-01, 2.79779641929060959210938066999767401488e+01, 1.20447618320485548647817960575993479486e-02, 4.60405496973759313556878755737781036675e+00, 8.32511880442026643597969835754861294905e-01, 3.3183164003093110e-01, -3.1492884611568846e-01
0.07800000, 1.97823626388523399372337703346622702305e+00, -9.59878379041866647351431536881770126507e-01, 2.79776530053311805555855401416283065069e+01, 1.22299304718401935382589098018360574589e-02, 4.60392047606380983921259692048134261403e+00, 8.32579215486418633617697137011983997179e-01, 3.3230598095819757e-01, -3.1493508712477129e-01
0.07900000, 1.97841511047451462143452599442732801032e+00, -9.59862290408156963696640857946392797292e-01, 2.79773411606069889485384673832495903312e+01, 1.24158370318297765947880573687378714013e-02, 4.60378561924900671277249101799164027219e+00, 8.32646683861763369130370519882870504133e-01, 3.3278186943781701e-01, -3.1494056380131515e-01
0.08000000, 1.97859432367627489343849322202473308444e+00, -9.59846042619207717629809757517751787644e-01, 2.79770286580830896359537769751994436758e+01, 1.26024815442937355013816317657427289787e-02, 4.60365039887129012237311226429296358263e+00, 8.32714285619485290995669323431081805949e-01, 3.3325930836498847e-01, -3.1494527143284760e-01
0.08100000, 1.97877390380729513750997235404453573313e+00, -9.59829635481837114849182644648267941939e-01, 2.79767154971066681745978591323687870748e+01, 1.27898640413527113874613316522339248002e-02, 4.60351481450690771026555136812757321368e+00, 8.32782020810982864885600889699917475327e-01, 3.3373830063881457e-01, -3.1494920527898750e-01
0.08200000, 1.97895385118547026227223818490787300054e+00, -9.59813068801676355764282015702763215310e-01, 2.79764016770225222616728268411122131003e+01, 1.29779845549694942905261777367793632253e-02, 4.60337886573024325448670034045953802395e+00, 8.32849889487627970010889177135177901123e-01, 3.3421884916225613e-01, -3.1495236057130442e-01
0.08300000, 1.97913416612981244185277644078294767128e+00, -9.59796342383166408064189021239204303948e-01, 2.79760871971730568290341504090521951377e+01, 1.31668431169469473790262259818226770645e-02, 4.60324255211381149843074741756510264457e+00, 8.32917891700765279671684538715428082533e-01, 3.3470095684208626e-01, -3.1495473251317723e-01
0.08400000, 1.97931484896045381222823541838926398756e+00, -9.59779456029554756463325936989365659995e-01, 2.79757720568982791118587745705201819244e+01, 1.33564397589259160681535172920332973143e-02, 4.60310587322825295018908591564059980889e+00, 8.32986027501711633582561961065444088576e-01, 3.3518462658884379e-01, -3.1495631627965197e-01
0.08500000, 1.97949589999864917930861846332410437562e+00, -9.59762409542892129515315792451021765817e-01, 2.79754562555357936916664624162709328643e+01, 1.35467745123831219435493073704430325259e-02, 4.60296882864232865151386640203304523778e+00, 8.33054296941755401921241139018974875204e-01, 3.3566986131678608e-01, -3.1495710701729898e-01
0.08600000, 1.97967731956677873881086603842220825364e+00, -9.59745202724029203384587660386404809042e-01, 2.79751397924207975135964820394841574308e+01, 1.37378474086290414072088916261049103621e-02, 4.60283141792291491625937174419785190770e+00, 8.33122700072155841049923569173464687293e-01, 3.3615666394384116e-01, -3.1495709984406911e-01
0.08700000, 1.97985910798835080797220720803256345424e+00, -9.59727835372613282464482942288255993756e-01, 2.79748226668860748778411198545854042772e+01, 1.39296584788057689591423264545247326323e-02, 4.60269364063499803815433751812710436552e+00, 8.33191236944142440857599337401401804878e-01, 3.3664503739155927e-01, -3.1495628984914930e-01
0.08800000, 1.98004126558800456915389274338437654352e+00, -9.59710307287084956729698336335104289294e-01, 2.79745048782619924051368690245213521963e+01, 1.41222077538848650276209974432136364084e-02, 4.60255549634166896775727586016537776659e+00, 8.33259907608914263671129400015060865024e-01, 3.3713498458506369e-01, -3.1495467209281729e-01
0.08900000, 1.98022379269151282538615574063862657679e+00, -9.59692618264674735709974982638299544669e-01, 2.79741864258764939762135022990674670290e+01, 1.43154952646651882601062441388585761945e-02, 4.60241698460411795844578906616759743908e+00, 8.33328712117639274682357866787007162593e-01, 3.3762650845300095e-01, -3.1495224160629551e-01
0.09000000, 1.98040668962578476790548064000003800862e+00, -9.59674768101399658971010482221724346088e-01, 2.79738673090550956451005957945903283247e+01, 1.45095210417707121862170665073331693233e-02, 4.60227810498162918128978001561318493549e+00, 8.33397650521453663837953036263738783754e-01, 3.3811961192749040e-01, -3.1494899339160430e-01
0.09100000, 1.98058995671886875573549784461081081826e+00, -9.59656756592059882987631017111310305279e-01, 2.79735475271208805261904238073008593942e+01, 1.47042851156483261633492561728593393382e-02, 4.60213885703157530865737976075403383495e+00, 8.33466722871461159138115659216213517402e-01, 3.3861429794407302e-01, -3.1494492242141416e-01
0.09200000, 1.98077359429995510736305876507118413244e+00, -9.59638583530235244293314594482434936820e-01, 2.79732270793944936549554946200909048274e+01, 1.48997875165656205148080614742591820078e-02, 4.60199924030941206640131830673917560074e+00, 8.33535929218732331289728063570233164603e-01, 3.3911056944165966e-01, -3.1494002363889733e-01
0.09300000, 1.98095760269937890456128506253633818490e+00, -9.59620248708281798789203432745750842255e-01, 2.79729059651941368222183434100198858354e+01, 1.50960282746086557695606543410431905181e-02, 4.60185925436867275447236265193603430499e+00, 8.33605269614303889658948312146164133800e-01, 3.3960842936247849e-01, -3.1493429195757854e-01
0.09400000, 1.98114198224862280841162613362109017628e+00, -9.59601751917328337094783635855711860621e-01, 2.79725841838355633818705407616879917238e+01, 1.52930074196797159119531634611563278511e-02, 4.60171889876096273580533649177186012681e+00, 8.33674744109177969467679430871940154009e-01, 3.4010788065202183e-01, -3.1492772226118487e-01
0.09500000, 1.98132673328031988757720047699259334347e+00, -9.59583092947272875821443497486685400192e-01, 2.79722617346320730319372139131749260189e+01, 1.54907249814950455489698161450183935323e-02, 4.60157817303595389332211854716337087165e+00, 8.33744352754321410177764887135890073174e-01, 3.4060892625899227e-01, -3.1492030940349492e-01
0.09600000, 1.98151185612825645887993950772759053803e+00, -9.59564271586779124649147971893656871220e-01, 2.79719386168945065688827126778144768662e+01, 1.56891809895825709018387341087554994812e-02, 4.60143707674137905489489119219494779642e+00, 8.33814095600665025006177862389470478060e-01, 3.4111156913524802e-01, -3.1491204820818705e-01
0.09700000, 1.98169735112737494023429664442603215240e+00, -9.59545287623272929085485975474489942023e-01, 2.79716148299312406150523829684878816144e+01, 1.58883754732796045280100989809486384889e-02, 4.60129560942302638611177785673989260651e+00, 8.33883972699102861513883396212973083475e-01, 3.4161581223574768e-01, -3.1490293346868689e-01
0.09800000, 1.98188321861377671599053008886793644707e+00, -9.59526140842938688785359173849401370712e-01, 2.79712903730481823191447379728211833722e+01, 1.60883084617305336787476840092740619524e-02, 4.60115377062473375068586649916979405599e+00, 8.33953984100491453210459126476915797852e-01, 3.4212165851849412e-01, -3.1489295994801394e-01
0.09900000, 1.98206945892472501474081465182471059272e+00, -9.59506831030715751308585694588879083884e-01, 2.79709652455487640296076402589253401574e+01, 1.62889799838844921967840809768924377339e-02, 4.60101155988838303834746721251275114077e+00, 8.34024129855649062115962057056879465509e-01, 3.4262911094447777e-01, -3.1488212237862744e-01
0.10000000, 1.98225607239864779964168625462678142761e+00, -9.59487357970294781191689715811705002339e-01, 2.79706394467339379408514274031766788046e+01, 1.64903900684930158576932769410975678942e-02, 4.60086897675389446005829467411866799461e+00, 8.34094410015354912220925495303153743092e-01, 3.4313817247761913e-01, -3.1487041546227131e-01
0.10100000, 1.98244305937514067130657235736984916850e+00, -9.59467721444114104209138045330400419342e-01, 2.79703129759021707121712290948438320903e+01, 1.66925387441076810578314947167078621614e-02, 4.60072602075922081038510060314705059079e+00, 8.34164824630348413784761960058916117322e-01, 3.4364884608471050e-01, -3.1485783386981832e-01
0.10200000, 1.98263042019496978332241253432139333927e+00, -9.59447921233356026698267552757459048266e-01, 2.79699858323494380592700350577588910945e+01, 1.68954260390777267508883441059388462598e-02, 4.60058269144034169686910758044249684146e+00, 8.34235373751328378412234410801690181178e-01, 3.4416113473535700e-01, -3.1484437224111340e-01
0.10300000, 1.98281815520007477044462573826065295326e+00, -9.59427957117943129821122576234491161482e-01, 2.79696580153692193182733805071257273272e+01, 1.70990519815476595342752772041438079288e-02, 4.60043898833125773622641343938638774337e+00, 8.34306057428952224847039532194628662637e-01, 3.4467504140191685e-01, -3.1483002518481613e-01
0.10400000, 1.98300626473357168952493447122591667467e+00, -9.59407828876534538635389123749599400683e-01, 2.79693295242524919821258192001634722953e+01, 1.73034165994548417857570395763613163164e-02, 4.60029491096398471721334488123268822104e+00, 8.34376875713835175420922968113498702516e-01, 3.4519056905944085e-01, -3.1481478727824231e-01
0.10500000, 1.98319474913975597322681111251154966615e+00, -9.59387536286522165845572753209242732752e-01, 2.79690003582877262092586534125881069105e+01, 1.75085199205270627499041979961407575695e-02, 4.60015045886854772998953993070854570175e+00, 8.34447828656549443096117276585836475790e-01, 3.4570772068561107e-01, -3.1479865306720480e-01
0.10600000, 1.98338360876410539658356804879379377971e+00, -9.59367079124026930104519371666463251564e-01, 2.79686705167608793044176853487123969175e+01, 1.77143619722800924731108424553668214333e-02, 4.60000563157297526181033125307175549022e+00, 8.34518916307623409038258912943512147205e-01, 3.4622649926067885e-01, -3.1478161706585339e-01
0.10700000, 1.98357284395328305645437100898898646517e+00, -9.59346457163894948734322767800216416824e-01, 2.79683399989553901715390455407469829823e+01, 1.79209427820152184850811423711738168064e-02, 4.59986042860329325887878612747338974131e+00, 8.34590138717540790656300683123165659031e-01, 3.4674690776740190e-01, -3.1476367375651388e-01
0.10800000, 1.98376245505514036393371413085920130356e+00, -9.59325670179693704734599407590729063584e-01, 2.79680088041521737385604406820451505784e+01, 1.81282623768167651238415207955238808136e-02, 4.59971484948351915418653393779524431774e+00, 8.34661495936739800045290782088267089979e-01, 3.4726894919098071e-01, -3.1474481758952628e-01
0.10900000, 1.98395244241872004977015578045475077018e+00, -9.59304717943708187945039805112673126560e-01, 2.79676769316296153540544460386596981574e+01, 1.83363207835495954004817318120427077149e-02, 4.59956889373565586117127832484550577701e+00, 8.34732988015612292767238682784847315059e-01, 3.4779262651899403e-01, -3.1472504298308216e-01
0.11000000, 1.98414280639425918285037601217321187442e+00, -9.59283600226937010228066551701829908506e-01, 2.79673443806635651555697460625568823098e+01, 1.85451180288565952989680203888696554043e-02, 4.59942256087968573301764856592927966353e+00, 8.34804615004502906904631707220283831278e-01, 3.4831794274133371e-01, -3.1470434432306109e-01
0.11100000, 1.98433354733319220180487979944847833253e+00, -9.59262316799088494536341769924745550114e-01, 2.79670111505273324095655010568178605841e+01, 1.87546541391561404055047453120448313367e-02, 4.59927585043356448742679323168307522869e+00, 8.34876376953708192320504030849806070133e-01, 3.4884490085013854e-01, -3.1468271596286626e-01
0.11200000, 1.98452466558815395979193478676253322505e+00, -9.59240867428576737728771275521621938595e-01, 2.79666772404916798228232876865825717591e+01, 1.89649291406395447610472883712138904812e-02, 4.59912876191321509667885863727906265755e+00, 8.34948273913475730058292081477957054603e-01, 3.4937350383972744e-01, -3.1466015222325921e-01
0.11300000, 1.98471616151298278251659831567150414008e+00, -9.59219251882517646997549001762780143304e-01, 2.79663426498248178252203267575550091051e+01, 1.91759430592684918296886899739930993286e-02, 4.59898129483252164281122497654891095508e+00, 8.35020305934003241814036730663432882886e-01, 3.4990375470653162e-01, -3.1463664739219362e-01
0.11400000, 1.98490803546272353954195586370174444919e+00, -9.59197469926724949767673186647646747251e-01, 2.79660073777923988237469729645612293887e+01, 1.93876959207724474747551754313355833955e-02, 4.59883344870332313773409422340177702658e+00, 8.35092473065437689412813274800200452400e-01, 3.5043565644902610e-01, -3.1461219572464833e-01
0.11500000, 1.98510028779363072894996180811679634208e+00, -9.59175521325706176929245363489440877396e-01, 2.79656714236575114276506982136677485375e+01, 1.96001877506460548335514992184376010816e-02, 4.59868522303540730810373582453300425763e+00, 8.35164775357874364220584899584898188986e-01, 3.5096921206766022e-01, -3.1458679144245937e-01
0.11600000, 1.98529291886317157540954358946638257075e+00, -9.59153405842658619261734248284675172102e-01, 2.79653347866806746445880526102286349735e+01, 1.98134185741465109807957678317302564144e-02, 4.59853661733650434477239880951109072176e+00, 8.35237212861355966421984049715407116142e-01, 3.5150442456478739e-01, -3.1456042873415114e-01
0.11700000, 1.98548592903002914170990190525555256426e+00, -9.59131123239465256908249100680292125379e-01, 2.79649974661198320476653352491981308631e+01, 2.00273884162909252698750360048943384277e-02, 4.59838763111228061663259212680991885846e+00, 8.35309785625871674093828818930173139163e-01, 3.5204129694459391e-01, -3.1453310175476672e-01
0.11800000, 1.98567931865410545381721251473314339350e+00, -9.59108673276690661756720966329636513130e-01, 2.79646594612303459132479505101467756779e+01, 2.02420973018536592401374358951856689599e-02, 4.59823826386633234867211869438035158318e+00, 8.35382493701356202003478066702220721668e-01, 3.5257983221302693e-01, -3.1450480462569723e-01
0.11900000, 1.98587308809652463951320958437561247440e+00, -9.59086055713576872583735303159999778877e-01, 2.79643207712649913294176646144369698898e+01, 2.04575452553636479775138235841619634697e-02, 4.59808851510017926405492274732130391555e+00, 8.35455337137688850060419389124324256378e-01, 3.5312003337772158e-01, -3.1447553143451031e-01
0.12000000, 1.98606723771963608067440625277984913401e+00, -9.59063270308039242815595767919876672661e-01, 2.79639813954739502749562117124904799087e+01, 2.06737323011017028148318403234133808291e-02, 4.59793838431325819004147448873049731869e+00, 8.35528315984692541348768254100348360724e-01, 3.5366190344792708e-01, -3.1444527623477772e-01
0.12100000, 1.98626176788701757925098524598307863222e+00, -9.59040316816662260760026306856819347897e-01, 2.79636413331048056687329287013130605294e+01, 2.08906584630977952572478151478615478810e-02, 4.59778787100291662756107071772043955131e+00, 8.35601430292132849667634485480118320707e-01, 3.5420544543443212e-01, -3.1441403304590199e-01
0.12200000, 1.98645667896347853700467093226574383572e+00, -9.59017194994695342160737069173504086993e-01, 2.79633005834025353893733232924815344051e+01, 2.11083237651283220172770078024727199666e-02, 4.59763697466440628424707493491468797668e+00, 8.35674680109717016505583777069517793180e-01, 3.5475066234948915e-01, -3.1438179585294217e-01
0.12300000, 1.98665197131506314906517417178907058688e+00, -9.58993904596048594925888956840458572947e-01, 2.79629591456095062650847005244496800992e+01, 2.13267282307133510429502326743504585138e-02, 4.59748569479087657074475532373165723977e+00, 8.35748065487092957374686964572743500692e-01, 3.5529755720673789e-01, -3.1434855860643868e-01
0.12400000, 1.98684764530905361136508269345459278198e+00, -9.58970445373288555880291751362606825173e-01, 2.79626170189654680335141889058445940452e+01, 2.15458718831138484216648411397336849366e-02, 4.59733403087336806010000388784787399737e+00, 8.35821586473848257428908309759625654684e-01, 3.5584613302112782e-01, -3.1431431522223719e-01
0.12500000, 1.98704370131397334201335252158525981335e+00, -9.58946817077633899389961628280868349449e-01, 2.79622742027075472715137186537064476878e+01, 2.17657547453288860413302962214334087384e-02, 4.59718198240080591003583480302223969665e+00, 8.35895243119509156290835983988516940018e-01, 3.5639639280883980e-01, -3.1427905958131166e-01
0.12600000, 1.98724013969959021666784018080761019549e+00, -9.58923019458951117706445393730655535027e-01, 2.79619306960702412946857110174196697539e+01, 2.19863768400928298894330737433232227294e-02, 4.59702954885999324792216462574443228996e+00, 8.35969035473539522010003204346299791844e-01, 3.5694833958720667e-01, -3.1424278552958635e-01
0.12700000, 1.98743696083691981796760103120467191904e+00, -9.58899052265750172877090863570892865990e-01, 2.79615864982854120265824394201847957761e+01, 2.22077381898725088696622915320128176654e-02, 4.59687672973560451824297130189666759571e+00, 8.36042963585339814075287000974185728365e-01, 3.5750197637463297e-01, -3.1420548687775695e-01
0.12800000, 1.98763416509822869908596612970292906841e+00, -9.58874915245180120066205362827961974891e-01, 2.79612416085822798374312200698221910371e+01, 2.24298388168643640147462251408693847696e-02, 4.59672352451017879236351284489827268561e+00, 8.36117027504246035403103303694276078881e-01, 3.5805730619051362e-01, -3.1416715740111081e-01
0.12900000, 1.98783175285703766146569847999573944766e+00, -9.58850608143024702130797258939345325379e-01, 2.79608960261874173522567817537566598575e+01, 2.26526787429915779731506367598190701129e-02, 4.59656993266411304039886001289473611289e+00, 8.36191227279528673222341854070432344798e-01, 3.5861433205515168e-01, -3.1412779083934614e-01
0.13000000, 1.98802972448812504679781942427880060474e+00, -9.58826130703697915293338663074491097752e-01, 2.79605497503247432282713517032191689479e+01, 2.28762579899011846462825443309690904924e-02, 4.59641595367565536498356021585425433025e+00, 8.36265562960391628776202298920404961062e-01, 3.5917305698967512e-01, -3.1408738089639033e-01
0.13100000, 1.98822808036753004330598724781460811588e+00, -9.58801482670239545752720845259869179618e-01, 2.79602027802155159014021766527685947478e+01, 2.31005765789611588518276105142141022791e-02, 4.59626158702089819674080213247278029937e+00, 8.36340034595971135760303625585625232348e-01, 3.5973348401595252e-01, -3.1404592124021730e-01
0.13200000, 1.98842682087255600639860281392965701240e+00, -9.58776663784310677073297415796361583579e-01, 2.79598551150783273018253754966671143285e+01, 2.33256345312574858878256553224149050108e-02, 4.59610683217377145124799201921192368212e+00, 8.36414642235334667415642779639632890887e-01, 3.6029561615650792e-01, -3.1400340550266392e-01
0.13300000, 1.98862594638177379375111122449925364949e+00, -9.58751673786189168190623831224827065771e-01, 2.79595067541290965383741922166546513149e+01, 2.35514318675912108710568104312972268635e-02, 4.59595168860603564729418335436351572212e+00, 8.36489385927479832194174782981652121662e-01, 3.6085945643443445e-01, -3.1395982727924541e-01
0.13400000, 1.98882545727502511488126411124872990285e+00, -9.58726512414765101871205190593387212170e-01, 2.79591576965810635516888849892081931609e+01, 2.37779686084754677222704549891084953213e-02, 4.59579615578727498622332118261374017281e+00, 8.36564265721333257913975864339844097929e-01, 3.6142500787330715e-01, -3.1391518012896989e-01
0.13500000, 1.98902535393342589528040420819282618942e+00, -9.58701179407536203462257498748666084043e-01, 2.79588079416447827359746495371167892576e+01, 2.40052447741324876697402189850432975620e-02, 4.59564023318489039215577121312528686804e+00, 8.36639281665749464320132944125084756775e-01, 3.6199227349709458e-01, -3.1386945757415183e-01
0.13600000, 1.98922563673936965516413233707907723134e+00, -9.58675674500603229766170488559972171041e-01, 2.79584574885281165292331318325549963167e+01, 2.42332603844905871415709268088864611524e-02, 4.59548392026409251287910127870867992843e+00, 8.36714433809509723966677199449438931379e-01, 3.6256125633006948e-01, -3.1382265310022466e-01
0.13700000, 1.98942630607653090290601685756206033659e+00, -9.58649997428665327873032613131973404085e-01, 2.79581063364362289718322371489231770527e+01, 2.44620154591811349161172956081904678809e-02, 4.59532721648789468119756908632865799318e+00, 8.36789722201320911334046290153771755713e-01, 3.6313195939671838e-01, -3.1377476015555231e-01
0.13800000, 1.98962736232986854321830699371102393715e+00, -9.58624147925015363783240840892525661650e-01, 2.79577544845715792332780891583913726522e+01, 2.46915100175354983987994146099727147779e-02, 4.59517012131710583652824518016762401090e+00, 8.36865146889814340095719069145579503254e-01, 3.6370438572165007e-01, -3.1372577215123984e-01
0.13900000, 1.98982880588562930014391424997113385822e+00, -9.58598125721535220650869308653950619856e-01, 2.79574019321339151070521342429036420400e+01, 2.49217440785819688925164260228662775396e-02, 4.59501263421032340653016359697978586859e+00, 8.36940707923544588446818145558108452219e-01, 3.6427853832950307e-01, -3.1367568246094305e-01
0.14000000, 1.99003063713135115492423037441345175882e+00, -9.58571930548691066477111606993515823618e-01, 2.79570486783202664733755223896590702323e+01, 2.51527176610426657277673178790418314781e-02, 4.59485475462392614855134471779544831508e+00, 8.37016405350988312406619431577597055674e-01, 3.6485442024485200e-01, -3.1362448442067714e-01
0.14100000, 1.99023285645586679880765601650142676364e+00, -9.58545562135528591081741384184697503556e-01, 2.79566947223249387297620269387873602316e+01, 2.53844307833304191174862357133143552459e-02, 4.59469648201206695067697520748843326134e+00, 8.37092239220543047006043696652669561363e-01, 3.6543203449211283e-01, -3.1357217132862433e-01
0.14200000, 1.99043546424930710086402136207613837494e+00, -9.58519020209668212179154953972593646702e-01, 2.79563400633395061892198910017981705582e+01, 2.56168834635456316004891338933615530335e-02, 4.59453781582666559216045858063874604373e+00, 8.37168209580525995270333088624970090076e-01, 3.6601138409544702e-01, -3.1351873644494056e-01
0.14300000, 1.99063846090310459087038861114393703740e+00, -9.58492304497300250384167572184865377542e-01, 2.79559847005528054459621085348330090284e+01, 2.58500757194731179363088283662223379036e-02, 4.59437875551740146301746673385954033614e+00, 8.37244316479172804906235471537710873405e-01, 3.6659247207866457e-01, -3.1346417299156113e-01
0.14400000, 1.99084184680999695733403619558255915419e+00, -9.58465414723180072971331899874241575305e-01, 2.79556286331509287084837627909249944910e+01, 2.60840075685789233130664892901701172243e-02, 4.59421930053170624256152763566816326181e+00, 8.37320559964636332602131184919035465857e-01, 3.6717530146512594e-01, -3.1340847415200537e-01
0.14500000, 1.99104562236403056071873611522593562399e+00, -9.58438350610623206210132787667834276533e-01, 2.79552718603172170998641541502210307427e+01, 2.63186790280071197288892322461735590443e-02, 4.59405945031475653665807715841489956742e+00, 8.37396940084985395848640358612625516128e-01, 3.6775987527764280e-01, -3.1335163307118033e-01
0.14600000, 1.99124978796056396194074870301874158978e+00, -9.58411111881500416096986787404848088828e-01, 2.79549143812322539251505530959940346935e+01, 2.65540901145765804062356372772875841231e-02, 4.59389920430946647347228366507197821922e+00, 8.37473456888203512186344129120908448251e-01, 3.6834619653837767e-01, -3.1329364285518341e-01
0.14700000, 1.99145434399627146620127351403613202823e+00, -9.58383698256232757303537612001962844812e-01, 2.79545561950738579056795123265240284329e+01, 2.67902408447777320973336517232174914578e-02, 4.59373856195648025748432231813338788075e+00, 8.37550110422187625786339905274821088788e-01, 3.6893426826874235e-01, -3.1323449657110401e-01
0.14800000, 1.99165929086914668222241087003844098030e+00, -9.58356109453786590159290010677483161648e-01, 2.79541973010170763801907646275112195271e+01, 2.70271312347692851377683205531450845008e-02, 4.59357752269416468154413204874806076654e+00, 8.37626900734746821268429129129332260046e-01, 3.6952409348929524e-01, -3.1317418724682418e-01
0.14900000, 1.99186462897850609695400588167827898196e+00, -9.58328345191668565485164090919247812146e-01, 2.79538376982341784725878201352553959502e+01, 2.72647613003749411040800405096262317006e-02, 4.59341608595860159673603160072008299377e+00, 8.37703827873601024660805677515884080040e-01, 3.7011567521963740e-01, -3.1311270787081821e-01
0.15000000, 1.99207035872499266581906551520633802331e+00, -9.58300405185920577093079886456972273294e-01, 2.79534773858946482261984579557442319473e+01, 2.75031310570800779300474547098348035388e-02, 4.59325425118358033982190193431377385195e+00, 8.37780891886379691404174054786891305493e-01, 3.7070901647830750e-01, -3.1305005139195123e-01
0.15100000, 1.99227648051057941856575947014214856471e+00, -9.58272289151114681765197826374939829513e-01, 2.79531163631651777043873827270828239836e+01, 2.77422405200284123351325942384896471972e-02, 4.59309201780059011802996042598044516340e+00, 8.37858092820620481302278740990001291436e-01, 3.7130412028267547e-01, -3.1298621071927679e-01
0.15200000, 1.99248299473857308079433728939621252585e+00, -9.58243996800347986524944587557808107470e-01, 2.79527546292096600573723865801042935965e+01, 2.79820897040186394173593335091797342357e-02, 4.59292938523881235095445761817542956547e+00, 8.37935430723767920319869383924571849670e-01, 3.7190098964883502e-01, -3.1292117872183336e-01
0.15300000, 1.99268990181361771122761723415622968643e+00, -9.58215527845237503010445492873085626090e-01, 2.79523921831891825550944210219526444001e+01, 2.82226786235010492616795565238228516676e-02, 4.59276635292511296932991964326140133148e+00, 8.38012905643172049128160859046032470452e-01, 3.7249962759149487e-01, -3.1285494822843985e-01
0.15400000, 1.99289720214169835479402702278239421026e+00, -9.58186881995914968759464031606998681435e-01, 2.79520290242620195859910414970377046018e+01, 2.84640072925741204136545303241645692598e-02, 4.59260292028403467044183875089314494064e+00, 8.38090517626087058296872467639783109896e-01, 3.7310003712386874e-01, -3.1278751202749008e-01
0.15500000, 1.99310489613014471159250255618604145929e+00, -9.58158058961021635213416106196228651581e-01, 2.79516651515836256215217397258265224745e+01, 2.87060757249810900670417475366628954675e-02, 4.59243908673778912993398049192722184881e+00, 8.38168266719669910030946599572657993149e-01, 3.7370222125756413e-01, -3.1271886286674617e-01
0.15600000, 1.99331298418763482180887823177177205359e+00, -9.58129058447703022246481128493823189846e-01, 2.79513005643066281462927253409374478083e+01, 2.89488839341065008126298285137958793311e-02, 4.59227485170624916977072893534444091993e+00, 8.38246152970978946349053949562630168502e-01, 3.7430618300246978e-01, -3.1264899345313094e-01
0.15700000, 1.99352146672419876665373138397063180442e+00, -9.58099880161603639024273976663492240677e-01, 2.79509352615808205536277587881042937905e+01, 2.91924319329727237944058606277309221200e-02, 4.59211021460694088211113069831814507651e+00, 8.38324176426972483599989741415337579811e-01, 3.7491192536664191e-01, -3.1257789645251923e-01
0.15800000, 1.99373034415122238539197378152869513195e+00, -9.58070523806861670994970956020175377901e-01, 2.79505692425531550064306718926186033077e+01, 2.94367197342364581178706921262697655988e-02, 4.59194517485503570884952443265690453836e+00, 8.38402337134507393212053277985842543208e-01, 3.7551945135618906e-01, -3.1250556448952815e-01
0.15900000, 1.99393961688145100853481495976888348158e+00, -9.58040989086103632814199158136483732125e-01, 2.79502025063677352631842408653541844599e+01, 2.96817473501852063540380838455741037707e-02, 4.59177973186334247657585461147909207190e+00, 8.38480635140337668569481389444535870418e-01, 3.7612876397515579e-01, -3.1243199014730629e-01
0.16000000, 1.99414928532899320726505546961811093751e+00, -9.58011275700438987003401855411975757737e-01, 2.79498350521658094689290987916192987190e+01, 2.99275147927337259813631460852054488796e-02, 4.59161388504229938670696687504241385626e+00, 8.38559070491112977908974891232250195439e-01, 3.7673986622540491e-01, -3.1235716596732191e-01
0.16100000, 1.99435934990932455916700288376453566908e+00, -9.57981383349454728139782674824687735311e-01, 2.79494668790857629110653907657289121907e+01, 3.01740220734204566065440410370117868961e-02, 4.59144763379996596053836669986516572383e+00, 8.38637643233377203128315877106636749035e-01, 3.7735276110649846e-01, -3.1228108444914998e-01
0.16200000, 1.99456981103929143033263961322890966393e+00, -9.57951311731209932374308135177590655543e-01, 2.79490979862631107398188847588717787327e+01, 3.04212692034039228038284031078630829069e-02, 4.59128097754201493896409362514440845047e+00, 8.38716353413566964398022451868797229620e-01, 3.7796745161557733e-01, -3.1220373805025823e-01
0.16300000, 1.99478066913711477391600925411512188011e+00, -9.57921060542230272072611575882736365175e-01, 2.79487283728304906532122549917607447609e+01, 3.06692561934591124111322088997275474107e-02, 4.59111391567172413661051957828840291336e+00, 8.38795201078010130465926241392595843705e-01, 3.7858394074723954e-01, -3.1212511918579204e-01
0.16400000, 1.99499192462239394520812730342739054852e+00, -9.57890629477502495371991419883157478314e-01, 2.79483580379176555463812519805594940621e+01, 3.09179830539738301199438029325928455101e-02, 4.59094644758996825012802185919485103419e+00, 8.38874186272924314543486591836271765178e-01, 3.7920223149341712e-01, -3.1204522022835839e-01
0.16500000, 1.99520357791611053330506265354524268706e+00, -9.57860018230468870446032964995533480276e-01, 2.79479869806514661250744644881965370116e+01, 3.11674497949450261946393406364478611802e-02, 4.59077857269521062038260894153725024216e+00, 8.38953309044415355661573671457961833769e-01, 3.7982232684325163e-01, -3.1196403350780856e-01
0.16600000, 1.99541562944063220944217829602980697521e+00, -9.57829226493021594266705351655273170914e-01, 2.79476152001558834831743632965883288461e+01, 3.14176564259751001554779317003414862603e-02, 4.59061029038349494828769029832632458642e+00, 8.39032569438475785382360602011141865868e-01, 3.8044422978296829e-01, -3.1188155131101988e-01
0.16700000, 1.99562807961971659206786313554730683525e+00, -9.57798253955497165652093874224975017209e-01, 2.79472426955519616440762949713354680268e+01, 3.16686029562681792581751383193819303815e-02, 4.59044160004843696401427982667874114217e+00, 8.39111967500983279752862155639576066756e-01, 3.8106794329574870e-01, -3.1179776588167632e-01
0.16800000, 1.99584092887851512873043173233962213708e+00, -9.57767100306670722386222249710257627867e-01, 2.79468694659578400657610655716207831474e+01, 3.19202893946263716015720867471208510057e-02, 4.59027250108121604931600600005357942291e+00, 8.39191503277699096384544339532395775825e-01, 3.8169347036160210e-01, -3.1171266942004803e-01
0.16900000, 1.99605417764357699485221515519585341891e+00, -9.57735765233750342195699692477716197502e-01, 2.79464955104887361093957195164694290629e+01, 3.21727157494459936935241681014728429873e-02, 4.59010299287056681270337048091265544428e+00, 8.39271176814266496542305234960263974444e-01, 3.8232081395723527e-01, -3.1162625408276975e-01
0.17000000, 1.99626782634285300946521393447461660574e+00, -9.57704248422371307366193525475928542419e-01, 2.79461208282569374712960775060219372380e+01, 3.24258820287137723037280155700275129569e-02, 4.58993307480277061719975044721616291731e+00, 8.39350988156209152124992638910499615518e-01, 3.8294997705592089e-01, -3.1153851198261811e-01
0.17100000, 1.99648187540569956798303335442544452324e+00, -9.57672549556590332779979445115803375134e-01, 2.79457454183717945780835494644614758968e+01, 3.26797882400030204307880287052595198288e-02, 4.58976274626164706040967818544641731877e+00, 8.39430937348929537418478253166829736441e-01, 3.8358096262736455e-01, -3.1144943518828791e-01
0.17200000, 1.99669632526288259208417201372601083614e+00, -9.57640668318879757154058304453301810433e-01, 2.79453692799397129448676838708107756342e+01, 3.29344343904697872093940487731219006469e-02, 4.58959200662854540662795444268562411451e+00, 8.39511024437707305501151253690748441822e-01, 3.8421377363757014e-01, -3.1135901572416718e-01
0.17300000, 1.99691117634658149678208671048863037885e+00, -9.57608604390121697256550242188228094039e-01, 2.79449924120641454962848535256985992178e+01, 3.31898204868489815820397481768403798560e-02, 4.58942085528233597071615947102957108369e+00, 8.39591249467697649180525927448350126175e-01, 3.8484841304870390e-01, -3.1126724557011122e-01
0.17400000, 1.99712642909039317475781027052129486814e+00, -9.57576357449602164877284016252112252015e-01, 2.79446148138455848502224097167560344411e+01, 3.34459465354504695582567565380381786814e-02, 4.58924929159940145347111749829957926055e+00, 8.39671612483929646338478557801256254504e-01, 3.8548488381895682e-01, -3.1117411666121544e-01
0.17500000, 1.99734208392933599803125393270601763479e+00, -9.57543927175005146326691351844663982677e-01, 2.79442364843815555640565618425419202585e+01, 3.37028125421551448828723794396134636050e-02, 4.58907731495362822820784637723736488721e+00, 8.39752113531304589561437745155922975851e-01, 3.8612318890240567e-01, -3.1107962088758717e-01
0.17600000, 1.99755814129985383704768233015104482200e+00, -9.57511313242406644235292834545384162143e-01, 2.79438574227666063432311577844514022959e+01, 3.39604185124109729333188451059978437012e-02, 4.58890492471639757827748425734997075452e+00, 8.39832752654594299930649737136285892388e-01, 3.8676333124887234e-01, -3.1098375009411630e-01
0.17700000, 1.99777460163982009725620695726988529933e+00, -9.57478515326268681424223217824330203510e-01, 2.79434776280923022120034516272008049812e+01, 3.42187644512290076645292100137517891386e-02, 4.58873212025657688523862914411869217023e+00, 8.39913529898439424846425980965476642342e-01, 3.8740531380378174e-01, -3.1088649608024479e-01
0.17800000, 1.99799146538854177325750328793703007619e+00, -9.57445533099433266615389817530365152684e-01, 2.79430970994472166461818496701038305181e+01, 3.44778503631793814184492357795100266071e-02, 4.58855890094051076739845501277150763432e+00, 8.39994445307347719759053867309074558805e-01, 3.8804913950801813e-01, -3.1078785059973507e-01
0.17900000, 1.99820873298676352059831740497286807034e+00, -9.57412366233116321747987778730657718650e-01, 2.79427158359169236676795229919833900851e+01, 3.47376762523872674136755844299926645968e-02, 4.58838526613201216843787958017250851458e+00, 8.40075498925692313677813375261033977498e-01, 3.8869481129777978e-01, -3.1068780536043726e-01
0.18000000, 1.99842640487667174529069011282676372271e+00, -9.57379014396901570666210265933820909642e-01, 2.79423338365839899007066650803491221898e+01, 3.49982421225288147291984336460522117609e-02, 4.58821121519235339583295375907317274351e+00, 8.40156690797709958328291916559345033684e-01, 3.8934233210443215e-01, -3.1058635202405537e-01
0.18100000, 1.99864448150189871113419002966410812364e+00, -9.57345477258734388941089887890947078359e-01, 2.79419511005279665894230561581833994886e+01, 3.52595479768270555946809526568862160542e-02, 4.58803674748025710878252107299157841527e+00, 8.40238020967499260826926975995068682566e-01, 3.8999170485435938e-01, -3.1048348220591220e-01
0.18200000, 1.99886296330752666491981208812087967171e+00, -9.57311754484915614587489762771801133968e-01, 2.79415676268253815768714717867078798996e+01, 3.55215938180477847981488665326379594469e-02, 4.58786186235188725535005674483690204366e+00, 8.40319489479018899740431015175738684068e-01, 3.9064293246881419e-01, -3.1037918747471320e-01
0.18300000, 1.99908185074009197959456421155765034307e+00, -9.57277845740095319435328396772843576952e-01, 2.79411834145497312450113420368543000171e+01, 3.57843796484954110203904335803305351279e-02, 4.58768655916083995852544063406926796098e+00, 8.40401096376085824396465407507266329694e-01, 3.9129601786376615e-01, -3.1027345935230920e-01
0.18400000, 1.99930114424758931546613267029844887632e+00, -9.57243750687266540912171825601537208552e-01, 2.79407984627714724156709289524568764804e+01, 3.60479054700087799037804277735571944422e-02, 4.58751083725813435091024553014568681667e+00, 8.40482841702373437310629760965291320944e-01, 3.9195096394974824e-01, -3.1016628931345787e-01
0.18500000, 1.99952084427947579952738575543265135762e+00, -9.57209468987758973992359088505245004346e-01, 2.79404127705580142122351441206501512483e+01, 3.63121712839569686616410144936539001554e-02, 4.58733469599220335772793235717635688099e+00, 8.40564725501409759593519717725740753451e-01, 3.9260777363170181e-01, -3.1005766878558417e-01
0.18600000, 1.99974095128667522298084593141924890177e+00, -9.57175000301232623065842901495150738877e-01, 2.79400263369737098818849748654346785754e+01, 3.65771770912350520326375906325017037900e-02, 4.58715813470888442785813644746859735706e+00, 8.40646747816575579200280050071310907465e-01, 3.9326644980881977e-01, -3.0994758914853953e-01
0.18700000, 1.99996146572158225704363253786153169705e+00, -9.57140344285671413477926201271219181176e-01, 2.79396391610798485782033268343087692194e+01, 3.68429228922598393830785850391919400754e-02, 4.58698115275141021259200403975946360307e+00, 8.40728908691102581883740452486556223066e-01, 3.9392699537438817e-01, -3.0983604173435992e-01
0.18800000, 2.00018238803806668711375040008040739852e+00, -9.57105500597376762489056873369654003414e-01, 2.79392512419346471039609225003059763111e+01, 3.71094086869655827583447365311129659989e-02, 4.58680374946039919180329538963156765380e+00, 8.40811208168071464710868711021554401098e-01, 3.9458941321562597e-01, -3.0972301782702276e-01
0.18900000, 2.00040371869147766537897437192994668226e+00, -9.57070468890961109401807284665137706514e-01, 2.79388625785932416138947192973741009094e+01, 3.73766344747996556830153367737177201348e-02, 4.58662592417384624722771018145893638115e+00, 8.40893646290410032000909761562753273722e-01, 3.9525370621352312e-01, -3.0960850866220261e-01
0.19000000, 2.00062545813864798194995586684749833995e+00, -9.57035248819341404600112037128653840273e-01, 2.79384731701076792772901276900291049323e+01, 3.76446002547182025075861951742680383785e-02, 4.58644767622711318254061213820271309228e+00, 8.40976223100891273542199375493357760248e-01, 3.9591987724267691e-01, -3.0949250542702577e-01
0.19100000, 2.00084760683789835459955482834013631573e+00, -9.56999840033732557243766470334330061679e-01, 2.79380830155269099001771183924585860757e+01, 3.79133060251817580979865017980208064280e-02, 4.58626900495291918992103267078690886933e+00, 8.41058938642131424943247679397619544821e-01, 3.9658792917112644e-01, -3.0937499925982360e-01
0.19200000, 2.00107016524904173719077934265024991518e+00, -9.56964242183640841359099686373117149740e-01, 2.79376921138967775069491091411691092194e+01, 3.81827517841508376623991797979977568087e-02, 4.58608990968133126278751792428597400056e+00, 8.41141792956588009972280268131453632395e-01, 3.9725786486018548e-01, -3.0925598124988479e-01
0.19300000, 2.00129313383338764687609519762483081170e+00, -9.56928454916857260064629072372790129200e-01, 2.79373004642600118812123148318943095912e+01, 3.84529375290814965081715768610941301649e-02, 4.58591038973975455438904949372122914899e+00, 8.41224786086557864738003149013345474998e-01, 3.9792968716427333e-01, -3.0913544243720628e-01
0.19400000, 2.00151651305374651015124913597695773583e+00, -9.56892477879450867668378270582672364149e-01, 2.79369080656562200656720303984180957384e+01, 3.87238632569208595198702899145176473310e-02, 4.58573044445292268193191622616513684747e+00, 8.41307918074175143562921998426153331162e-01, 3.9860339893074400e-01, -3.0901337381224318e-01
0.19500000, 2.00174030337443402784713233104232419623e+00, -9.56856310715762049371397109808129106374e-01, 2.79365149171218778208610934804158040233e+01, 3.89955289641026201477853912782782957305e-02, 4.58555007314288797592104272464580266880e+00, 8.41391188961409306399096058152202685910e-01, 3.9927900299971351e-01, -3.0888976631565733e-01
0.19600000, 2.00196450526127555914359472138739655232e+00, -9.56819953068395758309859978711111410293e-01, 2.79361210176903210425145436411539160519e+01, 3.92679346465425086944251683113719201033e-02, 4.58536927512901167439188924784678599084e+00, 8.41474598790063087634742282703343528051e-01, 3.9995650220388528e-01, -3.0876461083806481e-01
0.19700000, 2.00218911918161052468950626952275482214e+00, -9.56783404578214709665938302927598944334e-01, 2.79357263663917371373932565952731702197e+01, 3.95410802996337296847625413283102008665e-02, 4.58518804972795406170662748087107282376e+00, 8.41558147601770446138625904162488090519e-01, 4.0063589936837374e-01, -3.0863789821978213e-01
0.19800000, 2.00241414560429682891374795152791328795e+00, -9.56746664884332531575442993826516505553e-01, 2.79353309622531563573580855328441886952e+01, 3.98149659182423681041984233109072398297e-02, 4.58500639625366455158586695766944995363e+00, 8.41641835437994496387679239000516582688e-01, 4.0131719731052596e-01, -3.0850961925057134e-01
0.19900000, 2.00263958499971530161220333031752161095e+00, -9.56709733624106872558013774695359267667e-01, 2.79349348042984430914947871189363802882e+01, 4.00895914967027642863952650429485406943e-02, 4.58482431401737171404475756461430581131e+00, 8.41725662340025420521781151290853147418e-01, 4.0200039883974143e-01, -3.0837976466938380e-01
0.20000000, 2.00286543783977415889621090698458798106e+00, -9.56672610433132465193393965719619330016e-01, 2.79345378915482871160887470481580922211e+01, 4.03649570288128572313057242482854785847e-02, 4.58464180232757324589982436480739982111e+00, 8.41809628348978361168104935945886298951e-01, 4.0268550675728986e-01, -3.0824832516410288e-01
0.20100000, 2.00309170459791348358832807324527878149e+00, -9.56635294945234145765071425721115504868e-01, 2.79341402230201948022472490806552131525e+01, 4.06410625078294961318766387494790646746e-02, 4.58445886049002588451040176988732710957e+00, 8.41893733505791294875902319162961555259e-01, 4.0337252385612711e-01, -3.0811529137128538e-01
0.20200000, 2.00331838574910972515164939426616374398e+00, -9.56597786792459829590288707463998254514e-01, 2.79337417977284802809657522191086072099e+01, 4.09179079264637198860471013324189912872e-02, 4.58427548780773526441602466433763418732e+00, 8.41977977851222886001035614168460278225e-01, 4.0406145292070904e-01, -3.0798065387590173e-01
0.20300000, 2.00354548176988021923931512553923055276e+00, -9.56560085605073441753127883464113569416e-01, 2.79333426146842565654333530441225690683e+01, 4.11954932768760043687812557415907487752e-02, 4.58409168358094571652860426870321659836e+00, 8.42062361425850320877998639390480999865e-01, 4.0475229672680348e-01, -3.0784440321107500e-01
0.20400000, 2.00377299313828772695124030011302706155e+00, -9.56522191011547802955057737466385722075e-01, 2.79329426728954266303713141463816339088e+01, 4.14738185506714772369812849474976475467e-02, 4.58390744710713000953566612291853538189e+00, 8.42146884270067122115579621976959289365e-01, 4.0544505804130016e-01, -3.0770652985781867e-01
0.20500000, 2.00400092033394499388549040318310432422e+00, -9.56484102638557470194992887658796421053e-01, 2.79325419713666744481972350159635294843e+01, 4.17528837388951000382137684721633463002e-02, 4.58372277768097903316835638743760030120e+00, 8.42231546424080942850715788479181948630e-01, 4.0613973962201857e-01, -3.0756702424477322e-01
0.20600000, 2.00422926383801932907212656924042744642e+00, -9.56445820110971531988555703569782868410e-01, 2.79321405090994559818061286096783293105e+01, 4.20326888320268173922529670996082064862e-02, 4.58353767459439142298533050439621473487e+00, 8.42316347927911340793469500652265963385e-01, 4.0683634421751387e-01, -3.0742587674794147e-01
0.20700000, 2.00445802413323720387774138176998958155e+00, -9.56407343051846357833852389446433233329e-01, 2.79317382850919901337583450532562531237e+01, 4.23132338199766730124974706989239855076e-02, 4.58335213713646312632102493803626265901e+00, 8.42401288821387531894419439504583637635e-01, 4.0753487456688068e-01, -3.0728307769042263e-01
0.20800000, 2.00468720170388887096930571562206768935e+00, -9.56368671082418301628674120402025145591e-01, 2.79313352983392496516629534831764023265e+01, 4.25945186920798923323518360804813355545e-02, 4.58316616459347690904417802550378214568e+00, 8.42486369144146123464107284455180197321e-01, 4.0823533339955475e-01, -3.0713861734214524e-01
0.20900000, 2.00491679703583300342634762601765205988e+00, -9.56329803822096358741612419063190604774e-01, 2.79309315478329519895438538290096485584e+01, 4.28765434370919314996821626671218529203e-02, 4.58297975624889180276980971631859956052e+00, 8.42571588935628826572510383875860504942e-01, 4.0893772343511265e-01, -3.0699248591959882e-01
0.21000000, 2.00514681061650135409088604369590510227e+00, -9.56290740888454776437134832761880597732e-01, 2.79305270325615501249745423169780951598e+01, 4.31593080431834925004538180862224572892e-02, 4.58279291138333249216519195970008145368e+00, 8.42656948235080147554823873160822751330e-01, 4.0964204738306921e-01, -3.0684467358556420e-01
0.21100000, 2.00537724293490343524494497058173146896e+00, -9.56251481897225617352202195011123687821e-01, 2.79301217515102233317660975741889872735e+01, 4.34428124979355041706405452615906405729e-02, 4.58260562927457864198764150987067590454e+00, 8.42742447081545058448131369121162046823e-01, 4.1034830794267290e-01, -3.0669517044884278e-01
0.21200000, 2.00560809448163121870587797177278022469e+00, -9.56212026462291275719522108135485208495e-01, 2.79297157036608679079915883653986939331e+01, 4.37270567883340688534567667581437415265e-02, 4.58241790919755416348924475472615974706e+00, 8.42828085513866646181821554832697090997e-01, 4.1105650780269904e-01, -3.0654396656398441e-01
0.21300000, 2.00583936574886385643013801444695091699e+00, -9.56172374195676946030024542079465278207e-01, 2.79293088879920878591287291344537707591e+01, 4.40120409007653744569088583979165744540e-02, 4.58222975042431641982087962504595962860e+00, 8.42913863570683740342868464477218649856e-01, 4.1176664964124076e-01, -3.0639105193101409e-01
0.21400000, 2.00607105723037242171653409889743592252e+00, -9.56132524707543043824614380664702713276e-01, 2.79289013034791855361012255845250458711e+01, 4.42977648210105716645862977254326532114e-02, 4.58204115222404537006513249978971840802e+00, 8.42999781290428519335335878094770472035e-01, 4.1247873612549787e-01, -3.0623641649515738e-01
0.21500000, 2.00630316942152467110042364732204628915e+00, -9.56092477606177578302702131446179888034e-01, 2.79284929490941522279978594482108889891e+01, 4.45842285342406160505197067402766610990e-02, 4.58185211386303265152491807591916241260e+00, 8.43085838711324094751690733840460032232e-01, 4.1319276991156341e-01, -3.0608005014656460e-01
0.21600000, 2.00653570281928982703069824781392600714e+00, -9.56052232497988476432437616795134690674e-01, 2.79280838238056587092469593033781442415e+01, 4.48714320250110748468197031774438653012e-02, 4.58166263460467059989179720436583875387e+00, 8.43172035871382073771716650058356912500e-01, 4.1390875364420799e-01, -3.0592194272003378e-01
0.21700000, 2.00676865792224338142183007937732870275e+00, -9.56011788987495858244972047276783392654e-01, 2.79276739265790457410224927155988008052e+01, 4.51593752772568981106779489722764202076e-02, 4.58147271370944120691515149081676176317e+00, 8.43258372808400099403006308368981145037e-01, 4.1462668995666189e-01, -3.0576208399473230e-01
0.21800000, 2.00700203523057192017365715344033377742e+00, -9.55971146677324262992451206524875369483e-01, 2.79272632563763145266565940651141313617e+01, 4.54480582742871540351596345663625616519e-02, 4.58128235043490501519051380228120950340e+00, 8.43344849559959368375180366478436119800e-01, 4.1534658147039483e-01, -3.0560046369391733e-01
0.21900000, 2.00723583524607796875199738252250178368e+00, -9.55930305168194825846796309706376058553e-01, 2.79268518121561171208319120768214288402e+01, 4.57374809987797281460446572337307866433e-02, 4.58109154403568994968247048706645448383e+00, 8.43431466163422126498130527323711373077e-01, 4.1606843079489346e-01, -3.0543707148465499e-01
0.22000000, 2.00747005847218485892359441124750091435e+00, -9.55889264058917404813659192682090011381e-01, 2.79264395928737467923257212467534720661e+01, 4.60276434327759861247827321138487545422e-02, 4.58090029376348008559464388370063220417e+00, 8.43518222655929141292715168505004841237e-01, 4.1679224052743648e-01, -3.0527189697753824e-01
0.22100000, 2.00770470541394161673931210210904042071e+00, -9.55848022946382657533244600733106597891e-01, 2.79260265974811283400762919783427639633e+01, 4.63185455576753999954154052210885774326e-02, 4.58070859886700435219633233808350507871e+00, 8.43605119074397151700447308987144242133e-01, 4.1751801325286746e-01, -3.0510492972640350e-01
0.22200000, 2.00793977657802787185990954116625244424e+00, -9.55806581425554067636974226101263631379e-01, 2.79256128249268083623405552363774757753e+01, 4.66101873542301374110852050318595796794e-02, 4.58051645859202517221242923999504710509e+00, 8.43692155455516294676806432235431749454e-01, 4.1824575154336527e-01, -3.0493615922804603e-01
0.22300000, 2.00817527247275878831914439953838466237e+00, -9.55764939089459920326224541644916118512e-01, 2.79251982741559454787106288254180119674e+01, 4.69025688025396137734987575529345786516e-02, 4.58032387218132703638026229998445290156e+00, 8.43779331835747508470877566897036996653e-01, 4.1897545795821208e-01, -3.0476557492193400e-01
0.22400000, 2.00841119360809001681936943706803432860e+00, -9.55723095529185226836603139862569090223e-01, 2.79247829441103005047552939315116567965e+01, 4.71956898820450069164363807888927393712e-02, 4.58013083887470501277398918317156643726e+00, 8.43866648251319912392072815572201716500e-01, 4.1970713504355894e-01, -3.0459316618992133e-01
0.22500000, 2.00864754049562266865520484620017021037e+00, -9.55681050333863597448435955737189242767e-01, 2.79243668337282265790510222597800253950e+01, 4.74895505715237340821052474817222453784e-02, 4.57993735790895319049415546280191852172e+00, 8.43954104738228162862721983939240536489e-01, 4.2044078533218898e-01, -3.0441892235595923e-01
0.22600000, 2.00888431364860831136128798783688310060e+00, -9.55638803090669062701320168745518358497e-01, 2.79239499419446592423656558838221742149e+01, 4.77841508490838909168164365755280006628e-02, 4.57974342851785305731696541627179721629e+00, 8.44041701332229785553329858336972516479e-01, 4.2117641134327808e-01, -3.0424283268580647e-01
0.22700000, 2.00912151358195398618052184700380813540e+00, -9.55596353384807842467754481456778864330e-01, 2.79235322676911064687563337233347248273e+01, 4.80794906921586522101278581710420875706e-02, 4.57954904993216181089473522010338896819e+00, 8.44129438068842483395287768694280031671e-01, 4.2191401558215307e-01, -3.0406488638673837e-01
0.22800000, 2.00935914081222724744966421439407682264e+00, -9.55553700799510062537989593929213587853e-01, 2.79231138098956386483417403108534106868e+01, 4.83755700775006340992349052754728127915e-02, 4.57935422137960060309589136585308073847e+00, 8.44217314983341420263796111207014097197e-01, 4.2265360054004741e-01, -3.0388507260725451e-01
0.22900000, 2.00959719585766122399952115948123545573e+00, -9.55510844916021418365346766097060699044e-01, 2.79226945674828785215072241235143124834e+01, 4.86723889811762174580085272772561388989e-02, 4.57915894208484271706974437153058740299e+00, 8.44305332110756480121702244084872045140e-01, 4.2339516869385433e-01, -3.0370338043678517e-01
0.23000000, 2.00983567923815970266743078059568120034e+00, -9.55467785313594785618331112963722570747e-01, 2.79222745393739910642997941671533783942e+01, 4.89699473785598321876760009597074574541e-02, 4.57896321126950167661810885561773867971e+00, 8.44393489485869501412884359579145398776e-01, 4.2413872250587745e-01, -3.0351979890539644e-01
0.23100000, 2.01007459147530223402014647525057365397e+00, -9.55424521569481777182918435022259257819e-01, 2.79218537244866733247684546333321255612e+01, 4.92682452443282021237127584785163858930e-02, 4.57876702815211928745265552347322714159e+00, 8.44481787143211486491716322733453885234e-01, 4.2488426442357874e-01, -3.0333431698349413e-01
0.23200000, 2.01031393309234926038565304761107206408e+00, -9.55381053258924246255419671120494460867e-01, 2.79214321217351442100037782299024087247e+01, 4.95672825524545502710639787857770431123e-02, 4.57857039194815360991366833647900875331e+00, 8.44570225117059785873030795029821765232e-01, 4.2563179687932394e-01, -3.0314692358152629e-01
0.23300000, 2.01055370461424726629287383625909722290e+00, -9.55337379955145735163325192009391439353e-01, 2.79210097300301342236290491368921885145e+01, 4.98670592762027640773420174271067188414e-02, 4.57837330186996686272264083779786339230e+00, 8.44658803441435257084857969222021610171e-01, 4.2638132229012529e-01, -3.0295760754968455e-01
0.23400000, 2.01079390656763395141865268064248915529e+00, -9.55293501229342869548501845880183647006e-01, 2.79205865482788751534937263856747886503e+01, 5.01675753881215204511498945910266333135e-02, 4.57817575712681325733787903749985457206e+00, 8.44747522150099397904054666736111500195e-01, 4.2713284305738167e-01, -3.0276635767760405e-01
0.23500000, 2.01103453948084342614182092452208657978e+00, -9.55249416650676697544058634873508144507e-01, 2.79201625753850897093183877239201942462e+01, 5.04688308600383702301617350209904798869e-02, 4.57797775692482676247898415383580730505e+00, 8.44836381276551453752753124296309703464e-01, 4.2788636156661594e-01, -3.0257316269406218e-01
0.23600000, 2.01127560388391142980458675442201291680e+00, -9.55205125786263973573111853102060388401e-01, 2.79197378102489811100387126345365276424e+01, 5.07708256630537818010480052905960554260e-02, 4.57777930046700879838276660364382672849e+00, 8.44925380854025499031350251720447896313e-01, 4.2864188018720970e-01, -3.0237801126667595e-01
0.23700000, 2.01151710030858057178191196498333634197e+00, -9.55160628201168386394567158099028040415e-01, 2.79193122517672226205944510459824746255e+01, 5.10735597675351435707663704452880753801e-02, 4.57758038695321586034979266759286879789e+00, 8.45014520915487492161526204489249433135e-01, 4.2939940127213522e-01, -3.0218089200159814e-01
0.23800000, 2.01175902928830559545996970499939782306e+00, -9.55115923458391731017894081339845672923e-01, 2.79188858988329470379077013257256874729e+01, 5.13770331431107249861477366185863329173e-02, 4.57738101558014707113738695675437094126e+00, 8.45103801493632304110525505593768067715e-01, 4.3015892715768467e-01, -3.0198179344321208e-01
0.23900000, 2.01200139135825866522520586088365102424e+00, -9.55071011118865024105697608713979397763e-01, 2.79184587503357361257931873094632018877e+01, 5.16812457586635957960912994243065621053e-02, 4.57718118554133166175150690461304776630e+00, 8.45193222620880720165654390622867384890e-01, 4.3092046016319651e-01, -3.0178070407382519e-01
0.24000000, 2.01224418705533467656595645081678606354e+00, -9.55025890741439562479691374209656418137e-01, 2.79180308051616099985415793066969522150e+01, 5.19861975823255032480419171538045397504e-02, 4.57698089602711638018646972901885159305e+00, 8.45282784329376414725644253786506859099e-01, 4.3168400259077910e-01, -3.0157761231336117e-01
0.24100000, 2.01248741691815658938900370457240973578e+00, -9.54980561882877924342447401770633273174e-01, 2.79176020621930164529152481585215626547e+01, 5.22918885814707069077576074337619649897e-02, 4.57678014622465282765804737482314694362e+00, 8.45372486650982898873202752650789609770e-01, 4.3244955672503144e-01, -3.0137250651905093e-01
0.24200000, 2.01273108148708078465388436205327206448e+00, -9.54935024097844912824037889888313992010e-01, 2.79171725203088202482941744256430866189e+01, 5.25983187227097707886841572697650722722e-02, 4.57657893531788472187195058022204290644e+00, 8.45462329617280440490720994157064253234e-01, 4.3321712483276112e-01, -3.0116537498512220e-01
0.24300000, 2.01297518130420244442819510818300709200e+00, -9.54889276938898441459394946002722025993e-01, 2.79167421783842923347080565727736067570e+01, 5.29054879718833124745374673973420893268e-02, 4.57637726248753508686619912541387732786e+00, 8.45552313259562956678726978627615747944e-01, 4.3398670916269924e-01, -3.0095620594248784e-01
0.24400000, 2.01321971691336095546757194255372456035e+00, -9.54843319956480361198894124553919364370e-01, 2.79163110352910990284889725081596017724e+01, 5.32133962940557089159520474668074742306e-02, 4.57617512691109336896232123537487391192e+00, 8.45642437608834878234271822737541021711e-01, 4.3475831194521254e-01, -3.0074498755843287e-01
0.24500000, 2.01346468886014533642445262793718013386e+00, -9.54797152698907228551316781210840467572e-01, 2.79158790898972911352772479520761058326e+01, 5.35220436535087585792857604393899572483e-02, 4.57597252776280247835674073068582690320e+00, 8.45732702695807985944005913810798627673e-01, 4.3553193539201249e-01, -3.0053170793630014e-01
0.24600000, 2.01371009769189968879016414046893929163e+00, -9.54750774712361014454964300326859503520e-01, 2.79154463410672930201114727630784053237e+01, 5.38314300137352996228762010223415929529e-02, 4.57576946421364575588009555969823805298e+00, 8.45823108550898218444246759319895263758e-01, 4.3630758169586148e-01, -3.0031635511517477e-01
0.24700000, 2.01395594395772867167531022327071167584e+00, -9.54704185540879753469283853162918323091e-01, 2.79150127876618916243318824625206773769e+01, 5.41415553374327837732226990444164416646e-02, 4.57556593543133386444858550714735321085e+00, 8.45913655204222451397858576207013584985e-01, 4.3708525303027591e-01, -3.0009891706956722e-01
0.24800000, 2.01420222820850300053386769094772495207e+00, -9.54657384726348132875920167175903789012e-01, 2.79145784285382254290245866826445872217e+01, 5.44524195864968055707195760230572522598e-02, 4.57536194058029160472776986074579661912e+00, 8.46004342685595247735255299649391419258e-01, 4.3786495154922636e-01, -2.9987938170909507e-01
0.24900000, 2.01444895099686496993683401043384946332e+00, -9.54610371808488021274630494103234134957e-01, 2.79141432625497733647323790371719486264e+01, 5.47640227220145866516906600380896453057e-02, 4.57515747882164465452552732734066996227e+00, 8.46095171024525578704303361132351674080e-01, 4.3864667938683459e-01, -2.9965773687816356e-01
0.25000000, 2.01469611287723400050170285887574693004e+00, -9.54563146324848936255990215160384758272e-01, 2.79137072885463436671561038910070207820e+01, 5.50763647042584147305718851808527202009e-02, 4.57495254931320623142715021974110772022e+00, 8.46186140250213515471337967999846012553e-01, 4.3943043865706752e-01, -2.9943397035564472e-01
0.25100000, 2.01494371440581221008447879562120356715e+00, -9.54515707810798450729273969896952224694e-01, 2.79132705053740626785687846020080745229e+01, 5.53894454926790369431577685643610053529e-02, 4.57474715120946367818177257697474906144e+00, 8.46277250391546891012916383657744026717e-01, 4.4021623145342805e-01, -2.9920806985455524e-01
0.25200000, 2.01519175614059000934137684601603825730e+00, -9.54468055799512537480321491582700661286e-01, 2.79128329118753635946629349369039769880e+01, 5.57032650458990072088683678800421661190e-02, 4.57454128366156497034552712392671016025e+00, 8.46368501477097932035313527685614493001e-01, 4.4100405984864277e-01, -2.9898002302173310e-01
0.25300000, 2.01544023864135172176778764184904330296e+00, -9.54420189821965851530588122783077633458e-01, 2.79123945068889751565496804388244396413e+01, 5.60178233217059872670056698929708161175e-02, 4.57433494581730514568298850719678403366e+00, 8.46459893535119860656118752327420624695e-01, 4.4179392589434645e-01, -2.9874981743751274e-01
0.25400000, 2.01568916246968122832252375824903039336e+00, -9.54372109406921949864936912257824226713e-01, 2.79119552892499102876265094585302729464e+01, 5.63331202770460010389519355587175027695e-02, 4.57412813682111265482458974541286348452e+00, 8.46551426593543465579617565860810889945e-01, 4.4258583162076336e-01, -2.9851744061539909e-01
0.25500000, 2.01593852818896763674579799005156386887e+00, -9.54323814080923448092051896505710741068e-01, 2.79115152577894546750286542676519043042e+01, 5.66491558680166419652170174067905976839e-02, 4.57392085581403563267379498364606061027e+00, 8.46643100679973642494938019428060641923e-01, 4.4337977903638529e-01, -2.9828288000174020e-01
0.25600000, 2.01618833636441097567981948160243141669e+00, -9.54275303368282113597640279963411036000e-01, 2.79110744113351552953772710618794832017e+01, 5.69659300498602329631667525129523316390e-02, 4.57371310193372809005387411908452771353e+00, 8.46734915821685903423208102784583415188e-01, 4.4417577012764639e-01, -2.9804612297539854e-01
0.25700000, 2.01643858756302791370132882118685604130e+00, -9.54226576791068894746844376523619497474e-01, 2.79106327487108088845357436463327717491e+01, 5.72834427769569386481598990299874229814e-02, 4.57350487431443602508015334141249378771e+00, 8.46826872045622854737207452250275032166e-01, 4.4497380685859463e-01, -2.9780715684742110e-01
0.25800000, 2.01668928235365750337582839233528132650e+00, -9.54177633869103885688501986783805815052e-01, 2.79101902687364503510835790849363052588e+01, 5.76016940028178294576864012782211286158e-02, 4.57329617208698345373960977561837605667e+00, 8.46918969378390643574203602468165105848e-01, 4.4577389117055998e-01, -2.9756596886070809e-01
0.25900000, 2.01694042130696695044369939573756186954e+00, -9.54128474119946226310075980973689554236e-01, 2.79097469702283411332154945006218564973e+01, 5.79206836800778973149347093369315811821e-02, 4.57308699437875835915563789292717917570e+00, 8.47011207846255372359839549217488041072e-01, 4.4657602498181917e-01, -2.9732254618968038e-01
0.26000000, 2.01719200499545740824883197296945549381e+00, -9.54079097058883936888219853064653965268e-01, 2.79093028519989574987714124430854919235e+01, 5.82404117604890224650201115074475573220e-02, 4.57287734031369855901173982938014281165e+00, 8.47103587475139481158085165560836559752e-01, 4.4738021018725716e-01, -2.9707687593994561e-01
0.26100000, 2.01744403399346979752082973124325399166e+00, -9.54029502198923686976055518834772672264e-01, 2.79088579128569787881011877045709105497e+01, 5.85608781949128911138792255257406796502e-02, 4.57266720901227749060378087984676051798e+00, 8.47196108290618097559379655258659091815e-01, 4.4818644865802503e-01, -2.9682894514796305e-01
0.26200000, 2.01769650887719065162228464043588091277e+00, -9.53979689050780498064312256755705740955e-01, 2.79084121516072755994659810700842123990e+01, 5.88820829333138634965775965273873452461e-02, 4.57245659959148991298630487290344592367e+00, 8.47288770317915353816175357985452010990e-01, 4.4899474224119457e-01, -2.9657874078070706e-01
0.26300000, 2.01794943022465798737305270215293796688e+00, -9.53929657122867379549511037939496854834e-01, 2.79079655670508979166762751443356523932e+01, 5.92040259247517919984874219511121781547e-02, 4.57224551116483752567422153033482956352e+00, 8.47381573581900670932144457781923306017e-01, 4.4980509275940929e-01, -2.9632624973532940e-01
0.26400000, 2.01820279861576720156389492689771912880e+00, -9.53879405921284897538376157781051093944e-01, 2.79075181579850631786645940107357795953e+01, 5.95267071173747889494704170941704936849e-02, 4.57203394284231450335695892158440652126e+00, 8.47474518107085009408329101680911665910e-01, 4.5061750201053190e-01, -2.9607145883882006e-01
0.26500000, 2.01845661463227699327228194976225488632e+00, -9.53828934949810676013615660330900121890e-01, 2.79070699232031442906890419545463665864e+01, 5.98501264584119437078463969791294848739e-02, 4.57182189373039294607791838212582486047e+00, 8.47567603917617086346501716737472960745e-01, 4.5143197176728829e-01, -2.9581435484766695e-01
0.26600000, 2.01871087885781531209359401654389949541e+00, -9.53778243709888829882133124973945564388e-01, 2.79066208614946575768618167288143953156e+01, 6.01742838941659886475409233669202881964e-02, 4.57160936293200824432777641547453930292e+00, 8.47660831037279558606955522767891439725e-01, 4.5224850377690788e-01, -2.9555492444751422e-01
0.26700000, 2.01896559187788533240138102876348352048e+00, -9.53727331700619329422615546917322087135e-01, 2.79061709716452506736948797634265494111e+01, 6.04991793700059136583849886426082044840e-02, 4.57139634954654435849584777760349170883e+00, 8.47754199489485171714864971683209232397e-01, 4.5306709976076036e-01, -2.9529315425281927e-01
0.26800000, 2.01922075427987145375077979449157690358e+00, -9.53676198418747295645284866587351234273e-01, 2.79057202524366903643529792193502763143e+01, 6.08248128303595287660858150153916507599e-02, 4.57118285266981901211935578217501285074e+00, 8.47847709297272874206241693771099320970e-01, 4.5388776141398874e-01, -2.9502903080650851e-01
0.26900000, 2.01947636665304532753961753775132648070e+00, -9.53624843358652226072403761558741135498e-01, 2.79052687026468503533022217761242249282e+01, 6.11511842187059744749000676817339087960e-02, 4.57096887139406879836604949363613097587e+00, 8.47941360483303897101363082595338650301e-01, 4.5471049040513879e-01, -2.9476254057963181e-01
0.27000000, 2.01973242958857191004216201691114561180e+00, -9.53573266012337150443889176253805231304e-01, 2.79048163210496989810403754145840548711e+01, 6.14782934775681794325187394715135322083e-02, 4.57075440480793419918116251725532452463e+00, 8.48035153069857798190367483805039251698e-01, 4.5553528837578465e-01, -2.9449366997101568e-01
0.27100000, 2.01998894367951554193090923501410477762e+00, -9.53521465869417715848109292361913376072e-01, 2.79043631064152868785930581217263010024e+01, 6.18061405485052650131162826452661794634e-02, 4.57053945199644451652522417099663524308e+00, 8.48129087078828470812491643957241535933e-01, 4.5636215694015077e-01, -2.9422240530691511e-01
0.27200000, 2.02024590952084605440222963424921928785e+00, -9.53469442417111200773620794519602997787e-01, 2.79039090575097345614579263029981352491e+01, 6.21347253721048964109248569310302969765e-02, 4.57032401204100271512471055005856028595e+00, 8.48223162531720116807172192677441351525e-01, 4.5719109768473000e-01, -2.9394873284066419e-01
0.27300000, 2.02050332770944490202212279329446058621e+00, -9.53417195140225457573242913744572921138e-01, 2.79034541730952199626769216410366769291e+01, 6.24640478879755798330674428966680480927e-02, 4.57010808401937017615295998316539902823e+00, 8.48317379449643183311943038591816848817e-01, 4.5802211216789785e-01, -2.9367263875232542e-01
0.27400000, 2.02076119884411132240875892927408788246e+00, -9.53364723521147782827462382552130754044e-01, 2.79029984519299659047145660902567212075e+01, 6.27941080347389053767206429193868101378e-02, 4.56989166700565136125417423834394301955e+00, 8.48411737853310263078734214115319775956e-01, 4.5885520191952293e-01, -2.9339410914833772e-01
0.27500000, 2.02101952352556852286891288345039584026e+00, -9.53312027039833715089718652285022971766e-01, 2.79025418927682275098182115443951852545e+01, 6.31249057500217351719788601033982886436e-02, 4.56967476007027838631868316879779426560e+00, 8.48506237763031957976814458113879348903e-01, 4.5969036844057341e-01, -2.9311313006116322e-01
0.27600000, 2.02127830235646989410582267801741580370e+00, -9.53259105173795759491631041134193542741e-01, 2.79020844943602795485340533592646205621e+01, 6.34564409704483363680558054028236473224e-02, 4.56945736227999550441296589619880796535e+00, 8.48600879198712705347219224422620797853e-01, 4.6052761320271960e-01, -2.9282968744893272e-01
0.27700000, 2.02153753594140525111643010558872634640e+00, -9.53205957398092038681698431216215804368e-01, 2.79016262554524037260506052550524813091e+01, 6.37887136316324585366865268869356595893e-02, 4.56923947269784349726319570453899579567e+00, 8.48695662179846566870067387857062618673e-01, 4.6136693764793257e-01, -2.9254376719508989e-01
0.27800000, 2.02179722488690710139638508685546371659e+00, -9.53152583185314869566427239846564569027e-01, 2.79011671747868759060392070604381758343e+01, 6.41217236681693550627829694922792831425e-02, 4.56902109038314397468630815356087867477e+00, 8.48790586725512979602693221189686570682e-01, 4.6220834318807866e-01, -2.9225535510803427e-01
0.27900000, 2.02205736980145694057161863766328821467e+00, -9.53098982005579265318224173021685580630e-01, 2.79007072511019532716589961929018633152e+01, 6.44554710136277480885480406241759261497e-02, 4.56880221439148358135778210323887493545e+00, 8.48885652854372468843004763805925852961e-01, 4.6305183120451004e-01, -2.9196443692076287e-01
0.28000000, 2.02231797129549157557571115516698677000e+00, -9.53045153326511362109726241507737625718e-01, 2.79002464831318614233916185935879703247e+01, 6.47899556005417365733668533426269518775e-02, 4.56858284377469811030047095189189454485e+00, 8.48980860584662322468925016272582936586e-01, 4.6389740304765114e-01, -2.9167099829051067e-01
0.28100000, 2.02257902998140947549270329300751782526e+00, -9.52991096613236770029531189359327526518e-01, 2.78997848696067814133687849480879405976e+01, 6.51251773604026470278688161303052228826e-02, 4.56836297758085652247392600783318190940e+00, 8.49076209934192226401177989271201365583e-01, 4.6474506003658093e-01, -2.9137502479838973e-01
0.28200000, 2.02284054647357715018541587531874110743e+00, -9.52936811328368847629536352727483360074e-01, 2.78993224092528367158535933230514210696e+01, 6.54611362236508264765901026499386869056e-02, 4.56814261485424487183871511101287912580e+00, 8.49171700920339860833047018149772786331e-01, 4.6559480345861107e-01, -2.9107650194902715e-01
0.28300000, 2.02310252138833555682976302494128835969e+00, -9.52882296931996899549292528993817301657e-01, 2.78988591007920801335343397285590570509e+01, 6.57978321196673771996623273614336071971e-02, 4.56792175463535013526525696527408732537e+00, 8.49267333560046456867057426970652741950e-01, 4.6644663456885985e-01, -2.9077541517020170e-01
0.28400000, 2.02336495534400653447595887703146532548e+00, -9.52827552881674296657931181999615921728e-01, 2.78983949429424806392873234730354034057e+01, 6.61352649767658327999095288692459539474e-02, 4.56770039596084394665166469735018735980e+00, 8.49363107869812313194819082886877072046e-01, 4.6730055458982187e-01, -2.9047174981247925e-01
0.28500000, 2.02362784896089926675793283820618862918e+00, -9.52772578632406518149327721636253275178e-01, 2.78979299344179101530629244058957747971e+01, 6.64734347221837751376513723951072863691e-02, 4.56747853786356623461002048458490701145e+00, 8.49459023865692272452506110634161730297e-01, 4.6815656471093344e-01, -2.9016549114884697e-01
0.28600000, 2.02389120286131677287268125470167020537e+00, -9.52717373636639115021220152255448396345e-01, 2.78974640739281302535469841372620183552e+01, 6.68123412820743916713853702365409123248e-02, 4.56725617937250876307538624378653804023e+00, 8.49555081563291156880650518616715952957e-01, 4.6901466608813367e-01, -2.8985662437434626e-01
0.28700000, 2.02415501766956242695169449029107886043e+00, -9.52661937344245594364010554806009101869e-01, 2.78969973601787788242472629775131478985e+01, 6.71519845814979727383544232471786416294e-02, 4.56703331951279857418669289803209516162e+00, 8.49651280977759162913083196188300679513e-01, 4.6987485984342118e-01, -2.8954513460570448e-01
0.28800000, 2.02441929401194650594700770372546135996e+00, -9.52606269202515223879936116417177938696e-01, 2.78965297918713566336524685451305561292e+01, 6.74923645444133483047976403065651776890e-02, 4.56680995730568133278344218112696161709e+00, 8.49747622123787214315969142840183294120e-01, 4.7073714706440640e-01, -2.8923100688096544e-01
0.28900000, 2.02468403251679276615483097229362776556e+00, -9.52550368656140756048206205898391864528e-01, 2.78960613677032138491090606416373496302e+01, 6.78334810936692637114317236791056243546e-02, 4.56658609176850457185689984036727064796e+00, 8.49844105015602273493953343411392677773e-01, 4.7160152880385947e-01, -2.8891422615911867e-01
0.29000000, 2.02494923381444504850011974700738453319e+00, -9.52494235147206071346561765255983764496e-01, 2.78955920863675364840587299792119414044e+01, 6.81753341509956939354167374574277959022e-02, 4.56636172191470083828915699181060880208e+00, 8.49940729666962610576458861085440212073e-01, 4.7246800607925359e-01, -2.8859477731972749e-01
0.29100000, 2.02521489853727391270584985834666685604e+00, -9.52437868115173739934522490068971718341e-01, 2.78951219465533327782771255609850080143e+01, 6.85179236369950958857233193468789116207e-02, 4.56613684675377073820808679794005883680e+00, 8.50037496091153029893158926318765069498e-01, 4.7333657987230387e-01, -2.8827264516255587e-01
0.29200000, 2.02548102731968330047116233001898178223e+00, -9.52381266996872501198345342843422600061e-01, 2.78946509469454195107520668467283915681e+01, 6.88612494711335982444378622346371179741e-02, 4.56591146529126588128082609979235405958e+00, 8.50134404300980053443579491871999624191e-01, 4.7420725112850163e-01, -2.8794781440719405e-01
0.29300000, 2.02574762079811722778294201047324184884e+00, -9.52324431226484660552424313806250629545e-01, 2.78941790862244082448371221776528657195e+01, 6.92053115717321283621173845330295351077e-02, 4.56568557652877172326296566351924337146e+00, 8.50231454308767060961677331010707592265e-01, 4.7508002075664406e-01, -2.8762026969268303e-01
0.29400000, 2.02601467961106650648579040469682276577e+00, -9.52267360235533402886515436543734188826e-01, 2.78937063630666915053140641728054163980e+01, 6.95501098559574757108362242167322770911e-02, 4.56545917946389030611513780892887348220e+00, 8.50328646126349386172080699130722550319e-01, 4.7595488962835920e-01, -2.8728999557713781e-01
0.29500000, 2.02628220439907549523574698687949624454e+00, -9.52210053452870022042772297893088461348e-01, 2.78932327761444288869953258349725882842e+01, 6.98956442398132913940518215175695114117e-02, 4.56523227309022289499314588347723675015e+00, 8.50425979765069368830474272049858488479e-01, 4.7683185857762631e-01, -2.8695697653736948e-01
0.29600000, 2.02655019580474887996350460059926600281e+00, -9.52152510304661065701125061833756372726e-01, 2.78927583241255330944951778043538063179e+01, 7.02419146381310232078561837474852423599e-02, 4.56500485639735251141218583275205953905e+00, 8.50523455235771362136356922461838289338e-01, 4.7771092840029137e-01, -2.8662119696850613e-01
0.29700000, 2.02681865447275848397325320797216378193e+00, -9.52094730214375395046029757799464042304e-01, 2.78922830056736559127959274612916458891e+01, 7.05889209645607857435726305698800577744e-02, 4.56477692837082636188006549559115099819e+00, 8.50621072548796695102099296883120466901e-01, 4.7859209985357791e-01, -2.8628264118361256e-01
0.29800000, 2.02708758104985010780367213131875988913e+00, -9.52036712602771158582053659469141653740e-01, 2.78918068194481741082330042921866357108e+01, 7.09366631315621650170035705538290237589e-02, 4.56454848799213816128863171099363844720e+00, 8.50718831713978589457877497874422411593e-01, 4.7947537365559292e-01, -2.8594129341330890e-01
0.29900000, 2.02735697618485039897797393681101156771e+00, -9.51978456887882679460146387847207392798e-01, 2.78913297641041752595203429819645909172e+01, 7.12851410503949571049338246982405127391e-02, 4.56431953423871035034686835175208339260e+00, 8.50816732740637030667658841020013734858e-01, 4.8036075048482796e-01, -2.8559713780538796e-01
0.30000000, 2.02762684052867375177028313357787852067e+00, -9.51919962485007255670774291888952947626e-01, 2.78908518382924435184350059681203889428e+01, 7.16343546311098402647448477370844151277e-02, 4.56409006608387620633332947747452400194e+00, 8.50914775637573592626965015205666891602e-01, 4.8124823097965528e-01, -2.8525015842443156e-01
0.30100000, 2.02789717473432923711600979595588895986e+00, -9.51861228806691872454367062964473255272e-01, 2.78903730406594452997775005708858841606e+01, 7.19843037825389800081975545323529536320e-02, 4.56386008249686184643972040291244029147e+00, 8.51012960413066215608636391601511763089e-01, 4.8213781573781901e-01, -2.8490033925142562e-01
0.30200000, 2.02816797945692756279425195080296421322e+00, -9.51802255262719826273739790202263907226e-01, 2.78898933698473149002217421863537821617e+01, 7.23349884122865665955947809004412383525e-02, 4.56362958244276812297153507604736054737e+00, 8.51111287074863937018268056094629393937e-01, 4.8302950531592131e-01, -2.8454766418337418e-01
0.30300000, 2.02843925535368806401063099358047668612e+00, -9.51743041260097259687310118440917607969e-01, 2.78894128244938400456660942787699933409e+01, 7.26864084267192844116381329482784324636e-02, 4.56339856488255240966570021818120571593e+00, 8.51209755630181574516382727476336990199e-01, 4.8392330022890352e-01, -2.8419211703291226e-01
0.30400000, 2.02871100308394572450933139143413571760e+00, -9.51683586203039606456028177378760562357e-01, 2.78889314032324473666943779184681250454e+01, 7.30385637309567126793475364446240153994e-02, 4.56316702877301027837916465340312627236e+00, 8.51308366085694361059747406167473818920e-01, 4.8481920094952211e-01, -2.8383368152791764e-01
0.30500000, 2.02898322330915822834347938156214577823e+00, -9.51623889492957946210975849677182252435e-01, 2.78884491046921878017531882662969568544e+01, 7.33914542288616569634146107260911494998e-02, 4.56293497306675706539630559939278118264e+00, 8.51407118447532531409528703170335509846e-01, 4.8571720790781957e-01, -2.8347234131112149e-01
0.30600000, 2.02925591669291304243335515910505100340e+00, -9.51563950528445268002571069159653216385e-01, 2.78879659274977219276492825865766557478e+01, 7.37450798230304109093124756227219510591e-02, 4.56270239671220932659690185166568352949e+00, 8.51506012721275859649215644450384306080e-01, 4.8661732149059000e-01, -2.8310807993971794e-01
0.30700000, 2.02952908390093453004228904849711845008e+00, -9.51503768705262642046231511444108161129e-01, 2.78874818702693052169682139607644639865e+01, 7.40994404147829476593841629479042927680e-02, 4.56246929865356618072024620907321563008e+00, 8.51605048911948147250417640789204842335e-01, 4.8751954204083958e-01, -2.8274088088497258e-01
0.30800000, 2.02980272560109109530044424102275941133e+00, -9.51443343416325298973209573500101438357e-01, 2.78869969316227732220127767547334532154e+01, 7.44545359041530403819788467697766951256e-02, 4.56223567783079053995473559347323375238e+00, 8.51704227024011661219768556416494104566e-01, 4.8842386985724157e-01, -2.8237072753182980e-01
0.30900000, 2.03007684246340235890703673198046953731e+00, -9.51382674051688615889106242326536102736e-01, 2.78865111101695266848572039449570710987e+01, 7.48103661898783113444990218728130156080e-02, 4.56200153317959022707598653858154281440e+00, 8.51803547061361521855234690771179160151e-01, 4.8933030519358614e-01, -2.8199760317851916e-01
0.31000000, 2.03035143516004636514188697349663833434e+00, -9.51321759998534008536304624120263703609e-01, 2.78860244045165165731104125135119113896e+01, 7.51669311693902089559619326983261201404e-02, 4.56176686363139897835017548338086689997e+00, 8.51903009027320039635134286004068210994e-01, 4.9023884825822465e-01, -2.8162149103616065e-01
0.31100000, 2.03062650436536682031753734109538751946e+00, -9.51260600641154728850233833077774931433e-01, 2.78855368132662290409789311587072416264e+01, 7.55242307388039121993643629448067659378e-02, 4.56153166811335733141289701899512556298e+00, 8.52002612924631000758128157706489836487e-01, 4.9114949921350860e-01, -2.8124237422836892e-01
0.31200000, 2.03090205075588036280350465832696908898e+00, -9.51199195360941567192979903556065766451e-01, 2.78850483350166703152174644168555711045e+01, 7.58822647929081618687707082814128127511e-02, 4.56129594554829339732736831306237902174e+00, 8.52102358755453900847334477013833803902e-01, 4.9206225817522302e-01, -2.8086023579085646e-01
0.31300000, 2.03117807501028386475456759600744714949e+00, -9.51137543536368458541301661893779435291e-01, 2.78845589683613515055523488302407785724e+01, 7.62410332251550180206194325815836103664e-02, 4.56105969485470351601928377424978129030e+00, 8.52202246521358126326554857510112353963e-01, 4.9297712521201429e-01, -2.8047505867103577e-01
0.31400000, 2.03145457780946176567531462000632784350e+00, -9.51075644542977991899585336779477656502e-01, 2.78840687118892733391604399052459541652e+01, 7.66005359276495430432619048394447990712e-02, 4.56082291494673279427904001692177329149e+00, 8.52302276223317082971372958549789491479e-01, 4.9389410034481244e-01, -2.8008682572762051e-01
0.31500000, 2.03173155983649343795349916022005622507e+00, -9.51013497753366822201681352384177007347e-01, 2.78835775641849108187832331609058909802e+01, 7.69607727911394097432095743149490372093e-02, 4.56058560473415552551540673067746849371e+00, 8.52402447861702271132600035335766808444e-01, 4.9481318354624772e-01, -2.7969551973022567e-01
0.31600000, 2.03200902177666058449506466661897718884e+00, -9.50951102537170983958909479870040166650e-01, 2.78830855238281978040532684493967537455e+01, 7.73217437050044338409698018782217095929e-02, 4.56034776312235549043801353332008159977e+00, 8.52502761436277307124193462123501915294e-01, 4.9573437474006153e-01, -2.7930112335896671e-01
0.31700000, 2.03228696431745466859401305627491462431e+00, -9.50888458261051105904793554122462655512e-01, 2.78825925893945115156070938132368361476e+01, 7.76834485572460302636967538726169659547e-02, 4.56010938901230613783925566376217518906e+00, 8.52603216946191890262363434027290280651e-01, 4.9665767380051151e-01, -2.7890361920405778e-01
0.31800000, 2.03256538814858437617059558521944338387e+00, -9.50825564288677525880293517729140145653e-01, 2.78820987594546569615562733058455153422e+01, 7.80458872344765926161709003221339391008e-02, 4.55987048130055064463939182142288157099e+00, 8.52703814389975715037109009674373959066e-01, 4.9758308055177092e-01, -2.7850298976540889e-01
0.31900000, 2.03284429396198311051160524487526803579e+00, -9.50762419980715305196439847637820397922e-01, 2.78816040325748512858851123187276422601e+01, 7.84090596219087952058481524318848898993e-02, 4.55963103887918185435171494183820821500e+00, 8.52804553765532327891886574625169462370e-01, 4.9851059476732209e-01, -2.7809921745222224e-01
0.32000000, 2.03312368245181651964684422548288373647e+00, -9.50699024694809141704342655909608767909e-01, 2.78811084073167080383409439055982934769e+01, 7.87729656033448169918868266332245556523e-02, 4.55939106063582209311772056838494220394e+00, 8.52905435070132928081510855769638567466e-01, 4.9944021616934397e-01, -2.7769228458258752e-01
0.32100000, 2.03340355431449005649612864600001557178e+00, -9.50635377785568180795544128808735362185e-01, 2.78806118822372213653799702464729403812e+01, 7.91376050611654868221667264482022556681e-02, 4.55915054545360286245517708393128201581e+00, 8.53006458300410112072719959836449938760e-01, 5.0037194442809370e-01, -2.7728217338307636e-01
0.32200000, 2.03368391024865657192147545565745974677e+00, -9.50571478604550723548607662170985208874e-01, 2.78801144558887501217287846279189333244e+01, 7.95029778763193493163589725808821801095e-02, 4.55890949221114440785491674332381878788e+00, 8.53107623452351560946100692848625563700e-01, 5.0130577916128217e-01, -2.7686886598833577e-01
0.32300000, 2.03396475095522394081939299760997419104e+00, -9.50507326500248831230689239244360237743e-01, 2.78796161268190019021188110036669000324e+01, 7.98690839283116507470870599951171121451e-02, 4.55866789978253516235501552999749200927e+00, 8.53208930521293670252267777899169447032e-01, 5.0224171993344352e-01, -2.7645234444068083e-01
0.32400000, 2.03424607713736272138846701738019634934e+00, -9.50442920818072825355615443159992535455e-01, 2.78791168935710169927479902165691236269e+01, 8.02359230951932442651382430066985272686e-02, 4.55842576703731106421381267230821644496e+00, 8.53310379501915121769319649825900065523e-01, 5.0317976625529839e-01, -2.7603259068968635e-01
0.32500000, 2.03452788950051384770769772200311269805e+00, -9.50378260900335682492697152375634919608e-01, 2.78786167546831522420211141820131305472e+01, 8.06034952535494138085390007535581477783e-02, 4.55818309284043474779593651456342938434e+00, 8.53411970388230396602653378621267814428e-01, 5.0411991758311115e-01, -2.7560958659177777e-01
0.32600000, 2.03481018875239635576130067030664885704e+00, -9.50313346086237323013137575540118494644e-01, 2.78781157086890648501172616275032235718e+01, 8.09718002784886160290982612800441300953e-02, 4.55793987605227460677815165367194872685e+00, 8.53513703173583229062211057474770813186e-01, 5.0506217331804071e-01, -2.7518331390982117e-01
0.32700000, 2.03509297560301514304593461733166906880e+00, -9.50248175711848792953446973001136535078e-01, 2.78776137541176960769298212259759801685e+01, 8.13408380436311395637464985294746931989e-02, 4.55769611552858372877442212665082935452e+00, 8.53615577850640000746148772141204785292e-01, 5.0600653280548516e-01, -2.7475375431271243e-01
0.32800000, 2.03537625076466876189656275950530133677e+00, -9.50182749110096338167753305257824203895e-01, 2.78771108894932548679216000239095598002e+01, 8.17106084210976809716569884723255872057e-02, 4.55745181012047870047209626091304354323e+00, 8.53717594411383074253766118761285416260e-01, 5.0695299533441990e-01, -2.7432088937496565e-01
0.32900000, 2.03566001495195724666738994104808508331e+00, -9.50117065610745369933297252416692578617e-01, 2.78766071133352013974345068214510589555e+01, 8.20811112814978366517266339922655376544e-02, 4.55720695867441828236355986442314631493e+00, 8.53819752847104065944308217009391416453e-01, 5.0790156013672948e-01, -2.7388470057630064e-01
0.33000000, 2.03594426888178997490454709156716369326e+00, -9.50051124540384321165720660095147237458e-01, 2.78761024241582305289902714823018347744e+01, 8.24523464939185100485170483486062789755e-02, 4.55696156003218195215007501457006921900e+00, 8.53922053148397057151952320751434441141e-01, 5.0885222638653289e-01, -2.7344516930122975e-01
0.33100000, 2.03622901327339356264741527127483062556e+00, -9.49984925222408392392998571599212639565e-01, 2.78755968204722551921156119073119527976e+01, 8.28243139259122334482112189776594721024e-02, 4.55671561303084831588682107300764924258e+00, 8.54024495305151743260916491868352832849e-01, 5.0980499319950227e-01, -2.7300227683864387e-01
0.33200000, 2.03651424884831979399569500116881684462e+00, -9.49918466977003186629025677204195009797e-01, 2.78750903007823896752221904686628601314e+01, 8.31970134434854036595262414903026545880e-02, 4.55646911650277338593038197061879534092e+00, 8.54127079306546520038177393288297979675e-01, 5.1075985963217511e-01, -2.7255600438139770e-01
0.33300000, 2.03679997633045358507953184411870327627e+00, -9.49851749121128232279947310701573273030e-01, 2.78745828635889328340686109418739229371e+01, 8.35704449110864308678374916779173986198e-02, 4.55622206927556872474207852575916547528e+00, 8.54229805141041506614757079254792387190e-01, 5.1171682468125970e-01, -2.7210633302589428e-01
0.33400000, 2.03708619644602098257020626824930010123e+00, -9.49784770968500393208322100677202585760e-01, 2.78740745073873512153285952610705285191e+01, 8.39446081915937999440133540150615194846e-02, 4.55597447017207945359262582524999696834e+00, 8.54332672796371504499933704831661911464e-01, 5.1267588728293386e-01, -2.7165324377166882e-01
0.33500000, 2.03737290992359719686908445116967131334e+00, -9.49717531829577165072117076641597917832e-01, 2.78735652306682620947863466291358622050e+01, 8.43195031463040434826314004020430669710e-02, 4.55572631801036212520560274796531082916e+00, 8.54435682259538892006047318488876344919e-01, 5.1363704631213698e-01, -2.7119671752097185e-01
0.33600000, 2.03766011749411467011270665300112387691e+00, -9.49650031011539857047365463108334345076e-01, 2.78730550319174164296769515084073137267e+01, 8.46951296349196258373458534186531160679e-02, 4.55547761160366245936915277347238276388e+00, 8.54538833516806453454808302467821169756e-01, 5.1460030058185506e-01, -2.7073673507835163e-01
0.33700000, 2.03794781989087117913206087392235478095e+00, -9.49582267818276658035061580380755239475e-01, 2.78725439096156817246864976690950028967e+01, 8.50714875155367374142014035327119768843e-02, 4.55522834976039294053719151253887836597e+00, 8.54642126553690142529171531661062979249e-01, 5.1556564884239896e-01, -2.7027327715023604e-01
0.33800000, 2.03823601784953797350425148968030278466e+00, -9.49514241550365586444525208754987865993e-01, 2.78720318622390248111233886509850293654e+01, 8.54485766446329984766390974075820379203e-02, 4.55497853128411027643317613314151812777e+00, 8.54745561354951779127912863926484637486e-01, 5.1653308978067560e-01, -2.6980632434451369e-01
0.33900000, 2.03852471210816794883492519322025010750e+00, -9.49445951505057322637038449718107646515e-01, 2.78715188882584945387691165684193016051e+01, 8.58263968770550717088151809118136469835e-02, 4.55472815497349271666119423674478365196e+00, 8.54849137904591679073035068611107302053e-01, 5.1750262201945216e-01, -2.6933585717011451e-01
0.34000000, 2.03881390340720385540995962459179938915e+00, -9.49377396976257923105040507014528018237e-01, 2.78710049861402043799135150279950246578e+01, 8.62049480660061827766525600598967508748e-02, 4.55447721962231723032075395792272596950e+00, 8.54952856185841216013036645421718113979e-01, 5.1847424411661317e-01, -2.6886185603658974e-01
0.34100000, 2.03910359248948654235505330213478788739e+00, -9.49308577254511415453558872346215834451e-01, 2.78704901543453149450762519016984633237e+01, 8.65842300630335481187660183204245247928e-02, 4.55422572401943654161320229963777928652e+00, 8.55056716181155314857898066549718766131e-01, 5.1944795456441039e-01, -2.6838430125369131e-01
0.34200000, 2.03939378010026323744197862831685223225e+00, -9.49239491626982273241858081623257099684e-01, 2.78699743913300164099130376739171183673e+01, 8.69642427180157091920455697639177730099e-02, 4.55397366694875602241916415123152953456e+00, 8.55160717872204876074374658853754990357e-01, 5.2042375178870551e-01, -2.6790317303095075e-01
0.34300000, 2.03968446698719586268037258119254927759e+00, -9.49170139377437769734498441043736835605e-01, 2.78694576955455108528017189274584252502e+01, 8.73449858791497723892463922896881844390e-02, 4.55372104718921044081777923167662099935e+00, 8.55264861239869130162832481202792500337e-01, 5.2140163414820554e-01, -2.6741845147725749e-01
0.34400000, 2.03997565390036938583404195993045206041e+00, -9.49100519786230209602115826906777779967e-01, 2.78689400654379945026000981197168834476e+01, 8.77264593929385538384177190478654387238e-02, 4.55346786351474056450981751271769370561e+00, 8.55369146264227921629421979361422757061e-01, 5.2238159993369077e-01, -2.6693011660043673e-01
0.34500000, 2.04026734159230020800085146769575719839e+00, -9.49030632130279037603258743900457910233e-01, 2.78684214994486398960639699937502107508e+01, 8.81086631041776282864059018308806945946e-02, 4.55321411469426961809797465148991333081e+00, 8.55473572924553921759852734671046015111e-01, 5.2336364736723541e-01, -2.6643814830682679e-01
0.34600000, 2.04055953081794458739534321960551559169e+00, -9.48960475683052823269549174306125059663e-01, 2.78679019960135779444104916384448976464e+01, 8.84915968559422812609876174280947080697e-02, 4.55295979949167959316878673669650602199e+00, 8.55578141199304769493410063624828955593e-01, 5.2434777460142057e-01, -2.6594252640085603e-01
0.34700000, 2.04085222233470709947330518435010796245e+00, -9.48890049714551120607268241265295667312e-01, 2.78673815535638799085086072253119239751e+01, 8.88752604895743636984268734173913579273e-02, 4.55270491666578741011165735333987581024e+00, 8.55682851066115139688139356124135531642e-01, 5.2533397971853985e-01, -2.6544323058461938e-01
0.34800000, 2.04114541690244913353756332678611598189e+00, -9.48819353491286201819205204394313062023e-01, 2.78668601705255392821748296748600900373e+01, 8.92596538446690482154030770363469761644e-02, 4.55244946497032093060145871534419806164e+00, 8.55787702501788738060315625828107640744e-01, 5.2632226072979712e-01, -2.6494024045745436e-01
0.34900000, 2.04143911528349742596431753116286644748e+00, -9.48748386276264664041247652110469402842e-01, 2.78663378453194535830492398110429040335e+01, 8.96447767590614861963259395950380594783e-02, 4.55219344315389481966205151019477964497e+00, 8.55892695482290222073412533587471017946e-01, 5.2731261557449673e-01, -2.6443353551551688e-01
0.35000000, 2.04173331824265263018937446077145480506e+00, -9.48677147328968908078730783418361156971e-01, 2.78658145763614060505230988160749273881e+01, 9.00306290688133648590353656613398923762e-02, 4.55193684995998625621886424184996071768e+00, 8.55997829982737047043785863154621884396e-01, 5.2830504211922582e-01, -2.6392309515135653e-01
0.35100000, 2.04202802654719792359365105402655683569e+00, -9.48605635905338488118003198608307345458e-01, 2.78652903620620472501859818681139014487e+01, 9.04172106081993634537796734024839559321e-02, 4.55167968412691049103938133431853355294e+00, 8.56103105977391236722189787203034131741e-01, 5.2929953815702888e-01, -2.6340889865349168e-01
0.35200000, 2.04232324096690765142733006772145255567e+00, -9.48533851257751331379004443774937672131e-01, 2.78647652008268765842568295991201232457e+01, 9.08045212096935077421724483708295659386e-02, 4.55142194438779625095100914474592778930e+00, 8.56208523439651077602048952243002404546e-01, 5.3029610140657430e-01, -2.6289092520598421e-01
0.35300000, 2.04261896227405600791204364782113447484e+00, -9.48461792635004826664884462908424204895e-01, 2.78642390910562237074597793179406944021e+01, 9.11925607039554218945459717697671737783e-02, 4.55116362947056098821631939744148634207e+00, 8.56314082342042736197114105112420512769e-01, 5.3129472951131302e-01, -2.6236915388801403e-01
0.35400000, 2.04291519124342575466044202291663362521e+00, -9.48389459282296780754825872150188660121e-01, 2.78637120311452298478020796727493566214e+01, 9.15813289198164769357463954349542588813e-02, 4.55090473809788597393610944422729473090e+00, 8.56419782656211798522732333619067508938e-01, 5.3229542003862901e-01, -2.6184356367345326e-01
0.35500000, 2.04321192865231697655247175532830683610e+00, -9.48316850441206241576255335987044377726e-01, 2.78631840194838290317078104459766615894e+01, 9.19708256842658348609515543256077403034e-02, 4.55064526898719123434106722628469800712e+00, 8.56525624352914731006463632013382945346e-01, 5.3329817047898169e-01, -2.6131413343044038e-01
0.35600000, 2.04350917528055587520764122339923981419e+00, -9.48243965349674187082549030536512414077e-01, 2.78626550544567292129575233525416490824e+01, 9.23610508224363875345353932335327734058e-02, 4.55038522085061032882308489194668069063e+00, 8.56631607402010262045172040488048259856e-01, 5.3430297824504007e-01, -2.6078084192095399e-01
0.35700000, 2.04380693191050360019248981282887762756e+00, -9.48170803241984078752147943773044620284e-01, 2.78621251344433933048802899175041533905e+01, 9.27520041575905894763523025408495493522e-02, 4.55012459239496496854742773627253527846e+00, 8.56737731772450683417010638530031283978e-01, 5.3530984067080868e-01, -2.6024366780038663e-01
0.35800000, 2.04410519932706511810240132538437345271e+00, -9.48097363348742278614700288707167161852e-01, 2.78615942578180201152409886113943123725e+01, 9.31436855111061836310690576874629259126e-02, 4.54986338232173947447703348326563692201e+00, 8.56843997432273070747903765546375443970e-01, 5.3631875501074507e-01, -2.5970258961711830e-01
0.35900000, 2.04440397831769811965681102364120306786e+00, -9.48023644896858328699439278083762333249e-01, 2.78610624229495251832619852899117906635e+01, 9.35360947024618192073303724545442368950e-02, 4.54960158932705507363018993052323448664e+00, 8.56950404348590422223205548422581152713e-01, 5.3732971843886888e-01, -2.5915758581209004e-01
0.36000000, 2.04470326967242196494674916728556240612e+00, -9.47949647109525091790483595568228019125e-01, 2.78605296282015215182146584891947172213e+01, 9.39292315492225606646051253194816579595e-02, 4.54933921210164403238271560782010134383e+00, 8.57056952487582714726179662707398117671e-01, 5.3834272804786241e-01, -2.5860863471837737e-01
0.36100000, 2.04500307418382666697354149965506518936e+00, -9.47875369206198752363113748372517595187e-01, 2.78599958719323002390124941385486473439e+01, 9.43230958670252869165229030250969470456e-02, 4.54907624933082362561554734298474635169e+00, 8.57163641814487876575799748237970630485e-01, 5.3935778084816262e-01, -2.5805571456076376e-01
0.36200000, 2.04530339264708191361734854511442604382e+00, -9.47800810402578676564328731587814758576e-01, 2.78594611524948111142337226398835976505e+01, 9.47176874695639798103734118720816419926e-02, 4.54881269969446994049831944612744560451e+00, 8.57270472293592676027111525290992657817e-01, 5.4037487376704438e-01, -2.5749880345531409e-01
0.36300000, 2.04560422585994612817407040374763648583e+00, -9.47725969910587130090122688644143352724e-01, 2.78589254682366430019976948980265041704e+01, 9.51130061685749009332033042929402052380e-02, 4.54854856186699151368910057072521824363e+00, 8.57377443888223524688024875254197205981e-01, 5.4139400364769503e-01, -2.5693787940894817e-01
0.36400000, 2.04590557462277556859897159741689483610e+00, -9.47650846938348852800939110307534116443e-01, 2.78583888175000041891153926398982532451e+01, 9.55090517738216557856048084196252036749e-02, 4.54828383451730280071993512922293561690e+00, 8.57484556560737194996915398896342299182e-01, 5.4241516724828012e-01, -2.5637292031901432e-01
0.36500000, 2.04620743973853346559519104059381660810e+00, -9.47575440690170488905659152671055261119e-01, 2.78578511986217026289306421050948481848e+01, 9.59058240930801443548469670032320499091e-02, 4.54801851630879747632721536155404331401e+00, 8.57591810272511450895808660791456289765e-01, 5.4343836124100023e-01, -2.5580390397286315e-01
0.36600000, 2.04650982201279919968509498284561981953e+00, -9.47499750366519871533259429861920103989e-01, 2.78573126099331260772647487980421177113e+01, 9.63033229321233971094520072819026213930e-02, 4.54775260589932156447518669497617167966e+00, 8.57699204983935590824194861844419209659e-01, 5.4446358221113872e-01, -2.5523080804742138e-01
0.36700000, 2.04681272225377751740220539187269513365e+00, -9.47423775164005160499931687505476716254e-01, 2.78567730497602221258733943355188482139e+01, 9.67015480947062954276650757744962846803e-02, 4.54748610194114639681006179814319879573e+00, 8.57806740654400902148675420605619611881e-01, 5.4549082665610058e-01, -2.5465361010876595e-01
0.36800000, 2.04711614127230778674119230288144790767e+00, -9.47347514275353832067990606575160027099e-01, 2.78562325164234781328207343764878040693e+01, 9.71004993825501754625039642442789495642e-02, 4.54721900308094139827128661416553270892e+00, 8.57914417242291026133674231111297899659e-01, 5.4652009098444194e-01, -2.5407228761169833e-01
0.36900000, 2.04742007988187329200315572993743947762e+00, -9.47270966889391519481305122429426619504e-01, 2.78556910082379010491717090580116436684e+01, 9.75001765953273144362051898927719812829e-02, 4.54695130795974669857546353664735423301e+00, 8.58022234704972232548353518425980737891e-01, 5.4755137151489046e-01, -2.5348681789931906e-01
0.37000000, 2.04772453889861056817314038747810060685e+00, -9.47194132191020703050271548711150762579e-01, 2.78551485235129971413996241564298503515e+01, 9.79005795306452983469025205234479366764e-02, 4.54668301521294556827729163661885172030e+00, 8.58130192998783602994655525694277944906e-01, 5.4858466447535642e-01, -2.5289717820260271e-01
0.37100000, 2.04802951914131877496652426650414357324e+00, -9.47117009361199248547501927988922481262e-01, 2.78546050605527516089020822225424982919e+01, 9.83017079840312700602823816469985393528e-02, 4.54641412347023667810063031121879977209e+00, 8.58238292079027122031045005435250036423e-01, 5.4961996600193428e-01, -2.5230334563997305e-01
0.37200000, 2.04833502143146911068059960250993772027e+00, -9.47039597576918792663426827386816373009e-01, 2.78540606176556080960143380796833853676e+01, 9.87035617489160567487561560669921669972e-02, 4.54614463135560618022142974811977217091e+00, 8.58346531899957675156051894020498108671e-01, 5.5065727213789489e-01, -2.5170529721687871e-01
0.37300000, 2.04864104659321426598732150444102300764e+00, -9.46961896011182974258906673713583771286e-01, 2.78535151931144480979051222015009559714e+01, 9.91061406166181756303707769779112986088e-02, 4.54587453748729961017279801093619419784e+00, 8.58454912414772952705106836208596883270e-01, 5.5169657883266807e-01, -2.5110300982536929e-01
0.37400000, 2.04894759545339791780283502027999590044e+00, -9.46883903832985510139708073087257758806e-01, 2.78529687852165702597359184801181586219e+01, 9.95094443763277169492447931363877827556e-02, 4.54560384047779360803088916468754135374e+00, 8.58563433575603258703422583723635459022e-01, 5.5273788194081551e-01, -2.5049646024367181e-01
0.37500000, 2.04925466884156426336900522039093598932e+00, -9.46805620207288114065329757353474937381e-01, 2.78524213922436695684605996341662398819e+01, 9.99134728150901031287657995643783694712e-02, 4.54533253893376745752859847768058510357e+00, 8.58672095333501223706799878199536814474e-01, 5.5378117722099394e-01, -2.4988562513576785e-01
0.37600000, 2.04956226758996759468176650017616569941e+00, -9.46727044294998257692155194264140581264e-01, 2.78518730124718164366382138700260556439e+01, 1.00318225717789723018115309767846540718e-01, 4.54506063145607444173223814404145848815e+00, 8.58780897638431420651225376522946423099e-01, 5.5482646033490854e-01, -2.4927048105097114e-01
0.37700000, 2.04987039253358191340067624495631570729e+00, -9.46648175252946772138263818591982886126e-01, 2.78513236441714356776275802795507916225e+01, 1.00723702867133440141897305483967392054e-01, 4.54478811663971301390443894276324911838e+00, 8.58889840439259882720979589518009824757e-01, 5.5587372684625630e-01, -2.4865100442350581e-01
0.37800000, 2.05017904451011058637360375848241317309e+00, -9.46569012233865288844448592575038058510e-01, 2.78507732856072853715281877157721323645e+01, 1.01129904043633973851735326692163288136e-01, 4.54451499307379778216447854364222899714e+00, 8.58998923683743522233682758044437800662e-01, 5.5692297221965945e-01, -2.4802717157208526e-01
0.37900000, 2.05048822435999604191000741830630718281e+00, -9.46489554386363518393062468739784549242e-01, 2.78502219350384356212277024179503625258e+01, 1.01536829025593152267668526223568778086e-01, 4.54424125934153030654507453270444094808e+00, 8.59108147318519449529274129663813571559e-01, 5.5797419181958880e-01, -2.4739895869949175e-01
0.38000000, 2.05079793292642950693575086232486720623e+00, -9.46409800854906365933248565284563176703e-01, 2.78496695907182471979121733433753194007e+01, 1.01944477589085035886018056640193434666e-01, 4.54396691402016970703239839009804639263e+00, 8.59217511289094190838343240041184045604e-01, 5.5902738090927685e-01, -2.4676634189215677e-01
0.38100000, 2.05110817105536078516188209669406793070e+00, -9.46329750779790881847896709125945954697e-01, 2.78491162508943500753907808913930102326e+01, 1.02352849507938910719109907340694392928e-01, 4.54369195568100308116366432777343434401e+00, 8.59327015539832804093508531904446054357e-01, 5.6008253464962064e-01, -2.4612929711974211e-01
0.38200000, 2.05141893959550807639924720086146487238e+00, -9.46249403297123046284310665644284521620e-01, 2.78485619138086218525827043623935508364e+01, 1.02761944553722149820827270316713938267e-01, 4.54341638288931572974412278365128346521e+00, 8.59436660013947891635666915637362104716e-01, 5.6113964809807423e-01, -2.4548780023472193e-01
0.38300000, 2.05173023939836783715023223471741247085e+00, -9.46168757538794386157064043890868216607e-01, 2.78480065776971660635093859695233776744e+01, 1.03171762495722942040423064549593832805e-01, 4.54314019420436118923264115950299725743e+00, 8.59546444653488508754915613116136743413e-01, 5.6219871620753068e-01, -2.4484182697196555e-01
0.38400000, 2.05204207131822468260832245877507048041e+00, -9.46087812632458423217866703509005948895e-01, 2.78474502407902903741311444037197401024e+01, 1.03582303100932886835349749962928203604e-01, 4.54286338817933106933228275243129243421e+00, 8.59656369399328966993772722105356490714e-01, 5.6325973382519353e-01, -2.4419135294832132e-01
0.38500000, 2.05235443621216133019553648252439284908e+00, -9.46006567701506951773455631666368668302e-01, 2.78468929013124846653627387348850275652e+01, 1.03993566134029453962057347389328338226e-01, 4.54258596336132469430939742033385145338e+00, 8.59766434191157531127993251976109645350e-01, 5.6432269569143760e-01, -2.4353635366220146e-01
0.38600000, 2.05266733494006858476713386881669873494e+00, -9.45925021865046144618562816131402213490e-01, 2.78463345574823990015981037068042021604e+01, 1.04405551357358306851769963071050296620e-01, 4.54230791829131854655171298027088860785e+00, 8.59876638967465008727790739405726919263e-01, 5.6538759643865900e-01, -2.4287680449316790e-01
0.38700000, 2.05298076836465536561230744172737387507e+00, -9.45843174237872485736895699549092337809e-01, 2.78457752075128214840700701456185489667e+01, 1.04818258530915488466174382979801599581e-01, 4.54202925150413551086276328978446140222e+00, 8.59986983665533231189628748363408253580e-01, 5.6645443059011436e-01, -2.4221268070151930e-01
0.38800000, 2.05329473735145877537885545823500668377e+00, -9.45761023930448528308791418949814915794e-01, 2.78452148496106559883664491479109962007e+01, 1.05231687412329468415739717817339683852e-01, 4.54174996152841391797670601362955468230e+00, 8.60097468221423425115939351408834034166e-01, 5.6752319255874908e-01, -2.4154395742787916e-01
0.38900000, 2.05360924276885421104908328444266835140e+00, -9.45678570048878476549772245805749249942e-01, 2.78446534819768997854193958431655399456e+01, 1.05645837756843050111032883601088910007e-01, 4.54147004688657638576416882473312348651e+00, 8.60208092569964472907154803923725392882e-01, 5.6859387664601457e-01, -2.4087060969278525e-01
0.39000000, 2.05392428548806551709340862667911194826e+00, -9.45595811694883589889634450654522838168e-01, 2.78440911028066210452804777368717998051e+01, 1.06060709317295136704899110076094442726e-01, 4.54118950609479845658621580492927364504e+00, 8.60318856644741061417301749034153934505e-01, 5.6966647704067433e-01, -2.4019261239628018e-01
0.39100000, 2.05423986638317518092733805566305634715e+00, -9.45512747965777407986944200029372922822e-01, 2.78435277102889362229893538371739038484e+01, 1.06476301844102354570737869443560003650e-01, 4.54090833766297702923984465814000213753e+00, 8.60429760378081717511102082632243725917e-01, 5.7074098781759880e-01, -2.3950994031750345e-01
0.39200000, 2.05455598633113457079664486402600927341e+00, -9.45429377954440795058890001812331917443e-01, 2.78429633026069873258394238540936085103e+01, 1.06892615085240533049320775073852204021e-01, 4.54062654009469858392460856958265349115e+00, 8.60540803701046729347048682730381990485e-01, 5.7181740293654888e-01, -2.3882256811428475e-01
0.39300000, 2.05487264621177421621470853666566788854e+00, -9.45345700749296801991349569436775413817e-01, 2.78423978779379190613392316425221665031e+01, 1.07309648786226039183667251998355074716e-01, 4.54034411188720719864600266588066793763e+00, 8.60651986543415952197275146120939128698e-01, 5.7289571624094801e-01, -2.3813047032273882e-01
0.39400000, 2.05518984690781413107507359893749889334e+00, -9.45261715434285344678767668086718373125e-01, 2.78418314344528558651638036471402705686e+01, 1.07727402690096966148414239670499231138e-01, 4.54006105153137235545716256222040172118e+00, 8.60763308833676497601214021170167491373e-01, 5.7397592145664273e-01, -2.3743362135686181e-01
0.39500000, 2.05550758930487417956134963510649770201e+00, -9.45177421088837697028008400419512087499e-01, 2.78412639703168788083854713102804700445e+01, 1.08145876537394174066885937563020341750e-01, 4.53977735751165653492618991631456008390e+00, 8.60874770499010304636035283571462936963e-01, 5.7505801219065156e-01, -2.3673199550812914e-01
0.39600000, 2.05582587429148448497560412024156913691e+00, -9.45092816787850797044738318949188357730e-01, 2.78406954836890023832690661359967897149e+01, 1.08565070066142181895686703211611434036e-01, 4.53949302830608259720204571987409701706e+00, 8.60986371465281592072673438224805315327e-01, 5.7614198192990222e-01, -2.3602556694509510e-01
0.39700000, 2.05614470275909588160539464997239098382e+00, -9.45007901601661364405113520519309797970e-01, 2.78401259727221511669116872812655560924e+01, 1.08984983011829909043102690260902854086e-01, 4.53920806238620094803743470391386327213e+00, 8.61098111657024190171885071822153291952e-01, 5.7722782403995688e-01, -2.3531430971299408e-01
0.39800000, 2.05646407560209040974854643674807713381e+00, -9.44922674596019827899582258136230230494e-01, 2.78395554355631363620025240869282649533e+01, 1.09405615107391265373903672773406347760e-01, 4.53892245821705648811244215406104379896e+00, 8.61209990997428750860226313781702739832e-01, 5.7831553176372557e-01, -2.3459819773334364e-01
0.39900000, 2.05678399371779185401370380602196668649e+00, -9.44837134832064061119472338650946559974e-01, 2.78389838703526322139734697880241193618e+01, 1.09826966083185588239283714863994637359e-01, 4.53863621425715534398787604760823447259e+00, 8.61322009408329835011098833637147016957e-01, 5.7940509822016751e-01, -2.3387720480354934e-01
0.40000000, 2.05710445800647632501357009349751441613e+00, -9.44751281366292924740707371678478175360e-01, 2.78384112752251523038064876796744030196e+01, 1.10249035666977925156665855996603648024e-01, 4.53834932895843137900231113862265001692e+00, 8.61434166810192875541081015078325916157e-01, 5.8049651640298023e-01, -2.3315130459651152e-01
0.40100000, 2.05742546937138288456659802203495429541e+00, -9.44665113250539613742485474039953796115e-01, 2.78378376483090257157588871877105683034e+01, 1.10671823583919160749919706984823710928e-01, 4.53806180076621248241172581580256492824e+00, 8.61546463122101015016635062554023218757e-01, 5.8158977917927646e-01, -2.3242047066023410e-01
0.40200000, 2.05774702871872421452170151501914221134e+00, -9.44578629531944807882055960732547308058e-01, 2.78372629877263730792628345328370415112e+01, 1.11095329556525986546199674955711280385e-01, 4.53777362811918663505536560610413222228e+00, 8.61658898261741816450958234733631007811e-01, 5.8268487928824864e-01, -2.3168467641743532e-01
0.40300000, 2.05806913695769732931932915673995167853e+00, -9.44491829252929623729841480824967617546e-01, 2.78366872915930824842505609164693178070e+01, 1.11519553304660712211103312003055057763e-01, 4.53748480944936774981605744269966063220e+00, 8.61771472145393845955224335546670630448e-01, 5.8378180933982095e-01, -2.3094389516516068e-01
0.40400000, 2.05839179500049433240096829795603157956e+00, -9.44404711451168366552072564107200599248e-01, 2.78361105580187852691518403319087648451e+01, 1.11944494545510916789171835887377250266e-01, 4.53719534318206128512763458671604539890e+00, 8.61884184687913125892737158913131343835e-01, 5.8488056181328872e-01, -2.3019810007439806e-01
0.40500000, 2.05871500376231321657783626778780955936e+00, -9.44317275159561080310826177163389277776e-01, 2.78355327851068316808053891559843224841e+01, 1.12370152993568938501905994543927296745e-01, 4.53690522773582962976641169725043898500e+00, 8.61997035802719457168587863388899533672e-01, 5.8598112905594516e-01, -2.2944726418969509e-01
0.40600000, 2.05903876416136870846816041573025533879e+00, -9.44229519406205894033887156641379199786e-01, 2.78349539709542664055208905469595802898e+01, 1.12796528360611201640447900146762411603e-01, 4.53661446152245725714777127262245155008e+00, 8.62110025401782609271270287560633340592e-01, 5.8708350328169523e-01, -2.2869136042877883e-01
0.40700000, 2.05936307711890315711105087668132511632e+00, -9.44141443214371162789178768672266085657e-01, 2.78343741136518039705233683112204380324e+01, 1.13223620355677379074880971556644621547e-01, 4.53632304294691564733288480716541199460e+00, 8.62223153395608376666358999161694960275e-01, 5.8818767656965666e-01, -2.2793036158217798e-01
0.40800000, 2.05968794355919746686352811635986381617e+00, -9.44053045602467401480633576876665154504e-01, 2.78337932112838040150066272545955304802e+01, 1.13651428685049388886723391853164961129e-01, 4.53603097040732797493439277153477824735e+00, 8.62336419693224500125791346017124903529e-01, 5.8929364086274784e-01, -2.2716424031284744e-01
0.40900000, 2.06001336440958207468578054500474415723e+00, -9.43964325584019009664295691280799580626e-01, 2.78332112619282464300174400585425537245e+01, 1.14079953052230223615633172689374405954e-01, 4.53573824229493356109350515972245884838e+00, 8.62449824202166451559513842158237888094e-01, 5.9040138796626258e-01, -2.2639296915579556e-01
0.41000000, 2.06033934060044797191819483585672274295e+00, -9.43875282167635785565157684169608325367e-01, 2.78326282636567063663870943752666300842e+01, 1.14509193157922610595602647927003474708e-01, 4.53544485699405208768445706143096717675e+00, 8.62563366828463080899251725664933700078e-01, 5.9151090954643165e-01, -2.2561652051771398e-01
0.41100000, 2.06066587306525777065212208468121184851e+00, -9.43785914356984227456737326591010583520e-01, 2.78320442145343291099218180816502631498e+01, 1.14939148700007501839994589537104960102e-01, 4.53515081288204757188555970217954554878e+00, 8.62677047476622123566935263827422270600e-01, 5.9262219712897084e-01, -2.2483486667661028e-01
0.41200000, 2.06099296274055681479471561116480214088e+00, -9.43696221150758620546688113236428304427e-01, 2.78314591126198048230584754364565385323e+01, 1.15369819373522391918658708272405870435e-01, 4.53485610832929209923922481252363264034e+00, 8.62790866049615567042864102977472135639e-01, 5.9373524209761560e-01, -2.2404797978144336e-01
0.41300000, 2.06132061056598433592650002630095035749e+00, -9.43606201542651907492810557691101406627e-01, 2.78308729559653431521867722198095152930e+01, 1.15801204870639462254063593829370585747e-01, 4.53456074169912931330630718790440758416e+00, 8.62904822448864875031008359927662386611e-01, 5.9485003569264200e-01, -2.2325583185176183e-01
0.41400000, 2.06164881748428465404860514557499349651e+00, -9.43515854521326340654685669505781372415e-01, 2.78302857426166476998340237742000767051e+01, 1.16233304880643550246882651758873031584e-01, 4.53426471134783766000290500629416020026e+00, 8.63018916574226067700928871779484476546e-01, 5.9596656900937397e-01, -2.2245839477734532e-01
0.41500000, 2.06197758444131842331482136897042357652e+00, -9.43425179070383914166785044516494161231e-01, 2.78296974706128903609033261926551128776e+01, 1.16666119089909941624780758262524732219e-01, 4.53396801562459338469037798465869412062e+00, 8.63133148323974656467645649706039197175e-01, 5.9708483299667670e-01, -2.2165564031784892e-01
0.41600000, 2.06230691238607392284180420763022161489e+00, -9.43334174168336573899320745440472815493e-01, 2.78291081379866855221507276975424910300e+01, 1.17099647181881984391258593020239835069e-01, 4.53367065287143328007178785806825317910e+00, 8.63247517594790431752389654424027677494e-01, 5.9820481845543602e-01, -2.2084754010245078e-01
0.41700000, 2.06263680227067839268887362404881992855e+00, -9.43242838788576203353279715271431865993e-01, 2.78285177427640641240817245130791550545e+01, 1.17533888837048522734321300317538408732e-01, 4.53337262142321718293023201560542031333e+00, 8.63362024281742102148535005188241580103e-01, 5.9932651603702368e-01, -2.2003406562950297e-01
0.41800000, 2.06296725505040941509691765667778516544e+00, -9.43151171899344383516038904177436588321e-01, 2.78279262829644475844421032514592222231e+01, 1.17968843732921149237444607548797974757e-01, 4.53307391960759021772662746114275719389e+00, 8.63476668278271783398123072552440725408e-01, 6.0044991624174845e-01, -2.1921518826618573e-01
0.41900000, 2.06329827168370634107391828719329944052e+00, -9.43059172463701924683675612140327867864e-01, 2.78273337566006215824728200074641819740e+01, 1.18404511544011273717812096207028644109e-01, 4.53277454574494478505640659798702589665e+00, 8.63591449476179335565252952678062527669e-01, 6.0157500941729284e-01, -2.1839087924816510e-01
0.42000000, 2.06362985313218176241256952298369116950e+00, -9.42966839439498168235569722361380540979e-01, 2.78267401616787097030932449958182091710e+01, 1.18840891941807006999089232619504403695e-01, 4.53247449814838229294630665473513283789e+00, 8.63706367765606546773220884019781564551e-01, 6.0270178575713535e-01, -2.1756110967925423e-01
0.42100000, 2.06396200036063302922335202898464359064e+00, -9.42874171779340056326137448945262295834e-01, 2.78261454961981469401717106814637388524e+01, 1.19277984594749857908080242548872694178e-01, 4.53217377512367462895396884265386728683e+00, 8.63821423035021161852640492683551312641e-01, 6.0383023529895809e-01, -2.1672585053107819e-01
0.42200000, 2.06429471433705381306426414837873791014e+00, -9.42781168430560967437536826894704104228e-01, 2.78255497581516530580368809632883415769e+01, 1.19715789168211241766480133010207222481e-01, 4.53187237496922537101440950618075834091e+00, 8.63936615171200754227862527031410775334e-01, 6.0496034792303978e-01, -2.1588507264274265e-01
0.42300000, 2.06462799603264571574618457320136565874e+00, -9.42687828335189315715940268523459437138e-01, 2.78249529455252058103780091006292560364e+01, 1.20154305324468798630583262317969322361e-01, 4.53157029597603073495858151768473506311e+00, 8.64051944059216439348833090013373161082e-01, 6.0609211335063378e-01, -2.1503874672050634e-01
0.42400000, 2.06496184642182992389055601112894285942e+00, -9.42594150429916911992475888036958767981e-01, 2.78243550562980140156766727493665585913e+01, 1.20593532722682519513238929267910802064e-01, 4.53126753642764025661020787132894103478e+00, 8.64167409582416427955079361396077943502e-01, 6.0722552114233121e-01, -2.1418684333745746e-01
0.42500000, 2.06529626648225890931373066598383473932e+00, -9.42500133646067084368193699027974737742e-01, 2.78237560884424904883070657372900802046e+01, 1.21033471018870678803550545323326295239e-01, 4.53096409460011720634783872034641024281e+00, 8.64283011622409417437787419924842157342e-01, 6.0836056069640897e-01, -2.1332933293319421e-01
0.42600000, 2.06563125719482817530990590331074310808e+00, -9.42405776909562556220411914831202536278e-01, 2.78231560399242248244363881000406201906e+01, 1.21474119865885571080795076915425834831e-01, 4.53065996876199873399965582429618253068e+00, 8.64398750059047819544933961009629223308e-01, 6.0949722124716248e-01, -2.1246618581350941e-01
0.42700000, 2.06596681954368804890210077898606744982e+00, -9.42311079140893079465539078235112274987e-01, 2.78225549087019560418513084694927244826e+01, 1.21915478913389050499790561337539092006e-01, 4.53035515717425574191892235008082626869e+00, 8.64514624770410822653148326246060081553e-01, 6.1063549186322309e-01, -2.1159737215007946e-01
0.42800000, 2.06630295451625551912807981158118470984e+00, -9.42216039255082820890946215688479427478e-01, 2.78219526927275450728308762132444422093e+01, 1.22357547807827870905458526998485102408e-01, 4.53004965809025248406814899970863255721e+00, 8.64630635632787286808409117253740410170e-01, 6.1177536144586000e-01, -2.1072286198015759e-01
0.42900000, 2.06663966310322612142551809406328425456e+00, -9.42120656161657499345676203395248822584e-01, 2.78213493899459471091806348314769530197e+01, 1.22800326192408824814611958989365504132e-01, 4.52974346975570588892001729058941621861e+00, 8.64746782520658469715816489835009307292e-01, 6.1291681872726648e-01, -2.0984262520627169e-01
0.43000000, 2.06697694629858586817802015534875009005e+00, -9.42024928764611271556721550128748228029e-01, 2.78207449982951837985370330979227246790e+01, 1.23243813707073679383044869455568362410e-01, 4.52943659040864460396286523647362476533e+00, 8.64863065306680581836522677630769206569e-01, 6.1405985226883045e-01, -2.0895663159592674e-01
0.43100000, 2.06731480509962322548085245662244524588e+00, -9.41928855962373364314273295022287371629e-01, 2.78201395157063152910455463648540802935e+01, 1.23688009988473907455803337297976897576e-01, 4.52912901827936775957809738890195714193e+00, 8.64979483861667168727444968748665471039e-01, 6.1520445045938902e-01, -2.0806485078131187e-01
0.43200000, 2.06765324050694113618242457143834311040e+00, -9.41832436647774450745739087258025888168e-01, 2.78195329401034121355102074256692702860e+01, 1.24132914669945211778076803330868295959e-01, 4.52882075159040345003622789386864941573e+00, 8.65096038054571318736622773645897273904e-01, 6.1635060151346711e-01, -2.0716725225901241e-01
0.43300000, 2.06799225352446908925465545289034084825e+00, -9.41735669708012768374444105357855831656e-01, 2.78189252694035270241065044388216160859e+01, 1.24578527381481840423459126422084130018e-01, 4.52851178855646692933739956338546065361e+00, 8.65212727752467694144009023876304450109e-01, 6.1749829346949986e-01, -2.0626380538972676e-01
0.43400000, 2.06833184515947523554238720566442331961e+00, -9.41638554024619976634760580356693051864e-01, 2.78183165015166663847438327679846618232e+01, 1.25024847749710691475388054906144139385e-01, 4.52820212738441851960114159696757954777e+00, 8.65329552820534383814101300492556494372e-01, 6.1864751418803869e-01, -2.0535447939798841e-01
0.43500000, 2.06867201642257854993895789460798264211e+00, -9.41541088473426751490956549144851773442e-01, 2.78177066343457618201578882986667131025e+01, 1.25471875397865204976375926802768043477e-01, 4.52789176627322122968883112678518930061e+00, 8.65446513122034575403115103252031871241e-01, 6.1979825134994100e-01, -2.0443924337189317e-01
0.43600000, 2.06901276832776104003191554195988693252e+00, -9.41443271924528114782308266437159825443e-01, 2.78170956657866413928075619731551779872e+01, 1.25919609945759040138190111912685319049e-01, 4.52758070341389808172080678790916096210e+00, 8.65563608518298045139375755263467156856e-01, 6.2095049245454319e-01, -2.0351806626283171e-01
0.43700000, 2.06935410189238000125964596762173811903e+00, -9.41345103242248495891979575126018236683e-01, 2.78164835937280007546450390751052549322e+01, 1.26368051009759535784425426391035273686e-01, 4.52726893698948914312834358953383868298e+00, 8.65680838868702463171251731532096420781e-01, 6.2210422481781705e-01, -2.0259091688522757e-01
0.43800000, 2.06969601813718031861639585285067012572e+00, -9.41246581285106523311831547510072419876e-01, 2.78158704160513741208219223332308562649e+01, 1.26817198202760951974928910622279260457e-01, 4.52695646517500826185873501402069576109e+00, 8.65798204030654512452265763051615852679e-01, 6.2325943557050921e-01, -2.0165776391628072e-01
0.43900000, 2.07003851808630681493979766584730231951e+00, -9.41147704905779543649682878806971989759e-01, 2.78152561306311050863882853511537787574e+01, 1.27267051134157490739286334989500713474e-01, 4.52664328613739950232953799943229886694e+00, 8.65915703859570819107995878087950840404e-01, 6.2441611165626363e-01, -2.0071857589571691e-01
0.44000000, 2.07038160276731664581154315181861738092e+00, -9.41048472951067865599591795729539190977e-01, 2.78146407353343172850356223683582366297e+01, 1.27717609409816093824055901552995772232e-01, 4.52632939803549327970561674058754689081e+00, 8.66033338208858692204011493470707433327e-01, 6.2557423982972688e-01, -1.9977332122554281e-01
0.44100000, 2.07072527321119174109830519900077842470e+00, -9.40948884261858726369469533592992054213e-01, 2.78140242280208848889286920866095477319e+01, 1.28168872632049015335634103191369888111e-01, 4.52601479901996219004996951723825755285e+00, 8.66151106929896670808374570859270153927e-01, 6.2673380665463619e-01, -1.9882196816980720e-01
0.44200000, 2.07106953045235129315637224874558912131e+00, -9.40848937673089978033759571933435502492e-01, 2.78134066065434029486652574390494968705e+01, 1.28620840399586167137557789313426983691e-01, 4.52569948723327653387643644010206891447e+00, 8.66269009872014876216167429801803536379e-01, 6.2789479850189005e-01, -1.9786448485436819e-01
0.44300000, 2.07141437552866429171973318839413266267e+00, -9.40748632013713491252021576140000655112e-01, 2.78127878687471575723966999284045341352e+01, 1.29073512307547234837681315224096884333e-01, 4.52538346080965953060926248091551498475e+00, 8.66387046882475167177081697037888924603e-01, 6.2905720154760113e-01, -1.9690083926666684e-01
0.44400000, 2.07175980948146210548753197917167413814e+00, -9.40647966106658273767040084017487521118e-01, 2.78121680124700959431364367205913217151e+01, 1.29526887947413562177014308576969943745e-01, 4.52506671787504222143112677617343888164e+00, 8.66505217806451095940311616767590434531e-01, 6.3022100177113161e-01, -1.9593099925550709e-01
0.44500000, 2.07210583335555111042289821844208880248e+00, -9.40546938768793301068531051085107676246e-01, 2.78115470355427961732769912663880123821e+01, 1.29980966906999801608060099607182535188e-01, 4.52474925654701805797764329030617751178e+00, 8.66623522487007662903834005542866523049e-01, 6.3138618495311053e-01, -1.9495493253084230e-01
0.44600000, 2.07245244819922536477115046806814485700e+00, -9.40445548810890056580640012045889386208e-01, 2.78109249357884369953304640646633711538e+01, 1.30435748770425328826253200146234921432e-01, 4.52443107493479717431248678663058593361e+00, 8.66741960765080867627620871570022969316e-01, 6.3255273667343312e-01, -1.9397260666356847e-01
0.44700000, 2.07279965506427933080126151022967041897e+00, -9.40343795037584778703209348147739743308e-01, 2.78103017110227672879010195161637270836e+01, 1.30891233118085418993552286503586809995e-01, 4.52411217113916033959319894649271440803e+00, 8.66860532479457053942413400921906739718e-01, 6.3372064230924197e-01, -1.9298398908532433e-01
0.44800000, 2.07314745500602064327026669009006160269e+00, -9.40241676247340412008234424619083915107e-01, 2.78096773590540754358918478999894272324e+01, 1.31347419526622182368398787459881661336e-01, 4.52379254325241258881337963035024964699e+00, 8.66979237466752046857381815951259558573e-01, 6.3488988703288986e-01, -1.9198904708829845e-01
0.44900000, 2.07349584908328292460598610088832218400e+00, -9.40139191232408259864024565049628215299e-01, 2.78090518776831585239428786016476997904e+01, 1.31804307568895257031096181687497130202e-01, 4.52347218935833652898236488929705102343e+00, 8.67098075561390078941298609960868356509e-01, 6.3606045580988409e-01, -1.9098774782504346e-01
0.45000000, 2.07384483835843864679901644868492663236e+00, -9.40036338778789335730330277995467759384e-01, 2.78084252647032913620893121113816527867e+01, 1.32261896813952256368197185204189930851e-01, 4.52315110753214531807863357997769662241e+00, 8.67217046595582503822756833415017735547e-01, 6.3723233339681222e-01, -1.8998005830829771e-01
0.45100000, 2.07419442389741203999042684512220107953e+00, -9.39933117666195410338088093052151076203e-01, 2.78077975179001953426248042875978459920e+01, 1.32720186826998968953700809679983477439e-01, 4.52282929584043531408806544600254880351e+00, 8.67336150399306294425464325953844327369e-01, 6.3840550433924891e-01, -1.8896594541081423e-01
0.45200000, 2.07454460676969204773696231697175518909e+00, -9.39829526668009751937463976208486116416e-01, 2.78071686350520071271468772501120479905e+01, 1.33179177169369308438754380560879374028e-01, 4.52250675234113839141279240830144797255e+00, 8.67455386800282323524732827421821421414e-01, 6.3957995296964397e-01, -1.8794537586519754e-01
0.45300000, 2.07489538804834532893081724557189937521e+00, -9.39725564551247556767540682586884041589e-01, 2.78065386139292471627558473536855303190e+01, 1.33638867398495011035122536232987260798e-01, 4.52218347508347392191073862587930826327e+00, 8.67574755623953424180951427322592259321e-01, 6.4075566340519115e-01, -1.8691831626374809e-01
0.45400000, 2.07524676881002930634618596602584055653e+00, -9.39621230076516066870288600717727359293e-01, 2.78059074522947880263722523310449975824e+01, 1.34099257067875078150921433060482920537e-01, 4.52185946210790041780003068443710082160e+00, 8.67694256693462227575080385974575466415e-01, 6.4193261954567777e-01, -1.8588473305831481e-01
0.45500000, 2.07559875013500526177982702665268385605e+00, -9.39516521997974372340378604031833189812e-01, 2.78052751479038225961314272388374117345e+01, 1.34560345727044961710017233211636252004e-01, 4.52153471144606683363627404697791121492e+00, 8.67813889829628775740017433744493620513e-01, 6.4311080507131490e-01, -1.8484459256015574e-01
0.45600000, 2.07595133310715147774778874696605233294e+00, -9.39411439063292895070934034549198848586e-01, 2.78046416985038320488075226582296315229e+01, 1.35022132921545489659048758569497257219e-01, 4.52120922112076352454423262757114529618e+00, 8.67933654850927906650067567827529457555e-01, 6.4429020344054795e-01, -1.8379786093980699e-01
0.45700000, 2.07630451881397642569523428157259008361e+00, -9.39305980013612551023472006347040703891e-01, 2.78040071018345536822128790789268414138e+01, 1.35484618192891529138250188047346442730e-01, 4.52088298914587285785871196235510357826e+00, 8.68053551573466409098682347000322466417e-01, 6.4547079788784754e-01, -1.8274450422696023e-01
0.45800000, 2.07665830834663200067097191182240284472e+00, -9.39200143583503588018046459902181426282e-01, 2.78033713556279485615122689328596646509e+01, 1.35947801078540384764116016920561801538e-01, 4.52055601352631947530242985144450024706e+00, 8.68173579810959944762118846521705728680e-01, 6.4665257142148045e-01, -1.8168448831034883e-01
0.45900000, 2.07701270279992680241283820953380735266e+00, -9.39093928500924096006971471193051800835e-01, 2.78027344576081689883850927605574916009e+01, 1.36411681111859929443462270015964370774e-01, 4.52022829225802020280135839752137929740e+00, 8.68293739374709734813694773747113906555e-01, 6.4783550682126055e-01, -1.8061777893764288e-01
0.46000000, 2.07736770327233946278449545802611134286e+00, -9.38987333487178186762467789369323400846e-01, 2.78020964054915257919621689259222144159e+01, 1.36876257822096465109590174212884629985e-01, 4.51989982332783360501043490204296710821e+00, 8.68414030073579008419877636668610751424e-01, 6.4901958663627946e-01, -1.7954434171535324e-01
0.46100000, 2.07772331086603201949848763191636817080e+00, -9.38880357256873839875132929876757963735e-01, 2.78014571969864554404572875986337170199e+01, 1.37341530734342310742046080639072328609e-01, 4.51957060471350918159466289303652182092e+00, 8.68534451713969210415535057659930251578e-01, 6.5020479318261683e-01, -1.7846414210874482e-01
0.46200000, 2.07807952668686333605454863092997823335e+00, -9.38772998517880411926279789018995823375e-01, 2.78008168297934869724072098714114314168e+01, 1.37807499369503115001889235293471171113e-01, 4.51924063438363620228245540817582460294e+00, 8.68655004099795965421282964663222641171e-01, 6.5139110854103011e-01, -1.7737714544175932e-01
0.46300000, 2.07843635184440256781616958079817717588e+00, -9.38665255971285805662914989378137921805e-01, 2.78001753016052087464272823647671314472e+01, 1.38274163244264890784421800535820819302e-01, 4.51890991029759217767960726566832561201e+00, 8.68775687032464795630990977374844062497e-01, 6.5257851455462354e-01, -1.7628331689694755e-01
0.46400000, 2.07879378745194267414230604562121077762e+00, -9.38557128311353295969430245723652625781e-01, 2.77995326101062350083833070074783744055e+01, 1.38741521871060768960998019361556861627e-01, 4.51857843040549096280351810910851166936e+00, 8.68896500310846589462132213807141043331e-01, 6.5376699282649627e-01, -1.7518262151541161e-01
0.46500000, 2.07915183462651397648483807208542174141e+00, -9.38448614225478009394952103118255228332e-01, 2.77988887529731722748737553999290852635e+01, 1.39209574758037468550806197126376006400e-01, 4.51824619264813049026822015945949823563e+00, 8.69017443731252818225790219329480512658e-01, 6.5495652471736949e-01, -1.7407502419675702e-01
0.46600000, 2.07951049448889776235598317836838993286e+00, -9.38339712394143053959731499233773993610e-01, 2.77982437278745855319098478237821230563e+01, 1.39678321409021480532402774567539451970e-01, 4.51791319495694013002139045884788075364e+00, 8.69138517087410497936750879166526280976e-01, 6.5614709134319221e-01, -1.7296048969905514e-01
0.46700000, 2.07986976816363993506330172040874489163e+00, -9.38230421490875295927948707565809010013e-01, 2.77975975324709642476744291307653478048e+01, 1.40147761323484962473266618991832527899e-01, 4.51757943525392767250484352022521054122e+00, 8.69259720170436893347203993943604662847e-01, 6.5733867357272579e-01, -1.7183898263881598e-01
0.46800000, 2.08022965677906470910322246432988932374e+00, -9.38120740182200780197855201738630590627e-01, 2.77969501644146881982339680233782907978e+01, 1.40617893996511341123728117535129328802e-01, 4.51724491145162593208000323932609433951e+00, 8.69381052768813961250149515616132784709e-01, 6.5853125202510681e-01, -1.7071046749097167e-01
0.46900000, 2.08059016146728835109715055163306729183e+00, -9.38010667127599790923265624676746327211e-01, 2.77963016213499931050713832514954602389e+01, 1.41088718918760620089305978894268580408e-01, 4.51690962145303896752953917737696707763e+00, 8.69502514668362530060638956621694287259e-01, 6.5972480706738821e-01, -1.6957490858887075e-01
0.47000000, 2.08095128336423296614719718395395441728e+00, -9.37900200979461548943044036606753534526e-01, 2.77956519009129360833007606349392023331e+01, 1.41560235576434389662749009093688560503e-01, 4.51657356315158791641571834243768784850e+00, 8.69624105652216212644474753548708080365e-01, 6.6091931881205858e-01, -1.6843227012428356e-01
0.47100000, 2.08131302360964032948138703113705559777e+00, -9.37789340383038542557392542863996394069e-01, 2.77950010007313608994183692508973396850e+01, 1.42032443451240535863924602091084573354e-01, 4.51623673443105644004506580260557902116e+00, 8.69745825500795049324930797109690998656e-01, 6.6211476711453933e-01, -1.6728251614741889e-01
0.47200000, 2.08167538334708576325085226690448187149e+00, -9.37678083976400488151440758646077145037e-01, 2.77943489184248630374377142889982749111e+01, 1.42505342020357645702114263394623457171e-01, 4.51589913316553577575764223449343498413e+00, 8.69867673991778877958437192961430814907e-01, 6.6331113157065957e-01, -1.6612561056695220e-01
0.47300000, 2.08203836372399205833400787814218319206e+00, -9.37566430390387917127844746005470734399e-01, 2.77936956516047545722496786936876112490e+01, 1.42978930756399105641263055431880837813e-01, 4.51556075721936939322763018436529456556e+00, 8.69989650900080427929982701482257919376e-01, 6.6450839151410864e-01, -1.6496151715006545e-01
0.47400000, 2.08240196589164344099501802383621521990e+00, -9.37454378248565385570827350178714041150e-01, 2.77930411978740288490421065270576952923e+01, 1.43453209127376890214278211641514886038e-01, 4.51522160444709725142996969571449792485e+00, 8.70111755997818134878220173021110221439e-01, 6.6570652601386596e-01, -1.6379019952249910e-01
0.47500000, 2.08276619100519958423600421284059758665e+00, -9.37341926167174303024321456652646980547e-01, 2.77923855548273249676064687659828093815e+01, 1.43928176596665037697576008341595539412e-01, 4.51488167269339965289549429385969698003e+00, 8.70233989054288672918904444946839725392e-01, 6.6690551387160814e-01, -1.6261162116861611e-01
0.47600000, 2.08313104022370966367440932708655439516e+00, -9.37229072755085376726606671476634166640e-01, 2.77917287200508920703525277932930655284e+01, 1.44403832622962809721728905580327737245e-01, 4.51454095979304069184438633224412268927e+00, 8.70356349835939201093339234191538344823e-01, 6.6810533361909307e-01, -1.6142574543147852e-01
0.47700000, 2.08349651471012645776871336434283517225e+00, -9.37115816613750667603051273280472980545e-01, 2.77910706911225534328451809799817592632e+01, 1.44880176660257531658260464911933207423e-01, 4.51419946357081129275479257208866740414e+00, 8.70478838106339320725950016569909152427e-01, 6.6930596351552097e-01, -1.6023253551293667e-01
0.47800000, 2.08386261563132049220729346100568852865e+00, -9.37002156337155254277277866250495535984e-01, 2.77904114656116703556709173392736878015e+01, 1.45357208157787110586367014417588313639e-01, 4.51385718184147183589011272066030958266e+00, 8.70601453626152740331924038065330400138e-01, 6.7050738154487198e-01, -1.5903195447373133e-01
0.47900000, 2.08422934415809422826662845075126654288e+00, -9.36888090511768501319255739116019079717e-01, 2.77897510410791058564345651487527431181e+01, 1.45834926560002227606605745108351933361e-01, 4.51351411240969436627479158536215223284e+00, 8.70724196153108644672056589859331651301e-01, 6.7170956541322036e-01, -1.5782396523360907e-01
0.48000000, 2.08459670146519629493626300893345739931e+00, -9.36773617716494927906478154505164366650e-01, 2.77890894150771881606802435992111188057e+01, 1.46313331306528201231372066821395015640e-01, 4.51317025307000438257440556036223013331e+00, 8.70847065441972764507504461529972731258e-01, 6.7291249254602496e-01, -1.5660853057145098e-01
0.48100000, 2.08496468873133576459896433289671107723e+00, -9.36658736522624673031501190817031384050e-01, 2.77884265851496739905236588854150424286e+01, 1.46792421832126518544287695626174934991e-01, 4.51282560160672220230143235597981429326e+00, 8.70970061244518143562062852671648952464e-01, 6.7411614008539580e-01, -1.5538561312541517e-01
0.48200000, 2.08533330713919647204532123846077249124e+00, -9.36543445493783553345694754578590566735e-01, 2.77877625488317116497761056838323710096e+01, 1.47272197566656030782428047526908787995e-01, 4.51248015579390389973332517180659532949e+00, 8.71093183309495599153840579674294955996e-01, 6.7532048488733665e-01, -1.5415517539309318e-01
0.48300000, 2.08570255787545137659264735046346291964e+00, -9.36427743185882709685078277311325228748e-01, 2.77870973036498039043337496779351734014e+01, 1.47752657935033809956625921043074369979e-01, 4.51213391339528181289437482231575438408e+00, 8.71216431382603872911799585953489737076e-01, 6.7652550351896334e-01, -1.5291717973168058e-01
0.48400000, 2.08607244213077696706845248044614953979e+00, -9.36311628147067838279575590113071014349e-01, 2.77864308471217706565989767394244708558e+01, 1.48233802357195663085890895491586829454e-01, 4.51178687216420461591733152441184972720e+00, 8.71339805206459467945537788377776499783e-01, 6.7773117225569762e-01, -1.5167158835816214e-01
0.48500000, 2.08644296109986770940893497771367909266e+00, -9.36195098917668002601917593041527605312e-01, 2.77857631767567114126938006350457033735e+01, 1.48715630248056300582272967157946058940e-01, 4.51143902984357695306486798170983942171e+00, 8.71463304520566168788918217673898232057e-01, 6.7893746707843650e-01, -1.5041836334951169e-01
0.48600000, 2.08681411598145053661291837984826997327e+00, -9.36078154030144021766739543199267372271e-01, 2.77850942900549675412185248209125254632e+01, 1.49198141017469155282267187915437586146e-01, 4.51109038416579863065469283747668789110e+00, 8.71586929061284240389671090075498118572e-01, 6.8014436367069669e-01, -1.4915746664290704e-01
0.48700000, 2.08718590797829938078140355040412588267e+00, -9.35960792009036431344153887982338940748e-01, 2.77844241845080843223020561636645967691e+01, 1.49681334070185848580095835247432139432e-01, 4.51074093285270336309546425942349863406e+00, 8.71710678561799302367907537751399975713e-01, 6.8135183741573416e-01, -1.4788886003596025e-01
0.48800000, 2.08755833829724974696242805432948124328e+00, -9.35843011370913012405221253560420829565e-01, 2.77837528575987727856834704824720310723e+01, 1.50165208805815300076908181072701730059e-01, 4.51039067361549706920360306199062302868e+00, 8.71834552752090874716572681599885951750e-01, 6.8255986339363843e-01, -1.4661250518696350e-01
0.48900000, 2.08793140814921332851021306718135826471e+00, -9.35724810624315884569283018934166807241e-01, 2.77830803068008713365576328688971879684e+01, 1.50649764618782477118097366139867649864e-01, 4.51003960415469571493365901697368676167e+00, 8.71958551358900591066219801593480201480e-01, 6.8376841637840157e-01, -1.4532836361515084e-01
0.49000000, 2.08830511874919266365662982392324795930e+00, -9.35606188269708158775050286643935385704e-01, 2.77824065295793071679108810839283738864e+01, 1.51135000898286780548541226562778559279e-01, 4.50968772216006269861703845697953775453e+00, 8.72082674105700075585094587581112718824e-01, 6.8497747083496164e-01, -1.4403639670097619e-01
0.49100000, 2.08867947131629583298182756629482666224e+00, -9.35487142799420145448657292091500954153e-01, 2.77817315233900574580659892651455772159e+01, 1.51620917028260062972621029234021132233e-01, 4.50933502531054577476565149777356183637e+00, 8.72206920712658479533366664637806063194e-01, 6.8618700091622037e-01, -1.4273656568640776e-01
0.49200000, 2.08905446707375119745942811916904701197e+00, -9.35367672697595113692573527857947665442e-01, 2.77810552856801103521488430561489975826e+01, 1.52107512387324275762350691414954724439e-01, 4.50898151127421351245837870807293253189e+00, 8.72331290896609673437422391660156060532e-01, 6.8739698046003491e-01, -1.4142883167523937e-01
0.49300000, 2.08943010724892217674000348387703675241e+00, -9.35247776440134597069319112097339383000e-01, 2.77803778138874257261824774925435942137e+01, 1.52594786348748741012850790579836065225e-01, 4.50862717770819128428918530492423102947e+00, 8.72455784371019090796425718310911705775e-01, 6.8860738298618346e-01, -1.4011315563341885e-01
0.49400000, 2.08980639307332206732460693887253229063e+00, -9.35127452494643241503333074819404659684e-01, 2.77796991054408957325073569858429760484e+01, 1.53082738280407044599717980823089833421e-01, 4.50827202225859678181622136852201805740e+00, 8.72580400845950219178849816090438388284e-01, 6.8981818169330460e-01, -1.3878949838939380e-01
0.49500000, 2.09018332578262890026791973234963629826e+00, -9.35006699320373190773095003044311467177e-01, 2.77790191577603051252200140261949822653e+01, 1.53571367544733546447562650049818942990e-01, 4.50791604256047505341133452379280746708e+00, 8.72705140028030734511368206431867068871e-01, 6.9102934945581007e-01, -1.3745782063447523e-01
0.49600000, 2.09056090661670033803809907038619640789e+00, -9.34885515368168005013687460025821560456e-01, 2.77783379682562913643154113112740561729e+01, 1.54060673498679504073106964515009837888e-01, 4.50755923623773306036908235117850530958e+00, 8.72830001620418274306356889667633212175e-01, 6.9224085882077090e-01, -1.3611808292321918e-01
0.49700000, 2.09093913681958861014766316401169365999e+00, -9.34763899080406107597400211339317458515e-01, 2.77776555343303044972116524846007366746e+01, 1.54550655493668805419742896826459757905e-01, 4.50720160090307374709356074168461025877e+00, 8.72954985322765845517284991512727365923e-01, 6.9345268200477658e-01, -1.3477024567382680e-01
0.49800000, 2.09131801763955548715671989611516686259e+00, -9.34641848890943755706707837182152082476e-01, 2.77769718533745668163289411639326894083e+01, 1.55041312875553306953336316504773793850e-01, 4.50684313415792962114015672899736866701e+00, 8.73080090831186862653446902315305064660e-01, 6.9466479089076718e-01, -1.3341426916856310e-01
0.49900000, 2.09169755032908729263653137913001948082e+00, -9.34519363225057529859989917957887045444e-01, 2.77762869227720322913879781419766848369e+01, 1.55532644984567772941319485670577347375e-01, 4.50648383359239583884768519333870227026e+00, 8.73205317838219811726799753865392844881e-01, 6.9587715702483818e-01, -1.3205011355419488e-01
0.50000000, 2.09207773614490995266780134702465428982e+00, -9.34396440499386337595697625386684294396e-01, 2.77756007398963457750862942823674681818e+01, 1.56024651155284411788730941659814686454e-01, 4.50612369678516279225427336790198444630e+00, 8.73330666032792535544102070439319555054e-01, 6.9708975161301772e-01, -1.3067773884244802e-01
0.50100000, 2.09245857634800408243416988280192698930e+00, -9.34273079121872926465292051671258557773e-01, 2.77749133021118019808043435020360041074e+01, 1.56517330716567005255829204083341596886e-01, 4.50576272130344819294781037028769670862e+00, 8.73456135100186135797087997703867416630e-01, 6.9830254551801635e-01, -1.2929710491048454e-01
0.50200000, 2.09284007220362010945719421754945315935e+00, -9.34149277491704901429177621015264302813e-01, 2.77742246067733042309865281700885296978e+01, 1.57010682991524626332215299490338355328e-01, 4.50540090470292864845877606008719083799e+00, 8.73581724721998487342041844033305284665e-01, 6.9951550925594867e-01, -1.2790817150139984e-01
0.50300000, 2.09322222498129343300457890780008592035e+00, -9.34025033999255241693017943345528573837e-01, 2.77735346512263229748357001629098292292e+01, 1.57504707297464941492038875706743612291e-01, 4.50503824452767072675979937181708346808e+00, 8.73707434576107359997844683640446465129e-01, 7.0072861299302711e-01, -1.2651089822474040e-01
0.50400000, 2.09360503595485961918858712688892658410e+00, -9.33900347026022311964240814879977207276e-01, 2.77728434328068540739530766531013082040e+01, 1.57999402945847093003823640467432375296e-01, 4.50467473831006150439236582214936868746e+00, 8.73833264336633143128333115329906637789e-01, 7.0194182654222724e-01, -1.2510524455704237e-01
0.50500000, 2.09398850640246963125641047599592390235e+00, -9.33775214944569363050202899948987458885e-01, 2.77721509488413768545489324932739745789e+01, 1.58494769242234156916719799613629496883e-01, 4.50431038357073859369669202414920583543e+00, 8.73959213673901168210624310570869897781e-01, 7.0315511935992471e-01, -1.2369116984239134e-01
0.50600000, 2.09437263760660509455879087188396826596e+00, -9.33649636118463516660381926346645439994e-01, 2.77714571966468119248428828629352824305e+01, 1.58990805486245172292563714474699710058e-01, 4.50394517781851964457590659112539042806e+00, 8.74085282254403624525905300626770402955e-01, 7.0436846054250352e-01, -1.2226863329300382e-01
0.50700000, 2.09475743085409359566736779536708536272e+00, -9.33523608902214229215083800019927143081e-01, 2.77707621735304787562660528187607900932e+01, 1.59487510971506737199987599766580878164e-01, 4.50357911855033131618031656039023358237e+00, 8.74211469740761063043041834429877514560e-01, 7.0558181882293531e-01, -1.2083759398983057e-01
0.50800000, 2.09514288743612401509506043248968504838e+00, -9.33397131641211229402482523081833659204e-01, 2.77700658767900530270709467308580914781e+01, 1.59984884985604166932964021071207021144e-01, 4.50321220325113771385169114377643589772e+00, 8.74337775791683483498216579823924087053e-01, 7.0679516256732968e-01, -1.1939801088318250e-01
0.50900000, 2.09552900864826189305727980192508258710e+00, -9.33270202671661924164340629303182737747e-01, 2.77693683037135237269483825717757495207e+01, 1.60482926810032209861580325190585551514e-01, 4.50284442939386828662115489744761297052e+00, 8.74464200061930999605641131206576875697e-01, 7.0800845977145516e-01, -1.1794984279337921e-01
0.51000000, 2.09591579579046482769489347383809730588e+00, -9.33142820320528267728475295983099893543e-01, 2.77686694515791500212444459904524503084e+01, 1.60981635720145316267505866479522650262e-01, 4.50247579443934518050744492770860999009e+00, 8.74590742202274077265184108363270484003e-01, 7.0922167805723074e-01, -1.1649304841142076e-01
0.51100000, 2.09630325016709790516262742444402032891e+00, -9.33014982905463088242928425072908710129e-01, 2.77679693176554178733640494592324731406e+01, 1.61481010985107455460528712059782297459e-01, 4.50210629583621004281494609043617066666e+00, 8.74717401859453340562501151505261570710e-01, 7.1043478466918768e-01, -1.1502758629968307e-01
0.51200000, 2.09669137308694916096897825054750224559e+00, -9.32886688734745866502855693118640379198e-01, 2.77672678992009964239413550092737199027e+01, 1.61981051867841476415686964991247012875e-01, 4.50173593102085027258306882647141742055e+00, 8.74844178676138940285924082263253361995e-01, 7.1164774647090144e-01, -1.1355341489263728e-01
0.51300000, 2.09708016586324507193571653631421574848e+00, -9.32757936107217961196357538022864266250e-01, 2.77665651934646941253510377224313977831e+01, 1.62481757624978007112891291975330077097e-01, 4.50136469741732471229017077959230526290e+00, 8.74971072290889479611947828220713592747e-01, 7.1286052994139357e-01, -1.1207049249759358e-01
0.51400000, 2.09746962981366607812668059649095962137e+00, -9.32628723312217275029821772027564417505e-01, 2.77658611976854146301281338557760046312e+01, 1.62983127506803887702517841035614018005e-01, 4.50099259243728877586634009186180808502e+00, 8.75098082338110491537626484034799287574e-01, 7.1407310117150322e-01, -1.1057877729546983e-01
0.51500000, 2.09785976626036213407678091763000761654e+00, -9.32499048629512356026820274686523367406e-01, 2.77651559090921124318580349455557256249e+01, 1.63485160757210132561232446448877930218e-01, 4.50061961347991900801994963609266973653e+00, 8.75225208448012462563535349080261775828e-01, 7.1528542586022826e-01, -1.0907822734158560e-01
0.51600000, 2.09825057652996828863295100427530472414e+00, -9.32368910329235928227188112234040822697e-01, 2.77644493249037482570920602574677868160e+01, 1.63987856613639416242275602505841521451e-01, 4.50024575793183706983295174821475570247e+00, 8.75352450246568397055154836062685453499e-01, 7.1649746931103562e-01, -1.0756880056648178e-01
0.51700000, 2.09864206195362029269918145041113598949e+00, -9.32238306671817845944599327741514655903e-01, 2.77637414423292442068379673880878894628e+01, 1.64491214307033078263580698230874566794e-01, 4.49987102316703314552940653323934078468e+00, 8.75479807355470916633565328791872013180e-01, 7.1770919642814078e-01, -1.0605045477676649e-01
0.51800000, 2.09903422386697023415775215062767036599e+00, -9.32107235907917465671726215026695760562e-01, 2.77630322585674386461687476306361124367e+01, 1.64995233061777641615402786238689867787e-01, 4.49949540654678876527071775546423835518e+00, 8.75607279392088888868189560155280302669e-01, 7.1892057171275612e-01, -1.0452314765598758e-01
0.51900000, 2.09942706361020219921832370197401035756e+00, -9.31975696278355429651914578185374684894e-01, 2.77623217708070408404871019354794799784e+01, 1.65499912095650839806588841367505416461e-01, 4.49911890541959903877948285315443005822e+00, 8.75734865969423579464960694113296483585e-01, 7.2013155925930805e-01, -1.0298683676553224e-01
0.52000000, 2.09982058252804795942565409216891573392e+00, -9.31843686014044855065212518362356998726e-01, 2.77616099762265853369771080488731379182e+01, 1.66005250619767147205209962269235795057e-01, 4.49874151712109429454174185521563668614e+00, 8.75862566696064322062709462574640461110e-01, 7.2134212275162250e-01, -1.0144147954555412e-01
0.52100000, 2.10021478196980268353536138829130931974e+00, -9.31711203335921922704540687444389778614e-01, 2.77608968719943860897687729202188298084e+01, 1.66511247838522807364987974195524833119e-01, 4.49836323897396111928472798590778627698e+00, 8.75990381176143699668731479491250729318e-01, 7.2255222545907884e-01, -9.9887033315928553e-02
0.52200000, 2.10060966328934067344534779296269082409e+00, -9.31578246454875858944773485314286017201e-01, 2.77601824552684903273354200396056662758e+01, 1.67017902949540353963769870941404342227e-01, 4.49798406828786279237397453555791592493e+00, 8.76118309009292231681394888703028221528e-01, 7.2376183023273179e-01, -9.8323455277236265e-02
0.52300000, 2.10100522784513112334822537341868805785e+00, -9.31444813571678304733498902879425374555e-01, 2.77594667231966321606381924103653025209e+01, 1.67525215143612618914219726012960010176e-01, 4.49760400235935910971981211134940590288e+00, 8.76246349790592560363257057342412848457e-01, 7.2497089950140124e-01, -9.6750702511776090e-02
0.52400000, 2.10140147700025390124732902931369362004e+00, -9.31310902876912065257224942147343567794e-01, 2.77587496729161859305263618808940343334e+01, 1.68033183604646222139895111635667967605e-01, 4.49722303847182559172889157222463347175e+00, 8.76374503110533130542454953331608810268e-01, 7.2617939526772980e-01, -9.5168731984607201e-02
0.52500000, 2.10179841212241535195565766470552010905e+00, -9.31176512550899233860787853090276763221e-01, 2.77580313015541192928966281620752190298e+01, 1.68541807509604537441939455321770405055e-01, 4.49684117389537206978138465435489125623e+00, 8.76502768554961356233094577686901449956e-01, 7.2738727910420777e-01, -9.3577500544621340e-02
0.52600000, 2.10219603458396412067333966094491368326e+00, -9.31041640763628683720676647738689534148e-01, 2.77573116062269460401091697509234459882e+01, 1.69051086028450128812738661125085061523e-01, 4.49645840588676064565894031628326078508e+00, 8.76631145705036267776967369163421014164e-01, 7.2859451214916542e-01, -9.1976964925645577e-02
0.52700000, 2.10259434576190699621496297286021658643e+00, -9.30906285674682920694904070349504156951e-01, 2.77565905840406786571528779836306786214e+01, 1.69561018324086651483045003360743777269e-01, 4.49607473168932301829230393289649013813e+00, 8.76759634137180633019142435886643759320e-01, 7.2980105510273233e-01, -9.0367081747576108e-02
0.52800000, 2.10299334703792477293333261822779726811e+00, -9.30770445433164290692910752432127953149e-01, 2.77558682320907806110469684773575541130e+01, 1.70071603552300211918248789994213177661e-01, 4.49569014853287717214073235163168550951e+00, 8.76888233423032545938798929282866689894e-01, 7.3100686822276364e-01, -8.8747807517543613e-02
0.52900000, 2.10339303979838813036090788694425535986e+00, -9.30634118177620534828770740662089066455e-01, 2.77551445474621183719610253274131305019e+01, 1.70582840861700180907663360598793779153e-01, 4.49530465363364342145795414949757707559e+00, 8.77016943129396476064048541629351389033e-01, 7.3221191132073294e-01, -8.7119098631110731e-02
0.53000000, 2.10379342543437352956431690217194432534e+00, -9.30497302035969685539656771526979456875e-01, 2.77544195272289131645304967576453321108e+01, 1.71094729393659453817866138436649728821e-01, 4.49491824419415980464142480255873983288e+00, 8.77145762818193771905429200943714412621e-01, 7.3341614375759168e-01, -8.5480911373502168e-02
0.53100000, 2.10419450534167912518093560956741434386e+00, -9.30359995125424296769106131118612009356e-01, 2.77536931684546924478397307479633320924e+01, 1.71607268282254152007291940888080288114e-01, 4.49453091740319682280300445806932065386e+00, 8.77274692046412611547202306550555083660e-01, 7.3461952443959478e-01, -8.3833201920868015e-02
0.53200000, 2.10459628092084069207953998311167560922e+00, -9.30222195552415001231085964285281722574e-01, 2.77529654681922411225398198764472662424e+01, 1.72120456654202759324388539610454981111e-01, 4.49414267043567151663993509202705197645e+00, 8.77403730366057393438531566424405697946e-01, 7.3582201181409240e-01, -8.2175926341580817e-02
0.53300000, 2.10499875357714756555948208360869040864e+00, -9.30083901412513387686173492433916299906e-01, 2.77522364234835524635638207317198113223e+01, 1.72634293628804687535702248308113753435e-01, 4.49375350045256087562510750156416974476e+00, 8.77532877324097560328035444426975280142e-01, 7.3702356386528757e-01, -8.0509040597566968e-02
0.53400000, 2.10540192472065859397469018494036634272e+00, -9.29945110790354191075324492429712445318e-01, 2.77515060313597787768973294194920779739e+01, 1.73148778317878264453246517938625842479e-01, 4.49336340460081457347508023423321886148e+00, 8.77662132462415849185060683018312613415e-01, 7.3822413810995943e-01, -7.8832500545673019e-02
0.53500000, 2.10580579576621810264003781340377063561e+00, -9.29805821759556788269685024951864661979e-01, 2.77507742888411817788579356823111336925e+01, 1.73663909825698138452402266674681283339e-01, 4.49297238001326702379313555925795557559e+00, 8.77791495317755959849294105833441663177e-01, 7.3942369159315207e-01, -7.7146261939067461e-02
0.53600000, 2.10621036813347186784825326353242664920e+00, -9.29666032382645992106688934879804678707e-01, 2.77500411929370826963327488854448956344e+01, 1.74179687248932092992387803749655540361e-01, 4.49258042380854874972282525658800019973e+00, 8.77920965421669635046986174730320658724e-01, 7.4062218088382859e-01, -7.5450280428678599e-02
0.53700000, 2.10661564324688309979553670653684823944e+00, -9.29525740710972136293258940160924087403e-01, 2.77493067406458120864189946451475368392e+01, 1.74696109676577264671001264411345359341e-01, 4.49218753309099706138496460913205568446e+00, 8.78050542300463144307074295914314790741e-01, 7.4181956207049022e-01, -7.3744511564669116e-02
0.53800000, 2.10702162253574843318340284504952007121e+00, -9.29384944784630443666273741139680602974e-01, 2.77485709289546593739086263812785636273e+01, 1.75213176189895758263861697212158082186e-01, 4.49179370495056603480786975715165722645e+00, 8.78180225475143164203837815186255026545e-01, 7.4301579075676045e-01, -7.2028910797947923e-02
0.53900000, 2.10742830743421392423295933670075166353e+00, -9.29243642632379670208558776873586899158e-01, 2.77478337548398221050539869036744196924e+01, 1.75730885862349652115738266369383376090e-01, 4.49139893646273578599679469178780615415e+00, 8.78310014461362047244360634874692136189e-01, 7.4421082205693373e-01, -7.0303433481719940e-02
0.54000000, 2.10783569938129105281585074477036981623e+00, -9.29101832271560017125484975901706581439e-01, 2.77470952152663549160477967802513182320e+01, 1.76249237759535387167742068718990333985e-01, 4.49100322468842103372400276315865555834e+00, 8.78439908769362471608991480642230333179e-01, 7.4540461059148883e-01, -6.8568034873074421e-02
0.54100000, 2.10824379982087272837343009406945366525e+00, -9.28959511708010303192798728200406536204e-01, 2.77463553071881182146471443282394897843e+01, 1.76768230939117532819143114930216649914e-01, 4.49060656667387894455569675010671464535e+00, 8.78569907903921463841145523743792287399e-01, 7.4659711048256639e-01, -6.6822670134612470e-02
0.54200000, 2.10865261020174929826235040577608159588e+00, -9.28816678935984389490537653593770824213e-01, 2.77456140275477265733677124202830638084e+01, 1.77287864450761922736347060481650294905e-01, 4.49020895945061625356612433367998775546e+00, 8.78700011364293786469153212621347900736e-01, 7.4778827534941068e-01, -6.5067294336114397e-02
0.54300000, 2.10906213197762455713068171404352954579e+00, -9.28673331938066848540790543958887243164e-01, 2.77448713732764968326712058691089704898e+01, 1.77808137336068153634102933882573978094e-01, 4.48981040003529565412256524343227059117e+00, 8.78830218644154682427401074268247061200e-01, 7.4897805830377529e-01, -6.3301862456247568e-02
0.54400000, 2.10947236660713175589383954611858135917e+00, -9.28529468685087869768615764036651952097e-01, 2.77441273412943959125658460798322593582e+01, 1.78329048628501439965294700075259619506e-01, 4.48941088542964145005758537269988267113e+00, 8.78960529231541968026692583440746623977e-01, 7.5016641194529259e-01, -6.1526329384315431e-02
0.54500000, 2.10988331555384960884404284302731545324e+00, -9.28385087136037393105619722098792237361e-01, 2.77433819285099883310368832410267950581e+01, 1.78850597353323817365675973661596459901e-01, 4.48901041262034446347690471475392731111e+00, 8.79090942608797466104552012001413844578e-01, 7.5135328835680674e-01, -5.9740649922048377e-02
0.54600000, 2.11029498028631829739068661809004278930e+00, -9.28240185237978462454494736444629230756e-01, 2.77426351318203834277213470439249468174e+01, 1.79372782527524687608618166295210862637e-01, 4.48860897857896619138246294640276221505e+00, 8.79221458252507770865066866318486162094e-01, 7.5253863909967008e-01, -5.7944778785437148e-02
0.54700000, 2.11070736227805546889190073742851925831e+00, -9.28094760925959790630202345678694155297e-01, 2.77418869481111822912387214339232829734e+01, 1.79895603159750697732337064297778345747e-01, 4.48820658026184220422077173237293932297e+00, 8.79352075633444335794780848480218159710e-01, 7.5372241520900281e-01, -5.6138670606609462e-02
0.54800000, 2.11112046300757222899965412656965542231e+00, -9.27948812122927527289442102390340178580e-01, 2.77411373742564243885868940561875601563e+01, 1.80419058250234945908120170834239272572e-01, 4.48780321460998477939640915994162633058e+00, 8.79482794216502875916074319954806852027e-01, 7.5490456718891558e-01, -5.4322279935750601e-02
0.54900000, 2.11153428395838912590203614208043699500e+00, -9.27802336739636221254545050816214171912e-01, 2.77403864071185338950106038946353617652e+01, 1.80943146790725506522775624940184774347e-01, 4.48739887854898476271953192167759003074e+00, 8.79613613460642075512367405023829902733e-01, 7.5608504500769502e-01, -5.2495561243068648e-02
0.55000000, 2.11194882661905212480678608499244365184e+00, -9.27655332674558968530952949651744437790e-01, 2.77396340435482657227476983539982534545e+01, 1.81467867764413266851841261981432556332e-01, 4.48699356898891265068454769460047937062e+00, 8.79744532818821592330315850126331699653e-01, 7.5726379809295192e-01, -5.0658468920805122e-02
0.55100000, 2.11236409248314857096972975845923107667e+00, -9.27507797813796737208966015925238884220e-01, 2.77388802803846512470568211324054292772e+01, 1.81993220145859067602007155701062045489e-01, 4.48658728282421888640459633492947810160e+00, 8.79875551737939349132904547174172753324e-01, 7.5844077532673187e-01, -4.8810957285291749e-02
0.55200000, 2.11278008304932313953050005753525499302e+00, -9.27359730030986860330440306838108362246e-01, 2.77381251144549437279286923181257084149e+01, 1.82519202900920139501694136794764370761e-01, 4.48618001693363336195322670732977303723e+00, 8.80006669658768103343940500537901718741e-01, 7.5961592504058830e-01, -4.6952980579054121e-02
0.55300000, 2.11319679982129377037574787311900653115e+00, -9.27211127187210687689567206553145520097e-01, 2.77373685425745634258819200722552626325e+01, 1.83045814986675828017771272332286549339e-01, 4.48577176818006411979061885648011127745e+00, 8.80137886015891285388867493492117289399e-01, 7.6078919501061760e-01, -4.5084492972963003e-02
0.55400000, 2.11361424430786758620697071072323881881e+00, -9.27061987130900387423747830790034081974e-01, 2.77366105615470424102433071008661745453e+01, 1.83573055351352598173963661496352319993e-01, 4.48536253341049524587688144081306058510e+00, 8.80269200237638096199029557503559622646e-01, 7.6196053245245630e-01, -4.3205448568434071e-02
0.55500000, 2.11403241802295679194607953988624307451e+00, -9.26912307697744888135860087311179125909e-01, 2.77358511681639690583118931710960837092e+01, 1.84100922934248311342574287219900834815e-01, 4.48495230945588394699934449289036937305e+00, 8.80400611746017854206459560035071930260e-01, 7.6312988401624002e-01, -4.1315801399676851e-02
0.55600000, 2.11445132248559455356686921931843905257e+00, -9.26762086710594952172880808182416786985e-01, 2.77350903592049322438055157116431784928e+01, 1.84629416665655765775695767571315577011e-01, 4.48454109313105680476436023507050654420e+00, 8.80532119956653582013922006301212595488e-01, 7.6429719578152411e-01, -3.9415505435993680e-02
0.55700000, 2.11487095921995085439463363836875751162e+00, -9.26611321979367370567844555701735944787e-01, 2.77343281314374652129884828212880175778e+01, 1.85158535466785492535094950261510863584e-01, 4.48412888123460519862691242954316792944e+00, 8.80663724278714822780253893077739867619e-01, 7.6546241325216579e-01, -3.7504514584129479e-02
0.55800000, 2.11529132975534832686925225232128744727e+00, -9.26460011300948270032468728716520686536e-01, 2.77335644816169891468790457943474912698e+01, 1.85688278249687798371390223117079599886e-01, 4.48371567054877989025331012693779414516e+00, 8.80795424114849676213981729000453868548e-01, 7.6662548135116762e-01, -3.5582782690673161e-02
0.55900000, 2.11571243562627805771914825413482295952e+00, -9.26308152459095522266425357738840237622e-01, 2.77327994064867564079357408137343276891e+01, 1.86218643917174046992982558598707512397e-01, 4.48330145783938476143339723023256343033e+00, 8.80927218861116043918703374162467400059e-01, 7.6778634441548220e-01, -3.3650263544511523e-02
0.56000000, 2.11613427837241536444455800483883695803e+00, -9.26155743224340245726166933605158199702e-01, 2.77320329027777934696223512710996625633e+01, 1.86749631362737170053420599750002218787e-01, 4.48288623985566969767903752989765839023e+00, 8.81059107906912073681766020086109996282e-01, 7.6894494619077784e-01, -3.1706910879336450e-02
0.56100000, 2.11655685953863554095853381256149385351e+00, -9.26002781353887389871389775114074550953e-01, 2.77312649672088435272522330231018108897e+01, 1.87281239470471399072450990316169018336e-01, 4.48247001333022260956512830060085437696e+00, 8.81191090634905792143301418089158184725e-01, 7.7010122982616520e-01, -2.9752678376206290e-02
0.56200000, 2.11698018067502957018300445453017564425e+00, -9.25849264591515391780616359763781190138e-01, 2.77304955964863087885140548272457855912e+01, 1.87813467114991209390900639826084147990e-01, 4.48205277497886058378804667977980302404e+00, 8.81323166420963915125650460417491457958e-01, 7.7125513786888462e-01, -2.7787519666162289e-02
0.56300000, 2.11740424333691980134501618768526835501e+00, -9.25695190667474894898969807885581091222e-01, 2.77297247873041924420826455417745452349e+01, 1.88346313161349467142730197329597084234e-01, 4.48163452150052015583423436906585767916e+00, 8.81455334634079824743574597539772622325e-01, 7.7240661225895410e-01, -2.5811388332900942e-02
0.56400000, 2.11782904908487558966494705078289237762e+00, -9.25540557298386519550970941193253544770e-01, 2.77289525363440403027206190288717823429e+01, 1.88879776464954770109059693492067882162e-01, 4.48121524957714669606857020374660654092e+00, 8.81587594636300702253363572614801168537e-01, 7.7355559432377768e-01, -2.3824237915503179e-02
0.56500000, 2.11825459948472889607400411812763264388e+00, -9.25385362187137674719082168270887598071e-01, 2.77281788402748821312787779691689795229e+01, 1.89413855871487973198669604699752605515e-01, 4.48079495587358290096825931680383012084e+00, 8.81719945782653805433958848593850022015e-01, 7.7470202477271427e-01, -2.1826021911221281e-02
0.56600000, 2.11868089610758984454265153763904908391e+00, -9.25229603022778400454723528643815954954e-01, 2.77274036957531726280059901795680008415e+01, 1.89948550216817889177394486356173365432e-01, 4.48037363703745638114317448025440966029e+00, 8.81852387421071879125470194470743749086e-01, 7.7584584369160657e-01, -1.9816693778324453e-02
0.56700000, 2.11910794052986223454475059596336412045e+00, -9.25073277480416230152564702553966666811e-01, 2.77266270994227320975822970363872886197e+01, 1.90483858326916155144922284130167407828e-01, 4.47995128969906633769791224273206106340e+00, 8.81984918892317687379918484827903941689e-01, 7.7698699053727009e-01, -1.7796206939003996e-02
0.56800000, 2.11953573433325900612409501515655763963e+00, -9.24916383221110061781022307153580173871e-01, 2.77258490479146867842924650703421752224e+01, 1.91019779017771255131760396712624678890e-01, 4.47952791047126931840426621471642482416e+00, 8.82117539529907655505639129466687135995e-01, 7.7812540413194222e-01, -1.5764514782339008e-02
0.56900000, 2.11996427910481765497066789061264146596e+00, -9.24758917891763027022033477297665311585e-01, 2.77250695378474088757610408739528662921e+01, 1.91556311095301689061498923123210238278e-01, 4.47910349594936404506536481258533358117e+00, 8.82250248660034610110474922107373466585e-01, 7.7926102265769101e-01, -1.3721570667323605e-02
0.57000000, 2.12039357643691559485330318163160845373e+00, -9.24600879125014347131303171019183014646e-01, 2.77242885658264561736742286362190143848e+01, 1.92093453355268278193961118977682834162e-01, 4.47867804271097530336436350949820622318e+00, 8.82383045601489605069620646759719902059e-01, 7.8039378365078375e-01, -1.1667327925956613e-02
0.57100000, 2.12082362792728546469347586341507449358e+00, -9.24442264539130164186301912125124696975e-01, 2.77235061284445114299185917291086191658e+01, 1.92631204583185597033349181498919887800e-01, 4.47825154731593688640131472759178505454e+00, 8.82515929665582821161699585210797577450e-01, 7.8152362399601516e-01, -9.6017398663947382e-03
0.57200000, 2.12125443517903037750164147102779999494e+00, -9.24283071737893336243290307096963178254e-01, 2.77227222222813213465716980050755779308e+01, 1.93169563554232521552037778443218392855e-01, 4.47782400630617358303165454176129981831e+00, 8.82648900156063526931298093006471833139e-01, 7.8265047992099506e-01, -7.5247597761702147e-03
0.57300000, 2.12168599980063910833286785353239973450e+00, -9.24123298310492184776533618790425938439e-01, 2.77219368439036352381853963778745897806e+01, 1.93708529033161883445205340171292575806e-01, 4.47739541620558220202863698166426332963e+00, 8.82781956369039088147701479740650391352e-01, 7.8377428699039549e-01, -5.4363409254739521e-03
0.57400000, 2.12211832340600121835241884738468064236e+00, -9.23962941831408182622610349851218200087e-01, 2.77211499898651433548084437777693005078e+01, 1.94248099774209219993990556628421766944e-01, 4.47696577351991162300000658302878360414e+00, 8.82915097592893013037904204359220889804e-01, 7.8489498010015716e-01, -3.3364365705052155e-03
0.57500000, 2.12255140761442211203442988768583746396e+00, -9.23801999860302570500279015167338911929e-01, 2.77203616567064148642017110084738262548e+01, 1.94788274521000608975284661248980879400e-01, 4.47653507473664186489622066052405395045e+00, 8.83048323108202020277050350363402585276e-01, 7.8601249347165505e-01, -1.2249999568888902e-03
0.57600000, 2.12298525405063802444782717949601200539e+00, -9.23640469941901890021712312045983294355e-01, 2.77195718409548354917061980933303384768e+01, 1.95329052006459577914584218470532047774e-01, 4.47610331632486216285360730725501909114e+00, 8.83181632187652116521235736727301484402e-01, 7.8712676064582328e-01, 8.9801567683860614e-04
0.57700000, 2.12341986434483093551315206609155750823e+00, -9.23478349605882420954002381823227647120e-01, 2.77187805391245448162315994945643249874e+01, 1.95870430952713076834498902586625455401e-01, 4.47567049473514804402096617685059789384e+00, 8.83315024095953670066008863263992100726e-01, 7.8823771447723891e-01, 3.0326570956736820e-03
0.57800000, 2.12385524013264340804192699621601712738e+00, -9.23315636366753510330648845101457750528e-01, 2.77179877477163732208411926512005364928e+01, 1.96412410070996503505498157825550129110e-01, 4.47523660639943739292227953674087212385e+00, 8.83448498089755467008880929586138434736e-01, 7.8934528712816490e-01, 5.1789710645191065e-03
0.57900000, 2.12429138305519334629660455034458226615e+00, -9.23152327723739780851226216929561630189e-01, 2.77171934632177784964173955660921559355e+01, 1.96954988061557770057252997615491682268e-01, 4.47480164773090549681139382212704206820e+00, 8.83582053417557736085630852321478081345e-01, 7.9044941006255186e-01, 7.3370043444856079e-03
0.58000000, 2.12472829475908867173394106187606481601e+00, -9.22988421160662205843551973553080063501e-01, 2.77163976821027820969014670786003643842e+01, 1.97498163613560399658447196858804146126e-01, 4.47436561512383906137674996490969084377e+00, 8.83715689319624128138103656751273543184e-01, 7.9155001403999875e-01, 9.5068036891204087e-03
0.58100000, 2.12516597689644191251779535029746371913e+00, -9.22823914145818037896403116663105357773e-01, 2.77156004008319050446105238374111910751e+01, 1.98041935404985641820157730378962685383e-01, 4.47392850495350918705547719135514223715e+00, 8.83849405027892635955482601198285967440e-01, 7.9264702910967239e-01, 1.1688415840561554e-02
0.58200000, 2.12560443112488470330883399806198875588e+00, -9.22658804131859578102119083050343647454e-01, 2.77148016158521034841453381535561605926e+01, 1.98586302102533594722798789496246890880e-01, 4.47349031357604329611641292936633861041e+00, 8.83983199765885440011598283505483366841e-01, 7.9374038460418574e-01, 1.3881887525616872e-02
0.58300000, 2.12604365910758219175838959878178976916e+00, -9.22493088555671772677243135252547718224e-01, 2.77140013235967038834132786607050614876e+01, 1.99131262361523322809147629375708692614e-01, 4.47305103732829600057086418249892048054e+00, 8.84117072748617665397651739631571872669e-01, 7.9483000913343489e-01, 1.6087265451766395e-02
0.58400000, 2.12648366251324734805172872590371667607e+00, -9.22326764838248623555653127789885650054e-01, 2.77131995204853378803022793233270057717e+01, 1.99676814825791957726083697187440032486e-01, 4.47261067252771890086817655090285625439e+00, 8.84251023182505035022701686487034936506e-01, 7.9591583057839483e-01, 1.8304596303087034e-02
0.58500000, 2.12692444301615517376220233686216025542e+00, -9.22159830384568399372375275172617738530e-01, 2.77123962029238767735538906034521369956e+01, 2.00222958127592770535334058016314319462e-01, 4.47216921547222930523041945018648157085e+00, 8.84385050265270403923325614876739399383e-01, 7.9699777608487382e-01, 2.0533926736098320e-02
0.58600000, 2.12736600229615680619213230679692001730e+00, -9.21992282583467633077420056774807229855e-01, 2.77115913673043656563962988326328409940e+01, 2.00769690887492202948686407933947834003e-01, 4.47172666244007785937672355002456979349e+00, 8.84519153185849159288935919306771839869e-01, 7.9807577205722644e-01, 2.2775303375527958e-02
0.58700000, 2.12780834203869351428879217356316834845e+00, -9.21824118807513892237485775738242531469e-01, 2.77107850100049571915117158799291566138e+01, 2.01317011714265845175763506066027273169e-01, 4.47128300968971507628301269673001585599e+00, 8.84653331124293470570239626215642568378e-01, 7.9914974415202532e-01, 2.5028772809995966e-02
0.58800000, 2.12825146393481058213442536864340011634e+00, -9.21655336412877307899199918664054302871e-01, 2.77099771273898450259267614503503244419e+01, 2.01864919204793347802506447199297876768e-01, 4.47083825345965675551705139733153183857e+00, 8.84787583251675373795195934088565151690e-01, 8.0021961727169152e-01, 2.7294381587616136e-02
0.58900000, 2.12869536968117107591786657929657232586e+00, -9.21485932739200847700667980045865471237e-01, 2.77091677158091968444294057459052571353e+01, 2.02413411943952254945944808172111003434e-01, 4.47039238996834828158187426289140305425e+00, 8.84921908729988673969470471844128152248e-01, 8.0128531555808353e-01, 2.9572176211513519e-02
0.59000000, 2.12914006098006949020194675813104355037e+00, -9.21315905109469318728429712975073722251e-01, 2.77083567715990870601317323074529726824e+01, 2.02962488504510745755594491077002190626e-01, 4.46994541541402779059276971756551231535e+00, 8.85056306712049649186728023998384499206e-01, 8.0234676238604497e-01, 3.1862203135256662e-02
0.59100000, 2.12958553953944526920542391230376678990e+00, -9.21145250829877085424438977836749792866e-01, 2.77075442910814291408142417597943585002e+01, 2.03512147447019271153873375383497803016e-01, 4.46949732597458819450405101427482777120e+00, 8.85190776341396539818063877366037913373e-01, 8.0340388035691101e-01, 3.4164508758203256e-02
0.59200000, 2.13003180707289619872064330585634680333e+00, -9.20973967189694487652339841728375836880e-01, 2.77067302705639075697046696471855323986e+01, 2.04062387319701072527214149163803935675e-01, 4.46904811780743805199185756010519061999e+00, 8.85325316752187805889363597884945449314e-01, 8.0445659129197345e-01, 3.6479139420757874e-02
0.59300000, 2.13047886529969166418844410209471511164e+00, -9.20802051461132943834061903674132194998e-01, 2.77059147063399094393623589435160143947e+01, 2.04613206658341568896035517891566287665e-01, 4.46859778704936127498818332257549280541e+00, 8.85459927069099135490315860210356931240e-01, 8.0550481622590468e-01, 3.8806141399540430e-02
0.59400000, 2.13092671594478577034994560266657690320e+00, -9.20629500899208723866554753232319456075e-01, 2.77050975946884556773581341698544849884e+01, 2.05164603986176598905359103197401595647e-01, 4.46814632981637565974922142599912261604e+00, 8.85594606407219186789095028707117526652e-01, 8.0654847540014036e-01, 4.1145560902464008e-02
0.59500000, 2.13137536073883031779071475781902269242e+00, -9.20456312741605376324276965853317864330e-01, 2.77042789318741319024593940364251442997e+01, 2.05716577813779503788580555426532336683e-01, 4.46769374220359023122793991720477924873e+00, 8.85729353871944045952289775906010489522e-01, 8.0758748825622105e-01, 4.3497444063720642e-02
0.59600000, 2.13182480141818763158638595659791835906e+00, -9.20282484208534794245800220182353866218e-01, 2.77034587141470189100507985150007001947e+01, 2.06269126638947037264669603231026575515e-01, 4.46724002028506138940655825305910562295e+00, 8.85864168558870382990389478584053282086e-01, 8.0862177342909280e-01, 4.5861836938673650e-02
0.59700000, 2.13227503972494323715002142981736662270e+00, -9.20108012502596903592534268407264338731e-01, 2.77026369377426227855425003132789149473e+01, 2.06822248946584088133833901144170473284e-01, 4.46678516011364784612927273115635570662e+00, 8.85999049553687287264957870032964419882e-01, 8.0965124874036675e-01, 4.8238785498655087e-02
0.59800000, 2.13272607740691837827031179823695331574e+00, -9.19932894808637958254073018983343027446e-01, 2.77018135988818046445403866604168357021e+01, 2.07375943208587201138383603739902178024e-01, 4.46632915772086434085917747639408181476e+00, 8.86133995932066764104427885641990427699e-01, 8.1067583119153794e-01, 5.0628335625666864e-02
0.59900000, 2.13317791621768237221606593826435930297e+00, -9.19757128293607425257954445015950171989e-01, 2.77009886937707099985762826615949976748e+01, 2.07930207883726881454124606191677204240e-01, 4.46587200911673412366584158384756115894e+00, 8.86269006759552873681145226333915633346e-01, 8.1169543695716323e-01, 5.3030533106984049e-02
0.60000000, 2.13363055791656479666627062697977229389e+00, -9.19580710106413443621665064391312886300e-01, 2.77001622186006977452205505430575879880e+01, 2.08485041417528667973034361823790001603e-01, 4.46541371028964019363142873720344109203e+00, 8.86404081091449493002771215740771464023e-01, 8.1270998137799878e-01, 5.5445423629658882e-02
0.60100000, 2.13408400426866750310625518596177033954e+00, -9.19403637377776840061450096683145282891e-01, 2.76993341695482687814250289776710740318e+01, 2.09040442242152960330180115984142539221e-01, 4.46495425720617528074357948196433198800e+00, 8.86539217972706681566326256170950328967e-01, 8.1371937895409678e-01, 5.7873052774923962e-02
0.60200000, 2.13453825704487645120911496085985895819e+00, -9.19225907220083684545858912429159975164e-01, 2.76985045427749942389708232534542867707e+01, 2.09596408776273584416769242595690835249e-01, 4.46449364581099055922251503357626286074e+00, 8.86674416437805630912909639321528737087e-01, 8.1472354333786206e-01, 6.0313466012493086e-02
0.60300000, 2.13499331802187335859746887814335353888e+00, -9.19047516727236368451906940160916582823e-01, 2.76976733344274433409231110541316900977e+01, 2.10152939424955080906818036483907307745e-01, 4.46403187202664308010796204777381183998e+00, 8.86809675510642178005363464325887560939e-01, 8.1572238732706826e-01, 6.2766708694758181e-02
0.60400000, 2.13544918898214716025378793650265339116e+00, -9.18868462974503187848213718864943276660e-01, 2.76968405406371108780239016471237432020e+01, 2.10710032579528701107130622238527995813e-01, 4.46356893175344191080853750033182081585e+00, 8.86944994204408862029749510983995989813e-01, 8.1671582285783409e-01, 6.5232826050880743e-02
0.60500000, 2.13590587171400527171786920041361441485e+00, -9.18688743018366414192425240657553893089e-01, 2.76960061575203443039836107856073017048e+01, 2.11267686617467094219034308208605891693e-01, 4.46310482086929296919216938058466538102e+00, 8.87080371521475503894367339227886201821e-01, 8.1770376099755970e-01, 6.7711863180776200e-02
0.60600000, 2.13636336801158465007747796718480943880e+00, -9.18508353896368834489589094767161872338e-01, 2.76951701811782704486634229970052720535e+01, 2.11825899902257669875561337366920504722e-01, 4.46263953522954253967096031733384637572e+00, 8.87215806453268287367046489051413633419e-01, 8.1868611193782332e-01, 7.0203865048989553e-02
0.60700000, 2.13682167967486264662267195187865523312e+00, -9.18327292626958742713864168727116079712e-01, 2.76943326076967218481727414504880473951e+01, 2.12384670783274619589438013531810656873e-01, 4.46217307066681945860762592019577213648e+00, 8.87351297980147320452479857930415880323e-01, 8.1966278498723844e-01, 7.2708876478460669e-02
0.60800000, 2.13728080850966764489578658519404391487e+00, -9.18145556209333364047952732706606952773e-01, 2.76934934331461626909396085276684087801e+01, 2.12943997595649580515277890195103217601e-01, 4.46170542299087595624325631910410713940e+00, 8.87486845071282655266311066017975436153e-01, 8.2063368856427181e-01, 7.5226942144177548e-02
0.60900000, 2.13774075632768947772742914493082372351e+00, -9.17963141623280693242880534551605441167e-01, 2.76926526535816143788468538047548813077e+01, 2.13503878660140924693712184833251606326e-01, 4.46123658798842714221765731605304241315e+00, 8.87622446684528744311425267321540632297e-01, 8.2159873019002235e-01, 7.7758106566715882e-02
0.61000000, 2.13820152494648961670402898281617478402e+00, -9.17780045829019728145157914450547622841e-01, 2.76918102650425807025629276444900932407e+01, 2.14064312283001656705762691298954345100e-01, 4.46076656142298912162392635435335836140e+00, 8.87758101766297310704297205951064954240e-01, 8.2255781648096131e-01, 8.0302414105663178e-02
0.61100000, 2.13866311618951112736444730308870982178e+00, -9.17596265767039079178868680643677218216e-01, 2.76909662635529726302339462871180034936e+01, 2.14625296755845902422503831688059159554e-01, 4.46029533903471572840820824240573370495e+00, 8.87893809251428609535196462024310632544e-01, 8.2351085314163397e-01, 8.2859908952925728e-02
0.61200000, 2.13912553188608838327178668431951508505e+00, -9.17411798357933935306789247541430280166e-01, 2.76901206451210327087424475875232009534e+01, 2.15186830355513971287903474583983819894e-01, 4.45982291654023386279375679646732231801e+00, 8.88029568063061057175409164690380892964e-01, 8.2445774495732312e-01, 8.5430635125916641e-02
0.61300000, 2.13958877387145653195177979848572198975e+00, -9.17226640502241366727172887258079972373e-01, 2.76892734057392590767787758387022367645e+01, 2.15748911343935974321607813441111990434e-01, 4.45934928963247741927550234243394794804e+00, 8.88165377112499204967276560059584675047e-01, 8.2539839578667458e-01, 8.8014636460623175e-02
0.61400000, 2.14005284398676070553089860765885238581e+00, -9.17040789080273944291276313997898242073e-01, 2.76884245413843290890129210516892662503e+01, 2.16311537967993979773273692560387712464e-01, 4.45887445398051979159729291333531944434e+00, 8.88301235299080033348639441602849395034e-01, 8.2633270855428520e-01, 9.0611956604551542e-02
0.61500000, 2.14051774407906496874552774251903536219e+00, -9.16854240951951655350990484481948035658e-01, 2.76875740480170225506980753971229745112e+01, 2.16874708459382688100780688239708384880e-01, 4.45839840522940494098884111531331629756e+00, 8.88437141510037542072076386703160639846e-01, 8.2726058524325356e-01, 9.3222639009547358e-02
0.61600000, 2.14098347600136099682810476576807302237e+00, -9.16666992956632095465995560943977761276e-01, 2.76867219215821445620821812219127290566e+01, 2.17438421034468607681202025708727493953e-01, 4.45792113899997701380317169926131678627e+00, 8.88573094620365611780992808604006652745e-01, 8.2818192688769373e-01, 9.5846726924489887e-02
0.61700000, 2.14145004161257647560695946368016187134e+00, -9.16479041912938915115621358185042578782e-01, 2.76858681580084479720503763386220049344e+01, 2.18002673894147712395703663861861879764e-01, 4.45744265088870849455803015409945030291e+00, 8.88709093492679111799013776890924591262e-01, 8.2909663356521258e-01, 9.8484263387858171e-02
0.61800000, 2.14191744277758321598359588896205253441e+00, -9.16290384618588500271987982287259603859e-01, 2.76850127532085554404695396181757467777e+01, 2.18567465223701561957498805670863839950e-01, 4.45696293646752688024628404149433255218e+00, 8.88845136977073228576109994352086825389e-01, 8.3000460438935086e-01, 1.0113529122016717e-01
0.61900000, 2.14238568136720497477426407020569965655e+00, -9.16101017850214865397954232323584102363e-01, 2.76841557030788811087561510782677712254e+01, 2.19132793192651865575533430180376107189e-01, 4.45648199128363986164083088449192966850e+00, 8.88981223910980988814293645694255254320e-01, 8.3090573750198858e-01, 1.0379985301627195e-01
0.62000000, 2.14285475925822497372177029397532840830e+00, -9.15910938363192737135839890349027646676e-01, 2.76832970034995518782404547752293368406e+01, 2.19698655954613469265638441860026388118e-01, 4.45599981085935899717892445060816340615e+00, 8.89117353119028950867406170002714599392e-01, 8.3179993006571506e-01, 1.0647799113753795e-01
0.62100000, 2.14332467833339310829848049389902609582e+00, -9.15720142891458806650737206692243406848e-01, 2.76824366503343282959535003848559815724e+01, 2.20265051647145746835375426285930737796e-01, 4.45551639069192186486915119361311183335e+00, 8.89253523412891037573327105888310827851e-01, 8.3268707825616417e-01, 1.0916974770387539e-01
0.62200000, 2.14379544048143283773228297503262607654e+00, -9.15528628147331128285410338233961196870e-01, 2.76815746394305250475190923306159873447e+01, 2.20831978391602374278643970081944826800e-01, 4.45503172625331267752153714336631554050e+00, 8.89389733591140483232702324101510929359e-01, 8.3356707725431509e-01, 1.1187516458563572e-01
0.62300000, 2.14426704759704774749379441311352935599e+00, -9.15336390821326641872221539988961761773e-01, 2.76807109666189310568900470841501604081e+01, 2.21399434292979467021225649666976086742e-01, 4.45454581299008134645745014429040244884e+00, 8.89525982439099866995857979702330773937e-01, 8.3443982123875928e-01, 1.1459428339536818e-01
0.62400000, 2.14473950158092777528521420581610547343e+00, -9.15143427581976795731140527827042528258e-01, 2.76798456277137291927275047296079546241e+01, 2.21967417439762059158728106874963047196e-01, 4.45405864632316097871109133848280249051e+00, 8.89662268728689204458766558102026300536e-01, 8.3530520337793396e-01, 1.1732714547943428e-01
0.62500000, 2.14521280433975509136885161325119951604e+00, -9.14949735075641247061608243132246011850e-01, 2.76789786185124155812834165089488155256e+01, 2.22535925903768903523775453742121139569e-01, 4.45357022164768379258845231640408798375e+00, 8.89798591218272068799592934727464550422e-01, 8.3616311582232285e-01, 1.2007379190947821e-01
0.62600000, 2.14568695778620962386635982101135249448e+00, -9.14755309926319616109756494245745747072e-01, 2.76781099347957185257097939062159699675e+01, 2.23104957739995571109680248589960415985e-01, 4.45308053433279543630266045041705377867e+00, 8.89934948652499712309297111748870437747e-01, 8.3701344969662452e-01, 1.2283426347375098e-01
0.62700000, 2.14616196383897421944800044808297025977e+00, -9.14560148735461270161147452552989144443e-01, 2.76772395723275170317839165855788576646e+01, 2.23674510986455828063137412814887055954e-01, 4.45258957972146769425665554327955714610e+00, 8.90071339762153158682828058740517922843e-01, 8.3785609509188911e-01, 1.2560860066828615e-01
0.62800000, 2.14663782442273942961471762952453687142e+00, -9.14364248081773113072707140085840778601e-01, 2.76763675268547589401065175636823679422e+01, 2.24244583664021268138609916461102393607e-01, 4.45209735313030956539514798953200057003e+00, 8.90207763263983235941427722622671416959e-01, 8.3869094105762394e-01, 1.2839684368792505e-01
0.62900000, 2.14711454146820791255430624675002829992e+00, -9.14167604521025355715798803293395187124e-01, 2.76754937941073786649000575066393622201e+01, 2.24815173776259178181936271164991025142e-01, 4.45160384984937669789781509424639937508e+00, 8.90344217860548519351289579935124807313e-01, 8.3951787559386864e-01, 1.3119903241718913e-01
0.63000000, 2.14759211691209844032639478495957508728e+00, -9.13970214585855242355327889059925140035e-01, 2.76746183697982145396066309241831242400e+01, 2.25386279309268613880185432111205169104e-01, 4.45110906514197916433471200301576776479e+00, 8.90480702240051153189091717075138369418e-01, 8.4033678564324053e-01, 1.3401520642099736e-01
0.63100000, 2.14807055269714950089920722579286548459e+00, -9.13772074785568707637301187144560328376e-01, 2.76737412496229257695598820623429866406e+01, 2.25957898231514662678818370125771482495e-01, 4.45061299424448756125292194710199426182e+00, 8.90617215076170519680555718877682356458e-01, 8.4114755708295079e-01, 1.3684540493522629e-01
0.63200000, 2.14854985077212248432399473705835976246e+00, -9.13573181605939938499288014977566081602e-01, 2.76728624292599089920826161461269970893e+01, 2.26530028493660870425688180249130971722e-01, 4.45011563236613741701056341837476663599e+00, 8.90753755027894722903970639326937523015e-01, 8.4195007471679237e-01, 1.3968966685711051e-01
0.63300000, 2.14903001309180444209050786238571366975e+00, -9.13373531509008814954658982670056984351e-01, 2.76719819043702144444416429260641960664e+01, 2.27102668028399807954221060227976863216e-01, 4.44961697468883189152042687097811884180e+00, 8.90890320739349854906362570971757594399e-01, 8.4274422226710013e-01, 1.4254803073548125e-01
0.63400000, 2.14951104161701040845878127306264218379e+00, -9.13173120932876203332214199464796871338e-01, 2.76710996705974617401738568821943791117e+01, 2.27675814750281753465165764987654151231e-01, 4.44911701636694275141074925276834637231e+00, 8.91026910839627010725476798983892309463e-01, 8.4352988236668414e-01, 1.4542053476084060e-01
0.63500000, 2.14999293831458527230869033063387733259e+00, -9.12971946291497075177762478786286644696e-01, 2.76702157235677552543827166550267203531e+01, 2.28249466555541466207474152306162562297e-01, 4.44861575252710960395497104536203783340e+00, 8.91163523942607018445758515003283141691e-01, 8.4430693655073689e-01, 1.4830721675526920e-01
0.63600000, 2.15047570515740518778907261317005064368e+00, -9.12770003974471424643279253262912532331e-01, 2.76693300588895991186922121590830067502e+01, 2.28823621321923026594073058022542644284e-01, 4.44811317826803737296577883105861529898e+00, 8.91300158646782849840852070980534666884e-01, 8.4507526524871525e-01, 1.5120811416216468e-01
0.63700000, 2.15095934412437851178254545675868552870e+00, -9.12567290346832956802354958482517342722e-01, 2.76684426721538118266361804433177966409e+01, 2.29398276908502717517398758218133321590e-01, 4.44760928866029199969133940643768883540e+00, 8.91436813535079676568565356749836434789e-01, 8.4583474777619802e-01, 1.5412326403580869e-01
0.63800000, 2.15144385720044625593034601790538886302e+00, -9.12363801748835518937647343183759530382e-01, 2.76675535589334404503545320101463220184e+01, 2.29973431155509921252478334952861472405e-01, 4.44710407874609435159340328774431114846e+00, 8.91573487174672536286537637050509401434e-01, 8.4658526232671997e-01, 1.5705270303075986e-01
0.63900000, 2.15192924637658204068342311493953371296e+00, -9.12159534495737246446868570047427167404e-01, 2.76666627147836744695646616382861675059e+01, 2.30549081884146005951943823887307056536e-01, 4.44659754353911232172792178802309706600e+00, 8.91710178116801572447773479343354301644e-01, 8.4732668596358336e-01, 1.5999646739107017e-01
0.64000000, 2.15241551364979153856146597524380813840e+00, -9.11954484877582394608367412682709175722e-01, 2.76657701352417592138761278219407503801e+01, 2.31125226896401175347539323213614752852e-01, 4.44608967802425110128900996344037728018e+00, 8.91846884896584810914524358024167374820e-01, 8.4805889461164776e-01, 1.6295459293932236e-01
0.64100000, 2.15290266102311139351040578400608388091e+00, -9.11748649158980827035502903419677552688e-01, 2.76648758158269089196196812599799472765e+01, 2.31701863974869254876310249427447271721e-01, 4.44558047715744160771652655244997813538e+00, 8.91983606032828435896469839709370579670e-01, 8.4878176304909933e-01, 1.6592711506548550e-01
0.64200000, 2.15339069050560760295100923611280014018e+00, -9.11542023578885131230641234403304909995e-01, 2.76639797520402194024679964696705469285e+01, 2.32278990882560387046627285066949290862e-01, 4.44506993586542705060626221373247554135e+00, 8.92120340027834527074523103634771210619e-01, 8.4949516489920039e-01, 1.6891406871558647e-01
0.64300000, 2.15387960411237334880633250961880895767e+00, -9.11334604350365331224633544504163448120e-01, 2.76630819393645803472351052483235472162e+01, 2.32856605362711608449372560829371523966e-01, 4.44455804904554761749976134652039652444e+00, 8.92257085367206219114606420317312477195e-01, 8.5019897262202061e-01, 1.7191548838019437e-01
0.64400000, 2.15436940386452626348384819821307810963e+00, -9.11126387660381166855937585124227279255e-01, 2.76621823732645872163546427518573015505e+01, 2.33434705138595280402877121407587070616e-01, 4.44404481156552326146818485493415171748e+00, 8.92393840519650244106150775092497172569e-01, 8.5089305750615061e-01, 1.7493140808271537e-01
0.64500000, 2.15486009178920511646882124683393308161e+00, -9.10917369669551908805018435633550044179e-01, 2.76612810491864527786536955724252367507e+01, 2.34013287913325344796419151736671201994e-01, 4.44353021826323457224138764315257913254e+00, 8.92530603936776816777603798332495300077e-01, 8.5157728966039938e-01, 1.7796186136749532e-01
0.64600000, 2.15535166991956590685881268216708935650e+00, -9.10707546511923678054187831485915632492e-01, 2.76603779625579182601593884140261242809e+01, 2.34592351369661376266141687788654975204e-01, 4.44301426394650171246957366871949552343e+00, 8.92667374052896821645609165130642981394e-01, 8.5225153800547655e-01, 1.8100688128772719e-01
0.64700000, 2.15584414029477734683484700820450311724e+00, -9.10496914294734237990501756348143412664e-01, 2.76594731087881641187994667731509286494e+01, 2.35171893169810401398993941321680585634e-01, 4.44249694339286140054054340871508183776e+00, 8.92804149284816260545470014886035353523e-01, 8.5291567026566071e-01, 1.8406650039316069e-01
0.64800000, 2.15633750496001572072260073878960673450e+00, -9.10285469098175226909613271562859429040e-01, 2.76585664832677204449861354593887254840e+01, 2.35751910955226455214606654963357169933e-01, 4.44197825134934192121070616865886917376e+00, 8.92940928031627918267743669489261517547e-01, 8.5356955296045517e-01, 1.8714075071761131e-01
0.64900000, 2.15683176596645910394676082043179972098e+00, -9.10073206975151798211451678641810395139e-01, 2.76576580813683769902044079992923273742e+01, 2.36332402346407844721741129856916304062e-01, 4.44145818253223614514273762550431146815e+00, 8.93077708674500203289043386987348384299e-01, 8.5421305139623235e-01, 1.9022966376626576e-01
0.65000000, 2.15732692537128092582326263709860193115e+00, -9.09860123951039635104147601421609541552e-01, 2.76567478984430928258623243435884848724e+01, 2.36913364942692088884963069371984608586e-01, 4.44093673162687253827706855267004167564e+00, 8.93214489576463119834046738491519183494e-01, 8.5484602965786812e-01, 1.9333327050278108e-01
0.65100000, 2.15782298523764285976724253577700790286e+00, -9.09646216023439306150621976106214079826e-01, 2.76558359298259056348007215557427364973e+01, 2.37494796322048503868342720063168511334e-01, 4.44041389328738414179834350131038581027e+00, 8.93351269082191326740024209958263844318e-01, 8.5546835060036759e-01, 1.9645160133617435e-01
0.65200000, 2.15831994763468702411901854159623072424e+00, -9.09431479161927927502578738151900707491e-01, 2.76549221708318406380049154373605035554e+01, 2.38076694040868401946125694567668219629e-01, 4.43988966213647550329164054781526583617e+00, 8.93488045517784237814593514717114134450e-01, 8.5607987584048368e-01, 1.9958468610750025e-01
0.65300000, 2.15881781463752747640602868511074778988e+00, -9.09215909307808097169157602139935878568e-01, 2.76540066167568191592097950110486305595e+01, 2.38659055633752871985305171251195877534e-01, 4.43936403276518753951664997123933968094e+00, 8.93624817190543117581555326968223913278e-01, 8.5668046574833003e-01, 2.0273255407631326e-01
0.65400000, 2.15931658832724098346518688870249359388e+00, -9.08999502373854066162084043078312604680e-01, 2.76530892628775668302435747393935417925e+01, 2.39241878613298108911703776133072522786e-01, 4.43883699973266031106122858014752846178e+00, 8.93761582388745125498247763658204333104e-01, 8.5726997943898966e-01, 2.0589523390691160e-01
0.65500000, 2.15981627079085704944733344093022260897e+00, -9.08782254244055110845665567513271151871e-01, 2.76521701044515214401139233627563904873e+01, 2.39825160469878259069387251895632798309e-01, 4.43830855756589368896883793750250604448e+00, 8.93898339381414260900535403877751428715e-01, 8.5784827476412106e-01, 2.0907275365435981e-01
0.65600000, 2.16031686412134718331312638351156140416e+00, -9.08564160773356070298291609491968467293e-01, 2.76512491367167404310035292040333880227e+01, 2.40408898671425747872823828145919615458e-01, 4.43777870075950589326740250874159202966e+00, 8.94035086418089160087981603095996771360e-01, 8.5841520830356329e-01, 2.1226514075028685e-01
0.65700000, 2.16081837041761338700760099558729227794e+00, -9.08345217787395011962061708202820495315e-01, 2.76503263548918080445105096110774668975e+01, 2.40993090663209055632011720174518335034e-01, 4.43724742377548988316015447897992237238e+00, 8.94171821728587696101590012471662805746e-01, 8.5897063535694178e-01, 2.1547242198845667e-01
0.65800000, 2.16132079178447584506846984649606590914e+00, -9.08125421082237988318653611705906108133e-01, 2.76494017541757421216425708849609403111e+01, 2.41577733867607906902657903322164258305e-01, 4.43671472104296757847213559478822016205e+00, 8.94308543522768330869384047105794237784e-01, 8.5951440993527647e-01, 2.1869462351010787e-01
0.65900000, 2.16182413033265979598079178959150052541e+00, -9.07904766424110846782407950651540393799e-01, 2.76484753297479005602526228004113282085e+01, 2.42162825683885838176236485447518571829e-01, 4.43618058695794189177927620577575851437e+00, 8.94445249990288168500654670999969933899e-01, 8.6004638475259423e-01, 2.2193177078905951e-01
0.66000000, 2.16232838817878156513764410687071524545e+00, -9.07683249549128054445705212184824058994e-01, 2.76475470767678874337878012470235325472e+01, 2.42748363487960108178213560304423176583e-01, 4.43564501588304655048044454442216463683e+00, 8.94581939300357657597571794526378292690e-01, 8.6056641121754723e-01, 2.2518388861657958e-01
0.66100000, 2.16283356744533373880262004325319412472e+00, -9.07460866163018498746897694753383518083e-01, 2.76466169903754587754137106814212827076e+01, 2.43334344632168914486722913837594857104e-01, 4.43510800214729368790663567372100465118e+00, 8.94718609601491889522638515750871508668e-01, 8.6107433942503924e-01, 2.2845100108601297e-01
0.66200000, 2.16333967026066945799506917634251994374e+00, -9.07237611940848224557185393178475408614e-01, 2.76456850656904280317713266866743391683e+01, 2.43920766445035879618335464640196866554e-01, 4.43456954004581918239563373210893584545e+00, 8.94855259021258438611777052366453430984e-01, 8.6157001814786177e-01, 2.3173313157716558e-01
0.66300000, 2.16384669875898581073271795791335318828e+00, -9.07013482526740067599739454902634280924e-01, 2.76447512978125711908255644641669574820e+01, 2.44507626231031769152103418876561563116e-01, 4.43402962383962572309512134184699972413e+00, 8.94991885666021689355267921506710554676e-01, 8.6205329482834207e-01, 2.3503030274044117e-01
0.66400000, 2.16435465508030630056836214480063281147e+00, -9.06788473533590143521926693272972366466e-01, 2.76438156818215315884721929333580282972e+01, 2.45094921270333403877592787523798693816e-01, 4.43348824775532358109241865210594818124e+00, 8.95128487620683594581907656209022636211e-01, 8.6252401557000505e-01, 2.3834253648072762e-01
0.66500000, 2.16486354137046236884741359506067555230e+00, -9.06562580542781151339517973534641429144e-01, 2.76428782127767243987837327577651506278e+01, 2.45682648818579727356956466366964705003e-01, 4.43294540598486906430490805927928056009e+00, 8.95265062948420807675183298121543766118e-01, 8.6298202512925125e-01, 2.4166985394102904e-01
0.66600000, 2.16537335978107394759090477316667576156e+00, -9.06335799103892449360114010202595185282e-01, 2.76419388857172408129954017522708466702e+01, 2.46270806106624989685052098969588806670e-01, 4.43240109268530063440184021733152655346e+00, 8.95401609690418130823552302487249253753e-01, 8.6342716690705298e-01, 2.4501227548584040e-01
0.66700000, 2.16588411246952901937379062767813865685e+00, -9.06108124734406861071533692233675563470e-01, 2.76409976956617519125592498510322728322e+01, 2.46859390340289007614978204158471231959e-01, 4.43185530197847266386572816352284202221e+00, 8.95538125865598220259622336834023231508e-01, 8.6385928294067103e-01, 2.4836982068426098e-01
0.66800000, 2.16639580159896216002071598206033997499e+00, -9.05879552919414167849419476899055922859e-01, 2.76400546376084122418285507804254943080e+01, 2.47448398700104460588988444135448280643e-01, 4.43130802795078681114002967545290271542e+00, 8.95674609470347488374694272047287131537e-01, 8.6427821389539409e-01, 2.5174250829284320e-01
0.66900000, 2.16690842933823203938050503051597831378e+00, -9.05650079111311244696656164649912464063e-01, 2.76391097065347630861754871743111622139e+01, 2.48037828341061181576343370278250016521e-01, 4.43075926465292099164940876166228508363e+00, 8.95811058478238141505300231789755385627e-01, 8.6468379905630346e-01, 2.5513035623817323e-01
0.67000000, 2.16742199786189785486613662187920887902e+00, -9.05419698729498794575205472648888429389e-01, 2.76381628973976354615933843882665898606e+01, 2.48627676392347400970063408246555396708e-01, 4.43020900609955592231967606600818813948e+00, 8.95947470839746291076562645837119391401e-01, 8.6507587632006524e-01, 2.5853338159917966e-01
0.67100000, 2.16793650935019467185854399244085341749e+00, -9.05188407160074636228458717501235096943e-01, 2.76372142051330528220904261108887886301e+01, 2.49217939957087901133544014946693539015e-01, 4.42965724626909921706666091423133533824e+00, 8.96083844481966074652934312844807748761e-01, 8.6545428218675284e-01, 2.6195160058916654e-01
0.67200000, 2.16845196598900764446986002274003166622e+00, -9.04956199755523499719030498490363535351e-01, 2.76362636246561334914451387170640906490e+01, 2.49808616112079038515367445715884977945e-01, 4.42910397910340701056689632274458201842e+00, 8.96220177308319722289656406470136033825e-01, 8.6581885175170218e-01, 2.6538502853756724e-01
0.67300000, 2.16896836996984508954434851051230024859e+00, -9.04723071834403283222881870230208608711e-01, 2.76353111508609928261651843282053840879e+01, 2.50399701907520589566174723831877420030e-01, 4.42854919850750308746823991289266932654e+00, 8.96356467198263502397582170692328495961e-01, 8.6616941869740229e-01, 2.6883367987141508e-01
0.67400000, 2.16948572348981038614283766056238683758e+00, -9.04489018681027723925593848232067723390e-01, 2.76343567786206451167703845942466130212e+01, 2.50991194366744375994921161370065460755e-01, 4.42799289834929549404555176085594417405e+00, 8.96492712006989480129337586690177852693e-01, 8.6650581528542412e-01, 2.7229756809652722e-01
0.67500000, 2.17000402875157267210861269817120742492e+00, -9.04254035545145435160330337760041939035e-01, 2.76334005027869052348086450467823664316e+01, 2.51583090485939624192999654215985341051e-01, 4.42743507245929060915545447781761968087e+00, 8.96628909565123020065592913089648489737e-01, 8.6682787234839040e-01, 2.7577670577839775e-01
0.67600000, 2.17052328796333630864902802504412652704e+00, -9.04018117641615261209350231310959437638e-01, 2.76324423181902900333098073633758113207e+01, 2.52175387233875012933343951871186576569e-01, 4.42687571463030465119516749959161746810e+00, 8.96765057678415963725954262440485615662e-01, 8.6713541928198930e-01, 2.7927110452279619e-01
0.67700000, 2.17104350333880908318715224466806527378e+00, -9.03781260150077900461665366141212183703e-01, 2.76314822196399195086876752416197400523e+01, 2.52768081551617362717480558944657609694e-01, 4.42631481861717259762359969770532681406e+00, 8.96901154127435411149092713140986179888e-01, 8.6742828403703510e-01, 2.8278077495606746e-01
0.67800000, 2.17156467709716912004113672174698639884e+00, -9.03543458214623746878405509096816987903e-01, 2.76305202019234177324147975926005475019e+01, 2.53361170352246919396339533934966589184e-01, 4.42575237813645449345847208522052996460e+00, 8.97037196667248034480636842661267837190e-01, 8.6770629311157872e-01, 2.8630572670512936e-01
0.67900000, 2.17208681146303046777526324358302462737e+00, -9.03304706943456898964452125821946504480e-01, 2.76295562598068135611183170240061150022e+01, 2.53954650520569183930213096947947920675e-01, 4.42518838686613912502140298991785936214e+00, 8.97173183027099850174476178408910957135e-01, 8.6796927154307144e-01, 2.8984596837716352e-01
0.68000000, 2.17260990866640733133532970080308074787e+00, -9.03065001408555284679745316933763048074e-01, 2.76285903880344411340785767504599307974e+01, 2.54548518912823239379313646977338042278e-01, 4.42462283844534503506380663164522488591e+00, 8.97309110910091375052856917542662921231e-01, 8.6821704290058495e-01, 2.9340150753899579e-01
0.68100000, 2.17313397094267691633171276036817050624e+00, -9.02824336645326849946156217952569699627e-01, 2.76276225813288401674555081162178027434e+01, 2.55142772356386525428671556329264304549e-01, 4.42405572647401885527032551281843266449e+00, 8.97444977992848090082381873222224293494e-01, 8.6844942927709106e-01, 2.9697235069616200e-01
0.68200000, 2.17365900053254085206562852535681206976e+00, -9.02582707652261757615750942866626769953e-01, 2.76266528343906560549213853974396422486e+01, 2.55737407649476009949364926561137006045e-01, 4.42348704451263093200353858172774429412e+00, 8.97580781925186134306123584724477183650e-01, 8.6866625128180461e-01, 3.0055850327165495e-01
0.68300000, 2.17418499968198515910730803352327677128e+00, -9.02340109390580542963449708771898938186e-01, 2.76256811418985397847426348764852922263e+01, 2.56332421560845706282020171837318938097e-01, 4.42291678608186822102407047825502339205e+00, 8.97716520329773149925877240788809508337e-01, 8.6886732803259290e-01, 3.0415996958434838e-01
0.68400000, 2.17471197064223872642851221712302043044e+00, -9.02096536783878170951301342612808126008e-01, 2.76247074985090476837283308947155052103e+01, 2.56927810829480484097890404825801764787e-01, 4.42234494466232442679419092770994974345e+00, 8.97852190801784198052457213309519322397e-01, 8.6905247714845544e-01, 3.0777675282709387e-01
0.68500000, 2.17523991566973026226551449840324528088e+00, -9.01851984717763939682641501366512004361e-01, 2.76237318988565409988491216679180045817e+01, 2.57523572164286120847329351982263303942e-01, 4.42177151369418736185076535256362647351e+00, 8.97987790908552663135200231171455025551e-01, 8.6922151474207759e-01, 3.1140885504448626e-01
0.68600000, 2.17576883702604368204184775936120516003e+00, -9.01606448039497173622072529861924775957e-01, 2.76227543375530853277279307957367347807e+01, 2.58119702243775539944847688628600102815e-01, 4.42119648657692350161523546323545268320e+00, 8.98123318189216062543785725142500330848e-01, 8.6937425541246205e-01, 3.1505627711029337e-01
0.68700000, 2.17629873697787189581220015154466116197e+00, -9.01359921557618649301281175602820657509e-01, 2.76217748091883499096132153627958361242e+01, 2.58716197715751180963876485038232032435e-01, 4.42061985666895970989441938147660363484e+00, 8.98258770154356676205408940592037023219e-01, 8.6951051223764187e-01, 3.1871901870454567e-01
0.68800000, 2.17682961779696895679928971541285269077e+00, -9.01112400041577695360981973319492911685e-01, 2.76207933083295067888671774302169733917e+01, 2.59313055196983446222573474709923522328e-01, 4.42004161728736211021658252300857017475e+00, 8.98394144285636909597517021784155998636e-01, 8.6963009676747934e-01, 3.2239707829028154e-01
0.68900000, 2.17736148176010053168377366413493575314e+00, -9.00863878221354907895520970824623936961e-01, 2.76198098295211298634354823674822692311e+01, 2.59910271272885167234190932968714612178e-01, 4.41946176170751207804271157272734935952e+00, 8.98529438035429301759996632032795448936e-01, 8.6973281901655451e-01, 3.2609045308994371e-01
0.69000000, 2.17789433114899265237266056351023622119e+00, -9.00614350787080421168675949896766530348e-01, 2.76188243672850938312121057365963188904e+01, 2.60507842497182033571372080077097004157e-01, 4.41888028316277932879350417499462834891e+00, 8.98664648826441088320119780915349775163e-01, 8.6981848745714789e-01, 3.2979913906142234e-01
0.69100000, 2.17842816825027870801368162027461631035e+00, -9.00363812388647672856722172475173747349e-01, 2.76178369161204730476732925754579510838e+01, 2.61105765391578925752943141952656316993e-01, 4.41829717484419207653855781835445407990e+00, 8.98799774051333227817929688612653538187e-01, 8.6988690901232148e-01, 3.3352313087374036e-01
0.69200000, 2.17896299535544463504101247173649716594e+00, -9.00112257635322602047671164760348390524e-01, 2.76168474705034403086286629680841329714e+01, 2.61704036445422092804001505314850884246e-01, 4.41771242990010423810590629669530497232e+00, 8.98934811072333797878278866818833227262e-01, 8.6993788904910269e-01, 3.3726242188237651e-01
0.69300000, 2.17949881476077226203097279557693349160e+00, -8.99859681095348217283505822674986271454e-01, 2.76158560248871655724256419207444431655e+01, 2.62302652115357114165041628351095768822e-01, 4.41712604143585965728772712414954018866e+00, 8.99069757220845665997595614673408141849e-01, 8.6997123137177564e-01, 3.4101700410422143e-01
0.69400000, 2.18003562876728076511420267113471739344e+00, -8.99606077295544470974997371660976819396e-01, 2.76148625737017146364460485166750511715e+01, 2.62901608824982584633178087126828870364e-01, 4.41653800251345332374205747814695728735e+00, 8.99204609797048337897811131311060429497e-01, 8.6998673821528469e-01, 3.4478686819216225e-01
0.69500000, 2.18057343968066618863263768984034609144e+00, -8.99351440720903375546065180143704972393e-01, 2.76138671113539477832512807839615633297e+01, 2.63500902964499460007881558968818383335e-01, 4.41594830615118956112105232945554001726e+00, 8.99339366069493884545865065388182239917e-01, 8.6998421023875482e-01, 3.4857200340929103e-01
0.69600000, 2.18111224981123898464467533691610042913e+00, -8.99095765814179295676393441381631182488e-01, 2.76128696322274184122655237441159561063e+01, 2.64100530890356000084694400021235559193e-01, 4.41535694532333715889405318537857242571e+00, 8.99474023274696847043938972917906867511e-01, 8.6996344651913400e-01, 3.5237239760273235e-01
0.69700000, 2.18165206147385952376951878227454946983e+00, -8.98839046975474350006911280548586512279e-01, 2.76118701306822716734352475885875345424e+01, 2.64700488924888244592786917130045690226e-01, 4.41476391295978142227888078356515483493e+00, 8.99608578616718016662139493902208523493e-01, 8.6992424454496252e-01, 3.5618803717708529e-01
0.69800000, 2.18219287698787152872105556021251164776e+00, -8.98581278561818854652534593361697783173e-01, 2.76108686010551431198684239972349918348e+01, 2.65300773355955956605595927433041477980e-01, 4.41416920194567311464770683284954181422e+00, 8.99743029266741985310838421068544031494e-01, 8.6986640021027451e-01, 3.6001890706747508e-01
0.69900000, 2.18273469867703338071201067254227175673e+00, -8.98322454886746739830016326445804339920e-01, 2.76098650376590573970388591384878545825e+01, 2.65901380436573966867789408993732931940e-01, 4.41357280512107426673500105082287075619e+00, 8.99877372362648359733324661079103773221e-01, 8.6978970780863695e-01, 3.6386499071220964e-01
0.70000000, 2.18327752886944724770971708947547036385e+00, -8.98062570219865869855612251691457806228e-01, 2.76088594347833269867403249620557319675e+01, 2.66502306384538851376053733818336329878e-01, 4.41297471528060082694480930922393929341e+00, 9.00011605008576530639859336296853537114e-01, 8.6969396002733181e-01, 3.6772627002503601e-01
0.70100000, 2.18382136989748598229485911067180660547e+00, -8.97801618786423195697294764824930929542e-01, 2.76078517866934510245922848126058414361e+01, 2.67103547382050873425324888211176347573e-01, 4.41237492517306212703343279764274847261e+00, 9.00145724274483885900651811318922780333e-01, 8.6957894794168673e-01, 3.7160272536699206e-01
0.70200000, 2.18436622409771773561312952795790384741e+00, -8.97539594766864668179189048572451574353e-01, 2.76068420876310142105344901894237050486e+01, 2.67705099575331120185696849882355569542e-01, 4.41177342750109713743190067452716642424e+00, 9.00279727195697354766668412037686467150e-01, 8.6944446100956013e-01, 3.7549433551784833e-01
0.70300000, 2.18491209381082823261603948553351802160e+00, -8.97276492296389838831513370627751845833e-01, 2.76058303318135858324021244519276302288e+01, 2.68306959074233762707946300843648819406e-01, 4.41117021492080748647093210622485904546e+00, 9.00413610772458167892498850192975737574e-01, 8.6929028706598667e-01, 3.7940107764713517e-01
0.70400000, 2.18545898138154065246024462759167466495e+00, -8.97012305464501074257325815641342275485e-01, 2.76048165134346189233470555434857875638e+01, 2.68909121951853367067013164973131535332e-01, 4.41056528004138721777985953707036074885e+00, 9.00547371969459715693663690305266194709e-01, 8.6911621231798910e-01, 3.8332292728475023e-01
0.70500000, 2.18600688915853305657379081584304335398e+00, -8.96747028314547308747559159972826076794e-01, 2.76038006266633495745647203888309064234e+01, 2.69511584244127183142463676991275018494e-01, 4.40995861542474926015074510606248826798e+00, 9.00681007715378385280648749346857382402e-01, 8.6892202133956263e-01, 3.8725985829114114e-01
0.70600000, 2.18655581949435330550169883106690667368e+00, -8.96480654843262258717908090249245794297e-01, 2.76027826656446964255008040119132674537e+01, 2.70114341949432336302521868518807624437e-01, 4.40935021358514858419019872037695798708e+00, 9.00814514902397253872470900885098594011e-01, 8.6870749706683837e-01, 3.9121184282705855e-01
0.70700000, 2.18710577474533140421133382723641497791e+00, -8.96213179000297021364861294093451450285e-01, 2.76017626244991603544478212190738211149e+01, 2.70717391028177846003263888388896016914e-01, 4.40874006698880202012475339838717725995e+00, 9.00947890385722514202558106948826833869e-01, 8.6847242079343226e-01, 3.9517885132287426e-01
0.70800000, 2.18765675727148921406904714433296507292e+00, -8.95944594687746978743286555482541468704e-01, 2.76007404973227243931996022290275815342e+01, 2.71320727402391394036597082525261469018e-01, 4.40812816805350471118164753874841349194e+00, 9.01081130983092504987979587035074732778e-01, 8.6821657216598619e-01, 3.9916085244745946e-01
0.70900000, 2.18820876943644746819261124856985408048e+00, -8.95674895759672927254220149987598221206e-01, 2.75997162781867538902121906297974774238e+01, 2.71924346955300763859253995264330686560e-01, 4.40751450914824317703610452823000101797e+00, 9.01214233474279217038375301398867509431e-01, 8.6793972917990822e-01, 4.0315781307661788e-01
0.71000000, 2.18876181360733002533793855518849103153e+00, -8.95404076021616351298621841118559200847e-01, 2.75986899611378969475234682984649962335e+01, 2.72528245530909871109774194990567004288e-01, 4.40689908259280496189931160195382519808e+00, 9.01347194600582143032062545792210623071e-01, 8.6764166817531894e-01, 4.0716969826106871e-01
0.71100000, 2.18931589215466529589239589974632014993e+00, -8.95132129230108758600572090037972533786e-01, 2.75976615401979851575116350030317638324e+01, 2.73132418933569304070869770587170882453e-01, 4.40628188065738484191893137197275856512e+00, 9.01480011064314336382465544017808600965e-01, 8.6732216383321117e-01, 4.1119647119397407e-01
0.71200000, 2.18987100745228477191958037417270552276e+00, -8.94859049092174993431446534279129410366e-01, 2.75966310093639346664252203918143782353e+01, 2.73736862927541291460211011716898419698e-01, 4.40566289556218756667680642495059468849e+00, 9.01612679528280541956913748849187477992e-01, 8.6698098917183035e-01, 4.1523809317800593e-01
0.71300000, 2.19042716187721859153055774434714206201e+00, -8.94584829264830442674741761329362921617e-01, 2.75955983626076475924953462984380541876e+01, 2.74341573236559013533056419451310561921e-01, 4.40504211947702710969724260455707608093e+00, 9.01745196615247258690645718634660221973e-01, 8.6661791554328335e-01, 4.1929452359194702e-01
0.71400000, 2.19098435780958806614309596887679612785e+00, -8.94309463354572048359183078368494856895e-01, 2.75945635938759138273452651233316334376e+01, 2.74946545543380171054806666441767733744e-01, 4.40441954452092240302461113637668362257e+00, 9.01877558907404591360164018113808852959e-01, 8.6623271263038327e-01, 4.2336571985682070e-01
0.71500000, 2.19154259763249509743213224980775295725e+00, -8.94032944916863038955256554365307973811e-01, 2.75935266970903132503435777178337588536e+01, 2.75551775489334725249997844764467928575e-01, 4.40379516276168953109175419736183941189e+00, 9.02009762945819745940504325479310837907e-01, 8.6582514844373839e-01, 4.2745163740154429e-01
0.71600000, 2.19210188373190840897033479960235554526e+00, -8.93755267455611290377111543852337675924e-01, 2.75924876661471183865068096025091764454e+01, 2.76157258673866720355969156599191823023e-01, 4.40316896621553035928160410361977622053e+00, 9.02141805229882020069065297846789382036e-01, 8.6539498931909322e-01, 4.3155222962810078e-01
0.71700000, 2.19266221849654651570586460586362562496e+00, -8.93476424422641226257614182033914343275e-01, 2.75914464949171975395450519575897996495e+01, 2.76762990654070098903939327720779322337e-01, 4.40254094684661757278435608692717541172e+00, 9.02273682216739137172915093743585134497e-01, 8.6494199991493021e-01, 4.3566744787622331e-01
0.71800000, 2.19322360431775735252397348273882688624e+00, -8.93196409217159165668935771907521190139e-01, 2.75904031772459184326620355414298620682e+01, 2.77368966944218418316990940826522723902e-01, 4.40191109656667610157232489176870243025e+00, 9.02405390320724769785429045867667707796e-01, 8.6446594321034054e-01, 4.3979724138758740e-01
0.71900000, 2.19378604358939448118851800723403732467e+00, -8.92915215185212025044172487245507706529e-01, 2.75893577069530523907692118131698909545e+01, 2.77975183015288375852970275106703681777e-01, 4.40127940723456090755515685607661205831e+00, 9.02536925912777094480166078599392133257e-01, 8.6396658050317281e-01, 4.4394155726950524e-01
0.72000000, 2.19434953870768979295740848374689413946e+00, -8.92632835619139279616855753975031179501e-01, 2.75883100778326790988531056915810678427e+01, 2.78581634294477047330030901470464143421e-01, 4.40064587065583111024028828721118748589e+00, 9.02668285319848217683465348941223780430e-01, 8.6344367140846866e-01, 4.4810034045811694e-01
0.72100000, 2.19491409207112262211098901197333103170e+00, -8.92349263757018088234569197553755358411e-01, 2.75872602836530919723473485458555731550e+01, 2.79188316164712743452942072382504276114e-01, 4.40001047858232042750840163174612996539e+00, 9.02799464824304308390705559181479741417e-01, 8.6289697385719442e-01, 4.5227353368107315e-01
0.72200000, 2.19547970608028518352285605035187822796e+00, -8.92064492782101483919983461993158919413e-01, 2.75862083181567041765063995303872999316e+01, 2.79795223964159385908798701845230968845e-01, 4.39937322271170390842213575116753427098e+00, 9.02930460663316270502842757586017768339e-01, 8.6232624409527832e-01, 4.5646107741970381e-01
0.72300000, 2.19604638313774424523711999956282895268e+00, -8.91778515822249531047202372011226333821e-01, 2.75851541750599553329580520301609303246e+01, 2.80402352985714303720850224689214496802e-01, 4.39873409468706093531949846232053705725e+00, 9.03061269028240784118011493514038069624e-01, 8.6173123668296290e-01, 4.6066290987066745e-01
0.72400000, 2.19661412564789894479300167721482836061e+00, -8.91491325949353348473133644107106160741e-01, 2.75840978480532189528274671110869282957e+01, 2.81009698476499348638243503021897725881e-01, 4.39809308609643447280239322314365327432e+00, 9.03191886063991541655879115665224588685e-01, 8.6111170449448239e-01, 4.6487896690707585e-01
0.72500000, 2.19718293601683465575528897117724453899e+00, -8.91202916178751896412408886346621074081e-01, 2.75830393308007106370777795017806124475e+01, 2.81617255637345226596973693051498662712e-01, 4.39745018847238654161653590060612104251e+00, 9.03322307868400501158279804017658209955e-01, 8.6046739871807540e-01, 4.6910918203908840e-01
0.72600000, 2.19775281665217280856586419402465796255e+00, -8.90913279468641423269939074900006420413e-01, 2.75819786169403970860024216862125075797e+01, 2.82225019622268940512670876158910570753e-01, 4.39680539329154989583297577837165088791e+00, 9.03452530491568975496574317334295452133e-01, 8.5979806885634312e-01, 4.7335348637397093e-01
0.72700000, 2.19832376996291656742550374166630942663e+00, -8.90622408719477467047265558543396641466e-01, 2.75809157000839059611333831930257700815e+01, 2.82832985537944237858424341438701784723e-01, 4.39615869197417588218466837015456445342e+00, 9.03582549935208372522287691129032618506e-01, 8.5910346272696369e-01, 4.7761180857561349e-01
0.72800000, 2.19889579835929226244464922034352268313e+00, -8.90330296773369304317220341407981150970e-01, 2.75798505738164366441988785517708760997e+01, 2.83441148443164954640056480117611140080e-01, 4.39551007588367846088534631806764360535e+00, 9.03712362151970397420926903845450098792e-01, 8.5838332646377369e-01, 4.8188407482350173e-01
0.72900000, 2.19946890425258647376499876447891229126e+00, -8.90036936413466738115815838021793434746e-01, 2.75787832316966719391745917870782597598e+01, 2.84049503348301145506490853022193716244e-01, 4.39485953632617436776361986187301955237e+00, 9.03841963044766524667481712982344909841e-01, 8.5763740451822777e-01, 4.8617020877113639e-01
0.73000000, 2.20004309005497866174865743742654672380e+00, -8.89742320363339114430522482283491984274e-01, 2.75777136672566907649260919599984605580e+01, 2.84658045214747887823491400486223938320e-01, 4.39420706455001939808418438434612845449e+00, 9.03971348466076543033922302811460750029e-01, 8.5686543966124793e-01, 4.9047013150389561e-01
0.73100000, 2.20061835817936923465624625487798017369e+00, -8.89446441286346455269948232502820848999e-01, 2.75766418740018818874375098641948005228e+01, 2.85266768954366645594450014900261536402e-01, 4.39355265174534079300164896537370075050e+00, 9.04100514217245973061933672870169953201e-01, 8.5606717298547401e-01, 4.9478376149633461e-01
0.73200000, 2.20119471103920294248776970935709264955e+00, -8.89149291785002594581200285635292932719e-01, 2.75755678454108587421645112380055027536e+01, 2.85875669428919077131426605493915469060e-01, 4.39289628904356571020231381833183136721e+00, 9.04229456047772152286022886121306598642e-01, 8.5524234390792743e-01, 4.9911101456891732e-01
0.73300000, 2.20177215104828748283808829142830851143e+00, -8.88850864400330201537687461245188510588e-01, 2.75744915749353753986394229514559315818e+01, 2.86484741449493168362648988768530834412e-01, 4.39223796751694576093676287884149491749e+00, 9.04358169654578779270801603267347603111e-01, 8.5439069017310038e-01, 5.0345180384417472e-01
0.73400000, 2.20235068062060720172037732333902568344e+00, -8.88551151611207573951621897019843611076e-01, 2.75734130560002437210945388338509622303e+01, 2.87093979775921571608499945514214946272e-01, 4.39157767817807759633300987049011050193e+00, 9.04486650681278703209427802490872349244e-01, 8.5351194785648297e-01, 5.0780603970228452e-01
0.73500000, 2.20293030217013176933375159829960261594e+00, -8.88250145833707082771820770904959394274e-01, 2.75723322820032517805576730962823966908e+01, 2.87703379116192027565987048266505909130e-01, 4.39091541197941952660781587146196727160e+00, 9.04614894717424741415575743076875368773e-01, 8.5260585136854109e-01, 5.1217362973606686e-01
0.73600000, 2.20351101811061970769300306002406573918e+00, -8.87947839420425146808423146200778052757e-01, 2.75712492463150835756135140533530260086e+01, 2.88312934125849746111129861382008466335e-01, 4.39025115981280415756442515143730380491e+00, 9.04742897297748302526522686092096693135e-01, 8.5167213345915830e-01, 5.1655447870539065e-01
0.73700000, 2.20409283085541664389677106940785576606e+00, -8.87644224659803614981665607661370074665e-01, 2.75701639422792401208168836014499450498e+01, 2.88922639407391619358922461706445175251e-01, 4.38958491250894702958015539453926469088e+00, 9.04870653901385588617565918202727413379e-01, 8.5071052522255485e-01, 5.2094848849098565e-01
0.73800000, 2.20467574281724815958300316759673544717e+00, -8.87339293775442431521757429634234202360e-01, 2.75690763632119619635913071928186059996e+01, 2.89532489509652138210841788288063610192e-01, 4.38891666083695124514891293420573671837e+00, 9.04998159951091144705524749012318581465e-01, 8.4972075610269788e-01, 5.2535555804765458e-01
0.73900000, 2.20525975640800710380475420210990122886e+00, -8.87033038925403457651029349672570302048e-01, 2.75679865024021531923500792531423209020e+01, 2.90142478927180881369570370881179302998e-01, 4.38824639550380807195374384352923103346e+00, 9.05125410812438519288987640201607799848e-01, 8.4870255389921667e-01, 5.2977558335688064e-01
0.74000000, 2.20584487403853523315262035734100205087e+00, -8.86725452201505321357781896778757402537e-01, 2.75668943531113070005390623515728458095e+01, 2.90752602099611443508973340061572560495e-01, 4.38757410715389350940501727307471158909e+00, 9.05252401793007794632619007279952066274e-01, 8.4765564477383735e-01, 5.3420845737882485e-01
0.74100000, 2.20643109811839903944973814960784352707e+00, -8.86416525628609164923527593862415823346e-01, 2.75657999085734328733226370294127592107e+01, 2.91362853411021666953693872136321687493e-01, 4.38689978636846080759289023820388077149e+00, 9.05379128141559740449562773020628604556e-01, 8.4657975325735181e-01, 5.3865407000370849e-01
0.74200000, 2.20701843105565962174853928183625575255e+00, -8.86106251163895157891521046009707411749e-01, 2.75647031619949854657184370697667679647e+01, 2.91973227189285038846279924800502669784e-01, 4.38622342366512892867053073164091342900e+00, 9.05505585047196339467022879618191101802e-01, 8.4547460225713585e-01, 5.4311230800257542e-01
0.74300000, 2.20760687525663645566249647087805301551e+00, -8.85794620696129641164534920349623897962e-01, 2.75636041065547952431347403276554886209e+01, 2.92583717705413113359792041720332104341e-01, 4.38554500949736694180947535337518203768e+00, 9.05631767638507428072648705587607498593e-01, 8.4433991306523203e-01, 5.4758305497742946e-01
0.74400000, 2.20819643312566490926798978028102070138e+00, -8.85481626044922765893720606032719410354e-01, 2.75625027354040009574786826195937522671e+01, 2.93194319172888816049623396258818563988e-01, 4.38486453425397434405285821798757965636e+00, 9.05757670982703189830519678493664109215e-01, 8.4317540536701282e-01, 5.5206619131074186e-01
0.74500000, 2.20878710706484735090814224451043722703e+00, -8.85167258959976488768063336253913631835e-01, 2.75613990416659840342859349165531088487e+01, 2.93805025746990484929038142528160406493e-01, 4.38418198825855730063855596543956821545e+00, 9.05883290084732234122350653251657738527e-01, 8.4198079725044037e-01, 5.5656159411432409e-01
0.74600000, 2.20937889947379769021889706217912861708e+00, -8.84851511120322783235398628444836353117e-01, 2.75602930184363049486753166883105831982e+01, 2.94415831524106500297944703424007180237e-01, 4.38349736176900079967513611718941564165e+00, 9.06008619886384986508996829213272462162e-01, 8.4075580521593922e-01, 5.6106913717756122e-01
0.74700000, 2.20997181274937918957451740239496481389e+00, -8.84534374133551924081219970559743377121e-01, 2.75591846587826416703572688931337458415e+01, 2.95026730541040352752902500436247796372e-01, 4.38281064497693671743156437881576738559e+00, 9.06133655265382111616318066977515024450e-01, 8.3950014418689896e-01, 5.6558869091500122e-01
0.74800000, 2.21056584928543537891176332975909421003e+00, -8.84215839535030700660622404468762449106e-01, 2.75580739557447302604255132772452650523e+01, 2.95637716774305996157543370608478121194e-01, 4.38212182800720779194972143981671755018e+00, 9.06258391034447683424784643663827863064e-01, 8.3821352752082389e-01, 5.7012012231329561e-01
0.74900000, 2.21116101147251390253581295467118939188e+00, -8.83895898787110411921766208817144822079e-01, 2.75569609023343077052389938335068223437e+01, 2.96248784139413329655696424817469139434e-01, 4.38143090091732750420981555491163381879e+00, 9.06382821940366811780608458079453462303e-01, 8.3689566702114759e-01, 5.7466329487748703e-01
0.75000000, 2.21175730169758312203301265424425045048e+00, -8.83574543278324494176311851493537789887e-01, 2.75558454915350570753588267726999172761e+01, 2.96859926490143650063756124872707400461e-01, 4.38073785369693586767578613547009964456e+00, 9.06506942663027427744323896515942794701e-01, 8.3554627294973018e-01, 5.7921806857663932e-01
0.75100000, 2.21235472234374129481211804675309512345e+00, -8.83251764322575630363505760458758233126e-01, 2.75547277163025551002450572134429391577e+01, 2.97471137617814913183442023094973656865e-01, 4.38004267626725112872393127797789401861e+00, 9.06630747814445924047197358489381935059e-01, 8.3416505404005689e-01, 5.8378429978880585e-01
0.75200000, 2.21295327578991814306306155352706492117e+00, -8.82927553158312187320153759533937589699e-01, 2.75536075695642222522432017717428604098e+01, 2.98082411250536639730275014776909070828e-01, 4.37934535848051738221654236137716189335e+00, 9.06754231937776340433106294584293734226e-01, 8.3275171751115674e-01, 5.8836184124533203e-01
0.75300000, 2.21355296441056862305657247785584096424e+00, -8.82601900947693825308808482083969926831e-01, 2.75524850442192754363036049758735723065e+01, 2.98693741052454298676045808140973996733e-01, 4.37864589011944810832670882819932455564e+00, 9.06877389506302777020004272864604631150e-01, 8.3130596908226058e-01, 5.9295054197448786e-01
0.75400000, 2.21415379057535869970517665355425411039e+00, -8.82274798775746121771360052686859278117e-01, 2.75513601331386833848804067139153835020e+01, 2.99305120622982997854480629404096259591e-01, 4.37794426089666563865422235225385618150e+00, 9.07000214922414712017097225278616345702e-01, 8.2982751298821836e-01, 5.9755024724442681e-01
0.75500000, 2.21475575664884292616208230133069200314e+00, -8.81946237649504048965137734743364540565e-01, 2.75502328291651248605543579929826064916e+01, 2.99916543496030308677419022626536416454e-01, 4.37724046045413656169936294284036102328e+00, 9.07122702516564893177627323625402255594e-01, 8.2831605199569557e-01, 6.0216079850546702e-01
0.75600000, 2.21535886499013362294495232902894914399e+00, -8.81616208497144142803929201920641764830e-01, 2.75491031251129497721178843807278304651e+01, 3.00528003139208048753309922079349041665e-01, 4.37653447836260307988514214456586961974e+00, 9.07244846546209465248833226369897718030e-01, 8.2677128742016971e-01, 6.0678203333169152e-01
0.75700000, 2.21596311795256144563217020735703902711e+00, -8.81284702167105197867374697085448426396e-01, 2.75479710137681433131548364379215726328e+01, 3.01139492953032843089905677253233505783e-01, 4.37582630412101033254331949131063885139e+00, 9.07366641194729988396273780991090943636e-01, 8.2519291914374765e-01, 6.1141378536186380e-01
0.75800000, 2.21656851788332712458538523927229519185e+00, -8.80951709427197321159415585976706804222e-01, 2.75468364878882932355445484140161578764e+01, 3.01751006270115281397890823417819437361e-01, 4.37511592715592970160937056429623604759e+00, 9.07488080570336995125216524660099027482e-01, 8.2358064563382552e-01, 6.1605588423965551e-01
0.75900000, 2.21717506712314415439918654146498442498e+00, -8.80617220963699174790342673840432923062e-01, 2.75456995402025603738235268891595772892e+01, 3.02362536354337485791026289979307587993e-01, 4.37440333682097811921091169085659355745e+00, 9.07609158704954725593055233965771676323e-01, 8.2193416396261322e-01, 6.2070815555318331e-01
0.76000000, 2.21778276800587220486186608673410290057e+00, -8.80281227380443235328026360225868856255e-01, 2.75445601634116525399518026133246839021e+01, 3.02974076400018899900426464315183654294e-01, 4.37368852239623339888739842955691686364e+00, 9.07729869553086673399485998964511263639e-01, 8.2025316982754583e-01, 6.2537042077385169e-01
0.76100000, 2.21839162285814101912539712909429549826e+00, -8.79943719197888895112704180984887374484e-01, 2.75434183501878019117583146952034917369e+01, 3.03585619531070107085026182592160489540e-01, 4.37297147308764561485091849862745106308e+00, 9.07850206990661565951091491816321762879e-01, 8.1853735757260520e-01, 6.3004249719449935e-01
0.76200000, 2.21900163399896455852282219380162967643e+00, -8.79604686852183228356899774989172024605e-01, 2.75422740931747460421843945252189804725e+01, 3.04197158800134482026352757298999797337e-01, 4.37225217802644455649349349995669762501e+00, 9.07970164813859395319607960465980071380e-01, 8.1678642021057499e-01, 6.3472419786684631e-01
0.76300000, 2.21961280373934514703189570239295121283e+00, -8.79264120694209242358365227394167447956e-01, 2.75411273849877126204103446943525986940e+01, 3.04808687187717476542616771824612739795e-01, 4.37153062626854328827058733708886517173e+00, 9.08089736737917107143923795475732385549e-01, 8.1500004944625328e-01, 6.3941533153823972e-01
0.76400000, 2.22022513438186736175957004040153110055e+00, -8.78922010988621431640160705525898148958e-01, 2.75399782182134081200412670029595750777e+01, 3.05420197601303336944105007100890214100e-01, 4.37080680679393784814880160778122050296e+00, 9.08208916395913546560120245731994584920e-01, 8.1317793570064732e-01, 6.4411570258769606e-01
0.76500000, 2.22083862822028140900708326986703379808e+00, -8.78578347912868450298970428488032977336e-01, 2.75388265854100104737488235905544541310e+01, 3.06031682874459046678139781342926265094e-01, 4.37008070850610312100354657016786860476e+00, 9.08327697337533251376843182650839846095e-01, 8.1131976813617538e-01, 6.4882511096123806e-01
0.76600000, 2.22145328753907571846415164719689951599e+00, -8.78233121556202715291440405501328540892e-01, 2.75376724791071659181198002738307862846e+01, 3.06643135765925284376713002697939661568e-01, 4.36935232023138492669556493077419138928e+00, 9.08446073027808673740108241762302243966e-01, 8.0942523468290148e-01, 6.5354335210652468e-01
0.76700000, 2.22206911461303848086705155682272259140e+00, -8.77886321918676750819732906247475490995e-01, 2.75365158918059901569546144499066531099e+01, 3.07254548958694183722575574738401075290e-01, 4.36862163071838836604954594692281352333e+00, 9.08564036845840402347296146524204140771e-01, 8.0749402206582895e-01, 6.5827021690677283e-01
0.76800000, 2.22268611170680784703295908067183659662e+00, -8.77537938910126081392735935040083340501e-01, 2.75353568159790739958938589843026414698e+01, 3.07865915059073677789344046862541029697e-01, 4.36788862863736247160993730163941137930e+00, 9.08681582083494947869482051342890737795e-01, 8.0552581583327982e-01, 6.6300549161396976e-01
0.76900000, 2.22330428107441049854536511614045919501e+00, -8.77187962349138478539647796518383422994e-01, 2.75341952440704936060333460304444955672e+01, 3.08477226595738206687374643713034657172e-01, 4.36715330257958121386493730964758632760e+00, 9.08798701944079644619137574740225179988e-01, 8.0352030038638714e-01, 6.6774895778137543e-01
0.77000000, 2.22392362495878829250605521185337944798e+00, -8.76836381962009363539281565000453343759e-01, 2.75330311684958255791228242995748826823e+01, 3.09088476018765563459067869020377413075e-01, 4.36641564105672091761629382851605390733e+00, 9.08915389540994211651304018545884120579e-01, 8.0147715900972813e-01, 6.7250039219531437e-01
0.77100000, 2.22454414559131267468117623334982414815e+00, -8.76483187381683165902811879706790228361e-01, 2.75318645816421669420356754361204580106e+01, 3.09699655698659649214244762942430399542e-01, 4.36567563250023414733699187841116484202e+00, 9.09031637896358506405097471073564121814e-01, 7.9939607390312685e-01, 6.7725956680625689e-01
0.77200000, 2.22516584519128654704522422328120135036e+00, -8.76128368146680434711338763542200662862e-01, 2.75306954758681603034517135671078377746e+01, 3.10310757925358904477643365342812061069e-01, 4.36493326526072012470851388189254951377e+00, 9.09147439939615993673286962425085828540e-01, 7.9727672621465520e-01, 6.8202624865918982e-01
0.77300000, 2.22578872596543326716006713577189516125e+00, -8.75771913700010497264210256386056765378e-01, 2.75295238435040243111181651791497404948e+01, 3.10921774907230179635813300949230748873e-01, 4.36418852760729174607174281563827356950e+00, 9.09262788506112442124978344707030176649e-01, 7.9511879607486216e-01, 6.8680019982327743e-01
0.77400000, 2.22641279010737244800881277640462233738e+00, -8.75413813388069456841293021512257678615e-01, 2.75283496768515896036506340343417392943e+01, 3.11532698770047803219160447806899460805e-01, 4.36344140772693927226870424490428227354e+00, 9.09377676335649349794307193440548457489e-01, 7.9292196263226152e-01, 6.9158117732081336e-01
0.77500000, 2.22703803979708221782865121070250641273e+00, -8.75054056459523318724205799799210800743e-01, 2.75271729681843404466121960518859319497e+01, 3.12143521555957602536068820679994985516e-01, 4.36269189372389076830449311353925954985e+00, 9.09492096071011588880535696069515992435e-01, 7.9068590409010907e-01, 6.9636893305546481e-01
0.77600000, 2.22766447720034759014469362388080371172e+00, -8.74692632064176030959973057462721451839e-01, 2.75259937097474622485707657570075874619e+01, 3.12754235222425626889396562861972464630e-01, 4.36193997361896937542853436585707721801e+00, 9.09606040256468748875975597251122459285e-01, 7.8841029774450091e-01, 7.0116321373981093e-01
0.77700000, 2.22829210446819458458998583832971381782e+00, -8.74329529251822223687802278144864473651e-01, 2.75248118937578951589887859519268094133e+01, 3.13364831641171319250741383845208410120e-01, 4.36118563534894750363077088367916541682e+00, 9.09719501336249645441507380058603771178e-01, 7.8609482002382507e-01, 7.0596376082217720e-01
0.77800000, 2.22892092373630972919671372127847282784e+00, -8.73964736971084428188082027684780120800e-01, 2.75236275124043939561515935093542598214e+01, 3.13975302597084877844276461319328423699e-01, 4.36042886676589803818081987033870147870e+00, 9.09832471652989450578790572682074261035e-01, 7.8373914652959950e-01, 7.1077031041276868e-01
0.77900000, 2.22955093712444456465127953169726256698e+00, -8.73598244068234554154749226435164486700e-01, 2.75224405578475944398982133999456569073e+01, 3.14585639787128544599297858943233128037e-01, 4.35966965563654265971634186019218087172e+00, 9.09944943446148887497085972601031649328e-01, 7.8134295207872994e-01, 7.1558259320910492e-01
0.78000000, 2.23018214673580476051226437056297493448e+00, -8.73230039285999401040568731097465604210e-01, 2.75212510222200865506877743331596432994e+01, 3.15195834819221552868578938195206822980e-01, 4.35890798964159738352098393653652546610e+00, 9.10056908850404921134330379057880985905e-01, 7.7890591074722211e-01, 7.2040033442076013e-01
0.78100000, 2.23081455465642344258585588575298080965e+00, -8.72860111262349976682477843607088631647e-01, 2.75200588976264944435234127941678038887e+01, 3.15805879211108462177933686871094618052e-01, 4.35814385637511543003287368012544358253e+00, 9.10168359894012362559978218553036052540e-01, 7.7642769591538309e-01, 7.2522325369341259e-01
0.78200000, 2.23144816295451831952835813756298339872e+00, -8.72488448529274393784040607922677084583e-01, 2.75188641761435637524708828473811651969e+01, 3.16415764389210603070849513464399010495e-01, 4.35737724334382754530277841997300502399e+00, 9.10279288497135792454279189749576973598e-01, 7.7390798031454776e-01, 7.3005106503220784e-01
0.78300000, 2.23208297367983218528984023019665124385e+00, -8.72115039511534112217507216413304192486e-01, 2.75176668498202562889588261843493501152e+01, 3.17025481687460350340528855996938072631e-01, 4.35660813796647989708819246925941990063e+00, 9.10389686470151195518090209123396942574e-01, 7.7134643607536673e-01, 7.3488347672444063e-01
0.78400000, 2.23271898886295636221642207366766754143e+00, -8.71739872525403292512477460970391710307e-01, 2.75164669106778524247397637935299065805e+01, 3.17635022346117938100119368957692351546e-01, 4.35583652757316967953774134163746868582e+00, 9.10499545511916684011883362410315950780e-01, 7.6874273477769286e-01, 7.3972019126156134e-01
0.78500000, 2.23335621051463663748040085994213521688e+00, -8.71362935777391023325450794909543874623e-01, 2.75152643507100614183336145389365190534e+01, 3.18244377510570525230335370964823558697e-01, 4.35506239940467856700186646806714662981e+00, 9.10608857208011674645035622454180039028e-01, 7.6609654750210448e-01, 7.4456090526051307e-01
0.78600000, 2.23399464062506123299630223478613730453e+00, -8.70984217362946183138581184657489745938e-01, 2.75140591618831399519774883838349084108e+01, 3.18853538230113214762185370880061046939e-01, 4.35428574061180416541377014620909458436e+00, 9.10717613028943868729364033515012293393e-01, 7.6340754488310385e-01, 7.4940530938440614e-01
0.78700000, 2.23463428116313033609554646873542924746e+00, -8.70603705265144693920973481730072343252e-01, 2.75128513361360191545755095713728130663e+01, 3.19462495456711725701321167474933819557e-01, 4.35350653825468961793259783413168348895e+00, 9.10825804328323370866662696980448566368e-01, 7.6067539716403047e-01, 7.5425308826253766e-01
0.78800000, 2.23527513407570670496093033484800875015e+00, -8.70221387353358922006364139248274234979e-01, 2.75116408653804403948896805527472484639e+01, 3.20071240043746410679912402401524485019e-01, 4.35272477930215153014292246853750775549e+00, 9.10933422341003266451034581410930069679e-01, 7.5789977425372938e-01, 7.5910392040976404e-01
0.78900000, 2.23591720128684684915233350886747110894e+00, -8.69837251381908979001816443133170418575e-01, 2.75104277415011001382468113345936267798e+01, 3.20679762744737307632333229198671529543e-01, 4.35194045063100638907547637581550807914e+00, 9.11040458181185962925291156909755399614e-01, 7.5508034578501559e-01, 7.6395747814523561e-01
0.79000000, 2.23656048469701227147436091829928872413e+00, -8.69451284988695673148228149965186167966e-01, 2.75092119563558041693671613703196004088e+01, 3.21288054212049908432847336567004833495e-01, 4.35115353902539565966907344423885309214e+00, 9.11146902840494584028686943282991960492e-01, 7.5221678117497645e-01, 7.6881342751050257e-01
0.79100000, 2.23720498618226024293201693008433761569e+00, -8.69063475693814859210419261523773338988e-01, 2.75079935017756314935578743594242166232e+01, 3.21896104995581322107540726497051364273e-01, 4.35036403117610975204874697164112291249e+00, 9.11252747186008690202708793888143609562e-01, 7.4930874968715461e-01, 7.7367142818700281e-01
0.79200000, 2.23785070759341356757853850819011248287e+00, -8.68673810898152932688102123578494745286e-01, 2.75067723695651082384690974187313942496e+01, 3.22503905541426504839758839839852919640e-01, 4.34957191367991106316694093017560793812e+00, 9.11357981958263581874371917207681371362e-01, 7.4635592049565511e-01, 7.7853113341294267e-01
0.79300000, 2.23849765075520877866632167245210780381e+00, -8.68282277881963211915257522640173736193e-01, 2.75055485515023918888938102539271786604e+01, 3.23111446190524223529179768062603785441e-01, 4.34877717303885630696048192477807814544e+00, 9.11462597769212425504186398224497025126e-01, 7.4335796275122088e-01, 7.8339218989958240e-01
0.79400000, 2.23914581746542219165313850668309769454e+00, -8.67888863803422949460851477166652842632e-01, 2.75043220393394661977151842607597335378e+01, 3.23718717177282414140476249940622643944e-01, 4.34797979565961835823410765714376397109e+00, 9.11566585100150425060232362852772691091e-01, 7.4031454564932186e-01, 7.8825423774693932e-01
0.79500000, 2.23979520949397322327677690404287162054e+00, -8.67493555697170712165331887908263156090e-01, 2.75030928248023471270794890834955820570e+01, 3.24325708628182590489528832176110444304e-01, 4.34717976785280784701038301642075082715e+00, 9.11669934299600243952089036315840422215e-01, 7.3722533850030372e-01, 7.9311691035892213e-01
0.79600000, 2.24044582858200436907658066972951446168e+00, -8.67096340472823867152269906116748080583e-01, 2.75018608995913001852103290211807083571e+01, 3.24932410560362953464770735687569586615e-01, 4.34637707583229475210554397217049880131e+00, 9.11772635581157864420064726965161231378e-01, 7.3409001080164319e-01, 7.9797983435791100e-01
0.79700000, 2.24109767644093721439436941348949938717e+00, -8.66697204913475909250633154936229549929e-01, 2.75006262553810695359939238034401688792e+01, 3.25538812880179844970080782068352023710e-01, 4.34557170571453025522165308753578807540e+00, 9.11874679021298052917530459505476146375e-01, 7.3090823231235763e-01, 8.0284262949879902e-01
0.79800000, 2.24175075475150383601361406619556241303e+00, -8.66296135674173363458744737388071514158e-01, 2.74993888838211192705682994519360038945e+01, 3.26144905381747185105506104302720358230e-01, 4.34476364351786912990877961592068293781e+00, 9.11976054557138581138332298572538713740e-01, 7.2767967312961758e-01, 8.0770490858251143e-01
0.79900000, 2.24240506516275293317774992220961547878e+00, -8.65893119280371994384740184032753384871e-01, 2.74981487765358872426551450837285264240e+01, 3.26750677745453525275020104920724290185e-01, 4.34395287516189295336899056907842873974e+00, 9.12076751984162333018319503021933499101e-01, 7.2440400376761190e-01, 8.1256627736902020e-01
0.80000000, 2.24306060929103000774880098157397483460e+00, -8.65488142126372053019557823172297153864e-01, 2.74969059251250518822957254202216703068e+01, 3.27356119536456344028764001041738149215e-01, 4.34313938646673444326996293397682085216e+00, 9.12176760953896408270968962573093530055e-01, 7.2108089523871588e-01, 8.1742633448987264e-01
0.80100000, 2.24371738871893089370818809329349968688e+00, -8.65081190473732289747016328679649583675e-01, 2.74956603211638124160061236221845173213e+01, 3.27961220203153206513291017100635705594e-01, 4.34232316315240323653419594331314687037e+00, 9.12276070971547312792829342748985195990e-01, 7.1771001913701372e-01, 8.2228467136025367e-01
0.80200000, 2.24437540499422791604424845098451624657e+00, -8.64672250449662461181763358725814958918e-01, 2.74944119562031829351672524260916305328e+01, 3.28565969075629402420004478439623978782e-01, 4.34150419083811344249534201300056579782e+00, 9.12374671393591305585906222569493852859e-01, 7.1429104772422769e-01, 8.2714087209060269e-01
0.80300000, 2.24503465962876793829656642424089724229e+00, -8.64261308045394057260857965547924523890e-01, 2.74931608217703007687270799297175774787e+01, 3.29170355364081671292311296845493580684e-01, 4.34068245504161331889238802556873666621e+00, 9.12472551425318950681965069755143263759e-01, 7.1082365401810730e-01, 8.3199451339780710e-01
0.80400000, 2.24569515409734153661606102354242956696e+00, -8.63848349114528974010167796013596772628e-01, 2.74919069093687496310324944750546662682e+01, 3.29774368157217617979359292036996848893e-01, 4.33985794117851743593273059554095031666e+00, 9.12569700118332900908804563843041971776e-01, 7.0730751188333249e-01, 8.3684516451599592e-01
0.80500000, 2.24635688983652251613162597256715677565e+00, -8.63433359371365856575001575253030917020e-01, 2.74906502104788980308428836482320208565e+01, 3.30377996420630414912271555710679000417e-01, 4.33903063456164171112519736298762067331e+00, 9.12666106367997918201583782899417386462e-01, 7.0374229612498606e-01, 8.4169238710695789e-01
0.80600000, 2.24701986824347696266806609738795202835e+00, -8.63016324389203836458568478741565213086e-01, 2.74893907165582534433241267232735990332e+01, 3.30981228995148381731558741799296668412e-01, 4.33820052040034171579359181281739854105e+00, 9.12761758910842112523995777547125402944e-01, 7.0012768258465144e-01, 8.4653573517021034e-01
0.80700000, 2.24768409067474099941455141332360175186e+00, -8.62597229598623386465838664813112398107e-01, 2.74881284190418327630982188423116536733e+01, 3.31584054595159026616272788533534799573e-01, 4.33736758379985467316147844400288711045e+00, 9.12856646321908358315193215645882833567e-01, 6.9646334823919279e-01, 8.5137475495274585e-01
0.80800000, 2.24834955844496639397557364952977039829e+00, -8.62176060285744016618865457291962940096e-01, 2.74868633093425495732487212361168933069e+01, 3.32186461806907127461246427224505930544e-01, 4.33653180976064558768210692603269234666e+00, 9.12950757012054823709636355427359576085e-01, 6.9274897130227543e-01, 8.5620898485848586e-01
0.80900000, 2.24901627282563313632449908758129567838e+00, -8.61752801590458534308168542378352683811e-01, 2.74855953788516187825748911784034766278e+01, 3.32788439086766424823642266111096165907e-01, 4.33569318317775796590741650689409819428e+00, 9.13044079225203523579237293542461720541e-01, 6.8898423132868564e-01, 8.6103795535747121e-01
0.81000000, 2.24968423504372808249961217740498160361e+00, -8.61327438504643592189822784271308792204e-01, 2.74843246189389792013676015847643888498e+01, 3.33389974759484492319658094091707171008e-01, 4.33485168884016961068223386756130746851e+00, 9.13136601035535782711166517209074517822e-01, 6.8516880932150966e-01, 8.6586118889482177e-01
0.81100000, 2.25035344628038873240964875916928095230e+00, -8.60899955870346247846857286164717587602e-01, 2.74830510209537346445686376468412342131e+01, 3.33991057016400343902719739223748821315e-01, 4.33400731143015399285086055953760422286e+00, 9.13228310344633470151402233267963734721e-01, 6.8130238784223294e-01, 8.7067819979949836e-01
0.81200000, 2.25102390766951118282508576506576739711e+00, -8.60470338377946260024860103541511343887e-01, 2.74817745762246141703930166292065397220e+01, 3.34591673913634331202462194470019492673e-01, 4.33316003552264772801160080936380870360e+00, 9.13319194878564839904583622621468867312e-01, 6.7738465112382153e-01, 8.7548849419290242e-01
0.81300000, 2.25169562029632126849697429188346224937e+00, -8.60038570564293847344784846486213327262e-01, 2.74804952760604520823637377943201778776e+01, 3.35191813370249877856413847087834180877e-01, 4.33230984558462471019041510380909602415e+00, 9.13409242184913786776157339936013568548e-01, 6.7341528518684840e-01, 8.8029156989735002e-01
0.81400000, 2.25236858519590787534017235774594343386e+00, -8.59604636810822636811467707522070174952e-01, 2.74792131117506883432527400610470505655e+01, 3.35791463166386591531289546534288607920e-01, 4.33145672597447747966952697063289523855e+00, 9.13498439629751299164530831937317195145e-01, 6.6939397795872869e-01, 8.8508691634445915e-01
0.81500000, 2.25304280335171737971493980127654827916e+00, -8.59168521341637531196072811428926572613e-01, 2.74779280745658900706645467345333280277e+01, 3.36390610941364288116506804541058297752e-01, 4.33060066094140642864398082623591128834e+00, 9.13586774394547863050514847292100976794e-01, 6.6532041939612871e-01, 8.8987401448349067e-01
0.81600000, 2.25371827569400813701165863398012105021e+00, -8.58730208221577226497625406492182864851e-01, 2.74766401557582948059646718045604148216e+01, 3.36989244191757456387954522248759619379e-01, 4.32974163462481747593424020594338931092e+00, 9.13674233473025543280534575764191994991e-01, 6.6119430161061450e-01, 8.9465233668968558e-01
0.81700000, 2.25439500309826391095874726312192751846e+00, -8.58289681354251113207320149022936507286e-01, 2.74753493465623762709687824558618784428e+01, 3.37587350269439685294843686280347584150e-01, 4.32887963105372887070327315407223120671e+00, 9.13760803667948439490971565998004817727e-01, 6.5701531899760685e-01, 8.9942134667264287e-01
0.81800000, 2.25507298638356510230358854140559215556e+00, -8.57846924480050298035150878226333298668e-01, 2.74740556381954333502971872536694907189e+01, 3.38184916379597569927066446299382227663e-01, 4.32801463414618781506157702090105370704e+00, 9.13846471587850184665939640322065139160e-01, 6.5278316836871050e-01, 9.0418049938478480e-01
0.81900000, 2.25575222631091660172954571003264091639e+00, -8.57401921174132486138812399038991098316e-01, 2.74727590218582030615897063892613008517e+01, 3.38781929578713606186076167107512522582e-01, 4.32714662770869762664475536010429610500e+00, 9.13931223643697124352530653429770017644e-01, 6.4849754908748639e-01, 9.0892924092995808e-01
0.82000000, 2.25643272358153105703704875448082841644e+00, -8.56954654844380467748536714263093458265e-01, 2.74714594887354983008965948841138475557e+01, 3.39378376772517578220898607118410028513e-01, 4.32627559543565619476929867990543884637e+00, 9.14015046045485783969232742429585081264e-01, 6.4415816320873663e-01, 9.1366700847222210e-01
0.82100000, 2.25711447883506630870052600507298176009e+00, -8.56505108729333957438943405816444178627e-01, 2.74701570299968711765411363218606617769e+01, 3.39974244713905936815397946943495527764e-01, 4.32540152090880651766917428514220877400e+00, 9.14097924798773200428429663093387492924e-01, 6.3976471562137292e-01, 9.1839323014487730e-01
0.82200000, 2.25779749264781571088192191387868619103e+00, -8.56053265896094539192228803264106482351e-01, 2.74688516367973027716190288279468945931e+01, 3.40569520000828661137193851997101923350e-01, 4.32452438759670014364714579555041781504e+00, 9.14179845701138662446759516204727090048e-01, 6.3531691419494008e-01, 9.2310732495978943e-01
0.82300000, 2.25848176553085001680101549294829148151e+00, -8.55599109238203475860033387211937895707e-01, 2.74675433002779202030900250657796270621e+01, 3.41164189074143090597497370786379502438e-01, 4.32364417885417437580138274958864427636e+00, 9.14260794338575371432350816929511121371e-01, 6.3081446992986734e-01, 9.2780870271706777e-01
0.82400000, 2.25916729792810946799709644524956147286e+00, -8.55142621473492147699973813331234425776e-01, 2.74662320115667418741608284373293674193e+01, 3.41758238215434208040504644362467730562e-01, 4.32276087792184413837347055819304530206e+00, 9.14340756081810501710918095589323722673e-01, 6.2625709711152072e-01, 9.3249676391515802e-01
0.82500000, 2.25985409021444468642914204597702326658e+00, -8.54683785141904891374993020090292447828e-01, 2.74649177617794518463884725399481314163e+01, 3.42351653544800850097885189022266721484e-01, 4.32187446792560944277471160011646148847e+00, 9.14419716082552105079463404547831223207e-01, 6.2164451346813124e-01, 9.3717089966141313e-01
0.82600000, 2.26054214269360492651484095502721159865e+00, -8.54222582603294018199394306860166109640e-01, 2.74636005420202042886849580140905067331e+01, 3.42944421018607315326550177323050800392e-01, 4.32098493187617943305279183386956177688e+00, 9.14497659269661270253768307139940202725e-01, 6.1697644033267393e-01, 9.4183049158320819e-01
0.82700000, 2.26123145559617220106399057165507622311e+00, -8.53758996035186798536962952097481412940e-01, 2.74622803433824589922126162924840940841e+01, 3.43536526427199835715781958415651852778e-01, 4.32009225266861403403261938215133281124e+00, 9.14574570345247912701730032255198883316e-01, 6.1225260280877419e-01, 9.4647491173966833e-01
0.82800000, 2.26192202907743975057928802245937028720e+00, -8.53293007430524208148600399339876228400e-01, 2.74609571569498489730625628486975069242e+01, 3.44127955392587372323796633248179133921e-01, 4.31919641308188427067866673847245219963e+00, 9.14650433780688534627625928949883787489e-01, 6.0747272994071829e-01, 9.5110352253408131e-01
0.82900000, 2.26261386321523327953664330715024656396e+00, -8.52824598595371241996569011540968161318e-01, 2.74596309737970812186440015323724104510e+01, 3.44718693366086191206179860156588334436e-01, 4.31829739577845237445994140328976354198e+00, 9.14725233812564258492383911869736762044e-01, 6.0263655488764599e-01, 9.5571567662706989e-01
0.83000000, 2.26330695800767333597612712736922164393e+00, -8.52353751146598611589584547752071569010e-01, 2.74583017849908716689196491660051744078e+01, 3.45308725625927671453189809765089071323e-01, 4.31739518330387284173461211246274589807e+00, 9.14798954438517400422871689830328521492e-01, 5.9774381510200413e-01, 9.6031071685060186e-01
0.83100000, 2.26400131337087716199073954752627444045e+00, -8.51880446509535653450205596444788330364e-01, 2.74569695815909155600430989227099084270e+01, 3.45898037274828793085086989767001238813e-01, 4.31648975808641566049467836498924114368e+00, 9.14871579413024812181362795869497603131e-01, 5.9279425251234034e-01, 9.6488797612291904e-01
0.83200000, 2.26469692913659829244951357011159567638e+00, -8.51404665915594288758806028960477658153e-01, 2.74556343546508942956298318076951917749e+01, 3.46486613237524748791574447227712510017e-01, 4.31558110243671297531089317219355538191e+00, 9.14943092243086182038373659976210465736e-01, 5.8778761371051739e-01, 9.6944677736446998e-01
0.83300000, 2.26539380504980212748916522882511045867e+00, -8.50926390399863887735536258458681249869e-01, 2.74542960952195200498685201684315087079e+01, 3.47074438258263120072084985954619427767e-01, 4.31466919854743051608724303858778414092e+00, 9.15013476183825445923217814373895158930e-01, 5.8272365014342893e-01, 9.7398643341493425e-01
0.83400000, 2.26609194076617565090863784422012425603e+00, -8.50445600798676906925016092596915402220e-01, 2.74529547943416193469983865224656677771e+01, 3.47661496898259055268943827685556802974e-01, 4.31375402849296517436942991253554619803e+00, 9.15082714234003420623800614654855847482e-01, 5.7760211830929830e-01, 9.7850624695143033e-01
0.83500000, 2.26679133584956941155649177608960959431e+00, -8.49962277747145183313445931466879637215e-01, 2.74516104430592569033883004350582820322e+01, 3.48247773533110884318332131969669180766e-01, 4.31283557422917017155389012719148091141e+00, 9.15150789131439730579127718094146684273e-01, 5.7242277995864255e-01, 9.8300551040800217e-01
0.83600000, 2.26749198976936982806416208332648560806e+00, -8.49476401676666786203407594235082770033e-01, 2.74502630324129010616021406946159689701e+01, 3.48833252350175602809629087409996160445e-01, 4.31191381759310932651812567892389736793e+00, 9.15217683348342058965470946248183373902e-01, 5.6718540229998460e-01, 9.8748350589648398e-01
0.83700000, 2.26819390189779981879963004919380499118e+00, -8.48987952812403346070727411578167642928e-01, 2.74489125534426321904723890232301617160e+01, 3.49417917345903656179585490321249887388e-01, 4.31098874030284199604918699864721403721e+00, 9.15283379086540712333050658534040112605e-01, 5.6188975821039674e-01, 9.9193950512884629e-01
0.83800000, 2.26889707150714569864602050826503977079e+00, -8.48496911170727799307320598019788790800e-01, 2.74475589971893954713812027739681920924e+01, 3.50001752323132453613806761416567496190e-01, 4.31006032395724033009936144660449217773e+00, 9.15347858272626446019744463234917716688e-01, 5.5653562645095943e-01, 9.9637276934113058e-01
0.83900000, 2.26960149776690822209706501170824438176e+00, -8.48003256556642508895127890685226916840e-01, 2.74462023546962995387181965386355807962e+01, 3.50584740888338040526734747046808621436e-01, 4.30912855003584055546565773769917948693e+00, 9.15411102552989454969576472347952811800e-01, 5.5112279188721955e-01, 1.0007825492190842e+00
0.84000000, 2.27030717974087558815434125925883601541e+00, -8.47506968561167743744798043736239901429e-01, 2.74448426170099624919013483036081243727e+01, 3.51166866448844358388020717211410259096e-01, 4.30819339989873007609673851905127502242e+00, 9.15473093288757391437224130426461752641e-01, 5.4565104571473274e-01, 1.0051680848256111e+00
0.84100000, 2.27101411638411615655688982102687933211e+00, -8.47008026558700523759116837016947473633e-01, 2.74434797751819068474680098147079056524e+01, 3.51748112209989521206119377040659221204e-01, 4.30725485478647225600698184920083016875e+00, 9.15533811550630227389165894107051872343e-01, 5.4012018568977474e-01, 1.0095286055301596e+00
0.84200000, 2.27172230653988855691854008493959015040e+00, -8.46506409704343863740794612269103623405e-01, 2.74421138202700050526248195830742887569e+01, 3.52328461172248539220464006628605179518e-01, 4.30631289582007083185722921088171986830e+00, 9.15593238113609735244318992889889849002e-01, 5.3453001636530680e-01, 1.0138633299401710e+00
0.84300000, 2.27243174893646680233756330860077867001e+00, -8.46002096931206477157836437658597625694e-01, 2.74407447433399772363479943907914275574e+01, 3.52907896128311922346369507247131872722e-01, 4.30536750400097598678603833362084370030e+00, 9.15651353451621315962559190921202703772e-01, 5.2888034933228053e-01, 1.0181714658347203e+00
0.84400000, 2.27314244218387794692188207196637691290e+00, -8.45495066947673030613629647676746604798e-01, 2.74393725354669429307103661501127085874e+01, 3.53486399660119598720021674000668906285e-01, 4.30441866021113420519031079970913364523e+00, 9.15708137732025858422680719922948123566e-01, 5.2317100346636736e-01, 1.0224522101004826e+00
0.84500000, 2.27385438477054975238509924406191622804e+00, -8.44985298234645071755251439517356660618e-01, 2.74379971877370285536417619995515440279e+01, 3.54063954135849587366432834973227565996e-01, 4.30346634521308412001251068259034741556e+00, 9.15763570810019268570591012246168837425e-01, 5.1740180518019802e-01, 1.0267047486701668e+00
0.84600000, 2.27456757505986575235757051225360354761e+00, -8.44472769042752787410659041891234644989e-01, 2.74366186912490325048698117052126247775e+01, 3.54640541706860868626902589155335203242e-01, 4.30251053965010065985216133226488800035e+00, 9.15817632222917261006760431875804295597e-01, 5.1157258868119714e-01, 1.0309282564635596e+00
0.84700000, 2.27528201128662502426563800506686813796e+00, -8.43957457389537785098218355072149568762e-01, 2.74352370371161497894057246953074291185e+01, 3.55216144304589901604322589793084271189e-01, 4.30155122404638990304729535535455478303e+00, 9.15870301184322959566909413551969839779e-01, 5.0568319623509791e-01, 1.0351218973313325e+00
0.84800000, 2.27599769155340389750358034654244704365e+00, -8.43439341056607129832150619995042054687e-01, 2.74338522164677581477025367246295376037e+01, 3.55790743637400244589040388104894276549e-01, 4.30058837880733714993923425788749672706e+00, 9.15921556578174807084572397548619531247e-01, 4.9973347843522141e-01, 1.0392848240017675e+00
0.84900000, 2.27671461382681674309915432150051322307e+00, -8.42918397586758909493848112260964545845e-01, 2.74324642204512677385921244676319085510e+01, 3.56364321187384742294078429772425650916e-01, 4.29962198421981083302073617515905169780e+00, 9.15971376952672237967107674052211174452e-01, 4.9372329447760467e-01, 1.0434161780305625e+00
0.85000000, 2.27743277593367290409700370321420805953e+00, -8.42394604281079646098151458704525957703e-01, 2.74310730402340364903740780290404901264e+01, 3.56936858207119752840395301718597630969e-01, 4.29865202045252499775972182240788465930e+00, 9.16019740514076520532561016151745415539e-01, 4.8765251244206115e-01, 1.0475150897538871e+00
0.85100000, 2.27815217555702673739690254259417615843e+00, -8.41867938196013917210123511457501961927e-01, 2.74296786670053533070582617856917066503e+01, 3.57508335716370897879954897985306940465e-01, 4.29767846755646320478257761110882517224e+00, 9.16066625120384129314702959841216702123e-01, 4.8152100957925623e-01, 1.0515806782448593e+00
0.85200000, 2.27887281023211764672817636367154506969e+00, -8.41338376140406601724559846540607196816e-01, 2.74282810919784913908293247165841015139e+01, 3.58078734498749831121599597219593049582e-01, 4.29670130546536682699436613788983885276e+00, 9.16112008274869960825739654620094133045e-01, 4.7532867260387994e-01, 1.0556120512736280e+00
0.85300000, 2.27959467734219689276047024292445904728e+00, -8.40805894672518217379281533918429078157e-01, 2.74268803063928340183830455885178102526e+01, 3.58648035098321533932988542505089795770e-01, 4.29572051399629084331815448226562546598e+00, 9.16155867119497659656409188886739497434e-01, 4.6907539799399767e-01, 1.0596083052712441e+00
0.85400000, 2.28031777411423786998765620562052340338e+00, -8.40270470097013873915340829626960987331e-01, 2.74254763015160751879604467624571562617e+01, 3.59216217816161661738313420043715970541e-01, 4.29473607285023036427045337235067709042e+00, 9.16198178428194275385328053783546827356e-01, 4.6276109229665874e-01, 1.0635685252975180e+00
0.85500000, 2.28104209761452644092026119177775781427e+00, -8.39732078461926425913643342246283864943e-01, 2.74240690686464976357569968566847194778e+01, 3.59783262706863481729932814063582604986e-01, 4.29374796161282126378141312057730811128e+00, 9.16238918599986424666216239255499730994e-01, 4.5638567243984121e-01, 1.0674917850130607e+00
0.85600000, 2.28176764474412781622759866049764897535e+00, -8.39190695555594473229500441956110024638e-01, 2.74226585991153308049934880788451469043e+01, 3.60349149574993961083293743714295559244e-01, 4.29275615975511843675279578417877865934e+00, 9.16278063651995087175095448132759667212e-01, 4.4994906605080987e-01, 1.0713771466557195e+00
0.85700000, 2.28249441223422636473041908262260780211e+00, -8.38646296903575924826499098933431728130e-01, 2.74212448842891914383864179520689968606e+01, 3.60913857971498585536800090819972554929e-01, 4.29176064663445535306883834788169212809e+00, 9.16315589212286118951940123867952036113e-01, 4.4345121178096249e-01, 1.0752236610216213e+00
0.85800000, 2.28322239664133462950666454066628418291e+00, -8.38098857765537913902475740979389764992e-01, 2.74198279155726095551345015320204367638e+01, 3.61477367190054511007785984040689157024e-01, 4.29076140149538873638935683874669415858e+00, 9.16351470512573522195662378539135098665e-01, 4.3689205963723767e-01, 1.0790303674510470e+00
0.85900000, 2.28395159434236771578717170797225743053e+00, -8.37548353132123928738991885128226604917e-01, 2.74184076844106426669312388056117503020e+01, 3.62039656263371676006940089456222650567e-01, 4.28975840347073236032491427825472214612e+00, 9.16385682380772466912512230686052432314e-01, 4.3027157132015528e-01, 1.0827962938193683e+00
0.86000000, 2.28468200152957910273770105010930883417e+00, -8.36994757721799104939853538052706822169e-01, 2.74169841822915811840094712812293391051e+01, 3.62600703959441530139709760864409778844e-01, 4.28875163158268412579462299551542433796e+00, 9.16418199233399017133303513229302271796e-01, 4.2358972056855822e-01, 1.0865204565332840e+00
0.86100000, 2.28541361420535381460412764470298069473e+00, -8.36438045977674710915490230392107824703e-01, 2.74155574007497480619119126309273787314e+01, 3.63160488777733064107031991405327398951e-01, 4.28774106474405076178240130878765097582e+00, 9.16448995067813472875129996268648735489e-01, 4.1684649351112159e-01, 1.0902018605326037e+00
0.86200000, 2.28614642817685476699799700280644620510e+00, -8.35878192064312949893952393255513825150e-01, 2.74141273313683958426520257183111643778e+01, 3.63718988945335859511703602542787869990e-01, 4.28672668175957467763191678707425276328e+00, 9.16478043454304198813661704936891404888e-01, 4.1004188902469239e-01, 1.0938394992978334e+00
0.86300000, 2.28688043905051798128277086777891981041e+00, -8.35315169864513298686075734319083235561e-01, 2.74126939657827043502734199805025150365e+01, 3.64276182413049912623768289360546324113e-01, 4.28570846132736768875934965519062473127e+00, 9.16505317528008771953452492641624146216e-01, 4.0317591909951976e-01, 1.0974323548638267e+00
0.86400000, 2.28761564222639223405423357190808273773e+00, -8.34748952976081706207540252617515392968e-01, 2.74112572956828824106248108208769008617e+01, 3.64832046851422025252451711695706395979e-01, 4.28468638204045653953271048068986062710e+00, 9.16530789980669243653308998693284015322e-01, 3.9624860921143235e-01, 1.1009793978397750e+00
0.86500000, 2.28835203289231857956402239444376308675e+00, -8.34179514708584083685779718561594310706e-01, 2.74098173128173770785335056489674358771e+01, 3.65386559646728598219070931581591414731e-01, 4.28366042238844535739404097212054868600e+00, 9.16554433052218276416843006766188452666e-01, 3.8925999870101547e-01, 1.1044795874358177e+00
0.86600000, 2.28908960601794505059114693614770169632e+00, -8.33606828080085633893537505467869445403e-01, 2.74083740089961939725754172432555977115e+01, 3.65939697896904708842959009804254119419e-01, 4.28263056075930039142497607291985744909e+00, 9.16576218522192883149115323200699421019e-01, 3.8221014115983681e-01, 1.1079318714965637e+00
0.86700000, 2.28982835634857170770722257515655107071e+00, -8.33030865813877689009596002316672647154e-01, 2.74069273760943324383955767386910868390e+01, 3.66491438407419403571775861379467237444e-01, 4.28159677544126261682683244837925532989e+00, 9.16596117700972466383486001395437753305e-01, 3.7509910482376489e-01, 1.1113351865418252e+00
0.86800000, 2.29056827839882106809881996556963951001e+00, -8.32451600335193856185669934597142131947e-01, 2.74054774060553393861212708867850386641e+01, 3.67041757687097190653365987734076266679e-01, 4.28055904462489402456514645566384172287e+00, 9.16614101420837827595012242317941302191e-01, 3.6792697297341953e-01, 1.1146884578148741e+00
0.86900000, 2.29130936644612880310488948841054969168e+00, -8.31869003767917406990924552531439186983e-01, 2.74040240908949857759205447830337902809e+01, 3.67590631943885775817827520571871139747e-01, 4.27951734640526366308859301482272999125e+00, 9.16630140026847792458016052095267108816e-01, 3.6069384434178876e-01, 1.1179905993385419e+00
0.87000000, 2.29205161452404944840790304275828367238e+00, -8.31283047931281992026672763707903890008e-01, 2.74025674227050698582807834257721345642e+01, 3.68138037080570146590243448583441697863e-01, 4.27847165878427975695835709013097964563e+00, 9.16644203367530077120891046080787047798e-01, 3.5339983352904055e-01, 1.1212405139794932e+00
0.87100000, 2.29279501641537172240366266482959115045e+00, -8.30693704336567915589407889090723265027e-01, 2.74011073936573514122024316765507339491e+01, 3.68683948690433178377316372775625342264e-01, 4.27742195967317449581289801722516760185e+00, 9.16656260785383003632770297294144841184e-01, 3.4604507142455197e-01, 1.1244370935210153e+00
0.87200000, 2.29353956564503789669756732740458791691e+00, -8.30100944183796367768560894927326964489e-01, 2.73996439960076213653062415902522069873e+01, 3.69228342052863008172696250747793279304e-01, 4.27636822689514836675291594494063120052e+00, 9.16666281107184659964960107249525483398e-01, 3.3862970563617188e-01, 1.1275792187446756e+00
0.87300000, 2.29428525547286150797809834575055290443e+00, -8.29504738358424183277573881724388645789e-01, 2.73981772220999113249203518510313793154e+01, 3.69771192128907499931801377496427408618e-01, 4.27531043818818119438205065782663112356e+00, 9.16674232634106092056348222178928316799e-01, 3.3115390092672612e-01, 1.1306657595212096e+00
0.87400000, 2.29503207888603754275903317897136253616e+00, -8.28905057428041878138630983840742656382e-01, 2.73967070643708476986239406067244549548e+01, 3.70312473556776209722023006595860572716e-01, 4.27424857120801735581168360630804318014e+00, 9.16680083131625112440377111439698815114e-01, 3.2361783965776680e-01, 1.1336955749110153e+00
0.87500000, 2.29578002859143906573364105180876240121e+00, -8.28301871639077907603530658413391690115e-01, 2.73952335153541552365506811016623471181e+01, 3.70852160647290349022903788725124609901e-01, 4.27318260353133295337561967499409685840e+00, 9.16683799819237312780692462030949321624e-01, 3.1602172224055935e-01, 1.1366675132746381e+00
0.87600000, 2.29652909700769409883725729320353086693e+00, -8.27695150913512291952895686733216405523e-01, 2.73937565676853149860660827054555069507e+01, 3.71390227379281341418677435887340988044e-01, 4.27211251265909305605569648929690417936e+00, 9.16685349359960876589665550422981185870e-01, 3.0836576759429205e-01, 1.1395804123936463e+00
0.87700000, 2.29727927625703639167854492677826921287e+00, -8.27084864845602971657779816424926810053e-01, 2.73922762141063818122902152287096342014e+01, 3.71926647394938671799983629148674703939e-01, 4.27103827602010746215624219806255543732e+00, 9.16684697849631804104965614916776419686e-01, 3.0065021361148420e-01, 1.1424330996023043e+00
0.87800000, 2.29803055815692355490468546600035715477e+00, -8.26470982698628480424818082323794895339e-01, 2.73907924474709668053963795751287151644e+01, 3.72461393995107838503333140857912386143e-01, 4.26995987097479379105742307159200085900e+00, 9.16681810805986184373100764496721598455e-01, 2.9287531763055856e-01, 1.1452243919304677e+00
0.87900000, 2.29878293421141585646492028267285685152e+00, -8.25853473401650764521050852521440793414e-01, 2.73893052607493900677238869978282177885e+01, 3.72994440134539338021042644837069773559e-01, 4.26887727481915708140779660913225940007e+00, 9.16676653157526180699611621227553763414e-01, 2.8504135691553390e-01, 1.1479530962581319e+00
0.88000000, 2.29953639560230880680874455762527258402e+00, -8.25232305546302230160797379014676085396e-01, 2.73878146470340095505367182628982069112e+01, 3.73525758417089739491493006774812416169e-01, 4.26779046478899545737619879155549306141e+00, 9.16669189232166435486023576362447114089e-01, 2.7714862914278185e-01, 1.1506180094820846e+00
0.88100000, 2.30029093318001248300577240326941435610e+00, -8.24607447383601368339632152953828643338e-01, 2.73863205995447317917661952368293620973e+01, 3.74055321090876042637105752818950731953e-01, 4.26669941806434182407137335938209226373e+00, 9.16659382745657649847913686116471180581e-01, 2.6919745289478069e-01, 1.1532179186951171e+00
0.88200000, 2.30104653745417036384030885827026601249e+00, -8.23978866820801589057691184452337284576e-01, 2.73848231116347105923094644275241362324e+01, 3.74583100043384658690899773989924381620e-01, 4.26560411177415196845986342691169091043e+00, 9.16647196789784153115584207627015025488e-01, 2.6118816816078596e-01, 1.1557516013782718e+00
0.88300000, 2.30180319858401026838464347253639047431e+00, -8.23346531418278195158242748160185716427e-01, 2.73833221767962398594173329127206088348e+01, 3.75109066796536509706836826855379561556e-01, 4.26450452300124987357914520998112707047e+00, 9.16632593820332348236331089398181951688e-01, 2.5312113684432429e-01, 1.1582178256066073e+00
0.88400000, 2.30256090636841980969697821288457883674e+00, -8.22710408386458740824759163178191005310e-01, 2.73818177886668470413800443482771084758e+01, 3.75633192501709908080139771049486326540e-01, 4.26340062878754150206794940165909210941e+00, 9.16615535644827002164769860190846579438e-01, 2.4499674327740266e-01, 1.1606153502689832e+00
0.88500000, 2.30331965023573859346831947536958894396e+00, -8.22070464582802351973721002710672611678e-01, 2.73803099410355937780757170771787013066e+01, 3.76155447934723055739313884208538326888e-01, 4.26229240613950877053525844435486230257e+00, 9.16595983410032446550819459310503313107e-01, 2.3681539474131009e-01, 1.1629429253023747e+00
0.88600000, 2.30407941923325920904645587530273230100e+00, -8.21426666508833936231171588295326740656e-01, 2.73787986278495905969316209793645352771e+01, 3.76675803490778191973275896976924039007e-01, 4.26117983203399591957957806540200035873e+00, 9.16573897589215864489632851908695317283e-01, 2.2857752199387276e-01, 1.1651992919412448e+00
0.88700000, 2.30484020201642887773031806842737284461e+00, -8.20778980307239579806616206696650198688e-01, 2.73772838432207326933896404335701179410e+01, 3.77194229179369620921413408554225209976e-01, 4.26006288342430098586439238291741596106e+00, 9.16549237969169964934430355614440153952e-01, 2.2028357980300618e-01, 1.1673831829825121e+00
0.88800000, 2.30560198683774344104193290590511134712e+00, -8.20127371759029818334943534133984703117e-01, 2.73757655814326640489662164584825691577e+01, 3.77710694619158065114693704272048936381e-01, 4.25894153724658560306290802315678382380e+00, 9.16521963636992488821365913276246969032e-01, 2.1193404748639057e-01, 1.1694933230666681e+00
0.88900000, 2.30636476153532519038907243811427693835e+00, -8.19471806280777879641789200925251161959e-01, 2.73742438369479773583287779114347533156e+01, 3.78225169032814020883237341231492683885e-01, 4.25781577042661689820606942930871795068e+00, 9.16492032966620151328642538876872730154e-01, 2.0352942945707561e-01, 1.1715284289756118e+00
0.89000000, 2.30712851352117585973352504114218588267e+00, -8.18812248921940429436351056358919783925e-01, 2.73727186044156574593201235530964614123e+01, 3.78737621241833035750644627726567673601e-01, 4.25668555988685580949196792702352758543e+00, 9.16459403605114804392368275431199601765e-01, 1.9507025577480136e-01, 1.1734872099477807e+00
0.89100000, 2.30789322976909592524761107907176041069e+00, -8.18148664362268807224779044413833648171e-01, 2.73711898786787761863611039495398995384e+01, 3.79248019661326087969300602201510990673e-01, 4.25555088255390673141679628953189581764e+00, 9.16424032458699804125477132582809483930e-01, 1.8655708270279991e-01, 1.1753683680111751e+00
0.89200000, 2.30865889680226118121663602497095256936e+00, -8.17481016909319220384347805953009605057e-01, 2.73696576547824467979251970785296513997e+01, 3.79756332294788525007720874429719795391e-01, 4.25441171536634399362287619270081226144e+00, 9.16385875678544790729329932804072058880e-01, 1.7799049326982023e-01, 1.1771705983348820e+00
0.89300000, 2.30942550068044739044652615103605014709e+00, -8.16809270496070870501978463095381479608e-01, 2.73681219279820463625405025654875996695e+01, 3.80262526728851312018315251964507477468e-01, 4.25326803528293130155957927001568015897e+00, 9.16344888646297335551443806535826880732e-01, 1.6937109783709441e-01, 1.1788925895997221e+00
0.89400000, 2.31019302698689364106708496357742171253e+00, -8.16133388678661518959308471234913262877e-01, 2.73665826937517147247248900312654615541e+01, 3.80766570128018654074405856476369153268e-01, 4.25211981929125091032058066863704980584e+00, 9.16301025959360182939316966277212945522e-01, 1.6069953466993833e-01, 1.1805330243886547e+00
0.89500000, 2.31096146081479488087626283944989701157e+00, -8.15453334634250559579689230460113534728e-01, 2.73650399477931389120388968308557965987e+01, 3.81268429229396388297971290685348912349e-01, 4.25096704441675996822318124105944932394e+00, 9.16254241415913115398784022920486783306e-01, 1.5197647051365314e-01, 1.1820905795975904e+00
0.89600000, 2.31173078675341394634201556046278746873e+00, -8.14769071159020256219026504369085695365e-01, 2.73634936860446320866347657524170401721e+01, 3.81768070337415894980971496874135218833e-01, 4.24980968773229215415815432274852700562e+00, 9.16204487999678801338411658042859388645e-01, 1.4320260117336568e-01, 1.1835639268672716e+00
0.89700000, 2.31250098887380325726444229405786605033e+00, -8.14080560666326423799503032981898558418e-01, 2.73619439046905163888156905950258815171e+01, 3.82265459318558651558419531908066854754e-01, 4.24864772636802344273856080596983918448e+00, 9.16151717864432347551606735583507404429e-01, 1.3437865209741650e-01, 1.1849517330368993e+00
0.89800000, 2.31327205071412621121528912431224153852e+00, -8.13387765185010483807080565423126247048e-01, 2.73603906001708192656588255344583538640e+01, 3.82760561596086950995313066668242344368e-01, 4.24748113752192156403309576756028633804e+00, 9.16095882318254675874260706372328229787e-01, 1.2550537896387262e-01, 1.1862526606201893e+00
0.89900000, 2.31404395526456818565153360315930359371e+00, -8.12690646357885511089333633651417592061e-01, 2.73588337691912931240896964474452363000e+01, 3.83253342144786728027095584669903430534e-01, 4.24630989847069948033771396051254600396e+00, 9.16036931807530277619940240655082221966e-01, 1.1658356826970965e-01, 1.1874653683045612e+00
0.90000000, 2.31481668495182694161471054412671004421e+00, -8.11989165440409609321074823785447074181e-01, 2.73572734087337683942373646997278890108e+01, 3.83743765485728884020260731487781304554e-01, 4.24513398658129398109664049876922624006e+00, 9.15974815900690373048863511940276535275e-01, 1.0761403792217297e-01, 1.1885885114741683e+00
0.90100000, 2.31559022162317212289121997624583714875e+00, -8.11283283299560709202101322912641338351e-01, 2.73557095160668503346772178438558759186e+01, 3.84231795681055975322897966102478961641e-01, 4.24395337932289129872178249873702973282e+00, 9.15909483271703019040028963959604324202e-01, 9.8597637831791447e-02, 1.1896207427574927e+00
0.90200000, 2.31636454653006346028834784528746330126e+00, -8.10572960412927677790367590026776134925e-01, 2.73541420887569701554172865525241699751e+01, 3.84717396328801632232319501807412844372e-01, 4.24276805427952247257063828797519930350e+00, 9.15840881683312269240483587926173195837e-01, 8.9535250506478978e-02, 1.1905607126002367e+00
0.90300000, 2.31713964031131722430868470642508645452e+00, -8.09858156868033460851947622811822064420e-01, 2.73525711246798012762395128156547763834e+01, 3.85200530557750607547018240010392368861e-01, 4.24157798916325203550770354131110634719e+00, 9.15768957970029100365019779116963905793e-01, 8.0427791646118896e-02, 1.1914070698642530e+00
0.90400000, 2.31791548297581042319184415606797523374e+00, -8.09138832361906854238642651943695968235e-01, 2.73509966220320517761949473761286181622e+01, 3.85681161022347916571618578789274401163e-01, 4.24038316182798446694727085823336713823e+00, 9.15693658020877479294104873539182596480e-01, 7.1276210736984241e-02, 1.1921584624532647e+00
0.90500000, 2.31869205388471221943648978869862332385e+00, -8.08414946200920416606301475549330623486e-01, 2.73494185793436443234780901558530128337e+01, 3.86159249897666125933415798959536268038e-01, 4.23918355028391374756820698865014486649e+00, 9.15614926761899661632014569478800698994e-01, 6.2081491645302687e-02, 1.1928135379661331e+00
0.90600000, 2.31946933173323203912036179824210512705e+00, -8.07686457300912995784548895013531848965e-01, 2.73478369954902951022482547773821019460e+01, 3.86634758874440478221680803372863079103e-01, 4.23797913271264226335579676469755035802e+00, 9.15532708138425587095602745299766529598e-01, 5.2844653209228657e-02, 1.1933709443784397e+00
0.90700000, 2.32024729453187387742084365004237067554e+00, -8.06953324187616346317040747780612630499e-01, 2.73462518697065034727630811656669152113e+01, 3.87107649154182204894771774507574257513e-01, 4.23676988748299623943532608159268326633e+00, 9.15446945097112074357662382040035661524e-01, 4.3566749828436643e-02, 1.1938293307531511e+00
0.90800000, 2.32102591958718636375458673105003506889e+00, -8.06215504997406367608562576429741507602e-01, 2.73446632015989643118282971800043688207e+01, 3.87577881444381082775290198797026277406e-01, 4.23555579316756583629052408416014710756e+00, 9.15357579567758421819735898001585715910e-01, 3.4248872050499056e-02, 1.1941873479811440e+00
0.90900000, 2.32180518348199824419919709838366182273e+00, -8.05472957478400592210278350210285072697e-01, 2.73430709911604151802726340303548453738e+01, 3.88045415953809031467603592574228804797e-01, 4.23433682855999901115907002340023134186e+00, 9.15264552444905995496193329547149602305e-01, 2.4892147153158869e-02, 1.1944436495523657e+00
0.91000000, 2.32258506205512907089238433689796317561e+00, -8.04725638991924703474048696138336273304e-01, 2.73414752387839306509756648307254137944e+01, 3.88510212387937331915292917736429257365e-01, 4.23311297269307923417237098043303844572e+00, 9.15167803569230435223459782595048090742e-01, 1.5497739721551912e-02, 1.1945968923584094e+00
0.91100000, 2.32336553038056506176180223065981483186e+00, -8.03973506514372062480589043766020154189e-01, 2.73398759452776763027681234735802555216e+01, 3.88972229944480871825605453322895041989e-01, 4.23188420485761815038997339063530121514e+00, 9.15067271708736240447912077311531382659e-01, 6.0668522193758193e-03, 1.1946457375272809e+00
0.91200000, 2.32414656274609031335426117294679224110e+00, -8.03216516639481477089684977709370063859e-01, 2.73382731118801350399442302576222344613e+01, 3.89431427309083693600835536292211888432e-01, 4.23065050462219529320076897851759444722e+00, 9.14962894539764711790970045472229261957e-01, -3.3992744470576822e-03, 1.1945888512911318e+00
0.91300000, 2.32492813263136381914980507401735799541e+00, -8.02454625581059752375592588954206740633e-01, 2.73366667402758185316104106313311706291e+01, 3.89887762651161036521375030792980055000e-01, 4.22941185185377797922131655341769396506e+00, 9.14854608627827529553893904512951326710e-01, -1.2899360373013353e-02, 1.1944249058877267e+00
0.91400000, 2.32571021268543307033676037037082272699e+00, -8.01687789176176922683864844524119483920e-01, 2.73350568326114766768470659335911252950e+01, 3.90341193619914029012550278602886113145e-01, 4.22816822673925554704768082476235082893e+00, 9.14742349408279650636058597722168544762e-01, -2.2432086108957505e-02, 1.1941525804964072e+00
0.91500000, 2.32649277470367540070668122809076149185e+00, -8.00915962888863482024509841706618499826e-01, 2.73334433915128180876317726251228533375e+01, 3.90791677340534200678476281460080004080e-01, 4.22691960980792313884067632715828219529e+00, 9.14626051166846706538907921012568983860e-01, -3.1996092124877242e-02, 1.1937705622093023e+00
0.91600000, 2.32727578960415868758472144948982564074e+00, -8.00139101814340402281445703481589662975e-01, 2.73318264201017546383480710134004212364e+01, 3.91239170410616049159707647697859616370e-01, 4.22566598195495126113423218631758732849e+00, 9.14505647020023692959575142119030072082e-01, -4.1589978286624240e-02, 1.1932775470385224e+00
0.91700000, 2.32805922740341354240314418456978153687e+00, -7.99357160683814258353793567661706711447e-01, 2.73302059220141831548835874318009265960e+01, 3.91683628896797015488591532080360722677e-01, 4.22440732446587839535999104672014514450e+00, 9.14381068895363461887819758008832752616e-01, -5.1212303345686768e-02, 1.1926722409600591e+00
0.91800000, 2.32884305719160972391198011912913406985e+00, -7.98570093869871366204491038467521754568e-01, 2.73285819014183173039014991405106814136e+01, 3.92125008331645395143278247135367137179e-01, 4.22314361904216495475988035070545445410e+00, 9.14252247511675366239411794938453777237e-01, -6.0861584443869663e-02, 1.1919533609950887e+00
0.91900000, 2.32962724710713019077242954436023748216e+00, -7.97777855392506483962419923560230177367e-01, 2.73269543630335826896260027084865834007e+01, 3.92563263710817942030241393349641284120e-01, 4.22187484782784789742171318422519689696e+00, 9.14119112359156371193375690383302770021e-01, -7.0536296634440582e-02, 1.1911196363293588e+00
0.92000000, 2.33041176431053698549411315533396998859e+00, -7.96980398925823327483661358648444744500e-01, 2.73253233121500880668514293315362835813e+01, 3.92998349490510210651141735091320352322e-01, 4.22060099343733629930879315524644980304e+00, 9.13981591679479042009317384858997256443e-01, -8.0234872421382162e-02, 1.1901698094713042e+00
0.92100000, 2.33119657495792401589631255340733180094e+00, -7.96177677805445909549928313145849774679e-01, 2.73236887546486854299434837278517603177e+01, 3.93430219585224029106382193962570105539e-01, 4.21932203898438915987726173518405562788e+00, 9.13839612445863051776157263467740773574e-01, -8.9955701318473527e-02, 1.1891026374495101e+00
0.92200000, 2.33198164417365278148818658216645110674e+00, -7.95369645036681525188813806244055583936e-01, 2.73220506970216315330502971341580164535e+01, 3.93858827365877903578165433293315406202e-01, 4.21803796811231764897039425109868258541e+00, 9.13693100343159230981022004713998741538e-01, -9.9697129430010978e-02, 1.1879168930500991e+00
0.92300000, 2.33276693602246818882804560721434109475e+00, -7.94556253303478073004999927512457182165e-01, 2.73204091463938631308858904630697379810e+01, 3.94284125658287624562075499517155396668e-01, 4.21674876502545489914743896379535843799e+00, 9.13541979747977710753778376163989707548e-01, -1.0945745905506652e-01, 1.1866113660945808e+00
0.92400000, 2.33355241348099282096042148770685009245e+00, -7.93737454978220321961326533119260026367e-01, 2.73187641105448978961817077715446569995e+01, 3.94706066742045877203091824604267024956e-01, 4.21545441452193729360090873708897029395e+00, 9.13386173708894399936959435436045315677e-01, -1.1923494831727400e-01, 1.1851848647586492e+00
0.92500000, 2.33433803840859938083739514407233191388e+00, -7.92913202132411702210340733314462201959e-01, 2.73171155979313725626860258039704727224e+01, 3.95124602349831253208430108040951034038e-01, 4.21415490202784198658864679246334408952e+00, 9.13225603926772889535489180414614662076e-01, -1.2902781082222602e-01, 1.1836362169323650e+00
0.92600000, 2.33512377151766252707442489924530133297e+00, -7.92083446548290214167301525549832968016e-01, 2.73154636177102293544442488565384327884e+01, 3.95539683667178720225287809188913660252e-01, 4.21285021363272611013349903960963984442e+00, 9.13060190735241903328703945474639991901e-01, -1.3883421534466006e-01, 1.1819642716220931e+00
0.92700000, 2.33590957234319297280369258826722590445e+00, -7.91248139731429108126322082382337575278e-01, 2.73138081797625611855747137812033014727e+01, 3.95951261332745326208976898635588920065e-01, 4.21154033612661375586727976594619556160e+00, 9.12889853081371617058973868435592268453e-01, -1.4865228554770973e-01, 1.1801679003945045e+00
0.92800000, 2.33669539921185853555744328282438877194e+00, -7.90407232924375082638781555292334481760e-01, 2.73121492947181254419539346094838329229e+01, 3.96359285439106700689079042945227539444e-01, 4.21022525703847736146011360060620117129e+00, 9.12714508506595557021891512366971657538e-01, -1.5848009973659535e-01, 1.1782459988628715e+00
0.92900000, 2.33748120921039881926460859209800966817e+00, -7.89560677121378877992434986659378196400e-01, 2.73104869739805353787527366887892514885e+01, 3.96763705534121761034356286458682315658e-01, 4.20890496467626056305902829556762129262e+00, 9.12534073127928368159927020004745742280e-01, -1.6831569064922898e-01, 1.1761974882158061e+00
0.93000000, 2.33826695815344239021242857458858176508e+00, -7.88708423084275294863193711121773042815e-01, 2.73088212297531372767469863926165838960e+01, 3.97164470622904938368134675093595708676e-01, 4.20757944816848988330888842497438364186e+00, 9.12348461619533517610590708479334883071e-01, -1.7815704528630918e-01, 1.1740213167885003e+00
0.93100000, 2.33905260055073768922454449537753512982e+00, -7.87850421359571839892283551820644430526e-01, 2.73071520750655804864050008047541026553e+01, 3.97561529170447202654750923812352077833e-01, 4.20624869750752279229993094730253722259e+00, 9.12157587194698977300222828012147703105e-01, -1.8800210478358344e-01, 1.1717164616764241e+00
0.93200000, 2.33983808957381151468525821505905656530e+00, -7.86986622296807380721114288951170237400e-01, 2.73054795238010863420882714990309806433e+01, 3.97954829104929186964436559168394406082e-01, 4.20491270359447968828262679378563283854e+00, 9.11961361588283113218435472336882690065e-01, -1.9784876432905747e-01, 1.1692819303913333e+00
0.93300000, 2.34062337702207172802161581943901891526e+00, -7.86116976068244372758767989123010933676e-01, 2.73038035907244206389811672871414474814e+01, 3.98344317821771783590324842346629232852e-01, 4.20357145828590717690812815679563777388e+00, 9.11759695039697403330664671692166128556e-01, -2.0769487312803245e-01, 1.1667167625593137e+00
0.93400000, 2.34140841328837388767621554211809993372e+00, -7.85241432689960387128536113993633243288e-01, 2.73021242915105729218217245259414798203e+01, 3.98729942188471705276537047041690223671e-01, 4.20222495444221966132993218237057562629e+00, 9.11552496276497213676910281133640748467e-01, -2.1753823441895212e-01, 1.1640200316604658e+00
0.93500000, 2.34219314732407482242808075042325630774e+00, -7.84359942044406810794716663949596294761e-01, 2.73004416427741442259412177536099187276e+01, 3.99111648550271668148824771633862656435e-01, 4.20087318597796566847958219450125313541e+00, 9.11339672498656685006106655174069161128e-01, -2.2737660554314077e-01, 1.1611908468096863e+00
0.93600000, 2.34297752660359972314146097960843446970e+00, -7.83472453904504691135708451978357285793e-01, 2.72987556620994431259385638443545966731e+01, 3.99489382736717052842272946932461838269e-01, 4.19951614791396450541540642148583294346e+00, 9.11121129363608821025304244308041162940e-01, -2.3720769807161020e-01, 1.1582283545778582e+00
0.93700000, 2.34376149708855317655443643520551933406e+00, -7.82578917959349741786801934236477815445e-01, 2.72970663680712879735655484001760512396e+01, 3.99863090069153129513946160875126599939e-01, 4.19815383643135773849678378168902886139e+00, 9.10896770972137123299620929479242468031e-01, -2.4702917799220823e-01, 1.1551317408525902e+00
0.93800000, 2.34454500319140869825565158759628666999e+00, -7.81679283841600496148015270918292924985e-01, 2.72953737803065110318289994912484496604e+01, 4.00232715369219182426206256539888518591e-01, 4.19678624892761859035920126211270719625e+00, 9.10666499855210584692040243296571503468e-01, -2.5683866596047104e-01, 1.1519002327374752e+00
0.93900000, 2.34532798773881575686386338498899915588e+00, -7.80773501156625469286804767529678024076e-01, 2.72936779194861578244422133775113012723e+01, 4.00598202968398130791681828681369902035e-01, 4.19541338407456062681486125253677230587e+00, 9.10430216961859528794767819809389834588e-01, -2.6663373761762781e-01, 1.1485331004886446e+00
0.94000000, 2.34611039193456802940281125458376276991e+00, -7.79861519513486945727348456166283830171e-01, 2.72919788073883724059446805872307450694e+01, 4.00959496718682503367687567058701379801e-01, 4.19403524187838502792483290596532535204e+00, 9.10187821648195660790353459148472013630e-01, -2.7641192397928530e-01, 1.1450296594871940e+00
0.94100000, 2.34689215532228169999368741463375117241e+00, -7.78943288557840625287396744873704455082e-01, 2.72902764669219564053665549546465562914e+01, 4.01316540004419872133125237375273257971e-01, 4.19265182374180327317002478701091381226e+00, 9.09939211667685766948752081480218920791e-01, -2.8617071189839297e-01, 1.1413892722458373e+00
0.94200000, 2.34767321574783802034771098647141207559e+00, -7.78018758006831804904068418828117184287e-01, 2.72885709221605865926116381183133040490e+01, 4.01669275755403070896155553935222985950e-01, 4.19126313252826918710385889225381616339e+00, 9.09684283162794754244902466786316255823e-01, -2.9590754460615372e-01, 1.1376113504479172e+00
0.94300000, 2.34845350932165010000300229614820446599e+00, -7.77087877686070022130692357392899523078e-01, 2.72868621983776723493300387971292058315e+01, 4.02017646461272701747006591890067435686e-01, 4.18986917262835095505293695388175279831e+00, 9.09422930658120144186412195262233021918e-01, -3.0561982233460009e-01, 1.1336953570166521e+00
0.94400000, 2.34923297038081999420608596337535968086e+00, -7.76150597568765104121865801373710651477e-01, 2.72851503220818307828508488664410631345e+01, 4.02361594187301547926062132491769924216e-01, 4.18846995002826989318338903043474445854e+00, 9.09155047055146708481785491192651670255e-01, -3.1530490302459971e-01, 1.1296408082122412e+00
0.94500000, 2.35001153145125861340822503254561745055e+00, -7.75206867817108320432568583515372706745e-01, 2.72834353210529532911604111081187434983e+01, 4.02701060591632546025596426968001489411e-01, 4.18706547238062840748222264539005339596e+00, 9.08880523628756637757508408249064652674e-01, -3.2496010312308489e-01, 1.1254472757541729e+00
0.94600000, 2.35078912320984779405584609293604687122e+00, -7.74256638825982792350121889453287369814e-01, 2.72817172243788331580615581364765566654e+01, 4.03035986944043901566174214935089143741e-01, 4.18565574907734466512598710954111306077e+00, 9.08599250025637443435930176961787402144e-01, -3.3458269847331823e-01, 1.1211143889657929e+00
0.94700000, 2.35156567444673104679052957002316177469e+00, -7.73299861269087426813735693158529950045e-01, 2.72799960624923192205694104000790484118e+01, 4.03366314146316735875061274381090755196e-01, 4.18424079132480599210514014700896583982e+00, 9.08311114264736678288187757452217484407e-01, -3.4416992530200663e-01, 1.1166418369378834e+00
0.94800000, 2.35234111202782703362276213637433809257e+00, -7.72336486147558377914052874790079014982e-01, 2.72782718672089557964774684820587361452e+01, 4.03691982754282302684488029770277595605e-01, 4.18282061222124686551344831102405781892e+00, 9.08016002739919489837613750547488076243e-01, -3.5371898130705924e-01, 1.1120293707076857e+00
0.94900000, 2.35311536085766771520363410738001197311e+00, -7.71366464841171349855406874640938960925e-01, 2.72765446717650638814584052461967663036e+01, 4.04012933001627281617563658892510412403e-01, 4.18139522683635055052932277588112700503e+00, 9.07713800224991954772029546929584972542e-01, -3.6322702684974727e-01, 1.1072768054494666e+00
0.95000000, 2.35388834384267134450289979405014491793e+00, -7.70389749162206896287187557494365023622e-01, 2.72748145108562131163241576410703223083e+01, 4.04329104825536912195982900308770204533e-01, 4.17996465229306590442393862977691635958e+00, 9.07404389881260038928212668090816630559e-01, -3.7269118625496452e-01, 1.1023840226723830e+00
0.95100000, 2.35465998185496905152777115416283763660e+00, -7.69406291412059194265878067808098465539e-01, 2.72730814206760281824129057281326283327e+01, 4.04640437894256743459034720123827190618e-01, 4.17852890785162259770020575131343427497e+00, 9.07087653267800838137335824048125298346e-01, -3.8210854922320384e-01, 1.0973509724210394e+00
0.95200000, 2.35543019369691264829174343434979896190e+00, -7.68416044440666527253533250185025517338e-01, 2.72713454389552671050359721730123912715e+01, 4.04946871636654505861291713633737558437e-01, 4.17708801499571895215333206915025786326e+00, 9.06763470354629426759585640960970101408e-01, -3.9147617235775495e-01, 1.0921776754737669e+00
0.95300000, 2.35619889606640046235072307007888588487e+00, -7.67418961708838849508885490947195694808e-01, 2.72696066050011024326551128046528716902e+01, 4.05248345273864026891080632098809903795e-01, 4.17564199752084673596905604155601827157e+00, 9.06431719538951114016705698453350867596e-01, -4.0079108081049035e-01, 1.0868642255332700e+00
0.95400000, 2.35696600352316745392195440031796172446e+00, -7.66414997353554271921893857330116305000e-01, 2.72678649597365294170626593997998256520e+01, 4.05544797853093170957035282291429476733e-01, 4.17419088162470655855444291454945551854e+00, 9.06092277664695118505465201524952032830e-01, -4.1005027004943649e-01, 1.0814107914039001e+00
0.95500000, 2.35773142845619555333417582173365005180e+00, -7.65404106256292054064248527501155167382e-01, 2.72661205457398181546775621332136203382e+01, 4.05836168283677446878511164254903427145e-01, 4.17273469599965594780995212381978834658e+00, 9.05745020045531548073170515219997033006e-01, -4.1925070775112485e-01, 1.0758176191494253e+00
0.95600000, 2.35849508105241003379771334540728371076e+00, -7.64386244114464656091981373795884255903e-01, 2.72643734072839191721437754194276245051e+01, 4.06122395375460150563231335564965911561e-01, 4.17127347192711974946018941876716033163e+00, 9.05389820491579039387211248756696241831e-01, -4.2838933582047928e-01, 1.0700850342247607e+00
0.95700000, 2.35925686926683776440888436314505032416e+00, -7.63361367516005544637998446783645508559e-01, 2.72626235903757241656713320900012870831e+01, 4.06403417879578652610669052859340597306e-01, 4.16980724337387914634545990610490209972e+00, 9.05026551340015387259693046139611634775e-01, -4.3746307254072052e-01, 1.0642134435747327e+00
0.95800000, 2.36001669879441331852054316664272781529e+00, -7.62329434017162707457617538750012847291e-01, 2.72608711427950755522179427534923090605e+01, 4.06679174531734656059441234627229439914e-01, 4.16833604709014134550429163824358292515e+00, 9.04655083489807890898077956175875367822e-01, -4.4646881485545343e-01, 1.0582033376925459e+00
0.95900000, 2.36077447304362908493230897757866834824e+00, -7.61290402223540162476857598108871833193e-01, 2.72591161141334101854728345440690697818e+01, 4.06949604098023893029422578605445105465e-01, 4.16685992270927681927931372966532346184e+00, 9.04275286440783870391601294491573327347e-01, -4.5540344078474630e-01, 1.0520552926302338e+00
0.96000000, 2.36153009311223567863899346420483377214e+00, -7.60244231874421100542091304463831169252e-01, 2.72573585558319140593379415672853321562e+01, 4.07214645423397755020566261953676950544e-01, 4.16537891284909491772804592407215056115e+00, 9.03887028337264764763721356517358459104e-01, -4.6426381197661143e-01, 1.0457699719529855e+00
0.96100000, 2.36228345776520900193956007284291042774e+00, -7.59190883930396633195591576497326658688e-01, 2.72555985212190560999792161043438103777e+01, 4.07474237482825714674510700559383728478e-01, 4.16389306321451170559988991091981374448e+00, 9.03490176016489311330444407913924950108e-01, -4.7304677639485267e-01, 1.0393481286288732e+00
0.96200000, 2.36303446341521018630798993143233350924e+00, -7.58130320664313386715807992825552218768e-01, 2.72538360655473602736460341972748359552e+01, 4.07728319435223052032542243046264629636e-01, 4.16240242270144603919382998224506509107e+00, 9.03084595062052419605608337421063522450e-01, -4.8174917114375557e-01, 1.0327906068451447e+00
0.96300000, 2.36378300410577426431997131530257528823e+00, -7.57062505755541355676278051860231461194e-01, 2.72520712460292662559399920662990209546e+01, 4.07976830680203301985487077617708111527e-01, 4.16090704350176121725913676981498272855e+00, 9.02670149862586383111685777243160966324e-01, -4.9036782542956026e-01, 1.0260983437419156e+00
0.96400000, 2.36452897149747268601357438839644733540e+00, -7.55987404387550473124234628176127116178e-01, 2.72503041218719198693115483102892274104e+01, 4.08219710917708949594113291029363456181e-01, 4.15940698120905005672470164459628487207e+00, 9.02246703675909908243709121108382617160e-01, -4.9889956365807450e-01, 1.0192723710537860e+00
0.96500000, 2.36527225485730360558913066744163767217e+00, -7.54904983348770246233291470638680478864e-01, 2.72485347543107254552705144528153646409e+01, 4.08456900210567176346318303569763112221e-01, 4.15790229492504101032214655855285404267e+00, 9.01814118698867968165636103635683763343e-01, -5.0734120866715573e-01, 1.0123138166496297e+00
0.96600000, 2.36601274105157211621165513596037872072e+00, -7.53815211136691529185589220788486543552e-01, 2.72467632066414833679051124500400863686e+01, 4.08688339050009866076436330825459217255e-01, 4.15639304736638202247968539231659995977e+00, 9.01372256143081598136181514750239597445e-01, -5.1568958509211632e-01, 1.0052239059605680e+00
0.96700000, 2.36675031454253019074492856685696969043e+00, -7.52718058065153050320217843905246470703e-01, 2.72449895442509269234109336616363083134e+01, 4.08913968424188580460484263320395136851e-01, 4.15487930497153728763222482831747246504e+00, 9.00920976316821323305257277597591991818e-01, -5.2394152286138742e-01, 9.9800396328593905e-01
0.96800000, 2.36748485738905287679965387524920804205e+00, -7.51613496374737678295504402398202158695e-01, 2.72432138346454644898090244834761176223e+01, 4.09133729889705781000176785107672912436e-01, 4.15336113800751001930346488007401059410e+00, 9.00460138713210838624284142482332739364e-01, -5.3209386081901525e-01, 9.9065541296693120e-01
0.96900000, 2.36821624925163317268024953066606171854e+00, -7.50501500346184611849662070155302085346e-01, 2.72414361474779240309606878991469534443e+01, 4.09347565646173182180246459731745570144e-01, 4.15183862067608185998905811538898400311e+00, 8.99989602104958732965554520469500746280e-01, -5.4014345046976253e-01, 9.8317978041745056e-01
0.97000000, 2.36894436740198284925495881319399696401e+00, -7.49382046416703729898961373182129830401e-01, 2.72396565545720894140351740285669622317e+01, 4.09555418613796749360823931334678611907e-01, 4.15031183121923677550338670323585576607e+00, 8.99509224645805359055281441709682237026e-01, -5.4808715984174943e-01, 9.7557869300176310e-01
0.97100000, 2.36966908673753015009515510122426791618e+00, -7.48255113299057274742606000178272887457e-01, 2.72378751299448102398489398268554854670e+01, 4.09757232513975491380577855882278859355e-01, 4.14878085202341431141931699943183948677e+00, 8.99018863978859295175914315145975985886e-01, -5.5592187746069811e-01, 9.6785388074848256e-01
0.97200000, 2.37039027980110766385555118915093559930e+00, -7.47120682103251904874094357856801328971e-01, 2.72360919498254599562593289118499366358e+01, 4.09952951952887835098666583519106875038e-01, 4.14724576972221408612700604670951423588e+00, 8.98518377351983127532863299621796661242e-01, -5.6364451642894612e-01, 9.6000717689058068e-01
0.97300000, 2.37110781680612458185657819649282220759e+00, -7.45978736460661002354348965882723169493e-01, 2.72343070926725106662320940831584790556e+01, 4.10142522508025008186379716583685830631e-01, 4.14570667529715051195495253187078998883e+00, 8.98007621740371414956216570868960226119e-01, -5.7125201860147329e-01, 9.5204051822127758e-01
0.97400000, 2.37182156566751689189664494278423550471e+00, -7.44829262650373024054669472006101734380e-01, 2.72325206391869874489496329613589089434e+01, 4.10325890817615506940552137786826391717e-01, 4.14416366417603414447257260014641427665e+00, 8.97486453976444600672734666403349215446e-01, -5.7874135885024997e-01, 9.4395594525593376e-01
0.97500000, 2.37253139203876667805035176016745106267e+00, -7.43672249727536732586239961987641300587e-01, 2.72307326723225602829454629934991394724e+01, 4.10503004672868406734034841987775642242e-01, 4.14261683632853394690060884443231946395e+00, 8.96954730887161240779623928970195304563e-01, -5.8610954940726884e-01, 9.3575560219041563e-01
0.97600000, 2.37323715935527745850311710394064327234e+00, -7.42507689653448433623734585831253575842e-01, 2.72289432772920279065200274208806887595e+01, 4.10673813112946013314990930197175975524e-01, 4.14106629635845332225285074363325571554e+00, 8.96412309438827170459278799999380312368e-01, -5.9335364427567637e-01, 9.2744173664684740e-01
0.97700000, 2.37393872888438626524806261517841301649e+00, -7.41335577427100000559287233479443521686e-01, 2.72271525415699452867330810348365506521e+01, 4.10838266522558194145354190487422464459e-01, 4.13951215359223222502415600698809054498e+00, 8.95859046889454086890547942015845588216e-01, -6.0047074369748109e-01, 9.1901669919819776e-01
0.97800000, 2.37463595978228482158137758820575525948e+00, -7.40155911217879621244895094540650162863e-01, 2.72253605548911449094733001293645412973e+01, 4.10996316732051723039658207635637092279e-01, 4.13795452216316824448163559073910813322e+00, 8.95294800948691469800118929087020173126e-01, -6.0745799866539488e-01, 9.1048294266378129e-01
0.97900000, 2.37532870915811158369791517946122901538e+00, -7.38968692499090008857378098718574137028e-01, 2.72235674092449019649031410728902643685e+01, 4.11147917119848184030156655371566211420e-01, 4.13639352109083149213981230862561690064e+00, 8.94719429945324784019672885104576023194e-01, -6.1431261546546916e-01, 9.0184302116848528e-01
0.98000000, 2.37601683214546346855679808107404425924e+00, -7.37773926181921451105782289112608640511e-01, 2.72217731988644947990305972279342149922e+01, 4.11293022717063490487730797157786516170e-01, 4.13482927435513167605665027680214441370e+00, 8.94132793002299532556709898940838663021e-01, -6.2103186023633184e-01, 8.9309958895936176e-01
0.98100000, 2.37670018198156069044330172126589440535e+00, -7.36571620749489717791820713639740055086e-01, 2.72199780202119148444660926253182637940e+01, 4.11431590314120975623381546607429379629e-01, 4.13326191096448116144458684606497630555e+00, 8.93534750219194996689058190995064024630e-01, -6.2761306353002381e-01, 8.8425539897415245e-01
0.98200000, 2.37737861009428018610183635163840693916e+00, -7.35361788390521711380630055317547996202e-01, 2.72181819719574847383432645220732570537e+01, 4.11563578569148407010232656919712202104e-01, 4.13169156501748536376396668725742198698e+00, 8.92925162862033480125746632528334878014e-01, -6.3405362485868723e-01, 8.7531330115733893e-01
0.98300000, 2.37805196619725255186301659537568723391e+00, -7.34144445132245049581851231244242479148e-01, 2.72163851549541495836508882123678205020e+01, 4.11688948117927290987144260803598405550e-01, 4.13011837575758176324661045337542318690e+00, 8.92303893560270662952026404256147053960e-01, -6.4035101721068320e-01, 8.6627624052042841e-01
0.98400000, 2.37872009839319419292038259579602065865e+00, -7.32919610972011748219266805180451894033e-01, 2.72145876722062144049534330520673019157e+01, 4.11807661685140596700680152637163958740e-01, 4.12854248762004143564270270628470081605e+00, 8.91670806510770391614829120323266389368e-01, -6.4650279151912610e-01, 8.5714725494439253e-01
0.98500000, 2.37938285328562046207215706876871896715e+00, -7.31687310007161075151179924882773233250e-01, 2.72127896288323108745635142106286134612e+01, 4.11919684196642691451056151697604254102e-01, 4.12696405027074252778535189039501185775e+00, 8.91025767688523036406085500791033102570e-01, -6.5250658106532646e-01, 8.4792947272346655e-01
0.98600000, 2.38004007609905693216026607321474076678e+00, -7.30447570562602731448827925960096745716e-01, 2.72109911320223884137181336314206560792e+01, 4.12024982892452999193459703842533101040e-01, 4.12538321863612382825419686275976663202e+00, 8.90368645063820620439466146744769022662e-01, -6.5836010579924592e-01, 8.3862610985088194e-01
0.98700000, 2.38069161080783461643041830191510471947e+00, -7.29200425315579053919357070556818760442e-01, 2.72091922909885388657316960086189780181e+01, 4.12123527440152845091923777547108095895e-01, 4.12380015292372874485438866942203470098e+00, 8.89699308825554477141934212363450397521e-01, -6.6406117655879637e-01, 8.2924046704853656e-01
0.98800000, 2.38133730027352096325700233915288075706e+00, -7.27945911417044200506578053187602083369e-01, 2.72073932169094801407553843720977981872e+01, 4.12215290048343315020338011577912981330e-01, 4.12221501863275584224696414711573371962e+00, 8.89017631610252470748768316138032662108e-01, -6.6960769916967180e-01, 8.1977592654409411e-01
0.98900000, 2.38197698639100187283178241521315301678e+00, -7.26684070609079559517710461108428132421e-01, 2.72055940228685425750348938043766954828e+01, 4.12300245579800934395920665400896899062e-01, 4.12062798655404184029853520918553428019e+00, 8.88323488736423090904647810139359054116e-01, -6.7499767840739348e-01, 8.1023594860053532e-01
0.99000000, 2.38261051024319090925360258542228285808e+00, -7.25414949337748199954903547406041847637e-01, 2.72037948237850222442212393821801147719e+01, 4.12378371663947759386848758181633611517e-01, 4.11903923275891683325063930684030953146e+00, 8.87616758443723313181638255211650680164e-01, -6.8022922180338611e-01, 8.0062406780474406e-01
0.99050000, 2.38292491147619381700636686485176453830e+00, -7.24777674355575744707463022717223533236e-01, 2.72028952587481815904632437704628240355e+01, 4.12414867456418087035682787397679365704e-01, 4.11824426667850899508606733785407636550e+00, 8.87258635823776088796892671354958793869e-01, -6.8278501765933468e-01, 7.9579228775257919e-01
0.99100000, 2.38323771226430043795025805227489320320e+00, -7.24138598860777337976322443892384403525e-01, 2.72019957363387881140452494035887594920e+01, 4.12449648808233286596136542935555386026e-01, 4.11744893857638964581537681606765470076e+00, 8.86897322136416336326886659402207651308e-01, -6.8530054327718954e-01, 7.9094388912328796e-01
0.99150000, 2.38354889258860175049305317493042916199e+00, -7.23497730029109335958353696933352362750e-01, 2.72010962714034246727989708142192741798e+01, 4.12482713750543700698950378580973905075e-01, 4.11665327193445576042655499202646716940e+00, 8.86532803092198764269794871726011469322e-01, -6.8777559258460663e-01, 7.8607933285078613e-01
0.99200000, 2.38385843241156576256113213051011678311e+00, -7.22855075349446814522956873861649369154e-01, 2.72001968788880546757298656826708799486e+01, 4.12514060508007641811662774361712984474e-01, 4.11585729055814385269539271678163313505e+00, 8.86165064630534526343518864671161659517e-01, -6.9020996657735356e-01, 7.8119908373512857e-01
0.99250000, 2.38416631168285481252899026735525416012e+00, -7.22210642626606380920265142838767426912e-01, 2.71992975738350746787343841835643165783e+01, 4.12543687502111534825260389478185785656e-01, 4.11506101857463519302745376379304362117e+00, 8.85794092927572526806396450818747927224e-01, -6.9260347341519736e-01, 7.7630361030089214e-01
0.99300000, 2.38447251034526765594129208036584694310e+00, -7.21564439984053735254576536805547558869e-01, 2.71983983713802585494101856953528223918e+01, 4.12571593354449025157379045915171943305e-01, 4.11426448043085218077475314340004508570e+00, 8.85419874404112504971887213402055945731e-01, -6.9495592851416476e-01, 7.7139338465255442e-01
0.99350000, 2.38477700834080428077384801690319411450e+00, -7.20916475866491016470388443404646055966e-01, 2.71974992867495932450812444587499466009e+01, 4.12597776889955395422427498412553913871e-01, 4.11346770089124262919528442450449150475e+00, 8.85042395733544076616922451048157221607e-01, -6.9726715463505829e-01, 7.6646888232698270e-01
0.99400000, 2.38507978561685119717847546032530311471e+00, -7.20266759042318979439088525866287258360e-01, 2.71966003352560063753682510503709083358e+01, 4.12622237140093591452110728719260296617e-01, 4.11267070503534888279369338221158907609e+00, 8.84661643849805727186451985241921609814e-01, -6.9953698196811554e-01, 7.6153058214315350e-01
0.99450000, 2.38538082213248474881380773738534953077e+00, -7.19615298605969069477707345264476216514e-01, 2.71957015322959858511418232978866841951e+01, 4.12644973345988120650680163617943473917e-01, 4.11187351825515885762781507028275197892e+00, 8.84277605955357572853725980827390497485e-01, -7.0176524821370363e-01, 7.5657896604922762e-01
0.99500000, 2.38568009786488979229935210222911648804e+00, -7.18962103980100488471195342851001820203e-01, 2.71948028933460920553499565573485828146e+01, 4.12665984961503052542566236846200117170e-01, 4.11107616625223627524226131695022979141e+00, 8.83890269529161531065849296052249931880e-01, -7.0395179865894537e-01, 7.5161451896711146e-01
0.99550000, 2.38597759281589088937669199238000977618e+00, -7.18307184917657382887698964891777930226e-01, 2.71939044339593631078481194835673259321e+01, 4.12685271656260323116073792982342589466e-01, 4.11027867503462755012795914485441417819e+00, 8.83499622334662372650139441485146255529e-01, -7.0609648625017925e-01, 7.4663772863463977e-01
0.99600000, 2.38627328701859295336602659621923867165e+00, -7.17650551503781328539864666974555596730e-01, 2.71930061697616139358048245076047117207e+01, 4.12702833318594521380565844342613975211e-01, 4.10948107091354298891356984470672071014e+00, 8.83105652427762963344862716395833575404e-01, -7.0819917166116000e-01, 7.4164908544552012e-01
0.99650000, 2.38656716054412808782716690509066723206e+00, -7.16992214157574340107358932981023592846e-01, 2.71921081164476300033200094476712573071e+01, 4.12718670058440318625162643478679647831e-01, 4.10868338049981016675554198153060721924e+00, 8.82708348164786844215970277100358991570e-01, -7.1025972335691290e-01, 7.3664908228718339e-01
0.99700000, 2.38685919350850515134256634398341479947e+00, -7.16332183633707695334255985414236074331e-01, 2.71912102897772566983791994986967724047e+01, 4.12732782210148688376999210806700042603e-01, 4.10788563070009756246864063547419345948e+00, 8.82307698210421148298160338918380492363e-01, -7.1227801765316008e-01, 7.3163821437668930e-01
0.99750000, 2.38714936607955837841818585584231025033e+00, -7.15670471023871934571228685383543248493e-01, 2.71903127055713855219628176741255890267e+01, 4.12745170335228058181803690478225579743e-01, 4.10708784871290675866426083003625485770e+00, 8.81903691545632705422071419805527892232e-01, -7.1425393877124396e-01, 7.2661697909483950e-01
0.99800000, 2.38743765848399118303882653918646370338e+00, -7.15007087758063476051125433654051055113e-01, 2.71894153797078383728156518554952876767e+01, 4.12755835225006533236310388219280695142e-01, 4.10629006202433174635113825107070708465e+00, 8.81496317475550049025973665279791330466e-01, -7.1618737888847852e-01, 7.2158587581865468e-01
0.99801000, 2.38744340501891225214285940908423905001e+00, -7.14993803132316612338002888549944910958e-01, 2.71893974359349857095342066626388194606e+01, 4.12756030952439380175477288821239868306e-01, 4.10627410643285338950648241656641371797e+00, 8.81488135574875625388745007114656231748e-01, -7.1622561368553653e-01, 7.2148515653895759e-01
0.99802000, 2.38744915079372394245886042069478388557e+00, -7.14980517843099328384121897398836968245e-01, 2.71893794922719682277032410855091947455e+01, 4.12756225990988913928129882950997238768e-01, 4.10625815085081618527256150230329089020e+00, 8.81479952323001082063115328551857695617e-01, -7.1626383144923198e-01, 7.2138443351650598e-01
0.99803000, 2.38745489580826889162217315841628790435e+00, -7.14967231890507221023650118321950345084e-01, 2.71893615487189135855387259643333034698e+01, 4.12756420340664315370297878272490050767e-01, 4.10624219527844347743618129366304216723e+00, 8.81471767719844941323486840798882391859e-01, -7.1630203217880030e-01, 7.2128370675531685e-01
0.99804000, 2.38746064006238974902858070499884693633e+00, -7.14953945274635941560327000806052360210e-01, 2.71893436052759494489751473377252561680e+01, 4.12756614001474802978792297370840571138e-01, 4.10622623971595865430474002514438055173e+00, 8.81463581765325779862447204450411152116e-01, -7.1634021587347825e-01, 7.2118297625940748e-01
0.99805000, 2.38746638355592917585756501729839455471e+00, -7.14940657995581195770186527368463436430e-01, 2.71893256619432034916515254451870226089e+01, 4.12756806973429632839027333403790960108e-01, 4.10621028416358514869074232395888629459e+00, 8.81455394459362228815610521533564315881e-01, -7.1637838253250386e-01, 7.2108224203279538e-01
0.99806000, 2.38747212628872984509557155813613840564e+00, -7.14927370053438743904268641589295968710e-01, 2.71893077187208033948974275187872509822e+01, 4.12756999256538098652836401632754470855e-01, 4.10619432862154643789629805619003084036e+00, 8.81447205801872973786454670395745151263e-01, -7.1641653215511644e-01, 7.2098150407949835e-01
0.99807000, 2.38747786826063444155927917838760373440e+00, -7.14914081448304400691319357130497525157e-01, 2.71892897756088768477189743663692072074e+01, 4.12757190850809531746282381948656686314e-01, 4.10617837309006604369760607479262720167e+00, 8.81439015792776754871154973558160911434e-01, -7.1645466474055660e-01, 7.2088076240353445e-01
0.99808000, 2.38748360947148566191887524342033182074e+00, -7.14900792180274035340479542364267490558e-01, 2.71892718326075515467848407486427259109e+01, 4.12757381756253301077462047508354907489e-01, 4.10616241756936753232942286871675972703e+00, 8.81430824431992366683414188655435252970e-01, -7.1649278028806624e-01, 7.2078001700892198e-01
0.99809000, 2.38748934992112621472133599799422749204e+00, -7.14887502249443571543962375236415719916e-01, 2.71892538897169551964122495525190170180e+01, 4.12757571972878813244304674598041507085e-01, 4.10614646205967451446951611244704262627e+00, 8.81422631719438658379288812579064667436e-01, -7.1653087879688853e-01, 7.2067926789967952e-01
0.99810000, 2.38749508960939882041371216373349756030e+00, -7.14874211655908987479719462993235943709e-01, 2.71892359469372155085529597630511247341e+01, 4.12757761500695512492364828840658056915e-01, 4.10613050656121064522310311525485674452e+00, 8.81414437655034533682011688939815266855e-01, -7.1656896026626794e-01, 7.2057851507982592e-01
0.99811000, 2.38750082853614621136641976327407093216e+00, -7.14860920399766315814095621403475557425e-01, 2.71892180042684602027792482363467889476e+01, 4.12757950339712880722609322864971328385e-01, 4.10611455107419962410727416946801792530e+00, 8.81406242238698950906810908961504721756e-01, -7.1660702469545024e-01, 7.2047775855338026e-01
0.99812000, 2.38750656670121113189653616518534127538e+00, -7.14847628481111643704472308109997035420e-01, 2.71892000617108170062698852758244127586e+01, 4.12758138489940437499198340554589853597e-01, 4.10609859559886519503540079706913787394e+00, 8.81398045470350922985724995915967381683e-01, -7.1664507208368246e-01, 7.2037699832436191e-01
0.99813000, 2.38751230410443633829110134376002449358e+00, -7.14834335900041112801899704748744533235e-01, 2.71891821192644136537961040141867939395e+01, 4.12758325951387740057260722995830621480e-01, 4.10608264013543114630152889394074971971e+00, 8.81389847349909517492414363206358616883e-01, -7.1668310243021294e-01, 7.2027623439679048e-01
0.99814000, 2.38751804074566459883042434776087586951e+00, -7.14821042656650919253717442475652283464e-01, 2.71891641769293778877075636034912326416e+01, 4.12758512724064383310663411243979670004e-01, 4.10606668468412131056475677108208547591e+00, 8.81381647877293856666969036203317210856e-01, -7.1672111573429130e-01, 7.2017546677468584e-01
0.99815000, 2.38752377662473869381139497220796558890e+00, -7.14807748751037313706163965545159147861e-01, 2.71891462347058374579183062156985825942e+01, 4.12758698807979999859775041028127823102e-01, 4.10605072924515956483359809212921130913e+00, 8.81373447052423117440712627935872210955e-01, -7.1675911199516846e-01, 7.2007469546206814e-01
0.99816000, 2.38752951174150141557080062728516645733e+00, -7.14794454183296601306974527587026162970e-01, 2.71891282925939201218927078560877683762e+01, 4.12758884203144259999223684515403610705e-01, 4.10603477381876983045032970651704894733e+00, 8.81365244875216531461002558736353012766e-01, -7.1679709121209661e-01, 7.1997392046295775e-01
0.99817000, 2.38753524609579556850864839843946397565e+00, -7.14781158953525141707967815231191107894e-01, 2.71891103505937536446314229919262470917e+01, 4.12759068909566871725648734256069503333e-01, 4.10601881840517607307532437762863767923e+00, 8.81357041345593385116026509935938618052e-01, -7.1683505338432924e-01, 7.1987314178137533e-01
0.99818000, 2.38754097968746396911149229174165654944e+00, -7.14767863061819349067621193733436031183e-01, 2.71890924087054657986573229987908489301e+01, 4.12759252927257580745446924431594990269e-01, 4.10600286300460230267136840528382122107e+00, 8.81348836463473019559595101704863970034e-01, -7.1687299851112113e-01, 7.1977235942134178e-01
0.99819000, 2.38754671251634944597576565857197248035e+00, -7.14754566508275692053634569257690299096e-01, 2.71890744669291843640014284269373876478e+01, 4.12759436256226170482512484528470733535e-01, 4.10598690761727257348796414192637724727e+00, 8.81340630228774830735930785128688038163e-01, -7.1691092659172834e-01, 7.1967157338687827e-01
0.99820000, 2.38755244458229483983111879368909052478e+00, -7.14741269292990693845482862473843069741e-01, 2.71890565252650371281888350901213889639e+01, 4.12759618896482462085971420561182039987e-01, 4.10597095224341098404561740187544459675e+00, 8.81332422641418269404452938609419901822e-01, -7.1694883762540823e-01, 7.1957078368200619e-01
0.99821000, 2.38755817588514300356376170073601221418e+00, -7.14727971416060932136957088132995156908e-01, 2.71890385837131518862246339792762422150e+01, 4.12759800848036314437909918968417211869e-01, 4.10595499688324167712010976301394407218e+00, 8.81324213701322841164559158677695472935e-01, -7.1698673161141944e-01, 7.1946999031074723e-01
0.99822000, 2.38756390642473680223981201923119681503e+00, -7.14714672877583039138694035285141023723e-01, 2.71890206422736564405798250034590383577e+01, 4.12759982110897624161096868307246963451e-01, 4.10593904153698883972675576029353334265e+00, 8.81316003408408106480402735299598705823e-01, -7.1702460854902191e-01, 7.1936919327712330e-01
0.99823000, 2.38756963620091911312864810708833376948e+00, -7.14701373677653701580694542807337139619e-01, 2.71890027009466786011772245604783155507e+01, 4.12760162685076325626700493870675028870e-01, 4.10592308620487670310464497044248473777e+00, 8.81307791762593680705666301759127173168e-01, -7.1706246843747686e-01, 7.1926839258515659e-01
0.99824000, 2.38757536521353282572626727270309270521e+00, -7.14688073816369660714830364913483144599e-01, 2.71889847597323461853773669396218920696e+01, 4.12760342570582390961999100354627335413e-01, 4.10590713088712954270086898726972667935e+00, 8.81299578763799234108331649194712744144e-01, -7.1710031127604681e-01, 7.1916758823886952e-01
0.99825000, 2.38758109346242084177864915064015763828e+00, -7.14674773293827712317339621319917192254e-01, 2.71889668186307870179643995589069252237e+01, 4.12760521767425830058085917701117678118e-01, 4.10589117558397167815473328696514513278e+00, 8.81291364411944491895445695865623789114e-01, -7.1713813706399555e-01, 7.1906678024228479e-01
0.99826000, 2.38758682094742607530512421494881982171e+00, -7.14661472110124706691310826744106487657e-01, 2.71889488776421289311319720392782942376e+01, 4.12760700275616690577568045245001707122e-01, 4.10587522029562747328195398280310077045e+00, 8.81283148706949234237882601221495859071e-01, -7.1717594580058818e-01, 7.1896596859942531e-01
0.99827000, 2.38759254766839145262174742413037281826e+00, -7.14648170265357548669155494416798397901e-01, 2.71889309367664997644691191181853647368e+01, 4.12760878095165057962259489292408229600e-01, 4.10585926502232133605883946866298052031e+00, 8.81274931648733296295102014845663151890e-01, -7.1721373748509108e-01, 7.1886515331431428e-01
0.99828000, 2.38759827362515991236467699177552380365e+00, -7.14634867759623197615069308291086591888e-01, 2.71889129960040273649461374049711525298e+01, 4.12761055226081055440868289259617334723e-01, 4.10584330976427771860645695078746882171e+00, 8.81266713237216568239903450340393285680e-01, -7.1725151211677192e-01, 7.1876433439097514e-01
0.99829000, 2.38760399881757440551355827688500684094e+00, -7.14621564593018667427481858634940461766e-01, 2.71888950553548395869004559805118648043e+01, 4.12761231668374844036677727501838673867e-01, 4.10582735452172111717478386720609422328e+00, 8.81258493472318995283176774219562956615e-01, -7.1728926969489967e-01, 7.1866351183343157e-01
0.99830000, 2.38760972324547789541491278788155691131e+00, -7.14608260765641026541494935696844591386e-01, 2.71888771148190642920225008435487576580e+01, 4.12761407422056622575221617962030370518e-01, 4.10581139929487607212684419425848093162e+00, 8.81250272353960577698648799871751969062e-01, -7.1732701021874458e-01, 7.1856268564570751e-01
0.99831000, 2.38761544690871335780553229431637784710e+00, -7.14594956277587397931309376137298267071e-01, 2.71888591743968293493415532061582100475e+01, 4.12761582487136627691953668770589496069e-01, 4.10579544408396716792282963965861255101e+00, 8.81242049882061370847625976654177893921e-01, -7.1736473368757819e-01, 7.1846185583182715e-01
0.99832000, 2.38762116980712378083587804026821299263e+00, -7.14581651128954959112640456922032972997e-01, 2.71888412340882626352116016408098757782e+01, 4.12761756863625133839910913927438830138e-01, 4.10577948888921903310420572154829653982e+00, 8.81233826056541485203733164175343241348e-01, -7.1740244010067334e-01, 7.1836102239581491e-01
0.99833000, 2.38762689194055216509348505342810442293e+00, -7.14568345319840942145121831375918477474e-01, 2.71888232938934920332971880814667370494e+01, 4.12761930551532453297371209198731728289e-01, 4.10576353371085634027780273299490284609e+00, 8.81225600877321086377648481821721530940e-01, -7.1744012945730415e-01, 7.1826018534169550e-01
0.99834000, 2.38763261330884152362637154385790488303e+00, -7.14555038850342633634698002099645497359e-01, 2.71888053538126454345592476811848453295e+01, 4.12762103550868936175504787361097347246e-01, 4.10574757854910380609989159139533876866e+00, 8.81217374344320395141834223581268010275e-01, -7.1747780175674603e-01, 7.1815934467349383e-01
0.99835000, 2.38763833391183488196645338640558627684e+00, -7.14541731720557374736005325454395025754e-01, 2.71887874138458507372409425286744979508e+01, 4.12762275861644970426019867927052228973e-01, 4.10573162340418619126024457225511431824e+00, 8.81209146457459687455263828214005016022e-01, -7.1751545699827570e-01, 7.1805850039523509e-01
0.99836000, 2.38764405374937527815296368075536953836e+00, -7.14528423930582561154741542322831222911e-01, 2.71887694739932358468534892262885617797e+01, 4.12762447483870981848802316485911321532e-01, 4.10571566827632830046618092681824822226e+00, 8.81200917216659294488144894817401094970e-01, -7.1755309518117115e-01, 7.1795765251094469e-01
0.99837000, 2.38764977282130576275587738308568306389e+00, -7.14515115480515643150023829857886301955e-01, 2.71887515342549286761619803319076186434e+01, 4.12762618417557434099549348795241917452e-01, 4.10569971316575498242659738303066422305e+00, 8.81192686621839602646638233831737009754e-01, -7.1759071630471167e-01, 7.1785680102464831e-01
0.99838000, 2.38765549112746939889934100330294057631e+00, -7.14501806370454125536735368933942089466e-01, 2.71887335946310571451711996671955708590e+01, 4.12762788662714828697397274758617720714e-01, 4.10568375807269112983598352932663045994e+00, 8.81184454672921053597572943528130650161e-01, -7.1762832036817784e-01, 7.1775594594037187e-01
0.99839000, 2.38766120866770926228510736181411433644e+00, -7.14488496600495567687860422018153906216e-01, 2.71887156551217491811114314947033092320e+01, 4.12762958219353705032543277426147312346e-01, 4.10566780299736167935842208073470149619e+00, 8.81176221369824144293157502019376660098e-01, -7.1766590737085153e-01, 7.1765508726214153e-01
0.99840000, 2.38766692544186844121597539979606601547e+00, -7.14475186170737583536807916182808095279e-01, 2.71886977157271327184242635663020102452e+01, 4.12763127087484640373861222154971673295e-01, 4.10565184793999161161157402680653295069e+00, 8.81167986712469426995686864831245277073e-01, -7.1770347731201590e-01, 7.1755422499398368e-01
0.99841000, 2.38767264144979003661923503691458530189e+00, -7.14461875081277841579723525982754923312e-01, 2.71886797764473356987483840454315938621e+01, 4.12763295267118249876511491067649142696e-01, 4.10563589290080595115064866087885271557e+00, 8.81159750700777509302245558069378469652e-01, -7.1774103019095540e-01, 7.1745335913992499e-01
0.99842000, 2.38767835669131716207011707044107544020e+00, -7.14448563332214064877790250925113695971e-01, 2.71886618372824860709053723056538384040e+01, 4.12763462758265186589544837947073241107e-01, 4.10561993788002976645235849018579038431e+00, 8.81151513334669054169406757214419953406e-01, -7.1777856600695579e-01, 7.1735248970399233e-01
0.99843000, 2.38768407116629294381524810970981539161e+00, -7.14435250923644031059517482261606760089e-01, 2.71886438982327117908854836080036143314e+01, 4.12763629560936141463500258707299172746e-01, 4.10560398287788816989885902634568777363e+00, 8.81143274614064779937927341575519071571e-01, -7.1781608475930409e-01, 7.1725161669021285e-01
0.99844000, 2.38768978487456052079611053985372017336e+00, -7.14421937855665572323018553837043613396e-01, 2.71886259592981408218334276596356644630e+01, 4.12763795675141843357996872580388539454e-01, 4.10558802789460631776167345575343829638e+00, 8.81135034538885460357438914429856847547e-01, -7.1785358644728864e-01, 7.1715074010261393e-01
0.99845000, 2.38769549781596304467250750875151417791e+00, -7.14408624128376575438276771730645606999e-01, 2.71886080204789011340341410562683241997e+01, 4.12763961100893059049319809160118853037e-01, 4.10557207293040941018560218941633142544e+00, 8.81126793109051924611134778873355756850e-01, -7.1789107107019906e-01, 7.1704985994522317e-01
0.99846000, 2.38770120999034367984603293111422689995e+00, -7.14395309741874981749399917430075706645e-01, 2.71885900817751207048985536109295416758e+01, 4.12764125838200593238000096444144822991e-01, 4.10555611798552269117261729177831057928e+00, 8.81118550324485057340452859405252930467e-01, -7.1792853862732627e-01, 7.1694897622206845e-01
0.99847000, 2.38770692139754560348354650363391651360e+00, -7.14381994696258787176863219281216475756e-01, 2.71885721431869275189493485715145244437e+01, 4.12764289887075288556388545016942124436e-01, 4.10554016306017144856574178808448845298e+00, 8.81110306185105798669754559266739594394e-01, -7.1796598911796246e-01, 7.1684808893717786e-01
0.99848000, 2.38771263203741200554065372511252414713e+00, -7.14368678991626042219740786959922856275e-01, 2.71885542047144495678067167296683062971e+01, 4.12764453247528025576223623516611417503e-01, 4.10552420815458101403291384984470311230e+00, 8.81102060690835144230999543551397575580e-01, -7.1800342254140113e-01, 7.1674719809457973e-01
0.99849000, 2.38771834190978608878519091548376050464e+00, -7.14355362628074851957925503715164452504e-01, 2.71885362663578148501741044235104951589e+01, 4.12764615919569722816193320529370795542e-01, 4.10550825326897676305083585796184105802e+00, 8.81093813841594145188416438102696667210e-01, -7.1804083889693709e-01, 7.1664630369830265e-01
0.99850000, 2.38772405101451106882071522763592668535e+00, -7.14342045605703376054337371136164868072e-01, 2.71885183281171513718239554367234305913e+01, 4.12764777903211336749490988056318586421e-01, 4.10549229840358411488880834309759995101e+00, 8.81085565637303908263169434211354550380e-01, -7.1807823818386640e-01, 7.1654540575237544e-01
0.99851000, 2.38772975935143017410999964593857265892e+00, -7.14328727924609828757120301199343207051e-01, 2.71885003899925871455834467965289474326e+01, 4.12764939198463861811365161697805519947e-01, 4.10547634355862853259254880285531376094e+00, 8.81077316077885595758020789122903819388e-01, -7.1811562040148645e-01, 7.1644450426082715e-01
0.99852000, 2.38773546692038664599853296537089987079e+00, -7.14315409584892478901827350354065126733e-01, 2.71884824519842501913202184730829103150e+01, 4.12765099805338330406663352701515706234e-01, 4.10546038873433552296799539536641676024e+00, 8.81069065163260425581989212363358458243e-01, -7.1815298554909590e-01, 7.1634359922768708e-01
0.99853000, 2.38774117372122373873802474514481888256e+00, -7.14302090586649649913594390409417821729e-01, 2.71884645140922685359280969828206523836e+01, 4.12765259723845812917369807021119645612e-01, 4.10544443393093063656509550887408002648e+00, 8.81060812893349671275004127888424871140e-01, -7.1819033362599472e-01, 7.1624269065698475e-01
0.99854000, 2.38774687975378471950991523071057880087e+00, -7.14288770929979719809302210987435026666e-01, 2.71884465763167702133128128982904203929e+01, 4.12765418953997417710137226533129611687e-01, 4.10542847914863946766157920691451493681e+00, 8.81052559268074662032555802059260283844e-01, -7.1822766463148416e-01, 7.1614177855274994e-01
0.99855000, 2.38775258501791286844889023802789252021e+00, -7.14275450614981121199727048311414547715e-01, 2.71884286386578832643777122670158975230e+01, 4.12765577495804291143812447560358216294e-01, 4.10541252438768765424671754870340253452e+00, 8.81044304287356782730341327445344010586e-01, -7.1826497856486676e-01, 7.1604086291901264e-01
0.99856000, 2.38775828951345147866640099398049050432e+00, -7.14262129641752341291679535101191971411e-01, 2.71884107011157357370094619419328447190e+01, 4.12765735349277617576956071851154779650e-01, 4.10539656964830087800506578434187561667e+00, 8.81036047951117473948906452452594726599e-01, -7.1830227542544637e-01, 7.1593994375980310e-01
0.99857000, 2.38776399324024385627418892680704596205e+00, -7.14248808010391921890132066350460052521e-01, 2.71883927636904556860637488259488711075e+01, 4.12765892514428619375356045164371291866e-01, 4.10538061493070486430019142446345192884e+00, 8.81027790259278231998283246772439504137e-01, -7.1833955521252811e-01, 7.1583902107915179e-01
0.99858000, 2.38776969619813332040781540041642584116e+00, -7.14235485720998459400334575764453851033e-01, 2.71883748263821711733509730331793140937e+01, 4.12766048991268556919535178610790264346e-01, 4.10536466023512538215838718395029195621e+00, 8.81019531211760608942623592645117964135e-01, -7.1837681792541843e-01, 7.1573809488108942e-01
0.99859000, 2.38777539838696320325019638645023507248e+00, -7.14222162773670604829918717639556971435e-01, 2.71883568891910102676219349694161800741e+01, 4.12766204779808728612252607902530632521e-01, 4.10534870556178824425236879935413346459e+00, 8.81011270808486212624828491928087470979e-01, -7.1841406356342504e-01, 7.1563716516964693e-01
0.99860000, 2.38778109980657685005514206795063595056e+00, -7.14208839168507063790990448969624255299e-01, 2.71883389521171010445535163343910673221e+01, 4.12766359880060470885999185662735085845e-01, 4.10533275091091930688495771966423716813e+00, 8.81003009049376706691173178957982858447e-01, -7.1845129212585694e-01, 7.1553623194885549e-01
0.99861000, 2.38778680045681761917090136848644044144e+00, -7.14195514905606596502211006567060990556e-01, 2.71883210151605715867343550483969635053e+01, 4.12766514292035158210486801948632768196e-01, 4.10531679628274446997274867007166367811e+00, 8.80994745934353810615928029192176725245e-01, -7.1848850361202446e-01, 7.1543529522274652e-01
0.99862000, 2.38779250033752888206371140058549056654e+00, -7.14182189985068017790866273989948127598e-01, 2.71883030783215499836505141058377814755e+01, 4.12766668015744203100131628141865212728e-01, 4.10530084167748967702976208838619121658e+00, 8.80986481463339299725975253613583882917e-01, -7.1852569802123920e-01, 7.1533435499535165e-01
0.99863000, 2.38779819944855402334135182731636082922e+00, -7.14168864406990197094924533069757133383e-01, 2.71882851416001643316711443582784684352e+01, 4.12766821051199056121531279360760651008e-01, 4.10528488709538091515108143376917645544e+00, 8.80978215636255005225421368879956081786e-01, -7.1856287535281404e-01, 7.1523341127070276e-01
0.99864000, 2.38780389778973644077670413085743693186e+00, -7.14155538171472058465082594837456969797e-01, 2.71882672049965427340341412295724953132e+01, 4.12766973398411205900935890550042467827e-01, 4.10526893253664421499647536745265726281e+00, 8.80969948453022814220205433196520686176e-01, -7.1860003560606318e-01, 7.1513246405283195e-01
0.99865000, 2.38780959536091954533131578188644678009e+00, -7.14142211278612580566800304649079251559e-01, 2.71882492685108133008317953656475051925e+01, 4.12767125057392179131713101404261561655e-01, 4.10525297800150565077400480512199610095e+00, 8.80961679913564669742703037888429522952e-01, -7.1863717878030210e-01, 7.1503151334577156e-01
0.99866000, 2.38781529216194676117896930361854299266e+00, -7.14128883728510796682323416315075921709e-01, 2.71882313321431041489964372215338719028e+01, 4.12767276028153540581806945282049717214e-01, 4.10523702349019134022361484064636631892e+00, 8.80953410017802570776326044647101691722e-01, -7.1867430487484758e-01, 7.1493055915355413e-01
0.99867000, 2.38782098819266152572925622431606083378e+00, -7.14115555521265794712694830041076779102e-01, 2.71882133958935434022860755882248924312e+01, 4.12767426310706893101190637269101802207e-01, 4.10522106900292744460071154084839061671e+00, 8.80945138765658572280118058422166705177e-01, -7.1871141388901770e-01, 7.1482960148021248e-01
0.99868000, 2.38782668345290728965115591208810166523e+00, -7.14102226656976717179754188990931902043e-01, 2.71881954597622591912700300619613096046e+01, 4.12767575905063877629313256548608665871e-01, 4.10520511453994016865972361101125152063e+00, 8.80936866157054785213345625928341928446e-01, -7.1874850582213182e-01, 7.1472864032977962e-01
0.99869000, 2.38783237794252751689661928579311968134e+00, -7.14088897135742761228125829286206435218e-01, 2.71881775237493796533145574585368345588e+01, 4.12767724811236173202540318238680043846e-01, 4.10518916010145576063764893082860779992e+00, 8.80928592191913376560085149734210911265e-01, -7.1878558067351060e-01, 7.1462767570628880e-01
0.99870000, 2.38783807166136568472415739585271884712e+00, -7.14075566957663178627195078259582343059e-01, 2.71881595878550329325684721752253118271e+01, 4.12767873029235496961588229857117562755e-01, 4.10517320568770051223758596050966836754e+00, 8.80920316870156569353805507897506860622e-01, -7.1882263844247600e-01, 7.1452670761377351e-01
0.99871000, 2.38784376460926528372243486877989761127e+00, -7.14062236122837275773072895782913581555e-01, 2.71881416520793471799487605029341434521e+01, 4.12768020559073604158952627574722090130e-01, 4.10515725129890075861225001675879634098e+00, 8.80912040191706642701946369109148188671e-01, -7.1885967912835127e-01, 7.1442573605626743e-01
0.99872000, 2.38784945678606981783386820922001111745e+00, -7.14048904631364413690548853493977702049e-01, 2.71881237164224505531261888911925623454e+01, 4.12768167400762288166330587419147191756e-01, 4.10514129693528287834747441835604058752e+00, 8.80903762156485931810492193305920795416e-01, -7.1889670273046096e-01, 7.1432476103780452e-01
0.99873000, 2.38785514819162280437822895329775429259e+00, -7.14035572483344008035032446749268174489e-01, 2.71881057808844712165109061685873191943e+01, 4.12768313554313380482036706592141340239e-01, 4.10512534259707329344569650107202023968e+00, 8.80895482764416828008541907709354512346e-01, -7.1893370924813091e-01, 7.1422378256241892e-01
0.99874000, 2.38786083882576777407625166705850435523e+00, -7.14022239678875529094482734133477703873e-01, 2.71880878454655373412380397212623215228e+01, 4.12768459019738750738413050063855766750e-01, 4.10510938828449846930942850165761933668e+00, 8.80887202015421778772874248245998946148e-01, -7.1897069868068825e-01, 7.1412280063414501e-01
0.99875000, 2.38786652868834827107324678378739796414e+00, -7.14008906218058501791326299359633511840e-01, 2.71880699101657771051532856321027380789e+01, 4.12768603797050306709232957608732463312e-01, 4.10509343399778491472471331065598392320e+00, 8.80878919909423287752508756301966825211e-01, -7.1900767102746141e-01, 7.1402181525701742e-01
0.99876000, 2.38787221777920785296271827398455642227e+00, -7.13995572100992505684363530397160965500e-01, 2.71880519749853186927984927832280565120e+01, 4.12768747886259994317098706448327826908e-01, 4.10507747973715918184456509379135261388e+00, 8.80870636446343914793262420762280870141e-01, -7.1904462628778013e-01, 7.1392082643507097e-01
0.99877000, 2.38787790609819009080998614176991206850e+00, -7.13982237327777174970663210668472057257e-01, 2.71880340399242902953972409244225573369e+01, 4.12768891287379797640833024667271789968e-01, 4.10506152550284786617239478169629380747e+00, 8.80862351626106275962301955283233187349e-01, -7.1908156446097542e-01, 7.1381983417234071e-01
0.99878000, 2.38788359364513856917581374148613023308e+00, -7.13968901898512198487445417158000072534e-01, 2.71880161049828201108404127101356424508e+01, 4.12769034000421738922864450569410005558e-01, 4.10504557129507760654542042774596840442e+00, 8.80854065448633043572691700743644226185e-01, -7.1911848554637960e-01, 7.1371883847286193e-01
0.99879000, 2.38788928041989688614003990826316390796e+00, -7.13955565813297319713952720280931326551e-01, 2.71879981701610363436717597076884319625e+01, 4.12769176025397878576606533142027750838e-01, 4.10502961711407508511806243377508604278e+00, 8.80845777913846946207937142818591449467e-01, -7.1915538954332628e-01, 7.1361783934067013e-01
0.99880000, 2.38789496642230865332521589630302259391e+00, -7.13942229072232336773309680362219106526e-01, 2.71879802354590672050734623793270188170e+01, 4.12769317362320315193830868796908680063e-01, 4.10501366296006702734532364346027551569e+00, 8.80837489021670768746524034616866048901e-01, -7.1919227645115038e-01, 7.1351683677980104e-01
0.99881000, 2.38790065165221749592024711863838263719e+00, -7.13928891675417102434370635579803921603e-01, 2.71879623008770409128516840407667466520e+01, 4.12769458011201185552033969557839399699e-01, 4.10499770883328020196615430315764616573e+00, 8.80829198772027352386453114321109295122e-01, -7.1922914626918809e-01, 7.1341583079429061e-01
0.99882000, 2.38790633610946705270403968211371376464e+00, -7.13915553622951524113555776229307839198e-01, 2.71879443664150856914221187988758524863e+01, 4.12769597972052664621797957865032053957e-01, 4.10498175473394142098680188999237666418e+00, 8.80820907164839594669770407767278451210e-01, -7.1926599899677693e-01, 7.1331482138817499e-01
0.99883000, 2.38791201979390097606915171133264547087e+00, -7.13902214914935563876675500170819073068e-01, 2.71879264320733297717955334711507922350e+01, 4.12769737244886965574145083167801700424e-01, 4.10496580066227753966414580700423067196e+00, 8.80812614200030449507093105897795602931e-01, -7.1930283463325567e-01, 7.1321380856549059e-01
0.99884000, 2.38791770270536293204544945531034741043e+00, -7.13888875551469238440743044321736084989e-01, 2.71879084978519013915633034896395436464e+01, 4.12769875829716339787886055477703223307e-01, 4.10494984661851545648901694515996544104e+00, 8.80804319877522927202131007020441272847e-01, -7.1933965317796443e-01, 7.1311279233027401e-01
0.99885000, 2.38792338484369660032376817056475000500e+00, -7.13875535532652619175775387062998268293e-01, 2.71878905637509287948829427919731580785e+01, 4.12770013726553076856962191055203877294e-01, 4.10493389260288211316950211205066944674e+00, 8.80796024197240094476203513802768293200e-01, -7.1937645463024458e-01, 7.1301177268656207e-01
0.99886000, 2.38792906620874567427957777437548509601e+00, -7.13862194858585832106582416429392797261e-01, 2.71878726297705402324636277021698095542e+01, 4.12770150935409504597781365403842279009e-01, 4.10491793861560449461423332709913863795e+00, 8.80787727159105074492752174929530118461e-01, -7.1941323898943881e-01, 7.1291074963839184e-01
0.99887000, 2.38793474680035386099665326193448166049e+00, -7.13848853529369057914544358957994451408e-01, 2.71878546959108639615517148038795667742e+01, 4.12770287456297989056547768746702766634e-01, 4.10490198465690962891566198310947785203e+00, 8.80779428763041046881848761348341566769e-01, -7.1945000625489110e-01, 7.1280972318980056e-01
0.99888000, 2.38794042661836488129074988110720836793e+00, -7.13835511545102531939377464072167157630e-01, 2.71878367621720282459162528087420912025e+01, 4.12770423289230934516585459160915532416e-01, 4.10488603072702458733331787399819435841e+00, 8.80771129008971247764698867026518894761e-01, -7.1948675642594673e-01, 7.1270869334482573e-01
0.99889000, 2.38794610566262246973328305851861309142e+00, -7.13822168905886544180887938881932635827e-01, 2.71878188285541613558344884225334419794e+01, 4.12770558434220783505655708546777798494e-01, 4.10487007682617648427705308855313436761e+00, 8.80762827896818969778141024139780136522e-01, -7.1952348950195228e-01, 7.1260766010750505e-01
0.99890000, 2.38795178393297037467501307067286940396e+00, -7.13808825611821439300714128284892884639e-01, 2.71878008950573915680773662117821462548e+01, 4.12770692891280016803268136608979554738e-01, 4.10485412295459247729027077007370066616e+00, 8.80754525426507562099141322611225779054e-01, -7.1956020548225561e-01, 7.1250662348187643e-01
0.99891000, 2.38795746142925235826973445381110159318e+00, -7.13795481663007616624056935255279303109e-01, 2.71877829616818471658950224735386715686e+01, 4.12770826660421153447985628028309009132e-01, 4.10483816911249976703313874175288030876e+00, 8.80746221597960430469283523916764108048e-01, -7.1959690436620589e-01, 7.1240558347197801e-01
0.99892000, 2.38796313815131219649797014620632282020e+00, -7.13782137059545530141398476212092011055e-01, 2.71877650284276564390022731109864151279e+01, 4.12770959741656750744723028003107917585e-01, 4.10482221530012559726578799766870551474e+00, 8.80737916411101037219254659070894943040e-01, -7.1963358615315359e-01, 7.1230454008184814e-01
0.99893000, 2.38796881409899367919067035658988573612e+00, -7.13768791801535688510208966360688405556e-01, 2.71877470952949476835640955175863032479e+01, 4.12771092134999404272039611340645361972e-01, 4.10480626151769725483149605925986857050e+00, 8.80729609865852901293326100704519994656e-01, -7.1967025084245047e-01, 7.1220349331552538e-01
0.99894000, 2.38797448927214061005291615239881115557e+00, -7.13755445889078655056641829905580172718e-01, 2.71877291622838492021811044724510728238e+01, 4.12771223840461747889425320279480333564e-01, 4.10479030776544206963985519716731263218e+00, 8.80721301962139598273830099144207722830e-01, -7.1970689843344958e-01, 7.1210244317704851e-01
0.99895000, 2.38798016367059680668762776152842827707e+00, -7.13742099322275047777217030035602862729e-01, 2.71877112293944893038750220496492854824e+01, 4.12771354858056453744580766224788654969e-01, 4.10477435404358741464992551833072484702e+00, 8.80712992699884760405631772400105357917e-01, -7.1974352892550529e-01, 7.1200138967045653e-01
0.99896000, 2.38798583729420610061927758126982943838e+00, -7.13728752101225539340492613586031731665e-01, 2.71876932966269963040741415441431040322e+01, 4.12771485187796232280690990579538338010e-01, 4.10475840035236070585337291823596616616e+00, 8.80704682079012076620596539967460670770e-01, -7.1978014231797325e-01, 7.1190033279978863e-01
0.99897000, 2.38799151014281233731760788810671350569e+00, -7.13715404226030857088724465285631855340e-01, 2.71876753639814985245987854170678399686e+01, 4.12771614829693832243692979855309428848e-01, 4.10474244669198940225759189821658360115e+00, 8.80696370099445292562052990344491147508e-01, -7.1981673861021041e-01, 7.1179927256908425e-01
0.99898000, 2.38799718221625937622135324204126472423e+00, -7.13702055696791783039514266500049528395e-01, 2.71876574314581242936467572630652601099e+01, 4.12771743783762040689536930247469735854e-01, 4.10472649306270100586881324771966547759e+00, 8.80688056761108210609251172167118443961e-01, -7.1985331780157500e-01, 7.1169820898238302e-01
0.99899000, 2.38800285351439109076196757911378820781e+00, -7.13688706513609153887445653386375675436e-01, 2.71876394990570019457787878023866199275e+01, 4.12771872050013682991441256860336571384e-01, 4.10471053946472306167519659145341845901e+00, 8.80679742063924689901816298858871368111e-01, -7.1988987989142659e-01, 7.1159714204372476e-01
0.99900000, 2.38800852403705136838735598577589922132e+00, -7.13675356676583861005708569377140420115e-01, 2.71876215667782598219039749004853707914e+01, 4.12771999628461622847141342768876766637e-01, 4.10469458589828315762990780134096674808e+00, 8.80671426007818646364197856692051170427e-01, -7.1992642487912602e-01, 7.1149607175714955e-01
0.99901000, 2.38801419378408411058561114877214101779e+00, -7.13662006185816850447711806915431082192e-01, 2.71876036346220262692652176178234681750e+01, 4.12772126519118762286132023104422740052e-01, 4.10467863236360892463418127321199891670e+00, 8.80663108592714052730114106154048616072e-01, -7.1996295276403541e-01, 7.1139499812669765e-01
0.99902000, 2.38801986275533323290875447417998523422e+00, -7.13648655041409122948683733366263701568e-01, 2.71875857025884296414246442926191878466e+01, 4.12772252721998041676903799352811315358e-01, 4.10466267886092803652036706817101626873e+00, 8.80654789818534938566991966510503173911e-01, -7.1999946354551822e-01, 7.1129392115640952e-01
0.99903000, 2.38802553095064266499648186925324973348e+00, -7.13635303243461733927261196032780721660e-01, 2.71875677706775982982490346592683372249e+01, 4.12772378237112439734172779054284296247e-01, 4.10464672539046821003496291858806849382e+00, 8.80646469685205390300402273454800689243e-01, -7.2003595722293918e-01, 7.1119284085032586e-01
0.99904000, 2.38803119836985635059991418070905130671e+00, -7.13621950792075793487066601209294701986e-01, 2.71875498388896606058952360051747293713e+01, 4.12772503064474973526104336095425511724e-01, 4.10463077195245720482163109866499762584e+00, 8.80638148192649551238490399731217114538e-01, -7.2007243379566432e-01, 7.1109175721248757e-01
0.99905000, 2.38803686501281824760535228309349482728e+00, -7.13608597687352466418273162206649871095e-01, 2.71875319072247449367955733687297675543e+01, 4.12772627204098698481530486784348150424e-01, 4.10461481854712282340420015953734996979e+00, 8.80629825340791621596402228616832259446e-01, -7.2010889326306098e-01, 7.1099067024693573e-01
0.99906000, 2.38804253087937232805803681085638627727e+00, -7.13595243929392972199158311288829975672e-01, 2.71875139756829796696432537811849689234e+01, 4.12772750655996708397160976901288704556e-01, 4.10459886517469291116965152887925770429e+00, 8.80621501129555858520705470145159092160e-01, -7.2014533562449779e-01, 7.1088957995771167e-01
0.99907000, 2.38804819596936257818591252776034455557e+00, -7.13581889518298584997645270463202229408e-01, 2.71874960442644931893777645551652365857e+01, 4.12772873420182135444788074917709745586e-01, 4.10458291183539535635109097498573729753e+00, 8.80613175558866576113806309952260883246e-01, -7.2018176087934467e-01, 7.1078848634885690e-01
0.99908000, 2.38805386028263299842339732724477612786e+00, -7.13568534454170633672832776070253215735e-01, 2.71874781129694138871702656225746702795e+01, 4.12772995496668150178485066577963055179e-01, 4.10456695852945809001070493531400069101e+00, 8.80604848628648145458361380623960434394e-01, -7.2021816902697285e-01, 7.1068738942441315e-01
0.99909000, 2.38805952381902760343515585736026739649e+00, -7.13555178737110501776512952122143351365e-01, 2.71874601817978701604089759246506868771e+01, 4.12773116885467961541798446038517337368e-01, 4.10455100525710908602270170947252740195e+00, 8.80596520338824994641685045420582782591e-01, -7.2025456006675486e-01, 7.1058628918842234e-01
0.99910000, 2.38806518657839042213987776388404215847e+00, -7.13541822367219627554677327342881972436e-01, 2.71874422507499904126845538569262031338e+01, 4.12773237586594816874933798760710842211e-01, 4.10453505201857636105623751665380126990e+00, 8.80588190689321608780151984253515119157e-01, -7.2029093399806453e-01, 7.1048518564492662e-01
0.99911000, 2.38807084856056549773406054522222568605e+00, -7.13528465344599503949010990866405261594e-01, 2.71874243198259030537754717718636144121e+01, 4.12773357600062001921935371353948738366e-01, 4.10451909881408797455832741751377452026e+00, 8.80579859680062530043595071785715217132e-01, -7.2032729082027697e-01, 7.1038407879796832e-01
0.99912000, 2.38807650976539688771579701269975281118e+00, -7.13515107669351678598374881552324092059e-01, 2.71874063890257364996333845419282845617e+01, 4.12773476925882840837859323567227982940e-01, 4.10450314564387202873674110050828413509e+00, 8.80571527310972357679698537526152424035e-01, -7.2036363053276861e-01, 7.1028296865158999e-01
0.99913000, 2.38808217019272866390856734983385492835e+00, -7.13501749341577753840276205882598423417e-01, 2.71873884583496191723684921858732437159e+01, 4.12773595564070696195940657627838752615e-01, 4.10448719250815666854288353270381120497e+00, 8.80563193581975748038386397786023254079e-01, -7.2039995313491717e-01, 7.1018185520983437e-01
0.99914000, 2.38808782984240491248503576418216005213e+00, -7.13488390361379386712326979405889143013e-01, 2.71873705277976795002348965610107724680e+01, 4.12773713514638968994753820127061221385e-01, 4.10447123940717008165466047508714298092e+00, 8.80554858492997414596206149362446808990e-01, -7.2043625862610167e-01, 7.1008073847674444e-01
0.99915000, 2.38809348871426973399085172535154098352e+00, -7.13475030728858288953690686699837206142e-01, 2.71873525973700459176159521242505327263e+01, 4.12773830777601098665366971653649598055e-01, 4.10445528634114049845932886240566974969e+00, 8.80546522043962127980707714813213673669e-01, -7.2047254700570242e-01, 7.0997961845636333e-01
0.99916000, 2.38809914680816724336845578274894925491e+00, -7.13461670444116227006517054825023587216e-01, 2.71873346670668468650096107646878874932e+01, 4.12773947352970563078489919376871872084e-01, 4.10443933331029619203633204757722441405e+00, 8.80538184234794715994817629184035576468e-01, -7.2050881827310105e-01, 7.0987849515273441e-01
0.99917000, 2.38810480412394156998088995665057684364e+00, -7.13448309507255022017364935247871912504e-01, 2.71873167368882107890137607105300338862e+01, 4.12774063240760878551615707781853660110e-01, 4.10442338031486547814011991071555176927e+00, 8.80529845065420063641208458047621977920e-01, -7.2054507242768046e-01, 7.0977736856990124e-01
0.99918000, 2.38811046066143685763561269616079367192e+00, -7.13434947918376549838613289213268702310e-01, 2.71872988068342661423115595131515559032e+01, 4.12774178440985599856155862760957898679e-01, 4.10440742735507671518295383282467692374e+00, 8.80521504535763113146663436711793860691e-01, -7.2058130946882489e-01, 7.0967623871190758e-01
0.99919000, 2.38811611642049726460831839762741665174e+00, -7.13421585677582741029860271551193906332e-01, 2.71872808769051413836567611110749857286e+01, 4.12774292953658320224569284265918892072e-01, 4.10439147443115830421769653422262811093e+00, 8.80513162645748863986436320451734341519e-01, -7.2061752939591983e-01, 7.0957510558279740e-01
0.99920000, 2.38812177140096696366676147707497549159e+00, -7.13408222784975580859310407905176869932e-01, 2.71872629471009649778590369766759447856e+01, 4.12774406778792671357484782726439398762e-01, 4.10437552154333868892058677776215828006e+00, 8.80504819395302372908606435619370317157e-01, -7.2065373220835212e-01, 7.0947396918661485e-01
0.99921000, 2.38812742560269014209458499021275166136e+00, -7.13394859240657109305149860373920020764e-01, 2.71872450174218653957692913484164182499e+01, 4.12774519916402323430817254441953026680e-01, 4.10435956869184635557399893692330232693e+00, 8.80496474784348753958428921480779195117e-01, -7.2068991790550985e-01, 7.0937282952740430e-01
0.99922000, 2.38813307902551100171515379356947981866e+00, -7.13381495044729421056909776560964414213e-01, 2.71872270878679711142649705514136993558e+01, 4.12774632366500985102877491154251207193e-01, 4.10434361587690983304918742885980263408e+00, 8.80488128812813178502680152630419850531e-01, -7.2072608648678245e-01, 7.0927168660921031e-01
0.99923000, 2.38813873166927375891539224030171563654e+00, -7.13368130197294665516817717030807822032e-01, 2.71872091584394106162353664091565225399e+01, 4.12774744129102403521475619009674431275e-01, 4.10432766309875769278901601248863472387e+00, 8.80479781480620875253998331828897296902e-01, -7.2076223795156062e-01, 7.0917054043607764e-01
0.99924000, 2.38814438353382264466962640421799034583e+00, -7.13354764698455046801137156173427290910e-01, 2.71871912291363123905669137491838872819e+01, 4.12774855204220364331018162120571259803e-01, 4.10431171035761854879067195171906728752e+00, 8.80471432787697130295219243108886165146e-01, -7.2079837229923639e-01, 7.0906939101205125e-01
0.99925000, 2.38815003461900190456343082555599041782e+00, -7.13341398548312823741495051482704036145e-01, 2.71871732999588049321284820055460574046e+01, 4.12774965591868691679598725936735864028e-01, 4.10429575765372105758836504392489663286e+00, 8.80463082733967287103707154991758956338e-01, -7.2083448952920306e-01, 7.0896823834117629e-01
0.99926000, 2.38815568492465579881747977204512067107e+00, -7.13328031746970309886197476257799169565e-01, 2.71871553709070167417566609208712035971e+01, 4.12775075292061248226082295638545513057e-01, 4.10427980498729391823601151377070468962e+00, 8.80454731319356746575680863655391173196e-01, -7.2087058964085525e-01, 7.0886708242749811e-01
0.99927000, 2.38816133445062860231140300878193069210e+00, -7.13314664294529873501533310740084090029e-01, 2.71871374419810763262410403508651400062e+01, 4.12775184304811935147183144764533503437e-01, 4.10426385235856587228990277251020212038e+00, 8.80446378543790967050534865891546847712e-01, -7.2090667263358887e-01, 7.0876592327506227e-01
0.99928000, 2.38816698319676460460764607044100782105e+00, -7.13301296191093937573065986701789388730e-01, 2.71871195131811121983094841740755889156e+01, 4.12775292630134692144536349287150522660e-01, 4.10424789976776570379135904288193380313e+00, 8.80438024407195464335155651689184671808e-01, -7.2094273850680114e-01, 7.0866476088791450e-01
0.99929000, 2.38817263116290810997533502933906507136e+00, -7.13287927436764979806913280506100839664e-01, 2.71871015845072528766133983097563907816e+01, 4.12775400268043497451762902351488354373e-01, 4.10423194721512223924936784973484297456e+00, 8.80429668909495811728233106277966908466e-01, -7.2097878725989056e-01, 7.0856359527010075e-01
0.99930000, 2.38817827834890343741414575286507923487e+00, -7.13274558031645532631015149662000457622e-01, 2.71870836559596268857129928466710602298e+01, 4.12775507218552367841528424892764169280e-01, 4.10421599470086434762320737652341264755e+00, 8.80421312050617640044567011464200516890e-01, -7.2101481889225696e-01, 7.0846242642566714e-01
0.99931000, 2.38818392475459492067817764378446307235e+00, -7.13261187975838183196389607900724711387e-01, 2.71870657275383627560625382856790720196e+01, 4.12775613481675358632595467349391403005e-01, 4.10420004222522094030505468781932853807e+00, 8.80412953830486637639368636089392470855e-01, -7.2105083340330144e-01, 7.0836125435866001e-01
0.99932000, 2.38818957037982690829983185692038591089e+00, -7.13247817269445573378376633804290778083e-01, 2.71870477992435890239956158989522444704e+01, 4.12775719057426563696869397689494401390e-01, 4.10418408978842097110257881799383665208e+00, 8.80404594249028550432557405439559088904e-01, -7.2108683079242643e-01, 7.0826007907312588e-01
0.99933000, 2.38819521522444376361369398571048916701e+00, -7.13234445912570399777870108020125215287e-01, 2.71870298710754342317103622086725713901e+01, 4.12775823945820115466437870969758615812e-01, 4.10416813739069343622151872623220088791e+00, 8.80396233306169181933052639431392332518e-01, -7.2112281105903563e-01, 7.0815890057311146e-01
0.99934000, 2.38820085928828986478042121213237729329e+00, -7.13221073905315413722537774099417610170e-01, 2.71870119430340269272547075880668371652e+01, 4.12775928146870184940603875646546156870e-01, 4.10415218503226737424824611804890150061e+00, 8.80387871001834393263060349399354468014e-01, -7.2115877420253406e-01, 7.0805771886266365e-01
0.99935000, 2.38820650257120960481063391348640041078e+00, -7.13207701247783421268029218000414639068e-01, 2.71869940151194956645116089876373333553e+01, 4.12776031660590981692912351860247965222e-01, 4.10413623271337186613231313347945404724e+00, 8.80379507335950103182355083305746234003e-01, -7.2119472022232804e-01, 7.0795653394582956e-01
0.99936000, 2.38821214507304739158881171951938244402e+00, -7.13194327940077283199171861301467536074e-01, 2.71869760873319690031842767894519788768e+01, 4.12776134486996753878170376914888734203e-01, 4.10412028043423603516898490213197048324e+00, 8.80371142308442288112556809193772712823e-01, -7.2123064911782518e-01, 7.0785534582665648e-01
0.99937000, 2.38821778679364764789719401336808792527e+00, -7.13180953982299915031154963172248224867e-01, 2.71869581596715755087813957923611296601e+01, 4.12776236626101788239460913176049021072e-01, 4.10410432819508904698175696528882940489e+00, 8.80362775919236982161402826701615475720e-01, -7.2126656088843442e-01, 7.0775415450919188e-01
0.99938000, 2.38822342773285481143968486979636178330e+00, -7.13167579374554287010701626155156313804e-01, 2.71869402321384437526023403310123475241e+01, 4.12776338077920410115150113611220713159e-01, 4.10408837599616010950485756525607102825e+00, 8.80354408168260277147014696453509261828e-01, -7.2130245553356595e-01, 7.0765295999748343e-01
0.99939000, 2.38822906789051333486576242419501938510e+00, -7.13154204116943424117228800812550789520e-01, 2.71869223047327023117223835315383819162e+01, 4.12776438842466983445888180197767172684e-01, 4.10407242383767847296573480216538435674e+00, 8.80346039055438322622160177141816464392e-01, -7.2133833305263131e-01, 7.0755176229557900e-01
0.99940000, 2.38823470726646768579439266580870886011e+00, -7.13140828209570406063995284299056568658e-01, 2.71869043774544797689779007067976021239e+01, 4.12776538919755910781603770424717970439e-01, 4.10405647171987342986752865844080911382e+00, 8.80337668580697325898510160112093038343e-01, -7.2137419344504331e-01, 7.0745056140752663e-01
0.99941000, 2.38824034586056234683794764864911431128e+00, -7.13127451652538367299237707921817080228e-01, 2.71868864503039047129515668940501015685e+01, 4.12776638309801633288491947115690134777e-01, 4.10404051964297431497152789114953340022e+00, 8.80329296743963552070890591261145115437e-01, -7.2141003671021609e-01, 7.0734935733737457e-01
0.99942000, 2.38824598367264181562612811354901690917e+00, -7.13114074445950497007294508755189752038e-01, 2.71868685232811057379575485379566798331e+01, 4.12776737012618630755995666801293289201e-01, 4.10402456760721050527961179246342967268e+00, 8.80320923545163324041529370056086620938e-01, -7.2144586284756505e-01, 7.0724815008917123e-01
0.99943000, 2.38825162070255060482989051480688107982e+00, -7.13100696589910039109717880380011663123e-01, 2.71868505963862114440266893217918921667e+01, 4.12776835028221421603780801870444930268e-01, 4.10400861561281142001667681846523652960e+00, 8.80312548984223022544298215480424533324e-01, -7.2148167185650693e-01, 7.0714693966696523e-01
0.99944000, 2.38825725695013324218537844486678503822e+00, -7.13087318084520292266373697821197699572e-01, 2.71868326696193504368916901497663403254e+01, 4.12776932356624562888704691731094408263e-01, 4.10399266366000652061304808654056192451e+00, 8.80304173061069086168949488711220119979e-01, -7.2151746373645976e-01, 7.0704572607480536e-01
0.99945000, 2.38826289241523427051785845047366879170e+00, -7.13073938929884609876529411761073313207e-01, 2.71868147429806513279722832833573627684e+01, 4.12777028997842650311778218211929917025e-01, 4.10397671174902531068687574160415480627e+00, 8.80295795775628011385347962329401521453e-01, -7.2155323848684286e-01, 7.0694450931674063e-01
0.99946000, 2.38826852709769824776566023373902844613e+00, -7.13060559126106400079929907109488430485e-01, 2.71867968164702427343604006345512664129e+01, 4.12777124951890318225121400437721977373e-01, 4.10396075988009733602651619141616680254e+00, 8.80287417127826352567697525863335448682e-01, -7.2158899610707686e-01, 7.0684328939682019e-01
0.99947000, 2.38827416099736974700412123154734319651e+00, -7.13047178673289125757861321015408192484e-01, 2.71867788900882532788053362189042263682e+01, 4.12777220218782239638912504412039511421e-01, 4.10394480805345218457289821125140341524e+00, 8.80279037117590722018762817463803505903e-01, -7.2162473659658369e-01, 7.0674206631909340e-01
0.99948000, 2.38827979411409335646953556672868077801e+00, -7.13033797571536304534202815408330025156e-01, 2.71867609638348115896989027713329643044e+01, 4.12777314798533126228330662542160653769e-01, 4.10392885626931948640187391819184528054e+00, 8.80270655744847789994085771506571760833e-01, -7.2166045995478659e-01, 7.0664084008760980e-01
0.99949000, 2.38828542644771367958310736441808839661e+00, -7.13020415820951508776466299161535041764e-01, 2.71867430377100463010605825275503003760e+01, 4.12777408691157728340491998342089930737e-01, 4.10391290452792891370655461532000435665e+00, 8.80262273009524284726197071916790657294e-01, -7.2169616618111010e-01, 7.0653961070641912e-01
0.99950000, 2.38829105799807533497490842701753925702e+00, -7.13007033421638365596824094972844965998e-01, 2.71867251117140860525226721740646578959e+01, 4.12777501896670835001379251550686361456e-01, 4.10389695282951018077963150609796743693e+00, 8.80253888911546992448822501007516207940e-01, -7.2173185527498004e-01, 7.0643837817957128e-01
0.99951000, 2.38829668876502295650784026117136976173e+00, -7.12993650373700556853124546062223634122e-01, 2.71867071858470594893154219696665842541e+01, 4.12777594415087273922764898903003395493e-01, 4.10388100117429304399568127922427013921e+00, 8.80245503450842757421084173622702620251e-01, -7.2176752723582357e-01, 7.0633714251111635e-01
0.99952000, 2.38830231874840119330160045016130927548e+00, -7.12980266677241819149895557789234687115e-01, 2.71866892601090952622521690413293358781e+01, 4.12777686246421911509127765794041401635e-01, 4.10386504956250730179345656426803849111e+00, 8.80237116627338481951696646373081101608e-01, -7.2180318206306911e-01, 7.0623590370510461e-01
0.99953000, 2.38830794794805470975665336512237303722e+00, -7.12966882332365943839336069297044298547e-01, 2.71866713345003220277144648574545593530e+01, 4.12777777390689652864563124075216662293e-01, 4.10384909799438279465816125838713241159e+00, 8.80228728440961126423157891751409563243e-01, -7.2183881975614641e-01, 7.0613466176558653e-01
0.99954000, 2.38831357636382818557820520847605936239e+00, -7.12953497339176777022295450293339700356e-01, 2.71866534090208684476371968813980851390e+01, 4.12777867847905441799686271224957508538e-01, 4.10383314647014940510371072444432577638e+00, 8.80220338891637709315935126911653302274e-01, -7.2187444031448653e-01, 7.0603341669661273e-01
0.99955000, 2.38831920399556631580018338297246471569e+00, -7.12940111697778219549240818082220866168e-01, 2.71866354836708631894937044082148346516e+01, 4.12777957618084260838529586135948352937e-01, 4.10381719499003705765497686084286134654e+00, 8.80211947979295307232645486894737490006e-01, -7.2191004373752180e-01, 7.0593216850223403e-01
0.99956000, 2.38832483084311381080922017972810455415e+00, -7.12926725408274227021212269964813989752e-01, 2.71866175584504349262808885875658257976e+01, 4.12778046701241131225433056762655941758e-01, 4.10380124355427571883001804341002562985e+00, 8.80203555703861054922231532081598437367e-01, -7.2194563002468588e-01, 7.0583091718650144e-01
0.99957000, 2.38833045690631539636864077864140404559e+00, -7.12913338470768809790766026130051354124e-01, 2.71865996333597123365043166357342463827e+01, 4.12778135097391112931928274873889155831e-01, 4.10378529216309539712229393966469873123e+00, 8.80195162065262145304131579652352148904e-01, -7.2198119917541371e-01, 7.0572966275346613e-01
0.99958000, 2.38833608218501581364245555456300086408e+00, -7.12899950885366032962905478160762823993e-01, 2.71865817083988241041633202397015491234e+01, 4.12778222806549304663615893156264140950e-01, 4.10376934081672614298286519581214742598e+00, 8.80186767063425829492444848828495619196e-01, -7.2201675118914157e-01, 7.0562840520717945e-01
0.99959000, 2.38834170667905981921935668259318225589e+00, -7.12886562652170016396000138283929510277e-01, 2.71865637835678989187360881562385063088e+01, 4.12778309828730843867036539915570445178e-01, 4.10375338951539804880257799681664605523e+00, 8.80178370698279416820091409673158674157e-01, -7.2205228606530699e-01, 7.0552714455169295e-01
0.99960000, 2.38834733038829218513671903587396046088e+00, -7.12873173771284934702692484497660149512e-01, 2.71865458588670654751647530089701464522e+01, 4.12778396163950906736535186624161182446e-01, 4.10373743825934124889423349990982939183e+00, 8.80169972969750274862966925222531918440e-01, -7.2208780380334885e-01, 7.0542588079105833e-01
0.99961000, 2.38835295331255769890460536923847437102e+00, -7.12859784242815017250792696711165412767e-01, 2.71865279342964524738404722863774795557e+01, 4.12778481812224708221118963563621030338e-01, 4.10372148704878591947474214190000435326e+00, 8.80161573877765829464092176719709523249e-01, -7.2212330440270731e-01, 7.0532461392932749e-01
0.99962000, 2.38835857545170116352977578207559101289e+00, -7.12846394066864548164161279037724707337e-01, 2.71865100098561886205885035437029018757e+01, 4.12778566773567502031308418813100105616e-01, 4.10370553588396227864726282065497334255e+00, 8.80153173422253564757757361720304180385e-01, -7.2215878786282383e-01, 7.0522334397055249e-01
0.99963000, 2.38836419680556739753970145376276806036e+00, -7.12833003243537866323579563384364059620e-01, 2.71864920855464026266532738117301553206e+01, 4.12778651047994580645982215834839444779e-01, 4.10368958476510058638332695113825107337e+00, 8.80144771603141023193661154837315562422e-01, -7.2219425418314119e-01, 7.0512207091878558e-01
0.99964000, 2.38836981737400123500658264501542812123e+00, -7.12819611772939365367608089485692368432e-01, 2.71864741613672232086834432154137008306e+01, 4.12778734635521275319215264909554949435e-01, 4.10367363369243114450494739638588897891e+00, 8.80136368420355805561044520890863069635e-01, -7.2222970336310344e-01, 7.0502079477807918e-01
0.99965000, 2.38837543715684752557137095849628700173e+00, -7.12806219655173493693432856533076694040e-01, 2.71864562373187790887169628053363492826e+01, 4.12778817536162956087110283675491238425e-01, 4.10365768266618429666671227381845671060e+00, 8.80127963873825571012819270226528515759e-01, -7.2226513540215598e-01, 7.0491951555248587e-01
0.99966000, 2.38838105615395113446779585202327154102e+00, -7.12792826890344754457699441554075298802e-01, 2.71864383134011989941661266049779776222e+01, 4.12778899749935031774622782026104881155e-01, 4.10364173168659042833786363729006879899e+00, 8.80119557963478037089691345964194711024e-01, -7.2230055029974548e-01, 7.0481823324605843e-01
0.99967000, 2.38838667436515694254639539770985792734e+00, -7.12779433478557705577334979700789879795e-01, 2.71864203896146116578026178767821420580e+01, 4.12778981276852950002379466622487970292e-01, 4.10362578075387996678436103528368627050e+00, 8.80111150689240979744278832937411646213e-01, -7.2233594805531991e-01, 7.0471694786284981e-01
0.99968000, 2.38839229179030984629855128036685866442e+00, -7.12766039419916959730358001609545831646e-01, 2.71864024659591458177425496100113842400e+01, 4.12779062116932197193490060277797927707e-01, 4.10360982986828338105092994566926788697e+00, 8.80102742051042233365224678081473169840e-01, -7.2237132866832857e-01, 7.0461565940691312e-01
0.99969000, 2.38839790842925475788052802848988555404e+00, -7.12752644714527184356676122998061448280e-01, 2.71863845424349302174314992333860103995e+01, 4.12779142270188298580352531472117825953e-01, 4.10359387903003118194309508744869369510e+00, 8.80094332048809690801304112026543686095e-01, -7.2240669213822205e-01, 7.0451436788230164e-01
0.99970000, 2.38840352428183660513751647115191720470e+00, -7.12739249362493101658871581670023714847e-01, 2.71863666190420936056295375555051074378e+01, 4.12779221736636818211451729257333349569e-01, 4.10357792823935392200919860991873473677e+00, 8.80085920682471303385526761650336487939e-01, -7.2244203846445223e-01, 7.0441307329306884e-01
0.99971000, 2.38840913934790033162768141411560266977e+00, -7.12725853363919488602974617100749755056e-01, 2.71863486957807647363962519360525439141e+01, 4.12779300516293358958151418812777816798e-01, 4.10356197749648219552240315969069707404e+00, 8.80077507951955080959233443343012881863e-01, -7.2247736764647230e-01, 7.0431177564326836e-01
0.99972000, 2.38841475362729089664621352847513786786e+00, -7.12712456718911176919224687781379083860e-01, 2.71863307726510723690757636907946877993e+01, 4.12779378609173562521479712913565433664e-01, 4.10354602680164663846267982601272572106e+00, 8.80069093857189091896187626735144262336e-01, -7.2251267968373678e-01, 7.0421047493695400e-01
0.99973000, 2.38842036711985327524938544513275844637e+00, -7.12699059427573053102819521502812570275e-01, 2.71863128496531452682817397333805567260e+01, 4.12779456015293109438907894574705159643e-01, 4.10353007615507792849878096484811464434e+00, 8.80060678398101463126661558637757759002e-01, -7.2254797457570146e-01, 7.0410917117817973e-01
0.99974000, 2.38842597982543245827861204841010172159e+00, -7.12685661490010058414651993764389439467e-01, 2.71862949267871122038823984569591002745e+01, 4.12779532734667719091122626135263227977e-01, 4.10351412555700678497019790217033268945e+00, 8.80052261574620380161517036941670012310e-01, -7.2258325232182344e-01, 7.0400786437099970e-01
0.99975000, 2.38843159174387345238451496208990127062e+00, -7.12672262906327188882034829496073736327e-01, 2.71862770040531019509855098586322975850e+01, 4.12779608767313149708791540048021484990e-01, 4.10349817500766396886910351694284211181e+00, 8.80043843386674087116280824221503037512e-01, -7.2261851292156115e-01, 7.0390655451946822e-01
0.99976000, 2.38843720287502128005099122117869066425e+00, -7.12658863676629495299413123286706434059e-01, 2.71862590814512432899233899097667372770e+01, 4.12779684113245198379322206641261292170e-01, 4.10348222450728028282227970425915632748e+00, 8.80035423834190886735214690787971017027e-01, -7.2265375637437428e-01, 7.0380524162763979e-01
0.99977000, 2.38844281321872097961928612267640772309e+00, -7.12645463801022083229064673314668800095e-01, 2.71862411589816650062378891751903302822e+01, 4.12779758772479701053614474120488773134e-01, 4.10346627405608657107302971912595655379e+00, 8.80027002917099140415380076930227220942e-01, -7.2268898267972386e-01, 7.0370392569956905e-01
0.99978000, 2.38844842277481760531207024863400755399e+00, -7.12632063279610113001788124181096727209e-01, 2.71862232366444958906653756843047897570e+01, 4.12779832745032532552806176079106685601e-01, 4.10345032365431371946307540137946317312e+00, 8.80018580635327268230697364088266099156e-01, -7.2272419183707221e-01, 7.0360260673931082e-01
0.99979000, 2.38845403154315622725752065477541148570e+00, -7.12618662112498799717578913849584499471e-01, 2.71862053144398647391217120571484957274e+01, 4.12779906030919606575012201788231156968e-01, 4.10343437330219265541443928223263692482e+00, 8.80010156988803748955999744693586920313e-01, -7.2275938384588295e-01, 7.0350128475092009e-01
0.99980000, 2.38845963952358193151340621795533987686e+00, -7.12605260299793413246293019900119889876e-01, 2.71861873923679003526872268884483455373e+01, 4.12779978630156875702056924537047941709e-01, 4.10341842299995434791131157295816740312e+00, 8.80001731977457120091081680414542156310e-01, -7.2279455870562102e-01, 7.0339995973845202e-01
0.99981000, 2.38846524671593982009117713571979961907e+00, -7.12591857841599278228298500308800578469e-01, 2.71861694704287315375916803927031745072e+01, 4.12780050542760331406199983296302740391e-01, 4.10340247274782980748190203621959181156e+00, 8.79993305601215977884741938541016130897e-01, -7.2282971641575266e-01, 7.0329863170596193e-01
0.99982000, 2.38847085312007501098005857123122200869e+00, -7.12578454738021774075114823968694635895e-01, 2.71861515486224871051992243133453144711e+01, 4.12780121768746004056855412978723464363e-01, 4.10338652254605008618027674057027549027e+00, 8.79984877860008977358821196241307270710e-01, -7.2286485697574538e-01, 7.0319730065750530e-01
0.99983000, 2.38847645873583263817114843681547351740e+00, -7.12565050989166334970039986171025236767e-01, 2.71861336269492958719933560990308410365e+01, 4.12780192308129962927304118571379137832e-01, 4.10337057239484627756817969864737738987e+00, 8.79976448753764832332234202422320621126e-01, -7.2289998038506805e-01, 7.0309596659713779e-01
0.99984000, 2.38848206356305785168151930938319085769e+00, -7.12551646595138449868765404269681849466e-01, 2.71861157054092866595618673501130435011e+01, 4.12780262160928316201399688416190400895e-01, 4.10335462229444951669683938959531840821e+00, 8.79968018282412315444996486922416121546e-01, -7.2293508664319081e-01, 7.0299462952891521e-01
0.99985000, 2.38848766760159581757832447097312262033e+00, -7.12538241556043662499978588755886893190e-01, 2.71860977840025882945817865383576343660e+01, 4.12780331327157210980267541916020313852e-01, 4.10333867224509098008876016626066833158e+00, 8.79959586445880258182245606764502479244e-01, -7.2297017574958511e-01, 7.0289328945689355e-01
0.99986000, 2.38849327085129171800290806766039266107e+00, -7.12524835871987571365953584973678258571e-01, 2.71860798627293296088043160029621982911e+01, 4.12780399806832833288997406944991365480e-01, 4.10332272224700188571949854770776802470e+00, 8.79951153244097550898256919195216341788e-01, -7.2300524770372370e-01, 7.0279194638512894e-01
0.99987000, 2.38849887331199075119491938006783533751e+00, -7.12511429543075829743129180710704154275e-01, 2.71860619415896394390397632259463631574e+01, 4.12780467599971408083329122242895256728e-01, 4.10330677230041349299942439761180749099e+00, 8.79942718676993142840453871234281849223e-01, -7.2304030250508065e-01, 7.0269060031767770e-01
0.99988000, 2.38850447498353813151643119871378964944e+00, -7.12498022569414145682674874902667467975e-01, 2.71860440205836466271424663899831586166e+01, 4.12780534706589199256331760074786167165e-01, 4.10329082240555710275546698909348747076e+00, 8.79934282744496042173412795456406552839e-01, -7.2307534015313131e-01, 7.0258925125859629e-01
0.99989000, 2.38851007586577908947606229742497832129e+00, -7.12484614951108282011044602693602215220e-01, 2.71860260997114800199957142217460101242e+01, 4.12780601126702509645076064438075815159e-01, 4.10327487256266405721284595656680235731e+00, 8.79925845446535316002862201726336121400e-01, -7.2311036064735237e-01, 7.0248789921194135e-01
0.99990000, 2.38851567595855887175310399803833888772e+00, -7.12471206688264056330518212098014693269e-01, 2.71860081789732684694966601238497989647e+01, 4.12780666860327681037300200100679695050e-01, 4.10325892277196573997678713517889538426e+00, 8.79917406783040090399676554605962222246e-01, -7.2314536398722180e-01, 7.0238654418176967e-01
0.99991000, 2.38852127526172274122165081961091690881e+00, -7.12457797780987341019730687514776658214e-01, 2.71859902583691408325412305984684011837e+01, 4.12780731907481094178068807754998416077e-01, 4.10324297303369357601422328842835326826e+00, 8.79908966753939550423864526150655467709e-01, -7.2318035017221888e-01, 7.0228518617213819e-01
0.99992000, 2.38852687377511597697473520535217655264e+00, -7.12444388229384063234189115346517201974e-01, 2.71859723378992259710090279657151006313e+01, 4.12780796268179168776425360573756079312e-01, 4.10322702334807903163547972455572677492e+00, 8.79900525359162940148551713810278360857e-01, -7.2321531920182418e-01, 7.0218382518710404e-01
0.99993000, 2.38853247149858387434846632048833094637e+00, -7.12430978033560204906777386982124020157e-01, 2.71859544175636527517482273798762535070e+01, 4.12780859942438363512037817454959111126e-01, 4.10321107371535361447594480230748600890e+00, 8.79892082598639562683957813148621762724e-01, -7.2325027107551961e-01, 7.0208246123072449e-01
0.99994000, 2.38853806843197174494617291426354391557e+00, -7.12417567193621802748248634403833431770e-01, 2.71859364973625500465604681465925638562e+01, 4.12780922930275176041837568244483925282e-01, 4.10319512413574887347772532668204460628e+00, 8.79883638472298780201368235093302539859e-01, -7.2328520579278835e-01, 7.0198109430705696e-01
0.99995000, 2.38854366457512491666255023927810601143e+00, -7.12404155709674948247705393684261836414e-01, 2.71859185772960467321857393440863114141e+01, 4.12780985231706143006651666226050211573e-01, 4.10317917460949639887128683527391542596e+00, 8.79875192980070013957100157426459740357e-01, -7.2332012335311490e-01, 7.0187972442015906e-01
0.99996000, 2.38854925992788873370781102135894106989e+00, -7.12390743581825787673067491642609273308e-01, 2.71859006573642716902872597515368550129e+01, 4.12781046846747840037828343169588547533e-01, 4.10316322513682782215707877583949179120e+00, 8.79866746121882744316463000224891892443e-01, -7.2335502375598508e-01, 7.0177835157408852e-01
0.99997000, 2.38855485449010855663184047315305496115e+00, -7.12377330810180522071527650933148378351e-01, 2.71858827375673538074363520877107164650e+01, 4.12781107775416881763855802230266401871e-01, 4.10314727571797481608714457571538281951e+00, 8.79858297897666510777713314956588826229e-01, -7.2338990700088599e-01, 7.0167697577290325e-01
0.99997500, 2.38855765147471614994405708341587864392e+00, -7.12370624182967552691734011888740952284e-01, 2.71858737777195065790456121114520797803e+01, 4.12781137982366859623748925622911858319e-01, 4.10313930102880156105399741769778775120e+00, 8.79854073273275529814810564002534964278e-01, -7.2340734218893805e-01, 7.0162628676541073e-01
0.99998000, 2.38856044826162976234835534462979567668e+00, -7.12363917394845407269994808842999319855e-01, 2.71858648179054219750973115629565313985e+01, 4.12781168017729921816974283991695444712e-01, 4.10313132635316909464671660372766889397e+00, 8.79849848307350911996004076938927790432e-01, -7.2342477308730605e-01, 7.0157559702066132e-01
0.99998500, 2.38856324485083006851976278367724459901e+00, -7.12357210445827376344075033003466850772e-01, 2.71858558581251161077865308596772458722e+01, 4.12781197881508156142981850960024382799e-01, 4.10312335169110638755311989698257563890e+00, 8.79845622999883866400381302843269603017e-01, -7.2344219969592624e-01, 7.0152490653916229e-01
0.99999000, 2.38856604124229774415906700367305346854e+00, -7.12350503335926753875525145080083229618e-01, 2.71858468983786050896122687476791349564e+01, 4.12781227573703652839781400948105401075e-01, 4.10311537704264241303579602523788386824e+00, 8.79841397350865605807328370862125575675e-01, -7.2345962201473497e-01, 7.0147421532142094e-01
0.99999100, 2.38856660049686166315700294571024067218e+00, -7.12349161894641888506351249927039976106e-01, 2.71858451064333596857950783051339320329e+01, 4.12781233491553007776268004732563558865e-01, 4.10311378211458401586982158762113703148e+00, 8.79840552180075034874157402410381516319e-01, -7.2346310596371375e-01, 7.0146407698956823e-01
0.99999200, 2.38856715974351534941820748563577018824e+00, -7.12347820446922357755446962523695654159e-01, 2.71858433144894668493583515687488026930e+01, 4.12781239402539153659973477290605382288e-01, 4.10311218718707095885118255468033723226e+00, 8.79839706995621993738071434589773402915e-01, -7.2346658974109701e-01, 7.0145393862829018e-01
0.99999300, 2.38856771898225864836307237167182977014e+00, -7.12346478992768268023807442320082814927e-01, 2.71858415225469267092064478638583373686e+01, 4.12781245306662107247921113690927306317e-01, 4.10311059226010347380304526931859902827e+00, 8.79838861797506412154604217415600715628e-01, -7.2347007334688426e-01, 7.0144380023759085e-01
0.99999400, 2.38856827821309140541363346872922125742e+00, -7.12345137532179725717905954190881312844e-01, 2.71858397306057393942442109672587475581e+01, 4.12781251203921885301036695652494559247e-01, 4.10310899733368179255269349381873613027e+00, 8.79838016585728219885212850639257461417e-01, -7.2347355678107497e-01, 7.0143366181747429e-01
0.99999500, 2.38856883743601346599357100014865608688e+00, -7.12343796065156837249693872407460107350e-01, 2.71858379386659050333769689556804081948e+01, 4.12781257094318504584148557412535241528e-01, 4.10310740240780614693152822522640563957e+00, 8.79837171360287346697278023030386907422e-01, -7.2347704004366866e-01, 7.0142352336794457e-01
0.99999600, 2.38856939665102467552820978944605835882e+00, -7.12342454591699709036600684597612508439e-01, 2.71858361467274237555105340542547267975e+01, 4.12781262977851981865987651587787325025e-01, 4.10310580748247676877506751071814760431e+00, 8.79836326121183722364104251653395390029e-01, -7.2348052313466480e-01, 7.0141338488900573e-01
0.99999700, 2.38856995585812487944451950206187477493e+00, -7.12341113111808447501533995692984395632e-01, 2.71858343547902956895512024849753397183e+01, 4.12781268854522333919187615028998102703e-01, 4.10310421255769388992294626295431996212e+00, 8.79835480868417276664920121138324169343e-01, -7.2348400605406289e-01, 7.0140324638066185e-01
0.99999800, 2.38857051505731392317111488711439076384e+00, -7.12339771625483159072879531864194939994e-01, 2.71858325628545209644057543151536357990e+01, 4.12781274724329577520284834668675618687e-01, 4.10310261763345774221891607541692893657e+00, 8.79834635601987939384878522946078298753e-01, -7.2348748880186243e-01, 7.0139310784291697e-01
0.99999900, 2.38857107424859165213825601915705211068e+00, -7.12338430132723950184501144443649358875e-01, 2.71858307709200997089814533058686077510e+01, 4.12781280587273729449718513362091608714e-01, 4.10310102270976855751084503773235495506e+00, 8.79833790321895640315056894628011479296e-01, -7.2349097137806290e-01, 7.0138296927577517e-01
