0.00000000, 2.02459062427070100175840827175068392290e+00, -1.89741032163219023961704249253079889794e-01, 2.80000000000000000000000000000000000000e+01, 0.00000000000000000000000000000000000000e+00, 4.07970148172022912590518640753260843329e+00, 3.03104814582447164473156372627936189580e-01, -2.0166266332139385e-02, -1.8035744110503911e-02
0.00100000, 2.02473310359517067152831986748768200602e+00, -1.89740631421913994776900265739916019767e-01, 2.79997296394973419279895226785780722177e+01, 2.53736438580252843410377093115424848456e-05, 4.07959018311867844216815682263161705957e+00, 3.03112141747066938097103716012766195398e-01, -2.0166128532480657e-02, -1.8052674327817275e-02
0.00200000, 2.02487588717075297589874525397524068392e+00, -1.89740203201883197769747957302192401211e-01, 2.79994584485485082428759675251164414210e+01, 5.08969705789818147835691889185098120888e-05, 4.07947855156168817954389314457790116874e+00, 3.03119486979869966852006722931155845287e-01, -2.0165960528440635e-02, -1.8069655184471752e-02
0.00300000, 2.02501897522496642497798822476970644599e+00, -1.89739747481791652197810363154344791990e-01, 2.79991864267413321810885391932955344181e+01, 7.65699857309342722227637520107454702999e-05, 4.07936658672792952886757066433922461059e+00, 3.03126850327690568694268312847198108322e-01, -2.0165762201991714e-02, -1.8086686737864044e-02
0.00400000, 2.02516236798625401342620858152198604463e+00, -1.89739264240115535876363732094433422759e-01, 2.79989135736620858013981321787848763044e+01, 1.02392694858391153970556784633703892468e-04, 4.07925428829464896280950953097619710269e+00, 3.03134231837597553819849427401070712623e-01, -2.0165533434509057e-02, -1.8103769045442855e-02
0.00500000, 2.02530606568398509138584511040680037156e+00, -1.89738753455141846320251199449257945489e-01, 2.79986398888954773001777821795441829315e+01, 1.28365103482097847367436972183299637595e-04, 4.07914165593766589205913095385758360908e+00, 3.03141631556895611521716993006741359600e-01, -2.0165274106768365e-02, -1.8120902164708063e-02
0.00600000, 2.02545006854845724592026617817016823026e+00, -1.89738215104968058725276766456302814525e-01, 2.79983653720246483123278122401423621306e+01, 1.54487217098827770727845903708858559561e-04, 4.07902868933137031014510435955524772889e+00, 3.03149049533126701594570185622111431628e-01, -2.0164984098943642e-02, -1.8138086153209884e-02
0.00700000, 2.02559437681089819299950382497950119294e+00, -1.89737649167501780778640915002229856572e-01, 2.79980900226311711978169702736374104509e+01, 1.80759041181171573690585685739273002765e-04, 4.07891538814872042688848394389921839754e+00, 3.03156485814071450288534048782880324054e-01, -2.0164663290604936e-02, -1.8155321068548023e-02
0.00800000, 2.02573899070346768007220058222494768166e+00, -1.89737055620460404287812274408478739859e-01, 2.79978138402950463137905222113975013587e+01, 2.07180581177324388968119622272967233092e-04, 4.07880175206124029048555184105455723891e+00, 3.03163940447750550813216604045806261302e-01, -2.0164311560716085e-02, -1.8172606968370827e-02
0.00900000, 2.02588391045925939926317312681895058639e+00, -1.89736434441370753617122284650285498757e-01, 2.79975368245946992721959309239830071399e+01, 2.33751842510871127410701667669142250946e-04, 4.07868778073901739821700323853447886478e+00, 3.03171413482426168393228268875350561031e-01, -2.0163928787632436e-02, -1.8189943910374418e-02
0.01000000, 2.02602913631230291123627331230537893379e+00, -1.89735785607568730921261765795336496294e-01, 2.79972589751069781828764151702027724725e+01, 2.60472830580569808222877485318604345695e-04, 4.07857347385070029578002616930968213800e+00, 3.03178904966603349875960610395886138755e-01, -2.0163514849098564e-02, -1.8207331952301819e-02
0.01100000, 2.02617466849756557976250510425064755805e+00, -1.89735109096198958164749700286179866867e-01, 2.79969802914071508820823451519504055128e+01, 2.87343550760132916091058761874059232840e-04, 4.07845883106349616523974537862309551887e+00, 3.03186414949031437892115163546581773027e-01, -2.0163069622245975e-02, -1.8224771151942083e-02
0.01200000, 2.02632050725095451703363550607709723304e+00, -1.89734404884214415916335356654285813166e-01, 2.79967007730689021463500917645541127691e+01, 3.14364008398006776901578112607050928801e-04, 4.07834385204316840159641556226529705669e+00, 3.03193943478705489569162177803100347188e-01, -2.0162592983590799e-02, -1.8242261567129395e-02
0.01300000, 2.02646665280931853976181870494426340621e+00, -1.89733672948376078907185123984610854301e-01, 2.79964204196643308916976053211637524366e+01, 3.41534208817148943648879609224743531966e-04, 4.07822853645403417796466437287598304461e+00, 3.03201490604867699797593676110867971685e-01, -2.0162084809031466e-02, -1.8259803255742180e-02
0.01400000, 2.02661310541045013610603540881874406423e+00, -1.89732913265252548341595079541900940233e-01, 2.79961392307639473580856563800679550927e+01, 3.68854157314803584053284770841036535659e-04, 4.07811288395896199936099985874445554230e+00, 3.03209056377008829049515060904163353792e-01, -2.0161544973846384e-02, -1.8277396275702194e-02
0.01500000, 2.02675986529308744346643369893295611192e+00, -1.89732125811219680948859370970301984304e-01, 2.79958572059366702790933263005874783474e+01, 3.96323859162274861327090847444348716783e-04, 4.07799689421936924509571040247870503746e+00, 3.03216640844869635748794632510376873159e-01, -2.0160973352691586e-02, -1.8295040684973609e-02
0.01600000, 2.02690693269691623718794369995546746994e+00, -1.89731310562460214764812952884406058568e-01, 2.79955743447498240367559882810209277136e+01, 4.23943319604698299446602420451577359111e-04, 4.07788056689521969976519773113972964300e+00, 3.03224244058442313191660741855367067669e-01, -2.0160369819598386e-02, -1.8312736541562088e-02
0.01700000, 2.02705430786257193021482598702370653264e+00, -1.89730467494963391631455068932066874784e-01, 2.79952906467691358015136708756043778917e+01, 4.51712543860810124206063735260815045166e-04, 4.07776390164502107284069514077835252216e+00, 3.03231866067971931016301828736609515452e-01, -2.0159734247971005e-02, -1.8330483903513850e-02
0.01800000, 2.02720199103164158373810291807218679371e+00, -1.89729596584524576402947107927143443366e-01, 2.79950061115587326572173453310512252064e+01, 4.79631537122714571247342715292542063621e-04, 4.07764689812582250684923368198234508099e+00, 3.03239506923957881219685245103064227128e-01, -2.0159066510584199e-02, -1.8348282828914729e-02
0.01900000, 2.02734998244666592887811301548109735533e+00, -1.89728697806744872846165079773706162827e-01, 2.79947207386811387111403255113107974527e+01, 5.07700304555649152176613195253138694455e-04, 4.07752955599321207414262865368330841581e+00, 3.03247166677155328719466475403965672124e-01, -2.0158366479580869e-02, -1.8366133375889217e-02
0.02000000, 2.02749828235114139944472113693405720220e+00, -1.89727771137030736223872946931446805639e-01, 2.79944345276972721889416146759547574038e+01, 5.35918851297747869796184422441928528592e-04, 4.07741187490131426225016731414291581888e+00, 3.03254845378576666458511088312721561407e-01, -2.0157634026469658e-02, -1.8384035602599509e-02
0.02100000, 2.02764689098952217581801148558163548289e+00, -1.89726816550593582548468403353095902731e-01, 2.79941474781664425145276769271818417510e+01, 5.64287182459802373396031137316980364891e-04, 4.07729385450278744781058620420174315877e+00, 3.03262543079492975049197430704311937777e-01, -2.0156869022122541e-02, -1.8401989567244522e-02
0.02200000, 2.02779580860722223999258652834036329549e+00, -1.89725834022449394494137408354715704574e-01, 2.79938595896463473747587527268172683774e+01, 5.92805303125021044965478345505196862748e-04, 4.07717549444882135907883285139477027235e+00, 3.03270259831435486954308649908202304589e-01, -2.0156071336772399e-02, -1.8419995328058922e-02
0.02300000, 2.02794503545061744182889263270778896982e+00, -1.89724823527418323955137850902454429114e-01, 2.79935708616930697689454774917459531722e+01, 6.21473218348786007100886978578896946983e-04, 4.07705679438913452700301184666940025957e+00, 3.03277995686197055200958047750526370290e-01, -2.0155240840010580e-02, -1.8438052943312128e-02
0.02400000, 2.02809457176704757655529271124706011791e+00, -1.89723785040124291237816133405241901134e-01, 2.79932812938610750430811998877094974131e+01, 6.50290933158408043300064713644044088697e-04, 4.07693775397197172486681931981912973068e+00, 3.03285750695833626623621973047228799045e-01, -2.0154377400784457e-02, -1.8456162471307313e-02
0.02500000, 2.02824441780481847356490739340707586247e+00, -1.89722718534994580873843216328740874820e-01, 2.79929908857032079087550320409438051837e+01, 6.79258452552879421248484942848538321709e-04, 4.07681837284410139649267264637528599278e+00, 3.03293524912665719631979390851316602312e-01, -2.0153480887394962e-02, -1.8474323970380396e-02
0.02600000, 2.02839457381320409655154924122820450330e+00, -1.89721623986259434042038748774002973506e-01, 2.79926996367706894466902974582411058208e+01, 7.08375781502624609616230870910140016525e-04, 4.07669865065081307300064375794967552420e+00, 3.03301318389279906498876869256850823305e-01, -2.0152551167494114e-02, -1.8492537498899015e-02
0.02700000, 2.02854504004244865502937930348603435140e+00, -1.89720501367951637586033318522024058295e-01, 2.79924075466131140948526739720656858594e+01, 7.37642924949248878797885545597949642542e-04, 4.07657858703591477811820465961509409913e+00, 3.03309131178530300163351939809431762796e-01, -2.0151588108082536e-02, -1.8510803115261505e-02
0.02800000, 2.02869581674376872728122187681025195340e+00, -1.89719350653906109614899580804357734753e-01, 2.79921146147784466210719584915888089784e+01, 7.67059887805284775940356822511095428997e-04, 4.07645818164173042203569264091495123043e+00, 3.03316963333540045543256556980387882998e-01, -2.0150591575506960e-02, -1.8529120877895851e-02
0.02900000, 2.02884690416935539478078172726381007120e+00, -1.89718171817759481673763061035369707824e-01, 2.79918208408130190801210077260593489660e+01, 7.96626674953936464515853316516244872865e-04, 4.07633743410909718380230015990876072721e+00, 3.03324814907702815351625646663450599760e-01, -2.0149561435457711e-02, -1.8547490845258641e-02
0.03000000, 2.02899830257237638813431823687916056564e+00, -1.89716964832949677471282765691809800999e-01, 2.79915262242615277551950343367877565558e+01, 8.26343291248821918608907737643877203821e-04, 4.07621634407736288225729044001281474994e+00, 3.03332685954684310410533433701278618885e-01, -2.0148497552966193e-02, -1.8565913075834003e-02
0.03100000, 2.02915001220697824458764299194357581303e+00, -1.89715729672715488150770370150646439274e-01, 2.79912307646670300837340611510569913833e+01, 8.56209741513712961997472043166496273218e-04, 4.07609491118438333549103440432600759572e+00, 3.03340576528423764455772314014857742593e-01, -2.0147399792402353e-02, -1.8584387628132537e-02
0.03200000, 2.02930203332828847714462123874572994533e+00, -1.89714466310096144091594675238666797839e-01, 2.79909344615709415675309571182182562910e+01, 8.86226030542273142018678907774882076802e-04, 4.07597313506651970883035763798583954475e+00, 3.03348486683135453425275427476889752449e-01, -2.0146268017472133e-02, -1.8602914560690231e-02
0.03300000, 2.02945436619241775534367341350439015795e+00, -1.89713174717930883227395228090236000947e-01, 2.79906373145130326670670975876821844236e+01, 9.16392163097793428119870421198257274389e-04, 4.07585101535863585134257757152081468310e+00, 3.03356416473310209223784732239544603148e-01, -2.0145102091214913e-02, -1.8621493932067368e-02
0.03400000, 2.02960701105646209773909062188448744114e+00, -1.89711854868858515867505480176101912135e-01, 2.79903393230314256800173082229437948196e+01, 9.46708143912925724904931920887146716892e-04, 4.07572855169409562085250097207977140210e+00, 3.03364365953716937955841218307699071055e-01, -2.0143901876000942e-02, -1.8640125800847429e-02
0.03500000, 2.02975996817850507613429751557800121386e+00, -1.89710506735316986007861598519027096163e-01, 2.79900404866625916038653664175128172207e+01, 9.77173977689414189394830662190074719166e-04, 4.07560574370476019746654006902832194954e+00, 3.03372335179404142618742865761106281368e-01, -2.0142667233528752e-02, -1.8658810225635973e-02
0.03600000, 2.02991323781762003161451750472503876074e+00, -1.89709130289542929117548047552943732943e-01, 2.79897408049413469825709464298538592614e+01, 1.00778966909782434212953977703876117817e-03, 4.07548259102098538559799217917456850373e+00, 3.03380324205701450246678988700925217569e-01, -2.0141398024822563e-02, -1.8677547265059518e-02
0.03700000, 2.03006682023387230242661867143952763386e+00, -1.89707725503571226387005311150979606538e-01, 2.79894402774008507372285045872291807280e+01, 1.03855522277726996164622178271763048299e-03, 4.07535909327161890448741248754212147736e+00, 3.03388333088221143496806646762061903094e-01, -2.0140094110229674e-02, -1.8696336977764405e-02
0.03800000, 2.03022071568832146375424412747790839971e+00, -1.89706292349234555423798619321190380452e-01, 2.79891389035726009806582088045968968881e+01, 1.06947064333513775177564683344710277897e-03, 4.07523525008399766721189263411364698448e+00, 3.03396361882859696667585788431808458887e-01, -2.0138755349417844e-02, -1.8715179422415654e-02
0.03900000, 2.03037492444302357943665790437175896525e+00, -1.89704830798162937381719274160897827079e-01, 2.79888366829864318158686223062247554596e+01, 1.10053593534680977110532296770715912540e-03, 4.07511106108394504817693890652152523670e+00, 3.03404410645799316139234650489242916727e-01, -2.0137381601372656e-02, -1.8734074657695802e-02
0.04000000, 2.03052944676103346568006679349112721295e+00, -1.89703340821783280508862127020824933031e-01, 2.79885336151705101183304548060674962735e+01, 1.13175110335538361386371275117650194116e-03, 4.07498652589576813908452309368511091586e+00, 3.03412479433509485225705611172056504570e-01, -2.0135972724394872e-02, -1.8753022742303742e-02
0.04100000, 2.03068428290640696681050988300160287815e+00, -1.89701822391318920100193935543546157551e-01, 2.79882296996513323020002954797138737539e+01, 1.16311615187139033138519685524475365737e-03, 4.07486164414225499337075636551967874410e+00, 3.03420568302748513427114116230987474807e-01, -2.0134528576097772e-02, -1.8772023734953544e-02
0.04200000, 2.03083943314420324311774088514561844753e+00, -1.89700275477789154839997717326349010973e-01, 2.79879249359537210690328408271823498727e+01, 1.19463108537251008322011409873434383367e-03, 4.07473641544467185910651185790428702190e+00, 3.03428677310565090071079401388225009428e-01, -2.0133049013404482e-02, -1.8791077694373258e-02
0.04300000, 2.03099489774048707083986372747293921106e+00, -1.89698700052008779519447808369288437720e-01, 2.79876193236008221431197269632304675943e+01, 1.22629590830328550685825311769412343189e-03, 4.07461083942276040035419490811801794132e+00, 3.03436806514299842330955455913180514032e-01, -2.0131533892545290e-02, -1.8810184679303722e-02
0.04400000, 2.03115067696233115433881931245893772120e+00, -1.89697096084587614114439121090736896639e-01, 2.79873128621141009863926699611923482153e+01, 1.25811062507483279493758686372934235200e-03, 4.07448491569473490697373105113829763618e+00, 3.03444955971586897608443943600475688227e-01, -2.0129983069054949e-02, -1.8829344748497342e-02
0.04500000, 2.03130677107781845051716084841189646322e+00, -1.89695463545930029208662070342912141424e-01, 2.79870055510133394998282095985726695655e+01, 1.29007524006455046871282126041558218924e-03, 4.07435864387727949287071089791028164892e+00, 3.03453125740355450267587552408454106989e-01, -2.0128396397769962e-02, -1.8848557960716871e-02
0.04600000, 2.03146318035604450552689673785115130716e+00, -1.89693802406234467746781788287829016394e-01, 2.79866973898166327070909411884541587131e+01, 1.32218975761582583646046721066648393638e-03, 4.07423202358554528267949781846724588450e+00, 3.03461315878831332706642414912266202359e-01, -2.0126773732825862e-02, -1.8867824374734175e-02
0.04700000, 2.03161990506711980382152369494571879519e+00, -1.89692112635492963102446571879509085748e-01, 2.79863883780403854217517071108171156473e+01, 1.35445418203773912539863433127841806380e-03, 4.07410505443314758687396889027720547912e+00, 3.03469526445538590753821760555306843484e-01, -2.0125114927654473e-02, -1.8887144049328982e-02
0.04800000, 2.03177694548217212960271856858930934814e+00, -1.89690394203490653445715991650437224638e-01, 2.79860785151993088978168041625680882152e+01, 1.38686851760476527560057882445456704922e-03, 4.07397773603216306529842178921156015307e+00, 3.03477757499301063372389758948398596808e-01, -2.0123419834981159e-02, -1.8906517043287622e-02
0.04900000, 2.03193430187334894071350528984671301883e+00, -1.89688647079805292394363729057416241071e-01, 2.79857678008064174635038449047196267901e+01, 1.41943276855647338428121025387793672177e-03, 4.07385006799312687911104013999887117812e+00, 3.03486009099243966660064522158540346570e-01, -2.0121688306822062e-02, -1.8925943415401762e-02
0.05000000, 2.03209197451381975503006345957750073952e+00, -1.89686871233806755933373993270451096358e-01, 2.79854562343730251381994907798863936427e+01, 1.45214693909722378873526609194273778477e-03, 4.07372204992502983113216724697085491993e+00, 3.03494281304795482127162383527124530506e-01, -2.0119920194481324e-02, -1.8945423224467114e-02
0.05100000, 2.03224996367777854940469736191094134826e+00, -1.89685066634656545586813288381648487303e-01, 2.79851438154087422325338518830388377857e+01, 1.48501103339586277610469210462471267304e-03, 4.07359368143531549458949303545468873100e+00, 3.03502574175688349237381791026969746273e-01, -2.0118115348548297e-02, -1.8964956529282148e-02
0.05200000, 2.03240826964044617121283864994365361986e+00, -1.89683233251307287826121349889304994637e-01, 2.79848305434214719315059228730983906550e+01, 1.51802505558541490805091424254750454063e-03, 4.07346496212987733025211138952632040762e+00, 3.03510887771961462194584373959880699882e-01, -2.0116273618894742e-02, -1.8984543388646778e-02
0.05300000, 2.03256689267807276255731261974044823475e+00, -1.89681371052502229698726236220893823408e-01, 2.79845164179174068605939965921205151308e+01, 1.55118900976277294830514695360962981840e-03, 4.07333589161305579194525481229605468137e+00, 3.03519222153961470958382891848214208386e-01, -2.0114394854672007e-02, -1.9004183861361046e-02
0.05400000, 2.03272583306794019718345688577119508883e+00, -1.89679480006774730660748838167762113584e-01, 2.79842014384010256347845664919837982230e+01, 1.58450289998838538096664690708024175042e-03, 4.07320646948763542043736039879203341099e+00, 3.03527577382344386470790782105615742014e-01, -2.0112478904308203e-02, -1.9023878006223790e-02
0.05500000, 2.03288509108836453015904241379647087457e+00, -1.89677560082447750597421447508067021389e-01, 2.79838856043750893904527959350098930164e+01, 1.61796673028594150731488314415749367477e-03, 4.07307669535484192569096543622786960064e+00, 3.03535953518077190075625816387432657077e-01, -2.0110525615505354e-02, -1.9043625882031296e-02
0.05600000, 2.03304466701869846037331027455976989042e+00, -1.89675611247633334014703496809816174500e-01, 2.79835689153406383000271968139395817140e+01, 1.65158050464205410879694770753089972834e-03, 4.07294656881433925746877246841020600283e+00, 3.03544350622439447111790881806509192433e-01, -2.0108534835236544e-02, -1.9063427547575944e-02
0.05700000, 2.03320456113933380590980317224676655606e+00, -1.89673633470232090385435136371916249095e-01, 2.79832513707969880693707217071758311067e+01, 1.68534422700593966374616785283875266252e-03, 4.07281608946422666428606231570407201075e+00, 3.03552768757024924660978049323100507358e-01, -2.0106506409743045e-02, -1.9083283061644838e-02
0.05800000, 2.03336477373170399234803879448160982684e+00, -1.89671626717932670633225942338129763078e-01, 2.79829329702417264178100329259972709570e+01, 1.71925790128909610528179494612200239127e-03, 4.07268525690103574070046926378048931054e+00, 3.03561207983743213429757803927635956849e-01, -2.0104440184531430e-02, -1.9103192483018421e-02
0.05900000, 2.03352530507828655404944234475371208974e+00, -1.89669590958211239737131742987325573437e-01, 2.79826137131707095407442683001957541333e+01, 1.75332153136497810773282897851478202385e-03, 4.07255407071972746292996535676873001922e+00, 3.03569668364821353745423515561739140139e-01, -2.0102336004370679e-02, -1.9123155870469081e-02
0.06000000, 2.03368615546260564848332827287284063027e+00, -1.89667526158330945440027298763272841641e-01, 2.79822935990780585547641773657774694804e+01, 1.78753512106866988882148409383871570286e-03, 4.07242253051368921278973038585361530626e+00, 3.03578149962805465644361851376108621473e-01, -2.0100193713289262e-02, -1.9143173282759741e-02
0.06100000, 2.03384732516923458364909623376365727724e+00, -1.89665432285341383043436366376795800625e-01, 2.79819726274561559252120527412918991002e+01, 1.82189867419655551473350237340983964359e-03, 4.07229063587473178993841068419325996052e+00, 3.03586652840562383031112793693110074320e-01, -2.0098013154572215e-02, -1.9163244778642443e-02
0.06200000, 2.03400881448379835865118369922417167464e+00, -1.89663309306078056271433508828201948691e-01, 2.79816507977956418761124298861439636910e+01, 1.85641219450598669509347303698371993505e-03, 4.07215838639308641242409315363652896851e+00, 3.03595177061281291885668158196115231860e-01, -2.0095794170758201e-02, -1.9183370416856903e-02
0.06300000, 2.03417062369297621748369744094134918341e+00, -1.89661157187161834186083871910898915521e-01, 2.79813281095854107824030741028512739425e+01, 1.89107568571494805475350481520890874871e-03, 4.07202578165740170552014098738511732638e+00, 3.03603722688475372495934927154722171460e-01, -2.0093536603636556e-02, -1.9203550256129072e-02
0.06400000, 2.03433275308450421608202831600294066947e+00, -1.89658975894998404136738024036004723060e-01, 2.79810045623126075443953165534001150612e+01, 1.92588915150171986919302307642692324201e-03, 4.07189282125474067884085424369285339603e+00, 3.03612289785983445691659246141881250813e-01, -2.0091240294244321e-02, -1.9223784355169669e-02
0.06500000, 2.03449520294717780269913843845685057910e+00, -1.89656765395777720725348840345146147290e-01, 2.79806801554626239443923411852188038236e+01, 1.96085259550453825021611283092919787845e-03, 4.07175950477057769172673169605818505213e+00, 3.03620878417971623055468502411294978803e-01, -2.0088905082863256e-02, -1.9244072772672711e-02
0.06600000, 2.03465797357085441166459693240685400268e+00, -1.89654525655473450769826294250801648001e-01, 2.79803548885190949853935617822303148694e+01, 1.99596602132125276852069640245742494541e-03, 4.07162583178879540688892016117773901224e+00, 3.03629488648934961086042431065676947124e-01, -2.0086530809016852e-02, -1.9264415567314017e-02
0.06700000, 2.03482106524645607058483005412617556980e+00, -1.89652256639842414247293889869420443977e-01, 2.79800287609638952118127628481874889540e+01, 2.03122943250898149960091269445667289529e-03, 4.07149180189168173230224371210729641306e+00, 3.03638120543699119287769603021767841555e-01, -2.0084117311467313e-02, -1.9284812797749712e-02
0.06800000, 2.03498447826597202104344356332116413587e+00, -1.89649958314424021198957317312751346100e-01, 2.79797017722771350121372096700667765423e+01, 2.06664283258376347933034586226423377251e-03, 4.07135741465992675133600774441012857973e+00, 3.03646774167422022160582857708575734592e-01, -2.0081664428212538e-02, -1.9305264522614707e-02
0.06900000, 2.03514821292246135286086983776342280206e+00, -1.89647630644539704578141729408620088033e-01, 2.79793739219371569034544616755447153808e+01, 2.10220622502020855545922703641276716270e-03, 4.07122266967261964111157170020617969800e+00, 3.03655449585595525062996174042448335600e-01, -2.0079171996483078e-02, -1.9325770800521171e-02
0.07000000, 2.03531226951005565197298938198398771351e+00, -1.89645273595292349022898812974720200061e-01, 2.79790452094205317977731490671590272082e+01, 2.13791961325114462114339565958205760540e-03, 4.07108756650724557907547929045537650456e+00, 3.03664146864047083920686045607071014545e-01, -2.0076639852739084e-02, -1.9346331690056984e-02
0.07100000, 2.03547664832396166198877610071927583748e+00, -1.89642887131565715534428550017357880017e-01, 2.79787156342020552500634956631247636878e+01, 2.17378300066726221650664906134396835751e-03, 4.07095210473968263777672620982741896874e+00, 3.03672866068941428752272559708943336848e-01, -2.0074067832667240e-02, -1.9366947249784182e-02
0.07200000, 2.03564134966046395948741801262718758453e+00, -1.89640471218023862042403223828609945462e-01, 2.79783851957547436879428908772024369903e+01, 2.20979639061675648412112208864119340284e-03, 4.07081628394419866783653253025357422631e+00, 3.03681607266782240983258994140282404759e-01, -2.0071455771177683e-02, -1.9387617538237379e-02
0.07300000, 2.03580637381692764311576999094626184551e+00, -1.89638025819110559838122811473620767210e-01, 2.79780538935498306229313308035704079574e+01, 2.24595978640496646417251485006155731205e-03, 4.07068010369344816909877010664477652401e+00, 3.03690370524413834518383758603510599729e-01, -2.0068803502400903e-02, -1.9408342613922186e-02
0.07400000, 2.03597172109180103654740265692792554917e+00, -1.89635550899048705856271407063827677494e-01, 2.79777217270567628432010624132106810310e+01, 2.28227319129401171495831775792530424522e-03, 4.07054356355846914994897434799772574935e+00, 3.03699155909022840541924837857969655715e-01, -2.0066110859684636e-02, -1.9429122535313603e-02
0.07500000, 2.03613739178461840536492174089376132950e+00, -1.89633046421839730785883728875177699861e-01, 2.79773886957431965877442758915482566841e+01, 2.31873660850242624424766082802490085801e-03, 4.07040666310867997478964451466578347225e+00, 3.03707963488139896014774458246075154219e-01, -2.0063377675590736e-02, -1.9449957360854406e-02
0.07600000, 2.03630338619600268792764508670561394034e+00, -1.89630512351263002990969067069567522541e-01, 2.79770547990749937018821981284598103387e+01, 2.35535004120478973691103031024239411955e-03, 4.07026940191187619965930721216399108047e+00, 3.03716793329641335836370415331815428398e-01, -2.0060603781892036e-02, -1.9470847148953516e-02
0.07700000, 2.03646970462766824028714003052459853602e+00, -1.89627948650875228221077216691658617054e-01, 2.79767200365162177740384452865541023682e+01, 2.39211349253135606410684178471355055787e-03, 4.07013177953422739598258387646211737140e+00, 3.03725645501750888638830284412519460770e-01, -2.0057789009569191e-02, -1.9491791957984351e-02
0.07800000, 2.03663634738242359521354215640493961174e+00, -1.89625355284009845091927001821798445057e-01, 2.79763844075291302536989941968844704496e+01, 2.42902696556767905918972640012740622204e-03, 4.06999379554027396243826469697004873389e+00, 3.03734520073041376179885503603633921353e-01, -2.0054933188807514e-02, -1.9512791846283165e-02
0.07900000, 2.03680331476417423539599744214220066564e+00, -1.89622732213776416316052920248849007900e-01, 2.79760479115741865504806310378351627049e+01, 2.46609046335423554538236740659543643125e-03, 4.06985544949292392493214851171300365416e+00, 3.03743417112436416300453986490748171396e-01, -2.0052036148993785e-02, -1.9533846872147374e-02
0.08000000, 2.03697060707792538088099358168980562845e+00, -1.89620079403060015663259212662900088565e-01, 2.79757105481100321142292313174700846359e+01, 2.50330398888604560012880891888463566780e-03, 4.06971674095344972466116064359399682279e+00, 3.03752336689212129411922402925878870082e-01, -2.0049097718713057e-02, -1.9554957093833861e-02
0.08100000, 2.03713822462978479081277282838650732006e+00, -1.89617396814520610630503274933368482882e-01, 2.79753723165934984960687175765744192018e+01, 2.54066754511229004092233922950174275710e-03, 4.06957766948148499425500833488253118014e+00, 3.03761278872998848477432476837754103730e-01, -2.0046117725745436e-02, -1.9576122569557271e-02
0.08200000, 2.03730616772696557954044806941306703172e+00, -1.89614684410592440800661775205558019121e-01, 2.79750332164795993903210304331718179977e+01, 2.57818113493592511727531818627231175371e-03, 4.06943823463502132198137628554091737276e+00, 3.03770243733782832450679502840790384429e-01, -2.0043095997062860e-02, -1.9597343357488288e-02
0.08300000, 2.03747443667778904715687603973205164637e+00, -1.89611942153483391869463097886358294216e-01, 2.79746932472215266572169345734612253582e+01, 2.61584476121329439337166328419297223786e-03, 4.06929843597040500400040271473004425582e+00, 3.03779231341907983134935692369103166808e-01, -2.0040032358825846e-02, -1.9618619515751898e-02
0.08400000, 2.03764303179168752453477663687626767913e+00, -1.89609170005174365319698802559456466830e-01, 2.79743524082706463263169640326680063082e+01, 2.65365842675373780581512324140771700814e-03, 4.06915827304233378465390924747316540889e+00, 3.03788241768077565424205837928626044244e-01, -2.0036926636380237e-02, -1.9639951102425633e-02
0.08500000, 2.03781195337920723292602523015967322639e+00, -1.89606367927418643721654645827164896864e-01, 2.79740106990764945805612905758032023372e+01, 2.69162213431919788075794189462427272049e-03, 4.06901774540385358477458568225197122954e+00, 3.03797275083355930887608043246396016581e-01, -2.0033778654253923e-02, -1.9661338175537804e-02
0.08600000, 2.03798120175201115819048569321724212446e+00, -1.89603535881741251638528356266319398410e-01, 2.79736681190867737208667751561087227082e+01, 2.72973588662382309456504013513383179474e-03, 4.06887685260635521800005322110386435013e+00, 3.03806331359170244657247819493181613961e-01, -2.0030588236153555e-02, -1.9682780793065712e-02
0.08700000, 2.03815077722288193972119565147375417601e+00, -1.89600673829438312115426765246686178426e-01, 2.79733246677473481111889352711461542823e+01, 2.76799968633356836203841010137843589269e-03, 4.06873559419957109507644694099311383310e+00, 3.03815410667312215579019604755588780331e-01, -2.0027355204961238e-02, -1.9704279012933848e-02
0.08800000, 2.03832068010572477413316215064346584696e+00, -1.89597781731576398730359067318103602281e-01, 2.79729803445022401039660305259462375649e+01, 2.80641353606579263609501464885621680241e-03, 4.06859396973157191613587005180448252422e+00, 3.03824513079939829584925636430296793899e-01, -2.0024079382731209e-02, -1.9725832893012075e-02
0.08900000, 2.03849091071557033378347564333388366386e+00, -1.89594859548991883185465901141251721387e-01, 2.79726351487936259458619348220287852148e+01, 2.84497743838885360265910684578138000635e-03, 4.06845197874876335093177871875448800430e+00, 3.03833638669579086244648004604225386831e-01, -2.0020760590686504e-02, -1.9747442491113793e-02
0.09000000, 2.03866146936857770019090288314356973877e+00, -1.89591907242290278416545593317182768310e-01, 2.79722890800618316637239262928507780063e+01, 2.88369139582169945439651941661771874084e-03, 4.06830962079588270701605682034898744030e+00, 3.03842787509125738453245548675099578184e-01, -2.0017398649215606e-02, -1.9769107864994088e-02
0.09100000, 2.03883235638203731242357503439973069120e+00, -1.89588924771845577198759280648580554881e-01, 2.79719421377453289306709853725311120783e+01, 2.92255541083345772678411310823676739228e-03, 4.06816689541599558584123486075266192134e+00, 3.03851959671847035210972938871349693692e-01, -2.0013993377869077e-02, -1.9790829072347862e-02
0.09200000, 2.03900357207437393052384607618967702137e+00, -1.89585912097799586226215708911183543286e-01, 2.79715943212807309122276471874848907835e+01, 2.96156948584302117987220622640064184150e-03, 4.06802380215049252677099624957477478230e+00, 3.03861155231383467450334717874978274837e-01, -2.0010544595356177e-02, -1.9812606170807953e-02
0.09300000, 2.03917511676514961403985842713643758151e+00, -1.89582869180061255642954285579634817100e-01, 2.79712456301027880924179067715901481405e+01, 3.00073362321863070896142533241061490499e-03, 4.06788034053908563898179719307895452879e+00, 3.03870374261750516864592173877348794319e-01, -2.0007052119541464e-02, -1.9834439217943230e-02
0.09400000, 2.03934699077506671573381766821241817313e+00, -1.89579795978306004002661427472293447704e-01, 2.79708960636443840797331243961759629878e+01, 3.04004782527745526727800945640628187592e-03, 4.06773651011980522123810339760126085803e+00, 3.03879616837340407691035583065194182557e-01, -2.0003515767441382e-02, -1.9856328271256674e-02
0.09500000, 2.03951919442597089053744632076201939456e+00, -1.89576692451975038634270379168332868947e-01, 2.79705456213365313928873235476897804143e+01, 3.07951209428516878359315723562653870988e-03, 4.06759231042899636952341755584650984825e+00, 3.03888883032923861401418504223019279987e-01, -1.9999935355220831e-02, -1.9878273388183445e-02
0.09600000, 2.03969172804085411982555787202935895388e+00, -1.89573558560274671390408471400464075121e-01, 2.79701943026083672262727157493538764333e+01, 3.11912643245552405759251808792248758334e-03, 4.06744774100131557250893605547284177334e+00, 3.03898172923651854251024337853395367552e-01, -1.9996310698189722e-02, -1.9900274626088926e-02
0.09700000, 2.03986459194385775107916665730654965478e+00, -1.89570394262175629755468227407792492273e-01, 2.79698421068871491950277244791880700805e+01, 3.15889084194992361566138475111249959374e-03, 4.06730280136972729484133140110421961510e+00, 3.03907486585057377636898183491157890089e-01, -1.9992641610799515e-02, -1.9922332042266753e-02
0.09800000, 2.04003778646027555301002683301067513521e+00, -1.89567199516412363289889796291417564690e-01, 2.79694890335982510596292148559386161404e+01, 3.19880532487698750960953502765411660130e-03, 4.06715749106550054823080835813685427048e+00, 3.03916824093057201214829047785359109759e-01, -1.9988927906639743e-02, -1.9944445693936830e-02
0.09900000, 2.04021131191655678621897453547880015259e+00, -1.89563974281482345387051882470595946222e-01, 2.79691350821651584299200665169386268517e+01, 3.23886988329211804071698504281646298264e-03, 4.06701180961820545032022669028788580749e+00, 3.03926185523953638723708578043253627551e-01, -1.9985169398434516e-02, -1.9966615638243315e-02
0.10000000, 2.04038516864030928946093144319337839739e+00, -1.89560718515645370318976635982770279088e-01, 2.79687802520094644484826541677040722935e+01, 3.27908451919706139133814432415713123148e-03, 4.06686575655570977131572145196581047774e+00, 3.03935570954436316464922626411857342859e-01, -1.9981365898039016e-02, -1.9988841932252605e-02
0.10100000, 2.04055935696030258158991537290923955094e+00, -1.89557432176922845546860856071194570119e-01, 2.79684245425508654532682236118533059159e+01, 3.31944923453946614615699401042856248994e-03, 4.06671933140417546835888298872902089328e+00, 3.03944980461583944383450993395991860111e-01, -1.9977517216435968e-02, -2.0011124632951288e-02
0.10200000, 2.04073387720647097925789427038499426563e+00, -1.89554115223097079272251326593992803999e-01, 2.79680679532071566193915706411776791400e+01, 3.35996403121243868503993286639550118584e-03, 4.06657253368805520762018297014295621853e+00, 3.03954414122866089696358560205686476226e-01, -1.9973623163732101e-02, -2.0033463797244085e-02
0.10300000, 2.04090872970991673044181403200879911068e+00, -1.89550767611710563204486132471559833570e-01, 2.79677104833942275799998459485726676389e+01, 3.40062891105409542928584078014604463664e-03, 4.06642536293008887409294980332432006324e+00, 3.03963872016144953013357601270392015999e-01, -1.9969683549154588e-02, -2.0055859481951770e-02
0.10400000, 2.04108391480291316387362804268164887957e+00, -1.89547389300065250519826387735598359403e-01, 2.79673521325260580261237211899828987368e+01, 3.44144387584711192292468521022213078365e-03, 4.06627781865130006906680652470448808684e+00, 3.03973354219677146893106274488760189314e-01, -1.9965698181047475e-02, -2.0078311743809074e-02
0.10500000, 2.04125943281890785444865716626198627672e+00, -1.89543980245221828987503923688660096351e-01, 2.79669929000147132854185594341710803202e+01, 3.48240892731826873056663168416900579495e-03, 4.06612990037099259525908661262085292500e+00, 3.03982860812115476777882020297589698325e-01, -1.9961666866868086e-02, -2.0100820639462569e-02
0.10600000, 2.04143528409252580468811320631787383899e+00, -1.89540540403998989237710126027689753341e-01, 2.79666327852703398797026374693685857438e+01, 3.52352406713799413315310387357189480715e-03, 4.06598160760674692958233797303702383663e+00, 3.03992391872510724248230763904343978773e-01, -1.9957589413183422e-02, -2.0123386225468530e-02
0.10700000, 2.04161146895957264233212659576744261848e+00, -1.89537069732972688146349258191053287763e-01, 2.79662717877011610611988677518080733634e+01, 3.56478929691990360280956082052513179578e-03, 4.06583293987441668352561249197820621471e+00, 3.04001947480313432538143310067402180206e-01, -1.9953465625666532e-02, -2.0146008558290789e-02
0.10800000, 2.04178798775703783414013030336336330726e+00, -1.89533568188475407311176250179013633205e-01, 2.79659099067134723273858641506022037386e+01, 3.60620461822033603784690729428401418356e-03, 4.06568389668812505112681788629916868632e+00, 3.04011527715375694250249048235685804050e-01, -1.9949295309092877e-02, -2.0168687694298553e-02
0.10900000, 2.04196484082309791597596669230223387913e+00, -1.89530035726595406593734053054997272760e-01, 2.79655471417116369143635880339631214027e+01, 3.64777003253788673880441663115116345065e-03, 4.06553447756026124451297998248562188983e+00, 3.04021132657952941209443948864414302079e-01, -1.9945078267336670e-02, -2.0191423689764219e-02
0.11000000, 2.04214202849711973925560236118828244949e+00, -1.89526472303175972701299244499309470783e-01, 2.79651834920980812686381996206175949583e+01, 3.68948554131293710627181225979222506159e-03, 4.06538468200147691698482687276579010223e+00, 3.04030762388705736392284730083064226043e-01, -1.9940814303367207e-02, -2.0214216600861159e-02
0.11100000, 2.04231955111966373383585787009227067284e+00, -1.89522877873814662782836605254240872779e-01, 2.79648189572732904972301238544392521096e+01, 3.73135114592718104107171282899420977459e-03, 4.06523450952068257362166149843038282467e+00, 3.04040416988701567868383907974113581056e-01, -1.9936503219245175e-02, -2.0237066483661489e-02
0.11200000, 2.04249740903248718742308473472969743585e+00, -1.89519252393862543012753855020144584185e-01, 2.79644535366358037960087203164800015369e+01, 3.77336684770314802722598471139328996033e-03, 4.06508395962504396938203594957073831887e+00, 3.04050096539416644688931113494120956823e-01, -1.9932144816118944e-02, -2.0259973394133820e-02
0.11300000, 2.04267560257854754158125119031797417962e+00, -1.89515595818423422136036624139101333855e-01, 2.79640872295822098561563228331334840352e+01, 3.81553264790372287797065281479402720195e-03, 4.06493303181997849467527900416189572802e+00, 3.04059801122737694656344464103784050325e-01, -1.9927738894220845e-02, -2.0282937388140985e-02
0.11400000, 2.04285413210200570441943101421547861484e+00, -1.89511908102353079948131028890255643352e-01, 2.79637200355071422486637864382054614272e+01, 3.85784854773166212492388413479777889400e-03, 4.06478172560915154837845801130436544022e+00, 3.04069530820963763907921817653182791995e-01, -1.9923285252863430e-02, -2.0305958521437751e-02
0.11500000, 2.04303299794822938003922618402910177047e+00, -1.89508189200258490682726897922081163233e-01, 2.79633519538032747867590471660029105366e+01, 3.90031454832910703035016625215500465000e-03, 4.06463004049447289827287700528791112719e+00, 3.04079285716808018245215308791922429631e-01, -1.9918783690435714e-02, -2.0329036849668504e-02
0.11600000, 2.04321220046379641482319436681425131131e+00, -1.89504439066497041280378749612523596622e-01, 2.79629829838613168661695637576879617226e+01, 3.94293065077709320230114281896958456555e-03, 4.06447797597609302887372476875154275471e+00, 3.04089065893399546139693572564649666576e-01, -1.9914234004399398e-02, -2.0352172428364921e-02
0.11700000, 2.04339173999649816064589621687867475072e+00, -1.89500657655175744510684029174744700142e-01, 2.79626131250700087831188697192736255476e+01, 3.98569685609505679224962767145938371410e-03, 4.06432553155239947662598929236953319436e+00, 3.04098871434285163344084393964398944054e-01, -1.9909635991285083e-02, -2.0375365312943617e-02
0.11800000, 2.04357161689534285508972523642149787776e+00, -1.89496844920150446920518864154606741328e-01, 2.79622423768161170299568192416575240992e+01, 4.02861316524033725466808611229329540881e-03, 4.06417270672001315243924855093968677342e+00, 3.04108702423431219037606083741162809614e-01, -1.9904989446688454e-02, -2.0398615558703772e-02
0.11900000, 2.04375183151055901874823455696323216527e+00, -1.89493000815025031580610671478835775116e-01, 2.79618707384844295683224612455796281938e+01, 4.07167957910767664783633355707161931906e-03, 4.06401950097378465153343157517403713394e+00, 3.04118558945225403432098567037715650529e-01, -1.9900294165266462e-02, -2.0421923220824736e-02
0.12000000, 2.04393238419359886970023046271498812621e+00, -1.89489125293150615602504332133091009342e-01, 2.79614982094577510797378222116192003227e+01, 4.11489609852871545499534544596381659279e-03, 4.06386591380679055056711828649883934951e+00, 3.04128441084478556764854879438296169747e-01, -1.9895549940733473e-02, -2.0445288354363618e-02
0.12100000, 2.04411327529714175523846183245465777523e+00, -1.89485218307624742397754324438573979149e-01, 2.79611247891168981935302204612673360915e+01, 4.15826272427148490479488526426271840950e-03, 4.06371194471032969201941131826149748646e+00, 3.04138348926426479602730391417696861049e-01, -1.9890756565857413e-02, -2.0468711014252846e-02
0.12200000, 2.04429450517509760093729795718148858528e+00, -1.89481279811290568650949157152617533852e-01, 2.79607504768406946919800721333577267669e+01, 4.20177945703989576981212674731228598211e-03, 4.06355759317391945579586790829195250810e+00, 3.04148282556731744380870523286127606155e-01, -1.9885913832455888e-02, -2.0492191255297711e-02
0.12300000, 2.04447607418261037714435443016661106115e+00, -1.89477309756736045977946652475948952033e-01, 2.79603752720059666925904822140197863899e+01, 4.24544629747322362174655878834263207548e-03, 4.06340285868529201802842475000111189002e+00, 3.04158242061485508098147864532622478341e-01, -1.9881021531392287e-02, -2.0515729132173890e-02
0.12400000, 2.04465798267606158298159803766842714992e+00, -1.89473308096293097240469079572926211435e-01, 2.79599991739875378073742425908192773088e+01, 4.28926324614559052172320401289175885477e-03, 4.06324774073039059703868326517347589578e+00, 3.04168227527209326090136369654981808984e-01, -1.9876079452571869e-02, -2.0539324699424942e-02
0.12500000, 2.04484023101307374794203683650857429218e+00, -1.89469274782036787487975814297823098839e-01, 2.79596221821582242790531831755268083120e+01, 4.33323030356544312396154108813992040038e-03, 4.06309223879336568643334694218491790435e+00, 3.04178239040856966799173562498608300002e-01, -1.9871087384937837e-02, -2.0562978011459788e-02
0.12600000, 2.04502281955251395116868092318742948330e+00, -1.89465209765784489497498083195969599387e-01, 2.79592442958888300940641416373260926086e+01, 4.37734747017502717089148312225975652219e-03, 4.06293635235657127530001599719163163921e+00, 3.04188276689816227459771337883292111921e-01, -1.9866045116467384e-02, -2.0586689122550166e-02
0.12700000, 2.04520574865449735850304281285273694397e+00, -1.89461112999095043881885422065999117784e-01, 2.79588655145481420722651321712275077471e+01, 4.42161474634985835762031636406052903308e-03, 4.06278008090056105547094748929370587277e+00, 3.04198340561910750616331897660079116725e-01, -1.9860952434167727e-02, -2.0610458086828062e-02
0.12800000, 2.04538901868039077739103389013306973397e+00, -1.89456984433267913736676723806345224545e-01, 2.79584858375029249332346039566345776681e+01, 4.46603213239818954347563108510161883833e-03, 4.06262342390408461582178097791354294905e+00, 3.04208430745401841388807492813975679714e-01, -1.9855809124072128e-02, -2.0634284958283121e-02
0.12900000, 2.04557262999281622973470510284211641613e+00, -1.89452824019342333795570149126139598221e-01, 2.79581052641179163390559854997247209107e+01, 4.51059962856047428816896612384919781742e-03, 4.06246638084408362357161067349461486440e+00, 3.04218547328990285400610858046130366416e-01, -1.9850614971235887e-02, -2.0658169790760038e-02
0.13000000, 2.04575658295565454277887597940670950753e+00, -1.89448631708096454064225708999345446114e-01, 2.79577237937558219134790118615076320029e+01, 4.55531723500882668994312606196794483128e-03, 4.06230895119568799255015462065774334825e+00, 3.04228690401818167281737414404290885483e-01, -1.9845369759732326e-02, -2.0682112637955917e-02
0.13100000, 2.04594087793404895812229619745479111597e+00, -1.89444407450046477901891981321675335330e-01, 2.79573414257773102373486278117215211254e+01, 4.60018495184647750288290121129155862711e-03, 4.06215113443221203839712958335301667623e+00, 3.04238860053470689658700372704984334156e-01, -1.9840073272648747e-02, -2.0706113553417620e-02
0.13200000, 2.04612551529440875894358835053347941260e+00, -1.89440151195445794520104177749643115580e-01, 2.79569581595410078201915511773719604799e+01, 4.64520277910722651038421119675409348147e-03, 4.06199293002515062065828678915946672133e+00, 3.04249056373977992541505689186634029749e-01, -1.9834725292082383e-02, -2.0730172590539080e-02
0.13300000, 2.04631049540441291553282928896047184207e+00, -1.89435862894284105867454611631603319251e-01, 2.79565739944034940478498670336057713972e+01, 4.69037071675489113159048845979880728293e-03, 4.06183433744417527174189834717258135107e+00, 3.04259279453816973016505298301162777268e-01, -1.9829325599136316e-02, -2.0754289802558598e-02
0.13400000, 2.04649581863301374922024048623017781821e+00, -1.89431542496286547869188515565858593347e-01, 2.79561889297192961060503048732777298017e+01, 4.73568876468275123741740386487886544502e-03, 4.06167535615713031269880679093532054331e+00, 3.04269529383913105152564068824505968745e-01, -1.9823873973915390e-02, -2.0778465242556117e-02
0.13500000, 2.04668148535044061479407534142628962735e+00, -1.89427189950912805990128098535104753821e-01, 2.79558029648408838797971274491806550645e+01, 4.78115692271299015259779800542611212085e-03, 4.06151598563002895578846062223379154506e+00, 3.04279806255642260026558391367272137385e-01, -1.9818370195522100e-02, -2.0802698963450467e-02
0.13600000, 2.04686749592820360150041320830671142116e+00, -1.89422805207356225089175698671877493823e-01, 2.79554160991186648284758315682710045904e+01, 4.82677519059613181998790386058276325826e-03, 4.06135622532704939379265674846049809964e+00, 3.04290110160832525772792100521567467418e-01, -1.9812814042052463e-02, -2.0826991017996591e-02
0.13700000, 2.04705385073909725271819628104487807879e+00, -1.89418388214542913533392859214273182989e-01, 2.79550283319009788365541276887614983691e+01, 4.87254356801047410318361408248529339342e-03, 4.06119607471053087603799611833206389526e+00, 3.04300441191766027559468455728827565881e-01, -1.9807205290591869e-02, -2.0851341458782741e-02
0.13800000, 2.04724055015720430440347630330543222233e+00, -1.89413938921130841539396112626544297556e-01, 2.79546396625340930397659266867225336257e+01, 4.91846205456151820330164417351861765394e-03, 4.06103553324096977108733146821538614228e+00, 3.04310799441180747393895043762216013121e-01, -1.9801543717210920e-02, -2.0875750338227659e-02
0.13900000, 2.04742759455789944239747344002952115697e+00, -1.89409457275508933709552181497924765160e-01, 2.79542500903621966266633185765082471710e+01, 4.96453064978139416558495576461118671935e-03, 4.06087460037701561605974569181723223415e+00, 3.04321185002272343656621614589316234482e-01, -1.9795829096961241e-02, -2.0900217708577726e-02
0.14000000, 2.04761498431785307869368959899249894245e+00, -1.89404943225796155730195174806805591607e-01, 2.79538596147273956154207792461901879048e+01, 5.01074935312828245129471659170621893066e-03, 4.06071327557546715253784573462343563700e+00, 3.04331597968695970263218913269969979978e-01, -1.9790061203871281e-02, -2.0924743621904083e-02
0.14100000, 2.04780271981503514675996305122456021572e+00, -1.89400396719840595198826154354263665184e-01, 2.79534682349697076057750873621429744465e+01, 5.05711816398583155015236989005420167248e-03, 4.06055155829126834902038988375126181752e+00, 3.04342038434568095350899415266154934259e-01, -1.9784239810942089e-02, -2.0949328130099741e-02
0.14200000, 2.04799080142871891601200041546971228796e+00, -1.89395817705218536546991148333194490022e-01, 2.79530759504270565059836744624914798173e+01, 5.10363708166257160839504992472757560826e-03, 4.06038944797750440987748566371331274181e+00, 3.04352506494468319385658402786910516289e-01, -1.9778364690143077e-02, -2.0973971284876649e-02
0.14300000, 2.04817922953948482553557598208822430255e+00, -1.89391206129233530025267276600889128687e-01, 2.79526827604352672346833668534115466522e+01, 5.15030610539132404730559622642721288174e-03, 4.06022694408539777076480104626426426542e+00, 3.04363002243441192584075927140934549346e-01, -1.9772435612407760e-02, -2.0998673137762749e-02
0.14400000, 2.04836800452922433715524699664468898555e+00, -1.89386561938915454716518104547089233415e-01, 2.79522886643280603975307082009895277791e+01, 5.19712523432860714687477061384077208417e-03, 4.06006404606430408045242312263775359920e+00, 3.04373525776998031542366778003579604862e-01, -1.9766452347629477e-02, -2.1023433740099000e-02
0.14500000, 2.04855712678114380794809694370915356366e+00, -1.89381885081019575543308638566427250264e-01, 2.79518936614370469385042766297994539047e+01, 5.24409446755403756904795189912718609402e-03, 4.05990075336170816902317555102352306980e+00, 3.04384077191118734963696516419748847510e-01, -1.9760414664657097e-02, -2.1048253143036376e-02
0.14600000, 2.04874659667976838230168710835612384394e+00, -1.89377175502025594235097494908096519950e-01, 2.79514977510917227657486296524513978438e+01, 5.29121380406972779480155676316124215880e-03, 4.05973706542322000239436876032121447593e+00, 3.04394656582253598373196815584861487436e-01, -1.9754322331290703e-02, -2.1073131397532840e-02
0.14700000, 2.04893641461094590361606978808600382545e+00, -1.89372433148136694220548693722757000905e-01, 2.79511009326194633518387243165890997399e+01, 5.33848324279967944908569495162124909049e-03, 4.05957298169257062311610483954104568604e+00, 3.04405264047325127708512683241095316439e-01, -1.9748175114277255e-02, -2.1098068554350293e-02
0.14800000, 2.04912658096185084575039452341685612133e+00, -1.89367657965278579410028229872432749592e-01, 2.79507032053455183083428685212407419230e+01, 5.38590278258917248745909580748390407399e-03, 4.05940850161160807739839204444850095955e+00, 3.04415899683729851672097503121680593914e-01, -1.9741972779306243e-02, -2.1123064664051489e-02
0.14900000, 2.04931709612098826431532165359731181027e+00, -1.89362849899098506833071029705471069547e-01, 2.79503045685930059345614624767043183103e+01, 5.43347242220415021803012416959689708963e-03, 4.05924362462029332831844168013114520277e+00, 3.04426563589340132729839121470725948705e-01, -1.9735715091005304e-02, -2.1148119776996936e-02
0.15000000, 2.04950796047819776791314542756916107132e+00, -1.89358008894964313095322096491460384400e-01, 2.79499050216829077403179867145031522761e+01, 5.48119216033060013210371960220095764853e-03, 4.05907835015669615515862253825118663578e+00, 3.04437255862505976638951309446009674364e-01, -1.9729401812935843e-02, -2.1173233943341758e-02
0.15100000, 2.04969917442465750942822185265906887201e+00, -1.89353134897963434619171554297605449964e-01, 2.79495045639340629426778848491725843672e+01, 5.52906199557393051671832636781417626405e-03, 4.05891267765699103882463484615119549586e+00, 3.04447976602056840386399744366318790208e-01, -1.9723032707588609e-02, -2.1198407213032535e-02
0.15200000, 2.04989073835288819747099448810902305750e+00, -1.89348227852901921632016898274308022496e-01, 2.79491031946631629364701754040959848816e+01, 5.57708192645834282203931492466659273312e-03, 4.05874660655545303329253658415318694400e+00, 3.04458725907303438417450063500704502411e-01, -1.9716607536379274e-02, -2.1223639635804120e-02
0.15300000, 2.05008265265675712807961453148249120867e+00, -1.89343287704303445865797025875351933498e-01, 2.79487009131847457384858073912183222248e+01, 5.62525195142619975635601124427134019900e-03, 4.05858013628445362303230980689450099773e+00, 3.04469503878039547032227444656329757693e-01, -1.9710126059643980e-02, -2.1248931261176418e-02
0.15400000, 2.05027491773148223678385984764208562792e+00, -1.89338314396408301931151535502009808179e-01, 2.79482977188111904052259489307061953541e+01, 5.67357206883738908120822994244313763904e-03, 4.05841326627445656635469302102317644389e+00, 3.04480310614543806826462449496996645808e-01, -1.9703588036634866e-02, -2.1274282138451149e-02
0.15500000, 2.05046753397363617113677109723977997808e+00, -1.89333307873172402329265313225751136923e-01, 2.79478936108527114240725669625239227282e+01, 5.72204227696868307894513294693396602434e-03, 4.05824599595401372462702747873410382252e+00, 3.04491146217581523050866419675810870742e-01, -1.9696993225515584e-02, -2.1299692316708574e-02
0.15600000, 2.05066050178115038382014187977255086395e+00, -1.89328268078266266064162561163687804246e-01, 2.79474885886173530777528189880324322302e+01, 5.77066257401309366479428884452622332341e-03, 4.05807832474976087730287019519948198978e+00, 3.04502010788406463761831433936767584114e-01, -1.9690341383356791e-02, -2.1325161844804195e-02
0.15700000, 2.05085382155331924643072386094462444288e+00, -1.89323194955074000817916129061692663777e-01, 2.79470826514109837819679347362100905284e+01, 5.81943295807922311529197062418583506982e-03, 4.05791025208641352270911433567165299995e+00, 3.04512904428762655634384607876670054043e-01, -1.9683632266131614e-02, -2.1350690771365434e-02
0.15800000, 2.05104749369080418405473725148649264341e+00, -1.89318088446692278650937269741207864190e-01, 2.79466757985372903960564166255985356993e+01, 5.86835342719061038469698252932151142630e-03, 4.05774177738676266453332808962945140850e+00, 3.04523827240886177306544238724916714903e-01, -1.9676865628711110e-02, -2.1376279144788269e-02
0.15900000, 2.05124151859563783073901179129367093383e+00, -1.89312948495929305189207725094803267562e-01, 2.79462680292977725065605328387809864684e+01, 5.91742397928507298077963122189778754113e-03, 4.05757290007167058395297599646764830956e+00, 3.04534779327506950122425857095196375093e-01, -1.9670041224859693e-02, -2.1401927013233855e-02
0.16000000, 2.05143589667122820596782361579157853857e+00, -1.89307775045303782260010337825990160564e-01, 2.79458593429917366835642156898221039147e+01, 5.96664461221404437114483331431852325967e-03, 4.05740361956006659734712164848349651433e+00, 3.04545760791850526139629538145740501776e-01, -1.9663158807230547e-02, -2.1427634424625109e-02
0.16100000, 2.05163062832236291225523908828208828208e+00, -1.89302568037043863937406150416815505387e-01, 2.79454497389162907096696106948767781532e+01, 6.01601532374190689101376120909495106264e-03, 4.05723393526894279953012750778210207697e+00, 3.04556771737639873264605738082542184222e-01, -1.9656218127361021e-02, -2.1453401426643264e-02
0.16200000, 2.05182571395521335396352792061054817411e+00, -1.89297327413086105958395171908205337504e-01, 2.79450392163663377814786482998674767070e+01, 6.06553611154532012315185256363666340410e-03, 4.05706384661334979244576596656029788577e+00, 3.04567812269097157377845350774040452610e-01, -1.9649218935667999e-02, -2.1479228066724399e-02
0.16300000, 2.05202115397733897745896472319578175837e+00, -1.89292053115074408470384639765314684246e-01, 2.79446277746345706834451305240059906922e+01, 6.11520697321254472039242582274732817647e-03, 4.05689335300639239925903548423629617868e+00, 3.04578882490945521308870515948631956636e-01, -1.9642160981443254e-02, -2.1505114392055935e-02
0.16400000, 2.05221694879769153271710057313903137637e+00, -1.89286745084358952070272652879131781027e-01, 2.79442154130114659339619387907730754801e+01, 6.16502790624276164096453517917996835506e-03, 4.05672245385922536378183637608433805128e+00, 3.04589982508410860519115847781196155826e-01, -1.9635044012848776e-02, -2.1531060449573102e-02
0.16500000, 2.05241309882661935649035431508822920193e+00, -1.89281403261995127095136476862386741847e-01, 2.79438021307852779035470768850484933715e+01, 6.21499890804538676659104286493116807153e-03, 4.05655114858104903516750232921253231657e+00, 3.04601112427223595348885083655339443428e-01, -1.9627867776912091e-02, -2.1557066285955376e-02
0.16600000, 2.05260960447587167715154716357151179336e+00, -1.89276027588742456124193598195572869381e-01, 2.79433879272420329049913642421813247230e+01, 6.26511997593938087307816445972342418078e-03, 4.05637943657910503780800570245145926262e+00, 3.04612272353620439682645570798704781711e-01, -1.9620632019521547e-02, -2.1583131947622887e-02
0.16700000, 2.05280646615860294132778380789670173567e+00, -1.89270618005063509651379703154517360870e-01, 2.79429728016655232553296895871749119831e+01, 6.31539110715255492287093332753404317673e-03, 4.05620731725867192636645684329759467363e+00, 3.04623462394346165884982406905060437009e-01, -1.9613336485421587e-02, -2.1609257480732791e-02
0.16800000, 2.05300368428937716243986868219289592234e+00, -1.89265174451122814887561154211819374738e-01, 2.79425567533373013094968232445876462535e+01, 6.36581229882087064880011253596665482409e-03, 4.05603479002306082587629974048176850714e+00, 3.04634682656655365857575323666582472567e-01, -1.9605980918208001e-02, -2.1635442931175616e-02
0.16900000, 2.05320125928417229126323740498602440534e+00, -1.89259696866785757651070203875110049810e-01, 2.79421397815366734655278681764561848749e+01, 6.41638354798773639799503563267339581473e-03, 4.05586185427361105683736803468972888926e+00, 3.04645933248314208065584443563564756823e-01, -1.9598565060323154e-02, -2.1661688344571575e-02
0.17000000, 2.05339919156038460862718066658561136608e+00, -1.89254185191617477304919096543714964070e-01, 2.79417218855406941411625049202432651383e+01, 6.46710485160329820468366017825203718093e-03, 4.05568850940968574523770643878139146188e+00, 3.04657214277602190379835744872205296343e-01, -1.9591088653051201e-02, -2.1687993766266848e-02
0.17100000, 2.05359748153683314036994110074727739521e+00, -1.89248639364881754698714335480446283812e-01, 2.79413030646241597217112540346796301584e+01, 6.51797620652372606034574846806977655265e-03, 4.05551475482866741742878267549287851339e+00, 3.04668525853313888579183332606167517052e-01, -1.9583551436513269e-02, -2.1714359241329829e-02
0.17200000, 2.05379612963376409466807297230141850698e+00, -1.89243059325539893072954706662271197696e-01, 2.79408833180596024790410413610545683601e+01, 6.56899760951049534942752668724610185443e-03, 4.05534058992595357978041382461219802057e+00, 3.04679868084760700355393329355117116045e-01, -1.9575953149662635e-02, -2.1740784814547347e-02
0.17300000, 2.05399513627285532185926989794943584082e+00, -1.89237445012249591883056126051144388259e-01, 2.79404626451172844615364063131166372619e+01, 6.62016905722966341856639487066056967755e-03, 4.05516601409495228304040817911484300497e+00, 3.04691241081772584660843265495555797853e-01, -1.9568293530279863e-02, -2.1767270530420847e-02
0.17400000, 2.05419450187722079687868734698664705072e+00, -1.89231796363363813500102983372733855225e-01, 2.79400410450651913548917414618325734730e+01, 6.67149054625114124701224328378103848351e-03, 4.05499102672707767132257903338981813904e+00, 3.04702644954699796237261159242453320564e-01, -1.9560572314967943e-02, -2.1793816433162547e-02
0.17500000, 2.05439422687141512442961439659826719029e+00, -1.89226113316929642744979365160604918945e-01, 2.79396185171690263135889928228224638799e+01, 6.72296207304796018566765376127136038829e-03, 4.05481562721174551564541995565275799929e+00, 3.04714079814414615161639930168415371058e-01, -1.9552789239147388e-02, -2.1820422566691551e-02
0.17600000, 2.05459431168143806701018319740083801510e+00, -1.89220395810687139212184323663603928890e-01, 2.79391950606922037629142844247883544185e+01, 6.77458363399553373190270445727926041585e-03, 4.05463981493636873194234171658940979698e+00, 3.04725545772313071243355282315609122126e-01, -1.9544944037051324e-02, -2.1847088974629942e-02
0.17700000, 2.05479475673473909591864489440771289224e+00, -1.89214643782068182339283186960393169755e-01, 2.79387706748958431713659578765621323718e+01, 6.82635522537091430703123044725205922604e-03, 4.05446358928635288346295883931607301973e+00, 3.04737042940316663104388622554788632255e-01, -1.9537036441720555e-02, -2.1873815700298830e-02
0.17800000, 2.05499556246022196536058740246322362461e+00, -1.89208857168195309177591749698011598884e-01, 2.79383453590387627933055376978263758106e+01, 6.87827684335204500306419750102680101365e-03, 4.05428694964509166748347838042997149804e+00, 3.04748571430874071772410844635463052420e-01, -1.9529066184998604e-02, -2.1900602786714374e-02
0.17900000, 2.05519672928824930978232350983942096931e+00, -1.89203035905880544819332013372834128862e-01, 2.79379191123774733817021460728415666187e+01, 6.93034848401700626508229869445762905020e-03, 4.05410989539396238624278472320077833399e+00, 3.04760131356962868614317808215757562116e-01, -1.9521032997526737e-02, -2.1927450276583764e-02
0.18000000, 2.05539825765064726455553733609507004241e+00, -1.89197179931624225436136929781563265073e-01, 2.79374919341661718708198963657940909544e+01, 6.98257014334325747529395966132055185278e-03, 4.05393242591232140201933153314822617607e+00, 3.04771722832091217435623974443425697520e-01, -1.9512936608738963e-02, -2.1954358212301174e-02
0.18100000, 2.05560014798071011013914325798798529537e+00, -1.89191289181613813883417310639519548055e-01, 2.79370638236567350286967931382218682647e+01, 7.03494181720687340456661427061587174999e-03, 4.05375454057749957626244526103069949008e+00, 3.04783345970299570568916825379202510105e-01, -1.9504776746857018e-02, -2.1981326635943679e-02
0.18200000, 2.05580240071320493984518409829977159156e+00, -1.89185363591722707824736669515573530552e-01, 2.79366347800987130792626574703425883648e+01, 7.08746350138177549693836414809111480608e-03, 4.05357623876479769269011334262627629786e+00, 3.04795000886162358772351294349307413466e-01, -1.9496553138885316e-02, -2.2008355589267134e-02
0.18300000, 2.05600501628437635133647470553557011933e+00, -1.89179403097509040329969227955108966459e-01, 2.79362048027393232939425800453655992527e+01, 7.14013519153895795233393828256850393955e-03, 4.05339751984748186426377419890320047948e+00, 3.04806687694789674756920369491316575227e-01, -1.9488265510605896e-02, -2.2035445113702020e-02
0.18400000, 2.05620799513195116198458309683367677673e+00, -1.89173407634214472900642614403345334228e-01, 2.79357738908234435525913806447660834494e+01, 7.19295688324570857242319823833099050022e-03, 4.05321838319677892394904494079797950611e+00, 3.04818406511828950158975205316125819463e-01, -1.9479913586573329e-02, -2.2062595250349258e-02
0.18500000, 2.05641133769514314821763415187458738101e+00, -1.89167377136762980875489880407378026434e-01, 2.79353420435936058736035213581777539732e+01, 7.24592857196482433427226523511899947093e-03, 4.05303882818187179916971598262986743030e+00, 3.04830157453466625772185389767939870759e-01, -1.9471497090109618e-02, -2.2089806039975982e-02
0.18600000, 2.05661504441465780898832049251665986989e+00, -1.89161311539759631168855321325727837850e-01, 2.79349092602899899130418818685345962702e+01, 7.29905025305382165614665228451770235188e-03, 4.05285885416989486986070921617346471573e+00, 3.04841940636429814850827370491401794198e-01, -1.9463015743299070e-02, -2.2117077523011276e-02
0.18700000, 2.05681911573269715349341172229998120056e+00, -1.89155210777489352294215185817227017415e-01, 2.79344755401504164326277585652514213397e+01, 7.35232192176414131953254213622457620765e-03, 4.05267846052592931002403763876156003880e+00, 3.04853756177987959293966348052665309483e-01, -1.9454469266983147e-02, -2.2144409739541880e-02
0.18800000, 2.05702355209296451327696669344478792171e+00, -1.89149074783915696624687656769515557001e-01, 2.79340408824103407364333948988301795542e+01, 7.40574357324034801114653416030901765200e-03, 4.05249764661299841269011900482773334134e+00, 3.04865604195954478517754100755303148028e-01, -1.9445857380755292e-02, -2.2171802729307856e-02
0.18900000, 2.05722835394066937885037397872589163557e+00, -1.89142903492679594842016452754361144013e-01, 2.79336052863028460761172882519250175498e+01, 7.45931520251932444840576435899776388074e-03, 4.05231641179206289818508381847943653707e+00, 3.04877484808688410820702121320088852837e-01, -1.9437179802955745e-02, -2.2199256531698217e-02
0.19000000, 2.05743352172253226096327331444302096886e+00, -1.89136696837098102525118999891413766659e-01, 2.79331687510586370245414485965558078799e+01, 7.51303680452946005152925606362385071526e-03, 4.05213475542201620560297843857401528471e+00, 3.04889398135096047044406026798092063750e-01, -1.9428436250666321e-02, -2.2226771185746515e-02
0.19100000, 2.05763905588678957666034551206161194571e+00, -1.89130454750163138828893325124257447285e-01, 2.79327312759060328176087062661331501571e+01, 7.56690837408983412513765783852915908861e-03, 4.05195267685967976737999685698191165763e+00, 3.04901344294632556329793357287110720670e-01, -1.9419626439705179e-02, -2.2254346730126402e-02
0.19200000, 2.05784495688319856025990027402877054373e+00, -1.89124177164540217203577588950045703649e-01, 2.79322928600709606641570802248902777451e+01, 7.62092990590939351191214269920572370098e-03, 4.05177017545979826686607946093816671177e+00, 3.04913323407303603766542514869406647303e-01, -1.9410750084621563e-02, -2.2281983203147143e-02
0.19300000, 2.05805122516304219939114055846782396712e+00, -1.89117864012567168104552473806276675214e-01, 2.79318535027769490237471241961811993893e+01, 7.67510139458612468056415167441814482573e-03, 4.05158725057503487878739342329893153148e+00, 3.04925335593666959730875621180361829517e-01, -1.9401806898690524e-02, -2.2309680642749096e-02
0.19400000, 2.05825786117913419622793868325550807872e+00, -1.89111515226252853642069438432775566833e-01, 2.79314132032451208521770658441944298158e+01, 7.72942283460622021005583741776158549244e-03, 4.05140390155596649249135689781916319925e+00, 3.04937380974834100704462400628835301362e-01, -1.9392796593907614e-02, -2.2337439086499151e-02
0.19500000, 2.05846486538582395405792330836942750031e+00, -1.89105130737275874119977103034137231084e-01, 2.79309719606941868145594438195575024874e+01, 7.78389422034323963169647211434399283684e-03, 4.05122012775107891786398754390087408722e+00, 3.04949459672471801364685738006594484189e-01, -1.9383718880983566e-02, -2.2365258571586133e-02
0.19600000, 2.05867223823900158932664785299573474978e+00, -1.89098710476983266412103709016452338962e-01, 2.79305297743404384657918288059863653195e+01, 7.83851554605726459042270013552976434304e-03, 4.05103592850676207380744467621595842516e+00, 3.04961571808803717734012226573288314818e-01, -1.9374573469338949e-02, -2.2393139134816163e-02
0.19700000, 2.05887998019610296929758985800575697596e+00, -1.89092254376389194124535664114273434008e-01, 2.79300866433977413982530876697830230978e+01, 7.89328680589404828625031125886423995318e-03, 4.05085130316730515916369313468269291695e+00, 3.04973717506611961173682729284644899481e-01, -1.9365360067098795e-02, -2.2421080812607982e-02
0.19800000, 2.05908809171611477546971736301262760437e+00, -1.89085762366173629491610602110233440719e-01, 2.79296425670775283565555143431141030021e+01, 7.94820799388415915656215596491080497071e-03, 4.05066625107489180596824540085409761329e+00, 3.04985896889238663004388636348867520522e-01, -1.9356078381087216e-02, -2.2449083640988233e-02
0.19900000, 2.05929657325957959289535259894867486314e+00, -1.89079234376681026953018118924909232641e-01, 2.79291975445887923191820070914067675550e+01, 8.00327910394211875957089120094864551724e-03, 4.05048077156959521491593614510124373642e+00, 3.04998110080587529534029032590003060866e-01, -1.9346728116821982e-02, -2.2477147655586708e-02
0.20000000, 2.05950542528860102554206527128945642292e+00, -1.89072670337918988358972356051454770671e-01, 2.79287515751380795468363192499478507499e+01, 8.05850012986553381896640359219720913500e-03, 4.05029486398937327291864986811897010567e+00, 3.05010357205125387270052305176797621486e-01, -1.9337308978509094e-02, -2.2505272891631545e-02
0.20100000, 2.05971464826684883784333749571084657656e+00, -1.89066070179556919749987850144789711088e-01, 2.79283046579294825973332492892074973628e+01, 8.11387106533422238942597758506988926716e-03, 4.05010852767006365263285718912465687593e+00, 3.05022638387883718091272744352551419102e-01, -1.9327820669037322e-02, -2.2533459383944395e-02
0.20200000, 2.05992424265956412258376011782097288554e+00, -1.89059433830924679657353515643701165382e-01, 2.79278567921646333068544661061311766756e+01, 8.16939190390933410233052829219077525396e-03, 4.04992176194537889383271821632165985287e+00, 3.05034953754460184151418336322194237847e-01, -1.9318262889972728e-02, -2.2561707166935542e-02
0.20300000, 2.06013420893356449526554577308590135712e+00, -1.89052761221011218869959236774267556125e-01, 2.79274079770426957373944866625078470999e+01, 8.22506263903246445069247240735710189066e-03, 4.04973456614690146650238189317039253786e+00, 3.05047303431020142284010139132438396789e-01, -1.9308635341553158e-02, -2.2590016274598983e-02
0.20400000, 2.06034454755724931510417769430884978766e+00, -1.89046052278463211612685276890616479742e-01, 2.79269582117603590902201354236260986373e+01, 8.28088326402476307196003466149644817797e-03, 4.04954693960407881551894782289246562795e+00, 3.05059687544298147675496291237386744612e-01, -1.9298937722682723e-02, -2.2618386740507463e-02
0.20500000, 2.06055525900060493280205502489264263440e+00, -1.89039306931583678081116527152802543698e-01, 2.79265074955118305851656184121095437430e+01, 8.33685377208603598701895074430481129854e-03, 4.04935888164421838679536140526971227565e+00, 3.05072106221599446570864751830427351265e-01, -1.9289169730926248e-02, -2.2646818597807476e-02
0.20600000, 2.06076634373520996525004532021066692684e+00, -1.89032525108330598276891472877274884569e-01, 2.79260558274888283055841390036408422144e+01, 8.39297415629384175336559891788387936976e-03, 4.04917039159248263475028374171021444109e+00, 3.05084559590801457773238236670480326799e-01, -1.9279331062503699e-02, -2.2675311879214216e-02
0.20700000, 2.06097780223424059730791309106876621526e+00, -1.89025706736315517087539613930354310148e-01, 2.79256032068805740087757677730233531112e+01, 8.44924440960258149007553984207993183354e-03, 4.04898146877188401096971423990912982300e+00, 3.05097047780355242696212419170383583160e-01, -1.9269421412284595e-02, -2.2703866617006489e-02
0.20800000, 2.06118963497247591081565973754307181626e+00, -1.89018851742802140554200894222756698641e-01, 2.79251496328737859017100546696842802762e+01, 8.50566452484258273183823520225434764391e-03, 4.04879211250327993392284573703130751841e+00, 3.05109570919286963724934241523403664392e-01, -1.9259440473782385e-02, -2.2732482843021578e-02
0.20900000, 2.06140184242630324098888511426658160651e+00, -1.89011960054704923270156433197275257969e-01, 2.79246951046526713818606384794893513955e+01, 8.56223449471917706897231800245607801551e-03, 4.04860232210536773959229881458517109772e+00, 3.05122129137199330639131053674580613013e-01, -1.9249387939148815e-02, -2.2761160588650072e-02
0.21000000, 2.06161442507372356035236433611480923500e+00, -1.89005031598587646852631467210728638481e-01, 2.79242396213989197429678658320060389192e+01, 8.61895431181177152997616791714974645223e-03, 4.04841209689467961287651334901993514868e+00, 3.05134722564273034848493199565086071326e-01, -1.9239263499168261e-02, -2.2789899884830643e-02
0.21100000, 2.06182738339435689036712535358566497374e+00, -1.88998066300661989429858858452516187139e-01, 2.79237831822916948455441798556941470467e+01, 8.67582396857291366280567056809189635317e-03, 4.04822143618557749961967077509020963639e+00, 3.05147351331268171187982532408863291305e-01, -1.9229066843252047e-02, -2.2818700762044783e-02
0.21200000, 2.06204071786944774090741337814037626833e+00, -1.88991064086786086084914770595897141072e-01, 2.79233257865076277519357768836688500448e+01, 8.73284345732735027070487631889726136885e-03, 4.04803033929024799912207957525097202980e+00, 3.05160015569525647017787097507859547117e-01, -1.9218797659432732e-02, -2.2847563250311498e-02
0.21300000, 2.06225442898187057774503749832084686293e+00, -1.88984024882463080197357100341746194721e-01, 2.79228674332208093257527582845879951481e+01, 8.79001277027107975804578808679095949212e-03, 4.04783880551869723698147868433346121870e+00, 3.05172715410968578369767807606103166940e-01, -1.9208455634358386e-02, -2.2876487379181952e-02
0.21400000, 2.06246851721613531819971287733407845095e+00, -1.88976948612839665623211948496327044448e-01, 2.79224081216027827954787234509358923314e+01, 8.84733189947039804126066430196768734980e-03, 4.04764683417874571811319834655082535586e+00, 3.05185450988103672879346289016770436967e-01, -1.9198040453286826e-02, -2.2905473177734072e-02
0.21500000, 2.06268298305839285511513884255439481436e+00, -1.88969835202704619653363768837710937436e-01, 2.79219478508225362820694591337309661832e+01, 8.90480083686093797957398765248240837821e-03, 4.04745442457602315979456500899014251143e+00, 3.05198222434022599238864135423208836665e-01, -1.9187551800079846e-02, -2.2934520674567100e-02
0.21600000, 2.06289782699644060932168904841516091832e+00, -1.88962684576487326689910802881632491887e-01, 2.79214866200464952903490795808339963649e+01, 8.96241957424670227986158739402897581790e-03, 4.04726157601396330457634560509692963182e+00, 3.05211029882403342905502510785684277492e-01, -1.9176989357197410e-02, -2.2963629897796107e-02
0.21700000, 2.06311304951972811074773479864634781061e+00, -1.88955496658256292579548948360951530152e-01, 2.79210244284385151640106612270654965201e+01, 9.02018810329908982958127713645297925832e-03, 4.04706828779379871290139659159195804455e+00, 3.05223873467511547793887335388001048797e-01, -1.9166352805691831e-02, -2.2992800875046456e-02
0.21800000, 2.06332865111936260834277663480180052249e+00, -1.88948271371717649542544272873577884659e-01, 2.79205612751598735040270949088624815591e+01, 9.07810641555591541133274509426950647736e-03, 4.04687455921455553526801386650805144448e+00, 3.05236753324201843680519113755043518517e-01, -1.9155641825201922e-02, -2.3022033633448215e-02
0.21900000, 2.06354463228811470897672251939529961292e+00, -1.88941008640213651635346925301319893280e-01, 2.79200971593692625502765476439331785500e+01, 9.13617450242042275221427334833892455936e-03, 4.04668038957304826377277072369138072090e+00, 3.05249669587919159044157765841092895712e-01, -1.9144856093947123e-02, -2.3051328199630532e-02
0.22000000, 2.06376099352042404548082344846766508562e+00, -1.88933708386721160684387169299189536217e-01, 2.79196320802227815261855848361192731697e+01, 9.19439235516029086075012983619426867430e-03, 4.04648577816387446286488179461499156085e+00, 3.05262622394700019063261551300724128649e-01, -1.9133995288721607e-02, -2.3080684599715955e-02
0.22100000, 2.06397773531240497399695920564345005351e+00, -1.88926370533850122628077617910096176282e-01, 2.79191660368739289461916522453545280104e+01, 9.25275996490663360376513427454812430797e-03, 4.04629072427940947914134099145986758566e+00, 3.05275611881173828488525280514006670359e-01, -1.9123059084888363e-02, -2.3110102859314704e-02
0.22200000, 2.06419485816185230080315830418526517266e+00, -1.88918995003842034203524438142015529613e-01, 2.79186990284735948858252551092007167297e+01, 9.31127732265299247518190929839369472620e-03, 4.04609522720980113000925029118754023971e+00, 3.05288638184564139105486437024027489388e-01, -1.9112047156373251e-02, -2.3139583003518901e-02
0.22300000, 2.06441236256824703878443704258129845984e+00, -1.88911581718568399913924270574803172783e-01, 2.79182310541700532142107993220003293854e+01, 9.36994441925432250831165262455012657761e-03, 4.04589928624296437103888327909231196708e+00, 3.05301701442689901499068547849729092528e-01, -1.9100959175659037e-02, -2.3169125056896745e-02
0.22400000, 2.06463024903276219371925311106682951753e+00, -1.88904130599529179212092822608827600971e-01, 2.79177621131089537887836764753224230950e+01, 9.42876124542597128280086642426003045439e-03, 4.04570290066457594182811218767105811380e+00, 3.05314801793966700828809086507497475336e-01, -1.9089794813779405e-02, -2.3198729043486640e-02
0.22500000, 2.06484851805826858055308942034819978430e+00, -1.88896641567851223835035495133328331148e-01, 2.79172922044333146120197807432532366525e+01, 9.48772779174265097698431728784464989789e-03, 4.04550606975806899019586920341030296094e+00, 3.05327939377407976320374336352984688078e-01, -1.9078553740312941e-02, -2.3228394986791273e-02
0.22600000, 2.06506717014934066983191386974786244679e+00, -1.88889114544286705223929940916355794917e-01, 2.79168213272835139499722409613939121408e+01, 9.54684404863740341597853470470898555867e-03, 4.04530879280462767451931154630482869704e+00, 3.05341114332626224175795939018938410629e-01, -1.9067235623377099e-02, -2.3258122909771644e-02
0.22700000, 2.06528620581226246446950072102766813696e+00, -1.88881549449211531963345078062301605632e-01, 2.79163494807972824124087357013974512383e+01, 9.60611000640055806543034793065951198235e-03, 4.04511106908318174402631472582534767370e+00, 3.05354326799834183601673266431859673928e-01, -1.9055840129622137e-02, -2.3287912834841043e-02
0.22800000, 2.06550562555503340702384918821669254535e+00, -1.88873946202623757172970742026533962945e-01, 2.79158766641096949943413325847449423892e+01, 9.66552565517868292041127007852300908692e-03, 4.04491289787040109685182890905569415385e+00, 3.05367576919846005651372249516194045326e-01, -1.9044366924225034e-02, -2.3317764783858979e-02
0.22900000, 2.06572542988737431765919488575901093294e+00, -1.88866304724141975784576802908430332466e-01, 2.79154028763531630787393554104705963246e+01, 9.72509098497352823852092338904031781884e-03, 4.04471427844069031566349896338913898588e+00, 3.05380864834078404574014838877013654113e-01, -1.9032815670883379e-02, -2.3347678778125054e-02
0.23000000, 2.06594561932073336297137999105312991968e+00, -1.88858624933003711636360148455314803647e-01, 2.79149281166574264002143337909328817029e+01, 9.78480598564096306583111958726214348276e-03, 4.04451521006618318065876891421189503614e+00, 3.05394190684551791359793831431904635743e-01, -1.9021186031809243e-02, -2.3377654838372787e-02
0.23100000, 2.06616619436829205585562846779446072497e+00, -1.88850906748063794316272384186259954395e-01, 2.79144523841495449694646297957135580890e+01, 9.84467064688990450386662219819972229607e-03, 4.04431569201673715973246573923056242613e+00, 3.05407554613891389167865343427157239531e-01, -1.9009477667723015e-02, -2.3407692984763392e-02
0.23200000, 2.06638715554497128659706355925144152924e+00, -1.88843150087792725685350376459111664488e-01, 2.79139756779538909582658644934965032061e+01, 9.90468495828123966537898139388898633775e-03, 4.04411572355992787561058505243951469738e+00, 3.05420956765328330319765718198068150223e-01, -1.8997690237847227e-02, -2.3437793236879490e-02
0.23300000, 2.06660850336743738536560609249214524062e+00, -1.88835354870275036011495807708228948447e-01, 2.79134979971921405447917841514814776730e+01, 9.96484890922674026622610359234709115485e-03, 4.04391530396104354974268175417589302406e+00, 3.05434397282700734537971102525308666243e-01, -1.8985823399900347e-02, -2.3467955613718783e-02
0.23400000, 2.06683023835410821629820403342156820080e+00, -1.88827521013207629643568670397229428470e-01, 2.79130193409832657190487110966188450953e+01, 1.00251624889879698002223543513329478021e-02, 4.04371443248307942274190157633971465695e+00, 3.05447876310454768105866287080406217608e-01, -1.8973876810090548e-02, -2.3498180133687662e-02
0.23500000, 2.06705236102515930335266629709462005352e+00, -1.88819648433898120155073041746516404861e-01, 2.79125397084435260482052177567392537783e+01, 1.00856256866751832433719503183809435212e-02, 4.04351310838673215115827406577711715381e+00, 3.05461393993645683622014665342575681922e-01, -1.8961850123109457e-02, -2.3528466814594775e-02
0.23600000, 2.06727487190252998811870714796635359241e+00, -1.88811737049263154886121498650488239884e-01, 2.79120590986864604015971440754498033555e+01, 1.01462384912462192334421298266474377014e-02, 4.04331133093039418036742335117843633716e+00, 3.05474950477938840018223305166588950058e-01, -1.8949742992125876e-02, -2.3558815673644521e-02
0.23700000, 2.06749777150992961977315172139713956852e+00, -1.88803786775826728811767094381703399995e-01, 2.79115775108228786351865482243383854896e+01, 1.02070008915053846703720573619289005907e-02, 4.04310909937014809335333945178577464455e+00, 3.05488545909610702507476134151844414986e-01, -1.8937555068779478e-02, -2.3589226727430514e-02
0.23800000, 2.06772106037284377736760836276396476785e+00, -1.88795797529718487664188868014768821217e-01, 2.79110949439608532352516382103321517023e+01, 1.02679128761023316825485692462435930530e-02, 4.04290641295976093516028932689079684886e+00, 3.05502180435549822124364103019370580736e-01, -1.8925286003174488e-02, -2.3619699991928969e-02
0.23900000, 2.06794473901854052463827971691930964707e+00, -1.88787769226672020235608335646966781135e-01, 2.79106113972057109210831774846416708739e+01, 1.03289744335309269035106606355976256202e-02, 4.04270327095067851278533274566876504030e+00, 3.05515854203257794517173901951447528855e-01, -1.8912935443873321e-02, -2.3650235482492045e-02
0.24000000, 2.06816880797607669752896191253976507441e+00, -1.88779701782023139788200260422398673229e-01, 2.79101268696600242064612908911096530192e+01, 1.03901855521281130031710009266750664721e-02, 4.04249967259201967027924278444255971922e+00, 3.05529567360850197647306357629352078045e-01, -1.8900503037890216e-02, -2.3680833213841134e-02
0.24100000, 2.06839326777630422461966987825786073002e+00, -1.88771595110708154496641156370848934820e-01, 2.79096413604236029196850181333527595933e+01, 1.04515462200727624171646989797055069288e-02, 4.04229561713057053881991373505649648958e+00, 3.05543320057057508048182030640284839302e-01, -1.8887988430684835e-02, -2.3711493200060082e-02
0.24200000, 2.06861811895187648065472690661184701295e+00, -1.88763449127262126848313388744318086670e-01, 2.79091548685934856819253702780648787722e+01, 1.05130564253845232174529737139896259002e-02, 4.04209110381077876151856983065847710089e+00, 3.05557112441225995292254763961297737861e-01, -1.8875391266155833e-02, -2.3742215454588363e-02
0.24300000, 2.06884336203725467336556815513066445007e+00, -1.88755263745817121925551329760418132396e-01, 2.79086673932639313436710405313022929511e+01, 1.05747161559226570668222715835399668388e-02, 4.04188613187474769271526585575955625891e+00, 3.05570944663318594311194006181465004846e-01, -1.8862711186634418e-02, -2.3772999990214194e-02
0.24400000, 2.06906899756871426378493094977115609914e+00, -1.88747038880100444493678751615141527730e-01, 2.79081789335264103790343035093781383366e+01, 1.06365253993848691994276615945786002836e-02, 4.04168070056223057151629479279312852662e+00, 3.05584816873915755210713653722508791185e-01, -1.8849947832877868e-02, -2.3803846819067584e-02
0.24500000, 2.06929502608435142025053964405575975524e+00, -1.88738774443432864817943425756629473131e-01, 2.79076894884695962376830073588454421315e+01, 1.06984841433061303690329817150091202175e-02, 4.04147480911062466932218754926132533858e+00, 3.05598729224216270217918933249423999426e-01, -1.8837100844063045e-02, -2.3834755952613341e-02
0.24600000, 2.06952144812408950629783949838666284605e+00, -1.88730470348726833131805685431967278037e-01, 2.79071990571793566541629202424283957081e+01, 1.07605923750574907060991580010566845796e-02, 4.04126845675496541109100488455024627004e+00, 3.05612681866038077395413490415686198125e-01, -1.8824169857779861e-02, -2.3865727401643999e-02
0.24700000, 2.06974826422968560264279269006651236661e+00, -1.88722126508484682678382433403470635039e-01, 2.79067076387387449143730367799336989267e+01, 1.08228500818448854243663191949773511921e-02, 4.04106164272792047007758128510970656683e+00, 3.05626674951819040752756378798852031465e-01, -1.8811154510024739e-02, -2.3896761176272705e-02
0.24800000, 2.06997547494473706345722025864422767874e+00, -1.88713742834796821246186673699752711074e-01, 2.79062152322279910789547808941668333209e+01, 1.08852572507079323170647340037191851069e-02, 4.04085436625978383578528408728242342524e+00, 3.05640708634617706382183071180043392160e-01, -1.8798054435194037e-02, -2.3927857285926034e-02
0.24900000, 2.07020308081468810714065664762719583649e+00, -1.88705319239339911119635049778260186716e-01, 2.79057218367244931633543590394725637045e+01, 1.09478138685187209823741542243089238709e-02, 4.04064662657846985486269797984023765053e+00, 3.05654783068114034241805965169667049606e-01, -1.8784869266077455e-02, -2.3959015739336749e-02
0.25000000, 2.07043108238683644179417863786395497986e+00, -1.88696855633375037364122015216023770642e-01, 2.79052274513028082743158218612325611107e+01, 1.10105199219805937172308022013429055689e-02, 4.04043842290950724467343448929224930063e+00, 3.05668898406610105205788150727594414840e-01, -1.8771598633851409e-02, -2.3990236544536495e-02
0.25100000, 2.07065948021033992560317799673021417012e+00, -1.88688351927745864364779079918015053157e-01, 2.79047320750346437025606828237261213905e+01, 1.10733753976269180180559430323123169807e-02, 4.04022975447603307926299751115609380960e+00, 3.05683054805030802997239475740497141098e-01, -1.8758242168072391e-02, -2.4021519708848441e-02
0.25200000, 2.07088827483622326233756720860584462102e+00, -1.88679808032876780537350996949304471027e-01, 2.79042357069888479714082191251407256781e+01, 1.11363802818198506264496770998022744512e-02, 4.04002062049878674744230874533763865757e+00, 3.05697252418924470615816218144043079990e-01, -1.8744799496670291e-02, -2.4052865238879849e-02
0.25300000, 2.07111746681738473217944032522022026803e+00, -1.88671223858771031128927713767030238190e-01, 2.79037383462314018410888431648487943558e+01, 1.11995345607490930573582228950974768125e-02, 4.03981102019610388270311036407040341669e+00, 3.05711491404463540868214983070046213980e-01, -1.8731270245941710e-02, -2.4084273140514588e-02
0.25400000, 2.07134705670860295808975639974035134594e+00, -1.88662599315008839025571337346661795682e-01, 2.79032399918254092685011818106643946286e+01, 1.12628382204306385466824790533628501853e-02, 4.03960095278391026467601572185587846017e+00, 3.05725771918445140605937828474654583124e-01, -1.8717654040543232e-02, -2.4115743418905584e-02
0.25500000, 2.07157704506654370792717126773131937499e+00, -1.88653934310745513483171185135964288528e-01, 2.79027406428310883221617356026403630778e+01, 1.13262912467055103547500027446385110099e-02, 4.03939041747571569183747173865168861951e+00, 3.05740094118291668270869123383236195017e-01, -1.8703950503484682e-02, -2.4147276078467204e-02
0.25600000, 2.07180743244976673253371473437561922007e+00, -1.88645228754709546697147141766579152392e-01, 2.79022402983057620520942106936908079916e+01, 1.13898936252384913615216630975026853458e-02, 4.03917941348260782516732807510155091217e+00, 3.05754458162051344345345303438806503136e-01, -1.8690159256122356e-02, -2.4178871122867576e-02
0.25700000, 2.07203821941873264000359464494977556713e+00, -1.88636482555200698125901942998759531455e-01, 2.79017389573038493144038226331860931040e+01, 1.14536453415168448888480665466972293287e-02, 4.03896794001324600245407769160151528258e+00, 3.05768864208398734299516556523836791695e-01, -1.8676279918152224e-02, -2.4210528555020851e-02
0.25800000, 2.07226940653580980635300698019969503289e+00, -1.88627695620088066482196590604351257400e-01, 2.79012366188768555502800629135424300071e+01, 1.15175463808490266845293485899727060439e-02, 4.03875599627385502294014015594459608323e+00, 3.05783312416635243624894598036472508441e-01, -1.8662312107603113e-02, -2.4242248377079388e-02
0.25900000, 2.07250099436528132281044215694698162519e+00, -1.88618867856808149305889791073419453642e-01, 2.79007332820733635191695963861907001158e+01, 1.15815967283633880023650254261103100910e-02, 4.03854358146821890199480244645022729923e+00, 3.05797802946689584539053135717957502200e-01, -1.8648255440829858e-02, -2.4274030590425888e-02
0.26000000, 2.07273298347335197994860225536873426202e+00, -1.88609999172362890030742032548402414500e-01, 2.79002289459390239858591200752166857278e+01, 1.16457963690068697118082406452385649208e-02, 4.03833069479767459549761129290715772910e+00, 3.05812335959118213942497436148421427190e-01, -1.8634109532506436e-02, -2.4305875195665446e-02
0.26100000, 2.07296537442815528888068206766656745193e+00, -1.88601089473317712457237592742735478761e-01, 2.78997236095165463612061614360416141599e+01, 1.17101452875436873702608671712655686648e-02, 4.03811733546110569361012560514715252377e+00, 3.05826911615105742204746651220213326980e-01, -1.8619873995619066e-02, -2.4337782192617554e-02
0.26200000, 2.07319816779976053974541879940796334242e+00, -1.88592138665799542542623329382167515606e-01, 2.78992172718456892962539265829316879856e+01, 1.17746434685540071904624729196569423109e-02, 4.03790350265493608360898655219508581733e+00, 3.05841530076465312352677308838960740125e-01, -1.8605548441459294e-02, -2.4369751580308018e-02
0.26300000, 2.07343136416017989770698108722005686573e+00, -1.88583146655494817418601466595433496182e-01, 2.78987099319632512294644263015948052590e+01, 1.18392908964326128348370693157415875254e-02, 4.03768919557312358144824566204302947149e+00, 3.05856191505638949230158687322967388411e-01, -1.8591132479617046e-02, -2.4401783356960824e-02
0.26400000, 2.07366496408337553669744785869900138217e+00, -1.88574113347647481546344677428692247531e-01, 2.78982015889030608868022096288643649094e+01, 1.19040875553875629680667733721835404072e-02, 4.03747441340715353171380719626538321417e+00, 3.05870896065697878193970750797703713873e-01, -1.8576625717973655e-02, -2.4433877519989923e-02
0.26500000, 2.07389896814526681113132158776142205506e+00, -1.88565038647056969917725495078258813672e-01, 2.78976922416959677343991212762046070387e+01, 1.19690334294388394985609641616221334798e-02, 4.03725915534603237562768929278032113761e+00, 3.05885643920342812906933000478403244642e-01, -1.8562027762694870e-02, -2.4466034065990954e-02
0.26600000, 2.07413337692373746582322882805734844173e+00, -1.88555922458076178210868383390199196990e-01, 2.78971818893698323835285700517007621117e+01, 1.20341285024169864388831402037762645997e-02, 4.03704342057628118675458823667805692304e+00, 3.05900435233904211785088075144710068051e-01, -1.8547338218223834e-02, -2.4498252990732899e-02
0.26700000, 2.07436819099864288434168367680791970315e+00, -1.88546764684609419807341579560695606229e-01, 2.78966705309495169476158505489846600740e+01, 1.20993727579617393145854217172067076934e-02, 4.03682720828192917405794098054341404419e+00, 3.05915270171342502651677298303281181841e-01, -1.8532556687274039e-02, -2.4530534289149659e-02
0.26800000, 2.07460341095181737603352717133741238354e+00, -1.88537565230110369577507006708141850398e-01, 2.78961581654568753510090995723014832834e+01, 1.21647661795206450502824262956513752444e-02, 4.03661051764450715194732195422057656312e+00, 3.05930148898248275146516708436650432792e-01, -1.8517682770822253e-02, -2.4562877955331570e-02
0.26900000, 2.07483903736708150195540769195672243455e+00, -1.88528323997579994339740058007124359578e-01, 2.78956447919107435892334919041816692290e+01, 1.22303087503476722611720130078979439986e-02, 4.03639334784304097695358053638120153460e+00, 3.05945071580842440435231515282853441669e-01, -1.8502716068101430e-02, -2.4595283982516838e-02
0.27000000, 2.07507507083024943995043438056896646488e+00, -1.88519040889564469898416793303051931468e-01, 2.78951304093269299404492869438872184581e+01, 1.22960004535018118775800720479246452039e-02, 4.03617569805404495066262455820227374911e+00, 3.05960038385976357758634496257994496520e-01, -1.8487656176593584e-02, -2.4627752363082914e-02
0.27100000, 2.07531151192913638910991752879589234157e+00, -1.88509715808153084564743978474937139917e-01, 2.78946150167182051278323282972867175975e+01, 1.23618412718456680294700679362385454751e-02, 4.03595756745151518853318211933786728726e+00, 3.05975049481131927358339683985124465484e-01, -1.8472502692022645e-02, -2.4660283088537780e-02
0.27200000, 2.07554836125356601386190698851725741107e+00, -1.88500348654976129063677351163301988793e-01, 2.78940986130942924325935724267813559716e+01, 1.24278311880440391172153561393042030375e-02, 4.03573895520692295421822805934463112741e+00, 3.05990105034421649310486903613303658707e-01, -1.8457255208347289e-02, -2.4692876149511181e-02
0.27300000, 2.07578561939537792793005205900634531265e+00, -1.88490939331202772729335426667081100928e-01, 2.78935811974618577573521798164091834385e+01, 1.24939701845624889942833172537696320666e-02, 4.03551986048920795900404187972774412448e+00, 3.06005205214588647795215406549103469929e-01, -1.8441913317753743e-02, -2.4725531535745768e-02
0.27400000, 2.07602328694843521840813415746558702731e+00, -1.88481487737538925890469976616558159553e-01, 2.78930627688244996395746426136823860961e+01, 1.25602582436659081868250201836756370691e-02, 4.03530028246477162597506998351798552268e+00, 3.06020350191006660325266128928768273637e-01, -1.8426476610648561e-02, -2.4758249236088173e-02
0.27500000, 2.07626136450863201019746703446843653588e+00, -1.88471993774225088346699931155577358186e-01, 2.78925433261827392147903462157597206363e+01, 1.26266953474170650745023657643382714301e-02, 4.03508022029747031850689601625424449149e+00, 3.06035540133679991452812096421509691965e-01, -1.8410944675651381e-02, -2.4791029238480012e-02
0.27600000, 2.07649985267390107105621850498769287261e+00, -1.88462457341034183835352782435869031418e-01, 2.78920228685340101292918686112124239791e+01, 1.26932814776751469562164039416791818498e-02, 4.03485967314860853268367807469461708652e+00, 3.06050775213243430469315323837835466123e-01, -1.8395317099587650e-02, -2.4823871529948805e-02
0.27700000, 2.07673875204422145751158278338542804842e+00, -1.88452878337269380387886511758635273540e-01, 2.78915013948726484020262103061673057252e+01, 1.27600166160942909237256889176853667691e-02, 4.03463864017693205323038981256725766460e+00, 3.06066055600962132608886344899100555897e-01, -1.8379593467481333e-02, -2.4856776096598828e-02
0.27800000, 2.07697806322162620188762369268325156183e+00, -1.88443256661761896473985532097035521345e-01, 2.78909789041898822353810191895166279413e+01, 1.28269007441221044654620647586503624617e-02, 4.03441712053862107254410322604883940411e+00, 3.06081381468731463261279385131969213367e-01, -1.8363773362547586e-02, -2.4889742923601880e-02
0.27900000, 2.07721778681021004070351642205037070514e+00, -1.88433592212868792830536038270505784732e-01, 2.78904553954738217745677285589121515223e+01, 1.28939338429981757221630850782731071781e-02, 4.03419511338728327240237335007613974988e+00, 3.06096752989076804696292294294438817103e-01, -1.8347856366185414e-02, -2.4922771995187982e-02
0.28000000, 2.07745792341613718469883929088675821899e+00, -1.88423884888470749871789393844436704236e-01, 2.78899308677094488153013625683607544509e+01, 1.29611158937525733152452898940793836421e-02, 4.03397261787394686792052843951808029931e+00, 3.06112170335153324796955823547090458352e-01, -1.8331842057970298e-02, -2.4955863294635986e-02
0.28100000, 2.07769847364764913074450730402590273120e+00, -1.88414134585969830576116660861537790312e-01, 2.78894053198786064594745813985493257409e+01, 1.30284468772043356681407150384108882539e-02, 4.03374963314705361332333264094425899074e+00, 3.06127633680745707294491810734923589865e-01, -1.8315730015646797e-02, -2.4989016804264120e-02
0.28200000, 2.07793943811507251589989631308358527108e+00, -1.88404341202287228743842998561856241554e-01, 2.78888787509599887185213383198512441352e+01, 1.30959267739599497401102180813583377577e-02, 4.03352615835245176909007087033325096240e+00, 3.06143143200267842993594473107044358069e-01, -1.8299519815121130e-02, -2.5022232505420438e-02
0.28300000, 2.07818081743082701387868049826605737026e+00, -1.88394504633861002519727321911311400339e-01, 2.78883511599291300641633023407537929215e+01, 1.31635555644118190913313921484237064240e-02, 4.03330219263338903002560678352022130523e+00, 3.06158699068762481472143453556105779465e-01, -1.8283211030453724e-02, -2.5055510378473205e-02
0.28400000, 2.07842261220943327418789681925736791144e+00, -1.88384624776643793072720220418781693699e-01, 2.78878225457583949262299631347653621966e+01, 1.32313332287367211973359268925235755009e-02, 4.03307773513050541380338353828865417454e+00, 3.06174301461900842734991681537352857091e-01, -1.8266803233851748e-02, -2.5088850402801188e-02
0.28500000, 2.07866482306752090420675822119212106458e+00, -1.88374701526100528324691591538485434726e-01, 2.78872929074169671372410792383826616291e+01, 1.32992597468942539301411848436063989775e-02, 4.03285278498182610951967267342592966372e+00, 3.06189950555982188296985655337375074898e-01, -1.8250295995661615e-02, -2.5122252556783873e-02
0.28600000, 2.07890745062383649447376289209584560153e+00, -1.88364734777206111618868638844442506266e-01, 2.78867622438708393234378559311674247851e+01, 1.33673350986252711226834110652105236326e-02, 4.03262734132275428579162803932031443678e+00, 3.06205646527933351165870595021829123828e-01, -1.8233688884361457e-02, -2.5155716817791601e-02
0.28700000, 2.07915049549925168745268992332061311750e+00, -1.88354724424443095217764719784675963365e-01, 2.78862305540828022419469455641987521938e+01, 1.34355592634503071324153031581141679495e-02, 4.03240140328606385792486847019597541611e+00, 3.06221389555308224191208226552031038906e-01, -1.8216981466553583e-02, -2.5189243162175617e-02
0.28800000, 2.07939395831677129005013249809257538089e+00, -1.88344670361799338519409896555524656268e-01, 2.78856978370124340637590502109609459492e+01, 1.35039322206679903191785548224949790674e-02, 4.03217497000189221366939394817934394823e+00, 3.06237179816287206240890913238211497688e-01, -1.8200173306956907e-02, -2.5222831565258037e-02
0.28900000, 2.07963783970154143015929840091166202295e+00, -1.88334572482765650879714840568133204708e-01, 2.78851640916160896022015741889334682799e+01, 1.35724539493534453517023660569675938372e-02, 4.03194804059773289707563452729289935079e+00, 3.06253017489676605662272631597580229136e-01, -1.8183263968399349e-02, -2.5256482001321732e-02
0.29000000, 2.07988214028085775750690437973313464318e+00, -1.88324430680333418927810858885478921650e-01, 2.78846293168468894865824220525879278479e+01, 1.36411244283566842563117022363878890605e-02, 4.03172061419842824995533840933575833180e+00, 3.06268902754908000480355080227861173739e-01, -1.8166253011810216e-02, -2.5290194443600124e-02
0.29100000, 2.08012686068417368908210588311151004172e+00, -1.88314244846992218260210141335352717231e-01, 2.78840935116547092806796658989432238163e+01, 1.37099436363009861206541973227949437362e-02, 4.03149268992616201044482443653002619589e+00, 3.06284835792037554780866202649789851865e-01, -1.8149139996212558e-02, -2.5323968864266903e-02
0.29200000, 2.08037200154310869942853711728322159930e+00, -1.88304014874727409398621759851062394160e-01, 2.78835566749861685457494140629940075755e+01, 1.37789115515812653644719468148606174016e-02, 4.03126426690045186816085402583999311512e+00, 3.06300816781745290721448793134549091499e-01, -1.8131924478715495e-02, -2.5357805234425650e-02
0.29300000, 2.08061756349145665608268840700155210477e+00, -1.88293740655017717895240375689706512949e-01, 2.78830188057846198477218013178277023158e+01, 1.38480281523624284886539361428886655580e-02, 4.03103534423814197543201735003296753753e+00, 3.06316845905334315609538838016299640997e-01, -1.8114606014506521e-02, -2.5391703524099379e-02
0.29400000, 2.08086354716519420044401868434942008955e+00, -1.88283422078832798468295912875279452252e-01, 2.78824799029901377082525883365827774866e+01, 1.39172934165777192130064113887320299802e-02, 4.03080592105339541408107749886022678050e+00, 3.06332923344730003480857028400810359407e-01, -1.8097184156843787e-02, -2.5425663702219986e-02
0.29500000, 2.08110995320248917436439075933846969224e+00, -1.88273059036630783049613523454372493208e-01, 2.78819399655395074992954052219345583130e+01, 1.39867073219270519123720316657867734729e-02, 4.03057599645768661722617355321522012758e+00, 3.06349049282479130607762672845520680101e-01, -1.8079658457048354e-02, -2.5459685736617614e-02
0.29600000, 2.08135678224370909274662603454028123897e+00, -1.88262651418355812624883886456445684753e-01, 2.78813989923662142808572001627147362377e+01, 1.40562698458753332599140553238866695386e-02, 4.03034556955979374556114809381912481727e+00, 3.06365223901748964362027254670369128719e-01, -1.8062028464496423e-02, -2.5493769594009928e-02
0.29700000, 2.08160403493142966244420370508454036847e+00, -1.88252199113435552746284130896440416694e-01, 2.78808569824004315815969595335721936931e+01, 1.41259809656507719855590133000296130243e-02, 4.03011463946579101756753575697912674204e+00, 3.06381447386326304851875337084098755077e-01, -1.8044293726611546e-02, -2.5527915239991298e-02
0.29800000, 2.08185171191044334775637742903638222039e+00, -1.88241702010778692596019335360144604208e-01, 2.78803139345690101219252498070394132760e+01, 1.41958406582431766567602192174522306122e-02, 4.02988320527904099310292615141184837043e+00, 3.06397719920616478748413644169385445025e-01, -1.8026453788856802e-02, -2.5562122639021892e-02
0.29900000, 2.08209981382776798281525015753354684703e+00, -1.88231159998772427478273512804672330555e-01, 2.78797698477954664792595942905055908776e+01, 1.42658489004022413879049628722208635657e-02, 4.02965126610018680980249586525345654783e+00, 3.06414041689642284711825165737252873845e-01, -1.8008508194726957e-02, -2.5596391754416680e-02
0.30000000, 2.08234834133265543116363547741888911889e+00, -1.88220572965279924615967117816852174804e-01, 2.78792247209999716950881387236635213075e+01, 1.43360056686358193838402359822080950792e-02, 4.02941882102714437172248951952006462333e+00, 3.06430412879042889822944282807015494765e-01, -1.7990456485740596e-02, -2.5630722548334342e-02
0.30100000, 2.08259729507660029282484164196053884503e+00, -1.88209940797637772127615291806325974495e-01, 2.78786785530993398234914789629374227541e+01, 1.44063109392081842221352497500495179825e-02, 4.02918586915509448964631795688894376883e+00, 3.06446833675072676421051426567565822243e-01, -1.7972298201432234e-02, -2.5665114981766084e-02
0.30200000, 2.08284667571334865916784265037338938483e+00, -1.88199263382653411058467165027644465111e-01, 2.78781313430070164207699211238261520545e+01, 1.44767646881382787778337249327446738218e-02, 4.02895240957647497246573178133632320480e+00, 3.06463304264600038743931910617648496818e-01, -1.7954032879344396e-02, -2.5699569014524364e-02
0.30300000, 2.08309648389890691587364948927970608595e+00, -1.88188540606602550338981436919891545740e-01, 2.78775830896330669758208194332632342936e+01, 1.45473668911979516935748675037418241412e-02, 4.02871844138097266904121966864764056993e+00, 3.06479824835106128761433562475267305548e-01, -1.7935660055019680e-02, -2.5734084605231520e-02
0.30400000, 2.08334672029155059431106417631517293059e+00, -1.88177772355226564542557030428287602878e-01, 2.78770337918841652809079894428648307344e+01, 1.46181175239101812970789861736789629474e-02, 4.02848396365551545993737222905199303379e+00, 3.06496395574683550588931879122853857116e-01, -1.7917179261992792e-02, -2.5768661711308299e-02
0.30500000, 2.08359738555183327163238975747355511910e+00, -1.88166958513729874313289732524274813169e-01, 2.78764834486635817424625239487534834135e+01, 1.46890165615472868671017602683658900695e-02, 4.02824897548426419842044279537180461469e+00, 3.06513016672035002862269900976564548550e-01, -1.7898590031782557e-02, -2.5803300288962299e-02
0.30600000, 2.08384848034259551990208111752354181746e+00, -1.88156098966777309333366261230365153169e-01, 2.78759320588711716315516457305050319143e+01, 1.47600639791291271480601247241993486790e-02, 4.02801347594860460009672540249793156568e+00, 3.06529688316471868450883102325561905429e-01, -1.7879891893883907e-02, -2.5838000293176306e-02
0.30700000, 2.08410000532897390457375458135115576612e+00, -1.88145193598491453698536006589500511857e-01, 2.78753796214033632736495148341857726810e+01, 1.48312597514212860126224989233647337665e-02, 4.02777746412713908056165648132792432256e+00, 3.06546410697912750880947602099428712489e-01, -1.7861084375759848e-02, -2.5872761677696538e-02
0.30800000, 2.08435196117841003263342903022683672217e+00, -1.88134242292449973568917645023070278304e-01, 2.78748261351531461773411683534349397301e+01, 1.49026038529332451706365421012768636972e-02, 4.02754093909567854042072947244420640046e+00, 3.06563184006881956835503179833938753082e-01, -1.7842167002833392e-02, -2.5907584395020786e-02
0.30900000, 2.08460434856065965072934785006518518462e+00, -1.88123244931682926961202787522107513818e-01, 2.78742715990100591015880072765721678696e+01, 1.49740962579165438218386631216574386058e-02, 4.02730389992723409703438972696111808737e+00, 3.06580008434507924093601215883532195177e-01, -1.7823139298479482e-02, -2.5942468396386461e-02
0.31000000, 2.08485716814780179361122969051611265302e+00, -1.88112201398670055547111654511596273163e-01, 2.78737160118601780611804577326676843128e+01, 1.50457369403629251488510381740922763774e-02, 4.02706634569200876233004975465878028273e+00, 3.06596884172521594265612045153852870495e-01, -1.7804000784016877e-02, -2.5977413631758536e-02
0.31100000, 2.08511042061424798320431696849004551245e+00, -1.88101111575338058321736334667153274798e-01, 2.78731593725861042700006226486984192561e+01, 1.51175258740024695460237866681904304536e-02, 4.02682827545738906601523114861730231464e+00, 3.06613811413254729676896607686162442124e-01, -1.7784750978700028e-02, -2.6012420049817389e-02
0.31200000, 2.08536410663675147864613452431217767734e+00, -1.88089975343057847004175340320762371019e-01, 2.78726016800669520217149041839846255794e+01, 1.51894630323017144787221121412343195375e-02, 4.02658968828793662351659840230702249117e+00, 3.06630790349638173747103989998616037037e-01, -1.7765389399710915e-02, -2.6047487597946544e-02
0.31300000, 2.08561822689441657761643706253285210719e+00, -1.88078792582641783031618775442266360314e-01, 2.78720429331783365075137170950496567580e+01, 1.52615483884617608666905188067868999434e-02, 4.02635058324537964796030037611399619145e+00, 3.06647821175200054207399775739958698039e-01, -1.7745915562150875e-02, -2.6082616222220310e-02
0.31400000, 2.08587278206870796929341321451262345352e+00, -1.88067563174340896006786338775541554148e-01, 2.78714831307923615705125281591600122944e+01, 1.53337819154163658841485514551430858582e-02, 4.02611095938860440549957639763893859812e+00, 3.06664904084063928492960365367735534484e-01, -1.7726328979032397e-02, -2.6117805867391311e-02
0.31500000, 2.08612777284346013927182648091224630736e+00, -1.88056286997842083457350447941646493546e-01, 2.78709222717776073964255467006388786615e+01, 1.54061635858300220682847613182641449618e-02, 4.02587081577364661328601492130048929929e+00, 3.06682039270946870643085889502085433958e-01, -1.7706629161270899e-02, -2.6153056476877923e-02
0.31600000, 2.08638319990488682678140918648503549271e+00, -1.88044963932265291764693841717978019082e-01, 2.78703603549991181401204558703909641639e+01, 1.54786933720960226268176562972814630059e-02, 4.02563015145368277937117235076715997538e+00, 3.06699226931157499036289341431676704616e-01, -1.7686815617676479e-02, -2.6188367992751591e-02
0.31700000, 2.08663906394159053454648514713523593601e+00, -1.88033593856160678118054946881609319669e-01, 2.78697973793183894876596133729133345458e+01, 1.55513712463345128342841321841571770020e-02, 4.02538896547902148381546706099773031272e+00, 3.06716467260593944282712407869167503907e-01, -1.7666887854945643e-02, -2.6223740355724049e-02
0.31800000, 2.08689536564457209163048025285708722180e+00, -1.88022176647505753348804930655447207033e-01, 2.78692333435933561534301635605422683265e+01, 1.56241971803905274056971822327827514042e-02, 4.02514725689709460027135785916714480431e+00, 3.06733760455741756591199505157947988855e-01, -1.7646845377653013e-02, -2.6259173505134434e-02
0.31900000, 2.08715210570724026961168785546809839772e+00, -1.88010712183702505498277545649138994104e-01, 2.78686682466783793119624899630727204740e+01, 1.56971711458320137351854241470666983076e-02, 4.02490502475244845729779610501799773997e+00, 3.06751106713671751923331057159478270160e-01, -1.7626687688243007e-02, -2.6294667378936285e-02
0.32000000, 2.08740928482542145243938796537179787316e+00, -1.87999200341574503971236454989148222277e-01, 2.78681020874242339640333981305485758494e+01, 1.57702931139478408861870431871694042903e-02, 4.02466226808673493865280547629918732655e+00, 3.06768506232037796241675412161695898989e-01, -1.7606414287021502e-02, -2.6330221913684435e-02
0.32100000, 2.08766690369736936032217605815287432084e+00, -1.87987640997363984125714542817163616650e-01, 2.78675348646780962366473528733767993148e+01, 1.58435630557457942187200029949155122817e-02, 4.02441898593870252180079191461971725073e+00, 3.06785959209074527154466325191572415603e-01, -1.7586024672147471e-02, -2.6365837044521800e-02
0.32200000, 2.08792496302377482800313902372813888124e+00, -1.87976034026728912148595609194166287557e-01, 2.78669665772835306164860013194028331664e+01, 1.59169809419505555381886956401000159517e-02, 4.02417517734418725386081761756187162454e+00, 3.06803465843595012253849969588064822821e-01, -1.7565518339624599e-02, -2.6401512705166045e-02
0.32300000, 2.08818346350777563777932271507769000341e+00, -1.87964379304740030064930656299274367382e-01, 2.78663972240804771164130934016144420788e+01, 1.59905467430016686491144613921691016803e-02, 4.02393084133610366421158604621214556963e+00, 3.06821026334988343439772332706809940689e-01, -1.7544894783292872e-02, -2.6437248827896152e-02
0.32400000, 2.08844240585496640762576793024737737106e+00, -1.87952676705877880727588530177698102392e-01, 2.78658268039052383746187641690753613842e+01, 1.60642604290514901960934772713300082050e-02, 4.02368597694443561295827878099595555128e+00, 3.06838640883217166516494944866651957858e-01, -1.7524153494820152e-02, -2.6473045343538860e-02
0.32500000, 2.08870179077340853478724975332688131784e+00, -1.87940926104029812632433822560177092856e-01, 2.78652553155904666859839674007912684885e+01, 1.61381219699631256731902602941017834689e-02, 4.02344058319622707445565866615053270392e+00, 3.06856309688815145343634542317590676535e-01, -1.7503293963693723e-02, -2.6508902181455005e-02
0.32600000, 2.08896161897364019520373925348178685323e+00, -1.87929127372486964402803491675743991472e-01, 2.78646827579651509652426471176065326081e+01, 1.62121313353083504818683235610999321626e-02, 4.02319465911557285507100601336230372711e+00, 3.06874032952884359818520832794541018441e-01, -1.7482315677211820e-02, -2.6544819269525738e-02
0.32700000, 2.08922189116868639913851686493958842522e+00, -1.87917280383941228785617458547489453475e-01, 2.78641091298546036415160024478742496274e+01, 1.62862884943655159164412262713976011652e-02, 4.02294820372360924435948466279231596138e+00, 3.06891810877092636961556379232295746822e-01, -1.7461218120475131e-02, -2.6580796534138626e-02
0.32800000, 2.08948260807406910338080361729683505805e+00, -1.87905385010482196000007302811059164786e-01, 2.78635344300804474837899416222731382719e+01, 1.63605934161174399548972359668380741869e-02, 4.02270121603850459881344139543984889549e+00, 3.06909643663670814371144110937232144836e-01, -1.7440000776378279e-02, -2.6616833900173646e-02
0.32900000, 2.08974377040781738039774002997721437490e+00, -1.87893441123594076277880944186845608721e-01, 2.78629586574606023569035323622468397768e+01, 1.64350460692492827318089346115475342734e-02, 4.02245369507544985733592452085906904935e+00, 3.06927531515409935309621483738062455729e-01, -1.7418663125601288e-02, -2.6652931290989046e-02
0.33000000, 2.09000537889047764481353320566961685504e+00, -1.87881448594152601434359674640918062327e-01, 2.78623818108092719076129382923017398342e+01, 1.65096464221464065688852094931025618959e-02, 4.02220563984664898757736439076218708636e+00, 3.06945474635658374676506217422403715228e-01, -1.7397204646601020e-02, -2.6689088628407102e-02
0.33100000, 2.09026743424512393759661073688512561331e+00, -1.87869407292421905304526921938193762832e-01, 2.78618038889369301802919839526684548033e+01, 1.65843944428922204375570335590471723834e-02, 4.02195704936130936226288906995937140939e+00, 3.06963473228318895120217220348617889408e-01, -1.7375624815602593e-02, -2.6725305832699750e-02
0.33200000, 2.09052993719736826833866576244062069958e+00, -1.87857317088051382881415495322195279941e-01, 2.78612248906503081618271142160792588811e+01, 1.66592900992660087268101139863254898912e-02, 4.02170792262563206462615138519447752040e+00, 3.06981527497845632534286151865371905737e-01, -1.7353923106590780e-02, -2.6761582822574090e-02
0.33300000, 2.09079288847537101601255116506870662740e+00, -1.87845177850072527988631603659536004370e-01, 2.78606448147523802552611071176855873364e+01, 1.67343333587407441882867269494524324400e-02, 4.02145825864280212205381801940007047325e+00, 3.06999637649241010178920461487180802696e-01, -1.7332098991301386e-02, -2.6797919515157782e-02
0.33400000, 2.09105628880985138859908277919233924705e+00, -1.87832989446895749319469458352728050782e-01, 2.78600636600423506817364619840164133328e+01, 1.68095241884808849294757132236430986133e-02, 4.02120805641297866703301616926816988492e+00, 3.07017803888052580663618072050801230110e-01, -1.7310151939212606e-02, -2.6834315825984311e-02
0.33500000, 2.09132013893409794197594187431342915943e+00, -1.87820751746307164672809587983862298174e-01, 2.78594814253156398102859169854292250579e+01, 1.68848625553401553245935340118398176728e-02, 4.02095731493328502448204747927559068050e+00, 3.07036026420369795021367538599629986538e-01, -1.7288081417536355e-02, -2.6870771668978125e-02
0.33600000, 2.09158443958397915846502639301952282437e+00, -1.87808464615465373214516906843629690453e-01, 2.78588981093638704150140515232446694700e+01, 1.69603484258593107115303278341960719275e-02, 4.02070603319779872453256144280152241335e+00, 3.07054305452820698099795915610722715076e-01, -1.7265886891209588e-02, -2.6907286956439660e-02
0.33700000, 2.09184919149795408543778875537371014732e+00, -1.87796127920898205591460900536016268995e-01, 2.78583137109748538592103988805971768374e+01, 1.70359817662638857419929140856260745614e-02, 4.02045421019754143981913015405969037782e+00, 3.07072641192568549489450106219617779236e-01, -1.7243567822885595e-02, -2.6943861599030226e-02
0.33800000, 2.09211439541708303438131579901822832848e+00, -1.87783741528499451723669821474645734177e-01, 2.78577282289325762059309329942439270716e+01, 1.71117625424619262507215015490720169266e-02, 4.02020184492046884631978213252632363972e+00, 3.07091033847308369204216555778161603358e-01, -1.7221123672925270e-02, -2.6980495505756776e-02
0.33900000, 2.09238005208503834083115391587140061145e+00, -1.87771305303525566098503325445605335980e-01, 2.78571416620171842545811997187270424390e+01, 1.71876907200417045083883232944135593560e-02, 4.01994893635146040677853384963990044467e+00, 3.07109483625263407323699199410683880581e-01, -1.7198553899388376e-02, -2.7017188583956543e-02
0.34000000, 2.09264616224811518558015998463808880087e+00, -1.87758819110592350389083325006889215876e-01, 2.78565540090049715030307372262120964872e+01, 1.72637662642694177215043734585222855755e-02, 4.01969548347230907572830248702798242852e+00, 3.07127990735181536802186993671152288118e-01, -1.7175857958024770e-02, -2.7053940739281544e-02
0.34100000, 2.09291272665524247757596659996830522372e+00, -1.87746282813671613217560781150880299765e-01, 2.78559652686683640347847718830747238367e+01, 1.73399891400868696413647047414605387741e-02, 4.01944148526171092511979126362854435654e+00, 3.07146555386331568643650573749418707698e-01, -1.7153035302265626e-02, -2.7090751875682965e-02
0.34200000, 2.09317974605799379892298868419236113110e+00, -1.87733696276087806882116493480409414815e-01, 2.78553754397759063307354847320841121392e+01, 1.74163593121091351427531942746038553698e-02, 4.01918694069525468954900829907669462449e+00, 3.07165177788499488637013000967101300747e-01, -1.7130085383214631e-02, -2.7127621895395400e-02
0.34300000, 2.09344722121059841240826816011047495704e+00, -1.87721059360514640864896470490341548127e-01, 2.78547845210922470050114192471589894039e+01, 1.74928767446222076318041338513705728772e-02, 4.01893184874541123006301034190133181029e+00, 3.07183858151984614840742624708770091922e-01, -1.7107007649639160e-02, -2.7164550698920973e-02
0.34400000, 2.09371515286995233197385429111700770742e+00, -1.87708371928971671936366951957127722602e-01, 2.78541925113781244644398429725336630885e+01, 1.75695414015806291410802801868168373370e-02, 4.01867620838152291551025268872715290747e+00, 3.07202596687595675000617205629611847992e-01, -1.7083801547961435e-02, -2.7201538185013314e-02
0.34500000, 2.09398354179562945656184988966146717456e+00, -1.87695633842820870669840398631487441165e-01, 2.78535994093903524911330836621670560881e+01, 1.76463532466051029685749414765709314027e-02, 4.01842001856979292038857515614745467511e+00, 3.07221393606646803079308063036819379372e-01, -1.7060466522249671e-02, -2.7238584250661406e-02
0.34600000, 2.09425238874989276776171819227784132320e+00, -1.87682844962763164178171541237290857762e-01, 2.78530052138818057477060342467165103441e+01, 1.77233122429800887159791053750388028653e-02, 4.01816327827327443813035993760408479698e+00, 3.07240249120953454071231551597260921694e-01, -1.7037002014209189e-02, -2.7275688791073298e-02
0.34700000, 2.09452169449770559169294213871032973844e+00, -1.87670005148834954882851669113247542258e-01, 2.78524099236014052046281600186499105912e+01, 1.78004183536513795801733556194257336962e-02, 4.01790598645185980875075947690740450429e+00, 3.07259163442828236270913076457155615025e-01, -1.7013407463173530e-02, -2.7312851699659675e-02
0.34800000, 2.09479145980674292555965741761070251141e+00, -1.87657114260404615123939513638211348854e-01, 2.78518135372941034892094454812105981765e+01, 1.78776715412236617505082025632595238246e-02, 4.01764814206226955977111000742020430135e+00, 3.07278136785076660157906559455839692029e-01, -1.6989682306095532e-02, -2.7350072868017298e-02
0.34900000, 2.09506168544740282931744329954053544715e+00, -1.87644172156168957417458114791756467862e-01, 2.78512160537008701557157869899088189297e+01, 1.79550717679580557630252871512052781555e-02, 4.01738974405804135931571802692781378870e+00, 3.07297169360992803056110212729321941926e-01, -1.6965825977538406e-02, -2.7387352185912295e-02
0.35000000, 2.09533237219281788289605132137078563357e+00, -1.87631178694149680165058719701762901080e-01, 2.78506174715586768761053702576689618545e+01, 1.80326189957696396613455262585855778483e-02, 4.01713079138951888026613158437579904895e+00, 3.07316261384354888720118102210210538271e-01, -1.6941837909666780e-02, -2.7424689541263324e-02
0.35100000, 2.09560352081886670942548167060630046625e+00, -1.87618133731689788618904815604238788296e-01, 2.78500177896004825508735686240849858379e+01, 1.81103131862249538125084652833264831974e-02, 4.01687128300384057434278472356645523662e+00, 3.07335413069420780996046736997016700950e-01, -1.6917717532237741e-02, -2.7462084820124579e-02
0.35200000, 2.09587513210418556491648100388802772722e+00, -1.87605037125449990902861608927476102034e-01, 2.78494170065552183394898583284361551638e+01, 1.81881543005394872245897043847328137441e-02, 4.01661121784492835496953063418469792783e+00, 3.07354624630923390699077247871661030846e-01, -1.6893464272591844e-02, -2.7499537906668669e-02
0.35300000, 2.09614720683017999485023378545028245215e+00, -1.87591888731405068889188386662158085684e-01, 2.78488151211477726099061704937812953406e+01, 1.82661422995751452114500782661168534067e-02, 4.01635059485347618776205587181154706065e+00, 3.07373896284065994844757067740942974017e-01, -1.6869077555644119e-02, -2.7537048683169342e-02
0.35400000, 2.09641974578103655813575241749566033695e+00, -1.87578688404840223728022992002525819168e-01, 2.78482121320989758066119857396953024462e+01, 1.83442771438376982484811037970394968221e-02, 4.01608941296693858746649329152560356954e+00, 3.07393228244517467365910848422496712227e-01, -1.6844556803875051e-02, -2.7574617029984065e-02
0.35500000, 2.09669274974373461889723982856660767962e+00, -1.87565436000347395825018866366501702463e-01, 2.78476080381255852367073259036145639620e+01, 1.84225587934742118617058703747085908542e-02, 4.01582767111951902015972395592951142645e+00, 3.07412620728407420441819093381978873544e-01, -1.6819901437321550e-02, -2.7612242825536464e-02
0.35600000, 2.09696621950805820655750216577838622648e+00, -1.87552131371821559060545503915314322402e-01, 2.78470028379402697734606078703019498033e+01, 1.85009872082704573910728374121454524658e-02, 4.01556536824215820950787708558534396001e+00, 3.07432073952321255561135107413087474049e-01, -1.6795110873567903e-02, -2.7649925946298612e-02
0.35700000, 2.09724015586660794468732918449802708357e+00, -1.87538774372456989041892478801857132749e-01, 2.78463965302515944768140965859564263714e+01, 1.85795623476483034672417217235092540105e-02, 4.01530250326252234586440097147235620509e+00, 3.07451588133295123434826815577460832851e-01, -1.6770184527736712e-02, -2.7687666266773162e-02
0.35800000, 2.09751455961481304909463623155933919053e+00, -1.87525364854743505177925182353162167263e-01, 2.78457891137640051302954275635911773906e+01, 1.86582841706630880396056021563698111335e-02, 4.01503907510499119697378551469815332247e+00, 3.07471163488810791870250239630097875990e-01, -1.6745121812479814e-02, -2.7725463659475344e-02
0.35900000, 2.09778943155094339563107476689412218358e+00, -1.87511902670462686363626786521418702819e-01, 2.78451805871778126937893631603243585420e+01, 1.87371526360009707917213341497595551337e-02, 4.01477508269064611903156754371298975625e+00, 3.07490800236790420712286396001068873071e-01, -1.6719922137969188e-02, -2.7763317994914795e-02
0.36000000, 2.09806477247612165819776855974266074650e+00, -1.87498387670684060059925466967325272236e-01, 2.78445709491891776716196012111654926147e+01, 1.88161677019762657787311447386132672029e-02, 4.01451052493725796683564212498786562517e+00, 3.07510498595591242952303551054827663446e-01, -1.6694584911887849e-02, -2.7801229141577249e-02
0.36100000, 2.09834058319433551743582043036242999144e+00, -1.87484819705761264552148306225715108384e-01, 2.78439601984900943953860688188319143511e+01, 1.88953293265287541197516578112035012196e-02, 4.01424540075927490174813556665740610122e+00, 3.07530258784000151100542592987709862020e-01, -1.6669109539420726e-02, -2.7839196965906063e-02
0.36200000, 2.09861686451244994059126009219818401826e+00, -1.87471198625328184168363283058136164763e-01, 2.78433483337683752209987078012196437757e+01, 1.89746374672209765765823662138952818338e-02, 4.01397970906781009617116754894525484059e+00, 3.07550081021228187912365211643136712688e-01, -1.6643495423245523e-02, -2.7877221332283592e-02
0.36300000, 2.09889361724021953304816769352453590785e+00, -1.87457524278295057236768063132866685832e-01, 2.78427353537076346393442910584743703504e+01, 1.90540920812355058484435047274139224538e-02, 4.01371344877062933322373962900047432225e+00, 3.07569965526904940553653073908506803866e-01, -1.6617741963523575e-02, -2.7915302103012412e-02
0.36400000, 2.09917084219030096202781047730430395587e+00, -1.87443796512844556559158659647314528012e-01, 2.78421212569872733000183005061539746402e+01, 1.91336931253721984107931661904548822407e-02, 4.01344661877213850029073408552318594053e+00, 3.07589912521072837285501699069937604783e-01, -1.6591848557890679e-02, -2.7953439138296374e-02
0.36500000, 2.09944854017826545295577199413441632775e+00, -1.87430015176427842175362147667186738938e-01, 2.78415060422824619475493467905703026359e+01, 1.92134405560454257245951192941581557490e-02, 4.01317921797337097509858951037171811387e+00, 3.07609922224181345743215730854806289524e-01, -1.6565814601447924e-02, -2.7991632296221506e-02
0.36600000, 2.09972671202261135900323494148705780952e+00, -1.87416180115760586191345206178853362138e-01, 2.78408897082641252695390183126355200502e+01, 1.92933343292812846407119049384808428028e-02, 4.01291124527197490295563653597651862309e+00, 3.07629994857081071879483225422310980288e-01, -1.6539639486752501e-02, -2.8029881432736754e-02
0.36700000, 2.10000535854477680431280039397523868254e+00, -1.87402291176818969441514036586604929180e-01, 2.78402722535989256561354116877034535738e+01, 1.93733744007147868223821795560941086538e-02, 4.01264269956220036377832742016686171900e+00, 3.07650130641017758636485880788006393421e-01, -1.6513322603808501e-02, -2.8068186401634559e-02
0.36800000, 2.10028448056915240142348837029381032976e+00, -1.87388348204835649753500871099392991878e-01, 2.78396536769492468702539172059000614311e+01, 1.94535607255870270070067063551568455277e-02, 4.01237357973488642750767570078849019736e+00, 3.07670329797626183406590275349405558490e-01, -1.6486863340057707e-02, -2.8106547054531270e-02
0.36900000, 2.10056407892309404341386779433072273522e+00, -1.87374351044295701581487540560010962979e-01, 2.78390339769731776279541106697444559377e+01, 1.95338932587423299267136337025326872694e-02, 4.01210388467744809650313558354812743041e+00, 3.07690592548923953336162612067730951979e-01, -1.6460261080370366e-02, -2.8144963240847394e-02
0.37000000, 2.10084415443693577128660839760878217960e+00, -1.87360299538932526771847116083624825343e-01, 2.78384131523244950883768367074189334313e+01, 1.96143719546253757054005053181081313288e-02, 4.01183361327386313348389393554090053093e+00, 3.07710919117305197521956629442832586404e-01, -1.6433515207035958e-02, -2.8183434807787675e-02
0.37100000, 2.10112470794400271712213343005568230727e+00, -1.87346193531723736222590165532192320835e-01, 2.78377912016526482526407578192073378536e+01, 1.96949967672783035481575777451939592062e-02, 4.01156276440465877357011951688474081940e+00, 3.07731309725534155144441687654546632358e-01, -1.6406625099753947e-02, -2.8221961600321015e-02
0.37200000, 2.10140574028062412353348065398406959799e+00, -1.87332032864887002195782363263406489403e-01, 2.78371681236027412710927875340732454450e+01, 1.97757676503377935371642315299974745930e-02, 4.01129133694689831895911318201812974104e+00, 3.07751764596738658577366012799107853653e-01, -1.6379590135624530e-02, -2.8260543461160215e-02
0.37300000, 2.10168725228614643995895045556690098039e+00, -1.87317817379875881039754744366519666739e-01, 2.78365439168155166583019246500381250850e+01, 1.98566845570321263463173051246749311990e-02, 4.01101932977416761475352800387791324632e+00, 3.07772283954403510507789126117252348875e-01, -1.6352409689139369e-02, -2.8299180230741549e-02
0.37400000, 2.10196924480294649633363448816366008373e+00, -1.87303546917375606075556482978861990356e-01, 2.78359185799273384151810581170710707956e+01, 1.99377474401782206849968027231920301450e-02, 4.01074674175656140444087839678490239180e+00, 3.07792868022363754095768037731534779967e-01, -1.6325083132172318e-02, -2.8337871747204169e-02
0.37500000, 2.10225171867644475468547653748846056411e+00, -1.87289221317298850399702374082648580209e-01, 2.78352921115701750576163181998454070808e+01, 2.00189562521786482795003735542607901467e-02, 4.01047357176066956350543111081395587267e+00, 3.07813517024797835197844281781853628288e-01, -1.6297609833970135e-02, -2.8376617846369336e-02
0.37600000, 2.10253467475511863920611975053896543165e+00, -1.87274840418781459352842880731229430921e-01, 2.78346645103715825509785086292071611615e+01, 2.01003109450186261987829715522832582802e-02, 4.01019981864956320963526720996462027052e+00, 3.07834231186220655673453744629574601340e-01, -1.6269989161143196e-02, -2.8415418361719467e-02
0.37700000, 2.10281811389051594535144148506068024319e+00, -1.87260404060178152401533340700883329804e-01, 2.78340357749546871498860660087339059633e+01, 2.01818114702629863292219181668333560469e-02, 4.00992548128278068796882159159019218029e+00, 3.07855010731476516788368918910094751993e-01, -1.6242220477656190e-02, -2.8454273124377021e-02
0.37800000, 2.10310203693726832853136930672806262279e+00, -1.87245912079058194177800370226479728067e-01, 2.78334059039381681425838562734004114251e+01, 2.02634577790531218011899410600212718068e-02, 4.00965055851631342980654401294737566355e+00, 3.07875855885731951724284128518253507401e-01, -1.6214303144818810e-02, -2.8493181963083192e-02
0.37900000, 2.10338644475310487295330958587521948987e+00, -1.87231364312201034418697315167961344849e-01, 2.78327748959362404992969329819507686109e+01, 2.03452498221039101682593775743609148903e-02, 4.00937504920259168319448171458609555590e+00, 3.07896766874468446198668833609713192639e-01, -1.6186236521276442e-02, -2.8532144704176430e-02
0.38000000, 2.10367133819886574118830422935022138038e+00, -1.87216760595591916545506434301783274824e-01, 2.78321427495586374239131481376425654797e+01, 2.04271875497006131378793403588122854399e-02, 4.00909895219047011376755731620645758474e+00, 3.07917743923475046194042756201231674999e-01, -1.6158019963000840e-02, -2.8571161171570783e-02
0.38100000, 2.10395671813851590503386183697989591302e+00, -1.87202100764417454619683003216910176850e-01, 2.78315094634105928083432225417262398892e+01, 2.05092709116957526503639658190026012486e-02, 4.00882226632521327422110544944008912741e+00, 3.07938787258840851790869676737128982026e-01, -1.6129652823280797e-02, -2.8610231186734047e-02
0.38200000, 2.10424258543915895825228751361929074381e+00, -1.87187384653061178410045343371362737815e-01, 2.78308750360928235889015488520261778961e+01, 2.05914998575059631010036226261027013258e-02, 4.00854499044848094075983631877734814648e+00, 3.07959897106947396093324745479645146405e-01, -1.6101134452712812e-02, -2.8649354568665743e-02
0.38300000, 2.10452894097105101176826122063240127973e+00, -1.87172612095099046303094547082248220258e-01, 2.78302394662015120040456160004115357986e+01, 2.06738743361088194980618619498369517432e-02, 4.00826712339831331485381277556543330112e+00, 3.07981073694460908232263429490685154837e-01, -1.6072464199191749e-02, -2.8688531133874901e-02
0.38400000, 2.10481578560761467191438844521415632855e+00, -1.87157782923294925785698018349126240961e-01, 2.78296027523282877528065078662452151023e+01, 2.07563942960396413473486539417201248910e-02, 4.00798866400911608861125827349310249496e+00, 3.08002317248324459424809169953557428889e-01, -1.6043641407901495e-02, -2.8727760696357655e-02
0.38500000, 2.10510312022545310231846963910828422871e+00, -1.87142896969596041226691509058155754371e-01, 2.78289648930602100532374415497988557324e+01, 2.08390596853882720519647827847679608081e-02, 4.00770961111164537205805496378698636098e+00, 3.08023627995749991065081842865231820631e-01, -1.6014665421305608e-02, -2.8767043067574657e-02
0.38600000, 2.10539094570436417003130687356642303764e+00, -1.87127954065128388681244722654909209813e-01, 2.78283258869797496002017706750074834614e+01, 2.09218704517958336136928677154846865775e-02, 4.00742996353299248059364289452096040648e+00, 3.08045006164210223815710579150952149039e-01, -1.5985535579137968e-02, -2.8806378056428295e-02
0.38700000, 2.10567926292735467649898802516188701358e+00, -1.87112954040192117439095399859477628882e-01, 2.78276857326647704218162863027714748389e+01, 2.10048265424514564203670379887359522461e-02, 4.00714972009656858087269150437507834839e+00, 3.08066451981430446664912781285258312165e-01, -1.5956251218393417e-02, -2.8845765469239715e-02
0.38800000, 2.10596807278065467398876110450742005499e+00, -1.87097896724256878034985705078715890589e-01, 2.78270444286885116338600016752380666131e+01, 2.10879279040889839013855097129524078850e-02, 4.00686887962208919334138204342591115127e+00, 3.08087965675380184909076638267221942533e-01, -1.5926811673318406e-02, -2.8885205109725660e-02
0.38900000, 2.10625737615373186808283463117443259807e+00, -1.87082781945957136436832304011170808329e-01, 2.78264019736195690914529065519367514176e+01, 2.11711744829836518313378814235547316587e-02, 4.00658744092555854963641290162723563957e+00, 3.08109547474264746015957447071081760882e-01, -1.5897216275401629e-02, -2.8924696778975100e-02
0.39000000, 2.10654717393930610685971481436569575038e+00, -1.87067609533087454124327363132793779654e-01, 2.78257583660218769373034217469172646376e+01, 2.12545662249487420595015683856520391508e-02, 4.00630540281925380303391776184087167160e+00, 3.08131197606516642318788945912632942122e-01, -1.5867464353364664e-02, -2.8964240275425676e-02
0.39100000, 2.10683746703336395738801729849532131278e+00, -1.87052379312597733767801405229958612246e-01, 2.78251136044546890458174740314493531512e+01, 2.13381030753322104407191136611716821425e-02, 4.00602276411170909011436769345671451846e+00, 3.08152916300786889486819993523553116828e-01, -1.5837555233152611e-02, -2.9003835394839941e-02
0.39200000, 2.10712825633517337016307096136594123448e+00, -1.87037091110588430214280111097872856469e-01, 2.78244676874725603623562452212831939865e+01, 2.14217849790132887408998231484118205682e-02, 4.00573952360769944178821143199904312409e+00, 3.08174703785936179713014620632656137732e-01, -1.5807488237924725e-02, -2.9043481930281396e-02
0.39300000, 2.10741954274729843212206430303623019554e+00, -1.87021744752305726484735349297967690476e-01, 2.78238206136253281369237264053189801274e+01, 2.15056118803990602880949437101498343291e-02, 4.00545568010822454180549180897305702842e+00, 3.08196560291025928554900056949336672425e-01, -1.5777262688045053e-02, -2.9083179672090331e-02
0.39400000, 2.10771132717561420887897193612306189169e+00, -1.87006340062136674483565520890210715988e-01, 2.78231723814580930515592282705592947062e+01, 2.15895837234210091377751050833087346722e-02, 4.00517123241049233085095925576545113749e+00, 3.08218486045309194359813111045503665868e-01, -1.5746877901073076e-02, -2.9122928407859458e-02
0.39500000, 2.10800361052932167682604019111361604126e+00, -1.86990876863604300118341295727696884263e-01, 2.78225229895112002407039607054640802178e+01, 2.16737004515315425185916396958482213019e-02, 4.00488617930790245430428414851864114217e+00, 3.08240481278221469201080553094748295827e-01, -1.5716333191754344e-02, -2.9162727922409336e-02
0.39600000, 2.10829639372096274575420749886171547822e+00, -1.86975354979362672524819556508291471735e-01, 2.78218724363202202038046986815149116124e+01, 2.17579620077004863225293371712831775369e-02, 4.00460051959002955172284712177653607119e+00, 3.08262546219371340246974212001711426176e-01, -1.5685627872011115e-02, -2.9202577997763594e-02
0.39700000, 2.10858967766643537265048763016021568792e+00, -1.86959774231191937089160415397141843253e-01, 2.78212207204159296094113961742088090639e+01, 2.18423683344115534009568346478095628004e-02, 4.00431425204260638608225898269514674732e+00, 3.08284681098531020479606628228808986326e-01, -1.5654761250933004e-02, -2.9242478413123940e-02
0.39800000, 2.10888346328500876733605269033873980781e+00, -1.86944134439993311956179078431061165114e-01, 2.78205678403242919900193949350847939878e+01, 2.19269193736587844256518375736848585482e-02, 4.00402737544750681078722812091057958897e+00, 3.08306886145626747676278568963542461097e-01, -1.5623732634767626e-02, -2.9282428944844960e-02
0.39900000, 2.10917775149933869061451862443525926326e+00, -1.86928435425784047709325651449103030964e-01, 2.78199137945664383269005996028275060091e+01, 2.20116150669429610714213508076602589639e-02, 4.00373988858272857244265193850226391183e+00, 3.08329161590729050561155768230695390710e-01, -1.5592541326911250e-02, -2.9322429366408705e-02
0.40000000, 2.10947254323548284560575953292466669218e+00, -1.86912677007692349904911247811394813355e-01, 2.78192585816586475241616542728133532005e+01, 2.20964553552679912744517139657484032713e-02, 4.00345179022237594735185841688042772308e+00, 3.08351507664042881030539143423308260988e-01, -1.5561186627899451e-02, -2.9362479448399062e-02
0.40100000, 2.10976783942291636294645898475630317888e+00, -1.86896859003952264139887505906209236507e-01, 2.78186022001123267712607575511065355566e+01, 2.21814401791372663180091101136932525560e-02, 4.00316307913664220968576307981230989168e+00, 3.08373924595897611350400690519063803127e-01, -1.5529667835397773e-02, -2.9402578958475907e-02
0.40200000, 2.11006364099454738054454740737400345262e+00, -1.86880981231898523329238379921816290256e-01, 2.78179446484339917932082926128181651683e+01, 2.22665694785499894945679799134004492050e-02, 4.00287375409179192924333388075778607241e+00, 3.08396412616736895220286488212620245469e-01, -1.5497984244192398e-02, -2.9442727661349044e-02
0.40300000, 2.11035994888673271858067520472173406594e+00, -1.86865043507961356865757350269640572071e-01, 2.78172859251252469876699251692396244948e+01, 2.23518431929974760908720456175762718865e-02, 4.00258381385014309670017050408387357178e+00, 3.08418971957108391593138947304669169806e-01, -1.5466135146180817e-02, -2.9482925318751919e-02
0.40400000, 2.11065676403929365045593218478535463492e+00, -1.86849045647661261331659523151382948119e-01, 2.78166260286827654481842348178442805788e+01, 2.24372612614594244398300468319493027649e-02, 4.00229325717004907421820377839166373173e+00, 3.08441602847653350136062812132599978637e-01, -1.5434119830362514e-02, -2.9523171689415115e-02
0.40500000, 2.11095408739553177039114585747159580655e+00, -1.86832987465603732428115957785543689071e-01, 2.78159649575982688727002932898562018539e+01, 2.25228236224001577805154231396933282795e-02, 4.00200208280588036926550389953502026034e+00, 3.08464305519096057212553626482150806838e-01, -1.5401937582829652e-02, -2.9563466529039615e-02
0.40600000, 2.11125191990224495838927488986138166146e+00, -1.86816868775473957785396473314352673884e-01, 2.78153027103585073566338858983671775594e+01, 2.26085302137648366648756522796483066244e-02, 4.00171028950800622947095148257815807512e+00, 3.08487080202233141262223572317841332199e-01, -1.5369587686757777e-02, -2.9603809590269855e-02
0.40700000, 2.11155026250974344327866018629963086494e+00, -1.86800689390031470312866636698208533735e-01, 2.78146392854452390696342892935954902290e+01, 2.26943809729756416470623656310527751062e-02, 4.00141787602277605631407162541024018084e+00, 3.08509927127922736449597914462188423279e-01, -1.5337069422396524e-02, -2.9644200622666528e-02
0.40800000, 2.11184911617186596456120541164814328598e+00, -1.86784449121104761744604101884636376060e-01, 2.78139746813352098152466687092405162754e+01, 2.27803758369279259885673085045416888964e-02, 4.00112484109250063542565667893540431168e+00, 3.08532846527073503449115859756576784294e-01, -1.5304382067060337e-02, -2.9684639372679177e-02
0.40900000, 2.11214848184599603379593202275739214145e+00, -1.86768147779585856032878435623253291199e-01, 2.78133088965001324726482404840537640583e+01, 2.28665147419863381095912784802962255464e-02, 4.00083118345543318124990677364701002164e+00, 3.08555838630633506229052569476009181977e-01, -1.5271524895119196e-02, -2.9725125583618542e-02
0.41000000, 2.11244836049307829625479175053681590435e+00, -1.86751785175424842238176495275388240924e-01, 2.78126419294066663196293600052841693640e+01, 2.29527976239809135142829420693845383612e-02, 4.00053690184575019379369683054721655269e+00, 3.08578903669578943692684435013735483844e-01, -1.5238497177989367e-02, -2.9765658995628681e-02
0.41100000, 2.11274875307763499359412272708767193888e+00, -1.86735361117624366560851779880058361113e-01, 2.78119737785163962359836405755023083941e+01, 2.30392244182031359146614734989180304106e-02, 4.00024199499353212516323325253192401374e+00, 3.08602041874902735030647606634432876799e-01, -1.5205298184124151e-02, -2.9806239345658853e-02
0.41200000, 2.11304966056778252829170483294392722837e+00, -1.86718875414234083155830410760919488862e-01, 2.78113044422858117864640842716426060956e+01, 2.31257950594019672751808484286057126423e-02, 3.99994646162474385356279120299135401970e+00, 3.08625253477602957634090201732802050397e-01, -1.5171927179004661e-02, -2.9846866367435161e-02
0.41300000, 2.11335108393524813060600611198727168360e+00, -1.86702327872345063368117957269736069396e-01, 2.78106339191662861824550108552042793026e+01, 2.32125094817798464970039225864093719901e-02, 3.99965030046121496240442276919517854652e+00, 3.08648538708671136413891641033707886242e-01, -1.5138383425130597e-02, -2.9887539791431955e-02
0.41400000, 2.11365302415538662882091603934838333474e+00, -1.86685718298084163023119643914418829099e-01, 2.78099622076040551215023044056626500521e+01, 2.32993676189886564581306869515004428485e-02, 3.99935351022061982215149580152456477927e+00, 3.08671897799080383366918176622756230921e-01, -1.5104666182011057e-02, -2.9928259344842996e-02
0.41500000, 2.11395548220719732354603381384840513822e+00, -1.86669046496608347402010985911694357616e-01, 2.78092893060401955038371587753253607310e+01, 2.33863694041256591225668669940309153186e-02, 3.99905608961645747249266122253901120689e+00, 3.08695330979773386226001871670849412790e-01, -1.5070774706155344e-02, -2.9969024751552373e-02
0.41600000, 2.11425845907334096684942147466898803545e+00, -1.86652312272098973528576021544959044950e-01, 2.78086152129106040250210913828627229930e+01, 2.34735147697293984287258667719872341918e-02, 3.99875803735803130241635150273688109013e+00, 3.08718838481650245026071033637362138564e-01, -1.5036708251063808e-02, -3.0009835732105173e-02
0.41700000, 2.11456195574015684700664331563394178239e+00, -1.86635515427756029390065453481112872379e-01, 2.78079399266459756438325094438188125345e+01, 2.35608036477755706642284858355528778062e-02, 3.99845935215042852572918317642399872350e+00, 3.08742420535556155414623333756180005593e-01, -1.5002466067218692e-02, -3.0050692003677907e-02
0.41800000, 2.11486597319767997965689560382596877442e+00, -1.86618655765792329710716580627672286833e-01, 2.78072634456717819245075526382237003588e+01, 2.36482359696728620312003875214803048029e-02, 3.99816003269449944953467007776143381090e+00, 3.08766077372268937530518485968917765650e-01, -1.4968047402075007e-02, -3.0091593280048677e-02
0.41900000, 2.11517051243965840616408482690038758205e+00, -1.86601733087427667892620291611413802262e-01, 2.78065857684082492524403005858634171075e+01, 2.37358116662587531030664940183654711621e-02, 3.99786007768683653316144975235204254270e+00, 3.08789809222486409270875304855594722912e-01, -1.4933451500051426e-02, -3.0132539271567099e-02
0.42000000, 2.11547557446357059998783943076462778661e+00, -1.86584747192882923734616986004039434249e-01, 2.78059068932703369224397214757883461782e+01, 2.38235306677952898707038421820672411952e-02, 3.99755948581975323500278156370754578491e+00, 3.08813616316813602761688086998348044494e-01, -1.4898677602521191e-02, -3.0173529685123963e-02
0.42100000, 2.11578116027064298187664011251000389456e+00, -1.86567697881374126535852466388800679945e-01, 2.78052268186677150986329489041423815205e+01, 2.39113929039648210726394629470606510019e-02, 3.99725825578126264470138966760817053947e+00, 3.08837498885749822843629411195610286252e-01, -1.4863724947803052e-02, -3.0214564224120647e-02
0.42200000, 2.11608727086586754470252805988140087479e+00, -1.86550584951106473186525970394512939327e-01, 2.78045455430047426450966065280305209509e+01, 2.39993983038657015007670475004266772663e-02, 3.99695638625505589808579555203400283766e+00, 3.08861457159675546380380452070285312844e-01, -1.4828592771152228e-02, -3.0255642588438256e-02
0.42300000, 2.11639390725801958876419994660834095026e+00, -1.86533408199268300844214944668911815048e-01, 2.78038630646804448262899536461741166011e+01, 2.40875467960079609698050289458125913696e-02, 3.99665387592048037223611149699856209466e+00, 3.08885491368839161192725544701936346762e-01, -1.4793280304751383e-02, -3.0296764474406514e-02
0.42400000, 2.11670107045967556839272388240264982655e+00, -1.86516167422025013789964250626472259155e-01, 2.78031793820884908763555983612370162717e+01, 2.41758383083089386354287252487160917199e-02, 3.99635072345251765802884633726170949285e+00, 3.08909601743343543417564793853309924776e-01, -1.4757786777701638e-02, -3.0337929574772381e-02
0.42500000, 2.11700876148723105070161276867033812362e+00, -1.86498862414512964054080573190687605339e-01, 2.78024944936171714363454176439270834311e+01, 2.42642727680888823426798364408254260867e-02, 3.99604692752176130748160652990139124510e+00, 3.08933788513132472086936731426528570800e-01, -1.4722111416013606e-02, -3.0379137578668414e-02
0.42600000, 2.11731698136091878733057152898286667751e+00, -1.86481492970833285397275207301863196049e-01, 2.78018083976493758584211344733816148595e+01, 2.43528501020665126828873372189472690278e-02, 3.99574248679439435318965693409829413921e+00, 3.08958051907976879718102102913441168068e-01, -1.4686253442598449e-02, -3.0420388171580849e-02
0.42700000, 2.11762573110482690003989338194679904235e+00, -1.86464058884045680228449441301753140922e-01, 2.78011210925625693760707303279678599766e+01, 2.44415702363545514339241181549699898075e-02, 3.99543739993216659711713507519284536060e+00, 3.08982392157460937701719491688243427265e-01, -1.4650212077258972e-02, -3.0461681035317421e-02
0.42800000, 2.11793501174691718102021863016022491415e+00, -1.86446559946162159036015749872691888645e-01, 2.78004325767287701393735156892743088246e+01, 2.45304330964552140551730596619369825788e-02, 3.99513166559237166597628813827685060750e+00, 3.09006809490967975271143323143193338069e-01, -1.4613986536680741e-02, -3.0503015847974904e-02
0.42900000, 2.11824482431904350879018829150089457960e+00, -1.86428995948140731905194250084157336881e-01, 2.77997428485145261143382409311292098931e+01, 2.46194386072556659050840194030735807893e-02, 3.99482528242782383039842164290247918078e+00, 3.09031304137666230831894452493556814744e-01, -1.4577576034423232e-02, -3.0544392283906381e-02
0.43000000, 2.11855516985697038056242524947572003127e+00, -1.86411366679879051689216649842206044673e-01, 2.77990519062808918453301040137672970766e+01, 2.47085866930234418456689144573524651551e-02, 3.99451824908683458507031078922663011950e+00, 3.09055876326494434426392622923983662726e-01, -1.4540979780911013e-02, -3.0585810013688234e-02
0.43100000, 2.11886604940039156196625841174430079035e+00, -1.86393671930208008397808505506735155205e-01, 2.77983597483834050795938987968127697379e+01, 2.47978772774018288947051143082727945893e-02, 3.99421056421318898697962791023603044229e+00, 3.09080526286147220105098144955098472081e-01, -1.4504196983424961e-02, -3.0627268704086850e-02
0.43200000, 2.11917746399294885502367161691233876856e+00, -1.86375911486885274361704270622431207418e-01, 2.77976663731720632528718475166421571467e+01, 2.48873102834052115827971510735693297224e-02, 3.99390222644612174888248036085493945331e+00, 3.09105254245060366971286721045753478315e-01, -1.4467226846093508e-02, -3.0668768018025054e-02
0.43300000, 2.11948941468225098528310970889346992552e+00, -1.86358085136588799727277615530393674476e-01, 2.77969717789912998351058720238807444943e+01, 2.49768856334143796687827121025524131960e-02, 3.99359323442029308507543054117840396522e+00, 3.09130060431395867662775915541921443090e-01, -1.4430068569883928e-02, -3.0710307614548242e-02
0.43400000, 2.11980190251989260902401030828524939524e+00, -1.86340192664910257830641071778651236812e-01, 2.77962759641799605352051797118864778414e+01, 2.50666032491717978632604110386940849384e-02, 3.99328358676576430652338157760825461517e+00, 3.09154945073026823030033808846352714403e-01, -1.4392721352593656e-02, -3.0751887148790244e-02
0.43500000, 2.12011492856147344145325236731920633657e+00, -1.86322233856348439995783437995329750101e-01, 2.77955789270712793638510706401780565727e+01, 2.51564630517768372062633315788884124197e-02, 3.99297328210797316236345643257025664203e+00, 3.09179908397522161766229300714626725491e-01, -1.4355184388841648e-02, -3.0793506271938882e-02
0.43600000, 2.12042849386661750682312262854035322680e+00, -1.86304208494302599296469795876508804531e-01, 2.77948806659928545533018111072419938140e+01, 2.52464649616809677413031892058002317950e-02, 3.99266231906770892477347281058620801250e+00, 3.09204950632131183740928729579235502358e-01, -1.4317456870059779e-02, -3.0835164631201242e-02
0.43700000, 2.12074259949899251140889966065216641438e+00, -1.86286116361065742816726635010898316069e-01, 2.77941811792666243331512647804605087292e+01, 2.53366088986829121241645365690640579215e-02, 3.99235069626108721416181907420893508978e+00, 3.09230072003767925785304304750175520097e-01, -1.4279537984484280e-02, -3.0876861869768653e-02
0.43800000, 2.12105724652632934029274327502310613326e+00, -1.86267957237817871939772670248023628501e-01, 2.77934804652088425609857243583703932358e+01, 2.54268947819237598009361149277414066957e-02, 3.99203841229952456160346534380263354341e+00, 3.09255272738995348672895620700943210776e-01, -1.4241426917147220e-02, -3.0918597626781363e-02
0.43900000, 2.12137243602044167890925590437889138038e+00, -1.86249730904619170190233639841159930681e-01, 2.77927785221300542068740435190973251148e+01, 2.55173225298820413858265845050877990106e-02, 3.99172546578971270541449686313882649617e+00, 3.09280553064009344036155513539706621571e-01, -1.4203122849868028e-02, -3.0960371537292918e-02
0.44000000, 2.12168816905724576031685303669139666090e+00, -1.86231437140403138149395868874881564902e-01, 2.77920753483350706906167294810789386559e+01, 2.56078920603687628653237983329076904365e-02, 3.99141185533359261872493136671279294398e+00, 3.09305913204622559955214966127007949903e-01, -1.4164624961245063e-02, -3.1002183232234238e-02
0.44100000, 2.12200444671678023916794314222297343844e+00, -1.86213075722969674958107830114332285076e-01, 2.77913709421229450706701197358129611214e+01, 2.56986032905223992512198548192552168485e-02, 3.99109757952832826487667634762363166124e+00, 3.09331353386248043951517867058072443858e-01, -1.4125932426647224e-02, -3.1044032338377387e-02
0.44200000, 2.12232127008322619335987482482339514255e+00, -1.86194646428978105916730480152300055866e-01, 2.77906653017869470836521312600988987441e+01, 2.57894561368038473009377013929161913323e-02, 3.99078263696628007744029352342041221924e+00, 3.09356873833882702115204335940727547376e-01, -1.4087044418205611e-02, -3.1085918478299032e-02
0.44300000, 2.12263864024492725435766129957852232020e+00, -1.86176149033940155686264926296820514920e-01, 2.77899584256145380333263356146542222307e+01, 2.58804505149913369194583824143433806017e-02, 3.99046702623497816161076412058452119562e+00, 3.09382474772090573091360157410911736269e-01, -1.4047960104805238e-02, -3.1127841270343599e-02
0.44400000, 2.12295655829440986718864089261306506147e+00, -1.86157583312212866589449109485331151209e-01, 2.77892503118873455279512776092431608313e+01, 2.59715863401753008529604358963127239713e-02, 3.99015074591709521370868749673446215824e+00, 3.09408156424985915646498690895263585073e-01, -1.4008678652076790e-02, -3.1169800328586108e-02
0.44500000, 2.12327502532840368111847823548174333763e+00, -1.86138949036991461505212777589638657863e-01, 2.77885409588811380648720174680893703699e+01, 2.60628635267532022800437416206060896498e-02, 3.98983379459041915547929470385165890291e+00, 3.09433919016216108532899470557147276194e-01, -1.3969199222388431e-02, -3.1211795262794693e-02
0.44600000, 2.12359404244786207202725536198851886811e+00, -1.86120245980302150844411165028820527128e-01, 2.77878303648657994612208354540210668389e+01, 2.61542819884243199021185933334754672247e-02, 3.98951617082782547984731543551594631214e+00, 3.09459762768944361364693564115388671359e-01, -1.3929520974837675e-02, -3.1253825678392808e-02
0.44700000, 2.12391361075798279751384620114660580853e+00, -1.86101473912994883089221567923620539919e-01, 2.77871185281053031295838924800900091995e+01, 2.62458416381844901301961842256550625475e-02, 3.98919787319724930475109892382096618412e+00, 3.09485687905832235215858559046021306487e-01, -1.3889643065243298e-02, -3.1295891176421106e-02
0.44800000, 2.12423373136822878576631320411189191940e+00, -1.86082632604736038372982474207770846212e-01, 2.77864054468576861974803891115508713681e+01, 2.63375423883208059609183210485176270569e-02, 3.98887890026165713164445424142658522892e+00, 3.09511694649021971646564682687363772079e-01, -1.3849564646137316e-02, -3.1337991353498998e-02
0.44900000, 2.12455440539234905924571226939290112407e+00, -1.86063721824001064571581125832960039251e-01, 2.77856911193750234694904072807462021636e+01, 2.64293841504062721302112698164638347754e-02, 3.98855925057901830521944056055094542403e+00, 3.09537783220118628860596884563037595116e-01, -1.3809284866757019e-02, -3.1380125801785877e-02
0.45000000, 2.12487563394839979424044298013296471317e+00, -1.86044741338067055371751391465740473734e-01, 2.77849755439034012308571527274544386440e+01, 2.65213668352944161284404253671951770028e-02, 3.98823892270227617086780061710995125869e+00, 3.09563953840172023692864512473420094467e-01, -1.3768802873037056e-02, -3.1422294108942024e-02
0.45100000, 2.12519741815876551735813669726136259939e+00, -1.86025690913005269775828633954514215586e-01, 2.77842587186828908913787403453941347175e+01, 2.66134903531138546563782166105147920030e-02, 3.98791791517931892636288827090378807449e+00, 3.09590206729658478122299247382803207991e-01, -1.3728117807601598e-02, -3.1464495858089170e-02
0.45200000, 2.12551975915018044003203653737273376759e+00, -1.86006570313673592496620873243525868493e-01, 2.77835406419475224683939779522829324642e+01, 2.67057546132628150966765256507892140535e-02, 3.98759622655295016420779093932780690380e+00, 3.09616542108462369001731924860639349107e-01, -1.3687228809756544e-02, -3.1506730627770727e-02
0.45300000, 2.12584265805374993212889199619269089522e+00, -1.85987379303708934690094962792713994442e-01, 2.77828213119252579076558051789900760022e+01, 2.67981595244036115708561165159662027591e-02, 3.98727385536085910105888706013555911037e+00, 3.09642960195857479692628411112845694546e-01, -1.3646135015481806e-02, -3.1548997991911683e-02
0.45400000, 2.12616611600497213575556826687830399930e+00, -1.85968117645519574467541690691047393635e-01, 2.77821007268379642408751318479190716286e+01, 2.68907049944570751470883299967923211515e-02, 3.98695080013559049059730480446175319408e+00, 3.09669461210488152288852416091063665953e-01, -1.3604835557423653e-02, -3.1591297519778150e-02
0.45500000, 2.12649013414375972037185747448609477709e+00, -1.85948785100277436622773644320911433361e-01, 2.77813788849013865787067930187265667928e+01, 2.69833909305969377592477845435951258258e-02, 3.98662705940451421618365815789925155012e+00, 3.09696045370350239109907558807127246885e-01, -1.3563329564887125e-02, -3.1633628775936567e-02
0.45600000, 2.12681471361446178032737744913184991512e+00, -1.85929381427910311003723282193164620884e-01, 2.77806557843251209379381944393600759352e+01, 2.70762172392441693928581959393329692400e-02, 3.98630263168979455959402730383031825494e+00, 3.09722712892771852140390641247268333292e-01, -1.3521616163828514e-02, -3.1675991320212565e-02
0.45700000, 2.12713985556588587595095465446617789970e+00, -1.85909906387094008951544864455155616302e-01, 2.77799314233125869016299610520628937449e+01, 2.71691838260612680886358442062210938399e-02, 3.98597751550835914209741901247089488080e+00, 3.09749463994393909088661373078503005245e-01, -1.3479694476847920e-02, -3.1718384707649469e-02
0.45800000, 2.12746556115132021933151285756037535818e+00, -1.85890359735244457223981613798993753385e-01, 2.77792058000610001109465210483989876479e+01, 2.72622905959465023093558153100035612796e-02, 3.98565170937186753409688643679815890223e+00, 3.09776298891150474733999100060794844206e-01, -1.3437563623181879e-02, -3.1760808488466454e-02
0.45900000, 2.12779183152855600594022947254627671781e+00, -1.85870741228509728813337603189966846185e-01, 2.77784789127613445874030573062272293532e+01, 2.73555374530281052107240546350105080158e-02, 3.98532521178667952951810325927762336818e+00, 3.09803217798248896227772748625958078021e-01, -1.3395222718696063e-02, -3.1803262208016342e-02
0.46000000, 2.12811866785990989325457865401932290676e+00, -1.85851050621762010062891270728886259172e-01, 2.77777507595983448842436354171318102623e+01, 2.74489243006584203518326021496815893757e-02, 3.98499802125382308109047137702735225696e+00, 3.09830220930149731010394473884681340814e-01, -1.3352670875878058e-02, -3.1845745406743042e-02
0.46100000, 2.12844607131224662755585559745553123144e+00, -1.85831287668589503479003002098733005562e-01, 2.77770213387504380656535714475251935789e+01, 2.75424510414079983756052349657877440600e-02, 3.98467013626896189262679105139542153688e+00, 3.09857308500546466002058596333752405832e-01, -1.3309907203830228e-02, -3.1888257620138620e-02
0.46200000, 2.12877404305700182008287158268694547753e+00, -1.85811452121288265629501736468070723062e-01, 2.77762906483897455124972315728169558735e+01, 2.76361175770596441844052067379630512022e-02, 3.98434155532236266436813441053101521573e+00, 3.09884480722345026721483482243853564128e-01, -1.3266930808262647e-02, -3.1930798378700012e-02
0.46300000, 2.12910258427020487373572555292077117783e+00, -1.85791543730853979512183863163281405526e-01, 2.77755586866820445532604582636233380273e+01, 2.77299238086024141306749157538136121412e-02, 3.98401227689886198742083404432275497775e+00, 3.09911737807643074983073152124491455480e-01, -1.3223740791486123e-02, -3.1973367207885362e-02
0.46400000, 2.12943169613250206153489695639229391882e+00, -1.85771562246973660770420585981903976171e-01, 2.77748254517867399188646922472088845264e+01, 2.78238696362255627371082106565770598734e-02, 3.98368229947783288327242476648858152525e+00, 3.09939079967709093819095617306314096833e-01, -1.3180336252405304e-02, -3.2015963628069991e-02
0.46500000, 2.12976137982917975805236771176224243006e+00, -1.85751507418017297125946222850380519538e-01, 2.77740909418568350200076044564145270379e+01, 2.79179549593124384554186956221255473654e-02, 3.98335162153315098433295496575584837613e+00, 3.09966507412961258269634210560819209559e-01, -1.3136716286511871e-02, -3.2058587154501984e-02
0.46600000, 2.13009163655018782504307003410651867685e+00, -1.85731378991029420391888344498271966966e-01, 2.77733551550389030456726660311097606080e+01, 2.80121796764343279672608513924978195837e-02, 3.98302024153316035140731078294528509716e+00, 3.09994020352946090679204393264050669037e-01, -1.3092879985877817e-02, -3.2101237297257410e-02
0.46700000, 2.13042246749016315251667303947181932264e+00, -1.85711176711720610421999981174641456623e-01, 2.77726180894730578814375655509232327822e+01, 2.81065436853442485252840553091466787330e-02, 3.98268815794063892396306801630998741233e+00, 3.10021618996316899135039524804165819861e-01, -1.3048826439148825e-02, -3.2143913561195147e-02
0.46800000, 2.13075387384845335650156611785321457185e+00, -1.85690900324458930344863065455217383526e-01, 2.77718797432929248461987294278795731136e+01, 2.82010468829706878266516571284354028277e-02, 3.98235536921276359901689948166111344384e+00, 3.10049303550811997678132640022246819905e-01, -1.3004554731537728e-02, -3.2186615445911329e-02
0.46900000, 2.13108585682914063476487263448654692052e+00, -1.85670549572261292424549535853275724243e-01, 2.77711401146256112459164121265002383971e+01, 2.82956891654112909056371266800366679500e-02, 3.98202187380107493442071576768788203462e+00, 3.10077074223232706914175101095003937774e-01, -1.2960063944818072e-02, -3.2229342445693406e-02
0.47000000, 2.13141841764106578176443521730289044035e+00, -1.85650124196784753881850783556602212215e-01, 2.77703992015916767429718959371484857406e+01, 2.83904704279264935261158968086238333023e-02, 3.98168767015144147228650108256693757689e+00, 3.10104931219421133647554707343055244548e-01, -1.2915353157317775e-02, -3.2272094049473803e-02
0.47100000, 2.13175155749785236412095536673653116891e+00, -1.85629623938317742002716045439615399910e-01, 2.77696570023051035397152737131401291475e+01, 2.84853905649331015489038264202253107016e-02, 3.98135275670402367824621925658515763533e+00, 3.10132874744237728157563027139986771702e-01, -1.2870421443912885e-02, -3.2314869740783194e-02
0.47200000, 2.13208527761793105791084705834183682466e+00, -1.85609048535771207852974571414503914115e-01, 2.77689135148732663747690805772689317383e+01, 2.85804494699978157429501328821445177066e-02, 3.98101713189323749220020393512191744125e+00, 3.10160905001538617731911857737326047073e-01, -1.2825267876021437e-02, -3.2357668997703369e-02
0.47300000, 2.13241957922456414909287809779989596521e+00, -1.85588397726669707910753542280265706958e-01, 2.77681687373969023306396903690572950970e+01, 2.86756470358307015033731023937209862676e-02, 3.98068079414771748616410746978889769991e+00, 3.10189022194152715068569247842702602723e-01, -1.2779891521597423e-02, -3.2400491292819703e-02
0.47400000, 2.13275446354587019839432595459733364619e+00, -1.85567671247142412920242382433157898875e-01, 2.77674226679700804511748977763077096349e+01, 2.87709831542786029332297756952989569215e-02, 3.98034374189027962478076080825144520850e+00, 3.10217226523858600152793788653479485263e-01, -1.2734291445124859e-02, -3.2443336093173219e-02
0.47500000, 2.13308993181484887199516839179062687468e+00, -1.85546868831914043262592874490958585149e-01, 2.77666753046801711673924658850168438869e+01, 2.88664577163185007397350012938197859755e-02, 3.98000597353788362401918752108178085358e+00, 3.10245518191361174212069173162913917577e-01, -1.2688466707611965e-02, -3.2486202860212239e-02
0.47600000, 2.13342598526940593936176519619451080047e+00, -1.85525990214295730131781891477339546085e-01, 2.77659266456078155301906294772156527673e+01, 2.89620706120508133893896078589051530132e-02, 3.97966748750159490353851462086155048554e+00, 3.10273897396268084347416548187449705693e-01, -1.2642416366585459e-02, -3.2529091049743625e-02
0.47700000, 2.13376262515237843959456749230812663263e+00, -1.85505035126175801795198144771295859649e-01, 2.77651766888268942484376049684021173375e+01, 2.90578217306926409601408117905565809081e-02, 3.97932828218654612814962656439948004042e+00, 3.10302364337065917435287070747643477584e-01, -1.2596139476084963e-02, -3.2572000111883600e-02
0.47800000, 2.13409985271156001766761731584860590320e+00, -1.85484003298010494210544606833813667962e-01, 2.77644254324044965309230665409298809897e+01, 2.91537109605709511222791666636061136760e-02, 3.97898835599189833376211222653816795585e+00, 3.10330919211096161889908385878789373562e-01, -1.2549635086657521e-02, -3.2614929491008155e-02
0.47900000, 2.13443766919972643195097417609752186015e+00, -1.85462894458814585262372686864747445537e-01, 2.77636728744008887306403029070081927762e+01, 2.92497381891157066732741807445358114295e-02, 3.97864770731080163315835303780222913857e+00, 3.10359562214530935871573444927478106473e-01, -1.2502902245352248e-02, -3.2657878625703026e-02
0.48000000, 2.13477607587466123442072912364567599600e+00, -1.85441708336151951873181270472134126698e-01, 2.77629190128694827898533683084673393255e+01, 2.93459033028529340451639600885274663684e-02, 3.97830633453035549689048913087343062616e+00, 3.10388293542348480521915081646461037455e-01, -1.2455939995715083e-02, -3.2700846948713246e-02
0.48100000, 2.13511507399918162497494226128165074401e+00, -1.85420444656126049235521811539174737033e-01, 2.77621638458568044843889828869612193321e+01, 2.94422061873977321964416411536509749674e-02, 3.97796423603156860454947438142397703552e+00, 3.10417113388308416802701878021764866541e-01, -1.2408747377783686e-02, -3.2743833886892267e-02
0.48200000, 2.13545466484116448128766861732806323748e+00, -1.85399103143370311402948190618374624012e-01, 2.77614073714024614655782194674128891796e+01, 2.95386467274472212936217016172035230467e-02, 3.97762141018931826160848568957207321380e+00, 3.10446021944926764510116822075354623784e-01, -1.2361323428082448e-02, -3.2786838861150646e-02
0.48300000, 2.13579484967357256564722179660706182809e+00, -1.85377683521038472468935408260698886503e-01, 2.77606495875391110982581340912216490313e+01, 2.96352248067734305808212038964165315737e-02, 3.97727785537230937699558165243540001139e+00, 3.10475019403450722031836743316811710012e-01, -1.2313667179617633e-02, -3.2829861286404293e-02
0.48400000, 2.13613562977448091023896681606189294986e+00, -1.85356185510794807554062716152431598882e-01, 2.77598904922924280932284542879380483113e+01, 2.97319403082161248287533346934467733271e-02, 3.97693356994303299650270573750172584285e+00, 3.10504105953833205409514082485247317650e-01, -1.2265777661872660e-02, -3.2872900571522277e-02
0.48500000, 2.13647700642710338234723502968422843027e+00, -1.85334608832804292812812829320653050053e-01, 2.77591300836810719325432300301706851694e+01, 2.98287931136755687475019364418928085050e-02, 3.97658855225772438708989387792304126387e+00, 3.10533281784707145264469700996785418081e-01, -1.2217653900803509e-02, -3.2915956119274183e-02
0.48600000, 2.13681898091981943096541708920928166038e+00, -1.85312953205722683662277707117096315380e-01, 2.77583683597166540860019754928646316792e+01, 2.99257831041052287403247419949606403182e-02, 3.97624280066632066709487065428337302337e+00, 3.10562547083359540139532567077814171265e-01, -1.2169294918834278e-02, -3.2959027326277024e-02
0.48700000, 2.13716155454620101631791654050464435834e+00, -1.85291218346686510425881309443361257819e-01, 2.77576053184037050171892830218371422925e+01, 3.00229101595044113685183594681649506003e-02, 3.97589631351241797730909636279624785347e+00, 3.10591902035705264805005588478824492357e-01, -1.2120699734852866e-02, -3.3002113582941696e-02
0.48800000, 2.13750472860503972381243901766235767146e+00, -1.85269403971302990575928969584820646807e-01, 2.77568409577396409773961719647668000577e+01, 3.01201741589108378900683246787543517752e-02, 3.97554908913322818783175363429094401623e+00, 3.10621346826260632071692826916101781728e-01, -1.2071867364206816e-02, -3.3045214273418972e-02
0.48900000, 2.13784850440037406395605219444475116965e+00, -1.85247509793639856749369789012417615608e-01, 2.77560752757147305857405420575785326082e+01, 3.02175749803931542274013361950377481760e-02, 3.97520112585953513556313107299563777831e+00, 3.10650881638116706648787969245918156745e-01, -1.2022796818699292e-02, -3.3088328775545043e-02
0.49000000, 2.13819288324151695978358184331199627990e+00, -1.85225535526215099701610936093330668404e-01, 2.77553082703120611937880316864213172130e+01, 3.03151125010433757120526815332799116880e-02, 3.97485242201565038714836671151021984770e+00, 3.10680506652912369579193297229861718513e-01, -1.1973487106585213e-02, -3.3131456460786585e-02
0.49100000, 2.13853786644308342336221172407290542218e+00, -1.85203480879986625353549073357696483184e-01, 2.77545399395075050329583333249882072523e+01, 3.04127865969692659464583978363565479082e-02, 3.97450297591936852213154987918584586812e+00, 3.10710222050807131779508452957924111001e-01, -1.1923937232567540e-02, -3.3174596694185361e-02
0.49200000, 2.13888345532501842295163179695871804170e+00, -1.85181345564341825077182469821383366894e-01, 2.77537702812696851429855895117963231256e+01, 3.05105971432866491153774077338865616724e-02, 3.97415278588192193102874017122619091810e+00, 3.10740028010453695206494909717852965848e-01, -1.1874146197793714e-02, -3.3217748834302343e-02
0.49300000, 2.13922965121262494241473268023580716514e+00, -1.85159129287087058355235767818680766324e-01, 2.77529992935599410796848805829709031667e+01, 3.06085440141116550716422278567532127129e-02, 3.97380185020793512297654026301968750801e+00, 3.10769924708970260166281004129981671791e-01, -1.1824112999852262e-02, -3.3260912233161367e-02
0.49400000, 2.13957645543659223448967663437043671093e+00, -1.85136831754437046940165928174190337480e-01, 2.77522269743322944002600176810235287406e+01, 3.07066270825528965130263355947037982680e-02, 3.97345016719537853756044887511489228943e+00, 3.10799912321912577276919345964432190907e-01, -1.1773836632769556e-02, -3.3304086236192293e-02
0.49500000, 2.13992386933302426955018897018303708610e+00, -1.85114452671004179627720601449037714080e-01, 2.77514533215334139243708689537418630356e+01, 3.08048462207035775590003457209621509225e-02, 3.97309773513552185537431465100567048351e+00, 3.10829991023245742589138982767612898768e-01, -1.1723316087006747e-02, -3.3347270182173692e-02
0.49600000, 2.14027189424346838149711099777249737538e+00, -1.85091991739787726749887061740900079306e-01, 2.77506783331025807691612709404525352617e+01, 3.09032012996335330280262132180059880857e-02, 3.97274455231288680180880430685499445951e+00, 3.10860160985315734364244345899615509686e-01, -1.1672550349456863e-02, -3.3390463403175029e-02
0.49700000, 2.14062053151494411244063884062098226757e+00, -1.85069448662162963481598855006762226251e-01, 2.77499020069716531564312084820548419776e+01, 3.10016921893811977078071364853939044730e-02, 3.97239061700519943851288224264560560540e+00, 3.10890422378820690002097133398229736039e-01, -1.1621538403442079e-02, -3.3433665224498360e-02
0.49800000, 2.14096978249997225784924405409228849670e+00, -1.85046823137870201044956384003728926859e-01, 2.77491243410650309901193826179195567512e+01, 3.11003187589455049025690537793172687459e-02, 3.97203592748334193691786680658586918178e+00, 3.10920775372781921605971184547379299159e-01, -1.1570279228711169e-02, -3.3476874964619534e-02
0.49900000, 2.14131964855660411385803446346436173664e+00, -1.85024114865003724883964669958850474324e-01, 2.77483453332996202022445243431132047453e+01, 3.11990808762777135329959456422578592913e-02, 3.97168048201130382815867335939384108417e+00, 3.10951220134514668664789261987210831386e-01, -1.1518771801437132e-02, -3.3520091935128875e-02
0.50000000, 2.14167013104845092844626946326836899395e+00, -1.85001323540000638871894354958492535009e-01, 2.77475649815847968654358502535288324498e+01, 3.12979784082731630558738898783777178797e-02, 3.97132427884613272367136881113043822593e+00, 3.10981756829598586326829568852881872072e-01, -1.1467015094215003e-02, -3.3563315440671378e-02
0.50100000, 2.14202123134471355821089572281728384647e+00, -1.84978448857629614602328460837979366039e-01, 2.77467832838223710701648914278674999574e+01, 3.13970112207629554618162476838233642265e-02, 3.97096731623788450069013885404651428277e+00, 3.11012385621847967732423777104588332405e-01, -1.1415008076059852e-02, -3.3606544778886377e-02
0.50200000, 2.14237295082021233248031938494543731086e+00, -1.84955490510979544803765285508016778023e-01, 2.77460002379065505647725567703275805892e+01, 3.14961791785055636006427454159895254426e-02, 3.97060959242957294681019997494027145753e+00, 3.11043106673281698866452211184375360163e-01, -1.1362749712404974e-02, -3.3649779240346701e-02
0.50300000, 2.14272529085541712653018202605962967474e+00, -1.84932448191448099906304844361933216626e-01, 2.77452158417239041563667138148541197240e+01, 3.15954821451783650750667824117452810070e-02, 3.97025110565711885772606561151976902231e+00, 3.11073920144092944384570395404113538443e-01, -1.1310238965100270e-02, -3.3693018108497316e-02
0.50400000, 2.14307825283647764568066250349777569484e+00, -1.84909321588730186777450162893720078031e-01, 2.77444300931533248706467809810320657418e+01, 3.16949199833691009343062375930684688004e-02, 3.96989185414929858219689145436804247635e+00, 3.11104826192618562860069104544092721391e-01, -1.1257474792410830e-02, -3.3736260659593428e-02
0.50500000, 2.14343183815525392207278802735088457682e+00, -1.84886110390806308632403168483623405392e-01, 2.77436429900659928686928227443360172025e+01, 3.17944925545672583900715322482838179988e-02, 3.96953183612769200823237064396541502671e+00, 3.11135824975308249891071917826595837292e-01, -1.1204456149015714e-02, -3.3779506162638073e-02
0.50600000, 2.14378604820934702593940807396970954619e+00, -1.84862814283930825112425546654810641417e-01, 2.77428545303253381187374203710174913299e+01, 3.18941997191553767680988682690109831738e-02, 3.96917104980662998443381704103145734057e+00, 3.11166916646693407500404520597005125883e-01, -1.1151181986006944e-02, -3.3822753879319156e-02
0.50700000, 2.14414088440212999320486686281418031860e+00, -1.84839432952620111512865312033726650402e-01, 2.77420647117870028209191529617058746888e+01, 3.19940413364002758989845036030170531947e-02, 3.96880949339314117036565523991524184946e+00, 3.11198101359355738252922969411765334661e-01, -1.1097651250888703e-02, -3.3866003063945965e-02
0.50800000, 2.14449634814277897126600684304389002152e+00, -1.84815966079640616130317547955096166697e-01, 2.77412735322988035829968636982058828145e+01, 3.20940172644442061425357209340170866856e-02, 3.96844716508689830977252073799894926180e+00, 3.11229379263895562507358067122383578333e-01, -1.1043862887576743e-02, -3.3909252963385130e-02
0.50900000, 2.14485244084630458482594981834374068819e+00, -1.84792413345996814686090300707889797511e-01, 2.77404809897006933449840015038157510243e+01, 3.21941273602959192301838300396454149982e-02, 3.96808406308016392039655366142410393688e+00, 3.11260750508899857211814004653825503817e-01, -1.0989815836398025e-02, -3.3952502816996045e-02
0.51000000, 2.14520916393358352367113685676785151888e+00, -1.84768774430919060770681441980170690798e-01, 2.77396870818247230506422158753576749389e+01, 3.22943714798216591002021239500584267507e-02, 3.96772018555773539408823547021313529110e+00, 3.11292215240910014643945521329778764754e-01, -1.0935509034090561e-02, -3.3995751856565723e-02
0.51100000, 2.14556651883139035430136590816642126077e+00, -1.84745049011851331241336860083953248510e-01, 2.77388918064950030637530394486819583371e+01, 3.23947494777360718905351549714668304145e-02, 3.96735553069688950084226071000065963439e+00, 3.11323773604389319488522906503844763715e-01, -1.0880941413803503e-02, -3.4038999306243111e-02
0.51200000, 2.14592450697242955734205004948439402554e+00, -1.84721236764438865491951986965964873020e-01, 2.77380951615276643270659158987467856537e+01, 3.24952612075930342439729452505409052834e-02, 3.96699009666732629032744551931411651190e+00, 3.11355425741690142636571986251655895579e-01, -1.0826111905097448e-02, -3.4082244382472824e-02
0.51300000, 2.14628312979536779268763250618882752567e+00, -1.84697337362515697501594748932750884552e-01, 2.77372971447308192618000169862388109635e+01, 3.25959065217763990701926989447391817620e-02, 3.96662388163111238441654140262564097842e+00, 3.11387171793020850081540466672410566284e-01, -1.0771019433944985e-02, -3.4125486293928324e-02
0.51400000, 2.14664238874486639434504010915960012486e+00, -1.84673350478092079554765833846195742058e-01, 2.77364977539045224055562388358033165576e+01, 3.26966852714906578988391043816812730867e-02, 3.96625688374262365415803668342232249726e+00, 3.11419011896412425278986177755422341002e-01, -1.0715662922731480e-02, -3.4168724241444525e-02
0.51500000, 2.14700228527161409696623773872152698697e+00, -1.84649275781341796513168939133933249425e-01, 2.77356969868407307864744707112471934483e+01, 3.27975973067515189473202333548052242344e-02, 3.96588910114848727456757877807436232285e+00, 3.11450946187684803327100296442652534867e-01, -1.0660041290256103e-02, -3.4211957417949814e-02
0.51600000, 2.14736282083235999607936572528988343003e+00, -1.84625112940589369505236598731907025205e-01, 2.77348948413232640314496864390022613469e+01, 3.28986424763764000163571521031500911339e-02, 3.96552053198752315055152747194767548074e+00, 3.11482974800412915315962820679951115352e-01, -1.0604153451733106e-02, -3.4255185008397500e-02
0.51700000, 2.14772399688994674404860331031100017959e+00, -1.84600861622297147885943430126449223125e-01, 2.77340913151277642061986159738592249404e+01, 3.29998206279748353155394077174371023830e-02, 3.96515117439068470720934199270445276820e+00, 3.11515097865892441183771591398131121832e-01, -1.0547998318793357e-02, -3.4298406189696666e-02
0.51800000, 2.14808581491334398381380736031568284942e+00, -1.84576521491052288305535292835680940304e-01, 2.77332864060216553849467091036307588407e+01, 3.31011316079387953102032591056283271143e-02, 3.96478102648099903769500188294666755135e+00, 3.11547315513105269408383065994763351056e-01, -1.0491574799486124e-02, -3.4341620130642436e-02
0.51900000, 2.14844827637768202248212985780041181849e+00, -1.84552092209553619711706954625660263539e-01, 2.77324801117641029474828016062753463510e+01, 3.32025752614329186698625581513851705417e-02, 3.96441008637350640175045225339513505141e+00, 3.11579627868684661852345759193532012388e-01, -1.0434881798281127e-02, -3.4384825991845643e-02
0.52000000, 2.14881138276428574686522360126072658488e+00, -1.84527573438598393095469418016549647303e-01, 2.77316724301059726013063329087841362970e+01, 3.33041514323846553871811889791855765762e-02, 3.96403835217519906795613647895188086049e+00, 3.11612035056880122069188582733825373890e-01, -1.0377918216070859e-02, -3.4428022925661893e-02
0.52100000, 2.14917513556070878307730641889697974123e+00, -1.84502964837068914776458011603813987390e-01, 2.77308633587897891265691400060329681286e+01, 3.34058599634743201250785349624879483573e-02, 3.96366582198495949267502206060346962293e+00, 3.11644537199521965368038903873019395032e-01, -1.0320682950173178e-02, -3.4471210076120019e-02
0.52200000, 2.14953953626076790233127347291271705556e+00, -1.84478266061919062008740589693534722808e-01, 2.77300528955496948414907615827933003311e+01, 3.35077006961250548380031161468842290527e-02, 3.96329249389349782859712623534889485954e+00, 3.11677134415985588922681544626107013743e-01, -1.0263174894334171e-02, -3.4514386578849931e-02
0.52300000, 2.14990458636457767509222839212768718318e+00, -1.84453476768160679673288546895898239864e-01, 2.77292410381114077859028253940288991686e+01, 3.36096734704926997016918333884947697836e-02, 3.96291836598328875572139472985199119989e+00, 3.11709826823155440199922568930928645907e-01, -1.0205392938731314e-02, -3.4557551561009841e-02
0.52400000, 2.15027028737858537577025056045821537077e+00, -1.84428596608849856808168623637581713784e-01, 2.77284277841921796205544573953585491964e+01, 3.37117781254555713738506356020221406977e-02, 3.96254343632850762754086730811071359761e+00, 3.11742614535388681970582831539746969667e-01, -1.0147335969976902e-02, -3.4600704141212864e-02
0.52500000, 2.15063664081560614015693150160033577098e+00, -1.84403625235073081712197379817509236681e-01, 2.77276131315007532397867392211724588460e+01, 3.38140144986041475961443147062648735791e-02, 3.96216770299496592512536467150690450843e+00, 3.11775497664478552154608035204598076110e-01, -1.0089002871121791e-02, -3.4643843429452997e-02
0.52600000, 2.15100364819485837783320158408547739417e+00, -1.84378562295933274342269415509424648896e-01, 2.77267970777373200951600476716504825334e+01, 3.39163824262306571356659056906652113555e-02, 3.96179116404004601172343976358273624352e+00, 3.11808476319617416739636471878286763796e-01, -1.0030392521659423e-02, -3.4686968527030454e-02
0.52700000, 2.15137131104199944179923292893835355125e+00, -1.84353407438535694708821529765225017068e-01, 2.77259796205934772275936321255023666193e+01, 3.40188817433185740516671572892843541806e-02, 3.96141381751263518043203925856278449694e+00, 3.11841550607359513999904583497847840160e-01, -9.9715037975301647e-03, -3.4730078526476375e-02
0.52800000, 2.15173963088916155760074919361278520580e+00, -1.84328160307973725957924581711647544590e-01, 2.77251607577521840055520194197300247076e+01, 3.41215122835320152607680257780276371230e-02, 3.96103566145305898740820432734921004503e+00, 3.11874720631583388229585705455935913325e-01, -9.9123355711259492e-03, -3.4773172511476878e-02
0.52900000, 2.15210860927498801424990164679090234998e+00, -1.84302820547314530812299342085044221096e-01, 2.77243404868877185667877768506941183510e+01, 3.42242738792050403611223663961891735839e-02, 3.96065669389301386302218973549561041158e+00, 3.11907986493454011191540449422377692798e-01, -9.8528867112952389e-03, -3.4816249556796464e-02
0.53000000, 2.15247824774466961926298751294487910975e+00, -1.84277387797584580027128526072731856964e-01, 2.77235188056656339611248086133896062644e+01, 3.43271663613308526630961411489375125738e-02, 3.96027691285549899327558268925628634794e+00, 3.11941348291384589468999600008847729420e-01, -9.7931560833483041e-03, -3.4859308728200773e-02
0.53100000, 2.15284854784998142016169488604477668730e+00, -1.84251861697755051499880844714851054760e-01, 2.77226957117427139917407052098048074678e+01, 3.44301895595509003609106659690744763238e-02, 3.95989631635474746373134305358479356297e+00, 3.11974806120998055893893458660332891576e-01, -9.7331425490628304e-03, -3.4902349082378669e-02
0.53200000, 2.15321951114931969480926258102502863688e+00, -1.84226241884727098656470602763581686216e-01, 2.77218712027669287523807050638421786089e+01, 3.45333433021438767664137715175858917556e-02, 3.95951490239615665812514974973683193778e+00, 3.12008360075088243211376442010948008473e-01, -9.6728449666898583e-03, -3.4945369666863660e-02
0.53300000, 2.15359113920773921297794716297508078250e+00, -1.84200527993316986718944340846112641622e-01, 2.77210452763773898579095586593727375392e+01, 3.46366274160146185126632858295917573513e-02, 3.95913266897621790374900910789167977378e+00, 3.12042010243580738125563460353775785223e-01, -9.6122621909600603e-03, -3.4988369519954654e-02
0.53400000, 2.15396343359699077156949718269839838943e+00, -1.84174719656241095442510437257573583673e-01, 2.77202179302043053655810037869789457144e+01, 3.47400417266829006213369465395533534352e-02, 3.95874961408244535561874418167649480899e+00, 3.12075756713493413856586048693195340250e-01, -9.5513930730903640e-03, -3.5031347670636025e-02
0.53500000, 2.15433639589555900593595053134742592544e+00, -1.84148816504100786892104549812099358295e-01, 2.77193891618689343843776616977087188185e+01, 3.48435860582721273141176449224165582460e-02, 3.95836573569330411135672367164503274852e+00, 3.12109599568896639323782134723602930648e-01, -9.4902364607909238e-03, -3.5074303138496997e-02
0.53600000, 2.15471002768870047977399904826012346126e+00, -1.84122818165367136810809321530412163769e-01, 2.77185589689835413697469438080435201301e+01, 3.49472602334979174341396681937474536207e-02, 3.95798103177813754863998895724900345946e+00, 3.12143538890873163054144292995807615011e-01, -9.4287911982724510e-03, -3.5117234933650346e-02
0.53700000, 2.15508433056848205609240938185039304171e+00, -1.84096724266365528114316855338488909323e-01, 2.77177273491513501010310127029506512602e+01, 3.50510640736565833293171594314199293231e-02, 3.95759550029709387698178125717479287466e+00, 3.12177574757477669899057790331242938794e-01, -9.3670561262539065e-03, -3.5160142056650397e-02
0.53800000, 2.15545930613381955177855498647049225509e+00, -1.84070534431260105027232969971593391439e-01, 2.77168942999664973388609651002608187096e+01, 3.51549973986135020349071183112972436163e-02, 3.95720913920105189553134122668985709966e+00, 3.12211707243696008625851960421579413530e-01, -9.3050300819705624e-03, -3.5203023498410323e-02
0.53900000, 2.15583495599051667831700547878768400756e+00, -1.84044248282038086358368995856968237505e-01, 2.77160598190139861597571936587214436931e+01, 3.52590600267913775779826248571775343481e-02, 3.95682194643154594849273309653933041444e+00, 3.12245936421404088433756588549010792862e-01, -9.2427118991824411e-03, -3.5245878240118734e-02
0.54000000, 2.15621128175130427124034088394065269408e+00, -1.84017865438493936393245594728593340933e-01, 2.77152239038696389651493344539308436388e+01, 3.53632517751583932116042277875630312454e-02, 3.95643391992069006967831713065834396210e+00, 3.12280262359326442426489018836522403562e-01, -9.1801004081831360e-03, -3.5288705253155558e-02
0.54100000, 2.15658828503587981091991415257922163190e+00, -1.83991385518213391862839452372979065582e-01, 2.77143865521000501620003129607708627154e+01, 3.54675724592162523713751837581013259783e-02, 3.95604505759110130762633972303627841408e+00, 3.12314685122994456055887438510379138736e-01, -9.1171944358090222e-03, -3.5331503499007192e-02
0.54200000, 2.15696596747094723733218037350849515525e+00, -1.83964808136557343428133284387428298994e-01, 2.77135477612625385121897587463558877231e+01, 3.55720218929881071317459873803310884415e-02, 3.95565535735582222262491147748833747811e+00, 3.12349204774704258532740910651172679622e-01, -9.0539928054488638e-03, -3.5374271929180937e-02
0.54300000, 2.15734433069025706146445006356578343389e+00, -1.83938132906645570100277914681921188112e-01, 2.77127075289050991477824629997421841942e+01, 3.56765998890063729238918552313165558396e-02, 3.95526481711824254689638133689211398421e+00, 3.12383821373474275182236723760766049294e-01, -8.9904943370538241e-03, -3.5417009485118697e-02
0.54400000, 2.15772337633464677605251158012867155420e+00, -1.83911359439340324996137658980274963797e-01, 2.77118658525663552492775986357060921599e+01, 3.57813062583004282612199171536155959903e-02, 3.95487343477201999910677007111671216987e+00, 3.12418534975002438702239847122787222607e-01, -8.9266978471478866e-03, -3.5459715098109937e-02
0.54500000, 2.15810310605208156837150894016176084191e+00, -1.83884487343229770808662211244187954482e-01, 2.77110227297755093839041050667358467103e+01, 3.58861408103841982025671568215543490973e-02, 3.95448120820100024427447960963047176609e+00, 3.12453345631623057262926906704922949511e-01, -8.8626021488386933e-03, -3.5502387689203899e-02
0.54600000, 2.15848352149769533783076108640060762843e+00, -1.83857516224611263350904945733897706194e-01, 2.77101781580522945009969538205642362474e+01, 3.59911033532436202669218962031304650163e-02, 3.95408813527913599006092581573096686522e+00, 3.12488253392263337366107144291176740407e-01, -8.7982060518288081e-03, -3.5545026169121068e-02
0.54700000, 2.15886462433383202115287193643939508416e+00, -1.83830445687474481511584181133139225661e-01, 2.77093321349069245814579518930119668259e+01, 3.60961936933239914970370327807347088513e-02, 3.95369421387040521033303092251470277828e+00, 3.12523258302399559361864143744719358283e-01, -8.7335083624274125e-03, -3.5587629438163882e-02
0.54800000, 2.15924641623008722794751248259153096254e+00, -1.83803275333484401938855587704673955171e-01, 2.77084846578400449382733018915414185826e+01, 3.62014116355171953525984426757708156072e-02, 3.95329944182872848679363713389515528477e+00, 3.12558360404012903498933386246193897301e-01, -8.6685078835624412e-03, -3.5630196386126671e-02
0.54900000, 2.15962889886335018952066195738385146092e+00, -1.83776004761964116747425546044294442985e-01, 2.77076357243426821650283163873262675622e+01, 3.63067569831488070966630150991632146472e-02, 3.95290381699788545938084354650850368219e+00, 3.12593559735544924363480445119849628635e-01, -8.6032034147931650e-03, -3.5672725892204836e-02
0.55000000, 2.16001207391784602379087990023489857324e+00, -1.83748633569877492522281787441906803873e-01, 2.77067853318961937293274731146985529387e+01, 3.64122295379650763218836698335776511081e-02, 3.95250733721143037604100283265109884015e+00, 3.12628856331852671538651193424214187130e-01, -8.5375937523232287e-03, -3.5715216824903245e-02
0.55100000, 2.16039594308517831921535019630444171792e+00, -1.83721161351811668870143868612164889569e-01, 2.77059334779722172079953923152990744930e+01, 3.65178291001197852455893423751798183168e-02, 3.95211000029260673238261984746278641630e+00, 3.12664250224163454294416943922781249405e-01, -8.4716776890141531e-03, -3.5757668041943848e-02
0.55200000, 2.16078050806437204065999723338227758312e+00, -1.83693587699959394747236669916500533963e-01, 2.77050801600326191609013121143426840423e+01, 3.66235554681609813850821386961909474314e-02, 3.95171180405426099161964882824803880744e+00, 3.12699741440029248093821966738185734677e-01, -8.4054540143993071e-03, -3.5800078390172501e-02
0.55300000, 2.16116577056191676017992874679084204313e+00, -1.83665912204101200769159771352556723786e-01, 2.77042253755294436402162267463305805714e+01, 3.67294084390175832065474247398807570103e-02, 3.95131274629875537511266600994635954172e+00, 3.12735330003280740677746153765528510859e-01, -8.3389215146983592e-03, -3.5842446705464997e-02
0.55400000, 2.16155173229181021570881529193626445847e+00, -1.83638134451587405685458770658663662508e-01, 2.77033691219048603318780300380286762070e+01, 3.68353878079858573227412082216838708961e-02, 3.95091282481787971371507667613407532752e+00, 3.12771015933981015465709361203616990613e-01, -8.2720789728322173e-03, -3.5884771812632291e-02
0.55500000, 2.16193839497560220068857828372004998563e+00, -1.83610254027319955177995777919227517515e-01, 2.77025113965911123260057670393239589693e+01, 3.69414933687157657961183960906618081272e-02, 3.95051203739276235002887579617055321216e+00, 3.12806799248378869985053622474235315352e-01, -8.2049251684384637e-03, -3.5927052525324918e-02
0.55600000, 2.16232576034243878770393294543548312012e+00, -1.83582270513734091118359762985973112283e-01, 2.77016521970104635129694342088784680938e+01, 3.70477249131971820852908930115349136913e-02, 3.95011038179378008157049486226278326597e+00, 3.12842679958861767015032261211864240697e-01, -8.1374588778872945e-03, -3.5969287645936591e-02
0.55700000, 2.16271383012910688921992518203441736059e+00, -1.83554183490779849395347352552474887959e-01, 2.77007915205751456017866771604339049770e+01, 3.71540822317459741536514846184415303605e-02, 3.94970785578046713474190922133771280816e+00, 3.12878658073908416105898041576938659235e-01, -8.0696788742979725e-03, -3.6011475965506979e-02
0.55800000, 2.16310260608007915855461829144928871682e+00, -1.83525992535903384398975172172909111218e-01, 2.76999293646873047574822086125948232302e+01, 3.72605651129899532396633797951770507682e-02, 3.94930445710142315939542446198521026935e+00, 3.12914733598040983106002778309220006895e-01, -8.0015839275558017e-03, -3.6053616263623653e-02
0.55900000, 2.16349208994755923425353260495612679019e+00, -1.83497697224028118222549894682054525464e-01, 2.76990657267389478540098017200282683788e+01, 3.73671733438546867686914384272620019221e-02, 3.94890018349422023367238110309879220705e+00, 3.12950906531776925302185010859642069518e-01, -7.9331728043296327e-03, -3.6095707308323199e-02
0.56000000, 2.16388228349152733106732475124100016754e+00, -1.83469297127535712619015668338040076771e-01, 2.76982006041118883393002991603758729635e+01, 3.74739067095491738663346666097297145363e-02, 3.94849503268530886868638723533090598639e+00, 3.12987176871580449750316953429537262947e-01, -7.8644442680899078e-03, -3.6137747855991478e-02
0.56100000, 2.16427318847978618076951951433263986561e+00, -1.83440791816246861722114319472350823565e-01, 2.76973339941776917089622098732242718926e+01, 3.75807649935513819130056121292892772580e-02, 3.94808900238992300251058163642248728155e+00, 3.13023544609813592343793302133396040723e-01, -7.7953970791272557e-03, -3.6179736651263048e-02
0.56200000, 2.16466480668800732608688254760514075472e+00, -1.83412180857401903516825302966688404636e-01, 2.76964658942976205851241367592736773619e+01, 3.76877479775936425589858395666347980875e-02, 3.94768209031198397281581740398972474542e+00, 3.13060009734686915137958753459908142546e-01, -7.7260299945716435e-03, -3.6221672426919715e-02
0.56300000, 2.16505713989977777105125296035028078008e+00, -1.83383463815641248017093338136879968576e-01, 2.76955963018225793968704834112896730475e+01, 3.77948554416479055983626135474312892987e-02, 3.94727429414400345739250994079712579755e+00, 3.13096572230209819417974209541762331071e-01, -7.6563417684120980e-03, -3.6263553903788226e-02
0.56400000, 2.16545018990664699111834755843876735851e+00, -1.83354640252985620081995424976306822738e-01, 2.76947252140930586586836194214941198469e+01, 3.79020871639108490791150821164988125048e-02, 3.94686561156698537167318422269624706045e+00, 3.13133232076140471966399361132254296142e-01, -7.5863311515170033e-03, -3.6305379790637090e-02
0.56500000, 2.16584395850817430643620994935194872418e+00, -1.83325709728816114774238769811970943020e-01, 2.76938526284390788432669352449675597401e+01, 3.80094429207888440051633442047296705275e-02, 3.94645604025032671225545512050839803290e+00, 3.13169989247935341954807192859232488677e-01, -7.5159968916549868e-03, -3.6347148784072515e-02
0.56600000, 2.16623844751197662168361457376365087782e+00, -1.83296671799854063137210217543972381531e-01, 2.76929785421801338450839821400070939787e+01, 3.81169224868827719644154206559346678157e-02, 3.94604557785171733530625097270775301549e+00, 3.13206843716698345851029287714900437222e-01, -7.4453377335164018e-03, -3.6388859568433463e-02
0.56700000, 2.16663365873377653593685486851521095393e+00, -1.83267526020140706238709118118103719712e-01, 2.76921029526251340309091633893174560151e+01, 3.82245256349726939947398408468673414262e-02, 3.94563422201703865860751383925064597379e+00, 3.13243795449129597700144753058705730849e-01, -7.3743524187354177e-03, -3.6430510815685805e-02
0.56800000, 2.16702959399745082606195317701679324612e+00, -1.83238271941016675300982044445907686560e-01, 2.76912258570723488736452127540856371839e+01, 3.83322521360023689773497166437979459669e-02, 3.94522197038026127588134850503488399372e+00, 3.13280844407473762103055074192814966506e-01, -7.3030396859127279e-03, -3.6472101185315581e-02
0.56900000, 2.16742625513507930716843479264972784728e+00, -1.83208909111101275707732190005398786623e-01, 2.76903472528093491656219577366824949805e+01, 3.84401017590636198243021067290303772201e-02, 3.94480882056334147190861430249016432607e+00, 3.13317990549468007181416938142897196808e-01, -7.2313982706388861e-03, -3.6513629324221344e-02
0.57000000, 2.16782364398699407370041685249498275798e+00, -1.83179437076271572649391232043133287174e-01, 2.76894671371129488075496114218320532587e+01, 3.85480742713805457036883737980982251500e-02, 3.94439477017611662682922649438659015124e+00, 3.13355233828289554781819560181891236134e-01, -7.1594269055182803e-03, -3.6555093866605596e-02
0.57100000, 2.16822176240182912478088201256669920926e+00, -1.83149855379641276138109435852950007704e-01, 2.76885855072491461692580600080356585828e+01, 3.86561694382935785226111912835320775506e-02, 3.94397981681619949788492394499082618415e+00, 3.13392574192502825135376572983845620370e-01, -7.0871243201937575e-03, -3.6596493433865289e-02
0.57200000, 2.16862061223657037746564436966300050065e+00, -1.83120163561539423093633139284151236874e-01, 2.76877023604730650183113060887596486170e+01, 3.87643870232433818642058392278899652103e-02, 3.94356395806887136673593307979278317284e+00, 3.13430011586006173151339168069643575246e-01, -7.0144892413719080e-03, -3.6637826634481405e-02
0.57300000, 2.16902019535660607160467850709874452580e+00, -1.83090361159488854170489690751149519854e-01, 2.76868176940288950125433826326780969130e+01, 3.88727267877545905507613000921617201213e-02, 3.94314719150697404035177997274069523621e+00, 3.13467545947978213484910754486942885240e-01, -6.9415203928490212e-03, -3.6679092063907588e-02
0.57400000, 2.16942051363577757005017951238194374725e+00, -1.83060447708184482965680465897786813165e-01, 2.76859315051498317525186616565921449322e+01, 3.89811884914193889804241668858558774741e-02, 3.94272951469080069334343738583421959397e+00, 3.13505177212823731480137538797665452173e-01, -6.8682164955377240e-03, -3.6720288304457837e-02
0.57500000, 2.16982156895643055799296014921069698865e+00, -1.83030422739471355214384652901487080874e-01, 2.76850437910580163898755368700062510963e+01, 3.90897718918809263600191306763422370557e-02, 3.94231092516798553946900558539241082379e+00, 3.13542905310119177048547524132045737891e-01, -6.7945762674943139e-03, -3.6761413925193235e-02
0.57600000, 2.17022336320946664525157899552574332264e+00, -1.83000285782322495548991814038448248910e-01, 2.76841545489644747874679530549617821109e+01, 3.91984767448165669311873227882477477405e-02, 3.94189142047339231990817791100302469312e+00, 3.13580730164557738503095634395827482986e-01, -6.7205984239467971e-03, -3.6802467481807724e-02
0.57700000, 2.17062589829439537538193834417740444842e+00, -1.82970036362816539364101382811053801813e-01, 2.76832637760690562271741784563035728586e+01, 3.93073028039209732613214246509953280319e-02, 3.94147099812900159576179677431105304052e+00, 3.13618651695893993324927919106344264284e-01, -6.6462816773236451e-03, -3.6843447516512907e-02
0.57800000, 2.17102917611938664551900119466256604516e+00, -1.82939674004115147296943660935493764068e-01, 2.76823714695603716611965616909070924743e+01, 3.94162498208890206446574737725516479774e-02, 3.94104965564379683209182465722725768924e+00, 3.13656669818888132797485774408643122922e-01, -6.5716247372832795e-03, -3.6884352557921865e-02
0.57900000, 2.17143319860132354090676106848304906051e+00, -1.82909198226440199798980791676347132577e-01, 2.76814776266157315026297731990933773978e+01, 3.95253175453985406323608061597399692017e-02, 3.94062739051364926067399863493589561205e+00, 3.13694784443249757398514276207546832519e-01, -6.4966263107443002e-03, -3.6925181120932001e-02
0.58000000, 2.17183796766585558811766511799135217421e+00, -1.82878608547050769240228690362735407573e-01, 2.76805822444010829510281944794004733785e+01, 3.96345057250928916835105693329072154175e-02, 3.94020420022120150849026605609822889924e+00, 3.13732995473581239795599268378195199567e-01, -6.4212851019164661e-03, -3.6965931706606874e-02
0.58100000, 2.17224348524745243100834866846023988634e+00, -1.82847904480219866953092921895267550957e-01, 2.76796853200709468486556775508097668587e+01, 3.97438141055633549015365659496516528910e-02, 3.93978008223574997884077255962569530100e+00, 3.13771302809320652244917742354768572795e-01, -6.3455998123324435e-03, -3.7006602802057047e-02
0.58200000, 2.17264975328945793350479667566149728049e+00, -1.82817085537210962587223764947661349984e-01, 2.76787868507683540630528434135201172056e+01, 3.98532424303313527928865575174028825678e-02, 3.93935503401312597180565006883686535738e+00, 3.13809706344684255145926993588251197073e-01, -6.2695691408803338e-03, -3.7047192880319908e-02
0.58300000, 2.17305677374414471335691347989054293388e+00, -1.82786151226254273111058749740256043455e-01, 2.76778868336247813915084127242599450631e+01, 3.99627904408304889564941408466290504175e-02, 3.93892905299557553063508942454480969866e+00, 3.13848205968608543456721501275934777553e-01, -6.1931917838369928e-03, -3.7087700400238489e-02
0.58400000, 2.17346454857276911104996572141780554120e+00, -1.82755101052522818759325173290601300455e-01, 2.76769852657600869829717553109060776087e+01, 4.00724578763884065839693324109853446870e-02, 3.93850213661163800049213669805764289451e+00, 3.13886801564691847625733648942718031911e-01, -6.1164664349021563e-03, -3.7128123806339241e-02
0.58500000, 2.17387307974562659810847352955509514756e+00, -1.82723934518108243188810667784484594773e-01, 2.76760821442824452728938982192863221376e+01, 4.01822444742084636213383357067232432515e-02, 3.93807428227602328581627990114855464598e+00, 3.13925493011135485645326222378494107298e-01, -6.0393917852333846e-03, -3.7168461528708791e-02
0.58600000, 2.17428236924210762907687143680998149119e+00, -1.82692651121996395067166817264429283157e-01, 2.76751774662882814264336352546741633976e+01, 4.02921499693512224136077513772938082486e-02, 3.93764548738948779241714884283543171016e+00, 3.13964280180684462781601760683762363265e-01, -5.9619665234818387e-03, -3.7208711982869641e-02
0.58700000, 2.17469241905075394151065238373733732666e+00, -1.82661250360042668281378882432562452780e-01, 2.76742712288622052854141248378006651787e+01, 4.04021740947157516234136926534760903605e-02, 3.93721574933870904024648943780132944174e+00, 3.14003162940567715482416699475171816454e-01, -5.8841893358289037e-03, -3.7248873569654826e-02
0.58800000, 2.17510323116931530836175530848606900849e+00, -1.82629731724947097913803500145800437522e-01, 2.76733634290769448143634376675089435012e+01, 4.05123165810207381845297056284908253492e-02, 3.93678506549615893263294810235230215369e+00, 3.14042141152437895912116963483487188777e-01, -5.8060589060236716e-03, -3.7288944675081504e-02
0.58900000, 2.17551480760480674719266895653079600464e+00, -1.82598094706229209094335165862370579642e-01, 2.76724540639932790409199112350074236329e+01, 4.06225771567854070200407204318794786719e-02, 3.93635343321997566759806430578180435355e+00, 3.14081214672310693506886092609905576848e-01, -5.7275739154212994e-03, -3.7328923670223483e-02
0.59000000, 2.17592715037356619070511166184772193261e+00, -1.82566338790202615797300567760221030573e-01, 2.76715431306599704858298745688904038022e+01, 4.07329555483102462235349667181631391618e-02, 3.93592084985383427670317125593092768114e+00, 3.14120383350503689888796693433902961242e-01, -5.6487330430222553e-03, -3.7368808911082667e-02
0.59100000, 2.17634026150131262312121906727231877679e+00, -1.82534463459949366611086391005229046835e-01, 2.76706306261136970777113134388402715264e+01, 4.08434514796575353697131985651542351175e-02, 3.93548731272681577670559650072139363755e+00, 3.14159647031574743419660283909177085105e-01, -5.5695349655124690e-03, -3.7408598738459420e-02
0.59200000, 2.17675414302320468700793936363955450648e+00, -1.82502468195294034467269802216811292171e-01, 2.76697165473789835477023431715960502620e+01, 4.09540646726316745883558420465617269377e-02, 3.93505281915327491912858535219254497881e+00, 3.14199005554259899617558439038785993020e-01, -5.4899783573044006e-03, -3.7448291477821830e-02
0.59300000, 2.17716879698389976518880910052208798680e+00, -1.82470352472777547274129987334602915249e-01, 2.76688008914681322990579326238749185226e+01, 4.10647948467593120026147804873693806339e-02, 3.93461736643270652267268891348602217631e+00, 3.14238458751410823599488251321892069215e-01, -5.4100618905790424e-03, -3.7487885439173877e-02
0.59400000, 2.17758422543761354244147259631151200546e+00, -1.82438115765630756356862153007584740931e-01, 2.76678836553811537467021679249054539343e+01, 4.11756417192692670990982259152106665708e-02, 3.93418095184961037321691251809511754107e+00, 3.14278006449931750652845893729448137750e-01, -5.3297842353288711e-03, -3.7527378916922484e-02
0.59500000, 2.17800043044818005173422526995810182404e+00, -1.82405757543747739563580381911074852754e-01, 2.76669648361056961216864473771955461586e+01, 4.12866050050722475631851058711277113299e-02, 3.93374357267335467597565593905815265966e+00, 3.14317648470715950976481612402129326869e-01, -5.2491440594017628e-03, -3.7566770189743448e-02
0.59600000, 2.17841741408911220981051682961120480514e+00, -1.82373277273658835852270487991042313052e-01, 2.76660444306169747354463482356070149448e+01, 4.13976844167403570784300511217640659864e-02, 3.93330522615803804419233909677930059375e+00, 3.14357384628581704568765569143067717484e-01, -5.1681400285458901e-03, -3.7606057520446246e-02
0.59700000, 2.17883517844366284698675536748109245579e+00, -1.82340674418503408129226137609935196148e-01, 2.76651224358777006986914906322281872447e+01, 4.15088796644863915537916396091918325327e-02, 3.93286590954235000856254040905653523079e+00, 3.14397214732207782175484073372612296104e-01, -5.0867708064556152e-03, -3.7645239155837697e-02
0.59800000, 2.17925372560488623608591939570405635393e+00, -1.82307948438002331064158327784588773085e-01, 2.76641988488380090897035321479568356530e+01, 4.16201904561429212067250777824537483520e-02, 3.93242562004943003138842250406967334081e+00, 3.14437138584068428144417042786175881885e-01, -5.0050350548183955e-03, -3.7684313326584481e-02
0.59900000, 2.17967305767570012548742327592047853366e+00, -1.82275098788430200561096930351257308622e-01, 2.76632736664353865667574467271927437937e+01, 4.17316164971411558939158254927894402983e-02, 3.93198435488672500927212375063961240307e+00, 3.14477155980367840966106839308870023554e-01, -4.9229314333627198e-03, -3.7723278247074502e-02
0.60000000, 2.18009317676894828133240410109638657620e+00, -1.82242124922587261517390248881323644391e-01, 2.76623468855945984193204618681026609041e+01, 4.18431574904895910445824343403514556989e-02, 3.93154211124584524795859479797275916270e+00, 3.14517266710974147211592438799944355042e-01, -4.8404585999070898e-03, -3.7762132115277081e-02
0.60100000, 2.18051408500746354398311683515442170839e+00, -1.82209026289771050455540956418390659927e-01, 2.76614185032276150526214361748620028612e+01, 4.19548131367524315138345028913679662433e-02, 3.93109888630241889273799673882187767205e+00, 3.14557470559352864507727369218284240558e-01, -4.7576152104100668e-03, -3.7800873112601981e-02
0.60200000, 2.18093578452413140389545155907237566470e+00, -1.82175802335747749564280678657495566963e-01, 2.76604885162335379001210431024595013687e+01, 4.20665831340277906355243738071215827645e-02, 3.93065467721594479761419010367936076887e+00, 3.14597767302499849119100809749330795976e-01, -4.6743999190213976e-03, -3.7839499403757247e-02
0.60300000, 2.18135827746195410212473437131440418651e+00, -1.82142452502723248636166874203104637118e-01, 2.76595569214985247583498735226912332808e+01, 4.21784671779256617153680082920073124732e-02, 3.93020948112964381623896893278570035447e+00, 3.14638156710873723632514150995354334411e-01, -4.5908113781342408e-03, -3.7878009136605851e-02
0.60400000, 2.18178156597411526074695441482318273232e+00, -1.82108976229313911339070273149607694120e-01, 2.76586237158957145385174668428620573816e+01, 4.22904649615456591658201505791168982649e-02, 3.92976329517030849740146769242883138769e+00, 3.14678638548327780165405286916042088493e-01, -4.5068482384385087e-03, -3.7916400442021139e-02
0.60500000, 2.18220565222404504854038643418742816430e+00, -1.82075372950517042208194410207907935601e-01, 2.76576888962851514292303148508640477103e+01, 4.24025761754545264442599902256062812054e-02, 3.92931611644815116764852557444875764630e+00, 3.14719212572041354443534694400096996609e-01, -4.4225091489753450e-03, -3.7954671433741066e-02
0.60600000, 2.18263053838548588733626420361767057093e+00, -1.82041642097681050693715875933275294059e-01, 2.76567524595137084645910410554982907150e+01, 4.25148005076634079154643611048638344242e-02, 3.92886794205665038339466622755140652159e+00, 3.14759878532450666015625339615359737427e-01, -4.3377927571927554e-03, -3.7992820208221210e-02
0.60700000, 2.18305622664255870451171832835991692129e+00, -1.82007783098475308546739653852441435559e-01, 2.76558144024150104918842276281898689733e+01, 4.26271376436048817181041637993485873363e-02, 3.92841876907239573465967338732567449714e+00, 3.14800636173179119793456640128276070079e-01, -4.2526977090024109e-03, -3.8030844844486555e-02
0.60800000, 2.18348271918982973716363575330735243699e+00, -1.81973795376859696773012847804092680365e-01, 2.76548747218093565329867284917100068406e+01, 4.27395872661097506730840002557736628270e-02, 3.92796859455493098234744503093719054393e+00, 3.14841485230967064025124734755548931570e-01, -4.1672226488376426e-03, -3.8068743403982043e-02
0.60900000, 2.18391001823237789356844148595233095620e+00, -1.81939678353053838329716451817329838995e-01, 2.76539334145036415335717567700221267735e+01, 4.28521490553835882289425552443012318862e-02, 3.92751741554659551075182004878505548253e+00, 3.14882425435600999726770406626860662903e-01, -4.0813662197126477e-03, -3.8106513930421870e-02
0.61000000, 2.18433812598586267760005946276965891861e+00, -1.81905431443506012685642470322878435975e-01, 2.76529904772912774941065536001562982354e+01, 4.29648226889830363962293835001079332142e-02, 3.92706522907236407674332007247213949015e+00, 3.14923456509842236514015009889506870297e-01, -3.9951270632829251e-03, -3.8144154449637526e-02
0.61100000, 2.18476704467659268184649330246812364636e+00, -1.81871054060861748309146224843385975663e-01, 2.76520459069521139765730188592598165247e+01, 4.30776078417918525787595397805187217902e-02, 3.92661203213968483685516167905839745789e+00, 3.14964578169354989688606103649154643135e-01, -3.9085038199069637e-03, -3.8181662969424568e-02
0.61200000, 2.18519677654159465523459328203993887181e+00, -1.81836545613932089091424311951465729505e-01, 2.76510997002523579807692980782104044257e+01, 4.31905041859967021649077311649769052524e-02, 3.92615782173831563324739590941060330922e+00, 3.15005790122633913348330222969866470630e-01, -3.8214951287091996e-03, -3.8219037479388123e-02
0.61300000, 2.18562732382868315104265787433642936554e+00, -1.81801905507661530654890287962363668294e-01, 2.76501518539444931839779588466747981721e+01, 4.33035113910626936966249148271631712435e-02, 3.92570259484015851928454661900869697055e+00, 3.15047092070931064199071920960977389824e-01, -3.7340996276442670e-03, -3.8256275950787093e-02
0.61400000, 2.18605868879653076125157148215087276338e+00, -1.81767133143095622437685276781812805855e-01, 2.76492023647671985377130392564913569417e+01, 4.34166291237086533876287704744633366087e-02, 3.92524634839909250521456884038302494070e+00, 3.15088483708182290656957074877584861027e-01, -3.6463159535625608e-03, -3.8293376336377074e-02
0.61500000, 2.18649087371473894325721973230275527996e+00, -1.81732227917348231385651495257482120839e-01, 2.76482512294452662151838950131344327019e+01, 4.35298570478821357152212208096269417025e-02, 3.92478907935080450418525375669073872437e+00, 3.15129964720933041735785202807395028649e-01, -3.5581427422771339e-03, -3.8330336570251966e-02
0.61600000, 2.18692388086390944503996525321971530534e+00, -1.81697189223568463022394962207570679277e-01, 2.76472984446895189030383951353684044192e+01, 4.36431948247341667624068412571109517151e-02, 3.92433078461261845857828717563985898718e+00, 3.15171534788263590120400480582073775209e-01, -3.4695786286319501e-03, -3.8367154567684266e-02
0.61700000, 2.18735771253571633496102591550995380092e+00, -1.81662016450907235606350821730839657976e-01, 2.76463440071967264308716027567744852097e+01, 4.37566421125937169384109801203103678262e-02, 3.92387146108332262638094106066733160515e+00, 3.15213193581713663730244121374537770853e-01, -3.3806222465715154e-03, -3.8403828224964042e-02
0.61800000, 2.18779237103297864243069000174559941094e+00, -1.81626708984483503021021800282689552693e-01, 2.76453879136495217319086112594125867569e+01, 4.38701985669418996563107865817510780545e-02, 3.92341110564299500705075859684679322028e+00, 3.15254940765206479979041159825653333212e-01, -3.2912722292119088e-03, -3.8440355419236564e-02
0.61900000, 2.18822785866973361576944489915537193604e+00, -1.81591266205350121980767966446111459362e-01, 2.76444301607163161281916703480211536841e+01, 4.39838638403858924962808898251719181163e-02, 3.92294971515282688605949665026412520849e+00, 3.15296775994972176836371372289007214235e-01, -3.2015272089132375e-03, -3.8476734008338601e-02
0.62000000, 2.18866417777131060366030416760568131691e+00, -1.81555687490459359069664403632178020773e-01, 2.76434707450512139335221149648420200792e+01, 4.40976375826325773319026432181765095775e-02, 3.92248728645494447702892782825458669346e+00, 3.15338698919470634694725485977734219496e-01, -3.1113858173535365e-03, -3.8512961830633354e-02
0.62100000, 2.18910133067440556666890900127365704758e+00, -1.81519972212628033064992456278610824688e-01, 2.76425096632939263673268851103277670229e+01, 4.42115194404618958450757726732870553601e-02, 3.92202381637222864009278843466153215427e+00, 3.15380709179313682941521910822242469837e-01, -3.0208466856041395e-03, -3.8549036704844030e-02
0.62200000, 2.18953931972715622538737124297044209652e+00, -1.81484119740502287929869262963481701373e-01, 2.76415469120696847725375793359731286816e+01, 4.43255090576999168022877447824998766991e-02, 3.92155930170813265483609743821011101577e+00, 3.15422806407186685029423394107677407606e-01, -2.9299084442065421e-03, -3.8584956429886046e-02
0.62300000, 2.18997814728921785183833358885668286678e+00, -1.81448129438521991791328305232358180616e-01, 2.76405824879891531304870012713307778569e+01, 4.44396060751916114113226542356015249097e-02, 3.92109373924649802587517232407198727586e+00, 3.15464990227769495730114161337271749565e-01, -2.8385697232507831e-03, -3.8620718784697838e-02
0.62400000, 2.19041781573183971085736610408801178568e+00, -1.81412000666884757150819195365253909606e-01, 2.76396163876483398657440190878320276704e+01, 4.45538101307733330229110290012591503914e-02, 3.92062712575136829884883572406304428930e+00, 3.15507260257656784146442654780610005034e-01, -2.7468291524553686e-03, -3.8656321528070290e-02
0.62500000, 2.19085832743794215825461463029010323598e+00, -1.81375732781509577503575962505663219595e-01, 2.76386486076285089337222440221990985343e+01, 4.46681208592449973863174167794887255995e-02, 3.92015945796680086429344548119545385881e+00, 3.15549616105277715945468765829857497282e-01, -2.6546853612487621e-03, -3.8691762398474746e-02
0.62600000, 2.19129968480219440264058439081260590531e+00, -1.81339325134000075471587272916413459052e-01, 2.76376791444960901838115273957796317098e+01, 4.47825378923419596114163334341871742954e-02, 3.91969073261667672657139183806288027129e+00, 3.15592057370814988160442783670097942305e-01, -2.5621369788524687e-03, -3.8727039113889620e-02
0.62700000, 2.19174189023109293788609969605316814748e+00, -1.81302777071607357481966459835352254930e-01, 2.76367079948025889906935570595603162794e+01, 4.48970608587065839324011361976074889409e-02, 3.91922094640450821471448832127943843279e+00, 3.15634583646123209793050897233428617794e-01, -2.4691826343657366e-03, -3.8762149371625577e-02
0.62800000, 2.19218494614304065327284705089524184751e+00, -1.81266087937192469948340578446028290489e-01, 2.76357351550844951464138846208581896635e+01, 4.50116893838595023098862620049552329283e-02, 3.91875009601324461173013519732003818413e+00, 3.15677194514646621328353165524016756746e-01, -2.3758209568519042e-03, -3.8797090848149278e-02
0.62900000, 2.19262885496842662847850343325115793307e+00, -1.81229257069188451837432081196916417016e-01, 2.76347606218631910056925145796741628975e+01, 4.51264230901705578487822839164001610937e-02, 3.91827817810507567859915162388791110001e+00, 3.15719889551336146153678005547326605156e-01, -2.2820505754264174e-03, -3.8831861198905686e-02
0.63000000, 2.19307361914970662062929364857152047524e+00, -1.81192283801561978426269758149493630169e-01, 2.76337843916448588768637156867807100883e+01, 4.52412615968294289489262255492751214500e-02, 3.91780518932123304886964825145912300576e+00, 3.15762668322565766749285433675892705783e-01, -2.1878701193465465e-03, -3.8866458058138916e-02
0.63100000, 2.19351924114148425074293041604191554851e+00, -1.81155167463774590977412415009485227707e-01, 2.76328064609203876507429531448863676887e+01, 4.53562045198159300440169644920560107380e-02, 3.91733112628178946942113734477574703046e+00, 3.15805530386048218392831922713304338413e-01, -2.0932782181028276e-03, -3.8900879038711621e-02
0.63200000, 2.19396572341059289697628850497776338583e+00, -1.81117907380743506980173943273051365045e-01, 2.76318268261652786596247670616376206818e+01, 4.54712514718699847219173612628597881105e-02, 3.91685598558545586263714161825436226997e+00, 3.15848475290749992991524568052159999505e-01, -1.9982735015122588e-03, -3.8935121731922905e-02
0.63300000, 2.19441306843617830218487046911737570022e+00, -1.81080502872802005525076001669487471744e-01, 2.76308454838395507585200168146445669166e+01, 4.55864020624612669558205518204773451784e-02, 3.91637976380937618488275281241761594628e+00, 3.15891502576805645525302420712941108252e-01, -1.9028545998132778e-03, -3.8969183707324753e-02
0.63400000, 2.19486127870978190339515734089391698844e+00, -1.81042953255659382296597945957439806293e-01, 2.76298624303876446206441513157770967634e+01, 4.57016558977585061111167809562395896614e-02, 3.91590245750892005583579120846797549132e+00, 3.15934611775431395451388820733958297089e-01, -1.8070201437625502e-03, -3.9003062512536964e-02
0.63500000, 2.19531035673542489088632443738193453526e+00, -1.81005257840360468585715813029101696229e-01, 2.76288776622383262390700297947863703443e+01, 4.58170125805984513270179234146993374210e-02, 3.91542406321747313286631009248233260548e+00, 3.15977802408838015285080164295900411575e-01, -1.7107687647335989e-03, -3.9036755673060580e-02
0.63600000, 2.19576030502969300467456196282445917559e+00, -1.80967415933244708638695397252554263724e-01, 2.76278911758045896263592845020303527773e+01, 4.59324717104544908050776712635749537883e-02, 3.91494457744622520429905457676517965581e+00, 3.16021073990142998433632894975933085360e-01, -1.6140990948173021e-03, -3.9070260692089805e-02
0.63700000, 2.19621112612182207629139452334032542108e+00, -1.80929426835904789572100464317269431416e-01, 2.76269029674835587038852631013586125446e+01, 4.60480328834049214686640204898526769604e-02, 3.91446399668395597502699967998712697508e+00, 3.16064426023281998219540061055666499476e-01, -1.5170097669242921e-03, -3.9103575050322394e-02
0.63800000, 2.19666282255378432384696554435639229243e+00, -1.80891289845144817995967028750820202276e-01, 2.76259130336563883724581915273998375973e+01, 4.61636956921008643881744451129322923296e-02, 3.91398231739681851757113320302237134501e+00, 3.16107858002919529886309253034600862978e-01, -1.4194994148892849e-03, -3.9136696205768511e-02
0.63900000, 2.19711539688037540847026484765462846779e+00, -1.80853004252938037397548845214804083533e-01, 2.76249213706881647557593343447700113236e+01, 4.62794597257338212963097872652756777657e-02, 3.91349953602812036130208723046562753309e+00, 3.16151369414358927234022127149057232104e-01, -1.3215666735773714e-03, -3.9169621593558038e-02
0.64000000, 2.19756885166930226032075365785025120888e+00, -1.80814569346384080246927656342842727091e-01, 2.76239279749278046079855753779959515969e+01, 4.63953245700028674460166947703024298640e-02, 3.91301564899810219215292797391397849912e+00, 3.16194959733451545383428286380209468225e-01, -1.2232101789923021e-03, -3.9202348625746336e-02
0.64100000, 2.19802318950127168246980483864129523590e+00, -1.80775984407665748693073467696929439891e-01, 2.76229328427079538769989723596426676983e+01, 4.65112898070814759907461637689558155078e-02, 3.91253065270371413475925445008544563704e+00, 3.16238628426505201016058523559836220678e-01, -1.1244285683867981e-03, -3.9234874691118434e-02
0.64200000, 2.19847841297007974105585140210652550898e+00, -1.80737248714005317624603674752117031092e-01, 2.76219359703448854141674309127410525662e+01, 4.66273550155839689924326224263394542126e-02, 3.91204454351838958856259675766392523533e+00, 3.16282374950191841283789046390538391766e-01, -1.0252204803749203e-03, -3.9267197154991648e-02
0.64300000, 2.19893452468270195022414791641003451997e+00, -1.80698361537620353773493047690329137430e-01, 2.76209373541383958219726702391216802536e+01, 4.67435197705315900870487089150320967919e-02, 3.91155731779181658900580633056164366724e+00, 3.16326198751454432424403219339909009484e-01, -9.2558455504652985e-04, -3.9299313359016608e-02
0.64400000, 2.19939152725938426047062242543159228768e+00, -1.80659322145679044442296479173267381326e-01, 2.76199369903717014303500898703734477276e+01, 4.68597836433181937607095825417516027049e-02, 3.91106897184970666453455253706019837562e+00, 3.16370099267413058959933674999945977089e-01, -8.2551943408387486e-04, -3.9331220620976699e-02
0.64500000, 2.19984942333373485911945640366809849011e+00, -1.80620129800255029336029384987977453822e-01, 2.76189348753113333926119677323219043301e+01, 4.69761462016755461110608210072315539870e-02, 3.91057950199356115969703852297275966643e+00, 3.16414075925270224191877635881351875264e-01, -7.2502376088033632e-04, -3.9362916234585887e-02
0.64600000, 2.20030821555281679177580307410096876568e+00, -1.80580783758281728878672341585412903016e-01, 2.76179310052070318916905980842299837641e+01, 4.70926070096382318890586756227728450612e-02, 3.91008890450043499420447748204495913354e+00, 3.16458128142215342541713361192396579849e-01, -6.2409618066136868e-04, -3.9394397469284936e-02
0.64700000, 2.20076790657724141370846655451856649686e+00, -1.80541283271506162291291811337058866500e-01, 2.76169253762916394473214866457005803243e+01, 4.72091656275081625352130582318215521218e-02, 3.90959717562269782737757879329339226218e+00, 3.16502255325328414116456332562922203270e-01, -5.2273534060767050e-04, -3.9425661570035999e-02
0.64800000, 2.20122849908126268023244268297643378283e+00, -1.80501627586442248603961729773076590007e-01, 2.76159179847809933146685319515734407431e+01, 4.73258216118186798418838845439429367719e-02, 3.90910431158779259695912883677416970584e+00, 3.16546456871482871707229764164360554558e-01, -4.2093988998062095e-04, -3.9456705757115565e-02
0.64900000, 2.20168999575287228527799440380764843890e+00, -1.80461815944323583666994594757250493290e-01, 2.76149088268738169647732087110161999378e+01, 4.74425745152982497892714371377961435821e-02, 3.90861030859799140081955779086386519806e+00, 3.16590732167247590253933997014900743276e-01, -3.1870848025001888e-04, -3.9487527225905774e-02
0.65000000, 2.20215239929389565745142816351234278933e+00, -1.80421847581055686118407973260015852187e-01, 2.76138978987516106370881022136137593669e+01, 4.75594238868337410172917333515852638446e-02, 3.90811516283014868962100212054927035678e+00, 3.16635080588788048631031108076447170455e-01, -2.1603976522416139e-04, -3.9518123146684065e-02
0.65100000, 2.20261571242008882301298126564501353867e+00, -1.80381721727167705154024656969116665016e-01, 2.76128851965785409542316936235523467817e+01, 4.76763692714332823085483259861159013566e-02, 3.90761887043545173803564030122835379414e+00, 3.16679501501766633428161466311099204441e-01, -1.1293240118229985e-04, -3.9548490664411162e-02
0.65200000, 2.20307993786123614531925247291192799555e+00, -1.80341437607763582834092824804104440386e-01, 2.76118707165013295889760348024814185382e+01, 4.77934102101886933690716908607441041743e-02, 3.90712142753916836163583074501062923298e+00, 3.16723994261242074214723852250907956247e-01, -9.3850470095115164e-06, -3.9578626898517389e-02
0.65300000, 2.20354507836124895040143875317103630117e+00, -1.80300994442472663545776400239569760171e-01, 2.76108544546491409733518480297491577184e+01, 4.79105462402374831033648361695571992409e-02, 3.90662283024039184608664663499270303322e+00, 3.16768558211567999589624971326597174553e-01, 9.4603635665974213e-05, -3.9608528942687291e-02
0.65400000, 2.20401113667826504847630990673117930691e+00, -1.80260391445399743124264314646204130801e-01, 2.76098364071334690396266100199840434060e+01, 4.80277768947244094885367673288717302468e-02, 3.90612307461178305477560964822679695546e+00, 3.16813192686290603126081551045652721501e-01, 1.9903498233295535e-04, -3.9638193864642568e-02
0.65500000, 2.20447811558474916131439039117632078885e+00, -1.80219627825074550016538671490641031246e-01, 2.76088165700480229827802997830346719362e+01, 4.81451017027625950588909947761717867044e-02, 3.90562215669930968050959699370703860835e+00, 3.16857897008045408126581480654885029881e-01, 3.0391032545490250e-04, -3.9667618705923299e-02
0.65600000, 2.20494601786759426551925503637026142039e+00, -1.80178702784400650750982970583397971797e-01, 2.76077949394686120339706743654603213997e+01, 4.82625201893941919172306743169945884445e-02, 3.90512007252198260639485377274203835132e+00, 3.16902670488453119904821312101424349155e-01, 4.0923099432502872e-04, -3.9696800481667453e-02
0.65700000, 2.20541484632822386190321414010413718667e+00, -1.80137615520603771852958747044780176920e-01, 2.76067715114530292343451530047202086062e+01, 4.83800318755505900923107511385987504858e-02, 3.90461681807158934049260159862011179737e+00, 3.16947512428014554109576470262859901932e-01, 5.1499831491874273e-04, -3.9725736180388678e-02
0.65800000, 2.20588460378269518127799585304830656375e+00, -1.80096365225179530221187362577545221051e-01, 2.76057462820409341984196057670641958253e+01, 4.84976362780121629632753892349512487346e-02, 3.90411238931242448830970706593679051384e+00, 3.16992422116004629399967163646976482625e-01, 6.2121360974344304e-04, -3.9754422763752351e-02
0.65900000, 2.20635529306180333711436258567422423510e+00, -1.80054951083840563852197394398281452929e-01, 2.76047192472537348561055237674776461441e+01, 4.86153329093675433715299566396643546272e-02, 3.90360678218101722664106848734192196042e+00, 3.17037398830365412572395529554531804400e-01, 7.2787819768561038e-04, -3.9782857166349890e-02
0.66000000, 2.20682691701118643566195678281083012235e+00, -1.80013372276463054670190192827154782228e-01, 2.76036904030944681623261604016711426567e+01, 4.87331212779724239382740316467110213259e-02, 3.90309999258585574172760075128097957544e+00, 3.17082441837598204026485087868366859107e-01, 8.3499339385515467e-04, -3.9811036295471308e-02
0.66100000, 2.20729947849143165426009380607078893589e+00, -1.79971627977032635087388744583834314741e-01, 2.76026597455476797630192418374855699564e+01, 4.88510008879078750018275828292028430533e-02, 3.90259201640710859413074652518573267828e+00, 3.17127550392654651240587996510300593977e-01, 9.4256050942697244e-04, -3.9838957030876010e-02
0.66200000, 2.20777298037818229871174045432887988172e+00, -1.79929717353589669785218910404208685704e-01, 2.76016272705793026061787148495148910686e+01, 4.89689712389381734828780803391320510550e-02, 3.90208284949634297215111345851635276357e+00, 3.17172723738826877706773534485209756590e-01, 1.0505808514796696e-03, -3.9866616224561817e-02
0.66300000, 2.20824742556224585073657208486668158095e+00, -1.79887639568173904069477202789694521646e-01, 2.76005929741365344864406948083219185501e+01, 4.90870318264681358778223576475838614242e-02, 3.90157248767623979503492335323857101887e+00, 3.17217961107636614550606044231761635130e-01, 1.1590557228314040e-03, -3.9894010700532205e-02
0.66400000, 2.20872281694970301666482526544566696724e+00, -1.79845393776768470012914179267854248477e-01, 2.75995568521477145115692594518468969796e+01, 4.92051821414999484704331949861341569791e-02, 3.90106092674030562661724789035095447719e+00, 3.17263261718723321832394295154473229512e-01, 1.2679864218728012e-03, -3.9921137254561760e-02
0.66500000, 2.20919915746201778868169294135235421409e+00, -1.79802979129243241456354712700968306725e-01, 2.75985189005221984790459674807732978638e+01, 4.93234216705894877401055422331925948769e-02, 3.90054816245258135944527935272066149165e+00, 3.17308624779731286293877596734585751289e-01, 1.3773742423968962e-03, -3.9947992653959830e-02
0.66600000, 2.20967645003614853008228246329182924123e+00, -1.79760394769297528794532114682856844979e-01, 2.75974791151502331508129268388511531225e+01, 4.94417498958021238308887907932636274192e-02, 3.90003419054734762880792218269555267513e+00, 3.17354049486195682077436332336574334335e-01, 1.4872204734260538e-03, -3.9974573637332372e-02
0.66700000, 2.21015469762466009614971139787644192478e+00, -1.79717639834402104325177339426426655344e-01, 2.75964374919028294140628568542257487141e+01, 4.95601662946679998293463148581560630920e-02, 3.89951900672882691546956575920205702002e+00, 3.17399535021427580703803837772280332932e-01, 1.5975263990358177e-03, -4.0000876914341982e-02
0.66800000, 2.21063390319583700242379043574935668473e+00, -1.79674713455740548789521017409217105375e-01, 2.75953940266316343158108415884889084183e+01, 4.96786703401367794809574039326231770592e-02, 3.89900260667088229526577924980573188142e+00, 3.17445080556397896348839205594542380048e-01, 1.7082932981756401e-03, -4.0026899165466096e-02
0.66900000, 2.21111406973379765228497623747388460315e+00, -1.79631614758149909579177286683199508204e-01, 2.75943487151688019588213183804913256377e+01, 4.97972615005318558542444446008467729137e-02, 3.89848498601671279306661962666454265419e+00, 3.17490685249620252210121675027153758988e-01, 1.8195224444864405e-03, -4.0052637041753363e-02
0.67000000, 2.21159520023860963593790975343967849821e+00, -1.79588342860060660928325390660209517150e-01, 2.75933015533268632463002445350078336235e+01, 4.99159392395040133390234702062624639479e-02, 3.89796614037854529794902271494680003763e+00, 3.17536348247032753499870274471372624015e-01, 1.9312151061149433e-03, -4.0078087164578171e-02
0.67100000, 2.21207729772640611304092819940887088301e+00, -1.79544896873435956251127504730502555842e-01, 2.75922525368985944625962944687694210971e+01, 5.00347030159845352400915914586961878085e-02, 3.89744606533732299574310807760075320220e+00, 3.17582068681878652341899275495076946987e-01, 2.0433725455247415e-03, -4.0103246125393325e-02
0.67200000, 2.21256036522950329139249299558198944669e+00, -1.79501275903710162622357540220757083087e-01, 2.75912016616568846769863166725311780236e+01, 5.01535522841377491002318492872146203943e-02, 3.89692475644239027442791994432864972991e+00, 3.17627845674585889586911163482876964142e-01, 2.1559960193040345e-03, -4.0128110485480862e-02
0.67300000, 2.21304440579651901425255388395034814284e+00, -1.79457479049726667234202606214666968633e-01, 2.75901489233546019574490810536608044286e+01, 5.02724864933130017565850565710950026285e-02, 3.89640220921117405714989115600614138797e+00, 3.17673678332645498292322973403675262050e-01, 2.2690867779699859e-03, -4.0152676775701007e-02
0.67400000, 2.21352942249249246904651420906893014717e+00, -1.79413505403674945494071756912184600650e-01, 2.75890943177244583811575282401817309148e+01, 5.03915050879960560021584141335785561418e-02, 3.89587841912886151692189255816363958992e+00, 3.17719565750488853339936055228306091706e-01, 2.3826460657696463e-03, -4.0176941496239244e-02
0.67500000, 2.21401541839900503037171786247479441504e+00, -1.79369354051026880256939461414715745266e-01, 2.75880378404788738282432480634402866346e+01, 5.05106075077599005894600982113421008820e-02, 3.89535338164807412633184809447673822791e+00, 3.17765507009363751387008990009470957989e-01, 2.4966751204773873e-03, -4.0200901116351513e-02
0.67600000, 2.21450239661430225040128934601546401590e+00, -1.79325024070472321511196189240693809563e-01, 2.75869794873098385452077186426860848359e+01, 5.06297931872149651759143933395156727186e-02, 3.89482709218853799484728185998850668625e+00, 3.17811501177209305063592091586365736584e-01, 2.6111751731887879e-03, -4.0224552074107512e-02
0.67700000, 2.21499036025341700995777032944040086724e+00, -1.79280514533853875659106291330298719690e-01, 2.75859192538887744641728833443014684383e+01, 5.07490615559587316707687983236362638944e-02, 3.89429954613675044554553745155930858884e+00, 3.17857547308529635041241523373288955295e-01, 2.7261474481109188e-03, -4.0247890776132103e-02
0.67800000, 2.21547931244829384370935533392954930413e+00, -1.79235824506100913351713011616293356035e-01, 2.75848571358663952639788825599956636054e+01, 5.08684120385247333005970832901697659428e-02, 3.89377073884564278232848587527903787733e+00, 3.17903644444266343305361519237815281198e-01, 2.8415931623489642e-03, -4.0270913597344812e-02
0.67900000, 2.21596925634791445312468299957432933774e+00, -1.79190953045162784653309340371702275412e-01, 2.75837931288725651589491420077947738740e+01, 5.09878440543309325651734160408754018313e-02, 3.89324066563423919789502356373911176572e+00, 3.17949791611669750665332622257257822008e-01, 2.9575135256891233e-03, -4.0293616880697420e-02
0.68000000, 2.21646019511842442100813590442752636796e+00, -1.79145899201941230122337138482589307931e-01, 2.75827272285161564009524994411465573184e+01, 5.11073570176274691073839384510780171111e-02, 3.89270932178731177194425784677145796679e+00, 3.17995987824168881233178414102622243762e-01, 3.0739097403777310e-03, -4.0315996936909631e-02
0.68100000, 2.21695213194326114162649010546292902359e+00, -1.79100662020221976203709366216293115844e-01, 2.75816594303849054801985766380240452034e+01, 5.12269503374437683698936941709276527324e-02, 3.89217670255503150826667807949152342540e+00, 3.18042232081240176292707090477574444679e-01, 3.1907830008965366e-03, -4.0338050044202821e-02
0.68200000, 2.21744507002328298062958539162888794821e+00, -1.79055240536605503131993362697277449131e-01, 2.75805897300452680100061217461498313533e+01, 5.13466234175350017574372897820669452604e-02, 3.89164280315261535854950441962293901728e+00, 3.18088523368274919666739605169885664115e-01, 3.3081344937340789e-03, -4.0359772448031847e-02
0.68300000, 2.21793901257689967916250953211645163545e+00, -1.79009633780436973345567093981334278643e-01, 2.75795181230422722805845059044599818962e+01, 5.14663756563278888667883440864533846386e-02, 3.89110761875996917987547394378735670401e+00, 3.18134860656445356370103038087760468029e-01, 3.4259653971530942e-03, -4.0381160360814925e-02
0.68400000, 2.21843396284020401676465637513714468057e+00, -1.78963840773735308208683348885517810168e-01, 2.75784446048993714666659039558319236691e+01, 5.15862064468658321866213656573132600893e-02, 3.89057114452132657203123933713392876627e+00, 3.18181242902569486010424290871414247189e-01, 3.5442768809538935e-03, -4.0402209961661562e-02
0.68500000, 2.21892992406710474785198127877574382887e+00, -1.78917860531121400631265272105530226912e-01, 2.75773691711182944736198673912571675073e+01, 5.17061151767533745065443685396749744519e-02, 3.89003337554488353986198550358121725572e+00, 3.18227669048974512067300942122406175738e-01, 3.6630701062336432e-03, -4.0422917396098537e-02
0.68600000, 2.21942689952946082678289179831998617210e+00, -1.78871692059745450965124619894439386993e-01, 2.75762918171788954064729527472669418320e+01, 5.18261012280999691084838703851598711547e-02, 3.88949430690242892501247345352240827141e+00, 3.18274138023358927843046628159425892621e-01, 3.7823462251414840e-03, -4.0443278775793929e-02
0.68700000, 2.21992489251721693671553158321651477239e+00, -1.78825334359213413340053863951663929726e-01, 2.75752125385390016460437437678379843838e+01, 5.19461639774630526442768633317391831079e-02, 3.88895393362897055048115048655463179901e+00, 3.18320648738653219534798883823282010031e-01, 3.9021063806294198e-03, -4.0463290178279184e-02
0.68800000, 2.22042390633854033767479684730895557007e+00, -1.78778786421512539383804781159014862595e-01, 2.75741313306342605161879428933965429329e+01, 5.20663027957904104306961757032492548684e-02, 3.88841225072235702048286499294599899820e+00, 3.18367200092879166528226857039752835177e-01, 4.0223517061989086e-03, -4.0482947646669218e-02
0.68900000, 2.22092394431995904946132441063600883060e+00, -1.78732047230936006046237288202565470950e-01, 2.75730481888779845259291480872182088450e+01, 5.21865170483618237171339005366178419360e-02, 3.88786925314289511716672919221270809200e+00, 3.18413790969007718657271163748522793955e-01, 4.1430833256430868e-03, -4.0502247189380546e-02
0.69000000, 2.22142500980650138525196607905243784495e+00, -1.78685115764006614019808601011100294221e-01, 2.75719631086609951700284145447352574299e+01, 5.23068060947299883017180356964328276046e-02, 3.88732493581296273476841170592506754858e+00, 3.18460420234815429812172366157155998086e-01, 4.2643023527845537e-03, -4.0521184779847444e-02
0.69100000, 2.22192710616183685196197502619221159453e+00, -1.78637990989399543015977601421948618193e-01, 2.75708760853514652713196661784788990782e+01, 5.24271692886606936886641253251479030838e-02, 3.88677929361661729079023357129271048811e+00, 3.18507086742739426909379591100289014498e-01, 4.3860098912086481e-03, -4.0539756356236129e-02
0.69200000, 2.22243023676841843366333597655073566764e+00, -1.78590671867864149919923489661990581256e-01, 2.75697871142947598479084064640742605462e+01, 5.25476059780722517930886149524165178724e-02, 3.88623232139919955279749713288628061639e+00, 3.18553789329730892861655510927877248765e-01, 4.5082070339921407e-03, -4.0557957821156955e-02
0.69300000, 2.22293440502762627458143359483167459234e+00, -1.78543157352144795604119869399103536210e-01, 2.75686961908132754880979185886148788914e+01, 5.26681155049741640092540197589499488236e-02, 3.88568401396693281839509942432686900492e+00, 3.18600526817107041804684475867485392616e-01, 4.6308948634272698e-03, -4.0575785041374627e-02
0.69400000, 2.22343961435991277842363495363373561271e+00, -1.78495446386900685934661331057529821074e-01, 2.75676033102062782156701759386207139400e+01, 5.27886972054050152641960781812826082225e-02, 3.88513436608651738490426340558716233260e+00, 3.18647298010401564447620470606702060027e-01, 4.7540744507410454e-03, -4.0593233847516428e-02
0.69500000, 2.22394586820494914102842584220515012094e+00, -1.78447537908624712252702780437133707953e-01, 2.75665084677497398279079396105786673438e+01, 5.29093504093695834808160228150763214508e-02, 3.88458337248472024419474577964192469679e+00, 3.18694101699213521019151423542693914963e-01, 4.8777468558097428e-03, -4.0610300033778454e-02
0.69600000, 2.22445317002177333356255175402494905180e+00, -1.78399430845561276356832978304091345043e-01, 2.75654116586961726884999323395683242487e+01, 5.30300744407751526727210747791073487686e-02, 3.88403102784795993704272365862799978027e+00, 3.18740936657054658877674006631032494549e-01, 5.0019131268685110e-03, -4.0626979357629852e-02
0.69700000, 2.22496152328893955373623863173694733807e+00, -1.78351124117623084750551078959201122398e-01, 2.75643128782744629572224792173986915057e+01, 5.31508686173670176872752530138424492110e-02, 3.88347732682188650027828899118778832275e+00, 3.18787801641195131443933263357066836038e-01, 5.1265743002160141e-03, -4.0643267539515071e-02
0.69800000, 2.22547093150466916275307308015151270771e+00, -1.78302616636306896652133666027049279409e-01, 2.75632121216897022380385246601572484010e+01, 5.32717322506631684033903942557976381426e-02, 3.88292226401095643885864438595837037026e+00, 3.18834695392507594696846008056560634920e-01, 5.2517313999140266e-03, -4.0659160262554109e-02
0.69900000, 2.22598139818700312596157527572073218231e+00, -1.78253907304608209991952307800075996943e-01, 2.75621093841230176269984007595724901867e+01, 5.33926646458881409764514617979009366502e-02, 3.88236583397800265385324158845862459783e+00, 3.18881616635309657048054670585684616297e-01, 5.3773854374819003e-03, -4.0674653172240767e-02
0.70000000, 2.22649292687395597542996999105414993175e+00, -1.78204995016934869344607481890506974357e-01, 2.75610046607314001410660614822432046110e+01, 5.35136651019060235043360303993663765310e-02, 3.88180803124379925615476878154444327160e+00, 3.18928564077204657977904659323931094969e-01, 5.5035374115858205e-03, -4.0689741876138902e-02
0.70100000, 2.22700552112367131292422312047558556168e+00, -1.78155878659019579459960322102159091973e-01, 2.75598979466475315087296358010823926179e+01, 5.36347329111526032656581457604540715431e-02, 3.88124885028662119453459878606362921452e+00, 3.18975536408920750374855669147992469189e-01, 5.6301883077227651e-03, -4.0704421943576687e-02
0.70200000, 2.22751918451457887203213528534627451388e+00, -1.78106557107831307768142391694295295941e-01, 2.75587892369796093029860149261973878135e+01, 5.37558673595666424540420054671527607237e-02, 3.88068828554179862544256988228794466586e+00, 3.19022532304148261071674616107605340321e-01, 5.7573390978990838e-03, -4.0718688905338865e-02
0.70300000, 2.22803392064555315844324433297429532652e+00, -1.78057029231485558938775773407254416609e-01, 2.75576785268111703970156970257105205928e+01, 5.38770677265202691003090232314166933316e-02, 3.88012633140126595070828586146738000829e+00, 3.19069550419375303614960558912363108998e-01, 5.8849907403036070e-03, -4.0732538253357011e-02
0.70400000, 2.22854973313607368766556003282990406913e+00, -1.78007293889153504273808101026916313461e-01, 2.75565658112009127225861883432403295485e+01, 5.39983332847484696378381725524066997130e-02, 3.87956298221310544803398203597647512209e+00, 3.19116589393721616839462078423162296417e-01, 6.0131441789751974e-03, -4.0745965440397797e-02
0.70500000, 2.22906662562638683973581365304169642332e+00, -1.77957349930969948406423288903049065993e-01, 2.75554510851825153109398220232679205157e+01, 5.41196633002776693249267650140738489537e-02, 3.87899823228108541787688745675367399685e+00, 3.19163647848770602345103537284349419081e-01, 6.1418003434646540e-03, -4.0758965879749264e-02
0.70600000, 2.22958460177766935076003045265199364942e+00, -1.77907196197940115465288736052300572908e-01, 2.75543343437644565956348232540600129265e+01, 5.42410570323533864916269865330902697368e-02, 3.87843207586419276900138656304359633370e+00, 3.19210724388399533492473145258876320564e-01, 6.2709601484908762e-03, -4.0771534944905095e-02
0.70700000, 2.23010366527219346140590401179290556458e+00, -1.77856831521845236543800227697452840453e-01, 2.75532155819298309565167379129382412323e+01, 5.43625137333669463271497791176377780559e-02, 3.87786450717615996363759955180557689232e+00, 3.19257817598607908041573735107294508219e-01, 6.4006244935911959e-03, -4.0783667969246911e-02
0.70800000, 2.23062381981349374275774880894965663647e+00, -1.77806254725146919987839513666660178600e-01, 2.75520947946361634837008664763553144184e+01, 5.44840326487812396673963279578478632332e-02, 3.87729552038498624181270078981573709941e+00, 3.19304926047343916058723645810399034326e-01, 6.5307942627657808e-03, -4.0795360245724567e-02
0.70900000, 2.23114506912653562023881414180983274340e+00, -1.77755464620890285682715739091782789073e-01, 2.75509719768152229401450185718619956019e+01, 5.46056130170555119803798499603527413998e-02, 3.87672510961245304302380641862177507838e+00, 3.19352048284328994207443164956111586355e-01, 6.6614703241160159e-03, -4.0806607026534479e-02
0.71000000, 2.23166741695788561660454253885741639497e+00, -1.77704460012605844180265806858984717449e-01, 2.75498471233728329010856375081783461199e+01, 5.47272540695691674801148972963838996957e-02, 3.87615326893363354199600033479194965882e+00, 3.19399182840880437020790561521282744577e-01, 6.7926535294767612e-03, -4.0817403522795965e-02
0.71100000, 2.23219086707588333531403497847635847878e+00, -1.77653239694210101160381662801608843489e-01, 2.75487202291886810482990479678228308955e+01, 5.48489550305445730268531808287081240804e-02, 3.87557999237639621381543262995746795765e+00, 3.19446328229732035224735610965758772368e-01, 6.9243447140423905e-03, -4.0827744904225617e-02
0.71200000, 2.23271542327081520589563089922286439612e+00, -1.77601802449904867367351632365450406540e-01, 2.75475912891161265968331615289006312916e+01, 5.49707151169688461932059634285457367272e-02, 3.87500527392090234224480290848797460435e+00, 3.19493482944852710644588140718859633857e-01, 7.0565446959865061e-03, -4.0837626298809709e-02
0.71300000, 2.23324108935509001323621218077746596734e+00, -1.77550147054075253800181324017101066772e-01, 2.75464602979820058315333397060702423774e+01, 5.50925335385146115915820486236238210799e-02, 3.87442910749909738351630475984283834054e+00, 3.19540645461263116679040556096387053234e-01, 7.1892542760752301e-03, -4.0847042792474640e-02
0.71400000, 2.23376786916341623304268771598686784550e+00, -1.77498272271186331567325957740579778357e-01, 2.75453272505864357303591667969134668526e+01, 5.52144094974597092683525748727318293313e-02, 3.87385148699419609635461430152071752104e+00, 3.19587814234850172768838066652593447853e-01, 7.3224742372739645e-03, -4.0855989428755431e-02
0.71500000, 2.23429576655298119604820131245207368670e+00, -1.77446176855678435439844547007555550521e-01, 2.75441921417026156511565271053962707324e+01, 5.53363421886058386740910052734368948617e-02, 3.87327240624016134740909715598222213730e+00, 3.19634987702179500719255297705568093512e-01, 7.4562053443475169e-03, -4.0864461208462272e-02
0.71600000, 2.23482478540363210386502463751250584727e+00, -1.77393859551861089752696866523653802572e-01, 2.75430549660766270582115132502271335452e+01, 5.54583307991961214169870683979219731031e-02, 3.87269185902117649966941089015907562591e+00, 3.19682164280305730157225252018188051234e-01, 7.5904483434534817e-03, -4.0872453089345140e-02
0.71700000, 2.23535492961805891972094471409885760414e+00, -1.77341319093805534911561589115671302323e-01, 2.75419157184272312645692124181860293954e+01, 5.55803745088315656979514537256787695461e-02, 3.87210983907111128980140421304157377095e+00, 3.19729342366580639814923403219092582453e-01, 7.7252039617287674e-03, -4.0879959985756479e-02
0.71800000, 2.23588620312197915765632986143128381411e+00, -1.77288554205235832361968558797148287625e-01, 2.75407743934456651657512217188094837423e+01, 5.57024724893864150108644882028264239034e-02, 3.87152634007298109866995403694223114531e+00, 3.19776520338459100731638259177980178840e-01, 7.8604729068691600e-03, -4.0886976768311981e-02
0.71900000, 2.23641860986432459410505857592515515236e+00, -1.77235563599418525468515102664560395582e-01, 2.75396309857954349401507262849455829422e+01, 5.58246239049223633697236009020812736160e-02, 3.87094135565839951761141393223447304915e+00, 3.19823696553302786854637085894330557995e-01, 7.9962558667018059e-03, -4.0893498263549446e-02
0.72000000, 2.23695215381742992613422416736400849736e+00, -1.77182345979050833334275682390894956440e-01, 2.75384854901121076910230263678749825607e+01, 5.59468279116016189959538787602874514273e-02, 3.87035487940702411127993230347148214611e+00, 3.19870869348181617897233403802133065345e-01, 8.1325535087505021e-03, -4.0899519253585761e-02
0.72100000, 2.23748683897722340097508742284264055204e+00, -1.77128900036147354164010901383775543679e-01, 2.75373379010031010046224121523473135638e+01, 5.60690836575987980637020460413044624564e-02, 3.86976690484599527611827778299726379458e+00, 3.19918037039672898678147711462204031971e-01, 8.2693664797936748e-03, -4.0905034475771989e-02
0.72200000, 2.23802266936341944184124553667912946561e+00, -1.77075224451925254339225363273784500547e-01, 2.75361882130474703986631449094194011255e+01, 5.61913902830116297583711217583301220846e-02, 3.86917742544936809169420664391855213800e+00, 3.19965197923658118520285446580248764718e-01, 8.4066954054149272e-03, -4.0910038622346602e-02
0.72300000, 2.23855964901971329539952537558087218506e+00, -1.77021317896687918928298004369259874061e-01, 2.75350364207956946349028956977133426352e+01, 5.63137469197704535538007976065518317349e-02, 3.86858643463753706029702753824849906135e+00, 3.20012350275117373628991542809687340308e-01, 8.5445408895460357e-03, -4.0914526340086854e-02
0.72400000, 2.23909778201397772663480222464112545449e+00, -1.76967179029707038900591454705877527634e-01, 2.75338825187694588692612010948255032148e+01, 5.64361526915464892561826979141894399905e-02, 3.86799392577665362830504843061175142160e+00, 3.20059492347921374699428305969744916868e-01, 8.6829035140022715e-03, -4.0918492229958321e-02
0.72500000, 2.23963707243846178723190292025747595087e+00, -1.76912806499103109849410985081064169256e-01, 2.75327265014614356124932000142113978297e+01, 5.65586067136588599978409542130789086851e-02, 3.86739989217803638091219538231831372798e+00, 3.20106622374621001319705925411590687868e-01, 8.8217838380099218e-03, -4.0921930846762622e-02
0.72600000, 2.24017752440999168398608825602751579499e+00, -1.76858198941724316554694873103265538856e-01, 2.75315683633350634740399947600408941924e+01, 5.66811080929803479912229936574146421125e-02, 3.86680432709757379984041878167998671653e+00, 3.20153738566234364040509794165397628299e-01, 8.9611823977258836e-03, -4.0924836698783338e-02
0.72700000, 2.24071914207017377414843941599443032324e+00, -1.76803354983023777232136531092388941797e-01, 2.75304080988243236612713088614667545108e+01, 5.68036559278418624726442279827415081588e-02, 3.86620722373511947166267489494013619306e+00, 3.20200839112031334272946639579405799844e-01, 9.1010997057492002e-03, -4.0927204247430148e-02
0.72800000, 2.24126192958559971501391478680386591192e+00, -1.76748273236935120820818020299396942474e-01, 2.75292457023335142059235671729209975332e+01, 5.69262493079355988763195007365707087522e-02, 3.86560857523387963231839310432951624786e+00, 3.20247922179315501453896466622112578044e-01, 9.2415362506244098e-03, -4.0929027906881198e-02
0.72900000, 2.24180589114805379546801687690992276111e+00, -1.76692952305746370156121554770989583193e-01, 2.75280811682370218891169709372669834297e+01, 5.70488873142168678817945562211280968050e-02, 3.86500837467979293131849391331960203373e+00, 3.20294985913203516182027016436414924819e-01, 9.3824924963365712e-03, -4.0930302043723736e-02
0.73000000, 2.24235103097472247762303652627579422835e+00, -1.76637390779972103358420392763065505057e-01, 2.75269144908790918359084500842104073054e+01, 5.71715690188045725718579195536517505458e-02, 3.86440661510090229700926929379746682246e+00, 3.20342028436401777277512518695164775166e-01, 9.5239688817978316e-03, -4.0931020976593014e-02
0.73100000, 2.24289735330840617709684771148169416791e+00, -1.76581587238223865240566234613553043176e-01, 2.75257456645735947499034124152329874105e+01, 5.72942934848803115231573847420515387241e-02, 3.86380328946671878209281174133172897116e+00, 3.20389047848980419954102608976344101778e-01, 9.6659658203253973e-03, -4.0931178975809507e-02
0.73200000, 2.24344486241773331091633795396748237541e+00, -1.76525540247078799998212789027758966057e-01, 2.75245746836037917580078372290526387681e+01, 5.74170597665860852278500697298515344477e-02, 3.86319839068757726638519435207614229019e+00, 3.20436042228144561513206810840581341005e-01, 9.8084836991107670e-03, -4.0930770263014448e-02
0.73300000, 2.24399356259737664246390590632540886166e+00, -1.76469248360946475896263001327910321006e-01, 2.75234015422220968349533393155169951340e+01, 5.75398669089205828114591295705923033156e-02, 3.86259191161398389153124991098162723948e+00, 3.20483009628002760175783950512040174855e-01, 9.9515228786800858e-03, -4.0929789010803724e-02
0.73400000, 2.24454345816827195332917081444600727373e+00, -1.76412710121933872101911373928379346187e-01, 2.75222262346498367767712152078352376064e+01, 5.76627139476340255694661046931545991582e-02, 3.86198384503595510008553602491365589911e+00, 3.20529948079332641858735670244518656393e-01, 1.0095083692345473e-02, -4.0928229342360144e-02
0.73500000, 2.24509455347783907237925237236568012056e+00, -1.76355924059708497239575789695856935133e-01, 2.75210487550770086919270313616134183276e+01, 5.77855999091215433928016915585349224046e-02, 3.86137418368234814901184378567127567025e+00, 3.20576855589343648877872406690886711780e-01, 1.0239166445647175e-02, -4.0926085331084125e-02
0.73600000, 2.24564685290020529281983063263714109602e+00, -1.76298888691359608655170098140778643068e-01, 2.75198690976620349783548748050869999643e+01, 5.79085238103150596900692300982260224442e-02, 3.86076292022018296524732106273374980407e+00, 3.20623730141436863719014346564236252185e-01, 1.0383771415786401e-02, -4.0923351000222811e-02
0.73700000, 2.24620036083643120848582327052840702663e+00, -1.76241602521257500776345911351231042638e-01, 2.75186872565315157541498090510967926080e+01, 5.80314846585736599417975873462229337356e-02, 3.86015004725395520852082307248516533065e+00, 3.20670569694961860162066262423597077128e-01, 1.0528898851048671e-02, -4.0920020322497661e-02
0.73800000, 2.24675508171473900107506336155905720016e+00, -1.76184064040910830341207442654353326622e-01, 2.75175032257799787091882068812429595221e+01, 5.81544814515724185390197711934061073651e-02, 3.85953555732494040410732940767782826880e+00, 3.20717372184970533169612597789708836793e-01, 1.0674548970217546e-02, -4.0916087219730543e-02
0.73900000, 2.24731101999074321052096927071364817610e+00, -1.76126271728821945640245801116555031859e-01, 2.75163169994696263444483090779392975409e+01, 5.82775131771896580647499290515728757332e-02, 3.85891944291048900564000684155805328995e+00, 3.20764135521967858061357847385122821138e-01, 1.0820721961978557e-02, -4.0911545562468365e-02
0.74000000, 2.24786818014768402119101627807155781374e+00, -1.76068224050340186274508790027212931490e-01, 2.75151285716300805652974231669639786442e+01, 5.84005788133926146722165637105876692737e-02, 3.85830169642331224548755032982338205586e+00, 3.20810857591659528588218366594223685383e-01, 1.0967417984313193e-02, -4.0906389169606276e-02
0.74100000, 2.24842656669666309709699689007258290915e+00, -1.76009919457513119276969397844108318639e-01, 2.75139379362581245944974643575201143957e+01, 5.85236773281214826977285977379940541063e-02, 3.85768231021075862753557009943052692939e+00, 3.20857536254696422594677269862996180933e-01, 1.1114637163882768e-02, -4.0900611808009478e-02
0.74200000, 2.24898618417688199981074586200540721582e+00, -1.75951356388935676773321570192725827330e-01, 2.75127450873174421701568844186158277813e+01, 5.86468076791718111185204519358333067102e-02, 3.85706127655408091448574910138860300251e+00, 3.20904169346415843014756640235769215036e-01, 1.1262379595402019e-02, -4.0894207192133691e-02
0.74300000, 2.24954703715588322329536202552858866866e+00, -1.75892533269597159672646275119704970754e-01, 2.75115500187383539933242621064333473237e+01, 5.87699688140752239265518012411613897854e-02, 3.85643858766769345900397933507739078196e+00, 3.20950754676579480985243787373313189407e-01, 1.1410645341002245e-02, -4.0887168983644307e-02
0.74400000, 2.25010913022979388038714014420586483319e+00, -1.75833448510726071177174789264546945658e-01, 2.75103527244175513893767663926368640399e+01, 5.88931596699784359377282354479845983855e-02, 3.85581423569841972520737204446695585463e+00, 3.20997290029108046879223725994681192641e-01, 1.1559434429583835e-02, -4.0879490791034271e-02
0.74500000, 2.25067246802357207619759315140900679086e+00, -1.75774100509632743183339398275175297814e-01, 2.75091531982178271468051730429747828145e+01, 5.90163791735205349920534091608348194749e-02, 3.85518821272472984407856658324394733157e+00, 3.21043773161812514063101145211648501868e-01, 1.1708746856158004e-02, -4.0871166169240754e-02
0.74600000, 2.25123705519125600424826211495518630435e+00, -1.75714487649549717913043243869599290148e-01, 2.75079514339678034964359343626429536337e+01, 5.91396262407085009235055092818445822327e-02, 3.85456051075596804343274260511304190568e+00, 3.21090201806121919160714142370968897381e-01, 1.1858582581177545e-02, -4.0862188619260637e-02
0.74700000, 2.25180289641621580170364493613743674168e+00, -1.75654608299469846364188514614087791029e-01, 2.75067474254616571935597857905202687061e+01, 5.92628997767909310886261935714679571519e-02, 3.85393112173156979003674170446917035009e+00, 3.21136573666807661568410349715906494876e-01, 1.2008941529856449e-02, -4.0852551587764874e-02
0.74800000, 2.25236999641140820062969494310916364878e+00, -1.75594460813982064402551601768648248167e-01, 2.75055411664588416648553323738708119732e+01, 5.93861986761299416395845804143577348231e-02, 3.85330003752026847838926309086713872773e+00, 3.21182886421704243904624142835943364579e-01, 1.2159823591478176e-02, -4.0842248466711780e-02
0.74900000, 2.25293835991963401277712003947793092892e+00, -1.75534043533104806532649282594324062454e-01, 2.75043326506838061814048000542867117881e+01, 5.95095218220712131104889589943116229925e-02, 3.85266724991929149751471155788382728975e+00, 3.21229137721426393996100340545640587985e-01, 1.2311228618692411e-02, -4.0831272592959292e-02
0.75000000, 2.25350799171379848597032786441258434815e+00, -1.75473354782117016582853160875095211177e-01, 2.75031218718257120184974643158752505281e+01, 5.96328680868121482546114489062079447448e-02, 3.85203275065354550389940497227587264673e+00, 3.21275325189082507899982422982675425470e-01, 1.2463156426800112e-02, -4.0819617247876261e-02
0.75100000, 2.25407889659717457077449158516227698054e+00, -1.75412392871386713719219466851968574846e-01, 2.75019088235381455623039812886213910984e+01, 5.97562363312681094246026203133900037093e-02, 3.85139653137479072540591363252154255600e+00, 3.21321446419984352336037000261044225858e-01, 1.2615606793026651e-02, -4.0807275656952831e-02
0.75200000, 2.25465107940366913671503672173233059659e+00, -1.75351156096197071362833748213037591517e-01, 2.75006934994388283228817390161056024636e+01, 5.98796254049367021273304706364295723082e-02, 3.85075858366080411763768572872576172321e+00, 3.21367498981352963755823868329737260190e-01, 1.2768579455782858e-02, -4.0794240989409970e-02
0.75300000, 2.25522454499809217793605725362854902941e+00, -1.75289642736569965726437285845522843837e-01, 2.74994758931093238123372103134870622518e+01, 6.00030341457600707092968261446174965599e-02, 3.85011889901453119079015101366881541395e+00, 3.21413480412020680105132573181641190802e-01, 1.2922074113913770e-02, -4.0780506357808205e-02
0.75400000, 2.25579929827642904880694789002183451823e+00, -1.75227851057086949807202598755474121234e-01, 2.74982559980947412463259102790346210031e+01, 6.01264613799851714372688496756930954159e-02, 3.84947746886322632151448540625565710375e+00, 3.21459388222129240141968963504091792958e-01, 1.3076090425934876e-02, -4.0766064817655628e-02
0.75500000, 2.25637534416611577062008080054349172657e+00, -1.75165779306707607773243120679658619521e-01, 2.74970338079034360264137236140422567815e+01, 6.02499059220219875314071628608206925779e-02, 3.84883428455758136073441567427036809181e+00, 3.21505219892823883954252283066314176556e-01, 1.3230628009255660e-02, -4.0750909367015243e-02
0.75600000, 2.25695268762631745116685464012779509363e+00, -1.75103425718585243761246145471537573659e-01, 2.74958093160067069601548476169361252181e+01, 6.03733665742996499843566681127764077566e-02, 3.84818933737084234469305381065841161674e+00, 3.21550972875943387078624638069261332645e-01, 1.3385686439390227e-02, -4.0735032946111724e-02
0.75700000, 2.25753133364820985963510006536101074702e+00, -1.75040788509879858160962240653870277334e-01, 2.74945825158384901750611697619680902246e+01, 6.04968421271204272590609076972895844334e-02, 3.84754261849791411276393737248345130480e+00, 3.21596644593705959353815641654870939954e-01, 1.3541265249154797e-02, -4.0718428436937649e-02
0.75800000, 2.25811128725526419993784124856769029211e+00, -1.74977865881568363498606508278341613995e-01, 2.74933534007950496819453333305225755477e+01, 6.06203313585115462000226555627551420094e-02, 3.84689411905445263173632969524984387290e+00, 3.21642232438390938348266522749390705697e-01, 1.3697363927851865e-02, -4.0701088662859286e-02
0.75900000, 2.25869255350353512626199271245621966995e+00, -1.74914656018251991044949016974541447915e-01, 2.74921219642346645424148051936644642403e+01, 6.07438330340748057169064414189256051658e-02, 3.84624383007594482237746868441105344916e+00, 3.21687733772016205881605770999076101827e-01, 1.3853981920440790e-02, -4.0683006388222016e-02
0.76000000, 2.25927513748195204531592417746041987653e+00, -1.74851157087960838264398306560599204564e-01, 2.74908881994773125945767064028692825694e+01, 6.08673459068339440052935917071832874958e-02, 3.84559174251677568008186099760981592303e+00, 3.21733145926011254812472770684934683111e-01, 1.4011118626694590e-02, -4.0664174317955462e-02
0.76100000, 2.25985904431261375045716559697026807809e+00, -1.74787367241955506188100589288599231904e-01, 2.74896520998043506902827537948729971050e+01, 6.09908687170797192565741455851501828115e-02, 3.84493784724928247733786468886791549260e+00, 3.21778466200885831890481221396075967132e-01, 1.4168773400342739e-02, -4.0644585097178419e-02
0.76200000, 2.26044427915108643359606626241228109766e+00, -1.74723284614525774736357742922563918091e-01, 2.74884136584581913965001395399899563437e+01, 6.11144001922126629768955035880361321015e-02, 3.84428213506279583157259984667997507468e+00, 3.21823691865894081067158430080234249202e-01, 1.4326945548199700e-02, -4.0624231310803654e-02
0.76300000, 2.26103084718670512149818548076047637394e+00, -1.74658907322786262932860531245729381525e-01, 2.74871728686419761126372906772816202451e+01, 6.12379390465834641832731049909785480587e-02, 3.84362459666266741767553126013817865675e+00, 3.21868820158694110228830902916805995836e-01, 1.4485634329278988e-02, -4.0603105483142690e-02
0.76400000, 2.26161875364287858384780116128070248257e+00, -1.74594233466469019844671742777470544684e-01, 2.74859297235192445548829423442405916530e+01, 6.13614839813309418728769232591912162885e-02, 3.84296522266928410014668181687981436552e+00, 3.21913848285002902852974828747107176868e-01, 1.4644838953892507e-02, -4.0581200077510639e-02
0.76500000, 2.26220800377739776118740363296185454319e+00, -1.74529261127712990946889465038109836633e-01, 2.74846842162136005578325616364551114411e+01, 6.14850336842175622685966488102050830356e-02, 3.84230400361706825536510505178961817387e+00, 3.21958773418246494597817933139269193453e-01, 1.4804558582734925e-02, -4.0558507495831202e-02
0.76600000, 2.26279860288274776161362574839192691548e+00, -1.74463988370850303448765542348573742563e-01, 2.74834363398083741428776036005365147414e+01, 6.16085868294624564296995361490766660265e-02, 3.84164092995346404992465607679966006468e+00, 3.22003592699205333312254318471187229720e-01, 1.4964792325952842e-02, -4.0535020078241926e-02
0.76700000, 2.26339055628642347588898109838061479561e+00, -1.74398413242189312928019451613543823075e-01, 2.74821860873462798020200912201539773076e+01, 6.17321420775718928801528568301985491742e-02, 3.84097599203790943633487762975975082383e+00, 3.22048303235654739398684897022964469042e-01, 1.5125539242198489e-02, -4.0510730102699819e-02
0.76800000, 2.26398386935124886142127795475135261466e+00, -1.74332533769794352401422763418002366362e-01, 2.74809334518290709449473064297877602622e+01, 6.18556980751671589483953947773422419068e-02, 3.84030918014079362263252566387730105722e+00, 3.22092902102000381874472002123790812588e-01, 1.5286798337667720e-02, -4.0485629784587435e-02
0.76900000, 2.26457854747569994636888909010504291776e+00, -1.74266347963262123711661060575731733804e-01, 2.74796784262171904563586727020649714387e+01, 6.19792534548098035303994053545038313682e-02, 3.83964048444239976759139640161081475454e+00, 3.22137386338908683857526807819739470891e-01, 1.5448568565122018e-02, -4.0459711276319537e-02
0.77000000, 2.26517459609423160595043234456223071123e+00, -1.74199853813494669832212594670518173581e-01, 2.74784210034294173096789095171469224563e+01, 6.21028068348241929821375978170542717150e-02, 3.83896989503183264825211813966574365746e+00, 3.22181752952932069547340736897075197116e-01, 1.5610848822894266e-02, -4.0432966666950449e-02
0.77100000, 2.26577202067760816387210292120892531505e+00, -1.74133049292468865382696156515315535690e-01, 2.74771611763425091824179472555900325785e+01, 6.22263568191173308174117593740912510918e-02, 3.83829740190593104141680294063482923670e+00, 3.22225998916128963083714268697453268046e-01, 1.5773637953878009e-02, -4.0405387981782226e-02
0.77200000, 2.26637082673323787263514885166416740703e+00, -1.74065932353002361305990072834106030780e-01, 2.74758989377908410175486041899603867460e+01, 6.23499019969958908317438659287113657823e-02, 3.83762299496816455556321302656990523002e+00, 3.22270121165678447940693757463085744273e-01, 1.5936934744499930e-02, -4.0376967181973751e-02
0.77300000, 2.26697101980551132735005259885491098608e+00, -1.73998500928515918284539934711018790776e-01, 2.74746342805660394743673358348062099031e+01, 6.24734409429804121919900036372642234305e-02, 3.83694666402751464432661034651534004424e+00, 3.22314116603489493751941775694190699969e-01, 1.6100737923675276e-02, -4.0347696164150891e-02
0.77400000, 2.26757260547614386856313483383652026927e+00, -1.73930752932792062065758353676103151619e-01, 2.74733671974166132113811555255266579538e+01, 6.25969722166166039238044090461809727634e-02, 3.83626839879733952727187840011411315036e+00, 3.22357982095804655665058615104921359924e-01, 1.6265046161745931e-02, -4.0317566760017852e-02
0.77500000, 2.26817558936452203049579527059499080789e+00, -1.73862686259729992424352325983358677026e-01, 2.74720976810475789428247722448064570186e+01, 6.27204943622837050943261525235891361170e-02, 3.83558818889422273813091074301253259034e+00, 3.22401714472798149485337492155543302780e-01, 1.6429858069400873e-02, -4.0286570735969854e-02
0.77600000, 2.26877997712805409200671804576828531923e+00, -1.73794298783096676011841220754385946952e-01, 2.74708257241200832094557697539362907447e+01, 6.28440059089998458247329285887668368765e-02, 3.83490602383680501500765117810663837189e+00, 3.22445310528168203993144644631024877206e-01, 1.6595172196578703e-02, -4.0254699792707275e-02
0.77700000, 2.26938577446252478851336719786659509487e+00, -1.73725588356274051829470577684410300474e-01, 2.74695513192510198033019261204558264720e+01, 6.29675053702243530758305833655075553973e-02, 3.83422189304459924125246753091798280120e+00, 3.22488767018723589902613395998478982205e-01, 1.6760987031351960e-02, -4.0221945564851408e-02
0.77800000, 2.26999298710245424405125675098007101189e+00, -1.73656552812002276509173454062696070423e-01, 2.74682744590126427850432045293786186210e+01, 6.30909912436569439288251573543674641357e-02, 3.83353578583678813977558357839715278152e+00, 3.22532080663964222971647751917271927392e-01, 1.6927300998792928e-02, -4.0188299620561977e-02
0.77900000, 2.27060162082146118360807884175668894484e+00, -1.73587189962118934997140714332028456148e-01, 2.74669951359321750317011881609512659567e+01, 6.32144620110337478320335551128203742475e-02, 3.83284769143100441750283772717356039727e+00, 3.22575248145655736773338543015542216698e-01, 1.7094112459820606e-02, -4.0153753461156580e-02
0.78000000, 2.27121168143263048684509499527339934761e+00, -1.73517497597294140604861155581253422873e-01, 2.74657133424914122512804307353678302551e+01, 6.33379161379200980016813004846258770139e-02, 3.83215759894209305047275179261927339048e+00, 3.22618266107397918595768091896482922953e-01, 1.7261419710028553e-02, -4.0118298520732194e-02
0.78100000, 2.27182317478888514531052641351764421446e+00, -1.73447473486761446722075416680182672834e-01, 2.74644290711263223999589902829626961988e+01, 6.34613520735000308502367926814699361822e-02, 3.83146549738085539372835949263433840937e+00, 3.22661131154186899849753739669359238930e-01, 1.7429220978493280e-02, -4.0081926165788941e-02
0.78200000, 2.27243610678336268625930890824130894075e+00, -1.73377115378044490773813784323203279025e-01, 2.74631423142266404363589403278093714134e+01, 6.35847682503624309680395207289449084153e-02, 3.83077137565277479366695176984471715221e+00, 3.22703839851970990231262634629898111298e-01, 1.7597514426562871e-02, -4.0044627694856256e-02
0.78300000, 2.27305048334979612722080031096948324348e+00, -1.73306420996679289248381541964176234296e-01, 2.74618530641354583463415367325987860682e+01, 6.37081630842837578023652572159161668213e-02, 3.83007522255672337387224095287854743990e+00, 3.22746388727200042705895794968449820908e-01, 1.7766298146625498e-02, -4.0006394338121653e-02
0.78400000, 2.27366631046289952650113968943796145684e+00, -1.73235388045932100823604169552406841098e-01, 2.74605613131488103706655798499124928774e+01, 6.38315349740072887615757782824298842953e-02, 3.82937702678364965866272806068687325304e+00, 3.22788774266368234155833001361954428291e-01, 1.7935570160857510e-02, -3.9967217257062264e-02
0.78500000, 2.27428359413875819587025871949817973540e+00, -1.73164014206512772773598525127058050985e-01, 2.74592670535152533667209633352395686688e+01, 6.39548823010188120196356031965961909387e-02, 3.82867677691524669164347842033278760319e+00, 3.22830992915550144253763518995461884273e-01, 1.8105328419950750e-02, -3.9927087544079342e-02
0.78600000, 2.27490234043522364276533961353982265137e+00, -1.73092297136283483946506144304188255196e-01, 2.74579702774354422344020489691828533112e+01, 6.40782034293187008070240623580096817098e-02, 3.82797446142260029944216982883903515078e+00, 3.22873041079930012802379504893493637312e-01, 1.8275570801818759e-02, -3.9885996222135928e-02
0.78700000, 2.27552255545231331044310778608218944918e+00, -1.73020234469962795663681661402562945134e-01, 2.74566709770617003350169499996969500197e+01, 6.42014967051902994468760629249494520885e-02, 3.82727006866481714354016999964706288398e+00, 3.22914915123324053400723225019423111789e-01, 1.8446295110281513e-02, -3.9843934244397869e-02
0.78800000, 2.27614424533261518563305071987341176380e+00, -1.72947823818824919901402050523510676263e-01, 2.74553691444975848309386355908136503647e+01, 6.43247604569645498289644263264906797970e-02, 3.82656358688763219567141400150425541841e+00, 3.22956611367695698868764272826748729865e-01, 1.8617499073728345e-02, -3.9800892493878415e-02
0.78900000, 2.27676741626169734438278001885069780752e+00, -1.72875062770394112075836725894285915693e-01, 2.74540647717974468724915704793784949921e+01, 6.44479929947807854077715014045298274355e-02, 3.82585500422199526465176561926689700706e+00, 3.22998126092663651377710479968925693960e-01, 1.8789180343758689e-02, -3.9756861783086595e-02
0.79000000, 2.27739207446852250794561696518202235623e+00, -1.72801948888134093659335722769088552776e-01, 2.74527578509659865573329541486023951517e+01, 6.45711926103436181632332836246281746436e-02, 3.82514430868263619471502358762554468257e+00, 3.23039455535002607694359838628194471431e-01, 1.8961336493800276e-02, -3.9711832853679606e-02
0.79100000, 2.27801822622586768173940128876296498131e+00, -1.72728479711132407709548237521908422313e-01, 2.74514483739578025863300926490129514363e+01, 6.46943575766758422725841293879534739814e-02, 3.82443148816660834746432264140898586125e+00, 3.23080595888136527351875050487804576000e-01, 1.9133965017704410e-02, -3.9665796376119426e-02
0.79200000, 2.27864587785074895160481908606282490233e+00, -1.72654652753779608190924020320052102260e-01, 2.74501363326769365386545861748098844198e+01, 6.48174861478672765078549642443682222488e-02, 3.82371653045180997139480888152437975920e+00, 3.23121543301624308905261384786129786232e-01, 1.9307063328317952e-02, -3.9618742949333918e-02
0.79300000, 2.27927503570485151281154201669367609949e+00, -1.72580465505443181709173364432123315672e-01, 2.74488217189764116875094017518307237956e+01, 6.49405765588194655947139233073570842760e-02, 3.82299942319548305460044479541435008399e+00, 3.23162293880637736716064721468773907857e-01, 1.9480628756031613e-02, -3.9570663100382633e-02
0.79400000, 2.27990570619496500850149134153348304733e+00, -1.72505915430136097961614484979651472656e-01, 2.74475045246577662765760705630175564295e+01, 6.50636270249861589431761940297378930969e-02, 3.82228015393268924773980087000987278165e+00, 3.23202843685431557935849210539118868325e-01, 1.9654658547304180e-02, -3.9521547284127602e-02
0.79500000, 2.28053789577342425552091427095178822928e+00, -1.72430999966179882828313795970729341429e-01, 2.74461847414705811759157436832603961989e+01, 6.51866357421094832878978752640280929946e-02, 3.82155871007476243559776785634984624655e+00, 3.23243188730805546520287591717351822891e-01, 1.9829149863162267e-02, -3.9471385882909342e-02
0.79600000, 2.28117161093855543687701540476260370117e+00, -1.72355716525862105588764110792499198819e-01, 2.74448623611120018346791909529206311334e+01, 6.53096008859517238539117175151368072205e-02, 3.82083507890773752663719288376859292094e+00, 3.23283324985558408203580573018989317111e-01, 2.0004099777675188e-02, -3.9420169206228380e-02
0.79700000, 2.28180685823512784136095316887276371923e+00, -1.72280062495088169244730592611208808102e-01, 2.74435373752262544465765604882312889769e+01, 6.54325206120226266913203012065961503679e-02, 3.82010924759075502078128335867014096069e+00, 3.23323248371933377394745903294948946627e-01, 2.0179505276404544e-02, -3.9367887490432537e-02
0.79800000, 2.28244364425481123220742167900001147007e+00, -1.72204035233027290359948219414724231321e-01, 2.74422097754041562426273484656687177597e+01, 6.55553930553021327981474188895203655796e-02, 3.81938120315444090629887384382758093267e+00, 3.23362954765055353921364900330726441879e-01, 2.0355363254828109e-02, -3.9314530898410295e-02
0.79900000, 2.28308197563663892801212487470300827753e+00, -1.72127632071752552189640764401000755662e-01, 2.74408795531826198242540703468625305837e+01, 6.56782163299584525727256157445504108467e-02, 3.81865093249926142707480733267719482993e+00, 3.23402439992359424440875438154420495648e-01, 2.0531670516737574e-02, -3.9260089519290511e-02
0.80000000, 2.28372185906747668050254512513062560360e+00, -1.72050850315874912165350158725335499893e-01, 2.74395467000441514482990781274940684164e+01, 6.58009885290613870040813384027785919162e-02, 3.81791842239385225173108951824280604806e+00, 3.23441699833010610162634482510261291861e-01, 2.0708423772609749e-02, -3.9204553368148806e-02
0.80100000, 2.28436330128249743515484609395126338585e+00, -1.71973687242171042021251887477571061535e-01, 2.74382112074163431740323284968954295258e+01, 6.59237077242907998191313528617440570185e-02, 3.81718365947332156601532636052116719683e+00, 3.23480730017314679273864640260886673874e-01, 2.0885619637950748e-02, -3.9147912385720935e-02
0.80200000, 2.28500630906566206207086259629476197603e+00, -1.71896140099204875994854711397479533303e-01, 2.74368730666713587806781615242566660751e+01, 6.60463719656401425574336512428532646037e-02, 3.81644663023752659958528844305995567980e+00, 3.23519526226119859137316173472227709727e-01, 2.1063254631612741e-02, -3.9090156438123459e-02
0.80300000, 2.28565088925020614597425105951567665045e+00, -1.71818206106942739605539710504020806696e-01, 2.74355322691254133624207787747062316833e+01, 6.61689792811149322359959068303166656059e-02, 3.81570732104932308778613642013516819572e+00, 3.23558084090209279926028781838920569732e-01, 2.1241325174082807e-02, -3.9031275316582066e-02
0.80400000, 2.28629704871913292565433459131376044294e+00, -1.71739882456361928506510399791485271662e-01, 2.74341888060382465062505863957652795696e+01, 6.62915276764260788964298887939563117002e-02, 3.81496571813278715823360127168721621220e+00, 3.23596399189683977878916378594688771768e-01, 2.1419827585743423e-02, -3.8971258737167878e-02
0.80500000, 2.28694479440571247468030667516127429340e+00, -1.71661166309052603817053669078381356162e-01, 2.74328426686125889563863582357180236273e+01, 6.64140151346779578926865650958969093134e-02, 3.81422180757140912097578248370627161125e+00, 3.23634467053336282797911134373742270123e-01, 2.1598758085104144e-02, -3.8910096340542105e-02
0.80600000, 2.28759413329398721672758529047292779727e+00, -1.71582054796812867170124282839410376981e-01, 2.74314938479936226673507348363195264734e+01, 6.65364396160511192777874201895584257479e-02, 3.81347557530625862970157388733920498029e+00, 3.23672283158013410760913992150322007561e-01, 2.1778112787003972e-02, -3.8847777691709410e-02
0.80700000, 2.28824507241928387040256040741320688151e+00, -1.71502545021236875452657135835097010994e-01, 2.74301423352684341460883575195162579376e+01, 6.66587990574795240803921298883118340773e-02, 3.81272700713412066988823914642355714426e+00, 3.23709842927971079292564853911462096370e-01, 2.1957887700783946e-02, -3.8784292279780379e-02
0.80800000, 2.28889761886873192002207483707995206568e+00, -1.71422634053295851870091769300293185379e-01, 2.74287881214654609817963871968747046462e+01, 6.67810913723221946246539970085024857665e-02, 3.81197608870560181792734163840427506412e+00, 3.23747141734216958414554987408267961211e-01, 2.2138078728429472e-02, -3.8719629517743470e-02
0.80900000, 2.28955177978178871040004008826233513058e+00, -1.71342318932911846529687068130727867601e-01, 2.74274311975539314603857126652689054415e+01, 6.69033144500291633374863563822003760249e-02, 3.81122280552320620312990314511700529432e+00, 3.23784174893843767086473829617002560025e-01, 2.2318681662681872e-02, -3.8653778742246855e-02
0.81000000, 2.29020756235077126531592953292055347852e+00, -1.71261596668524096206545615997030824905e-01, 2.74260715544432971587072441487530464421e+01, 6.70254661558016017038979599654575003289e-02, 3.81046714293938059208094535186214578234e+00, 3.23820937669351820544555308407854496913e-01, 2.2499692185118669e-02, -3.8586729213390575e-02
0.81100000, 2.29086497382139493098882000688224484266e+00, -1.71180464236647829328999464085945902990e-01, 2.74247091829826584118607394895293436416e+01, 6.71475443302460081711815463116520164755e-02, 3.80970908615452800208288212269801261147e+00, 3.23857425267960829946631557530859769190e-01, 2.2681105864202081e-02, -3.8518470114529434e-02
0.81200000, 2.29152402149331894755647323474825552383e+00, -1.71098918581425358493178845052063060295e-01, 2.74233440739601825450530413495157871793e+01, 6.72695467890223308641090017778752999690e-02, 3.80894862021498923738879963211350249975e+00, 3.23893632840910751534501650482982478907e-01, 2.2862918153295209e-02, -3.8448990552087079e-02
0.81300000, 2.29218471272069905326195666913360251072e+00, -1.71016956614169298987140120730295107454e-01, 2.74219762181025147595878268743457091188e+01, 6.73914713224858979534707513133460380188e-02, 3.80818573001099172857249740471141712563e+00, 3.23929555482751478227084733662653811143e-01, 2.3045124388645387e-02, -3.8378279555381717e-02
0.81400000, 2.29284705491274722778078831478791790908e+00, -1.70934575212897747869713563551271842336e-01, 2.74206056060741815606493937509655661090e+01, 6.75133156953230254167857562419860156350e-02, 3.80742040027456504170406339467527130482e+00, 3.23965188230621162156370527053493798206e-01, 2.3227719787334152e-02, -3.8306326076463956e-02
0.81500000, 2.29351105553429868287983208986152503787e+00, -1.70851771221861254104983339277870025132e-01, 2.74192322284769866125880304838748218759e+01, 6.76350776461801687402056385374486116141e-02, 3.80665261557742240998929766791575532823e+00, 3.24000526063512952150437104917155517594e-01, 2.3410699445193304e-02, -3.8233118989967237e-02
0.81600000, 2.29417672210638621038543983697696143337e+00, -1.70768541451061406096658605284553274802e-01, 2.74178560758493989054235411798733363724e+01, 6.77567548872864818318571275512489434388e-02, 3.80588236032880762617983361583650715576e+00, 3.24035563901529925550716127404350875610e-01, 2.3594058334686472e-02, -3.8158647092971386e-02
0.81700000, 2.29484406220682199925289307106317905565e+00, -1.70684882675760858694048646914237295079e-01, 2.74164771386659331142559088548800836849e+01, 6.78783451040696430463343066318211766253e-02, 3.80510961877330661935945309443029619340e+00, 3.24070296605127989021194257535147808478e-01, 2.3777791302755656e-02, -3.8082899104879773e-02
0.81800000, 2.29551308347078703537228985874181930051e+00, -1.70600791635984617349310267543958654601e-01, 2.74150954073365220312072749199013822767e+01, 6.79998459547648047548936017413656111979e-02, 3.80433437498862302465173531835203095793e+00, 3.24104718974346518162192841627310137365e-01, 2.3961893068632150e-02, -3.8005863667310642e-02
0.81900000, 2.29618379359142819961788461521975220627e+00, -1.70516265036012392590362803632025151388e-01, 2.74137108722058809474167711857099070792e+01, 6.81212550700165193331486193306478637919e-02, 3.80355661288331703896545834843262081871e+00, 3.24138825748026500777510309653328382340e-01, 2.4146358221611271e-02, -3.7927529344003144e-02
0.82000000, 2.29685620032046318154874131901637309568e+00, -1.70431299543861833331507928459583283462e-01, 2.74123235235528638604686465566754331282e+01, 6.82425700524734907746345513780502874477e-02, 3.80277631619450684008747683811701453130e+00, 3.24172611603015943557681332169969135373e-01, 2.4331181218790312e-02, -3.7847884620738646e-02
0.82100000, 2.29753031146879332809860798104547759504e+00, -1.70345891790762442770358070358287077858e-01, 2.74109333515898113804539632454107464638e+01, 6.83637884763759973713320339325426470601e-02, 3.80199346848553183023826504862830298929e+00, 3.24206071153362296730431592901194398242e-01, 2.4516356382769108e-02, -3.7766917905277914e-02
0.82200000, 2.29820613490712454855234899156729153672e+00, -1.70260038370619975711041569315396763734e-01, 2.74095403464618902056462747219003505299e+01, 6.84849078871358270278165355180910468510e-02, 3.80120805314357694861281286585197270171e+00, 3.24239198949491645888500795931240488248e-01, 2.4701877899312619e-02, -3.7684617527314749e-02
0.82300000, 2.29888367856659639909524993424058629377e+00, -1.70173735839471111105544809977652110546e-01, 2.74081444982464240365115165059874915028e+01, 6.86059258009085627907252009242753551903e-02, 3.80042005337725728042869928844450071979e+00, 3.24271989477374414731164165381062238142e-01, 2.4887739814974906e-02, -3.7600971738446730e-02
0.82400000, 2.29956295043941947224018348674217767176e+00, -1.70086980714928188413053770019726602626e-01, 2.74067457969522157944712177699544617932e+01, 6.87268397041580520761830489793536142890e-02, 3.79962945221416217258327252963214517823e+00, 3.24304437157677316845175794103328860710e-01, 2.5073936034683881e-02, -3.7515968712163684e-02
0.82500000, 2.30024395857952121848611930837010204550e+00, -1.69999769475613791036698537967127777875e-01, 2.74053442325188610094954534658150934029e+01, 6.88476470532128888610552892082844165265e-02, 3.79883623249835804817198712198896294702e+00, 3.24336536344901288899529159360057577954e-01, 2.5260460319286186e-02, -3.7429596543854554e-02
0.82600000, 2.30092671110320032963987485198763886205e+00, -1.69912098560584954603454013520114587461e-01, 2.74039397948160522382170816264906478451e+01, 6.89683452738147337656146495643002415948e-02, 3.79804037688784909382884692721401524581e+00, 3.24368281326505131732291135802731596039e-01, 2.5447306283051566e-02, -3.7341843250833351e-02
0.82700000, 2.30161121618978981534141054211563295039e+00, -1.69823964368746772201212654635125314288e-01, 2.74025324736428743718311292438621876487e+01, 6.90889317606582924915210642974908313830e-02, 3.79724186785199497510604473911161089402e+00, 3.24399666322014579762587603515263829210e-01, 2.5634467391136079e-02, -3.7252696772384891e-02
0.82800000, 2.30229748208232890647141539801613511565e+00, -1.69735363258255162872153824012416654306e-01, 2.74011222587270906905720867155892457934e+01, 6.92094038769227684858565298333567971442e-02, 3.79644068766888471590143873854272184832e+00, 3.24430685482116512962228978208684796744e-01, 2.5821936957003478e-02, -3.7162144969831046e-02
0.82900000, 2.30298551708824392128842016758054830816e+00, -1.69646291545908563678244183742017006750e-01, 2.73997091397244195190467338089376604091e+01, 6.93297589537946009751473681089700590570e-02, 3.79563681842266585825731955064928805996e+00, 3.24461332887738019264940620788742781001e-01, 2.6009708139804095e-02, -3.7070175626618256e-02
0.83000000, 2.30367532958003823234119258513902639627e+00, -1.69556745506528299497585256918580260361e-01, 2.73982931062178013341403436880590095604e+01, 6.94499942899812946484972881669581787185e-02, 3.79483024200082799867953989438927668635e+00, 3.24491602549110008772028244035898976278e-01, 2.6197773941710542e-02, -3.6976776448427077e-02
0.83100000, 2.30436692799599147443065495030978104850e+00, -1.69466721372327378373756681388219181747e-01, 2.73968741477166561746090971314306637203e+01, 6.95701071512161422616502824616117803319e-02, 3.79402094009143977644972033724390210318e+00, 3.24521488404815074426722118383951640495e-01, 2.6386127205209538e-02, -3.6881935063304561e-02
0.83200000, 2.30506032084086813615391968255082180382e+00, -1.69376215332267453718466901307596465434e-01, 2.73954522536561311988206964635092303973e+01, 6.96900947697536362793443515523480883682e-02, 3.79320889418033836821179869585774196230e+00, 3.24550984320819286970397316083246056256e-01, 2.6574760610349158e-02, -3.6785639021820290e-02
0.83300000, 2.30575551668663567985112293938328696852e+00, -1.69285223531403687954690697097854503344e-01, 2.73940274133963382344079178101648704315e+01, 6.98099543438553603668799486304109357064e-02, 3.79239408554827052139421001895058612849e+00, 3.24580084089487604957175943710284537840e-01, 2.6763666671940800e-02, -3.6687875797246910e-02
0.83400000, 2.30645252417319233709336286629021888933e+00, -1.69193742070217245276804328271734343620e-01, 2.73925996162215811608556126296303198530e+01, 6.99296830372661460784118264617942488064e-02, 3.79157649526798413676667829579334466315e+00, 3.24608781428582573383713828857669609960e-01, 2.6952837736715132e-02, -3.6588632785766040e-02
0.83500000, 2.30715135200910472919698110193289443403e+00, -1.69101767003935134089560910091265968307e-01, 2.73911688513395729632499101248813730583e+01, 7.00492779786802744639001746700444650798e-02, 3.79075610420126938761182901841929300543e+00, 3.24637069980245977082700358847424232731e-01, 2.7142265980431309e-02, -3.6487897306700459e-02
0.83600000, 2.30785200897235546462537404184637559104e+00, -1.69009294341837112362386660606896390235e-01, 2.73897351078806422925785415782340430088e+01, 7.01687362611974965235596083840374813280e-02, 3.78993289299594833960209493682455097922e+00, 3.24664943309963107425999402800045787182e-01, 2.7331943404938696e-02, -3.6385656602773485e-02
0.83700000, 2.30855450391110086754413705434966773554e+00, -1.68916320046549361592488608403721246770e-01, 2.73882983748969293650827838191219320318e+01, 7.02880549417686404724609695644291229784e-02, 3.78910684208281201149682270717574427280e+00, 3.24692394905509293080467745397154978914e-01, 2.7521861835190366e-02, -3.6281897840396532e-02
0.83800000, 2.30925884574443899422822183236142891569e+00, -1.68822840033324627302462855871701229805e-01, 2.73868586413615710302239996108960972763e+01, 7.04072310406305676329068640995264597137e-02, 3.78827793167250379219786108950005832218e+00, 3.24719418175878337550125647315330217752e-01, 2.7712012916207594e-02, -3.6176608109985803e-02
0.83900000, 2.30996504346318809648044983245687025011e+00, -1.68728850169308515998037401417821356491e-01, 2.73854158961678748338406575017851380259e+01, 7.05262615407302324423428419215166206033e-02, 3.78744614175234810450860899442418253394e+00, 3.24746006450192498016117363019716604287e-01, 2.7902388109994590e-02, -3.6069774426309153e-02
0.84000000, 2.31067310613067569370862796428055112498e+00, -1.68634346272791630271563939361672076989e-01, 2.73839701281284819000345870925093278941e+01, 7.06451433871375955436889421386216527420e-02, 3.78661145208312318011552596486673031782e+00, 3.24772152976593631544148230548156403319e-01, 2.8092978692402676e-02, -3.5961383728864168e-02
0.84100000, 2.31138304288353841782303509308916558657e+00, -1.68539324112447215248898933350375391274e-01, 2.73825213259745184522376396397222335538e+01, 7.07638734864471322066605014070916815871e-02, 3.78577384219577678383606877509676472153e+00, 3.24797850921115126060934836339168067085e-01, 2.8283775749943126e-02, -3.5851422882288547e-02
0.84200000, 2.31209486293253279765648688745484998321e+00, -1.68443779406553980833105586786402773413e-01, 2.73810694783547357907714807659684110841e+01, 7.08824487061676714062359302060896706210e-02, 3.78493329138808369803612761000831699020e+00, 3.24823093366534224599515564900251412220e-01, 2.8474770176547860e-02, -3.5739878676803890e-02
0.84300000, 2.31280857556335715217475231413577036754e+00, -1.68347707822203755189383876480151137312e-01, 2.73796145738346385410235777062340050356e+01, 7.10008658741002937510202441631522073277e-02, 3.78408977872124375029610101146947852116e+00, 3.24847873311204342170633393685935562678e-01, 2.8665952670277189e-02, -3.5626737828694057e-02
0.84400000, 2.31352419013748476433490457347848398695e+00, -1.68251104974493615632901398202898862581e-01, 2.73781566008956009831212309235364329249e+01, 7.11191217777040091026887662161605029129e-02, 3.78324328301641913888016698676714941973e+00, 3.24872183667866965226135081387522794783e-01, 2.8857313729973777e-02, -3.5511986980819284e-02
0.84500000, 2.31424171609300851006225953700704662978e+00, -1.68153966425702133515534088047482457635e-01, 2.73766955479339712706924526799411780285e+01, 7.12372131634489271505523226564580826580e-02, 3.78239378285120978132005833564893892084e+00, 3.24896017262442714032453629333197307911e-01, 2.9048843651861998e-02, -3.5395612703167258e-02
0.84600000, 2.31496116294549711945179601010135587769e+00, -1.68056287684449359849375805089175387576e-01, 2.73752314032601633429573714619059004626e+01, 7.13551367361566263948640481097163094116e-02, 3.78154125655606538144429120514004219897e+00, 3.24919366832801138359472388625511124827e-01, 2.9240532526091843e-02, -3.5277601493442452e-02
0.84700000, 2.31568254028886324995616035259777531014e+00, -1.67958064204840168244331138866320870135e-01, 2.73737641550977363309964480415286949931e+01, 7.14728891583274189408020371471878781284e-02, 3.78068568221063287944745760790446789495e+00, 3.24942225027508806703809583148953927544e-01, 2.9432370233226528e-02, -3.5157939777694977e-02
0.84800000, 2.31640585779624355399820694876384128469e+00, -1.67859291385590561263893724767178805346e-01, 2.73722937915824612555919867307103268174e+01, 7.15904670494542002038263206788935600854e-02, 3.77982703764003791808257342749957461738e+00, 3.24964584404555238796878778736211610978e-01, 2.9624346440672933e-02, -3.5036613910990331e-02
0.84900000, 2.31713112522089092614005896949968530287e+00, -1.67759964569136535506680830734848324835e-01, 2.73708203007613748105371325138484166098e+01, 7.17078669853225640677271491298779465482e-02, 3.77896530041109892575283496834712372383e+00, 3.24986437430056220387693447029151736106e-01, 2.9816450599054022e-02, -3.4913610178121396e-02
0.85000000, 2.31785835239707911765129456496891118766e+00, -1.67660079040725089590398090044772012626e-01, 2.73693436705918200217517429935381787875e+01, 7.18250854972968552102353471516972414570e-02, 3.77810044782847238415730055991097648181e+00, 3.25007776476934028228647691694336731559e-01, 3.0008671938522331e-02, -3.4788914794364141e-02
0.85100000, 2.31858754924101990904432681543635230714e+00, -1.67559630027486947738190629639833522695e-01, 2.73678638889404735689372640604341702089e+01, 7.19421190715918212082994360327257921099e-02, 3.77723245693072781418735638574807547971e+00, 3.25028593823574081819394864030295352453e-01, 3.0200999465013669e-02, -3.4662513906278474e-02
0.85200000, 2.31931872575179303388344708602860478840e+00, -1.67458612697490559832917556796570792615e-01, 2.73663809435823595528431452744396807351e+01, 7.20589641485295176464434583691578390917e-02, 3.77636130448635097895627824908012415009e+00, 3.25048881652457526769036767772328485029e-01, 3.0393421956440112e-02, -3.4534393592555773e-02
0.85300000, 2.32005189201228904992326663423658979296e+00, -1.67357022158776926600442561576595332339e-01, 2.73648948221998494875056115944175201232e+01, 7.21756171217811097670352925046854296707e-02, 3.77548696698967376715124540182534875750e+00, 3.25068632048769242609286316383172045635e-01, 3.0585927958821383e-02, -3.4404539864914670e-02
0.85400000, 2.32078705819016535639016483836712357538e+00, -1.67254853458374785995781221766443836394e-01, 2.73634055123816482930560566785449006241e+01, 7.22920743375932042104704309017794754582e-02, 3.77460942065672918330383088693578898124e+00, 3.25087836998980755519796187316366887750e-01, 3.0778505782353708e-02, -3.4272938669046677e-02
0.85500000, 2.32152423453881555898438517692111537169e+00, -1.67152101581295683882624457532857060666e-01, 2.73619130016217660608813290010508221572e+01, 7.24083320939983340854694861308494020184e-02, 3.77372864142102983405886671412026326174e+00, 3.25106488389407523699717051939464735801e-01, 3.0971143497415223e-02, -3.4139575885613341e-02
0.85600000, 2.32226343139835238694795655707038977758e+00, -1.67048761449508438703609610483229587440e-01, 2.73604172773184753590522379023034885313e+01, 7.25243866400092099737478874278312130611e-02, 3.77284460492926826105979336517924957495e+00, 3.25124578004740050024542596310511016843e-01, 3.1163828930506988e-02, -3.4004437331296635e-02
0.85700000, 2.32300465919660436931178198253426397640e+00, -1.66944827920892496021461419270869188585e-01, 2.73589183267732538420203160239595490968e+01, 7.26402341747963384976654935893102243940e-02, 3.77195728653693743163783504147489855475e+00, 3.25142097526548263151692132722647880738e-01, 3.1356549660128674e-02, -3.3867508759904346e-02
0.85800000, 2.32374792845012648020091817331941007314e+00, -1.66840295788169654554963332938816175217e-01, 2.73574161371897119246169610797869856824e+01, 7.27558708468485987520802769198733250260e-02, 3.77106666130386965806883254129582509139e+00, 3.25159038531758594368823961951061641043e-01, 3.1549293012587971e-02, -3.3728775863532303e-02
0.85900000, 2.32449324976522496583690739494688310611e+00, -1.66735159777813630623275446743022246209e-01, 2.73559106956725052763743968537024201452e+01, 7.28712927531163552100297436830068895247e-02, 3.77017270398969217472111087008279301293e+00, 3.25175392491103163201758096490037369204e-01, 3.1742046057742755e-02, -3.3588224273785312e-02
0.86000000, 2.32524063383899656862638810410939425229e+00, -1.66629414548936912731438709360593699932e-01, 2.73544019892262318881254337032778083872e+01, 7.29864959381366736430811733687811519466e-02, 3.76927538904919755993571855773879084867e+00, 3.25191150767540470099727842723698199963e-01, 3.1934795604675054e-02, -3.3445839563058749e-02
0.86100000, 2.32599009146038236646219098088132275408e+00, -1.66523054692154342362442272483110785343e-01, 2.73528900047543134587299162581531894420e+01, 7.31014763931401941377611094211205300655e-02, 3.76837469062762714593168074028871651584e+00, 3.25206304614646979379477434401247670586e-01, 3.2127528197295838e-02, -3.3301607245882803e-02
0.86200000, 2.32674163351123644808250484401817226558e+00, -1.66416074728422840869800781954974971634e-01, 2.73513747290578608456213261887216601322e+01, 7.32162300551392024254085075682399756892e-02, 3.76747058255586551538806813760722607743e+00, 3.25220845174978960020837143525860984407e-01, 3.2320230109879653e-02, -3.3155512780331450e-02
0.86300000, 2.32749527096740964803093263380679386231e+00, -1.66308469107856685671357458810452708381e-01, 2.73498561488345233186687411977548933710e+01, 7.33307528059964274595644859753599444689e-02, 3.76656303834554413759579855207481707540e+00, 3.25234763478403935848523751013822588746e-01, 3.2512887342528111e-02, -3.3007541569498271e-02
0.86400000, 2.32825101489984856743046607340311902424e+00, -1.66200232208517721711485026635509839474e-01, 2.73483342506773213526089058859776729614e+01, 7.34450404714740794575196001701196460984e-02, 3.76565203118405215016885793588141779667e+00, 3.25248050440401080091010296886404558039e-01, 3.2705485616561260e-02, -3.2857678963041320e-02
0.86500000, 2.32900887647571010942233630838253159734e+00, -1.66091358335179876365782588104283322141e-01, 2.73468090210734626890224159608704485352e+01, 7.35590888202626284552035347614864369494e-02, 3.76473753392945224423037265730087319346e+00, 3.25260696860329872259617427305066523587e-01, 3.2898010369835811e-02, -3.2705910258799314e-02
0.86600000, 2.32976886695949176072070276389755843387e+00, -1.65981841718067327589811702560127293201e-01, 2.73452804464031413945090415914367767654e+01, 7.36728935629888087909260424772899631256e-02, 3.76381951910529956171663532384664899826e+00, 3.25272693419666317720949252823045326476e-01, 3.3090446751989250e-02, -3.2552220704481465e-02
0.86700000, 2.33053099771417785329016247722283118049e+00, -1.65871676511565656140665845417744836533e-01, 2.73437485129383196373623390156787499569e+01, 7.37864503512023198166280097270242246266e-02, 3.76289795889536146294438878843666718047e+00, 3.25284030680206012224055730526882394068e-01, 3.3282779619608814e-02, -3.2396595499433388e-02
0.86800000, 2.33129528020240204265859165858220258119e+00, -1.65760856792905293105717902508222732542e-01, 2.73422132068414919006554927680155501020e+01, 7.38997547763406775176796559395972825392e-02, 3.76197282513823597083568808924090448589e+00, 3.25294699082233314970010968046032433218e-01, 3.3474993531324323e-02, -3.2239019796481553e-02
0.86900000, 2.33206172598762624182589115404850795129e+00, -1.65649376560816553734409695191661273906e-01, 2.73406745141644313452316340794979798695e+01, 7.40128023686716555855794370025118146229e-02, 3.76104408932186664516247090881499818930e+00, 3.25304688942655874554800279230171087584e-01, 3.3667072742823860e-02, -3.2079478703858858e-02
0.87000000, 2.33283034673533625211231444834016273152e+00, -1.65537229734155527663247874526382047871e-01, 2.73391324208469180316458227795799886973e+01, 7.41255885962127378131523679565962842757e-02, 3.76011172257795158583128707727185477576e+00, 3.25313990453103732254395828699571400882e-01, 3.3859001201791297e-02, -3.1917957287213968e-02
0.87100000, 2.33360115421425433460019027082733209938e+00, -1.65424410150500074027172755408387797598e-01, 2.73375869127154487056358988171345005723e+01, 7.42381088636269864492603493157820594475e-02, 3.75917569567624420854894330196685681771e+00, 3.25322593677992206630547513189943761183e-01, 3.4050762542764627e-02, -3.1754440571707151e-02
0.87200000, 2.33437416029756896805141899329217639559e+00, -1.65310911564715147637165070386954635655e-01, 2.73360379754819278472092760002644678380e+01, 7.43503585110947133390787710944745780562e-02, 3.75823597901874337916338719704487384071e+00, 3.25330488552547742292933145962910663796e-01, 3.4242340081914114e-02, -3.1588913544195425e-02
0.87300000, 2.33514937696418204132092065903889512078e+00, -1.65196727647486659348381156295090753463e-01, 2.73344855947423396789265917022281644578e+01, 7.44623328131603222653088895696921598621e-02, 3.75729254263377043453210224852540043464e+00, 3.25337664880795883832588047310743779958e-01, 3.4433716811739236e-02, -3.1421361155509930e-02
0.87400000, 2.33592681629997373032339144364704243492e+00, -1.65081851983823049918289210636764688846e-01, 2.73329297559754008244454510369027898379e+01, 7.45740269775536718730828635826575807397e-02, 3.75634535616993055790361668576184656044e+00, 3.25344112333510513416473188097040643267e-01, 3.4624875395683401e-02, -3.1251768322828516e-02
0.87500000, 2.33670649049908531153674217532608126655e+00, -1.64966278071523732032206349923331220426e-01, 2.73313704445411933038632307120226817040e+01, 7.46854361439852888836943836950260959809e-02, 3.75539438888995591547738595893674167448e+00, 3.25349820446123467275899339770837464362e-01, 3.4815798162665445e-02, -3.1080119932146648e-02
0.87600000, 2.33748841186522016582916866306839349130e+00, -1.64849999319613529725214461868680663326e-01, 2.73298076456797775478723934599342448691e+01, 7.47965553829147409556503203088084774812e-02, 3.75443960966442789800422619115645788662e+00, 3.25354778616593622303241941642890599436e-01, 3.5006467101526889e-02, -3.0906400840849815e-02
0.87700000, 2.33827259281296322806587648357643081037e+00, -1.64733009046742218124443622816306943799e-01, 2.73282413445097851082208356576361055355e+01, 7.49073796942914575109288118264248092432e-02, 3.75348098696537574697464647703960838089e+00, 3.25358976103234519161508113157156321853e-01, 3.5196863855393962e-02, -3.0730595880390740e-02
0.87800000, 2.33905904586911913947315522535312131395e+00, -1.64615300479548239242767428008314255724e-01, 2.73266715260269907374597789429540964966e+01, 7.50179040062672650837914254918132398806e-02, 3.75251848885974877908696842130517394123e+00, 3.25362402022499562677937680281254290008e-01, 3.5386969715953394e-02, -3.0552689859074790e-02
0.87900000, 2.33984778367406936109798263195736627634e+00, -1.64496866750985641441452278647000519630e-01, 2.73250981751028635064694909160461692296e+01, 7.51281231738798812420385993641556698780e-02, 3.75155208300275935526235032698972343198e+00, 3.25365045346723813802470463586231824205e-01, 3.5576765617640992e-02, -3.0372667564957092e-02
0.88000000, 2.34063881898314850788590457861321356839e+00, -1.64377700898613261111377302044648016134e-01, 2.73235212764830966237861272794709573718e+01, 7.52380319777065878481451919158609083897e-02, 3.75058173663109367145135437065620059800e+00, 3.25366894901821360029493687133476064421e-01, 3.5766232131742021e-02, -3.0190513768854975e-02
0.88100000, 2.34143216466804016389284118578837985324e+00, -1.64257795862845135064916183628938608638e-01, 2.73219408147861156163192929507313661859e+01, 7.53476251224872803410681948204492336572e-02, 3.74960741655598737782848822302712502980e+00, 3.25367939364937222869970337902492446048e-01, 3.5955349460402421e-02, -3.0006213227479465e-02
0.88200000, 2.34222783371819243993089791947954537890e+00, -1.64137144485161101046906978620855194132e-01, 2.73203567745015645266582492836652506324e+01, 7.54568972357160647983115282393950484470e-02, 3.74862908915616296066967591172664846523e+00, 3.25368167262052731682190592371644676901e-01, 3.6144097430549901e-02, -2.9819750686689708e-02
0.88300000, 2.34302583924225353550625537311651213231e+00, -1.64015739506276511625375509025837576220e-01, 2.73187691399887697778244831335741894693e+01, 7.55658428662005487504735218242831465138e-02, 3.74764672037062574722591260637361075242e+00, 3.25367566965543262882403694236918040177e-01, 3.6332455487723986e-02, -2.9631110884874266e-02
0.88400000, 2.34382619446952756721959734647580751853e+00, -1.63893573564269953471396471939970153089e-01, 2.73171778954751813520497934101069257736e+01, 7.56744564825879450341313251636999026610e-02, 3.74666027569131531821819010179177583302e+00, 3.25366126691687212218856630395802717138e-01, 3.6520402689814061e-02, -2.9440278556463424e-02
0.88500000, 2.34462891275145092584584227553651147251e+00, -1.63770639192667829641721247453320891245e-01, 2.73155830250547909259531450967672826478e+01, 7.57827324718570803493509858796463732185e-02, 3.74566972015560903515874144227197543102e+00, 3.25363834498125035359510755645450811291e-01, 3.6707917700704541e-02, -2.9247238435576709e-02
0.88600000, 2.34543400756308942406831601036420569537e+00, -1.63646928818484626895034635060932660992e-01, 2.73139845126865266003681600735546560948e+01, 7.58906651377753715997937099939193653811e-02, 3.74467501833867431052732800948387104133e+00, 3.25360678281267158467867681972843477568e-01, 3.6894978783826244e-02, -2.9051975259810030e-02
0.88700000, 2.34624149250465649628962232016311537949e+00, -1.63522434760217653258740701828396167102e-01, 2.73123823421926238590490570889852137160e+01, 7.59982486993198034993265047971233795165e-02, 3.74367613434566616787540821630432693262e+00, 3.25356645773649525673435198412545244756e-01, 3.7081563795613135e-02, -2.8854473774166917e-02
0.88800000, 2.34705138130305271105244377787216325621e+00, -1.63397149225794992972128897982979084891e-01, 2.73107764972569723865699112354266589583e+01, 7.61054772890609102907563333168151678451e-02, 3.74267303180376655617362760467332657493e+00, 3.25351724541235514331369613820207560703e-01, 3.7267650178863572e-02, -2.8654718735138536e-02
0.88900000, 2.34786368781342685535178516365418427454e+00, -1.63271064310475386515971561010811034326e-01, 2.73091669614234383719451294511375630897e+01, 7.62123449515087326997564098569635158407e-02, 3.74166567385406179813870320127027595641e+00, 3.25345901980662911655002126212268228013e-01, 3.7453214956005263e-02, -2.8452694914937279e-02
0.89000000, 2.34867842602075884847742414481460554780e+00, -1.63144171994698702648550255625092434737e-01, 2.73075537180941619208540217068651093747e+01, 7.63188456414196883985916703191322789731e-02, 3.74065402314325446585569581475988113693e+00, 3.25339165316434607637685467479956842956e-01, 3.7638234722263140e-02, -2.8248387105888889e-02
0.89100000, 2.34949561004146474096133891171945483381e+00, -1.63016464141885627152391585380151073043e-01, 2.73059367505278291958664909419481123562e+01, 7.64249732220632602365477726130082133053e-02, 3.73963804181520588873405785689687786911e+00, 3.25331501598051619096037093213628764486e-01, 3.7822685638729405e-02, -2.8041780124988250e-02
0.89200000, 2.35031525412502405168740523318488493400e+00, -1.62887932496185149301226560513098954762e-01, 2.73043160418379189007586705610751945199e+01, 7.65307214634473712619462076744726100456e-02, 3.73861769150230540868606794817945633413e+00, 3.25322897697087018101341311339672735864e-01, 3.8006543425335030e-02, -2.7832858818624109e-02
0.89300000, 2.35113737265562969321531708791778380909e+00, -1.62758568680168381827435413154719118112e-01, 2.73026915749909227218966972271115051961e+01, 7.66360840405012790673910463755635181697e-02, 3.73759293331666240538210757081515897089e+00, 3.25313340304199294952327477938067631465e-01, 3.8189783353722046e-02, -2.7621608067478207e-02
0.89400000, 2.35196198015386073184082271619278162691e+00, -1.62628364192467203348942578483132547136e-01, 2.73010633328045393367750945670224685772e+01, 7.67410545312147841866535347107324662269e-02, 3.73656372784111702050920871474576136618e+00, 3.25302815926083641109869532483055237338e-01, 3.8372380240015983e-02, -2.7408012791604436e-02
0.89500000, 2.35278909127837822482088617092902576906e+00, -1.62497310405356163741425607730206077003e-01, 2.72994312979458415971464237108730858309e+01, 7.68456264147325081076062659639671470031e-02, 3.73553003512006541413094231507733537749e+00, 3.25291310882359591087621972128099321987e-01, 3.8554308437497874e-02, -2.7192057955693844e-02
0.89600000, 2.35361872082764437249359696002771586852e+00, -1.62365398562276042754760907966635050727e-01, 2.72977954529294164917955902288640907375e+01, 7.69497930694019558880724583736939900170e-02, 3.73449181465009528851492648298067258638e+00, 3.25278811302393414093417586860057671212e-01, 3.8735541829175308e-02, -2.6973728574531492e-02
0.89700000, 2.35445088374166521767411142020711186916e+00, -1.62232619775297400207455291774521951434e-01, 2.72961557801154774919219596775839272688e+01, 7.70535477707740363154374940143079741515e-02, 3.73344902537042731515963981614260646610e+00, 3.25265303122053596161283821006187434662e-01, 3.8916053820252028e-02, -2.6753009718651340e-02
0.89800000, 2.35528559510375711866223414077387875398e+00, -1.62098965022522402282573927398300725277e-01, 2.72945122617079488803236413184462250241e+01, 7.71568836895546689792520851847996600446e-02, 3.73240162565315799921957906954429151104e+00, 3.25250772080397701515486204593723659802e-01, 3.9095817330495673e-02, -2.6529886520195597e-02
0.89900000, 2.35612287014233721540392053496311697828e+00, -1.61964425145423152724019738939488858701e-01, 2.72928648797525216641614412598425520872e+01, 7.72597938895060624694197102092134093054e-02, 3.73134957329329941210640192776244935852e+00, 3.25235203716288847873513679480499805750e-01, 3.9274804786503311e-02, -2.6304344178985093e-02
0.90000000, 2.35696272423273810075415238459417822627e+00, -1.61828990846114700020988364590671232598e-01, 2.72912136161346806700477689024933776589e+01, 7.73622713252962011091054154952366545387e-02, 3.73029282549861111774785606883580386957e+00, 3.25218583364939974226652456231768513048e-01, 3.9452988113864461e-02, -2.6076367968807531e-02
0.90100000, 2.35780517289904690033490472083681247820e+00, -1.61692652684560831896366958481331308574e-01, 2.72895584525777024195932805440308138092e+01, 7.74643088402950291169577771911400607524e-02, 3.72923133887921951083583924090471444638e+00, 3.25200896154384021231538847557155856216e-01, 3.9630338729221412e-02, -2.5845943243930632e-02
0.90200000, 2.35865023181596895510809901641720687758e+00, -1.61555401075710706504336965349141009323e-01, 2.72878993706406233833888708358584012922e+01, 7.75658991643157708007655177040019908582e-02, 3.72816506943701967641574026176198212963e+00, 3.25182127001868083594798884799777489027e-01, 3.9806827532226701e-02, -2.5613055445847452e-02
0.90300000, 2.35949791681071629042430824663582925411e+00, -1.61417226286564305613187456235959819803e-01, 2.72862363517161782117430935700509407175e+01, 7.76670349112997732447796843074353678587e-02, 3.72709397255485476939379693879288779976e+00, 3.25162260610169530620346545087221878929e-01, 3.9982424897397695e-02, -2.5377690110261378e-02
0.90400000, 2.36034824386492104389403450468533188235e+00, -1.61278118433164628618099790975132814564e-01, 2.72845693770287075413784190825072338226e+01, 7.77677085769432038933678552946187545271e-02, 3.72601800298546780000736765785426714728e+00, 3.25141281463832025293320360074722605117e-01, 4.0157100665868355e-02, -2.5139832874318536e-02
0.90500000, 2.36120122911657401188553662388465465411e+00, -1.61138067477514477409136952401420127449e-01, 2.72828984276320349787602206250850200455e+01, 7.78679125362638793793161425885956649182e-02, 3.72493711484022059706250228531283267396e+00, 3.25119173825319303767198455643760337436e-01, 4.0330824137038294e-02, -2.4899469484095629e-02
0.90600000, 2.36205688886198846070248876525741388594e+00, -1.60997063224415610822441584289756789679e-01, 2.72812234844073128628396365724686225865e+01, 7.79676390411064438178837550691555060241e-02, 3.72385126157757460485046871312171713426e+00, 3.25095921731084505765123929903136826944e-01, 4.0503564060119410e-02, -2.4656585802351451e-02
0.90700000, 2.36291523955778933345205623388410043251e+00, -1.60855095318227973535076145189266135063e-01, 2.72795445280608364127886227819339695122e+01, 7.80668802175840545065029491137400253179e-02, 3.72276039599132805217589758661180463212e+00, 3.25071508987552772058776515147896397528e-01, 4.0675288625580459e-02, -2.4411167816550606e-02
0.90800000, 2.36377629782292796718960806343288189370e+00, -1.60712153239546627730080846181428685900e-01, 2.72778615391218258698495095082739724062e+01, 7.81656280634546704504902755337674295531e-02, 3.72166447019860391294026723918041894807e+00, 3.25045919167014747695724056383138595221e-01, 4.0845965456490047e-02, -2.4163201647168248e-02
0.90900000, 2.36464008044072241702468343898900791500e+00, -1.60568226301793936558842047699023060368e-01, 2.72761744979401762467731653788338243629e+01, 7.82638744454299742896970970780052818931e-02, 3.72056343562758295731317817640035644282e+00, 3.25019135603428548847626821654930333826e-01, 4.1015561599758683e-02, -2.3912673556284923e-02
0.91000000, 2.36550660436092346439215263139851810862e+00, -1.60423303647724466259941173515656826072e-01, 2.72744833846841743035447153571121883414e+01, 7.83616110964148909386903279418632548046e-02, 3.71945724300497607079017984579257187431e+00, 3.24991141388127666875995152056302663667e-01, 4.1184043517280638e-02, -2.3659569956480899e-02
0.91100000, 2.36637588670180636552424046996724534694e+00, -1.60277374245839988650920010640211222449e-01, 2.72727881793381823742635377305334541294e+01, 7.84588296126755964793269202869456187189e-02, 3.71834584234322989549312037534614984536e+00, 3.24961919365432195278353342523121653104e-01, 4.1351377076976541e-02, -2.3403877420039698e-02
0.91200000, 2.36724794475228837318756864618425822093e+00, -1.60130426886711877481845028279879720558e-01, 2.72710888617002886772297797192434783884e+01, 7.85555214509338384613611899454862099400e-02, 3.71722918292745972404496341685763259046e+00, 3.24931452128160673393820255332416569010e-01, 4.1517527543737768e-02, -2.3145582688470806e-02
0.91300000, 2.36812279597407203985139417885492628179e+00, -1.59982450179208100713464326415864791120e-01, 2.72693854113799237485729484050188374264e+01, 7.86516779253853136721682817247675212478e-02, 3.71610721330210345138945298252713443340e+00, 3.24899722013039744910013499529941426237e-01, 4.1682459570273887e-02, -2.2884672682361927e-02
0.91400000, 2.36900045800381428349746673810146944281e+00, -1.59833432546621916040631424624020693299e-01, 2.72676778077954426492249436440142288152e+01, 7.87472902046397715251054044516712127443e-02, 3.71497988125729026418779524428097532309e+00, 3.24866711096008729107369567910065507483e-01, 4.1846137187864572e-02, -2.2621134511571435e-02
0.91500000, 2.36988094865532116812848135016715465527e+00, -1.59683362222699278802185525493601176829e-01, 2.72659660301716726057819024773455217726e+01, 7.88423493085804303778383988435946875357e-02, 3.71384713381491762108921376815630641900e+00, 3.24832401187416098174029611949965028862e-01, 4.2008523797017613e-02, -2.2354955485772042e-02
0.91600000, 2.37076428592176831953188070813134082730e+00, -1.59532227247561869676398182450112191556e-01, 2.72642500575374257579145416686025694400e+01, 7.89368461051402102134455937541291078897e-02, 3.71270891721442995043961392750561752856e+00, 3.24796773827104744582146940507436734088e-01, 4.2169582158034856e-02, -2.2086123125357064e-02
0.91700000, 2.37165048797794686284991204365094463590e+00, -1.59380015463522544127250170131513734693e-01, 2.72625298687229766985802986937266691817e+01, 7.90307713069921980804132752401210046291e-02, 3.71156517689829236508440692424614791130e+00, 3.24759810279382808177907485643246875531e-01, 4.2329274381488125e-02, -2.1814625172721033e-02
0.91800000, 2.37253957318253473182611403184239214518e+00, -1.59226714510789896308041197654826654702e-01, 2.72608054423575045084747943970512826282e+01, 7.91241154681516723706196213225098907566e-02, 3.71041585749715256708332788601113411752e+00, 3.24721491527876713030148485869708761582e-01, 4.2487561918607406e-02, -2.1540449603926769e-02
0.91900000, 2.37343156008039316006246682958533822313e+00, -1.59072311823058516908008973006065049608e-01, 2.72590767568664990030551166082318508872e+01, 7.92168689804869182905491338990609876644e-02, 3.70926090281468398865814080935097747669e+00, 3.24681798270262938916979255202036864079e-01, 4.2644405551583847e-02, -2.1263584640771448e-02
0.92000000, 2.37432646740488812203815047949959865278e+00, -1.58916794622981407103581432233668046851e-01, 2.72573437904691309292016635941414226142e+01, 7.93090220701359696192925415282510092429e-02, 3.70810025581210308983766434040695112899e+00, 3.24640710912874921299270666179451963086e-01, 4.2799765383790372e-02, -2.0984018763264585e-02
0.92100000, 2.37522431408023644580552441696718641601e+00, -1.58760149917520889203438991738393027972e-01, 2.72556065211755858692962368514737640063e+01, 7.94005647938263109118037517305480922876e-02, 3.70693385859235360837798492898496230358e+00, 3.24598209565181336408406848899317393512e-01, 4.2953600829923013e-02, -2.0701740722531278e-02
0.92200000, 2.37612511922387626997348256723083311547e+00, -1.58602364493174228606572300462457904640e-01, 2.72538649267843616333287285394023383431e+01, 7.94914870350944695571877163937666395007e-02, 3.70576165238395043398112704898731732111e+00, 3.24554274034131884317274663205634381140e-01, 4.3105870606066350e-02, -2.0416739554154487e-02
0.92300000, 2.37702890214886146458042410104565931711e+00, -1.58443424911070051171896831637513004181e-01, 2.72521189848795289447603006196496768499e+01, 7.95817785004023183945331665727901019108e-02, 3.70458357752447565701023310434939665575e+00, 3.24508883818366532200655676637982468533e-01, 4.3256532719686792e-02, -2.0129004591970581e-02
0.92400000, 2.37793568236627957850120746243663581536e+00, -1.58283317501931504869770052391434708230e-01, 2.72503686728279552534354816320508798828e+01, 7.96714287151467967732386351328575503629e-02, 3.70339957344371922223906776236628582363e+00, 3.24462018102284022033698254777127148367e-01, 4.3405544459557759e-02, -1.9838525482332820e-02
0.92500000, 2.37884547958769281486097118984476483209e+00, -1.58122028360901974489215152494554100950e-01, 2.72486139677764915390288242345222957851e+01, 7.97604270195596408663165430865180872975e-02, 3.70220957864645650115526878391895503902e+00, 3.24413655749965281310377492675549447868e-01, 4.3552862385621209e-02, -1.9545292198857929e-02
0.92600000, 2.37975831372760147026276223457628331205e+00, -1.57959543342229013045401195970193243917e-01, 2.72468548466491220015258025141448596153e+01, 7.98487625644935925443177038280973450654e-02, 3.70101353069485498248165920663382763924e+00, 3.24363775298947201547283778105945973928e-01, 4.3698442318790321e-02, -1.9249295057671415e-02
0.92700000, 2.38067420490592920317636361245856543048e+00, -1.57795848053802003202083734397247671968e-01, 2.72450912861440765712778732298844640562e+01, 7.99364243070914300299060120948288403499e-02, 3.69981136619050217045768396421619010487e+00, 3.24312354953842066903606585628777787514e-01, 4.3842239330698597e-02, -1.8950524733167749e-02
0.92800000, 2.38159317345052942126393532413995636364e+00, -1.57630927851538906322096403178809848400e-01, 2.72433232627309062104576270607543832023e+01, 8.00234010063340327094249904611470467876e-02, 3.69860302075604667465515823414071029920e+00, 3.24259372579797723698294986125257402901e-01, 4.3984207733401042e-02, -1.8648972274302087e-02
0.92900000, 2.38251523989971199639472900378831570284e+00, -1.57464767833617295511369492106376945055e-01, 2.72415507526475210205063744493655012040e+01, 8.01096812184635567038339176925508743306e-02, 3.69738842901644437436659093421917930772e+00, 3.24204805695793380411269330602131811492e-01, 4.4124301069033587e-02, -1.8344629121430710e-02
0.93000000, 2.38344042500478942926481324655024726805e+00, -1.57297352834544702051332538470153294565e-01, 2.72397737318971912166641358553106824244e+01, 8.01952532922776569181004912269416309771e-02, 3.69616752457980144563841485033966835027e+00, 3.24148631467765716355074183695402899397e-01, 4.4262472099437405e-02, -1.8037487123717923e-02
0.93100000, 2.38436874973264149250360573874083429409e+00, -1.57128667419063131741502028650556906511e-01, 2.72379921762455110811688426076539327828e+01, 8.02801053642905451116912260731915509691e-02, 3.69494024001780595062875255843227233169e+00, 3.24090826701559754998833121844098514720e-01, 4.4398672795755293e-02, -1.7727538557127697e-02
0.93200000, 2.38530023526829728150726036259183746507e+00, -1.56958695875882428717101244255523907831e-01, 2.72362060612173260614939750149510826829e+01, 8.03642253537565218747012229748963204256e-02, 3.69370650684573960802339083600556852077e+00, 3.24031367835698724282305241112406820021e-01, 4.4532854328007876e-02, -1.7414776143018954e-02
0.93300000, 2.38623490301753349555329118203661675173e+00, -1.56787422211236979082685101034155192414e-01, 2.72344153620936232393678387503893897747e+01, 8.04476009575514630613860305788383576633e-02, 3.69246625550206129069367229001611105147e+00, 3.23970230933966880498493625618043100746e-01, 4.4664967054657970e-02, -1.7099193067363939e-02
0.93400000, 2.38717277460948765755672559322213629301e+00, -1.56614830142260055027907237431647965568e-01, 2.72326200539083854606100822250387674545e+01, 8.05302196449075780280343340351791949255e-02, 3.69121941532755373365686649469499777251e+00, 3.23907391677799013729981041666670377858e-01, 4.4794960512172083e-02, -1.6780783000609762e-02
0.93500000, 2.38811387189928485863109637146911717032e+00, -1.56440903090169901781333478359096173560e-01, 2.72308201114454094853810534734685628857e+01, 8.06120686519965877437795042098982486028e-02, 3.68996591454402488282192810460443790468e+00, 3.23842825358470080632680510646318959064e-01, 4.4922783404588715e-02, -1.6459540118203828e-02
0.93600000, 2.38905821697067648289139925849018643841e+00, -1.56265624173261464628460139561560385497e-01, 2.72290155092350885936401222816529831158e+01, 8.06931349763562952858014224188244078584e-02, 3.68870568023255527418463066721541430320e+00, 3.23776506869078123758105613853732650473e-01, 4.5048383593103832e-02, -1.6135459121804479e-02
0.93700000, 2.39000583213868922812063242712573494571e+00, -1.56088976199697441087861271965456024611e-01, 2.72272062215511601618484290685487224733e+01, 8.07734053711553391856595273251554372715e-02, 3.68743863831128280539089882672845972149e+00, 3.23708410696313334726982230536145780649e-01, 4.5171708085684650e-02, -1.5808535261198865e-02
0.93800000, 2.39095673995228258842065758202274568602e+00, -1.55910941660092124023758743453519176418e-01, 2.72253922224074188146549500182837430644e+01, 8.08528663392907313494139054355218819435e-02, 3.68616471351271624834025030759543550135e+00, 3.23638510912005800493392330101836713790e-01, 4.5292703026723680e-02, -1.5478764356950712e-02
0.93900000, 2.39191096319701280514771791922052483205e+00, -1.55731502719881274796499694837237705911e-01, 2.72235734855543958499263469436285645087e+01, 8.09315041273125856163646700321880853113e-02, 3.68488382936056885429484751477222696881e+00, 3.23566781164444136691448837043258852578e-01, 4.5411313686745838e-02, -1.5146142823801361e-02
0.94000000, 2.39286852489770112161839947570289483871e+00, -1.55550641211471031340970232287969395030e-01, 2.72217499844760057375055103466928281895e+01, 8.10093047191702402333209485281371369163e-02, 3.68359590814610342346257119411392152946e+00, 3.23493194669456858595234867872954810404e-01, 4.5527484452182354e-02, -1.4810667694848144e-02
0.94100000, 2.39382944832110399454560076398491505796e+00, -1.55368338626158614149065488292192972635e-01, 2.72199216923861606020283549538584893949e+01, 8.10862538297737673856412266410508436893e-02, 3.68230087090398025103962039828831538595e+00, 3.23417724201247967440625960975981965995e-01, 4.5641158815226157e-02, -1.4472336646524884e-02
0.94200000, 2.39479375697858272016315096186480056559e+00, -1.55184576105817343355339794246910727677e-01, 2.72180885822253537185453847741276932101e+01, 8.11623368983646452246781986202285311234e-02, 3.68099863738759942318040351769618447785e+00, 3.23340342082977836577418530632876864050e-01, 4.5752279363784485e-02, -1.4131148024410062e-02
0.94300000, 2.39576147462876972471083455305604556492e+00, -1.54999334434338222333110411709088273284e-01, 2.72162506266572131771728816234110215535e+01, 8.12375390816891423458909840038021041974e-02, 3.67968912604392902141783416387368131522e+00, 3.23261020177080066889780550680286447795e-01, 4.5860787771545506e-02, -1.3787100869888909e-02
0.94400000, 2.39673262528022854651639856654744731587e+00, -1.54812594028820077260585416264160279139e-01, 2.72144077980650270101666935349885225516e+01, 8.13118452469677311863249500698946663697e-02, 3.67837225398781090496196204146537501862e+00, 3.23179729875304542810690080050160005434e-01, 4.5966624788176957e-02, -1.3440194947696486e-02
0.94500000, 2.39770723319410429941120459397768938328e+00, -1.54624334930499967884922323347475859955e-01, 2.72125600685482412223397404384731477004e+01, 8.13852399646536051105368708313181647407e-02, 3.67704793697573587951629454979384458301e+00, 3.23096442088476457645431242480273221176e-01, 4.6069730229675992e-02, -1.3090430774369548e-02
0.94600000, 2.39868532288676115367786788572339551650e+00, -1.54434536795415302083647976814155402129e-01, 2.72107074099189323243472044486248123873e+01, 8.14577075009731238303877599853143262603e-02, 3.67571608937908023142022825355828333366e+00, 3.23011127235960588304249393964906103547e-01, 4.6170042968890776e-02, -1.2737809647635821e-02
0.94700000, 2.39966691913240310011728816991993226467e+00, -1.54243178884788795702625521882545103239e-01, 2.72088497936982561388028544221948184071e+01, 8.15292318102407530518679628177737568655e-02, 3.67437662415679580991161380102728138943e+00, 3.22923755234819583323431071223418090412e-01, 4.6267500926235708e-02, -1.2382333676770087e-02
0.94800000, 2.40065204696567397404072456181811126775e+00, -1.54050240055127119463610347492527032284e-01, 2.72069871911128748322781493968703589151e+01, 8.15997965269407966637981951618149245572e-02, 3.67302945282754608118730052913934031389e+00, 3.22834295488654482524651982771122723306e-01, 4.6362041060623677e-02, -1.2024005813947295e-02
0.94900000, 2.40164073168423240787422108173274627276e+00, -1.53855698748023766432343741631600434697e-01, 2.72051195730913643228379876783066473232e+01, 8.16693849575679431904358588720524562879e-02, 3.67167448544128085904185683006769318024e+00, 3.22742716876115110014320347141845790338e-01, 4.6453599360640269e-02, -1.1662829886623748e-02
0.95000000, 2.40263299885129705237064149209504174770e+00, -1.53659532979656356597729543536623437021e-01, 2.72032469102606044238050011794197751351e+01, 8.17379800722183624454689714269517424596e-02, 3.67031163055024274176134479755537219499e+00, 3.22648987739067372533840904294045578812e-01, 4.6542110835986553e-02, -1.1298810630978210e-02
0.95100000, 2.40362887429815705584648842837621070692e+00, -1.53461720329968269543247783239488033493e-01, 2.72013691729421543108997859991503831318e+01, 8.18055644959227931849762623545540247183e-02, 3.66894079517939865748926499150075348215e+00, 3.22553075870403850393526174695043144983e-01, 4.6627509509218768e-02, -1.0931953726445637e-02
0.95200000, 2.40462838412664241700496040406805940498e+00, -1.53262237931524162038803214092081488172e-01, 2.71994863311486161428224813950402875219e+01, 8.18721204997127579143757729643047105950e-02, 3.66756188479629034460724335155107552035e+00, 3.22454948501483386184675885565331460722e-01, 4.6709728407815166e-02, -1.0562265831377049e-02
0.95300000, 2.40563155471154842829828798069148672681e+00, -1.53061062458028584731087111400524455150e-01, 2.71975983545799899258338794371876341677e+01, 8.19376299914107267312404725172020667027e-02, 3.66617480328029807423799115244679388440e+00, 3.22354572289184654858086031176927796650e-01, 4.6788699556602198e-02, -1.0189754619859902e-02
0.95400000, 2.40663841270300800185846356547776006694e+00, -1.52858170112496561096007533268129710371e-01, 2.71957052126200229921450249390406007024e+01, 8.20020745061347280769349238724274377749e-02, 3.66477945289131246357081314845849381184e+00, 3.22251913302557935131550877183714242979e-01, 4.6864353970574336e-02, -9.8144288197341462e-03
0.95500000, 2.40764898502880521713099846684312442330e+00, -1.52653536615064632622862147970042885614e-01, 2.71938068743325577611914043571511461005e+01, 8.20654351965075704466363413745490614827e-02, 3.66337573423780983647537703939501229999e+00, 3.22146937009058493940790356893139980489e-01, 4.6936621648144073e-02, -9.4362982518399618e-03
0.95600000, 2.40866329889662294672949003927645618032e+00, -1.52447137190430507070543517592788054793e-01, 2.71919033084578817734889962800229191560e+01, 8.21276928225604954214543701401489874451e-02, 3.66196354624432726733304178845855890328e+00, 3.22039608260344140014423655630483609469e-01, 4.7005431564860954e-02, -9.0553738705340143e-03
0.95700000, 2.40968138179621690283630681106623240667e+00, -1.52238946554909071881014080549305331127e-01, 2.71899944834090843301660396909156418948e+01, 8.21888277413207288254043816493736425917e-02, 3.66054278611833420110802254661217129217e+00, 3.21929891277618596701594503314286783093e-01, 4.7070711667641050e-02, -8.6716678055118255e-03
0.95800000, 2.41070326150150789874716291437940872413e+00, -1.52028938903092152838256039310430824679e-01, 2.71880803672684244389459852976049400105e+01, 8.22488198960720334017570106977207711203e-02, 3.65911334931649838376671599970233970012e+00, 3.21817749636501384799441887213651854209e-01, 4.7132388869550881e-02, -8.2851934049746643e-03
0.95900000, 2.41172896607258353682432716024650339386e+00, -1.51817087894099009288071422232414538237e-01, 2.71861609277837151609262746102900108744e+01, 8.23076488052769932218110617282704343363e-02, 3.65767512951034476905674072042885377194e+00, 3.21703146251403890017172959680278780169e-01, 4.7190389045192623e-02, -7.8959652801801038e-03
0.96000000, 2.41275852385759991299843591944350669140e+00, -1.51603366637404162243619743282601040681e-01, 2.71842361323647298736546405030714319158e+01, 8.23652935511493772109397719685007181413e-02, 3.65622801855130709769168969497262884320e+00, 3.21586043359390213375841005233301886407e-01, 4.7244637026740429e-02, -7.5039993514161164e-03
0.96100000, 2.41379196349457326673541128978602776792e+00, -1.51387747678228751153896319054690356720e-01, 2.71823059480796364165525462464687048273e+01, 8.24217327678645368878142803246900968652e-02, 3.65477190643517298098809158227977833614e+00, 3.21466402503500262570828929649169243050e-01, 4.7295056600680795e-02, -7.1093128954392670e-03
0.96200000, 2.41482931391305080163038982600871623592e+00, -1.51170202982481209781589505485941401260e-01, 2.71803703416514655665849452846261638945e+01, 8.24769446293953919161080944886333609602e-02, 3.65330668126592457135566583727818334742e+00, 3.21344184515511334190409997768246210877e-01, 4.7341570505313283e-02, -6.7119245944182046e-03
0.96300000, 2.41587060433564915294217011316547851364e+00, -1.50950703921232642423062894222202035906e-01, 2.71784292794546208072504271452015221067e+01, 8.25309068369611466923995607543440023171e-02, 3.65183222921897827572568224458449048802e+00, 3.21219349498113156530566614018863670905e-01, 4.7384100429071416e-02, -6.3118545864242438e-03
0.96400000, 2.41691586427944818174196936980451207543e+00, -1.50729221254711869646293514771796701011e-01, 2.71764827275114369046078047663165562628e+01, 8.25835966060754623529502032657312381515e-02, 3.65034843450382847461243157660759927085e+00, 3.21091856806470006173117006250393892615e-01, 4.7422567009727309e-02, -5.9091245175113545e-03
0.96500000, 2.41796512355722692808244509930885063181e+00, -1.50505725115804699016451662004122022969e-01, 2.71745306514887953924294316385492838303e+01, 8.26349906531803817841603341807194831246e-02, 3.64885517932610185929578387235223407598e+00, 3.20961665029142073846794544551745513790e-01, 4.7456889834547544e-02, -5.5037575954283339e-03
0.96600000, 2.41901841227852765471674654070866728151e+00, -1.50280184993041562287763596317182553753e-01, 2.71725730166948056970717231372148602202e+01, 8.26850651818518710816949871804260863601e-02, 3.64735234384903080354186990865457092667e+00, 3.20828731968336731449161524270989082091e-01, 4.7486987441471999e-02, -5.0957786450063096e-03
0.96700000, 2.42007576085053295528528898265428092148e+00, -1.50052569713057247816492032684274827885e-01, 2.71706097880755613038069503675672200146e+01, 8.27337958685624001550182728926467872721e-02, 3.64583980615435615603373020934806670933e+00, 3.20693014619458737273377913535956595591e-01, 4.7512777321391729e-02, -4.6852141652649964e-03
0.96800000, 2.42113719997873988326177732688542926438e+00, -1.49822847422506047252229529732738228767e-01, 2.71686409302119810828336430202542882481e+01, 8.27811578479855386828956269062413929214e-02, 3.64431744220267198773085997092716601923e+00, 3.20554469149926704970543145143638963983e-01, 4.7534175921606727e-02, -4.2720923882813000e-03
0.96900000, 2.42220276066741397687796206943903555590e+00, -1.49590985569415230879562160098949045160e-01, 2.71666664073167466577858542855544235742e+01, 8.28271256978270924036022589111290309398e-02, 3.64278512579322716800090688916757846674e+00, 3.20413050877221347796751662137059674877e-01, 4.7551098650549256e-02, -3.8564433398639031e-03
0.97000000, 2.42327247421980490714112147467396045352e+00, -1.49356950883959368545627750586731556903e-01, 2.71646861832313475152524426721671881968e+01, 8.28716734231668499462350055568094859309e-02, 3.64124272852320118871423575199662900552e+00, 3.20268714246129087142102806983482360095e-01, 4.7563459883863755e-02, -3.4382989020773717e-03
0.97100000, 2.42434637223810425717454272928850357453e+00, -1.49120709358637625431257728031123434352e-01, 2.71627002214232464237074401963467446029e+01, 8.29147744402945534321792072357789087577e-02, 3.63969011974647442161261207444805667530e+00, 3.20121412805142576789995405838087785064e-01, 4.7571172971939726e-02, -3.0176928776590615e-03
0.97200000, 2.42542448662312464754684492898268505626e+00, -1.48882226227835786814548526317493573464e-01, 2.71607084849831786576091248478299464782e+01, 8.29564015600232484534710304541307182396e-02, 3.63812716653191599715448431601940736515e+00, 3.19971099181977535046814786871988524098e-01, 4.7574150248999927e-02, -2.5946610563716680e-03
0.97300000, 2.42650684957367804995133373733883805104e+00, -1.48641465946754406574676668396977875363e-01, 2.71587109366225995106761757427366002940e+01, 8.29965269704627125429067342734559804701e-02, 3.63655373362121574969022575119746912815e+00, 3.19817725058162988706321291563939669972e-01, 4.7572303043852228e-02, -2.1692412833336240e-03
0.97400000, 2.42759349358562967633714069432499813860e+00, -1.48398392169684133988459833581756689034e-01, 2.71567075386712956350844917220922234044e+01, 8.30351222192352079076621472759867951867e-02, 3.63496968338629020225500756876775521321e+00, 3.19661241142659608305938263218225460397e-01, 4.7565541692420024e-02, -1.7414735293686829e-03
0.97500000, 2.42868445145060228801362730465154804288e+00, -1.48152967727608956272508335845827772611e-01, 2.71546982530751768643026547944133690659e+01, 8.30721581951153562898491996194487356942e-02, 3.63337487578629638358605329778288706422e+00, 3.19501597144458245466067110051532749409e-01, 4.7553775552172862e-02, -1.3113999634149072e-03
0.97600000, 2.42977975625430413483626134290547830878e+00, -1.47905154605117804637200134168716160506e-01, 2.71526830413942663704177870480014742074e+01, 8.31076051090754939240265614702010058406e-02, 3.63176916832429140039530960910264615984e+00, 3.19338741744108062079877619700772251916e-01, 4.7536913018586108e-02, -8.7906502703188100e-04
0.97700000, 2.43087944137445200368511978290201961975e+00, -1.47654913916604714128056316974677830590e-01, 2.71506618648009082761819646866577204212e+01, 8.31414324747174355864470185486088217002e-02, 3.63015241600358015083729814475418820301e+00, 3.19172622564120759164644987236099043410e-01, 4.7514861543766033e-02, -4.4451551104325066e-04
0.97800000, 2.43198354047825902328687864131093965145e+00, -1.47402205881737507524617674295929541043e-01, 2.71486346840782131918811067581728485846e+01, 8.31736090880711619312687276181873207574e-02, 3.62852447128379838308027468019874542916e+00, 3.19003186138194361341677804705790547315e-01, 4.7487527657384595e-02, -7.8006343496313401e-06
0.97900000, 2.43309208751945493411221496446863763143e+00, -1.47146989800174796885822673561817398688e-01, 2.71466014596187635819020943775588669995e+01, 8.32041030067405473304818027349432854625e-02, 3.62688518403678349972172002132332898556e+00, 3.18830377879196781844367555587972512028e-01, 4.7454816990076519e-02, 4.3102787505553156e-04
0.98000000, 2.43420511673480448260758148911709577015e+00, -1.46889224025510969409941471972451896199e-01, 2.71445621514236023901133110821745992676e+01, 8.32328815283758703464366643794149818676e-02, 3.62523440150229110955067183549737439896e+00, 3.18654142045845972948012212210572046551e-01, 4.7416634299460005e-02, 8.7191569683743925e-04
0.98100000, 2.43532266264008743331755037212463607501e+00, -1.46628865938428754198343177506079082150e-01, 2.71425167191015299715895726401049752608e+01, 8.32599111684525003012142620124965679098e-02, 3.62357196824362135919666574483499343491e+00, 3.18474421708019847682111340382822462483e-01, 4.7372883498951534e-02, 1.3148058328124006e-03
0.98200000, 2.43644476002550140538896890132684770399e+00, -1.46365871919038961056774836152958965517e-01, 2.71404651218687360956523865420441925632e+01, 8.32851576373348362031146708476745500268e-02, 3.62189772610322556616571213682767507762e+00, 3.18291158710625330172390106056675490995e-01, 4.7323467689554794e-02, 1.7596385191588002e-03
0.98300000, 2.43757144395044632636047841193858276865e+00, -1.46100197318387050171332566640488776463e-01, 2.71384073185487956066324883482880003256e+01, 8.33085858166042941342977106056967165362e-02, 3.62021151415837065060503483399950417531e+00, 3.18104293635951843161494826033903127302e-01, 4.7268289194813802e-02, 2.2063511363285472e-03
0.98400000, 2.43870274973764675087557315116440737697e+00, -1.45831796429106341708824648494270132411e-01, 2.71363432675730582592729367869812079776e+01, 8.33301597346299022794506969314140721910e-02, 3.61851316867694635612654434264523760697e+00, 3.17913765764430261037737557607168281340e-01, 4.7207249599130698e-02, 2.6548781166460666e-03
0.98500000, 2.43983871296656560990470456581660658831e+00, -1.45560622455197917338906708278937852509e-01, 2.71342729269814652904440146169014924976e+01, 8.33498425413598759158351582456047087465e-02, 3.61680252307350829171746219878205401945e+00, 3.17719513033713833617167476032589669997e-01, 4.7140249789659605e-02, 3.1051508495876715e-03
0.98600000, 2.44097936946606013220409908451961057128e+00, -1.45286627480917612525899378991555289170e-01, 2.71321962544238274530642087477882980332e+01, 8.33675964823124154249416463587984791953e-02, 3.61507940786565845000961182572051783755e+00, 3.17521471995992808257464355822697683134e-01, 4.7067190001999300e-02, 3.5570975847407025e-03
0.98700000, 2.44212475530622770920372354806827104267e+00, -1.45009762438750961369105217091473762926e-01, 2.71301132071616015270752782159545305045e+01, 8.33833828717439070194580449967566328011e-02, 3.61334365063087409603064395226706946347e+00, 3.17319577773449433679669959009453312487e-01, 4.6987969869919213e-02, 4.0106433324491946e-03
0.98800000, 2.44327490678938635263984994164590799209e+00, -1.44729977076457548040177706417137858400e-01, 2.71280237420702047412611314067439818343e+01, 8.33971620649727175203654065597802971118e-02, 3.61159507596390581025422847715755350710e+00, 3.17113764011754705996757186953048267843e-01, 4.6902488479365502e-02, 4.4657097621611283e-03
0.98900000, 2.44442986044013111664399112902172988179e+00, -1.44447219923166954887679505970609935719e-01, 2.71259278156419090938418216081672642611e+01, 8.34088934298368711651174908490657356376e-02, 3.60983350543487604662315290943075175495e+00, 3.16903962831502603631107694171772379148e-01, 4.6810644427006612e-02, 4.9222150985016039e-03
0.99000000, 2.44558965299440441864588564040652966203e+00, -1.44161438254509392695831605042046451170e-01, 2.71238253839893602542327796672327614502e+01, 8.34185353172640890263630452352162942320e-02, 3.60805875754822086754203477833412711026e+00, 3.16690104777471640725064891529863851583e-01, 4.6712335883590783e-02, 5.3800740151066575e-03
0.99050000, 2.44617137539521068887192401340048702002e+00, -1.44017396398996473830555291653151689839e-01, 2.71227717148864053770041660604015271835e+01, 8.34225594060951309658833126345604492997e-02, 3.60716638453026466471744217878330656196e+00, 3.16581632274144492142088400902578755268e-01, 4.6660725506369897e-02, 5.6094834039236156e-03
0.99100000, 2.44675432138751459277445156640641468846e+00, -1.43872578056765170348060421054129242183e-01, 2.71217164028497685681010109543384386075e+01, 8.34260450309329721382003002324938008832e-02, 3.60627064770262958177491487202267752830e+00, 3.16472118765597336016962731168786740750e-01, 4.6607460662401447e-02, 5.8391975262639911e-03
0.99150000, 2.44733849561723116284033183773919599780e+00, -1.43726976268594544635506368820120294479e-01, 2.71206594422887453315173130003399851681e+01, 8.34289866859748378550652446746418802765e-02, 3.60537152349849711630737665620211117491e+00, 3.16361555102720226377934384639452006269e-01, 4.6552528534607563e-02, 6.0692046690125409e-03
0.99200000, 2.44792390274103324243823769625504274946e+00, -1.43580583990018427594604285419143593111e-01, 2.71196008275898226776220033977811323057e+01, 8.34313787960045309215396268630248398344e-02, 3.60446898815214987656804434929560502049e+00, 3.16249932027532633803113296997759188275e-01, 4.6495916293110260e-02, 6.2994928764197309e-03
0.99250000, 2.44851054742587551216432119424486169318e+00, -1.43433394090118614377515839960991879390e-01, 2.71185405531168759978060581392386643679e+01, 8.34332157153630350000886719311243352172e-02, 3.60356301769783274865107890929365439768e+00, 3.16137240171309845603152298622821210909e-01, 4.6437611097856738e-02, 6.5300499465374335e-03
0.99300000, 2.44909843434849802310684166359496856049e+00, -1.43285399350302035561616645548624221890e-01, 2.71174786132113794130969960507724683530e+01, 8.34344917269038201954755400686491689961e-02, 3.60265358796863974145830172045632479023e+00, 3.16023470052666413609166452368990785486e-01, 4.6377600101341684e-02, 6.7608634276245631e-03
0.99350000, 2.44968756819490859007715396354199016925e+00, -1.43136592463061834004150321604674816396e-01, 2.71164150021926300754874242084008023819e+01, 8.34352010409327066951601362551243054487e-02, 3.60174067459542819072603044006289386641e+00, 3.15908612075595504198003219420161701375e-01, 4.6315870451429242e-02, 6.9919206145235141e-03
0.99400000, 2.45027795365984338048277498653506379688e+00, -1.42986966030722286416485713189963305215e-01, 2.71153497143579869149021316792649912460e+01, 8.34353377941321464230897092784501110572e-02, 3.60082425300576206766536664511042444093e+00, 3.15792656527462974001082684642557369452e-01, 4.6252409294277451e-02, 7.2232085450083405e-03
0.99450000, 2.45086959544620501681599937431062923556e+00, -1.42836512564167518087447470423582357528e-01, 2.71142827439831243392325532967137007395e+01, 8.34348960484697871781885437387956949555e-02, 3.59990429842288620397823966315416819328e+00, 3.15675593576954962814941200438492811607e-01, 4.6187203777367959e-02, 7.4547139961056952e-03
0.99500000, 2.45146249826447749270124732944191966724e+00, -1.42685224481553969192705950340757865584e-01, 2.71132140853223014097000923530516249275e+01, 8.34338697900911886524318488684643807458e-02, 3.59898078586473331318716528594549973537e+00, 3.15557413271977762552578964266727824373e-01, 4.6120241052643901e-02, 7.6864234803896284e-03
0.99550000, 2.45205666683211718408929380580345017521e+00, -1.42533094107006581780076917365161012658e-01, 2.71121437326086470289722312648549388342e+01, 8.34322529281965650778120927469041121259e-02, 3.59805369014296575839533613499435977500e+00, 3.15438105537508687636554310558163968030e-01, 4.6051508279758880e-02, 7.9183232422514302e-03
0.99600000, 2.45265210587291921851087426618003981274e+00, -1.42380113669298687847303249818917077673e-01, 2.71110716800544616949485212854476123071e+01, 8.34300392939014350582471957387366849629e-02, 3.59712298586205408881084752450340992097e+00, 3.15317660173396638029943821174268010086e-01, 4.5980992629440049e-02, 8.1503992541457943e-03
0.99650000, 2.45324882011635844631090196463765401160e+00, -1.42226275300515590958908941980582933086e-01, 2.71099979218515363889578557509512146497e+01, 8.34272226390810654238145043293626364473e-02, 3.59618864741839444165916827965160023041e+00, 3.15196066852111011122959281675650226730e-01, 4.5908681286968359e-02, 8.3826372128146707e-03
0.99700000, 2.45384681429690423848363169556710128960e+00, -1.42071571034701846612411480073628308123e-01, 2.71089224521714891832637624314537129844e+01, 8.34237966351986027237173823280229935606e-02, 3.59525064899946698250489475807926831462e+00, 3.15073315116437582935113804164882940443e-01, 4.5834561455779078e-02, 8.6150225354902774e-03
0.99750000, 2.45444609315330831612554929005573648136e+00, -1.41915992806492260092885793035300656757e-01, 2.71078452651661201692600559114260079513e+01, 8.34197548721167932750338333576629085817e-02, 3.59430896458303763553963861774719561697e+00, 3.14949394377119942550139798306414856704e-01, 4.5758620361185766e-02, 8.8475403560788408e-03
0.99800000, 2.45504666142786479662462577604711914379e+00, -1.41759532449726634880885696050904930811e-01, 2.71067663549677853245536684610022261740e+01, 8.34150908568932005313419119148384235863e-02, 3.59336356793640543609844053488859710773e+00, 3.14824293910445026369084435509230276630e-01, 4.5680845254230919e-02, 9.0801755213267445e-03
0.99801000, 2.45505868597800634098625587601506997373e+00, -1.41756394188266374524791809008355986984e-01, 2.71067447591468521993161666032335016017e+01, 8.34149911845889002365917316271757266987e-02, 3.59334462195746421896167867728938079233e+00, 3.14821779793534553668171189671379909366e-01, 4.5679270957755813e-02, 9.0848293159696212e-03
0.99802000, 2.45507071104585107774839932199305628415e+00, -1.41753255570584234693228843523723915993e-01, 2.71067231626342406605018394774416843845e+01, 8.34148912607028354355607111982071695283e-02, 3.59332567448284801598944750248230182530e+00, 3.14819265200306078935859231853268604337e-01, 4.5677695922485312e-02, 9.0894831512577321e-03
0.99803000, 2.45508273663143697745587683491268748209e+00, -1.41750116596613632055655678552797241425e-01, 2.71067015654299035346851741737812714277e+01, 8.34147910851820313429694811611258896222e-02, 3.59330672551234437931322794029122135040e+00, 3.14816750130672130845653887322899095939e-01, 4.5676120148317797e-02, 9.0941370270662804e-03
0.99804000, 2.45509476273480201096523594672529419309e+00, -1.41746977266287966694585952340097191064e-01, 2.71066799675337936454608957329614144466e+01, 8.34146906579734995236730484387027992436e-02, 3.59328777504574082716697894035333963831e+00, 3.14814234584545215742791491271324554052e-01, 4.5674543635151656e-02, 9.0987909432704225e-03
0.99805000, 2.45510678935598414944214477989101264248e+00, -1.41743837579540622101023420668678013101e-01, 2.71066583689458638134453269420472194299e+01, 8.34145899790242378886697377802741114922e-02, 3.59326882308282484388513514141313669418e+00, 3.14811718561837817636036118469688462831e-01, 4.5672966382885280e-02, 9.1034448997452671e-03
0.99806000, 2.45511881649502136435878388139008131547e+00, -1.41740697536304965169896287598602580989e-01, 2.71066367696660668562777494700304080164e+01, 8.34144890482812306911090625067642936358e-02, 3.59324986962338387990060794932188339727e+00, 3.14809202062462398189472435953143523427e-01, 4.5671388391417066e-02, 9.1080988963658761e-03
0.99807000, 2.45513084415195162749123611011958428492e+00, -1.41737557136514346195490508810505523700e-01, 2.71066151696943555886217663440407346450e+01, 8.34143878656914485222985244887836194894e-02, 3.59323091466720535174279002711915652217e+00, 3.14806685086331396714294676692695180492e-01, 4.5669809660645418e-02, 9.1127529330072638e-03
0.99808000, 2.45514287232681291091687457653833810451e+00, -1.41734416380102098866882067671114912478e-01, 2.71065935690306828221666657670700174063e+01, 8.34142864312018483077093432831042440149e-02, 3.59321195821407664203556320057509074385e+00, 3.14804167633357230160591732214976683267e-01, 4.5668230190468743e-02, 9.1174070095443976e-03
0.99809000, 2.45515490101964318701174863342208155108e+00, -1.41731275267001540263368224138062819864e-01, 2.71065719676750013656287862780811047592e+01, 8.34141847447593733029811143530838182703e-02, 3.59319300026378509949530978257440165330e+00, 3.14801649703452293109128362128923495942e-01, 4.5666649980785456e-02, 9.1220611258521972e-03
0.99810000, 2.45516693023048042844796791659058976081e+00, -1.41728133797145970849897736621774842079e-01, 2.71065503656272640247528832553745646640e+01, 8.34140828063109530899253962988711017122e-02, 3.59317404081611803892892731972551590717e+00, 3.14799131296528957763122518517275368801e-01, 4.5665069031493976e-02, 9.1267152818055356e-03
0.99811000, 2.45517895995936260819108443446779644251e+00, -1.41724991970468674472500056922688942273e-01, 2.71065287628874236023134967640863472388e+01, 8.34139806158035035725282270234938119481e-02, 3.59315507987086274123184676458044790339e+00, 3.14796612412499573940018783149794471432e-01, 4.5663487342492728e-02, 9.1313694772792379e-03
0.99812000, 2.45519099020632769949747270533546986548e+00, -1.41721849786902918353713498362514730004e-01, 2.71065071594554328981163207486901367546e+01, 8.34138781731839269729515687611950796486e-02, 3.59313611742780645338605407685336681627e+00, 3.14794093051276469063257915474047672082e-01, 4.5661904913680142e-02, 9.1360237121480822e-03
0.99813000, 2.45520302097141367591170794114045021071e+00, -1.41718707246381953088012377228705541979e-01, 2.71064855553312447089995735713785736590e+01, 8.34137754783991118275336818946513487598e-02, 3.59311715348673638845811525702810343849e+00, 3.14791573212771948154042509338560322978e-01, 4.5660321744954655e-02, 9.1406779862867994e-03
0.99814000, 2.45521505225465851126394227671491764215e+00, -1.41715564348839012637233127651777431007e-01, 2.71064639505148118288353698971979923466e+01, 8.34136725313959329827884274879713797155e-02, 3.59309818804743972559720481574715306390e+00, 3.14789052896898293823098756402107780259e-01, 4.5658737836214708e-02, 9.1453322995700729e-03
0.99815000, 2.45522708405610017966727904326862209991e+00, -1.41712421094207314325999390035571404605e-01, 2.71064423450060870485310939268117855898e+01, 8.34135693321212515914034984626431763209e-02, 3.59307922110970361003313768237703860549e+00, 3.14786532103567766262434314181869348973e-01, 4.5657153187358748e-02, 9.1499866518725387e-03
0.99816000, 2.45523911637577665551514508501146733936e+00, -1.41709277482420058837146073161017982143e-01, 2.71064207388050231560307739777679718912e+01, 8.34134658805219151082375793438631656865e-02, 3.59306025267331515307440455614720727552e+00, 3.14784010832692603237092276692127398489e-01, 4.5655567798285228e-02, 9.1546410430687856e-03
0.99817000, 2.45525114921372591347866111776430313946e+00, -1.41706133513410430207142390084426360291e-01, 2.71063991319115729363164584151470075317e+01, 8.34133621765447572863164345049498153131e-02, 3.59304128273806143210621070326194446186e+00, 3.14781489084185020076901245624152041666e-01, 4.5653981668892606e-02, 9.1592954730333550e-03
0.99818000, 2.45526318256998592850401012841524088067e+00, -1.41702989187111595821513867951784191058e-01, 2.71063775243256891714095929324663507576e+01, 8.34132582201365981728279248378120724891e-02, 3.59302231130372949058851820338709991484e+00, 3.14778966857957209668221500016869012169e-01, 4.5652394799079347e-02, 9.1639499416407408e-03
0.99819000, 2.45527521644459467580980381407826884719e+00, -1.41699844503456706410263331851018185467e-01, 2.71063559160473246403723991837187513812e+01, 8.34131540112442441051159527777115588423e-02, 3.59300333837010633805409164891573401335e+00, 3.14776444153921342445687262366865208523e-01, 4.5650807188743919e-02, 9.1686044487653897e-03
0.99820000, 2.45528725083759013088444705981040464067e+00, -1.41696699462378896043290862824630459067e-01, 2.71063343070764321193092547674217050598e+01, 8.34130495498144877066733356108263475092e-02, 3.59298436393697895010654730041910570711e+00, 3.14773920971989566383945059125242800842e-01, 4.5649218837784800e-02, 9.1732589942817008e-03
0.99821000, 2.45529928574901026948350045374308300242e+00, -1.41693554063811282125812730165590733644e-01, 2.71063126974129643813680745635559776628e+01, 8.34129448357941078831336069933933922318e-02, 3.59296538800413426841840570169173873517e+00, 3.14771397312074006989388173527788816655e-01, 4.5647629746100468e-02, 9.1779135780640260e-03
0.99822000, 2.45531132117889306762704083848293812964e+00, -1.41690408307686965393779298119830202840e-01, 2.71062910870568741967416934242715714515e+01, 8.34128398691298698182617466114762670862e-02, 3.59294641057135920072914775780161889769e+00, 3.14768873174086767291887188703882735934e-01, 4.5646039913589412e-02, 9.1825681999866696e-03
0.99823000, 2.45532335712727650159701989763660023747e+00, -1.41687262193939029909291907119149058454e-01, 2.71062694760081143326692502192399712588e+01, 8.34127346497685249699438379106748127692e-02, 3.59292743163844062084327427955889251015e+00, 3.14766348557939927836516619008519832320e-01, 4.5644449340150122e-02, 9.1872228599238886e-03
0.99824000, 2.45533539359419854793462077631358666353e+00, -1.41684115722500543056018729668816359289e-01, 2.71062478642666375534375732365319754852e+01, 8.34126291776568110661756538253635707457e-02, 3.59290845120516536862836899781875469634e+00, 3.14763823463545546675277627520782797667e-01, 4.5642858025681098e-02, 9.1918775577498924e-03
0.99825000, 2.45534743057969718343761273446082823498e+00, -1.41680968893304555534609601014608105929e-01, 2.71062262518323966203825669399008835142e+01, 8.34125234527414521010501704373165203726e-02, 3.59288946927132025001316505103653587825e+00, 3.14761297890815659358816827651048580365e-01, 4.5641265970080843e-02, 9.1965322933388429e-03
0.99826000, 2.45535946808381038515770383188183192000e+00, -1.41677821706284101358109824714497063169e-01, 2.71062046387053442918906000833512780949e+01, 8.34124174749691583307440084938466166834e-02, 3.59287048583669203698561494949531569868e+00, 3.14758771839662278928141166798171354578e-01, 4.5639673173247867e-02, 9.2011870665648549e-03
0.99827000, 2.45537150610657613039789164379294096683e+00, -1.41674674161372197847372953240676047365e-01, 2.71061830248854333233998951838741083445e+01, 8.34123112442866262695028027158599581359e-02, 3.59285150090106746759096401962871566549e+00, 3.14756245309997395906328889996836117431e-01, 4.5638079635080684e-02, 9.2058418773019951e-03
0.99828000, 2.45538354464803239670981200576861379285e+00, -1.41671526258501845626472543738065069088e-01, 2.71061614103726164674019193532292462871e+01, 8.34122047606405386856254988264960946007e-02, 3.59283251446423324592982733186384503475e+00, 3.14753718301732978290236581494230584472e-01, 4.5636485355477816e-02, 9.2104967254242833e-03
0.99829000, 2.45539558370821716189108578692710282578e+00, -1.41668377997606028618112889065921892560e-01, 2.71061397951668464734427764896571572678e+01, 8.34120980239775645974475782312980165041e-02, 3.59281352652597604215627011541169885547e+00, 3.14751190814780971542202282194135820305e-01, 4.5634890334337790e-02, 9.2151516108056915e-03
0.99830000, 2.45540762328716840398266369020737431698e+00, -1.41665229378617714039038724249645242800e-01, 2.71061181792680760881246008304017921628e+01, 8.34119910342443592693232102811277466403e-02, 3.59279453708608249247589166343463267866e+00, 3.14748662849053298581744680905488401266e-01, 4.5633294571559138e-02, 9.2198065333201441e-03
0.99831000, 2.45541966338492410126616907858756984496e+00, -1.41662080401469852395443908470330059596e-01, 2.71060965626762580551069518659272770467e+01, 8.34118837913875642076063320493161870364e-02, 3.59277554614433919914391273202286519145e+00, 3.14746134404461859777258377331418860376e-01, 4.5631698067040398e-02, 9.2244614928415180e-03
0.99832000, 2.45543170400152223226123882609476980439e+00, -1.41658931066095377478379082720104864741e-01, 2.71060749453913451151082106167114438763e+01, 8.34117762953538071566306555548089546955e-02, 3.59275655370053273046326643641428797021e+00, 3.14743605480918532937705214733722711567e-01, 4.5630100820680115e-02, 9.2291164892436428e-03
0.99833000, 2.45544374513700077572286219245527863347e+00, -1.41655781372427206359158303251752475786e-01, 2.71060533274132900059069772734997138114e+01, 8.34116685460897020946886023633433723661e-02, 3.59273755975444962078269264789419065761e+00, 3.14741076078335173304301680206671490394e-01, 4.5628502832376838e-02, 9.2337715224003002e-03
0.99834000, 2.45545578679139771063871772023411086938e+00, -1.41652631320398239384764650951586966311e-01, 2.71060317087420454623434702019033130039e+01, 8.34115605435418492300091654989655639875e-02, 3.59271856430587637049483589481384015551e+00, 3.14738546196623613542202370493021982128e-01, 4.5626904102029124e-02, 9.2384265921852245e-03
0.99835000, 2.45546782896475101622650815331181633912e+00, -1.41649480909941360173254816765031939708e-01, 2.71060100893775642163209263122262690694e+01, 8.34114522876568349967346985984707394520e-02, 3.59269956735459944603434677116918389091e+00, 3.14736015835695663732179521274032135289e-01, 4.5625304629535534e-02, 9.2430816984721024e-03
0.99836000, 2.45547987165709867193129337554624189042e+00, -1.41646330140989435609162663304817851168e-01, 2.71059884693197989968070027954061049820e+01, 8.34113437783812320508966322416242401117e-02, 3.59268056890040527987598685618327985350e+00, 3.14733484995463111362298597864242079365e-01, 4.5623704414794635e-02, 9.2477368411345730e-03
0.99837000, 2.45549191486847865742282136846628604548e+00, -1.41643179013475315838901762772189281306e-01, 2.71059668485687025298351802259536158302e+01, 8.34112350156615992663901173902957553379e-02, 3.59266156894308027053273714833838992322e+00, 3.14730953675837721319589945240728179702e-01, 4.5622103457705002e-02, 9.2523920200462277e-03
0.99838000, 2.45550395859892895259285718684416181896e+00, -1.41640027527331834266166911321986735037e-01, 2.71059452271242275385061670327775827204e+01, 8.34111259994444817309475958699143117291e-02, 3.59264256748241078255391001730600800361e+00, 3.14728421876731235881716495335487170323e-01, 4.5620501758165213e-02, 9.2570472350806104e-03
0.99839000, 2.45551600284848753755250995099214168089e+00, -1.41636875682491807547334620002941711364e-01, 2.71059236049863267429893053387807471240e+01, 8.34110167296764107421112978269271805634e-02, 3.59262356451818314652326467722543065156e+00, 3.14725889598055374708637529518556106865e-01, 4.5618899316073854e-02, 9.2617024861112172e-03
0.99840000, 2.45552804761719239262955785462921726529e+00, -1.41633723478888035586862582404998463940e-01, 2.71059019821549528605239781701138381317e+01, 8.34109072063039038032046660962217460992e-02, 3.59260456005018365905712618478381524783e+00, 3.14723356839721834834268494198422176810e-01, 4.5617296131329515e-02, 9.2663577730114968e-03
0.99841000, 2.45554009290508149836577118716256492707e+00, -1.41630570916453301532688119145951049158e-01, 2.71058803586300586054210180359749144033e+01, 8.34107974292734646193027074127456276688e-02, 3.59258555407819858280250796555300928397e+00, 3.14720823601642290658136867465224292862e-01, 4.5615692203830794e-02, 9.2710130956548500e-03
0.99842000, 2.45555213871219283551423336922816663176e+00, -1.41627417995120371771625599330159938345e-01, 2.71058587344115966890641168798417520870e+01, 8.34106873985315830932012704018369524701e-02, 3.59256654660201414643523787204077405182e+00, 3.14718289883728393937034074701195877682e-01, 4.5614087533476294e-02, 9.2756684539146300e-03
0.99843000, 2.45556418503856438503666000033439392689e+00, -1.41624264714821995924762839112588653861e-01, 2.71058371094995198199112374030254796213e+01, 8.34105771140247353213852502830536338609e-02, 3.59254753762141654465808777691636691038e+00, 3.14715755685891773776663451081745324208e-01, 4.5612482120164625e-02, 9.2803238476641423e-03
0.99844000, 2.45557623188423412810071591745182088946e+00, -1.41621111075490906842856477501877575933e-01, 2.71058154838937807034960257614341301358e+01, 8.34104665756993835899957202225678221035e-02, 3.59252852713619193819890670487278837276e+00, 3.14713221008044036623284248889517285625e-01, 4.5610875963794400e-02, 9.2849792767766448e-03
0.99845000, 2.45558827924924004607733026339198997080e+00, -1.41617957077059820601726329536649258167e-01, 2.71057938575943320424292256364352521212e+01, 8.34103557835019763707959892694693611937e-02, 3.59250951514612645380875750659034350281e+00, 3.14710685850096766255351687562724212536e-01, 4.5609269064264241e-02, 9.2896347411253476e-03
0.99846000, 2.45560032713362012053800956381731256952e+00, -1.41614802719461436497648716969717285449e-01, 2.71057722306011265364000936807071891593e+01, 8.34102447373789483171365868116001069560e-02, 3.59249050165100618426005707826851153727e+00, 3.14708150211961523775153044397983412275e-01, 4.5607661421472775e-02, 9.2942902405834130e-03
0.99847000, 2.45561237553741233325214881172374395432e+00, -1.41611648002628437042748776595348908528e-01, 2.71057506029141168821778163399691097724e+01, 8.34101334372767202599191734868193382958e-02, 3.59247148665061718834472013019546325471e+00, 3.14705614093549847600439783826840356432e-01, 4.5606053035318635e-02, 9.2989457750239558e-03
0.99848000, 2.45562442446065466618434055823732983183e+00, -1.41608492926493487960391746355210395606e-01, 2.71057289745332557736129280514803388873e+01, 8.34100218831416992035593784858792256771e-02, 3.59245247014474549087230650782691239826e+00, 3.14703077494773253456055723184104007672e-01, 4.5604443905700460e-02, 9.3036013443200427e-03
0.99849000, 2.45563647390338510149168200856517941023e+00, -1.41605337490989238180573229359103252901e-01, 2.71057073454584959016387308202000129952e+01, 8.34099100749202783219485631833684088549e-02, 3.59243345213317708266817206884833542397e+00, 3.14700540415543234365561232885064575835e-01, 4.5602834032516895e-02, 9.3082569483446931e-03
0.99850000, 2.45564852386564162152108012194087724791e+00, -1.41602181696048319835308435957079183970e-01, 2.71056857156897899542727151734985518377e+01, 8.34097980125588369544145110334611799335e-02, 3.59241443261569792057162311969694299209e+00, 3.14698002855771260642853468927608346074e-01, 4.5601223415666591e-02, 9.3129125869708781e-03
0.99851000, 2.45566057434746220880655471440380349720e+00, -1.41599025541603348254020404000001881850e-01, 2.71056640852270906166179824953129103518e+01, 8.34096856960037406016810436674895682619e-02, 3.59239541159209392743407441502213694398e+00, 3.14695464815368779883782635634188048547e-01, 4.5599612055048205e-02, 9.3175682600715214e-03
0.99852000, 2.45567262534888484606653956325128935724e+00, -1.41595869027586921958927197426104479249e-01, 2.71056424540703505708646687406380456698e+01, 8.34095731252013409218265631306357808196e-02, 3.59237638906215099211721072356553801336e+00, 3.14692926294247216957764276547550659890e-01, 4.5597999950560402e-02, 9.3222239675194988e-03
0.99853000, 2.45568467686994751620118151200199163668e+00, -1.41592712153931622660428083311572720472e-01, 2.71056208222195224962913695312475051888e+01, 8.34094603000979757262415201953229658976e-02, 3.59235736502565496949115196394402220703e+00, 3.14690387292317973999387591393067541375e-01, 4.5596387102101849e-02, 9.3268797091876382e-03
0.99854000, 2.45569672891068820228963757470832729724e+00, -1.41589554920570015252488687523665664858e-01, 2.71055991896745590692665666335365131022e+01, 8.34093472206399689755848086891631393518e-02, 3.59233833948239168043262191382155765760e+00, 3.14687847809492430400019777019454427449e-01, 4.5594773509571223e-02, 9.3315354849487198e-03
0.99855000, 2.45570878147114488758737003845526570241e+00, -1.41586397327434647808025129115367985672e-01, 2.71055775564354129632500558193814043177e+01, 8.34092338867736307757390857756023418091e-02, 3.59231931243214691182312049595798879925e+00, 3.14685307845681942799406390228610981121e-01, 4.5593159172867206e-02, 9.3361912946754758e-03
0.99856000, 2.45572083455135555552343956288223303261e+00, -1.41583239374458051574287133601050691018e-01, 2.71055559225020368487943761109097263797e+01, 8.34091202984452573737650181256846822424e-02, 3.59230028387470641654709964462527094665e+00, 3.14682767400797845077267730404251429574e-01, 4.5591544091888484e-02, 9.3408471382405908e-03
0.99857000, 2.45573288815135818969779627556433994874e+00, -1.41580081061572740968240125253100364760e-01, 2.71055342878743833935462404100758018613e+01, 8.34090064556011311538544539196388686191e-02, 3.59228125380985591349014275588401576854e+00, 3.14680226474751448344891239847939184438e-01, 4.5589928266533753e-02, 9.3455030155167013e-03
0.99858000, 2.45574494227119077387856886208860009066e+00, -1.41576922388711213571946298559960806111e-01, 2.71055126525524052622479675139370156974e+01, 8.34088923581875206332825206172731301674e-02, 3.59226222223738108753714772521556673955e+00, 3.14677685067454040936719919730079336316e-01, 4.5588311696701711e-02, 9.3501589263763960e-03
0.99859000, 2.45575699691089129199935164966026338561e+00, -1.41573763355805950127944668986515236852e-01, 2.71054910165360551167389155165265640916e+01, 8.34087780061506804583586484364470985142e-02, 3.59224318915706758957051357600718342806e+00, 3.14675143178816888401936759562363492581e-01, 4.5586694382291067e-02, 9.3548148706922158e-03
0.99860000, 2.45576905207049772815648968307384441430e+00, -1.41570603962789414534630103178222045415e-01, 2.71054693798252856159569165982188739520e+01, 8.34086633994368514003765194791722368299e-02, 3.59222415456870103646833068239027443408e+00, 3.14672600808751233496045178097101601056e-01, 4.5585076323200531e-02, 9.3594708483366535e-03
0.99861000, 2.45578110775004806660636179188288223969e+00, -1.41567444209594053841631328750902347779e-01, 2.71054477424200494159397132034843742843e+01, 8.34085485379922603515629424451757874883e-02, 3.59220511847206701110257458993398092922e+00, 3.14670057957168296172445473557815170077e-01, 4.5583457519328823e-02, 9.3641268591821543e-03
0.99862000, 2.45579316394958029176266164760192414483e+00, -1.41564284096152298245187923808563466595e-01, 2.71054261043202991698263956079307736067e+01, 8.34084334217631203210256528730469499090e-02, 3.59218608086695106233730343769877607120e+00, 3.14667514623979273574007281104405657621e-01, 4.5581837970574668e-02, 9.3687829031011152e-03
0.99863000, 2.45580522066913238819367680977368165284e+00, -1.41561123622396561083526286332128762658e-01, 2.71054044655259875278588408755284702392e+01, 8.34083180506956304307000388493681015265e-02, 3.59216704175313870502685898515711006841e+00, 3.14664970809095340024638035435150758662e-01, 4.5580217676836796e-02, 9.3734389799658854e-03
0.99864000, 2.45581727790874234061956575973376301295e+00, -1.41557962788259238832234583582431097046e-01, 2.71053828260370671373831532069181952690e+01, 8.34082024247359759112947921265183365141e-02, 3.59214800113041542001407124749049635548e+00, 3.14662426512427647020847436426719870810e-01, 4.5578596638013946e-02, 9.3780950896487661e-03
0.99865000, 2.45582933566844813390963292090484203314e+00, -1.41554801593672711099636681661314558512e-01, 2.71053611858534906428511056796994610952e+01, 8.34080865438303280982364845901214193083e-02, 3.59212895899856665412846674277480120926e+00, 3.14659881733887323223307915712338163542e-01, 4.5576974854004861e-02, 9.3827512320220105e-03
0.99866000, 2.45584139394828775307960166445157872105e+00, -1.41551640038569340622165055375176959243e-01, 2.71053395449752106858215833815988617161e+01, 8.34079704079248444276130700173954334299e-02, 3.59210991535737782018448035456786718589e+00, 3.14657336473385474448411102097166416036e-01, 4.5575352324708291e-02, 9.3874074069578240e-03
0.99867000, 2.45585345274829918328888529912706266194e+00, -1.41548478122881473259732678545773983472e-01, 2.71053179034021799049620279374177443421e+01, 8.34078540169656684321163110679469509057e-02, 3.59209087020663429697967081341596999445e+00, 3.14654790730833183659820283708901122784e-01, 4.5573729050022993e-02, 9.3920636143283637e-03
0.99868000, 2.45586551206852040983785604414100541475e+00, -1.41545315846541437991103894913594767865e-01, 2.71052962611343509360498834306592454858e+01, 8.34077373708989297369831314488384540542e-02, 3.59207182354612142929293980079797884033e+00, 3.14652244506141510960018864780536294851e-01, 4.5572105029847728e-02, 9.3967198540057391e-03
0.99869000, 2.45587757190898941816511198387936344545e+00, -1.41542153209481546909264269779608100663e-01, 2.71052746181716764119740437207351584135e+01, 8.34076204696707440559358931960440098363e-02, 3.59205277537562452788275467902846187314e+00, 3.14649697799221493581854814961164907838e-01, 4.5570480264081266e-02, 9.4013761258620113e-03
0.99870000, 2.45588963226974419384474200330452824076e+00, -1.41538990211634095216789422531668348457e-01, 2.71052529745141089627363011566535727264e+01, 8.34075033132272131871215990146948276936e-02, 3.59203372569492886948537485064335115916e+00, 3.14647150609984145880081109049634065427e-01, 4.5568854752622383e-02, 9.4060324297691938e-03
0.99871000, 2.45590169315082272258358870286467525570e+00, -1.41535826852931361221212840202360655793e-01, 2.71052313301616012154527966880887008831e+01, 8.34073859015144250090500196208033251090e-02, 3.59201467450381969681308175079415556729e+00, 3.14644602938340459322892155044803659771e-01, 4.5567228495369859e-02, 9.4106887655992515e-03
0.99872000, 2.45591375455226299021850929174031824434e+00, -1.41532663133305606330392672205555913772e-01, 2.71052096851141057943554713747347806716e+01, 8.34072682344784534765307460274416813537e-02, 3.59199562180208221855241247617908511092e+00, 3.14642054784201402483456208405093617071e-01, 4.5565601492222483e-02, 9.4153451332241019e-03
0.99873000, 2.45592581647410298271363445825557030606e+00, -1.41529499052689075047877506399437459921e-01, 2.71051880393715753207935192948464169936e+01, 8.34071503120653586166091667186385793213e-02, 3.59197656758950160936239705404182662522e+00, 3.14639506147477921031443770408939718416e-01, 4.5563973743079049e-02, 9.4200015325156139e-03
0.99874000, 2.45593787891638068615762521628106764889e+00, -1.41526334611013994968271126624253453231e-01, 2.71051663929339624132348418538682008351e+01, 8.34070321342211865245013696545459183342e-02, 3.59195751186586300987279935477108818150e+00, 3.14636957028080937724551968506712482450e-01, 4.5562345247838358e-02, 9.4246579633456086e-03
0.99875000, 2.45594994187913408676092772645496662745e+00, -1.41523169808212576772596251863541365768e-01, 2.71051447458012196872675034940569179617e+01, 8.34069137008919693595279690517157276214e-02, 3.59193845463095152668236165163640834661e+00, 3.14634407425921352400024916553587687661e-01, 4.5560716006399217e-02, 9.4293144255858590e-03
0.99876000, 2.45596200536240117085302609104787905607e+00, -1.41520004644217014223657257178064046080e-01, 2.71051230979732997556011888060001347009e+01, 8.34067950120237253410468568826163211535e-02, 3.59191939588455223235705283119810628654e+00, 3.14631857340910041966170052811790798125e-01, 4.5559086018660439e-02, 9.4339709191080899e-03
0.99877000, 2.45597406936621992487969312129706512750e+00, -1.41516839118959484161401876562190340134e-01, 2.71051014494501552280686610429354231488e+01, 8.34066760675624587443848790388059099662e-02, 3.59190033562645016542832025793162978983e+00, 3.14629306772957860393870453609570837457e-01, 4.5557455284520846e-02, 9.4386274437839782e-03
0.99878000, 2.45598613389062833540023907603465748534e+00, -1.41513673232372146498281887872947303077e-01, 2.71050798002317387116272220387749632757e+01, 8.34065568674541598967684361024714283416e-02, 3.59188127385643033039134529660894054720e+00, 3.14626755721975638708093120543192131428e-01, 4.5555823803879262e-02, 9.4432839994851523e-03
0.99879000, 2.45599819893566438908475837043414410255e+00, -1.41510506984387144214612779982465600235e-01, 2.71050581503180028103601735307407346906e+01, 8.34064374116448051732530086713302355481e-02, 3.59186221057427769770330249598195947108e+00, 3.14624204187874184979393239107164810459e-01, 4.5554191576634522e-02, 9.4479405860831928e-03
0.99880000, 2.45601026450136607271137425369879161135e+00, -1.41507340374936603353932402305034778654e-01, 2.71050364997089001254782798875159862724e+01, 8.34063177000803569926516071821826255853e-02, 3.59184314577977720378162243731547947016e+00, 3.14621652170564284315414406636867028799e-01, 4.5552558602685464e-02, 9.4525972034496321e-03
0.99881000, 2.45602233058777137316348145451514460940e+00, -1.41504173403952633018358596850480691757e-01, 2.71050148484043832553212322438191474731e+01, 8.34061977327067638134621461786937138462e-02, 3.59182407947271375100225825131933891226e+00, 3.14619099669956698852384827446643517859e-01, 4.5550924881930934e-02, 9.4572538514559543e-03
0.99882000, 2.45603439719491827742698679309419023588e+00, -1.41501006071367325363945812956073479532e-01, 2.71049931964044047953591140423068208567e+01, 8.34060775094699601297937429692742721198e-02, 3.59180501165287220769795580703203601206e+00, 3.14616546685962167746609473045396346880e-01, 4.5549290414269785e-02, 9.4619105299735955e-03
0.99883000, 2.45604646432284477258754775862223096677e+00, -1.41497838377112755596040704849671145648e-01, 2.71049715437089173381938679837129713459e+01, 8.34059570303158664672919406212214522178e-02, 3.59178594232003740815652757621035256984e+00, 3.14613993218491407165958205310614614833e-01, 4.5547655199600877e-02, 9.4665672388739434e-03
0.99884000, 2.45605853197158884582780905094296212384e+00, -1.41494670321120981964636712197300931282e-01, 2.71049498903178734735607643861319037178e+01, 8.34058362951903893790628552375720740363e-02, 3.59176687147399415261913017678194486307e+00, 3.14611439267455110281349860500720243398e-01, 4.5546019237823073e-02, 9.4712239780283378e-03
0.99885000, 2.45607060014118848442463708529170402441e+00, -1.41491501903324045759727623788878363705e-01, 2.71049282362312257883298709543530961085e+01, 8.34057153040394214415962474634132563751e-02, 3.59174779911452720727854559892025005455e+00, 3.14608884832763947258232291984537081858e-01, 4.5544382528835247e-02, 9.4758807473080700e-03
0.99886000, 2.45608266883168167574635245890219202096e+00, -1.41488333123653971306660124516262056200e-01, 2.71049065814489268665075239601564336653e+01, 8.34055940568088412506875181686876386447e-02, 3.59172872524142130427746611730344822936e+00, 3.14606329914328565248058369565620171066e-01, 4.5542745072536276e-02, 9.4805375465843832e-03
0.99887000, 2.45609473804310640724996037830578089037e+00, -1.41485163982042765961485325798341055033e-01, 2.71048849259709292892378008344768630165e+01, 8.34054725534445134173586282548232790095e-02, 3.59170964985446114170678289312161310795e+00, 3.14603774512059588379757933278111245097e-01, 4.5541106868825047e-02, 9.4851943757284724e-03
0.99888000, 2.45610680777550066647837904614237313195e+00, -1.41481994478422420106309279608350769406e-01, 2.71048632697971856348039941723479649149e+01, 8.34053507938922885637779425328115198621e-02, 3.59169057295343138360387826939857860461e+00, 3.14601218625867617751205699529715376015e-01, 4.5539467917600450e-02, 9.4898512346114843e-03
0.99889000, 2.45611887802890244105766600630183372240e+00, -1.41478824612724907144642476259113281979e-01, 2.71048416129276484786300871515344192534e+01, 8.34052287780980033191789976206496851095e-02, 3.59167149453811665995092176319744370949e+00, 3.14598662255663231420685117466322089306e-01, 4.5537828218761385e-02, 9.4945081231045174e-03
0.99890000, 2.45613094880334971869424244621410675404e+00, -1.41475654384882183496748326102398121028e-01, 2.71048199553622703932822303657638136473e+01, 8.34051065060074803157781938083594159016e-02, 3.59165241460830156667316975828103466852e+00, 3.14596105401356984398348173431722295037e-01, 4.5536187772206756e-02, 9.4991650410786219e-03
0.99891000, 2.45614302009888048717211545510570215036e+00, -1.41472483794826188594990625299100381021e-01, 2.71047982971010039484702200734687239303e+01, 8.34049839775665281846914108390857624461e-02, 3.59163333316377066563726890180104111876e+00, 3.14593548062859408637671141394799992698e-01, 4.5534546577835475e-02, 9.5038219884047996e-03
0.99892000, 2.45615509191553273435009823703967331054e+00, -1.41469312842488844879180005817434406777e-01, 2.71047766381438017110489778629504722148e+01, 8.34048611927209415518495475550768297644e-02, 3.59161425020430848464956320859194170785e+00, 3.14590990240081013026906277215504916087e-01, 4.5532904635546459e-02, 9.5084789649540042e-03
0.99893000, 2.45616716425334444815902827755565908187e+00, -1.41466141527802057791919369816843107729e-01, 2.71047549784906162450200317348764456311e+01, 8.34047381514165010339129853576388249559e-02, 3.59159516572969951745440487664823478453e+00, 3.14588431932932283380529454619839088484e-01, 4.5531261945238635e-02, 9.5131359705971409e-03
0.99894000, 2.45617923711235361659898346272601589660e+00, -1.41462969850697715773948308575825343664e-01, 2.71047333181414001115329986030233364716e+01, 8.34046148535989732341849754304567730718e-02, 3.59157607973972822373246881736589099365e+00, 3.14585873141323682430683740753016657767e-01, 4.5529618506810933e-02, 9.5177930052050668e-03
0.99895000, 2.45619131049259822773649614944351823749e+00, -1.41459797811107690259486506122386721932e-01, 2.71047116570961058688870682141791422392e+01, 8.34044912992141107385239496759669583711e-02, 3.59155699223417902909907090413134704343e+00, 3.14583313865165649818618909178882376204e-01, 4.5527974320162292e-02, 9.5224500686485905e-03
0.99896000, 2.45620338439411626970176518575555781457e+00, -1.41456625408963835671576127726322569009e-01, 2.71046899953546860725324884881172420209e+01, 8.34043674882076521112547553147633078593e-02, 3.59153790321283632510248994284376353510e+00, 3.14580754104368602086126888192599680280e-01, 4.5526329385191658e-02, 9.5271071607984722e-03
0.99897000, 2.45621545881694573068586588005922394453e+00, -1.41453452644197989417423193413045786789e-01, 2.71046683329170932750720522785563436868e+01, 8.34042434205253218910788130983164649070e-02, 3.59151881267548446922229336795867455584e+00, 3.14578193858842932666973142312544512298e-01, 4.5524683701797980e-02, 9.5317642815254240e-03
0.99898000, 2.45622753376112459893795791797109962368e+00, -1.41450279516741971883737936659176776497e-01, 2.71046466697832800262625855560205746470e+01, 8.34041190961128305869831990855812027335e-02, 3.59149972062190778486766666764356273518e+00, 3.14575633128499011878323984816265807583e-01, 4.5523037269880219e-02, 9.5364214307001093e-03
0.99899000, 2.45623960922669086276249122568505967629e+00, -1.41447106026527586432074148430617611071e-01, 2.71046250059531988730164370135144672865e+01, 8.34039945149158746741486499343651009289e-02, 3.59148062705189056137574654163830065273e+00, 3.14573071913247186912169819184297948962e-01, 4.5521390089337339e-02, 9.5410786081931434e-03
0.99900000, 2.45625168521368251051640977863080914178e+00, -1.41443932173486619394167506724338160611e-01, 2.71046033414268023594029690959280687380e+01, 8.34038696768801365898564916586290533081e-02, 3.59146153196521705400995779541580786185e+00, 3.14570510212997781826744307314534463905e-01, 4.5519742160068312e-02, 9.5457358138750930e-03
0.99901000, 2.45626376172213753060635335424535173758e+00, -1.41440757957550840067272891775607925501e-01, 2.71045816762040430266500504540878833486e+01, 8.34037445819512847293944918031881925386e-02, 3.59144243536167148395835397424068235942e+00, 3.14567948027661097537939462368795809244e-01, 4.5518093481972118e-02, 9.5503930476164765e-03
0.99902000, 2.45627583875209391148585722766902979901e+00, -1.41437583378652000709500687092913908383e-01, 2.71045600102848734131455498243698350432e+01, 8.34036192300749734419616349875802065033e-02, 3.59142333724103803833196174072597608630e+00, 3.14565385357147411810716664112147253887e-01, 4.5516444054947740e-02, 9.5550503092877639e-03
0.99903000, 2.45628791630358964165254980917722855430e+00, -1.41434408436721836535152066483311959833e-01, 2.71045383436692460544388313347909157941e+01, 8.34034936211968430265718217711667835458e-02, 3.59140423760310087016312899949069598721e+00, 3.14562822201366979250513594604445631349e-01, 4.5514793878894173e-02, 9.5597075987593767e-03
0.99904000, 2.45629999437666270964534822215828894086e+00, -1.41431233131692065710053267231466663595e-01, 2.71045166763571134832422512384966655570e+01, 8.34033677552625197279564907918330589297e-02, 3.59138513644764409840387677252302529196e+00, 3.14560258560230031294647092102516091399e-01, 4.5513142953710415e-02, 9.5643649159016879e-03
0.99905000, 2.45631207297135110404165182044762440958e+00, -1.41428057463494389346888849596142986118e-01, 2.71044950083484282294326560755621083501e+01, 8.34032416322176157324661641309494433419e-02, 3.59136603377445180792425482885667400287e+00, 3.14557694433646776203711921030281933624e-01, 4.5511491279295471e-02, 9.5690222605850223e-03
0.99906000, 2.45632415208769281345453364382748829659e+00, -1.41424881432060491500533942788421602227e-01, 2.71044733396431428200528822640242486116e+01, 8.34031152520077291639709158575600963959e-02, 3.59134692958330804951070107217018308567e+00, 3.14555129821527399052975455873092155312e-01, 4.5509838855548356e-02, 9.5736796326796558e-03
0.99907000, 2.45633623172572582652992981050128936713e+00, -1.41421705037322039163385477596419024465e-01, 2.71044516702412097793132571210647115910e+01, 8.34029886145784440797597637050625641696e-02, 3.59132782387399683986440468992142356390e+00, 3.14552564723782061723768276851412491848e-01, 4.5508185682368088e-02, 9.5783370320558162e-03
0.99908000, 2.45634831188548813194382684535080405378e+00, -1.41418528279210682260692405821803408362e-01, 2.71044300001425816285931013152615913016e+01, 8.34028617198753304664389838339437301604e-02, 3.59130871664630216159967306763194960919e+00, 3.14549999140320902894870675227966469797e-01, 4.5506531759653694e-02, 9.5829944585836827e-03
0.99909000, 2.45636039256701771839944694278408472219e+00, -1.41415351157658053645884906693907180061e-01, 2.71044083293472108864422327508300494812e+01, 8.34027345678439442358293486344382339715e-02, 3.59128960790000796324230247193828380242e+00, 3.14547433071054038033895066101333331055e-01, 4.5504877087304207e-02, 9.5876519121333859e-03
0.99910000, 2.45637247377035257462443116298131400079e+00, -1.41412173672595769095902580427748436696e-01, 2.71043866578550500685824718847716890909e+01, 8.34026071584298272208622875232768918911e-02, 3.59127049763489815922795250602963301400e+00, 3.14544866515891559388664306537929621033e-01, 4.5503221665218669e-02, 9.5923093925750079e-03
0.99911000, 2.45638455549553068936802056034530580805e+00, -1.41408995823955427306521629092784404101e-01, 2.71043649856660516879091484778532061099e+01, 8.34024794915785071714749706889944085879e-02, 3.59125138585075662990052434109395481495e+00, 3.14542299474743535978585916893220764692e-01, 4.5501565493296126e-02, 9.5969668997785824e-03
0.99912000, 2.45639663774259005139823524296280420076e+00, -1.41405817611668609887681024959732101301e-01, 2.71043433127801682544926097803353037678e+01, 8.34023515672354977505043157405677997699e-02, 3.59123227254736722151054272739671698452e+00, 3.14539731947520013586022203171928081566e-01, 4.5499908571435632e-02, 9.6016244336140944e-03
0.99913000, 2.45640872051156864949905136188218155082e+00, -1.41402639035666881358807666493303757029e-01, 2.71043216391973522755797301533733338949e+01, 8.34022233853462985295799172144594521270e-02, 3.59121315772451374621354178861911652529e+00, 3.14537163934131014747656278275915414671e-01, 4.5498250899536249e-02, 9.6062819939514804e-03
0.99914000, 2.45642080380250447246757602901258783527e+00, -1.41399460095881789144140522159217450861e-01, 2.71042999649175562555954221270116107588e+01, 8.34020949458563949850158988954416295530e-02, 3.59119404138197998206845460308494963256e+00, 3.14534595434486538745853979987357868444e-01, 4.5496592477497045e-02, 9.6109395806606283e-03
0.99915000, 2.45643288761543550911122016244905299588e+00, -1.41396280792244863568053762214356910635e-01, 2.71042782899407326961441488956938236008e+01, 8.34019662487112584937016889068824938133e-02, 3.59117492351954967303600657550775029159e+00, 3.14532026448496561600021683533713067688e-01, 4.5494933305217094e-02, 9.6155971936113775e-03
0.99916000, 2.45644497195039974824486925802749439020e+00, -1.41393101124687617850378878649468389178e-01, 2.71042566142668340960114382522124550793e+01, 8.34018372938563463289917175264773438275e-02, 3.59115580413700652897711260289224259506e+00, 3.14529456976071036057960006579932862935e-01, 4.5493273382595480e-02, 9.6202548326735188e-03
0.99917000, 2.45645705680743517868805208591303131552e+00, -1.41389921093141548101725793454297067371e-01, 2.71042349378958129511653979610205939779e+01, 8.34017080812371016565940376837127908867e-02, 3.59113668323413422565127803822658048222e+00, 3.14526887017119891587213404492270517716e-01, 4.5491612709531290e-02, 9.6249124977167942e-03
0.99918000, 2.45646914218657978926210731102445844201e+00, -1.41386740697538133318802955375580487592e-01, 2.71042132608276217547582325718300118350e+01, 8.34015786107989535304578680956559777428e-02, 3.59111756081071640471500345560427840284e+00, 3.14524316571553034366415653716955120054e-01, 4.5489951285923622e-02, 9.6295701886108973e-03
0.99919000, 2.45648122808787156878734803609717973991e+00, -1.41383559937808835379736425338832112042e-01, 2.71041915830622129971277616744198546075e+01, 8.34014488824873168886600589979657179143e-02, 3.59109843686653667372019322041716740180e+00, 3.14521745639280347276631221115921264074e-01, 4.5488289111671579e-02, 9.6342279052254730e-03
0.99920000, 2.45649331451134850608022426618635412974e+00, -1.41380378813885099039387950705364224785e-01, 2.71041699045995391657989395955807820867e+01, 8.34013188962475925492904804283275780739e-02, 3.59107931140137860611256786826314330486e+00, 3.14519174220211689892692517100697947986e-01, 4.5486626186674269e-02, 9.6388856474301175e-03
0.99921000, 2.45650540145704858995048329341145362352e+00, -1.41377197325698351924672028536516054890e-01, 2.71041482254395527454853765391198695427e+01, 8.34011886520251672063363330198204513307e-02, 3.59106018441502574123008029621490706302e+00, 3.14516602314256898474533030404476132032e-01, 4.5484962510830812e-02, 9.6435434150943784e-03
0.99922000, 2.45651748892500980919832800074288415896e+00, -1.41374015473180004529871958037570191274e-01, 2.71041265455822062180908611698520679859e+01, 8.34010581497654134255653812620280729286e-02, 3.59104105590726158430133577009833188176e+00, 3.14514029921325785958516342331289494119e-01, 4.5483298084040331e-02, 9.6482012080877547e-03
0.99923000, 2.45652957691527015261157308363076865849e+00, -1.41370833256261450211954882354358088105e-01, 2.71041048650274520627108846425045014964e+01, 8.34009273894136896404081091880152126582e-02, 3.59102192587786960644401575143152752237e+00, 3.14511457041328141948761018320157612102e-01, 4.5481632906201958e-02, 9.6528590262796965e-03
0.99924000, 2.45654166542786760896279918827544107011e+00, -1.41367650674874065185885819896073723380e-01, 2.71040831837752427556341660764603622891e+01, 8.34007963709153401478387984455949404610e-02, 3.59100279432663324466330554767810911647e+00, 3.14508883674173732708461374660955089860e-01, 4.5479966977214831e-02, 9.6575168695396055e-03
0.99925000, 2.45655375446284016700650496533864926809e+00, -1.41364467728949208519940685358333272833e-01, 2.71040615018255307703441794772696465482e+01, 8.34006650942156951042555287116204035998e-02, 3.59098366125333590185032578947061598064e+00, 3.14506309819772301151204118197684029628e-01, 4.5478300296978095e-02, 9.6621747377368344e-03
0.99926000, 2.45656584402022581547625703789391370887e+00, -1.41361284418418222131018300621037997253e-01, 2.71040398191782685775206821058544565857e+01, 8.34005335592600705213591004083419757093e-02, 3.59096452665776094678056773846246525722e+00, 3.14503735478033566832280856853740735538e-01, 4.5476632865390905e-02, 9.6668326307406873e-03
0.99927000, 2.45657793410006254308183788241393765052e+00, -1.41358100743212430779951395696117413744e-01, 2.71040181358334086450412442963370775506e+01, 8.34004017659937682620308796811784403453e-02, 3.59094539053969171411233242946926573883e+00, 3.14501160648867225939996478812680612920e-01, 4.5474964682352419e-02, 9.6714905484204196e-03
0.99928000, 2.45659002470238833850639162159241355397e+00, -1.41354916703263142066816599900750231129e-01, 2.71039964517909034379827807234195197370e+01, 8.34002697143620760362095655975590546415e-02, 3.59092625289891150438517365056275895882e+00, 3.14498585332182951286973398186897904905e-01, 4.5473295747761805e-02, 9.6761484906452380e-03
0.99929000, 2.45660211582724119040356772779701899046e+00, -1.41351732298501646426243423432181476749e-01, 2.71039747670507054186230831202437005172e+01, 8.34001374043102673967668795268019026858e-02, 3.59090711373520358401834476478309754795e+00, 3.14496009527890392301451665005549182042e-01, 4.5471626061518237e-02, 9.6808064572843004e-03
0.99930000, 2.45661420747465908739466263594984398268e+00, -1.41348547528859217122722229520775726891e-01, 2.71039530816127670464423544476619230500e+01, 8.34000048357836017353821766613028935610e-02, 3.59088797304835118530924937713761496830e+00, 3.14493433235899175018584937351961372307e-01, 4.5469955623520896e-02, 9.6854644482067157e-03
0.99931000, 2.45662629964468001806575926463094020702e+00, -1.41345362394267110245911197338468376332e-01, 2.71039313954770407781247445158477921962e+01, 8.33998720087273242784159796396190859882e-02, 3.59086883083813750643189585055668604031e+00, 3.14490856456118902071732313479676587852e-01, 4.5468284433668972e-02, 9.6901224632815445e-03
0.99932000, 2.45663839233734197096486444420013088163e+00, -1.41342176894656564705942275840299444460e-01, 2.71039097086434790675598870591781915000e+01, 8.33997389230866660827824342323397304825e-02, 3.59084968710434571143535567447972417659e+00, 3.14488279188459152683746021735197071426e-01, 4.5466612491861661e-02, 9.6947805023777981e-03
0.99933000, 2.45665048555268293459904425073166845925e+00, -1.41338991029958802228726128717237516476e-01, 2.71038880211120343658444382653174286788e+01, 8.33996055788068440318206870519485112060e-02, 3.59083054184675893024222568974680892814e+00, 3.14485701432829482658254966114404249414e-01, 4.5464939797998164e-02, 9.6994385653644394e-03
0.99934000, 2.45666257929074089743155724455577543621e+00, -1.41335804800105027351256070639025058766e-01, 2.71038663328826591212836167594351407971e+01, 8.33994719758330608311651852481909436065e-02, 3.59081139506516025864709417347388633398e+00, 3.14483123189139424370944125278536140134e-01, 4.5463266351977694e-02, 9.7040966521103821e-03
0.99935000, 2.45667467355155384787898561220055167837e+00, -1.41332618205026427416910994966300527982e-01, 2.71038446439553057793927450444900341816e+01, 8.33993381141105050046148981507717407860e-02, 3.59079224675933275831501078759193464497e+00, 3.14480544457298486760829802854517225345e-01, 4.5461592153699467e-02, 9.7087547624844915e-03
0.99936000, 2.45668676833515977430836421052717965273e+00, -1.41329431244654172570757293111777414221e-01, 2.71038229543299267828987923985120181727e+01, 8.33992039935843508900014608215182016748e-02, 3.59077309692905945677996039473293926603e+00, 3.14477965237216155321530726843344349967e-01, 4.5459917203062708e-02, 9.7134128963555837e-03
0.99937000, 2.45669886364159666503430751185080683917e+00, -1.41326243918919415754849765730785620155e-01, 2.71038012640064745717419192298157759933e+01, 8.33990696141997586350562394784572978170e-02, 3.59075394557412334744334074514797322908e+00, 3.14475385528801892092534995959141269830e-01, 4.5458241499966650e-02, 9.7180710535924260e-03
0.99938000, 2.45671095947090250831613444883893238113e+00, -1.41323056227753292703531525922006380679e-01, 2.71037795729849015830770228910793003526e+01, 8.33989349759018741932763187545661432324e-02, 3.59073479269430738957244403834513317101e+00, 3.14472805331965135650462870720403119941e-01, 4.5456565044310533e-02, 9.7227292340637370e-03
0.99939000, 2.45672305582311529235499115797857271635e+00, -1.41319868171086921938732894619758271809e-01, 2.71037578812651602512752849532214058907e+01, 8.33988000786358293197894107542679237259e-02, 3.59071563828939450829894236313753564811e+00, 3.14470224646615301100325407113860326296e-01, 4.5454887835993602e-02, 9.7273874376381864e-03
0.99940000, 2.45673515269827300529097162040292851056e+00, -1.41316679748851404765269288359718743707e-01, 2.71037361888472030079257199400127152109e+01, 8.33986649223467415672176858710581384977e-02, 3.59069648235916759461737701979403466946e+00, 3.14467643472661780066778930650299332795e-01, 4.5453209874915114e-02, 9.7320456641843947e-03
0.99941000, 2.45674725009641363520023619886772269701e+00, -1.41313490960977825266138099600493041215e-01, 2.71037144957309822818367255243551000340e+01, 8.33985295069797142815405253299591682899e-02, 3.59067732490340950538365172798777857824e+00, 3.14465061810013940685375348630584961329e-01, 4.5451531160974328e-02, 9.7367039135709339e-03
0.99942000, 2.45675934801757517009212806966682680434e+00, -1.41310301807397250297814569783970346538e-01, 2.71036928019164504990376341871650439524e+01, 8.33983938324798365979561954188147309127e-02, 3.59065816592190306331352972424018285081e+00, 3.14462479658581127593808298439036267742e-01, 4.5449851694070514e-02, 9.7413621856663268e-03
0.99943000, 2.45677144646179559790628754827624003381e+00, -1.41307112288040729485546655317935493120e-01, 2.71036711074035600827802663397968783495e+01, 8.33982578987921834367424433727497171543e-02, 3.59063900541443105698113475256035501979e+00, 3.14459897018272661923155129680214399100e-01, 4.5448171474102949e-02, 9.7460204803390474e-03
0.99944000, 2.45678354542911290650976430751493272512e+00, -1.41303922402839295218648886664933657775e-01, 2.71036494121922634535404849109423282946e+01, 8.33981217058618154991160148764352181132e-02, 3.59061984338077624081745595198246875842e+00, 3.14457313888997841289114717974087198663e-01, 4.5446490500970916e-02, 9.7506787974575207e-03
0.99945000, 2.45679564491956508369412748701051292807e+00, -1.41300732151723962645795220721915040111e-01, 2.71036277162825130290197513989432906153e+01, 8.33979852536337792630910931491132592315e-02, 3.59060067982072133510885664470604619017e+00, 3.14454730270665939783241108223441144153e-01, 4.5444808774573706e-02, 9.7553371368901228e-03
0.99946000, 2.45680774493319011717257369275712177490e+00, -1.41297541534625729670310886675716684651e-01, 2.71036060196742612241466833904552518890e+01, 8.33978485420531069793366595776508470777e-02, 3.59058151473404902599558702854657070987e+00, 3.14452146163186207964172985166316642479e-01, 4.5443126294810618e-02, 9.7599954985051808e-03
0.99947000, 2.45681984547002599457703288555241022606e+00, -1.41294350551475576945463225519969292225e-01, 2.71035843223674604510786135463992397919e+01, 8.33977115710648166670327758632084125497e-02, 3.59056234812054196547030077740631701978e+00, 3.14449561566467872848858969025147739991e-01, 4.5441443061580957e-02, 9.7646538821709728e-03
0.99948000, 2.45683194653011070345527215709989654033e+00, -1.41291159202204467869751523419548103609e-01, 2.71035626243620631192031500561406870835e+01, 8.33975743406139121097257876474235989767e-02, 3.59054317997998277137657555347775069764e+00, 3.14446976480420137903778734063191941701e-01, 4.5439759074784038e-02, 9.7693122877557278e-03
0.99949000, 2.45684404811348223126799739256245049890e+00, -1.41287967486743348582195839109218720350e-01, 2.71035409256580216351397385608340734986e+01, 8.33974368506453828511824495843275959135e-02, 3.59052401031215402740743743489431642283e+00, 3.14444390904952183036159947857740065841e-01, 4.5438074334319182e-02, 9.7739707151276261e-03
0.99950000, 2.45685615022017856538595281835209699209e+00, -1.41284775405023147957624825513661055757e-01, 2.71035192262552884027412255468726969624e+01, 8.33972991011042041912429718245278595715e-02, 3.59050483911683828310388926254590199159e+00, 3.14441804839973164585191029098499891571e-01, 4.5436388840085716e-02, 9.7786291641547987e-03
0.99951000, 2.45686825285023769308701843394077805787e+00, -1.41281582956974777601962545776587483485e-01, 2.71034975261538158230954232103834118352e+01, 8.33971610919353371816729878785080891448e-02, 3.59048566639381805385344290977873445366e+00, 3.14439218285392215313229721718450787778e-01, 4.5434702591982977e-02, 9.7832876347053277e-03
0.99952000, 2.45688035600369760155330532647615884247e+00, -1.41278390142529131847514283887204672451e-01, 2.71034758253535562945266757937066583384e+01, 8.33970228230837286220144438262137450955e-02, 3.59046649214287582088865547870193509982e+00, 3.14436631241118444397007483163369539729e-01, 4.5433015589910308e-02, 9.7879461266472460e-03
0.99953000, 2.45689245968059627786824886698600923587e+00, -1.41275196961617087748251350092802565338e-01, 2.71034541238544622125974273948025939014e+01, 8.33968842944943110554354088404092010821e-02, 3.59044731636379403128566942682543162352e+00, 3.14434043707060937418829684605130217938e-01, 4.5431327833767061e-02, 9.7926046398485377e-03
0.99954000, 2.45690456388097170901369978695413911919e+00, -1.41272003414169505075094881286788474200e-01, 2.71034324216564859701097912505246239169e+01, 8.33967455061120027645788069916108159847e-02, 3.59042813905635509796275662775639856986e+00, 3.14431455683128756357771620902783160037e-01, 4.5429639323452593e-02, 9.7972631741771376e-03
0.99955000, 2.45691666860486188186701313405031124658e+00, -1.41268809500117226311198636562019330928e-01, 2.71034107187595799571071204947021162766e+01, 8.33966064578817077674100703027187967206e-02, 3.59040896022034139967886636968387117186e+00, 3.14428867169230939580870328114319961781e-01, 4.5427950058866270e-02, 9.8019217295009315e-03
0.99956000, 2.45692877385230478319813510579600177185e+00, -1.41265615219391076647230788119820743117e-01, 2.71033890151636965608755803919745711068e+01, 8.33964671497483158130637130217896965873e-02, 3.59038977985553528103217729538365285721e+00, 3.14426278165276501834312206360932797623e-01, 4.5426260039907468e-02, 9.8065803056877563e-03
0.99957000, 2.45694087962333839966668775994732431982e+00, -1.41262420571921863976654707725617667547e-01, 2.71033673108687881659457220483200043070e+01, 8.33963275816567023776888270817107580409e-02, 3.59037059796171905245865328747811308900e+00, 3.14423688671174434234616445844477414616e-01, 4.5424569266475566e-02, 9.8112389026053994e-03
0.99958000, 2.45695298591800071781905160037587929439e+00, -1.41259225557640378891008748902638224421e-01, 2.71033456058748071540940575992207908406e+01, 8.33961877535517286602934987158570634503e-02, 3.59035141453867499023060330268794978085e+00, 3.14421098686833704259814253817749765878e-01, 4.5422877738469953e-02, 9.8158975201215993e-03
0.99959000, 2.45696509273632972408544603722773580969e+00, -1.41256030176477394675185025055689436198e-01, 2.71033239001817059043446368764107012085e+01, 8.33960476653782415785881461991326027836e-02, 3.59033222958618533645524515881546930107e+00, 3.14418508212163255740623880306086471419e-01, 4.5421185455790027e-02, 9.8205561581040455e-03
0.99960000, 2.45697720007836340477700772014019922811e+00, -1.41252834428363667302707183717541485658e-01, 2.71033021937894367929706255541473521803e+01, 8.33959073170810737648277786841169037168e-02, 3.59031304310403229907327327820141705199e+00, 3.14415917247072008851621440377699115021e-01, 4.5419492418335191e-02, 9.8252148164203781e-03
0.99961000, 2.45698930794413974608286674329546278865e+00, -1.41249638313229935431007177110995449149e-01, 2.71032804866979521934958847759547806403e+01, 8.33957667086050435616531761023597976328e-02, 3.59029385509199805185743039139987277877e+00, 3.14413325791468860102407530759051805977e-01, 4.5417798626004857e-02, 9.8298734949381882e-03
0.99962000, 2.45700141633369673406722072108968721279e+00, -1.41246441831006920396701029220248373254e-01, 2.71032587789072044766965522627813373421e+01, 8.33956258398949550179309901011882147316e-02, 3.59027466554986473441108320481820712856e+00, 3.14410733845262682328769638590490454031e-01, 4.5416104078698444e-02, 9.8345321935250177e-03
0.99963000, 2.45701352524707235466640673319549748107e+00, -1.41243244981625326210863599565709026756e-01, 2.71032370704171460106026249035185854506e+01, 8.33954847108955978845927659867106133258e-02, 3.59025547447741445216680203607157954408e+00, 3.14408141408362324683840340116230824836e-01, 4.5414408776315380e-02, 9.8391909120483593e-03
0.99964000, 2.45702563468430459368597113779533118379e+00, -1.41240047765015839554302343876957675165e-01, 2.71032153612277291604995428288273769822e+01, 8.33953433215517476104728856440267526874e-02, 3.59023628187442927638494442080394233704e+00, 3.14405548480676612629251287101710661686e-01, 4.5412712718755099e-02, 9.8438496503756564e-03
0.99965000, 2.45703774464543143679773725176251796306e+00, -1.41236850181109129772830071859083792670e-01, 2.71031936513389062889297749692177686366e+01, 8.33952016718081653381454314059730158603e-02, 3.59021708774069124415224269473000174574e+00, 3.14402955062114347926282978770208977365e-01, 4.5411015905917044e-02, 9.8485084083743036e-03
0.99966000, 2.45704985513049086953687089656641458077e+00, -1.41233652229835848872536702248176746524e-01, 2.71031719407506297556944060983299270421e+01, 8.33950597616095978997599708420563789981e-02, 3.59019789207598235838039555465507393820e+00, 3.14400361152584308627010317049533037633e-01, 4.5409318337700665e-02, 9.8531671859116457e-03
0.99967000, 2.45706196613952087729894380867736506906e+00, -1.41230453911126631515060015352286162093e-01, 2.71031502294628519178547253623636621169e+01, 8.33949175909007778128762624395534073556e-02, 3.59017869488008458780466360223226227688e+00, 3.14397766751995249065443942918470575289e-01, 4.5407620014005420e-02, 9.8578259828549787e-03
0.99968000, 2.45707407767255944533699491324670024595e+00, -1.41227255224912095012855403274710903343e-01, 2.71031285174755251297338162966047160749e+01, 8.33947751596264232762978821490743353813e-02, 3.59015949615277986698246887421887171406e+00, 3.14395171860255899848667351641601390955e-01, 4.5405920934730775e-02, 9.8624847990715492e-03
0.99969000, 2.45708618972964455875858945983643560921e+00, -1.41224056171122839324464618017018383992e-01, 2.71031068047886017429181483299964245781e+01, 8.33946324677312381659047707672163597639e-02, 3.59014029589385009629199836299646693817e+00, 3.14392576477274967847969784679958713803e-01, 4.5404221099776203e-02, 9.8671436344285545e-03
0.99970000, 2.45709830231081420252287601897277125717e+00, -1.41220856749689447049783517659739259214e-01, 2.71030850914020341062591697787058556645e+01, 8.33944895151599120304847021292547401050e-02, 3.59012109410307714193081153112147284098e+00, 3.14389980602961136189974896063926512419e-01, 4.5402520509041186e-02, 9.8718024887931428e-03
0.99971000, 2.45711041541610636143764133829694202538e+00, -1.41217656960542483425328810819226437076e-01, 2.71030633773157745658749023296340213479e+01, 8.33943463018571200875636720851451624573e-02, 3.59010189078024283591445182367570902341e+00, 3.14387384237223064247765191013654363019e-01, 4.5400819162425212e-02, 9.8764613620324128e-03
0.99972000, 2.45712252904555902015636305708641047352e+00, -1.41214456803612496319503799579711793313e-01, 2.71030416625297754651515370148202462079e+01, 8.33942028277675232192352082324360766063e-02, 3.59008268592512897607506218218874440432e+00, 3.14384787379969387632002234591166499271e-01, 4.5399117059827779e-02, 9.8811202540134141e-03
0.99973000, 2.45713464319921016317526027791883970774e+00, -1.41211256278830016227863121100138972858e-01, 2.71030199470439891447450316776912668553e+01, 8.33940590928357679679886003800153690279e-02, 3.59006347953751732606000456390645354203e+00, 3.14382190031108718182042628167236285235e-01, 4.5397414201148391e-02, 9.8857791646031469e-03
0.99974000, 2.45714675787709777483034199425072728027e+00, -1.41208055386125556268376488095896217344e-01, 2.71029982308583679425827099321061258709e+01, 8.33939150970064865325360517169417802428e-02, 3.59004427161718961533048347018265302204e+00, 3.14379592190549643957049751484991570317e-01, 4.5395710586286561e-02, 9.8904380936685620e-03
0.99975000, 2.45715887307925983929445337268202557003e+00, -1.41204854125429612176691428396119269847e-01, 2.71029765139728641938648616151484136817e+01, 8.33937708402242967636387506609379181488e-02, 3.59002506216392753916017348777319420766e+00, 3.14376993858200729227101268101110202901e-01, 4.5394006215141809e-02, 9.8950970410765611e-03
0.99976000, 2.45717098880573434057431988867751811645e+00, -1.41201652496672662301395023777781076900e-01, 2.71029547963874302310663447346179018461e+01, 8.33936263224338021599318633614485581809e-02, 3.59000585117751275863385084681438779194e+00, 3.14374395033970514464292391984358397389e-01, 4.5392301087613664e-02, 9.8997560066939963e-03
0.99977000, 2.45718310505655926250758931451516535284e+00, -1.41198450499785167599274648278332233759e-01, 2.71029330781020183839381889121741013786e+01, 8.33934815435795918637484468324951571465e-02, 3.58998663865772690064602899927013593038e+00, 3.14371795717767516333834913050117667910e-01, 4.5390595203601661e-02, 9.9044149903876706e-03
0.99978000, 2.45719522183177258875987155823107706678e+00, -1.41195248134697571630577706189203902354e-01, 2.71029113591165809795092003230847700487e+01, 8.33933365036062406569422826908851406532e-02, 3.58996742460435155789959822163464927426e+00, 3.14369195909500227685151979408438661000e-01, 4.5388888563005345e-02, 9.9090739920243373e-03
0.99979000, 2.45720733913141230282177635233021270207e+00, -1.41192045401340300554270369933033272793e-01, 2.71028896394310703420875681335328830431e+01, 8.33931912024583089567096314756625545139e-02, 3.58994820901716828890446924568012896383e+00, 3.14366595609077117542968634102052439192e-01, 4.5387181165724268e-02, 9.9137330114707007e-03
0.99980000, 2.45721945695551638800594879103135431139e+00, -1.41188842299643763123295318028020539085e-01, 2.71028679190454387932624724364360719770e+01, 8.33930456400803428114099075250150987189e-02, 3.58992899189595861797622092104129757976e+00, 3.14363994816406631098398104109661587721e-01, 4.5385473011657990e-02, 9.9183920485934155e-03
0.99981000, 2.45723157530412282744410271481434056979e+00, -1.41185638829538350679828473343375818368e-01, 2.71028461979596386519056936867330279897e+01, 8.33928998164168738963852743871813888268e-02, 3.58990977324050403523475191343116818974e+00, 3.14361393531397189700023839388724937592e-01, 4.5383764100706078e-02, 9.9230511032590869e-03
0.99982000, 2.45724369417726960408405194103699376800e+00, -1.41182434990954437150534741850364460717e-01, 2.71028244761736222341732236370918555518e+01, 8.33927537314124195097791607422315142988e-02, 3.58989055305058599660293644228494696516e+00, 3.14358791753957190844977299730840720090e-01, 4.5382054432768108e-02, 9.9277101753342708e-03
0.99983000, 2.45725581357499470068673933938861512023e+00, -1.41179230783822379041822752074009774058e-01, 2.71028027536873418535068777749958546526e+01, 8.33926073850114825683536968119235866939e-02, 3.58987133132598592380528406163147238118e+00, 3.14356189483995008170011487201723590535e-01, 4.5380344007743665e-02, 9.9323692646854738e-03
0.99984000, 2.45726793349733609982326375094636704523e+00, -1.41176026208072515435098595451063326149e-01, 2.71027810305007498206359092621627002243e+01, 8.33924607771585516033060712351689931111e-02, 3.58985210806648520436660348799410275060e+00, 3.14353586721418991442570221936661182772e-01, 4.5378632825532339e-02, 9.9370283711791529e-03
0.99985000, 2.45728005394433178387190474960030431050e+00, -1.41172821263635167982018567800404683552e-01, 2.71027593066137984435786243772534789917e+01, 8.33923139077981007560838083869694921248e-02, 3.58983288327186519161067047912547378042e+00, 3.14350983466137466551853159061225680629e-01, 4.5376920886033732e-02, 9.9416874946817155e-03
0.99986000, 2.45729217491601973501514524461225906964e+00, -1.41169615950440640899740912112584706274e-01, 2.71027375820264400276439994628285354201e+01, 8.33921667768745897741989661190201110581e-02, 3.58981365694190720465889976738305897717e+00, 3.14348379718058735499876544505905318401e-01, 4.5375208189147450e-02, 9.9463466350595199e-03
0.99987000, 2.45730429641243793523669192307322787056e+00, -1.41166410268419220966176562865779336851e-01, 2.71027158567386268754332993775075700587e+01, 8.33920193843324640070412539005030251024e-02, 3.58979442907639252842902105155497806540e+00, 3.14345775477091076392529707482209749489e-01, 4.5373494734773110e-02, 9.9510057921788746e-03
0.99988000, 2.45731641843362436631849353102335166882e+00, -1.41163204217501177515238892075974204408e-01, 2.71026941307503112868416974542919253520e+01, 8.33918717301161544016900713379292208538e-02, 3.58977519967510241363375905094801212175e+00, 3.14343170743142743430627287386691850629e-01, 4.5371780522810335e-02, 9.9556649659060388e-03
0.99989000, 2.45732854097961700983775699199802274587e+00, -1.41159997797616762432092457289754308133e-01, 2.71026724040614455590598969660074859117e+01, 8.33917238141700774987254670532167696420e-02, 3.58975596873781807677951762555229886567e+00, 3.14340565516121966900957192898216758806e-01, 4.5370065553158758e-02, 9.9603241561072221e-03
0.99990000, 2.45734066405045384716396136176309520578e+00, -1.41156791008696210148400751728627551015e-01, 2.71026506766719819865757540988271123067e+01, 8.33915756364386354280380178995269598932e-02, 3.58973673626432070016506796609969748675e+00, 3.14337959795936953167324291032696769069e-01, 4.5368349825718018e-02, 9.9649833626485845e-03
0.99991000, 2.45735278764617285945586961800161840777e+00, -1.41153583850669737637572956794365964082e-01, 2.71026289485818728611759024348320196446e+01, 8.33914271968662159046376284947123630476e-02, 3.58971750225439143188024085783532952841e+00, 3.14335353582495884661589823918398154057e-01, 4.5366633340387764e-02, 9.9696425853962367e-03
0.99992000, 2.45736491176681202765853828371395528457e+00, -1.41150376323467544410009697145404094108e-01, 2.71026072197910704719473789445720045711e+01, 8.33912784953971922244612510525641345680e-02, 3.58969826670781138580462302182432068752e+00, 3.14332746875706919874706551053813000247e-01, 4.5364916097067653e-02, 9.9743018242162397e-03
0.99993000, 2.45737703641240933250032488309258999874e+00, -1.41147168427019812508347798554890224277e-01, 2.71025854902995271052792514905849168247e+01, 8.33911295319759232601795254923794806649e-02, 3.58967902962436164160625753761828793102e+00, 3.14330139675478193347749614808975791814e-01, 4.5363198095657347e-02, 9.9789610789746050e-03
0.99994000, 2.45738916158300275448989322863237180180e+00, -1.41143960161256706502704048761542858030e-01, 2.71025637601071950448642478428362641289e+01, 8.33909803065467534570023398077042528666e-02, 3.58965979100382324474034835110863707178e+00, 3.14327531981717815662943126929990710575e-01, 4.5361479336056521e-02, 9.9836203495372944e-03
0.99995000, 2.45740128727863027391321653823638428254e+00, -1.41140751526108373485917961525022221656e-01, 2.71025420292140265717003862070403320030e+01, 8.33908308190540128284833106754400668118e-02, 3.58964055084597720644796887139625788927e+00, 3.14324923794333873434682473805421459989e-01, 4.5359759818164854e-02, 9.9882796357702204e-03
0.99996000, 2.45741341349932987083057838107707142411e+00, -1.41137542521504943068793544098084431566e-01, 2.71025202976199739640926072668246930146e+01, 8.33906810694420169523231842868401789693e-02, 3.58962130915060450375477466050972702396e+00, 3.14322315113234429300552338252080862471e-01, 4.5358039541882036e-02, 9.9929389375392455e-03
0.99997000, 2.45742554024513952507357145097169403175e+00, -1.41134333147376527375340068328344428013e-01, 2.71024985653249894976544077407004730811e+01, 8.33905310576550669661721573822535957385e-02, 3.58960206591748607946972021980665321935e+00, 3.14319705938327521912340435576642522685e-01, 4.5356318507107764e-02, 9.9975982547101830e-03
0.99998000, 2.45743766751609721624209416603063214714e+00, -1.41131123403653221038011845603032798750e-01, 2.71024768323290254453094754548012356649e+01, 8.33903807836374495634311184718125338856e-02, 3.58958282114640284218377987689532503194e+00, 3.14317096269521165927046961668381494859e-01, 4.5354596713741743e-02, 1.0002257587148796e-02
0.99999000, 2.45744979531224092370134509333649102952e+00, -1.41127913290265101192947005850691204065e-01, 2.71024550986320340772933259323538380797e+01, 8.33902302473334369890518092245943998612e-02, 3.58956357483713566626867277691634787628e+00, 3.14314486106723351997889750877235139759e-01, 4.5352874161683686e-02, 1.0006916934720800e-02
0.99999100, 2.45745100812074198754174394385353234820e+00, -1.41127592258592031913093479564605239337e-01, 2.71024529252237766004536931122411841113e+01, 8.33902151792751380473960352081236794111e-02, 3.58956165012160039469482094596812738552e+00, 3.14314225063270497341777390862930486451e-01, 4.5352701864745958e-02, 1.0007382870305165e-02
0.99999200, 2.45745222093449532931551941942984557142e+00, -1.41127271223221545158963529517501159105e-01, 2.71024507518085083254011248545309434674e+01, 8.33902001085933619937158712644748469648e-02, 3.58955972539068087298575187761129023825e+00, 3.14313964014876715745879412499119488535e-01, 4.5352529560220206e-02, 1.0007848806039386e-02
0.99999300, 2.45745343375350098700164325980406761179e+00, -1.41126950184153570978814549799591501902e-01, 2.71024485783862292044014245694517714637e+01, 8.33901850352880530764076633576842615630e-02, 3.58955780064437688195937289981544588856e+00, 3.14313702961541915161224230851309051865e-01, 4.5352357248106330e-02, 1.0008314741923330e-02
0.99999400, 2.45745464657775899857906307277291304641e+00, -1.41126629141388039419153255080278847338e-01, 2.71024464049569391897201272105610040489e+01, 8.33901699593591555424219882103188085554e-02, 3.58955587588268820243016913590874256756e+00, 3.14313441903266003536437902443229546425e-01, 4.5352184928404231e-02, 1.0008780677956860e-02
0.99999500, 2.45745585940726940202670230407554773267e+00, -1.41126308094924880524735632968568030546e-01, 2.71024442315206382336224992911523103656e+01, 8.33901548808066136372636112753935844388e-02, 3.58955395110561461520920349194084025088e+00, 3.14313180840048888817744035190321433206e-01, 4.5352012601113807e-02, 1.0009246614139844e-02
0.99999600, 2.45745707224203223532346020727578335231e+00, -1.41125987044764024338566896372483123418e-01, 2.71024420580773262883735389006648652241e+01, 8.33901397996303716049914447072096948285e-02, 3.58955202631315590110411664405000067433e+00, 3.14312919771890478948963698328924257591e-01, 4.5351840266234959e-02, 1.0009712550472147e-02
0.99999700, 2.45745828508204753644821181364209275927e+00, -1.41125665990905400901901435857489204243e-01, 2.71024398846270033062379757210940415889e+01, 8.33901247158303736882185053311121639453e-02, 3.58955010150531184091912702583429478285e+00, 3.14312658698790681871515332341167784235e-01, 4.5351667923767586e-02, 1.0010178486953634e-02
0.99999800, 2.45745949792731534337980790202544600698e+00, -1.41125344933348940254242772003918937374e-01, 2.71024377111696692394802710434036231714e+01, 8.33901096294065641281118726121679540050e-02, 3.58954817668208221545503081572692799762e+00, 3.14312397620749405524414658875565048413e-01, 4.5351495573711588e-02, 1.0010644423584171e-02
0.99999900, 2.45746071077783569409707496873496693056e+00, -1.41125023872094572433343507763403984533e-01, 2.71024355377053240403646177839395372271e+01, 8.33900945403588871643926466227640928998e-02, 3.58954625184346680550920192437568368634e+00, 3.14312136537766557844274590663307098819e-01, 4.5351323216066865e-02, 1.0011110360363623e-02
