M omega,Re(tilde_Psi_4),Im(tilde_Psi_4)
-4.0,5.550914621783912e-21,-3.961566475984949e-21
-3.999,5.619432695949416e-21,-4.009322096814026e-21
-3.998,5.688796100556421e-21,-4.057652484733386e-21
-3.997,5.759015259208616e-21,-4.1065645456027664e-21
-3.996,5.830100723969636e-21,-4.156065268103665e-21
-3.995,5.902063176945271e-21,-4.206161724730654e-21
-3.994,5.974913431885145e-21,-4.256861072794516e-21
-3.993,6.048662435804119e-21,-4.308170555437377e-21
-3.992,6.123321270623644e-21,-4.360097502659946e-21
-3.991,6.1989011548333235e-21,-4.412649332361039e-21
-3.99,6.275413445172924e-21,-4.465833551389504e-21
-3.989,6.35286963833509e-21,-4.519657756608713e-21
-3.988,6.4312813726890165e-21,-4.574129635973767e-21
-3.987,6.510660430025338e-21,-4.62925696962156e-21
-3.986,6.5910187373224936e-21,-4.685047630973861e-21
-3.985,6.672368368534833e-21,-4.7415095878535705e-21
-3.984,6.754721546402733e-21,-4.798650903614298e-21
-3.983,6.838090644284987e-21,-4.856479738283433e-21
-3.982,6.922488188013758e-21,-4.915004349718855e-21
-3.981,7.007926857772352e-21,-4.974233094779469e-21
-3.98,7.0944194899961e-21,-5.034174430509696e-21
-3.979,7.181979079296661e-21,-5.094836915338119e-21
-3.978,7.270618780409966e-21,-5.156229210290435e-21
-3.977,7.360351910168178e-21,-5.218360080216879e-21
-3.976,7.451191949495893e-21,-5.2812383950343125e-21
-3.975,7.543152545430927e-21,-5.34487313098313e-21
-3.974,7.636247513169959e-21,-5.4092733718991725e-21
-3.973,7.730490838139359e-21,-5.47444831050082e-21
-3.972,7.825896678091502e-21,-5.540407249691452e-21
-3.971,7.922479365226872e-21,-5.607159603877447e-21
-3.97,8.020253408342297e-21,-5.674714900301917e-21
-3.969,8.119233495005608e-21,-5.74308278039436e-21
-3.968,8.219434493757065e-21,-5.812273001136418e-21
-3.967,8.32087145633788e-21,-5.8822954364439375e-21
-3.966,8.423559619946159e-21,-5.953160078565517e-21
-3.965,8.527514409520606e-21,-6.024877039497754e-21
-3.964,8.632751440052341e-21,-6.097456552417371e-21
-3.963,8.739286518925152e-21,-6.1709089731304385e-21
-3.962,8.847135648284552e-21,-6.245244781538882e-21
-3.961,8.956315027436003e-21,-6.3204745831244994e-21
-3.96,9.066841055272626e-21,-6.396609110450676e-21
-3.959,9.178730332732812e-21,-6.47365922468202e-21
-3.958,9.291999665288056e-21,-6.551635917122132e-21
-3.957,9.406666065461416e-21,-6.6305503107697155e-21
-3.956,9.522746755376958e-21,-6.710413661893261e-21
-3.955,9.64025916934057e-21,-6.791237361624504e-21
-3.954,9.75922095645255e-21,-6.873032937570913e-21
-3.953,9.879649983252315e-21,-6.955812055447384e-21
-3.952,1.0001564336395676e-20,-7.039586520727428e-21
-3.951,1.0124982325365048e-20,-7.124368280314042e-21
-3.95,1.0249922485213006e-20,-7.210169424230512e-21
-3.949,1.0376403579339606e-20,-7.297002187331377e-21
-3.948,1.0504444602303875e-20,-7.384878951033823e-21
-3.947,1.06340647826699e-20,-7.473812245069702e-21
-3.946,1.0765283585887926e-20,-7.563814749258461e-21
-3.945,1.0898120717210918e-20,-7.65489929530122e-21
-3.944,1.1032596124647e-20,-7.747078868596233e-21
-3.943,1.1168730001948226e-20,-7.840366610076012e-21
-3.942,1.1306542791636114e-20,-7.934775818066357e-21
-3.941,1.1446055188064425e-20,-8.030319950167556e-21
-3.94,1.1587288140519607e-20,-8.127012625158007e-21
-3.939,1.1730262856359396e-20,-8.224867624920567e-21
-3.938,1.1875000804190036e-20,-8.323898896391832e-21
-3.937,1.2021523717082576e-20,-8.424120553534706e-21
-3.936,1.2169853595828757e-20,-8.525546879334446e-21
-3.935,1.232001271223694e-20,-8.628192327818539e-21
-3.934,1.2472023612468599e-20,-8.732071526100643e-21
-3.933,1.262590912041585e-20,-8.837199276448904e-21
-3.932,1.2781692341120546e-20,-8.943590558378933e-21
-3.931,1.2939396664235423e-20,-9.051260530771731e-21
-3.93,1.3099045767527849e-20,-9.160224534016863e-21
-3.929,1.3260663620426651e-20,-9.270498092181187e-21
-3.928,1.3424274487612604e-20,-9.382096915203426e-21
-3.927,1.3589902932653068e-20,-9.495036901114911e-21
-3.926,1.375757382168136e-20,-9.609334138286784e-21
-3.925,1.3927312327121383e-20,-9.725004907703996e-21
-3.924,1.4099143931458063e-20,-9.84206568526641e-21
-3.923,1.42730944310542e-20,-9.960533144117314e-21
-3.922,1.4449189940014242e-20,-1.0080424156999719e-20
-3.921,1.462745689409561e-20,-1.02017557986407e-20
-3.92,1.480792205466814e-20,-1.0324545348164194e-20
-3.919,1.4990612512722218e-20,-1.0448810291532511e-20
-3.918,1.5175555692926234e-20,-1.0574568324016982e-20
-3.917,1.536277935773395e-20,-1.070183735269802e-20
-3.916,1.5552311611542382e-20,-1.0830635498994979e-20
-3.915,1.574418090490084e-20,-1.0960981101226174e-20
-3.914,1.5938416038771748e-20,-1.1092892717199382e-20
-3.913,1.613504616884385e-20,-1.1226389126833228e-20
-3.912,1.6334100809898516e-20,-1.1361489334809802e-20
-3.911,1.6535609840229723e-20,-1.149821257325887e-20
-3.91,1.6739603506118406e-20,-1.1636578304474077e-20
-3.909,1.6946112426361874e-20,-1.1776606223661512e-20
-3.908,1.7155167596858913e-20,-1.1918316261721e-20
-3.907,1.7366800395251295e-20,-1.2061728588060557e-20
-3.906,1.7581042585622386e-20,-1.2206863613444346e-20
-3.905,1.779792632325355e-20,-1.2353741992874578e-20
-3.904,1.801748415943903e-20,-1.2502384628507727e-20
-3.903,1.82397490463601e-20,-1.2652812672605503e-20
-3.902,1.8464754342019122e-20,-1.280504753052095e-20
-3.901,1.869253381523432e-20,-1.295911086372013e-20
-3.9,1.892312165069598e-20,-1.3115024592839794e-20
-3.899,1.9156552454084834e-20,-1.3272810900781466e-20
-3.898,1.9392861257253408e-20,-1.3432492235842377e-20
-3.897,1.9632083523471085e-20,-1.3594091314883694e-20
-3.896,1.98742551527337e-20,-1.3757631126536477e-20
-3.895,2.0119412487138402e-20,-1.3923134934445802e-20
-3.894,2.0367592316324672e-20,-1.4090626280553554e-20
-3.893,2.0618831882982214e-20,-1.4260128988420255e-20
-3.892,2.0873168888426605e-20,-1.4431667166586502e-20
-3.891,2.1130641498243534e-20,-1.46052652119744e-20
-3.89,2.1391288348002428e-20,-1.478094781332951e-20
-3.889,2.165514854904038e-20,-1.4958739954703752e-20
-3.888,2.1922261694317175e-20,-1.513866691897983e-20
-3.887,2.2192667864342354e-20,-1.5320754291437553e-20
-3.886,2.2466407633175153e-20,-1.5505027963362672e-20
-3.885,2.2743522074498243e-20,-1.5691514135698643e-20
-3.884,2.302405276776615e-20,-1.5880239322741878e-20
-3.883,2.3308041804429297e-20,-1.6071230355880987e-20
-3.882,2.3595531794234596e-20,-1.6264514387380534e-20
-3.881,2.3886565871603503e-20,-1.646011889420982e-20
-3.88,2.4181187702088527e-20,-1.6658071681917252e-20
-3.879,2.4479441488909133e-20,-1.6858400888550833e-20
-3.878,2.4781371979568008e-20,-1.70611349886253e-20
-3.877,2.508702447254871e-20,-1.72663027971365e-20
-3.876,2.5396444824095664e-20,-1.7473933473623523e-20
-3.875,2.5709679455077535e-20,-1.7684056526279192e-20
-3.874,2.6026775357935006e-20,-1.7896701816109477e-20
-3.873,2.6347780103713983e-20,-1.8111899561142393e-20
-3.872,2.6672741849185307e-20,-1.8329680340687007e-20
-3.871,2.700170934405197e-20,-1.85500750996431e-20
-3.87,2.733473193824502e-20,-1.877311515286213e-20
-3.869,2.767185958930912e-20,-1.8998832189560097e-20
-3.868,2.801314286987895e-20,-1.9227258277782875e-20
-3.867,2.8358632975247545e-20,-1.945842586892473e-20
-3.866,2.870838173102769e-20,-1.9692367802300553e-20
-3.865,2.9062441600907513e-20,-1.9929117309772507e-20
-3.864,2.942086569450144e-20,-2.0168708020431737e-20
-3.863,2.9783707775297693e-20,-2.041117396533575e-20
-3.862,3.0151022268703524e-20,-2.0656549582302165e-20
-3.861,3.052286427018931e-20,-2.090486972075949e-20
-3.86,3.089928955353286e-20,-2.1156169646655613e-20
-3.859,3.1280354579165054e-20,-2.1410485047424658e-20
-3.858,3.1666116502618074e-20,-2.166785203701294e-20
-3.857,3.205663318307754e-20,-2.19283071609647e-20
-3.856,3.2451963192039785e-20,-2.2191887401568324e-20
-3.855,3.2852165822075577e-20,-2.245863018306377e-20
-3.854,3.325730109570156e-20,-2.272857337691194e-20
-3.853,3.366742977436083e-20,-2.300175530712671e-20
-3.852,3.408261336751383e-20,-2.327821475567038e-20
-3.851,3.450291414184113e-20,-2.355799096791328e-20
-3.85,3.492839513055924e-20,-2.384112365815831e-20
-3.849,3.5359120142851046e-20,-2.4127653015231165e-20
-3.848,3.57951537734121e-20,-2.4417619708137046e-20
-3.847,3.623656141211435e-20,-2.4711064891784628e-20
-3.846,3.6683409253788635e-20,-2.5008030212778087e-20
-3.845,3.713576430812747e-20,-2.530855781527799e-20
-3.844,3.759369440970951e-20,-2.5612690346931883e-20
-3.843,3.8057268228147354e-20,-2.592047096487537e-20
-3.842,3.852655527836004e-20,-2.6231943341804554e-20
-3.841,3.900162593097179e-20,-2.6547151672120667e-20
-3.84,3.9482551422838703e-20,-2.6866140678147733e-20
-3.839,3.996940386770472e-20,-2.718895561642417e-20
-3.838,4.046225626698869e-20,-2.751564228406914e-20
-3.837,4.096118252070401e-20,-2.7846247025224646e-20
-3.836,4.146625743851247e-20,-2.818081673757411e-20
-3.835,4.197755675091401e-20,-2.8519398878938537e-20
-3.834,4.249515712057404e-20,-2.886204147395096e-20
-3.833,4.301913615378997e-20,-2.9208793120810323e-20
-3.832,4.3549572412098716e-20,-2.9559702998115564e-20
-3.831,4.40865454240269e-20,-2.991482087178095e-20
-3.83,4.463013569698544e-20,-3.027419710203358e-20
-3.829,4.518042472931041e-20,-3.0637882650494035e-20
-3.828,4.573749502245186e-20,-3.1005929087341223e-20
-3.827,4.63014300933125e-20,-3.137838859856228e-20
-3.826,4.6872314486738014e-20,-3.1755313993288676e-20
-3.825,4.745023378816093e-20,-3.213675871121951e-20
-3.824,4.8035274636399874e-20,-3.2522776830132914e-20
-3.823,4.8627524736616186e-20,-3.29134230734868e-20
-3.822,4.922707287342976e-20,-3.330875281810987e-20
-3.821,4.983400892419611e-20,-3.3708822101984e-20
-3.82,5.044842387244661e-20,-3.411368763211907e-20
-3.819,5.1070409821493963e-20,-3.452340679252136e-20
-3.818,5.170006000820485e-20,-3.4938037652256636e-20
-3.817,5.2337468816941914e-20,-3.5357638973608933e-20
-3.816,5.298273179367703e-20,-3.578227022033634e-20
-3.815,5.3635945660278104e-20,-3.6211991566024795e-20
-3.814,5.429720832897143e-20,-3.6646863902541137e-20
-3.813,5.49666189169818e-20,-3.708694884858652e-20
-3.812,5.564427776135254e-20,-3.753230875835146e-20
-3.811,5.633028643394774e-20,-3.7983006730273645e-20
-3.81,5.702474775663874e-20,-3.843910661589976e-20
-3.809,5.772776581667741e-20,-3.8900673028852556e-20
-3.808,5.843944598225825e-20,-3.936777135390441e-20
-3.807,5.915989491827183e-20,-3.984046775615861e-20
-3.806,5.988922060225175e-20,-4.0318829190339705e-20
-3.805,6.062753234051766e-20,-4.0802923410194124e-20
-3.804,6.13749407845166e-20,-4.1292818978002457e-20
-3.803,6.213155794736525e-20,-4.178858527420465e-20
-3.802,6.289749722059533e-20,-4.2290292507139486e-20
-3.801,6.367287339110499e-20,-4.2798011722899695e-20
-3.8,6.445780265831833e-20,-4.33118148153041e-20
-3.799,6.525240265155587e-20,-4.383177453598807e-20
-3.798,6.605679244761848e-20,-4.4357964504613866e-20
-3.797,6.687109258858743e-20,-4.4890459219202086e-20
-3.796,6.769542509984308e-20,-4.542933406658582e-20
-3.795,6.852991350830507e-20,-4.597466533298889e-20
-3.794,6.937468286089666e-20,-4.65265302147296e-20
-3.793,7.022985974323589e-20,-4.7085006829051625e-20
-3.792,7.109557229855646e-20,-4.7650174225083315e-20
-3.791,7.197195024686119e-20,-4.822211239492721e-20
-3.79,7.285912490431067e-20,-4.8800902284881074e-20
-3.789,7.375722920285033e-20,-4.9386625806792116e-20
-3.788,7.466639771007848e-20,-4.9979365849545986e-20
-3.787,7.558676664935872e-20,-5.0579206290692054e-20
-3.786,7.651847392017929e-20,-5.1186232008206684e-20
-3.785,7.746165911876265e-20,-5.1800528892396076e-20
-3.784,7.841646355892831e-20,-5.242218385794033e-20
-3.783,7.938303029321198e-20,-5.305128485608042e-20
-3.782,8.036150413424419e-20,-5.368792088694977e-20
-3.781,8.13520316763917e-20,-5.433218201205216e-20
-3.78,8.235476131766463e-20,-5.498415936688757e-20
-3.779,8.33698432818929e-20,-5.564394517372796e-20
-3.778,8.43974296411751e-20,-5.631163275454448e-20
-3.777,8.543767433860318e-20,-5.698731654408806e-20
-3.776,8.64907332112663e-20,-5.767109210312526e-20
-3.775,8.755676401353735e-20,-5.836305613183098e-20
-3.774,8.863592644064568e-20,-5.906330648334007e-20
-3.773,8.972838215253912e-20,-5.97719421774598e-20
-3.772,9.083429479803957e-20,-6.048906341454474e-20
-3.771,9.195383003929509e-20,-6.121477158953638e-20
-3.77,9.308715557653246e-20,-6.19491693061692e-20
-3.769,9.423444117311391e-20,-6.269236039134519e-20
-3.768,9.539585868090155e-20,-6.344444990967883e-20
-3.767,9.657158206593361e-20,-6.420554417821463e-20
-3.766,9.776178743441585e-20,-6.497575078131908e-20
-3.765,9.896665305903257e-20,-6.575517858574925e-20
-3.764,1.0018635940558057e-19,-6.654393775590005e-20
-3.763,1.0142108915993056e-19,-6.734213976923228e-20
-3.762,1.0267102725531958e-19,-6.814989743188354e-20
-3.761,1.0393636089997877e-19,-6.896732489446431e-20
-3.76,1.0521727960510064e-19,-6.979453766804126e-20
-3.759,1.065139752131497e-19,-7.063165264031e-20
-3.758,1.0782664192652104e-19,-7.14787880919596e-20
-3.757,1.0915547633655084e-19,-7.233606371323113e-20
-3.756,1.1050067745288333e-19,-7.320360062067236e-20
-3.755,1.1186244673319846e-19,-7.40815213740912e-20
-3.754,1.132409881133047e-19,-7.496994999371e-20
-3.753,1.1463650803760154e-19,-7.586901197752318e-20
-3.752,1.1604921548991622e-19,-7.677883431886061e-20
-3.751,1.1747932202471908e-19,-7.76995455241591e-20
-3.75,1.1892704179872258e-19,-7.863127563094456e-20
-3.749,1.2039259160286824e-19,-7.957415622602721e-20
-3.748,1.218761908947066e-19,-8.052832046391248e-20
-3.747,1.2337806183117487e-19,-8.14939030854299e-20
-3.746,1.2489842930177715e-19,-8.247104043658302e-20
-3.745,1.2643752096217234e-19,-8.345987048762239e-20
-3.744,1.2799556726817437e-19,-8.446053285234469e-20
-3.743,1.2957280151017022e-19,-8.547316880762052e-20
-3.742,1.3116945984796067e-19,-8.649792131315349e-20
-3.741,1.3278578134602878e-19,-8.753493503147336e-20
-3.74,1.344220080092419e-19,-8.858435634816622e-20
-3.739,1.3607838481899173e-19,-8.964633339234406e-20
-3.738,1.3775515976977873e-19,-9.072101605735709e-20
-3.737,1.3945258390624546e-19,-9.180855602175117e-20
-3.736,1.4117091136066493e-19,-9.290910677047364e-20
-3.735,1.4291039939088936e-19,-9.402282361633032e-20
-3.734,1.4467130841876504e-19,-9.514986372169649e-20
-3.733,1.464539020690189e-19,-9.629038612048519e-20
-3.732,1.4825844720862263e-19,-9.744455174037565e-20
-3.731,1.5008521398664043e-19,-9.861252342530489e-20
-3.73,1.5193447587456588e-19,-9.979446595822579e-20
-3.729,1.5380650970715442e-19,-1.0099054608413454e-19
-3.728,1.5570159572375703e-19,-1.0220093253337085e-19
-3.727,1.5762001761016179e-19,-1.0342579604519406e-19
-3.726,1.595620625409491e-19,-1.0466530939163838e-19
-3.725,1.6152802122236712e-19,-1.0591964740165056e-19
-3.724,1.635181879357336e-19,-1.071889869855134e-19
-3.723,1.6553286058137095e-19,-1.0847350715955833e-19
-3.722,1.675723407230806e-19,-1.0977338907117067e-19
-3.721,1.6963693363316362e-19,-1.1108881602409088e-19
-3.72,1.7172694833799414e-19,-1.124199735040152e-19
-3.719,1.7384269766415248e-19,-1.137670492044995e-19
-3.718,1.7598449828512465e-19,-1.1513023305316965e-19
-3.717,1.7815267076857545e-19,-1.1650971723824234e-19
-3.716,1.8034753962420188e-19,-1.1790569623535935e-19
-3.715,1.8256943335217438e-19,-1.1931836683473997e-19
-3.714,1.8481868449217262e-19,-1.2074792816865433e-19
-3.713,1.870956296730237e-19,-1.2219458173922222e-19
-3.712,1.8940060966294951e-19,-1.2365853144654059e-19
-3.711,1.917339694204315e-19,-1.2513998361714413e-19
-3.71,1.9409605814569948e-19,-1.266391470328025e-19
-3.709,1.9648722933285317e-19,-1.281562329596584e-19
-3.708,1.9890784082262337e-19,-1.2969145517771043e-19
-3.707,2.0135825485578095e-19,-1.312450300106446e-19
-3.706,2.0383883812720187e-19,-1.3281717635601914e-19
-3.705,2.063499618405957e-19,-1.3440811571580606e-19
-3.704,2.0889200176390638e-19,-1.3601807222729435e-19
-3.703,2.1146533828539292e-19,-1.3764727269435857e-19
-3.702,2.1407035647039892e-19,-1.392959466190974e-19
-3.701,2.1670744611881877e-19,-1.4096432623384654e-19
-3.7,2.1937700182326976e-19,-1.4265264653357006e-19
-3.699,2.22079423027978e-19,-1.443611453086352e-19
-3.698,2.2481511408838773e-19,-1.4609006317797457e-19
-3.697,2.2758448433150185e-19,-1.478396436226407e-19
-3.696,2.3038794811696414e-19,-1.4961013301975742e-19
-3.695,2.332259248988904e-19,-1.514017806768727e-19
-3.694,2.3609883928845947e-19,-1.5321483886671797e-19
-3.693,2.3900712111727215e-19,-1.5504956286237813e-19
-3.692,2.419512055014883e-19,-1.569062109728778e-19
-3.691,2.4493153290675105e-19,-1.5878504457918814e-19
-3.69,2.4794854921390817e-19,-1.6068632817065963e-19
-3.689,2.5100270578554015e-19,-1.6261032938188537e-19
-3.688,2.540944595333053e-19,-1.645573190300004e-19
-3.687,2.572242729861111e-19,-1.6652757115242205e-19
-3.686,2.6039261435912267e-19,-1.6852136304503624e-19
-3.685,2.6359995762361854e-19,-1.7053897530083548e-19
-3.684,2.668467825777035e-19,-1.7258069184901347e-19
-3.683,2.701335749178899e-19,-1.746467999945219e-19
-3.682,2.7346082631155747e-19,-1.7673759045809472e-19
-3.681,2.7682903447030237e-19,-1.7885335741674577e-19
-3.68,2.8023870322418723e-19,-1.8099439854474473e-19
-3.679,2.8369034259690186e-19,-1.831610150550776e-19
-3.678,2.8718446888184707e-19,-1.8535351174139718e-19
-3.677,2.9072160471915227e-19,-1.8757219702046916e-19
-3.676,2.943022791736383e-19,-1.8981738297511998e-19
-3.675,2.979270278137373e-19,-1.9208938539769227e-19
-3.674,3.0159639279138153e-19,-1.943885238340136e-19
-3.673,3.053109229228721e-19,-1.967151216278848e-19
-3.672,3.090711737707412e-19,-1.9906950596609424e-19
-3.671,3.128777077266181e-19,-2.0145200792396355e-19
-3.67,3.167310940951134e-19,-2.0386296251143177e-19
-3.669,3.2063190917873165e-19,-2.063027087196838e-19
-3.668,3.24580736363827e-19,-2.0877158956832969e-19
-3.667,3.2857816620761354e-19,-2.1126995215314156e-19
-3.666,3.326247965262436e-19,-2.1379814769435398e-19
-3.665,3.36721232483967e-19,-2.163565315855353e-19
-3.664,3.4086808668338457e-19,-2.1894546344303595e-19
-3.663,3.4506597925680936e-19,-2.215653071560212e-19
-3.662,3.4931553795874943e-19,-2.242164309370942e-19
-3.661,3.5361739825952497e-19,-2.2689920737351763e-19
-3.66,3.5797220344003506e-19,-2.296140134790399e-19
-3.659,3.6238060468768706e-19,-2.3236123074633333e-19
-3.658,3.6684326119350336e-19,-2.351412452000519e-19
-3.657,3.7136084025042e-19,-2.3795444745051495e-19
-3.656,3.7593401735279146e-19,-2.408012327480258e-19
-3.655,3.8056347629711653e-19,-2.4368200103783047e-19
-3.654,3.8524990928400057e-19,-2.465971570157265e-19
-3.653,3.8999401702136874e-19,-2.4954711018432737e-19
-3.652,3.947965088289459e-19,-2.5253227490999187e-19
-3.651,3.99658102744019e-19,-2.555530704804252e-19
-3.65,4.045795256284964e-19,-2.586099211629603e-19
-3.649,4.0956151327728216e-19,-2.6170325626352677e-19
-3.648,4.146048105279794e-19,-2.648335101863163e-19
-3.647,4.1971017137193977e-19,-2.680011224941524e-19
-3.646,4.248783590666765e-19,-2.7120653796957216e-19
-3.645,4.3011014624965564e-19,-2.744502066766296e-19
-3.644,4.354063150534845e-19,-2.7773258402342795e-19
-3.643,4.407676572225131e-19,-2.8105413082539025e-19
-3.642,4.461949742308666e-19,-2.844153133692764e-19
-3.641,4.516890774019258e-19,-2.8781660347795584e-19
-3.64,4.57250788029274e-19,-2.912584785759443e-19
-3.639,4.628809374991273e-19,-2.947414217557144e-19
-3.638,4.685803674142678e-19,-2.9826592184478787e-19
-3.637,4.743499297194973e-19,-3.018324734736203e-19
-3.636,4.801904868286297e-19,-3.0544157714428616e-19
-3.635,4.861029117530421e-19,-3.090937392999742e-19
-3.634,4.920880882318034e-19,-3.1278947239530306e-19
-3.633,4.981469108633986e-19,-3.1652929496746623e-19
-3.632,5.042802852390701e-19,-3.2031373170821604e-19
-3.631,5.104891280777944e-19,-3.2414331353669705e-19
-3.63,5.167743673629152e-19,-3.2801857767313847e-19
-3.629,5.231369424804526e-19,-3.319400677134157e-19
-3.628,5.295778043591095e-19,-3.3590833370449116e-19
-3.627,5.360979156119953e-19,-3.3992393222074525e-19
-3.626,5.426982506800881e-19,-3.4398742644120715e-19
-3.625,5.493797959774582e-19,-3.4809938622769647e-19
-3.624,5.561435500382711e-19,-3.522603882038864e-19
-3.623,5.629905236655965e-19,-3.564710158352994e-19
-3.622,5.699217400820407e-19,-3.607318595102454e-19
-3.621,5.769382350822281e-19,-3.6504351662171554e-19
-3.62,5.84041057187153e-19,-3.694065916502402e-19
-3.619,5.912312678004248e-19,-3.7382169624772465e-19
-3.618,5.9850994136643e-19,-3.782894493222731e-19
-3.617,6.058781655304351e-19,-3.828104771240122e-19
-3.616,6.133370413006517e-19,-3.873854133319268e-19
-3.615,6.208876832122918e-19,-3.92014899141719e-19
-3.614,6.285312194936345e-19,-3.9669958335470273e-19
-3.613,6.362687922341295e-19,-4.0144012246774676e-19
-3.612,6.441015575545632e-19,-4.062371807642768e-19
-3.611,6.520306857793124e-19,-4.1109143040635085e-19
-3.61,6.6005736161071e-19,-4.1600355152781965e-19
-3.609,6.681827843055508e-19,-4.209742323285845e-19
-3.608,6.764081678537604e-19,-4.260041691699665e-19
-3.607,6.847347411592586e-19,-4.3109406667119893e-19
-3.606,6.931637482230383e-19,-4.362446378070571e-19
-3.605,7.016964483284913e-19,-4.414566040066385e-19
-3.604,7.103341162290079e-19,-4.4673069525330635e-19
-3.603,7.190780423378764e-19,-4.520676501858113e-19
-3.602,7.279295329205119e-19,-4.574682162006039e-19
-3.601,7.368899102890438e-19,-4.629331495553527e-19
-3.6,7.459605129992887e-19,-4.684632154736814e-19
-3.599,7.5514269605014e-19,-4.740591882511407e-19
-3.598,7.64437831085403e-19,-4.79721851362427e-19
-3.597,7.738473065981044e-19,-4.85451997569865e-19
-3.596,7.833725281373096e-19,-4.912504290331683e-19
-3.595,7.930149185174741e-19,-4.971179574204908e-19
-3.594,8.027759180303643e-19,-5.030554040207886e-19
-3.593,8.126569846595768e-19,-5.090635998575029e-19
-3.592,8.22659594297688e-19,-5.151433858035832e-19
-3.591,8.327852409660677e-19,-5.212956126978636e-19
-3.59,8.430354370373882e-19,-5.275211414628104e-19
-3.589,8.534117134608612e-19,-5.338208432236556e-19
-3.588,8.639156199902392e-19,-5.401955994289333e-19
-3.587,8.745487254146102e-19,-5.466463019724351e-19
-3.586,8.853126177920248e-19,-5.531738533166012e-19
-3.585,8.962089046859878e-19,-5.597791666173642e-19
-3.584,9.072392134048487e-19,-5.664631658504622e-19
-3.583,9.1840519124413e-19,-5.732267859392394e-19
-3.582,9.297085057318252e-19,-5.800709728839505e-19
-3.581,9.411508448767063e-19,-5.869966838925866e-19
-3.58,9.527339174196743e-19,-5.940048875132419e-19
-3.579,9.64459453088194e-19,-6.010965637680377e-19
-3.578,9.763292028538481e-19,-6.0827270428862235e-19
-3.577,9.883449391930475e-19,-6.155343124532654e-19
-3.576,1.000508456350942e-18,-6.2288240352556635e-19
-3.575,1.012821570608564e-18,-6.303180047947938e-19
-3.574,1.0252861205532491e-18,-6.378421557178778e-19
-3.573,1.0379039673523729e-18,-6.454559080630703e-19
-3.572,1.050676995030443e-18,-6.531603260552988e-19
-3.571,1.06360711074959e-18,-6.609564865232276e-19
-3.57,1.0766962450934966e-18,-6.688454790480506e-19
-3.569,1.0899463523548072e-18,-6.768284061140334e-19
-3.568,1.1033594108260649e-18,-6.849063832608268e-19
-3.567,1.1169374230942111e-18,-6.930805392375721e-19
-3.566,1.130682416338699e-18,-7.013520161588188e-19
-3.565,1.1445964426332608e-18,-7.097219696622753e-19
-3.564,1.1586815792513757e-18,-7.181915690684164e-19
-3.563,1.1729399289754816e-18,-7.2676199754196635e-19
-3.562,1.1873736204099792e-18,-7.354344522552822e-19
-3.561,1.2019848082980723e-18,-7.442101445536575e-19
-3.56,1.2167756738424943e-18,-7.5309030012257015e-19
-3.559,1.2317484250301644e-18,-7.620761591568966e-19
-3.558,1.2469052969608258e-18,-7.711689765321158e-19
-3.557,1.2622485521797124e-18,-7.803700219775259e-19
-3.556,1.277780481014293e-18,-7.896805802514975e-19
-3.555,1.2935034019151458e-18,-7.991019513187868e-19
-3.554,1.3094196618010081e-18,-8.0863545052993365e-19
-3.553,1.32553163640806e-18,-8.182824088027679e-19
-3.552,1.3418417306434872e-18,-8.280441728060497e-19
-3.551,1.3583523789433793e-18,-8.37922105145268e-19
-3.55,1.3750660456350146e-18,-8.479175845506225e-19
-3.549,1.3919852253035872e-18,-8.5803200606721575e-19
-3.548,1.4091124431634274e-18,-8.682667812474793e-19
-3.547,1.4264502554337755e-18,-8.78623338345862e-19
-3.546,1.4440012497191591e-18,-8.891031225158057e-19
-3.545,1.4617680453944348e-18,-8.997075960090357e-19
-3.544,1.4797532939945488e-18,-9.104382383771923e-19
-3.543,1.4979596796090756e-18,-9.212965466758323e-19
-3.542,1.5163899192815922e-18,-9.322840356708262e-19
-3.541,1.5350467634139484e-18,-9.43402238047181e-19
-3.54,1.5539329961754913e-18,-9.546527046203165e-19
-3.539,1.5730514359173065e-18,-9.66037004549821e-19
-3.538,1.592404935591536e-18,-9.775567255557222e-19
-3.537,1.6119963831758369e-18,-9.892134741372939e-19
-3.536,1.6318287021030406e-18,-1.0010088757944357e-18
-3.535,1.6519048516960799e-18,-1.0129445752516514e-18
-3.534,1.6722278276082458e-18,-1.0250222366846585e-18
-3.533,1.6928006622688406e-18,-1.0372435439496583e-18
-3.532,1.713626425334293e-18,-1.0496102008152985e-18
-3.531,1.7347082241448018e-18,-1.0621239311973602e-18
-3.53,1.7560492041865763e-18,-1.0747864793962e-18
-3.529,1.7776525495597417e-18,-1.08759961033698e-18
-3.528,1.7995214834519807e-18,-1.1005651098127187e-18
-3.527,1.821659268617975e-18,-1.1136847847301944e-18
-3.526,1.8440692078647293e-18,-1.1269604633587368e-18
-3.525,1.8667546445428375e-18,-1.1403939955819388e-18
-3.524,1.8897189630437717e-18,-1.1539872531523215e-18
-3.523,1.9129655893032657e-18,-1.1677421299489907e-18
-3.522,1.936497991310866e-18,-1.1816605422383158e-18
-3.521,1.9603196796257293e-18,-1.19574442893767e-18
-3.52,1.9844342078987383e-18,-1.2099957518822636e-18
-3.519,2.008845173401018e-18,-1.2244164960951104e-18
-3.518,2.0335562175589264e-18,-1.239008670060162e-18
-3.517,2.0585710264956044e-18,-1.2537743059986465e-18
-3.516,2.0838933315791565e-18,-1.2687154601486503e-18
-3.515,2.1095269099775552e-18,-1.2838342130479794e-18
-3.514,2.13547558522034e-18,-1.2991326698203412e-18
-3.513,2.1617432277672006e-18,-1.314612960464882e-18
-3.512,2.1883337555835296e-18,-1.330277240149122e-18
-3.511,2.215251134723024e-18,-1.3461276895053273e-18
-3.51,2.242499379917428e-18,-1.3621665149303566e-18
-3.509,2.2700825551735003e-18,-1.3783959488890274e-18
-3.508,2.2980047743772973e-18,-1.3948182502210386e-18
-3.507,2.3262702019058596e-18,-1.4114357044514939e-18
-3.506,2.354883053246393e-18,-1.4282506241050662e-18
-3.505,2.3838475956230383e-18,-1.4452653490238472e-18
-3.504,2.413168148631316e-18,-1.4624822466889236e-18
-3.503,2.4428490848803485e-18,-1.4799037125457255e-18
-3.502,2.4728948306429496e-18,-1.497532170333187e-18
-3.501,2.503309866513678e-18,-1.5153700724167694e-18
-3.5,2.5340987280749536e-18,-1.5334199001253872e-18
-3.499,2.5652660065713355e-18,-1.551684164092284e-18
-3.498,2.5968163495920608e-18,-1.5701654045999055e-18
-3.497,2.6287544617619426e-18,-1.5888661919288141e-18
-3.496,2.661085105440738e-18,-1.6077891267106957e-18
-3.495,2.6938131014310778e-18,-1.6269368402855011e-18
-3.494,2.7269433296950745e-18,-1.646311995062776e-18
-3.493,2.7604807300797054e-18,-1.6659172848872252e-18
-3.492,2.7944303030510844e-18,-1.6857554354085603e-18
-3.491,2.8287971104377274e-18,-1.7058292044556822e-18
-3.49,2.8635862761829237e-18,-1.7261413824152494e-18
-3.489,2.8988029871063262e-18,-1.7466947926146798e-18
-3.488,2.9344524936748664e-18,-1.767492291709644e-18
-3.487,2.9705401107831175e-18,-1.7885367700760936e-18
-3.486,3.0070712185432155e-18,-1.8098311522068884e-18
-3.485,3.0440512630844547e-18,-1.8313783971130655e-18
-3.484,3.081485757362681e-18,-1.853181498729811e-18
-3.483,3.119380281979596e-18,-1.8752434863271887e-18
-3.482,3.1577404860121037e-18,-1.897567424925677e-18
-3.481,3.1965720878518054e-18,-1.9201564157165752e-18
-3.48,3.235880876054788e-18,-1.9430135964873333e-18
-3.479,3.2756727102018156e-18,-1.9661421420518616e-18
-3.478,3.3159535217690576e-18,-1.9895452646858833e-18
-3.477,3.3567293150094845e-18,-2.0132262145673808e-18
-3.476,3.3980061678450563e-18,-2.0371882802222036e-18
-3.475,3.439790232769841e-18,-2.0614347889748914e-18
-3.474,3.482087737764194e-18,-2.0859691074047762e-18
-3.473,3.524904987220132e-18,-2.110794641807425e-18
-3.472,3.5682483628780476e-18,-2.135914838661486e-18
-3.471,3.612124324774885e-18,-2.1613331851009955e-18
-3.47,3.6565394122039425e-18,-2.1870532093932218e-18
-3.469,3.701500244686416e-18,-2.213078481422093e-18
-3.468,3.7470135229548545e-18,-2.23941261317729e-18
-3.467,3.793086029948648e-18,-2.2660592592490625e-18
-3.466,3.839724631821718e-18,-2.2930221173288356e-18
-3.465,3.88693627896254e-18,-2.3203049287156734e-18
-3.464,3.9347280070266635e-18,-2.3479114788286737e-18
-3.463,3.983106937981875e-18,-2.375845597725354e-18
-3.462,4.032080281166163e-18,-2.404111160626108e-18
-3.461,4.081655334358629e-18,-2.4327120884447914e-18
-3.46,4.131839484863532e-18,-2.461652348325526e-18
-3.459,4.182640210607586e-18,-2.490935954185774e-18
-3.458,4.2340650812507155e-18,-2.520566967265771e-18
-3.457,4.2861217593103964e-18,-2.550549496684385e-18
-3.456,4.338818001299773e-18,-2.580887700001477e-18
-3.455,4.392161658879714e-18,-2.6115857837868414e-18
-3.454,4.44616068002497e-18,-2.642648004195797e-18
-3.453,4.500823110204612e-18,-2.6740786675515144e-18
-3.452,4.556157093576929e-18,-2.7058821309341504e-18
-3.451,4.61217087419895e-18,-2.7380628027768732e-18
-3.45,4.66887279725078e-18,-2.770625143468857e-18
-3.449,4.72627131027493e-18,-2.8035736659653267e-18
-3.448,4.784374964430815e-18,-2.836912936404737e-18
-3.447,4.843192415764619e-18,-2.8706475747331672e-18
-3.446,4.9027324264947055e-18,-2.904782255336013e-18
-3.445,4.963003866312765e-18,-2.9393217076770674e-18
-3.444,5.024015713700894e-18,-2.9742707169450688e-18
-3.443,5.0857770572648075e-18,-3.0096341247078078e-18
-3.442,5.14829709708336e-18,-3.045416829573881e-18
-3.441,5.211585146074605e-18,-3.081623787862176e-18
-3.44,5.275650631378565e-18,-3.1182600142791848e-18
-3.439,5.340503095756943e-18,-3.1553305826042294e-18
-3.438,5.406152199009963e-18,-3.1928406263826953e-18
-3.437,5.47260771941056e-18,-3.2307953396273675e-18
-3.436,5.539879555156127e-18,-3.26919997752796e-18
-3.435,5.607977725838034e-18,-3.308059857168935e-18
-3.434,5.676912373929143e-18,-3.347380358255709e-18
-3.433,5.746693766289522e-18,-3.3871669238493435e-18
-3.432,5.8173322956906055e-18,-3.427425061109817e-18
-3.431,5.888838482358006e-18,-3.468160342047981e-18
-3.43,5.961222975533211e-18,-3.509378404286298e-18
-3.429,6.034496555054402e-18,-3.5510849518284645e-18
-3.428,6.108670132956625e-18,-3.5932857558380256e-18
-3.427,6.183754755091545e-18,-3.63598665542608e-18
-3.426,6.2597616027670324e-18,-3.67919355844818e-18
-3.425,6.3367019944068145e-18,-3.7229124423105524e-18
-3.424,6.414587387230453e-18,-3.76714935478571e-18
-3.423,6.4934293789538715e-18,-3.811910414837608e-18
-3.422,6.57323970951071e-18,-3.857201813456422e-18
-3.421,6.654030262794745e-18,-3.9030298145030736e-18
-3.42,6.7358130684236354e-18,-3.9494007555636195e-18
-3.419,6.8186003035242605e-18,-3.996321048813608e-18
-3.418,6.90240429453991e-18,-4.0437971818925315e-18
-3.417,6.98723751905959e-18,-4.091835718788478e-18
-3.416,7.073112607669727e-18,-4.140443300733114e-18
-3.415,7.160042345828524e-18,-4.18962664710711e-18
-3.414,7.24803967576327e-18,-4.2393925563561335e-18
-3.413,7.337117698390866e-18,-4.2897479069175255e-18
-3.412,7.427289675261848e-18,-4.340699658157801e-18
-3.411,7.518569030528224e-18,-4.392254851321076e-18
-3.41,7.610969352935372e-18,-4.444420610488568e-18
-3.409,7.704504397838329e-18,-4.49720414354929e-18
-3.408,7.799188089242752e-18,-4.550612743182064e-18
-3.407,7.89503452187086e-18,-4.6046537878489936e-18
-3.406,7.992057963252663e-18,-4.6593347428005256e-18
-3.405,8.090272855842766e-18,-4.714663161092231e-18
-3.404,8.189693819163104e-18,-4.770646684613451e-18
-3.403,8.290335651971873e-18,-4.82729304512793e-18
-3.402,8.392213334459033e-18,-4.884610065326593e-18
-3.401,8.495342030468641e-18,-4.942605659892598e-18
-3.4,8.599737089748418e-18,-5.001287836578803e-18
-3.399,8.70541405022682e-18,-5.0606646972978e-18
-3.398,8.812388640317975e-18,-5.1207444392246566e-18
-3.397,8.92067678125484e-18,-5.181535355912514e-18
-3.396,9.030294589450888e-18,-5.243045838421191e-18
-3.395,9.141258378890714e-18,-5.30528437645894e-18
-3.394,9.253584663549874e-18,-5.368259559537519e-18
-3.393,9.36729015984435e-18,-5.431980078140719e-18
-3.392,9.482391789109981e-18,-5.496454724906519e-18
-3.391,9.598906680112222e-18,-5.561692395823005e-18
-3.39,9.716852171586634e-18,-5.627702091438242e-18
-3.389,9.836245814810435e-18,-5.694492918084232e-18
-3.388,9.957105376205533e-18,-5.762074089115136e-18
-3.387,1.0079448839973393e-17,-5.83045492615993e-18
-3.386,1.0203294410762161e-17,-5.899644860389648e-18
-3.385,1.0328660516366398e-17,-5.969653433799388e-18
-3.384,1.0455565810459866e-17,-6.0404903005052565e-18
-3.383,1.0584029175361728e-17,-6.112165228056423e-18
-3.382,1.0714069724836614e-17,-6.184688098762447e-18
-3.381,1.0845706806928922e-17,-6.2580689110360754e-18
-3.38,1.0978960006831814e-17,-6.332317780751671e-18
-3.379,1.1113849149791293e-17,-6.407444942619468e-18
-3.378,1.1250394304045827e-17,-6.4834607515758226e-18
-3.377,1.1388615783801919e-17,-6.56037568418966e-18
-3.376,1.1528534152246097e-17,-6.6382003400852916e-18
-3.375,1.1670170224593725e-17,-6.716945443381801e-18
-3.374,1.1813545071175144e-17,-6.796621844149187e-18
-3.373,1.1958680020559536e-17,-6.87724051988146e-18
-3.372,1.2105596662717025e-17,-6.95881257698688e-18
-3.371,1.2254316852219445e-17,-7.041349252295547e-18
-3.37,1.2404862711480267e-17,-7.124861914584545e-18
-3.369,1.2557256634034163e-17,-7.209362066120812e-18
-3.368,1.2711521287856677e-17,-7.294861344222003e-18
-3.367,1.2867679618724515e-17,-7.381371522835476e-18
-3.366,1.302575485361693e-17,-7.46890451413569e-18
-3.365,1.318577050415871e-17,-7.557472370140159e-18
-3.364,1.3347750370105297e-17,-7.647087284344226e-18
-3.363,1.3511718542870507e-17,-7.737761593374855e-18
-3.362,1.3677699409097427e-17,-7.829507778663648e-18
-3.361,1.3845717654272968e-17,-7.922338468139344e-18
-3.36,1.4015798266386646e-17,-8.01626643793999e-18
-3.359,1.4187966539634092e-17,-8.111304614145031e-18
-3.358,1.4362248078165882e-17,-8.207466074527554e-18
-3.357,1.4538668799882202e-17,-8.304764050326894e-18
-3.356,1.4717254940273933e-17,-8.403211928041867e-18
-3.355,1.4898033056310703e-17,-8.50282325124485e-18
-3.354,1.5081030030376503e-17,-8.603611722416957e-18
-3.353,1.526627307425343e-17,-8.705591204804545e-18
-3.352,1.545378973315415e-17,-8.808775724297318e-18
-3.351,1.5643607889803673e-17,-8.913179471328254e-18
-3.35,1.5835755768571066e-17,-9.018816802795611e-18
-3.349,1.603026193965167e-17,-9.125702244007301e-18
-3.348,1.6227155323300472e-17,-9.233850490647832e-18
-3.347,1.6426465194117248e-17,-9.343276410768131e-18
-3.346,1.662822118538412e-17,-9.453995046798489e-18
-3.345,1.6832453293456134e-17,-9.566021617584888e-18
-3.344,1.7039191882205538e-17,-9.679371520449005e-18
-3.343,1.7248467687520423e-17,-9.794060333272144e-18
-3.342,1.7460311821858352e-17,-9.910103816603377e-18
-3.341,1.767475577885567e-17,-1.0027517915792188e-17
-3.34,1.7891831437993217e-17,-1.0146318763145883e-17
-3.339,1.811157106931902e-17,-1.0266522680112062e-17
-3.338,1.8334007338228827e-17,-1.0388146179486453e-17
-3.337,1.855917331030499e-17,-1.0511205967646371e-17
-3.336,1.8787102456214612e-17,-1.0635718946810135e-17
-3.335,1.9017828656667517e-17,-1.0761702217322708e-17
-3.334,1.9251386207434876e-17,-1.0889173079967899e-17
-3.333,1.948780982442918e-17,-1.101814903830739e-17
-3.332,1.972713464884633e-17,-1.1148647801046941e-17
-3.331,1.99693962523706e-17,-1.1280687284430065e-17
-3.33,2.0214630642443235e-17,-1.1414285614659475e-17
-3.329,2.0462874267595458e-17,-1.1549461130346665e-17
-3.328,2.0714164022846684e-17,-1.1686232384989912e-17
-3.327,2.0968537255168753e-17,-1.1824618149481043e-17
-3.326,2.1226031769016918e-17,-1.1964637414641298e-17
-3.325,2.1486685831928502e-17,-1.2106309393786619e-17
-3.324,2.175053818018998e-17,-1.2249653525322718e-17
-3.323,2.2017628024573335e-17,-1.2394689475370253e-17
-3.322,2.2287995056142563e-17,-1.254143714042046e-17
-3.321,2.2561679452131146e-17,-1.2689916650021608e-17
-3.32,2.2838721881891373e-17,-1.2840148369496611e-17
-3.319,2.3119163512916406e-17,-1.299215290269218e-17
-3.318,2.3403046016935953e-17,-1.3145951094759852e-17
-3.317,2.3690411576086455e-17,-1.3301564034969277e-17
-3.316,2.3981302889156702e-17,-1.3459013059554158e-17
-3.315,2.4275763177909793e-17,-1.3618319754591172e-17
-3.314,2.4573836193482372e-17,-1.3779505958912284e-17
-3.313,2.4875566222862097e-17,-1.394259376705085e-17
-3.312,2.518099809544428e-17,-1.4107605532221853e-17
-3.311,2.549017718966866e-17,-1.427456386933672e-17
-3.31,2.580314943973732e-17,-1.4443491658053085e-17
-3.309,2.61199613424147e-17,-1.4614412045859894e-17
-3.308,2.644065996391074e-17,-1.4787348451198294e-17
-3.307,2.6765292946848138e-17,-1.4962324566618688e-17
-3.306,2.7093908517314773e-17,-1.5139364361974376e-17
-3.305,2.742655549200233e-17,-1.5318492087652238e-17
-3.304,2.776328328543217e-17,-1.549973227784081e-17
-3.303,2.810414191726952e-17,-1.5683109753836285e-17
-3.302,2.844918201972704e-17,-1.5868649627386783e-17
-3.301,2.879845484505889e-17,-1.6056377304075385e-17
-3.3,2.9152012273146386e-17,-1.6246318486742367e-17
-3.299,2.9509906819176365e-17,-1.6438499178947075e-17
-3.298,2.987219164141338e-17,-1.6632945688469895e-17
-3.297,3.0238920549066865e-17,-1.6829684630854815e-17
-3.296,3.061014801025449e-17,-1.7028742932992988e-17
-3.295,3.098592916006278e-17,-1.7230147836747815e-17
-3.294,3.136631980870629e-17,-1.7433926902622013e-17
-3.293,3.175137644978646e-17,-1.7640108013467145e-17
-3.292,3.214115626865137e-17,-1.78487193782361e-17
-3.291,3.253571715085771e-17,-1.8059789535779028e-17
-3.29,3.293511769073612e-17,-1.8273347358683217e-17
-3.289,3.3339417200061195e-17,-1.8489422057157433e-17
-3.288,3.3748675716827456e-17,-1.8708043182961217e-17
-3.287,3.4162954014132523e-17,-1.8929240633379673e-17
-3.286,3.458231360916885e-17,-1.9153044655244255e-17
-3.285,3.5006816772325354e-17,-1.9379485849000093e-17
-3.284,3.5436526536400234e-17,-1.960859517282039e-17
-3.283,3.587150670592634e-17,-1.9840403946768426e-17
-3.282,3.6311821866610535e-17,-2.0074943857007736e-17
-3.281,3.675753739488833e-17,-2.031224696006098e-17
-3.28,3.7208719467595317e-17,-2.0552345687118093e-17
-3.279,3.7665435071756735e-17,-2.0795272848394303e-17
-3.278,3.8127752014496635e-17,-2.1041061637538507e-17
-3.277,3.859573893306817e-17,-2.1289745636092693e-17
-3.276,3.906946530500635e-17,-2.15413588180029e-17
-3.275,3.954900145840489e-17,-2.1795935554182384e-17
-3.274,4.0034418582318617e-17,-2.2053510617127518e-17
-3.273,4.0525788737292914e-17,-2.2314119185587095e-17
-3.272,4.1023184866021884e-17,-2.2577796849285628e-17
-3.271,4.1526680804136605e-17,-2.284457961370122e-17
-3.27,4.203635129112532e-17,-2.3114503904898722e-17
-3.269,4.255227198138691e-17,-2.338760657441872e-17
-3.268,4.307451945541946e-17,-2.3663924904223073e-17
-3.267,4.36031712311455e-17,-2.3943496611697587e-17
-3.266,4.413830577537561e-17,-2.4226359854712526e-17
-3.265,4.4680002515411975e-17,-2.4512553236741592e-17
-3.264,4.522834185079382e-17,-2.4802115812040066e-17
-3.263,4.578340516518621e-17,-2.5095087090882798e-17
-3.262,4.634527483841411e-17,-2.5391507044862693e-17
-3.261,4.6914034258643456e-17,-2.5691416112250427e-17
-3.26,4.748976783471101e-17,-2.5994855203416082e-17
-3.259,4.807256100860479e-17,-2.630186570631341e-17
-3.258,4.8662500268096984e-17,-2.6612489492027433e-17
-3.257,4.925967315953115e-17,-2.692676892038614e-17
-3.256,4.98641683007656e-17,-2.7244746845636972e-17
-3.255,5.047607539427487e-17,-2.7566466622188873e-17
-3.254,5.109548524041121e-17,-2.7891972110420646e-17
-3.253,5.172248975082808e-17,-2.822130768255636e-17
-3.252,5.235718196206752e-17,-2.8554518228608637e-17
-3.251,5.299965604931355e-17,-2.889164916239047e-17
-3.25,5.365000734031348e-17,-2.923274642759656e-17
-3.249,5.430833232946928e-17,-2.9577856503954696e-17
-3.248,5.4974728692101026e-17,-2.9927026413448306e-17
-3.247,5.564929529888453e-17,-3.028030372661069e-17
-3.246,5.633213223046532e-17,-3.063773656889193e-17
-3.245,5.702334079225107e-17,-3.099937362709932e-17
-3.244,5.77230235293847e-17,-3.136526415591205e-17
-3.243,5.843128424190026e-17,-3.1735457984471064e-17
-3.242,5.914822800006398e-17,-3.211000552304495e-17
-3.241,5.98739611599026e-17,-3.248895776977278e-17
-3.24,6.060859137892138e-17,-3.28723663174846e-17
-3.239,6.135222763201397e-17,-3.326028336060075e-17
-3.238,6.210498022756662e-17,-3.3652761702110616e-17
-3.237,6.286696082375901e-17,-3.404985476063195e-17
-3.236,6.36382824450641e-17,-3.445161657755155e-17
-3.235,6.441905949894954e-17,-3.4858101824248305e-17
-3.234,6.520940779278294e-17,-3.5269365809399504e-17
-3.233,6.600944455094351e-17,-3.568546448637136e-17
-3.232,6.681928843214276e-17,-3.610645446069479e-17
-3.231,6.763905954695661e-17,-3.653239299762728e-17
-3.23,6.846887947557153e-17,-3.696333802980198e-17
-3.229,6.930887128574743e-17,-3.739934816496496e-17
-3.228,7.01591595509998e-17,-3.784048269380153e-17
-3.227,7.10198703690039e-17,-3.828680159785289e-17
-3.226,7.189113138022358e-17,-3.873836555752391e-17
-3.225,7.277307178676756e-17,-3.919523596018314e-17
-3.224,7.366582237147596e-17,-3.9657474908356265e-17
-3.223,7.456951551723979e-17,-4.01251452280138e-17
-3.222,7.548428522655633e-17,-4.059831047695434e-17
-3.221,7.641026714132326e-17,-4.107703495328433e-17
-3.22,7.734759856287433e-17,-4.156138370399554e-17
-3.219,7.829641847225984e-17,-4.205142253364123e-17
-3.218,7.92568675507744e-17,-4.254721801311231e-17
-3.217,8.022908820073559e-17,-4.3048837488514504e-17
-3.216,8.121322456651599e-17,-4.3556349090147735e-17
-3.215,8.220942255583217e-17,-4.406982174158885e-17
-3.214,8.321782986129341e-17,-4.4589325168878966e-17
-3.213,8.423859598221352e-17,-4.5114929909816486e-17
-3.212,8.527187224668891e-17,-4.564670732335712e-17
-3.211,8.631781183394613e-17,-4.618472959912209e-17
-3.21,8.737656979696218e-17,-4.672906976701573e-17
-3.209,8.844830308536094e-17,-4.727980170695372e-17
-3.208,8.953317056858912e-17,-4.7837000158703366e-17
-3.207,9.063133305937493e-17,-4.840074073183694e-17
-3.206,9.174295333747331e-17,-4.8971099915799615e-17
-3.205,9.286819617370073e-17,-4.9548155090093214e-17
-3.204,9.400722835426352e-17,-5.0131984534577003e-17
-3.203,9.516021870538303e-17,-5.072266743988707e-17
-3.202,9.632733811822136e-17,-5.132028391797544e-17
-3.201,9.750875957411133e-17,-5.1924915012770417e-17
-3.2,9.870465817009432e-17,-5.2536642710959476e-17
-3.199,9.991521114476974e-17,-5.315554995289616e-17
-3.198,1.011405979044601e-16,-5.378172064363232e-17
-3.197,1.0238100004969528e-16,-5.441523966407722e-17
-3.196,1.0363660140202004e-16,-5.5056192882284876e-17
-3.195,1.0490758803112867e-16,-5.570466716487111e-17
-3.194,1.0619414828233079e-16,-5.636075038856186e-17
-3.193,1.0749647280435228e-16,-5.702453145187414e-17
-3.192,1.0881475457747553e-16,-5.769610028693126e-17
-3.191,1.1014918894202299e-16,-5.837554787141378e-17
-3.19,1.114999736271884e-16,-5.906296624064776e-17
-3.189,1.1286730878021967e-16,-5.975844849983184e-17
-3.188,1.1425139699595807e-16,-6.046208883640482e-17
-3.187,1.1565244334673765e-16,-6.117398253255528e-17
-3.186,1.1707065541264962e-16,-6.189422597787483e-17
-3.185,1.1850624331217597e-16,-6.262291668215669e-17
-3.184,1.1995941973319687e-16,-6.33601532883412e-17
-3.183,1.2143039996437633e-16,-6.410603558560999e-17
-3.182,1.2291940192693095e-16,-6.486066452263051e-17
-3.181,1.2442664620678612e-16,-6.562414222095251e-17
-3.18,1.2595235608712465e-16,-6.639657198855837e-17
-3.179,1.274967575813325e-16,-6.717805833356894e-17
-3.178,1.2906007946634635e-16,-6.796870697810662e-17
-3.177,1.3064255331640827e-16,-6.876862487231762e-17
-3.176,1.3224441353723189e-16,-6.957792020855502e-17
-3.175,1.338658974005856e-16,-7.039670243572467e-17
-3.174,1.3550724507929754e-16,-7.122508227379551e-17
-3.173,1.3716869968268783e-16,-7.206317172847655e-17
-3.172,1.3885050729243266e-16,-7.291108410606202e-17
-3.171,1.4055291699886638e-16,-7.37689340284469e-17
-3.17,1.4227618093772597e-16,-7.463683744831463e-17
-3.169,1.4402055432734414e-16,-7.551491166449891e-17
-3.168,1.457862955062958e-16,-7.640327533752179e-17
-3.167,1.4757366597150405e-16,-7.730204850530976e-17
-3.166,1.493829304168107e-16,-7.821135259909012e-17
-3.165,1.5121435677201751e-16,-7.91313104594695e-17
-3.164,1.5306821624240363e-16,-8.006204635269677e-17
-3.163,1.5494478334872483e-16,-8.100368598711229e-17
-3.162,1.5684433596770086e-16,-8.195635652978556e-17
-3.161,1.5876715537299657e-16,-8.292018662334381e-17
-3.16,1.6071352627670285e-16,-8.389530640299311e-17
-3.159,1.6268373687132352e-16,-8.488184751373473e-17
-3.158,1.6467807887227432e-16,-8.587994312777853e-17
-3.157,1.666968475609003e-16,-8.688972796215599e-17
-3.156,1.6874034182801776e-16,-8.791133829653493e-17
-3.155,1.7080886421798719e-16,-8.894491199123821e-17
-3.154,1.7290272097332403e-16,-8.999058850546881e-17
-3.153,1.750222220798531e-16,-9.104850891574367e-17
-3.152,1.771676813124139e-16,-9.211881593453848e-17
-3.151,1.7933941628112343e-16,-9.320165392914604e-17
-3.15,1.8153774847820278e-16,-9.42971689407504e-17
-3.149,1.8376300332537536e-16,-9.540550870371947e-17
-3.148,1.8601551022184258e-16,-9.652682266511832e-17
-3.147,1.8829560259284496e-16,-9.766126200444585e-17
-3.146,1.9060361793881514e-16,-9.880897965359737e-17
-3.145,1.9293989788513058e-16,-9.99701303170555e-17
-3.144,1.9530478823247262e-16,-1.0114487049231222e-16
-3.143,1.9769863900779983e-16,-1.0233335849052435e-16
-3.142,2.0012180451594285e-16,-1.0353575445740558e-16
-3.141,2.0257464339182831e-16,-1.0475222039435723e-16
-3.14,2.0505751865333964e-16,-1.0598292017984084e-16
-3.139,2.075707977548222e-16,-1.0722801959099508e-16
-3.138,2.1011485264124115e-16,-1.0848768632549994e-16
-3.137,2.126900598029992e-16,-1.0976209002369084e-16
-3.136,2.1529680033142315e-16,-1.110514022909256e-16
-3.135,2.179354599749267e-16,-1.1235579672020716e-16
-3.134,2.20606429195858e-16,-1.1367544891506472e-16
-3.133,2.2331010322804042e-16,-1.150105365126966e-16
-3.132,2.2604688213501473e-16,-1.1636123920737752e-16
-3.131,2.2881717086899133e-16,-1.1772773877413333e-16
-3.13,2.3162137933052146e-16,-1.1911021909268624e-16
-3.129,2.344599224288953e-16,-1.2050886617167375e-16
-3.128,2.3733322014327698e-16,-1.219238681731441e-16
-3.127,2.402416975845846e-16,-1.233554154373317e-16
-3.126,2.431857850581246e-16,-1.2480370050771537e-16
-3.125,2.4616591812698957e-16,-1.2626891815636292e-16
-3.124,2.491825376762293e-16,-1.2775126540956507e-16
-3.123,2.5223608997780367e-16,-1.2925094157376216e-16
-3.122,2.5532702675632726e-16,-1.3076814826176663e-16
-3.121,2.5845580525561586e-16,-1.3230308941928536e-16
-3.12,2.6162288830604355e-16,-1.3385597135174418e-16
-3.119,2.6482874439272135e-16,-1.35427002751419e-16
-3.118,2.680738477245063e-16,-1.3701639472487642e-16
-3.117,2.713586783038524e-16,-1.3862436082072746e-16
-3.116,2.7468372199751225e-16,-1.402511170576981e-16
-3.115,2.780494706081009e-16,-1.4189688195302e-16
-3.114,2.8145642194653193e-16,-1.4356187655114508e-16
-3.113,2.8490507990533583e-16,-1.4524632445278786e-16
-3.112,2.8839595453287276e-16,-1.4695045184429886e-16
-3.111,2.9192956210844936e-16,-1.4867448752737304e-16
-3.11,2.9550642521835103e-16,-1.504186629490972e-16
-3.109,2.991270728328009e-16,-1.5218321223233974e-16
-3.108,3.0279204038385687e-16,-1.5396837220648718e-16
-3.107,3.065018698442576e-16,-1.5577438243853099e-16
-3.106,3.1025710980722997e-16,-1.5760148526450868e-16
-3.105,3.1405831556726823e-16,-1.5944992582130345e-16
-3.104,3.179060492018986e-16,-1.6131995207880617e-16
-3.103,3.2180087965443944e-16,-1.6321181487244394e-16
-3.102,3.257433828177702e-16,-1.651257679360792e-16
-3.101,3.297341416191213e-16,-1.670620679352838e-16
-3.1,3.337737461058972e-16,-1.6902097450099204e-16
-3.099,3.3786279353254484e-16,-1.7100275026353722e-16
-3.098,3.4200188844848113e-16,-1.7300766088707567e-16
-3.097,3.4619164278709154e-16,-1.7503597510440307e-16
-3.096,3.504326759558132e-16,-1.7708796475216698e-16
-3.095,3.5472561492731554e-16,-1.7916390480648066e-16
-3.094,3.59071094331792e-16,-1.8126407341894201e-16
-3.093,3.6346975655037616e-16,-1.833887519530629e-16
-3.092,3.6792225180969623e-16,-1.8553822502111288e-16
-3.091,3.724292382775811e-16,-1.8771278052138257e-16
-3.09,3.769913821599331e-16,-1.899127096758708e-16
-3.089,3.816093577987805e-16,-1.9213830706840087e-16
-3.088,3.862838477715247e-16,-1.9438987068317047e-16
-3.087,3.9101554299139655e-16,-1.9666770194373998e-16
-3.086,3.9580514280913684e-16,-1.9897210575246468e-16
-3.085,4.006533551159149e-16,-2.0130339053037514e-16
-3.084,4.0556089644750125e-16,-2.0366186825751147e-16
-3.083,4.1052849208970986e-16,-2.0604785451371602e-16
-3.082,4.1555687618512375e-16,-2.0846166851989022e-16
-3.081,4.206467918411218e-16,-2.1090363317972027e-16
-3.08,4.2579899123922093e-16,-2.1337407512187734e-16
-3.079,4.3101423574575025e-16,-2.158733247426975e-16
-3.078,4.3629329602387335e-16,-2.1840171624934662e-16
-3.077,4.416369521469755e-16,-2.209595877034761e-16
-3.076,4.470459937134313e-16,-2.235472810653744e-16
-3.075,4.525212199627709e-16,-2.2616514223862067e-16
-3.074,4.58063439893261e-16,-2.2881352111524513e-16
-3.073,4.636734723809174e-16,-2.31492771621403e-16
-3.072,4.693521462999682e-16,-2.342032517635673e-16
-3.071,4.751003006447836e-16,-2.369453236752455e-16
-3.07,4.809187846532903e-16,-2.39719353664228e-16
-3.069,4.868084579318898e-16,-2.4252571226037177e-16
-3.068,4.92770190581898e-16,-2.453647742639277e-16
-3.067,4.988048633275241e-16,-2.482369187944157e-16
-3.066,5.049133676454085e-16,-2.5114252934005545e-16
-3.065,5.110966058957387e-16,-2.540819938077574e-16
-3.064,5.17355491454961e-16,-2.5705570457368173e-16
-3.063,5.236909488501093e-16,-2.6006405853437073e-16
-3.062,5.30103913894769e-16,-2.6310745715846165e-16
-3.061,5.365953338266974e-16,-2.661863065389858e-16
-3.06,5.431661674471195e-16,-2.6930101744626144e-16
-3.059,5.498173852617195e-16,-2.7245200538138644e-16
-3.058,5.565499696233505e-16,-2.7563969063033737e-16
-3.057,5.633649148764809e-16,-2.788644983186826e-16
-3.056,5.702632275033999e-16,-2.8212685846691547e-16
-3.055,5.772459262722034e-16,-2.854272060464147e-16
-3.054,5.84314042386582e-16,-2.887659810360398e-16
-3.053,5.914686196374321e-16,-2.921436284793672e-16
-3.052,5.987107145563141e-16,-2.955605985425757e-16
-3.051,6.060413965707779e-16,-2.9901734657298757e-16
-3.05,6.134617481615803e-16,-3.0251433315827353e-16
-3.049,6.209728650218161e-16,-3.060520241863278e-16
-3.048,6.285758562179876e-16,-3.096308909058218e-16
-3.047,6.362718443530332e-16,-3.1325140998744425e-16
-3.046,6.440619657313428e-16,-3.1691406358583397e-16
-3.045,6.519473705257811e-16,-3.2061933940221486e-16
-3.044,6.599292229467443e-16,-3.2436773074773985e-16
-3.043,6.680087014132751e-16,-3.281597366075518e-16
-3.042,6.761869987262611e-16,-3.319958617055701e-16
-3.041,6.844653222437409e-16,-3.3587661657001056e-16
-3.04,6.928448940583449e-16,-3.398025175996464e-16
-3.039,7.013269511768955e-16,-3.4377408713081977e-16
-3.038,7.099127457021947e-16,-3.4779185350521117e-16
-3.037,7.18603545017023e-16,-3.518563511383758e-16
-3.036,7.274006319703793e-16,-3.5596812058905534e-16
-3.035,7.363053050659869e-16,-3.601277086292734e-16
-3.034,7.453188786530947e-16,-3.6433566831522425e-16
-3.033,7.544426831196004e-16,-3.685925590589632e-16
-3.032,7.636780650875242e-16,-3.7289894670090727e-16
-3.031,7.73026387610862e-16,-3.7725540358315585e-16
-3.03,7.824890303758469e-16,-3.816625086236404e-16
-3.029,7.920673899036473e-16,-3.8612084739111214e-16
-3.028,8.017628797555332e-16,-3.906310121809771e-16
-3.027,8.115769307405378e-16,-3.951936020919888e-16
-3.026,8.215109911256484e-16,-3.9980922310380693e-16
-3.025,8.31566526848554e-16,-4.044784881554325e-16
-3.024,8.417450217329819e-16,-4.0920201722452933e-16
-3.023,8.520479777066563e-16,-4.1398043740764124e-16
-3.022,8.624769150219077e-16,-4.188143830013153e-16
-3.021,8.730333724789682e-16,-4.2370449558414143e-16
-3.02,8.837189076519832e-16,-4.2865142409971803e-16
-3.019,8.945350971177742e-16,-4.3365582494055444e-16
-3.018,9.054835366873847e-16,-4.3871836203292074e-16
-3.017,9.16565841640444e-16,-4.438397069226551e-16
-3.016,9.277836469623824e-16,-4.490205388619396e-16
-3.015,9.391386075845337e-16,-4.542615448970552e-16
-3.014,9.506323986271586e-16,-4.595634199571271e-16
-3.013,9.622667156454246e-16,-4.649268669438713e-16
-3.012,9.740432748783799e-16,-4.703525968223532e-16
-3.011,9.859638135009559e-16,-4.758413287127703e-16
-3.01,9.980300898790364e-16,-4.813937899832701e-16
-3.009,1.0102438838276294e-15,-4.870107163438135e-16
-3.008,1.0226069968721797e-15,-4.926928519410987e-16
-3.007,1.0351212525130635e-15,-4.984409494545528e-16
-3.006,1.0477884964932956e-15,-5.042557701934071e-16
-3.005,1.0606105970694995e-15,-5.10138084194866e-16
-3.004,1.0735894452861688e-15,-5.160886703233817e-16
-3.003,1.0867269552532695e-15,-5.221083163710487e-16
-3.002,1.1000250644272153e-15,-5.281978191591278e-16
-3.001,1.1134857338952645e-15,-5.343579846407154e-16
-3.0,1.127110948663374e-15,-5.40589628004568e-16
-2.999,1.1409027179475566e-15,-5.468935737800965e-16
-2.998,1.1548630754687818e-15,-5.532706559435429e-16
-2.997,1.1689940797514628e-15,-5.597217180253523e-16
-2.996,1.1832978144255767e-15,-5.662476132187534e-16
-2.995,1.1977763885324566e-15,-5.728492044895619e-16
-2.994,1.2124319368343064e-15,-5.795273646872191e-16
-2.993,1.2272666201274771e-15,-5.862829766570805e-16
-2.992,1.2422826255595565e-15,-5.931169333539674e-16
-2.991,1.2574821669503123e-15,-6.000301379569966e-16
-2.99,1.2728674851165427e-15,-6.070235039857014e-16
-2.989,1.2884408482008743e-15,-6.140979554174587e-16
-2.988,1.3042045520045604e-15,-6.212544268062369e-16
-2.987,1.3201609203243275e-15,-6.284938634026793e-16
-2.986,1.3363123052933172e-15,-6.358172212755366e-16
-2.985,1.3526610877261749e-15,-6.432254674344656e-16
-2.984,1.3692096774683352e-15,-6.507195799542081e-16
-2.983,1.3859605137495553e-15,-6.583005481001649e-16
-2.982,1.4029160655417473e-15,-6.659693724553804e-16
-2.981,1.4200788319211615e-15,-6.73727065048956e-16
-2.98,1.4374513424349753e-15,-6.815746494859034e-16
-2.979,1.4550361574723382e-15,-6.895131610784593e-16
-2.978,1.4728358686399303e-15,-6.975436469788723e-16
-2.977,1.4908530991420861e-15,-7.056671663136828e-16
-2.976,1.5090905041655423e-15,-7.1388479031951e-16
-2.975,1.52755077126886e-15,-7.221976024803632e-16
-2.974,1.5462366207765875e-15,-7.306066986664946e-16
-2.973,1.5651508061782108e-15,-7.391131872748104e-16
-2.972,1.5842961145319562e-15,-7.477181893708583e-16
-2.971,1.6036753668735051e-15,-7.564228388324064e-16
-2.97,1.6232914186296732e-15,-7.652282824946358e-16
-2.969,1.6431471600371232e-15,-7.741356802969586e-16
-2.968,1.6632455165661666e-15,-7.83146205431485e-16
-2.967,1.683589449349717e-15,-7.922610444931549e-16
-2.966,1.7041819556174604e-15,-8.014813976315517e-16
-2.965,1.7250260691353012e-15,-8.108084787044198e-16
-2.964,1.7461248606501525e-15,-8.202435154329022e-16
-2.963,1.7674814383401325e-15,-8.29787749558517e-16
-2.962,1.7890989482702343e-15,-8.394424370018958e-16
-2.961,1.810980574853533e-15,-8.492088480232977e-16
-2.96,1.8331295413180023e-15,-8.590882673849239e-16
-2.959,1.8555491101790033e-15,-8.690819945150488e-16
-2.958,1.8782425837175167e-15,-8.791913436739912e-16
-2.957,1.9012133044641885e-15,-8.89417644121943e-16
-2.956,1.9244646556892594e-15,-8.997622402886764e-16
-2.955,1.94800006189845e-15,-9.102264919451535e-16
-2.954,1.971822989334869e-15,-9.208117743770546e-16
-2.953,1.9959369464870304e-15,-9.315194785602495e-16
-2.952,2.020345484603033e-15,-9.423510113382325e-16
-2.951,2.045052198211001e-15,-9.533077956015428e-16
-2.95,2.070060725645843e-15,-9.643912704691926e-16
-2.949,2.0953747495824136e-15,-9.756028914721233e-16
-2.948,2.1209979975751567e-15,-9.869441307387145e-16
-2.947,2.1469342426043048e-15,-9.984164771823681e-16
-2.946,2.173187303628719e-15,-1.0100214366911883e-15
-2.945,2.1997610461454433e-15,-1.0217605323197835e-15
-2.944,2.2266593827560618e-15,-1.0336353044832111e-15
-2.943,2.2538862737399374e-15,-1.0456473111530902e-15
-2.942,2.2814457276344164e-15,-1.0577981280559064e-15
-2.941,2.3093418018220828e-15,-1.0700893488735314e-15
-2.94,2.3375786031251497e-15,-1.0825225854459823e-15
-2.939,2.3661602884070714e-15,-1.095099467976448e-15
-2.938,2.3950910651814686e-15,-1.1078216452386019e-15
-2.937,2.4243751922284483e-15,-1.1206907847862318e-15
-2.936,2.4540169802184152e-15,-1.1337085731652104e-15
-2.935,2.4840207923434623e-15,-1.1468767161278303e-15
-2.934,2.5143910449564316e-15,-1.1601969388495325e-15
-2.933,2.545132208217739e-15,-1.173670986148054e-15
-2.932,2.5762488067500605e-15,-1.187300622705019e-15
-2.931,2.6077454203009677e-15,-1.201087633290003e-15
-2.93,2.639626684413617e-15,-1.2150338229870978e-15
-2.929,2.6718972911055874e-15,-1.2291410174240003e-15
-2.928,2.7045619895559628e-15,-1.243411063003658e-15
-2.927,2.7376255868007603e-15,-1.2578458271384973e-15
-2.926,2.7710929484368115e-15,-1.2724471984872615e-15
-2.925,2.804968999334188e-15,-1.2872170871944905e-15
-2.924,2.839258724357288e-15,-1.3021574251326672e-15
-2.923,2.8739671690946738e-15,-1.3172701661470637e-15
-2.922,2.909099440597783e-15,-1.332557286303315e-15
-2.921,2.944660708128608e-15,-1.3480207841377498e-15
-2.92,2.980656203916458e-15,-1.36366268091051e-15
-2.919,3.0170912239239117e-15,-1.3794850208614885e-15
-2.918,3.053971128622078e-15,-1.3954898714691171e-15
-2.917,3.091301343775268e-15,-1.4116793237120341e-15
-2.916,3.1290873612351974e-15,-1.4280554923336661e-15
-2.915,3.167334739744839e-15,-1.444620516109753e-15
-2.914,3.2060491057520344e-15,-1.4613765581188499e-15
-2.913,3.245236154232988e-15,-1.4783258060158391e-15
-2.912,3.2849016495257627e-15,-1.4954704723084832e-15
-2.911,3.325051426173897e-15,-1.5128127946370559e-15
-2.91,3.3656913897802666e-15,-1.5303550360570795e-15
-2.909,3.4068275178713186e-15,-1.548099485325209e-15
-2.908,3.4484658607717956e-15,-1.5660484571882916e-15
-2.907,3.4906125424900865e-15,-1.5842042926756409e-15
-2.906,3.5332737616143258e-15,-1.602569359394557e-15
-2.905,3.576455792219375e-15,-1.6211460518291326e-15
-2.904,3.620164984784817e-15,-1.6399367916423764e-15
-2.903,3.664407767124098e-15,-1.6589440279816936e-15
-2.902,3.7091906453249505e-15,-1.6781702377877583e-15
-2.901,3.754520204701235e-15,-1.6976179261068158e-15
-2.9,3.800403110756338e-15,-1.7172896264064518e-15
-2.899,3.84684611015827e-15,-1.737187900894867e-15
-2.898,3.8938560317266e-15,-1.7573153408436948e-15
-2.897,3.9414397874313715e-15,-1.7776745669144013e-15
-2.896,3.98960437340415e-15,-1.7982682294883064e-15
-2.895,4.038356870961339e-15,-1.8190990090002664e-15
-2.894,4.087704447639928e-15,-1.8401696162760552e-15
-2.893,4.137654358245806e-15,-1.8614827928734905e-15
-2.892,4.188213945914807e-15,-1.883041311427338e-15
-2.891,4.239390643186633e-15,-1.9048479759980433e-15
-2.89,4.291191973091816e-15,-1.9269056224243238e-15
-2.889,4.343625550251875e-15,-1.9492171186796727e-15
-2.888,4.396699081992822e-15,-1.97178536523281e-15
-2.887,4.450420369472192e-15,-1.9946132954121282e-15
-2.886,4.504797308819753e-15,-2.017703875774173e-15
-2.885,4.55983789229205e-15,-2.041060106476205e-15
-2.884,4.615550209440984e-15,-2.064685021652888e-15
-2.883,4.6719424482965514e-15,-2.088581689797146e-15
-2.882,4.729022896563957e-15,-2.1127532141452346e-15
-2.881,4.7867999428352485e-15,-2.1372027330660748e-15
-2.88,4.845282077815654e-15,-2.1619334204548964e-15
-2.879,4.90447789556481e-15,-2.1869484861312337e-15
-2.878,4.964396094753052e-15,-2.2122511762413225e-15
-2.877,5.0250454799329404e-15,-2.2378447736649504e-15
-2.876,5.08643496282624e-15,-2.263732598426803e-15
-2.875,5.148573563626492e-15,-2.289918008112357e-15
-2.874,5.211470412317416e-15,-2.316404398288374e-15
-2.873,5.275134750007294e-15,-2.343195202928036e-15
-2.872,5.339575930279555e-15,-2.370293894840781e-15
-2.871,5.4048034205597504e-15,-2.3977039861068866e-15
-2.87,5.4708268034991105e-15,-2.4254290285168557e-15
-2.869,5.537655778374894e-15,-2.4534726140156486e-15
-2.868,5.605300162507726e-15,-2.4818383751518265e-15
-2.867,5.6737698926961395e-15,-2.510529985531648e-15
-2.866,5.743075026668512e-15,-2.5395511602781817e-15
-2.865,5.813225744552629e-15,-2.5689056564954816e-15
-2.864,5.884232350363073e-15,-2.5985972737378862e-15
-2.863,5.95610527350666e-15,-2.6286298544844935e-15
-2.862,6.028855070306136e-15,-2.6590072846188677e-15
-2.861,6.102492425542366e-15,-2.6897334939140397e-15
-2.86,6.17702815401523e-15,-2.7208124565228503e-15
-2.859,6.252473202123452e-15,-2.7522481914737007e-15
-2.858,6.328838649463596e-15,-2.7840447631717664e-15
-2.857,6.4061357104484654e-15,-2.816206281905734e-15
-2.856,6.484375735945128e-15,-2.8487369043601198e-15
-2.855,6.56357021493281e-15,-2.8816408341332334e-15
-2.854,6.643730776180911e-15,-2.9149223222608426e-15
-2.853,6.7248691899473594e-15,-2.9485856677456083e-15
-2.852,6.806997369697585e-15,-2.982635218092343e-15
-2.851,6.8901273738443214e-15,-3.0170753698491652e-15
-2.85,6.9742714075085345e-15,-3.0519105691546056e-15
-2.849,7.05944182430169e-15,-3.0871453122907343e-15
-2.848,7.145651128129646e-15,-3.122784146242373e-15
-2.847,7.23291197501843e-15,-3.1588316692624563e-15
-2.846,7.321237174962139e-15,-3.1952925314436106e-15
-2.845,7.410639693793284e-15,-3.2321714352960165e-15
-2.844,7.501132655075781e-15,-3.2694731363316245e-15
-2.843,7.59272934202093e-15,-3.3072024436547888e-15
-2.842,7.685443199426608e-15,-3.3453642205593923e-15
-2.841,7.779287835639991e-15,-3.383963385132531e-15
-2.84,7.874277024544073e-15,-3.423004910864829e-15
-2.839,7.970424707568272e-15,-3.462493827267456e-15
-2.838,8.06774499572343e-15,-3.5024352204959173e-15
-2.837,8.166252171661468e-15,-3.542834233980694e-15
-2.836,8.265960691760034e-15,-3.5836960690648016e-15
-2.835,8.366885188232419e-15,-3.625025985648348e-15
-2.834,8.46904047126306e-15,-3.666829302840154e-15
-2.833,8.572441531168935e-15,-3.709111399616536e-15
-2.832,8.677103540587165e-15,-3.751877715487298e-15
-2.831,8.783041856689133e-15,-3.795133751169031e-15
-2.83,8.890272023421459e-15,-3.8388850692658e-15
-2.829,8.998809773774135e-15,-3.883137294957275e-15
-2.828,9.108671032076165e-15,-3.927896116694423e-15
-2.827,9.219871916319019e-15,-3.9731672869028e-15
-2.826,9.332428740508283e-15,-4.018956622693561e-15
-2.825,9.446358017043798e-15,-4.065270006582251e-15
-2.824,9.561676459128648e-15,-4.112113387215465e-15
-2.823,9.678400983207368e-15,-4.159492780105465e-15
-2.822,9.796548711433696e-15,-4.2074142683728295e-15
-2.821,9.91613697416824e-15,-4.25588400349724e-15
-2.82,1.0037183312506425e-14,-4.3049082060764704e-15
-2.819,1.0159705480837078e-14,-4.354493166593684e-15
-2.818,1.0283721449432024e-14,-4.40464524619312e-15
-2.817,1.0409249407067078e-14,-4.455370877464253e-15
-2.816,1.0536307763674791e-14,-4.506676565234536e-15
-2.815,1.0664915153029362e-14,-4.558568887370797e-15
-2.814,1.0795090435464088e-14,-4.611054495589397e-15
-2.813,1.0926852700621732e-14,-4.66414011627523e-15
-2.812,1.1060221270238252e-14,-4.717832551309678e-15
-2.811,1.1195215700960238e-14,-4.772138678907599e-15
-2.81,1.1331855787196522e-14,-4.8270654544634545e-15
-2.809,1.1470161564004312e-14,-4.882619911406669e-15
-2.808,1.1610153310010334e-14,-4.938809162066327e-15
-2.807,1.175185155036735e-14,-4.995640398545302e-15
-2.806,1.1895277059746515e-14,-5.053120893603919e-15
-2.805,1.2040450865365984e-14,-5.1112580015532534e-15
-2.804,1.2187394250056222e-14,-5.170059159158166e-15
-2.803,1.2336128755362466e-14,-5.229531886550189e-15
-2.802,1.2486676184684754e-14,-5.2896837881503536e-15
-2.801,1.2639058606456032e-14,-5.350522553602071e-15
-2.8,1.2793298357358737e-14,-5.412055958714183e-15
-2.799,1.2949418045580375e-14,-5.474291866414274e-15
-2.798,1.3107440554108529e-14,-5.537238227712368e-15
-2.797,1.3267389044065784e-14,-5.600903082675112e-15
-2.796,1.342928695808508e-14,-5.66529456141057e-15
-2.795,1.3593158023725919e-14,-5.7304208850637214e-15
-2.794,1.375902625693199e-14,-5.796290366822795e-15
-2.793,1.3926915965530666e-14,-5.8629114129365475e-15
-2.792,1.4096851752774886e-14,-5.930292523742601e-15
-2.791,1.426885852092797e-14,-5.998442294706965e-15
-2.79,1.4442961474891822e-14,-6.067369417474846e-15
-2.789,1.4619186125879118e-14,-6.137082680932887e-15
-2.788,1.4797558295129937e-14,-6.207590972282939e-15
-2.787,1.4978104117673457e-14,-6.2789032781274995e-15
-2.786,1.516085004613516e-14,-6.351028685566931e-15
-2.785,1.53458228545902e-14,-6.423976383308599e-15
-2.784,1.5533049642463405e-14,-6.497755662788041e-15
-2.783,1.5722557838476534e-14,-6.5723759193023074e-15
-2.782,1.5914375204643336e-14,-6.647846653155591e-15
-2.781,1.6108529840312995e-14,-6.724177470817289e-15
-2.78,1.6305050186262527e-14,-6.801378086092617e-15
-2.779,1.6503965028838775e-14,-6.8794583213059145e-15
-2.778,1.6705303504150512e-14,-6.9584281084967775e-15
-2.777,1.6909095102311365e-14,-7.0382974906291525e-15
-2.776,1.7115369671734074e-14,-7.119076622813522e-15
-2.775,1.7324157423476773e-14,-7.200775773542338e-15
-2.774,1.7535488935641908e-14,-7.283405325938823e-15
-2.773,1.774939515782839e-14,-7.366975779019299e-15
-2.772,1.79659074156377e-14,-7.451497748969162e-15
-2.771,1.81850574152345e-14,-7.53698197043269e-15
-2.77,1.840687724796253e-14,-7.623439297816771e-15
-2.769,1.8631399395016323e-14,-7.710880706608765e-15
-2.768,1.8858656732169536e-14,-7.799317294708579e-15
-2.767,1.90886825345605e-14,-7.888760283775175e-15
-2.766,1.9321510481535716e-14,-7.979221020587604e-15
-2.765,1.955717466155198e-14,-8.070710978420766e-15
-2.764,1.9795709577137878e-14,-8.163241758436006e-15
-2.763,2.0037150149915307e-14,-8.256825091086755e-15
-2.762,2.0281531725681817e-14,-8.351472837539327e-15
-2.761,2.052889007955446e-14,-8.447196991109054e-15
-2.76,2.0779261421175918e-14,-8.544009678711929e-15
-2.759,2.103268239998364e-14,-8.641923162331894e-15
-2.758,2.1289190110542745e-14,-8.740949840503972e-15
-2.757,2.1548822097943526e-14,-8.84110224981337e-15
-2.756,2.1811616363264218e-14,-8.94239306641076e-15
-2.755,2.207761136909994e-14,-9.04483510754388e-15
-2.754,2.234684604515853e-14,-9.148441333105647e-15
-2.753,2.26193597939241e-14,-9.25322484719893e-15
-2.752,2.2895192496389172e-14,-9.359198899718195e-15
-2.751,2.3174384517856138e-14,-9.466376887948156e-15
-2.75,2.3456976713808966e-14,-9.574772358179657e-15
-2.749,2.3743010435855958e-14,-9.684399007342914e-15
-2.748,2.4032527537744415e-14,-9.795270684658356e-15
-2.747,2.4325570381448097e-14,-9.907401393305193e-15
-2.746,2.462218184332834e-14,-1.0020805292107951e-14
-2.745,2.492240532036974e-14,-1.0135496697241118e-14
-2.744,2.522628473649128e-14,-1.025149008395211e-14
-2.743,2.553386454893382e-14,-1.036880008830276e-14
-2.742,2.5845189754724893e-14,-1.0487441508929496e-14
-2.741,2.6160305897221712e-14,-1.0607429308822436e-14
-2.74,2.647925907273333e-14,-1.0728778617123565e-14
-2.739,2.6802095937222943e-14,-1.0851504730944225e-14
-2.738,2.7128863713091273e-14,-1.0975623117202093e-14
-2.737,2.7459610196042018e-14,-1.1101149414477872e-14
-2.736,2.779438376203037e-14,-1.1228099434891885e-14
-2.735,2.8133233374295577e-14,-1.1356489166000793e-14
-2.734,2.847620859047861e-14,-1.1486334772714638e-14
-2.733,2.88233595698259e-14,-1.1617652599234425e-14
-2.732,2.917473708048024e-14,-1.1750459171010458e-14
-2.731,2.953039250685992e-14,-1.1884771196721655e-14
-2.73,2.9890377857127e-14,-1.2020605570276039e-14
-2.729,3.025474577074608e-14,-1.2157979372832656e-14
-2.728,3.0623549526134395e-14,-1.2296909874845108e-14
-2.727,3.0996843048404456e-14,-1.2437414538126964e-14
-2.726,3.137468091720038e-14,-1.2579511017939243e-14
-2.725,3.175711837462894e-14,-1.272321716510022e-14
-2.724,3.214421133328661e-14,-1.2868551028117784e-14
-2.723,3.253601638438362e-14,-1.3015530855344567e-14
-2.722,3.2932590805966305e-14,-1.3164175097156105e-14
-2.721,3.3333992571238904e-14,-1.3314502408152254e-14
-2.72,3.374028035698597e-14,-1.3466531649382107e-14
-2.719,3.415151355209661e-14,-1.3620281890592653e-14
-2.718,3.45677522661919e-14,-1.3775772412501432e-14
-2.717,3.4989057338356506e-14,-1.3933022709093424e-14
-2.716,3.5415490345976e-14,-1.4092052489942433e-14
-2.715,3.584711361368098e-14,-1.4252881682557223e-14
-2.714,3.62839902223993e-14,-1.4415530434752642e-14
-2.713,3.6726184018517864e-14,-1.4580019117046012e-14
-2.712,3.71737596231551e-14,-1.4746368325079047e-14
-2.711,3.7626782441545585e-14,-1.4914598882065558e-14
-2.71,3.8085318672538116e-14,-1.5084731841265188e-14
-2.709,3.854943531820865e-14,-1.525678848848351e-14
-2.708,3.901920019358942e-14,-1.5430790344598687e-14
-2.707,3.949468193651568e-14,-1.5606759168115e-14
-2.706,3.9975950017591536e-14,-1.578471695774355e-14
-2.705,4.046307475027618e-14,-1.5964685955010377e-14
-2.704,4.095612730109211e-14,-1.6146688646892255e-14
-2.703,4.145517969995673e-14,-1.6330747768480535e-14
-2.702,4.196030485063883e-14,-1.6516886305673242e-14
-2.701,4.2471576541341484e-14,-1.670512749789576e-14
-2.7,4.298906945541283e-14,-1.689549484085036e-14
-2.699,4.351285918218638e-14,-1.7088012089294944e-14
-2.698,4.4043022227952244e-14,-1.7282703259851214e-14
-2.697,4.457963602706111e-14,-1.7479592633842634e-14
-2.696,4.512277895316228e-14,-1.7678704760162458e-14
-2.695,4.567253033057761e-14,-1.788006445817215e-14
-2.694,4.6228970445812893e-14,-1.8083696820630502e-14
-2.693,4.679218055920839e-14,-1.8289627216653764e-14
-2.692,4.736224291673006e-14,-1.849788129470711e-14
-2.691,4.793924076190342e-14,-1.8708484985627748e-14
-2.69,4.852325834789152e-14,-1.8921464505680008e-14
-2.689,4.911438094971888e-14,-1.9136846359642757e-14
-2.688,4.9712694876643187e-14,-1.9354657343929428e-14
-2.687,5.031828748467643e-14,-1.957492454974101e-14
-2.686,5.093124718925737e-14,-1.9797675366252398e-14
-2.685,5.1551663478077094e-14,-2.0022937483832315e-14
-2.684,5.217962692405956e-14,-2.0250738897297307e-14
-2.683,5.2815229198498984e-14,-2.048110790920002e-14
-2.682,5.345856308435588e-14,-2.0714073133152188e-14
-2.681,5.410972248971386e-14,-2.094966349718268e-14
-2.68,5.4768802461398885e-14,-2.118790824713094e-14
-2.679,5.543589919876313e-14,-2.1428836950076172e-14
-2.678,5.611111006763534e-14,-2.1672479497802693e-14
-2.677,5.67945336144397e-14,-2.191886611030176e-14
-2.676,5.748626958048529e-14,-2.2168027339310258e-14
-2.675,5.81864189164281e-14,-2.2419994071886665e-14
-2.674,5.889508379690782e-14,-2.267479753402461e-14
-2.673,5.961236763536133e-14,-2.293246929430444e-14
-2.672,6.033837509901522e-14,-2.3193041267583214e-14
-2.671,6.107321212405928e-14,-2.3456545718723436e-14
-2.67,6.181698593100339e-14,-2.372301526636099e-14
-2.669,6.25698050402198e-14,-2.3992482886712653e-14
-2.668,6.333177928767306e-14,-2.4264981917423556e-14
-2.667,6.410301984084012e-14,-2.454054606145508e-14
-2.666,6.488363921482253e-14,-2.4819209391013485e-14
-2.665,6.567375128865324e-14,-2.510100635151977e-14
-2.664,6.647347132180038e-14,-2.538597176562118e-14
-2.663,6.728291597087029e-14,-2.5674140837244697e-14
-2.662,6.810220330651232e-14,-2.596554915569306e-14
-2.661,6.89314528305276e-14,-2.626023269978365e-14
-2.66,6.977078549318462e-14,-2.6558227842030695e-14
-2.659,7.06203237107437e-14,-2.685957135287129e-14
-2.658,7.148019138319316e-14,-2.716430040493558e-14
-2.657,7.235051391219958e-14,-2.7472452577361625e-14
-2.656,7.323141821927481e-14,-2.778406586015537e-14
-2.655,7.412303276416234e-14,-2.8099178658596163e-14
-2.654,7.502548756344561e-14,-2.8417829797688322e-14
-2.653,7.593891420938097e-14,-2.874005852665914e-14
-2.652,7.686344588895803e-14,-2.906590452350392e-14
-2.651,7.779921740319007e-14,-2.939540789957831e-14
-2.65,7.87463651866374e-14,-2.972860920423869e-14
-2.649,7.97050273271662e-14,-3.0065549429530804e-14
-2.648,8.067534358594617e-14,-3.040627001492736e-14
-2.647,8.165745541768925e-14,-3.0750812852114916e-14
-2.646,8.26515059911329e-14,-3.1099220289830674e-14
-2.645,8.365764020977036e-14,-3.1451535138749585e-14
-2.644,8.467600473283138e-14,-3.180780067642233e-14
-2.643,8.570674799651597e-14,-3.2168060652264685e-14
-2.642,8.67500202354845e-14,-3.253235929259872e-14
-2.641,8.780597350460719e-14,-3.290074130574642e-14
-2.64,8.8874761700976e-14,-3.3273251887176275e-14
-2.639,8.995654058618231e-14,-3.364993672470322e-14
-2.638,9.10514678088632e-14,-3.403084200374265e-14
-2.637,9.215970292752005e-14,-3.4416014412618914e-14
-2.636,9.328140743361237e-14,-3.480550114792891e-14
-2.635,9.441674477493031e-14,-3.519934991996123e-14
-2.634,9.556588037924924e-14,-3.559760895817154e-14
-2.633,9.672898167826963e-14,-3.600032701671468e-14
-2.632,9.790621813184599e-14,-3.6407553380034005e-14
-2.631,9.909776125250791e-14,-3.681933786850866e-14
-2.63,1.003037846302771e-13,-3.7235730844159215e-14
-2.629,1.0152446395778386e-13,-3.7656783216412414e-14
-2.628,1.0275997705568639e-13,-3.8082546447925417e-14
-2.627,1.0401050389839699e-13,-3.851307256047031e-14
-2.626,1.0527622664011846e-13,-3.89484141408794e-14
-2.625,1.0655732964119462e-13,-3.938862434705186e-14
-2.624,1.0785399949477877e-13,-3.983375691402242e-14
-2.623,1.0916642505382372e-13,-4.028386616009263e-14
-2.622,1.1049479745839751e-13,-4.07390069930254e-14
-2.621,1.1183931016332854e-13,-4.1199234916303344e-14
-2.62,1.1320015896618419e-13,-4.166460603545168e-14
-2.619,1.1457754203558684e-13,-4.213517706442617e-14
-2.618,1.1597165993987155e-13,-4.261100533206688e-14
-2.617,1.1738271567608913e-13,-4.309214878861836e-14
-2.616,1.188109146993593e-13,-4.357866601231683e-14
-2.615,1.2025646495257758e-13,-4.4070616216045164e-14
-2.614,1.217195768964807e-13,-4.456805925405624e-14
-2.613,1.232004635400743e-13,-4.507105562876532e-14
-2.612,1.246993404714277e-13,-4.5579666497612225e-14
-2.611,1.2621642588884017e-13,-4.609395367999391e-14
-2.61,1.2775194063238272e-13,-4.6613979664268157e-14
-2.609,1.2930610821582035e-13,-4.713980761482909e-14
-2.608,1.3087915485891936e-13,-4.7671501379255194e-14
-2.607,1.3247130952014386e-13,-4.8209125495530605e-14
-2.606,1.3408280392974687e-13,-4.8752745199340265e-14
-2.605,1.3571387262326021e-13,-4.930242643143981e-14
-2.604,1.3736475297538802e-13,-4.9858235845100835e-14
-2.603,1.3903568523430925e-13,-5.042024081363228e-14
-2.602,1.4072691255639334e-13,-5.0988509437978695e-14
-2.601,1.4243868104133455e-13,-5.1563110554396114e-14
-2.6,1.4417123976770993e-13,-5.214411374220635e-14
-2.599,1.4592484082896582e-13,-5.273158933163035e-14
-2.598,1.4769973936983803e-13,-5.332560841170158e-14
-2.597,1.494961936232113e-13,-5.392624283825995e-14
-2.596,1.5131446494742277e-13,-5.453356524202733e-14
-2.595,1.5315481786401536e-13,-5.5147649036765277e-14
-2.594,1.5501752009594583e-13,-5.576856842751578e-14
-2.593,1.5690284260625366e-13,-5.639639841892598e-14
-2.592,1.5881105963719587e-13,-5.703121482365743e-14
-2.591,1.6074244874985343e-13,-5.767309427088091e-14
-2.59,1.6269729086421502e-13,-5.83221142148576e-14
-2.589,1.6467587029974385e-13,-5.897835294360732e-14
-2.588,1.666784748164334e-13,-5.964188958766484e-14
-2.587,1.6870539565635777e-13,-6.031280412892496e-14
-2.586,1.7075692758572274e-13,-6.099117740957736e-14
-2.585,1.7283336893742377e-13,-6.167709114113193e-14
-2.584,1.7493502165411639e-13,-6.237062791353561e-14
-2.583,1.7706219133180585e-13,-6.307187120438149e-14
-2.582,1.7921518726396188e-13,-6.378090538821111e-14
-2.581,1.8139432248616497e-13,-6.449781574591089e-14
-2.58,1.8359991382129044e-13,-6.522268847420346e-14
-2.579,1.8583228192523702e-13,-6.595561069523504e-14
-2.578,1.8809175133320632e-13,-6.669667046625947e-14
-2.577,1.9037865050653962e-13,-6.744595678942015e-14
-2.576,1.926933118801192e-13,-6.820355962163051e-14
-2.575,1.9503607191034034e-13,-6.896956988455418e-14
-2.574,1.9740727112366151e-13,-6.97440794746858e-14
-2.573,1.9980725416573908e-13,-7.052718127353316e-14
-2.572,2.0223636985115403e-13,-7.131896915790212e-14
-2.571,2.0469497121373756e-13,-7.211953801028466e-14
-2.57,2.0718341555750282e-13,-7.292898372935174e-14
-2.569,2.0970206450819011e-13,-7.374740324055129e-14
-2.568,2.122512840654328e-13,-7.457489450681295e-14
-2.567,2.148314446555516e-13,-7.541155653935998e-14
-2.566,2.174429211849845e-13,-7.625748940862986e-14
-2.565,2.2008609309436027e-13,-7.711279425530427e-14
-2.564,2.22761344413223e-13,-7.797757330144968e-14
-2.563,2.254690638154158e-13,-7.885192986176949e-14
-2.562,2.282096446751311e-13,-7.973596835496876e-14
-2.561,2.3098348512363625e-13,-8.062979431523276e-14
-2.56,2.337909881066818e-13,-8.153351440382012e-14
-2.559,2.366325614426012e-13,-8.244723642077202e-14
-2.558,2.3950861788110984e-13,-8.33710693167381e-14
-2.557,2.424195751628123e-13,-8.43051232049206e-14
-2.556,2.4536585607942573e-13,-8.524950937313753e-14
-2.555,2.483478885347283e-13,-8.620434029600612e-14
-2.554,2.5136610560624163e-13,-8.716972964724773e-14
-2.553,2.5442094560765543e-13,-8.81457923121151e-14
-2.552,2.5751285215200377e-13,-8.913264439994348e-14
-2.551,2.606422742156019e-13,-9.013040325682647e-14
-2.55,2.638096662027525e-13,-9.11391874784178e-14
-2.549,2.670154880112309e-13,-9.215911692286043e-14
-2.548,2.7026020509855845e-13,-9.319031272384378e-14
-2.547,2.7354428854907354e-13,-9.423289730379072e-14
-2.546,2.7686821514181e-13,-9.528699438717509e-14
-2.545,2.8023246741919213e-13,-9.635272901397135e-14
-2.544,2.83637533756557e-13,-9.743022755323731e-14
-2.543,2.870839084325126e-13,-9.851961771683128e-14
-2.542,2.905720917001436e-13,-9.962102857326488e-14
-2.541,2.9410258985907317e-13,-1.0073459056169278e-13
-2.54,2.976759153283926e-13,-1.0186043550604062e-13
-2.539,3.01292586720468e-13,-1.029986966292723e-13
-2.538,3.0495312891563524e-13,-1.0414950856779806e-13
-2.537,3.0865807313779396e-13,-1.0531300738602466e-13
-2.536,3.1240795703091046e-13,-1.0648933059104866e-13
-2.535,3.162033247364416e-13,-1.0767861714749463e-13
-2.534,3.2004472697169e-13,-1.0888100749249909e-13
-2.533,3.2393272110910186e-13,-1.1009664355084199e-13
-2.532,3.2786787125651864e-13,-1.1132566875022658e-13
-2.531,3.318507483383946e-13,-1.1256822803670953e-13
-2.53,3.358819301779908e-13,-1.138244678902824e-13
-2.529,3.399620015805584e-13,-1.150945363406056e-13
-2.528,3.440915544175219e-13,-1.1637858298289706e-13
-2.527,3.4827118771167566e-13,-1.176767589939758e-13
-2.526,3.525015077234045e-13,-1.1898921714846308e-13
-2.525,3.56783128037942e-13,-1.2031611183514148e-13
-2.524,3.611166696536777e-13,-1.2165759907347407e-13
-2.523,3.6550276107152667e-13,-1.2301383653028486e-13
-2.522,3.6994203838537396e-13,-1.2438498353660176e-13
-2.521,3.7443514537360634e-13,-1.2577120110466413e-13
-2.52,3.7898273359174526e-13,-1.2717265194509561e-13
-2.519,3.8358546246619343e-13,-1.285895004842444e-13
-2.518,3.8824399938910885e-13,-1.3002191288169216e-13
-2.517,3.929590198144196e-13,-1.314700570479331e-13
-2.516,3.977312073549932e-13,-1.329341026622248e-13
-2.515,4.025612538809741e-13,-1.3441422119061214e-13
-2.514,4.0744985961930395e-13,-1.3591058590412652e-13
-2.513,4.123977332544379e-13,-1.3742337189716084e-13
-2.512,4.1740559203027204e-13,-1.389527561060229e-13
-2.511,4.224741618532965e-13,-1.4049891732766808e-13
-2.51,4.2760417739698797e-13,-1.420620362386134e-13
-2.509,4.3279638220745774e-13,-1.43642295414034e-13
-2.508,4.380515288103696e-13,-1.4523987934704437e-13
-2.507,4.4337037881914284e-13,-1.4685497446816522e-13
-2.506,4.4875370304445606e-13,-1.4848776916497828e-13
-2.505,4.542022816050671e-13,-1.5013845380197033e-13
-2.504,4.597169040399649e-13,-1.5180722074056808e-13
-2.503,4.652983694218693e-13,-1.5349426435936595e-13
-2.502,4.709474864720955e-13,-1.5519978107454798e-13
-2.501,4.766650736767982e-13,-1.5692396936050606e-13
-2.5,4.824519594046134e-13,-1.5866702977065565e-13
-2.499,4.883089820257131e-13,-1.6042916495845134e-13
-2.498,4.942369900322923e-13,-1.6221057969860335e-13
-2.497,5.002368421605018e-13,-1.640114809084975e-13
-2.496,5.063094075138478e-13,-1.6583207766981938e-13
-2.495,5.124555656880739e-13,-1.676725812503858e-13
-2.494,5.186762068975427e-13,-1.6953320512618393e-13
-2.493,5.249722321031371e-13,-1.714141650036212e-13
-2.492,5.313445531416981e-13,-1.7331567884198688e-13
-2.491,5.377940928570166e-13,-1.752379668761276e-13
-2.49,5.443217852324007e-13,-1.7718125163933853e-13
-2.489,5.509285755248336e-13,-1.7914575798647228e-13
-2.488,5.576154204007453e-13,-1.8113171311726698e-13
-2.487,5.643832880734134e-13,-1.8313934659989582e-13
-2.486,5.712331584420156e-13,-1.8516889039473988e-13
-2.485,5.78166023232352e-13,-1.8722057887838586e-13
-2.484,5.851828861392574e-13,-1.8929464886785107e-13
-2.483,5.922847629707255e-13,-1.913913396450374e-13
-2.482,5.994726817937621e-13,-1.935108929814161e-13
-2.481,6.067476830819916e-13,-1.956535531629456e-13
-2.48,6.141108198650354e-13,-1.9781956701522425e-13
-2.479,6.215631578796852e-13,-2.0000918392887975e-13
-2.478,6.291057757228904e-13,-2.0222265588519766e-13
-2.477,6.367397650065841e-13,-2.0446023748199085e-13
-2.476,6.444662305143667e-13,-2.0672218595971167e-13
-2.475,6.522862903600727e-13,-2.0900876122780932e-13
-2.474,6.602010761482405e-13,-2.1132022589133414e-13
-2.473,6.682117331365083e-13,-2.1365684527779117e-13
-2.472,6.763194203999617e-13,-2.1601888746424467e-13
-2.471,6.845253109974525e-13,-2.184066233046762e-13
-2.47,6.928305921399156e-13,-2.2082032645759793e-13
-2.469,7.012364653607063e-13,-2.2326027341392367e-13
-2.468,7.097441466879819e-13,-2.257267435250993e-13
-2.467,7.183548668191538e-13,-2.2822001903149543e-13
-2.466,7.270698712974324e-13,-2.307403850910637e-13
-2.465,7.358904206904925e-13,-2.3328812980825947e-13
-2.464,7.448177907712821e-13,-2.358635442632328e-13
-2.463,7.538532727010027e-13,-2.3846692254129003e-13
-2.462,7.629981732142841e-13,-2.410985617626282e-13
-2.461,7.722538148065839e-13,-2.4375876211234447e-13
-2.46,7.816215359238335e-13,-2.4644782687072286e-13
-2.459,7.911026911543629e-13,-2.4916606244380037e-13
-2.458,8.006986514231262e-13,-2.5191377839421527e-13
-2.457,8.104108041882593e-13,-2.546912874723391e-13
-2.456,8.202405536399963e-13,-2.574989056476954e-13
-2.455,8.301893209019721e-13,-2.6033695214066687e-13
-2.454,8.402585442349408e-13,-2.632057494544938e-13
-2.453,8.504496792429386e-13,-2.6610562340756596e-13
-2.452,8.607641990819206e-13,-2.6903690316600987e-13
-2.451,8.712035946708991e-13,-2.7199992127657457e-13
-2.45,8.817693749056179e-13,-2.7499501369981764e-13
-2.449,8.924630668747871e-13,-2.7802251984359436e-13
-2.448,9.032862160789137e-13,-2.810827825968517e-13
-2.447,9.142403866517572e-13,-2.8417614836373073e-13
-2.446,9.25327161584441e-13,-2.8730296709797844e-13
-2.445,9.36548142952253e-13,-2.904635923376726e-13
-2.444,9.47904952144165e-13,-2.936583812402618e-13
-2.443,9.593992300951081e-13,-2.9688769461792243e-13
-2.442,9.710326375210302e-13,-3.001518969732363e-13
-2.441,9.82806855156775e-13,-3.0345135653519057e-13
-2.44,9.947235839968145e-13,-3.0678644529550237e-13
-2.439,1.0067845455388664e-12,-3.1015753904527154e-13
-2.438,1.0189914820304347e-12,-3.135650174119631e-13
-2.437,1.0313461567183058e-12,-3.1700926389672234e-13
-2.436,1.0438503541010371e-12,-3.2049066591202537e-13
-2.435,1.0565058801844726e-12,-3.24009614819667e-13
-2.434,1.0693145627403224e-12,-3.275665059690897e-13
-2.433,1.082278251567844e-12,-3.3116173873605453e-13
-2.432,1.0953988187586578e-12,-3.347957165616586e-13
-2.431,1.108678158964741e-12,-3.384688469917002e-13
-2.43,1.1221181896696322e-12,-3.421815417163947e-13
-2.429,1.1357208514628885e-12,-3.4593421661044417e-13
-2.428,1.149488108317832e-12,-3.497272917734633e-13
-2.427,1.1634219478726264e-12,-3.5356119157076334e-13
-2.426,1.1775243817147215e-12,-3.5743634467449853e-13
-2.425,1.19179744566871e-12,-3.6135318410517604e-13
-2.424,1.206243200087631e-12,-3.653121472735328e-13
-2.423,1.2208637301477683e-12,-3.693136760227825e-13
-2.422,1.2356611461469794e-12,-3.733582166712341e-13
-2.421,1.2506375838066016e-12,-3.7744622005528617e-13
-2.42,1.265795204576975e-12,-3.8157814157279834e-13
-2.419,1.2811361959466284e-12,-3.85754441226844e-13
-2.418,1.296662771755168e-12,-3.899755836698457e-13
-2.417,1.3123771725099183e-12,-3.942420382480971e-13
-2.416,1.3282816657063544e-12,-3.9855427904667363e-13
-2.415,1.3443785461523764e-12,-4.0291278493473494e-13
-2.414,1.3606701362964667e-12,-4.0731803961122175e-13
-2.413,1.3771587865597803e-12,-4.1177053165095013e-13
-2.412,1.3938468756722145e-12,-4.1627075455110596e-13
-2.411,1.4107368110125028e-12,-4.2081920677814206e-13
-2.41,1.427831028952385e-12,-4.254163918150818e-13
-2.409,1.4451319952048995e-12,-4.3006281820923057e-13
-2.408,1.4626422051768474e-12,-4.3475899962029975e-13
-2.407,1.4803641843254793e-12,-4.3950545486894403e-13
-2.406,1.498300488519454e-12,-4.44302707985717e-13
-2.405,1.516453704404121e-12,-4.4915128826044636e-13
-2.404,1.534826449771178e-12,-4.540517302920324e-13
-2.403,1.553421373932755e-12,-4.590045740386724e-13
-2.402,1.5722411580999802e-12,-4.64010364868514e-13
-2.401,1.5912885157660767e-12,-4.690696536107401e-13
-2.4,1.6105661930940505e-12,-4.741829966070891e-13
-2.399,1.6300769693090177e-12,-4.793509557638121e-13
-2.398,1.6498236570952316e-12,-4.845740986040709e-13
-2.397,1.6698091029978633e-12,-4.898529983207799e-13
-2.396,1.6900361878295927e-12,-4.951882338298938e-13
-2.395,1.7105078270820676e-12,-5.005803898241454e-13
-2.394,1.7312269713422905e-12,-5.060300568272351e-13
-2.393,1.7521966067139871e-12,-5.115378312484765e-13
-2.392,1.7734197552440232e-12,-5.171043154378995e-13
-2.391,1.7948994753539237e-12,-5.227301177418151e-13
-2.39,1.816638862276558e-12,-5.28415852558844e-13
-2.389,1.838641048498053e-12,-5.341621403964132e-13
-2.388,1.8609092042049944e-12,-5.399696079277224e-13
-2.387,1.8834465377369824e-12,-5.458388880491823e-13
-2.386,1.9062562960446035e-12,-5.517706199383313e-13
-2.385,1.929341765152882e-12,-5.577654491122297e-13
-2.384,1.95270627063028e-12,-5.638240274863358e-13
-2.383,1.9763531780633083e-12,-5.699470134338685e-13
-2.382,2.000285893536821e-12,-5.761350718456565e-13
-2.381,2.02450786412005e-12,-5.823888741904788e-13
-2.38,2.049022578358463e-12,-5.887090985759003e-13
-2.379,2.0738335667715036e-12,-5.950964298096023e-13
-2.378,2.098944402356286e-12,-6.015515594612151e-13
-2.377,2.1243587010973178e-12,-6.080751859246517e-13
-2.376,2.1500801224823204e-12,-6.146680144809489e-13
-2.375,2.1761123700242217e-12,-6.213307573616157e-13
-2.374,2.2024591917893917e-12,-6.28064133812495e-13
-2.373,2.2291243809321975e-12,-6.348688701581387e-13
-2.372,2.2561117762359552e-12,-6.417456998667015e-13
-2.371,2.2834252626603496e-12,-6.48695363615355e-13
-2.37,2.3110687718954016e-12,-6.557186093562248e-13
-2.369,2.3390462829220655e-12,-6.628161923828554e-13
-2.368,2.3673618225795265e-12,-6.699888753972029e-13
-2.367,2.3960194661392843e-12,-6.772374285771618e-13
-2.366,2.4250233378861055e-12,-6.845626296446258e-13
-2.365,2.4543776117059184e-12,-6.919652639340866e-13
-2.364,2.4840865116807416e-12,-6.994461244617751e-13
-2.363,2.514154312690727e-12,-7.070060119953451e-13
-2.362,2.5445853410233983e-12,-7.146457351241044e-13
-2.361,2.5753839749901774e-12,-7.223661103297957e-13
-2.36,2.6065546455502807e-12,-7.301679620579295e-13
-2.359,2.638101836942076e-12,-7.380521227896723e-13
-2.358,2.670030087321986e-12,-7.460194331142936e-13
-2.357,2.702343989411029e-12,-7.540707418021729e-13
-2.356,2.735048191149093e-12,-7.622069058783706e-13
-2.355,2.768147396357026e-12,-7.704287906967658e-13
-2.354,2.801646365406644e-12,-7.787372700147626e-13
-2.353,2.835549915898745e-12,-7.871332260685691e-13
-2.352,2.8698629233492295e-12,-7.956175496490496e-13
-2.351,2.9045903218834206e-12,-8.04191140178156e-13
-2.35,2.9397371049386795e-12,-8.128549057859374e-13
-2.349,2.9753083259754245e-12,-8.216097633881331e-13
-2.348,3.0113090991966395e-12,-8.304566387643508e-13
-2.347,3.047744600275986e-12,-8.393964666368321e-13
-2.346,3.084620067094613e-12,-8.484301907498094e-13
-2.345,3.1219408004867736e-12,-8.575587639494539e-13
-2.344,3.1597121649943467e-12,-8.667831482644211e-13
-2.343,3.197939589630378e-12,-8.761043149869922e-13
-2.342,3.2366285686517403e-12,-8.855232447548171e-13
-2.341,3.275784662341027e-12,-8.950409276332604e-13
-2.34,3.3154134977977834e-12,-9.046583631983506e-13
-2.339,3.3555207697391958e-12,-9.143765606203395e-13
-2.338,3.396112241310338e-12,-9.241965387478689e-13
-2.337,3.4371937449041025e-12,-9.341193261927511e-13
-2.336,3.4787711829909206e-12,-9.441459614153631e-13
-2.335,3.520850528958397e-12,-9.542774928106579e-13
-2.334,3.5634378279609685e-12,-9.64514978794793e-13
-2.333,3.606539197779713e-12,-9.748594878923815e-13
-2.332,3.650160829692426e-12,-9.853120988243657e-13
-2.331,3.694308989354088e-12,-9.958739005965155e-13
-2.33,3.738990017687841e-12,-1.0065459925885527e-12
-2.329,3.784210331786617e-12,-1.0173294846439073e-12
-2.328,3.829976425825515e-12,-1.0282254971601011e-12
-2.327,3.876294871985085e-12,-1.0392351611797668e-12
-2.326,3.9231723213856305e-12,-1.0503596184822994e-12
-2.325,3.9706155050326655e-12,-1.0616000216761458e-12
-2.324,4.018631234773661e-12,-1.0729575342917322e-12
-2.323,4.067226404266208e-12,-1.084433330875029e-12
-2.322,4.1164079899577425e-12,-1.0960285970817598e-12
-2.321,4.166183052076968e-12,-1.1077445297722512e-12
-2.32,4.216558735637099e-12,-1.1195823371069282e-12
-2.319,4.267542271451098e-12,-1.1315432386424532e-12
-2.318,4.31914097715901e-12,-1.1436284654285158e-12
-2.317,4.371362258267578e-12,-1.155839260105266e-12
-2.316,4.424213609202242e-12,-1.1681768770014004e-12
-2.315,4.477702614371719e-12,-1.1806425822328986e-12
-2.314,4.531836949245262e-12,-1.1932376538024097e-12
-2.313,4.5866243814427904e-12,-1.2059633816992931e-12
-2.312,4.642072771838023e-12,-1.2188210680003125e-12
-2.311,4.698190075674766e-12,-1.231812026970984e-12
-2.31,4.754984343696535e-12,-1.2449375851675796e-12
-2.309,4.812463723289639e-12,-1.258199081539788e-12
-2.308,4.870636459639906e-12,-1.2715978675340289e-12
-2.307,4.9295108969032165e-12,-1.2851353071974282e-12
-2.306,4.989095479389985e-12,-1.2988127772824472e-12
-2.305,5.049398752763782e-12,-1.3126316673521722e-12
-2.304,5.110429365254251e-12,-1.3265933798862613e-12
-2.303,5.172196068884488e-12,-1.340699330387549e-12
-2.302,5.234707720713063e-12,-1.3549509474893097e-12
-2.301,5.297973284090857e-12,-1.3693496730631796e-12
-2.3,5.36200182993288e-12,-1.3838969623277367e-12
-2.299,5.4268025380052625e-12,-1.3985942839577374e-12
-2.298,5.492384698227595e-12,-1.4134431201940139e-12
-2.297,5.558757711990787e-12,-1.4284449669540244e-12
-2.296,5.62593109349065e-12,-1.4436013339430636e-12
-2.295,5.6939144710773816e-12,-1.458913744766127e-12
-2.294,5.762717588621125e-12,-1.4743837370404304e-12
-2.293,5.832350306893823e-12,-1.4900128625085849e-12
-2.292,5.9028226049675455e-12,-1.5058026871524224e-12
-2.291,5.9741445816294726e-12,-1.521754791307476e-12
-2.29,6.046326456813761e-12,-1.537870769778109e-12
-2.289,6.119378573050465e-12,-1.5541522319532934e-12
-2.288,6.193311396931741e-12,-1.5706008019230366e-12
-2.287,6.268135520595513e-12,-1.5872181185954534e-12
-2.286,6.34386166322683e-12,-1.6040058358144823e-12
-2.285,6.420500672577114e-12,-1.6209656224782444e-12
-2.284,6.498063526501511e-12,-1.6380991626580408e-12
-2.283,6.5765613345145646e-12,-1.6554081557179886e-12
-2.282,6.656005339364426e-12,-1.6728943164352932e-12
-2.281,6.736406918625819e-12,-1.6905593751211507e-12
-2.28,6.817777586311988e-12,-1.7084050777422818e-12
-2.279,6.900128994505854e-12,-1.7264331860430926e-12
-2.278,6.98347293501059e-12,-1.7446454776684583e-12
-2.277,7.0678213410198846e-12,-1.7630437462871284e-12
-2.276,7.153186288808075e-12,-1.7816298017157487e-12
-2.275,7.239579999440433e-12,-1.8004054700434962e-12
-2.274,7.327014840503817e-12,-1.819372593757324e-12
-2.273,7.415503327857935e-12,-1.8385330318678136e-12
-2.272,7.505058127407467e-12,-1.857888660035625e-12
-2.271,7.595692056895298e-12,-1.877441370698546e-12
-2.27,7.6874180877171e-12,-1.8971930731991366e-12
-2.269,7.780249346757526e-12,-1.9171456939129557e-12
-2.268,7.874199118248276e-12,-1.9373011763773754e-12
-2.267,7.969280845648275e-12,-1.957661481420969e-12
-2.266,8.065508133546251e-12,-1.9782285872934744e-12
-2.265,8.162894749585955e-12,-1.9990044897963217e-12
-2.264,8.261454626414318e-12,-2.0199912024137228e-12
-2.263,8.361201863652779e-12,-2.041190756444314e-12
-2.262,8.462150729892102e-12,-2.062605201133348e-12
-2.261,8.56431566471093e-12,-2.0842366038054267e-12
-2.26,8.667711280718365e-12,-2.1060870499977696e-12
-2.259,8.772352365620868e-12,-2.1281586435940085e-12
-2.258,8.878253884313757e-12,-2.1504535069585042e-12
-2.257,8.985430980997589e-12,-2.1729737810711732e-12
-2.256,9.09389898131975e-12,-2.1957216256628225e-12
-2.255,9.203673394541505e-12,-2.218699219350979e-12
-2.254,9.314769915730867e-12,-2.2419087597762075e-12
-2.253,9.42720442798153e-12,-2.265352463738908e-12
-2.252,9.540993004658224e-12,-2.289032567336585e-12
-2.251,9.656151911668779e-12,-2.3129513261015765e-12
-2.25,9.772697609763228e-12,-2.337111015139234e-12
-2.249,9.890646756860251e-12,-2.3615139292665483e-12
-2.248,1.001001621040131e-11,-2.3861623831512015e-12
-2.247,1.0130823029732778e-11,-2.411058711451043e-12
-2.246,1.0253084478516409e-11,-2.4362052689539776e-12
-2.245,1.0376818027168483e-11,-2.461604430718247e-12
-2.244,1.0502041355327956e-11,-2.4872585922131047e-12
-2.243,1.0628772354353969e-11,-2.513170169459863e-12
-2.242,1.0757029129853069e-11,-2.539341599173304e-12
-2.241,1.0886830004236463e-11,-2.5657753389034425e-12
-2.24,1.1018193519307708e-11,-2.592473867177625e-12
-2.239,1.1151138438881154e-11,-2.6194396836429564e-12
-2.238,1.128568375143153e-11,-2.646675309209031e-12
-2.237,1.1421848672775034e-11,-2.674183286190971e-12
-2.236,1.1559652648782298e-11,-2.701966178452734e-12
-2.235,1.1699115358123602e-11,-2.7300265715507007e-12
-2.234,1.1840256715046746e-11,-2.7583670728775042e-12
-2.233,1.1983096872187905e-11,-2.7869903118061035e-12
-2.232,1.2127656223415944e-11,-2.8158989398340718e-12
-2.231,1.2273955406710503e-11,-2.8450956307280904e-12
-2.23,1.2422015307074316e-11,-2.8745830806686318e-12
-2.229,1.2571857059480126e-11,-2.9043640083948067e-12
-2.228,1.272350205185264e-11,-2.934441155349366e-12
-2.227,1.287697192808591e-11,-2.964817285823835e-12
-2.226,1.3032288591096572e-11,-2.995495187103761e-12
-2.225,1.3189474205913379e-11,-3.0264776696140543e-12
-2.224,1.3348551202803423e-11,-3.0577675670644073e-12
-2.223,1.3509542280435522e-11,-3.0893677365947636e-12
-2.222,1.3672470409081185e-11,-3.1212810589208246e-12
-2.221,1.3837358833853594e-11,-3.1535104384795654e-12
-2.22,1.4004231077985089e-11,-3.1860588035747418e-12
-2.219,1.4173110946143563e-11,-3.2189291065223646e-12
-2.218,1.4344022527788265e-11,-3.2521243237961196e-12
-2.217,1.451699020056546e-11,-3.2856474561727077e-12
-2.216,1.4692038633744423e-11,-3.3195015288770806e-12
-2.215,1.4869192791694233e-11,-3.3536895917275515e-12
-2.214,1.5048477937401866e-11,-3.388214719280751e-12
-2.213,1.5229919636032075e-11,-3.4230800109764016e-12
-2.212,1.5413543758529515e-11,-3.458288591281892e-12
-2.211,1.5599376485263676e-11,-3.493843609836612e-12
-2.21,1.5787444309717064e-11,-3.5297482415960305e-12
-2.209,1.5977774042217205e-11,-3.5660056869754847e-12
-2.208,1.617039281371291e-11,-3.6026191719936466e-12
-2.207,1.6365328079595434e-11,-3.6395919484156456e-12
-2.206,1.6562607623564927e-11,-3.6769272938958124e-12
-2.205,1.6762259561542836e-11,-3.714628512120005e-12
-2.204,1.6964312345630724e-11,-3.752698932947508e-12
-2.203,1.716879476811608e-11,-3.791141912552439e-12
-2.202,1.7375735965525674e-11,-3.829960833564662e-12
-2.201,1.7585165422727005e-11,-3.869159105210147e-12
-2.2,1.7797112977078457e-11,-3.908740163450767e-12
-2.199,1.8011608822628656e-11,-3.948707471123464e-12
-2.198,1.8228683514365695e-11,-3.9890645180787804e-12
-2.197,1.8448367972516756e-11,-4.0298148213186974e-12
-2.196,1.8670693486898772e-11,-4.0709619251337486e-12
-2.195,1.8895691721320663e-11,-4.112509401239373e-12
-2.194,1.9123394718037842e-11,-4.1544608489114616e-12
-2.193,1.935383490225954e-11,-4.196819895121061e-12
-2.192,1.9587045086709606e-11,-4.239590194668193e-12
-2.191,1.9823058476241402e-11,-4.2827754303147435e-12
-2.19,2.0061908672507427e-11,-4.326379312916379e-12
-2.189,2.0303629678684356e-11,-4.370405581553454e-12
-2.188,2.0548255904254068e-11,-4.414858003660848e-12
-2.187,2.0795822169841416e-11,-4.459740375156707e-12
-2.186,2.104636371210934e-11,-4.505056520570015e-12
-2.185,2.1299916188712035e-11,-4.550810293166979e-12
-2.184,2.1556515683306836e-11,-4.597005575076155e-12
-2.183,2.1816198710625547e-11,-4.6436462774122665e-12
-2.182,2.207900222160588e-11,-4.690736340398684e-12
-2.181,2.2344963608583724e-11,-4.738279733488489e-12
-2.18,2.261412071054698e-11,-4.786280455484075e-12
-2.179,2.2886511818451657e-11,-4.834742534655252e-12
-2.178,2.3162175680601002e-11,-4.883670028855764e-12
-2.177,2.3441151508088354e-11,-4.93306702563819e-12
-2.176,2.3723478980304534e-11,-4.982937642367162e-12
-2.175,2.40091982505105e-11,-5.033286026330838e-12
-2.174,2.4298349951476015e-11,-5.084116354850568e-12
-2.173,2.4590975201185172e-11,-5.135432835388708e-12
-2.172,2.4887115608609486e-11,-5.187239705654488e-12
-2.171,2.518681327954941e-11,-5.239541233707906e-12
-2.17,2.5490110822545066e-11,-5.292341718061557e-12
-2.169,2.5797051354856972e-11,-5.345645487780337e-12
-2.168,2.6107678508517645e-11,-5.399456902578962e-12
-2.167,2.6422036436454887e-11,-5.453780352917221e-12
-2.166,2.6740169818687587e-11,-5.5086202600929005e-12
-2.165,2.7062123868594928e-11,-5.5639810763323025e-12
-2.164,2.7387944339259825e-11,-5.619867284878292e-12
-2.163,2.7717677529887502e-11,-5.676283400075784e-12
-2.162,2.8051370292300075e-11,-5.733233967454609e-12
-2.161,2.8389070037508047e-11,-5.79072356380967e-12
-2.16,2.873082474235961e-11,-5.8487567972783124e-12
-2.159,2.9076682956268673e-11,-5.907338307414828e-12
-2.158,2.942669380802255e-11,-5.966472765262013e-12
-2.157,2.978090701267028e-11,-6.026164873419687e-12
-2.156,3.0139372878492395e-11,-6.086419366110096e-12
-2.155,3.050214231405332e-11,-6.147241009240109e-12
-2.154,3.086926683533714e-11,-6.2086346004601166e-12
-2.153,3.124079857296793e-11,-6.270604969219546e-12
-2.152,3.1616790279515417e-11,-6.333156976818895e-12
-2.151,3.199729533688723e-11,-6.39629551645819e-12
-2.15,3.2382367763808547e-11,-6.460025513281778e-12
-2.149,3.2772062223390265e-11,-6.524351924419352e-12
-2.148,3.3166434030786774e-11,-6.589279739023102e-12
-2.147,3.356553916094426e-11,-6.654813978300905e-12
-2.146,3.396943425644071e-11,-6.720959695545436e-12
-2.145,3.437817663541873e-11,-6.787721976159103e-12
-2.144,3.4791824299612104e-11,-6.855105937674696e-12
-2.143,3.5210435942467365e-11,-6.923116729771642e-12
-2.142,3.563407095736141e-11,-6.991759534287747e-12
-2.141,3.606278944591634e-11,-7.061039565226323e-12
-2.14,3.64966522264126e-11,-7.130962068758575e-12
-2.139,3.693572084230162e-11,-7.201532323221137e-12
-2.138,3.7380057570819173e-11,-7.272755639108625e-12
-2.137,3.782972543170052e-11,-7.3446373590611e-12
-2.136,3.828478819599863e-11,-7.417182857846313e-12
-2.135,3.8745310395006694e-11,-7.490397542336579e-12
-2.134,3.9211357329286075e-11,-7.564286851480205e-12
-2.133,3.9682995077801005e-11,-7.638856256267282e-12
-2.132,4.0160290507161293e-11,-7.714111259689746e-12
-2.131,4.064331128097426e-11,-7.790057396695548e-12
-2.13,4.113212586930721e-11,-7.86670023413682e-12
-2.129,4.1626803558261745e-11,-7.944045370711867e-12
-2.128,4.212741445966126e-11,-8.022098436900857e-12
-2.127,4.263402952085287e-11,-8.100865094895055e-12
-2.126,4.3146720534625203e-11,-8.18035103851947e-12
-2.125,4.36655601492434e-11,-8.260561993148733e-12
-2.124,4.419062187860262e-11,-8.34150371561607e-12
-2.123,4.4721980112501566e-11,-8.423181994115216e-12
-2.122,4.525971012703735e-11,-8.505602648095091e-12
-2.121,4.580388809512321e-11,-8.588771528147101e-12
-2.12,4.635459109713035e-11,-8.67269451588487e-12
-2.119,4.691189713165562e-11,-8.757377523816246e-12
-2.118,4.74758851264163e-11,-8.84282649520743e-12
-2.117,4.804663494927352e-11,-8.929047403939e-12
-2.116,4.8624227419385966e-11,-9.016046254353709e-12
-2.115,4.920874431849521e-11,-9.10382908109584e-12
-2.114,4.980026840234431e-11,-9.192401948941947e-12
-2.113,5.0398883412231303e-11,-9.281770952622779e-12
-2.112,5.1004674086699e-11,-9.371942216636222e-12
-2.111,5.1617726173362876e-11,-9.46292189505104e-12
-2.11,5.223812644087855e-11,-9.554716171301226e-12
-2.109,5.286596269105054e-11,-9.647331257970763e-12
-2.108,5.3501323771083935e-11,-9.740773396568586e-12
-2.107,5.414429958598071e-11,-9.835048857293528e-12
-2.106,5.479498111108227e-11,-9.930163938789077e-12
-2.105,5.545346040476012e-11,-1.0026124967887654e-11
-2.104,5.6119830621256165e-11,-1.0122938299344276e-11
-2.103,5.679418602367465e-11,-1.0220610315559317e-11
-2.102,5.747662199712728e-11,-1.031914742629016e-11
-2.101,5.8167235062033516e-11,-1.041855606835153e-11
-2.1,5.886612288757774e-11,-1.0518842705304231e-11
-2.099,5.957338430532517e-11,-1.0620013827132086e-11
-2.098,6.02891193229984e-11,-1.07220759499068e-11
-2.097,6.101342913841642e-11,-1.0825035615440541e-11
-2.096,6.17464161535981e-11,-1.0928899390925933e-11
-2.095,6.24881839890319e-11,-1.103367386856326e-11
-2.094,6.323883749811395e-11,-1.1139365665174577e-11
-2.093,6.399848278175635e-11,-1.1245981421804486e-11
-2.092,6.476722720316774e-11,-1.1353527803307287e-11
-2.091,6.554517940280808e-11,-1.146201149792026e-11
-2.09,6.633244931351987e-11,-1.1571439216822762e-11
-2.089,6.712914817583759e-11,-1.1681817693680881e-11
-2.088,6.793538855347777e-11,-1.1793153684177349e-11
-2.087,6.875128434901149e-11,-1.1905453965526411e-11
-2.086,6.957695081972177e-11,-1.2018725335973377e-11
-2.085,7.041250459364774e-11,-1.2132974614278508e-11
-2.084,7.125806368581788e-11,-1.2248208639184981e-11
-2.083,7.211374751467467e-11,-1.236443426887058e-11
-2.082,7.297967691869267e-11,-1.2481658380382792e-11
-2.081,7.385597417319245e-11,-1.2599887869057017e-11
-2.08,7.474276300735259e-11,-1.2719129647917523e-11
-2.079,7.564016862142219e-11,-1.2839390647060828e-11
-2.078,7.654831770413601e-11,-1.2960677813021167e-11
-2.077,7.746733845033486e-11,-1.3082998108117694e-11
-2.076,7.839736057879352e-11,-1.3206358509783056e-11
-2.075,7.933851535025854e-11,-1.3330766009872995e-11
-2.074,8.029093558569863e-11,-1.345622761395661e-11
-2.073,8.12547556847698e-11,-1.358275034058688e-11
-2.072,8.223011164449814e-11,-1.3710341220551122e-11
-2.071,8.321714107818233e-11,-1.3839007296100945e-11
-2.07,8.421598323451895e-11,-1.3968755620161348e-11
-2.069,8.522677901695276e-11,-1.4099593255518538e-11
-2.068,8.624967100325493e-11,-1.4231527273986092e-11
-2.067,8.72848034653316e-11,-1.4364564755549024e-11
-2.066,8.833232238926569e-11,-1.4498712787485355e-11
-2.065,8.939237549559457e-11,-1.4633978463464762e-11
-2.064,9.046511225982634e-11,-1.4770368882623873e-11
-2.063,9.155068393319761e-11,-1.4907891148617755e-11
-2.062,9.264924356367546e-11,-1.5046552368647185e-11
-2.061,9.376094601720667e-11,-1.5186359652461207e-11
-2.06,9.488594799921673e-11,-1.532732011133454e-11
-2.059,9.602440807636201e-11,-1.546944085701937e-11
-2.058,9.717648669853767e-11,-1.5612729000671037e-11
-2.057,9.834234622114449e-11,-1.575719165174716e-11
-2.056,9.952215092761769e-11,-1.5902835916879642e-11
-2.055,1.0071606705222056e-10,-1.6049668898719158e-11
-2.054,1.0192426280310631e-10,-1.6197697694751528e-11
-2.053,1.0314690838565104e-10,-1.634692939608549e-11
-2.052,1.0438417602606109e-10,-1.6497371086211373e-11
-2.051,1.0563623999525798e-10,-1.6649029839730087e-11
-2.05,1.069032766330442e-10,-1.680191272105195e-11
-2.049,1.0818546437255298e-10,-1.6956026783064717e-11
-2.048,1.0948298376498567e-10,-1.7111379065770356e-11
-2.047,1.1079601750463975e-10,-1.72679765948899e-11
-2.046,1.1212475045423101e-10,-1.7425826380435873e-11
-2.045,1.134693696705135e-10,-1.758493541525165e-11
-2.044,1.1483006443020034e-10,-1.7745310673517203e-11
-2.043,1.1620702625618937e-10,-1.7906959109220568e-11
-2.042,1.1760044894409674e-10,-1.806988765459447e-11
-2.041,1.190105285891024e-10,-1.823410321851745e-11
-2.04,1.2043746361311096e-10,-1.8399612684878872e-11
-2.039,1.2188145479223158e-10,-1.8566422910907132e-11
-2.038,1.2334270528458073e-10,-1.8734540725460458e-11
-2.037,1.2482142065841148e-10,-1.8903972927279602e-11
-2.036,1.263178089205732e-10,-1.9074726283201758e-11
-2.035,1.278320805453054e-10,-1.9246807526334985e-11
-2.034,1.2936444850336997e-10,-1.9420223354192504e-11
-2.033,1.3091512829152513e-10,-1.959498042678607e-11
-2.032,1.3248433796234578e-10,-1.9771085364677753e-11
-2.031,1.340722981543938e-10,-1.9948544746989393e-11
-2.03,1.3567923212274255e-10,-2.0127365109368955e-11
-2.029,1.3730536576985978e-10,-2.0307552941913017e-11
-2.028,1.3895092767685296e-10,-2.048911468704467e-11
-2.027,1.406161491350814e-10,-2.067205673734601e-11
-2.026,1.423012641781394e-10,-2.085638543334441e-11
-2.025,1.4400650961421453e-10,-2.1042107061251817e-11
-2.024,1.457321250588261e-10,-2.1229227850656196e-11
-2.023,1.4747835296794708e-10,-2.1417753972164327e-11
-2.022,1.4924543867151537e-10,-2.160769153499508e-11
-2.021,1.5103363040733758e-10,-2.1799046584522327e-11
-2.02,1.52843179355391e-10,-2.1991825099766603e-11
-2.019,1.5467433967252767e-10,-2.218603299083464e-11
-2.018,1.565273685275856e-10,-2.238167609630584e-11
-2.017,1.5840252613691172e-10,-2.257876018056481e-11
-2.016,1.603000758003016e-10,-2.2777290931079015e-11
-2.015,1.6222028393736024e-10,-2.2977273955620575e-11
-2.014,1.6416342012428972e-10,-2.3178714779431284e-11
-2.013,1.6612975713110767e-10,-2.338161884232984e-11
-2.012,1.6811957095930246e-10,-2.3585991495760324e-11
-2.011,1.7013314087992957e-10,-2.3791837999780904e-11
-2.01,1.721707494721546e-10,-2.3999163519991734e-11
-2.009,1.7423268266224813e-10,-2.4207973124401016e-11
-2.008,1.7631922976303741e-10,-2.4418271780228182e-11
-2.007,1.7843068351382065e-10,-2.4630064350643097e-11
-2.006,1.8056734012074866e-10,-2.4843355591440215e-11
-2.005,1.8272949929768002e-10,-2.5058150147646566e-11
-2.004,1.8491746430751474e-10,-2.5274452550062462e-11
-2.003,1.8713154200401214e-10,-2.5492267211733774e-11
-2.002,1.8937204287409868e-10,-2.5711598424354614e-11
-2.001,1.9163928108067132e-10,-2.593245035459927e-11
-2.0,1.9393357450590222e-10,-2.6154827040382156e-11
-1.999,1.9625524479505056e-10,-2.6378732387044602e-11
-1.998,1.9860461740078758e-10,-2.6604170163467233e-11
-1.997,2.009820216280404e-10,-2.6831143998106662e-11
-1.996,2.0338779067936123e-10,-2.7059657374955285e-11
-1.995,2.0582226170082735e-10,-2.7289713629422817e-11
-1.994,2.0828577582847888e-10,-2.75213159441383e-11
-1.993,2.1077867823529971e-10,-2.7754467344671218e-11
-1.992,2.1330131817874874e-10,-2.7989170695170433e-11
-1.991,2.158540490488471e-10,-2.8225428693919437e-11
-1.99,2.184372284168283e-10,-2.84632438688067e-11
-1.989,2.2105121808435766e-10,-2.8702618572709507e-11
-1.988,2.2369638413332765e-10,-2.8943554978790022e-11
-1.987,2.2637309697623592e-10,-2.9186055075701976e-11
-1.986,2.2908173140715238e-10,-2.943012066270656e-11
-1.985,2.318226666532831e-10,-2.967575334469605e-11
-1.984,2.3459628642713677e-10,-2.992295452712351e-11
-1.983,2.374029789793016e-10,-3.01717254108372e-11
-1.982,2.402431371518395e-10,-3.04220669868179e-11
-1.981,2.4311715843230435e-10,-3.067398003081773e-11
-1.98,2.4602544500839263e-10,-3.092746509789876e-11
-1.979,2.4896840382323187e-10,-3.1182522516869684e-11
-1.978,2.5194644663131683e-10,-3.143915238461908e-11
-1.977,2.549599900550985e-10,-3.1697354560343316e-11
-1.976,2.5800945564223525e-10,-3.195712865966755e-11
-1.975,2.6109526992351286e-10,-3.221847404865795e-11
-1.974,2.6421786447144146e-10,-3.248138983772346e-11
-1.973,2.673776759595376e-10,-3.2745874875405197e-11
-1.972,2.7057514622229847e-10,-3.301192774205169e-11
-1.971,2.738107223158774e-10,-3.32795467433781e-11
-1.97,2.77084856579468e-10,-3.3548729903907514e-11
-1.969,2.803980066974054e-10,-3.3819474960292345e-11
-1.968,2.837506357619931e-10,-3.409177935451402e-11
-1.967,2.8714321233706335e-10,-3.436564022695873e-11
-1.966,2.905762105222802e-10,-3.4641054409367546e-11
-1.965,2.940501100181932e-10,-3.4918018417658536e-11
-1.964,2.9756539619205106e-10,-3.5196528444619044e-11
-1.963,3.0112256014438336e-10,-3.547658035246588e-11
-1.962,3.0472209877636015e-10,-3.5758169665271366e-11
-1.961,3.083645148579372e-10,-3.604129156125302e-11
-1.96,3.1205031709679757e-10,-3.63259408649247e-11
-1.959,3.1578002020809714e-10,-3.6612112039106884e-11
-1.958,3.1955414498502457e-10,-3.6899799176793994e-11
-1.957,3.233732183701844e-10,-3.718899599287623e-11
-1.956,3.2723777352781353e-10,-3.7479695815713745e-11
-1.955,3.3114834991683995e-10,-3.7771891578560696e-11
-1.954,3.351054933647939e-10,-3.8065575810836805e-11
-1.953,3.3910975614258135e-10,-3.8360740629243896e-11
-1.952,3.431616970401299e-10,-3.865737772872503e-11
-1.951,3.4726188144291644e-10,-3.8955478373263624e-11
-1.95,3.5141088140938783e-10,-3.925503338652005e-11
-1.949,3.5560927574928434e-10,-3.9556033142303016e-11
-1.948,3.598576501028763e-10,-3.985846755487324e-11
-1.947,3.641565970211244e-10,-4.016232606907656e-11
-1.946,3.685067160467752e-10,-4.0467597650303916e-11
-1.945,3.729086137964011e-10,-4.077427077427529e-11
-1.944,3.7736290404339756e-10,-4.1082333416644934e-11
-1.943,3.8187020780194676e-10,-4.139177304242491e-11
-1.942,3.8643115341196047e-10,-4.1702576595224205e-11
-1.941,3.910463766250125e-10,-4.201473048630029e-11
-1.94,3.957165206912724e-10,-4.232822058342032e-11
-1.939,4.0044223644745217e-10,-4.264303219952885e-11
-1.938,4.052241824057774e-10,-4.295915008121904e-11
-1.937,4.100630248439949e-10,-4.3276558397004225e-11
-1.936,4.149594378964287e-10,-4.359524072538663e-11
-1.935,4.199141036460965e-10,-4.391518004272012e-11
-1.934,4.249277122178991e-10,-4.42363587108637e-11
-1.933,4.300009618728945e-10,-4.455875846462235e-11
-1.932,4.351345591036701e-10,-4.488236039897199e-11
-1.931,4.403292187308252e-10,-4.520714495606509e-11
-1.93,4.4558566400057643e-10,-4.5533091912013456e-11
-1.929,4.5090462668349943e-10,-4.58601803634447e-11
-1.928,4.562868471744199e-10,-4.6188388713828884e-11
-1.927,4.6173307459346716e-10,-4.6517694659571595e-11
-1.926,4.672440668883033e-10,-4.684807517586991e-11
-1.925,4.728205909375421e-10,-4.717950650232749e-11
-1.924,4.784634226553717e-10,-4.7511964128324906e-11
-1.923,4.841733470973932e-10,-4.78454227781416e-11
-1.922,4.899511585676911e-10,-4.817985639582535e-11
-1.921,4.957976607271497e-10,-4.851523812980541e-11
-1.92,5.017136667030276e-10,-4.8851540317245286e-11
-1.919,5.076999991998083e-10,-4.9188734468131086e-11
-1.918,5.137574906113386e-10,-4.9526791249091307e-11
-1.917,5.198869831342701e-10,-4.9865680466943855e-11
-1.916,5.260893288828221e-10,-5.020537105196607e-11
-1.915,5.323653900048754e-10,-5.0545831040883356e-11
-1.914,5.38716038799418e-10,-5.088702755957223e-11
-1.913,5.451421578353539e-10,-5.1228926805473035e-11
-1.912,5.516446400716941e-10,-5.157149402970815e-11
-1.911,5.582243889791429e-10,-5.191469351890081e-11
-1.91,5.648823186630979e-10,-5.225848857669009e-11
-1.909,5.716193539880781e-10,-5.2602841504937254e-11
-1.908,5.784364307035982e-10,-5.2947713584618674e-11
-1.907,5.85334495571504e-10,-5.3293065056400505e-11
-1.906,5.923145064947875e-10,-5.363885510089017e-11
-1.905,5.993774326478979e-10,-5.398504181855958e-11
-1.904,6.065242546085644e-10,-5.433158220933516e-11
-1.903,6.137559644911518e-10,-5.467843215184937e-11
-1.902,6.210735660815618e-10,-5.5025546382348616e-11
-1.901,6.284780749737023e-10,-5.537287847325217e-11
-1.9,6.359705187075395e-10,-5.572038081135673e-11
-1.899,6.435519369087522e-10,-5.606800457568121e-11
-1.898,6.512233814300077e-10,-5.641569971494611e-11
-1.897,6.589859164938756e-10,-5.6763414924681974e-11
-1.896,6.668406188374007e-10,-5.7111097623961074e-11
-1.895,6.74788577858353e-10,-5.745869393174668e-11
-1.894,6.828308957631734e-10,-5.780614864285394e-11
-1.893,6.909686877166366e-10,-5.8153405203516424e-11
-1.892,6.992030819932482e-10,-5.850040568655231e-11
-1.891,7.075352201303986e-10,-5.884709076612399e-11
-1.89,7.159662570832928e-10,-5.919339969208506e-11
-1.889,7.244973613816745e-10,-5.953927026390805e-11
-1.888,7.331297152883702e-10,-5.98846388041868e-11
-1.887,7.418645149596678e-10,-6.022944013170681e-11
-1.886,7.507029706075563e-10,-6.057360753407694e-11
-1.885,7.596463066638445e-10,-6.091707273991585e-11
-1.884,7.686957619461816e-10,-6.125976589058625e-11
-1.883,7.778525898260021e-10,-6.160161551147029e-11
-1.882,7.871180583984148e-10,-6.194254848277876e-11
-1.881,7.964934506540617e-10,-6.228249000988734e-11
-1.88,8.059800646529661e-10,-6.262136359319235e-11
-1.879,8.155792137003945e-10,-6.295909099747912e-11
-1.878,8.252922265247552e-10,-6.329559222079496e-11
-1.877,8.351204474575563e-10,-6.36307854628199e-11
-1.876,8.450652366154478e-10,-6.39645870927269e-11
-1.875,8.551279700843705e-10,-6.429691161652437e-11
-1.874,8.65310040105837e-10,-6.462767164387263e-11
-1.873,8.756128552653681e-10,-6.49567778543666e-11
-1.872,8.8603784068311e-10,-6.528413896327675e-11
-1.871,8.965864382066584e-10,-6.560966168673966e-11
-1.87,9.072601066061111e-10,-6.593325070639039e-11
-1.869,9.180603217713798e-10,-6.625480863342775e-11
-1.868,9.289885769117823e-10,-6.657423597210417e-11
-1.867,9.400463827579441e-10,-6.689143108263141e-11
-1.866,9.512352677660355e-10,-6.720629014349319e-11
-1.865,9.62556778324369e-10,-6.751870711315593e-11
-1.864,9.740124789623866e-10,-6.78285736911684e-11
-1.863,9.856039525620625e-10,-6.813577927864102e-11
-1.862,9.973328005717503e-10,-6.844021093809573e-11
-1.861,1.0092006432225018e-9,-6.874175335267653e-11
-1.86,1.0212091197468844e-9,-6.904028878471145e-11
-1.859,1.0333598886003297e-9,-6.933569703361593e-11
-1.858,1.0456546276850368e-9,-6.962785539312778e-11
-1.857,1.0580950345764651e-9,-6.991663860786374e-11
-1.856,1.0706828267524416e-9,-7.020191882918737e-11
-1.855,1.0834197418249152e-9,-7.048356557037786e-11
-1.854,1.0963075377743875e-9,-7.076144566108945e-11
-1.853,1.1093479931870508e-9,-7.103542320109064e-11
-1.852,1.1225429074946648e-9,-7.13053595132725e-11
-1.851,1.1358941012172014e-9,-7.157111309591502e-11
-1.85,1.1494034162082915e-9,-7.183253957420058e-11
-1.849,1.1630727159035052e-9,-7.208949165096292e-11
-1.848,1.1769038855714966e-9,-7.234181905666063e-11
-1.847,1.1908988325680468e-9,-7.25893684985631e-11
-1.846,1.2050594865930393e-9,-7.28319836091375e-11
-1.845,1.2193877999503985e-9,-7.306950489362472e-11
-1.844,1.2338857478110283e-9,-7.330176967679202e-11
-1.843,1.2485553284787828e-9,-7.352861204885045e-11
-1.842,1.263398563659504e-9,-7.374986281052417e-11
-1.841,1.2784174987331634e-9,-7.396534941725936e-11
-1.84,1.2936142030291395e-9,-7.417489592255968e-11
-1.839,1.3089907701046706e-9,-7.437832292043535e-11
-1.838,1.3245493180265175e-9,-7.457544748695266e-11
-1.837,1.3402919896558708e-9,-7.476608312087055e-11
-1.836,1.3562209529365437e-9,-7.495003968335051e-11
-1.835,1.372338401186485e-9,-7.512712333672631e-11
-1.834,1.3886465533926508e-9,-7.529713648231927e-11
-1.833,1.4051476545092735e-9,-7.545987769728516e-11
-1.832,1.4218439757595664e-9,-7.561514167047821e-11
-1.831,1.4387378149409033e-9,-7.576271913731766e-11
-1.83,1.455831496733513e-9,-7.590239681364204e-11
-1.829,1.4731273730127278e-9,-7.603395732853628e-11
-1.828,1.490627823164828e-9,-7.615717915611636e-11
-1.827,1.508335254406521e-9,-7.627183654625591e-11
-1.826,1.5262521021080994e-9,-7.637769945423938e-11
-1.825,1.544380830120317e-9,-7.647453346932574e-11
-1.824,1.562723931105028e-9,-7.656209974220654e-11
-1.823,1.5812839268696287e-9,-7.66401549113421e-11
-1.822,1.6000633687053489e-9,-7.670845102815922e-11
-1.821,1.6190648377294331e-9,-7.676673548109357e-11
-1.82,1.6382909452312587e-9,-7.681475091845968e-11
-1.819,1.6577443330224346e-9,-7.685223517013132e-11
-1.818,1.677427673790925e-9,-7.687892116801461e-11
-1.817,1.6973436714592447e-9,-7.689453686529624e-11
-1.816,1.717495061546774e-9,-7.689880515444843e-11
-1.815,1.7378846115362364e-9,-7.689144378397271e-11
-1.814,1.7585151212443882e-9,-7.687216527386366e-11
-1.813,1.7793894231969704e-9,-7.684067682977387e-11
-1.812,1.8005103830079658e-9,-7.679668025586103e-11
-1.811,1.8218808997632162e-9,-7.673987186629778e-11
-1.81,1.8435039064084433e-9,-7.666994239542463e-11
-1.809,1.8653823701417296e-9,-7.658657690652598e-11
-1.808,1.887519292810504e-9,-7.648945469920915e-11
-1.807,1.909917711313088e-9,-7.637824921536577e-11
-1.806,1.9325806980048496e-9,-7.625262794369484e-11
-1.805,1.9555113611090232e-9,-7.611225232276632e-11
-1.804,1.978712845132242e-9,-7.595677764260382e-11
-1.803,2.002188331284841e-9,-7.57858529447648e-11
-1.802,2.0259410379059834e-9,-7.559912092089609e-11
-1.801,2.049974220893662e-9,-7.539621780974266e-11
-1.8,2.074291174139638e-9,-7.517677329258681e-11
-1.799,2.0988952299693665e-9,-7.494041038709479e-11
-1.798,2.1237897595869647e-9,-7.468674533954785e-11
-1.797,2.1489781735252904e-9,-7.441538751543372e-11
-1.796,2.174463922101173e-9,-7.412593928837484e-11
-1.795,2.2002504958758684e-9,-7.381799592736901e-11
-1.794,2.2263414261207905e-9,-7.34911454823177e-11
-1.793,2.252740285288582e-9,-7.314496866781718e-11
-1.792,2.2794506874895805e-9,-7.277903874518703e-11
-1.791,2.306476288973747e-9,-7.239292140271045e-11
-1.79,2.3338207886181163e-9,-7.198617463406013e-11
-1.789,2.3614879284198265e-9,-7.155834861488348e-11
-1.788,2.3894814939948023e-9,-7.110898557752015e-11
-1.787,2.4178053150821418e-9,-7.063761968382493e-11
-1.786,2.4464632660542866e-9,-7.014377689606824e-11
-1.785,2.4754592664330242e-9,-6.96269748458864e-11
-1.784,2.5047972814114056e-9,-6.908672270125326e-11
-1.783,2.5344813223816302e-9,-6.852252103144434e-11
-1.782,2.564515447468975e-9,-6.793386166996469e-11
-1.781,2.594903762071831e-9,-6.732022757541027e-11
-1.78,2.625650419407922e-9,-6.668109269023355e-11
-1.779,2.6567596210667675e-9,-6.601592179738241e-11
-1.778,2.6882356175684655e-9,-6.532417037478174e-11
-1.777,2.720082708928867e-9,-6.460528444762632e-11
-1.776,2.7523052452312117e-9,-6.385870043845354e-11
-1.775,2.784907627204298e-9,-6.308384501496335e-11
-1.774,2.817894306807265e-9,-6.228013493555326e-11
-1.773,2.8512697878210544e-9,-6.144697689253498e-11
-1.772,2.8850386264466353e-9,-6.058376735299941e-11
-1.771,2.9192054319100605e-9,-5.968989239729581e-11
-1.77,2.9537748670744386e-9,-5.87647275550906e-11
-1.769,2.9887516490588936e-9,-5.7807637638971075e-11
-1.768,3.024140549864596e-9,-5.681797657555823e-11
-1.767,3.0599463970079414e-9,-5.579508723409294e-11
-1.766,3.096174074160958e-9,-5.473830125245897e-11
-1.765,3.132828521799028e-9,-5.364693886060579e-11
-1.764,3.1699147378559974e-9,-5.252030870133369e-11
-1.763,3.207437778386767e-9,-5.1357707648403164e-11
-1.762,3.2454027582374414e-9,-5.0158420621930035e-11
-1.761,3.2838148517231247e-9,-4.892172040102713e-11
-1.76,3.322679293313448e-9,-4.7646867433652873e-11
-1.759,3.362001378325916e-9,-4.633310964362661e-11
-1.758,3.4017864636271597e-9,-4.4979682234769826e-11
-1.757,3.442039968342188e-9,-4.358580749213192e-11
-1.756,3.4827673745717197e-9,-4.215069458025863e-11
-1.755,3.523974228117698e-9,-4.067353933846053e-11
-1.754,3.5656661392170714e-9,-3.915352407303855e-11
-1.753,3.6078487832839336e-9,-3.758981734642268e-11
-1.752,3.6505279016601246e-9,-3.598157376317967e-11
-1.751,3.693709302374378e-9,-3.432793375284464e-11
-1.75,3.7373988609101165e-9,-3.26280233495311e-11
-1.749,3.7816025209819915e-9,-3.0880953968273076e-11
-1.748,3.826326295321268e-9,-2.9085822178052577e-11
-1.747,3.871576266470142e-9,-2.724170947146476e-11
-1.746,3.917358587585109e-9,-2.5347682030972668e-11
-1.745,3.963679483249473e-9,-2.3402790491702696e-11
-1.744,4.010545250295097e-9,-2.140606970073116e-11
-1.743,4.057962258633509e-9,-1.9356538472811805e-11
-1.742,4.105936952096462e-9,-1.7253199342493248e-11
-1.741,4.154475849286049e-9,-1.5095038312574787e-11
-1.74,4.20358554443449e-9,-1.2881024598848072e-11
-1.739,4.253272708273698e-9,-1.0610110371071686e-11
-1.738,4.303544088914723e-9,-8.281230490124655e-12
-1.737,4.354406512737199e-9,-5.893302241284377e-12
-1.736,4.4058668852888985e-9,-3.4452250635735805e-12
-1.735,4.457932192195501e-9,-9.358802751201753e-13
-1.734,4.510609500080715e-9,1.6358692055268999e-12
-1.733,4.563905957496827e-9,4.271179142183547e-12
-1.732,4.617828795865849e-9,6.971224267976606e-12
-1.731,4.672385330431322e-9,9.737198576509492e-12
-1.73,4.727582961220954e-9,1.2570315617307544e-11
-1.729,4.783429174020165e-9,1.547180879560404e-11
-1.728,4.839931541356697e-9,1.8442931676528746e-11
-1.727,4.8970977234963834e-9,2.1484958293761674e-11
-1.726,4.954935469450231e-9,2.4599183462715624e-11
-1.725,5.0134526179929165e-9,2.7786923098311953e-11
-1.724,5.072657098692836e-9,3.104951453741493e-11
-1.723,5.1325569329538455e-9,3.4388316865990907e-11
-1.722,5.193160235068796e-9,3.780471125105955e-11
-1.721,5.254475213285034e-9,4.130010127750511e-11
-1.72,5.316510170881956e-9,4.487591328981692e-11
-1.719,5.379273507260797e-9,4.8533596738829064e-11
-1.718,5.442773719046749e-9,5.227462453353021e-11
-1.717,5.507019401203577e-9,5.610049339801554e-11
-1.716,5.572019248160856e-9,6.001272423365387e-11
-1.715,5.6377820549539745e-9,6.401286248654372e-11
-1.714,5.704316718377046e-9,6.810247852033363e-11
-1.713,5.7716322381488714e-9,7.228316799448241e-11
-1.712,5.839737718092108e-9,7.65565522480368e-11
-1.711,5.908642367325768e-9,8.092427868900436e-11
-1.71,5.978355501471223e-9,8.538802118940112e-11
-1.709,6.04888654387185e-9,8.994948048605411e-11
-1.708,6.120245026826469e-9,9.461038458724038e-11
-1.707,6.192440592836731e-9,9.937248918524503e-11
-1.706,6.265482995868614e-9,1.0423757807492195e-10
-1.705,6.3393821026281786e-9,1.0920746357834228e-10
-1.704,6.4141478938517414e-9,1.1428398697561636e-10
-1.703,6.4897904656106335e-9,1.1946901894197688e-10
-1.702,6.566320030630697e-9,1.2476445999121116e-10
-1.701,6.643746919626689e-9,1.3017224092553267e-10
-1.7,6.722081582651762e-9,1.3569432329198242e-10
-1.699,6.801334590462179e-9,1.4133269984545252e-10
-1.698,6.88151663589744e-9,1.470893950184253e-10
-1.697,6.9626385352759856e-9,1.5296646539752277e-10
-1.696,7.04471122980666e-9,1.589660002069625e-10
-1.695,7.127745787016096e-9,1.6509012179901698e-10
-1.694,7.211753402192204e-9,1.713409861515757e-10
-1.693,7.296745399843952e-9,1.7772078337290944e-10
-1.692,7.382733235177602e-9,1.842317382137387e-10
-1.691,7.469728495589593e-9,1.9087611058670875e-10
-1.69,7.557742902176264e-9,1.976561960933759e-10
-1.689,7.646788311260583e-9,2.0457432655881014e-10
-1.688,7.73687671593609e-9,2.116328705739222e-10
-1.687,7.828020247628236e-9,2.1883423404562256e-10
-1.686,7.920231177673307e-9,2.261808607549236e-10
-1.685,8.013521918915137e-9,2.336752329230955e-10
-1.684,8.107905027319804e-9,2.413198717859902e-10
-1.683,8.203393203608498e-9,2.491173381766468e-10
-1.682,8.299999294908777e-9,2.5707023311629627e-10
-1.681,8.397736296424413e-9,2.6518119841388177e-10
-1.68,8.496617353124011e-9,2.7345291727421546e-10
-1.679,8.59665576144864e-9,2.818881149148921e-10
-1.678,8.697864971038677e-9,2.9048955919208256e-10
-1.677,8.800258586480051e-9,2.9926006123533217e-10
-1.676,8.903850369070142e-9,3.0820247609148906e-10
-1.675,9.008654238603514e-9,3.173197033778918e-10
-1.674,9.114684275177744e-9,3.2661468794494497e-10
-1.673,9.22195472101951e-9,3.3609042054821476e-10
-1.672,9.33047998233123e-9,3.457499385301778e-10
-1.671,9.440274631158407e-9,3.555963265117581e-10
-1.67,9.551353407277987e-9,3.6563271709378925e-10
-1.669,9.663731220107884e-9,3.758622915685412e-10
-1.668,9.777423150637959e-9,3.862882806414511e-10
-1.667,9.89244445338267e-9,3.9691396516320285e-10
-1.666,1.0008810558355626e-8,4.077426768722977e-10
-1.665,1.0126537073066318e-8,4.1877779914826463e-10
-1.664,1.0245639784539199e-8,4.300227677756579e-10
-1.663,1.0366134661355467e-8,4.414810717189927e-10
-1.662,1.0488037855717693e-8,4.531562539087718e-10
-1.661,1.0611365705537616e-8,4.6505191203875794e-10
-1.66,1.0736134736547337e-8,4.77171699374649e-10
-1.659,1.0862361664434158e-8,4.895193255743146e-10
-1.658,1.099006339699935e-8,5.020985575197561e-10
-1.657,1.1119257036341093e-8,5.149132201609526e-10
-1.656,1.1249959881061864e-8,5.279671973717599e-10
-1.655,1.1382189428500536e-8,5.412644328180287e-10
-1.654,1.1515963376989465e-8,5.548089308381136e-10
-1.653,1.1651299628136839e-8,5.686047573359455e-10
-1.652,1.178821628913455e-8,5.826560406868408e-10
-1.651,1.1926731675091901e-8,5.969669726562271e-10
-1.65,1.2066864311395402e-8,6.11541809331463e-10
-1.649,1.2208632936094948e-8,6.263848720669353e-10
-1.648,1.2352056502316688e-8,6.415005484426184e-10
-1.647,1.2497154180702845e-8,6.568932932362822e-10
-1.646,1.264394536187881e-8,6.725676294095387e-10
-1.645,1.2792449658947791e-8,6.885281491079209e-10
-1.644,1.294268691001333e-8,7.047795146751863e-10
-1.643,1.309467718072999e-8,7.213264596820449e-10
-1.642,1.3248440766882504e-8,7.381737899695112e-10
-1.641,1.340399819699374e-8,7.553263847070831e-10
-1.64,1.3561370234961742e-8,7.727891974659532e-10
-1.639,1.3720577882726204e-8,7.905672573074628e-10
-1.638,1.3881642382964692e-8,8.086656698870068e-10
-1.637,1.4044585221818921e-8,8.270896185736082e-10
-1.636,1.4209428131651438e-8,8.458443655853747e-10
-1.635,1.4376193093833036e-8,8.649352531410608e-10
-1.634,1.454490234156121e-8,8.84367704627959e-10
-1.633,1.471557836271005e-8,9.041472257863421e-10
-1.632,1.488824390271185e-8,9.24279405910691e-10
-1.631,1.506292196747082e-8,9.44769919067938e-10
-1.63,1.523963582630924e-8,9.656245253329594e-10
-1.629,1.5418409014946413e-8,9.868490720415611e-10
-1.628,1.5599265338510746e-8,1.0084494950611924e-9
-1.627,1.578222887458539e-8,1.0304318200796407e-9
-1.626,1.59673239762877e-8,1.0528021639119493e-9
-1.625,1.6154575275383002e-8,1.0755667358258142e-9
-1.624,1.6344007685432927e-8,1.0987318388857134e-9
-1.623,1.653564640497878e-8,1.1223038713160295e-9
-1.622,1.6729516920760263e-8,1.1462893278834248e-9
-1.621,1.6925645010969968e-8,1.1706948012987388e-9
-1.62,1.712405674854402e-8,1.1955269836386731e-9
-1.619,1.7324778504489263e-8,1.2207926677875417e-9
-1.618,1.7527836951247382e-8,1.2464987488993599e-9
-1.617,1.773325906609636e-8,1.2726522258805532e-9
-1.616,1.794107213458971e-8,1.2992602028935733e-9
-1.615,1.8151303754033814e-8,1.326329890881704e-9
-1.614,1.8363981837003884e-8,1.3538686091153564e-9
-1.613,1.857913461489886e-8,1.3818837867601415e-9
-1.612,1.8796790641535768e-8,1.410382964467028e-9
-1.611,1.901697879678387e-8,1.439373795984884e-9
-1.61,1.923972829023911e-8,1.4688640497957127e-9
-1.609,1.946506866493926e-8,1.4988616107728961e-9
-1.608,1.96930298011202e-8,1.5293744818627609e-9
-1.607,1.9923641920013797e-8,1.5604107857897886e-9
-1.606,2.0156935587687836e-8,1.5919787667857958e-9
-1.605,2.0392941718928406e-8,1.6240867923434135e-9
-1.604,2.0631691581165293e-8,1.6567433549942008e-9
-1.603,2.087321679844075e-8,1.6899570741117277e-9
-1.602,2.1117549355422168e-8,1.7237366977399776e-9
-1.601,2.1364721601459114e-8,1.7580911044474092e-9
-1.6,2.16147662546852e-8,1.7930293052070363e-9
-1.599,2.1867716406165268e-8,1.8285604453028808e-9
-1.598,2.2123605524088414e-8,1.8646938062631586e-9
-1.597,2.2382467458007286e-8,1.901438807820571e-9
-1.596,2.264433644312421e-8,1.9388050099000672e-9
-1.595,2.290924710462461e-8,1.976802114634461e-9
-1.594,2.3177234462058258e-8,2.0154399684082786e-9
-1.593,2.344833393376885e-8,2.0547285639302256e-9
-1.592,2.372258134137244e-8,2.0946780423346714e-9
-1.591,2.4000012914285266e-8,2.135298695312539e-9
-1.59,2.4280665294301435e-8,2.176600967272012e-9
-1.589,2.456457554022114e-8,2.2185954575294624e-9
-1.588,2.485178113252977e-8,2.2612929225310113e-9
-1.587,2.514231997812864e-8,2.3047042781051535e-9
-1.586,2.543623041511776e-8,2.3488406017468513e-9
-1.585,2.5733551217631262e-8,2.393713134933551e-9
-1.584,2.603432160072606e-8,2.439333285473539e-9
-1.583,2.6338581225324264e-8,2.4857126298870944e-9
-1.582,2.664637020320998e-8,2.5328629158208785e-9
-1.581,2.695772910208105e-8,2.5807960644960172e-9
-1.58,2.7272698950656306e-8,2.629524173190341e-9
-1.579,2.7591321243838966e-8,2.6790595177552423e-9
-1.578,2.7913637947936757e-8,2.7294145551676307e-9
-1.577,2.8239691505939375e-8,2.7806019261174613e-9
-1.576,2.856952484285387e-8,2.832634457631318e-9
-1.575,2.890318137109863e-8,2.8855251657325565e-9
-1.574,2.924070499595653e-8,2.939287258138493e-9
-1.573,2.9582140121087934e-8,2.993934136995151e-9
-1.572,2.992753165410412e-8,3.049479401650075e-9
-1.571,3.0276925012201867e-8,3.105936851463739e-9
-1.57,3.0630366127859744e-8,3.163320488660061e-9
-1.569,3.098790145459688e-8,3.221644521216573e-9
-1.568,3.1349577972794775e-8,3.280923365794774e-9
-1.567,3.1715443195582854e-8,3.341171650711223e-9
-1.566,3.2085545174788535e-8,3.402404218949922e-9
-1.565,3.2459932506952335e-8,3.4646361312165495e-9
-1.564,3.283865433940882e-8,3.527882669035125e-9
-1.563,3.3221760376434095e-8,3.592159337887666e-9
-1.562,3.360930088546049e-8,3.657481870397439e-9
-1.561,3.4001326703359185e-8,3.7238662295563866e-9
-1.56,3.4397889242791475e-8,3.791328611997334e-9
-1.559,3.47990404986295e-8,3.85988545131159e-9
-1.558,3.520483305444699e-8,3.929553421412555e-9
-1.557,3.5615320089080954e-8,4.000349439945953e-9
-1.556,3.6030555383264966e-8,4.072290671747346e-9
-1.555,3.645059332633483e-8,4.145394532347541e-9
-1.554,3.6875488923007377e-8,4.2196786915265695e-9
-1.553,3.730529780023322e-8,4.295161076916881e-9
-1.552,3.774007621412417e-8,4.371859877656426e-9
-1.551,3.817988105695615e-8,4.4497935480923e-9
-1.55,3.862476986424844e-8,4.528980811535648e-9
-1.549,3.907480082191999e-8,4.609440664068509e-9
-1.548,3.95300327735236e-8,4.691192378403315e-9
-1.547,3.999052522755895e-8,4.774255507795757e-9
-1.546,4.045633836486508e-8,4.8586498900117394e-9
-1.545,4.092753304609335e-8,4.94439565134916e-9
-1.544,4.1404170819261615e-8,5.031513210715255e-9
-1.543,4.188631392739053e-8,5.120023283760261e-9
-1.542,4.2374025316222834e-8,5.209946887068168e-9
-1.541,4.2867368642026444e-8,5.301305342405315e-9
-1.54,4.336640827948235e-8,5.39412028102764e-9
-1.539,4.387120932965807e-8,5.488413648047353e-9
-1.538,4.438183762806765e-8,5.584207706859844e-9
-1.537,4.489835975281912e-8,5.681525043631661e-9
-1.536,4.542084303285027e-8,5.780388571850347e-9
-1.535,4.5949355556253704e-8,5.880821536937003e-9
-1.534,4.6483966178692165e-8,5.982847520922416e-9
-1.533,4.702474453190494e-8,6.0864904471876065e-9
-1.532,4.7571761032306436e-8,6.191774585269676e-9
-1.531,4.812508688967785e-8,6.298724555733823e-9
-1.53,4.8684794115952864e-8,6.40736533511244e-9
-1.529,4.925095553409839e-8,6.517722260912179e-9
-1.528,4.982364478709136e-8,6.629821036689917e-9
-1.527,5.0402936346992596e-8,6.743687737198545e-9
-1.526,5.0988905524118637e-8,6.859348813603529e-9
-1.525,5.1581628476312764e-8,6.9768310987711845e-9
-1.524,5.218118221831606e-8,7.096161812629652e-9
-1.523,5.278764463123967e-8,7.217368567603538e-9
-1.522,5.340109447213926e-8,7.3404793741232225e-9
-1.521,5.402161138369275e-8,7.465522646209838e-9
-1.52,5.464927590398243e-8,7.592527207136941e-9
-1.519,5.5284169476382505e-8,7.721522295169905e-9
-1.518,5.5926374459553173e-8,7.85253756938409e-9
-1.517,5.657597413754239e-8,7.985603115562853e-9
-1.516,5.7233052729996324e-8,8.120749452176444e-9
-1.515,5.7897695402479833e-8,8.258007536442924e-9
-1.514,5.856998827690784e-8,8.397408770472182e-9
-1.513,5.9250018442089025e-8,8.538985007494158e-9
-1.512,5.99378739643828e-8,8.682768558172437e-9
-1.511,6.063364389847085e-8,8.828792197004333e-9
-1.51,6.133741829824435e-8,8.977089168808642e-9
-1.509,6.20492882278082e-8,9.127693195302253e-9
-1.508,6.276934577260324e-8,9.28063848176677e-9
-1.507,6.349768405064793e-8,9.435959723806412e-9
-1.506,6.423439722390063e-8,9.593692114198367e-9
-1.505,6.497958050974352e-8,9.753871349836879e-9
-1.504,6.57333301925899e-8,9.916533638772298e-9
-1.503,6.649574363561558e-8,1.0081715707346392e-8
-1.502,6.726691929261607e-8,1.02494548074252e-8
-1.501,6.804695671999066e-8,1.0419788723730734e-8
-1.5,6.883595658885472e-8,1.0592755781272865e-8
-1.499,6.963402069728157e-8,1.076839485288274e-8
-1.498,7.044125198267531e-8,1.094674536684906e-8
-1.497,7.125775453427578e-8,1.112784731465866e-8
-1.496,7.208363360579727e-8,1.1311741258842716e-8
-1.495,7.291899562820199e-8,1.1498468340930058e-8
-1.494,7.376394822261011e-8,1.1688070289508984e-8
-1.493,7.461860021334749e-8,1.1880589428399042e-8
-1.492,7.54830616411325e-8,1.2076068684934265e-8
-1.491,7.63574437764035e-8,1.2274551598359329e-8
-1.49,7.72418591327884e-8,1.2476082328340156e-8
-1.489,7.813642148071764e-8,1.2680705663590506e-8
-1.488,7.904124586118208e-8,1.2888467030616088e-8
-1.487,7.995644859963748e-8,1.3099412502577779e-8
-1.486,8.088214732005679e-8,1.3313588808275537e-8
-1.485,8.181846095913185e-8,1.3531043341254628e-8
-1.484,8.276550978062623e-8,1.3751824169035789e-8
-1.483,8.372341538988033e-8,1.3975980042471005e-8
-1.482,8.469230074847077e-8,1.420356040522656e-8
-1.481,8.567229018902523e-8,1.4434615403395072e-8
-1.48,8.666350943019463e-8,1.4669195895238222e-8
-1.479,8.7666085591784e-8,1.4907353461061963e-8
-1.478,8.868014721004382e-8,1.5149140413225907e-8
-1.477,8.970582425312341e-8,1.539460980628876e-8
-1.476,9.074324813668808e-8,1.5643815447291555e-8
-1.475,9.179255173970142e-8,1.5896811906180572e-8
-1.474,9.285386942037486e-8,1.615365452637177e-8
-1.473,9.392733703228577e-8,1.6414399435458638e-8
-1.472,9.501309194066604e-8,1.667910355606539e-8
-1.471,9.611127303886288e-8,1.6947824616847407e-8
-1.47,9.722202076497332e-8,1.722062116364091e-8
-1.469,9.834547711865455e-8,1.7497552570763862e-8
-1.468,9.948178567811149e-8,1.777867905247009e-8
-1.467,1.0063109161726366e-7,1.8064061674558697e-8
-1.466,1.017935417230931e-7,1.8353762366140785e-8
-1.465,1.0296928441317489e-7,1.8647843931565643e-8
-1.464,1.0415846975339264e-7,1.894637006250848e-8
-1.463,1.053612494758402e-7,1.924940535022186e-8
-1.462,1.0657777699691197e-7,1.955701529795304e-8
-1.461,1.0780820743558336e-7,1.9869266333529377e-8
-1.46,1.0905269763188352e-7,2.018622582211409e-8
-1.459,1.1031140616556214e-7,2.050796207913458e-8
-1.458,1.1158449337495223e-7,2.0834544383385678e-8
-1.457,1.1287212137603114e-7,2.1166042990310062e-8
-1.456,1.1417445408168126e-7,2.150252914545827e-8
-1.455,1.1549165722115298e-7,2.1844075098130647e-8
-1.454,1.1682389835973152e-7,2.2190754115203665e-8
-1.453,1.181713469186098e-7,2.2542640495143055e-8
-1.452,1.1953417419496947e-7,2.2899809582206235e-8
-1.451,1.2091255338227202e-7,2.326233778083655e-8
-1.45,1.223066595907622e-7,2.3630302570251843e-8
-1.449,1.2371666986818578e-7,2.4003782519229993e-8
-1.448,1.2514276322072388e-7,2.438285730109395e-8
-1.447,1.265851206341457e-7,2.4767607708898997e-8
-1.446,1.2804392509518233e-7,2.515811567082485e-8
-1.445,1.2951936161312347e-7,2.5554464265775375e-8
-1.444,1.3101161724163925e-7,2.595673773918858e-8
-1.443,1.3252088110082952e-7,2.636502151905981e-8
-1.442,1.340473443995029e-7,2.6779402232180797e-8
-1.441,1.3559120045768766e-7,2.719996772059758e-8
-1.44,1.3715264472937696e-7,2.762680705829009e-8
-1.439,1.387318748255103e-7,2.8060010568076365e-8
-1.438,1.403290905371944e-7,2.8499669838744396e-8
-1.437,1.4194449385916456e-7,2.8945877742414555e-8
-1.436,1.4357828901349033e-7,2.9398728452135715e-8
-1.435,1.4523068247352665e-7,2.985831745971812e-8
-1.434,1.4690188298811345e-7,3.0324741593806137e-8
-1.433,1.4859210160602643e-7,3.0798099038194056e-8
-1.432,1.5030155170068048e-7,3.1278489350388186e-8
-1.431,1.5203044899508954e-7,3.176601348041844e-8
-1.43,1.5377901158708415e-7,3.226077378990275e-8
-1.429,1.5554745997479e-7,3.276287407136766e-8
-1.428,1.5733601708236997e-7,3.327241956782842e-8
-1.427,1.5914490828603161e-7,3.378951699263205e-8
-1.426,1.6097436144030362e-7,3.431427454956688e-8
-1.425,1.6282460690458283e-7,3.484680195324198e-8
-1.424,1.6469587756995543e-7,3.538721044974012e-8
-1.423,1.6658840888629418e-7,3.593561283754787e-8
-1.422,1.685024388896349e-7,3.649212348876643e-8
-1.421,1.7043820822983455e-7,3.705685837060696e-8
-1.42,1.7239596019851386e-7,3.7629935067174096e-8
-1.419,1.7437594075728729e-7,3.8211472801541536e-8
-1.418,1.763783985662827e-7,3.8801592458123415e-8
-1.417,1.7840358501295412e-7,3.94004166053455e-8
-1.416,1.8045175424118995e-7,4.0008069518620045e-8
-1.415,1.825231631807197e-7,4.062467720362839e-8
-1.414,1.846180715768221e-7,4.125036741991526e-8
-1.413,1.867367420203372e-7,4.188526970479894e-8
-1.412,1.8887943997798605e-7,4.2529515397601506e-8
-1.411,1.91046433823e-7,4.318323766420316e-8
-1.41,1.9323799486606332e-7,4.3846571521925146e-8
-1.409,1.954543973865719e-7,4.45196538647454e-8
-1.408,1.9769591866421086e-7,4.520262348885139e-8
-1.407,1.9996283901085438e-7,4.589562111853455e-8
-1.406,2.0225544180279071e-7,4.659878943243079e-8
-1.405,2.0457401351327543e-7,4.7312273090111645e-8
-1.404,2.069188437454161e-7,4.803621875903067e-8
-1.403,2.0929022526539155e-7,4.877077514182965e-8
-1.402,2.1168845403600874e-7,4.951609300400956e-8
-1.401,2.1411382925060068e-7,5.02723252019708e-8
-1.4,2.165666533672685e-7,5.103962671142775e-8
-1.399,2.1904723214347082e-7,5.1818154656202424e-8
-1.398,2.2155587467096388e-7,5.260806833740231e-8
-1.397,2.240928934110957e-7,5.340952926298733e-8
-1.396,2.266586042304574e-7,5.422270117773102e-8
-1.395,2.2925332643689542e-7,5.504775009358123e-8
-1.394,2.3187738281588777e-7,5.588484432042536e-8
-1.393,2.3453109966728754e-7,5.673415449726566e-8
-1.392,2.3721480684243775e-7,5.759585362380976e-8
-1.391,2.3992883778166024e-7,5.847011709248201e-8
-1.39,2.4267352955212263e-7,5.9357122720861036e-8
-1.389,2.454492228860869e-7,6.025705078454917e-8
-1.388,2.482562622195425e-7,6.117008405047936e-8
-1.387,2.5109499573122853e-7,6.209640781066525e-8
-1.386,2.539657753820478e-7,6.303620991640029e-8
-1.385,2.568689569548769e-7,6.398968081291168e-8
-1.384,2.598049000947756e-7,6.495701357447517e-8
-1.383,2.627739683495996e-7,6.593840393999669e-8
-1.382,2.657765292110203e-7,6.693405034906677e-8
-1.381,2.6881295415595497e-7,6.794415397849429e-8
-1.38,2.7188361868841165e-7,6.896891877932538e-8
-1.379,2.7498890238175223e-7,7.000855151435409e-8
-1.378,2.781291889213778e-7,7.106326179613123e-8
-1.377,2.813048661478399e-7,7.213326212547762e-8
-1.376,2.8451632610038163e-7,7.321876793050874e-8
-1.375,2.87763965060913e-7,7.431999760617706e-8
-1.374,2.9104818359842356e-7,7.543717255433904e-8
-1.373,2.943693866138374e-7,7.657051722435355e-8
-1.372,2.977279833853136e-7,7.772025915421862e-8
-1.371,3.0112438761399673e-7,7.88866290122536e-8
-1.37,3.045590174702216e-7,8.00698606393337e-8
-1.369,3.080322956401757e-7,8.127019109168429e-8
-1.368,3.115446493730243e-7,8.24878606842421e-8
-1.367,3.150965105285017e-7,8.372311303459066e-8
-1.366,3.1868831562497334e-7,8.497619510747772e-8
-1.365,3.2232050588797293e-7,8.624735725992182e-8
-1.364,3.259935272992183e-7,8.753685328691595e-8
-1.363,3.297078306461114e-7,8.884494046773611e-8
-1.362,3.3346387157172557e-7,9.017187961286232e-8
-1.361,3.372621106252854e-7,9.15179351115203e-8
-1.36,3.4110301331314287e-7,9.288337497985186e-8
-1.359,3.4498705015025487e-7,9.42684709097221e-8
-1.358,3.489146967121659e-7,9.56734983181716e-8
-1.357,3.52886433687501e-7,9.70987363975222e-8
-1.356,3.569027469309733e-7,9.854446816614459e-8
-1.355,3.6096412751691e-7,1.0001098051989661e-7
-1.354,3.650710717933032e-7,1.0149856428424059e-7
-1.353,3.6922408143638783e-7,1.0300751426704882e-7
-1.352,3.7342366350575333e-7,1.0453812931210595e-7
-1.351,3.776703304999928e-7,1.0609071235331737e-7
-1.35,3.819646004128944e-7,1.0766557046963271e-7
-1.349,3.863069967901799e-7,1.0926301494069376e-7
-1.348,3.9069804878679555e-7,1.1088336130321612e-7
-1.347,3.9513829122475905e-7,1.1252692940811413e-7
-1.346,3.996282646515687e-7,1.1419404347837875e-7
-1.345,4.0416851539917863e-7,1.1588503216771802e-7
-1.344,4.0875959564354575e-7,1.1760022861996994e-7
-1.343,4.13402063464753e-7,1.1933997052929803e-7
-1.342,4.180964829077136e-7,1.2110460020117933e-7
-1.341,4.228434240434623e-7,1.228944646141953e-7
-1.34,4.2764346303103735e-7,1.24709915482636e-7
-1.339,4.324971821799596e-7,1.265513093199279e-7
-1.338,4.3740517001331276e-7,1.2841900750289612e-7
-1.337,4.423680213314307e-7,1.3031337633687186e-7
-1.336,4.4738633727619647e-7,1.3223478712165578e-7
-1.335,4.524607253959588e-7,1.3418361621834849e-7
-1.334,4.575917997110706e-7,1.361602451170595e-7
-1.333,4.6278018078005555e-7,1.3816506050550545e-7
-1.332,4.6802649576640757e-7,1.4019845433850994e-7
-1.331,4.733313785060284e-7,1.4226082390841544e-7
-1.33,4.786954695753092e-7,1.4435257191642014e-7
-1.329,4.841194163598614e-7,1.4647410654485104e-7
-1.328,4.896038731239018e-7,1.4862584153038543e-7
-1.327,4.951495010802977e-7,1.508081962382331e-7
-1.326,5.007569684612783e-7,1.530215957372915e-7
-1.325,5.064269505898164e-7,1.5526647087628647e-7
-1.324,5.121601299516872e-7,1.5754325836091124e-7
-1.323,5.179571962682093e-7,1.598524008319765e-7
-1.322,5.238188465696737e-7,1.6219434694458445e-7
-1.321,5.297457852694667e-7,1.6456955144834024e-7
-1.32,5.357387242388915e-7,1.6697847526861377e-7
-1.319,5.41798382882695e-7,1.6942158558886577e-7
-1.318,5.479254882153065e-7,1.7189935593405154e-7
-1.317,5.541207749377908e-7,1.7441226625511613e-7
-1.316,5.603849855155264e-7,1.7696080301459548e-7
-1.315,5.667188702566102e-7,1.7954545927333685e-7
-1.314,5.731231873909964e-7,1.8216673477835383e-7
-1.313,5.795987031503773e-7,1.8482513605182985e-7
-1.312,5.861461918488078e-7,1.8752117648128513e-7
-1.311,5.927664359640835e-7,1.902553764109221e-7
-1.31,5.99460226219877e-7,1.9302826323416409e-7
-1.309,6.062283616686373e-7,1.9584037148740294e-7
-1.308,6.130716497752603e-7,1.986922429449707e-7
-1.307,6.199909065015352e-7,2.0158442671535148e-7
-1.306,6.269869563913735e-7,2.0451747933864874e-7
-1.305,6.340606326568267e-7,2.0749196488532473e-7
-1.304,6.412127772648988e-7,2.1050845505622788e-7
-1.303,6.484442410251595e-7,2.1356752928392498e-7
-1.302,6.557558836781651e-7,2.1666977483535445e-7
-1.301,6.63148573984693e-7,2.19815786915818e-7
-1.3,6.706231898157959e-7,2.2300616877432743e-7
-1.299,6.78180618243682e-7,2.2624153181032406e-7
-1.298,6.858217556334282e-7,2.2952249568178836e-7
-1.297,6.935475077355323e-7,2.3284968841475752e-7
-1.296,7.013587897793099e-7,2.3622374651426866e-7
-1.295,7.092565265671442e-7,2.396453150767464e-7
-1.294,7.172416525695932e-7,2.4311504790385266e-7
-1.293,7.253151120213619e-7,2.466336076178179e-7
-1.292,7.334778590181459e-7,2.502016657782718e-7
-1.291,7.41730857614353e-7,2.53819903000594e-7
-1.29,7.500750819217093e-7,2.5748900907580237e-7
-1.289,7.585115162087556e-7,2.6120968309200033e-7
-1.288,7.670411550012419e-7,2.6498263355740115e-7
-1.287,7.756650031834262e-7,2.688085785249511e-7
-1.286,7.843840761002847e-7,2.726882457185706e-7
-1.285,7.931993996606378e-7,2.766223726610342e-7
-1.284,8.021120104412027e-7,2.8061170680351104e-7
-1.283,8.111229557915753e-7,2.846570056567854e-7
-1.282,8.202332939401507e-7,2.887590369241799e-7
-1.281,8.294440941009877e-7,2.929185786362031e-7
-1.28,8.387564365816249e-7,2.971364192869419e-7
-1.279,8.481714128918546e-7,3.0141335797222314e-7
-1.278,8.576901258534622e-7,3.0575020452956457e-7
-1.277,8.673136897109363e-7,3.1014777967993976e-7
-1.276,8.770432302431581e-7,3.1460691517137887e-7
-1.275,8.868798848760765e-7,3.191284539244289e-7
-1.274,8.968248027963737e-7,3.2371325017949726e-7
-1.273,9.068791450661328e-7,3.283621696461017e-7
-1.272,9.170440847385089e-7,3.330760896540519e-7
-1.271,9.273208069744143e-7,3.3785589930658673e-7
-1.27,9.37710509160224e-7,3.427024996354909e-7
-1.269,9.48214401026507e-7,3.4761680375821824e-7
-1.268,9.58833704767792e-7,3.525997370370448e-7
-1.267,9.69569655163374e-7,3.5765223724027894e-7
-1.266,9.804234996991679e-7,3.6277525470555373e-7
-1.265,9.91396498690617e-7,3.679697525052284e-7
-1.264,1.0024899254066642e-6,3.7323670661392476e-7
-1.263,1.0137050661947897e-6,3.7857710607822654e-7
-1.262,1.0250432206071255e-6,3.8399195318856846e-7
-1.261,1.036505701527653e-6,3.894822636533427e-7
-1.26,1.048093835300489e-6,3.950490667752504e-7
-1.259,1.059808961859268e-6,4.0069340562992754e-7
-1.258,1.0716524348576298e-6,4.0641633724687295e-7
-1.257,1.0836256218008154e-6,4.1221893279270787e-7
-1.256,1.0957299041783813e-6,4.181022777567961e-7
-1.255,1.1079666775980389e-6,4.240674721392554e-7
-1.254,1.1203373519206231e-6,4.301156306413889e-7
-1.253,1.1328433513962018e-6,4.3624788285856826e-7
-1.252,1.1454861148013293e-6,4.4246537347559885e-7
-1.251,1.158267095577451e-6,4.4876926246459803e-7
-1.25,1.171187761970469e-6,4.5516072528541865e-7
-1.249,1.1842495971714732e-6,4.616409530886492e-7
-1.248,1.1974540994586444e-6,4.6821115292122375e-7
-1.247,1.2108027823403379e-6,4.748725479346736e-7
-1.246,1.2242971746993538e-6,4.816263775960545e-7
-1.245,1.237938820938401e-6,4.884738979015831e-7
-1.244,1.25172928112676e-6,4.954163815930156e-7
-1.243,1.2656701311481556e-6,5.024551183768044e-7
-1.242,1.279762962849841e-6,5.095914151460671e-7
-1.241,1.2940093841929028e-6,5.168265962054024e-7
-1.24,1.3084110194037955e-6,5.241620034985899e-7
-1.239,1.3229695091271074e-6,5.315989968392081e-7
-1.238,1.3376865105795682e-6,5.391389541442102e-7
-1.237,1.3525636977053047e-6,5.467832716704908e-7
-1.236,1.3676027613323497e-6,5.545333642544843e-7
-1.235,1.382805409330411e-6,5.623906655548314e-7
-1.234,1.3981733667699087e-6,5.703566282981513e-7
-1.233,1.4137083760822833e-6,5.784327245279616e-7
-1.232,1.4294121972215882e-6,5.866204458567807e-7
-1.231,1.4452866078273631e-6,5.949213037214564e-7
-1.23,1.4613334033888045e-6,6.03336829641759e-7
-1.229,1.4775543974102321e-6,6.118685754822802e-7
-1.228,1.4939514215778625e-6,6.205181137176784e-7
-1.227,1.5105263259278916e-6,6.292870377013142e-7
-1.226,1.5272809790158979e-6,6.381769619373154e-7
-1.225,1.544217268087565e-6,6.471895223561163e-7
-1.224,1.5613370992507383e-6,6.563263765935146e-7
-1.223,1.5786423976488124e-6,6.655892042732888e-7
-1.222,1.5961351076354634e-6,6.749797072934202e-7
-1.221,1.6138171929507257e-6,6.844996101159668e-7
-1.22,1.6316906368984234e-6,6.941506600606304e-7
-1.219,1.6497574425249585e-6,7.039346276020677e-7
-1.218,1.6680196327994642e-6,7.138533066709873e-7
-1.217,1.6864792507953266e-6,7.239085149590833e-7
-1.216,1.705138359873083e-6,7.34102094227851e-7
-1.215,1.723999043864696e-6,7.444359106213337e-7
-1.214,1.74306340725922e-6,7.549118549828494e-7
-1.213,1.76233357538985e-6,7.655318431757469e-7
-1.212,1.7818116946223717e-6,7.762978164082404e-7
-1.211,1.80149993254501e-6,7.872117415623747e-7
-1.21,1.821400478159681e-6,7.982756115271706e-7
-1.209,1.841515542074657e-6,8.094914455360038e-7
-1.208,1.8618473566986429e-6,8.20861289508268e-7
-1.207,1.8823981764362733e-6,8.323872163953772e-7
-1.206,1.9031702778850318e-6,8.440713265311593e-7
-1.205,1.924165960033598e-6,8.559157479866957e-7
-1.204,1.9453875444616268e-6,8.679226369296632e-7
-1.203,1.9668373755409607e-6,8.800941779882309e-7
-1.202,1.988517820638285e-6,8.924325846195723e-7
-1.201,2.0104312703192226e-6,9.049400994830455e-7
-1.2,2.032580138553877e-6,9.176189948181026e-7
-1.199,2.0549668629238246e-6,9.304715728269842e-7
-1.198,2.0775939048305604e-6,9.435001660622596e-7
-1.197,2.1004637497054003e-6,9.567071378192708e-7
-1.196,2.1235789072208407e-6,9.700948825335436e-7
-1.195,2.146941911503382e-6,9.836658261832225e-7
-1.194,2.170555321347816e-6,9.97422426696596e-7
-1.193,2.1944217204329784e-6,1.011367174364772e-6
-1.192,2.2185437175389722e-6,1.0255025922595665e-6
-1.191,2.2429239467658618e-6,1.0398312366566729e-6
-1.19,2.26756506775384e-6,1.0543556974641712e-6
-1.189,2.2924697659048675e-6,1.0690785986564498e-6
-1.188,2.3176407526057917e-6,1.084002598713599e-6
-1.187,2.3430807654529395e-6,1.0991303910663494e-6
-1.186,2.3687925684781906e-6,1.1144647045466191e-6
-1.185,2.394778952376528e-6,1.1300083038437417e-6
-1.184,2.4210427347350696e-6,1.1457639899664407e-6
-1.183,2.447586760263577e-6,1.1617346007106259e-6
-1.182,2.474413901026448e-6,1.177923011133078e-6
-1.181,2.5015270566761847e-6,1.1943321340310965e-6
-1.18,2.5289291546883436e-6,1.2109649204281842e-6
-1.179,2.5566231505979647e-6,1.2278243600658384e-6
-1.178,2.584612028237476e-6,1.2449134819015285e-6
-1.177,2.6128987999760763e-6,1.262235354612932e-6
-1.176,2.641486506960593e-6,1.2797930871085058e-6
-1.175,2.6703782193578106e-6,1.297589829044472e-6
-1.174,2.699577036598277e-6,1.3156287713482936e-6
-1.173,2.729086087621569e-6,1.3339131467487226e-6
-1.172,2.758908531123034e-6,1.3524462303124962e-6
-1.171,2.7890475558019874e-6,1.371231339987767e-6
-1.17,2.8195063806113724e-6,1.3902718371543456e-6
-1.169,2.85028825500888e-6,1.4095711271808392e-6
-1.168,2.8813964592095145e-6,1.4291326599887714e-6
-1.167,2.912834304439611e-6,1.4489599306237664e-6
-1.166,2.944605133192298e-6,1.4690564798338853e-6
-1.165,2.9767123194843937e-6,1.4894258946551982e-6
-1.164,3.009159269114739e-6,1.5100718090046835e-6
-1.163,3.041949419923957e-6,1.5309979042805414e-6
-1.162,3.075086242055631e-6,1.5522079099700113e-6
-1.161,3.108573238218901e-6,1.573705604264785e-6
-1.16,3.142413943952467e-6,1.5954948146841058e-6
-1.159,3.176611927889987e-6,1.6175794187056505e-6
-1.158,3.211170792026875e-6,1.6399633444042829e-6
-1.157,3.2460941719884797e-6,1.6626505710987788e-6
-1.156,3.2813857372996378e-6,1.6856451300066158e-6
-1.155,3.317049191655594e-6,1.7089511049069279e-6
-1.154,3.35308827319428e-6,1.7325726328117193e-6
-1.153,3.3895067547699352e-6,1.7565139046454434e-6
-1.152,3.42630844422807e-6,1.780779165933041e-6
-1.151,3.4634971846817475e-6,1.8053727174965436e-6
-1.15,3.5010768547891843e-6,1.8302989161603454e-6
-1.149,3.5390513690326483e-6,1.8555621754652462e-6
-1.148,3.5774246779986462e-6,1.8811669663913706e-6
-1.147,3.616200768659389e-6,1.9071178180900735e-6
-1.146,3.6553836646555148e-6,1.933419318624936e-6
-1.145,3.694977426580064e-6,1.960076115721962e-6
-1.144,3.7349861522636835e-6,1.9870929175290894e-6
-1.143,3.775413977061048e-6,2.0144744933851205e-6
-1.142,3.816265074138485e-6,2.0422256745981915e-6
-1.141,3.857543654762784e-6,2.0703513552338924e-6
-1.14,3.899253968591165e-6,2.0988564929131516e-6
-1.139,3.9414003039624115e-6,2.1277461096200042e-6
-1.138,3.983986988189117e-6,2.157025292519363e-6
-1.137,4.027018387851055e-6,2.186699194784907e-6
-1.136,4.0704989090896334e-6,2.216773036437214e-6
-1.135,4.11443299790342e-6,2.2472521051922573e-6
-1.134,4.158825140444723e-6,2.278141757320387e-6
-1.133,4.20367986331719e-6,2.3094474185159266e-6
-1.132,4.249001733874415e-6,2.3411745847775096e-6
-1.131,4.294795360519528e-6,2.3733288232992773e-6
-1.13,4.341065393005734e-6,2.4059157733730804e-6
-1.129,4.387816522737792e-6,2.438941147301801e-6
-1.128,4.435053483074389e-6,2.472410731323938e-6
-1.127,4.482781049631398e-6,2.5063303865495833e-6
-1.126,4.531004040585983e-6,2.540706049907927e-6
-1.125,4.579727316981529e-6,2.5755437351064272e-6
-1.124,4.628955783033358e-6,2.6108495336017822e-6
-1.123,4.678694386435217e-6,2.646629615582848e-6
-1.122,4.728948118666481e-6,2.682890230965637e-6
-1.121,4.779722015300071e-6,2.7196377104005453e-6
-1.12,4.831021156311024e-6,2.7568784662919543e-6
-1.119,4.882850666385704e-6,2.7946189938303444e-6
-1.118,4.935215715231598e-6,2.832865872037081e-6
-1.117,4.988121517887683e-6,2.8716257648220116e-6
-1.116,5.0415733350353065e-6,2.9109054220540296e-6
-1.115,5.095576473309559e-6,2.9507116806447585e-6
-1.114,5.150136285611083e-6,2.9910514656455078e-6
-1.113,5.205258171418294e-6,3.03193179135766e-6
-1.112,5.260947577099959e-6,3.073359762456644e-6
-1.111,5.317209996228106e-6,3.1153425751296554e-6
-1.11,5.374050969891189e-6,3.157887518227286e-6
-1.109,5.43147608700751e-6,3.2010019744292243e-6
-1.108,5.489490984638811e-6,3.2446934214241926e-6
-1.107,5.548101348304002e-6,3.2889694331042864e-6
-1.106,5.607312912292994e-6,3.3338376807738866e-6
-1.105,5.667131459980549e-6,3.3793059343733134e-6
-1.104,5.727562824140143e-6,3.4253820637173947e-6
-1.103,5.788612887257741e-6,3.472074039749123e-6
-1.102,5.85028758184547e-6,3.519389935808575e-6
-1.101,5.912592890755109e-6,3.5673379289172775e-6
-1.1,5.975534847491357e-6,3.615926301078193e-6
-1.099,6.039119536524799e-6,3.665163440591509e-6
-1.098,6.1033530936045374e-6,3.7150578433864167e-6
-1.097,6.168241706070407e-6,3.7656181143690635e-6
-1.096,6.233791613164714e-6,3.816852968786865e-6
-1.095,6.300009106343449e-6,3.868771233609374e-6
-1.094,6.366900529586884e-6,3.921381848925882e-6
-1.093,6.434472279709517e-6,3.974693869359972e-6
-1.092,6.502730806669259e-6,4.028716465501189e-6
-1.091,6.571682613875822e-6,4.0834589253540605e-6
-1.09,6.641334258498229e-6,4.138930655804626e-6
-1.089,6.711692351771353e-6,4.195141184104719e-6
-1.088,6.782763559301442e-6,4.25210015937418e-6
-1.087,6.854554601370519e-6,4.309817354121216e-6
-1.086,6.9270722532396e-6,4.368302665781109e-6
-1.085,7.0003233454506436e-6,4.4275661182734975e-6
-1.084,7.074314764127138e-6,4.487617863578431e-6
-1.083,7.149053451273253e-6,4.548468183331421e-6
-1.082,7.224546405071473e-6,4.610127490437705e-6
-1.081,7.300800680178596e-6,4.672606330705935e-6
-1.08,7.377823388020043e-6,4.735915384501535e-6
-1.079,7.455621697082357e-6,4.800065468419922e-6
-1.078,7.5342028332038065e-6,4.865067536979847e-6
-1.077,7.613574079863002e-6,4.930932684337062e-6
-1.076,7.693742778465407e-6,4.9976721460185636e-6
-1.075,7.77471632862766e-6,5.0652973006776335e-6
-1.074,7.8565021884596e-6,5.1338196718699195e-6
-1.073,7.939107874843874e-6,5.2032509298508e-6
-1.072,8.022540963713036e-6,5.273602893394262e-6
-1.071,8.10680909032402e-6,5.344887531633548e-6
-1.07,8.191919949529857e-6,5.4171169659238154e-6
-1.069,8.277881296048554e-6,5.490303471727057e-6
-1.068,8.364700944728977e-6,5.564459480519528e-6
-1.067,8.452386770813645e-6,5.63959758172195e-6
-1.066,8.5409467101983e-6,5.715730524652734e-6
-1.065,8.630388759688121e-6,5.7928712205044905e-6
-1.064,8.72072097725046e-6,5.871032744344083e-6
-1.063,8.81195148226397e-6,5.950228337136495e-6
-1.062,8.904088455763974e-6,6.030471407792781e-6
-1.061,8.997140140683963e-6,6.111775535242358e-6
-1.06,9.09111484209305e-6,6.194154470529933e-6
-1.059,9.186020927429257e-6,6.2776221389373185e-6
-1.058,9.281866826728497e-6,6.362192642130431e-6
-1.057,9.378661032849063e-6,6.447880260331752e-6
-1.056,9.47641210169151e-6,6.534699454518528e-6
-1.055,9.57512865241375e-6,6.622664868647005e-6
-1.054,9.674819367641213e-6,6.7117913319029836e-6
-1.053,9.775492993671902e-6,6.8020938609789895e-6
-1.052,9.877158340676173e-6,6.893587662378354e-6
-1.051,9.979824282891084e-6,6.986288134746504e-6
-1.05,1.0083499758809126e-5,7.0802108712297625e-6
-1.049,1.018819377136116e-5,7.175371661861963e-6
-1.048,1.0293915388093386e-5,7.271786495979198e-6
-1.047,1.0400673741338156e-5,7.3694715646629855e-6
-1.046,1.0508478028378447e-5,7.468443263212198e-6
-1.045,1.0617337511605776e-5,7.56871819364405e-6
-1.044,1.072726151867141e-5,7.670313167224476e-6
-1.043,1.0838259442630623e-5,7.773245207028203e-6
-1.042,1.0950340742079828e-5,7.877531550528885e-6
-1.041,1.1063514941286356e-5,7.983189652219567e-6
-1.04,1.1177791630310676e-5,8.090237186263879e-6
-1.039,1.1293180465120849e-5,8.198692049178235e-6
-1.038,1.140969116769898e-5,8.308572362545425e-6
-1.037,1.1527333526139454e-5,8.4198964757599e-6
-1.036,1.1646117394738716e-5,8.532682968805141e-6
-1.035,1.1766052694076364e-5,8.646950655063406e-6
-1.034,1.188714941108734e-5,8.762718584158269e-6
-1.033,1.2009417599124917e-5,8.880006044830241e-6
-1.032,1.2132867378014303e-5,8.9988325678459e-6
-1.031,1.225750893409656e-5,9.11921792894082e-6
-1.03,1.2383352520262593e-5,9.241182151796733e-6
-1.029,1.251040845597696e-5,9.364745511053244e-6
-1.028,1.2638687127291206e-5,9.489928535354493e-6
-1.027,1.2768198986846483e-5,9.616752010431134e-6
-1.026,1.2898954553865138e-5,9.745236982218011e-6
-1.025,1.303096441413102e-5,9.87540476000792e-6
-1.024,1.3164239219958187e-5,1.0007276919641822e-5
-1.023,1.3298789690147746e-5,1.0140875306735934e-5
-1.022,1.3434626609932496e-5,1.0276222039946049e-5
-1.021,1.3571760830909079e-5,1.0413339514269505e-5
-1.02,1.3710203270957344e-5,1.0552250404385217e-5
-1.019,1.3849964914146572e-5,1.069297766803213e-5
-1.018,1.3991056810628268e-5,1.0835544549426558e-5
-1.017,1.4133490076515155e-5,1.0979974582718766e-5
-1.016,1.4277275893746074e-5,1.112629159548926e-5
-1.015,1.4422425509936409e-5,1.1274519712285156e-5
-1.014,1.4568950238213717e-5,1.1424683358197083e-5
-1.013,1.4716861457038171e-5,1.1576807262477041e-5
-1.012,1.4866170610007494e-5,1.1730916462197628e-5
-1.011,1.5016889205645976e-5,1.1887036305953076e-5
-1.01,1.5169028817177224e-5,1.2045192457602558e-5
-1.009,1.5322601082280246e-5,1.2205410900056153e-5
-1.008,1.5477617702828473e-5,1.2367717939103973e-5
-1.007,1.563409044461134e-5,1.2532140207288857e-5
-1.006,1.5792031137038013e-5,1.2698704667823097e-5
-1.005,1.5951451672822804e-5,1.2867438618549676e-5
-1.004,1.6112364007651947e-5,1.3038369695948425e-5
-1.003,1.6274780159831205e-5,1.3211525879187618e-5
-1.002,1.6438712209913943e-5,1.3386935494221434e-5
-1.001,1.660417230030917e-5,1.356462721793378e-5
-1.0,1.6771172634869147e-5,1.3744630082328934e-5
-0.999,1.693972547845604e-5,1.3926973478769492e-5
-0.998,1.710984315648721e-5,1.4111687162262116e-5
-0.997,1.7281538054458626e-5,1.4298801255791543e-5
-0.996,1.7454822617445888e-5,1.4488346254703367e-5
-0.995,1.7629709349582437e-5,1.4680353031136078e-5
-0.994,1.780621081351437e-5,1.4874852838502869e-5
-0.993,1.7984339629831385e-5,1.5071877316023682e-5
-0.992,1.8164108476473342e-5,1.527145849330805e-5
-0.991,1.8345530088111858e-5,1.547362879498919e-5
-0.99,1.852861725550646e-5,1.5678421045409903e-5
-0.989,1.8713382824834653e-5,1.588586847336078e-5
-0.988,1.889983969699546e-5,1.609600471687123e-5
-0.987,1.9088000826885727e-5,1.6308863828053874e-5
-0.986,1.9277879222648732e-5,1.652448027800283e-5
-0.985,1.9469487944894392e-5,1.6742888961746405e-5
-0.984,1.966284010589057e-5,1.6964125203254742e-5
-0.983,1.9857948868724776e-5,1.7188224760502987e-5
-0.982,2.0054827446435695e-5,1.7415223830590495e-5
-0.981,2.0253489101113875e-5,1.7645159054916588e-5
-0.98,2.045394714297093e-5,1.787806752441354e-5
-0.979,2.065621492937662e-5,1.8113986784837183e-5
-0.978,2.0860305863863076e-5,1.8352954842115832e-5
-0.977,2.1066233395095583e-5,1.8595010167758024e-5
-0.976,2.1274011015809108e-5,1.884019170431965e-5
-0.975,2.1483652261709966e-5,1.9088538870931063e-5
-0.974,2.169517071034185e-5,1.934009156888473e-5
-0.973,2.1908579979915474e-5,1.9594890187284016e-5
-0.972,2.212389372810116e-5,1.985297560875369e-5
-0.971,2.2341125650783505e-5,2.0114389215212703e-5
-0.97,2.2560289480777444e-5,2.037917289370987e-5
-0.969,2.278139898650487e-5,2.0647369042323055e-5
-0.968,2.3004467970631022e-5,2.091902057612242e-5
-0.967,2.3229510268659843e-5,2.1194170933198376e-5
-0.966,2.3456539747487448e-5,2.1472864080754797e-5
-0.965,2.36855703039129e-5,2.1755144521268197e-5
-0.964,2.3916615863105382e-5,2.2041057298713372e-5
-0.963,2.4149690377026944e-5,2.2330648004856193e-5
-0.962,2.4384807822809912e-5,2.2623962785614166e-5
-0.961,2.4621982201088054e-5,2.2921048347485367e-5
-0.96,2.486122753428057e-5,2.3221951964046383e-5
-0.959,2.5102557864828034e-5,2.3526721482519874e-5
-0.958,2.5345987253379242e-5,2.3835405330412454e-5
-0.957,2.5591529776928082e-5,2.414805252222344e-5
-0.956,2.583919952689939e-5,2.4464712666225182e-5
-0.955,2.6089010607182816e-5,2.478543597131556e-5
-0.954,2.6340977132113665e-5,2.5110273253943376e-5
-0.953,2.6595113224399696e-5,2.5439275945107183e-5
-0.952,2.6851433012992823e-5,2.5772496097428318e-5
-0.951,2.71099506309046e-5,2.61099863922987e-5
-0.95,2.7370680212964494e-5,2.645180014710412e-5
-0.949,2.7633635893519737e-5,2.679799132252367e-5
-0.948,2.7898831804075705e-5,2.714861452990592e-5
-0.947,2.8166282070875627e-5,2.7503725038722627e-5
-0.946,2.843600081241848e-5,2.7863378784100518e-5
-0.945,2.870800213691391e-5,2.822763237443193e-5
-0.944,2.898230013967291e-5,2.8596543099064905e-5
-0.943,2.9258908900433076e-5,2.8970168936073476e-5
-0.942,2.9537842480617203e-5,2.934856856010877e-5
-0.941,2.9819114920523903e-5,2.9731801350331677e-5
-0.94,3.0102740236449005e-5,3.0119927398427696e-5
-0.939,3.0388732417736385e-5,3.0513007516704738e-5
-0.938,3.0677105423756955e-5,3.091110324627446e-5
-0.937,3.096787318081436e-5,3.131427686531794e-5
-0.936,3.12610495789761e-5,3.172259139743633e-5
-0.935,3.1556648468828616e-5,3.213611062008712e-5
-0.934,3.185468365815495e-5,3.2554899073106864e-5
-0.933,3.215516890853348e-5,3.297902206732096e-5
-0.932,3.245811793185634e-5,3.340854569324114e-5
-0.931,3.276354438676593e-5,3.38435368298515e-5
-0.93,3.3071461875008084e-5,3.42840631534837e-5
-0.929,3.3381883937700275e-5,3.4730193146782023e-5
-0.928,3.369482405151334e-5,3.518199610775903e-5
-0.927,3.4010295624765086e-5,3.563954215894252e-5
-0.926,3.4328311993424166e-5,3.610290225661447e-5
-0.925,3.464888641702259e-5,3.657214820014268e-5
-0.924,3.497203207447516e-5,3.704735264140584e-5
-0.923,3.5297762059804106e-5,3.752858909431273e-5
-0.922,3.56260893777673e-5,3.801593194441618e-5
-0.921,3.59570269393881e-5,3.850945645862262e-5
-0.92,3.629058755738518e-5,3.90092387949979e-5
-0.919,3.662678394150049e-5,3.951535601266993e-5
-0.918,3.696562869372344e-5,4.002788608182908e-5
-0.917,3.7307134303409445e-5,4.054690789382691e-5
-0.916,3.7651313142291e-5,4.107250127137391e-5
-0.915,3.7998177459379186e-5,4.1604746978837045e-5
-0.914,3.83477393757538e-5,4.214372673263772e-5
-0.913,3.8700010879239945e-5,4.268952321175094e-5
-0.912,3.905500381896911e-5,4.324222006830628e-5
-0.911,3.941272989982275e-5,4.3801901938291444e-5
-0.91,3.977320067675604e-5,4.4368654452359e-5
-0.909,4.013642754899986e-5,4.494256424673709e-5
-0.908,4.0502421754138794e-5,4.5523718974244775e-5
-0.907,4.0871194362062776e-5,4.611220731541256e-5
-0.906,4.1242756268790385e-5,4.670811898970905e-5
-0.905,4.1617118190161296e-5,4.731154476687413e-5
-0.904,4.199429065539565e-5,4.792257647835953e-5
-0.903,4.237428400051797e-5,4.854130702887734e-5
-0.902,4.2757108361643264e-5,4.916783040805725e-5
-0.901,4.3142773668122786e-5,4.9802241702212974e-5
-0.9,4.3531289635547066e-5,5.0444637106218775e-5
-0.899,4.392266575860367e-5,5.109511393549648e-5
-0.898,4.43169113037871e-5,5.175377063811384e-5
-0.897,4.471403530195827e-5,5.242070680699471e-5
-0.896,4.511404654075094e-5,5.309602319224177e-5
-0.895,4.551695355682235e-5,5.377982171357238e-5
-0.894,4.592276462794545e-5,5.447220547286819e-5
-0.893,4.6331487764939794e-5,5.5173278766839075e-5
-0.892,4.674313070343847e-5,5.588314709980206e-5
-0.891,4.7157700895488115e-5,5.66019171965758e-5
-0.89,4.757520550097903e-5,5.7329697015491114e-5
-0.889,4.79956513789027e-5,5.806659576151833e-5
-0.888,4.841904507843339e-5,5.881272389951176e-5
-0.887,4.8845392829831114e-5,5.9568193167572097e-5
-0.886,4.927470053516259e-5,6.033311659052712e-5
-0.885,4.970697375883731e-5,6.110760849353129e-5
-0.884,5.014221771795528e-5,6.18917845157847e-5
-0.883,5.058043727246342e-5,6.268576162437205e-5
-0.882,5.1021636915117176e-5,6.348965812822191e-5
-0.881,5.1465820761244115e-5,6.430359369218691e-5
-0.88,5.1912992538306007e-5,6.512768935124533e-5
-0.879,5.236315557525603e-5,6.59620675248244e-5
-0.878,5.2816312791687595e-5,6.680685203124593e-5
-0.877,5.3272466686771124e-5,6.766216810229455e-5
-0.876,5.373161932797539e-5,6.85281423979091e-5
-0.875,5.41937723395695e-5,6.940490302099736e-5
-0.874,5.465892689090199e-5,7.029257953237475e-5
-0.873,5.512708368445316e-5,7.119130296582715e-5
-0.872,5.559824294365683e-5,7.210120584329824e-5
-0.871,5.607240440048762e-5,7.30224221902018e-5
-0.87,5.6549567282809794e-5,7.395508755085902e-5
-0.869,5.702973030148363e-5,7.489933900406132e-5
-0.868,5.751289163722528e-5,7.58553151787588e-5
-0.867,5.7999048927215894e-5,7.682315626987472e-5
-0.866,5.8488199251455883e-5,7.7803004054246e-5
-0.865,5.898033911885999e-5,7.879500190669002e-5
-0.864,5.947546445308884e-5,7.97992948161981e-5
-0.863,5.997357057811258e-5,8.081602940225532e-5
-0.862,6.0474652203502126e-5,8.184535393128733e-5
-0.861,6.097870340944341e-5,8.288741833323384e-5
-0.86,6.148571763147016e-5,8.394237421824903e-5
-0.859,6.199568764491032e-5,8.501037489352891e-5
-0.858,6.250860554904167e-5,8.609157538026555e-5
-0.857,6.302446275095131e-5,8.718613243072824e-5
-0.856,6.354324994909476e-5,8.829420454547136e-5
-0.855,6.406495711654909e-5,8.941595199066918e-5
-0.854,6.458957348395543e-5,9.055153681557709e-5
-0.853,6.511708752214558e-5,9.170112287011933e-5
-0.852,6.564748692444748e-5,9.286487582260302e-5
-0.851,6.618075858866432e-5,9.404296317755812e-5
-0.85,6.671688859872196e-5,9.523555429370313e-5
-0.849,6.72558622059791e-5,9.644282040203638e-5
-0.848,6.779766381019475e-5,9.766493462405215e-5
-0.847,6.834227694014737e-5,9.890207199008166e-5
-0.846,6.888968423390002e-5,0.00010015440945775828
-0.845,6.943986741870567e-5,0.00010142212593060652
-0.844,6.999280729054683e-5,0.00010270540227675418
-0.843,7.054848369330362e-5,0.00010400442134776733
-0.842,7.110687549754404e-5,0.00010531936799760728
-0.841,7.166796057893062e-5,0.00010665042910170894
-0.84,7.22317157962368e-5,0.00010799779357617988
-0.839,7.27981169689672e-5,0.00010936165239711939
-0.838,7.336713885457496e-5,0.00011074219862005643
-0.837,7.393875512526986e-5,0.00011213962739950606
-0.836,7.451293834441058e-5,0.00011355413600864291
-0.835,7.508965994247432e-5,0.0001149859238590911
-0.834,7.56688901925972e-5,0.00011643519252082931
-0.833,7.625059818567811e-5,0.00011790214574221
-0.832,7.683475180503954e-5,0.00011938698947009168
-0.831,7.742131770063785e-5,0.0001208899318700826
-0.83,7.801026126281605e-5,0.00012241118334689523
-0.829,7.860154659559157e-5,0.00012395095656480938
-0.828,7.919513648947175e-5,0.00012550946646824318
-0.827,7.979099239378945e-5,0.0001270869303024299
-0.826,8.038907438855115e-5,0.00012868356763419945
-0.825,8.098934115578977e-5,0.00013029960037286233
-0.824,8.159174995041434e-5,0.00013193525279119503
-0.823,8.219625657054863e-5,0.0001335907515465243
-0.822,8.280281532735054e-5,0.00013526632570190876
-0.821,8.341137901430404e-5,0.0001369622067474161
-0.82,8.402189887597542e-5,0.0001386786286214931
-0.819,8.463432457622527e-5,0.0001404158277324268
-0.818,8.524860416586783e-5,0.0001421740429798946
-0.817,8.586468404976867e-5,0.00014395351577660062
-0.816,8.648250895337226e-5,0.00014575449006999595
-0.815,8.710202188865022e-5,0.00014757721236408042
-0.814,8.77231641194613e-5,0.00014942193174128306
-0.813,8.834587512631378e-5,0.0001512888998844185
-0.812,8.897009257052118e-5,0.00015317837109871642
-0.811,8.959575225774141e-5,0.00015509060233392122
-0.81,9.022278810089027e-5,0.00015702585320645862
-0.809,9.08511320824191e-5,0.00015898438602166603
-0.808,9.148071421594699e-5,0.00016096646579608358
-0.807,9.211146250723745e-5,0.0001629723602798019
-0.806,9.274330291450932e-5,0.00016500233997886361
-0.805,9.337615930807176e-5,0.00016705667817771435
-0.804,9.400995342927272e-5,0.00016913565096169977
-0.803,9.464460484875048e-5,0.00017123953723960453
-0.802,9.528003092397731e-5,0.000173368618766229
-0.801,9.591614675608456e-5,0.00017552318016499964
-0.8,9.655286514595807e-5,0.0001777035089506084
-0.799,9.71900965495926e-5,0.000179909895551677
-0.798,9.782774903269418e-5,0.0001821426333334407
-0.797,9.846572822451862e-5,0.00018440201862044767
-0.796,9.910393727093468e-5,0.00018668835071926798
-0.795,9.974227678670005e-5,0.00018900193194120766
-0.794,0.0001003806448069381,0.00019134306762502224
-0.793,0.00010101893673780333,0.00019371206615962424
-0.792,0.00010165704530632319,0.00019610923900677905
-0.791,0.00010229486050940369,0.0001985349007237831
-0.79,0.00010293226956198634,0.0002009893689861184
-0.789,0.0001035691568443434,0.00020347296461007726
-0.788,0.00010420540384849868,0.00020598601157535056
-0.787,0.00010484088912376038,0.00020852883704757286
-0.786,0.00010547548822135302,0.000211101771400818
-0.785,0.00010610907363813461,0.00021370514824003718
-0.784,0.00010674151475938559,0.00021633930442343342
-0.783,0.00010737267780065543,0.0002190045800847637
-0.782,0.00010800242574865312,0.00022170131865556204
-0.781,0.00010863061830116687,0.00022442986688727486
-0.78,0.00010925711180599902,0.00022719057487330084
-0.779,0.00010988175919890122,0.00022998379607092656
-0.778,0.00011050440994049515,0.0002328098873231495
-0.777,0.00011112490995216376,0.00023566920888037915
-0.776,0.00011174310155089782,0.00023856212442200736
-0.775,0.00011235882338308227,0.0002414890010778379
-0.774,0.00011297191035720695,0.00024445020944936644
-0.773,0.00011358219357548564,0.00024744612363089953
-0.772,0.0001141895002643676,0.000250477121230504
-0.771,0.00011479365370392522,0.00025354358339077423
-0.77,0.0001153944731561015,0.0002566458948094082
-0.769,0.00011599177379180054,0.0002597844437595797
-0.768,0.00011658536661680435,0.0002629596221100959
-0.767,0.00011717505839649875,0.00026617182534532864
-0.766,0.00011776065157939126,0.00026942145258490596
-0.765,0.00011834194421940321,0.0002727089066031531
-0.764,0.00011891872989691872,0.00027603459384826855
-0.763,0.00011949079763857224,0.0002793989244612233
-0.762,0.00012005793183575665,0.00028280231229436823
-0.761,0.0001206199121618336,0.00028624517492973657
-0.76,0.00012117651348802735,0.0002897279336970275
-0.759,0.00012172750579798329,0.0002932510136912548
-0.758,0.00012227265410097213,0.0002968148437900464
-0.757,0.00012281171834372038,0.0003004198566705793
-0.756,0.00012334445332084771,0.00030406648882613324
-0.755,0.00012387060858389115,0.00030775518058224734
-0.754,0.00012438992834889646,0.0003114863761124624
-0.753,0.00012490215140255613,0.00031526052345363193
-0.752,0.00012540701100687387,0.0003190780745207843
-0.751,0.0001259042348023343,0.0003229394851215164
-0.75,0.00012639354470955755,0.00032684521496990286
-0.749,0.00012687465682941716,0.0003307957276998984
-0.748,0.00012734728134159955,0.00033479149087821603
-0.747,0.00012781112240158428,0.00033883297601665976
-0.746,0.000128265878036022,0.0003429206585838913
-0.745,0.00012871124003648884,0.00034705501801660934
-0.744,0.0001291468938515941,0.0003512365377301201
-0.743,0.00012957251847741912,0.00035546570512827555
-0.742,0.00012998778634626374,0.0003597430116127577
-0.741,0.0001303923632136779,0.00036406895259168446
-0.74,0.00013078590804375397,0.00036844402748751275
-0.739,0.00013116807289265722,0.0003728687397442151
-0.738,0.00013153850279036926,0.00037734359683370267
-0.737,0.00013189683562062125,0.0003818691102614702
-0.736,0.00013224270199899173,0.00038644579557143454
-0.735,0.0001325757251491445,0.00039107417234994084
-0.734,0.00013289552077718178,0.0003957547642289065
-0.733,0.0001332016969440869,0.0004004880988880759
-0.732,0.00013349385393623156,0.0004052747080563542
-0.731,0.00013377158413392136,0.00041011512751219195
-0.73,0.00013403447187795397,0.00041500989708298703
-0.729,0.0001342820933341633,0.00041995956064347454
-0.728,0.00013451401635592325,0.0004249646661130695
-0.727,0.00013472980034458454,0.0004300257654521303
-0.726,0.00013492899610781684,0.000435143414657108
-0.725,0.0001351111457158295,0.000440318173754546
-0.724,0.00013527578235544296,0.00044555060679389417
-0.723,0.00013542243018198317,0.00045084128183910024
-0.722,0.00013555060416897084,0.0004561907709589407
-0.721,0.00013565980995557702,0.00046159965021605134
-0.72,0.00013574954369181683,0.0004670684996546191
-0.719,0.0001358192918814519,0.0004725979032866925
-0.718,0.00013586853122257305,0.00047818844907707
-0.717,0.0001358967284458334,0.0004838407289267227
-0.716,0.00013590334015030247,0.0004895553386547076
-0.715,0.00013588781263691144,0.000495332877978526
-0.714,0.00013584958173945978,0.0005011739504928806
-0.713,0.00013578807265315226,0.0005070791636467853
-0.712,0.0001357026997606367,0.0005130491287189761
-0.711,0.00013559286645551094,0.000519084460791577
-0.71,0.0001354579649632685,0.0005251857787219673
-0.709,0.00013529737615965173,0.0005313537051127983
-0.708,0.00013511046938638054,0.0005375888662801071
-0.707,0.00013489660226422603,0.000543891892219472
-0.706,0.00013465512050339602,0.000550263416570152
-0.705,0.00013438535771120166,0.000556704076577155
-0.704,0.00013408663519697193,0.0005632145130511738
-0.703,0.0001337582617741841,0.0005697953703263308
-0.702,0.00013339953355977774,0.0005764472962156684
-0.701,0.00013300973377061899,0.0005831709419643223
-0.7,0.00013258813251708267,0.0005899669622003122
-0.699,0.00013213398659371896,0.0005968360148828833
-0.698,0.00013164653926697138,0.0006037787612483316
-0.697,0.00013112502005991288,0.0006107958657532407
-0.696,0.00013056864453396641,0.0006178879960150605
-0.695,0.0001299766140675765,0.0006250558227499534
-0.694,0.00012934811563179808,0.0006323000197078338
-0.693,0.00012868232156276868,0.0006396212636045231
-0.692,0.00012797838933103025,0.0006470202340509402
-0.691,0.00012723546130766656,0.0006544976134792501
-0.69,0.00012645266452722235,0.0006620540870658842
-0.689,0.00012562911044736971,0.0006696903426513498
-0.688,0.00012476389470528833,0.000677407070656741
-0.687,0.00012385609687072475,0.0006852049639968621
-0.686,0.0001229047801956972,0.000693084717989873
-0.685,0.00012190899136081152,0.0007010470302633626
-0.684,0.00012086776021815426,0.0007090926006567543
-0.683,0.00011978009953072913,0.0007172221311199477
-0.682,0.00011864500470840263,0.0007254363256080928
-0.681,0.00011746145354032539,0.0007337358899723972
-0.68,0.00011622840592379536,0.0007421215318468593
-0.679,0.00011494480358952929,0.00075059396053082
-0.678,0.0001136095698233093,0.0007591538868672226
-0.677,0.00011222160918397138,0.0007678020231164685
-0.676,0.00011077980721770277,0.0007765390828257512
-0.675,0.00010928303016861555,0.0007853657806937509
-0.674,0.00010773012468556421,0.0007942828324305698
-0.673,0.00010611991752517493,0.0008032909546127797
-0.672,0.00010445121525105493,0.0008123908645334584
-0.671,0.00010272280392915046,0.000821583280047082
-0.67,0.00010093344881922254,0.0008308689194091392
-0.669,9.908189406240992e-5,0.0008402485011103333
-0.668,9.716686236484918e-5,0.0008497227437052265
-0.667,9.51870546773227e-5,0.0008592923656351889
-0.666,9.314114987090525e-5,0.000868958085045499
-0.665,9.102780440858126e-5,0.0008787206195964499
-0.664,8.884565201280495e-5,0.000888580686268303
-0.663,8.659330332897635e-5,0.0008985390011599326
-0.662,8.426934558480723e-5,0.0009085962792809998
-0.661,8.187234224555155e-5,0.000918753234337488
-0.66,7.940083266507581e-5,0.0009290105785104315
-0.659,7.685333173274603e-5,0.0009393690222276615
-0.658,7.422832951610857e-5,0.0009498292739283931
-0.657,7.152429089934357e-5,0.0009603920398204679
-0.656,6.873965521747038e-5,0.0009710580236300669
-0.655,6.587283588628596e-5,0.0009818279263437018
-0.654,6.292222002801842e-5,0.000992702445942286
-0.653,5.988616809267892e-5,0.001003682277127088
-0.652,5.676301347509697e-5,0.0010147681110373574
-0.651,5.355106212762552e-5,0.001025960634959412
-0.65,5.0248592168503595e-5,0.001037260532026976
-0.649,4.68538534858663e-5,0.0010486684809125379
-0.648,4.336506733739355e-5,0.0010601851555095095
-0.647,3.97804259455908e-5,0.0010718112246049486
-0.646,3.609809208869707e-5,0.001083547351542609
-0.645,3.2316198687217585e-5,0.0010953941938760745
-0.644,2.8432848386080627e-5,0.0011073524030117236
-0.643,2.444611313242049e-5,0.0011194226238412743
-0.642,2.0354033748990763e-5,0.00113160549436364
-0.641,1.6154619503214954e-5,0.0011439016452958345
-0.64,1.1845847671883952e-5,0.0011563116996726453
-0.639,7.425663101512831e-6,0.001168836272434796
-0.638,2.891977764372361e-6,0.0011814759700053096
-0.637,-1.7573296897861193e-6,0.001194231389853773
-0.636,-6.524414386290652e-6,0.0012071031200482055
-0.635,-1.1411465682368038e-5,0.0012200917387942133
-0.634,-1.642070762819365e-5,0.0012331978139611185
-0.633,-2.1554399432138865e-5,0.0012464219025947335
-0.632,-2.6814835930179225e-5,0.0012597645504164473
-0.631,-3.22043480594223e-5,0.0012732262913082806
-0.63,-3.772530333570971e-5,0.0012868076467835623
-0.629,-4.3380106335243204e-5,0.0013005091254428651
-0.628,-4.9171199180179756e-5,0.0013143312224148356
-0.627,-5.510106202813557e-5,0.0013282744187815387
-0.626,-6.117221356553349e-5,0.001342339180987935
-0.625,-6.738721150472283e-5,0.0013565259602350912
-0.624,-7.374865308479444e-5,0.0013708351918567216
-0.623,-8.02591755760082e-5,0.0013852672946786469
-0.622,-8.692145678774304e-5,0.0013998226703607407
-0.621,-9.37382155798733e-5,0.001414501702720935
-0.62,-0.00010071221237746804,0.0014293047570408343
-0.619,-0.0001078462496887022,0.0014442321793524825
-0.618,-0.00011514317262586142,0.0014592842957058174
-0.617,-0.0001226058694293132,0.0014744614114163312
-0.616,-0.00013023727199430976,0.001489763810292448
-0.615,-0.00013804035640047773,0.0015051917538421152
-0.614,-0.000146018143443842,0.0015207454804580943
-0.613,-0.00015417369917121947,0.0015364252045814257
-0.612,-0.00016251013541681019,0.0015522311158425246
-0.611,-0.0001710306103408009,0.00156816337817936
-0.61,-0.00017973832896978634,0.0015842221289321457
-0.609,-0.0001886365437388006,0.0016004074779139685
-0.608,-0.00019772855503473973,0.0016167195064567587
-0.607,-0.00020701771174094338,0.0016331582664319932
-0.606,-0.00021650741178268977,0.001649723779245514
-0.605,-0.000226201102673345,0.0016664160348058205
-0.604,-0.00023610228206089197,0.0016832349904651884
-0.603,-0.00024621449827455033,0.001700180569932944
-0.602,-0.0002565413508711809,0.0017172526621602145
-0.601,-0.00026708649118115384,0.0017344511201954523
-0.6,-0.0002778536228533394,0.0017517757600100216
-0.599,-0.00028884650239886453,0.0017692263592931125
-0.598,-0.000300068939733258,0.0017868026562152335
-0.597,-0.00031152479871658634,0.0018045043481595203
-0.596,-0.0003232179976911635,0.001822331090420071
-0.595,-0.0003351525100163944,0.0018402824948665106
-0.594,-0.0003473323646002893,0.001858358128573963
-0.593,-0.000359761646427163,0.001876557512417591
-0.592,-0.0003724444970810077,0.001894880119630848
-0.591,-0.000385385115264002,0.0019133253743265628
-0.59,-0.0003985877573095914,0.0019318926499799637
-0.589,-0.00041205673768954763,0.0019505812678727217
-0.588,-0.0004257964295143842,0.001969390495497081
-0.587,-0.00043981126502647464,0.0019883195449191147
-0.586,-0.0004541057360851868,0.0020073675711001332
-0.585,-0.0004686843946433143,0.002026533670175242
-0.584,-0.0004835518532140499,0.0020458168776880344
-0.583,-0.0004987127853277072,0.00206521616678037
-0.582,-0.0005141719259773628,0.0020847304463361867
-0.581,-0.0005299340720525453,0.00210435855907825
-0.58,-0.0005460040827600601,0.0021240992796167425
-0.579,-0.0005623868800309924,0.0021439513124485547
-0.578,-0.0005790874489128865,0.002163913289906139
-0.577,-0.0005961108379460499,0.0021839837700547357
-0.576,-0.0006134621595228825,0.0022041612345367902
-0.575,-0.00063114659022908,0.0022244440863623326
-0.574,-0.0006491693711655005,0.002244830647644082
-0.573,-0.0006675358082494357,0.002265319157276011
-0.572,-0.0006862512724939599,0.0022859077685540782
-0.571,-0.0007053212002639741,0.0023065945467378337
-0.57,-0.0007247510935074955,0.002327377466551547
-0.569,-0.0007445465199606754,0.0023482544096235184
-0.568,-0.0007647131133249597,0.002369223161862198
-0.567,-0.000785256573414731,0.0023902814107677047
-0.566,-0.0008061826662736963,0.0024114267426773453
-0.565,-0.0008274972242582048,0.002432656639943682
-0.564,-0.0008492061460855959,0.0024539684780437005
-0.563,-0.0008713153968455918,0.002475359522617597
-0.562,-0.0008938310079726593,0.002496826926435697
-0.561,-0.0009167590771771697,0.0025183677262919867
-0.56,-0.0009401057683330899,0.0025399788398227353
-0.559,-0.0009638773113198325,0.002561657062248666
-0.558,-0.00098808000181579,0.0025833990630391144
-0.557,-0.0010127202010409638,0.0026052013824966118
-0.556,-0.0010378043354459846,0.0026270604282603114
-0.555,-0.0010633388963447018,0.002648972471726669
-0.554,-0.0010893304394873913,0.0026709336443857833
-0.553,-0.0011157855845715034,0.0026929399340718
-0.552,-0.001142711014686735,0.002714987181125769
-0.551,-0.00117011347569107,0.002737071074469362
-0.55,-0.001197999775514284,0.0027591871475878423
-0.549,-0.001226376783385258,0.0027813307744207045
-0.548,-0.0012552514289792848,0.002803497165158387
-0.547,-0.001284630701481389,0.002825681361943497
-0.546,-0.0013145216485615076,0.002847878234474991
-0.545,-0.0013449313752572003,0.0028700824755137754
-0.544,-0.0013758670427593755,0.002892288596288224
-0.543,-0.001407335867096321,0.0029144909217981357
-0.542,-0.001439345117711134,0.0029366835860156937
-0.541,-0.0014719021159274339,0.002958860526982028
-0.54,-0.001505014233298024,0.0029810154817980308
-0.539,-0.0015386888898309581,0.0030031419815081386
-0.538,-0.0015729335520872148,0.003025233345875845
-0.537,-0.0016077557311439655,0.003047282678049783
-0.536,-0.001643162980417159,0.0030692828591193056
-0.535,-0.0016791628933368944,0.0030912265425585596
-0.534,-0.0017157631008687885,0.0031131061485581723
-0.533,-0.001752971268874267,0.003134913858243753
-0.532,-0.0017907950953024263,0.0031566416077805537
-0.531,-0.0018292423072058205,0.0031782810823637454
-0.53,-0.0018683206575722203,0.0031998237100939316
-0.529,-0.001908037921964086,0.003221260655737658
-0.528,-0.0019484018949571652,0.003242582814372862
-0.527,-0.0019894203863693016,0.003263780804919404
-0.526,-0.0020311012172701966,0.0032848449635549956
-0.525,-0.002073452215762513,0.0033057653370171048
-0.524,-0.002116481212524347,0.003326531675791627
-0.523,-0.0021601960361027324,0.0033471334271893884
-0.522,-0.0022046045079474486,0.003367559728311834
-0.521,-0.0022497144371740182,0.0033877993989075467
-0.52,-0.0022955336150443915,0.0034078409341215896
-0.519,-0.0023420698091533836,0.003427672497140011
-0.518,-0.0023893307573085395,0.003447281911732238
-0.517,-0.0024373241610906576,0.0034666566546944972
-0.516,-0.0024860576790817802,0.003485783848197851
-0.515,-0.0025355389197470155,0.0035046502520448978
-0.514,-0.0025857754339561117,0.003523242255839719
-0.513,-0.0026367747071302516,0.0035415458710761805
-0.512,-0.0026885441509990797,0.0035595467231502925
-0.511,-0.0027410910949525105,0.0035772300433029617
-0.51,-0.002794422776971413,0.003594580660500123
-0.509,-0.002848546334120795,0.0036115829932579706
-0.508,-0.002903468792588644,0.0036282210414217515
-0.507,-0.0029591970572531373,0.003644478377907413
-0.506,-0.003015737900760451,0.0036603381404162407
-0.505,-0.003073097952094971,0.003675783023133557
-0.504,-0.003131283684623247,0.0036907952684235154
-0.503,-0.0031903014035926046,0.0037053566585330744
-0.502,-0.003250157233064913,0.003719448507319314
-0.501,-0.0033108571022655965,0.003733051652015447
-0.5,-0.0033724067313275993,0.003746146445052098
-0.499,-0.0034348116164096497,0.003758712745951724
-0.498,-0.003498077014167837,0.0037707299133154506
-0.497,-0.003562207925559215,0.003782176796923039
-0.496,-0.003627209078955881,0.0037930317299682413
-0.495,-0.003693084912547746,0.0038032725214534394
-0.494,-0.0037598395560120563,0.0038128764487691466
-0.493,-0.0038274768114275803,0.003821820250485772
-0.492,-0.0038960001334113186,0.003830080119386932
-0.491,-0.003965412608455611,0.0038376316957755654
-0.49,-0.004035716933443562,0.003844450061086212
-0.489,-0.004106915393320899,0.0038505097318389764
-0.488,-0.004179009837902595,0.0038557846539729866
-0.487,-0.004252001657792958,0.0038602481975995476
-0.486,-0.00432589175939834,0.0038638731522176633
-0.485,-0.004400680539012202,0.003866631722437205
-0.484,-0.004476367855952975,0.0038684955242576924
-0.483,-0.004552953004736031,0.003869435581953464
-0.482,-0.0046304346862620525,0.0038694223256189107
-0.481,-0.00470881097800533,0.0038684255894304576
-0.48,-0.004788079303186812,0.0038664146106850987
-0.479,-0.004868236398918356,0.003863358029678476
-0.478,-0.004949278283306381,0.0038592238904888144
-0.477,-0.005031200221505113,0.0038539796427364006
-0.476,-0.00511399669071194,0.003847592144391772
-0.475,-0.005197661344099819,0.0038400276657093208
-0.474,-0.005282186973684589,0.003831251894366637
-0.473,-0.005367565472128066,0.003821229941893577
-0.472,-0.005453787793481309,0.0038099263514787467
-0.471,-0.005540843912876162,0.0037973051072448484
-0.47,-0.005628722785177366,0.0037833296450880544
-0.469,-0.0057174123026120455,0.003767962865180353
-0.468,-0.005806899251398308,0.0037511671462375023
-0.467,-0.005897169267400076,0.0037329043616589085
-0.466,-0.0059882067908410665,0.003713135897649329
-0.465,-0.006079995020117144,0.0036918226734357915
-0.464,-0.00617251586475302,0.0036689251636964695
-0.463,-0.0062657498975565865,0.003644403423321426
-0.462,-0.006359676306031987,0.0036182171146281056
-0.461,-0.006454272843120878,0.0035903255371571756
-0.46,-0.006549515777350294,0.003560687660176711
-0.459,-0.006645379842475005,0.0035292621580248077
-0.458,-0.006741838186712404,0.003496007448422341
-0.457,-0.006838862321678613,0.0034608817338888133
-0.456,-0.006936422071145825,0.003423843046394891
-0.455,-0.007034485519752824,0.0033848492953853318
-0.454,-0.007133018961813107,0.003343858319305417
-0.453,-0.007231986850378172,0.003300827940762713
-0.452,-0.007331351746727213,0.003255716025453848
-0.451,-0.007431074270468746,0.0032084805449829738
-0.45,-0.0075311130504544365,0.0031590796436946032
-0.449,-0.007631424676720751,0.0031074717096383994
-0.448,-0.007731963653689769,0.0030536154497773017
-0.447,-0.007832682354876665,0.002997469969542839
-0.446,-0.007933530979367873,0.0029389948568326447
-0.445,-0.00803445751035071,0.0028781502705348735
-0.444,-0.008135407675992187,0.0028148970336523606
-0.443,-0.008236324912981777,0.0027491967310858483
-0.442,-0.008337150333069908,0.0026810118121203524
-0.441,-0.008437822692950797,0.0026103056976416435
-0.44,-0.008538278367854786,0.0025370428920908007
-0.439,-0.008638451329231486,0.0024611891001437634
-0.438,-0.008738273126920397,0.002382711348079708
-0.437,-0.008837672876220486,0.0023015781097768186
-0.436,-0.008936577250283684,0.00221775943724658
-0.435,-0.009034910478269745,0.002131227095588035
-0.434,-0.009132594349710834,0.002041954702211529
-0.433,-0.009229548225543324,0.0019499178701472602
-0.432,-0.009325689056271548,0.001855094355217551
-0.431,-0.009420931407733096,0.0017574642068131255
-0.43,-0.009515187494937644,0.001657009921972963
-0.429,-0.009608367224450727,0.001553716602424541
-0.428,-0.009700378245790177,0.0014475721141966583
-0.427,-0.009791126012295757,0.0013385672493706846
-0.426,-0.00988051385192148,0.0012266958894882477
-0.425,-0.009968443048385007,0.001111955170084266
-0.424,-0.010054812933088944,0.0009943456457641772
-0.423,-0.010139520988204604,0.0008738714551935253
-0.422,-0.01022246296127951,0.0007505404853171317
-0.421,-0.01030353299169543,0.0006243645340743226
-0.42,-0.010382623749263733,0.000495359470826575
-0.419,-0.010459626585199213,0.00036354539366501915
-0.418,-0.010534431695662023,0.00022894678271803175
-0.417,-0.010606928298000074,9.159264853429978e-5
-0.416,-0.010677004819760827,-4.848332542513615e-5
-0.415,-0.010744549100472223,-0.00019124264719055963
-0.414,-0.010809448606117343,-0.0003366418886215111
-0.413,-0.010871590656146674,-0.0004846325667462403
-0.412,-0.010930862662785623,-0.0006351610351928231
-0.411,-0.010987152382303696,-0.0007881683868183638
-0.41,-0.011040348177815863,-0.0009435903686516312
-0.409,-0.011090339293086624,-0.0011013573102653133
-0.408,-0.011137016136703867,-0.0012613940666861324
-0.407,-0.011180270575883432,-0.001423619976933648
-0.406,-0.011219996239057254,-0.0015879488392511133
-0.405,-0.01125608882628896,-0.0017542889040536665
-0.404,-0.01128844642645198,-0.0019225428855699981
-0.403,-0.011316969839997524,-0.002092607993093076
-0.402,-0.01134156290603461,-0.002264375982683277
-0.401,-0.011362132832342846,-0.0024377332300832724
-0.4,-0.011378590526842192,-0.0026125608255082432
-0.399,-0.011390850928953943,-0.002788734690867676
-0.398,-0.011398833339204942,-0.0029661257198564063
-0.397,-0.011402461745354045,-0.003144599941223303
-0.396,-0.011401665143257432,-0.0033240187053866703
-0.395,-0.011396377850638899,-0.0035042388944169773
-0.394,-0.011386539811893966,-0.003685113155250978
-0.393,-0.01137209689203367,-0.0038664901558378476
-0.392,-0.01135300115786647,-0.004048214863749068
-0.391,-0.01132921114452547,-0.004230128846610998
-0.39,-0.011300692105474157,-0.004412070593544037
-0.389,-0.011267416244167314,-0.004593875856616921
-0.388,-0.011229362925605484,-0.004775378011150805
-0.387,-0.011186518866100928,-0.004956408433537535
-0.386,-0.011138878299670765,-0.0051367968950717805
-0.385,-0.011086443119588322,-0.005316371970139728
-0.384,-0.011029222993755996,-0.005494961456959712
-0.383,-0.01096723545271143,-0.005672392808934658
-0.382,-0.010900505949242151,-0.0058484935745542884
-0.381,-0.010829067888760865,-0.006023091843678606
-0.38,-0.01075296262978249,-0.0061960166979448065
-0.379,-0.01067223945404314,-0.0063670986629689565
-0.378,-0.010586955506008359,-0.006536170159962705
-0.377,-0.010497175701730976,-0.006703065954355006
-0.376,-0.01040297260723566,-0.006867623599000012
-0.375,-0.010304426286824958,-0.007029683869565391
-0.374,-0.01020162412191826,-0.007189091189730443
-0.373,-0.010094660601247779,-0.007345694043880427
-0.372,-0.009983637083442314,-0.007499345375061935
-0.371,-0.009868661533227418,-0.007649902966063175
-0.37,-0.009749848232657737,-0.007797229801601699
-0.369,-0.009627317468971367,-0.00794119440973889
-0.368,-0.009501195200815205,-0.00808167118079408
-0.367,-0.00937161270473277,-0.008218540662199394
-0.366,-0.009238706203930242,-0.008351689827917659
-0.365,-0.009102616481441415,-0.008481012321237356
-0.364,-0.008963488479896841,-0.008606408669958841
-0.363,-0.008821470890166005,-0.008727786473192205
-0.362,-0.008676715731183659,-0.008845060559196805
-0.361,-0.008529377923292288,-0.008958153113903534
-0.36,-0.008379614857432358,-0.009066993779970573
-0.359,-0.008227585962491067,-0.009171519726429666
-0.358,-0.008073452273079455,-0.009271675689180556
-0.357,-0.007917375999948123,-0.009367413982784182
-0.356,-0.007759520105174491,-0.009458694484188474
-0.355,-0.007600047884161083,-0.009545484589192823
-0.354,-0.007439122556376357,-0.009627759142616566
-0.353,-0.00727690686664864,-0.009705500343282325
-0.352,-0.007113562698691852,-0.009778697625055567
-0.351,-0.006949250702400562,-0.009847347515296449
-0.35,-0.006784129936303558,-0.009911453472178686
-0.349,-0.006618357526411396,-0.00997102570241214
-0.348,-0.006452088342536127,-0.010026080960971366
-0.347,-0.006285474693002539,-0.010076642334481377
-0.346,-0.006118666038511424,-0.010122739009944925
-0.345,-0.00595180872575819,-0.010164406030513086
-0.344,-0.0057850457412562594,-0.010201684040003513
-0.343,-0.005618516485665317,-0.010234619017859535
-0.342,-0.005452356568780909,-0.010263262006218759
-0.341,-0.00528669762520529,-0.010287668830723597
-0.34,-0.005121667150590525,-0.01030789981665892
-0.339,-0.0049573883582246046,-0.010324019501945086
-0.338,-0.004793980055620214,-0.010336096348449364
-0.337,-0.0046315565406643295,-0.010344202453006041
-0.336,-0.004470227516795216,-0.010348413259456898
-0.335,-0.004310098026591965,-0.01034880727294024
-0.334,-0.004151268403090285,-0.01034546577756936
-0.333,-0.003993834238076984,-0.010338472558551528
-0.332,-0.0038378863665640144,-0.010327913629707157
-0.331,-0.0036835108666010267,-0.010313876967256722
-0.33,-0.003530789073552595,-0.010296452250651265
-0.329,-0.0033797976079422026,-0.010275730611131668
-0.328,-0.0032306084159493013,-0.01025180438861296
-0.327,-0.0030832888216376125,-0.010224766897403568
-0.326,-0.0029379015899918806,-0.01019471220118599
-0.325,-0.0027945049998457927,-0.010161734897605489
-0.324,-0.0026531529257952605,-0.010125929912737324
-0.323,-0.0025138949282079723,-0.01008739230563126
-0.322,-0.002376776350461583,-0.010046217083064581
-0.321,-0.0022418384225684255,-0.010002499024572098
-0.32,-0.0021091183703736424,-0.00995633251776347
-0.319,-0.0019786495295456385,-0.009907811403884819
-0.318,-0.0018504614636121225,-0.009857028833532998
-0.317,-0.0017245800853313124,-0.009804077132386976
-0.316,-0.0016010277807256374,-0.0097490476767815
-0.315,-0.0014798235351439987,-0.00969203077891337
-0.314,-0.001360983060758025,-0.009633115581440229
-0.313,-0.001244518924937353,-0.009572389961205347
-0.312,-0.0011304406789884858,-0.009509940441799624
-0.311,-0.0010187549867809198,-0.009445852114653248
-0.31,-0.0009094657528227493,-0.009380208568334417
-0.309,-0.0008025742493856088,-0.009313091825720576
-0.308,-0.0006980792423154214,-0.009244582288698872
-0.307,-0.0005959771152008264,-0.00917475869004638
-0.306,-0.0004962619916052103,-0.009103698052137291
-0.305,-0.0003989258551008823,-0.009031475652122986
-0.304,-0.0003039586668750095,-0.008958164993231939
-0.303,-0.0002113484807064159,-0.008883837781839158
-0.302,-0.00012108155514020692,-0.008808563909959372
-0.301,-3.3142462713381895e-5,-0.008732411442824111
-0.3,5.248580389085722e-5,-0.008655446611210045
-0.299,0.00013582172885950213,-0.008577733808194248
-0.298,0.00021688517351497758,-0.008499335590021275
-0.297,0.00029569727988769997,-0.008420312680777002
-0.296,0.0003722803776363276,-0.00834072398057469
-0.295,0.0004466578943394827,-0.00826062657696998
-0.294,0.0005188542691675909,-0.008180075759332897
-0.293,0.0005888948699297463,-0.008099125035916763
-0.292,0.0006568059134781094,-0.008017826153375785
-0.291,0.0007226143894412177,-0.00793622911849505
-0.29,0.0007863479872476544,-0.007854382221908653
-0.289,0.0008480350263927385,-0.00777233206359353
-0.288,0.0009077043898931633,-0.007690123579938337
-0.287,0.0009653854608677917,-0.007607800072198255
-0.286,0.0010211080621770146,-0.007525403236157888
-0.285,0.001074902399048152,-0.007442973192835483
-0.284,0.0011267990046102414,-0.007360548520072373
-0.283,0.0011768286882581772,-0.007278166284861961
-0.282,0.001225022486763436,-0.0071958620762825444
-0.281,0.0012714116180465502,-0.007113670038907938
-0.28,0.0013160274375249538,-0.007031622906579111
-0.279,0.001358901396948823,-0.006949752036428884
-0.278,0.0014000650056369818,-0.006868087443060222
-0.277,0.00143954979402482,-0.006786657832786683
-0.276,0.0014773872794364203,-0.006705490637851262
-0.275,0.0015136089339936607,-0.0066246120505471
-0.274,0.0015482461545759467,-0.006544047057170426
-0.273,0.001581330234745355,-0.006463819471742549
-0.272,0.0016128923385533268,-0.006383951969443836
-0.271,0.0016429634761466146,-0.006304466119708374
-0.27,0.0016715744810918995,-0.006225382418933365
-0.269,0.0016987559893403641,-0.006146720322762369
-0.268,0.0017245384197554896,-0.006068498277906231
-0.267,0.001748951956129414,-0.005990733753469908
-0.266,0.0017720265306153575,-0.005913443271757519
-0.265,0.0017937918085058097,-0.00583664243853175
-0.264,0.0018142771742884532,-0.005760345972707246
-0.263,0.0018335117189140545,-0.005684567735460931
-0.262,0.001851524228212868,-0.005609320758745155
-0.261,0.0018683431723983846,-0.005534617273192401
-0.26,0.0018839966965995538,-0.005460468735402773
-0.259,0.0018985126123648853,-0.0053868858546078915
-0.258,0.00191191839008408,-0.005313878618706905
-0.257,0.001924241152275063,-0.00524145631967232
-0.256,0.0019355076676864818,-0.005169627578325093
-0.255,0.0019457443461678558,-0.005098400368480072
-0.254,0.001954977234261676,-0.005027782040464303
-0.253,0.001963232011473781,-0.004957779344012035
-0.252,0.0019705339871803414,-0.004888398450541451
-0.251,0.0019769080981317014,-0.004819644974819172
-0.25,0.0019823789065152274,-0.004751523996019538
-0.249,0.001986970598541105,-0.004684040078186484
-0.248,0.0019907069835168123,-0.004617197290106561
-0.247,0.0019936114933776774,-0.004550999224602286
-0.246,0.0019957071826425736,-0.0044854490172555215
-0.245,0.0019970167287653878,-0.004420549364571113
-0.244,0.001997562432854413,-0.00435630254159134
-0.243,0.001997366220733271,-0.0042927104189721035
-0.242,0.001996449644318383,-0.004229774479532047
-0.241,0.0019948338832893363,-0.0041674958342859765
-0.24,0.001992539747029795,-0.004105875237974144
-0.239,0.00198958767681782,-0.004044913104099063
-0.238,0.0019859977482456484,-0.003984609519481583
-0.237,0.001981789673850116,-0.003924964258347986
-0.236,0.001976982805935953,-0.0038659767959598854
-0.235,0.001971596139575235,-0.003807646321798652
-0.234,0.0019656483157672344,-0.0037499717523160293
-0.233,0.0019591576247438383,-0.003692951743262544
-0.232,0.0019521420094065986,-0.0036365847016051746
-0.231,0.00194461906888231,-0.0035808687970456353
-0.23,0.0019366060621848079,-0.0035258019731504798
-0.229,0.0019281199119714461,-0.0034713819581040696
-0.228,0.0019191772083834253,-0.0034176062750952835
-0.227,0.0019097942129598282,-0.003364472252348654
-0.226,0.0018999868626158637,-0.0033119770328104217
-0.225,0.0018897707736764363,-0.0032601175834998095
-0.224,0.0018791612459567336,-0.003208890704535589
-0.223,0.0018681732668820782,-0.0031582930378478142
-0.222,0.0018568215156398022,-0.003108321075584374
-0.221,0.0018451203673564016,-0.003058971168221786
-0.22,0.0018330838972936817,-0.00301023953238944
-0.219,0.0018207258850580505,-0.0029621222584162686
-0.218,0.0018080598188175208,-0.002914615317608601
-0.217,0.00179509889952138,-0.0028677145692677162
-0.216,0.0017818560451178455,-0.0028214157674554085
-0.215,0.0017683438947653733,-0.0027757145675156346
-0.214,0.0017545748130336119,-0.0027306065323600974
-0.213,0.0017405608940902991,-0.0026860871385254045
-0.212,0.0017263139658706859,-0.002642151782009211
-0.211,0.0017118455942263468,-0.002598795783892555
-0.21,0.0016971670870504852,-0.002556014395755373
-0.209,0.001682289498377084,-0.0025138028048919737
-0.208,0.001667223632451475,-0.002472156139333059
-0.207,0.001651980047770112,-0.002431069472680657
-0.206,0.0016365690610875272,-0.002390537828762155
-0.205,0.001621000751388638,-0.002350556186109425
-0.204,0.0016052849638247427,-0.0023111194822688316
-0.203,0.0015894313136117072,-0.002272222617947752
-0.202,0.001573449189888993,-0.00223386046100304
-0.201,0.0015573477595383202,-0.0021960278502766947
-0.2,0.0015411359709608967,-0.0021587195992838395
-0.199,0.0015248225578122564,-0.002121930499757921
-0.198,0.001508416042693876,-0.002085655325057911
-0.197,0.001491924740800842,-0.002049888833442112
-0.196,0.0014753567635249405,-0.002014625771213019
-0.195,0.001458720022012633,-0.001979860875737561
-0.194,0.001442022230677477,-0.0019455888783468695
-0.193,0.0014252709106666165,-0.0019118045071196091
-0.192,0.0014084733932810587,-0.0018785024895527597
-0.191,0.0013916368233495063,-0.0018456775551236042
-0.19,0.0013747681625555937,-0.0018133244377465563
-0.189,0.001357874192718426,-0.0017814378781283338
-0.188,0.0013409615190263773,-0.0017500126260248685
-0.187,0.0013240365732241565,-0.0017190434424032225
-0.186,0.0013071056167531959,-0.0016885251015116738
-0.185,0.0012901747438454605,-0.001658452392861023
-0.184,0.0012732498845708178,-0.0016288201231200684
-0.183,0.0012563368078381384,-0.001599623117928098
-0.182,0.001239441124350343,-0.001570856223627144
-0.181,0.0012225682895136314,-0.0015425143089166573
-0.18,0.001205723606301161,-0.001514592266433162
-0.179,0.0011889122280714733,-0.0014870850142573641
-0.178,0.001172139161341979,-0.0014599874973511054
-0.177,0.0011554092685178488,-0.0014332946889264655
-0.176,0.0011387272705766615,-0.0014070015917492411
-0.175,0.0011220977497091898,-0.0013811032393789527
-0.174,0.0011055251519167136,-0.001355594697347449
-0.173,0.0010890137895652682,-0.0013304710642781208
-0.172,0.0010725678438972455,-0.001305727472947651
-0.171,0.0010561913675007795,-0.0012813590912921727
-0.17,0.001039888286737356,-0.001257361123359639
-0.169,0.0010236624041280958,-0.0012337288102101404
-0.168,0.00100751740069917,-0.001210457430765857
-0.167,0.0009914568382868084,-0.0011875423026122634
-0.166,0.000975484161802376,-0.001164978782752155
-0.165,0.000959602701457986,-0.0011427622683140089
-0.164,0.0009438156749531339,-0.0011208881972161386
-0.163,0.0009281261896228323,-0.001099352048788055
-0.162,0.0009125372445477316,-0.0010781493443503933
-0.161,0.0008970517326267158,-0.001057275647754722
-0.16,0.0008816724426124599,-0.0010367265658845052
-0.159,0.0008664020611104412,-0.001016497749118442
-0.158,0.0008512431745418924,-0.0009965848917573685
-0.157,0.0008361982710711895,-0.0009769837324158656
-0.156,0.0008212697424981632,-0.0009576900543796799
-0.155,0.0008064598861158245,-0.0009386996859300176
-0.154,0.0007917709065339922,-0.0009200085006357497
-0.153,0.000777204917469311,-0.0009016124176145163
-0.152,0.0007627639435021442,-0.0008835074017636967
-0.151,0.000748449921800828,-0.0008656894639621679
-0.15,0.000734264703813767,-0.0008481546612437527
-0.149,0.000720210056929852,-0.0008308990969432196
-0.148,0.0007062876661076785,-0.0008139189208156724
-0.147,0.0006924991354740401,-0.0007972103291301364
-0.146,0.000678845989892171,-0.0007807695647381225
-0.145,0.0006653296765002052,-0.0007645929171179206
-0.144,0.0006519515662203239,-0.0007486767223953511
-0.143,0.0006387129552390505,-0.0007330173633416788
-0.142,0.0006256150664591599,-0.000717611269349365
-0.141,0.000612659050923658,-0.0007024549163863168
-0.14,0.0005998459892122864,-0.0006875448269292639
-0.139,0.0005871768928110093,-0.0006728775698768777
-0.138,0.0005746527054549278,-0.0006584497604432204
-0.137,0.000562274304445072,-0.0006442580600320974
-0.136,0.0005500425019395134,-0.0006302991760928622
-0.135,0.0005379580462192388,-0.0006165698619582058
-0.134,0.0005260216229292252,-0.0006030669166644474
-0.133,0.0005142338562951495,-0.0005897871847548185
-0.132,0.0005025953103161666,-0.0005767275560662224
-0.131,0.0004911064899341868,-0.000563884965499932
-0.13,0.0004797678421800765,-0.0005512563927766702
-0.129,0.0004685797572972115,-0.0005388388621765076
-0.128,0.0004575425698428007,-0.0005266294422639915
-0.127,0.0004466565597674026,-0.000514625245598909
-0.126,0.0004359219534730509,-0.0005028234284330733
-0.125,0.0004253389248504039,-0.0004912211903935068
-0.124,0.0004149075962953307,-0.0004798157741523828
-0.123,0.00040462803970534565,-0.0004686044650840763
-0.122,0.00039450027745629784,-0.0004575845909096587
-0.121,0.0003845242833597244,-0.0004467535213291634
-0.12,0.0003746999836012706,-0.0004361086676419359
-0.119,0.00036502725766058165,-0.0004256474823553705
-0.118,0.0003555059392130657,-0.00041536745878232684
-0.117,0.00034613581701393065,-0.00040526613062750804
-0.116,0.00033691663576489075,-0.0003953410715630729
-0.115,0.0003278480969639429,-0.0003855898947937443
-0.114,0.0003189298597386066,-0.00037601025261166816
-0.113,0.000310161541663025,-0.0003665998359412672
-0.112,0.0003015427195593196,-0.0003573563738743253
-0.111,0.00029307293028359345,-0.00034827763319553114
-0.11,0.0002847516714969752,-0.00033936141789870034
-0.109,0.0002765784024220966,-0.00033060556869388873
-0.108,0.00026855254458539585,-0.0003220079625056019
-0.107,0.0002606734825456379,-0.00031356651196229866
-0.106,0.00025294056460904485,-0.0003052791648773799
-0.105,0.00024535310353142667,-0.00029714390372184696
-0.104,0.00023791037720770594,-0.000289158745088809
-0.103,0.00023061162934922763,-0.00028132173915001063
-0.102,0.00022345607014924787,-0.000273630969104548
-0.101,0.00021644287693699498,-0.00026608455061993326
-0.1,0.00020957119482069685,-0.00025868063126566535
-0.099,0.00020284013731997088,-0.0002514173899394567
-0.098,0.00019624878698797224,-0.00024429303628626444
-0.097,0.00018979619602369895,-0.0002373058101102666
-0.096,0.000183481386874853,-0.00023045398077992316
-0.095,0.00017730335283165841,-0.00022373584662625508
-0.094,0.00017126105861203978,-0.0002171497343344726
-0.093,0.00016535344093856547,-0.00021069399832908013
-0.092,0.00015957940910756363,-0.0002043670201525817
-0.091,0.00015393784555081997,-0.0001981672078379085
-0.09,0.00014842760639027008,-0.00019209299527468723
-0.089,0.00014304752198610163,-0.00018614284156946557
-0.088,0.00013779639747868403,-0.0001803152304000093
-0.087,0.00013267301332474808,-0.00017460866936378313
-0.086,0.00012767612582823993,-0.00016902168932072666
-0.085,0.00012280446766627854,-0.00016355284373043496
-0.084,0.00011805674841064964,-0.000158200707983852
-0.083,0.00011343165504527298,-0.00015296387872958548
-0.082,0.00010892785248008476,-0.00014784097319495035
-0.081,0.00010454398406178162,-0.00014283062850184772
-0.08,0.00010027867208187772,-0.00013793150097758758
-0.079,9.613051828253172e-5,-0.00013314226546076274
-0.078,9.209810436060638e-5,-0.00012846161460228255
-0.077,8.81799924704292e-5,-0.00012388825816167664
-0.076,8.43747257257291e-5,-0.00011942092229877954
-0.075,8.068082870123051e-5,-0.00011505834886090934
-0.074,7.709680793439392e-5,-0.00011079929466565553
-0.073,7.362115242779813e-5,-0.00010664253077939358
-0.072,7.025233415266899e-5,-0.0001025868417916468
-0.071,6.698880855406577e-5,-9.863102508541938e-5
-0.07,6.382901505824659e-5,-9.47738901036278e-5
-0.069,6.077137758274228e-5,-9.101425761176267e-5
-0.068,5.781430504967851e-5,-8.735095895691668e-5
-0.067,5.4956191902895505e-5,-8.378283532332018e-5
-0.066,5.2195418629425807e-5,-8.030873698453108e-5
-0.065,4.95303522859015e-5,-7.692752255243176e-5
-0.064,4.6959347030474394e-5,-7.363805822319238e-5
-0.063,4.448074466084487e-5,-7.043921702036711e-5
-0.062,4.209287515900866e-5,-6.732987803529747e-5
-0.061,3.979405724334441e-5,-6.430892566500543e-5
-0.06,3.7582598928679784e-5,-6.137524884776789e-5
-0.059,3.5456798094989314e-5,-5.852774029657376e-5
-0.058,3.3414943065393656e-5,-5.576529573067582e-5
-0.057,3.1455313194147384e-5,-5.3086813105459936e-5
-0.056,2.957617946532065e-5,-5.049119184086726e-5
-0.055,2.7775805102899812e-5,-4.7977332048617285e-5
-0.054,2.6052446193052735e-5,-4.554413375849388e-5
-0.053,2.4404352319326473e-5,-4.319049614397138e-5
-0.052,2.2829767211568463e-5,-4.0915316747473536e-5
-0.051,2.132692940938734e-5,-3.871749070557566e-5
-0.05,1.989407294099597e-5,-3.659590997447835e-5
-0.049,1.8529428018307715e-5,-3.454946255610102e-5
-0.048,1.723122174918734e-5,-3.257703172516477e-5
-0.047,1.5997678867790216e-5,-3.067749525765642e-5
-0.046,1.4827022483958631e-5,-2.8849724661090213e-5
-0.045,1.3717474852681116e-5,-2.70925844070096e-5
-0.044,1.266725816466116e-5,-2.5404931166199705e-5
-0.043,1.1674595359084978e-5,-2.3785613047111183e-5
-0.042,1.0737710959724951e-5,-2.22334688380286e-5
-0.041,9.854831935566085e-6,-2.074732725355156e-5
-0.04,9.024188587197904e-6,-1.932600618599446e-5
-0.039,8.244015460274118e-6,-1.7968311962351332e-5
-0.038,7.512552287407651e-6,-1.667303860751652e-5
-0.037,6.828044959939993e-6,-1.5438967114499243e-5
-0.036,6.188746531101997e-6,-1.4264864722421986e-5
-0.035,5.592918252169188e-6,-1.314948420314858e-5
-0.034,5.0388306433093265e-6,-1.2091563157448905e-5
-0.033,4.5247646009246895e-6,-1.1089823321673608e-5
-0.032,4.049012543407657e-6,-1.0142969885984833e-5
-0.031,3.6098795973574898e-6,-9.249690825268522e-6
-0.03,3.205684826450634e-6,-8.408656243941009e-6
-0.029,2.834762505318868e-6,-7.618517735958705e-6
-0.028,2.495463440972082e-6,-6.877907761445544e-6
-0.027,2.1861563445088254e-6,-6.185439041470119e-6
-0.026,1.9052292560922324e-6,-5.539703972634648e-6
-0.025,1.6510910264367143e-6,-4.939274063282928e-6
-0.024,1.422172858358123e-6,-4.382699393296797e-6
-0.023,1.2169299122948355e-6,-3.868508099632893e-6
-0.022,1.0338429801191259e-6,-3.3952058899572343e-6
-0.021,8.714202320395272e-7,-2.961275586968398e-6
-0.02,7.281990419612935e-7,-2.565176706265993e-6
-0.019,6.027478973435016e-7,-2.2053450709259892e-6
-0.018,4.936684003937574e-7,-1.8801924662962623e-6
-0.017,3.995973684089065e-7,-1.5881063389344323e-6
-0.016,3.192090422477969e-7,-1.3274495440886362e-6
-0.015,2.512174133709832e-7,-1.0965601466869228e-6
-0.014,1.9437868168573038e-7,-8.937512814744569e-7
-0.013,1.4749385870909117e-7,-7.173110787489413e-7
-0.012,1.0941153347247379e-7,-5.65502663133374e-7
-0.011,7.903082237814047e-8,-4.365642340465063e-7
-0.01,5.53045292393438e-8,-3.287092380630069e-7
-0.009,3.724254854026532e-8,-2.401266453103438e-7
-0.008,2.3915554410556523e-8,-1.6898134459644987e-7
-0.007,1.4459031360130155e-8,-1.1341467536200843e-7
-0.006,8.077722953219167e-9,-7.154511922325097e-8
-0.005,4.050605888684648e-9,-4.1469180525258905e-8
-0.004,1.7365484307274762e-9,-2.126249523960505e-8
-0.003,5.8090345331842e-10,-8.981223206731175e-9
-0.002,1.234663344229734e-10,-2.663805570488855e-9
-0.001,8.644775758244475e-12,-3.332211748866468e-10
0.0,0.0,0.0
0.001,8.644775758244475e-12,3.332211748866468e-10
0.002,1.234663344229734e-10,2.663805570488855e-9
0.003,5.8090345331842e-10,8.981223206731175e-9
0.004,1.7365484307274762e-9,2.126249523960505e-8
0.005,4.050605888684648e-9,4.1469180525258905e-8
0.006,8.077722953219167e-9,7.154511922325097e-8
0.007,1.4459031360130155e-8,1.1341467536200843e-7
0.008,2.3915554410556523e-8,1.6898134459644987e-7
0.009,3.724254854026532e-8,2.401266453103438e-7
0.01,5.53045292393438e-8,3.287092380630069e-7
0.011,7.903082237814047e-8,4.365642340465063e-7
0.012,1.0941153347247379e-7,5.65502663133374e-7
0.013,1.4749385870909117e-7,7.173110787489413e-7
0.014,1.9437868168573038e-7,8.937512814744569e-7
0.015,2.512174133709832e-7,1.0965601466869228e-6
0.016,3.192090422477969e-7,1.3274495440886362e-6
0.017,3.995973684089065e-7,1.5881063389344323e-6
0.018,4.936684003937574e-7,1.8801924662962623e-6
0.019,6.027478973435016e-7,2.2053450709259892e-6
0.02,7.281990419612935e-7,2.565176706265993e-6
0.021,8.714202320395272e-7,2.961275586968398e-6
0.022,1.0338429801191259e-6,3.3952058899572343e-6
0.023,1.2169299122948355e-6,3.868508099632893e-6
0.024,1.422172858358123e-6,4.382699393296797e-6
0.025,1.6510910264367143e-6,4.939274063282928e-6
0.026,1.9052292560922324e-6,5.539703972634648e-6
0.027,2.1861563445088254e-6,6.185439041470119e-6
0.028,2.495463440972082e-6,6.877907761445544e-6
0.029,2.834762505318868e-6,7.618517735958705e-6
0.03,3.205684826450634e-6,8.408656243941009e-6
0.031,3.6098795973574898e-6,9.249690825268522e-6
0.032,4.049012543407657e-6,1.0142969885984833e-5
0.033,4.5247646009246895e-6,1.1089823321673608e-5
0.034,5.0388306433093265e-6,1.2091563157448905e-5
0.035,5.592918252169188e-6,1.314948420314858e-5
0.036,6.188746531101997e-6,1.4264864722421986e-5
0.037,6.828044959939993e-6,1.5438967114499243e-5
0.038,7.512552287407651e-6,1.667303860751652e-5
0.039,8.244015460274118e-6,1.7968311962351332e-5
0.04,9.024188587197904e-6,1.932600618599446e-5
0.041,9.854831935566085e-6,2.074732725355156e-5
0.042,1.0737710959724951e-5,2.22334688380286e-5
0.043,1.1674595359084978e-5,2.3785613047111183e-5
0.044,1.266725816466116e-5,2.5404931166199705e-5
0.045,1.3717474852681116e-5,2.70925844070096e-5
0.046,1.4827022483958631e-5,2.8849724661090213e-5
0.047,1.5997678867790216e-5,3.067749525765642e-5
0.048,1.723122174918734e-5,3.257703172516477e-5
0.049,1.8529428018307715e-5,3.454946255610102e-5
0.05,1.989407294099597e-5,3.659590997447835e-5
0.051,2.132692940938734e-5,3.871749070557566e-5
0.052,2.2829767211568463e-5,4.0915316747473536e-5
0.053,2.4404352319326473e-5,4.319049614397138e-5
0.054,2.6052446193052735e-5,4.554413375849388e-5
0.055,2.7775805102899812e-5,4.7977332048617285e-5
0.056,2.957617946532065e-5,5.049119184086726e-5
0.057,3.1455313194147384e-5,5.3086813105459936e-5
0.058,3.3414943065393656e-5,5.576529573067582e-5
0.059,3.5456798094989314e-5,5.852774029657376e-5
0.06,3.7582598928679784e-5,6.137524884776789e-5
0.061,3.979405724334441e-5,6.430892566500543e-5
0.062,4.209287515900866e-5,6.732987803529747e-5
0.063,4.448074466084487e-5,7.043921702036711e-5
0.064,4.6959347030474394e-5,7.363805822319238e-5
0.065,4.95303522859015e-5,7.692752255243176e-5
0.066,5.2195418629425807e-5,8.030873698453108e-5
0.067,5.4956191902895505e-5,8.378283532332018e-5
0.068,5.781430504967851e-5,8.735095895691668e-5
0.069,6.077137758274228e-5,9.101425761176267e-5
0.07,6.382901505824659e-5,9.47738901036278e-5
0.071,6.698880855406577e-5,9.863102508541938e-5
0.072,7.025233415266899e-5,0.0001025868417916468
0.073,7.362115242779813e-5,0.00010664253077939358
0.074,7.709680793439392e-5,0.00011079929466565553
0.075,8.068082870123051e-5,0.00011505834886090934
0.076,8.43747257257291e-5,0.00011942092229877954
0.077,8.81799924704292e-5,0.00012388825816167664
0.078,9.209810436060638e-5,0.00012846161460228255
0.079,9.613051828253172e-5,0.00013314226546076274
0.08,0.00010027867208187772,0.00013793150097758758
0.081,0.00010454398406178162,0.00014283062850184772
0.082,0.00010892785248008476,0.00014784097319495035
0.083,0.00011343165504527298,0.00015296387872958548
0.084,0.00011805674841064964,0.000158200707983852
0.085,0.00012280446766627854,0.00016355284373043496
0.086,0.00012767612582823993,0.00016902168932072666
0.087,0.00013267301332474808,0.00017460866936378313
0.088,0.00013779639747868403,0.0001803152304000093
0.089,0.00014304752198610163,0.00018614284156946557
0.09,0.00014842760639027008,0.00019209299527468723
0.091,0.00015393784555081997,0.0001981672078379085
0.092,0.00015957940910756363,0.0002043670201525817
0.093,0.00016535344093856547,0.00021069399832908013
0.094,0.00017126105861203978,0.0002171497343344726
0.095,0.00017730335283165841,0.00022373584662625508
0.096,0.000183481386874853,0.00023045398077992316
0.097,0.00018979619602369895,0.0002373058101102666
0.098,0.00019624878698797224,0.00024429303628626444
0.099,0.00020284013731997088,0.0002514173899394567
0.1,0.00020957119482069685,0.00025868063126566535
0.101,0.00021644287693699498,0.00026608455061993326
0.102,0.00022345607014924787,0.000273630969104548
0.103,0.00023061162934922763,0.00028132173915001063
0.104,0.00023791037720770594,0.000289158745088809
0.105,0.00024535310353142667,0.00029714390372184696
0.106,0.00025294056460904485,0.0003052791648773799
0.107,0.0002606734825456379,0.00031356651196229866
0.108,0.00026855254458539585,0.0003220079625056019
0.109,0.0002765784024220966,0.00033060556869388873
0.11,0.0002847516714969752,0.00033936141789870034
0.111,0.00029307293028359345,0.00034827763319553114
0.112,0.0003015427195593196,0.0003573563738743253
0.113,0.000310161541663025,0.0003665998359412672
0.114,0.0003189298597386066,0.00037601025261166816
0.115,0.0003278480969639429,0.0003855898947937443
0.116,0.00033691663576489075,0.0003953410715630729
0.117,0.00034613581701393065,0.00040526613062750804
0.118,0.0003555059392130657,0.00041536745878232684
0.119,0.00036502725766058165,0.0004256474823553705
0.12,0.0003746999836012706,0.0004361086676419359
0.121,0.0003845242833597244,0.0004467535213291634
0.122,0.00039450027745629784,0.0004575845909096587
0.123,0.00040462803970534565,0.0004686044650840763
0.124,0.0004149075962953307,0.0004798157741523828
0.125,0.0004253389248504039,0.0004912211903935068
0.126,0.0004359219534730509,0.0005028234284330733
0.127,0.0004466565597674026,0.000514625245598909
0.128,0.0004575425698428007,0.0005266294422639915
0.129,0.0004685797572972115,0.0005388388621765076
0.13,0.0004797678421800765,0.0005512563927766702
0.131,0.0004911064899341868,0.000563884965499932
0.132,0.0005025953103161666,0.0005767275560662224
0.133,0.0005142338562951495,0.0005897871847548185
0.134,0.0005260216229292252,0.0006030669166644474
0.135,0.0005379580462192388,0.0006165698619582058
0.136,0.0005500425019395134,0.0006302991760928622
0.137,0.000562274304445072,0.0006442580600320974
0.138,0.0005746527054549278,0.0006584497604432204
0.139,0.0005871768928110093,0.0006728775698768777
0.14,0.0005998459892122864,0.0006875448269292639
0.141,0.000612659050923658,0.0007024549163863168
0.142,0.0006256150664591599,0.000717611269349365
0.143,0.0006387129552390505,0.0007330173633416788
0.144,0.0006519515662203239,0.0007486767223953511
0.145,0.0006653296765002052,0.0007645929171179206
0.146,0.000678845989892171,0.0007807695647381225
0.147,0.0006924991354740401,0.0007972103291301364
0.148,0.0007062876661076785,0.0008139189208156724
0.149,0.000720210056929852,0.0008308990969432196
0.15,0.000734264703813767,0.0008481546612437527
0.151,0.000748449921800828,0.0008656894639621679
0.152,0.0007627639435021442,0.0008835074017636967
0.153,0.000777204917469311,0.0009016124176145163
0.154,0.0007917709065339922,0.0009200085006357497
0.155,0.0008064598861158245,0.0009386996859300176
0.156,0.0008212697424981632,0.0009576900543796799
0.157,0.0008361982710711895,0.0009769837324158656
0.158,0.0008512431745418924,0.0009965848917573685
0.159,0.0008664020611104412,0.001016497749118442
0.16,0.0008816724426124599,0.0010367265658845052
0.161,0.0008970517326267158,0.001057275647754722
0.162,0.0009125372445477316,0.0010781493443503933
0.163,0.0009281261896228323,0.001099352048788055
0.164,0.0009438156749531339,0.0011208881972161386
0.165,0.000959602701457986,0.0011427622683140089
0.166,0.000975484161802376,0.001164978782752155
0.167,0.0009914568382868084,0.0011875423026122634
0.168,0.00100751740069917,0.001210457430765857
0.169,0.0010236624041280958,0.0012337288102101404
0.17,0.001039888286737356,0.001257361123359639
0.171,0.0010561913675007795,0.0012813590912921727
0.172,0.0010725678438972455,0.001305727472947651
0.173,0.0010890137895652682,0.0013304710642781208
0.174,0.0011055251519167136,0.001355594697347449
0.175,0.0011220977497091898,0.0013811032393789527
0.176,0.0011387272705766615,0.0014070015917492411
0.177,0.0011554092685178488,0.0014332946889264655
0.178,0.001172139161341979,0.0014599874973511054
0.179,0.0011889122280714733,0.0014870850142573641
0.18,0.001205723606301161,0.001514592266433162
0.181,0.0012225682895136314,0.0015425143089166573
0.182,0.001239441124350343,0.001570856223627144
0.183,0.0012563368078381384,0.001599623117928098
0.184,0.0012732498845708178,0.0016288201231200684
0.185,0.0012901747438454605,0.001658452392861023
0.186,0.0013071056167531959,0.0016885251015116738
0.187,0.0013240365732241565,0.0017190434424032225
0.188,0.0013409615190263773,0.0017500126260248685
0.189,0.001357874192718426,0.0017814378781283338
0.19,0.0013747681625555937,0.0018133244377465563
0.191,0.0013916368233495063,0.0018456775551236042
0.192,0.0014084733932810587,0.0018785024895527597
0.193,0.0014252709106666165,0.0019118045071196091
0.194,0.001442022230677477,0.0019455888783468695
0.195,0.001458720022012633,0.001979860875737561
0.196,0.0014753567635249405,0.002014625771213019
0.197,0.001491924740800842,0.002049888833442112
0.198,0.001508416042693876,0.002085655325057911
0.199,0.0015248225578122564,0.002121930499757921
0.2,0.0015411359709608967,0.0021587195992838395
0.201,0.0015573477595383202,0.0021960278502766947
0.202,0.001573449189888993,0.00223386046100304
0.203,0.0015894313136117072,0.002272222617947752
0.204,0.0016052849638247427,0.0023111194822688316
0.205,0.001621000751388638,0.002350556186109425
0.206,0.0016365690610875272,0.002390537828762155
0.207,0.001651980047770112,0.002431069472680657
0.208,0.001667223632451475,0.002472156139333059
0.209,0.001682289498377084,0.0025138028048919737
0.21,0.0016971670870504852,0.002556014395755373
0.211,0.0017118455942263468,0.002598795783892555
0.212,0.0017263139658706859,0.002642151782009211
0.213,0.0017405608940902991,0.0026860871385254045
0.214,0.0017545748130336119,0.0027306065323600974
0.215,0.0017683438947653733,0.0027757145675156346
0.216,0.0017818560451178455,0.0028214157674554085
0.217,0.00179509889952138,0.0028677145692677162
0.218,0.0018080598188175208,0.002914615317608601
0.219,0.0018207258850580505,0.0029621222584162686
0.22,0.0018330838972936817,0.00301023953238944
0.221,0.0018451203673564016,0.003058971168221786
0.222,0.0018568215156398022,0.003108321075584374
0.223,0.0018681732668820782,0.0031582930378478142
0.224,0.0018791612459567336,0.003208890704535589
0.225,0.0018897707736764363,0.0032601175834998095
0.226,0.0018999868626158637,0.0033119770328104217
0.227,0.0019097942129598282,0.003364472252348654
0.228,0.0019191772083834253,0.0034176062750952835
0.229,0.0019281199119714461,0.0034713819581040696
0.23,0.0019366060621848079,0.0035258019731504798
0.231,0.00194461906888231,0.0035808687970456353
0.232,0.0019521420094065986,0.0036365847016051746
0.233,0.0019591576247438383,0.003692951743262544
0.234,0.0019656483157672344,0.0037499717523160293
0.235,0.001971596139575235,0.003807646321798652
0.236,0.001976982805935953,0.0038659767959598854
0.237,0.001981789673850116,0.003924964258347986
0.238,0.0019859977482456484,0.003984609519481583
0.239,0.00198958767681782,0.004044913104099063
0.24,0.001992539747029795,0.004105875237974144
0.241,0.0019948338832893363,0.0041674958342859765
0.242,0.001996449644318383,0.004229774479532047
0.243,0.001997366220733271,0.0042927104189721035
0.244,0.001997562432854413,0.00435630254159134
0.245,0.0019970167287653878,0.004420549364571113
0.246,0.0019957071826425736,0.0044854490172555215
0.247,0.0019936114933776774,0.004550999224602286
0.248,0.0019907069835168123,0.004617197290106561
0.249,0.001986970598541105,0.004684040078186484
0.25,0.0019823789065152274,0.004751523996019538
0.251,0.0019769080981317014,0.004819644974819172
0.252,0.0019705339871803414,0.004888398450541451
0.253,0.001963232011473781,0.004957779344012035
0.254,0.001954977234261676,0.005027782040464303
0.255,0.0019457443461678558,0.005098400368480072
0.256,0.0019355076676864818,0.005169627578325093
0.257,0.001924241152275063,0.00524145631967232
0.258,0.00191191839008408,0.005313878618706905
0.259,0.0018985126123648853,0.0053868858546078915
0.26,0.0018839966965995538,0.005460468735402773
0.261,0.0018683431723983846,0.005534617273192401
0.262,0.001851524228212868,0.005609320758745155
0.263,0.0018335117189140545,0.005684567735460931
0.264,0.0018142771742884532,0.005760345972707246
0.265,0.0017937918085058097,0.00583664243853175
0.266,0.0017720265306153575,0.005913443271757519
0.267,0.001748951956129414,0.005990733753469908
0.268,0.0017245384197554896,0.006068498277906231
0.269,0.0016987559893403641,0.006146720322762369
0.27,0.0016715744810918995,0.006225382418933365
0.271,0.0016429634761466146,0.006304466119708374
0.272,0.0016128923385533268,0.006383951969443836
0.273,0.001581330234745355,0.006463819471742549
0.274,0.0015482461545759467,0.006544047057170426
0.275,0.0015136089339936607,0.0066246120505471
0.276,0.0014773872794364203,0.006705490637851262
0.277,0.00143954979402482,0.006786657832786683
0.278,0.0014000650056369818,0.006868087443060222
0.279,0.001358901396948823,0.006949752036428884
0.28,0.0013160274375249538,0.007031622906579111
0.281,0.0012714116180465502,0.007113670038907938
0.282,0.001225022486763436,0.0071958620762825444
0.283,0.0011768286882581772,0.007278166284861961
0.284,0.0011267990046102414,0.007360548520072373
0.285,0.001074902399048152,0.007442973192835483
0.286,0.0010211080621770146,0.007525403236157888
0.287,0.0009653854608677917,0.007607800072198255
0.288,0.0009077043898931633,0.007690123579938337
0.289,0.0008480350263927385,0.00777233206359353
0.29,0.0007863479872476544,0.007854382221908653
0.291,0.0007226143894412177,0.00793622911849505
0.292,0.0006568059134781094,0.008017826153375785
0.293,0.0005888948699297463,0.008099125035916763
0.294,0.0005188542691675909,0.008180075759332897
0.295,0.0004466578943394827,0.00826062657696998
0.296,0.0003722803776363276,0.00834072398057469
0.297,0.00029569727988769997,0.008420312680777002
0.298,0.00021688517351497758,0.008499335590021275
0.299,0.00013582172885950213,0.008577733808194248
0.3,5.248580389085722e-5,0.008655446611210045
0.301,-3.3142462713381895e-5,0.008732411442824111
0.302,-0.00012108155514020692,0.008808563909959372
0.303,-0.0002113484807064159,0.008883837781839158
0.304,-0.0003039586668750095,0.008958164993231939
0.305,-0.0003989258551008823,0.009031475652122986
0.306,-0.0004962619916052103,0.009103698052137291
0.307,-0.0005959771152008264,0.00917475869004638
0.308,-0.0006980792423154214,0.009244582288698872
0.309,-0.0008025742493856088,0.009313091825720576
0.31,-0.0009094657528227493,0.009380208568334417
0.311,-0.0010187549867809198,0.009445852114653248
0.312,-0.0011304406789884858,0.009509940441799624
0.313,-0.001244518924937353,0.009572389961205347
0.314,-0.001360983060758025,0.009633115581440229
0.315,-0.0014798235351439987,0.00969203077891337
0.316,-0.0016010277807256374,0.0097490476767815
0.317,-0.0017245800853313124,0.009804077132386976
0.318,-0.0018504614636121225,0.009857028833532998
0.319,-0.0019786495295456385,0.009907811403884819
0.32,-0.0021091183703736424,0.00995633251776347
0.321,-0.0022418384225684255,0.010002499024572098
0.322,-0.002376776350461583,0.010046217083064581
0.323,-0.0025138949282079723,0.01008739230563126
0.324,-0.0026531529257952605,0.010125929912737324
0.325,-0.0027945049998457927,0.010161734897605489
0.326,-0.0029379015899918806,0.01019471220118599
0.327,-0.0030832888216376125,0.010224766897403568
0.328,-0.0032306084159493013,0.01025180438861296
0.329,-0.0033797976079422026,0.010275730611131668
0.33,-0.003530789073552595,0.010296452250651265
0.331,-0.0036835108666010267,0.010313876967256722
0.332,-0.0038378863665640144,0.010327913629707157
0.333,-0.003993834238076984,0.010338472558551528
0.334,-0.004151268403090285,0.01034546577756936
0.335,-0.004310098026591965,0.01034880727294024
0.336,-0.004470227516795216,0.010348413259456898
0.337,-0.0046315565406643295,0.010344202453006041
0.338,-0.004793980055620214,0.010336096348449364
0.339,-0.0049573883582246046,0.010324019501945086
0.34,-0.005121667150590525,0.01030789981665892
0.341,-0.00528669762520529,0.010287668830723597
0.342,-0.005452356568780909,0.010263262006218759
0.343,-0.005618516485665317,0.010234619017859535
0.344,-0.0057850457412562594,0.010201684040003513
0.345,-0.00595180872575819,0.010164406030513086
0.346,-0.006118666038511424,0.010122739009944925
0.347,-0.006285474693002539,0.010076642334481377
0.348,-0.006452088342536127,0.010026080960971366
0.349,-0.006618357526411396,0.00997102570241214
0.35,-0.006784129936303558,0.009911453472178686
0.351,-0.006949250702400562,0.009847347515296449
0.352,-0.007113562698691852,0.009778697625055567
0.353,-0.00727690686664864,0.009705500343282325
0.354,-0.007439122556376357,0.009627759142616566
0.355,-0.007600047884161083,0.009545484589192823
0.356,-0.007759520105174491,0.009458694484188474
0.357,-0.007917375999948123,0.009367413982784182
0.358,-0.008073452273079455,0.009271675689180556
0.359,-0.008227585962491067,0.009171519726429666
0.36,-0.008379614857432358,0.009066993779970573
0.361,-0.008529377923292288,0.008958153113903534
0.362,-0.008676715731183659,0.008845060559196805
0.363,-0.008821470890166005,0.008727786473192205
0.364,-0.008963488479896841,0.008606408669958841
0.365,-0.009102616481441415,0.008481012321237356
0.366,-0.009238706203930242,0.008351689827917659
0.367,-0.00937161270473277,0.008218540662199394
0.368,-0.009501195200815205,0.00808167118079408
0.369,-0.009627317468971367,0.00794119440973889
0.37,-0.009749848232657737,0.007797229801601699
0.371,-0.009868661533227418,0.007649902966063175
0.372,-0.009983637083442314,0.007499345375061935
0.373,-0.010094660601247779,0.007345694043880427
0.374,-0.01020162412191826,0.007189091189730443
0.375,-0.010304426286824958,0.007029683869565391
0.376,-0.01040297260723566,0.006867623599000012
0.377,-0.010497175701730976,0.006703065954355006
0.378,-0.010586955506008359,0.006536170159962705
0.379,-0.01067223945404314,0.0063670986629689565
0.38,-0.01075296262978249,0.0061960166979448065
0.381,-0.010829067888760865,0.006023091843678606
0.382,-0.010900505949242151,0.0058484935745542884
0.383,-0.01096723545271143,0.005672392808934658
0.384,-0.011029222993755996,0.005494961456959712
0.385,-0.011086443119588322,0.005316371970139728
0.386,-0.011138878299670765,0.0051367968950717805
0.387,-0.011186518866100928,0.004956408433537535
0.388,-0.011229362925605484,0.004775378011150805
0.389,-0.011267416244167314,0.004593875856616921
0.39,-0.011300692105474157,0.004412070593544037
0.391,-0.01132921114452547,0.004230128846610998
0.392,-0.01135300115786647,0.004048214863749068
0.393,-0.01137209689203367,0.0038664901558378476
0.394,-0.011386539811893966,0.003685113155250978
0.395,-0.011396377850638899,0.0035042388944169773
0.396,-0.011401665143257432,0.0033240187053866703
0.397,-0.011402461745354045,0.003144599941223303
0.398,-0.011398833339204942,0.0029661257198564063
0.399,-0.011390850928953943,0.002788734690867676
0.4,-0.011378590526842192,0.0026125608255082432
0.401,-0.011362132832342846,0.0024377332300832724
0.402,-0.01134156290603461,0.002264375982683277
0.403,-0.011316969839997524,0.002092607993093076
0.404,-0.01128844642645198,0.0019225428855699981
0.405,-0.01125608882628896,0.0017542889040536665
0.406,-0.011219996239057254,0.0015879488392511133
0.407,-0.011180270575883432,0.001423619976933648
0.408,-0.011137016136703867,0.0012613940666861324
0.409,-0.011090339293086624,0.0011013573102653133
0.41,-0.011040348177815863,0.0009435903686516312
0.411,-0.010987152382303696,0.0007881683868183638
0.412,-0.010930862662785623,0.0006351610351928231
0.413,-0.010871590656146674,0.0004846325667462403
0.414,-0.010809448606117343,0.0003366418886215111
0.415,-0.010744549100472223,0.00019124264719055963
0.416,-0.010677004819760827,4.848332542513615e-5
0.417,-0.010606928298000074,-9.159264853429978e-5
0.418,-0.010534431695662023,-0.00022894678271803175
0.419,-0.010459626585199213,-0.00036354539366501915
0.42,-0.010382623749263733,-0.000495359470826575
0.421,-0.01030353299169543,-0.0006243645340743226
0.422,-0.01022246296127951,-0.0007505404853171317
0.423,-0.010139520988204604,-0.0008738714551935253
0.424,-0.010054812933088944,-0.0009943456457641772
0.425,-0.009968443048385007,-0.001111955170084266
0.426,-0.00988051385192148,-0.0012266958894882477
0.427,-0.009791126012295757,-0.0013385672493706846
0.428,-0.009700378245790177,-0.0014475721141966583
0.429,-0.009608367224450727,-0.001553716602424541
0.43,-0.009515187494937644,-0.001657009921972963
0.431,-0.009420931407733096,-0.0017574642068131255
0.432,-0.009325689056271548,-0.001855094355217551
0.433,-0.009229548225543324,-0.0019499178701472602
0.434,-0.009132594349710834,-0.002041954702211529
0.435,-0.009034910478269745,-0.002131227095588035
0.436,-0.008936577250283684,-0.00221775943724658
0.437,-0.008837672876220486,-0.0023015781097768186
0.438,-0.008738273126920397,-0.002382711348079708
0.439,-0.008638451329231486,-0.0024611891001437634
0.44,-0.008538278367854786,-0.0025370428920908007
0.441,-0.008437822692950797,-0.0026103056976416435
0.442,-0.008337150333069908,-0.0026810118121203524
0.443,-0.008236324912981777,-0.0027491967310858483
0.444,-0.008135407675992187,-0.0028148970336523606
0.445,-0.00803445751035071,-0.0028781502705348735
0.446,-0.007933530979367873,-0.0029389948568326447
0.447,-0.007832682354876665,-0.002997469969542839
0.448,-0.007731963653689769,-0.0030536154497773017
0.449,-0.007631424676720751,-0.0031074717096383994
0.45,-0.0075311130504544365,-0.0031590796436946032
0.451,-0.007431074270468746,-0.0032084805449829738
0.452,-0.007331351746727213,-0.003255716025453848
0.453,-0.007231986850378172,-0.003300827940762713
0.454,-0.007133018961813107,-0.003343858319305417
0.455,-0.007034485519752824,-0.0033848492953853318
0.456,-0.006936422071145825,-0.003423843046394891
0.457,-0.006838862321678613,-0.0034608817338888133
0.458,-0.006741838186712404,-0.003496007448422341
0.459,-0.006645379842475005,-0.0035292621580248077
0.46,-0.006549515777350294,-0.003560687660176711
0.461,-0.006454272843120878,-0.0035903255371571756
0.462,-0.006359676306031987,-0.0036182171146281056
0.463,-0.0062657498975565865,-0.003644403423321426
0.464,-0.00617251586475302,-0.0036689251636964695
0.465,-0.006079995020117144,-0.0036918226734357915
0.466,-0.0059882067908410665,-0.003713135897649329
0.467,-0.005897169267400076,-0.0037329043616589085
0.468,-0.005806899251398308,-0.0037511671462375023
0.469,-0.0057174123026120455,-0.003767962865180353
0.47,-0.005628722785177366,-0.0037833296450880544
0.471,-0.005540843912876162,-0.0037973051072448484
0.472,-0.005453787793481309,-0.0038099263514787467
0.473,-0.005367565472128066,-0.003821229941893577
0.474,-0.005282186973684589,-0.003831251894366637
0.475,-0.005197661344099819,-0.0038400276657093208
0.476,-0.00511399669071194,-0.003847592144391772
0.477,-0.005031200221505113,-0.0038539796427364006
0.478,-0.004949278283306381,-0.0038592238904888144
0.479,-0.004868236398918356,-0.003863358029678476
0.48,-0.004788079303186812,-0.0038664146106850987
0.481,-0.00470881097800533,-0.0038684255894304576
0.482,-0.0046304346862620525,-0.0038694223256189107
0.483,-0.004552953004736031,-0.003869435581953464
0.484,-0.004476367855952975,-0.0038684955242576924
0.485,-0.004400680539012202,-0.003866631722437205
0.486,-0.00432589175939834,-0.0038638731522176633
0.487,-0.004252001657792958,-0.0038602481975995476
0.488,-0.004179009837902595,-0.0038557846539729866
0.489,-0.004106915393320899,-0.0038505097318389764
0.49,-0.004035716933443562,-0.003844450061086212
0.491,-0.003965412608455611,-0.0038376316957755654
0.492,-0.0038960001334113186,-0.003830080119386932
0.493,-0.0038274768114275803,-0.003821820250485772
0.494,-0.0037598395560120563,-0.0038128764487691466
0.495,-0.003693084912547746,-0.0038032725214534394
0.496,-0.003627209078955881,-0.0037930317299682413
0.497,-0.003562207925559215,-0.003782176796923039
0.498,-0.003498077014167837,-0.0037707299133154506
0.499,-0.0034348116164096497,-0.003758712745951724
0.5,-0.0033724067313275993,-0.003746146445052098
0.501,-0.0033108571022655965,-0.003733051652015447
0.502,-0.003250157233064913,-0.003719448507319314
0.503,-0.0031903014035926046,-0.0037053566585330744
0.504,-0.003131283684623247,-0.0036907952684235154
0.505,-0.003073097952094971,-0.003675783023133557
0.506,-0.003015737900760451,-0.0036603381404162407
0.507,-0.0029591970572531373,-0.003644478377907413
0.508,-0.002903468792588644,-0.0036282210414217515
0.509,-0.002848546334120795,-0.0036115829932579706
0.51,-0.002794422776971413,-0.003594580660500123
0.511,-0.0027410910949525105,-0.0035772300433029617
0.512,-0.0026885441509990797,-0.0035595467231502925
0.513,-0.0026367747071302516,-0.0035415458710761805
0.514,-0.0025857754339561117,-0.003523242255839719
0.515,-0.0025355389197470155,-0.0035046502520448978
0.516,-0.0024860576790817802,-0.003485783848197851
0.517,-0.0024373241610906576,-0.0034666566546944972
0.518,-0.0023893307573085395,-0.003447281911732238
0.519,-0.0023420698091533836,-0.003427672497140011
0.52,-0.0022955336150443915,-0.0034078409341215896
0.521,-0.0022497144371740182,-0.0033877993989075467
0.522,-0.0022046045079474486,-0.003367559728311834
0.523,-0.0021601960361027324,-0.0033471334271893884
0.524,-0.002116481212524347,-0.003326531675791627
0.525,-0.002073452215762513,-0.0033057653370171048
0.526,-0.0020311012172701966,-0.0032848449635549956
0.527,-0.0019894203863693016,-0.003263780804919404
0.528,-0.0019484018949571652,-0.003242582814372862
0.529,-0.001908037921964086,-0.003221260655737658
0.53,-0.0018683206575722203,-0.0031998237100939316
0.531,-0.0018292423072058205,-0.0031782810823637454
0.532,-0.0017907950953024263,-0.0031566416077805537
0.533,-0.001752971268874267,-0.003134913858243753
0.534,-0.0017157631008687885,-0.0031131061485581723
0.535,-0.0016791628933368944,-0.0030912265425585596
0.536,-0.001643162980417159,-0.0030692828591193056
0.537,-0.0016077557311439655,-0.003047282678049783
0.538,-0.0015729335520872148,-0.003025233345875845
0.539,-0.0015386888898309581,-0.0030031419815081386
0.54,-0.001505014233298024,-0.0029810154817980308
0.541,-0.0014719021159274339,-0.002958860526982028
0.542,-0.001439345117711134,-0.0029366835860156937
0.543,-0.001407335867096321,-0.0029144909217981357
0.544,-0.0013758670427593755,-0.002892288596288224
0.545,-0.0013449313752572003,-0.0028700824755137754
0.546,-0.0013145216485615076,-0.002847878234474991
0.547,-0.001284630701481389,-0.002825681361943497
0.548,-0.0012552514289792848,-0.002803497165158387
0.549,-0.001226376783385258,-0.0027813307744207045
0.55,-0.001197999775514284,-0.0027591871475878423
0.551,-0.00117011347569107,-0.002737071074469362
0.552,-0.001142711014686735,-0.002714987181125769
0.553,-0.0011157855845715034,-0.0026929399340718
0.554,-0.0010893304394873913,-0.0026709336443857833
0.555,-0.0010633388963447018,-0.002648972471726669
0.556,-0.0010378043354459846,-0.0026270604282603114
0.557,-0.0010127202010409638,-0.0026052013824966118
0.558,-0.00098808000181579,-0.0025833990630391144
0.559,-0.0009638773113198325,-0.002561657062248666
0.56,-0.0009401057683330899,-0.0025399788398227353
0.561,-0.0009167590771771697,-0.0025183677262919867
0.562,-0.0008938310079726593,-0.002496826926435697
0.563,-0.0008713153968455918,-0.002475359522617597
0.564,-0.0008492061460855959,-0.0024539684780437005
0.565,-0.0008274972242582048,-0.002432656639943682
0.566,-0.0008061826662736963,-0.0024114267426773453
0.567,-0.000785256573414731,-0.0023902814107677047
0.568,-0.0007647131133249597,-0.002369223161862198
0.569,-0.0007445465199606754,-0.0023482544096235184
0.57,-0.0007247510935074955,-0.002327377466551547
0.571,-0.0007053212002639741,-0.0023065945467378337
0.572,-0.0006862512724939599,-0.0022859077685540782
0.573,-0.0006675358082494357,-0.002265319157276011
0.574,-0.0006491693711655005,-0.002244830647644082
0.575,-0.00063114659022908,-0.0022244440863623326
0.576,-0.0006134621595228825,-0.0022041612345367902
0.577,-0.0005961108379460499,-0.0021839837700547357
0.578,-0.0005790874489128865,-0.002163913289906139
0.579,-0.0005623868800309924,-0.0021439513124485547
0.58,-0.0005460040827600601,-0.0021240992796167425
0.581,-0.0005299340720525453,-0.00210435855907825
0.582,-0.0005141719259773628,-0.0020847304463361867
0.583,-0.0004987127853277072,-0.00206521616678037
0.584,-0.0004835518532140499,-0.0020458168776880344
0.585,-0.0004686843946433143,-0.002026533670175242
0.586,-0.0004541057360851868,-0.0020073675711001332
0.587,-0.00043981126502647464,-0.0019883195449191147
0.588,-0.0004257964295143842,-0.001969390495497081
0.589,-0.00041205673768954763,-0.0019505812678727217
0.59,-0.0003985877573095914,-0.0019318926499799637
0.591,-0.000385385115264002,-0.0019133253743265628
0.592,-0.0003724444970810077,-0.001894880119630848
0.593,-0.000359761646427163,-0.001876557512417591
0.594,-0.0003473323646002893,-0.001858358128573963
0.595,-0.0003351525100163944,-0.0018402824948665106
0.596,-0.0003232179976911635,-0.001822331090420071
0.597,-0.00031152479871658634,-0.0018045043481595203
0.598,-0.000300068939733258,-0.0017868026562152335
0.599,-0.00028884650239886453,-0.0017692263592931125
0.6,-0.0002778536228533394,-0.0017517757600100216
0.601,-0.00026708649118115384,-0.0017344511201954523
0.602,-0.0002565413508711809,-0.0017172526621602145
0.603,-0.00024621449827455033,-0.001700180569932944
0.604,-0.00023610228206089197,-0.0016832349904651884
0.605,-0.000226201102673345,-0.0016664160348058205
0.606,-0.00021650741178268977,-0.001649723779245514
0.607,-0.00020701771174094338,-0.0016331582664319932
0.608,-0.00019772855503473973,-0.0016167195064567587
0.609,-0.0001886365437388006,-0.0016004074779139685
0.61,-0.00017973832896978634,-0.0015842221289321457
0.611,-0.0001710306103408009,-0.00156816337817936
0.612,-0.00016251013541681019,-0.0015522311158425246
0.613,-0.00015417369917121947,-0.0015364252045814257
0.614,-0.000146018143443842,-0.0015207454804580943
0.615,-0.00013804035640047773,-0.0015051917538421152
0.616,-0.00013023727199430976,-0.001489763810292448
0.617,-0.0001226058694293132,-0.0014744614114163312
0.618,-0.00011514317262586142,-0.0014592842957058174
0.619,-0.0001078462496887022,-0.0014442321793524825
0.62,-0.00010071221237746804,-0.0014293047570408343
0.621,-9.37382155798733e-5,-0.001414501702720935
0.622,-8.692145678774304e-5,-0.0013998226703607407
0.623,-8.02591755760082e-5,-0.0013852672946786469
0.624,-7.374865308479444e-5,-0.0013708351918567216
0.625,-6.738721150472283e-5,-0.0013565259602350912
0.626,-6.117221356553349e-5,-0.001342339180987935
0.627,-5.510106202813557e-5,-0.0013282744187815387
0.628,-4.9171199180179756e-5,-0.0013143312224148356
0.629,-4.3380106335243204e-5,-0.0013005091254428651
0.63,-3.772530333570971e-5,-0.0012868076467835623
0.631,-3.22043480594223e-5,-0.0012732262913082806
0.632,-2.6814835930179225e-5,-0.0012597645504164473
0.633,-2.1554399432138865e-5,-0.0012464219025947335
0.634,-1.642070762819365e-5,-0.0012331978139611185
0.635,-1.1411465682368038e-5,-0.0012200917387942133
0.636,-6.524414386290652e-6,-0.0012071031200482055
0.637,-1.7573296897861193e-6,-0.001194231389853773
0.638,2.891977764372361e-6,-0.0011814759700053096
0.639,7.425663101512831e-6,-0.001168836272434796
0.64,1.1845847671883952e-5,-0.0011563116996726453
0.641,1.6154619503214954e-5,-0.0011439016452958345
0.642,2.0354033748990763e-5,-0.00113160549436364
0.643,2.444611313242049e-5,-0.0011194226238412743
0.644,2.8432848386080627e-5,-0.0011073524030117236
0.645,3.2316198687217585e-5,-0.0010953941938760745
0.646,3.609809208869707e-5,-0.001083547351542609
0.647,3.97804259455908e-5,-0.0010718112246049486
0.648,4.336506733739355e-5,-0.0010601851555095095
0.649,4.68538534858663e-5,-0.0010486684809125379
0.65,5.0248592168503595e-5,-0.001037260532026976
0.651,5.355106212762552e-5,-0.001025960634959412
0.652,5.676301347509697e-5,-0.0010147681110373574
0.653,5.988616809267892e-5,-0.001003682277127088
0.654,6.292222002801842e-5,-0.000992702445942286
0.655,6.587283588628596e-5,-0.0009818279263437018
0.656,6.873965521747038e-5,-0.0009710580236300669
0.657,7.152429089934357e-5,-0.0009603920398204679
0.658,7.422832951610857e-5,-0.0009498292739283931
0.659,7.685333173274603e-5,-0.0009393690222276615
0.66,7.940083266507581e-5,-0.0009290105785104315
0.661,8.187234224555155e-5,-0.000918753234337488
0.662,8.426934558480723e-5,-0.0009085962792809998
0.663,8.659330332897635e-5,-0.0008985390011599326
0.664,8.884565201280495e-5,-0.000888580686268303
0.665,9.102780440858126e-5,-0.0008787206195964499
0.666,9.314114987090525e-5,-0.000868958085045499
0.667,9.51870546773227e-5,-0.0008592923656351889
0.668,9.716686236484918e-5,-0.0008497227437052265
0.669,9.908189406240992e-5,-0.0008402485011103333
0.67,0.00010093344881922254,-0.0008308689194091392
0.671,0.00010272280392915046,-0.000821583280047082
0.672,0.00010445121525105493,-0.0008123908645334584
0.673,0.00010611991752517493,-0.0008032909546127797
0.674,0.00010773012468556421,-0.0007942828324305698
0.675,0.00010928303016861555,-0.0007853657806937509
0.676,0.00011077980721770277,-0.0007765390828257512
0.677,0.00011222160918397138,-0.0007678020231164685
0.678,0.0001136095698233093,-0.0007591538868672226
0.679,0.00011494480358952929,-0.00075059396053082
0.68,0.00011622840592379536,-0.0007421215318468593
0.681,0.00011746145354032539,-0.0007337358899723972
0.682,0.00011864500470840263,-0.0007254363256080928
0.683,0.00011978009953072913,-0.0007172221311199477
0.684,0.00012086776021815426,-0.0007090926006567543
0.685,0.00012190899136081152,-0.0007010470302633626
0.686,0.0001229047801956972,-0.000693084717989873
0.687,0.00012385609687072475,-0.0006852049639968621
0.688,0.00012476389470528833,-0.000677407070656741
0.689,0.00012562911044736971,-0.0006696903426513498
0.69,0.00012645266452722235,-0.0006620540870658842
0.691,0.00012723546130766656,-0.0006544976134792501
0.692,0.00012797838933103025,-0.0006470202340509402
0.693,0.00012868232156276868,-0.0006396212636045231
0.694,0.00012934811563179808,-0.0006323000197078338
0.695,0.0001299766140675765,-0.0006250558227499534
0.696,0.00013056864453396641,-0.0006178879960150605
0.697,0.00013112502005991288,-0.0006107958657532407
0.698,0.00013164653926697138,-0.0006037787612483316
0.699,0.00013213398659371896,-0.0005968360148828833
0.7,0.00013258813251708267,-0.0005899669622003122
0.701,0.00013300973377061899,-0.0005831709419643223
0.702,0.00013339953355977774,-0.0005764472962156684
0.703,0.0001337582617741841,-0.0005697953703263308
0.704,0.00013408663519697193,-0.0005632145130511738
0.705,0.00013438535771120166,-0.000556704076577155
0.706,0.00013465512050339602,-0.000550263416570152
0.707,0.00013489660226422603,-0.000543891892219472
0.708,0.00013511046938638054,-0.0005375888662801071
0.709,0.00013529737615965173,-0.0005313537051127983
0.71,0.0001354579649632685,-0.0005251857787219673
0.711,0.00013559286645551094,-0.000519084460791577
0.712,0.0001357026997606367,-0.0005130491287189761
0.713,0.00013578807265315226,-0.0005070791636467853
0.714,0.00013584958173945978,-0.0005011739504928806
0.715,0.00013588781263691144,-0.000495332877978526
0.716,0.00013590334015030247,-0.0004895553386547076
0.717,0.0001358967284458334,-0.0004838407289267227
0.718,0.00013586853122257305,-0.00047818844907707
0.719,0.0001358192918814519,-0.0004725979032866925
0.72,0.00013574954369181683,-0.0004670684996546191
0.721,0.00013565980995557702,-0.00046159965021605134
0.722,0.00013555060416897084,-0.0004561907709589407
0.723,0.00013542243018198317,-0.00045084128183910024
0.724,0.00013527578235544296,-0.00044555060679389417
0.725,0.0001351111457158295,-0.000440318173754546
0.726,0.00013492899610781684,-0.000435143414657108
0.727,0.00013472980034458454,-0.0004300257654521303
0.728,0.00013451401635592325,-0.0004249646661130695
0.729,0.0001342820933341633,-0.00041995956064347454
0.73,0.00013403447187795397,-0.00041500989708298703
0.731,0.00013377158413392136,-0.00041011512751219195
0.732,0.00013349385393623156,-0.0004052747080563542
0.733,0.0001332016969440869,-0.0004004880988880759
0.734,0.00013289552077718178,-0.0003957547642289065
0.735,0.0001325757251491445,-0.00039107417234994084
0.736,0.00013224270199899173,-0.00038644579557143454
0.737,0.00013189683562062125,-0.0003818691102614702
0.738,0.00013153850279036926,-0.00037734359683370267
0.739,0.00013116807289265722,-0.0003728687397442151
0.74,0.00013078590804375397,-0.00036844402748751275
0.741,0.0001303923632136779,-0.00036406895259168446
0.742,0.00012998778634626374,-0.0003597430116127577
0.743,0.00012957251847741912,-0.00035546570512827555
0.744,0.0001291468938515941,-0.0003512365377301201
0.745,0.00012871124003648884,-0.00034705501801660934
0.746,0.000128265878036022,-0.0003429206585838913
0.747,0.00012781112240158428,-0.00033883297601665976
0.748,0.00012734728134159955,-0.00033479149087821603
0.749,0.00012687465682941716,-0.0003307957276998984
0.75,0.00012639354470955755,-0.00032684521496990286
0.751,0.0001259042348023343,-0.0003229394851215164
0.752,0.00012540701100687387,-0.0003190780745207843
0.753,0.00012490215140255613,-0.00031526052345363193
0.754,0.00012438992834889646,-0.0003114863761124624
0.755,0.00012387060858389115,-0.00030775518058224734
0.756,0.00012334445332084771,-0.00030406648882613324
0.757,0.00012281171834372038,-0.0003004198566705793
0.758,0.00012227265410097213,-0.0002968148437900464
0.759,0.00012172750579798329,-0.0002932510136912548
0.76,0.00012117651348802735,-0.0002897279336970275
0.761,0.0001206199121618336,-0.00028624517492973657
0.762,0.00012005793183575665,-0.00028280231229436823
0.763,0.00011949079763857224,-0.0002793989244612233
0.764,0.00011891872989691872,-0.00027603459384826855
0.765,0.00011834194421940321,-0.0002727089066031531
0.766,0.00011776065157939126,-0.00026942145258490596
0.767,0.00011717505839649875,-0.00026617182534532864
0.768,0.00011658536661680435,-0.0002629596221100959
0.769,0.00011599177379180054,-0.0002597844437595797
0.77,0.0001153944731561015,-0.0002566458948094082
0.771,0.00011479365370392522,-0.00025354358339077423
0.772,0.0001141895002643676,-0.000250477121230504
0.773,0.00011358219357548564,-0.00024744612363089953
0.774,0.00011297191035720695,-0.00024445020944936644
0.775,0.00011235882338308227,-0.0002414890010778379
0.776,0.00011174310155089782,-0.00023856212442200736
0.777,0.00011112490995216376,-0.00023566920888037915
0.778,0.00011050440994049515,-0.0002328098873231495
0.779,0.00010988175919890122,-0.00022998379607092656
0.78,0.00010925711180599902,-0.00022719057487330084
0.781,0.00010863061830116687,-0.00022442986688727486
0.782,0.00010800242574865312,-0.00022170131865556204
0.783,0.00010737267780065543,-0.0002190045800847637
0.784,0.00010674151475938559,-0.00021633930442343342
0.785,0.00010610907363813461,-0.00021370514824003718
0.786,0.00010547548822135302,-0.000211101771400818
0.787,0.00010484088912376038,-0.00020852883704757286
0.788,0.00010420540384849868,-0.00020598601157535056
0.789,0.0001035691568443434,-0.00020347296461007726
0.79,0.00010293226956198634,-0.0002009893689861184
0.791,0.00010229486050940369,-0.0001985349007237831
0.792,0.00010165704530632319,-0.00019610923900677905
0.793,0.00010101893673780333,-0.00019371206615962424
0.794,0.0001003806448069381,-0.00019134306762502224
0.795,9.974227678670005e-5,-0.00018900193194120766
0.796,9.910393727093468e-5,-0.00018668835071926798
0.797,9.846572822451862e-5,-0.00018440201862044767
0.798,9.782774903269418e-5,-0.0001821426333334407
0.799,9.71900965495926e-5,-0.000179909895551677
0.8,9.655286514595807e-5,-0.0001777035089506084
0.801,9.591614675608456e-5,-0.00017552318016499964
0.802,9.528003092397731e-5,-0.000173368618766229
0.803,9.464460484875048e-5,-0.00017123953723960453
0.804,9.400995342927272e-5,-0.00016913565096169977
0.805,9.337615930807176e-5,-0.00016705667817771435
0.806,9.274330291450932e-5,-0.00016500233997886361
0.807,9.211146250723745e-5,-0.0001629723602798019
0.808,9.148071421594699e-5,-0.00016096646579608358
0.809,9.08511320824191e-5,-0.00015898438602166603
0.81,9.022278810089027e-5,-0.00015702585320645862
0.811,8.959575225774141e-5,-0.00015509060233392122
0.812,8.897009257052118e-5,-0.00015317837109871642
0.813,8.834587512631378e-5,-0.0001512888998844185
0.814,8.77231641194613e-5,-0.00014942193174128306
0.815,8.710202188865022e-5,-0.00014757721236408042
0.816,8.648250895337226e-5,-0.00014575449006999595
0.817,8.586468404976867e-5,-0.00014395351577660062
0.818,8.524860416586783e-5,-0.0001421740429798946
0.819,8.463432457622527e-5,-0.0001404158277324268
0.82,8.402189887597542e-5,-0.0001386786286214931
0.821,8.341137901430404e-5,-0.0001369622067474161
0.822,8.280281532735054e-5,-0.00013526632570190876
0.823,8.219625657054863e-5,-0.0001335907515465243
0.824,8.159174995041434e-5,-0.00013193525279119503
0.825,8.098934115578977e-5,-0.00013029960037286233
0.826,8.038907438855115e-5,-0.00012868356763419945
0.827,7.979099239378945e-5,-0.0001270869303024299
0.828,7.919513648947175e-5,-0.00012550946646824318
0.829,7.860154659559157e-5,-0.00012395095656480938
0.83,7.801026126281605e-5,-0.00012241118334689523
0.831,7.742131770063785e-5,-0.0001208899318700826
0.832,7.683475180503954e-5,-0.00011938698947009168
0.833,7.625059818567811e-5,-0.00011790214574221
0.834,7.56688901925972e-5,-0.00011643519252082931
0.835,7.508965994247432e-5,-0.0001149859238590911
0.836,7.451293834441058e-5,-0.00011355413600864291
0.837,7.393875512526986e-5,-0.00011213962739950606
0.838,7.336713885457496e-5,-0.00011074219862005643
0.839,7.27981169689672e-5,-0.00010936165239711939
0.84,7.22317157962368e-5,-0.00010799779357617988
0.841,7.166796057893062e-5,-0.00010665042910170894
0.842,7.110687549754404e-5,-0.00010531936799760728
0.843,7.054848369330362e-5,-0.00010400442134776733
0.844,6.999280729054683e-5,-0.00010270540227675418
0.845,6.943986741870567e-5,-0.00010142212593060652
0.846,6.888968423390002e-5,-0.00010015440945775828
0.847,6.834227694014737e-5,-9.890207199008166e-5
0.848,6.779766381019475e-5,-9.766493462405215e-5
0.849,6.72558622059791e-5,-9.644282040203638e-5
0.85,6.671688859872196e-5,-9.523555429370313e-5
0.851,6.618075858866432e-5,-9.404296317755812e-5
0.852,6.564748692444748e-5,-9.286487582260302e-5
0.853,6.511708752214558e-5,-9.170112287011933e-5
0.854,6.458957348395543e-5,-9.055153681557709e-5
0.855,6.406495711654909e-5,-8.941595199066918e-5
0.856,6.354324994909476e-5,-8.829420454547136e-5
0.857,6.302446275095131e-5,-8.718613243072824e-5
0.858,6.250860554904167e-5,-8.609157538026555e-5
0.859,6.199568764491032e-5,-8.501037489352891e-5
0.86,6.148571763147016e-5,-8.394237421824903e-5
0.861,6.097870340944341e-5,-8.288741833323384e-5
0.862,6.0474652203502126e-5,-8.184535393128733e-5
0.863,5.997357057811258e-5,-8.081602940225532e-5
0.864,5.947546445308884e-5,-7.97992948161981e-5
0.865,5.898033911885999e-5,-7.879500190669002e-5
0.866,5.8488199251455883e-5,-7.7803004054246e-5
0.867,5.7999048927215894e-5,-7.682315626987472e-5
0.868,5.751289163722528e-5,-7.58553151787588e-5
0.869,5.702973030148363e-5,-7.489933900406132e-5
0.87,5.6549567282809794e-5,-7.395508755085902e-5
0.871,5.607240440048762e-5,-7.30224221902018e-5
0.872,5.559824294365683e-5,-7.210120584329824e-5
0.873,5.512708368445316e-5,-7.119130296582715e-5
0.874,5.465892689090199e-5,-7.029257953237475e-5
0.875,5.41937723395695e-5,-6.940490302099736e-5
0.876,5.373161932797539e-5,-6.85281423979091e-5
0.877,5.3272466686771124e-5,-6.766216810229455e-5
0.878,5.2816312791687595e-5,-6.680685203124593e-5
0.879,5.236315557525603e-5,-6.59620675248244e-5
0.88,5.1912992538306007e-5,-6.512768935124533e-5
0.881,5.1465820761244115e-5,-6.430359369218691e-5
0.882,5.1021636915117176e-5,-6.348965812822191e-5
0.883,5.058043727246342e-5,-6.268576162437205e-5
0.884,5.014221771795528e-5,-6.18917845157847e-5
0.885,4.970697375883731e-5,-6.110760849353129e-5
0.886,4.927470053516259e-5,-6.033311659052712e-5
0.887,4.8845392829831114e-5,-5.9568193167572097e-5
0.888,4.841904507843339e-5,-5.881272389951176e-5
0.889,4.79956513789027e-5,-5.806659576151833e-5
0.89,4.757520550097903e-5,-5.7329697015491114e-5
0.891,4.7157700895488115e-5,-5.66019171965758e-5
0.892,4.674313070343847e-5,-5.588314709980206e-5
0.893,4.6331487764939794e-5,-5.5173278766839075e-5
0.894,4.592276462794545e-5,-5.447220547286819e-5
0.895,4.551695355682235e-5,-5.377982171357238e-5
0.896,4.511404654075094e-5,-5.309602319224177e-5
0.897,4.471403530195827e-5,-5.242070680699471e-5
0.898,4.43169113037871e-5,-5.175377063811384e-5
0.899,4.392266575860367e-5,-5.109511393549648e-5
0.9,4.3531289635547066e-5,-5.0444637106218775e-5
0.901,4.3142773668122786e-5,-4.9802241702212974e-5
0.902,4.2757108361643264e-5,-4.916783040805725e-5
0.903,4.237428400051797e-5,-4.854130702887734e-5
0.904,4.199429065539565e-5,-4.792257647835953e-5
0.905,4.1617118190161296e-5,-4.731154476687413e-5
0.906,4.1242756268790385e-5,-4.670811898970905e-5
0.907,4.0871194362062776e-5,-4.611220731541256e-5
0.908,4.0502421754138794e-5,-4.5523718974244775e-5
0.909,4.013642754899986e-5,-4.494256424673709e-5
0.91,3.977320067675604e-5,-4.4368654452359e-5
0.911,3.941272989982275e-5,-4.3801901938291444e-5
0.912,3.905500381896911e-5,-4.324222006830628e-5
0.913,3.8700010879239945e-5,-4.268952321175094e-5
0.914,3.83477393757538e-5,-4.214372673263772e-5
0.915,3.7998177459379186e-5,-4.1604746978837045e-5
0.916,3.7651313142291e-5,-4.107250127137391e-5
0.917,3.7307134303409445e-5,-4.054690789382691e-5
0.918,3.696562869372344e-5,-4.002788608182908e-5
0.919,3.662678394150049e-5,-3.951535601266993e-5
0.92,3.629058755738518e-5,-3.90092387949979e-5
0.921,3.59570269393881e-5,-3.850945645862262e-5
0.922,3.56260893777673e-5,-3.801593194441618e-5
0.923,3.5297762059804106e-5,-3.752858909431273e-5
0.924,3.497203207447516e-5,-3.704735264140584e-5
0.925,3.464888641702259e-5,-3.657214820014268e-5
0.926,3.4328311993424166e-5,-3.610290225661447e-5
0.927,3.4010295624765086e-5,-3.563954215894252e-5
0.928,3.369482405151334e-5,-3.518199610775903e-5
0.929,3.3381883937700275e-5,-3.4730193146782023e-5
0.93,3.3071461875008084e-5,-3.42840631534837e-5
0.931,3.276354438676593e-5,-3.38435368298515e-5
0.932,3.245811793185634e-5,-3.340854569324114e-5
0.933,3.215516890853348e-5,-3.297902206732096e-5
0.934,3.185468365815495e-5,-3.2554899073106864e-5
0.935,3.1556648468828616e-5,-3.213611062008712e-5
0.936,3.12610495789761e-5,-3.172259139743633e-5
0.937,3.096787318081436e-5,-3.131427686531794e-5
0.938,3.0677105423756955e-5,-3.091110324627446e-5
0.939,3.0388732417736385e-5,-3.0513007516704738e-5
0.94,3.0102740236449005e-5,-3.0119927398427696e-5
0.941,2.9819114920523903e-5,-2.9731801350331677e-5
0.942,2.9537842480617203e-5,-2.934856856010877e-5
0.943,2.9258908900433076e-5,-2.8970168936073476e-5
0.944,2.898230013967291e-5,-2.8596543099064905e-5
0.945,2.870800213691391e-5,-2.822763237443193e-5
0.946,2.843600081241848e-5,-2.7863378784100518e-5
0.947,2.8166282070875627e-5,-2.7503725038722627e-5
0.948,2.7898831804075705e-5,-2.714861452990592e-5
0.949,2.7633635893519737e-5,-2.679799132252367e-5
0.95,2.7370680212964494e-5,-2.645180014710412e-5
0.951,2.71099506309046e-5,-2.61099863922987e-5
0.952,2.6851433012992823e-5,-2.5772496097428318e-5
0.953,2.6595113224399696e-5,-2.5439275945107183e-5
0.954,2.6340977132113665e-5,-2.5110273253943376e-5
0.955,2.6089010607182816e-5,-2.478543597131556e-5
0.956,2.583919952689939e-5,-2.4464712666225182e-5
0.957,2.5591529776928082e-5,-2.414805252222344e-5
0.958,2.5345987253379242e-5,-2.3835405330412454e-5
0.959,2.5102557864828034e-5,-2.3526721482519874e-5
0.96,2.486122753428057e-5,-2.3221951964046383e-5
0.961,2.4621982201088054e-5,-2.2921048347485367e-5
0.962,2.4384807822809912e-5,-2.2623962785614166e-5
0.963,2.4149690377026944e-5,-2.2330648004856193e-5
0.964,2.3916615863105382e-5,-2.2041057298713372e-5
0.965,2.36855703039129e-5,-2.1755144521268197e-5
0.966,2.3456539747487448e-5,-2.1472864080754797e-5
0.967,2.3229510268659843e-5,-2.1194170933198376e-5
0.968,2.3004467970631022e-5,-2.091902057612242e-5
0.969,2.278139898650487e-5,-2.0647369042323055e-5
0.97,2.2560289480777444e-5,-2.037917289370987e-5
0.971,2.2341125650783505e-5,-2.0114389215212703e-5
0.972,2.212389372810116e-5,-1.985297560875369e-5
0.973,2.1908579979915474e-5,-1.9594890187284016e-5
0.974,2.169517071034185e-5,-1.934009156888473e-5
0.975,2.1483652261709966e-5,-1.9088538870931063e-5
0.976,2.1274011015809108e-5,-1.884019170431965e-5
0.977,2.1066233395095583e-5,-1.8595010167758024e-5
0.978,2.0860305863863076e-5,-1.8352954842115832e-5
0.979,2.065621492937662e-5,-1.8113986784837183e-5
0.98,2.045394714297093e-5,-1.787806752441354e-5
0.981,2.0253489101113875e-5,-1.7645159054916588e-5
0.982,2.0054827446435695e-5,-1.7415223830590495e-5
0.983,1.9857948868724776e-5,-1.7188224760502987e-5
0.984,1.966284010589057e-5,-1.6964125203254742e-5
0.985,1.9469487944894392e-5,-1.6742888961746405e-5
0.986,1.9277879222648732e-5,-1.652448027800283e-5
0.987,1.9088000826885727e-5,-1.6308863828053874e-5
0.988,1.889983969699546e-5,-1.609600471687123e-5
0.989,1.8713382824834653e-5,-1.588586847336078e-5
0.99,1.852861725550646e-5,-1.5678421045409903e-5
0.991,1.8345530088111858e-5,-1.547362879498919e-5
0.992,1.8164108476473342e-5,-1.527145849330805e-5
0.993,1.7984339629831385e-5,-1.5071877316023682e-5
0.994,1.780621081351437e-5,-1.4874852838502869e-5
0.995,1.7629709349582437e-5,-1.4680353031136078e-5
0.996,1.7454822617445888e-5,-1.4488346254703367e-5
0.997,1.7281538054458626e-5,-1.4298801255791543e-5
0.998,1.710984315648721e-5,-1.4111687162262116e-5
0.999,1.693972547845604e-5,-1.3926973478769492e-5
1.0,1.6771172634869147e-5,-1.3744630082328934e-5
1.001,1.660417230030917e-5,-1.356462721793378e-5
1.002,1.6438712209913943e-5,-1.3386935494221434e-5
1.003,1.6274780159831205e-5,-1.3211525879187618e-5
1.004,1.6112364007651947e-5,-1.3038369695948425e-5
1.005,1.5951451672822804e-5,-1.2867438618549676e-5
1.006,1.5792031137038013e-5,-1.2698704667823097e-5
1.007,1.563409044461134e-5,-1.2532140207288857e-5
1.008,1.5477617702828473e-5,-1.2367717939103973e-5
1.009,1.5322601082280246e-5,-1.2205410900056153e-5
1.01,1.5169028817177224e-5,-1.2045192457602558e-5
1.011,1.5016889205645976e-5,-1.1887036305953076e-5
1.012,1.4866170610007494e-5,-1.1730916462197628e-5
1.013,1.4716861457038171e-5,-1.1576807262477041e-5
1.014,1.4568950238213717e-5,-1.1424683358197083e-5
1.015,1.4422425509936409e-5,-1.1274519712285156e-5
1.016,1.4277275893746074e-5,-1.112629159548926e-5
1.017,1.4133490076515155e-5,-1.0979974582718766e-5
1.018,1.3991056810628268e-5,-1.0835544549426558e-5
1.019,1.3849964914146572e-5,-1.069297766803213e-5
1.02,1.3710203270957344e-5,-1.0552250404385217e-5
1.021,1.3571760830909079e-5,-1.0413339514269505e-5
1.022,1.3434626609932496e-5,-1.0276222039946049e-5
1.023,1.3298789690147746e-5,-1.0140875306735934e-5
1.024,1.3164239219958187e-5,-1.0007276919641822e-5
1.025,1.303096441413102e-5,-9.87540476000792e-6
1.026,1.2898954553865138e-5,-9.745236982218011e-6
1.027,1.2768198986846483e-5,-9.616752010431134e-6
1.028,1.2638687127291206e-5,-9.489928535354493e-6
1.029,1.251040845597696e-5,-9.364745511053244e-6
1.03,1.2383352520262593e-5,-9.241182151796733e-6
1.031,1.225750893409656e-5,-9.11921792894082e-6
1.032,1.2132867378014303e-5,-8.9988325678459e-6
1.033,1.2009417599124917e-5,-8.880006044830241e-6
1.034,1.188714941108734e-5,-8.762718584158269e-6
1.035,1.1766052694076364e-5,-8.646950655063406e-6
1.036,1.1646117394738716e-5,-8.532682968805141e-6
1.037,1.1527333526139454e-5,-8.4198964757599e-6
1.038,1.140969116769898e-5,-8.308572362545425e-6
1.039,1.1293180465120849e-5,-8.198692049178235e-6
1.04,1.1177791630310676e-5,-8.090237186263879e-6
1.041,1.1063514941286356e-5,-7.983189652219567e-6
1.042,1.0950340742079828e-5,-7.877531550528885e-6
1.043,1.0838259442630623e-5,-7.773245207028203e-6
1.044,1.072726151867141e-5,-7.670313167224476e-6
1.045,1.0617337511605776e-5,-7.56871819364405e-6
1.046,1.0508478028378447e-5,-7.468443263212198e-6
1.047,1.0400673741338156e-5,-7.3694715646629855e-6
1.048,1.0293915388093386e-5,-7.271786495979198e-6
1.049,1.018819377136116e-5,-7.175371661861963e-6
1.05,1.0083499758809126e-5,-7.0802108712297625e-6
1.051,9.979824282891084e-6,-6.986288134746504e-6
1.052,9.877158340676173e-6,-6.893587662378354e-6
1.053,9.775492993671902e-6,-6.8020938609789895e-6
1.054,9.674819367641213e-6,-6.7117913319029836e-6
1.055,9.57512865241375e-6,-6.622664868647005e-6
1.056,9.47641210169151e-6,-6.534699454518528e-6
1.057,9.378661032849063e-6,-6.447880260331752e-6
1.058,9.281866826728497e-6,-6.362192642130431e-6
1.059,9.186020927429257e-6,-6.2776221389373185e-6
1.06,9.09111484209305e-6,-6.194154470529933e-6
1.061,8.997140140683963e-6,-6.111775535242358e-6
1.062,8.904088455763974e-6,-6.030471407792781e-6
1.063,8.81195148226397e-6,-5.950228337136495e-6
1.064,8.72072097725046e-6,-5.871032744344083e-6
1.065,8.630388759688121e-6,-5.7928712205044905e-6
1.066,8.5409467101983e-6,-5.715730524652734e-6
1.067,8.452386770813645e-6,-5.63959758172195e-6
1.068,8.364700944728977e-6,-5.564459480519528e-6
1.069,8.277881296048554e-6,-5.490303471727057e-6
1.07,8.191919949529857e-6,-5.4171169659238154e-6
1.071,8.10680909032402e-6,-5.344887531633548e-6
1.072,8.022540963713036e-6,-5.273602893394262e-6
1.073,7.939107874843874e-6,-5.2032509298508e-6
1.074,7.8565021884596e-6,-5.1338196718699195e-6
1.075,7.77471632862766e-6,-5.0652973006776335e-6
1.076,7.693742778465407e-6,-4.9976721460185636e-6
1.077,7.613574079863002e-6,-4.930932684337062e-6
1.078,7.5342028332038065e-6,-4.865067536979847e-6
1.079,7.455621697082357e-6,-4.800065468419922e-6
1.08,7.377823388020043e-6,-4.735915384501535e-6
1.081,7.300800680178596e-6,-4.672606330705935e-6
1.082,7.224546405071473e-6,-4.610127490437705e-6
1.083,7.149053451273253e-6,-4.548468183331421e-6
1.084,7.074314764127138e-6,-4.487617863578431e-6
1.085,7.0003233454506436e-6,-4.4275661182734975e-6
1.086,6.9270722532396e-6,-4.368302665781109e-6
1.087,6.854554601370519e-6,-4.309817354121216e-6
1.088,6.782763559301442e-6,-4.25210015937418e-6
1.089,6.711692351771353e-6,-4.195141184104719e-6
1.09,6.641334258498229e-6,-4.138930655804626e-6
1.091,6.571682613875822e-6,-4.0834589253540605e-6
1.092,6.502730806669259e-6,-4.028716465501189e-6
1.093,6.434472279709517e-6,-3.974693869359972e-6
1.094,6.366900529586884e-6,-3.921381848925882e-6
1.095,6.300009106343449e-6,-3.868771233609374e-6
1.096,6.233791613164714e-6,-3.816852968786865e-6
1.097,6.168241706070407e-6,-3.7656181143690635e-6
1.098,6.1033530936045374e-6,-3.7150578433864167e-6
1.099,6.039119536524799e-6,-3.665163440591509e-6
1.1,5.975534847491357e-6,-3.615926301078193e-6
1.101,5.912592890755109e-6,-3.5673379289172775e-6
1.102,5.85028758184547e-6,-3.519389935808575e-6
1.103,5.788612887257741e-6,-3.472074039749123e-6
1.104,5.727562824140143e-6,-3.4253820637173947e-6
1.105,5.667131459980549e-6,-3.3793059343733134e-6
1.106,5.607312912292994e-6,-3.3338376807738866e-6
1.107,5.548101348304002e-6,-3.2889694331042864e-6
1.108,5.489490984638811e-6,-3.2446934214241926e-6
1.109,5.43147608700751e-6,-3.2010019744292243e-6
1.11,5.374050969891189e-6,-3.157887518227286e-6
1.111,5.317209996228106e-6,-3.1153425751296554e-6
1.112,5.260947577099959e-6,-3.073359762456644e-6
1.113,5.205258171418294e-6,-3.03193179135766e-6
1.114,5.150136285611083e-6,-2.9910514656455078e-6
1.115,5.095576473309559e-6,-2.9507116806447585e-6
1.116,5.0415733350353065e-6,-2.9109054220540296e-6
1.117,4.988121517887683e-6,-2.8716257648220116e-6
1.118,4.935215715231598e-6,-2.832865872037081e-6
1.119,4.882850666385704e-6,-2.7946189938303444e-6
1.12,4.831021156311024e-6,-2.7568784662919543e-6
1.121,4.779722015300071e-6,-2.7196377104005453e-6
1.122,4.728948118666481e-6,-2.682890230965637e-6
1.123,4.678694386435217e-6,-2.646629615582848e-6
1.124,4.628955783033358e-6,-2.6108495336017822e-6
1.125,4.579727316981529e-6,-2.5755437351064272e-6
1.126,4.531004040585983e-6,-2.540706049907927e-6
1.127,4.482781049631398e-6,-2.5063303865495833e-6
1.128,4.435053483074389e-6,-2.472410731323938e-6
1.129,4.387816522737792e-6,-2.438941147301801e-6
1.13,4.341065393005734e-6,-2.4059157733730804e-6
1.131,4.294795360519528e-6,-2.3733288232992773e-6
1.132,4.249001733874415e-6,-2.3411745847775096e-6
1.133,4.20367986331719e-6,-2.3094474185159266e-6
1.134,4.158825140444723e-6,-2.278141757320387e-6
1.135,4.11443299790342e-6,-2.2472521051922573e-6
1.136,4.0704989090896334e-6,-2.216773036437214e-6
1.137,4.027018387851055e-6,-2.186699194784907e-6
1.138,3.983986988189117e-6,-2.157025292519363e-6
1.139,3.9414003039624115e-6,-2.1277461096200042e-6
1.14,3.899253968591165e-6,-2.0988564929131516e-6
1.141,3.857543654762784e-6,-2.0703513552338924e-6
1.142,3.816265074138485e-6,-2.0422256745981915e-6
1.143,3.775413977061048e-6,-2.0144744933851205e-6
1.144,3.7349861522636835e-6,-1.9870929175290894e-6
1.145,3.694977426580064e-6,-1.960076115721962e-6
1.146,3.6553836646555148e-6,-1.933419318624936e-6
1.147,3.616200768659389e-6,-1.9071178180900735e-6
1.148,3.5774246779986462e-6,-1.8811669663913706e-6
1.149,3.5390513690326483e-6,-1.8555621754652462e-6
1.15,3.5010768547891843e-6,-1.8302989161603454e-6
1.151,3.4634971846817475e-6,-1.8053727174965436e-6
1.152,3.42630844422807e-6,-1.780779165933041e-6
1.153,3.3895067547699352e-6,-1.7565139046454434e-6
1.154,3.35308827319428e-6,-1.7325726328117193e-6
1.155,3.317049191655594e-6,-1.7089511049069279e-6
1.156,3.2813857372996378e-6,-1.6856451300066158e-6
1.157,3.2460941719884797e-6,-1.6626505710987788e-6
1.158,3.211170792026875e-6,-1.6399633444042829e-6
1.159,3.176611927889987e-6,-1.6175794187056505e-6
1.16,3.142413943952467e-6,-1.5954948146841058e-6
1.161,3.108573238218901e-6,-1.573705604264785e-6
1.162,3.075086242055631e-6,-1.5522079099700113e-6
1.163,3.041949419923957e-6,-1.5309979042805414e-6
1.164,3.009159269114739e-6,-1.5100718090046835e-6
1.165,2.9767123194843937e-6,-1.4894258946551982e-6
1.166,2.944605133192298e-6,-1.4690564798338853e-6
1.167,2.912834304439611e-6,-1.4489599306237664e-6
1.168,2.8813964592095145e-6,-1.4291326599887714e-6
1.169,2.85028825500888e-6,-1.4095711271808392e-6
1.17,2.8195063806113724e-6,-1.3902718371543456e-6
1.171,2.7890475558019874e-6,-1.371231339987767e-6
1.172,2.758908531123034e-6,-1.3524462303124962e-6
1.173,2.729086087621569e-6,-1.3339131467487226e-6
1.174,2.699577036598277e-6,-1.3156287713482936e-6
1.175,2.6703782193578106e-6,-1.297589829044472e-6
1.176,2.641486506960593e-6,-1.2797930871085058e-6
1.177,2.6128987999760763e-6,-1.262235354612932e-6
1.178,2.584612028237476e-6,-1.2449134819015285e-6
1.179,2.5566231505979647e-6,-1.2278243600658384e-6
1.18,2.5289291546883436e-6,-1.2109649204281842e-6
1.181,2.5015270566761847e-6,-1.1943321340310965e-6
1.182,2.474413901026448e-6,-1.177923011133078e-6
1.183,2.447586760263577e-6,-1.1617346007106259e-6
1.184,2.4210427347350696e-6,-1.1457639899664407e-6
1.185,2.394778952376528e-6,-1.1300083038437417e-6
1.186,2.3687925684781906e-6,-1.1144647045466191e-6
1.187,2.3430807654529395e-6,-1.0991303910663494e-6
1.188,2.3176407526057917e-6,-1.084002598713599e-6
1.189,2.2924697659048675e-6,-1.0690785986564498e-6
1.19,2.26756506775384e-6,-1.0543556974641712e-6
1.191,2.2429239467658618e-6,-1.0398312366566729e-6
1.192,2.2185437175389722e-6,-1.0255025922595665e-6
1.193,2.1944217204329784e-6,-1.011367174364772e-6
1.194,2.170555321347816e-6,-9.97422426696596e-7
1.195,2.146941911503382e-6,-9.836658261832225e-7
1.196,2.1235789072208407e-6,-9.700948825335436e-7
1.197,2.1004637497054003e-6,-9.567071378192708e-7
1.198,2.0775939048305604e-6,-9.435001660622596e-7
1.199,2.0549668629238246e-6,-9.304715728269842e-7
1.2,2.032580138553877e-6,-9.176189948181026e-7
1.201,2.0104312703192226e-6,-9.049400994830455e-7
1.202,1.988517820638285e-6,-8.924325846195723e-7
1.203,1.9668373755409607e-6,-8.800941779882309e-7
1.204,1.9453875444616268e-6,-8.679226369296632e-7
1.205,1.924165960033598e-6,-8.559157479866957e-7
1.206,1.9031702778850318e-6,-8.440713265311593e-7
1.207,1.8823981764362733e-6,-8.323872163953772e-7
1.208,1.8618473566986429e-6,-8.20861289508268e-7
1.209,1.841515542074657e-6,-8.094914455360038e-7
1.21,1.821400478159681e-6,-7.982756115271706e-7
1.211,1.80149993254501e-6,-7.872117415623747e-7
1.212,1.7818116946223717e-6,-7.762978164082404e-7
1.213,1.76233357538985e-6,-7.655318431757469e-7
1.214,1.74306340725922e-6,-7.549118549828494e-7
1.215,1.723999043864696e-6,-7.444359106213337e-7
1.216,1.705138359873083e-6,-7.34102094227851e-7
1.217,1.6864792507953266e-6,-7.239085149590833e-7
1.218,1.6680196327994642e-6,-7.138533066709873e-7
1.219,1.6497574425249585e-6,-7.039346276020677e-7
1.22,1.6316906368984234e-6,-6.941506600606304e-7
1.221,1.6138171929507257e-6,-6.844996101159668e-7
1.222,1.5961351076354634e-6,-6.749797072934202e-7
1.223,1.5786423976488124e-6,-6.655892042732888e-7
1.224,1.5613370992507383e-6,-6.563263765935146e-7
1.225,1.544217268087565e-6,-6.471895223561163e-7
1.226,1.5272809790158979e-6,-6.381769619373154e-7
1.227,1.5105263259278916e-6,-6.292870377013142e-7
1.228,1.4939514215778625e-6,-6.205181137176784e-7
1.229,1.4775543974102321e-6,-6.118685754822802e-7
1.23,1.4613334033888045e-6,-6.03336829641759e-7
1.231,1.4452866078273631e-6,-5.949213037214564e-7
1.232,1.4294121972215882e-6,-5.866204458567807e-7
1.233,1.4137083760822833e-6,-5.784327245279616e-7
1.234,1.3981733667699087e-6,-5.703566282981513e-7
1.235,1.382805409330411e-6,-5.623906655548314e-7
1.236,1.3676027613323497e-6,-5.545333642544843e-7
1.237,1.3525636977053047e-6,-5.467832716704908e-7
1.238,1.3376865105795682e-6,-5.391389541442102e-7
1.239,1.3229695091271074e-6,-5.315989968392081e-7
1.24,1.3084110194037955e-6,-5.241620034985899e-7
1.241,1.2940093841929028e-6,-5.168265962054024e-7
1.242,1.279762962849841e-6,-5.095914151460671e-7
1.243,1.2656701311481556e-6,-5.024551183768044e-7
1.244,1.25172928112676e-6,-4.954163815930156e-7
1.245,1.237938820938401e-6,-4.884738979015831e-7
1.246,1.2242971746993538e-6,-4.816263775960545e-7
1.247,1.2108027823403379e-6,-4.748725479346736e-7
1.248,1.1974540994586444e-6,-4.6821115292122375e-7
1.249,1.1842495971714732e-6,-4.616409530886492e-7
1.25,1.171187761970469e-6,-4.5516072528541865e-7
1.251,1.158267095577451e-6,-4.4876926246459803e-7
1.252,1.1454861148013293e-6,-4.4246537347559885e-7
1.253,1.1328433513962018e-6,-4.3624788285856826e-7
1.254,1.1203373519206231e-6,-4.301156306413889e-7
1.255,1.1079666775980389e-6,-4.240674721392554e-7
1.256,1.0957299041783813e-6,-4.181022777567961e-7
1.257,1.0836256218008154e-6,-4.1221893279270787e-7
1.258,1.0716524348576298e-6,-4.0641633724687295e-7
1.259,1.059808961859268e-6,-4.0069340562992754e-7
1.26,1.048093835300489e-6,-3.950490667752504e-7
1.261,1.036505701527653e-6,-3.894822636533427e-7
1.262,1.0250432206071255e-6,-3.8399195318856846e-7
1.263,1.0137050661947897e-6,-3.7857710607822654e-7
1.264,1.0024899254066642e-6,-3.7323670661392476e-7
1.265,9.91396498690617e-7,-3.679697525052284e-7
1.266,9.804234996991679e-7,-3.6277525470555373e-7
1.267,9.69569655163374e-7,-3.5765223724027894e-7
1.268,9.58833704767792e-7,-3.525997370370448e-7
1.269,9.48214401026507e-7,-3.4761680375821824e-7
1.27,9.37710509160224e-7,-3.427024996354909e-7
1.271,9.273208069744143e-7,-3.3785589930658673e-7
1.272,9.170440847385089e-7,-3.330760896540519e-7
1.273,9.068791450661328e-7,-3.283621696461017e-7
1.274,8.968248027963737e-7,-3.2371325017949726e-7
1.275,8.868798848760765e-7,-3.191284539244289e-7
1.276,8.770432302431581e-7,-3.1460691517137887e-7
1.277,8.673136897109363e-7,-3.1014777967993976e-7
1.278,8.576901258534622e-7,-3.0575020452956457e-7
1.279,8.481714128918546e-7,-3.0141335797222314e-7
1.28,8.387564365816249e-7,-2.971364192869419e-7
1.281,8.294440941009877e-7,-2.929185786362031e-7
1.282,8.202332939401507e-7,-2.887590369241799e-7
1.283,8.111229557915753e-7,-2.846570056567854e-7
1.284,8.021120104412027e-7,-2.8061170680351104e-7
1.285,7.931993996606378e-7,-2.766223726610342e-7
1.286,7.843840761002847e-7,-2.726882457185706e-7
1.287,7.756650031834262e-7,-2.688085785249511e-7
1.288,7.670411550012419e-7,-2.6498263355740115e-7
1.289,7.585115162087556e-7,-2.6120968309200033e-7
1.29,7.500750819217093e-7,-2.5748900907580237e-7
1.291,7.41730857614353e-7,-2.53819903000594e-7
1.292,7.334778590181459e-7,-2.502016657782718e-7
1.293,7.253151120213619e-7,-2.466336076178179e-7
1.294,7.172416525695932e-7,-2.4311504790385266e-7
1.295,7.092565265671442e-7,-2.396453150767464e-7
1.296,7.013587897793099e-7,-2.3622374651426866e-7
1.297,6.935475077355323e-7,-2.3284968841475752e-7
1.298,6.858217556334282e-7,-2.2952249568178836e-7
1.299,6.78180618243682e-7,-2.2624153181032406e-7
1.3,6.706231898157959e-7,-2.2300616877432743e-7
1.301,6.63148573984693e-7,-2.19815786915818e-7
1.302,6.557558836781651e-7,-2.1666977483535445e-7
1.303,6.484442410251595e-7,-2.1356752928392498e-7
1.304,6.412127772648988e-7,-2.1050845505622788e-7
1.305,6.340606326568267e-7,-2.0749196488532473e-7
1.306,6.269869563913735e-7,-2.0451747933864874e-7
1.307,6.199909065015352e-7,-2.0158442671535148e-7
1.308,6.130716497752603e-7,-1.986922429449707e-7
1.309,6.062283616686373e-7,-1.9584037148740294e-7
1.31,5.99460226219877e-7,-1.9302826323416409e-7
1.311,5.927664359640835e-7,-1.902553764109221e-7
1.312,5.861461918488078e-7,-1.8752117648128513e-7
1.313,5.795987031503773e-7,-1.8482513605182985e-7
1.314,5.731231873909964e-7,-1.8216673477835383e-7
1.315,5.667188702566102e-7,-1.7954545927333685e-7
1.316,5.603849855155264e-7,-1.7696080301459548e-7
1.317,5.541207749377908e-7,-1.7441226625511613e-7
1.318,5.479254882153065e-7,-1.7189935593405154e-7
1.319,5.41798382882695e-7,-1.6942158558886577e-7
1.32,5.357387242388915e-7,-1.6697847526861377e-7
1.321,5.297457852694667e-7,-1.6456955144834024e-7
1.322,5.238188465696737e-7,-1.6219434694458445e-7
1.323,5.179571962682093e-7,-1.598524008319765e-7
1.324,5.121601299516872e-7,-1.5754325836091124e-7
1.325,5.064269505898164e-7,-1.5526647087628647e-7
1.326,5.007569684612783e-7,-1.530215957372915e-7
1.327,4.951495010802977e-7,-1.508081962382331e-7
1.328,4.896038731239018e-7,-1.4862584153038543e-7
1.329,4.841194163598614e-7,-1.4647410654485104e-7
1.33,4.786954695753092e-7,-1.4435257191642014e-7
1.331,4.733313785060284e-7,-1.4226082390841544e-7
1.332,4.6802649576640757e-7,-1.4019845433850994e-7
1.333,4.6278018078005555e-7,-1.3816506050550545e-7
1.334,4.575917997110706e-7,-1.361602451170595e-7
1.335,4.524607253959588e-7,-1.3418361621834849e-7
1.336,4.4738633727619647e-7,-1.3223478712165578e-7
1.337,4.423680213314307e-7,-1.3031337633687186e-7
1.338,4.3740517001331276e-7,-1.2841900750289612e-7
1.339,4.324971821799596e-7,-1.265513093199279e-7
1.34,4.2764346303103735e-7,-1.24709915482636e-7
1.341,4.228434240434623e-7,-1.228944646141953e-7
1.342,4.180964829077136e-7,-1.2110460020117933e-7
1.343,4.13402063464753e-7,-1.1933997052929803e-7
1.344,4.0875959564354575e-7,-1.1760022861996994e-7
1.345,4.0416851539917863e-7,-1.1588503216771802e-7
1.346,3.996282646515687e-7,-1.1419404347837875e-7
1.347,3.9513829122475905e-7,-1.1252692940811413e-7
1.348,3.9069804878679555e-7,-1.1088336130321612e-7
1.349,3.863069967901799e-7,-1.0926301494069376e-7
1.35,3.819646004128944e-7,-1.0766557046963271e-7
1.351,3.776703304999928e-7,-1.0609071235331737e-7
1.352,3.7342366350575333e-7,-1.0453812931210595e-7
1.353,3.6922408143638783e-7,-1.0300751426704882e-7
1.354,3.650710717933032e-7,-1.0149856428424059e-7
1.355,3.6096412751691e-7,-1.0001098051989661e-7
1.356,3.569027469309733e-7,-9.854446816614459e-8
1.357,3.52886433687501e-7,-9.70987363975222e-8
1.358,3.489146967121659e-7,-9.56734983181716e-8
1.359,3.4498705015025487e-7,-9.42684709097221e-8
1.36,3.4110301331314287e-7,-9.288337497985186e-8
1.361,3.372621106252854e-7,-9.15179351115203e-8
1.362,3.3346387157172557e-7,-9.017187961286232e-8
1.363,3.297078306461114e-7,-8.884494046773611e-8
1.364,3.259935272992183e-7,-8.753685328691595e-8
1.365,3.2232050588797293e-7,-8.624735725992182e-8
1.366,3.1868831562497334e-7,-8.497619510747772e-8
1.367,3.150965105285017e-7,-8.372311303459066e-8
1.368,3.115446493730243e-7,-8.24878606842421e-8
1.369,3.080322956401757e-7,-8.127019109168429e-8
1.37,3.045590174702216e-7,-8.00698606393337e-8
1.371,3.0112438761399673e-7,-7.88866290122536e-8
1.372,2.977279833853136e-7,-7.772025915421862e-8
1.373,2.943693866138374e-7,-7.657051722435355e-8
1.374,2.9104818359842356e-7,-7.543717255433904e-8
1.375,2.87763965060913e-7,-7.431999760617706e-8
1.376,2.8451632610038163e-7,-7.321876793050874e-8
1.377,2.813048661478399e-7,-7.213326212547762e-8
1.378,2.781291889213778e-7,-7.106326179613123e-8
1.379,2.7498890238175223e-7,-7.000855151435409e-8
1.38,2.7188361868841165e-7,-6.896891877932538e-8
1.381,2.6881295415595497e-7,-6.794415397849429e-8
1.382,2.657765292110203e-7,-6.693405034906677e-8
1.383,2.627739683495996e-7,-6.593840393999669e-8
1.384,2.598049000947756e-7,-6.495701357447517e-8
1.385,2.568689569548769e-7,-6.398968081291168e-8
1.386,2.539657753820478e-7,-6.303620991640029e-8
1.387,2.5109499573122853e-7,-6.209640781066525e-8
1.388,2.482562622195425e-7,-6.117008405047936e-8
1.389,2.454492228860869e-7,-6.025705078454917e-8
1.39,2.4267352955212263e-7,-5.9357122720861036e-8
1.391,2.3992883778166024e-7,-5.847011709248201e-8
1.392,2.3721480684243775e-7,-5.759585362380976e-8
1.393,2.3453109966728754e-7,-5.673415449726566e-8
1.394,2.3187738281588777e-7,-5.588484432042536e-8
1.395,2.2925332643689542e-7,-5.504775009358123e-8
1.396,2.266586042304574e-7,-5.422270117773102e-8
1.397,2.240928934110957e-7,-5.340952926298733e-8
1.398,2.2155587467096388e-7,-5.260806833740231e-8
1.399,2.1904723214347082e-7,-5.1818154656202424e-8
1.4,2.165666533672685e-7,-5.103962671142775e-8
1.401,2.1411382925060068e-7,-5.02723252019708e-8
1.402,2.1168845403600874e-7,-4.951609300400956e-8
1.403,2.0929022526539155e-7,-4.877077514182965e-8
1.404,2.069188437454161e-7,-4.803621875903067e-8
1.405,2.0457401351327543e-7,-4.7312273090111645e-8
1.406,2.0225544180279071e-7,-4.659878943243079e-8
1.407,1.9996283901085438e-7,-4.589562111853455e-8
1.408,1.9769591866421086e-7,-4.520262348885139e-8
1.409,1.954543973865719e-7,-4.45196538647454e-8
1.41,1.9323799486606332e-7,-4.3846571521925146e-8
1.411,1.91046433823e-7,-4.318323766420316e-8
1.412,1.8887943997798605e-7,-4.2529515397601506e-8
1.413,1.867367420203372e-7,-4.188526970479894e-8
1.414,1.846180715768221e-7,-4.125036741991526e-8
1.415,1.825231631807197e-7,-4.062467720362839e-8
1.416,1.8045175424118995e-7,-4.0008069518620045e-8
1.417,1.7840358501295412e-7,-3.94004166053455e-8
1.418,1.763783985662827e-7,-3.8801592458123415e-8
1.419,1.7437594075728729e-7,-3.8211472801541536e-8
1.42,1.7239596019851386e-7,-3.7629935067174096e-8
1.421,1.7043820822983455e-7,-3.705685837060696e-8
1.422,1.685024388896349e-7,-3.649212348876643e-8
1.423,1.6658840888629418e-7,-3.593561283754787e-8
1.424,1.6469587756995543e-7,-3.538721044974012e-8
1.425,1.6282460690458283e-7,-3.484680195324198e-8
1.426,1.6097436144030362e-7,-3.431427454956688e-8
1.427,1.5914490828603161e-7,-3.378951699263205e-8
1.428,1.5733601708236997e-7,-3.327241956782842e-8
1.429,1.5554745997479e-7,-3.276287407136766e-8
1.43,1.5377901158708415e-7,-3.226077378990275e-8
1.431,1.5203044899508954e-7,-3.176601348041844e-8
1.432,1.5030155170068048e-7,-3.1278489350388186e-8
1.433,1.4859210160602643e-7,-3.0798099038194056e-8
1.434,1.4690188298811345e-7,-3.0324741593806137e-8
1.435,1.4523068247352665e-7,-2.985831745971812e-8
1.436,1.4357828901349033e-7,-2.9398728452135715e-8
1.437,1.4194449385916456e-7,-2.8945877742414555e-8
1.438,1.403290905371944e-7,-2.8499669838744396e-8
1.439,1.387318748255103e-7,-2.8060010568076365e-8
1.44,1.3715264472937696e-7,-2.762680705829009e-8
1.441,1.3559120045768766e-7,-2.719996772059758e-8
1.442,1.340473443995029e-7,-2.6779402232180797e-8
1.443,1.3252088110082952e-7,-2.636502151905981e-8
1.444,1.3101161724163925e-7,-2.595673773918858e-8
1.445,1.2951936161312347e-7,-2.5554464265775375e-8
1.446,1.2804392509518233e-7,-2.515811567082485e-8
1.447,1.265851206341457e-7,-2.4767607708898997e-8
1.448,1.2514276322072388e-7,-2.438285730109395e-8
1.449,1.2371666986818578e-7,-2.4003782519229993e-8
1.45,1.223066595907622e-7,-2.3630302570251843e-8
1.451,1.2091255338227202e-7,-2.326233778083655e-8
1.452,1.1953417419496947e-7,-2.2899809582206235e-8
1.453,1.181713469186098e-7,-2.2542640495143055e-8
1.454,1.1682389835973152e-7,-2.2190754115203665e-8
1.455,1.1549165722115298e-7,-2.1844075098130647e-8
1.456,1.1417445408168126e-7,-2.150252914545827e-8
1.457,1.1287212137603114e-7,-2.1166042990310062e-8
1.458,1.1158449337495223e-7,-2.0834544383385678e-8
1.459,1.1031140616556214e-7,-2.050796207913458e-8
1.46,1.0905269763188352e-7,-2.018622582211409e-8
1.461,1.0780820743558336e-7,-1.9869266333529377e-8
1.462,1.0657777699691197e-7,-1.955701529795304e-8
1.463,1.053612494758402e-7,-1.924940535022186e-8
1.464,1.0415846975339264e-7,-1.894637006250848e-8
1.465,1.0296928441317489e-7,-1.8647843931565643e-8
1.466,1.017935417230931e-7,-1.8353762366140785e-8
1.467,1.0063109161726366e-7,-1.8064061674558697e-8
1.468,9.948178567811149e-8,-1.777867905247009e-8
1.469,9.834547711865455e-8,-1.7497552570763862e-8
1.47,9.722202076497332e-8,-1.722062116364091e-8
1.471,9.611127303886288e-8,-1.6947824616847407e-8
1.472,9.501309194066604e-8,-1.667910355606539e-8
1.473,9.392733703228577e-8,-1.6414399435458638e-8
1.474,9.285386942037486e-8,-1.615365452637177e-8
1.475,9.179255173970142e-8,-1.5896811906180572e-8
1.476,9.074324813668808e-8,-1.5643815447291555e-8
1.477,8.970582425312341e-8,-1.539460980628876e-8
1.478,8.868014721004382e-8,-1.5149140413225907e-8
1.479,8.7666085591784e-8,-1.4907353461061963e-8
1.48,8.666350943019463e-8,-1.4669195895238222e-8
1.481,8.567229018902523e-8,-1.4434615403395072e-8
1.482,8.469230074847077e-8,-1.420356040522656e-8
1.483,8.372341538988033e-8,-1.3975980042471005e-8
1.484,8.276550978062623e-8,-1.3751824169035789e-8
1.485,8.181846095913185e-8,-1.3531043341254628e-8
1.486,8.088214732005679e-8,-1.3313588808275537e-8
1.487,7.995644859963748e-8,-1.3099412502577779e-8
1.488,7.904124586118208e-8,-1.2888467030616088e-8
1.489,7.813642148071764e-8,-1.2680705663590506e-8
1.49,7.72418591327884e-8,-1.2476082328340156e-8
1.491,7.63574437764035e-8,-1.2274551598359329e-8
1.492,7.54830616411325e-8,-1.2076068684934265e-8
1.493,7.461860021334749e-8,-1.1880589428399042e-8
1.494,7.376394822261011e-8,-1.1688070289508984e-8
1.495,7.291899562820199e-8,-1.1498468340930058e-8
1.496,7.208363360579727e-8,-1.1311741258842716e-8
1.497,7.125775453427578e-8,-1.112784731465866e-8
1.498,7.044125198267531e-8,-1.094674536684906e-8
1.499,6.963402069728157e-8,-1.076839485288274e-8
1.5,6.883595658885472e-8,-1.0592755781272865e-8
1.501,6.804695671999066e-8,-1.0419788723730734e-8
1.502,6.726691929261607e-8,-1.02494548074252e-8
1.503,6.649574363561558e-8,-1.0081715707346392e-8
1.504,6.57333301925899e-8,-9.916533638772298e-9
1.505,6.497958050974352e-8,-9.753871349836879e-9
1.506,6.423439722390063e-8,-9.593692114198367e-9
1.507,6.349768405064793e-8,-9.435959723806412e-9
1.508,6.276934577260324e-8,-9.28063848176677e-9
1.509,6.20492882278082e-8,-9.127693195302253e-9
1.51,6.133741829824435e-8,-8.977089168808642e-9
1.511,6.063364389847085e-8,-8.828792197004333e-9
1.512,5.99378739643828e-8,-8.682768558172437e-9
1.513,5.9250018442089025e-8,-8.538985007494158e-9
1.514,5.856998827690784e-8,-8.397408770472182e-9
1.515,5.7897695402479833e-8,-8.258007536442924e-9
1.516,5.7233052729996324e-8,-8.120749452176444e-9
1.517,5.657597413754239e-8,-7.985603115562853e-9
1.518,5.5926374459553173e-8,-7.85253756938409e-9
1.519,5.5284169476382505e-8,-7.721522295169905e-9
1.52,5.464927590398243e-8,-7.592527207136941e-9
1.521,5.402161138369275e-8,-7.465522646209838e-9
1.522,5.340109447213926e-8,-7.3404793741232225e-9
1.523,5.278764463123967e-8,-7.217368567603538e-9
1.524,5.218118221831606e-8,-7.096161812629652e-9
1.525,5.1581628476312764e-8,-6.9768310987711845e-9
1.526,5.0988905524118637e-8,-6.859348813603529e-9
1.527,5.0402936346992596e-8,-6.743687737198545e-9
1.528,4.982364478709136e-8,-6.629821036689917e-9
1.529,4.925095553409839e-8,-6.517722260912179e-9
1.53,4.8684794115952864e-8,-6.40736533511244e-9
1.531,4.812508688967785e-8,-6.298724555733823e-9
1.532,4.7571761032306436e-8,-6.191774585269676e-9
1.533,4.702474453190494e-8,-6.0864904471876065e-9
1.534,4.6483966178692165e-8,-5.982847520922416e-9
1.535,4.5949355556253704e-8,-5.880821536937003e-9
1.536,4.542084303285027e-8,-5.780388571850347e-9
1.537,4.489835975281912e-8,-5.681525043631661e-9
1.538,4.438183762806765e-8,-5.584207706859844e-9
1.539,4.387120932965807e-8,-5.488413648047353e-9
1.54,4.336640827948235e-8,-5.39412028102764e-9
1.541,4.2867368642026444e-8,-5.301305342405315e-9
1.542,4.2374025316222834e-8,-5.209946887068168e-9
1.543,4.188631392739053e-8,-5.120023283760261e-9
1.544,4.1404170819261615e-8,-5.031513210715255e-9
1.545,4.092753304609335e-8,-4.94439565134916e-9
1.546,4.045633836486508e-8,-4.8586498900117394e-9
1.547,3.999052522755895e-8,-4.774255507795757e-9
1.548,3.95300327735236e-8,-4.691192378403315e-9
1.549,3.907480082191999e-8,-4.609440664068509e-9
1.55,3.862476986424844e-8,-4.528980811535648e-9
1.551,3.817988105695615e-8,-4.4497935480923e-9
1.552,3.774007621412417e-8,-4.371859877656426e-9
1.553,3.730529780023322e-8,-4.295161076916881e-9
1.554,3.6875488923007377e-8,-4.2196786915265695e-9
1.555,3.645059332633483e-8,-4.145394532347541e-9
1.556,3.6030555383264966e-8,-4.072290671747346e-9
1.557,3.5615320089080954e-8,-4.000349439945953e-9
1.558,3.520483305444699e-8,-3.929553421412555e-9
1.559,3.47990404986295e-8,-3.85988545131159e-9
1.56,3.4397889242791475e-8,-3.791328611997334e-9
1.561,3.4001326703359185e-8,-3.7238662295563866e-9
1.562,3.360930088546049e-8,-3.657481870397439e-9
1.563,3.3221760376434095e-8,-3.592159337887666e-9
1.564,3.283865433940882e-8,-3.527882669035125e-9
1.565,3.2459932506952335e-8,-3.4646361312165495e-9
1.566,3.2085545174788535e-8,-3.402404218949922e-9
1.567,3.1715443195582854e-8,-3.341171650711223e-9
1.568,3.1349577972794775e-8,-3.280923365794774e-9
1.569,3.098790145459688e-8,-3.221644521216573e-9
1.57,3.0630366127859744e-8,-3.163320488660061e-9
1.571,3.0276925012201867e-8,-3.105936851463739e-9
1.572,2.992753165410412e-8,-3.049479401650075e-9
1.573,2.9582140121087934e-8,-2.993934136995151e-9
1.574,2.924070499595653e-8,-2.939287258138493e-9
1.575,2.890318137109863e-8,-2.8855251657325565e-9
1.576,2.856952484285387e-8,-2.832634457631318e-9
1.577,2.8239691505939375e-8,-2.7806019261174613e-9
1.578,2.7913637947936757e-8,-2.7294145551676307e-9
1.579,2.7591321243838966e-8,-2.6790595177552423e-9
1.58,2.7272698950656306e-8,-2.629524173190341e-9
1.581,2.695772910208105e-8,-2.5807960644960172e-9
1.582,2.664637020320998e-8,-2.5328629158208785e-9
1.583,2.6338581225324264e-8,-2.4857126298870944e-9
1.584,2.603432160072606e-8,-2.439333285473539e-9
1.585,2.5733551217631262e-8,-2.393713134933551e-9
1.586,2.543623041511776e-8,-2.3488406017468513e-9
1.587,2.514231997812864e-8,-2.3047042781051535e-9
1.588,2.485178113252977e-8,-2.2612929225310113e-9
1.589,2.456457554022114e-8,-2.2185954575294624e-9
1.59,2.4280665294301435e-8,-2.176600967272012e-9
1.591,2.4000012914285266e-8,-2.135298695312539e-9
1.592,2.372258134137244e-8,-2.0946780423346714e-9
1.593,2.344833393376885e-8,-2.0547285639302256e-9
1.594,2.3177234462058258e-8,-2.0154399684082786e-9
1.595,2.290924710462461e-8,-1.976802114634461e-9
1.596,2.264433644312421e-8,-1.9388050099000672e-9
1.597,2.2382467458007286e-8,-1.901438807820571e-9
1.598,2.2123605524088414e-8,-1.8646938062631586e-9
1.599,2.1867716406165268e-8,-1.8285604453028808e-9
1.6,2.16147662546852e-8,-1.7930293052070363e-9
1.601,2.1364721601459114e-8,-1.7580911044474092e-9
1.602,2.1117549355422168e-8,-1.7237366977399776e-9
1.603,2.087321679844075e-8,-1.6899570741117277e-9
1.604,2.0631691581165293e-8,-1.6567433549942008e-9
1.605,2.0392941718928406e-8,-1.6240867923434135e-9
1.606,2.0156935587687836e-8,-1.5919787667857958e-9
1.607,1.9923641920013797e-8,-1.5604107857897886e-9
1.608,1.96930298011202e-8,-1.5293744818627609e-9
1.609,1.946506866493926e-8,-1.4988616107728961e-9
1.61,1.923972829023911e-8,-1.4688640497957127e-9
1.611,1.901697879678387e-8,-1.439373795984884e-9
1.612,1.8796790641535768e-8,-1.410382964467028e-9
1.613,1.857913461489886e-8,-1.3818837867601415e-9
1.614,1.8363981837003884e-8,-1.3538686091153564e-9
1.615,1.8151303754033814e-8,-1.326329890881704e-9
1.616,1.794107213458971e-8,-1.2992602028935733e-9
1.617,1.773325906609636e-8,-1.2726522258805532e-9
1.618,1.7527836951247382e-8,-1.2464987488993599e-9
1.619,1.7324778504489263e-8,-1.2207926677875417e-9
1.62,1.712405674854402e-8,-1.1955269836386731e-9
1.621,1.6925645010969968e-8,-1.1706948012987388e-9
1.622,1.6729516920760263e-8,-1.1462893278834248e-9
1.623,1.653564640497878e-8,-1.1223038713160295e-9
1.624,1.6344007685432927e-8,-1.0987318388857134e-9
1.625,1.6154575275383002e-8,-1.0755667358258142e-9
1.626,1.59673239762877e-8,-1.0528021639119493e-9
1.627,1.578222887458539e-8,-1.0304318200796407e-9
1.628,1.5599265338510746e-8,-1.0084494950611924e-9
1.629,1.5418409014946413e-8,-9.868490720415611e-10
1.63,1.523963582630924e-8,-9.656245253329594e-10
1.631,1.506292196747082e-8,-9.44769919067938e-10
1.632,1.488824390271185e-8,-9.24279405910691e-10
1.633,1.471557836271005e-8,-9.041472257863421e-10
1.634,1.454490234156121e-8,-8.84367704627959e-10
1.635,1.4376193093833036e-8,-8.649352531410608e-10
1.636,1.4209428131651438e-8,-8.458443655853747e-10
1.637,1.4044585221818921e-8,-8.270896185736082e-10
1.638,1.3881642382964692e-8,-8.086656698870068e-10
1.639,1.3720577882726204e-8,-7.905672573074628e-10
1.64,1.3561370234961742e-8,-7.727891974659532e-10
1.641,1.340399819699374e-8,-7.553263847070831e-10
1.642,1.3248440766882504e-8,-7.381737899695112e-10
1.643,1.309467718072999e-8,-7.213264596820449e-10
1.644,1.294268691001333e-8,-7.047795146751863e-10
1.645,1.2792449658947791e-8,-6.885281491079209e-10
1.646,1.264394536187881e-8,-6.725676294095387e-10
1.647,1.2497154180702845e-8,-6.568932932362822e-10
1.648,1.2352056502316688e-8,-6.415005484426184e-10
1.649,1.2208632936094948e-8,-6.263848720669353e-10
1.65,1.2066864311395402e-8,-6.11541809331463e-10
1.651,1.1926731675091901e-8,-5.969669726562271e-10
1.652,1.178821628913455e-8,-5.826560406868408e-10
1.653,1.1651299628136839e-8,-5.686047573359455e-10
1.654,1.1515963376989465e-8,-5.548089308381136e-10
1.655,1.1382189428500536e-8,-5.412644328180287e-10
1.656,1.1249959881061864e-8,-5.279671973717599e-10
1.657,1.1119257036341093e-8,-5.149132201609526e-10
1.658,1.099006339699935e-8,-5.020985575197561e-10
1.659,1.0862361664434158e-8,-4.895193255743146e-10
1.66,1.0736134736547337e-8,-4.77171699374649e-10
1.661,1.0611365705537616e-8,-4.6505191203875794e-10
1.662,1.0488037855717693e-8,-4.531562539087718e-10
1.663,1.0366134661355467e-8,-4.414810717189927e-10
1.664,1.0245639784539199e-8,-4.300227677756579e-10
1.665,1.0126537073066318e-8,-4.1877779914826463e-10
1.666,1.0008810558355626e-8,-4.077426768722977e-10
1.667,9.89244445338267e-9,-3.9691396516320285e-10
1.668,9.777423150637959e-9,-3.862882806414511e-10
1.669,9.663731220107884e-9,-3.758622915685412e-10
1.67,9.551353407277987e-9,-3.6563271709378925e-10
1.671,9.440274631158407e-9,-3.555963265117581e-10
1.672,9.33047998233123e-9,-3.457499385301778e-10
1.673,9.22195472101951e-9,-3.3609042054821476e-10
1.674,9.114684275177744e-9,-3.2661468794494497e-10
1.675,9.008654238603514e-9,-3.173197033778918e-10
1.676,8.903850369070142e-9,-3.0820247609148906e-10
1.677,8.800258586480051e-9,-2.9926006123533217e-10
1.678,8.697864971038677e-9,-2.9048955919208256e-10
1.679,8.59665576144864e-9,-2.818881149148921e-10
1.68,8.496617353124011e-9,-2.7345291727421546e-10
1.681,8.397736296424413e-9,-2.6518119841388177e-10
1.682,8.299999294908777e-9,-2.5707023311629627e-10
1.683,8.203393203608498e-9,-2.491173381766468e-10
1.684,8.107905027319804e-9,-2.413198717859902e-10
1.685,8.013521918915137e-9,-2.336752329230955e-10
1.686,7.920231177673307e-9,-2.261808607549236e-10
1.687,7.828020247628236e-9,-2.1883423404562256e-10
1.688,7.73687671593609e-9,-2.116328705739222e-10
1.689,7.646788311260583e-9,-2.0457432655881014e-10
1.69,7.557742902176264e-9,-1.976561960933759e-10
1.691,7.469728495589593e-9,-1.9087611058670875e-10
1.692,7.382733235177602e-9,-1.842317382137387e-10
1.693,7.296745399843952e-9,-1.7772078337290944e-10
1.694,7.211753402192204e-9,-1.713409861515757e-10
1.695,7.127745787016096e-9,-1.6509012179901698e-10
1.696,7.04471122980666e-9,-1.589660002069625e-10
1.697,6.9626385352759856e-9,-1.5296646539752277e-10
1.698,6.88151663589744e-9,-1.470893950184253e-10
1.699,6.801334590462179e-9,-1.4133269984545252e-10
1.7,6.722081582651762e-9,-1.3569432329198242e-10
1.701,6.643746919626689e-9,-1.3017224092553267e-10
1.702,6.566320030630697e-9,-1.2476445999121116e-10
1.703,6.4897904656106335e-9,-1.1946901894197688e-10
1.704,6.4141478938517414e-9,-1.1428398697561636e-10
1.705,6.3393821026281786e-9,-1.0920746357834228e-10
1.706,6.265482995868614e-9,-1.0423757807492195e-10
1.707,6.192440592836731e-9,-9.937248918524503e-11
1.708,6.120245026826469e-9,-9.461038458724038e-11
1.709,6.04888654387185e-9,-8.994948048605411e-11
1.71,5.978355501471223e-9,-8.538802118940112e-11
1.711,5.908642367325768e-9,-8.092427868900436e-11
1.712,5.839737718092108e-9,-7.65565522480368e-11
1.713,5.7716322381488714e-9,-7.228316799448241e-11
1.714,5.704316718377046e-9,-6.810247852033363e-11
1.715,5.6377820549539745e-9,-6.401286248654372e-11
1.716,5.572019248160856e-9,-6.001272423365387e-11
1.717,5.507019401203577e-9,-5.610049339801554e-11
1.718,5.442773719046749e-9,-5.227462453353021e-11
1.719,5.379273507260797e-9,-4.8533596738829064e-11
1.72,5.316510170881956e-9,-4.487591328981692e-11
1.721,5.254475213285034e-9,-4.130010127750511e-11
1.722,5.193160235068796e-9,-3.780471125105955e-11
1.723,5.1325569329538455e-9,-3.4388316865990907e-11
1.724,5.072657098692836e-9,-3.104951453741493e-11
1.725,5.0134526179929165e-9,-2.7786923098311953e-11
1.726,4.954935469450231e-9,-2.4599183462715624e-11
1.727,4.8970977234963834e-9,-2.1484958293761674e-11
1.728,4.839931541356697e-9,-1.8442931676528746e-11
1.729,4.783429174020165e-9,-1.547180879560404e-11
1.73,4.727582961220954e-9,-1.2570315617307544e-11
1.731,4.672385330431322e-9,-9.737198576509492e-12
1.732,4.617828795865849e-9,-6.971224267976606e-12
1.733,4.563905957496827e-9,-4.271179142183547e-12
1.734,4.510609500080715e-9,-1.6358692055268999e-12
1.735,4.457932192195501e-9,9.358802751201753e-13
1.736,4.4058668852888985e-9,3.4452250635735805e-12
1.737,4.354406512737199e-9,5.893302241284377e-12
1.738,4.303544088914723e-9,8.281230490124655e-12
1.739,4.253272708273698e-9,1.0610110371071686e-11
1.74,4.20358554443449e-9,1.2881024598848072e-11
1.741,4.154475849286049e-9,1.5095038312574787e-11
1.742,4.105936952096462e-9,1.7253199342493248e-11
1.743,4.057962258633509e-9,1.9356538472811805e-11
1.744,4.010545250295097e-9,2.140606970073116e-11
1.745,3.963679483249473e-9,2.3402790491702696e-11
1.746,3.917358587585109e-9,2.5347682030972668e-11
1.747,3.871576266470142e-9,2.724170947146476e-11
1.748,3.826326295321268e-9,2.9085822178052577e-11
1.749,3.7816025209819915e-9,3.0880953968273076e-11
1.75,3.7373988609101165e-9,3.26280233495311e-11
1.751,3.693709302374378e-9,3.432793375284464e-11
1.752,3.6505279016601246e-9,3.598157376317967e-11
1.753,3.6078487832839336e-9,3.758981734642268e-11
1.754,3.5656661392170714e-9,3.915352407303855e-11
1.755,3.523974228117698e-9,4.067353933846053e-11
1.756,3.4827673745717197e-9,4.215069458025863e-11
1.757,3.442039968342188e-9,4.358580749213192e-11
1.758,3.4017864636271597e-9,4.4979682234769826e-11
1.759,3.362001378325916e-9,4.633310964362661e-11
1.76,3.322679293313448e-9,4.7646867433652873e-11
1.761,3.2838148517231247e-9,4.892172040102713e-11
1.762,3.2454027582374414e-9,5.0158420621930035e-11
1.763,3.207437778386767e-9,5.1357707648403164e-11
1.764,3.1699147378559974e-9,5.252030870133369e-11
1.765,3.132828521799028e-9,5.364693886060579e-11
1.766,3.096174074160958e-9,5.473830125245897e-11
1.767,3.0599463970079414e-9,5.579508723409294e-11
1.768,3.024140549864596e-9,5.681797657555823e-11
1.769,2.9887516490588936e-9,5.7807637638971075e-11
1.77,2.9537748670744386e-9,5.87647275550906e-11
1.771,2.9192054319100605e-9,5.968989239729581e-11
1.772,2.8850386264466353e-9,6.058376735299941e-11
1.773,2.8512697878210544e-9,6.144697689253498e-11
1.774,2.817894306807265e-9,6.228013493555326e-11
1.775,2.784907627204298e-9,6.308384501496335e-11
1.776,2.7523052452312117e-9,6.385870043845354e-11
1.777,2.720082708928867e-9,6.460528444762632e-11
1.778,2.6882356175684655e-9,6.532417037478174e-11
1.779,2.6567596210667675e-9,6.601592179738241e-11
1.78,2.625650419407922e-9,6.668109269023355e-11
1.781,2.594903762071831e-9,6.732022757541027e-11
1.782,2.564515447468975e-9,6.793386166996469e-11
1.783,2.5344813223816302e-9,6.852252103144434e-11
1.784,2.5047972814114056e-9,6.908672270125326e-11
1.785,2.4754592664330242e-9,6.96269748458864e-11
1.786,2.4464632660542866e-9,7.014377689606824e-11
1.787,2.4178053150821418e-9,7.063761968382493e-11
1.788,2.3894814939948023e-9,7.110898557752015e-11
1.789,2.3614879284198265e-9,7.155834861488348e-11
1.79,2.3338207886181163e-9,7.198617463406013e-11
1.791,2.306476288973747e-9,7.239292140271045e-11
1.792,2.2794506874895805e-9,7.277903874518703e-11
1.793,2.252740285288582e-9,7.314496866781718e-11
1.794,2.2263414261207905e-9,7.34911454823177e-11
1.795,2.2002504958758684e-9,7.381799592736901e-11
1.796,2.174463922101173e-9,7.412593928837484e-11
1.797,2.1489781735252904e-9,7.441538751543372e-11
1.798,2.1237897595869647e-9,7.468674533954785e-11
1.799,2.0988952299693665e-9,7.494041038709479e-11
1.8,2.074291174139638e-9,7.517677329258681e-11
1.801,2.049974220893662e-9,7.539621780974266e-11
1.802,2.0259410379059834e-9,7.559912092089609e-11
1.803,2.002188331284841e-9,7.57858529447648e-11
1.804,1.978712845132242e-9,7.595677764260382e-11
1.805,1.9555113611090232e-9,7.611225232276632e-11
1.806,1.9325806980048496e-9,7.625262794369484e-11
1.807,1.909917711313088e-9,7.637824921536577e-11
1.808,1.887519292810504e-9,7.648945469920915e-11
1.809,1.8653823701417296e-9,7.658657690652598e-11
1.81,1.8435039064084433e-9,7.666994239542463e-11
1.811,1.8218808997632162e-9,7.673987186629778e-11
1.812,1.8005103830079658e-9,7.679668025586103e-11
1.813,1.7793894231969704e-9,7.684067682977387e-11
1.814,1.7585151212443882e-9,7.687216527386366e-11
1.815,1.7378846115362364e-9,7.689144378397271e-11
1.816,1.717495061546774e-9,7.689880515444843e-11
1.817,1.6973436714592447e-9,7.689453686529624e-11
1.818,1.677427673790925e-9,7.687892116801461e-11
1.819,1.6577443330224346e-9,7.685223517013132e-11
1.82,1.6382909452312587e-9,7.681475091845968e-11
1.821,1.6190648377294331e-9,7.676673548109357e-11
1.822,1.6000633687053489e-9,7.670845102815922e-11
1.823,1.5812839268696287e-9,7.66401549113421e-11
1.824,1.562723931105028e-9,7.656209974220654e-11
1.825,1.544380830120317e-9,7.647453346932574e-11
1.826,1.5262521021080994e-9,7.637769945423938e-11
1.827,1.508335254406521e-9,7.627183654625591e-11
1.828,1.490627823164828e-9,7.615717915611636e-11
1.829,1.4731273730127278e-9,7.603395732853628e-11
1.83,1.455831496733513e-9,7.590239681364204e-11
1.831,1.4387378149409033e-9,7.576271913731766e-11
1.832,1.4218439757595664e-9,7.561514167047821e-11
1.833,1.4051476545092735e-9,7.545987769728516e-11
1.834,1.3886465533926508e-9,7.529713648231927e-11
1.835,1.372338401186485e-9,7.512712333672631e-11
1.836,1.3562209529365437e-9,7.495003968335051e-11
1.837,1.3402919896558708e-9,7.476608312087055e-11
1.838,1.3245493180265175e-9,7.457544748695266e-11
1.839,1.3089907701046706e-9,7.437832292043535e-11
1.84,1.2936142030291395e-9,7.417489592255968e-11
1.841,1.2784174987331634e-9,7.396534941725936e-11
1.842,1.263398563659504e-9,7.374986281052417e-11
1.843,1.2485553284787828e-9,7.352861204885045e-11
1.844,1.2338857478110283e-9,7.330176967679202e-11
1.845,1.2193877999503985e-9,7.306950489362472e-11
1.846,1.2050594865930393e-9,7.28319836091375e-11
1.847,1.1908988325680468e-9,7.25893684985631e-11
1.848,1.1769038855714966e-9,7.234181905666063e-11
1.849,1.1630727159035052e-9,7.208949165096292e-11
1.85,1.1494034162082915e-9,7.183253957420058e-11
1.851,1.1358941012172014e-9,7.157111309591502e-11
1.852,1.1225429074946648e-9,7.13053595132725e-11
1.853,1.1093479931870508e-9,7.103542320109064e-11
1.854,1.0963075377743875e-9,7.076144566108945e-11
1.855,1.0834197418249152e-9,7.048356557037786e-11
1.856,1.0706828267524416e-9,7.020191882918737e-11
1.857,1.0580950345764651e-9,6.991663860786374e-11
1.858,1.0456546276850368e-9,6.962785539312778e-11
1.859,1.0333598886003297e-9,6.933569703361593e-11
1.86,1.0212091197468844e-9,6.904028878471145e-11
1.861,1.0092006432225018e-9,6.874175335267653e-11
1.862,9.973328005717503e-10,6.844021093809573e-11
1.863,9.856039525620625e-10,6.813577927864102e-11
1.864,9.740124789623866e-10,6.78285736911684e-11
1.865,9.62556778324369e-10,6.751870711315593e-11
1.866,9.512352677660355e-10,6.720629014349319e-11
1.867,9.400463827579441e-10,6.689143108263141e-11
1.868,9.289885769117823e-10,6.657423597210417e-11
1.869,9.180603217713798e-10,6.625480863342775e-11
1.87,9.072601066061111e-10,6.593325070639039e-11
1.871,8.965864382066584e-10,6.560966168673966e-11
1.872,8.8603784068311e-10,6.528413896327675e-11
1.873,8.756128552653681e-10,6.49567778543666e-11
1.874,8.65310040105837e-10,6.462767164387263e-11
1.875,8.551279700843705e-10,6.429691161652437e-11
1.876,8.450652366154478e-10,6.39645870927269e-11
1.877,8.351204474575563e-10,6.36307854628199e-11
1.878,8.252922265247552e-10,6.329559222079496e-11
1.879,8.155792137003945e-10,6.295909099747912e-11
1.88,8.059800646529661e-10,6.262136359319235e-11
1.881,7.964934506540617e-10,6.228249000988734e-11
1.882,7.871180583984148e-10,6.194254848277876e-11
1.883,7.778525898260021e-10,6.160161551147029e-11
1.884,7.686957619461816e-10,6.125976589058625e-11
1.885,7.596463066638445e-10,6.091707273991585e-11
1.886,7.507029706075563e-10,6.057360753407694e-11
1.887,7.418645149596678e-10,6.022944013170681e-11
1.888,7.331297152883702e-10,5.98846388041868e-11
1.889,7.244973613816745e-10,5.953927026390805e-11
1.89,7.159662570832928e-10,5.919339969208506e-11
1.891,7.075352201303986e-10,5.884709076612399e-11
1.892,6.992030819932482e-10,5.850040568655231e-11
1.893,6.909686877166366e-10,5.8153405203516424e-11
1.894,6.828308957631734e-10,5.780614864285394e-11
1.895,6.74788577858353e-10,5.745869393174668e-11
1.896,6.668406188374007e-10,5.7111097623961074e-11
1.897,6.589859164938756e-10,5.6763414924681974e-11
1.898,6.512233814300077e-10,5.641569971494611e-11
1.899,6.435519369087522e-10,5.606800457568121e-11
1.9,6.359705187075395e-10,5.572038081135673e-11
1.901,6.284780749737023e-10,5.537287847325217e-11
1.902,6.210735660815618e-10,5.5025546382348616e-11
1.903,6.137559644911518e-10,5.467843215184937e-11
1.904,6.065242546085644e-10,5.433158220933516e-11
1.905,5.993774326478979e-10,5.398504181855958e-11
1.906,5.923145064947875e-10,5.363885510089017e-11
1.907,5.85334495571504e-10,5.3293065056400505e-11
1.908,5.784364307035982e-10,5.2947713584618674e-11
1.909,5.716193539880781e-10,5.2602841504937254e-11
1.91,5.648823186630979e-10,5.225848857669009e-11
1.911,5.582243889791429e-10,5.191469351890081e-11
1.912,5.516446400716941e-10,5.157149402970815e-11
1.913,5.451421578353539e-10,5.1228926805473035e-11
1.914,5.38716038799418e-10,5.088702755957223e-11
1.915,5.323653900048754e-10,5.0545831040883356e-11
1.916,5.260893288828221e-10,5.020537105196607e-11
1.917,5.198869831342701e-10,4.9865680466943855e-11
1.918,5.137574906113386e-10,4.9526791249091307e-11
1.919,5.076999991998083e-10,4.9188734468131086e-11
1.92,5.017136667030276e-10,4.8851540317245286e-11
1.921,4.957976607271497e-10,4.851523812980541e-11
1.922,4.899511585676911e-10,4.817985639582535e-11
1.923,4.841733470973932e-10,4.78454227781416e-11
1.924,4.784634226553717e-10,4.7511964128324906e-11
1.925,4.728205909375421e-10,4.717950650232749e-11
1.926,4.672440668883033e-10,4.684807517586991e-11
1.927,4.6173307459346716e-10,4.6517694659571595e-11
1.928,4.562868471744199e-10,4.6188388713828884e-11
1.929,4.5090462668349943e-10,4.58601803634447e-11
1.93,4.4558566400057643e-10,4.5533091912013456e-11
1.931,4.403292187308252e-10,4.520714495606509e-11
1.932,4.351345591036701e-10,4.488236039897199e-11
1.933,4.300009618728945e-10,4.455875846462235e-11
1.934,4.249277122178991e-10,4.42363587108637e-11
1.935,4.199141036460965e-10,4.391518004272012e-11
1.936,4.149594378964287e-10,4.359524072538663e-11
1.937,4.100630248439949e-10,4.3276558397004225e-11
1.938,4.052241824057774e-10,4.295915008121904e-11
1.939,4.0044223644745217e-10,4.264303219952885e-11
1.94,3.957165206912724e-10,4.232822058342032e-11
1.941,3.910463766250125e-10,4.201473048630029e-11
1.942,3.8643115341196047e-10,4.1702576595224205e-11
1.943,3.8187020780194676e-10,4.139177304242491e-11
1.944,3.7736290404339756e-10,4.1082333416644934e-11
1.945,3.729086137964011e-10,4.077427077427529e-11
1.946,3.685067160467752e-10,4.0467597650303916e-11
1.947,3.641565970211244e-10,4.016232606907656e-11
1.948,3.598576501028763e-10,3.985846755487324e-11
1.949,3.5560927574928434e-10,3.9556033142303016e-11
1.95,3.5141088140938783e-10,3.925503338652005e-11
1.951,3.4726188144291644e-10,3.8955478373263624e-11
1.952,3.431616970401299e-10,3.865737772872503e-11
1.953,3.3910975614258135e-10,3.8360740629243896e-11
1.954,3.351054933647939e-10,3.8065575810836805e-11
1.955,3.3114834991683995e-10,3.7771891578560696e-11
1.956,3.2723777352781353e-10,3.7479695815713745e-11
1.957,3.233732183701844e-10,3.718899599287623e-11
1.958,3.1955414498502457e-10,3.6899799176793994e-11
1.959,3.1578002020809714e-10,3.6612112039106884e-11
1.96,3.1205031709679757e-10,3.63259408649247e-11
1.961,3.083645148579372e-10,3.604129156125302e-11
1.962,3.0472209877636015e-10,3.5758169665271366e-11
1.963,3.0112256014438336e-10,3.547658035246588e-11
1.964,2.9756539619205106e-10,3.5196528444619044e-11
1.965,2.940501100181932e-10,3.4918018417658536e-11
1.966,2.905762105222802e-10,3.4641054409367546e-11
1.967,2.8714321233706335e-10,3.436564022695873e-11
1.968,2.837506357619931e-10,3.409177935451402e-11
1.969,2.803980066974054e-10,3.3819474960292345e-11
1.97,2.77084856579468e-10,3.3548729903907514e-11
1.971,2.738107223158774e-10,3.32795467433781e-11
1.972,2.7057514622229847e-10,3.301192774205169e-11
1.973,2.673776759595376e-10,3.2745874875405197e-11
1.974,2.6421786447144146e-10,3.248138983772346e-11
1.975,2.6109526992351286e-10,3.221847404865795e-11
1.976,2.5800945564223525e-10,3.195712865966755e-11
1.977,2.549599900550985e-10,3.1697354560343316e-11
1.978,2.5194644663131683e-10,3.143915238461908e-11
1.979,2.4896840382323187e-10,3.1182522516869684e-11
1.98,2.4602544500839263e-10,3.092746509789876e-11
1.981,2.4311715843230435e-10,3.067398003081773e-11
1.982,2.402431371518395e-10,3.04220669868179e-11
1.983,2.374029789793016e-10,3.01717254108372e-11
1.984,2.3459628642713677e-10,2.992295452712351e-11
1.985,2.318226666532831e-10,2.967575334469605e-11
1.986,2.2908173140715238e-10,2.943012066270656e-11
1.987,2.2637309697623592e-10,2.9186055075701976e-11
1.988,2.2369638413332765e-10,2.8943554978790022e-11
1.989,2.2105121808435766e-10,2.8702618572709507e-11
1.99,2.184372284168283e-10,2.84632438688067e-11
1.991,2.158540490488471e-10,2.8225428693919437e-11
1.992,2.1330131817874874e-10,2.7989170695170433e-11
1.993,2.1077867823529971e-10,2.7754467344671218e-11
1.994,2.0828577582847888e-10,2.75213159441383e-11
1.995,2.0582226170082735e-10,2.7289713629422817e-11
1.996,2.0338779067936123e-10,2.7059657374955285e-11
1.997,2.009820216280404e-10,2.6831143998106662e-11
1.998,1.9860461740078758e-10,2.6604170163467233e-11
1.999,1.9625524479505056e-10,2.6378732387044602e-11
2.0,1.9393357450590222e-10,2.6154827040382156e-11
2.001,1.9163928108067132e-10,2.593245035459927e-11
2.002,1.8937204287409868e-10,2.5711598424354614e-11
2.003,1.8713154200401214e-10,2.5492267211733774e-11
2.004,1.8491746430751474e-10,2.5274452550062462e-11
2.005,1.8272949929768002e-10,2.5058150147646566e-11
2.006,1.8056734012074866e-10,2.4843355591440215e-11
2.007,1.7843068351382065e-10,2.4630064350643097e-11
2.008,1.7631922976303741e-10,2.4418271780228182e-11
2.009,1.7423268266224813e-10,2.4207973124401016e-11
2.01,1.721707494721546e-10,2.3999163519991734e-11
2.011,1.7013314087992957e-10,2.3791837999780904e-11
2.012,1.6811957095930246e-10,2.3585991495760324e-11
2.013,1.6612975713110767e-10,2.338161884232984e-11
2.014,1.6416342012428972e-10,2.3178714779431284e-11
2.015,1.6222028393736024e-10,2.2977273955620575e-11
2.016,1.603000758003016e-10,2.2777290931079015e-11
2.017,1.5840252613691172e-10,2.257876018056481e-11
2.018,1.565273685275856e-10,2.238167609630584e-11
2.019,1.5467433967252767e-10,2.218603299083464e-11
2.02,1.52843179355391e-10,2.1991825099766603e-11
2.021,1.5103363040733758e-10,2.1799046584522327e-11
2.022,1.4924543867151537e-10,2.160769153499508e-11
2.023,1.4747835296794708e-10,2.1417753972164327e-11
2.024,1.457321250588261e-10,2.1229227850656196e-11
2.025,1.4400650961421453e-10,2.1042107061251817e-11
2.026,1.423012641781394e-10,2.085638543334441e-11
2.027,1.406161491350814e-10,2.067205673734601e-11
2.028,1.3895092767685296e-10,2.048911468704467e-11
2.029,1.3730536576985978e-10,2.0307552941913017e-11
2.03,1.3567923212274255e-10,2.0127365109368955e-11
2.031,1.340722981543938e-10,1.9948544746989393e-11
2.032,1.3248433796234578e-10,1.9771085364677753e-11
2.033,1.3091512829152513e-10,1.959498042678607e-11
2.034,1.2936444850336997e-10,1.9420223354192504e-11
2.035,1.278320805453054e-10,1.9246807526334985e-11
2.036,1.263178089205732e-10,1.9074726283201758e-11
2.037,1.2482142065841148e-10,1.8903972927279602e-11
2.038,1.2334270528458073e-10,1.8734540725460458e-11
2.039,1.2188145479223158e-10,1.8566422910907132e-11
2.04,1.2043746361311096e-10,1.8399612684878872e-11
2.041,1.190105285891024e-10,1.823410321851745e-11
2.042,1.1760044894409674e-10,1.806988765459447e-11
2.043,1.1620702625618937e-10,1.7906959109220568e-11
2.044,1.1483006443020034e-10,1.7745310673517203e-11
2.045,1.134693696705135e-10,1.758493541525165e-11
2.046,1.1212475045423101e-10,1.7425826380435873e-11
2.047,1.1079601750463975e-10,1.72679765948899e-11
2.048,1.0948298376498567e-10,1.7111379065770356e-11
2.049,1.0818546437255298e-10,1.6956026783064717e-11
2.05,1.069032766330442e-10,1.680191272105195e-11
2.051,1.0563623999525798e-10,1.6649029839730087e-11
2.052,1.0438417602606109e-10,1.6497371086211373e-11
2.053,1.0314690838565104e-10,1.634692939608549e-11
2.054,1.0192426280310631e-10,1.6197697694751528e-11
2.055,1.0071606705222056e-10,1.6049668898719158e-11
2.056,9.952215092761769e-11,1.5902835916879642e-11
2.057,9.834234622114449e-11,1.575719165174716e-11
2.058,9.717648669853767e-11,1.5612729000671037e-11
2.059,9.602440807636201e-11,1.546944085701937e-11
2.06,9.488594799921673e-11,1.532732011133454e-11
2.061,9.376094601720667e-11,1.5186359652461207e-11
2.062,9.264924356367546e-11,1.5046552368647185e-11
2.063,9.155068393319761e-11,1.4907891148617755e-11
2.064,9.046511225982634e-11,1.4770368882623873e-11
2.065,8.939237549559457e-11,1.4633978463464762e-11
2.066,8.833232238926569e-11,1.4498712787485355e-11
2.067,8.72848034653316e-11,1.4364564755549024e-11
2.068,8.624967100325493e-11,1.4231527273986092e-11
2.069,8.522677901695276e-11,1.4099593255518538e-11
2.07,8.421598323451895e-11,1.3968755620161348e-11
2.071,8.321714107818233e-11,1.3839007296100945e-11
2.072,8.223011164449814e-11,1.3710341220551122e-11
2.073,8.12547556847698e-11,1.358275034058688e-11
2.074,8.029093558569863e-11,1.345622761395661e-11
2.075,7.933851535025854e-11,1.3330766009872995e-11
2.076,7.839736057879352e-11,1.3206358509783056e-11
2.077,7.746733845033486e-11,1.3082998108117694e-11
2.078,7.654831770413601e-11,1.2960677813021167e-11
2.079,7.564016862142219e-11,1.2839390647060828e-11
2.08,7.474276300735259e-11,1.2719129647917523e-11
2.081,7.385597417319245e-11,1.2599887869057017e-11
2.082,7.297967691869267e-11,1.2481658380382792e-11
2.083,7.211374751467467e-11,1.236443426887058e-11
2.084,7.125806368581788e-11,1.2248208639184981e-11
2.085,7.041250459364774e-11,1.2132974614278508e-11
2.086,6.957695081972177e-11,1.2018725335973377e-11
2.087,6.875128434901149e-11,1.1905453965526411e-11
2.088,6.793538855347777e-11,1.1793153684177349e-11
2.089,6.712914817583759e-11,1.1681817693680881e-11
2.09,6.633244931351987e-11,1.1571439216822762e-11
2.091,6.554517940280808e-11,1.146201149792026e-11
2.092,6.476722720316774e-11,1.1353527803307287e-11
2.093,6.399848278175635e-11,1.1245981421804486e-11
2.094,6.323883749811395e-11,1.1139365665174577e-11
2.095,6.24881839890319e-11,1.103367386856326e-11
2.096,6.17464161535981e-11,1.0928899390925933e-11
2.097,6.101342913841642e-11,1.0825035615440541e-11
2.098,6.02891193229984e-11,1.07220759499068e-11
2.099,5.957338430532517e-11,1.0620013827132086e-11
2.1,5.886612288757774e-11,1.0518842705304231e-11
2.101,5.8167235062033516e-11,1.041855606835153e-11
2.102,5.747662199712728e-11,1.031914742629016e-11
2.103,5.679418602367465e-11,1.0220610315559317e-11
2.104,5.6119830621256165e-11,1.0122938299344276e-11
2.105,5.545346040476012e-11,1.0026124967887654e-11
2.106,5.479498111108227e-11,9.930163938789077e-12
2.107,5.414429958598071e-11,9.835048857293528e-12
2.108,5.3501323771083935e-11,9.740773396568586e-12
2.109,5.286596269105054e-11,9.647331257970763e-12
2.11,5.223812644087855e-11,9.554716171301226e-12
2.111,5.1617726173362876e-11,9.46292189505104e-12
2.112,5.1004674086699e-11,9.371942216636222e-12
2.113,5.0398883412231303e-11,9.281770952622779e-12
2.114,4.980026840234431e-11,9.192401948941947e-12
2.115,4.920874431849521e-11,9.10382908109584e-12
2.116,4.8624227419385966e-11,9.016046254353709e-12
2.117,4.804663494927352e-11,8.929047403939e-12
2.118,4.74758851264163e-11,8.84282649520743e-12
2.119,4.691189713165562e-11,8.757377523816246e-12
2.12,4.635459109713035e-11,8.67269451588487e-12
2.121,4.580388809512321e-11,8.588771528147101e-12
2.122,4.525971012703735e-11,8.505602648095091e-12
2.123,4.4721980112501566e-11,8.423181994115216e-12
2.124,4.419062187860262e-11,8.34150371561607e-12
2.125,4.36655601492434e-11,8.260561993148733e-12
2.126,4.3146720534625203e-11,8.18035103851947e-12
2.127,4.263402952085287e-11,8.100865094895055e-12
2.128,4.212741445966126e-11,8.022098436900857e-12
2.129,4.1626803558261745e-11,7.944045370711867e-12
2.13,4.113212586930721e-11,7.86670023413682e-12
2.131,4.064331128097426e-11,7.790057396695548e-12
2.132,4.0160290507161293e-11,7.714111259689746e-12
2.133,3.9682995077801005e-11,7.638856256267282e-12
2.134,3.9211357329286075e-11,7.564286851480205e-12
2.135,3.8745310395006694e-11,7.490397542336579e-12
2.136,3.828478819599863e-11,7.417182857846313e-12
2.137,3.782972543170052e-11,7.3446373590611e-12
2.138,3.7380057570819173e-11,7.272755639108625e-12
2.139,3.693572084230162e-11,7.201532323221137e-12
2.14,3.64966522264126e-11,7.130962068758575e-12
2.141,3.606278944591634e-11,7.061039565226323e-12
2.142,3.563407095736141e-11,6.991759534287747e-12
2.143,3.5210435942467365e-11,6.923116729771642e-12
2.144,3.4791824299612104e-11,6.855105937674696e-12
2.145,3.437817663541873e-11,6.787721976159103e-12
2.146,3.396943425644071e-11,6.720959695545436e-12
2.147,3.356553916094426e-11,6.654813978300905e-12
2.148,3.3166434030786774e-11,6.589279739023102e-12
2.149,3.2772062223390265e-11,6.524351924419352e-12
2.15,3.2382367763808547e-11,6.460025513281778e-12
2.151,3.199729533688723e-11,6.39629551645819e-12
2.152,3.1616790279515417e-11,6.333156976818895e-12
2.153,3.124079857296793e-11,6.270604969219546e-12
2.154,3.086926683533714e-11,6.2086346004601166e-12
2.155,3.050214231405332e-11,6.147241009240109e-12
2.156,3.0139372878492395e-11,6.086419366110096e-12
2.157,2.978090701267028e-11,6.026164873419687e-12
2.158,2.942669380802255e-11,5.966472765262013e-12
2.159,2.9076682956268673e-11,5.907338307414828e-12
2.16,2.873082474235961e-11,5.8487567972783124e-12
2.161,2.8389070037508047e-11,5.79072356380967e-12
2.162,2.8051370292300075e-11,5.733233967454609e-12
2.163,2.7717677529887502e-11,5.676283400075784e-12
2.164,2.7387944339259825e-11,5.619867284878292e-12
2.165,2.7062123868594928e-11,5.5639810763323025e-12
2.166,2.6740169818687587e-11,5.5086202600929005e-12
2.167,2.6422036436454887e-11,5.453780352917221e-12
2.168,2.6107678508517645e-11,5.399456902578962e-12
2.169,2.5797051354856972e-11,5.345645487780337e-12
2.17,2.5490110822545066e-11,5.292341718061557e-12
2.171,2.518681327954941e-11,5.239541233707906e-12
2.172,2.4887115608609486e-11,5.187239705654488e-12
2.173,2.4590975201185172e-11,5.135432835388708e-12
2.174,2.4298349951476015e-11,5.084116354850568e-12
2.175,2.40091982505105e-11,5.033286026330838e-12
2.176,2.3723478980304534e-11,4.982937642367162e-12
2.177,2.3441151508088354e-11,4.93306702563819e-12
2.178,2.3162175680601002e-11,4.883670028855764e-12
2.179,2.2886511818451657e-11,4.834742534655252e-12
2.18,2.261412071054698e-11,4.786280455484075e-12
2.181,2.2344963608583724e-11,4.738279733488489e-12
2.182,2.207900222160588e-11,4.690736340398684e-12
2.183,2.1816198710625547e-11,4.6436462774122665e-12
2.184,2.1556515683306836e-11,4.597005575076155e-12
2.185,2.1299916188712035e-11,4.550810293166979e-12
2.186,2.104636371210934e-11,4.505056520570015e-12
2.187,2.0795822169841416e-11,4.459740375156707e-12
2.188,2.0548255904254068e-11,4.414858003660848e-12
2.189,2.0303629678684356e-11,4.370405581553454e-12
2.19,2.0061908672507427e-11,4.326379312916379e-12
2.191,1.9823058476241402e-11,4.2827754303147435e-12
2.192,1.9587045086709606e-11,4.239590194668193e-12
2.193,1.935383490225954e-11,4.196819895121061e-12
2.194,1.9123394718037842e-11,4.1544608489114616e-12
2.195,1.8895691721320663e-11,4.112509401239373e-12
2.196,1.8670693486898772e-11,4.0709619251337486e-12
2.197,1.8448367972516756e-11,4.0298148213186974e-12
2.198,1.8228683514365695e-11,3.9890645180787804e-12
2.199,1.8011608822628656e-11,3.948707471123464e-12
2.2,1.7797112977078457e-11,3.908740163450767e-12
2.201,1.7585165422727005e-11,3.869159105210147e-12
2.202,1.7375735965525674e-11,3.829960833564662e-12
2.203,1.716879476811608e-11,3.791141912552439e-12
2.204,1.6964312345630724e-11,3.752698932947508e-12
2.205,1.6762259561542836e-11,3.714628512120005e-12
2.206,1.6562607623564927e-11,3.6769272938958124e-12
2.207,1.6365328079595434e-11,3.6395919484156456e-12
2.208,1.617039281371291e-11,3.6026191719936466e-12
2.209,1.5977774042217205e-11,3.5660056869754847e-12
2.21,1.5787444309717064e-11,3.5297482415960305e-12
2.211,1.5599376485263676e-11,3.493843609836612e-12
2.212,1.5413543758529515e-11,3.458288591281892e-12
2.213,1.5229919636032075e-11,3.4230800109764016e-12
2.214,1.5048477937401866e-11,3.388214719280751e-12
2.215,1.4869192791694233e-11,3.3536895917275515e-12
2.216,1.4692038633744423e-11,3.3195015288770806e-12
2.217,1.451699020056546e-11,3.2856474561727077e-12
2.218,1.4344022527788265e-11,3.2521243237961196e-12
2.219,1.4173110946143563e-11,3.2189291065223646e-12
2.22,1.4004231077985089e-11,3.1860588035747418e-12
2.221,1.3837358833853594e-11,3.1535104384795654e-12
2.222,1.3672470409081185e-11,3.1212810589208246e-12
2.223,1.3509542280435522e-11,3.0893677365947636e-12
2.224,1.3348551202803423e-11,3.0577675670644073e-12
2.225,1.3189474205913379e-11,3.0264776696140543e-12
2.226,1.3032288591096572e-11,2.995495187103761e-12
2.227,1.287697192808591e-11,2.964817285823835e-12
2.228,1.272350205185264e-11,2.934441155349366e-12
2.229,1.2571857059480126e-11,2.9043640083948067e-12
2.23,1.2422015307074316e-11,2.8745830806686318e-12
2.231,1.2273955406710503e-11,2.8450956307280904e-12
2.232,1.2127656223415944e-11,2.8158989398340718e-12
2.233,1.1983096872187905e-11,2.7869903118061035e-12
2.234,1.1840256715046746e-11,2.7583670728775042e-12
2.235,1.1699115358123602e-11,2.7300265715507007e-12
2.236,1.1559652648782298e-11,2.701966178452734e-12
2.237,1.1421848672775034e-11,2.674183286190971e-12
2.238,1.128568375143153e-11,2.646675309209031e-12
2.239,1.1151138438881154e-11,2.6194396836429564e-12
2.24,1.1018193519307708e-11,2.592473867177625e-12
2.241,1.0886830004236463e-11,2.5657753389034425e-12
2.242,1.0757029129853069e-11,2.539341599173304e-12
2.243,1.0628772354353969e-11,2.513170169459863e-12
2.244,1.0502041355327956e-11,2.4872585922131047e-12
2.245,1.0376818027168483e-11,2.461604430718247e-12
2.246,1.0253084478516409e-11,2.4362052689539776e-12
2.247,1.0130823029732778e-11,2.411058711451043e-12
2.248,1.001001621040131e-11,2.3861623831512015e-12
2.249,9.890646756860251e-12,2.3615139292665483e-12
2.25,9.772697609763228e-12,2.337111015139234e-12
2.251,9.656151911668779e-12,2.3129513261015765e-12
2.252,9.540993004658224e-12,2.289032567336585e-12
2.253,9.42720442798153e-12,2.265352463738908e-12
2.254,9.314769915730867e-12,2.2419087597762075e-12
2.255,9.203673394541505e-12,2.218699219350979e-12
2.256,9.09389898131975e-12,2.1957216256628225e-12
2.257,8.985430980997589e-12,2.1729737810711732e-12
2.258,8.878253884313757e-12,2.1504535069585042e-12
2.259,8.772352365620868e-12,2.1281586435940085e-12
2.26,8.667711280718365e-12,2.1060870499977696e-12
2.261,8.56431566471093e-12,2.0842366038054267e-12
2.262,8.462150729892102e-12,2.062605201133348e-12
2.263,8.361201863652779e-12,2.041190756444314e-12
2.264,8.261454626414318e-12,2.0199912024137228e-12
2.265,8.162894749585955e-12,1.9990044897963217e-12
2.266,8.065508133546251e-12,1.9782285872934744e-12
2.267,7.969280845648275e-12,1.957661481420969e-12
2.268,7.874199118248276e-12,1.9373011763773754e-12
2.269,7.780249346757526e-12,1.9171456939129557e-12
2.27,7.6874180877171e-12,1.8971930731991366e-12
2.271,7.595692056895298e-12,1.877441370698546e-12
2.272,7.505058127407467e-12,1.857888660035625e-12
2.273,7.415503327857935e-12,1.8385330318678136e-12
2.274,7.327014840503817e-12,1.819372593757324e-12
2.275,7.239579999440433e-12,1.8004054700434962e-12
2.276,7.153186288808075e-12,1.7816298017157487e-12
2.277,7.0678213410198846e-12,1.7630437462871284e-12
2.278,6.98347293501059e-12,1.7446454776684583e-12
2.279,6.900128994505854e-12,1.7264331860430926e-12
2.28,6.817777586311988e-12,1.7084050777422818e-12
2.281,6.736406918625819e-12,1.6905593751211507e-12
2.282,6.656005339364426e-12,1.6728943164352932e-12
2.283,6.5765613345145646e-12,1.6554081557179886e-12
2.284,6.498063526501511e-12,1.6380991626580408e-12
2.285,6.420500672577114e-12,1.6209656224782444e-12
2.286,6.34386166322683e-12,1.6040058358144823e-12
2.287,6.268135520595513e-12,1.5872181185954534e-12
2.288,6.193311396931741e-12,1.5706008019230366e-12
2.289,6.119378573050465e-12,1.5541522319532934e-12
2.29,6.046326456813761e-12,1.537870769778109e-12
2.291,5.9741445816294726e-12,1.521754791307476e-12
2.292,5.9028226049675455e-12,1.5058026871524224e-12
2.293,5.832350306893823e-12,1.4900128625085849e-12
2.294,5.762717588621125e-12,1.4743837370404304e-12
2.295,5.6939144710773816e-12,1.458913744766127e-12
2.296,5.62593109349065e-12,1.4436013339430636e-12
2.297,5.558757711990787e-12,1.4284449669540244e-12
2.298,5.492384698227595e-12,1.4134431201940139e-12
2.299,5.4268025380052625e-12,1.3985942839577374e-12
2.3,5.36200182993288e-12,1.3838969623277367e-12
2.301,5.297973284090857e-12,1.3693496730631796e-12
2.302,5.234707720713063e-12,1.3549509474893097e-12
2.303,5.172196068884488e-12,1.340699330387549e-12
2.304,5.110429365254251e-12,1.3265933798862613e-12
2.305,5.049398752763782e-12,1.3126316673521722e-12
2.306,4.989095479389985e-12,1.2988127772824472e-12
2.307,4.9295108969032165e-12,1.2851353071974282e-12
2.308,4.870636459639906e-12,1.2715978675340289e-12
2.309,4.812463723289639e-12,1.258199081539788e-12
2.31,4.754984343696535e-12,1.2449375851675796e-12
2.311,4.698190075674766e-12,1.231812026970984e-12
2.312,4.642072771838023e-12,1.2188210680003125e-12
2.313,4.5866243814427904e-12,1.2059633816992931e-12
2.314,4.531836949245262e-12,1.1932376538024097e-12
2.315,4.477702614371719e-12,1.1806425822328986e-12
2.316,4.424213609202242e-12,1.1681768770014004e-12
2.317,4.371362258267578e-12,1.155839260105266e-12
2.318,4.31914097715901e-12,1.1436284654285158e-12
2.319,4.267542271451098e-12,1.1315432386424532e-12
2.32,4.216558735637099e-12,1.1195823371069282e-12
2.321,4.166183052076968e-12,1.1077445297722512e-12
2.322,4.1164079899577425e-12,1.0960285970817598e-12
2.323,4.067226404266208e-12,1.084433330875029e-12
2.324,4.018631234773661e-12,1.0729575342917322e-12
2.325,3.9706155050326655e-12,1.0616000216761458e-12
2.326,3.9231723213856305e-12,1.0503596184822994e-12
2.327,3.876294871985085e-12,1.0392351611797668e-12
2.328,3.829976425825515e-12,1.0282254971601011e-12
2.329,3.784210331786617e-12,1.0173294846439073e-12
2.33,3.738990017687841e-12,1.0065459925885527e-12
2.331,3.694308989354088e-12,9.958739005965155e-13
2.332,3.650160829692426e-12,9.853120988243657e-13
2.333,3.606539197779713e-12,9.748594878923815e-13
2.334,3.5634378279609685e-12,9.64514978794793e-13
2.335,3.520850528958397e-12,9.542774928106579e-13
2.336,3.4787711829909206e-12,9.441459614153631e-13
2.337,3.4371937449041025e-12,9.341193261927511e-13
2.338,3.396112241310338e-12,9.241965387478689e-13
2.339,3.3555207697391958e-12,9.143765606203395e-13
2.34,3.3154134977977834e-12,9.046583631983506e-13
2.341,3.275784662341027e-12,8.950409276332604e-13
2.342,3.2366285686517403e-12,8.855232447548171e-13
2.343,3.197939589630378e-12,8.761043149869922e-13
2.344,3.1597121649943467e-12,8.667831482644211e-13
2.345,3.1219408004867736e-12,8.575587639494539e-13
2.346,3.084620067094613e-12,8.484301907498094e-13
2.347,3.047744600275986e-12,8.393964666368321e-13
2.348,3.0113090991966395e-12,8.304566387643508e-13
2.349,2.9753083259754245e-12,8.216097633881331e-13
2.35,2.9397371049386795e-12,8.128549057859374e-13
2.351,2.9045903218834206e-12,8.04191140178156e-13
2.352,2.8698629233492295e-12,7.956175496490496e-13
2.353,2.835549915898745e-12,7.871332260685691e-13
2.354,2.801646365406644e-12,7.787372700147626e-13
2.355,2.768147396357026e-12,7.704287906967658e-13
2.356,2.735048191149093e-12,7.622069058783706e-13
2.357,2.702343989411029e-12,7.540707418021729e-13
2.358,2.670030087321986e-12,7.460194331142936e-13
2.359,2.638101836942076e-12,7.380521227896723e-13
2.36,2.6065546455502807e-12,7.301679620579295e-13
2.361,2.5753839749901774e-12,7.223661103297957e-13
2.362,2.5445853410233983e-12,7.146457351241044e-13
2.363,2.514154312690727e-12,7.070060119953451e-13
2.364,2.4840865116807416e-12,6.994461244617751e-13
2.365,2.4543776117059184e-12,6.919652639340866e-13
2.366,2.4250233378861055e-12,6.845626296446258e-13
2.367,2.3960194661392843e-12,6.772374285771618e-13
2.368,2.3673618225795265e-12,6.699888753972029e-13
2.369,2.3390462829220655e-12,6.628161923828554e-13
2.37,2.3110687718954016e-12,6.557186093562248e-13
2.371,2.2834252626603496e-12,6.48695363615355e-13
2.372,2.2561117762359552e-12,6.417456998667015e-13
2.373,2.2291243809321975e-12,6.348688701581387e-13
2.374,2.2024591917893917e-12,6.28064133812495e-13
2.375,2.1761123700242217e-12,6.213307573616157e-13
2.376,2.1500801224823204e-12,6.146680144809489e-13
2.377,2.1243587010973178e-12,6.080751859246517e-13
2.378,2.098944402356286e-12,6.015515594612151e-13
2.379,2.0738335667715036e-12,5.950964298096023e-13
2.38,2.049022578358463e-12,5.887090985759003e-13
2.381,2.02450786412005e-12,5.823888741904788e-13
2.382,2.000285893536821e-12,5.761350718456565e-13
2.383,1.9763531780633083e-12,5.699470134338685e-13
2.384,1.95270627063028e-12,5.638240274863358e-13
2.385,1.929341765152882e-12,5.577654491122297e-13
2.386,1.9062562960446035e-12,5.517706199383313e-13
2.387,1.8834465377369824e-12,5.458388880491823e-13
2.388,1.8609092042049944e-12,5.399696079277224e-13
2.389,1.838641048498053e-12,5.341621403964132e-13
2.39,1.816638862276558e-12,5.28415852558844e-13
2.391,1.7948994753539237e-12,5.227301177418151e-13
2.392,1.7734197552440232e-12,5.171043154378995e-13
2.393,1.7521966067139871e-12,5.115378312484765e-13
2.394,1.7312269713422905e-12,5.060300568272351e-13
2.395,1.7105078270820676e-12,5.005803898241454e-13
2.396,1.6900361878295927e-12,4.951882338298938e-13
2.397,1.6698091029978633e-12,4.898529983207799e-13
2.398,1.6498236570952316e-12,4.845740986040709e-13
2.399,1.6300769693090177e-12,4.793509557638121e-13
2.4,1.6105661930940505e-12,4.741829966070891e-13
2.401,1.5912885157660767e-12,4.690696536107401e-13
2.402,1.5722411580999802e-12,4.64010364868514e-13
2.403,1.553421373932755e-12,4.590045740386724e-13
2.404,1.534826449771178e-12,4.540517302920324e-13
2.405,1.516453704404121e-12,4.4915128826044636e-13
2.406,1.498300488519454e-12,4.44302707985717e-13
2.407,1.4803641843254793e-12,4.3950545486894403e-13
2.408,1.4626422051768474e-12,4.3475899962029975e-13
2.409,1.4451319952048995e-12,4.3006281820923057e-13
2.41,1.427831028952385e-12,4.254163918150818e-13
2.411,1.4107368110125028e-12,4.2081920677814206e-13
2.412,1.3938468756722145e-12,4.1627075455110596e-13
2.413,1.3771587865597803e-12,4.1177053165095013e-13
2.414,1.3606701362964667e-12,4.0731803961122175e-13
2.415,1.3443785461523764e-12,4.0291278493473494e-13
2.416,1.3282816657063544e-12,3.9855427904667363e-13
2.417,1.3123771725099183e-12,3.942420382480971e-13
2.418,1.296662771755168e-12,3.899755836698457e-13
2.419,1.2811361959466284e-12,3.85754441226844e-13
2.42,1.265795204576975e-12,3.8157814157279834e-13
2.421,1.2506375838066016e-12,3.7744622005528617e-13
2.422,1.2356611461469794e-12,3.733582166712341e-13
2.423,1.2208637301477683e-12,3.693136760227825e-13
2.424,1.206243200087631e-12,3.653121472735328e-13
2.425,1.19179744566871e-12,3.6135318410517604e-13
2.426,1.1775243817147215e-12,3.5743634467449853e-13
2.427,1.1634219478726264e-12,3.5356119157076334e-13
2.428,1.149488108317832e-12,3.497272917734633e-13
2.429,1.1357208514628885e-12,3.4593421661044417e-13
2.43,1.1221181896696322e-12,3.421815417163947e-13
2.431,1.108678158964741e-12,3.384688469917002e-13
2.432,1.0953988187586578e-12,3.347957165616586e-13
2.433,1.082278251567844e-12,3.3116173873605453e-13
2.434,1.0693145627403224e-12,3.275665059690897e-13
2.435,1.0565058801844726e-12,3.24009614819667e-13
2.436,1.0438503541010371e-12,3.2049066591202537e-13
2.437,1.0313461567183058e-12,3.1700926389672234e-13
2.438,1.0189914820304347e-12,3.135650174119631e-13
2.439,1.0067845455388664e-12,3.1015753904527154e-13
2.44,9.947235839968145e-13,3.0678644529550237e-13
2.441,9.82806855156775e-13,3.0345135653519057e-13
2.442,9.710326375210302e-13,3.001518969732363e-13
2.443,9.593992300951081e-13,2.9688769461792243e-13
2.444,9.47904952144165e-13,2.936583812402618e-13
2.445,9.36548142952253e-13,2.904635923376726e-13
2.446,9.25327161584441e-13,2.8730296709797844e-13
2.447,9.142403866517572e-13,2.8417614836373073e-13
2.448,9.032862160789137e-13,2.810827825968517e-13
2.449,8.924630668747871e-13,2.7802251984359436e-13
2.45,8.817693749056179e-13,2.7499501369981764e-13
2.451,8.712035946708991e-13,2.7199992127657457e-13
2.452,8.607641990819206e-13,2.6903690316600987e-13
2.453,8.504496792429386e-13,2.6610562340756596e-13
2.454,8.402585442349408e-13,2.632057494544938e-13
2.455,8.301893209019721e-13,2.6033695214066687e-13
2.456,8.202405536399963e-13,2.574989056476954e-13
2.457,8.104108041882593e-13,2.546912874723391e-13
2.458,8.006986514231262e-13,2.5191377839421527e-13
2.459,7.911026911543629e-13,2.4916606244380037e-13
2.46,7.816215359238335e-13,2.4644782687072286e-13
2.461,7.722538148065839e-13,2.4375876211234447e-13
2.462,7.629981732142841e-13,2.410985617626282e-13
2.463,7.538532727010027e-13,2.3846692254129003e-13
2.464,7.448177907712821e-13,2.358635442632328e-13
2.465,7.358904206904925e-13,2.3328812980825947e-13
2.466,7.270698712974324e-13,2.307403850910637e-13
2.467,7.183548668191538e-13,2.2822001903149543e-13
2.468,7.097441466879819e-13,2.257267435250993e-13
2.469,7.012364653607063e-13,2.2326027341392367e-13
2.47,6.928305921399156e-13,2.2082032645759793e-13
2.471,6.845253109974525e-13,2.184066233046762e-13
2.472,6.763194203999617e-13,2.1601888746424467e-13
2.473,6.682117331365083e-13,2.1365684527779117e-13
2.474,6.602010761482405e-13,2.1132022589133414e-13
2.475,6.522862903600727e-13,2.0900876122780932e-13
2.476,6.444662305143667e-13,2.0672218595971167e-13
2.477,6.367397650065841e-13,2.0446023748199085e-13
2.478,6.291057757228904e-13,2.0222265588519766e-13
2.479,6.215631578796852e-13,2.0000918392887975e-13
2.48,6.141108198650354e-13,1.9781956701522425e-13
2.481,6.067476830819916e-13,1.956535531629456e-13
2.482,5.994726817937621e-13,1.935108929814161e-13
2.483,5.922847629707255e-13,1.913913396450374e-13
2.484,5.851828861392574e-13,1.8929464886785107e-13
2.485,5.78166023232352e-13,1.8722057887838586e-13
2.486,5.712331584420156e-13,1.8516889039473988e-13
2.487,5.643832880734134e-13,1.8313934659989582e-13
2.488,5.576154204007453e-13,1.8113171311726698e-13
2.489,5.509285755248336e-13,1.7914575798647228e-13
2.49,5.443217852324007e-13,1.7718125163933853e-13
2.491,5.377940928570166e-13,1.752379668761276e-13
2.492,5.313445531416981e-13,1.7331567884198688e-13
2.493,5.249722321031371e-13,1.714141650036212e-13
2.494,5.186762068975427e-13,1.6953320512618393e-13
2.495,5.124555656880739e-13,1.676725812503858e-13
2.496,5.063094075138478e-13,1.6583207766981938e-13
2.497,5.002368421605018e-13,1.640114809084975e-13
2.498,4.942369900322923e-13,1.6221057969860335e-13
2.499,4.883089820257131e-13,1.6042916495845134e-13
2.5,4.824519594046134e-13,1.5866702977065565e-13
2.501,4.766650736767982e-13,1.5692396936050606e-13
2.502,4.709474864720955e-13,1.5519978107454798e-13
2.503,4.652983694218693e-13,1.5349426435936595e-13
2.504,4.597169040399649e-13,1.5180722074056808e-13
2.505,4.542022816050671e-13,1.5013845380197033e-13
2.506,4.4875370304445606e-13,1.4848776916497828e-13
2.507,4.4337037881914284e-13,1.4685497446816522e-13
2.508,4.380515288103696e-13,1.4523987934704437e-13
2.509,4.3279638220745774e-13,1.43642295414034e-13
2.51,4.2760417739698797e-13,1.420620362386134e-13
2.511,4.224741618532965e-13,1.4049891732766808e-13
2.512,4.1740559203027204e-13,1.389527561060229e-13
2.513,4.123977332544379e-13,1.3742337189716084e-13
2.514,4.0744985961930395e-13,1.3591058590412652e-13
2.515,4.025612538809741e-13,1.3441422119061214e-13
2.516,3.977312073549932e-13,1.329341026622248e-13
2.517,3.929590198144196e-13,1.314700570479331e-13
2.518,3.8824399938910885e-13,1.3002191288169216e-13
2.519,3.8358546246619343e-13,1.285895004842444e-13
2.52,3.7898273359174526e-13,1.2717265194509561e-13
2.521,3.7443514537360634e-13,1.2577120110466413e-13
2.522,3.6994203838537396e-13,1.2438498353660176e-13
2.523,3.6550276107152667e-13,1.2301383653028486e-13
2.524,3.611166696536777e-13,1.2165759907347407e-13
2.525,3.56783128037942e-13,1.2031611183514148e-13
2.526,3.525015077234045e-13,1.1898921714846308e-13
2.527,3.4827118771167566e-13,1.176767589939758e-13
2.528,3.440915544175219e-13,1.1637858298289706e-13
2.529,3.399620015805584e-13,1.150945363406056e-13
2.53,3.358819301779908e-13,1.138244678902824e-13
2.531,3.318507483383946e-13,1.1256822803670953e-13
2.532,3.2786787125651864e-13,1.1132566875022658e-13
2.533,3.2393272110910186e-13,1.1009664355084199e-13
2.534,3.2004472697169e-13,1.0888100749249909e-13
2.535,3.162033247364416e-13,1.0767861714749463e-13
2.536,3.1240795703091046e-13,1.0648933059104866e-13
2.537,3.0865807313779396e-13,1.0531300738602466e-13
2.538,3.0495312891563524e-13,1.0414950856779806e-13
2.539,3.01292586720468e-13,1.029986966292723e-13
2.54,2.976759153283926e-13,1.0186043550604062e-13
2.541,2.9410258985907317e-13,1.0073459056169278e-13
2.542,2.905720917001436e-13,9.962102857326488e-14
2.543,2.870839084325126e-13,9.851961771683128e-14
2.544,2.83637533756557e-13,9.743022755323731e-14
2.545,2.8023246741919213e-13,9.635272901397135e-14
2.546,2.7686821514181e-13,9.528699438717509e-14
2.547,2.7354428854907354e-13,9.423289730379072e-14
2.548,2.7026020509855845e-13,9.319031272384378e-14
2.549,2.670154880112309e-13,9.215911692286043e-14
2.55,2.638096662027525e-13,9.11391874784178e-14
2.551,2.606422742156019e-13,9.013040325682647e-14
2.552,2.5751285215200377e-13,8.913264439994348e-14
2.553,2.5442094560765543e-13,8.81457923121151e-14
2.554,2.5136610560624163e-13,8.716972964724773e-14
2.555,2.483478885347283e-13,8.620434029600612e-14
2.556,2.4536585607942573e-13,8.524950937313753e-14
2.557,2.424195751628123e-13,8.43051232049206e-14
2.558,2.3950861788110984e-13,8.33710693167381e-14
2.559,2.366325614426012e-13,8.244723642077202e-14
2.56,2.337909881066818e-13,8.153351440382012e-14
2.561,2.3098348512363625e-13,8.062979431523276e-14
2.562,2.282096446751311e-13,7.973596835496876e-14
2.563,2.254690638154158e-13,7.885192986176949e-14
2.564,2.22761344413223e-13,7.797757330144968e-14
2.565,2.2008609309436027e-13,7.711279425530427e-14
2.566,2.174429211849845e-13,7.625748940862986e-14
2.567,2.148314446555516e-13,7.541155653935998e-14
2.568,2.122512840654328e-13,7.457489450681295e-14
2.569,2.0970206450819011e-13,7.374740324055129e-14
2.57,2.0718341555750282e-13,7.292898372935174e-14
2.571,2.0469497121373756e-13,7.211953801028466e-14
2.572,2.0223636985115403e-13,7.131896915790212e-14
2.573,1.9980725416573908e-13,7.052718127353316e-14
2.574,1.9740727112366151e-13,6.97440794746858e-14
2.575,1.9503607191034034e-13,6.896956988455418e-14
2.576,1.926933118801192e-13,6.820355962163051e-14
2.577,1.9037865050653962e-13,6.744595678942015e-14
2.578,1.8809175133320632e-13,6.669667046625947e-14
2.579,1.8583228192523702e-13,6.595561069523504e-14
2.58,1.8359991382129044e-13,6.522268847420346e-14
2.581,1.8139432248616497e-13,6.449781574591089e-14
2.582,1.7921518726396188e-13,6.378090538821111e-14
2.583,1.7706219133180585e-13,6.307187120438149e-14
2.584,1.7493502165411639e-13,6.237062791353561e-14
2.585,1.7283336893742377e-13,6.167709114113193e-14
2.586,1.7075692758572274e-13,6.099117740957736e-14
2.587,1.6870539565635777e-13,6.031280412892496e-14
2.588,1.666784748164334e-13,5.964188958766484e-14
2.589,1.6467587029974385e-13,5.897835294360732e-14
2.59,1.6269729086421502e-13,5.83221142148576e-14
2.591,1.6074244874985343e-13,5.767309427088091e-14
2.592,1.5881105963719587e-13,5.703121482365743e-14
2.593,1.5690284260625366e-13,5.639639841892598e-14
2.594,1.5501752009594583e-13,5.576856842751578e-14
2.595,1.5315481786401536e-13,5.5147649036765277e-14
2.596,1.5131446494742277e-13,5.453356524202733e-14
2.597,1.494961936232113e-13,5.392624283825995e-14
2.598,1.4769973936983803e-13,5.332560841170158e-14
2.599,1.4592484082896582e-13,5.273158933163035e-14
2.6,1.4417123976770993e-13,5.214411374220635e-14
2.601,1.4243868104133455e-13,5.1563110554396114e-14
2.602,1.4072691255639334e-13,5.0988509437978695e-14
2.603,1.3903568523430925e-13,5.042024081363228e-14
2.604,1.3736475297538802e-13,4.9858235845100835e-14
2.605,1.3571387262326021e-13,4.930242643143981e-14
2.606,1.3408280392974687e-13,4.8752745199340265e-14
2.607,1.3247130952014386e-13,4.8209125495530605e-14
2.608,1.3087915485891936e-13,4.7671501379255194e-14
2.609,1.2930610821582035e-13,4.713980761482909e-14
2.61,1.2775194063238272e-13,4.6613979664268157e-14
2.611,1.2621642588884017e-13,4.609395367999391e-14
2.612,1.246993404714277e-13,4.5579666497612225e-14
2.613,1.232004635400743e-13,4.507105562876532e-14
2.614,1.217195768964807e-13,4.456805925405624e-14
2.615,1.2025646495257758e-13,4.4070616216045164e-14
2.616,1.188109146993593e-13,4.357866601231683e-14
2.617,1.1738271567608913e-13,4.309214878861836e-14
2.618,1.1597165993987155e-13,4.261100533206688e-14
2.619,1.1457754203558684e-13,4.213517706442617e-14
2.62,1.1320015896618419e-13,4.166460603545168e-14
2.621,1.1183931016332854e-13,4.1199234916303344e-14
2.622,1.1049479745839751e-13,4.07390069930254e-14
2.623,1.0916642505382372e-13,4.028386616009263e-14
2.624,1.0785399949477877e-13,3.983375691402242e-14
2.625,1.0655732964119462e-13,3.938862434705186e-14
2.626,1.0527622664011846e-13,3.89484141408794e-14
2.627,1.0401050389839699e-13,3.851307256047031e-14
2.628,1.0275997705568639e-13,3.8082546447925417e-14
2.629,1.0152446395778386e-13,3.7656783216412414e-14
2.63,1.003037846302771e-13,3.7235730844159215e-14
2.631,9.909776125250791e-14,3.681933786850866e-14
2.632,9.790621813184599e-14,3.6407553380034005e-14
2.633,9.672898167826963e-14,3.600032701671468e-14
2.634,9.556588037924924e-14,3.559760895817154e-14
2.635,9.441674477493031e-14,3.519934991996123e-14
2.636,9.328140743361237e-14,3.480550114792891e-14
2.637,9.215970292752005e-14,3.4416014412618914e-14
2.638,9.10514678088632e-14,3.403084200374265e-14
2.639,8.995654058618231e-14,3.364993672470322e-14
2.64,8.8874761700976e-14,3.3273251887176275e-14
2.641,8.780597350460719e-14,3.290074130574642e-14
2.642,8.67500202354845e-14,3.253235929259872e-14
2.643,8.570674799651597e-14,3.2168060652264685e-14
2.644,8.467600473283138e-14,3.180780067642233e-14
2.645,8.365764020977036e-14,3.1451535138749585e-14
2.646,8.26515059911329e-14,3.1099220289830674e-14
2.647,8.165745541768925e-14,3.0750812852114916e-14
2.648,8.067534358594617e-14,3.040627001492736e-14
2.649,7.97050273271662e-14,3.0065549429530804e-14
2.65,7.87463651866374e-14,2.972860920423869e-14
2.651,7.779921740319007e-14,2.939540789957831e-14
2.652,7.686344588895803e-14,2.906590452350392e-14
2.653,7.593891420938097e-14,2.874005852665914e-14
2.654,7.502548756344561e-14,2.8417829797688322e-14
2.655,7.412303276416234e-14,2.8099178658596163e-14
2.656,7.323141821927481e-14,2.778406586015537e-14
2.657,7.235051391219958e-14,2.7472452577361625e-14
2.658,7.148019138319316e-14,2.716430040493558e-14
2.659,7.06203237107437e-14,2.685957135287129e-14
2.66,6.977078549318462e-14,2.6558227842030695e-14
2.661,6.89314528305276e-14,2.626023269978365e-14
2.662,6.810220330651232e-14,2.596554915569306e-14
2.663,6.728291597087029e-14,2.5674140837244697e-14
2.664,6.647347132180038e-14,2.538597176562118e-14
2.665,6.567375128865324e-14,2.510100635151977e-14
2.666,6.488363921482253e-14,2.4819209391013485e-14
2.667,6.410301984084012e-14,2.454054606145508e-14
2.668,6.333177928767306e-14,2.4264981917423556e-14
2.669,6.25698050402198e-14,2.3992482886712653e-14
2.67,6.181698593100339e-14,2.372301526636099e-14
2.671,6.107321212405928e-14,2.3456545718723436e-14
2.672,6.033837509901522e-14,2.3193041267583214e-14
2.673,5.961236763536133e-14,2.293246929430444e-14
2.674,5.889508379690782e-14,2.267479753402461e-14
2.675,5.81864189164281e-14,2.2419994071886665e-14
2.676,5.748626958048529e-14,2.2168027339310258e-14
2.677,5.67945336144397e-14,2.191886611030176e-14
2.678,5.611111006763534e-14,2.1672479497802693e-14
2.679,5.543589919876313e-14,2.1428836950076172e-14
2.68,5.4768802461398885e-14,2.118790824713094e-14
2.681,5.410972248971386e-14,2.094966349718268e-14
2.682,5.345856308435588e-14,2.0714073133152188e-14
2.683,5.2815229198498984e-14,2.048110790920002e-14
2.684,5.217962692405956e-14,2.0250738897297307e-14
2.685,5.1551663478077094e-14,2.0022937483832315e-14
2.686,5.093124718925737e-14,1.9797675366252398e-14
2.687,5.031828748467643e-14,1.957492454974101e-14
2.688,4.9712694876643187e-14,1.9354657343929428e-14
2.689,4.911438094971888e-14,1.9136846359642757e-14
2.69,4.852325834789152e-14,1.8921464505680008e-14
2.691,4.793924076190342e-14,1.8708484985627748e-14
2.692,4.736224291673006e-14,1.849788129470711e-14
2.693,4.679218055920839e-14,1.8289627216653764e-14
2.694,4.6228970445812893e-14,1.8083696820630502e-14
2.695,4.567253033057761e-14,1.788006445817215e-14
2.696,4.512277895316228e-14,1.7678704760162458e-14
2.697,4.457963602706111e-14,1.7479592633842634e-14
2.698,4.4043022227952244e-14,1.7282703259851214e-14
2.699,4.351285918218638e-14,1.7088012089294944e-14
2.7,4.298906945541283e-14,1.689549484085036e-14
2.701,4.2471576541341484e-14,1.670512749789576e-14
2.702,4.196030485063883e-14,1.6516886305673242e-14
2.703,4.145517969995673e-14,1.6330747768480535e-14
2.704,4.095612730109211e-14,1.6146688646892255e-14
2.705,4.046307475027618e-14,1.5964685955010377e-14
2.706,3.9975950017591536e-14,1.578471695774355e-14
2.707,3.949468193651568e-14,1.5606759168115e-14
2.708,3.901920019358942e-14,1.5430790344598687e-14
2.709,3.854943531820865e-14,1.525678848848351e-14
2.71,3.8085318672538116e-14,1.5084731841265188e-14
2.711,3.7626782441545585e-14,1.4914598882065558e-14
2.712,3.71737596231551e-14,1.4746368325079047e-14
2.713,3.6726184018517864e-14,1.4580019117046012e-14
2.714,3.62839902223993e-14,1.4415530434752642e-14
2.715,3.584711361368098e-14,1.4252881682557223e-14
2.716,3.5415490345976e-14,1.4092052489942433e-14
2.717,3.4989057338356506e-14,1.3933022709093424e-14
2.718,3.45677522661919e-14,1.3775772412501432e-14
2.719,3.415151355209661e-14,1.3620281890592653e-14
2.72,3.374028035698597e-14,1.3466531649382107e-14
2.721,3.3333992571238904e-14,1.3314502408152254e-14
2.722,3.2932590805966305e-14,1.3164175097156105e-14
2.723,3.253601638438362e-14,1.3015530855344567e-14
2.724,3.214421133328661e-14,1.2868551028117784e-14
2.725,3.175711837462894e-14,1.272321716510022e-14
2.726,3.137468091720038e-14,1.2579511017939243e-14
2.727,3.0996843048404456e-14,1.2437414538126964e-14
2.728,3.0623549526134395e-14,1.2296909874845108e-14
2.729,3.025474577074608e-14,1.2157979372832656e-14
2.73,2.9890377857127e-14,1.2020605570276039e-14
2.731,2.953039250685992e-14,1.1884771196721655e-14
2.732,2.917473708048024e-14,1.1750459171010458e-14
2.733,2.88233595698259e-14,1.1617652599234425e-14
2.734,2.847620859047861e-14,1.1486334772714638e-14
2.735,2.8133233374295577e-14,1.1356489166000793e-14
2.736,2.779438376203037e-14,1.1228099434891885e-14
2.737,2.7459610196042018e-14,1.1101149414477872e-14
2.738,2.7128863713091273e-14,1.0975623117202093e-14
2.739,2.6802095937222943e-14,1.0851504730944225e-14
2.74,2.647925907273333e-14,1.0728778617123565e-14
2.741,2.6160305897221712e-14,1.0607429308822436e-14
2.742,2.5845189754724893e-14,1.0487441508929496e-14
2.743,2.553386454893382e-14,1.036880008830276e-14
2.744,2.522628473649128e-14,1.025149008395211e-14
2.745,2.492240532036974e-14,1.0135496697241118e-14
2.746,2.462218184332834e-14,1.0020805292107951e-14
2.747,2.4325570381448097e-14,9.907401393305193e-15
2.748,2.4032527537744415e-14,9.795270684658356e-15
2.749,2.3743010435855958e-14,9.684399007342914e-15
2.75,2.3456976713808966e-14,9.574772358179657e-15
2.751,2.3174384517856138e-14,9.466376887948156e-15
2.752,2.2895192496389172e-14,9.359198899718195e-15
2.753,2.26193597939241e-14,9.25322484719893e-15
2.754,2.234684604515853e-14,9.148441333105647e-15
2.755,2.207761136909994e-14,9.04483510754388e-15
2.756,2.1811616363264218e-14,8.94239306641076e-15
2.757,2.1548822097943526e-14,8.84110224981337e-15
2.758,2.1289190110542745e-14,8.740949840503972e-15
2.759,2.103268239998364e-14,8.641923162331894e-15
2.76,2.0779261421175918e-14,8.544009678711929e-15
2.761,2.052889007955446e-14,8.447196991109054e-15
2.762,2.0281531725681817e-14,8.351472837539327e-15
2.763,2.0037150149915307e-14,8.256825091086755e-15
2.764,1.9795709577137878e-14,8.163241758436006e-15
2.765,1.955717466155198e-14,8.070710978420766e-15
2.766,1.9321510481535716e-14,7.979221020587604e-15
2.767,1.90886825345605e-14,7.888760283775175e-15
2.768,1.8858656732169536e-14,7.799317294708579e-15
2.769,1.8631399395016323e-14,7.710880706608765e-15
2.77,1.840687724796253e-14,7.623439297816771e-15
2.771,1.81850574152345e-14,7.53698197043269e-15
2.772,1.79659074156377e-14,7.451497748969162e-15
2.773,1.774939515782839e-14,7.366975779019299e-15
2.774,1.7535488935641908e-14,7.283405325938823e-15
2.775,1.7324157423476773e-14,7.200775773542338e-15
2.776,1.7115369671734074e-14,7.119076622813522e-15
2.777,1.6909095102311365e-14,7.0382974906291525e-15
2.778,1.6705303504150512e-14,6.9584281084967775e-15
2.779,1.6503965028838775e-14,6.8794583213059145e-15
2.78,1.6305050186262527e-14,6.801378086092617e-15
2.781,1.6108529840312995e-14,6.724177470817289e-15
2.782,1.5914375204643336e-14,6.647846653155591e-15
2.783,1.5722557838476534e-14,6.5723759193023074e-15
2.784,1.5533049642463405e-14,6.497755662788041e-15
2.785,1.53458228545902e-14,6.423976383308599e-15
2.786,1.516085004613516e-14,6.351028685566931e-15
2.787,1.4978104117673457e-14,6.2789032781274995e-15
2.788,1.4797558295129937e-14,6.207590972282939e-15
2.789,1.4619186125879118e-14,6.137082680932887e-15
2.79,1.4442961474891822e-14,6.067369417474846e-15
2.791,1.426885852092797e-14,5.998442294706965e-15
2.792,1.4096851752774886e-14,5.930292523742601e-15
2.793,1.3926915965530666e-14,5.8629114129365475e-15
2.794,1.375902625693199e-14,5.796290366822795e-15
2.795,1.3593158023725919e-14,5.7304208850637214e-15
2.796,1.342928695808508e-14,5.66529456141057e-15
2.797,1.3267389044065784e-14,5.600903082675112e-15
2.798,1.3107440554108529e-14,5.537238227712368e-15
2.799,1.2949418045580375e-14,5.474291866414274e-15
2.8,1.2793298357358737e-14,5.412055958714183e-15
2.801,1.2639058606456032e-14,5.350522553602071e-15
2.802,1.2486676184684754e-14,5.2896837881503536e-15
2.803,1.2336128755362466e-14,5.229531886550189e-15
2.804,1.2187394250056222e-14,5.170059159158166e-15
2.805,1.2040450865365984e-14,5.1112580015532534e-15
2.806,1.1895277059746515e-14,5.053120893603919e-15
2.807,1.175185155036735e-14,4.995640398545302e-15
2.808,1.1610153310010334e-14,4.938809162066327e-15
2.809,1.1470161564004312e-14,4.882619911406669e-15
2.81,1.1331855787196522e-14,4.8270654544634545e-15
2.811,1.1195215700960238e-14,4.772138678907599e-15
2.812,1.1060221270238252e-14,4.717832551309678e-15
2.813,1.0926852700621732e-14,4.66414011627523e-15
2.814,1.0795090435464088e-14,4.611054495589397e-15
2.815,1.0664915153029362e-14,4.558568887370797e-15
2.816,1.0536307763674791e-14,4.506676565234536e-15
2.817,1.0409249407067078e-14,4.455370877464253e-15
2.818,1.0283721449432024e-14,4.40464524619312e-15
2.819,1.0159705480837078e-14,4.354493166593684e-15
2.82,1.0037183312506425e-14,4.3049082060764704e-15
2.821,9.91613697416824e-15,4.25588400349724e-15
2.822,9.796548711433696e-15,4.2074142683728295e-15
2.823,9.678400983207368e-15,4.159492780105465e-15
2.824,9.561676459128648e-15,4.112113387215465e-15
2.825,9.446358017043798e-15,4.065270006582251e-15
2.826,9.332428740508283e-15,4.018956622693561e-15
2.827,9.219871916319019e-15,3.9731672869028e-15
2.828,9.108671032076165e-15,3.927896116694423e-15
2.829,8.998809773774135e-15,3.883137294957275e-15
2.83,8.890272023421459e-15,3.8388850692658e-15
2.831,8.783041856689133e-15,3.795133751169031e-15
2.832,8.677103540587165e-15,3.751877715487298e-15
2.833,8.572441531168935e-15,3.709111399616536e-15
2.834,8.46904047126306e-15,3.666829302840154e-15
2.835,8.366885188232419e-15,3.625025985648348e-15
2.836,8.265960691760034e-15,3.5836960690648016e-15
2.837,8.166252171661468e-15,3.542834233980694e-15
2.838,8.06774499572343e-15,3.5024352204959173e-15
2.839,7.970424707568272e-15,3.462493827267456e-15
2.84,7.874277024544073e-15,3.423004910864829e-15
2.841,7.779287835639991e-15,3.383963385132531e-15
2.842,7.685443199426608e-15,3.3453642205593923e-15
2.843,7.59272934202093e-15,3.3072024436547888e-15
2.844,7.501132655075781e-15,3.2694731363316245e-15
2.845,7.410639693793284e-15,3.2321714352960165e-15
2.846,7.321237174962139e-15,3.1952925314436106e-15
2.847,7.23291197501843e-15,3.1588316692624563e-15
2.848,7.145651128129646e-15,3.122784146242373e-15
2.849,7.05944182430169e-15,3.0871453122907343e-15
2.85,6.9742714075085345e-15,3.0519105691546056e-15
2.851,6.8901273738443214e-15,3.0170753698491652e-15
2.852,6.806997369697585e-15,2.982635218092343e-15
2.853,6.7248691899473594e-15,2.9485856677456083e-15
2.854,6.643730776180911e-15,2.9149223222608426e-15
2.855,6.56357021493281e-15,2.8816408341332334e-15
2.856,6.484375735945128e-15,2.8487369043601198e-15
2.857,6.4061357104484654e-15,2.816206281905734e-15
2.858,6.328838649463596e-15,2.7840447631717664e-15
2.859,6.252473202123452e-15,2.7522481914737007e-15
2.86,6.17702815401523e-15,2.7208124565228503e-15
2.861,6.102492425542366e-15,2.6897334939140397e-15
2.862,6.028855070306136e-15,2.6590072846188677e-15
2.863,5.95610527350666e-15,2.6286298544844935e-15
2.864,5.884232350363073e-15,2.5985972737378862e-15
2.865,5.813225744552629e-15,2.5689056564954816e-15
2.866,5.743075026668512e-15,2.5395511602781817e-15
2.867,5.6737698926961395e-15,2.510529985531648e-15
2.868,5.605300162507726e-15,2.4818383751518265e-15
2.869,5.537655778374894e-15,2.4534726140156486e-15
2.87,5.4708268034991105e-15,2.4254290285168557e-15
2.871,5.4048034205597504e-15,2.3977039861068866e-15
2.872,5.339575930279555e-15,2.370293894840781e-15
2.873,5.275134750007294e-15,2.343195202928036e-15
2.874,5.211470412317416e-15,2.316404398288374e-15
2.875,5.148573563626492e-15,2.289918008112357e-15
2.876,5.08643496282624e-15,2.263732598426803e-15
2.877,5.0250454799329404e-15,2.2378447736649504e-15
2.878,4.964396094753052e-15,2.2122511762413225e-15
2.879,4.90447789556481e-15,2.1869484861312337e-15
2.88,4.845282077815654e-15,2.1619334204548964e-15
2.881,4.7867999428352485e-15,2.1372027330660748e-15
2.882,4.729022896563957e-15,2.1127532141452346e-15
2.883,4.6719424482965514e-15,2.088581689797146e-15
2.884,4.615550209440984e-15,2.064685021652888e-15
2.885,4.55983789229205e-15,2.041060106476205e-15
2.886,4.504797308819753e-15,2.017703875774173e-15
2.887,4.450420369472192e-15,1.9946132954121282e-15
2.888,4.396699081992822e-15,1.97178536523281e-15
2.889,4.343625550251875e-15,1.9492171186796727e-15
2.89,4.291191973091816e-15,1.9269056224243238e-15
2.891,4.239390643186633e-15,1.9048479759980433e-15
2.892,4.188213945914807e-15,1.883041311427338e-15
2.893,4.137654358245806e-15,1.8614827928734905e-15
2.894,4.087704447639928e-15,1.8401696162760552e-15
2.895,4.038356870961339e-15,1.8190990090002664e-15
2.896,3.98960437340415e-15,1.7982682294883064e-15
2.897,3.9414397874313715e-15,1.7776745669144013e-15
2.898,3.8938560317266e-15,1.7573153408436948e-15
2.899,3.84684611015827e-15,1.737187900894867e-15
2.9,3.800403110756338e-15,1.7172896264064518e-15
2.901,3.754520204701235e-15,1.6976179261068158e-15
2.902,3.7091906453249505e-15,1.6781702377877583e-15
2.903,3.664407767124098e-15,1.6589440279816936e-15
2.904,3.620164984784817e-15,1.6399367916423764e-15
2.905,3.576455792219375e-15,1.6211460518291326e-15
2.906,3.5332737616143258e-15,1.602569359394557e-15
2.907,3.4906125424900865e-15,1.5842042926756409e-15
2.908,3.4484658607717956e-15,1.5660484571882916e-15
2.909,3.4068275178713186e-15,1.548099485325209e-15
2.91,3.3656913897802666e-15,1.5303550360570795e-15
2.911,3.325051426173897e-15,1.5128127946370559e-15
2.912,3.2849016495257627e-15,1.4954704723084832e-15
2.913,3.245236154232988e-15,1.4783258060158391e-15
2.914,3.2060491057520344e-15,1.4613765581188499e-15
2.915,3.167334739744839e-15,1.444620516109753e-15
2.916,3.1290873612351974e-15,1.4280554923336661e-15
2.917,3.091301343775268e-15,1.4116793237120341e-15
2.918,3.053971128622078e-15,1.3954898714691171e-15
2.919,3.0170912239239117e-15,1.3794850208614885e-15
2.92,2.980656203916458e-15,1.36366268091051e-15
2.921,2.944660708128608e-15,1.3480207841377498e-15
2.922,2.909099440597783e-15,1.332557286303315e-15
2.923,2.8739671690946738e-15,1.3172701661470637e-15
2.924,2.839258724357288e-15,1.3021574251326672e-15
2.925,2.804968999334188e-15,1.2872170871944905e-15
2.926,2.7710929484368115e-15,1.2724471984872615e-15
2.927,2.7376255868007603e-15,1.2578458271384973e-15
2.928,2.7045619895559628e-15,1.243411063003658e-15
2.929,2.6718972911055874e-15,1.2291410174240003e-15
2.93,2.639626684413617e-15,1.2150338229870978e-15
2.931,2.6077454203009677e-15,1.201087633290003e-15
2.932,2.5762488067500605e-15,1.187300622705019e-15
2.933,2.545132208217739e-15,1.173670986148054e-15
2.934,2.5143910449564316e-15,1.1601969388495325e-15
2.935,2.4840207923434623e-15,1.1468767161278303e-15
2.936,2.4540169802184152e-15,1.1337085731652104e-15
2.937,2.4243751922284483e-15,1.1206907847862318e-15
2.938,2.3950910651814686e-15,1.1078216452386019e-15
2.939,2.3661602884070714e-15,1.095099467976448e-15
2.94,2.3375786031251497e-15,1.0825225854459823e-15
2.941,2.3093418018220828e-15,1.0700893488735314e-15
2.942,2.2814457276344164e-15,1.0577981280559064e-15
2.943,2.2538862737399374e-15,1.0456473111530902e-15
2.944,2.2266593827560618e-15,1.0336353044832111e-15
2.945,2.1997610461454433e-15,1.0217605323197835e-15
2.946,2.173187303628719e-15,1.0100214366911883e-15
2.947,2.1469342426043048e-15,9.984164771823681e-16
2.948,2.1209979975751567e-15,9.869441307387145e-16
2.949,2.0953747495824136e-15,9.756028914721233e-16
2.95,2.070060725645843e-15,9.643912704691926e-16
2.951,2.045052198211001e-15,9.533077956015428e-16
2.952,2.020345484603033e-15,9.423510113382325e-16
2.953,1.9959369464870304e-15,9.315194785602495e-16
2.954,1.971822989334869e-15,9.208117743770546e-16
2.955,1.94800006189845e-15,9.102264919451535e-16
2.956,1.9244646556892594e-15,8.997622402886764e-16
2.957,1.9012133044641885e-15,8.89417644121943e-16
2.958,1.8782425837175167e-15,8.791913436739912e-16
2.959,1.8555491101790033e-15,8.690819945150488e-16
2.96,1.8331295413180023e-15,8.590882673849239e-16
2.961,1.810980574853533e-15,8.492088480232977e-16
2.962,1.7890989482702343e-15,8.394424370018958e-16
2.963,1.7674814383401325e-15,8.29787749558517e-16
2.964,1.7461248606501525e-15,8.202435154329022e-16
2.965,1.7250260691353012e-15,8.108084787044198e-16
2.966,1.7041819556174604e-15,8.014813976315517e-16
2.967,1.683589449349717e-15,7.922610444931549e-16
2.968,1.6632455165661666e-15,7.83146205431485e-16
2.969,1.6431471600371232e-15,7.741356802969586e-16
2.97,1.6232914186296732e-15,7.652282824946358e-16
2.971,1.6036753668735051e-15,7.564228388324064e-16
2.972,1.5842961145319562e-15,7.477181893708583e-16
2.973,1.5651508061782108e-15,7.391131872748104e-16
2.974,1.5462366207765875e-15,7.306066986664946e-16
2.975,1.52755077126886e-15,7.221976024803632e-16
2.976,1.5090905041655423e-15,7.1388479031951e-16
2.977,1.4908530991420861e-15,7.056671663136828e-16
2.978,1.4728358686399303e-15,6.975436469788723e-16
2.979,1.4550361574723382e-15,6.895131610784593e-16
2.98,1.4374513424349753e-15,6.815746494859034e-16
2.981,1.4200788319211615e-15,6.73727065048956e-16
2.982,1.4029160655417473e-15,6.659693724553804e-16
2.983,1.3859605137495553e-15,6.583005481001649e-16
2.984,1.3692096774683352e-15,6.507195799542081e-16
2.985,1.3526610877261749e-15,6.432254674344656e-16
2.986,1.3363123052933172e-15,6.358172212755366e-16
2.987,1.3201609203243275e-15,6.284938634026793e-16
2.988,1.3042045520045604e-15,6.212544268062369e-16
2.989,1.2884408482008743e-15,6.140979554174587e-16
2.99,1.2728674851165427e-15,6.070235039857014e-16
2.991,1.2574821669503123e-15,6.000301379569966e-16
2.992,1.2422826255595565e-15,5.931169333539674e-16
2.993,1.2272666201274771e-15,5.862829766570805e-16
2.994,1.2124319368343064e-15,5.795273646872191e-16
2.995,1.1977763885324566e-15,5.728492044895619e-16
2.996,1.1832978144255767e-15,5.662476132187534e-16
2.997,1.1689940797514628e-15,5.597217180253523e-16
2.998,1.1548630754687818e-15,5.532706559435429e-16
2.999,1.1409027179475566e-15,5.468935737800965e-16
3.0,1.127110948663374e-15,5.40589628004568e-16
3.001,1.1134857338952645e-15,5.343579846407154e-16
3.002,1.1000250644272153e-15,5.281978191591278e-16
3.003,1.0867269552532695e-15,5.221083163710487e-16
3.004,1.0735894452861688e-15,5.160886703233817e-16
3.005,1.0606105970694995e-15,5.10138084194866e-16
3.006,1.0477884964932956e-15,5.042557701934071e-16
3.007,1.0351212525130635e-15,4.984409494545528e-16
3.008,1.0226069968721797e-15,4.926928519410987e-16
3.009,1.0102438838276294e-15,4.870107163438135e-16
3.01,9.980300898790364e-16,4.813937899832701e-16
3.011,9.859638135009559e-16,4.758413287127703e-16
3.012,9.740432748783799e-16,4.703525968223532e-16
3.013,9.622667156454246e-16,4.649268669438713e-16
3.014,9.506323986271586e-16,4.595634199571271e-16
3.015,9.391386075845337e-16,4.542615448970552e-16
3.016,9.277836469623824e-16,4.490205388619396e-16
3.017,9.16565841640444e-16,4.438397069226551e-16
3.018,9.054835366873847e-16,4.3871836203292074e-16
3.019,8.945350971177742e-16,4.3365582494055444e-16
3.02,8.837189076519832e-16,4.2865142409971803e-16
3.021,8.730333724789682e-16,4.2370449558414143e-16
3.022,8.624769150219077e-16,4.188143830013153e-16
3.023,8.520479777066563e-16,4.1398043740764124e-16
3.024,8.417450217329819e-16,4.0920201722452933e-16
3.025,8.31566526848554e-16,4.044784881554325e-16
3.026,8.215109911256484e-16,3.9980922310380693e-16
3.027,8.115769307405378e-16,3.951936020919888e-16
3.028,8.017628797555332e-16,3.906310121809771e-16
3.029,7.920673899036473e-16,3.8612084739111214e-16
3.03,7.824890303758469e-16,3.816625086236404e-16
3.031,7.73026387610862e-16,3.7725540358315585e-16
3.032,7.636780650875242e-16,3.7289894670090727e-16
3.033,7.544426831196004e-16,3.685925590589632e-16
3.034,7.453188786530947e-16,3.6433566831522425e-16
3.035,7.363053050659869e-16,3.601277086292734e-16
3.036,7.274006319703793e-16,3.5596812058905534e-16
3.037,7.18603545017023e-16,3.518563511383758e-16
3.038,7.099127457021947e-16,3.4779185350521117e-16
3.039,7.013269511768955e-16,3.4377408713081977e-16
3.04,6.928448940583449e-16,3.398025175996464e-16
3.041,6.844653222437409e-16,3.3587661657001056e-16
3.042,6.761869987262611e-16,3.319958617055701e-16
3.043,6.680087014132751e-16,3.281597366075518e-16
3.044,6.599292229467443e-16,3.2436773074773985e-16
3.045,6.519473705257811e-16,3.2061933940221486e-16
3.046,6.440619657313428e-16,3.1691406358583397e-16
3.047,6.362718443530332e-16,3.1325140998744425e-16
3.048,6.285758562179876e-16,3.096308909058218e-16
3.049,6.209728650218161e-16,3.060520241863278e-16
3.05,6.134617481615803e-16,3.0251433315827353e-16
3.051,6.060413965707779e-16,2.9901734657298757e-16
3.052,5.987107145563141e-16,2.955605985425757e-16
3.053,5.914686196374321e-16,2.921436284793672e-16
3.054,5.84314042386582e-16,2.887659810360398e-16
3.055,5.772459262722034e-16,2.854272060464147e-16
3.056,5.702632275033999e-16,2.8212685846691547e-16
3.057,5.633649148764809e-16,2.788644983186826e-16
3.058,5.565499696233505e-16,2.7563969063033737e-16
3.059,5.498173852617195e-16,2.7245200538138644e-16
3.06,5.431661674471195e-16,2.6930101744626144e-16
3.061,5.365953338266974e-16,2.661863065389858e-16
3.062,5.30103913894769e-16,2.6310745715846165e-16
3.063,5.236909488501093e-16,2.6006405853437073e-16
3.064,5.17355491454961e-16,2.5705570457368173e-16
3.065,5.110966058957387e-16,2.540819938077574e-16
3.066,5.049133676454085e-16,2.5114252934005545e-16
3.067,4.988048633275241e-16,2.482369187944157e-16
3.068,4.92770190581898e-16,2.453647742639277e-16
3.069,4.868084579318898e-16,2.4252571226037177e-16
3.07,4.809187846532903e-16,2.39719353664228e-16
3.071,4.751003006447836e-16,2.369453236752455e-16
3.072,4.693521462999682e-16,2.342032517635673e-16
3.073,4.636734723809174e-16,2.31492771621403e-16
3.074,4.58063439893261e-16,2.2881352111524513e-16
3.075,4.525212199627709e-16,2.2616514223862067e-16
3.076,4.470459937134313e-16,2.235472810653744e-16
3.077,4.416369521469755e-16,2.209595877034761e-16
3.078,4.3629329602387335e-16,2.1840171624934662e-16
3.079,4.3101423574575025e-16,2.158733247426975e-16
3.08,4.2579899123922093e-16,2.1337407512187734e-16
3.081,4.206467918411218e-16,2.1090363317972027e-16
3.082,4.1555687618512375e-16,2.0846166851989022e-16
3.083,4.1052849208970986e-16,2.0604785451371602e-16
3.084,4.0556089644750125e-16,2.0366186825751147e-16
3.085,4.006533551159149e-16,2.0130339053037514e-16
3.086,3.9580514280913684e-16,1.9897210575246468e-16
3.087,3.9101554299139655e-16,1.9666770194373998e-16
3.088,3.862838477715247e-16,1.9438987068317047e-16
3.089,3.816093577987805e-16,1.9213830706840087e-16
3.09,3.769913821599331e-16,1.899127096758708e-16
3.091,3.724292382775811e-16,1.8771278052138257e-16
3.092,3.6792225180969623e-16,1.8553822502111288e-16
3.093,3.6346975655037616e-16,1.833887519530629e-16
3.094,3.59071094331792e-16,1.8126407341894201e-16
3.095,3.5472561492731554e-16,1.7916390480648066e-16
3.096,3.504326759558132e-16,1.7708796475216698e-16
3.097,3.4619164278709154e-16,1.7503597510440307e-16
3.098,3.4200188844848113e-16,1.7300766088707567e-16
3.099,3.3786279353254484e-16,1.7100275026353722e-16
3.1,3.337737461058972e-16,1.6902097450099204e-16
3.101,3.297341416191213e-16,1.670620679352838e-16
3.102,3.257433828177702e-16,1.651257679360792e-16
3.103,3.2180087965443944e-16,1.6321181487244394e-16
3.104,3.179060492018986e-16,1.6131995207880617e-16
3.105,3.1405831556726823e-16,1.5944992582130345e-16
3.106,3.1025710980722997e-16,1.5760148526450868e-16
3.107,3.065018698442576e-16,1.5577438243853099e-16
3.108,3.0279204038385687e-16,1.5396837220648718e-16
3.109,2.991270728328009e-16,1.5218321223233974e-16
3.11,2.9550642521835103e-16,1.504186629490972e-16
3.111,2.9192956210844936e-16,1.4867448752737304e-16
3.112,2.8839595453287276e-16,1.4695045184429886e-16
3.113,2.8490507990533583e-16,1.4524632445278786e-16
3.114,2.8145642194653193e-16,1.4356187655114508e-16
3.115,2.780494706081009e-16,1.4189688195302e-16
3.116,2.7468372199751225e-16,1.402511170576981e-16
3.117,2.713586783038524e-16,1.3862436082072746e-16
3.118,2.680738477245063e-16,1.3701639472487642e-16
3.119,2.6482874439272135e-16,1.35427002751419e-16
3.12,2.6162288830604355e-16,1.3385597135174418e-16
3.121,2.5845580525561586e-16,1.3230308941928536e-16
3.122,2.5532702675632726e-16,1.3076814826176663e-16
3.123,2.5223608997780367e-16,1.2925094157376216e-16
3.124,2.491825376762293e-16,1.2775126540956507e-16
3.125,2.4616591812698957e-16,1.2626891815636292e-16
3.126,2.431857850581246e-16,1.2480370050771537e-16
3.127,2.402416975845846e-16,1.233554154373317e-16
3.128,2.3733322014327698e-16,1.219238681731441e-16
3.129,2.344599224288953e-16,1.2050886617167375e-16
3.13,2.3162137933052146e-16,1.1911021909268624e-16
3.131,2.2881717086899133e-16,1.1772773877413333e-16
3.132,2.2604688213501473e-16,1.1636123920737752e-16
3.133,2.2331010322804042e-16,1.150105365126966e-16
3.134,2.20606429195858e-16,1.1367544891506472e-16
3.135,2.179354599749267e-16,1.1235579672020716e-16
3.136,2.1529680033142315e-16,1.110514022909256e-16
3.137,2.126900598029992e-16,1.0976209002369084e-16
3.138,2.1011485264124115e-16,1.0848768632549994e-16
3.139,2.075707977548222e-16,1.0722801959099508e-16
3.14,2.0505751865333964e-16,1.0598292017984084e-16
3.141,2.0257464339182831e-16,1.0475222039435723e-16
3.142,2.0012180451594285e-16,1.0353575445740558e-16
3.143,1.9769863900779983e-16,1.0233335849052435e-16
3.144,1.9530478823247262e-16,1.0114487049231222e-16
3.145,1.9293989788513058e-16,9.99701303170555e-17
3.146,1.9060361793881514e-16,9.880897965359737e-17
3.147,1.8829560259284496e-16,9.766126200444585e-17
3.148,1.8601551022184258e-16,9.652682266511832e-17
3.149,1.8376300332537536e-16,9.540550870371947e-17
3.15,1.8153774847820278e-16,9.42971689407504e-17
3.151,1.7933941628112343e-16,9.320165392914604e-17
3.152,1.771676813124139e-16,9.211881593453848e-17
3.153,1.750222220798531e-16,9.104850891574367e-17
3.154,1.7290272097332403e-16,8.999058850546881e-17
3.155,1.7080886421798719e-16,8.894491199123821e-17
3.156,1.6874034182801776e-16,8.791133829653493e-17
3.157,1.666968475609003e-16,8.688972796215599e-17
3.158,1.6467807887227432e-16,8.587994312777853e-17
3.159,1.6268373687132352e-16,8.488184751373473e-17
3.16,1.6071352627670285e-16,8.389530640299311e-17
3.161,1.5876715537299657e-16,8.292018662334381e-17
3.162,1.5684433596770086e-16,8.195635652978556e-17
3.163,1.5494478334872483e-16,8.100368598711229e-17
3.164,1.5306821624240363e-16,8.006204635269677e-17
3.165,1.5121435677201751e-16,7.91313104594695e-17
3.166,1.493829304168107e-16,7.821135259909012e-17
3.167,1.4757366597150405e-16,7.730204850530976e-17
3.168,1.457862955062958e-16,7.640327533752179e-17
3.169,1.4402055432734414e-16,7.551491166449891e-17
3.17,1.4227618093772597e-16,7.463683744831463e-17
3.171,1.4055291699886638e-16,7.37689340284469e-17
3.172,1.3885050729243266e-16,7.291108410606202e-17
3.173,1.3716869968268783e-16,7.206317172847655e-17
3.174,1.3550724507929754e-16,7.122508227379551e-17
3.175,1.338658974005856e-16,7.039670243572467e-17
3.176,1.3224441353723189e-16,6.957792020855502e-17
3.177,1.3064255331640827e-16,6.876862487231762e-17
3.178,1.2906007946634635e-16,6.796870697810662e-17
3.179,1.274967575813325e-16,6.717805833356894e-17
3.18,1.2595235608712465e-16,6.639657198855837e-17
3.181,1.2442664620678612e-16,6.562414222095251e-17
3.182,1.2291940192693095e-16,6.486066452263051e-17
3.183,1.2143039996437633e-16,6.410603558560999e-17
3.184,1.1995941973319687e-16,6.33601532883412e-17
3.185,1.1850624331217597e-16,6.262291668215669e-17
3.186,1.1707065541264962e-16,6.189422597787483e-17
3.187,1.1565244334673765e-16,6.117398253255528e-17
3.188,1.1425139699595807e-16,6.046208883640482e-17
3.189,1.1286730878021967e-16,5.975844849983184e-17
3.19,1.114999736271884e-16,5.906296624064776e-17
3.191,1.1014918894202299e-16,5.837554787141378e-17
3.192,1.0881475457747553e-16,5.769610028693126e-17
3.193,1.0749647280435228e-16,5.702453145187414e-17
3.194,1.0619414828233079e-16,5.636075038856186e-17
3.195,1.0490758803112867e-16,5.570466716487111e-17
3.196,1.0363660140202004e-16,5.5056192882284876e-17
3.197,1.0238100004969528e-16,5.441523966407722e-17
3.198,1.011405979044601e-16,5.378172064363232e-17
3.199,9.991521114476974e-17,5.315554995289616e-17
3.2,9.870465817009432e-17,5.2536642710959476e-17
3.201,9.750875957411133e-17,5.1924915012770417e-17
3.202,9.632733811822136e-17,5.132028391797544e-17
3.203,9.516021870538303e-17,5.072266743988707e-17
3.204,9.400722835426352e-17,5.0131984534577003e-17
3.205,9.286819617370073e-17,4.9548155090093214e-17
3.206,9.174295333747331e-17,4.8971099915799615e-17
3.207,9.063133305937493e-17,4.840074073183694e-17
3.208,8.953317056858912e-17,4.7837000158703366e-17
3.209,8.844830308536094e-17,4.727980170695372e-17
3.21,8.737656979696218e-17,4.672906976701573e-17
3.211,8.631781183394613e-17,4.618472959912209e-17
3.212,8.527187224668891e-17,4.564670732335712e-17
3.213,8.423859598221352e-17,4.5114929909816486e-17
3.214,8.321782986129341e-17,4.4589325168878966e-17
3.215,8.220942255583217e-17,4.406982174158885e-17
3.216,8.121322456651599e-17,4.3556349090147735e-17
3.217,8.022908820073559e-17,4.3048837488514504e-17
3.218,7.92568675507744e-17,4.254721801311231e-17
3.219,7.829641847225984e-17,4.205142253364123e-17
3.22,7.734759856287433e-17,4.156138370399554e-17
3.221,7.641026714132326e-17,4.107703495328433e-17
3.222,7.548428522655633e-17,4.059831047695434e-17
3.223,7.456951551723979e-17,4.01251452280138e-17
3.224,7.366582237147596e-17,3.9657474908356265e-17
3.225,7.277307178676756e-17,3.919523596018314e-17
3.226,7.189113138022358e-17,3.873836555752391e-17
3.227,7.10198703690039e-17,3.828680159785289e-17
3.228,7.01591595509998e-17,3.784048269380153e-17
3.229,6.930887128574743e-17,3.739934816496496e-17
3.23,6.846887947557153e-17,3.696333802980198e-17
3.231,6.763905954695661e-17,3.653239299762728e-17
3.232,6.681928843214276e-17,3.610645446069479e-17
3.233,6.600944455094351e-17,3.568546448637136e-17
3.234,6.520940779278294e-17,3.5269365809399504e-17
3.235,6.441905949894954e-17,3.4858101824248305e-17
3.236,6.36382824450641e-17,3.445161657755155e-17
3.237,6.286696082375901e-17,3.404985476063195e-17
3.238,6.210498022756662e-17,3.3652761702110616e-17
3.239,6.135222763201397e-17,3.326028336060075e-17
3.24,6.060859137892138e-17,3.28723663174846e-17
3.241,5.98739611599026e-17,3.248895776977278e-17
3.242,5.914822800006398e-17,3.211000552304495e-17
3.243,5.843128424190026e-17,3.1735457984471064e-17
3.244,5.77230235293847e-17,3.136526415591205e-17
3.245,5.702334079225107e-17,3.099937362709932e-17
3.246,5.633213223046532e-17,3.063773656889193e-17
3.247,5.564929529888453e-17,3.028030372661069e-17
3.248,5.4974728692101026e-17,2.9927026413448306e-17
3.249,5.430833232946928e-17,2.9577856503954696e-17
3.25,5.365000734031348e-17,2.923274642759656e-17
3.251,5.299965604931355e-17,2.889164916239047e-17
3.252,5.235718196206752e-17,2.8554518228608637e-17
3.253,5.172248975082808e-17,2.822130768255636e-17
3.254,5.109548524041121e-17,2.7891972110420646e-17
3.255,5.047607539427487e-17,2.7566466622188873e-17
3.256,4.98641683007656e-17,2.7244746845636972e-17
3.257,4.925967315953115e-17,2.692676892038614e-17
3.258,4.8662500268096984e-17,2.6612489492027433e-17
3.259,4.807256100860479e-17,2.630186570631341e-17
3.26,4.748976783471101e-17,2.5994855203416082e-17
3.261,4.6914034258643456e-17,2.5691416112250427e-17
3.262,4.634527483841411e-17,2.5391507044862693e-17
3.263,4.578340516518621e-17,2.5095087090882798e-17
3.264,4.522834185079382e-17,2.4802115812040066e-17
3.265,4.4680002515411975e-17,2.4512553236741592e-17
3.266,4.413830577537561e-17,2.4226359854712526e-17
3.267,4.36031712311455e-17,2.3943496611697587e-17
3.268,4.307451945541946e-17,2.3663924904223073e-17
3.269,4.255227198138691e-17,2.338760657441872e-17
3.27,4.203635129112532e-17,2.3114503904898722e-17
3.271,4.1526680804136605e-17,2.284457961370122e-17
3.272,4.1023184866021884e-17,2.2577796849285628e-17
3.273,4.0525788737292914e-17,2.2314119185587095e-17
3.274,4.0034418582318617e-17,2.2053510617127518e-17
3.275,3.954900145840489e-17,2.1795935554182384e-17
3.276,3.906946530500635e-17,2.15413588180029e-17
3.277,3.859573893306817e-17,2.1289745636092693e-17
3.278,3.8127752014496635e-17,2.1041061637538507e-17
3.279,3.7665435071756735e-17,2.0795272848394303e-17
3.28,3.7208719467595317e-17,2.0552345687118093e-17
3.281,3.675753739488833e-17,2.031224696006098e-17
3.282,3.6311821866610535e-17,2.0074943857007736e-17
3.283,3.587150670592634e-17,1.9840403946768426e-17
3.284,3.5436526536400234e-17,1.960859517282039e-17
3.285,3.5006816772325354e-17,1.9379485849000093e-17
3.286,3.458231360916885e-17,1.9153044655244255e-17
3.287,3.4162954014132523e-17,1.8929240633379673e-17
3.288,3.3748675716827456e-17,1.8708043182961217e-17
3.289,3.3339417200061195e-17,1.8489422057157433e-17
3.29,3.293511769073612e-17,1.8273347358683217e-17
3.291,3.253571715085771e-17,1.8059789535779028e-17
3.292,3.214115626865137e-17,1.78487193782361e-17
3.293,3.175137644978646e-17,1.7640108013467145e-17
3.294,3.136631980870629e-17,1.7433926902622013e-17
3.295,3.098592916006278e-17,1.7230147836747815e-17
3.296,3.061014801025449e-17,1.7028742932992988e-17
3.297,3.0238920549066865e-17,1.6829684630854815e-17
3.298,2.987219164141338e-17,1.6632945688469895e-17
3.299,2.9509906819176365e-17,1.6438499178947075e-17
3.3,2.9152012273146386e-17,1.6246318486742367e-17
3.301,2.879845484505889e-17,1.6056377304075385e-17
3.302,2.844918201972704e-17,1.5868649627386783e-17
3.303,2.810414191726952e-17,1.5683109753836285e-17
3.304,2.776328328543217e-17,1.549973227784081e-17
3.305,2.742655549200233e-17,1.5318492087652238e-17
3.306,2.7093908517314773e-17,1.5139364361974376e-17
3.307,2.6765292946848138e-17,1.4962324566618688e-17
3.308,2.644065996391074e-17,1.4787348451198294e-17
3.309,2.61199613424147e-17,1.4614412045859894e-17
3.31,2.580314943973732e-17,1.4443491658053085e-17
3.311,2.549017718966866e-17,1.427456386933672e-17
3.312,2.518099809544428e-17,1.4107605532221853e-17
3.313,2.4875566222862097e-17,1.394259376705085e-17
3.314,2.4573836193482372e-17,1.3779505958912284e-17
3.315,2.4275763177909793e-17,1.3618319754591172e-17
3.316,2.3981302889156702e-17,1.3459013059554158e-17
3.317,2.3690411576086455e-17,1.3301564034969277e-17
3.318,2.3403046016935953e-17,1.3145951094759852e-17
3.319,2.3119163512916406e-17,1.299215290269218e-17
3.32,2.2838721881891373e-17,1.2840148369496611e-17
3.321,2.2561679452131146e-17,1.2689916650021608e-17
3.322,2.2287995056142563e-17,1.254143714042046e-17
3.323,2.2017628024573335e-17,1.2394689475370253e-17
3.324,2.175053818018998e-17,1.2249653525322718e-17
3.325,2.1486685831928502e-17,1.2106309393786619e-17
3.326,2.1226031769016918e-17,1.1964637414641298e-17
3.327,2.0968537255168753e-17,1.1824618149481043e-17
3.328,2.0714164022846684e-17,1.1686232384989912e-17
3.329,2.0462874267595458e-17,1.1549461130346665e-17
3.33,2.0214630642443235e-17,1.1414285614659475e-17
3.331,1.99693962523706e-17,1.1280687284430065e-17
3.332,1.972713464884633e-17,1.1148647801046941e-17
3.333,1.948780982442918e-17,1.101814903830739e-17
3.334,1.9251386207434876e-17,1.0889173079967899e-17
3.335,1.9017828656667517e-17,1.0761702217322708e-17
3.336,1.8787102456214612e-17,1.0635718946810135e-17
3.337,1.855917331030499e-17,1.0511205967646371e-17
3.338,1.8334007338228827e-17,1.0388146179486453e-17
3.339,1.811157106931902e-17,1.0266522680112062e-17
3.34,1.7891831437993217e-17,1.0146318763145883e-17
3.341,1.767475577885567e-17,1.0027517915792188e-17
3.342,1.7460311821858352e-17,9.910103816603377e-18
3.343,1.7248467687520423e-17,9.794060333272144e-18
3.344,1.7039191882205538e-17,9.679371520449005e-18
3.345,1.6832453293456134e-17,9.566021617584888e-18
3.346,1.662822118538412e-17,9.453995046798489e-18
3.347,1.6426465194117248e-17,9.343276410768131e-18
3.348,1.6227155323300472e-17,9.233850490647832e-18
3.349,1.603026193965167e-17,9.125702244007301e-18
3.35,1.5835755768571066e-17,9.018816802795611e-18
3.351,1.5643607889803673e-17,8.913179471328254e-18
3.352,1.545378973315415e-17,8.808775724297318e-18
3.353,1.526627307425343e-17,8.705591204804545e-18
3.354,1.5081030030376503e-17,8.603611722416957e-18
3.355,1.4898033056310703e-17,8.50282325124485e-18
3.356,1.4717254940273933e-17,8.403211928041867e-18
3.357,1.4538668799882202e-17,8.304764050326894e-18
3.358,1.4362248078165882e-17,8.207466074527554e-18
3.359,1.4187966539634092e-17,8.111304614145031e-18
3.36,1.4015798266386646e-17,8.01626643793999e-18
3.361,1.3845717654272968e-17,7.922338468139344e-18
3.362,1.3677699409097427e-17,7.829507778663648e-18
3.363,1.3511718542870507e-17,7.737761593374855e-18
3.364,1.3347750370105297e-17,7.647087284344226e-18
3.365,1.318577050415871e-17,7.557472370140159e-18
3.366,1.302575485361693e-17,7.46890451413569e-18
3.367,1.2867679618724515e-17,7.381371522835476e-18
3.368,1.2711521287856677e-17,7.294861344222003e-18
3.369,1.2557256634034163e-17,7.209362066120812e-18
3.37,1.2404862711480267e-17,7.124861914584545e-18
3.371,1.2254316852219445e-17,7.041349252295547e-18
3.372,1.2105596662717025e-17,6.95881257698688e-18
3.373,1.1958680020559536e-17,6.87724051988146e-18
3.374,1.1813545071175144e-17,6.796621844149187e-18
3.375,1.1670170224593725e-17,6.716945443381801e-18
3.376,1.1528534152246097e-17,6.6382003400852916e-18
3.377,1.1388615783801919e-17,6.56037568418966e-18
3.378,1.1250394304045827e-17,6.4834607515758226e-18
3.379,1.1113849149791293e-17,6.407444942619468e-18
3.38,1.0978960006831814e-17,6.332317780751671e-18
3.381,1.0845706806928922e-17,6.2580689110360754e-18
3.382,1.0714069724836614e-17,6.184688098762447e-18
3.383,1.0584029175361728e-17,6.112165228056423e-18
3.384,1.0455565810459866e-17,6.0404903005052565e-18
3.385,1.0328660516366398e-17,5.969653433799388e-18
3.386,1.0203294410762161e-17,5.899644860389648e-18
3.387,1.0079448839973393e-17,5.83045492615993e-18
3.388,9.957105376205533e-18,5.762074089115136e-18
3.389,9.836245814810435e-18,5.694492918084232e-18
3.39,9.716852171586634e-18,5.627702091438242e-18
3.391,9.598906680112222e-18,5.561692395823005e-18
3.392,9.482391789109981e-18,5.496454724906519e-18
3.393,9.36729015984435e-18,5.431980078140719e-18
3.394,9.253584663549874e-18,5.368259559537519e-18
3.395,9.141258378890714e-18,5.30528437645894e-18
3.396,9.030294589450888e-18,5.243045838421191e-18
3.397,8.92067678125484e-18,5.181535355912514e-18
3.398,8.812388640317975e-18,5.1207444392246566e-18
3.399,8.70541405022682e-18,5.0606646972978e-18
3.4,8.599737089748418e-18,5.001287836578803e-18
3.401,8.495342030468641e-18,4.942605659892598e-18
3.402,8.392213334459033e-18,4.884610065326593e-18
3.403,8.290335651971873e-18,4.82729304512793e-18
3.404,8.189693819163104e-18,4.770646684613451e-18
3.405,8.090272855842766e-18,4.714663161092231e-18
3.406,7.992057963252663e-18,4.6593347428005256e-18
3.407,7.89503452187086e-18,4.6046537878489936e-18
3.408,7.799188089242752e-18,4.550612743182064e-18
3.409,7.704504397838329e-18,4.49720414354929e-18
3.41,7.610969352935372e-18,4.444420610488568e-18
3.411,7.518569030528224e-18,4.392254851321076e-18
3.412,7.427289675261848e-18,4.340699658157801e-18
3.413,7.337117698390866e-18,4.2897479069175255e-18
3.414,7.24803967576327e-18,4.2393925563561335e-18
3.415,7.160042345828524e-18,4.18962664710711e-18
3.416,7.073112607669727e-18,4.140443300733114e-18
3.417,6.98723751905959e-18,4.091835718788478e-18
3.418,6.90240429453991e-18,4.0437971818925315e-18
3.419,6.8186003035242605e-18,3.996321048813608e-18
3.42,6.7358130684236354e-18,3.9494007555636195e-18
3.421,6.654030262794745e-18,3.9030298145030736e-18
3.422,6.57323970951071e-18,3.857201813456422e-18
3.423,6.4934293789538715e-18,3.811910414837608e-18
3.424,6.414587387230453e-18,3.76714935478571e-18
3.425,6.3367019944068145e-18,3.7229124423105524e-18
3.426,6.2597616027670324e-18,3.67919355844818e-18
3.427,6.183754755091545e-18,3.63598665542608e-18
3.428,6.108670132956625e-18,3.5932857558380256e-18
3.429,6.034496555054402e-18,3.5510849518284645e-18
3.43,5.961222975533211e-18,3.509378404286298e-18
3.431,5.888838482358006e-18,3.468160342047981e-18
3.432,5.8173322956906055e-18,3.427425061109817e-18
3.433,5.746693766289522e-18,3.3871669238493435e-18
3.434,5.676912373929143e-18,3.347380358255709e-18
3.435,5.607977725838034e-18,3.308059857168935e-18
3.436,5.539879555156127e-18,3.26919997752796e-18
3.437,5.47260771941056e-18,3.2307953396273675e-18
3.438,5.406152199009963e-18,3.1928406263826953e-18
3.439,5.340503095756943e-18,3.1553305826042294e-18
3.44,5.275650631378565e-18,3.1182600142791848e-18
3.441,5.211585146074605e-18,3.081623787862176e-18
3.442,5.14829709708336e-18,3.045416829573881e-18
3.443,5.0857770572648075e-18,3.0096341247078078e-18
3.444,5.024015713700894e-18,2.9742707169450688e-18
3.445,4.963003866312765e-18,2.9393217076770674e-18
3.446,4.9027324264947055e-18,2.904782255336013e-18
3.447,4.843192415764619e-18,2.8706475747331672e-18
3.448,4.784374964430815e-18,2.836912936404737e-18
3.449,4.72627131027493e-18,2.8035736659653267e-18
3.45,4.66887279725078e-18,2.770625143468857e-18
3.451,4.61217087419895e-18,2.7380628027768732e-18
3.452,4.556157093576929e-18,2.7058821309341504e-18
3.453,4.500823110204612e-18,2.6740786675515144e-18
3.454,4.44616068002497e-18,2.642648004195797e-18
3.455,4.392161658879714e-18,2.6115857837868414e-18
3.456,4.338818001299773e-18,2.580887700001477e-18
3.457,4.2861217593103964e-18,2.550549496684385e-18
3.458,4.2340650812507155e-18,2.520566967265771e-18
3.459,4.182640210607586e-18,2.490935954185774e-18
3.46,4.131839484863532e-18,2.461652348325526e-18
3.461,4.081655334358629e-18,2.4327120884447914e-18
3.462,4.032080281166163e-18,2.404111160626108e-18
3.463,3.983106937981875e-18,2.375845597725354e-18
3.464,3.9347280070266635e-18,2.3479114788286737e-18
3.465,3.88693627896254e-18,2.3203049287156734e-18
3.466,3.839724631821718e-18,2.2930221173288356e-18
3.467,3.793086029948648e-18,2.2660592592490625e-18
3.468,3.7470135229548545e-18,2.23941261317729e-18
3.469,3.701500244686416e-18,2.213078481422093e-18
3.47,3.6565394122039425e-18,2.1870532093932218e-18
3.471,3.612124324774885e-18,2.1613331851009955e-18
3.472,3.5682483628780476e-18,2.135914838661486e-18
3.473,3.524904987220132e-18,2.110794641807425e-18
3.474,3.482087737764194e-18,2.0859691074047762e-18
3.475,3.439790232769841e-18,2.0614347889748914e-18
3.476,3.3980061678450563e-18,2.0371882802222036e-18
3.477,3.3567293150094845e-18,2.0132262145673808e-18
3.478,3.3159535217690576e-18,1.9895452646858833e-18
3.479,3.2756727102018156e-18,1.9661421420518616e-18
3.48,3.235880876054788e-18,1.9430135964873333e-18
3.481,3.1965720878518054e-18,1.9201564157165752e-18
3.482,3.1577404860121037e-18,1.897567424925677e-18
3.483,3.119380281979596e-18,1.8752434863271887e-18
3.484,3.081485757362681e-18,1.853181498729811e-18
3.485,3.0440512630844547e-18,1.8313783971130655e-18
3.486,3.0070712185432155e-18,1.8098311522068884e-18
3.487,2.9705401107831175e-18,1.7885367700760936e-18
3.488,2.9344524936748664e-18,1.767492291709644e-18
3.489,2.8988029871063262e-18,1.7466947926146798e-18
3.49,2.8635862761829237e-18,1.7261413824152494e-18
3.491,2.8287971104377274e-18,1.7058292044556822e-18
3.492,2.7944303030510844e-18,1.6857554354085603e-18
3.493,2.7604807300797054e-18,1.6659172848872252e-18
3.494,2.7269433296950745e-18,1.646311995062776e-18
3.495,2.6938131014310778e-18,1.6269368402855011e-18
3.496,2.661085105440738e-18,1.6077891267106957e-18
3.497,2.6287544617619426e-18,1.5888661919288141e-18
3.498,2.5968163495920608e-18,1.5701654045999055e-18
3.499,2.5652660065713355e-18,1.551684164092284e-18
3.5,2.5340987280749536e-18,1.5334199001253872e-18
3.501,2.503309866513678e-18,1.5153700724167694e-18
3.502,2.4728948306429496e-18,1.497532170333187e-18
3.503,2.4428490848803485e-18,1.4799037125457255e-18
3.504,2.413168148631316e-18,1.4624822466889236e-18
3.505,2.3838475956230383e-18,1.4452653490238472e-18
3.506,2.354883053246393e-18,1.4282506241050662e-18
3.507,2.3262702019058596e-18,1.4114357044514939e-18
3.508,2.2980047743772973e-18,1.3948182502210386e-18
3.509,2.2700825551735003e-18,1.3783959488890274e-18
3.51,2.242499379917428e-18,1.3621665149303566e-18
3.511,2.215251134723024e-18,1.3461276895053273e-18
3.512,2.1883337555835296e-18,1.330277240149122e-18
3.513,2.1617432277672006e-18,1.314612960464882e-18
3.514,2.13547558522034e-18,1.2991326698203412e-18
3.515,2.1095269099775552e-18,1.2838342130479794e-18
3.516,2.0838933315791565e-18,1.2687154601486503e-18
3.517,2.0585710264956044e-18,1.2537743059986465e-18
3.518,2.0335562175589264e-18,1.239008670060162e-18
3.519,2.008845173401018e-18,1.2244164960951104e-18
3.52,1.9844342078987383e-18,1.2099957518822636e-18
3.521,1.9603196796257293e-18,1.19574442893767e-18
3.522,1.936497991310866e-18,1.1816605422383158e-18
3.523,1.9129655893032657e-18,1.1677421299489907e-18
3.524,1.8897189630437717e-18,1.1539872531523215e-18
3.525,1.8667546445428375e-18,1.1403939955819388e-18
3.526,1.8440692078647293e-18,1.1269604633587368e-18
3.527,1.821659268617975e-18,1.1136847847301944e-18
3.528,1.7995214834519807e-18,1.1005651098127187e-18
3.529,1.7776525495597417e-18,1.08759961033698e-18
3.53,1.7560492041865763e-18,1.0747864793962e-18
3.531,1.7347082241448018e-18,1.0621239311973602e-18
3.532,1.713626425334293e-18,1.0496102008152985e-18
3.533,1.6928006622688406e-18,1.0372435439496583e-18
3.534,1.6722278276082458e-18,1.0250222366846585e-18
3.535,1.6519048516960799e-18,1.0129445752516514e-18
3.536,1.6318287021030406e-18,1.0010088757944357e-18
3.537,1.6119963831758369e-18,9.892134741372939e-19
3.538,1.592404935591536e-18,9.775567255557222e-19
3.539,1.5730514359173065e-18,9.66037004549821e-19
3.54,1.5539329961754913e-18,9.546527046203165e-19
3.541,1.5350467634139484e-18,9.43402238047181e-19
3.542,1.5163899192815922e-18,9.322840356708262e-19
3.543,1.4979596796090756e-18,9.212965466758323e-19
3.544,1.4797532939945488e-18,9.104382383771923e-19
3.545,1.4617680453944348e-18,8.997075960090357e-19
3.546,1.4440012497191591e-18,8.891031225158057e-19
3.547,1.4264502554337755e-18,8.78623338345862e-19
3.548,1.4091124431634274e-18,8.682667812474793e-19
3.549,1.3919852253035872e-18,8.5803200606721575e-19
3.55,1.3750660456350146e-18,8.479175845506225e-19
3.551,1.3583523789433793e-18,8.37922105145268e-19
3.552,1.3418417306434872e-18,8.280441728060497e-19
3.553,1.32553163640806e-18,8.182824088027679e-19
3.554,1.3094196618010081e-18,8.0863545052993365e-19
3.555,1.2935034019151458e-18,7.991019513187868e-19
3.556,1.277780481014293e-18,7.896805802514975e-19
3.557,1.2622485521797124e-18,7.803700219775259e-19
3.558,1.2469052969608258e-18,7.711689765321158e-19
3.559,1.2317484250301644e-18,7.620761591568966e-19
3.56,1.2167756738424943e-18,7.5309030012257015e-19
3.561,1.2019848082980723e-18,7.442101445536575e-19
3.562,1.1873736204099792e-18,7.354344522552822e-19
3.563,1.1729399289754816e-18,7.2676199754196635e-19
3.564,1.1586815792513757e-18,7.181915690684164e-19
3.565,1.1445964426332608e-18,7.097219696622753e-19
3.566,1.130682416338699e-18,7.013520161588188e-19
3.567,1.1169374230942111e-18,6.930805392375721e-19
3.568,1.1033594108260649e-18,6.849063832608268e-19
3.569,1.0899463523548072e-18,6.768284061140334e-19
3.57,1.0766962450934966e-18,6.688454790480506e-19
3.571,1.06360711074959e-18,6.609564865232276e-19
3.572,1.050676995030443e-18,6.531603260552988e-19
3.573,1.0379039673523729e-18,6.454559080630703e-19
3.574,1.0252861205532491e-18,6.378421557178778e-19
3.575,1.012821570608564e-18,6.303180047947938e-19
3.576,1.000508456350942e-18,6.2288240352556635e-19
3.577,9.883449391930475e-19,6.155343124532654e-19
3.578,9.763292028538481e-19,6.0827270428862235e-19
3.579,9.64459453088194e-19,6.010965637680377e-19
3.58,9.527339174196743e-19,5.940048875132419e-19
3.581,9.411508448767063e-19,5.869966838925866e-19
3.582,9.297085057318252e-19,5.800709728839505e-19
3.583,9.1840519124413e-19,5.732267859392394e-19
3.584,9.072392134048487e-19,5.664631658504622e-19
3.585,8.962089046859878e-19,5.597791666173642e-19
3.586,8.853126177920248e-19,5.531738533166012e-19
3.587,8.745487254146102e-19,5.466463019724351e-19
3.588,8.639156199902392e-19,5.401955994289333e-19
3.589,8.534117134608612e-19,5.338208432236556e-19
3.59,8.430354370373882e-19,5.275211414628104e-19
3.591,8.327852409660677e-19,5.212956126978636e-19
3.592,8.22659594297688e-19,5.151433858035832e-19
3.593,8.126569846595768e-19,5.090635998575029e-19
3.594,8.027759180303643e-19,5.030554040207886e-19
3.595,7.930149185174741e-19,4.971179574204908e-19
3.596,7.833725281373096e-19,4.912504290331683e-19
3.597,7.738473065981044e-19,4.85451997569865e-19
3.598,7.64437831085403e-19,4.79721851362427e-19
3.599,7.5514269605014e-19,4.740591882511407e-19
3.6,7.459605129992887e-19,4.684632154736814e-19
3.601,7.368899102890438e-19,4.629331495553527e-19
3.602,7.279295329205119e-19,4.574682162006039e-19
3.603,7.190780423378764e-19,4.520676501858113e-19
3.604,7.103341162290079e-19,4.4673069525330635e-19
3.605,7.016964483284913e-19,4.414566040066385e-19
3.606,6.931637482230383e-19,4.362446378070571e-19
3.607,6.847347411592586e-19,4.3109406667119893e-19
3.608,6.764081678537604e-19,4.260041691699665e-19
3.609,6.681827843055508e-19,4.209742323285845e-19
3.61,6.6005736161071e-19,4.1600355152781965e-19
3.611,6.520306857793124e-19,4.1109143040635085e-19
3.612,6.441015575545632e-19,4.062371807642768e-19
3.613,6.362687922341295e-19,4.0144012246774676e-19
3.614,6.285312194936345e-19,3.9669958335470273e-19
3.615,6.208876832122918e-19,3.92014899141719e-19
3.616,6.133370413006517e-19,3.873854133319268e-19
3.617,6.058781655304351e-19,3.828104771240122e-19
3.618,5.9850994136643e-19,3.782894493222731e-19
3.619,5.912312678004248e-19,3.7382169624772465e-19
3.62,5.84041057187153e-19,3.694065916502402e-19
3.621,5.769382350822281e-19,3.6504351662171554e-19
3.622,5.699217400820407e-19,3.607318595102454e-19
3.623,5.629905236655965e-19,3.564710158352994e-19
3.624,5.561435500382711e-19,3.522603882038864e-19
3.625,5.493797959774582e-19,3.4809938622769647e-19
3.626,5.426982506800881e-19,3.4398742644120715e-19
3.627,5.360979156119953e-19,3.3992393222074525e-19
3.628,5.295778043591095e-19,3.3590833370449116e-19
3.629,5.231369424804526e-19,3.319400677134157e-19
3.63,5.167743673629152e-19,3.2801857767313847e-19
3.631,5.104891280777944e-19,3.2414331353669705e-19
3.632,5.042802852390701e-19,3.2031373170821604e-19
3.633,4.981469108633986e-19,3.1652929496746623e-19
3.634,4.920880882318034e-19,3.1278947239530306e-19
3.635,4.861029117530421e-19,3.090937392999742e-19
3.636,4.801904868286297e-19,3.0544157714428616e-19
3.637,4.743499297194973e-19,3.018324734736203e-19
3.638,4.685803674142678e-19,2.9826592184478787e-19
3.639,4.628809374991273e-19,2.947414217557144e-19
3.64,4.57250788029274e-19,2.912584785759443e-19
3.641,4.516890774019258e-19,2.8781660347795584e-19
3.642,4.461949742308666e-19,2.844153133692764e-19
3.643,4.407676572225131e-19,2.8105413082539025e-19
3.644,4.354063150534845e-19,2.7773258402342795e-19
3.645,4.3011014624965564e-19,2.744502066766296e-19
3.646,4.248783590666765e-19,2.7120653796957216e-19
3.647,4.1971017137193977e-19,2.680011224941524e-19
3.648,4.146048105279794e-19,2.648335101863163e-19
3.649,4.0956151327728216e-19,2.6170325626352677e-19
3.65,4.045795256284964e-19,2.586099211629603e-19
3.651,3.99658102744019e-19,2.555530704804252e-19
3.652,3.947965088289459e-19,2.5253227490999187e-19
3.653,3.8999401702136874e-19,2.4954711018432737e-19
3.654,3.8524990928400057e-19,2.465971570157265e-19
3.655,3.8056347629711653e-19,2.4368200103783047e-19
3.656,3.7593401735279146e-19,2.408012327480258e-19
3.657,3.7136084025042e-19,2.3795444745051495e-19
3.658,3.6684326119350336e-19,2.351412452000519e-19
3.659,3.6238060468768706e-19,2.3236123074633333e-19
3.66,3.5797220344003506e-19,2.296140134790399e-19
3.661,3.5361739825952497e-19,2.2689920737351763e-19
3.662,3.4931553795874943e-19,2.242164309370942e-19
3.663,3.4506597925680936e-19,2.215653071560212e-19
3.664,3.4086808668338457e-19,2.1894546344303595e-19
3.665,3.36721232483967e-19,2.163565315855353e-19
3.666,3.326247965262436e-19,2.1379814769435398e-19
3.667,3.2857816620761354e-19,2.1126995215314156e-19
3.668,3.24580736363827e-19,2.0877158956832969e-19
3.669,3.2063190917873165e-19,2.063027087196838e-19
3.67,3.167310940951134e-19,2.0386296251143177e-19
3.671,3.128777077266181e-19,2.0145200792396355e-19
3.672,3.090711737707412e-19,1.9906950596609424e-19
3.673,3.053109229228721e-19,1.967151216278848e-19
3.674,3.0159639279138153e-19,1.943885238340136e-19
3.675,2.979270278137373e-19,1.9208938539769227e-19
3.676,2.943022791736383e-19,1.8981738297511998e-19
3.677,2.9072160471915227e-19,1.8757219702046916e-19
3.678,2.8718446888184707e-19,1.8535351174139718e-19
3.679,2.8369034259690186e-19,1.831610150550776e-19
3.68,2.8023870322418723e-19,1.8099439854474473e-19
3.681,2.7682903447030237e-19,1.7885335741674577e-19
3.682,2.7346082631155747e-19,1.7673759045809472e-19
3.683,2.701335749178899e-19,1.746467999945219e-19
3.684,2.668467825777035e-19,1.7258069184901347e-19
3.685,2.6359995762361854e-19,1.7053897530083548e-19
3.686,2.6039261435912267e-19,1.6852136304503624e-19
3.687,2.572242729861111e-19,1.6652757115242205e-19
3.688,2.540944595333053e-19,1.645573190300004e-19
3.689,2.5100270578554015e-19,1.6261032938188537e-19
3.69,2.4794854921390817e-19,1.6068632817065963e-19
3.691,2.4493153290675105e-19,1.5878504457918814e-19
3.692,2.419512055014883e-19,1.569062109728778e-19
3.693,2.3900712111727215e-19,1.5504956286237813e-19
3.694,2.3609883928845947e-19,1.5321483886671797e-19
3.695,2.332259248988904e-19,1.514017806768727e-19
3.696,2.3038794811696414e-19,1.4961013301975742e-19
3.697,2.2758448433150185e-19,1.478396436226407e-19
3.698,2.2481511408838773e-19,1.4609006317797457e-19
3.699,2.22079423027978e-19,1.443611453086352e-19
3.7,2.1937700182326976e-19,1.4265264653357006e-19
3.701,2.1670744611881877e-19,1.4096432623384654e-19
3.702,2.1407035647039892e-19,1.392959466190974e-19
3.703,2.1146533828539292e-19,1.3764727269435857e-19
3.704,2.0889200176390638e-19,1.3601807222729435e-19
3.705,2.063499618405957e-19,1.3440811571580606e-19
3.706,2.0383883812720187e-19,1.3281717635601914e-19
3.707,2.0135825485578095e-19,1.312450300106446e-19
3.708,1.9890784082262337e-19,1.2969145517771043e-19
3.709,1.9648722933285317e-19,1.281562329596584e-19
3.71,1.9409605814569948e-19,1.266391470328025e-19
3.711,1.917339694204315e-19,1.2513998361714413e-19
3.712,1.8940060966294951e-19,1.2365853144654059e-19
3.713,1.870956296730237e-19,1.2219458173922222e-19
3.714,1.8481868449217262e-19,1.2074792816865433e-19
3.715,1.8256943335217438e-19,1.1931836683473997e-19
3.716,1.8034753962420188e-19,1.1790569623535935e-19
3.717,1.7815267076857545e-19,1.1650971723824234e-19
3.718,1.7598449828512465e-19,1.1513023305316965e-19
3.719,1.7384269766415248e-19,1.137670492044995e-19
3.72,1.7172694833799414e-19,1.124199735040152e-19
3.721,1.6963693363316362e-19,1.1108881602409088e-19
3.722,1.675723407230806e-19,1.0977338907117067e-19
3.723,1.6553286058137095e-19,1.0847350715955833e-19
3.724,1.635181879357336e-19,1.071889869855134e-19
3.725,1.6152802122236712e-19,1.0591964740165056e-19
3.726,1.595620625409491e-19,1.0466530939163838e-19
3.727,1.5762001761016179e-19,1.0342579604519406e-19
3.728,1.5570159572375703e-19,1.0220093253337085e-19
3.729,1.5380650970715442e-19,1.0099054608413454e-19
3.73,1.5193447587456588e-19,9.979446595822579e-20
3.731,1.5008521398664043e-19,9.861252342530489e-20
3.732,1.4825844720862263e-19,9.744455174037565e-20
3.733,1.464539020690189e-19,9.629038612048519e-20
3.734,1.4467130841876504e-19,9.514986372169649e-20
3.735,1.4291039939088936e-19,9.402282361633032e-20
3.736,1.4117091136066493e-19,9.290910677047364e-20
3.737,1.3945258390624546e-19,9.180855602175117e-20
3.738,1.3775515976977873e-19,9.072101605735709e-20
3.739,1.3607838481899173e-19,8.964633339234406e-20
3.74,1.344220080092419e-19,8.858435634816622e-20
3.741,1.3278578134602878e-19,8.753493503147336e-20
3.742,1.3116945984796067e-19,8.649792131315349e-20
3.743,1.2957280151017022e-19,8.547316880762052e-20
3.744,1.2799556726817437e-19,8.446053285234469e-20
3.745,1.2643752096217234e-19,8.345987048762239e-20
3.746,1.2489842930177715e-19,8.247104043658302e-20
3.747,1.2337806183117487e-19,8.14939030854299e-20
3.748,1.218761908947066e-19,8.052832046391248e-20
3.749,1.2039259160286824e-19,7.957415622602721e-20
3.75,1.1892704179872258e-19,7.863127563094456e-20
3.751,1.1747932202471908e-19,7.76995455241591e-20
3.752,1.1604921548991622e-19,7.677883431886061e-20
3.753,1.1463650803760154e-19,7.586901197752318e-20
3.754,1.132409881133047e-19,7.496994999371e-20
3.755,1.1186244673319846e-19,7.40815213740912e-20
3.756,1.1050067745288333e-19,7.320360062067236e-20
3.757,1.0915547633655084e-19,7.233606371323113e-20
3.758,1.0782664192652104e-19,7.14787880919596e-20
3.759,1.065139752131497e-19,7.063165264031e-20
3.76,1.0521727960510064e-19,6.979453766804126e-20
3.761,1.0393636089997877e-19,6.896732489446431e-20
3.762,1.0267102725531958e-19,6.814989743188354e-20
3.763,1.0142108915993056e-19,6.734213976923228e-20
3.764,1.0018635940558057e-19,6.654393775590005e-20
3.765,9.896665305903257e-20,6.575517858574925e-20
3.766,9.776178743441585e-20,6.497575078131908e-20
3.767,9.657158206593361e-20,6.420554417821463e-20
3.768,9.539585868090155e-20,6.344444990967883e-20
3.769,9.423444117311391e-20,6.269236039134519e-20
3.77,9.308715557653246e-20,6.19491693061692e-20
3.771,9.195383003929509e-20,6.121477158953638e-20
3.772,9.083429479803957e-20,6.048906341454474e-20
3.773,8.972838215253912e-20,5.97719421774598e-20
3.774,8.863592644064568e-20,5.906330648334007e-20
3.775,8.755676401353735e-20,5.836305613183098e-20
3.776,8.64907332112663e-20,5.767109210312526e-20
3.777,8.543767433860318e-20,5.698731654408806e-20
3.778,8.43974296411751e-20,5.631163275454448e-20
3.779,8.33698432818929e-20,5.564394517372796e-20
3.78,8.235476131766463e-20,5.498415936688757e-20
3.781,8.13520316763917e-20,5.433218201205216e-20
3.782,8.036150413424419e-20,5.368792088694977e-20
3.783,7.938303029321198e-20,5.305128485608042e-20
3.784,7.841646355892831e-20,5.242218385794033e-20
3.785,7.746165911876265e-20,5.1800528892396076e-20
3.786,7.651847392017929e-20,5.1186232008206684e-20
3.787,7.558676664935872e-20,5.0579206290692054e-20
3.788,7.466639771007848e-20,4.9979365849545986e-20
3.789,7.375722920285033e-20,4.9386625806792116e-20
3.79,7.285912490431067e-20,4.8800902284881074e-20
3.791,7.197195024686119e-20,4.822211239492721e-20
3.792,7.109557229855646e-20,4.7650174225083315e-20
3.793,7.022985974323589e-20,4.7085006829051625e-20
3.794,6.937468286089666e-20,4.65265302147296e-20
3.795,6.852991350830507e-20,4.597466533298889e-20
3.796,6.769542509984308e-20,4.542933406658582e-20
3.797,6.687109258858743e-20,4.4890459219202086e-20
3.798,6.605679244761848e-20,4.4357964504613866e-20
3.799,6.525240265155587e-20,4.383177453598807e-20
3.8,6.445780265831833e-20,4.33118148153041e-20
3.801,6.367287339110499e-20,4.2798011722899695e-20
3.802,6.289749722059533e-20,4.2290292507139486e-20
3.803,6.213155794736525e-20,4.178858527420465e-20
3.804,6.13749407845166e-20,4.1292818978002457e-20
3.805,6.062753234051766e-20,4.0802923410194124e-20
3.806,5.988922060225175e-20,4.0318829190339705e-20
3.807,5.915989491827183e-20,3.984046775615861e-20
3.808,5.843944598225825e-20,3.936777135390441e-20
3.809,5.772776581667741e-20,3.8900673028852556e-20
3.81,5.702474775663874e-20,3.843910661589976e-20
3.811,5.633028643394774e-20,3.7983006730273645e-20
3.812,5.564427776135254e-20,3.753230875835146e-20
3.813,5.49666189169818e-20,3.708694884858652e-20
3.814,5.429720832897143e-20,3.6646863902541137e-20
3.815,5.3635945660278104e-20,3.6211991566024795e-20
3.816,5.298273179367703e-20,3.578227022033634e-20
3.817,5.2337468816941914e-20,3.5357638973608933e-20
3.818,5.170006000820485e-20,3.4938037652256636e-20
3.819,5.1070409821493963e-20,3.452340679252136e-20
3.82,5.044842387244661e-20,3.411368763211907e-20
3.821,4.983400892419611e-20,3.3708822101984e-20
3.822,4.922707287342976e-20,3.330875281810987e-20
3.823,4.8627524736616186e-20,3.29134230734868e-20
3.824,4.8035274636399874e-20,3.2522776830132914e-20
3.825,4.745023378816093e-20,3.213675871121951e-20
3.826,4.6872314486738014e-20,3.1755313993288676e-20
3.827,4.63014300933125e-20,3.137838859856228e-20
3.828,4.573749502245186e-20,3.1005929087341223e-20
3.829,4.518042472931041e-20,3.0637882650494035e-20
3.83,4.463013569698544e-20,3.027419710203358e-20
3.831,4.40865454240269e-20,2.991482087178095e-20
3.832,4.3549572412098716e-20,2.9559702998115564e-20
3.833,4.301913615378997e-20,2.9208793120810323e-20
3.834,4.249515712057404e-20,2.886204147395096e-20
3.835,4.197755675091401e-20,2.8519398878938537e-20
3.836,4.146625743851247e-20,2.818081673757411e-20
3.837,4.096118252070401e-20,2.7846247025224646e-20
3.838,4.046225626698869e-20,2.751564228406914e-20
3.839,3.996940386770472e-20,2.718895561642417e-20
3.84,3.9482551422838703e-20,2.6866140678147733e-20
3.841,3.900162593097179e-20,2.6547151672120667e-20
3.842,3.852655527836004e-20,2.6231943341804554e-20
3.843,3.8057268228147354e-20,2.592047096487537e-20
3.844,3.759369440970951e-20,2.5612690346931883e-20
3.845,3.713576430812747e-20,2.530855781527799e-20
3.846,3.6683409253788635e-20,2.5008030212778087e-20
3.847,3.623656141211435e-20,2.4711064891784628e-20
3.848,3.57951537734121e-20,2.4417619708137046e-20
3.849,3.5359120142851046e-20,2.4127653015231165e-20
3.85,3.492839513055924e-20,2.384112365815831e-20
3.851,3.450291414184113e-20,2.355799096791328e-20
3.852,3.408261336751383e-20,2.327821475567038e-20
3.853,3.366742977436083e-20,2.300175530712671e-20
3.854,3.325730109570156e-20,2.272857337691194e-20
3.855,3.2852165822075577e-20,2.245863018306377e-20
3.856,3.2451963192039785e-20,2.2191887401568324e-20
3.857,3.205663318307754e-20,2.19283071609647e-20
3.858,3.1666116502618074e-20,2.166785203701294e-20
3.859,3.1280354579165054e-20,2.1410485047424658e-20
3.86,3.089928955353286e-20,2.1156169646655613e-20
3.861,3.052286427018931e-20,2.090486972075949e-20
3.862,3.0151022268703524e-20,2.0656549582302165e-20
3.863,2.9783707775297693e-20,2.041117396533575e-20
3.864,2.942086569450144e-20,2.0168708020431737e-20
3.865,2.9062441600907513e-20,1.9929117309772507e-20
3.866,2.870838173102769e-20,1.9692367802300553e-20
3.867,2.8358632975247545e-20,1.945842586892473e-20
3.868,2.801314286987895e-20,1.9227258277782875e-20
3.869,2.767185958930912e-20,1.8998832189560097e-20
3.87,2.733473193824502e-20,1.877311515286213e-20
3.871,2.700170934405197e-20,1.85500750996431e-20
3.872,2.6672741849185307e-20,1.8329680340687007e-20
3.873,2.6347780103713983e-20,1.8111899561142393e-20
3.874,2.6026775357935006e-20,1.7896701816109477e-20
3.875,2.5709679455077535e-20,1.7684056526279192e-20
3.876,2.5396444824095664e-20,1.7473933473623523e-20
3.877,2.508702447254871e-20,1.72663027971365e-20
3.878,2.4781371979568008e-20,1.70611349886253e-20
3.879,2.4479441488909133e-20,1.6858400888550833e-20
3.88,2.4181187702088527e-20,1.6658071681917252e-20
3.881,2.3886565871603503e-20,1.646011889420982e-20
3.882,2.3595531794234596e-20,1.6264514387380534e-20
3.883,2.3308041804429297e-20,1.6071230355880987e-20
3.884,2.302405276776615e-20,1.5880239322741878e-20
3.885,2.2743522074498243e-20,1.5691514135698643e-20
3.886,2.2466407633175153e-20,1.5505027963362672e-20
3.887,2.2192667864342354e-20,1.5320754291437553e-20
3.888,2.1922261694317175e-20,1.513866691897983e-20
3.889,2.165514854904038e-20,1.4958739954703752e-20
3.89,2.1391288348002428e-20,1.478094781332951e-20
3.891,2.1130641498243534e-20,1.46052652119744e-20
3.892,2.0873168888426605e-20,1.4431667166586502e-20
3.893,2.0618831882982214e-20,1.4260128988420255e-20
3.894,2.0367592316324672e-20,1.4090626280553554e-20
3.895,2.0119412487138402e-20,1.3923134934445802e-20
3.896,1.98742551527337e-20,1.3757631126536477e-20
3.897,1.9632083523471085e-20,1.3594091314883694e-20
3.898,1.9392861257253408e-20,1.3432492235842377e-20
3.899,1.9156552454084834e-20,1.3272810900781466e-20
3.9,1.892312165069598e-20,1.3115024592839794e-20
3.901,1.869253381523432e-20,1.295911086372013e-20
3.902,1.8464754342019122e-20,1.280504753052095e-20
3.903,1.82397490463601e-20,1.2652812672605503e-20
3.904,1.801748415943903e-20,1.2502384628507727e-20
3.905,1.779792632325355e-20,1.2353741992874578e-20
3.906,1.7581042585622386e-20,1.2206863613444346e-20
3.907,1.7366800395251295e-20,1.2061728588060557e-20
3.908,1.7155167596858913e-20,1.1918316261721e-20
3.909,1.6946112426361874e-20,1.1776606223661512e-20
3.91,1.6739603506118406e-20,1.1636578304474077e-20
3.911,1.6535609840229723e-20,1.149821257325887e-20
3.912,1.6334100809898516e-20,1.1361489334809802e-20
3.913,1.613504616884385e-20,1.1226389126833228e-20
3.914,1.5938416038771748e-20,1.1092892717199382e-20
3.915,1.574418090490084e-20,1.0960981101226174e-20
3.916,1.5552311611542382e-20,1.0830635498994979e-20
3.917,1.536277935773395e-20,1.070183735269802e-20
3.918,1.5175555692926234e-20,1.0574568324016982e-20
3.919,1.4990612512722218e-20,1.0448810291532511e-20
3.92,1.480792205466814e-20,1.0324545348164194e-20
3.921,1.462745689409561e-20,1.02017557986407e-20
3.922,1.4449189940014242e-20,1.0080424156999719e-20
3.923,1.42730944310542e-20,9.960533144117314e-21
3.924,1.4099143931458063e-20,9.84206568526641e-21
3.925,1.3927312327121383e-20,9.725004907703996e-21
3.926,1.375757382168136e-20,9.609334138286784e-21
3.927,1.3589902932653068e-20,9.495036901114911e-21
3.928,1.3424274487612604e-20,9.382096915203426e-21
3.929,1.3260663620426651e-20,9.270498092181187e-21
3.93,1.3099045767527849e-20,9.160224534016863e-21
3.931,1.2939396664235423e-20,9.051260530771731e-21
3.932,1.2781692341120546e-20,8.943590558378933e-21
3.933,1.262590912041585e-20,8.837199276448904e-21
3.934,1.2472023612468599e-20,8.732071526100643e-21
3.935,1.232001271223694e-20,8.628192327818539e-21
3.936,1.2169853595828757e-20,8.525546879334446e-21
3.937,1.2021523717082576e-20,8.424120553534706e-21
3.938,1.1875000804190036e-20,8.323898896391832e-21
3.939,1.1730262856359396e-20,8.224867624920567e-21
3.94,1.1587288140519607e-20,8.127012625158007e-21
3.941,1.1446055188064425e-20,8.030319950167556e-21
3.942,1.1306542791636114e-20,7.934775818066357e-21
3.943,1.1168730001948226e-20,7.840366610076012e-21
3.944,1.1032596124647e-20,7.747078868596233e-21
3.945,1.0898120717210918e-20,7.65489929530122e-21
3.946,1.0765283585887926e-20,7.563814749258461e-21
3.947,1.06340647826699e-20,7.473812245069702e-21
3.948,1.0504444602303875e-20,7.384878951033823e-21
3.949,1.0376403579339606e-20,7.297002187331377e-21
3.95,1.0249922485213006e-20,7.210169424230512e-21
3.951,1.0124982325365048e-20,7.124368280314042e-21
3.952,1.0001564336395676e-20,7.039586520727428e-21
3.953,9.879649983252315e-21,6.955812055447384e-21
3.954,9.75922095645255e-21,6.873032937570913e-21
3.955,9.64025916934057e-21,6.791237361624504e-21
3.956,9.522746755376958e-21,6.710413661893261e-21
3.957,9.406666065461416e-21,6.6305503107697155e-21
3.958,9.291999665288056e-21,6.551635917122132e-21
3.959,9.178730332732812e-21,6.47365922468202e-21
3.96,9.066841055272626e-21,6.396609110450676e-21
3.961,8.956315027436003e-21,6.3204745831244994e-21
3.962,8.847135648284552e-21,6.245244781538882e-21
3.963,8.739286518925152e-21,6.1709089731304385e-21
3.964,8.632751440052341e-21,6.097456552417371e-21
3.965,8.527514409520606e-21,6.024877039497754e-21
3.966,8.423559619946159e-21,5.953160078565517e-21
3.967,8.32087145633788e-21,5.8822954364439375e-21
3.968,8.219434493757065e-21,5.812273001136418e-21
3.969,8.119233495005608e-21,5.74308278039436e-21
3.97,8.020253408342297e-21,5.674714900301917e-21
3.971,7.922479365226872e-21,5.607159603877447e-21
3.972,7.825896678091502e-21,5.540407249691452e-21
3.973,7.730490838139359e-21,5.47444831050082e-21
3.974,7.636247513169959e-21,5.4092733718991725e-21
3.975,7.543152545430927e-21,5.34487313098313e-21
3.976,7.451191949495893e-21,5.2812383950343125e-21
3.977,7.360351910168178e-21,5.218360080216879e-21
3.978,7.270618780409966e-21,5.156229210290435e-21
3.979,7.181979079296661e-21,5.094836915338119e-21
3.98,7.0944194899961e-21,5.034174430509696e-21
3.981,7.007926857772352e-21,4.974233094779469e-21
3.982,6.922488188013758e-21,4.915004349718855e-21
3.983,6.838090644284987e-21,4.856479738283433e-21
3.984,6.754721546402733e-21,4.798650903614298e-21
3.985,6.672368368534833e-21,4.7415095878535705e-21
3.986,6.5910187373224936e-21,4.685047630973861e-21
3.987,6.510660430025338e-21,4.62925696962156e-21
3.988,6.4312813726890165e-21,4.574129635973767e-21
3.989,6.35286963833509e-21,4.519657756608713e-21
3.99,6.275413445172924e-21,4.465833551389504e-21
3.991,6.1989011548333235e-21,4.412649332361039e-21
3.992,6.123321270623644e-21,4.360097502659946e-21
3.993,6.048662435804119e-21,4.308170555437377e-21
3.994,5.974913431885145e-21,4.256861072794516e-21
3.995,5.902063176945271e-21,4.206161724730654e-21
3.996,5.830100723969636e-21,4.156065268103665e-21
3.997,5.759015259208616e-21,4.1065645456027664e-21
3.998,5.688796100556421e-21,4.057652484733386e-21
3.999,5.619432695949416e-21,4.009322096814026e-21
4.0,5.550914621783912e-21,3.961566475984949e-21
